source_path	destination_path	type	mode	mtime_ns	size	sha256	symlink_target	action	classification	reason	encoded
	.gitattributes	file	0664	0	166	389d426104ef3c51ce03a1f02609fb86b0a9363ce5047e872938e213555955a3		generate	collection-metadata		{}
	.record/intake.json	file	0664	0	132607	ed53d6f0f1af2a62a4eb1cd92047e03d7d6c2975eacb6ade36fa2674dce64e54		generate	collection-metadata		{}
	README.md	file	0664	0	3416	3a5d0a03ce87fd9818d823628c2a3ff2be1ec1eae8917c77ddbe8531016f41e0		generate	collection-metadata		{}
docs/confirmation-provenance.md	docs/confirmation-provenance.md	file	0644	0	3574	9f14b424a4d13c5db8d2244331361b47eed6b842e275e20b5a525e5064905150		copy	source-evidence		"{""archive_timestamp"":[2026,9,24,15,52,2],""source_path"":""docs/confirmation-provenance.md"",""source_sha256"":""9f14b424a4d13c5db8d2244331361b47eed6b842e275e20b5a525e5064905150"",""source_size"":3574}"
docs/running-reproducers.md	docs/running-reproducers.md	file	0644	0	17051	ed5c3a295ae156ebdc207f2b901aaa71ff6db8c8cf0120e00f4e5a3015f41c41		copy	source-evidence		"{""archive_timestamp"":[2026,9,24,15,33,58],""source_path"":""docs/running-reproducers.md"",""source_sha256"":""ed5c3a295ae156ebdc207f2b901aaa71ff6db8c8cf0120e00f4e5a3015f41c41"",""source_size"":17051}"
findings/AST-01-ext2-buffered-write-prefix/finding.md	findings/AST-01-ext2-buffered-write-prefix/finding.md	file	0644	0	8453	89aa65082cb7745c11f8437d5edd23d74cabee388e2b249e8be8bb6e3671d887		copy	source-evidence		"{""archive_timestamp"":[2026,9,24,15,14,56],""source_path"":""findings/AST-01-ext2-buffered-write-prefix/finding.md"",""source_sha256"":""89aa65082cb7745c11f8437d5edd23d74cabee388e2b249e8be8bb6e3671d887"",""source_size"":8453}"
findings/AST-01-ext2-buffered-write-prefix/meta.json	findings/AST-01-ext2-buffered-write-prefix/meta.json	file	0644	0	4979	b5f8b1fbe2499176262c94cf1b453974f3e87c5163c0e032eb7cb79ed3ef43d5		copy	source-evidence		"{""archive_timestamp"":[2026,9,24,15,52,8],""source_path"":""findings/AST-01-ext2-buffered-write-prefix/meta.json"",""source_sha256"":""b5f8b1fbe2499176262c94cf1b453974f3e87c5163c0e032eb7cb79ed3ef43d5"",""source_size"":4979}"
findings/AST-01-ext2-buffered-write-prefix/repro/README.md	findings/AST-01-ext2-buffered-write-prefix/repro/README.md	file	0644	0	2530	c3097dce8ab7b72701acec00385b292921c4ae509d7d155be1beee80a69360d0		copy	source-evidence		"{""archive_timestamp"":[2026,9,24,15,15,18],""source_path"":""findings/AST-01-ext2-buffered-write-prefix/repro/README.md"",""source_sha256"":""c3097dce8ab7b72701acec00385b292921c4ae509d7d155be1beee80a69360d0"",""source_size"":2530}"
findings/AST-01-ext2-buffered-write-prefix/repro/repro.c	findings/AST-01-ext2-buffered-write-prefix/repro/repro.c	file	0644	0	9655	e189d151eed2509b555c71dd214ae556e43eaba530630667d7e6491076acfa52		copy	source-evidence		"{""archive_timestamp"":[2026,9,24,15,12,40],""source_path"":""findings/AST-01-ext2-buffered-write-prefix/repro/repro.c"",""source_sha256"":""e189d151eed2509b555c71dd214ae556e43eaba530630667d7e6491076acfa52"",""source_size"":9655}"
findings/AST-01-ext2-buffered-write-prefix/repro/run.sh	findings/AST-01-ext2-buffered-write-prefix/repro/run.sh	file	0755	0	375	7958a63e48679aa5705f87147f94abf65bbe94a3ff92569d8040026c9bfc5f85		copy	source-evidence		"{""archive_timestamp"":[2026,9,24,15,12,40],""source_path"":""findings/AST-01-ext2-buffered-write-prefix/repro/run.sh"",""source_sha256"":""7958a63e48679aa5705f87147f94abf65bbe94a3ff92569d8040026c9bfc5f85"",""source_size"":375}"
findings/AST-01-ext2-buffered-write-prefix/repro/variants/GLM-MC-1/README.md	findings/AST-01-ext2-buffered-write-prefix/repro/variants/GLM-MC-1/README.md	file	0644	0	3324	c70d08494cc035a21cfd399e0ddd9f0249dddf212cacbc04c6557500049e842c		copy	source-evidence		"{""archive_timestamp"":[2026,9,24,15,32,56],""source_path"":""findings/AST-01-ext2-buffered-write-prefix/repro/variants/GLM-MC-1/README.md"",""source_sha256"":""c70d08494cc035a21cfd399e0ddd9f0249dddf212cacbc04c6557500049e842c"",""source_size"":3324}"
findings/AST-01-ext2-buffered-write-prefix/repro/variants/GLM-MC-1/glm-autotest-targets.patch	findings/AST-01-ext2-buffered-write-prefix/repro/variants/GLM-MC-1/glm-autotest-targets.patch	file	0644	0	1722	cca115e21a52c1cb136f6ed413ceef0f6c2a354bcaa6666d3a6c6f1c8964d85e		copy	source-evidence		"{""archive_timestamp"":[2026,9,24,15,26,46],""source_path"":""findings/AST-01-ext2-buffered-write-prefix/repro/variants/GLM-MC-1/glm-autotest-targets.patch"",""source_sha256"":""cca115e21a52c1cb136f6ed413ceef0f6c2a354bcaa6666d3a6c6f1c8964d85e"",""source_size"":1722}"
findings/AST-01-ext2-buffered-write-prefix/repro/variants/GLM-MC-1/specula_repro_mc1.sh	findings/AST-01-ext2-buffered-write-prefix/repro/variants/GLM-MC-1/specula_repro_mc1.sh	file	0755	0	81	55ba31e3b41ec986d823a470d6d0b5901f6982e4c54edebc27c8a95ddd3f0ecf		copy	source-evidence		"{""archive_timestamp"":[2026,9,24,15,26,46],""source_path"":""findings/AST-01-ext2-buffered-write-prefix/repro/variants/GLM-MC-1/specula_repro_mc1.sh"",""source_sha256"":""55ba31e3b41ec986d823a470d6d0b5901f6982e4c54edebc27c8a95ddd3f0ecf"",""source_size"":81}"
findings/AST-01-ext2-buffered-write-prefix/repro/variants/GLM-MC-1/test_bugMC-1_readv_prefix_fault.c	findings/AST-01-ext2-buffered-write-prefix/repro/variants/GLM-MC-1/test_bugMC-1_readv_prefix_fault.c	file	0644	0	15581	da3c25d477cd27cffb196329e274f990f436ae66df349d413c88c0953436f976		copy	source-evidence		"{""archive_timestamp"":[2026,9,24,15,26,46],""source_path"":""findings/AST-01-ext2-buffered-write-prefix/repro/variants/GLM-MC-1/test_bugMC-1_readv_prefix_fault.c"",""source_sha256"":""da3c25d477cd27cffb196329e274f990f436ae66df349d413c88c0953436f976"",""source_size"":15581}"
findings/AST-02-ramfs-size-publication/finding.md	findings/AST-02-ramfs-size-publication/finding.md	file	0644	0	8235	e1f7d88e5daf2642df51075e13e08fcdd62ac94a23f10e02c7e8fc33122cdcd5		copy	source-evidence		"{""archive_timestamp"":[2026,9,24,15,17,8],""source_path"":""findings/AST-02-ramfs-size-publication/finding.md"",""source_sha256"":""e1f7d88e5daf2642df51075e13e08fcdd62ac94a23f10e02c7e8fc33122cdcd5"",""source_size"":8235}"
findings/AST-02-ramfs-size-publication/meta.json	findings/AST-02-ramfs-size-publication/meta.json	file	0644	0	5620	2e5a00ba896bd1149e3cdafeebc213c1e5420ba01619455b062e84acc8a5bb7c		copy	source-evidence		"{""archive_timestamp"":[2026,9,24,15,52,8],""source_path"":""findings/AST-02-ramfs-size-publication/meta.json"",""source_sha256"":""2e5a00ba896bd1149e3cdafeebc213c1e5420ba01619455b062e84acc8a5bb7c"",""source_size"":5620}"
findings/AST-02-ramfs-size-publication/repro/README.md	findings/AST-02-ramfs-size-publication/repro/README.md	file	0644	0	3476	a156f8f7cfa08467d7fa1daa32fc6e894737cdbc24fe904ba40519e6e8999f5a		copy	source-evidence		"{""archive_timestamp"":[2026,9,24,15,31,30],""source_path"":""findings/AST-02-ramfs-size-publication/repro/README.md"",""source_sha256"":""a156f8f7cfa08467d7fa1daa32fc6e894737cdbc24fe904ba40519e6e8999f5a"",""source_size"":3476}"
findings/AST-02-ramfs-size-publication/repro/empty_write-regression-pr3875.patch	findings/AST-02-ramfs-size-publication/repro/empty_write-regression-pr3875.patch	file	0644	0	5407	1b2e58fc056acb10b821142a375cf1984f04de77971aa38a56589f66b062dc21		copy	source-evidence		"{""archive_timestamp"":[2026,9,24,15,12,52],""source_path"":""findings/AST-02-ramfs-size-publication/repro/empty_write-regression-pr3875.patch"",""source_sha256"":""1b2e58fc056acb10b821142a375cf1984f04de77971aa38a56589f66b062dc21"",""source_size"":5407}"
findings/AST-02-ramfs-size-publication/repro/min_ast02.c	findings/AST-02-ramfs-size-publication/repro/min_ast02.c	file	0644	0	1741	54f3228b31c21ba35ad87c911e7547e0e68a474c89896e3931f2e68ccbdedb58		copy	source-evidence		"{""archive_timestamp"":[2026,9,24,15,12,40],""source_path"":""findings/AST-02-ramfs-size-publication/repro/min_ast02.c"",""source_sha256"":""54f3228b31c21ba35ad87c911e7547e0e68a474c89896e3931f2e68ccbdedb58"",""source_size"":1741}"
findings/AST-02-ramfs-size-publication/repro/repro.c	findings/AST-02-ramfs-size-publication/repro/repro.c	file	0644	0	9011	3569d0baecc0bc33a37c9a7b395f2ae72b22143d6ae300bd73ddb2a2bb759d2f		copy	source-evidence		"{""archive_timestamp"":[2026,9,24,15,12,40],""source_path"":""findings/AST-02-ramfs-size-publication/repro/repro.c"",""source_sha256"":""3569d0baecc0bc33a37c9a7b395f2ae72b22143d6ae300bd73ddb2a2bb759d2f"",""source_size"":9011}"
findings/AST-02-ramfs-size-publication/repro/run.sh	findings/AST-02-ramfs-size-publication/repro/run.sh	file	0755	0	359	ee9644bb848c11264141208506ecf39848d510bc35534dc996bddcc0e63578e2		copy	source-evidence		"{""archive_timestamp"":[2026,9,24,15,12,40],""source_path"":""findings/AST-02-ramfs-size-publication/repro/run.sh"",""source_sha256"":""ee9644bb848c11264141208506ecf39848d510bc35534dc996bddcc0e63578e2"",""source_size"":359}"
findings/AST-02-ramfs-size-publication/repro/variants/01b-MC-6/README.md	findings/AST-02-ramfs-size-publication/repro/variants/01b-MC-6/README.md	file	0644	0	3370	2ee68fa3eb5bee3b50033fa66948c00f8ef7e6dab4bdbe9b54b2959f65f7ee2a		copy	source-evidence		"{""archive_timestamp"":[2026,9,24,15,33,4],""source_path"":""findings/AST-02-ramfs-size-publication/repro/variants/01b-MC-6/README.md"",""source_sha256"":""2ee68fa3eb5bee3b50033fa66948c00f8ef7e6dab4bdbe9b54b2959f65f7ee2a"",""source_size"":3370}"
findings/AST-02-ramfs-size-publication/repro/variants/01b-MC-6/fix-mc6-ramfs-zero-count-pwrite.patch	findings/AST-02-ramfs-size-publication/repro/variants/01b-MC-6/fix-mc6-ramfs-zero-count-pwrite.patch	file	0644	0	1600	13e5d6c33cda43827ac6ea9d19ed2ff6e3f295b12a74edbb399201ac1eda159c		copy	source-evidence		"{""archive_timestamp"":[2026,9,24,15,26,36],""source_path"":""findings/AST-02-ramfs-size-publication/repro/variants/01b-MC-6/fix-mc6-ramfs-zero-count-pwrite.patch"",""source_sha256"":""13e5d6c33cda43827ac6ea9d19ed2ff6e3f295b12a74edbb399201ac1eda159c"",""source_size"":1600}"
findings/AST-02-ramfs-size-publication/repro/variants/01b-MC-6/test_bugMC-6_init.c	findings/AST-02-ramfs-size-publication/repro/variants/01b-MC-6/test_bugMC-6_init.c	file	0644	0	939	bdd2d2a88657ff81569154697d4698b57b9ecae7f010fb1a76c17eee7393234c		copy	source-evidence		"{""archive_timestamp"":[2026,9,24,15,26,36],""source_path"":""findings/AST-02-ramfs-size-publication/repro/variants/01b-MC-6/test_bugMC-6_init.c"",""source_sha256"":""bdd2d2a88657ff81569154697d4698b57b9ecae7f010fb1a76c17eee7393234c"",""source_size"":939}"
findings/AST-02-ramfs-size-publication/repro/variants/01b-MC-6/test_bugMC-6_ramfs_empty_pwrite.c	findings/AST-02-ramfs-size-publication/repro/variants/01b-MC-6/test_bugMC-6_ramfs_empty_pwrite.c	file	0644	0	3750	9e8eead34e18ad6ebcb0035461cc964862217d64fccd71112c4f20a63a07e3ba		copy	source-evidence		"{""archive_timestamp"":[2026,9,24,15,26,36],""source_path"":""findings/AST-02-ramfs-size-publication/repro/variants/01b-MC-6/test_bugMC-6_ramfs_empty_pwrite.c"",""source_sha256"":""9e8eead34e18ad6ebcb0035461cc964862217d64fccd71112c4f20a63a07e3ba"",""source_size"":3750}"
findings/AST-02-ramfs-size-publication/repro/variants/01b-MC-6/test_bugMC-6_run.sh	findings/AST-02-ramfs-size-publication/repro/variants/01b-MC-6/test_bugMC-6_run.sh	file	0755	0	2095	613f40f01fb38a7233499cca33c0f315c6af16a261215d1cbaed0dd07405b6f4		copy	source-evidence		"{""archive_timestamp"":[2026,9,24,15,26,36],""source_path"":""findings/AST-02-ramfs-size-publication/repro/variants/01b-MC-6/test_bugMC-6_run.sh"",""source_sha256"":""613f40f01fb38a7233499cca33c0f315c6af16a261215d1cbaed0dd07405b6f4"",""source_size"":2095}"
findings/AST-02-ramfs-size-publication/repro/variants/01b-MC-6/verify-mc6-fix.sh	findings/AST-02-ramfs-size-publication/repro/variants/01b-MC-6/verify-mc6-fix.sh	file	0755	0	2072	04e337595277f6c36a7fa6890a84fb6c99854642cdb9fb483733fd01c0151100		copy	source-evidence		"{""archive_timestamp"":[2026,9,24,15,26,36],""source_path"":""findings/AST-02-ramfs-size-publication/repro/variants/01b-MC-6/verify-mc6-fix.sh"",""source_sha256"":""04e337595277f6c36a7fa6890a84fb6c99854642cdb9fb483733fd01c0151100"",""source_size"":2072}"
findings/AST-02-ramfs-size-publication/repro/variants/01b-MC-8/README.md	findings/AST-02-ramfs-size-publication/repro/variants/01b-MC-8/README.md	file	0644	0	2247	6db444690566dd45b56941af4d41e1408d0dfdbd946b66ef20c3f2e6ed404575		copy	source-evidence		"{""archive_timestamp"":[2026,9,24,15,32,56],""source_path"":""findings/AST-02-ramfs-size-publication/repro/variants/01b-MC-8/README.md"",""source_sha256"":""6db444690566dd45b56941af4d41e1408d0dfdbd946b66ef20c3f2e6ed404575"",""source_size"":2247}"
findings/AST-02-ramfs-size-publication/repro/variants/01b-MC-8/test_bugMC-8_ramfs_efault_extent.c	findings/AST-02-ramfs-size-publication/repro/variants/01b-MC-8/test_bugMC-8_ramfs_efault_extent.c	file	0644	0	5540	cf52efb3216c2521558f68cbfb409d0111a166e6de1e4dc3accc3cea0dc2b2d9		copy	source-evidence		"{""archive_timestamp"":[2026,9,24,15,26,36],""source_path"":""findings/AST-02-ramfs-size-publication/repro/variants/01b-MC-8/test_bugMC-8_ramfs_efault_extent.c"",""source_sha256"":""cf52efb3216c2521558f68cbfb409d0111a166e6de1e4dc3accc3cea0dc2b2d9"",""source_size"":5540}"
findings/AST-02-ramfs-size-publication/repro/variants/01b-MC-8/test_bugMC-8_run.sh	findings/AST-02-ramfs-size-publication/repro/variants/01b-MC-8/test_bugMC-8_run.sh	file	0755	0	3167	38fb8cebbd8c3c83146237facfc75081338fa60038c12477d5c89afa98b11f94		copy	source-evidence		"{""archive_timestamp"":[2026,9,24,15,26,36],""source_path"":""findings/AST-02-ramfs-size-publication/repro/variants/01b-MC-8/test_bugMC-8_run.sh"",""source_sha256"":""38fb8cebbd8c3c83146237facfc75081338fa60038c12477d5c89afa98b11f94"",""source_size"":3167}"
findings/AST-02-ramfs-size-publication/repro/variants/GLM-MC-3/README.md	findings/AST-02-ramfs-size-publication/repro/variants/GLM-MC-3/README.md	file	0644	0	2609	4167607365b64549478775bb60d46f644a7c10053302f697d357c8a1df22eeaa		copy	source-evidence		"{""archive_timestamp"":[2026,9,24,15,31,18],""source_path"":""findings/AST-02-ramfs-size-publication/repro/variants/GLM-MC-3/README.md"",""source_sha256"":""4167607365b64549478775bb60d46f644a7c10053302f697d357c8a1df22eeaa"",""source_size"":2609}"
findings/AST-02-ramfs-size-publication/repro/variants/GLM-MC-3/glm-autotest-targets.patch	findings/AST-02-ramfs-size-publication/repro/variants/GLM-MC-3/glm-autotest-targets.patch	file	0644	0	1722	cca115e21a52c1cb136f6ed413ceef0f6c2a354bcaa6666d3a6c6f1c8964d85e		copy	source-evidence		"{""archive_timestamp"":[2026,9,24,15,30,20],""source_path"":""findings/AST-02-ramfs-size-publication/repro/variants/GLM-MC-3/glm-autotest-targets.patch"",""source_sha256"":""cca115e21a52c1cb136f6ed413ceef0f6c2a354bcaa6666d3a6c6f1c8964d85e"",""source_size"":1722}"
findings/AST-02-ramfs-size-publication/repro/variants/GLM-MC-3/run_mc3_repro.sh	findings/AST-02-ramfs-size-publication/repro/variants/GLM-MC-3/run_mc3_repro.sh	file	0755	0	1211	3799bb56607ed65e7e0b8b4850eefb9b800a17d871f29f5d76361f52f6847dfd		copy	source-evidence		"{""archive_timestamp"":[2026,9,24,15,26,46],""source_path"":""findings/AST-02-ramfs-size-publication/repro/variants/GLM-MC-3/run_mc3_repro.sh"",""source_sha256"":""3799bb56607ed65e7e0b8b4850eefb9b800a17d871f29f5d76361f52f6847dfd"",""source_size"":1211}"
findings/AST-02-ramfs-size-publication/repro/variants/GLM-MC-3/test_bugMC-3_prepublished_write_eof.c	findings/AST-02-ramfs-size-publication/repro/variants/GLM-MC-3/test_bugMC-3_prepublished_write_eof.c	file	0644	0	10657	42fc8f659b7ce6043fbe953eb12a351c29a95a44a3b5d562bd0b921ab2a377aa		copy	source-evidence		"{""archive_timestamp"":[2026,9,24,15,26,46],""source_path"":""findings/AST-02-ramfs-size-publication/repro/variants/GLM-MC-3/test_bugMC-3_prepublished_write_eof.c"",""source_sha256"":""42fc8f659b7ce6043fbe953eb12a351c29a95a44a3b5d562bd0b921ab2a377aa"",""source_size"":10657}"
findings/AST-03-vector-atomicity/finding.md	findings/AST-03-vector-atomicity/finding.md	file	0644	0	7226	270d7647c75bf9a1a52fd3775ca8d1e6b14f556a658dc7c123479b5d0fcd2cce		copy	source-evidence		"{""archive_timestamp"":[2026,9,24,15,19,0],""source_path"":""findings/AST-03-vector-atomicity/finding.md"",""source_sha256"":""270d7647c75bf9a1a52fd3775ca8d1e6b14f556a658dc7c123479b5d0fcd2cce"",""source_size"":7226}"
findings/AST-03-vector-atomicity/meta.json	findings/AST-03-vector-atomicity/meta.json	file	0644	0	4321	7b8a05181242d7f10850b16293e6cc78826cb824dbb9ac7d446aefe30fa076e5		copy	source-evidence		"{""archive_timestamp"":[2026,9,24,15,52,8],""source_path"":""findings/AST-03-vector-atomicity/meta.json"",""source_sha256"":""7b8a05181242d7f10850b16293e6cc78826cb824dbb9ac7d446aefe30fa076e5"",""source_size"":4321}"
findings/AST-03-vector-atomicity/repro/README.md	findings/AST-03-vector-atomicity/repro/README.md	file	0644	0	2383	98789158bdff28838d0c809d58a66fb09826f2ac391ed5b5a64e1224a4575350		copy	source-evidence		"{""archive_timestamp"":[2026,9,24,15,19,54],""source_path"":""findings/AST-03-vector-atomicity/repro/README.md"",""source_sha256"":""98789158bdff28838d0c809d58a66fb09826f2ac391ed5b5a64e1224a4575350"",""source_size"":2383}"
findings/AST-03-vector-atomicity/repro/repro.c	findings/AST-03-vector-atomicity/repro/repro.c	file	0644	0	15196	1246d20e81661987045f56ed1f513c6cf43731cee4be160f00096153fe6c62de		copy	source-evidence		"{""archive_timestamp"":[2026,9,24,15,12,40],""source_path"":""findings/AST-03-vector-atomicity/repro/repro.c"",""source_sha256"":""1246d20e81661987045f56ed1f513c6cf43731cee4be160f00096153fe6c62de"",""source_size"":15196}"
findings/AST-03-vector-atomicity/repro/run.sh	findings/AST-03-vector-atomicity/repro/run.sh	file	0755	0	377	b2536901de3080858719b1426ab2854c47a1b2dbeeb7bb9cacbe474afa1e61c8		copy	source-evidence		"{""archive_timestamp"":[2026,9,24,15,12,40],""source_path"":""findings/AST-03-vector-atomicity/repro/run.sh"",""source_sha256"":""b2536901de3080858719b1426ab2854c47a1b2dbeeb7bb9cacbe474afa1e61c8"",""source_size"":377}"
findings/AST-03-vector-atomicity/repro/variants/GLM-MC-4/README.md	findings/AST-03-vector-atomicity/repro/variants/GLM-MC-4/README.md	file	0644	0	3270	5fdf8da4798e9fefb01ca182132e4ecaa2b949d89e65869dad4bb4b58ed81f7f		copy	source-evidence		"{""archive_timestamp"":[2026,9,24,15,32,56],""source_path"":""findings/AST-03-vector-atomicity/repro/variants/GLM-MC-4/README.md"",""source_sha256"":""5fdf8da4798e9fefb01ca182132e4ecaa2b949d89e65869dad4bb4b58ed81f7f"",""source_size"":3270}"
findings/AST-03-vector-atomicity/repro/variants/GLM-MC-4/glm-autotest-targets.patch	findings/AST-03-vector-atomicity/repro/variants/GLM-MC-4/glm-autotest-targets.patch	file	0644	0	1722	cca115e21a52c1cb136f6ed413ceef0f6c2a354bcaa6666d3a6c6f1c8964d85e		copy	source-evidence		"{""archive_timestamp"":[2026,9,24,15,26,46],""source_path"":""findings/AST-03-vector-atomicity/repro/variants/GLM-MC-4/glm-autotest-targets.patch"",""source_sha256"":""cca115e21a52c1cb136f6ed413ceef0f6c2a354bcaa6666d3a6c6f1c8964d85e"",""source_size"":1722}"
findings/AST-03-vector-atomicity/repro/variants/GLM-MC-4/run_repro_v4.sh	findings/AST-03-vector-atomicity/repro/variants/GLM-MC-4/run_repro_v4.sh	file	0755	0	1367	7fbfe02990aa09139d23704ff8db4b333687eb5895cf29f88729eae71ad040eb		copy	source-evidence		"{""archive_timestamp"":[2026,9,24,15,26,46],""source_path"":""findings/AST-03-vector-atomicity/repro/variants/GLM-MC-4/run_repro_v4.sh"",""source_sha256"":""7fbfe02990aa09139d23704ff8db4b333687eb5895cf29f88729eae71ad040eb"",""source_size"":1367}"
findings/AST-03-vector-atomicity/repro/variants/GLM-MC-4/specula_repro_mc4.sh	findings/AST-03-vector-atomicity/repro/variants/GLM-MC-4/specula_repro_mc4.sh	file	0755	0	92	e49b7729b774ca90b6f7f06e875bdee5b980bb167077ceeb11f1feb516a1686b		copy	source-evidence		"{""archive_timestamp"":[2026,9,24,15,26,46],""source_path"":""findings/AST-03-vector-atomicity/repro/variants/GLM-MC-4/specula_repro_mc4.sh"",""source_sha256"":""e49b7729b774ca90b6f7f06e875bdee5b980bb167077ceeb11f1feb516a1686b"",""source_size"":92}"
findings/AST-03-vector-atomicity/repro/variants/GLM-MC-4/test_bugMC-4_vector_shared_offset_race.c	findings/AST-03-vector-atomicity/repro/variants/GLM-MC-4/test_bugMC-4_vector_shared_offset_race.c	file	0644	0	16376	6d0738fc4d34f003bba63011b504175c20b71a52ff9eebc66f7c591d55398fda		copy	source-evidence		"{""archive_timestamp"":[2026,9,24,15,26,46],""source_path"":""findings/AST-03-vector-atomicity/repro/variants/GLM-MC-4/test_bugMC-4_vector_shared_offset_race.c"",""source_sha256"":""6d0738fc4d34f003bba63011b504175c20b71a52ff9eebc66f7c591d55398fda"",""source_size"":16376}"
findings/AST-04-read-prefix-efault/finding.md	findings/AST-04-read-prefix-efault/finding.md	file	0644	0	6161	a11ce86790daca5ee665c75a58d34a1d3c057bbef23eb44f079633d628eb8a6c		copy	source-evidence		"{""archive_timestamp"":[2026,9,24,15,20,52],""source_path"":""findings/AST-04-read-prefix-efault/finding.md"",""source_sha256"":""a11ce86790daca5ee665c75a58d34a1d3c057bbef23eb44f079633d628eb8a6c"",""source_size"":6161}"
findings/AST-04-read-prefix-efault/meta.json	findings/AST-04-read-prefix-efault/meta.json	file	0644	0	4259	968118549e39508d58f3b1bacf6c4c50c3f37a8663905deaac19b2bc32309eb7		copy	source-evidence		"{""archive_timestamp"":[2026,9,24,15,52,8],""source_path"":""findings/AST-04-read-prefix-efault/meta.json"",""source_sha256"":""968118549e39508d58f3b1bacf6c4c50c3f37a8663905deaac19b2bc32309eb7"",""source_size"":4259}"
findings/AST-04-read-prefix-efault/repro/README.md	findings/AST-04-read-prefix-efault/repro/README.md	file	0644	0	2395	394d6adbc09eb5b318656eb4df70700427e4ac6d4b89ee9c563557f7069cec85		copy	source-evidence		"{""archive_timestamp"":[2026,9,24,15,21,22],""source_path"":""findings/AST-04-read-prefix-efault/repro/README.md"",""source_sha256"":""394d6adbc09eb5b318656eb4df70700427e4ac6d4b89ee9c563557f7069cec85"",""source_size"":2395}"
findings/AST-04-read-prefix-efault/repro/repro.c	findings/AST-04-read-prefix-efault/repro/repro.c	file	0644	0	7970	32bfaebaa4a7ae222fec1cbbf2e497dfd80598cc3e33cecbb7e6099e19acac4e		copy	source-evidence		"{""archive_timestamp"":[2026,9,24,15,12,40],""source_path"":""findings/AST-04-read-prefix-efault/repro/repro.c"",""source_sha256"":""32bfaebaa4a7ae222fec1cbbf2e497dfd80598cc3e33cecbb7e6099e19acac4e"",""source_size"":7970}"
findings/AST-04-read-prefix-efault/repro/run.sh	findings/AST-04-read-prefix-efault/repro/run.sh	file	0755	0	365	8a9810431a578b491fa3ca041d2a7439fd7d212f35f86fa5077a9d5fdcd85814		copy	source-evidence		"{""archive_timestamp"":[2026,9,24,15,12,40],""source_path"":""findings/AST-04-read-prefix-efault/repro/run.sh"",""source_sha256"":""8a9810431a578b491fa3ca041d2a7439fd7d212f35f86fa5077a9d5fdcd85814"",""source_size"":365}"
findings/AST-04-read-prefix-efault/repro/variants/GLM-MC-1/README.md	findings/AST-04-read-prefix-efault/repro/variants/GLM-MC-1/README.md	file	0644	0	3293	3fbdbafe7a0478aa4cc1c0f9e003aa790fd069a7684c030455444aaafd38ef66		copy	source-evidence		"{""archive_timestamp"":[2026,9,24,15,32,56],""source_path"":""findings/AST-04-read-prefix-efault/repro/variants/GLM-MC-1/README.md"",""source_sha256"":""3fbdbafe7a0478aa4cc1c0f9e003aa790fd069a7684c030455444aaafd38ef66"",""source_size"":3293}"
findings/AST-04-read-prefix-efault/repro/variants/GLM-MC-1/glm-autotest-targets.patch	findings/AST-04-read-prefix-efault/repro/variants/GLM-MC-1/glm-autotest-targets.patch	file	0644	0	1722	cca115e21a52c1cb136f6ed413ceef0f6c2a354bcaa6666d3a6c6f1c8964d85e		copy	source-evidence		"{""archive_timestamp"":[2026,9,24,15,26,46],""source_path"":""findings/AST-04-read-prefix-efault/repro/variants/GLM-MC-1/glm-autotest-targets.patch"",""source_sha256"":""cca115e21a52c1cb136f6ed413ceef0f6c2a354bcaa6666d3a6c6f1c8964d85e"",""source_size"":1722}"
findings/AST-04-read-prefix-efault/repro/variants/GLM-MC-1/specula_repro_mc1.sh	findings/AST-04-read-prefix-efault/repro/variants/GLM-MC-1/specula_repro_mc1.sh	file	0755	0	81	55ba31e3b41ec986d823a470d6d0b5901f6982e4c54edebc27c8a95ddd3f0ecf		copy	source-evidence		"{""archive_timestamp"":[2026,9,24,15,26,46],""source_path"":""findings/AST-04-read-prefix-efault/repro/variants/GLM-MC-1/specula_repro_mc1.sh"",""source_sha256"":""55ba31e3b41ec986d823a470d6d0b5901f6982e4c54edebc27c8a95ddd3f0ecf"",""source_size"":81}"
findings/AST-04-read-prefix-efault/repro/variants/GLM-MC-1/test_bugMC-1_readv_prefix_fault.c	findings/AST-04-read-prefix-efault/repro/variants/GLM-MC-1/test_bugMC-1_readv_prefix_fault.c	file	0644	0	15581	da3c25d477cd27cffb196329e274f990f436ae66df349d413c88c0953436f976		copy	source-evidence		"{""archive_timestamp"":[2026,9,24,15,26,46],""source_path"":""findings/AST-04-read-prefix-efault/repro/variants/GLM-MC-1/test_bugMC-1_readv_prefix_fault.c"",""source_sha256"":""da3c25d477cd27cffb196329e274f990f436ae66df349d413c88c0953436f976"",""source_size"":15581}"
findings/AST-05-ramfs-read-past-eof/finding.md	findings/AST-05-ramfs-read-past-eof/finding.md	file	0644	0	8275	a7371f3e985e23e56a06da15a46430a574249262cc271ad99bdc7fecf7449eb2		copy	source-evidence		"{""archive_timestamp"":[2026,9,24,15,22,50],""source_path"":""findings/AST-05-ramfs-read-past-eof/finding.md"",""source_sha256"":""a7371f3e985e23e56a06da15a46430a574249262cc271ad99bdc7fecf7449eb2"",""source_size"":8275}"
findings/AST-05-ramfs-read-past-eof/meta.json	findings/AST-05-ramfs-read-past-eof/meta.json	file	0644	0	5401	438a364fa59f7b68ca1d7936ab13153beef29b2e7a3464f3f0b7f0842316da3d		copy	source-evidence		"{""archive_timestamp"":[2026,9,24,15,52,8],""source_path"":""findings/AST-05-ramfs-read-past-eof/meta.json"",""source_sha256"":""438a364fa59f7b68ca1d7936ab13153beef29b2e7a3464f3f0b7f0842316da3d"",""source_size"":5401}"
findings/AST-05-ramfs-read-past-eof/repro/README.md	findings/AST-05-ramfs-read-past-eof/repro/README.md	file	0644	0	3891	cd15adcbf5eead7cf8b448e38ab956eddb03c20f0ac439e9ade09f41be754f73		copy	source-evidence		"{""archive_timestamp"":[2026,9,24,15,31,30],""source_path"":""findings/AST-05-ramfs-read-past-eof/repro/README.md"",""source_sha256"":""cd15adcbf5eead7cf8b448e38ab956eddb03c20f0ac439e9ade09f41be754f73"",""source_size"":3891}"
findings/AST-05-ramfs-read-past-eof/repro/min_ast05.c	findings/AST-05-ramfs-read-past-eof/repro/min_ast05.c	file	0644	0	1381	74cce3fd6255cd424215e2584e5b5c6e27a37d73e452743f75600e93f30d4699		copy	source-evidence		"{""archive_timestamp"":[2026,9,24,15,12,40],""source_path"":""findings/AST-05-ramfs-read-past-eof/repro/min_ast05.c"",""source_sha256"":""74cce3fd6255cd424215e2584e5b5c6e27a37d73e452743f75600e93f30d4699"",""source_size"":1381}"
findings/AST-05-ramfs-read-past-eof/repro/read_eof-regression-pr3778.patch	findings/AST-05-ramfs-read-past-eof/repro/read_eof-regression-pr3778.patch	file	0644	0	7030	b42b66aeb4668add8da0e4f1dcbbb29dc748294772d82dc18cdb2a54029dbc48		copy	source-evidence		"{""archive_timestamp"":[2026,9,24,15,12,52],""source_path"":""findings/AST-05-ramfs-read-past-eof/repro/read_eof-regression-pr3778.patch"",""source_sha256"":""b42b66aeb4668add8da0e4f1dcbbb29dc748294772d82dc18cdb2a54029dbc48"",""source_size"":7030}"
findings/AST-05-ramfs-read-past-eof/repro/repro.c	findings/AST-05-ramfs-read-past-eof/repro/repro.c	file	0644	0	6350	d5f8fa2ef64ad0e4eb39b93814339d67c6c815550c22fb73f7678b9cad1f7303		copy	source-evidence		"{""archive_timestamp"":[2026,9,24,15,12,40],""source_path"":""findings/AST-05-ramfs-read-past-eof/repro/repro.c"",""source_sha256"":""d5f8fa2ef64ad0e4eb39b93814339d67c6c815550c22fb73f7678b9cad1f7303"",""source_size"":6350}"
findings/AST-05-ramfs-read-past-eof/repro/run.sh	findings/AST-05-ramfs-read-past-eof/repro/run.sh	file	0755	0	373	c1dbbec593768fca5d2cb29e7ac997479fe0df8cf026a61bc75aa39a96e040f2		copy	source-evidence		"{""archive_timestamp"":[2026,9,24,15,12,40],""source_path"":""findings/AST-05-ramfs-read-past-eof/repro/run.sh"",""source_sha256"":""c1dbbec593768fca5d2cb29e7ac997479fe0df8cf026a61bc75aa39a96e040f2"",""source_size"":373}"
findings/AST-05-ramfs-read-past-eof/repro/variants/01a-MC-3/README.md	findings/AST-05-ramfs-read-past-eof/repro/variants/01a-MC-3/README.md	file	0644	0	3100	9e443623cda51bdafb2e8defa993de8cbb40ce7fc3fe4ddf177da5d156fc2ef0		copy	source-evidence		"{""archive_timestamp"":[2026,9,24,15,32,56],""source_path"":""findings/AST-05-ramfs-read-past-eof/repro/variants/01a-MC-3/README.md"",""source_sha256"":""9e443623cda51bdafb2e8defa993de8cbb40ce7fc3fe4ddf177da5d156fc2ef0"",""source_size"":3100}"
findings/AST-05-ramfs-read-past-eof/repro/variants/01a-MC-3/test_bugMC-3_eof_consumer_harm.c	findings/AST-05-ramfs-read-past-eof/repro/variants/01a-MC-3/test_bugMC-3_eof_consumer_harm.c	file	0644	0	8310	b949a7db00eaae2bbabef87c3952b38588c6a2ad3abb41f20b9106b7610951cf		copy	source-evidence		"{""archive_timestamp"":[2026,9,24,15,26,46],""source_path"":""findings/AST-05-ramfs-read-past-eof/repro/variants/01a-MC-3/test_bugMC-3_eof_consumer_harm.c"",""source_sha256"":""b949a7db00eaae2bbabef87c3952b38588c6a2ad3abb41f20b9106b7610951cf"",""source_size"":8310}"
findings/AST-05-ramfs-read-past-eof/repro/variants/01a-MC-3/test_bugMC-3_eof_consumer_harm.sh	findings/AST-05-ramfs-read-past-eof/repro/variants/01a-MC-3/test_bugMC-3_eof_consumer_harm.sh	file	0755	0	4701	7947b3d8c6f90ef698a4dc920d58f06a8013780543fbde83edb4321d4c1a3988		copy	source-evidence		"{""archive_timestamp"":[2026,9,24,15,26,46],""source_path"":""findings/AST-05-ramfs-read-past-eof/repro/variants/01a-MC-3/test_bugMC-3_eof_consumer_harm.sh"",""source_sha256"":""7947b3d8c6f90ef698a4dc920d58f06a8013780543fbde83edb4321d4c1a3988"",""source_size"":4701}"
findings/AST-05-ramfs-read-past-eof/repro/variants/01b-CR-1/README.md	findings/AST-05-ramfs-read-past-eof/repro/variants/01b-CR-1/README.md	file	0644	0	2277	4cc225b671b3abfcc853ed682b35453df7f68dedf1672a34abb8393bb789c427		copy	source-evidence		"{""archive_timestamp"":[2026,9,24,15,32,56],""source_path"":""findings/AST-05-ramfs-read-past-eof/repro/variants/01b-CR-1/README.md"",""source_sha256"":""4cc225b671b3abfcc853ed682b35453df7f68dedf1672a34abb8393bb789c427"",""source_size"":2277}"
findings/AST-05-ramfs-read-past-eof/repro/variants/01b-CR-1/test_bugCR-1_run.sh	findings/AST-05-ramfs-read-past-eof/repro/variants/01b-CR-1/test_bugCR-1_run.sh	file	0755	0	3003	bd2050ba69f57f8d51da7f36d29ae655af0ff2bf792c10083e963708d2e70cf3		copy	source-evidence		"{""archive_timestamp"":[2026,9,24,15,26,36],""source_path"":""findings/AST-05-ramfs-read-past-eof/repro/variants/01b-CR-1/test_bugCR-1_run.sh"",""source_sha256"":""bd2050ba69f57f8d51da7f36d29ae655af0ff2bf792c10083e963708d2e70cf3"",""source_size"":3003}"
findings/AST-05-ramfs-read-past-eof/repro/variants/01b-CR-1/test_bugCR-1_vmo_overdelivery.c	findings/AST-05-ramfs-read-past-eof/repro/variants/01b-CR-1/test_bugCR-1_vmo_overdelivery.c	file	0644	0	9100	68203d411c3c41bf936f83740f70fe9a19ed8ff663c725031991c4ef6df9f259		copy	source-evidence		"{""archive_timestamp"":[2026,9,24,15,26,36],""source_path"":""findings/AST-05-ramfs-read-past-eof/repro/variants/01b-CR-1/test_bugCR-1_vmo_overdelivery.c"",""source_sha256"":""68203d411c3c41bf936f83740f70fe9a19ed8ff663c725031991c4ef6df9f259"",""source_size"":9100}"
findings/AST-05-ramfs-read-past-eof/repro/variants/01b-MC-2/README.md	findings/AST-05-ramfs-read-past-eof/repro/variants/01b-MC-2/README.md	file	0644	0	3266	87ce84f52d6a94de069e449d799d1f17b6e7bff8aef0b436175df1f69543cc06		copy	source-evidence		"{""archive_timestamp"":[2026,9,24,15,32,56],""source_path"":""findings/AST-05-ramfs-read-past-eof/repro/variants/01b-MC-2/README.md"",""source_sha256"":""87ce84f52d6a94de069e449d799d1f17b6e7bff8aef0b436175df1f69543cc06"",""source_size"":3266}"
findings/AST-05-ramfs-read-past-eof/repro/variants/01b-MC-2/guest_build.sh	findings/AST-05-ramfs-read-past-eof/repro/variants/01b-MC-2/guest_build.sh	file	0755	0	762	6de582a108c4475f440ea6b14952749fc8a7b0158b1de003401880c6f023ccc0		copy	source-evidence		"{""archive_timestamp"":[2026,9,24,15,26,36],""source_path"":""findings/AST-05-ramfs-read-past-eof/repro/variants/01b-MC-2/guest_build.sh"",""source_sha256"":""6de582a108c4475f440ea6b14952749fc8a7b0158b1de003401880c6f023ccc0"",""source_size"":762}"
findings/AST-05-ramfs-read-past-eof/repro/variants/01b-MC-2/guest_run.sh	findings/AST-05-ramfs-read-past-eof/repro/variants/01b-MC-2/guest_run.sh	file	0755	0	1003	ea8e8c5b0a1db834c9845c9fc06dc8a27387ee175e2a8118c2f017ebea48fdce		copy	source-evidence		"{""archive_timestamp"":[2026,9,24,15,26,36],""source_path"":""findings/AST-05-ramfs-read-past-eof/repro/variants/01b-MC-2/guest_run.sh"",""source_sha256"":""ea8e8c5b0a1db834c9845c9fc06dc8a27387ee175e2a8118c2f017ebea48fdce"",""source_size"":1003}"
findings/AST-05-ramfs-read-past-eof/repro/variants/01b-MC-2/init_mc2.c	findings/AST-05-ramfs-read-past-eof/repro/variants/01b-MC-2/init_mc2.c	file	0644	0	1305	672c50e337939a9cdebcfdb37f3ea819064b7fd1edf3c3741c8eb3a26ef1df95		copy	source-evidence		"{""archive_timestamp"":[2026,9,24,15,26,36],""source_path"":""findings/AST-05-ramfs-read-past-eof/repro/variants/01b-MC-2/init_mc2.c"",""source_sha256"":""672c50e337939a9cdebcfdb37f3ea819064b7fd1edf3c3741c8eb3a26ef1df95"",""source_size"":1305}"
findings/AST-05-ramfs-read-past-eof/repro/variants/01b-MC-2/test_bugMC-2_exfat_read_past_prefix.c	findings/AST-05-ramfs-read-past-eof/repro/variants/01b-MC-2/test_bugMC-2_exfat_read_past_prefix.c	file	0644	0	10147	57f27f75db2e92ad150a7e055b8e99ccffb1d0e95860dd64e1955767f72a0b95		copy	source-evidence		"{""archive_timestamp"":[2026,9,24,15,26,36],""source_path"":""findings/AST-05-ramfs-read-past-eof/repro/variants/01b-MC-2/test_bugMC-2_exfat_read_past_prefix.c"",""source_sha256"":""57f27f75db2e92ad150a7e055b8e99ccffb1d0e95860dd64e1955767f72a0b95"",""source_size"":10147}"
findings/AST-05-ramfs-read-past-eof/repro/variants/01b-MC-2/test_bugMC-2_run.sh	findings/AST-05-ramfs-read-past-eof/repro/variants/01b-MC-2/test_bugMC-2_run.sh	file	0755	0	1527	b6239cb384377c16632b3492691b291cc4938b7036992674b73572dbe2efbf5b		copy	source-evidence		"{""archive_timestamp"":[2026,9,24,15,26,36],""source_path"":""findings/AST-05-ramfs-read-past-eof/repro/variants/01b-MC-2/test_bugMC-2_run.sh"",""source_sha256"":""b6239cb384377c16632b3492691b291cc4938b7036992674b73572dbe2efbf5b"",""source_size"":1527}"
findings/AST-05-ramfs-read-past-eof/repro/variants/GLM-MC-2/README.md	findings/AST-05-ramfs-read-past-eof/repro/variants/GLM-MC-2/README.md	file	0644	0	2522	2306b8003db787529699d90fd8af6759f2415240bee05df454facb3b5ca70f30		copy	source-evidence		"{""archive_timestamp"":[2026,9,24,15,31,18],""source_path"":""findings/AST-05-ramfs-read-past-eof/repro/variants/GLM-MC-2/README.md"",""source_sha256"":""2306b8003db787529699d90fd8af6759f2415240bee05df454facb3b5ca70f30"",""source_size"":2522}"
findings/AST-05-ramfs-read-past-eof/repro/variants/GLM-MC-2/glm-autotest-targets.patch	findings/AST-05-ramfs-read-past-eof/repro/variants/GLM-MC-2/glm-autotest-targets.patch	file	0644	0	1722	cca115e21a52c1cb136f6ed413ceef0f6c2a354bcaa6666d3a6c6f1c8964d85e		copy	source-evidence		"{""archive_timestamp"":[2026,9,24,15,30,20],""source_path"":""findings/AST-05-ramfs-read-past-eof/repro/variants/GLM-MC-2/glm-autotest-targets.patch"",""source_sha256"":""cca115e21a52c1cb136f6ed413ceef0f6c2a354bcaa6666d3a6c6f1c8964d85e"",""source_size"":1722}"
findings/AST-05-ramfs-read-past-eof/repro/variants/GLM-MC-2/run_mc2_repro.sh	findings/AST-05-ramfs-read-past-eof/repro/variants/GLM-MC-2/run_mc2_repro.sh	file	0755	0	1170	ab4e01fea20fc28db1d8761f7514d6d13db404ed118b6087ff1f7f68047ab825		copy	source-evidence		"{""archive_timestamp"":[2026,9,24,15,26,46],""source_path"":""findings/AST-05-ramfs-read-past-eof/repro/variants/GLM-MC-2/run_mc2_repro.sh"",""source_sha256"":""ab4e01fea20fc28db1d8761f7514d6d13db404ed118b6087ff1f7f68047ab825"",""source_size"":1170}"
findings/AST-05-ramfs-read-past-eof/repro/variants/GLM-MC-2/test_bugMC-2_read_past_eof_clobber.c	findings/AST-05-ramfs-read-past-eof/repro/variants/GLM-MC-2/test_bugMC-2_read_past_eof_clobber.c	file	0644	0	7827	7c33a21e3a8a8b4803998ff5a5da19975d84e4a053eef81650f344fedf77aa05		copy	source-evidence		"{""archive_timestamp"":[2026,9,24,15,26,46],""source_path"":""findings/AST-05-ramfs-read-past-eof/repro/variants/GLM-MC-2/test_bugMC-2_read_past_eof_clobber.c"",""source_sha256"":""7c33a21e3a8a8b4803998ff5a5da19975d84e4a053eef81650f344fedf77aa05"",""source_size"":7827}"
findings/AST-06-append-offset-on-fault/finding.md	findings/AST-06-append-offset-on-fault/finding.md	file	0644	0	5765	526761fd47bf3edec368b7184df6aaf4e4191fccd51ea6ac4b204f156819b62c		copy	source-evidence		"{""archive_timestamp"":[2026,9,24,15,24,14],""source_path"":""findings/AST-06-append-offset-on-fault/finding.md"",""source_sha256"":""526761fd47bf3edec368b7184df6aaf4e4191fccd51ea6ac4b204f156819b62c"",""source_size"":5765}"
findings/AST-06-append-offset-on-fault/meta.json	findings/AST-06-append-offset-on-fault/meta.json	file	0644	0	3608	804403c13c962cd0a92ede6a7160f6f59124f4e71c13219be04c7e5b5bc5e115		copy	source-evidence		"{""archive_timestamp"":[2026,9,24,15,24,44],""source_path"":""findings/AST-06-append-offset-on-fault/meta.json"",""source_sha256"":""804403c13c962cd0a92ede6a7160f6f59124f4e71c13219be04c7e5b5bc5e115"",""source_size"":3608}"
findings/AST-06-append-offset-on-fault/repro/README.md	findings/AST-06-append-offset-on-fault/repro/README.md	file	0644	0	2240	f22a9ed625e73af8dce65e9e8f766d5339c23b8968c66e7b6958d8a308462c90		copy	source-evidence		"{""archive_timestamp"":[2026,9,24,15,24,44],""source_path"":""findings/AST-06-append-offset-on-fault/repro/README.md"",""source_sha256"":""f22a9ed625e73af8dce65e9e8f766d5339c23b8968c66e7b6958d8a308462c90"",""source_size"":2240}"
findings/AST-06-append-offset-on-fault/repro/repro.c	findings/AST-06-append-offset-on-fault/repro/repro.c	file	0644	0	7512	b27470df96606c4d5f31469a8659154d981583d06e5d21e79e0fbbfceff13a5e		copy	source-evidence		"{""archive_timestamp"":[2026,9,24,15,12,40],""source_path"":""findings/AST-06-append-offset-on-fault/repro/repro.c"",""source_sha256"":""b27470df96606c4d5f31469a8659154d981583d06e5d21e79e0fbbfceff13a5e"",""source_size"":7512}"
findings/AST-06-append-offset-on-fault/repro/run.sh	findings/AST-06-append-offset-on-fault/repro/run.sh	file	0755	0	375	62f6df356a6ef5ed4e3bda89e93055a441a7d8612f735ae7951a362ba28589c4		copy	source-evidence		"{""archive_timestamp"":[2026,9,24,15,12,40],""source_path"":""findings/AST-06-append-offset-on-fault/repro/run.sh"",""source_sha256"":""62f6df356a6ef5ed4e3bda89e93055a441a7d8612f735ae7951a362ba28589c4"",""source_size"":375}"
findings/AST-07-segment-empty-slice/finding.md	findings/AST-07-segment-empty-slice/finding.md	file	0644	0	7207	d403e307967dd37a354b49512a72b90da29db4988ae7ef9527228b173ba217e7		copy	source-evidence		"{""archive_timestamp"":[2026,9,24,15,28,18],""source_path"":""findings/AST-07-segment-empty-slice/finding.md"",""source_sha256"":""d403e307967dd37a354b49512a72b90da29db4988ae7ef9527228b173ba217e7"",""source_size"":7207}"
findings/AST-07-segment-empty-slice/meta.json	findings/AST-07-segment-empty-slice/meta.json	file	0644	0	3503	03b602b47dc89d2a1f90426bf65f2d01838180776bf95da2d6f38675209dad8c		copy	source-evidence		"{""archive_timestamp"":[2026,9,24,15,25,52],""source_path"":""findings/AST-07-segment-empty-slice/meta.json"",""source_sha256"":""03b602b47dc89d2a1f90426bf65f2d01838180776bf95da2d6f38675209dad8c"",""source_size"":3503}"
findings/AST-07-segment-empty-slice/repro/OSDK.cr11.toml	findings/AST-07-segment-empty-slice/repro/OSDK.cr11.toml	file	0644	0	445	821d325fc4447f8c06b47cfdee5b25dfaae13e3641072200bece226436b0b288		copy	source-evidence		"{""archive_timestamp"":[2026,9,24,15,12,40],""source_path"":""findings/AST-07-segment-empty-slice/repro/OSDK.cr11.toml"",""source_sha256"":""821d325fc4447f8c06b47cfdee5b25dfaae13e3641072200bece226436b0b288"",""source_size"":445}"
findings/AST-07-segment-empty-slice/repro/README.md	findings/AST-07-segment-empty-slice/repro/README.md	file	0644	0	5100	28155b43fd8811bed00e517c8c217f3065d81a96e9c5d48c35cc6efe144d024b		copy	source-evidence		"{""archive_timestamp"":[2026,9,24,15,26,24],""source_path"":""findings/AST-07-segment-empty-slice/repro/README.md"",""source_sha256"":""28155b43fd8811bed00e517c8c217f3065d81a96e9c5d48c35cc6efe144d024b"",""source_size"":5100}"
findings/AST-07-segment-empty-slice/repro/run-cr11-validation-2026-09-02.sh	findings/AST-07-segment-empty-slice/repro/run-cr11-validation-2026-09-02.sh	file	0755	0	871	59e148262a6c28d6c945ea162b3b9f49d4876c3867b919e8699364c8f935a19a		copy	source-evidence		"{""archive_timestamp"":[2026,9,24,15,12,40],""source_path"":""findings/AST-07-segment-empty-slice/repro/run-cr11-validation-2026-09-02.sh"",""source_sha256"":""59e148262a6c28d6c945ea162b3b9f49d4876c3867b919e8699364c8f935a19a"",""source_size"":871}"
findings/AST-07-segment-empty-slice/repro/test_bugCR-11_empty_slice_conversion.rs	findings/AST-07-segment-empty-slice/repro/test_bugCR-11_empty_slice_conversion.rs	file	0644	0	13372	8421c09e9f5d70b14798a41e093cc78654060b17229acd7631f43b17bdeba6f3		copy	source-evidence		"{""archive_timestamp"":[2026,9,24,15,12,40],""source_path"":""findings/AST-07-segment-empty-slice/repro/test_bugCR-11_empty_slice_conversion.rs"",""source_sha256"":""8421c09e9f5d70b14798a41e093cc78654060b17229acd7631f43b17bdeba6f3"",""source_size"":13372}"
findings/AST-07-segment-empty-slice/repro/test_bugCR-11_empty_slice_conversion.sh	findings/AST-07-segment-empty-slice/repro/test_bugCR-11_empty_slice_conversion.sh	file	0755	0	4515	f9c5787796e0d5243bee0c6029ba76b6ca2bd66b5e15bd29f3b552d17e6a72e7		copy	source-evidence		"{""archive_timestamp"":[2026,9,24,15,13,10],""source_path"":""findings/AST-07-segment-empty-slice/repro/test_bugCR-11_empty_slice_conversion.sh"",""source_sha256"":""f9c5787796e0d5243bee0c6029ba76b6ca2bd66b5e15bd29f3b552d17e6a72e7"",""source_size"":4515}"
findings/AST-07-segment-empty-slice/repro/verification-package.md	findings/AST-07-segment-empty-slice/repro/verification-package.md	file	0644	0	34354	8d11fc1f86813423388ee30a687e706dfb1ebb099b66b7c48baa6ddb7f09694e		copy	source-evidence		"{""archive_timestamp"":[2026,9,24,15,12,40],""source_path"":""findings/AST-07-segment-empty-slice/repro/verification-package.md"",""source_sha256"":""8d11fc1f86813423388ee30a687e706dfb1ebb099b66b7c48baa6ddb7f09694e"",""source_size"":34354}"
findings/AST-08-iommu-stale-iotlb/finding.md	findings/AST-08-iommu-stale-iotlb/finding.md	file	0644	0	9024	e923d6ea570a32b69a0c67834e59d715d7fb7a8292cbd5683856e481cf1cdb97		copy	source-evidence		"{""archive_timestamp"":[2026,9,24,15,27,46],""source_path"":""findings/AST-08-iommu-stale-iotlb/finding.md"",""source_sha256"":""e923d6ea570a32b69a0c67834e59d715d7fb7a8292cbd5683856e481cf1cdb97"",""source_size"":9024}"
findings/AST-08-iommu-stale-iotlb/meta.json	findings/AST-08-iommu-stale-iotlb/meta.json	file	0644	0	4600	7954a9d00275974821bb8c62871c3b88598353715673e8ca0b1e3e3d3109d5c8		copy	source-evidence		"{""archive_timestamp"":[2026,9,24,15,51,28],""source_path"":""findings/AST-08-iommu-stale-iotlb/meta.json"",""source_sha256"":""7954a9d00275974821bb8c62871c3b88598353715673e8ca0b1e3e3d3109d5c8"",""source_size"":4600}"
findings/AST-08-iommu-stale-iotlb/repro/OSDK.cr20.toml	findings/AST-08-iommu-stale-iotlb/repro/OSDK.cr20.toml	file	0644	0	750	d79a694659b1a46a26774c7a95b502638459f46125a5f94f0b15b9d043995020		copy	source-evidence		"{""archive_timestamp"":[2026,9,24,15,12,40],""source_path"":""findings/AST-08-iommu-stale-iotlb/repro/OSDK.cr20.toml"",""source_sha256"":""d79a694659b1a46a26774c7a95b502638459f46125a5f94f0b15b9d043995020"",""source_size"":750}"
findings/AST-08-iommu-stale-iotlb/repro/README.md	findings/AST-08-iommu-stale-iotlb/repro/README.md	file	0644	0	5980	ac823d733ba30605000ee1ef2686d1b0455f7ddfc849027e27cf18d86d90fa67		copy	source-evidence		"{""archive_timestamp"":[2026,9,24,15,29,2],""source_path"":""findings/AST-08-iommu-stale-iotlb/repro/README.md"",""source_sha256"":""ac823d733ba30605000ee1ef2686d1b0455f7ddfc849027e27cf18d86d90fa67"",""source_size"":5980}"
findings/AST-08-iommu-stale-iotlb/repro/run-cr20-validation-2026-09-02.sh	findings/AST-08-iommu-stale-iotlb/repro/run-cr20-validation-2026-09-02.sh	file	0755	0	1447	e5862e0c21b35ab0d12c964b035e787f37f4fcc901aac68e288cdeae87f5f91c		copy	source-evidence		"{""archive_timestamp"":[2026,9,24,15,12,40],""source_path"":""findings/AST-08-iommu-stale-iotlb/repro/run-cr20-validation-2026-09-02.sh"",""source_sha256"":""e5862e0c21b35ab0d12c964b035e787f37f4fcc901aac68e288cdeae87f5f91c"",""source_size"":1447}"
findings/AST-08-iommu-stale-iotlb/repro/run.sh	findings/AST-08-iommu-stale-iotlb/repro/run.sh	file	0755	0	5626	200a463ba9ca4d41abdd4ea5edd596981f15216f80496711e08671adf7e14983		copy	source-evidence		"{""archive_timestamp"":[2026,9,24,15,12,40],""source_path"":""findings/AST-08-iommu-stale-iotlb/repro/run.sh"",""source_sha256"":""200a463ba9ca4d41abdd4ea5edd596981f15216f80496711e08671adf7e14983"",""source_size"":5626}"
findings/AST-08-iommu-stale-iotlb/repro/test_bugCR-20_stale_iotlb_after_teardown.rs	findings/AST-08-iommu-stale-iotlb/repro/test_bugCR-20_stale_iotlb_after_teardown.rs	file	0644	0	13175	7c8a650d4bee5743505e8c38c125829684d9afe09cfc16e4f48195a463bc0b0a		copy	source-evidence		"{""archive_timestamp"":[2026,9,24,15,12,40],""source_path"":""findings/AST-08-iommu-stale-iotlb/repro/test_bugCR-20_stale_iotlb_after_teardown.rs"",""source_sha256"":""7c8a650d4bee5743505e8c38c125829684d9afe09cfc16e4f48195a463bc0b0a"",""source_size"":13175}"
findings/AST-08-iommu-stale-iotlb/repro/verification-package.md	findings/AST-08-iommu-stale-iotlb/repro/verification-package.md	file	0644	0	39145	467b96a81676844efa190db0687d6c16d339e01a8eeb1673cd70c98ec49df866		copy	source-evidence		"{""archive_timestamp"":[2026,9,24,15,12,40],""source_path"":""findings/AST-08-iommu-stale-iotlb/repro/verification-package.md"",""source_sha256"":""467b96a81676844efa190db0687d6c16d339e01a8eeb1673cd70c98ec49df866"",""source_size"":39145}"
findings/AST-09-pipe-readv-eintr-restart/finding.md	findings/AST-09-pipe-readv-eintr-restart/finding.md	file	0644	0	8960	0b00d591af974ef430ab4d31152cbf646bddd151360f6e0ae1e509118dc5584a		copy	source-evidence		"{""archive_timestamp"":[2026,9,24,15,30,48],""source_path"":""findings/AST-09-pipe-readv-eintr-restart/finding.md"",""source_sha256"":""0b00d591af974ef430ab4d31152cbf646bddd151360f6e0ae1e509118dc5584a"",""source_size"":8960}"
findings/AST-09-pipe-readv-eintr-restart/meta.json	findings/AST-09-pipe-readv-eintr-restart/meta.json	file	0644	0	5289	ca950e64a14c9c7a14b11c1803503c79f61598d6a499d2a2088dbb562c0e2faa		copy	source-evidence		"{""archive_timestamp"":[2026,9,24,15,30,48],""source_path"":""findings/AST-09-pipe-readv-eintr-restart/meta.json"",""source_sha256"":""ca950e64a14c9c7a14b11c1803503c79f61598d6a499d2a2088dbb562c0e2faa"",""source_size"":5289}"
findings/AST-09-pipe-readv-eintr-restart/repro/README.md	findings/AST-09-pipe-readv-eintr-restart/repro/README.md	file	0644	0	4086	c86f248e6e1aaa076a835c004b560de28411470559290982e2f07c4cb5e4cea0		copy	source-evidence		"{""archive_timestamp"":[2026,9,24,15,31,30],""source_path"":""findings/AST-09-pipe-readv-eintr-restart/repro/README.md"",""source_sha256"":""c86f248e6e1aaa076a835c004b560de28411470559290982e2f07c4cb5e4cea0"",""source_size"":4086}"
findings/AST-09-pipe-readv-eintr-restart/repro/repro-min.c	findings/AST-09-pipe-readv-eintr-restart/repro/repro-min.c	file	0644	0	2177	c87d21af52083931de76ca942e8c4b9211b2d46013d67a1323429a807a3b843c		copy	source-evidence		"{""archive_timestamp"":[2026,9,24,15,12,40],""source_path"":""findings/AST-09-pipe-readv-eintr-restart/repro/repro-min.c"",""source_sha256"":""c87d21af52083931de76ca942e8c4b9211b2d46013d67a1323429a807a3b843c"",""source_size"":2177}"
findings/AST-09-pipe-readv-eintr-restart/repro/repro.c	findings/AST-09-pipe-readv-eintr-restart/repro/repro.c	file	0644	0	9281	52ebdcdec1d98736912afd5372accce4ba894ebc26f0e00f77fb29a8c836ac5e		copy	source-evidence		"{""archive_timestamp"":[2026,9,24,15,12,40],""source_path"":""findings/AST-09-pipe-readv-eintr-restart/repro/repro.c"",""source_sha256"":""52ebdcdec1d98736912afd5372accce4ba894ebc26f0e00f77fb29a8c836ac5e"",""source_size"":9281}"
findings/AST-09-pipe-readv-eintr-restart/repro/run.sh	findings/AST-09-pipe-readv-eintr-restart/repro/run.sh	file	0755	0	323	dbfc6caf3c32d3776c14ba9d332c1b760edf7962f24a54a8784419ba8e54ebda		copy	source-evidence		"{""archive_timestamp"":[2026,9,24,15,12,40],""source_path"":""findings/AST-09-pipe-readv-eintr-restart/repro/run.sh"",""source_sha256"":""dbfc6caf3c32d3776c14ba9d332c1b760edf7962f24a54a8784419ba8e54ebda"",""source_size"":323}"
findings/AST-09-pipe-readv-eintr-restart/repro/syscall_restart-cases-for-pr3576.patch	findings/AST-09-pipe-readv-eintr-restart/repro/syscall_restart-cases-for-pr3576.patch	file	0644	0	2663	3da57aeadc91b13a1a1f9d4b947aea7d9f24993865c928e1178fb18b0a115128		copy	source-evidence		"{""archive_timestamp"":[2026,9,24,15,12,52],""source_path"":""findings/AST-09-pipe-readv-eintr-restart/repro/syscall_restart-cases-for-pr3576.patch"",""source_sha256"":""3da57aeadc91b13a1a1f9d4b947aea7d9f24993865c928e1178fb18b0a115128"",""source_size"":2663}"
findings/AST-09-pipe-readv-eintr-restart/repro/vectored_io_restart-regression.patch	findings/AST-09-pipe-readv-eintr-restart/repro/vectored_io_restart-regression.patch	file	0644	0	3984	4fa72bc77bee653e0b07558ac3d0ffb2b4059da424c687ef1e0139d50a66fcb1		copy	source-evidence		"{""archive_timestamp"":[2026,9,24,15,12,52],""source_path"":""findings/AST-09-pipe-readv-eintr-restart/repro/vectored_io_restart-regression.patch"",""source_sha256"":""4fa72bc77bee653e0b07558ac3d0ffb2b4059da424c687ef1e0139d50a66fcb1"",""source_size"":3984}"
findings/AST-10-ramfs-read-length-snapshot-resize/finding.md	findings/AST-10-ramfs-read-length-snapshot-resize/finding.md	file	0644	0	7002	3cc5855461b43886092b2980b4899462dc2af5750d2a7665fecef718d8735c0f		copy	source-evidence		"{""archive_timestamp"":[2026,9,24,15,31,18],""source_path"":""findings/AST-10-ramfs-read-length-snapshot-resize/finding.md"",""source_sha256"":""3cc5855461b43886092b2980b4899462dc2af5750d2a7665fecef718d8735c0f"",""source_size"":7002}"
findings/AST-10-ramfs-read-length-snapshot-resize/meta.json	findings/AST-10-ramfs-read-length-snapshot-resize/meta.json	file	0644	0	4560	b02f962c7c2ff45289040163b32723af29b1fd749289e9e426921c2e16b4a17e		copy	source-evidence		"{""archive_timestamp"":[2026,9,24,15,31,48],""source_path"":""findings/AST-10-ramfs-read-length-snapshot-resize/meta.json"",""source_sha256"":""b02f962c7c2ff45289040163b32723af29b1fd749289e9e426921c2e16b4a17e"",""source_size"":4560}"
findings/AST-10-ramfs-read-length-snapshot-resize/repro/README.md	findings/AST-10-ramfs-read-length-snapshot-resize/repro/README.md	file	0644	0	3342	0c65b6ff61bf2b91a646bf9cedc09b8f3343f4fb1a3ecddea047ffef2e10150e		copy	source-evidence		"{""archive_timestamp"":[2026,9,24,15,32,56],""source_path"":""findings/AST-10-ramfs-read-length-snapshot-resize/repro/README.md"",""source_sha256"":""0c65b6ff61bf2b91a646bf9cedc09b8f3343f4fb1a3ecddea047ffef2e10150e"",""source_size"":3342}"
findings/AST-10-ramfs-read-length-snapshot-resize/repro/read_truncate_race-regression.patch	findings/AST-10-ramfs-read-length-snapshot-resize/repro/read_truncate_race-regression.patch	file	0644	0	4654	90ce2183c0024c0cff0ca2cfe55863d82cd3429bde02d613dbf01041882da3f9		copy	source-evidence		"{""archive_timestamp"":[2026,9,24,15,11,34],""source_path"":""findings/AST-10-ramfs-read-length-snapshot-resize/repro/read_truncate_race-regression.patch"",""source_sha256"":""90ce2183c0024c0cff0ca2cfe55863d82cd3429bde02d613dbf01041882da3f9"",""source_size"":4654}"
findings/AST-10-ramfs-read-length-snapshot-resize/repro/test_bugMC-1_init.c	findings/AST-10-ramfs-read-length-snapshot-resize/repro/test_bugMC-1_init.c	file	0644	0	868	cc0d9f70217a588c5105e4a93d9f7befc536e468650e308e2e5f1168e7188252		copy	source-evidence		"{""archive_timestamp"":[2026,9,24,15,11,34],""source_path"":""findings/AST-10-ramfs-read-length-snapshot-resize/repro/test_bugMC-1_init.c"",""source_sha256"":""cc0d9f70217a588c5105e4a93d9f7befc536e468650e308e2e5f1168e7188252"",""source_size"":868}"
findings/AST-10-ramfs-read-length-snapshot-resize/repro/test_bugMC-1_ramfs_saved_count.c	findings/AST-10-ramfs-read-length-snapshot-resize/repro/test_bugMC-1_ramfs_saved_count.c	file	0644	0	7417	089eb321dfca22c9786d1a17e1ea7a727f7de48b0b2dbda7cabc869b4339a84d		copy	source-evidence		"{""archive_timestamp"":[2026,9,24,15,11,34],""source_path"":""findings/AST-10-ramfs-read-length-snapshot-resize/repro/test_bugMC-1_ramfs_saved_count.c"",""source_sha256"":""089eb321dfca22c9786d1a17e1ea7a727f7de48b0b2dbda7cabc869b4339a84d"",""source_size"":7417}"
findings/AST-10-ramfs-read-length-snapshot-resize/repro/test_bugMC-1_run.sh	findings/AST-10-ramfs-read-length-snapshot-resize/repro/test_bugMC-1_run.sh	file	0755	0	2099	c7c6030fc92d88084ade1219574dc2564082ce7fc99dd8b7abc1ff5b47209d86		copy	source-evidence		"{""archive_timestamp"":[2026,9,24,15,11,34],""source_path"":""findings/AST-10-ramfs-read-length-snapshot-resize/repro/test_bugMC-1_run.sh"",""source_sha256"":""c7c6030fc92d88084ade1219574dc2564082ce7fc99dd8b7abc1ff5b47209d86"",""source_size"":2099}"
findings/AST-11-exfat-stale-write-preparation/finding.md	findings/AST-11-exfat-stale-write-preparation/finding.md	file	0644	0	8132	974b8226d6dab90d5cc4cf4a939811007cbb24e8a91b104d49533c9a3f5e359d		copy	source-evidence		"{""archive_timestamp"":[2026,9,24,15,31,18],""source_path"":""findings/AST-11-exfat-stale-write-preparation/finding.md"",""source_sha256"":""974b8226d6dab90d5cc4cf4a939811007cbb24e8a91b104d49533c9a3f5e359d"",""source_size"":8132}"
findings/AST-11-exfat-stale-write-preparation/meta.json	findings/AST-11-exfat-stale-write-preparation/meta.json	file	0644	0	5244	ca84ec56a03da6d4891575222e0d97848e1fd47a19164264c80c508c9db06da0		copy	source-evidence		"{""archive_timestamp"":[2026,9,24,15,31,48],""source_path"":""findings/AST-11-exfat-stale-write-preparation/meta.json"",""source_sha256"":""ca84ec56a03da6d4891575222e0d97848e1fd47a19164264c80c508c9db06da0"",""source_size"":5244}"
findings/AST-11-exfat-stale-write-preparation/repro/README.md	findings/AST-11-exfat-stale-write-preparation/repro/README.md	file	0644	0	4782	1065bb022c042cc9ad551fe784d9e8655dc4966ad6fe8c0758888965b55365bf		copy	source-evidence		"{""archive_timestamp"":[2026,9,24,15,32,56],""source_path"":""findings/AST-11-exfat-stale-write-preparation/repro/README.md"",""source_sha256"":""1065bb022c042cc9ad551fe784d9e8655dc4966ad6fe8c0758888965b55365bf"",""source_size"":4782}"
findings/AST-11-exfat-stale-write-preparation/repro/guest_mc3.c	findings/AST-11-exfat-stale-write-preparation/repro/guest_mc3.c	file	0644	0	10070	9d1bbcb47b7db67c17ab9260df8d0f8188f6fb1408efcaed274ad67b2490c926		copy	source-evidence		"{""archive_timestamp"":[2026,9,24,15,11,34],""source_path"":""findings/AST-11-exfat-stale-write-preparation/repro/guest_mc3.c"",""source_sha256"":""9d1bbcb47b7db67c17ab9260df8d0f8188f6fb1408efcaed274ad67b2490c926"",""source_size"":10070}"
findings/AST-11-exfat-stale-write-preparation/repro/mc3-l3-timing-hook.patch	findings/AST-11-exfat-stale-write-preparation/repro/mc3-l3-timing-hook.patch	file	0644	0	51200	1151d909ffdd87c30d9f90547280444edd0bb154f137ba29cdc5c3a6d1ee5f30		copy	source-evidence		"{""archive_timestamp"":[2026,9,24,15,11,34],""source_path"":""findings/AST-11-exfat-stale-write-preparation/repro/mc3-l3-timing-hook.patch"",""source_sha256"":""1151d909ffdd87c30d9f90547280444edd0bb154f137ba29cdc5c3a6d1ee5f30"",""source_size"":51200}"
findings/AST-11-exfat-stale-write-preparation/repro/test_bugMC-3_exfat_stale_prepare.sh	findings/AST-11-exfat-stale-write-preparation/repro/test_bugMC-3_exfat_stale_prepare.sh	file	0755	0	3308	30b52ff02b8c4564ff33959b03218817a20ed791221fd65a5c9976d67350d2dd		copy	source-evidence		"{""archive_timestamp"":[2026,9,24,15,11,34],""source_path"":""findings/AST-11-exfat-stale-write-preparation/repro/test_bugMC-3_exfat_stale_prepare.sh"",""source_sha256"":""30b52ff02b8c4564ff33959b03218817a20ed791221fd65a5c9976d67350d2dd"",""source_size"":3308}"
findings/AST-11-exfat-stale-write-preparation/repro/write_race-regression.patch	findings/AST-11-exfat-stale-write-preparation/repro/write_race-regression.patch	file	0644	0	6357	331e3613c430a04f52f631a2875a3848e544cf0abb8a744ab83955b9820054ed		copy	source-evidence		"{""archive_timestamp"":[2026,9,24,15,11,34],""source_path"":""findings/AST-11-exfat-stale-write-preparation/repro/write_race-regression.patch"",""source_sha256"":""331e3613c430a04f52f631a2875a3848e544cf0abb8a744ab83955b9820054ed"",""source_size"":6357}"
findings/AST-12-exfat-ftruncate-retains-old-size/finding.md	findings/AST-12-exfat-ftruncate-retains-old-size/finding.md	file	0644	0	5967	fc815f1e875438124d14034976be3decf692278f527c43771c93f981b3307ad5		copy	source-evidence		"{""archive_timestamp"":[2026,9,24,15,16,54],""source_path"":""findings/AST-12-exfat-ftruncate-retains-old-size/finding.md"",""source_sha256"":""fc815f1e875438124d14034976be3decf692278f527c43771c93f981b3307ad5"",""source_size"":5967}"
findings/AST-12-exfat-ftruncate-retains-old-size/meta.json	findings/AST-12-exfat-ftruncate-retains-old-size/meta.json	file	0644	0	3894	e930c806295df40841823ffc9a88c947eaf26fdd4504f60a20cad4b028a11726		copy	source-evidence		"{""archive_timestamp"":[2026,9,24,15,31,48],""source_path"":""findings/AST-12-exfat-ftruncate-retains-old-size/meta.json"",""source_sha256"":""e930c806295df40841823ffc9a88c947eaf26fdd4504f60a20cad4b028a11726"",""source_size"":3894}"
findings/AST-12-exfat-ftruncate-retains-old-size/repro/README.md	findings/AST-12-exfat-ftruncate-retains-old-size/repro/README.md	file	0644	0	2148	b1f0fe23f4fc52bebdaf6a6360bf4c956eaa4427a45bae46c065ce7c7a205d87		copy	source-evidence		"{""archive_timestamp"":[2026,9,24,15,31,18],""source_path"":""findings/AST-12-exfat-ftruncate-retains-old-size/repro/README.md"",""source_sha256"":""b1f0fe23f4fc52bebdaf6a6360bf4c956eaa4427a45bae46c065ce7c7a205d87"",""source_size"":2148}"
findings/AST-12-exfat-ftruncate-retains-old-size/repro/test_bugMC-4_exfat_resize.sh	findings/AST-12-exfat-ftruncate-retains-old-size/repro/test_bugMC-4_exfat_resize.sh	file	0755	0	5464	8591b6c01aa3ed4928a33566735f63b3c32b269401a87c83709abb776cc3634b		copy	source-evidence		"{""archive_timestamp"":[2026,9,24,15,11,34],""source_path"":""findings/AST-12-exfat-ftruncate-retains-old-size/repro/test_bugMC-4_exfat_resize.sh"",""source_sha256"":""8591b6c01aa3ed4928a33566735f63b3c32b269401a87c83709abb776cc3634b"",""source_size"":5464}"
findings/AST-13-exfat-regrown-hole-stale-bytes/finding.md	findings/AST-13-exfat-regrown-hole-stale-bytes/finding.md	file	0644	0	5481	8ba95015f333234508c1386078f1acc945cffc0deb93db30bc9a4eac86a2d7fc		copy	source-evidence		"{""archive_timestamp"":[2026,9,24,15,31,18],""source_path"":""findings/AST-13-exfat-regrown-hole-stale-bytes/finding.md"",""source_sha256"":""8ba95015f333234508c1386078f1acc945cffc0deb93db30bc9a4eac86a2d7fc"",""source_size"":5481}"
findings/AST-13-exfat-regrown-hole-stale-bytes/meta.json	findings/AST-13-exfat-regrown-hole-stale-bytes/meta.json	file	0644	0	4029	347f05676eb40b7ffa6e73979c76fbdf12b5bc33491943064cc6fb44c90c8131		copy	source-evidence		"{""archive_timestamp"":[2026,9,24,15,31,48],""source_path"":""findings/AST-13-exfat-regrown-hole-stale-bytes/meta.json"",""source_sha256"":""347f05676eb40b7ffa6e73979c76fbdf12b5bc33491943064cc6fb44c90c8131"",""source_size"":4029}"
findings/AST-13-exfat-regrown-hole-stale-bytes/repro/README.md	findings/AST-13-exfat-regrown-hole-stale-bytes/repro/README.md	file	0644	0	2224	863035bd86156042ff1ebb620fc2f80241ad8f9be2b1aef3a3a220b2f6e83d14		copy	source-evidence		"{""archive_timestamp"":[2026,9,24,15,32,56],""source_path"":""findings/AST-13-exfat-regrown-hole-stale-bytes/repro/README.md"",""source_sha256"":""863035bd86156042ff1ebb620fc2f80241ad8f9be2b1aef3a3a220b2f6e83d14"",""source_size"":2224}"
findings/AST-13-exfat-regrown-hole-stale-bytes/repro/test_bugMC-5_exfat_regrown_hole.c	findings/AST-13-exfat-regrown-hole-stale-bytes/repro/test_bugMC-5_exfat_regrown_hole.c	file	0644	0	5700	0d23a3054eef4470f1b739b27355105ea69181219b9a442cf5bc2251310d1021		copy	source-evidence		"{""archive_timestamp"":[2026,9,24,15,11,34],""source_path"":""findings/AST-13-exfat-regrown-hole-stale-bytes/repro/test_bugMC-5_exfat_regrown_hole.c"",""source_sha256"":""0d23a3054eef4470f1b739b27355105ea69181219b9a442cf5bc2251310d1021"",""source_size"":5700}"
findings/AST-13-exfat-regrown-hole-stale-bytes/repro/test_bugMC-5_init.c	findings/AST-13-exfat-regrown-hole-stale-bytes/repro/test_bugMC-5_init.c	file	0644	0	1289	d35f3f3a6540178c52a919ef3150834ea32bafe43ac1c8d0c15d87f29cfae80d		copy	source-evidence		"{""archive_timestamp"":[2026,9,24,15,11,34],""source_path"":""findings/AST-13-exfat-regrown-hole-stale-bytes/repro/test_bugMC-5_init.c"",""source_sha256"":""d35f3f3a6540178c52a919ef3150834ea32bafe43ac1c8d0c15d87f29cfae80d"",""source_size"":1289}"
findings/AST-13-exfat-regrown-hole-stale-bytes/repro/test_bugMC-5_run.sh	findings/AST-13-exfat-regrown-hole-stale-bytes/repro/test_bugMC-5_run.sh	file	0755	0	3255	de108248b9d167d66e257e51ded0a5f561e645f0c54405fbc9b522c2ac969325		copy	source-evidence		"{""archive_timestamp"":[2026,9,24,15,11,34],""source_path"":""findings/AST-13-exfat-regrown-hole-stale-bytes/repro/test_bugMC-5_run.sh"",""source_sha256"":""de108248b9d167d66e257e51ded0a5f561e645f0c54405fbc9b522c2ac969325"",""source_size"":3255}"
findings/AST-14-exfat-empty-write-enlarges-eof/finding.md	findings/AST-14-exfat-empty-write-enlarges-eof/finding.md	file	0644	0	6702	81998d9da46b885e5c1b55b56e2ea5af12af178122ccb16c1b61890e71230b68		copy	source-evidence		"{""archive_timestamp"":[2026,9,24,15,33,4],""source_path"":""findings/AST-14-exfat-empty-write-enlarges-eof/finding.md"",""source_sha256"":""81998d9da46b885e5c1b55b56e2ea5af12af178122ccb16c1b61890e71230b68"",""source_size"":6702}"
findings/AST-14-exfat-empty-write-enlarges-eof/meta.json	findings/AST-14-exfat-empty-write-enlarges-eof/meta.json	file	0644	0	4485	b50e01e5db252acb32fb0976bb957e6d4714d2f0d07d2f38ac3ec91b04a581c2		copy	source-evidence		"{""archive_timestamp"":[2026,9,24,15,31,48],""source_path"":""findings/AST-14-exfat-empty-write-enlarges-eof/meta.json"",""source_sha256"":""b50e01e5db252acb32fb0976bb957e6d4714d2f0d07d2f38ac3ec91b04a581c2"",""source_size"":4485}"
findings/AST-14-exfat-empty-write-enlarges-eof/repro/README.md	findings/AST-14-exfat-empty-write-enlarges-eof/repro/README.md	file	0644	0	2875	5f8510621c6a21995c5cc87cece857d0b44b1e5452d86f236b338560c02cb1d0		copy	source-evidence		"{""archive_timestamp"":[2026,9,24,15,32,56],""source_path"":""findings/AST-14-exfat-empty-write-enlarges-eof/repro/README.md"",""source_sha256"":""5f8510621c6a21995c5cc87cece857d0b44b1e5452d86f236b338560c02cb1d0"",""source_size"":2875}"
findings/AST-14-exfat-empty-write-enlarges-eof/repro/empty_write-regression.patch	findings/AST-14-exfat-empty-write-enlarges-eof/repro/empty_write-regression.patch	file	0644	0	4636	1d4260bb7491349c7dda7ff3cc1ac2bf17d0a0512277f4176b497ca00a9bc596		copy	source-evidence		"{""archive_timestamp"":[2026,9,24,15,11,34],""source_path"":""findings/AST-14-exfat-empty-write-enlarges-eof/repro/empty_write-regression.patch"",""source_sha256"":""1d4260bb7491349c7dda7ff3cc1ac2bf17d0a0512277f4176b497ca00a9bc596"",""source_size"":4636}"
findings/AST-14-exfat-empty-write-enlarges-eof/repro/test_bugMC-7_exfat_empty_pwrite.c	findings/AST-14-exfat-empty-write-enlarges-eof/repro/test_bugMC-7_exfat_empty_pwrite.c	file	0644	0	5391	8c14543672702055e3a7b799138f1023d15ed38ac0a3277f1886cd2f5317a90b		copy	source-evidence		"{""archive_timestamp"":[2026,9,24,15,11,34],""source_path"":""findings/AST-14-exfat-empty-write-enlarges-eof/repro/test_bugMC-7_exfat_empty_pwrite.c"",""source_sha256"":""8c14543672702055e3a7b799138f1023d15ed38ac0a3277f1886cd2f5317a90b"",""source_size"":5391}"
findings/AST-14-exfat-empty-write-enlarges-eof/repro/test_bugMC-7_run.sh	findings/AST-14-exfat-empty-write-enlarges-eof/repro/test_bugMC-7_run.sh	file	0755	0	3137	bb3bf85dc3bfb2a49fc9b136e0d915d77b16e9af912a3177ff0e222340b0c946		copy	source-evidence		"{""archive_timestamp"":[2026,9,24,15,11,34],""source_path"":""findings/AST-14-exfat-empty-write-enlarges-eof/repro/test_bugMC-7_run.sh"",""source_sha256"":""bb3bf85dc3bfb2a49fc9b136e0d915d77b16e9af912a3177ff0e222340b0c946"",""source_size"":3137}"
findings/AST-15-exfat-cold-tail-guard-reentry/finding.md	findings/AST-15-exfat-cold-tail-guard-reentry/finding.md	file	0644	0	6507	bb937a916e5b4f7977b0ab801a128dec4662e14bac0702f54e91391f21fc764a		copy	source-evidence		"{""archive_timestamp"":[2026,9,24,15,31,18],""source_path"":""findings/AST-15-exfat-cold-tail-guard-reentry/finding.md"",""source_sha256"":""bb937a916e5b4f7977b0ab801a128dec4662e14bac0702f54e91391f21fc764a"",""source_size"":6507}"
findings/AST-15-exfat-cold-tail-guard-reentry/meta.json	findings/AST-15-exfat-cold-tail-guard-reentry/meta.json	file	0644	0	4128	1c0c785d513c2eeee9bbc80c88194b503e82056475d4184c812952b763076a10		copy	source-evidence		"{""archive_timestamp"":[2026,9,24,15,32,2],""source_path"":""findings/AST-15-exfat-cold-tail-guard-reentry/meta.json"",""source_sha256"":""1c0c785d513c2eeee9bbc80c88194b503e82056475d4184c812952b763076a10"",""source_size"":4128}"
findings/AST-15-exfat-cold-tail-guard-reentry/repro/README.md	findings/AST-15-exfat-cold-tail-guard-reentry/repro/README.md	file	0644	0	2465	0d4b94b7b9a5e6cb052f2a70d85a94b1d0479501d2872e3d2f07eebda36c483a		copy	source-evidence		"{""archive_timestamp"":[2026,9,24,15,32,56],""source_path"":""findings/AST-15-exfat-cold-tail-guard-reentry/repro/README.md"",""source_sha256"":""0d4b94b7b9a5e6cb052f2a70d85a94b1d0479501d2872e3d2f07eebda36c483a"",""source_size"":2465}"
findings/AST-15-exfat-cold-tail-guard-reentry/repro/test_bugCR-2_exfat_resize_tailclear.c	findings/AST-15-exfat-cold-tail-guard-reentry/repro/test_bugCR-2_exfat_resize_tailclear.c	file	0644	0	7097	c239149e0fa64ca07dd05b51fe108d0d143a9b96ca4fe8828ad85ced22e6c28f		copy	source-evidence		"{""archive_timestamp"":[2026,9,24,15,11,34],""source_path"":""findings/AST-15-exfat-cold-tail-guard-reentry/repro/test_bugCR-2_exfat_resize_tailclear.c"",""source_sha256"":""c239149e0fa64ca07dd05b51fe108d0d143a9b96ca4fe8828ad85ced22e6c28f"",""source_size"":7097}"
findings/AST-15-exfat-cold-tail-guard-reentry/repro/test_bugCR-2_run.sh	findings/AST-15-exfat-cold-tail-guard-reentry/repro/test_bugCR-2_run.sh	file	0755	0	4578	6e4e2bfff2db8b1d6ed3b53101ad58fce9604b5ae58b91144b3eae51a06937f9		copy	source-evidence		"{""archive_timestamp"":[2026,9,24,15,11,34],""source_path"":""findings/AST-15-exfat-cold-tail-guard-reentry/repro/test_bugCR-2_run.sh"",""source_sha256"":""6e4e2bfff2db8b1d6ed3b53101ad58fce9604b5ae58b91144b3eae51a06937f9"",""source_size"":4578}"
findings/AST-16-epoll-copyout-efault-loses-edge-readiness/finding.md	findings/AST-16-epoll-copyout-efault-loses-edge-readiness/finding.md	file	0644	0	7583	4950a0b251bab2903f0b3d60470e532478b6b24e2047cb920139dedeaf92aa46		copy	source-evidence		"{""archive_timestamp"":[2026,9,24,15,14,34],""source_path"":""findings/AST-16-epoll-copyout-efault-loses-edge-readiness/finding.md"",""source_sha256"":""4950a0b251bab2903f0b3d60470e532478b6b24e2047cb920139dedeaf92aa46"",""source_size"":7583}"
findings/AST-16-epoll-copyout-efault-loses-edge-readiness/meta.json	findings/AST-16-epoll-copyout-efault-loses-edge-readiness/meta.json	file	0644	0	4995	6ab4c0940b86ced8f186ba94c1acca0d5ebaebfd61a2c9ecb999d8db9b29a1c2		copy	source-evidence		"{""archive_timestamp"":[2026,9,24,15,51,28],""source_path"":""findings/AST-16-epoll-copyout-efault-loses-edge-readiness/meta.json"",""source_sha256"":""6ab4c0940b86ced8f186ba94c1acca0d5ebaebfd61a2c9ecb999d8db9b29a1c2"",""source_size"":4995}"
findings/AST-16-epoll-copyout-efault-loses-edge-readiness/repro/README.md	findings/AST-16-epoll-copyout-efault-loses-edge-readiness/repro/README.md	file	0644	0	4702	86471625a85e7192f178a8767384b3d82dd34c827705694908b1db6d950fbb96		copy	source-evidence		"{""archive_timestamp"":[2026,9,24,15,30,0],""source_path"":""findings/AST-16-epoll-copyout-efault-loses-edge-readiness/repro/README.md"",""source_sha256"":""86471625a85e7192f178a8767384b3d82dd34c827705694908b1db6d950fbb96"",""source_size"":4702}"
findings/AST-16-epoll-copyout-efault-loses-edge-readiness/repro/specula-initramfs-plumbing.patch	findings/AST-16-epoll-copyout-efault-loses-edge-readiness/repro/specula-initramfs-plumbing.patch	file	0644	0	6994	59a65cbddd128772aace6acb0ef17a7fff61a6106ed5209ef4a45c3ef42a10bd		copy	source-evidence		"{""archive_timestamp"":[2026,9,24,15,11,16],""source_path"":""findings/AST-16-epoll-copyout-efault-loses-edge-readiness/repro/specula-initramfs-plumbing.patch"",""source_sha256"":""59a65cbddd128772aace6acb0ef17a7fff61a6106ed5209ef4a45c3ef42a10bd"",""source_size"":6994}"
findings/AST-16-epoll-copyout-efault-loses-edge-readiness/repro/specula_validation.c	findings/AST-16-epoll-copyout-efault-loses-edge-readiness/repro/specula_validation.c	file	0644	0	8191	ea4a8a7c80006146d064ed73d2d665aad1a371934cb63abfcfbd7ba2b71d8aaa		copy	source-evidence		"{""archive_timestamp"":[2026,9,24,15,11,16],""source_path"":""findings/AST-16-epoll-copyout-efault-loses-edge-readiness/repro/specula_validation.c"",""source_sha256"":""ea4a8a7c80006146d064ed73d2d665aad1a371934cb63abfcfbd7ba2b71d8aaa"",""source_size"":8191}"
findings/AST-16-epoll-copyout-efault-loses-edge-readiness/repro/test_bug1_epoll_efault_et.c	findings/AST-16-epoll-copyout-efault-loses-edge-readiness/repro/test_bug1_epoll_efault_et.c	file	0644	0	1159	adba1849e28b0d58b6bf9677225a16e2dabe1646dff2602a507363415f06b5cc		copy	source-evidence		"{""archive_timestamp"":[2026,9,24,15,11,16],""source_path"":""findings/AST-16-epoll-copyout-efault-loses-edge-readiness/repro/test_bug1_epoll_efault_et.c"",""source_sha256"":""adba1849e28b0d58b6bf9677225a16e2dabe1646dff2602a507363415f06b5cc"",""source_size"":1159}"
findings/AST-16-epoll-copyout-efault-loses-edge-readiness/repro/test_bugMC-1_challenger.c	findings/AST-16-epoll-copyout-efault-loses-edge-readiness/repro/test_bugMC-1_challenger.c	file	0644	0	3406	7cb6fcf6d961239ae93c8d7cb41ea753b5736e72994ea9e2a080955932e86664		copy	source-evidence		"{""archive_timestamp"":[2026,9,24,15,11,16],""source_path"":""findings/AST-16-epoll-copyout-efault-loses-edge-readiness/repro/test_bugMC-1_challenger.c"",""source_sha256"":""7cb6fcf6d961239ae93c8d7cb41ea753b5736e72994ea9e2a080955932e86664"",""source_size"":3406}"
findings/AST-17-epoll-oneshot-disabled-before-delivery/finding.md	findings/AST-17-epoll-oneshot-disabled-before-delivery/finding.md	file	0644	0	7043	a494bab618d5005deec918e8934d75cf025e5ba8f29b4afa8025e5dd7cee95d6		copy	source-evidence		"{""archive_timestamp"":[2026,9,24,15,15,26],""source_path"":""findings/AST-17-epoll-oneshot-disabled-before-delivery/finding.md"",""source_sha256"":""a494bab618d5005deec918e8934d75cf025e5ba8f29b4afa8025e5dd7cee95d6"",""source_size"":7043}"
findings/AST-17-epoll-oneshot-disabled-before-delivery/meta.json	findings/AST-17-epoll-oneshot-disabled-before-delivery/meta.json	file	0644	0	5017	7f08b05b218e79a8f339bb1153e17499381ed8eb5cccd2d05d10a19ee5d2a84d		copy	source-evidence		"{""archive_timestamp"":[2026,9,24,15,51,28],""source_path"":""findings/AST-17-epoll-oneshot-disabled-before-delivery/meta.json"",""source_sha256"":""7f08b05b218e79a8f339bb1153e17499381ed8eb5cccd2d05d10a19ee5d2a84d"",""source_size"":5017}"
findings/AST-17-epoll-oneshot-disabled-before-delivery/repro/README.md	findings/AST-17-epoll-oneshot-disabled-before-delivery/repro/README.md	file	0644	0	4183	67a7a1ee660b0844bfa8b31136b871936ae5ae429191f2ac52302c0dc4be2d27		copy	source-evidence		"{""archive_timestamp"":[2026,9,24,15,15,54],""source_path"":""findings/AST-17-epoll-oneshot-disabled-before-delivery/repro/README.md"",""source_sha256"":""67a7a1ee660b0844bfa8b31136b871936ae5ae429191f2ac52302c0dc4be2d27"",""source_size"":4183}"
findings/AST-17-epoll-oneshot-disabled-before-delivery/repro/specula-initramfs-plumbing.patch	findings/AST-17-epoll-oneshot-disabled-before-delivery/repro/specula-initramfs-plumbing.patch	file	0644	0	6994	59a65cbddd128772aace6acb0ef17a7fff61a6106ed5209ef4a45c3ef42a10bd		copy	source-evidence		"{""archive_timestamp"":[2026,9,24,15,11,16],""source_path"":""findings/AST-17-epoll-oneshot-disabled-before-delivery/repro/specula-initramfs-plumbing.patch"",""source_sha256"":""59a65cbddd128772aace6acb0ef17a7fff61a6106ed5209ef4a45c3ef42a10bd"",""source_size"":6994}"
findings/AST-17-epoll-oneshot-disabled-before-delivery/repro/specula_validation.c	findings/AST-17-epoll-oneshot-disabled-before-delivery/repro/specula_validation.c	file	0644	0	8191	ea4a8a7c80006146d064ed73d2d665aad1a371934cb63abfcfbd7ba2b71d8aaa		copy	source-evidence		"{""archive_timestamp"":[2026,9,24,15,11,16],""source_path"":""findings/AST-17-epoll-oneshot-disabled-before-delivery/repro/specula_validation.c"",""source_sha256"":""ea4a8a7c80006146d064ed73d2d665aad1a371934cb63abfcfbd7ba2b71d8aaa"",""source_size"":8191}"
findings/AST-17-epoll-oneshot-disabled-before-delivery/repro/test_bug2_epoll_efault_oneshot.c	findings/AST-17-epoll-oneshot-disabled-before-delivery/repro/test_bug2_epoll_efault_oneshot.c	file	0644	0	1174	5e63b8c7db89a3f6ffe90c2a5a046ffd7c0a63f9f36af4c5993e14df01de67da		copy	source-evidence		"{""archive_timestamp"":[2026,9,24,15,11,16],""source_path"":""findings/AST-17-epoll-oneshot-disabled-before-delivery/repro/test_bug2_epoll_efault_oneshot.c"",""source_sha256"":""5e63b8c7db89a3f6ffe90c2a5a046ffd7c0a63f9f36af4c5993e14df01de67da"",""source_size"":1174}"
findings/AST-17-epoll-oneshot-disabled-before-delivery/repro/test_bugMC-2_challenge.c	findings/AST-17-epoll-oneshot-disabled-before-delivery/repro/test_bugMC-2_challenge.c	file	0644	0	2161	8af2ce7b9cb2a7b6ab5eac88d8af1ea3045961fc1c618a360b891682659a3d2f		copy	source-evidence		"{""archive_timestamp"":[2026,9,24,15,11,16],""source_path"":""findings/AST-17-epoll-oneshot-disabled-before-delivery/repro/test_bugMC-2_challenge.c"",""source_sha256"":""8af2ce7b9cb2a7b6ab5eac88d8af1ea3045961fc1c618a360b891682659a3d2f"",""source_size"":2161}"
findings/AST-17-epoll-oneshot-disabled-before-delivery/repro/test_bugMC-2_oneshot_efault.sh	findings/AST-17-epoll-oneshot-disabled-before-delivery/repro/test_bugMC-2_oneshot_efault.sh	file	0755	0	1147	0644335afb87e0faf74529be21b9d901f056f5bd3165301dfaf8144d1d5e43b4		copy	source-evidence		"{""archive_timestamp"":[2026,9,24,15,11,16],""source_path"":""findings/AST-17-epoll-oneshot-disabled-before-delivery/repro/test_bugMC-2_oneshot_efault.sh"",""source_sha256"":""0644335afb87e0faf74529be21b9d901f056f5bd3165301dfaf8144d1d5e43b4"",""source_size"":1147}"
findings/AST-18-final-close-dead-epoll-interest/finding.md	findings/AST-18-final-close-dead-epoll-interest/finding.md	file	0644	0	7564	9c101228892b1b20b112036b19cc3bc490431749bb3dd9f68b9817daa74d436d		copy	source-evidence		"{""archive_timestamp"":[2026,9,24,15,16,24],""source_path"":""findings/AST-18-final-close-dead-epoll-interest/finding.md"",""source_sha256"":""9c101228892b1b20b112036b19cc3bc490431749bb3dd9f68b9817daa74d436d"",""source_size"":7564}"
findings/AST-18-final-close-dead-epoll-interest/meta.json	findings/AST-18-final-close-dead-epoll-interest/meta.json	file	0644	0	4954	f753e4be1af518a4681928a44b21db9674baaf5fb21062cf82474d1a8eb55a8b		copy	source-evidence		"{""archive_timestamp"":[2026,9,24,15,28,36],""source_path"":""findings/AST-18-final-close-dead-epoll-interest/meta.json"",""source_sha256"":""f753e4be1af518a4681928a44b21db9674baaf5fb21062cf82474d1a8eb55a8b"",""source_size"":4954}"
findings/AST-18-final-close-dead-epoll-interest/repro/README.md	findings/AST-18-final-close-dead-epoll-interest/repro/README.md	file	0644	0	3887	7a4d8a24747eee4a87315fc10be5b0c376bca140e6583fb6c3fb52367642c9e6		copy	source-evidence		"{""archive_timestamp"":[2026,9,24,15,16,52],""source_path"":""findings/AST-18-final-close-dead-epoll-interest/repro/README.md"",""source_sha256"":""7a4d8a24747eee4a87315fc10be5b0c376bca140e6583fb6c3fb52367642c9e6"",""source_size"":3887}"
findings/AST-18-final-close-dead-epoll-interest/repro/specula-initramfs-plumbing.patch	findings/AST-18-final-close-dead-epoll-interest/repro/specula-initramfs-plumbing.patch	file	0644	0	6994	59a65cbddd128772aace6acb0ef17a7fff61a6106ed5209ef4a45c3ef42a10bd		copy	source-evidence		"{""archive_timestamp"":[2026,9,24,15,11,16],""source_path"":""findings/AST-18-final-close-dead-epoll-interest/repro/specula-initramfs-plumbing.patch"",""source_sha256"":""59a65cbddd128772aace6acb0ef17a7fff61a6106ed5209ef4a45c3ef42a10bd"",""source_size"":6994}"
findings/AST-18-final-close-dead-epoll-interest/repro/specula_validation.c	findings/AST-18-final-close-dead-epoll-interest/repro/specula_validation.c	file	0644	0	8191	ea4a8a7c80006146d064ed73d2d665aad1a371934cb63abfcfbd7ba2b71d8aaa		copy	source-evidence		"{""archive_timestamp"":[2026,9,24,15,11,16],""source_path"":""findings/AST-18-final-close-dead-epoll-interest/repro/specula_validation.c"",""source_sha256"":""ea4a8a7c80006146d064ed73d2d665aad1a371934cb63abfcfbd7ba2b71d8aaa"",""source_size"":8191}"
findings/AST-18-final-close-dead-epoll-interest/repro/test_bug4_epoll_dead_interest.c	findings/AST-18-final-close-dead-epoll-interest/repro/test_bug4_epoll_dead_interest.c	file	0644	0	1460	908c279935c3dbd9b61c52a45d9907a2ece7397e1845b5738bf2a81605df1fbc		copy	source-evidence		"{""archive_timestamp"":[2026,9,24,15,11,16],""source_path"":""findings/AST-18-final-close-dead-epoll-interest/repro/test_bug4_epoll_dead_interest.c"",""source_sha256"":""908c279935c3dbd9b61c52a45d9907a2ece7397e1845b5738bf2a81605df1fbc"",""source_size"":1460}"
findings/AST-18-final-close-dead-epoll-interest/repro/test_bugMC-3_dead_interest.c	findings/AST-18-final-close-dead-epoll-interest/repro/test_bugMC-3_dead_interest.c	file	0644	0	3008	6687871d081a991d0e31fe0f45be27c07b3b30916e014136a44747e0e982c851		copy	source-evidence		"{""archive_timestamp"":[2026,9,24,15,11,16],""source_path"":""findings/AST-18-final-close-dead-epoll-interest/repro/test_bugMC-3_dead_interest.c"",""source_sha256"":""6687871d081a991d0e31fe0f45be27c07b3b30916e014136a44747e0e982c851"",""source_size"":3008}"
findings/AST-19-consumed-timerfd-stale-poll-cache/finding.md	findings/AST-19-consumed-timerfd-stale-poll-cache/finding.md	file	0644	0	8183	9445e8db959dabdcd5545b259f04fd5695b6a580162f6617c0a15837c688d5a3		copy	source-evidence		"{""archive_timestamp"":[2026,9,24,15,17,28],""source_path"":""findings/AST-19-consumed-timerfd-stale-poll-cache/finding.md"",""source_sha256"":""9445e8db959dabdcd5545b259f04fd5695b6a580162f6617c0a15837c688d5a3"",""source_size"":8183}"
findings/AST-19-consumed-timerfd-stale-poll-cache/meta.json	findings/AST-19-consumed-timerfd-stale-poll-cache/meta.json	file	0644	0	5643	b78d4df87e3897b49a21b7c301267d22b0b3d83f2a4d29a5b45ec6aca28a7f04		copy	source-evidence		"{""archive_timestamp"":[2026,9,24,15,51,28],""source_path"":""findings/AST-19-consumed-timerfd-stale-poll-cache/meta.json"",""source_sha256"":""b78d4df87e3897b49a21b7c301267d22b0b3d83f2a4d29a5b45ec6aca28a7f04"",""source_size"":5643}"
findings/AST-19-consumed-timerfd-stale-poll-cache/repro/README.md	findings/AST-19-consumed-timerfd-stale-poll-cache/repro/README.md	file	0644	0	6002	a6faced80c451969882e27d6e06d15d448614e991fb2eace194f11a250a3dc76		copy	source-evidence		"{""archive_timestamp"":[2026,9,24,15,18,40],""source_path"":""findings/AST-19-consumed-timerfd-stale-poll-cache/repro/README.md"",""source_sha256"":""a6faced80c451969882e27d6e06d15d448614e991fb2eace194f11a250a3dc76"",""source_size"":6002}"
findings/AST-19-consumed-timerfd-stale-poll-cache/repro/specula-initramfs-plumbing.patch	findings/AST-19-consumed-timerfd-stale-poll-cache/repro/specula-initramfs-plumbing.patch	file	0644	0	6994	59a65cbddd128772aace6acb0ef17a7fff61a6106ed5209ef4a45c3ef42a10bd		copy	source-evidence		"{""archive_timestamp"":[2026,9,24,15,11,16],""source_path"":""findings/AST-19-consumed-timerfd-stale-poll-cache/repro/specula-initramfs-plumbing.patch"",""source_sha256"":""59a65cbddd128772aace6acb0ef17a7fff61a6106ed5209ef4a45c3ef42a10bd"",""source_size"":6994}"
findings/AST-19-consumed-timerfd-stale-poll-cache/repro/specula_validation.c	findings/AST-19-consumed-timerfd-stale-poll-cache/repro/specula_validation.c	file	0644	0	8191	ea4a8a7c80006146d064ed73d2d665aad1a371934cb63abfcfbd7ba2b71d8aaa		copy	source-evidence		"{""archive_timestamp"":[2026,9,24,15,11,16],""source_path"":""findings/AST-19-consumed-timerfd-stale-poll-cache/repro/specula_validation.c"",""source_sha256"":""ea4a8a7c80006146d064ed73d2d665aad1a371934cb63abfcfbd7ba2b71d8aaa"",""source_size"":8191}"
findings/AST-19-consumed-timerfd-stale-poll-cache/repro/test_bug3_timerfd_cache.c	findings/AST-19-consumed-timerfd-stale-poll-cache/repro/test_bug3_timerfd_cache.c	file	0644	0	1062	97ba447eb03f8b3a583b8158a66fdcac0aa26f241028bc7a3b19be020fe1e274		copy	source-evidence		"{""archive_timestamp"":[2026,9,24,15,11,16],""source_path"":""findings/AST-19-consumed-timerfd-stale-poll-cache/repro/test_bug3_timerfd_cache.c"",""source_sha256"":""97ba447eb03f8b3a583b8158a66fdcac0aa26f241028bc7a3b19be020fe1e274"",""source_size"":1062}"
findings/AST-19-consumed-timerfd-stale-poll-cache/repro/test_bugMC-4_challenge-init.sh	findings/AST-19-consumed-timerfd-stale-poll-cache/repro/test_bugMC-4_challenge-init.sh	file	0755	0	178	133f7f342a3e3c139ecc72ed2fd5b3051fbf30631a2428c1f37335885f95b6ce		copy	source-evidence		"{""archive_timestamp"":[2026,9,24,15,11,16],""source_path"":""findings/AST-19-consumed-timerfd-stale-poll-cache/repro/test_bugMC-4_challenge-init.sh"",""source_sha256"":""133f7f342a3e3c139ecc72ed2fd5b3051fbf30631a2428c1f37335885f95b6ce"",""source_size"":178}"
findings/AST-19-consumed-timerfd-stale-poll-cache/repro/test_bugMC-4_challenge.c	findings/AST-19-consumed-timerfd-stale-poll-cache/repro/test_bugMC-4_challenge.c	file	0644	0	2712	ec37a38dc6741566209aec60941054e59bf6eca689d356a0d1d29f1b78db78be		copy	source-evidence		"{""archive_timestamp"":[2026,9,24,15,11,16],""source_path"":""findings/AST-19-consumed-timerfd-stale-poll-cache/repro/test_bugMC-4_challenge.c"",""source_sha256"":""ec37a38dc6741566209aec60941054e59bf6eca689d356a0d1d29f1b78db78be"",""source_size"":2712}"
findings/AST-19-consumed-timerfd-stale-poll-cache/repro/test_bugMC-4_guest-init.sh	findings/AST-19-consumed-timerfd-stale-poll-cache/repro/test_bugMC-4_guest-init.sh	file	0755	0	180	5f0f757cd2e605dd054a4169df556db4dccd7d7c2fcc85b3b9309f9ad26668a0		copy	source-evidence		"{""archive_timestamp"":[2026,9,24,15,11,16],""source_path"":""findings/AST-19-consumed-timerfd-stale-poll-cache/repro/test_bugMC-4_guest-init.sh"",""source_sha256"":""5f0f757cd2e605dd054a4169df556db4dccd7d7c2fcc85b3b9309f9ad26668a0"",""source_size"":180}"
findings/AST-19-consumed-timerfd-stale-poll-cache/repro/test_bugMC-4_timerfd_cache.c	findings/AST-19-consumed-timerfd-stale-poll-cache/repro/test_bugMC-4_timerfd_cache.c	file	0644	0	2566	a81b8b0d697ad99c97a0b63618aca5fcbfbfeb0203b93e8e601465f88b3081f5		copy	source-evidence		"{""archive_timestamp"":[2026,9,24,15,11,16],""source_path"":""findings/AST-19-consumed-timerfd-stale-poll-cache/repro/test_bugMC-4_timerfd_cache.c"",""source_sha256"":""a81b8b0d697ad99c97a0b63618aca5fcbfbfeb0203b93e8e601465f88b3081f5"",""source_size"":2566}"
findings/AST-20-signalfd-mask-change-omits-readiness/finding.md	findings/AST-20-signalfd-mask-change-omits-readiness/finding.md	file	0644	0	7906	1fe512c9593bcc736a3375cf25e2af6b04bcc777ff97229c1f3f5666eaf15751		copy	source-evidence		"{""archive_timestamp"":[2026,9,24,15,18,40],""source_path"":""findings/AST-20-signalfd-mask-change-omits-readiness/finding.md"",""source_sha256"":""1fe512c9593bcc736a3375cf25e2af6b04bcc777ff97229c1f3f5666eaf15751"",""source_size"":7906}"
findings/AST-20-signalfd-mask-change-omits-readiness/meta.json	findings/AST-20-signalfd-mask-change-omits-readiness/meta.json	file	0644	0	5408	5132ffa485d54288a194da7d5415bfb68506e7e9471a9a0c19bb63958cd07adf		copy	source-evidence		"{""archive_timestamp"":[2026,9,24,15,51,28],""source_path"":""findings/AST-20-signalfd-mask-change-omits-readiness/meta.json"",""source_sha256"":""5132ffa485d54288a194da7d5415bfb68506e7e9471a9a0c19bb63958cd07adf"",""source_size"":5408}"
findings/AST-20-signalfd-mask-change-omits-readiness/repro/README.md	findings/AST-20-signalfd-mask-change-omits-readiness/repro/README.md	file	0644	0	5848	2c413a36b5254467e8a576600307dde6908973efa22165e2b606a0520fd11b9c		copy	source-evidence		"{""archive_timestamp"":[2026,9,24,15,19,8],""source_path"":""findings/AST-20-signalfd-mask-change-omits-readiness/repro/README.md"",""source_sha256"":""2c413a36b5254467e8a576600307dde6908973efa22165e2b606a0520fd11b9c"",""source_size"":5848}"
findings/AST-20-signalfd-mask-change-omits-readiness/repro/specula-initramfs-plumbing.patch	findings/AST-20-signalfd-mask-change-omits-readiness/repro/specula-initramfs-plumbing.patch	file	0644	0	6994	59a65cbddd128772aace6acb0ef17a7fff61a6106ed5209ef4a45c3ef42a10bd		copy	source-evidence		"{""archive_timestamp"":[2026,9,24,15,11,16],""source_path"":""findings/AST-20-signalfd-mask-change-omits-readiness/repro/specula-initramfs-plumbing.patch"",""source_sha256"":""59a65cbddd128772aace6acb0ef17a7fff61a6106ed5209ef4a45c3ef42a10bd"",""source_size"":6994}"
findings/AST-20-signalfd-mask-change-omits-readiness/repro/specula_validation.c	findings/AST-20-signalfd-mask-change-omits-readiness/repro/specula_validation.c	file	0644	0	8191	ea4a8a7c80006146d064ed73d2d665aad1a371934cb63abfcfbd7ba2b71d8aaa		copy	source-evidence		"{""archive_timestamp"":[2026,9,24,15,11,16],""source_path"":""findings/AST-20-signalfd-mask-change-omits-readiness/repro/specula_validation.c"",""source_sha256"":""ea4a8a7c80006146d064ed73d2d665aad1a371934cb63abfcfbd7ba2b71d8aaa"",""source_size"":8191}"
findings/AST-20-signalfd-mask-change-omits-readiness/repro/test_bug5_signalfd_mask_transition.c	findings/AST-20-signalfd-mask-change-omits-readiness/repro/test_bug5_signalfd_mask_transition.c	file	0644	0	1238	66d4540dc42a5d40ed5889afb56b2fe08456a05649a2f8bcc668cb1a241620b4		copy	source-evidence		"{""archive_timestamp"":[2026,9,24,15,11,16],""source_path"":""findings/AST-20-signalfd-mask-change-omits-readiness/repro/test_bug5_signalfd_mask_transition.c"",""source_sha256"":""66d4540dc42a5d40ed5889afb56b2fe08456a05649a2f8bcc668cb1a241620b4"",""source_size"":1238}"
findings/AST-20-signalfd-mask-change-omits-readiness/repro/test_bugMC-5_exact_counterexample.c	findings/AST-20-signalfd-mask-change-omits-readiness/repro/test_bugMC-5_exact_counterexample.c	file	0644	0	3871	3cb65fe02b966e203439f46c50b1f43fabb51db150f69467ae728a2d7a6ca053		copy	source-evidence		"{""archive_timestamp"":[2026,9,24,15,11,16],""source_path"":""findings/AST-20-signalfd-mask-change-omits-readiness/repro/test_bugMC-5_exact_counterexample.c"",""source_sha256"":""3cb65fe02b966e203439f46c50b1f43fabb51db150f69467ae728a2d7a6ca053"",""source_size"":3871}"
findings/AST-20-signalfd-mask-change-omits-readiness/repro/test_bugMC-5_exact_counterexample.nix	findings/AST-20-signalfd-mask-change-omits-readiness/repro/test_bugMC-5_exact_counterexample.nix	file	0644	0	1313	8ba37154d474b27d01430423d7ef40dccff319c51c4ad56da83e9d6945ad43f3		copy	source-evidence		"{""archive_timestamp"":[2026,9,24,15,11,16],""source_path"":""findings/AST-20-signalfd-mask-change-omits-readiness/repro/test_bugMC-5_exact_counterexample.nix"",""source_sha256"":""8ba37154d474b27d01430423d7ef40dccff319c51c4ad56da83e9d6945ad43f3"",""source_size"":1313}"
findings/AST-20-signalfd-mask-change-omits-readiness/repro/test_bugMC-5_exact_counterexample.sh	findings/AST-20-signalfd-mask-change-omits-readiness/repro/test_bugMC-5_exact_counterexample.sh	file	0755	0	1865	2b8c20bee341c785394aaafb478dba993043717cce1fa3e5f8e3e7814e1eb4d7		copy	source-evidence		"{""archive_timestamp"":[2026,9,24,15,11,16],""source_path"":""findings/AST-20-signalfd-mask-change-omits-readiness/repro/test_bugMC-5_exact_counterexample.sh"",""source_sha256"":""2b8c20bee341c785394aaafb478dba993043717cce1fa3e5f8e3e7814e1eb4d7"",""source_size"":1865}"
findings/AST-20-signalfd-mask-change-omits-readiness/repro/test_bugMC-5_signalfd_mask_transition.c	findings/AST-20-signalfd-mask-change-omits-readiness/repro/test_bugMC-5_signalfd_mask_transition.c	file	0644	0	2796	e354b6c4d0826581cc2c7d6eabb81e79fc66de75b43799ed9a2ff0091e8ba1d8		copy	source-evidence		"{""archive_timestamp"":[2026,9,24,15,11,16],""source_path"":""findings/AST-20-signalfd-mask-change-omits-readiness/repro/test_bugMC-5_signalfd_mask_transition.c"",""source_sha256"":""e354b6c4d0826581cc2c7d6eabb81e79fc66de75b43799ed9a2ff0091e8ba1d8"",""source_size"":2796}"
findings/AST-20-signalfd-mask-change-omits-readiness/repro/test_bugMC-5_signalfd_mask_transition.nix	findings/AST-20-signalfd-mask-change-omits-readiness/repro/test_bugMC-5_signalfd_mask_transition.nix	file	0644	0	1333	1994647b01d0c0f3a2d6b53229dc953e6b6593f566145b3eba6291d89abd25d2		copy	source-evidence		"{""archive_timestamp"":[2026,9,24,15,11,16],""source_path"":""findings/AST-20-signalfd-mask-change-omits-readiness/repro/test_bugMC-5_signalfd_mask_transition.nix"",""source_sha256"":""1994647b01d0c0f3a2d6b53229dc953e6b6593f566145b3eba6291d89abd25d2"",""source_size"":1333}"
findings/AST-20-signalfd-mask-change-omits-readiness/repro/test_bugMC-5_signalfd_mask_transition.sh	findings/AST-20-signalfd-mask-change-omits-readiness/repro/test_bugMC-5_signalfd_mask_transition.sh	file	0755	0	2033	03f4c3121598c416114383169bb08f556521eb870d44a23db7770d97108e5820		copy	source-evidence		"{""archive_timestamp"":[2026,9,24,15,11,16],""source_path"":""findings/AST-20-signalfd-mask-change-omits-readiness/repro/test_bugMC-5_signalfd_mask_transition.sh"",""source_sha256"":""03f4c3121598c416114383169bb08f556521eb870d44a23db7770d97108e5820"",""source_size"":2033}"
findings/AST-21-poll-timeout-after-timerfd-readable/finding.md	findings/AST-21-poll-timeout-after-timerfd-readable/finding.md	file	0644	0	8993	0f6a65a2406c3a7ab3239a58ace5c9e90fa5b68206b05aee6bb0a2e7eeaf6ad7		copy	source-evidence		"{""archive_timestamp"":[2026,9,24,15,20,58],""source_path"":""findings/AST-21-poll-timeout-after-timerfd-readable/finding.md"",""source_sha256"":""0f6a65a2406c3a7ab3239a58ace5c9e90fa5b68206b05aee6bb0a2e7eeaf6ad7"",""source_size"":8993}"
findings/AST-21-poll-timeout-after-timerfd-readable/meta.json	findings/AST-21-poll-timeout-after-timerfd-readable/meta.json	file	0644	0	5630	2a7d04e0c0d4a71b4d8532511a4d1474a54bf3d329feca156228b7dbece00acb		copy	source-evidence		"{""archive_timestamp"":[2026,9,24,15,51,28],""source_path"":""findings/AST-21-poll-timeout-after-timerfd-readable/meta.json"",""source_sha256"":""2a7d04e0c0d4a71b4d8532511a4d1474a54bf3d329feca156228b7dbece00acb"",""source_size"":5630}"
findings/AST-21-poll-timeout-after-timerfd-readable/repro/README.md	findings/AST-21-poll-timeout-after-timerfd-readable/repro/README.md	file	0644	0	5314	2ff6df0724c1a277080be0bebb8c9c21847a0191e3507b1da282dfee7b33c2db		copy	source-evidence		"{""archive_timestamp"":[2026,9,24,15,20,36],""source_path"":""findings/AST-21-poll-timeout-after-timerfd-readable/repro/README.md"",""source_sha256"":""2ff6df0724c1a277080be0bebb8c9c21847a0191e3507b1da282dfee7b33c2db"",""source_size"":5314}"
findings/AST-21-poll-timeout-after-timerfd-readable/repro/specula-initramfs-plumbing.patch	findings/AST-21-poll-timeout-after-timerfd-readable/repro/specula-initramfs-plumbing.patch	file	0644	0	6994	59a65cbddd128772aace6acb0ef17a7fff61a6106ed5209ef4a45c3ef42a10bd		copy	source-evidence		"{""archive_timestamp"":[2026,9,24,15,11,16],""source_path"":""findings/AST-21-poll-timeout-after-timerfd-readable/repro/specula-initramfs-plumbing.patch"",""source_sha256"":""59a65cbddd128772aace6acb0ef17a7fff61a6106ed5209ef4a45c3ef42a10bd"",""source_size"":6994}"
findings/AST-21-poll-timeout-after-timerfd-readable/repro/specula_validation.c	findings/AST-21-poll-timeout-after-timerfd-readable/repro/specula_validation.c	file	0644	0	8191	ea4a8a7c80006146d064ed73d2d665aad1a371934cb63abfcfbd7ba2b71d8aaa		copy	source-evidence		"{""archive_timestamp"":[2026,9,24,15,11,16],""source_path"":""findings/AST-21-poll-timeout-after-timerfd-readable/repro/specula_validation.c"",""source_sha256"":""ea4a8a7c80006146d064ed73d2d665aad1a371934cb63abfcfbd7ba2b71d8aaa"",""source_size"":8191}"
findings/AST-21-poll-timeout-after-timerfd-readable/repro/test_bug6_poll_timeout_race.c	findings/AST-21-poll-timeout-after-timerfd-readable/repro/test_bug6_poll_timeout_race.c	file	0644	0	1574	8700a82bb4106cc21d8773a140dbbe7650ff19e9d3516a3ec59085d9cbae7fc5		copy	source-evidence		"{""archive_timestamp"":[2026,9,24,15,11,16],""source_path"":""findings/AST-21-poll-timeout-after-timerfd-readable/repro/test_bug6_poll_timeout_race.c"",""source_sha256"":""8700a82bb4106cc21d8773a140dbbe7650ff19e9d3516a3ec59085d9cbae7fc5"",""source_size"":1574}"
findings/AST-21-poll-timeout-after-timerfd-readable/repro/test_bugMC-6_ordered_timerfd_poll.c	findings/AST-21-poll-timeout-after-timerfd-readable/repro/test_bugMC-6_ordered_timerfd_poll.c	file	0644	0	5730	2d6fa44c934228135b3c58e1b3bad560bbd42dc1f29ee605755ab604220a5167		copy	source-evidence		"{""archive_timestamp"":[2026,9,24,15,11,16],""source_path"":""findings/AST-21-poll-timeout-after-timerfd-readable/repro/test_bugMC-6_ordered_timerfd_poll.c"",""source_sha256"":""2d6fa44c934228135b3c58e1b3bad560bbd42dc1f29ee605755ab604220a5167"",""source_size"":5730}"
findings/AST-21-poll-timeout-after-timerfd-readable/repro/test_bugMC-6_poll_timeout_race.c	findings/AST-21-poll-timeout-after-timerfd-readable/repro/test_bugMC-6_poll_timeout_race.c	file	0644	0	2385	aa222dffca87231aad4e9edf01a104b183957590f1e790da941cc7fb56bcd9a8		copy	source-evidence		"{""archive_timestamp"":[2026,9,24,15,11,16],""source_path"":""findings/AST-21-poll-timeout-after-timerfd-readable/repro/test_bugMC-6_poll_timeout_race.c"",""source_sha256"":""aa222dffca87231aad4e9edf01a104b183957590f1e790da941cc7fb56bcd9a8"",""source_size"":2385}"
findings/AST-21-poll-timeout-after-timerfd-readable/repro/test_bugMC-6_proc_ordered_timerfd_poll.c	findings/AST-21-poll-timeout-after-timerfd-readable/repro/test_bugMC-6_proc_ordered_timerfd_poll.c	file	0644	0	7594	aa86dd2d88dc4a54be08c9f287cd5ed169a40fb83cfa1404e5976793bd88c026		copy	source-evidence		"{""archive_timestamp"":[2026,9,24,15,11,16],""source_path"":""findings/AST-21-poll-timeout-after-timerfd-readable/repro/test_bugMC-6_proc_ordered_timerfd_poll.c"",""source_sha256"":""aa86dd2d88dc4a54be08c9f287cd5ed169a40fb83cfa1404e5976793bd88c026"",""source_size"":7594}"
findings/AST-22-signalfd-epoll-binds-registering-thread/finding.md	findings/AST-22-signalfd-epoll-binds-registering-thread/finding.md	file	0644	0	8430	d9b4fb77b53b1c49abceb0b95c7874460da8616c5a486febd2bd33dcce210eeb		copy	source-evidence		"{""archive_timestamp"":[2026,9,24,15,25,56],""source_path"":""findings/AST-22-signalfd-epoll-binds-registering-thread/finding.md"",""source_sha256"":""d9b4fb77b53b1c49abceb0b95c7874460da8616c5a486febd2bd33dcce210eeb"",""source_size"":8430}"
findings/AST-22-signalfd-epoll-binds-registering-thread/meta.json	findings/AST-22-signalfd-epoll-binds-registering-thread/meta.json	file	0644	0	5207	db65cc48021db7e5eac42e1d60fa399eeed6fa7933e7d290dd5edf88551db5a4		copy	source-evidence		"{""archive_timestamp"":[2026,9,24,15,51,28],""source_path"":""findings/AST-22-signalfd-epoll-binds-registering-thread/meta.json"",""source_sha256"":""db65cc48021db7e5eac42e1d60fa399eeed6fa7933e7d290dd5edf88551db5a4"",""source_size"":5207}"
findings/AST-22-signalfd-epoll-binds-registering-thread/repro/README.md	findings/AST-22-signalfd-epoll-binds-registering-thread/repro/README.md	file	0644	0	5136	10f806caddd52c9c0a87fa5359c8a5579a20b38020108df474a05f9553846710		copy	source-evidence		"{""archive_timestamp"":[2026,9,24,15,21,20],""source_path"":""findings/AST-22-signalfd-epoll-binds-registering-thread/repro/README.md"",""source_sha256"":""10f806caddd52c9c0a87fa5359c8a5579a20b38020108df474a05f9553846710"",""source_size"":5136}"
findings/AST-22-signalfd-epoll-binds-registering-thread/repro/specula-initramfs-plumbing.patch	findings/AST-22-signalfd-epoll-binds-registering-thread/repro/specula-initramfs-plumbing.patch	file	0644	0	6994	59a65cbddd128772aace6acb0ef17a7fff61a6106ed5209ef4a45c3ef42a10bd		copy	source-evidence		"{""archive_timestamp"":[2026,9,24,15,11,16],""source_path"":""findings/AST-22-signalfd-epoll-binds-registering-thread/repro/specula-initramfs-plumbing.patch"",""source_sha256"":""59a65cbddd128772aace6acb0ef17a7fff61a6106ed5209ef4a45c3ef42a10bd"",""source_size"":6994}"
findings/AST-22-signalfd-epoll-binds-registering-thread/repro/test_bugCR-4_pinned_cargo.sh	findings/AST-22-signalfd-epoll-binds-registering-thread/repro/test_bugCR-4_pinned_cargo.sh	file	0755	0	782	2110dc8c49167a51c3d34cf5d9957120ed564971b6bda70db8dd1d5c222e863e		copy	source-evidence		"{""archive_timestamp"":[2026,9,24,15,11,16],""source_path"":""findings/AST-22-signalfd-epoll-binds-registering-thread/repro/test_bugCR-4_pinned_cargo.sh"",""source_sha256"":""2110dc8c49167a51c3d34cf5d9957120ed564971b6bda70db8dd1d5c222e863e"",""source_size"":782}"
findings/AST-22-signalfd-epoll-binds-registering-thread/repro/test_bugCR-4_preexisting_waiter.c	findings/AST-22-signalfd-epoll-binds-registering-thread/repro/test_bugCR-4_preexisting_waiter.c	file	0644	0	5117	cacdc3efdbfdf6ef6da2c2d733c6fe95414175c011768e1d4a101885870e2842		copy	source-evidence		"{""archive_timestamp"":[2026,9,24,15,11,16],""source_path"":""findings/AST-22-signalfd-epoll-binds-registering-thread/repro/test_bugCR-4_preexisting_waiter.c"",""source_sha256"":""cacdc3efdbfdf6ef6da2c2d733c6fe95414175c011768e1d4a101885870e2842"",""source_size"":5117}"
findings/AST-22-signalfd-epoll-binds-registering-thread/repro/test_bugCR-4_preexisting_waiter.nix	findings/AST-22-signalfd-epoll-binds-registering-thread/repro/test_bugCR-4_preexisting_waiter.nix	file	0644	0	1094	e55b1c7b7e6eb39361f0ffc7720d43520abcdc164258968f958995bc55ba66f6		copy	source-evidence		"{""archive_timestamp"":[2026,9,24,15,11,16],""source_path"":""findings/AST-22-signalfd-epoll-binds-registering-thread/repro/test_bugCR-4_preexisting_waiter.nix"",""source_sha256"":""e55b1c7b7e6eb39361f0ffc7720d43520abcdc164258968f958995bc55ba66f6"",""source_size"":1094}"
findings/AST-22-signalfd-epoll-binds-registering-thread/repro/test_bugCR-4_registration_actor_control.c	findings/AST-22-signalfd-epoll-binds-registering-thread/repro/test_bugCR-4_registration_actor_control.c	file	0644	0	4495	9b595192404a92f3f076373eaddd597c43000e3297d4bfdb394eedf73aac1240		copy	source-evidence		"{""archive_timestamp"":[2026,9,24,15,11,16],""source_path"":""findings/AST-22-signalfd-epoll-binds-registering-thread/repro/test_bugCR-4_registration_actor_control.c"",""source_sha256"":""9b595192404a92f3f076373eaddd597c43000e3297d4bfdb394eedf73aac1240"",""source_size"":4495}"
findings/AST-22-signalfd-epoll-binds-registering-thread/repro/test_bugCR-4_registration_actor_control.nix	findings/AST-22-signalfd-epoll-binds-registering-thread/repro/test_bugCR-4_registration_actor_control.nix	file	0644	0	1142	71c501c3ba6d0aa0fdb2f4b93580f1d5afad5f2f3dabe3c30c2e04faa2962444		copy	source-evidence		"{""archive_timestamp"":[2026,9,24,15,11,16],""source_path"":""findings/AST-22-signalfd-epoll-binds-registering-thread/repro/test_bugCR-4_registration_actor_control.nix"",""source_sha256"":""71c501c3ba6d0aa0fdb2f4b93580f1d5afad5f2f3dabe3c30c2e04faa2962444"",""source_size"":1142}"
findings/AST-22-signalfd-epoll-binds-registering-thread/repro/test_bugCR-4_thread_registration.c	findings/AST-22-signalfd-epoll-binds-registering-thread/repro/test_bugCR-4_thread_registration.c	file	0644	0	6508	e485fd9e79de0e0ea4e7ab9c78c5661ef229f7a45658c19a1f32a6ff7441d8f0		copy	source-evidence		"{""archive_timestamp"":[2026,9,24,15,11,16],""source_path"":""findings/AST-22-signalfd-epoll-binds-registering-thread/repro/test_bugCR-4_thread_registration.c"",""source_sha256"":""e485fd9e79de0e0ea4e7ab9c78c5661ef229f7a45658c19a1f32a6ff7441d8f0"",""source_size"":6508}"
findings/AST-22-signalfd-epoll-binds-registering-thread/repro/test_bugCR-4_thread_registration.nix	findings/AST-22-signalfd-epoll-binds-registering-thread/repro/test_bugCR-4_thread_registration.nix	file	0644	0	1100	5b0c58548b36831c0b4466a1a1d65cf54ec8cda8f1e563b61a4e6f60ccae15bd		copy	source-evidence		"{""archive_timestamp"":[2026,9,24,15,11,16],""source_path"":""findings/AST-22-signalfd-epoll-binds-registering-thread/repro/test_bugCR-4_thread_registration.nix"",""source_sha256"":""5b0c58548b36831c0b4466a1a1d65cf54ec8cda8f1e563b61a4e6f60ccae15bd"",""source_size"":1100}"
findings/AST-22-signalfd-epoll-binds-registering-thread/repro/test_bugCR-4_thread_registration.sh	findings/AST-22-signalfd-epoll-binds-registering-thread/repro/test_bugCR-4_thread_registration.sh	file	0755	0	3174	35ba582d4996186d9d00fb4fdfed1bad84c42d05118cfed4fa212b4cc3214b70		copy	source-evidence		"{""archive_timestamp"":[2026,9,24,15,11,16],""source_path"":""findings/AST-22-signalfd-epoll-binds-registering-thread/repro/test_bugCR-4_thread_registration.sh"",""source_sha256"":""35ba582d4996186d9d00fb4fdfed1bad84c42d05118cfed4fa212b4cc3214b70"",""source_size"":3174}"
findings/AST-23-epoll-pwait-pselect6-timeout-skips-readiness/finding.md	findings/AST-23-epoll-pwait-pselect6-timeout-skips-readiness/finding.md	file	0644	0	8474	047e4ad41a79257e72c6ff0bad3825919c9382442dfd78f6248d2b01a7a65f85		copy	source-evidence		"{""archive_timestamp"":[2026,9,24,15,21,58],""source_path"":""findings/AST-23-epoll-pwait-pselect6-timeout-skips-readiness/finding.md"",""source_sha256"":""047e4ad41a79257e72c6ff0bad3825919c9382442dfd78f6248d2b01a7a65f85"",""source_size"":8474}"
findings/AST-23-epoll-pwait-pselect6-timeout-skips-readiness/meta.json	findings/AST-23-epoll-pwait-pselect6-timeout-skips-readiness/meta.json	file	0644	0	5147	735282032cc5df5691aa3685df4ecf4bc630ab2bec249bd6f28771eccbb31a6b		copy	source-evidence		"{""archive_timestamp"":[2026,9,24,15,51,28],""source_path"":""findings/AST-23-epoll-pwait-pselect6-timeout-skips-readiness/meta.json"",""source_sha256"":""735282032cc5df5691aa3685df4ecf4bc630ab2bec249bd6f28771eccbb31a6b"",""source_size"":5147}"
findings/AST-23-epoll-pwait-pselect6-timeout-skips-readiness/repro/README.md	findings/AST-23-epoll-pwait-pselect6-timeout-skips-readiness/repro/README.md	file	0644	0	3538	56c36bdf3a45bd94ab7cca94bc3a58529083baa086489d1c9f99d73b88bc606d		copy	source-evidence		"{""archive_timestamp"":[2026,9,24,15,22,24],""source_path"":""findings/AST-23-epoll-pwait-pselect6-timeout-skips-readiness/repro/README.md"",""source_sha256"":""56c36bdf3a45bd94ab7cca94bc3a58529083baa086489d1c9f99d73b88bc606d"",""source_size"":3538}"
findings/AST-23-epoll-pwait-pselect6-timeout-skips-readiness/repro/cr5-grub.cfg	findings/AST-23-epoll-pwait-pselect6-timeout-skips-readiness/repro/cr5-grub.cfg	file	0644	0	220	ff31e0594d60ac38e40685e0e25e4a3ea70fe492b94ba8033f45e27027defce3		copy	source-evidence		"{""archive_timestamp"":[2026,9,24,15,11,16],""source_path"":""findings/AST-23-epoll-pwait-pselect6-timeout-skips-readiness/repro/cr5-grub.cfg"",""source_sha256"":""ff31e0594d60ac38e40685e0e25e4a3ea70fe492b94ba8033f45e27027defce3"",""source_size"":220}"
findings/AST-23-epoll-pwait-pselect6-timeout-skips-readiness/repro/run_bugCR-5_asterinas.sh	findings/AST-23-epoll-pwait-pselect6-timeout-skips-readiness/repro/run_bugCR-5_asterinas.sh	file	0755	0	33	d0ded29254a0f361b8233960eefa55505a75eb7e631977336f924d76c343ae42		copy	source-evidence		"{""archive_timestamp"":[2026,9,24,15,11,16],""source_path"":""findings/AST-23-epoll-pwait-pselect6-timeout-skips-readiness/repro/run_bugCR-5_asterinas.sh"",""source_sha256"":""d0ded29254a0f361b8233960eefa55505a75eb7e631977336f924d76c343ae42"",""source_size"":33}"
findings/AST-23-epoll-pwait-pselect6-timeout-skips-readiness/repro/test_bugCR-5_challenge.c	findings/AST-23-epoll-pwait-pselect6-timeout-skips-readiness/repro/test_bugCR-5_challenge.c	file	0644	0	9212	00905812ee1003938c81ddae5c8ff31316dc10599e8a8d1f3095ae8caa3b2be1		copy	source-evidence		"{""archive_timestamp"":[2026,9,24,15,11,16],""source_path"":""findings/AST-23-epoll-pwait-pselect6-timeout-skips-readiness/repro/test_bugCR-5_challenge.c"",""source_sha256"":""00905812ee1003938c81ddae5c8ff31316dc10599e8a8d1f3095ae8caa3b2be1"",""source_size"":9212}"
findings/AST-23-epoll-pwait-pselect6-timeout-skips-readiness/repro/test_bugCR-5_wait_mask.c	findings/AST-23-epoll-pwait-pselect6-timeout-skips-readiness/repro/test_bugCR-5_wait_mask.c	file	0644	0	13448	74f33dabc0141f38b97743fba7cc4d7004c44649eca077eee69f3713e5bc112c		copy	source-evidence		"{""archive_timestamp"":[2026,9,24,15,11,16],""source_path"":""findings/AST-23-epoll-pwait-pselect6-timeout-skips-readiness/repro/test_bugCR-5_wait_mask.c"",""source_sha256"":""74f33dabc0141f38b97743fba7cc4d7004c44649eca077eee69f3713e5bc112c"",""source_size"":13448}"
findings/AST-24-ext2-direct-write-live-bio/finding.md	findings/AST-24-ext2-direct-write-live-bio/finding.md	file	0644	0	6787	88a0ea7b14cbd8e6a3893912fced2deb8741394e367c299f8308ef6e7e13d0c6		copy	source-evidence		"{""archive_timestamp"":[2026,9,24,15,20,24],""source_path"":""findings/AST-24-ext2-direct-write-live-bio/finding.md"",""source_sha256"":""88a0ea7b14cbd8e6a3893912fced2deb8741394e367c299f8308ef6e7e13d0c6"",""source_size"":6787}"
findings/AST-24-ext2-direct-write-live-bio/meta.json	findings/AST-24-ext2-direct-write-live-bio/meta.json	file	0644	0	4729	3ffe854fa1190479005036955a872e83be70b1dd73eb398082474a989a3c1b42		copy	source-evidence		"{""archive_timestamp"":[2026,9,24,15,31,48],""source_path"":""findings/AST-24-ext2-direct-write-live-bio/meta.json"",""source_sha256"":""3ffe854fa1190479005036955a872e83be70b1dd73eb398082474a989a3c1b42"",""source_size"":4729}"
findings/AST-24-ext2-direct-write-live-bio/repro/README.md	findings/AST-24-ext2-direct-write-live-bio/repro/README.md	file	0644	0	4087	78c200f1c998a459179d012a1f115e38f2df97ee2985d9491706f9716af353f4		copy	source-evidence		"{""archive_timestamp"":[2026,9,24,15,31,18],""source_path"":""findings/AST-24-ext2-direct-write-live-bio/repro/README.md"",""source_sha256"":""78c200f1c998a459179d012a1f115e38f2df97ee2985d9491706f9716af353f4"",""source_size"":4087}"
findings/AST-24-ext2-direct-write-live-bio/repro/specula-initramfs-plumbing.patch	findings/AST-24-ext2-direct-write-live-bio/repro/specula-initramfs-plumbing.patch	file	0644	0	5696	f6d122687b85e62ed4d642b19d6854562daf724ff317fa8c0a72400fbab5ac93		copy	source-evidence		"{""archive_timestamp"":[2026,9,24,15,20,54],""source_path"":""findings/AST-24-ext2-direct-write-live-bio/repro/specula-initramfs-plumbing.patch"",""source_sha256"":""f6d122687b85e62ed4d642b19d6854562daf724ff317fa8c0a72400fbab5ac93"",""source_size"":5696}"
findings/AST-24-ext2-direct-write-live-bio/repro/test_bugMC-6_direct_write_pending_bio.c	findings/AST-24-ext2-direct-write-live-bio/repro/test_bugMC-6_direct_write_pending_bio.c	file	0644	0	20560	ae2efc5cad2697c80c39ccbeb23c86bbd8a85bae42696c6104e122e91f6c47cc		copy	source-evidence		"{""archive_timestamp"":[2026,9,24,15,11,34],""source_path"":""findings/AST-24-ext2-direct-write-live-bio/repro/test_bugMC-6_direct_write_pending_bio.c"",""source_sha256"":""ae2efc5cad2697c80c39ccbeb23c86bbd8a85bae42696c6104e122e91f6c47cc"",""source_size"":20560}"
findings/AST-24-ext2-direct-write-live-bio/repro/test_bugMC-6_direct_write_pending_bio.sh	findings/AST-24-ext2-direct-write-live-bio/repro/test_bugMC-6_direct_write_pending_bio.sh	file	0755	0	4777	dba55b35b45a5c737cdf6a30e15409a85c19946aa9a05e9a8ed759db3db0bde9		copy	source-evidence		"{""archive_timestamp"":[2026,9,24,15,11,34],""source_path"":""findings/AST-24-ext2-direct-write-live-bio/repro/test_bugMC-6_direct_write_pending_bio.sh"",""source_sha256"":""dba55b35b45a5c737cdf6a30e15409a85c19946aa9a05e9a8ed759db3db0bde9"",""source_size"":4777}"
findings/AST-24-ext2-direct-write-live-bio/repro/test_bugMC-6_extend_rollback_free.c	findings/AST-24-ext2-direct-write-live-bio/repro/test_bugMC-6_extend_rollback_free.c	file	0644	0	16442	41b3ecce8066fbbe7bda1b98985c962dab820dd4270dd2a1891da2aae376c7a9		copy	source-evidence		"{""archive_timestamp"":[2026,9,24,15,11,34],""source_path"":""findings/AST-24-ext2-direct-write-live-bio/repro/test_bugMC-6_extend_rollback_free.c"",""source_sha256"":""41b3ecce8066fbbe7bda1b98985c962dab820dd4270dd2a1891da2aae376c7a9"",""source_size"":16442}"
findings/AST-24-ext2-direct-write-live-bio/repro/test_bugMC-6_extend_rollback_free.sh	findings/AST-24-ext2-direct-write-live-bio/repro/test_bugMC-6_extend_rollback_free.sh	file	0755	0	4851	3978fe9055a2e79d9162a06fab46e6925777a40d9e29f116b3a4861b20a83ca1		copy	source-evidence		"{""archive_timestamp"":[2026,9,24,15,11,34],""source_path"":""findings/AST-24-ext2-direct-write-live-bio/repro/test_bugMC-6_extend_rollback_free.sh"",""source_sha256"":""3978fe9055a2e79d9162a06fab46e6925777a40d9e29f116b3a4861b20a83ca1"",""source_size"":4851}"
findings/AST-25-pagecache-vmio-short-read-contract/finding.md	findings/AST-25-pagecache-vmio-short-read-contract/finding.md	file	0644	0	6197	98ca00b5d269de20d2e3a1d3d6846a81468de48f7e00e42194cb31dd1acb70e4		copy	source-evidence		"{""archive_timestamp"":[2026,9,24,15,31,18],""source_path"":""findings/AST-25-pagecache-vmio-short-read-contract/finding.md"",""source_sha256"":""98ca00b5d269de20d2e3a1d3d6846a81468de48f7e00e42194cb31dd1acb70e4"",""source_size"":6197}"
findings/AST-25-pagecache-vmio-short-read-contract/meta.json	findings/AST-25-pagecache-vmio-short-read-contract/meta.json	file	0644	0	3532	e5af2ff995e4f5278a0a497fc0778c1f76307c3f71b9752f647162454493fbf5		copy	source-evidence		"{""archive_timestamp"":[2026,9,24,15,31,48],""source_path"":""findings/AST-25-pagecache-vmio-short-read-contract/meta.json"",""source_sha256"":""e5af2ff995e4f5278a0a497fc0778c1f76307c3f71b9752f647162454493fbf5"",""source_size"":3532}"
findings/AST-26-regular-file-eintr-restart/finding.md	findings/AST-26-regular-file-eintr-restart/finding.md	file	0644	0	6242	e15a23592c736ed7efc39eff80fd5eb5a3e2081181af9141f1a03ec83e16cca4		copy	source-evidence		"{""archive_timestamp"":[2026,9,24,15,31,18],""source_path"":""findings/AST-26-regular-file-eintr-restart/finding.md"",""source_sha256"":""e15a23592c736ed7efc39eff80fd5eb5a3e2081181af9141f1a03ec83e16cca4"",""source_size"":6242}"
findings/AST-26-regular-file-eintr-restart/meta.json	findings/AST-26-regular-file-eintr-restart/meta.json	file	0644	0	3855	686e4b389abb06f293993052c24591a53e29768cc0655be361d7d4b9bcec2b83		copy	source-evidence		"{""archive_timestamp"":[2026,9,24,15,31,48],""source_path"":""findings/AST-26-regular-file-eintr-restart/meta.json"",""source_sha256"":""686e4b389abb06f293993052c24591a53e29768cc0655be361d7d4b9bcec2b83"",""source_size"":3855}"
findings/AST-26-regular-file-eintr-restart/repro/README.md	findings/AST-26-regular-file-eintr-restart/repro/README.md	file	0644	0	2904	fcec6fab305b6e5667f2005c4221cb1ed63db09a914ac2166efc57a6b05e6f30		copy	source-evidence		"{""archive_timestamp"":[2026,9,24,15,32,56],""source_path"":""findings/AST-26-regular-file-eintr-restart/repro/README.md"",""source_sha256"":""fcec6fab305b6e5667f2005c4221cb1ed63db09a914ac2166efc57a6b05e6f30"",""source_size"":2904}"
findings/AST-26-regular-file-eintr-restart/repro/specula-initramfs-plumbing.patch	findings/AST-26-regular-file-eintr-restart/repro/specula-initramfs-plumbing.patch	file	0644	0	5696	f6d122687b85e62ed4d642b19d6854562daf724ff317fa8c0a72400fbab5ac93		copy	source-evidence		"{""archive_timestamp"":[2026,9,24,15,20,54],""source_path"":""findings/AST-26-regular-file-eintr-restart/repro/specula-initramfs-plumbing.patch"",""source_sha256"":""f6d122687b85e62ed4d642b19d6854562daf724ff317fa8c0a72400fbab5ac93"",""source_size"":5696}"
findings/AST-26-regular-file-eintr-restart/repro/test_bugCR-1_restart_progress_provenance.c	findings/AST-26-regular-file-eintr-restart/repro/test_bugCR-1_restart_progress_provenance.c	file	0644	0	12951	146fbcdb7d565cb5c4303928ab738d613d4017042adf017e06354b32080aea32		copy	source-evidence		"{""archive_timestamp"":[2026,9,24,15,11,34],""source_path"":""findings/AST-26-regular-file-eintr-restart/repro/test_bugCR-1_restart_progress_provenance.c"",""source_sha256"":""146fbcdb7d565cb5c4303928ab738d613d4017042adf017e06354b32080aea32"",""source_size"":12951}"
findings/AST-26-regular-file-eintr-restart/repro/test_bugCR-1_restart_progress_provenance.sh	findings/AST-26-regular-file-eintr-restart/repro/test_bugCR-1_restart_progress_provenance.sh	file	0755	0	7380	9ff8fe37981627a2c3c542919238fd1206ae72a19f484ab35ada21fc58adf0a0		copy	source-evidence		"{""archive_timestamp"":[2026,9,24,15,11,34],""source_path"":""findings/AST-26-regular-file-eintr-restart/repro/test_bugCR-1_restart_progress_provenance.sh"",""source_sha256"":""9ff8fe37981627a2c3c542919238fd1206ae72a19f484ab35ada21fc58adf0a0"",""source_size"":7380}"
findings/AST-27-positional-io-shared-offset/finding.md	findings/AST-27-positional-io-shared-offset/finding.md	file	0644	0	5327	289c28f12b5a24a51fc168789eb4bfe9464f16a198385c8a0d763ded02e1cb88		copy	source-evidence		"{""archive_timestamp"":[2026,9,24,15,31,18],""source_path"":""findings/AST-27-positional-io-shared-offset/finding.md"",""source_sha256"":""289c28f12b5a24a51fc168789eb4bfe9464f16a198385c8a0d763ded02e1cb88"",""source_size"":5327}"
findings/AST-27-positional-io-shared-offset/meta.json	findings/AST-27-positional-io-shared-offset/meta.json	file	0644	0	4025	bc74b635cabfd9da93470179ae3280bbb42005c65249646e3c2b1ad2135f296a		copy	source-evidence		"{""archive_timestamp"":[2026,9,24,15,31,48],""source_path"":""findings/AST-27-positional-io-shared-offset/meta.json"",""source_sha256"":""bc74b635cabfd9da93470179ae3280bbb42005c65249646e3c2b1ad2135f296a"",""source_size"":4025}"
findings/AST-27-positional-io-shared-offset/repro/README.md	findings/AST-27-positional-io-shared-offset/repro/README.md	file	0644	0	2071	0f4d7aa8ba46f8a8a4192b24fa14db79a5dff55c42b7f2f15d2af07afa0235d0		copy	source-evidence		"{""archive_timestamp"":[2026,9,24,15,31,18],""source_path"":""findings/AST-27-positional-io-shared-offset/repro/README.md"",""source_sha256"":""0f4d7aa8ba46f8a8a4192b24fa14db79a5dff55c42b7f2f15d2af07afa0235d0"",""source_size"":2071}"
findings/AST-27-positional-io-shared-offset/repro/test_bugCR-1_positional_offset_isolation.c	findings/AST-27-positional-io-shared-offset/repro/test_bugCR-1_positional_offset_isolation.c	file	0644	0	13342	cdbcdb67cc7125fa0f96c4e60191697dab9a41bef698800f4eaf74c44ec849f7		copy	source-evidence		"{""archive_timestamp"":[2026,9,24,15,11,34],""source_path"":""findings/AST-27-positional-io-shared-offset/repro/test_bugCR-1_positional_offset_isolation.c"",""source_sha256"":""cdbcdb67cc7125fa0f96c4e60191697dab9a41bef698800f4eaf74c44ec849f7"",""source_size"":13342}"
findings/AST-28-ofd-identity-lost-across-dup2-exec/finding.md	findings/AST-28-ofd-identity-lost-across-dup2-exec/finding.md	file	0644	0	6707	275b241c3985d9e1e334167afe205556f6732336b1f0b5e50c480fc79f06f12c		copy	source-evidence		"{""archive_timestamp"":[2026,9,24,15,24,14],""source_path"":""findings/AST-28-ofd-identity-lost-across-dup2-exec/finding.md"",""source_sha256"":""275b241c3985d9e1e334167afe205556f6732336b1f0b5e50c480fc79f06f12c"",""source_size"":6707}"
findings/AST-28-ofd-identity-lost-across-dup2-exec/meta.json	findings/AST-28-ofd-identity-lost-across-dup2-exec/meta.json	file	0644	0	4018	22c3e731f39392341da173eae51ae4b671f5b2a8c708b599e018e3b5a420c0c4		copy	source-evidence		"{""archive_timestamp"":[2026,9,24,15,51,28],""source_path"":""findings/AST-28-ofd-identity-lost-across-dup2-exec/meta.json"",""source_sha256"":""22c3e731f39392341da173eae51ae4b671f5b2a8c708b599e018e3b5a420c0c4"",""source_size"":4018}"
findings/AST-28-ofd-identity-lost-across-dup2-exec/repro/README.md	findings/AST-28-ofd-identity-lost-across-dup2-exec/repro/README.md	file	0644	0	2956	79ef946dfb3a38100ec5ed34838ad984f8d9153a4b2760be79ad4a2fed0d8880		copy	source-evidence		"{""archive_timestamp"":[2026,9,24,15,23,42],""source_path"":""findings/AST-28-ofd-identity-lost-across-dup2-exec/repro/README.md"",""source_sha256"":""79ef946dfb3a38100ec5ed34838ad984f8d9153a4b2760be79ad4a2fed0d8880"",""source_size"":2956}"
findings/AST-28-ofd-identity-lost-across-dup2-exec/repro/run_bugCR-1_ofd_identity.sh	findings/AST-28-ofd-identity-lost-across-dup2-exec/repro/run_bugCR-1_ofd_identity.sh	file	0755	0	57	3f2bf7b71ab640c55757d53926bd8e95c0b58184bb78e7a78dffd2b7c5b76b83		copy	source-evidence		"{""archive_timestamp"":[2026,9,24,15,11,16],""source_path"":""findings/AST-28-ofd-identity-lost-across-dup2-exec/repro/run_bugCR-1_ofd_identity.sh"",""source_sha256"":""3f2bf7b71ab640c55757d53926bd8e95c0b58184bb78e7a78dffd2b7c5b76b83"",""source_size"":57}"
findings/AST-28-ofd-identity-lost-across-dup2-exec/repro/test_bugCR-1_ofd_identity.c	findings/AST-28-ofd-identity-lost-across-dup2-exec/repro/test_bugCR-1_ofd_identity.c	file	0644	0	11642	ec60ee7ea0654c9a8fee18aed3a315e715f31bcde97ca787964a779ae9db4a44		copy	source-evidence		"{""archive_timestamp"":[2026,9,24,15,11,16],""source_path"":""findings/AST-28-ofd-identity-lost-across-dup2-exec/repro/test_bugCR-1_ofd_identity.c"",""source_sha256"":""ec60ee7ea0654c9a8fee18aed3a315e715f31bcde97ca787964a779ae9db4a44"",""source_size"":11642}"
findings/AST-29-cyclic-epoll-self-back-edge/finding.md	findings/AST-29-cyclic-epoll-self-back-edge/finding.md	file	0644	0	6399	49f546de2a8175a6cd7b5ba6dabf07c8d7c9eff14f50ba437ee752b14a60344d		copy	source-evidence		"{""archive_timestamp"":[2026,9,24,15,24,36],""source_path"":""findings/AST-29-cyclic-epoll-self-back-edge/finding.md"",""source_sha256"":""49f546de2a8175a6cd7b5ba6dabf07c8d7c9eff14f50ba437ee752b14a60344d"",""source_size"":6399}"
findings/AST-29-cyclic-epoll-self-back-edge/meta.json	findings/AST-29-cyclic-epoll-self-back-edge/meta.json	file	0644	0	4428	cbc7dc93b29f7afbbcfc67230c55d08eab7226f1a25776ad26195600fcd888bb		copy	source-evidence		"{""archive_timestamp"":[2026,9,24,15,28,36],""source_path"":""findings/AST-29-cyclic-epoll-self-back-edge/meta.json"",""source_sha256"":""cbc7dc93b29f7afbbcfc67230c55d08eab7226f1a25776ad26195600fcd888bb"",""source_size"":4428}"
findings/AST-29-cyclic-epoll-self-back-edge/repro/README.md	findings/AST-29-cyclic-epoll-self-back-edge/repro/README.md	file	0644	0	2026	61b7b08f97629865588e2192f920ed82fe3837d936bd56a194c112813ecd43ed		copy	source-evidence		"{""archive_timestamp"":[2026,9,24,15,24,36],""source_path"":""findings/AST-29-cyclic-epoll-self-back-edge/repro/README.md"",""source_sha256"":""61b7b08f97629865588e2192f920ed82fe3837d936bd56a194c112813ecd43ed"",""source_size"":2026}"
findings/AST-29-cyclic-epoll-self-back-edge/repro/test_bugCR-6_nested_epoll_cycle.c	findings/AST-29-cyclic-epoll-self-back-edge/repro/test_bugCR-6_nested_epoll_cycle.c	file	0644	0	4340	19cf10fd9557fb6e67dab45a1a43605b48bd7bd4ed40476d9ffff3d8c1c23983		copy	source-evidence		"{""archive_timestamp"":[2026,9,24,15,11,16],""source_path"":""findings/AST-29-cyclic-epoll-self-back-edge/repro/test_bugCR-6_nested_epoll_cycle.c"",""source_sha256"":""19cf10fd9557fb6e67dab45a1a43605b48bd7bd4ed40476d9ffff3d8c1c23983"",""source_size"":4340}"
findings/AST-30-udp-copy-fault-malformed-datagram/finding.md	findings/AST-30-udp-copy-fault-malformed-datagram/finding.md	file	0644	0	5527	582696bb2fe6a661edf4c31a27932925c16c14604ed854b263740bf6f4fc20fa		copy	source-evidence		"{""archive_timestamp"":[2026,9,24,15,18,38],""source_path"":""findings/AST-30-udp-copy-fault-malformed-datagram/finding.md"",""source_sha256"":""582696bb2fe6a661edf4c31a27932925c16c14604ed854b263740bf6f4fc20fa"",""source_size"":5527}"
findings/AST-30-udp-copy-fault-malformed-datagram/meta.json	findings/AST-30-udp-copy-fault-malformed-datagram/meta.json	file	0644	0	2860	35279c20196d1cc305c21bccf1ba1196210e130453eec84c808fee356845ba99		copy	source-evidence		"{""archive_timestamp"":[2026,9,24,15,21,44],""source_path"":""findings/AST-30-udp-copy-fault-malformed-datagram/meta.json"",""source_sha256"":""35279c20196d1cc305c21bccf1ba1196210e130453eec84c808fee356845ba99"",""source_size"":2860}"
findings/AST-31-socket-whole-header-writeback/finding.md	findings/AST-31-socket-whole-header-writeback/finding.md	file	0644	0	5837	1deb31921816541bed14dea427db10c166fd54cf0068052d0a8b99b7ba1325b6		copy	source-evidence		"{""archive_timestamp"":[2026,9,24,15,15,12],""source_path"":""findings/AST-31-socket-whole-header-writeback/finding.md"",""source_sha256"":""1deb31921816541bed14dea427db10c166fd54cf0068052d0a8b99b7ba1325b6"",""source_size"":5837}"
findings/AST-31-socket-whole-header-writeback/meta.json	findings/AST-31-socket-whole-header-writeback/meta.json	file	0644	0	3032	f0b88252386740b2c4f09830a382a7595a5ac486f27e3769636b40c572903b8a		copy	source-evidence		"{""archive_timestamp"":[2026,9,24,15,15,12],""source_path"":""findings/AST-31-socket-whole-header-writeback/meta.json"",""source_sha256"":""f0b88252386740b2c4f09830a382a7595a5ac486f27e3769636b40c572903b8a"",""source_size"":3032}"
findings/AST-32-scm-rights-install-before-publish/finding.md	findings/AST-32-scm-rights-install-before-publish/finding.md	file	0644	0	5803	c65c572bbed921851e9d0858b47fbee7e77b27916f7494b30244106276c5ad00		copy	source-evidence		"{""archive_timestamp"":[2026,9,24,15,15,50],""source_path"":""findings/AST-32-scm-rights-install-before-publish/finding.md"",""source_sha256"":""c65c572bbed921851e9d0858b47fbee7e77b27916f7494b30244106276c5ad00"",""source_size"":5803}"
findings/AST-32-scm-rights-install-before-publish/meta.json	findings/AST-32-scm-rights-install-before-publish/meta.json	file	0644	0	3077	13707543f297c37f3c615545b8c6d21ba940a0c922b468dac2fda4010da4efa1		copy	source-evidence		"{""archive_timestamp"":[2026,9,24,15,21,44],""source_path"":""findings/AST-32-scm-rights-install-before-publish/meta.json"",""source_sha256"":""13707543f297c37f3c615545b8c6d21ba940a0c922b468dac2fda4010da4efa1"",""source_size"":3077}"
findings/AST-33-empty-unix-records-accounting/finding.md	findings/AST-33-empty-unix-records-accounting/finding.md	file	0644	0	5769	15b52874ce5480fba1af18f2c903fa4ba8d3c6e3deea2ec0477ef61d90a3bcf4		copy	source-evidence		"{""archive_timestamp"":[2026,9,24,15,16,26],""source_path"":""findings/AST-33-empty-unix-records-accounting/finding.md"",""source_sha256"":""15b52874ce5480fba1af18f2c903fa4ba8d3c6e3deea2ec0477ef61d90a3bcf4"",""source_size"":5769}"
findings/AST-33-empty-unix-records-accounting/meta.json	findings/AST-33-empty-unix-records-accounting/meta.json	file	0644	0	3046	27987718447bffb976ef267fe3fbb94d8bd4bf7626b49b5ef1c89e929b3ebf33		copy	source-evidence		"{""archive_timestamp"":[2026,9,24,15,21,44],""source_path"":""findings/AST-33-empty-unix-records-accounting/meta.json"",""source_sha256"":""27987718447bffb976ef267fe3fbb94d8bd4bf7626b49b5ef1c89e929b3ebf33"",""source_size"":3046}"
findings/AST-34-unix-datagram-scm-cycles/finding.md	findings/AST-34-unix-datagram-scm-cycles/finding.md	file	0644	0	5699	b02ef73c60be866b48ada9714dd69e5a021c6ca707c366eecb699dc377f6d7dd		copy	source-evidence		"{""archive_timestamp"":[2026,9,24,15,17,12],""source_path"":""findings/AST-34-unix-datagram-scm-cycles/finding.md"",""source_sha256"":""b02ef73c60be866b48ada9714dd69e5a021c6ca707c366eecb699dc377f6d7dd"",""source_size"":5699}"
findings/AST-34-unix-datagram-scm-cycles/meta.json	findings/AST-34-unix-datagram-scm-cycles/meta.json	file	0644	0	3343	834608b0e837a9b1d370802dd0d45a6176a9e8f912dcef72bd04a6768afa0b14		copy	source-evidence		"{""archive_timestamp"":[2026,9,24,15,21,44],""source_path"":""findings/AST-34-unix-datagram-scm-cycles/meta.json"",""source_sha256"":""834608b0e837a9b1d370802dd0d45a6176a9e8f912dcef72bd04a6768afa0b14"",""source_size"":3343}"
findings/AST-35-ip-socket-copy-atomic-locks/finding.md	findings/AST-35-ip-socket-copy-atomic-locks/finding.md	file	0644	0	5862	e41388767c0cb27cf06eaa635e8ac000d21ddd89b0d56c5f2651129a433e3182		copy	source-evidence		"{""archive_timestamp"":[2026,9,24,15,17,50],""source_path"":""findings/AST-35-ip-socket-copy-atomic-locks/finding.md"",""source_sha256"":""e41388767c0cb27cf06eaa635e8ac000d21ddd89b0d56c5f2651129a433e3182"",""source_size"":5862}"
findings/AST-35-ip-socket-copy-atomic-locks/meta.json	findings/AST-35-ip-socket-copy-atomic-locks/meta.json	file	0644	0	3419	df0f707df5110cb5a0da787a1ffb669dfcef2e311fc66d7bfd8dedf8c7947e9f		copy	source-evidence		"{""archive_timestamp"":[2026,9,24,15,17,50],""source_path"":""findings/AST-35-ip-socket-copy-atomic-locks/meta.json"",""source_sha256"":""df0f707df5110cb5a0da787a1ffb669dfcef2e311fc66d7bfd8dedf8c7947e9f"",""source_size"":3419}"
findings/AST-36-unix-datagram-retain-after-fault/finding.md	findings/AST-36-unix-datagram-retain-after-fault/finding.md	file	0644	0	4514	6d5d01ecaab7bc2ee07e144db7fbbf17098cadebf9fa48e94c9c5a64a067b06f		copy	source-evidence		"{""archive_timestamp"":[2026,9,24,15,18,24],""source_path"":""findings/AST-36-unix-datagram-retain-after-fault/finding.md"",""source_sha256"":""6d5d01ecaab7bc2ee07e144db7fbbf17098cadebf9fa48e94c9c5a64a067b06f"",""source_size"":4514}"
findings/AST-36-unix-datagram-retain-after-fault/meta.json	findings/AST-36-unix-datagram-retain-after-fault/meta.json	file	0644	0	2614	556c5fe5d5300c442a204bf75b03c12b2d4c2096c230fc6f6b68b293694aa178		copy	source-evidence		"{""archive_timestamp"":[2026,9,24,15,18,24],""source_path"":""findings/AST-36-unix-datagram-retain-after-fault/meta.json"",""source_sha256"":""556c5fe5d5300c442a204bf75b03c12b2d4c2096c230fc6f6b68b293694aa178"",""source_size"":2614}"
findings/AST-37-iovec-aggregate-limits-edge-cases/finding.md	findings/AST-37-iovec-aggregate-limits-edge-cases/finding.md	file	0644	0	5924	51cf4aa08de925b9a33acd47118b4967677e278d1d6669f3eb8b293ebde5539f		copy	source-evidence		"{""archive_timestamp"":[2026,9,24,15,19,12],""source_path"":""findings/AST-37-iovec-aggregate-limits-edge-cases/finding.md"",""source_sha256"":""51cf4aa08de925b9a33acd47118b4967677e278d1d6669f3eb8b293ebde5539f"",""source_size"":5924}"
findings/AST-37-iovec-aggregate-limits-edge-cases/meta.json	findings/AST-37-iovec-aggregate-limits-edge-cases/meta.json	file	0644	0	3026	6057730c4c3c059e0d667d3b8377bcd8e07c345afc527cec161d6e5c0b987b65		copy	source-evidence		"{""archive_timestamp"":[2026,9,24,15,19,12],""source_path"":""findings/AST-37-iovec-aggregate-limits-edge-cases/meta.json"",""source_sha256"":""6057730c4c3c059e0d667d3b8377bcd8e07c345afc527cec161d6e5c0b987b65"",""source_size"":3026}"
findings/AST-38-sendmmsg-uio-maxiov-clamp/finding.md	findings/AST-38-sendmmsg-uio-maxiov-clamp/finding.md	file	0644	0	3846	144ad71ad66fd6e9ef2bf95551ad11712f1123164162693f735861765ecfd6b7		copy	source-evidence		"{""archive_timestamp"":[2026,9,24,15,19,44],""source_path"":""findings/AST-38-sendmmsg-uio-maxiov-clamp/finding.md"",""source_sha256"":""144ad71ad66fd6e9ef2bf95551ad11712f1123164162693f735861765ecfd6b7"",""source_size"":3846}"
findings/AST-38-sendmmsg-uio-maxiov-clamp/meta.json	findings/AST-38-sendmmsg-uio-maxiov-clamp/meta.json	file	0644	0	2391	5f7c3b90d680e6bb30222731a2218454d83989a1178ee8ea2ec38468b72b87ab		copy	source-evidence		"{""archive_timestamp"":[2026,9,24,15,19,44],""source_path"":""findings/AST-38-sendmmsg-uio-maxiov-clamp/meta.json"",""source_sha256"":""5f7c3b90d680e6bb30222731a2218454d83989a1178ee8ea2ec38468b72b87ab"",""source_size"":2391}"
findings/AST-39-socket-timeout-restart-progress/finding.md	findings/AST-39-socket-timeout-restart-progress/finding.md	file	0644	0	5581	5a214c8958b61429f600e37566f3c553c74be4fdabce32e4cd8d06886b238c77		copy	source-evidence		"{""archive_timestamp"":[2026,9,24,15,20,20],""source_path"":""findings/AST-39-socket-timeout-restart-progress/finding.md"",""source_sha256"":""5a214c8958b61429f600e37566f3c553c74be4fdabce32e4cd8d06886b238c77"",""source_size"":5581}"
findings/AST-39-socket-timeout-restart-progress/meta.json	findings/AST-39-socket-timeout-restart-progress/meta.json	file	0644	0	3264	55e7cefca3ead3ac750ced0ab36f981f9d6f251f922a343072eebcaf100165fe		copy	source-evidence		"{""archive_timestamp"":[2026,9,24,15,20,20],""source_path"":""findings/AST-39-socket-timeout-restart-progress/meta.json"",""source_sha256"":""55e7cefca3ead3ac750ced0ab36f981f9d6f251f922a343072eebcaf100165fe"",""source_size"":3264}"
findings/AST-40-ext2-invalidation-bypasses-rollback/finding.md	findings/AST-40-ext2-invalidation-bypasses-rollback/finding.md	file	0644	0	5163	95c0b03dab7247a04b4522181d9fcd1082d8b53bb7f7fec01cb878c02225dceb		copy	source-evidence		"{""archive_timestamp"":[2026,9,24,15,20,54],""source_path"":""findings/AST-40-ext2-invalidation-bypasses-rollback/finding.md"",""source_sha256"":""95c0b03dab7247a04b4522181d9fcd1082d8b53bb7f7fec01cb878c02225dceb"",""source_size"":5163}"
findings/AST-40-ext2-invalidation-bypasses-rollback/meta.json	findings/AST-40-ext2-invalidation-bypasses-rollback/meta.json	file	0644	0	3161	21d85ca9d4e65e90444c7d7c3d6af925fcf8433c8053874539f7da42b8c69a71		copy	source-evidence		"{""archive_timestamp"":[2026,9,24,15,20,54],""source_path"":""findings/AST-40-ext2-invalidation-bypasses-rollback/meta.json"",""source_sha256"":""21d85ca9d4e65e90444c7d7c3d6af925fcf8433c8053874539f7da42b8c69a71"",""source_size"":3161}"
findings/AST-41-signalfd-model-registration-later-waiter/finding.md	findings/AST-41-signalfd-model-registration-later-waiter/finding.md	file	0644	0	6742	5ebee67a30cc8eb809316c923229e674c647157ea4bb6c44d2d2cc9638276df9		copy	source-evidence		"{""archive_timestamp"":[2026,9,24,15,26,10],""source_path"":""findings/AST-41-signalfd-model-registration-later-waiter/finding.md"",""source_sha256"":""5ebee67a30cc8eb809316c923229e674c647157ea4bb6c44d2d2cc9638276df9"",""source_size"":6742}"
findings/AST-41-signalfd-model-registration-later-waiter/meta.json	findings/AST-41-signalfd-model-registration-later-waiter/meta.json	file	0644	0	3769	15e6aff9bbf10f31b04c51f3638e5073df1f7de9a274f79f041d907b251b6980		copy	source-evidence		"{""archive_timestamp"":[2026,9,24,15,51,28],""source_path"":""findings/AST-41-signalfd-model-registration-later-waiter/meta.json"",""source_sha256"":""15e6aff9bbf10f31b04c51f3638e5073df1f7de9a274f79f041d907b251b6980"",""source_size"":3769}"
findings/AST-42-lossy-utf8-filename-aliasing/finding.md	findings/AST-42-lossy-utf8-filename-aliasing/finding.md	file	0644	0	5035	c0df379349e6921b9379a72d23663edaf17b1ae5158586aac64281381b31336b		copy	source-evidence		"{""archive_timestamp"":[2026,9,24,15,16,30],""source_path"":""findings/AST-42-lossy-utf8-filename-aliasing/finding.md"",""source_sha256"":""c0df379349e6921b9379a72d23663edaf17b1ae5158586aac64281381b31336b"",""source_size"":5035}"
findings/AST-42-lossy-utf8-filename-aliasing/meta.json	findings/AST-42-lossy-utf8-filename-aliasing/meta.json	file	0644	0	4520	bb3fd81291bd7f4b4fac183664bf290ca7e3b10adc3fddcef1e8ebf40f3f8203		copy	source-evidence		"{""archive_timestamp"":[2026,9,24,15,16,30],""source_path"":""findings/AST-42-lossy-utf8-filename-aliasing/meta.json"",""source_sha256"":""bb3fd81291bd7f4b4fac183664bf290ca7e3b10adc3fddcef1e8ebf40f3f8203"",""source_size"":4520}"
findings/AST-42-lossy-utf8-filename-aliasing/repro/LICENSE	findings/AST-42-lossy-utf8-filename-aliasing/repro/LICENSE	file	0644	0	1334	434832ddcdcd9f0de6fd708d2da835321c3842a32209c59de3f100495d1069b5		copy	source-evidence		"{""archive_timestamp"":[2026,9,24,15,16,30],""source_path"":""findings/AST-42-lossy-utf8-filename-aliasing/repro/LICENSE"",""source_sha256"":""434832ddcdcd9f0de6fd708d2da835321c3842a32209c59de3f100495d1069b5"",""source_size"":1334}"
findings/AST-42-lossy-utf8-filename-aliasing/repro/Makefile	findings/AST-42-lossy-utf8-filename-aliasing/repro/Makefile	file	0644	0	328	76f8816ce93bcdae010b50c053ab217d49e82cd95f2a54cec846d2313a6d2636		copy	source-evidence		"{""archive_timestamp"":[2026,9,24,15,16,30],""source_path"":""findings/AST-42-lossy-utf8-filename-aliasing/repro/Makefile"",""source_sha256"":""76f8816ce93bcdae010b50c053ab217d49e82cd95f2a54cec846d2313a6d2636"",""source_size"":328}"
findings/AST-42-lossy-utf8-filename-aliasing/repro/README.md	findings/AST-42-lossy-utf8-filename-aliasing/repro/README.md	file	0644	0	6271	bd538bc4f0b5a5d210b7111dd78c81f044554a765daed7327c7d6febe503422c		copy	source-evidence		"{""archive_timestamp"":[2026,9,24,15,16,30],""source_path"":""findings/AST-42-lossy-utf8-filename-aliasing/repro/README.md"",""source_sha256"":""bd538bc4f0b5a5d210b7111dd78c81f044554a765daed7327c7d6febe503422c"",""source_size"":6271}"
findings/AST-42-lossy-utf8-filename-aliasing/repro/src/abi_probe.c	findings/AST-42-lossy-utf8-filename-aliasing/repro/src/abi_probe.c	file	0644	0	21130	3fa9b1f5f81f02814fbc7e373e1988d2396a266d4d05d596f63d58bccd76d95d		copy	source-evidence		"{""archive_timestamp"":[2026,9,24,15,16,30],""source_path"":""findings/AST-42-lossy-utf8-filename-aliasing/repro/src/abi_probe.c"",""source_sha256"":""3fa9b1f5f81f02814fbc7e373e1988d2396a266d4d05d596f63d58bccd76d95d"",""source_size"":21130}"
findings/AST-42-lossy-utf8-filename-aliasing/repro/src/legacy_cases.inc	findings/AST-42-lossy-utf8-filename-aliasing/repro/src/legacy_cases.inc	file	0644	0	13708	2165256d3aa042a8a866b5ea69132a9854be202a801614926df66d4c38c762fe		copy	source-evidence		"{""archive_timestamp"":[2026,9,24,15,16,30],""source_path"":""findings/AST-42-lossy-utf8-filename-aliasing/repro/src/legacy_cases.inc"",""source_sha256"":""2165256d3aa042a8a866b5ea69132a9854be202a801614926df66d4c38c762fe"",""source_size"":13708}"
findings/AST-43-vectored-datagram-record-boundaries/finding.md	findings/AST-43-vectored-datagram-record-boundaries/finding.md	file	0644	0	6461	99e8fba979c253315af756bf816743dabf48f635465bbe6c4aa2ae150ac91b10		copy	source-evidence		"{""archive_timestamp"":[2026,9,24,15,16,30],""source_path"":""findings/AST-43-vectored-datagram-record-boundaries/finding.md"",""source_sha256"":""99e8fba979c253315af756bf816743dabf48f635465bbe6c4aa2ae150ac91b10"",""source_size"":6461}"
findings/AST-43-vectored-datagram-record-boundaries/meta.json	findings/AST-43-vectored-datagram-record-boundaries/meta.json	file	0644	0	5592	5c0426b913b738ae95d4785c5f0d2e51968edfb97e3d9778b1675a2700941eee		copy	source-evidence		"{""archive_timestamp"":[2026,9,24,15,16,30],""source_path"":""findings/AST-43-vectored-datagram-record-boundaries/meta.json"",""source_sha256"":""5c0426b913b738ae95d4785c5f0d2e51968edfb97e3d9778b1675a2700941eee"",""source_size"":5592}"
findings/AST-43-vectored-datagram-record-boundaries/repro/LICENSE	findings/AST-43-vectored-datagram-record-boundaries/repro/LICENSE	file	0644	0	1334	434832ddcdcd9f0de6fd708d2da835321c3842a32209c59de3f100495d1069b5		copy	source-evidence		"{""archive_timestamp"":[2026,9,24,15,16,30],""source_path"":""findings/AST-43-vectored-datagram-record-boundaries/repro/LICENSE"",""source_sha256"":""434832ddcdcd9f0de6fd708d2da835321c3842a32209c59de3f100495d1069b5"",""source_size"":1334}"
findings/AST-43-vectored-datagram-record-boundaries/repro/Makefile	findings/AST-43-vectored-datagram-record-boundaries/repro/Makefile	file	0644	0	328	76f8816ce93bcdae010b50c053ab217d49e82cd95f2a54cec846d2313a6d2636		copy	source-evidence		"{""archive_timestamp"":[2026,9,24,15,16,30],""source_path"":""findings/AST-43-vectored-datagram-record-boundaries/repro/Makefile"",""source_sha256"":""76f8816ce93bcdae010b50c053ab217d49e82cd95f2a54cec846d2313a6d2636"",""source_size"":328}"
findings/AST-43-vectored-datagram-record-boundaries/repro/README.md	findings/AST-43-vectored-datagram-record-boundaries/repro/README.md	file	0644	0	7360	1f6cddf88d2ea74136e1b30ac3fda860ab55aa750cef08fe0f7588d1fc0ef6c8		copy	source-evidence		"{""archive_timestamp"":[2026,9,24,15,16,30],""source_path"":""findings/AST-43-vectored-datagram-record-boundaries/repro/README.md"",""source_sha256"":""1f6cddf88d2ea74136e1b30ac3fda860ab55aa750cef08fe0f7588d1fc0ef6c8"",""source_size"":7360}"
findings/AST-43-vectored-datagram-record-boundaries/repro/src/abi_probe.c	findings/AST-43-vectored-datagram-record-boundaries/repro/src/abi_probe.c	file	0644	0	21130	3fa9b1f5f81f02814fbc7e373e1988d2396a266d4d05d596f63d58bccd76d95d		copy	source-evidence		"{""archive_timestamp"":[2026,9,24,15,16,30],""source_path"":""findings/AST-43-vectored-datagram-record-boundaries/repro/src/abi_probe.c"",""source_sha256"":""3fa9b1f5f81f02814fbc7e373e1988d2396a266d4d05d596f63d58bccd76d95d"",""source_size"":21130}"
findings/AST-43-vectored-datagram-record-boundaries/repro/src/legacy_cases.inc	findings/AST-43-vectored-datagram-record-boundaries/repro/src/legacy_cases.inc	file	0644	0	13708	2165256d3aa042a8a866b5ea69132a9854be202a801614926df66d4c38c762fe		copy	source-evidence		"{""archive_timestamp"":[2026,9,24,15,16,30],""source_path"":""findings/AST-43-vectored-datagram-record-boundaries/repro/src/legacy_cases.inc"",""source_sha256"":""2165256d3aa042a8a866b5ea69132a9854be202a801614926df66d4c38c762fe"",""source_size"":13708}"
findings/AST-44-pipe-readv-blocks-after-prefix/finding.md	findings/AST-44-pipe-readv-blocks-after-prefix/finding.md	file	0644	0	5350	355247079e81f0448d2c319681911cf1eaceb94fc76b28b81032581e58165b67		copy	source-evidence		"{""archive_timestamp"":[2026,9,24,15,16,30],""source_path"":""findings/AST-44-pipe-readv-blocks-after-prefix/finding.md"",""source_sha256"":""355247079e81f0448d2c319681911cf1eaceb94fc76b28b81032581e58165b67"",""source_size"":5350}"
findings/AST-44-pipe-readv-blocks-after-prefix/meta.json	findings/AST-44-pipe-readv-blocks-after-prefix/meta.json	file	0644	0	4565	1c4aa5d2617521722b2964ed7e09a3e411cefcdfd141ba0f2deb2df982f64376		copy	source-evidence		"{""archive_timestamp"":[2026,9,24,15,16,30],""source_path"":""findings/AST-44-pipe-readv-blocks-after-prefix/meta.json"",""source_sha256"":""1c4aa5d2617521722b2964ed7e09a3e411cefcdfd141ba0f2deb2df982f64376"",""source_size"":4565}"
findings/AST-44-pipe-readv-blocks-after-prefix/repro/LICENSE	findings/AST-44-pipe-readv-blocks-after-prefix/repro/LICENSE	file	0644	0	1334	434832ddcdcd9f0de6fd708d2da835321c3842a32209c59de3f100495d1069b5		copy	source-evidence		"{""archive_timestamp"":[2026,9,24,15,16,30],""source_path"":""findings/AST-44-pipe-readv-blocks-after-prefix/repro/LICENSE"",""source_sha256"":""434832ddcdcd9f0de6fd708d2da835321c3842a32209c59de3f100495d1069b5"",""source_size"":1334}"
findings/AST-44-pipe-readv-blocks-after-prefix/repro/Makefile	findings/AST-44-pipe-readv-blocks-after-prefix/repro/Makefile	file	0644	0	328	76f8816ce93bcdae010b50c053ab217d49e82cd95f2a54cec846d2313a6d2636		copy	source-evidence		"{""archive_timestamp"":[2026,9,24,15,16,30],""source_path"":""findings/AST-44-pipe-readv-blocks-after-prefix/repro/Makefile"",""source_sha256"":""76f8816ce93bcdae010b50c053ab217d49e82cd95f2a54cec846d2313a6d2636"",""source_size"":328}"
findings/AST-44-pipe-readv-blocks-after-prefix/repro/README.md	findings/AST-44-pipe-readv-blocks-after-prefix/repro/README.md	file	0644	0	6341	d0c87ff291f2132d192a46c9df2e0ef7e6960384819c5f6b839083a9ceb1ea3c		copy	source-evidence		"{""archive_timestamp"":[2026,9,24,15,16,30],""source_path"":""findings/AST-44-pipe-readv-blocks-after-prefix/repro/README.md"",""source_sha256"":""d0c87ff291f2132d192a46c9df2e0ef7e6960384819c5f6b839083a9ceb1ea3c"",""source_size"":6341}"
findings/AST-44-pipe-readv-blocks-after-prefix/repro/src/abi_probe.c	findings/AST-44-pipe-readv-blocks-after-prefix/repro/src/abi_probe.c	file	0644	0	21130	3fa9b1f5f81f02814fbc7e373e1988d2396a266d4d05d596f63d58bccd76d95d		copy	source-evidence		"{""archive_timestamp"":[2026,9,24,15,16,30],""source_path"":""findings/AST-44-pipe-readv-blocks-after-prefix/repro/src/abi_probe.c"",""source_sha256"":""3fa9b1f5f81f02814fbc7e373e1988d2396a266d4d05d596f63d58bccd76d95d"",""source_size"":21130}"
findings/AST-44-pipe-readv-blocks-after-prefix/repro/src/legacy_cases.inc	findings/AST-44-pipe-readv-blocks-after-prefix/repro/src/legacy_cases.inc	file	0644	0	13708	2165256d3aa042a8a866b5ea69132a9854be202a801614926df66d4c38c762fe		copy	source-evidence		"{""archive_timestamp"":[2026,9,24,15,16,30],""source_path"":""findings/AST-44-pipe-readv-blocks-after-prefix/repro/src/legacy_cases.inc"",""source_sha256"":""2165256d3aa042a8a866b5ea69132a9854be202a801614926df66d4c38c762fe"",""source_size"":13708}"
findings/AST-45-rwf-semantic-flags-discarded/finding.md	findings/AST-45-rwf-semantic-flags-discarded/finding.md	file	0644	0	5073	8b2af2edf9c02bd19c5daa81d6cf022bbe549cc381b93831f262e182586da243		copy	source-evidence		"{""archive_timestamp"":[2026,9,24,15,16,30],""source_path"":""findings/AST-45-rwf-semantic-flags-discarded/finding.md"",""source_sha256"":""8b2af2edf9c02bd19c5daa81d6cf022bbe549cc381b93831f262e182586da243"",""source_size"":5073}"
findings/AST-45-rwf-semantic-flags-discarded/meta.json	findings/AST-45-rwf-semantic-flags-discarded/meta.json	file	0644	0	3791	b94ef39ed84e350ec6dfb1275d621ae3d8218a32b0b29fc43d6087d93c67f65a		copy	source-evidence		"{""archive_timestamp"":[2026,9,24,15,16,30],""source_path"":""findings/AST-45-rwf-semantic-flags-discarded/meta.json"",""source_sha256"":""b94ef39ed84e350ec6dfb1275d621ae3d8218a32b0b29fc43d6087d93c67f65a"",""source_size"":3791}"
findings/AST-46-rwf-append-unsupported/finding.md	findings/AST-46-rwf-append-unsupported/finding.md	file	0644	0	4892	f3d65e18ef8790280db92b34cbb37a77930ba9523f4dc642db192481c4f618db		copy	source-evidence		"{""archive_timestamp"":[2026,9,24,15,16,30],""source_path"":""findings/AST-46-rwf-append-unsupported/finding.md"",""source_sha256"":""f3d65e18ef8790280db92b34cbb37a77930ba9523f4dc642db192481c4f618db"",""source_size"":4892}"
findings/AST-46-rwf-append-unsupported/meta.json	findings/AST-46-rwf-append-unsupported/meta.json	file	0644	0	4499	af971da44a8dfeb5f7da20c4d612d2ced247d33a6007e56b1864fd0e5819ba65		copy	source-evidence		"{""archive_timestamp"":[2026,9,24,15,16,30],""source_path"":""findings/AST-46-rwf-append-unsupported/meta.json"",""source_sha256"":""af971da44a8dfeb5f7da20c4d612d2ced247d33a6007e56b1864fd0e5819ba65"",""source_size"":4499}"
findings/AST-46-rwf-append-unsupported/repro/LICENSE	findings/AST-46-rwf-append-unsupported/repro/LICENSE	file	0644	0	1334	434832ddcdcd9f0de6fd708d2da835321c3842a32209c59de3f100495d1069b5		copy	source-evidence		"{""archive_timestamp"":[2026,9,24,15,16,30],""source_path"":""findings/AST-46-rwf-append-unsupported/repro/LICENSE"",""source_sha256"":""434832ddcdcd9f0de6fd708d2da835321c3842a32209c59de3f100495d1069b5"",""source_size"":1334}"
findings/AST-46-rwf-append-unsupported/repro/Makefile	findings/AST-46-rwf-append-unsupported/repro/Makefile	file	0644	0	328	76f8816ce93bcdae010b50c053ab217d49e82cd95f2a54cec846d2313a6d2636		copy	source-evidence		"{""archive_timestamp"":[2026,9,24,15,16,30],""source_path"":""findings/AST-46-rwf-append-unsupported/repro/Makefile"",""source_sha256"":""76f8816ce93bcdae010b50c053ab217d49e82cd95f2a54cec846d2313a6d2636"",""source_size"":328}"
findings/AST-46-rwf-append-unsupported/repro/README.md	findings/AST-46-rwf-append-unsupported/repro/README.md	file	0644	0	6484	4609a04a1c279fb89d9833b677421a220bd956919f027fa1c0af68b53083be98		copy	source-evidence		"{""archive_timestamp"":[2026,9,24,15,16,30],""source_path"":""findings/AST-46-rwf-append-unsupported/repro/README.md"",""source_sha256"":""4609a04a1c279fb89d9833b677421a220bd956919f027fa1c0af68b53083be98"",""source_size"":6484}"
findings/AST-46-rwf-append-unsupported/repro/src/abi_probe.c	findings/AST-46-rwf-append-unsupported/repro/src/abi_probe.c	file	0644	0	21130	3fa9b1f5f81f02814fbc7e373e1988d2396a266d4d05d596f63d58bccd76d95d		copy	source-evidence		"{""archive_timestamp"":[2026,9,24,15,16,30],""source_path"":""findings/AST-46-rwf-append-unsupported/repro/src/abi_probe.c"",""source_sha256"":""3fa9b1f5f81f02814fbc7e373e1988d2396a266d4d05d596f63d58bccd76d95d"",""source_size"":21130}"
findings/AST-46-rwf-append-unsupported/repro/src/legacy_cases.inc	findings/AST-46-rwf-append-unsupported/repro/src/legacy_cases.inc	file	0644	0	13708	2165256d3aa042a8a866b5ea69132a9854be202a801614926df66d4c38c762fe		copy	source-evidence		"{""archive_timestamp"":[2026,9,24,15,16,30],""source_path"":""findings/AST-46-rwf-append-unsupported/repro/src/legacy_cases.inc"",""source_sha256"":""2165256d3aa042a8a866b5ea69132a9854be202a801614926df66d4c38c762fe"",""source_size"":13708}"
findings/AST-47-openat-ignores-rlimit-nofile/finding.md	findings/AST-47-openat-ignores-rlimit-nofile/finding.md	file	0644	0	5136	2c61d211682163cd5c62e7b278fc1e48a19f7cd03d5faa0c210ef7c94da23454		copy	source-evidence		"{""archive_timestamp"":[2026,9,24,15,16,30],""source_path"":""findings/AST-47-openat-ignores-rlimit-nofile/finding.md"",""source_sha256"":""2c61d211682163cd5c62e7b278fc1e48a19f7cd03d5faa0c210ef7c94da23454"",""source_size"":5136}"
findings/AST-47-openat-ignores-rlimit-nofile/meta.json	findings/AST-47-openat-ignores-rlimit-nofile/meta.json	file	0644	0	4629	e9dd39363f10e0d8c31878e65e3a16cb18c860148d81f3d6e66ccddef2d84a14		copy	source-evidence		"{""archive_timestamp"":[2026,9,24,15,16,30],""source_path"":""findings/AST-47-openat-ignores-rlimit-nofile/meta.json"",""source_sha256"":""e9dd39363f10e0d8c31878e65e3a16cb18c860148d81f3d6e66ccddef2d84a14"",""source_size"":4629}"
findings/AST-47-openat-ignores-rlimit-nofile/repro/LICENSE	findings/AST-47-openat-ignores-rlimit-nofile/repro/LICENSE	file	0644	0	1334	434832ddcdcd9f0de6fd708d2da835321c3842a32209c59de3f100495d1069b5		copy	source-evidence		"{""archive_timestamp"":[2026,9,24,15,16,30],""source_path"":""findings/AST-47-openat-ignores-rlimit-nofile/repro/LICENSE"",""source_sha256"":""434832ddcdcd9f0de6fd708d2da835321c3842a32209c59de3f100495d1069b5"",""source_size"":1334}"
findings/AST-47-openat-ignores-rlimit-nofile/repro/Makefile	findings/AST-47-openat-ignores-rlimit-nofile/repro/Makefile	file	0644	0	328	76f8816ce93bcdae010b50c053ab217d49e82cd95f2a54cec846d2313a6d2636		copy	source-evidence		"{""archive_timestamp"":[2026,9,24,15,16,30],""source_path"":""findings/AST-47-openat-ignores-rlimit-nofile/repro/Makefile"",""source_sha256"":""76f8816ce93bcdae010b50c053ab217d49e82cd95f2a54cec846d2313a6d2636"",""source_size"":328}"
findings/AST-47-openat-ignores-rlimit-nofile/repro/README.md	findings/AST-47-openat-ignores-rlimit-nofile/repro/README.md	file	0644	0	6238	efa659aaa989cc75d0ec95b8b03eb2c36c840cdb28770e4f230e1a17cf5a4877		copy	source-evidence		"{""archive_timestamp"":[2026,9,24,15,16,30],""source_path"":""findings/AST-47-openat-ignores-rlimit-nofile/repro/README.md"",""source_sha256"":""efa659aaa989cc75d0ec95b8b03eb2c36c840cdb28770e4f230e1a17cf5a4877"",""source_size"":6238}"
findings/AST-47-openat-ignores-rlimit-nofile/repro/src/abi_probe.c	findings/AST-47-openat-ignores-rlimit-nofile/repro/src/abi_probe.c	file	0644	0	21130	3fa9b1f5f81f02814fbc7e373e1988d2396a266d4d05d596f63d58bccd76d95d		copy	source-evidence		"{""archive_timestamp"":[2026,9,24,15,16,30],""source_path"":""findings/AST-47-openat-ignores-rlimit-nofile/repro/src/abi_probe.c"",""source_sha256"":""3fa9b1f5f81f02814fbc7e373e1988d2396a266d4d05d596f63d58bccd76d95d"",""source_size"":21130}"
findings/AST-47-openat-ignores-rlimit-nofile/repro/src/legacy_cases.inc	findings/AST-47-openat-ignores-rlimit-nofile/repro/src/legacy_cases.inc	file	0644	0	13708	2165256d3aa042a8a866b5ea69132a9854be202a801614926df66d4c38c762fe		copy	source-evidence		"{""archive_timestamp"":[2026,9,24,15,16,30],""source_path"":""findings/AST-47-openat-ignores-rlimit-nofile/repro/src/legacy_cases.inc"",""source_sha256"":""2165256d3aa042a8a866b5ea69132a9854be202a801614926df66d4c38c762fe"",""source_size"":13708}"
findings/AST-48-set-tid-address-wrong-field/finding.md	findings/AST-48-set-tid-address-wrong-field/finding.md	file	0644	0	4790	e7d46e78fe681c1af19c949906574822705838f0dfc49cff8b34f871a8f2a205		copy	source-evidence		"{""archive_timestamp"":[2026,9,24,15,16,30],""source_path"":""findings/AST-48-set-tid-address-wrong-field/finding.md"",""source_sha256"":""e7d46e78fe681c1af19c949906574822705838f0dfc49cff8b34f871a8f2a205"",""source_size"":4790}"
findings/AST-48-set-tid-address-wrong-field/meta.json	findings/AST-48-set-tid-address-wrong-field/meta.json	file	0644	0	3684	2050458745640bddfd98fdacc2ca29f2434f698ee9b06a56af868a123f34d44e		copy	source-evidence		"{""archive_timestamp"":[2026,9,24,15,16,30],""source_path"":""findings/AST-48-set-tid-address-wrong-field/meta.json"",""source_sha256"":""2050458745640bddfd98fdacc2ca29f2434f698ee9b06a56af868a123f34d44e"",""source_size"":3684}"
findings/AST-49-kernelsignal-erases-signal-payload/finding.md	findings/AST-49-kernelsignal-erases-signal-payload/finding.md	file	0644	0	6722	cf057b0ec3ca977a0c42c46c5801550e6b10aa376b852eff30e9e405602c9fa0		copy	source-evidence		"{""archive_timestamp"":[2026,9,24,15,16,30],""source_path"":""findings/AST-49-kernelsignal-erases-signal-payload/finding.md"",""source_sha256"":""cf057b0ec3ca977a0c42c46c5801550e6b10aa376b852eff30e9e405602c9fa0"",""source_size"":6722}"
findings/AST-49-kernelsignal-erases-signal-payload/meta.json	findings/AST-49-kernelsignal-erases-signal-payload/meta.json	file	0644	0	5721	45d2c8453df5a72a321a10615ca2f25766774f2b7ccd745142edc8f9882b7245		copy	source-evidence		"{""archive_timestamp"":[2026,9,24,15,16,30],""source_path"":""findings/AST-49-kernelsignal-erases-signal-payload/meta.json"",""source_sha256"":""45d2c8453df5a72a321a10615ca2f25766774f2b7ccd745142edc8f9882b7245"",""source_size"":5721}"
findings/AST-49-kernelsignal-erases-signal-payload/repro/LICENSE	findings/AST-49-kernelsignal-erases-signal-payload/repro/LICENSE	file	0644	0	1334	434832ddcdcd9f0de6fd708d2da835321c3842a32209c59de3f100495d1069b5		copy	source-evidence		"{""archive_timestamp"":[2026,9,24,15,16,30],""source_path"":""findings/AST-49-kernelsignal-erases-signal-payload/repro/LICENSE"",""source_sha256"":""434832ddcdcd9f0de6fd708d2da835321c3842a32209c59de3f100495d1069b5"",""source_size"":1334}"
findings/AST-49-kernelsignal-erases-signal-payload/repro/Makefile	findings/AST-49-kernelsignal-erases-signal-payload/repro/Makefile	file	0644	0	328	76f8816ce93bcdae010b50c053ab217d49e82cd95f2a54cec846d2313a6d2636		copy	source-evidence		"{""archive_timestamp"":[2026,9,24,15,16,30],""source_path"":""findings/AST-49-kernelsignal-erases-signal-payload/repro/Makefile"",""source_sha256"":""76f8816ce93bcdae010b50c053ab217d49e82cd95f2a54cec846d2313a6d2636"",""source_size"":328}"
findings/AST-49-kernelsignal-erases-signal-payload/repro/README.md	findings/AST-49-kernelsignal-erases-signal-payload/repro/README.md	file	0644	0	7627	1bbf05d1a472ed7d0af79c6b8fb16c04a19d63a7a0dfeef82da4e03b9c867aee		copy	source-evidence		"{""archive_timestamp"":[2026,9,24,15,16,30],""source_path"":""findings/AST-49-kernelsignal-erases-signal-payload/repro/README.md"",""source_sha256"":""1bbf05d1a472ed7d0af79c6b8fb16c04a19d63a7a0dfeef82da4e03b9c867aee"",""source_size"":7627}"
findings/AST-49-kernelsignal-erases-signal-payload/repro/src/abi_probe.c	findings/AST-49-kernelsignal-erases-signal-payload/repro/src/abi_probe.c	file	0644	0	21130	3fa9b1f5f81f02814fbc7e373e1988d2396a266d4d05d596f63d58bccd76d95d		copy	source-evidence		"{""archive_timestamp"":[2026,9,24,15,16,30],""source_path"":""findings/AST-49-kernelsignal-erases-signal-payload/repro/src/abi_probe.c"",""source_sha256"":""3fa9b1f5f81f02814fbc7e373e1988d2396a266d4d05d596f63d58bccd76d95d"",""source_size"":21130}"
findings/AST-49-kernelsignal-erases-signal-payload/repro/src/legacy_cases.inc	findings/AST-49-kernelsignal-erases-signal-payload/repro/src/legacy_cases.inc	file	0644	0	13708	2165256d3aa042a8a866b5ea69132a9854be202a801614926df66d4c38c762fe		copy	source-evidence		"{""archive_timestamp"":[2026,9,24,15,16,30],""source_path"":""findings/AST-49-kernelsignal-erases-signal-payload/repro/src/legacy_cases.inc"",""source_sha256"":""2165256d3aa042a8a866b5ea69132a9854be202a801614926df66d4c38c762fe"",""source_size"":13708}"
findings/AST-50-pdeathsig-process-not-thread-lifetime/finding.md	findings/AST-50-pdeathsig-process-not-thread-lifetime/finding.md	file	0644	0	4394	1198599be1db45df32903eee6dcb145199eb162b37898d9a0a2e34bc5c2735a1		copy	source-evidence		"{""archive_timestamp"":[2026,9,24,15,16,30],""source_path"":""findings/AST-50-pdeathsig-process-not-thread-lifetime/finding.md"",""source_sha256"":""1198599be1db45df32903eee6dcb145199eb162b37898d9a0a2e34bc5c2735a1"",""source_size"":4394}"
findings/AST-50-pdeathsig-process-not-thread-lifetime/meta.json	findings/AST-50-pdeathsig-process-not-thread-lifetime/meta.json	file	0644	0	3431	56ddb457a1a3d191d25d6035d3a74a18082430f658469088b78b8bc77c6bb60e		copy	source-evidence		"{""archive_timestamp"":[2026,9,24,15,16,30],""source_path"":""findings/AST-50-pdeathsig-process-not-thread-lifetime/meta.json"",""source_sha256"":""56ddb457a1a3d191d25d6035d3a74a18082430f658469088b78b8bc77c6bb60e"",""source_size"":3431}"
findings/AST-51-msync-sync-discards-errors/finding.md	findings/AST-51-msync-sync-discards-errors/finding.md	file	0644	0	4114	a424a74e36ba33d1132791983210f5fa02f7d8526c83e7a22ff262be4fe1dc68		copy	source-evidence		"{""archive_timestamp"":[2026,9,24,15,16,30],""source_path"":""findings/AST-51-msync-sync-discards-errors/finding.md"",""source_sha256"":""a424a74e36ba33d1132791983210f5fa02f7d8526c83e7a22ff262be4fe1dc68"",""source_size"":4114}"
findings/AST-51-msync-sync-discards-errors/meta.json	findings/AST-51-msync-sync-discards-errors/meta.json	file	0644	0	3200	8c48ac0225bc580dc1c6427530ff4b0f1a86bdc07a6a8a96f8b718a8b7a2eb64		copy	source-evidence		"{""archive_timestamp"":[2026,9,24,15,16,30],""source_path"":""findings/AST-51-msync-sync-discards-errors/meta.json"",""source_sha256"":""8c48ac0225bc580dc1c6427530ff4b0f1a86bdc07a6a8a96f8b718a8b7a2eb64"",""source_size"":3200}"
findings/AST-52-madv-dontfork-unimplemented/finding.md	findings/AST-52-madv-dontfork-unimplemented/finding.md	file	0644	0	4930	c9db7322932ad0d9346d41ea0ee7c20c9f027c973047480b32ae7d4b4e5f0601		copy	source-evidence		"{""archive_timestamp"":[2026,9,24,15,16,30],""source_path"":""findings/AST-52-madv-dontfork-unimplemented/finding.md"",""source_sha256"":""c9db7322932ad0d9346d41ea0ee7c20c9f027c973047480b32ae7d4b4e5f0601"",""source_size"":4930}"
findings/AST-52-madv-dontfork-unimplemented/meta.json	findings/AST-52-madv-dontfork-unimplemented/meta.json	file	0644	0	4575	901b72d423fe1a7d23e978d65205cbc16e3acebd55e624c9d510d0edf1327bbe		copy	source-evidence		"{""archive_timestamp"":[2026,9,24,15,16,30],""source_path"":""findings/AST-52-madv-dontfork-unimplemented/meta.json"",""source_sha256"":""901b72d423fe1a7d23e978d65205cbc16e3acebd55e624c9d510d0edf1327bbe"",""source_size"":4575}"
findings/AST-52-madv-dontfork-unimplemented/repro/LICENSE	findings/AST-52-madv-dontfork-unimplemented/repro/LICENSE	file	0644	0	1334	434832ddcdcd9f0de6fd708d2da835321c3842a32209c59de3f100495d1069b5		copy	source-evidence		"{""archive_timestamp"":[2026,9,24,15,16,30],""source_path"":""findings/AST-52-madv-dontfork-unimplemented/repro/LICENSE"",""source_sha256"":""434832ddcdcd9f0de6fd708d2da835321c3842a32209c59de3f100495d1069b5"",""source_size"":1334}"
findings/AST-52-madv-dontfork-unimplemented/repro/Makefile	findings/AST-52-madv-dontfork-unimplemented/repro/Makefile	file	0644	0	328	76f8816ce93bcdae010b50c053ab217d49e82cd95f2a54cec846d2313a6d2636		copy	source-evidence		"{""archive_timestamp"":[2026,9,24,15,16,30],""source_path"":""findings/AST-52-madv-dontfork-unimplemented/repro/Makefile"",""source_sha256"":""76f8816ce93bcdae010b50c053ab217d49e82cd95f2a54cec846d2313a6d2636"",""source_size"":328}"
findings/AST-52-madv-dontfork-unimplemented/repro/README.md	findings/AST-52-madv-dontfork-unimplemented/repro/README.md	file	0644	0	6405	bb20208f63425114fe3a5b337229619eb5c40f39ac990c3c782c4d751991000a		copy	source-evidence		"{""archive_timestamp"":[2026,9,24,15,16,30],""source_path"":""findings/AST-52-madv-dontfork-unimplemented/repro/README.md"",""source_sha256"":""bb20208f63425114fe3a5b337229619eb5c40f39ac990c3c782c4d751991000a"",""source_size"":6405}"
findings/AST-52-madv-dontfork-unimplemented/repro/src/abi_probe.c	findings/AST-52-madv-dontfork-unimplemented/repro/src/abi_probe.c	file	0644	0	21130	3fa9b1f5f81f02814fbc7e373e1988d2396a266d4d05d596f63d58bccd76d95d		copy	source-evidence		"{""archive_timestamp"":[2026,9,24,15,16,30],""source_path"":""findings/AST-52-madv-dontfork-unimplemented/repro/src/abi_probe.c"",""source_sha256"":""3fa9b1f5f81f02814fbc7e373e1988d2396a266d4d05d596f63d58bccd76d95d"",""source_size"":21130}"
findings/AST-52-madv-dontfork-unimplemented/repro/src/legacy_cases.inc	findings/AST-52-madv-dontfork-unimplemented/repro/src/legacy_cases.inc	file	0644	0	13708	2165256d3aa042a8a866b5ea69132a9854be202a801614926df66d4c38c762fe		copy	source-evidence		"{""archive_timestamp"":[2026,9,24,15,16,30],""source_path"":""findings/AST-52-madv-dontfork-unimplemented/repro/src/legacy_cases.inc"",""source_sha256"":""2165256d3aa042a8a866b5ea69132a9854be202a801614926df66d4c38c762fe"",""source_size"":13708}"
findings/AST-53-madv-free-mapping-validation/finding.md	findings/AST-53-madv-free-mapping-validation/finding.md	file	0644	0	4586	e9b6b43145009b852ccc43b9b381301d0a8d6b3ae1aa55dc3f119327aebc68cc		copy	source-evidence		"{""archive_timestamp"":[2026,9,24,15,16,30],""source_path"":""findings/AST-53-madv-free-mapping-validation/finding.md"",""source_sha256"":""e9b6b43145009b852ccc43b9b381301d0a8d6b3ae1aa55dc3f119327aebc68cc"",""source_size"":4586}"
findings/AST-53-madv-free-mapping-validation/meta.json	findings/AST-53-madv-free-mapping-validation/meta.json	file	0644	0	4400	7eba94534043f32d2ee7345967ac0523a4c1c417f55776002d59687c6e23600f		copy	source-evidence		"{""archive_timestamp"":[2026,9,24,15,16,30],""source_path"":""findings/AST-53-madv-free-mapping-validation/meta.json"",""source_sha256"":""7eba94534043f32d2ee7345967ac0523a4c1c417f55776002d59687c6e23600f"",""source_size"":4400}"
findings/AST-53-madv-free-mapping-validation/repro/LICENSE	findings/AST-53-madv-free-mapping-validation/repro/LICENSE	file	0644	0	1334	434832ddcdcd9f0de6fd708d2da835321c3842a32209c59de3f100495d1069b5		copy	source-evidence		"{""archive_timestamp"":[2026,9,24,15,16,30],""source_path"":""findings/AST-53-madv-free-mapping-validation/repro/LICENSE"",""source_sha256"":""434832ddcdcd9f0de6fd708d2da835321c3842a32209c59de3f100495d1069b5"",""source_size"":1334}"
findings/AST-53-madv-free-mapping-validation/repro/Makefile	findings/AST-53-madv-free-mapping-validation/repro/Makefile	file	0644	0	328	76f8816ce93bcdae010b50c053ab217d49e82cd95f2a54cec846d2313a6d2636		copy	source-evidence		"{""archive_timestamp"":[2026,9,24,15,16,30],""source_path"":""findings/AST-53-madv-free-mapping-validation/repro/Makefile"",""source_sha256"":""76f8816ce93bcdae010b50c053ab217d49e82cd95f2a54cec846d2313a6d2636"",""source_size"":328}"
findings/AST-53-madv-free-mapping-validation/repro/README.md	findings/AST-53-madv-free-mapping-validation/repro/README.md	file	0644	0	6218	eceb834c791ab2e7f85992005617c02d173d2b8ec0a94288ddda80a25e26718c		copy	source-evidence		"{""archive_timestamp"":[2026,9,24,15,16,30],""source_path"":""findings/AST-53-madv-free-mapping-validation/repro/README.md"",""source_sha256"":""eceb834c791ab2e7f85992005617c02d173d2b8ec0a94288ddda80a25e26718c"",""source_size"":6218}"
findings/AST-53-madv-free-mapping-validation/repro/src/abi_probe.c	findings/AST-53-madv-free-mapping-validation/repro/src/abi_probe.c	file	0644	0	21130	3fa9b1f5f81f02814fbc7e373e1988d2396a266d4d05d596f63d58bccd76d95d		copy	source-evidence		"{""archive_timestamp"":[2026,9,24,15,16,30],""source_path"":""findings/AST-53-madv-free-mapping-validation/repro/src/abi_probe.c"",""source_sha256"":""3fa9b1f5f81f02814fbc7e373e1988d2396a266d4d05d596f63d58bccd76d95d"",""source_size"":21130}"
findings/AST-53-madv-free-mapping-validation/repro/src/legacy_cases.inc	findings/AST-53-madv-free-mapping-validation/repro/src/legacy_cases.inc	file	0644	0	13708	2165256d3aa042a8a866b5ea69132a9854be202a801614926df66d4c38c762fe		copy	source-evidence		"{""archive_timestamp"":[2026,9,24,15,16,30],""source_path"":""findings/AST-53-madv-free-mapping-validation/repro/src/legacy_cases.inc"",""source_sha256"":""2165256d3aa042a8a866b5ea69132a9854be202a801614926df66d4c38c762fe"",""source_size"":13708}"
findings/AST-54-select-fixed-fdset-bitmap/finding.md	findings/AST-54-select-fixed-fdset-bitmap/finding.md	file	0644	0	5711	d2d3b15beba74b78917f777be4cf718e0bce1402fcc8db21f403ba7ec5f60f99		copy	source-evidence		"{""archive_timestamp"":[2026,9,24,15,16,30],""source_path"":""findings/AST-54-select-fixed-fdset-bitmap/finding.md"",""source_sha256"":""d2d3b15beba74b78917f777be4cf718e0bce1402fcc8db21f403ba7ec5f60f99"",""source_size"":5711}"
findings/AST-54-select-fixed-fdset-bitmap/meta.json	findings/AST-54-select-fixed-fdset-bitmap/meta.json	file	0644	0	5247	1f6dc88b8de22a48d52306a07c180dddfcb59c367271ca66908acdaeaccaab5b		copy	source-evidence		"{""archive_timestamp"":[2026,9,24,15,16,30],""source_path"":""findings/AST-54-select-fixed-fdset-bitmap/meta.json"",""source_sha256"":""1f6dc88b8de22a48d52306a07c180dddfcb59c367271ca66908acdaeaccaab5b"",""source_size"":5247}"
findings/AST-54-select-fixed-fdset-bitmap/repro/LICENSE	findings/AST-54-select-fixed-fdset-bitmap/repro/LICENSE	file	0644	0	1334	434832ddcdcd9f0de6fd708d2da835321c3842a32209c59de3f100495d1069b5		copy	source-evidence		"{""archive_timestamp"":[2026,9,24,15,16,30],""source_path"":""findings/AST-54-select-fixed-fdset-bitmap/repro/LICENSE"",""source_sha256"":""434832ddcdcd9f0de6fd708d2da835321c3842a32209c59de3f100495d1069b5"",""source_size"":1334}"
findings/AST-54-select-fixed-fdset-bitmap/repro/Makefile	findings/AST-54-select-fixed-fdset-bitmap/repro/Makefile	file	0644	0	328	76f8816ce93bcdae010b50c053ab217d49e82cd95f2a54cec846d2313a6d2636		copy	source-evidence		"{""archive_timestamp"":[2026,9,24,15,16,30],""source_path"":""findings/AST-54-select-fixed-fdset-bitmap/repro/Makefile"",""source_sha256"":""76f8816ce93bcdae010b50c053ab217d49e82cd95f2a54cec846d2313a6d2636"",""source_size"":328}"
findings/AST-54-select-fixed-fdset-bitmap/repro/README.md	findings/AST-54-select-fixed-fdset-bitmap/repro/README.md	file	0644	0	7323	0a6f4f55484684b28710add2c1075be796a650bafe6f565780e3a506c2d3aa90		copy	source-evidence		"{""archive_timestamp"":[2026,9,24,15,16,30],""source_path"":""findings/AST-54-select-fixed-fdset-bitmap/repro/README.md"",""source_sha256"":""0a6f4f55484684b28710add2c1075be796a650bafe6f565780e3a506c2d3aa90"",""source_size"":7323}"
findings/AST-54-select-fixed-fdset-bitmap/repro/src/abi_probe.c	findings/AST-54-select-fixed-fdset-bitmap/repro/src/abi_probe.c	file	0644	0	21130	3fa9b1f5f81f02814fbc7e373e1988d2396a266d4d05d596f63d58bccd76d95d		copy	source-evidence		"{""archive_timestamp"":[2026,9,24,15,16,30],""source_path"":""findings/AST-54-select-fixed-fdset-bitmap/repro/src/abi_probe.c"",""source_sha256"":""3fa9b1f5f81f02814fbc7e373e1988d2396a266d4d05d596f63d58bccd76d95d"",""source_size"":21130}"
findings/AST-54-select-fixed-fdset-bitmap/repro/src/legacy_cases.inc	findings/AST-54-select-fixed-fdset-bitmap/repro/src/legacy_cases.inc	file	0644	0	13708	2165256d3aa042a8a866b5ea69132a9854be202a801614926df66d4c38c762fe		copy	source-evidence		"{""archive_timestamp"":[2026,9,24,15,16,30],""source_path"":""findings/AST-54-select-fixed-fdset-bitmap/repro/src/legacy_cases.inc"",""source_sha256"":""2165256d3aa042a8a866b5ea69132a9854be202a801614926df66d4c38c762fe"",""source_size"":13708}"
findings/AST-55-select-ppoll-timeout-writeback/finding.md	findings/AST-55-select-ppoll-timeout-writeback/finding.md	file	0644	0	6944	cb01d3bb70f674323d649a51047d26ccd9e480caf7218eb0342013b00c5235ef		copy	source-evidence		"{""archive_timestamp"":[2026,9,24,15,16,30],""source_path"":""findings/AST-55-select-ppoll-timeout-writeback/finding.md"",""source_sha256"":""cb01d3bb70f674323d649a51047d26ccd9e480caf7218eb0342013b00c5235ef"",""source_size"":6944}"
findings/AST-55-select-ppoll-timeout-writeback/meta.json	findings/AST-55-select-ppoll-timeout-writeback/meta.json	file	0644	0	6095	decf07048734839a456370cf0e0a34b0331460d15628fdb7c38a963eb672f1a0		copy	source-evidence		"{""archive_timestamp"":[2026,9,24,15,16,30],""source_path"":""findings/AST-55-select-ppoll-timeout-writeback/meta.json"",""source_sha256"":""decf07048734839a456370cf0e0a34b0331460d15628fdb7c38a963eb672f1a0"",""source_size"":6095}"
findings/AST-55-select-ppoll-timeout-writeback/repro/LICENSE	findings/AST-55-select-ppoll-timeout-writeback/repro/LICENSE	file	0644	0	1334	434832ddcdcd9f0de6fd708d2da835321c3842a32209c59de3f100495d1069b5		copy	source-evidence		"{""archive_timestamp"":[2026,9,24,15,16,30],""source_path"":""findings/AST-55-select-ppoll-timeout-writeback/repro/LICENSE"",""source_sha256"":""434832ddcdcd9f0de6fd708d2da835321c3842a32209c59de3f100495d1069b5"",""source_size"":1334}"
findings/AST-55-select-ppoll-timeout-writeback/repro/Makefile	findings/AST-55-select-ppoll-timeout-writeback/repro/Makefile	file	0644	0	328	76f8816ce93bcdae010b50c053ab217d49e82cd95f2a54cec846d2313a6d2636		copy	source-evidence		"{""archive_timestamp"":[2026,9,24,15,16,30],""source_path"":""findings/AST-55-select-ppoll-timeout-writeback/repro/Makefile"",""source_sha256"":""76f8816ce93bcdae010b50c053ab217d49e82cd95f2a54cec846d2313a6d2636"",""source_size"":328}"
findings/AST-55-select-ppoll-timeout-writeback/repro/README.md	findings/AST-55-select-ppoll-timeout-writeback/repro/README.md	file	0644	0	8144	188f430ba8e08a21ad37e2d67b60bde500c60ac106f7883422391ab32237e805		copy	source-evidence		"{""archive_timestamp"":[2026,9,24,15,16,30],""source_path"":""findings/AST-55-select-ppoll-timeout-writeback/repro/README.md"",""source_sha256"":""188f430ba8e08a21ad37e2d67b60bde500c60ac106f7883422391ab32237e805"",""source_size"":8144}"
findings/AST-55-select-ppoll-timeout-writeback/repro/src/abi_probe.c	findings/AST-55-select-ppoll-timeout-writeback/repro/src/abi_probe.c	file	0644	0	21130	3fa9b1f5f81f02814fbc7e373e1988d2396a266d4d05d596f63d58bccd76d95d		copy	source-evidence		"{""archive_timestamp"":[2026,9,24,15,16,30],""source_path"":""findings/AST-55-select-ppoll-timeout-writeback/repro/src/abi_probe.c"",""source_sha256"":""3fa9b1f5f81f02814fbc7e373e1988d2396a266d4d05d596f63d58bccd76d95d"",""source_size"":21130}"
findings/AST-55-select-ppoll-timeout-writeback/repro/src/legacy_cases.inc	findings/AST-55-select-ppoll-timeout-writeback/repro/src/legacy_cases.inc	file	0644	0	13708	2165256d3aa042a8a866b5ea69132a9854be202a801614926df66d4c38c762fe		copy	source-evidence		"{""archive_timestamp"":[2026,9,24,15,16,30],""source_path"":""findings/AST-55-select-ppoll-timeout-writeback/repro/src/legacy_cases.inc"",""source_sha256"":""2165256d3aa042a8a866b5ea69132a9854be202a801614926df66d4c38c762fe"",""source_size"":13708}"
findings/AST-56-tty-vtime-timeout-ignored/finding.md	findings/AST-56-tty-vtime-timeout-ignored/finding.md	file	0644	0	5268	917f6a62a0027fbebd71e62b9218e90ae3465f1bab2127422bd78df64d57a5e4		copy	source-evidence		"{""archive_timestamp"":[2026,9,24,15,16,30],""source_path"":""findings/AST-56-tty-vtime-timeout-ignored/finding.md"",""source_sha256"":""917f6a62a0027fbebd71e62b9218e90ae3465f1bab2127422bd78df64d57a5e4"",""source_size"":5268}"
findings/AST-56-tty-vtime-timeout-ignored/meta.json	findings/AST-56-tty-vtime-timeout-ignored/meta.json	file	0644	0	4419	ac91237a0a0ebaf6bbe22921d43913603dcabd612a7a669ca90c39e376214ae8		copy	source-evidence		"{""archive_timestamp"":[2026,9,24,15,16,30],""source_path"":""findings/AST-56-tty-vtime-timeout-ignored/meta.json"",""source_sha256"":""ac91237a0a0ebaf6bbe22921d43913603dcabd612a7a669ca90c39e376214ae8"",""source_size"":4419}"
findings/AST-56-tty-vtime-timeout-ignored/repro/LICENSE	findings/AST-56-tty-vtime-timeout-ignored/repro/LICENSE	file	0644	0	1334	434832ddcdcd9f0de6fd708d2da835321c3842a32209c59de3f100495d1069b5		copy	source-evidence		"{""archive_timestamp"":[2026,9,24,15,16,30],""source_path"":""findings/AST-56-tty-vtime-timeout-ignored/repro/LICENSE"",""source_sha256"":""434832ddcdcd9f0de6fd708d2da835321c3842a32209c59de3f100495d1069b5"",""source_size"":1334}"
findings/AST-56-tty-vtime-timeout-ignored/repro/Makefile	findings/AST-56-tty-vtime-timeout-ignored/repro/Makefile	file	0644	0	328	76f8816ce93bcdae010b50c053ab217d49e82cd95f2a54cec846d2313a6d2636		copy	source-evidence		"{""archive_timestamp"":[2026,9,24,15,16,30],""source_path"":""findings/AST-56-tty-vtime-timeout-ignored/repro/Makefile"",""source_sha256"":""76f8816ce93bcdae010b50c053ab217d49e82cd95f2a54cec846d2313a6d2636"",""source_size"":328}"
findings/AST-56-tty-vtime-timeout-ignored/repro/README.md	findings/AST-56-tty-vtime-timeout-ignored/repro/README.md	file	0644	0	6502	c550a3ef2092e72a085c07c8a99da7358be1b16c01dc4409b06499b3086ae96f		copy	source-evidence		"{""archive_timestamp"":[2026,9,24,15,16,30],""source_path"":""findings/AST-56-tty-vtime-timeout-ignored/repro/README.md"",""source_sha256"":""c550a3ef2092e72a085c07c8a99da7358be1b16c01dc4409b06499b3086ae96f"",""source_size"":6502}"
findings/AST-56-tty-vtime-timeout-ignored/repro/src/abi_probe.c	findings/AST-56-tty-vtime-timeout-ignored/repro/src/abi_probe.c	file	0644	0	21130	3fa9b1f5f81f02814fbc7e373e1988d2396a266d4d05d596f63d58bccd76d95d		copy	source-evidence		"{""archive_timestamp"":[2026,9,24,15,16,30],""source_path"":""findings/AST-56-tty-vtime-timeout-ignored/repro/src/abi_probe.c"",""source_sha256"":""3fa9b1f5f81f02814fbc7e373e1988d2396a266d4d05d596f63d58bccd76d95d"",""source_size"":21130}"
findings/AST-56-tty-vtime-timeout-ignored/repro/src/legacy_cases.inc	findings/AST-56-tty-vtime-timeout-ignored/repro/src/legacy_cases.inc	file	0644	0	13708	2165256d3aa042a8a866b5ea69132a9854be202a801614926df66d4c38c762fe		copy	source-evidence		"{""archive_timestamp"":[2026,9,24,15,16,30],""source_path"":""findings/AST-56-tty-vtime-timeout-ignored/repro/src/legacy_cases.inc"",""source_sha256"":""2165256d3aa042a8a866b5ea69132a9854be202a801614926df66d4c38c762fe"",""source_size"":13708}"
findings/AST-57-tty-canonical-read-vmin/finding.md	findings/AST-57-tty-canonical-read-vmin/finding.md	file	0644	0	4385	29b5204f1559f8b4af71713170f21578024008a98661c1b334024ea3c6a2ff67		copy	source-evidence		"{""archive_timestamp"":[2026,9,24,15,15,34],""source_path"":""findings/AST-57-tty-canonical-read-vmin/finding.md"",""source_sha256"":""29b5204f1559f8b4af71713170f21578024008a98661c1b334024ea3c6a2ff67"",""source_size"":4385}"
findings/AST-57-tty-canonical-read-vmin/meta.json	findings/AST-57-tty-canonical-read-vmin/meta.json	file	0644	0	3221	fed6ea580c7f4d99d6d2e195dedbcd9fb9ed2b6edbafd610fb70541f430e2b06		copy	source-evidence		"{""archive_timestamp"":[2026,9,24,15,51,28],""source_path"":""findings/AST-57-tty-canonical-read-vmin/meta.json"",""source_sha256"":""fed6ea580c7f4d99d6d2e195dedbcd9fb9ed2b6edbafd610fb70541f430e2b06"",""source_size"":3221}"
findings/AST-57-tty-canonical-read-vmin/repro/LICENSE	findings/AST-57-tty-canonical-read-vmin/repro/LICENSE	file	0644	0	1334	434832ddcdcd9f0de6fd708d2da835321c3842a32209c59de3f100495d1069b5		copy	source-evidence		"{""archive_timestamp"":[2026,9,24,15,14,28],""source_path"":""findings/AST-57-tty-canonical-read-vmin/repro/LICENSE"",""source_sha256"":""434832ddcdcd9f0de6fd708d2da835321c3842a32209c59de3f100495d1069b5"",""source_size"":1334}"
findings/AST-57-tty-canonical-read-vmin/repro/Makefile	findings/AST-57-tty-canonical-read-vmin/repro/Makefile	file	0644	0	328	76f8816ce93bcdae010b50c053ab217d49e82cd95f2a54cec846d2313a6d2636		copy	source-evidence		"{""archive_timestamp"":[2026,9,24,15,14,28],""source_path"":""findings/AST-57-tty-canonical-read-vmin/repro/Makefile"",""source_sha256"":""76f8816ce93bcdae010b50c053ab217d49e82cd95f2a54cec846d2313a6d2636"",""source_size"":328}"
findings/AST-57-tty-canonical-read-vmin/repro/README.md	findings/AST-57-tty-canonical-read-vmin/repro/README.md	file	0644	0	5006	e49aeabfe6cbdde497affa288d58892e518931802e8eb7b3a8eaba4433f95eef		copy	source-evidence		"{""archive_timestamp"":[2026,9,24,15,14,28],""source_path"":""findings/AST-57-tty-canonical-read-vmin/repro/README.md"",""source_sha256"":""e49aeabfe6cbdde497affa288d58892e518931802e8eb7b3a8eaba4433f95eef"",""source_size"":5006}"
findings/AST-57-tty-canonical-read-vmin/repro/src/abi_probe.c	findings/AST-57-tty-canonical-read-vmin/repro/src/abi_probe.c	file	0644	0	21130	3fa9b1f5f81f02814fbc7e373e1988d2396a266d4d05d596f63d58bccd76d95d		copy	source-evidence		"{""archive_timestamp"":[2026,9,24,15,14,28],""source_path"":""findings/AST-57-tty-canonical-read-vmin/repro/src/abi_probe.c"",""source_sha256"":""3fa9b1f5f81f02814fbc7e373e1988d2396a266d4d05d596f63d58bccd76d95d"",""source_size"":21130}"
findings/AST-57-tty-canonical-read-vmin/repro/src/legacy_cases.inc	findings/AST-57-tty-canonical-read-vmin/repro/src/legacy_cases.inc	file	0644	0	13708	2165256d3aa042a8a866b5ea69132a9854be202a801614926df66d4c38c762fe		copy	source-evidence		"{""archive_timestamp"":[2026,9,24,15,14,28],""source_path"":""findings/AST-57-tty-canonical-read-vmin/repro/src/legacy_cases.inc"",""source_sha256"":""2165256d3aa042a8a866b5ea69132a9854be202a801614926df66d4c38c762fe"",""source_size"":13708}"
findings/AST-58-tty-canonical-drops-nonprintable-bytes/finding.md	findings/AST-58-tty-canonical-drops-nonprintable-bytes/finding.md	file	0644	0	4151	435d8476d7889d38bab5ea42d7637355f6896708d804a2fee75a8e4d9f6c1094		copy	source-evidence		"{""archive_timestamp"":[2026,9,24,15,15,34],""source_path"":""findings/AST-58-tty-canonical-drops-nonprintable-bytes/finding.md"",""source_sha256"":""435d8476d7889d38bab5ea42d7637355f6896708d804a2fee75a8e4d9f6c1094"",""source_size"":4151}"
findings/AST-58-tty-canonical-drops-nonprintable-bytes/meta.json	findings/AST-58-tty-canonical-drops-nonprintable-bytes/meta.json	file	0644	0	3283	3f54a2598d2093f2e1be14fc5530e6be1025a4c2158fb9daca460063c86f781b		copy	source-evidence		"{""archive_timestamp"":[2026,9,24,15,51,28],""source_path"":""findings/AST-58-tty-canonical-drops-nonprintable-bytes/meta.json"",""source_sha256"":""3f54a2598d2093f2e1be14fc5530e6be1025a4c2158fb9daca460063c86f781b"",""source_size"":3283}"
findings/AST-58-tty-canonical-drops-nonprintable-bytes/repro/LICENSE	findings/AST-58-tty-canonical-drops-nonprintable-bytes/repro/LICENSE	file	0644	0	1334	434832ddcdcd9f0de6fd708d2da835321c3842a32209c59de3f100495d1069b5		copy	source-evidence		"{""archive_timestamp"":[2026,9,24,15,14,28],""source_path"":""findings/AST-58-tty-canonical-drops-nonprintable-bytes/repro/LICENSE"",""source_sha256"":""434832ddcdcd9f0de6fd708d2da835321c3842a32209c59de3f100495d1069b5"",""source_size"":1334}"
findings/AST-58-tty-canonical-drops-nonprintable-bytes/repro/Makefile	findings/AST-58-tty-canonical-drops-nonprintable-bytes/repro/Makefile	file	0644	0	328	76f8816ce93bcdae010b50c053ab217d49e82cd95f2a54cec846d2313a6d2636		copy	source-evidence		"{""archive_timestamp"":[2026,9,24,15,14,28],""source_path"":""findings/AST-58-tty-canonical-drops-nonprintable-bytes/repro/Makefile"",""source_sha256"":""76f8816ce93bcdae010b50c053ab217d49e82cd95f2a54cec846d2313a6d2636"",""source_size"":328}"
findings/AST-58-tty-canonical-drops-nonprintable-bytes/repro/README.md	findings/AST-58-tty-canonical-drops-nonprintable-bytes/repro/README.md	file	0644	0	5025	f169bed045fe3f0e4a985c375eae1d6d7c9db30783ca1e50700bd3fad0bd1640		copy	source-evidence		"{""archive_timestamp"":[2026,9,24,15,14,28],""source_path"":""findings/AST-58-tty-canonical-drops-nonprintable-bytes/repro/README.md"",""source_sha256"":""f169bed045fe3f0e4a985c375eae1d6d7c9db30783ca1e50700bd3fad0bd1640"",""source_size"":5025}"
findings/AST-58-tty-canonical-drops-nonprintable-bytes/repro/src/abi_probe.c	findings/AST-58-tty-canonical-drops-nonprintable-bytes/repro/src/abi_probe.c	file	0644	0	21130	3fa9b1f5f81f02814fbc7e373e1988d2396a266d4d05d596f63d58bccd76d95d		copy	source-evidence		"{""archive_timestamp"":[2026,9,24,15,14,28],""source_path"":""findings/AST-58-tty-canonical-drops-nonprintable-bytes/repro/src/abi_probe.c"",""source_sha256"":""3fa9b1f5f81f02814fbc7e373e1988d2396a266d4d05d596f63d58bccd76d95d"",""source_size"":21130}"
findings/AST-58-tty-canonical-drops-nonprintable-bytes/repro/src/legacy_cases.inc	findings/AST-58-tty-canonical-drops-nonprintable-bytes/repro/src/legacy_cases.inc	file	0644	0	13708	2165256d3aa042a8a866b5ea69132a9854be202a801614926df66d4c38c762fe		copy	source-evidence		"{""archive_timestamp"":[2026,9,24,15,14,28],""source_path"":""findings/AST-58-tty-canonical-drops-nonprintable-bytes/repro/src/legacy_cases.inc"",""source_sha256"":""2165256d3aa042a8a866b5ea69132a9854be202a801614926df66d4c38c762fe"",""source_size"":13708}"
findings/AST-59-tiocswinsz-no-sigwinch/finding.md	findings/AST-59-tiocswinsz-no-sigwinch/finding.md	file	0644	0	4064	0f11fe96e4986ceb48a6726d30016c76b98db495b77ee2a6f992e0904c01cf64		copy	source-evidence		"{""archive_timestamp"":[2026,9,24,15,15,36],""source_path"":""findings/AST-59-tiocswinsz-no-sigwinch/finding.md"",""source_sha256"":""0f11fe96e4986ceb48a6726d30016c76b98db495b77ee2a6f992e0904c01cf64"",""source_size"":4064}"
findings/AST-59-tiocswinsz-no-sigwinch/meta.json	findings/AST-59-tiocswinsz-no-sigwinch/meta.json	file	0644	0	3133	ab6756edb1f7a9549f09e717695d7e79bf64d58676c65f226cf6d4a67971fff3		copy	source-evidence		"{""archive_timestamp"":[2026,9,24,15,51,28],""source_path"":""findings/AST-59-tiocswinsz-no-sigwinch/meta.json"",""source_sha256"":""ab6756edb1f7a9549f09e717695d7e79bf64d58676c65f226cf6d4a67971fff3"",""source_size"":3133}"
findings/AST-59-tiocswinsz-no-sigwinch/repro/LICENSE	findings/AST-59-tiocswinsz-no-sigwinch/repro/LICENSE	file	0644	0	1334	434832ddcdcd9f0de6fd708d2da835321c3842a32209c59de3f100495d1069b5		copy	source-evidence		"{""archive_timestamp"":[2026,9,24,15,14,28],""source_path"":""findings/AST-59-tiocswinsz-no-sigwinch/repro/LICENSE"",""source_sha256"":""434832ddcdcd9f0de6fd708d2da835321c3842a32209c59de3f100495d1069b5"",""source_size"":1334}"
findings/AST-59-tiocswinsz-no-sigwinch/repro/Makefile	findings/AST-59-tiocswinsz-no-sigwinch/repro/Makefile	file	0644	0	328	76f8816ce93bcdae010b50c053ab217d49e82cd95f2a54cec846d2313a6d2636		copy	source-evidence		"{""archive_timestamp"":[2026,9,24,15,14,28],""source_path"":""findings/AST-59-tiocswinsz-no-sigwinch/repro/Makefile"",""source_sha256"":""76f8816ce93bcdae010b50c053ab217d49e82cd95f2a54cec846d2313a6d2636"",""source_size"":328}"
findings/AST-59-tiocswinsz-no-sigwinch/repro/README.md	findings/AST-59-tiocswinsz-no-sigwinch/repro/README.md	file	0644	0	5024	873c3247edf48c54f530758505575d7d47ca6bc78228a7574b00bd439f82e86b		copy	source-evidence		"{""archive_timestamp"":[2026,9,24,15,14,28],""source_path"":""findings/AST-59-tiocswinsz-no-sigwinch/repro/README.md"",""source_sha256"":""873c3247edf48c54f530758505575d7d47ca6bc78228a7574b00bd439f82e86b"",""source_size"":5024}"
findings/AST-59-tiocswinsz-no-sigwinch/repro/src/abi_probe.c	findings/AST-59-tiocswinsz-no-sigwinch/repro/src/abi_probe.c	file	0644	0	21130	3fa9b1f5f81f02814fbc7e373e1988d2396a266d4d05d596f63d58bccd76d95d		copy	source-evidence		"{""archive_timestamp"":[2026,9,24,15,14,28],""source_path"":""findings/AST-59-tiocswinsz-no-sigwinch/repro/src/abi_probe.c"",""source_sha256"":""3fa9b1f5f81f02814fbc7e373e1988d2396a266d4d05d596f63d58bccd76d95d"",""source_size"":21130}"
findings/AST-59-tiocswinsz-no-sigwinch/repro/src/legacy_cases.inc	findings/AST-59-tiocswinsz-no-sigwinch/repro/src/legacy_cases.inc	file	0644	0	13708	2165256d3aa042a8a866b5ea69132a9854be202a801614926df66d4c38c762fe		copy	source-evidence		"{""archive_timestamp"":[2026,9,24,15,14,28],""source_path"":""findings/AST-59-tiocswinsz-no-sigwinch/repro/src/legacy_cases.inc"",""source_sha256"":""2165256d3aa042a8a866b5ea69132a9854be202a801614926df66d4c38c762fe"",""source_size"":13708}"
findings/AST-60-getrusage-accounting-fields-zero/finding.md	findings/AST-60-getrusage-accounting-fields-zero/finding.md	file	0644	0	4087	fdb2e67694010a0cd0ea8f8092e4f66b4453e9933e241a9cc6043f52fc74f0b2		copy	source-evidence		"{""archive_timestamp"":[2026,9,24,15,16,22],""source_path"":""findings/AST-60-getrusage-accounting-fields-zero/finding.md"",""source_sha256"":""fdb2e67694010a0cd0ea8f8092e4f66b4453e9933e241a9cc6043f52fc74f0b2"",""source_size"":4087}"
findings/AST-60-getrusage-accounting-fields-zero/meta.json	findings/AST-60-getrusage-accounting-fields-zero/meta.json	file	0644	0	3201	07eef45acdd395a5ec9a1c8ff857c39d59678fff3b19054d2efd775922338eef		copy	source-evidence		"{""archive_timestamp"":[2026,9,24,15,51,28],""source_path"":""findings/AST-60-getrusage-accounting-fields-zero/meta.json"",""source_sha256"":""07eef45acdd395a5ec9a1c8ff857c39d59678fff3b19054d2efd775922338eef"",""source_size"":3201}"
findings/AST-60-getrusage-accounting-fields-zero/repro/LICENSE	findings/AST-60-getrusage-accounting-fields-zero/repro/LICENSE	file	0644	0	1334	434832ddcdcd9f0de6fd708d2da835321c3842a32209c59de3f100495d1069b5		copy	source-evidence		"{""archive_timestamp"":[2026,9,24,15,14,28],""source_path"":""findings/AST-60-getrusage-accounting-fields-zero/repro/LICENSE"",""source_sha256"":""434832ddcdcd9f0de6fd708d2da835321c3842a32209c59de3f100495d1069b5"",""source_size"":1334}"
findings/AST-60-getrusage-accounting-fields-zero/repro/Makefile	findings/AST-60-getrusage-accounting-fields-zero/repro/Makefile	file	0644	0	328	76f8816ce93bcdae010b50c053ab217d49e82cd95f2a54cec846d2313a6d2636		copy	source-evidence		"{""archive_timestamp"":[2026,9,24,15,14,28],""source_path"":""findings/AST-60-getrusage-accounting-fields-zero/repro/Makefile"",""source_sha256"":""76f8816ce93bcdae010b50c053ab217d49e82cd95f2a54cec846d2313a6d2636"",""source_size"":328}"
findings/AST-60-getrusage-accounting-fields-zero/repro/README.md	findings/AST-60-getrusage-accounting-fields-zero/repro/README.md	file	0644	0	4997	b256f920bf1b41a239e7760586bfd332aa7aedf8c6ed996b93a9f8b937c476d7		copy	source-evidence		"{""archive_timestamp"":[2026,9,24,15,14,28],""source_path"":""findings/AST-60-getrusage-accounting-fields-zero/repro/README.md"",""source_sha256"":""b256f920bf1b41a239e7760586bfd332aa7aedf8c6ed996b93a9f8b937c476d7"",""source_size"":4997}"
findings/AST-60-getrusage-accounting-fields-zero/repro/src/abi_probe.c	findings/AST-60-getrusage-accounting-fields-zero/repro/src/abi_probe.c	file	0644	0	21130	3fa9b1f5f81f02814fbc7e373e1988d2396a266d4d05d596f63d58bccd76d95d		copy	source-evidence		"{""archive_timestamp"":[2026,9,24,15,14,28],""source_path"":""findings/AST-60-getrusage-accounting-fields-zero/repro/src/abi_probe.c"",""source_sha256"":""3fa9b1f5f81f02814fbc7e373e1988d2396a266d4d05d596f63d58bccd76d95d"",""source_size"":21130}"
findings/AST-60-getrusage-accounting-fields-zero/repro/src/legacy_cases.inc	findings/AST-60-getrusage-accounting-fields-zero/repro/src/legacy_cases.inc	file	0644	0	13708	2165256d3aa042a8a866b5ea69132a9854be202a801614926df66d4c38c762fe		copy	source-evidence		"{""archive_timestamp"":[2026,9,24,15,14,28],""source_path"":""findings/AST-60-getrusage-accounting-fields-zero/repro/src/legacy_cases.inc"",""source_sha256"":""2165256d3aa042a8a866b5ea69132a9854be202a801614926df66d4c38c762fe"",""source_size"":13708}"
findings/AST-61-getrusage-null-pointer-accepted/finding.md	findings/AST-61-getrusage-null-pointer-accepted/finding.md	file	0644	0	3494	be07ae76c44679d1f53c6dff851d904ed96322beab971eaeb199109b596202d1		copy	source-evidence		"{""archive_timestamp"":[2026,9,24,15,17,6],""source_path"":""findings/AST-61-getrusage-null-pointer-accepted/finding.md"",""source_sha256"":""be07ae76c44679d1f53c6dff851d904ed96322beab971eaeb199109b596202d1"",""source_size"":3494}"
findings/AST-61-getrusage-null-pointer-accepted/meta.json	findings/AST-61-getrusage-null-pointer-accepted/meta.json	file	0644	0	2936	0b306abe264c18efcea8b8d630d0b1831e269634d15f708963a4a5ceb16a0c62		copy	source-evidence		"{""archive_timestamp"":[2026,9,24,15,51,28],""source_path"":""findings/AST-61-getrusage-null-pointer-accepted/meta.json"",""source_sha256"":""0b306abe264c18efcea8b8d630d0b1831e269634d15f708963a4a5ceb16a0c62"",""source_size"":2936}"
findings/AST-61-getrusage-null-pointer-accepted/repro/LICENSE	findings/AST-61-getrusage-null-pointer-accepted/repro/LICENSE	file	0644	0	1334	434832ddcdcd9f0de6fd708d2da835321c3842a32209c59de3f100495d1069b5		copy	source-evidence		"{""archive_timestamp"":[2026,9,24,15,14,28],""source_path"":""findings/AST-61-getrusage-null-pointer-accepted/repro/LICENSE"",""source_sha256"":""434832ddcdcd9f0de6fd708d2da835321c3842a32209c59de3f100495d1069b5"",""source_size"":1334}"
findings/AST-61-getrusage-null-pointer-accepted/repro/Makefile	findings/AST-61-getrusage-null-pointer-accepted/repro/Makefile	file	0644	0	328	76f8816ce93bcdae010b50c053ab217d49e82cd95f2a54cec846d2313a6d2636		copy	source-evidence		"{""archive_timestamp"":[2026,9,24,15,14,28],""source_path"":""findings/AST-61-getrusage-null-pointer-accepted/repro/Makefile"",""source_sha256"":""76f8816ce93bcdae010b50c053ab217d49e82cd95f2a54cec846d2313a6d2636"",""source_size"":328}"
findings/AST-61-getrusage-null-pointer-accepted/repro/README.md	findings/AST-61-getrusage-null-pointer-accepted/repro/README.md	file	0644	0	4949	1233aa88d44d66344cb3a5fa760bd33b699d6c35245d72701e79f63af00dbe58		copy	source-evidence		"{""archive_timestamp"":[2026,9,24,15,14,28],""source_path"":""findings/AST-61-getrusage-null-pointer-accepted/repro/README.md"",""source_sha256"":""1233aa88d44d66344cb3a5fa760bd33b699d6c35245d72701e79f63af00dbe58"",""source_size"":4949}"
findings/AST-61-getrusage-null-pointer-accepted/repro/src/abi_probe.c	findings/AST-61-getrusage-null-pointer-accepted/repro/src/abi_probe.c	file	0644	0	21130	3fa9b1f5f81f02814fbc7e373e1988d2396a266d4d05d596f63d58bccd76d95d		copy	source-evidence		"{""archive_timestamp"":[2026,9,24,15,14,28],""source_path"":""findings/AST-61-getrusage-null-pointer-accepted/repro/src/abi_probe.c"",""source_sha256"":""3fa9b1f5f81f02814fbc7e373e1988d2396a266d4d05d596f63d58bccd76d95d"",""source_size"":21130}"
findings/AST-61-getrusage-null-pointer-accepted/repro/src/legacy_cases.inc	findings/AST-61-getrusage-null-pointer-accepted/repro/src/legacy_cases.inc	file	0644	0	13708	2165256d3aa042a8a866b5ea69132a9854be202a801614926df66d4c38c762fe		copy	source-evidence		"{""archive_timestamp"":[2026,9,24,15,14,28],""source_path"":""findings/AST-61-getrusage-null-pointer-accepted/repro/src/legacy_cases.inc"",""source_sha256"":""2165256d3aa042a8a866b5ea69132a9854be202a801614926df66d4c38c762fe"",""source_size"":13708}"
findings/AST-62-timerfd-create-accepts-cpu-clocks/finding.md	findings/AST-62-timerfd-create-accepts-cpu-clocks/finding.md	file	0644	0	4331	56aad42f132ec0199cbc3603851494ef83542a0eae92a502c2a308edd3ff2c66		copy	source-evidence		"{""archive_timestamp"":[2026,9,24,15,16,22],""source_path"":""findings/AST-62-timerfd-create-accepts-cpu-clocks/finding.md"",""source_sha256"":""56aad42f132ec0199cbc3603851494ef83542a0eae92a502c2a308edd3ff2c66"",""source_size"":4331}"
findings/AST-62-timerfd-create-accepts-cpu-clocks/meta.json	findings/AST-62-timerfd-create-accepts-cpu-clocks/meta.json	file	0644	0	3809	f9a69f8a7075a0fbf95948fe8d6d8e9652b4227baf17c23c875542ab707baee9		copy	source-evidence		"{""archive_timestamp"":[2026,9,24,15,14,28],""source_path"":""findings/AST-62-timerfd-create-accepts-cpu-clocks/meta.json"",""source_sha256"":""f9a69f8a7075a0fbf95948fe8d6d8e9652b4227baf17c23c875542ab707baee9"",""source_size"":3809}"
findings/AST-62-timerfd-create-accepts-cpu-clocks/repro/LICENSE	findings/AST-62-timerfd-create-accepts-cpu-clocks/repro/LICENSE	file	0644	0	1334	434832ddcdcd9f0de6fd708d2da835321c3842a32209c59de3f100495d1069b5		copy	source-evidence		"{""archive_timestamp"":[2026,9,24,15,14,28],""source_path"":""findings/AST-62-timerfd-create-accepts-cpu-clocks/repro/LICENSE"",""source_sha256"":""434832ddcdcd9f0de6fd708d2da835321c3842a32209c59de3f100495d1069b5"",""source_size"":1334}"
findings/AST-62-timerfd-create-accepts-cpu-clocks/repro/Makefile	findings/AST-62-timerfd-create-accepts-cpu-clocks/repro/Makefile	file	0644	0	328	76f8816ce93bcdae010b50c053ab217d49e82cd95f2a54cec846d2313a6d2636		copy	source-evidence		"{""archive_timestamp"":[2026,9,24,15,14,28],""source_path"":""findings/AST-62-timerfd-create-accepts-cpu-clocks/repro/Makefile"",""source_sha256"":""76f8816ce93bcdae010b50c053ab217d49e82cd95f2a54cec846d2313a6d2636"",""source_size"":328}"
findings/AST-62-timerfd-create-accepts-cpu-clocks/repro/README.md	findings/AST-62-timerfd-create-accepts-cpu-clocks/repro/README.md	file	0644	0	5061	86c3d65e0f3cce56151d186f3d365cdc873e8cbe9f3e04cc6b5753c2d1accdf8		copy	source-evidence		"{""archive_timestamp"":[2026,9,24,15,14,28],""source_path"":""findings/AST-62-timerfd-create-accepts-cpu-clocks/repro/README.md"",""source_sha256"":""86c3d65e0f3cce56151d186f3d365cdc873e8cbe9f3e04cc6b5753c2d1accdf8"",""source_size"":5061}"
findings/AST-62-timerfd-create-accepts-cpu-clocks/repro/src/abi_probe.c	findings/AST-62-timerfd-create-accepts-cpu-clocks/repro/src/abi_probe.c	file	0644	0	21130	3fa9b1f5f81f02814fbc7e373e1988d2396a266d4d05d596f63d58bccd76d95d		copy	source-evidence		"{""archive_timestamp"":[2026,9,24,15,14,28],""source_path"":""findings/AST-62-timerfd-create-accepts-cpu-clocks/repro/src/abi_probe.c"",""source_sha256"":""3fa9b1f5f81f02814fbc7e373e1988d2396a266d4d05d596f63d58bccd76d95d"",""source_size"":21130}"
findings/AST-62-timerfd-create-accepts-cpu-clocks/repro/src/legacy_cases.inc	findings/AST-62-timerfd-create-accepts-cpu-clocks/repro/src/legacy_cases.inc	file	0644	0	13708	2165256d3aa042a8a866b5ea69132a9854be202a801614926df66d4c38c762fe		copy	source-evidence		"{""archive_timestamp"":[2026,9,24,15,14,28],""source_path"":""findings/AST-62-timerfd-create-accepts-cpu-clocks/repro/src/legacy_cases.inc"",""source_sha256"":""2165256d3aa042a8a866b5ea69132a9854be202a801614926df66d4c38c762fe"",""source_size"":13708}"
findings/AST-63-signal-number-u8-narrowing/finding.md	findings/AST-63-signal-number-u8-narrowing/finding.md	file	0644	0	5031	c6e16e06172203e004286bb374886bc627f151b51aa07c1f677fba4b93939c44		copy	source-evidence		"{""archive_timestamp"":[2026,9,24,15,17,6],""source_path"":""findings/AST-63-signal-number-u8-narrowing/finding.md"",""source_sha256"":""c6e16e06172203e004286bb374886bc627f151b51aa07c1f677fba4b93939c44"",""source_size"":5031}"
findings/AST-63-signal-number-u8-narrowing/meta.json	findings/AST-63-signal-number-u8-narrowing/meta.json	file	0644	0	3760	c7183fb045d60aec2aa48354c99caab477bcba5e519a6477aa9d995ade4362a6		copy	source-evidence		"{""archive_timestamp"":[2026,9,24,15,51,28],""source_path"":""findings/AST-63-signal-number-u8-narrowing/meta.json"",""source_sha256"":""c7183fb045d60aec2aa48354c99caab477bcba5e519a6477aa9d995ade4362a6"",""source_size"":3760}"
findings/AST-63-signal-number-u8-narrowing/repro/LICENSE	findings/AST-63-signal-number-u8-narrowing/repro/LICENSE	file	0644	0	1334	434832ddcdcd9f0de6fd708d2da835321c3842a32209c59de3f100495d1069b5		copy	source-evidence		"{""archive_timestamp"":[2026,9,24,15,14,28],""source_path"":""findings/AST-63-signal-number-u8-narrowing/repro/LICENSE"",""source_sha256"":""434832ddcdcd9f0de6fd708d2da835321c3842a32209c59de3f100495d1069b5"",""source_size"":1334}"
findings/AST-63-signal-number-u8-narrowing/repro/Makefile	findings/AST-63-signal-number-u8-narrowing/repro/Makefile	file	0644	0	328	76f8816ce93bcdae010b50c053ab217d49e82cd95f2a54cec846d2313a6d2636		copy	source-evidence		"{""archive_timestamp"":[2026,9,24,15,14,28],""source_path"":""findings/AST-63-signal-number-u8-narrowing/repro/Makefile"",""source_sha256"":""76f8816ce93bcdae010b50c053ab217d49e82cd95f2a54cec846d2313a6d2636"",""source_size"":328}"
findings/AST-63-signal-number-u8-narrowing/repro/README.md	findings/AST-63-signal-number-u8-narrowing/repro/README.md	file	0644	0	4986	26847ba6704823be63a754ce97fbcfbfc73c3ecbfde2a25aa87d79722b8909e6		copy	source-evidence		"{""archive_timestamp"":[2026,9,24,15,14,28],""source_path"":""findings/AST-63-signal-number-u8-narrowing/repro/README.md"",""source_sha256"":""26847ba6704823be63a754ce97fbcfbfc73c3ecbfde2a25aa87d79722b8909e6"",""source_size"":4986}"
findings/AST-63-signal-number-u8-narrowing/repro/src/abi_probe.c	findings/AST-63-signal-number-u8-narrowing/repro/src/abi_probe.c	file	0644	0	21130	3fa9b1f5f81f02814fbc7e373e1988d2396a266d4d05d596f63d58bccd76d95d		copy	source-evidence		"{""archive_timestamp"":[2026,9,24,15,14,28],""source_path"":""findings/AST-63-signal-number-u8-narrowing/repro/src/abi_probe.c"",""source_sha256"":""3fa9b1f5f81f02814fbc7e373e1988d2396a266d4d05d596f63d58bccd76d95d"",""source_size"":21130}"
findings/AST-63-signal-number-u8-narrowing/repro/src/legacy_cases.inc	findings/AST-63-signal-number-u8-narrowing/repro/src/legacy_cases.inc	file	0644	0	13708	2165256d3aa042a8a866b5ea69132a9854be202a801614926df66d4c38c762fe		copy	source-evidence		"{""archive_timestamp"":[2026,9,24,15,14,28],""source_path"":""findings/AST-63-signal-number-u8-narrowing/repro/src/legacy_cases.inc"",""source_sha256"":""2165256d3aa042a8a866b5ea69132a9854be202a801614926df66d4c38c762fe"",""source_size"":13708}"
findings/AST-64-pre-epoch-timestamps-rejected/finding.md	findings/AST-64-pre-epoch-timestamps-rejected/finding.md	file	0644	0	4907	ab23e6b69747b455198dda9a92fe450b6c8d55e20e209373e9f49fd24ac9efd8		copy	source-evidence		"{""archive_timestamp"":[2026,9,24,15,17,6],""source_path"":""findings/AST-64-pre-epoch-timestamps-rejected/finding.md"",""source_sha256"":""ab23e6b69747b455198dda9a92fe450b6c8d55e20e209373e9f49fd24ac9efd8"",""source_size"":4907}"
findings/AST-64-pre-epoch-timestamps-rejected/meta.json	findings/AST-64-pre-epoch-timestamps-rejected/meta.json	file	0644	0	3938	936155b7cf72f3675d223bed454e60b6f812c50f6e58805535e92eaa2d28b724		copy	source-evidence		"{""archive_timestamp"":[2026,9,24,15,14,28],""source_path"":""findings/AST-64-pre-epoch-timestamps-rejected/meta.json"",""source_sha256"":""936155b7cf72f3675d223bed454e60b6f812c50f6e58805535e92eaa2d28b724"",""source_size"":3938}"
findings/AST-64-pre-epoch-timestamps-rejected/repro/LICENSE	findings/AST-64-pre-epoch-timestamps-rejected/repro/LICENSE	file	0644	0	1334	434832ddcdcd9f0de6fd708d2da835321c3842a32209c59de3f100495d1069b5		copy	source-evidence		"{""archive_timestamp"":[2026,9,24,15,14,28],""source_path"":""findings/AST-64-pre-epoch-timestamps-rejected/repro/LICENSE"",""source_sha256"":""434832ddcdcd9f0de6fd708d2da835321c3842a32209c59de3f100495d1069b5"",""source_size"":1334}"
findings/AST-64-pre-epoch-timestamps-rejected/repro/Makefile	findings/AST-64-pre-epoch-timestamps-rejected/repro/Makefile	file	0644	0	328	76f8816ce93bcdae010b50c053ab217d49e82cd95f2a54cec846d2313a6d2636		copy	source-evidence		"{""archive_timestamp"":[2026,9,24,15,14,28],""source_path"":""findings/AST-64-pre-epoch-timestamps-rejected/repro/Makefile"",""source_sha256"":""76f8816ce93bcdae010b50c053ab217d49e82cd95f2a54cec846d2313a6d2636"",""source_size"":328}"
findings/AST-64-pre-epoch-timestamps-rejected/repro/README.md	findings/AST-64-pre-epoch-timestamps-rejected/repro/README.md	file	0644	0	5415	c86227c23b62998738f73f45f9da8bf047d18b2273c0d3550f6d28ee842dbee4		copy	source-evidence		"{""archive_timestamp"":[2026,9,24,15,14,28],""source_path"":""findings/AST-64-pre-epoch-timestamps-rejected/repro/README.md"",""source_sha256"":""c86227c23b62998738f73f45f9da8bf047d18b2273c0d3550f6d28ee842dbee4"",""source_size"":5415}"
findings/AST-64-pre-epoch-timestamps-rejected/repro/src/abi_probe.c	findings/AST-64-pre-epoch-timestamps-rejected/repro/src/abi_probe.c	file	0644	0	21130	3fa9b1f5f81f02814fbc7e373e1988d2396a266d4d05d596f63d58bccd76d95d		copy	source-evidence		"{""archive_timestamp"":[2026,9,24,15,14,28],""source_path"":""findings/AST-64-pre-epoch-timestamps-rejected/repro/src/abi_probe.c"",""source_sha256"":""3fa9b1f5f81f02814fbc7e373e1988d2396a266d4d05d596f63d58bccd76d95d"",""source_size"":21130}"
findings/AST-64-pre-epoch-timestamps-rejected/repro/src/legacy_cases.inc	findings/AST-64-pre-epoch-timestamps-rejected/repro/src/legacy_cases.inc	file	0644	0	13708	2165256d3aa042a8a866b5ea69132a9854be202a801614926df66d4c38c762fe		copy	source-evidence		"{""archive_timestamp"":[2026,9,24,15,14,28],""source_path"":""findings/AST-64-pre-epoch-timestamps-rejected/repro/src/legacy_cases.inc"",""source_sha256"":""2165256d3aa042a8a866b5ea69132a9854be202a801614926df66d4c38c762fe"",""source_size"":13708}"
findings/AST-65-tcp-accept-keepidle-not-inherited/finding.md	findings/AST-65-tcp-accept-keepidle-not-inherited/finding.md	file	0644	0	4645	9cb544ba6ac047127bb0a62d45a322c49ad6cc797ee839461f4f22695eaf737a		copy	source-evidence		"{""archive_timestamp"":[2026,9,24,15,18,0],""source_path"":""findings/AST-65-tcp-accept-keepidle-not-inherited/finding.md"",""source_sha256"":""9cb544ba6ac047127bb0a62d45a322c49ad6cc797ee839461f4f22695eaf737a"",""source_size"":4645}"
findings/AST-65-tcp-accept-keepidle-not-inherited/meta.json	findings/AST-65-tcp-accept-keepidle-not-inherited/meta.json	file	0644	0	3620	71fd038cfbe2eeb4b18b2d4af338ce8c7113b21869476f62ab41b1e036170ab5		copy	source-evidence		"{""archive_timestamp"":[2026,9,24,15,51,28],""source_path"":""findings/AST-65-tcp-accept-keepidle-not-inherited/meta.json"",""source_sha256"":""71fd038cfbe2eeb4b18b2d4af338ce8c7113b21869476f62ab41b1e036170ab5"",""source_size"":3620}"
findings/AST-65-tcp-accept-keepidle-not-inherited/repro/LICENSE	findings/AST-65-tcp-accept-keepidle-not-inherited/repro/LICENSE	file	0644	0	1334	434832ddcdcd9f0de6fd708d2da835321c3842a32209c59de3f100495d1069b5		copy	source-evidence		"{""archive_timestamp"":[2026,9,24,15,14,28],""source_path"":""findings/AST-65-tcp-accept-keepidle-not-inherited/repro/LICENSE"",""source_sha256"":""434832ddcdcd9f0de6fd708d2da835321c3842a32209c59de3f100495d1069b5"",""source_size"":1334}"
findings/AST-65-tcp-accept-keepidle-not-inherited/repro/Makefile	findings/AST-65-tcp-accept-keepidle-not-inherited/repro/Makefile	file	0644	0	328	76f8816ce93bcdae010b50c053ab217d49e82cd95f2a54cec846d2313a6d2636		copy	source-evidence		"{""archive_timestamp"":[2026,9,24,15,14,28],""source_path"":""findings/AST-65-tcp-accept-keepidle-not-inherited/repro/Makefile"",""source_sha256"":""76f8816ce93bcdae010b50c053ab217d49e82cd95f2a54cec846d2313a6d2636"",""source_size"":328}"
findings/AST-65-tcp-accept-keepidle-not-inherited/repro/README.md	findings/AST-65-tcp-accept-keepidle-not-inherited/repro/README.md	file	0644	0	5266	5e192decbe03e29feed3f662561efc937866e2fe968ba251ba78b2a26c24fd77		copy	source-evidence		"{""archive_timestamp"":[2026,9,24,15,14,28],""source_path"":""findings/AST-65-tcp-accept-keepidle-not-inherited/repro/README.md"",""source_sha256"":""5e192decbe03e29feed3f662561efc937866e2fe968ba251ba78b2a26c24fd77"",""source_size"":5266}"
findings/AST-65-tcp-accept-keepidle-not-inherited/repro/src/abi_probe.c	findings/AST-65-tcp-accept-keepidle-not-inherited/repro/src/abi_probe.c	file	0644	0	21130	3fa9b1f5f81f02814fbc7e373e1988d2396a266d4d05d596f63d58bccd76d95d		copy	source-evidence		"{""archive_timestamp"":[2026,9,24,15,14,28],""source_path"":""findings/AST-65-tcp-accept-keepidle-not-inherited/repro/src/abi_probe.c"",""source_sha256"":""3fa9b1f5f81f02814fbc7e373e1988d2396a266d4d05d596f63d58bccd76d95d"",""source_size"":21130}"
findings/AST-65-tcp-accept-keepidle-not-inherited/repro/src/legacy_cases.inc	findings/AST-65-tcp-accept-keepidle-not-inherited/repro/src/legacy_cases.inc	file	0644	0	13708	2165256d3aa042a8a866b5ea69132a9854be202a801614926df66d4c38c762fe		copy	source-evidence		"{""archive_timestamp"":[2026,9,24,15,14,28],""source_path"":""findings/AST-65-tcp-accept-keepidle-not-inherited/repro/src/legacy_cases.inc"",""source_sha256"":""2165256d3aa042a8a866b5ea69132a9854be202a801614926df66d4c38c762fe"",""source_size"":13708}"
findings/AST-66-pidfd-send-signal-procdir-fd/finding.md	findings/AST-66-pidfd-send-signal-procdir-fd/finding.md	file	0644	0	4027	1715853d126ce574161457ffea042201d9b18f869e91e6aafa1880d33c3f0b19		copy	source-evidence		"{""archive_timestamp"":[2026,9,24,15,18,0],""source_path"":""findings/AST-66-pidfd-send-signal-procdir-fd/finding.md"",""source_sha256"":""1715853d126ce574161457ffea042201d9b18f869e91e6aafa1880d33c3f0b19"",""source_size"":4027}"
findings/AST-66-pidfd-send-signal-procdir-fd/meta.json	findings/AST-66-pidfd-send-signal-procdir-fd/meta.json	file	0644	0	3140	aba92efc87358113a170d9ceb4bb082278dc6524a50efd263306b2c432c7d8f2		copy	source-evidence		"{""archive_timestamp"":[2026,9,24,15,51,28],""source_path"":""findings/AST-66-pidfd-send-signal-procdir-fd/meta.json"",""source_sha256"":""aba92efc87358113a170d9ceb4bb082278dc6524a50efd263306b2c432c7d8f2"",""source_size"":3140}"
findings/AST-66-pidfd-send-signal-procdir-fd/repro/LICENSE	findings/AST-66-pidfd-send-signal-procdir-fd/repro/LICENSE	file	0644	0	1334	434832ddcdcd9f0de6fd708d2da835321c3842a32209c59de3f100495d1069b5		copy	source-evidence		"{""archive_timestamp"":[2026,9,24,15,14,28],""source_path"":""findings/AST-66-pidfd-send-signal-procdir-fd/repro/LICENSE"",""source_sha256"":""434832ddcdcd9f0de6fd708d2da835321c3842a32209c59de3f100495d1069b5"",""source_size"":1334}"
findings/AST-66-pidfd-send-signal-procdir-fd/repro/Makefile	findings/AST-66-pidfd-send-signal-procdir-fd/repro/Makefile	file	0644	0	328	76f8816ce93bcdae010b50c053ab217d49e82cd95f2a54cec846d2313a6d2636		copy	source-evidence		"{""archive_timestamp"":[2026,9,24,15,14,28],""source_path"":""findings/AST-66-pidfd-send-signal-procdir-fd/repro/Makefile"",""source_sha256"":""76f8816ce93bcdae010b50c053ab217d49e82cd95f2a54cec846d2313a6d2636"",""source_size"":328}"
findings/AST-66-pidfd-send-signal-procdir-fd/repro/README.md	findings/AST-66-pidfd-send-signal-procdir-fd/repro/README.md	file	0644	0	4706	ac9baaacecf36d21ef8300a3b10a77353374bd4429fa521e39097a3ab742fb48		copy	source-evidence		"{""archive_timestamp"":[2026,9,24,15,14,28],""source_path"":""findings/AST-66-pidfd-send-signal-procdir-fd/repro/README.md"",""source_sha256"":""ac9baaacecf36d21ef8300a3b10a77353374bd4429fa521e39097a3ab742fb48"",""source_size"":4706}"
findings/AST-66-pidfd-send-signal-procdir-fd/repro/src/abi_probe.c	findings/AST-66-pidfd-send-signal-procdir-fd/repro/src/abi_probe.c	file	0644	0	21130	3fa9b1f5f81f02814fbc7e373e1988d2396a266d4d05d596f63d58bccd76d95d		copy	source-evidence		"{""archive_timestamp"":[2026,9,24,15,14,28],""source_path"":""findings/AST-66-pidfd-send-signal-procdir-fd/repro/src/abi_probe.c"",""source_sha256"":""3fa9b1f5f81f02814fbc7e373e1988d2396a266d4d05d596f63d58bccd76d95d"",""source_size"":21130}"
findings/AST-66-pidfd-send-signal-procdir-fd/repro/src/legacy_cases.inc	findings/AST-66-pidfd-send-signal-procdir-fd/repro/src/legacy_cases.inc	file	0644	0	13708	2165256d3aa042a8a866b5ea69132a9854be202a801614926df66d4c38c762fe		copy	source-evidence		"{""archive_timestamp"":[2026,9,24,15,14,28],""source_path"":""findings/AST-66-pidfd-send-signal-procdir-fd/repro/src/legacy_cases.inc"",""source_sha256"":""2165256d3aa042a8a866b5ea69132a9854be202a801614926df66d4c38c762fe"",""source_size"":13708}"
findings/AST-67-clock-nanosleep-expired-fast-path/finding.md	findings/AST-67-clock-nanosleep-expired-fast-path/finding.md	file	0644	0	4531	00190a6ea996d7e8e04ac97e6f21aa3cce6e9141d43e96662e21341951324767		copy	source-evidence		"{""archive_timestamp"":[2026,9,24,15,18,0],""source_path"":""findings/AST-67-clock-nanosleep-expired-fast-path/finding.md"",""source_sha256"":""00190a6ea996d7e8e04ac97e6f21aa3cce6e9141d43e96662e21341951324767"",""source_size"":4531}"
findings/AST-67-clock-nanosleep-expired-fast-path/meta.json	findings/AST-67-clock-nanosleep-expired-fast-path/meta.json	file	0644	0	3618	023ed5c23c5d8f66906805cc7b36ccbbebce0e76f76c79038ea7d512ce177aa9		copy	source-evidence		"{""archive_timestamp"":[2026,9,24,15,51,28],""source_path"":""findings/AST-67-clock-nanosleep-expired-fast-path/meta.json"",""source_sha256"":""023ed5c23c5d8f66906805cc7b36ccbbebce0e76f76c79038ea7d512ce177aa9"",""source_size"":3618}"
findings/AST-67-clock-nanosleep-expired-fast-path/repro/LICENSE	findings/AST-67-clock-nanosleep-expired-fast-path/repro/LICENSE	file	0644	0	1334	434832ddcdcd9f0de6fd708d2da835321c3842a32209c59de3f100495d1069b5		copy	source-evidence		"{""archive_timestamp"":[2026,9,24,15,14,28],""source_path"":""findings/AST-67-clock-nanosleep-expired-fast-path/repro/LICENSE"",""source_sha256"":""434832ddcdcd9f0de6fd708d2da835321c3842a32209c59de3f100495d1069b5"",""source_size"":1334}"
findings/AST-67-clock-nanosleep-expired-fast-path/repro/Makefile	findings/AST-67-clock-nanosleep-expired-fast-path/repro/Makefile	file	0644	0	328	76f8816ce93bcdae010b50c053ab217d49e82cd95f2a54cec846d2313a6d2636		copy	source-evidence		"{""archive_timestamp"":[2026,9,24,15,14,28],""source_path"":""findings/AST-67-clock-nanosleep-expired-fast-path/repro/Makefile"",""source_sha256"":""76f8816ce93bcdae010b50c053ab217d49e82cd95f2a54cec846d2313a6d2636"",""source_size"":328}"
findings/AST-67-clock-nanosleep-expired-fast-path/repro/README.md	findings/AST-67-clock-nanosleep-expired-fast-path/repro/README.md	file	0644	0	5178	3ad48ad71e89e75a4dbd27c6ebb59ddb876fd5f821cb6ac7f3659db873ae4c23		copy	source-evidence		"{""archive_timestamp"":[2026,9,24,15,14,28],""source_path"":""findings/AST-67-clock-nanosleep-expired-fast-path/repro/README.md"",""source_sha256"":""3ad48ad71e89e75a4dbd27c6ebb59ddb876fd5f821cb6ac7f3659db873ae4c23"",""source_size"":5178}"
findings/AST-67-clock-nanosleep-expired-fast-path/repro/src/abi_probe.c	findings/AST-67-clock-nanosleep-expired-fast-path/repro/src/abi_probe.c	file	0644	0	21130	3fa9b1f5f81f02814fbc7e373e1988d2396a266d4d05d596f63d58bccd76d95d		copy	source-evidence		"{""archive_timestamp"":[2026,9,24,15,14,28],""source_path"":""findings/AST-67-clock-nanosleep-expired-fast-path/repro/src/abi_probe.c"",""source_sha256"":""3fa9b1f5f81f02814fbc7e373e1988d2396a266d4d05d596f63d58bccd76d95d"",""source_size"":21130}"
findings/AST-67-clock-nanosleep-expired-fast-path/repro/src/legacy_cases.inc	findings/AST-67-clock-nanosleep-expired-fast-path/repro/src/legacy_cases.inc	file	0644	0	13708	2165256d3aa042a8a866b5ea69132a9854be202a801614926df66d4c38c762fe		copy	source-evidence		"{""archive_timestamp"":[2026,9,24,15,14,28],""source_path"":""findings/AST-67-clock-nanosleep-expired-fast-path/repro/src/legacy_cases.inc"",""source_sha256"":""2165256d3aa042a8a866b5ea69132a9854be202a801614926df66d4c38c762fe"",""source_size"":13708}"
findings/AST-68-inotify-rename-events-missing/finding.md	findings/AST-68-inotify-rename-events-missing/finding.md	file	0644	0	5404	d8ed51d0ffa9b9d32ab90ebcfe3b06fab4516161116d5d7e1565c4849c710735		copy	source-evidence		"{""archive_timestamp"":[2026,9,24,15,19,26],""source_path"":""findings/AST-68-inotify-rename-events-missing/finding.md"",""source_sha256"":""d8ed51d0ffa9b9d32ab90ebcfe3b06fab4516161116d5d7e1565c4849c710735"",""source_size"":5404}"
findings/AST-68-inotify-rename-events-missing/meta.json	findings/AST-68-inotify-rename-events-missing/meta.json	file	0644	0	3909	45d712056ade4e0b643e6699d30dd1627db56fd85dc58c7ff6ae422fa39c76f2		copy	source-evidence		"{""archive_timestamp"":[2026,9,24,15,51,28],""source_path"":""findings/AST-68-inotify-rename-events-missing/meta.json"",""source_sha256"":""45d712056ade4e0b643e6699d30dd1627db56fd85dc58c7ff6ae422fa39c76f2"",""source_size"":3909}"
findings/AST-68-inotify-rename-events-missing/repro/LICENSE	findings/AST-68-inotify-rename-events-missing/repro/LICENSE	file	0644	0	1334	434832ddcdcd9f0de6fd708d2da835321c3842a32209c59de3f100495d1069b5		copy	source-evidence		"{""archive_timestamp"":[2026,9,24,15,14,28],""source_path"":""findings/AST-68-inotify-rename-events-missing/repro/LICENSE"",""source_sha256"":""434832ddcdcd9f0de6fd708d2da835321c3842a32209c59de3f100495d1069b5"",""source_size"":1334}"
findings/AST-68-inotify-rename-events-missing/repro/Makefile	findings/AST-68-inotify-rename-events-missing/repro/Makefile	file	0644	0	328	76f8816ce93bcdae010b50c053ab217d49e82cd95f2a54cec846d2313a6d2636		copy	source-evidence		"{""archive_timestamp"":[2026,9,24,15,14,28],""source_path"":""findings/AST-68-inotify-rename-events-missing/repro/Makefile"",""source_sha256"":""76f8816ce93bcdae010b50c053ab217d49e82cd95f2a54cec846d2313a6d2636"",""source_size"":328}"
findings/AST-68-inotify-rename-events-missing/repro/README.md	findings/AST-68-inotify-rename-events-missing/repro/README.md	file	0644	0	5316	f8bd78e2425aa6f9b5fbc60cc98da55e5add95c5859c24010df24b18a7c77554		copy	source-evidence		"{""archive_timestamp"":[2026,9,24,15,14,28],""source_path"":""findings/AST-68-inotify-rename-events-missing/repro/README.md"",""source_sha256"":""f8bd78e2425aa6f9b5fbc60cc98da55e5add95c5859c24010df24b18a7c77554"",""source_size"":5316}"
findings/AST-68-inotify-rename-events-missing/repro/src/abi_probe.c	findings/AST-68-inotify-rename-events-missing/repro/src/abi_probe.c	file	0644	0	21130	3fa9b1f5f81f02814fbc7e373e1988d2396a266d4d05d596f63d58bccd76d95d		copy	source-evidence		"{""archive_timestamp"":[2026,9,24,15,14,28],""source_path"":""findings/AST-68-inotify-rename-events-missing/repro/src/abi_probe.c"",""source_sha256"":""3fa9b1f5f81f02814fbc7e373e1988d2396a266d4d05d596f63d58bccd76d95d"",""source_size"":21130}"
findings/AST-68-inotify-rename-events-missing/repro/src/legacy_cases.inc	findings/AST-68-inotify-rename-events-missing/repro/src/legacy_cases.inc	file	0644	0	13708	2165256d3aa042a8a866b5ea69132a9854be202a801614926df66d4c38c762fe		copy	source-evidence		"{""archive_timestamp"":[2026,9,24,15,14,28],""source_path"":""findings/AST-68-inotify-rename-events-missing/repro/src/legacy_cases.inc"",""source_sha256"":""2165256d3aa042a8a866b5ea69132a9854be202a801614926df66d4c38c762fe"",""source_size"":13708}"
findings/AST-69-tcp-recv-ignores-msg-dontwait/finding.md	findings/AST-69-tcp-recv-ignores-msg-dontwait/finding.md	file	0644	0	4198	d2814bb2939591ce0660d6e979ee3ce89460a5a3fb61e2f14ebfd092c773cdeb		copy	source-evidence		"{""archive_timestamp"":[2026,9,24,15,19,8],""source_path"":""findings/AST-69-tcp-recv-ignores-msg-dontwait/finding.md"",""source_sha256"":""d2814bb2939591ce0660d6e979ee3ce89460a5a3fb61e2f14ebfd092c773cdeb"",""source_size"":4198}"
findings/AST-69-tcp-recv-ignores-msg-dontwait/meta.json	findings/AST-69-tcp-recv-ignores-msg-dontwait/meta.json	file	0644	0	3307	0fbc03a1f27c449e39f37879c42d3ae17b9e0d93ac1c87785309e4c5c85d508f		copy	source-evidence		"{""archive_timestamp"":[2026,9,24,15,51,28],""source_path"":""findings/AST-69-tcp-recv-ignores-msg-dontwait/meta.json"",""source_sha256"":""0fbc03a1f27c449e39f37879c42d3ae17b9e0d93ac1c87785309e4c5c85d508f"",""source_size"":3307}"
findings/AST-69-tcp-recv-ignores-msg-dontwait/repro/LICENSE	findings/AST-69-tcp-recv-ignores-msg-dontwait/repro/LICENSE	file	0644	0	1334	434832ddcdcd9f0de6fd708d2da835321c3842a32209c59de3f100495d1069b5		copy	source-evidence		"{""archive_timestamp"":[2026,9,24,15,14,28],""source_path"":""findings/AST-69-tcp-recv-ignores-msg-dontwait/repro/LICENSE"",""source_sha256"":""434832ddcdcd9f0de6fd708d2da835321c3842a32209c59de3f100495d1069b5"",""source_size"":1334}"
findings/AST-69-tcp-recv-ignores-msg-dontwait/repro/Makefile	findings/AST-69-tcp-recv-ignores-msg-dontwait/repro/Makefile	file	0644	0	328	76f8816ce93bcdae010b50c053ab217d49e82cd95f2a54cec846d2313a6d2636		copy	source-evidence		"{""archive_timestamp"":[2026,9,24,15,14,28],""source_path"":""findings/AST-69-tcp-recv-ignores-msg-dontwait/repro/Makefile"",""source_sha256"":""76f8816ce93bcdae010b50c053ab217d49e82cd95f2a54cec846d2313a6d2636"",""source_size"":328}"
findings/AST-69-tcp-recv-ignores-msg-dontwait/repro/README.md	findings/AST-69-tcp-recv-ignores-msg-dontwait/repro/README.md	file	0644	0	4740	393317549a2baf1c7b21c936a663865f1e880794d9236201f3f88e931248a1c7		copy	source-evidence		"{""archive_timestamp"":[2026,9,24,15,14,28],""source_path"":""findings/AST-69-tcp-recv-ignores-msg-dontwait/repro/README.md"",""source_sha256"":""393317549a2baf1c7b21c936a663865f1e880794d9236201f3f88e931248a1c7"",""source_size"":4740}"
findings/AST-69-tcp-recv-ignores-msg-dontwait/repro/src/abi_probe.c	findings/AST-69-tcp-recv-ignores-msg-dontwait/repro/src/abi_probe.c	file	0644	0	21130	3fa9b1f5f81f02814fbc7e373e1988d2396a266d4d05d596f63d58bccd76d95d		copy	source-evidence		"{""archive_timestamp"":[2026,9,24,15,14,28],""source_path"":""findings/AST-69-tcp-recv-ignores-msg-dontwait/repro/src/abi_probe.c"",""source_sha256"":""3fa9b1f5f81f02814fbc7e373e1988d2396a266d4d05d596f63d58bccd76d95d"",""source_size"":21130}"
findings/AST-69-tcp-recv-ignores-msg-dontwait/repro/src/legacy_cases.inc	findings/AST-69-tcp-recv-ignores-msg-dontwait/repro/src/legacy_cases.inc	file	0644	0	13708	2165256d3aa042a8a866b5ea69132a9854be202a801614926df66d4c38c762fe		copy	source-evidence		"{""archive_timestamp"":[2026,9,24,15,14,28],""source_path"":""findings/AST-69-tcp-recv-ignores-msg-dontwait/repro/src/legacy_cases.inc"",""source_sha256"":""2165256d3aa042a8a866b5ea69132a9854be202a801614926df66d4c38c762fe"",""source_size"":13708}"
findings/AST-70-tcp-send-epipe-no-sigpipe/finding.md	findings/AST-70-tcp-send-epipe-no-sigpipe/finding.md	file	0644	0	4417	2e8f59e42a7919b30b93177a66f580daa1e24c086347c45594dc4e7f39f7d40a		copy	source-evidence		"{""archive_timestamp"":[2026,9,24,15,19,8],""source_path"":""findings/AST-70-tcp-send-epipe-no-sigpipe/finding.md"",""source_sha256"":""2e8f59e42a7919b30b93177a66f580daa1e24c086347c45594dc4e7f39f7d40a"",""source_size"":4417}"
findings/AST-70-tcp-send-epipe-no-sigpipe/meta.json	findings/AST-70-tcp-send-epipe-no-sigpipe/meta.json	file	0644	0	3228	669611107870f0031aa5d4ae05adad610e7bc999136234d7ed15cb6d99556119		copy	source-evidence		"{""archive_timestamp"":[2026,9,24,15,51,28],""source_path"":""findings/AST-70-tcp-send-epipe-no-sigpipe/meta.json"",""source_sha256"":""669611107870f0031aa5d4ae05adad610e7bc999136234d7ed15cb6d99556119"",""source_size"":3228}"
findings/AST-70-tcp-send-epipe-no-sigpipe/repro/LICENSE	findings/AST-70-tcp-send-epipe-no-sigpipe/repro/LICENSE	file	0644	0	1334	434832ddcdcd9f0de6fd708d2da835321c3842a32209c59de3f100495d1069b5		copy	source-evidence		"{""archive_timestamp"":[2026,9,24,15,14,28],""source_path"":""findings/AST-70-tcp-send-epipe-no-sigpipe/repro/LICENSE"",""source_sha256"":""434832ddcdcd9f0de6fd708d2da835321c3842a32209c59de3f100495d1069b5"",""source_size"":1334}"
findings/AST-70-tcp-send-epipe-no-sigpipe/repro/Makefile	findings/AST-70-tcp-send-epipe-no-sigpipe/repro/Makefile	file	0644	0	328	76f8816ce93bcdae010b50c053ab217d49e82cd95f2a54cec846d2313a6d2636		copy	source-evidence		"{""archive_timestamp"":[2026,9,24,15,14,28],""source_path"":""findings/AST-70-tcp-send-epipe-no-sigpipe/repro/Makefile"",""source_sha256"":""76f8816ce93bcdae010b50c053ab217d49e82cd95f2a54cec846d2313a6d2636"",""source_size"":328}"
findings/AST-70-tcp-send-epipe-no-sigpipe/repro/README.md	findings/AST-70-tcp-send-epipe-no-sigpipe/repro/README.md	file	0644	0	4779	70ba67e85c8a8c77577ecb5f9738b2a42bda6f4ac240d883b4ce2c89e9202c29		copy	source-evidence		"{""archive_timestamp"":[2026,9,24,15,14,28],""source_path"":""findings/AST-70-tcp-send-epipe-no-sigpipe/repro/README.md"",""source_sha256"":""70ba67e85c8a8c77577ecb5f9738b2a42bda6f4ac240d883b4ce2c89e9202c29"",""source_size"":4779}"
findings/AST-70-tcp-send-epipe-no-sigpipe/repro/src/abi_probe.c	findings/AST-70-tcp-send-epipe-no-sigpipe/repro/src/abi_probe.c	file	0644	0	21130	3fa9b1f5f81f02814fbc7e373e1988d2396a266d4d05d596f63d58bccd76d95d		copy	source-evidence		"{""archive_timestamp"":[2026,9,24,15,14,28],""source_path"":""findings/AST-70-tcp-send-epipe-no-sigpipe/repro/src/abi_probe.c"",""source_sha256"":""3fa9b1f5f81f02814fbc7e373e1988d2396a266d4d05d596f63d58bccd76d95d"",""source_size"":21130}"
findings/AST-70-tcp-send-epipe-no-sigpipe/repro/src/legacy_cases.inc	findings/AST-70-tcp-send-epipe-no-sigpipe/repro/src/legacy_cases.inc	file	0644	0	13708	2165256d3aa042a8a866b5ea69132a9854be202a801614926df66d4c38c762fe		copy	source-evidence		"{""archive_timestamp"":[2026,9,24,15,14,28],""source_path"":""findings/AST-70-tcp-send-epipe-no-sigpipe/repro/src/legacy_cases.inc"",""source_sha256"":""2165256d3aa042a8a866b5ea69132a9854be202a801614926df66d4c38c762fe"",""source_size"":13708}"
findings/AST-71-personality-addr-no-randomize/finding.md	findings/AST-71-personality-addr-no-randomize/finding.md	file	0644	0	3951	13d351d75b2f0bedca87c3d1606e2996e9a8d940c7eda188232b0c0d87356855		copy	source-evidence		"{""archive_timestamp"":[2026,9,24,15,19,36],""source_path"":""findings/AST-71-personality-addr-no-randomize/finding.md"",""source_sha256"":""13d351d75b2f0bedca87c3d1606e2996e9a8d940c7eda188232b0c0d87356855"",""source_size"":3951}"
findings/AST-71-personality-addr-no-randomize/meta.json	findings/AST-71-personality-addr-no-randomize/meta.json	file	0644	0	2579	c65abc26d5f99e8ad1121fed0fcd92cba0c217509e42ae9d3096e40861b2f3e8		copy	source-evidence		"{""archive_timestamp"":[2026,9,24,15,14,28],""source_path"":""findings/AST-71-personality-addr-no-randomize/meta.json"",""source_sha256"":""c65abc26d5f99e8ad1121fed0fcd92cba0c217509e42ae9d3096e40861b2f3e8"",""source_size"":2579}"
findings/AST-72-virtiofs-direct-empty-write/finding.md	findings/AST-72-virtiofs-direct-empty-write/finding.md	file	0644	0	5079	81254e36acc1e512955b1dff5e2aae824cdff1400b0166eb1ef0671b6b21b95f		copy	source-evidence		"{""archive_timestamp"":[2026,9,24,15,21,28],""source_path"":""findings/AST-72-virtiofs-direct-empty-write/finding.md"",""source_sha256"":""81254e36acc1e512955b1dff5e2aae824cdff1400b0166eb1ef0671b6b21b95f"",""source_size"":5079}"
findings/AST-72-virtiofs-direct-empty-write/meta.json	findings/AST-72-virtiofs-direct-empty-write/meta.json	file	0644	0	2540	850b09376e319972e52de9531788c6d68612f2e4729ea3b8e8fc519b997c87c0		copy	source-evidence		"{""archive_timestamp"":[2026,9,24,15,21,28],""source_path"":""findings/AST-72-virtiofs-direct-empty-write/meta.json"",""source_sha256"":""850b09376e319972e52de9531788c6d68612f2e4729ea3b8e8fc519b997c87c0"",""source_size"":2540}"
findings.json	findings.json	file	0644	0	330398	610f8eba2637750998ffb1474d87c41ff177a9b28268445cc621f9faa0db1683		copy	source-evidence		"{""archive_timestamp"":[2026,9,24,15,52,8],""source_path"":""findings.json"",""source_sha256"":""610f8eba2637750998ffb1474d87c41ff177a9b28268445cc621f9faa0db1683"",""source_size"":330398}"
reference/id-map.md	reference/id-map.md	file	0644	0	9515	d4516d1976269651700f4e4ca4d983926797570a95279f3f864d5d1b90e73122		transform	source-evidence	unavailable Markdown destinations rendered as notes	"{""archive_timestamp"":[2026,9,24,15,1,14],""source_path"":""reference/id-map.md"",""source_sha256"":""e8ca9f09b19a387380ba3aca1bae83aa5a02c91386dabd7ffe8ca1b0c1f37e50"",""source_size"":10768}"
reference/upstream-matches.json	reference/upstream-matches.json	file	0644	0	220883	fa62798fa797564b1d59223f9a22d3b392dd42ee82a8500f9855ddc570c05bca		copy	source-evidence		"{""archive_timestamp"":[2026,9,24,15,1,14],""source_path"":""reference/upstream-matches.json"",""source_sha256"":""fa62798fa797564b1d59223f9a22d3b392dd42ee82a8500f9855ddc570c05bca"",""source_size"":220883}"
	review/import-notes.md	file	0664	0	2147	885a85814551990761c28aad5dd950eb79fd584e024be53d6b94fb4cf86d6725		generate	collection-metadata		{}
	review/tracking-ledger.json	file	0664	0	16817	620645033635ead9aee9cc89862a7cd046b05c53649f99042b10570aa258ee1a		generate	collection-metadata		{}
README.md	source-README.md	file	0644	0	17173	8d06801186f24f1429fe52e36555266b50983b8c00544689d364a89ce691f4aa		copy	source-evidence		"{""archive_timestamp"":[2026,9,24,15,52,8],""source_path"":""README.md"",""source_sha256"":""8d06801186f24f1429fe52e36555266b50983b8c00544689d364a89ce691f4aa"",""source_size"":17173}"
specula-known-findings/asterinas.json	specula-known-findings/asterinas.json	file	0644	0	127779	0d75ef46bfc16a2c544255265f227adb82ac38bc4bfae73b9373d09ba0fe0bf7		copy	source-evidence		"{""archive_timestamp"":[2026,9,24,15,52,8],""source_path"":""specula-known-findings/asterinas.json"",""source_sha256"":""0d75ef46bfc16a2c544255265f227adb82ac38bc4bfae73b9373d09ba0fe0bf7"",""source_size"":127779}"
