TLC2 Version 2026.09.23.154203 (rev: 4260e47)
Running breadth-first search Model-Checking with fp 67 and seed -6995946468061609095 with 8 workers on 16 cores with 7851MB heap and 16384MB offheap memory [pid: 2277087] (Linux 6.8.0-1044-azure amd64, Ubuntu 21.0.11 64bit, OffHeapDiskFPSet, DiskStateQueue).
Parsing file /home/ubuntu/specula-nvflare-gpt-continuation-20260926/framework/runs/gpt-continuation/nvflare-job/.specula-output/spec/output/continuation-S-F5/MC.tla
Parsing file /home/ubuntu/specula-nvflare-gpt-continuation-20260926/framework/runs/gpt-continuation/nvflare-job/.specula-output/spec/output/continuation-S-F5/base.tla
Parsing file /tmp/tlc-11340092905422491508/_JsonTrace.tla (jar:file:/home/ubuntu/specula-nvflare-gpt-continuation-20260926/framework/lib/tla2tools.jar!/tla2sany/StandardModules/_JsonTrace.tla)
Parsing file /tmp/tlc-11340092905422491508/_TLCTrace.tla (jar:file:/home/ubuntu/specula-nvflare-gpt-continuation-20260926/framework/lib/tla2tools.jar!/tla2sany/StandardModules/_TLCTrace.tla)
Parsing file /tmp/tlc-11340092905422491508/Integers.tla (jar:file:/home/ubuntu/specula-nvflare-gpt-continuation-20260926/framework/lib/tla2tools.jar!/tla2sany/StandardModules/Integers.tla)
Parsing file /tmp/tlc-11340092905422491508/Sequences.tla (jar:file:/home/ubuntu/specula-nvflare-gpt-continuation-20260926/framework/lib/tla2tools.jar!/tla2sany/StandardModules/Sequences.tla)
Parsing file /tmp/tlc-11340092905422491508/FiniteSets.tla (jar:file:/home/ubuntu/specula-nvflare-gpt-continuation-20260926/framework/lib/tla2tools.jar!/tla2sany/StandardModules/FiniteSets.tla)
Parsing file /tmp/tlc-11340092905422491508/TLC.tla (jar:file:/home/ubuntu/specula-nvflare-gpt-continuation-20260926/framework/lib/tla2tools.jar!/tla2sany/StandardModules/TLC.tla)
Parsing file /tmp/tlc-11340092905422491508/Naturals.tla (jar:file:/home/ubuntu/specula-nvflare-gpt-continuation-20260926/framework/lib/tla2tools.jar!/tla2sany/StandardModules/Naturals.tla)
Parsing file /tmp/tlc-11340092905422491508/TLCExt.tla (jar:file:/home/ubuntu/specula-nvflare-gpt-continuation-20260926/framework/lib/tla2tools.jar!/tla2sany/StandardModules/TLCExt.tla)
Parsing file /tmp/tlc-11340092905422491508/Json.tla (jar:file:/home/ubuntu/specula-nvflare-gpt-continuation-20260926/framework/lib/tla2tools.jar!/tla2sany/StandardModules/Json.tla)
Semantic processing of module Naturals
Semantic processing of module Integers
Semantic processing of module Sequences
Semantic processing of module FiniteSets
Semantic processing of module TLC
Semantic processing of module base
Semantic processing of module TLCExt
Semantic processing of module Json
Semantic processing of module _JsonTrace
Semantic processing of module _TLCTrace
Semantic processing of module MC
Linting of module base
Linting of module TLCExt
Linting of module Json
Linting of module _JsonTrace
Linting of module _TLCTrace
Linting of module MC
Starting... (2026-09-26 04:58:50)
Computing initial states...
Finished computing initial states: 1 distinct state generated at 2026-09-26 04:58:51.
Error: Invariant FinalMatchesOutcome is violated.
Error: The behavior up to this point is:
State 1: <Initial predicate>
/\ cpAlive = (c1 :> TRUE @@ c2 :> TRUE)
/\ failAccepted = [j1 |-> FALSE]
/\ free = (c1 :> <<>> @@ c2 :> <<>>)
/\ using = (c1 :> [j1 |-> {}] @@ c2 :> [j1 |-> {}])
/\ cjAbortMsg = (c1 :> [j1 |-> 0] @@ c2 :> [j1 |-> 0])
/\ resv = (c1 :> {} @@ c2 :> {})
/\ fc = [ hb |-> 0,
  lose |-> 0,
  chkTO |-> 0,
  stTO |-> 0,
  depFail |-> 0,
  sjLaunchFail |-> 0,
  backoff |-> 0,
  sjError |-> 0,
  sjCrash |-> 0,
  cjError |-> 0,
  cjUnsafe |-> 0,
  cjDesc |-> 0,
  cpLaunchFail |-> 0,
  crash |-> 0,
  abort |-> 0,
  delete |-> 0,
  disable |-> 0,
  appMissing |-> 0 ]
/\ abortDropped = (c1 :> [j1 |-> FALSE] @@ c2 :> [j1 |-> FALSE])
/\ ackInWindow = [j1 |-> FALSE]
/\ nextAtt = 1
/\ endedEv = [j1 |-> FALSE]
/\ micro = [ wfcRead |-> [j1 |-> FALSE],
  wfcHad |-> [j1 |-> FALSE],
  reaped |-> (c1 :> [j1 |-> FALSE] @@ c2 :> [j1 |-> FALSE]),
  removals |-> [j1 |-> 0],
  sjBooted |-> [j1 |-> FALSE],
  delAdm |-> [j1 |-> [pc |-> "Idle", snap |-> None]],
  reports |->
      ( c1 :> [j1 |-> [pc |-> "Idle", accepted |-> FALSE]] @@
        c2 :> [j1 |-> [pc |-> "Idle", accepted |-> FALSE]] ) ]
/\ cjReg = (c1 :> [j1 |-> None] @@ c2 :> [j1 |-> None])
/\ alloc = (c1 :> [j1 |-> {}] @@ c2 :> [j1 |-> {}])
/\ ackStop = [j1 |-> FALSE]
/\ cpc = [ job |-> None,
  pc |-> "Idle",
  failed |-> FALSE,
  aborted |-> FALSE,
  hadExc |-> FALSE ]
/\ termP = (c1 :> [j1 |-> 0] @@ c2 :> [j1 |-> 0])
/\ waiter = (c1 :> [j1 |-> FALSE] @@ c2 :> [j1 |-> FALSE])
/\ postAckLaunch = [j1 |-> FALSE]
/\ sessions = {c1, c2}
/\ rp = [j1 |-> None]
/\ cst = (c1 :> [j1 |-> None] @@ c2 :> [j1 |-> None])
/\ sj = [j1 |-> "None"]
/\ sweeper = [cl |-> None, pc |-> "Idle", snap |-> 0, blocking |-> FALSE]
/\ cjRC = (c1 :> [j1 |-> 0] @@ c2 :> [j1 |-> 0])
/\ startedEv = [j1 |-> FALSE]
/\ exeErrRec = [j1 |-> FALSE]
/\ launches = [j1 |-> 0]
/\ pending = [j1 |-> None]
/\ sjAbortHandled = [j1 |-> FALSE]
/\ cjProc = (c1 :> [j1 |-> "None"] @@ c2 :> [j1 |-> "None"])
/\ latchInStopWin = [j1 |-> FALSE]
/\ msgs = <<>>
/\ wfc = [j1 |-> FALSE]
/\ tagged = {}
/\ rmp = [j1 |-> 0]
/\ shared = [j1 |-> FALSE]
/\ disabled = {}
/\ sjErr = [j1 |-> FALSE]
/\ latched = [j1 |-> None]
/\ rpc = [ ready |-> None,
  job |-> None,
  att |-> 0,
  pc |-> "Scan",
  listed |-> {},
  queue |-> <<>>,
  cnt |-> [j1 |-> 0],
  chk |-> {},
  failed |-> <<>>,
  blocked |-> <<>>,
  fb |-> <<>>,
  disp |-> {},
  dep |-> {},
  jid |-> FALSE,
  snap |-> None,
  sreq |-> {} ]
/\ exc = [j1 |-> None]
/\ runningJobs = {}
/\ failRunRec = [j1 |-> FALSE]
/\ startFailCause = [j1 |-> "none"]
/\ adm = [j1 |-> [pc |-> "Idle", snap |-> None]]
/\ slots = {}
/\ termHb = (c1 :> [j1 |-> 0] @@ c2 :> [j1 |-> 0])
/\ grp = (c1 :> [j1 |-> FALSE] @@ c2 :> [j1 |-> FALSE])
/\ wfcStale = [j1 |-> None]
/\ pCount = [j1 |-> 0]
/\ status = [j1 |-> "SUBMITTED"]
/\ ovw = {}
/\ firstTerm = [j1 |-> None]
/\ ackAbort = [j1 |-> FALSE]
/\ sjRC = [j1 |-> 0]
/\ runAborted = [j1 |-> FALSE]

State 2: <MCRunnerScanList line 102, col 28 to line 102, col 66 of module MC>
/\ cpAlive = (c1 :> TRUE @@ c2 :> TRUE)
/\ failAccepted = [j1 |-> FALSE]
/\ free = (c1 :> <<>> @@ c2 :> <<>>)
/\ using = (c1 :> [j1 |-> {}] @@ c2 :> [j1 |-> {}])
/\ cjAbortMsg = (c1 :> [j1 |-> 0] @@ c2 :> [j1 |-> 0])
/\ resv = (c1 :> {} @@ c2 :> {})
/\ fc = [ hb |-> 0,
  lose |-> 0,
  chkTO |-> 0,
  stTO |-> 0,
  depFail |-> 0,
  sjLaunchFail |-> 0,
  backoff |-> 0,
  sjError |-> 0,
  sjCrash |-> 0,
  cjError |-> 0,
  cjUnsafe |-> 0,
  cjDesc |-> 0,
  cpLaunchFail |-> 0,
  crash |-> 0,
  abort |-> 0,
  delete |-> 0,
  disable |-> 0,
  appMissing |-> 0 ]
/\ abortDropped = (c1 :> [j1 |-> FALSE] @@ c2 :> [j1 |-> FALSE])
/\ ackInWindow = [j1 |-> FALSE]
/\ nextAtt = 1
/\ endedEv = [j1 |-> FALSE]
/\ micro = [ wfcRead |-> [j1 |-> FALSE],
  wfcHad |-> [j1 |-> FALSE],
  reaped |-> (c1 :> [j1 |-> FALSE] @@ c2 :> [j1 |-> FALSE]),
  removals |-> [j1 |-> 0],
  sjBooted |-> [j1 |-> FALSE],
  delAdm |-> [j1 |-> [pc |-> "Idle", snap |-> None]],
  reports |->
      ( c1 :> [j1 |-> [pc |-> "Idle", accepted |-> FALSE]] @@
        c2 :> [j1 |-> [pc |-> "Idle", accepted |-> FALSE]] ) ]
/\ cjReg = (c1 :> [j1 |-> None] @@ c2 :> [j1 |-> None])
/\ alloc = (c1 :> [j1 |-> {}] @@ c2 :> [j1 |-> {}])
/\ ackStop = [j1 |-> FALSE]
/\ cpc = [ job |-> None,
  pc |-> "Idle",
  failed |-> FALSE,
  aborted |-> FALSE,
  hadExc |-> FALSE ]
/\ termP = (c1 :> [j1 |-> 0] @@ c2 :> [j1 |-> 0])
/\ waiter = (c1 :> [j1 |-> FALSE] @@ c2 :> [j1 |-> FALSE])
/\ postAckLaunch = [j1 |-> FALSE]
/\ sessions = {c1, c2}
/\ rp = [j1 |-> None]
/\ cst = (c1 :> [j1 |-> None] @@ c2 :> [j1 |-> None])
/\ sj = [j1 |-> "None"]
/\ sweeper = [cl |-> None, pc |-> "Idle", snap |-> 0, blocking |-> FALSE]
/\ cjRC = (c1 :> [j1 |-> 0] @@ c2 :> [j1 |-> 0])
/\ startedEv = [j1 |-> FALSE]
/\ exeErrRec = [j1 |-> FALSE]
/\ launches = [j1 |-> 0]
/\ pending = [j1 |-> None]
/\ sjAbortHandled = [j1 |-> FALSE]
/\ cjProc = (c1 :> [j1 |-> "None"] @@ c2 :> [j1 |-> "None"])
/\ latchInStopWin = [j1 |-> FALSE]
/\ msgs = <<>>
/\ wfc = [j1 |-> FALSE]
/\ tagged = {}
/\ rmp = [j1 |-> 0]
/\ shared = [j1 |-> FALSE]
/\ disabled = {}
/\ sjErr = [j1 |-> FALSE]
/\ latched = [j1 |-> None]
/\ rpc = [ ready |-> None,
  job |-> None,
  att |-> 0,
  pc |-> "ScanRead",
  listed |-> {"j1"},
  queue |-> <<>>,
  cnt |-> [j1 |-> 0],
  chk |-> {},
  failed |-> <<>>,
  blocked |-> <<>>,
  fb |-> <<>>,
  disp |-> {},
  dep |-> {},
  jid |-> FALSE,
  snap |-> None,
  sreq |-> {} ]
/\ exc = [j1 |-> None]
/\ runningJobs = {}
/\ failRunRec = [j1 |-> FALSE]
/\ startFailCause = [j1 |-> "none"]
/\ adm = [j1 |-> [pc |-> "Idle", snap |-> None]]
/\ slots = {}
/\ termHb = (c1 :> [j1 |-> 0] @@ c2 :> [j1 |-> 0])
/\ grp = (c1 :> [j1 |-> FALSE] @@ c2 :> [j1 |-> FALSE])
/\ wfcStale = [j1 |-> None]
/\ pCount = [j1 |-> 0]
/\ status = [j1 |-> "SUBMITTED"]
/\ ovw = {}
/\ firstTerm = [j1 |-> None]
/\ ackAbort = [j1 |-> FALSE]
/\ sjRC = [j1 |-> 0]
/\ runAborted = [j1 |-> FALSE]

State 3: <MCRunnerScanReadOne("j1") line 164, col 27 to line 164, col 71 of module MC>
/\ cpAlive = (c1 :> TRUE @@ c2 :> TRUE)
/\ failAccepted = [j1 |-> FALSE]
/\ free = (c1 :> <<>> @@ c2 :> <<>>)
/\ using = (c1 :> [j1 |-> {}] @@ c2 :> [j1 |-> {}])
/\ cjAbortMsg = (c1 :> [j1 |-> 0] @@ c2 :> [j1 |-> 0])
/\ resv = (c1 :> {} @@ c2 :> {})
/\ fc = [ hb |-> 0,
  lose |-> 0,
  chkTO |-> 0,
  stTO |-> 0,
  depFail |-> 0,
  sjLaunchFail |-> 0,
  backoff |-> 0,
  sjError |-> 0,
  sjCrash |-> 0,
  cjError |-> 0,
  cjUnsafe |-> 0,
  cjDesc |-> 0,
  cpLaunchFail |-> 0,
  crash |-> 0,
  abort |-> 0,
  delete |-> 0,
  disable |-> 0,
  appMissing |-> 0 ]
/\ abortDropped = (c1 :> [j1 |-> FALSE] @@ c2 :> [j1 |-> FALSE])
/\ ackInWindow = [j1 |-> FALSE]
/\ nextAtt = 1
/\ endedEv = [j1 |-> FALSE]
/\ micro = [ wfcRead |-> [j1 |-> FALSE],
  wfcHad |-> [j1 |-> FALSE],
  reaped |-> (c1 :> [j1 |-> FALSE] @@ c2 :> [j1 |-> FALSE]),
  removals |-> [j1 |-> 0],
  sjBooted |-> [j1 |-> FALSE],
  delAdm |-> [j1 |-> [pc |-> "Idle", snap |-> None]],
  reports |->
      ( c1 :> [j1 |-> [pc |-> "Idle", accepted |-> FALSE]] @@
        c2 :> [j1 |-> [pc |-> "Idle", accepted |-> FALSE]] ) ]
/\ cjReg = (c1 :> [j1 |-> None] @@ c2 :> [j1 |-> None])
/\ alloc = (c1 :> [j1 |-> {}] @@ c2 :> [j1 |-> {}])
/\ ackStop = [j1 |-> FALSE]
/\ cpc = [ job |-> None,
  pc |-> "Idle",
  failed |-> FALSE,
  aborted |-> FALSE,
  hadExc |-> FALSE ]
/\ termP = (c1 :> [j1 |-> 0] @@ c2 :> [j1 |-> 0])
/\ waiter = (c1 :> [j1 |-> FALSE] @@ c2 :> [j1 |-> FALSE])
/\ postAckLaunch = [j1 |-> FALSE]
/\ sessions = {c1, c2}
/\ rp = [j1 |-> None]
/\ cst = (c1 :> [j1 |-> None] @@ c2 :> [j1 |-> None])
/\ sj = [j1 |-> "None"]
/\ sweeper = [cl |-> None, pc |-> "Idle", snap |-> 0, blocking |-> FALSE]
/\ cjRC = (c1 :> [j1 |-> 0] @@ c2 :> [j1 |-> 0])
/\ startedEv = [j1 |-> FALSE]
/\ exeErrRec = [j1 |-> FALSE]
/\ launches = [j1 |-> 0]
/\ pending = [j1 |-> None]
/\ sjAbortHandled = [j1 |-> FALSE]
/\ cjProc = (c1 :> [j1 |-> "None"] @@ c2 :> [j1 |-> "None"])
/\ latchInStopWin = [j1 |-> FALSE]
/\ msgs = <<>>
/\ wfc = [j1 |-> FALSE]
/\ tagged = {}
/\ rmp = [j1 |-> 0]
/\ shared = [j1 |-> FALSE]
/\ disabled = {}
/\ sjErr = [j1 |-> FALSE]
/\ latched = [j1 |-> None]
/\ rpc = [ ready |-> None,
  job |-> None,
  att |-> 0,
  pc |-> "ScanRead",
  listed |-> {},
  queue |-> <<"j1">>,
  cnt |-> [j1 |-> 0],
  chk |-> {},
  failed |-> <<>>,
  blocked |-> <<>>,
  fb |-> <<>>,
  disp |-> {},
  dep |-> {},
  jid |-> FALSE,
  snap |-> None,
  sreq |-> {} ]
/\ exc = [j1 |-> None]
/\ runningJobs = {}
/\ failRunRec = [j1 |-> FALSE]
/\ startFailCause = [j1 |-> "none"]
/\ adm = [j1 |-> [pc |-> "Idle", snap |-> None]]
/\ slots = {}
/\ termHb = (c1 :> [j1 |-> 0] @@ c2 :> [j1 |-> 0])
/\ grp = (c1 :> [j1 |-> FALSE] @@ c2 :> [j1 |-> FALSE])
/\ wfcStale = [j1 |-> None]
/\ pCount = [j1 |-> 0]
/\ status = [j1 |-> "SUBMITTED"]
/\ ovw = {}
/\ firstTerm = [j1 |-> None]
/\ ackAbort = [j1 |-> FALSE]
/\ sjRC = [j1 |-> 0]
/\ runAborted = [j1 |-> FALSE]

State 4: <MCRunnerScanRead line 104, col 28 to line 104, col 66 of module MC>
/\ cpAlive = (c1 :> TRUE @@ c2 :> TRUE)
/\ failAccepted = [j1 |-> FALSE]
/\ free = (c1 :> <<>> @@ c2 :> <<>>)
/\ using = (c1 :> [j1 |-> {}] @@ c2 :> [j1 |-> {}])
/\ cjAbortMsg = (c1 :> [j1 |-> 0] @@ c2 :> [j1 |-> 0])
/\ resv = (c1 :> {} @@ c2 :> {})
/\ fc = [ hb |-> 0,
  lose |-> 0,
  chkTO |-> 0,
  stTO |-> 0,
  depFail |-> 0,
  sjLaunchFail |-> 0,
  backoff |-> 0,
  sjError |-> 0,
  sjCrash |-> 0,
  cjError |-> 0,
  cjUnsafe |-> 0,
  cjDesc |-> 0,
  cpLaunchFail |-> 0,
  crash |-> 0,
  abort |-> 0,
  delete |-> 0,
  disable |-> 0,
  appMissing |-> 0 ]
/\ abortDropped = (c1 :> [j1 |-> FALSE] @@ c2 :> [j1 |-> FALSE])
/\ ackInWindow = [j1 |-> FALSE]
/\ nextAtt = 1
/\ endedEv = [j1 |-> FALSE]
/\ micro = [ wfcRead |-> [j1 |-> FALSE],
  wfcHad |-> [j1 |-> FALSE],
  reaped |-> (c1 :> [j1 |-> FALSE] @@ c2 :> [j1 |-> FALSE]),
  removals |-> [j1 |-> 0],
  sjBooted |-> [j1 |-> FALSE],
  delAdm |-> [j1 |-> [pc |-> "Idle", snap |-> None]],
  reports |->
      ( c1 :> [j1 |-> [pc |-> "Idle", accepted |-> FALSE]] @@
        c2 :> [j1 |-> [pc |-> "Idle", accepted |-> FALSE]] ) ]
/\ cjReg = (c1 :> [j1 |-> None] @@ c2 :> [j1 |-> None])
/\ alloc = (c1 :> [j1 |-> {}] @@ c2 :> [j1 |-> {}])
/\ ackStop = [j1 |-> FALSE]
/\ cpc = [ job |-> None,
  pc |-> "Idle",
  failed |-> FALSE,
  aborted |-> FALSE,
  hadExc |-> FALSE ]
/\ termP = (c1 :> [j1 |-> 0] @@ c2 :> [j1 |-> 0])
/\ waiter = (c1 :> [j1 |-> FALSE] @@ c2 :> [j1 |-> FALSE])
/\ postAckLaunch = [j1 |-> FALSE]
/\ sessions = {c1, c2}
/\ rp = [j1 |-> None]
/\ cst = (c1 :> [j1 |-> None] @@ c2 :> [j1 |-> None])
/\ sj = [j1 |-> "None"]
/\ sweeper = [cl |-> None, pc |-> "Idle", snap |-> 0, blocking |-> FALSE]
/\ cjRC = (c1 :> [j1 |-> 0] @@ c2 :> [j1 |-> 0])
/\ startedEv = [j1 |-> FALSE]
/\ exeErrRec = [j1 |-> FALSE]
/\ launches = [j1 |-> 0]
/\ pending = [j1 |-> None]
/\ sjAbortHandled = [j1 |-> FALSE]
/\ cjProc = (c1 :> [j1 |-> "None"] @@ c2 :> [j1 |-> "None"])
/\ latchInStopWin = [j1 |-> FALSE]
/\ msgs = <<>>
/\ wfc = [j1 |-> FALSE]
/\ tagged = {}
/\ rmp = [j1 |-> 0]
/\ shared = [j1 |-> FALSE]
/\ disabled = {}
/\ sjErr = [j1 |-> FALSE]
/\ latched = [j1 |-> None]
/\ rpc = [ ready |-> None,
  job |-> None,
  att |-> 0,
  pc |-> "TryNext",
  listed |-> {},
  queue |-> <<"j1">>,
  cnt |-> [j1 |-> 0],
  chk |-> {},
  failed |-> <<>>,
  blocked |-> <<>>,
  fb |-> <<>>,
  disp |-> {},
  dep |-> {},
  jid |-> FALSE,
  snap |-> None,
  sreq |-> {} ]
/\ exc = [j1 |-> None]
/\ runningJobs = {}
/\ failRunRec = [j1 |-> FALSE]
/\ startFailCause = [j1 |-> "none"]
/\ adm = [j1 |-> [pc |-> "Idle", snap |-> None]]
/\ slots = {}
/\ termHb = (c1 :> [j1 |-> 0] @@ c2 :> [j1 |-> 0])
/\ grp = (c1 :> [j1 |-> FALSE] @@ c2 :> [j1 |-> FALSE])
/\ wfcStale = [j1 |-> None]
/\ pCount = [j1 |-> 0]
/\ status = [j1 |-> "SUBMITTED"]
/\ ovw = {}
/\ firstTerm = [j1 |-> None]
/\ ackAbort = [j1 |-> FALSE]
/\ sjRC = [j1 |-> 0]
/\ runAborted = [j1 |-> FALSE]

State 5: <MCRunnerTryNext line 105, col 28 to line 105, col 65 of module MC>
/\ cpAlive = (c1 :> TRUE @@ c2 :> TRUE)
/\ failAccepted = [j1 |-> FALSE]
/\ free = (c1 :> <<>> @@ c2 :> <<>>)
/\ using = (c1 :> [j1 |-> {}] @@ c2 :> [j1 |-> {}])
/\ cjAbortMsg = (c1 :> [j1 |-> 0] @@ c2 :> [j1 |-> 0])
/\ resv = (c1 :> {} @@ c2 :> {})
/\ fc = [ hb |-> 0,
  lose |-> 0,
  chkTO |-> 0,
  stTO |-> 0,
  depFail |-> 0,
  sjLaunchFail |-> 0,
  backoff |-> 0,
  sjError |-> 0,
  sjCrash |-> 0,
  cjError |-> 0,
  cjUnsafe |-> 0,
  cjDesc |-> 0,
  cpLaunchFail |-> 0,
  crash |-> 0,
  abort |-> 0,
  delete |-> 0,
  disable |-> 0,
  appMissing |-> 0 ]
/\ abortDropped = (c1 :> [j1 |-> FALSE] @@ c2 :> [j1 |-> FALSE])
/\ ackInWindow = [j1 |-> FALSE]
/\ nextAtt = 2
/\ endedEv = [j1 |-> FALSE]
/\ micro = [ wfcRead |-> [j1 |-> FALSE],
  wfcHad |-> [j1 |-> FALSE],
  reaped |-> (c1 :> [j1 |-> FALSE] @@ c2 :> [j1 |-> FALSE]),
  removals |-> [j1 |-> 0],
  sjBooted |-> [j1 |-> FALSE],
  delAdm |-> [j1 |-> [pc |-> "Idle", snap |-> None]],
  reports |->
      ( c1 :> [j1 |-> [pc |-> "Idle", accepted |-> FALSE]] @@
        c2 :> [j1 |-> [pc |-> "Idle", accepted |-> FALSE]] ) ]
/\ cjReg = (c1 :> [j1 |-> None] @@ c2 :> [j1 |-> None])
/\ alloc = (c1 :> [j1 |-> {}] @@ c2 :> [j1 |-> {}])
/\ ackStop = [j1 |-> FALSE]
/\ cpc = [ job |-> None,
  pc |-> "Idle",
  failed |-> FALSE,
  aborted |-> FALSE,
  hadExc |-> FALSE ]
/\ termP = (c1 :> [j1 |-> 0] @@ c2 :> [j1 |-> 0])
/\ waiter = (c1 :> [j1 |-> FALSE] @@ c2 :> [j1 |-> FALSE])
/\ postAckLaunch = [j1 |-> FALSE]
/\ sessions = {c1, c2}
/\ rp = [j1 |-> None]
/\ cst = (c1 :> [j1 |-> None] @@ c2 :> [j1 |-> None])
/\ sj = [j1 |-> "None"]
/\ sweeper = [cl |-> None, pc |-> "Idle", snap |-> 0, blocking |-> FALSE]
/\ cjRC = (c1 :> [j1 |-> 0] @@ c2 :> [j1 |-> 0])
/\ startedEv = [j1 |-> FALSE]
/\ exeErrRec = [j1 |-> FALSE]
/\ launches = [j1 |-> 0]
/\ pending = [j1 |-> None]
/\ sjAbortHandled = [j1 |-> FALSE]
/\ cjProc = (c1 :> [j1 |-> "None"] @@ c2 :> [j1 |-> "None"])
/\ latchInStopWin = [j1 |-> FALSE]
/\ msgs = ( [ ok |-> FALSE,
    code |-> 0,
    flag |-> FALSE,
    type |-> "CHECK",
    job |-> "j1",
    cl |-> c1,
    att |-> 1 ] :>
      1 @@
  [ ok |-> FALSE,
    code |-> 0,
    flag |-> FALSE,
    type |-> "CHECK",
    job |-> "j1",
    cl |-> c2,
    att |-> 1 ] :>
      1 )
/\ wfc = [j1 |-> FALSE]
/\ tagged = {}
/\ rmp = [j1 |-> 0]
/\ shared = [j1 |-> FALSE]
/\ disabled = {}
/\ sjErr = [j1 |-> FALSE]
/\ latched = [j1 |-> None]
/\ rpc = [ ready |-> None,
  job |-> "j1",
  att |-> 1,
  pc |-> "CheckWait",
  listed |-> {},
  queue |-> <<>>,
  cnt |-> [j1 |-> 0],
  chk |-> {c1, c2},
  failed |-> <<>>,
  blocked |-> <<>>,
  fb |-> <<>>,
  disp |-> {},
  dep |-> {},
  jid |-> FALSE,
  snap |-> None,
  sreq |-> {} ]
/\ exc = [j1 |-> None]
/\ runningJobs = {}
/\ failRunRec = [j1 |-> FALSE]
/\ startFailCause = [j1 |-> "none"]
/\ adm = [j1 |-> [pc |-> "Idle", snap |-> None]]
/\ slots = {}
/\ termHb = (c1 :> [j1 |-> 0] @@ c2 :> [j1 |-> 0])
/\ grp = (c1 :> [j1 |-> FALSE] @@ c2 :> [j1 |-> FALSE])
/\ wfcStale = [j1 |-> None]
/\ pCount = [j1 |-> 0]
/\ status = [j1 |-> "SUBMITTED"]
/\ ovw = {}
/\ firstTerm = [j1 |-> None]
/\ ackAbort = [j1 |-> FALSE]
/\ sjRC = [j1 |-> 0]
/\ runAborted = [j1 |-> FALSE]

State 6: <MsgCheckResource line 156, col 31 to line 156, col 73 of module MC>
/\ cpAlive = (c1 :> TRUE @@ c2 :> TRUE)
/\ failAccepted = [j1 |-> FALSE]
/\ free = (c1 :> <<>> @@ c2 :> <<>>)
/\ using = (c1 :> [j1 |-> {}] @@ c2 :> [j1 |-> {}])
/\ cjAbortMsg = (c1 :> [j1 |-> 0] @@ c2 :> [j1 |-> 0])
/\ resv = (c1 :> {[job |-> "j1", tok |-> 1, units |-> {}, ttl |-> 1]} @@ c2 :> {})
/\ fc = [ hb |-> 0,
  lose |-> 0,
  chkTO |-> 0,
  stTO |-> 0,
  depFail |-> 0,
  sjLaunchFail |-> 0,
  backoff |-> 0,
  sjError |-> 0,
  sjCrash |-> 0,
  cjError |-> 0,
  cjUnsafe |-> 0,
  cjDesc |-> 0,
  cpLaunchFail |-> 0,
  crash |-> 0,
  abort |-> 0,
  delete |-> 0,
  disable |-> 0,
  appMissing |-> 0 ]
/\ abortDropped = (c1 :> [j1 |-> FALSE] @@ c2 :> [j1 |-> FALSE])
/\ ackInWindow = [j1 |-> FALSE]
/\ nextAtt = 2
/\ endedEv = [j1 |-> FALSE]
/\ micro = [ wfcRead |-> [j1 |-> FALSE],
  wfcHad |-> [j1 |-> FALSE],
  reaped |-> (c1 :> [j1 |-> FALSE] @@ c2 :> [j1 |-> FALSE]),
  removals |-> [j1 |-> 0],
  sjBooted |-> [j1 |-> FALSE],
  delAdm |-> [j1 |-> [pc |-> "Idle", snap |-> None]],
  reports |->
      ( c1 :> [j1 |-> [pc |-> "Idle", accepted |-> FALSE]] @@
        c2 :> [j1 |-> [pc |-> "Idle", accepted |-> FALSE]] ) ]
/\ cjReg = (c1 :> [j1 |-> None] @@ c2 :> [j1 |-> None])
/\ alloc = (c1 :> [j1 |-> {}] @@ c2 :> [j1 |-> {}])
/\ ackStop = [j1 |-> FALSE]
/\ cpc = [ job |-> None,
  pc |-> "Idle",
  failed |-> FALSE,
  aborted |-> FALSE,
  hadExc |-> FALSE ]
/\ termP = (c1 :> [j1 |-> 0] @@ c2 :> [j1 |-> 0])
/\ waiter = (c1 :> [j1 |-> FALSE] @@ c2 :> [j1 |-> FALSE])
/\ postAckLaunch = [j1 |-> FALSE]
/\ sessions = {c1, c2}
/\ rp = [j1 |-> None]
/\ cst = (c1 :> [j1 |-> None] @@ c2 :> [j1 |-> None])
/\ sj = [j1 |-> "None"]
/\ sweeper = [cl |-> None, pc |-> "Idle", snap |-> 0, blocking |-> FALSE]
/\ cjRC = (c1 :> [j1 |-> 0] @@ c2 :> [j1 |-> 0])
/\ startedEv = [j1 |-> FALSE]
/\ exeErrRec = [j1 |-> FALSE]
/\ launches = [j1 |-> 0]
/\ pending = [j1 |-> None]
/\ sjAbortHandled = [j1 |-> FALSE]
/\ cjProc = (c1 :> [j1 |-> "None"] @@ c2 :> [j1 |-> "None"])
/\ latchInStopWin = [j1 |-> FALSE]
/\ msgs = ( [ ok |-> FALSE,
    code |-> 0,
    flag |-> FALSE,
    type |-> "CHECK",
    job |-> "j1",
    cl |-> c2,
    att |-> 1 ] :>
      1 @@
  [ ok |-> TRUE,
    code |-> 0,
    flag |-> FALSE,
    type |-> "CHECK_REP",
    job |-> "j1",
    cl |-> c1,
    att |-> 1 ] :>
      1 )
/\ wfc = [j1 |-> FALSE]
/\ tagged = {}
/\ rmp = [j1 |-> 0]
/\ shared = [j1 |-> FALSE]
/\ disabled = {}
/\ sjErr = [j1 |-> FALSE]
/\ latched = [j1 |-> None]
/\ rpc = [ ready |-> None,
  job |-> "j1",
  att |-> 1,
  pc |-> "CheckWait",
  listed |-> {},
  queue |-> <<>>,
  cnt |-> [j1 |-> 0],
  chk |-> {c1, c2},
  failed |-> <<>>,
  blocked |-> <<>>,
  fb |-> <<>>,
  disp |-> {},
  dep |-> {},
  jid |-> FALSE,
  snap |-> None,
  sreq |-> {} ]
/\ exc = [j1 |-> None]
/\ runningJobs = {}
/\ failRunRec = [j1 |-> FALSE]
/\ startFailCause = [j1 |-> "none"]
/\ adm = [j1 |-> [pc |-> "Idle", snap |-> None]]
/\ slots = {}
/\ termHb = (c1 :> [j1 |-> 0] @@ c2 :> [j1 |-> 0])
/\ grp = (c1 :> [j1 |-> FALSE] @@ c2 :> [j1 |-> FALSE])
/\ wfcStale = [j1 |-> None]
/\ pCount = [j1 |-> 0]
/\ status = [j1 |-> "SUBMITTED"]
/\ ovw = {}
/\ firstTerm = [j1 |-> None]
/\ ackAbort = [j1 |-> FALSE]
/\ sjRC = [j1 |-> 0]
/\ runAborted = [j1 |-> FALSE]

State 7: <MsgCheckResource line 156, col 31 to line 156, col 73 of module MC>
/\ cpAlive = (c1 :> TRUE @@ c2 :> TRUE)
/\ failAccepted = [j1 |-> FALSE]
/\ free = (c1 :> <<>> @@ c2 :> <<>>)
/\ using = (c1 :> [j1 |-> {}] @@ c2 :> [j1 |-> {}])
/\ cjAbortMsg = (c1 :> [j1 |-> 0] @@ c2 :> [j1 |-> 0])
/\ resv = ( c1 :> {[job |-> "j1", tok |-> 1, units |-> {}, ttl |-> 1]} @@
  c2 :> {[job |-> "j1", tok |-> 1, units |-> {}, ttl |-> 1]} )
/\ fc = [ hb |-> 0,
  lose |-> 0,
  chkTO |-> 0,
  stTO |-> 0,
  depFail |-> 0,
  sjLaunchFail |-> 0,
  backoff |-> 0,
  sjError |-> 0,
  sjCrash |-> 0,
  cjError |-> 0,
  cjUnsafe |-> 0,
  cjDesc |-> 0,
  cpLaunchFail |-> 0,
  crash |-> 0,
  abort |-> 0,
  delete |-> 0,
  disable |-> 0,
  appMissing |-> 0 ]
/\ abortDropped = (c1 :> [j1 |-> FALSE] @@ c2 :> [j1 |-> FALSE])
/\ ackInWindow = [j1 |-> FALSE]
/\ nextAtt = 2
/\ endedEv = [j1 |-> FALSE]
/\ micro = [ wfcRead |-> [j1 |-> FALSE],
  wfcHad |-> [j1 |-> FALSE],
  reaped |-> (c1 :> [j1 |-> FALSE] @@ c2 :> [j1 |-> FALSE]),
  removals |-> [j1 |-> 0],
  sjBooted |-> [j1 |-> FALSE],
  delAdm |-> [j1 |-> [pc |-> "Idle", snap |-> None]],
  reports |->
      ( c1 :> [j1 |-> [pc |-> "Idle", accepted |-> FALSE]] @@
        c2 :> [j1 |-> [pc |-> "Idle", accepted |-> FALSE]] ) ]
/\ cjReg = (c1 :> [j1 |-> None] @@ c2 :> [j1 |-> None])
/\ alloc = (c1 :> [j1 |-> {}] @@ c2 :> [j1 |-> {}])
/\ ackStop = [j1 |-> FALSE]
/\ cpc = [ job |-> None,
  pc |-> "Idle",
  failed |-> FALSE,
  aborted |-> FALSE,
  hadExc |-> FALSE ]
/\ termP = (c1 :> [j1 |-> 0] @@ c2 :> [j1 |-> 0])
/\ waiter = (c1 :> [j1 |-> FALSE] @@ c2 :> [j1 |-> FALSE])
/\ postAckLaunch = [j1 |-> FALSE]
/\ sessions = {c1, c2}
/\ rp = [j1 |-> None]
/\ cst = (c1 :> [j1 |-> None] @@ c2 :> [j1 |-> None])
/\ sj = [j1 |-> "None"]
/\ sweeper = [cl |-> None, pc |-> "Idle", snap |-> 0, blocking |-> FALSE]
/\ cjRC = (c1 :> [j1 |-> 0] @@ c2 :> [j1 |-> 0])
/\ startedEv = [j1 |-> FALSE]
/\ exeErrRec = [j1 |-> FALSE]
/\ launches = [j1 |-> 0]
/\ pending = [j1 |-> None]
/\ sjAbortHandled = [j1 |-> FALSE]
/\ cjProc = (c1 :> [j1 |-> "None"] @@ c2 :> [j1 |-> "None"])
/\ latchInStopWin = [j1 |-> FALSE]
/\ msgs = ( [ ok |-> TRUE,
    code |-> 0,
    flag |-> FALSE,
    type |-> "CHECK_REP",
    job |-> "j1",
    cl |-> c1,
    att |-> 1 ] :>
      1 @@
  [ ok |-> TRUE,
    code |-> 0,
    flag |-> FALSE,
    type |-> "CHECK_REP",
    job |-> "j1",
    cl |-> c2,
    att |-> 1 ] :>
      1 )
/\ wfc = [j1 |-> FALSE]
/\ tagged = {}
/\ rmp = [j1 |-> 0]
/\ shared = [j1 |-> FALSE]
/\ disabled = {}
/\ sjErr = [j1 |-> FALSE]
/\ latched = [j1 |-> None]
/\ rpc = [ ready |-> None,
  job |-> "j1",
  att |-> 1,
  pc |-> "CheckWait",
  listed |-> {},
  queue |-> <<>>,
  cnt |-> [j1 |-> 0],
  chk |-> {c1, c2},
  failed |-> <<>>,
  blocked |-> <<>>,
  fb |-> <<>>,
  disp |-> {},
  dep |-> {},
  jid |-> FALSE,
  snap |-> None,
  sreq |-> {} ]
/\ exc = [j1 |-> None]
/\ runningJobs = {}
/\ failRunRec = [j1 |-> FALSE]
/\ startFailCause = [j1 |-> "none"]
/\ adm = [j1 |-> [pc |-> "Idle", snap |-> None]]
/\ slots = {}
/\ termHb = (c1 :> [j1 |-> 0] @@ c2 :> [j1 |-> 0])
/\ grp = (c1 :> [j1 |-> FALSE] @@ c2 :> [j1 |-> FALSE])
/\ wfcStale = [j1 |-> None]
/\ pCount = [j1 |-> 0]
/\ status = [j1 |-> "SUBMITTED"]
/\ ovw = {}
/\ firstTerm = [j1 |-> None]
/\ ackAbort = [j1 |-> FALSE]
/\ sjRC = [j1 |-> 0]
/\ runAborted = [j1 |-> FALSE]

State 8: <MCRunnerCheckCollect line 107, col 28 to line 107, col 70 of module MC>
/\ cpAlive = (c1 :> TRUE @@ c2 :> TRUE)
/\ failAccepted = [j1 |-> FALSE]
/\ free = (c1 :> <<>> @@ c2 :> <<>>)
/\ using = (c1 :> [j1 |-> {}] @@ c2 :> [j1 |-> {}])
/\ cjAbortMsg = (c1 :> [j1 |-> 0] @@ c2 :> [j1 |-> 0])
/\ resv = ( c1 :> {[job |-> "j1", tok |-> 1, units |-> {}, ttl |-> 1]} @@
  c2 :> {[job |-> "j1", tok |-> 1, units |-> {}, ttl |-> 1]} )
/\ fc = [ hb |-> 0,
  lose |-> 0,
  chkTO |-> 0,
  stTO |-> 0,
  depFail |-> 0,
  sjLaunchFail |-> 0,
  backoff |-> 0,
  sjError |-> 0,
  sjCrash |-> 0,
  cjError |-> 0,
  cjUnsafe |-> 0,
  cjDesc |-> 0,
  cpLaunchFail |-> 0,
  crash |-> 0,
  abort |-> 0,
  delete |-> 0,
  disable |-> 0,
  appMissing |-> 0 ]
/\ abortDropped = (c1 :> [j1 |-> FALSE] @@ c2 :> [j1 |-> FALSE])
/\ ackInWindow = [j1 |-> FALSE]
/\ nextAtt = 2
/\ endedEv = [j1 |-> FALSE]
/\ micro = [ wfcRead |-> [j1 |-> FALSE],
  wfcHad |-> [j1 |-> FALSE],
  reaped |-> (c1 :> [j1 |-> FALSE] @@ c2 :> [j1 |-> FALSE]),
  removals |-> [j1 |-> 0],
  sjBooted |-> [j1 |-> FALSE],
  delAdm |-> [j1 |-> [pc |-> "Idle", snap |-> None]],
  reports |->
      ( c1 :> [j1 |-> [pc |-> "Idle", accepted |-> FALSE]] @@
        c2 :> [j1 |-> [pc |-> "Idle", accepted |-> FALSE]] ) ]
/\ cjReg = (c1 :> [j1 |-> None] @@ c2 :> [j1 |-> None])
/\ alloc = (c1 :> [j1 |-> {}] @@ c2 :> [j1 |-> {}])
/\ ackStop = [j1 |-> FALSE]
/\ cpc = [ job |-> None,
  pc |-> "Idle",
  failed |-> FALSE,
  aborted |-> FALSE,
  hadExc |-> FALSE ]
/\ termP = (c1 :> [j1 |-> 0] @@ c2 :> [j1 |-> 0])
/\ waiter = (c1 :> [j1 |-> FALSE] @@ c2 :> [j1 |-> FALSE])
/\ postAckLaunch = [j1 |-> FALSE]
/\ sessions = {c1, c2}
/\ rp = [j1 |-> None]
/\ cst = (c1 :> [j1 |-> None] @@ c2 :> [j1 |-> None])
/\ sj = [j1 |-> "None"]
/\ sweeper = [cl |-> None, pc |-> "Idle", snap |-> 0, blocking |-> FALSE]
/\ cjRC = (c1 :> [j1 |-> 0] @@ c2 :> [j1 |-> 0])
/\ startedEv = [j1 |-> FALSE]
/\ exeErrRec = [j1 |-> FALSE]
/\ launches = [j1 |-> 0]
/\ pending = [j1 |-> None]
/\ sjAbortHandled = [j1 |-> FALSE]
/\ cjProc = (c1 :> [j1 |-> "None"] @@ c2 :> [j1 |-> "None"])
/\ latchInStopWin = [j1 |-> FALSE]
/\ msgs = <<>>
/\ wfc = [j1 |-> FALSE]
/\ tagged = {}
/\ rmp = [j1 |-> 0]
/\ shared = [j1 |-> FALSE]
/\ disabled = {}
/\ sjErr = [j1 |-> FALSE]
/\ latched = [j1 |-> None]
/\ rpc = [ ready |-> "j1",
  job |-> None,
  att |-> 1,
  pc |-> "ChkSubmitted",
  listed |-> {},
  queue |-> <<>>,
  cnt |-> [j1 |-> 1],
  chk |-> {},
  failed |-> <<>>,
  blocked |-> <<>>,
  fb |-> <<>>,
  disp |-> {c1, c2},
  dep |-> {},
  jid |-> FALSE,
  snap |-> None,
  sreq |-> {} ]
/\ exc = [j1 |-> None]
/\ runningJobs = {}
/\ failRunRec = [j1 |-> FALSE]
/\ startFailCause = [j1 |-> "none"]
/\ adm = [j1 |-> [pc |-> "Idle", snap |-> None]]
/\ slots = {}
/\ termHb = (c1 :> [j1 |-> 0] @@ c2 :> [j1 |-> 0])
/\ grp = (c1 :> [j1 |-> FALSE] @@ c2 :> [j1 |-> FALSE])
/\ wfcStale = [j1 |-> None]
/\ pCount = [j1 |-> 0]
/\ status = [j1 |-> "SUBMITTED"]
/\ ovw = {}
/\ firstTerm = [j1 |-> None]
/\ ackAbort = [j1 |-> FALSE]
/\ sjRC = [j1 |-> 0]
/\ runAborted = [j1 |-> FALSE]

State 9: <MCRunnerCheckSubmitted line 111, col 28 to line 111, col 72 of module MC>
/\ cpAlive = (c1 :> TRUE @@ c2 :> TRUE)
/\ failAccepted = [j1 |-> FALSE]
/\ free = (c1 :> <<>> @@ c2 :> <<>>)
/\ using = (c1 :> [j1 |-> {}] @@ c2 :> [j1 |-> {}])
/\ cjAbortMsg = (c1 :> [j1 |-> 0] @@ c2 :> [j1 |-> 0])
/\ resv = ( c1 :> {[job |-> "j1", tok |-> 1, units |-> {}, ttl |-> 1]} @@
  c2 :> {[job |-> "j1", tok |-> 1, units |-> {}, ttl |-> 1]} )
/\ fc = [ hb |-> 0,
  lose |-> 0,
  chkTO |-> 0,
  stTO |-> 0,
  depFail |-> 0,
  sjLaunchFail |-> 0,
  backoff |-> 0,
  sjError |-> 0,
  sjCrash |-> 0,
  cjError |-> 0,
  cjUnsafe |-> 0,
  cjDesc |-> 0,
  cpLaunchFail |-> 0,
  crash |-> 0,
  abort |-> 0,
  delete |-> 0,
  disable |-> 0,
  appMissing |-> 0 ]
/\ abortDropped = (c1 :> [j1 |-> FALSE] @@ c2 :> [j1 |-> FALSE])
/\ ackInWindow = [j1 |-> FALSE]
/\ nextAtt = 2
/\ endedEv = [j1 |-> FALSE]
/\ micro = [ wfcRead |-> [j1 |-> FALSE],
  wfcHad |-> [j1 |-> FALSE],
  reaped |-> (c1 :> [j1 |-> FALSE] @@ c2 :> [j1 |-> FALSE]),
  removals |-> [j1 |-> 0],
  sjBooted |-> [j1 |-> FALSE],
  delAdm |-> [j1 |-> [pc |-> "Idle", snap |-> None]],
  reports |->
      ( c1 :> [j1 |-> [pc |-> "Idle", accepted |-> FALSE]] @@
        c2 :> [j1 |-> [pc |-> "Idle", accepted |-> FALSE]] ) ]
/\ cjReg = (c1 :> [j1 |-> None] @@ c2 :> [j1 |-> None])
/\ alloc = (c1 :> [j1 |-> {}] @@ c2 :> [j1 |-> {}])
/\ ackStop = [j1 |-> FALSE]
/\ cpc = [ job |-> None,
  pc |-> "Idle",
  failed |-> FALSE,
  aborted |-> FALSE,
  hadExc |-> FALSE ]
/\ termP = (c1 :> [j1 |-> 0] @@ c2 :> [j1 |-> 0])
/\ waiter = (c1 :> [j1 |-> FALSE] @@ c2 :> [j1 |-> FALSE])
/\ postAckLaunch = [j1 |-> FALSE]
/\ sessions = {c1, c2}
/\ rp = [j1 |-> None]
/\ cst = (c1 :> [j1 |-> None] @@ c2 :> [j1 |-> None])
/\ sj = [j1 |-> "None"]
/\ sweeper = [cl |-> None, pc |-> "Idle", snap |-> 0, blocking |-> FALSE]
/\ cjRC = (c1 :> [j1 |-> 0] @@ c2 :> [j1 |-> 0])
/\ startedEv = [j1 |-> FALSE]
/\ exeErrRec = [j1 |-> FALSE]
/\ launches = [j1 |-> 0]
/\ pending = [j1 |-> None]
/\ sjAbortHandled = [j1 |-> FALSE]
/\ cjProc = (c1 :> [j1 |-> "None"] @@ c2 :> [j1 |-> "None"])
/\ latchInStopWin = [j1 |-> FALSE]
/\ msgs = <<>>
/\ wfc = [j1 |-> FALSE]
/\ tagged = {}
/\ rmp = [j1 |-> 0]
/\ shared = [j1 |-> FALSE]
/\ disabled = {}
/\ sjErr = [j1 |-> FALSE]
/\ latched = [j1 |-> None]
/\ rpc = [ ready |-> "j1",
  job |-> None,
  att |-> 1,
  pc |-> "Deploy",
  listed |-> {},
  queue |-> <<>>,
  cnt |-> [j1 |-> 1],
  chk |-> {},
  failed |-> <<>>,
  blocked |-> <<>>,
  fb |-> <<>>,
  disp |-> {c1, c2},
  dep |-> {},
  jid |-> FALSE,
  snap |-> None,
  sreq |-> {} ]
/\ exc = [j1 |-> None]
/\ runningJobs = {}
/\ failRunRec = [j1 |-> FALSE]
/\ startFailCause = [j1 |-> "none"]
/\ adm = [j1 |-> [pc |-> "Idle", snap |-> None]]
/\ slots = {}
/\ termHb = (c1 :> [j1 |-> 0] @@ c2 :> [j1 |-> 0])
/\ grp = (c1 :> [j1 |-> FALSE] @@ c2 :> [j1 |-> FALSE])
/\ wfcStale = [j1 |-> None]
/\ pCount = [j1 |-> 0]
/\ status = [j1 |-> "SUBMITTED"]
/\ ovw = {}
/\ firstTerm = [j1 |-> None]
/\ ackAbort = [j1 |-> FALSE]
/\ sjRC = [j1 |-> 0]
/\ runAborted = [j1 |-> FALSE]

State 10: <MCRunnerDeployJob({}) line 69, col 5 to line 71, col 83 of module MC>
/\ cpAlive = (c1 :> TRUE @@ c2 :> TRUE)
/\ failAccepted = [j1 |-> FALSE]
/\ free = (c1 :> <<>> @@ c2 :> <<>>)
/\ using = (c1 :> [j1 |-> {}] @@ c2 :> [j1 |-> {}])
/\ cjAbortMsg = (c1 :> [j1 |-> 0] @@ c2 :> [j1 |-> 0])
/\ resv = ( c1 :> {[job |-> "j1", tok |-> 1, units |-> {}, ttl |-> 1]} @@
  c2 :> {[job |-> "j1", tok |-> 1, units |-> {}, ttl |-> 1]} )
/\ fc = [ hb |-> 0,
  lose |-> 0,
  chkTO |-> 0,
  stTO |-> 0,
  depFail |-> 0,
  sjLaunchFail |-> 0,
  backoff |-> 0,
  sjError |-> 0,
  sjCrash |-> 0,
  cjError |-> 0,
  cjUnsafe |-> 0,
  cjDesc |-> 0,
  cpLaunchFail |-> 0,
  crash |-> 0,
  abort |-> 0,
  delete |-> 0,
  disable |-> 0,
  appMissing |-> 0 ]
/\ abortDropped = (c1 :> [j1 |-> FALSE] @@ c2 :> [j1 |-> FALSE])
/\ ackInWindow = [j1 |-> FALSE]
/\ nextAtt = 2
/\ endedEv = [j1 |-> FALSE]
/\ micro = [ wfcRead |-> [j1 |-> FALSE],
  wfcHad |-> [j1 |-> FALSE],
  reaped |-> (c1 :> [j1 |-> FALSE] @@ c2 :> [j1 |-> FALSE]),
  removals |-> [j1 |-> 0],
  sjBooted |-> [j1 |-> FALSE],
  delAdm |-> [j1 |-> [pc |-> "Idle", snap |-> None]],
  reports |->
      ( c1 :> [j1 |-> [pc |-> "Idle", accepted |-> FALSE]] @@
        c2 :> [j1 |-> [pc |-> "Idle", accepted |-> FALSE]] ) ]
/\ cjReg = (c1 :> [j1 |-> None] @@ c2 :> [j1 |-> None])
/\ alloc = (c1 :> [j1 |-> {}] @@ c2 :> [j1 |-> {}])
/\ ackStop = [j1 |-> FALSE]
/\ cpc = [ job |-> None,
  pc |-> "Idle",
  failed |-> FALSE,
  aborted |-> FALSE,
  hadExc |-> FALSE ]
/\ termP = (c1 :> [j1 |-> 0] @@ c2 :> [j1 |-> 0])
/\ waiter = (c1 :> [j1 |-> FALSE] @@ c2 :> [j1 |-> FALSE])
/\ postAckLaunch = [j1 |-> FALSE]
/\ sessions = {c1, c2}
/\ rp = [j1 |-> None]
/\ cst = (c1 :> [j1 |-> None] @@ c2 :> [j1 |-> None])
/\ sj = [j1 |-> "None"]
/\ sweeper = [cl |-> None, pc |-> "Idle", snap |-> 0, blocking |-> FALSE]
/\ cjRC = (c1 :> [j1 |-> 0] @@ c2 :> [j1 |-> 0])
/\ startedEv = [j1 |-> FALSE]
/\ exeErrRec = [j1 |-> FALSE]
/\ launches = [j1 |-> 0]
/\ pending = [j1 |-> None]
/\ sjAbortHandled = [j1 |-> FALSE]
/\ cjProc = (c1 :> [j1 |-> "None"] @@ c2 :> [j1 |-> "None"])
/\ latchInStopWin = [j1 |-> FALSE]
/\ msgs = <<>>
/\ wfc = [j1 |-> FALSE]
/\ tagged = {}
/\ rmp = [j1 |-> 0]
/\ shared = [j1 |-> FALSE]
/\ disabled = {}
/\ sjErr = [j1 |-> FALSE]
/\ latched = [j1 |-> None]
/\ rpc = [ ready |-> "j1",
  job |-> None,
  att |-> 1,
  pc |-> "SetDispatched",
  listed |-> {},
  queue |-> <<>>,
  cnt |-> [j1 |-> 1],
  chk |-> {},
  failed |-> <<>>,
  blocked |-> <<>>,
  fb |-> <<>>,
  disp |-> {c1, c2},
  dep |-> {c1, c2},
  jid |-> TRUE,
  snap |-> None,
  sreq |-> {} ]
/\ exc = [j1 |-> None]
/\ runningJobs = {}
/\ failRunRec = [j1 |-> FALSE]
/\ startFailCause = [j1 |-> "none"]
/\ adm = [j1 |-> [pc |-> "Idle", snap |-> None]]
/\ slots = {}
/\ termHb = (c1 :> [j1 |-> 0] @@ c2 :> [j1 |-> 0])
/\ grp = (c1 :> [j1 |-> FALSE] @@ c2 :> [j1 |-> FALSE])
/\ wfcStale = [j1 |-> None]
/\ pCount = [j1 |-> 0]
/\ status = [j1 |-> "SUBMITTED"]
/\ ovw = {}
/\ firstTerm = [j1 |-> None]
/\ ackAbort = [j1 |-> FALSE]
/\ sjRC = [j1 |-> 0]
/\ runAborted = [j1 |-> FALSE]

State 11: <MCRunnerSetDispatched line 112, col 28 to line 112, col 71 of module MC>
/\ cpAlive = (c1 :> TRUE @@ c2 :> TRUE)
/\ failAccepted = [j1 |-> FALSE]
/\ free = (c1 :> <<>> @@ c2 :> <<>>)
/\ using = (c1 :> [j1 |-> {}] @@ c2 :> [j1 |-> {}])
/\ cjAbortMsg = (c1 :> [j1 |-> 0] @@ c2 :> [j1 |-> 0])
/\ resv = ( c1 :> {[job |-> "j1", tok |-> 1, units |-> {}, ttl |-> 1]} @@
  c2 :> {[job |-> "j1", tok |-> 1, units |-> {}, ttl |-> 1]} )
/\ fc = [ hb |-> 0,
  lose |-> 0,
  chkTO |-> 0,
  stTO |-> 0,
  depFail |-> 0,
  sjLaunchFail |-> 0,
  backoff |-> 0,
  sjError |-> 0,
  sjCrash |-> 0,
  cjError |-> 0,
  cjUnsafe |-> 0,
  cjDesc |-> 0,
  cpLaunchFail |-> 0,
  crash |-> 0,
  abort |-> 0,
  delete |-> 0,
  disable |-> 0,
  appMissing |-> 0 ]
/\ abortDropped = (c1 :> [j1 |-> FALSE] @@ c2 :> [j1 |-> FALSE])
/\ ackInWindow = [j1 |-> FALSE]
/\ nextAtt = 2
/\ endedEv = [j1 |-> FALSE]
/\ micro = [ wfcRead |-> [j1 |-> FALSE],
  wfcHad |-> [j1 |-> FALSE],
  reaped |-> (c1 :> [j1 |-> FALSE] @@ c2 :> [j1 |-> FALSE]),
  removals |-> [j1 |-> 0],
  sjBooted |-> [j1 |-> FALSE],
  delAdm |-> [j1 |-> [pc |-> "Idle", snap |-> None]],
  reports |->
      ( c1 :> [j1 |-> [pc |-> "Idle", accepted |-> FALSE]] @@
        c2 :> [j1 |-> [pc |-> "Idle", accepted |-> FALSE]] ) ]
/\ cjReg = (c1 :> [j1 |-> None] @@ c2 :> [j1 |-> None])
/\ alloc = (c1 :> [j1 |-> {}] @@ c2 :> [j1 |-> {}])
/\ ackStop = [j1 |-> FALSE]
/\ cpc = [ job |-> None,
  pc |-> "Idle",
  failed |-> FALSE,
  aborted |-> FALSE,
  hadExc |-> FALSE ]
/\ termP = (c1 :> [j1 |-> 0] @@ c2 :> [j1 |-> 0])
/\ waiter = (c1 :> [j1 |-> FALSE] @@ c2 :> [j1 |-> FALSE])
/\ postAckLaunch = [j1 |-> FALSE]
/\ sessions = {c1, c2}
/\ rp = [j1 |-> None]
/\ cst = (c1 :> [j1 |-> None] @@ c2 :> [j1 |-> None])
/\ sj = [j1 |-> "None"]
/\ sweeper = [cl |-> None, pc |-> "Idle", snap |-> 0, blocking |-> FALSE]
/\ cjRC = (c1 :> [j1 |-> 0] @@ c2 :> [j1 |-> 0])
/\ startedEv = [j1 |-> FALSE]
/\ exeErrRec = [j1 |-> FALSE]
/\ launches = [j1 |-> 0]
/\ pending = [j1 |-> None]
/\ sjAbortHandled = [j1 |-> FALSE]
/\ cjProc = (c1 :> [j1 |-> "None"] @@ c2 :> [j1 |-> "None"])
/\ latchInStopWin = [j1 |-> FALSE]
/\ msgs = <<>>
/\ wfc = [j1 |-> FALSE]
/\ tagged = {}
/\ rmp = [j1 |-> 0]
/\ shared = [j1 |-> FALSE]
/\ disabled = {}
/\ sjErr = [j1 |-> FALSE]
/\ latched = [j1 |-> None]
/\ rpc = [ ready |-> "j1",
  job |-> None,
  att |-> 1,
  pc |-> "MetaRead",
  listed |-> {},
  queue |-> <<>>,
  cnt |-> [j1 |-> 1],
  chk |-> {},
  failed |-> <<>>,
  blocked |-> <<>>,
  fb |-> <<>>,
  disp |-> {c1, c2},
  dep |-> {c1, c2},
  jid |-> TRUE,
  snap |-> None,
  sreq |-> {} ]
/\ exc = [j1 |-> None]
/\ runningJobs = {}
/\ failRunRec = [j1 |-> FALSE]
/\ startFailCause = [j1 |-> "none"]
/\ adm = [j1 |-> [pc |-> "Idle", snap |-> None]]
/\ slots = {}
/\ termHb = (c1 :> [j1 |-> 0] @@ c2 :> [j1 |-> 0])
/\ grp = (c1 :> [j1 |-> FALSE] @@ c2 :> [j1 |-> FALSE])
/\ wfcStale = [j1 |-> None]
/\ pCount = [j1 |-> 0]
/\ status = [j1 |-> "DISPATCHED"]
/\ ovw = {}
/\ firstTerm = [j1 |-> None]
/\ ackAbort = [j1 |-> FALSE]
/\ sjRC = [j1 |-> 0]
/\ runAborted = [j1 |-> FALSE]

State 12: <MCRunnerMetaRead line 113, col 28 to line 113, col 66 of module MC>
/\ cpAlive = (c1 :> TRUE @@ c2 :> TRUE)
/\ failAccepted = [j1 |-> FALSE]
/\ free = (c1 :> <<>> @@ c2 :> <<>>)
/\ using = (c1 :> [j1 |-> {}] @@ c2 :> [j1 |-> {}])
/\ cjAbortMsg = (c1 :> [j1 |-> 0] @@ c2 :> [j1 |-> 0])
/\ resv = ( c1 :> {[job |-> "j1", tok |-> 1, units |-> {}, ttl |-> 1]} @@
  c2 :> {[job |-> "j1", tok |-> 1, units |-> {}, ttl |-> 1]} )
/\ fc = [ hb |-> 0,
  lose |-> 0,
  chkTO |-> 0,
  stTO |-> 0,
  depFail |-> 0,
  sjLaunchFail |-> 0,
  backoff |-> 0,
  sjError |-> 0,
  sjCrash |-> 0,
  cjError |-> 0,
  cjUnsafe |-> 0,
  cjDesc |-> 0,
  cpLaunchFail |-> 0,
  crash |-> 0,
  abort |-> 0,
  delete |-> 0,
  disable |-> 0,
  appMissing |-> 0 ]
/\ abortDropped = (c1 :> [j1 |-> FALSE] @@ c2 :> [j1 |-> FALSE])
/\ ackInWindow = [j1 |-> FALSE]
/\ nextAtt = 2
/\ endedEv = [j1 |-> FALSE]
/\ micro = [ wfcRead |-> [j1 |-> FALSE],
  wfcHad |-> [j1 |-> FALSE],
  reaped |-> (c1 :> [j1 |-> FALSE] @@ c2 :> [j1 |-> FALSE]),
  removals |-> [j1 |-> 0],
  sjBooted |-> [j1 |-> FALSE],
  delAdm |-> [j1 |-> [pc |-> "Idle", snap |-> None]],
  reports |->
      ( c1 :> [j1 |-> [pc |-> "Idle", accepted |-> FALSE]] @@
        c2 :> [j1 |-> [pc |-> "Idle", accepted |-> FALSE]] ) ]
/\ cjReg = (c1 :> [j1 |-> None] @@ c2 :> [j1 |-> None])
/\ alloc = (c1 :> [j1 |-> {}] @@ c2 :> [j1 |-> {}])
/\ ackStop = [j1 |-> FALSE]
/\ cpc = [ job |-> None,
  pc |-> "Idle",
  failed |-> FALSE,
  aborted |-> FALSE,
  hadExc |-> FALSE ]
/\ termP = (c1 :> [j1 |-> 0] @@ c2 :> [j1 |-> 0])
/\ waiter = (c1 :> [j1 |-> FALSE] @@ c2 :> [j1 |-> FALSE])
/\ postAckLaunch = [j1 |-> FALSE]
/\ sessions = {c1, c2}
/\ rp = [j1 |-> None]
/\ cst = (c1 :> [j1 |-> None] @@ c2 :> [j1 |-> None])
/\ sj = [j1 |-> "None"]
/\ sweeper = [cl |-> None, pc |-> "Idle", snap |-> 0, blocking |-> FALSE]
/\ cjRC = (c1 :> [j1 |-> 0] @@ c2 :> [j1 |-> 0])
/\ startedEv = [j1 |-> FALSE]
/\ exeErrRec = [j1 |-> FALSE]
/\ launches = [j1 |-> 0]
/\ pending = [j1 |-> None]
/\ sjAbortHandled = [j1 |-> FALSE]
/\ cjProc = (c1 :> [j1 |-> "None"] @@ c2 :> [j1 |-> "None"])
/\ latchInStopWin = [j1 |-> FALSE]
/\ msgs = <<>>
/\ wfc = [j1 |-> FALSE]
/\ tagged = {}
/\ rmp = [j1 |-> 0]
/\ shared = [j1 |-> FALSE]
/\ disabled = {}
/\ sjErr = [j1 |-> FALSE]
/\ latched = [j1 |-> None]
/\ rpc = [ ready |-> "j1",
  job |-> None,
  att |-> 1,
  pc |-> "MetaWrite",
  listed |-> {},
  queue |-> <<>>,
  cnt |-> [j1 |-> 1],
  chk |-> {},
  failed |-> <<>>,
  blocked |-> <<>>,
  fb |-> <<>>,
  disp |-> {c1, c2},
  dep |-> {c1, c2},
  jid |-> TRUE,
  snap |-> "DISPATCHED",
  sreq |-> {} ]
/\ exc = [j1 |-> None]
/\ runningJobs = {}
/\ failRunRec = [j1 |-> FALSE]
/\ startFailCause = [j1 |-> "none"]
/\ adm = [j1 |-> [pc |-> "Idle", snap |-> None]]
/\ slots = {}
/\ termHb = (c1 :> [j1 |-> 0] @@ c2 :> [j1 |-> 0])
/\ grp = (c1 :> [j1 |-> FALSE] @@ c2 :> [j1 |-> FALSE])
/\ wfcStale = [j1 |-> None]
/\ pCount = [j1 |-> 0]
/\ status = [j1 |-> "DISPATCHED"]
/\ ovw = {}
/\ firstTerm = [j1 |-> None]
/\ ackAbort = [j1 |-> FALSE]
/\ sjRC = [j1 |-> 0]
/\ runAborted = [j1 |-> FALSE]

State 13: <MCRunnerMetaWrite line 114, col 28 to line 114, col 67 of module MC>
/\ cpAlive = (c1 :> TRUE @@ c2 :> TRUE)
/\ failAccepted = [j1 |-> FALSE]
/\ free = (c1 :> <<>> @@ c2 :> <<>>)
/\ using = (c1 :> [j1 |-> {}] @@ c2 :> [j1 |-> {}])
/\ cjAbortMsg = (c1 :> [j1 |-> 0] @@ c2 :> [j1 |-> 0])
/\ resv = ( c1 :> {[job |-> "j1", tok |-> 1, units |-> {}, ttl |-> 1]} @@
  c2 :> {[job |-> "j1", tok |-> 1, units |-> {}, ttl |-> 1]} )
/\ fc = [ hb |-> 0,
  lose |-> 0,
  chkTO |-> 0,
  stTO |-> 0,
  depFail |-> 0,
  sjLaunchFail |-> 0,
  backoff |-> 0,
  sjError |-> 0,
  sjCrash |-> 0,
  cjError |-> 0,
  cjUnsafe |-> 0,
  cjDesc |-> 0,
  cpLaunchFail |-> 0,
  crash |-> 0,
  abort |-> 0,
  delete |-> 0,
  disable |-> 0,
  appMissing |-> 0 ]
/\ abortDropped = (c1 :> [j1 |-> FALSE] @@ c2 :> [j1 |-> FALSE])
/\ ackInWindow = [j1 |-> FALSE]
/\ nextAtt = 2
/\ endedEv = [j1 |-> FALSE]
/\ micro = [ wfcRead |-> [j1 |-> FALSE],
  wfcHad |-> [j1 |-> FALSE],
  reaped |-> (c1 :> [j1 |-> FALSE] @@ c2 :> [j1 |-> FALSE]),
  removals |-> [j1 |-> 0],
  sjBooted |-> [j1 |-> FALSE],
  delAdm |-> [j1 |-> [pc |-> "Idle", snap |-> None]],
  reports |->
      ( c1 :> [j1 |-> [pc |-> "Idle", accepted |-> FALSE]] @@
        c2 :> [j1 |-> [pc |-> "Idle", accepted |-> FALSE]] ) ]
/\ cjReg = (c1 :> [j1 |-> None] @@ c2 :> [j1 |-> None])
/\ alloc = (c1 :> [j1 |-> {}] @@ c2 :> [j1 |-> {}])
/\ ackStop = [j1 |-> FALSE]
/\ cpc = [ job |-> None,
  pc |-> "Idle",
  failed |-> FALSE,
  aborted |-> FALSE,
  hadExc |-> FALSE ]
/\ termP = (c1 :> [j1 |-> 0] @@ c2 :> [j1 |-> 0])
/\ waiter = (c1 :> [j1 |-> FALSE] @@ c2 :> [j1 |-> FALSE])
/\ postAckLaunch = [j1 |-> FALSE]
/\ sessions = {c1, c2}
/\ rp = [j1 |-> None]
/\ cst = (c1 :> [j1 |-> None] @@ c2 :> [j1 |-> None])
/\ sj = [j1 |-> "None"]
/\ sweeper = [cl |-> None, pc |-> "Idle", snap |-> 0, blocking |-> FALSE]
/\ cjRC = (c1 :> [j1 |-> 0] @@ c2 :> [j1 |-> 0])
/\ startedEv = [j1 |-> FALSE]
/\ exeErrRec = [j1 |-> FALSE]
/\ launches = [j1 |-> 0]
/\ pending = [j1 |-> None]
/\ sjAbortHandled = [j1 |-> FALSE]
/\ cjProc = (c1 :> [j1 |-> "None"] @@ c2 :> [j1 |-> "None"])
/\ latchInStopWin = [j1 |-> FALSE]
/\ msgs = <<>>
/\ wfc = [j1 |-> FALSE]
/\ tagged = {}
/\ rmp = [j1 |-> 0]
/\ shared = [j1 |-> FALSE]
/\ disabled = {}
/\ sjErr = [j1 |-> FALSE]
/\ latched = [j1 |-> None]
/\ rpc = [ ready |-> "j1",
  job |-> None,
  att |-> 1,
  pc |-> "ChkDispatched",
  listed |-> {},
  queue |-> <<>>,
  cnt |-> [j1 |-> 1],
  chk |-> {},
  failed |-> <<>>,
  blocked |-> <<>>,
  fb |-> <<>>,
  disp |-> {c1, c2},
  dep |-> {c1, c2},
  jid |-> TRUE,
  snap |-> None,
  sreq |-> {} ]
/\ exc = [j1 |-> None]
/\ runningJobs = {}
/\ failRunRec = [j1 |-> FALSE]
/\ startFailCause = [j1 |-> "none"]
/\ adm = [j1 |-> [pc |-> "Idle", snap |-> None]]
/\ slots = {}
/\ termHb = (c1 :> [j1 |-> 0] @@ c2 :> [j1 |-> 0])
/\ grp = (c1 :> [j1 |-> FALSE] @@ c2 :> [j1 |-> FALSE])
/\ wfcStale = [j1 |-> None]
/\ pCount = [j1 |-> 1]
/\ status = [j1 |-> "DISPATCHED"]
/\ ovw = {}
/\ firstTerm = [j1 |-> None]
/\ ackAbort = [j1 |-> FALSE]
/\ sjRC = [j1 |-> 0]
/\ runAborted = [j1 |-> FALSE]

State 14: <MCRunnerCheckDispatched line 115, col 28 to line 115, col 73 of module MC>
/\ cpAlive = (c1 :> TRUE @@ c2 :> TRUE)
/\ failAccepted = [j1 |-> FALSE]
/\ free = (c1 :> <<>> @@ c2 :> <<>>)
/\ using = (c1 :> [j1 |-> {}] @@ c2 :> [j1 |-> {}])
/\ cjAbortMsg = (c1 :> [j1 |-> 0] @@ c2 :> [j1 |-> 0])
/\ resv = ( c1 :> {[job |-> "j1", tok |-> 1, units |-> {}, ttl |-> 1]} @@
  c2 :> {[job |-> "j1", tok |-> 1, units |-> {}, ttl |-> 1]} )
/\ fc = [ hb |-> 0,
  lose |-> 0,
  chkTO |-> 0,
  stTO |-> 0,
  depFail |-> 0,
  sjLaunchFail |-> 0,
  backoff |-> 0,
  sjError |-> 0,
  sjCrash |-> 0,
  cjError |-> 0,
  cjUnsafe |-> 0,
  cjDesc |-> 0,
  cpLaunchFail |-> 0,
  crash |-> 0,
  abort |-> 0,
  delete |-> 0,
  disable |-> 0,
  appMissing |-> 0 ]
/\ abortDropped = (c1 :> [j1 |-> FALSE] @@ c2 :> [j1 |-> FALSE])
/\ ackInWindow = [j1 |-> FALSE]
/\ nextAtt = 2
/\ endedEv = [j1 |-> FALSE]
/\ micro = [ wfcRead |-> [j1 |-> FALSE],
  wfcHad |-> [j1 |-> FALSE],
  reaped |-> (c1 :> [j1 |-> FALSE] @@ c2 :> [j1 |-> FALSE]),
  removals |-> [j1 |-> 0],
  sjBooted |-> [j1 |-> FALSE],
  delAdm |-> [j1 |-> [pc |-> "Idle", snap |-> None]],
  reports |->
      ( c1 :> [j1 |-> [pc |-> "Idle", accepted |-> FALSE]] @@
        c2 :> [j1 |-> [pc |-> "Idle", accepted |-> FALSE]] ) ]
/\ cjReg = (c1 :> [j1 |-> None] @@ c2 :> [j1 |-> None])
/\ alloc = (c1 :> [j1 |-> {}] @@ c2 :> [j1 |-> {}])
/\ ackStop = [j1 |-> FALSE]
/\ cpc = [ job |-> None,
  pc |-> "Idle",
  failed |-> FALSE,
  aborted |-> FALSE,
  hadExc |-> FALSE ]
/\ termP = (c1 :> [j1 |-> 0] @@ c2 :> [j1 |-> 0])
/\ waiter = (c1 :> [j1 |-> FALSE] @@ c2 :> [j1 |-> FALSE])
/\ postAckLaunch = [j1 |-> FALSE]
/\ sessions = {c1, c2}
/\ rp = [j1 |-> None]
/\ cst = (c1 :> [j1 |-> None] @@ c2 :> [j1 |-> None])
/\ sj = [j1 |-> "None"]
/\ sweeper = [cl |-> None, pc |-> "Idle", snap |-> 0, blocking |-> FALSE]
/\ cjRC = (c1 :> [j1 |-> 0] @@ c2 :> [j1 |-> 0])
/\ startedEv = [j1 |-> FALSE]
/\ exeErrRec = [j1 |-> FALSE]
/\ launches = [j1 |-> 0]
/\ pending = [j1 |-> None]
/\ sjAbortHandled = [j1 |-> FALSE]
/\ cjProc = (c1 :> [j1 |-> "None"] @@ c2 :> [j1 |-> "None"])
/\ latchInStopWin = [j1 |-> FALSE]
/\ msgs = <<>>
/\ wfc = [j1 |-> FALSE]
/\ tagged = {}
/\ rmp = [j1 |-> 0]
/\ shared = [j1 |-> FALSE]
/\ disabled = {}
/\ sjErr = [j1 |-> FALSE]
/\ latched = [j1 |-> None]
/\ rpc = [ ready |-> "j1",
  job |-> None,
  att |-> 1,
  pc |-> "StartSJ",
  listed |-> {},
  queue |-> <<>>,
  cnt |-> [j1 |-> 1],
  chk |-> {},
  failed |-> <<>>,
  blocked |-> <<>>,
  fb |-> <<>>,
  disp |-> {c1, c2},
  dep |-> {c1, c2},
  jid |-> TRUE,
  snap |-> None,
  sreq |-> {} ]
/\ exc = [j1 |-> None]
/\ runningJobs = {}
/\ failRunRec = [j1 |-> FALSE]
/\ startFailCause = [j1 |-> "none"]
/\ adm = [j1 |-> [pc |-> "Idle", snap |-> None]]
/\ slots = {}
/\ termHb = (c1 :> [j1 |-> 0] @@ c2 :> [j1 |-> 0])
/\ grp = (c1 :> [j1 |-> FALSE] @@ c2 :> [j1 |-> FALSE])
/\ wfcStale = [j1 |-> None]
/\ pCount = [j1 |-> 1]
/\ status = [j1 |-> "DISPATCHED"]
/\ ovw = {}
/\ firstTerm = [j1 |-> None]
/\ ackAbort = [j1 |-> FALSE]
/\ sjRC = [j1 |-> 0]
/\ runAborted = [j1 |-> FALSE]

State 15: <MCRunnerLaunchSJ line 166, col 21 to line 166, col 59 of module MC>
/\ cpAlive = (c1 :> TRUE @@ c2 :> TRUE)
/\ failAccepted = [j1 |-> FALSE]
/\ free = (c1 :> <<>> @@ c2 :> <<>>)
/\ using = (c1 :> [j1 |-> {}] @@ c2 :> [j1 |-> {}])
/\ cjAbortMsg = (c1 :> [j1 |-> 0] @@ c2 :> [j1 |-> 0])
/\ resv = ( c1 :> {[job |-> "j1", tok |-> 1, units |-> {}, ttl |-> 1]} @@
  c2 :> {[job |-> "j1", tok |-> 1, units |-> {}, ttl |-> 1]} )
/\ fc = [ hb |-> 0,
  lose |-> 0,
  chkTO |-> 0,
  stTO |-> 0,
  depFail |-> 0,
  sjLaunchFail |-> 0,
  backoff |-> 0,
  sjError |-> 0,
  sjCrash |-> 0,
  cjError |-> 0,
  cjUnsafe |-> 0,
  cjDesc |-> 0,
  cpLaunchFail |-> 0,
  crash |-> 0,
  abort |-> 0,
  delete |-> 0,
  disable |-> 0,
  appMissing |-> 0 ]
/\ abortDropped = (c1 :> [j1 |-> FALSE] @@ c2 :> [j1 |-> FALSE])
/\ ackInWindow = [j1 |-> FALSE]
/\ nextAtt = 2
/\ endedEv = [j1 |-> FALSE]
/\ micro = [ wfcRead |-> [j1 |-> FALSE],
  wfcHad |-> [j1 |-> FALSE],
  reaped |-> (c1 :> [j1 |-> FALSE] @@ c2 :> [j1 |-> FALSE]),
  removals |-> [j1 |-> 0],
  sjBooted |-> [j1 |-> FALSE],
  delAdm |-> [j1 |-> [pc |-> "Idle", snap |-> None]],
  reports |->
      ( c1 :> [j1 |-> [pc |-> "Idle", accepted |-> FALSE]] @@
        c2 :> [j1 |-> [pc |-> "Idle", accepted |-> FALSE]] ) ]
/\ cjReg = (c1 :> [j1 |-> None] @@ c2 :> [j1 |-> None])
/\ alloc = (c1 :> [j1 |-> {}] @@ c2 :> [j1 |-> {}])
/\ ackStop = [j1 |-> FALSE]
/\ cpc = [ job |-> None,
  pc |-> "Idle",
  failed |-> FALSE,
  aborted |-> FALSE,
  hadExc |-> FALSE ]
/\ termP = (c1 :> [j1 |-> 0] @@ c2 :> [j1 |-> 0])
/\ waiter = (c1 :> [j1 |-> FALSE] @@ c2 :> [j1 |-> FALSE])
/\ postAckLaunch = [j1 |-> FALSE]
/\ sessions = {c1, c2}
/\ rp = [j1 |-> None]
/\ cst = (c1 :> [j1 |-> None] @@ c2 :> [j1 |-> None])
/\ sj = [j1 |-> "Running"]
/\ sweeper = [cl |-> None, pc |-> "Idle", snap |-> 0, blocking |-> FALSE]
/\ cjRC = (c1 :> [j1 |-> 0] @@ c2 :> [j1 |-> 0])
/\ startedEv = [j1 |-> FALSE]
/\ exeErrRec = [j1 |-> FALSE]
/\ launches = [j1 |-> 1]
/\ pending = [j1 |-> None]
/\ sjAbortHandled = [j1 |-> FALSE]
/\ cjProc = (c1 :> [j1 |-> "None"] @@ c2 :> [j1 |-> "None"])
/\ latchInStopWin = [j1 |-> FALSE]
/\ msgs = <<>>
/\ wfc = [j1 |-> FALSE]
/\ tagged = {}
/\ rmp = [j1 |-> 0]
/\ shared = [j1 |-> FALSE]
/\ disabled = {}
/\ sjErr = [j1 |-> FALSE]
/\ latched = [j1 |-> None]
/\ rpc = [ ready |-> "j1",
  job |-> None,
  att |-> 1,
  pc |-> "RegisterSJ",
  listed |-> {},
  queue |-> <<>>,
  cnt |-> [j1 |-> 1],
  chk |-> {},
  failed |-> <<>>,
  blocked |-> <<>>,
  fb |-> <<>>,
  disp |-> {c1, c2},
  dep |-> {c1, c2},
  jid |-> TRUE,
  snap |-> None,
  sreq |-> {c1, c2} ]
/\ exc = [j1 |-> None]
/\ runningJobs = {}
/\ failRunRec = [j1 |-> FALSE]
/\ startFailCause = [j1 |-> "none"]
/\ adm = [j1 |-> [pc |-> "Idle", snap |-> None]]
/\ slots = {}
/\ termHb = (c1 :> [j1 |-> 0] @@ c2 :> [j1 |-> 0])
/\ grp = (c1 :> [j1 |-> FALSE] @@ c2 :> [j1 |-> FALSE])
/\ wfcStale = [j1 |-> None]
/\ pCount = [j1 |-> 1]
/\ status = [j1 |-> "DISPATCHED"]
/\ ovw = {}
/\ firstTerm = [j1 |-> None]
/\ ackAbort = [j1 |-> FALSE]
/\ sjRC = [j1 |-> 0]
/\ runAborted = [j1 |-> FALSE]

State 16: <MCRunnerRegisterSJ line 167, col 23 to line 167, col 63 of module MC>
/\ cpAlive = (c1 :> TRUE @@ c2 :> TRUE)
/\ failAccepted = [j1 |-> FALSE]
/\ free = (c1 :> <<>> @@ c2 :> <<>>)
/\ using = (c1 :> [j1 |-> {}] @@ c2 :> [j1 |-> {}])
/\ cjAbortMsg = (c1 :> [j1 |-> 0] @@ c2 :> [j1 |-> 0])
/\ resv = ( c1 :> {[job |-> "j1", tok |-> 1, units |-> {}, ttl |-> 1]} @@
  c2 :> {[job |-> "j1", tok |-> 1, units |-> {}, ttl |-> 1]} )
/\ fc = [ hb |-> 0,
  lose |-> 0,
  chkTO |-> 0,
  stTO |-> 0,
  depFail |-> 0,
  sjLaunchFail |-> 0,
  backoff |-> 0,
  sjError |-> 0,
  sjCrash |-> 0,
  cjError |-> 0,
  cjUnsafe |-> 0,
  cjDesc |-> 0,
  cpLaunchFail |-> 0,
  crash |-> 0,
  abort |-> 0,
  delete |-> 0,
  disable |-> 0,
  appMissing |-> 0 ]
/\ abortDropped = (c1 :> [j1 |-> FALSE] @@ c2 :> [j1 |-> FALSE])
/\ ackInWindow = [j1 |-> FALSE]
/\ nextAtt = 2
/\ endedEv = [j1 |-> FALSE]
/\ micro = [ wfcRead |-> [j1 |-> FALSE],
  wfcHad |-> [j1 |-> FALSE],
  reaped |-> (c1 :> [j1 |-> FALSE] @@ c2 :> [j1 |-> FALSE]),
  removals |-> [j1 |-> 0],
  sjBooted |-> [j1 |-> FALSE],
  delAdm |-> [j1 |-> [pc |-> "Idle", snap |-> None]],
  reports |->
      ( c1 :> [j1 |-> [pc |-> "Idle", accepted |-> FALSE]] @@
        c2 :> [j1 |-> [pc |-> "Idle", accepted |-> FALSE]] ) ]
/\ cjReg = (c1 :> [j1 |-> None] @@ c2 :> [j1 |-> None])
/\ alloc = (c1 :> [j1 |-> {}] @@ c2 :> [j1 |-> {}])
/\ ackStop = [j1 |-> FALSE]
/\ cpc = [ job |-> None,
  pc |-> "Idle",
  failed |-> FALSE,
  aborted |-> FALSE,
  hadExc |-> FALSE ]
/\ termP = (c1 :> [j1 |-> 0] @@ c2 :> [j1 |-> 0])
/\ waiter = (c1 :> [j1 |-> FALSE] @@ c2 :> [j1 |-> FALSE])
/\ postAckLaunch = [j1 |-> FALSE]
/\ sessions = {c1, c2}
/\ rp = [j1 |-> [rc |-> 0, exeErr |-> FALSE, parts |-> {c1, c2}, finished |-> FALSE]]
/\ cst = (c1 :> [j1 |-> None] @@ c2 :> [j1 |-> None])
/\ sj = [j1 |-> "Running"]
/\ sweeper = [cl |-> None, pc |-> "Idle", snap |-> 0, blocking |-> FALSE]
/\ cjRC = (c1 :> [j1 |-> 0] @@ c2 :> [j1 |-> 0])
/\ startedEv = [j1 |-> FALSE]
/\ exeErrRec = [j1 |-> FALSE]
/\ launches = [j1 |-> 1]
/\ pending = [j1 |-> None]
/\ sjAbortHandled = [j1 |-> FALSE]
/\ cjProc = (c1 :> [j1 |-> "None"] @@ c2 :> [j1 |-> "None"])
/\ latchInStopWin = [j1 |-> FALSE]
/\ msgs = <<>>
/\ wfc = [j1 |-> TRUE]
/\ tagged = {}
/\ rmp = [j1 |-> 0]
/\ shared = [j1 |-> FALSE]
/\ disabled = {}
/\ sjErr = [j1 |-> FALSE]
/\ latched = [j1 |-> None]
/\ rpc = [ ready |-> "j1",
  job |-> None,
  att |-> 1,
  pc |-> "InitOutcomes",
  listed |-> {},
  queue |-> <<>>,
  cnt |-> [j1 |-> 1],
  chk |-> {},
  failed |-> <<>>,
  blocked |-> <<>>,
  fb |-> <<>>,
  disp |-> {c1, c2},
  dep |-> {c1, c2},
  jid |-> TRUE,
  snap |-> None,
  sreq |-> {c1, c2} ]
/\ exc = [j1 |-> None]
/\ runningJobs = {}
/\ failRunRec = [j1 |-> FALSE]
/\ startFailCause = [j1 |-> "none"]
/\ adm = [j1 |-> [pc |-> "Idle", snap |-> None]]
/\ slots = {}
/\ termHb = (c1 :> [j1 |-> 0] @@ c2 :> [j1 |-> 0])
/\ grp = (c1 :> [j1 |-> FALSE] @@ c2 :> [j1 |-> FALSE])
/\ wfcStale = [j1 |-> None]
/\ pCount = [j1 |-> 1]
/\ status = [j1 |-> "DISPATCHED"]
/\ ovw = {}
/\ firstTerm = [j1 |-> None]
/\ ackAbort = [j1 |-> FALSE]
/\ sjRC = [j1 |-> 0]
/\ runAborted = [j1 |-> FALSE]

State 17: <MCRunnerInitOutcomes line 168, col 25 to line 168, col 67 of module MC>
/\ cpAlive = (c1 :> TRUE @@ c2 :> TRUE)
/\ failAccepted = [j1 |-> FALSE]
/\ free = (c1 :> <<>> @@ c2 :> <<>>)
/\ using = (c1 :> [j1 |-> {}] @@ c2 :> [j1 |-> {}])
/\ cjAbortMsg = (c1 :> [j1 |-> 0] @@ c2 :> [j1 |-> 0])
/\ resv = ( c1 :> {[job |-> "j1", tok |-> 1, units |-> {}, ttl |-> 1]} @@
  c2 :> {[job |-> "j1", tok |-> 1, units |-> {}, ttl |-> 1]} )
/\ fc = [ hb |-> 0,
  lose |-> 0,
  chkTO |-> 0,
  stTO |-> 0,
  depFail |-> 0,
  sjLaunchFail |-> 0,
  backoff |-> 0,
  sjError |-> 0,
  sjCrash |-> 0,
  cjError |-> 0,
  cjUnsafe |-> 0,
  cjDesc |-> 0,
  cpLaunchFail |-> 0,
  crash |-> 0,
  abort |-> 0,
  delete |-> 0,
  disable |-> 0,
  appMissing |-> 0 ]
/\ abortDropped = (c1 :> [j1 |-> FALSE] @@ c2 :> [j1 |-> FALSE])
/\ ackInWindow = [j1 |-> FALSE]
/\ nextAtt = 2
/\ endedEv = [j1 |-> FALSE]
/\ micro = [ wfcRead |-> [j1 |-> FALSE],
  wfcHad |-> [j1 |-> FALSE],
  reaped |-> (c1 :> [j1 |-> FALSE] @@ c2 :> [j1 |-> FALSE]),
  removals |-> [j1 |-> 0],
  sjBooted |-> [j1 |-> FALSE],
  delAdm |-> [j1 |-> [pc |-> "Idle", snap |-> None]],
  reports |->
      ( c1 :> [j1 |-> [pc |-> "Idle", accepted |-> FALSE]] @@
        c2 :> [j1 |-> [pc |-> "Idle", accepted |-> FALSE]] ) ]
/\ cjReg = (c1 :> [j1 |-> None] @@ c2 :> [j1 |-> None])
/\ alloc = (c1 :> [j1 |-> {}] @@ c2 :> [j1 |-> {}])
/\ ackStop = [j1 |-> FALSE]
/\ cpc = [ job |-> None,
  pc |-> "Idle",
  failed |-> FALSE,
  aborted |-> FALSE,
  hadExc |-> FALSE ]
/\ termP = (c1 :> [j1 |-> 0] @@ c2 :> [j1 |-> 0])
/\ waiter = (c1 :> [j1 |-> FALSE] @@ c2 :> [j1 |-> FALSE])
/\ postAckLaunch = [j1 |-> FALSE]
/\ sessions = {c1, c2}
/\ rp = [j1 |-> [rc |-> 0, exeErr |-> FALSE, parts |-> {c1, c2}, finished |-> FALSE]]
/\ cst = (c1 :> [j1 |-> None] @@ c2 :> [j1 |-> None])
/\ sj = [j1 |-> "Running"]
/\ sweeper = [cl |-> None, pc |-> "Idle", snap |-> 0, blocking |-> FALSE]
/\ cjRC = (c1 :> [j1 |-> 0] @@ c2 :> [j1 |-> 0])
/\ startedEv = [j1 |-> FALSE]
/\ exeErrRec = [j1 |-> FALSE]
/\ launches = [j1 |-> 1]
/\ pending = [j1 |-> {c1, c2}]
/\ sjAbortHandled = [j1 |-> FALSE]
/\ cjProc = (c1 :> [j1 |-> "None"] @@ c2 :> [j1 |-> "None"])
/\ latchInStopWin = [j1 |-> FALSE]
/\ msgs = <<>>
/\ wfc = [j1 |-> TRUE]
/\ tagged = {}
/\ rmp = [j1 |-> 0]
/\ shared = [j1 |-> FALSE]
/\ disabled = {}
/\ sjErr = [j1 |-> FALSE]
/\ latched = [j1 |-> None]
/\ rpc = [ ready |-> "j1",
  job |-> None,
  att |-> 1,
  pc |-> "SendStart",
  listed |-> {},
  queue |-> <<>>,
  cnt |-> [j1 |-> 1],
  chk |-> {c1, c2},
  failed |-> <<>>,
  blocked |-> <<>>,
  fb |-> <<>>,
  disp |-> {c1, c2},
  dep |-> {c1, c2},
  jid |-> TRUE,
  snap |-> None,
  sreq |-> {} ]
/\ exc = [j1 |-> None]
/\ runningJobs = {}
/\ failRunRec = [j1 |-> FALSE]
/\ startFailCause = [j1 |-> "none"]
/\ adm = [j1 |-> [pc |-> "Idle", snap |-> None]]
/\ slots = {}
/\ termHb = (c1 :> [j1 |-> 0] @@ c2 :> [j1 |-> 0])
/\ grp = (c1 :> [j1 |-> FALSE] @@ c2 :> [j1 |-> FALSE])
/\ wfcStale = [j1 |-> None]
/\ pCount = [j1 |-> 1]
/\ status = [j1 |-> "DISPATCHED"]
/\ ovw = {}
/\ firstTerm = [j1 |-> None]
/\ ackAbort = [j1 |-> FALSE]
/\ sjRC = [j1 |-> 0]
/\ runAborted = [j1 |-> FALSE]

State 18: <MCRunnerSendStart(c1) line 169, col 25 to line 169, col 67 of module MC>
/\ cpAlive = (c1 :> TRUE @@ c2 :> TRUE)
/\ failAccepted = [j1 |-> FALSE]
/\ free = (c1 :> <<>> @@ c2 :> <<>>)
/\ using = (c1 :> [j1 |-> {}] @@ c2 :> [j1 |-> {}])
/\ cjAbortMsg = (c1 :> [j1 |-> 0] @@ c2 :> [j1 |-> 0])
/\ resv = ( c1 :> {[job |-> "j1", tok |-> 1, units |-> {}, ttl |-> 1]} @@
  c2 :> {[job |-> "j1", tok |-> 1, units |-> {}, ttl |-> 1]} )
/\ fc = [ hb |-> 0,
  lose |-> 0,
  chkTO |-> 0,
  stTO |-> 0,
  depFail |-> 0,
  sjLaunchFail |-> 0,
  backoff |-> 0,
  sjError |-> 0,
  sjCrash |-> 0,
  cjError |-> 0,
  cjUnsafe |-> 0,
  cjDesc |-> 0,
  cpLaunchFail |-> 0,
  crash |-> 0,
  abort |-> 0,
  delete |-> 0,
  disable |-> 0,
  appMissing |-> 0 ]
/\ abortDropped = (c1 :> [j1 |-> FALSE] @@ c2 :> [j1 |-> FALSE])
/\ ackInWindow = [j1 |-> FALSE]
/\ nextAtt = 2
/\ endedEv = [j1 |-> FALSE]
/\ micro = [ wfcRead |-> [j1 |-> FALSE],
  wfcHad |-> [j1 |-> FALSE],
  reaped |-> (c1 :> [j1 |-> FALSE] @@ c2 :> [j1 |-> FALSE]),
  removals |-> [j1 |-> 0],
  sjBooted |-> [j1 |-> FALSE],
  delAdm |-> [j1 |-> [pc |-> "Idle", snap |-> None]],
  reports |->
      ( c1 :> [j1 |-> [pc |-> "Idle", accepted |-> FALSE]] @@
        c2 :> [j1 |-> [pc |-> "Idle", accepted |-> FALSE]] ) ]
/\ cjReg = (c1 :> [j1 |-> None] @@ c2 :> [j1 |-> None])
/\ alloc = (c1 :> [j1 |-> {}] @@ c2 :> [j1 |-> {}])
/\ ackStop = [j1 |-> FALSE]
/\ cpc = [ job |-> None,
  pc |-> "Idle",
  failed |-> FALSE,
  aborted |-> FALSE,
  hadExc |-> FALSE ]
/\ termP = (c1 :> [j1 |-> 0] @@ c2 :> [j1 |-> 0])
/\ waiter = (c1 :> [j1 |-> FALSE] @@ c2 :> [j1 |-> FALSE])
/\ postAckLaunch = [j1 |-> FALSE]
/\ sessions = {c1, c2}
/\ rp = [j1 |-> [rc |-> 0, exeErr |-> FALSE, parts |-> {c1, c2}, finished |-> FALSE]]
/\ cst = (c1 :> [j1 |-> None] @@ c2 :> [j1 |-> None])
/\ sj = [j1 |-> "Running"]
/\ sweeper = [cl |-> None, pc |-> "Idle", snap |-> 0, blocking |-> FALSE]
/\ cjRC = (c1 :> [j1 |-> 0] @@ c2 :> [j1 |-> 0])
/\ startedEv = [j1 |-> FALSE]
/\ exeErrRec = [j1 |-> FALSE]
/\ launches = [j1 |-> 1]
/\ pending = [j1 |-> {c1, c2}]
/\ sjAbortHandled = [j1 |-> FALSE]
/\ cjProc = (c1 :> [j1 |-> "None"] @@ c2 :> [j1 |-> "None"])
/\ latchInStopWin = [j1 |-> FALSE]
/\ msgs = ( [ ok |-> FALSE,
    code |-> 0,
    flag |-> FALSE,
    type |-> "START",
    job |-> "j1",
    cl |-> c1,
    att |-> 1 ] :>
      1 )
/\ wfc = [j1 |-> TRUE]
/\ tagged = {}
/\ rmp = [j1 |-> 0]
/\ shared = [j1 |-> FALSE]
/\ disabled = {}
/\ sjErr = [j1 |-> FALSE]
/\ latched = [j1 |-> None]
/\ rpc = [ ready |-> "j1",
  job |-> None,
  att |-> 1,
  pc |-> "SendStart",
  listed |-> {},
  queue |-> <<>>,
  cnt |-> [j1 |-> 1],
  chk |-> {c2},
  failed |-> <<>>,
  blocked |-> <<>>,
  fb |-> <<>>,
  disp |-> {c1, c2},
  dep |-> {c1, c2},
  jid |-> TRUE,
  snap |-> None,
  sreq |-> {c1} ]
/\ exc = [j1 |-> None]
/\ runningJobs = {}
/\ failRunRec = [j1 |-> FALSE]
/\ startFailCause = [j1 |-> "none"]
/\ adm = [j1 |-> [pc |-> "Idle", snap |-> None]]
/\ slots = {}
/\ termHb = (c1 :> [j1 |-> 0] @@ c2 :> [j1 |-> 0])
/\ grp = (c1 :> [j1 |-> FALSE] @@ c2 :> [j1 |-> FALSE])
/\ wfcStale = [j1 |-> None]
/\ pCount = [j1 |-> 1]
/\ status = [j1 |-> "DISPATCHED"]
/\ ovw = {}
/\ firstTerm = [j1 |-> None]
/\ ackAbort = [j1 |-> FALSE]
/\ sjRC = [j1 |-> 0]
/\ runAborted = [j1 |-> FALSE]

State 19: <MCRunnerSendStart(c2) line 169, col 25 to line 169, col 67 of module MC>
/\ cpAlive = (c1 :> TRUE @@ c2 :> TRUE)
/\ failAccepted = [j1 |-> FALSE]
/\ free = (c1 :> <<>> @@ c2 :> <<>>)
/\ using = (c1 :> [j1 |-> {}] @@ c2 :> [j1 |-> {}])
/\ cjAbortMsg = (c1 :> [j1 |-> 0] @@ c2 :> [j1 |-> 0])
/\ resv = ( c1 :> {[job |-> "j1", tok |-> 1, units |-> {}, ttl |-> 1]} @@
  c2 :> {[job |-> "j1", tok |-> 1, units |-> {}, ttl |-> 1]} )
/\ fc = [ hb |-> 0,
  lose |-> 0,
  chkTO |-> 0,
  stTO |-> 0,
  depFail |-> 0,
  sjLaunchFail |-> 0,
  backoff |-> 0,
  sjError |-> 0,
  sjCrash |-> 0,
  cjError |-> 0,
  cjUnsafe |-> 0,
  cjDesc |-> 0,
  cpLaunchFail |-> 0,
  crash |-> 0,
  abort |-> 0,
  delete |-> 0,
  disable |-> 0,
  appMissing |-> 0 ]
/\ abortDropped = (c1 :> [j1 |-> FALSE] @@ c2 :> [j1 |-> FALSE])
/\ ackInWindow = [j1 |-> FALSE]
/\ nextAtt = 2
/\ endedEv = [j1 |-> FALSE]
/\ micro = [ wfcRead |-> [j1 |-> FALSE],
  wfcHad |-> [j1 |-> FALSE],
  reaped |-> (c1 :> [j1 |-> FALSE] @@ c2 :> [j1 |-> FALSE]),
  removals |-> [j1 |-> 0],
  sjBooted |-> [j1 |-> FALSE],
  delAdm |-> [j1 |-> [pc |-> "Idle", snap |-> None]],
  reports |->
      ( c1 :> [j1 |-> [pc |-> "Idle", accepted |-> FALSE]] @@
        c2 :> [j1 |-> [pc |-> "Idle", accepted |-> FALSE]] ) ]
/\ cjReg = (c1 :> [j1 |-> None] @@ c2 :> [j1 |-> None])
/\ alloc = (c1 :> [j1 |-> {}] @@ c2 :> [j1 |-> {}])
/\ ackStop = [j1 |-> FALSE]
/\ cpc = [ job |-> None,
  pc |-> "Idle",
  failed |-> FALSE,
  aborted |-> FALSE,
  hadExc |-> FALSE ]
/\ termP = (c1 :> [j1 |-> 0] @@ c2 :> [j1 |-> 0])
/\ waiter = (c1 :> [j1 |-> FALSE] @@ c2 :> [j1 |-> FALSE])
/\ postAckLaunch = [j1 |-> FALSE]
/\ sessions = {c1, c2}
/\ rp = [j1 |-> [rc |-> 0, exeErr |-> FALSE, parts |-> {c1, c2}, finished |-> FALSE]]
/\ cst = (c1 :> [j1 |-> None] @@ c2 :> [j1 |-> None])
/\ sj = [j1 |-> "Running"]
/\ sweeper = [cl |-> None, pc |-> "Idle", snap |-> 0, blocking |-> FALSE]
/\ cjRC = (c1 :> [j1 |-> 0] @@ c2 :> [j1 |-> 0])
/\ startedEv = [j1 |-> FALSE]
/\ exeErrRec = [j1 |-> FALSE]
/\ launches = [j1 |-> 1]
/\ pending = [j1 |-> {c1, c2}]
/\ sjAbortHandled = [j1 |-> FALSE]
/\ cjProc = (c1 :> [j1 |-> "None"] @@ c2 :> [j1 |-> "None"])
/\ latchInStopWin = [j1 |-> FALSE]
/\ msgs = ( [ ok |-> FALSE,
    code |-> 0,
    flag |-> FALSE,
    type |-> "START",
    job |-> "j1",
    cl |-> c1,
    att |-> 1 ] :>
      1 @@
  [ ok |-> FALSE,
    code |-> 0,
    flag |-> FALSE,
    type |-> "START",
    job |-> "j1",
    cl |-> c2,
    att |-> 1 ] :>
      1 )
/\ wfc = [j1 |-> TRUE]
/\ tagged = {}
/\ rmp = [j1 |-> 0]
/\ shared = [j1 |-> FALSE]
/\ disabled = {}
/\ sjErr = [j1 |-> FALSE]
/\ latched = [j1 |-> None]
/\ rpc = [ ready |-> "j1",
  job |-> None,
  att |-> 1,
  pc |-> "SendStart",
  listed |-> {},
  queue |-> <<>>,
  cnt |-> [j1 |-> 1],
  chk |-> {},
  failed |-> <<>>,
  blocked |-> <<>>,
  fb |-> <<>>,
  disp |-> {c1, c2},
  dep |-> {c1, c2},
  jid |-> TRUE,
  snap |-> None,
  sreq |-> {c1, c2} ]
/\ exc = [j1 |-> None]
/\ runningJobs = {}
/\ failRunRec = [j1 |-> FALSE]
/\ startFailCause = [j1 |-> "none"]
/\ adm = [j1 |-> [pc |-> "Idle", snap |-> None]]
/\ slots = {}
/\ termHb = (c1 :> [j1 |-> 0] @@ c2 :> [j1 |-> 0])
/\ grp = (c1 :> [j1 |-> FALSE] @@ c2 :> [j1 |-> FALSE])
/\ wfcStale = [j1 |-> None]
/\ pCount = [j1 |-> 1]
/\ status = [j1 |-> "DISPATCHED"]
/\ ovw = {}
/\ firstTerm = [j1 |-> None]
/\ ackAbort = [j1 |-> FALSE]
/\ sjRC = [j1 |-> 0]
/\ runAborted = [j1 |-> FALSE]

State 20: <MCRunnerStartServerApp line 116, col 28 to line 116, col 72 of module MC>
/\ cpAlive = (c1 :> TRUE @@ c2 :> TRUE)
/\ failAccepted = [j1 |-> FALSE]
/\ free = (c1 :> <<>> @@ c2 :> <<>>)
/\ using = (c1 :> [j1 |-> {}] @@ c2 :> [j1 |-> {}])
/\ cjAbortMsg = (c1 :> [j1 |-> 0] @@ c2 :> [j1 |-> 0])
/\ resv = ( c1 :> {[job |-> "j1", tok |-> 1, units |-> {}, ttl |-> 1]} @@
  c2 :> {[job |-> "j1", tok |-> 1, units |-> {}, ttl |-> 1]} )
/\ fc = [ hb |-> 0,
  lose |-> 0,
  chkTO |-> 0,
  stTO |-> 0,
  depFail |-> 0,
  sjLaunchFail |-> 0,
  backoff |-> 0,
  sjError |-> 0,
  sjCrash |-> 0,
  cjError |-> 0,
  cjUnsafe |-> 0,
  cjDesc |-> 0,
  cpLaunchFail |-> 0,
  crash |-> 0,
  abort |-> 0,
  delete |-> 0,
  disable |-> 0,
  appMissing |-> 0 ]
/\ abortDropped = (c1 :> [j1 |-> FALSE] @@ c2 :> [j1 |-> FALSE])
/\ ackInWindow = [j1 |-> FALSE]
/\ nextAtt = 2
/\ endedEv = [j1 |-> FALSE]
/\ micro = [ wfcRead |-> [j1 |-> FALSE],
  wfcHad |-> [j1 |-> FALSE],
  reaped |-> (c1 :> [j1 |-> FALSE] @@ c2 :> [j1 |-> FALSE]),
  removals |-> [j1 |-> 0],
  sjBooted |-> [j1 |-> FALSE],
  delAdm |-> [j1 |-> [pc |-> "Idle", snap |-> None]],
  reports |->
      ( c1 :> [j1 |-> [pc |-> "Idle", accepted |-> FALSE]] @@
        c2 :> [j1 |-> [pc |-> "Idle", accepted |-> FALSE]] ) ]
/\ cjReg = (c1 :> [j1 |-> None] @@ c2 :> [j1 |-> None])
/\ alloc = (c1 :> [j1 |-> {}] @@ c2 :> [j1 |-> {}])
/\ ackStop = [j1 |-> FALSE]
/\ cpc = [ job |-> None,
  pc |-> "Idle",
  failed |-> FALSE,
  aborted |-> FALSE,
  hadExc |-> FALSE ]
/\ termP = (c1 :> [j1 |-> 0] @@ c2 :> [j1 |-> 0])
/\ waiter = (c1 :> [j1 |-> FALSE] @@ c2 :> [j1 |-> FALSE])
/\ postAckLaunch = [j1 |-> FALSE]
/\ sessions = {c1, c2}
/\ rp = [j1 |-> [rc |-> 0, exeErr |-> FALSE, parts |-> {c1, c2}, finished |-> FALSE]]
/\ cst = (c1 :> [j1 |-> None] @@ c2 :> [j1 |-> None])
/\ sj = [j1 |-> "Running"]
/\ sweeper = [cl |-> None, pc |-> "Idle", snap |-> 0, blocking |-> FALSE]
/\ cjRC = (c1 :> [j1 |-> 0] @@ c2 :> [j1 |-> 0])
/\ startedEv = [j1 |-> FALSE]
/\ exeErrRec = [j1 |-> FALSE]
/\ launches = [j1 |-> 1]
/\ pending = [j1 |-> {c1, c2}]
/\ sjAbortHandled = [j1 |-> FALSE]
/\ cjProc = (c1 :> [j1 |-> "None"] @@ c2 :> [j1 |-> "None"])
/\ latchInStopWin = [j1 |-> FALSE]
/\ msgs = ( [ ok |-> FALSE,
    code |-> 0,
    flag |-> FALSE,
    type |-> "START",
    job |-> "j1",
    cl |-> c1,
    att |-> 1 ] :>
      1 @@
  [ ok |-> FALSE,
    code |-> 0,
    flag |-> FALSE,
    type |-> "START",
    job |-> "j1",
    cl |-> c2,
    att |-> 1 ] :>
      1 )
/\ wfc = [j1 |-> TRUE]
/\ tagged = {}
/\ rmp = [j1 |-> 0]
/\ shared = [j1 |-> FALSE]
/\ disabled = {}
/\ sjErr = [j1 |-> FALSE]
/\ latched = [j1 |-> None]
/\ rpc = [ ready |-> "j1",
  job |-> None,
  att |-> 1,
  pc |-> "StartWait",
  listed |-> {},
  queue |-> <<>>,
  cnt |-> [j1 |-> 1],
  chk |-> {},
  failed |-> <<>>,
  blocked |-> <<>>,
  fb |-> <<>>,
  disp |-> {c1, c2},
  dep |-> {c1, c2},
  jid |-> TRUE,
  snap |-> None,
  sreq |-> {c1, c2} ]
/\ exc = [j1 |-> None]
/\ runningJobs = {}
/\ failRunRec = [j1 |-> FALSE]
/\ startFailCause = [j1 |-> "none"]
/\ adm = [j1 |-> [pc |-> "Idle", snap |-> None]]
/\ slots = {}
/\ termHb = (c1 :> [j1 |-> 0] @@ c2 :> [j1 |-> 0])
/\ grp = (c1 :> [j1 |-> FALSE] @@ c2 :> [j1 |-> FALSE])
/\ wfcStale = [j1 |-> None]
/\ pCount = [j1 |-> 1]
/\ status = [j1 |-> "DISPATCHED"]
/\ ovw = {}
/\ firstTerm = [j1 |-> None]
/\ ackAbort = [j1 |-> FALSE]
/\ sjRC = [j1 |-> 0]
/\ runAborted = [j1 |-> FALSE]

State 21: <MsgStartAllocate line 158, col 31 to line 158, col 73 of module MC>
/\ cpAlive = (c1 :> TRUE @@ c2 :> TRUE)
/\ failAccepted = [j1 |-> FALSE]
/\ free = (c1 :> <<>> @@ c2 :> <<>>)
/\ using = (c1 :> [j1 |-> {}] @@ c2 :> [j1 |-> {}])
/\ cjAbortMsg = (c1 :> [j1 |-> 0] @@ c2 :> [j1 |-> 0])
/\ resv = (c1 :> {} @@ c2 :> {[job |-> "j1", tok |-> 1, units |-> {}, ttl |-> 1]})
/\ fc = [ hb |-> 0,
  lose |-> 0,
  chkTO |-> 0,
  stTO |-> 0,
  depFail |-> 0,
  sjLaunchFail |-> 0,
  backoff |-> 0,
  sjError |-> 0,
  sjCrash |-> 0,
  cjError |-> 0,
  cjUnsafe |-> 0,
  cjDesc |-> 0,
  cpLaunchFail |-> 0,
  crash |-> 0,
  abort |-> 0,
  delete |-> 0,
  disable |-> 0,
  appMissing |-> 0 ]
/\ abortDropped = (c1 :> [j1 |-> FALSE] @@ c2 :> [j1 |-> FALSE])
/\ ackInWindow = [j1 |-> FALSE]
/\ nextAtt = 2
/\ endedEv = [j1 |-> FALSE]
/\ micro = [ wfcRead |-> [j1 |-> FALSE],
  wfcHad |-> [j1 |-> FALSE],
  reaped |-> (c1 :> [j1 |-> FALSE] @@ c2 :> [j1 |-> FALSE]),
  removals |-> [j1 |-> 0],
  sjBooted |-> [j1 |-> FALSE],
  delAdm |-> [j1 |-> [pc |-> "Idle", snap |-> None]],
  reports |->
      ( c1 :> [j1 |-> [pc |-> "Idle", accepted |-> FALSE]] @@
        c2 :> [j1 |-> [pc |-> "Idle", accepted |-> FALSE]] ) ]
/\ cjReg = (c1 :> [j1 |-> None] @@ c2 :> [j1 |-> None])
/\ alloc = (c1 :> [j1 |-> {}] @@ c2 :> [j1 |-> {}])
/\ ackStop = [j1 |-> FALSE]
/\ cpc = [ job |-> None,
  pc |-> "Idle",
  failed |-> FALSE,
  aborted |-> FALSE,
  hadExc |-> FALSE ]
/\ termP = (c1 :> [j1 |-> 0] @@ c2 :> [j1 |-> 0])
/\ waiter = (c1 :> [j1 |-> FALSE] @@ c2 :> [j1 |-> FALSE])
/\ postAckLaunch = [j1 |-> FALSE]
/\ sessions = {c1, c2}
/\ rp = [j1 |-> [rc |-> 0, exeErr |-> FALSE, parts |-> {c1, c2}, finished |-> FALSE]]
/\ cst = ( c1 :> [j1 |-> [pc |-> "Allocated", tok |-> 1, units |-> {}]] @@
  c2 :> [j1 |-> None] )
/\ sj = [j1 |-> "Running"]
/\ sweeper = [cl |-> None, pc |-> "Idle", snap |-> 0, blocking |-> FALSE]
/\ cjRC = (c1 :> [j1 |-> 0] @@ c2 :> [j1 |-> 0])
/\ startedEv = [j1 |-> FALSE]
/\ exeErrRec = [j1 |-> FALSE]
/\ launches = [j1 |-> 1]
/\ pending = [j1 |-> {c1, c2}]
/\ sjAbortHandled = [j1 |-> FALSE]
/\ cjProc = (c1 :> [j1 |-> "None"] @@ c2 :> [j1 |-> "None"])
/\ latchInStopWin = [j1 |-> FALSE]
/\ msgs = ( [ ok |-> FALSE,
    code |-> 0,
    flag |-> FALSE,
    type |-> "START",
    job |-> "j1",
    cl |-> c2,
    att |-> 1 ] :>
      1 )
/\ wfc = [j1 |-> TRUE]
/\ tagged = {}
/\ rmp = [j1 |-> 0]
/\ shared = [j1 |-> FALSE]
/\ disabled = {}
/\ sjErr = [j1 |-> FALSE]
/\ latched = [j1 |-> None]
/\ rpc = [ ready |-> "j1",
  job |-> None,
  att |-> 1,
  pc |-> "StartWait",
  listed |-> {},
  queue |-> <<>>,
  cnt |-> [j1 |-> 1],
  chk |-> {},
  failed |-> <<>>,
  blocked |-> <<>>,
  fb |-> <<>>,
  disp |-> {c1, c2},
  dep |-> {c1, c2},
  jid |-> TRUE,
  snap |-> None,
  sreq |-> {c1, c2} ]
/\ exc = [j1 |-> None]
/\ runningJobs = {}
/\ failRunRec = [j1 |-> FALSE]
/\ startFailCause = [j1 |-> "none"]
/\ adm = [j1 |-> [pc |-> "Idle", snap |-> None]]
/\ slots = {}
/\ termHb = (c1 :> [j1 |-> 0] @@ c2 :> [j1 |-> 0])
/\ grp = (c1 :> [j1 |-> FALSE] @@ c2 :> [j1 |-> FALSE])
/\ wfcStale = [j1 |-> None]
/\ pCount = [j1 |-> 1]
/\ status = [j1 |-> "DISPATCHED"]
/\ ovw = {}
/\ firstTerm = [j1 |-> None]
/\ ackAbort = [j1 |-> FALSE]
/\ sjRC = [j1 |-> 0]
/\ runAborted = [j1 |-> FALSE]

State 22: <MsgStartAllocate line 158, col 31 to line 158, col 73 of module MC>
/\ cpAlive = (c1 :> TRUE @@ c2 :> TRUE)
/\ failAccepted = [j1 |-> FALSE]
/\ free = (c1 :> <<>> @@ c2 :> <<>>)
/\ using = (c1 :> [j1 |-> {}] @@ c2 :> [j1 |-> {}])
/\ cjAbortMsg = (c1 :> [j1 |-> 0] @@ c2 :> [j1 |-> 0])
/\ resv = (c1 :> {} @@ c2 :> {})
/\ fc = [ hb |-> 0,
  lose |-> 0,
  chkTO |-> 0,
  stTO |-> 0,
  depFail |-> 0,
  sjLaunchFail |-> 0,
  backoff |-> 0,
  sjError |-> 0,
  sjCrash |-> 0,
  cjError |-> 0,
  cjUnsafe |-> 0,
  cjDesc |-> 0,
  cpLaunchFail |-> 0,
  crash |-> 0,
  abort |-> 0,
  delete |-> 0,
  disable |-> 0,
  appMissing |-> 0 ]
/\ abortDropped = (c1 :> [j1 |-> FALSE] @@ c2 :> [j1 |-> FALSE])
/\ ackInWindow = [j1 |-> FALSE]
/\ nextAtt = 2
/\ endedEv = [j1 |-> FALSE]
/\ micro = [ wfcRead |-> [j1 |-> FALSE],
  wfcHad |-> [j1 |-> FALSE],
  reaped |-> (c1 :> [j1 |-> FALSE] @@ c2 :> [j1 |-> FALSE]),
  removals |-> [j1 |-> 0],
  sjBooted |-> [j1 |-> FALSE],
  delAdm |-> [j1 |-> [pc |-> "Idle", snap |-> None]],
  reports |->
      ( c1 :> [j1 |-> [pc |-> "Idle", accepted |-> FALSE]] @@
        c2 :> [j1 |-> [pc |-> "Idle", accepted |-> FALSE]] ) ]
/\ cjReg = (c1 :> [j1 |-> None] @@ c2 :> [j1 |-> None])
/\ alloc = (c1 :> [j1 |-> {}] @@ c2 :> [j1 |-> {}])
/\ ackStop = [j1 |-> FALSE]
/\ cpc = [ job |-> None,
  pc |-> "Idle",
  failed |-> FALSE,
  aborted |-> FALSE,
  hadExc |-> FALSE ]
/\ termP = (c1 :> [j1 |-> 0] @@ c2 :> [j1 |-> 0])
/\ waiter = (c1 :> [j1 |-> FALSE] @@ c2 :> [j1 |-> FALSE])
/\ postAckLaunch = [j1 |-> FALSE]
/\ sessions = {c1, c2}
/\ rp = [j1 |-> [rc |-> 0, exeErr |-> FALSE, parts |-> {c1, c2}, finished |-> FALSE]]
/\ cst = ( c1 :> [j1 |-> [pc |-> "Allocated", tok |-> 1, units |-> {}]] @@
  c2 :> [j1 |-> [pc |-> "Allocated", tok |-> 1, units |-> {}]] )
/\ sj = [j1 |-> "Running"]
/\ sweeper = [cl |-> None, pc |-> "Idle", snap |-> 0, blocking |-> FALSE]
/\ cjRC = (c1 :> [j1 |-> 0] @@ c2 :> [j1 |-> 0])
/\ startedEv = [j1 |-> FALSE]
/\ exeErrRec = [j1 |-> FALSE]
/\ launches = [j1 |-> 1]
/\ pending = [j1 |-> {c1, c2}]
/\ sjAbortHandled = [j1 |-> FALSE]
/\ cjProc = (c1 :> [j1 |-> "None"] @@ c2 :> [j1 |-> "None"])
/\ latchInStopWin = [j1 |-> FALSE]
/\ msgs = <<>>
/\ wfc = [j1 |-> TRUE]
/\ tagged = {}
/\ rmp = [j1 |-> 0]
/\ shared = [j1 |-> FALSE]
/\ disabled = {}
/\ sjErr = [j1 |-> FALSE]
/\ latched = [j1 |-> None]
/\ rpc = [ ready |-> "j1",
  job |-> None,
  att |-> 1,
  pc |-> "StartWait",
  listed |-> {},
  queue |-> <<>>,
  cnt |-> [j1 |-> 1],
  chk |-> {},
  failed |-> <<>>,
  blocked |-> <<>>,
  fb |-> <<>>,
  disp |-> {c1, c2},
  dep |-> {c1, c2},
  jid |-> TRUE,
  snap |-> None,
  sreq |-> {c1, c2} ]
/\ exc = [j1 |-> None]
/\ runningJobs = {}
/\ failRunRec = [j1 |-> FALSE]
/\ startFailCause = [j1 |-> "none"]
/\ adm = [j1 |-> [pc |-> "Idle", snap |-> None]]
/\ slots = {}
/\ termHb = (c1 :> [j1 |-> 0] @@ c2 :> [j1 |-> 0])
/\ grp = (c1 :> [j1 |-> FALSE] @@ c2 :> [j1 |-> FALSE])
/\ wfcStale = [j1 |-> None]
/\ pCount = [j1 |-> 1]
/\ status = [j1 |-> "DISPATCHED"]
/\ ovw = {}
/\ firstTerm = [j1 |-> None]
/\ ackAbort = [j1 |-> FALSE]
/\ sjRC = [j1 |-> 0]
/\ runAborted = [j1 |-> FALSE]

State 23: <MCCpStartRegister(c1,"j1") line 143, col 28 to line 143, col 73 of module MC>
/\ cpAlive = (c1 :> TRUE @@ c2 :> TRUE)
/\ failAccepted = [j1 |-> FALSE]
/\ free = (c1 :> <<>> @@ c2 :> <<>>)
/\ using = (c1 :> [j1 |-> {}] @@ c2 :> [j1 |-> {}])
/\ cjAbortMsg = (c1 :> [j1 |-> 0] @@ c2 :> [j1 |-> 0])
/\ resv = (c1 :> {} @@ c2 :> {})
/\ fc = [ hb |-> 0,
  lose |-> 0,
  chkTO |-> 0,
  stTO |-> 0,
  depFail |-> 0,
  sjLaunchFail |-> 0,
  backoff |-> 0,
  sjError |-> 0,
  sjCrash |-> 0,
  cjError |-> 0,
  cjUnsafe |-> 0,
  cjDesc |-> 0,
  cpLaunchFail |-> 0,
  crash |-> 0,
  abort |-> 0,
  delete |-> 0,
  disable |-> 0,
  appMissing |-> 0 ]
/\ abortDropped = (c1 :> [j1 |-> FALSE] @@ c2 :> [j1 |-> FALSE])
/\ ackInWindow = [j1 |-> FALSE]
/\ nextAtt = 2
/\ endedEv = [j1 |-> FALSE]
/\ micro = [ wfcRead |-> [j1 |-> FALSE],
  wfcHad |-> [j1 |-> FALSE],
  reaped |-> (c1 :> [j1 |-> FALSE] @@ c2 :> [j1 |-> FALSE]),
  removals |-> [j1 |-> 0],
  sjBooted |-> [j1 |-> FALSE],
  delAdm |-> [j1 |-> [pc |-> "Idle", snap |-> None]],
  reports |->
      ( c1 :> [j1 |-> [pc |-> "Idle", accepted |-> FALSE]] @@
        c2 :> [j1 |-> [pc |-> "Idle", accepted |-> FALSE]] ) ]
/\ cjReg = ( c1 :>
      [ j1 |->
            [ st |-> "STARTING",
              attached |-> FALSE,
              pendAbort |-> FALSE,
              abortReq |-> FALSE ] ] @@
  c2 :> [j1 |-> None] )
/\ alloc = (c1 :> [j1 |-> {}] @@ c2 :> [j1 |-> {}])
/\ ackStop = [j1 |-> FALSE]
/\ cpc = [ job |-> None,
  pc |-> "Idle",
  failed |-> FALSE,
  aborted |-> FALSE,
  hadExc |-> FALSE ]
/\ termP = (c1 :> [j1 |-> 0] @@ c2 :> [j1 |-> 0])
/\ waiter = (c1 :> [j1 |-> FALSE] @@ c2 :> [j1 |-> FALSE])
/\ postAckLaunch = [j1 |-> FALSE]
/\ sessions = {c1, c2}
/\ rp = [j1 |-> [rc |-> 0, exeErr |-> FALSE, parts |-> {c1, c2}, finished |-> FALSE]]
/\ cst = ( c1 :> [j1 |-> [pc |-> "Registered", tok |-> 1, units |-> {}]] @@
  c2 :> [j1 |-> [pc |-> "Allocated", tok |-> 1, units |-> {}]] )
/\ sj = [j1 |-> "Running"]
/\ sweeper = [cl |-> None, pc |-> "Idle", snap |-> 0, blocking |-> FALSE]
/\ cjRC = (c1 :> [j1 |-> 0] @@ c2 :> [j1 |-> 0])
/\ startedEv = [j1 |-> FALSE]
/\ exeErrRec = [j1 |-> FALSE]
/\ launches = [j1 |-> 1]
/\ pending = [j1 |-> {c1, c2}]
/\ sjAbortHandled = [j1 |-> FALSE]
/\ cjProc = (c1 :> [j1 |-> "None"] @@ c2 :> [j1 |-> "None"])
/\ latchInStopWin = [j1 |-> FALSE]
/\ msgs = <<>>
/\ wfc = [j1 |-> TRUE]
/\ tagged = {}
/\ rmp = [j1 |-> 0]
/\ shared = [j1 |-> FALSE]
/\ disabled = {}
/\ sjErr = [j1 |-> FALSE]
/\ latched = [j1 |-> None]
/\ rpc = [ ready |-> "j1",
  job |-> None,
  att |-> 1,
  pc |-> "StartWait",
  listed |-> {},
  queue |-> <<>>,
  cnt |-> [j1 |-> 1],
  chk |-> {},
  failed |-> <<>>,
  blocked |-> <<>>,
  fb |-> <<>>,
  disp |-> {c1, c2},
  dep |-> {c1, c2},
  jid |-> TRUE,
  snap |-> None,
  sreq |-> {c1, c2} ]
/\ exc = [j1 |-> None]
/\ runningJobs = {}
/\ failRunRec = [j1 |-> FALSE]
/\ startFailCause = [j1 |-> "none"]
/\ adm = [j1 |-> [pc |-> "Idle", snap |-> None]]
/\ slots = {}
/\ termHb = (c1 :> [j1 |-> 0] @@ c2 :> [j1 |-> 0])
/\ grp = (c1 :> [j1 |-> FALSE] @@ c2 :> [j1 |-> FALSE])
/\ wfcStale = [j1 |-> None]
/\ pCount = [j1 |-> 1]
/\ status = [j1 |-> "DISPATCHED"]
/\ ovw = {}
/\ firstTerm = [j1 |-> None]
/\ ackAbort = [j1 |-> FALSE]
/\ sjRC = [j1 |-> 0]
/\ runAborted = [j1 |-> FALSE]

State 24: <MCCpStartLaunch(c1,"j1") line 144, col 28 to line 144, col 71 of module MC>
/\ cpAlive = (c1 :> TRUE @@ c2 :> TRUE)
/\ failAccepted = [j1 |-> FALSE]
/\ free = (c1 :> <<>> @@ c2 :> <<>>)
/\ using = (c1 :> [j1 |-> {}] @@ c2 :> [j1 |-> {}])
/\ cjAbortMsg = (c1 :> [j1 |-> 0] @@ c2 :> [j1 |-> 0])
/\ resv = (c1 :> {} @@ c2 :> {})
/\ fc = [ hb |-> 0,
  lose |-> 0,
  chkTO |-> 0,
  stTO |-> 0,
  depFail |-> 0,
  sjLaunchFail |-> 0,
  backoff |-> 0,
  sjError |-> 0,
  sjCrash |-> 0,
  cjError |-> 0,
  cjUnsafe |-> 0,
  cjDesc |-> 0,
  cpLaunchFail |-> 0,
  crash |-> 0,
  abort |-> 0,
  delete |-> 0,
  disable |-> 0,
  appMissing |-> 0 ]
/\ abortDropped = (c1 :> [j1 |-> FALSE] @@ c2 :> [j1 |-> FALSE])
/\ ackInWindow = [j1 |-> FALSE]
/\ nextAtt = 2
/\ endedEv = [j1 |-> FALSE]
/\ micro = [ wfcRead |-> [j1 |-> FALSE],
  wfcHad |-> [j1 |-> FALSE],
  reaped |-> (c1 :> [j1 |-> FALSE] @@ c2 :> [j1 |-> FALSE]),
  removals |-> [j1 |-> 0],
  sjBooted |-> [j1 |-> FALSE],
  delAdm |-> [j1 |-> [pc |-> "Idle", snap |-> None]],
  reports |->
      ( c1 :> [j1 |-> [pc |-> "Idle", accepted |-> FALSE]] @@
        c2 :> [j1 |-> [pc |-> "Idle", accepted |-> FALSE]] ) ]
/\ cjReg = ( c1 :>
      [ j1 |->
            [ st |-> "STARTING",
              attached |-> TRUE,
              pendAbort |-> FALSE,
              abortReq |-> FALSE ] ] @@
  c2 :> [j1 |-> None] )
/\ alloc = (c1 :> [j1 |-> {}] @@ c2 :> [j1 |-> {}])
/\ ackStop = [j1 |-> FALSE]
/\ cpc = [ job |-> None,
  pc |-> "Idle",
  failed |-> FALSE,
  aborted |-> FALSE,
  hadExc |-> FALSE ]
/\ termP = (c1 :> [j1 |-> 0] @@ c2 :> [j1 |-> 0])
/\ waiter = (c1 :> [j1 |-> TRUE] @@ c2 :> [j1 |-> FALSE])
/\ postAckLaunch = [j1 |-> FALSE]
/\ sessions = {c1, c2}
/\ rp = [j1 |-> [rc |-> 0, exeErr |-> FALSE, parts |-> {c1, c2}, finished |-> FALSE]]
/\ cst = ( c1 :> [j1 |-> None] @@
  c2 :> [j1 |-> [pc |-> "Allocated", tok |-> 1, units |-> {}]] )
/\ sj = [j1 |-> "Running"]
/\ sweeper = [cl |-> None, pc |-> "Idle", snap |-> 0, blocking |-> FALSE]
/\ cjRC = (c1 :> [j1 |-> 0] @@ c2 :> [j1 |-> 0])
/\ startedEv = [j1 |-> FALSE]
/\ exeErrRec = [j1 |-> FALSE]
/\ launches = [j1 |-> 1]
/\ pending = [j1 |-> {c1, c2}]
/\ sjAbortHandled = [j1 |-> FALSE]
/\ cjProc = (c1 :> [j1 |-> "Alive"] @@ c2 :> [j1 |-> "None"])
/\ latchInStopWin = [j1 |-> FALSE]
/\ msgs = ( [ ok |-> FALSE,
    code |-> 0,
    flag |-> FALSE,
    type |-> "START_REP",
    job |-> "j1",
    cl |-> c1,
    att |-> 0 ] :>
      1 )
/\ wfc = [j1 |-> TRUE]
/\ tagged = {}
/\ rmp = [j1 |-> 0]
/\ shared = [j1 |-> FALSE]
/\ disabled = {}
/\ sjErr = [j1 |-> FALSE]
/\ latched = [j1 |-> None]
/\ rpc = [ ready |-> "j1",
  job |-> None,
  att |-> 1,
  pc |-> "StartWait",
  listed |-> {},
  queue |-> <<>>,
  cnt |-> [j1 |-> 1],
  chk |-> {},
  failed |-> <<>>,
  blocked |-> <<>>,
  fb |-> <<>>,
  disp |-> {c1, c2},
  dep |-> {c1, c2},
  jid |-> TRUE,
  snap |-> None,
  sreq |-> {c1, c2} ]
/\ exc = [j1 |-> None]
/\ runningJobs = {}
/\ failRunRec = [j1 |-> FALSE]
/\ startFailCause = [j1 |-> "none"]
/\ adm = [j1 |-> [pc |-> "Idle", snap |-> None]]
/\ slots = {}
/\ termHb = (c1 :> [j1 |-> 0] @@ c2 :> [j1 |-> 0])
/\ grp = (c1 :> [j1 |-> FALSE] @@ c2 :> [j1 |-> FALSE])
/\ wfcStale = [j1 |-> None]
/\ pCount = [j1 |-> 1]
/\ status = [j1 |-> "DISPATCHED"]
/\ ovw = {}
/\ firstTerm = [j1 |-> None]
/\ ackAbort = [j1 |-> FALSE]
/\ sjRC = [j1 |-> 0]
/\ runAborted = [j1 |-> FALSE]

State 25: <MCCjExit(c1,"j1",1,FALSE) line 82, col 5 to line 88, col 63 of module MC>
/\ cpAlive = (c1 :> TRUE @@ c2 :> TRUE)
/\ failAccepted = [j1 |-> FALSE]
/\ free = (c1 :> <<>> @@ c2 :> <<>>)
/\ using = (c1 :> [j1 |-> {}] @@ c2 :> [j1 |-> {}])
/\ cjAbortMsg = (c1 :> [j1 |-> 0] @@ c2 :> [j1 |-> 0])
/\ resv = (c1 :> {} @@ c2 :> {})
/\ fc = [ hb |-> 0,
  lose |-> 0,
  chkTO |-> 0,
  stTO |-> 0,
  depFail |-> 0,
  sjLaunchFail |-> 0,
  backoff |-> 0,
  sjError |-> 0,
  sjCrash |-> 0,
  cjError |-> 1,
  cjUnsafe |-> 0,
  cjDesc |-> 0,
  cpLaunchFail |-> 0,
  crash |-> 0,
  abort |-> 0,
  delete |-> 0,
  disable |-> 0,
  appMissing |-> 0 ]
/\ abortDropped = (c1 :> [j1 |-> FALSE] @@ c2 :> [j1 |-> FALSE])
/\ ackInWindow = [j1 |-> FALSE]
/\ nextAtt = 2
/\ endedEv = [j1 |-> FALSE]
/\ micro = [ wfcRead |-> [j1 |-> FALSE],
  wfcHad |-> [j1 |-> FALSE],
  reaped |-> (c1 :> [j1 |-> FALSE] @@ c2 :> [j1 |-> FALSE]),
  removals |-> [j1 |-> 0],
  sjBooted |-> [j1 |-> FALSE],
  delAdm |-> [j1 |-> [pc |-> "Idle", snap |-> None]],
  reports |->
      ( c1 :> [j1 |-> [pc |-> "Idle", accepted |-> FALSE]] @@
        c2 :> [j1 |-> [pc |-> "Idle", accepted |-> FALSE]] ) ]
/\ cjReg = ( c1 :>
      [ j1 |->
            [ st |-> "STARTING",
              attached |-> TRUE,
              pendAbort |-> FALSE,
              abortReq |-> FALSE ] ] @@
  c2 :> [j1 |-> None] )
/\ alloc = (c1 :> [j1 |-> {}] @@ c2 :> [j1 |-> {}])
/\ ackStop = [j1 |-> FALSE]
/\ cpc = [ job |-> None,
  pc |-> "Idle",
  failed |-> FALSE,
  aborted |-> FALSE,
  hadExc |-> FALSE ]
/\ termP = (c1 :> [j1 |-> 0] @@ c2 :> [j1 |-> 0])
/\ waiter = (c1 :> [j1 |-> TRUE] @@ c2 :> [j1 |-> FALSE])
/\ postAckLaunch = [j1 |-> FALSE]
/\ sessions = {c1, c2}
/\ rp = [j1 |-> [rc |-> 0, exeErr |-> FALSE, parts |-> {c1, c2}, finished |-> FALSE]]
/\ cst = ( c1 :> [j1 |-> None] @@
  c2 :> [j1 |-> [pc |-> "Allocated", tok |-> 1, units |-> {}]] )
/\ sj = [j1 |-> "Running"]
/\ sweeper = [cl |-> None, pc |-> "Idle", snap |-> 0, blocking |-> FALSE]
/\ cjRC = (c1 :> [j1 |-> 1] @@ c2 :> [j1 |-> 0])
/\ startedEv = [j1 |-> FALSE]
/\ exeErrRec = [j1 |-> FALSE]
/\ launches = [j1 |-> 1]
/\ pending = [j1 |-> {c1, c2}]
/\ sjAbortHandled = [j1 |-> FALSE]
/\ cjProc = (c1 :> [j1 |-> "Exited"] @@ c2 :> [j1 |-> "None"])
/\ latchInStopWin = [j1 |-> FALSE]
/\ msgs = ( [ ok |-> FALSE,
    code |-> 0,
    flag |-> FALSE,
    type |-> "START_REP",
    job |-> "j1",
    cl |-> c1,
    att |-> 0 ] :>
      1 )
/\ wfc = [j1 |-> TRUE]
/\ tagged = {}
/\ rmp = [j1 |-> 0]
/\ shared = [j1 |-> FALSE]
/\ disabled = {}
/\ sjErr = [j1 |-> FALSE]
/\ latched = [j1 |-> None]
/\ rpc = [ ready |-> "j1",
  job |-> None,
  att |-> 1,
  pc |-> "StartWait",
  listed |-> {},
  queue |-> <<>>,
  cnt |-> [j1 |-> 1],
  chk |-> {},
  failed |-> <<>>,
  blocked |-> <<>>,
  fb |-> <<>>,
  disp |-> {c1, c2},
  dep |-> {c1, c2},
  jid |-> TRUE,
  snap |-> None,
  sreq |-> {c1, c2} ]
/\ exc = [j1 |-> None]
/\ runningJobs = {}
/\ failRunRec = [j1 |-> FALSE]
/\ startFailCause = [j1 |-> "none"]
/\ adm = [j1 |-> [pc |-> "Idle", snap |-> None]]
/\ slots = {}
/\ termHb = (c1 :> [j1 |-> 0] @@ c2 :> [j1 |-> 0])
/\ grp = (c1 :> [j1 |-> FALSE] @@ c2 :> [j1 |-> FALSE])
/\ wfcStale = [j1 |-> None]
/\ pCount = [j1 |-> 1]
/\ status = [j1 |-> "DISPATCHED"]
/\ ovw = {}
/\ firstTerm = [j1 |-> None]
/\ ackAbort = [j1 |-> FALSE]
/\ sjRC = [j1 |-> 0]
/\ runAborted = [j1 |-> FALSE]

State 26: <MCCpReapChild(c1,"j1") line 172, col 24 to line 172, col 65 of module MC>
/\ cpAlive = (c1 :> TRUE @@ c2 :> TRUE)
/\ failAccepted = [j1 |-> FALSE]
/\ free = (c1 :> <<>> @@ c2 :> <<>>)
/\ using = (c1 :> [j1 |-> {}] @@ c2 :> [j1 |-> {}])
/\ cjAbortMsg = (c1 :> [j1 |-> 0] @@ c2 :> [j1 |-> 0])
/\ resv = (c1 :> {} @@ c2 :> {})
/\ fc = [ hb |-> 0,
  lose |-> 0,
  chkTO |-> 0,
  stTO |-> 0,
  depFail |-> 0,
  sjLaunchFail |-> 0,
  backoff |-> 0,
  sjError |-> 0,
  sjCrash |-> 0,
  cjError |-> 1,
  cjUnsafe |-> 0,
  cjDesc |-> 0,
  cpLaunchFail |-> 0,
  crash |-> 0,
  abort |-> 0,
  delete |-> 0,
  disable |-> 0,
  appMissing |-> 0 ]
/\ abortDropped = (c1 :> [j1 |-> FALSE] @@ c2 :> [j1 |-> FALSE])
/\ ackInWindow = [j1 |-> FALSE]
/\ nextAtt = 2
/\ endedEv = [j1 |-> FALSE]
/\ micro = [ wfcRead |-> [j1 |-> FALSE],
  wfcHad |-> [j1 |-> FALSE],
  reaped |-> (c1 :> [j1 |-> TRUE] @@ c2 :> [j1 |-> FALSE]),
  removals |-> [j1 |-> 0],
  sjBooted |-> [j1 |-> FALSE],
  delAdm |-> [j1 |-> [pc |-> "Idle", snap |-> None]],
  reports |->
      ( c1 :> [j1 |-> [pc |-> "Idle", accepted |-> FALSE]] @@
        c2 :> [j1 |-> [pc |-> "Idle", accepted |-> FALSE]] ) ]
/\ cjReg = ( c1 :>
      [ j1 |->
            [ st |-> "STARTING",
              attached |-> TRUE,
              pendAbort |-> FALSE,
              abortReq |-> FALSE ] ] @@
  c2 :> [j1 |-> None] )
/\ alloc = (c1 :> [j1 |-> {}] @@ c2 :> [j1 |-> {}])
/\ ackStop = [j1 |-> FALSE]
/\ cpc = [ job |-> None,
  pc |-> "Idle",
  failed |-> FALSE,
  aborted |-> FALSE,
  hadExc |-> FALSE ]
/\ termP = (c1 :> [j1 |-> 0] @@ c2 :> [j1 |-> 0])
/\ waiter = (c1 :> [j1 |-> TRUE] @@ c2 :> [j1 |-> FALSE])
/\ postAckLaunch = [j1 |-> FALSE]
/\ sessions = {c1, c2}
/\ rp = [j1 |-> [rc |-> 0, exeErr |-> FALSE, parts |-> {c1, c2}, finished |-> FALSE]]
/\ cst = ( c1 :> [j1 |-> None] @@
  c2 :> [j1 |-> [pc |-> "Allocated", tok |-> 1, units |-> {}]] )
/\ sj = [j1 |-> "Running"]
/\ sweeper = [cl |-> None, pc |-> "Idle", snap |-> 0, blocking |-> FALSE]
/\ cjRC = (c1 :> [j1 |-> 1] @@ c2 :> [j1 |-> 0])
/\ startedEv = [j1 |-> FALSE]
/\ exeErrRec = [j1 |-> FALSE]
/\ launches = [j1 |-> 1]
/\ pending = [j1 |-> {c1, c2}]
/\ sjAbortHandled = [j1 |-> FALSE]
/\ cjProc = (c1 :> [j1 |-> "Exited"] @@ c2 :> [j1 |-> "None"])
/\ latchInStopWin = [j1 |-> FALSE]
/\ msgs = ( [ ok |-> FALSE,
    code |-> 0,
    flag |-> FALSE,
    type |-> "START_REP",
    job |-> "j1",
    cl |-> c1,
    att |-> 0 ] :>
      1 @@
  [ ok |-> FALSE,
    code |-> 104,
    flag |-> FALSE,
    type |-> "REPORT",
    job |-> "j1",
    cl |-> c1,
    att |-> 0 ] :>
      1 )
/\ wfc = [j1 |-> TRUE]
/\ tagged = {}
/\ rmp = [j1 |-> 0]
/\ shared = [j1 |-> FALSE]
/\ disabled = {}
/\ sjErr = [j1 |-> FALSE]
/\ latched = [j1 |-> None]
/\ rpc = [ ready |-> "j1",
  job |-> None,
  att |-> 1,
  pc |-> "StartWait",
  listed |-> {},
  queue |-> <<>>,
  cnt |-> [j1 |-> 1],
  chk |-> {},
  failed |-> <<>>,
  blocked |-> <<>>,
  fb |-> <<>>,
  disp |-> {c1, c2},
  dep |-> {c1, c2},
  jid |-> TRUE,
  snap |-> None,
  sreq |-> {c1, c2} ]
/\ exc = [j1 |-> None]
/\ runningJobs = {}
/\ failRunRec = [j1 |-> FALSE]
/\ startFailCause = [j1 |-> "none"]
/\ adm = [j1 |-> [pc |-> "Idle", snap |-> None]]
/\ slots = {}
/\ termHb = (c1 :> [j1 |-> 0] @@ c2 :> [j1 |-> 0])
/\ grp = (c1 :> [j1 |-> FALSE] @@ c2 :> [j1 |-> FALSE])
/\ wfcStale = [j1 |-> None]
/\ pCount = [j1 |-> 1]
/\ status = [j1 |-> "DISPATCHED"]
/\ ovw = {}
/\ firstTerm = [j1 |-> None]
/\ ackAbort = [j1 |-> FALSE]
/\ sjRC = [j1 |-> 0]
/\ runAborted = [j1 |-> FALSE]

State 27: <MCMicroNext line 198, col 8 to line 198, col 53 of module MC>
/\ cpAlive = (c1 :> TRUE @@ c2 :> TRUE)
/\ failAccepted = [j1 |-> FALSE]
/\ free = (c1 :> <<>> @@ c2 :> <<>>)
/\ using = (c1 :> [j1 |-> {}] @@ c2 :> [j1 |-> {}])
/\ cjAbortMsg = (c1 :> [j1 |-> 0] @@ c2 :> [j1 |-> 0])
/\ resv = (c1 :> {} @@ c2 :> {})
/\ fc = [ hb |-> 0,
  lose |-> 0,
  chkTO |-> 0,
  stTO |-> 0,
  depFail |-> 0,
  sjLaunchFail |-> 0,
  backoff |-> 0,
  sjError |-> 0,
  sjCrash |-> 0,
  cjError |-> 1,
  cjUnsafe |-> 0,
  cjDesc |-> 0,
  cpLaunchFail |-> 0,
  crash |-> 0,
  abort |-> 0,
  delete |-> 0,
  disable |-> 0,
  appMissing |-> 0 ]
/\ abortDropped = (c1 :> [j1 |-> FALSE] @@ c2 :> [j1 |-> FALSE])
/\ ackInWindow = [j1 |-> FALSE]
/\ nextAtt = 2
/\ endedEv = [j1 |-> FALSE]
/\ micro = [ wfcRead |-> [j1 |-> FALSE],
  wfcHad |-> [j1 |-> FALSE],
  reaped |-> (c1 :> [j1 |-> TRUE] @@ c2 :> [j1 |-> FALSE]),
  removals |-> [j1 |-> 0],
  sjBooted |-> [j1 |-> FALSE],
  delAdm |-> [j1 |-> [pc |-> "Idle", snap |-> None]],
  reports |->
      ( c1 :> [j1 |-> [pc |-> "Handle", accepted |-> TRUE]] @@
        c2 :> [j1 |-> [pc |-> "Idle", accepted |-> FALSE]] ) ]
/\ cjReg = ( c1 :>
      [ j1 |->
            [ st |-> "STARTING",
              attached |-> TRUE,
              pendAbort |-> FALSE,
              abortReq |-> FALSE ] ] @@
  c2 :> [j1 |-> None] )
/\ alloc = (c1 :> [j1 |-> {}] @@ c2 :> [j1 |-> {}])
/\ ackStop = [j1 |-> FALSE]
/\ cpc = [ job |-> None,
  pc |-> "Idle",
  failed |-> FALSE,
  aborted |-> FALSE,
  hadExc |-> FALSE ]
/\ termP = (c1 :> [j1 |-> 0] @@ c2 :> [j1 |-> 0])
/\ waiter = (c1 :> [j1 |-> TRUE] @@ c2 :> [j1 |-> FALSE])
/\ postAckLaunch = [j1 |-> FALSE]
/\ sessions = {c1, c2}
/\ rp = [j1 |-> [rc |-> 0, exeErr |-> FALSE, parts |-> {c1, c2}, finished |-> FALSE]]
/\ cst = ( c1 :> [j1 |-> None] @@
  c2 :> [j1 |-> [pc |-> "Allocated", tok |-> 1, units |-> {}]] )
/\ sj = [j1 |-> "Running"]
/\ sweeper = [cl |-> None, pc |-> "Idle", snap |-> 0, blocking |-> FALSE]
/\ cjRC = (c1 :> [j1 |-> 1] @@ c2 :> [j1 |-> 0])
/\ startedEv = [j1 |-> FALSE]
/\ exeErrRec = [j1 |-> FALSE]
/\ launches = [j1 |-> 1]
/\ pending = [j1 |-> {c1, c2}]
/\ sjAbortHandled = [j1 |-> FALSE]
/\ cjProc = (c1 :> [j1 |-> "Exited"] @@ c2 :> [j1 |-> "None"])
/\ latchInStopWin = [j1 |-> FALSE]
/\ msgs = ( [ ok |-> FALSE,
    code |-> 0,
    flag |-> FALSE,
    type |-> "START_REP",
    job |-> "j1",
    cl |-> c1,
    att |-> 0 ] :>
      1 @@
  [ ok |-> FALSE,
    code |-> 104,
    flag |-> FALSE,
    type |-> "REPORT",
    job |-> "j1",
    cl |-> c1,
    att |-> 0 ] :>
      1 )
/\ wfc = [j1 |-> TRUE]
/\ tagged = {}
/\ rmp = [j1 |-> 0]
/\ shared = [j1 |-> FALSE]
/\ disabled = {}
/\ sjErr = [j1 |-> FALSE]
/\ latched = [j1 |-> None]
/\ rpc = [ ready |-> "j1",
  job |-> None,
  att |-> 1,
  pc |-> "StartWait",
  listed |-> {},
  queue |-> <<>>,
  cnt |-> [j1 |-> 1],
  chk |-> {},
  failed |-> <<>>,
  blocked |-> <<>>,
  fb |-> <<>>,
  disp |-> {c1, c2},
  dep |-> {c1, c2},
  jid |-> TRUE,
  snap |-> None,
  sreq |-> {c1, c2} ]
/\ exc = [j1 |-> None]
/\ runningJobs = {}
/\ failRunRec = [j1 |-> FALSE]
/\ startFailCause = [j1 |-> "none"]
/\ adm = [j1 |-> [pc |-> "Idle", snap |-> None]]
/\ slots = {}
/\ termHb = (c1 :> [j1 |-> 0] @@ c2 :> [j1 |-> 0])
/\ grp = (c1 :> [j1 |-> FALSE] @@ c2 :> [j1 |-> FALSE])
/\ wfcStale = [j1 |-> None]
/\ pCount = [j1 |-> 1]
/\ status = [j1 |-> "DISPATCHED"]
/\ ovw = {}
/\ firstTerm = [j1 |-> None]
/\ ackAbort = [j1 |-> FALSE]
/\ sjRC = [j1 |-> 0]
/\ runAborted = [j1 |-> FALSE]

State 28: <MCMicroNext line 199, col 8 to line 199, col 53 of module MC>
/\ cpAlive = (c1 :> TRUE @@ c2 :> TRUE)
/\ failAccepted = [j1 |-> TRUE]
/\ free = (c1 :> <<>> @@ c2 :> <<>>)
/\ using = (c1 :> [j1 |-> {}] @@ c2 :> [j1 |-> {}])
/\ cjAbortMsg = (c1 :> [j1 |-> 0] @@ c2 :> [j1 |-> 0])
/\ resv = (c1 :> {} @@ c2 :> {})
/\ fc = [ hb |-> 0,
  lose |-> 0,
  chkTO |-> 0,
  stTO |-> 0,
  depFail |-> 0,
  sjLaunchFail |-> 0,
  backoff |-> 0,
  sjError |-> 0,
  sjCrash |-> 0,
  cjError |-> 1,
  cjUnsafe |-> 0,
  cjDesc |-> 0,
  cpLaunchFail |-> 0,
  crash |-> 0,
  abort |-> 0,
  delete |-> 0,
  disable |-> 0,
  appMissing |-> 0 ]
/\ abortDropped = (c1 :> [j1 |-> FALSE] @@ c2 :> [j1 |-> FALSE])
/\ ackInWindow = [j1 |-> FALSE]
/\ nextAtt = 2
/\ endedEv = [j1 |-> FALSE]
/\ micro = [ wfcRead |-> [j1 |-> FALSE],
  wfcHad |-> [j1 |-> FALSE],
  reaped |-> (c1 :> [j1 |-> TRUE] @@ c2 :> [j1 |-> FALSE]),
  removals |-> [j1 |-> 0],
  sjBooted |-> [j1 |-> FALSE],
  delAdm |-> [j1 |-> [pc |-> "Idle", snap |-> None]],
  reports |->
      ( c1 :> [j1 |-> [pc |-> "Stop", accepted |-> TRUE]] @@
        c2 :> [j1 |-> [pc |-> "Idle", accepted |-> FALSE]] ) ]
/\ cjReg = ( c1 :>
      [ j1 |->
            [ st |-> "STARTING",
              attached |-> TRUE,
              pendAbort |-> FALSE,
              abortReq |-> FALSE ] ] @@
  c2 :> [j1 |-> None] )
/\ alloc = (c1 :> [j1 |-> {}] @@ c2 :> [j1 |-> {}])
/\ ackStop = [j1 |-> FALSE]
/\ cpc = [ job |-> None,
  pc |-> "Idle",
  failed |-> FALSE,
  aborted |-> FALSE,
  hadExc |-> FALSE ]
/\ termP = (c1 :> [j1 |-> 0] @@ c2 :> [j1 |-> 0])
/\ waiter = (c1 :> [j1 |-> TRUE] @@ c2 :> [j1 |-> FALSE])
/\ postAckLaunch = [j1 |-> FALSE]
/\ sessions = {c1, c2}
/\ rp = [j1 |-> [rc |-> 104, exeErr |-> FALSE, parts |-> {c1, c2}, finished |-> FALSE]]
/\ cst = ( c1 :> [j1 |-> None] @@
  c2 :> [j1 |-> [pc |-> "Allocated", tok |-> 1, units |-> {}]] )
/\ sj = [j1 |-> "Running"]
/\ sweeper = [cl |-> None, pc |-> "Idle", snap |-> 0, blocking |-> FALSE]
/\ cjRC = (c1 :> [j1 |-> 1] @@ c2 :> [j1 |-> 0])
/\ startedEv = [j1 |-> FALSE]
/\ exeErrRec = [j1 |-> FALSE]
/\ launches = [j1 |-> 1]
/\ pending = [j1 |-> None]
/\ sjAbortHandled = [j1 |-> FALSE]
/\ cjProc = (c1 :> [j1 |-> "Exited"] @@ c2 :> [j1 |-> "None"])
/\ latchInStopWin = [j1 |-> FALSE]
/\ msgs = ( [ ok |-> FALSE,
    code |-> 0,
    flag |-> FALSE,
    type |-> "START_REP",
    job |-> "j1",
    cl |-> c1,
    att |-> 0 ] :>
      1 @@
  [ ok |-> FALSE,
    code |-> 104,
    flag |-> FALSE,
    type |-> "REPORT",
    job |-> "j1",
    cl |-> c1,
    att |-> 0 ] :>
      1 )
/\ wfc = [j1 |-> TRUE]
/\ tagged = {}
/\ rmp = [j1 |-> 0]
/\ shared = [j1 |-> TRUE]
/\ disabled = {}
/\ sjErr = [j1 |-> FALSE]
/\ latched = [j1 |-> None]
/\ rpc = [ ready |-> "j1",
  job |-> None,
  att |-> 1,
  pc |-> "StartWait",
  listed |-> {},
  queue |-> <<>>,
  cnt |-> [j1 |-> 1],
  chk |-> {},
  failed |-> <<>>,
  blocked |-> <<>>,
  fb |-> <<>>,
  disp |-> {c1, c2},
  dep |-> {c1, c2},
  jid |-> TRUE,
  snap |-> None,
  sreq |-> {c1, c2} ]
/\ exc = [j1 |-> [rc |-> 104, exeErr |-> FALSE, parts |-> {c1, c2}, finished |-> FALSE]]
/\ runningJobs = {}
/\ failRunRec = [j1 |-> TRUE]
/\ startFailCause = [j1 |-> "none"]
/\ adm = [j1 |-> [pc |-> "Idle", snap |-> None]]
/\ slots = {}
/\ termHb = (c1 :> [j1 |-> 0] @@ c2 :> [j1 |-> 0])
/\ grp = (c1 :> [j1 |-> FALSE] @@ c2 :> [j1 |-> FALSE])
/\ wfcStale = [j1 |-> None]
/\ pCount = [j1 |-> 1]
/\ status = [j1 |-> "DISPATCHED"]
/\ ovw = {}
/\ firstTerm = [j1 |-> None]
/\ ackAbort = [j1 |-> FALSE]
/\ sjRC = [j1 |-> 0]
/\ runAborted = [j1 |-> FALSE]

State 29: <MCCpStartRegister(c2,"j1") line 143, col 28 to line 143, col 73 of module MC>
/\ cpAlive = (c1 :> TRUE @@ c2 :> TRUE)
/\ failAccepted = [j1 |-> TRUE]
/\ free = (c1 :> <<>> @@ c2 :> <<>>)
/\ using = (c1 :> [j1 |-> {}] @@ c2 :> [j1 |-> {}])
/\ cjAbortMsg = (c1 :> [j1 |-> 0] @@ c2 :> [j1 |-> 0])
/\ resv = (c1 :> {} @@ c2 :> {})
/\ fc = [ hb |-> 0,
  lose |-> 0,
  chkTO |-> 0,
  stTO |-> 0,
  depFail |-> 0,
  sjLaunchFail |-> 0,
  backoff |-> 0,
  sjError |-> 0,
  sjCrash |-> 0,
  cjError |-> 1,
  cjUnsafe |-> 0,
  cjDesc |-> 0,
  cpLaunchFail |-> 0,
  crash |-> 0,
  abort |-> 0,
  delete |-> 0,
  disable |-> 0,
  appMissing |-> 0 ]
/\ abortDropped = (c1 :> [j1 |-> FALSE] @@ c2 :> [j1 |-> FALSE])
/\ ackInWindow = [j1 |-> FALSE]
/\ nextAtt = 2
/\ endedEv = [j1 |-> FALSE]
/\ micro = [ wfcRead |-> [j1 |-> FALSE],
  wfcHad |-> [j1 |-> FALSE],
  reaped |-> (c1 :> [j1 |-> TRUE] @@ c2 :> [j1 |-> FALSE]),
  removals |-> [j1 |-> 0],
  sjBooted |-> [j1 |-> FALSE],
  delAdm |-> [j1 |-> [pc |-> "Idle", snap |-> None]],
  reports |->
      ( c1 :> [j1 |-> [pc |-> "Stop", accepted |-> TRUE]] @@
        c2 :> [j1 |-> [pc |-> "Idle", accepted |-> FALSE]] ) ]
/\ cjReg = ( c1 :>
      [ j1 |->
            [ st |-> "STARTING",
              attached |-> TRUE,
              pendAbort |-> FALSE,
              abortReq |-> FALSE ] ] @@
  c2 :>
      [ j1 |->
            [ st |-> "STARTING",
              attached |-> FALSE,
              pendAbort |-> FALSE,
              abortReq |-> FALSE ] ] )
/\ alloc = (c1 :> [j1 |-> {}] @@ c2 :> [j1 |-> {}])
/\ ackStop = [j1 |-> FALSE]
/\ cpc = [ job |-> None,
  pc |-> "Idle",
  failed |-> FALSE,
  aborted |-> FALSE,
  hadExc |-> FALSE ]
/\ termP = (c1 :> [j1 |-> 0] @@ c2 :> [j1 |-> 0])
/\ waiter = (c1 :> [j1 |-> TRUE] @@ c2 :> [j1 |-> FALSE])
/\ postAckLaunch = [j1 |-> FALSE]
/\ sessions = {c1, c2}
/\ rp = [j1 |-> [rc |-> 104, exeErr |-> FALSE, parts |-> {c1, c2}, finished |-> FALSE]]
/\ cst = ( c1 :> [j1 |-> None] @@
  c2 :> [j1 |-> [pc |-> "Registered", tok |-> 1, units |-> {}]] )
/\ sj = [j1 |-> "Running"]
/\ sweeper = [cl |-> None, pc |-> "Idle", snap |-> 0, blocking |-> FALSE]
/\ cjRC = (c1 :> [j1 |-> 1] @@ c2 :> [j1 |-> 0])
/\ startedEv = [j1 |-> FALSE]
/\ exeErrRec = [j1 |-> FALSE]
/\ launches = [j1 |-> 1]
/\ pending = [j1 |-> None]
/\ sjAbortHandled = [j1 |-> FALSE]
/\ cjProc = (c1 :> [j1 |-> "Exited"] @@ c2 :> [j1 |-> "None"])
/\ latchInStopWin = [j1 |-> FALSE]
/\ msgs = ( [ ok |-> FALSE,
    code |-> 0,
    flag |-> FALSE,
    type |-> "START_REP",
    job |-> "j1",
    cl |-> c1,
    att |-> 0 ] :>
      1 @@
  [ ok |-> FALSE,
    code |-> 104,
    flag |-> FALSE,
    type |-> "REPORT",
    job |-> "j1",
    cl |-> c1,
    att |-> 0 ] :>
      1 )
/\ wfc = [j1 |-> TRUE]
/\ tagged = {}
/\ rmp = [j1 |-> 0]
/\ shared = [j1 |-> TRUE]
/\ disabled = {}
/\ sjErr = [j1 |-> FALSE]
/\ latched = [j1 |-> None]
/\ rpc = [ ready |-> "j1",
  job |-> None,
  att |-> 1,
  pc |-> "StartWait",
  listed |-> {},
  queue |-> <<>>,
  cnt |-> [j1 |-> 1],
  chk |-> {},
  failed |-> <<>>,
  blocked |-> <<>>,
  fb |-> <<>>,
  disp |-> {c1, c2},
  dep |-> {c1, c2},
  jid |-> TRUE,
  snap |-> None,
  sreq |-> {c1, c2} ]
/\ exc = [j1 |-> [rc |-> 104, exeErr |-> FALSE, parts |-> {c1, c2}, finished |-> FALSE]]
/\ runningJobs = {}
/\ failRunRec = [j1 |-> TRUE]
/\ startFailCause = [j1 |-> "none"]
/\ adm = [j1 |-> [pc |-> "Idle", snap |-> None]]
/\ slots = {}
/\ termHb = (c1 :> [j1 |-> 0] @@ c2 :> [j1 |-> 0])
/\ grp = (c1 :> [j1 |-> FALSE] @@ c2 :> [j1 |-> FALSE])
/\ wfcStale = [j1 |-> None]
/\ pCount = [j1 |-> 1]
/\ status = [j1 |-> "DISPATCHED"]
/\ ovw = {}
/\ firstTerm = [j1 |-> None]
/\ ackAbort = [j1 |-> FALSE]
/\ sjRC = [j1 |-> 0]
/\ runAborted = [j1 |-> FALSE]

State 30: <MCCpStartLaunch(c2,"j1") line 144, col 28 to line 144, col 71 of module MC>
/\ cpAlive = (c1 :> TRUE @@ c2 :> TRUE)
/\ failAccepted = [j1 |-> TRUE]
/\ free = (c1 :> <<>> @@ c2 :> <<>>)
/\ using = (c1 :> [j1 |-> {}] @@ c2 :> [j1 |-> {}])
/\ cjAbortMsg = (c1 :> [j1 |-> 0] @@ c2 :> [j1 |-> 0])
/\ resv = (c1 :> {} @@ c2 :> {})
/\ fc = [ hb |-> 0,
  lose |-> 0,
  chkTO |-> 0,
  stTO |-> 0,
  depFail |-> 0,
  sjLaunchFail |-> 0,
  backoff |-> 0,
  sjError |-> 0,
  sjCrash |-> 0,
  cjError |-> 1,
  cjUnsafe |-> 0,
  cjDesc |-> 0,
  cpLaunchFail |-> 0,
  crash |-> 0,
  abort |-> 0,
  delete |-> 0,
  disable |-> 0,
  appMissing |-> 0 ]
/\ abortDropped = (c1 :> [j1 |-> FALSE] @@ c2 :> [j1 |-> FALSE])
/\ ackInWindow = [j1 |-> FALSE]
/\ nextAtt = 2
/\ endedEv = [j1 |-> FALSE]
/\ micro = [ wfcRead |-> [j1 |-> FALSE],
  wfcHad |-> [j1 |-> FALSE],
  reaped |-> (c1 :> [j1 |-> TRUE] @@ c2 :> [j1 |-> FALSE]),
  removals |-> [j1 |-> 0],
  sjBooted |-> [j1 |-> FALSE],
  delAdm |-> [j1 |-> [pc |-> "Idle", snap |-> None]],
  reports |->
      ( c1 :> [j1 |-> [pc |-> "Stop", accepted |-> TRUE]] @@
        c2 :> [j1 |-> [pc |-> "Idle", accepted |-> FALSE]] ) ]
/\ cjReg = ( c1 :>
      [ j1 |->
            [ st |-> "STARTING",
              attached |-> TRUE,
              pendAbort |-> FALSE,
              abortReq |-> FALSE ] ] @@
  c2 :>
      [ j1 |->
            [ st |-> "STARTING",
              attached |-> TRUE,
              pendAbort |-> FALSE,
              abortReq |-> FALSE ] ] )
/\ alloc = (c1 :> [j1 |-> {}] @@ c2 :> [j1 |-> {}])
/\ ackStop = [j1 |-> FALSE]
/\ cpc = [ job |-> None,
  pc |-> "Idle",
  failed |-> FALSE,
  aborted |-> FALSE,
  hadExc |-> FALSE ]
/\ termP = (c1 :> [j1 |-> 0] @@ c2 :> [j1 |-> 0])
/\ waiter = (c1 :> [j1 |-> TRUE] @@ c2 :> [j1 |-> TRUE])
/\ postAckLaunch = [j1 |-> FALSE]
/\ sessions = {c1, c2}
/\ rp = [j1 |-> [rc |-> 104, exeErr |-> FALSE, parts |-> {c1, c2}, finished |-> FALSE]]
/\ cst = (c1 :> [j1 |-> None] @@ c2 :> [j1 |-> None])
/\ sj = [j1 |-> "Running"]
/\ sweeper = [cl |-> None, pc |-> "Idle", snap |-> 0, blocking |-> FALSE]
/\ cjRC = (c1 :> [j1 |-> 1] @@ c2 :> [j1 |-> 0])
/\ startedEv = [j1 |-> FALSE]
/\ exeErrRec = [j1 |-> FALSE]
/\ launches = [j1 |-> 1]
/\ pending = [j1 |-> None]
/\ sjAbortHandled = [j1 |-> FALSE]
/\ cjProc = (c1 :> [j1 |-> "Exited"] @@ c2 :> [j1 |-> "Alive"])
/\ latchInStopWin = [j1 |-> FALSE]
/\ msgs = ( [ ok |-> FALSE,
    code |-> 0,
    flag |-> FALSE,
    type |-> "START_REP",
    job |-> "j1",
    cl |-> c1,
    att |-> 0 ] :>
      1 @@
  [ ok |-> FALSE,
    code |-> 0,
    flag |-> FALSE,
    type |-> "START_REP",
    job |-> "j1",
    cl |-> c2,
    att |-> 0 ] :>
      1 @@
  [ ok |-> FALSE,
    code |-> 104,
    flag |-> FALSE,
    type |-> "REPORT",
    job |-> "j1",
    cl |-> c1,
    att |-> 0 ] :>
      1 )
/\ wfc = [j1 |-> TRUE]
/\ tagged = {}
/\ rmp = [j1 |-> 0]
/\ shared = [j1 |-> TRUE]
/\ disabled = {}
/\ sjErr = [j1 |-> FALSE]
/\ latched = [j1 |-> None]
/\ rpc = [ ready |-> "j1",
  job |-> None,
  att |-> 1,
  pc |-> "StartWait",
  listed |-> {},
  queue |-> <<>>,
  cnt |-> [j1 |-> 1],
  chk |-> {},
  failed |-> <<>>,
  blocked |-> <<>>,
  fb |-> <<>>,
  disp |-> {c1, c2},
  dep |-> {c1, c2},
  jid |-> TRUE,
  snap |-> None,
  sreq |-> {c1, c2} ]
/\ exc = [j1 |-> [rc |-> 104, exeErr |-> FALSE, parts |-> {c1, c2}, finished |-> FALSE]]
/\ runningJobs = {}
/\ failRunRec = [j1 |-> TRUE]
/\ startFailCause = [j1 |-> "none"]
/\ adm = [j1 |-> [pc |-> "Idle", snap |-> None]]
/\ slots = {}
/\ termHb = (c1 :> [j1 |-> 0] @@ c2 :> [j1 |-> 0])
/\ grp = (c1 :> [j1 |-> FALSE] @@ c2 :> [j1 |-> FALSE])
/\ wfcStale = [j1 |-> None]
/\ pCount = [j1 |-> 1]
/\ status = [j1 |-> "DISPATCHED"]
/\ ovw = {}
/\ firstTerm = [j1 |-> None]
/\ ackAbort = [j1 |-> FALSE]
/\ sjRC = [j1 |-> 0]
/\ runAborted = [j1 |-> FALSE]

State 31: <MCRunnerStartCollect line 117, col 28 to line 117, col 70 of module MC>
/\ cpAlive = (c1 :> TRUE @@ c2 :> TRUE)
/\ failAccepted = [j1 |-> TRUE]
/\ free = (c1 :> <<>> @@ c2 :> <<>>)
/\ using = (c1 :> [j1 |-> {}] @@ c2 :> [j1 |-> {}])
/\ cjAbortMsg = (c1 :> [j1 |-> 0] @@ c2 :> [j1 |-> 0])
/\ resv = (c1 :> {} @@ c2 :> {})
/\ fc = [ hb |-> 0,
  lose |-> 0,
  chkTO |-> 0,
  stTO |-> 0,
  depFail |-> 0,
  sjLaunchFail |-> 0,
  backoff |-> 0,
  sjError |-> 0,
  sjCrash |-> 0,
  cjError |-> 1,
  cjUnsafe |-> 0,
  cjDesc |-> 0,
  cpLaunchFail |-> 0,
  crash |-> 0,
  abort |-> 0,
  delete |-> 0,
  disable |-> 0,
  appMissing |-> 0 ]
/\ abortDropped = (c1 :> [j1 |-> FALSE] @@ c2 :> [j1 |-> FALSE])
/\ ackInWindow = [j1 |-> FALSE]
/\ nextAtt = 2
/\ endedEv = [j1 |-> FALSE]
/\ micro = [ wfcRead |-> [j1 |-> FALSE],
  wfcHad |-> [j1 |-> FALSE],
  reaped |-> (c1 :> [j1 |-> TRUE] @@ c2 :> [j1 |-> FALSE]),
  removals |-> [j1 |-> 0],
  sjBooted |-> [j1 |-> FALSE],
  delAdm |-> [j1 |-> [pc |-> "Idle", snap |-> None]],
  reports |->
      ( c1 :> [j1 |-> [pc |-> "Stop", accepted |-> TRUE]] @@
        c2 :> [j1 |-> [pc |-> "Idle", accepted |-> FALSE]] ) ]
/\ cjReg = ( c1 :>
      [ j1 |->
            [ st |-> "STARTING",
              attached |-> TRUE,
              pendAbort |-> FALSE,
              abortReq |-> FALSE ] ] @@
  c2 :>
      [ j1 |->
            [ st |-> "STARTING",
              attached |-> TRUE,
              pendAbort |-> FALSE,
              abortReq |-> FALSE ] ] )
/\ alloc = (c1 :> [j1 |-> {}] @@ c2 :> [j1 |-> {}])
/\ ackStop = [j1 |-> FALSE]
/\ cpc = [ job |-> None,
  pc |-> "Idle",
  failed |-> FALSE,
  aborted |-> FALSE,
  hadExc |-> FALSE ]
/\ termP = (c1 :> [j1 |-> 0] @@ c2 :> [j1 |-> 0])
/\ waiter = (c1 :> [j1 |-> TRUE] @@ c2 :> [j1 |-> TRUE])
/\ postAckLaunch = [j1 |-> FALSE]
/\ sessions = {c1, c2}
/\ rp = [j1 |-> [rc |-> 104, exeErr |-> FALSE, parts |-> {c1, c2}, finished |-> FALSE]]
/\ cst = (c1 :> [j1 |-> None] @@ c2 :> [j1 |-> None])
/\ sj = [j1 |-> "Running"]
/\ sweeper = [cl |-> None, pc |-> "Idle", snap |-> 0, blocking |-> FALSE]
/\ cjRC = (c1 :> [j1 |-> 1] @@ c2 :> [j1 |-> 0])
/\ startedEv = [j1 |-> FALSE]
/\ exeErrRec = [j1 |-> FALSE]
/\ launches = [j1 |-> 1]
/\ pending = [j1 |-> None]
/\ sjAbortHandled = [j1 |-> FALSE]
/\ cjProc = (c1 :> [j1 |-> "Exited"] @@ c2 :> [j1 |-> "Alive"])
/\ latchInStopWin = [j1 |-> FALSE]
/\ msgs = ( [ ok |-> FALSE,
    code |-> 104,
    flag |-> FALSE,
    type |-> "REPORT",
    job |-> "j1",
    cl |-> c1,
    att |-> 0 ] :>
      1 )
/\ wfc = [j1 |-> TRUE]
/\ tagged = {}
/\ rmp = [j1 |-> 0]
/\ shared = [j1 |-> TRUE]
/\ disabled = {}
/\ sjErr = [j1 |-> FALSE]
/\ latched = [j1 |-> None]
/\ rpc = [ ready |-> "j1",
  job |-> None,
  att |-> 1,
  pc |-> "ExceptStop",
  listed |-> {},
  queue |-> <<>>,
  cnt |-> [j1 |-> 1],
  chk |-> {},
  failed |-> <<>>,
  blocked |-> <<>>,
  fb |-> <<>>,
  disp |-> {c1, c2},
  dep |-> {c1, c2},
  jid |-> TRUE,
  snap |-> None,
  sreq |-> {c1, c2} ]
/\ exc = [j1 |-> [rc |-> 104, exeErr |-> FALSE, parts |-> {c1, c2}, finished |-> FALSE]]
/\ runningJobs = {}
/\ failRunRec = [j1 |-> TRUE]
/\ startFailCause = [j1 |-> "keyerror"]
/\ adm = [j1 |-> [pc |-> "Idle", snap |-> None]]
/\ slots = {}
/\ termHb = (c1 :> [j1 |-> 0] @@ c2 :> [j1 |-> 0])
/\ grp = (c1 :> [j1 |-> FALSE] @@ c2 :> [j1 |-> FALSE])
/\ wfcStale = [j1 |-> None]
/\ pCount = [j1 |-> 1]
/\ status = [j1 |-> "DISPATCHED"]
/\ ovw = {}
/\ firstTerm = [j1 |-> None]
/\ ackAbort = [j1 |-> FALSE]
/\ sjRC = [j1 |-> 0]
/\ runAborted = [j1 |-> FALSE]

State 32: <MCRunnerExceptStop line 120, col 28 to line 120, col 68 of module MC>
/\ cpAlive = (c1 :> TRUE @@ c2 :> TRUE)
/\ failAccepted = [j1 |-> TRUE]
/\ free = (c1 :> <<>> @@ c2 :> <<>>)
/\ using = (c1 :> [j1 |-> {}] @@ c2 :> [j1 |-> {}])
/\ cjAbortMsg = (c1 :> [j1 |-> 0] @@ c2 :> [j1 |-> 0])
/\ resv = (c1 :> {} @@ c2 :> {})
/\ fc = [ hb |-> 0,
  lose |-> 0,
  chkTO |-> 0,
  stTO |-> 0,
  depFail |-> 0,
  sjLaunchFail |-> 0,
  backoff |-> 0,
  sjError |-> 0,
  sjCrash |-> 0,
  cjError |-> 1,
  cjUnsafe |-> 0,
  cjDesc |-> 0,
  cpLaunchFail |-> 0,
  crash |-> 0,
  abort |-> 0,
  delete |-> 0,
  disable |-> 0,
  appMissing |-> 0 ]
/\ abortDropped = (c1 :> [j1 |-> FALSE] @@ c2 :> [j1 |-> FALSE])
/\ ackInWindow = [j1 |-> FALSE]
/\ nextAtt = 2
/\ endedEv = [j1 |-> FALSE]
/\ micro = [ wfcRead |-> [j1 |-> FALSE],
  wfcHad |-> [j1 |-> FALSE],
  reaped |-> (c1 :> [j1 |-> TRUE] @@ c2 :> [j1 |-> FALSE]),
  removals |-> [j1 |-> 0],
  sjBooted |-> [j1 |-> FALSE],
  delAdm |-> [j1 |-> [pc |-> "Idle", snap |-> None]],
  reports |->
      ( c1 :> [j1 |-> [pc |-> "Stop", accepted |-> TRUE]] @@
        c2 :> [j1 |-> [pc |-> "Idle", accepted |-> FALSE]] ) ]
/\ cjReg = ( c1 :>
      [ j1 |->
            [ st |-> "STARTING",
              attached |-> TRUE,
              pendAbort |-> FALSE,
              abortReq |-> FALSE ] ] @@
  c2 :>
      [ j1 |->
            [ st |-> "STARTING",
              attached |-> TRUE,
              pendAbort |-> FALSE,
              abortReq |-> FALSE ] ] )
/\ alloc = (c1 :> [j1 |-> {}] @@ c2 :> [j1 |-> {}])
/\ ackStop = [j1 |-> FALSE]
/\ cpc = [ job |-> None,
  pc |-> "Idle",
  failed |-> FALSE,
  aborted |-> FALSE,
  hadExc |-> FALSE ]
/\ termP = (c1 :> [j1 |-> 0] @@ c2 :> [j1 |-> 0])
/\ waiter = (c1 :> [j1 |-> TRUE] @@ c2 :> [j1 |-> TRUE])
/\ postAckLaunch = [j1 |-> FALSE]
/\ sessions = {c1, c2}
/\ rp = [j1 |-> [rc |-> 104, exeErr |-> FALSE, parts |-> {c1, c2}, finished |-> FALSE]]
/\ cst = (c1 :> [j1 |-> None] @@ c2 :> [j1 |-> None])
/\ sj = [j1 |-> "Running"]
/\ sweeper = [cl |-> None, pc |-> "Idle", snap |-> 0, blocking |-> FALSE]
/\ cjRC = (c1 :> [j1 |-> 1] @@ c2 :> [j1 |-> 0])
/\ startedEv = [j1 |-> FALSE]
/\ exeErrRec = [j1 |-> FALSE]
/\ launches = [j1 |-> 1]
/\ pending = [j1 |-> None]
/\ sjAbortHandled = [j1 |-> FALSE]
/\ cjProc = (c1 :> [j1 |-> "Exited"] @@ c2 :> [j1 |-> "Alive"])
/\ latchInStopWin = [j1 |-> FALSE]
/\ msgs = ( [ ok |-> FALSE,
    code |-> 0,
    flag |-> FALSE,
    type |-> "ABORT",
    job |-> "j1",
    cl |-> c1,
    att |-> 0 ] :>
      1 @@
  [ ok |-> FALSE,
    code |-> 0,
    flag |-> FALSE,
    type |-> "ABORT",
    job |-> "j1",
    cl |-> c2,
    att |-> 0 ] :>
      1 @@
  [ ok |-> FALSE,
    code |-> 0,
    flag |-> FALSE,
    type |-> "SJABORT",
    job |-> "j1",
    cl |-> None,
    att |-> 0 ] :>
      1 @@
  [ ok |-> FALSE,
    code |-> 104,
    flag |-> FALSE,
    type |-> "REPORT",
    job |-> "j1",
    cl |-> c1,
    att |-> 0 ] :>
      1 )
/\ wfc = [j1 |-> TRUE]
/\ tagged = {}
/\ rmp = [j1 |-> 1]
/\ shared = [j1 |-> TRUE]
/\ disabled = {}
/\ sjErr = [j1 |-> FALSE]
/\ latched = [j1 |-> None]
/\ rpc = [ ready |-> "j1",
  job |-> None,
  att |-> 1,
  pc |-> "ExceptSetFailed",
  listed |-> {},
  queue |-> <<>>,
  cnt |-> [j1 |-> 1],
  chk |-> {},
  failed |-> <<>>,
  blocked |-> <<>>,
  fb |-> <<>>,
  disp |-> {c1, c2},
  dep |-> {c1, c2},
  jid |-> TRUE,
  snap |-> None,
  sreq |-> {c1, c2} ]
/\ exc = [j1 |-> [rc |-> 104, exeErr |-> FALSE, parts |-> {c1, c2}, finished |-> FALSE]]
/\ runningJobs = {}
/\ failRunRec = [j1 |-> TRUE]
/\ startFailCause = [j1 |-> "keyerror"]
/\ adm = [j1 |-> [pc |-> "Idle", snap |-> None]]
/\ slots = {}
/\ termHb = (c1 :> [j1 |-> 0] @@ c2 :> [j1 |-> 0])
/\ grp = (c1 :> [j1 |-> FALSE] @@ c2 :> [j1 |-> FALSE])
/\ wfcStale = [j1 |-> None]
/\ pCount = [j1 |-> 1]
/\ status = [j1 |-> "DISPATCHED"]
/\ ovw = {}
/\ firstTerm = [j1 |-> None]
/\ ackAbort = [j1 |-> FALSE]
/\ sjRC = [j1 |-> 0]
/\ runAborted = [j1 |-> FALSE]

State 33: <MCRunnerExceptSetFailed line 121, col 28 to line 121, col 73 of module MC>
/\ cpAlive = (c1 :> TRUE @@ c2 :> TRUE)
/\ failAccepted = [j1 |-> TRUE]
/\ free = (c1 :> <<>> @@ c2 :> <<>>)
/\ using = (c1 :> [j1 |-> {}] @@ c2 :> [j1 |-> {}])
/\ cjAbortMsg = (c1 :> [j1 |-> 0] @@ c2 :> [j1 |-> 0])
/\ resv = (c1 :> {} @@ c2 :> {})
/\ fc = [ hb |-> 0,
  lose |-> 0,
  chkTO |-> 0,
  stTO |-> 0,
  depFail |-> 0,
  sjLaunchFail |-> 0,
  backoff |-> 0,
  sjError |-> 0,
  sjCrash |-> 0,
  cjError |-> 1,
  cjUnsafe |-> 0,
  cjDesc |-> 0,
  cpLaunchFail |-> 0,
  crash |-> 0,
  abort |-> 0,
  delete |-> 0,
  disable |-> 0,
  appMissing |-> 0 ]
/\ abortDropped = (c1 :> [j1 |-> FALSE] @@ c2 :> [j1 |-> FALSE])
/\ ackInWindow = [j1 |-> FALSE]
/\ nextAtt = 2
/\ endedEv = [j1 |-> FALSE]
/\ micro = [ wfcRead |-> [j1 |-> FALSE],
  wfcHad |-> [j1 |-> FALSE],
  reaped |-> (c1 :> [j1 |-> TRUE] @@ c2 :> [j1 |-> FALSE]),
  removals |-> [j1 |-> 0],
  sjBooted |-> [j1 |-> FALSE],
  delAdm |-> [j1 |-> [pc |-> "Idle", snap |-> None]],
  reports |->
      ( c1 :> [j1 |-> [pc |-> "Stop", accepted |-> TRUE]] @@
        c2 :> [j1 |-> [pc |-> "Idle", accepted |-> FALSE]] ) ]
/\ cjReg = ( c1 :>
      [ j1 |->
            [ st |-> "STARTING",
              attached |-> TRUE,
              pendAbort |-> FALSE,
              abortReq |-> FALSE ] ] @@
  c2 :>
      [ j1 |->
            [ st |-> "STARTING",
              attached |-> TRUE,
              pendAbort |-> FALSE,
              abortReq |-> FALSE ] ] )
/\ alloc = (c1 :> [j1 |-> {}] @@ c2 :> [j1 |-> {}])
/\ ackStop = [j1 |-> FALSE]
/\ cpc = [ job |-> None,
  pc |-> "Idle",
  failed |-> FALSE,
  aborted |-> FALSE,
  hadExc |-> FALSE ]
/\ termP = (c1 :> [j1 |-> 0] @@ c2 :> [j1 |-> 0])
/\ waiter = (c1 :> [j1 |-> TRUE] @@ c2 :> [j1 |-> TRUE])
/\ postAckLaunch = [j1 |-> FALSE]
/\ sessions = {c1, c2}
/\ rp = [j1 |-> [rc |-> 104, exeErr |-> FALSE, parts |-> {c1, c2}, finished |-> FALSE]]
/\ cst = (c1 :> [j1 |-> None] @@ c2 :> [j1 |-> None])
/\ sj = [j1 |-> "Running"]
/\ sweeper = [cl |-> None, pc |-> "Idle", snap |-> 0, blocking |-> FALSE]
/\ cjRC = (c1 :> [j1 |-> 1] @@ c2 :> [j1 |-> 0])
/\ startedEv = [j1 |-> FALSE]
/\ exeErrRec = [j1 |-> FALSE]
/\ launches = [j1 |-> 1]
/\ pending = [j1 |-> None]
/\ sjAbortHandled = [j1 |-> FALSE]
/\ cjProc = (c1 :> [j1 |-> "Exited"] @@ c2 :> [j1 |-> "Alive"])
/\ latchInStopWin = [j1 |-> FALSE]
/\ msgs = ( [ ok |-> FALSE,
    code |-> 0,
    flag |-> FALSE,
    type |-> "ABORT",
    job |-> "j1",
    cl |-> c1,
    att |-> 0 ] :>
      1 @@
  [ ok |-> FALSE,
    code |-> 0,
    flag |-> FALSE,
    type |-> "ABORT",
    job |-> "j1",
    cl |-> c2,
    att |-> 0 ] :>
      1 @@
  [ ok |-> FALSE,
    code |-> 0,
    flag |-> FALSE,
    type |-> "SJABORT",
    job |-> "j1",
    cl |-> None,
    att |-> 0 ] :>
      1 @@
  [ ok |-> FALSE,
    code |-> 104,
    flag |-> FALSE,
    type |-> "REPORT",
    job |-> "j1",
    cl |-> c1,
    att |-> 0 ] :>
      1 )
/\ wfc = [j1 |-> TRUE]
/\ tagged = {}
/\ rmp = [j1 |-> 1]
/\ shared = [j1 |-> TRUE]
/\ disabled = {}
/\ sjErr = [j1 |-> FALSE]
/\ latched = [j1 |-> None]
/\ rpc = [ ready |-> "j1",
  job |-> None,
  att |-> 1,
  pc |-> "ExceptMeta",
  listed |-> {},
  queue |-> <<>>,
  cnt |-> [j1 |-> 1],
  chk |-> {},
  failed |-> <<>>,
  blocked |-> <<>>,
  fb |-> <<>>,
  disp |-> {c1, c2},
  dep |-> {c1, c2},
  jid |-> TRUE,
  snap |-> None,
  sreq |-> {c1, c2} ]
/\ exc = [j1 |-> [rc |-> 104, exeErr |-> FALSE, parts |-> {c1, c2}, finished |-> FALSE]]
/\ runningJobs = {}
/\ failRunRec = [j1 |-> TRUE]
/\ startFailCause = [j1 |-> "keyerror"]
/\ adm = [j1 |-> [pc |-> "Idle", snap |-> None]]
/\ slots = {}
/\ termHb = (c1 :> [j1 |-> 0] @@ c2 :> [j1 |-> 0])
/\ grp = (c1 :> [j1 |-> FALSE] @@ c2 :> [j1 |-> FALSE])
/\ wfcStale = [j1 |-> None]
/\ pCount = [j1 |-> 1]
/\ status = [j1 |-> "FINISHED:FAILED_TO_RUN"]
/\ ovw = {}
/\ firstTerm = [j1 |-> "FINISHED:FAILED_TO_RUN"]
/\ ackAbort = [j1 |-> FALSE]
/\ sjRC = [j1 |-> 0]
/\ runAborted = [j1 |-> FALSE]

"CounterExample written: /home/ubuntu/specula-nvflare-gpt-continuation-20260926/framework/runs/gpt-continuation/nvflare-job/.specula-output/spec/output/continuation-S-F5/counterexample.json"
96616 states generated, 23263 distinct states found, 10844 states left on queue.
The depth of the complete state graph search is 34.
Checkpointing of run /home/ubuntu/specula-nvflare-gpt-continuation-20260926/framework/runs/gpt-continuation/nvflare-job/.specula-output/.tlc-state/tlc-states-Ene6OI/26-09-26-04-58-50.055
Checkpointing completed at (2026-09-26 04:58:53)
Finished in 03s at (2026-09-26 04:58:53)
Trace exploration spec path: ./MC_TTrace_1790398730.tla
