=== RUN   TestWorkflowResetTestSuite
=== PAUSE TestWorkflowResetTestSuite
=== CONT  TestWorkflowResetTestSuite
=== RUN   TestWorkflowResetTestSuite/TestTraceReset
=== PAUSE TestWorkflowResetTestSuite/TestTraceReset
=== CONT  TestWorkflowResetTestSuite/TestTraceReset
2026-09-10T01:22:20.962Z	info	created database	{"database": "test_830c7a9abd6d43ef9939781d", "logging-call-at": "/home/ubuntu/temporal-investigation-20260909/restart-20260909-1600/source-reset/common/persistence/sql/test_sql_persistence.go:125"}
2026-09-10T01:22:20.962Z	info	No schema directory provided, skipping schema setup	{"logging-call-at": "/home/ubuntu/temporal-investigation-20260909/restart-20260909-1600/source-reset/common/persistence/sql/test_sql_persistence.go:79"}
2026-09-10T01:22:20.963Z	info	Use rpc address 127.0.0.1:7134 for cluster active.	{"component": "metadata-initializer", "logging-call-at": "/home/ubuntu/temporal-investigation-20260909/restart-20260909-1600/source-reset/temporal/cluster_metadata_loader.go:68"}
2026-09-10T01:22:20.963Z	info	PProf listen on 	{"host": "localhost", "port": 7000, "logging-call-at": "/home/ubuntu/temporal-investigation-20260909/restart-20260909-1600/source-reset/common/pprof/pprof.go:58"}
2026-09-10T01:22:20.964Z	info	Use rpc address 127.0.0.1:7134 for cluster active.	{"component": "metadata-initializer", "logging-call-at": "/home/ubuntu/temporal-investigation-20260909/restart-20260909-1600/source-reset/temporal/cluster_metadata_loader.go:68"}
2026-09-10T01:22:20.970Z	info	Quota changed	{"component": "persistence", "current-quota": null, "new-quota": 9000, "scope": "host", "service": "history", "logging-call-at": "/home/ubuntu/temporal-investigation-20260909/restart-20260909-1600/source-reset/common/quotas/calculator/logged_calculator.go:100"}
2026-09-10T01:22:20.971Z	debug	RPC factory created. enableServerKeepalive: false, enableClientKeepalive: false	{"logging-call-at": "/home/ubuntu/temporal-investigation-20260909/restart-20260909-1600/source-reset/common/resource/fx.go:470"}
2026-09-10T01:22:20.971Z	info	historyClient: ownership caching disabled	{"service": "history", "logging-call-at": "/home/ubuntu/temporal-investigation-20260909/restart-20260909-1600/source-reset/client/history/client.go:70"}
2026-09-10T01:22:20.973Z	info	creating new visibility manager	{"visibility_plugin_name": "sqlite", "visibility_index_name": "test_830c7a9abd6d43ef9939781d", "logging-call-at": "/home/ubuntu/temporal-investigation-20260909/restart-20260909-1600/source-reset/common/persistence/visibility/factory.go:145"}
2026-09-10T01:22:20.973Z	info	Quota changed	{"component": "task-scheduler", "current-quota": null, "new-quota": 0, "scope": "host", "service": "history", "logging-call-at": "/home/ubuntu/temporal-investigation-20260909/restart-20260909-1600/source-reset/common/quotas/calculator/logged_calculator.go:100"}
2026-09-10T01:22:20.975Z	info	Warning: CHASM component scheduler.scheduler declares state fields that won't be managed by CHASM:
	cacheConflictToken int64
	compiledSpec *scheduler.CompiledSpec	{"logging-call-at": "/home/ubuntu/temporal-investigation-20260909/restart-20260909-1600/source-reset/chasm/registry.go:361"}
2026-09-10T01:22:20.976Z	info	Initialized lazy loaded OwnershipBasedQuotaScaler	{"service": "history", "logging-call-at": "/home/ubuntu/temporal-investigation-20260909/restart-20260909-1600/source-reset/service/history/shard/fx.go:71"}
2026-09-10T01:22:20.976Z	info	Initialized service resolver for persistence rate limiting	{"service": "history", "logging-call-at": "/home/ubuntu/temporal-investigation-20260909/restart-20260909-1600/source-reset/service/fx.go:76"}
2026-09-10T01:22:20.976Z	info	Created gRPC listener	{"service": "history", "address": "127.0.0.1:42219", "logging-call-at": "/home/ubuntu/temporal-investigation-20260909/restart-20260909-1600/source-reset/common/rpc/rpc.go:209"}
2026-09-10T01:22:20.979Z	info	Quota changed	{"component": "persistence", "current-quota": null, "new-quota": 3000, "scope": "host", "service": "matching", "logging-call-at": "/home/ubuntu/temporal-investigation-20260909/restart-20260909-1600/source-reset/common/quotas/calculator/logged_calculator.go:100"}
2026-09-10T01:22:20.979Z	info	Initialized service resolver for persistence rate limiting	{"service": "matching", "logging-call-at": "/home/ubuntu/temporal-investigation-20260909/restart-20260909-1600/source-reset/service/fx.go:76"}
2026-09-10T01:22:20.979Z	debug	RPC factory created. enableServerKeepalive: false, enableClientKeepalive: false	{"logging-call-at": "/home/ubuntu/temporal-investigation-20260909/restart-20260909-1600/source-reset/common/resource/fx.go:470"}
2026-09-10T01:22:20.979Z	info	Created gRPC listener	{"service": "matching", "address": "127.0.0.1:38275", "logging-call-at": "/home/ubuntu/temporal-investigation-20260909/restart-20260909-1600/source-reset/common/rpc/rpc.go:209"}
2026-09-10T01:22:20.979Z	info	historyClient: ownership caching disabled	{"service": "matching", "logging-call-at": "/home/ubuntu/temporal-investigation-20260909/restart-20260909-1600/source-reset/client/history/client.go:70"}
2026-09-10T01:22:20.979Z	info	creating new visibility manager	{"visibility_plugin_name": "sqlite", "visibility_index_name": "test_830c7a9abd6d43ef9939781d", "logging-call-at": "/home/ubuntu/temporal-investigation-20260909/restart-20260909-1600/source-reset/common/persistence/visibility/factory.go:145"}
2026-09-10T01:22:20.983Z	debug	RPC factory created. enableServerKeepalive: false, enableClientKeepalive: false	{"logging-call-at": "/home/ubuntu/temporal-investigation-20260909/restart-20260909-1600/source-reset/common/resource/fx.go:470"}
2026-09-10T01:22:20.984Z	info	Quota changed	{"component": "persistence", "current-quota": null, "new-quota": 2000, "scope": "host", "service": "frontend", "logging-call-at": "/home/ubuntu/temporal-investigation-20260909/restart-20260909-1600/source-reset/common/quotas/calculator/logged_calculator.go:100"}
2026-09-10T01:22:20.984Z	info	historyClient: ownership caching disabled	{"service": "frontend", "logging-call-at": "/home/ubuntu/temporal-investigation-20260909/restart-20260909-1600/source-reset/client/history/client.go:70"}
2026-09-10T01:22:20.984Z	info	Warning: CHASM component scheduler.scheduler declares state fields that won't be managed by CHASM:
	cacheConflictToken int64
	compiledSpec *scheduler.CompiledSpec	{"logging-call-at": "/home/ubuntu/temporal-investigation-20260909/restart-20260909-1600/source-reset/chasm/registry.go:361"}
2026-09-10T01:22:20.984Z	info	creating new visibility manager	{"visibility_plugin_name": "sqlite", "visibility_index_name": "test_830c7a9abd6d43ef9939781d", "logging-call-at": "/home/ubuntu/temporal-investigation-20260909/restart-20260909-1600/source-reset/common/persistence/visibility/factory.go:145"}
2026-09-10T01:22:20.985Z	info	Initialized service resolver for persistence rate limiting	{"service": "frontend", "logging-call-at": "/home/ubuntu/temporal-investigation-20260909/restart-20260909-1600/source-reset/service/fx.go:76"}
2026-09-10T01:22:20.985Z	info	Quota changed	{"component": "rpc-handler", "current-quota": null, "new-quota": 3000, "scope": "host", "service": "frontend", "logging-call-at": "/home/ubuntu/temporal-investigation-20260909/restart-20260909-1600/source-reset/common/quotas/calculator/logged_calculator.go:100"}
2026-09-10T01:22:20.986Z	info	Created gRPC listener	{"service": "frontend", "address": "127.0.0.1:44515", "logging-call-at": "/home/ubuntu/temporal-investigation-20260909/restart-20260909-1600/source-reset/common/rpc/rpc.go:209"}
2026-09-10T01:22:20.988Z	info	Service is not requested, skipping initialization.	{"service": "internal-frontend", "logging-call-at": "/home/ubuntu/temporal-investigation-20260909/restart-20260909-1600/source-reset/temporal/fx.go:590"}
2026-09-10T01:22:20.988Z	info	Service is not requested, skipping initialization.	{"service": "worker", "logging-call-at": "/home/ubuntu/temporal-investigation-20260909/restart-20260909-1600/source-reset/temporal/fx.go:628"}
2026-09-10T01:22:20.988Z	info	PProf not started due to port not set	{"logging-call-at": "/home/ubuntu/temporal-investigation-20260909/restart-20260909-1600/source-reset/common/pprof/pprof.go:44"}
2026-09-10T01:22:20.989Z	info	Starting server for services	{"value": {"frontend":{},"history":{},"matching":{}}, "logging-call-at": "/home/ubuntu/temporal-investigation-20260909/restart-20260909-1600/source-reset/temporal/server_impl.go:89"}
2026-09-10T01:22:20.990Z	debug	archival:
    history:
        enableRead: false
        provider: null
        state: ""
    visibility:
        enableRead: false
        provider: null
        state: ""
clusterMetadata:
    clusterInformation:
        active:
            enabled: true
            httpAddress: 127.0.0.1:7144
            initialFailoverVersion: 1
            rpcAddress: 127.0.0.1:7134
    currentClusterName: active
    enableGlobalNamespace: false
    failoverVersionIncrement: 10
    masterClusterName: active
    tags: {}
dcRedirectionPolicy:
    policy: ""
dynamicConfigClient: null
global:
    authorization:
        audience: ""
        authExtraHeaderName: ""
        authHeaderName: ""
        authorizer: ""
        claimMapper: ""
        jwtKeyProvider:
            keySourceURIs: []
            refreshInterval: 0s
        permissionsClaimName: ""
        permissionsRegex: ""
        remoteClusterAuth:
            require: false
    membership:
        broadcastAddress: ""
        maxJoinDuration: 1s
    metrics: null
    pprof:
        host: ""
        port: 0
    tls:
        expirationChecks:
            checkInterval: 0s
            errorWindow: 0s
            warningWindow: 0s
        frontend:
            client:
                disableHostVerification: false
                forceTLS: false
                rootCaData: []
                rootCaFiles: []
                serverName: ""
            hostOverrides: {}
            server:
                certData: ""
                certFile: ""
                clientCaData: []
                clientCaFiles: []
                keyData: '******'
                keyFile: ""
                requireClientAuth: false
        internode:
            client:
                disableHostVerification: false
                forceTLS: false
                rootCaData: []
                rootCaFiles: []
                serverName: ""
            hostOverrides: {}
            server:
                certData: ""
                certFile: ""
                clientCaData: []
                clientCaFiles: []
                keyData: '******'
                keyFile: ""
                requireClientAuth: false
        refreshInterval: 0s
        remoteClusters: {}
        systemWorker:
            certData: ""
            certFile: ""
            client:
                disableHostVerification: false
                forceTLS: false
                rootCaData: []
                rootCaFiles: []
                serverName: ""
            keyData: '******'
            keyFile: ""
log:
    development: false
    format: ""
    level: ""
    outputFile: ""
    stdout: false
namespaceDefaults:
    archival:
        history:
            URI: ""
            state: ""
        visibility:
            URI: ""
            state: ""
otel: {}
persistence:
    datastores:
        test:
            cassandra: null
            customDatastore: null
            elasticsearch: null
            faultInjection: null
            sql:
                connectAddr: 127.0.0.1:0
                connectAttributes:
                    cache: private
                    mode: memory
                connectProtocol: tcp
                databaseName: test_830c7a9abd6d43ef9939781d
                maxConnLifetime: 0s
                maxConns: 0
                maxIdleConns: 0
                password: '******'
                passwordCommand: null
                pluginName: sqlite
                taskScanPartitions: 4
                tls: null
                user: ""
    defaultStore: test
    numHistoryShards: 1
    secondaryVisibilityStore: ""
    visibilityStore: test
publicClient:
    forceTLSConfig: ""
    hostPort: ""
    httpHostPort: ""
services:
    frontend:
        rpc:
            bindOnIP: 127.0.0.1
            bindOnLocalHost: false
            clientConnectionConfig:
                keepAliveClientParameters: null
            grpcPort: 44515
            httpAdditionalForwardedHeaders:
                - this-header-forwarded
                - this-header-prefix-forwarded-*
            httpPort: 41591
            keepAliveServerConfig:
                keepAliveEnforcementPolicy: null
                keepAliveServerParameters: null
            membershipPort: 0
    history:
        rpc:
            bindOnIP: 127.0.0.1
            bindOnLocalHost: false
            clientConnectionConfig:
                keepAliveClientParameters: null
            grpcPort: 42219
            httpAdditionalForwardedHeaders: []
            httpPort: 0
            keepAliveServerConfig:
                keepAliveEnforcementPolicy: null
                keepAliveServerParameters: null
            membershipPort: 0
    matching:
        rpc:
            bindOnIP: 127.0.0.1
            bindOnLocalHost: false
            clientConnectionConfig:
                keepAliveClientParameters: null
            grpcPort: 38275
            httpAdditionalForwardedHeaders: []
            httpPort: 0
            keepAliveServerConfig:
                keepAliveEnforcementPolicy: null
                keepAliveServerParameters: null
            membershipPort: 0
visibility:
    persistenceCustomSearchAttributes: {}
	{"logging-call-at": "/home/ubuntu/temporal-investigation-20260909/restart-20260909-1600/source-reset/temporal/server_impl.go:90"}
2026-09-10T01:22:20.991Z	info	Watch not supported by persistence, namespace registry will use polling	{"service": "matching", "logging-call-at": "/home/ubuntu/temporal-investigation-20260909/restart-20260909-1600/source-reset/common/namespace/nsregistry/registry.go:234"}
2026-09-10T01:22:20.991Z	info	RuntimeMetricsReporter started	{"service": "matching", "logging-call-at": "/home/ubuntu/temporal-investigation-20260909/restart-20260909-1600/source-reset/common/metrics/runtime.go:121"}
2026-09-10T01:22:20.991Z	info	matching starting	{"service": "matching", "logging-call-at": "/home/ubuntu/temporal-investigation-20260909/restart-20260909-1600/source-reset/service/matching/service.go:63"}
2026-09-10T01:22:20.991Z	info	Update worker pool size	{"key": "worker-pool-size", "value": 64, "logging-call-at": "/home/ubuntu/temporal-investigation-20260909/restart-20260909-1600/source-reset/common/tasks/sequential_scheduler.go:228"}
2026-09-10T01:22:20.991Z	info	Starting to serve on matching listener	{"service": "matching", "logging-call-at": "/home/ubuntu/temporal-investigation-20260909/restart-20260909-1600/source-reset/service/matching/service.go:77"}
2026-09-10T01:22:20.991Z	info	sequential scheduler started	{"logging-call-at": "/home/ubuntu/temporal-investigation-20260909/restart-20260909-1600/source-reset/common/tasks/sequential_scheduler.go:81"}
2026-09-10T01:22:20.991Z	info	interleaved weighted round robin task scheduler started	{"logging-call-at": "/home/ubuntu/temporal-investigation-20260909/restart-20260909-1600/source-reset/common/tasks/interleaved_weighted_round_robin.go:116"}
2026-09-10T01:22:20.991Z	info	Update worker pool size	{"key": "worker-pool-size", "value": 64, "logging-call-at": "/home/ubuntu/temporal-investigation-20260909/restart-20260909-1600/source-reset/common/tasks/sequential_scheduler.go:228"}
2026-09-10T01:22:20.991Z	info	sequential scheduler started	{"logging-call-at": "/home/ubuntu/temporal-investigation-20260909/restart-20260909-1600/source-reset/common/tasks/sequential_scheduler.go:81"}
2026-09-10T01:22:20.991Z	info	interleaved weighted round robin task scheduler started	{"logging-call-at": "/home/ubuntu/temporal-investigation-20260909/restart-20260909-1600/source-reset/common/tasks/interleaved_weighted_round_robin.go:116"}
2026-09-10T01:22:20.991Z	info	Update worker pool size	{"key": "worker-pool-size", "service": "history", "value": 64, "logging-call-at": "/home/ubuntu/temporal-investigation-20260909/restart-20260909-1600/source-reset/common/tasks/fifo_scheduler.go:138"}
2026-09-10T01:22:20.991Z	info	fifo scheduler started	{"service": "history", "logging-call-at": "/home/ubuntu/temporal-investigation-20260909/restart-20260909-1600/source-reset/common/tasks/fifo_scheduler.go:68"}
2026-09-10T01:22:20.991Z	info	execution queue scheduler started	{"service": "history", "logging-call-at": "/home/ubuntu/temporal-investigation-20260909/restart-20260909-1600/source-reset/common/tasks/execution_queue_scheduler.go:93"}
2026-09-10T01:22:20.991Z	info	interleaved weighted round robin task scheduler started	{"service": "history", "logging-call-at": "/home/ubuntu/temporal-investigation-20260909/restart-20260909-1600/source-reset/common/tasks/interleaved_weighted_round_robin.go:116"}
2026-09-10T01:22:20.991Z	info	Update worker pool size	{"key": "worker-pool-size", "service": "history", "value": 64, "logging-call-at": "/home/ubuntu/temporal-investigation-20260909/restart-20260909-1600/source-reset/common/tasks/fifo_scheduler.go:138"}
2026-09-10T01:22:20.991Z	info	fifo scheduler started	{"service": "history", "logging-call-at": "/home/ubuntu/temporal-investigation-20260909/restart-20260909-1600/source-reset/common/tasks/fifo_scheduler.go:68"}
2026-09-10T01:22:20.991Z	info	execution queue scheduler started	{"service": "history", "logging-call-at": "/home/ubuntu/temporal-investigation-20260909/restart-20260909-1600/source-reset/common/tasks/execution_queue_scheduler.go:93"}
2026-09-10T01:22:20.991Z	info	interleaved weighted round robin task scheduler started	{"service": "history", "logging-call-at": "/home/ubuntu/temporal-investigation-20260909/restart-20260909-1600/source-reset/common/tasks/interleaved_weighted_round_robin.go:116"}
2026-09-10T01:22:20.991Z	info	Update worker pool size	{"component": "memory-scheduled-queue-processor", "key": "worker-pool-size", "service": "history", "value": 64, "logging-call-at": "/home/ubuntu/temporal-investigation-20260909/restart-20260909-1600/source-reset/common/tasks/fifo_scheduler.go:138"}
2026-09-10T01:22:20.991Z	info	fifo scheduler started	{"component": "memory-scheduled-queue-processor", "service": "history", "logging-call-at": "/home/ubuntu/temporal-investigation-20260909/restart-20260909-1600/source-reset/common/tasks/fifo_scheduler.go:68"}
2026-09-10T01:22:20.991Z	info	Update worker pool size	{"key": "worker-pool-size", "service": "history", "value": 64, "logging-call-at": "/home/ubuntu/temporal-investigation-20260909/restart-20260909-1600/source-reset/common/tasks/fifo_scheduler.go:138"}
2026-09-10T01:22:20.991Z	info	fifo scheduler started	{"service": "history", "logging-call-at": "/home/ubuntu/temporal-investigation-20260909/restart-20260909-1600/source-reset/common/tasks/fifo_scheduler.go:68"}
2026-09-10T01:22:20.991Z	info	execution queue scheduler started	{"service": "history", "logging-call-at": "/home/ubuntu/temporal-investigation-20260909/restart-20260909-1600/source-reset/common/tasks/execution_queue_scheduler.go:93"}
2026-09-10T01:22:20.991Z	info	interleaved weighted round robin task scheduler started	{"service": "history", "logging-call-at": "/home/ubuntu/temporal-investigation-20260909/restart-20260909-1600/source-reset/common/tasks/interleaved_weighted_round_robin.go:116"}
2026-09-10T01:22:20.992Z	info	Watch not supported by persistence, namespace registry will use polling	{"service": "history", "logging-call-at": "/home/ubuntu/temporal-investigation-20260909/restart-20260909-1600/source-reset/common/namespace/nsregistry/registry.go:234"}
2026-09-10T01:22:20.992Z	info	RuntimeMetricsReporter started	{"service": "history", "logging-call-at": "/home/ubuntu/temporal-investigation-20260909/restart-20260909-1600/source-reset/common/metrics/runtime.go:121"}
2026-09-10T01:22:20.992Z	info	history starting	{"logging-call-at": "/home/ubuntu/temporal-investigation-20260909/restart-20260909-1600/source-reset/service/history/service.go:69"}
2026-09-10T01:22:20.992Z	info	Replication task fetchers started.	{"logging-call-at": "/home/ubuntu/temporal-investigation-20260909/restart-20260909-1600/source-reset/service/history/replication/task_fetcher.go:117"}
2026-09-10T01:22:20.992Z	info	StreamReceiverMonitor started.	{"logging-call-at": "/home/ubuntu/temporal-investigation-20260909/restart-20260909-1600/source-reset/service/history/replication/stream_receiver_monitor.go:87"}
2026-09-10T01:22:20.992Z	info	none	{"address": "127.0.0.1:42219", "component": "shard-controller", "lifecycle": "Started", "logging-call-at": "/home/ubuntu/temporal-investigation-20260909/restart-20260909-1600/source-reset/service/history/shard/controller_impl.go:112"}
2026-09-10T01:22:20.993Z	info	none	{"address": "127.0.0.1:42219", "component": "shard-controller", "number-changed": 0, "number-deleted": 0, "number-processed": 1, "shard-update": "RingMembershipChangedEvent", "logging-call-at": "/home/ubuntu/temporal-investigation-20260909/restart-20260909-1600/source-reset/service/history/shard/ownership.go:92"}
2026-09-10T01:22:20.993Z	info	none	{"address": "127.0.0.1:42219", "component": "shard-context", "lifecycle": "Started", "shard-id": 1, "logging-call-at": "/home/ubuntu/temporal-investigation-20260909/restart-20260909-1600/source-reset/service/history/shard/context_impl.go:1764"}
2026-09-10T01:22:20.993Z	info	none	{"address": "127.0.0.1:42219", "component": "shard-controller", "numShards": 1, "logging-call-at": "/home/ubuntu/temporal-investigation-20260909/restart-20260909-1600/source-reset/service/history/shard/controller_impl.go:265"}
2026-09-10T01:22:20.992Z	info	Starting to serve on history listener	{"logging-call-at": "/home/ubuntu/temporal-investigation-20260909/restart-20260909-1600/source-reset/service/history/service.go:95"}
2026-09-10T01:22:20.993Z	info	Range updated for shardID	{"address": "127.0.0.1:42219", "previous-shard-range-id": 0, "shard-id": 1, "shard-range-id": 1, "logging-call-at": "/home/ubuntu/temporal-investigation-20260909/restart-20260909-1600/source-reset/service/history/shard/context_impl.go:1241"}
2026-09-10T01:22:20.993Z	info	Task key range updated	{"address": "127.0.0.1:42219", "next-number": 2097152, "number": 1048576, "shard-id": 1, "logging-call-at": "/home/ubuntu/temporal-investigation-20260909/restart-20260909-1600/source-reset/service/history/shard/task_key_generator.go:155"}
2026-09-10T01:22:20.993Z	info	Acquired shard	{"address": "127.0.0.1:42219", "shard-id": 1, "logging-call-at": "/home/ubuntu/temporal-investigation-20260909/restart-20260909-1600/source-reset/service/history/shard/context_impl.go:2129"}
2026-09-10T01:22:20.993Z	info	none	{"address": "127.0.0.1:42219", "component": "shard-engine", "lifecycle": "Starting", "shard-id": 1, "logging-call-at": "/home/ubuntu/temporal-investigation-20260909/restart-20260909-1600/source-reset/service/history/shard/context_impl.go:1604"}
2026-09-10T01:22:20.994Z	info	none	{"address": "127.0.0.1:42219", "component": "history-engine", "lifecycle": "Starting", "shard-id": 1, "logging-call-at": "/home/ubuntu/temporal-investigation-20260909/restart-20260909-1600/source-reset/service/history/history_engine.go:386"}
2026-09-10T01:22:20.994Z	info	none	{"address": "127.0.0.1:42219", "component": "visibility-queue-processor", "lifecycle": "Starting", "shard-id": 1, "logging-call-at": "/home/ubuntu/temporal-investigation-20260909/restart-20260909-1600/source-reset/service/history/queues/queue_immediate.go:96"}
2026-09-10T01:22:20.994Z	info	Task rescheduler started.	{"address": "127.0.0.1:42219", "component": "visibility-queue-processor", "lifecycle": "Started", "shard-id": 1, "logging-call-at": "/home/ubuntu/temporal-investigation-20260909/restart-20260909-1600/source-reset/service/history/queues/rescheduler.go:102"}
2026-09-10T01:22:20.994Z	info	Watch not supported by persistence, namespace registry will use polling	{"service": "frontend", "logging-call-at": "/home/ubuntu/temporal-investigation-20260909/restart-20260909-1600/source-reset/common/namespace/nsregistry/registry.go:234"}
2026-09-10T01:22:20.994Z	info	none	{"address": "127.0.0.1:42219", "component": "visibility-queue-processor", "lifecycle": "Started", "shard-id": 1, "logging-call-at": "/home/ubuntu/temporal-investigation-20260909/restart-20260909-1600/source-reset/service/history/queues/queue_immediate.go:105"}
2026-09-10T01:22:20.994Z	info	none	{"address": "127.0.0.1:42219", "component": "outbound-queue-processor", "lifecycle": "Starting", "shard-id": 1, "logging-call-at": "/home/ubuntu/temporal-investigation-20260909/restart-20260909-1600/source-reset/service/history/queues/queue_immediate.go:96"}
2026-09-10T01:22:20.994Z	info	Task rescheduler started.	{"address": "127.0.0.1:42219", "component": "outbound-queue-processor", "lifecycle": "Started", "shard-id": 1, "logging-call-at": "/home/ubuntu/temporal-investigation-20260909/restart-20260909-1600/source-reset/service/history/queues/rescheduler.go:102"}
2026-09-10T01:22:20.994Z	info	none	{"address": "127.0.0.1:42219", "component": "outbound-queue-processor", "lifecycle": "Started", "shard-id": 1, "logging-call-at": "/home/ubuntu/temporal-investigation-20260909/restart-20260909-1600/source-reset/service/history/queues/queue_immediate.go:105"}
2026-09-10T01:22:20.994Z	info	none	{"address": "127.0.0.1:42219", "component": "timer-queue-processor", "lifecycle": "Starting", "shard-id": 1, "logging-call-at": "/home/ubuntu/temporal-investigation-20260909/restart-20260909-1600/source-reset/service/history/queues/queue_scheduled.go:130"}
2026-09-10T01:22:20.994Z	info	Task rescheduler started.	{"address": "127.0.0.1:42219", "component": "timer-queue-processor", "lifecycle": "Started", "shard-id": 1, "logging-call-at": "/home/ubuntu/temporal-investigation-20260909/restart-20260909-1600/source-reset/service/history/queues/rescheduler.go:102"}
2026-09-10T01:22:20.994Z	info	none	{"address": "127.0.0.1:42219", "component": "timer-queue-processor", "lifecycle": "Started", "shard-id": 1, "logging-call-at": "/home/ubuntu/temporal-investigation-20260909/restart-20260909-1600/source-reset/service/history/queues/queue_scheduled.go:139"}
2026-09-10T01:22:20.994Z	info	none	{"component": "memory-scheduled-queue-processor", "lifecycle": "Starting", "service": "history", "logging-call-at": "/home/ubuntu/temporal-investigation-20260909/restart-20260909-1600/source-reset/service/history/queues/memory_scheduled_queue.go:79"}
2026-09-10T01:22:20.994Z	info	none	{"component": "memory-scheduled-queue-processor", "lifecycle": "Started", "service": "history", "logging-call-at": "/home/ubuntu/temporal-investigation-20260909/restart-20260909-1600/source-reset/service/history/queues/memory_scheduled_queue.go:84"}
2026-09-10T01:22:20.994Z	info	none	{"address": "127.0.0.1:42219", "component": "transfer-queue-processor", "lifecycle": "Starting", "shard-id": 1, "logging-call-at": "/home/ubuntu/temporal-investigation-20260909/restart-20260909-1600/source-reset/service/history/queues/queue_immediate.go:96"}
2026-09-10T01:22:20.994Z	info	queue reader started	{"address": "127.0.0.1:42219", "component": "visibility-queue-processor", "lifecycle": "Started", "queue-reader-id": 0, "shard-id": 1, "logging-call-at": "/home/ubuntu/temporal-investigation-20260909/restart-20260909-1600/source-reset/service/history/queues/reader.go:158"}
2026-09-10T01:22:20.994Z	info	Task rescheduler started.	{"address": "127.0.0.1:42219", "component": "transfer-queue-processor", "lifecycle": "Started", "shard-id": 1, "logging-call-at": "/home/ubuntu/temporal-investigation-20260909/restart-20260909-1600/source-reset/service/history/queues/rescheduler.go:102"}
2026-09-10T01:22:20.994Z	info	queue reader started	{"address": "127.0.0.1:42219", "component": "outbound-queue-processor", "lifecycle": "Started", "queue-reader-id": 0, "shard-id": 1, "logging-call-at": "/home/ubuntu/temporal-investigation-20260909/restart-20260909-1600/source-reset/service/history/queues/reader.go:158"}
2026-09-10T01:22:20.994Z	info	none	{"address": "127.0.0.1:42219", "component": "transfer-queue-processor", "lifecycle": "Started", "shard-id": 1, "logging-call-at": "/home/ubuntu/temporal-investigation-20260909/restart-20260909-1600/source-reset/service/history/queues/queue_immediate.go:105"}
2026-09-10T01:22:20.994Z	info	none	{"address": "127.0.0.1:42219", "component": "history-engine", "lifecycle": "Started", "shard-id": 1, "logging-call-at": "/home/ubuntu/temporal-investigation-20260909/restart-20260909-1600/source-reset/service/history/history_engine.go:395"}
2026-09-10T01:22:20.994Z	info	none	{"address": "127.0.0.1:42219", "component": "shard-engine", "lifecycle": "Started", "shard-id": 1, "logging-call-at": "/home/ubuntu/temporal-investigation-20260909/restart-20260909-1600/source-reset/service/history/shard/context_impl.go:1607"}
2026-09-10T01:22:20.994Z	error	Queue reader unable to retrieve tasks	{"address": "127.0.0.1:42219", "component": "visibility-queue-processor", "error": "shard status unknown", "queue-reader-id": 0, "shard-id": 1, "logging-call-at": "/home/ubuntu/temporal-investigation-20260909/restart-20260909-1600/source-reset/service/history/queues/reader.go:457"}
go.temporal.io/server/common/log.(*zapLogger).Error
	/home/ubuntu/temporal-investigation-20260909/restart-20260909-1600/source-reset/common/log/zap_logger.go:191
go.temporal.io/server/common/testing/testlogger.(*TestLogger).Error
	/home/ubuntu/temporal-investigation-20260909/restart-20260909-1600/source-reset/common/testing/testlogger/testlogger.go:543
go.temporal.io/server/service/history/queues.(*ReaderImpl).loadAndSubmitTasks
	/home/ubuntu/temporal-investigation-20260909/restart-20260909-1600/source-reset/service/history/queues/reader.go:457
go.temporal.io/server/service/history/queues.(*ReaderImpl).eventLoop
	/home/ubuntu/temporal-investigation-20260909/restart-20260909-1600/source-reset/service/history/queues/reader.go:422
2026-09-10T01:22:20.994Z	info	RuntimeMetricsReporter started	{"service": "frontend", "logging-call-at": "/home/ubuntu/temporal-investigation-20260909/restart-20260909-1600/source-reset/common/metrics/runtime.go:121"}
2026-09-10T01:22:20.994Z	info	queue reader started	{"address": "127.0.0.1:42219", "component": "timer-queue-processor", "lifecycle": "Started", "queue-reader-id": 0, "shard-id": 1, "logging-call-at": "/home/ubuntu/temporal-investigation-20260909/restart-20260909-1600/source-reset/service/history/queues/reader.go:158"}
2026-09-10T01:22:20.995Z	info	frontend starting	{"service": "frontend", "logging-call-at": "/home/ubuntu/temporal-investigation-20260909/restart-20260909-1600/source-reset/service/frontend/service.go:515"}
2026-09-10T01:22:20.994Z	error	Queue reader unable to retrieve tasks	{"address": "127.0.0.1:42219", "component": "outbound-queue-processor", "error": "shard status unknown", "queue-reader-id": 0, "shard-id": 1, "logging-call-at": "/home/ubuntu/temporal-investigation-20260909/restart-20260909-1600/source-reset/service/history/queues/reader.go:457"}
go.temporal.io/server/common/log.(*zapLogger).Error
	/home/ubuntu/temporal-investigation-20260909/restart-20260909-1600/source-reset/common/log/zap_logger.go:191
go.temporal.io/server/common/testing/testlogger.(*TestLogger).Error
	/home/ubuntu/temporal-investigation-20260909/restart-20260909-1600/source-reset/common/testing/testlogger/testlogger.go:543
go.temporal.io/server/service/history/queues.(*ReaderImpl).loadAndSubmitTasks
	/home/ubuntu/temporal-investigation-20260909/restart-20260909-1600/source-reset/service/history/queues/reader.go:457
go.temporal.io/server/service/history/queues.(*ReaderImpl).eventLoop
	/home/ubuntu/temporal-investigation-20260909/restart-20260909-1600/source-reset/service/history/queues/reader.go:422
2026-09-10T01:22:20.995Z	info	queue reader started	{"address": "127.0.0.1:42219", "component": "transfer-queue-processor", "lifecycle": "Started", "queue-reader-id": 0, "shard-id": 1, "logging-call-at": "/home/ubuntu/temporal-investigation-20260909/restart-20260909-1600/source-reset/service/history/queues/reader.go:158"}
2026-09-10T01:22:20.995Z	info	initial shards ready	{"address": "127.0.0.1:42219", "component": "shard-controller", "total": 1, "logging-call-at": "/home/ubuntu/temporal-investigation-20260909/restart-20260909-1600/source-reset/service/history/shard/controller_impl.go:511"}
2026-09-10T01:22:20.995Z	info	Frontend is now healthy	{"service": "frontend", "logging-call-at": "/home/ubuntu/temporal-investigation-20260909/restart-20260909-1600/source-reset/service/frontend/workflow_handler.go:419"}
2026-09-10T01:22:20.995Z	info	Starting to serve on frontend listener	{"service": "frontend", "logging-call-at": "/home/ubuntu/temporal-investigation-20260909/restart-20260909-1600/source-reset/service/frontend/service.go:533"}
2026-09-10T01:22:20.996Z	info	ContextMetadataInterceptor: No metadata in context, not setting trailer	{"fullMethod": "/temporal.server.api.matchingservice.v1.MatchingService/ListNexusEndpoints", "logging-call-at": "/home/ubuntu/temporal-investigation-20260909/restart-20260909-1600/source-reset/common/log/throttle_logger.go:44"}
2026-09-10T01:22:20.996Z	info	TrailerToContextMetadataInterceptor: No metadata in trailer	{"contextWrapped": false, "method": "/temporal.server.api.matchingservice.v1.MatchingService/ListNexusEndpoints", "service": "history", "logging-call-at": "/home/ubuntu/temporal-investigation-20260909/restart-20260909-1600/source-reset/common/log/throttle_logger.go:44"}
2026-09-10T01:22:20.996Z	info	TrailerToContextMetadataInterceptor: No metadata in trailer	{"contextWrapped": false, "method": "/temporal.server.api.matchingservice.v1.MatchingService/ListNexusEndpoints", "service": "frontend", "logging-call-at": "/home/ubuntu/temporal-investigation-20260909/restart-20260909-1600/source-reset/common/log/throttle_logger.go:44"}
2026-09-10T01:22:20.998Z	debug	Frontend method invoked.	{"wf-namespace": "namespace-2dcb340b-88dd-4f99-b107-afa2731ac7c3", "operation": "DescribeNamespace", "server-name": "", "cert-thumbprint": "", "logging-call-at": "/home/ubuntu/temporal-investigation-20260909/restart-20260909-1600/source-reset/common/rpc/interceptor/namespace_logger.go:53"}
2026-09-10T01:22:20.998Z	info	Quota changed	{"component": "rpc-handler", "current-quota": null, "new-quota": 2400, "scope": "namespace", "service": "frontend", "wf-namespace": "namespace-2dcb340b-88dd-4f99-b107-afa2731ac7c3", "logging-call-at": "/home/ubuntu/temporal-investigation-20260909/restart-20260909-1600/source-reset/common/quotas/calculator/logged_calculator.go:100"}
2026-09-10T01:22:20.998Z	info	Quota changed	{"component": "persistence", "current-quota": null, "new-quota": 0, "scope": "namespace", "service": "frontend", "wf-namespace": "namespace-2dcb340b-88dd-4f99-b107-afa2731ac7c3", "logging-call-at": "/home/ubuntu/temporal-investigation-20260909/restart-20260909-1600/source-reset/common/quotas/calculator/logged_calculator.go:100"}
2026-09-10T01:22:20.999Z	debug	Frontend method invoked.	{"wf-namespace": "namespace-2dcb340b-88dd-4f99-b107-afa2731ac7c3", "operation": "AddSearchAttributes", "server-name": "", "cert-thumbprint": "", "logging-call-at": "/home/ubuntu/temporal-investigation-20260909/restart-20260909-1600/source-reset/common/rpc/interceptor/namespace_logger.go:53"}
2026-09-10T01:22:20.999Z	debug	Frontend method invoked.	{"wf-namespace": "namespace-2dcb340b-88dd-4f99-b107-afa2731ac7c3", "operation": "DescribeNamespace", "server-name": "", "cert-thumbprint": "", "logging-call-at": "/home/ubuntu/temporal-investigation-20260909/restart-20260909-1600/source-reset/common/rpc/interceptor/namespace_logger.go:53"}
2026-09-10T01:22:21.000Z	debug	Frontend method invoked.	{"wf-namespace": "namespace-2dcb340b-88dd-4f99-b107-afa2731ac7c3", "operation": "UpdateNamespace", "server-name": "", "cert-thumbprint": "", "logging-call-at": "/home/ubuntu/temporal-investigation-20260909/restart-20260909-1600/source-reset/common/rpc/interceptor/namespace_logger.go:53"}
2026-09-10T01:22:21.000Z	info	Quota changed	{"component": "namespace-replication", "current-quota": null, "new-quota": 10, "scope": "namespace", "service": "frontend", "wf-namespace": "namespace-2dcb340b-88dd-4f99-b107-afa2731ac7c3", "logging-call-at": "/home/ubuntu/temporal-investigation-20260909/restart-20260909-1600/source-reset/common/quotas/calculator/logged_calculator.go:100"}
2026-09-10T01:22:21.000Z	info	Update namespace succeeded	{"service": "frontend", "wf-namespace": "namespace-2dcb340b-88dd-4f99-b107-afa2731ac7c3", "wf-namespace-id": "5bcd966f-c25f-4819-a567-d47b805c5ab7", "logging-call-at": "/home/ubuntu/temporal-investigation-20260909/restart-20260909-1600/source-reset/service/frontend/namespace_handler.go:667"}
2026-09-10T01:22:21.000Z	debug	Frontend method invoked.	{"wf-namespace": "namespace-2dcb340b-88dd-4f99-b107-afa2731ac7c3", "operation": "ListSearchAttributes", "server-name": "", "cert-thumbprint": "", "logging-call-at": "/home/ubuntu/temporal-investigation-20260909/restart-20260909-1600/source-reset/common/rpc/interceptor/namespace_logger.go:53"}
2026-09-10T01:22:21.001Z	debug	Frontend method invoked.	{"wf-namespace": "namespace-2dcb340b-88dd-4f99-b107-afa2731ac7c3", "operation": "DescribeNamespace", "server-name": "", "cert-thumbprint": "", "logging-call-at": "/home/ubuntu/temporal-investigation-20260909/restart-20260909-1600/source-reset/common/rpc/interceptor/namespace_logger.go:53"}
2026-09-10T01:22:21.001Z	info	Register namespace succeeded	{"wf-namespace": "namespace-2dcb340b-88dd-4f99-b107-afa2731ac7c3", "wf-namespace-id": "5bcd966f-c25f-4819-a567-d47b805c5ab7", "logging-call-at": "/home/ubuntu/temporal-investigation-20260909/restart-20260909-1600/source-reset/tests/testcore/functional_test_base.go:600"}
2026-09-10T01:22:21.001Z	debug	Frontend method invoked.	{"wf-namespace": "external-namespace-ac6fb837-cad3-4e3f-af0c-976ed3364171", "operation": "DescribeNamespace", "server-name": "", "cert-thumbprint": "", "logging-call-at": "/home/ubuntu/temporal-investigation-20260909/restart-20260909-1600/source-reset/common/rpc/interceptor/namespace_logger.go:53"}
2026-09-10T01:22:21.002Z	info	Quota changed	{"component": "rpc-handler", "current-quota": null, "new-quota": 2400, "scope": "namespace", "service": "frontend", "wf-namespace": "external-namespace-ac6fb837-cad3-4e3f-af0c-976ed3364171", "logging-call-at": "/home/ubuntu/temporal-investigation-20260909/restart-20260909-1600/source-reset/common/quotas/calculator/logged_calculator.go:100"}
2026-09-10T01:22:21.002Z	info	Quota changed	{"component": "persistence", "current-quota": null, "new-quota": 0, "scope": "namespace", "service": "frontend", "wf-namespace": "external-namespace-ac6fb837-cad3-4e3f-af0c-976ed3364171", "logging-call-at": "/home/ubuntu/temporal-investigation-20260909/restart-20260909-1600/source-reset/common/quotas/calculator/logged_calculator.go:100"}
2026-09-10T01:22:21.002Z	debug	Frontend method invoked.	{"wf-namespace": "external-namespace-ac6fb837-cad3-4e3f-af0c-976ed3364171", "operation": "AddSearchAttributes", "server-name": "", "cert-thumbprint": "", "logging-call-at": "/home/ubuntu/temporal-investigation-20260909/restart-20260909-1600/source-reset/common/rpc/interceptor/namespace_logger.go:53"}
2026-09-10T01:22:21.002Z	debug	Frontend method invoked.	{"wf-namespace": "external-namespace-ac6fb837-cad3-4e3f-af0c-976ed3364171", "operation": "DescribeNamespace", "server-name": "", "cert-thumbprint": "", "logging-call-at": "/home/ubuntu/temporal-investigation-20260909/restart-20260909-1600/source-reset/common/rpc/interceptor/namespace_logger.go:53"}
2026-09-10T01:22:21.002Z	debug	Frontend method invoked.	{"wf-namespace": "external-namespace-ac6fb837-cad3-4e3f-af0c-976ed3364171", "operation": "UpdateNamespace", "server-name": "", "cert-thumbprint": "", "logging-call-at": "/home/ubuntu/temporal-investigation-20260909/restart-20260909-1600/source-reset/common/rpc/interceptor/namespace_logger.go:53"}
2026-09-10T01:22:21.002Z	info	Quota changed	{"component": "namespace-replication", "current-quota": null, "new-quota": 10, "scope": "namespace", "service": "frontend", "wf-namespace": "external-namespace-ac6fb837-cad3-4e3f-af0c-976ed3364171", "logging-call-at": "/home/ubuntu/temporal-investigation-20260909/restart-20260909-1600/source-reset/common/quotas/calculator/logged_calculator.go:100"}
2026-09-10T01:22:21.003Z	info	Update namespace succeeded	{"service": "frontend", "wf-namespace": "external-namespace-ac6fb837-cad3-4e3f-af0c-976ed3364171", "wf-namespace-id": "c233ed59-48dd-4528-9eca-27dc150f4382", "logging-call-at": "/home/ubuntu/temporal-investigation-20260909/restart-20260909-1600/source-reset/service/frontend/namespace_handler.go:667"}
2026-09-10T01:22:21.003Z	debug	Frontend method invoked.	{"wf-namespace": "external-namespace-ac6fb837-cad3-4e3f-af0c-976ed3364171", "operation": "ListSearchAttributes", "server-name": "", "cert-thumbprint": "", "logging-call-at": "/home/ubuntu/temporal-investigation-20260909/restart-20260909-1600/source-reset/common/rpc/interceptor/namespace_logger.go:53"}
2026-09-10T01:22:21.003Z	debug	Frontend method invoked.	{"wf-namespace": "external-namespace-ac6fb837-cad3-4e3f-af0c-976ed3364171", "operation": "DescribeNamespace", "server-name": "", "cert-thumbprint": "", "logging-call-at": "/home/ubuntu/temporal-investigation-20260909/restart-20260909-1600/source-reset/common/rpc/interceptor/namespace_logger.go:53"}
2026-09-10T01:22:21.003Z	info	Register namespace succeeded	{"wf-namespace": "external-namespace-ac6fb837-cad3-4e3f-af0c-976ed3364171", "wf-namespace-id": "c233ed59-48dd-4528-9eca-27dc150f4382", "logging-call-at": "/home/ubuntu/temporal-investigation-20260909/restart-20260909-1600/source-reset/tests/testcore/functional_test_base.go:600"}
2026/09/10 01:22:21 CLUSTEREVENT {"kind":"dedicated","reason":"custom history shard count used","suite":"TestWorkflowResetTestSuite","test":"TestWorkflowResetTestSuite/TestTraceReset","worker":false}
    shared_cluster_t.go:72: 2026-09-10T01:22:21.004Z	debug	Frontend method invoked.	{"wf-namespace": "TestWorkflowResetTestSuite-TestTraceReset-cabf061a-a4ae-4035-8077-814d1ecb810f", "operation": "DescribeNamespace", "server-name": "", "cert-thumbprint": "", "logging-call-at": "/home/ubuntu/temporal-investigation-20260909/restart-20260909-1600/source-reset/common/rpc/interceptor/namespace_logger.go:53"}
    shared_cluster_t.go:72: 2026-09-10T01:22:21.004Z	info	Quota changed	{"component": "rpc-handler", "current-quota": null, "new-quota": 2400, "scope": "namespace", "service": "frontend", "wf-namespace": "TestWorkflowResetTestSuite-TestTraceReset-cabf061a-a4ae-4035-8077-814d1ecb810f", "logging-call-at": "/home/ubuntu/temporal-investigation-20260909/restart-20260909-1600/source-reset/common/quotas/calculator/logged_calculator.go:100"}
    shared_cluster_t.go:72: 2026-09-10T01:22:21.004Z	info	Quota changed	{"component": "persistence", "current-quota": null, "new-quota": 0, "scope": "namespace", "service": "frontend", "wf-namespace": "TestWorkflowResetTestSuite-TestTraceReset-cabf061a-a4ae-4035-8077-814d1ecb810f", "logging-call-at": "/home/ubuntu/temporal-investigation-20260909/restart-20260909-1600/source-reset/common/quotas/calculator/logged_calculator.go:100"}
    shared_cluster_t.go:72: 2026-09-10T01:22:21.004Z	debug	Frontend method invoked.	{"wf-namespace": "TestWorkflowResetTestSuite-TestTraceReset-cabf061a-a4ae-4035-8077-814d1ecb810f", "operation": "AddSearchAttributes", "server-name": "", "cert-thumbprint": "", "logging-call-at": "/home/ubuntu/temporal-investigation-20260909/restart-20260909-1600/source-reset/common/rpc/interceptor/namespace_logger.go:53"}
    shared_cluster_t.go:72: 2026-09-10T01:22:21.005Z	debug	Frontend method invoked.	{"wf-namespace": "TestWorkflowResetTestSuite-TestTraceReset-cabf061a-a4ae-4035-8077-814d1ecb810f", "operation": "DescribeNamespace", "server-name": "", "cert-thumbprint": "", "logging-call-at": "/home/ubuntu/temporal-investigation-20260909/restart-20260909-1600/source-reset/common/rpc/interceptor/namespace_logger.go:53"}
    shared_cluster_t.go:72: 2026-09-10T01:22:21.005Z	debug	Frontend method invoked.	{"wf-namespace": "TestWorkflowResetTestSuite-TestTraceReset-cabf061a-a4ae-4035-8077-814d1ecb810f", "operation": "UpdateNamespace", "server-name": "", "cert-thumbprint": "", "logging-call-at": "/home/ubuntu/temporal-investigation-20260909/restart-20260909-1600/source-reset/common/rpc/interceptor/namespace_logger.go:53"}
    shared_cluster_t.go:72: 2026-09-10T01:22:21.005Z	info	Quota changed	{"component": "namespace-replication", "current-quota": null, "new-quota": 10, "scope": "namespace", "service": "frontend", "wf-namespace": "TestWorkflowResetTestSuite-TestTraceReset-cabf061a-a4ae-4035-8077-814d1ecb810f", "logging-call-at": "/home/ubuntu/temporal-investigation-20260909/restart-20260909-1600/source-reset/common/quotas/calculator/logged_calculator.go:100"}
    shared_cluster_t.go:72: 2026-09-10T01:22:21.005Z	info	Update namespace succeeded	{"service": "frontend", "wf-namespace": "TestWorkflowResetTestSuite-TestTraceReset-cabf061a-a4ae-4035-8077-814d1ecb810f", "wf-namespace-id": "626d4afa-3233-47dd-a011-4c20fc205359", "logging-call-at": "/home/ubuntu/temporal-investigation-20260909/restart-20260909-1600/source-reset/service/frontend/namespace_handler.go:667"}
    shared_cluster_t.go:72: 2026-09-10T01:22:21.006Z	debug	Frontend method invoked.	{"wf-namespace": "TestWorkflowResetTestSuite-TestTraceReset-cabf061a-a4ae-4035-8077-814d1ecb810f", "operation": "ListSearchAttributes", "server-name": "", "cert-thumbprint": "", "logging-call-at": "/home/ubuntu/temporal-investigation-20260909/restart-20260909-1600/source-reset/common/rpc/interceptor/namespace_logger.go:53"}
    shared_cluster_t.go:72: 2026-09-10T01:22:21.006Z	debug	Frontend method invoked.	{"wf-namespace": "TestWorkflowResetTestSuite-TestTraceReset-cabf061a-a4ae-4035-8077-814d1ecb810f", "operation": "DescribeNamespace", "server-name": "", "cert-thumbprint": "", "logging-call-at": "/home/ubuntu/temporal-investigation-20260909/restart-20260909-1600/source-reset/common/rpc/interceptor/namespace_logger.go:53"}
    shared_cluster_t.go:72: 2026-09-10T01:22:21.006Z	info	Register namespace succeeded	{"wf-namespace": "TestWorkflowResetTestSuite-TestTraceReset-cabf061a-a4ae-4035-8077-814d1ecb810f", "wf-namespace-id": "626d4afa-3233-47dd-a011-4c20fc205359", "logging-call-at": "/home/ubuntu/temporal-investigation-20260909/restart-20260909-1600/source-reset/tests/testcore/functional_test_base.go:600"}
    shared_cluster_t.go:72: 2026-09-10T01:22:21.007Z	debug	routing key extraction: adding routing key to context	{"wf-id": "TestWorkflowResetTestSuite/TestTraceReset_workflow_id", "grpc-method": "/temporal.api.workflowservice.v1.WorkflowService/DescribeWorkflowExecution", "logging-call-at": "/home/ubuntu/temporal-investigation-20260909/restart-20260909-1600/source-reset/common/rpc/interceptor/routing_key_interceptor.go:112"}
    shared_cluster_t.go:72: 2026-09-10T01:22:21.007Z	debug	Frontend method invoked.	{"wf-namespace": "TestWorkflowResetTestSuite-TestTraceReset-cabf061a-a4ae-4035-8077-814d1ecb810f", "operation": "DescribeWorkflowExecution", "server-name": "", "cert-thumbprint": "", "logging-call-at": "/home/ubuntu/temporal-investigation-20260909/restart-20260909-1600/source-reset/common/rpc/interceptor/namespace_logger.go:53"}
    shared_cluster_t.go:72: 2026-09-10T01:22:21.008Z	info	Quota changed	{"component": "persistence", "current-quota": null, "new-quota": 0, "scope": "namespace", "service": "history", "wf-namespace": "TestWorkflowResetTestSuite-TestTraceReset-cabf061a-a4ae-4035-8077-814d1ecb810f", "logging-call-at": "/home/ubuntu/temporal-investigation-20260909/restart-20260909-1600/source-reset/common/quotas/calculator/logged_calculator.go:100"}
    shared_cluster_t.go:72: 2026-09-10T01:22:21.008Z	info	ContextMetadataInterceptor: No metadata in context, not setting trailer	{"fullMethod": "/temporal.server.api.historyservice.v1.HistoryService/DescribeWorkflowExecution", "logging-call-at": "/home/ubuntu/temporal-investigation-20260909/restart-20260909-1600/source-reset/common/log/throttle_logger.go:44"}
    shared_cluster_t.go:72: 2026-09-10T01:22:21.009Z	debug	routing key extraction: adding routing key to context	{"wf-id": "TestWorkflowResetTestSuite/TestTraceReset_workflow_id", "grpc-method": "/temporal.api.workflowservice.v1.WorkflowService/StartWorkflowExecution", "logging-call-at": "/home/ubuntu/temporal-investigation-20260909/restart-20260909-1600/source-reset/common/rpc/interceptor/routing_key_interceptor.go:112"}
    shared_cluster_t.go:72: 2026-09-10T01:22:21.009Z	debug	Frontend method invoked.	{"wf-namespace": "TestWorkflowResetTestSuite-TestTraceReset-cabf061a-a4ae-4035-8077-814d1ecb810f", "operation": "StartWorkflowExecution", "server-name": "", "cert-thumbprint": "", "logging-call-at": "/home/ubuntu/temporal-investigation-20260909/restart-20260909-1600/source-reset/common/rpc/interceptor/namespace_logger.go:53"}
    shared_cluster_t.go:72: 2026-09-10T01:22:21.010Z	debug	Received StartWorkflowExecution.	{"service": "frontend", "wf-id": "TestWorkflowResetTestSuite/TestTraceReset_workflow_id", "wf-type": "TestWorkflowResetTestSuite/TestTraceReset_workflow_type", "logging-call-at": "/home/ubuntu/temporal-investigation-20260909/restart-20260909-1600/source-reset/service/frontend/workflow_handler.go:561"}
    shared_cluster_t.go:72: 2026-09-10T01:22:21.010Z	debug	Start workflow execution request namespace.	{"service": "frontend", "wf-namespace": "TestWorkflowResetTestSuite-TestTraceReset-cabf061a-a4ae-4035-8077-814d1ecb810f", "logging-call-at": "/home/ubuntu/temporal-investigation-20260909/restart-20260909-1600/source-reset/service/frontend/workflow_handler.go:565"}
    shared_cluster_t.go:72: 2026-09-10T01:22:21.010Z	debug	Start workflow execution request namespaceID.	{"service": "frontend", "wf-namespace-id": "626d4afa-3233-47dd-a011-4c20fc205359", "logging-call-at": "/home/ubuntu/temporal-investigation-20260909/restart-20260909-1600/source-reset/service/frontend/workflow_handler.go:570"}
    shared_cluster_t.go:72: 2026-09-10T01:22:21.012Z	debug	Workflow task updated	{"address": "127.0.0.1:42219", "attempt": 1, "shard-id": 1, "wf-id": "TestWorkflowResetTestSuite/TestTraceReset_workflow_id", "wf-namespace": "TestWorkflowResetTestSuite-TestTraceReset-cabf061a-a4ae-4035-8077-814d1ecb810f", "wf-run-id": "01a088e8-9cd2-7bff-954a-386efc50a0a8", "wf-scheduled-event-id": 2, "wf-started-event-id": 0, "wf-started-timestamp": "0001-01-01T00:00:00.000Z", "workflow-task-request-id": "emptyUuid", "workflow-task-timeout": 60, "wt-type": "Normal", "logging-call-at": "/home/ubuntu/temporal-investigation-20260909/restart-20260909-1600/source-reset/common/log/lazy_logger.go:30"}
    shared_cluster_t.go:72: 2026-09-10T01:22:21.012Z	debug	time skipping skipped for: time skipping is not enabled	{"address": "127.0.0.1:42219", "shard-id": 1, "wf-id": "TestWorkflowResetTestSuite/TestTraceReset_workflow_id", "wf-namespace": "TestWorkflowResetTestSuite-TestTraceReset-cabf061a-a4ae-4035-8077-814d1ecb810f", "wf-run-id": "01a088e8-9cd2-7bff-954a-386efc50a0a8", "logging-call-at": "/home/ubuntu/temporal-investigation-20260909/restart-20260909-1600/source-reset/common/log/lazy_logger.go:30"}
    shared_cluster_t.go:72: 2026-09-10T01:22:21.012Z	debug	Assigning new task key	{"address": "127.0.0.1:42219", "cursor-timestamp": "2026-09-10T01:22:21.995Z", "queue-task-id": 1048579, "queue-task-type": "WorkflowRunTimeout", "shard-id": 1, "timestamp": "2026-09-10T01:27:21.011Z", "wf-id": "TestWorkflowResetTestSuite/TestTraceReset_workflow_id", "wf-namespace-id": "626d4afa-3233-47dd-a011-4c20fc205359", "wf-run-id": "01a088e8-9cd2-7bff-954a-386efc50a0a8", "logging-call-at": "/home/ubuntu/temporal-investigation-20260909/restart-20260909-1600/source-reset/service/history/shard/task_key_generator.go:98"}
    shared_cluster_t.go:72: 2026-09-10T01:22:21.012Z	debug	Assigning new task key	{"address": "127.0.0.1:42219", "cursor-timestamp": "2026-09-10T01:22:21.995Z", "queue-task-id": 1048580, "queue-task-type": "VisibilityStartExecution", "shard-id": 1, "timestamp": "2026-09-10T01:22:21.012Z", "wf-id": "TestWorkflowResetTestSuite/TestTraceReset_workflow_id", "wf-namespace-id": "626d4afa-3233-47dd-a011-4c20fc205359", "wf-run-id": "01a088e8-9cd2-7bff-954a-386efc50a0a8", "logging-call-at": "/home/ubuntu/temporal-investigation-20260909/restart-20260909-1600/source-reset/service/history/shard/task_key_generator.go:98"}
    shared_cluster_t.go:72: 2026-09-10T01:22:21.012Z	debug	Assigning new task key	{"address": "127.0.0.1:42219", "cursor-timestamp": "2026-09-10T01:22:21.995Z", "queue-task-id": 1048581, "queue-task-type": "TransferWorkflowTask", "shard-id": 1, "timestamp": "2026-09-10T01:22:21.012Z", "wf-id": "TestWorkflowResetTestSuite/TestTraceReset_workflow_id", "wf-namespace-id": "626d4afa-3233-47dd-a011-4c20fc205359", "wf-run-id": "01a088e8-9cd2-7bff-954a-386efc50a0a8", "logging-call-at": "/home/ubuntu/temporal-investigation-20260909/restart-20260909-1600/source-reset/service/history/shard/task_key_generator.go:98"}
    shared_cluster_t.go:72: 2026-09-10T01:22:21.014Z	debug	Process task as active.	{"address": "127.0.0.1:42219", "component": "transfer-queue-processor", "shard-id": 1, "value": "WorkflowTask{WorkflowKey: 626d4afa-3233-47dd-a011-4c20fc205359/TestWorkflowResetTestSuite/TestTraceReset_workflow_id/01a088e8-9cd2-7bff-954a-386efc50a0a8, VisibilityTimestamp: 2026-09-10 01:22:21.012662731 +0000 UTC, TaskID: 1048581, TaskQueue: TestWorkflowResetTestSuite/TestTraceReset_task_queue, ScheduledEventID: 2, Version: 0}", "wf-namespace-id": "626d4afa-3233-47dd-a011-4c20fc205359", "logging-call-at": "/home/ubuntu/temporal-investigation-20260909/restart-20260909-1600/source-reset/service/history/queues/active_standby_executor.go:121"}
    shared_cluster_t.go:72: 2026-09-10T01:22:21.015Z	debug	Frontend method invoked.	{"wf-namespace": "TestWorkflowResetTestSuite-TestTraceReset-cabf061a-a4ae-4035-8077-814d1ecb810f", "operation": "PollWorkflowTaskQueue", "server-name": "", "cert-thumbprint": "", "logging-call-at": "/home/ubuntu/temporal-investigation-20260909/restart-20260909-1600/source-reset/common/rpc/interceptor/namespace_logger.go:53"}
    shared_cluster_t.go:72: 2026-09-10T01:22:21.015Z	info	Quota changed	{"component": "long-poll-handler", "current-quota": null, "new-quota": 1200, "scope": "namespace", "service": "frontend", "wf-namespace": "TestWorkflowResetTestSuite-TestTraceReset-cabf061a-a4ae-4035-8077-814d1ecb810f", "logging-call-at": "/home/ubuntu/temporal-investigation-20260909/restart-20260909-1600/source-reset/common/quotas/calculator/logged_calculator.go:100"}
    shared_cluster_t.go:72: 2026-09-10T01:22:21.015Z	debug	Received PollWorkflowTaskQueue	{"service": "frontend", "logging-call-at": "/home/ubuntu/temporal-investigation-20260909/restart-20260909-1600/source-reset/service/frontend/workflow_handler.go:1079"}
    shared_cluster_t.go:72: 2026-09-10T01:22:21.015Z	debug	Poll workflow task queue.	{"service": "frontend", "wf-namespace": "TestWorkflowResetTestSuite-TestTraceReset-cabf061a-a4ae-4035-8077-814d1ecb810f", "wf-namespace-id": "626d4afa-3233-47dd-a011-4c20fc205359", "logging-call-at": "/home/ubuntu/temporal-investigation-20260909/restart-20260909-1600/source-reset/service/frontend/workflow_handler.go:1116"}
    shared_cluster_t.go:72: 2026-09-10T01:22:21.016Z	info	Quota changed	{"component": "persistence", "current-quota": null, "new-quota": 0, "scope": "namespace", "service": "matching", "wf-namespace": "TestWorkflowResetTestSuite-TestTraceReset-cabf061a-a4ae-4035-8077-814d1ecb810f", "logging-call-at": "/home/ubuntu/temporal-investigation-20260909/restart-20260909-1600/source-reset/common/quotas/calculator/logged_calculator.go:100"}
    shared_cluster_t.go:72: 2026-09-10T01:22:21.016Z	info	loaded user data from db	{"component": "matching-engine", "timestamp": "1970-01-01T00:00:00.000Z", "user-data-version": 0, "wf-namespace": "TestWorkflowResetTestSuite-TestTraceReset-cabf061a-a4ae-4035-8077-814d1ecb810f", "wf-task-queue-name": "TestWorkflowResetTestSuite/TestTraceReset_task_queue", "wf-task-queue-type": "Workflow", "logging-call-at": "/home/ubuntu/temporal-investigation-20260909/restart-20260909-1600/source-reset/service/matching/user_data_manager.go:871"}
    shared_cluster_t.go:72: 2026-09-10T01:22:21.016Z	info	Started physicalTaskQueueManager	{"backlog": "priority", "cause": "Task", "component": "matching-engine", "lifecycle": "Started", "wf-namespace": "TestWorkflowResetTestSuite-TestTraceReset-cabf061a-a4ae-4035-8077-814d1ecb810f", "wf-task-queue-name": "TestWorkflowResetTestSuite/TestTraceReset_task_queue", "wf-task-queue-type": "Workflow", "worker-version": "_unversioned_", "logging-call-at": "/home/ubuntu/temporal-investigation-20260909/restart-20260909-1600/source-reset/service/matching/physical_task_queue_manager.go:312"}
    shared_cluster_t.go:72: 2026-09-10T01:22:21.016Z	info	Starting draining	{"backlog": "fairness-drain", "component": "matching-engine", "wf-namespace": "TestWorkflowResetTestSuite-TestTraceReset-cabf061a-a4ae-4035-8077-814d1ecb810f", "wf-task-queue-name": "TestWorkflowResetTestSuite/TestTraceReset_task_queue", "wf-task-queue-type": "Workflow", "worker-version": "_unversioned_", "logging-call-at": "/home/ubuntu/temporal-investigation-20260909/restart-20260909-1600/source-reset/service/matching/physical_task_queue_manager.go:430"}
    shared_cluster_t.go:72: 2026-09-10T01:22:21.017Z	debug	returning empty user data (no data or no change)	{"component": "matching-engine", "wf-namespace": "TestWorkflowResetTestSuite-TestTraceReset-cabf061a-a4ae-4035-8077-814d1ecb810f", "wf-task-queue-name": "TestWorkflowResetTestSuite/TestTraceReset_task_queue", "wf-task-queue-type": "Workflow", "logging-call-at": "/home/ubuntu/temporal-investigation-20260909/restart-20260909-1600/source-reset/service/matching/user_data_manager.go:644"}
    shared_cluster_t.go:72: 2026-09-10T01:22:21.017Z	info	TrailerToContextMetadataInterceptor: No metadata in trailer	{"contextWrapped": false, "method": "/temporal.server.api.matchingservice.v1.MatchingService/GetTaskQueueUserData", "service": "matching", "logging-call-at": "/home/ubuntu/temporal-investigation-20260909/restart-20260909-1600/source-reset/common/log/throttle_logger.go:44"}
    shared_cluster_t.go:72: 2026-09-10T01:22:21.017Z	debug	fetched user data from parent, no change	{"component": "matching-engine", "wf-namespace": "TestWorkflowResetTestSuite-TestTraceReset-cabf061a-a4ae-4035-8077-814d1ecb810f", "wf-task-queue-name": "/_sys/TestWorkflowResetTestSuite/TestTraceReset_task_queue/3", "wf-task-queue-type": "Workflow", "logging-call-at": "/home/ubuntu/temporal-investigation-20260909/restart-20260909-1600/source-reset/service/matching/user_data_manager.go:351"}
    shared_cluster_t.go:72: 2026-09-10T01:22:21.017Z	info	Started physicalTaskQueueManager	{"backlog": "priority", "cause": "Poll", "component": "matching-engine", "lifecycle": "Started", "wf-namespace": "TestWorkflowResetTestSuite-TestTraceReset-cabf061a-a4ae-4035-8077-814d1ecb810f", "wf-task-queue-name": "/_sys/TestWorkflowResetTestSuite/TestTraceReset_task_queue/3", "wf-task-queue-type": "Workflow", "worker-version": "_unversioned_", "logging-call-at": "/home/ubuntu/temporal-investigation-20260909/restart-20260909-1600/source-reset/service/matching/physical_task_queue_manager.go:312"}
    shared_cluster_t.go:72: 2026-09-10T01:22:21.017Z	debug	returning empty user data (no data or no change)	{"component": "matching-engine", "wf-namespace": "TestWorkflowResetTestSuite-TestTraceReset-cabf061a-a4ae-4035-8077-814d1ecb810f", "wf-task-queue-name": "TestWorkflowResetTestSuite/TestTraceReset_task_queue", "wf-task-queue-type": "Workflow", "logging-call-at": "/home/ubuntu/temporal-investigation-20260909/restart-20260909-1600/source-reset/service/matching/user_data_manager.go:644"}
    shared_cluster_t.go:72: 2026-09-10T01:22:21.017Z	debug	returning empty user data (no data or no change)	{"component": "matching-engine", "wf-namespace": "TestWorkflowResetTestSuite-TestTraceReset-cabf061a-a4ae-4035-8077-814d1ecb810f", "wf-task-queue-name": "TestWorkflowResetTestSuite/TestTraceReset_task_queue", "wf-task-queue-type": "Workflow", "logging-call-at": "/home/ubuntu/temporal-investigation-20260909/restart-20260909-1600/source-reset/service/matching/user_data_manager.go:644"}
    shared_cluster_t.go:72: 2026-09-10T01:22:21.017Z	info	Starting draining	{"backlog": "fairness-drain", "component": "matching-engine", "wf-namespace": "TestWorkflowResetTestSuite-TestTraceReset-cabf061a-a4ae-4035-8077-814d1ecb810f", "wf-task-queue-name": "/_sys/TestWorkflowResetTestSuite/TestTraceReset_task_queue/3", "wf-task-queue-type": "Workflow", "worker-version": "_unversioned_", "logging-call-at": "/home/ubuntu/temporal-investigation-20260909/restart-20260909-1600/source-reset/service/matching/physical_task_queue_manager.go:430"}
    shared_cluster_t.go:72: 2026-09-10T01:22:21.017Z	debug	fetched user data from parent, no change	{"component": "matching-engine", "wf-namespace": "TestWorkflowResetTestSuite-TestTraceReset-cabf061a-a4ae-4035-8077-814d1ecb810f", "wf-task-queue-name": "/_sys/TestWorkflowResetTestSuite/TestTraceReset_task_queue/1", "wf-task-queue-type": "Workflow", "logging-call-at": "/home/ubuntu/temporal-investigation-20260909/restart-20260909-1600/source-reset/service/matching/user_data_manager.go:351"}
    shared_cluster_t.go:72: 2026-09-10T01:22:21.017Z	debug	fetched user data from parent, no change	{"component": "matching-engine", "wf-namespace": "TestWorkflowResetTestSuite-TestTraceReset-cabf061a-a4ae-4035-8077-814d1ecb810f", "wf-task-queue-name": "/_sys/TestWorkflowResetTestSuite/TestTraceReset_task_queue/2", "wf-task-queue-type": "Workflow", "logging-call-at": "/home/ubuntu/temporal-investigation-20260909/restart-20260909-1600/source-reset/service/matching/user_data_manager.go:351"}
    shared_cluster_t.go:72: 2026-09-10T01:22:21.017Z	info	Started physicalTaskQueueManager	{"backlog": "priority", "cause": "Force", "component": "matching-engine", "lifecycle": "Started", "wf-namespace": "TestWorkflowResetTestSuite-TestTraceReset-cabf061a-a4ae-4035-8077-814d1ecb810f", "wf-task-queue-name": "/_sys/TestWorkflowResetTestSuite/TestTraceReset_task_queue/1", "wf-task-queue-type": "Workflow", "worker-version": "_unversioned_", "logging-call-at": "/home/ubuntu/temporal-investigation-20260909/restart-20260909-1600/source-reset/service/matching/physical_task_queue_manager.go:312"}
    shared_cluster_t.go:72: 2026-09-10T01:22:21.017Z	info	Started physicalTaskQueueManager	{"backlog": "priority", "cause": "Force", "component": "matching-engine", "lifecycle": "Started", "wf-namespace": "TestWorkflowResetTestSuite-TestTraceReset-cabf061a-a4ae-4035-8077-814d1ecb810f", "wf-task-queue-name": "/_sys/TestWorkflowResetTestSuite/TestTraceReset_task_queue/2", "wf-task-queue-type": "Workflow", "worker-version": "_unversioned_", "logging-call-at": "/home/ubuntu/temporal-investigation-20260909/restart-20260909-1600/source-reset/service/matching/physical_task_queue_manager.go:312"}
    shared_cluster_t.go:72: 2026-09-10T01:22:21.017Z	info	Starting draining	{"backlog": "fairness-drain", "component": "matching-engine", "wf-namespace": "TestWorkflowResetTestSuite-TestTraceReset-cabf061a-a4ae-4035-8077-814d1ecb810f", "wf-task-queue-name": "/_sys/TestWorkflowResetTestSuite/TestTraceReset_task_queue/1", "wf-task-queue-type": "Workflow", "worker-version": "_unversioned_", "logging-call-at": "/home/ubuntu/temporal-investigation-20260909/restart-20260909-1600/source-reset/service/matching/physical_task_queue_manager.go:430"}
    shared_cluster_t.go:72: 2026-09-10T01:22:21.017Z	info	Starting draining	{"backlog": "fairness-drain", "component": "matching-engine", "wf-namespace": "TestWorkflowResetTestSuite-TestTraceReset-cabf061a-a4ae-4035-8077-814d1ecb810f", "wf-task-queue-name": "/_sys/TestWorkflowResetTestSuite/TestTraceReset_task_queue/2", "wf-task-queue-type": "Workflow", "worker-version": "_unversioned_", "logging-call-at": "/home/ubuntu/temporal-investigation-20260909/restart-20260909-1600/source-reset/service/matching/physical_task_queue_manager.go:430"}
    shared_cluster_t.go:72: 2026-09-10T01:22:21.018Z	debug	Workflow task updated	{"address": "127.0.0.1:42219", "attempt": 1, "shard-id": 1, "wf-id": "TestWorkflowResetTestSuite/TestTraceReset_workflow_id", "wf-namespace": "TestWorkflowResetTestSuite-TestTraceReset-cabf061a-a4ae-4035-8077-814d1ecb810f", "wf-namespace-id": "626d4afa-3233-47dd-a011-4c20fc205359", "wf-run-id": "01a088e8-9cd2-7bff-954a-386efc50a0a8", "wf-scheduled-event-id": 2, "wf-started-event-id": 3, "wf-started-timestamp": "2026-09-10T01:22:21.018Z", "workflow-task-request-id": "3f4e2872-0fab-41e9-b6cb-a3486786043e", "workflow-task-timeout": 60, "wt-type": "Normal", "logging-call-at": "/home/ubuntu/temporal-investigation-20260909/restart-20260909-1600/source-reset/common/log/lazy_logger.go:30"}
    shared_cluster_t.go:72: 2026-09-10T01:22:21.018Z	debug	time skipping skipped for: time skipping is not enabled	{"address": "127.0.0.1:42219", "shard-id": 1, "wf-id": "TestWorkflowResetTestSuite/TestTraceReset_workflow_id", "wf-namespace": "TestWorkflowResetTestSuite-TestTraceReset-cabf061a-a4ae-4035-8077-814d1ecb810f", "wf-namespace-id": "626d4afa-3233-47dd-a011-4c20fc205359", "wf-run-id": "01a088e8-9cd2-7bff-954a-386efc50a0a8", "logging-call-at": "/home/ubuntu/temporal-investigation-20260909/restart-20260909-1600/source-reset/common/log/lazy_logger.go:30"}
    shared_cluster_t.go:72: 2026-09-10T01:22:21.018Z	debug	Assigning new task key	{"address": "127.0.0.1:42219", "cursor-timestamp": "2026-09-10T01:22:22.014Z", "queue-task-id": 1048585, "queue-task-type": "WorkflowTaskTimeout", "shard-id": 1, "timestamp": "2026-09-10T01:23:21.019Z", "wf-id": "TestWorkflowResetTestSuite/TestTraceReset_workflow_id", "wf-namespace-id": "626d4afa-3233-47dd-a011-4c20fc205359", "wf-run-id": "01a088e8-9cd2-7bff-954a-386efc50a0a8", "logging-call-at": "/home/ubuntu/temporal-investigation-20260909/restart-20260909-1600/source-reset/service/history/shard/task_key_generator.go:98"}
    shared_cluster_t.go:72: 2026-09-10T01:22:21.024Z	debug	routing key extraction: adding routing key to context	{"wf-id": "TestWorkflowResetTestSuite/TestTraceReset_workflow_id", "grpc-method": "/temporal.api.workflowservice.v1.WorkflowService/RespondWorkflowTaskCompleted", "logging-call-at": "/home/ubuntu/temporal-investigation-20260909/restart-20260909-1600/source-reset/common/rpc/interceptor/routing_key_interceptor.go:112"}
    shared_cluster_t.go:72: 2026-09-10T01:22:21.025Z	debug	Frontend method invoked.	{"wf-namespace": "TestWorkflowResetTestSuite-TestTraceReset-cabf061a-a4ae-4035-8077-814d1ecb810f", "operation": "RespondWorkflowTaskCompleted", "server-name": "", "cert-thumbprint": "", "logging-call-at": "/home/ubuntu/temporal-investigation-20260909/restart-20260909-1600/source-reset/common/rpc/interceptor/namespace_logger.go:53"}
    shared_cluster_t.go:72: 2026-09-10T01:22:21.025Z	debug	RespondWorkflowTaskCompleted	{"service": "history", "wf-id": "TestWorkflowResetTestSuite/TestTraceReset_workflow_id", "wf-namespace-id": "626d4afa-3233-47dd-a011-4c20fc205359", "wf-run-id": "01a088e8-9cd2-7bff-954a-386efc50a0a8", "wf-scheduled-event-id": 2, "logging-call-at": "/home/ubuntu/temporal-investigation-20260909/restart-20260909-1600/source-reset/service/history/handler.go:558"}
    shared_cluster_t.go:72: 2026-09-10T01:22:21.025Z	debug	Workflow task updated	{"address": "127.0.0.1:42219", "attempt": 1, "shard-id": 1, "wf-id": "TestWorkflowResetTestSuite/TestTraceReset_workflow_id", "wf-namespace": "TestWorkflowResetTestSuite-TestTraceReset-cabf061a-a4ae-4035-8077-814d1ecb810f", "wf-namespace-id": "626d4afa-3233-47dd-a011-4c20fc205359", "wf-run-id": "01a088e8-9cd2-7bff-954a-386efc50a0a8", "wf-scheduled-event-id": 0, "wf-started-event-id": 0, "wf-started-timestamp": "1970-01-01T00:00:00.000Z", "workflow-task-request-id": "emptyUuid", "workflow-task-timeout": 0, "wt-type": "Unspecified", "logging-call-at": "/home/ubuntu/temporal-investigation-20260909/restart-20260909-1600/source-reset/common/log/lazy_logger.go:30"}
    shared_cluster_t.go:72: 2026-09-10T01:22:21.026Z	debug	time skipping skipped for: time skipping is not enabled	{"address": "127.0.0.1:42219", "shard-id": 1, "wf-id": "TestWorkflowResetTestSuite/TestTraceReset_workflow_id", "wf-namespace": "TestWorkflowResetTestSuite-TestTraceReset-cabf061a-a4ae-4035-8077-814d1ecb810f", "wf-namespace-id": "626d4afa-3233-47dd-a011-4c20fc205359", "wf-run-id": "01a088e8-9cd2-7bff-954a-386efc50a0a8", "logging-call-at": "/home/ubuntu/temporal-investigation-20260909/restart-20260909-1600/source-reset/common/log/lazy_logger.go:30"}
    shared_cluster_t.go:72: 2026-09-10T01:22:21.026Z	debug	time skipping skipped for: time skipping is not enabled	{"address": "127.0.0.1:42219", "shard-id": 1, "wf-id": "TestWorkflowResetTestSuite/TestTraceReset_workflow_id", "wf-namespace": "TestWorkflowResetTestSuite-TestTraceReset-cabf061a-a4ae-4035-8077-814d1ecb810f", "wf-namespace-id": "626d4afa-3233-47dd-a011-4c20fc205359", "wf-run-id": "a467c4d8-6b61-4fc0-bad8-ce11016ed722", "logging-call-at": "/home/ubuntu/temporal-investigation-20260909/restart-20260909-1600/source-reset/common/log/lazy_logger.go:30"}
    shared_cluster_t.go:72: 2026-09-10T01:22:21.026Z	debug	Assigning new task key	{"address": "127.0.0.1:42219", "cursor-timestamp": "2026-09-10T01:22:22.014Z", "queue-task-id": 1048592, "queue-task-type": "VisibilityCloseExecution", "shard-id": 1, "timestamp": "2026-09-10T01:22:21.026Z", "wf-id": "TestWorkflowResetTestSuite/TestTraceReset_workflow_id", "wf-namespace-id": "626d4afa-3233-47dd-a011-4c20fc205359", "wf-run-id": "01a088e8-9cd2-7bff-954a-386efc50a0a8", "logging-call-at": "/home/ubuntu/temporal-investigation-20260909/restart-20260909-1600/source-reset/service/history/shard/task_key_generator.go:98"}
    shared_cluster_t.go:72: 2026-09-10T01:22:21.026Z	debug	Assigning new task key	{"address": "127.0.0.1:42219", "cursor-timestamp": "2026-09-10T01:22:22.014Z", "queue-task-id": 1048593, "queue-task-type": "DeleteHistoryEvent", "shard-id": 1, "timestamp": "2026-09-11T01:22:21.200Z", "wf-id": "TestWorkflowResetTestSuite/TestTraceReset_workflow_id", "wf-namespace-id": "626d4afa-3233-47dd-a011-4c20fc205359", "wf-run-id": "01a088e8-9cd2-7bff-954a-386efc50a0a8", "logging-call-at": "/home/ubuntu/temporal-investigation-20260909/restart-20260909-1600/source-reset/service/history/shard/task_key_generator.go:98"}
    shared_cluster_t.go:72: 2026-09-10T01:22:21.026Z	debug	Assigning new task key	{"address": "127.0.0.1:42219", "cursor-timestamp": "2026-09-10T01:22:22.014Z", "queue-task-id": 1048594, "queue-task-type": "TransferCloseExecution", "shard-id": 1, "timestamp": "2026-09-10T01:22:21.026Z", "wf-id": "TestWorkflowResetTestSuite/TestTraceReset_workflow_id", "wf-namespace-id": "626d4afa-3233-47dd-a011-4c20fc205359", "wf-run-id": "01a088e8-9cd2-7bff-954a-386efc50a0a8", "logging-call-at": "/home/ubuntu/temporal-investigation-20260909/restart-20260909-1600/source-reset/service/history/shard/task_key_generator.go:98"}
    shared_cluster_t.go:72: 2026-09-10T01:22:21.026Z	debug	Assigning new task key	{"address": "127.0.0.1:42219", "cursor-timestamp": "2026-09-10T01:22:22.014Z", "queue-task-id": 1048595, "queue-task-type": "VisibilityStartExecution", "shard-id": 1, "timestamp": "2026-09-10T01:22:21.026Z", "wf-id": "TestWorkflowResetTestSuite/TestTraceReset_workflow_id", "wf-namespace-id": "626d4afa-3233-47dd-a011-4c20fc205359", "wf-run-id": "a467c4d8-6b61-4fc0-bad8-ce11016ed722", "logging-call-at": "/home/ubuntu/temporal-investigation-20260909/restart-20260909-1600/source-reset/service/history/shard/task_key_generator.go:98"}
    shared_cluster_t.go:72: 2026-09-10T01:22:21.026Z	debug	Assigning new task key	{"address": "127.0.0.1:42219", "cursor-timestamp": "2026-09-10T01:22:22.014Z", "queue-task-id": 1048596, "queue-task-type": "WorkflowRunTimeout", "shard-id": 1, "timestamp": "2026-09-10T01:27:22.011Z", "wf-id": "TestWorkflowResetTestSuite/TestTraceReset_workflow_id", "wf-namespace-id": "626d4afa-3233-47dd-a011-4c20fc205359", "wf-run-id": "a467c4d8-6b61-4fc0-bad8-ce11016ed722", "logging-call-at": "/home/ubuntu/temporal-investigation-20260909/restart-20260909-1600/source-reset/service/history/shard/task_key_generator.go:98"}
    shared_cluster_t.go:72: 2026-09-10T01:22:21.026Z	debug	New timer generated is less than min scheduled time	{"address": "127.0.0.1:42219", "cursor-timestamp": "2026-09-10T01:22:22.014Z", "queue-task-id": 1048597, "queue-task-type": "WorkflowBackoffTimer", "shard-id": 1, "shard-update": "ShardAllocateTimerBeforeRead", "timestamp": "2026-09-10T01:22:22.011Z", "wf-id": "TestWorkflowResetTestSuite/TestTraceReset_workflow_id", "wf-namespace-id": "626d4afa-3233-47dd-a011-4c20fc205359", "wf-run-id": "a467c4d8-6b61-4fc0-bad8-ce11016ed722", "logging-call-at": "/home/ubuntu/temporal-investigation-20260909/restart-20260909-1600/source-reset/service/history/shard/task_key_generator.go:81"}
    shared_cluster_t.go:72: 2026-09-10T01:22:21.026Z	debug	Assigning new task key	{"address": "127.0.0.1:42219", "cursor-timestamp": "2026-09-10T01:22:22.014Z", "queue-task-id": 1048597, "queue-task-type": "WorkflowBackoffTimer", "shard-id": 1, "timestamp": "2026-09-10T01:22:22.015Z", "wf-id": "TestWorkflowResetTestSuite/TestTraceReset_workflow_id", "wf-namespace-id": "626d4afa-3233-47dd-a011-4c20fc205359", "wf-run-id": "a467c4d8-6b61-4fc0-bad8-ce11016ed722", "logging-call-at": "/home/ubuntu/temporal-investigation-20260909/restart-20260909-1600/source-reset/service/history/shard/task_key_generator.go:98"}
    shared_cluster_t.go:72: 2026-09-10T01:22:21.028Z	debug	Process task as active.	{"address": "127.0.0.1:42219", "component": "transfer-queue-processor", "shard-id": 1, "value": "CloseExecutionTask{WorkflowKey: 626d4afa-3233-47dd-a011-4c20fc205359/TestWorkflowResetTestSuite/TestTraceReset_workflow_id/01a088e8-9cd2-7bff-954a-386efc50a0a8, VisibilityTimestamp: 2026-09-10 01:22:21.026377421 +0000 UTC, TaskID: 1048594, Version: 0, DeleteAfterClose: false, DeleteProcessStage: 0}", "wf-namespace-id": "626d4afa-3233-47dd-a011-4c20fc205359", "logging-call-at": "/home/ubuntu/temporal-investigation-20260909/restart-20260909-1600/source-reset/service/history/queues/active_standby_executor.go:121"}
    shared_cluster_t.go:72: 2026-09-10T01:22:21.028Z	debug	Frontend method invoked.	{"wf-namespace": "TestWorkflowResetTestSuite-TestTraceReset-cabf061a-a4ae-4035-8077-814d1ecb810f", "operation": "PollWorkflowTaskQueue", "server-name": "", "cert-thumbprint": "", "logging-call-at": "/home/ubuntu/temporal-investigation-20260909/restart-20260909-1600/source-reset/common/rpc/interceptor/namespace_logger.go:53"}
    shared_cluster_t.go:72: 2026-09-10T01:22:21.029Z	debug	Received PollWorkflowTaskQueue	{"service": "frontend", "logging-call-at": "/home/ubuntu/temporal-investigation-20260909/restart-20260909-1600/source-reset/service/frontend/workflow_handler.go:1079"}
    shared_cluster_t.go:72: 2026-09-10T01:22:21.029Z	debug	Poll workflow task queue.	{"service": "frontend", "wf-namespace": "TestWorkflowResetTestSuite-TestTraceReset-cabf061a-a4ae-4035-8077-814d1ecb810f", "wf-namespace-id": "626d4afa-3233-47dd-a011-4c20fc205359", "logging-call-at": "/home/ubuntu/temporal-investigation-20260909/restart-20260909-1600/source-reset/service/frontend/workflow_handler.go:1116"}
    shared_cluster_t.go:72: 2026-09-10T01:22:21.091Z	debug	starting ping check	{"name": "namespace registry lock", "service": "matching", "logging-call-at": "/home/ubuntu/temporal-investigation-20260909/restart-20260909-1600/source-reset/common/deadlock/deadlock.go:178"}
    shared_cluster_t.go:72: 2026-09-10T01:22:21.091Z	debug	ping check succeeded	{"name": "namespace registry lock", "service": "matching", "logging-call-at": "/home/ubuntu/temporal-investigation-20260909/restart-20260909-1600/source-reset/common/deadlock/deadlock.go:206"}
    shared_cluster_t.go:72: 2026-09-10T01:22:21.091Z	debug	starting ping check	{"name": "dynamic config callbacks", "service": "matching", "logging-call-at": "/home/ubuntu/temporal-investigation-20260909/restart-20260909-1600/source-reset/common/deadlock/deadlock.go:178"}
    shared_cluster_t.go:72: 2026-09-10T01:22:21.091Z	debug	ping check succeeded	{"name": "dynamic config callbacks", "service": "matching", "logging-call-at": "/home/ubuntu/temporal-investigation-20260909/restart-20260909-1600/source-reset/common/deadlock/deadlock.go:206"}
    shared_cluster_t.go:72: 2026-09-10T01:22:21.091Z	debug	starting ping check	{"name": "cluster metadata lock", "service": "matching", "logging-call-at": "/home/ubuntu/temporal-investigation-20260909/restart-20260909-1600/source-reset/common/deadlock/deadlock.go:178"}
    shared_cluster_t.go:72: 2026-09-10T01:22:21.091Z	debug	ping check succeeded	{"name": "cluster metadata lock", "service": "matching", "logging-call-at": "/home/ubuntu/temporal-investigation-20260909/restart-20260909-1600/source-reset/common/deadlock/deadlock.go:206"}
    shared_cluster_t.go:72: 2026-09-10T01:22:21.091Z	debug	starting ping check	{"name": "cluster metadata callback lock", "service": "matching", "logging-call-at": "/home/ubuntu/temporal-investigation-20260909/restart-20260909-1600/source-reset/common/deadlock/deadlock.go:178"}
    shared_cluster_t.go:72: 2026-09-10T01:22:21.091Z	debug	ping check succeeded	{"name": "cluster metadata callback lock", "service": "matching", "logging-call-at": "/home/ubuntu/temporal-investigation-20260909/restart-20260909-1600/source-reset/common/deadlock/deadlock.go:206"}
    shared_cluster_t.go:72: 2026-09-10T01:22:21.093Z	debug	starting ping check	{"name": "cluster metadata lock", "service": "history", "logging-call-at": "/home/ubuntu/temporal-investigation-20260909/restart-20260909-1600/source-reset/common/deadlock/deadlock.go:178"}
    shared_cluster_t.go:72: 2026-09-10T01:22:21.093Z	debug	ping check succeeded	{"name": "cluster metadata lock", "service": "history", "logging-call-at": "/home/ubuntu/temporal-investigation-20260909/restart-20260909-1600/source-reset/common/deadlock/deadlock.go:206"}
    shared_cluster_t.go:72: 2026-09-10T01:22:21.093Z	debug	starting ping check	{"name": "shard controller", "service": "history", "logging-call-at": "/home/ubuntu/temporal-investigation-20260909/restart-20260909-1600/source-reset/common/deadlock/deadlock.go:178"}
    shared_cluster_t.go:72: 2026-09-10T01:22:21.093Z	debug	ping check succeeded	{"name": "shard controller", "service": "history", "logging-call-at": "/home/ubuntu/temporal-investigation-20260909/restart-20260909-1600/source-reset/common/deadlock/deadlock.go:206"}
    shared_cluster_t.go:72: 2026-09-10T01:22:21.093Z	debug	starting ping check	{"name": "dynamic config callbacks", "service": "history", "logging-call-at": "/home/ubuntu/temporal-investigation-20260909/restart-20260909-1600/source-reset/common/deadlock/deadlock.go:178"}
    shared_cluster_t.go:72: 2026-09-10T01:22:21.093Z	debug	ping check succeeded	{"name": "dynamic config callbacks", "service": "history", "logging-call-at": "/home/ubuntu/temporal-investigation-20260909/restart-20260909-1600/source-reset/common/deadlock/deadlock.go:206"}
    shared_cluster_t.go:72: 2026-09-10T01:22:21.093Z	debug	starting ping check	{"name": "cluster metadata callback lock", "service": "history", "logging-call-at": "/home/ubuntu/temporal-investigation-20260909/restart-20260909-1600/source-reset/common/deadlock/deadlock.go:178"}
    shared_cluster_t.go:72: 2026-09-10T01:22:21.093Z	debug	starting ping check	{"name": "namespace registry lock", "service": "history", "logging-call-at": "/home/ubuntu/temporal-investigation-20260909/restart-20260909-1600/source-reset/common/deadlock/deadlock.go:178"}
    shared_cluster_t.go:72: 2026-09-10T01:22:21.093Z	debug	ping check succeeded	{"name": "namespace registry lock", "service": "history", "logging-call-at": "/home/ubuntu/temporal-investigation-20260909/restart-20260909-1600/source-reset/common/deadlock/deadlock.go:206"}
    shared_cluster_t.go:72: 2026-09-10T01:22:21.093Z	debug	ping check succeeded	{"name": "cluster metadata callback lock", "service": "history", "logging-call-at": "/home/ubuntu/temporal-investigation-20260909/restart-20260909-1600/source-reset/common/deadlock/deadlock.go:206"}
    shared_cluster_t.go:72: 2026-09-10T01:22:21.095Z	debug	starting ping check	{"name": "cluster metadata lock", "service": "frontend", "logging-call-at": "/home/ubuntu/temporal-investigation-20260909/restart-20260909-1600/source-reset/common/deadlock/deadlock.go:178"}
    shared_cluster_t.go:72: 2026-09-10T01:22:21.095Z	debug	starting ping check	{"name": "dynamic config callbacks", "service": "frontend", "logging-call-at": "/home/ubuntu/temporal-investigation-20260909/restart-20260909-1600/source-reset/common/deadlock/deadlock.go:178"}
    shared_cluster_t.go:72: 2026-09-10T01:22:21.095Z	debug	ping check succeeded	{"name": "dynamic config callbacks", "service": "frontend", "logging-call-at": "/home/ubuntu/temporal-investigation-20260909/restart-20260909-1600/source-reset/common/deadlock/deadlock.go:206"}
    shared_cluster_t.go:72: 2026-09-10T01:22:21.095Z	debug	ping check succeeded	{"name": "cluster metadata lock", "service": "frontend", "logging-call-at": "/home/ubuntu/temporal-investigation-20260909/restart-20260909-1600/source-reset/common/deadlock/deadlock.go:206"}
    shared_cluster_t.go:72: 2026-09-10T01:22:21.095Z	debug	starting ping check	{"name": "cluster metadata callback lock", "service": "frontend", "logging-call-at": "/home/ubuntu/temporal-investigation-20260909/restart-20260909-1600/source-reset/common/deadlock/deadlock.go:178"}
    shared_cluster_t.go:72: 2026-09-10T01:22:21.095Z	debug	ping check succeeded	{"name": "cluster metadata callback lock", "service": "frontend", "logging-call-at": "/home/ubuntu/temporal-investigation-20260909/restart-20260909-1600/source-reset/common/deadlock/deadlock.go:206"}
    shared_cluster_t.go:72: 2026-09-10T01:22:21.095Z	debug	starting ping check	{"name": "namespace registry lock", "service": "frontend", "logging-call-at": "/home/ubuntu/temporal-investigation-20260909/restart-20260909-1600/source-reset/common/deadlock/deadlock.go:178"}
    shared_cluster_t.go:72: 2026-09-10T01:22:21.095Z	debug	ping check succeeded	{"name": "namespace registry lock", "service": "frontend", "logging-call-at": "/home/ubuntu/temporal-investigation-20260909/restart-20260909-1600/source-reset/common/deadlock/deadlock.go:206"}
    shared_cluster_t.go:72: 2026-09-10T01:22:21.193Z	debug	starting ping check	{"name": "Shard(1)-shard-lock", "service": "history", "logging-call-at": "/home/ubuntu/temporal-investigation-20260909/restart-20260909-1600/source-reset/common/deadlock/deadlock.go:178"}
    shared_cluster_t.go:72: 2026-09-10T01:22:21.193Z	debug	ping check succeeded	{"name": "Shard(1)-shard-lock", "service": "history", "logging-call-at": "/home/ubuntu/temporal-investigation-20260909/restart-20260909-1600/source-reset/common/deadlock/deadlock.go:206"}
    shared_cluster_t.go:72: 2026-09-10T01:22:21.193Z	debug	starting ping check	{"name": "Shard(1)-io-semaphore", "service": "history", "logging-call-at": "/home/ubuntu/temporal-investigation-20260909/restart-20260909-1600/source-reset/common/deadlock/deadlock.go:178"}
    shared_cluster_t.go:72: 2026-09-10T01:22:21.193Z	debug	ping check succeeded	{"name": "Shard(1)-io-semaphore", "service": "history", "logging-call-at": "/home/ubuntu/temporal-investigation-20260909/restart-20260909-1600/source-reset/common/deadlock/deadlock.go:206"}
    shared_cluster_t.go:72: 2026-09-10T01:22:22.016Z	debug	Process task as active.	{"address": "127.0.0.1:42219", "component": "timer-queue-processor", "shard-id": 1, "value": "WorkflowBackoffTimerTask{WorkflowKey: 626d4afa-3233-47dd-a011-4c20fc205359/TestWorkflowResetTestSuite/TestTraceReset_workflow_id/a467c4d8-6b61-4fc0-bad8-ce11016ed722, VisibilityTimestamp: 2026-09-10 01:22:22.015 +0000 UTC, TaskID: 1048597, Version: 0, WorkflowBackoffType: Cron}", "wf-namespace-id": "626d4afa-3233-47dd-a011-4c20fc205359", "logging-call-at": "/home/ubuntu/temporal-investigation-20260909/restart-20260909-1600/source-reset/service/history/queues/active_standby_executor.go:121"}
    shared_cluster_t.go:72: 2026-09-10T01:22:22.016Z	debug	Workflow task updated	{"address": "127.0.0.1:42219", "attempt": 1, "shard-id": 1, "wf-id": "TestWorkflowResetTestSuite/TestTraceReset_workflow_id", "wf-namespace": "TestWorkflowResetTestSuite-TestTraceReset-cabf061a-a4ae-4035-8077-814d1ecb810f", "wf-namespace-id": "626d4afa-3233-47dd-a011-4c20fc205359", "wf-run-id": "a467c4d8-6b61-4fc0-bad8-ce11016ed722", "wf-scheduled-event-id": 2, "wf-started-event-id": 0, "wf-started-timestamp": "0001-01-01T00:00:00.000Z", "workflow-task-request-id": "emptyUuid", "workflow-task-timeout": 60, "wt-type": "Normal", "logging-call-at": "/home/ubuntu/temporal-investigation-20260909/restart-20260909-1600/source-reset/common/log/lazy_logger.go:30"}
    shared_cluster_t.go:72: 2026-09-10T01:22:22.016Z	debug	time skipping skipped for: time skipping is not enabled	{"address": "127.0.0.1:42219", "shard-id": 1, "wf-id": "TestWorkflowResetTestSuite/TestTraceReset_workflow_id", "wf-namespace": "TestWorkflowResetTestSuite-TestTraceReset-cabf061a-a4ae-4035-8077-814d1ecb810f", "wf-namespace-id": "626d4afa-3233-47dd-a011-4c20fc205359", "wf-run-id": "a467c4d8-6b61-4fc0-bad8-ce11016ed722", "logging-call-at": "/home/ubuntu/temporal-investigation-20260909/restart-20260909-1600/source-reset/common/log/lazy_logger.go:30"}
    shared_cluster_t.go:72: 2026-09-10T01:22:22.016Z	debug	Assigning new task key	{"address": "127.0.0.1:42219", "cursor-timestamp": "2026-09-10T01:22:22.028Z", "queue-task-id": 1048600, "queue-task-type": "TransferWorkflowTask", "shard-id": 1, "timestamp": "2026-09-10T01:22:22.016Z", "wf-id": "TestWorkflowResetTestSuite/TestTraceReset_workflow_id", "wf-namespace-id": "626d4afa-3233-47dd-a011-4c20fc205359", "wf-run-id": "a467c4d8-6b61-4fc0-bad8-ce11016ed722", "logging-call-at": "/home/ubuntu/temporal-investigation-20260909/restart-20260909-1600/source-reset/service/history/shard/task_key_generator.go:98"}
    shared_cluster_t.go:72: 2026-09-10T01:22:22.018Z	debug	Process task as active.	{"address": "127.0.0.1:42219", "component": "transfer-queue-processor", "shard-id": 1, "value": "WorkflowTask{WorkflowKey: 626d4afa-3233-47dd-a011-4c20fc205359/TestWorkflowResetTestSuite/TestTraceReset_workflow_id/a467c4d8-6b61-4fc0-bad8-ce11016ed722, VisibilityTimestamp: 2026-09-10 01:22:22.016841268 +0000 UTC, TaskID: 1048600, TaskQueue: TestWorkflowResetTestSuite/TestTraceReset_task_queue, ScheduledEventID: 2, Version: 0}", "wf-namespace-id": "626d4afa-3233-47dd-a011-4c20fc205359", "logging-call-at": "/home/ubuntu/temporal-investigation-20260909/restart-20260909-1600/source-reset/service/history/queues/active_standby_executor.go:121"}
    shared_cluster_t.go:72: 2026-09-10T01:22:22.019Z	debug	Workflow task updated	{"address": "127.0.0.1:42219", "attempt": 1, "shard-id": 1, "wf-id": "TestWorkflowResetTestSuite/TestTraceReset_workflow_id", "wf-namespace": "TestWorkflowResetTestSuite-TestTraceReset-cabf061a-a4ae-4035-8077-814d1ecb810f", "wf-namespace-id": "626d4afa-3233-47dd-a011-4c20fc205359", "wf-run-id": "a467c4d8-6b61-4fc0-bad8-ce11016ed722", "wf-scheduled-event-id": 2, "wf-started-event-id": 3, "wf-started-timestamp": "2026-09-10T01:22:22.019Z", "workflow-task-request-id": "afd497e0-bfa6-4256-a8f9-080c9a0382fe", "workflow-task-timeout": 60, "wt-type": "Normal", "logging-call-at": "/home/ubuntu/temporal-investigation-20260909/restart-20260909-1600/source-reset/common/log/lazy_logger.go:30"}
    shared_cluster_t.go:72: 2026-09-10T01:22:22.019Z	debug	time skipping skipped for: time skipping is not enabled	{"address": "127.0.0.1:42219", "shard-id": 1, "wf-id": "TestWorkflowResetTestSuite/TestTraceReset_workflow_id", "wf-namespace": "TestWorkflowResetTestSuite-TestTraceReset-cabf061a-a4ae-4035-8077-814d1ecb810f", "wf-namespace-id": "626d4afa-3233-47dd-a011-4c20fc205359", "wf-run-id": "a467c4d8-6b61-4fc0-bad8-ce11016ed722", "logging-call-at": "/home/ubuntu/temporal-investigation-20260909/restart-20260909-1600/source-reset/common/log/lazy_logger.go:30"}
    shared_cluster_t.go:72: 2026-09-10T01:22:22.019Z	debug	Assigning new task key	{"address": "127.0.0.1:42219", "cursor-timestamp": "2026-09-10T01:22:23.018Z", "queue-task-id": 1048603, "queue-task-type": "WorkflowTaskTimeout", "shard-id": 1, "timestamp": "2026-09-10T01:23:22.020Z", "wf-id": "TestWorkflowResetTestSuite/TestTraceReset_workflow_id", "wf-namespace-id": "626d4afa-3233-47dd-a011-4c20fc205359", "wf-run-id": "a467c4d8-6b61-4fc0-bad8-ce11016ed722", "logging-call-at": "/home/ubuntu/temporal-investigation-20260909/restart-20260909-1600/source-reset/service/history/shard/task_key_generator.go:98"}
    shared_cluster_t.go:72: 2026-09-10T01:22:22.021Z	debug	routing key extraction: adding routing key to context	{"wf-id": "TestWorkflowResetTestSuite/TestTraceReset_workflow_id", "grpc-method": "/temporal.api.workflowservice.v1.WorkflowService/RespondWorkflowTaskCompleted", "logging-call-at": "/home/ubuntu/temporal-investigation-20260909/restart-20260909-1600/source-reset/common/rpc/interceptor/routing_key_interceptor.go:112"}
    shared_cluster_t.go:72: 2026-09-10T01:22:22.021Z	debug	Frontend method invoked.	{"wf-namespace": "TestWorkflowResetTestSuite-TestTraceReset-cabf061a-a4ae-4035-8077-814d1ecb810f", "operation": "RespondWorkflowTaskCompleted", "server-name": "", "cert-thumbprint": "", "logging-call-at": "/home/ubuntu/temporal-investigation-20260909/restart-20260909-1600/source-reset/common/rpc/interceptor/namespace_logger.go:53"}
    shared_cluster_t.go:72: 2026-09-10T01:22:22.022Z	debug	RespondWorkflowTaskCompleted	{"service": "history", "wf-id": "TestWorkflowResetTestSuite/TestTraceReset_workflow_id", "wf-namespace-id": "626d4afa-3233-47dd-a011-4c20fc205359", "wf-run-id": "a467c4d8-6b61-4fc0-bad8-ce11016ed722", "wf-scheduled-event-id": 2, "logging-call-at": "/home/ubuntu/temporal-investigation-20260909/restart-20260909-1600/source-reset/service/history/handler.go:558"}
    shared_cluster_t.go:72: 2026-09-10T01:22:22.022Z	debug	Workflow task updated	{"address": "127.0.0.1:42219", "attempt": 1, "shard-id": 1, "wf-id": "TestWorkflowResetTestSuite/TestTraceReset_workflow_id", "wf-namespace": "TestWorkflowResetTestSuite-TestTraceReset-cabf061a-a4ae-4035-8077-814d1ecb810f", "wf-namespace-id": "626d4afa-3233-47dd-a011-4c20fc205359", "wf-run-id": "a467c4d8-6b61-4fc0-bad8-ce11016ed722", "wf-scheduled-event-id": 0, "wf-started-event-id": 0, "wf-started-timestamp": "1970-01-01T00:00:00.000Z", "workflow-task-request-id": "emptyUuid", "workflow-task-timeout": 0, "wt-type": "Unspecified", "logging-call-at": "/home/ubuntu/temporal-investigation-20260909/restart-20260909-1600/source-reset/common/log/lazy_logger.go:30"}
    shared_cluster_t.go:72: 2026-09-10T01:22:22.022Z	debug	time skipping skipped for: time skipping is not enabled	{"address": "127.0.0.1:42219", "shard-id": 1, "wf-id": "TestWorkflowResetTestSuite/TestTraceReset_workflow_id", "wf-namespace": "TestWorkflowResetTestSuite-TestTraceReset-cabf061a-a4ae-4035-8077-814d1ecb810f", "wf-namespace-id": "626d4afa-3233-47dd-a011-4c20fc205359", "wf-run-id": "a467c4d8-6b61-4fc0-bad8-ce11016ed722", "logging-call-at": "/home/ubuntu/temporal-investigation-20260909/restart-20260909-1600/source-reset/common/log/lazy_logger.go:30"}
    shared_cluster_t.go:72: 2026-09-10T01:22:22.022Z	debug	Assigning new task key	{"address": "127.0.0.1:42219", "cursor-timestamp": "2026-09-10T01:22:23.018Z", "queue-task-id": 1048608, "queue-task-type": "VisibilityCloseExecution", "shard-id": 1, "timestamp": "2026-09-10T01:22:22.022Z", "wf-id": "TestWorkflowResetTestSuite/TestTraceReset_workflow_id", "wf-namespace-id": "626d4afa-3233-47dd-a011-4c20fc205359", "wf-run-id": "a467c4d8-6b61-4fc0-bad8-ce11016ed722", "logging-call-at": "/home/ubuntu/temporal-investigation-20260909/restart-20260909-1600/source-reset/service/history/shard/task_key_generator.go:98"}
    shared_cluster_t.go:72: 2026-09-10T01:22:22.022Z	debug	Assigning new task key	{"address": "127.0.0.1:42219", "cursor-timestamp": "2026-09-10T01:22:23.018Z", "queue-task-id": 1048609, "queue-task-type": "DeleteHistoryEvent", "shard-id": 1, "timestamp": "2026-09-11T01:22:22.569Z", "wf-id": "TestWorkflowResetTestSuite/TestTraceReset_workflow_id", "wf-namespace-id": "626d4afa-3233-47dd-a011-4c20fc205359", "wf-run-id": "a467c4d8-6b61-4fc0-bad8-ce11016ed722", "logging-call-at": "/home/ubuntu/temporal-investigation-20260909/restart-20260909-1600/source-reset/service/history/shard/task_key_generator.go:98"}
    shared_cluster_t.go:72: 2026-09-10T01:22:22.022Z	debug	Assigning new task key	{"address": "127.0.0.1:42219", "cursor-timestamp": "2026-09-10T01:22:23.018Z", "queue-task-id": 1048610, "queue-task-type": "TransferCloseExecution", "shard-id": 1, "timestamp": "2026-09-10T01:22:22.022Z", "wf-id": "TestWorkflowResetTestSuite/TestTraceReset_workflow_id", "wf-namespace-id": "626d4afa-3233-47dd-a011-4c20fc205359", "wf-run-id": "a467c4d8-6b61-4fc0-bad8-ce11016ed722", "logging-call-at": "/home/ubuntu/temporal-investigation-20260909/restart-20260909-1600/source-reset/service/history/shard/task_key_generator.go:98"}
    shared_cluster_t.go:72: 2026-09-10T01:22:22.023Z	debug	Process task as active.	{"address": "127.0.0.1:42219", "component": "transfer-queue-processor", "shard-id": 1, "value": "CloseExecutionTask{WorkflowKey: 626d4afa-3233-47dd-a011-4c20fc205359/TestWorkflowResetTestSuite/TestTraceReset_workflow_id/a467c4d8-6b61-4fc0-bad8-ce11016ed722, VisibilityTimestamp: 2026-09-10 01:22:22.022467583 +0000 UTC, TaskID: 1048610, Version: 0, DeleteAfterClose: false, DeleteProcessStage: 0}", "wf-namespace-id": "626d4afa-3233-47dd-a011-4c20fc205359", "logging-call-at": "/home/ubuntu/temporal-investigation-20260909/restart-20260909-1600/source-reset/service/history/queues/active_standby_executor.go:121"}
    shared_cluster_t.go:72: 2026-09-10T01:22:22.024Z	debug	routing key extraction: adding routing key to context	{"wf-id": "TestWorkflowResetTestSuite/TestTraceReset_workflow_id", "grpc-method": "/temporal.api.workflowservice.v1.WorkflowService/DeleteWorkflowExecution", "logging-call-at": "/home/ubuntu/temporal-investigation-20260909/restart-20260909-1600/source-reset/common/rpc/interceptor/routing_key_interceptor.go:112"}
    shared_cluster_t.go:72: 2026-09-10T01:22:22.024Z	debug	Frontend method invoked.	{"wf-namespace": "TestWorkflowResetTestSuite-TestTraceReset-cabf061a-a4ae-4035-8077-814d1ecb810f", "operation": "DeleteWorkflowExecution", "server-name": "", "cert-thumbprint": "", "logging-call-at": "/home/ubuntu/temporal-investigation-20260909/restart-20260909-1600/source-reset/common/rpc/interceptor/namespace_logger.go:53"}
    shared_cluster_t.go:72: 2026-09-10T01:22:22.024Z	info	DeleteWorkflowExecution requested	{"service": "history", "wf-id": "TestWorkflowResetTestSuite/TestTraceReset_workflow_id", "wf-namespace-id": "626d4afa-3233-47dd-a011-4c20fc205359", "wf-run-id": "a467c4d8-6b61-4fc0-bad8-ce11016ed722", "logging-call-at": "/home/ubuntu/temporal-investigation-20260909/restart-20260909-1600/source-reset/service/history/handler.go:1116"}
    shared_cluster_t.go:72: 2026-09-10T01:22:22.024Z	debug	Assigning new task key	{"address": "127.0.0.1:42219", "cursor-timestamp": "2026-09-10T01:22:23.023Z", "queue-task-id": 1048611, "queue-task-type": "TransferDeleteExecution", "shard-id": 1, "timestamp": "2026-09-10T01:22:22.024Z", "wf-id": "TestWorkflowResetTestSuite/TestTraceReset_workflow_id", "wf-namespace-id": "626d4afa-3233-47dd-a011-4c20fc205359", "wf-run-id": "a467c4d8-6b61-4fc0-bad8-ce11016ed722", "logging-call-at": "/home/ubuntu/temporal-investigation-20260909/restart-20260909-1600/source-reset/service/history/shard/task_key_generator.go:98"}
    shared_cluster_t.go:72: 2026-09-10T01:22:22.026Z	debug	Process task as active.	{"address": "127.0.0.1:42219", "component": "transfer-queue-processor", "shard-id": 1, "value": "DeleteExecutionTask{WorkflowKey: 626d4afa-3233-47dd-a011-4c20fc205359/TestWorkflowResetTestSuite/TestTraceReset_workflow_id/a467c4d8-6b61-4fc0-bad8-ce11016ed722, VisibilityTimestamp: 2026-09-10 01:22:22.024412887 +0000 UTC, TaskID: 1048611, ProcessStage: 0}", "wf-namespace-id": "626d4afa-3233-47dd-a011-4c20fc205359", "logging-call-at": "/home/ubuntu/temporal-investigation-20260909/restart-20260909-1600/source-reset/service/history/queues/active_standby_executor.go:121"}
    shared_cluster_t.go:72: 2026-09-10T01:22:25.854Z	debug	Process task as active.	{"address": "127.0.0.1:42219", "component": "transfer-queue-processor", "shard-id": 1, "value": "DeleteExecutionTask{WorkflowKey: 626d4afa-3233-47dd-a011-4c20fc205359/TestWorkflowResetTestSuite/TestTraceReset_workflow_id/a467c4d8-6b61-4fc0-bad8-ce11016ed722, VisibilityTimestamp: 2026-09-10 01:22:22.024412887 +0000 UTC, TaskID: 1048611, ProcessStage: 0}", "wf-namespace-id": "626d4afa-3233-47dd-a011-4c20fc205359", "logging-call-at": "/home/ubuntu/temporal-investigation-20260909/restart-20260909-1600/source-reset/service/history/queues/active_standby_executor.go:121"}
    shared_cluster_t.go:72: 2026-09-10T01:22:25.855Z	debug	Assigning new task key	{"address": "127.0.0.1:42219", "cursor-timestamp": "2026-09-10T01:22:25.855Z", "queue-task-id": 1048612, "queue-task-type": "VisibilityDeleteExecution", "shard-id": 1, "timestamp": "2026-09-10T01:22:25.855Z", "wf-id": "TestWorkflowResetTestSuite/TestTraceReset_workflow_id", "wf-namespace-id": "626d4afa-3233-47dd-a011-4c20fc205359", "wf-run-id": "a467c4d8-6b61-4fc0-bad8-ce11016ed722", "logging-call-at": "/home/ubuntu/temporal-investigation-20260909/restart-20260909-1600/source-reset/service/history/shard/task_key_generator.go:98"}
    shared_cluster_t.go:72: 2026-09-10T01:22:25.875Z	debug	routing key extraction: adding routing key to context	{"wf-id": "TestWorkflowResetTestSuite/TestTraceReset_workflow_id", "grpc-method": "/temporal.api.workflowservice.v1.WorkflowService/ResetWorkflowExecution", "logging-call-at": "/home/ubuntu/temporal-investigation-20260909/restart-20260909-1600/source-reset/common/rpc/interceptor/routing_key_interceptor.go:112"}
    shared_cluster_t.go:72: 2026-09-10T01:22:25.875Z	debug	Frontend method invoked.	{"wf-namespace": "TestWorkflowResetTestSuite-TestTraceReset-cabf061a-a4ae-4035-8077-814d1ecb810f", "operation": "ResetWorkflowExecution", "server-name": "", "cert-thumbprint": "", "logging-call-at": "/home/ubuntu/temporal-investigation-20260909/restart-20260909-1600/source-reset/common/rpc/interceptor/namespace_logger.go:53"}
    shared_cluster_t.go:72: 2026-09-10T01:22:25.877Z	debug	Workflow task updated	{"address": "127.0.0.1:42219", "attempt": 1, "shard-id": 1, "wf-id": "TestWorkflowResetTestSuite/TestTraceReset_workflow_id", "wf-namespace": "TestWorkflowResetTestSuite-TestTraceReset-cabf061a-a4ae-4035-8077-814d1ecb810f", "wf-run-id": "3c429915-9c46-4ef0-8aef-a17fdb317aa0", "wf-scheduled-event-id": 2, "wf-started-event-id": 0, "wf-started-timestamp": "0001-01-01T00:00:00.000Z", "workflow-task-request-id": "emptyUuid", "workflow-task-timeout": 60, "wt-type": "Normal", "logging-call-at": "/home/ubuntu/temporal-investigation-20260909/restart-20260909-1600/source-reset/common/log/lazy_logger.go:30"}
    shared_cluster_t.go:72: 2026-09-10T01:22:25.877Z	debug	Workflow task updated	{"address": "127.0.0.1:42219", "attempt": 1, "shard-id": 1, "wf-id": "TestWorkflowResetTestSuite/TestTraceReset_workflow_id", "wf-namespace": "TestWorkflowResetTestSuite-TestTraceReset-cabf061a-a4ae-4035-8077-814d1ecb810f", "wf-run-id": "3c429915-9c46-4ef0-8aef-a17fdb317aa0", "wf-scheduled-event-id": 2, "wf-started-event-id": 3, "wf-started-timestamp": "2026-09-10T01:22:21.018Z", "workflow-task-request-id": "3f4e2872-0fab-41e9-b6cb-a3486786043e", "workflow-task-timeout": 60, "wt-type": "Normal", "logging-call-at": "/home/ubuntu/temporal-investigation-20260909/restart-20260909-1600/source-reset/common/log/lazy_logger.go:30"}
    shared_cluster_t.go:72: 2026-09-10T01:22:25.878Z	debug	Workflow task updated	{"address": "127.0.0.1:42219", "attempt": 2, "shard-id": 1, "wf-id": "TestWorkflowResetTestSuite/TestTraceReset_workflow_id", "wf-namespace": "TestWorkflowResetTestSuite-TestTraceReset-cabf061a-a4ae-4035-8077-814d1ecb810f", "wf-run-id": "3c429915-9c46-4ef0-8aef-a17fdb317aa0", "wf-scheduled-event-id": 0, "wf-started-event-id": 0, "wf-started-timestamp": "1970-01-01T00:00:00.000Z", "workflow-task-request-id": "emptyUuid", "workflow-task-timeout": 0, "wt-type": "Unspecified", "logging-call-at": "/home/ubuntu/temporal-investigation-20260909/restart-20260909-1600/source-reset/common/log/lazy_logger.go:30"}
    shared_cluster_t.go:72: 2026-09-10T01:22:25.878Z	debug	Workflow task updated	{"address": "127.0.0.1:42219", "attempt": 1, "shard-id": 1, "wf-id": "TestWorkflowResetTestSuite/TestTraceReset_workflow_id", "wf-namespace": "TestWorkflowResetTestSuite-TestTraceReset-cabf061a-a4ae-4035-8077-814d1ecb810f", "wf-run-id": "3c429915-9c46-4ef0-8aef-a17fdb317aa0", "wf-scheduled-event-id": 5, "wf-started-event-id": 0, "wf-started-timestamp": "0001-01-01T00:00:00.000Z", "workflow-task-request-id": "emptyUuid", "workflow-task-timeout": 60, "wt-type": "Normal", "logging-call-at": "/home/ubuntu/temporal-investigation-20260909/restart-20260909-1600/source-reset/common/log/lazy_logger.go:30"}
    shared_cluster_t.go:72: 2026-09-10T01:22:25.879Z	debug	time skipping skipped for: time skipping is not enabled	{"address": "127.0.0.1:42219", "shard-id": 1, "wf-id": "TestWorkflowResetTestSuite/TestTraceReset_workflow_id", "wf-namespace": "TestWorkflowResetTestSuite-TestTraceReset-cabf061a-a4ae-4035-8077-814d1ecb810f", "wf-run-id": "3c429915-9c46-4ef0-8aef-a17fdb317aa0", "logging-call-at": "/home/ubuntu/temporal-investigation-20260909/restart-20260909-1600/source-reset/common/log/lazy_logger.go:30"}
    shared_cluster_t.go:72: 2026-09-10T01:22:25.879Z	debug	time skipping skipped for: time skipping is not enabled	{"address": "127.0.0.1:42219", "shard-id": 1, "wf-id": "TestWorkflowResetTestSuite/TestTraceReset_workflow_id", "wf-namespace": "TestWorkflowResetTestSuite-TestTraceReset-cabf061a-a4ae-4035-8077-814d1ecb810f", "wf-namespace-id": "626d4afa-3233-47dd-a011-4c20fc205359", "wf-run-id": "01a088e8-9cd2-7bff-954a-386efc50a0a8", "logging-call-at": "/home/ubuntu/temporal-investigation-20260909/restart-20260909-1600/source-reset/common/log/lazy_logger.go:30"}
    shared_cluster_t.go:72: 2026-09-10T01:22:25.880Z	debug	routing key extraction: adding routing key to context	{"wf-id": "TestWorkflowResetTestSuite/TestTraceReset_workflow_id", "grpc-method": "/temporal.api.workflowservice.v1.WorkflowService/StartWorkflowExecution", "logging-call-at": "/home/ubuntu/temporal-investigation-20260909/restart-20260909-1600/source-reset/common/rpc/interceptor/routing_key_interceptor.go:112"}
    shared_cluster_t.go:72: 2026-09-10T01:22:25.880Z	debug	Frontend method invoked.	{"wf-namespace": "TestWorkflowResetTestSuite-TestTraceReset-cabf061a-a4ae-4035-8077-814d1ecb810f", "operation": "StartWorkflowExecution", "server-name": "", "cert-thumbprint": "", "logging-call-at": "/home/ubuntu/temporal-investigation-20260909/restart-20260909-1600/source-reset/common/rpc/interceptor/namespace_logger.go:53"}
    shared_cluster_t.go:72: 2026-09-10T01:22:25.880Z	debug	Received StartWorkflowExecution.	{"service": "frontend", "wf-id": "TestWorkflowResetTestSuite/TestTraceReset_workflow_id", "wf-type": "TestWorkflowResetTestSuite/TestTraceReset_workflow_type", "logging-call-at": "/home/ubuntu/temporal-investigation-20260909/restart-20260909-1600/source-reset/service/frontend/workflow_handler.go:561"}
    shared_cluster_t.go:72: 2026-09-10T01:22:25.880Z	debug	Start workflow execution request namespace.	{"service": "frontend", "wf-namespace": "TestWorkflowResetTestSuite-TestTraceReset-cabf061a-a4ae-4035-8077-814d1ecb810f", "logging-call-at": "/home/ubuntu/temporal-investigation-20260909/restart-20260909-1600/source-reset/service/frontend/workflow_handler.go:565"}
    shared_cluster_t.go:72: 2026-09-10T01:22:25.880Z	debug	Start workflow execution request namespaceID.	{"service": "frontend", "wf-namespace-id": "626d4afa-3233-47dd-a011-4c20fc205359", "logging-call-at": "/home/ubuntu/temporal-investigation-20260909/restart-20260909-1600/source-reset/service/frontend/workflow_handler.go:570"}
    shared_cluster_t.go:72: 2026-09-10T01:22:25.881Z	debug	Workflow task updated	{"address": "127.0.0.1:42219", "attempt": 1, "shard-id": 1, "wf-id": "TestWorkflowResetTestSuite/TestTraceReset_workflow_id", "wf-namespace": "TestWorkflowResetTestSuite-TestTraceReset-cabf061a-a4ae-4035-8077-814d1ecb810f", "wf-run-id": "01a088e8-afd8-7ce6-b0ad-ffc23daf8ba4", "wf-scheduled-event-id": 2, "wf-started-event-id": 0, "wf-started-timestamp": "0001-01-01T00:00:00.000Z", "workflow-task-request-id": "emptyUuid", "workflow-task-timeout": 60, "wt-type": "Normal", "logging-call-at": "/home/ubuntu/temporal-investigation-20260909/restart-20260909-1600/source-reset/common/log/lazy_logger.go:30"}
    shared_cluster_t.go:72: 2026-09-10T01:22:25.881Z	debug	time skipping skipped for: time skipping is not enabled	{"address": "127.0.0.1:42219", "shard-id": 1, "wf-id": "TestWorkflowResetTestSuite/TestTraceReset_workflow_id", "wf-namespace": "TestWorkflowResetTestSuite-TestTraceReset-cabf061a-a4ae-4035-8077-814d1ecb810f", "wf-run-id": "01a088e8-afd8-7ce6-b0ad-ffc23daf8ba4", "logging-call-at": "/home/ubuntu/temporal-investigation-20260909/restart-20260909-1600/source-reset/common/log/lazy_logger.go:30"}
    shared_cluster_t.go:72: 2026-09-10T01:22:25.881Z	debug	Assigning new task key	{"address": "127.0.0.1:42219", "cursor-timestamp": "2026-09-10T01:22:26.855Z", "queue-task-id": 1048620, "queue-task-type": "VisibilityStartExecution", "shard-id": 1, "timestamp": "2026-09-10T01:22:25.881Z", "wf-id": "TestWorkflowResetTestSuite/TestTraceReset_workflow_id", "wf-namespace-id": "626d4afa-3233-47dd-a011-4c20fc205359", "wf-run-id": "01a088e8-afd8-7ce6-b0ad-ffc23daf8ba4", "logging-call-at": "/home/ubuntu/temporal-investigation-20260909/restart-20260909-1600/source-reset/service/history/shard/task_key_generator.go:98"}
    shared_cluster_t.go:72: 2026-09-10T01:22:25.881Z	debug	Assigning new task key	{"address": "127.0.0.1:42219", "cursor-timestamp": "2026-09-10T01:22:26.855Z", "queue-task-id": 1048621, "queue-task-type": "TransferWorkflowTask", "shard-id": 1, "timestamp": "2026-09-10T01:22:25.881Z", "wf-id": "TestWorkflowResetTestSuite/TestTraceReset_workflow_id", "wf-namespace-id": "626d4afa-3233-47dd-a011-4c20fc205359", "wf-run-id": "01a088e8-afd8-7ce6-b0ad-ffc23daf8ba4", "logging-call-at": "/home/ubuntu/temporal-investigation-20260909/restart-20260909-1600/source-reset/service/history/shard/task_key_generator.go:98"}
    shared_cluster_t.go:72: 2026-09-10T01:22:25.883Z	debug	Assigning new task key	{"address": "127.0.0.1:42219", "cursor-timestamp": "2026-09-10T01:22:26.882Z", "queue-task-id": 1048623, "queue-task-type": "WorkflowRunTimeout", "shard-id": 1, "timestamp": "2026-09-10T01:27:25.878Z", "wf-id": "TestWorkflowResetTestSuite/TestTraceReset_workflow_id", "wf-namespace-id": "626d4afa-3233-47dd-a011-4c20fc205359", "wf-run-id": "3c429915-9c46-4ef0-8aef-a17fdb317aa0", "logging-call-at": "/home/ubuntu/temporal-investigation-20260909/restart-20260909-1600/source-reset/service/history/shard/task_key_generator.go:98"}
    shared_cluster_t.go:72: 2026-09-10T01:22:25.883Z	debug	Process task as active.	{"address": "127.0.0.1:42219", "component": "transfer-queue-processor", "shard-id": 1, "value": "WorkflowTask{WorkflowKey: 626d4afa-3233-47dd-a011-4c20fc205359/TestWorkflowResetTestSuite/TestTraceReset_workflow_id/01a088e8-afd8-7ce6-b0ad-ffc23daf8ba4, VisibilityTimestamp: 2026-09-10 01:22:25.881391367 +0000 UTC, TaskID: 1048621, TaskQueue: TestWorkflowResetTestSuite/TestTraceReset_task_queue, ScheduledEventID: 2, Version: 0}", "wf-namespace-id": "626d4afa-3233-47dd-a011-4c20fc205359", "logging-call-at": "/home/ubuntu/temporal-investigation-20260909/restart-20260909-1600/source-reset/service/history/queues/active_standby_executor.go:121"}
    shared_cluster_t.go:72: 2026-09-10T01:22:25.883Z	debug	Assigning new task key	{"address": "127.0.0.1:42219", "cursor-timestamp": "2026-09-10T01:22:26.882Z", "queue-task-id": 1048624, "queue-task-type": "WorkflowTaskTimeout", "shard-id": 1, "timestamp": "2026-09-10T01:23:21.019Z", "wf-id": "TestWorkflowResetTestSuite/TestTraceReset_workflow_id", "wf-namespace-id": "626d4afa-3233-47dd-a011-4c20fc205359", "wf-run-id": "3c429915-9c46-4ef0-8aef-a17fdb317aa0", "logging-call-at": "/home/ubuntu/temporal-investigation-20260909/restart-20260909-1600/source-reset/service/history/shard/task_key_generator.go:98"}
    shared_cluster_t.go:72: 2026-09-10T01:22:25.883Z	debug	Assigning new task key	{"address": "127.0.0.1:42219", "cursor-timestamp": "2026-09-10T01:22:26.882Z", "queue-task-id": 1048625, "queue-task-type": "WorkflowRunTimeout", "shard-id": 1, "timestamp": "2026-09-10T01:27:25.878Z", "wf-id": "TestWorkflowResetTestSuite/TestTraceReset_workflow_id", "wf-namespace-id": "626d4afa-3233-47dd-a011-4c20fc205359", "wf-run-id": "3c429915-9c46-4ef0-8aef-a17fdb317aa0", "logging-call-at": "/home/ubuntu/temporal-investigation-20260909/restart-20260909-1600/source-reset/service/history/shard/task_key_generator.go:98"}
    shared_cluster_t.go:72: 2026-09-10T01:22:25.883Z	debug	Assigning new task key	{"address": "127.0.0.1:42219", "cursor-timestamp": "2026-09-10T01:22:26.882Z", "queue-task-id": 1048626, "queue-task-type": "VisibilityUpsertExecution", "shard-id": 1, "timestamp": "2026-09-10T01:22:25.883Z", "wf-id": "TestWorkflowResetTestSuite/TestTraceReset_workflow_id", "wf-namespace-id": "626d4afa-3233-47dd-a011-4c20fc205359", "wf-run-id": "3c429915-9c46-4ef0-8aef-a17fdb317aa0", "logging-call-at": "/home/ubuntu/temporal-investigation-20260909/restart-20260909-1600/source-reset/service/history/shard/task_key_generator.go:98"}
    shared_cluster_t.go:72: 2026-09-10T01:22:25.883Z	debug	Assigning new task key	{"address": "127.0.0.1:42219", "cursor-timestamp": "2026-09-10T01:22:26.882Z", "queue-task-id": 1048627, "queue-task-type": "TransferWorkflowTask", "shard-id": 1, "timestamp": "2026-09-10T01:22:25.883Z", "wf-id": "TestWorkflowResetTestSuite/TestTraceReset_workflow_id", "wf-namespace-id": "626d4afa-3233-47dd-a011-4c20fc205359", "wf-run-id": "3c429915-9c46-4ef0-8aef-a17fdb317aa0", "logging-call-at": "/home/ubuntu/temporal-investigation-20260909/restart-20260909-1600/source-reset/service/history/shard/task_key_generator.go:98"}
    shared_cluster_t.go:72: 2026-09-10T01:22:25.928Z	debug	time skipping skipped for: time skipping is not enabled	{"address": "127.0.0.1:42219", "shard-id": 1, "wf-id": "TestWorkflowResetTestSuite/TestTraceReset_workflow_id", "wf-namespace": "TestWorkflowResetTestSuite-TestTraceReset-cabf061a-a4ae-4035-8077-814d1ecb810f", "wf-namespace-id": "626d4afa-3233-47dd-a011-4c20fc205359", "wf-run-id": "01a088e8-afd8-7ce6-b0ad-ffc23daf8ba4", "logging-call-at": "/home/ubuntu/temporal-investigation-20260909/restart-20260909-1600/source-reset/common/log/lazy_logger.go:30"}
    shared_cluster_t.go:72: 2026-09-10T01:22:25.928Z	debug	Workflow task updated	{"address": "127.0.0.1:42219", "attempt": 1, "shard-id": 1, "wf-id": "TestWorkflowResetTestSuite/TestTraceReset_workflow_id", "wf-namespace": "TestWorkflowResetTestSuite-TestTraceReset-cabf061a-a4ae-4035-8077-814d1ecb810f", "wf-run-id": "b9a882f0-e6bc-4919-ad78-ab0215bcb747", "wf-scheduled-event-id": 2, "wf-started-event-id": 0, "wf-started-timestamp": "0001-01-01T00:00:00.000Z", "workflow-task-request-id": "emptyUuid", "workflow-task-timeout": 60, "wt-type": "Normal", "logging-call-at": "/home/ubuntu/temporal-investigation-20260909/restart-20260909-1600/source-reset/common/log/lazy_logger.go:30"}
    shared_cluster_t.go:72: 2026-09-10T01:22:25.928Z	debug	Workflow task updated	{"address": "127.0.0.1:42219", "attempt": 1, "shard-id": 1, "wf-id": "TestWorkflowResetTestSuite/TestTraceReset_workflow_id", "wf-namespace": "TestWorkflowResetTestSuite-TestTraceReset-cabf061a-a4ae-4035-8077-814d1ecb810f", "wf-run-id": "b9a882f0-e6bc-4919-ad78-ab0215bcb747", "wf-scheduled-event-id": 2, "wf-started-event-id": 3, "wf-started-timestamp": "2026-09-10T01:22:21.018Z", "workflow-task-request-id": "3f4e2872-0fab-41e9-b6cb-a3486786043e", "workflow-task-timeout": 60, "wt-type": "Normal", "logging-call-at": "/home/ubuntu/temporal-investigation-20260909/restart-20260909-1600/source-reset/common/log/lazy_logger.go:30"}
    shared_cluster_t.go:72: 2026-09-10T01:22:25.929Z	debug	Workflow task updated	{"address": "127.0.0.1:42219", "attempt": 2, "shard-id": 1, "wf-id": "TestWorkflowResetTestSuite/TestTraceReset_workflow_id", "wf-namespace": "TestWorkflowResetTestSuite-TestTraceReset-cabf061a-a4ae-4035-8077-814d1ecb810f", "wf-run-id": "b9a882f0-e6bc-4919-ad78-ab0215bcb747", "wf-scheduled-event-id": 0, "wf-started-event-id": 0, "wf-started-timestamp": "1970-01-01T00:00:00.000Z", "workflow-task-request-id": "emptyUuid", "workflow-task-timeout": 0, "wt-type": "Unspecified", "logging-call-at": "/home/ubuntu/temporal-investigation-20260909/restart-20260909-1600/source-reset/common/log/lazy_logger.go:30"}
    shared_cluster_t.go:72: 2026-09-10T01:22:25.929Z	debug	Workflow task updated	{"address": "127.0.0.1:42219", "attempt": 1, "shard-id": 1, "wf-id": "TestWorkflowResetTestSuite/TestTraceReset_workflow_id", "wf-namespace": "TestWorkflowResetTestSuite-TestTraceReset-cabf061a-a4ae-4035-8077-814d1ecb810f", "wf-run-id": "b9a882f0-e6bc-4919-ad78-ab0215bcb747", "wf-scheduled-event-id": 5, "wf-started-event-id": 0, "wf-started-timestamp": "0001-01-01T00:00:00.000Z", "workflow-task-request-id": "emptyUuid", "workflow-task-timeout": 60, "wt-type": "Normal", "logging-call-at": "/home/ubuntu/temporal-investigation-20260909/restart-20260909-1600/source-reset/common/log/lazy_logger.go:30"}
    shared_cluster_t.go:72: 2026-09-10T01:22:25.930Z	debug	time skipping skipped for: time skipping is not enabled	{"address": "127.0.0.1:42219", "shard-id": 1, "wf-id": "TestWorkflowResetTestSuite/TestTraceReset_workflow_id", "wf-namespace": "TestWorkflowResetTestSuite-TestTraceReset-cabf061a-a4ae-4035-8077-814d1ecb810f", "wf-run-id": "b9a882f0-e6bc-4919-ad78-ab0215bcb747", "logging-call-at": "/home/ubuntu/temporal-investigation-20260909/restart-20260909-1600/source-reset/common/log/lazy_logger.go:30"}
    shared_cluster_t.go:72: 2026-09-10T01:22:25.930Z	debug	time skipping skipped for: time skipping is not enabled	{"address": "127.0.0.1:42219", "shard-id": 1, "wf-id": "TestWorkflowResetTestSuite/TestTraceReset_workflow_id", "wf-namespace": "TestWorkflowResetTestSuite-TestTraceReset-cabf061a-a4ae-4035-8077-814d1ecb810f", "wf-namespace-id": "626d4afa-3233-47dd-a011-4c20fc205359", "wf-run-id": "01a088e8-9cd2-7bff-954a-386efc50a0a8", "logging-call-at": "/home/ubuntu/temporal-investigation-20260909/restart-20260909-1600/source-reset/common/log/lazy_logger.go:30"}
    shared_cluster_t.go:72: 2026-09-10T01:22:25.930Z	debug	Assigning new task key	{"address": "127.0.0.1:42219", "cursor-timestamp": "2026-09-10T01:22:26.882Z", "queue-task-id": 1048634, "queue-task-type": "DeleteHistoryEvent", "shard-id": 1, "timestamp": "2026-09-11T01:22:26.168Z", "wf-id": "TestWorkflowResetTestSuite/TestTraceReset_workflow_id", "wf-namespace-id": "626d4afa-3233-47dd-a011-4c20fc205359", "wf-run-id": "01a088e8-afd8-7ce6-b0ad-ffc23daf8ba4", "logging-call-at": "/home/ubuntu/temporal-investigation-20260909/restart-20260909-1600/source-reset/service/history/shard/task_key_generator.go:98"}
    shared_cluster_t.go:72: 2026-09-10T01:22:25.930Z	debug	Assigning new task key	{"address": "127.0.0.1:42219", "cursor-timestamp": "2026-09-10T01:22:26.882Z", "queue-task-id": 1048635, "queue-task-type": "TransferCloseExecution", "shard-id": 1, "timestamp": "2026-09-10T01:22:25.930Z", "wf-id": "TestWorkflowResetTestSuite/TestTraceReset_workflow_id", "wf-namespace-id": "626d4afa-3233-47dd-a011-4c20fc205359", "wf-run-id": "01a088e8-afd8-7ce6-b0ad-ffc23daf8ba4", "logging-call-at": "/home/ubuntu/temporal-investigation-20260909/restart-20260909-1600/source-reset/service/history/shard/task_key_generator.go:98"}
    shared_cluster_t.go:72: 2026-09-10T01:22:25.930Z	debug	Assigning new task key	{"address": "127.0.0.1:42219", "cursor-timestamp": "2026-09-10T01:22:26.882Z", "queue-task-id": 1048636, "queue-task-type": "VisibilityCloseExecution", "shard-id": 1, "timestamp": "2026-09-10T01:22:25.930Z", "wf-id": "TestWorkflowResetTestSuite/TestTraceReset_workflow_id", "wf-namespace-id": "626d4afa-3233-47dd-a011-4c20fc205359", "wf-run-id": "01a088e8-afd8-7ce6-b0ad-ffc23daf8ba4", "logging-call-at": "/home/ubuntu/temporal-investigation-20260909/restart-20260909-1600/source-reset/service/history/shard/task_key_generator.go:98"}
    shared_cluster_t.go:72: 2026-09-10T01:22:25.930Z	debug	Assigning new task key	{"address": "127.0.0.1:42219", "cursor-timestamp": "2026-09-10T01:22:26.882Z", "queue-task-id": 1048637, "queue-task-type": "WorkflowRunTimeout", "shard-id": 1, "timestamp": "2026-09-10T01:27:25.929Z", "wf-id": "TestWorkflowResetTestSuite/TestTraceReset_workflow_id", "wf-namespace-id": "626d4afa-3233-47dd-a011-4c20fc205359", "wf-run-id": "b9a882f0-e6bc-4919-ad78-ab0215bcb747", "logging-call-at": "/home/ubuntu/temporal-investigation-20260909/restart-20260909-1600/source-reset/service/history/shard/task_key_generator.go:98"}
    shared_cluster_t.go:72: 2026-09-10T01:22:25.930Z	debug	Assigning new task key	{"address": "127.0.0.1:42219", "cursor-timestamp": "2026-09-10T01:22:26.882Z", "queue-task-id": 1048638, "queue-task-type": "WorkflowTaskTimeout", "shard-id": 1, "timestamp": "2026-09-10T01:23:21.019Z", "wf-id": "TestWorkflowResetTestSuite/TestTraceReset_workflow_id", "wf-namespace-id": "626d4afa-3233-47dd-a011-4c20fc205359", "wf-run-id": "b9a882f0-e6bc-4919-ad78-ab0215bcb747", "logging-call-at": "/home/ubuntu/temporal-investigation-20260909/restart-20260909-1600/source-reset/service/history/shard/task_key_generator.go:98"}
    shared_cluster_t.go:72: 2026-09-10T01:22:25.930Z	debug	Assigning new task key	{"address": "127.0.0.1:42219", "cursor-timestamp": "2026-09-10T01:22:26.882Z", "queue-task-id": 1048639, "queue-task-type": "WorkflowRunTimeout", "shard-id": 1, "timestamp": "2026-09-10T01:27:25.930Z", "wf-id": "TestWorkflowResetTestSuite/TestTraceReset_workflow_id", "wf-namespace-id": "626d4afa-3233-47dd-a011-4c20fc205359", "wf-run-id": "b9a882f0-e6bc-4919-ad78-ab0215bcb747", "logging-call-at": "/home/ubuntu/temporal-investigation-20260909/restart-20260909-1600/source-reset/service/history/shard/task_key_generator.go:98"}
    shared_cluster_t.go:72: 2026-09-10T01:22:25.930Z	debug	Assigning new task key	{"address": "127.0.0.1:42219", "cursor-timestamp": "2026-09-10T01:22:26.882Z", "queue-task-id": 1048640, "queue-task-type": "VisibilityUpsertExecution", "shard-id": 1, "timestamp": "2026-09-10T01:22:25.930Z", "wf-id": "TestWorkflowResetTestSuite/TestTraceReset_workflow_id", "wf-namespace-id": "626d4afa-3233-47dd-a011-4c20fc205359", "wf-run-id": "b9a882f0-e6bc-4919-ad78-ab0215bcb747", "logging-call-at": "/home/ubuntu/temporal-investigation-20260909/restart-20260909-1600/source-reset/service/history/shard/task_key_generator.go:98"}
    shared_cluster_t.go:72: 2026-09-10T01:22:25.930Z	debug	Assigning new task key	{"address": "127.0.0.1:42219", "cursor-timestamp": "2026-09-10T01:22:26.882Z", "queue-task-id": 1048641, "queue-task-type": "TransferWorkflowTask", "shard-id": 1, "timestamp": "2026-09-10T01:22:25.930Z", "wf-id": "TestWorkflowResetTestSuite/TestTraceReset_workflow_id", "wf-namespace-id": "626d4afa-3233-47dd-a011-4c20fc205359", "wf-run-id": "b9a882f0-e6bc-4919-ad78-ab0215bcb747", "logging-call-at": "/home/ubuntu/temporal-investigation-20260909/restart-20260909-1600/source-reset/service/history/shard/task_key_generator.go:98"}
    shared_cluster_t.go:72: 2026-09-10T01:22:25.932Z	debug	Process task as active.	{"address": "127.0.0.1:42219", "component": "transfer-queue-processor", "shard-id": 1, "value": "WorkflowTask{WorkflowKey: 626d4afa-3233-47dd-a011-4c20fc205359/TestWorkflowResetTestSuite/TestTraceReset_workflow_id/b9a882f0-e6bc-4919-ad78-ab0215bcb747, VisibilityTimestamp: 2026-09-10 01:22:25.930078293 +0000 UTC, TaskID: 1048641, TaskQueue: TestWorkflowResetTestSuite/TestTraceReset_task_queue, ScheduledEventID: 5, Version: 0}", "wf-namespace-id": "626d4afa-3233-47dd-a011-4c20fc205359", "logging-call-at": "/home/ubuntu/temporal-investigation-20260909/restart-20260909-1600/source-reset/service/history/queues/active_standby_executor.go:121"}
    shared_cluster_t.go:72: 2026-09-10T01:22:25.932Z	debug	Process task as active.	{"address": "127.0.0.1:42219", "component": "transfer-queue-processor", "shard-id": 1, "value": "CloseExecutionTask{WorkflowKey: 626d4afa-3233-47dd-a011-4c20fc205359/TestWorkflowResetTestSuite/TestTraceReset_workflow_id/01a088e8-afd8-7ce6-b0ad-ffc23daf8ba4, VisibilityTimestamp: 2026-09-10 01:22:25.930078293 +0000 UTC, TaskID: 1048635, Version: 0, DeleteAfterClose: false, DeleteProcessStage: 0}", "wf-namespace-id": "626d4afa-3233-47dd-a011-4c20fc205359", "logging-call-at": "/home/ubuntu/temporal-investigation-20260909/restart-20260909-1600/source-reset/service/history/queues/active_standby_executor.go:121"}
    shared_cluster_t.go:72: 2026-09-10T01:22:25.937Z	debug	Frontend method invoked.	{"wf-namespace": "", "operation": "CloseShard", "server-name": "", "cert-thumbprint": "", "logging-call-at": "/home/ubuntu/temporal-investigation-20260909/restart-20260909-1600/source-reset/common/rpc/interceptor/namespace_logger.go:53"}
    shared_cluster_t.go:72: 2026-09-10T01:22:25.938Z	info	none	{"address": "127.0.0.1:42219", "component": "shard-controller", "numShards": 0, "logging-call-at": "/home/ubuntu/temporal-investigation-20260909/restart-20260909-1600/source-reset/service/history/shard/controller_impl.go:288"}
    shared_cluster_t.go:72: 2026-09-10T01:22:25.938Z	info	none	{"address": "127.0.0.1:42219", "component": "shard-context", "lifecycle": "Stopped", "shard-id": 1, "logging-call-at": "/home/ubuntu/temporal-investigation-20260909/restart-20260909-1600/source-reset/service/history/shard/context_impl.go:1783"}
    shared_cluster_t.go:72: 2026-09-10T01:22:25.938Z	info	none	{"address": "127.0.0.1:42219", "component": "shard-engine", "lifecycle": "Stopping", "shard-id": 1, "logging-call-at": "/home/ubuntu/temporal-investigation-20260909/restart-20260909-1600/source-reset/service/history/shard/context_impl.go:1631"}
    shared_cluster_t.go:72: 2026-09-10T01:22:25.938Z	info	none	{"address": "127.0.0.1:42219", "component": "history-engine", "lifecycle": "Stopping", "shard-id": 1, "logging-call-at": "/home/ubuntu/temporal-investigation-20260909/restart-20260909-1600/source-reset/service/history/history_engine.go:407"}
    shared_cluster_t.go:72: 2026-09-10T01:22:25.938Z	info	none	{"address": "127.0.0.1:42219", "component": "transfer-queue-processor", "lifecycle": "Stopping", "shard-id": 1, "logging-call-at": "/home/ubuntu/temporal-investigation-20260909/restart-20260909-1600/source-reset/service/history/queues/queue_immediate.go:112"}
    shared_cluster_t.go:72: 2026-09-10T01:22:25.938Z	info	queue reader stopped	{"address": "127.0.0.1:42219", "component": "transfer-queue-processor", "lifecycle": "Stopped", "queue-reader-id": 0, "shard-id": 1, "logging-call-at": "/home/ubuntu/temporal-investigation-20260909/restart-20260909-1600/source-reset/service/history/queues/reader.go:177"}
    shared_cluster_t.go:72: 2026-09-10T01:22:25.938Z	info	Task rescheduler stopped.	{"address": "127.0.0.1:42219", "component": "transfer-queue-processor", "lifecycle": "Stopped", "shard-id": 1, "logging-call-at": "/home/ubuntu/temporal-investigation-20260909/restart-20260909-1600/source-reset/service/history/queues/rescheduler.go:117"}
    shared_cluster_t.go:72: 2026-09-10T01:22:25.938Z	info	none	{"address": "127.0.0.1:42219", "component": "transfer-queue-processor", "lifecycle": "Stopped", "shard-id": 1, "logging-call-at": "/home/ubuntu/temporal-investigation-20260909/restart-20260909-1600/source-reset/service/history/queues/queue_immediate.go:122"}
    shared_cluster_t.go:72: 2026-09-10T01:22:25.938Z	info	none	{"address": "127.0.0.1:42219", "component": "visibility-queue-processor", "lifecycle": "Stopping", "shard-id": 1, "logging-call-at": "/home/ubuntu/temporal-investigation-20260909/restart-20260909-1600/source-reset/service/history/queues/queue_immediate.go:112"}
    shared_cluster_t.go:72: 2026-09-10T01:22:25.938Z	info	queue reader stopped	{"address": "127.0.0.1:42219", "component": "visibility-queue-processor", "lifecycle": "Stopped", "queue-reader-id": 0, "shard-id": 1, "logging-call-at": "/home/ubuntu/temporal-investigation-20260909/restart-20260909-1600/source-reset/service/history/queues/reader.go:177"}
    shared_cluster_t.go:72: 2026-09-10T01:22:25.938Z	info	Task rescheduler stopped.	{"address": "127.0.0.1:42219", "component": "visibility-queue-processor", "lifecycle": "Stopped", "shard-id": 1, "logging-call-at": "/home/ubuntu/temporal-investigation-20260909/restart-20260909-1600/source-reset/service/history/queues/rescheduler.go:117"}
    shared_cluster_t.go:72: 2026-09-10T01:22:25.938Z	info	none	{"address": "127.0.0.1:42219", "component": "visibility-queue-processor", "lifecycle": "Stopped", "shard-id": 1, "logging-call-at": "/home/ubuntu/temporal-investigation-20260909/restart-20260909-1600/source-reset/service/history/queues/queue_immediate.go:122"}
    shared_cluster_t.go:72: 2026-09-10T01:22:25.938Z	info	none	{"address": "127.0.0.1:42219", "component": "outbound-queue-processor", "lifecycle": "Stopping", "shard-id": 1, "logging-call-at": "/home/ubuntu/temporal-investigation-20260909/restart-20260909-1600/source-reset/service/history/queues/queue_immediate.go:112"}
    shared_cluster_t.go:72: 2026-09-10T01:22:25.938Z	info	queue reader stopped	{"address": "127.0.0.1:42219", "component": "outbound-queue-processor", "lifecycle": "Stopped", "queue-reader-id": 0, "shard-id": 1, "logging-call-at": "/home/ubuntu/temporal-investigation-20260909/restart-20260909-1600/source-reset/service/history/queues/reader.go:177"}
    shared_cluster_t.go:72: 2026-09-10T01:22:25.938Z	info	Task rescheduler stopped.	{"address": "127.0.0.1:42219", "component": "outbound-queue-processor", "lifecycle": "Stopped", "shard-id": 1, "logging-call-at": "/home/ubuntu/temporal-investigation-20260909/restart-20260909-1600/source-reset/service/history/queues/rescheduler.go:117"}
    shared_cluster_t.go:72: 2026-09-10T01:22:25.938Z	info	none	{"address": "127.0.0.1:42219", "component": "outbound-queue-processor", "lifecycle": "Stopped", "shard-id": 1, "logging-call-at": "/home/ubuntu/temporal-investigation-20260909/restart-20260909-1600/source-reset/service/history/queues/queue_immediate.go:122"}
    shared_cluster_t.go:72: 2026-09-10T01:22:25.938Z	info	none	{"address": "127.0.0.1:42219", "component": "timer-queue-processor", "lifecycle": "Stopping", "shard-id": 1, "logging-call-at": "/home/ubuntu/temporal-investigation-20260909/restart-20260909-1600/source-reset/service/history/queues/queue_scheduled.go:146"}
    shared_cluster_t.go:72: 2026-09-10T01:22:25.938Z	info	queue reader stopped	{"address": "127.0.0.1:42219", "component": "timer-queue-processor", "lifecycle": "Stopped", "queue-reader-id": 0, "shard-id": 1, "logging-call-at": "/home/ubuntu/temporal-investigation-20260909/restart-20260909-1600/source-reset/service/history/queues/reader.go:177"}
    shared_cluster_t.go:72: 2026-09-10T01:22:25.938Z	info	Task rescheduler stopped.	{"address": "127.0.0.1:42219", "component": "timer-queue-processor", "lifecycle": "Stopped", "shard-id": 1, "logging-call-at": "/home/ubuntu/temporal-investigation-20260909/restart-20260909-1600/source-reset/service/history/queues/rescheduler.go:117"}
    shared_cluster_t.go:72: 2026-09-10T01:22:25.938Z	info	none	{"address": "127.0.0.1:42219", "component": "timer-queue-processor", "lifecycle": "Stopped", "shard-id": 1, "logging-call-at": "/home/ubuntu/temporal-investigation-20260909/restart-20260909-1600/source-reset/service/history/queues/queue_scheduled.go:157"}
    shared_cluster_t.go:72: 2026-09-10T01:22:25.938Z	info	none	{"component": "memory-scheduled-queue-processor", "lifecycle": "Stopping", "service": "history", "logging-call-at": "/home/ubuntu/temporal-investigation-20260909/restart-20260909-1600/source-reset/service/history/queues/memory_scheduled_queue.go:91"}
    shared_cluster_t.go:72: 2026-09-10T01:22:25.938Z	info	none	{"component": "memory-scheduled-queue-processor", "lifecycle": "Stopped", "service": "history", "logging-call-at": "/home/ubuntu/temporal-investigation-20260909/restart-20260909-1600/source-reset/service/history/queues/memory_scheduled_queue.go:99"}
    shared_cluster_t.go:72: 2026-09-10T01:22:25.938Z	info	none	{"address": "127.0.0.1:42219", "component": "history-engine", "lifecycle": "Stopped", "shard-id": 1, "logging-call-at": "/home/ubuntu/temporal-investigation-20260909/restart-20260909-1600/source-reset/service/history/history_engine.go:416"}
    shared_cluster_t.go:72: 2026-09-10T01:22:25.938Z	info	none	{"address": "127.0.0.1:42219", "component": "shard-engine", "lifecycle": "Stopped", "shard-id": 1, "logging-call-at": "/home/ubuntu/temporal-investigation-20260909/restart-20260909-1600/source-reset/service/history/shard/context_impl.go:1633"}
    shared_cluster_t.go:72: 2026-09-10T01:22:25.939Z	debug	finalizer starting	{"address": "127.0.0.1:42219", "items": 5, "shard-id": 1, "timeout": 2, "logging-call-at": "/home/ubuntu/temporal-investigation-20260909/restart-20260909-1600/source-reset/common/finalizer/finalizer.go:108"}
    shared_cluster_t.go:72: 2026-09-10T01:22:25.939Z	debug	finalizer completed	{"address": "127.0.0.1:42219", "completed": 5, "shard-id": 1, "logging-call-at": "/home/ubuntu/temporal-investigation-20260909/restart-20260909-1600/source-reset/common/finalizer/finalizer.go:152"}
    shared_cluster_t.go:72: 2026-09-10T01:22:25.939Z	debug	routing key extraction: adding routing key to context	{"wf-id": "TestWorkflowResetTestSuite/TestTraceReset_workflow_id", "grpc-method": "/temporal.api.workflowservice.v1.WorkflowService/DescribeWorkflowExecution", "logging-call-at": "/home/ubuntu/temporal-investigation-20260909/restart-20260909-1600/source-reset/common/rpc/interceptor/routing_key_interceptor.go:112"}
    shared_cluster_t.go:72: 2026-09-10T01:22:25.939Z	debug	Frontend method invoked.	{"wf-namespace": "TestWorkflowResetTestSuite-TestTraceReset-cabf061a-a4ae-4035-8077-814d1ecb810f", "operation": "DescribeWorkflowExecution", "server-name": "", "cert-thumbprint": "", "logging-call-at": "/home/ubuntu/temporal-investigation-20260909/restart-20260909-1600/source-reset/common/rpc/interceptor/namespace_logger.go:53"}
    shared_cluster_t.go:72: 2026-09-10T01:22:25.939Z	info	none	{"address": "127.0.0.1:42219", "component": "shard-context", "lifecycle": "Started", "shard-id": 1, "logging-call-at": "/home/ubuntu/temporal-investigation-20260909/restart-20260909-1600/source-reset/service/history/shard/context_impl.go:1764"}
    shared_cluster_t.go:72: 2026-09-10T01:22:25.939Z	info	none	{"address": "127.0.0.1:42219", "component": "shard-controller", "numShards": 1, "logging-call-at": "/home/ubuntu/temporal-investigation-20260909/restart-20260909-1600/source-reset/service/history/shard/controller_impl.go:265"}
    shared_cluster_t.go:72: 2026-09-10T01:22:25.940Z	info	Range updated for shardID	{"address": "127.0.0.1:42219", "previous-shard-range-id": 1, "shard-id": 1, "shard-range-id": 2, "logging-call-at": "/home/ubuntu/temporal-investigation-20260909/restart-20260909-1600/source-reset/service/history/shard/context_impl.go:1241"}
    shared_cluster_t.go:72: 2026-09-10T01:22:25.940Z	info	Task key range updated	{"address": "127.0.0.1:42219", "next-number": 3145728, "number": 2097152, "shard-id": 1, "logging-call-at": "/home/ubuntu/temporal-investigation-20260909/restart-20260909-1600/source-reset/service/history/shard/task_key_generator.go:155"}
    shared_cluster_t.go:72: 2026-09-10T01:22:25.940Z	info	Acquired shard	{"address": "127.0.0.1:42219", "shard-id": 1, "logging-call-at": "/home/ubuntu/temporal-investigation-20260909/restart-20260909-1600/source-reset/service/history/shard/context_impl.go:2129"}
    shared_cluster_t.go:72: 2026-09-10T01:22:25.940Z	info	none	{"address": "127.0.0.1:42219", "component": "shard-engine", "lifecycle": "Starting", "shard-id": 1, "logging-call-at": "/home/ubuntu/temporal-investigation-20260909/restart-20260909-1600/source-reset/service/history/shard/context_impl.go:1604"}
    shared_cluster_t.go:72: 2026-09-10T01:22:25.940Z	info	none	{"address": "127.0.0.1:42219", "component": "history-engine", "lifecycle": "Starting", "shard-id": 1, "logging-call-at": "/home/ubuntu/temporal-investigation-20260909/restart-20260909-1600/source-reset/service/history/history_engine.go:386"}
    shared_cluster_t.go:72: 2026-09-10T01:22:25.940Z	info	none	{"address": "127.0.0.1:42219", "component": "timer-queue-processor", "lifecycle": "Starting", "shard-id": 1, "logging-call-at": "/home/ubuntu/temporal-investigation-20260909/restart-20260909-1600/source-reset/service/history/queues/queue_scheduled.go:130"}
    shared_cluster_t.go:72: 2026-09-10T01:22:25.940Z	info	Task rescheduler started.	{"address": "127.0.0.1:42219", "component": "timer-queue-processor", "lifecycle": "Started", "shard-id": 1, "logging-call-at": "/home/ubuntu/temporal-investigation-20260909/restart-20260909-1600/source-reset/service/history/queues/rescheduler.go:102"}
    shared_cluster_t.go:72: 2026-09-10T01:22:25.940Z	info	none	{"address": "127.0.0.1:42219", "component": "timer-queue-processor", "lifecycle": "Started", "shard-id": 1, "logging-call-at": "/home/ubuntu/temporal-investigation-20260909/restart-20260909-1600/source-reset/service/history/queues/queue_scheduled.go:139"}
    shared_cluster_t.go:72: 2026-09-10T01:22:25.940Z	info	none	{"component": "memory-scheduled-queue-processor", "lifecycle": "Starting", "service": "history", "logging-call-at": "/home/ubuntu/temporal-investigation-20260909/restart-20260909-1600/source-reset/service/history/queues/memory_scheduled_queue.go:79"}
    shared_cluster_t.go:72: 2026-09-10T01:22:25.940Z	info	none	{"component": "memory-scheduled-queue-processor", "lifecycle": "Started", "service": "history", "logging-call-at": "/home/ubuntu/temporal-investigation-20260909/restart-20260909-1600/source-reset/service/history/queues/memory_scheduled_queue.go:84"}
    shared_cluster_t.go:72: 2026-09-10T01:22:25.940Z	info	none	{"address": "127.0.0.1:42219", "component": "transfer-queue-processor", "lifecycle": "Starting", "shard-id": 1, "logging-call-at": "/home/ubuntu/temporal-investigation-20260909/restart-20260909-1600/source-reset/service/history/queues/queue_immediate.go:96"}
    shared_cluster_t.go:72: 2026-09-10T01:22:25.940Z	info	Task rescheduler started.	{"address": "127.0.0.1:42219", "component": "transfer-queue-processor", "lifecycle": "Started", "shard-id": 1, "logging-call-at": "/home/ubuntu/temporal-investigation-20260909/restart-20260909-1600/source-reset/service/history/queues/rescheduler.go:102"}
    shared_cluster_t.go:72: 2026-09-10T01:22:25.940Z	info	none	{"address": "127.0.0.1:42219", "component": "transfer-queue-processor", "lifecycle": "Started", "shard-id": 1, "logging-call-at": "/home/ubuntu/temporal-investigation-20260909/restart-20260909-1600/source-reset/service/history/queues/queue_immediate.go:105"}
    shared_cluster_t.go:72: 2026-09-10T01:22:25.940Z	info	none	{"address": "127.0.0.1:42219", "component": "visibility-queue-processor", "lifecycle": "Starting", "shard-id": 1, "logging-call-at": "/home/ubuntu/temporal-investigation-20260909/restart-20260909-1600/source-reset/service/history/queues/queue_immediate.go:96"}
    shared_cluster_t.go:72: 2026-09-10T01:22:25.940Z	info	Task rescheduler started.	{"address": "127.0.0.1:42219", "component": "visibility-queue-processor", "lifecycle": "Started", "shard-id": 1, "logging-call-at": "/home/ubuntu/temporal-investigation-20260909/restart-20260909-1600/source-reset/service/history/queues/rescheduler.go:102"}
    shared_cluster_t.go:72: 2026-09-10T01:22:25.940Z	info	none	{"address": "127.0.0.1:42219", "component": "visibility-queue-processor", "lifecycle": "Started", "shard-id": 1, "logging-call-at": "/home/ubuntu/temporal-investigation-20260909/restart-20260909-1600/source-reset/service/history/queues/queue_immediate.go:105"}
    shared_cluster_t.go:72: 2026-09-10T01:22:25.940Z	info	queue reader started	{"address": "127.0.0.1:42219", "component": "timer-queue-processor", "lifecycle": "Started", "queue-reader-id": 0, "shard-id": 1, "logging-call-at": "/home/ubuntu/temporal-investigation-20260909/restart-20260909-1600/source-reset/service/history/queues/reader.go:158"}
    shared_cluster_t.go:72: 2026-09-10T01:22:25.940Z	info	queue reader started	{"address": "127.0.0.1:42219", "component": "transfer-queue-processor", "lifecycle": "Started", "queue-reader-id": 0, "shard-id": 1, "logging-call-at": "/home/ubuntu/temporal-investigation-20260909/restart-20260909-1600/source-reset/service/history/queues/reader.go:158"}
    shared_cluster_t.go:72: 2026-09-10T01:22:25.940Z	info	none	{"address": "127.0.0.1:42219", "component": "outbound-queue-processor", "lifecycle": "Starting", "shard-id": 1, "logging-call-at": "/home/ubuntu/temporal-investigation-20260909/restart-20260909-1600/source-reset/service/history/queues/queue_immediate.go:96"}
    shared_cluster_t.go:72: 2026-09-10T01:22:25.940Z	info	Task rescheduler started.	{"address": "127.0.0.1:42219", "component": "outbound-queue-processor", "lifecycle": "Started", "shard-id": 1, "logging-call-at": "/home/ubuntu/temporal-investigation-20260909/restart-20260909-1600/source-reset/service/history/queues/rescheduler.go:102"}
    shared_cluster_t.go:72: 2026-09-10T01:22:25.940Z	error	Queue reader unable to retrieve tasks	{"address": "127.0.0.1:42219", "component": "timer-queue-processor", "error": "shard status unknown", "queue-reader-id": 0, "shard-id": 1, "logging-call-at": "/home/ubuntu/temporal-investigation-20260909/restart-20260909-1600/source-reset/service/history/queues/reader.go:457"}
        go.temporal.io/server/common/log.(*zapLogger).Error
        	/home/ubuntu/temporal-investigation-20260909/restart-20260909-1600/source-reset/common/log/zap_logger.go:191
        go.temporal.io/server/common/testing/testlogger.(*TestLogger).Error
        	/home/ubuntu/temporal-investigation-20260909/restart-20260909-1600/source-reset/common/testing/testlogger/testlogger.go:543
        go.temporal.io/server/service/history/queues.(*ReaderImpl).loadAndSubmitTasks
        	/home/ubuntu/temporal-investigation-20260909/restart-20260909-1600/source-reset/service/history/queues/reader.go:457
        go.temporal.io/server/service/history/queues.(*ReaderImpl).eventLoop
        	/home/ubuntu/temporal-investigation-20260909/restart-20260909-1600/source-reset/service/history/queues/reader.go:422
    shared_cluster_t.go:72: 2026-09-10T01:22:25.940Z	info	none	{"address": "127.0.0.1:42219", "component": "outbound-queue-processor", "lifecycle": "Started", "shard-id": 1, "logging-call-at": "/home/ubuntu/temporal-investigation-20260909/restart-20260909-1600/source-reset/service/history/queues/queue_immediate.go:105"}
    shared_cluster_t.go:72: 2026-09-10T01:22:25.940Z	error	Queue reader unable to retrieve tasks	{"address": "127.0.0.1:42219", "component": "transfer-queue-processor", "error": "shard status unknown", "queue-reader-id": 0, "shard-id": 1, "logging-call-at": "/home/ubuntu/temporal-investigation-20260909/restart-20260909-1600/source-reset/service/history/queues/reader.go:457"}
        go.temporal.io/server/common/log.(*zapLogger).Error
        	/home/ubuntu/temporal-investigation-20260909/restart-20260909-1600/source-reset/common/log/zap_logger.go:191
        go.temporal.io/server/common/testing/testlogger.(*TestLogger).Error
        	/home/ubuntu/temporal-investigation-20260909/restart-20260909-1600/source-reset/common/testing/testlogger/testlogger.go:543
        go.temporal.io/server/service/history/queues.(*ReaderImpl).loadAndSubmitTasks
        	/home/ubuntu/temporal-investigation-20260909/restart-20260909-1600/source-reset/service/history/queues/reader.go:457
        go.temporal.io/server/service/history/queues.(*ReaderImpl).eventLoop
        	/home/ubuntu/temporal-investigation-20260909/restart-20260909-1600/source-reset/service/history/queues/reader.go:422
    shared_cluster_t.go:72: 2026-09-10T01:22:25.940Z	info	queue reader started	{"address": "127.0.0.1:42219", "component": "visibility-queue-processor", "lifecycle": "Started", "queue-reader-id": 0, "shard-id": 1, "logging-call-at": "/home/ubuntu/temporal-investigation-20260909/restart-20260909-1600/source-reset/service/history/queues/reader.go:158"}
    shared_cluster_t.go:72: 2026-09-10T01:22:25.940Z	error	Queue reader unable to retrieve tasks	{"address": "127.0.0.1:42219", "component": "visibility-queue-processor", "error": "shard status unknown", "queue-reader-id": 0, "shard-id": 1, "logging-call-at": "/home/ubuntu/temporal-investigation-20260909/restart-20260909-1600/source-reset/service/history/queues/reader.go:457"}
        go.temporal.io/server/common/log.(*zapLogger).Error
        	/home/ubuntu/temporal-investigation-20260909/restart-20260909-1600/source-reset/common/log/zap_logger.go:191
        go.temporal.io/server/common/testing/testlogger.(*TestLogger).Error
        	/home/ubuntu/temporal-investigation-20260909/restart-20260909-1600/source-reset/common/testing/testlogger/testlogger.go:543
        go.temporal.io/server/service/history/queues.(*ReaderImpl).loadAndSubmitTasks
        	/home/ubuntu/temporal-investigation-20260909/restart-20260909-1600/source-reset/service/history/queues/reader.go:457
        go.temporal.io/server/service/history/queues.(*ReaderImpl).eventLoop
        	/home/ubuntu/temporal-investigation-20260909/restart-20260909-1600/source-reset/service/history/queues/reader.go:422
    shared_cluster_t.go:72: 2026-09-10T01:22:25.940Z	info	queue reader started	{"address": "127.0.0.1:42219", "component": "outbound-queue-processor", "lifecycle": "Started", "queue-reader-id": 0, "shard-id": 1, "logging-call-at": "/home/ubuntu/temporal-investigation-20260909/restart-20260909-1600/source-reset/service/history/queues/reader.go:158"}
    shared_cluster_t.go:72: 2026-09-10T01:22:25.940Z	info	none	{"address": "127.0.0.1:42219", "component": "history-engine", "lifecycle": "Started", "shard-id": 1, "logging-call-at": "/home/ubuntu/temporal-investigation-20260909/restart-20260909-1600/source-reset/service/history/history_engine.go:395"}
    shared_cluster_t.go:72: 2026-09-10T01:22:25.940Z	info	none	{"address": "127.0.0.1:42219", "component": "shard-engine", "lifecycle": "Started", "shard-id": 1, "logging-call-at": "/home/ubuntu/temporal-investigation-20260909/restart-20260909-1600/source-reset/service/history/shard/context_impl.go:1607"}
    shared_cluster_t.go:72: 2026-09-10T01:22:25.940Z	error	Queue reader unable to retrieve tasks	{"address": "127.0.0.1:42219", "component": "outbound-queue-processor", "error": "shard status unknown", "queue-reader-id": 0, "shard-id": 1, "logging-call-at": "/home/ubuntu/temporal-investigation-20260909/restart-20260909-1600/source-reset/service/history/queues/reader.go:457"}
        go.temporal.io/server/common/log.(*zapLogger).Error
        	/home/ubuntu/temporal-investigation-20260909/restart-20260909-1600/source-reset/common/log/zap_logger.go:191
        go.temporal.io/server/common/testing/testlogger.(*TestLogger).Error
        	/home/ubuntu/temporal-investigation-20260909/restart-20260909-1600/source-reset/common/testing/testlogger/testlogger.go:543
        go.temporal.io/server/service/history/queues.(*ReaderImpl).loadAndSubmitTasks
        	/home/ubuntu/temporal-investigation-20260909/restart-20260909-1600/source-reset/service/history/queues/reader.go:457
        go.temporal.io/server/service/history/queues.(*ReaderImpl).eventLoop
        	/home/ubuntu/temporal-investigation-20260909/restart-20260909-1600/source-reset/service/history/queues/reader.go:422
    shared_cluster_t.go:72: 2026-09-10T01:22:25.942Z	debug	Frontend method invoked.	{"wf-namespace": "TestWorkflowResetTestSuite-TestTraceReset-cabf061a-a4ae-4035-8077-814d1ecb810f", "operation": "PollWorkflowTaskQueue", "server-name": "", "cert-thumbprint": "", "logging-call-at": "/home/ubuntu/temporal-investigation-20260909/restart-20260909-1600/source-reset/common/rpc/interceptor/namespace_logger.go:53"}
    shared_cluster_t.go:72: 2026-09-10T01:22:25.942Z	debug	Received PollWorkflowTaskQueue	{"service": "frontend", "logging-call-at": "/home/ubuntu/temporal-investigation-20260909/restart-20260909-1600/source-reset/service/frontend/workflow_handler.go:1079"}
    shared_cluster_t.go:72: 2026-09-10T01:22:25.942Z	debug	Poll workflow task queue.	{"service": "frontend", "wf-namespace": "TestWorkflowResetTestSuite-TestTraceReset-cabf061a-a4ae-4035-8077-814d1ecb810f", "wf-namespace-id": "626d4afa-3233-47dd-a011-4c20fc205359", "logging-call-at": "/home/ubuntu/temporal-investigation-20260909/restart-20260909-1600/source-reset/service/frontend/workflow_handler.go:1116"}
    shared_cluster_t.go:72: 2026-09-10T01:22:25.944Z	info	Workflow task not found	{"component": "matching-engine", "error": "workflow execution already completed", "queue-task-id": -137, "queue-task-visibility-timestamp": "2026-09-10T01:22:25.884Z", "wf-history-event-id": 2, "wf-id": "TestWorkflowResetTestSuite/TestTraceReset_workflow_id", "wf-namespace-id": "626d4afa-3233-47dd-a011-4c20fc205359", "wf-run-id": "01a088e8-afd8-7ce6-b0ad-ffc23daf8ba4", "wf-task-queue-name": "TestWorkflowResetTestSuite/TestTraceReset_task_queue", "logging-call-at": "/home/ubuntu/temporal-investigation-20260909/restart-20260909-1600/source-reset/service/matching/matching_engine.go:820"}
    shared_cluster_t.go:72: 2026-09-10T01:22:25.944Z	debug	Workflow task updated	{"address": "127.0.0.1:42219", "attempt": 1, "shard-id": 1, "wf-id": "TestWorkflowResetTestSuite/TestTraceReset_workflow_id", "wf-namespace": "TestWorkflowResetTestSuite-TestTraceReset-cabf061a-a4ae-4035-8077-814d1ecb810f", "wf-namespace-id": "626d4afa-3233-47dd-a011-4c20fc205359", "wf-run-id": "b9a882f0-e6bc-4919-ad78-ab0215bcb747", "wf-scheduled-event-id": 5, "wf-started-event-id": 6, "wf-started-timestamp": "2026-09-10T01:22:25.944Z", "workflow-task-request-id": "b7dcbcb2-627c-4d84-bdf5-2d2c0b571502", "workflow-task-timeout": 60, "wt-type": "Normal", "logging-call-at": "/home/ubuntu/temporal-investigation-20260909/restart-20260909-1600/source-reset/common/log/lazy_logger.go:30"}
    shared_cluster_t.go:72: 2026-09-10T01:22:25.944Z	debug	time skipping skipped for: time skipping is not enabled	{"address": "127.0.0.1:42219", "shard-id": 1, "wf-id": "TestWorkflowResetTestSuite/TestTraceReset_workflow_id", "wf-namespace": "TestWorkflowResetTestSuite-TestTraceReset-cabf061a-a4ae-4035-8077-814d1ecb810f", "wf-namespace-id": "626d4afa-3233-47dd-a011-4c20fc205359", "wf-run-id": "b9a882f0-e6bc-4919-ad78-ab0215bcb747", "logging-call-at": "/home/ubuntu/temporal-investigation-20260909/restart-20260909-1600/source-reset/common/log/lazy_logger.go:30"}
    shared_cluster_t.go:72: 2026-09-10T01:22:25.944Z	debug	Assigning new task key	{"address": "127.0.0.1:42219", "cursor-timestamp": "2026-09-10T01:22:26.940Z", "queue-task-id": 2097154, "queue-task-type": "WorkflowTaskTimeout", "shard-id": 1, "timestamp": "2026-09-10T01:23:25.945Z", "wf-id": "TestWorkflowResetTestSuite/TestTraceReset_workflow_id", "wf-namespace-id": "626d4afa-3233-47dd-a011-4c20fc205359", "wf-run-id": "b9a882f0-e6bc-4919-ad78-ab0215bcb747", "logging-call-at": "/home/ubuntu/temporal-investigation-20260909/restart-20260909-1600/source-reset/service/history/shard/task_key_generator.go:98"}
    shared_cluster_t.go:72: 2026-09-10T01:22:25.946Z	debug	routing key extraction: adding routing key to context	{"wf-id": "TestWorkflowResetTestSuite/TestTraceReset_workflow_id", "grpc-method": "/temporal.api.workflowservice.v1.WorkflowService/RespondWorkflowTaskCompleted", "logging-call-at": "/home/ubuntu/temporal-investigation-20260909/restart-20260909-1600/source-reset/common/rpc/interceptor/routing_key_interceptor.go:112"}
    shared_cluster_t.go:72: 2026-09-10T01:22:25.946Z	debug	Frontend method invoked.	{"wf-namespace": "TestWorkflowResetTestSuite-TestTraceReset-cabf061a-a4ae-4035-8077-814d1ecb810f", "operation": "RespondWorkflowTaskCompleted", "server-name": "", "cert-thumbprint": "", "logging-call-at": "/home/ubuntu/temporal-investigation-20260909/restart-20260909-1600/source-reset/common/rpc/interceptor/namespace_logger.go:53"}
    shared_cluster_t.go:72: 2026-09-10T01:22:25.946Z	debug	RespondWorkflowTaskCompleted	{"service": "history", "wf-id": "TestWorkflowResetTestSuite/TestTraceReset_workflow_id", "wf-namespace-id": "626d4afa-3233-47dd-a011-4c20fc205359", "wf-run-id": "b9a882f0-e6bc-4919-ad78-ab0215bcb747", "wf-scheduled-event-id": 5, "logging-call-at": "/home/ubuntu/temporal-investigation-20260909/restart-20260909-1600/source-reset/service/history/handler.go:558"}
    shared_cluster_t.go:72: 2026-09-10T01:22:25.947Z	debug	Workflow task updated	{"address": "127.0.0.1:42219", "attempt": 1, "shard-id": 1, "wf-id": "TestWorkflowResetTestSuite/TestTraceReset_workflow_id", "wf-namespace": "TestWorkflowResetTestSuite-TestTraceReset-cabf061a-a4ae-4035-8077-814d1ecb810f", "wf-namespace-id": "626d4afa-3233-47dd-a011-4c20fc205359", "wf-run-id": "b9a882f0-e6bc-4919-ad78-ab0215bcb747", "wf-scheduled-event-id": 0, "wf-started-event-id": 0, "wf-started-timestamp": "1970-01-01T00:00:00.000Z", "workflow-task-request-id": "emptyUuid", "workflow-task-timeout": 0, "wt-type": "Unspecified", "logging-call-at": "/home/ubuntu/temporal-investigation-20260909/restart-20260909-1600/source-reset/common/log/lazy_logger.go:30"}
    shared_cluster_t.go:72: 2026-09-10T01:22:25.947Z	debug	time skipping skipped for: time skipping is not enabled	{"address": "127.0.0.1:42219", "shard-id": 1, "wf-id": "TestWorkflowResetTestSuite/TestTraceReset_workflow_id", "wf-namespace": "TestWorkflowResetTestSuite-TestTraceReset-cabf061a-a4ae-4035-8077-814d1ecb810f", "wf-namespace-id": "626d4afa-3233-47dd-a011-4c20fc205359", "wf-run-id": "b9a882f0-e6bc-4919-ad78-ab0215bcb747", "logging-call-at": "/home/ubuntu/temporal-investigation-20260909/restart-20260909-1600/source-reset/common/log/lazy_logger.go:30"}
    shared_cluster_t.go:72: 2026-09-10T01:22:25.947Z	debug	Assigning new task key	{"address": "127.0.0.1:42219", "cursor-timestamp": "2026-09-10T01:22:26.940Z", "queue-task-id": 2097159, "queue-task-type": "DeleteHistoryEvent", "shard-id": 1, "timestamp": "2026-09-11T01:22:26.209Z", "wf-id": "TestWorkflowResetTestSuite/TestTraceReset_workflow_id", "wf-namespace-id": "626d4afa-3233-47dd-a011-4c20fc205359", "wf-run-id": "b9a882f0-e6bc-4919-ad78-ab0215bcb747", "logging-call-at": "/home/ubuntu/temporal-investigation-20260909/restart-20260909-1600/source-reset/service/history/shard/task_key_generator.go:98"}
    shared_cluster_t.go:72: 2026-09-10T01:22:25.947Z	debug	Assigning new task key	{"address": "127.0.0.1:42219", "cursor-timestamp": "2026-09-10T01:22:26.940Z", "queue-task-id": 2097160, "queue-task-type": "TransferCloseExecution", "shard-id": 1, "timestamp": "2026-09-10T01:22:25.947Z", "wf-id": "TestWorkflowResetTestSuite/TestTraceReset_workflow_id", "wf-namespace-id": "626d4afa-3233-47dd-a011-4c20fc205359", "wf-run-id": "b9a882f0-e6bc-4919-ad78-ab0215bcb747", "logging-call-at": "/home/ubuntu/temporal-investigation-20260909/restart-20260909-1600/source-reset/service/history/shard/task_key_generator.go:98"}
    shared_cluster_t.go:72: 2026-09-10T01:22:25.947Z	debug	Assigning new task key	{"address": "127.0.0.1:42219", "cursor-timestamp": "2026-09-10T01:22:26.940Z", "queue-task-id": 2097161, "queue-task-type": "VisibilityCloseExecution", "shard-id": 1, "timestamp": "2026-09-10T01:22:25.947Z", "wf-id": "TestWorkflowResetTestSuite/TestTraceReset_workflow_id", "wf-namespace-id": "626d4afa-3233-47dd-a011-4c20fc205359", "wf-run-id": "b9a882f0-e6bc-4919-ad78-ab0215bcb747", "logging-call-at": "/home/ubuntu/temporal-investigation-20260909/restart-20260909-1600/source-reset/service/history/shard/task_key_generator.go:98"}
    shared_cluster_t.go:72: 2026-09-10T01:22:25.949Z	debug	routing key extraction: adding routing key to context	{"wf-id": "TestWorkflowResetTestSuite/TestTraceReset_workflow_id", "grpc-method": "/temporal.api.workflowservice.v1.WorkflowService/GetWorkflowExecutionHistory", "logging-call-at": "/home/ubuntu/temporal-investigation-20260909/restart-20260909-1600/source-reset/common/rpc/interceptor/routing_key_interceptor.go:112"}
    shared_cluster_t.go:72: 2026-09-10T01:22:25.949Z	debug	Frontend method invoked.	{"wf-namespace": "TestWorkflowResetTestSuite-TestTraceReset-cabf061a-a4ae-4035-8077-814d1ecb810f", "operation": "GetWorkflowExecutionHistory", "server-name": "", "cert-thumbprint": "", "logging-call-at": "/home/ubuntu/temporal-investigation-20260909/restart-20260909-1600/source-reset/common/rpc/interceptor/namespace_logger.go:53"}
    reset_trace_test.go:248: scenario=competing-start start=3cf5c53a-2da6-48b4-9fa0-a48fb4d268c2 reset=58d0befd-3051-4110-928a-f9f764e4344c first=b9a882f0-e6bc-4919-ad78-ab0215bcb747 final=b9a882f0-e6bc-4919-ad78-ab0215bcb747 faults=1 finalStatus=Completed
    reset_trace_test.go:45: 
        	Error Trace:	/home/ubuntu/temporal-investigation-20260909/restart-20260909-1600/source-reset/tests/reset_trace_test.go:45
        	            				/home/ubuntu/temporal-investigation-20260909/restart-20260909-1600/source-reset/tests/reset_trace_test.go:249
        	            				/home/ubuntu/go/pkg/mod/golang.org/toolchain@v0.0.1-go1.27.0.linux-amd64/src/runtime/asm_amd64.s:1264
        	Error:      	Received unexpected error:
        	            	unable to open database file (14)
        	            	unable to open database file (14)
        	            	unable to open database file (14)
        	            	unable to open database file (14)
        	            	unable to open database file (14)
        	            	unable to open database file (14)
        	            	unable to open database file (14)
        	            	unable to open database file (14)
        	            	unable to open database file (14)
        	            	unable to open database file (14)
        	            	unable to open database file (14)
        	            	unable to open database file (14)
        	            	unable to open database file (14)
        	            	unable to open database file (14)
        	            	unable to open database file (14)
        	            	unable to open database file (14)
        	            	unable to open database file (14)
        	            	unable to open database file (14)
        	            	unable to open database file (14)
        	            	unable to open database file (14)
        	            	unable to open database file (14)
        	            	unable to open database file (14)
        	            	unable to open database file (14)
        	            	unable to open database file (14)
        	            	unable to open database file (14)
        	            	unable to open database file (14)
        	            	unable to open database file (14)
        	            	unable to open database file (14)
        	            	unable to open database file (14)
        	            	unable to open database file (14)
        	            	unable to open database file (14)
        	            	unable to open database file (14)
        	            	unable to open database file (14)
        	            	unable to open database file (14)
        	            	unable to open database file (14)
        	            	unable to open database file (14)
        	            	unable to open database file (14)
        	            	unable to open database file (14)
        	            	unable to open database file (14)
        	            	unable to open database file (14)
        	            	unable to open database file (14)
        	            	unable to open database file (14)
        	            	unable to open database file (14)
        	            	unable to open database file (14)
        	            	unable to open database file (14)
        	            	unable to open database file (14)
        	            	unable to open database file (14)
        	            	unable to open database file (14)
        	            	unable to open database file (14)
        	            	unable to open database file (14)
        	            	unable to open database file (14)
        	            	unable to open database file (14)
        	            	unable to open database file (14)
        	            	unable to open database file (14)
        	            	unable to open database file (14)
        	            	unable to open database file (14)
        	            	unable to open database file (14)
        	            	unable to open database file (14)
        	            	unable to open database file (14)
        	            	unable to open database file (14)
        	            	unable to open database file (14)
        	            	unable to open database file (14)
        	            	unable to open database file (14)
        	            	unable to open database file (14)
        	            	unable to open database file (14)
        	            	unable to open database file (14)
        	            	unable to open database file (14)
        	            	unable to open database file (14)
        	            	unable to open database file (14)
        	            	unable to open database file (14)
        	            	unable to open database file (14)
        	            	unable to open database file (14)
        	            	unable to open database file (14)
        	            	unable to open database file (14)
        	            	unable to open database file (14)
        	            	unable to open database file (14)
        	            	unable to open database file (14)
        	            	unable to open database file (14)
        	            	unable to open database file (14)
        	            	unable to open database file (14)
        	            	unable to open database file (14)
        	            	unable to open database file (14)
        	            	unable to open database file (14)
        	            	unable to open database file (14)
        	            	unable to open database file (14)
        	            	unable to open database file (14)
        	            	unable to open database file (14)
        	            	unable to open database file (14)
        	            	unable to open database file (14)
        	            	unable to open database file (14)
        	            	unable to open database file (14)
        	            	unable to open database file (14)
        	            	unable to open database file (14)
        	            	unable to open database file (14)
        	            	unable to open database file (14)
        	            	unable to open database file (14)
        	            	unable to open database file (14)
        	            	unable to open database file (14)
        	            	unable to open database file (14)
        	            	unable to open database file (14)
        	            	unable to open database file (14)
        	            	unable to open database file (14)
        	            	unable to open database file (14)
        	            	unable to open database file (14)
        	            	unable to open database file (14)
        	            	unable to open database file (14)
        	            	unable to open database file (14)
        	            	unable to open database file (14)
        	            	unable to open database file (14)
        	            	unable to open database file (14)
        	            	unable to open database file (14)
        	            	unable to open database file (14)
        	            	unable to open database file (14)
        	            	unable to open database file (14)
        	            	unable to open database file (14)
        	            	unable to open database file (14)
        	            	unable to open database file (14)
        	            	unable to open database file (14)
        	            	unable to open database file (14)
        	            	unable to open database file (14)
        	            	unable to open database file (14)
        	            	unable to open database file (14)
        	            	unable to open database file (14)
        	            	unable to open database file (14)
        	            	unable to open database file (14)
        	            	unable to open database file (14)
        	            	unable to open database file (14)
        	            	unable to open database file (14)
        	            	unable to open database file (14)
        	            	unable to open database file (14)
        	            	unable to open database file (14)
        	            	unable to open database file (14)
        	            	unable to open database file (14)
        	            	unable to open database file (14)
        	            	unable to open database file (14)
        	            	unable to open database file (14)
        	            	unable to open database file (14)
        	            	unable to open database file (14)
        	            	unable to open database file (14)
        	            	unable to open database file (14)
        	            	unable to open database file (14)
        	            	unable to open database file (14)
        	            	unable to open database file (14)
        	            	unable to open database file (14)
        	            	unable to open database file (14)
        	            	unable to open database file (14)
        	            	unable to open database file (14)
        	            	unable to open database file (14)
        	            	unable to open database file (14)
        	            	unable to open database file (14)
        	            	unable to open database file (14)
        	            	unable to open database file (14)
        	            	unable to open database file (14)
        	            	unable to open database file (14)
        	            	unable to open database file (14)
        	            	unable to open database file (14)
        	            	unable to open database file (14)
        	Test:       	TestWorkflowResetTestSuite/TestTraceReset
2026-09-10T01:22:25.955Z	info	ShutdownHandler: Updating gRPC health status to ShuttingDown	{"service": "frontend", "logging-call-at": "/home/ubuntu/temporal-investigation-20260909/restart-20260909-1600/source-reset/service/frontend/service.go:565"}
2026-09-10T01:22:25.955Z	info	ShutdownHandler: Waiting for others to discover I am unhealthy	{"service": "frontend", "logging-call-at": "/home/ubuntu/temporal-investigation-20260909/restart-20260909-1600/source-reset/service/frontend/service.go:569"}
2026-09-10T01:22:25.955Z	info	ShutdownHandler: Draining traffic	{"service": "frontend", "logging-call-at": "/home/ubuntu/temporal-investigation-20260909/restart-20260909-1600/source-reset/service/frontend/service.go:578"}
2026-09-10T01:22:25.955Z	info	frontend stopped	{"service": "frontend", "logging-call-at": "/home/ubuntu/temporal-investigation-20260909/restart-20260909-1600/source-reset/service/frontend/service.go:600"}
2026-09-10T01:22:25.955Z	warn	network dial error	{"address": "membership://frontend~0x1a82ccb82d0", "connectAddr": "127.0.0.1:44515", "connectDuration": 0.000094229, "connectErr": "dial tcp 127.0.0.1:44515: connect: connection refused", "error": "dial tcp 127.0.0.1:44515: connect: connection refused", "error-type": "net.OpError", "service": "client", "totalDuration": 0.000098255, "logging-call-at": "/home/ubuntu/temporal-investigation-20260909/restart-20260909-1600/source-reset/common/rpc/dial_tracer.go:73"}
2026-09-10T01:22:25.955Z	info	RuntimeMetricsReporter stopped	{"service": "frontend", "logging-call-at": "/home/ubuntu/temporal-investigation-20260909/restart-20260909-1600/source-reset/common/metrics/runtime.go:127"}
2026-09-10T01:22:25.955Z	warn	network dial error	{"address": "127.0.0.1:44515", "connectAddr": "127.0.0.1:44515", "connectDuration": 0.000119791, "connectErr": "dial tcp 127.0.0.1:44515: connect: connection refused", "error": "dial tcp 127.0.0.1:44515: connect: connection refused", "error-type": "net.OpError", "service": "client", "totalDuration": 0.000128755, "logging-call-at": "/home/ubuntu/temporal-investigation-20260909/restart-20260909-1600/source-reset/common/rpc/dial_tracer.go:73"}
2026-09-10T01:22:25.956Z	info	ShutdownHandler: Evicting self from membership ring immediately	{"logging-call-at": "/home/ubuntu/temporal-investigation-20260909/restart-20260909-1600/source-reset/service/history/service.go:129"}
2026-09-10T01:22:25.956Z	info	ShutdownHandler: Waiting for drain	{"logging-call-at": "/home/ubuntu/temporal-investigation-20260909/restart-20260909-1600/source-reset/service/history/service.go:137"}
2026-09-10T01:22:25.956Z	info	ShutdownHandler: Initiating handler shutdown	{"logging-call-at": "/home/ubuntu/temporal-investigation-20260909/restart-20260909-1600/source-reset/service/history/service.go:156"}
2026-09-10T01:22:25.956Z	info	StreamReceiverMonitor stopped.	{"logging-call-at": "/home/ubuntu/temporal-investigation-20260909/restart-20260909-1600/source-reset/service/history/replication/stream_receiver_monitor.go:115"}
2026-09-10T01:22:25.956Z	info	Replication task fetchers stopped.	{"logging-call-at": "/home/ubuntu/temporal-investigation-20260909/restart-20260909-1600/source-reset/service/history/replication/task_fetcher.go:136"}
2026-09-10T01:22:25.956Z	info	none	{"address": "127.0.0.1:42219", "component": "shard-controller", "lifecycle": "Stopping", "logging-call-at": "/home/ubuntu/temporal-investigation-20260909/restart-20260909-1600/source-reset/service/history/shard/controller_impl.go:529"}
2026-09-10T01:22:25.956Z	info	none	{"address": "127.0.0.1:42219", "component": "shard-context", "lifecycle": "Stopped", "shard-id": 1, "logging-call-at": "/home/ubuntu/temporal-investigation-20260909/restart-20260909-1600/source-reset/service/history/shard/context_impl.go:1783"}
2026-09-10T01:22:25.956Z	info	none	{"address": "127.0.0.1:42219", "component": "shard-engine", "lifecycle": "Stopping", "shard-id": 1, "logging-call-at": "/home/ubuntu/temporal-investigation-20260909/restart-20260909-1600/source-reset/service/history/shard/context_impl.go:1631"}
2026-09-10T01:22:25.956Z	info	none	{"address": "127.0.0.1:42219", "component": "history-engine", "lifecycle": "Stopping", "shard-id": 1, "logging-call-at": "/home/ubuntu/temporal-investigation-20260909/restart-20260909-1600/source-reset/service/history/history_engine.go:407"}
2026-09-10T01:22:25.956Z	info	none	{"component": "memory-scheduled-queue-processor", "lifecycle": "Stopping", "service": "history", "logging-call-at": "/home/ubuntu/temporal-investigation-20260909/restart-20260909-1600/source-reset/service/history/queues/memory_scheduled_queue.go:91"}
2026-09-10T01:22:25.956Z	info	none	{"component": "memory-scheduled-queue-processor", "lifecycle": "Stopped", "service": "history", "logging-call-at": "/home/ubuntu/temporal-investigation-20260909/restart-20260909-1600/source-reset/service/history/queues/memory_scheduled_queue.go:99"}
2026-09-10T01:22:25.956Z	info	none	{"address": "127.0.0.1:42219", "component": "transfer-queue-processor", "lifecycle": "Stopping", "shard-id": 1, "logging-call-at": "/home/ubuntu/temporal-investigation-20260909/restart-20260909-1600/source-reset/service/history/queues/queue_immediate.go:112"}
2026-09-10T01:22:25.956Z	info	queue reader stopped	{"address": "127.0.0.1:42219", "component": "transfer-queue-processor", "lifecycle": "Stopped", "queue-reader-id": 0, "shard-id": 1, "logging-call-at": "/home/ubuntu/temporal-investigation-20260909/restart-20260909-1600/source-reset/service/history/queues/reader.go:177"}
2026-09-10T01:22:25.956Z	info	Task rescheduler stopped.	{"address": "127.0.0.1:42219", "component": "transfer-queue-processor", "lifecycle": "Stopped", "shard-id": 1, "logging-call-at": "/home/ubuntu/temporal-investigation-20260909/restart-20260909-1600/source-reset/service/history/queues/rescheduler.go:117"}
2026-09-10T01:22:25.956Z	info	none	{"address": "127.0.0.1:42219", "component": "transfer-queue-processor", "lifecycle": "Stopped", "shard-id": 1, "logging-call-at": "/home/ubuntu/temporal-investigation-20260909/restart-20260909-1600/source-reset/service/history/queues/queue_immediate.go:122"}
2026-09-10T01:22:25.956Z	info	none	{"address": "127.0.0.1:42219", "component": "visibility-queue-processor", "lifecycle": "Stopping", "shard-id": 1, "logging-call-at": "/home/ubuntu/temporal-investigation-20260909/restart-20260909-1600/source-reset/service/history/queues/queue_immediate.go:112"}
2026-09-10T01:22:25.956Z	info	queue reader stopped	{"address": "127.0.0.1:42219", "component": "visibility-queue-processor", "lifecycle": "Stopped", "queue-reader-id": 0, "shard-id": 1, "logging-call-at": "/home/ubuntu/temporal-investigation-20260909/restart-20260909-1600/source-reset/service/history/queues/reader.go:177"}
2026-09-10T01:22:25.956Z	info	Task rescheduler stopped.	{"address": "127.0.0.1:42219", "component": "visibility-queue-processor", "lifecycle": "Stopped", "shard-id": 1, "logging-call-at": "/home/ubuntu/temporal-investigation-20260909/restart-20260909-1600/source-reset/service/history/queues/rescheduler.go:117"}
2026-09-10T01:22:25.956Z	info	none	{"address": "127.0.0.1:42219", "component": "visibility-queue-processor", "lifecycle": "Stopped", "shard-id": 1, "logging-call-at": "/home/ubuntu/temporal-investigation-20260909/restart-20260909-1600/source-reset/service/history/queues/queue_immediate.go:122"}
2026-09-10T01:22:25.956Z	info	none	{"address": "127.0.0.1:42219", "component": "outbound-queue-processor", "lifecycle": "Stopping", "shard-id": 1, "logging-call-at": "/home/ubuntu/temporal-investigation-20260909/restart-20260909-1600/source-reset/service/history/queues/queue_immediate.go:112"}
2026-09-10T01:22:25.956Z	info	queue reader stopped	{"address": "127.0.0.1:42219", "component": "outbound-queue-processor", "lifecycle": "Stopped", "queue-reader-id": 0, "shard-id": 1, "logging-call-at": "/home/ubuntu/temporal-investigation-20260909/restart-20260909-1600/source-reset/service/history/queues/reader.go:177"}
2026-09-10T01:22:25.956Z	info	Task rescheduler stopped.	{"address": "127.0.0.1:42219", "component": "outbound-queue-processor", "lifecycle": "Stopped", "shard-id": 1, "logging-call-at": "/home/ubuntu/temporal-investigation-20260909/restart-20260909-1600/source-reset/service/history/queues/rescheduler.go:117"}
2026-09-10T01:22:25.956Z	info	none	{"address": "127.0.0.1:42219", "component": "outbound-queue-processor", "lifecycle": "Stopped", "shard-id": 1, "logging-call-at": "/home/ubuntu/temporal-investigation-20260909/restart-20260909-1600/source-reset/service/history/queues/queue_immediate.go:122"}
2026-09-10T01:22:25.956Z	info	none	{"address": "127.0.0.1:42219", "component": "timer-queue-processor", "lifecycle": "Stopping", "shard-id": 1, "logging-call-at": "/home/ubuntu/temporal-investigation-20260909/restart-20260909-1600/source-reset/service/history/queues/queue_scheduled.go:146"}
2026-09-10T01:22:25.956Z	info	queue reader stopped	{"address": "127.0.0.1:42219", "component": "timer-queue-processor", "lifecycle": "Stopped", "queue-reader-id": 0, "shard-id": 1, "logging-call-at": "/home/ubuntu/temporal-investigation-20260909/restart-20260909-1600/source-reset/service/history/queues/reader.go:177"}
2026-09-10T01:22:25.956Z	info	Task rescheduler stopped.	{"address": "127.0.0.1:42219", "component": "timer-queue-processor", "lifecycle": "Stopped", "shard-id": 1, "logging-call-at": "/home/ubuntu/temporal-investigation-20260909/restart-20260909-1600/source-reset/service/history/queues/rescheduler.go:117"}
2026-09-10T01:22:25.956Z	info	none	{"address": "127.0.0.1:42219", "component": "timer-queue-processor", "lifecycle": "Stopped", "shard-id": 1, "logging-call-at": "/home/ubuntu/temporal-investigation-20260909/restart-20260909-1600/source-reset/service/history/queues/queue_scheduled.go:157"}
2026-09-10T01:22:25.956Z	info	none	{"address": "127.0.0.1:42219", "component": "history-engine", "lifecycle": "Stopped", "shard-id": 1, "logging-call-at": "/home/ubuntu/temporal-investigation-20260909/restart-20260909-1600/source-reset/service/history/history_engine.go:416"}
2026-09-10T01:22:25.956Z	info	none	{"address": "127.0.0.1:42219", "component": "shard-engine", "lifecycle": "Stopped", "shard-id": 1, "logging-call-at": "/home/ubuntu/temporal-investigation-20260909/restart-20260909-1600/source-reset/service/history/shard/context_impl.go:1633"}
2026-09-10T01:22:25.956Z	debug	finalizer starting	{"address": "127.0.0.1:42219", "items": 2, "shard-id": 1, "timeout": 2, "logging-call-at": "/home/ubuntu/temporal-investigation-20260909/restart-20260909-1600/source-reset/common/finalizer/finalizer.go:108"}
2026-09-10T01:22:25.956Z	debug	finalizer completed	{"address": "127.0.0.1:42219", "completed": 2, "shard-id": 1, "logging-call-at": "/home/ubuntu/temporal-investigation-20260909/restart-20260909-1600/source-reset/common/finalizer/finalizer.go:152"}
2026-09-10T01:22:25.956Z	info	none	{"address": "127.0.0.1:42219", "component": "shard-controller", "lifecycle": "Stopped", "logging-call-at": "/home/ubuntu/temporal-investigation-20260909/restart-20260909-1600/source-reset/service/history/shard/controller_impl.go:126"}
2026-09-10T01:22:25.956Z	info	history stopped	{"logging-call-at": "/home/ubuntu/temporal-investigation-20260909/restart-20260909-1600/source-reset/service/history/service.go:175"}
2026-09-10T01:22:25.956Z	info	RuntimeMetricsReporter stopped	{"service": "history", "logging-call-at": "/home/ubuntu/temporal-investigation-20260909/restart-20260909-1600/source-reset/common/metrics/runtime.go:127"}
2026-09-10T01:22:25.956Z	warn	network dial error	{"address": "127.0.0.1:42219", "connectAddr": "127.0.0.1:42219", "connectDuration": 0.000078325, "connectErr": "dial tcp 127.0.0.1:42219: connect: connection refused", "error": "dial tcp 127.0.0.1:42219: connect: connection refused", "error-type": "net.OpError", "service": "client", "totalDuration": 0.000082342, "logging-call-at": "/home/ubuntu/temporal-investigation-20260909/restart-20260909-1600/source-reset/common/rpc/dial_tracer.go:73"}
2026-09-10T01:22:25.956Z	info	Update worker pool size	{"key": "worker-pool-size", "service": "history", "value": 0, "logging-call-at": "/home/ubuntu/temporal-investigation-20260909/restart-20260909-1600/source-reset/common/tasks/fifo_scheduler.go:138"}
2026-09-10T01:22:25.956Z	info	fifo scheduler stopped	{"service": "history", "logging-call-at": "/home/ubuntu/temporal-investigation-20260909/restart-20260909-1600/source-reset/common/tasks/fifo_scheduler.go:89"}
2026-09-10T01:22:25.956Z	info	execution queue scheduler stopped	{"service": "history", "logging-call-at": "/home/ubuntu/temporal-investigation-20260909/restart-20260909-1600/source-reset/common/tasks/execution_queue_scheduler.go:109"}
2026-09-10T01:22:25.956Z	info	interleaved weighted round robin task scheduler stopped	{"service": "history", "logging-call-at": "/home/ubuntu/temporal-investigation-20260909/restart-20260909-1600/source-reset/common/tasks/interleaved_weighted_round_robin.go:137"}
2026-09-10T01:22:25.956Z	debug	GroupByScheduler shutdown complete	{"service": "history", "logging-call-at": "/home/ubuntu/temporal-investigation-20260909/restart-20260909-1600/source-reset/common/tasks/group_by_scheduler.go:62"}
2026-09-10T01:22:25.956Z	info	Update worker pool size	{"key": "worker-pool-size", "service": "history", "value": 0, "logging-call-at": "/home/ubuntu/temporal-investigation-20260909/restart-20260909-1600/source-reset/common/tasks/fifo_scheduler.go:138"}
2026-09-10T01:22:25.956Z	info	fifo scheduler stopped	{"service": "history", "logging-call-at": "/home/ubuntu/temporal-investigation-20260909/restart-20260909-1600/source-reset/common/tasks/fifo_scheduler.go:89"}
2026-09-10T01:22:25.956Z	info	execution queue scheduler stopped	{"service": "history", "logging-call-at": "/home/ubuntu/temporal-investigation-20260909/restart-20260909-1600/source-reset/common/tasks/execution_queue_scheduler.go:109"}
2026-09-10T01:22:25.956Z	info	interleaved weighted round robin task scheduler stopped	{"service": "history", "logging-call-at": "/home/ubuntu/temporal-investigation-20260909/restart-20260909-1600/source-reset/common/tasks/interleaved_weighted_round_robin.go:137"}
2026-09-10T01:22:25.956Z	info	Update worker pool size	{"component": "memory-scheduled-queue-processor", "key": "worker-pool-size", "service": "history", "value": 0, "logging-call-at": "/home/ubuntu/temporal-investigation-20260909/restart-20260909-1600/source-reset/common/tasks/fifo_scheduler.go:138"}
2026-09-10T01:22:25.956Z	info	fifo scheduler stopped	{"component": "memory-scheduled-queue-processor", "service": "history", "logging-call-at": "/home/ubuntu/temporal-investigation-20260909/restart-20260909-1600/source-reset/common/tasks/fifo_scheduler.go:89"}
2026-09-10T01:22:25.956Z	info	Update worker pool size	{"key": "worker-pool-size", "service": "history", "value": 0, "logging-call-at": "/home/ubuntu/temporal-investigation-20260909/restart-20260909-1600/source-reset/common/tasks/fifo_scheduler.go:138"}
2026-09-10T01:22:25.956Z	info	fifo scheduler stopped	{"service": "history", "logging-call-at": "/home/ubuntu/temporal-investigation-20260909/restart-20260909-1600/source-reset/common/tasks/fifo_scheduler.go:89"}
2026-09-10T01:22:25.956Z	info	execution queue scheduler stopped	{"service": "history", "logging-call-at": "/home/ubuntu/temporal-investigation-20260909/restart-20260909-1600/source-reset/common/tasks/execution_queue_scheduler.go:109"}
2026-09-10T01:22:25.957Z	info	interleaved weighted round robin task scheduler stopped	{"service": "history", "logging-call-at": "/home/ubuntu/temporal-investigation-20260909/restart-20260909-1600/source-reset/common/tasks/interleaved_weighted_round_robin.go:137"}
2026-09-10T01:22:25.957Z	info	Update worker pool size	{"key": "worker-pool-size", "value": 0, "logging-call-at": "/home/ubuntu/temporal-investigation-20260909/restart-20260909-1600/source-reset/common/tasks/sequential_scheduler.go:228"}
2026-09-10T01:22:25.957Z	info	sequential scheduler stopped	{"logging-call-at": "/home/ubuntu/temporal-investigation-20260909/restart-20260909-1600/source-reset/common/tasks/sequential_scheduler.go:104"}
2026-09-10T01:22:25.957Z	info	interleaved weighted round robin task scheduler stopped	{"logging-call-at": "/home/ubuntu/temporal-investigation-20260909/restart-20260909-1600/source-reset/common/tasks/interleaved_weighted_round_robin.go:137"}
2026-09-10T01:22:25.957Z	info	Update worker pool size	{"key": "worker-pool-size", "value": 0, "logging-call-at": "/home/ubuntu/temporal-investigation-20260909/restart-20260909-1600/source-reset/common/tasks/sequential_scheduler.go:228"}
2026-09-10T01:22:25.957Z	info	sequential scheduler stopped	{"logging-call-at": "/home/ubuntu/temporal-investigation-20260909/restart-20260909-1600/source-reset/common/tasks/sequential_scheduler.go:104"}
2026-09-10T01:22:25.957Z	info	interleaved weighted round robin task scheduler stopped	{"logging-call-at": "/home/ubuntu/temporal-investigation-20260909/restart-20260909-1600/source-reset/common/tasks/interleaved_weighted_round_robin.go:137"}
2026-09-10T01:22:25.957Z	info	ShutdownHandler: Evicting self from membership ring immediately	{"service": "matching", "logging-call-at": "/home/ubuntu/temporal-investigation-20260909/restart-20260909-1600/source-reset/service/matching/service.go:97"}
2026-09-10T01:22:25.957Z	info	ShutdownHandler: Waiting for others to discover I am unhealthy	{"service": "matching", "logging-call-at": "/home/ubuntu/temporal-investigation-20260909/restart-20260909-1600/source-reset/service/matching/service.go:105"}
2026-09-10T01:22:25.957Z	info	Stopped physicalTaskQueueManager	{"backlog": "priority", "cause": "ShuttingDown", "component": "matching-engine", "lifecycle": "Stopped", "wf-namespace": "TestWorkflowResetTestSuite-TestTraceReset-cabf061a-a4ae-4035-8077-814d1ecb810f", "wf-task-queue-name": "TestWorkflowResetTestSuite/TestTraceReset_task_queue", "wf-task-queue-type": "Workflow", "worker-version": "_unversioned_", "logging-call-at": "/home/ubuntu/temporal-investigation-20260909/restart-20260909-1600/source-reset/service/matching/physical_task_queue_manager.go:341"}
2026-09-10T01:22:25.957Z	debug	user data changed while blocked in long poll	{"component": "matching-engine", "wf-namespace": "TestWorkflowResetTestSuite-TestTraceReset-cabf061a-a4ae-4035-8077-814d1ecb810f", "wf-task-queue-name": "TestWorkflowResetTestSuite/TestTraceReset_task_queue", "wf-task-queue-type": "Workflow", "logging-call-at": "/home/ubuntu/temporal-investigation-20260909/restart-20260909-1600/source-reset/service/matching/user_data_manager.go:657"}
2026-09-10T01:22:25.957Z	debug	returning empty user data (closing)	{"component": "matching-engine", "long-poll": true, "wf-namespace": "TestWorkflowResetTestSuite-TestTraceReset-cabf061a-a4ae-4035-8077-814d1ecb810f", "wf-task-queue-name": "TestWorkflowResetTestSuite/TestTraceReset_task_queue", "wf-task-queue-type": "Workflow", "logging-call-at": "/home/ubuntu/temporal-investigation-20260909/restart-20260909-1600/source-reset/service/matching/user_data_manager.go:601"}
2026-09-10T01:22:25.957Z	debug	user data changed while blocked in long poll	{"component": "matching-engine", "wf-namespace": "TestWorkflowResetTestSuite-TestTraceReset-cabf061a-a4ae-4035-8077-814d1ecb810f", "wf-task-queue-name": "TestWorkflowResetTestSuite/TestTraceReset_task_queue", "wf-task-queue-type": "Workflow", "logging-call-at": "/home/ubuntu/temporal-investigation-20260909/restart-20260909-1600/source-reset/service/matching/user_data_manager.go:657"}
2026-09-10T01:22:25.957Z	debug	returning empty user data (closing)	{"component": "matching-engine", "long-poll": true, "wf-namespace": "TestWorkflowResetTestSuite-TestTraceReset-cabf061a-a4ae-4035-8077-814d1ecb810f", "wf-task-queue-name": "TestWorkflowResetTestSuite/TestTraceReset_task_queue", "wf-task-queue-type": "Workflow", "logging-call-at": "/home/ubuntu/temporal-investigation-20260909/restart-20260909-1600/source-reset/service/matching/user_data_manager.go:601"}
2026-09-10T01:22:25.957Z	debug	user data changed while blocked in long poll	{"component": "matching-engine", "wf-namespace": "TestWorkflowResetTestSuite-TestTraceReset-cabf061a-a4ae-4035-8077-814d1ecb810f", "wf-task-queue-name": "TestWorkflowResetTestSuite/TestTraceReset_task_queue", "wf-task-queue-type": "Workflow", "logging-call-at": "/home/ubuntu/temporal-investigation-20260909/restart-20260909-1600/source-reset/service/matching/user_data_manager.go:657"}
2026-09-10T01:22:25.957Z	info	Stopped physicalTaskQueueManager	{"backlog": "priority", "cause": "ShuttingDown", "component": "matching-engine", "lifecycle": "Stopped", "wf-namespace": "TestWorkflowResetTestSuite-TestTraceReset-cabf061a-a4ae-4035-8077-814d1ecb810f", "wf-task-queue-name": "/_sys/TestWorkflowResetTestSuite/TestTraceReset_task_queue/3", "wf-task-queue-type": "Workflow", "worker-version": "_unversioned_", "logging-call-at": "/home/ubuntu/temporal-investigation-20260909/restart-20260909-1600/source-reset/service/matching/physical_task_queue_manager.go:341"}
2026-09-10T01:22:25.957Z	debug	returning empty user data (closing)	{"component": "matching-engine", "long-poll": true, "wf-namespace": "TestWorkflowResetTestSuite-TestTraceReset-cabf061a-a4ae-4035-8077-814d1ecb810f", "wf-task-queue-name": "TestWorkflowResetTestSuite/TestTraceReset_task_queue", "wf-task-queue-type": "Workflow", "logging-call-at": "/home/ubuntu/temporal-investigation-20260909/restart-20260909-1600/source-reset/service/matching/user_data_manager.go:601"}
2026-09-10T01:22:25.957Z	debug	fetched user data from parent, no change	{"component": "matching-engine", "wf-namespace": "TestWorkflowResetTestSuite-TestTraceReset-cabf061a-a4ae-4035-8077-814d1ecb810f", "wf-task-queue-name": "/_sys/TestWorkflowResetTestSuite/TestTraceReset_task_queue/2", "wf-task-queue-type": "Workflow", "logging-call-at": "/home/ubuntu/temporal-investigation-20260909/restart-20260909-1600/source-reset/service/matching/user_data_manager.go:351"}
2026-09-10T01:22:25.957Z	debug	fetched user data from parent, no change	{"component": "matching-engine", "wf-namespace": "TestWorkflowResetTestSuite-TestTraceReset-cabf061a-a4ae-4035-8077-814d1ecb810f", "wf-task-queue-name": "/_sys/TestWorkflowResetTestSuite/TestTraceReset_task_queue/3", "wf-task-queue-type": "Workflow", "logging-call-at": "/home/ubuntu/temporal-investigation-20260909/restart-20260909-1600/source-reset/service/matching/user_data_manager.go:351"}
2026-09-10T01:22:25.958Z	info	Stopped physicalTaskQueueManager	{"backlog": "priority", "cause": "ShuttingDown", "component": "matching-engine", "lifecycle": "Stopped", "wf-namespace": "TestWorkflowResetTestSuite-TestTraceReset-cabf061a-a4ae-4035-8077-814d1ecb810f", "wf-task-queue-name": "/_sys/TestWorkflowResetTestSuite/TestTraceReset_task_queue/1", "wf-task-queue-type": "Workflow", "worker-version": "_unversioned_", "logging-call-at": "/home/ubuntu/temporal-investigation-20260909/restart-20260909-1600/source-reset/service/matching/physical_task_queue_manager.go:341"}
2026-09-10T01:22:25.958Z	info	Stopped physicalTaskQueueManager	{"backlog": "priority", "cause": "ShuttingDown", "component": "matching-engine", "lifecycle": "Stopped", "wf-namespace": "TestWorkflowResetTestSuite-TestTraceReset-cabf061a-a4ae-4035-8077-814d1ecb810f", "wf-task-queue-name": "/_sys/TestWorkflowResetTestSuite/TestTraceReset_task_queue/2", "wf-task-queue-type": "Workflow", "worker-version": "_unversioned_", "logging-call-at": "/home/ubuntu/temporal-investigation-20260909/restart-20260909-1600/source-reset/service/matching/physical_task_queue_manager.go:341"}
2026-09-10T01:22:25.958Z	debug	returning empty user data (closing)	{"component": "matching-engine", "long-poll": true, "wf-namespace": "TestWorkflowResetTestSuite-TestTraceReset-cabf061a-a4ae-4035-8077-814d1ecb810f", "wf-task-queue-name": "TestWorkflowResetTestSuite/TestTraceReset_task_queue", "wf-task-queue-type": "Workflow", "logging-call-at": "/home/ubuntu/temporal-investigation-20260909/restart-20260909-1600/source-reset/service/matching/user_data_manager.go:601"}
2026-09-10T01:22:25.958Z	info	matching stopped	{"service": "matching", "logging-call-at": "/home/ubuntu/temporal-investigation-20260909/restart-20260909-1600/source-reset/service/matching/service.go:124"}
2026-09-10T01:22:25.958Z	warn	network dial error	{"address": "127.0.0.1:38275", "connectAddr": "127.0.0.1:38275", "connectDuration": 0.000078105, "connectErr": "dial tcp 127.0.0.1:38275: connect: connection refused", "error": "dial tcp 127.0.0.1:38275: connect: connection refused", "error-type": "net.OpError", "service": "client", "totalDuration": 0.000083003, "logging-call-at": "/home/ubuntu/temporal-investigation-20260909/restart-20260909-1600/source-reset/common/rpc/dial_tracer.go:73"}
2026-09-10T01:22:25.958Z	info	RuntimeMetricsReporter stopped	{"service": "matching", "logging-call-at": "/home/ubuntu/temporal-investigation-20260909/restart-20260909-1600/source-reset/common/metrics/runtime.go:127"}
2026-09-10T01:22:25.966Z	info	dropped database	{"database": "test_830c7a9abd6d43ef9939781d", "logging-call-at": "/home/ubuntu/temporal-investigation-20260909/restart-20260909-1600/source-reset/common/persistence/sql/test_sql_persistence.go:156"}
--- FAIL: TestWorkflowResetTestSuite (0.00s)
    --- FAIL: TestWorkflowResetTestSuite/TestTraceReset (5.01s)
FAIL
