=== RUN   TestWorkflowResetTestSuite
=== PAUSE TestWorkflowResetTestSuite
=== CONT  TestWorkflowResetTestSuite
=== RUN   TestWorkflowResetTestSuite/TestAnalysisExactResetReplay
=== PAUSE TestWorkflowResetTestSuite/TestAnalysisExactResetReplay
=== RUN   TestWorkflowResetTestSuite/TestAnalysisMissingCurrentRecovery
=== PAUSE TestWorkflowResetTestSuite/TestAnalysisMissingCurrentRecovery
=== RUN   TestWorkflowResetTestSuite/TestAnalysisResetStartIDCollision
=== PAUSE TestWorkflowResetTestSuite/TestAnalysisResetStartIDCollision
=== RUN   TestWorkflowResetTestSuite/TestAnalysisSeparateResetControl
=== PAUSE TestWorkflowResetTestSuite/TestAnalysisSeparateResetControl
=== CONT  TestWorkflowResetTestSuite/TestAnalysisExactResetReplay
=== CONT  TestWorkflowResetTestSuite/TestAnalysisResetStartIDCollision
=== CONT  TestWorkflowResetTestSuite/TestAnalysisSeparateResetControl
=== RUN   TestWorkflowResetTestSuite/TestAnalysisExactResetReplay/same-running/response-received
=== PAUSE TestWorkflowResetTestSuite/TestAnalysisExactResetReplay/same-running/response-received
=== CONT  TestWorkflowResetTestSuite/TestAnalysisMissingCurrentRecovery
=== RUN   TestWorkflowResetTestSuite/TestAnalysisExactResetReplay/same-running/response-lost
=== PAUSE TestWorkflowResetTestSuite/TestAnalysisExactResetReplay/same-running/response-lost
=== RUN   TestWorkflowResetTestSuite/TestAnalysisMissingCurrentRecovery/create-rejected
=== PAUSE TestWorkflowResetTestSuite/TestAnalysisMissingCurrentRecovery/create-rejected
=== RUN   TestWorkflowResetTestSuite/TestAnalysisExactResetReplay/distinct-closed/response-received
=== PAUSE TestWorkflowResetTestSuite/TestAnalysisExactResetReplay/distinct-closed/response-received
=== RUN   TestWorkflowResetTestSuite/TestAnalysisExactResetReplay/distinct-closed/response-lost
=== PAUSE TestWorkflowResetTestSuite/TestAnalysisExactResetReplay/distinct-closed/response-lost
=== RUN   TestWorkflowResetTestSuite/TestAnalysisMissingCurrentRecovery/competing-start
=== PAUSE TestWorkflowResetTestSuite/TestAnalysisMissingCurrentRecovery/competing-start
=== CONT  TestWorkflowResetTestSuite/TestAnalysisMissingCurrentRecovery/create-rejected
=== CONT  TestWorkflowResetTestSuite/TestAnalysisMissingCurrentRecovery/competing-start
=== RUN   TestWorkflowResetTestSuite/TestAnalysisExactResetReplay/missing-current/response-received
=== PAUSE TestWorkflowResetTestSuite/TestAnalysisExactResetReplay/missing-current/response-received
=== RUN   TestWorkflowResetTestSuite/TestAnalysisExactResetReplay/missing-current/response-lost
=== PAUSE TestWorkflowResetTestSuite/TestAnalysisExactResetReplay/missing-current/response-lost
=== CONT  TestWorkflowResetTestSuite/TestAnalysisExactResetReplay/same-running/response-received
=== CONT  TestWorkflowResetTestSuite/TestAnalysisExactResetReplay/missing-current/response-lost
=== CONT  TestWorkflowResetTestSuite/TestAnalysisExactResetReplay/missing-current/response-received
=== CONT  TestWorkflowResetTestSuite/TestAnalysisExactResetReplay/distinct-closed/response-lost
2026/09/09 21:09:40 CLUSTEREVENT {"kind":"dedicated","reason":"fault injection config used","suite":"TestWorkflowResetTestSuite","test":"TestWorkflowResetTestSuite/TestAnalysisMissingCurrentRecovery/create-rejected","worker":false}
2026/09/09 21:09:40 CLUSTEREVENT {"kind":"dedicated","reason":"fault injection config used","suite":"TestWorkflowResetTestSuite","test":"TestWorkflowResetTestSuite/TestAnalysisMissingCurrentRecovery/competing-start","worker":false}
2026-09-09T21:09:40.962Z	error	Queue reader unable to retrieve tasks	{"address": "127.0.0.1:37277", "component": "outbound-queue-processor", "error": "shard status unknown", "queue-reader-id": 0, "shard-id": 4, "logging-call-at": "/home/ubuntu/temporal-investigation-20260909/restart-20260909-1600/source-reset/service/history/queues/reader.go:457"}
go.temporal.io/server/common/log.(*zapLogger).Error
	/home/ubuntu/temporal-investigation-20260909/restart-20260909-1600/source-reset/common/log/zap_logger.go:191
go.temporal.io/server/common/testing/testlogger.(*TestLogger).Error
	/home/ubuntu/temporal-investigation-20260909/restart-20260909-1600/source-reset/common/testing/testlogger/testlogger.go:543
go.temporal.io/server/service/history/queues.(*ReaderImpl).loadAndSubmitTasks
	/home/ubuntu/temporal-investigation-20260909/restart-20260909-1600/source-reset/service/history/queues/reader.go:457
go.temporal.io/server/service/history/queues.(*ReaderImpl).eventLoop
	/home/ubuntu/temporal-investigation-20260909/restart-20260909-1600/source-reset/service/history/queues/reader.go:422
2026-09-09T21:09:40.962Z	error	Queue reader unable to retrieve tasks	{"address": "127.0.0.1:37277", "component": "visibility-queue-processor", "error": "shard status unknown", "queue-reader-id": 0, "shard-id": 4, "logging-call-at": "/home/ubuntu/temporal-investigation-20260909/restart-20260909-1600/source-reset/service/history/queues/reader.go:457"}
go.temporal.io/server/common/log.(*zapLogger).Error
	/home/ubuntu/temporal-investigation-20260909/restart-20260909-1600/source-reset/common/log/zap_logger.go:191
go.temporal.io/server/common/testing/testlogger.(*TestLogger).Error
	/home/ubuntu/temporal-investigation-20260909/restart-20260909-1600/source-reset/common/testing/testlogger/testlogger.go:543
go.temporal.io/server/service/history/queues.(*ReaderImpl).loadAndSubmitTasks
	/home/ubuntu/temporal-investigation-20260909/restart-20260909-1600/source-reset/service/history/queues/reader.go:457
go.temporal.io/server/service/history/queues.(*ReaderImpl).eventLoop
	/home/ubuntu/temporal-investigation-20260909/restart-20260909-1600/source-reset/service/history/queues/reader.go:422
2026/09/09 21:09:40 CLUSTEREVENT {"kind":"shared","reason":"shared pool","suite":"TestWorkflowResetTestSuite","test":"TestWorkflowResetTestSuite/TestAnalysisExactResetReplay/same-running/response-received","worker":false}
2026/09/09 21:09:40 CLUSTEREVENT {"kind":"shared","reason":"shared pool","suite":"TestWorkflowResetTestSuite","test":"TestWorkflowResetTestSuite/TestAnalysisSeparateResetControl","worker":false}
2026/09/09 21:09:40 CLUSTEREVENT {"kind":"shared","reason":"shared pool","suite":"TestWorkflowResetTestSuite","test":"TestWorkflowResetTestSuite/TestAnalysisExactResetReplay/missing-current/response-lost","worker":false}
2026/09/09 21:09:40 CLUSTEREVENT {"kind":"shared","reason":"shared pool","suite":"TestWorkflowResetTestSuite","test":"TestWorkflowResetTestSuite/TestAnalysisResetStartIDCollision","worker":false}
2026/09/09 21:09:41 CLUSTEREVENT {"kind":"shared","reason":"shared pool","suite":"TestWorkflowResetTestSuite","test":"TestWorkflowResetTestSuite/TestAnalysisExactResetReplay/distinct-closed/response-lost","worker":false}
2026/09/09 21:09:41 CLUSTEREVENT {"kind":"shared","reason":"shared pool","suite":"TestWorkflowResetTestSuite","test":"TestWorkflowResetTestSuite/TestAnalysisExactResetReplay/missing-current/response-received","worker":false}
=== NAME  TestWorkflowResetTestSuite/TestAnalysisResetStartIDCollision
    reset_identity_analysis_test.go:139: collision start_id=93895ab8-0330-4143-9aa8-5430cbecd012 base=01a08801-4a0b-708d-b336-18c9975cf543 response=01a08801-4a0b-708d-b336-18c9975cf543 before=activity_infos:{key:5 value:{scheduled_event_batch_id:4 scheduled_time:{seconds:1788988181 nanos:12950428} activity_id:"test-activity-id" schedule_to_start_timeout:{} schedule_to_close_timeout:{} start_to_close_timeout:{seconds:10} heartbeat_timeout:{} attempt:1 task_queue:"TestWorkflowResetTestSuite/TestAnalysisResetStartIDCollision_task_queue" has_retry_policy:true retry_initial_interval:{seconds:1} retry_maximum_interval:{seconds:100} retry_backoff_coefficient:2 scheduled_event_id:5 activity_type:{name:"test-activity-name"} last_update_versioned_transition:{transition_count:3} first_scheduled_time:{seconds:1788988181 nanos:12950428}}} execution_info:{namespace_id:"9d880396-c2db-4377-accb-9d7b999902d0" workflow_id:"TestWorkflowResetTestSuite/TestAnalysisResetStartIDCollision_workflow_id" task_queue:"TestWorkflowResetTestSuite/TestAnalysisResetStartIDCollision_task_queue" workflow_type_name:"test-workflow-arg" workflow_execution_timeout:{} workflow_run_timeout:{} default_workflow_task_timeout:{seconds:10} last_running_clock:1048587 last_first_event_id:4 last_completed_workflow_task_started_event_id:3 start_time:{seconds:1788988181 nanos:3036587} last_update_time:{seconds:1788988181 nanos:13095741} workflow_task_timeout:{} workflow_task_attempt:1 workflow_task_started_time:{} workflow_task_scheduled_time:{} workflow_task_original_scheduled_time:{seconds:1788988181 nanos:3074503} workflow_task_request_id:"emptyUuid" attempt:1 activity_count:1 auto_reset_points:{points:{run_id:"01a08801-4a0b-708d-b336-18c9975cf543" first_workflow_task_completed_id:4 create_time:{seconds:1788988181 nanos:12922977} resettable:true}} search_attributes:{key:"BuildIds" value:{metadata:{key:"encoding" value:"json/plain"} metadata:{key:"type" value:"KeywordList"} data:"[\"unversioned\"]"}} version_histories:{histories:{branch_token:"\n$01a08801-4a0b-708d-b336-18c9975cf543\x12$01a08801-4a0b-70d5-a907-81043d7d8301" items:{event_id:5}}} first_execution_run_id:"01a08801-4a0b-708d-b336-18c9975cf543" execution_stats:{history_size:812} workflow_run_expiration_time:{seconds:-62135596800} last_first_event_txn_id:1048588 state_transition_count:3 execution_time:{seconds:1788988181 nanos:3036587} transition_history:{transition_count:3} root_workflow_id:"TestWorkflowResetTestSuite/TestAnalysisResetStartIDCollision_workflow_id" root_run_id:"01a08801-4a0b-708d-b336-18c9975cf543" task_generation_shard_clock_timestamp:1048576 workflow_task_last_update_versioned_transition:{transition_count:3} visibility_last_update_versioned_transition:{transition_count:3} sub_state_machine_tombstone_batches:{versioned_transition:{transition_count:1}} original_execution_run_id:"01a08801-4a0b-708d-b336-18c9975cf543"} execution_state:{create_request_id:"93895ab8-0330-4143-9aa8-5430cbecd012" run_id:"01a08801-4a0b-708d-b336-18c9975cf543" state:WORKFLOW_EXECUTION_STATE_RUNNING status:WORKFLOW_EXECUTION_STATUS_RUNNING last_update_versioned_transition:{transition_count:1} start_time:{seconds:1788988181 nanos:3036587} request_ids:{key:"93895ab8-0330-4143-9aa8-5430cbecd012" value:{event_type:EVENT_TYPE_WORKFLOW_EXECUTION_STARTED event_id:1}} first_execution_run_id:"01a08801-4a0b-708d-b336-18c9975cf543"} next_event_id:6 after=activity_infos:{key:5 value:{scheduled_event_batch_id:4 scheduled_time:{seconds:1788988181 nanos:12950428} activity_id:"test-activity-id" schedule_to_start_timeout:{} schedule_to_close_timeout:{} start_to_close_timeout:{seconds:10} heartbeat_timeout:{} attempt:1 task_queue:"TestWorkflowResetTestSuite/TestAnalysisResetStartIDCollision_task_queue" has_retry_policy:true retry_initial_interval:{seconds:1} retry_maximum_interval:{seconds:100} retry_backoff_coefficient:2 scheduled_event_id:5 activity_type:{name:"test-activity-name"} last_update_versioned_transition:{transition_count:3} first_scheduled_time:{seconds:1788988181 nanos:12950428}}} execution_info:{namespace_id:"9d880396-c2db-4377-accb-9d7b999902d0" workflow_id:"TestWorkflowResetTestSuite/TestAnalysisResetStartIDCollision_workflow_id" task_queue:"TestWorkflowResetTestSuite/TestAnalysisResetStartIDCollision_task_queue" workflow_type_name:"test-workflow-arg" workflow_execution_timeout:{} workflow_run_timeout:{} default_workflow_task_timeout:{seconds:10} last_running_clock:1048587 last_first_event_id:4 last_completed_workflow_task_started_event_id:3 start_time:{seconds:1788988181 nanos:3036587} last_update_time:{seconds:1788988181 nanos:13095741} workflow_task_timeout:{} workflow_task_attempt:1 workflow_task_started_time:{} workflow_task_scheduled_time:{} workflow_task_original_scheduled_time:{seconds:1788988181 nanos:3074503} workflow_task_request_id:"emptyUuid" attempt:1 activity_count:1 auto_reset_points:{points:{run_id:"01a08801-4a0b-708d-b336-18c9975cf543" first_workflow_task_completed_id:4 create_time:{seconds:1788988181 nanos:12922977} resettable:true}} search_attributes:{key:"BuildIds" value:{metadata:{key:"encoding" value:"json/plain"} metadata:{key:"type" value:"KeywordList"} data:"[\"unversioned\"]"}} version_histories:{histories:{branch_token:"\n$01a08801-4a0b-708d-b336-18c9975cf543\x12$01a08801-4a0b-70d5-a907-81043d7d8301" items:{event_id:5}}} first_execution_run_id:"01a08801-4a0b-708d-b336-18c9975cf543" execution_stats:{history_size:812} workflow_run_expiration_time:{seconds:-62135596800} last_first_event_txn_id:1048588 state_transition_count:3 execution_time:{seconds:1788988181 nanos:3036587} transition_history:{transition_count:3} root_workflow_id:"TestWorkflowResetTestSuite/TestAnalysisResetStartIDCollision_workflow_id" root_run_id:"01a08801-4a0b-708d-b336-18c9975cf543" task_generation_shard_clock_timestamp:1048576 workflow_task_last_update_versioned_transition:{transition_count:3} visibility_last_update_versioned_transition:{transition_count:3} sub_state_machine_tombstone_batches:{versioned_transition:{transition_count:1}} original_execution_run_id:"01a08801-4a0b-708d-b336-18c9975cf543"} execution_state:{create_request_id:"93895ab8-0330-4143-9aa8-5430cbecd012" run_id:"01a08801-4a0b-708d-b336-18c9975cf543" state:WORKFLOW_EXECUTION_STATE_RUNNING status:WORKFLOW_EXECUTION_STATUS_RUNNING last_update_versioned_transition:{transition_count:1} start_time:{seconds:1788988181 nanos:3036587} request_ids:{key:"93895ab8-0330-4143-9aa8-5430cbecd012" value:{event_type:EVENT_TYPE_WORKFLOW_EXECUTION_STARTED event_id:1}} first_execution_run_id:"01a08801-4a0b-708d-b336-18c9975cf543"} next_event_id:6
=== CONT  TestWorkflowResetTestSuite/TestAnalysisExactResetReplay/distinct-closed/response-received
=== CONT  TestWorkflowResetTestSuite/TestAnalysisExactResetReplay/same-running/response-lost
=== NAME  TestWorkflowResetTestSuite/TestAnalysisExactResetReplay/same-running/response-received
    reset_identity_analysis_test.go:93: mode=same-running reset_request_id=2ca31659-48b5-4d69-aaad-a86b05c7bc7e original_start_id=e758fb03-c773-4ad0-9a5b-f749f70771e1 first=0c664e4e-ab24-4221-9d20-829f68c84421 second=a15f760c-2df5-421f-981e-3dceb15e74d6 current=a15f760c-2df5-421f-981e-3dceb15e74d6
    reset_identity_analysis_test.go:94: first_before=execution_info:{namespace_id:"903c07ea-489c-4bc7-806d-607b97dc7ad4" workflow_id:"TestWorkflowResetTestSuite/TestAnalysisExactResetReplay/same-running/response-received_workflow_id" task_queue:"TestWorkflowResetTestSuite/TestAnalysisExactResetReplay/same-running/response-received_task_queue" workflow_type_name:"test-workflow-arg" workflow_execution_timeout:{} workflow_run_timeout:{} default_workflow_task_timeout:{seconds:10} last_running_clock:1048595 last_first_event_id:4 start_time:{seconds:1788988181 nanos:21598972} last_update_time:{seconds:1788988181 nanos:21958269} workflow_task_scheduled_event_id:5 workflow_task_timeout:{seconds:10} workflow_task_attempt:1 workflow_task_started_time:{} workflow_task_scheduled_time:{seconds:1788988181 nanos:21930348} workflow_task_original_scheduled_time:{seconds:1788988181 nanos:21930218} workflow_task_request_id:"emptyUuid" workflow_task_type:WORKFLOW_TASK_TYPE_NORMAL workflow_task_attempts_since_last_success:1 attempt:1 auto_reset_points:{} version_histories:{histories:{branch_token:"\n$01a08801-4a07-7445-8d04-6d6ca10af64a\x12$c6a833f0-7cd7-4aa3-840b-864880f5bb85\x1a*\n$01a08801-4a07-74b1-89b9-bd618838bae4\x10\x01\x18\x04" items:{event_id:5}}} first_execution_run_id:"01a08801-4a07-7445-8d04-6d6ca10af64a" execution_stats:{history_size:976} workflow_run_expiration_time:{seconds:-62135596800} last_first_event_txn_id:1048596 state_transition_count:2 execution_time:{seconds:1788988181 nanos:21598972} base_execution_info:{run_id:"01a08801-4a07-7445-8d04-6d6ca10af64a" lowest_common_ancestor_event_id:3} transition_history:{transition_count:1} root_workflow_id:"TestWorkflowResetTestSuite/TestAnalysisExactResetReplay/same-running/response-received_workflow_id" root_run_id:"0c664e4e-ab24-4221-9d20-829f68c84421" task_generation_shard_clock_timestamp:1048594 workflow_task_last_update_versioned_transition:{transition_count:1} sub_state_machine_tombstone_batches:{versioned_transition:{transition_count:1}} original_execution_run_id:"01a08801-4a07-7445-8d04-6d6ca10af64a" last_workflow_task_failure_cause:WORKFLOW_TASK_FAILED_CAUSE_RESET_WORKFLOW} execution_state:{create_request_id:"e758fb03-c773-4ad0-9a5b-f749f70771e1" run_id:"0c664e4e-ab24-4221-9d20-829f68c84421" state:WORKFLOW_EXECUTION_STATE_RUNNING status:WORKFLOW_EXECUTION_STATUS_RUNNING start_time:{seconds:1788988181 nanos:21598972} request_ids:{key:"e758fb03-c773-4ad0-9a5b-f749f70771e1" value:{event_type:EVENT_TYPE_WORKFLOW_EXECUTION_STARTED event_id:1}} first_execution_run_id:"01a08801-4a07-7445-8d04-6d6ca10af64a"} next_event_id:6 first_after=execution_info:{namespace_id:"903c07ea-489c-4bc7-806d-607b97dc7ad4" workflow_id:"TestWorkflowResetTestSuite/TestAnalysisExactResetReplay/same-running/response-received_workflow_id" completion_event_batch_id:6 task_queue:"TestWorkflowResetTestSuite/TestAnalysisExactResetReplay/same-running/response-received_task_queue" workflow_type_name:"test-workflow-arg" workflow_execution_timeout:{} workflow_run_timeout:{} default_workflow_task_timeout:{seconds:10} last_running_clock:1048603 last_first_event_id:6 start_time:{seconds:1788988181 nanos:21598972} last_update_time:{seconds:1788988181 nanos:33880627} workflow_task_scheduled_event_id:5 workflow_task_timeout:{seconds:10} workflow_task_attempt:1 workflow_task_started_time:{} workflow_task_scheduled_time:{seconds:1788988181 nanos:21930348} workflow_task_original_scheduled_time:{seconds:1788988181 nanos:21930218} workflow_task_request_id:"emptyUuid" workflow_task_type:WORKFLOW_TASK_TYPE_NORMAL workflow_task_attempts_since_last_success:1 attempt:1 auto_reset_points:{} version_histories:{histories:{branch_token:"\n$01a08801-4a07-7445-8d04-6d6ca10af64a\x12$c6a833f0-7cd7-4aa3-840b-864880f5bb85\x1a*\n$01a08801-4a07-74b1-89b9-bd618838bae4\x10\x01\x18\x04" items:{event_id:6}}} first_execution_run_id:"01a08801-4a07-7445-8d04-6d6ca10af64a" execution_stats:{history_size:1045} workflow_run_expiration_time:{seconds:-62135596800} last_first_event_txn_id:1048604 state_transition_count:3 execution_time:{seconds:1788988181 nanos:21598972} close_time:{seconds:1788988181 nanos:33779399} base_execution_info:{run_id:"01a08801-4a07-7445-8d04-6d6ca10af64a" lowest_common_ancestor_event_id:3} transition_history:{transition_count:2} root_workflow_id:"TestWorkflowResetTestSuite/TestAnalysisExactResetReplay/same-running/response-received_workflow_id" root_run_id:"0c664e4e-ab24-4221-9d20-829f68c84421" task_generation_shard_clock_timestamp:1048594 workflow_task_last_update_versioned_transition:{transition_count:1} visibility_last_update_versioned_transition:{transition_count:2} sub_state_machine_tombstone_batches:{versioned_transition:{transition_count:1}} workflow_was_reset:true original_execution_run_id:"01a08801-4a07-7445-8d04-6d6ca10af64a" last_workflow_task_failure_cause:WORKFLOW_TASK_FAILED_CAUSE_RESET_WORKFLOW} execution_state:{create_request_id:"e758fb03-c773-4ad0-9a5b-f749f70771e1" run_id:"0c664e4e-ab24-4221-9d20-829f68c84421" state:WORKFLOW_EXECUTION_STATE_COMPLETED status:WORKFLOW_EXECUTION_STATUS_TERMINATED last_update_versioned_transition:{transition_count:2} start_time:{seconds:1788988181 nanos:21598972} request_ids:{key:"e758fb03-c773-4ad0-9a5b-f749f70771e1" value:{event_type:EVENT_TYPE_WORKFLOW_EXECUTION_STARTED event_id:1}} first_execution_run_id:"01a08801-4a07-7445-8d04-6d6ca10af64a"} next_event_id:7 base_after=activity_infos:{key:5 value:{scheduled_event_batch_id:4 scheduled_time:{seconds:1788988181 nanos:10162256} activity_id:"test-activity-id" schedule_to_start_timeout:{} schedule_to_close_timeout:{} start_to_close_timeout:{seconds:10} heartbeat_timeout:{} attempt:1 task_queue:"TestWorkflowResetTestSuite/TestAnalysisExactResetReplay/same-running/response-received_task_queue" has_retry_policy:true retry_initial_interval:{seconds:1} retry_maximum_interval:{seconds:100} retry_backoff_coefficient:2 scheduled_event_id:5 activity_type:{name:"test-activity-name"} last_update_versioned_transition:{transition_count:3} first_scheduled_time:{seconds:1788988181 nanos:10162256}}} execution_info:{namespace_id:"903c07ea-489c-4bc7-806d-607b97dc7ad4" workflow_id:"TestWorkflowResetTestSuite/TestAnalysisExactResetReplay/same-running/response-received_workflow_id" completion_event_batch_id:6 task_queue:"TestWorkflowResetTestSuite/TestAnalysisExactResetReplay/same-running/response-received_task_queue" workflow_type_name:"test-workflow-arg" workflow_execution_timeout:{} workflow_run_timeout:{} default_workflow_task_timeout:{seconds:10} last_running_clock:1048591 last_first_event_id:6 last_completed_workflow_task_started_event_id:3 start_time:{seconds:1788988180 nanos:999280459} last_update_time:{seconds:1788988181 nanos:34538473} workflow_task_timeout:{} workflow_task_attempt:1 workflow_task_started_time:{} workflow_task_scheduled_time:{} workflow_task_original_scheduled_time:{seconds:1788988180 nanos:999340938} workflow_task_request_id:"emptyUuid" attempt:1 activity_count:1 auto_reset_points:{points:{run_id:"01a08801-4a07-7445-8d04-6d6ca10af64a" first_workflow_task_completed_id:4 create_time:{seconds:1788988181 nanos:10140424} resettable:true}} search_attributes:{key:"BuildIds" value:{metadata:{key:"encoding" value:"json/plain"} metadata:{key:"type" value:"KeywordList"} data:"[\"unversioned\"]"}} version_histories:{histories:{branch_token:"\n$01a08801-4a07-7445-8d04-6d6ca10af64a\x12$01a08801-4a07-74b1-89b9-bd618838bae4" items:{event_id:6}}} first_execution_run_id:"01a08801-4a07-7445-8d04-6d6ca10af64a" execution_stats:{history_size:1015} workflow_run_expiration_time:{seconds:-62135596800} last_first_event_txn_id:1048592 state_transition_count:5 execution_time:{seconds:1788988180 nanos:999280459} close_transfer_task_id:1048599 close_visibility_task_id:1048597 close_time:{seconds:1788988181 nanos:21327223} transition_history:{transition_count:5} root_workflow_id:"TestWorkflowResetTestSuite/TestAnalysisExactResetReplay/same-running/response-received_workflow_id" root_run_id:"01a08801-4a07-7445-8d04-6d6ca10af64a" task_generation_shard_clock_timestamp:1048576 workflow_task_last_update_versioned_transition:{transition_count:3} visibility_last_update_versioned_transition:{transition_count:4} sub_state_machine_tombstone_batches:{versioned_transition:{transition_count:1}} workflow_was_reset:true reset_run_id:"a15f760c-2df5-421f-981e-3dceb15e74d6" original_execution_run_id:"01a08801-4a07-7445-8d04-6d6ca10af64a"} execution_state:{create_request_id:"e758fb03-c773-4ad0-9a5b-f749f70771e1" run_id:"01a08801-4a07-7445-8d04-6d6ca10af64a" state:WORKFLOW_EXECUTION_STATE_COMPLETED status:WORKFLOW_EXECUTION_STATUS_TERMINATED last_update_versioned_transition:{transition_count:4} start_time:{seconds:1788988180 nanos:999280459} request_ids:{key:"e758fb03-c773-4ad0-9a5b-f749f70771e1" value:{event_type:EVENT_TYPE_WORKFLOW_EXECUTION_STARTED event_id:1}} first_execution_run_id:"01a08801-4a07-7445-8d04-6d6ca10af64a"} next_event_id:7 second_after=execution_info:{namespace_id:"903c07ea-489c-4bc7-806d-607b97dc7ad4" workflow_id:"TestWorkflowResetTestSuite/TestAnalysisExactResetReplay/same-running/response-received_workflow_id" task_queue:"TestWorkflowResetTestSuite/TestAnalysisExactResetReplay/same-running/response-received_task_queue" workflow_type_name:"test-workflow-arg" workflow_execution_timeout:{} workflow_run_timeout:{} default_workflow_task_timeout:{seconds:10} last_running_clock:1048607 last_first_event_id:4 start_time:{seconds:1788988181 nanos:34026111} last_update_time:{seconds:1788988181 nanos:34529160} workflow_task_scheduled_event_id:5 workflow_task_timeout:{seconds:10} workflow_task_attempt:1 workflow_task_started_time:{} workflow_task_scheduled_time:{seconds:1788988181 nanos:34499947} workflow_task_original_scheduled_time:{seconds:1788988181 nanos:34499836} workflow_task_request_id:"emptyUuid" workflow_task_type:WORKFLOW_TASK_TYPE_NORMAL workflow_task_attempts_since_last_success:1 attempt:1 auto_reset_points:{} version_histories:{histories:{branch_token:"\n$01a08801-4a07-7445-8d04-6d6ca10af64a\x12$4e684162-a53f-47e4-9617-010cf184a3b7\x1a*\n$01a08801-4a07-74b1-89b9-bd618838bae4\x10\x01\x18\x04" items:{event_id:5}}} first_execution_run_id:"01a08801-4a07-7445-8d04-6d6ca10af64a" execution_stats:{history_size:976} workflow_run_expiration_time:{seconds:-62135596800} last_first_event_txn_id:1048608 state_transition_count:2 execution_time:{seconds:1788988181 nanos:34026111} base_execution_info:{run_id:"01a08801-4a07-7445-8d04-6d6ca10af64a" lowest_common_ancestor_event_id:3} transition_history:{transition_count:1} root_workflow_id:"TestWorkflowResetTestSuite/TestAnalysisExactResetReplay/same-running/response-received_workflow_id" root_run_id:"a15f760c-2df5-421f-981e-3dceb15e74d6" task_generation_shard_clock_timestamp:1048606 workflow_task_last_update_versioned_transition:{transition_count:1} sub_state_machine_tombstone_batches:{versioned_transition:{transition_count:1}} original_execution_run_id:"01a08801-4a07-7445-8d04-6d6ca10af64a" last_workflow_task_failure_cause:WORKFLOW_TASK_FAILED_CAUSE_RESET_WORKFLOW} execution_state:{create_request_id:"e758fb03-c773-4ad0-9a5b-f749f70771e1" run_id:"a15f760c-2df5-421f-981e-3dceb15e74d6" state:WORKFLOW_EXECUTION_STATE_RUNNING status:WORKFLOW_EXECUTION_STATUS_RUNNING start_time:{seconds:1788988181 nanos:34026111} request_ids:{key:"e758fb03-c773-4ad0-9a5b-f749f70771e1" value:{event_type:EVENT_TYPE_WORKFLOW_EXECUTION_STARTED event_id:1}} first_execution_run_id:"01a08801-4a07-7445-8d04-6d6ca10af64a"} next_event_id:6
    reset_identity_analysis_test.go:105: history_run=0c664e4e-ab24-4221-9d20-829f68c84421 history=events:{event_id:1 event_time:{seconds:1788988180 nanos:999280459} event_type:EVENT_TYPE_WORKFLOW_EXECUTION_STARTED task_id:1048576 workflow_execution_started_event_attributes:{workflow_type:{name:"test-workflow-arg"} task_queue:{name:"TestWorkflowResetTestSuite/TestAnalysisExactResetReplay/same-running/response-received_task_queue" kind:TASK_QUEUE_KIND_NORMAL} workflow_execution_timeout:{} workflow_run_timeout:{} workflow_task_timeout:{seconds:10} original_execution_run_id:"01a08801-4a07-7445-8d04-6d6ca10af64a" identity:"1834851@qiancheng-ubuntu24@" first_execution_run_id:"01a08801-4a07-7445-8d04-6d6ca10af64a" attempt:1 first_workflow_task_backoff:{} header:{} workflow_id:"TestWorkflowResetTestSuite/TestAnalysisExactResetReplay/same-running/response-received_workflow_id"}} events:{event_id:2 event_time:{seconds:1788988180 nanos:999341218} event_type:EVENT_TYPE_WORKFLOW_TASK_SCHEDULED task_id:1048577 workflow_task_scheduled_event_attributes:{task_queue:{name:"TestWorkflowResetTestSuite/TestAnalysisExactResetReplay/same-running/response-received_task_queue" kind:TASK_QUEUE_KIND_NORMAL} start_to_close_timeout:{seconds:10} attempt:1}} events:{event_id:3 event_time:{seconds:1788988181 nanos:5723170} event_type:EVENT_TYPE_WORKFLOW_TASK_STARTED task_id:1048582 workflow_task_started_event_attributes:{scheduled_event_id:2 identity:"TestWorkflowResetTestSuite/TestAnalysisExactResetReplay/same-running/response-received_worker_identity" request_id:"f308fc75-71c6-435b-a585-8f7299ca77f1" history_size_bytes:512}} events:{event_id:4 event_time:{seconds:1788988181 nanos:21792846} event_type:EVENT_TYPE_WORKFLOW_TASK_FAILED task_id:1048594 workflow_task_failed_event_attributes:{scheduled_event_id:2 started_event_id:3 cause:WORKFLOW_TASK_FAILED_CAUSE_RESET_WORKFLOW failure:{message:"reset identity analysis" reset_workflow_failure_info:{}} identity:"history-service" base_run_id:"01a08801-4a07-7445-8d04-6d6ca10af64a" new_run_id:"0c664e4e-ab24-4221-9d20-829f68c84421"}} events:{event_id:5 event_time:{seconds:1788988181 nanos:21930348} event_type:EVENT_TYPE_WORKFLOW_TASK_SCHEDULED task_id:1048595 workflow_task_scheduled_event_attributes:{task_queue:{name:"TestWorkflowResetTestSuite/TestAnalysisExactResetReplay/same-running/response-received_task_queue" kind:TASK_QUEUE_KIND_NORMAL} start_to_close_timeout:{seconds:10} attempt:1}} events:{event_id:6 event_time:{seconds:1788988181 nanos:33779399} event_type:EVENT_TYPE_WORKFLOW_EXECUTION_TERMINATED task_id:1048603 workflow_execution_terminated_event_attributes:{reason:"reset identity analysis" identity:"history-resetter"}}
    reset_identity_analysis_test.go:105: history_run=a15f760c-2df5-421f-981e-3dceb15e74d6 history=events:{event_id:1 event_time:{seconds:1788988180 nanos:999280459} event_type:EVENT_TYPE_WORKFLOW_EXECUTION_STARTED task_id:1048576 workflow_execution_started_event_attributes:{workflow_type:{name:"test-workflow-arg"} task_queue:{name:"TestWorkflowResetTestSuite/TestAnalysisExactResetReplay/same-running/response-received_task_queue" kind:TASK_QUEUE_KIND_NORMAL} workflow_execution_timeout:{} workflow_run_timeout:{} workflow_task_timeout:{seconds:10} original_execution_run_id:"01a08801-4a07-7445-8d04-6d6ca10af64a" identity:"1834851@qiancheng-ubuntu24@" first_execution_run_id:"01a08801-4a07-7445-8d04-6d6ca10af64a" attempt:1 first_workflow_task_backoff:{} header:{} workflow_id:"TestWorkflowResetTestSuite/TestAnalysisExactResetReplay/same-running/response-received_workflow_id"}} events:{event_id:2 event_time:{seconds:1788988180 nanos:999341218} event_type:EVENT_TYPE_WORKFLOW_TASK_SCHEDULED task_id:1048577 workflow_task_scheduled_event_attributes:{task_queue:{name:"TestWorkflowResetTestSuite/TestAnalysisExactResetReplay/same-running/response-received_task_queue" kind:TASK_QUEUE_KIND_NORMAL} start_to_close_timeout:{seconds:10} attempt:1}} events:{event_id:3 event_time:{seconds:1788988181 nanos:5723170} event_type:EVENT_TYPE_WORKFLOW_TASK_STARTED task_id:1048582 workflow_task_started_event_attributes:{scheduled_event_id:2 identity:"TestWorkflowResetTestSuite/TestAnalysisExactResetReplay/same-running/response-received_worker_identity" request_id:"f308fc75-71c6-435b-a585-8f7299ca77f1" history_size_bytes:512}} events:{event_id:4 event_time:{seconds:1788988181 nanos:34285512} event_type:EVENT_TYPE_WORKFLOW_TASK_FAILED task_id:1048606 workflow_task_failed_event_attributes:{scheduled_event_id:2 started_event_id:3 cause:WORKFLOW_TASK_FAILED_CAUSE_RESET_WORKFLOW failure:{message:"reset identity analysis" reset_workflow_failure_info:{}} identity:"history-service" base_run_id:"01a08801-4a07-7445-8d04-6d6ca10af64a" new_run_id:"a15f760c-2df5-421f-981e-3dceb15e74d6"}} events:{event_id:5 event_time:{seconds:1788988181 nanos:34499947} event_type:EVENT_TYPE_WORKFLOW_TASK_SCHEDULED task_id:1048607 workflow_task_scheduled_event_attributes:{task_queue:{name:"TestWorkflowResetTestSuite/TestAnalysisExactResetReplay/same-running/response-received_task_queue" kind:TASK_QUEUE_KIND_NORMAL} start_to_close_timeout:{seconds:10} attempt:1}}
    reset_identity_analysis_test.go:107: 
        	Error Trace:	/home/ubuntu/temporal-investigation-20260909/restart-20260909-1600/source-reset/tests/reset_identity_analysis_test.go:107
        	            				/home/ubuntu/temporal-investigation-20260909/restart-20260909-1600/source-reset/common/testing/parallelsuite/suite.go:140
        	Error:      	Not equal: 
        	            	expected: "0c664e4e-ab24-4221-9d20-829f68c84421"
        	            	actual  : "a15f760c-2df5-421f-981e-3dceb15e74d6"
        	            	
        	            	Diff:
        	            	--- Expected
        	            	+++ Actual
        	            	@@ -1 +1 @@
        	            	-0c664e4e-ab24-4221-9d20-829f68c84421
        	            	+a15f760c-2df5-421f-981e-3dceb15e74d6
        	Test:       	TestWorkflowResetTestSuite/TestAnalysisExactResetReplay/same-running/response-received
        	Messages:   	identical immediately repeated Reset must return the original reset run
=== NAME  TestWorkflowResetTestSuite/TestAnalysisExactResetReplay/distinct-closed/response-lost
    fault_injection.go:45: Fault injection fired: *workflowservice.ResetWorkflowExecutionRequest
    shared_cluster_t.go:72: 2026-09-09T21:09:41.083Z	error	service failures	{"operation": "ResetWorkflowExecution", "wf-namespace": "TestWorkflowResetTestSuite-TestAnalysisExactResetReplay-distinct-closed-response-lost-42b985df-209d-4c54-bcc4-d0a340ec324a", "grpc_code": "Unavailable", "wf-id": "TestWorkflowResetTestSuite/TestAnalysisExactResetReplay/distinct-closed/response-lost_workflow_id", "wf-run-id": "01a08801-4a0c-7cf1-a1d9-e5bf4e4131f7", "error": "analysis: successful Reset response discarded", "logging-call-at": "/home/ubuntu/temporal-investigation-20260909/restart-20260909-1600/source-reset/common/rpc/interceptor/request_error_handler.go:96"}
        go.temporal.io/server/common/log.(*zapLogger).Error
        	/home/ubuntu/temporal-investigation-20260909/restart-20260909-1600/source-reset/common/log/zap_logger.go:191
        go.temporal.io/server/common/testing/testlogger.(*TestLogger).Error
        	/home/ubuntu/temporal-investigation-20260909/restart-20260909-1600/source-reset/common/testing/testlogger/testlogger.go:543
        go.temporal.io/server/common/rpc/interceptor.(*RequestErrorHandler).logError
        	/home/ubuntu/temporal-investigation-20260909/restart-20260909-1600/source-reset/common/rpc/interceptor/request_error_handler.go:96
        go.temporal.io/server/common/rpc/interceptor.(*RequestErrorHandler).HandleError
        	/home/ubuntu/temporal-investigation-20260909/restart-20260909-1600/source-reset/common/rpc/interceptor/request_error_handler.go:72
        go.temporal.io/server/common/rpc/interceptor.(*TelemetryInterceptor).UnaryIntercept
        	/home/ubuntu/temporal-investigation-20260909/restart-20260909-1600/source-reset/common/rpc/interceptor/telemetry.go:194
        google.golang.org/grpc.getChainUnaryHandler.1
        	/home/ubuntu/go/pkg/mod/google.golang.org/grpc@v1.82.1/server.go:1256
        go.temporal.io/server/common/rpc/interceptor.(*Redirection).handleRedirectAPIInvocation.func2
        	/home/ubuntu/temporal-investigation-20260909/restart-20260909-1600/source-reset/common/rpc/interceptor/redirection.go:318
        go.temporal.io/server/common/rpc/interceptor.(*NoopRedirectionPolicy).WithNamespaceRedirect
        	/home/ubuntu/temporal-investigation-20260909/restart-20260909-1600/source-reset/common/rpc/interceptor/dc_redirection_policy.go:124
        go.temporal.io/server/common/rpc/interceptor.(*Redirection).handleRedirectAPIInvocation
        	/home/ubuntu/temporal-investigation-20260909/restart-20260909-1600/source-reset/common/rpc/interceptor/redirection.go:315
        go.temporal.io/server/common/rpc/interceptor.(*Redirection).Intercept
        	/home/ubuntu/temporal-investigation-20260909/restart-20260909-1600/source-reset/common/rpc/interceptor/redirection.go:275
        google.golang.org/grpc.getChainUnaryHandler.func1
        	/home/ubuntu/go/pkg/mod/google.golang.org/grpc@v1.82.1/server.go:1256
        go.temporal.io/server/common/rpc/interceptor.(*NamespaceHandoverInterceptor).Intercept
        	/home/ubuntu/temporal-investigation-20260909/restart-20260909-1600/source-reset/common/rpc/interceptor/namespace_handover.go:141
        google.golang.org/grpc.getChainUnaryHandler.1
        	/home/ubuntu/go/pkg/mod/google.golang.org/grpc@v1.82.1/server.go:1256
        go.temporal.io/server/common/authorization.(*Interceptor).Intercept
        	/home/ubuntu/temporal-investigation-20260909/restart-20260909-1600/source-reset/common/authorization/interceptor.go:184
        google.golang.org/grpc.getChainUnaryHandler.func1
        	/home/ubuntu/go/pkg/mod/google.golang.org/grpc@v1.82.1/server.go:1256
        go.temporal.io/server/common/metrics.NewServerMetricsContextInjectorInterceptor.func1
        	/home/ubuntu/temporal-investigation-20260909/restart-20260909-1600/source-reset/common/metrics/grpc.go:42
        google.golang.org/grpc.getChainUnaryHandler.1
        	/home/ubuntu/go/pkg/mod/google.golang.org/grpc@v1.82.1/server.go:1256
        go.temporal.io/server/common/rpc/interceptor.(*NamespaceLogInterceptor).Intercept
        	/home/ubuntu/temporal-investigation-20260909/restart-20260909-1600/source-reset/common/rpc/interceptor/namespace_logger.go:60
        google.golang.org/grpc.getChainUnaryHandler.func1
        	/home/ubuntu/go/pkg/mod/google.golang.org/grpc@v1.82.1/server.go:1256
        go.temporal.io/server/common/rpc/interceptor.(*NamespaceValidatorInterceptor).NamespaceValidateIntercept
        	/home/ubuntu/temporal-investigation-20260909/restart-20260909-1600/source-reset/common/rpc/interceptor/namespace_validator.go:128
        google.golang.org/grpc.getChainUnaryHandler.1
        	/home/ubuntu/go/pkg/mod/google.golang.org/grpc@v1.82.1/server.go:1256
        go.temporal.io/server/common/rpc/interceptor.(*RoutingKeyInterceptor).Intercept
        	/home/ubuntu/temporal-investigation-20260909/restart-20260909-1600/source-reset/common/rpc/interceptor/routing_key_interceptor.go:121
        google.golang.org/grpc.getChainUnaryHandler.func1
        	/home/ubuntu/go/pkg/mod/google.golang.org/grpc@v1.82.1/server.go:1256
        go.temporal.io/server/common/rpc/interceptor.NewFrontendServiceErrorInterceptor.func1
        	/home/ubuntu/temporal-investigation-20260909/restart-20260909-1600/source-reset/common/rpc/interceptor/frontend_service_error.go:35
        google.golang.org/grpc.getChainUnaryHandler.1
        	/home/ubuntu/go/pkg/mod/google.golang.org/grpc@v1.82.1/server.go:1256
        go.temporal.io/server/common/rpc/interceptor.(*ServiceErrorInterceptor).capturePanicHandler
        	/home/ubuntu/temporal-investigation-20260909/restart-20260909-1600/source-reset/common/rpc/interceptor/service_error_interceptor.go:72
        go.temporal.io/server/common/rpc/interceptor.(*ServiceErrorInterceptor).Intercept
        	/home/ubuntu/temporal-investigation-20260909/restart-20260909-1600/source-reset/common/rpc/interceptor/service_error_interceptor.go:45
        google.golang.org/grpc.getChainUnaryHandler.func1
        	/home/ubuntu/go/pkg/mod/google.golang.org/grpc@v1.82.1/server.go:1256
        go.temporal.io/server/common/rpc/interceptor.(*MaskInternalErrorDetailsInterceptor).Intercept
        	/home/ubuntu/temporal-investigation-20260909/restart-20260909-1600/source-reset/common/rpc/interceptor/mask_internal_error.go:51
        google.golang.org/grpc.chainUnaryInterceptors.func1
        	/home/ubuntu/go/pkg/mod/google.golang.org/grpc@v1.82.1/server.go:1247
        go.temporal.io/api/workflowservice/v1._WorkflowService_ResetWorkflowExecution_Handler
        	/home/ubuntu/go/pkg/mod/go.temporal.io/api@v1.63.5/workflowservice/v1/service_grpc.pb.go:3727
        google.golang.org/grpc.(*Server).processUnaryRPC
        	/home/ubuntu/go/pkg/mod/google.golang.org/grpc@v1.82.1/server.go:1443
        google.golang.org/grpc.(*Server).handleStream
        	/home/ubuntu/go/pkg/mod/google.golang.org/grpc@v1.82.1/server.go:1858
        google.golang.org/grpc.(*Server).serveStreams.func2.1
        	/home/ubuntu/go/pkg/mod/google.golang.org/grpc@v1.82.1/server.go:1078
    reset_identity_analysis_test.go:80: response_loss=verified observed_error=analysis: successful Reset response discarded
    reset_identity_analysis_test.go:93: mode=distinct-closed reset_request_id=f129ab3f-6770-4627-8ce9-c77d74bcd82b original_start_id=6d031906-b043-4177-b9ef-0954cf64f6e6 first=2c34875c-78eb-4e89-bb8c-9769c53f150f second=b19c6c56-5595-4c2d-a6aa-d55170929563 current=b19c6c56-5595-4c2d-a6aa-d55170929563
    reset_identity_analysis_test.go:94: first_before=execution_info:{namespace_id:"68e3696c-829c-42ee-9d30-39aa84d4c5c5" workflow_id:"TestWorkflowResetTestSuite/TestAnalysisExactResetReplay/distinct-closed/response-lost_workflow_id" task_queue:"TestWorkflowResetTestSuite/TestAnalysisExactResetReplay/distinct-closed/response-lost_task_queue" workflow_type_name:"test-workflow-arg" workflow_execution_timeout:{} workflow_run_timeout:{} default_workflow_task_timeout:{seconds:10} last_running_clock:1048648 last_first_event_id:4 start_time:{seconds:1788988181 nanos:62865279} last_update_time:{seconds:1788988181 nanos:63261320} workflow_task_scheduled_event_id:5 workflow_task_timeout:{seconds:10} workflow_task_attempt:1 workflow_task_started_time:{} workflow_task_scheduled_time:{seconds:1788988181 nanos:63236635} workflow_task_original_scheduled_time:{seconds:1788988181 nanos:63236544} workflow_task_request_id:"emptyUuid" workflow_task_type:WORKFLOW_TASK_TYPE_NORMAL workflow_task_attempts_since_last_success:1 attempt:1 auto_reset_points:{} version_histories:{histories:{branch_token:"\n$01a08801-4a0c-7cf1-a1d9-e5bf4e4131f7\x12$c1140a5d-597a-4b8d-84ce-3bac3f3ce0ee\x1a*\n$01a08801-4a0c-7d29-a22b-745ed06cad63\x10\x01\x18\x04" items:{event_id:5}}} first_execution_run_id:"01a08801-4a0c-7cf1-a1d9-e5bf4e4131f7" execution_stats:{history_size:969} workflow_run_expiration_time:{seconds:-62135596800} last_first_event_txn_id:1048649 state_transition_count:2 execution_time:{seconds:1788988181 nanos:62865279} base_execution_info:{run_id:"01a08801-4a0c-7cf1-a1d9-e5bf4e4131f7" lowest_common_ancestor_event_id:3} transition_history:{transition_count:1} root_workflow_id:"TestWorkflowResetTestSuite/TestAnalysisExactResetReplay/distinct-closed/response-lost_workflow_id" root_run_id:"2c34875c-78eb-4e89-bb8c-9769c53f150f" task_generation_shard_clock_timestamp:1048647 workflow_task_last_update_versioned_transition:{transition_count:1} sub_state_machine_tombstone_batches:{versioned_transition:{transition_count:1}} original_execution_run_id:"01a08801-4a0c-7cf1-a1d9-e5bf4e4131f7" last_workflow_task_failure_cause:WORKFLOW_TASK_FAILED_CAUSE_RESET_WORKFLOW} execution_state:{create_request_id:"6d031906-b043-4177-b9ef-0954cf64f6e6" run_id:"2c34875c-78eb-4e89-bb8c-9769c53f150f" state:WORKFLOW_EXECUTION_STATE_RUNNING status:WORKFLOW_EXECUTION_STATUS_RUNNING start_time:{seconds:1788988181 nanos:62865279} request_ids:{key:"6d031906-b043-4177-b9ef-0954cf64f6e6" value:{event_type:EVENT_TYPE_WORKFLOW_EXECUTION_STARTED event_id:1}} first_execution_run_id:"01a08801-4a0c-7cf1-a1d9-e5bf4e4131f7"} next_event_id:6 first_after=execution_info:{namespace_id:"68e3696c-829c-42ee-9d30-39aa84d4c5c5" workflow_id:"TestWorkflowResetTestSuite/TestAnalysisExactResetReplay/distinct-closed/response-lost_workflow_id" completion_event_batch_id:6 task_queue:"TestWorkflowResetTestSuite/TestAnalysisExactResetReplay/distinct-closed/response-lost_task_queue" workflow_type_name:"test-workflow-arg" workflow_execution_timeout:{} workflow_run_timeout:{} default_workflow_task_timeout:{seconds:10} last_running_clock:1048653 last_first_event_id:6 start_time:{seconds:1788988181 nanos:62865279} last_update_time:{seconds:1788988181 nanos:95385936} workflow_task_scheduled_event_id:5 workflow_task_timeout:{seconds:10} workflow_task_attempt:1 workflow_task_started_time:{} workflow_task_scheduled_time:{seconds:1788988181 nanos:63236635} workflow_task_original_scheduled_time:{seconds:1788988181 nanos:63236544} workflow_task_request_id:"emptyUuid" workflow_task_type:WORKFLOW_TASK_TYPE_NORMAL workflow_task_attempts_since_last_success:1 attempt:1 auto_reset_points:{} version_histories:{histories:{branch_token:"\n$01a08801-4a0c-7cf1-a1d9-e5bf4e4131f7\x12$c1140a5d-597a-4b8d-84ce-3bac3f3ce0ee\x1a*\n$01a08801-4a0c-7d29-a22b-745ed06cad63\x10\x01\x18\x04" items:{event_id:6}}} first_execution_run_id:"01a08801-4a0c-7cf1-a1d9-e5bf4e4131f7" execution_stats:{history_size:1038} workflow_run_expiration_time:{seconds:-62135596800} last_first_event_txn_id:1048654 state_transition_count:3 execution_time:{seconds:1788988181 nanos:62865279} close_time:{seconds:1788988181 nanos:95256666} base_execution_info:{run_id:"01a08801-4a0c-7cf1-a1d9-e5bf4e4131f7" lowest_common_ancestor_event_id:3} transition_history:{transition_count:2} root_workflow_id:"TestWorkflowResetTestSuite/TestAnalysisExactResetReplay/distinct-closed/response-lost_workflow_id" root_run_id:"2c34875c-78eb-4e89-bb8c-9769c53f150f" task_generation_shard_clock_timestamp:1048647 workflow_task_last_update_versioned_transition:{transition_count:1} visibility_last_update_versioned_transition:{transition_count:2} sub_state_machine_tombstone_batches:{versioned_transition:{transition_count:1}} workflow_was_reset:true original_execution_run_id:"01a08801-4a0c-7cf1-a1d9-e5bf4e4131f7" last_workflow_task_failure_cause:WORKFLOW_TASK_FAILED_CAUSE_RESET_WORKFLOW} execution_state:{create_request_id:"6d031906-b043-4177-b9ef-0954cf64f6e6" run_id:"2c34875c-78eb-4e89-bb8c-9769c53f150f" state:WORKFLOW_EXECUTION_STATE_COMPLETED status:WORKFLOW_EXECUTION_STATUS_TERMINATED last_update_versioned_transition:{transition_count:2} start_time:{seconds:1788988181 nanos:62865279} request_ids:{key:"6d031906-b043-4177-b9ef-0954cf64f6e6" value:{event_type:EVENT_TYPE_WORKFLOW_EXECUTION_STARTED event_id:1}} first_execution_run_id:"01a08801-4a0c-7cf1-a1d9-e5bf4e4131f7"} next_event_id:7 base_after=execution_info:{namespace_id:"68e3696c-829c-42ee-9d30-39aa84d4c5c5" workflow_id:"TestWorkflowResetTestSuite/TestAnalysisExactResetReplay/distinct-closed/response-lost_workflow_id" completion_event_batch_id:10 task_queue:"TestWorkflowResetTestSuite/TestAnalysisExactResetReplay/distinct-closed/response-lost_task_queue" workflow_type_name:"test-workflow-arg" workflow_execution_timeout:{} workflow_run_timeout:{} default_workflow_task_timeout:{seconds:10} last_running_clock:1048604 last_first_event_id:10 last_completed_workflow_task_started_event_id:9 start_time:{seconds:1788988181 nanos:4848757} last_update_time:{seconds:1788988181 nanos:96035299} workflow_task_timeout:{} workflow_task_attempt:1 workflow_task_started_time:{} workflow_task_scheduled_time:{} workflow_task_original_scheduled_time:{seconds:1788988181 nanos:27604210} workflow_task_request_id:"emptyUuid" attempt:1 activity_count:1 auto_reset_points:{points:{run_id:"01a08801-4a0c-7cf1-a1d9-e5bf4e4131f7" first_workflow_task_completed_id:4 create_time:{seconds:1788988181 nanos:17008374} resettable:true}} search_attributes:{key:"BuildIds" value:{metadata:{key:"encoding" value:"json/plain"} metadata:{key:"type" value:"KeywordList"} data:"[\"unversioned\"]"}} version_histories:{histories:{branch_token:"\n$01a08801-4a0c-7cf1-a1d9-e5bf4e4131f7\x12$01a08801-4a0c-7d29-a22b-745ed06cad63" items:{event_id:11}}} first_execution_run_id:"01a08801-4a0c-7cf1-a1d9-e5bf4e4131f7" execution_stats:{history_size:1505} workflow_run_expiration_time:{seconds:-62135596800} last_first_event_txn_id:1048605 state_transition_count:9 execution_time:{seconds:1788988181 nanos:4848757} close_transfer_task_id:1048607 close_visibility_task_id:1048608 close_time:{seconds:1788988181 nanos:33802423} transition_history:{transition_count:9} root_workflow_id:"TestWorkflowResetTestSuite/TestAnalysisExactResetReplay/distinct-closed/response-lost_workflow_id" root_run_id:"01a08801-4a0c-7cf1-a1d9-e5bf4e4131f7" task_generation_shard_clock_timestamp:1048576 workflow_task_last_update_versioned_transition:{transition_count:7} visibility_last_update_versioned_transition:{transition_count:7} sub_state_machine_tombstone_batches:{versioned_transition:{transition_count:1}} sub_state_machine_tombstone_batches:{versioned_transition:{transition_count:5} state_machine_tombstones:{activity_scheduled_event_id:5}} reset_run_id:"b19c6c56-5595-4c2d-a6aa-d55170929563" original_execution_run_id:"01a08801-4a0c-7cf1-a1d9-e5bf4e4131f7"} execution_state:{create_request_id:"6d031906-b043-4177-b9ef-0954cf64f6e6" run_id:"01a08801-4a0c-7cf1-a1d9-e5bf4e4131f7" state:WORKFLOW_EXECUTION_STATE_COMPLETED status:WORKFLOW_EXECUTION_STATUS_COMPLETED last_update_versioned_transition:{transition_count:7} start_time:{seconds:1788988181 nanos:4848757} request_ids:{key:"6d031906-b043-4177-b9ef-0954cf64f6e6" value:{event_type:EVENT_TYPE_WORKFLOW_EXECUTION_STARTED event_id:1}} first_execution_run_id:"01a08801-4a0c-7cf1-a1d9-e5bf4e4131f7"} next_event_id:12 second_after=execution_info:{namespace_id:"68e3696c-829c-42ee-9d30-39aa84d4c5c5" workflow_id:"TestWorkflowResetTestSuite/TestAnalysisExactResetReplay/distinct-closed/response-lost_workflow_id" task_queue:"TestWorkflowResetTestSuite/TestAnalysisExactResetReplay/distinct-closed/response-lost_task_queue" workflow_type_name:"test-workflow-arg" workflow_execution_timeout:{} workflow_run_timeout:{} default_workflow_task_timeout:{seconds:10} last_running_clock:1048657 last_first_event_id:4 start_time:{seconds:1788988181 nanos:95527254} last_update_time:{seconds:1788988181 nanos:96022811} workflow_task_scheduled_event_id:5 workflow_task_timeout:{seconds:10} workflow_task_attempt:1 workflow_task_started_time:{} workflow_task_scheduled_time:{seconds:1788988181 nanos:95989752} workflow_task_original_scheduled_time:{seconds:1788988181 nanos:95989652} workflow_task_request_id:"emptyUuid" workflow_task_type:WORKFLOW_TASK_TYPE_NORMAL workflow_task_attempts_since_last_success:1 attempt:1 auto_reset_points:{} version_histories:{histories:{branch_token:"\n$01a08801-4a0c-7cf1-a1d9-e5bf4e4131f7\x12$981f4933-5e14-4173-bacf-8cee73734489\x1a*\n$01a08801-4a0c-7d29-a22b-745ed06cad63\x10\x01\x18\x04" items:{event_id:5}}} first_execution_run_id:"01a08801-4a0c-7cf1-a1d9-e5bf4e4131f7" execution_stats:{history_size:969} workflow_run_expiration_time:{seconds:-62135596800} last_first_event_txn_id:1048658 state_transition_count:2 execution_time:{seconds:1788988181 nanos:95527254} base_execution_info:{run_id:"01a08801-4a0c-7cf1-a1d9-e5bf4e4131f7" lowest_common_ancestor_event_id:3} transition_history:{transition_count:1} root_workflow_id:"TestWorkflowResetTestSuite/TestAnalysisExactResetReplay/distinct-closed/response-lost_workflow_id" root_run_id:"b19c6c56-5595-4c2d-a6aa-d55170929563" task_generation_shard_clock_timestamp:1048656 workflow_task_last_update_versioned_transition:{transition_count:1} sub_state_machine_tombstone_batches:{versioned_transition:{transition_count:1}} original_execution_run_id:"01a08801-4a0c-7cf1-a1d9-e5bf4e4131f7" last_workflow_task_failure_cause:WORKFLOW_TASK_FAILED_CAUSE_RESET_WORKFLOW} execution_state:{create_request_id:"6d031906-b043-4177-b9ef-0954cf64f6e6" run_id:"b19c6c56-5595-4c2d-a6aa-d55170929563" state:WORKFLOW_EXECUTION_STATE_RUNNING status:WORKFLOW_EXECUTION_STATUS_RUNNING start_time:{seconds:1788988181 nanos:95527254} request_ids:{key:"6d031906-b043-4177-b9ef-0954cf64f6e6" value:{event_type:EVENT_TYPE_WORKFLOW_EXECUTION_STARTED event_id:1}} first_execution_run_id:"01a08801-4a0c-7cf1-a1d9-e5bf4e4131f7"} next_event_id:6
    reset_identity_analysis_test.go:105: history_run=2c34875c-78eb-4e89-bb8c-9769c53f150f history=events:{event_id:1 event_time:{seconds:1788988181 nanos:4848757} event_type:EVENT_TYPE_WORKFLOW_EXECUTION_STARTED task_id:1048576 workflow_execution_started_event_attributes:{workflow_type:{name:"test-workflow-arg"} task_queue:{name:"TestWorkflowResetTestSuite/TestAnalysisExactResetReplay/distinct-closed/response-lost_task_queue" kind:TASK_QUEUE_KIND_NORMAL} workflow_execution_timeout:{} workflow_run_timeout:{} workflow_task_timeout:{seconds:10} original_execution_run_id:"01a08801-4a0c-7cf1-a1d9-e5bf4e4131f7" identity:"1834851@qiancheng-ubuntu24@" first_execution_run_id:"01a08801-4a0c-7cf1-a1d9-e5bf4e4131f7" attempt:1 first_workflow_task_backoff:{} header:{} workflow_id:"TestWorkflowResetTestSuite/TestAnalysisExactResetReplay/distinct-closed/response-lost_workflow_id"}} events:{event_id:2 event_time:{seconds:1788988181 nanos:4878551} event_type:EVENT_TYPE_WORKFLOW_TASK_SCHEDULED task_id:1048577 workflow_task_scheduled_event_attributes:{task_queue:{name:"TestWorkflowResetTestSuite/TestAnalysisExactResetReplay/distinct-closed/response-lost_task_queue" kind:TASK_QUEUE_KIND_NORMAL} start_to_close_timeout:{seconds:10} attempt:1}} events:{event_id:3 event_time:{seconds:1788988181 nanos:14633418} event_type:EVENT_TYPE_WORKFLOW_TASK_STARTED task_id:1048582 workflow_task_started_event_attributes:{scheduled_event_id:2 identity:"TestWorkflowResetTestSuite/TestAnalysisExactResetReplay/distinct-closed/response-lost_worker_identity" request_id:"2239e625-e144-44ca-87e6-4599be8077ce" history_size_bytes:507}} events:{event_id:4 event_time:{seconds:1788988181 nanos:63102197} event_type:EVENT_TYPE_WORKFLOW_TASK_FAILED task_id:1048647 workflow_task_failed_event_attributes:{scheduled_event_id:2 started_event_id:3 cause:WORKFLOW_TASK_FAILED_CAUSE_RESET_WORKFLOW failure:{message:"reset identity analysis" reset_workflow_failure_info:{}} identity:"history-service" base_run_id:"01a08801-4a0c-7cf1-a1d9-e5bf4e4131f7" new_run_id:"2c34875c-78eb-4e89-bb8c-9769c53f150f"}} events:{event_id:5 event_time:{seconds:1788988181 nanos:63236635} event_type:EVENT_TYPE_WORKFLOW_TASK_SCHEDULED task_id:1048648 workflow_task_scheduled_event_attributes:{task_queue:{name:"TestWorkflowResetTestSuite/TestAnalysisExactResetReplay/distinct-closed/response-lost_task_queue" kind:TASK_QUEUE_KIND_NORMAL} start_to_close_timeout:{seconds:10} attempt:1}} events:{event_id:6 event_time:{seconds:1788988181 nanos:95256666} event_type:EVENT_TYPE_WORKFLOW_EXECUTION_TERMINATED task_id:1048653 workflow_execution_terminated_event_attributes:{reason:"reset identity analysis" identity:"history-resetter"}}
    reset_identity_analysis_test.go:105: history_run=b19c6c56-5595-4c2d-a6aa-d55170929563 history=events:{event_id:1 event_time:{seconds:1788988181 nanos:4848757} event_type:EVENT_TYPE_WORKFLOW_EXECUTION_STARTED task_id:1048576 workflow_execution_started_event_attributes:{workflow_type:{name:"test-workflow-arg"} task_queue:{name:"TestWorkflowResetTestSuite/TestAnalysisExactResetReplay/distinct-closed/response-lost_task_queue" kind:TASK_QUEUE_KIND_NORMAL} workflow_execution_timeout:{} workflow_run_timeout:{} workflow_task_timeout:{seconds:10} original_execution_run_id:"01a08801-4a0c-7cf1-a1d9-e5bf4e4131f7" identity:"1834851@qiancheng-ubuntu24@" first_execution_run_id:"01a08801-4a0c-7cf1-a1d9-e5bf4e4131f7" attempt:1 first_workflow_task_backoff:{} header:{} workflow_id:"TestWorkflowResetTestSuite/TestAnalysisExactResetReplay/distinct-closed/response-lost_workflow_id"}} events:{event_id:2 event_time:{seconds:1788988181 nanos:4878551} event_type:EVENT_TYPE_WORKFLOW_TASK_SCHEDULED task_id:1048577 workflow_task_scheduled_event_attributes:{task_queue:{name:"TestWorkflowResetTestSuite/TestAnalysisExactResetReplay/distinct-closed/response-lost_task_queue" kind:TASK_QUEUE_KIND_NORMAL} start_to_close_timeout:{seconds:10} attempt:1}} events:{event_id:3 event_time:{seconds:1788988181 nanos:14633418} event_type:EVENT_TYPE_WORKFLOW_TASK_STARTED task_id:1048582 workflow_task_started_event_attributes:{scheduled_event_id:2 identity:"TestWorkflowResetTestSuite/TestAnalysisExactResetReplay/distinct-closed/response-lost_worker_identity" request_id:"2239e625-e144-44ca-87e6-4599be8077ce" history_size_bytes:507}} events:{event_id:4 event_time:{seconds:1788988181 nanos:95797130} event_type:EVENT_TYPE_WORKFLOW_TASK_FAILED task_id:1048656 workflow_task_failed_event_attributes:{scheduled_event_id:2 started_event_id:3 cause:WORKFLOW_TASK_FAILED_CAUSE_RESET_WORKFLOW failure:{message:"reset identity analysis" reset_workflow_failure_info:{}} identity:"history-service" base_run_id:"01a08801-4a0c-7cf1-a1d9-e5bf4e4131f7" new_run_id:"b19c6c56-5595-4c2d-a6aa-d55170929563"}} events:{event_id:5 event_time:{seconds:1788988181 nanos:95989752} event_type:EVENT_TYPE_WORKFLOW_TASK_SCHEDULED task_id:1048657 workflow_task_scheduled_event_attributes:{task_queue:{name:"TestWorkflowResetTestSuite/TestAnalysisExactResetReplay/distinct-closed/response-lost_task_queue" kind:TASK_QUEUE_KIND_NORMAL} start_to_close_timeout:{seconds:10} attempt:1}}
    reset_identity_analysis_test.go:107: 
        	Error Trace:	/home/ubuntu/temporal-investigation-20260909/restart-20260909-1600/source-reset/tests/reset_identity_analysis_test.go:107
        	            				/home/ubuntu/temporal-investigation-20260909/restart-20260909-1600/source-reset/common/testing/parallelsuite/suite.go:140
        	Error:      	Not equal: 
        	            	expected: "2c34875c-78eb-4e89-bb8c-9769c53f150f"
        	            	actual  : "b19c6c56-5595-4c2d-a6aa-d55170929563"
        	            	
        	            	Diff:
        	            	--- Expected
        	            	+++ Actual
        	            	@@ -1 +1 @@
        	            	-2c34875c-78eb-4e89-bb8c-9769c53f150f
        	            	+b19c6c56-5595-4c2d-a6aa-d55170929563
        	Test:       	TestWorkflowResetTestSuite/TestAnalysisExactResetReplay/distinct-closed/response-lost
        	Messages:   	identical immediately repeated Reset must return the original reset run
2026/09/09 21:09:41 CLUSTEREVENT {"kind":"shared","reason":"shared pool","suite":"TestWorkflowResetTestSuite","test":"TestWorkflowResetTestSuite/TestAnalysisExactResetReplay/distinct-closed/response-received","worker":false}
2026/09/09 21:09:41 CLUSTEREVENT {"kind":"shared","reason":"shared pool","suite":"TestWorkflowResetTestSuite","test":"TestWorkflowResetTestSuite/TestAnalysisExactResetReplay/same-running/response-lost","worker":false}
=== NAME  TestWorkflowResetTestSuite/TestAnalysisExactResetReplay/same-running/response-lost
    fault_injection.go:45: Fault injection fired: *workflowservice.ResetWorkflowExecutionRequest
    shared_cluster_t.go:72: 2026-09-09T21:09:41.172Z	error	service failures	{"operation": "ResetWorkflowExecution", "wf-namespace": "TestWorkflowResetTestSuite-TestAnalysisExactResetReplay-same-running-response-lost-97b0d9e7-4c3e-4a32-b7fb-4ad8778e959e", "grpc_code": "Unavailable", "wf-id": "TestWorkflowResetTestSuite/TestAnalysisExactResetReplay/same-running/response-lost_workflow_id", "wf-run-id": "01a08801-4aa4-7f18-bc4a-29e6132f2ad1", "error": "analysis: successful Reset response discarded", "logging-call-at": "/home/ubuntu/temporal-investigation-20260909/restart-20260909-1600/source-reset/common/rpc/interceptor/request_error_handler.go:96"}
        go.temporal.io/server/common/log.(*zapLogger).Error
        	/home/ubuntu/temporal-investigation-20260909/restart-20260909-1600/source-reset/common/log/zap_logger.go:191
        go.temporal.io/server/common/testing/testlogger.(*TestLogger).Error
        	/home/ubuntu/temporal-investigation-20260909/restart-20260909-1600/source-reset/common/testing/testlogger/testlogger.go:543
        go.temporal.io/server/common/rpc/interceptor.(*RequestErrorHandler).logError
        	/home/ubuntu/temporal-investigation-20260909/restart-20260909-1600/source-reset/common/rpc/interceptor/request_error_handler.go:96
        go.temporal.io/server/common/rpc/interceptor.(*RequestErrorHandler).HandleError
        	/home/ubuntu/temporal-investigation-20260909/restart-20260909-1600/source-reset/common/rpc/interceptor/request_error_handler.go:72
        go.temporal.io/server/common/rpc/interceptor.(*TelemetryInterceptor).UnaryIntercept
        	/home/ubuntu/temporal-investigation-20260909/restart-20260909-1600/source-reset/common/rpc/interceptor/telemetry.go:194
        google.golang.org/grpc.getChainUnaryHandler.1
        	/home/ubuntu/go/pkg/mod/google.golang.org/grpc@v1.82.1/server.go:1256
        go.temporal.io/server/common/rpc/interceptor.(*Redirection).handleRedirectAPIInvocation.func2
        	/home/ubuntu/temporal-investigation-20260909/restart-20260909-1600/source-reset/common/rpc/interceptor/redirection.go:318
        go.temporal.io/server/common/rpc/interceptor.(*NoopRedirectionPolicy).WithNamespaceRedirect
        	/home/ubuntu/temporal-investigation-20260909/restart-20260909-1600/source-reset/common/rpc/interceptor/dc_redirection_policy.go:124
        go.temporal.io/server/common/rpc/interceptor.(*Redirection).handleRedirectAPIInvocation
        	/home/ubuntu/temporal-investigation-20260909/restart-20260909-1600/source-reset/common/rpc/interceptor/redirection.go:315
        go.temporal.io/server/common/rpc/interceptor.(*Redirection).Intercept
        	/home/ubuntu/temporal-investigation-20260909/restart-20260909-1600/source-reset/common/rpc/interceptor/redirection.go:275
        google.golang.org/grpc.getChainUnaryHandler.func1
        	/home/ubuntu/go/pkg/mod/google.golang.org/grpc@v1.82.1/server.go:1256
        go.temporal.io/server/common/rpc/interceptor.(*NamespaceHandoverInterceptor).Intercept
        	/home/ubuntu/temporal-investigation-20260909/restart-20260909-1600/source-reset/common/rpc/interceptor/namespace_handover.go:141
        google.golang.org/grpc.getChainUnaryHandler.1
        	/home/ubuntu/go/pkg/mod/google.golang.org/grpc@v1.82.1/server.go:1256
        go.temporal.io/server/common/authorization.(*Interceptor).Intercept
        	/home/ubuntu/temporal-investigation-20260909/restart-20260909-1600/source-reset/common/authorization/interceptor.go:184
        google.golang.org/grpc.getChainUnaryHandler.func1
        	/home/ubuntu/go/pkg/mod/google.golang.org/grpc@v1.82.1/server.go:1256
        go.temporal.io/server/common/metrics.NewServerMetricsContextInjectorInterceptor.func1
        	/home/ubuntu/temporal-investigation-20260909/restart-20260909-1600/source-reset/common/metrics/grpc.go:42
        google.golang.org/grpc.getChainUnaryHandler.1
        	/home/ubuntu/go/pkg/mod/google.golang.org/grpc@v1.82.1/server.go:1256
        go.temporal.io/server/common/rpc/interceptor.(*NamespaceLogInterceptor).Intercept
        	/home/ubuntu/temporal-investigation-20260909/restart-20260909-1600/source-reset/common/rpc/interceptor/namespace_logger.go:60
        google.golang.org/grpc.getChainUnaryHandler.func1
        	/home/ubuntu/go/pkg/mod/google.golang.org/grpc@v1.82.1/server.go:1256
        go.temporal.io/server/common/rpc/interceptor.(*NamespaceValidatorInterceptor).NamespaceValidateIntercept
        	/home/ubuntu/temporal-investigation-20260909/restart-20260909-1600/source-reset/common/rpc/interceptor/namespace_validator.go:128
        google.golang.org/grpc.getChainUnaryHandler.1
        	/home/ubuntu/go/pkg/mod/google.golang.org/grpc@v1.82.1/server.go:1256
        go.temporal.io/server/common/rpc/interceptor.(*RoutingKeyInterceptor).Intercept
        	/home/ubuntu/temporal-investigation-20260909/restart-20260909-1600/source-reset/common/rpc/interceptor/routing_key_interceptor.go:121
        google.golang.org/grpc.getChainUnaryHandler.func1
        	/home/ubuntu/go/pkg/mod/google.golang.org/grpc@v1.82.1/server.go:1256
        go.temporal.io/server/common/rpc/interceptor.NewFrontendServiceErrorInterceptor.func1
        	/home/ubuntu/temporal-investigation-20260909/restart-20260909-1600/source-reset/common/rpc/interceptor/frontend_service_error.go:35
        google.golang.org/grpc.getChainUnaryHandler.1
        	/home/ubuntu/go/pkg/mod/google.golang.org/grpc@v1.82.1/server.go:1256
        go.temporal.io/server/common/rpc/interceptor.(*ServiceErrorInterceptor).capturePanicHandler
        	/home/ubuntu/temporal-investigation-20260909/restart-20260909-1600/source-reset/common/rpc/interceptor/service_error_interceptor.go:72
        go.temporal.io/server/common/rpc/interceptor.(*ServiceErrorInterceptor).Intercept
        	/home/ubuntu/temporal-investigation-20260909/restart-20260909-1600/source-reset/common/rpc/interceptor/service_error_interceptor.go:45
        google.golang.org/grpc.getChainUnaryHandler.func1
        	/home/ubuntu/go/pkg/mod/google.golang.org/grpc@v1.82.1/server.go:1256
        go.temporal.io/server/common/rpc/interceptor.(*MaskInternalErrorDetailsInterceptor).Intercept
        	/home/ubuntu/temporal-investigation-20260909/restart-20260909-1600/source-reset/common/rpc/interceptor/mask_internal_error.go:51
        google.golang.org/grpc.chainUnaryInterceptors.func1
        	/home/ubuntu/go/pkg/mod/google.golang.org/grpc@v1.82.1/server.go:1247
        go.temporal.io/api/workflowservice/v1._WorkflowService_ResetWorkflowExecution_Handler
        	/home/ubuntu/go/pkg/mod/go.temporal.io/api@v1.63.5/workflowservice/v1/service_grpc.pb.go:3727
        google.golang.org/grpc.(*Server).processUnaryRPC
        	/home/ubuntu/go/pkg/mod/google.golang.org/grpc@v1.82.1/server.go:1443
        google.golang.org/grpc.(*Server).handleStream
        	/home/ubuntu/go/pkg/mod/google.golang.org/grpc@v1.82.1/server.go:1858
        google.golang.org/grpc.(*Server).serveStreams.func2.1
        	/home/ubuntu/go/pkg/mod/google.golang.org/grpc@v1.82.1/server.go:1078
    reset_identity_analysis_test.go:80: response_loss=verified observed_error=analysis: successful Reset response discarded
    reset_identity_analysis_test.go:93: mode=same-running reset_request_id=95de5fda-b5d5-42d9-8495-21b9af636326 original_start_id=3278791f-ef53-4e87-9d73-554e096f0efb first=4f54712c-0076-47c1-8584-9cb91c38c45d second=f5ac5587-ffc8-4720-8a59-7e3f041db36b current=f5ac5587-ffc8-4720-8a59-7e3f041db36b
    reset_identity_analysis_test.go:94: first_before=execution_info:{namespace_id:"e91eca0a-610e-490f-929a-e09a9ffd3dfe" workflow_id:"TestWorkflowResetTestSuite/TestAnalysisExactResetReplay/same-running/response-lost_workflow_id" task_queue:"TestWorkflowResetTestSuite/TestAnalysisExactResetReplay/same-running/response-lost_task_queue" workflow_type_name:"test-workflow-arg" workflow_execution_timeout:{} workflow_run_timeout:{} default_workflow_task_timeout:{seconds:10} last_running_clock:1048595 last_first_event_id:4 start_time:{seconds:1788988181 nanos:171218683} last_update_time:{seconds:1788988181 nanos:171566103} workflow_task_scheduled_event_id:5 workflow_task_timeout:{seconds:10} workflow_task_attempt:1 workflow_task_started_time:{} workflow_task_scheduled_time:{seconds:1788988181 nanos:171542068} workflow_task_original_scheduled_time:{seconds:1788988181 nanos:171541978} workflow_task_request_id:"emptyUuid" workflow_task_type:WORKFLOW_TASK_TYPE_NORMAL workflow_task_attempts_since_last_success:1 attempt:1 auto_reset_points:{} version_histories:{histories:{branch_token:"\n$01a08801-4aa4-7f18-bc4a-29e6132f2ad1\x12$cd0b904e-531a-4705-aec6-3400e964d0b7\x1a*\n$01a08801-4aa5-7019-bdd2-4935b22081c9\x10\x01\x18\x04" items:{event_id:5}}} first_execution_run_id:"01a08801-4aa4-7f18-bc4a-29e6132f2ad1" execution_stats:{history_size:954} workflow_run_expiration_time:{seconds:-62135596800} last_first_event_txn_id:1048596 state_transition_count:2 execution_time:{seconds:1788988181 nanos:171218683} base_execution_info:{run_id:"01a08801-4aa4-7f18-bc4a-29e6132f2ad1" lowest_common_ancestor_event_id:3} transition_history:{transition_count:1} root_workflow_id:"TestWorkflowResetTestSuite/TestAnalysisExactResetReplay/same-running/response-lost_workflow_id" root_run_id:"4f54712c-0076-47c1-8584-9cb91c38c45d" task_generation_shard_clock_timestamp:1048594 workflow_task_last_update_versioned_transition:{transition_count:1} sub_state_machine_tombstone_batches:{versioned_transition:{transition_count:1}} original_execution_run_id:"01a08801-4aa4-7f18-bc4a-29e6132f2ad1" last_workflow_task_failure_cause:WORKFLOW_TASK_FAILED_CAUSE_RESET_WORKFLOW} execution_state:{create_request_id:"3278791f-ef53-4e87-9d73-554e096f0efb" run_id:"4f54712c-0076-47c1-8584-9cb91c38c45d" state:WORKFLOW_EXECUTION_STATE_RUNNING status:WORKFLOW_EXECUTION_STATUS_RUNNING start_time:{seconds:1788988181 nanos:171218683} request_ids:{key:"3278791f-ef53-4e87-9d73-554e096f0efb" value:{event_type:EVENT_TYPE_WORKFLOW_EXECUTION_STARTED event_id:1}} first_execution_run_id:"01a08801-4aa4-7f18-bc4a-29e6132f2ad1"} next_event_id:6 first_after=execution_info:{namespace_id:"e91eca0a-610e-490f-929a-e09a9ffd3dfe" workflow_id:"TestWorkflowResetTestSuite/TestAnalysisExactResetReplay/same-running/response-lost_workflow_id" completion_event_batch_id:6 task_queue:"TestWorkflowResetTestSuite/TestAnalysisExactResetReplay/same-running/response-lost_task_queue" workflow_type_name:"test-workflow-arg" workflow_execution_timeout:{} workflow_run_timeout:{} default_workflow_task_timeout:{seconds:10} last_running_clock:1048603 last_first_event_id:6 start_time:{seconds:1788988181 nanos:171218683} last_update_time:{seconds:1788988181 nanos:178889988} workflow_task_scheduled_event_id:5 workflow_task_timeout:{seconds:10} workflow_task_attempt:1 workflow_task_started_time:{} workflow_task_scheduled_time:{seconds:1788988181 nanos:171542068} workflow_task_original_scheduled_time:{seconds:1788988181 nanos:171541978} workflow_task_request_id:"emptyUuid" workflow_task_type:WORKFLOW_TASK_TYPE_NORMAL workflow_task_attempts_since_last_success:1 attempt:1 auto_reset_points:{} version_histories:{histories:{branch_token:"\n$01a08801-4aa4-7f18-bc4a-29e6132f2ad1\x12$cd0b904e-531a-4705-aec6-3400e964d0b7\x1a*\n$01a08801-4aa5-7019-bdd2-4935b22081c9\x10\x01\x18\x04" items:{event_id:6}}} first_execution_run_id:"01a08801-4aa4-7f18-bc4a-29e6132f2ad1" execution_stats:{history_size:1023} workflow_run_expiration_time:{seconds:-62135596800} last_first_event_txn_id:1048604 state_transition_count:3 execution_time:{seconds:1788988181 nanos:171218683} close_time:{seconds:1788988181 nanos:178811292} base_execution_info:{run_id:"01a08801-4aa4-7f18-bc4a-29e6132f2ad1" lowest_common_ancestor_event_id:3} transition_history:{transition_count:2} root_workflow_id:"TestWorkflowResetTestSuite/TestAnalysisExactResetReplay/same-running/response-lost_workflow_id" root_run_id:"4f54712c-0076-47c1-8584-9cb91c38c45d" task_generation_shard_clock_timestamp:1048594 workflow_task_last_update_versioned_transition:{transition_count:1} visibility_last_update_versioned_transition:{transition_count:2} sub_state_machine_tombstone_batches:{versioned_transition:{transition_count:1}} workflow_was_reset:true original_execution_run_id:"01a08801-4aa4-7f18-bc4a-29e6132f2ad1" last_workflow_task_failure_cause:WORKFLOW_TASK_FAILED_CAUSE_RESET_WORKFLOW} execution_state:{create_request_id:"3278791f-ef53-4e87-9d73-554e096f0efb" run_id:"4f54712c-0076-47c1-8584-9cb91c38c45d" state:WORKFLOW_EXECUTION_STATE_COMPLETED status:WORKFLOW_EXECUTION_STATUS_TERMINATED last_update_versioned_transition:{transition_count:2} start_time:{seconds:1788988181 nanos:171218683} request_ids:{key:"3278791f-ef53-4e87-9d73-554e096f0efb" value:{event_type:EVENT_TYPE_WORKFLOW_EXECUTION_STARTED event_id:1}} first_execution_run_id:"01a08801-4aa4-7f18-bc4a-29e6132f2ad1"} next_event_id:7 base_after=activity_infos:{key:5 value:{scheduled_event_batch_id:4 scheduled_time:{seconds:1788988181 nanos:164256344} activity_id:"test-activity-id" schedule_to_start_timeout:{} schedule_to_close_timeout:{} start_to_close_timeout:{seconds:10} heartbeat_timeout:{} attempt:1 task_queue:"TestWorkflowResetTestSuite/TestAnalysisExactResetReplay/same-running/response-lost_task_queue" has_retry_policy:true retry_initial_interval:{seconds:1} retry_maximum_interval:{seconds:100} retry_backoff_coefficient:2 scheduled_event_id:5 activity_type:{name:"test-activity-name"} last_update_versioned_transition:{transition_count:3} first_scheduled_time:{seconds:1788988181 nanos:164256344}}} execution_info:{namespace_id:"e91eca0a-610e-490f-929a-e09a9ffd3dfe" workflow_id:"TestWorkflowResetTestSuite/TestAnalysisExactResetReplay/same-running/response-lost_workflow_id" completion_event_batch_id:6 task_queue:"TestWorkflowResetTestSuite/TestAnalysisExactResetReplay/same-running/response-lost_task_queue" workflow_type_name:"test-workflow-arg" workflow_execution_timeout:{} workflow_run_timeout:{} default_workflow_task_timeout:{seconds:10} last_running_clock:1048591 last_first_event_id:6 last_completed_workflow_task_started_event_id:3 start_time:{seconds:1788988181 nanos:156989869} last_update_time:{seconds:1788988181 nanos:179341570} workflow_task_timeout:{} workflow_task_attempt:1 workflow_task_started_time:{} workflow_task_scheduled_time:{} workflow_task_original_scheduled_time:{seconds:1788988181 nanos:157026032} workflow_task_request_id:"emptyUuid" attempt:1 activity_count:1 auto_reset_points:{points:{run_id:"01a08801-4aa4-7f18-bc4a-29e6132f2ad1" first_workflow_task_completed_id:4 create_time:{seconds:1788988181 nanos:164228383} resettable:true}} search_attributes:{key:"BuildIds" value:{metadata:{key:"encoding" value:"json/plain"} metadata:{key:"type" value:"KeywordList"} data:"[\"unversioned\"]"}} version_histories:{histories:{branch_token:"\n$01a08801-4aa4-7f18-bc4a-29e6132f2ad1\x12$01a08801-4aa5-7019-bdd2-4935b22081c9" items:{event_id:6}}} first_execution_run_id:"01a08801-4aa4-7f18-bc4a-29e6132f2ad1" execution_stats:{history_size:993} workflow_run_expiration_time:{seconds:-62135596800} last_first_event_txn_id:1048592 state_transition_count:5 execution_time:{seconds:1788988181 nanos:156989869} close_transfer_task_id:1048598 close_visibility_task_id:1048599 close_time:{seconds:1788988181 nanos:171037648} transition_history:{transition_count:5} root_workflow_id:"TestWorkflowResetTestSuite/TestAnalysisExactResetReplay/same-running/response-lost_workflow_id" root_run_id:"01a08801-4aa4-7f18-bc4a-29e6132f2ad1" task_generation_shard_clock_timestamp:1048576 workflow_task_last_update_versioned_transition:{transition_count:3} visibility_last_update_versioned_transition:{transition_count:4} sub_state_machine_tombstone_batches:{versioned_transition:{transition_count:1}} workflow_was_reset:true reset_run_id:"f5ac5587-ffc8-4720-8a59-7e3f041db36b" original_execution_run_id:"01a08801-4aa4-7f18-bc4a-29e6132f2ad1"} execution_state:{create_request_id:"3278791f-ef53-4e87-9d73-554e096f0efb" run_id:"01a08801-4aa4-7f18-bc4a-29e6132f2ad1" state:WORKFLOW_EXECUTION_STATE_COMPLETED status:WORKFLOW_EXECUTION_STATUS_TERMINATED last_update_versioned_transition:{transition_count:4} start_time:{seconds:1788988181 nanos:156989869} request_ids:{key:"3278791f-ef53-4e87-9d73-554e096f0efb" value:{event_type:EVENT_TYPE_WORKFLOW_EXECUTION_STARTED event_id:1}} first_execution_run_id:"01a08801-4aa4-7f18-bc4a-29e6132f2ad1"} next_event_id:7 second_after=execution_info:{namespace_id:"e91eca0a-610e-490f-929a-e09a9ffd3dfe" workflow_id:"TestWorkflowResetTestSuite/TestAnalysisExactResetReplay/same-running/response-lost_workflow_id" task_queue:"TestWorkflowResetTestSuite/TestAnalysisExactResetReplay/same-running/response-lost_task_queue" workflow_type_name:"test-workflow-arg" workflow_execution_timeout:{} workflow_run_timeout:{} default_workflow_task_timeout:{seconds:10} last_running_clock:1048607 last_first_event_id:4 start_time:{seconds:1788988181 nanos:179000169} last_update_time:{seconds:1788988181 nanos:179331496} workflow_task_scheduled_event_id:5 workflow_task_timeout:{seconds:10} workflow_task_attempt:1 workflow_task_started_time:{} workflow_task_scheduled_time:{seconds:1788988181 nanos:179309924} workflow_task_original_scheduled_time:{seconds:1788988181 nanos:179309834} workflow_task_request_id:"emptyUuid" workflow_task_type:WORKFLOW_TASK_TYPE_NORMAL workflow_task_attempts_since_last_success:1 attempt:1 auto_reset_points:{} version_histories:{histories:{branch_token:"\n$01a08801-4aa4-7f18-bc4a-29e6132f2ad1\x12$4c5f2616-c564-4f62-a7b1-71f092185d12\x1a*\n$01a08801-4aa5-7019-bdd2-4935b22081c9\x10\x01\x18\x04" items:{event_id:5}}} first_execution_run_id:"01a08801-4aa4-7f18-bc4a-29e6132f2ad1" execution_stats:{history_size:954} workflow_run_expiration_time:{seconds:-62135596800} last_first_event_txn_id:1048608 state_transition_count:2 execution_time:{seconds:1788988181 nanos:179000169} base_execution_info:{run_id:"01a08801-4aa4-7f18-bc4a-29e6132f2ad1" lowest_common_ancestor_event_id:3} transition_history:{transition_count:1} root_workflow_id:"TestWorkflowResetTestSuite/TestAnalysisExactResetReplay/same-running/response-lost_workflow_id" root_run_id:"f5ac5587-ffc8-4720-8a59-7e3f041db36b" task_generation_shard_clock_timestamp:1048606 workflow_task_last_update_versioned_transition:{transition_count:1} sub_state_machine_tombstone_batches:{versioned_transition:{transition_count:1}} original_execution_run_id:"01a08801-4aa4-7f18-bc4a-29e6132f2ad1" last_workflow_task_failure_cause:WORKFLOW_TASK_FAILED_CAUSE_RESET_WORKFLOW} execution_state:{create_request_id:"3278791f-ef53-4e87-9d73-554e096f0efb" run_id:"f5ac5587-ffc8-4720-8a59-7e3f041db36b" state:WORKFLOW_EXECUTION_STATE_RUNNING status:WORKFLOW_EXECUTION_STATUS_RUNNING start_time:{seconds:1788988181 nanos:179000169} request_ids:{key:"3278791f-ef53-4e87-9d73-554e096f0efb" value:{event_type:EVENT_TYPE_WORKFLOW_EXECUTION_STARTED event_id:1}} first_execution_run_id:"01a08801-4aa4-7f18-bc4a-29e6132f2ad1"} next_event_id:6
    reset_identity_analysis_test.go:105: history_run=4f54712c-0076-47c1-8584-9cb91c38c45d history=events:{event_id:1 event_time:{seconds:1788988181 nanos:156989869} event_type:EVENT_TYPE_WORKFLOW_EXECUTION_STARTED task_id:1048576 workflow_execution_started_event_attributes:{workflow_type:{name:"test-workflow-arg"} task_queue:{name:"TestWorkflowResetTestSuite/TestAnalysisExactResetReplay/same-running/response-lost_task_queue" kind:TASK_QUEUE_KIND_NORMAL} workflow_execution_timeout:{} workflow_run_timeout:{} workflow_task_timeout:{seconds:10} original_execution_run_id:"01a08801-4aa4-7f18-bc4a-29e6132f2ad1" identity:"1834851@qiancheng-ubuntu24@" first_execution_run_id:"01a08801-4aa4-7f18-bc4a-29e6132f2ad1" attempt:1 first_workflow_task_backoff:{} header:{} workflow_id:"TestWorkflowResetTestSuite/TestAnalysisExactResetReplay/same-running/response-lost_workflow_id"}} events:{event_id:2 event_time:{seconds:1788988181 nanos:157026393} event_type:EVENT_TYPE_WORKFLOW_TASK_SCHEDULED task_id:1048577 workflow_task_scheduled_event_attributes:{task_queue:{name:"TestWorkflowResetTestSuite/TestAnalysisExactResetReplay/same-running/response-lost_task_queue" kind:TASK_QUEUE_KIND_NORMAL} start_to_close_timeout:{seconds:10} attempt:1}} events:{event_id:3 event_time:{seconds:1788988181 nanos:162858633} event_type:EVENT_TYPE_WORKFLOW_TASK_STARTED task_id:1048582 workflow_task_started_event_attributes:{scheduled_event_id:2 identity:"TestWorkflowResetTestSuite/TestAnalysisExactResetReplay/same-running/response-lost_worker_identity" request_id:"a2fda9ab-4e05-4156-9f60-baeac0a08dbb" history_size_bytes:498}} events:{event_id:4 event_time:{seconds:1788988181 nanos:171407791} event_type:EVENT_TYPE_WORKFLOW_TASK_FAILED task_id:1048594 workflow_task_failed_event_attributes:{scheduled_event_id:2 started_event_id:3 cause:WORKFLOW_TASK_FAILED_CAUSE_RESET_WORKFLOW failure:{message:"reset identity analysis" reset_workflow_failure_info:{}} identity:"history-service" base_run_id:"01a08801-4aa4-7f18-bc4a-29e6132f2ad1" new_run_id:"4f54712c-0076-47c1-8584-9cb91c38c45d"}} events:{event_id:5 event_time:{seconds:1788988181 nanos:171542068} event_type:EVENT_TYPE_WORKFLOW_TASK_SCHEDULED task_id:1048595 workflow_task_scheduled_event_attributes:{task_queue:{name:"TestWorkflowResetTestSuite/TestAnalysisExactResetReplay/same-running/response-lost_task_queue" kind:TASK_QUEUE_KIND_NORMAL} start_to_close_timeout:{seconds:10} attempt:1}} events:{event_id:6 event_time:{seconds:1788988181 nanos:178811292} event_type:EVENT_TYPE_WORKFLOW_EXECUTION_TERMINATED task_id:1048603 workflow_execution_terminated_event_attributes:{reason:"reset identity analysis" identity:"history-resetter"}}
    reset_identity_analysis_test.go:105: history_run=f5ac5587-ffc8-4720-8a59-7e3f041db36b history=events:{event_id:1 event_time:{seconds:1788988181 nanos:156989869} event_type:EVENT_TYPE_WORKFLOW_EXECUTION_STARTED task_id:1048576 workflow_execution_started_event_attributes:{workflow_type:{name:"test-workflow-arg"} task_queue:{name:"TestWorkflowResetTestSuite/TestAnalysisExactResetReplay/same-running/response-lost_task_queue" kind:TASK_QUEUE_KIND_NORMAL} workflow_execution_timeout:{} workflow_run_timeout:{} workflow_task_timeout:{seconds:10} original_execution_run_id:"01a08801-4aa4-7f18-bc4a-29e6132f2ad1" identity:"1834851@qiancheng-ubuntu24@" first_execution_run_id:"01a08801-4aa4-7f18-bc4a-29e6132f2ad1" attempt:1 first_workflow_task_backoff:{} header:{} workflow_id:"TestWorkflowResetTestSuite/TestAnalysisExactResetReplay/same-running/response-lost_workflow_id"}} events:{event_id:2 event_time:{seconds:1788988181 nanos:157026393} event_type:EVENT_TYPE_WORKFLOW_TASK_SCHEDULED task_id:1048577 workflow_task_scheduled_event_attributes:{task_queue:{name:"TestWorkflowResetTestSuite/TestAnalysisExactResetReplay/same-running/response-lost_task_queue" kind:TASK_QUEUE_KIND_NORMAL} start_to_close_timeout:{seconds:10} attempt:1}} events:{event_id:3 event_time:{seconds:1788988181 nanos:162858633} event_type:EVENT_TYPE_WORKFLOW_TASK_STARTED task_id:1048582 workflow_task_started_event_attributes:{scheduled_event_id:2 identity:"TestWorkflowResetTestSuite/TestAnalysisExactResetReplay/same-running/response-lost_worker_identity" request_id:"a2fda9ab-4e05-4156-9f60-baeac0a08dbb" history_size_bytes:498}} events:{event_id:4 event_time:{seconds:1788988181 nanos:179186473} event_type:EVENT_TYPE_WORKFLOW_TASK_FAILED task_id:1048606 workflow_task_failed_event_attributes:{scheduled_event_id:2 started_event_id:3 cause:WORKFLOW_TASK_FAILED_CAUSE_RESET_WORKFLOW failure:{message:"reset identity analysis" reset_workflow_failure_info:{}} identity:"history-service" base_run_id:"01a08801-4aa4-7f18-bc4a-29e6132f2ad1" new_run_id:"f5ac5587-ffc8-4720-8a59-7e3f041db36b"}} events:{event_id:5 event_time:{seconds:1788988181 nanos:179309924} event_type:EVENT_TYPE_WORKFLOW_TASK_SCHEDULED task_id:1048607 workflow_task_scheduled_event_attributes:{task_queue:{name:"TestWorkflowResetTestSuite/TestAnalysisExactResetReplay/same-running/response-lost_task_queue" kind:TASK_QUEUE_KIND_NORMAL} start_to_close_timeout:{seconds:10} attempt:1}}
    reset_identity_analysis_test.go:107: 
        	Error Trace:	/home/ubuntu/temporal-investigation-20260909/restart-20260909-1600/source-reset/tests/reset_identity_analysis_test.go:107
        	            				/home/ubuntu/temporal-investigation-20260909/restart-20260909-1600/source-reset/common/testing/parallelsuite/suite.go:140
        	Error:      	Not equal: 
        	            	expected: "4f54712c-0076-47c1-8584-9cb91c38c45d"
        	            	actual  : "f5ac5587-ffc8-4720-8a59-7e3f041db36b"
        	            	
        	            	Diff:
        	            	--- Expected
        	            	+++ Actual
        	            	@@ -1 +1 @@
        	            	-4f54712c-0076-47c1-8584-9cb91c38c45d
        	            	+f5ac5587-ffc8-4720-8a59-7e3f041db36b
        	Test:       	TestWorkflowResetTestSuite/TestAnalysisExactResetReplay/same-running/response-lost
        	Messages:   	identical immediately repeated Reset must return the original reset run
=== NAME  TestWorkflowResetTestSuite/TestAnalysisExactResetReplay/distinct-closed/response-received
    reset_identity_analysis_test.go:93: mode=distinct-closed reset_request_id=084d1613-b3b8-46fc-b33c-ffc4dd818720 original_start_id=cc5c06fb-ee81-498b-8b44-1207e7e1eaad first=37f29ce5-4350-4d15-9cbd-47f3386b0774 second=76c97381-9e7b-4f93-8f6a-6f6c6c25410d current=76c97381-9e7b-4f93-8f6a-6f6c6c25410d
    reset_identity_analysis_test.go:94: first_before=execution_info:{namespace_id:"3da1271e-755a-41c8-8df7-da95d960099b" workflow_id:"TestWorkflowResetTestSuite/TestAnalysisExactResetReplay/distinct-closed/response-received_workflow_id" task_queue:"TestWorkflowResetTestSuite/TestAnalysisExactResetReplay/distinct-closed/response-received_task_queue" workflow_type_name:"test-workflow-arg" workflow_execution_timeout:{} workflow_run_timeout:{} default_workflow_task_timeout:{seconds:10} last_running_clock:1048648 last_first_event_id:4 start_time:{seconds:1788988181 nanos:177353813} last_update_time:{seconds:1788988181 nanos:177856065} workflow_task_scheduled_event_id:5 workflow_task_timeout:{seconds:10} workflow_task_attempt:1 workflow_task_started_time:{} workflow_task_scheduled_time:{seconds:1788988181 nanos:177829706} workflow_task_original_scheduled_time:{seconds:1788988181 nanos:177829606} workflow_task_request_id:"emptyUuid" workflow_task_type:WORKFLOW_TASK_TYPE_NORMAL workflow_task_attempts_since_last_success:1 attempt:1 auto_reset_points:{} version_histories:{histories:{branch_token:"\n$01a08801-4a8e-7978-b4d9-51f3d45f571a\x12$8651de21-ab48-4599-814f-9e02f6a8de8d\x1a*\n$01a08801-4a8e-79b4-9c35-cc085cc2e6d8\x10\x01\x18\x04" items:{event_id:5}}} first_execution_run_id:"01a08801-4a8e-7978-b4d9-51f3d45f571a" execution_stats:{history_size:989} workflow_run_expiration_time:{seconds:-62135596800} last_first_event_txn_id:1048649 state_transition_count:2 execution_time:{seconds:1788988181 nanos:177353813} base_execution_info:{run_id:"01a08801-4a8e-7978-b4d9-51f3d45f571a" lowest_common_ancestor_event_id:3} transition_history:{transition_count:1} root_workflow_id:"TestWorkflowResetTestSuite/TestAnalysisExactResetReplay/distinct-closed/response-received_workflow_id" root_run_id:"37f29ce5-4350-4d15-9cbd-47f3386b0774" task_generation_shard_clock_timestamp:1048647 workflow_task_last_update_versioned_transition:{transition_count:1} sub_state_machine_tombstone_batches:{versioned_transition:{transition_count:1}} original_execution_run_id:"01a08801-4a8e-7978-b4d9-51f3d45f571a" last_workflow_task_failure_cause:WORKFLOW_TASK_FAILED_CAUSE_RESET_WORKFLOW} execution_state:{create_request_id:"cc5c06fb-ee81-498b-8b44-1207e7e1eaad" run_id:"37f29ce5-4350-4d15-9cbd-47f3386b0774" state:WORKFLOW_EXECUTION_STATE_RUNNING status:WORKFLOW_EXECUTION_STATUS_RUNNING start_time:{seconds:1788988181 nanos:177353813} request_ids:{key:"cc5c06fb-ee81-498b-8b44-1207e7e1eaad" value:{event_type:EVENT_TYPE_WORKFLOW_EXECUTION_STARTED event_id:1}} first_execution_run_id:"01a08801-4a8e-7978-b4d9-51f3d45f571a"} next_event_id:6 first_after=execution_info:{namespace_id:"3da1271e-755a-41c8-8df7-da95d960099b" workflow_id:"TestWorkflowResetTestSuite/TestAnalysisExactResetReplay/distinct-closed/response-received_workflow_id" completion_event_batch_id:6 task_queue:"TestWorkflowResetTestSuite/TestAnalysisExactResetReplay/distinct-closed/response-received_task_queue" workflow_type_name:"test-workflow-arg" workflow_execution_timeout:{} workflow_run_timeout:{} default_workflow_task_timeout:{seconds:10} last_running_clock:1048653 last_first_event_id:6 start_time:{seconds:1788988181 nanos:177353813} last_update_time:{seconds:1788988181 nanos:201774260} workflow_task_scheduled_event_id:5 workflow_task_timeout:{seconds:10} workflow_task_attempt:1 workflow_task_started_time:{} workflow_task_scheduled_time:{seconds:1788988181 nanos:177829706} workflow_task_original_scheduled_time:{seconds:1788988181 nanos:177829606} workflow_task_request_id:"emptyUuid" workflow_task_type:WORKFLOW_TASK_TYPE_NORMAL workflow_task_attempts_since_last_success:1 attempt:1 auto_reset_points:{} version_histories:{histories:{branch_token:"\n$01a08801-4a8e-7978-b4d9-51f3d45f571a\x12$8651de21-ab48-4599-814f-9e02f6a8de8d\x1a*\n$01a08801-4a8e-79b4-9c35-cc085cc2e6d8\x10\x01\x18\x04" items:{event_id:6}}} first_execution_run_id:"01a08801-4a8e-7978-b4d9-51f3d45f571a" execution_stats:{history_size:1058} workflow_run_expiration_time:{seconds:-62135596800} last_first_event_txn_id:1048654 state_transition_count:3 execution_time:{seconds:1788988181 nanos:177353813} close_time:{seconds:1788988181 nanos:201677188} base_execution_info:{run_id:"01a08801-4a8e-7978-b4d9-51f3d45f571a" lowest_common_ancestor_event_id:3} transition_history:{transition_count:2} root_workflow_id:"TestWorkflowResetTestSuite/TestAnalysisExactResetReplay/distinct-closed/response-received_workflow_id" root_run_id:"37f29ce5-4350-4d15-9cbd-47f3386b0774" task_generation_shard_clock_timestamp:1048647 workflow_task_last_update_versioned_transition:{transition_count:1} visibility_last_update_versioned_transition:{transition_count:2} sub_state_machine_tombstone_batches:{versioned_transition:{transition_count:1}} workflow_was_reset:true original_execution_run_id:"01a08801-4a8e-7978-b4d9-51f3d45f571a" last_workflow_task_failure_cause:WORKFLOW_TASK_FAILED_CAUSE_RESET_WORKFLOW} execution_state:{create_request_id:"cc5c06fb-ee81-498b-8b44-1207e7e1eaad" run_id:"37f29ce5-4350-4d15-9cbd-47f3386b0774" state:WORKFLOW_EXECUTION_STATE_COMPLETED status:WORKFLOW_EXECUTION_STATUS_TERMINATED last_update_versioned_transition:{transition_count:2} start_time:{seconds:1788988181 nanos:177353813} request_ids:{key:"cc5c06fb-ee81-498b-8b44-1207e7e1eaad" value:{event_type:EVENT_TYPE_WORKFLOW_EXECUTION_STARTED event_id:1}} first_execution_run_id:"01a08801-4a8e-7978-b4d9-51f3d45f571a"} next_event_id:7 base_after=execution_info:{namespace_id:"3da1271e-755a-41c8-8df7-da95d960099b" workflow_id:"TestWorkflowResetTestSuite/TestAnalysisExactResetReplay/distinct-closed/response-received_workflow_id" completion_event_batch_id:10 task_queue:"TestWorkflowResetTestSuite/TestAnalysisExactResetReplay/distinct-closed/response-received_task_queue" workflow_type_name:"test-workflow-arg" workflow_execution_timeout:{} workflow_run_timeout:{} default_workflow_task_timeout:{seconds:10} last_running_clock:1048604 last_first_event_id:10 last_completed_workflow_task_started_event_id:9 start_time:{seconds:1788988181 nanos:134621023} last_update_time:{seconds:1788988181 nanos:202268375} workflow_task_timeout:{} workflow_task_attempt:1 workflow_task_started_time:{} workflow_task_scheduled_time:{} workflow_task_original_scheduled_time:{seconds:1788988181 nanos:149764139} workflow_task_request_id:"emptyUuid" attempt:1 activity_count:1 auto_reset_points:{points:{run_id:"01a08801-4a8e-7978-b4d9-51f3d45f571a" first_workflow_task_completed_id:4 create_time:{seconds:1788988181 nanos:141815703} resettable:true}} search_attributes:{key:"BuildIds" value:{metadata:{key:"encoding" value:"json/plain"} metadata:{key:"type" value:"KeywordList"} data:"[\"unversioned\"]"}} version_histories:{histories:{branch_token:"\n$01a08801-4a8e-7978-b4d9-51f3d45f571a\x12$01a08801-4a8e-79b4-9c35-cc085cc2e6d8" items:{event_id:11}}} first_execution_run_id:"01a08801-4a8e-7978-b4d9-51f3d45f571a" execution_stats:{history_size:1537} workflow_run_expiration_time:{seconds:-62135596800} last_first_event_txn_id:1048605 state_transition_count:9 execution_time:{seconds:1788988181 nanos:134621023} close_transfer_task_id:1048607 close_visibility_task_id:1048608 close_time:{seconds:1788988181 nanos:154733888} transition_history:{transition_count:9} root_workflow_id:"TestWorkflowResetTestSuite/TestAnalysisExactResetReplay/distinct-closed/response-received_workflow_id" root_run_id:"01a08801-4a8e-7978-b4d9-51f3d45f571a" task_generation_shard_clock_timestamp:1048576 workflow_task_last_update_versioned_transition:{transition_count:7} visibility_last_update_versioned_transition:{transition_count:7} sub_state_machine_tombstone_batches:{versioned_transition:{transition_count:1}} sub_state_machine_tombstone_batches:{versioned_transition:{transition_count:5} state_machine_tombstones:{activity_scheduled_event_id:5}} reset_run_id:"76c97381-9e7b-4f93-8f6a-6f6c6c25410d" original_execution_run_id:"01a08801-4a8e-7978-b4d9-51f3d45f571a"} execution_state:{create_request_id:"cc5c06fb-ee81-498b-8b44-1207e7e1eaad" run_id:"01a08801-4a8e-7978-b4d9-51f3d45f571a" state:WORKFLOW_EXECUTION_STATE_COMPLETED status:WORKFLOW_EXECUTION_STATUS_COMPLETED last_update_versioned_transition:{transition_count:7} start_time:{seconds:1788988181 nanos:134621023} request_ids:{key:"cc5c06fb-ee81-498b-8b44-1207e7e1eaad" value:{event_type:EVENT_TYPE_WORKFLOW_EXECUTION_STARTED event_id:1}} first_execution_run_id:"01a08801-4a8e-7978-b4d9-51f3d45f571a"} next_event_id:12 second_after=execution_info:{namespace_id:"3da1271e-755a-41c8-8df7-da95d960099b" workflow_id:"TestWorkflowResetTestSuite/TestAnalysisExactResetReplay/distinct-closed/response-received_workflow_id" task_queue:"TestWorkflowResetTestSuite/TestAnalysisExactResetReplay/distinct-closed/response-received_task_queue" workflow_type_name:"test-workflow-arg" workflow_execution_timeout:{} workflow_run_timeout:{} default_workflow_task_timeout:{seconds:10} last_running_clock:1048657 last_first_event_id:4 start_time:{seconds:1788988181 nanos:201878273} last_update_time:{seconds:1788988181 nanos:202260043} workflow_task_scheduled_event_id:5 workflow_task_timeout:{seconds:10} workflow_task_attempt:1 workflow_task_started_time:{} workflow_task_scheduled_time:{seconds:1788988181 nanos:202237690} workflow_task_original_scheduled_time:{seconds:1788988181 nanos:202237520} workflow_task_request_id:"emptyUuid" workflow_task_type:WORKFLOW_TASK_TYPE_NORMAL workflow_task_attempts_since_last_success:1 attempt:1 auto_reset_points:{} version_histories:{histories:{branch_token:"\n$01a08801-4a8e-7978-b4d9-51f3d45f571a\x12$cb6d28e4-f2a3-41db-ae83-ddc9044d1f3d\x1a*\n$01a08801-4a8e-79b4-9c35-cc085cc2e6d8\x10\x01\x18\x04" items:{event_id:5}}} first_execution_run_id:"01a08801-4a8e-7978-b4d9-51f3d45f571a" execution_stats:{history_size:989} workflow_run_expiration_time:{seconds:-62135596800} last_first_event_txn_id:1048658 state_transition_count:2 execution_time:{seconds:1788988181 nanos:201878273} base_execution_info:{run_id:"01a08801-4a8e-7978-b4d9-51f3d45f571a" lowest_common_ancestor_event_id:3} transition_history:{transition_count:1} root_workflow_id:"TestWorkflowResetTestSuite/TestAnalysisExactResetReplay/distinct-closed/response-received_workflow_id" root_run_id:"76c97381-9e7b-4f93-8f6a-6f6c6c25410d" task_generation_shard_clock_timestamp:1048656 workflow_task_last_update_versioned_transition:{transition_count:1} sub_state_machine_tombstone_batches:{versioned_transition:{transition_count:1}} original_execution_run_id:"01a08801-4a8e-7978-b4d9-51f3d45f571a" last_workflow_task_failure_cause:WORKFLOW_TASK_FAILED_CAUSE_RESET_WORKFLOW} execution_state:{create_request_id:"cc5c06fb-ee81-498b-8b44-1207e7e1eaad" run_id:"76c97381-9e7b-4f93-8f6a-6f6c6c25410d" state:WORKFLOW_EXECUTION_STATE_RUNNING status:WORKFLOW_EXECUTION_STATUS_RUNNING start_time:{seconds:1788988181 nanos:201878273} request_ids:{key:"cc5c06fb-ee81-498b-8b44-1207e7e1eaad" value:{event_type:EVENT_TYPE_WORKFLOW_EXECUTION_STARTED event_id:1}} first_execution_run_id:"01a08801-4a8e-7978-b4d9-51f3d45f571a"} next_event_id:6
    reset_identity_analysis_test.go:105: history_run=37f29ce5-4350-4d15-9cbd-47f3386b0774 history=events:{event_id:1 event_time:{seconds:1788988181 nanos:134621023} event_type:EVENT_TYPE_WORKFLOW_EXECUTION_STARTED task_id:1048576 workflow_execution_started_event_attributes:{workflow_type:{name:"test-workflow-arg"} task_queue:{name:"TestWorkflowResetTestSuite/TestAnalysisExactResetReplay/distinct-closed/response-received_task_queue" kind:TASK_QUEUE_KIND_NORMAL} workflow_execution_timeout:{} workflow_run_timeout:{} workflow_task_timeout:{seconds:10} original_execution_run_id:"01a08801-4a8e-7978-b4d9-51f3d45f571a" identity:"1834851@qiancheng-ubuntu24@" first_execution_run_id:"01a08801-4a8e-7978-b4d9-51f3d45f571a" attempt:1 first_workflow_task_backoff:{} header:{} workflow_id:"TestWorkflowResetTestSuite/TestAnalysisExactResetReplay/distinct-closed/response-received_workflow_id"}} events:{event_id:2 event_time:{seconds:1788988181 nanos:134657717} event_type:EVENT_TYPE_WORKFLOW_TASK_SCHEDULED task_id:1048577 workflow_task_scheduled_event_attributes:{task_queue:{name:"TestWorkflowResetTestSuite/TestAnalysisExactResetReplay/distinct-closed/response-received_task_queue" kind:TASK_QUEUE_KIND_NORMAL} start_to_close_timeout:{seconds:10} attempt:1}} events:{event_id:3 event_time:{seconds:1788988181 nanos:140066876} event_type:EVENT_TYPE_WORKFLOW_TASK_STARTED task_id:1048582 workflow_task_started_event_attributes:{scheduled_event_id:2 identity:"TestWorkflowResetTestSuite/TestAnalysisExactResetReplay/distinct-closed/response-received_worker_identity" request_id:"c5e6ed07-aa06-4dc1-a781-e86ea7859074" history_size_bytes:519}} events:{event_id:4 event_time:{seconds:1788988181 nanos:177619893} event_type:EVENT_TYPE_WORKFLOW_TASK_FAILED task_id:1048647 workflow_task_failed_event_attributes:{scheduled_event_id:2 started_event_id:3 cause:WORKFLOW_TASK_FAILED_CAUSE_RESET_WORKFLOW failure:{message:"reset identity analysis" reset_workflow_failure_info:{}} identity:"history-service" base_run_id:"01a08801-4a8e-7978-b4d9-51f3d45f571a" new_run_id:"37f29ce5-4350-4d15-9cbd-47f3386b0774"}} events:{event_id:5 event_time:{seconds:1788988181 nanos:177829706} event_type:EVENT_TYPE_WORKFLOW_TASK_SCHEDULED task_id:1048648 workflow_task_scheduled_event_attributes:{task_queue:{name:"TestWorkflowResetTestSuite/TestAnalysisExactResetReplay/distinct-closed/response-received_task_queue" kind:TASK_QUEUE_KIND_NORMAL} start_to_close_timeout:{seconds:10} attempt:1}} events:{event_id:6 event_time:{seconds:1788988181 nanos:201677188} event_type:EVENT_TYPE_WORKFLOW_EXECUTION_TERMINATED task_id:1048653 workflow_execution_terminated_event_attributes:{reason:"reset identity analysis" identity:"history-resetter"}}
    reset_identity_analysis_test.go:105: history_run=76c97381-9e7b-4f93-8f6a-6f6c6c25410d history=events:{event_id:1 event_time:{seconds:1788988181 nanos:134621023} event_type:EVENT_TYPE_WORKFLOW_EXECUTION_STARTED task_id:1048576 workflow_execution_started_event_attributes:{workflow_type:{name:"test-workflow-arg"} task_queue:{name:"TestWorkflowResetTestSuite/TestAnalysisExactResetReplay/distinct-closed/response-received_task_queue" kind:TASK_QUEUE_KIND_NORMAL} workflow_execution_timeout:{} workflow_run_timeout:{} workflow_task_timeout:{seconds:10} original_execution_run_id:"01a08801-4a8e-7978-b4d9-51f3d45f571a" identity:"1834851@qiancheng-ubuntu24@" first_execution_run_id:"01a08801-4a8e-7978-b4d9-51f3d45f571a" attempt:1 first_workflow_task_backoff:{} header:{} workflow_id:"TestWorkflowResetTestSuite/TestAnalysisExactResetReplay/distinct-closed/response-received_workflow_id"}} events:{event_id:2 event_time:{seconds:1788988181 nanos:134657717} event_type:EVENT_TYPE_WORKFLOW_TASK_SCHEDULED task_id:1048577 workflow_task_scheduled_event_attributes:{task_queue:{name:"TestWorkflowResetTestSuite/TestAnalysisExactResetReplay/distinct-closed/response-received_task_queue" kind:TASK_QUEUE_KIND_NORMAL} start_to_close_timeout:{seconds:10} attempt:1}} events:{event_id:3 event_time:{seconds:1788988181 nanos:140066876} event_type:EVENT_TYPE_WORKFLOW_TASK_STARTED task_id:1048582 workflow_task_started_event_attributes:{scheduled_event_id:2 identity:"TestWorkflowResetTestSuite/TestAnalysisExactResetReplay/distinct-closed/response-received_worker_identity" request_id:"c5e6ed07-aa06-4dc1-a781-e86ea7859074" history_size_bytes:519}} events:{event_id:4 event_time:{seconds:1788988181 nanos:202080009} event_type:EVENT_TYPE_WORKFLOW_TASK_FAILED task_id:1048656 workflow_task_failed_event_attributes:{scheduled_event_id:2 started_event_id:3 cause:WORKFLOW_TASK_FAILED_CAUSE_RESET_WORKFLOW failure:{message:"reset identity analysis" reset_workflow_failure_info:{}} identity:"history-service" base_run_id:"01a08801-4a8e-7978-b4d9-51f3d45f571a" new_run_id:"76c97381-9e7b-4f93-8f6a-6f6c6c25410d"}} events:{event_id:5 event_time:{seconds:1788988181 nanos:202237690} event_type:EVENT_TYPE_WORKFLOW_TASK_SCHEDULED task_id:1048657 workflow_task_scheduled_event_attributes:{task_queue:{name:"TestWorkflowResetTestSuite/TestAnalysisExactResetReplay/distinct-closed/response-received_task_queue" kind:TASK_QUEUE_KIND_NORMAL} start_to_close_timeout:{seconds:10} attempt:1}}
    reset_identity_analysis_test.go:107: 
        	Error Trace:	/home/ubuntu/temporal-investigation-20260909/restart-20260909-1600/source-reset/tests/reset_identity_analysis_test.go:107
        	            				/home/ubuntu/temporal-investigation-20260909/restart-20260909-1600/source-reset/common/testing/parallelsuite/suite.go:140
        	Error:      	Not equal: 
        	            	expected: "37f29ce5-4350-4d15-9cbd-47f3386b0774"
        	            	actual  : "76c97381-9e7b-4f93-8f6a-6f6c6c25410d"
        	            	
        	            	Diff:
        	            	--- Expected
        	            	+++ Actual
        	            	@@ -1 +1 @@
        	            	-37f29ce5-4350-4d15-9cbd-47f3386b0774
        	            	+76c97381-9e7b-4f93-8f6a-6f6c6c25410d
        	Test:       	TestWorkflowResetTestSuite/TestAnalysisExactResetReplay/distinct-closed/response-received
        	Messages:   	identical immediately repeated Reset must return the original reset run
=== NAME  TestWorkflowResetTestSuite/TestAnalysisMissingCurrentRecovery/create-rejected
    reset_recovery_analysis_test.go:89: scenario=create-rejected checkpoint=base-written base=01a08801-499a-7f1a-9201-72318eeed6ee deleted=01a08801-49cb-7b2a-b238-abbaecb1578e request=ea9ed87d-02e7-4c34-8733-58e38a6ac5d1 candidate=5ab56b28-cfe0-4e60-b231-14302dcfad04 baseLink=5ab56b28-cfe0-4e60-b231-14302dcfad04 recordVersion=9
    reset_recovery_analysis_test.go:99: scenario=create-rejected firstResponse=<nil> firstError=reset analysis: create not submitted attempts=1 competitor=
    reset_recovery_analysis_test.go:137: scenario=create-rejected checkpoint=recovered reset=344d8656-a89b-4637-80d9-4ef9fc72ac15 current=344d8656-a89b-4637-80d9-4ef9fc72ac15 baseLink=344d8656-a89b-4637-80d9-4ef9fc72ac15 createRequestID=74ea018e-07f9-41f0-982a-9266305e0407 completedStatus=Completed
=== NAME  TestWorkflowResetTestSuite/TestAnalysisMissingCurrentRecovery/competing-start
    reset_recovery_analysis_test.go:89: scenario=competing-start checkpoint=base-written base=01a08801-499a-7e39-945c-79ab976fd2ae deleted=01a08801-49d1-7c97-b486-fbc8e78c8960 request=d6c7e4ea-a7cb-4bd9-b14a-c1f35b1f9371 candidate=811fe354-835c-484c-9031-9c8c9457bd0c baseLink=811fe354-835c-484c-9031-9c8c9457bd0c recordVersion=9
    reset_recovery_analysis_test.go:95: scenario=competing-start checkpoint=start-committed competitor=01a08801-5af3-7ee2-a1b5-9df33300c0e3 shardIOConcurrency=2
    reset_recovery_analysis_test.go:99: scenario=competing-start firstResponse=run_id:"80f77127-cf0d-4326-8f4c-5ab7b96758c8" firstError=<nil> attempts=1 competitor=01a08801-5af3-7ee2-a1b5-9df33300c0e3
    reset_recovery_analysis_test.go:100: 
        	Error Trace:	/home/ubuntu/temporal-investigation-20260909/restart-20260909-1600/source-reset/tests/reset_recovery_analysis_test.go:100
        	            				/home/ubuntu/temporal-investigation-20260909/restart-20260909-1600/source-reset/common/testing/parallelsuite/suite.go:140
        	Error:      	An error is expected but got nil.
        	Test:       	TestWorkflowResetTestSuite/TestAnalysisMissingCurrentRecovery/competing-start
2026-09-09T21:09:45.392Z	error	unable to add metrics baggage to gRPC trailer	{"error": "rpc error: code = Internal desc = transport: SendHeader called multiple times", "logging-call-at": "/home/ubuntu/temporal-investigation-20260909/restart-20260909-1600/source-reset/common/metrics/grpc.go:117"}
go.temporal.io/server/common/log.(*zapLogger).Error
	/home/ubuntu/temporal-investigation-20260909/restart-20260909-1600/source-reset/common/log/zap_logger.go:191
go.temporal.io/server/common/testing/testlogger.(*TestLogger).Error
	/home/ubuntu/temporal-investigation-20260909/restart-20260909-1600/source-reset/common/testing/testlogger/testlogger.go:543
go.temporal.io/server/common/metrics.NewServerMetricsTrailerPropagatorInterceptor.func1
	/home/ubuntu/temporal-investigation-20260909/restart-20260909-1600/source-reset/common/metrics/grpc.go:117
google.golang.org/grpc.getChainUnaryHandler.1
	/home/ubuntu/go/pkg/mod/google.golang.org/grpc@v1.82.1/server.go:1256
go.temporal.io/server/common/metrics.NewServerMetricsContextInjectorInterceptor.func1
	/home/ubuntu/temporal-investigation-20260909/restart-20260909-1600/source-reset/common/metrics/grpc.go:42
google.golang.org/grpc.getChainUnaryHandler.func1
	/home/ubuntu/go/pkg/mod/google.golang.org/grpc@v1.82.1/server.go:1256
go.temporal.io/server/common/rpc/interceptor.(*ServiceErrorInterceptor).capturePanicHandler
	/home/ubuntu/temporal-investigation-20260909/restart-20260909-1600/source-reset/common/rpc/interceptor/service_error_interceptor.go:72
go.temporal.io/server/common/rpc/interceptor.(*ServiceErrorInterceptor).Intercept
	/home/ubuntu/temporal-investigation-20260909/restart-20260909-1600/source-reset/common/rpc/interceptor/service_error_interceptor.go:45
google.golang.org/grpc.chainUnaryInterceptors.func1
	/home/ubuntu/go/pkg/mod/google.golang.org/grpc@v1.82.1/server.go:1247
go.temporal.io/server/api/matchingservice/v1._MatchingService_GetTaskQueueUserData_Handler
	/home/ubuntu/temporal-investigation-20260909/restart-20260909-1600/source-reset/api/matchingservice/v1/service_grpc.pb.go:1270
google.golang.org/grpc.(*Server).processUnaryRPC
	/home/ubuntu/go/pkg/mod/google.golang.org/grpc@v1.82.1/server.go:1443
google.golang.org/grpc.(*Server).handleStream
	/home/ubuntu/go/pkg/mod/google.golang.org/grpc@v1.82.1/server.go:1858
google.golang.org/grpc.(*Server).serveStreams.func2.1
	/home/ubuntu/go/pkg/mod/google.golang.org/grpc@v1.82.1/server.go:1078
=== NAME  TestWorkflowResetTestSuite/TestAnalysisMissingCurrentRecovery/create-rejected
    reset_recovery_analysis_test.go:154: scenario=create-rejected checkpoint=base-deleted-reset-readable reset=344d8656-a89b-4637-80d9-4ef9fc72ac15 events=8
=== NAME  TestWorkflowResetTestSuite/TestAnalysisExactResetReplay/missing-current/response-lost
    fault_injection.go:45: Fault injection fired: *workflowservice.ResetWorkflowExecutionRequest
    shared_cluster_t.go:72: 2026-09-09T21:10:13.874Z	error	service failures	{"operation": "ResetWorkflowExecution", "wf-namespace": "TestWorkflowResetTestSuite-TestAnalysisExactResetReplay-missing-current-response-lost-fa08cafb-3465-4efe-b2f3-e62081f68b3c", "grpc_code": "Unavailable", "wf-id": "TestWorkflowResetTestSuite/TestAnalysisExactResetReplay/missing-current/response-lost_workflow_id", "wf-run-id": "01a08801-4a09-7cd4-be65-cc248c7f82c3", "error": "analysis: successful Reset response discarded", "logging-call-at": "/home/ubuntu/temporal-investigation-20260909/restart-20260909-1600/source-reset/common/rpc/interceptor/request_error_handler.go:96"}
        go.temporal.io/server/common/log.(*zapLogger).Error
        	/home/ubuntu/temporal-investigation-20260909/restart-20260909-1600/source-reset/common/log/zap_logger.go:191
        go.temporal.io/server/common/testing/testlogger.(*TestLogger).Error
        	/home/ubuntu/temporal-investigation-20260909/restart-20260909-1600/source-reset/common/testing/testlogger/testlogger.go:543
        go.temporal.io/server/common/rpc/interceptor.(*RequestErrorHandler).logError
        	/home/ubuntu/temporal-investigation-20260909/restart-20260909-1600/source-reset/common/rpc/interceptor/request_error_handler.go:96
        go.temporal.io/server/common/rpc/interceptor.(*RequestErrorHandler).HandleError
        	/home/ubuntu/temporal-investigation-20260909/restart-20260909-1600/source-reset/common/rpc/interceptor/request_error_handler.go:72
        go.temporal.io/server/common/rpc/interceptor.(*TelemetryInterceptor).UnaryIntercept
        	/home/ubuntu/temporal-investigation-20260909/restart-20260909-1600/source-reset/common/rpc/interceptor/telemetry.go:194
        google.golang.org/grpc.getChainUnaryHandler.1
        	/home/ubuntu/go/pkg/mod/google.golang.org/grpc@v1.82.1/server.go:1256
        go.temporal.io/server/common/rpc/interceptor.(*Redirection).handleRedirectAPIInvocation.func2
        	/home/ubuntu/temporal-investigation-20260909/restart-20260909-1600/source-reset/common/rpc/interceptor/redirection.go:318
        go.temporal.io/server/common/rpc/interceptor.(*NoopRedirectionPolicy).WithNamespaceRedirect
        	/home/ubuntu/temporal-investigation-20260909/restart-20260909-1600/source-reset/common/rpc/interceptor/dc_redirection_policy.go:124
        go.temporal.io/server/common/rpc/interceptor.(*Redirection).handleRedirectAPIInvocation
        	/home/ubuntu/temporal-investigation-20260909/restart-20260909-1600/source-reset/common/rpc/interceptor/redirection.go:315
        go.temporal.io/server/common/rpc/interceptor.(*Redirection).Intercept
        	/home/ubuntu/temporal-investigation-20260909/restart-20260909-1600/source-reset/common/rpc/interceptor/redirection.go:275
        google.golang.org/grpc.getChainUnaryHandler.func1
        	/home/ubuntu/go/pkg/mod/google.golang.org/grpc@v1.82.1/server.go:1256
        go.temporal.io/server/common/rpc/interceptor.(*NamespaceHandoverInterceptor).Intercept
        	/home/ubuntu/temporal-investigation-20260909/restart-20260909-1600/source-reset/common/rpc/interceptor/namespace_handover.go:141
        google.golang.org/grpc.getChainUnaryHandler.1
        	/home/ubuntu/go/pkg/mod/google.golang.org/grpc@v1.82.1/server.go:1256
        go.temporal.io/server/common/authorization.(*Interceptor).Intercept
        	/home/ubuntu/temporal-investigation-20260909/restart-20260909-1600/source-reset/common/authorization/interceptor.go:184
        google.golang.org/grpc.getChainUnaryHandler.func1
        	/home/ubuntu/go/pkg/mod/google.golang.org/grpc@v1.82.1/server.go:1256
        go.temporal.io/server/common/metrics.NewServerMetricsContextInjectorInterceptor.func1
        	/home/ubuntu/temporal-investigation-20260909/restart-20260909-1600/source-reset/common/metrics/grpc.go:42
        google.golang.org/grpc.getChainUnaryHandler.1
        	/home/ubuntu/go/pkg/mod/google.golang.org/grpc@v1.82.1/server.go:1256
        go.temporal.io/server/common/rpc/interceptor.(*NamespaceLogInterceptor).Intercept
        	/home/ubuntu/temporal-investigation-20260909/restart-20260909-1600/source-reset/common/rpc/interceptor/namespace_logger.go:60
        google.golang.org/grpc.getChainUnaryHandler.func1
        	/home/ubuntu/go/pkg/mod/google.golang.org/grpc@v1.82.1/server.go:1256
        go.temporal.io/server/common/rpc/interceptor.(*NamespaceValidatorInterceptor).NamespaceValidateIntercept
        	/home/ubuntu/temporal-investigation-20260909/restart-20260909-1600/source-reset/common/rpc/interceptor/namespace_validator.go:128
        google.golang.org/grpc.getChainUnaryHandler.1
        	/home/ubuntu/go/pkg/mod/google.golang.org/grpc@v1.82.1/server.go:1256
        go.temporal.io/server/common/rpc/interceptor.(*RoutingKeyInterceptor).Intercept
        	/home/ubuntu/temporal-investigation-20260909/restart-20260909-1600/source-reset/common/rpc/interceptor/routing_key_interceptor.go:121
        google.golang.org/grpc.getChainUnaryHandler.func1
        	/home/ubuntu/go/pkg/mod/google.golang.org/grpc@v1.82.1/server.go:1256
        go.temporal.io/server/common/rpc/interceptor.NewFrontendServiceErrorInterceptor.func1
        	/home/ubuntu/temporal-investigation-20260909/restart-20260909-1600/source-reset/common/rpc/interceptor/frontend_service_error.go:35
        google.golang.org/grpc.getChainUnaryHandler.1
        	/home/ubuntu/go/pkg/mod/google.golang.org/grpc@v1.82.1/server.go:1256
        go.temporal.io/server/common/rpc/interceptor.(*ServiceErrorInterceptor).capturePanicHandler
        	/home/ubuntu/temporal-investigation-20260909/restart-20260909-1600/source-reset/common/rpc/interceptor/service_error_interceptor.go:72
        go.temporal.io/server/common/rpc/interceptor.(*ServiceErrorInterceptor).Intercept
        	/home/ubuntu/temporal-investigation-20260909/restart-20260909-1600/source-reset/common/rpc/interceptor/service_error_interceptor.go:45
        google.golang.org/grpc.getChainUnaryHandler.func1
        	/home/ubuntu/go/pkg/mod/google.golang.org/grpc@v1.82.1/server.go:1256
        go.temporal.io/server/common/rpc/interceptor.(*MaskInternalErrorDetailsInterceptor).Intercept
        	/home/ubuntu/temporal-investigation-20260909/restart-20260909-1600/source-reset/common/rpc/interceptor/mask_internal_error.go:51
        google.golang.org/grpc.chainUnaryInterceptors.func1
        	/home/ubuntu/go/pkg/mod/google.golang.org/grpc@v1.82.1/server.go:1247
        go.temporal.io/api/workflowservice/v1._WorkflowService_ResetWorkflowExecution_Handler
        	/home/ubuntu/go/pkg/mod/go.temporal.io/api@v1.63.5/workflowservice/v1/service_grpc.pb.go:3727
        google.golang.org/grpc.(*Server).processUnaryRPC
        	/home/ubuntu/go/pkg/mod/google.golang.org/grpc@v1.82.1/server.go:1443
        google.golang.org/grpc.(*Server).handleStream
        	/home/ubuntu/go/pkg/mod/google.golang.org/grpc@v1.82.1/server.go:1858
        google.golang.org/grpc.(*Server).serveStreams.func2.1
        	/home/ubuntu/go/pkg/mod/google.golang.org/grpc@v1.82.1/server.go:1078
    reset_identity_analysis_test.go:80: response_loss=verified observed_error=analysis: successful Reset response discarded
    reset_identity_analysis_test.go:93: mode=missing-current reset_request_id=dccc3ea7-ec33-4fbe-a301-2bd0b5f6e3d7 original_start_id=0243e849-4b09-4812-8a9a-1cedfd1201f5 first=0b0a7a61-1715-47dd-9ada-073565fcf991 second=81887169-b42c-49f9-a53e-e57391cb9b3f current=81887169-b42c-49f9-a53e-e57391cb9b3f
    reset_identity_analysis_test.go:94: first_before=execution_info:{namespace_id:"c6cd42bc-85f0-4479-961f-98b8dc8e858e" workflow_id:"TestWorkflowResetTestSuite/TestAnalysisExactResetReplay/missing-current/response-lost_workflow_id" task_queue:"TestWorkflowResetTestSuite/TestAnalysisExactResetReplay/missing-current/response-lost_task_queue" workflow_type_name:"test-workflow-arg" workflow_execution_timeout:{} workflow_run_timeout:{} default_workflow_task_timeout:{seconds:10} last_running_clock:1048650 last_first_event_id:4 start_time:{seconds:1788988213 nanos:872626400} last_update_time:{seconds:1788988213 nanos:873092114} workflow_task_scheduled_event_id:5 workflow_task_timeout:{seconds:10} workflow_task_attempt:1 workflow_task_started_time:{} workflow_task_scheduled_time:{seconds:1788988213 nanos:873066457} workflow_task_original_scheduled_time:{seconds:1788988213 nanos:873066347} workflow_task_request_id:"emptyUuid" workflow_task_type:WORKFLOW_TASK_TYPE_NORMAL workflow_task_attempts_since_last_success:1 attempt:1 auto_reset_points:{} version_histories:{histories:{branch_token:"\n$01a08801-4a09-7cd4-be65-cc248c7f82c3\x12$21c16aea-776c-433e-b564-77cd6904fc7c\x1a*\n$01a08801-4a09-7d0f-a3b7-86b231b66b3c\x10\x01\x18\x04" items:{event_id:5}}} first_execution_run_id:"01a08801-4a09-7cd4-be65-cc248c7f82c3" execution_stats:{history_size:969} workflow_run_expiration_time:{seconds:-62135596800} last_first_event_txn_id:1048651 state_transition_count:2 execution_time:{seconds:1788988213 nanos:872626400} base_execution_info:{run_id:"01a08801-4a09-7cd4-be65-cc248c7f82c3" lowest_common_ancestor_event_id:3} transition_history:{transition_count:1} root_workflow_id:"TestWorkflowResetTestSuite/TestAnalysisExactResetReplay/missing-current/response-lost_workflow_id" root_run_id:"0b0a7a61-1715-47dd-9ada-073565fcf991" task_generation_shard_clock_timestamp:1048649 workflow_task_last_update_versioned_transition:{transition_count:1} sub_state_machine_tombstone_batches:{versioned_transition:{transition_count:1}} original_execution_run_id:"01a08801-4a09-7cd4-be65-cc248c7f82c3" last_workflow_task_failure_cause:WORKFLOW_TASK_FAILED_CAUSE_RESET_WORKFLOW} execution_state:{create_request_id:"0243e849-4b09-4812-8a9a-1cedfd1201f5" run_id:"0b0a7a61-1715-47dd-9ada-073565fcf991" state:WORKFLOW_EXECUTION_STATE_RUNNING status:WORKFLOW_EXECUTION_STATUS_RUNNING start_time:{seconds:1788988213 nanos:872626400} request_ids:{key:"0243e849-4b09-4812-8a9a-1cedfd1201f5" value:{event_type:EVENT_TYPE_WORKFLOW_EXECUTION_STARTED event_id:1}} first_execution_run_id:"01a08801-4a09-7cd4-be65-cc248c7f82c3"} next_event_id:6 first_after=execution_info:{namespace_id:"c6cd42bc-85f0-4479-961f-98b8dc8e858e" workflow_id:"TestWorkflowResetTestSuite/TestAnalysisExactResetReplay/missing-current/response-lost_workflow_id" completion_event_batch_id:6 task_queue:"TestWorkflowResetTestSuite/TestAnalysisExactResetReplay/missing-current/response-lost_task_queue" workflow_type_name:"test-workflow-arg" workflow_execution_timeout:{} workflow_run_timeout:{} default_workflow_task_timeout:{seconds:10} last_running_clock:1048655 last_first_event_id:6 start_time:{seconds:1788988213 nanos:872626400} last_update_time:{seconds:1788988213 nanos:877619019} workflow_task_scheduled_event_id:5 workflow_task_timeout:{seconds:10} workflow_task_attempt:1 workflow_task_started_time:{} workflow_task_scheduled_time:{seconds:1788988213 nanos:873066457} workflow_task_original_scheduled_time:{seconds:1788988213 nanos:873066347} workflow_task_request_id:"emptyUuid" workflow_task_type:WORKFLOW_TASK_TYPE_NORMAL workflow_task_attempts_since_last_success:1 attempt:1 auto_reset_points:{} version_histories:{histories:{branch_token:"\n$01a08801-4a09-7cd4-be65-cc248c7f82c3\x12$21c16aea-776c-433e-b564-77cd6904fc7c\x1a*\n$01a08801-4a09-7d0f-a3b7-86b231b66b3c\x10\x01\x18\x04" items:{event_id:6}}} first_execution_run_id:"01a08801-4a09-7cd4-be65-cc248c7f82c3" execution_stats:{history_size:1039} workflow_run_expiration_time:{seconds:-62135596800} last_first_event_txn_id:1048656 state_transition_count:3 execution_time:{seconds:1788988213 nanos:872626400} close_time:{seconds:1788988213 nanos:877526614} base_execution_info:{run_id:"01a08801-4a09-7cd4-be65-cc248c7f82c3" lowest_common_ancestor_event_id:3} transition_history:{transition_count:2} root_workflow_id:"TestWorkflowResetTestSuite/TestAnalysisExactResetReplay/missing-current/response-lost_workflow_id" root_run_id:"0b0a7a61-1715-47dd-9ada-073565fcf991" task_generation_shard_clock_timestamp:1048649 workflow_task_last_update_versioned_transition:{transition_count:1} visibility_last_update_versioned_transition:{transition_count:2} sub_state_machine_tombstone_batches:{versioned_transition:{transition_count:1}} workflow_was_reset:true original_execution_run_id:"01a08801-4a09-7cd4-be65-cc248c7f82c3" last_workflow_task_failure_cause:WORKFLOW_TASK_FAILED_CAUSE_RESET_WORKFLOW} execution_state:{create_request_id:"0243e849-4b09-4812-8a9a-1cedfd1201f5" run_id:"0b0a7a61-1715-47dd-9ada-073565fcf991" state:WORKFLOW_EXECUTION_STATE_COMPLETED status:WORKFLOW_EXECUTION_STATUS_TERMINATED last_update_versioned_transition:{transition_count:2} start_time:{seconds:1788988213 nanos:872626400} request_ids:{key:"0243e849-4b09-4812-8a9a-1cedfd1201f5" value:{event_type:EVENT_TYPE_WORKFLOW_EXECUTION_STARTED event_id:1}} first_execution_run_id:"01a08801-4a09-7cd4-be65-cc248c7f82c3"} next_event_id:7 base_after=execution_info:{namespace_id:"c6cd42bc-85f0-4479-961f-98b8dc8e858e" workflow_id:"TestWorkflowResetTestSuite/TestAnalysisExactResetReplay/missing-current/response-lost_workflow_id" completion_event_batch_id:10 task_queue:"TestWorkflowResetTestSuite/TestAnalysisExactResetReplay/missing-current/response-lost_task_queue" workflow_type_name:"test-workflow-arg" workflow_execution_timeout:{} workflow_run_timeout:{} default_workflow_task_timeout:{seconds:10} last_running_clock:1048604 last_first_event_id:10 last_completed_workflow_task_started_event_id:9 start_time:{seconds:1788988181 nanos:1841413} last_update_time:{seconds:1788988213 nanos:878102840} workflow_task_timeout:{} workflow_task_attempt:1 workflow_task_started_time:{} workflow_task_scheduled_time:{} workflow_task_original_scheduled_time:{seconds:1788988181 nanos:21872142} workflow_task_request_id:"emptyUuid" attempt:1 activity_count:1 auto_reset_points:{points:{run_id:"01a08801-4a09-7cd4-be65-cc248c7f82c3" first_workflow_task_completed_id:4 create_time:{seconds:1788988181 nanos:12746639} resettable:true}} search_attributes:{key:"BuildIds" value:{metadata:{key:"encoding" value:"json/plain"} metadata:{key:"type" value:"KeywordList"} data:"[\"unversioned\"]"}} version_histories:{histories:{branch_token:"\n$01a08801-4a09-7cd4-be65-cc248c7f82c3\x12$01a08801-4a09-7d0f-a3b7-86b231b66b3c" items:{event_id:11}}} first_execution_run_id:"01a08801-4a09-7cd4-be65-cc248c7f82c3" execution_stats:{history_size:1503} workflow_run_expiration_time:{seconds:-62135596800} last_first_event_txn_id:1048605 state_transition_count:9 execution_time:{seconds:1788988181 nanos:1841413} close_transfer_task_id:1048607 close_visibility_task_id:1048608 close_time:{seconds:1788988181 nanos:26652769} transition_history:{transition_count:9} root_workflow_id:"TestWorkflowResetTestSuite/TestAnalysisExactResetReplay/missing-current/response-lost_workflow_id" root_run_id:"01a08801-4a09-7cd4-be65-cc248c7f82c3" task_generation_shard_clock_timestamp:1048576 workflow_task_last_update_versioned_transition:{transition_count:7} visibility_last_update_versioned_transition:{transition_count:7} sub_state_machine_tombstone_batches:{versioned_transition:{transition_count:1}} sub_state_machine_tombstone_batches:{versioned_transition:{transition_count:5} state_machine_tombstones:{activity_scheduled_event_id:5}} reset_run_id:"81887169-b42c-49f9-a53e-e57391cb9b3f" original_execution_run_id:"01a08801-4a09-7cd4-be65-cc248c7f82c3"} execution_state:{create_request_id:"0243e849-4b09-4812-8a9a-1cedfd1201f5" run_id:"01a08801-4a09-7cd4-be65-cc248c7f82c3" state:WORKFLOW_EXECUTION_STATE_COMPLETED status:WORKFLOW_EXECUTION_STATUS_COMPLETED last_update_versioned_transition:{transition_count:7} start_time:{seconds:1788988181 nanos:1841413} request_ids:{key:"0243e849-4b09-4812-8a9a-1cedfd1201f5" value:{event_type:EVENT_TYPE_WORKFLOW_EXECUTION_STARTED event_id:1}} first_execution_run_id:"01a08801-4a09-7cd4-be65-cc248c7f82c3"} next_event_id:12 second_after=execution_info:{namespace_id:"c6cd42bc-85f0-4479-961f-98b8dc8e858e" workflow_id:"TestWorkflowResetTestSuite/TestAnalysisExactResetReplay/missing-current/response-lost_workflow_id" task_queue:"TestWorkflowResetTestSuite/TestAnalysisExactResetReplay/missing-current/response-lost_task_queue" workflow_type_name:"test-workflow-arg" workflow_execution_timeout:{} workflow_run_timeout:{} default_workflow_task_timeout:{seconds:10} last_running_clock:1048659 last_first_event_id:4 start_time:{seconds:1788988213 nanos:877721460} last_update_time:{seconds:1788988213 nanos:878095209} workflow_task_scheduled_event_id:5 workflow_task_timeout:{seconds:10} workflow_task_attempt:1 workflow_task_started_time:{} workflow_task_scheduled_time:{seconds:1788988213 nanos:878072506} workflow_task_original_scheduled_time:{seconds:1788988213 nanos:878072405} workflow_task_request_id:"emptyUuid" workflow_task_type:WORKFLOW_TASK_TYPE_NORMAL workflow_task_attempts_since_last_success:1 attempt:1 auto_reset_points:{} version_histories:{histories:{branch_token:"\n$01a08801-4a09-7cd4-be65-cc248c7f82c3\x12$c8eb94e3-ad33-4dc0-8e56-857eccffe182\x1a*\n$01a08801-4a09-7d0f-a3b7-86b231b66b3c\x10\x01\x18\x04" items:{event_id:5}}} first_execution_run_id:"01a08801-4a09-7cd4-be65-cc248c7f82c3" execution_stats:{history_size:969} workflow_run_expiration_time:{seconds:-62135596800} last_first_event_txn_id:1048660 state_transition_count:2 execution_time:{seconds:1788988213 nanos:877721460} base_execution_info:{run_id:"01a08801-4a09-7cd4-be65-cc248c7f82c3" lowest_common_ancestor_event_id:3} transition_history:{transition_count:1} root_workflow_id:"TestWorkflowResetTestSuite/TestAnalysisExactResetReplay/missing-current/response-lost_workflow_id" root_run_id:"81887169-b42c-49f9-a53e-e57391cb9b3f" task_generation_shard_clock_timestamp:1048658 workflow_task_last_update_versioned_transition:{transition_count:1} sub_state_machine_tombstone_batches:{versioned_transition:{transition_count:1}} original_execution_run_id:"01a08801-4a09-7cd4-be65-cc248c7f82c3" last_workflow_task_failure_cause:WORKFLOW_TASK_FAILED_CAUSE_RESET_WORKFLOW} execution_state:{create_request_id:"0243e849-4b09-4812-8a9a-1cedfd1201f5" run_id:"81887169-b42c-49f9-a53e-e57391cb9b3f" state:WORKFLOW_EXECUTION_STATE_RUNNING status:WORKFLOW_EXECUTION_STATUS_RUNNING start_time:{seconds:1788988213 nanos:877721460} request_ids:{key:"0243e849-4b09-4812-8a9a-1cedfd1201f5" value:{event_type:EVENT_TYPE_WORKFLOW_EXECUTION_STARTED event_id:1}} first_execution_run_id:"01a08801-4a09-7cd4-be65-cc248c7f82c3"} next_event_id:6
    reset_identity_analysis_test.go:105: history_run=0b0a7a61-1715-47dd-9ada-073565fcf991 history=events:{event_id:1 event_time:{seconds:1788988181 nanos:1841413} event_type:EVENT_TYPE_WORKFLOW_EXECUTION_STARTED task_id:1048576 workflow_execution_started_event_attributes:{workflow_type:{name:"test-workflow-arg"} task_queue:{name:"TestWorkflowResetTestSuite/TestAnalysisExactResetReplay/missing-current/response-lost_task_queue" kind:TASK_QUEUE_KIND_NORMAL} workflow_execution_timeout:{} workflow_run_timeout:{} workflow_task_timeout:{seconds:10} original_execution_run_id:"01a08801-4a09-7cd4-be65-cc248c7f82c3" identity:"1834851@qiancheng-ubuntu24@" first_execution_run_id:"01a08801-4a09-7cd4-be65-cc248c7f82c3" attempt:1 first_workflow_task_backoff:{} header:{} workflow_id:"TestWorkflowResetTestSuite/TestAnalysisExactResetReplay/missing-current/response-lost_workflow_id"}} events:{event_id:2 event_time:{seconds:1788988181 nanos:1878367} event_type:EVENT_TYPE_WORKFLOW_TASK_SCHEDULED task_id:1048577 workflow_task_scheduled_event_attributes:{task_queue:{name:"TestWorkflowResetTestSuite/TestAnalysisExactResetReplay/missing-current/response-lost_task_queue" kind:TASK_QUEUE_KIND_NORMAL} start_to_close_timeout:{seconds:10} attempt:1}} events:{event_id:3 event_time:{seconds:1788988181 nanos:10325681} event_type:EVENT_TYPE_WORKFLOW_TASK_STARTED task_id:1048582 workflow_task_started_event_attributes:{scheduled_event_id:2 identity:"TestWorkflowResetTestSuite/TestAnalysisExactResetReplay/missing-current/response-lost_worker_identity" request_id:"3415b183-6ba4-40b0-854e-7b2b5faf0522" history_size_bytes:505}} events:{event_id:4 event_time:{seconds:1788988213 nanos:872921394} event_type:EVENT_TYPE_WORKFLOW_TASK_FAILED task_id:1048649 workflow_task_failed_event_attributes:{scheduled_event_id:2 started_event_id:3 cause:WORKFLOW_TASK_FAILED_CAUSE_RESET_WORKFLOW failure:{message:"reset identity analysis" reset_workflow_failure_info:{}} identity:"history-service" base_run_id:"01a08801-4a09-7cd4-be65-cc248c7f82c3" new_run_id:"0b0a7a61-1715-47dd-9ada-073565fcf991"}} events:{event_id:5 event_time:{seconds:1788988213 nanos:873066457} event_type:EVENT_TYPE_WORKFLOW_TASK_SCHEDULED task_id:1048650 workflow_task_scheduled_event_attributes:{task_queue:{name:"TestWorkflowResetTestSuite/TestAnalysisExactResetReplay/missing-current/response-lost_task_queue" kind:TASK_QUEUE_KIND_NORMAL} start_to_close_timeout:{seconds:10} attempt:1}} events:{event_id:6 event_time:{seconds:1788988213 nanos:877526614} event_type:EVENT_TYPE_WORKFLOW_EXECUTION_TERMINATED task_id:1048655 workflow_execution_terminated_event_attributes:{reason:"reset identity analysis" identity:"history-resetter"}}
    reset_identity_analysis_test.go:105: history_run=81887169-b42c-49f9-a53e-e57391cb9b3f history=events:{event_id:1 event_time:{seconds:1788988181 nanos:1841413} event_type:EVENT_TYPE_WORKFLOW_EXECUTION_STARTED task_id:1048576 workflow_execution_started_event_attributes:{workflow_type:{name:"test-workflow-arg"} task_queue:{name:"TestWorkflowResetTestSuite/TestAnalysisExactResetReplay/missing-current/response-lost_task_queue" kind:TASK_QUEUE_KIND_NORMAL} workflow_execution_timeout:{} workflow_run_timeout:{} workflow_task_timeout:{seconds:10} original_execution_run_id:"01a08801-4a09-7cd4-be65-cc248c7f82c3" identity:"1834851@qiancheng-ubuntu24@" first_execution_run_id:"01a08801-4a09-7cd4-be65-cc248c7f82c3" attempt:1 first_workflow_task_backoff:{} header:{} workflow_id:"TestWorkflowResetTestSuite/TestAnalysisExactResetReplay/missing-current/response-lost_workflow_id"}} events:{event_id:2 event_time:{seconds:1788988181 nanos:1878367} event_type:EVENT_TYPE_WORKFLOW_TASK_SCHEDULED task_id:1048577 workflow_task_scheduled_event_attributes:{task_queue:{name:"TestWorkflowResetTestSuite/TestAnalysisExactResetReplay/missing-current/response-lost_task_queue" kind:TASK_QUEUE_KIND_NORMAL} start_to_close_timeout:{seconds:10} attempt:1}} events:{event_id:3 event_time:{seconds:1788988181 nanos:10325681} event_type:EVENT_TYPE_WORKFLOW_TASK_STARTED task_id:1048582 workflow_task_started_event_attributes:{scheduled_event_id:2 identity:"TestWorkflowResetTestSuite/TestAnalysisExactResetReplay/missing-current/response-lost_worker_identity" request_id:"3415b183-6ba4-40b0-854e-7b2b5faf0522" history_size_bytes:505}} events:{event_id:4 event_time:{seconds:1788988213 nanos:877915986} event_type:EVENT_TYPE_WORKFLOW_TASK_FAILED task_id:1048658 workflow_task_failed_event_attributes:{scheduled_event_id:2 started_event_id:3 cause:WORKFLOW_TASK_FAILED_CAUSE_RESET_WORKFLOW failure:{message:"reset identity analysis" reset_workflow_failure_info:{}} identity:"history-service" base_run_id:"01a08801-4a09-7cd4-be65-cc248c7f82c3" new_run_id:"81887169-b42c-49f9-a53e-e57391cb9b3f"}} events:{event_id:5 event_time:{seconds:1788988213 nanos:878072506} event_type:EVENT_TYPE_WORKFLOW_TASK_SCHEDULED task_id:1048659 workflow_task_scheduled_event_attributes:{task_queue:{name:"TestWorkflowResetTestSuite/TestAnalysisExactResetReplay/missing-current/response-lost_task_queue" kind:TASK_QUEUE_KIND_NORMAL} start_to_close_timeout:{seconds:10} attempt:1}}
    reset_identity_analysis_test.go:107: 
        	Error Trace:	/home/ubuntu/temporal-investigation-20260909/restart-20260909-1600/source-reset/tests/reset_identity_analysis_test.go:107
        	            				/home/ubuntu/temporal-investigation-20260909/restart-20260909-1600/source-reset/common/testing/parallelsuite/suite.go:140
        	Error:      	Not equal: 
        	            	expected: "0b0a7a61-1715-47dd-9ada-073565fcf991"
        	            	actual  : "81887169-b42c-49f9-a53e-e57391cb9b3f"
        	            	
        	            	Diff:
        	            	--- Expected
        	            	+++ Actual
        	            	@@ -1 +1 @@
        	            	-0b0a7a61-1715-47dd-9ada-073565fcf991
        	            	+81887169-b42c-49f9-a53e-e57391cb9b3f
        	Test:       	TestWorkflowResetTestSuite/TestAnalysisExactResetReplay/missing-current/response-lost
        	Messages:   	identical immediately repeated Reset must return the original reset run
=== NAME  TestWorkflowResetTestSuite/TestAnalysisExactResetReplay/missing-current/response-received
    reset_identity_analysis_test.go:93: mode=missing-current reset_request_id=4a2d622f-461d-4b86-83fd-97c7cea2ea57 original_start_id=b3fc7d68-d853-44d6-9f39-fb1d9848a8cf first=12daeb6d-529d-41f2-ae8e-1a7e931ada01 second=05819d4a-ad82-4e74-8a88-7aa8c932354b current=05819d4a-ad82-4e74-8a88-7aa8c932354b
    reset_identity_analysis_test.go:94: first_before=execution_info:{namespace_id:"4a71a4aa-479d-4ee1-bee4-8fa79f6f2d7a" workflow_id:"TestWorkflowResetTestSuite/TestAnalysisExactResetReplay/missing-current/response-received_workflow_id" task_queue:"TestWorkflowResetTestSuite/TestAnalysisExactResetReplay/missing-current/response-received_task_queue" workflow_type_name:"test-workflow-arg" workflow_execution_timeout:{} workflow_run_timeout:{} default_workflow_task_timeout:{seconds:10} last_running_clock:1048650 last_first_event_id:4 start_time:{seconds:1788988214 nanos:792898278} last_update_time:{seconds:1788988214 nanos:793377602} workflow_task_scheduled_event_id:5 workflow_task_timeout:{seconds:10} workflow_task_attempt:1 workflow_task_started_time:{} workflow_task_scheduled_time:{seconds:1788988214 nanos:793352536} workflow_task_original_scheduled_time:{seconds:1788988214 nanos:793352395} workflow_task_request_id:"emptyUuid" workflow_task_type:WORKFLOW_TASK_TYPE_NORMAL workflow_task_attempts_since_last_success:1 attempt:1 auto_reset_points:{} version_histories:{histories:{branch_token:"\n$01a08801-4a0c-7cf2-b4d8-764223f01351\x12$cf8a813f-a540-410c-9d3a-ec4f4d9083c2\x1a*\n$01a08801-4a0c-7d2a-af5f-1e82baabad0f\x10\x01\x18\x04" items:{event_id:5}}} first_execution_run_id:"01a08801-4a0c-7cf2-b4d8-764223f01351" execution_stats:{history_size:991} workflow_run_expiration_time:{seconds:-62135596800} last_first_event_txn_id:1048651 state_transition_count:2 execution_time:{seconds:1788988214 nanos:792898278} base_execution_info:{run_id:"01a08801-4a0c-7cf2-b4d8-764223f01351" lowest_common_ancestor_event_id:3} transition_history:{transition_count:1} root_workflow_id:"TestWorkflowResetTestSuite/TestAnalysisExactResetReplay/missing-current/response-received_workflow_id" root_run_id:"12daeb6d-529d-41f2-ae8e-1a7e931ada01" task_generation_shard_clock_timestamp:1048649 workflow_task_last_update_versioned_transition:{transition_count:1} sub_state_machine_tombstone_batches:{versioned_transition:{transition_count:1}} original_execution_run_id:"01a08801-4a0c-7cf2-b4d8-764223f01351" last_workflow_task_failure_cause:WORKFLOW_TASK_FAILED_CAUSE_RESET_WORKFLOW} execution_state:{create_request_id:"b3fc7d68-d853-44d6-9f39-fb1d9848a8cf" run_id:"12daeb6d-529d-41f2-ae8e-1a7e931ada01" state:WORKFLOW_EXECUTION_STATE_RUNNING status:WORKFLOW_EXECUTION_STATUS_RUNNING start_time:{seconds:1788988214 nanos:792898278} request_ids:{key:"b3fc7d68-d853-44d6-9f39-fb1d9848a8cf" value:{event_type:EVENT_TYPE_WORKFLOW_EXECUTION_STARTED event_id:1}} first_execution_run_id:"01a08801-4a0c-7cf2-b4d8-764223f01351"} next_event_id:6 first_after=execution_info:{namespace_id:"4a71a4aa-479d-4ee1-bee4-8fa79f6f2d7a" workflow_id:"TestWorkflowResetTestSuite/TestAnalysisExactResetReplay/missing-current/response-received_workflow_id" completion_event_batch_id:6 task_queue:"TestWorkflowResetTestSuite/TestAnalysisExactResetReplay/missing-current/response-received_task_queue" workflow_type_name:"test-workflow-arg" workflow_execution_timeout:{} workflow_run_timeout:{} default_workflow_task_timeout:{seconds:10} last_running_clock:1048655 last_first_event_id:6 start_time:{seconds:1788988214 nanos:792898278} last_update_time:{seconds:1788988214 nanos:798037728} workflow_task_scheduled_event_id:5 workflow_task_timeout:{seconds:10} workflow_task_attempt:1 workflow_task_started_time:{} workflow_task_scheduled_time:{seconds:1788988214 nanos:793352536} workflow_task_original_scheduled_time:{seconds:1788988214 nanos:793352395} workflow_task_request_id:"emptyUuid" workflow_task_type:WORKFLOW_TASK_TYPE_NORMAL workflow_task_attempts_since_last_success:1 attempt:1 auto_reset_points:{} version_histories:{histories:{branch_token:"\n$01a08801-4a0c-7cf2-b4d8-764223f01351\x12$cf8a813f-a540-410c-9d3a-ec4f4d9083c2\x1a*\n$01a08801-4a0c-7d2a-af5f-1e82baabad0f\x10\x01\x18\x04" items:{event_id:6}}} first_execution_run_id:"01a08801-4a0c-7cf2-b4d8-764223f01351" execution_stats:{history_size:1061} workflow_run_expiration_time:{seconds:-62135596800} last_first_event_txn_id:1048656 state_transition_count:3 execution_time:{seconds:1788988214 nanos:792898278} close_time:{seconds:1788988214 nanos:797909279} base_execution_info:{run_id:"01a08801-4a0c-7cf2-b4d8-764223f01351" lowest_common_ancestor_event_id:3} transition_history:{transition_count:2} root_workflow_id:"TestWorkflowResetTestSuite/TestAnalysisExactResetReplay/missing-current/response-received_workflow_id" root_run_id:"12daeb6d-529d-41f2-ae8e-1a7e931ada01" task_generation_shard_clock_timestamp:1048649 workflow_task_last_update_versioned_transition:{transition_count:1} visibility_last_update_versioned_transition:{transition_count:2} sub_state_machine_tombstone_batches:{versioned_transition:{transition_count:1}} workflow_was_reset:true original_execution_run_id:"01a08801-4a0c-7cf2-b4d8-764223f01351" last_workflow_task_failure_cause:WORKFLOW_TASK_FAILED_CAUSE_RESET_WORKFLOW} execution_state:{create_request_id:"b3fc7d68-d853-44d6-9f39-fb1d9848a8cf" run_id:"12daeb6d-529d-41f2-ae8e-1a7e931ada01" state:WORKFLOW_EXECUTION_STATE_COMPLETED status:WORKFLOW_EXECUTION_STATUS_TERMINATED last_update_versioned_transition:{transition_count:2} start_time:{seconds:1788988214 nanos:792898278} request_ids:{key:"b3fc7d68-d853-44d6-9f39-fb1d9848a8cf" value:{event_type:EVENT_TYPE_WORKFLOW_EXECUTION_STARTED event_id:1}} first_execution_run_id:"01a08801-4a0c-7cf2-b4d8-764223f01351"} next_event_id:7 base_after=execution_info:{namespace_id:"4a71a4aa-479d-4ee1-bee4-8fa79f6f2d7a" workflow_id:"TestWorkflowResetTestSuite/TestAnalysisExactResetReplay/missing-current/response-received_workflow_id" completion_event_batch_id:10 task_queue:"TestWorkflowResetTestSuite/TestAnalysisExactResetReplay/missing-current/response-received_task_queue" workflow_type_name:"test-workflow-arg" workflow_execution_timeout:{} workflow_run_timeout:{} default_workflow_task_timeout:{seconds:10} last_running_clock:1048604 last_first_event_id:10 last_completed_workflow_task_started_event_id:9 start_time:{seconds:1788988181 nanos:4848917} last_update_time:{seconds:1788988214 nanos:798766829} workflow_task_timeout:{} workflow_task_attempt:1 workflow_task_started_time:{} workflow_task_scheduled_time:{} workflow_task_original_scheduled_time:{seconds:1788988181 nanos:23973442} workflow_task_request_id:"emptyUuid" attempt:1 activity_count:1 auto_reset_points:{points:{run_id:"01a08801-4a0c-7cf2-b4d8-764223f01351" first_workflow_task_completed_id:4 create_time:{seconds:1788988181 nanos:15957271} resettable:true}} search_attributes:{key:"BuildIds" value:{metadata:{key:"encoding" value:"json/plain"} metadata:{key:"type" value:"KeywordList"} data:"[\"unversioned\"]"}} version_histories:{histories:{branch_token:"\n$01a08801-4a0c-7cf2-b4d8-764223f01351\x12$01a08801-4a0c-7d2a-af5f-1e82baabad0f" items:{event_id:11}}} first_execution_run_id:"01a08801-4a0c-7cf2-b4d8-764223f01351" execution_stats:{history_size:1537} workflow_run_expiration_time:{seconds:-62135596800} last_first_event_txn_id:1048605 state_transition_count:9 execution_time:{seconds:1788988181 nanos:4848917} close_transfer_task_id:1048606 close_visibility_task_id:1048607 close_time:{seconds:1788988181 nanos:32567651} transition_history:{transition_count:9} root_workflow_id:"TestWorkflowResetTestSuite/TestAnalysisExactResetReplay/missing-current/response-received_workflow_id" root_run_id:"01a08801-4a0c-7cf2-b4d8-764223f01351" task_generation_shard_clock_timestamp:1048576 workflow_task_last_update_versioned_transition:{transition_count:7} visibility_last_update_versioned_transition:{transition_count:7} sub_state_machine_tombstone_batches:{versioned_transition:{transition_count:1}} sub_state_machine_tombstone_batches:{versioned_transition:{transition_count:5} state_machine_tombstones:{activity_scheduled_event_id:5}} reset_run_id:"05819d4a-ad82-4e74-8a88-7aa8c932354b" original_execution_run_id:"01a08801-4a0c-7cf2-b4d8-764223f01351"} execution_state:{create_request_id:"b3fc7d68-d853-44d6-9f39-fb1d9848a8cf" run_id:"01a08801-4a0c-7cf2-b4d8-764223f01351" state:WORKFLOW_EXECUTION_STATE_COMPLETED status:WORKFLOW_EXECUTION_STATUS_COMPLETED last_update_versioned_transition:{transition_count:7} start_time:{seconds:1788988181 nanos:4848917} request_ids:{key:"b3fc7d68-d853-44d6-9f39-fb1d9848a8cf" value:{event_type:EVENT_TYPE_WORKFLOW_EXECUTION_STARTED event_id:1}} first_execution_run_id:"01a08801-4a0c-7cf2-b4d8-764223f01351"} next_event_id:12 second_after=execution_info:{namespace_id:"4a71a4aa-479d-4ee1-bee4-8fa79f6f2d7a" workflow_id:"TestWorkflowResetTestSuite/TestAnalysisExactResetReplay/missing-current/response-received_workflow_id" task_queue:"TestWorkflowResetTestSuite/TestAnalysisExactResetReplay/missing-current/response-received_task_queue" workflow_type_name:"test-workflow-arg" workflow_execution_timeout:{} workflow_run_timeout:{} default_workflow_task_timeout:{seconds:10} last_running_clock:1048659 last_first_event_id:4 start_time:{seconds:1788988214 nanos:798289477} last_update_time:{seconds:1788988214 nanos:798755051} workflow_task_scheduled_event_id:5 workflow_task_timeout:{seconds:10} workflow_task_attempt:1 workflow_task_started_time:{} workflow_task_scheduled_time:{seconds:1788988214 nanos:798727601} workflow_task_original_scheduled_time:{seconds:1788988214 nanos:798727491} workflow_task_request_id:"emptyUuid" workflow_task_type:WORKFLOW_TASK_TYPE_NORMAL workflow_task_attempts_since_last_success:1 attempt:1 auto_reset_points:{} version_histories:{histories:{branch_token:"\n$01a08801-4a0c-7cf2-b4d8-764223f01351\x12$8b3d19a4-1386-45d3-ab49-ab6b4a242e5f\x1a*\n$01a08801-4a0c-7d2a-af5f-1e82baabad0f\x10\x01\x18\x04" items:{event_id:5}}} first_execution_run_id:"01a08801-4a0c-7cf2-b4d8-764223f01351" execution_stats:{history_size:991} workflow_run_expiration_time:{seconds:-62135596800} last_first_event_txn_id:1048660 state_transition_count:2 execution_time:{seconds:1788988214 nanos:798289477} base_execution_info:{run_id:"01a08801-4a0c-7cf2-b4d8-764223f01351" lowest_common_ancestor_event_id:3} transition_history:{transition_count:1} root_workflow_id:"TestWorkflowResetTestSuite/TestAnalysisExactResetReplay/missing-current/response-received_workflow_id" root_run_id:"05819d4a-ad82-4e74-8a88-7aa8c932354b" task_generation_shard_clock_timestamp:1048658 workflow_task_last_update_versioned_transition:{transition_count:1} sub_state_machine_tombstone_batches:{versioned_transition:{transition_count:1}} original_execution_run_id:"01a08801-4a0c-7cf2-b4d8-764223f01351" last_workflow_task_failure_cause:WORKFLOW_TASK_FAILED_CAUSE_RESET_WORKFLOW} execution_state:{create_request_id:"b3fc7d68-d853-44d6-9f39-fb1d9848a8cf" run_id:"05819d4a-ad82-4e74-8a88-7aa8c932354b" state:WORKFLOW_EXECUTION_STATE_RUNNING status:WORKFLOW_EXECUTION_STATUS_RUNNING start_time:{seconds:1788988214 nanos:798289477} request_ids:{key:"b3fc7d68-d853-44d6-9f39-fb1d9848a8cf" value:{event_type:EVENT_TYPE_WORKFLOW_EXECUTION_STARTED event_id:1}} first_execution_run_id:"01a08801-4a0c-7cf2-b4d8-764223f01351"} next_event_id:6
    reset_identity_analysis_test.go:105: history_run=12daeb6d-529d-41f2-ae8e-1a7e931ada01 history=events:{event_id:1 event_time:{seconds:1788988181 nanos:4848917} event_type:EVENT_TYPE_WORKFLOW_EXECUTION_STARTED task_id:1048576 workflow_execution_started_event_attributes:{workflow_type:{name:"test-workflow-arg"} task_queue:{name:"TestWorkflowResetTestSuite/TestAnalysisExactResetReplay/missing-current/response-received_task_queue" kind:TASK_QUEUE_KIND_NORMAL} workflow_execution_timeout:{} workflow_run_timeout:{} workflow_task_timeout:{seconds:10} original_execution_run_id:"01a08801-4a0c-7cf2-b4d8-764223f01351" identity:"1834851@qiancheng-ubuntu24@" first_execution_run_id:"01a08801-4a0c-7cf2-b4d8-764223f01351" attempt:1 first_workflow_task_backoff:{} header:{} workflow_id:"TestWorkflowResetTestSuite/TestAnalysisExactResetReplay/missing-current/response-received_workflow_id"}} events:{event_id:2 event_time:{seconds:1788988181 nanos:4884029} event_type:EVENT_TYPE_WORKFLOW_TASK_SCHEDULED task_id:1048577 workflow_task_scheduled_event_attributes:{task_queue:{name:"TestWorkflowResetTestSuite/TestAnalysisExactResetReplay/missing-current/response-received_task_queue" kind:TASK_QUEUE_KIND_NORMAL} start_to_close_timeout:{seconds:10} attempt:1}} events:{event_id:3 event_time:{seconds:1788988181 nanos:14145898} event_type:EVENT_TYPE_WORKFLOW_TASK_STARTED task_id:1048582 workflow_task_started_event_attributes:{scheduled_event_id:2 identity:"TestWorkflowResetTestSuite/TestAnalysisExactResetReplay/missing-current/response-received_worker_identity" request_id:"66d295ca-d1d9-4820-9d46-36fea318522e" history_size_bytes:519}} events:{event_id:4 event_time:{seconds:1788988214 nanos:793206241} event_type:EVENT_TYPE_WORKFLOW_TASK_FAILED task_id:1048649 workflow_task_failed_event_attributes:{scheduled_event_id:2 started_event_id:3 cause:WORKFLOW_TASK_FAILED_CAUSE_RESET_WORKFLOW failure:{message:"reset identity analysis" reset_workflow_failure_info:{}} identity:"history-service" base_run_id:"01a08801-4a0c-7cf2-b4d8-764223f01351" new_run_id:"12daeb6d-529d-41f2-ae8e-1a7e931ada01"}} events:{event_id:5 event_time:{seconds:1788988214 nanos:793352536} event_type:EVENT_TYPE_WORKFLOW_TASK_SCHEDULED task_id:1048650 workflow_task_scheduled_event_attributes:{task_queue:{name:"TestWorkflowResetTestSuite/TestAnalysisExactResetReplay/missing-current/response-received_task_queue" kind:TASK_QUEUE_KIND_NORMAL} start_to_close_timeout:{seconds:10} attempt:1}} events:{event_id:6 event_time:{seconds:1788988214 nanos:797909279} event_type:EVENT_TYPE_WORKFLOW_EXECUTION_TERMINATED task_id:1048655 workflow_execution_terminated_event_attributes:{reason:"reset identity analysis" identity:"history-resetter"}}
    reset_identity_analysis_test.go:105: history_run=05819d4a-ad82-4e74-8a88-7aa8c932354b history=events:{event_id:1 event_time:{seconds:1788988181 nanos:4848917} event_type:EVENT_TYPE_WORKFLOW_EXECUTION_STARTED task_id:1048576 workflow_execution_started_event_attributes:{workflow_type:{name:"test-workflow-arg"} task_queue:{name:"TestWorkflowResetTestSuite/TestAnalysisExactResetReplay/missing-current/response-received_task_queue" kind:TASK_QUEUE_KIND_NORMAL} workflow_execution_timeout:{} workflow_run_timeout:{} workflow_task_timeout:{seconds:10} original_execution_run_id:"01a08801-4a0c-7cf2-b4d8-764223f01351" identity:"1834851@qiancheng-ubuntu24@" first_execution_run_id:"01a08801-4a0c-7cf2-b4d8-764223f01351" attempt:1 first_workflow_task_backoff:{} header:{} workflow_id:"TestWorkflowResetTestSuite/TestAnalysisExactResetReplay/missing-current/response-received_workflow_id"}} events:{event_id:2 event_time:{seconds:1788988181 nanos:4884029} event_type:EVENT_TYPE_WORKFLOW_TASK_SCHEDULED task_id:1048577 workflow_task_scheduled_event_attributes:{task_queue:{name:"TestWorkflowResetTestSuite/TestAnalysisExactResetReplay/missing-current/response-received_task_queue" kind:TASK_QUEUE_KIND_NORMAL} start_to_close_timeout:{seconds:10} attempt:1}} events:{event_id:3 event_time:{seconds:1788988181 nanos:14145898} event_type:EVENT_TYPE_WORKFLOW_TASK_STARTED task_id:1048582 workflow_task_started_event_attributes:{scheduled_event_id:2 identity:"TestWorkflowResetTestSuite/TestAnalysisExactResetReplay/missing-current/response-received_worker_identity" request_id:"66d295ca-d1d9-4820-9d46-36fea318522e" history_size_bytes:519}} events:{event_id:4 event_time:{seconds:1788988214 nanos:798565833} event_type:EVENT_TYPE_WORKFLOW_TASK_FAILED task_id:1048658 workflow_task_failed_event_attributes:{scheduled_event_id:2 started_event_id:3 cause:WORKFLOW_TASK_FAILED_CAUSE_RESET_WORKFLOW failure:{message:"reset identity analysis" reset_workflow_failure_info:{}} identity:"history-service" base_run_id:"01a08801-4a0c-7cf2-b4d8-764223f01351" new_run_id:"05819d4a-ad82-4e74-8a88-7aa8c932354b"}} events:{event_id:5 event_time:{seconds:1788988214 nanos:798727601} event_type:EVENT_TYPE_WORKFLOW_TASK_SCHEDULED task_id:1048659 workflow_task_scheduled_event_attributes:{task_queue:{name:"TestWorkflowResetTestSuite/TestAnalysisExactResetReplay/missing-current/response-received_task_queue" kind:TASK_QUEUE_KIND_NORMAL} start_to_close_timeout:{seconds:10} attempt:1}}
    reset_identity_analysis_test.go:107: 
        	Error Trace:	/home/ubuntu/temporal-investigation-20260909/restart-20260909-1600/source-reset/tests/reset_identity_analysis_test.go:107
        	            				/home/ubuntu/temporal-investigation-20260909/restart-20260909-1600/source-reset/common/testing/parallelsuite/suite.go:140
        	Error:      	Not equal: 
        	            	expected: "12daeb6d-529d-41f2-ae8e-1a7e931ada01"
        	            	actual  : "05819d4a-ad82-4e74-8a88-7aa8c932354b"
        	            	
        	            	Diff:
        	            	--- Expected
        	            	+++ Actual
        	            	@@ -1 +1 @@
        	            	-12daeb6d-529d-41f2-ae8e-1a7e931ada01
        	            	+05819d4a-ad82-4e74-8a88-7aa8c932354b
        	Test:       	TestWorkflowResetTestSuite/TestAnalysisExactResetReplay/missing-current/response-received
        	Messages:   	identical immediately repeated Reset must return the original reset run
--- FAIL: TestWorkflowResetTestSuite (0.00s)
    --- PASS: TestWorkflowResetTestSuite/TestAnalysisResetStartIDCollision (0.31s)
    --- PASS: TestWorkflowResetTestSuite/TestAnalysisSeparateResetControl (0.32s)
    --- FAIL: TestWorkflowResetTestSuite/TestAnalysisMissingCurrentRecovery (0.00s)
        --- FAIL: TestWorkflowResetTestSuite/TestAnalysisMissingCurrentRecovery/competing-start (4.68s)
        --- PASS: TestWorkflowResetTestSuite/TestAnalysisMissingCurrentRecovery/create-rejected (8.94s)
    --- FAIL: TestWorkflowResetTestSuite/TestAnalysisExactResetReplay (0.00s)
        --- FAIL: TestWorkflowResetTestSuite/TestAnalysisExactResetReplay/same-running/response-received (0.33s)
        --- FAIL: TestWorkflowResetTestSuite/TestAnalysisExactResetReplay/distinct-closed/response-lost (0.39s)
        --- FAIL: TestWorkflowResetTestSuite/TestAnalysisExactResetReplay/same-running/response-lost (0.15s)
        --- FAIL: TestWorkflowResetTestSuite/TestAnalysisExactResetReplay/distinct-closed/response-received (0.19s)
        --- FAIL: TestWorkflowResetTestSuite/TestAnalysisExactResetReplay/missing-current/response-lost (33.17s)
        --- FAIL: TestWorkflowResetTestSuite/TestAnalysisExactResetReplay/missing-current/response-received (34.09s)
FAIL
