=== RUN   TestWorkflowResetTestSuite
=== PAUSE TestWorkflowResetTestSuite
=== CONT  TestWorkflowResetTestSuite
=== RUN   TestWorkflowResetTestSuite/TestTraceReset
=== PAUSE TestWorkflowResetTestSuite/TestTraceReset
=== CONT  TestWorkflowResetTestSuite/TestTraceReset
2026-09-10T01:23:13.753Z	info	created database	{"database": "test_5cdb1ff663274fe1abc8bc43", "logging-call-at": "/home/ubuntu/temporal-investigation-20260909/overnight-20260909/specula-engine/runs/temporal-reset-20260909-restart-1600/temporal-reset/.specula-output/confirmation/CR-2/worktree/common/persistence/sql/test_sql_persistence.go:125"}
2026-09-10T01:23:13.753Z	info	No schema directory provided, skipping schema setup	{"logging-call-at": "/home/ubuntu/temporal-investigation-20260909/overnight-20260909/specula-engine/runs/temporal-reset-20260909-restart-1600/temporal-reset/.specula-output/confirmation/CR-2/worktree/common/persistence/sql/test_sql_persistence.go:79"}
2026-09-10T01:23:13.753Z	info	Use rpc address 127.0.0.1:7134 for cluster active.	{"component": "metadata-initializer", "logging-call-at": "/home/ubuntu/temporal-investigation-20260909/overnight-20260909/specula-engine/runs/temporal-reset-20260909-restart-1600/temporal-reset/.specula-output/confirmation/CR-2/worktree/temporal/cluster_metadata_loader.go:68"}
2026-09-10T01:23:13.754Z	info	PProf listen on 	{"host": "localhost", "port": 7000, "logging-call-at": "/home/ubuntu/temporal-investigation-20260909/overnight-20260909/specula-engine/runs/temporal-reset-20260909-restart-1600/temporal-reset/.specula-output/confirmation/CR-2/worktree/common/pprof/pprof.go:58"}
2026-09-10T01:23:13.755Z	info	Use rpc address 127.0.0.1:7134 for cluster active.	{"component": "metadata-initializer", "logging-call-at": "/home/ubuntu/temporal-investigation-20260909/overnight-20260909/specula-engine/runs/temporal-reset-20260909-restart-1600/temporal-reset/.specula-output/confirmation/CR-2/worktree/temporal/cluster_metadata_loader.go:68"}
2026-09-10T01:23:13.761Z	info	Quota changed	{"component": "persistence", "current-quota": null, "new-quota": 9000, "scope": "host", "service": "history", "logging-call-at": "/home/ubuntu/temporal-investigation-20260909/overnight-20260909/specula-engine/runs/temporal-reset-20260909-restart-1600/temporal-reset/.specula-output/confirmation/CR-2/worktree/common/quotas/calculator/logged_calculator.go:100"}
2026-09-10T01:23:13.762Z	debug	RPC factory created. enableServerKeepalive: false, enableClientKeepalive: false	{"logging-call-at": "/home/ubuntu/temporal-investigation-20260909/overnight-20260909/specula-engine/runs/temporal-reset-20260909-restart-1600/temporal-reset/.specula-output/confirmation/CR-2/worktree/common/resource/fx.go:470"}
2026-09-10T01:23:13.762Z	info	historyClient: ownership caching disabled	{"service": "history", "logging-call-at": "/home/ubuntu/temporal-investigation-20260909/overnight-20260909/specula-engine/runs/temporal-reset-20260909-restart-1600/temporal-reset/.specula-output/confirmation/CR-2/worktree/client/history/client.go:70"}
2026-09-10T01:23:13.764Z	info	creating new visibility manager	{"visibility_plugin_name": "sqlite", "visibility_index_name": "test_5cdb1ff663274fe1abc8bc43", "logging-call-at": "/home/ubuntu/temporal-investigation-20260909/overnight-20260909/specula-engine/runs/temporal-reset-20260909-restart-1600/temporal-reset/.specula-output/confirmation/CR-2/worktree/common/persistence/visibility/factory.go:145"}
2026-09-10T01:23:13.764Z	info	Quota changed	{"component": "task-scheduler", "current-quota": null, "new-quota": 0, "scope": "host", "service": "history", "logging-call-at": "/home/ubuntu/temporal-investigation-20260909/overnight-20260909/specula-engine/runs/temporal-reset-20260909-restart-1600/temporal-reset/.specula-output/confirmation/CR-2/worktree/common/quotas/calculator/logged_calculator.go:100"}
2026-09-10T01:23:13.765Z	info	Warning: CHASM component scheduler.scheduler declares state fields that won't be managed by CHASM:
	cacheConflictToken int64
	compiledSpec *scheduler.CompiledSpec	{"logging-call-at": "/home/ubuntu/temporal-investigation-20260909/overnight-20260909/specula-engine/runs/temporal-reset-20260909-restart-1600/temporal-reset/.specula-output/confirmation/CR-2/worktree/chasm/registry.go:361"}
2026-09-10T01:23:13.766Z	info	Initialized lazy loaded OwnershipBasedQuotaScaler	{"service": "history", "logging-call-at": "/home/ubuntu/temporal-investigation-20260909/overnight-20260909/specula-engine/runs/temporal-reset-20260909-restart-1600/temporal-reset/.specula-output/confirmation/CR-2/worktree/service/history/shard/fx.go:71"}
2026-09-10T01:23:13.766Z	info	Initialized service resolver for persistence rate limiting	{"service": "history", "logging-call-at": "/home/ubuntu/temporal-investigation-20260909/overnight-20260909/specula-engine/runs/temporal-reset-20260909-restart-1600/temporal-reset/.specula-output/confirmation/CR-2/worktree/service/fx.go:76"}
2026-09-10T01:23:13.767Z	info	Created gRPC listener	{"service": "history", "address": "127.0.0.1:36383", "logging-call-at": "/home/ubuntu/temporal-investigation-20260909/overnight-20260909/specula-engine/runs/temporal-reset-20260909-restart-1600/temporal-reset/.specula-output/confirmation/CR-2/worktree/common/rpc/rpc.go:209"}
2026-09-10T01:23:13.769Z	info	Quota changed	{"component": "persistence", "current-quota": null, "new-quota": 3000, "scope": "host", "service": "matching", "logging-call-at": "/home/ubuntu/temporal-investigation-20260909/overnight-20260909/specula-engine/runs/temporal-reset-20260909-restart-1600/temporal-reset/.specula-output/confirmation/CR-2/worktree/common/quotas/calculator/logged_calculator.go:100"}
2026-09-10T01:23:13.769Z	info	Initialized service resolver for persistence rate limiting	{"service": "matching", "logging-call-at": "/home/ubuntu/temporal-investigation-20260909/overnight-20260909/specula-engine/runs/temporal-reset-20260909-restart-1600/temporal-reset/.specula-output/confirmation/CR-2/worktree/service/fx.go:76"}
2026-09-10T01:23:13.770Z	debug	RPC factory created. enableServerKeepalive: false, enableClientKeepalive: false	{"logging-call-at": "/home/ubuntu/temporal-investigation-20260909/overnight-20260909/specula-engine/runs/temporal-reset-20260909-restart-1600/temporal-reset/.specula-output/confirmation/CR-2/worktree/common/resource/fx.go:470"}
2026-09-10T01:23:13.770Z	info	Created gRPC listener	{"service": "matching", "address": "127.0.0.1:40845", "logging-call-at": "/home/ubuntu/temporal-investigation-20260909/overnight-20260909/specula-engine/runs/temporal-reset-20260909-restart-1600/temporal-reset/.specula-output/confirmation/CR-2/worktree/common/rpc/rpc.go:209"}
2026-09-10T01:23:13.770Z	info	historyClient: ownership caching disabled	{"service": "matching", "logging-call-at": "/home/ubuntu/temporal-investigation-20260909/overnight-20260909/specula-engine/runs/temporal-reset-20260909-restart-1600/temporal-reset/.specula-output/confirmation/CR-2/worktree/client/history/client.go:70"}
2026-09-10T01:23:13.770Z	info	creating new visibility manager	{"visibility_plugin_name": "sqlite", "visibility_index_name": "test_5cdb1ff663274fe1abc8bc43", "logging-call-at": "/home/ubuntu/temporal-investigation-20260909/overnight-20260909/specula-engine/runs/temporal-reset-20260909-restart-1600/temporal-reset/.specula-output/confirmation/CR-2/worktree/common/persistence/visibility/factory.go:145"}
2026-09-10T01:23:13.774Z	debug	RPC factory created. enableServerKeepalive: false, enableClientKeepalive: false	{"logging-call-at": "/home/ubuntu/temporal-investigation-20260909/overnight-20260909/specula-engine/runs/temporal-reset-20260909-restart-1600/temporal-reset/.specula-output/confirmation/CR-2/worktree/common/resource/fx.go:470"}
2026-09-10T01:23:13.775Z	info	Quota changed	{"component": "persistence", "current-quota": null, "new-quota": 2000, "scope": "host", "service": "frontend", "logging-call-at": "/home/ubuntu/temporal-investigation-20260909/overnight-20260909/specula-engine/runs/temporal-reset-20260909-restart-1600/temporal-reset/.specula-output/confirmation/CR-2/worktree/common/quotas/calculator/logged_calculator.go:100"}
2026-09-10T01:23:13.775Z	info	historyClient: ownership caching disabled	{"service": "frontend", "logging-call-at": "/home/ubuntu/temporal-investigation-20260909/overnight-20260909/specula-engine/runs/temporal-reset-20260909-restart-1600/temporal-reset/.specula-output/confirmation/CR-2/worktree/client/history/client.go:70"}
2026-09-10T01:23:13.775Z	info	Warning: CHASM component scheduler.scheduler declares state fields that won't be managed by CHASM:
	cacheConflictToken int64
	compiledSpec *scheduler.CompiledSpec	{"logging-call-at": "/home/ubuntu/temporal-investigation-20260909/overnight-20260909/specula-engine/runs/temporal-reset-20260909-restart-1600/temporal-reset/.specula-output/confirmation/CR-2/worktree/chasm/registry.go:361"}
2026-09-10T01:23:13.775Z	info	creating new visibility manager	{"visibility_plugin_name": "sqlite", "visibility_index_name": "test_5cdb1ff663274fe1abc8bc43", "logging-call-at": "/home/ubuntu/temporal-investigation-20260909/overnight-20260909/specula-engine/runs/temporal-reset-20260909-restart-1600/temporal-reset/.specula-output/confirmation/CR-2/worktree/common/persistence/visibility/factory.go:145"}
2026-09-10T01:23:13.776Z	info	Initialized service resolver for persistence rate limiting	{"service": "frontend", "logging-call-at": "/home/ubuntu/temporal-investigation-20260909/overnight-20260909/specula-engine/runs/temporal-reset-20260909-restart-1600/temporal-reset/.specula-output/confirmation/CR-2/worktree/service/fx.go:76"}
2026-09-10T01:23:13.776Z	info	Quota changed	{"component": "rpc-handler", "current-quota": null, "new-quota": 3000, "scope": "host", "service": "frontend", "logging-call-at": "/home/ubuntu/temporal-investigation-20260909/overnight-20260909/specula-engine/runs/temporal-reset-20260909-restart-1600/temporal-reset/.specula-output/confirmation/CR-2/worktree/common/quotas/calculator/logged_calculator.go:100"}
2026-09-10T01:23:13.777Z	info	Created gRPC listener	{"service": "frontend", "address": "127.0.0.1:46597", "logging-call-at": "/home/ubuntu/temporal-investigation-20260909/overnight-20260909/specula-engine/runs/temporal-reset-20260909-restart-1600/temporal-reset/.specula-output/confirmation/CR-2/worktree/common/rpc/rpc.go:209"}
2026-09-10T01:23:13.778Z	info	Service is not requested, skipping initialization.	{"service": "internal-frontend", "logging-call-at": "/home/ubuntu/temporal-investigation-20260909/overnight-20260909/specula-engine/runs/temporal-reset-20260909-restart-1600/temporal-reset/.specula-output/confirmation/CR-2/worktree/temporal/fx.go:590"}
2026-09-10T01:23:13.778Z	info	Service is not requested, skipping initialization.	{"service": "worker", "logging-call-at": "/home/ubuntu/temporal-investigation-20260909/overnight-20260909/specula-engine/runs/temporal-reset-20260909-restart-1600/temporal-reset/.specula-output/confirmation/CR-2/worktree/temporal/fx.go:628"}
2026-09-10T01:23:13.778Z	info	PProf not started due to port not set	{"logging-call-at": "/home/ubuntu/temporal-investigation-20260909/overnight-20260909/specula-engine/runs/temporal-reset-20260909-restart-1600/temporal-reset/.specula-output/confirmation/CR-2/worktree/common/pprof/pprof.go:44"}
2026-09-10T01:23:13.778Z	info	Starting server for services	{"value": {"frontend":{},"history":{},"matching":{}}, "logging-call-at": "/home/ubuntu/temporal-investigation-20260909/overnight-20260909/specula-engine/runs/temporal-reset-20260909-restart-1600/temporal-reset/.specula-output/confirmation/CR-2/worktree/temporal/server_impl.go:89"}
2026-09-10T01:23:13.781Z	debug	archival:
    history:
        enableRead: false
        provider: null
        state: ""
    visibility:
        enableRead: false
        provider: null
        state: ""
clusterMetadata:
    clusterInformation:
        active:
            enabled: true
            httpAddress: 127.0.0.1:7144
            initialFailoverVersion: 1
            rpcAddress: 127.0.0.1:7134
    currentClusterName: active
    enableGlobalNamespace: false
    failoverVersionIncrement: 10
    masterClusterName: active
    tags: {}
dcRedirectionPolicy:
    policy: ""
dynamicConfigClient: null
global:
    authorization:
        audience: ""
        authExtraHeaderName: ""
        authHeaderName: ""
        authorizer: ""
        claimMapper: ""
        jwtKeyProvider:
            keySourceURIs: []
            refreshInterval: 0s
        permissionsClaimName: ""
        permissionsRegex: ""
        remoteClusterAuth:
            require: false
    membership:
        broadcastAddress: ""
        maxJoinDuration: 1s
    metrics: null
    pprof:
        host: ""
        port: 0
    tls:
        expirationChecks:
            checkInterval: 0s
            errorWindow: 0s
            warningWindow: 0s
        frontend:
            client:
                disableHostVerification: false
                forceTLS: false
                rootCaData: []
                rootCaFiles: []
                serverName: ""
            hostOverrides: {}
            server:
                certData: ""
                certFile: ""
                clientCaData: []
                clientCaFiles: []
                keyData: '******'
                keyFile: ""
                requireClientAuth: false
        internode:
            client:
                disableHostVerification: false
                forceTLS: false
                rootCaData: []
                rootCaFiles: []
                serverName: ""
            hostOverrides: {}
            server:
                certData: ""
                certFile: ""
                clientCaData: []
                clientCaFiles: []
                keyData: '******'
                keyFile: ""
                requireClientAuth: false
        refreshInterval: 0s
        remoteClusters: {}
        systemWorker:
            certData: ""
            certFile: ""
            client:
                disableHostVerification: false
                forceTLS: false
                rootCaData: []
                rootCaFiles: []
                serverName: ""
            keyData: '******'
            keyFile: ""
log:
    development: false
    format: ""
    level: ""
    outputFile: ""
    stdout: false
namespaceDefaults:
    archival:
        history:
            URI: ""
            state: ""
        visibility:
            URI: ""
            state: ""
otel: {}
persistence:
    datastores:
        test:
            cassandra: null
            customDatastore: null
            elasticsearch: null
            faultInjection: null
            sql:
                connectAddr: 127.0.0.1:0
                connectAttributes:
                    cache: private
                    mode: memory
                connectProtocol: tcp
                databaseName: test_5cdb1ff663274fe1abc8bc43
                maxConnLifetime: 0s
                maxConns: 0
                maxIdleConns: 0
                password: '******'
                passwordCommand: null
                pluginName: sqlite
                taskScanPartitions: 4
                tls: null
                user: ""
    defaultStore: test
    numHistoryShards: 1
    secondaryVisibilityStore: ""
    visibilityStore: test
publicClient:
    forceTLSConfig: ""
    hostPort: ""
    httpHostPort: ""
services:
    frontend:
        rpc:
            bindOnIP: 127.0.0.1
            bindOnLocalHost: false
            clientConnectionConfig:
                keepAliveClientParameters: null
            grpcPort: 46597
            httpAdditionalForwardedHeaders:
                - this-header-forwarded
                - this-header-prefix-forwarded-*
            httpPort: 40481
            keepAliveServerConfig:
                keepAliveEnforcementPolicy: null
                keepAliveServerParameters: null
            membershipPort: 0
    history:
        rpc:
            bindOnIP: 127.0.0.1
            bindOnLocalHost: false
            clientConnectionConfig:
                keepAliveClientParameters: null
            grpcPort: 36383
            httpAdditionalForwardedHeaders: []
            httpPort: 0
            keepAliveServerConfig:
                keepAliveEnforcementPolicy: null
                keepAliveServerParameters: null
            membershipPort: 0
    matching:
        rpc:
            bindOnIP: 127.0.0.1
            bindOnLocalHost: false
            clientConnectionConfig:
                keepAliveClientParameters: null
            grpcPort: 40845
            httpAdditionalForwardedHeaders: []
            httpPort: 0
            keepAliveServerConfig:
                keepAliveEnforcementPolicy: null
                keepAliveServerParameters: null
            membershipPort: 0
visibility:
    persistenceCustomSearchAttributes: {}
	{"logging-call-at": "/home/ubuntu/temporal-investigation-20260909/overnight-20260909/specula-engine/runs/temporal-reset-20260909-restart-1600/temporal-reset/.specula-output/confirmation/CR-2/worktree/temporal/server_impl.go:90"}
2026-09-10T01:23:13.782Z	info	Watch not supported by persistence, namespace registry will use polling	{"service": "matching", "logging-call-at": "/home/ubuntu/temporal-investigation-20260909/overnight-20260909/specula-engine/runs/temporal-reset-20260909-restart-1600/temporal-reset/.specula-output/confirmation/CR-2/worktree/common/namespace/nsregistry/registry.go:234"}
2026-09-10T01:23:13.782Z	info	RuntimeMetricsReporter started	{"service": "matching", "logging-call-at": "/home/ubuntu/temporal-investigation-20260909/overnight-20260909/specula-engine/runs/temporal-reset-20260909-restart-1600/temporal-reset/.specula-output/confirmation/CR-2/worktree/common/metrics/runtime.go:121"}
2026-09-10T01:23:13.782Z	info	matching starting	{"service": "matching", "logging-call-at": "/home/ubuntu/temporal-investigation-20260909/overnight-20260909/specula-engine/runs/temporal-reset-20260909-restart-1600/temporal-reset/.specula-output/confirmation/CR-2/worktree/service/matching/service.go:63"}
2026-09-10T01:23:13.782Z	info	Starting to serve on matching listener	{"service": "matching", "logging-call-at": "/home/ubuntu/temporal-investigation-20260909/overnight-20260909/specula-engine/runs/temporal-reset-20260909-restart-1600/temporal-reset/.specula-output/confirmation/CR-2/worktree/service/matching/service.go:77"}
2026-09-10T01:23:13.783Z	info	Update worker pool size	{"key": "worker-pool-size", "value": 64, "logging-call-at": "/home/ubuntu/temporal-investigation-20260909/overnight-20260909/specula-engine/runs/temporal-reset-20260909-restart-1600/temporal-reset/.specula-output/confirmation/CR-2/worktree/common/tasks/sequential_scheduler.go:228"}
2026-09-10T01:23:13.783Z	info	sequential scheduler started	{"logging-call-at": "/home/ubuntu/temporal-investigation-20260909/overnight-20260909/specula-engine/runs/temporal-reset-20260909-restart-1600/temporal-reset/.specula-output/confirmation/CR-2/worktree/common/tasks/sequential_scheduler.go:81"}
2026-09-10T01:23:13.783Z	info	interleaved weighted round robin task scheduler started	{"logging-call-at": "/home/ubuntu/temporal-investigation-20260909/overnight-20260909/specula-engine/runs/temporal-reset-20260909-restart-1600/temporal-reset/.specula-output/confirmation/CR-2/worktree/common/tasks/interleaved_weighted_round_robin.go:116"}
2026-09-10T01:23:13.783Z	info	Update worker pool size	{"key": "worker-pool-size", "value": 64, "logging-call-at": "/home/ubuntu/temporal-investigation-20260909/overnight-20260909/specula-engine/runs/temporal-reset-20260909-restart-1600/temporal-reset/.specula-output/confirmation/CR-2/worktree/common/tasks/sequential_scheduler.go:228"}
2026-09-10T01:23:13.783Z	info	sequential scheduler started	{"logging-call-at": "/home/ubuntu/temporal-investigation-20260909/overnight-20260909/specula-engine/runs/temporal-reset-20260909-restart-1600/temporal-reset/.specula-output/confirmation/CR-2/worktree/common/tasks/sequential_scheduler.go:81"}
2026-09-10T01:23:13.783Z	info	interleaved weighted round robin task scheduler started	{"logging-call-at": "/home/ubuntu/temporal-investigation-20260909/overnight-20260909/specula-engine/runs/temporal-reset-20260909-restart-1600/temporal-reset/.specula-output/confirmation/CR-2/worktree/common/tasks/interleaved_weighted_round_robin.go:116"}
2026-09-10T01:23:13.783Z	info	Update worker pool size	{"key": "worker-pool-size", "service": "history", "value": 64, "logging-call-at": "/home/ubuntu/temporal-investigation-20260909/overnight-20260909/specula-engine/runs/temporal-reset-20260909-restart-1600/temporal-reset/.specula-output/confirmation/CR-2/worktree/common/tasks/fifo_scheduler.go:138"}
2026-09-10T01:23:13.783Z	info	fifo scheduler started	{"service": "history", "logging-call-at": "/home/ubuntu/temporal-investigation-20260909/overnight-20260909/specula-engine/runs/temporal-reset-20260909-restart-1600/temporal-reset/.specula-output/confirmation/CR-2/worktree/common/tasks/fifo_scheduler.go:68"}
2026-09-10T01:23:13.783Z	info	execution queue scheduler started	{"service": "history", "logging-call-at": "/home/ubuntu/temporal-investigation-20260909/overnight-20260909/specula-engine/runs/temporal-reset-20260909-restart-1600/temporal-reset/.specula-output/confirmation/CR-2/worktree/common/tasks/execution_queue_scheduler.go:93"}
2026-09-10T01:23:13.783Z	info	interleaved weighted round robin task scheduler started	{"service": "history", "logging-call-at": "/home/ubuntu/temporal-investigation-20260909/overnight-20260909/specula-engine/runs/temporal-reset-20260909-restart-1600/temporal-reset/.specula-output/confirmation/CR-2/worktree/common/tasks/interleaved_weighted_round_robin.go:116"}
2026-09-10T01:23:13.783Z	info	Update worker pool size	{"component": "memory-scheduled-queue-processor", "key": "worker-pool-size", "service": "history", "value": 64, "logging-call-at": "/home/ubuntu/temporal-investigation-20260909/overnight-20260909/specula-engine/runs/temporal-reset-20260909-restart-1600/temporal-reset/.specula-output/confirmation/CR-2/worktree/common/tasks/fifo_scheduler.go:138"}
2026-09-10T01:23:13.783Z	info	fifo scheduler started	{"component": "memory-scheduled-queue-processor", "service": "history", "logging-call-at": "/home/ubuntu/temporal-investigation-20260909/overnight-20260909/specula-engine/runs/temporal-reset-20260909-restart-1600/temporal-reset/.specula-output/confirmation/CR-2/worktree/common/tasks/fifo_scheduler.go:68"}
2026-09-10T01:23:13.783Z	info	Update worker pool size	{"key": "worker-pool-size", "service": "history", "value": 64, "logging-call-at": "/home/ubuntu/temporal-investigation-20260909/overnight-20260909/specula-engine/runs/temporal-reset-20260909-restart-1600/temporal-reset/.specula-output/confirmation/CR-2/worktree/common/tasks/fifo_scheduler.go:138"}
2026-09-10T01:23:13.783Z	info	fifo scheduler started	{"service": "history", "logging-call-at": "/home/ubuntu/temporal-investigation-20260909/overnight-20260909/specula-engine/runs/temporal-reset-20260909-restart-1600/temporal-reset/.specula-output/confirmation/CR-2/worktree/common/tasks/fifo_scheduler.go:68"}
2026-09-10T01:23:13.783Z	info	execution queue scheduler started	{"service": "history", "logging-call-at": "/home/ubuntu/temporal-investigation-20260909/overnight-20260909/specula-engine/runs/temporal-reset-20260909-restart-1600/temporal-reset/.specula-output/confirmation/CR-2/worktree/common/tasks/execution_queue_scheduler.go:93"}
2026-09-10T01:23:13.783Z	info	interleaved weighted round robin task scheduler started	{"service": "history", "logging-call-at": "/home/ubuntu/temporal-investigation-20260909/overnight-20260909/specula-engine/runs/temporal-reset-20260909-restart-1600/temporal-reset/.specula-output/confirmation/CR-2/worktree/common/tasks/interleaved_weighted_round_robin.go:116"}
2026-09-10T01:23:13.783Z	info	Update worker pool size	{"key": "worker-pool-size", "service": "history", "value": 64, "logging-call-at": "/home/ubuntu/temporal-investigation-20260909/overnight-20260909/specula-engine/runs/temporal-reset-20260909-restart-1600/temporal-reset/.specula-output/confirmation/CR-2/worktree/common/tasks/fifo_scheduler.go:138"}
2026-09-10T01:23:13.783Z	info	fifo scheduler started	{"service": "history", "logging-call-at": "/home/ubuntu/temporal-investigation-20260909/overnight-20260909/specula-engine/runs/temporal-reset-20260909-restart-1600/temporal-reset/.specula-output/confirmation/CR-2/worktree/common/tasks/fifo_scheduler.go:68"}
2026-09-10T01:23:13.783Z	info	execution queue scheduler started	{"service": "history", "logging-call-at": "/home/ubuntu/temporal-investigation-20260909/overnight-20260909/specula-engine/runs/temporal-reset-20260909-restart-1600/temporal-reset/.specula-output/confirmation/CR-2/worktree/common/tasks/execution_queue_scheduler.go:93"}
2026-09-10T01:23:13.783Z	info	interleaved weighted round robin task scheduler started	{"service": "history", "logging-call-at": "/home/ubuntu/temporal-investigation-20260909/overnight-20260909/specula-engine/runs/temporal-reset-20260909-restart-1600/temporal-reset/.specula-output/confirmation/CR-2/worktree/common/tasks/interleaved_weighted_round_robin.go:116"}
2026-09-10T01:23:13.783Z	info	Watch not supported by persistence, namespace registry will use polling	{"service": "history", "logging-call-at": "/home/ubuntu/temporal-investigation-20260909/overnight-20260909/specula-engine/runs/temporal-reset-20260909-restart-1600/temporal-reset/.specula-output/confirmation/CR-2/worktree/common/namespace/nsregistry/registry.go:234"}
2026-09-10T01:23:13.784Z	info	RuntimeMetricsReporter started	{"service": "history", "logging-call-at": "/home/ubuntu/temporal-investigation-20260909/overnight-20260909/specula-engine/runs/temporal-reset-20260909-restart-1600/temporal-reset/.specula-output/confirmation/CR-2/worktree/common/metrics/runtime.go:121"}
2026-09-10T01:23:13.784Z	info	history starting	{"logging-call-at": "/home/ubuntu/temporal-investigation-20260909/overnight-20260909/specula-engine/runs/temporal-reset-20260909-restart-1600/temporal-reset/.specula-output/confirmation/CR-2/worktree/service/history/service.go:69"}
2026-09-10T01:23:13.784Z	info	Replication task fetchers started.	{"logging-call-at": "/home/ubuntu/temporal-investigation-20260909/overnight-20260909/specula-engine/runs/temporal-reset-20260909-restart-1600/temporal-reset/.specula-output/confirmation/CR-2/worktree/service/history/replication/task_fetcher.go:117"}
2026-09-10T01:23:13.784Z	info	StreamReceiverMonitor started.	{"logging-call-at": "/home/ubuntu/temporal-investigation-20260909/overnight-20260909/specula-engine/runs/temporal-reset-20260909-restart-1600/temporal-reset/.specula-output/confirmation/CR-2/worktree/service/history/replication/stream_receiver_monitor.go:87"}
2026-09-10T01:23:13.784Z	info	none	{"address": "127.0.0.1:36383", "component": "shard-controller", "lifecycle": "Started", "logging-call-at": "/home/ubuntu/temporal-investigation-20260909/overnight-20260909/specula-engine/runs/temporal-reset-20260909-restart-1600/temporal-reset/.specula-output/confirmation/CR-2/worktree/service/history/shard/controller_impl.go:112"}
2026-09-10T01:23:13.784Z	info	Starting to serve on history listener	{"logging-call-at": "/home/ubuntu/temporal-investigation-20260909/overnight-20260909/specula-engine/runs/temporal-reset-20260909-restart-1600/temporal-reset/.specula-output/confirmation/CR-2/worktree/service/history/service.go:95"}
2026-09-10T01:23:13.784Z	info	none	{"address": "127.0.0.1:36383", "component": "shard-controller", "number-changed": 0, "number-deleted": 0, "number-processed": 1, "shard-update": "RingMembershipChangedEvent", "logging-call-at": "/home/ubuntu/temporal-investigation-20260909/overnight-20260909/specula-engine/runs/temporal-reset-20260909-restart-1600/temporal-reset/.specula-output/confirmation/CR-2/worktree/service/history/shard/ownership.go:92"}
2026-09-10T01:23:13.784Z	info	none	{"address": "127.0.0.1:36383", "component": "shard-context", "lifecycle": "Started", "shard-id": 1, "logging-call-at": "/home/ubuntu/temporal-investigation-20260909/overnight-20260909/specula-engine/runs/temporal-reset-20260909-restart-1600/temporal-reset/.specula-output/confirmation/CR-2/worktree/service/history/shard/context_impl.go:1764"}
2026-09-10T01:23:13.784Z	info	none	{"address": "127.0.0.1:36383", "component": "shard-controller", "numShards": 1, "logging-call-at": "/home/ubuntu/temporal-investigation-20260909/overnight-20260909/specula-engine/runs/temporal-reset-20260909-restart-1600/temporal-reset/.specula-output/confirmation/CR-2/worktree/service/history/shard/controller_impl.go:265"}
2026-09-10T01:23:13.784Z	info	Watch not supported by persistence, namespace registry will use polling	{"service": "frontend", "logging-call-at": "/home/ubuntu/temporal-investigation-20260909/overnight-20260909/specula-engine/runs/temporal-reset-20260909-restart-1600/temporal-reset/.specula-output/confirmation/CR-2/worktree/common/namespace/nsregistry/registry.go:234"}
2026-09-10T01:23:13.784Z	info	RuntimeMetricsReporter started	{"service": "frontend", "logging-call-at": "/home/ubuntu/temporal-investigation-20260909/overnight-20260909/specula-engine/runs/temporal-reset-20260909-restart-1600/temporal-reset/.specula-output/confirmation/CR-2/worktree/common/metrics/runtime.go:121"}
2026-09-10T01:23:13.784Z	info	frontend starting	{"service": "frontend", "logging-call-at": "/home/ubuntu/temporal-investigation-20260909/overnight-20260909/specula-engine/runs/temporal-reset-20260909-restart-1600/temporal-reset/.specula-output/confirmation/CR-2/worktree/service/frontend/service.go:515"}
2026-09-10T01:23:13.784Z	info	Frontend is now healthy	{"service": "frontend", "logging-call-at": "/home/ubuntu/temporal-investigation-20260909/overnight-20260909/specula-engine/runs/temporal-reset-20260909-restart-1600/temporal-reset/.specula-output/confirmation/CR-2/worktree/service/frontend/workflow_handler.go:419"}
2026-09-10T01:23:13.784Z	info	Starting to serve on frontend listener	{"service": "frontend", "logging-call-at": "/home/ubuntu/temporal-investigation-20260909/overnight-20260909/specula-engine/runs/temporal-reset-20260909-restart-1600/temporal-reset/.specula-output/confirmation/CR-2/worktree/service/frontend/service.go:533"}
2026-09-10T01:23:13.784Z	info	Range updated for shardID	{"address": "127.0.0.1:36383", "previous-shard-range-id": 0, "shard-id": 1, "shard-range-id": 1, "logging-call-at": "/home/ubuntu/temporal-investigation-20260909/overnight-20260909/specula-engine/runs/temporal-reset-20260909-restart-1600/temporal-reset/.specula-output/confirmation/CR-2/worktree/service/history/shard/context_impl.go:1241"}
2026-09-10T01:23:13.784Z	info	Task key range updated	{"address": "127.0.0.1:36383", "next-number": 2097152, "number": 1048576, "shard-id": 1, "logging-call-at": "/home/ubuntu/temporal-investigation-20260909/overnight-20260909/specula-engine/runs/temporal-reset-20260909-restart-1600/temporal-reset/.specula-output/confirmation/CR-2/worktree/service/history/shard/task_key_generator.go:155"}
2026-09-10T01:23:13.784Z	info	Acquired shard	{"address": "127.0.0.1:36383", "shard-id": 1, "logging-call-at": "/home/ubuntu/temporal-investigation-20260909/overnight-20260909/specula-engine/runs/temporal-reset-20260909-restart-1600/temporal-reset/.specula-output/confirmation/CR-2/worktree/service/history/shard/context_impl.go:2129"}
2026-09-10T01:23:13.784Z	info	none	{"address": "127.0.0.1:36383", "component": "shard-engine", "lifecycle": "Starting", "shard-id": 1, "logging-call-at": "/home/ubuntu/temporal-investigation-20260909/overnight-20260909/specula-engine/runs/temporal-reset-20260909-restart-1600/temporal-reset/.specula-output/confirmation/CR-2/worktree/service/history/shard/context_impl.go:1604"}
2026-09-10T01:23:13.784Z	info	none	{"address": "127.0.0.1:36383", "component": "history-engine", "lifecycle": "Starting", "shard-id": 1, "logging-call-at": "/home/ubuntu/temporal-investigation-20260909/overnight-20260909/specula-engine/runs/temporal-reset-20260909-restart-1600/temporal-reset/.specula-output/confirmation/CR-2/worktree/service/history/history_engine.go:386"}
2026-09-10T01:23:13.784Z	info	none	{"component": "memory-scheduled-queue-processor", "lifecycle": "Starting", "service": "history", "logging-call-at": "/home/ubuntu/temporal-investigation-20260909/overnight-20260909/specula-engine/runs/temporal-reset-20260909-restart-1600/temporal-reset/.specula-output/confirmation/CR-2/worktree/service/history/queues/memory_scheduled_queue.go:79"}
2026-09-10T01:23:13.784Z	info	none	{"component": "memory-scheduled-queue-processor", "lifecycle": "Started", "service": "history", "logging-call-at": "/home/ubuntu/temporal-investigation-20260909/overnight-20260909/specula-engine/runs/temporal-reset-20260909-restart-1600/temporal-reset/.specula-output/confirmation/CR-2/worktree/service/history/queues/memory_scheduled_queue.go:84"}
2026-09-10T01:23:13.784Z	info	none	{"address": "127.0.0.1:36383", "component": "outbound-queue-processor", "lifecycle": "Starting", "shard-id": 1, "logging-call-at": "/home/ubuntu/temporal-investigation-20260909/overnight-20260909/specula-engine/runs/temporal-reset-20260909-restart-1600/temporal-reset/.specula-output/confirmation/CR-2/worktree/service/history/queues/queue_immediate.go:96"}
2026-09-10T01:23:13.784Z	info	Task rescheduler started.	{"address": "127.0.0.1:36383", "component": "outbound-queue-processor", "lifecycle": "Started", "shard-id": 1, "logging-call-at": "/home/ubuntu/temporal-investigation-20260909/overnight-20260909/specula-engine/runs/temporal-reset-20260909-restart-1600/temporal-reset/.specula-output/confirmation/CR-2/worktree/service/history/queues/rescheduler.go:102"}
2026-09-10T01:23:13.784Z	info	none	{"address": "127.0.0.1:36383", "component": "outbound-queue-processor", "lifecycle": "Started", "shard-id": 1, "logging-call-at": "/home/ubuntu/temporal-investigation-20260909/overnight-20260909/specula-engine/runs/temporal-reset-20260909-restart-1600/temporal-reset/.specula-output/confirmation/CR-2/worktree/service/history/queues/queue_immediate.go:105"}
2026-09-10T01:23:13.784Z	info	none	{"address": "127.0.0.1:36383", "component": "transfer-queue-processor", "lifecycle": "Starting", "shard-id": 1, "logging-call-at": "/home/ubuntu/temporal-investigation-20260909/overnight-20260909/specula-engine/runs/temporal-reset-20260909-restart-1600/temporal-reset/.specula-output/confirmation/CR-2/worktree/service/history/queues/queue_immediate.go:96"}
2026-09-10T01:23:13.784Z	info	Task rescheduler started.	{"address": "127.0.0.1:36383", "component": "transfer-queue-processor", "lifecycle": "Started", "shard-id": 1, "logging-call-at": "/home/ubuntu/temporal-investigation-20260909/overnight-20260909/specula-engine/runs/temporal-reset-20260909-restart-1600/temporal-reset/.specula-output/confirmation/CR-2/worktree/service/history/queues/rescheduler.go:102"}
2026-09-10T01:23:13.784Z	info	none	{"address": "127.0.0.1:36383", "component": "transfer-queue-processor", "lifecycle": "Started", "shard-id": 1, "logging-call-at": "/home/ubuntu/temporal-investigation-20260909/overnight-20260909/specula-engine/runs/temporal-reset-20260909-restart-1600/temporal-reset/.specula-output/confirmation/CR-2/worktree/service/history/queues/queue_immediate.go:105"}
2026-09-10T01:23:13.785Z	info	none	{"address": "127.0.0.1:36383", "component": "timer-queue-processor", "lifecycle": "Starting", "shard-id": 1, "logging-call-at": "/home/ubuntu/temporal-investigation-20260909/overnight-20260909/specula-engine/runs/temporal-reset-20260909-restart-1600/temporal-reset/.specula-output/confirmation/CR-2/worktree/service/history/queues/queue_scheduled.go:130"}
2026-09-10T01:23:13.785Z	info	Task rescheduler started.	{"address": "127.0.0.1:36383", "component": "timer-queue-processor", "lifecycle": "Started", "shard-id": 1, "logging-call-at": "/home/ubuntu/temporal-investigation-20260909/overnight-20260909/specula-engine/runs/temporal-reset-20260909-restart-1600/temporal-reset/.specula-output/confirmation/CR-2/worktree/service/history/queues/rescheduler.go:102"}
2026-09-10T01:23:13.785Z	info	none	{"address": "127.0.0.1:36383", "component": "timer-queue-processor", "lifecycle": "Started", "shard-id": 1, "logging-call-at": "/home/ubuntu/temporal-investigation-20260909/overnight-20260909/specula-engine/runs/temporal-reset-20260909-restart-1600/temporal-reset/.specula-output/confirmation/CR-2/worktree/service/history/queues/queue_scheduled.go:139"}
2026-09-10T01:23:13.785Z	info	none	{"address": "127.0.0.1:36383", "component": "visibility-queue-processor", "lifecycle": "Starting", "shard-id": 1, "logging-call-at": "/home/ubuntu/temporal-investigation-20260909/overnight-20260909/specula-engine/runs/temporal-reset-20260909-restart-1600/temporal-reset/.specula-output/confirmation/CR-2/worktree/service/history/queues/queue_immediate.go:96"}
2026-09-10T01:23:13.785Z	info	Task rescheduler started.	{"address": "127.0.0.1:36383", "component": "visibility-queue-processor", "lifecycle": "Started", "shard-id": 1, "logging-call-at": "/home/ubuntu/temporal-investigation-20260909/overnight-20260909/specula-engine/runs/temporal-reset-20260909-restart-1600/temporal-reset/.specula-output/confirmation/CR-2/worktree/service/history/queues/rescheduler.go:102"}
2026-09-10T01:23:13.785Z	info	none	{"address": "127.0.0.1:36383", "component": "visibility-queue-processor", "lifecycle": "Started", "shard-id": 1, "logging-call-at": "/home/ubuntu/temporal-investigation-20260909/overnight-20260909/specula-engine/runs/temporal-reset-20260909-restart-1600/temporal-reset/.specula-output/confirmation/CR-2/worktree/service/history/queues/queue_immediate.go:105"}
2026-09-10T01:23:13.785Z	info	queue reader started	{"address": "127.0.0.1:36383", "component": "outbound-queue-processor", "lifecycle": "Started", "queue-reader-id": 0, "shard-id": 1, "logging-call-at": "/home/ubuntu/temporal-investigation-20260909/overnight-20260909/specula-engine/runs/temporal-reset-20260909-restart-1600/temporal-reset/.specula-output/confirmation/CR-2/worktree/service/history/queues/reader.go:158"}
2026-09-10T01:23:13.785Z	info	none	{"address": "127.0.0.1:36383", "component": "history-engine", "lifecycle": "Started", "shard-id": 1, "logging-call-at": "/home/ubuntu/temporal-investigation-20260909/overnight-20260909/specula-engine/runs/temporal-reset-20260909-restart-1600/temporal-reset/.specula-output/confirmation/CR-2/worktree/service/history/history_engine.go:395"}
2026-09-10T01:23:13.785Z	info	none	{"address": "127.0.0.1:36383", "component": "shard-engine", "lifecycle": "Started", "shard-id": 1, "logging-call-at": "/home/ubuntu/temporal-investigation-20260909/overnight-20260909/specula-engine/runs/temporal-reset-20260909-restart-1600/temporal-reset/.specula-output/confirmation/CR-2/worktree/service/history/shard/context_impl.go:1607"}
2026-09-10T01:23:13.785Z	info	queue reader started	{"address": "127.0.0.1:36383", "component": "visibility-queue-processor", "lifecycle": "Started", "queue-reader-id": 0, "shard-id": 1, "logging-call-at": "/home/ubuntu/temporal-investigation-20260909/overnight-20260909/specula-engine/runs/temporal-reset-20260909-restart-1600/temporal-reset/.specula-output/confirmation/CR-2/worktree/service/history/queues/reader.go:158"}
2026-09-10T01:23:13.785Z	info	queue reader started	{"address": "127.0.0.1:36383", "component": "transfer-queue-processor", "lifecycle": "Started", "queue-reader-id": 0, "shard-id": 1, "logging-call-at": "/home/ubuntu/temporal-investigation-20260909/overnight-20260909/specula-engine/runs/temporal-reset-20260909-restart-1600/temporal-reset/.specula-output/confirmation/CR-2/worktree/service/history/queues/reader.go:158"}
2026-09-10T01:23:13.785Z	info	queue reader started	{"address": "127.0.0.1:36383", "component": "timer-queue-processor", "lifecycle": "Started", "queue-reader-id": 0, "shard-id": 1, "logging-call-at": "/home/ubuntu/temporal-investigation-20260909/overnight-20260909/specula-engine/runs/temporal-reset-20260909-restart-1600/temporal-reset/.specula-output/confirmation/CR-2/worktree/service/history/queues/reader.go:158"}
2026-09-10T01:23:13.785Z	info	initial shards ready	{"address": "127.0.0.1:36383", "component": "shard-controller", "total": 1, "logging-call-at": "/home/ubuntu/temporal-investigation-20260909/overnight-20260909/specula-engine/runs/temporal-reset-20260909-restart-1600/temporal-reset/.specula-output/confirmation/CR-2/worktree/service/history/shard/controller_impl.go:511"}
2026-09-10T01:23:13.785Z	info	ContextMetadataInterceptor: No metadata in context, not setting trailer	{"fullMethod": "/temporal.server.api.matchingservice.v1.MatchingService/ListNexusEndpoints", "logging-call-at": "/home/ubuntu/temporal-investigation-20260909/overnight-20260909/specula-engine/runs/temporal-reset-20260909-restart-1600/temporal-reset/.specula-output/confirmation/CR-2/worktree/common/log/throttle_logger.go:44"}
2026-09-10T01:23:13.785Z	info	TrailerToContextMetadataInterceptor: No metadata in trailer	{"contextWrapped": false, "method": "/temporal.server.api.matchingservice.v1.MatchingService/ListNexusEndpoints", "service": "frontend", "logging-call-at": "/home/ubuntu/temporal-investigation-20260909/overnight-20260909/specula-engine/runs/temporal-reset-20260909-restart-1600/temporal-reset/.specula-output/confirmation/CR-2/worktree/common/log/throttle_logger.go:44"}
2026-09-10T01:23:13.785Z	info	TrailerToContextMetadataInterceptor: No metadata in trailer	{"contextWrapped": false, "method": "/temporal.server.api.matchingservice.v1.MatchingService/ListNexusEndpoints", "service": "history", "logging-call-at": "/home/ubuntu/temporal-investigation-20260909/overnight-20260909/specula-engine/runs/temporal-reset-20260909-restart-1600/temporal-reset/.specula-output/confirmation/CR-2/worktree/common/log/throttle_logger.go:44"}
2026-09-10T01:23:13.786Z	debug	Frontend method invoked.	{"wf-namespace": "namespace-a4f1a89a-c5f9-4f1d-85d2-bec747706504", "operation": "DescribeNamespace", "server-name": "", "cert-thumbprint": "", "logging-call-at": "/home/ubuntu/temporal-investigation-20260909/overnight-20260909/specula-engine/runs/temporal-reset-20260909-restart-1600/temporal-reset/.specula-output/confirmation/CR-2/worktree/common/rpc/interceptor/namespace_logger.go:53"}
2026-09-10T01:23:13.786Z	info	Quota changed	{"component": "rpc-handler", "current-quota": null, "new-quota": 2400, "scope": "namespace", "service": "frontend", "wf-namespace": "namespace-a4f1a89a-c5f9-4f1d-85d2-bec747706504", "logging-call-at": "/home/ubuntu/temporal-investigation-20260909/overnight-20260909/specula-engine/runs/temporal-reset-20260909-restart-1600/temporal-reset/.specula-output/confirmation/CR-2/worktree/common/quotas/calculator/logged_calculator.go:100"}
2026-09-10T01:23:13.786Z	info	Quota changed	{"component": "persistence", "current-quota": null, "new-quota": 0, "scope": "namespace", "service": "frontend", "wf-namespace": "namespace-a4f1a89a-c5f9-4f1d-85d2-bec747706504", "logging-call-at": "/home/ubuntu/temporal-investigation-20260909/overnight-20260909/specula-engine/runs/temporal-reset-20260909-restart-1600/temporal-reset/.specula-output/confirmation/CR-2/worktree/common/quotas/calculator/logged_calculator.go:100"}
2026-09-10T01:23:13.786Z	debug	Frontend method invoked.	{"wf-namespace": "namespace-a4f1a89a-c5f9-4f1d-85d2-bec747706504", "operation": "AddSearchAttributes", "server-name": "", "cert-thumbprint": "", "logging-call-at": "/home/ubuntu/temporal-investigation-20260909/overnight-20260909/specula-engine/runs/temporal-reset-20260909-restart-1600/temporal-reset/.specula-output/confirmation/CR-2/worktree/common/rpc/interceptor/namespace_logger.go:53"}
2026-09-10T01:23:13.787Z	debug	Frontend method invoked.	{"wf-namespace": "namespace-a4f1a89a-c5f9-4f1d-85d2-bec747706504", "operation": "DescribeNamespace", "server-name": "", "cert-thumbprint": "", "logging-call-at": "/home/ubuntu/temporal-investigation-20260909/overnight-20260909/specula-engine/runs/temporal-reset-20260909-restart-1600/temporal-reset/.specula-output/confirmation/CR-2/worktree/common/rpc/interceptor/namespace_logger.go:53"}
2026-09-10T01:23:13.787Z	debug	Frontend method invoked.	{"wf-namespace": "namespace-a4f1a89a-c5f9-4f1d-85d2-bec747706504", "operation": "UpdateNamespace", "server-name": "", "cert-thumbprint": "", "logging-call-at": "/home/ubuntu/temporal-investigation-20260909/overnight-20260909/specula-engine/runs/temporal-reset-20260909-restart-1600/temporal-reset/.specula-output/confirmation/CR-2/worktree/common/rpc/interceptor/namespace_logger.go:53"}
2026-09-10T01:23:13.787Z	info	Quota changed	{"component": "namespace-replication", "current-quota": null, "new-quota": 10, "scope": "namespace", "service": "frontend", "wf-namespace": "namespace-a4f1a89a-c5f9-4f1d-85d2-bec747706504", "logging-call-at": "/home/ubuntu/temporal-investigation-20260909/overnight-20260909/specula-engine/runs/temporal-reset-20260909-restart-1600/temporal-reset/.specula-output/confirmation/CR-2/worktree/common/quotas/calculator/logged_calculator.go:100"}
2026-09-10T01:23:13.787Z	info	Update namespace succeeded	{"service": "frontend", "wf-namespace": "namespace-a4f1a89a-c5f9-4f1d-85d2-bec747706504", "wf-namespace-id": "bdde5adc-5af9-4670-baa8-4be1535e64f2", "logging-call-at": "/home/ubuntu/temporal-investigation-20260909/overnight-20260909/specula-engine/runs/temporal-reset-20260909-restart-1600/temporal-reset/.specula-output/confirmation/CR-2/worktree/service/frontend/namespace_handler.go:667"}
2026-09-10T01:23:13.788Z	debug	Frontend method invoked.	{"wf-namespace": "namespace-a4f1a89a-c5f9-4f1d-85d2-bec747706504", "operation": "ListSearchAttributes", "server-name": "", "cert-thumbprint": "", "logging-call-at": "/home/ubuntu/temporal-investigation-20260909/overnight-20260909/specula-engine/runs/temporal-reset-20260909-restart-1600/temporal-reset/.specula-output/confirmation/CR-2/worktree/common/rpc/interceptor/namespace_logger.go:53"}
2026-09-10T01:23:13.788Z	debug	Frontend method invoked.	{"wf-namespace": "namespace-a4f1a89a-c5f9-4f1d-85d2-bec747706504", "operation": "DescribeNamespace", "server-name": "", "cert-thumbprint": "", "logging-call-at": "/home/ubuntu/temporal-investigation-20260909/overnight-20260909/specula-engine/runs/temporal-reset-20260909-restart-1600/temporal-reset/.specula-output/confirmation/CR-2/worktree/common/rpc/interceptor/namespace_logger.go:53"}
2026-09-10T01:23:13.788Z	info	Register namespace succeeded	{"wf-namespace": "namespace-a4f1a89a-c5f9-4f1d-85d2-bec747706504", "wf-namespace-id": "bdde5adc-5af9-4670-baa8-4be1535e64f2", "logging-call-at": "/home/ubuntu/temporal-investigation-20260909/overnight-20260909/specula-engine/runs/temporal-reset-20260909-restart-1600/temporal-reset/.specula-output/confirmation/CR-2/worktree/tests/testcore/functional_test_base.go:600"}
2026-09-10T01:23:13.789Z	debug	Frontend method invoked.	{"wf-namespace": "external-namespace-65a6e828-c4fc-4862-b04f-bd3d6e5aef7d", "operation": "DescribeNamespace", "server-name": "", "cert-thumbprint": "", "logging-call-at": "/home/ubuntu/temporal-investigation-20260909/overnight-20260909/specula-engine/runs/temporal-reset-20260909-restart-1600/temporal-reset/.specula-output/confirmation/CR-2/worktree/common/rpc/interceptor/namespace_logger.go:53"}
2026-09-10T01:23:13.789Z	info	Quota changed	{"component": "rpc-handler", "current-quota": null, "new-quota": 2400, "scope": "namespace", "service": "frontend", "wf-namespace": "external-namespace-65a6e828-c4fc-4862-b04f-bd3d6e5aef7d", "logging-call-at": "/home/ubuntu/temporal-investigation-20260909/overnight-20260909/specula-engine/runs/temporal-reset-20260909-restart-1600/temporal-reset/.specula-output/confirmation/CR-2/worktree/common/quotas/calculator/logged_calculator.go:100"}
2026-09-10T01:23:13.789Z	info	Quota changed	{"component": "persistence", "current-quota": null, "new-quota": 0, "scope": "namespace", "service": "frontend", "wf-namespace": "external-namespace-65a6e828-c4fc-4862-b04f-bd3d6e5aef7d", "logging-call-at": "/home/ubuntu/temporal-investigation-20260909/overnight-20260909/specula-engine/runs/temporal-reset-20260909-restart-1600/temporal-reset/.specula-output/confirmation/CR-2/worktree/common/quotas/calculator/logged_calculator.go:100"}
2026-09-10T01:23:13.789Z	debug	Frontend method invoked.	{"wf-namespace": "external-namespace-65a6e828-c4fc-4862-b04f-bd3d6e5aef7d", "operation": "AddSearchAttributes", "server-name": "", "cert-thumbprint": "", "logging-call-at": "/home/ubuntu/temporal-investigation-20260909/overnight-20260909/specula-engine/runs/temporal-reset-20260909-restart-1600/temporal-reset/.specula-output/confirmation/CR-2/worktree/common/rpc/interceptor/namespace_logger.go:53"}
2026-09-10T01:23:13.789Z	debug	Frontend method invoked.	{"wf-namespace": "external-namespace-65a6e828-c4fc-4862-b04f-bd3d6e5aef7d", "operation": "DescribeNamespace", "server-name": "", "cert-thumbprint": "", "logging-call-at": "/home/ubuntu/temporal-investigation-20260909/overnight-20260909/specula-engine/runs/temporal-reset-20260909-restart-1600/temporal-reset/.specula-output/confirmation/CR-2/worktree/common/rpc/interceptor/namespace_logger.go:53"}
2026-09-10T01:23:13.789Z	debug	Frontend method invoked.	{"wf-namespace": "external-namespace-65a6e828-c4fc-4862-b04f-bd3d6e5aef7d", "operation": "UpdateNamespace", "server-name": "", "cert-thumbprint": "", "logging-call-at": "/home/ubuntu/temporal-investigation-20260909/overnight-20260909/specula-engine/runs/temporal-reset-20260909-restart-1600/temporal-reset/.specula-output/confirmation/CR-2/worktree/common/rpc/interceptor/namespace_logger.go:53"}
2026-09-10T01:23:13.789Z	info	Quota changed	{"component": "namespace-replication", "current-quota": null, "new-quota": 10, "scope": "namespace", "service": "frontend", "wf-namespace": "external-namespace-65a6e828-c4fc-4862-b04f-bd3d6e5aef7d", "logging-call-at": "/home/ubuntu/temporal-investigation-20260909/overnight-20260909/specula-engine/runs/temporal-reset-20260909-restart-1600/temporal-reset/.specula-output/confirmation/CR-2/worktree/common/quotas/calculator/logged_calculator.go:100"}
2026-09-10T01:23:13.790Z	info	Update namespace succeeded	{"service": "frontend", "wf-namespace": "external-namespace-65a6e828-c4fc-4862-b04f-bd3d6e5aef7d", "wf-namespace-id": "d4f4e5b8-61bf-4bc5-af8d-c3a3f91be332", "logging-call-at": "/home/ubuntu/temporal-investigation-20260909/overnight-20260909/specula-engine/runs/temporal-reset-20260909-restart-1600/temporal-reset/.specula-output/confirmation/CR-2/worktree/service/frontend/namespace_handler.go:667"}
2026-09-10T01:23:13.790Z	debug	Frontend method invoked.	{"wf-namespace": "external-namespace-65a6e828-c4fc-4862-b04f-bd3d6e5aef7d", "operation": "ListSearchAttributes", "server-name": "", "cert-thumbprint": "", "logging-call-at": "/home/ubuntu/temporal-investigation-20260909/overnight-20260909/specula-engine/runs/temporal-reset-20260909-restart-1600/temporal-reset/.specula-output/confirmation/CR-2/worktree/common/rpc/interceptor/namespace_logger.go:53"}
2026-09-10T01:23:13.790Z	debug	Frontend method invoked.	{"wf-namespace": "external-namespace-65a6e828-c4fc-4862-b04f-bd3d6e5aef7d", "operation": "DescribeNamespace", "server-name": "", "cert-thumbprint": "", "logging-call-at": "/home/ubuntu/temporal-investigation-20260909/overnight-20260909/specula-engine/runs/temporal-reset-20260909-restart-1600/temporal-reset/.specula-output/confirmation/CR-2/worktree/common/rpc/interceptor/namespace_logger.go:53"}
2026-09-10T01:23:13.790Z	info	Register namespace succeeded	{"wf-namespace": "external-namespace-65a6e828-c4fc-4862-b04f-bd3d6e5aef7d", "wf-namespace-id": "d4f4e5b8-61bf-4bc5-af8d-c3a3f91be332", "logging-call-at": "/home/ubuntu/temporal-investigation-20260909/overnight-20260909/specula-engine/runs/temporal-reset-20260909-restart-1600/temporal-reset/.specula-output/confirmation/CR-2/worktree/tests/testcore/functional_test_base.go:600"}
2026/09/10 01:23:13 CLUSTEREVENT {"kind":"dedicated","reason":"custom history shard count used","suite":"TestWorkflowResetTestSuite","test":"TestWorkflowResetTestSuite/TestTraceReset","worker":false}
    shared_cluster_t.go:72: 2026-09-10T01:23:13.791Z	debug	Frontend method invoked.	{"wf-namespace": "TestWorkflowResetTestSuite-TestTraceReset-62826d4d-e948-45be-8171-aa7d6bb6825c", "operation": "DescribeNamespace", "server-name": "", "cert-thumbprint": "", "logging-call-at": "/home/ubuntu/temporal-investigation-20260909/overnight-20260909/specula-engine/runs/temporal-reset-20260909-restart-1600/temporal-reset/.specula-output/confirmation/CR-2/worktree/common/rpc/interceptor/namespace_logger.go:53"}
    shared_cluster_t.go:72: 2026-09-10T01:23:13.791Z	info	Quota changed	{"component": "rpc-handler", "current-quota": null, "new-quota": 2400, "scope": "namespace", "service": "frontend", "wf-namespace": "TestWorkflowResetTestSuite-TestTraceReset-62826d4d-e948-45be-8171-aa7d6bb6825c", "logging-call-at": "/home/ubuntu/temporal-investigation-20260909/overnight-20260909/specula-engine/runs/temporal-reset-20260909-restart-1600/temporal-reset/.specula-output/confirmation/CR-2/worktree/common/quotas/calculator/logged_calculator.go:100"}
    shared_cluster_t.go:72: 2026-09-10T01:23:13.791Z	info	Quota changed	{"component": "persistence", "current-quota": null, "new-quota": 0, "scope": "namespace", "service": "frontend", "wf-namespace": "TestWorkflowResetTestSuite-TestTraceReset-62826d4d-e948-45be-8171-aa7d6bb6825c", "logging-call-at": "/home/ubuntu/temporal-investigation-20260909/overnight-20260909/specula-engine/runs/temporal-reset-20260909-restart-1600/temporal-reset/.specula-output/confirmation/CR-2/worktree/common/quotas/calculator/logged_calculator.go:100"}
    shared_cluster_t.go:72: 2026-09-10T01:23:13.791Z	debug	Frontend method invoked.	{"wf-namespace": "TestWorkflowResetTestSuite-TestTraceReset-62826d4d-e948-45be-8171-aa7d6bb6825c", "operation": "AddSearchAttributes", "server-name": "", "cert-thumbprint": "", "logging-call-at": "/home/ubuntu/temporal-investigation-20260909/overnight-20260909/specula-engine/runs/temporal-reset-20260909-restart-1600/temporal-reset/.specula-output/confirmation/CR-2/worktree/common/rpc/interceptor/namespace_logger.go:53"}
    shared_cluster_t.go:72: 2026-09-10T01:23:13.791Z	debug	Frontend method invoked.	{"wf-namespace": "TestWorkflowResetTestSuite-TestTraceReset-62826d4d-e948-45be-8171-aa7d6bb6825c", "operation": "DescribeNamespace", "server-name": "", "cert-thumbprint": "", "logging-call-at": "/home/ubuntu/temporal-investigation-20260909/overnight-20260909/specula-engine/runs/temporal-reset-20260909-restart-1600/temporal-reset/.specula-output/confirmation/CR-2/worktree/common/rpc/interceptor/namespace_logger.go:53"}
    shared_cluster_t.go:72: 2026-09-10T01:23:13.792Z	debug	Frontend method invoked.	{"wf-namespace": "TestWorkflowResetTestSuite-TestTraceReset-62826d4d-e948-45be-8171-aa7d6bb6825c", "operation": "UpdateNamespace", "server-name": "", "cert-thumbprint": "", "logging-call-at": "/home/ubuntu/temporal-investigation-20260909/overnight-20260909/specula-engine/runs/temporal-reset-20260909-restart-1600/temporal-reset/.specula-output/confirmation/CR-2/worktree/common/rpc/interceptor/namespace_logger.go:53"}
    shared_cluster_t.go:72: 2026-09-10T01:23:13.792Z	info	Quota changed	{"component": "namespace-replication", "current-quota": null, "new-quota": 10, "scope": "namespace", "service": "frontend", "wf-namespace": "TestWorkflowResetTestSuite-TestTraceReset-62826d4d-e948-45be-8171-aa7d6bb6825c", "logging-call-at": "/home/ubuntu/temporal-investigation-20260909/overnight-20260909/specula-engine/runs/temporal-reset-20260909-restart-1600/temporal-reset/.specula-output/confirmation/CR-2/worktree/common/quotas/calculator/logged_calculator.go:100"}
    shared_cluster_t.go:72: 2026-09-10T01:23:13.792Z	info	Update namespace succeeded	{"service": "frontend", "wf-namespace": "TestWorkflowResetTestSuite-TestTraceReset-62826d4d-e948-45be-8171-aa7d6bb6825c", "wf-namespace-id": "b4bf22ea-b80a-4bca-8cc1-92d52343d5f8", "logging-call-at": "/home/ubuntu/temporal-investigation-20260909/overnight-20260909/specula-engine/runs/temporal-reset-20260909-restart-1600/temporal-reset/.specula-output/confirmation/CR-2/worktree/service/frontend/namespace_handler.go:667"}
    shared_cluster_t.go:72: 2026-09-10T01:23:13.792Z	debug	Frontend method invoked.	{"wf-namespace": "TestWorkflowResetTestSuite-TestTraceReset-62826d4d-e948-45be-8171-aa7d6bb6825c", "operation": "ListSearchAttributes", "server-name": "", "cert-thumbprint": "", "logging-call-at": "/home/ubuntu/temporal-investigation-20260909/overnight-20260909/specula-engine/runs/temporal-reset-20260909-restart-1600/temporal-reset/.specula-output/confirmation/CR-2/worktree/common/rpc/interceptor/namespace_logger.go:53"}
    shared_cluster_t.go:72: 2026-09-10T01:23:13.792Z	debug	Frontend method invoked.	{"wf-namespace": "TestWorkflowResetTestSuite-TestTraceReset-62826d4d-e948-45be-8171-aa7d6bb6825c", "operation": "DescribeNamespace", "server-name": "", "cert-thumbprint": "", "logging-call-at": "/home/ubuntu/temporal-investigation-20260909/overnight-20260909/specula-engine/runs/temporal-reset-20260909-restart-1600/temporal-reset/.specula-output/confirmation/CR-2/worktree/common/rpc/interceptor/namespace_logger.go:53"}
    shared_cluster_t.go:72: 2026-09-10T01:23:13.792Z	info	Register namespace succeeded	{"wf-namespace": "TestWorkflowResetTestSuite-TestTraceReset-62826d4d-e948-45be-8171-aa7d6bb6825c", "wf-namespace-id": "b4bf22ea-b80a-4bca-8cc1-92d52343d5f8", "logging-call-at": "/home/ubuntu/temporal-investigation-20260909/overnight-20260909/specula-engine/runs/temporal-reset-20260909-restart-1600/temporal-reset/.specula-output/confirmation/CR-2/worktree/tests/testcore/functional_test_base.go:600"}
    shared_cluster_t.go:72: 2026-09-10T01:23:13.793Z	debug	routing key extraction: adding routing key to context	{"wf-id": "TestWorkflowResetTestSuite/TestTraceReset_workflow_id", "grpc-method": "/temporal.api.workflowservice.v1.WorkflowService/DescribeWorkflowExecution", "logging-call-at": "/home/ubuntu/temporal-investigation-20260909/overnight-20260909/specula-engine/runs/temporal-reset-20260909-restart-1600/temporal-reset/.specula-output/confirmation/CR-2/worktree/common/rpc/interceptor/routing_key_interceptor.go:112"}
    shared_cluster_t.go:72: 2026-09-10T01:23:13.793Z	debug	Frontend method invoked.	{"wf-namespace": "TestWorkflowResetTestSuite-TestTraceReset-62826d4d-e948-45be-8171-aa7d6bb6825c", "operation": "DescribeWorkflowExecution", "server-name": "", "cert-thumbprint": "", "logging-call-at": "/home/ubuntu/temporal-investigation-20260909/overnight-20260909/specula-engine/runs/temporal-reset-20260909-restart-1600/temporal-reset/.specula-output/confirmation/CR-2/worktree/common/rpc/interceptor/namespace_logger.go:53"}
    shared_cluster_t.go:72: 2026-09-10T01:23:13.794Z	info	Quota changed	{"component": "persistence", "current-quota": null, "new-quota": 0, "scope": "namespace", "service": "history", "wf-namespace": "TestWorkflowResetTestSuite-TestTraceReset-62826d4d-e948-45be-8171-aa7d6bb6825c", "logging-call-at": "/home/ubuntu/temporal-investigation-20260909/overnight-20260909/specula-engine/runs/temporal-reset-20260909-restart-1600/temporal-reset/.specula-output/confirmation/CR-2/worktree/common/quotas/calculator/logged_calculator.go:100"}
    shared_cluster_t.go:72: 2026-09-10T01:23:13.794Z	info	ContextMetadataInterceptor: No metadata in context, not setting trailer	{"fullMethod": "/temporal.server.api.historyservice.v1.HistoryService/DescribeWorkflowExecution", "logging-call-at": "/home/ubuntu/temporal-investigation-20260909/overnight-20260909/specula-engine/runs/temporal-reset-20260909-restart-1600/temporal-reset/.specula-output/confirmation/CR-2/worktree/common/log/throttle_logger.go:44"}
    shared_cluster_t.go:72: 2026-09-10T01:23:13.795Z	debug	routing key extraction: adding routing key to context	{"wf-id": "TestWorkflowResetTestSuite/TestTraceReset_workflow_id", "grpc-method": "/temporal.api.workflowservice.v1.WorkflowService/StartWorkflowExecution", "logging-call-at": "/home/ubuntu/temporal-investigation-20260909/overnight-20260909/specula-engine/runs/temporal-reset-20260909-restart-1600/temporal-reset/.specula-output/confirmation/CR-2/worktree/common/rpc/interceptor/routing_key_interceptor.go:112"}
    shared_cluster_t.go:72: 2026-09-10T01:23:13.795Z	debug	Frontend method invoked.	{"wf-namespace": "TestWorkflowResetTestSuite-TestTraceReset-62826d4d-e948-45be-8171-aa7d6bb6825c", "operation": "StartWorkflowExecution", "server-name": "", "cert-thumbprint": "", "logging-call-at": "/home/ubuntu/temporal-investigation-20260909/overnight-20260909/specula-engine/runs/temporal-reset-20260909-restart-1600/temporal-reset/.specula-output/confirmation/CR-2/worktree/common/rpc/interceptor/namespace_logger.go:53"}
    shared_cluster_t.go:72: 2026-09-10T01:23:13.796Z	debug	Received StartWorkflowExecution.	{"service": "frontend", "wf-id": "TestWorkflowResetTestSuite/TestTraceReset_workflow_id", "wf-type": "TestWorkflowResetTestSuite/TestTraceReset_workflow_type", "logging-call-at": "/home/ubuntu/temporal-investigation-20260909/overnight-20260909/specula-engine/runs/temporal-reset-20260909-restart-1600/temporal-reset/.specula-output/confirmation/CR-2/worktree/service/frontend/workflow_handler.go:561"}
    shared_cluster_t.go:72: 2026-09-10T01:23:13.796Z	debug	Start workflow execution request namespace.	{"service": "frontend", "wf-namespace": "TestWorkflowResetTestSuite-TestTraceReset-62826d4d-e948-45be-8171-aa7d6bb6825c", "logging-call-at": "/home/ubuntu/temporal-investigation-20260909/overnight-20260909/specula-engine/runs/temporal-reset-20260909-restart-1600/temporal-reset/.specula-output/confirmation/CR-2/worktree/service/frontend/workflow_handler.go:565"}
    shared_cluster_t.go:72: 2026-09-10T01:23:13.796Z	debug	Start workflow execution request namespaceID.	{"service": "frontend", "wf-namespace-id": "b4bf22ea-b80a-4bca-8cc1-92d52343d5f8", "logging-call-at": "/home/ubuntu/temporal-investigation-20260909/overnight-20260909/specula-engine/runs/temporal-reset-20260909-restart-1600/temporal-reset/.specula-output/confirmation/CR-2/worktree/service/frontend/workflow_handler.go:570"}
    shared_cluster_t.go:72: 2026-09-10T01:23:13.797Z	debug	Workflow task updated	{"address": "127.0.0.1:36383", "attempt": 1, "shard-id": 1, "wf-id": "TestWorkflowResetTestSuite/TestTraceReset_workflow_id", "wf-namespace": "TestWorkflowResetTestSuite-TestTraceReset-62826d4d-e948-45be-8171-aa7d6bb6825c", "wf-run-id": "01a088e9-6b04-7768-b594-56e325717f4e", "wf-scheduled-event-id": 2, "wf-started-event-id": 0, "wf-started-timestamp": "0001-01-01T00:00:00.000Z", "workflow-task-request-id": "emptyUuid", "workflow-task-timeout": 60, "wt-type": "Normal", "logging-call-at": "/home/ubuntu/temporal-investigation-20260909/overnight-20260909/specula-engine/runs/temporal-reset-20260909-restart-1600/temporal-reset/.specula-output/confirmation/CR-2/worktree/common/log/lazy_logger.go:30"}
    shared_cluster_t.go:72: 2026-09-10T01:23:13.797Z	debug	time skipping skipped for: time skipping is not enabled	{"address": "127.0.0.1:36383", "shard-id": 1, "wf-id": "TestWorkflowResetTestSuite/TestTraceReset_workflow_id", "wf-namespace": "TestWorkflowResetTestSuite-TestTraceReset-62826d4d-e948-45be-8171-aa7d6bb6825c", "wf-run-id": "01a088e9-6b04-7768-b594-56e325717f4e", "logging-call-at": "/home/ubuntu/temporal-investigation-20260909/overnight-20260909/specula-engine/runs/temporal-reset-20260909-restart-1600/temporal-reset/.specula-output/confirmation/CR-2/worktree/common/log/lazy_logger.go:30"}
    shared_cluster_t.go:72: 2026-09-10T01:23:13.797Z	debug	Assigning new task key	{"address": "127.0.0.1:36383", "cursor-timestamp": "2026-09-10T01:23:14.785Z", "queue-task-id": 1048579, "queue-task-type": "TransferWorkflowTask", "shard-id": 1, "timestamp": "2026-09-10T01:23:13.797Z", "wf-id": "TestWorkflowResetTestSuite/TestTraceReset_workflow_id", "wf-namespace-id": "b4bf22ea-b80a-4bca-8cc1-92d52343d5f8", "wf-run-id": "01a088e9-6b04-7768-b594-56e325717f4e", "logging-call-at": "/home/ubuntu/temporal-investigation-20260909/overnight-20260909/specula-engine/runs/temporal-reset-20260909-restart-1600/temporal-reset/.specula-output/confirmation/CR-2/worktree/service/history/shard/task_key_generator.go:98"}
    shared_cluster_t.go:72: 2026-09-10T01:23:13.797Z	debug	Assigning new task key	{"address": "127.0.0.1:36383", "cursor-timestamp": "2026-09-10T01:23:14.785Z", "queue-task-id": 1048580, "queue-task-type": "WorkflowRunTimeout", "shard-id": 1, "timestamp": "2026-09-10T01:28:13.797Z", "wf-id": "TestWorkflowResetTestSuite/TestTraceReset_workflow_id", "wf-namespace-id": "b4bf22ea-b80a-4bca-8cc1-92d52343d5f8", "wf-run-id": "01a088e9-6b04-7768-b594-56e325717f4e", "logging-call-at": "/home/ubuntu/temporal-investigation-20260909/overnight-20260909/specula-engine/runs/temporal-reset-20260909-restart-1600/temporal-reset/.specula-output/confirmation/CR-2/worktree/service/history/shard/task_key_generator.go:98"}
    shared_cluster_t.go:72: 2026-09-10T01:23:13.797Z	debug	Assigning new task key	{"address": "127.0.0.1:36383", "cursor-timestamp": "2026-09-10T01:23:14.785Z", "queue-task-id": 1048581, "queue-task-type": "VisibilityStartExecution", "shard-id": 1, "timestamp": "2026-09-10T01:23:13.797Z", "wf-id": "TestWorkflowResetTestSuite/TestTraceReset_workflow_id", "wf-namespace-id": "b4bf22ea-b80a-4bca-8cc1-92d52343d5f8", "wf-run-id": "01a088e9-6b04-7768-b594-56e325717f4e", "logging-call-at": "/home/ubuntu/temporal-investigation-20260909/overnight-20260909/specula-engine/runs/temporal-reset-20260909-restart-1600/temporal-reset/.specula-output/confirmation/CR-2/worktree/service/history/shard/task_key_generator.go:98"}
    shared_cluster_t.go:72: 2026-09-10T01:23:13.800Z	debug	Process task as active.	{"address": "127.0.0.1:36383", "component": "transfer-queue-processor", "shard-id": 1, "value": "WorkflowTask{WorkflowKey: b4bf22ea-b80a-4bca-8cc1-92d52343d5f8/TestWorkflowResetTestSuite/TestTraceReset_workflow_id/01a088e9-6b04-7768-b594-56e325717f4e, VisibilityTimestamp: 2026-09-10 01:23:13.797891052 +0000 UTC, TaskID: 1048579, TaskQueue: TestWorkflowResetTestSuite/TestTraceReset_task_queue, ScheduledEventID: 2, Version: 0}", "wf-namespace-id": "b4bf22ea-b80a-4bca-8cc1-92d52343d5f8", "logging-call-at": "/home/ubuntu/temporal-investigation-20260909/overnight-20260909/specula-engine/runs/temporal-reset-20260909-restart-1600/temporal-reset/.specula-output/confirmation/CR-2/worktree/service/history/queues/active_standby_executor.go:121"}
    shared_cluster_t.go:72: 2026-09-10T01:23:13.800Z	debug	Frontend method invoked.	{"wf-namespace": "TestWorkflowResetTestSuite-TestTraceReset-62826d4d-e948-45be-8171-aa7d6bb6825c", "operation": "PollWorkflowTaskQueue", "server-name": "", "cert-thumbprint": "", "logging-call-at": "/home/ubuntu/temporal-investigation-20260909/overnight-20260909/specula-engine/runs/temporal-reset-20260909-restart-1600/temporal-reset/.specula-output/confirmation/CR-2/worktree/common/rpc/interceptor/namespace_logger.go:53"}
    shared_cluster_t.go:72: 2026-09-10T01:23:13.800Z	info	Quota changed	{"component": "long-poll-handler", "current-quota": null, "new-quota": 1200, "scope": "namespace", "service": "frontend", "wf-namespace": "TestWorkflowResetTestSuite-TestTraceReset-62826d4d-e948-45be-8171-aa7d6bb6825c", "logging-call-at": "/home/ubuntu/temporal-investigation-20260909/overnight-20260909/specula-engine/runs/temporal-reset-20260909-restart-1600/temporal-reset/.specula-output/confirmation/CR-2/worktree/common/quotas/calculator/logged_calculator.go:100"}
    shared_cluster_t.go:72: 2026-09-10T01:23:13.800Z	debug	Received PollWorkflowTaskQueue	{"service": "frontend", "logging-call-at": "/home/ubuntu/temporal-investigation-20260909/overnight-20260909/specula-engine/runs/temporal-reset-20260909-restart-1600/temporal-reset/.specula-output/confirmation/CR-2/worktree/service/frontend/workflow_handler.go:1079"}
    shared_cluster_t.go:72: 2026-09-10T01:23:13.800Z	debug	Poll workflow task queue.	{"service": "frontend", "wf-namespace": "TestWorkflowResetTestSuite-TestTraceReset-62826d4d-e948-45be-8171-aa7d6bb6825c", "wf-namespace-id": "b4bf22ea-b80a-4bca-8cc1-92d52343d5f8", "logging-call-at": "/home/ubuntu/temporal-investigation-20260909/overnight-20260909/specula-engine/runs/temporal-reset-20260909-restart-1600/temporal-reset/.specula-output/confirmation/CR-2/worktree/service/frontend/workflow_handler.go:1116"}
    shared_cluster_t.go:72: 2026-09-10T01:23:13.802Z	info	Quota changed	{"component": "persistence", "current-quota": null, "new-quota": 0, "scope": "namespace", "service": "matching", "wf-namespace": "TestWorkflowResetTestSuite-TestTraceReset-62826d4d-e948-45be-8171-aa7d6bb6825c", "logging-call-at": "/home/ubuntu/temporal-investigation-20260909/overnight-20260909/specula-engine/runs/temporal-reset-20260909-restart-1600/temporal-reset/.specula-output/confirmation/CR-2/worktree/common/quotas/calculator/logged_calculator.go:100"}
    shared_cluster_t.go:72: 2026-09-10T01:23:13.802Z	info	loaded user data from db	{"component": "matching-engine", "timestamp": "1970-01-01T00:00:00.000Z", "user-data-version": 0, "wf-namespace": "TestWorkflowResetTestSuite-TestTraceReset-62826d4d-e948-45be-8171-aa7d6bb6825c", "wf-task-queue-name": "TestWorkflowResetTestSuite/TestTraceReset_task_queue", "wf-task-queue-type": "Workflow", "logging-call-at": "/home/ubuntu/temporal-investigation-20260909/overnight-20260909/specula-engine/runs/temporal-reset-20260909-restart-1600/temporal-reset/.specula-output/confirmation/CR-2/worktree/service/matching/user_data_manager.go:871"}
    shared_cluster_t.go:72: 2026-09-10T01:23:13.802Z	info	Started physicalTaskQueueManager	{"backlog": "priority", "cause": "Poll", "component": "matching-engine", "lifecycle": "Started", "wf-namespace": "TestWorkflowResetTestSuite-TestTraceReset-62826d4d-e948-45be-8171-aa7d6bb6825c", "wf-task-queue-name": "TestWorkflowResetTestSuite/TestTraceReset_task_queue", "wf-task-queue-type": "Workflow", "worker-version": "_unversioned_", "logging-call-at": "/home/ubuntu/temporal-investigation-20260909/overnight-20260909/specula-engine/runs/temporal-reset-20260909-restart-1600/temporal-reset/.specula-output/confirmation/CR-2/worktree/service/matching/physical_task_queue_manager.go:312"}
    shared_cluster_t.go:72: 2026-09-10T01:23:13.803Z	info	Starting draining	{"backlog": "fairness-drain", "component": "matching-engine", "wf-namespace": "TestWorkflowResetTestSuite-TestTraceReset-62826d4d-e948-45be-8171-aa7d6bb6825c", "wf-task-queue-name": "TestWorkflowResetTestSuite/TestTraceReset_task_queue", "wf-task-queue-type": "Workflow", "worker-version": "_unversioned_", "logging-call-at": "/home/ubuntu/temporal-investigation-20260909/overnight-20260909/specula-engine/runs/temporal-reset-20260909-restart-1600/temporal-reset/.specula-output/confirmation/CR-2/worktree/service/matching/physical_task_queue_manager.go:430"}
    shared_cluster_t.go:72: 2026-09-10T01:23:13.804Z	debug	returning empty user data (no data or no change)	{"component": "matching-engine", "wf-namespace": "TestWorkflowResetTestSuite-TestTraceReset-62826d4d-e948-45be-8171-aa7d6bb6825c", "wf-task-queue-name": "TestWorkflowResetTestSuite/TestTraceReset_task_queue", "wf-task-queue-type": "Workflow", "logging-call-at": "/home/ubuntu/temporal-investigation-20260909/overnight-20260909/specula-engine/runs/temporal-reset-20260909-restart-1600/temporal-reset/.specula-output/confirmation/CR-2/worktree/service/matching/user_data_manager.go:644"}
    shared_cluster_t.go:72: 2026-09-10T01:23:13.804Z	info	TrailerToContextMetadataInterceptor: No metadata in trailer	{"contextWrapped": false, "method": "/temporal.server.api.matchingservice.v1.MatchingService/GetTaskQueueUserData", "service": "matching", "logging-call-at": "/home/ubuntu/temporal-investigation-20260909/overnight-20260909/specula-engine/runs/temporal-reset-20260909-restart-1600/temporal-reset/.specula-output/confirmation/CR-2/worktree/common/log/throttle_logger.go:44"}
    shared_cluster_t.go:72: 2026-09-10T01:23:13.804Z	debug	fetched user data from parent, no change	{"component": "matching-engine", "wf-namespace": "TestWorkflowResetTestSuite-TestTraceReset-62826d4d-e948-45be-8171-aa7d6bb6825c", "wf-task-queue-name": "/_sys/TestWorkflowResetTestSuite/TestTraceReset_task_queue/1", "wf-task-queue-type": "Workflow", "logging-call-at": "/home/ubuntu/temporal-investigation-20260909/overnight-20260909/specula-engine/runs/temporal-reset-20260909-restart-1600/temporal-reset/.specula-output/confirmation/CR-2/worktree/service/matching/user_data_manager.go:351"}
    shared_cluster_t.go:72: 2026-09-10T01:23:13.804Z	info	Started physicalTaskQueueManager	{"backlog": "priority", "cause": "Task", "component": "matching-engine", "lifecycle": "Started", "wf-namespace": "TestWorkflowResetTestSuite-TestTraceReset-62826d4d-e948-45be-8171-aa7d6bb6825c", "wf-task-queue-name": "/_sys/TestWorkflowResetTestSuite/TestTraceReset_task_queue/1", "wf-task-queue-type": "Workflow", "worker-version": "_unversioned_", "logging-call-at": "/home/ubuntu/temporal-investigation-20260909/overnight-20260909/specula-engine/runs/temporal-reset-20260909-restart-1600/temporal-reset/.specula-output/confirmation/CR-2/worktree/service/matching/physical_task_queue_manager.go:312"}
    shared_cluster_t.go:72: 2026-09-10T01:23:13.805Z	info	Starting draining	{"backlog": "fairness-drain", "component": "matching-engine", "wf-namespace": "TestWorkflowResetTestSuite-TestTraceReset-62826d4d-e948-45be-8171-aa7d6bb6825c", "wf-task-queue-name": "/_sys/TestWorkflowResetTestSuite/TestTraceReset_task_queue/1", "wf-task-queue-type": "Workflow", "worker-version": "_unversioned_", "logging-call-at": "/home/ubuntu/temporal-investigation-20260909/overnight-20260909/specula-engine/runs/temporal-reset-20260909-restart-1600/temporal-reset/.specula-output/confirmation/CR-2/worktree/service/matching/physical_task_queue_manager.go:430"}
    shared_cluster_t.go:72: 2026-09-10T01:23:13.805Z	debug	returning empty user data (no data or no change)	{"component": "matching-engine", "wf-namespace": "TestWorkflowResetTestSuite-TestTraceReset-62826d4d-e948-45be-8171-aa7d6bb6825c", "wf-task-queue-name": "TestWorkflowResetTestSuite/TestTraceReset_task_queue", "wf-task-queue-type": "Workflow", "logging-call-at": "/home/ubuntu/temporal-investigation-20260909/overnight-20260909/specula-engine/runs/temporal-reset-20260909-restart-1600/temporal-reset/.specula-output/confirmation/CR-2/worktree/service/matching/user_data_manager.go:644"}
    shared_cluster_t.go:72: 2026-09-10T01:23:13.806Z	debug	fetched user data from parent, no change	{"component": "matching-engine", "wf-namespace": "TestWorkflowResetTestSuite-TestTraceReset-62826d4d-e948-45be-8171-aa7d6bb6825c", "wf-task-queue-name": "/_sys/TestWorkflowResetTestSuite/TestTraceReset_task_queue/3", "wf-task-queue-type": "Workflow", "logging-call-at": "/home/ubuntu/temporal-investigation-20260909/overnight-20260909/specula-engine/runs/temporal-reset-20260909-restart-1600/temporal-reset/.specula-output/confirmation/CR-2/worktree/service/matching/user_data_manager.go:351"}
    shared_cluster_t.go:72: 2026-09-10T01:23:13.806Z	debug	returning empty user data (no data or no change)	{"component": "matching-engine", "wf-namespace": "TestWorkflowResetTestSuite-TestTraceReset-62826d4d-e948-45be-8171-aa7d6bb6825c", "wf-task-queue-name": "TestWorkflowResetTestSuite/TestTraceReset_task_queue", "wf-task-queue-type": "Workflow", "logging-call-at": "/home/ubuntu/temporal-investigation-20260909/overnight-20260909/specula-engine/runs/temporal-reset-20260909-restart-1600/temporal-reset/.specula-output/confirmation/CR-2/worktree/service/matching/user_data_manager.go:644"}
    shared_cluster_t.go:72: 2026-09-10T01:23:13.806Z	info	Started physicalTaskQueueManager	{"backlog": "priority", "cause": "Force", "component": "matching-engine", "lifecycle": "Started", "wf-namespace": "TestWorkflowResetTestSuite-TestTraceReset-62826d4d-e948-45be-8171-aa7d6bb6825c", "wf-task-queue-name": "/_sys/TestWorkflowResetTestSuite/TestTraceReset_task_queue/3", "wf-task-queue-type": "Workflow", "worker-version": "_unversioned_", "logging-call-at": "/home/ubuntu/temporal-investigation-20260909/overnight-20260909/specula-engine/runs/temporal-reset-20260909-restart-1600/temporal-reset/.specula-output/confirmation/CR-2/worktree/service/matching/physical_task_queue_manager.go:312"}
    shared_cluster_t.go:72: 2026-09-10T01:23:13.806Z	debug	fetched user data from parent, no change	{"component": "matching-engine", "wf-namespace": "TestWorkflowResetTestSuite-TestTraceReset-62826d4d-e948-45be-8171-aa7d6bb6825c", "wf-task-queue-name": "/_sys/TestWorkflowResetTestSuite/TestTraceReset_task_queue/2", "wf-task-queue-type": "Workflow", "logging-call-at": "/home/ubuntu/temporal-investigation-20260909/overnight-20260909/specula-engine/runs/temporal-reset-20260909-restart-1600/temporal-reset/.specula-output/confirmation/CR-2/worktree/service/matching/user_data_manager.go:351"}
    shared_cluster_t.go:72: 2026-09-10T01:23:13.806Z	info	Starting draining	{"backlog": "fairness-drain", "component": "matching-engine", "wf-namespace": "TestWorkflowResetTestSuite-TestTraceReset-62826d4d-e948-45be-8171-aa7d6bb6825c", "wf-task-queue-name": "/_sys/TestWorkflowResetTestSuite/TestTraceReset_task_queue/3", "wf-task-queue-type": "Workflow", "worker-version": "_unversioned_", "logging-call-at": "/home/ubuntu/temporal-investigation-20260909/overnight-20260909/specula-engine/runs/temporal-reset-20260909-restart-1600/temporal-reset/.specula-output/confirmation/CR-2/worktree/service/matching/physical_task_queue_manager.go:430"}
    shared_cluster_t.go:72: 2026-09-10T01:23:13.806Z	info	Started physicalTaskQueueManager	{"backlog": "priority", "cause": "Force", "component": "matching-engine", "lifecycle": "Started", "wf-namespace": "TestWorkflowResetTestSuite-TestTraceReset-62826d4d-e948-45be-8171-aa7d6bb6825c", "wf-task-queue-name": "/_sys/TestWorkflowResetTestSuite/TestTraceReset_task_queue/2", "wf-task-queue-type": "Workflow", "worker-version": "_unversioned_", "logging-call-at": "/home/ubuntu/temporal-investigation-20260909/overnight-20260909/specula-engine/runs/temporal-reset-20260909-restart-1600/temporal-reset/.specula-output/confirmation/CR-2/worktree/service/matching/physical_task_queue_manager.go:312"}
    shared_cluster_t.go:72: 2026-09-10T01:23:13.806Z	info	Starting draining	{"backlog": "fairness-drain", "component": "matching-engine", "wf-namespace": "TestWorkflowResetTestSuite-TestTraceReset-62826d4d-e948-45be-8171-aa7d6bb6825c", "wf-task-queue-name": "/_sys/TestWorkflowResetTestSuite/TestTraceReset_task_queue/2", "wf-task-queue-type": "Workflow", "worker-version": "_unversioned_", "logging-call-at": "/home/ubuntu/temporal-investigation-20260909/overnight-20260909/specula-engine/runs/temporal-reset-20260909-restart-1600/temporal-reset/.specula-output/confirmation/CR-2/worktree/service/matching/physical_task_queue_manager.go:430"}
    shared_cluster_t.go:72: 2026-09-10T01:23:13.807Z	debug	Workflow task updated	{"address": "127.0.0.1:36383", "attempt": 1, "shard-id": 1, "wf-id": "TestWorkflowResetTestSuite/TestTraceReset_workflow_id", "wf-namespace": "TestWorkflowResetTestSuite-TestTraceReset-62826d4d-e948-45be-8171-aa7d6bb6825c", "wf-namespace-id": "b4bf22ea-b80a-4bca-8cc1-92d52343d5f8", "wf-run-id": "01a088e9-6b04-7768-b594-56e325717f4e", "wf-scheduled-event-id": 2, "wf-started-event-id": 3, "wf-started-timestamp": "2026-09-10T01:23:13.807Z", "workflow-task-request-id": "e37d5437-35ce-4965-9d6a-605eb7c24a31", "workflow-task-timeout": 60, "wt-type": "Normal", "logging-call-at": "/home/ubuntu/temporal-investigation-20260909/overnight-20260909/specula-engine/runs/temporal-reset-20260909-restart-1600/temporal-reset/.specula-output/confirmation/CR-2/worktree/common/log/lazy_logger.go:30"}
    shared_cluster_t.go:72: 2026-09-10T01:23:13.807Z	debug	time skipping skipped for: time skipping is not enabled	{"address": "127.0.0.1:36383", "shard-id": 1, "wf-id": "TestWorkflowResetTestSuite/TestTraceReset_workflow_id", "wf-namespace": "TestWorkflowResetTestSuite-TestTraceReset-62826d4d-e948-45be-8171-aa7d6bb6825c", "wf-namespace-id": "b4bf22ea-b80a-4bca-8cc1-92d52343d5f8", "wf-run-id": "01a088e9-6b04-7768-b594-56e325717f4e", "logging-call-at": "/home/ubuntu/temporal-investigation-20260909/overnight-20260909/specula-engine/runs/temporal-reset-20260909-restart-1600/temporal-reset/.specula-output/confirmation/CR-2/worktree/common/log/lazy_logger.go:30"}
    shared_cluster_t.go:72: 2026-09-10T01:23:13.807Z	debug	Assigning new task key	{"address": "127.0.0.1:36383", "cursor-timestamp": "2026-09-10T01:23:14.799Z", "queue-task-id": 1048585, "queue-task-type": "WorkflowTaskTimeout", "shard-id": 1, "timestamp": "2026-09-10T01:24:13.808Z", "wf-id": "TestWorkflowResetTestSuite/TestTraceReset_workflow_id", "wf-namespace-id": "b4bf22ea-b80a-4bca-8cc1-92d52343d5f8", "wf-run-id": "01a088e9-6b04-7768-b594-56e325717f4e", "logging-call-at": "/home/ubuntu/temporal-investigation-20260909/overnight-20260909/specula-engine/runs/temporal-reset-20260909-restart-1600/temporal-reset/.specula-output/confirmation/CR-2/worktree/service/history/shard/task_key_generator.go:98"}
    shared_cluster_t.go:72: 2026-09-10T01:23:13.811Z	debug	routing key extraction: adding routing key to context	{"wf-id": "TestWorkflowResetTestSuite/TestTraceReset_workflow_id", "grpc-method": "/temporal.api.workflowservice.v1.WorkflowService/RespondWorkflowTaskCompleted", "logging-call-at": "/home/ubuntu/temporal-investigation-20260909/overnight-20260909/specula-engine/runs/temporal-reset-20260909-restart-1600/temporal-reset/.specula-output/confirmation/CR-2/worktree/common/rpc/interceptor/routing_key_interceptor.go:112"}
    shared_cluster_t.go:72: 2026-09-10T01:23:13.811Z	debug	Frontend method invoked.	{"wf-namespace": "TestWorkflowResetTestSuite-TestTraceReset-62826d4d-e948-45be-8171-aa7d6bb6825c", "operation": "RespondWorkflowTaskCompleted", "server-name": "", "cert-thumbprint": "", "logging-call-at": "/home/ubuntu/temporal-investigation-20260909/overnight-20260909/specula-engine/runs/temporal-reset-20260909-restart-1600/temporal-reset/.specula-output/confirmation/CR-2/worktree/common/rpc/interceptor/namespace_logger.go:53"}
    shared_cluster_t.go:72: 2026-09-10T01:23:13.811Z	debug	RespondWorkflowTaskCompleted	{"service": "history", "wf-id": "TestWorkflowResetTestSuite/TestTraceReset_workflow_id", "wf-namespace-id": "b4bf22ea-b80a-4bca-8cc1-92d52343d5f8", "wf-run-id": "01a088e9-6b04-7768-b594-56e325717f4e", "wf-scheduled-event-id": 2, "logging-call-at": "/home/ubuntu/temporal-investigation-20260909/overnight-20260909/specula-engine/runs/temporal-reset-20260909-restart-1600/temporal-reset/.specula-output/confirmation/CR-2/worktree/service/history/handler.go:558"}
    shared_cluster_t.go:72: 2026-09-10T01:23:13.811Z	debug	Workflow task updated	{"address": "127.0.0.1:36383", "attempt": 1, "shard-id": 1, "wf-id": "TestWorkflowResetTestSuite/TestTraceReset_workflow_id", "wf-namespace": "TestWorkflowResetTestSuite-TestTraceReset-62826d4d-e948-45be-8171-aa7d6bb6825c", "wf-namespace-id": "b4bf22ea-b80a-4bca-8cc1-92d52343d5f8", "wf-run-id": "01a088e9-6b04-7768-b594-56e325717f4e", "wf-scheduled-event-id": 0, "wf-started-event-id": 0, "wf-started-timestamp": "1970-01-01T00:00:00.000Z", "workflow-task-request-id": "emptyUuid", "workflow-task-timeout": 0, "wt-type": "Unspecified", "logging-call-at": "/home/ubuntu/temporal-investigation-20260909/overnight-20260909/specula-engine/runs/temporal-reset-20260909-restart-1600/temporal-reset/.specula-output/confirmation/CR-2/worktree/common/log/lazy_logger.go:30"}
    shared_cluster_t.go:72: 2026-09-10T01:23:13.812Z	debug	time skipping skipped for: time skipping is not enabled	{"address": "127.0.0.1:36383", "shard-id": 1, "wf-id": "TestWorkflowResetTestSuite/TestTraceReset_workflow_id", "wf-namespace": "TestWorkflowResetTestSuite-TestTraceReset-62826d4d-e948-45be-8171-aa7d6bb6825c", "wf-namespace-id": "b4bf22ea-b80a-4bca-8cc1-92d52343d5f8", "wf-run-id": "01a088e9-6b04-7768-b594-56e325717f4e", "logging-call-at": "/home/ubuntu/temporal-investigation-20260909/overnight-20260909/specula-engine/runs/temporal-reset-20260909-restart-1600/temporal-reset/.specula-output/confirmation/CR-2/worktree/common/log/lazy_logger.go:30"}
    shared_cluster_t.go:72: 2026-09-10T01:23:13.812Z	debug	time skipping skipped for: time skipping is not enabled	{"address": "127.0.0.1:36383", "shard-id": 1, "wf-id": "TestWorkflowResetTestSuite/TestTraceReset_workflow_id", "wf-namespace": "TestWorkflowResetTestSuite-TestTraceReset-62826d4d-e948-45be-8171-aa7d6bb6825c", "wf-namespace-id": "b4bf22ea-b80a-4bca-8cc1-92d52343d5f8", "wf-run-id": "733ff00c-3ed8-4ba4-a374-abdc38bd7580", "logging-call-at": "/home/ubuntu/temporal-investigation-20260909/overnight-20260909/specula-engine/runs/temporal-reset-20260909-restart-1600/temporal-reset/.specula-output/confirmation/CR-2/worktree/common/log/lazy_logger.go:30"}
    shared_cluster_t.go:72: 2026-09-10T01:23:13.812Z	debug	Assigning new task key	{"address": "127.0.0.1:36383", "cursor-timestamp": "2026-09-10T01:23:14.799Z", "queue-task-id": 1048592, "queue-task-type": "VisibilityCloseExecution", "shard-id": 1, "timestamp": "2026-09-10T01:23:13.812Z", "wf-id": "TestWorkflowResetTestSuite/TestTraceReset_workflow_id", "wf-namespace-id": "b4bf22ea-b80a-4bca-8cc1-92d52343d5f8", "wf-run-id": "01a088e9-6b04-7768-b594-56e325717f4e", "logging-call-at": "/home/ubuntu/temporal-investigation-20260909/overnight-20260909/specula-engine/runs/temporal-reset-20260909-restart-1600/temporal-reset/.specula-output/confirmation/CR-2/worktree/service/history/shard/task_key_generator.go:98"}
    shared_cluster_t.go:72: 2026-09-10T01:23:13.812Z	debug	Assigning new task key	{"address": "127.0.0.1:36383", "cursor-timestamp": "2026-09-10T01:23:14.799Z", "queue-task-id": 1048593, "queue-task-type": "DeleteHistoryEvent", "shard-id": 1, "timestamp": "2026-09-11T01:23:14.202Z", "wf-id": "TestWorkflowResetTestSuite/TestTraceReset_workflow_id", "wf-namespace-id": "b4bf22ea-b80a-4bca-8cc1-92d52343d5f8", "wf-run-id": "01a088e9-6b04-7768-b594-56e325717f4e", "logging-call-at": "/home/ubuntu/temporal-investigation-20260909/overnight-20260909/specula-engine/runs/temporal-reset-20260909-restart-1600/temporal-reset/.specula-output/confirmation/CR-2/worktree/service/history/shard/task_key_generator.go:98"}
    shared_cluster_t.go:72: 2026-09-10T01:23:13.812Z	debug	Assigning new task key	{"address": "127.0.0.1:36383", "cursor-timestamp": "2026-09-10T01:23:14.799Z", "queue-task-id": 1048594, "queue-task-type": "TransferCloseExecution", "shard-id": 1, "timestamp": "2026-09-10T01:23:13.812Z", "wf-id": "TestWorkflowResetTestSuite/TestTraceReset_workflow_id", "wf-namespace-id": "b4bf22ea-b80a-4bca-8cc1-92d52343d5f8", "wf-run-id": "01a088e9-6b04-7768-b594-56e325717f4e", "logging-call-at": "/home/ubuntu/temporal-investigation-20260909/overnight-20260909/specula-engine/runs/temporal-reset-20260909-restart-1600/temporal-reset/.specula-output/confirmation/CR-2/worktree/service/history/shard/task_key_generator.go:98"}
    shared_cluster_t.go:72: 2026-09-10T01:23:13.812Z	debug	Assigning new task key	{"address": "127.0.0.1:36383", "cursor-timestamp": "2026-09-10T01:23:14.799Z", "queue-task-id": 1048595, "queue-task-type": "WorkflowRunTimeout", "shard-id": 1, "timestamp": "2026-09-10T01:28:14.797Z", "wf-id": "TestWorkflowResetTestSuite/TestTraceReset_workflow_id", "wf-namespace-id": "b4bf22ea-b80a-4bca-8cc1-92d52343d5f8", "wf-run-id": "733ff00c-3ed8-4ba4-a374-abdc38bd7580", "logging-call-at": "/home/ubuntu/temporal-investigation-20260909/overnight-20260909/specula-engine/runs/temporal-reset-20260909-restart-1600/temporal-reset/.specula-output/confirmation/CR-2/worktree/service/history/shard/task_key_generator.go:98"}
    shared_cluster_t.go:72: 2026-09-10T01:23:13.812Z	debug	New timer generated is less than min scheduled time	{"address": "127.0.0.1:36383", "cursor-timestamp": "2026-09-10T01:23:14.799Z", "queue-task-id": 1048596, "queue-task-type": "WorkflowBackoffTimer", "shard-id": 1, "shard-update": "ShardAllocateTimerBeforeRead", "timestamp": "2026-09-10T01:23:14.797Z", "wf-id": "TestWorkflowResetTestSuite/TestTraceReset_workflow_id", "wf-namespace-id": "b4bf22ea-b80a-4bca-8cc1-92d52343d5f8", "wf-run-id": "733ff00c-3ed8-4ba4-a374-abdc38bd7580", "logging-call-at": "/home/ubuntu/temporal-investigation-20260909/overnight-20260909/specula-engine/runs/temporal-reset-20260909-restart-1600/temporal-reset/.specula-output/confirmation/CR-2/worktree/service/history/shard/task_key_generator.go:81"}
    shared_cluster_t.go:72: 2026-09-10T01:23:13.812Z	debug	Assigning new task key	{"address": "127.0.0.1:36383", "cursor-timestamp": "2026-09-10T01:23:14.799Z", "queue-task-id": 1048596, "queue-task-type": "WorkflowBackoffTimer", "shard-id": 1, "timestamp": "2026-09-10T01:23:14.800Z", "wf-id": "TestWorkflowResetTestSuite/TestTraceReset_workflow_id", "wf-namespace-id": "b4bf22ea-b80a-4bca-8cc1-92d52343d5f8", "wf-run-id": "733ff00c-3ed8-4ba4-a374-abdc38bd7580", "logging-call-at": "/home/ubuntu/temporal-investigation-20260909/overnight-20260909/specula-engine/runs/temporal-reset-20260909-restart-1600/temporal-reset/.specula-output/confirmation/CR-2/worktree/service/history/shard/task_key_generator.go:98"}
    shared_cluster_t.go:72: 2026-09-10T01:23:13.812Z	debug	Assigning new task key	{"address": "127.0.0.1:36383", "cursor-timestamp": "2026-09-10T01:23:14.799Z", "queue-task-id": 1048597, "queue-task-type": "VisibilityStartExecution", "shard-id": 1, "timestamp": "2026-09-10T01:23:13.812Z", "wf-id": "TestWorkflowResetTestSuite/TestTraceReset_workflow_id", "wf-namespace-id": "b4bf22ea-b80a-4bca-8cc1-92d52343d5f8", "wf-run-id": "733ff00c-3ed8-4ba4-a374-abdc38bd7580", "logging-call-at": "/home/ubuntu/temporal-investigation-20260909/overnight-20260909/specula-engine/runs/temporal-reset-20260909-restart-1600/temporal-reset/.specula-output/confirmation/CR-2/worktree/service/history/shard/task_key_generator.go:98"}
    shared_cluster_t.go:72: 2026-09-10T01:23:13.814Z	debug	Process task as active.	{"address": "127.0.0.1:36383", "component": "transfer-queue-processor", "shard-id": 1, "value": "CloseExecutionTask{WorkflowKey: b4bf22ea-b80a-4bca-8cc1-92d52343d5f8/TestWorkflowResetTestSuite/TestTraceReset_workflow_id/01a088e9-6b04-7768-b594-56e325717f4e, VisibilityTimestamp: 2026-09-10 01:23:13.812386239 +0000 UTC, TaskID: 1048594, Version: 0, DeleteAfterClose: false, DeleteProcessStage: 0}", "wf-namespace-id": "b4bf22ea-b80a-4bca-8cc1-92d52343d5f8", "logging-call-at": "/home/ubuntu/temporal-investigation-20260909/overnight-20260909/specula-engine/runs/temporal-reset-20260909-restart-1600/temporal-reset/.specula-output/confirmation/CR-2/worktree/service/history/queues/active_standby_executor.go:121"}
    shared_cluster_t.go:72: 2026-09-10T01:23:13.815Z	debug	Frontend method invoked.	{"wf-namespace": "TestWorkflowResetTestSuite-TestTraceReset-62826d4d-e948-45be-8171-aa7d6bb6825c", "operation": "PollWorkflowTaskQueue", "server-name": "", "cert-thumbprint": "", "logging-call-at": "/home/ubuntu/temporal-investigation-20260909/overnight-20260909/specula-engine/runs/temporal-reset-20260909-restart-1600/temporal-reset/.specula-output/confirmation/CR-2/worktree/common/rpc/interceptor/namespace_logger.go:53"}
    shared_cluster_t.go:72: 2026-09-10T01:23:13.815Z	debug	Received PollWorkflowTaskQueue	{"service": "frontend", "logging-call-at": "/home/ubuntu/temporal-investigation-20260909/overnight-20260909/specula-engine/runs/temporal-reset-20260909-restart-1600/temporal-reset/.specula-output/confirmation/CR-2/worktree/service/frontend/workflow_handler.go:1079"}
    shared_cluster_t.go:72: 2026-09-10T01:23:13.815Z	debug	Poll workflow task queue.	{"service": "frontend", "wf-namespace": "TestWorkflowResetTestSuite-TestTraceReset-62826d4d-e948-45be-8171-aa7d6bb6825c", "wf-namespace-id": "b4bf22ea-b80a-4bca-8cc1-92d52343d5f8", "logging-call-at": "/home/ubuntu/temporal-investigation-20260909/overnight-20260909/specula-engine/runs/temporal-reset-20260909-restart-1600/temporal-reset/.specula-output/confirmation/CR-2/worktree/service/frontend/workflow_handler.go:1116"}
    shared_cluster_t.go:72: 2026-09-10T01:23:13.882Z	debug	starting ping check	{"name": "dynamic config callbacks", "service": "matching", "logging-call-at": "/home/ubuntu/temporal-investigation-20260909/overnight-20260909/specula-engine/runs/temporal-reset-20260909-restart-1600/temporal-reset/.specula-output/confirmation/CR-2/worktree/common/deadlock/deadlock.go:178"}
    shared_cluster_t.go:72: 2026-09-10T01:23:13.883Z	debug	ping check succeeded	{"name": "dynamic config callbacks", "service": "matching", "logging-call-at": "/home/ubuntu/temporal-investigation-20260909/overnight-20260909/specula-engine/runs/temporal-reset-20260909-restart-1600/temporal-reset/.specula-output/confirmation/CR-2/worktree/common/deadlock/deadlock.go:206"}
    shared_cluster_t.go:72: 2026-09-10T01:23:13.883Z	debug	starting ping check	{"name": "namespace registry lock", "service": "matching", "logging-call-at": "/home/ubuntu/temporal-investigation-20260909/overnight-20260909/specula-engine/runs/temporal-reset-20260909-restart-1600/temporal-reset/.specula-output/confirmation/CR-2/worktree/common/deadlock/deadlock.go:178"}
    shared_cluster_t.go:72: 2026-09-10T01:23:13.883Z	debug	ping check succeeded	{"name": "namespace registry lock", "service": "matching", "logging-call-at": "/home/ubuntu/temporal-investigation-20260909/overnight-20260909/specula-engine/runs/temporal-reset-20260909-restart-1600/temporal-reset/.specula-output/confirmation/CR-2/worktree/common/deadlock/deadlock.go:206"}
    shared_cluster_t.go:72: 2026-09-10T01:23:13.883Z	debug	starting ping check	{"name": "cluster metadata lock", "service": "matching", "logging-call-at": "/home/ubuntu/temporal-investigation-20260909/overnight-20260909/specula-engine/runs/temporal-reset-20260909-restart-1600/temporal-reset/.specula-output/confirmation/CR-2/worktree/common/deadlock/deadlock.go:178"}
    shared_cluster_t.go:72: 2026-09-10T01:23:13.883Z	debug	ping check succeeded	{"name": "cluster metadata lock", "service": "matching", "logging-call-at": "/home/ubuntu/temporal-investigation-20260909/overnight-20260909/specula-engine/runs/temporal-reset-20260909-restart-1600/temporal-reset/.specula-output/confirmation/CR-2/worktree/common/deadlock/deadlock.go:206"}
    shared_cluster_t.go:72: 2026-09-10T01:23:13.883Z	debug	starting ping check	{"name": "cluster metadata callback lock", "service": "matching", "logging-call-at": "/home/ubuntu/temporal-investigation-20260909/overnight-20260909/specula-engine/runs/temporal-reset-20260909-restart-1600/temporal-reset/.specula-output/confirmation/CR-2/worktree/common/deadlock/deadlock.go:178"}
    shared_cluster_t.go:72: 2026-09-10T01:23:13.883Z	debug	ping check succeeded	{"name": "cluster metadata callback lock", "service": "matching", "logging-call-at": "/home/ubuntu/temporal-investigation-20260909/overnight-20260909/specula-engine/runs/temporal-reset-20260909-restart-1600/temporal-reset/.specula-output/confirmation/CR-2/worktree/common/deadlock/deadlock.go:206"}
    shared_cluster_t.go:72: 2026-09-10T01:23:13.884Z	debug	starting ping check	{"name": "cluster metadata lock", "service": "history", "logging-call-at": "/home/ubuntu/temporal-investigation-20260909/overnight-20260909/specula-engine/runs/temporal-reset-20260909-restart-1600/temporal-reset/.specula-output/confirmation/CR-2/worktree/common/deadlock/deadlock.go:178"}
    shared_cluster_t.go:72: 2026-09-10T01:23:13.884Z	debug	starting ping check	{"name": "dynamic config callbacks", "service": "history", "logging-call-at": "/home/ubuntu/temporal-investigation-20260909/overnight-20260909/specula-engine/runs/temporal-reset-20260909-restart-1600/temporal-reset/.specula-output/confirmation/CR-2/worktree/common/deadlock/deadlock.go:178"}
    shared_cluster_t.go:72: 2026-09-10T01:23:13.884Z	debug	ping check succeeded	{"name": "dynamic config callbacks", "service": "history", "logging-call-at": "/home/ubuntu/temporal-investigation-20260909/overnight-20260909/specula-engine/runs/temporal-reset-20260909-restart-1600/temporal-reset/.specula-output/confirmation/CR-2/worktree/common/deadlock/deadlock.go:206"}
    shared_cluster_t.go:72: 2026-09-10T01:23:13.884Z	debug	ping check succeeded	{"name": "cluster metadata lock", "service": "history", "logging-call-at": "/home/ubuntu/temporal-investigation-20260909/overnight-20260909/specula-engine/runs/temporal-reset-20260909-restart-1600/temporal-reset/.specula-output/confirmation/CR-2/worktree/common/deadlock/deadlock.go:206"}
    shared_cluster_t.go:72: 2026-09-10T01:23:13.884Z	debug	starting ping check	{"name": "shard controller", "service": "history", "logging-call-at": "/home/ubuntu/temporal-investigation-20260909/overnight-20260909/specula-engine/runs/temporal-reset-20260909-restart-1600/temporal-reset/.specula-output/confirmation/CR-2/worktree/common/deadlock/deadlock.go:178"}
    shared_cluster_t.go:72: 2026-09-10T01:23:13.884Z	debug	ping check succeeded	{"name": "shard controller", "service": "history", "logging-call-at": "/home/ubuntu/temporal-investigation-20260909/overnight-20260909/specula-engine/runs/temporal-reset-20260909-restart-1600/temporal-reset/.specula-output/confirmation/CR-2/worktree/common/deadlock/deadlock.go:206"}
    shared_cluster_t.go:72: 2026-09-10T01:23:13.884Z	debug	starting ping check	{"name": "cluster metadata callback lock", "service": "history", "logging-call-at": "/home/ubuntu/temporal-investigation-20260909/overnight-20260909/specula-engine/runs/temporal-reset-20260909-restart-1600/temporal-reset/.specula-output/confirmation/CR-2/worktree/common/deadlock/deadlock.go:178"}
    shared_cluster_t.go:72: 2026-09-10T01:23:13.884Z	debug	ping check succeeded	{"name": "cluster metadata callback lock", "service": "history", "logging-call-at": "/home/ubuntu/temporal-investigation-20260909/overnight-20260909/specula-engine/runs/temporal-reset-20260909-restart-1600/temporal-reset/.specula-output/confirmation/CR-2/worktree/common/deadlock/deadlock.go:206"}
    shared_cluster_t.go:72: 2026-09-10T01:23:13.884Z	debug	starting ping check	{"name": "namespace registry lock", "service": "history", "logging-call-at": "/home/ubuntu/temporal-investigation-20260909/overnight-20260909/specula-engine/runs/temporal-reset-20260909-restart-1600/temporal-reset/.specula-output/confirmation/CR-2/worktree/common/deadlock/deadlock.go:178"}
    shared_cluster_t.go:72: 2026-09-10T01:23:13.884Z	debug	ping check succeeded	{"name": "namespace registry lock", "service": "history", "logging-call-at": "/home/ubuntu/temporal-investigation-20260909/overnight-20260909/specula-engine/runs/temporal-reset-20260909-restart-1600/temporal-reset/.specula-output/confirmation/CR-2/worktree/common/deadlock/deadlock.go:206"}
    shared_cluster_t.go:72: 2026-09-10T01:23:13.885Z	debug	starting ping check	{"name": "namespace registry lock", "service": "frontend", "logging-call-at": "/home/ubuntu/temporal-investigation-20260909/overnight-20260909/specula-engine/runs/temporal-reset-20260909-restart-1600/temporal-reset/.specula-output/confirmation/CR-2/worktree/common/deadlock/deadlock.go:178"}
    shared_cluster_t.go:72: 2026-09-10T01:23:13.885Z	debug	starting ping check	{"name": "cluster metadata lock", "service": "frontend", "logging-call-at": "/home/ubuntu/temporal-investigation-20260909/overnight-20260909/specula-engine/runs/temporal-reset-20260909-restart-1600/temporal-reset/.specula-output/confirmation/CR-2/worktree/common/deadlock/deadlock.go:178"}
    shared_cluster_t.go:72: 2026-09-10T01:23:13.885Z	debug	ping check succeeded	{"name": "cluster metadata lock", "service": "frontend", "logging-call-at": "/home/ubuntu/temporal-investigation-20260909/overnight-20260909/specula-engine/runs/temporal-reset-20260909-restart-1600/temporal-reset/.specula-output/confirmation/CR-2/worktree/common/deadlock/deadlock.go:206"}
    shared_cluster_t.go:72: 2026-09-10T01:23:13.885Z	debug	starting ping check	{"name": "cluster metadata callback lock", "service": "frontend", "logging-call-at": "/home/ubuntu/temporal-investigation-20260909/overnight-20260909/specula-engine/runs/temporal-reset-20260909-restart-1600/temporal-reset/.specula-output/confirmation/CR-2/worktree/common/deadlock/deadlock.go:178"}
    shared_cluster_t.go:72: 2026-09-10T01:23:13.885Z	debug	ping check succeeded	{"name": "cluster metadata callback lock", "service": "frontend", "logging-call-at": "/home/ubuntu/temporal-investigation-20260909/overnight-20260909/specula-engine/runs/temporal-reset-20260909-restart-1600/temporal-reset/.specula-output/confirmation/CR-2/worktree/common/deadlock/deadlock.go:206"}
    shared_cluster_t.go:72: 2026-09-10T01:23:13.885Z	debug	ping check succeeded	{"name": "namespace registry lock", "service": "frontend", "logging-call-at": "/home/ubuntu/temporal-investigation-20260909/overnight-20260909/specula-engine/runs/temporal-reset-20260909-restart-1600/temporal-reset/.specula-output/confirmation/CR-2/worktree/common/deadlock/deadlock.go:206"}
    shared_cluster_t.go:72: 2026-09-10T01:23:13.885Z	debug	starting ping check	{"name": "dynamic config callbacks", "service": "frontend", "logging-call-at": "/home/ubuntu/temporal-investigation-20260909/overnight-20260909/specula-engine/runs/temporal-reset-20260909-restart-1600/temporal-reset/.specula-output/confirmation/CR-2/worktree/common/deadlock/deadlock.go:178"}
    shared_cluster_t.go:72: 2026-09-10T01:23:13.885Z	debug	ping check succeeded	{"name": "dynamic config callbacks", "service": "frontend", "logging-call-at": "/home/ubuntu/temporal-investigation-20260909/overnight-20260909/specula-engine/runs/temporal-reset-20260909-restart-1600/temporal-reset/.specula-output/confirmation/CR-2/worktree/common/deadlock/deadlock.go:206"}
    shared_cluster_t.go:72: 2026-09-10T01:23:13.985Z	debug	starting ping check	{"name": "Shard(1)-shard-lock", "service": "history", "logging-call-at": "/home/ubuntu/temporal-investigation-20260909/overnight-20260909/specula-engine/runs/temporal-reset-20260909-restart-1600/temporal-reset/.specula-output/confirmation/CR-2/worktree/common/deadlock/deadlock.go:178"}
    shared_cluster_t.go:72: 2026-09-10T01:23:13.985Z	debug	ping check succeeded	{"name": "Shard(1)-shard-lock", "service": "history", "logging-call-at": "/home/ubuntu/temporal-investigation-20260909/overnight-20260909/specula-engine/runs/temporal-reset-20260909-restart-1600/temporal-reset/.specula-output/confirmation/CR-2/worktree/common/deadlock/deadlock.go:206"}
    shared_cluster_t.go:72: 2026-09-10T01:23:13.985Z	debug	starting ping check	{"name": "Shard(1)-io-semaphore", "service": "history", "logging-call-at": "/home/ubuntu/temporal-investigation-20260909/overnight-20260909/specula-engine/runs/temporal-reset-20260909-restart-1600/temporal-reset/.specula-output/confirmation/CR-2/worktree/common/deadlock/deadlock.go:178"}
    shared_cluster_t.go:72: 2026-09-10T01:23:13.985Z	debug	ping check succeeded	{"name": "Shard(1)-io-semaphore", "service": "history", "logging-call-at": "/home/ubuntu/temporal-investigation-20260909/overnight-20260909/specula-engine/runs/temporal-reset-20260909-restart-1600/temporal-reset/.specula-output/confirmation/CR-2/worktree/common/deadlock/deadlock.go:206"}
    shared_cluster_t.go:72: 2026-09-10T01:23:14.801Z	debug	Process task as active.	{"address": "127.0.0.1:36383", "component": "timer-queue-processor", "shard-id": 1, "value": "WorkflowBackoffTimerTask{WorkflowKey: b4bf22ea-b80a-4bca-8cc1-92d52343d5f8/TestWorkflowResetTestSuite/TestTraceReset_workflow_id/733ff00c-3ed8-4ba4-a374-abdc38bd7580, VisibilityTimestamp: 2026-09-10 01:23:14.8 +0000 UTC, TaskID: 1048596, Version: 0, WorkflowBackoffType: Cron}", "wf-namespace-id": "b4bf22ea-b80a-4bca-8cc1-92d52343d5f8", "logging-call-at": "/home/ubuntu/temporal-investigation-20260909/overnight-20260909/specula-engine/runs/temporal-reset-20260909-restart-1600/temporal-reset/.specula-output/confirmation/CR-2/worktree/service/history/queues/active_standby_executor.go:121"}
    shared_cluster_t.go:72: 2026-09-10T01:23:14.801Z	debug	Workflow task updated	{"address": "127.0.0.1:36383", "attempt": 1, "shard-id": 1, "wf-id": "TestWorkflowResetTestSuite/TestTraceReset_workflow_id", "wf-namespace": "TestWorkflowResetTestSuite-TestTraceReset-62826d4d-e948-45be-8171-aa7d6bb6825c", "wf-namespace-id": "b4bf22ea-b80a-4bca-8cc1-92d52343d5f8", "wf-run-id": "733ff00c-3ed8-4ba4-a374-abdc38bd7580", "wf-scheduled-event-id": 2, "wf-started-event-id": 0, "wf-started-timestamp": "0001-01-01T00:00:00.000Z", "workflow-task-request-id": "emptyUuid", "workflow-task-timeout": 60, "wt-type": "Normal", "logging-call-at": "/home/ubuntu/temporal-investigation-20260909/overnight-20260909/specula-engine/runs/temporal-reset-20260909-restart-1600/temporal-reset/.specula-output/confirmation/CR-2/worktree/common/log/lazy_logger.go:30"}
    shared_cluster_t.go:72: 2026-09-10T01:23:14.801Z	debug	time skipping skipped for: time skipping is not enabled	{"address": "127.0.0.1:36383", "shard-id": 1, "wf-id": "TestWorkflowResetTestSuite/TestTraceReset_workflow_id", "wf-namespace": "TestWorkflowResetTestSuite-TestTraceReset-62826d4d-e948-45be-8171-aa7d6bb6825c", "wf-namespace-id": "b4bf22ea-b80a-4bca-8cc1-92d52343d5f8", "wf-run-id": "733ff00c-3ed8-4ba4-a374-abdc38bd7580", "logging-call-at": "/home/ubuntu/temporal-investigation-20260909/overnight-20260909/specula-engine/runs/temporal-reset-20260909-restart-1600/temporal-reset/.specula-output/confirmation/CR-2/worktree/common/log/lazy_logger.go:30"}
    shared_cluster_t.go:72: 2026-09-10T01:23:14.802Z	debug	Assigning new task key	{"address": "127.0.0.1:36383", "cursor-timestamp": "2026-09-10T01:23:14.814Z", "queue-task-id": 1048600, "queue-task-type": "TransferWorkflowTask", "shard-id": 1, "timestamp": "2026-09-10T01:23:14.802Z", "wf-id": "TestWorkflowResetTestSuite/TestTraceReset_workflow_id", "wf-namespace-id": "b4bf22ea-b80a-4bca-8cc1-92d52343d5f8", "wf-run-id": "733ff00c-3ed8-4ba4-a374-abdc38bd7580", "logging-call-at": "/home/ubuntu/temporal-investigation-20260909/overnight-20260909/specula-engine/runs/temporal-reset-20260909-restart-1600/temporal-reset/.specula-output/confirmation/CR-2/worktree/service/history/shard/task_key_generator.go:98"}
    shared_cluster_t.go:72: 2026-09-10T01:23:14.803Z	debug	Process task as active.	{"address": "127.0.0.1:36383", "component": "transfer-queue-processor", "shard-id": 1, "value": "WorkflowTask{WorkflowKey: b4bf22ea-b80a-4bca-8cc1-92d52343d5f8/TestWorkflowResetTestSuite/TestTraceReset_workflow_id/733ff00c-3ed8-4ba4-a374-abdc38bd7580, VisibilityTimestamp: 2026-09-10 01:23:14.8020837 +0000 UTC, TaskID: 1048600, TaskQueue: TestWorkflowResetTestSuite/TestTraceReset_task_queue, ScheduledEventID: 2, Version: 0}", "wf-namespace-id": "b4bf22ea-b80a-4bca-8cc1-92d52343d5f8", "logging-call-at": "/home/ubuntu/temporal-investigation-20260909/overnight-20260909/specula-engine/runs/temporal-reset-20260909-restart-1600/temporal-reset/.specula-output/confirmation/CR-2/worktree/service/history/queues/active_standby_executor.go:121"}
    shared_cluster_t.go:72: 2026-09-10T01:23:14.804Z	debug	Workflow task updated	{"address": "127.0.0.1:36383", "attempt": 1, "shard-id": 1, "wf-id": "TestWorkflowResetTestSuite/TestTraceReset_workflow_id", "wf-namespace": "TestWorkflowResetTestSuite-TestTraceReset-62826d4d-e948-45be-8171-aa7d6bb6825c", "wf-namespace-id": "b4bf22ea-b80a-4bca-8cc1-92d52343d5f8", "wf-run-id": "733ff00c-3ed8-4ba4-a374-abdc38bd7580", "wf-scheduled-event-id": 2, "wf-started-event-id": 3, "wf-started-timestamp": "2026-09-10T01:23:14.804Z", "workflow-task-request-id": "0836af61-5858-4b87-9200-19deaedd8e13", "workflow-task-timeout": 60, "wt-type": "Normal", "logging-call-at": "/home/ubuntu/temporal-investigation-20260909/overnight-20260909/specula-engine/runs/temporal-reset-20260909-restart-1600/temporal-reset/.specula-output/confirmation/CR-2/worktree/common/log/lazy_logger.go:30"}
    shared_cluster_t.go:72: 2026-09-10T01:23:14.804Z	debug	time skipping skipped for: time skipping is not enabled	{"address": "127.0.0.1:36383", "shard-id": 1, "wf-id": "TestWorkflowResetTestSuite/TestTraceReset_workflow_id", "wf-namespace": "TestWorkflowResetTestSuite-TestTraceReset-62826d4d-e948-45be-8171-aa7d6bb6825c", "wf-namespace-id": "b4bf22ea-b80a-4bca-8cc1-92d52343d5f8", "wf-run-id": "733ff00c-3ed8-4ba4-a374-abdc38bd7580", "logging-call-at": "/home/ubuntu/temporal-investigation-20260909/overnight-20260909/specula-engine/runs/temporal-reset-20260909-restart-1600/temporal-reset/.specula-output/confirmation/CR-2/worktree/common/log/lazy_logger.go:30"}
    shared_cluster_t.go:72: 2026-09-10T01:23:14.804Z	debug	Assigning new task key	{"address": "127.0.0.1:36383", "cursor-timestamp": "2026-09-10T01:23:15.803Z", "queue-task-id": 1048603, "queue-task-type": "WorkflowTaskTimeout", "shard-id": 1, "timestamp": "2026-09-10T01:24:14.805Z", "wf-id": "TestWorkflowResetTestSuite/TestTraceReset_workflow_id", "wf-namespace-id": "b4bf22ea-b80a-4bca-8cc1-92d52343d5f8", "wf-run-id": "733ff00c-3ed8-4ba4-a374-abdc38bd7580", "logging-call-at": "/home/ubuntu/temporal-investigation-20260909/overnight-20260909/specula-engine/runs/temporal-reset-20260909-restart-1600/temporal-reset/.specula-output/confirmation/CR-2/worktree/service/history/shard/task_key_generator.go:98"}
    shared_cluster_t.go:72: 2026-09-10T01:23:14.806Z	debug	routing key extraction: adding routing key to context	{"wf-id": "TestWorkflowResetTestSuite/TestTraceReset_workflow_id", "grpc-method": "/temporal.api.workflowservice.v1.WorkflowService/RespondWorkflowTaskCompleted", "logging-call-at": "/home/ubuntu/temporal-investigation-20260909/overnight-20260909/specula-engine/runs/temporal-reset-20260909-restart-1600/temporal-reset/.specula-output/confirmation/CR-2/worktree/common/rpc/interceptor/routing_key_interceptor.go:112"}
    shared_cluster_t.go:72: 2026-09-10T01:23:14.807Z	debug	Frontend method invoked.	{"wf-namespace": "TestWorkflowResetTestSuite-TestTraceReset-62826d4d-e948-45be-8171-aa7d6bb6825c", "operation": "RespondWorkflowTaskCompleted", "server-name": "", "cert-thumbprint": "", "logging-call-at": "/home/ubuntu/temporal-investigation-20260909/overnight-20260909/specula-engine/runs/temporal-reset-20260909-restart-1600/temporal-reset/.specula-output/confirmation/CR-2/worktree/common/rpc/interceptor/namespace_logger.go:53"}
    shared_cluster_t.go:72: 2026-09-10T01:23:14.807Z	debug	RespondWorkflowTaskCompleted	{"service": "history", "wf-id": "TestWorkflowResetTestSuite/TestTraceReset_workflow_id", "wf-namespace-id": "b4bf22ea-b80a-4bca-8cc1-92d52343d5f8", "wf-run-id": "733ff00c-3ed8-4ba4-a374-abdc38bd7580", "wf-scheduled-event-id": 2, "logging-call-at": "/home/ubuntu/temporal-investigation-20260909/overnight-20260909/specula-engine/runs/temporal-reset-20260909-restart-1600/temporal-reset/.specula-output/confirmation/CR-2/worktree/service/history/handler.go:558"}
    shared_cluster_t.go:72: 2026-09-10T01:23:14.807Z	debug	Workflow task updated	{"address": "127.0.0.1:36383", "attempt": 1, "shard-id": 1, "wf-id": "TestWorkflowResetTestSuite/TestTraceReset_workflow_id", "wf-namespace": "TestWorkflowResetTestSuite-TestTraceReset-62826d4d-e948-45be-8171-aa7d6bb6825c", "wf-namespace-id": "b4bf22ea-b80a-4bca-8cc1-92d52343d5f8", "wf-run-id": "733ff00c-3ed8-4ba4-a374-abdc38bd7580", "wf-scheduled-event-id": 0, "wf-started-event-id": 0, "wf-started-timestamp": "1970-01-01T00:00:00.000Z", "workflow-task-request-id": "emptyUuid", "workflow-task-timeout": 0, "wt-type": "Unspecified", "logging-call-at": "/home/ubuntu/temporal-investigation-20260909/overnight-20260909/specula-engine/runs/temporal-reset-20260909-restart-1600/temporal-reset/.specula-output/confirmation/CR-2/worktree/common/log/lazy_logger.go:30"}
    shared_cluster_t.go:72: 2026-09-10T01:23:14.807Z	debug	time skipping skipped for: time skipping is not enabled	{"address": "127.0.0.1:36383", "shard-id": 1, "wf-id": "TestWorkflowResetTestSuite/TestTraceReset_workflow_id", "wf-namespace": "TestWorkflowResetTestSuite-TestTraceReset-62826d4d-e948-45be-8171-aa7d6bb6825c", "wf-namespace-id": "b4bf22ea-b80a-4bca-8cc1-92d52343d5f8", "wf-run-id": "733ff00c-3ed8-4ba4-a374-abdc38bd7580", "logging-call-at": "/home/ubuntu/temporal-investigation-20260909/overnight-20260909/specula-engine/runs/temporal-reset-20260909-restart-1600/temporal-reset/.specula-output/confirmation/CR-2/worktree/common/log/lazy_logger.go:30"}
    shared_cluster_t.go:72: 2026-09-10T01:23:14.807Z	debug	Assigning new task key	{"address": "127.0.0.1:36383", "cursor-timestamp": "2026-09-10T01:23:15.803Z", "queue-task-id": 1048608, "queue-task-type": "VisibilityCloseExecution", "shard-id": 1, "timestamp": "2026-09-10T01:23:14.807Z", "wf-id": "TestWorkflowResetTestSuite/TestTraceReset_workflow_id", "wf-namespace-id": "b4bf22ea-b80a-4bca-8cc1-92d52343d5f8", "wf-run-id": "733ff00c-3ed8-4ba4-a374-abdc38bd7580", "logging-call-at": "/home/ubuntu/temporal-investigation-20260909/overnight-20260909/specula-engine/runs/temporal-reset-20260909-restart-1600/temporal-reset/.specula-output/confirmation/CR-2/worktree/service/history/shard/task_key_generator.go:98"}
    shared_cluster_t.go:72: 2026-09-10T01:23:14.807Z	debug	Assigning new task key	{"address": "127.0.0.1:36383", "cursor-timestamp": "2026-09-10T01:23:15.803Z", "queue-task-id": 1048609, "queue-task-type": "DeleteHistoryEvent", "shard-id": 1, "timestamp": "2026-09-11T01:23:14.935Z", "wf-id": "TestWorkflowResetTestSuite/TestTraceReset_workflow_id", "wf-namespace-id": "b4bf22ea-b80a-4bca-8cc1-92d52343d5f8", "wf-run-id": "733ff00c-3ed8-4ba4-a374-abdc38bd7580", "logging-call-at": "/home/ubuntu/temporal-investigation-20260909/overnight-20260909/specula-engine/runs/temporal-reset-20260909-restart-1600/temporal-reset/.specula-output/confirmation/CR-2/worktree/service/history/shard/task_key_generator.go:98"}
    shared_cluster_t.go:72: 2026-09-10T01:23:14.807Z	debug	Assigning new task key	{"address": "127.0.0.1:36383", "cursor-timestamp": "2026-09-10T01:23:15.803Z", "queue-task-id": 1048610, "queue-task-type": "TransferCloseExecution", "shard-id": 1, "timestamp": "2026-09-10T01:23:14.807Z", "wf-id": "TestWorkflowResetTestSuite/TestTraceReset_workflow_id", "wf-namespace-id": "b4bf22ea-b80a-4bca-8cc1-92d52343d5f8", "wf-run-id": "733ff00c-3ed8-4ba4-a374-abdc38bd7580", "logging-call-at": "/home/ubuntu/temporal-investigation-20260909/overnight-20260909/specula-engine/runs/temporal-reset-20260909-restart-1600/temporal-reset/.specula-output/confirmation/CR-2/worktree/service/history/shard/task_key_generator.go:98"}
    shared_cluster_t.go:72: 2026-09-10T01:23:14.809Z	debug	Process task as active.	{"address": "127.0.0.1:36383", "component": "transfer-queue-processor", "shard-id": 1, "value": "CloseExecutionTask{WorkflowKey: b4bf22ea-b80a-4bca-8cc1-92d52343d5f8/TestWorkflowResetTestSuite/TestTraceReset_workflow_id/733ff00c-3ed8-4ba4-a374-abdc38bd7580, VisibilityTimestamp: 2026-09-10 01:23:14.807763102 +0000 UTC, TaskID: 1048610, Version: 0, DeleteAfterClose: false, DeleteProcessStage: 0}", "wf-namespace-id": "b4bf22ea-b80a-4bca-8cc1-92d52343d5f8", "logging-call-at": "/home/ubuntu/temporal-investigation-20260909/overnight-20260909/specula-engine/runs/temporal-reset-20260909-restart-1600/temporal-reset/.specula-output/confirmation/CR-2/worktree/service/history/queues/active_standby_executor.go:121"}
    shared_cluster_t.go:72: 2026-09-10T01:23:14.809Z	debug	routing key extraction: adding routing key to context	{"wf-id": "TestWorkflowResetTestSuite/TestTraceReset_workflow_id", "grpc-method": "/temporal.api.workflowservice.v1.WorkflowService/DeleteWorkflowExecution", "logging-call-at": "/home/ubuntu/temporal-investigation-20260909/overnight-20260909/specula-engine/runs/temporal-reset-20260909-restart-1600/temporal-reset/.specula-output/confirmation/CR-2/worktree/common/rpc/interceptor/routing_key_interceptor.go:112"}
    shared_cluster_t.go:72: 2026-09-10T01:23:14.809Z	debug	Frontend method invoked.	{"wf-namespace": "TestWorkflowResetTestSuite-TestTraceReset-62826d4d-e948-45be-8171-aa7d6bb6825c", "operation": "DeleteWorkflowExecution", "server-name": "", "cert-thumbprint": "", "logging-call-at": "/home/ubuntu/temporal-investigation-20260909/overnight-20260909/specula-engine/runs/temporal-reset-20260909-restart-1600/temporal-reset/.specula-output/confirmation/CR-2/worktree/common/rpc/interceptor/namespace_logger.go:53"}
    shared_cluster_t.go:72: 2026-09-10T01:23:14.809Z	info	DeleteWorkflowExecution requested	{"service": "history", "wf-id": "TestWorkflowResetTestSuite/TestTraceReset_workflow_id", "wf-namespace-id": "b4bf22ea-b80a-4bca-8cc1-92d52343d5f8", "wf-run-id": "733ff00c-3ed8-4ba4-a374-abdc38bd7580", "logging-call-at": "/home/ubuntu/temporal-investigation-20260909/overnight-20260909/specula-engine/runs/temporal-reset-20260909-restart-1600/temporal-reset/.specula-output/confirmation/CR-2/worktree/service/history/handler.go:1116"}
    shared_cluster_t.go:72: 2026-09-10T01:23:14.810Z	debug	Assigning new task key	{"address": "127.0.0.1:36383", "cursor-timestamp": "2026-09-10T01:23:15.809Z", "queue-task-id": 1048611, "queue-task-type": "TransferDeleteExecution", "shard-id": 1, "timestamp": "2026-09-10T01:23:14.810Z", "wf-id": "TestWorkflowResetTestSuite/TestTraceReset_workflow_id", "wf-namespace-id": "b4bf22ea-b80a-4bca-8cc1-92d52343d5f8", "wf-run-id": "733ff00c-3ed8-4ba4-a374-abdc38bd7580", "logging-call-at": "/home/ubuntu/temporal-investigation-20260909/overnight-20260909/specula-engine/runs/temporal-reset-20260909-restart-1600/temporal-reset/.specula-output/confirmation/CR-2/worktree/service/history/shard/task_key_generator.go:98"}
    shared_cluster_t.go:72: 2026-09-10T01:23:14.811Z	debug	Process task as active.	{"address": "127.0.0.1:36383", "component": "transfer-queue-processor", "shard-id": 1, "value": "DeleteExecutionTask{WorkflowKey: b4bf22ea-b80a-4bca-8cc1-92d52343d5f8/TestWorkflowResetTestSuite/TestTraceReset_workflow_id/733ff00c-3ed8-4ba4-a374-abdc38bd7580, VisibilityTimestamp: 2026-09-10 01:23:14.810017563 +0000 UTC, TaskID: 1048611, ProcessStage: 0}", "wf-namespace-id": "b4bf22ea-b80a-4bca-8cc1-92d52343d5f8", "logging-call-at": "/home/ubuntu/temporal-investigation-20260909/overnight-20260909/specula-engine/runs/temporal-reset-20260909-restart-1600/temporal-reset/.specula-output/confirmation/CR-2/worktree/service/history/queues/active_standby_executor.go:121"}
    shared_cluster_t.go:72: 2026-09-10T01:23:18.508Z	debug	Process task as active.	{"address": "127.0.0.1:36383", "component": "transfer-queue-processor", "shard-id": 1, "value": "DeleteExecutionTask{WorkflowKey: b4bf22ea-b80a-4bca-8cc1-92d52343d5f8/TestWorkflowResetTestSuite/TestTraceReset_workflow_id/733ff00c-3ed8-4ba4-a374-abdc38bd7580, VisibilityTimestamp: 2026-09-10 01:23:14.810017563 +0000 UTC, TaskID: 1048611, ProcessStage: 0}", "wf-namespace-id": "b4bf22ea-b80a-4bca-8cc1-92d52343d5f8", "logging-call-at": "/home/ubuntu/temporal-investigation-20260909/overnight-20260909/specula-engine/runs/temporal-reset-20260909-restart-1600/temporal-reset/.specula-output/confirmation/CR-2/worktree/service/history/queues/active_standby_executor.go:121"}
    shared_cluster_t.go:72: 2026-09-10T01:23:18.509Z	debug	Assigning new task key	{"address": "127.0.0.1:36383", "cursor-timestamp": "2026-09-10T01:23:18.509Z", "queue-task-id": 1048612, "queue-task-type": "VisibilityDeleteExecution", "shard-id": 1, "timestamp": "2026-09-10T01:23:18.509Z", "wf-id": "TestWorkflowResetTestSuite/TestTraceReset_workflow_id", "wf-namespace-id": "b4bf22ea-b80a-4bca-8cc1-92d52343d5f8", "wf-run-id": "733ff00c-3ed8-4ba4-a374-abdc38bd7580", "logging-call-at": "/home/ubuntu/temporal-investigation-20260909/overnight-20260909/specula-engine/runs/temporal-reset-20260909-restart-1600/temporal-reset/.specula-output/confirmation/CR-2/worktree/service/history/shard/task_key_generator.go:98"}
    shared_cluster_t.go:72: 2026-09-10T01:23:18.552Z	debug	routing key extraction: adding routing key to context	{"wf-id": "TestWorkflowResetTestSuite/TestTraceReset_workflow_id", "grpc-method": "/temporal.api.workflowservice.v1.WorkflowService/ResetWorkflowExecution", "logging-call-at": "/home/ubuntu/temporal-investigation-20260909/overnight-20260909/specula-engine/runs/temporal-reset-20260909-restart-1600/temporal-reset/.specula-output/confirmation/CR-2/worktree/common/rpc/interceptor/routing_key_interceptor.go:112"}
    shared_cluster_t.go:72: 2026-09-10T01:23:18.552Z	debug	Frontend method invoked.	{"wf-namespace": "TestWorkflowResetTestSuite-TestTraceReset-62826d4d-e948-45be-8171-aa7d6bb6825c", "operation": "ResetWorkflowExecution", "server-name": "", "cert-thumbprint": "", "logging-call-at": "/home/ubuntu/temporal-investigation-20260909/overnight-20260909/specula-engine/runs/temporal-reset-20260909-restart-1600/temporal-reset/.specula-output/confirmation/CR-2/worktree/common/rpc/interceptor/namespace_logger.go:53"}
    shared_cluster_t.go:72: 2026-09-10T01:23:18.554Z	debug	Workflow task updated	{"address": "127.0.0.1:36383", "attempt": 1, "shard-id": 1, "wf-id": "TestWorkflowResetTestSuite/TestTraceReset_workflow_id", "wf-namespace": "TestWorkflowResetTestSuite-TestTraceReset-62826d4d-e948-45be-8171-aa7d6bb6825c", "wf-run-id": "01d54107-4b55-4bb2-aba0-40e54a73fb94", "wf-scheduled-event-id": 2, "wf-started-event-id": 0, "wf-started-timestamp": "0001-01-01T00:00:00.000Z", "workflow-task-request-id": "emptyUuid", "workflow-task-timeout": 60, "wt-type": "Normal", "logging-call-at": "/home/ubuntu/temporal-investigation-20260909/overnight-20260909/specula-engine/runs/temporal-reset-20260909-restart-1600/temporal-reset/.specula-output/confirmation/CR-2/worktree/common/log/lazy_logger.go:30"}
    shared_cluster_t.go:72: 2026-09-10T01:23:18.554Z	debug	Workflow task updated	{"address": "127.0.0.1:36383", "attempt": 1, "shard-id": 1, "wf-id": "TestWorkflowResetTestSuite/TestTraceReset_workflow_id", "wf-namespace": "TestWorkflowResetTestSuite-TestTraceReset-62826d4d-e948-45be-8171-aa7d6bb6825c", "wf-run-id": "01d54107-4b55-4bb2-aba0-40e54a73fb94", "wf-scheduled-event-id": 2, "wf-started-event-id": 3, "wf-started-timestamp": "2026-09-10T01:23:13.807Z", "workflow-task-request-id": "e37d5437-35ce-4965-9d6a-605eb7c24a31", "workflow-task-timeout": 60, "wt-type": "Normal", "logging-call-at": "/home/ubuntu/temporal-investigation-20260909/overnight-20260909/specula-engine/runs/temporal-reset-20260909-restart-1600/temporal-reset/.specula-output/confirmation/CR-2/worktree/common/log/lazy_logger.go:30"}
    shared_cluster_t.go:72: 2026-09-10T01:23:18.554Z	debug	Workflow task updated	{"address": "127.0.0.1:36383", "attempt": 2, "shard-id": 1, "wf-id": "TestWorkflowResetTestSuite/TestTraceReset_workflow_id", "wf-namespace": "TestWorkflowResetTestSuite-TestTraceReset-62826d4d-e948-45be-8171-aa7d6bb6825c", "wf-run-id": "01d54107-4b55-4bb2-aba0-40e54a73fb94", "wf-scheduled-event-id": 0, "wf-started-event-id": 0, "wf-started-timestamp": "1970-01-01T00:00:00.000Z", "workflow-task-request-id": "emptyUuid", "workflow-task-timeout": 0, "wt-type": "Unspecified", "logging-call-at": "/home/ubuntu/temporal-investigation-20260909/overnight-20260909/specula-engine/runs/temporal-reset-20260909-restart-1600/temporal-reset/.specula-output/confirmation/CR-2/worktree/common/log/lazy_logger.go:30"}
    shared_cluster_t.go:72: 2026-09-10T01:23:18.555Z	debug	Workflow task updated	{"address": "127.0.0.1:36383", "attempt": 1, "shard-id": 1, "wf-id": "TestWorkflowResetTestSuite/TestTraceReset_workflow_id", "wf-namespace": "TestWorkflowResetTestSuite-TestTraceReset-62826d4d-e948-45be-8171-aa7d6bb6825c", "wf-run-id": "01d54107-4b55-4bb2-aba0-40e54a73fb94", "wf-scheduled-event-id": 5, "wf-started-event-id": 0, "wf-started-timestamp": "0001-01-01T00:00:00.000Z", "workflow-task-request-id": "emptyUuid", "workflow-task-timeout": 60, "wt-type": "Normal", "logging-call-at": "/home/ubuntu/temporal-investigation-20260909/overnight-20260909/specula-engine/runs/temporal-reset-20260909-restart-1600/temporal-reset/.specula-output/confirmation/CR-2/worktree/common/log/lazy_logger.go:30"}
    shared_cluster_t.go:72: 2026-09-10T01:23:18.556Z	debug	time skipping skipped for: time skipping is not enabled	{"address": "127.0.0.1:36383", "shard-id": 1, "wf-id": "TestWorkflowResetTestSuite/TestTraceReset_workflow_id", "wf-namespace": "TestWorkflowResetTestSuite-TestTraceReset-62826d4d-e948-45be-8171-aa7d6bb6825c", "wf-run-id": "01d54107-4b55-4bb2-aba0-40e54a73fb94", "logging-call-at": "/home/ubuntu/temporal-investigation-20260909/overnight-20260909/specula-engine/runs/temporal-reset-20260909-restart-1600/temporal-reset/.specula-output/confirmation/CR-2/worktree/common/log/lazy_logger.go:30"}
    shared_cluster_t.go:72: 2026-09-10T01:23:18.556Z	debug	time skipping skipped for: time skipping is not enabled	{"address": "127.0.0.1:36383", "shard-id": 1, "wf-id": "TestWorkflowResetTestSuite/TestTraceReset_workflow_id", "wf-namespace": "TestWorkflowResetTestSuite-TestTraceReset-62826d4d-e948-45be-8171-aa7d6bb6825c", "wf-namespace-id": "b4bf22ea-b80a-4bca-8cc1-92d52343d5f8", "wf-run-id": "01a088e9-6b04-7768-b594-56e325717f4e", "logging-call-at": "/home/ubuntu/temporal-investigation-20260909/overnight-20260909/specula-engine/runs/temporal-reset-20260909-restart-1600/temporal-reset/.specula-output/confirmation/CR-2/worktree/common/log/lazy_logger.go:30"}
    shared_cluster_t.go:72: 2026-09-10T01:23:18.557Z	debug	Assigning new task key	{"address": "127.0.0.1:36383", "cursor-timestamp": "2026-09-10T01:23:19.509Z", "queue-task-id": 1048617, "queue-task-type": "WorkflowRunTimeout", "shard-id": 1, "timestamp": "2026-09-10T01:28:18.555Z", "wf-id": "TestWorkflowResetTestSuite/TestTraceReset_workflow_id", "wf-namespace-id": "b4bf22ea-b80a-4bca-8cc1-92d52343d5f8", "wf-run-id": "01d54107-4b55-4bb2-aba0-40e54a73fb94", "logging-call-at": "/home/ubuntu/temporal-investigation-20260909/overnight-20260909/specula-engine/runs/temporal-reset-20260909-restart-1600/temporal-reset/.specula-output/confirmation/CR-2/worktree/service/history/shard/task_key_generator.go:98"}
    shared_cluster_t.go:72: 2026-09-10T01:23:18.557Z	debug	Assigning new task key	{"address": "127.0.0.1:36383", "cursor-timestamp": "2026-09-10T01:23:19.509Z", "queue-task-id": 1048618, "queue-task-type": "WorkflowTaskTimeout", "shard-id": 1, "timestamp": "2026-09-10T01:24:13.808Z", "wf-id": "TestWorkflowResetTestSuite/TestTraceReset_workflow_id", "wf-namespace-id": "b4bf22ea-b80a-4bca-8cc1-92d52343d5f8", "wf-run-id": "01d54107-4b55-4bb2-aba0-40e54a73fb94", "logging-call-at": "/home/ubuntu/temporal-investigation-20260909/overnight-20260909/specula-engine/runs/temporal-reset-20260909-restart-1600/temporal-reset/.specula-output/confirmation/CR-2/worktree/service/history/shard/task_key_generator.go:98"}
    shared_cluster_t.go:72: 2026-09-10T01:23:18.557Z	debug	Assigning new task key	{"address": "127.0.0.1:36383", "cursor-timestamp": "2026-09-10T01:23:19.509Z", "queue-task-id": 1048619, "queue-task-type": "WorkflowRunTimeout", "shard-id": 1, "timestamp": "2026-09-10T01:28:18.555Z", "wf-id": "TestWorkflowResetTestSuite/TestTraceReset_workflow_id", "wf-namespace-id": "b4bf22ea-b80a-4bca-8cc1-92d52343d5f8", "wf-run-id": "01d54107-4b55-4bb2-aba0-40e54a73fb94", "logging-call-at": "/home/ubuntu/temporal-investigation-20260909/overnight-20260909/specula-engine/runs/temporal-reset-20260909-restart-1600/temporal-reset/.specula-output/confirmation/CR-2/worktree/service/history/shard/task_key_generator.go:98"}
    shared_cluster_t.go:72: 2026-09-10T01:23:18.557Z	debug	Assigning new task key	{"address": "127.0.0.1:36383", "cursor-timestamp": "2026-09-10T01:23:19.509Z", "queue-task-id": 1048620, "queue-task-type": "VisibilityUpsertExecution", "shard-id": 1, "timestamp": "2026-09-10T01:23:18.557Z", "wf-id": "TestWorkflowResetTestSuite/TestTraceReset_workflow_id", "wf-namespace-id": "b4bf22ea-b80a-4bca-8cc1-92d52343d5f8", "wf-run-id": "01d54107-4b55-4bb2-aba0-40e54a73fb94", "logging-call-at": "/home/ubuntu/temporal-investigation-20260909/overnight-20260909/specula-engine/runs/temporal-reset-20260909-restart-1600/temporal-reset/.specula-output/confirmation/CR-2/worktree/service/history/shard/task_key_generator.go:98"}
    shared_cluster_t.go:72: 2026-09-10T01:23:18.557Z	debug	Assigning new task key	{"address": "127.0.0.1:36383", "cursor-timestamp": "2026-09-10T01:23:19.509Z", "queue-task-id": 1048621, "queue-task-type": "TransferWorkflowTask", "shard-id": 1, "timestamp": "2026-09-10T01:23:18.557Z", "wf-id": "TestWorkflowResetTestSuite/TestTraceReset_workflow_id", "wf-namespace-id": "b4bf22ea-b80a-4bca-8cc1-92d52343d5f8", "wf-run-id": "01d54107-4b55-4bb2-aba0-40e54a73fb94", "logging-call-at": "/home/ubuntu/temporal-investigation-20260909/overnight-20260909/specula-engine/runs/temporal-reset-20260909-restart-1600/temporal-reset/.specula-output/confirmation/CR-2/worktree/service/history/shard/task_key_generator.go:98"}
    shared_cluster_t.go:72: 2026-09-10T01:23:18.559Z	debug	Frontend method invoked.	{"wf-namespace": "", "operation": "CloseShard", "server-name": "", "cert-thumbprint": "", "logging-call-at": "/home/ubuntu/temporal-investigation-20260909/overnight-20260909/specula-engine/runs/temporal-reset-20260909-restart-1600/temporal-reset/.specula-output/confirmation/CR-2/worktree/common/rpc/interceptor/namespace_logger.go:53"}
    shared_cluster_t.go:72: 2026-09-10T01:23:18.560Z	info	none	{"address": "127.0.0.1:36383", "component": "shard-controller", "numShards": 0, "logging-call-at": "/home/ubuntu/temporal-investigation-20260909/overnight-20260909/specula-engine/runs/temporal-reset-20260909-restart-1600/temporal-reset/.specula-output/confirmation/CR-2/worktree/service/history/shard/controller_impl.go:288"}
    shared_cluster_t.go:72: 2026-09-10T01:23:18.560Z	info	none	{"address": "127.0.0.1:36383", "component": "shard-context", "lifecycle": "Stopped", "shard-id": 1, "logging-call-at": "/home/ubuntu/temporal-investigation-20260909/overnight-20260909/specula-engine/runs/temporal-reset-20260909-restart-1600/temporal-reset/.specula-output/confirmation/CR-2/worktree/service/history/shard/context_impl.go:1783"}
    shared_cluster_t.go:72: 2026-09-10T01:23:18.560Z	info	none	{"address": "127.0.0.1:36383", "component": "shard-engine", "lifecycle": "Stopping", "shard-id": 1, "logging-call-at": "/home/ubuntu/temporal-investigation-20260909/overnight-20260909/specula-engine/runs/temporal-reset-20260909-restart-1600/temporal-reset/.specula-output/confirmation/CR-2/worktree/service/history/shard/context_impl.go:1631"}
    shared_cluster_t.go:72: 2026-09-10T01:23:18.560Z	info	none	{"address": "127.0.0.1:36383", "component": "history-engine", "lifecycle": "Stopping", "shard-id": 1, "logging-call-at": "/home/ubuntu/temporal-investigation-20260909/overnight-20260909/specula-engine/runs/temporal-reset-20260909-restart-1600/temporal-reset/.specula-output/confirmation/CR-2/worktree/service/history/history_engine.go:407"}
    shared_cluster_t.go:72: 2026-09-10T01:23:18.560Z	info	none	{"address": "127.0.0.1:36383", "component": "transfer-queue-processor", "lifecycle": "Stopping", "shard-id": 1, "logging-call-at": "/home/ubuntu/temporal-investigation-20260909/overnight-20260909/specula-engine/runs/temporal-reset-20260909-restart-1600/temporal-reset/.specula-output/confirmation/CR-2/worktree/service/history/queues/queue_immediate.go:112"}
    shared_cluster_t.go:72: 2026-09-10T01:23:18.560Z	info	queue reader stopped	{"address": "127.0.0.1:36383", "component": "transfer-queue-processor", "lifecycle": "Stopped", "queue-reader-id": 0, "shard-id": 1, "logging-call-at": "/home/ubuntu/temporal-investigation-20260909/overnight-20260909/specula-engine/runs/temporal-reset-20260909-restart-1600/temporal-reset/.specula-output/confirmation/CR-2/worktree/service/history/queues/reader.go:177"}
    shared_cluster_t.go:72: 2026-09-10T01:23:18.560Z	info	Task rescheduler stopped.	{"address": "127.0.0.1:36383", "component": "transfer-queue-processor", "lifecycle": "Stopped", "shard-id": 1, "logging-call-at": "/home/ubuntu/temporal-investigation-20260909/overnight-20260909/specula-engine/runs/temporal-reset-20260909-restart-1600/temporal-reset/.specula-output/confirmation/CR-2/worktree/service/history/queues/rescheduler.go:117"}
    shared_cluster_t.go:72: 2026-09-10T01:23:18.560Z	info	none	{"address": "127.0.0.1:36383", "component": "transfer-queue-processor", "lifecycle": "Stopped", "shard-id": 1, "logging-call-at": "/home/ubuntu/temporal-investigation-20260909/overnight-20260909/specula-engine/runs/temporal-reset-20260909-restart-1600/temporal-reset/.specula-output/confirmation/CR-2/worktree/service/history/queues/queue_immediate.go:122"}
    shared_cluster_t.go:72: 2026-09-10T01:23:18.560Z	info	none	{"address": "127.0.0.1:36383", "component": "timer-queue-processor", "lifecycle": "Stopping", "shard-id": 1, "logging-call-at": "/home/ubuntu/temporal-investigation-20260909/overnight-20260909/specula-engine/runs/temporal-reset-20260909-restart-1600/temporal-reset/.specula-output/confirmation/CR-2/worktree/service/history/queues/queue_scheduled.go:146"}
    shared_cluster_t.go:72: 2026-09-10T01:23:18.560Z	info	queue reader stopped	{"address": "127.0.0.1:36383", "component": "timer-queue-processor", "lifecycle": "Stopped", "queue-reader-id": 0, "shard-id": 1, "logging-call-at": "/home/ubuntu/temporal-investigation-20260909/overnight-20260909/specula-engine/runs/temporal-reset-20260909-restart-1600/temporal-reset/.specula-output/confirmation/CR-2/worktree/service/history/queues/reader.go:177"}
    shared_cluster_t.go:72: 2026-09-10T01:23:18.560Z	info	Task rescheduler stopped.	{"address": "127.0.0.1:36383", "component": "timer-queue-processor", "lifecycle": "Stopped", "shard-id": 1, "logging-call-at": "/home/ubuntu/temporal-investigation-20260909/overnight-20260909/specula-engine/runs/temporal-reset-20260909-restart-1600/temporal-reset/.specula-output/confirmation/CR-2/worktree/service/history/queues/rescheduler.go:117"}
    shared_cluster_t.go:72: 2026-09-10T01:23:18.560Z	info	none	{"address": "127.0.0.1:36383", "component": "timer-queue-processor", "lifecycle": "Stopped", "shard-id": 1, "logging-call-at": "/home/ubuntu/temporal-investigation-20260909/overnight-20260909/specula-engine/runs/temporal-reset-20260909-restart-1600/temporal-reset/.specula-output/confirmation/CR-2/worktree/service/history/queues/queue_scheduled.go:157"}
    shared_cluster_t.go:72: 2026-09-10T01:23:18.560Z	info	none	{"address": "127.0.0.1:36383", "component": "visibility-queue-processor", "lifecycle": "Stopping", "shard-id": 1, "logging-call-at": "/home/ubuntu/temporal-investigation-20260909/overnight-20260909/specula-engine/runs/temporal-reset-20260909-restart-1600/temporal-reset/.specula-output/confirmation/CR-2/worktree/service/history/queues/queue_immediate.go:112"}
    shared_cluster_t.go:72: 2026-09-10T01:23:18.560Z	info	queue reader stopped	{"address": "127.0.0.1:36383", "component": "visibility-queue-processor", "lifecycle": "Stopped", "queue-reader-id": 0, "shard-id": 1, "logging-call-at": "/home/ubuntu/temporal-investigation-20260909/overnight-20260909/specula-engine/runs/temporal-reset-20260909-restart-1600/temporal-reset/.specula-output/confirmation/CR-2/worktree/service/history/queues/reader.go:177"}
    shared_cluster_t.go:72: 2026-09-10T01:23:18.560Z	info	Task rescheduler stopped.	{"address": "127.0.0.1:36383", "component": "visibility-queue-processor", "lifecycle": "Stopped", "shard-id": 1, "logging-call-at": "/home/ubuntu/temporal-investigation-20260909/overnight-20260909/specula-engine/runs/temporal-reset-20260909-restart-1600/temporal-reset/.specula-output/confirmation/CR-2/worktree/service/history/queues/rescheduler.go:117"}
    shared_cluster_t.go:72: 2026-09-10T01:23:18.560Z	info	none	{"address": "127.0.0.1:36383", "component": "visibility-queue-processor", "lifecycle": "Stopped", "shard-id": 1, "logging-call-at": "/home/ubuntu/temporal-investigation-20260909/overnight-20260909/specula-engine/runs/temporal-reset-20260909-restart-1600/temporal-reset/.specula-output/confirmation/CR-2/worktree/service/history/queues/queue_immediate.go:122"}
    shared_cluster_t.go:72: 2026-09-10T01:23:18.560Z	info	none	{"component": "memory-scheduled-queue-processor", "lifecycle": "Stopping", "service": "history", "logging-call-at": "/home/ubuntu/temporal-investigation-20260909/overnight-20260909/specula-engine/runs/temporal-reset-20260909-restart-1600/temporal-reset/.specula-output/confirmation/CR-2/worktree/service/history/queues/memory_scheduled_queue.go:91"}
    shared_cluster_t.go:72: 2026-09-10T01:23:18.560Z	info	none	{"component": "memory-scheduled-queue-processor", "lifecycle": "Stopped", "service": "history", "logging-call-at": "/home/ubuntu/temporal-investigation-20260909/overnight-20260909/specula-engine/runs/temporal-reset-20260909-restart-1600/temporal-reset/.specula-output/confirmation/CR-2/worktree/service/history/queues/memory_scheduled_queue.go:99"}
    shared_cluster_t.go:72: 2026-09-10T01:23:18.560Z	info	none	{"address": "127.0.0.1:36383", "component": "outbound-queue-processor", "lifecycle": "Stopping", "shard-id": 1, "logging-call-at": "/home/ubuntu/temporal-investigation-20260909/overnight-20260909/specula-engine/runs/temporal-reset-20260909-restart-1600/temporal-reset/.specula-output/confirmation/CR-2/worktree/service/history/queues/queue_immediate.go:112"}
    shared_cluster_t.go:72: 2026-09-10T01:23:18.560Z	info	queue reader stopped	{"address": "127.0.0.1:36383", "component": "outbound-queue-processor", "lifecycle": "Stopped", "queue-reader-id": 0, "shard-id": 1, "logging-call-at": "/home/ubuntu/temporal-investigation-20260909/overnight-20260909/specula-engine/runs/temporal-reset-20260909-restart-1600/temporal-reset/.specula-output/confirmation/CR-2/worktree/service/history/queues/reader.go:177"}
    shared_cluster_t.go:72: 2026-09-10T01:23:18.560Z	info	Task rescheduler stopped.	{"address": "127.0.0.1:36383", "component": "outbound-queue-processor", "lifecycle": "Stopped", "shard-id": 1, "logging-call-at": "/home/ubuntu/temporal-investigation-20260909/overnight-20260909/specula-engine/runs/temporal-reset-20260909-restart-1600/temporal-reset/.specula-output/confirmation/CR-2/worktree/service/history/queues/rescheduler.go:117"}
    shared_cluster_t.go:72: 2026-09-10T01:23:18.560Z	info	none	{"address": "127.0.0.1:36383", "component": "outbound-queue-processor", "lifecycle": "Stopped", "shard-id": 1, "logging-call-at": "/home/ubuntu/temporal-investigation-20260909/overnight-20260909/specula-engine/runs/temporal-reset-20260909-restart-1600/temporal-reset/.specula-output/confirmation/CR-2/worktree/service/history/queues/queue_immediate.go:122"}
    shared_cluster_t.go:72: 2026-09-10T01:23:18.560Z	info	none	{"address": "127.0.0.1:36383", "component": "history-engine", "lifecycle": "Stopped", "shard-id": 1, "logging-call-at": "/home/ubuntu/temporal-investigation-20260909/overnight-20260909/specula-engine/runs/temporal-reset-20260909-restart-1600/temporal-reset/.specula-output/confirmation/CR-2/worktree/service/history/history_engine.go:416"}
    shared_cluster_t.go:72: 2026-09-10T01:23:18.560Z	info	none	{"address": "127.0.0.1:36383", "component": "shard-engine", "lifecycle": "Stopped", "shard-id": 1, "logging-call-at": "/home/ubuntu/temporal-investigation-20260909/overnight-20260909/specula-engine/runs/temporal-reset-20260909-restart-1600/temporal-reset/.specula-output/confirmation/CR-2/worktree/service/history/shard/context_impl.go:1633"}
    shared_cluster_t.go:72: 2026-09-10T01:23:18.560Z	debug	finalizer starting	{"address": "127.0.0.1:36383", "items": 3, "shard-id": 1, "timeout": 2, "logging-call-at": "/home/ubuntu/temporal-investigation-20260909/overnight-20260909/specula-engine/runs/temporal-reset-20260909-restart-1600/temporal-reset/.specula-output/confirmation/CR-2/worktree/common/finalizer/finalizer.go:108"}
    shared_cluster_t.go:72: 2026-09-10T01:23:18.560Z	debug	finalizer completed	{"address": "127.0.0.1:36383", "completed": 3, "shard-id": 1, "logging-call-at": "/home/ubuntu/temporal-investigation-20260909/overnight-20260909/specula-engine/runs/temporal-reset-20260909-restart-1600/temporal-reset/.specula-output/confirmation/CR-2/worktree/common/finalizer/finalizer.go:152"}
    shared_cluster_t.go:72: 2026-09-10T01:23:18.561Z	debug	routing key extraction: adding routing key to context	{"wf-id": "TestWorkflowResetTestSuite/TestTraceReset_workflow_id", "grpc-method": "/temporal.api.workflowservice.v1.WorkflowService/DescribeWorkflowExecution", "logging-call-at": "/home/ubuntu/temporal-investigation-20260909/overnight-20260909/specula-engine/runs/temporal-reset-20260909-restart-1600/temporal-reset/.specula-output/confirmation/CR-2/worktree/common/rpc/interceptor/routing_key_interceptor.go:112"}
    shared_cluster_t.go:72: 2026-09-10T01:23:18.561Z	debug	Frontend method invoked.	{"wf-namespace": "TestWorkflowResetTestSuite-TestTraceReset-62826d4d-e948-45be-8171-aa7d6bb6825c", "operation": "DescribeWorkflowExecution", "server-name": "", "cert-thumbprint": "", "logging-call-at": "/home/ubuntu/temporal-investigation-20260909/overnight-20260909/specula-engine/runs/temporal-reset-20260909-restart-1600/temporal-reset/.specula-output/confirmation/CR-2/worktree/common/rpc/interceptor/namespace_logger.go:53"}
    shared_cluster_t.go:72: 2026-09-10T01:23:18.561Z	info	none	{"address": "127.0.0.1:36383", "component": "shard-context", "lifecycle": "Started", "shard-id": 1, "logging-call-at": "/home/ubuntu/temporal-investigation-20260909/overnight-20260909/specula-engine/runs/temporal-reset-20260909-restart-1600/temporal-reset/.specula-output/confirmation/CR-2/worktree/service/history/shard/context_impl.go:1764"}
    shared_cluster_t.go:72: 2026-09-10T01:23:18.561Z	info	none	{"address": "127.0.0.1:36383", "component": "shard-controller", "numShards": 1, "logging-call-at": "/home/ubuntu/temporal-investigation-20260909/overnight-20260909/specula-engine/runs/temporal-reset-20260909-restart-1600/temporal-reset/.specula-output/confirmation/CR-2/worktree/service/history/shard/controller_impl.go:265"}
    shared_cluster_t.go:72: 2026-09-10T01:23:18.562Z	info	Range updated for shardID	{"address": "127.0.0.1:36383", "previous-shard-range-id": 1, "shard-id": 1, "shard-range-id": 2, "logging-call-at": "/home/ubuntu/temporal-investigation-20260909/overnight-20260909/specula-engine/runs/temporal-reset-20260909-restart-1600/temporal-reset/.specula-output/confirmation/CR-2/worktree/service/history/shard/context_impl.go:1241"}
    shared_cluster_t.go:72: 2026-09-10T01:23:18.562Z	info	Task key range updated	{"address": "127.0.0.1:36383", "next-number": 3145728, "number": 2097152, "shard-id": 1, "logging-call-at": "/home/ubuntu/temporal-investigation-20260909/overnight-20260909/specula-engine/runs/temporal-reset-20260909-restart-1600/temporal-reset/.specula-output/confirmation/CR-2/worktree/service/history/shard/task_key_generator.go:155"}
    shared_cluster_t.go:72: 2026-09-10T01:23:18.562Z	info	Acquired shard	{"address": "127.0.0.1:36383", "shard-id": 1, "logging-call-at": "/home/ubuntu/temporal-investigation-20260909/overnight-20260909/specula-engine/runs/temporal-reset-20260909-restart-1600/temporal-reset/.specula-output/confirmation/CR-2/worktree/service/history/shard/context_impl.go:2129"}
    shared_cluster_t.go:72: 2026-09-10T01:23:18.562Z	info	none	{"address": "127.0.0.1:36383", "component": "shard-engine", "lifecycle": "Starting", "shard-id": 1, "logging-call-at": "/home/ubuntu/temporal-investigation-20260909/overnight-20260909/specula-engine/runs/temporal-reset-20260909-restart-1600/temporal-reset/.specula-output/confirmation/CR-2/worktree/service/history/shard/context_impl.go:1604"}
    shared_cluster_t.go:72: 2026-09-10T01:23:18.562Z	info	none	{"address": "127.0.0.1:36383", "component": "history-engine", "lifecycle": "Starting", "shard-id": 1, "logging-call-at": "/home/ubuntu/temporal-investigation-20260909/overnight-20260909/specula-engine/runs/temporal-reset-20260909-restart-1600/temporal-reset/.specula-output/confirmation/CR-2/worktree/service/history/history_engine.go:386"}
    shared_cluster_t.go:72: 2026-09-10T01:23:18.562Z	info	none	{"component": "memory-scheduled-queue-processor", "lifecycle": "Starting", "service": "history", "logging-call-at": "/home/ubuntu/temporal-investigation-20260909/overnight-20260909/specula-engine/runs/temporal-reset-20260909-restart-1600/temporal-reset/.specula-output/confirmation/CR-2/worktree/service/history/queues/memory_scheduled_queue.go:79"}
    shared_cluster_t.go:72: 2026-09-10T01:23:18.562Z	info	none	{"component": "memory-scheduled-queue-processor", "lifecycle": "Started", "service": "history", "logging-call-at": "/home/ubuntu/temporal-investigation-20260909/overnight-20260909/specula-engine/runs/temporal-reset-20260909-restart-1600/temporal-reset/.specula-output/confirmation/CR-2/worktree/service/history/queues/memory_scheduled_queue.go:84"}
    shared_cluster_t.go:72: 2026-09-10T01:23:18.562Z	info	none	{"address": "127.0.0.1:36383", "component": "outbound-queue-processor", "lifecycle": "Starting", "shard-id": 1, "logging-call-at": "/home/ubuntu/temporal-investigation-20260909/overnight-20260909/specula-engine/runs/temporal-reset-20260909-restart-1600/temporal-reset/.specula-output/confirmation/CR-2/worktree/service/history/queues/queue_immediate.go:96"}
    shared_cluster_t.go:72: 2026-09-10T01:23:18.562Z	info	Task rescheduler started.	{"address": "127.0.0.1:36383", "component": "outbound-queue-processor", "lifecycle": "Started", "shard-id": 1, "logging-call-at": "/home/ubuntu/temporal-investigation-20260909/overnight-20260909/specula-engine/runs/temporal-reset-20260909-restart-1600/temporal-reset/.specula-output/confirmation/CR-2/worktree/service/history/queues/rescheduler.go:102"}
    shared_cluster_t.go:72: 2026-09-10T01:23:18.562Z	info	none	{"address": "127.0.0.1:36383", "component": "outbound-queue-processor", "lifecycle": "Started", "shard-id": 1, "logging-call-at": "/home/ubuntu/temporal-investigation-20260909/overnight-20260909/specula-engine/runs/temporal-reset-20260909-restart-1600/temporal-reset/.specula-output/confirmation/CR-2/worktree/service/history/queues/queue_immediate.go:105"}
    shared_cluster_t.go:72: 2026-09-10T01:23:18.562Z	info	none	{"address": "127.0.0.1:36383", "component": "transfer-queue-processor", "lifecycle": "Starting", "shard-id": 1, "logging-call-at": "/home/ubuntu/temporal-investigation-20260909/overnight-20260909/specula-engine/runs/temporal-reset-20260909-restart-1600/temporal-reset/.specula-output/confirmation/CR-2/worktree/service/history/queues/queue_immediate.go:96"}
    shared_cluster_t.go:72: 2026-09-10T01:23:18.562Z	info	Task rescheduler started.	{"address": "127.0.0.1:36383", "component": "transfer-queue-processor", "lifecycle": "Started", "shard-id": 1, "logging-call-at": "/home/ubuntu/temporal-investigation-20260909/overnight-20260909/specula-engine/runs/temporal-reset-20260909-restart-1600/temporal-reset/.specula-output/confirmation/CR-2/worktree/service/history/queues/rescheduler.go:102"}
    shared_cluster_t.go:72: 2026-09-10T01:23:18.562Z	info	none	{"address": "127.0.0.1:36383", "component": "transfer-queue-processor", "lifecycle": "Started", "shard-id": 1, "logging-call-at": "/home/ubuntu/temporal-investigation-20260909/overnight-20260909/specula-engine/runs/temporal-reset-20260909-restart-1600/temporal-reset/.specula-output/confirmation/CR-2/worktree/service/history/queues/queue_immediate.go:105"}
    shared_cluster_t.go:72: 2026-09-10T01:23:18.562Z	info	none	{"address": "127.0.0.1:36383", "component": "timer-queue-processor", "lifecycle": "Starting", "shard-id": 1, "logging-call-at": "/home/ubuntu/temporal-investigation-20260909/overnight-20260909/specula-engine/runs/temporal-reset-20260909-restart-1600/temporal-reset/.specula-output/confirmation/CR-2/worktree/service/history/queues/queue_scheduled.go:130"}
    shared_cluster_t.go:72: 2026-09-10T01:23:18.562Z	info	Task rescheduler started.	{"address": "127.0.0.1:36383", "component": "timer-queue-processor", "lifecycle": "Started", "shard-id": 1, "logging-call-at": "/home/ubuntu/temporal-investigation-20260909/overnight-20260909/specula-engine/runs/temporal-reset-20260909-restart-1600/temporal-reset/.specula-output/confirmation/CR-2/worktree/service/history/queues/rescheduler.go:102"}
    shared_cluster_t.go:72: 2026-09-10T01:23:18.562Z	info	none	{"address": "127.0.0.1:36383", "component": "timer-queue-processor", "lifecycle": "Started", "shard-id": 1, "logging-call-at": "/home/ubuntu/temporal-investigation-20260909/overnight-20260909/specula-engine/runs/temporal-reset-20260909-restart-1600/temporal-reset/.specula-output/confirmation/CR-2/worktree/service/history/queues/queue_scheduled.go:139"}
    shared_cluster_t.go:72: 2026-09-10T01:23:18.562Z	info	none	{"address": "127.0.0.1:36383", "component": "visibility-queue-processor", "lifecycle": "Starting", "shard-id": 1, "logging-call-at": "/home/ubuntu/temporal-investigation-20260909/overnight-20260909/specula-engine/runs/temporal-reset-20260909-restart-1600/temporal-reset/.specula-output/confirmation/CR-2/worktree/service/history/queues/queue_immediate.go:96"}
    shared_cluster_t.go:72: 2026-09-10T01:23:18.562Z	info	queue reader started	{"address": "127.0.0.1:36383", "component": "outbound-queue-processor", "lifecycle": "Started", "queue-reader-id": 0, "shard-id": 1, "logging-call-at": "/home/ubuntu/temporal-investigation-20260909/overnight-20260909/specula-engine/runs/temporal-reset-20260909-restart-1600/temporal-reset/.specula-output/confirmation/CR-2/worktree/service/history/queues/reader.go:158"}
    shared_cluster_t.go:72: 2026-09-10T01:23:18.562Z	info	Task rescheduler started.	{"address": "127.0.0.1:36383", "component": "visibility-queue-processor", "lifecycle": "Started", "shard-id": 1, "logging-call-at": "/home/ubuntu/temporal-investigation-20260909/overnight-20260909/specula-engine/runs/temporal-reset-20260909-restart-1600/temporal-reset/.specula-output/confirmation/CR-2/worktree/service/history/queues/rescheduler.go:102"}
    shared_cluster_t.go:72: 2026-09-10T01:23:18.562Z	error	Queue reader unable to retrieve tasks	{"address": "127.0.0.1:36383", "component": "transfer-queue-processor", "error": "shard status unknown", "queue-reader-id": 0, "shard-id": 1, "logging-call-at": "/home/ubuntu/temporal-investigation-20260909/overnight-20260909/specula-engine/runs/temporal-reset-20260909-restart-1600/temporal-reset/.specula-output/confirmation/CR-2/worktree/service/history/queues/reader.go:457"}
        go.temporal.io/server/common/log.(*zapLogger).Error
        	/home/ubuntu/temporal-investigation-20260909/overnight-20260909/specula-engine/runs/temporal-reset-20260909-restart-1600/temporal-reset/.specula-output/confirmation/CR-2/worktree/common/log/zap_logger.go:191
        go.temporal.io/server/common/testing/testlogger.(*TestLogger).Error
        	/home/ubuntu/temporal-investigation-20260909/overnight-20260909/specula-engine/runs/temporal-reset-20260909-restart-1600/temporal-reset/.specula-output/confirmation/CR-2/worktree/common/testing/testlogger/testlogger.go:543
        go.temporal.io/server/service/history/queues.(*ReaderImpl).loadAndSubmitTasks
        	/home/ubuntu/temporal-investigation-20260909/overnight-20260909/specula-engine/runs/temporal-reset-20260909-restart-1600/temporal-reset/.specula-output/confirmation/CR-2/worktree/service/history/queues/reader.go:457
        go.temporal.io/server/service/history/queues.(*ReaderImpl).eventLoop
        	/home/ubuntu/temporal-investigation-20260909/overnight-20260909/specula-engine/runs/temporal-reset-20260909-restart-1600/temporal-reset/.specula-output/confirmation/CR-2/worktree/service/history/queues/reader.go:422
    shared_cluster_t.go:72: 2026-09-10T01:23:18.562Z	error	Queue reader unable to retrieve tasks	{"address": "127.0.0.1:36383", "component": "timer-queue-processor", "error": "shard status unknown", "queue-reader-id": 0, "shard-id": 1, "logging-call-at": "/home/ubuntu/temporal-investigation-20260909/overnight-20260909/specula-engine/runs/temporal-reset-20260909-restart-1600/temporal-reset/.specula-output/confirmation/CR-2/worktree/service/history/queues/reader.go:457"}
        go.temporal.io/server/common/log.(*zapLogger).Error
        	/home/ubuntu/temporal-investigation-20260909/overnight-20260909/specula-engine/runs/temporal-reset-20260909-restart-1600/temporal-reset/.specula-output/confirmation/CR-2/worktree/common/log/zap_logger.go:191
        go.temporal.io/server/common/testing/testlogger.(*TestLogger).Error
        	/home/ubuntu/temporal-investigation-20260909/overnight-20260909/specula-engine/runs/temporal-reset-20260909-restart-1600/temporal-reset/.specula-output/confirmation/CR-2/worktree/common/testing/testlogger/testlogger.go:543
        go.temporal.io/server/service/history/queues.(*ReaderImpl).loadAndSubmitTasks
        	/home/ubuntu/temporal-investigation-20260909/overnight-20260909/specula-engine/runs/temporal-reset-20260909-restart-1600/temporal-reset/.specula-output/confirmation/CR-2/worktree/service/history/queues/reader.go:457
        go.temporal.io/server/service/history/queues.(*ReaderImpl).eventLoop
        	/home/ubuntu/temporal-investigation-20260909/overnight-20260909/specula-engine/runs/temporal-reset-20260909-restart-1600/temporal-reset/.specula-output/confirmation/CR-2/worktree/service/history/queues/reader.go:422
    shared_cluster_t.go:72: 2026-09-10T01:23:18.562Z	info	queue reader started	{"address": "127.0.0.1:36383", "component": "timer-queue-processor", "lifecycle": "Started", "queue-reader-id": 0, "shard-id": 1, "logging-call-at": "/home/ubuntu/temporal-investigation-20260909/overnight-20260909/specula-engine/runs/temporal-reset-20260909-restart-1600/temporal-reset/.specula-output/confirmation/CR-2/worktree/service/history/queues/reader.go:158"}
    shared_cluster_t.go:72: 2026-09-10T01:23:18.562Z	error	Queue reader unable to retrieve tasks	{"address": "127.0.0.1:36383", "component": "visibility-queue-processor", "error": "shard status unknown", "queue-reader-id": 0, "shard-id": 1, "logging-call-at": "/home/ubuntu/temporal-investigation-20260909/overnight-20260909/specula-engine/runs/temporal-reset-20260909-restart-1600/temporal-reset/.specula-output/confirmation/CR-2/worktree/service/history/queues/reader.go:457"}
        go.temporal.io/server/common/log.(*zapLogger).Error
        	/home/ubuntu/temporal-investigation-20260909/overnight-20260909/specula-engine/runs/temporal-reset-20260909-restart-1600/temporal-reset/.specula-output/confirmation/CR-2/worktree/common/log/zap_logger.go:191
        go.temporal.io/server/common/testing/testlogger.(*TestLogger).Error
        	/home/ubuntu/temporal-investigation-20260909/overnight-20260909/specula-engine/runs/temporal-reset-20260909-restart-1600/temporal-reset/.specula-output/confirmation/CR-2/worktree/common/testing/testlogger/testlogger.go:543
        go.temporal.io/server/service/history/queues.(*ReaderImpl).loadAndSubmitTasks
        	/home/ubuntu/temporal-investigation-20260909/overnight-20260909/specula-engine/runs/temporal-reset-20260909-restart-1600/temporal-reset/.specula-output/confirmation/CR-2/worktree/service/history/queues/reader.go:457
        go.temporal.io/server/service/history/queues.(*ReaderImpl).eventLoop
        	/home/ubuntu/temporal-investigation-20260909/overnight-20260909/specula-engine/runs/temporal-reset-20260909-restart-1600/temporal-reset/.specula-output/confirmation/CR-2/worktree/service/history/queues/reader.go:422
    shared_cluster_t.go:72: 2026-09-10T01:23:18.562Z	info	queue reader started	{"address": "127.0.0.1:36383", "component": "transfer-queue-processor", "lifecycle": "Started", "queue-reader-id": 0, "shard-id": 1, "logging-call-at": "/home/ubuntu/temporal-investigation-20260909/overnight-20260909/specula-engine/runs/temporal-reset-20260909-restart-1600/temporal-reset/.specula-output/confirmation/CR-2/worktree/service/history/queues/reader.go:158"}
    shared_cluster_t.go:72: 2026-09-10T01:23:18.562Z	info	queue reader started	{"address": "127.0.0.1:36383", "component": "visibility-queue-processor", "lifecycle": "Started", "queue-reader-id": 0, "shard-id": 1, "logging-call-at": "/home/ubuntu/temporal-investigation-20260909/overnight-20260909/specula-engine/runs/temporal-reset-20260909-restart-1600/temporal-reset/.specula-output/confirmation/CR-2/worktree/service/history/queues/reader.go:158"}
    shared_cluster_t.go:72: 2026-09-10T01:23:18.562Z	error	Queue reader unable to retrieve tasks	{"address": "127.0.0.1:36383", "component": "outbound-queue-processor", "error": "shard status unknown", "queue-reader-id": 0, "shard-id": 1, "logging-call-at": "/home/ubuntu/temporal-investigation-20260909/overnight-20260909/specula-engine/runs/temporal-reset-20260909-restart-1600/temporal-reset/.specula-output/confirmation/CR-2/worktree/service/history/queues/reader.go:457"}
        go.temporal.io/server/common/log.(*zapLogger).Error
        	/home/ubuntu/temporal-investigation-20260909/overnight-20260909/specula-engine/runs/temporal-reset-20260909-restart-1600/temporal-reset/.specula-output/confirmation/CR-2/worktree/common/log/zap_logger.go:191
        go.temporal.io/server/common/testing/testlogger.(*TestLogger).Error
        	/home/ubuntu/temporal-investigation-20260909/overnight-20260909/specula-engine/runs/temporal-reset-20260909-restart-1600/temporal-reset/.specula-output/confirmation/CR-2/worktree/common/testing/testlogger/testlogger.go:543
        go.temporal.io/server/service/history/queues.(*ReaderImpl).loadAndSubmitTasks
        	/home/ubuntu/temporal-investigation-20260909/overnight-20260909/specula-engine/runs/temporal-reset-20260909-restart-1600/temporal-reset/.specula-output/confirmation/CR-2/worktree/service/history/queues/reader.go:457
        go.temporal.io/server/service/history/queues.(*ReaderImpl).eventLoop
        	/home/ubuntu/temporal-investigation-20260909/overnight-20260909/specula-engine/runs/temporal-reset-20260909-restart-1600/temporal-reset/.specula-output/confirmation/CR-2/worktree/service/history/queues/reader.go:422
    shared_cluster_t.go:72: 2026-09-10T01:23:18.562Z	info	none	{"address": "127.0.0.1:36383", "component": "visibility-queue-processor", "lifecycle": "Started", "shard-id": 1, "logging-call-at": "/home/ubuntu/temporal-investigation-20260909/overnight-20260909/specula-engine/runs/temporal-reset-20260909-restart-1600/temporal-reset/.specula-output/confirmation/CR-2/worktree/service/history/queues/queue_immediate.go:105"}
    shared_cluster_t.go:72: 2026-09-10T01:23:18.562Z	info	none	{"address": "127.0.0.1:36383", "component": "history-engine", "lifecycle": "Started", "shard-id": 1, "logging-call-at": "/home/ubuntu/temporal-investigation-20260909/overnight-20260909/specula-engine/runs/temporal-reset-20260909-restart-1600/temporal-reset/.specula-output/confirmation/CR-2/worktree/service/history/history_engine.go:395"}
    shared_cluster_t.go:72: 2026-09-10T01:23:18.562Z	info	none	{"address": "127.0.0.1:36383", "component": "shard-engine", "lifecycle": "Started", "shard-id": 1, "logging-call-at": "/home/ubuntu/temporal-investigation-20260909/overnight-20260909/specula-engine/runs/temporal-reset-20260909-restart-1600/temporal-reset/.specula-output/confirmation/CR-2/worktree/service/history/shard/context_impl.go:1607"}
    shared_cluster_t.go:72: 2026-09-10T01:23:18.564Z	debug	routing key extraction: adding routing key to context	{"wf-id": "TestWorkflowResetTestSuite/TestTraceReset_workflow_id", "grpc-method": "/temporal.api.workflowservice.v1.WorkflowService/ResetWorkflowExecution", "logging-call-at": "/home/ubuntu/temporal-investigation-20260909/overnight-20260909/specula-engine/runs/temporal-reset-20260909-restart-1600/temporal-reset/.specula-output/confirmation/CR-2/worktree/common/rpc/interceptor/routing_key_interceptor.go:112"}
    shared_cluster_t.go:72: 2026-09-10T01:23:18.564Z	debug	Frontend method invoked.	{"wf-namespace": "TestWorkflowResetTestSuite-TestTraceReset-62826d4d-e948-45be-8171-aa7d6bb6825c", "operation": "ResetWorkflowExecution", "server-name": "", "cert-thumbprint": "", "logging-call-at": "/home/ubuntu/temporal-investigation-20260909/overnight-20260909/specula-engine/runs/temporal-reset-20260909-restart-1600/temporal-reset/.specula-output/confirmation/CR-2/worktree/common/rpc/interceptor/namespace_logger.go:53"}
    shared_cluster_t.go:72: 2026-09-10T01:23:18.565Z	debug	Workflow task updated	{"address": "127.0.0.1:36383", "attempt": 1, "shard-id": 1, "wf-id": "TestWorkflowResetTestSuite/TestTraceReset_workflow_id", "wf-namespace": "TestWorkflowResetTestSuite-TestTraceReset-62826d4d-e948-45be-8171-aa7d6bb6825c", "wf-run-id": "b03d0c8e-406c-4ef7-8fed-6a6d8a383586", "wf-scheduled-event-id": 2, "wf-started-event-id": 0, "wf-started-timestamp": "0001-01-01T00:00:00.000Z", "workflow-task-request-id": "emptyUuid", "workflow-task-timeout": 60, "wt-type": "Normal", "logging-call-at": "/home/ubuntu/temporal-investigation-20260909/overnight-20260909/specula-engine/runs/temporal-reset-20260909-restart-1600/temporal-reset/.specula-output/confirmation/CR-2/worktree/common/log/lazy_logger.go:30"}
    shared_cluster_t.go:72: 2026-09-10T01:23:18.565Z	debug	Workflow task updated	{"address": "127.0.0.1:36383", "attempt": 1, "shard-id": 1, "wf-id": "TestWorkflowResetTestSuite/TestTraceReset_workflow_id", "wf-namespace": "TestWorkflowResetTestSuite-TestTraceReset-62826d4d-e948-45be-8171-aa7d6bb6825c", "wf-run-id": "b03d0c8e-406c-4ef7-8fed-6a6d8a383586", "wf-scheduled-event-id": 2, "wf-started-event-id": 3, "wf-started-timestamp": "2026-09-10T01:23:13.807Z", "workflow-task-request-id": "e37d5437-35ce-4965-9d6a-605eb7c24a31", "workflow-task-timeout": 60, "wt-type": "Normal", "logging-call-at": "/home/ubuntu/temporal-investigation-20260909/overnight-20260909/specula-engine/runs/temporal-reset-20260909-restart-1600/temporal-reset/.specula-output/confirmation/CR-2/worktree/common/log/lazy_logger.go:30"}
    shared_cluster_t.go:72: 2026-09-10T01:23:18.565Z	debug	Workflow task updated	{"address": "127.0.0.1:36383", "attempt": 2, "shard-id": 1, "wf-id": "TestWorkflowResetTestSuite/TestTraceReset_workflow_id", "wf-namespace": "TestWorkflowResetTestSuite-TestTraceReset-62826d4d-e948-45be-8171-aa7d6bb6825c", "wf-run-id": "b03d0c8e-406c-4ef7-8fed-6a6d8a383586", "wf-scheduled-event-id": 0, "wf-started-event-id": 0, "wf-started-timestamp": "1970-01-01T00:00:00.000Z", "workflow-task-request-id": "emptyUuid", "workflow-task-timeout": 0, "wt-type": "Unspecified", "logging-call-at": "/home/ubuntu/temporal-investigation-20260909/overnight-20260909/specula-engine/runs/temporal-reset-20260909-restart-1600/temporal-reset/.specula-output/confirmation/CR-2/worktree/common/log/lazy_logger.go:30"}
    shared_cluster_t.go:72: 2026-09-10T01:23:18.566Z	debug	Workflow task updated	{"address": "127.0.0.1:36383", "attempt": 1, "shard-id": 1, "wf-id": "TestWorkflowResetTestSuite/TestTraceReset_workflow_id", "wf-namespace": "TestWorkflowResetTestSuite-TestTraceReset-62826d4d-e948-45be-8171-aa7d6bb6825c", "wf-run-id": "b03d0c8e-406c-4ef7-8fed-6a6d8a383586", "wf-scheduled-event-id": 5, "wf-started-event-id": 0, "wf-started-timestamp": "0001-01-01T00:00:00.000Z", "workflow-task-request-id": "emptyUuid", "workflow-task-timeout": 60, "wt-type": "Normal", "logging-call-at": "/home/ubuntu/temporal-investigation-20260909/overnight-20260909/specula-engine/runs/temporal-reset-20260909-restart-1600/temporal-reset/.specula-output/confirmation/CR-2/worktree/common/log/lazy_logger.go:30"}
    shared_cluster_t.go:72: 2026-09-10T01:23:18.566Z	debug	time skipping skipped for: time skipping is not enabled	{"address": "127.0.0.1:36383", "shard-id": 1, "wf-id": "TestWorkflowResetTestSuite/TestTraceReset_workflow_id", "wf-namespace": "TestWorkflowResetTestSuite-TestTraceReset-62826d4d-e948-45be-8171-aa7d6bb6825c", "wf-run-id": "b03d0c8e-406c-4ef7-8fed-6a6d8a383586", "logging-call-at": "/home/ubuntu/temporal-investigation-20260909/overnight-20260909/specula-engine/runs/temporal-reset-20260909-restart-1600/temporal-reset/.specula-output/confirmation/CR-2/worktree/common/log/lazy_logger.go:30"}
    shared_cluster_t.go:72: 2026-09-10T01:23:18.566Z	debug	time skipping skipped for: time skipping is not enabled	{"address": "127.0.0.1:36383", "shard-id": 1, "wf-id": "TestWorkflowResetTestSuite/TestTraceReset_workflow_id", "wf-namespace": "TestWorkflowResetTestSuite-TestTraceReset-62826d4d-e948-45be-8171-aa7d6bb6825c", "wf-namespace-id": "b4bf22ea-b80a-4bca-8cc1-92d52343d5f8", "wf-run-id": "01a088e9-6b04-7768-b594-56e325717f4e", "logging-call-at": "/home/ubuntu/temporal-investigation-20260909/overnight-20260909/specula-engine/runs/temporal-reset-20260909-restart-1600/temporal-reset/.specula-output/confirmation/CR-2/worktree/common/log/lazy_logger.go:30"}
    shared_cluster_t.go:72: 2026-09-10T01:23:18.567Z	debug	Assigning new task key	{"address": "127.0.0.1:36383", "cursor-timestamp": "2026-09-10T01:23:19.562Z", "queue-task-id": 2097156, "queue-task-type": "WorkflowRunTimeout", "shard-id": 1, "timestamp": "2026-09-10T01:28:18.566Z", "wf-id": "TestWorkflowResetTestSuite/TestTraceReset_workflow_id", "wf-namespace-id": "b4bf22ea-b80a-4bca-8cc1-92d52343d5f8", "wf-run-id": "b03d0c8e-406c-4ef7-8fed-6a6d8a383586", "logging-call-at": "/home/ubuntu/temporal-investigation-20260909/overnight-20260909/specula-engine/runs/temporal-reset-20260909-restart-1600/temporal-reset/.specula-output/confirmation/CR-2/worktree/service/history/shard/task_key_generator.go:98"}
    shared_cluster_t.go:72: 2026-09-10T01:23:18.567Z	debug	Assigning new task key	{"address": "127.0.0.1:36383", "cursor-timestamp": "2026-09-10T01:23:19.562Z", "queue-task-id": 2097157, "queue-task-type": "WorkflowTaskTimeout", "shard-id": 1, "timestamp": "2026-09-10T01:24:13.808Z", "wf-id": "TestWorkflowResetTestSuite/TestTraceReset_workflow_id", "wf-namespace-id": "b4bf22ea-b80a-4bca-8cc1-92d52343d5f8", "wf-run-id": "b03d0c8e-406c-4ef7-8fed-6a6d8a383586", "logging-call-at": "/home/ubuntu/temporal-investigation-20260909/overnight-20260909/specula-engine/runs/temporal-reset-20260909-restart-1600/temporal-reset/.specula-output/confirmation/CR-2/worktree/service/history/shard/task_key_generator.go:98"}
    shared_cluster_t.go:72: 2026-09-10T01:23:18.567Z	debug	Assigning new task key	{"address": "127.0.0.1:36383", "cursor-timestamp": "2026-09-10T01:23:19.562Z", "queue-task-id": 2097158, "queue-task-type": "WorkflowRunTimeout", "shard-id": 1, "timestamp": "2026-09-10T01:28:18.566Z", "wf-id": "TestWorkflowResetTestSuite/TestTraceReset_workflow_id", "wf-namespace-id": "b4bf22ea-b80a-4bca-8cc1-92d52343d5f8", "wf-run-id": "b03d0c8e-406c-4ef7-8fed-6a6d8a383586", "logging-call-at": "/home/ubuntu/temporal-investigation-20260909/overnight-20260909/specula-engine/runs/temporal-reset-20260909-restart-1600/temporal-reset/.specula-output/confirmation/CR-2/worktree/service/history/shard/task_key_generator.go:98"}
    shared_cluster_t.go:72: 2026-09-10T01:23:18.567Z	debug	Assigning new task key	{"address": "127.0.0.1:36383", "cursor-timestamp": "2026-09-10T01:23:19.562Z", "queue-task-id": 2097159, "queue-task-type": "VisibilityUpsertExecution", "shard-id": 1, "timestamp": "2026-09-10T01:23:18.567Z", "wf-id": "TestWorkflowResetTestSuite/TestTraceReset_workflow_id", "wf-namespace-id": "b4bf22ea-b80a-4bca-8cc1-92d52343d5f8", "wf-run-id": "b03d0c8e-406c-4ef7-8fed-6a6d8a383586", "logging-call-at": "/home/ubuntu/temporal-investigation-20260909/overnight-20260909/specula-engine/runs/temporal-reset-20260909-restart-1600/temporal-reset/.specula-output/confirmation/CR-2/worktree/service/history/shard/task_key_generator.go:98"}
    shared_cluster_t.go:72: 2026-09-10T01:23:18.567Z	debug	Assigning new task key	{"address": "127.0.0.1:36383", "cursor-timestamp": "2026-09-10T01:23:19.562Z", "queue-task-id": 2097160, "queue-task-type": "TransferWorkflowTask", "shard-id": 1, "timestamp": "2026-09-10T01:23:18.567Z", "wf-id": "TestWorkflowResetTestSuite/TestTraceReset_workflow_id", "wf-namespace-id": "b4bf22ea-b80a-4bca-8cc1-92d52343d5f8", "wf-run-id": "b03d0c8e-406c-4ef7-8fed-6a6d8a383586", "logging-call-at": "/home/ubuntu/temporal-investigation-20260909/overnight-20260909/specula-engine/runs/temporal-reset-20260909-restart-1600/temporal-reset/.specula-output/confirmation/CR-2/worktree/service/history/shard/task_key_generator.go:98"}
    shared_cluster_t.go:72: 2026-09-10T01:23:18.570Z	debug	routing key extraction: adding routing key to context	{"wf-id": "TestWorkflowResetTestSuite/TestTraceReset_workflow_id", "grpc-method": "/temporal.api.workflowservice.v1.WorkflowService/DeleteWorkflowExecution", "logging-call-at": "/home/ubuntu/temporal-investigation-20260909/overnight-20260909/specula-engine/runs/temporal-reset-20260909-restart-1600/temporal-reset/.specula-output/confirmation/CR-2/worktree/common/rpc/interceptor/routing_key_interceptor.go:112"}
    shared_cluster_t.go:72: 2026-09-10T01:23:18.570Z	debug	Frontend method invoked.	{"wf-namespace": "TestWorkflowResetTestSuite-TestTraceReset-62826d4d-e948-45be-8171-aa7d6bb6825c", "operation": "DeleteWorkflowExecution", "server-name": "", "cert-thumbprint": "", "logging-call-at": "/home/ubuntu/temporal-investigation-20260909/overnight-20260909/specula-engine/runs/temporal-reset-20260909-restart-1600/temporal-reset/.specula-output/confirmation/CR-2/worktree/common/rpc/interceptor/namespace_logger.go:53"}
    shared_cluster_t.go:72: 2026-09-10T01:23:18.570Z	info	DeleteWorkflowExecution requested	{"service": "history", "wf-id": "TestWorkflowResetTestSuite/TestTraceReset_workflow_id", "wf-namespace-id": "b4bf22ea-b80a-4bca-8cc1-92d52343d5f8", "wf-run-id": "01a088e9-6b04-7768-b594-56e325717f4e", "logging-call-at": "/home/ubuntu/temporal-investigation-20260909/overnight-20260909/specula-engine/runs/temporal-reset-20260909-restart-1600/temporal-reset/.specula-output/confirmation/CR-2/worktree/service/history/handler.go:1116"}
    shared_cluster_t.go:72: 2026-09-10T01:23:18.570Z	debug	Assigning new task key	{"address": "127.0.0.1:36383", "cursor-timestamp": "2026-09-10T01:23:19.568Z", "queue-task-id": 2097161, "queue-task-type": "TransferDeleteExecution", "shard-id": 1, "timestamp": "2026-09-10T01:23:18.570Z", "wf-id": "TestWorkflowResetTestSuite/TestTraceReset_workflow_id", "wf-namespace-id": "b4bf22ea-b80a-4bca-8cc1-92d52343d5f8", "wf-run-id": "01a088e9-6b04-7768-b594-56e325717f4e", "logging-call-at": "/home/ubuntu/temporal-investigation-20260909/overnight-20260909/specula-engine/runs/temporal-reset-20260909-restart-1600/temporal-reset/.specula-output/confirmation/CR-2/worktree/service/history/shard/task_key_generator.go:98"}
    shared_cluster_t.go:72: 2026-09-10T01:23:18.603Z	debug	Process task as active.	{"address": "127.0.0.1:36383", "component": "timer-queue-processor", "shard-id": 1, "value": "WorkflowBackoffTimerTask{WorkflowKey: b4bf22ea-b80a-4bca-8cc1-92d52343d5f8/TestWorkflowResetTestSuite/TestTraceReset_workflow_id/733ff00c-3ed8-4ba4-a374-abdc38bd7580, VisibilityTimestamp: 2026-09-10 01:23:14.8 +0000 UTC, TaskID: 1048596, Version: 0, WorkflowBackoffType: Cron}", "wf-namespace-id": "b4bf22ea-b80a-4bca-8cc1-92d52343d5f8", "logging-call-at": "/home/ubuntu/temporal-investigation-20260909/overnight-20260909/specula-engine/runs/temporal-reset-20260909-restart-1600/temporal-reset/.specula-output/confirmation/CR-2/worktree/service/history/queues/active_standby_executor.go:121"}
    shared_cluster_t.go:72: 2026-09-10T01:23:18.608Z	debug	Process task as active.	{"address": "127.0.0.1:36383", "component": "transfer-queue-processor", "shard-id": 1, "value": "DeleteExecutionTask{WorkflowKey: b4bf22ea-b80a-4bca-8cc1-92d52343d5f8/TestWorkflowResetTestSuite/TestTraceReset_workflow_id/01a088e9-6b04-7768-b594-56e325717f4e, VisibilityTimestamp: 2026-09-10 01:23:18.570463258 +0000 UTC, TaskID: 2097161, ProcessStage: 0}", "wf-namespace-id": "b4bf22ea-b80a-4bca-8cc1-92d52343d5f8", "logging-call-at": "/home/ubuntu/temporal-investigation-20260909/overnight-20260909/specula-engine/runs/temporal-reset-20260909-restart-1600/temporal-reset/.specula-output/confirmation/CR-2/worktree/service/history/queues/active_standby_executor.go:121"}
    shared_cluster_t.go:72: 2026-09-10T01:23:18.608Z	debug	Process task as active.	{"address": "127.0.0.1:36383", "component": "transfer-queue-processor", "shard-id": 1, "value": "DeleteExecutionTask{WorkflowKey: b4bf22ea-b80a-4bca-8cc1-92d52343d5f8/TestWorkflowResetTestSuite/TestTraceReset_workflow_id/733ff00c-3ed8-4ba4-a374-abdc38bd7580, VisibilityTimestamp: 2026-09-10 01:23:14.810017563 +0000 UTC, TaskID: 1048611, ProcessStage: 0}", "wf-namespace-id": "b4bf22ea-b80a-4bca-8cc1-92d52343d5f8", "logging-call-at": "/home/ubuntu/temporal-investigation-20260909/overnight-20260909/specula-engine/runs/temporal-reset-20260909-restart-1600/temporal-reset/.specula-output/confirmation/CR-2/worktree/service/history/queues/active_standby_executor.go:121"}
    shared_cluster_t.go:72: 2026-09-10T01:23:18.609Z	debug	Process task as active.	{"address": "127.0.0.1:36383", "component": "transfer-queue-processor", "shard-id": 1, "value": "WorkflowTask{WorkflowKey: b4bf22ea-b80a-4bca-8cc1-92d52343d5f8/TestWorkflowResetTestSuite/TestTraceReset_workflow_id/b03d0c8e-406c-4ef7-8fed-6a6d8a383586, VisibilityTimestamp: 2026-09-10 01:23:18.567749314 +0000 UTC, TaskID: 2097160, TaskQueue: TestWorkflowResetTestSuite/TestTraceReset_task_queue, ScheduledEventID: 5, Version: 0}", "wf-namespace-id": "b4bf22ea-b80a-4bca-8cc1-92d52343d5f8", "logging-call-at": "/home/ubuntu/temporal-investigation-20260909/overnight-20260909/specula-engine/runs/temporal-reset-20260909-restart-1600/temporal-reset/.specula-output/confirmation/CR-2/worktree/service/history/queues/active_standby_executor.go:121"}
    shared_cluster_t.go:72: 2026-09-10T01:23:22.969Z	debug	Process task as active.	{"address": "127.0.0.1:36383", "component": "transfer-queue-processor", "shard-id": 1, "value": "DeleteExecutionTask{WorkflowKey: b4bf22ea-b80a-4bca-8cc1-92d52343d5f8/TestWorkflowResetTestSuite/TestTraceReset_workflow_id/01a088e9-6b04-7768-b594-56e325717f4e, VisibilityTimestamp: 2026-09-10 01:23:18.570463258 +0000 UTC, TaskID: 2097161, ProcessStage: 0}", "wf-namespace-id": "b4bf22ea-b80a-4bca-8cc1-92d52343d5f8", "logging-call-at": "/home/ubuntu/temporal-investigation-20260909/overnight-20260909/specula-engine/runs/temporal-reset-20260909-restart-1600/temporal-reset/.specula-output/confirmation/CR-2/worktree/service/history/queues/active_standby_executor.go:121"}
    shared_cluster_t.go:72: 2026-09-10T01:23:22.970Z	debug	Assigning new task key	{"address": "127.0.0.1:36383", "cursor-timestamp": "2026-09-10T01:23:22.970Z", "queue-task-id": 2097162, "queue-task-type": "VisibilityDeleteExecution", "shard-id": 1, "timestamp": "2026-09-10T01:23:22.970Z", "wf-id": "TestWorkflowResetTestSuite/TestTraceReset_workflow_id", "wf-namespace-id": "b4bf22ea-b80a-4bca-8cc1-92d52343d5f8", "wf-run-id": "01a088e9-6b04-7768-b594-56e325717f4e", "logging-call-at": "/home/ubuntu/temporal-investigation-20260909/overnight-20260909/specula-engine/runs/temporal-reset-20260909-restart-1600/temporal-reset/.specula-output/confirmation/CR-2/worktree/service/history/shard/task_key_generator.go:98"}
    shared_cluster_t.go:72: 2026-09-10T01:23:22.993Z	debug	Frontend method invoked.	{"wf-namespace": "", "operation": "CloseShard", "server-name": "", "cert-thumbprint": "", "logging-call-at": "/home/ubuntu/temporal-investigation-20260909/overnight-20260909/specula-engine/runs/temporal-reset-20260909-restart-1600/temporal-reset/.specula-output/confirmation/CR-2/worktree/common/rpc/interceptor/namespace_logger.go:53"}
    shared_cluster_t.go:72: 2026-09-10T01:23:22.993Z	info	none	{"address": "127.0.0.1:36383", "component": "shard-controller", "numShards": 0, "logging-call-at": "/home/ubuntu/temporal-investigation-20260909/overnight-20260909/specula-engine/runs/temporal-reset-20260909-restart-1600/temporal-reset/.specula-output/confirmation/CR-2/worktree/service/history/shard/controller_impl.go:288"}
    shared_cluster_t.go:72: 2026-09-10T01:23:22.994Z	info	none	{"address": "127.0.0.1:36383", "component": "shard-context", "lifecycle": "Stopped", "shard-id": 1, "logging-call-at": "/home/ubuntu/temporal-investigation-20260909/overnight-20260909/specula-engine/runs/temporal-reset-20260909-restart-1600/temporal-reset/.specula-output/confirmation/CR-2/worktree/service/history/shard/context_impl.go:1783"}
    shared_cluster_t.go:72: 2026-09-10T01:23:22.994Z	info	none	{"address": "127.0.0.1:36383", "component": "shard-engine", "lifecycle": "Stopping", "shard-id": 1, "logging-call-at": "/home/ubuntu/temporal-investigation-20260909/overnight-20260909/specula-engine/runs/temporal-reset-20260909-restart-1600/temporal-reset/.specula-output/confirmation/CR-2/worktree/service/history/shard/context_impl.go:1631"}
    shared_cluster_t.go:72: 2026-09-10T01:23:22.994Z	info	none	{"address": "127.0.0.1:36383", "component": "history-engine", "lifecycle": "Stopping", "shard-id": 1, "logging-call-at": "/home/ubuntu/temporal-investigation-20260909/overnight-20260909/specula-engine/runs/temporal-reset-20260909-restart-1600/temporal-reset/.specula-output/confirmation/CR-2/worktree/service/history/history_engine.go:407"}
    shared_cluster_t.go:72: 2026-09-10T01:23:22.994Z	info	none	{"address": "127.0.0.1:36383", "component": "visibility-queue-processor", "lifecycle": "Stopping", "shard-id": 1, "logging-call-at": "/home/ubuntu/temporal-investigation-20260909/overnight-20260909/specula-engine/runs/temporal-reset-20260909-restart-1600/temporal-reset/.specula-output/confirmation/CR-2/worktree/service/history/queues/queue_immediate.go:112"}
    shared_cluster_t.go:72: 2026-09-10T01:23:22.994Z	info	queue reader stopped	{"address": "127.0.0.1:36383", "component": "visibility-queue-processor", "lifecycle": "Stopped", "queue-reader-id": 0, "shard-id": 1, "logging-call-at": "/home/ubuntu/temporal-investigation-20260909/overnight-20260909/specula-engine/runs/temporal-reset-20260909-restart-1600/temporal-reset/.specula-output/confirmation/CR-2/worktree/service/history/queues/reader.go:177"}
    shared_cluster_t.go:72: 2026-09-10T01:23:22.994Z	info	Task rescheduler stopped.	{"address": "127.0.0.1:36383", "component": "visibility-queue-processor", "lifecycle": "Stopped", "shard-id": 1, "logging-call-at": "/home/ubuntu/temporal-investigation-20260909/overnight-20260909/specula-engine/runs/temporal-reset-20260909-restart-1600/temporal-reset/.specula-output/confirmation/CR-2/worktree/service/history/queues/rescheduler.go:117"}
    shared_cluster_t.go:72: 2026-09-10T01:23:22.994Z	info	none	{"address": "127.0.0.1:36383", "component": "visibility-queue-processor", "lifecycle": "Stopped", "shard-id": 1, "logging-call-at": "/home/ubuntu/temporal-investigation-20260909/overnight-20260909/specula-engine/runs/temporal-reset-20260909-restart-1600/temporal-reset/.specula-output/confirmation/CR-2/worktree/service/history/queues/queue_immediate.go:122"}
    shared_cluster_t.go:72: 2026-09-10T01:23:22.994Z	info	none	{"component": "memory-scheduled-queue-processor", "lifecycle": "Stopping", "service": "history", "logging-call-at": "/home/ubuntu/temporal-investigation-20260909/overnight-20260909/specula-engine/runs/temporal-reset-20260909-restart-1600/temporal-reset/.specula-output/confirmation/CR-2/worktree/service/history/queues/memory_scheduled_queue.go:91"}
    shared_cluster_t.go:72: 2026-09-10T01:23:22.994Z	info	none	{"component": "memory-scheduled-queue-processor", "lifecycle": "Stopped", "service": "history", "logging-call-at": "/home/ubuntu/temporal-investigation-20260909/overnight-20260909/specula-engine/runs/temporal-reset-20260909-restart-1600/temporal-reset/.specula-output/confirmation/CR-2/worktree/service/history/queues/memory_scheduled_queue.go:99"}
    shared_cluster_t.go:72: 2026-09-10T01:23:22.994Z	info	none	{"address": "127.0.0.1:36383", "component": "outbound-queue-processor", "lifecycle": "Stopping", "shard-id": 1, "logging-call-at": "/home/ubuntu/temporal-investigation-20260909/overnight-20260909/specula-engine/runs/temporal-reset-20260909-restart-1600/temporal-reset/.specula-output/confirmation/CR-2/worktree/service/history/queues/queue_immediate.go:112"}
    shared_cluster_t.go:72: 2026-09-10T01:23:22.994Z	info	queue reader stopped	{"address": "127.0.0.1:36383", "component": "outbound-queue-processor", "lifecycle": "Stopped", "queue-reader-id": 0, "shard-id": 1, "logging-call-at": "/home/ubuntu/temporal-investigation-20260909/overnight-20260909/specula-engine/runs/temporal-reset-20260909-restart-1600/temporal-reset/.specula-output/confirmation/CR-2/worktree/service/history/queues/reader.go:177"}
    shared_cluster_t.go:72: 2026-09-10T01:23:22.994Z	info	Task rescheduler stopped.	{"address": "127.0.0.1:36383", "component": "outbound-queue-processor", "lifecycle": "Stopped", "shard-id": 1, "logging-call-at": "/home/ubuntu/temporal-investigation-20260909/overnight-20260909/specula-engine/runs/temporal-reset-20260909-restart-1600/temporal-reset/.specula-output/confirmation/CR-2/worktree/service/history/queues/rescheduler.go:117"}
    shared_cluster_t.go:72: 2026-09-10T01:23:22.994Z	info	none	{"address": "127.0.0.1:36383", "component": "outbound-queue-processor", "lifecycle": "Stopped", "shard-id": 1, "logging-call-at": "/home/ubuntu/temporal-investigation-20260909/overnight-20260909/specula-engine/runs/temporal-reset-20260909-restart-1600/temporal-reset/.specula-output/confirmation/CR-2/worktree/service/history/queues/queue_immediate.go:122"}
    shared_cluster_t.go:72: 2026-09-10T01:23:22.994Z	info	none	{"address": "127.0.0.1:36383", "component": "transfer-queue-processor", "lifecycle": "Stopping", "shard-id": 1, "logging-call-at": "/home/ubuntu/temporal-investigation-20260909/overnight-20260909/specula-engine/runs/temporal-reset-20260909-restart-1600/temporal-reset/.specula-output/confirmation/CR-2/worktree/service/history/queues/queue_immediate.go:112"}
    shared_cluster_t.go:72: 2026-09-10T01:23:22.994Z	info	queue reader stopped	{"address": "127.0.0.1:36383", "component": "transfer-queue-processor", "lifecycle": "Stopped", "queue-reader-id": 0, "shard-id": 1, "logging-call-at": "/home/ubuntu/temporal-investigation-20260909/overnight-20260909/specula-engine/runs/temporal-reset-20260909-restart-1600/temporal-reset/.specula-output/confirmation/CR-2/worktree/service/history/queues/reader.go:177"}
    shared_cluster_t.go:72: 2026-09-10T01:23:22.994Z	info	Task rescheduler stopped.	{"address": "127.0.0.1:36383", "component": "transfer-queue-processor", "lifecycle": "Stopped", "shard-id": 1, "logging-call-at": "/home/ubuntu/temporal-investigation-20260909/overnight-20260909/specula-engine/runs/temporal-reset-20260909-restart-1600/temporal-reset/.specula-output/confirmation/CR-2/worktree/service/history/queues/rescheduler.go:117"}
    shared_cluster_t.go:72: 2026-09-10T01:23:22.994Z	info	none	{"address": "127.0.0.1:36383", "component": "transfer-queue-processor", "lifecycle": "Stopped", "shard-id": 1, "logging-call-at": "/home/ubuntu/temporal-investigation-20260909/overnight-20260909/specula-engine/runs/temporal-reset-20260909-restart-1600/temporal-reset/.specula-output/confirmation/CR-2/worktree/service/history/queues/queue_immediate.go:122"}
    shared_cluster_t.go:72: 2026-09-10T01:23:22.994Z	info	none	{"address": "127.0.0.1:36383", "component": "timer-queue-processor", "lifecycle": "Stopping", "shard-id": 1, "logging-call-at": "/home/ubuntu/temporal-investigation-20260909/overnight-20260909/specula-engine/runs/temporal-reset-20260909-restart-1600/temporal-reset/.specula-output/confirmation/CR-2/worktree/service/history/queues/queue_scheduled.go:146"}
    shared_cluster_t.go:72: 2026-09-10T01:23:22.994Z	info	queue reader stopped	{"address": "127.0.0.1:36383", "component": "timer-queue-processor", "lifecycle": "Stopped", "queue-reader-id": 0, "shard-id": 1, "logging-call-at": "/home/ubuntu/temporal-investigation-20260909/overnight-20260909/specula-engine/runs/temporal-reset-20260909-restart-1600/temporal-reset/.specula-output/confirmation/CR-2/worktree/service/history/queues/reader.go:177"}
    shared_cluster_t.go:72: 2026-09-10T01:23:22.994Z	info	Task rescheduler stopped.	{"address": "127.0.0.1:36383", "component": "timer-queue-processor", "lifecycle": "Stopped", "shard-id": 1, "logging-call-at": "/home/ubuntu/temporal-investigation-20260909/overnight-20260909/specula-engine/runs/temporal-reset-20260909-restart-1600/temporal-reset/.specula-output/confirmation/CR-2/worktree/service/history/queues/rescheduler.go:117"}
    shared_cluster_t.go:72: 2026-09-10T01:23:22.994Z	info	none	{"address": "127.0.0.1:36383", "component": "timer-queue-processor", "lifecycle": "Stopped", "shard-id": 1, "logging-call-at": "/home/ubuntu/temporal-investigation-20260909/overnight-20260909/specula-engine/runs/temporal-reset-20260909-restart-1600/temporal-reset/.specula-output/confirmation/CR-2/worktree/service/history/queues/queue_scheduled.go:157"}
    shared_cluster_t.go:72: 2026-09-10T01:23:22.994Z	info	none	{"address": "127.0.0.1:36383", "component": "history-engine", "lifecycle": "Stopped", "shard-id": 1, "logging-call-at": "/home/ubuntu/temporal-investigation-20260909/overnight-20260909/specula-engine/runs/temporal-reset-20260909-restart-1600/temporal-reset/.specula-output/confirmation/CR-2/worktree/service/history/history_engine.go:416"}
    shared_cluster_t.go:72: 2026-09-10T01:23:22.994Z	info	none	{"address": "127.0.0.1:36383", "component": "shard-engine", "lifecycle": "Stopped", "shard-id": 1, "logging-call-at": "/home/ubuntu/temporal-investigation-20260909/overnight-20260909/specula-engine/runs/temporal-reset-20260909-restart-1600/temporal-reset/.specula-output/confirmation/CR-2/worktree/service/history/shard/context_impl.go:1633"}
    shared_cluster_t.go:72: 2026-09-10T01:23:22.994Z	debug	finalizer starting	{"address": "127.0.0.1:36383", "items": 4, "shard-id": 1, "timeout": 2, "logging-call-at": "/home/ubuntu/temporal-investigation-20260909/overnight-20260909/specula-engine/runs/temporal-reset-20260909-restart-1600/temporal-reset/.specula-output/confirmation/CR-2/worktree/common/finalizer/finalizer.go:108"}
    shared_cluster_t.go:72: 2026-09-10T01:23:22.994Z	debug	finalizer completed	{"address": "127.0.0.1:36383", "completed": 4, "shard-id": 1, "logging-call-at": "/home/ubuntu/temporal-investigation-20260909/overnight-20260909/specula-engine/runs/temporal-reset-20260909-restart-1600/temporal-reset/.specula-output/confirmation/CR-2/worktree/common/finalizer/finalizer.go:152"}
    shared_cluster_t.go:72: 2026-09-10T01:23:22.994Z	debug	routing key extraction: adding routing key to context	{"wf-id": "TestWorkflowResetTestSuite/TestTraceReset_workflow_id", "grpc-method": "/temporal.api.workflowservice.v1.WorkflowService/DescribeWorkflowExecution", "logging-call-at": "/home/ubuntu/temporal-investigation-20260909/overnight-20260909/specula-engine/runs/temporal-reset-20260909-restart-1600/temporal-reset/.specula-output/confirmation/CR-2/worktree/common/rpc/interceptor/routing_key_interceptor.go:112"}
    shared_cluster_t.go:72: 2026-09-10T01:23:22.994Z	debug	Frontend method invoked.	{"wf-namespace": "TestWorkflowResetTestSuite-TestTraceReset-62826d4d-e948-45be-8171-aa7d6bb6825c", "operation": "DescribeWorkflowExecution", "server-name": "", "cert-thumbprint": "", "logging-call-at": "/home/ubuntu/temporal-investigation-20260909/overnight-20260909/specula-engine/runs/temporal-reset-20260909-restart-1600/temporal-reset/.specula-output/confirmation/CR-2/worktree/common/rpc/interceptor/namespace_logger.go:53"}
    shared_cluster_t.go:72: 2026-09-10T01:23:22.995Z	info	none	{"address": "127.0.0.1:36383", "component": "shard-context", "lifecycle": "Started", "shard-id": 1, "logging-call-at": "/home/ubuntu/temporal-investigation-20260909/overnight-20260909/specula-engine/runs/temporal-reset-20260909-restart-1600/temporal-reset/.specula-output/confirmation/CR-2/worktree/service/history/shard/context_impl.go:1764"}
    shared_cluster_t.go:72: 2026-09-10T01:23:22.995Z	info	none	{"address": "127.0.0.1:36383", "component": "shard-controller", "numShards": 1, "logging-call-at": "/home/ubuntu/temporal-investigation-20260909/overnight-20260909/specula-engine/runs/temporal-reset-20260909-restart-1600/temporal-reset/.specula-output/confirmation/CR-2/worktree/service/history/shard/controller_impl.go:265"}
    shared_cluster_t.go:72: 2026-09-10T01:23:22.995Z	info	Range updated for shardID	{"address": "127.0.0.1:36383", "previous-shard-range-id": 2, "shard-id": 1, "shard-range-id": 3, "logging-call-at": "/home/ubuntu/temporal-investigation-20260909/overnight-20260909/specula-engine/runs/temporal-reset-20260909-restart-1600/temporal-reset/.specula-output/confirmation/CR-2/worktree/service/history/shard/context_impl.go:1241"}
    shared_cluster_t.go:72: 2026-09-10T01:23:22.995Z	info	Task key range updated	{"address": "127.0.0.1:36383", "next-number": 4194304, "number": 3145728, "shard-id": 1, "logging-call-at": "/home/ubuntu/temporal-investigation-20260909/overnight-20260909/specula-engine/runs/temporal-reset-20260909-restart-1600/temporal-reset/.specula-output/confirmation/CR-2/worktree/service/history/shard/task_key_generator.go:155"}
    shared_cluster_t.go:72: 2026-09-10T01:23:22.995Z	info	Acquired shard	{"address": "127.0.0.1:36383", "shard-id": 1, "logging-call-at": "/home/ubuntu/temporal-investigation-20260909/overnight-20260909/specula-engine/runs/temporal-reset-20260909-restart-1600/temporal-reset/.specula-output/confirmation/CR-2/worktree/service/history/shard/context_impl.go:2129"}
    shared_cluster_t.go:72: 2026-09-10T01:23:22.995Z	info	none	{"address": "127.0.0.1:36383", "component": "shard-engine", "lifecycle": "Starting", "shard-id": 1, "logging-call-at": "/home/ubuntu/temporal-investigation-20260909/overnight-20260909/specula-engine/runs/temporal-reset-20260909-restart-1600/temporal-reset/.specula-output/confirmation/CR-2/worktree/service/history/shard/context_impl.go:1604"}
    shared_cluster_t.go:72: 2026-09-10T01:23:22.995Z	info	none	{"address": "127.0.0.1:36383", "component": "history-engine", "lifecycle": "Starting", "shard-id": 1, "logging-call-at": "/home/ubuntu/temporal-investigation-20260909/overnight-20260909/specula-engine/runs/temporal-reset-20260909-restart-1600/temporal-reset/.specula-output/confirmation/CR-2/worktree/service/history/history_engine.go:386"}
    shared_cluster_t.go:72: 2026-09-10T01:23:22.995Z	info	none	{"address": "127.0.0.1:36383", "component": "outbound-queue-processor", "lifecycle": "Starting", "shard-id": 1, "logging-call-at": "/home/ubuntu/temporal-investigation-20260909/overnight-20260909/specula-engine/runs/temporal-reset-20260909-restart-1600/temporal-reset/.specula-output/confirmation/CR-2/worktree/service/history/queues/queue_immediate.go:96"}
    shared_cluster_t.go:72: 2026-09-10T01:23:22.995Z	info	Task rescheduler started.	{"address": "127.0.0.1:36383", "component": "outbound-queue-processor", "lifecycle": "Started", "shard-id": 1, "logging-call-at": "/home/ubuntu/temporal-investigation-20260909/overnight-20260909/specula-engine/runs/temporal-reset-20260909-restart-1600/temporal-reset/.specula-output/confirmation/CR-2/worktree/service/history/queues/rescheduler.go:102"}
    shared_cluster_t.go:72: 2026-09-10T01:23:22.995Z	info	queue reader started	{"address": "127.0.0.1:36383", "component": "outbound-queue-processor", "lifecycle": "Started", "queue-reader-id": 0, "shard-id": 1, "logging-call-at": "/home/ubuntu/temporal-investigation-20260909/overnight-20260909/specula-engine/runs/temporal-reset-20260909-restart-1600/temporal-reset/.specula-output/confirmation/CR-2/worktree/service/history/queues/reader.go:158"}
    shared_cluster_t.go:72: 2026-09-10T01:23:22.995Z	error	Queue reader unable to retrieve tasks	{"address": "127.0.0.1:36383", "component": "outbound-queue-processor", "error": "shard status unknown", "queue-reader-id": 0, "shard-id": 1, "logging-call-at": "/home/ubuntu/temporal-investigation-20260909/overnight-20260909/specula-engine/runs/temporal-reset-20260909-restart-1600/temporal-reset/.specula-output/confirmation/CR-2/worktree/service/history/queues/reader.go:457"}
        go.temporal.io/server/common/log.(*zapLogger).Error
        	/home/ubuntu/temporal-investigation-20260909/overnight-20260909/specula-engine/runs/temporal-reset-20260909-restart-1600/temporal-reset/.specula-output/confirmation/CR-2/worktree/common/log/zap_logger.go:191
        go.temporal.io/server/common/testing/testlogger.(*TestLogger).Error
        	/home/ubuntu/temporal-investigation-20260909/overnight-20260909/specula-engine/runs/temporal-reset-20260909-restart-1600/temporal-reset/.specula-output/confirmation/CR-2/worktree/common/testing/testlogger/testlogger.go:543
        go.temporal.io/server/service/history/queues.(*ReaderImpl).loadAndSubmitTasks
        	/home/ubuntu/temporal-investigation-20260909/overnight-20260909/specula-engine/runs/temporal-reset-20260909-restart-1600/temporal-reset/.specula-output/confirmation/CR-2/worktree/service/history/queues/reader.go:457
        go.temporal.io/server/service/history/queues.(*ReaderImpl).eventLoop
        	/home/ubuntu/temporal-investigation-20260909/overnight-20260909/specula-engine/runs/temporal-reset-20260909-restart-1600/temporal-reset/.specula-output/confirmation/CR-2/worktree/service/history/queues/reader.go:422
    shared_cluster_t.go:72: 2026-09-10T01:23:22.995Z	info	none	{"address": "127.0.0.1:36383", "component": "outbound-queue-processor", "lifecycle": "Started", "shard-id": 1, "logging-call-at": "/home/ubuntu/temporal-investigation-20260909/overnight-20260909/specula-engine/runs/temporal-reset-20260909-restart-1600/temporal-reset/.specula-output/confirmation/CR-2/worktree/service/history/queues/queue_immediate.go:105"}
    shared_cluster_t.go:72: 2026-09-10T01:23:22.996Z	info	none	{"address": "127.0.0.1:36383", "component": "transfer-queue-processor", "lifecycle": "Starting", "shard-id": 1, "logging-call-at": "/home/ubuntu/temporal-investigation-20260909/overnight-20260909/specula-engine/runs/temporal-reset-20260909-restart-1600/temporal-reset/.specula-output/confirmation/CR-2/worktree/service/history/queues/queue_immediate.go:96"}
    shared_cluster_t.go:72: 2026-09-10T01:23:22.996Z	info	Task rescheduler started.	{"address": "127.0.0.1:36383", "component": "transfer-queue-processor", "lifecycle": "Started", "shard-id": 1, "logging-call-at": "/home/ubuntu/temporal-investigation-20260909/overnight-20260909/specula-engine/runs/temporal-reset-20260909-restart-1600/temporal-reset/.specula-output/confirmation/CR-2/worktree/service/history/queues/rescheduler.go:102"}
    shared_cluster_t.go:72: 2026-09-10T01:23:22.996Z	info	none	{"address": "127.0.0.1:36383", "component": "transfer-queue-processor", "lifecycle": "Started", "shard-id": 1, "logging-call-at": "/home/ubuntu/temporal-investigation-20260909/overnight-20260909/specula-engine/runs/temporal-reset-20260909-restart-1600/temporal-reset/.specula-output/confirmation/CR-2/worktree/service/history/queues/queue_immediate.go:105"}
    shared_cluster_t.go:72: 2026-09-10T01:23:22.996Z	info	none	{"address": "127.0.0.1:36383", "component": "timer-queue-processor", "lifecycle": "Starting", "shard-id": 1, "logging-call-at": "/home/ubuntu/temporal-investigation-20260909/overnight-20260909/specula-engine/runs/temporal-reset-20260909-restart-1600/temporal-reset/.specula-output/confirmation/CR-2/worktree/service/history/queues/queue_scheduled.go:130"}
    shared_cluster_t.go:72: 2026-09-10T01:23:22.996Z	info	Task rescheduler started.	{"address": "127.0.0.1:36383", "component": "timer-queue-processor", "lifecycle": "Started", "shard-id": 1, "logging-call-at": "/home/ubuntu/temporal-investigation-20260909/overnight-20260909/specula-engine/runs/temporal-reset-20260909-restart-1600/temporal-reset/.specula-output/confirmation/CR-2/worktree/service/history/queues/rescheduler.go:102"}
    shared_cluster_t.go:72: 2026-09-10T01:23:22.996Z	info	none	{"address": "127.0.0.1:36383", "component": "timer-queue-processor", "lifecycle": "Started", "shard-id": 1, "logging-call-at": "/home/ubuntu/temporal-investigation-20260909/overnight-20260909/specula-engine/runs/temporal-reset-20260909-restart-1600/temporal-reset/.specula-output/confirmation/CR-2/worktree/service/history/queues/queue_scheduled.go:139"}
    shared_cluster_t.go:72: 2026-09-10T01:23:22.996Z	info	none	{"address": "127.0.0.1:36383", "component": "visibility-queue-processor", "lifecycle": "Starting", "shard-id": 1, "logging-call-at": "/home/ubuntu/temporal-investigation-20260909/overnight-20260909/specula-engine/runs/temporal-reset-20260909-restart-1600/temporal-reset/.specula-output/confirmation/CR-2/worktree/service/history/queues/queue_immediate.go:96"}
    shared_cluster_t.go:72: 2026-09-10T01:23:22.996Z	info	Task rescheduler started.	{"address": "127.0.0.1:36383", "component": "visibility-queue-processor", "lifecycle": "Started", "shard-id": 1, "logging-call-at": "/home/ubuntu/temporal-investigation-20260909/overnight-20260909/specula-engine/runs/temporal-reset-20260909-restart-1600/temporal-reset/.specula-output/confirmation/CR-2/worktree/service/history/queues/rescheduler.go:102"}
    shared_cluster_t.go:72: 2026-09-10T01:23:22.996Z	info	queue reader started	{"address": "127.0.0.1:36383", "component": "transfer-queue-processor", "lifecycle": "Started", "queue-reader-id": 0, "shard-id": 1, "logging-call-at": "/home/ubuntu/temporal-investigation-20260909/overnight-20260909/specula-engine/runs/temporal-reset-20260909-restart-1600/temporal-reset/.specula-output/confirmation/CR-2/worktree/service/history/queues/reader.go:158"}
    shared_cluster_t.go:72: 2026-09-10T01:23:22.996Z	info	none	{"address": "127.0.0.1:36383", "component": "visibility-queue-processor", "lifecycle": "Started", "shard-id": 1, "logging-call-at": "/home/ubuntu/temporal-investigation-20260909/overnight-20260909/specula-engine/runs/temporal-reset-20260909-restart-1600/temporal-reset/.specula-output/confirmation/CR-2/worktree/service/history/queues/queue_immediate.go:105"}
    shared_cluster_t.go:72: 2026-09-10T01:23:22.996Z	info	queue reader started	{"address": "127.0.0.1:36383", "component": "visibility-queue-processor", "lifecycle": "Started", "queue-reader-id": 0, "shard-id": 1, "logging-call-at": "/home/ubuntu/temporal-investigation-20260909/overnight-20260909/specula-engine/runs/temporal-reset-20260909-restart-1600/temporal-reset/.specula-output/confirmation/CR-2/worktree/service/history/queues/reader.go:158"}
    shared_cluster_t.go:72: 2026-09-10T01:23:22.996Z	info	queue reader started	{"address": "127.0.0.1:36383", "component": "timer-queue-processor", "lifecycle": "Started", "queue-reader-id": 0, "shard-id": 1, "logging-call-at": "/home/ubuntu/temporal-investigation-20260909/overnight-20260909/specula-engine/runs/temporal-reset-20260909-restart-1600/temporal-reset/.specula-output/confirmation/CR-2/worktree/service/history/queues/reader.go:158"}
    shared_cluster_t.go:72: 2026-09-10T01:23:22.996Z	info	none	{"component": "memory-scheduled-queue-processor", "lifecycle": "Starting", "service": "history", "logging-call-at": "/home/ubuntu/temporal-investigation-20260909/overnight-20260909/specula-engine/runs/temporal-reset-20260909-restart-1600/temporal-reset/.specula-output/confirmation/CR-2/worktree/service/history/queues/memory_scheduled_queue.go:79"}
    shared_cluster_t.go:72: 2026-09-10T01:23:22.996Z	error	Queue reader unable to retrieve tasks	{"address": "127.0.0.1:36383", "component": "transfer-queue-processor", "error": "shard status unknown", "queue-reader-id": 0, "shard-id": 1, "logging-call-at": "/home/ubuntu/temporal-investigation-20260909/overnight-20260909/specula-engine/runs/temporal-reset-20260909-restart-1600/temporal-reset/.specula-output/confirmation/CR-2/worktree/service/history/queues/reader.go:457"}
        go.temporal.io/server/common/log.(*zapLogger).Error
        	/home/ubuntu/temporal-investigation-20260909/overnight-20260909/specula-engine/runs/temporal-reset-20260909-restart-1600/temporal-reset/.specula-output/confirmation/CR-2/worktree/common/log/zap_logger.go:191
        go.temporal.io/server/common/testing/testlogger.(*TestLogger).Error
        	/home/ubuntu/temporal-investigation-20260909/overnight-20260909/specula-engine/runs/temporal-reset-20260909-restart-1600/temporal-reset/.specula-output/confirmation/CR-2/worktree/common/testing/testlogger/testlogger.go:543
        go.temporal.io/server/service/history/queues.(*ReaderImpl).loadAndSubmitTasks
        	/home/ubuntu/temporal-investigation-20260909/overnight-20260909/specula-engine/runs/temporal-reset-20260909-restart-1600/temporal-reset/.specula-output/confirmation/CR-2/worktree/service/history/queues/reader.go:457
        go.temporal.io/server/service/history/queues.(*ReaderImpl).eventLoop
        	/home/ubuntu/temporal-investigation-20260909/overnight-20260909/specula-engine/runs/temporal-reset-20260909-restart-1600/temporal-reset/.specula-output/confirmation/CR-2/worktree/service/history/queues/reader.go:422
    shared_cluster_t.go:72: 2026-09-10T01:23:22.996Z	info	none	{"component": "memory-scheduled-queue-processor", "lifecycle": "Started", "service": "history", "logging-call-at": "/home/ubuntu/temporal-investigation-20260909/overnight-20260909/specula-engine/runs/temporal-reset-20260909-restart-1600/temporal-reset/.specula-output/confirmation/CR-2/worktree/service/history/queues/memory_scheduled_queue.go:84"}
    shared_cluster_t.go:72: 2026-09-10T01:23:22.996Z	info	none	{"address": "127.0.0.1:36383", "component": "history-engine", "lifecycle": "Started", "shard-id": 1, "logging-call-at": "/home/ubuntu/temporal-investigation-20260909/overnight-20260909/specula-engine/runs/temporal-reset-20260909-restart-1600/temporal-reset/.specula-output/confirmation/CR-2/worktree/service/history/history_engine.go:395"}
    shared_cluster_t.go:72: 2026-09-10T01:23:22.996Z	info	none	{"address": "127.0.0.1:36383", "component": "shard-engine", "lifecycle": "Started", "shard-id": 1, "logging-call-at": "/home/ubuntu/temporal-investigation-20260909/overnight-20260909/specula-engine/runs/temporal-reset-20260909-restart-1600/temporal-reset/.specula-output/confirmation/CR-2/worktree/service/history/shard/context_impl.go:1607"}
    shared_cluster_t.go:72: 2026-09-10T01:23:22.996Z	error	Queue reader unable to retrieve tasks	{"address": "127.0.0.1:36383", "component": "visibility-queue-processor", "error": "shard status unknown", "queue-reader-id": 0, "shard-id": 1, "logging-call-at": "/home/ubuntu/temporal-investigation-20260909/overnight-20260909/specula-engine/runs/temporal-reset-20260909-restart-1600/temporal-reset/.specula-output/confirmation/CR-2/worktree/service/history/queues/reader.go:457"}
        go.temporal.io/server/common/log.(*zapLogger).Error
        	/home/ubuntu/temporal-investigation-20260909/overnight-20260909/specula-engine/runs/temporal-reset-20260909-restart-1600/temporal-reset/.specula-output/confirmation/CR-2/worktree/common/log/zap_logger.go:191
        go.temporal.io/server/common/testing/testlogger.(*TestLogger).Error
        	/home/ubuntu/temporal-investigation-20260909/overnight-20260909/specula-engine/runs/temporal-reset-20260909-restart-1600/temporal-reset/.specula-output/confirmation/CR-2/worktree/common/testing/testlogger/testlogger.go:543
        go.temporal.io/server/service/history/queues.(*ReaderImpl).loadAndSubmitTasks
        	/home/ubuntu/temporal-investigation-20260909/overnight-20260909/specula-engine/runs/temporal-reset-20260909-restart-1600/temporal-reset/.specula-output/confirmation/CR-2/worktree/service/history/queues/reader.go:457
        go.temporal.io/server/service/history/queues.(*ReaderImpl).eventLoop
        	/home/ubuntu/temporal-investigation-20260909/overnight-20260909/specula-engine/runs/temporal-reset-20260909-restart-1600/temporal-reset/.specula-output/confirmation/CR-2/worktree/service/history/queues/reader.go:422
    shared_cluster_t.go:72: 2026-09-10T01:23:22.996Z	error	Queue reader unable to retrieve tasks	{"address": "127.0.0.1:36383", "component": "timer-queue-processor", "error": "shard status unknown", "queue-reader-id": 0, "shard-id": 1, "logging-call-at": "/home/ubuntu/temporal-investigation-20260909/overnight-20260909/specula-engine/runs/temporal-reset-20260909-restart-1600/temporal-reset/.specula-output/confirmation/CR-2/worktree/service/history/queues/reader.go:457"}
        go.temporal.io/server/common/log.(*zapLogger).Error
        	/home/ubuntu/temporal-investigation-20260909/overnight-20260909/specula-engine/runs/temporal-reset-20260909-restart-1600/temporal-reset/.specula-output/confirmation/CR-2/worktree/common/log/zap_logger.go:191
        go.temporal.io/server/common/testing/testlogger.(*TestLogger).Error
        	/home/ubuntu/temporal-investigation-20260909/overnight-20260909/specula-engine/runs/temporal-reset-20260909-restart-1600/temporal-reset/.specula-output/confirmation/CR-2/worktree/common/testing/testlogger/testlogger.go:543
        go.temporal.io/server/service/history/queues.(*ReaderImpl).loadAndSubmitTasks
        	/home/ubuntu/temporal-investigation-20260909/overnight-20260909/specula-engine/runs/temporal-reset-20260909-restart-1600/temporal-reset/.specula-output/confirmation/CR-2/worktree/service/history/queues/reader.go:457
        go.temporal.io/server/service/history/queues.(*ReaderImpl).eventLoop
        	/home/ubuntu/temporal-investigation-20260909/overnight-20260909/specula-engine/runs/temporal-reset-20260909-restart-1600/temporal-reset/.specula-output/confirmation/CR-2/worktree/service/history/queues/reader.go:422
    shared_cluster_t.go:72: 2026-09-10T01:23:22.998Z	debug	Frontend method invoked.	{"wf-namespace": "TestWorkflowResetTestSuite-TestTraceReset-62826d4d-e948-45be-8171-aa7d6bb6825c", "operation": "PollWorkflowTaskQueue", "server-name": "", "cert-thumbprint": "", "logging-call-at": "/home/ubuntu/temporal-investigation-20260909/overnight-20260909/specula-engine/runs/temporal-reset-20260909-restart-1600/temporal-reset/.specula-output/confirmation/CR-2/worktree/common/rpc/interceptor/namespace_logger.go:53"}
    shared_cluster_t.go:72: 2026-09-10T01:23:22.998Z	debug	Received PollWorkflowTaskQueue	{"service": "frontend", "logging-call-at": "/home/ubuntu/temporal-investigation-20260909/overnight-20260909/specula-engine/runs/temporal-reset-20260909-restart-1600/temporal-reset/.specula-output/confirmation/CR-2/worktree/service/frontend/workflow_handler.go:1079"}
    shared_cluster_t.go:72: 2026-09-10T01:23:22.998Z	debug	Poll workflow task queue.	{"service": "frontend", "wf-namespace": "TestWorkflowResetTestSuite-TestTraceReset-62826d4d-e948-45be-8171-aa7d6bb6825c", "wf-namespace-id": "b4bf22ea-b80a-4bca-8cc1-92d52343d5f8", "logging-call-at": "/home/ubuntu/temporal-investigation-20260909/overnight-20260909/specula-engine/runs/temporal-reset-20260909-restart-1600/temporal-reset/.specula-output/confirmation/CR-2/worktree/service/frontend/workflow_handler.go:1116"}
    shared_cluster_t.go:72: 2026-09-10T01:23:22.999Z	debug	Workflow task updated	{"address": "127.0.0.1:36383", "attempt": 1, "shard-id": 1, "wf-id": "TestWorkflowResetTestSuite/TestTraceReset_workflow_id", "wf-namespace": "TestWorkflowResetTestSuite-TestTraceReset-62826d4d-e948-45be-8171-aa7d6bb6825c", "wf-namespace-id": "b4bf22ea-b80a-4bca-8cc1-92d52343d5f8", "wf-run-id": "b03d0c8e-406c-4ef7-8fed-6a6d8a383586", "wf-scheduled-event-id": 5, "wf-started-event-id": 6, "wf-started-timestamp": "2026-09-10T01:23:22.999Z", "workflow-task-request-id": "ab90d57d-224d-4496-afe8-8b53fab3a362", "workflow-task-timeout": 60, "wt-type": "Normal", "logging-call-at": "/home/ubuntu/temporal-investigation-20260909/overnight-20260909/specula-engine/runs/temporal-reset-20260909-restart-1600/temporal-reset/.specula-output/confirmation/CR-2/worktree/common/log/lazy_logger.go:30"}
    shared_cluster_t.go:72: 2026-09-10T01:23:22.999Z	debug	time skipping skipped for: time skipping is not enabled	{"address": "127.0.0.1:36383", "shard-id": 1, "wf-id": "TestWorkflowResetTestSuite/TestTraceReset_workflow_id", "wf-namespace": "TestWorkflowResetTestSuite-TestTraceReset-62826d4d-e948-45be-8171-aa7d6bb6825c", "wf-namespace-id": "b4bf22ea-b80a-4bca-8cc1-92d52343d5f8", "wf-run-id": "b03d0c8e-406c-4ef7-8fed-6a6d8a383586", "logging-call-at": "/home/ubuntu/temporal-investigation-20260909/overnight-20260909/specula-engine/runs/temporal-reset-20260909-restart-1600/temporal-reset/.specula-output/confirmation/CR-2/worktree/common/log/lazy_logger.go:30"}
    shared_cluster_t.go:72: 2026-09-10T01:23:22.999Z	debug	Assigning new task key	{"address": "127.0.0.1:36383", "cursor-timestamp": "2026-09-10T01:23:23.996Z", "queue-task-id": 3145730, "queue-task-type": "WorkflowTaskTimeout", "shard-id": 1, "timestamp": "2026-09-10T01:24:23.000Z", "wf-id": "TestWorkflowResetTestSuite/TestTraceReset_workflow_id", "wf-namespace-id": "b4bf22ea-b80a-4bca-8cc1-92d52343d5f8", "wf-run-id": "b03d0c8e-406c-4ef7-8fed-6a6d8a383586", "logging-call-at": "/home/ubuntu/temporal-investigation-20260909/overnight-20260909/specula-engine/runs/temporal-reset-20260909-restart-1600/temporal-reset/.specula-output/confirmation/CR-2/worktree/service/history/shard/task_key_generator.go:98"}
    shared_cluster_t.go:72: 2026-09-10T01:23:23.001Z	debug	routing key extraction: adding routing key to context	{"wf-id": "TestWorkflowResetTestSuite/TestTraceReset_workflow_id", "grpc-method": "/temporal.api.workflowservice.v1.WorkflowService/RespondWorkflowTaskCompleted", "logging-call-at": "/home/ubuntu/temporal-investigation-20260909/overnight-20260909/specula-engine/runs/temporal-reset-20260909-restart-1600/temporal-reset/.specula-output/confirmation/CR-2/worktree/common/rpc/interceptor/routing_key_interceptor.go:112"}
    shared_cluster_t.go:72: 2026-09-10T01:23:23.001Z	debug	Frontend method invoked.	{"wf-namespace": "TestWorkflowResetTestSuite-TestTraceReset-62826d4d-e948-45be-8171-aa7d6bb6825c", "operation": "RespondWorkflowTaskCompleted", "server-name": "", "cert-thumbprint": "", "logging-call-at": "/home/ubuntu/temporal-investigation-20260909/overnight-20260909/specula-engine/runs/temporal-reset-20260909-restart-1600/temporal-reset/.specula-output/confirmation/CR-2/worktree/common/rpc/interceptor/namespace_logger.go:53"}
    shared_cluster_t.go:72: 2026-09-10T01:23:23.002Z	debug	RespondWorkflowTaskCompleted	{"service": "history", "wf-id": "TestWorkflowResetTestSuite/TestTraceReset_workflow_id", "wf-namespace-id": "b4bf22ea-b80a-4bca-8cc1-92d52343d5f8", "wf-run-id": "b03d0c8e-406c-4ef7-8fed-6a6d8a383586", "wf-scheduled-event-id": 5, "logging-call-at": "/home/ubuntu/temporal-investigation-20260909/overnight-20260909/specula-engine/runs/temporal-reset-20260909-restart-1600/temporal-reset/.specula-output/confirmation/CR-2/worktree/service/history/handler.go:558"}
    shared_cluster_t.go:72: 2026-09-10T01:23:23.002Z	debug	Workflow task updated	{"address": "127.0.0.1:36383", "attempt": 1, "shard-id": 1, "wf-id": "TestWorkflowResetTestSuite/TestTraceReset_workflow_id", "wf-namespace": "TestWorkflowResetTestSuite-TestTraceReset-62826d4d-e948-45be-8171-aa7d6bb6825c", "wf-namespace-id": "b4bf22ea-b80a-4bca-8cc1-92d52343d5f8", "wf-run-id": "b03d0c8e-406c-4ef7-8fed-6a6d8a383586", "wf-scheduled-event-id": 0, "wf-started-event-id": 0, "wf-started-timestamp": "1970-01-01T00:00:00.000Z", "workflow-task-request-id": "emptyUuid", "workflow-task-timeout": 0, "wt-type": "Unspecified", "logging-call-at": "/home/ubuntu/temporal-investigation-20260909/overnight-20260909/specula-engine/runs/temporal-reset-20260909-restart-1600/temporal-reset/.specula-output/confirmation/CR-2/worktree/common/log/lazy_logger.go:30"}
    shared_cluster_t.go:72: 2026-09-10T01:23:23.002Z	debug	time skipping skipped for: time skipping is not enabled	{"address": "127.0.0.1:36383", "shard-id": 1, "wf-id": "TestWorkflowResetTestSuite/TestTraceReset_workflow_id", "wf-namespace": "TestWorkflowResetTestSuite-TestTraceReset-62826d4d-e948-45be-8171-aa7d6bb6825c", "wf-namespace-id": "b4bf22ea-b80a-4bca-8cc1-92d52343d5f8", "wf-run-id": "b03d0c8e-406c-4ef7-8fed-6a6d8a383586", "logging-call-at": "/home/ubuntu/temporal-investigation-20260909/overnight-20260909/specula-engine/runs/temporal-reset-20260909-restart-1600/temporal-reset/.specula-output/confirmation/CR-2/worktree/common/log/lazy_logger.go:30"}
    shared_cluster_t.go:72: 2026-09-10T01:23:23.002Z	debug	Assigning new task key	{"address": "127.0.0.1:36383", "cursor-timestamp": "2026-09-10T01:23:23.996Z", "queue-task-id": 3145735, "queue-task-type": "VisibilityCloseExecution", "shard-id": 1, "timestamp": "2026-09-10T01:23:23.002Z", "wf-id": "TestWorkflowResetTestSuite/TestTraceReset_workflow_id", "wf-namespace-id": "b4bf22ea-b80a-4bca-8cc1-92d52343d5f8", "wf-run-id": "b03d0c8e-406c-4ef7-8fed-6a6d8a383586", "logging-call-at": "/home/ubuntu/temporal-investigation-20260909/overnight-20260909/specula-engine/runs/temporal-reset-20260909-restart-1600/temporal-reset/.specula-output/confirmation/CR-2/worktree/service/history/shard/task_key_generator.go:98"}
    shared_cluster_t.go:72: 2026-09-10T01:23:23.002Z	debug	Assigning new task key	{"address": "127.0.0.1:36383", "cursor-timestamp": "2026-09-10T01:23:23.996Z", "queue-task-id": 3145736, "queue-task-type": "DeleteHistoryEvent", "shard-id": 1, "timestamp": "2026-09-11T01:23:23.325Z", "wf-id": "TestWorkflowResetTestSuite/TestTraceReset_workflow_id", "wf-namespace-id": "b4bf22ea-b80a-4bca-8cc1-92d52343d5f8", "wf-run-id": "b03d0c8e-406c-4ef7-8fed-6a6d8a383586", "logging-call-at": "/home/ubuntu/temporal-investigation-20260909/overnight-20260909/specula-engine/runs/temporal-reset-20260909-restart-1600/temporal-reset/.specula-output/confirmation/CR-2/worktree/service/history/shard/task_key_generator.go:98"}
    shared_cluster_t.go:72: 2026-09-10T01:23:23.002Z	debug	Assigning new task key	{"address": "127.0.0.1:36383", "cursor-timestamp": "2026-09-10T01:23:23.996Z", "queue-task-id": 3145737, "queue-task-type": "TransferCloseExecution", "shard-id": 1, "timestamp": "2026-09-10T01:23:23.002Z", "wf-id": "TestWorkflowResetTestSuite/TestTraceReset_workflow_id", "wf-namespace-id": "b4bf22ea-b80a-4bca-8cc1-92d52343d5f8", "wf-run-id": "b03d0c8e-406c-4ef7-8fed-6a6d8a383586", "logging-call-at": "/home/ubuntu/temporal-investigation-20260909/overnight-20260909/specula-engine/runs/temporal-reset-20260909-restart-1600/temporal-reset/.specula-output/confirmation/CR-2/worktree/service/history/shard/task_key_generator.go:98"}
    shared_cluster_t.go:72: 2026-09-10T01:23:23.004Z	debug	routing key extraction: adding routing key to context	{"wf-id": "TestWorkflowResetTestSuite/TestTraceReset_workflow_id", "grpc-method": "/temporal.api.workflowservice.v1.WorkflowService/GetWorkflowExecutionHistory", "logging-call-at": "/home/ubuntu/temporal-investigation-20260909/overnight-20260909/specula-engine/runs/temporal-reset-20260909-restart-1600/temporal-reset/.specula-output/confirmation/CR-2/worktree/common/rpc/interceptor/routing_key_interceptor.go:112"}
    shared_cluster_t.go:72: 2026-09-10T01:23:23.004Z	debug	Frontend method invoked.	{"wf-namespace": "TestWorkflowResetTestSuite-TestTraceReset-62826d4d-e948-45be-8171-aa7d6bb6825c", "operation": "GetWorkflowExecutionHistory", "server-name": "", "cert-thumbprint": "", "logging-call-at": "/home/ubuntu/temporal-investigation-20260909/overnight-20260909/specula-engine/runs/temporal-reset-20260909-restart-1600/temporal-reset/.specula-output/confirmation/CR-2/worktree/common/rpc/interceptor/namespace_logger.go:53"}
    reset_trace_test.go:248: scenario=missing-rejected start=339dfc52-ffc6-4c04-8a3b-74d70917fdf1 reset=891616d2-8be4-4d2e-8430-1210a47b7d36 first=b03d0c8e-406c-4ef7-8fed-6a6d8a383586 final=b03d0c8e-406c-4ef7-8fed-6a6d8a383586 faults=1 finalStatus=Completed
    reset_trace_test.go:45: 
        	Error Trace:	/home/ubuntu/temporal-investigation-20260909/overnight-20260909/specula-engine/runs/temporal-reset-20260909-restart-1600/temporal-reset/.specula-output/confirmation/CR-2/worktree/tests/reset_trace_test.go:45
        	            				/home/ubuntu/temporal-investigation-20260909/overnight-20260909/specula-engine/runs/temporal-reset-20260909-restart-1600/temporal-reset/.specula-output/confirmation/CR-2/worktree/tests/reset_trace_test.go:249
        	            				/home/ubuntu/go/pkg/mod/golang.org/toolchain@v0.0.1-go1.27.0.linux-amd64/src/runtime/asm_amd64.s:1264
        	Error:      	Received unexpected error:
        	            	unable to open database file (14)
        	            	unable to open database file (14)
        	            	unable to open database file (14)
        	            	unable to open database file (14)
        	            	unable to open database file (14)
        	            	unable to open database file (14)
        	            	unable to open database file (14)
        	            	unable to open database file (14)
        	            	unable to open database file (14)
        	            	unable to open database file (14)
        	            	unable to open database file (14)
        	            	unable to open database file (14)
        	            	unable to open database file (14)
        	            	unable to open database file (14)
        	            	unable to open database file (14)
        	            	unable to open database file (14)
        	            	unable to open database file (14)
        	            	unable to open database file (14)
        	            	unable to open database file (14)
        	            	unable to open database file (14)
        	            	unable to open database file (14)
        	            	unable to open database file (14)
        	            	unable to open database file (14)
        	            	unable to open database file (14)
        	            	unable to open database file (14)
        	            	unable to open database file (14)
        	            	unable to open database file (14)
        	            	unable to open database file (14)
        	            	unable to open database file (14)
        	            	unable to open database file (14)
        	            	unable to open database file (14)
        	            	unable to open database file (14)
        	            	unable to open database file (14)
        	            	unable to open database file (14)
        	            	unable to open database file (14)
        	            	unable to open database file (14)
        	            	unable to open database file (14)
        	            	unable to open database file (14)
        	            	unable to open database file (14)
        	            	unable to open database file (14)
        	            	unable to open database file (14)
        	            	unable to open database file (14)
        	            	unable to open database file (14)
        	            	unable to open database file (14)
        	            	unable to open database file (14)
        	            	unable to open database file (14)
        	            	unable to open database file (14)
        	            	unable to open database file (14)
        	            	unable to open database file (14)
        	            	unable to open database file (14)
        	            	unable to open database file (14)
        	            	unable to open database file (14)
        	            	unable to open database file (14)
        	            	unable to open database file (14)
        	            	unable to open database file (14)
        	            	unable to open database file (14)
        	            	unable to open database file (14)
        	            	unable to open database file (14)
        	            	unable to open database file (14)
        	            	unable to open database file (14)
        	            	unable to open database file (14)
        	            	unable to open database file (14)
        	            	unable to open database file (14)
        	            	unable to open database file (14)
        	            	unable to open database file (14)
        	            	unable to open database file (14)
        	            	unable to open database file (14)
        	            	unable to open database file (14)
        	            	unable to open database file (14)
        	            	unable to open database file (14)
        	            	unable to open database file (14)
        	            	unable to open database file (14)
        	            	unable to open database file (14)
        	            	unable to open database file (14)
        	            	unable to open database file (14)
        	            	unable to open database file (14)
        	            	unable to open database file (14)
        	            	unable to open database file (14)
        	            	unable to open database file (14)
        	            	unable to open database file (14)
        	            	unable to open database file (14)
        	            	unable to open database file (14)
        	            	unable to open database file (14)
        	            	unable to open database file (14)
        	            	unable to open database file (14)
        	            	unable to open database file (14)
        	            	unable to open database file (14)
        	            	unable to open database file (14)
        	            	unable to open database file (14)
        	            	unable to open database file (14)
        	            	unable to open database file (14)
        	            	unable to open database file (14)
        	            	unable to open database file (14)
        	            	unable to open database file (14)
        	            	unable to open database file (14)
        	            	unable to open database file (14)
        	            	unable to open database file (14)
        	            	unable to open database file (14)
        	            	unable to open database file (14)
        	            	unable to open database file (14)
        	            	unable to open database file (14)
        	            	unable to open database file (14)
        	            	unable to open database file (14)
        	            	unable to open database file (14)
        	            	unable to open database file (14)
        	            	unable to open database file (14)
        	            	unable to open database file (14)
        	            	unable to open database file (14)
        	            	unable to open database file (14)
        	            	unable to open database file (14)
        	            	unable to open database file (14)
        	            	unable to open database file (14)
        	            	unable to open database file (14)
        	            	unable to open database file (14)
        	            	unable to open database file (14)
        	            	unable to open database file (14)
        	            	unable to open database file (14)
        	            	unable to open database file (14)
        	            	unable to open database file (14)
        	            	unable to open database file (14)
        	            	unable to open database file (14)
        	            	unable to open database file (14)
        	            	unable to open database file (14)
        	            	unable to open database file (14)
        	            	unable to open database file (14)
        	            	unable to open database file (14)
        	            	unable to open database file (14)
        	            	unable to open database file (14)
        	            	unable to open database file (14)
        	            	unable to open database file (14)
        	            	unable to open database file (14)
        	            	unable to open database file (14)
        	            	unable to open database file (14)
        	            	unable to open database file (14)
        	            	unable to open database file (14)
        	            	unable to open database file (14)
        	            	unable to open database file (14)
        	            	unable to open database file (14)
        	            	unable to open database file (14)
        	            	unable to open database file (14)
        	            	unable to open database file (14)
        	            	unable to open database file (14)
        	            	unable to open database file (14)
        	            	unable to open database file (14)
        	            	unable to open database file (14)
        	            	unable to open database file (14)
        	            	unable to open database file (14)
        	            	unable to open database file (14)
        	            	unable to open database file (14)
        	            	unable to open database file (14)
        	            	unable to open database file (14)
        	            	unable to open database file (14)
        	            	unable to open database file (14)
        	            	unable to open database file (14)
        	            	unable to open database file (14)
        	            	unable to open database file (14)
        	            	unable to open database file (14)
        	            	unable to open database file (14)
        	            	unable to open database file (14)
        	            	unable to open database file (14)
        	            	unable to open database file (14)
        	            	unable to open database file (14)
        	Test:       	TestWorkflowResetTestSuite/TestTraceReset
2026-09-10T01:23:23.011Z	info	ShutdownHandler: Updating gRPC health status to ShuttingDown	{"service": "frontend", "logging-call-at": "/home/ubuntu/temporal-investigation-20260909/overnight-20260909/specula-engine/runs/temporal-reset-20260909-restart-1600/temporal-reset/.specula-output/confirmation/CR-2/worktree/service/frontend/service.go:565"}
2026-09-10T01:23:23.011Z	info	ShutdownHandler: Waiting for others to discover I am unhealthy	{"service": "frontend", "logging-call-at": "/home/ubuntu/temporal-investigation-20260909/overnight-20260909/specula-engine/runs/temporal-reset-20260909-restart-1600/temporal-reset/.specula-output/confirmation/CR-2/worktree/service/frontend/service.go:569"}
2026-09-10T01:23:23.011Z	info	ShutdownHandler: Draining traffic	{"service": "frontend", "logging-call-at": "/home/ubuntu/temporal-investigation-20260909/overnight-20260909/specula-engine/runs/temporal-reset-20260909-restart-1600/temporal-reset/.specula-output/confirmation/CR-2/worktree/service/frontend/service.go:578"}
2026-09-10T01:23:23.011Z	info	frontend stopped	{"service": "frontend", "logging-call-at": "/home/ubuntu/temporal-investigation-20260909/overnight-20260909/specula-engine/runs/temporal-reset-20260909-restart-1600/temporal-reset/.specula-output/confirmation/CR-2/worktree/service/frontend/service.go:600"}
2026-09-10T01:23:23.011Z	info	RuntimeMetricsReporter stopped	{"service": "frontend", "logging-call-at": "/home/ubuntu/temporal-investigation-20260909/overnight-20260909/specula-engine/runs/temporal-reset-20260909-restart-1600/temporal-reset/.specula-output/confirmation/CR-2/worktree/common/metrics/runtime.go:127"}
2026-09-10T01:23:23.011Z	warn	network dial error	{"address": "127.0.0.1:46597", "connectAddr": "127.0.0.1:46597", "connectDuration": 0.00013176, "connectErr": "dial tcp 127.0.0.1:46597: connect: connection refused", "error": "dial tcp 127.0.0.1:46597: connect: connection refused", "error-type": "net.OpError", "service": "client", "totalDuration": 0.000143357, "logging-call-at": "/home/ubuntu/temporal-investigation-20260909/overnight-20260909/specula-engine/runs/temporal-reset-20260909-restart-1600/temporal-reset/.specula-output/confirmation/CR-2/worktree/common/rpc/dial_tracer.go:73"}
2026-09-10T01:23:23.011Z	warn	network dial error	{"address": "membership://frontend~0x2ab68d170d30", "connectAddr": "127.0.0.1:46597", "connectDuration": 0.000106647, "connectErr": "dial tcp 127.0.0.1:46597: connect: connection refused", "error": "dial tcp 127.0.0.1:46597: connect: connection refused", "error-type": "net.OpError", "service": "client", "totalDuration": 0.000110683, "logging-call-at": "/home/ubuntu/temporal-investigation-20260909/overnight-20260909/specula-engine/runs/temporal-reset-20260909-restart-1600/temporal-reset/.specula-output/confirmation/CR-2/worktree/common/rpc/dial_tracer.go:73"}
2026-09-10T01:23:23.011Z	info	ShutdownHandler: Evicting self from membership ring immediately	{"logging-call-at": "/home/ubuntu/temporal-investigation-20260909/overnight-20260909/specula-engine/runs/temporal-reset-20260909-restart-1600/temporal-reset/.specula-output/confirmation/CR-2/worktree/service/history/service.go:129"}
2026-09-10T01:23:23.011Z	info	ShutdownHandler: Waiting for drain	{"logging-call-at": "/home/ubuntu/temporal-investigation-20260909/overnight-20260909/specula-engine/runs/temporal-reset-20260909-restart-1600/temporal-reset/.specula-output/confirmation/CR-2/worktree/service/history/service.go:137"}
2026-09-10T01:23:23.011Z	info	ShutdownHandler: Initiating handler shutdown	{"logging-call-at": "/home/ubuntu/temporal-investigation-20260909/overnight-20260909/specula-engine/runs/temporal-reset-20260909-restart-1600/temporal-reset/.specula-output/confirmation/CR-2/worktree/service/history/service.go:156"}
2026-09-10T01:23:23.011Z	info	StreamReceiverMonitor stopped.	{"logging-call-at": "/home/ubuntu/temporal-investigation-20260909/overnight-20260909/specula-engine/runs/temporal-reset-20260909-restart-1600/temporal-reset/.specula-output/confirmation/CR-2/worktree/service/history/replication/stream_receiver_monitor.go:115"}
2026-09-10T01:23:23.011Z	info	Replication task fetchers stopped.	{"logging-call-at": "/home/ubuntu/temporal-investigation-20260909/overnight-20260909/specula-engine/runs/temporal-reset-20260909-restart-1600/temporal-reset/.specula-output/confirmation/CR-2/worktree/service/history/replication/task_fetcher.go:136"}
2026-09-10T01:23:23.011Z	info	none	{"address": "127.0.0.1:36383", "component": "shard-controller", "lifecycle": "Stopping", "logging-call-at": "/home/ubuntu/temporal-investigation-20260909/overnight-20260909/specula-engine/runs/temporal-reset-20260909-restart-1600/temporal-reset/.specula-output/confirmation/CR-2/worktree/service/history/shard/controller_impl.go:529"}
2026-09-10T01:23:23.011Z	info	none	{"address": "127.0.0.1:36383", "component": "shard-context", "lifecycle": "Stopped", "shard-id": 1, "logging-call-at": "/home/ubuntu/temporal-investigation-20260909/overnight-20260909/specula-engine/runs/temporal-reset-20260909-restart-1600/temporal-reset/.specula-output/confirmation/CR-2/worktree/service/history/shard/context_impl.go:1783"}
2026-09-10T01:23:23.011Z	info	none	{"address": "127.0.0.1:36383", "component": "shard-engine", "lifecycle": "Stopping", "shard-id": 1, "logging-call-at": "/home/ubuntu/temporal-investigation-20260909/overnight-20260909/specula-engine/runs/temporal-reset-20260909-restart-1600/temporal-reset/.specula-output/confirmation/CR-2/worktree/service/history/shard/context_impl.go:1631"}
2026-09-10T01:23:23.011Z	info	none	{"address": "127.0.0.1:36383", "component": "history-engine", "lifecycle": "Stopping", "shard-id": 1, "logging-call-at": "/home/ubuntu/temporal-investigation-20260909/overnight-20260909/specula-engine/runs/temporal-reset-20260909-restart-1600/temporal-reset/.specula-output/confirmation/CR-2/worktree/service/history/history_engine.go:407"}
2026-09-10T01:23:23.011Z	info	none	{"component": "memory-scheduled-queue-processor", "lifecycle": "Stopping", "service": "history", "logging-call-at": "/home/ubuntu/temporal-investigation-20260909/overnight-20260909/specula-engine/runs/temporal-reset-20260909-restart-1600/temporal-reset/.specula-output/confirmation/CR-2/worktree/service/history/queues/memory_scheduled_queue.go:91"}
2026-09-10T01:23:23.011Z	info	none	{"component": "memory-scheduled-queue-processor", "lifecycle": "Stopped", "service": "history", "logging-call-at": "/home/ubuntu/temporal-investigation-20260909/overnight-20260909/specula-engine/runs/temporal-reset-20260909-restart-1600/temporal-reset/.specula-output/confirmation/CR-2/worktree/service/history/queues/memory_scheduled_queue.go:99"}
2026-09-10T01:23:23.012Z	info	none	{"address": "127.0.0.1:36383", "component": "outbound-queue-processor", "lifecycle": "Stopping", "shard-id": 1, "logging-call-at": "/home/ubuntu/temporal-investigation-20260909/overnight-20260909/specula-engine/runs/temporal-reset-20260909-restart-1600/temporal-reset/.specula-output/confirmation/CR-2/worktree/service/history/queues/queue_immediate.go:112"}
2026-09-10T01:23:23.012Z	info	queue reader stopped	{"address": "127.0.0.1:36383", "component": "outbound-queue-processor", "lifecycle": "Stopped", "queue-reader-id": 0, "shard-id": 1, "logging-call-at": "/home/ubuntu/temporal-investigation-20260909/overnight-20260909/specula-engine/runs/temporal-reset-20260909-restart-1600/temporal-reset/.specula-output/confirmation/CR-2/worktree/service/history/queues/reader.go:177"}
2026-09-10T01:23:23.012Z	info	Task rescheduler stopped.	{"address": "127.0.0.1:36383", "component": "outbound-queue-processor", "lifecycle": "Stopped", "shard-id": 1, "logging-call-at": "/home/ubuntu/temporal-investigation-20260909/overnight-20260909/specula-engine/runs/temporal-reset-20260909-restart-1600/temporal-reset/.specula-output/confirmation/CR-2/worktree/service/history/queues/rescheduler.go:117"}
2026-09-10T01:23:23.012Z	info	none	{"address": "127.0.0.1:36383", "component": "outbound-queue-processor", "lifecycle": "Stopped", "shard-id": 1, "logging-call-at": "/home/ubuntu/temporal-investigation-20260909/overnight-20260909/specula-engine/runs/temporal-reset-20260909-restart-1600/temporal-reset/.specula-output/confirmation/CR-2/worktree/service/history/queues/queue_immediate.go:122"}
2026-09-10T01:23:23.012Z	info	none	{"address": "127.0.0.1:36383", "component": "transfer-queue-processor", "lifecycle": "Stopping", "shard-id": 1, "logging-call-at": "/home/ubuntu/temporal-investigation-20260909/overnight-20260909/specula-engine/runs/temporal-reset-20260909-restart-1600/temporal-reset/.specula-output/confirmation/CR-2/worktree/service/history/queues/queue_immediate.go:112"}
2026-09-10T01:23:23.012Z	info	queue reader stopped	{"address": "127.0.0.1:36383", "component": "transfer-queue-processor", "lifecycle": "Stopped", "queue-reader-id": 0, "shard-id": 1, "logging-call-at": "/home/ubuntu/temporal-investigation-20260909/overnight-20260909/specula-engine/runs/temporal-reset-20260909-restart-1600/temporal-reset/.specula-output/confirmation/CR-2/worktree/service/history/queues/reader.go:177"}
2026-09-10T01:23:23.012Z	info	Task rescheduler stopped.	{"address": "127.0.0.1:36383", "component": "transfer-queue-processor", "lifecycle": "Stopped", "shard-id": 1, "logging-call-at": "/home/ubuntu/temporal-investigation-20260909/overnight-20260909/specula-engine/runs/temporal-reset-20260909-restart-1600/temporal-reset/.specula-output/confirmation/CR-2/worktree/service/history/queues/rescheduler.go:117"}
2026-09-10T01:23:23.012Z	info	none	{"address": "127.0.0.1:36383", "component": "transfer-queue-processor", "lifecycle": "Stopped", "shard-id": 1, "logging-call-at": "/home/ubuntu/temporal-investigation-20260909/overnight-20260909/specula-engine/runs/temporal-reset-20260909-restart-1600/temporal-reset/.specula-output/confirmation/CR-2/worktree/service/history/queues/queue_immediate.go:122"}
2026-09-10T01:23:23.012Z	info	none	{"address": "127.0.0.1:36383", "component": "timer-queue-processor", "lifecycle": "Stopping", "shard-id": 1, "logging-call-at": "/home/ubuntu/temporal-investigation-20260909/overnight-20260909/specula-engine/runs/temporal-reset-20260909-restart-1600/temporal-reset/.specula-output/confirmation/CR-2/worktree/service/history/queues/queue_scheduled.go:146"}
2026-09-10T01:23:23.012Z	info	queue reader stopped	{"address": "127.0.0.1:36383", "component": "timer-queue-processor", "lifecycle": "Stopped", "queue-reader-id": 0, "shard-id": 1, "logging-call-at": "/home/ubuntu/temporal-investigation-20260909/overnight-20260909/specula-engine/runs/temporal-reset-20260909-restart-1600/temporal-reset/.specula-output/confirmation/CR-2/worktree/service/history/queues/reader.go:177"}
2026-09-10T01:23:23.012Z	info	Task rescheduler stopped.	{"address": "127.0.0.1:36383", "component": "timer-queue-processor", "lifecycle": "Stopped", "shard-id": 1, "logging-call-at": "/home/ubuntu/temporal-investigation-20260909/overnight-20260909/specula-engine/runs/temporal-reset-20260909-restart-1600/temporal-reset/.specula-output/confirmation/CR-2/worktree/service/history/queues/rescheduler.go:117"}
2026-09-10T01:23:23.012Z	info	none	{"address": "127.0.0.1:36383", "component": "timer-queue-processor", "lifecycle": "Stopped", "shard-id": 1, "logging-call-at": "/home/ubuntu/temporal-investigation-20260909/overnight-20260909/specula-engine/runs/temporal-reset-20260909-restart-1600/temporal-reset/.specula-output/confirmation/CR-2/worktree/service/history/queues/queue_scheduled.go:157"}
2026-09-10T01:23:23.012Z	info	none	{"address": "127.0.0.1:36383", "component": "visibility-queue-processor", "lifecycle": "Stopping", "shard-id": 1, "logging-call-at": "/home/ubuntu/temporal-investigation-20260909/overnight-20260909/specula-engine/runs/temporal-reset-20260909-restart-1600/temporal-reset/.specula-output/confirmation/CR-2/worktree/service/history/queues/queue_immediate.go:112"}
2026-09-10T01:23:23.012Z	info	queue reader stopped	{"address": "127.0.0.1:36383", "component": "visibility-queue-processor", "lifecycle": "Stopped", "queue-reader-id": 0, "shard-id": 1, "logging-call-at": "/home/ubuntu/temporal-investigation-20260909/overnight-20260909/specula-engine/runs/temporal-reset-20260909-restart-1600/temporal-reset/.specula-output/confirmation/CR-2/worktree/service/history/queues/reader.go:177"}
2026-09-10T01:23:23.012Z	info	Task rescheduler stopped.	{"address": "127.0.0.1:36383", "component": "visibility-queue-processor", "lifecycle": "Stopped", "shard-id": 1, "logging-call-at": "/home/ubuntu/temporal-investigation-20260909/overnight-20260909/specula-engine/runs/temporal-reset-20260909-restart-1600/temporal-reset/.specula-output/confirmation/CR-2/worktree/service/history/queues/rescheduler.go:117"}
2026-09-10T01:23:23.012Z	info	none	{"address": "127.0.0.1:36383", "component": "visibility-queue-processor", "lifecycle": "Stopped", "shard-id": 1, "logging-call-at": "/home/ubuntu/temporal-investigation-20260909/overnight-20260909/specula-engine/runs/temporal-reset-20260909-restart-1600/temporal-reset/.specula-output/confirmation/CR-2/worktree/service/history/queues/queue_immediate.go:122"}
2026-09-10T01:23:23.012Z	info	none	{"address": "127.0.0.1:36383", "component": "history-engine", "lifecycle": "Stopped", "shard-id": 1, "logging-call-at": "/home/ubuntu/temporal-investigation-20260909/overnight-20260909/specula-engine/runs/temporal-reset-20260909-restart-1600/temporal-reset/.specula-output/confirmation/CR-2/worktree/service/history/history_engine.go:416"}
2026-09-10T01:23:23.012Z	info	none	{"address": "127.0.0.1:36383", "component": "shard-engine", "lifecycle": "Stopped", "shard-id": 1, "logging-call-at": "/home/ubuntu/temporal-investigation-20260909/overnight-20260909/specula-engine/runs/temporal-reset-20260909-restart-1600/temporal-reset/.specula-output/confirmation/CR-2/worktree/service/history/shard/context_impl.go:1633"}
2026-09-10T01:23:23.012Z	debug	finalizer starting	{"address": "127.0.0.1:36383", "items": 1, "shard-id": 1, "timeout": 2, "logging-call-at": "/home/ubuntu/temporal-investigation-20260909/overnight-20260909/specula-engine/runs/temporal-reset-20260909-restart-1600/temporal-reset/.specula-output/confirmation/CR-2/worktree/common/finalizer/finalizer.go:108"}
2026-09-10T01:23:23.012Z	debug	finalizer completed	{"address": "127.0.0.1:36383", "completed": 1, "shard-id": 1, "logging-call-at": "/home/ubuntu/temporal-investigation-20260909/overnight-20260909/specula-engine/runs/temporal-reset-20260909-restart-1600/temporal-reset/.specula-output/confirmation/CR-2/worktree/common/finalizer/finalizer.go:152"}
2026-09-10T01:23:23.012Z	info	none	{"address": "127.0.0.1:36383", "component": "shard-controller", "lifecycle": "Stopped", "logging-call-at": "/home/ubuntu/temporal-investigation-20260909/overnight-20260909/specula-engine/runs/temporal-reset-20260909-restart-1600/temporal-reset/.specula-output/confirmation/CR-2/worktree/service/history/shard/controller_impl.go:126"}
2026-09-10T01:23:23.012Z	info	history stopped	{"logging-call-at": "/home/ubuntu/temporal-investigation-20260909/overnight-20260909/specula-engine/runs/temporal-reset-20260909-restart-1600/temporal-reset/.specula-output/confirmation/CR-2/worktree/service/history/service.go:175"}
2026-09-10T01:23:23.012Z	info	RuntimeMetricsReporter stopped	{"service": "history", "logging-call-at": "/home/ubuntu/temporal-investigation-20260909/overnight-20260909/specula-engine/runs/temporal-reset-20260909-restart-1600/temporal-reset/.specula-output/confirmation/CR-2/worktree/common/metrics/runtime.go:127"}
2026-09-10T01:23:23.012Z	info	Update worker pool size	{"key": "worker-pool-size", "service": "history", "value": 0, "logging-call-at": "/home/ubuntu/temporal-investigation-20260909/overnight-20260909/specula-engine/runs/temporal-reset-20260909-restart-1600/temporal-reset/.specula-output/confirmation/CR-2/worktree/common/tasks/fifo_scheduler.go:138"}
2026-09-10T01:23:23.012Z	info	fifo scheduler stopped	{"service": "history", "logging-call-at": "/home/ubuntu/temporal-investigation-20260909/overnight-20260909/specula-engine/runs/temporal-reset-20260909-restart-1600/temporal-reset/.specula-output/confirmation/CR-2/worktree/common/tasks/fifo_scheduler.go:89"}
2026-09-10T01:23:23.012Z	warn	network dial error	{"address": "127.0.0.1:36383", "connectAddr": "127.0.0.1:36383", "connectDuration": 0.000090183, "connectErr": "dial tcp 127.0.0.1:36383: connect: connection refused", "error": "dial tcp 127.0.0.1:36383: connect: connection refused", "error-type": "net.OpError", "service": "client", "totalDuration": 0.000095641, "logging-call-at": "/home/ubuntu/temporal-investigation-20260909/overnight-20260909/specula-engine/runs/temporal-reset-20260909-restart-1600/temporal-reset/.specula-output/confirmation/CR-2/worktree/common/rpc/dial_tracer.go:73"}
2026-09-10T01:23:23.012Z	info	execution queue scheduler stopped	{"service": "history", "logging-call-at": "/home/ubuntu/temporal-investigation-20260909/overnight-20260909/specula-engine/runs/temporal-reset-20260909-restart-1600/temporal-reset/.specula-output/confirmation/CR-2/worktree/common/tasks/execution_queue_scheduler.go:109"}
2026-09-10T01:23:23.012Z	info	interleaved weighted round robin task scheduler stopped	{"service": "history", "logging-call-at": "/home/ubuntu/temporal-investigation-20260909/overnight-20260909/specula-engine/runs/temporal-reset-20260909-restart-1600/temporal-reset/.specula-output/confirmation/CR-2/worktree/common/tasks/interleaved_weighted_round_robin.go:137"}
2026-09-10T01:23:23.012Z	debug	GroupByScheduler shutdown complete	{"service": "history", "logging-call-at": "/home/ubuntu/temporal-investigation-20260909/overnight-20260909/specula-engine/runs/temporal-reset-20260909-restart-1600/temporal-reset/.specula-output/confirmation/CR-2/worktree/common/tasks/group_by_scheduler.go:62"}
2026-09-10T01:23:23.012Z	info	Update worker pool size	{"component": "memory-scheduled-queue-processor", "key": "worker-pool-size", "service": "history", "value": 0, "logging-call-at": "/home/ubuntu/temporal-investigation-20260909/overnight-20260909/specula-engine/runs/temporal-reset-20260909-restart-1600/temporal-reset/.specula-output/confirmation/CR-2/worktree/common/tasks/fifo_scheduler.go:138"}
2026-09-10T01:23:23.012Z	info	fifo scheduler stopped	{"component": "memory-scheduled-queue-processor", "service": "history", "logging-call-at": "/home/ubuntu/temporal-investigation-20260909/overnight-20260909/specula-engine/runs/temporal-reset-20260909-restart-1600/temporal-reset/.specula-output/confirmation/CR-2/worktree/common/tasks/fifo_scheduler.go:89"}
2026-09-10T01:23:23.012Z	info	Update worker pool size	{"key": "worker-pool-size", "service": "history", "value": 0, "logging-call-at": "/home/ubuntu/temporal-investigation-20260909/overnight-20260909/specula-engine/runs/temporal-reset-20260909-restart-1600/temporal-reset/.specula-output/confirmation/CR-2/worktree/common/tasks/fifo_scheduler.go:138"}
2026-09-10T01:23:23.012Z	info	fifo scheduler stopped	{"service": "history", "logging-call-at": "/home/ubuntu/temporal-investigation-20260909/overnight-20260909/specula-engine/runs/temporal-reset-20260909-restart-1600/temporal-reset/.specula-output/confirmation/CR-2/worktree/common/tasks/fifo_scheduler.go:89"}
2026-09-10T01:23:23.012Z	info	execution queue scheduler stopped	{"service": "history", "logging-call-at": "/home/ubuntu/temporal-investigation-20260909/overnight-20260909/specula-engine/runs/temporal-reset-20260909-restart-1600/temporal-reset/.specula-output/confirmation/CR-2/worktree/common/tasks/execution_queue_scheduler.go:109"}
2026-09-10T01:23:23.012Z	info	interleaved weighted round robin task scheduler stopped	{"service": "history", "logging-call-at": "/home/ubuntu/temporal-investigation-20260909/overnight-20260909/specula-engine/runs/temporal-reset-20260909-restart-1600/temporal-reset/.specula-output/confirmation/CR-2/worktree/common/tasks/interleaved_weighted_round_robin.go:137"}
2026-09-10T01:23:23.012Z	info	Update worker pool size	{"key": "worker-pool-size", "service": "history", "value": 0, "logging-call-at": "/home/ubuntu/temporal-investigation-20260909/overnight-20260909/specula-engine/runs/temporal-reset-20260909-restart-1600/temporal-reset/.specula-output/confirmation/CR-2/worktree/common/tasks/fifo_scheduler.go:138"}
2026-09-10T01:23:23.012Z	info	fifo scheduler stopped	{"service": "history", "logging-call-at": "/home/ubuntu/temporal-investigation-20260909/overnight-20260909/specula-engine/runs/temporal-reset-20260909-restart-1600/temporal-reset/.specula-output/confirmation/CR-2/worktree/common/tasks/fifo_scheduler.go:89"}
2026-09-10T01:23:23.012Z	info	execution queue scheduler stopped	{"service": "history", "logging-call-at": "/home/ubuntu/temporal-investigation-20260909/overnight-20260909/specula-engine/runs/temporal-reset-20260909-restart-1600/temporal-reset/.specula-output/confirmation/CR-2/worktree/common/tasks/execution_queue_scheduler.go:109"}
2026-09-10T01:23:23.012Z	info	interleaved weighted round robin task scheduler stopped	{"service": "history", "logging-call-at": "/home/ubuntu/temporal-investigation-20260909/overnight-20260909/specula-engine/runs/temporal-reset-20260909-restart-1600/temporal-reset/.specula-output/confirmation/CR-2/worktree/common/tasks/interleaved_weighted_round_robin.go:137"}
2026-09-10T01:23:23.013Z	info	Update worker pool size	{"key": "worker-pool-size", "value": 0, "logging-call-at": "/home/ubuntu/temporal-investigation-20260909/overnight-20260909/specula-engine/runs/temporal-reset-20260909-restart-1600/temporal-reset/.specula-output/confirmation/CR-2/worktree/common/tasks/sequential_scheduler.go:228"}
2026-09-10T01:23:23.013Z	info	sequential scheduler stopped	{"logging-call-at": "/home/ubuntu/temporal-investigation-20260909/overnight-20260909/specula-engine/runs/temporal-reset-20260909-restart-1600/temporal-reset/.specula-output/confirmation/CR-2/worktree/common/tasks/sequential_scheduler.go:104"}
2026-09-10T01:23:23.013Z	info	interleaved weighted round robin task scheduler stopped	{"logging-call-at": "/home/ubuntu/temporal-investigation-20260909/overnight-20260909/specula-engine/runs/temporal-reset-20260909-restart-1600/temporal-reset/.specula-output/confirmation/CR-2/worktree/common/tasks/interleaved_weighted_round_robin.go:137"}
2026-09-10T01:23:23.013Z	info	Update worker pool size	{"key": "worker-pool-size", "value": 0, "logging-call-at": "/home/ubuntu/temporal-investigation-20260909/overnight-20260909/specula-engine/runs/temporal-reset-20260909-restart-1600/temporal-reset/.specula-output/confirmation/CR-2/worktree/common/tasks/sequential_scheduler.go:228"}
2026-09-10T01:23:23.013Z	info	sequential scheduler stopped	{"logging-call-at": "/home/ubuntu/temporal-investigation-20260909/overnight-20260909/specula-engine/runs/temporal-reset-20260909-restart-1600/temporal-reset/.specula-output/confirmation/CR-2/worktree/common/tasks/sequential_scheduler.go:104"}
2026-09-10T01:23:23.013Z	info	interleaved weighted round robin task scheduler stopped	{"logging-call-at": "/home/ubuntu/temporal-investigation-20260909/overnight-20260909/specula-engine/runs/temporal-reset-20260909-restart-1600/temporal-reset/.specula-output/confirmation/CR-2/worktree/common/tasks/interleaved_weighted_round_robin.go:137"}
2026-09-10T01:23:23.013Z	info	ShutdownHandler: Evicting self from membership ring immediately	{"service": "matching", "logging-call-at": "/home/ubuntu/temporal-investigation-20260909/overnight-20260909/specula-engine/runs/temporal-reset-20260909-restart-1600/temporal-reset/.specula-output/confirmation/CR-2/worktree/service/matching/service.go:97"}
2026-09-10T01:23:23.013Z	info	ShutdownHandler: Waiting for others to discover I am unhealthy	{"service": "matching", "logging-call-at": "/home/ubuntu/temporal-investigation-20260909/overnight-20260909/specula-engine/runs/temporal-reset-20260909-restart-1600/temporal-reset/.specula-output/confirmation/CR-2/worktree/service/matching/service.go:105"}
2026-09-10T01:23:23.013Z	info	Stopped physicalTaskQueueManager	{"backlog": "priority", "cause": "ShuttingDown", "component": "matching-engine", "lifecycle": "Stopped", "wf-namespace": "TestWorkflowResetTestSuite-TestTraceReset-62826d4d-e948-45be-8171-aa7d6bb6825c", "wf-task-queue-name": "/_sys/TestWorkflowResetTestSuite/TestTraceReset_task_queue/1", "wf-task-queue-type": "Workflow", "worker-version": "_unversioned_", "logging-call-at": "/home/ubuntu/temporal-investigation-20260909/overnight-20260909/specula-engine/runs/temporal-reset-20260909-restart-1600/temporal-reset/.specula-output/confirmation/CR-2/worktree/service/matching/physical_task_queue_manager.go:341"}
2026-09-10T01:23:23.014Z	debug	returning empty user data (expired)	{"component": "matching-engine", "request-known-version": 0, "user-data-version": 0, "wf-namespace": "TestWorkflowResetTestSuite-TestTraceReset-62826d4d-e948-45be-8171-aa7d6bb6825c", "wf-task-queue-name": "TestWorkflowResetTestSuite/TestTraceReset_task_queue", "wf-task-queue-type": "Workflow", "logging-call-at": "/home/ubuntu/temporal-investigation-20260909/overnight-20260909/specula-engine/runs/temporal-reset-20260909-restart-1600/temporal-reset/.specula-output/confirmation/CR-2/worktree/service/matching/user_data_manager.go:651"}
2026-09-10T01:23:23.014Z	info	Stopped physicalTaskQueueManager	{"backlog": "priority", "cause": "ShuttingDown", "component": "matching-engine", "lifecycle": "Stopped", "wf-namespace": "TestWorkflowResetTestSuite-TestTraceReset-62826d4d-e948-45be-8171-aa7d6bb6825c", "wf-task-queue-name": "/_sys/TestWorkflowResetTestSuite/TestTraceReset_task_queue/3", "wf-task-queue-type": "Workflow", "worker-version": "_unversioned_", "logging-call-at": "/home/ubuntu/temporal-investigation-20260909/overnight-20260909/specula-engine/runs/temporal-reset-20260909-restart-1600/temporal-reset/.specula-output/confirmation/CR-2/worktree/service/matching/physical_task_queue_manager.go:341"}
2026-09-10T01:23:23.014Z	debug	returning empty user data (expired)	{"component": "matching-engine", "request-known-version": 0, "user-data-version": 0, "wf-namespace": "TestWorkflowResetTestSuite-TestTraceReset-62826d4d-e948-45be-8171-aa7d6bb6825c", "wf-task-queue-name": "TestWorkflowResetTestSuite/TestTraceReset_task_queue", "wf-task-queue-type": "Workflow", "logging-call-at": "/home/ubuntu/temporal-investigation-20260909/overnight-20260909/specula-engine/runs/temporal-reset-20260909-restart-1600/temporal-reset/.specula-output/confirmation/CR-2/worktree/service/matching/user_data_manager.go:651"}
2026-09-10T01:23:23.014Z	info	Stopped physicalTaskQueueManager	{"backlog": "priority", "cause": "ShuttingDown", "component": "matching-engine", "lifecycle": "Stopped", "wf-namespace": "TestWorkflowResetTestSuite-TestTraceReset-62826d4d-e948-45be-8171-aa7d6bb6825c", "wf-task-queue-name": "/_sys/TestWorkflowResetTestSuite/TestTraceReset_task_queue/2", "wf-task-queue-type": "Workflow", "worker-version": "_unversioned_", "logging-call-at": "/home/ubuntu/temporal-investigation-20260909/overnight-20260909/specula-engine/runs/temporal-reset-20260909-restart-1600/temporal-reset/.specula-output/confirmation/CR-2/worktree/service/matching/physical_task_queue_manager.go:341"}
2026-09-10T01:23:23.014Z	debug	returning empty user data (expired)	{"component": "matching-engine", "request-known-version": 0, "user-data-version": 0, "wf-namespace": "TestWorkflowResetTestSuite-TestTraceReset-62826d4d-e948-45be-8171-aa7d6bb6825c", "wf-task-queue-name": "TestWorkflowResetTestSuite/TestTraceReset_task_queue", "wf-task-queue-type": "Workflow", "logging-call-at": "/home/ubuntu/temporal-investigation-20260909/overnight-20260909/specula-engine/runs/temporal-reset-20260909-restart-1600/temporal-reset/.specula-output/confirmation/CR-2/worktree/service/matching/user_data_manager.go:651"}
2026-09-10T01:23:23.014Z	info	Stopped physicalTaskQueueManager	{"backlog": "priority", "cause": "ShuttingDown", "component": "matching-engine", "lifecycle": "Stopped", "wf-namespace": "TestWorkflowResetTestSuite-TestTraceReset-62826d4d-e948-45be-8171-aa7d6bb6825c", "wf-task-queue-name": "TestWorkflowResetTestSuite/TestTraceReset_task_queue", "wf-task-queue-type": "Workflow", "worker-version": "_unversioned_", "logging-call-at": "/home/ubuntu/temporal-investigation-20260909/overnight-20260909/specula-engine/runs/temporal-reset-20260909-restart-1600/temporal-reset/.specula-output/confirmation/CR-2/worktree/service/matching/physical_task_queue_manager.go:341"}
2026-09-10T01:23:23.014Z	info	matching stopped	{"service": "matching", "logging-call-at": "/home/ubuntu/temporal-investigation-20260909/overnight-20260909/specula-engine/runs/temporal-reset-20260909-restart-1600/temporal-reset/.specula-output/confirmation/CR-2/worktree/service/matching/service.go:124"}
2026-09-10T01:23:23.014Z	warn	network dial error	{"address": "127.0.0.1:40845", "connectAddr": "127.0.0.1:40845", "connectDuration": 0.000109501, "connectErr": "dial tcp 127.0.0.1:40845: connect: connection refused", "error": "dial tcp 127.0.0.1:40845: connect: connection refused", "error-type": "net.OpError", "service": "client", "totalDuration": 0.000115631, "logging-call-at": "/home/ubuntu/temporal-investigation-20260909/overnight-20260909/specula-engine/runs/temporal-reset-20260909-restart-1600/temporal-reset/.specula-output/confirmation/CR-2/worktree/common/rpc/dial_tracer.go:73"}
2026-09-10T01:23:23.014Z	info	RuntimeMetricsReporter stopped	{"service": "matching", "logging-call-at": "/home/ubuntu/temporal-investigation-20260909/overnight-20260909/specula-engine/runs/temporal-reset-20260909-restart-1600/temporal-reset/.specula-output/confirmation/CR-2/worktree/common/metrics/runtime.go:127"}
2026-09-10T01:23:23.022Z	info	dropped database	{"database": "test_5cdb1ff663274fe1abc8bc43", "logging-call-at": "/home/ubuntu/temporal-investigation-20260909/overnight-20260909/specula-engine/runs/temporal-reset-20260909-restart-1600/temporal-reset/.specula-output/confirmation/CR-2/worktree/common/persistence/sql/test_sql_persistence.go:156"}
--- FAIL: TestWorkflowResetTestSuite (0.00s)
    --- FAIL: TestWorkflowResetTestSuite/TestTraceReset (9.28s)
FAIL
FAIL	go.temporal.io/server/tests	9.323s
FAIL
