=== RUN   TestWorkflowResetTestSuite
=== PAUSE TestWorkflowResetTestSuite
=== CONT  TestWorkflowResetTestSuite
=== RUN   TestWorkflowResetTestSuite/TestTraceReset
=== PAUSE TestWorkflowResetTestSuite/TestTraceReset
=== CONT  TestWorkflowResetTestSuite/TestTraceReset
2026-09-10T01:23:27.420Z	info	created database	{"database": "test_3810efb59ccc4d1099022f0a", "logging-call-at": "/home/ubuntu/temporal-investigation-20260909/overnight-20260909/specula-engine/runs/temporal-reset-20260909-restart-1600/temporal-reset/.specula-output/confirmation/CR-2/worktree/common/persistence/sql/test_sql_persistence.go:125"}
2026-09-10T01:23:27.420Z	info	No schema directory provided, skipping schema setup	{"logging-call-at": "/home/ubuntu/temporal-investigation-20260909/overnight-20260909/specula-engine/runs/temporal-reset-20260909-restart-1600/temporal-reset/.specula-output/confirmation/CR-2/worktree/common/persistence/sql/test_sql_persistence.go:79"}
2026-09-10T01:23:27.421Z	info	Use rpc address 127.0.0.1:7134 for cluster active.	{"component": "metadata-initializer", "logging-call-at": "/home/ubuntu/temporal-investigation-20260909/overnight-20260909/specula-engine/runs/temporal-reset-20260909-restart-1600/temporal-reset/.specula-output/confirmation/CR-2/worktree/temporal/cluster_metadata_loader.go:68"}
2026-09-10T01:23:27.421Z	info	PProf listen on 	{"host": "localhost", "port": 7000, "logging-call-at": "/home/ubuntu/temporal-investigation-20260909/overnight-20260909/specula-engine/runs/temporal-reset-20260909-restart-1600/temporal-reset/.specula-output/confirmation/CR-2/worktree/common/pprof/pprof.go:58"}
2026-09-10T01:23:27.422Z	info	Use rpc address 127.0.0.1:7134 for cluster active.	{"component": "metadata-initializer", "logging-call-at": "/home/ubuntu/temporal-investigation-20260909/overnight-20260909/specula-engine/runs/temporal-reset-20260909-restart-1600/temporal-reset/.specula-output/confirmation/CR-2/worktree/temporal/cluster_metadata_loader.go:68"}
2026-09-10T01:23:27.430Z	info	Quota changed	{"component": "persistence", "current-quota": null, "new-quota": 9000, "scope": "host", "service": "history", "logging-call-at": "/home/ubuntu/temporal-investigation-20260909/overnight-20260909/specula-engine/runs/temporal-reset-20260909-restart-1600/temporal-reset/.specula-output/confirmation/CR-2/worktree/common/quotas/calculator/logged_calculator.go:100"}
2026-09-10T01:23:27.430Z	debug	RPC factory created. enableServerKeepalive: false, enableClientKeepalive: false	{"logging-call-at": "/home/ubuntu/temporal-investigation-20260909/overnight-20260909/specula-engine/runs/temporal-reset-20260909-restart-1600/temporal-reset/.specula-output/confirmation/CR-2/worktree/common/resource/fx.go:470"}
2026-09-10T01:23:27.430Z	info	historyClient: ownership caching disabled	{"service": "history", "logging-call-at": "/home/ubuntu/temporal-investigation-20260909/overnight-20260909/specula-engine/runs/temporal-reset-20260909-restart-1600/temporal-reset/.specula-output/confirmation/CR-2/worktree/client/history/client.go:70"}
2026-09-10T01:23:27.431Z	info	creating new visibility manager	{"visibility_plugin_name": "sqlite", "visibility_index_name": "test_3810efb59ccc4d1099022f0a", "logging-call-at": "/home/ubuntu/temporal-investigation-20260909/overnight-20260909/specula-engine/runs/temporal-reset-20260909-restart-1600/temporal-reset/.specula-output/confirmation/CR-2/worktree/common/persistence/visibility/factory.go:145"}
2026-09-10T01:23:27.432Z	info	Quota changed	{"component": "task-scheduler", "current-quota": null, "new-quota": 0, "scope": "host", "service": "history", "logging-call-at": "/home/ubuntu/temporal-investigation-20260909/overnight-20260909/specula-engine/runs/temporal-reset-20260909-restart-1600/temporal-reset/.specula-output/confirmation/CR-2/worktree/common/quotas/calculator/logged_calculator.go:100"}
2026-09-10T01:23:27.433Z	info	Warning: CHASM component scheduler.scheduler declares state fields that won't be managed by CHASM:
	cacheConflictToken int64
	compiledSpec *scheduler.CompiledSpec	{"logging-call-at": "/home/ubuntu/temporal-investigation-20260909/overnight-20260909/specula-engine/runs/temporal-reset-20260909-restart-1600/temporal-reset/.specula-output/confirmation/CR-2/worktree/chasm/registry.go:361"}
2026-09-10T01:23:27.434Z	info	Initialized lazy loaded OwnershipBasedQuotaScaler	{"service": "history", "logging-call-at": "/home/ubuntu/temporal-investigation-20260909/overnight-20260909/specula-engine/runs/temporal-reset-20260909-restart-1600/temporal-reset/.specula-output/confirmation/CR-2/worktree/service/history/shard/fx.go:71"}
2026-09-10T01:23:27.434Z	info	Initialized service resolver for persistence rate limiting	{"service": "history", "logging-call-at": "/home/ubuntu/temporal-investigation-20260909/overnight-20260909/specula-engine/runs/temporal-reset-20260909-restart-1600/temporal-reset/.specula-output/confirmation/CR-2/worktree/service/fx.go:76"}
2026-09-10T01:23:27.434Z	info	Created gRPC listener	{"service": "history", "address": "127.0.0.1:38881", "logging-call-at": "/home/ubuntu/temporal-investigation-20260909/overnight-20260909/specula-engine/runs/temporal-reset-20260909-restart-1600/temporal-reset/.specula-output/confirmation/CR-2/worktree/common/rpc/rpc.go:209"}
2026-09-10T01:23:27.437Z	info	Quota changed	{"component": "persistence", "current-quota": null, "new-quota": 3000, "scope": "host", "service": "matching", "logging-call-at": "/home/ubuntu/temporal-investigation-20260909/overnight-20260909/specula-engine/runs/temporal-reset-20260909-restart-1600/temporal-reset/.specula-output/confirmation/CR-2/worktree/common/quotas/calculator/logged_calculator.go:100"}
2026-09-10T01:23:27.437Z	info	Initialized service resolver for persistence rate limiting	{"service": "matching", "logging-call-at": "/home/ubuntu/temporal-investigation-20260909/overnight-20260909/specula-engine/runs/temporal-reset-20260909-restart-1600/temporal-reset/.specula-output/confirmation/CR-2/worktree/service/fx.go:76"}
2026-09-10T01:23:27.437Z	debug	RPC factory created. enableServerKeepalive: false, enableClientKeepalive: false	{"logging-call-at": "/home/ubuntu/temporal-investigation-20260909/overnight-20260909/specula-engine/runs/temporal-reset-20260909-restart-1600/temporal-reset/.specula-output/confirmation/CR-2/worktree/common/resource/fx.go:470"}
2026-09-10T01:23:27.437Z	info	Created gRPC listener	{"service": "matching", "address": "127.0.0.1:40189", "logging-call-at": "/home/ubuntu/temporal-investigation-20260909/overnight-20260909/specula-engine/runs/temporal-reset-20260909-restart-1600/temporal-reset/.specula-output/confirmation/CR-2/worktree/common/rpc/rpc.go:209"}
2026-09-10T01:23:27.437Z	info	historyClient: ownership caching disabled	{"service": "matching", "logging-call-at": "/home/ubuntu/temporal-investigation-20260909/overnight-20260909/specula-engine/runs/temporal-reset-20260909-restart-1600/temporal-reset/.specula-output/confirmation/CR-2/worktree/client/history/client.go:70"}
2026-09-10T01:23:27.437Z	info	creating new visibility manager	{"visibility_plugin_name": "sqlite", "visibility_index_name": "test_3810efb59ccc4d1099022f0a", "logging-call-at": "/home/ubuntu/temporal-investigation-20260909/overnight-20260909/specula-engine/runs/temporal-reset-20260909-restart-1600/temporal-reset/.specula-output/confirmation/CR-2/worktree/common/persistence/visibility/factory.go:145"}
2026-09-10T01:23:27.441Z	debug	RPC factory created. enableServerKeepalive: false, enableClientKeepalive: false	{"logging-call-at": "/home/ubuntu/temporal-investigation-20260909/overnight-20260909/specula-engine/runs/temporal-reset-20260909-restart-1600/temporal-reset/.specula-output/confirmation/CR-2/worktree/common/resource/fx.go:470"}
2026-09-10T01:23:27.441Z	info	Quota changed	{"component": "persistence", "current-quota": null, "new-quota": 2000, "scope": "host", "service": "frontend", "logging-call-at": "/home/ubuntu/temporal-investigation-20260909/overnight-20260909/specula-engine/runs/temporal-reset-20260909-restart-1600/temporal-reset/.specula-output/confirmation/CR-2/worktree/common/quotas/calculator/logged_calculator.go:100"}
2026-09-10T01:23:27.442Z	info	historyClient: ownership caching disabled	{"service": "frontend", "logging-call-at": "/home/ubuntu/temporal-investigation-20260909/overnight-20260909/specula-engine/runs/temporal-reset-20260909-restart-1600/temporal-reset/.specula-output/confirmation/CR-2/worktree/client/history/client.go:70"}
2026-09-10T01:23:27.442Z	info	Warning: CHASM component scheduler.scheduler declares state fields that won't be managed by CHASM:
	cacheConflictToken int64
	compiledSpec *scheduler.CompiledSpec	{"logging-call-at": "/home/ubuntu/temporal-investigation-20260909/overnight-20260909/specula-engine/runs/temporal-reset-20260909-restart-1600/temporal-reset/.specula-output/confirmation/CR-2/worktree/chasm/registry.go:361"}
2026-09-10T01:23:27.442Z	info	creating new visibility manager	{"visibility_plugin_name": "sqlite", "visibility_index_name": "test_3810efb59ccc4d1099022f0a", "logging-call-at": "/home/ubuntu/temporal-investigation-20260909/overnight-20260909/specula-engine/runs/temporal-reset-20260909-restart-1600/temporal-reset/.specula-output/confirmation/CR-2/worktree/common/persistence/visibility/factory.go:145"}
2026-09-10T01:23:27.443Z	info	Initialized service resolver for persistence rate limiting	{"service": "frontend", "logging-call-at": "/home/ubuntu/temporal-investigation-20260909/overnight-20260909/specula-engine/runs/temporal-reset-20260909-restart-1600/temporal-reset/.specula-output/confirmation/CR-2/worktree/service/fx.go:76"}
2026-09-10T01:23:27.443Z	info	Quota changed	{"component": "rpc-handler", "current-quota": null, "new-quota": 3000, "scope": "host", "service": "frontend", "logging-call-at": "/home/ubuntu/temporal-investigation-20260909/overnight-20260909/specula-engine/runs/temporal-reset-20260909-restart-1600/temporal-reset/.specula-output/confirmation/CR-2/worktree/common/quotas/calculator/logged_calculator.go:100"}
2026-09-10T01:23:27.443Z	info	Created gRPC listener	{"service": "frontend", "address": "127.0.0.1:33019", "logging-call-at": "/home/ubuntu/temporal-investigation-20260909/overnight-20260909/specula-engine/runs/temporal-reset-20260909-restart-1600/temporal-reset/.specula-output/confirmation/CR-2/worktree/common/rpc/rpc.go:209"}
2026-09-10T01:23:27.447Z	info	Service is not requested, skipping initialization.	{"service": "internal-frontend", "logging-call-at": "/home/ubuntu/temporal-investigation-20260909/overnight-20260909/specula-engine/runs/temporal-reset-20260909-restart-1600/temporal-reset/.specula-output/confirmation/CR-2/worktree/temporal/fx.go:590"}
2026-09-10T01:23:27.447Z	info	Service is not requested, skipping initialization.	{"service": "worker", "logging-call-at": "/home/ubuntu/temporal-investigation-20260909/overnight-20260909/specula-engine/runs/temporal-reset-20260909-restart-1600/temporal-reset/.specula-output/confirmation/CR-2/worktree/temporal/fx.go:628"}
2026-09-10T01:23:27.447Z	info	PProf not started due to port not set	{"logging-call-at": "/home/ubuntu/temporal-investigation-20260909/overnight-20260909/specula-engine/runs/temporal-reset-20260909-restart-1600/temporal-reset/.specula-output/confirmation/CR-2/worktree/common/pprof/pprof.go:44"}
2026-09-10T01:23:27.447Z	info	Starting server for services	{"value": {"frontend":{},"history":{},"matching":{}}, "logging-call-at": "/home/ubuntu/temporal-investigation-20260909/overnight-20260909/specula-engine/runs/temporal-reset-20260909-restart-1600/temporal-reset/.specula-output/confirmation/CR-2/worktree/temporal/server_impl.go:89"}
2026-09-10T01:23:27.449Z	debug	archival:
    history:
        enableRead: false
        provider: null
        state: ""
    visibility:
        enableRead: false
        provider: null
        state: ""
clusterMetadata:
    clusterInformation:
        active:
            enabled: true
            httpAddress: 127.0.0.1:7144
            initialFailoverVersion: 1
            rpcAddress: 127.0.0.1:7134
    currentClusterName: active
    enableGlobalNamespace: false
    failoverVersionIncrement: 10
    masterClusterName: active
    tags: {}
dcRedirectionPolicy:
    policy: ""
dynamicConfigClient: null
global:
    authorization:
        audience: ""
        authExtraHeaderName: ""
        authHeaderName: ""
        authorizer: ""
        claimMapper: ""
        jwtKeyProvider:
            keySourceURIs: []
            refreshInterval: 0s
        permissionsClaimName: ""
        permissionsRegex: ""
        remoteClusterAuth:
            require: false
    membership:
        broadcastAddress: ""
        maxJoinDuration: 1s
    metrics: null
    pprof:
        host: ""
        port: 0
    tls:
        expirationChecks:
            checkInterval: 0s
            errorWindow: 0s
            warningWindow: 0s
        frontend:
            client:
                disableHostVerification: false
                forceTLS: false
                rootCaData: []
                rootCaFiles: []
                serverName: ""
            hostOverrides: {}
            server:
                certData: ""
                certFile: ""
                clientCaData: []
                clientCaFiles: []
                keyData: '******'
                keyFile: ""
                requireClientAuth: false
        internode:
            client:
                disableHostVerification: false
                forceTLS: false
                rootCaData: []
                rootCaFiles: []
                serverName: ""
            hostOverrides: {}
            server:
                certData: ""
                certFile: ""
                clientCaData: []
                clientCaFiles: []
                keyData: '******'
                keyFile: ""
                requireClientAuth: false
        refreshInterval: 0s
        remoteClusters: {}
        systemWorker:
            certData: ""
            certFile: ""
            client:
                disableHostVerification: false
                forceTLS: false
                rootCaData: []
                rootCaFiles: []
                serverName: ""
            keyData: '******'
            keyFile: ""
log:
    development: false
    format: ""
    level: ""
    outputFile: ""
    stdout: false
namespaceDefaults:
    archival:
        history:
            URI: ""
            state: ""
        visibility:
            URI: ""
            state: ""
otel: {}
persistence:
    datastores:
        test:
            cassandra: null
            customDatastore: null
            elasticsearch: null
            faultInjection: null
            sql:
                connectAddr: 127.0.0.1:0
                connectAttributes:
                    cache: private
                    mode: memory
                connectProtocol: tcp
                databaseName: test_3810efb59ccc4d1099022f0a
                maxConnLifetime: 0s
                maxConns: 0
                maxIdleConns: 0
                password: '******'
                passwordCommand: null
                pluginName: sqlite
                taskScanPartitions: 4
                tls: null
                user: ""
    defaultStore: test
    numHistoryShards: 1
    secondaryVisibilityStore: ""
    visibilityStore: test
publicClient:
    forceTLSConfig: ""
    hostPort: ""
    httpHostPort: ""
services:
    frontend:
        rpc:
            bindOnIP: 127.0.0.1
            bindOnLocalHost: false
            clientConnectionConfig:
                keepAliveClientParameters: null
            grpcPort: 33019
            httpAdditionalForwardedHeaders:
                - this-header-forwarded
                - this-header-prefix-forwarded-*
            httpPort: 35347
            keepAliveServerConfig:
                keepAliveEnforcementPolicy: null
                keepAliveServerParameters: null
            membershipPort: 0
    history:
        rpc:
            bindOnIP: 127.0.0.1
            bindOnLocalHost: false
            clientConnectionConfig:
                keepAliveClientParameters: null
            grpcPort: 38881
            httpAdditionalForwardedHeaders: []
            httpPort: 0
            keepAliveServerConfig:
                keepAliveEnforcementPolicy: null
                keepAliveServerParameters: null
            membershipPort: 0
    matching:
        rpc:
            bindOnIP: 127.0.0.1
            bindOnLocalHost: false
            clientConnectionConfig:
                keepAliveClientParameters: null
            grpcPort: 40189
            httpAdditionalForwardedHeaders: []
            httpPort: 0
            keepAliveServerConfig:
                keepAliveEnforcementPolicy: null
                keepAliveServerParameters: null
            membershipPort: 0
visibility:
    persistenceCustomSearchAttributes: {}
	{"logging-call-at": "/home/ubuntu/temporal-investigation-20260909/overnight-20260909/specula-engine/runs/temporal-reset-20260909-restart-1600/temporal-reset/.specula-output/confirmation/CR-2/worktree/temporal/server_impl.go:90"}
2026-09-10T01:23:27.449Z	info	Watch not supported by persistence, namespace registry will use polling	{"service": "matching", "logging-call-at": "/home/ubuntu/temporal-investigation-20260909/overnight-20260909/specula-engine/runs/temporal-reset-20260909-restart-1600/temporal-reset/.specula-output/confirmation/CR-2/worktree/common/namespace/nsregistry/registry.go:234"}
2026-09-10T01:23:27.450Z	info	RuntimeMetricsReporter started	{"service": "matching", "logging-call-at": "/home/ubuntu/temporal-investigation-20260909/overnight-20260909/specula-engine/runs/temporal-reset-20260909-restart-1600/temporal-reset/.specula-output/confirmation/CR-2/worktree/common/metrics/runtime.go:121"}
2026-09-10T01:23:27.450Z	info	matching starting	{"service": "matching", "logging-call-at": "/home/ubuntu/temporal-investigation-20260909/overnight-20260909/specula-engine/runs/temporal-reset-20260909-restart-1600/temporal-reset/.specula-output/confirmation/CR-2/worktree/service/matching/service.go:63"}
2026-09-10T01:23:27.450Z	info	Starting to serve on matching listener	{"service": "matching", "logging-call-at": "/home/ubuntu/temporal-investigation-20260909/overnight-20260909/specula-engine/runs/temporal-reset-20260909-restart-1600/temporal-reset/.specula-output/confirmation/CR-2/worktree/service/matching/service.go:77"}
2026-09-10T01:23:27.450Z	info	Update worker pool size	{"key": "worker-pool-size", "value": 64, "logging-call-at": "/home/ubuntu/temporal-investigation-20260909/overnight-20260909/specula-engine/runs/temporal-reset-20260909-restart-1600/temporal-reset/.specula-output/confirmation/CR-2/worktree/common/tasks/sequential_scheduler.go:228"}
2026-09-10T01:23:27.450Z	info	sequential scheduler started	{"logging-call-at": "/home/ubuntu/temporal-investigation-20260909/overnight-20260909/specula-engine/runs/temporal-reset-20260909-restart-1600/temporal-reset/.specula-output/confirmation/CR-2/worktree/common/tasks/sequential_scheduler.go:81"}
2026-09-10T01:23:27.450Z	info	interleaved weighted round robin task scheduler started	{"logging-call-at": "/home/ubuntu/temporal-investigation-20260909/overnight-20260909/specula-engine/runs/temporal-reset-20260909-restart-1600/temporal-reset/.specula-output/confirmation/CR-2/worktree/common/tasks/interleaved_weighted_round_robin.go:116"}
2026-09-10T01:23:27.450Z	info	Update worker pool size	{"key": "worker-pool-size", "value": 64, "logging-call-at": "/home/ubuntu/temporal-investigation-20260909/overnight-20260909/specula-engine/runs/temporal-reset-20260909-restart-1600/temporal-reset/.specula-output/confirmation/CR-2/worktree/common/tasks/sequential_scheduler.go:228"}
2026-09-10T01:23:27.450Z	info	sequential scheduler started	{"logging-call-at": "/home/ubuntu/temporal-investigation-20260909/overnight-20260909/specula-engine/runs/temporal-reset-20260909-restart-1600/temporal-reset/.specula-output/confirmation/CR-2/worktree/common/tasks/sequential_scheduler.go:81"}
2026-09-10T01:23:27.450Z	info	interleaved weighted round robin task scheduler started	{"logging-call-at": "/home/ubuntu/temporal-investigation-20260909/overnight-20260909/specula-engine/runs/temporal-reset-20260909-restart-1600/temporal-reset/.specula-output/confirmation/CR-2/worktree/common/tasks/interleaved_weighted_round_robin.go:116"}
2026-09-10T01:23:27.450Z	info	Update worker pool size	{"key": "worker-pool-size", "service": "history", "value": 64, "logging-call-at": "/home/ubuntu/temporal-investigation-20260909/overnight-20260909/specula-engine/runs/temporal-reset-20260909-restart-1600/temporal-reset/.specula-output/confirmation/CR-2/worktree/common/tasks/fifo_scheduler.go:138"}
2026-09-10T01:23:27.450Z	info	fifo scheduler started	{"service": "history", "logging-call-at": "/home/ubuntu/temporal-investigation-20260909/overnight-20260909/specula-engine/runs/temporal-reset-20260909-restart-1600/temporal-reset/.specula-output/confirmation/CR-2/worktree/common/tasks/fifo_scheduler.go:68"}
2026-09-10T01:23:27.450Z	info	execution queue scheduler started	{"service": "history", "logging-call-at": "/home/ubuntu/temporal-investigation-20260909/overnight-20260909/specula-engine/runs/temporal-reset-20260909-restart-1600/temporal-reset/.specula-output/confirmation/CR-2/worktree/common/tasks/execution_queue_scheduler.go:93"}
2026-09-10T01:23:27.451Z	info	interleaved weighted round robin task scheduler started	{"service": "history", "logging-call-at": "/home/ubuntu/temporal-investigation-20260909/overnight-20260909/specula-engine/runs/temporal-reset-20260909-restart-1600/temporal-reset/.specula-output/confirmation/CR-2/worktree/common/tasks/interleaved_weighted_round_robin.go:116"}
2026-09-10T01:23:27.451Z	info	Update worker pool size	{"key": "worker-pool-size", "service": "history", "value": 64, "logging-call-at": "/home/ubuntu/temporal-investigation-20260909/overnight-20260909/specula-engine/runs/temporal-reset-20260909-restart-1600/temporal-reset/.specula-output/confirmation/CR-2/worktree/common/tasks/fifo_scheduler.go:138"}
2026-09-10T01:23:27.451Z	info	fifo scheduler started	{"service": "history", "logging-call-at": "/home/ubuntu/temporal-investigation-20260909/overnight-20260909/specula-engine/runs/temporal-reset-20260909-restart-1600/temporal-reset/.specula-output/confirmation/CR-2/worktree/common/tasks/fifo_scheduler.go:68"}
2026-09-10T01:23:27.451Z	info	execution queue scheduler started	{"service": "history", "logging-call-at": "/home/ubuntu/temporal-investigation-20260909/overnight-20260909/specula-engine/runs/temporal-reset-20260909-restart-1600/temporal-reset/.specula-output/confirmation/CR-2/worktree/common/tasks/execution_queue_scheduler.go:93"}
2026-09-10T01:23:27.451Z	info	interleaved weighted round robin task scheduler started	{"service": "history", "logging-call-at": "/home/ubuntu/temporal-investigation-20260909/overnight-20260909/specula-engine/runs/temporal-reset-20260909-restart-1600/temporal-reset/.specula-output/confirmation/CR-2/worktree/common/tasks/interleaved_weighted_round_robin.go:116"}
2026-09-10T01:23:27.451Z	info	Update worker pool size	{"key": "worker-pool-size", "service": "history", "value": 64, "logging-call-at": "/home/ubuntu/temporal-investigation-20260909/overnight-20260909/specula-engine/runs/temporal-reset-20260909-restart-1600/temporal-reset/.specula-output/confirmation/CR-2/worktree/common/tasks/fifo_scheduler.go:138"}
2026-09-10T01:23:27.451Z	info	fifo scheduler started	{"service": "history", "logging-call-at": "/home/ubuntu/temporal-investigation-20260909/overnight-20260909/specula-engine/runs/temporal-reset-20260909-restart-1600/temporal-reset/.specula-output/confirmation/CR-2/worktree/common/tasks/fifo_scheduler.go:68"}
2026-09-10T01:23:27.451Z	info	execution queue scheduler started	{"service": "history", "logging-call-at": "/home/ubuntu/temporal-investigation-20260909/overnight-20260909/specula-engine/runs/temporal-reset-20260909-restart-1600/temporal-reset/.specula-output/confirmation/CR-2/worktree/common/tasks/execution_queue_scheduler.go:93"}
2026-09-10T01:23:27.451Z	info	interleaved weighted round robin task scheduler started	{"service": "history", "logging-call-at": "/home/ubuntu/temporal-investigation-20260909/overnight-20260909/specula-engine/runs/temporal-reset-20260909-restart-1600/temporal-reset/.specula-output/confirmation/CR-2/worktree/common/tasks/interleaved_weighted_round_robin.go:116"}
2026-09-10T01:23:27.451Z	info	Update worker pool size	{"component": "memory-scheduled-queue-processor", "key": "worker-pool-size", "service": "history", "value": 64, "logging-call-at": "/home/ubuntu/temporal-investigation-20260909/overnight-20260909/specula-engine/runs/temporal-reset-20260909-restart-1600/temporal-reset/.specula-output/confirmation/CR-2/worktree/common/tasks/fifo_scheduler.go:138"}
2026-09-10T01:23:27.451Z	info	fifo scheduler started	{"component": "memory-scheduled-queue-processor", "service": "history", "logging-call-at": "/home/ubuntu/temporal-investigation-20260909/overnight-20260909/specula-engine/runs/temporal-reset-20260909-restart-1600/temporal-reset/.specula-output/confirmation/CR-2/worktree/common/tasks/fifo_scheduler.go:68"}
2026-09-10T01:23:27.451Z	info	Watch not supported by persistence, namespace registry will use polling	{"service": "history", "logging-call-at": "/home/ubuntu/temporal-investigation-20260909/overnight-20260909/specula-engine/runs/temporal-reset-20260909-restart-1600/temporal-reset/.specula-output/confirmation/CR-2/worktree/common/namespace/nsregistry/registry.go:234"}
2026-09-10T01:23:27.452Z	info	RuntimeMetricsReporter started	{"service": "history", "logging-call-at": "/home/ubuntu/temporal-investigation-20260909/overnight-20260909/specula-engine/runs/temporal-reset-20260909-restart-1600/temporal-reset/.specula-output/confirmation/CR-2/worktree/common/metrics/runtime.go:121"}
2026-09-10T01:23:27.452Z	info	history starting	{"logging-call-at": "/home/ubuntu/temporal-investigation-20260909/overnight-20260909/specula-engine/runs/temporal-reset-20260909-restart-1600/temporal-reset/.specula-output/confirmation/CR-2/worktree/service/history/service.go:69"}
2026-09-10T01:23:27.452Z	info	Replication task fetchers started.	{"logging-call-at": "/home/ubuntu/temporal-investigation-20260909/overnight-20260909/specula-engine/runs/temporal-reset-20260909-restart-1600/temporal-reset/.specula-output/confirmation/CR-2/worktree/service/history/replication/task_fetcher.go:117"}
2026-09-10T01:23:27.452Z	info	StreamReceiverMonitor started.	{"logging-call-at": "/home/ubuntu/temporal-investigation-20260909/overnight-20260909/specula-engine/runs/temporal-reset-20260909-restart-1600/temporal-reset/.specula-output/confirmation/CR-2/worktree/service/history/replication/stream_receiver_monitor.go:87"}
2026-09-10T01:23:27.452Z	info	none	{"address": "127.0.0.1:38881", "component": "shard-controller", "lifecycle": "Started", "logging-call-at": "/home/ubuntu/temporal-investigation-20260909/overnight-20260909/specula-engine/runs/temporal-reset-20260909-restart-1600/temporal-reset/.specula-output/confirmation/CR-2/worktree/service/history/shard/controller_impl.go:112"}
2026-09-10T01:23:27.452Z	info	Starting to serve on history listener	{"logging-call-at": "/home/ubuntu/temporal-investigation-20260909/overnight-20260909/specula-engine/runs/temporal-reset-20260909-restart-1600/temporal-reset/.specula-output/confirmation/CR-2/worktree/service/history/service.go:95"}
2026-09-10T01:23:27.452Z	info	none	{"address": "127.0.0.1:38881", "component": "shard-controller", "number-changed": 0, "number-deleted": 0, "number-processed": 1, "shard-update": "RingMembershipChangedEvent", "logging-call-at": "/home/ubuntu/temporal-investigation-20260909/overnight-20260909/specula-engine/runs/temporal-reset-20260909-restart-1600/temporal-reset/.specula-output/confirmation/CR-2/worktree/service/history/shard/ownership.go:92"}
2026-09-10T01:23:27.452Z	info	Watch not supported by persistence, namespace registry will use polling	{"service": "frontend", "logging-call-at": "/home/ubuntu/temporal-investigation-20260909/overnight-20260909/specula-engine/runs/temporal-reset-20260909-restart-1600/temporal-reset/.specula-output/confirmation/CR-2/worktree/common/namespace/nsregistry/registry.go:234"}
2026-09-10T01:23:27.452Z	info	none	{"address": "127.0.0.1:38881", "component": "shard-context", "lifecycle": "Started", "shard-id": 1, "logging-call-at": "/home/ubuntu/temporal-investigation-20260909/overnight-20260909/specula-engine/runs/temporal-reset-20260909-restart-1600/temporal-reset/.specula-output/confirmation/CR-2/worktree/service/history/shard/context_impl.go:1764"}
2026-09-10T01:23:27.452Z	info	none	{"address": "127.0.0.1:38881", "component": "shard-controller", "numShards": 1, "logging-call-at": "/home/ubuntu/temporal-investigation-20260909/overnight-20260909/specula-engine/runs/temporal-reset-20260909-restart-1600/temporal-reset/.specula-output/confirmation/CR-2/worktree/service/history/shard/controller_impl.go:265"}
2026-09-10T01:23:27.452Z	info	ContextMetadataInterceptor: No metadata in context, not setting trailer	{"fullMethod": "/temporal.server.api.matchingservice.v1.MatchingService/ListNexusEndpoints", "logging-call-at": "/home/ubuntu/temporal-investigation-20260909/overnight-20260909/specula-engine/runs/temporal-reset-20260909-restart-1600/temporal-reset/.specula-output/confirmation/CR-2/worktree/common/log/throttle_logger.go:44"}
2026-09-10T01:23:27.453Z	info	RuntimeMetricsReporter started	{"service": "frontend", "logging-call-at": "/home/ubuntu/temporal-investigation-20260909/overnight-20260909/specula-engine/runs/temporal-reset-20260909-restart-1600/temporal-reset/.specula-output/confirmation/CR-2/worktree/common/metrics/runtime.go:121"}
2026-09-10T01:23:27.453Z	info	frontend starting	{"service": "frontend", "logging-call-at": "/home/ubuntu/temporal-investigation-20260909/overnight-20260909/specula-engine/runs/temporal-reset-20260909-restart-1600/temporal-reset/.specula-output/confirmation/CR-2/worktree/service/frontend/service.go:515"}
2026-09-10T01:23:27.453Z	info	TrailerToContextMetadataInterceptor: No metadata in trailer	{"contextWrapped": false, "method": "/temporal.server.api.matchingservice.v1.MatchingService/ListNexusEndpoints", "service": "history", "logging-call-at": "/home/ubuntu/temporal-investigation-20260909/overnight-20260909/specula-engine/runs/temporal-reset-20260909-restart-1600/temporal-reset/.specula-output/confirmation/CR-2/worktree/common/log/throttle_logger.go:44"}
2026-09-10T01:23:27.453Z	info	Frontend is now healthy	{"service": "frontend", "logging-call-at": "/home/ubuntu/temporal-investigation-20260909/overnight-20260909/specula-engine/runs/temporal-reset-20260909-restart-1600/temporal-reset/.specula-output/confirmation/CR-2/worktree/service/frontend/workflow_handler.go:419"}
2026-09-10T01:23:27.453Z	info	Range updated for shardID	{"address": "127.0.0.1:38881", "previous-shard-range-id": 0, "shard-id": 1, "shard-range-id": 1, "logging-call-at": "/home/ubuntu/temporal-investigation-20260909/overnight-20260909/specula-engine/runs/temporal-reset-20260909-restart-1600/temporal-reset/.specula-output/confirmation/CR-2/worktree/service/history/shard/context_impl.go:1241"}
2026-09-10T01:23:27.453Z	info	Task key range updated	{"address": "127.0.0.1:38881", "next-number": 2097152, "number": 1048576, "shard-id": 1, "logging-call-at": "/home/ubuntu/temporal-investigation-20260909/overnight-20260909/specula-engine/runs/temporal-reset-20260909-restart-1600/temporal-reset/.specula-output/confirmation/CR-2/worktree/service/history/shard/task_key_generator.go:155"}
2026-09-10T01:23:27.453Z	info	Starting to serve on frontend listener	{"service": "frontend", "logging-call-at": "/home/ubuntu/temporal-investigation-20260909/overnight-20260909/specula-engine/runs/temporal-reset-20260909-restart-1600/temporal-reset/.specula-output/confirmation/CR-2/worktree/service/frontend/service.go:533"}
2026-09-10T01:23:27.453Z	info	Acquired shard	{"address": "127.0.0.1:38881", "shard-id": 1, "logging-call-at": "/home/ubuntu/temporal-investigation-20260909/overnight-20260909/specula-engine/runs/temporal-reset-20260909-restart-1600/temporal-reset/.specula-output/confirmation/CR-2/worktree/service/history/shard/context_impl.go:2129"}
2026-09-10T01:23:27.453Z	info	none	{"address": "127.0.0.1:38881", "component": "shard-engine", "lifecycle": "Starting", "shard-id": 1, "logging-call-at": "/home/ubuntu/temporal-investigation-20260909/overnight-20260909/specula-engine/runs/temporal-reset-20260909-restart-1600/temporal-reset/.specula-output/confirmation/CR-2/worktree/service/history/shard/context_impl.go:1604"}
2026-09-10T01:23:27.453Z	info	none	{"address": "127.0.0.1:38881", "component": "history-engine", "lifecycle": "Starting", "shard-id": 1, "logging-call-at": "/home/ubuntu/temporal-investigation-20260909/overnight-20260909/specula-engine/runs/temporal-reset-20260909-restart-1600/temporal-reset/.specula-output/confirmation/CR-2/worktree/service/history/history_engine.go:386"}
2026-09-10T01:23:27.453Z	info	TrailerToContextMetadataInterceptor: No metadata in trailer	{"contextWrapped": false, "method": "/temporal.server.api.matchingservice.v1.MatchingService/ListNexusEndpoints", "service": "frontend", "logging-call-at": "/home/ubuntu/temporal-investigation-20260909/overnight-20260909/specula-engine/runs/temporal-reset-20260909-restart-1600/temporal-reset/.specula-output/confirmation/CR-2/worktree/common/log/throttle_logger.go:44"}
2026-09-10T01:23:27.453Z	info	none	{"address": "127.0.0.1:38881", "component": "transfer-queue-processor", "lifecycle": "Starting", "shard-id": 1, "logging-call-at": "/home/ubuntu/temporal-investigation-20260909/overnight-20260909/specula-engine/runs/temporal-reset-20260909-restart-1600/temporal-reset/.specula-output/confirmation/CR-2/worktree/service/history/queues/queue_immediate.go:96"}
2026-09-10T01:23:27.453Z	info	Task rescheduler started.	{"address": "127.0.0.1:38881", "component": "transfer-queue-processor", "lifecycle": "Started", "shard-id": 1, "logging-call-at": "/home/ubuntu/temporal-investigation-20260909/overnight-20260909/specula-engine/runs/temporal-reset-20260909-restart-1600/temporal-reset/.specula-output/confirmation/CR-2/worktree/service/history/queues/rescheduler.go:102"}
2026-09-10T01:23:27.453Z	info	none	{"address": "127.0.0.1:38881", "component": "transfer-queue-processor", "lifecycle": "Started", "shard-id": 1, "logging-call-at": "/home/ubuntu/temporal-investigation-20260909/overnight-20260909/specula-engine/runs/temporal-reset-20260909-restart-1600/temporal-reset/.specula-output/confirmation/CR-2/worktree/service/history/queues/queue_immediate.go:105"}
2026-09-10T01:23:27.453Z	info	none	{"address": "127.0.0.1:38881", "component": "outbound-queue-processor", "lifecycle": "Starting", "shard-id": 1, "logging-call-at": "/home/ubuntu/temporal-investigation-20260909/overnight-20260909/specula-engine/runs/temporal-reset-20260909-restart-1600/temporal-reset/.specula-output/confirmation/CR-2/worktree/service/history/queues/queue_immediate.go:96"}
2026-09-10T01:23:27.453Z	info	Task rescheduler started.	{"address": "127.0.0.1:38881", "component": "outbound-queue-processor", "lifecycle": "Started", "shard-id": 1, "logging-call-at": "/home/ubuntu/temporal-investigation-20260909/overnight-20260909/specula-engine/runs/temporal-reset-20260909-restart-1600/temporal-reset/.specula-output/confirmation/CR-2/worktree/service/history/queues/rescheduler.go:102"}
2026-09-10T01:23:27.453Z	info	none	{"address": "127.0.0.1:38881", "component": "outbound-queue-processor", "lifecycle": "Started", "shard-id": 1, "logging-call-at": "/home/ubuntu/temporal-investigation-20260909/overnight-20260909/specula-engine/runs/temporal-reset-20260909-restart-1600/temporal-reset/.specula-output/confirmation/CR-2/worktree/service/history/queues/queue_immediate.go:105"}
2026-09-10T01:23:27.453Z	info	none	{"address": "127.0.0.1:38881", "component": "timer-queue-processor", "lifecycle": "Starting", "shard-id": 1, "logging-call-at": "/home/ubuntu/temporal-investigation-20260909/overnight-20260909/specula-engine/runs/temporal-reset-20260909-restart-1600/temporal-reset/.specula-output/confirmation/CR-2/worktree/service/history/queues/queue_scheduled.go:130"}
2026-09-10T01:23:27.453Z	info	Task rescheduler started.	{"address": "127.0.0.1:38881", "component": "timer-queue-processor", "lifecycle": "Started", "shard-id": 1, "logging-call-at": "/home/ubuntu/temporal-investigation-20260909/overnight-20260909/specula-engine/runs/temporal-reset-20260909-restart-1600/temporal-reset/.specula-output/confirmation/CR-2/worktree/service/history/queues/rescheduler.go:102"}
2026-09-10T01:23:27.453Z	info	none	{"address": "127.0.0.1:38881", "component": "timer-queue-processor", "lifecycle": "Started", "shard-id": 1, "logging-call-at": "/home/ubuntu/temporal-investigation-20260909/overnight-20260909/specula-engine/runs/temporal-reset-20260909-restart-1600/temporal-reset/.specula-output/confirmation/CR-2/worktree/service/history/queues/queue_scheduled.go:139"}
2026-09-10T01:23:27.453Z	info	none	{"component": "memory-scheduled-queue-processor", "lifecycle": "Starting", "service": "history", "logging-call-at": "/home/ubuntu/temporal-investigation-20260909/overnight-20260909/specula-engine/runs/temporal-reset-20260909-restart-1600/temporal-reset/.specula-output/confirmation/CR-2/worktree/service/history/queues/memory_scheduled_queue.go:79"}
2026-09-10T01:23:27.453Z	info	none	{"component": "memory-scheduled-queue-processor", "lifecycle": "Started", "service": "history", "logging-call-at": "/home/ubuntu/temporal-investigation-20260909/overnight-20260909/specula-engine/runs/temporal-reset-20260909-restart-1600/temporal-reset/.specula-output/confirmation/CR-2/worktree/service/history/queues/memory_scheduled_queue.go:84"}
2026-09-10T01:23:27.453Z	info	none	{"address": "127.0.0.1:38881", "component": "visibility-queue-processor", "lifecycle": "Starting", "shard-id": 1, "logging-call-at": "/home/ubuntu/temporal-investigation-20260909/overnight-20260909/specula-engine/runs/temporal-reset-20260909-restart-1600/temporal-reset/.specula-output/confirmation/CR-2/worktree/service/history/queues/queue_immediate.go:96"}
2026-09-10T01:23:27.453Z	info	Task rescheduler started.	{"address": "127.0.0.1:38881", "component": "visibility-queue-processor", "lifecycle": "Started", "shard-id": 1, "logging-call-at": "/home/ubuntu/temporal-investigation-20260909/overnight-20260909/specula-engine/runs/temporal-reset-20260909-restart-1600/temporal-reset/.specula-output/confirmation/CR-2/worktree/service/history/queues/rescheduler.go:102"}
2026-09-10T01:23:27.453Z	info	none	{"address": "127.0.0.1:38881", "component": "visibility-queue-processor", "lifecycle": "Started", "shard-id": 1, "logging-call-at": "/home/ubuntu/temporal-investigation-20260909/overnight-20260909/specula-engine/runs/temporal-reset-20260909-restart-1600/temporal-reset/.specula-output/confirmation/CR-2/worktree/service/history/queues/queue_immediate.go:105"}
2026-09-10T01:23:27.453Z	info	queue reader started	{"address": "127.0.0.1:38881", "component": "outbound-queue-processor", "lifecycle": "Started", "queue-reader-id": 0, "shard-id": 1, "logging-call-at": "/home/ubuntu/temporal-investigation-20260909/overnight-20260909/specula-engine/runs/temporal-reset-20260909-restart-1600/temporal-reset/.specula-output/confirmation/CR-2/worktree/service/history/queues/reader.go:158"}
2026-09-10T01:23:27.453Z	info	none	{"address": "127.0.0.1:38881", "component": "history-engine", "lifecycle": "Started", "shard-id": 1, "logging-call-at": "/home/ubuntu/temporal-investigation-20260909/overnight-20260909/specula-engine/runs/temporal-reset-20260909-restart-1600/temporal-reset/.specula-output/confirmation/CR-2/worktree/service/history/history_engine.go:395"}
2026-09-10T01:23:27.453Z	info	queue reader started	{"address": "127.0.0.1:38881", "component": "transfer-queue-processor", "lifecycle": "Started", "queue-reader-id": 0, "shard-id": 1, "logging-call-at": "/home/ubuntu/temporal-investigation-20260909/overnight-20260909/specula-engine/runs/temporal-reset-20260909-restart-1600/temporal-reset/.specula-output/confirmation/CR-2/worktree/service/history/queues/reader.go:158"}
2026-09-10T01:23:27.453Z	info	none	{"address": "127.0.0.1:38881", "component": "shard-engine", "lifecycle": "Started", "shard-id": 1, "logging-call-at": "/home/ubuntu/temporal-investigation-20260909/overnight-20260909/specula-engine/runs/temporal-reset-20260909-restart-1600/temporal-reset/.specula-output/confirmation/CR-2/worktree/service/history/shard/context_impl.go:1607"}
2026-09-10T01:23:27.453Z	info	queue reader started	{"address": "127.0.0.1:38881", "component": "timer-queue-processor", "lifecycle": "Started", "queue-reader-id": 0, "shard-id": 1, "logging-call-at": "/home/ubuntu/temporal-investigation-20260909/overnight-20260909/specula-engine/runs/temporal-reset-20260909-restart-1600/temporal-reset/.specula-output/confirmation/CR-2/worktree/service/history/queues/reader.go:158"}
2026-09-10T01:23:27.453Z	error	Queue reader unable to retrieve tasks	{"address": "127.0.0.1:38881", "component": "transfer-queue-processor", "error": "shard status unknown", "queue-reader-id": 0, "shard-id": 1, "logging-call-at": "/home/ubuntu/temporal-investigation-20260909/overnight-20260909/specula-engine/runs/temporal-reset-20260909-restart-1600/temporal-reset/.specula-output/confirmation/CR-2/worktree/service/history/queues/reader.go:457"}
go.temporal.io/server/common/log.(*zapLogger).Error
	/home/ubuntu/temporal-investigation-20260909/overnight-20260909/specula-engine/runs/temporal-reset-20260909-restart-1600/temporal-reset/.specula-output/confirmation/CR-2/worktree/common/log/zap_logger.go:191
go.temporal.io/server/common/testing/testlogger.(*TestLogger).Error
	/home/ubuntu/temporal-investigation-20260909/overnight-20260909/specula-engine/runs/temporal-reset-20260909-restart-1600/temporal-reset/.specula-output/confirmation/CR-2/worktree/common/testing/testlogger/testlogger.go:543
go.temporal.io/server/service/history/queues.(*ReaderImpl).loadAndSubmitTasks
	/home/ubuntu/temporal-investigation-20260909/overnight-20260909/specula-engine/runs/temporal-reset-20260909-restart-1600/temporal-reset/.specula-output/confirmation/CR-2/worktree/service/history/queues/reader.go:457
go.temporal.io/server/service/history/queues.(*ReaderImpl).eventLoop
	/home/ubuntu/temporal-investigation-20260909/overnight-20260909/specula-engine/runs/temporal-reset-20260909-restart-1600/temporal-reset/.specula-output/confirmation/CR-2/worktree/service/history/queues/reader.go:422
2026-09-10T01:23:27.453Z	info	queue reader started	{"address": "127.0.0.1:38881", "component": "visibility-queue-processor", "lifecycle": "Started", "queue-reader-id": 0, "shard-id": 1, "logging-call-at": "/home/ubuntu/temporal-investigation-20260909/overnight-20260909/specula-engine/runs/temporal-reset-20260909-restart-1600/temporal-reset/.specula-output/confirmation/CR-2/worktree/service/history/queues/reader.go:158"}
2026-09-10T01:23:27.453Z	info	initial shards ready	{"address": "127.0.0.1:38881", "component": "shard-controller", "total": 1, "logging-call-at": "/home/ubuntu/temporal-investigation-20260909/overnight-20260909/specula-engine/runs/temporal-reset-20260909-restart-1600/temporal-reset/.specula-output/confirmation/CR-2/worktree/service/history/shard/controller_impl.go:511"}
2026-09-10T01:23:27.454Z	debug	Frontend method invoked.	{"wf-namespace": "namespace-fac1e2fa-745a-4bd9-acee-c84b704ccf7e", "operation": "DescribeNamespace", "server-name": "", "cert-thumbprint": "", "logging-call-at": "/home/ubuntu/temporal-investigation-20260909/overnight-20260909/specula-engine/runs/temporal-reset-20260909-restart-1600/temporal-reset/.specula-output/confirmation/CR-2/worktree/common/rpc/interceptor/namespace_logger.go:53"}
2026-09-10T01:23:27.455Z	info	Quota changed	{"component": "rpc-handler", "current-quota": null, "new-quota": 2400, "scope": "namespace", "service": "frontend", "wf-namespace": "namespace-fac1e2fa-745a-4bd9-acee-c84b704ccf7e", "logging-call-at": "/home/ubuntu/temporal-investigation-20260909/overnight-20260909/specula-engine/runs/temporal-reset-20260909-restart-1600/temporal-reset/.specula-output/confirmation/CR-2/worktree/common/quotas/calculator/logged_calculator.go:100"}
2026-09-10T01:23:27.455Z	info	Quota changed	{"component": "persistence", "current-quota": null, "new-quota": 0, "scope": "namespace", "service": "frontend", "wf-namespace": "namespace-fac1e2fa-745a-4bd9-acee-c84b704ccf7e", "logging-call-at": "/home/ubuntu/temporal-investigation-20260909/overnight-20260909/specula-engine/runs/temporal-reset-20260909-restart-1600/temporal-reset/.specula-output/confirmation/CR-2/worktree/common/quotas/calculator/logged_calculator.go:100"}
2026-09-10T01:23:27.455Z	debug	Frontend method invoked.	{"wf-namespace": "namespace-fac1e2fa-745a-4bd9-acee-c84b704ccf7e", "operation": "AddSearchAttributes", "server-name": "", "cert-thumbprint": "", "logging-call-at": "/home/ubuntu/temporal-investigation-20260909/overnight-20260909/specula-engine/runs/temporal-reset-20260909-restart-1600/temporal-reset/.specula-output/confirmation/CR-2/worktree/common/rpc/interceptor/namespace_logger.go:53"}
2026-09-10T01:23:27.456Z	debug	Frontend method invoked.	{"wf-namespace": "namespace-fac1e2fa-745a-4bd9-acee-c84b704ccf7e", "operation": "DescribeNamespace", "server-name": "", "cert-thumbprint": "", "logging-call-at": "/home/ubuntu/temporal-investigation-20260909/overnight-20260909/specula-engine/runs/temporal-reset-20260909-restart-1600/temporal-reset/.specula-output/confirmation/CR-2/worktree/common/rpc/interceptor/namespace_logger.go:53"}
2026-09-10T01:23:27.457Z	debug	Frontend method invoked.	{"wf-namespace": "namespace-fac1e2fa-745a-4bd9-acee-c84b704ccf7e", "operation": "UpdateNamespace", "server-name": "", "cert-thumbprint": "", "logging-call-at": "/home/ubuntu/temporal-investigation-20260909/overnight-20260909/specula-engine/runs/temporal-reset-20260909-restart-1600/temporal-reset/.specula-output/confirmation/CR-2/worktree/common/rpc/interceptor/namespace_logger.go:53"}
2026-09-10T01:23:27.457Z	info	Quota changed	{"component": "namespace-replication", "current-quota": null, "new-quota": 10, "scope": "namespace", "service": "frontend", "wf-namespace": "namespace-fac1e2fa-745a-4bd9-acee-c84b704ccf7e", "logging-call-at": "/home/ubuntu/temporal-investigation-20260909/overnight-20260909/specula-engine/runs/temporal-reset-20260909-restart-1600/temporal-reset/.specula-output/confirmation/CR-2/worktree/common/quotas/calculator/logged_calculator.go:100"}
2026-09-10T01:23:27.457Z	info	Update namespace succeeded	{"service": "frontend", "wf-namespace": "namespace-fac1e2fa-745a-4bd9-acee-c84b704ccf7e", "wf-namespace-id": "c29ccc23-cda5-47d3-be05-bfdf3ade0bfb", "logging-call-at": "/home/ubuntu/temporal-investigation-20260909/overnight-20260909/specula-engine/runs/temporal-reset-20260909-restart-1600/temporal-reset/.specula-output/confirmation/CR-2/worktree/service/frontend/namespace_handler.go:667"}
2026-09-10T01:23:27.458Z	debug	Frontend method invoked.	{"wf-namespace": "namespace-fac1e2fa-745a-4bd9-acee-c84b704ccf7e", "operation": "ListSearchAttributes", "server-name": "", "cert-thumbprint": "", "logging-call-at": "/home/ubuntu/temporal-investigation-20260909/overnight-20260909/specula-engine/runs/temporal-reset-20260909-restart-1600/temporal-reset/.specula-output/confirmation/CR-2/worktree/common/rpc/interceptor/namespace_logger.go:53"}
2026-09-10T01:23:27.458Z	debug	Frontend method invoked.	{"wf-namespace": "namespace-fac1e2fa-745a-4bd9-acee-c84b704ccf7e", "operation": "DescribeNamespace", "server-name": "", "cert-thumbprint": "", "logging-call-at": "/home/ubuntu/temporal-investigation-20260909/overnight-20260909/specula-engine/runs/temporal-reset-20260909-restart-1600/temporal-reset/.specula-output/confirmation/CR-2/worktree/common/rpc/interceptor/namespace_logger.go:53"}
2026-09-10T01:23:27.459Z	info	Register namespace succeeded	{"wf-namespace": "namespace-fac1e2fa-745a-4bd9-acee-c84b704ccf7e", "wf-namespace-id": "c29ccc23-cda5-47d3-be05-bfdf3ade0bfb", "logging-call-at": "/home/ubuntu/temporal-investigation-20260909/overnight-20260909/specula-engine/runs/temporal-reset-20260909-restart-1600/temporal-reset/.specula-output/confirmation/CR-2/worktree/tests/testcore/functional_test_base.go:600"}
2026-09-10T01:23:27.459Z	debug	Frontend method invoked.	{"wf-namespace": "external-namespace-57f95056-8a46-4869-ae52-b7cdd33b6e49", "operation": "DescribeNamespace", "server-name": "", "cert-thumbprint": "", "logging-call-at": "/home/ubuntu/temporal-investigation-20260909/overnight-20260909/specula-engine/runs/temporal-reset-20260909-restart-1600/temporal-reset/.specula-output/confirmation/CR-2/worktree/common/rpc/interceptor/namespace_logger.go:53"}
2026-09-10T01:23:27.459Z	info	Quota changed	{"component": "rpc-handler", "current-quota": null, "new-quota": 2400, "scope": "namespace", "service": "frontend", "wf-namespace": "external-namespace-57f95056-8a46-4869-ae52-b7cdd33b6e49", "logging-call-at": "/home/ubuntu/temporal-investigation-20260909/overnight-20260909/specula-engine/runs/temporal-reset-20260909-restart-1600/temporal-reset/.specula-output/confirmation/CR-2/worktree/common/quotas/calculator/logged_calculator.go:100"}
2026-09-10T01:23:27.459Z	info	Quota changed	{"component": "persistence", "current-quota": null, "new-quota": 0, "scope": "namespace", "service": "frontend", "wf-namespace": "external-namespace-57f95056-8a46-4869-ae52-b7cdd33b6e49", "logging-call-at": "/home/ubuntu/temporal-investigation-20260909/overnight-20260909/specula-engine/runs/temporal-reset-20260909-restart-1600/temporal-reset/.specula-output/confirmation/CR-2/worktree/common/quotas/calculator/logged_calculator.go:100"}
2026-09-10T01:23:27.459Z	debug	Frontend method invoked.	{"wf-namespace": "external-namespace-57f95056-8a46-4869-ae52-b7cdd33b6e49", "operation": "AddSearchAttributes", "server-name": "", "cert-thumbprint": "", "logging-call-at": "/home/ubuntu/temporal-investigation-20260909/overnight-20260909/specula-engine/runs/temporal-reset-20260909-restart-1600/temporal-reset/.specula-output/confirmation/CR-2/worktree/common/rpc/interceptor/namespace_logger.go:53"}
2026-09-10T01:23:27.460Z	debug	Frontend method invoked.	{"wf-namespace": "external-namespace-57f95056-8a46-4869-ae52-b7cdd33b6e49", "operation": "DescribeNamespace", "server-name": "", "cert-thumbprint": "", "logging-call-at": "/home/ubuntu/temporal-investigation-20260909/overnight-20260909/specula-engine/runs/temporal-reset-20260909-restart-1600/temporal-reset/.specula-output/confirmation/CR-2/worktree/common/rpc/interceptor/namespace_logger.go:53"}
2026-09-10T01:23:27.460Z	debug	Frontend method invoked.	{"wf-namespace": "external-namespace-57f95056-8a46-4869-ae52-b7cdd33b6e49", "operation": "UpdateNamespace", "server-name": "", "cert-thumbprint": "", "logging-call-at": "/home/ubuntu/temporal-investigation-20260909/overnight-20260909/specula-engine/runs/temporal-reset-20260909-restart-1600/temporal-reset/.specula-output/confirmation/CR-2/worktree/common/rpc/interceptor/namespace_logger.go:53"}
2026-09-10T01:23:27.460Z	info	Quota changed	{"component": "namespace-replication", "current-quota": null, "new-quota": 10, "scope": "namespace", "service": "frontend", "wf-namespace": "external-namespace-57f95056-8a46-4869-ae52-b7cdd33b6e49", "logging-call-at": "/home/ubuntu/temporal-investigation-20260909/overnight-20260909/specula-engine/runs/temporal-reset-20260909-restart-1600/temporal-reset/.specula-output/confirmation/CR-2/worktree/common/quotas/calculator/logged_calculator.go:100"}
2026-09-10T01:23:27.460Z	info	Update namespace succeeded	{"service": "frontend", "wf-namespace": "external-namespace-57f95056-8a46-4869-ae52-b7cdd33b6e49", "wf-namespace-id": "8868d255-65a4-4367-82b9-8aa2b00b686a", "logging-call-at": "/home/ubuntu/temporal-investigation-20260909/overnight-20260909/specula-engine/runs/temporal-reset-20260909-restart-1600/temporal-reset/.specula-output/confirmation/CR-2/worktree/service/frontend/namespace_handler.go:667"}
2026-09-10T01:23:27.461Z	debug	Frontend method invoked.	{"wf-namespace": "external-namespace-57f95056-8a46-4869-ae52-b7cdd33b6e49", "operation": "ListSearchAttributes", "server-name": "", "cert-thumbprint": "", "logging-call-at": "/home/ubuntu/temporal-investigation-20260909/overnight-20260909/specula-engine/runs/temporal-reset-20260909-restart-1600/temporal-reset/.specula-output/confirmation/CR-2/worktree/common/rpc/interceptor/namespace_logger.go:53"}
2026-09-10T01:23:27.461Z	debug	Frontend method invoked.	{"wf-namespace": "external-namespace-57f95056-8a46-4869-ae52-b7cdd33b6e49", "operation": "DescribeNamespace", "server-name": "", "cert-thumbprint": "", "logging-call-at": "/home/ubuntu/temporal-investigation-20260909/overnight-20260909/specula-engine/runs/temporal-reset-20260909-restart-1600/temporal-reset/.specula-output/confirmation/CR-2/worktree/common/rpc/interceptor/namespace_logger.go:53"}
2026-09-10T01:23:27.461Z	info	Register namespace succeeded	{"wf-namespace": "external-namespace-57f95056-8a46-4869-ae52-b7cdd33b6e49", "wf-namespace-id": "8868d255-65a4-4367-82b9-8aa2b00b686a", "logging-call-at": "/home/ubuntu/temporal-investigation-20260909/overnight-20260909/specula-engine/runs/temporal-reset-20260909-restart-1600/temporal-reset/.specula-output/confirmation/CR-2/worktree/tests/testcore/functional_test_base.go:600"}
2026/09/10 01:23:27 CLUSTEREVENT {"kind":"dedicated","reason":"custom history shard count used","suite":"TestWorkflowResetTestSuite","test":"TestWorkflowResetTestSuite/TestTraceReset","worker":false}
    shared_cluster_t.go:72: 2026-09-10T01:23:27.462Z	debug	Frontend method invoked.	{"wf-namespace": "TestWorkflowResetTestSuite-TestTraceReset-8d05e66a-46f2-4531-b6ae-1a4a2e8a883d", "operation": "DescribeNamespace", "server-name": "", "cert-thumbprint": "", "logging-call-at": "/home/ubuntu/temporal-investigation-20260909/overnight-20260909/specula-engine/runs/temporal-reset-20260909-restart-1600/temporal-reset/.specula-output/confirmation/CR-2/worktree/common/rpc/interceptor/namespace_logger.go:53"}
    shared_cluster_t.go:72: 2026-09-10T01:23:27.462Z	info	Quota changed	{"component": "rpc-handler", "current-quota": null, "new-quota": 2400, "scope": "namespace", "service": "frontend", "wf-namespace": "TestWorkflowResetTestSuite-TestTraceReset-8d05e66a-46f2-4531-b6ae-1a4a2e8a883d", "logging-call-at": "/home/ubuntu/temporal-investigation-20260909/overnight-20260909/specula-engine/runs/temporal-reset-20260909-restart-1600/temporal-reset/.specula-output/confirmation/CR-2/worktree/common/quotas/calculator/logged_calculator.go:100"}
    shared_cluster_t.go:72: 2026-09-10T01:23:27.462Z	info	Quota changed	{"component": "persistence", "current-quota": null, "new-quota": 0, "scope": "namespace", "service": "frontend", "wf-namespace": "TestWorkflowResetTestSuite-TestTraceReset-8d05e66a-46f2-4531-b6ae-1a4a2e8a883d", "logging-call-at": "/home/ubuntu/temporal-investigation-20260909/overnight-20260909/specula-engine/runs/temporal-reset-20260909-restart-1600/temporal-reset/.specula-output/confirmation/CR-2/worktree/common/quotas/calculator/logged_calculator.go:100"}
    shared_cluster_t.go:72: 2026-09-10T01:23:27.462Z	debug	Frontend method invoked.	{"wf-namespace": "TestWorkflowResetTestSuite-TestTraceReset-8d05e66a-46f2-4531-b6ae-1a4a2e8a883d", "operation": "AddSearchAttributes", "server-name": "", "cert-thumbprint": "", "logging-call-at": "/home/ubuntu/temporal-investigation-20260909/overnight-20260909/specula-engine/runs/temporal-reset-20260909-restart-1600/temporal-reset/.specula-output/confirmation/CR-2/worktree/common/rpc/interceptor/namespace_logger.go:53"}
    shared_cluster_t.go:72: 2026-09-10T01:23:27.462Z	debug	Frontend method invoked.	{"wf-namespace": "TestWorkflowResetTestSuite-TestTraceReset-8d05e66a-46f2-4531-b6ae-1a4a2e8a883d", "operation": "DescribeNamespace", "server-name": "", "cert-thumbprint": "", "logging-call-at": "/home/ubuntu/temporal-investigation-20260909/overnight-20260909/specula-engine/runs/temporal-reset-20260909-restart-1600/temporal-reset/.specula-output/confirmation/CR-2/worktree/common/rpc/interceptor/namespace_logger.go:53"}
    shared_cluster_t.go:72: 2026-09-10T01:23:27.463Z	debug	Frontend method invoked.	{"wf-namespace": "TestWorkflowResetTestSuite-TestTraceReset-8d05e66a-46f2-4531-b6ae-1a4a2e8a883d", "operation": "UpdateNamespace", "server-name": "", "cert-thumbprint": "", "logging-call-at": "/home/ubuntu/temporal-investigation-20260909/overnight-20260909/specula-engine/runs/temporal-reset-20260909-restart-1600/temporal-reset/.specula-output/confirmation/CR-2/worktree/common/rpc/interceptor/namespace_logger.go:53"}
    shared_cluster_t.go:72: 2026-09-10T01:23:27.463Z	info	Quota changed	{"component": "namespace-replication", "current-quota": null, "new-quota": 10, "scope": "namespace", "service": "frontend", "wf-namespace": "TestWorkflowResetTestSuite-TestTraceReset-8d05e66a-46f2-4531-b6ae-1a4a2e8a883d", "logging-call-at": "/home/ubuntu/temporal-investigation-20260909/overnight-20260909/specula-engine/runs/temporal-reset-20260909-restart-1600/temporal-reset/.specula-output/confirmation/CR-2/worktree/common/quotas/calculator/logged_calculator.go:100"}
    shared_cluster_t.go:72: 2026-09-10T01:23:27.463Z	info	Update namespace succeeded	{"service": "frontend", "wf-namespace": "TestWorkflowResetTestSuite-TestTraceReset-8d05e66a-46f2-4531-b6ae-1a4a2e8a883d", "wf-namespace-id": "7ec69340-d6d4-4cfc-8883-8c58979dec4d", "logging-call-at": "/home/ubuntu/temporal-investigation-20260909/overnight-20260909/specula-engine/runs/temporal-reset-20260909-restart-1600/temporal-reset/.specula-output/confirmation/CR-2/worktree/service/frontend/namespace_handler.go:667"}
    shared_cluster_t.go:72: 2026-09-10T01:23:27.463Z	debug	Frontend method invoked.	{"wf-namespace": "TestWorkflowResetTestSuite-TestTraceReset-8d05e66a-46f2-4531-b6ae-1a4a2e8a883d", "operation": "ListSearchAttributes", "server-name": "", "cert-thumbprint": "", "logging-call-at": "/home/ubuntu/temporal-investigation-20260909/overnight-20260909/specula-engine/runs/temporal-reset-20260909-restart-1600/temporal-reset/.specula-output/confirmation/CR-2/worktree/common/rpc/interceptor/namespace_logger.go:53"}
    shared_cluster_t.go:72: 2026-09-10T01:23:27.464Z	debug	Frontend method invoked.	{"wf-namespace": "TestWorkflowResetTestSuite-TestTraceReset-8d05e66a-46f2-4531-b6ae-1a4a2e8a883d", "operation": "DescribeNamespace", "server-name": "", "cert-thumbprint": "", "logging-call-at": "/home/ubuntu/temporal-investigation-20260909/overnight-20260909/specula-engine/runs/temporal-reset-20260909-restart-1600/temporal-reset/.specula-output/confirmation/CR-2/worktree/common/rpc/interceptor/namespace_logger.go:53"}
    shared_cluster_t.go:72: 2026-09-10T01:23:27.464Z	info	Register namespace succeeded	{"wf-namespace": "TestWorkflowResetTestSuite-TestTraceReset-8d05e66a-46f2-4531-b6ae-1a4a2e8a883d", "wf-namespace-id": "7ec69340-d6d4-4cfc-8883-8c58979dec4d", "logging-call-at": "/home/ubuntu/temporal-investigation-20260909/overnight-20260909/specula-engine/runs/temporal-reset-20260909-restart-1600/temporal-reset/.specula-output/confirmation/CR-2/worktree/tests/testcore/functional_test_base.go:600"}
    shared_cluster_t.go:72: 2026-09-10T01:23:27.464Z	debug	routing key extraction: adding routing key to context	{"wf-id": "TestWorkflowResetTestSuite/TestTraceReset_workflow_id", "grpc-method": "/temporal.api.workflowservice.v1.WorkflowService/DescribeWorkflowExecution", "logging-call-at": "/home/ubuntu/temporal-investigation-20260909/overnight-20260909/specula-engine/runs/temporal-reset-20260909-restart-1600/temporal-reset/.specula-output/confirmation/CR-2/worktree/common/rpc/interceptor/routing_key_interceptor.go:112"}
    shared_cluster_t.go:72: 2026-09-10T01:23:27.464Z	debug	Frontend method invoked.	{"wf-namespace": "TestWorkflowResetTestSuite-TestTraceReset-8d05e66a-46f2-4531-b6ae-1a4a2e8a883d", "operation": "DescribeWorkflowExecution", "server-name": "", "cert-thumbprint": "", "logging-call-at": "/home/ubuntu/temporal-investigation-20260909/overnight-20260909/specula-engine/runs/temporal-reset-20260909-restart-1600/temporal-reset/.specula-output/confirmation/CR-2/worktree/common/rpc/interceptor/namespace_logger.go:53"}
    shared_cluster_t.go:72: 2026-09-10T01:23:27.466Z	info	Quota changed	{"component": "persistence", "current-quota": null, "new-quota": 0, "scope": "namespace", "service": "history", "wf-namespace": "TestWorkflowResetTestSuite-TestTraceReset-8d05e66a-46f2-4531-b6ae-1a4a2e8a883d", "logging-call-at": "/home/ubuntu/temporal-investigation-20260909/overnight-20260909/specula-engine/runs/temporal-reset-20260909-restart-1600/temporal-reset/.specula-output/confirmation/CR-2/worktree/common/quotas/calculator/logged_calculator.go:100"}
    shared_cluster_t.go:72: 2026-09-10T01:23:27.466Z	info	ContextMetadataInterceptor: No metadata in context, not setting trailer	{"fullMethod": "/temporal.server.api.historyservice.v1.HistoryService/DescribeWorkflowExecution", "logging-call-at": "/home/ubuntu/temporal-investigation-20260909/overnight-20260909/specula-engine/runs/temporal-reset-20260909-restart-1600/temporal-reset/.specula-output/confirmation/CR-2/worktree/common/log/throttle_logger.go:44"}
    shared_cluster_t.go:72: 2026-09-10T01:23:27.468Z	debug	routing key extraction: adding routing key to context	{"wf-id": "TestWorkflowResetTestSuite/TestTraceReset_workflow_id", "grpc-method": "/temporal.api.workflowservice.v1.WorkflowService/StartWorkflowExecution", "logging-call-at": "/home/ubuntu/temporal-investigation-20260909/overnight-20260909/specula-engine/runs/temporal-reset-20260909-restart-1600/temporal-reset/.specula-output/confirmation/CR-2/worktree/common/rpc/interceptor/routing_key_interceptor.go:112"}
    shared_cluster_t.go:72: 2026-09-10T01:23:27.468Z	debug	Frontend method invoked.	{"wf-namespace": "TestWorkflowResetTestSuite-TestTraceReset-8d05e66a-46f2-4531-b6ae-1a4a2e8a883d", "operation": "StartWorkflowExecution", "server-name": "", "cert-thumbprint": "", "logging-call-at": "/home/ubuntu/temporal-investigation-20260909/overnight-20260909/specula-engine/runs/temporal-reset-20260909-restart-1600/temporal-reset/.specula-output/confirmation/CR-2/worktree/common/rpc/interceptor/namespace_logger.go:53"}
    shared_cluster_t.go:72: 2026-09-10T01:23:27.468Z	debug	Received StartWorkflowExecution.	{"service": "frontend", "wf-id": "TestWorkflowResetTestSuite/TestTraceReset_workflow_id", "wf-type": "TestWorkflowResetTestSuite/TestTraceReset_workflow_type", "logging-call-at": "/home/ubuntu/temporal-investigation-20260909/overnight-20260909/specula-engine/runs/temporal-reset-20260909-restart-1600/temporal-reset/.specula-output/confirmation/CR-2/worktree/service/frontend/workflow_handler.go:561"}
    shared_cluster_t.go:72: 2026-09-10T01:23:27.468Z	debug	Start workflow execution request namespace.	{"service": "frontend", "wf-namespace": "TestWorkflowResetTestSuite-TestTraceReset-8d05e66a-46f2-4531-b6ae-1a4a2e8a883d", "logging-call-at": "/home/ubuntu/temporal-investigation-20260909/overnight-20260909/specula-engine/runs/temporal-reset-20260909-restart-1600/temporal-reset/.specula-output/confirmation/CR-2/worktree/service/frontend/workflow_handler.go:565"}
    shared_cluster_t.go:72: 2026-09-10T01:23:27.468Z	debug	Start workflow execution request namespaceID.	{"service": "frontend", "wf-namespace-id": "7ec69340-d6d4-4cfc-8883-8c58979dec4d", "logging-call-at": "/home/ubuntu/temporal-investigation-20260909/overnight-20260909/specula-engine/runs/temporal-reset-20260909-restart-1600/temporal-reset/.specula-output/confirmation/CR-2/worktree/service/frontend/workflow_handler.go:570"}
    shared_cluster_t.go:72: 2026-09-10T01:23:27.470Z	debug	Workflow task updated	{"address": "127.0.0.1:38881", "attempt": 1, "shard-id": 1, "wf-id": "TestWorkflowResetTestSuite/TestTraceReset_workflow_id", "wf-namespace": "TestWorkflowResetTestSuite-TestTraceReset-8d05e66a-46f2-4531-b6ae-1a4a2e8a883d", "wf-run-id": "01a088e9-a06d-73f4-aed6-a90810466261", "wf-scheduled-event-id": 2, "wf-started-event-id": 0, "wf-started-timestamp": "0001-01-01T00:00:00.000Z", "workflow-task-request-id": "emptyUuid", "workflow-task-timeout": 60, "wt-type": "Normal", "logging-call-at": "/home/ubuntu/temporal-investigation-20260909/overnight-20260909/specula-engine/runs/temporal-reset-20260909-restart-1600/temporal-reset/.specula-output/confirmation/CR-2/worktree/common/log/lazy_logger.go:30"}
    shared_cluster_t.go:72: 2026-09-10T01:23:27.470Z	debug	time skipping skipped for: time skipping is not enabled	{"address": "127.0.0.1:38881", "shard-id": 1, "wf-id": "TestWorkflowResetTestSuite/TestTraceReset_workflow_id", "wf-namespace": "TestWorkflowResetTestSuite-TestTraceReset-8d05e66a-46f2-4531-b6ae-1a4a2e8a883d", "wf-run-id": "01a088e9-a06d-73f4-aed6-a90810466261", "logging-call-at": "/home/ubuntu/temporal-investigation-20260909/overnight-20260909/specula-engine/runs/temporal-reset-20260909-restart-1600/temporal-reset/.specula-output/confirmation/CR-2/worktree/common/log/lazy_logger.go:30"}
    shared_cluster_t.go:72: 2026-09-10T01:23:27.470Z	debug	Assigning new task key	{"address": "127.0.0.1:38881", "cursor-timestamp": "2026-09-10T01:23:28.453Z", "queue-task-id": 1048579, "queue-task-type": "VisibilityStartExecution", "shard-id": 1, "timestamp": "2026-09-10T01:23:27.470Z", "wf-id": "TestWorkflowResetTestSuite/TestTraceReset_workflow_id", "wf-namespace-id": "7ec69340-d6d4-4cfc-8883-8c58979dec4d", "wf-run-id": "01a088e9-a06d-73f4-aed6-a90810466261", "logging-call-at": "/home/ubuntu/temporal-investigation-20260909/overnight-20260909/specula-engine/runs/temporal-reset-20260909-restart-1600/temporal-reset/.specula-output/confirmation/CR-2/worktree/service/history/shard/task_key_generator.go:98"}
    shared_cluster_t.go:72: 2026-09-10T01:23:27.471Z	debug	Assigning new task key	{"address": "127.0.0.1:38881", "cursor-timestamp": "2026-09-10T01:23:28.453Z", "queue-task-id": 1048580, "queue-task-type": "TransferWorkflowTask", "shard-id": 1, "timestamp": "2026-09-10T01:23:27.470Z", "wf-id": "TestWorkflowResetTestSuite/TestTraceReset_workflow_id", "wf-namespace-id": "7ec69340-d6d4-4cfc-8883-8c58979dec4d", "wf-run-id": "01a088e9-a06d-73f4-aed6-a90810466261", "logging-call-at": "/home/ubuntu/temporal-investigation-20260909/overnight-20260909/specula-engine/runs/temporal-reset-20260909-restart-1600/temporal-reset/.specula-output/confirmation/CR-2/worktree/service/history/shard/task_key_generator.go:98"}
    shared_cluster_t.go:72: 2026-09-10T01:23:27.471Z	debug	Assigning new task key	{"address": "127.0.0.1:38881", "cursor-timestamp": "2026-09-10T01:23:28.453Z", "queue-task-id": 1048581, "queue-task-type": "WorkflowRunTimeout", "shard-id": 1, "timestamp": "2026-09-10T01:28:27.470Z", "wf-id": "TestWorkflowResetTestSuite/TestTraceReset_workflow_id", "wf-namespace-id": "7ec69340-d6d4-4cfc-8883-8c58979dec4d", "wf-run-id": "01a088e9-a06d-73f4-aed6-a90810466261", "logging-call-at": "/home/ubuntu/temporal-investigation-20260909/overnight-20260909/specula-engine/runs/temporal-reset-20260909-restart-1600/temporal-reset/.specula-output/confirmation/CR-2/worktree/service/history/shard/task_key_generator.go:98"}
    shared_cluster_t.go:72: 2026-09-10T01:23:27.477Z	debug	Frontend method invoked.	{"wf-namespace": "TestWorkflowResetTestSuite-TestTraceReset-8d05e66a-46f2-4531-b6ae-1a4a2e8a883d", "operation": "PollWorkflowTaskQueue", "server-name": "", "cert-thumbprint": "", "logging-call-at": "/home/ubuntu/temporal-investigation-20260909/overnight-20260909/specula-engine/runs/temporal-reset-20260909-restart-1600/temporal-reset/.specula-output/confirmation/CR-2/worktree/common/rpc/interceptor/namespace_logger.go:53"}
    shared_cluster_t.go:72: 2026-09-10T01:23:27.477Z	info	Quota changed	{"component": "long-poll-handler", "current-quota": null, "new-quota": 1200, "scope": "namespace", "service": "frontend", "wf-namespace": "TestWorkflowResetTestSuite-TestTraceReset-8d05e66a-46f2-4531-b6ae-1a4a2e8a883d", "logging-call-at": "/home/ubuntu/temporal-investigation-20260909/overnight-20260909/specula-engine/runs/temporal-reset-20260909-restart-1600/temporal-reset/.specula-output/confirmation/CR-2/worktree/common/quotas/calculator/logged_calculator.go:100"}
    shared_cluster_t.go:72: 2026-09-10T01:23:27.477Z	debug	Received PollWorkflowTaskQueue	{"service": "frontend", "logging-call-at": "/home/ubuntu/temporal-investigation-20260909/overnight-20260909/specula-engine/runs/temporal-reset-20260909-restart-1600/temporal-reset/.specula-output/confirmation/CR-2/worktree/service/frontend/workflow_handler.go:1079"}
    shared_cluster_t.go:72: 2026-09-10T01:23:27.477Z	debug	Poll workflow task queue.	{"service": "frontend", "wf-namespace": "TestWorkflowResetTestSuite-TestTraceReset-8d05e66a-46f2-4531-b6ae-1a4a2e8a883d", "wf-namespace-id": "7ec69340-d6d4-4cfc-8883-8c58979dec4d", "logging-call-at": "/home/ubuntu/temporal-investigation-20260909/overnight-20260909/specula-engine/runs/temporal-reset-20260909-restart-1600/temporal-reset/.specula-output/confirmation/CR-2/worktree/service/frontend/workflow_handler.go:1116"}
    shared_cluster_t.go:72: 2026-09-10T01:23:27.479Z	info	Quota changed	{"component": "persistence", "current-quota": null, "new-quota": 0, "scope": "namespace", "service": "matching", "wf-namespace": "TestWorkflowResetTestSuite-TestTraceReset-8d05e66a-46f2-4531-b6ae-1a4a2e8a883d", "logging-call-at": "/home/ubuntu/temporal-investigation-20260909/overnight-20260909/specula-engine/runs/temporal-reset-20260909-restart-1600/temporal-reset/.specula-output/confirmation/CR-2/worktree/common/quotas/calculator/logged_calculator.go:100"}
    shared_cluster_t.go:72: 2026-09-10T01:23:27.479Z	info	loaded user data from db	{"component": "matching-engine", "timestamp": "1970-01-01T00:00:00.000Z", "user-data-version": 0, "wf-namespace": "TestWorkflowResetTestSuite-TestTraceReset-8d05e66a-46f2-4531-b6ae-1a4a2e8a883d", "wf-task-queue-name": "TestWorkflowResetTestSuite/TestTraceReset_task_queue", "wf-task-queue-type": "Workflow", "logging-call-at": "/home/ubuntu/temporal-investigation-20260909/overnight-20260909/specula-engine/runs/temporal-reset-20260909-restart-1600/temporal-reset/.specula-output/confirmation/CR-2/worktree/service/matching/user_data_manager.go:871"}
    shared_cluster_t.go:72: 2026-09-10T01:23:27.479Z	info	Started physicalTaskQueueManager	{"backlog": "priority", "cause": "UserData", "component": "matching-engine", "lifecycle": "Started", "wf-namespace": "TestWorkflowResetTestSuite-TestTraceReset-8d05e66a-46f2-4531-b6ae-1a4a2e8a883d", "wf-task-queue-name": "TestWorkflowResetTestSuite/TestTraceReset_task_queue", "wf-task-queue-type": "Workflow", "worker-version": "_unversioned_", "logging-call-at": "/home/ubuntu/temporal-investigation-20260909/overnight-20260909/specula-engine/runs/temporal-reset-20260909-restart-1600/temporal-reset/.specula-output/confirmation/CR-2/worktree/service/matching/physical_task_queue_manager.go:312"}
    shared_cluster_t.go:72: 2026-09-10T01:23:27.479Z	info	Starting draining	{"backlog": "fairness-drain", "component": "matching-engine", "wf-namespace": "TestWorkflowResetTestSuite-TestTraceReset-8d05e66a-46f2-4531-b6ae-1a4a2e8a883d", "wf-task-queue-name": "TestWorkflowResetTestSuite/TestTraceReset_task_queue", "wf-task-queue-type": "Workflow", "worker-version": "_unversioned_", "logging-call-at": "/home/ubuntu/temporal-investigation-20260909/overnight-20260909/specula-engine/runs/temporal-reset-20260909-restart-1600/temporal-reset/.specula-output/confirmation/CR-2/worktree/service/matching/physical_task_queue_manager.go:430"}
    shared_cluster_t.go:72: 2026-09-10T01:23:27.479Z	debug	returning empty user data (no data or no change)	{"component": "matching-engine", "wf-namespace": "TestWorkflowResetTestSuite-TestTraceReset-8d05e66a-46f2-4531-b6ae-1a4a2e8a883d", "wf-task-queue-name": "TestWorkflowResetTestSuite/TestTraceReset_task_queue", "wf-task-queue-type": "Workflow", "logging-call-at": "/home/ubuntu/temporal-investigation-20260909/overnight-20260909/specula-engine/runs/temporal-reset-20260909-restart-1600/temporal-reset/.specula-output/confirmation/CR-2/worktree/service/matching/user_data_manager.go:644"}
    shared_cluster_t.go:72: 2026-09-10T01:23:27.480Z	info	TrailerToContextMetadataInterceptor: No metadata in trailer	{"contextWrapped": false, "method": "/temporal.server.api.matchingservice.v1.MatchingService/GetTaskQueueUserData", "service": "matching", "logging-call-at": "/home/ubuntu/temporal-investigation-20260909/overnight-20260909/specula-engine/runs/temporal-reset-20260909-restart-1600/temporal-reset/.specula-output/confirmation/CR-2/worktree/common/log/throttle_logger.go:44"}
    shared_cluster_t.go:72: 2026-09-10T01:23:27.480Z	debug	fetched user data from parent, no change	{"component": "matching-engine", "wf-namespace": "TestWorkflowResetTestSuite-TestTraceReset-8d05e66a-46f2-4531-b6ae-1a4a2e8a883d", "wf-task-queue-name": "/_sys/TestWorkflowResetTestSuite/TestTraceReset_task_queue/3", "wf-task-queue-type": "Workflow", "logging-call-at": "/home/ubuntu/temporal-investigation-20260909/overnight-20260909/specula-engine/runs/temporal-reset-20260909-restart-1600/temporal-reset/.specula-output/confirmation/CR-2/worktree/service/matching/user_data_manager.go:351"}
    shared_cluster_t.go:72: 2026-09-10T01:23:27.480Z	info	Started physicalTaskQueueManager	{"backlog": "priority", "cause": "Poll", "component": "matching-engine", "lifecycle": "Started", "wf-namespace": "TestWorkflowResetTestSuite-TestTraceReset-8d05e66a-46f2-4531-b6ae-1a4a2e8a883d", "wf-task-queue-name": "/_sys/TestWorkflowResetTestSuite/TestTraceReset_task_queue/3", "wf-task-queue-type": "Workflow", "worker-version": "_unversioned_", "logging-call-at": "/home/ubuntu/temporal-investigation-20260909/overnight-20260909/specula-engine/runs/temporal-reset-20260909-restart-1600/temporal-reset/.specula-output/confirmation/CR-2/worktree/service/matching/physical_task_queue_manager.go:312"}
    shared_cluster_t.go:72: 2026-09-10T01:23:27.480Z	debug	returning empty user data (no data or no change)	{"component": "matching-engine", "wf-namespace": "TestWorkflowResetTestSuite-TestTraceReset-8d05e66a-46f2-4531-b6ae-1a4a2e8a883d", "wf-task-queue-name": "TestWorkflowResetTestSuite/TestTraceReset_task_queue", "wf-task-queue-type": "Workflow", "logging-call-at": "/home/ubuntu/temporal-investigation-20260909/overnight-20260909/specula-engine/runs/temporal-reset-20260909-restart-1600/temporal-reset/.specula-output/confirmation/CR-2/worktree/service/matching/user_data_manager.go:644"}
    shared_cluster_t.go:72: 2026-09-10T01:23:27.480Z	debug	fetched user data from parent, no change	{"component": "matching-engine", "wf-namespace": "TestWorkflowResetTestSuite-TestTraceReset-8d05e66a-46f2-4531-b6ae-1a4a2e8a883d", "wf-task-queue-name": "/_sys/TestWorkflowResetTestSuite/TestTraceReset_task_queue/1", "wf-task-queue-type": "Workflow", "logging-call-at": "/home/ubuntu/temporal-investigation-20260909/overnight-20260909/specula-engine/runs/temporal-reset-20260909-restart-1600/temporal-reset/.specula-output/confirmation/CR-2/worktree/service/matching/user_data_manager.go:351"}
    shared_cluster_t.go:72: 2026-09-10T01:23:27.480Z	info	Starting draining	{"backlog": "fairness-drain", "component": "matching-engine", "wf-namespace": "TestWorkflowResetTestSuite-TestTraceReset-8d05e66a-46f2-4531-b6ae-1a4a2e8a883d", "wf-task-queue-name": "/_sys/TestWorkflowResetTestSuite/TestTraceReset_task_queue/3", "wf-task-queue-type": "Workflow", "worker-version": "_unversioned_", "logging-call-at": "/home/ubuntu/temporal-investigation-20260909/overnight-20260909/specula-engine/runs/temporal-reset-20260909-restart-1600/temporal-reset/.specula-output/confirmation/CR-2/worktree/service/matching/physical_task_queue_manager.go:430"}
    shared_cluster_t.go:72: 2026-09-10T01:23:27.480Z	info	Started physicalTaskQueueManager	{"backlog": "priority", "cause": "Force", "component": "matching-engine", "lifecycle": "Started", "wf-namespace": "TestWorkflowResetTestSuite-TestTraceReset-8d05e66a-46f2-4531-b6ae-1a4a2e8a883d", "wf-task-queue-name": "/_sys/TestWorkflowResetTestSuite/TestTraceReset_task_queue/1", "wf-task-queue-type": "Workflow", "worker-version": "_unversioned_", "logging-call-at": "/home/ubuntu/temporal-investigation-20260909/overnight-20260909/specula-engine/runs/temporal-reset-20260909-restart-1600/temporal-reset/.specula-output/confirmation/CR-2/worktree/service/matching/physical_task_queue_manager.go:312"}
    shared_cluster_t.go:72: 2026-09-10T01:23:27.480Z	debug	returning empty user data (no data or no change)	{"component": "matching-engine", "wf-namespace": "TestWorkflowResetTestSuite-TestTraceReset-8d05e66a-46f2-4531-b6ae-1a4a2e8a883d", "wf-task-queue-name": "TestWorkflowResetTestSuite/TestTraceReset_task_queue", "wf-task-queue-type": "Workflow", "logging-call-at": "/home/ubuntu/temporal-investigation-20260909/overnight-20260909/specula-engine/runs/temporal-reset-20260909-restart-1600/temporal-reset/.specula-output/confirmation/CR-2/worktree/service/matching/user_data_manager.go:644"}
    shared_cluster_t.go:72: 2026-09-10T01:23:27.480Z	debug	fetched user data from parent, no change	{"component": "matching-engine", "wf-namespace": "TestWorkflowResetTestSuite-TestTraceReset-8d05e66a-46f2-4531-b6ae-1a4a2e8a883d", "wf-task-queue-name": "/_sys/TestWorkflowResetTestSuite/TestTraceReset_task_queue/2", "wf-task-queue-type": "Workflow", "logging-call-at": "/home/ubuntu/temporal-investigation-20260909/overnight-20260909/specula-engine/runs/temporal-reset-20260909-restart-1600/temporal-reset/.specula-output/confirmation/CR-2/worktree/service/matching/user_data_manager.go:351"}
    shared_cluster_t.go:72: 2026-09-10T01:23:27.480Z	info	Starting draining	{"backlog": "fairness-drain", "component": "matching-engine", "wf-namespace": "TestWorkflowResetTestSuite-TestTraceReset-8d05e66a-46f2-4531-b6ae-1a4a2e8a883d", "wf-task-queue-name": "/_sys/TestWorkflowResetTestSuite/TestTraceReset_task_queue/1", "wf-task-queue-type": "Workflow", "worker-version": "_unversioned_", "logging-call-at": "/home/ubuntu/temporal-investigation-20260909/overnight-20260909/specula-engine/runs/temporal-reset-20260909-restart-1600/temporal-reset/.specula-output/confirmation/CR-2/worktree/service/matching/physical_task_queue_manager.go:430"}
    shared_cluster_t.go:72: 2026-09-10T01:23:27.480Z	info	Started physicalTaskQueueManager	{"backlog": "priority", "cause": "Force", "component": "matching-engine", "lifecycle": "Started", "wf-namespace": "TestWorkflowResetTestSuite-TestTraceReset-8d05e66a-46f2-4531-b6ae-1a4a2e8a883d", "wf-task-queue-name": "/_sys/TestWorkflowResetTestSuite/TestTraceReset_task_queue/2", "wf-task-queue-type": "Workflow", "worker-version": "_unversioned_", "logging-call-at": "/home/ubuntu/temporal-investigation-20260909/overnight-20260909/specula-engine/runs/temporal-reset-20260909-restart-1600/temporal-reset/.specula-output/confirmation/CR-2/worktree/service/matching/physical_task_queue_manager.go:312"}
    shared_cluster_t.go:72: 2026-09-10T01:23:27.481Z	info	Starting draining	{"backlog": "fairness-drain", "component": "matching-engine", "wf-namespace": "TestWorkflowResetTestSuite-TestTraceReset-8d05e66a-46f2-4531-b6ae-1a4a2e8a883d", "wf-task-queue-name": "/_sys/TestWorkflowResetTestSuite/TestTraceReset_task_queue/2", "wf-task-queue-type": "Workflow", "worker-version": "_unversioned_", "logging-call-at": "/home/ubuntu/temporal-investigation-20260909/overnight-20260909/specula-engine/runs/temporal-reset-20260909-restart-1600/temporal-reset/.specula-output/confirmation/CR-2/worktree/service/matching/physical_task_queue_manager.go:430"}
    shared_cluster_t.go:72: 2026-09-10T01:23:27.503Z	debug	Process task as active.	{"address": "127.0.0.1:38881", "component": "transfer-queue-processor", "shard-id": 1, "value": "WorkflowTask{WorkflowKey: 7ec69340-d6d4-4cfc-8883-8c58979dec4d/TestWorkflowResetTestSuite/TestTraceReset_workflow_id/01a088e9-a06d-73f4-aed6-a90810466261, VisibilityTimestamp: 2026-09-10 01:23:27.470974946 +0000 UTC, TaskID: 1048580, TaskQueue: TestWorkflowResetTestSuite/TestTraceReset_task_queue, ScheduledEventID: 2, Version: 0}", "wf-namespace-id": "7ec69340-d6d4-4cfc-8883-8c58979dec4d", "logging-call-at": "/home/ubuntu/temporal-investigation-20260909/overnight-20260909/specula-engine/runs/temporal-reset-20260909-restart-1600/temporal-reset/.specula-output/confirmation/CR-2/worktree/service/history/queues/active_standby_executor.go:121"}
    shared_cluster_t.go:72: 2026-09-10T01:23:27.504Z	debug	Workflow task updated	{"address": "127.0.0.1:38881", "attempt": 1, "shard-id": 1, "wf-id": "TestWorkflowResetTestSuite/TestTraceReset_workflow_id", "wf-namespace": "TestWorkflowResetTestSuite-TestTraceReset-8d05e66a-46f2-4531-b6ae-1a4a2e8a883d", "wf-namespace-id": "7ec69340-d6d4-4cfc-8883-8c58979dec4d", "wf-run-id": "01a088e9-a06d-73f4-aed6-a90810466261", "wf-scheduled-event-id": 2, "wf-started-event-id": 3, "wf-started-timestamp": "2026-09-10T01:23:27.504Z", "workflow-task-request-id": "f263ab0f-3cf4-4468-a3ae-10377fd1e79a", "workflow-task-timeout": 60, "wt-type": "Normal", "logging-call-at": "/home/ubuntu/temporal-investigation-20260909/overnight-20260909/specula-engine/runs/temporal-reset-20260909-restart-1600/temporal-reset/.specula-output/confirmation/CR-2/worktree/common/log/lazy_logger.go:30"}
    shared_cluster_t.go:72: 2026-09-10T01:23:27.504Z	debug	time skipping skipped for: time skipping is not enabled	{"address": "127.0.0.1:38881", "shard-id": 1, "wf-id": "TestWorkflowResetTestSuite/TestTraceReset_workflow_id", "wf-namespace": "TestWorkflowResetTestSuite-TestTraceReset-8d05e66a-46f2-4531-b6ae-1a4a2e8a883d", "wf-namespace-id": "7ec69340-d6d4-4cfc-8883-8c58979dec4d", "wf-run-id": "01a088e9-a06d-73f4-aed6-a90810466261", "logging-call-at": "/home/ubuntu/temporal-investigation-20260909/overnight-20260909/specula-engine/runs/temporal-reset-20260909-restart-1600/temporal-reset/.specula-output/confirmation/CR-2/worktree/common/log/lazy_logger.go:30"}
    shared_cluster_t.go:72: 2026-09-10T01:23:27.504Z	debug	Assigning new task key	{"address": "127.0.0.1:38881", "cursor-timestamp": "2026-09-10T01:23:28.475Z", "queue-task-id": 1048585, "queue-task-type": "WorkflowTaskTimeout", "shard-id": 1, "timestamp": "2026-09-10T01:24:27.505Z", "wf-id": "TestWorkflowResetTestSuite/TestTraceReset_workflow_id", "wf-namespace-id": "7ec69340-d6d4-4cfc-8883-8c58979dec4d", "wf-run-id": "01a088e9-a06d-73f4-aed6-a90810466261", "logging-call-at": "/home/ubuntu/temporal-investigation-20260909/overnight-20260909/specula-engine/runs/temporal-reset-20260909-restart-1600/temporal-reset/.specula-output/confirmation/CR-2/worktree/service/history/shard/task_key_generator.go:98"}
    shared_cluster_t.go:72: 2026-09-10T01:23:27.508Z	debug	routing key extraction: adding routing key to context	{"wf-id": "TestWorkflowResetTestSuite/TestTraceReset_workflow_id", "grpc-method": "/temporal.api.workflowservice.v1.WorkflowService/RespondWorkflowTaskCompleted", "logging-call-at": "/home/ubuntu/temporal-investigation-20260909/overnight-20260909/specula-engine/runs/temporal-reset-20260909-restart-1600/temporal-reset/.specula-output/confirmation/CR-2/worktree/common/rpc/interceptor/routing_key_interceptor.go:112"}
    shared_cluster_t.go:72: 2026-09-10T01:23:27.508Z	debug	Frontend method invoked.	{"wf-namespace": "TestWorkflowResetTestSuite-TestTraceReset-8d05e66a-46f2-4531-b6ae-1a4a2e8a883d", "operation": "RespondWorkflowTaskCompleted", "server-name": "", "cert-thumbprint": "", "logging-call-at": "/home/ubuntu/temporal-investigation-20260909/overnight-20260909/specula-engine/runs/temporal-reset-20260909-restart-1600/temporal-reset/.specula-output/confirmation/CR-2/worktree/common/rpc/interceptor/namespace_logger.go:53"}
    shared_cluster_t.go:72: 2026-09-10T01:23:27.508Z	debug	RespondWorkflowTaskCompleted	{"service": "history", "wf-id": "TestWorkflowResetTestSuite/TestTraceReset_workflow_id", "wf-namespace-id": "7ec69340-d6d4-4cfc-8883-8c58979dec4d", "wf-run-id": "01a088e9-a06d-73f4-aed6-a90810466261", "wf-scheduled-event-id": 2, "logging-call-at": "/home/ubuntu/temporal-investigation-20260909/overnight-20260909/specula-engine/runs/temporal-reset-20260909-restart-1600/temporal-reset/.specula-output/confirmation/CR-2/worktree/service/history/handler.go:558"}
    shared_cluster_t.go:72: 2026-09-10T01:23:27.508Z	debug	Workflow task updated	{"address": "127.0.0.1:38881", "attempt": 1, "shard-id": 1, "wf-id": "TestWorkflowResetTestSuite/TestTraceReset_workflow_id", "wf-namespace": "TestWorkflowResetTestSuite-TestTraceReset-8d05e66a-46f2-4531-b6ae-1a4a2e8a883d", "wf-namespace-id": "7ec69340-d6d4-4cfc-8883-8c58979dec4d", "wf-run-id": "01a088e9-a06d-73f4-aed6-a90810466261", "wf-scheduled-event-id": 0, "wf-started-event-id": 0, "wf-started-timestamp": "1970-01-01T00:00:00.000Z", "workflow-task-request-id": "emptyUuid", "workflow-task-timeout": 0, "wt-type": "Unspecified", "logging-call-at": "/home/ubuntu/temporal-investigation-20260909/overnight-20260909/specula-engine/runs/temporal-reset-20260909-restart-1600/temporal-reset/.specula-output/confirmation/CR-2/worktree/common/log/lazy_logger.go:30"}
    shared_cluster_t.go:72: 2026-09-10T01:23:27.509Z	debug	time skipping skipped for: time skipping is not enabled	{"address": "127.0.0.1:38881", "shard-id": 1, "wf-id": "TestWorkflowResetTestSuite/TestTraceReset_workflow_id", "wf-namespace": "TestWorkflowResetTestSuite-TestTraceReset-8d05e66a-46f2-4531-b6ae-1a4a2e8a883d", "wf-namespace-id": "7ec69340-d6d4-4cfc-8883-8c58979dec4d", "wf-run-id": "01a088e9-a06d-73f4-aed6-a90810466261", "logging-call-at": "/home/ubuntu/temporal-investigation-20260909/overnight-20260909/specula-engine/runs/temporal-reset-20260909-restart-1600/temporal-reset/.specula-output/confirmation/CR-2/worktree/common/log/lazy_logger.go:30"}
    shared_cluster_t.go:72: 2026-09-10T01:23:27.509Z	debug	time skipping skipped for: time skipping is not enabled	{"address": "127.0.0.1:38881", "shard-id": 1, "wf-id": "TestWorkflowResetTestSuite/TestTraceReset_workflow_id", "wf-namespace": "TestWorkflowResetTestSuite-TestTraceReset-8d05e66a-46f2-4531-b6ae-1a4a2e8a883d", "wf-namespace-id": "7ec69340-d6d4-4cfc-8883-8c58979dec4d", "wf-run-id": "72ab1aa5-8987-455f-8d24-32e08e99ac94", "logging-call-at": "/home/ubuntu/temporal-investigation-20260909/overnight-20260909/specula-engine/runs/temporal-reset-20260909-restart-1600/temporal-reset/.specula-output/confirmation/CR-2/worktree/common/log/lazy_logger.go:30"}
    shared_cluster_t.go:72: 2026-09-10T01:23:27.509Z	debug	Assigning new task key	{"address": "127.0.0.1:38881", "cursor-timestamp": "2026-09-10T01:23:28.475Z", "queue-task-id": 1048592, "queue-task-type": "TransferCloseExecution", "shard-id": 1, "timestamp": "2026-09-10T01:23:27.509Z", "wf-id": "TestWorkflowResetTestSuite/TestTraceReset_workflow_id", "wf-namespace-id": "7ec69340-d6d4-4cfc-8883-8c58979dec4d", "wf-run-id": "01a088e9-a06d-73f4-aed6-a90810466261", "logging-call-at": "/home/ubuntu/temporal-investigation-20260909/overnight-20260909/specula-engine/runs/temporal-reset-20260909-restart-1600/temporal-reset/.specula-output/confirmation/CR-2/worktree/service/history/shard/task_key_generator.go:98"}
    shared_cluster_t.go:72: 2026-09-10T01:23:27.509Z	debug	Assigning new task key	{"address": "127.0.0.1:38881", "cursor-timestamp": "2026-09-10T01:23:28.475Z", "queue-task-id": 1048593, "queue-task-type": "VisibilityCloseExecution", "shard-id": 1, "timestamp": "2026-09-10T01:23:27.509Z", "wf-id": "TestWorkflowResetTestSuite/TestTraceReset_workflow_id", "wf-namespace-id": "7ec69340-d6d4-4cfc-8883-8c58979dec4d", "wf-run-id": "01a088e9-a06d-73f4-aed6-a90810466261", "logging-call-at": "/home/ubuntu/temporal-investigation-20260909/overnight-20260909/specula-engine/runs/temporal-reset-20260909-restart-1600/temporal-reset/.specula-output/confirmation/CR-2/worktree/service/history/shard/task_key_generator.go:98"}
    shared_cluster_t.go:72: 2026-09-10T01:23:27.509Z	debug	Assigning new task key	{"address": "127.0.0.1:38881", "cursor-timestamp": "2026-09-10T01:23:28.475Z", "queue-task-id": 1048594, "queue-task-type": "DeleteHistoryEvent", "shard-id": 1, "timestamp": "2026-09-11T01:23:27.683Z", "wf-id": "TestWorkflowResetTestSuite/TestTraceReset_workflow_id", "wf-namespace-id": "7ec69340-d6d4-4cfc-8883-8c58979dec4d", "wf-run-id": "01a088e9-a06d-73f4-aed6-a90810466261", "logging-call-at": "/home/ubuntu/temporal-investigation-20260909/overnight-20260909/specula-engine/runs/temporal-reset-20260909-restart-1600/temporal-reset/.specula-output/confirmation/CR-2/worktree/service/history/shard/task_key_generator.go:98"}
    shared_cluster_t.go:72: 2026-09-10T01:23:27.509Z	debug	Assigning new task key	{"address": "127.0.0.1:38881", "cursor-timestamp": "2026-09-10T01:23:28.475Z", "queue-task-id": 1048595, "queue-task-type": "WorkflowRunTimeout", "shard-id": 1, "timestamp": "2026-09-10T01:28:28.470Z", "wf-id": "TestWorkflowResetTestSuite/TestTraceReset_workflow_id", "wf-namespace-id": "7ec69340-d6d4-4cfc-8883-8c58979dec4d", "wf-run-id": "72ab1aa5-8987-455f-8d24-32e08e99ac94", "logging-call-at": "/home/ubuntu/temporal-investigation-20260909/overnight-20260909/specula-engine/runs/temporal-reset-20260909-restart-1600/temporal-reset/.specula-output/confirmation/CR-2/worktree/service/history/shard/task_key_generator.go:98"}
    shared_cluster_t.go:72: 2026-09-10T01:23:27.509Z	debug	New timer generated is less than min scheduled time	{"address": "127.0.0.1:38881", "cursor-timestamp": "2026-09-10T01:23:28.475Z", "queue-task-id": 1048596, "queue-task-type": "WorkflowBackoffTimer", "shard-id": 1, "shard-update": "ShardAllocateTimerBeforeRead", "timestamp": "2026-09-10T01:23:28.470Z", "wf-id": "TestWorkflowResetTestSuite/TestTraceReset_workflow_id", "wf-namespace-id": "7ec69340-d6d4-4cfc-8883-8c58979dec4d", "wf-run-id": "72ab1aa5-8987-455f-8d24-32e08e99ac94", "logging-call-at": "/home/ubuntu/temporal-investigation-20260909/overnight-20260909/specula-engine/runs/temporal-reset-20260909-restart-1600/temporal-reset/.specula-output/confirmation/CR-2/worktree/service/history/shard/task_key_generator.go:81"}
    shared_cluster_t.go:72: 2026-09-10T01:23:27.509Z	debug	Assigning new task key	{"address": "127.0.0.1:38881", "cursor-timestamp": "2026-09-10T01:23:28.475Z", "queue-task-id": 1048596, "queue-task-type": "WorkflowBackoffTimer", "shard-id": 1, "timestamp": "2026-09-10T01:23:28.476Z", "wf-id": "TestWorkflowResetTestSuite/TestTraceReset_workflow_id", "wf-namespace-id": "7ec69340-d6d4-4cfc-8883-8c58979dec4d", "wf-run-id": "72ab1aa5-8987-455f-8d24-32e08e99ac94", "logging-call-at": "/home/ubuntu/temporal-investigation-20260909/overnight-20260909/specula-engine/runs/temporal-reset-20260909-restart-1600/temporal-reset/.specula-output/confirmation/CR-2/worktree/service/history/shard/task_key_generator.go:98"}
    shared_cluster_t.go:72: 2026-09-10T01:23:27.509Z	debug	Assigning new task key	{"address": "127.0.0.1:38881", "cursor-timestamp": "2026-09-10T01:23:28.475Z", "queue-task-id": 1048597, "queue-task-type": "VisibilityStartExecution", "shard-id": 1, "timestamp": "2026-09-10T01:23:27.509Z", "wf-id": "TestWorkflowResetTestSuite/TestTraceReset_workflow_id", "wf-namespace-id": "7ec69340-d6d4-4cfc-8883-8c58979dec4d", "wf-run-id": "72ab1aa5-8987-455f-8d24-32e08e99ac94", "logging-call-at": "/home/ubuntu/temporal-investigation-20260909/overnight-20260909/specula-engine/runs/temporal-reset-20260909-restart-1600/temporal-reset/.specula-output/confirmation/CR-2/worktree/service/history/shard/task_key_generator.go:98"}
    shared_cluster_t.go:72: 2026-09-10T01:23:27.511Z	debug	Process task as active.	{"address": "127.0.0.1:38881", "component": "transfer-queue-processor", "shard-id": 1, "value": "CloseExecutionTask{WorkflowKey: 7ec69340-d6d4-4cfc-8883-8c58979dec4d/TestWorkflowResetTestSuite/TestTraceReset_workflow_id/01a088e9-a06d-73f4-aed6-a90810466261, VisibilityTimestamp: 2026-09-10 01:23:27.509190711 +0000 UTC, TaskID: 1048592, Version: 0, DeleteAfterClose: false, DeleteProcessStage: 0}", "wf-namespace-id": "7ec69340-d6d4-4cfc-8883-8c58979dec4d", "logging-call-at": "/home/ubuntu/temporal-investigation-20260909/overnight-20260909/specula-engine/runs/temporal-reset-20260909-restart-1600/temporal-reset/.specula-output/confirmation/CR-2/worktree/service/history/queues/active_standby_executor.go:121"}
    shared_cluster_t.go:72: 2026-09-10T01:23:27.513Z	debug	Frontend method invoked.	{"wf-namespace": "TestWorkflowResetTestSuite-TestTraceReset-8d05e66a-46f2-4531-b6ae-1a4a2e8a883d", "operation": "PollWorkflowTaskQueue", "server-name": "", "cert-thumbprint": "", "logging-call-at": "/home/ubuntu/temporal-investigation-20260909/overnight-20260909/specula-engine/runs/temporal-reset-20260909-restart-1600/temporal-reset/.specula-output/confirmation/CR-2/worktree/common/rpc/interceptor/namespace_logger.go:53"}
    shared_cluster_t.go:72: 2026-09-10T01:23:27.513Z	debug	Received PollWorkflowTaskQueue	{"service": "frontend", "logging-call-at": "/home/ubuntu/temporal-investigation-20260909/overnight-20260909/specula-engine/runs/temporal-reset-20260909-restart-1600/temporal-reset/.specula-output/confirmation/CR-2/worktree/service/frontend/workflow_handler.go:1079"}
    shared_cluster_t.go:72: 2026-09-10T01:23:27.513Z	debug	Poll workflow task queue.	{"service": "frontend", "wf-namespace": "TestWorkflowResetTestSuite-TestTraceReset-8d05e66a-46f2-4531-b6ae-1a4a2e8a883d", "wf-namespace-id": "7ec69340-d6d4-4cfc-8883-8c58979dec4d", "logging-call-at": "/home/ubuntu/temporal-investigation-20260909/overnight-20260909/specula-engine/runs/temporal-reset-20260909-restart-1600/temporal-reset/.specula-output/confirmation/CR-2/worktree/service/frontend/workflow_handler.go:1116"}
    shared_cluster_t.go:72: 2026-09-10T01:23:27.550Z	debug	starting ping check	{"name": "dynamic config callbacks", "service": "matching", "logging-call-at": "/home/ubuntu/temporal-investigation-20260909/overnight-20260909/specula-engine/runs/temporal-reset-20260909-restart-1600/temporal-reset/.specula-output/confirmation/CR-2/worktree/common/deadlock/deadlock.go:178"}
    shared_cluster_t.go:72: 2026-09-10T01:23:27.550Z	debug	ping check succeeded	{"name": "dynamic config callbacks", "service": "matching", "logging-call-at": "/home/ubuntu/temporal-investigation-20260909/overnight-20260909/specula-engine/runs/temporal-reset-20260909-restart-1600/temporal-reset/.specula-output/confirmation/CR-2/worktree/common/deadlock/deadlock.go:206"}
    shared_cluster_t.go:72: 2026-09-10T01:23:27.550Z	debug	starting ping check	{"name": "cluster metadata lock", "service": "matching", "logging-call-at": "/home/ubuntu/temporal-investigation-20260909/overnight-20260909/specula-engine/runs/temporal-reset-20260909-restart-1600/temporal-reset/.specula-output/confirmation/CR-2/worktree/common/deadlock/deadlock.go:178"}
    shared_cluster_t.go:72: 2026-09-10T01:23:27.550Z	debug	ping check succeeded	{"name": "cluster metadata lock", "service": "matching", "logging-call-at": "/home/ubuntu/temporal-investigation-20260909/overnight-20260909/specula-engine/runs/temporal-reset-20260909-restart-1600/temporal-reset/.specula-output/confirmation/CR-2/worktree/common/deadlock/deadlock.go:206"}
    shared_cluster_t.go:72: 2026-09-10T01:23:27.550Z	debug	starting ping check	{"name": "cluster metadata callback lock", "service": "matching", "logging-call-at": "/home/ubuntu/temporal-investigation-20260909/overnight-20260909/specula-engine/runs/temporal-reset-20260909-restart-1600/temporal-reset/.specula-output/confirmation/CR-2/worktree/common/deadlock/deadlock.go:178"}
    shared_cluster_t.go:72: 2026-09-10T01:23:27.550Z	debug	starting ping check	{"name": "namespace registry lock", "service": "matching", "logging-call-at": "/home/ubuntu/temporal-investigation-20260909/overnight-20260909/specula-engine/runs/temporal-reset-20260909-restart-1600/temporal-reset/.specula-output/confirmation/CR-2/worktree/common/deadlock/deadlock.go:178"}
    shared_cluster_t.go:72: 2026-09-10T01:23:27.550Z	debug	ping check succeeded	{"name": "namespace registry lock", "service": "matching", "logging-call-at": "/home/ubuntu/temporal-investigation-20260909/overnight-20260909/specula-engine/runs/temporal-reset-20260909-restart-1600/temporal-reset/.specula-output/confirmation/CR-2/worktree/common/deadlock/deadlock.go:206"}
    shared_cluster_t.go:72: 2026-09-10T01:23:27.550Z	debug	ping check succeeded	{"name": "cluster metadata callback lock", "service": "matching", "logging-call-at": "/home/ubuntu/temporal-investigation-20260909/overnight-20260909/specula-engine/runs/temporal-reset-20260909-restart-1600/temporal-reset/.specula-output/confirmation/CR-2/worktree/common/deadlock/deadlock.go:206"}
    shared_cluster_t.go:72: 2026-09-10T01:23:27.553Z	debug	starting ping check	{"name": "dynamic config callbacks", "service": "frontend", "logging-call-at": "/home/ubuntu/temporal-investigation-20260909/overnight-20260909/specula-engine/runs/temporal-reset-20260909-restart-1600/temporal-reset/.specula-output/confirmation/CR-2/worktree/common/deadlock/deadlock.go:178"}
    shared_cluster_t.go:72: 2026-09-10T01:23:27.553Z	debug	starting ping check	{"name": "shard controller", "service": "history", "logging-call-at": "/home/ubuntu/temporal-investigation-20260909/overnight-20260909/specula-engine/runs/temporal-reset-20260909-restart-1600/temporal-reset/.specula-output/confirmation/CR-2/worktree/common/deadlock/deadlock.go:178"}
    shared_cluster_t.go:72: 2026-09-10T01:23:27.553Z	debug	starting ping check	{"name": "cluster metadata lock", "service": "frontend", "logging-call-at": "/home/ubuntu/temporal-investigation-20260909/overnight-20260909/specula-engine/runs/temporal-reset-20260909-restart-1600/temporal-reset/.specula-output/confirmation/CR-2/worktree/common/deadlock/deadlock.go:178"}
    shared_cluster_t.go:72: 2026-09-10T01:23:27.553Z	debug	ping check succeeded	{"name": "cluster metadata lock", "service": "frontend", "logging-call-at": "/home/ubuntu/temporal-investigation-20260909/overnight-20260909/specula-engine/runs/temporal-reset-20260909-restart-1600/temporal-reset/.specula-output/confirmation/CR-2/worktree/common/deadlock/deadlock.go:206"}
    shared_cluster_t.go:72: 2026-09-10T01:23:27.553Z	debug	starting ping check	{"name": "cluster metadata callback lock", "service": "frontend", "logging-call-at": "/home/ubuntu/temporal-investigation-20260909/overnight-20260909/specula-engine/runs/temporal-reset-20260909-restart-1600/temporal-reset/.specula-output/confirmation/CR-2/worktree/common/deadlock/deadlock.go:178"}
    shared_cluster_t.go:72: 2026-09-10T01:23:27.553Z	debug	ping check succeeded	{"name": "cluster metadata callback lock", "service": "frontend", "logging-call-at": "/home/ubuntu/temporal-investigation-20260909/overnight-20260909/specula-engine/runs/temporal-reset-20260909-restart-1600/temporal-reset/.specula-output/confirmation/CR-2/worktree/common/deadlock/deadlock.go:206"}
    shared_cluster_t.go:72: 2026-09-10T01:23:27.553Z	debug	starting ping check	{"name": "cluster metadata lock", "service": "history", "logging-call-at": "/home/ubuntu/temporal-investigation-20260909/overnight-20260909/specula-engine/runs/temporal-reset-20260909-restart-1600/temporal-reset/.specula-output/confirmation/CR-2/worktree/common/deadlock/deadlock.go:178"}
    shared_cluster_t.go:72: 2026-09-10T01:23:27.553Z	debug	ping check succeeded	{"name": "cluster metadata lock", "service": "history", "logging-call-at": "/home/ubuntu/temporal-investigation-20260909/overnight-20260909/specula-engine/runs/temporal-reset-20260909-restart-1600/temporal-reset/.specula-output/confirmation/CR-2/worktree/common/deadlock/deadlock.go:206"}
    shared_cluster_t.go:72: 2026-09-10T01:23:27.553Z	debug	starting ping check	{"name": "cluster metadata callback lock", "service": "history", "logging-call-at": "/home/ubuntu/temporal-investigation-20260909/overnight-20260909/specula-engine/runs/temporal-reset-20260909-restart-1600/temporal-reset/.specula-output/confirmation/CR-2/worktree/common/deadlock/deadlock.go:178"}
    shared_cluster_t.go:72: 2026-09-10T01:23:27.553Z	debug	ping check succeeded	{"name": "cluster metadata callback lock", "service": "history", "logging-call-at": "/home/ubuntu/temporal-investigation-20260909/overnight-20260909/specula-engine/runs/temporal-reset-20260909-restart-1600/temporal-reset/.specula-output/confirmation/CR-2/worktree/common/deadlock/deadlock.go:206"}
    shared_cluster_t.go:72: 2026-09-10T01:23:27.553Z	debug	starting ping check	{"name": "dynamic config callbacks", "service": "history", "logging-call-at": "/home/ubuntu/temporal-investigation-20260909/overnight-20260909/specula-engine/runs/temporal-reset-20260909-restart-1600/temporal-reset/.specula-output/confirmation/CR-2/worktree/common/deadlock/deadlock.go:178"}
    shared_cluster_t.go:72: 2026-09-10T01:23:27.553Z	debug	ping check succeeded	{"name": "dynamic config callbacks", "service": "history", "logging-call-at": "/home/ubuntu/temporal-investigation-20260909/overnight-20260909/specula-engine/runs/temporal-reset-20260909-restart-1600/temporal-reset/.specula-output/confirmation/CR-2/worktree/common/deadlock/deadlock.go:206"}
    shared_cluster_t.go:72: 2026-09-10T01:23:27.553Z	debug	ping check succeeded	{"name": "shard controller", "service": "history", "logging-call-at": "/home/ubuntu/temporal-investigation-20260909/overnight-20260909/specula-engine/runs/temporal-reset-20260909-restart-1600/temporal-reset/.specula-output/confirmation/CR-2/worktree/common/deadlock/deadlock.go:206"}
    shared_cluster_t.go:72: 2026-09-10T01:23:27.553Z	debug	starting ping check	{"name": "namespace registry lock", "service": "history", "logging-call-at": "/home/ubuntu/temporal-investigation-20260909/overnight-20260909/specula-engine/runs/temporal-reset-20260909-restart-1600/temporal-reset/.specula-output/confirmation/CR-2/worktree/common/deadlock/deadlock.go:178"}
    shared_cluster_t.go:72: 2026-09-10T01:23:27.553Z	debug	ping check succeeded	{"name": "namespace registry lock", "service": "history", "logging-call-at": "/home/ubuntu/temporal-investigation-20260909/overnight-20260909/specula-engine/runs/temporal-reset-20260909-restart-1600/temporal-reset/.specula-output/confirmation/CR-2/worktree/common/deadlock/deadlock.go:206"}
    shared_cluster_t.go:72: 2026-09-10T01:23:27.553Z	debug	ping check succeeded	{"name": "dynamic config callbacks", "service": "frontend", "logging-call-at": "/home/ubuntu/temporal-investigation-20260909/overnight-20260909/specula-engine/runs/temporal-reset-20260909-restart-1600/temporal-reset/.specula-output/confirmation/CR-2/worktree/common/deadlock/deadlock.go:206"}
    shared_cluster_t.go:72: 2026-09-10T01:23:27.553Z	debug	starting ping check	{"name": "namespace registry lock", "service": "frontend", "logging-call-at": "/home/ubuntu/temporal-investigation-20260909/overnight-20260909/specula-engine/runs/temporal-reset-20260909-restart-1600/temporal-reset/.specula-output/confirmation/CR-2/worktree/common/deadlock/deadlock.go:178"}
    shared_cluster_t.go:72: 2026-09-10T01:23:27.553Z	debug	ping check succeeded	{"name": "namespace registry lock", "service": "frontend", "logging-call-at": "/home/ubuntu/temporal-investigation-20260909/overnight-20260909/specula-engine/runs/temporal-reset-20260909-restart-1600/temporal-reset/.specula-output/confirmation/CR-2/worktree/common/deadlock/deadlock.go:206"}
    shared_cluster_t.go:72: 2026-09-10T01:23:27.653Z	debug	starting ping check	{"name": "Shard(1)-shard-lock", "service": "history", "logging-call-at": "/home/ubuntu/temporal-investigation-20260909/overnight-20260909/specula-engine/runs/temporal-reset-20260909-restart-1600/temporal-reset/.specula-output/confirmation/CR-2/worktree/common/deadlock/deadlock.go:178"}
    shared_cluster_t.go:72: 2026-09-10T01:23:27.653Z	debug	ping check succeeded	{"name": "Shard(1)-shard-lock", "service": "history", "logging-call-at": "/home/ubuntu/temporal-investigation-20260909/overnight-20260909/specula-engine/runs/temporal-reset-20260909-restart-1600/temporal-reset/.specula-output/confirmation/CR-2/worktree/common/deadlock/deadlock.go:206"}
    shared_cluster_t.go:72: 2026-09-10T01:23:27.653Z	debug	starting ping check	{"name": "Shard(1)-io-semaphore", "service": "history", "logging-call-at": "/home/ubuntu/temporal-investigation-20260909/overnight-20260909/specula-engine/runs/temporal-reset-20260909-restart-1600/temporal-reset/.specula-output/confirmation/CR-2/worktree/common/deadlock/deadlock.go:178"}
    shared_cluster_t.go:72: 2026-09-10T01:23:27.653Z	debug	ping check succeeded	{"name": "Shard(1)-io-semaphore", "service": "history", "logging-call-at": "/home/ubuntu/temporal-investigation-20260909/overnight-20260909/specula-engine/runs/temporal-reset-20260909-restart-1600/temporal-reset/.specula-output/confirmation/CR-2/worktree/common/deadlock/deadlock.go:206"}
    shared_cluster_t.go:72: 2026-09-10T01:23:28.477Z	debug	Process task as active.	{"address": "127.0.0.1:38881", "component": "timer-queue-processor", "shard-id": 1, "value": "WorkflowBackoffTimerTask{WorkflowKey: 7ec69340-d6d4-4cfc-8883-8c58979dec4d/TestWorkflowResetTestSuite/TestTraceReset_workflow_id/72ab1aa5-8987-455f-8d24-32e08e99ac94, VisibilityTimestamp: 2026-09-10 01:23:28.476 +0000 UTC, TaskID: 1048596, Version: 0, WorkflowBackoffType: Cron}", "wf-namespace-id": "7ec69340-d6d4-4cfc-8883-8c58979dec4d", "logging-call-at": "/home/ubuntu/temporal-investigation-20260909/overnight-20260909/specula-engine/runs/temporal-reset-20260909-restart-1600/temporal-reset/.specula-output/confirmation/CR-2/worktree/service/history/queues/active_standby_executor.go:121"}
    shared_cluster_t.go:72: 2026-09-10T01:23:28.477Z	debug	Workflow task updated	{"address": "127.0.0.1:38881", "attempt": 1, "shard-id": 1, "wf-id": "TestWorkflowResetTestSuite/TestTraceReset_workflow_id", "wf-namespace": "TestWorkflowResetTestSuite-TestTraceReset-8d05e66a-46f2-4531-b6ae-1a4a2e8a883d", "wf-namespace-id": "7ec69340-d6d4-4cfc-8883-8c58979dec4d", "wf-run-id": "72ab1aa5-8987-455f-8d24-32e08e99ac94", "wf-scheduled-event-id": 2, "wf-started-event-id": 0, "wf-started-timestamp": "0001-01-01T00:00:00.000Z", "workflow-task-request-id": "emptyUuid", "workflow-task-timeout": 60, "wt-type": "Normal", "logging-call-at": "/home/ubuntu/temporal-investigation-20260909/overnight-20260909/specula-engine/runs/temporal-reset-20260909-restart-1600/temporal-reset/.specula-output/confirmation/CR-2/worktree/common/log/lazy_logger.go:30"}
    shared_cluster_t.go:72: 2026-09-10T01:23:28.477Z	debug	time skipping skipped for: time skipping is not enabled	{"address": "127.0.0.1:38881", "shard-id": 1, "wf-id": "TestWorkflowResetTestSuite/TestTraceReset_workflow_id", "wf-namespace": "TestWorkflowResetTestSuite-TestTraceReset-8d05e66a-46f2-4531-b6ae-1a4a2e8a883d", "wf-namespace-id": "7ec69340-d6d4-4cfc-8883-8c58979dec4d", "wf-run-id": "72ab1aa5-8987-455f-8d24-32e08e99ac94", "logging-call-at": "/home/ubuntu/temporal-investigation-20260909/overnight-20260909/specula-engine/runs/temporal-reset-20260909-restart-1600/temporal-reset/.specula-output/confirmation/CR-2/worktree/common/log/lazy_logger.go:30"}
    shared_cluster_t.go:72: 2026-09-10T01:23:28.478Z	debug	Assigning new task key	{"address": "127.0.0.1:38881", "cursor-timestamp": "2026-09-10T01:23:28.511Z", "queue-task-id": 1048600, "queue-task-type": "TransferWorkflowTask", "shard-id": 1, "timestamp": "2026-09-10T01:23:28.477Z", "wf-id": "TestWorkflowResetTestSuite/TestTraceReset_workflow_id", "wf-namespace-id": "7ec69340-d6d4-4cfc-8883-8c58979dec4d", "wf-run-id": "72ab1aa5-8987-455f-8d24-32e08e99ac94", "logging-call-at": "/home/ubuntu/temporal-investigation-20260909/overnight-20260909/specula-engine/runs/temporal-reset-20260909-restart-1600/temporal-reset/.specula-output/confirmation/CR-2/worktree/service/history/shard/task_key_generator.go:98"}
    shared_cluster_t.go:72: 2026-09-10T01:23:28.479Z	debug	Process task as active.	{"address": "127.0.0.1:38881", "component": "transfer-queue-processor", "shard-id": 1, "value": "WorkflowTask{WorkflowKey: 7ec69340-d6d4-4cfc-8883-8c58979dec4d/TestWorkflowResetTestSuite/TestTraceReset_workflow_id/72ab1aa5-8987-455f-8d24-32e08e99ac94, VisibilityTimestamp: 2026-09-10 01:23:28.477996878 +0000 UTC, TaskID: 1048600, TaskQueue: TestWorkflowResetTestSuite/TestTraceReset_task_queue, ScheduledEventID: 2, Version: 0}", "wf-namespace-id": "7ec69340-d6d4-4cfc-8883-8c58979dec4d", "logging-call-at": "/home/ubuntu/temporal-investigation-20260909/overnight-20260909/specula-engine/runs/temporal-reset-20260909-restart-1600/temporal-reset/.specula-output/confirmation/CR-2/worktree/service/history/queues/active_standby_executor.go:121"}
    shared_cluster_t.go:72: 2026-09-10T01:23:28.480Z	debug	Workflow task updated	{"address": "127.0.0.1:38881", "attempt": 1, "shard-id": 1, "wf-id": "TestWorkflowResetTestSuite/TestTraceReset_workflow_id", "wf-namespace": "TestWorkflowResetTestSuite-TestTraceReset-8d05e66a-46f2-4531-b6ae-1a4a2e8a883d", "wf-namespace-id": "7ec69340-d6d4-4cfc-8883-8c58979dec4d", "wf-run-id": "72ab1aa5-8987-455f-8d24-32e08e99ac94", "wf-scheduled-event-id": 2, "wf-started-event-id": 3, "wf-started-timestamp": "2026-09-10T01:23:28.480Z", "workflow-task-request-id": "942ab213-52ba-4e1c-a1f0-7bca06406819", "workflow-task-timeout": 60, "wt-type": "Normal", "logging-call-at": "/home/ubuntu/temporal-investigation-20260909/overnight-20260909/specula-engine/runs/temporal-reset-20260909-restart-1600/temporal-reset/.specula-output/confirmation/CR-2/worktree/common/log/lazy_logger.go:30"}
    shared_cluster_t.go:72: 2026-09-10T01:23:28.480Z	debug	time skipping skipped for: time skipping is not enabled	{"address": "127.0.0.1:38881", "shard-id": 1, "wf-id": "TestWorkflowResetTestSuite/TestTraceReset_workflow_id", "wf-namespace": "TestWorkflowResetTestSuite-TestTraceReset-8d05e66a-46f2-4531-b6ae-1a4a2e8a883d", "wf-namespace-id": "7ec69340-d6d4-4cfc-8883-8c58979dec4d", "wf-run-id": "72ab1aa5-8987-455f-8d24-32e08e99ac94", "logging-call-at": "/home/ubuntu/temporal-investigation-20260909/overnight-20260909/specula-engine/runs/temporal-reset-20260909-restart-1600/temporal-reset/.specula-output/confirmation/CR-2/worktree/common/log/lazy_logger.go:30"}
    shared_cluster_t.go:72: 2026-09-10T01:23:28.480Z	debug	Assigning new task key	{"address": "127.0.0.1:38881", "cursor-timestamp": "2026-09-10T01:23:29.479Z", "queue-task-id": 1048603, "queue-task-type": "WorkflowTaskTimeout", "shard-id": 1, "timestamp": "2026-09-10T01:24:28.481Z", "wf-id": "TestWorkflowResetTestSuite/TestTraceReset_workflow_id", "wf-namespace-id": "7ec69340-d6d4-4cfc-8883-8c58979dec4d", "wf-run-id": "72ab1aa5-8987-455f-8d24-32e08e99ac94", "logging-call-at": "/home/ubuntu/temporal-investigation-20260909/overnight-20260909/specula-engine/runs/temporal-reset-20260909-restart-1600/temporal-reset/.specula-output/confirmation/CR-2/worktree/service/history/shard/task_key_generator.go:98"}
    shared_cluster_t.go:72: 2026-09-10T01:23:28.482Z	debug	routing key extraction: adding routing key to context	{"wf-id": "TestWorkflowResetTestSuite/TestTraceReset_workflow_id", "grpc-method": "/temporal.api.workflowservice.v1.WorkflowService/RespondWorkflowTaskCompleted", "logging-call-at": "/home/ubuntu/temporal-investigation-20260909/overnight-20260909/specula-engine/runs/temporal-reset-20260909-restart-1600/temporal-reset/.specula-output/confirmation/CR-2/worktree/common/rpc/interceptor/routing_key_interceptor.go:112"}
    shared_cluster_t.go:72: 2026-09-10T01:23:28.482Z	debug	Frontend method invoked.	{"wf-namespace": "TestWorkflowResetTestSuite-TestTraceReset-8d05e66a-46f2-4531-b6ae-1a4a2e8a883d", "operation": "RespondWorkflowTaskCompleted", "server-name": "", "cert-thumbprint": "", "logging-call-at": "/home/ubuntu/temporal-investigation-20260909/overnight-20260909/specula-engine/runs/temporal-reset-20260909-restart-1600/temporal-reset/.specula-output/confirmation/CR-2/worktree/common/rpc/interceptor/namespace_logger.go:53"}
    shared_cluster_t.go:72: 2026-09-10T01:23:28.482Z	debug	RespondWorkflowTaskCompleted	{"service": "history", "wf-id": "TestWorkflowResetTestSuite/TestTraceReset_workflow_id", "wf-namespace-id": "7ec69340-d6d4-4cfc-8883-8c58979dec4d", "wf-run-id": "72ab1aa5-8987-455f-8d24-32e08e99ac94", "wf-scheduled-event-id": 2, "logging-call-at": "/home/ubuntu/temporal-investigation-20260909/overnight-20260909/specula-engine/runs/temporal-reset-20260909-restart-1600/temporal-reset/.specula-output/confirmation/CR-2/worktree/service/history/handler.go:558"}
    shared_cluster_t.go:72: 2026-09-10T01:23:28.482Z	debug	Workflow task updated	{"address": "127.0.0.1:38881", "attempt": 1, "shard-id": 1, "wf-id": "TestWorkflowResetTestSuite/TestTraceReset_workflow_id", "wf-namespace": "TestWorkflowResetTestSuite-TestTraceReset-8d05e66a-46f2-4531-b6ae-1a4a2e8a883d", "wf-namespace-id": "7ec69340-d6d4-4cfc-8883-8c58979dec4d", "wf-run-id": "72ab1aa5-8987-455f-8d24-32e08e99ac94", "wf-scheduled-event-id": 0, "wf-started-event-id": 0, "wf-started-timestamp": "1970-01-01T00:00:00.000Z", "workflow-task-request-id": "emptyUuid", "workflow-task-timeout": 0, "wt-type": "Unspecified", "logging-call-at": "/home/ubuntu/temporal-investigation-20260909/overnight-20260909/specula-engine/runs/temporal-reset-20260909-restart-1600/temporal-reset/.specula-output/confirmation/CR-2/worktree/common/log/lazy_logger.go:30"}
    shared_cluster_t.go:72: 2026-09-10T01:23:28.482Z	debug	time skipping skipped for: time skipping is not enabled	{"address": "127.0.0.1:38881", "shard-id": 1, "wf-id": "TestWorkflowResetTestSuite/TestTraceReset_workflow_id", "wf-namespace": "TestWorkflowResetTestSuite-TestTraceReset-8d05e66a-46f2-4531-b6ae-1a4a2e8a883d", "wf-namespace-id": "7ec69340-d6d4-4cfc-8883-8c58979dec4d", "wf-run-id": "72ab1aa5-8987-455f-8d24-32e08e99ac94", "logging-call-at": "/home/ubuntu/temporal-investigation-20260909/overnight-20260909/specula-engine/runs/temporal-reset-20260909-restart-1600/temporal-reset/.specula-output/confirmation/CR-2/worktree/common/log/lazy_logger.go:30"}
    shared_cluster_t.go:72: 2026-09-10T01:23:28.482Z	debug	Assigning new task key	{"address": "127.0.0.1:38881", "cursor-timestamp": "2026-09-10T01:23:29.479Z", "queue-task-id": 1048608, "queue-task-type": "TransferCloseExecution", "shard-id": 1, "timestamp": "2026-09-10T01:23:28.482Z", "wf-id": "TestWorkflowResetTestSuite/TestTraceReset_workflow_id", "wf-namespace-id": "7ec69340-d6d4-4cfc-8883-8c58979dec4d", "wf-run-id": "72ab1aa5-8987-455f-8d24-32e08e99ac94", "logging-call-at": "/home/ubuntu/temporal-investigation-20260909/overnight-20260909/specula-engine/runs/temporal-reset-20260909-restart-1600/temporal-reset/.specula-output/confirmation/CR-2/worktree/service/history/shard/task_key_generator.go:98"}
    shared_cluster_t.go:72: 2026-09-10T01:23:28.482Z	debug	Assigning new task key	{"address": "127.0.0.1:38881", "cursor-timestamp": "2026-09-10T01:23:29.479Z", "queue-task-id": 1048609, "queue-task-type": "VisibilityCloseExecution", "shard-id": 1, "timestamp": "2026-09-10T01:23:28.482Z", "wf-id": "TestWorkflowResetTestSuite/TestTraceReset_workflow_id", "wf-namespace-id": "7ec69340-d6d4-4cfc-8883-8c58979dec4d", "wf-run-id": "72ab1aa5-8987-455f-8d24-32e08e99ac94", "logging-call-at": "/home/ubuntu/temporal-investigation-20260909/overnight-20260909/specula-engine/runs/temporal-reset-20260909-restart-1600/temporal-reset/.specula-output/confirmation/CR-2/worktree/service/history/shard/task_key_generator.go:98"}
    shared_cluster_t.go:72: 2026-09-10T01:23:28.482Z	debug	Assigning new task key	{"address": "127.0.0.1:38881", "cursor-timestamp": "2026-09-10T01:23:29.479Z", "queue-task-id": 1048610, "queue-task-type": "DeleteHistoryEvent", "shard-id": 1, "timestamp": "2026-09-11T01:23:28.815Z", "wf-id": "TestWorkflowResetTestSuite/TestTraceReset_workflow_id", "wf-namespace-id": "7ec69340-d6d4-4cfc-8883-8c58979dec4d", "wf-run-id": "72ab1aa5-8987-455f-8d24-32e08e99ac94", "logging-call-at": "/home/ubuntu/temporal-investigation-20260909/overnight-20260909/specula-engine/runs/temporal-reset-20260909-restart-1600/temporal-reset/.specula-output/confirmation/CR-2/worktree/service/history/shard/task_key_generator.go:98"}
    shared_cluster_t.go:72: 2026-09-10T01:23:28.484Z	debug	Process task as active.	{"address": "127.0.0.1:38881", "component": "transfer-queue-processor", "shard-id": 1, "value": "CloseExecutionTask{WorkflowKey: 7ec69340-d6d4-4cfc-8883-8c58979dec4d/TestWorkflowResetTestSuite/TestTraceReset_workflow_id/72ab1aa5-8987-455f-8d24-32e08e99ac94, VisibilityTimestamp: 2026-09-10 01:23:28.482733485 +0000 UTC, TaskID: 1048608, Version: 0, DeleteAfterClose: false, DeleteProcessStage: 0}", "wf-namespace-id": "7ec69340-d6d4-4cfc-8883-8c58979dec4d", "logging-call-at": "/home/ubuntu/temporal-investigation-20260909/overnight-20260909/specula-engine/runs/temporal-reset-20260909-restart-1600/temporal-reset/.specula-output/confirmation/CR-2/worktree/service/history/queues/active_standby_executor.go:121"}
    shared_cluster_t.go:72: 2026-09-10T01:23:28.484Z	debug	routing key extraction: adding routing key to context	{"wf-id": "TestWorkflowResetTestSuite/TestTraceReset_workflow_id", "grpc-method": "/temporal.api.workflowservice.v1.WorkflowService/DeleteWorkflowExecution", "logging-call-at": "/home/ubuntu/temporal-investigation-20260909/overnight-20260909/specula-engine/runs/temporal-reset-20260909-restart-1600/temporal-reset/.specula-output/confirmation/CR-2/worktree/common/rpc/interceptor/routing_key_interceptor.go:112"}
    shared_cluster_t.go:72: 2026-09-10T01:23:28.484Z	debug	Frontend method invoked.	{"wf-namespace": "TestWorkflowResetTestSuite-TestTraceReset-8d05e66a-46f2-4531-b6ae-1a4a2e8a883d", "operation": "DeleteWorkflowExecution", "server-name": "", "cert-thumbprint": "", "logging-call-at": "/home/ubuntu/temporal-investigation-20260909/overnight-20260909/specula-engine/runs/temporal-reset-20260909-restart-1600/temporal-reset/.specula-output/confirmation/CR-2/worktree/common/rpc/interceptor/namespace_logger.go:53"}
    shared_cluster_t.go:72: 2026-09-10T01:23:28.484Z	info	DeleteWorkflowExecution requested	{"service": "history", "wf-id": "TestWorkflowResetTestSuite/TestTraceReset_workflow_id", "wf-namespace-id": "7ec69340-d6d4-4cfc-8883-8c58979dec4d", "wf-run-id": "72ab1aa5-8987-455f-8d24-32e08e99ac94", "logging-call-at": "/home/ubuntu/temporal-investigation-20260909/overnight-20260909/specula-engine/runs/temporal-reset-20260909-restart-1600/temporal-reset/.specula-output/confirmation/CR-2/worktree/service/history/handler.go:1116"}
    shared_cluster_t.go:72: 2026-09-10T01:23:28.484Z	debug	Assigning new task key	{"address": "127.0.0.1:38881", "cursor-timestamp": "2026-09-10T01:23:29.483Z", "queue-task-id": 1048611, "queue-task-type": "TransferDeleteExecution", "shard-id": 1, "timestamp": "2026-09-10T01:23:28.484Z", "wf-id": "TestWorkflowResetTestSuite/TestTraceReset_workflow_id", "wf-namespace-id": "7ec69340-d6d4-4cfc-8883-8c58979dec4d", "wf-run-id": "72ab1aa5-8987-455f-8d24-32e08e99ac94", "logging-call-at": "/home/ubuntu/temporal-investigation-20260909/overnight-20260909/specula-engine/runs/temporal-reset-20260909-restart-1600/temporal-reset/.specula-output/confirmation/CR-2/worktree/service/history/shard/task_key_generator.go:98"}
    shared_cluster_t.go:72: 2026-09-10T01:23:28.485Z	debug	Process task as active.	{"address": "127.0.0.1:38881", "component": "transfer-queue-processor", "shard-id": 1, "value": "DeleteExecutionTask{WorkflowKey: 7ec69340-d6d4-4cfc-8883-8c58979dec4d/TestWorkflowResetTestSuite/TestTraceReset_workflow_id/72ab1aa5-8987-455f-8d24-32e08e99ac94, VisibilityTimestamp: 2026-09-10 01:23:28.484546099 +0000 UTC, TaskID: 1048611, ProcessStage: 0}", "wf-namespace-id": "7ec69340-d6d4-4cfc-8883-8c58979dec4d", "logging-call-at": "/home/ubuntu/temporal-investigation-20260909/overnight-20260909/specula-engine/runs/temporal-reset-20260909-restart-1600/temporal-reset/.specula-output/confirmation/CR-2/worktree/service/history/queues/active_standby_executor.go:121"}
    shared_cluster_t.go:72: 2026-09-10T01:23:32.601Z	debug	Process task as active.	{"address": "127.0.0.1:38881", "component": "transfer-queue-processor", "shard-id": 1, "value": "DeleteExecutionTask{WorkflowKey: 7ec69340-d6d4-4cfc-8883-8c58979dec4d/TestWorkflowResetTestSuite/TestTraceReset_workflow_id/72ab1aa5-8987-455f-8d24-32e08e99ac94, VisibilityTimestamp: 2026-09-10 01:23:28.484546099 +0000 UTC, TaskID: 1048611, ProcessStage: 0}", "wf-namespace-id": "7ec69340-d6d4-4cfc-8883-8c58979dec4d", "logging-call-at": "/home/ubuntu/temporal-investigation-20260909/overnight-20260909/specula-engine/runs/temporal-reset-20260909-restart-1600/temporal-reset/.specula-output/confirmation/CR-2/worktree/service/history/queues/active_standby_executor.go:121"}
    shared_cluster_t.go:72: 2026-09-10T01:23:32.602Z	debug	Assigning new task key	{"address": "127.0.0.1:38881", "cursor-timestamp": "2026-09-10T01:23:32.602Z", "queue-task-id": 1048612, "queue-task-type": "VisibilityDeleteExecution", "shard-id": 1, "timestamp": "2026-09-10T01:23:32.602Z", "wf-id": "TestWorkflowResetTestSuite/TestTraceReset_workflow_id", "wf-namespace-id": "7ec69340-d6d4-4cfc-8883-8c58979dec4d", "wf-run-id": "72ab1aa5-8987-455f-8d24-32e08e99ac94", "logging-call-at": "/home/ubuntu/temporal-investigation-20260909/overnight-20260909/specula-engine/runs/temporal-reset-20260909-restart-1600/temporal-reset/.specula-output/confirmation/CR-2/worktree/service/history/shard/task_key_generator.go:98"}
    shared_cluster_t.go:72: 2026-09-10T01:23:32.637Z	debug	routing key extraction: adding routing key to context	{"wf-id": "TestWorkflowResetTestSuite/TestTraceReset_workflow_id", "grpc-method": "/temporal.api.workflowservice.v1.WorkflowService/ResetWorkflowExecution", "logging-call-at": "/home/ubuntu/temporal-investigation-20260909/overnight-20260909/specula-engine/runs/temporal-reset-20260909-restart-1600/temporal-reset/.specula-output/confirmation/CR-2/worktree/common/rpc/interceptor/routing_key_interceptor.go:112"}
    shared_cluster_t.go:72: 2026-09-10T01:23:32.637Z	debug	Frontend method invoked.	{"wf-namespace": "TestWorkflowResetTestSuite-TestTraceReset-8d05e66a-46f2-4531-b6ae-1a4a2e8a883d", "operation": "ResetWorkflowExecution", "server-name": "", "cert-thumbprint": "", "logging-call-at": "/home/ubuntu/temporal-investigation-20260909/overnight-20260909/specula-engine/runs/temporal-reset-20260909-restart-1600/temporal-reset/.specula-output/confirmation/CR-2/worktree/common/rpc/interceptor/namespace_logger.go:53"}
    shared_cluster_t.go:72: 2026-09-10T01:23:32.639Z	debug	Workflow task updated	{"address": "127.0.0.1:38881", "attempt": 1, "shard-id": 1, "wf-id": "TestWorkflowResetTestSuite/TestTraceReset_workflow_id", "wf-namespace": "TestWorkflowResetTestSuite-TestTraceReset-8d05e66a-46f2-4531-b6ae-1a4a2e8a883d", "wf-run-id": "d678427e-1868-4e46-bc75-38d6e92d5b40", "wf-scheduled-event-id": 2, "wf-started-event-id": 0, "wf-started-timestamp": "0001-01-01T00:00:00.000Z", "workflow-task-request-id": "emptyUuid", "workflow-task-timeout": 60, "wt-type": "Normal", "logging-call-at": "/home/ubuntu/temporal-investigation-20260909/overnight-20260909/specula-engine/runs/temporal-reset-20260909-restart-1600/temporal-reset/.specula-output/confirmation/CR-2/worktree/common/log/lazy_logger.go:30"}
    shared_cluster_t.go:72: 2026-09-10T01:23:32.639Z	debug	Workflow task updated	{"address": "127.0.0.1:38881", "attempt": 1, "shard-id": 1, "wf-id": "TestWorkflowResetTestSuite/TestTraceReset_workflow_id", "wf-namespace": "TestWorkflowResetTestSuite-TestTraceReset-8d05e66a-46f2-4531-b6ae-1a4a2e8a883d", "wf-run-id": "d678427e-1868-4e46-bc75-38d6e92d5b40", "wf-scheduled-event-id": 2, "wf-started-event-id": 3, "wf-started-timestamp": "2026-09-10T01:23:27.504Z", "workflow-task-request-id": "f263ab0f-3cf4-4468-a3ae-10377fd1e79a", "workflow-task-timeout": 60, "wt-type": "Normal", "logging-call-at": "/home/ubuntu/temporal-investigation-20260909/overnight-20260909/specula-engine/runs/temporal-reset-20260909-restart-1600/temporal-reset/.specula-output/confirmation/CR-2/worktree/common/log/lazy_logger.go:30"}
    shared_cluster_t.go:72: 2026-09-10T01:23:32.639Z	debug	Workflow task updated	{"address": "127.0.0.1:38881", "attempt": 2, "shard-id": 1, "wf-id": "TestWorkflowResetTestSuite/TestTraceReset_workflow_id", "wf-namespace": "TestWorkflowResetTestSuite-TestTraceReset-8d05e66a-46f2-4531-b6ae-1a4a2e8a883d", "wf-run-id": "d678427e-1868-4e46-bc75-38d6e92d5b40", "wf-scheduled-event-id": 0, "wf-started-event-id": 0, "wf-started-timestamp": "1970-01-01T00:00:00.000Z", "workflow-task-request-id": "emptyUuid", "workflow-task-timeout": 0, "wt-type": "Unspecified", "logging-call-at": "/home/ubuntu/temporal-investigation-20260909/overnight-20260909/specula-engine/runs/temporal-reset-20260909-restart-1600/temporal-reset/.specula-output/confirmation/CR-2/worktree/common/log/lazy_logger.go:30"}
    shared_cluster_t.go:72: 2026-09-10T01:23:32.640Z	debug	Workflow task updated	{"address": "127.0.0.1:38881", "attempt": 1, "shard-id": 1, "wf-id": "TestWorkflowResetTestSuite/TestTraceReset_workflow_id", "wf-namespace": "TestWorkflowResetTestSuite-TestTraceReset-8d05e66a-46f2-4531-b6ae-1a4a2e8a883d", "wf-run-id": "d678427e-1868-4e46-bc75-38d6e92d5b40", "wf-scheduled-event-id": 5, "wf-started-event-id": 0, "wf-started-timestamp": "0001-01-01T00:00:00.000Z", "workflow-task-request-id": "emptyUuid", "workflow-task-timeout": 60, "wt-type": "Normal", "logging-call-at": "/home/ubuntu/temporal-investigation-20260909/overnight-20260909/specula-engine/runs/temporal-reset-20260909-restart-1600/temporal-reset/.specula-output/confirmation/CR-2/worktree/common/log/lazy_logger.go:30"}
    shared_cluster_t.go:72: 2026-09-10T01:23:32.640Z	debug	time skipping skipped for: time skipping is not enabled	{"address": "127.0.0.1:38881", "shard-id": 1, "wf-id": "TestWorkflowResetTestSuite/TestTraceReset_workflow_id", "wf-namespace": "TestWorkflowResetTestSuite-TestTraceReset-8d05e66a-46f2-4531-b6ae-1a4a2e8a883d", "wf-run-id": "d678427e-1868-4e46-bc75-38d6e92d5b40", "logging-call-at": "/home/ubuntu/temporal-investigation-20260909/overnight-20260909/specula-engine/runs/temporal-reset-20260909-restart-1600/temporal-reset/.specula-output/confirmation/CR-2/worktree/common/log/lazy_logger.go:30"}
    shared_cluster_t.go:72: 2026-09-10T01:23:32.640Z	debug	time skipping skipped for: time skipping is not enabled	{"address": "127.0.0.1:38881", "shard-id": 1, "wf-id": "TestWorkflowResetTestSuite/TestTraceReset_workflow_id", "wf-namespace": "TestWorkflowResetTestSuite-TestTraceReset-8d05e66a-46f2-4531-b6ae-1a4a2e8a883d", "wf-namespace-id": "7ec69340-d6d4-4cfc-8883-8c58979dec4d", "wf-run-id": "01a088e9-a06d-73f4-aed6-a90810466261", "logging-call-at": "/home/ubuntu/temporal-investigation-20260909/overnight-20260909/specula-engine/runs/temporal-reset-20260909-restart-1600/temporal-reset/.specula-output/confirmation/CR-2/worktree/common/log/lazy_logger.go:30"}
    shared_cluster_t.go:72: 2026-09-10T01:23:32.641Z	debug	Assigning new task key	{"address": "127.0.0.1:38881", "cursor-timestamp": "2026-09-10T01:23:33.602Z", "queue-task-id": 1048617, "queue-task-type": "WorkflowRunTimeout", "shard-id": 1, "timestamp": "2026-09-10T01:28:32.640Z", "wf-id": "TestWorkflowResetTestSuite/TestTraceReset_workflow_id", "wf-namespace-id": "7ec69340-d6d4-4cfc-8883-8c58979dec4d", "wf-run-id": "d678427e-1868-4e46-bc75-38d6e92d5b40", "logging-call-at": "/home/ubuntu/temporal-investigation-20260909/overnight-20260909/specula-engine/runs/temporal-reset-20260909-restart-1600/temporal-reset/.specula-output/confirmation/CR-2/worktree/service/history/shard/task_key_generator.go:98"}
    shared_cluster_t.go:72: 2026-09-10T01:23:32.641Z	debug	Assigning new task key	{"address": "127.0.0.1:38881", "cursor-timestamp": "2026-09-10T01:23:33.602Z", "queue-task-id": 1048618, "queue-task-type": "WorkflowTaskTimeout", "shard-id": 1, "timestamp": "2026-09-10T01:24:27.505Z", "wf-id": "TestWorkflowResetTestSuite/TestTraceReset_workflow_id", "wf-namespace-id": "7ec69340-d6d4-4cfc-8883-8c58979dec4d", "wf-run-id": "d678427e-1868-4e46-bc75-38d6e92d5b40", "logging-call-at": "/home/ubuntu/temporal-investigation-20260909/overnight-20260909/specula-engine/runs/temporal-reset-20260909-restart-1600/temporal-reset/.specula-output/confirmation/CR-2/worktree/service/history/shard/task_key_generator.go:98"}
    shared_cluster_t.go:72: 2026-09-10T01:23:32.641Z	debug	Assigning new task key	{"address": "127.0.0.1:38881", "cursor-timestamp": "2026-09-10T01:23:33.602Z", "queue-task-id": 1048619, "queue-task-type": "WorkflowRunTimeout", "shard-id": 1, "timestamp": "2026-09-10T01:28:32.640Z", "wf-id": "TestWorkflowResetTestSuite/TestTraceReset_workflow_id", "wf-namespace-id": "7ec69340-d6d4-4cfc-8883-8c58979dec4d", "wf-run-id": "d678427e-1868-4e46-bc75-38d6e92d5b40", "logging-call-at": "/home/ubuntu/temporal-investigation-20260909/overnight-20260909/specula-engine/runs/temporal-reset-20260909-restart-1600/temporal-reset/.specula-output/confirmation/CR-2/worktree/service/history/shard/task_key_generator.go:98"}
    shared_cluster_t.go:72: 2026-09-10T01:23:32.641Z	debug	Assigning new task key	{"address": "127.0.0.1:38881", "cursor-timestamp": "2026-09-10T01:23:33.602Z", "queue-task-id": 1048620, "queue-task-type": "VisibilityUpsertExecution", "shard-id": 1, "timestamp": "2026-09-10T01:23:32.641Z", "wf-id": "TestWorkflowResetTestSuite/TestTraceReset_workflow_id", "wf-namespace-id": "7ec69340-d6d4-4cfc-8883-8c58979dec4d", "wf-run-id": "d678427e-1868-4e46-bc75-38d6e92d5b40", "logging-call-at": "/home/ubuntu/temporal-investigation-20260909/overnight-20260909/specula-engine/runs/temporal-reset-20260909-restart-1600/temporal-reset/.specula-output/confirmation/CR-2/worktree/service/history/shard/task_key_generator.go:98"}
    shared_cluster_t.go:72: 2026-09-10T01:23:32.641Z	debug	Assigning new task key	{"address": "127.0.0.1:38881", "cursor-timestamp": "2026-09-10T01:23:33.602Z", "queue-task-id": 1048621, "queue-task-type": "TransferWorkflowTask", "shard-id": 1, "timestamp": "2026-09-10T01:23:32.641Z", "wf-id": "TestWorkflowResetTestSuite/TestTraceReset_workflow_id", "wf-namespace-id": "7ec69340-d6d4-4cfc-8883-8c58979dec4d", "wf-run-id": "d678427e-1868-4e46-bc75-38d6e92d5b40", "logging-call-at": "/home/ubuntu/temporal-investigation-20260909/overnight-20260909/specula-engine/runs/temporal-reset-20260909-restart-1600/temporal-reset/.specula-output/confirmation/CR-2/worktree/service/history/shard/task_key_generator.go:98"}
    shared_cluster_t.go:72: 2026-09-10T01:23:32.642Z	info	none	{"address": "127.0.0.1:38881", "component": "shard-context", "lifecycle": "Started", "shard-id": 1, "logging-call-at": "/home/ubuntu/temporal-investigation-20260909/overnight-20260909/specula-engine/runs/temporal-reset-20260909-restart-1600/temporal-reset/.specula-output/confirmation/CR-2/worktree/service/history/shard/context_impl.go:1764"}
    shared_cluster_t.go:72: 2026-09-10T01:23:32.642Z	error	Persistent store operation Failure	{"address": "127.0.0.1:38881", "error": "Specula: committed SQL metadata response withheld", "shard-id": 1, "store-operation": "create-wf-execution", "wf-id": "TestWorkflowResetTestSuite/TestTraceReset_workflow_id", "wf-namespace-id": "7ec69340-d6d4-4cfc-8883-8c58979dec4d", "wf-run-id": "d678427e-1868-4e46-bc75-38d6e92d5b40", "logging-call-at": "/home/ubuntu/temporal-investigation-20260909/overnight-20260909/specula-engine/runs/temporal-reset-20260909-restart-1600/temporal-reset/.specula-output/confirmation/CR-2/worktree/service/history/workflow/transaction_impl.go:381"}
        go.temporal.io/server/common/log.(*zapLogger).Error
        	/home/ubuntu/temporal-investigation-20260909/overnight-20260909/specula-engine/runs/temporal-reset-20260909-restart-1600/temporal-reset/.specula-output/confirmation/CR-2/worktree/common/log/zap_logger.go:191
        go.temporal.io/server/common/testing/testlogger.(*TestLogger).Error
        	/home/ubuntu/temporal-investigation-20260909/overnight-20260909/specula-engine/runs/temporal-reset-20260909-restart-1600/temporal-reset/.specula-output/confirmation/CR-2/worktree/common/testing/testlogger/testlogger.go:543
        go.temporal.io/server/service/history/workflow.createWorkflowExecution
        	/home/ubuntu/temporal-investigation-20260909/overnight-20260909/specula-engine/runs/temporal-reset-20260909-restart-1600/temporal-reset/.specula-output/confirmation/CR-2/worktree/service/history/workflow/transaction_impl.go:381
        go.temporal.io/server/service/history/workflow.(*TransactionImpl).CreateWorkflowExecution
        	/home/ubuntu/temporal-investigation-20260909/overnight-20260909/specula-engine/runs/temporal-reset-20260909-restart-1600/temporal-reset/.specula-output/confirmation/CR-2/worktree/service/history/workflow/transaction_impl.go:68
        go.temporal.io/server/service/history/ndc.(*workflowResetterImpl).persistToDB
        	/home/ubuntu/temporal-investigation-20260909/overnight-20260909/specula-engine/runs/temporal-reset-20260909-restart-1600/temporal-reset/.specula-output/confirmation/CR-2/worktree/service/history/ndc/workflow_resetter.go:420
        go.temporal.io/server/service/history/ndc.(*workflowResetterImpl).ResetWorkflow
        	/home/ubuntu/temporal-investigation-20260909/overnight-20260909/specula-engine/runs/temporal-reset-20260909-restart-1600/temporal-reset/.specula-output/confirmation/CR-2/worktree/service/history/ndc/workflow_resetter.go:276
        go.temporal.io/server/service/history/api/resetworkflow.Invoke
        	/home/ubuntu/temporal-investigation-20260909/overnight-20260909/specula-engine/runs/temporal-reset-20260909-restart-1600/temporal-reset/.specula-output/confirmation/CR-2/worktree/service/history/api/resetworkflow/api.go:200
        go.temporal.io/server/service/history.(*historyEngineImpl).ResetWorkflowExecution
        	/home/ubuntu/temporal-investigation-20260909/overnight-20260909/specula-engine/runs/temporal-reset-20260909-restart-1600/temporal-reset/.specula-output/confirmation/CR-2/worktree/service/history/history_engine.go:913
        go.temporal.io/server/service/history.(*Handler).ResetWorkflowExecution
        	/home/ubuntu/temporal-investigation-20260909/overnight-20260909/specula-engine/runs/temporal-reset-20260909-restart-1600/temporal-reset/.specula-output/confirmation/CR-2/worktree/service/history/handler.go:1147
        go.temporal.io/server/api/historyservice/v1._HistoryService_ResetWorkflowExecution_Handler.func1
        	/home/ubuntu/temporal-investigation-20260909/overnight-20260909/specula-engine/runs/temporal-reset-20260909-restart-1600/temporal-reset/.specula-output/confirmation/CR-2/worktree/api/historyservice/v1/service_grpc.pb.go:2032
        go.temporal.io/server/common/rpc/interceptor.(*RetryableInterceptor).Intercept.func1
        	/home/ubuntu/temporal-investigation-20260909/overnight-20260909/specula-engine/runs/temporal-reset-20260909-restart-1600/temporal-reset/.specula-output/confirmation/CR-2/worktree/common/rpc/interceptor/retry.go:38
        go.temporal.io/server/common/backoff.ThrottleRetryContext
        	/home/ubuntu/temporal-investigation-20260909/overnight-20260909/specula-engine/runs/temporal-reset-20260909-restart-1600/temporal-reset/.specula-output/confirmation/CR-2/worktree/common/backoff/retry.go:69
        go.temporal.io/server/common/rpc/interceptor.(*RetryableInterceptor).Intercept
        	/home/ubuntu/temporal-investigation-20260909/overnight-20260909/specula-engine/runs/temporal-reset-20260909-restart-1600/temporal-reset/.specula-output/confirmation/CR-2/worktree/common/rpc/interceptor/retry.go:42
        google.golang.org/grpc.getChainUnaryHandler.func1
        	/home/ubuntu/go/pkg/mod/google.golang.org/grpc@v1.82.1/server.go:1256
        go.temporal.io/server/common/rpc/grpcfaults.UnaryServerInterceptor.func1
        	/home/ubuntu/temporal-investigation-20260909/overnight-20260909/specula-engine/runs/temporal-reset-20260909-restart-1600/temporal-reset/.specula-output/confirmation/CR-2/worktree/common/rpc/grpcfaults/interceptor.go:31
        google.golang.org/grpc.getChainUnaryHandler.1
        	/home/ubuntu/go/pkg/mod/google.golang.org/grpc@v1.82.1/server.go:1256
        go.temporal.io/server/common/rpc/interceptor.(*ContextMetadataInterceptor).Intercept
        	/home/ubuntu/temporal-investigation-20260909/overnight-20260909/specula-engine/runs/temporal-reset-20260909-restart-1600/temporal-reset/.specula-output/confirmation/CR-2/worktree/common/rpc/interceptor/context_metadata_interceptor.go:56
        google.golang.org/grpc.getChainUnaryHandler.func1
        	/home/ubuntu/go/pkg/mod/google.golang.org/grpc@v1.82.1/server.go:1256
        go.temporal.io/server/common/rpc/interceptor.(*RateLimitInterceptor).Intercept
        	/home/ubuntu/temporal-investigation-20260909/overnight-20260909/specula-engine/runs/temporal-reset-20260909-restart-1600/temporal-reset/.specula-output/confirmation/CR-2/worktree/common/rpc/interceptor/rate_limit.go:64
        google.golang.org/grpc.getChainUnaryHandler.1
        	/home/ubuntu/go/pkg/mod/google.golang.org/grpc@v1.82.1/server.go:1256
        go.temporal.io/server/common/rpc/interceptor.(*NamespaceRateLimitInterceptorImpl).InterceptN
        	/home/ubuntu/temporal-investigation-20260909/overnight-20260909/specula-engine/runs/temporal-reset-20260909-restart-1600/temporal-reset/.specula-output/confirmation/CR-2/worktree/common/rpc/interceptor/namespace_rate_limit.go:143
        go.temporal.io/server/common/rpc/interceptor.(*NamespaceRateLimitInterceptorImpl).Intercept
        	/home/ubuntu/temporal-investigation-20260909/overnight-20260909/specula-engine/runs/temporal-reset-20260909-restart-1600/temporal-reset/.specula-output/confirmation/CR-2/worktree/common/rpc/interceptor/namespace_rate_limit.go:115
        google.golang.org/grpc.getChainUnaryHandler.func1
        	/home/ubuntu/go/pkg/mod/google.golang.org/grpc@v1.82.1/server.go:1256
        go.temporal.io/server/chasm.(*ChasmVisibilityInterceptor).Intercept
        	/home/ubuntu/temporal-investigation-20260909/overnight-20260909/specula-engine/runs/temporal-reset-20260909-restart-1600/temporal-reset/.specula-output/confirmation/CR-2/worktree/chasm/interceptors.go:60
        google.golang.org/grpc.getChainUnaryHandler.1
        	/home/ubuntu/go/pkg/mod/google.golang.org/grpc@v1.82.1/server.go:1256
        go.temporal.io/server/chasm.(*ChasmEngineInterceptor).Intercept
        	/home/ubuntu/temporal-investigation-20260909/overnight-20260909/specula-engine/runs/temporal-reset-20260909-restart-1600/temporal-reset/.specula-output/confirmation/CR-2/worktree/chasm/interceptors.go:32
        google.golang.org/grpc.getChainUnaryHandler.func1
        	/home/ubuntu/go/pkg/mod/google.golang.org/grpc@v1.82.1/server.go:1256
        go.temporal.io/server/common/rpc/interceptor.(*HealthCheckInterceptor).UnaryIntercept
        	/home/ubuntu/temporal-investigation-20260909/overnight-20260909/specula-engine/runs/temporal-reset-20260909-restart-1600/temporal-reset/.specula-output/confirmation/CR-2/worktree/common/rpc/interceptor/health_check.go:134
        google.golang.org/grpc.getChainUnaryHandler.1
        	/home/ubuntu/go/pkg/mod/google.golang.org/grpc@v1.82.1/server.go:1256
        go.temporal.io/server/common/rpc/interceptor.(*TelemetryInterceptor).UnaryIntercept
        	/home/ubuntu/temporal-investigation-20260909/overnight-20260909/specula-engine/runs/temporal-reset-20260909-restart-1600/temporal-reset/.specula-output/confirmation/CR-2/worktree/common/rpc/interceptor/telemetry.go:184
        google.golang.org/grpc.getChainUnaryHandler.func1
        	/home/ubuntu/go/pkg/mod/google.golang.org/grpc@v1.82.1/server.go:1256
        go.temporal.io/server/common/metrics.NewServerMetricsTrailerPropagatorInterceptor.func1
        	/home/ubuntu/temporal-investigation-20260909/overnight-20260909/specula-engine/runs/temporal-reset-20260909-restart-1600/temporal-reset/.specula-output/confirmation/CR-2/worktree/common/metrics/grpc.go:89
        google.golang.org/grpc.getChainUnaryHandler.1
        	/home/ubuntu/go/pkg/mod/google.golang.org/grpc@v1.82.1/server.go:1256
        go.temporal.io/server/common/metrics.NewServerMetricsContextInjectorInterceptor.func1
        	/home/ubuntu/temporal-investigation-20260909/overnight-20260909/specula-engine/runs/temporal-reset-20260909-restart-1600/temporal-reset/.specula-output/confirmation/CR-2/worktree/common/metrics/grpc.go:42
        google.golang.org/grpc.getChainUnaryHandler.func1
        	/home/ubuntu/go/pkg/mod/google.golang.org/grpc@v1.82.1/server.go:1256
        go.temporal.io/server/common/rpc/interceptor.(*ServiceErrorInterceptor).capturePanicHandler
        	/home/ubuntu/temporal-investigation-20260909/overnight-20260909/specula-engine/runs/temporal-reset-20260909-restart-1600/temporal-reset/.specula-output/confirmation/CR-2/worktree/common/rpc/interceptor/service_error_interceptor.go:72
        go.temporal.io/server/common/rpc/interceptor.(*ServiceErrorInterceptor).Intercept
        	/home/ubuntu/temporal-investigation-20260909/overnight-20260909/specula-engine/runs/temporal-reset-20260909-restart-1600/temporal-reset/.specula-output/confirmation/CR-2/worktree/common/rpc/interceptor/service_error_interceptor.go:45
        google.golang.org/grpc.chainUnaryInterceptors.func1
        	/home/ubuntu/go/pkg/mod/google.golang.org/grpc@v1.82.1/server.go:1247
        go.temporal.io/server/api/historyservice/v1._HistoryService_ResetWorkflowExecution_Handler
        	/home/ubuntu/temporal-investigation-20260909/overnight-20260909/specula-engine/runs/temporal-reset-20260909-restart-1600/temporal-reset/.specula-output/confirmation/CR-2/worktree/api/historyservice/v1/service_grpc.pb.go:2034
        google.golang.org/grpc.(*Server).processUnaryRPC
        	/home/ubuntu/go/pkg/mod/google.golang.org/grpc@v1.82.1/server.go:1443
        google.golang.org/grpc.(*Server).handleStream
        	/home/ubuntu/go/pkg/mod/google.golang.org/grpc@v1.82.1/server.go:1858
        google.golang.org/grpc.(*Server).serveStreams.func2.1
        	/home/ubuntu/go/pkg/mod/google.golang.org/grpc@v1.82.1/server.go:1078
    shared_cluster_t.go:72: 2026-09-10T01:23:32.643Z	info	Range updated for shardID	{"address": "127.0.0.1:38881", "previous-shard-range-id": 1, "shard-id": 1, "shard-range-id": 2, "logging-call-at": "/home/ubuntu/temporal-investigation-20260909/overnight-20260909/specula-engine/runs/temporal-reset-20260909-restart-1600/temporal-reset/.specula-output/confirmation/CR-2/worktree/service/history/shard/context_impl.go:1241"}
    shared_cluster_t.go:72: 2026-09-10T01:23:32.643Z	info	Task key range updated	{"address": "127.0.0.1:38881", "next-number": 3145728, "number": 2097152, "shard-id": 1, "logging-call-at": "/home/ubuntu/temporal-investigation-20260909/overnight-20260909/specula-engine/runs/temporal-reset-20260909-restart-1600/temporal-reset/.specula-output/confirmation/CR-2/worktree/service/history/shard/task_key_generator.go:155"}
    shared_cluster_t.go:72: 2026-09-10T01:23:32.643Z	info	Acquired shard	{"address": "127.0.0.1:38881", "shard-id": 1, "logging-call-at": "/home/ubuntu/temporal-investigation-20260909/overnight-20260909/specula-engine/runs/temporal-reset-20260909-restart-1600/temporal-reset/.specula-output/confirmation/CR-2/worktree/service/history/shard/context_impl.go:2129"}
    shared_cluster_t.go:72: 2026-09-10T01:23:32.643Z	debug	Process task as active.	{"address": "127.0.0.1:38881", "component": "transfer-queue-processor", "shard-id": 1, "value": "WorkflowTask{WorkflowKey: 7ec69340-d6d4-4cfc-8883-8c58979dec4d/TestWorkflowResetTestSuite/TestTraceReset_workflow_id/d678427e-1868-4e46-bc75-38d6e92d5b40, VisibilityTimestamp: 2026-09-10 01:23:32.64171519 +0000 UTC, TaskID: 1048621, TaskQueue: TestWorkflowResetTestSuite/TestTraceReset_task_queue, ScheduledEventID: 5, Version: 0}", "wf-namespace-id": "7ec69340-d6d4-4cfc-8883-8c58979dec4d", "logging-call-at": "/home/ubuntu/temporal-investigation-20260909/overnight-20260909/specula-engine/runs/temporal-reset-20260909-restart-1600/temporal-reset/.specula-output/confirmation/CR-2/worktree/service/history/queues/active_standby_executor.go:121"}
    shared_cluster_t.go:72: 2026-09-10T01:23:32.646Z	debug	Frontend method invoked.	{"wf-namespace": "", "operation": "CloseShard", "server-name": "", "cert-thumbprint": "", "logging-call-at": "/home/ubuntu/temporal-investigation-20260909/overnight-20260909/specula-engine/runs/temporal-reset-20260909-restart-1600/temporal-reset/.specula-output/confirmation/CR-2/worktree/common/rpc/interceptor/namespace_logger.go:53"}
    shared_cluster_t.go:72: 2026-09-10T01:23:32.646Z	info	none	{"address": "127.0.0.1:38881", "component": "shard-controller", "numShards": 0, "logging-call-at": "/home/ubuntu/temporal-investigation-20260909/overnight-20260909/specula-engine/runs/temporal-reset-20260909-restart-1600/temporal-reset/.specula-output/confirmation/CR-2/worktree/service/history/shard/controller_impl.go:288"}
    shared_cluster_t.go:72: 2026-09-10T01:23:32.646Z	info	none	{"address": "127.0.0.1:38881", "component": "shard-context", "lifecycle": "Stopped", "shard-id": 1, "logging-call-at": "/home/ubuntu/temporal-investigation-20260909/overnight-20260909/specula-engine/runs/temporal-reset-20260909-restart-1600/temporal-reset/.specula-output/confirmation/CR-2/worktree/service/history/shard/context_impl.go:1783"}
    shared_cluster_t.go:72: 2026-09-10T01:23:32.646Z	info	none	{"address": "127.0.0.1:38881", "component": "shard-engine", "lifecycle": "Stopping", "shard-id": 1, "logging-call-at": "/home/ubuntu/temporal-investigation-20260909/overnight-20260909/specula-engine/runs/temporal-reset-20260909-restart-1600/temporal-reset/.specula-output/confirmation/CR-2/worktree/service/history/shard/context_impl.go:1631"}
    shared_cluster_t.go:72: 2026-09-10T01:23:32.646Z	info	none	{"address": "127.0.0.1:38881", "component": "history-engine", "lifecycle": "Stopping", "shard-id": 1, "logging-call-at": "/home/ubuntu/temporal-investigation-20260909/overnight-20260909/specula-engine/runs/temporal-reset-20260909-restart-1600/temporal-reset/.specula-output/confirmation/CR-2/worktree/service/history/history_engine.go:407"}
    shared_cluster_t.go:72: 2026-09-10T01:23:32.646Z	info	none	{"address": "127.0.0.1:38881", "component": "visibility-queue-processor", "lifecycle": "Stopping", "shard-id": 1, "logging-call-at": "/home/ubuntu/temporal-investigation-20260909/overnight-20260909/specula-engine/runs/temporal-reset-20260909-restart-1600/temporal-reset/.specula-output/confirmation/CR-2/worktree/service/history/queues/queue_immediate.go:112"}
    shared_cluster_t.go:72: 2026-09-10T01:23:32.646Z	info	queue reader stopped	{"address": "127.0.0.1:38881", "component": "visibility-queue-processor", "lifecycle": "Stopped", "queue-reader-id": 0, "shard-id": 1, "logging-call-at": "/home/ubuntu/temporal-investigation-20260909/overnight-20260909/specula-engine/runs/temporal-reset-20260909-restart-1600/temporal-reset/.specula-output/confirmation/CR-2/worktree/service/history/queues/reader.go:177"}
    shared_cluster_t.go:72: 2026-09-10T01:23:32.646Z	info	Task rescheduler stopped.	{"address": "127.0.0.1:38881", "component": "visibility-queue-processor", "lifecycle": "Stopped", "shard-id": 1, "logging-call-at": "/home/ubuntu/temporal-investigation-20260909/overnight-20260909/specula-engine/runs/temporal-reset-20260909-restart-1600/temporal-reset/.specula-output/confirmation/CR-2/worktree/service/history/queues/rescheduler.go:117"}
    shared_cluster_t.go:72: 2026-09-10T01:23:32.646Z	info	none	{"address": "127.0.0.1:38881", "component": "visibility-queue-processor", "lifecycle": "Stopped", "shard-id": 1, "logging-call-at": "/home/ubuntu/temporal-investigation-20260909/overnight-20260909/specula-engine/runs/temporal-reset-20260909-restart-1600/temporal-reset/.specula-output/confirmation/CR-2/worktree/service/history/queues/queue_immediate.go:122"}
    shared_cluster_t.go:72: 2026-09-10T01:23:32.646Z	info	none	{"address": "127.0.0.1:38881", "component": "transfer-queue-processor", "lifecycle": "Stopping", "shard-id": 1, "logging-call-at": "/home/ubuntu/temporal-investigation-20260909/overnight-20260909/specula-engine/runs/temporal-reset-20260909-restart-1600/temporal-reset/.specula-output/confirmation/CR-2/worktree/service/history/queues/queue_immediate.go:112"}
    shared_cluster_t.go:72: 2026-09-10T01:23:32.646Z	info	queue reader stopped	{"address": "127.0.0.1:38881", "component": "transfer-queue-processor", "lifecycle": "Stopped", "queue-reader-id": 0, "shard-id": 1, "logging-call-at": "/home/ubuntu/temporal-investigation-20260909/overnight-20260909/specula-engine/runs/temporal-reset-20260909-restart-1600/temporal-reset/.specula-output/confirmation/CR-2/worktree/service/history/queues/reader.go:177"}
    shared_cluster_t.go:72: 2026-09-10T01:23:32.646Z	info	Task rescheduler stopped.	{"address": "127.0.0.1:38881", "component": "transfer-queue-processor", "lifecycle": "Stopped", "shard-id": 1, "logging-call-at": "/home/ubuntu/temporal-investigation-20260909/overnight-20260909/specula-engine/runs/temporal-reset-20260909-restart-1600/temporal-reset/.specula-output/confirmation/CR-2/worktree/service/history/queues/rescheduler.go:117"}
    shared_cluster_t.go:72: 2026-09-10T01:23:32.646Z	info	none	{"address": "127.0.0.1:38881", "component": "transfer-queue-processor", "lifecycle": "Stopped", "shard-id": 1, "logging-call-at": "/home/ubuntu/temporal-investigation-20260909/overnight-20260909/specula-engine/runs/temporal-reset-20260909-restart-1600/temporal-reset/.specula-output/confirmation/CR-2/worktree/service/history/queues/queue_immediate.go:122"}
    shared_cluster_t.go:72: 2026-09-10T01:23:32.646Z	info	none	{"address": "127.0.0.1:38881", "component": "outbound-queue-processor", "lifecycle": "Stopping", "shard-id": 1, "logging-call-at": "/home/ubuntu/temporal-investigation-20260909/overnight-20260909/specula-engine/runs/temporal-reset-20260909-restart-1600/temporal-reset/.specula-output/confirmation/CR-2/worktree/service/history/queues/queue_immediate.go:112"}
    shared_cluster_t.go:72: 2026-09-10T01:23:32.646Z	info	queue reader stopped	{"address": "127.0.0.1:38881", "component": "outbound-queue-processor", "lifecycle": "Stopped", "queue-reader-id": 0, "shard-id": 1, "logging-call-at": "/home/ubuntu/temporal-investigation-20260909/overnight-20260909/specula-engine/runs/temporal-reset-20260909-restart-1600/temporal-reset/.specula-output/confirmation/CR-2/worktree/service/history/queues/reader.go:177"}
    shared_cluster_t.go:72: 2026-09-10T01:23:32.646Z	info	Task rescheduler stopped.	{"address": "127.0.0.1:38881", "component": "outbound-queue-processor", "lifecycle": "Stopped", "shard-id": 1, "logging-call-at": "/home/ubuntu/temporal-investigation-20260909/overnight-20260909/specula-engine/runs/temporal-reset-20260909-restart-1600/temporal-reset/.specula-output/confirmation/CR-2/worktree/service/history/queues/rescheduler.go:117"}
    shared_cluster_t.go:72: 2026-09-10T01:23:32.647Z	info	none	{"address": "127.0.0.1:38881", "component": "outbound-queue-processor", "lifecycle": "Stopped", "shard-id": 1, "logging-call-at": "/home/ubuntu/temporal-investigation-20260909/overnight-20260909/specula-engine/runs/temporal-reset-20260909-restart-1600/temporal-reset/.specula-output/confirmation/CR-2/worktree/service/history/queues/queue_immediate.go:122"}
    shared_cluster_t.go:72: 2026-09-10T01:23:32.647Z	info	none	{"address": "127.0.0.1:38881", "component": "timer-queue-processor", "lifecycle": "Stopping", "shard-id": 1, "logging-call-at": "/home/ubuntu/temporal-investigation-20260909/overnight-20260909/specula-engine/runs/temporal-reset-20260909-restart-1600/temporal-reset/.specula-output/confirmation/CR-2/worktree/service/history/queues/queue_scheduled.go:146"}
    shared_cluster_t.go:72: 2026-09-10T01:23:32.647Z	info	queue reader stopped	{"address": "127.0.0.1:38881", "component": "timer-queue-processor", "lifecycle": "Stopped", "queue-reader-id": 0, "shard-id": 1, "logging-call-at": "/home/ubuntu/temporal-investigation-20260909/overnight-20260909/specula-engine/runs/temporal-reset-20260909-restart-1600/temporal-reset/.specula-output/confirmation/CR-2/worktree/service/history/queues/reader.go:177"}
    shared_cluster_t.go:72: 2026-09-10T01:23:32.647Z	info	Task rescheduler stopped.	{"address": "127.0.0.1:38881", "component": "timer-queue-processor", "lifecycle": "Stopped", "shard-id": 1, "logging-call-at": "/home/ubuntu/temporal-investigation-20260909/overnight-20260909/specula-engine/runs/temporal-reset-20260909-restart-1600/temporal-reset/.specula-output/confirmation/CR-2/worktree/service/history/queues/rescheduler.go:117"}
    shared_cluster_t.go:72: 2026-09-10T01:23:32.647Z	info	none	{"address": "127.0.0.1:38881", "component": "timer-queue-processor", "lifecycle": "Stopped", "shard-id": 1, "logging-call-at": "/home/ubuntu/temporal-investigation-20260909/overnight-20260909/specula-engine/runs/temporal-reset-20260909-restart-1600/temporal-reset/.specula-output/confirmation/CR-2/worktree/service/history/queues/queue_scheduled.go:157"}
    shared_cluster_t.go:72: 2026-09-10T01:23:32.647Z	info	none	{"component": "memory-scheduled-queue-processor", "lifecycle": "Stopping", "service": "history", "logging-call-at": "/home/ubuntu/temporal-investigation-20260909/overnight-20260909/specula-engine/runs/temporal-reset-20260909-restart-1600/temporal-reset/.specula-output/confirmation/CR-2/worktree/service/history/queues/memory_scheduled_queue.go:91"}
    shared_cluster_t.go:72: 2026-09-10T01:23:32.647Z	info	none	{"component": "memory-scheduled-queue-processor", "lifecycle": "Stopped", "service": "history", "logging-call-at": "/home/ubuntu/temporal-investigation-20260909/overnight-20260909/specula-engine/runs/temporal-reset-20260909-restart-1600/temporal-reset/.specula-output/confirmation/CR-2/worktree/service/history/queues/memory_scheduled_queue.go:99"}
    shared_cluster_t.go:72: 2026-09-10T01:23:32.647Z	info	none	{"address": "127.0.0.1:38881", "component": "history-engine", "lifecycle": "Stopped", "shard-id": 1, "logging-call-at": "/home/ubuntu/temporal-investigation-20260909/overnight-20260909/specula-engine/runs/temporal-reset-20260909-restart-1600/temporal-reset/.specula-output/confirmation/CR-2/worktree/service/history/history_engine.go:416"}
    shared_cluster_t.go:72: 2026-09-10T01:23:32.647Z	info	none	{"address": "127.0.0.1:38881", "component": "shard-engine", "lifecycle": "Stopped", "shard-id": 1, "logging-call-at": "/home/ubuntu/temporal-investigation-20260909/overnight-20260909/specula-engine/runs/temporal-reset-20260909-restart-1600/temporal-reset/.specula-output/confirmation/CR-2/worktree/service/history/shard/context_impl.go:1633"}
    shared_cluster_t.go:72: 2026-09-10T01:23:32.647Z	debug	finalizer starting	{"address": "127.0.0.1:38881", "items": 4, "shard-id": 1, "timeout": 2, "logging-call-at": "/home/ubuntu/temporal-investigation-20260909/overnight-20260909/specula-engine/runs/temporal-reset-20260909-restart-1600/temporal-reset/.specula-output/confirmation/CR-2/worktree/common/finalizer/finalizer.go:108"}
    shared_cluster_t.go:72: 2026-09-10T01:23:32.647Z	debug	finalizer completed	{"address": "127.0.0.1:38881", "completed": 4, "shard-id": 1, "logging-call-at": "/home/ubuntu/temporal-investigation-20260909/overnight-20260909/specula-engine/runs/temporal-reset-20260909-restart-1600/temporal-reset/.specula-output/confirmation/CR-2/worktree/common/finalizer/finalizer.go:152"}
    shared_cluster_t.go:72: 2026-09-10T01:23:32.647Z	debug	routing key extraction: adding routing key to context	{"wf-id": "TestWorkflowResetTestSuite/TestTraceReset_workflow_id", "grpc-method": "/temporal.api.workflowservice.v1.WorkflowService/DescribeWorkflowExecution", "logging-call-at": "/home/ubuntu/temporal-investigation-20260909/overnight-20260909/specula-engine/runs/temporal-reset-20260909-restart-1600/temporal-reset/.specula-output/confirmation/CR-2/worktree/common/rpc/interceptor/routing_key_interceptor.go:112"}
    shared_cluster_t.go:72: 2026-09-10T01:23:32.647Z	debug	Frontend method invoked.	{"wf-namespace": "TestWorkflowResetTestSuite-TestTraceReset-8d05e66a-46f2-4531-b6ae-1a4a2e8a883d", "operation": "DescribeWorkflowExecution", "server-name": "", "cert-thumbprint": "", "logging-call-at": "/home/ubuntu/temporal-investigation-20260909/overnight-20260909/specula-engine/runs/temporal-reset-20260909-restart-1600/temporal-reset/.specula-output/confirmation/CR-2/worktree/common/rpc/interceptor/namespace_logger.go:53"}
    shared_cluster_t.go:72: 2026-09-10T01:23:32.647Z	info	none	{"address": "127.0.0.1:38881", "component": "shard-context", "lifecycle": "Started", "shard-id": 1, "logging-call-at": "/home/ubuntu/temporal-investigation-20260909/overnight-20260909/specula-engine/runs/temporal-reset-20260909-restart-1600/temporal-reset/.specula-output/confirmation/CR-2/worktree/service/history/shard/context_impl.go:1764"}
    shared_cluster_t.go:72: 2026-09-10T01:23:32.647Z	info	none	{"address": "127.0.0.1:38881", "component": "shard-controller", "numShards": 1, "logging-call-at": "/home/ubuntu/temporal-investigation-20260909/overnight-20260909/specula-engine/runs/temporal-reset-20260909-restart-1600/temporal-reset/.specula-output/confirmation/CR-2/worktree/service/history/shard/controller_impl.go:265"}
    shared_cluster_t.go:72: 2026-09-10T01:23:32.648Z	info	Range updated for shardID	{"address": "127.0.0.1:38881", "previous-shard-range-id": 2, "shard-id": 1, "shard-range-id": 3, "logging-call-at": "/home/ubuntu/temporal-investigation-20260909/overnight-20260909/specula-engine/runs/temporal-reset-20260909-restart-1600/temporal-reset/.specula-output/confirmation/CR-2/worktree/service/history/shard/context_impl.go:1241"}
    shared_cluster_t.go:72: 2026-09-10T01:23:32.648Z	info	Task key range updated	{"address": "127.0.0.1:38881", "next-number": 4194304, "number": 3145728, "shard-id": 1, "logging-call-at": "/home/ubuntu/temporal-investigation-20260909/overnight-20260909/specula-engine/runs/temporal-reset-20260909-restart-1600/temporal-reset/.specula-output/confirmation/CR-2/worktree/service/history/shard/task_key_generator.go:155"}
    shared_cluster_t.go:72: 2026-09-10T01:23:32.648Z	info	Acquired shard	{"address": "127.0.0.1:38881", "shard-id": 1, "logging-call-at": "/home/ubuntu/temporal-investigation-20260909/overnight-20260909/specula-engine/runs/temporal-reset-20260909-restart-1600/temporal-reset/.specula-output/confirmation/CR-2/worktree/service/history/shard/context_impl.go:2129"}
    shared_cluster_t.go:72: 2026-09-10T01:23:32.648Z	info	none	{"address": "127.0.0.1:38881", "component": "shard-engine", "lifecycle": "Starting", "shard-id": 1, "logging-call-at": "/home/ubuntu/temporal-investigation-20260909/overnight-20260909/specula-engine/runs/temporal-reset-20260909-restart-1600/temporal-reset/.specula-output/confirmation/CR-2/worktree/service/history/shard/context_impl.go:1604"}
    shared_cluster_t.go:72: 2026-09-10T01:23:32.648Z	info	none	{"address": "127.0.0.1:38881", "component": "history-engine", "lifecycle": "Starting", "shard-id": 1, "logging-call-at": "/home/ubuntu/temporal-investigation-20260909/overnight-20260909/specula-engine/runs/temporal-reset-20260909-restart-1600/temporal-reset/.specula-output/confirmation/CR-2/worktree/service/history/history_engine.go:386"}
    shared_cluster_t.go:72: 2026-09-10T01:23:32.648Z	info	none	{"component": "memory-scheduled-queue-processor", "lifecycle": "Starting", "service": "history", "logging-call-at": "/home/ubuntu/temporal-investigation-20260909/overnight-20260909/specula-engine/runs/temporal-reset-20260909-restart-1600/temporal-reset/.specula-output/confirmation/CR-2/worktree/service/history/queues/memory_scheduled_queue.go:79"}
    shared_cluster_t.go:72: 2026-09-10T01:23:32.648Z	info	none	{"component": "memory-scheduled-queue-processor", "lifecycle": "Started", "service": "history", "logging-call-at": "/home/ubuntu/temporal-investigation-20260909/overnight-20260909/specula-engine/runs/temporal-reset-20260909-restart-1600/temporal-reset/.specula-output/confirmation/CR-2/worktree/service/history/queues/memory_scheduled_queue.go:84"}
    shared_cluster_t.go:72: 2026-09-10T01:23:32.648Z	info	none	{"address": "127.0.0.1:38881", "component": "visibility-queue-processor", "lifecycle": "Starting", "shard-id": 1, "logging-call-at": "/home/ubuntu/temporal-investigation-20260909/overnight-20260909/specula-engine/runs/temporal-reset-20260909-restart-1600/temporal-reset/.specula-output/confirmation/CR-2/worktree/service/history/queues/queue_immediate.go:96"}
    shared_cluster_t.go:72: 2026-09-10T01:23:32.648Z	info	Task rescheduler started.	{"address": "127.0.0.1:38881", "component": "visibility-queue-processor", "lifecycle": "Started", "shard-id": 1, "logging-call-at": "/home/ubuntu/temporal-investigation-20260909/overnight-20260909/specula-engine/runs/temporal-reset-20260909-restart-1600/temporal-reset/.specula-output/confirmation/CR-2/worktree/service/history/queues/rescheduler.go:102"}
    shared_cluster_t.go:72: 2026-09-10T01:23:32.648Z	info	none	{"address": "127.0.0.1:38881", "component": "visibility-queue-processor", "lifecycle": "Started", "shard-id": 1, "logging-call-at": "/home/ubuntu/temporal-investigation-20260909/overnight-20260909/specula-engine/runs/temporal-reset-20260909-restart-1600/temporal-reset/.specula-output/confirmation/CR-2/worktree/service/history/queues/queue_immediate.go:105"}
    shared_cluster_t.go:72: 2026-09-10T01:23:32.648Z	info	none	{"address": "127.0.0.1:38881", "component": "transfer-queue-processor", "lifecycle": "Starting", "shard-id": 1, "logging-call-at": "/home/ubuntu/temporal-investigation-20260909/overnight-20260909/specula-engine/runs/temporal-reset-20260909-restart-1600/temporal-reset/.specula-output/confirmation/CR-2/worktree/service/history/queues/queue_immediate.go:96"}
    shared_cluster_t.go:72: 2026-09-10T01:23:32.648Z	info	Task rescheduler started.	{"address": "127.0.0.1:38881", "component": "transfer-queue-processor", "lifecycle": "Started", "shard-id": 1, "logging-call-at": "/home/ubuntu/temporal-investigation-20260909/overnight-20260909/specula-engine/runs/temporal-reset-20260909-restart-1600/temporal-reset/.specula-output/confirmation/CR-2/worktree/service/history/queues/rescheduler.go:102"}
    shared_cluster_t.go:72: 2026-09-10T01:23:32.648Z	info	queue reader started	{"address": "127.0.0.1:38881", "component": "transfer-queue-processor", "lifecycle": "Started", "queue-reader-id": 0, "shard-id": 1, "logging-call-at": "/home/ubuntu/temporal-investigation-20260909/overnight-20260909/specula-engine/runs/temporal-reset-20260909-restart-1600/temporal-reset/.specula-output/confirmation/CR-2/worktree/service/history/queues/reader.go:158"}
    shared_cluster_t.go:72: 2026-09-10T01:23:32.648Z	info	none	{"address": "127.0.0.1:38881", "component": "transfer-queue-processor", "lifecycle": "Started", "shard-id": 1, "logging-call-at": "/home/ubuntu/temporal-investigation-20260909/overnight-20260909/specula-engine/runs/temporal-reset-20260909-restart-1600/temporal-reset/.specula-output/confirmation/CR-2/worktree/service/history/queues/queue_immediate.go:105"}
    shared_cluster_t.go:72: 2026-09-10T01:23:32.648Z	info	none	{"address": "127.0.0.1:38881", "component": "outbound-queue-processor", "lifecycle": "Starting", "shard-id": 1, "logging-call-at": "/home/ubuntu/temporal-investigation-20260909/overnight-20260909/specula-engine/runs/temporal-reset-20260909-restart-1600/temporal-reset/.specula-output/confirmation/CR-2/worktree/service/history/queues/queue_immediate.go:96"}
    shared_cluster_t.go:72: 2026-09-10T01:23:32.648Z	error	Queue reader unable to retrieve tasks	{"address": "127.0.0.1:38881", "component": "transfer-queue-processor", "error": "shard status unknown", "queue-reader-id": 0, "shard-id": 1, "logging-call-at": "/home/ubuntu/temporal-investigation-20260909/overnight-20260909/specula-engine/runs/temporal-reset-20260909-restart-1600/temporal-reset/.specula-output/confirmation/CR-2/worktree/service/history/queues/reader.go:457"}
        go.temporal.io/server/common/log.(*zapLogger).Error
        	/home/ubuntu/temporal-investigation-20260909/overnight-20260909/specula-engine/runs/temporal-reset-20260909-restart-1600/temporal-reset/.specula-output/confirmation/CR-2/worktree/common/log/zap_logger.go:191
        go.temporal.io/server/common/testing/testlogger.(*TestLogger).Error
        	/home/ubuntu/temporal-investigation-20260909/overnight-20260909/specula-engine/runs/temporal-reset-20260909-restart-1600/temporal-reset/.specula-output/confirmation/CR-2/worktree/common/testing/testlogger/testlogger.go:543
        go.temporal.io/server/service/history/queues.(*ReaderImpl).loadAndSubmitTasks
        	/home/ubuntu/temporal-investigation-20260909/overnight-20260909/specula-engine/runs/temporal-reset-20260909-restart-1600/temporal-reset/.specula-output/confirmation/CR-2/worktree/service/history/queues/reader.go:457
        go.temporal.io/server/service/history/queues.(*ReaderImpl).eventLoop
        	/home/ubuntu/temporal-investigation-20260909/overnight-20260909/specula-engine/runs/temporal-reset-20260909-restart-1600/temporal-reset/.specula-output/confirmation/CR-2/worktree/service/history/queues/reader.go:422
    shared_cluster_t.go:72: 2026-09-10T01:23:32.648Z	info	Task rescheduler started.	{"address": "127.0.0.1:38881", "component": "outbound-queue-processor", "lifecycle": "Started", "shard-id": 1, "logging-call-at": "/home/ubuntu/temporal-investigation-20260909/overnight-20260909/specula-engine/runs/temporal-reset-20260909-restart-1600/temporal-reset/.specula-output/confirmation/CR-2/worktree/service/history/queues/rescheduler.go:102"}
    shared_cluster_t.go:72: 2026-09-10T01:23:32.648Z	info	queue reader started	{"address": "127.0.0.1:38881", "component": "visibility-queue-processor", "lifecycle": "Started", "queue-reader-id": 0, "shard-id": 1, "logging-call-at": "/home/ubuntu/temporal-investigation-20260909/overnight-20260909/specula-engine/runs/temporal-reset-20260909-restart-1600/temporal-reset/.specula-output/confirmation/CR-2/worktree/service/history/queues/reader.go:158"}
    shared_cluster_t.go:72: 2026-09-10T01:23:32.648Z	error	Queue reader unable to retrieve tasks	{"address": "127.0.0.1:38881", "component": "visibility-queue-processor", "error": "shard status unknown", "queue-reader-id": 0, "shard-id": 1, "logging-call-at": "/home/ubuntu/temporal-investigation-20260909/overnight-20260909/specula-engine/runs/temporal-reset-20260909-restart-1600/temporal-reset/.specula-output/confirmation/CR-2/worktree/service/history/queues/reader.go:457"}
        go.temporal.io/server/common/log.(*zapLogger).Error
        	/home/ubuntu/temporal-investigation-20260909/overnight-20260909/specula-engine/runs/temporal-reset-20260909-restart-1600/temporal-reset/.specula-output/confirmation/CR-2/worktree/common/log/zap_logger.go:191
        go.temporal.io/server/common/testing/testlogger.(*TestLogger).Error
        	/home/ubuntu/temporal-investigation-20260909/overnight-20260909/specula-engine/runs/temporal-reset-20260909-restart-1600/temporal-reset/.specula-output/confirmation/CR-2/worktree/common/testing/testlogger/testlogger.go:543
        go.temporal.io/server/service/history/queues.(*ReaderImpl).loadAndSubmitTasks
        	/home/ubuntu/temporal-investigation-20260909/overnight-20260909/specula-engine/runs/temporal-reset-20260909-restart-1600/temporal-reset/.specula-output/confirmation/CR-2/worktree/service/history/queues/reader.go:457
        go.temporal.io/server/service/history/queues.(*ReaderImpl).eventLoop
        	/home/ubuntu/temporal-investigation-20260909/overnight-20260909/specula-engine/runs/temporal-reset-20260909-restart-1600/temporal-reset/.specula-output/confirmation/CR-2/worktree/service/history/queues/reader.go:422
    shared_cluster_t.go:72: 2026-09-10T01:23:32.648Z	info	none	{"address": "127.0.0.1:38881", "component": "outbound-queue-processor", "lifecycle": "Started", "shard-id": 1, "logging-call-at": "/home/ubuntu/temporal-investigation-20260909/overnight-20260909/specula-engine/runs/temporal-reset-20260909-restart-1600/temporal-reset/.specula-output/confirmation/CR-2/worktree/service/history/queues/queue_immediate.go:105"}
    shared_cluster_t.go:72: 2026-09-10T01:23:32.648Z	info	none	{"address": "127.0.0.1:38881", "component": "timer-queue-processor", "lifecycle": "Starting", "shard-id": 1, "logging-call-at": "/home/ubuntu/temporal-investigation-20260909/overnight-20260909/specula-engine/runs/temporal-reset-20260909-restart-1600/temporal-reset/.specula-output/confirmation/CR-2/worktree/service/history/queues/queue_scheduled.go:130"}
    shared_cluster_t.go:72: 2026-09-10T01:23:32.648Z	info	Task rescheduler started.	{"address": "127.0.0.1:38881", "component": "timer-queue-processor", "lifecycle": "Started", "shard-id": 1, "logging-call-at": "/home/ubuntu/temporal-investigation-20260909/overnight-20260909/specula-engine/runs/temporal-reset-20260909-restart-1600/temporal-reset/.specula-output/confirmation/CR-2/worktree/service/history/queues/rescheduler.go:102"}
    shared_cluster_t.go:72: 2026-09-10T01:23:32.648Z	info	queue reader started	{"address": "127.0.0.1:38881", "component": "outbound-queue-processor", "lifecycle": "Started", "queue-reader-id": 0, "shard-id": 1, "logging-call-at": "/home/ubuntu/temporal-investigation-20260909/overnight-20260909/specula-engine/runs/temporal-reset-20260909-restart-1600/temporal-reset/.specula-output/confirmation/CR-2/worktree/service/history/queues/reader.go:158"}
    shared_cluster_t.go:72: 2026-09-10T01:23:32.648Z	error	Queue reader unable to retrieve tasks	{"address": "127.0.0.1:38881", "component": "outbound-queue-processor", "error": "shard status unknown", "queue-reader-id": 0, "shard-id": 1, "logging-call-at": "/home/ubuntu/temporal-investigation-20260909/overnight-20260909/specula-engine/runs/temporal-reset-20260909-restart-1600/temporal-reset/.specula-output/confirmation/CR-2/worktree/service/history/queues/reader.go:457"}
        go.temporal.io/server/common/log.(*zapLogger).Error
        	/home/ubuntu/temporal-investigation-20260909/overnight-20260909/specula-engine/runs/temporal-reset-20260909-restart-1600/temporal-reset/.specula-output/confirmation/CR-2/worktree/common/log/zap_logger.go:191
        go.temporal.io/server/common/testing/testlogger.(*TestLogger).Error
        	/home/ubuntu/temporal-investigation-20260909/overnight-20260909/specula-engine/runs/temporal-reset-20260909-restart-1600/temporal-reset/.specula-output/confirmation/CR-2/worktree/common/testing/testlogger/testlogger.go:543
        go.temporal.io/server/service/history/queues.(*ReaderImpl).loadAndSubmitTasks
        	/home/ubuntu/temporal-investigation-20260909/overnight-20260909/specula-engine/runs/temporal-reset-20260909-restart-1600/temporal-reset/.specula-output/confirmation/CR-2/worktree/service/history/queues/reader.go:457
        go.temporal.io/server/service/history/queues.(*ReaderImpl).eventLoop
        	/home/ubuntu/temporal-investigation-20260909/overnight-20260909/specula-engine/runs/temporal-reset-20260909-restart-1600/temporal-reset/.specula-output/confirmation/CR-2/worktree/service/history/queues/reader.go:422
    shared_cluster_t.go:72: 2026-09-10T01:23:32.648Z	info	none	{"address": "127.0.0.1:38881", "component": "timer-queue-processor", "lifecycle": "Started", "shard-id": 1, "logging-call-at": "/home/ubuntu/temporal-investigation-20260909/overnight-20260909/specula-engine/runs/temporal-reset-20260909-restart-1600/temporal-reset/.specula-output/confirmation/CR-2/worktree/service/history/queues/queue_scheduled.go:139"}
    shared_cluster_t.go:72: 2026-09-10T01:23:32.648Z	info	none	{"address": "127.0.0.1:38881", "component": "history-engine", "lifecycle": "Started", "shard-id": 1, "logging-call-at": "/home/ubuntu/temporal-investigation-20260909/overnight-20260909/specula-engine/runs/temporal-reset-20260909-restart-1600/temporal-reset/.specula-output/confirmation/CR-2/worktree/service/history/history_engine.go:395"}
    shared_cluster_t.go:72: 2026-09-10T01:23:32.648Z	info	none	{"address": "127.0.0.1:38881", "component": "shard-engine", "lifecycle": "Started", "shard-id": 1, "logging-call-at": "/home/ubuntu/temporal-investigation-20260909/overnight-20260909/specula-engine/runs/temporal-reset-20260909-restart-1600/temporal-reset/.specula-output/confirmation/CR-2/worktree/service/history/shard/context_impl.go:1607"}
    shared_cluster_t.go:72: 2026-09-10T01:23:32.648Z	info	queue reader started	{"address": "127.0.0.1:38881", "component": "timer-queue-processor", "lifecycle": "Started", "queue-reader-id": 0, "shard-id": 1, "logging-call-at": "/home/ubuntu/temporal-investigation-20260909/overnight-20260909/specula-engine/runs/temporal-reset-20260909-restart-1600/temporal-reset/.specula-output/confirmation/CR-2/worktree/service/history/queues/reader.go:158"}
    shared_cluster_t.go:72: 2026-09-10T01:23:32.648Z	error	Queue reader unable to retrieve tasks	{"address": "127.0.0.1:38881", "component": "timer-queue-processor", "error": "shard status unknown", "queue-reader-id": 0, "shard-id": 1, "logging-call-at": "/home/ubuntu/temporal-investigation-20260909/overnight-20260909/specula-engine/runs/temporal-reset-20260909-restart-1600/temporal-reset/.specula-output/confirmation/CR-2/worktree/service/history/queues/reader.go:457"}
        go.temporal.io/server/common/log.(*zapLogger).Error
        	/home/ubuntu/temporal-investigation-20260909/overnight-20260909/specula-engine/runs/temporal-reset-20260909-restart-1600/temporal-reset/.specula-output/confirmation/CR-2/worktree/common/log/zap_logger.go:191
        go.temporal.io/server/common/testing/testlogger.(*TestLogger).Error
        	/home/ubuntu/temporal-investigation-20260909/overnight-20260909/specula-engine/runs/temporal-reset-20260909-restart-1600/temporal-reset/.specula-output/confirmation/CR-2/worktree/common/testing/testlogger/testlogger.go:543
        go.temporal.io/server/service/history/queues.(*ReaderImpl).loadAndSubmitTasks
        	/home/ubuntu/temporal-investigation-20260909/overnight-20260909/specula-engine/runs/temporal-reset-20260909-restart-1600/temporal-reset/.specula-output/confirmation/CR-2/worktree/service/history/queues/reader.go:457
        go.temporal.io/server/service/history/queues.(*ReaderImpl).eventLoop
        	/home/ubuntu/temporal-investigation-20260909/overnight-20260909/specula-engine/runs/temporal-reset-20260909-restart-1600/temporal-reset/.specula-output/confirmation/CR-2/worktree/service/history/queues/reader.go:422
    shared_cluster_t.go:72: 2026-09-10T01:23:32.649Z	debug	routing key extraction: adding routing key to context	{"wf-id": "TestWorkflowResetTestSuite/TestTraceReset_workflow_id", "grpc-method": "/temporal.api.workflowservice.v1.WorkflowService/ResetWorkflowExecution", "logging-call-at": "/home/ubuntu/temporal-investigation-20260909/overnight-20260909/specula-engine/runs/temporal-reset-20260909-restart-1600/temporal-reset/.specula-output/confirmation/CR-2/worktree/common/rpc/interceptor/routing_key_interceptor.go:112"}
    shared_cluster_t.go:72: 2026-09-10T01:23:32.649Z	debug	Frontend method invoked.	{"wf-namespace": "TestWorkflowResetTestSuite-TestTraceReset-8d05e66a-46f2-4531-b6ae-1a4a2e8a883d", "operation": "ResetWorkflowExecution", "server-name": "", "cert-thumbprint": "", "logging-call-at": "/home/ubuntu/temporal-investigation-20260909/overnight-20260909/specula-engine/runs/temporal-reset-20260909-restart-1600/temporal-reset/.specula-output/confirmation/CR-2/worktree/common/rpc/interceptor/namespace_logger.go:53"}
    shared_cluster_t.go:72: 2026-09-10T01:23:32.651Z	debug	time skipping skipped for: time skipping is not enabled	{"address": "127.0.0.1:38881", "shard-id": 1, "wf-id": "TestWorkflowResetTestSuite/TestTraceReset_workflow_id", "wf-namespace": "TestWorkflowResetTestSuite-TestTraceReset-8d05e66a-46f2-4531-b6ae-1a4a2e8a883d", "wf-namespace-id": "7ec69340-d6d4-4cfc-8883-8c58979dec4d", "wf-run-id": "d678427e-1868-4e46-bc75-38d6e92d5b40", "logging-call-at": "/home/ubuntu/temporal-investigation-20260909/overnight-20260909/specula-engine/runs/temporal-reset-20260909-restart-1600/temporal-reset/.specula-output/confirmation/CR-2/worktree/common/log/lazy_logger.go:30"}
    shared_cluster_t.go:72: 2026-09-10T01:23:32.651Z	debug	Workflow task updated	{"address": "127.0.0.1:38881", "attempt": 1, "shard-id": 1, "wf-id": "TestWorkflowResetTestSuite/TestTraceReset_workflow_id", "wf-namespace": "TestWorkflowResetTestSuite-TestTraceReset-8d05e66a-46f2-4531-b6ae-1a4a2e8a883d", "wf-run-id": "bc29805c-6bb8-457d-a445-e806ff4b494c", "wf-scheduled-event-id": 2, "wf-started-event-id": 0, "wf-started-timestamp": "0001-01-01T00:00:00.000Z", "workflow-task-request-id": "emptyUuid", "workflow-task-timeout": 60, "wt-type": "Normal", "logging-call-at": "/home/ubuntu/temporal-investigation-20260909/overnight-20260909/specula-engine/runs/temporal-reset-20260909-restart-1600/temporal-reset/.specula-output/confirmation/CR-2/worktree/common/log/lazy_logger.go:30"}
    shared_cluster_t.go:72: 2026-09-10T01:23:32.651Z	debug	Workflow task updated	{"address": "127.0.0.1:38881", "attempt": 1, "shard-id": 1, "wf-id": "TestWorkflowResetTestSuite/TestTraceReset_workflow_id", "wf-namespace": "TestWorkflowResetTestSuite-TestTraceReset-8d05e66a-46f2-4531-b6ae-1a4a2e8a883d", "wf-run-id": "bc29805c-6bb8-457d-a445-e806ff4b494c", "wf-scheduled-event-id": 2, "wf-started-event-id": 3, "wf-started-timestamp": "2026-09-10T01:23:27.504Z", "workflow-task-request-id": "f263ab0f-3cf4-4468-a3ae-10377fd1e79a", "workflow-task-timeout": 60, "wt-type": "Normal", "logging-call-at": "/home/ubuntu/temporal-investigation-20260909/overnight-20260909/specula-engine/runs/temporal-reset-20260909-restart-1600/temporal-reset/.specula-output/confirmation/CR-2/worktree/common/log/lazy_logger.go:30"}
    shared_cluster_t.go:72: 2026-09-10T01:23:32.651Z	debug	Workflow task updated	{"address": "127.0.0.1:38881", "attempt": 2, "shard-id": 1, "wf-id": "TestWorkflowResetTestSuite/TestTraceReset_workflow_id", "wf-namespace": "TestWorkflowResetTestSuite-TestTraceReset-8d05e66a-46f2-4531-b6ae-1a4a2e8a883d", "wf-run-id": "bc29805c-6bb8-457d-a445-e806ff4b494c", "wf-scheduled-event-id": 0, "wf-started-event-id": 0, "wf-started-timestamp": "1970-01-01T00:00:00.000Z", "workflow-task-request-id": "emptyUuid", "workflow-task-timeout": 0, "wt-type": "Unspecified", "logging-call-at": "/home/ubuntu/temporal-investigation-20260909/overnight-20260909/specula-engine/runs/temporal-reset-20260909-restart-1600/temporal-reset/.specula-output/confirmation/CR-2/worktree/common/log/lazy_logger.go:30"}
    shared_cluster_t.go:72: 2026-09-10T01:23:32.652Z	debug	Workflow task updated	{"address": "127.0.0.1:38881", "attempt": 1, "shard-id": 1, "wf-id": "TestWorkflowResetTestSuite/TestTraceReset_workflow_id", "wf-namespace": "TestWorkflowResetTestSuite-TestTraceReset-8d05e66a-46f2-4531-b6ae-1a4a2e8a883d", "wf-run-id": "bc29805c-6bb8-457d-a445-e806ff4b494c", "wf-scheduled-event-id": 5, "wf-started-event-id": 0, "wf-started-timestamp": "0001-01-01T00:00:00.000Z", "workflow-task-request-id": "emptyUuid", "workflow-task-timeout": 60, "wt-type": "Normal", "logging-call-at": "/home/ubuntu/temporal-investigation-20260909/overnight-20260909/specula-engine/runs/temporal-reset-20260909-restart-1600/temporal-reset/.specula-output/confirmation/CR-2/worktree/common/log/lazy_logger.go:30"}
    shared_cluster_t.go:72: 2026-09-10T01:23:32.653Z	debug	time skipping skipped for: time skipping is not enabled	{"address": "127.0.0.1:38881", "shard-id": 1, "wf-id": "TestWorkflowResetTestSuite/TestTraceReset_workflow_id", "wf-namespace": "TestWorkflowResetTestSuite-TestTraceReset-8d05e66a-46f2-4531-b6ae-1a4a2e8a883d", "wf-run-id": "bc29805c-6bb8-457d-a445-e806ff4b494c", "logging-call-at": "/home/ubuntu/temporal-investigation-20260909/overnight-20260909/specula-engine/runs/temporal-reset-20260909-restart-1600/temporal-reset/.specula-output/confirmation/CR-2/worktree/common/log/lazy_logger.go:30"}
    shared_cluster_t.go:72: 2026-09-10T01:23:32.653Z	debug	time skipping skipped for: time skipping is not enabled	{"address": "127.0.0.1:38881", "shard-id": 1, "wf-id": "TestWorkflowResetTestSuite/TestTraceReset_workflow_id", "wf-namespace": "TestWorkflowResetTestSuite-TestTraceReset-8d05e66a-46f2-4531-b6ae-1a4a2e8a883d", "wf-namespace-id": "7ec69340-d6d4-4cfc-8883-8c58979dec4d", "wf-run-id": "01a088e9-a06d-73f4-aed6-a90810466261", "logging-call-at": "/home/ubuntu/temporal-investigation-20260909/overnight-20260909/specula-engine/runs/temporal-reset-20260909-restart-1600/temporal-reset/.specula-output/confirmation/CR-2/worktree/common/log/lazy_logger.go:30"}
    shared_cluster_t.go:72: 2026-09-10T01:23:32.653Z	debug	Assigning new task key	{"address": "127.0.0.1:38881", "cursor-timestamp": "2026-09-10T01:23:33.648Z", "queue-task-id": 3145734, "queue-task-type": "DeleteHistoryEvent", "shard-id": 1, "timestamp": "2026-09-11T01:23:33.016Z", "wf-id": "TestWorkflowResetTestSuite/TestTraceReset_workflow_id", "wf-namespace-id": "7ec69340-d6d4-4cfc-8883-8c58979dec4d", "wf-run-id": "d678427e-1868-4e46-bc75-38d6e92d5b40", "logging-call-at": "/home/ubuntu/temporal-investigation-20260909/overnight-20260909/specula-engine/runs/temporal-reset-20260909-restart-1600/temporal-reset/.specula-output/confirmation/CR-2/worktree/service/history/shard/task_key_generator.go:98"}
    shared_cluster_t.go:72: 2026-09-10T01:23:32.653Z	debug	Assigning new task key	{"address": "127.0.0.1:38881", "cursor-timestamp": "2026-09-10T01:23:33.648Z", "queue-task-id": 3145735, "queue-task-type": "TransferCloseExecution", "shard-id": 1, "timestamp": "2026-09-10T01:23:32.653Z", "wf-id": "TestWorkflowResetTestSuite/TestTraceReset_workflow_id", "wf-namespace-id": "7ec69340-d6d4-4cfc-8883-8c58979dec4d", "wf-run-id": "d678427e-1868-4e46-bc75-38d6e92d5b40", "logging-call-at": "/home/ubuntu/temporal-investigation-20260909/overnight-20260909/specula-engine/runs/temporal-reset-20260909-restart-1600/temporal-reset/.specula-output/confirmation/CR-2/worktree/service/history/shard/task_key_generator.go:98"}
    shared_cluster_t.go:72: 2026-09-10T01:23:32.653Z	debug	Assigning new task key	{"address": "127.0.0.1:38881", "cursor-timestamp": "2026-09-10T01:23:33.648Z", "queue-task-id": 3145736, "queue-task-type": "VisibilityCloseExecution", "shard-id": 1, "timestamp": "2026-09-10T01:23:32.653Z", "wf-id": "TestWorkflowResetTestSuite/TestTraceReset_workflow_id", "wf-namespace-id": "7ec69340-d6d4-4cfc-8883-8c58979dec4d", "wf-run-id": "d678427e-1868-4e46-bc75-38d6e92d5b40", "logging-call-at": "/home/ubuntu/temporal-investigation-20260909/overnight-20260909/specula-engine/runs/temporal-reset-20260909-restart-1600/temporal-reset/.specula-output/confirmation/CR-2/worktree/service/history/shard/task_key_generator.go:98"}
    shared_cluster_t.go:72: 2026-09-10T01:23:32.653Z	debug	Assigning new task key	{"address": "127.0.0.1:38881", "cursor-timestamp": "2026-09-10T01:23:33.648Z", "queue-task-id": 3145737, "queue-task-type": "VisibilityUpsertExecution", "shard-id": 1, "timestamp": "2026-09-10T01:23:32.653Z", "wf-id": "TestWorkflowResetTestSuite/TestTraceReset_workflow_id", "wf-namespace-id": "7ec69340-d6d4-4cfc-8883-8c58979dec4d", "wf-run-id": "bc29805c-6bb8-457d-a445-e806ff4b494c", "logging-call-at": "/home/ubuntu/temporal-investigation-20260909/overnight-20260909/specula-engine/runs/temporal-reset-20260909-restart-1600/temporal-reset/.specula-output/confirmation/CR-2/worktree/service/history/shard/task_key_generator.go:98"}
    shared_cluster_t.go:72: 2026-09-10T01:23:32.653Z	debug	Assigning new task key	{"address": "127.0.0.1:38881", "cursor-timestamp": "2026-09-10T01:23:33.648Z", "queue-task-id": 3145738, "queue-task-type": "TransferWorkflowTask", "shard-id": 1, "timestamp": "2026-09-10T01:23:32.653Z", "wf-id": "TestWorkflowResetTestSuite/TestTraceReset_workflow_id", "wf-namespace-id": "7ec69340-d6d4-4cfc-8883-8c58979dec4d", "wf-run-id": "bc29805c-6bb8-457d-a445-e806ff4b494c", "logging-call-at": "/home/ubuntu/temporal-investigation-20260909/overnight-20260909/specula-engine/runs/temporal-reset-20260909-restart-1600/temporal-reset/.specula-output/confirmation/CR-2/worktree/service/history/shard/task_key_generator.go:98"}
    shared_cluster_t.go:72: 2026-09-10T01:23:32.653Z	debug	Assigning new task key	{"address": "127.0.0.1:38881", "cursor-timestamp": "2026-09-10T01:23:33.648Z", "queue-task-id": 3145739, "queue-task-type": "WorkflowRunTimeout", "shard-id": 1, "timestamp": "2026-09-10T01:28:32.652Z", "wf-id": "TestWorkflowResetTestSuite/TestTraceReset_workflow_id", "wf-namespace-id": "7ec69340-d6d4-4cfc-8883-8c58979dec4d", "wf-run-id": "bc29805c-6bb8-457d-a445-e806ff4b494c", "logging-call-at": "/home/ubuntu/temporal-investigation-20260909/overnight-20260909/specula-engine/runs/temporal-reset-20260909-restart-1600/temporal-reset/.specula-output/confirmation/CR-2/worktree/service/history/shard/task_key_generator.go:98"}
    shared_cluster_t.go:72: 2026-09-10T01:23:32.653Z	debug	Assigning new task key	{"address": "127.0.0.1:38881", "cursor-timestamp": "2026-09-10T01:23:33.648Z", "queue-task-id": 3145740, "queue-task-type": "WorkflowTaskTimeout", "shard-id": 1, "timestamp": "2026-09-10T01:24:27.505Z", "wf-id": "TestWorkflowResetTestSuite/TestTraceReset_workflow_id", "wf-namespace-id": "7ec69340-d6d4-4cfc-8883-8c58979dec4d", "wf-run-id": "bc29805c-6bb8-457d-a445-e806ff4b494c", "logging-call-at": "/home/ubuntu/temporal-investigation-20260909/overnight-20260909/specula-engine/runs/temporal-reset-20260909-restart-1600/temporal-reset/.specula-output/confirmation/CR-2/worktree/service/history/shard/task_key_generator.go:98"}
    shared_cluster_t.go:72: 2026-09-10T01:23:32.653Z	debug	Assigning new task key	{"address": "127.0.0.1:38881", "cursor-timestamp": "2026-09-10T01:23:33.648Z", "queue-task-id": 3145741, "queue-task-type": "WorkflowRunTimeout", "shard-id": 1, "timestamp": "2026-09-10T01:28:32.652Z", "wf-id": "TestWorkflowResetTestSuite/TestTraceReset_workflow_id", "wf-namespace-id": "7ec69340-d6d4-4cfc-8883-8c58979dec4d", "wf-run-id": "bc29805c-6bb8-457d-a445-e806ff4b494c", "logging-call-at": "/home/ubuntu/temporal-investigation-20260909/overnight-20260909/specula-engine/runs/temporal-reset-20260909-restart-1600/temporal-reset/.specula-output/confirmation/CR-2/worktree/service/history/shard/task_key_generator.go:98"}
    shared_cluster_t.go:72: 2026-09-10T01:23:32.658Z	debug	Frontend method invoked.	{"wf-namespace": "", "operation": "CloseShard", "server-name": "", "cert-thumbprint": "", "logging-call-at": "/home/ubuntu/temporal-investigation-20260909/overnight-20260909/specula-engine/runs/temporal-reset-20260909-restart-1600/temporal-reset/.specula-output/confirmation/CR-2/worktree/common/rpc/interceptor/namespace_logger.go:53"}
    shared_cluster_t.go:72: 2026-09-10T01:23:32.658Z	info	none	{"address": "127.0.0.1:38881", "component": "shard-controller", "numShards": 0, "logging-call-at": "/home/ubuntu/temporal-investigation-20260909/overnight-20260909/specula-engine/runs/temporal-reset-20260909-restart-1600/temporal-reset/.specula-output/confirmation/CR-2/worktree/service/history/shard/controller_impl.go:288"}
    shared_cluster_t.go:72: 2026-09-10T01:23:32.659Z	info	none	{"address": "127.0.0.1:38881", "component": "shard-context", "lifecycle": "Stopped", "shard-id": 1, "logging-call-at": "/home/ubuntu/temporal-investigation-20260909/overnight-20260909/specula-engine/runs/temporal-reset-20260909-restart-1600/temporal-reset/.specula-output/confirmation/CR-2/worktree/service/history/shard/context_impl.go:1783"}
    shared_cluster_t.go:72: 2026-09-10T01:23:32.659Z	info	none	{"address": "127.0.0.1:38881", "component": "shard-engine", "lifecycle": "Stopping", "shard-id": 1, "logging-call-at": "/home/ubuntu/temporal-investigation-20260909/overnight-20260909/specula-engine/runs/temporal-reset-20260909-restart-1600/temporal-reset/.specula-output/confirmation/CR-2/worktree/service/history/shard/context_impl.go:1631"}
    shared_cluster_t.go:72: 2026-09-10T01:23:32.659Z	info	none	{"address": "127.0.0.1:38881", "component": "history-engine", "lifecycle": "Stopping", "shard-id": 1, "logging-call-at": "/home/ubuntu/temporal-investigation-20260909/overnight-20260909/specula-engine/runs/temporal-reset-20260909-restart-1600/temporal-reset/.specula-output/confirmation/CR-2/worktree/service/history/history_engine.go:407"}
    shared_cluster_t.go:72: 2026-09-10T01:23:32.659Z	info	none	{"address": "127.0.0.1:38881", "component": "transfer-queue-processor", "lifecycle": "Stopping", "shard-id": 1, "logging-call-at": "/home/ubuntu/temporal-investigation-20260909/overnight-20260909/specula-engine/runs/temporal-reset-20260909-restart-1600/temporal-reset/.specula-output/confirmation/CR-2/worktree/service/history/queues/queue_immediate.go:112"}
    shared_cluster_t.go:72: 2026-09-10T01:23:32.659Z	info	queue reader stopped	{"address": "127.0.0.1:38881", "component": "transfer-queue-processor", "lifecycle": "Stopped", "queue-reader-id": 0, "shard-id": 1, "logging-call-at": "/home/ubuntu/temporal-investigation-20260909/overnight-20260909/specula-engine/runs/temporal-reset-20260909-restart-1600/temporal-reset/.specula-output/confirmation/CR-2/worktree/service/history/queues/reader.go:177"}
    shared_cluster_t.go:72: 2026-09-10T01:23:32.659Z	info	Task rescheduler stopped.	{"address": "127.0.0.1:38881", "component": "transfer-queue-processor", "lifecycle": "Stopped", "shard-id": 1, "logging-call-at": "/home/ubuntu/temporal-investigation-20260909/overnight-20260909/specula-engine/runs/temporal-reset-20260909-restart-1600/temporal-reset/.specula-output/confirmation/CR-2/worktree/service/history/queues/rescheduler.go:117"}
    shared_cluster_t.go:72: 2026-09-10T01:23:32.659Z	info	none	{"address": "127.0.0.1:38881", "component": "transfer-queue-processor", "lifecycle": "Stopped", "shard-id": 1, "logging-call-at": "/home/ubuntu/temporal-investigation-20260909/overnight-20260909/specula-engine/runs/temporal-reset-20260909-restart-1600/temporal-reset/.specula-output/confirmation/CR-2/worktree/service/history/queues/queue_immediate.go:122"}
    shared_cluster_t.go:72: 2026-09-10T01:23:32.659Z	info	none	{"address": "127.0.0.1:38881", "component": "outbound-queue-processor", "lifecycle": "Stopping", "shard-id": 1, "logging-call-at": "/home/ubuntu/temporal-investigation-20260909/overnight-20260909/specula-engine/runs/temporal-reset-20260909-restart-1600/temporal-reset/.specula-output/confirmation/CR-2/worktree/service/history/queues/queue_immediate.go:112"}
    shared_cluster_t.go:72: 2026-09-10T01:23:32.659Z	info	queue reader stopped	{"address": "127.0.0.1:38881", "component": "outbound-queue-processor", "lifecycle": "Stopped", "queue-reader-id": 0, "shard-id": 1, "logging-call-at": "/home/ubuntu/temporal-investigation-20260909/overnight-20260909/specula-engine/runs/temporal-reset-20260909-restart-1600/temporal-reset/.specula-output/confirmation/CR-2/worktree/service/history/queues/reader.go:177"}
    shared_cluster_t.go:72: 2026-09-10T01:23:32.659Z	info	Task rescheduler stopped.	{"address": "127.0.0.1:38881", "component": "outbound-queue-processor", "lifecycle": "Stopped", "shard-id": 1, "logging-call-at": "/home/ubuntu/temporal-investigation-20260909/overnight-20260909/specula-engine/runs/temporal-reset-20260909-restart-1600/temporal-reset/.specula-output/confirmation/CR-2/worktree/service/history/queues/rescheduler.go:117"}
    shared_cluster_t.go:72: 2026-09-10T01:23:32.659Z	info	none	{"address": "127.0.0.1:38881", "component": "outbound-queue-processor", "lifecycle": "Stopped", "shard-id": 1, "logging-call-at": "/home/ubuntu/temporal-investigation-20260909/overnight-20260909/specula-engine/runs/temporal-reset-20260909-restart-1600/temporal-reset/.specula-output/confirmation/CR-2/worktree/service/history/queues/queue_immediate.go:122"}
    shared_cluster_t.go:72: 2026-09-10T01:23:32.659Z	info	none	{"address": "127.0.0.1:38881", "component": "timer-queue-processor", "lifecycle": "Stopping", "shard-id": 1, "logging-call-at": "/home/ubuntu/temporal-investigation-20260909/overnight-20260909/specula-engine/runs/temporal-reset-20260909-restart-1600/temporal-reset/.specula-output/confirmation/CR-2/worktree/service/history/queues/queue_scheduled.go:146"}
    shared_cluster_t.go:72: 2026-09-10T01:23:32.659Z	info	queue reader stopped	{"address": "127.0.0.1:38881", "component": "timer-queue-processor", "lifecycle": "Stopped", "queue-reader-id": 0, "shard-id": 1, "logging-call-at": "/home/ubuntu/temporal-investigation-20260909/overnight-20260909/specula-engine/runs/temporal-reset-20260909-restart-1600/temporal-reset/.specula-output/confirmation/CR-2/worktree/service/history/queues/reader.go:177"}
    shared_cluster_t.go:72: 2026-09-10T01:23:32.659Z	info	Task rescheduler stopped.	{"address": "127.0.0.1:38881", "component": "timer-queue-processor", "lifecycle": "Stopped", "shard-id": 1, "logging-call-at": "/home/ubuntu/temporal-investigation-20260909/overnight-20260909/specula-engine/runs/temporal-reset-20260909-restart-1600/temporal-reset/.specula-output/confirmation/CR-2/worktree/service/history/queues/rescheduler.go:117"}
    shared_cluster_t.go:72: 2026-09-10T01:23:32.659Z	info	none	{"address": "127.0.0.1:38881", "component": "timer-queue-processor", "lifecycle": "Stopped", "shard-id": 1, "logging-call-at": "/home/ubuntu/temporal-investigation-20260909/overnight-20260909/specula-engine/runs/temporal-reset-20260909-restart-1600/temporal-reset/.specula-output/confirmation/CR-2/worktree/service/history/queues/queue_scheduled.go:157"}
    shared_cluster_t.go:72: 2026-09-10T01:23:32.659Z	info	none	{"component": "memory-scheduled-queue-processor", "lifecycle": "Stopping", "service": "history", "logging-call-at": "/home/ubuntu/temporal-investigation-20260909/overnight-20260909/specula-engine/runs/temporal-reset-20260909-restart-1600/temporal-reset/.specula-output/confirmation/CR-2/worktree/service/history/queues/memory_scheduled_queue.go:91"}
    shared_cluster_t.go:72: 2026-09-10T01:23:32.659Z	info	none	{"component": "memory-scheduled-queue-processor", "lifecycle": "Stopped", "service": "history", "logging-call-at": "/home/ubuntu/temporal-investigation-20260909/overnight-20260909/specula-engine/runs/temporal-reset-20260909-restart-1600/temporal-reset/.specula-output/confirmation/CR-2/worktree/service/history/queues/memory_scheduled_queue.go:99"}
    shared_cluster_t.go:72: 2026-09-10T01:23:32.659Z	info	none	{"address": "127.0.0.1:38881", "component": "visibility-queue-processor", "lifecycle": "Stopping", "shard-id": 1, "logging-call-at": "/home/ubuntu/temporal-investigation-20260909/overnight-20260909/specula-engine/runs/temporal-reset-20260909-restart-1600/temporal-reset/.specula-output/confirmation/CR-2/worktree/service/history/queues/queue_immediate.go:112"}
    shared_cluster_t.go:72: 2026-09-10T01:23:32.659Z	info	queue reader stopped	{"address": "127.0.0.1:38881", "component": "visibility-queue-processor", "lifecycle": "Stopped", "queue-reader-id": 0, "shard-id": 1, "logging-call-at": "/home/ubuntu/temporal-investigation-20260909/overnight-20260909/specula-engine/runs/temporal-reset-20260909-restart-1600/temporal-reset/.specula-output/confirmation/CR-2/worktree/service/history/queues/reader.go:177"}
    shared_cluster_t.go:72: 2026-09-10T01:23:32.659Z	info	Task rescheduler stopped.	{"address": "127.0.0.1:38881", "component": "visibility-queue-processor", "lifecycle": "Stopped", "shard-id": 1, "logging-call-at": "/home/ubuntu/temporal-investigation-20260909/overnight-20260909/specula-engine/runs/temporal-reset-20260909-restart-1600/temporal-reset/.specula-output/confirmation/CR-2/worktree/service/history/queues/rescheduler.go:117"}
    shared_cluster_t.go:72: 2026-09-10T01:23:32.659Z	info	none	{"address": "127.0.0.1:38881", "component": "visibility-queue-processor", "lifecycle": "Stopped", "shard-id": 1, "logging-call-at": "/home/ubuntu/temporal-investigation-20260909/overnight-20260909/specula-engine/runs/temporal-reset-20260909-restart-1600/temporal-reset/.specula-output/confirmation/CR-2/worktree/service/history/queues/queue_immediate.go:122"}
    shared_cluster_t.go:72: 2026-09-10T01:23:32.659Z	info	none	{"address": "127.0.0.1:38881", "component": "history-engine", "lifecycle": "Stopped", "shard-id": 1, "logging-call-at": "/home/ubuntu/temporal-investigation-20260909/overnight-20260909/specula-engine/runs/temporal-reset-20260909-restart-1600/temporal-reset/.specula-output/confirmation/CR-2/worktree/service/history/history_engine.go:416"}
    shared_cluster_t.go:72: 2026-09-10T01:23:32.659Z	info	none	{"address": "127.0.0.1:38881", "component": "shard-engine", "lifecycle": "Stopped", "shard-id": 1, "logging-call-at": "/home/ubuntu/temporal-investigation-20260909/overnight-20260909/specula-engine/runs/temporal-reset-20260909-restart-1600/temporal-reset/.specula-output/confirmation/CR-2/worktree/service/history/shard/context_impl.go:1633"}
    shared_cluster_t.go:72: 2026-09-10T01:23:32.659Z	debug	finalizer starting	{"address": "127.0.0.1:38881", "items": 4, "shard-id": 1, "timeout": 2, "logging-call-at": "/home/ubuntu/temporal-investigation-20260909/overnight-20260909/specula-engine/runs/temporal-reset-20260909-restart-1600/temporal-reset/.specula-output/confirmation/CR-2/worktree/common/finalizer/finalizer.go:108"}
    shared_cluster_t.go:72: 2026-09-10T01:23:32.659Z	debug	finalizer completed	{"address": "127.0.0.1:38881", "completed": 4, "shard-id": 1, "logging-call-at": "/home/ubuntu/temporal-investigation-20260909/overnight-20260909/specula-engine/runs/temporal-reset-20260909-restart-1600/temporal-reset/.specula-output/confirmation/CR-2/worktree/common/finalizer/finalizer.go:152"}
    shared_cluster_t.go:72: 2026-09-10T01:23:32.659Z	debug	routing key extraction: adding routing key to context	{"wf-id": "TestWorkflowResetTestSuite/TestTraceReset_workflow_id", "grpc-method": "/temporal.api.workflowservice.v1.WorkflowService/DescribeWorkflowExecution", "logging-call-at": "/home/ubuntu/temporal-investigation-20260909/overnight-20260909/specula-engine/runs/temporal-reset-20260909-restart-1600/temporal-reset/.specula-output/confirmation/CR-2/worktree/common/rpc/interceptor/routing_key_interceptor.go:112"}
    shared_cluster_t.go:72: 2026-09-10T01:23:32.659Z	debug	Frontend method invoked.	{"wf-namespace": "TestWorkflowResetTestSuite-TestTraceReset-8d05e66a-46f2-4531-b6ae-1a4a2e8a883d", "operation": "DescribeWorkflowExecution", "server-name": "", "cert-thumbprint": "", "logging-call-at": "/home/ubuntu/temporal-investigation-20260909/overnight-20260909/specula-engine/runs/temporal-reset-20260909-restart-1600/temporal-reset/.specula-output/confirmation/CR-2/worktree/common/rpc/interceptor/namespace_logger.go:53"}
    shared_cluster_t.go:72: 2026-09-10T01:23:32.660Z	info	none	{"address": "127.0.0.1:38881", "component": "shard-context", "lifecycle": "Started", "shard-id": 1, "logging-call-at": "/home/ubuntu/temporal-investigation-20260909/overnight-20260909/specula-engine/runs/temporal-reset-20260909-restart-1600/temporal-reset/.specula-output/confirmation/CR-2/worktree/service/history/shard/context_impl.go:1764"}
    shared_cluster_t.go:72: 2026-09-10T01:23:32.660Z	info	none	{"address": "127.0.0.1:38881", "component": "shard-controller", "numShards": 1, "logging-call-at": "/home/ubuntu/temporal-investigation-20260909/overnight-20260909/specula-engine/runs/temporal-reset-20260909-restart-1600/temporal-reset/.specula-output/confirmation/CR-2/worktree/service/history/shard/controller_impl.go:265"}
    shared_cluster_t.go:72: 2026-09-10T01:23:32.660Z	info	Range updated for shardID	{"address": "127.0.0.1:38881", "previous-shard-range-id": 3, "shard-id": 1, "shard-range-id": 4, "logging-call-at": "/home/ubuntu/temporal-investigation-20260909/overnight-20260909/specula-engine/runs/temporal-reset-20260909-restart-1600/temporal-reset/.specula-output/confirmation/CR-2/worktree/service/history/shard/context_impl.go:1241"}
    shared_cluster_t.go:72: 2026-09-10T01:23:32.660Z	info	Task key range updated	{"address": "127.0.0.1:38881", "next-number": 5242880, "number": 4194304, "shard-id": 1, "logging-call-at": "/home/ubuntu/temporal-investigation-20260909/overnight-20260909/specula-engine/runs/temporal-reset-20260909-restart-1600/temporal-reset/.specula-output/confirmation/CR-2/worktree/service/history/shard/task_key_generator.go:155"}
    shared_cluster_t.go:72: 2026-09-10T01:23:32.660Z	info	Acquired shard	{"address": "127.0.0.1:38881", "shard-id": 1, "logging-call-at": "/home/ubuntu/temporal-investigation-20260909/overnight-20260909/specula-engine/runs/temporal-reset-20260909-restart-1600/temporal-reset/.specula-output/confirmation/CR-2/worktree/service/history/shard/context_impl.go:2129"}
    shared_cluster_t.go:72: 2026-09-10T01:23:32.660Z	info	none	{"address": "127.0.0.1:38881", "component": "shard-engine", "lifecycle": "Starting", "shard-id": 1, "logging-call-at": "/home/ubuntu/temporal-investigation-20260909/overnight-20260909/specula-engine/runs/temporal-reset-20260909-restart-1600/temporal-reset/.specula-output/confirmation/CR-2/worktree/service/history/shard/context_impl.go:1604"}
    shared_cluster_t.go:72: 2026-09-10T01:23:32.660Z	info	none	{"address": "127.0.0.1:38881", "component": "history-engine", "lifecycle": "Starting", "shard-id": 1, "logging-call-at": "/home/ubuntu/temporal-investigation-20260909/overnight-20260909/specula-engine/runs/temporal-reset-20260909-restart-1600/temporal-reset/.specula-output/confirmation/CR-2/worktree/service/history/history_engine.go:386"}
    shared_cluster_t.go:72: 2026-09-10T01:23:32.660Z	info	none	{"address": "127.0.0.1:38881", "component": "visibility-queue-processor", "lifecycle": "Starting", "shard-id": 1, "logging-call-at": "/home/ubuntu/temporal-investigation-20260909/overnight-20260909/specula-engine/runs/temporal-reset-20260909-restart-1600/temporal-reset/.specula-output/confirmation/CR-2/worktree/service/history/queues/queue_immediate.go:96"}
    shared_cluster_t.go:72: 2026-09-10T01:23:32.660Z	info	Task rescheduler started.	{"address": "127.0.0.1:38881", "component": "visibility-queue-processor", "lifecycle": "Started", "shard-id": 1, "logging-call-at": "/home/ubuntu/temporal-investigation-20260909/overnight-20260909/specula-engine/runs/temporal-reset-20260909-restart-1600/temporal-reset/.specula-output/confirmation/CR-2/worktree/service/history/queues/rescheduler.go:102"}
    shared_cluster_t.go:72: 2026-09-10T01:23:32.660Z	info	none	{"address": "127.0.0.1:38881", "component": "visibility-queue-processor", "lifecycle": "Started", "shard-id": 1, "logging-call-at": "/home/ubuntu/temporal-investigation-20260909/overnight-20260909/specula-engine/runs/temporal-reset-20260909-restart-1600/temporal-reset/.specula-output/confirmation/CR-2/worktree/service/history/queues/queue_immediate.go:105"}
    shared_cluster_t.go:72: 2026-09-10T01:23:32.660Z	info	none	{"address": "127.0.0.1:38881", "component": "transfer-queue-processor", "lifecycle": "Starting", "shard-id": 1, "logging-call-at": "/home/ubuntu/temporal-investigation-20260909/overnight-20260909/specula-engine/runs/temporal-reset-20260909-restart-1600/temporal-reset/.specula-output/confirmation/CR-2/worktree/service/history/queues/queue_immediate.go:96"}
    shared_cluster_t.go:72: 2026-09-10T01:23:32.660Z	info	Task rescheduler started.	{"address": "127.0.0.1:38881", "component": "transfer-queue-processor", "lifecycle": "Started", "shard-id": 1, "logging-call-at": "/home/ubuntu/temporal-investigation-20260909/overnight-20260909/specula-engine/runs/temporal-reset-20260909-restart-1600/temporal-reset/.specula-output/confirmation/CR-2/worktree/service/history/queues/rescheduler.go:102"}
    shared_cluster_t.go:72: 2026-09-10T01:23:32.660Z	info	queue reader started	{"address": "127.0.0.1:38881", "component": "transfer-queue-processor", "lifecycle": "Started", "queue-reader-id": 0, "shard-id": 1, "logging-call-at": "/home/ubuntu/temporal-investigation-20260909/overnight-20260909/specula-engine/runs/temporal-reset-20260909-restart-1600/temporal-reset/.specula-output/confirmation/CR-2/worktree/service/history/queues/reader.go:158"}
    shared_cluster_t.go:72: 2026-09-10T01:23:32.660Z	info	none	{"address": "127.0.0.1:38881", "component": "transfer-queue-processor", "lifecycle": "Started", "shard-id": 1, "logging-call-at": "/home/ubuntu/temporal-investigation-20260909/overnight-20260909/specula-engine/runs/temporal-reset-20260909-restart-1600/temporal-reset/.specula-output/confirmation/CR-2/worktree/service/history/queues/queue_immediate.go:105"}
    shared_cluster_t.go:72: 2026-09-10T01:23:32.660Z	info	none	{"address": "127.0.0.1:38881", "component": "outbound-queue-processor", "lifecycle": "Starting", "shard-id": 1, "logging-call-at": "/home/ubuntu/temporal-investigation-20260909/overnight-20260909/specula-engine/runs/temporal-reset-20260909-restart-1600/temporal-reset/.specula-output/confirmation/CR-2/worktree/service/history/queues/queue_immediate.go:96"}
    shared_cluster_t.go:72: 2026-09-10T01:23:32.660Z	info	Task rescheduler started.	{"address": "127.0.0.1:38881", "component": "outbound-queue-processor", "lifecycle": "Started", "shard-id": 1, "logging-call-at": "/home/ubuntu/temporal-investigation-20260909/overnight-20260909/specula-engine/runs/temporal-reset-20260909-restart-1600/temporal-reset/.specula-output/confirmation/CR-2/worktree/service/history/queues/rescheduler.go:102"}
    shared_cluster_t.go:72: 2026-09-10T01:23:32.660Z	info	none	{"address": "127.0.0.1:38881", "component": "outbound-queue-processor", "lifecycle": "Started", "shard-id": 1, "logging-call-at": "/home/ubuntu/temporal-investigation-20260909/overnight-20260909/specula-engine/runs/temporal-reset-20260909-restart-1600/temporal-reset/.specula-output/confirmation/CR-2/worktree/service/history/queues/queue_immediate.go:105"}
    shared_cluster_t.go:72: 2026-09-10T01:23:32.660Z	info	queue reader started	{"address": "127.0.0.1:38881", "component": "visibility-queue-processor", "lifecycle": "Started", "queue-reader-id": 0, "shard-id": 1, "logging-call-at": "/home/ubuntu/temporal-investigation-20260909/overnight-20260909/specula-engine/runs/temporal-reset-20260909-restart-1600/temporal-reset/.specula-output/confirmation/CR-2/worktree/service/history/queues/reader.go:158"}
    shared_cluster_t.go:72: 2026-09-10T01:23:32.660Z	error	Queue reader unable to retrieve tasks	{"address": "127.0.0.1:38881", "component": "outbound-queue-processor", "error": "shard status unknown", "queue-reader-id": 0, "shard-id": 1, "logging-call-at": "/home/ubuntu/temporal-investigation-20260909/overnight-20260909/specula-engine/runs/temporal-reset-20260909-restart-1600/temporal-reset/.specula-output/confirmation/CR-2/worktree/service/history/queues/reader.go:457"}
        go.temporal.io/server/common/log.(*zapLogger).Error
        	/home/ubuntu/temporal-investigation-20260909/overnight-20260909/specula-engine/runs/temporal-reset-20260909-restart-1600/temporal-reset/.specula-output/confirmation/CR-2/worktree/common/log/zap_logger.go:191
        go.temporal.io/server/common/testing/testlogger.(*TestLogger).Error
        	/home/ubuntu/temporal-investigation-20260909/overnight-20260909/specula-engine/runs/temporal-reset-20260909-restart-1600/temporal-reset/.specula-output/confirmation/CR-2/worktree/common/testing/testlogger/testlogger.go:543
        go.temporal.io/server/service/history/queues.(*ReaderImpl).loadAndSubmitTasks
        	/home/ubuntu/temporal-investigation-20260909/overnight-20260909/specula-engine/runs/temporal-reset-20260909-restart-1600/temporal-reset/.specula-output/confirmation/CR-2/worktree/service/history/queues/reader.go:457
        go.temporal.io/server/service/history/queues.(*ReaderImpl).eventLoop
        	/home/ubuntu/temporal-investigation-20260909/overnight-20260909/specula-engine/runs/temporal-reset-20260909-restart-1600/temporal-reset/.specula-output/confirmation/CR-2/worktree/service/history/queues/reader.go:422
    shared_cluster_t.go:72: 2026-09-10T01:23:32.660Z	error	Queue reader unable to retrieve tasks	{"address": "127.0.0.1:38881", "component": "transfer-queue-processor", "error": "shard status unknown", "queue-reader-id": 0, "shard-id": 1, "logging-call-at": "/home/ubuntu/temporal-investigation-20260909/overnight-20260909/specula-engine/runs/temporal-reset-20260909-restart-1600/temporal-reset/.specula-output/confirmation/CR-2/worktree/service/history/queues/reader.go:457"}
        go.temporal.io/server/common/log.(*zapLogger).Error
        	/home/ubuntu/temporal-investigation-20260909/overnight-20260909/specula-engine/runs/temporal-reset-20260909-restart-1600/temporal-reset/.specula-output/confirmation/CR-2/worktree/common/log/zap_logger.go:191
        go.temporal.io/server/common/testing/testlogger.(*TestLogger).Error
        	/home/ubuntu/temporal-investigation-20260909/overnight-20260909/specula-engine/runs/temporal-reset-20260909-restart-1600/temporal-reset/.specula-output/confirmation/CR-2/worktree/common/testing/testlogger/testlogger.go:543
        go.temporal.io/server/service/history/queues.(*ReaderImpl).loadAndSubmitTasks
        	/home/ubuntu/temporal-investigation-20260909/overnight-20260909/specula-engine/runs/temporal-reset-20260909-restart-1600/temporal-reset/.specula-output/confirmation/CR-2/worktree/service/history/queues/reader.go:457
        go.temporal.io/server/service/history/queues.(*ReaderImpl).eventLoop
        	/home/ubuntu/temporal-investigation-20260909/overnight-20260909/specula-engine/runs/temporal-reset-20260909-restart-1600/temporal-reset/.specula-output/confirmation/CR-2/worktree/service/history/queues/reader.go:422
    shared_cluster_t.go:72: 2026-09-10T01:23:32.660Z	info	none	{"address": "127.0.0.1:38881", "component": "timer-queue-processor", "lifecycle": "Starting", "shard-id": 1, "logging-call-at": "/home/ubuntu/temporal-investigation-20260909/overnight-20260909/specula-engine/runs/temporal-reset-20260909-restart-1600/temporal-reset/.specula-output/confirmation/CR-2/worktree/service/history/queues/queue_scheduled.go:130"}
    shared_cluster_t.go:72: 2026-09-10T01:23:32.660Z	info	Task rescheduler started.	{"address": "127.0.0.1:38881", "component": "timer-queue-processor", "lifecycle": "Started", "shard-id": 1, "logging-call-at": "/home/ubuntu/temporal-investigation-20260909/overnight-20260909/specula-engine/runs/temporal-reset-20260909-restart-1600/temporal-reset/.specula-output/confirmation/CR-2/worktree/service/history/queues/rescheduler.go:102"}
    shared_cluster_t.go:72: 2026-09-10T01:23:32.660Z	info	none	{"address": "127.0.0.1:38881", "component": "timer-queue-processor", "lifecycle": "Started", "shard-id": 1, "logging-call-at": "/home/ubuntu/temporal-investigation-20260909/overnight-20260909/specula-engine/runs/temporal-reset-20260909-restart-1600/temporal-reset/.specula-output/confirmation/CR-2/worktree/service/history/queues/queue_scheduled.go:139"}
    shared_cluster_t.go:72: 2026-09-10T01:23:32.661Z	info	none	{"component": "memory-scheduled-queue-processor", "lifecycle": "Starting", "service": "history", "logging-call-at": "/home/ubuntu/temporal-investigation-20260909/overnight-20260909/specula-engine/runs/temporal-reset-20260909-restart-1600/temporal-reset/.specula-output/confirmation/CR-2/worktree/service/history/queues/memory_scheduled_queue.go:79"}
    shared_cluster_t.go:72: 2026-09-10T01:23:32.661Z	info	none	{"component": "memory-scheduled-queue-processor", "lifecycle": "Started", "service": "history", "logging-call-at": "/home/ubuntu/temporal-investigation-20260909/overnight-20260909/specula-engine/runs/temporal-reset-20260909-restart-1600/temporal-reset/.specula-output/confirmation/CR-2/worktree/service/history/queues/memory_scheduled_queue.go:84"}
    shared_cluster_t.go:72: 2026-09-10T01:23:32.661Z	info	none	{"address": "127.0.0.1:38881", "component": "history-engine", "lifecycle": "Started", "shard-id": 1, "logging-call-at": "/home/ubuntu/temporal-investigation-20260909/overnight-20260909/specula-engine/runs/temporal-reset-20260909-restart-1600/temporal-reset/.specula-output/confirmation/CR-2/worktree/service/history/history_engine.go:395"}
    shared_cluster_t.go:72: 2026-09-10T01:23:32.661Z	info	none	{"address": "127.0.0.1:38881", "component": "shard-engine", "lifecycle": "Started", "shard-id": 1, "logging-call-at": "/home/ubuntu/temporal-investigation-20260909/overnight-20260909/specula-engine/runs/temporal-reset-20260909-restart-1600/temporal-reset/.specula-output/confirmation/CR-2/worktree/service/history/shard/context_impl.go:1607"}
    shared_cluster_t.go:72: 2026-09-10T01:23:32.660Z	error	Queue reader unable to retrieve tasks	{"address": "127.0.0.1:38881", "component": "visibility-queue-processor", "error": "shard status unknown", "queue-reader-id": 0, "shard-id": 1, "logging-call-at": "/home/ubuntu/temporal-investigation-20260909/overnight-20260909/specula-engine/runs/temporal-reset-20260909-restart-1600/temporal-reset/.specula-output/confirmation/CR-2/worktree/service/history/queues/reader.go:457"}
        go.temporal.io/server/common/log.(*zapLogger).Error
        	/home/ubuntu/temporal-investigation-20260909/overnight-20260909/specula-engine/runs/temporal-reset-20260909-restart-1600/temporal-reset/.specula-output/confirmation/CR-2/worktree/common/log/zap_logger.go:191
        go.temporal.io/server/common/testing/testlogger.(*TestLogger).Error
        	/home/ubuntu/temporal-investigation-20260909/overnight-20260909/specula-engine/runs/temporal-reset-20260909-restart-1600/temporal-reset/.specula-output/confirmation/CR-2/worktree/common/testing/testlogger/testlogger.go:543
        go.temporal.io/server/service/history/queues.(*ReaderImpl).loadAndSubmitTasks
        	/home/ubuntu/temporal-investigation-20260909/overnight-20260909/specula-engine/runs/temporal-reset-20260909-restart-1600/temporal-reset/.specula-output/confirmation/CR-2/worktree/service/history/queues/reader.go:457
        go.temporal.io/server/service/history/queues.(*ReaderImpl).eventLoop
        	/home/ubuntu/temporal-investigation-20260909/overnight-20260909/specula-engine/runs/temporal-reset-20260909-restart-1600/temporal-reset/.specula-output/confirmation/CR-2/worktree/service/history/queues/reader.go:422
    shared_cluster_t.go:72: 2026-09-10T01:23:32.660Z	info	queue reader started	{"address": "127.0.0.1:38881", "component": "outbound-queue-processor", "lifecycle": "Started", "queue-reader-id": 0, "shard-id": 1, "logging-call-at": "/home/ubuntu/temporal-investigation-20260909/overnight-20260909/specula-engine/runs/temporal-reset-20260909-restart-1600/temporal-reset/.specula-output/confirmation/CR-2/worktree/service/history/queues/reader.go:158"}
    shared_cluster_t.go:72: 2026-09-10T01:23:32.661Z	info	queue reader started	{"address": "127.0.0.1:38881", "component": "timer-queue-processor", "lifecycle": "Started", "queue-reader-id": 0, "shard-id": 1, "logging-call-at": "/home/ubuntu/temporal-investigation-20260909/overnight-20260909/specula-engine/runs/temporal-reset-20260909-restart-1600/temporal-reset/.specula-output/confirmation/CR-2/worktree/service/history/queues/reader.go:158"}
    shared_cluster_t.go:72: 2026-09-10T01:23:32.661Z	debug	Process task as active.	{"address": "127.0.0.1:38881", "component": "timer-queue-processor", "shard-id": 1, "value": "WorkflowBackoffTimerTask{WorkflowKey: 7ec69340-d6d4-4cfc-8883-8c58979dec4d/TestWorkflowResetTestSuite/TestTraceReset_workflow_id/72ab1aa5-8987-455f-8d24-32e08e99ac94, VisibilityTimestamp: 2026-09-10 01:23:28.476 +0000 UTC, TaskID: 1048596, Version: 0, WorkflowBackoffType: Cron}", "wf-namespace-id": "7ec69340-d6d4-4cfc-8883-8c58979dec4d", "logging-call-at": "/home/ubuntu/temporal-investigation-20260909/overnight-20260909/specula-engine/runs/temporal-reset-20260909-restart-1600/temporal-reset/.specula-output/confirmation/CR-2/worktree/service/history/queues/active_standby_executor.go:121"}
    shared_cluster_t.go:72: 2026-09-10T01:23:32.663Z	debug	Frontend method invoked.	{"wf-namespace": "TestWorkflowResetTestSuite-TestTraceReset-8d05e66a-46f2-4531-b6ae-1a4a2e8a883d", "operation": "PollWorkflowTaskQueue", "server-name": "", "cert-thumbprint": "", "logging-call-at": "/home/ubuntu/temporal-investigation-20260909/overnight-20260909/specula-engine/runs/temporal-reset-20260909-restart-1600/temporal-reset/.specula-output/confirmation/CR-2/worktree/common/rpc/interceptor/namespace_logger.go:53"}
    shared_cluster_t.go:72: 2026-09-10T01:23:32.663Z	debug	Received PollWorkflowTaskQueue	{"service": "frontend", "logging-call-at": "/home/ubuntu/temporal-investigation-20260909/overnight-20260909/specula-engine/runs/temporal-reset-20260909-restart-1600/temporal-reset/.specula-output/confirmation/CR-2/worktree/service/frontend/workflow_handler.go:1079"}
    shared_cluster_t.go:72: 2026-09-10T01:23:32.663Z	debug	Poll workflow task queue.	{"service": "frontend", "wf-namespace": "TestWorkflowResetTestSuite-TestTraceReset-8d05e66a-46f2-4531-b6ae-1a4a2e8a883d", "wf-namespace-id": "7ec69340-d6d4-4cfc-8883-8c58979dec4d", "logging-call-at": "/home/ubuntu/temporal-investigation-20260909/overnight-20260909/specula-engine/runs/temporal-reset-20260909-restart-1600/temporal-reset/.specula-output/confirmation/CR-2/worktree/service/frontend/workflow_handler.go:1116"}
    shared_cluster_t.go:72: 2026-09-10T01:23:32.665Z	info	Workflow task not found	{"component": "matching-engine", "error": "workflow execution already completed", "queue-task-id": -137, "queue-task-visibility-timestamp": "2026-09-10T01:23:32.645Z", "wf-history-event-id": 5, "wf-id": "TestWorkflowResetTestSuite/TestTraceReset_workflow_id", "wf-namespace-id": "7ec69340-d6d4-4cfc-8883-8c58979dec4d", "wf-run-id": "d678427e-1868-4e46-bc75-38d6e92d5b40", "wf-task-queue-name": "TestWorkflowResetTestSuite/TestTraceReset_task_queue", "logging-call-at": "/home/ubuntu/temporal-investigation-20260909/overnight-20260909/specula-engine/runs/temporal-reset-20260909-restart-1600/temporal-reset/.specula-output/confirmation/CR-2/worktree/service/matching/matching_engine.go:820"}
    shared_cluster_t.go:72: 2026-09-10T01:23:32.711Z	debug	Process task as active.	{"address": "127.0.0.1:38881", "component": "transfer-queue-processor", "shard-id": 1, "value": "WorkflowTask{WorkflowKey: 7ec69340-d6d4-4cfc-8883-8c58979dec4d/TestWorkflowResetTestSuite/TestTraceReset_workflow_id/d678427e-1868-4e46-bc75-38d6e92d5b40, VisibilityTimestamp: 2026-09-10 01:23:32.64171519 +0000 UTC, TaskID: 1048621, TaskQueue: TestWorkflowResetTestSuite/TestTraceReset_task_queue, ScheduledEventID: 5, Version: 0}", "wf-namespace-id": "7ec69340-d6d4-4cfc-8883-8c58979dec4d", "logging-call-at": "/home/ubuntu/temporal-investigation-20260909/overnight-20260909/specula-engine/runs/temporal-reset-20260909-restart-1600/temporal-reset/.specula-output/confirmation/CR-2/worktree/service/history/queues/active_standby_executor.go:121"}
    shared_cluster_t.go:72: 2026-09-10T01:23:32.711Z	debug	Process task as active.	{"address": "127.0.0.1:38881", "component": "transfer-queue-processor", "shard-id": 1, "value": "CloseExecutionTask{WorkflowKey: 7ec69340-d6d4-4cfc-8883-8c58979dec4d/TestWorkflowResetTestSuite/TestTraceReset_workflow_id/d678427e-1868-4e46-bc75-38d6e92d5b40, VisibilityTimestamp: 2026-09-10 01:23:32.653117354 +0000 UTC, TaskID: 3145735, Version: 0, DeleteAfterClose: false, DeleteProcessStage: 0}", "wf-namespace-id": "7ec69340-d6d4-4cfc-8883-8c58979dec4d", "logging-call-at": "/home/ubuntu/temporal-investigation-20260909/overnight-20260909/specula-engine/runs/temporal-reset-20260909-restart-1600/temporal-reset/.specula-output/confirmation/CR-2/worktree/service/history/queues/active_standby_executor.go:121"}
    shared_cluster_t.go:72: 2026-09-10T01:23:32.711Z	debug	Process task as active.	{"address": "127.0.0.1:38881", "component": "transfer-queue-processor", "shard-id": 1, "value": "DeleteExecutionTask{WorkflowKey: 7ec69340-d6d4-4cfc-8883-8c58979dec4d/TestWorkflowResetTestSuite/TestTraceReset_workflow_id/72ab1aa5-8987-455f-8d24-32e08e99ac94, VisibilityTimestamp: 2026-09-10 01:23:28.484546099 +0000 UTC, TaskID: 1048611, ProcessStage: 0}", "wf-namespace-id": "7ec69340-d6d4-4cfc-8883-8c58979dec4d", "logging-call-at": "/home/ubuntu/temporal-investigation-20260909/overnight-20260909/specula-engine/runs/temporal-reset-20260909-restart-1600/temporal-reset/.specula-output/confirmation/CR-2/worktree/service/history/queues/active_standby_executor.go:121"}
    shared_cluster_t.go:72: 2026-09-10T01:23:32.711Z	debug	Process task as active.	{"address": "127.0.0.1:38881", "component": "transfer-queue-processor", "shard-id": 1, "value": "WorkflowTask{WorkflowKey: 7ec69340-d6d4-4cfc-8883-8c58979dec4d/TestWorkflowResetTestSuite/TestTraceReset_workflow_id/bc29805c-6bb8-457d-a445-e806ff4b494c, VisibilityTimestamp: 2026-09-10 01:23:32.653117354 +0000 UTC, TaskID: 3145738, TaskQueue: TestWorkflowResetTestSuite/TestTraceReset_task_queue, ScheduledEventID: 5, Version: 0}", "wf-namespace-id": "7ec69340-d6d4-4cfc-8883-8c58979dec4d", "logging-call-at": "/home/ubuntu/temporal-investigation-20260909/overnight-20260909/specula-engine/runs/temporal-reset-20260909-restart-1600/temporal-reset/.specula-output/confirmation/CR-2/worktree/service/history/queues/active_standby_executor.go:121"}
    shared_cluster_t.go:72: 2026-09-10T01:23:32.712Z	debug	Workflow task updated	{"address": "127.0.0.1:38881", "attempt": 1, "shard-id": 1, "wf-id": "TestWorkflowResetTestSuite/TestTraceReset_workflow_id", "wf-namespace": "TestWorkflowResetTestSuite-TestTraceReset-8d05e66a-46f2-4531-b6ae-1a4a2e8a883d", "wf-namespace-id": "7ec69340-d6d4-4cfc-8883-8c58979dec4d", "wf-run-id": "bc29805c-6bb8-457d-a445-e806ff4b494c", "wf-scheduled-event-id": 5, "wf-started-event-id": 6, "wf-started-timestamp": "2026-09-10T01:23:32.712Z", "workflow-task-request-id": "79f2eb58-dd4a-4433-a595-c34f14c96d12", "workflow-task-timeout": 60, "wt-type": "Normal", "logging-call-at": "/home/ubuntu/temporal-investigation-20260909/overnight-20260909/specula-engine/runs/temporal-reset-20260909-restart-1600/temporal-reset/.specula-output/confirmation/CR-2/worktree/common/log/lazy_logger.go:30"}
    shared_cluster_t.go:72: 2026-09-10T01:23:32.712Z	debug	time skipping skipped for: time skipping is not enabled	{"address": "127.0.0.1:38881", "shard-id": 1, "wf-id": "TestWorkflowResetTestSuite/TestTraceReset_workflow_id", "wf-namespace": "TestWorkflowResetTestSuite-TestTraceReset-8d05e66a-46f2-4531-b6ae-1a4a2e8a883d", "wf-namespace-id": "7ec69340-d6d4-4cfc-8883-8c58979dec4d", "wf-run-id": "bc29805c-6bb8-457d-a445-e806ff4b494c", "logging-call-at": "/home/ubuntu/temporal-investigation-20260909/overnight-20260909/specula-engine/runs/temporal-reset-20260909-restart-1600/temporal-reset/.specula-output/confirmation/CR-2/worktree/common/log/lazy_logger.go:30"}
    shared_cluster_t.go:72: 2026-09-10T01:23:32.712Z	debug	Assigning new task key	{"address": "127.0.0.1:38881", "cursor-timestamp": "2026-09-10T01:23:33.661Z", "queue-task-id": 4194306, "queue-task-type": "WorkflowTaskTimeout", "shard-id": 1, "timestamp": "2026-09-10T01:24:32.713Z", "wf-id": "TestWorkflowResetTestSuite/TestTraceReset_workflow_id", "wf-namespace-id": "7ec69340-d6d4-4cfc-8883-8c58979dec4d", "wf-run-id": "bc29805c-6bb8-457d-a445-e806ff4b494c", "logging-call-at": "/home/ubuntu/temporal-investigation-20260909/overnight-20260909/specula-engine/runs/temporal-reset-20260909-restart-1600/temporal-reset/.specula-output/confirmation/CR-2/worktree/service/history/shard/task_key_generator.go:98"}
    shared_cluster_t.go:72: 2026-09-10T01:23:32.715Z	debug	routing key extraction: adding routing key to context	{"wf-id": "TestWorkflowResetTestSuite/TestTraceReset_workflow_id", "grpc-method": "/temporal.api.workflowservice.v1.WorkflowService/RespondWorkflowTaskCompleted", "logging-call-at": "/home/ubuntu/temporal-investigation-20260909/overnight-20260909/specula-engine/runs/temporal-reset-20260909-restart-1600/temporal-reset/.specula-output/confirmation/CR-2/worktree/common/rpc/interceptor/routing_key_interceptor.go:112"}
    shared_cluster_t.go:72: 2026-09-10T01:23:32.715Z	debug	Frontend method invoked.	{"wf-namespace": "TestWorkflowResetTestSuite-TestTraceReset-8d05e66a-46f2-4531-b6ae-1a4a2e8a883d", "operation": "RespondWorkflowTaskCompleted", "server-name": "", "cert-thumbprint": "", "logging-call-at": "/home/ubuntu/temporal-investigation-20260909/overnight-20260909/specula-engine/runs/temporal-reset-20260909-restart-1600/temporal-reset/.specula-output/confirmation/CR-2/worktree/common/rpc/interceptor/namespace_logger.go:53"}
    shared_cluster_t.go:72: 2026-09-10T01:23:32.715Z	debug	RespondWorkflowTaskCompleted	{"service": "history", "wf-id": "TestWorkflowResetTestSuite/TestTraceReset_workflow_id", "wf-namespace-id": "7ec69340-d6d4-4cfc-8883-8c58979dec4d", "wf-run-id": "bc29805c-6bb8-457d-a445-e806ff4b494c", "wf-scheduled-event-id": 5, "logging-call-at": "/home/ubuntu/temporal-investigation-20260909/overnight-20260909/specula-engine/runs/temporal-reset-20260909-restart-1600/temporal-reset/.specula-output/confirmation/CR-2/worktree/service/history/handler.go:558"}
    shared_cluster_t.go:72: 2026-09-10T01:23:32.715Z	debug	Workflow task updated	{"address": "127.0.0.1:38881", "attempt": 1, "shard-id": 1, "wf-id": "TestWorkflowResetTestSuite/TestTraceReset_workflow_id", "wf-namespace": "TestWorkflowResetTestSuite-TestTraceReset-8d05e66a-46f2-4531-b6ae-1a4a2e8a883d", "wf-namespace-id": "7ec69340-d6d4-4cfc-8883-8c58979dec4d", "wf-run-id": "bc29805c-6bb8-457d-a445-e806ff4b494c", "wf-scheduled-event-id": 0, "wf-started-event-id": 0, "wf-started-timestamp": "1970-01-01T00:00:00.000Z", "workflow-task-request-id": "emptyUuid", "workflow-task-timeout": 0, "wt-type": "Unspecified", "logging-call-at": "/home/ubuntu/temporal-investigation-20260909/overnight-20260909/specula-engine/runs/temporal-reset-20260909-restart-1600/temporal-reset/.specula-output/confirmation/CR-2/worktree/common/log/lazy_logger.go:30"}
    shared_cluster_t.go:72: 2026-09-10T01:23:32.716Z	debug	time skipping skipped for: time skipping is not enabled	{"address": "127.0.0.1:38881", "shard-id": 1, "wf-id": "TestWorkflowResetTestSuite/TestTraceReset_workflow_id", "wf-namespace": "TestWorkflowResetTestSuite-TestTraceReset-8d05e66a-46f2-4531-b6ae-1a4a2e8a883d", "wf-namespace-id": "7ec69340-d6d4-4cfc-8883-8c58979dec4d", "wf-run-id": "bc29805c-6bb8-457d-a445-e806ff4b494c", "logging-call-at": "/home/ubuntu/temporal-investigation-20260909/overnight-20260909/specula-engine/runs/temporal-reset-20260909-restart-1600/temporal-reset/.specula-output/confirmation/CR-2/worktree/common/log/lazy_logger.go:30"}
    shared_cluster_t.go:72: 2026-09-10T01:23:32.716Z	debug	Assigning new task key	{"address": "127.0.0.1:38881", "cursor-timestamp": "2026-09-10T01:23:33.661Z", "queue-task-id": 4194311, "queue-task-type": "VisibilityCloseExecution", "shard-id": 1, "timestamp": "2026-09-10T01:23:32.716Z", "wf-id": "TestWorkflowResetTestSuite/TestTraceReset_workflow_id", "wf-namespace-id": "7ec69340-d6d4-4cfc-8883-8c58979dec4d", "wf-run-id": "bc29805c-6bb8-457d-a445-e806ff4b494c", "logging-call-at": "/home/ubuntu/temporal-investigation-20260909/overnight-20260909/specula-engine/runs/temporal-reset-20260909-restart-1600/temporal-reset/.specula-output/confirmation/CR-2/worktree/service/history/shard/task_key_generator.go:98"}
    shared_cluster_t.go:72: 2026-09-10T01:23:32.716Z	debug	Assigning new task key	{"address": "127.0.0.1:38881", "cursor-timestamp": "2026-09-10T01:23:33.661Z", "queue-task-id": 4194312, "queue-task-type": "DeleteHistoryEvent", "shard-id": 1, "timestamp": "2026-09-11T01:23:33.456Z", "wf-id": "TestWorkflowResetTestSuite/TestTraceReset_workflow_id", "wf-namespace-id": "7ec69340-d6d4-4cfc-8883-8c58979dec4d", "wf-run-id": "bc29805c-6bb8-457d-a445-e806ff4b494c", "logging-call-at": "/home/ubuntu/temporal-investigation-20260909/overnight-20260909/specula-engine/runs/temporal-reset-20260909-restart-1600/temporal-reset/.specula-output/confirmation/CR-2/worktree/service/history/shard/task_key_generator.go:98"}
    shared_cluster_t.go:72: 2026-09-10T01:23:32.716Z	debug	Assigning new task key	{"address": "127.0.0.1:38881", "cursor-timestamp": "2026-09-10T01:23:33.661Z", "queue-task-id": 4194313, "queue-task-type": "TransferCloseExecution", "shard-id": 1, "timestamp": "2026-09-10T01:23:32.716Z", "wf-id": "TestWorkflowResetTestSuite/TestTraceReset_workflow_id", "wf-namespace-id": "7ec69340-d6d4-4cfc-8883-8c58979dec4d", "wf-run-id": "bc29805c-6bb8-457d-a445-e806ff4b494c", "logging-call-at": "/home/ubuntu/temporal-investigation-20260909/overnight-20260909/specula-engine/runs/temporal-reset-20260909-restart-1600/temporal-reset/.specula-output/confirmation/CR-2/worktree/service/history/shard/task_key_generator.go:98"}
    shared_cluster_t.go:72: 2026-09-10T01:23:32.717Z	debug	Process task as active.	{"address": "127.0.0.1:38881", "component": "transfer-queue-processor", "shard-id": 1, "value": "CloseExecutionTask{WorkflowKey: 7ec69340-d6d4-4cfc-8883-8c58979dec4d/TestWorkflowResetTestSuite/TestTraceReset_workflow_id/bc29805c-6bb8-457d-a445-e806ff4b494c, VisibilityTimestamp: 2026-09-10 01:23:32.716171698 +0000 UTC, TaskID: 4194313, Version: 0, DeleteAfterClose: false, DeleteProcessStage: 0}", "wf-namespace-id": "7ec69340-d6d4-4cfc-8883-8c58979dec4d", "logging-call-at": "/home/ubuntu/temporal-investigation-20260909/overnight-20260909/specula-engine/runs/temporal-reset-20260909-restart-1600/temporal-reset/.specula-output/confirmation/CR-2/worktree/service/history/queues/active_standby_executor.go:121"}
    shared_cluster_t.go:72: 2026-09-10T01:23:32.720Z	debug	routing key extraction: adding routing key to context	{"wf-id": "TestWorkflowResetTestSuite/TestTraceReset_workflow_id", "grpc-method": "/temporal.api.workflowservice.v1.WorkflowService/GetWorkflowExecutionHistory", "logging-call-at": "/home/ubuntu/temporal-investigation-20260909/overnight-20260909/specula-engine/runs/temporal-reset-20260909-restart-1600/temporal-reset/.specula-output/confirmation/CR-2/worktree/common/rpc/interceptor/routing_key_interceptor.go:112"}
    shared_cluster_t.go:72: 2026-09-10T01:23:32.720Z	debug	Frontend method invoked.	{"wf-namespace": "TestWorkflowResetTestSuite-TestTraceReset-8d05e66a-46f2-4531-b6ae-1a4a2e8a883d", "operation": "GetWorkflowExecutionHistory", "server-name": "", "cert-thumbprint": "", "logging-call-at": "/home/ubuntu/temporal-investigation-20260909/overnight-20260909/specula-engine/runs/temporal-reset-20260909-restart-1600/temporal-reset/.specula-output/confirmation/CR-2/worktree/common/rpc/interceptor/namespace_logger.go:53"}
    reset_trace_test.go:248: scenario=missing-commit-lost start=ec5d6b25-e76b-40b9-b153-b8d4886b6440 reset=b03d3f71-604f-4d65-a791-2d80bbe620ae first=bc29805c-6bb8-457d-a445-e806ff4b494c final=bc29805c-6bb8-457d-a445-e806ff4b494c faults=1 finalStatus=Completed
    reset_trace_test.go:45: 
        	Error Trace:	/home/ubuntu/temporal-investigation-20260909/overnight-20260909/specula-engine/runs/temporal-reset-20260909-restart-1600/temporal-reset/.specula-output/confirmation/CR-2/worktree/tests/reset_trace_test.go:45
        	            				/home/ubuntu/temporal-investigation-20260909/overnight-20260909/specula-engine/runs/temporal-reset-20260909-restart-1600/temporal-reset/.specula-output/confirmation/CR-2/worktree/tests/reset_trace_test.go:249
        	            				/home/ubuntu/go/pkg/mod/golang.org/toolchain@v0.0.1-go1.27.0.linux-amd64/src/runtime/asm_amd64.s:1264
        	Error:      	Received unexpected error:
        	            	unable to open database file (14)
        	            	unable to open database file (14)
        	            	unable to open database file (14)
        	            	unable to open database file (14)
        	            	unable to open database file (14)
        	            	unable to open database file (14)
        	            	unable to open database file (14)
        	            	unable to open database file (14)
        	            	unable to open database file (14)
        	            	unable to open database file (14)
        	            	unable to open database file (14)
        	            	unable to open database file (14)
        	            	unable to open database file (14)
        	            	unable to open database file (14)
        	            	unable to open database file (14)
        	            	unable to open database file (14)
        	            	unable to open database file (14)
        	            	unable to open database file (14)
        	            	unable to open database file (14)
        	            	unable to open database file (14)
        	            	unable to open database file (14)
        	            	unable to open database file (14)
        	            	unable to open database file (14)
        	            	unable to open database file (14)
        	            	unable to open database file (14)
        	            	unable to open database file (14)
        	            	unable to open database file (14)
        	            	unable to open database file (14)
        	            	unable to open database file (14)
        	            	unable to open database file (14)
        	            	unable to open database file (14)
        	            	unable to open database file (14)
        	            	unable to open database file (14)
        	            	unable to open database file (14)
        	            	unable to open database file (14)
        	            	unable to open database file (14)
        	            	unable to open database file (14)
        	            	unable to open database file (14)
        	            	unable to open database file (14)
        	            	unable to open database file (14)
        	            	unable to open database file (14)
        	            	unable to open database file (14)
        	            	unable to open database file (14)
        	            	unable to open database file (14)
        	            	unable to open database file (14)
        	            	unable to open database file (14)
        	            	unable to open database file (14)
        	            	unable to open database file (14)
        	            	unable to open database file (14)
        	            	unable to open database file (14)
        	            	unable to open database file (14)
        	            	unable to open database file (14)
        	            	unable to open database file (14)
        	            	unable to open database file (14)
        	            	unable to open database file (14)
        	            	unable to open database file (14)
        	            	unable to open database file (14)
        	            	unable to open database file (14)
        	            	unable to open database file (14)
        	            	unable to open database file (14)
        	            	unable to open database file (14)
        	            	unable to open database file (14)
        	            	unable to open database file (14)
        	            	unable to open database file (14)
        	            	unable to open database file (14)
        	            	unable to open database file (14)
        	            	unable to open database file (14)
        	            	unable to open database file (14)
        	            	unable to open database file (14)
        	            	unable to open database file (14)
        	            	unable to open database file (14)
        	            	unable to open database file (14)
        	            	unable to open database file (14)
        	            	unable to open database file (14)
        	            	unable to open database file (14)
        	            	unable to open database file (14)
        	            	unable to open database file (14)
        	            	unable to open database file (14)
        	            	unable to open database file (14)
        	            	unable to open database file (14)
        	            	unable to open database file (14)
        	            	unable to open database file (14)
        	            	unable to open database file (14)
        	            	unable to open database file (14)
        	            	unable to open database file (14)
        	            	unable to open database file (14)
        	            	unable to open database file (14)
        	            	unable to open database file (14)
        	            	unable to open database file (14)
        	            	unable to open database file (14)
        	            	unable to open database file (14)
        	            	unable to open database file (14)
        	            	unable to open database file (14)
        	            	unable to open database file (14)
        	            	unable to open database file (14)
        	            	unable to open database file (14)
        	            	unable to open database file (14)
        	            	unable to open database file (14)
        	            	unable to open database file (14)
        	            	unable to open database file (14)
        	            	unable to open database file (14)
        	            	unable to open database file (14)
        	            	unable to open database file (14)
        	            	unable to open database file (14)
        	            	unable to open database file (14)
        	            	unable to open database file (14)
        	            	unable to open database file (14)
        	            	unable to open database file (14)
        	            	unable to open database file (14)
        	            	unable to open database file (14)
        	            	unable to open database file (14)
        	            	unable to open database file (14)
        	            	unable to open database file (14)
        	            	unable to open database file (14)
        	            	unable to open database file (14)
        	            	unable to open database file (14)
        	            	unable to open database file (14)
        	            	unable to open database file (14)
        	            	unable to open database file (14)
        	            	unable to open database file (14)
        	            	unable to open database file (14)
        	            	unable to open database file (14)
        	            	unable to open database file (14)
        	            	unable to open database file (14)
        	            	unable to open database file (14)
        	            	unable to open database file (14)
        	            	unable to open database file (14)
        	            	unable to open database file (14)
        	            	unable to open database file (14)
        	            	unable to open database file (14)
        	            	unable to open database file (14)
        	            	unable to open database file (14)
        	            	unable to open database file (14)
        	            	unable to open database file (14)
        	            	unable to open database file (14)
        	            	unable to open database file (14)
        	            	unable to open database file (14)
        	            	unable to open database file (14)
        	            	unable to open database file (14)
        	            	unable to open database file (14)
        	            	unable to open database file (14)
        	            	unable to open database file (14)
        	            	unable to open database file (14)
        	            	unable to open database file (14)
        	            	unable to open database file (14)
        	            	unable to open database file (14)
        	            	unable to open database file (14)
        	            	unable to open database file (14)
        	            	unable to open database file (14)
        	            	unable to open database file (14)
        	            	unable to open database file (14)
        	            	unable to open database file (14)
        	            	unable to open database file (14)
        	            	unable to open database file (14)
        	Test:       	TestWorkflowResetTestSuite/TestTraceReset
2026-09-10T01:23:32.726Z	info	ShutdownHandler: Updating gRPC health status to ShuttingDown	{"service": "frontend", "logging-call-at": "/home/ubuntu/temporal-investigation-20260909/overnight-20260909/specula-engine/runs/temporal-reset-20260909-restart-1600/temporal-reset/.specula-output/confirmation/CR-2/worktree/service/frontend/service.go:565"}
2026-09-10T01:23:32.726Z	info	ShutdownHandler: Waiting for others to discover I am unhealthy	{"service": "frontend", "logging-call-at": "/home/ubuntu/temporal-investigation-20260909/overnight-20260909/specula-engine/runs/temporal-reset-20260909-restart-1600/temporal-reset/.specula-output/confirmation/CR-2/worktree/service/frontend/service.go:569"}
2026-09-10T01:23:32.726Z	info	ShutdownHandler: Draining traffic	{"service": "frontend", "logging-call-at": "/home/ubuntu/temporal-investigation-20260909/overnight-20260909/specula-engine/runs/temporal-reset-20260909-restart-1600/temporal-reset/.specula-output/confirmation/CR-2/worktree/service/frontend/service.go:578"}
2026-09-10T01:23:32.727Z	info	frontend stopped	{"service": "frontend", "logging-call-at": "/home/ubuntu/temporal-investigation-20260909/overnight-20260909/specula-engine/runs/temporal-reset-20260909-restart-1600/temporal-reset/.specula-output/confirmation/CR-2/worktree/service/frontend/service.go:600"}
2026-09-10T01:23:32.727Z	info	RuntimeMetricsReporter stopped	{"service": "frontend", "logging-call-at": "/home/ubuntu/temporal-investigation-20260909/overnight-20260909/specula-engine/runs/temporal-reset-20260909-restart-1600/temporal-reset/.specula-output/confirmation/CR-2/worktree/common/metrics/runtime.go:127"}
2026-09-10T01:23:32.727Z	warn	network dial error	{"address": "127.0.0.1:33019", "connectAddr": "127.0.0.1:33019", "connectDuration": 0.000148469, "connectErr": "dial tcp 127.0.0.1:33019: connect: connection refused", "error": "dial tcp 127.0.0.1:33019: connect: connection refused", "error-type": "net.OpError", "service": "client", "totalDuration": 0.000158103, "logging-call-at": "/home/ubuntu/temporal-investigation-20260909/overnight-20260909/specula-engine/runs/temporal-reset-20260909-restart-1600/temporal-reset/.specula-output/confirmation/CR-2/worktree/common/rpc/dial_tracer.go:73"}
2026-09-10T01:23:32.727Z	warn	network dial error	{"address": "membership://frontend~0xcf9900103d0", "connectAddr": "127.0.0.1:33019", "connectDuration": 0.000153571, "connectErr": "dial tcp 127.0.0.1:33019: connect: connection refused", "error": "dial tcp 127.0.0.1:33019: connect: connection refused", "error-type": "net.OpError", "service": "client", "totalDuration": 0.000163146, "logging-call-at": "/home/ubuntu/temporal-investigation-20260909/overnight-20260909/specula-engine/runs/temporal-reset-20260909-restart-1600/temporal-reset/.specula-output/confirmation/CR-2/worktree/common/rpc/dial_tracer.go:73"}
2026-09-10T01:23:32.727Z	info	ShutdownHandler: Evicting self from membership ring immediately	{"logging-call-at": "/home/ubuntu/temporal-investigation-20260909/overnight-20260909/specula-engine/runs/temporal-reset-20260909-restart-1600/temporal-reset/.specula-output/confirmation/CR-2/worktree/service/history/service.go:129"}
2026-09-10T01:23:32.727Z	info	ShutdownHandler: Waiting for drain	{"logging-call-at": "/home/ubuntu/temporal-investigation-20260909/overnight-20260909/specula-engine/runs/temporal-reset-20260909-restart-1600/temporal-reset/.specula-output/confirmation/CR-2/worktree/service/history/service.go:137"}
2026-09-10T01:23:32.727Z	info	ShutdownHandler: Initiating handler shutdown	{"logging-call-at": "/home/ubuntu/temporal-investigation-20260909/overnight-20260909/specula-engine/runs/temporal-reset-20260909-restart-1600/temporal-reset/.specula-output/confirmation/CR-2/worktree/service/history/service.go:156"}
2026-09-10T01:23:32.727Z	info	StreamReceiverMonitor stopped.	{"logging-call-at": "/home/ubuntu/temporal-investigation-20260909/overnight-20260909/specula-engine/runs/temporal-reset-20260909-restart-1600/temporal-reset/.specula-output/confirmation/CR-2/worktree/service/history/replication/stream_receiver_monitor.go:115"}
2026-09-10T01:23:32.727Z	info	Replication task fetchers stopped.	{"logging-call-at": "/home/ubuntu/temporal-investigation-20260909/overnight-20260909/specula-engine/runs/temporal-reset-20260909-restart-1600/temporal-reset/.specula-output/confirmation/CR-2/worktree/service/history/replication/task_fetcher.go:136"}
2026-09-10T01:23:32.727Z	info	none	{"address": "127.0.0.1:38881", "component": "shard-controller", "lifecycle": "Stopping", "logging-call-at": "/home/ubuntu/temporal-investigation-20260909/overnight-20260909/specula-engine/runs/temporal-reset-20260909-restart-1600/temporal-reset/.specula-output/confirmation/CR-2/worktree/service/history/shard/controller_impl.go:529"}
2026-09-10T01:23:32.727Z	info	none	{"address": "127.0.0.1:38881", "component": "shard-context", "lifecycle": "Stopped", "shard-id": 1, "logging-call-at": "/home/ubuntu/temporal-investigation-20260909/overnight-20260909/specula-engine/runs/temporal-reset-20260909-restart-1600/temporal-reset/.specula-output/confirmation/CR-2/worktree/service/history/shard/context_impl.go:1783"}
2026-09-10T01:23:32.727Z	info	none	{"address": "127.0.0.1:38881", "component": "shard-engine", "lifecycle": "Stopping", "shard-id": 1, "logging-call-at": "/home/ubuntu/temporal-investigation-20260909/overnight-20260909/specula-engine/runs/temporal-reset-20260909-restart-1600/temporal-reset/.specula-output/confirmation/CR-2/worktree/service/history/shard/context_impl.go:1631"}
2026-09-10T01:23:32.727Z	info	none	{"address": "127.0.0.1:38881", "component": "history-engine", "lifecycle": "Stopping", "shard-id": 1, "logging-call-at": "/home/ubuntu/temporal-investigation-20260909/overnight-20260909/specula-engine/runs/temporal-reset-20260909-restart-1600/temporal-reset/.specula-output/confirmation/CR-2/worktree/service/history/history_engine.go:407"}
2026-09-10T01:23:32.727Z	info	none	{"component": "memory-scheduled-queue-processor", "lifecycle": "Stopping", "service": "history", "logging-call-at": "/home/ubuntu/temporal-investigation-20260909/overnight-20260909/specula-engine/runs/temporal-reset-20260909-restart-1600/temporal-reset/.specula-output/confirmation/CR-2/worktree/service/history/queues/memory_scheduled_queue.go:91"}
2026-09-10T01:23:32.727Z	info	none	{"component": "memory-scheduled-queue-processor", "lifecycle": "Stopped", "service": "history", "logging-call-at": "/home/ubuntu/temporal-investigation-20260909/overnight-20260909/specula-engine/runs/temporal-reset-20260909-restart-1600/temporal-reset/.specula-output/confirmation/CR-2/worktree/service/history/queues/memory_scheduled_queue.go:99"}
2026-09-10T01:23:32.727Z	info	none	{"address": "127.0.0.1:38881", "component": "visibility-queue-processor", "lifecycle": "Stopping", "shard-id": 1, "logging-call-at": "/home/ubuntu/temporal-investigation-20260909/overnight-20260909/specula-engine/runs/temporal-reset-20260909-restart-1600/temporal-reset/.specula-output/confirmation/CR-2/worktree/service/history/queues/queue_immediate.go:112"}
2026-09-10T01:23:32.727Z	info	queue reader stopped	{"address": "127.0.0.1:38881", "component": "visibility-queue-processor", "lifecycle": "Stopped", "queue-reader-id": 0, "shard-id": 1, "logging-call-at": "/home/ubuntu/temporal-investigation-20260909/overnight-20260909/specula-engine/runs/temporal-reset-20260909-restart-1600/temporal-reset/.specula-output/confirmation/CR-2/worktree/service/history/queues/reader.go:177"}
2026-09-10T01:23:32.727Z	info	Task rescheduler stopped.	{"address": "127.0.0.1:38881", "component": "visibility-queue-processor", "lifecycle": "Stopped", "shard-id": 1, "logging-call-at": "/home/ubuntu/temporal-investigation-20260909/overnight-20260909/specula-engine/runs/temporal-reset-20260909-restart-1600/temporal-reset/.specula-output/confirmation/CR-2/worktree/service/history/queues/rescheduler.go:117"}
2026-09-10T01:23:32.727Z	info	none	{"address": "127.0.0.1:38881", "component": "visibility-queue-processor", "lifecycle": "Stopped", "shard-id": 1, "logging-call-at": "/home/ubuntu/temporal-investigation-20260909/overnight-20260909/specula-engine/runs/temporal-reset-20260909-restart-1600/temporal-reset/.specula-output/confirmation/CR-2/worktree/service/history/queues/queue_immediate.go:122"}
2026-09-10T01:23:32.727Z	info	none	{"address": "127.0.0.1:38881", "component": "transfer-queue-processor", "lifecycle": "Stopping", "shard-id": 1, "logging-call-at": "/home/ubuntu/temporal-investigation-20260909/overnight-20260909/specula-engine/runs/temporal-reset-20260909-restart-1600/temporal-reset/.specula-output/confirmation/CR-2/worktree/service/history/queues/queue_immediate.go:112"}
2026-09-10T01:23:32.727Z	info	queue reader stopped	{"address": "127.0.0.1:38881", "component": "transfer-queue-processor", "lifecycle": "Stopped", "queue-reader-id": 0, "shard-id": 1, "logging-call-at": "/home/ubuntu/temporal-investigation-20260909/overnight-20260909/specula-engine/runs/temporal-reset-20260909-restart-1600/temporal-reset/.specula-output/confirmation/CR-2/worktree/service/history/queues/reader.go:177"}
2026-09-10T01:23:32.727Z	info	Task rescheduler stopped.	{"address": "127.0.0.1:38881", "component": "transfer-queue-processor", "lifecycle": "Stopped", "shard-id": 1, "logging-call-at": "/home/ubuntu/temporal-investigation-20260909/overnight-20260909/specula-engine/runs/temporal-reset-20260909-restart-1600/temporal-reset/.specula-output/confirmation/CR-2/worktree/service/history/queues/rescheduler.go:117"}
2026-09-10T01:23:32.727Z	info	none	{"address": "127.0.0.1:38881", "component": "transfer-queue-processor", "lifecycle": "Stopped", "shard-id": 1, "logging-call-at": "/home/ubuntu/temporal-investigation-20260909/overnight-20260909/specula-engine/runs/temporal-reset-20260909-restart-1600/temporal-reset/.specula-output/confirmation/CR-2/worktree/service/history/queues/queue_immediate.go:122"}
2026-09-10T01:23:32.727Z	info	none	{"address": "127.0.0.1:38881", "component": "outbound-queue-processor", "lifecycle": "Stopping", "shard-id": 1, "logging-call-at": "/home/ubuntu/temporal-investigation-20260909/overnight-20260909/specula-engine/runs/temporal-reset-20260909-restart-1600/temporal-reset/.specula-output/confirmation/CR-2/worktree/service/history/queues/queue_immediate.go:112"}
2026-09-10T01:23:32.727Z	info	queue reader stopped	{"address": "127.0.0.1:38881", "component": "outbound-queue-processor", "lifecycle": "Stopped", "queue-reader-id": 0, "shard-id": 1, "logging-call-at": "/home/ubuntu/temporal-investigation-20260909/overnight-20260909/specula-engine/runs/temporal-reset-20260909-restart-1600/temporal-reset/.specula-output/confirmation/CR-2/worktree/service/history/queues/reader.go:177"}
2026-09-10T01:23:32.727Z	info	Task rescheduler stopped.	{"address": "127.0.0.1:38881", "component": "outbound-queue-processor", "lifecycle": "Stopped", "shard-id": 1, "logging-call-at": "/home/ubuntu/temporal-investigation-20260909/overnight-20260909/specula-engine/runs/temporal-reset-20260909-restart-1600/temporal-reset/.specula-output/confirmation/CR-2/worktree/service/history/queues/rescheduler.go:117"}
2026-09-10T01:23:32.727Z	info	none	{"address": "127.0.0.1:38881", "component": "outbound-queue-processor", "lifecycle": "Stopped", "shard-id": 1, "logging-call-at": "/home/ubuntu/temporal-investigation-20260909/overnight-20260909/specula-engine/runs/temporal-reset-20260909-restart-1600/temporal-reset/.specula-output/confirmation/CR-2/worktree/service/history/queues/queue_immediate.go:122"}
2026-09-10T01:23:32.727Z	info	none	{"address": "127.0.0.1:38881", "component": "timer-queue-processor", "lifecycle": "Stopping", "shard-id": 1, "logging-call-at": "/home/ubuntu/temporal-investigation-20260909/overnight-20260909/specula-engine/runs/temporal-reset-20260909-restart-1600/temporal-reset/.specula-output/confirmation/CR-2/worktree/service/history/queues/queue_scheduled.go:146"}
2026-09-10T01:23:32.727Z	info	queue reader stopped	{"address": "127.0.0.1:38881", "component": "timer-queue-processor", "lifecycle": "Stopped", "queue-reader-id": 0, "shard-id": 1, "logging-call-at": "/home/ubuntu/temporal-investigation-20260909/overnight-20260909/specula-engine/runs/temporal-reset-20260909-restart-1600/temporal-reset/.specula-output/confirmation/CR-2/worktree/service/history/queues/reader.go:177"}
2026-09-10T01:23:32.727Z	info	Task rescheduler stopped.	{"address": "127.0.0.1:38881", "component": "timer-queue-processor", "lifecycle": "Stopped", "shard-id": 1, "logging-call-at": "/home/ubuntu/temporal-investigation-20260909/overnight-20260909/specula-engine/runs/temporal-reset-20260909-restart-1600/temporal-reset/.specula-output/confirmation/CR-2/worktree/service/history/queues/rescheduler.go:117"}
2026-09-10T01:23:32.727Z	info	none	{"address": "127.0.0.1:38881", "component": "timer-queue-processor", "lifecycle": "Stopped", "shard-id": 1, "logging-call-at": "/home/ubuntu/temporal-investigation-20260909/overnight-20260909/specula-engine/runs/temporal-reset-20260909-restart-1600/temporal-reset/.specula-output/confirmation/CR-2/worktree/service/history/queues/queue_scheduled.go:157"}
2026-09-10T01:23:32.727Z	info	none	{"address": "127.0.0.1:38881", "component": "history-engine", "lifecycle": "Stopped", "shard-id": 1, "logging-call-at": "/home/ubuntu/temporal-investigation-20260909/overnight-20260909/specula-engine/runs/temporal-reset-20260909-restart-1600/temporal-reset/.specula-output/confirmation/CR-2/worktree/service/history/history_engine.go:416"}
2026-09-10T01:23:32.727Z	info	none	{"address": "127.0.0.1:38881", "component": "shard-engine", "lifecycle": "Stopped", "shard-id": 1, "logging-call-at": "/home/ubuntu/temporal-investigation-20260909/overnight-20260909/specula-engine/runs/temporal-reset-20260909-restart-1600/temporal-reset/.specula-output/confirmation/CR-2/worktree/service/history/shard/context_impl.go:1633"}
2026-09-10T01:23:32.727Z	debug	finalizer starting	{"address": "127.0.0.1:38881", "items": 3, "shard-id": 1, "timeout": 2, "logging-call-at": "/home/ubuntu/temporal-investigation-20260909/overnight-20260909/specula-engine/runs/temporal-reset-20260909-restart-1600/temporal-reset/.specula-output/confirmation/CR-2/worktree/common/finalizer/finalizer.go:108"}
2026-09-10T01:23:32.727Z	debug	finalizer completed	{"address": "127.0.0.1:38881", "completed": 3, "shard-id": 1, "logging-call-at": "/home/ubuntu/temporal-investigation-20260909/overnight-20260909/specula-engine/runs/temporal-reset-20260909-restart-1600/temporal-reset/.specula-output/confirmation/CR-2/worktree/common/finalizer/finalizer.go:152"}
2026-09-10T01:23:32.728Z	info	none	{"address": "127.0.0.1:38881", "component": "shard-controller", "lifecycle": "Stopped", "logging-call-at": "/home/ubuntu/temporal-investigation-20260909/overnight-20260909/specula-engine/runs/temporal-reset-20260909-restart-1600/temporal-reset/.specula-output/confirmation/CR-2/worktree/service/history/shard/controller_impl.go:126"}
2026-09-10T01:23:32.728Z	info	history stopped	{"logging-call-at": "/home/ubuntu/temporal-investigation-20260909/overnight-20260909/specula-engine/runs/temporal-reset-20260909-restart-1600/temporal-reset/.specula-output/confirmation/CR-2/worktree/service/history/service.go:175"}
2026-09-10T01:23:32.728Z	info	RuntimeMetricsReporter stopped	{"service": "history", "logging-call-at": "/home/ubuntu/temporal-investigation-20260909/overnight-20260909/specula-engine/runs/temporal-reset-20260909-restart-1600/temporal-reset/.specula-output/confirmation/CR-2/worktree/common/metrics/runtime.go:127"}
2026-09-10T01:23:32.728Z	info	Update worker pool size	{"key": "worker-pool-size", "service": "history", "value": 0, "logging-call-at": "/home/ubuntu/temporal-investigation-20260909/overnight-20260909/specula-engine/runs/temporal-reset-20260909-restart-1600/temporal-reset/.specula-output/confirmation/CR-2/worktree/common/tasks/fifo_scheduler.go:138"}
2026-09-10T01:23:32.728Z	info	fifo scheduler stopped	{"service": "history", "logging-call-at": "/home/ubuntu/temporal-investigation-20260909/overnight-20260909/specula-engine/runs/temporal-reset-20260909-restart-1600/temporal-reset/.specula-output/confirmation/CR-2/worktree/common/tasks/fifo_scheduler.go:89"}
2026-09-10T01:23:32.728Z	info	execution queue scheduler stopped	{"service": "history", "logging-call-at": "/home/ubuntu/temporal-investigation-20260909/overnight-20260909/specula-engine/runs/temporal-reset-20260909-restart-1600/temporal-reset/.specula-output/confirmation/CR-2/worktree/common/tasks/execution_queue_scheduler.go:109"}
2026-09-10T01:23:32.728Z	info	interleaved weighted round robin task scheduler stopped	{"service": "history", "logging-call-at": "/home/ubuntu/temporal-investigation-20260909/overnight-20260909/specula-engine/runs/temporal-reset-20260909-restart-1600/temporal-reset/.specula-output/confirmation/CR-2/worktree/common/tasks/interleaved_weighted_round_robin.go:137"}
2026-09-10T01:23:32.728Z	info	Update worker pool size	{"key": "worker-pool-size", "service": "history", "value": 0, "logging-call-at": "/home/ubuntu/temporal-investigation-20260909/overnight-20260909/specula-engine/runs/temporal-reset-20260909-restart-1600/temporal-reset/.specula-output/confirmation/CR-2/worktree/common/tasks/fifo_scheduler.go:138"}
2026-09-10T01:23:32.728Z	info	fifo scheduler stopped	{"service": "history", "logging-call-at": "/home/ubuntu/temporal-investigation-20260909/overnight-20260909/specula-engine/runs/temporal-reset-20260909-restart-1600/temporal-reset/.specula-output/confirmation/CR-2/worktree/common/tasks/fifo_scheduler.go:89"}
2026-09-10T01:23:32.728Z	info	execution queue scheduler stopped	{"service": "history", "logging-call-at": "/home/ubuntu/temporal-investigation-20260909/overnight-20260909/specula-engine/runs/temporal-reset-20260909-restart-1600/temporal-reset/.specula-output/confirmation/CR-2/worktree/common/tasks/execution_queue_scheduler.go:109"}
2026-09-10T01:23:32.728Z	warn	network dial error	{"address": "127.0.0.1:38881", "connectAddr": "127.0.0.1:38881", "connectDuration": 0.000124944, "connectErr": "dial tcp 127.0.0.1:38881: connect: connection refused", "error": "dial tcp 127.0.0.1:38881: connect: connection refused", "error-type": "net.OpError", "service": "client", "totalDuration": 0.00013532, "logging-call-at": "/home/ubuntu/temporal-investigation-20260909/overnight-20260909/specula-engine/runs/temporal-reset-20260909-restart-1600/temporal-reset/.specula-output/confirmation/CR-2/worktree/common/rpc/dial_tracer.go:73"}
2026-09-10T01:23:32.728Z	info	interleaved weighted round robin task scheduler stopped	{"service": "history", "logging-call-at": "/home/ubuntu/temporal-investigation-20260909/overnight-20260909/specula-engine/runs/temporal-reset-20260909-restart-1600/temporal-reset/.specula-output/confirmation/CR-2/worktree/common/tasks/interleaved_weighted_round_robin.go:137"}
2026-09-10T01:23:32.728Z	info	Update worker pool size	{"key": "worker-pool-size", "service": "history", "value": 0, "logging-call-at": "/home/ubuntu/temporal-investigation-20260909/overnight-20260909/specula-engine/runs/temporal-reset-20260909-restart-1600/temporal-reset/.specula-output/confirmation/CR-2/worktree/common/tasks/fifo_scheduler.go:138"}
2026-09-10T01:23:32.728Z	info	fifo scheduler stopped	{"service": "history", "logging-call-at": "/home/ubuntu/temporal-investigation-20260909/overnight-20260909/specula-engine/runs/temporal-reset-20260909-restart-1600/temporal-reset/.specula-output/confirmation/CR-2/worktree/common/tasks/fifo_scheduler.go:89"}
2026-09-10T01:23:32.728Z	info	execution queue scheduler stopped	{"service": "history", "logging-call-at": "/home/ubuntu/temporal-investigation-20260909/overnight-20260909/specula-engine/runs/temporal-reset-20260909-restart-1600/temporal-reset/.specula-output/confirmation/CR-2/worktree/common/tasks/execution_queue_scheduler.go:109"}
2026-09-10T01:23:32.728Z	info	interleaved weighted round robin task scheduler stopped	{"service": "history", "logging-call-at": "/home/ubuntu/temporal-investigation-20260909/overnight-20260909/specula-engine/runs/temporal-reset-20260909-restart-1600/temporal-reset/.specula-output/confirmation/CR-2/worktree/common/tasks/interleaved_weighted_round_robin.go:137"}
2026-09-10T01:23:32.728Z	debug	GroupByScheduler shutdown complete	{"service": "history", "logging-call-at": "/home/ubuntu/temporal-investigation-20260909/overnight-20260909/specula-engine/runs/temporal-reset-20260909-restart-1600/temporal-reset/.specula-output/confirmation/CR-2/worktree/common/tasks/group_by_scheduler.go:62"}
2026-09-10T01:23:32.728Z	info	Update worker pool size	{"component": "memory-scheduled-queue-processor", "key": "worker-pool-size", "service": "history", "value": 0, "logging-call-at": "/home/ubuntu/temporal-investigation-20260909/overnight-20260909/specula-engine/runs/temporal-reset-20260909-restart-1600/temporal-reset/.specula-output/confirmation/CR-2/worktree/common/tasks/fifo_scheduler.go:138"}
2026-09-10T01:23:32.728Z	info	fifo scheduler stopped	{"component": "memory-scheduled-queue-processor", "service": "history", "logging-call-at": "/home/ubuntu/temporal-investigation-20260909/overnight-20260909/specula-engine/runs/temporal-reset-20260909-restart-1600/temporal-reset/.specula-output/confirmation/CR-2/worktree/common/tasks/fifo_scheduler.go:89"}
2026-09-10T01:23:32.728Z	info	Update worker pool size	{"key": "worker-pool-size", "value": 0, "logging-call-at": "/home/ubuntu/temporal-investigation-20260909/overnight-20260909/specula-engine/runs/temporal-reset-20260909-restart-1600/temporal-reset/.specula-output/confirmation/CR-2/worktree/common/tasks/sequential_scheduler.go:228"}
2026-09-10T01:23:32.728Z	info	sequential scheduler stopped	{"logging-call-at": "/home/ubuntu/temporal-investigation-20260909/overnight-20260909/specula-engine/runs/temporal-reset-20260909-restart-1600/temporal-reset/.specula-output/confirmation/CR-2/worktree/common/tasks/sequential_scheduler.go:104"}
2026-09-10T01:23:32.728Z	info	interleaved weighted round robin task scheduler stopped	{"logging-call-at": "/home/ubuntu/temporal-investigation-20260909/overnight-20260909/specula-engine/runs/temporal-reset-20260909-restart-1600/temporal-reset/.specula-output/confirmation/CR-2/worktree/common/tasks/interleaved_weighted_round_robin.go:137"}
2026-09-10T01:23:32.728Z	info	Update worker pool size	{"key": "worker-pool-size", "value": 0, "logging-call-at": "/home/ubuntu/temporal-investigation-20260909/overnight-20260909/specula-engine/runs/temporal-reset-20260909-restart-1600/temporal-reset/.specula-output/confirmation/CR-2/worktree/common/tasks/sequential_scheduler.go:228"}
2026-09-10T01:23:32.728Z	info	sequential scheduler stopped	{"logging-call-at": "/home/ubuntu/temporal-investigation-20260909/overnight-20260909/specula-engine/runs/temporal-reset-20260909-restart-1600/temporal-reset/.specula-output/confirmation/CR-2/worktree/common/tasks/sequential_scheduler.go:104"}
2026-09-10T01:23:32.728Z	info	interleaved weighted round robin task scheduler stopped	{"logging-call-at": "/home/ubuntu/temporal-investigation-20260909/overnight-20260909/specula-engine/runs/temporal-reset-20260909-restart-1600/temporal-reset/.specula-output/confirmation/CR-2/worktree/common/tasks/interleaved_weighted_round_robin.go:137"}
2026-09-10T01:23:32.728Z	info	ShutdownHandler: Evicting self from membership ring immediately	{"service": "matching", "logging-call-at": "/home/ubuntu/temporal-investigation-20260909/overnight-20260909/specula-engine/runs/temporal-reset-20260909-restart-1600/temporal-reset/.specula-output/confirmation/CR-2/worktree/service/matching/service.go:97"}
2026-09-10T01:23:32.729Z	info	ShutdownHandler: Waiting for others to discover I am unhealthy	{"service": "matching", "logging-call-at": "/home/ubuntu/temporal-investigation-20260909/overnight-20260909/specula-engine/runs/temporal-reset-20260909-restart-1600/temporal-reset/.specula-output/confirmation/CR-2/worktree/service/matching/service.go:105"}
2026-09-10T01:23:32.729Z	info	Stopped physicalTaskQueueManager	{"backlog": "priority", "cause": "ShuttingDown", "component": "matching-engine", "lifecycle": "Stopped", "wf-namespace": "TestWorkflowResetTestSuite-TestTraceReset-8d05e66a-46f2-4531-b6ae-1a4a2e8a883d", "wf-task-queue-name": "/_sys/TestWorkflowResetTestSuite/TestTraceReset_task_queue/1", "wf-task-queue-type": "Workflow", "worker-version": "_unversioned_", "logging-call-at": "/home/ubuntu/temporal-investigation-20260909/overnight-20260909/specula-engine/runs/temporal-reset-20260909-restart-1600/temporal-reset/.specula-output/confirmation/CR-2/worktree/service/matching/physical_task_queue_manager.go:341"}
2026-09-10T01:23:32.729Z	debug	returning empty user data (expired)	{"component": "matching-engine", "request-known-version": 0, "user-data-version": 0, "wf-namespace": "TestWorkflowResetTestSuite-TestTraceReset-8d05e66a-46f2-4531-b6ae-1a4a2e8a883d", "wf-task-queue-name": "TestWorkflowResetTestSuite/TestTraceReset_task_queue", "wf-task-queue-type": "Workflow", "logging-call-at": "/home/ubuntu/temporal-investigation-20260909/overnight-20260909/specula-engine/runs/temporal-reset-20260909-restart-1600/temporal-reset/.specula-output/confirmation/CR-2/worktree/service/matching/user_data_manager.go:651"}
2026-09-10T01:23:32.729Z	info	Stopped physicalTaskQueueManager	{"backlog": "priority", "cause": "ShuttingDown", "component": "matching-engine", "lifecycle": "Stopped", "wf-namespace": "TestWorkflowResetTestSuite-TestTraceReset-8d05e66a-46f2-4531-b6ae-1a4a2e8a883d", "wf-task-queue-name": "/_sys/TestWorkflowResetTestSuite/TestTraceReset_task_queue/2", "wf-task-queue-type": "Workflow", "worker-version": "_unversioned_", "logging-call-at": "/home/ubuntu/temporal-investigation-20260909/overnight-20260909/specula-engine/runs/temporal-reset-20260909-restart-1600/temporal-reset/.specula-output/confirmation/CR-2/worktree/service/matching/physical_task_queue_manager.go:341"}
2026-09-10T01:23:32.729Z	debug	returning empty user data (expired)	{"component": "matching-engine", "request-known-version": 0, "user-data-version": 0, "wf-namespace": "TestWorkflowResetTestSuite-TestTraceReset-8d05e66a-46f2-4531-b6ae-1a4a2e8a883d", "wf-task-queue-name": "TestWorkflowResetTestSuite/TestTraceReset_task_queue", "wf-task-queue-type": "Workflow", "logging-call-at": "/home/ubuntu/temporal-investigation-20260909/overnight-20260909/specula-engine/runs/temporal-reset-20260909-restart-1600/temporal-reset/.specula-output/confirmation/CR-2/worktree/service/matching/user_data_manager.go:651"}
2026-09-10T01:23:32.729Z	info	Stopped physicalTaskQueueManager	{"backlog": "priority", "cause": "ShuttingDown", "component": "matching-engine", "lifecycle": "Stopped", "wf-namespace": "TestWorkflowResetTestSuite-TestTraceReset-8d05e66a-46f2-4531-b6ae-1a4a2e8a883d", "wf-task-queue-name": "/_sys/TestWorkflowResetTestSuite/TestTraceReset_task_queue/3", "wf-task-queue-type": "Workflow", "worker-version": "_unversioned_", "logging-call-at": "/home/ubuntu/temporal-investigation-20260909/overnight-20260909/specula-engine/runs/temporal-reset-20260909-restart-1600/temporal-reset/.specula-output/confirmation/CR-2/worktree/service/matching/physical_task_queue_manager.go:341"}
2026-09-10T01:23:32.729Z	info	Stopped physicalTaskQueueManager	{"backlog": "priority", "cause": "ShuttingDown", "component": "matching-engine", "lifecycle": "Stopped", "wf-namespace": "TestWorkflowResetTestSuite-TestTraceReset-8d05e66a-46f2-4531-b6ae-1a4a2e8a883d", "wf-task-queue-name": "TestWorkflowResetTestSuite/TestTraceReset_task_queue", "wf-task-queue-type": "Workflow", "worker-version": "_unversioned_", "logging-call-at": "/home/ubuntu/temporal-investigation-20260909/overnight-20260909/specula-engine/runs/temporal-reset-20260909-restart-1600/temporal-reset/.specula-output/confirmation/CR-2/worktree/service/matching/physical_task_queue_manager.go:341"}
2026-09-10T01:23:32.729Z	debug	user data changed while blocked in long poll	{"component": "matching-engine", "wf-namespace": "TestWorkflowResetTestSuite-TestTraceReset-8d05e66a-46f2-4531-b6ae-1a4a2e8a883d", "wf-task-queue-name": "TestWorkflowResetTestSuite/TestTraceReset_task_queue", "wf-task-queue-type": "Workflow", "logging-call-at": "/home/ubuntu/temporal-investigation-20260909/overnight-20260909/specula-engine/runs/temporal-reset-20260909-restart-1600/temporal-reset/.specula-output/confirmation/CR-2/worktree/service/matching/user_data_manager.go:657"}
2026-09-10T01:23:32.729Z	debug	returning empty user data (closing)	{"component": "matching-engine", "long-poll": true, "wf-namespace": "TestWorkflowResetTestSuite-TestTraceReset-8d05e66a-46f2-4531-b6ae-1a4a2e8a883d", "wf-task-queue-name": "TestWorkflowResetTestSuite/TestTraceReset_task_queue", "wf-task-queue-type": "Workflow", "logging-call-at": "/home/ubuntu/temporal-investigation-20260909/overnight-20260909/specula-engine/runs/temporal-reset-20260909-restart-1600/temporal-reset/.specula-output/confirmation/CR-2/worktree/service/matching/user_data_manager.go:601"}
2026-09-10T01:23:32.730Z	info	matching stopped	{"service": "matching", "logging-call-at": "/home/ubuntu/temporal-investigation-20260909/overnight-20260909/specula-engine/runs/temporal-reset-20260909-restart-1600/temporal-reset/.specula-output/confirmation/CR-2/worktree/service/matching/service.go:124"}
2026-09-10T01:23:32.730Z	warn	network dial error	{"address": "127.0.0.1:40189", "connectAddr": "127.0.0.1:40189", "connectDuration": 0.000102421, "connectErr": "dial tcp 127.0.0.1:40189: connect: connection refused", "error": "dial tcp 127.0.0.1:40189: connect: connection refused", "error-type": "net.OpError", "service": "client", "totalDuration": 0.000109001, "logging-call-at": "/home/ubuntu/temporal-investigation-20260909/overnight-20260909/specula-engine/runs/temporal-reset-20260909-restart-1600/temporal-reset/.specula-output/confirmation/CR-2/worktree/common/rpc/dial_tracer.go:73"}
2026-09-10T01:23:32.730Z	info	RuntimeMetricsReporter stopped	{"service": "matching", "logging-call-at": "/home/ubuntu/temporal-investigation-20260909/overnight-20260909/specula-engine/runs/temporal-reset-20260909-restart-1600/temporal-reset/.specula-output/confirmation/CR-2/worktree/common/metrics/runtime.go:127"}
2026-09-10T01:23:32.738Z	info	dropped database	{"database": "test_3810efb59ccc4d1099022f0a", "logging-call-at": "/home/ubuntu/temporal-investigation-20260909/overnight-20260909/specula-engine/runs/temporal-reset-20260909-restart-1600/temporal-reset/.specula-output/confirmation/CR-2/worktree/common/persistence/sql/test_sql_persistence.go:156"}
--- FAIL: TestWorkflowResetTestSuite (0.00s)
    --- FAIL: TestWorkflowResetTestSuite/TestTraceReset (5.33s)
FAIL
FAIL	go.temporal.io/server/tests	5.371s
FAIL
