=== RUN   TestWorkflowResetTestSuite
=== PAUSE TestWorkflowResetTestSuite
=== CONT  TestWorkflowResetTestSuite
=== RUN   TestWorkflowResetTestSuite/TestAnalysisMissingCurrentRecovery
=== PAUSE TestWorkflowResetTestSuite/TestAnalysisMissingCurrentRecovery
=== CONT  TestWorkflowResetTestSuite/TestAnalysisMissingCurrentRecovery
=== RUN   TestWorkflowResetTestSuite/TestAnalysisMissingCurrentRecovery/create-rejected
=== PAUSE TestWorkflowResetTestSuite/TestAnalysisMissingCurrentRecovery/create-rejected
=== RUN   TestWorkflowResetTestSuite/TestAnalysisMissingCurrentRecovery/competing-start
=== PAUSE TestWorkflowResetTestSuite/TestAnalysisMissingCurrentRecovery/competing-start
=== CONT  TestWorkflowResetTestSuite/TestAnalysisMissingCurrentRecovery/create-rejected
2026-09-10T01:30:13.286Z	info	created database	{"database": "test_da1f3505569d4f4ba3f8b1a1", "logging-call-at": "/home/ubuntu/temporal-investigation-20260909/overnight-20260909/specula-engine/runs/temporal-reset-20260909-restart-1600/temporal-reset/.specula-output/confirmation/CR-2/worktree/common/persistence/sql/test_sql_persistence.go:125"}
2026-09-10T01:30:13.286Z	info	No schema directory provided, skipping schema setup	{"logging-call-at": "/home/ubuntu/temporal-investigation-20260909/overnight-20260909/specula-engine/runs/temporal-reset-20260909-restart-1600/temporal-reset/.specula-output/confirmation/CR-2/worktree/common/persistence/sql/test_sql_persistence.go:79"}
2026-09-10T01:30:13.287Z	info	Use rpc address 127.0.0.1:7134 for cluster active.	{"component": "metadata-initializer", "logging-call-at": "/home/ubuntu/temporal-investigation-20260909/overnight-20260909/specula-engine/runs/temporal-reset-20260909-restart-1600/temporal-reset/.specula-output/confirmation/CR-2/worktree/temporal/cluster_metadata_loader.go:68"}
2026-09-10T01:30:13.287Z	info	PProf listen on 	{"host": "localhost", "port": 7000, "logging-call-at": "/home/ubuntu/temporal-investigation-20260909/overnight-20260909/specula-engine/runs/temporal-reset-20260909-restart-1600/temporal-reset/.specula-output/confirmation/CR-2/worktree/common/pprof/pprof.go:58"}
2026-09-10T01:30:13.288Z	info	Use rpc address 127.0.0.1:7134 for cluster active.	{"component": "metadata-initializer", "logging-call-at": "/home/ubuntu/temporal-investigation-20260909/overnight-20260909/specula-engine/runs/temporal-reset-20260909-restart-1600/temporal-reset/.specula-output/confirmation/CR-2/worktree/temporal/cluster_metadata_loader.go:68"}
2026-09-10T01:30:13.294Z	info	Quota changed	{"component": "persistence", "current-quota": null, "new-quota": 9000, "scope": "host", "service": "history", "logging-call-at": "/home/ubuntu/temporal-investigation-20260909/overnight-20260909/specula-engine/runs/temporal-reset-20260909-restart-1600/temporal-reset/.specula-output/confirmation/CR-2/worktree/common/quotas/calculator/logged_calculator.go:100"}
2026-09-10T01:30:13.294Z	debug	RPC factory created. enableServerKeepalive: false, enableClientKeepalive: false	{"logging-call-at": "/home/ubuntu/temporal-investigation-20260909/overnight-20260909/specula-engine/runs/temporal-reset-20260909-restart-1600/temporal-reset/.specula-output/confirmation/CR-2/worktree/common/resource/fx.go:470"}
2026-09-10T01:30:13.294Z	info	historyClient: ownership caching disabled	{"service": "history", "logging-call-at": "/home/ubuntu/temporal-investigation-20260909/overnight-20260909/specula-engine/runs/temporal-reset-20260909-restart-1600/temporal-reset/.specula-output/confirmation/CR-2/worktree/client/history/client.go:70"}
2026-09-10T01:30:13.297Z	info	creating new visibility manager	{"visibility_plugin_name": "sqlite", "visibility_index_name": "test_da1f3505569d4f4ba3f8b1a1", "logging-call-at": "/home/ubuntu/temporal-investigation-20260909/overnight-20260909/specula-engine/runs/temporal-reset-20260909-restart-1600/temporal-reset/.specula-output/confirmation/CR-2/worktree/common/persistence/visibility/factory.go:145"}
2026-09-10T01:30:13.297Z	info	Quota changed	{"component": "task-scheduler", "current-quota": null, "new-quota": 0, "scope": "host", "service": "history", "logging-call-at": "/home/ubuntu/temporal-investigation-20260909/overnight-20260909/specula-engine/runs/temporal-reset-20260909-restart-1600/temporal-reset/.specula-output/confirmation/CR-2/worktree/common/quotas/calculator/logged_calculator.go:100"}
2026-09-10T01:30:13.298Z	info	Warning: CHASM component scheduler.scheduler declares state fields that won't be managed by CHASM:
	cacheConflictToken int64
	compiledSpec *scheduler.CompiledSpec	{"logging-call-at": "/home/ubuntu/temporal-investigation-20260909/overnight-20260909/specula-engine/runs/temporal-reset-20260909-restart-1600/temporal-reset/.specula-output/confirmation/CR-2/worktree/chasm/registry.go:361"}
2026-09-10T01:30:13.300Z	info	Initialized lazy loaded OwnershipBasedQuotaScaler	{"service": "history", "logging-call-at": "/home/ubuntu/temporal-investigation-20260909/overnight-20260909/specula-engine/runs/temporal-reset-20260909-restart-1600/temporal-reset/.specula-output/confirmation/CR-2/worktree/service/history/shard/fx.go:71"}
2026-09-10T01:30:13.300Z	info	Initialized service resolver for persistence rate limiting	{"service": "history", "logging-call-at": "/home/ubuntu/temporal-investigation-20260909/overnight-20260909/specula-engine/runs/temporal-reset-20260909-restart-1600/temporal-reset/.specula-output/confirmation/CR-2/worktree/service/fx.go:76"}
2026-09-10T01:30:13.300Z	info	Created gRPC listener	{"service": "history", "address": "127.0.0.1:42237", "logging-call-at": "/home/ubuntu/temporal-investigation-20260909/overnight-20260909/specula-engine/runs/temporal-reset-20260909-restart-1600/temporal-reset/.specula-output/confirmation/CR-2/worktree/common/rpc/rpc.go:209"}
2026-09-10T01:30:13.303Z	info	Quota changed	{"component": "persistence", "current-quota": null, "new-quota": 3000, "scope": "host", "service": "matching", "logging-call-at": "/home/ubuntu/temporal-investigation-20260909/overnight-20260909/specula-engine/runs/temporal-reset-20260909-restart-1600/temporal-reset/.specula-output/confirmation/CR-2/worktree/common/quotas/calculator/logged_calculator.go:100"}
2026-09-10T01:30:13.303Z	info	Initialized service resolver for persistence rate limiting	{"service": "matching", "logging-call-at": "/home/ubuntu/temporal-investigation-20260909/overnight-20260909/specula-engine/runs/temporal-reset-20260909-restart-1600/temporal-reset/.specula-output/confirmation/CR-2/worktree/service/fx.go:76"}
2026-09-10T01:30:13.303Z	debug	RPC factory created. enableServerKeepalive: false, enableClientKeepalive: false	{"logging-call-at": "/home/ubuntu/temporal-investigation-20260909/overnight-20260909/specula-engine/runs/temporal-reset-20260909-restart-1600/temporal-reset/.specula-output/confirmation/CR-2/worktree/common/resource/fx.go:470"}
2026-09-10T01:30:13.303Z	info	Created gRPC listener	{"service": "matching", "address": "127.0.0.1:45261", "logging-call-at": "/home/ubuntu/temporal-investigation-20260909/overnight-20260909/specula-engine/runs/temporal-reset-20260909-restart-1600/temporal-reset/.specula-output/confirmation/CR-2/worktree/common/rpc/rpc.go:209"}
2026-09-10T01:30:13.303Z	info	historyClient: ownership caching disabled	{"service": "matching", "logging-call-at": "/home/ubuntu/temporal-investigation-20260909/overnight-20260909/specula-engine/runs/temporal-reset-20260909-restart-1600/temporal-reset/.specula-output/confirmation/CR-2/worktree/client/history/client.go:70"}
2026-09-10T01:30:13.303Z	info	creating new visibility manager	{"visibility_plugin_name": "sqlite", "visibility_index_name": "test_da1f3505569d4f4ba3f8b1a1", "logging-call-at": "/home/ubuntu/temporal-investigation-20260909/overnight-20260909/specula-engine/runs/temporal-reset-20260909-restart-1600/temporal-reset/.specula-output/confirmation/CR-2/worktree/common/persistence/visibility/factory.go:145"}
2026-09-10T01:30:13.307Z	debug	RPC factory created. enableServerKeepalive: false, enableClientKeepalive: false	{"logging-call-at": "/home/ubuntu/temporal-investigation-20260909/overnight-20260909/specula-engine/runs/temporal-reset-20260909-restart-1600/temporal-reset/.specula-output/confirmation/CR-2/worktree/common/resource/fx.go:470"}
2026-09-10T01:30:13.308Z	info	Quota changed	{"component": "persistence", "current-quota": null, "new-quota": 2000, "scope": "host", "service": "frontend", "logging-call-at": "/home/ubuntu/temporal-investigation-20260909/overnight-20260909/specula-engine/runs/temporal-reset-20260909-restart-1600/temporal-reset/.specula-output/confirmation/CR-2/worktree/common/quotas/calculator/logged_calculator.go:100"}
2026-09-10T01:30:13.308Z	info	historyClient: ownership caching disabled	{"service": "frontend", "logging-call-at": "/home/ubuntu/temporal-investigation-20260909/overnight-20260909/specula-engine/runs/temporal-reset-20260909-restart-1600/temporal-reset/.specula-output/confirmation/CR-2/worktree/client/history/client.go:70"}
2026-09-10T01:30:13.308Z	info	Warning: CHASM component scheduler.scheduler declares state fields that won't be managed by CHASM:
	cacheConflictToken int64
	compiledSpec *scheduler.CompiledSpec	{"logging-call-at": "/home/ubuntu/temporal-investigation-20260909/overnight-20260909/specula-engine/runs/temporal-reset-20260909-restart-1600/temporal-reset/.specula-output/confirmation/CR-2/worktree/chasm/registry.go:361"}
2026-09-10T01:30:13.308Z	info	creating new visibility manager	{"visibility_plugin_name": "sqlite", "visibility_index_name": "test_da1f3505569d4f4ba3f8b1a1", "logging-call-at": "/home/ubuntu/temporal-investigation-20260909/overnight-20260909/specula-engine/runs/temporal-reset-20260909-restart-1600/temporal-reset/.specula-output/confirmation/CR-2/worktree/common/persistence/visibility/factory.go:145"}
2026-09-10T01:30:13.309Z	info	Initialized service resolver for persistence rate limiting	{"service": "frontend", "logging-call-at": "/home/ubuntu/temporal-investigation-20260909/overnight-20260909/specula-engine/runs/temporal-reset-20260909-restart-1600/temporal-reset/.specula-output/confirmation/CR-2/worktree/service/fx.go:76"}
2026-09-10T01:30:13.309Z	info	Quota changed	{"component": "rpc-handler", "current-quota": null, "new-quota": 3000, "scope": "host", "service": "frontend", "logging-call-at": "/home/ubuntu/temporal-investigation-20260909/overnight-20260909/specula-engine/runs/temporal-reset-20260909-restart-1600/temporal-reset/.specula-output/confirmation/CR-2/worktree/common/quotas/calculator/logged_calculator.go:100"}
2026-09-10T01:30:13.310Z	info	Created gRPC listener	{"service": "frontend", "address": "127.0.0.1:46707", "logging-call-at": "/home/ubuntu/temporal-investigation-20260909/overnight-20260909/specula-engine/runs/temporal-reset-20260909-restart-1600/temporal-reset/.specula-output/confirmation/CR-2/worktree/common/rpc/rpc.go:209"}
2026-09-10T01:30:13.311Z	info	Service is not requested, skipping initialization.	{"service": "internal-frontend", "logging-call-at": "/home/ubuntu/temporal-investigation-20260909/overnight-20260909/specula-engine/runs/temporal-reset-20260909-restart-1600/temporal-reset/.specula-output/confirmation/CR-2/worktree/temporal/fx.go:590"}
2026-09-10T01:30:13.311Z	info	Service is not requested, skipping initialization.	{"service": "worker", "logging-call-at": "/home/ubuntu/temporal-investigation-20260909/overnight-20260909/specula-engine/runs/temporal-reset-20260909-restart-1600/temporal-reset/.specula-output/confirmation/CR-2/worktree/temporal/fx.go:628"}
2026-09-10T01:30:13.311Z	info	PProf not started due to port not set	{"logging-call-at": "/home/ubuntu/temporal-investigation-20260909/overnight-20260909/specula-engine/runs/temporal-reset-20260909-restart-1600/temporal-reset/.specula-output/confirmation/CR-2/worktree/common/pprof/pprof.go:44"}
2026-09-10T01:30:13.311Z	info	Starting server for services	{"value": {"frontend":{},"history":{},"matching":{}}, "logging-call-at": "/home/ubuntu/temporal-investigation-20260909/overnight-20260909/specula-engine/runs/temporal-reset-20260909-restart-1600/temporal-reset/.specula-output/confirmation/CR-2/worktree/temporal/server_impl.go:89"}
2026-09-10T01:30:13.312Z	debug	archival:
    history:
        enableRead: false
        provider: null
        state: ""
    visibility:
        enableRead: false
        provider: null
        state: ""
clusterMetadata:
    clusterInformation:
        active:
            enabled: true
            httpAddress: 127.0.0.1:7144
            initialFailoverVersion: 1
            rpcAddress: 127.0.0.1:7134
    currentClusterName: active
    enableGlobalNamespace: false
    failoverVersionIncrement: 10
    masterClusterName: active
    tags: {}
dcRedirectionPolicy:
    policy: ""
dynamicConfigClient: null
global:
    authorization:
        audience: ""
        authExtraHeaderName: ""
        authHeaderName: ""
        authorizer: ""
        claimMapper: ""
        jwtKeyProvider:
            keySourceURIs: []
            refreshInterval: 0s
        permissionsClaimName: ""
        permissionsRegex: ""
        remoteClusterAuth:
            require: false
    membership:
        broadcastAddress: ""
        maxJoinDuration: 1s
    metrics: null
    pprof:
        host: ""
        port: 0
    tls:
        expirationChecks:
            checkInterval: 0s
            errorWindow: 0s
            warningWindow: 0s
        frontend:
            client:
                disableHostVerification: false
                forceTLS: false
                rootCaData: []
                rootCaFiles: []
                serverName: ""
            hostOverrides: {}
            server:
                certData: ""
                certFile: ""
                clientCaData: []
                clientCaFiles: []
                keyData: '******'
                keyFile: ""
                requireClientAuth: false
        internode:
            client:
                disableHostVerification: false
                forceTLS: false
                rootCaData: []
                rootCaFiles: []
                serverName: ""
            hostOverrides: {}
            server:
                certData: ""
                certFile: ""
                clientCaData: []
                clientCaFiles: []
                keyData: '******'
                keyFile: ""
                requireClientAuth: false
        refreshInterval: 0s
        remoteClusters: {}
        systemWorker:
            certData: ""
            certFile: ""
            client:
                disableHostVerification: false
                forceTLS: false
                rootCaData: []
                rootCaFiles: []
                serverName: ""
            keyData: '******'
            keyFile: ""
log:
    development: false
    format: ""
    level: ""
    outputFile: ""
    stdout: false
namespaceDefaults:
    archival:
        history:
            URI: ""
            state: ""
        visibility:
            URI: ""
            state: ""
otel: {}
persistence:
    datastores:
        test:
            cassandra: null
            customDatastore: null
            elasticsearch: null
            faultInjection:
                targets:
                    dataStores: {}
            sql:
                connectAddr: 127.0.0.1:0
                connectAttributes:
                    cache: private
                    mode: memory
                connectProtocol: tcp
                databaseName: test_da1f3505569d4f4ba3f8b1a1
                maxConnLifetime: 0s
                maxConns: 0
                maxIdleConns: 0
                password: '******'
                passwordCommand: null
                pluginName: sqlite
                taskScanPartitions: 4
                tls: null
                user: ""
    defaultStore: test
    numHistoryShards: 1
    secondaryVisibilityStore: ""
    visibilityStore: test
publicClient:
    forceTLSConfig: ""
    hostPort: ""
    httpHostPort: ""
services:
    frontend:
        rpc:
            bindOnIP: 127.0.0.1
            bindOnLocalHost: false
            clientConnectionConfig:
                keepAliveClientParameters: null
            grpcPort: 46707
            httpAdditionalForwardedHeaders:
                - this-header-forwarded
                - this-header-prefix-forwarded-*
            httpPort: 43105
            keepAliveServerConfig:
                keepAliveEnforcementPolicy: null
                keepAliveServerParameters: null
            membershipPort: 0
    history:
        rpc:
            bindOnIP: 127.0.0.1
            bindOnLocalHost: false
            clientConnectionConfig:
                keepAliveClientParameters: null
            grpcPort: 42237
            httpAdditionalForwardedHeaders: []
            httpPort: 0
            keepAliveServerConfig:
                keepAliveEnforcementPolicy: null
                keepAliveServerParameters: null
            membershipPort: 0
    matching:
        rpc:
            bindOnIP: 127.0.0.1
            bindOnLocalHost: false
            clientConnectionConfig:
                keepAliveClientParameters: null
            grpcPort: 45261
            httpAdditionalForwardedHeaders: []
            httpPort: 0
            keepAliveServerConfig:
                keepAliveEnforcementPolicy: null
                keepAliveServerParameters: null
            membershipPort: 0
visibility:
    persistenceCustomSearchAttributes: {}
	{"logging-call-at": "/home/ubuntu/temporal-investigation-20260909/overnight-20260909/specula-engine/runs/temporal-reset-20260909-restart-1600/temporal-reset/.specula-output/confirmation/CR-2/worktree/temporal/server_impl.go:90"}
2026-09-10T01:30:13.314Z	info	Watch not supported by persistence, namespace registry will use polling	{"service": "matching", "logging-call-at": "/home/ubuntu/temporal-investigation-20260909/overnight-20260909/specula-engine/runs/temporal-reset-20260909-restart-1600/temporal-reset/.specula-output/confirmation/CR-2/worktree/common/namespace/nsregistry/registry.go:234"}
2026-09-10T01:30:13.314Z	info	RuntimeMetricsReporter started	{"service": "matching", "logging-call-at": "/home/ubuntu/temporal-investigation-20260909/overnight-20260909/specula-engine/runs/temporal-reset-20260909-restart-1600/temporal-reset/.specula-output/confirmation/CR-2/worktree/common/metrics/runtime.go:121"}
2026-09-10T01:30:13.314Z	info	matching starting	{"service": "matching", "logging-call-at": "/home/ubuntu/temporal-investigation-20260909/overnight-20260909/specula-engine/runs/temporal-reset-20260909-restart-1600/temporal-reset/.specula-output/confirmation/CR-2/worktree/service/matching/service.go:63"}
2026-09-10T01:30:13.314Z	info	Starting to serve on matching listener	{"service": "matching", "logging-call-at": "/home/ubuntu/temporal-investigation-20260909/overnight-20260909/specula-engine/runs/temporal-reset-20260909-restart-1600/temporal-reset/.specula-output/confirmation/CR-2/worktree/service/matching/service.go:77"}
2026-09-10T01:30:13.315Z	info	Update worker pool size	{"key": "worker-pool-size", "value": 64, "logging-call-at": "/home/ubuntu/temporal-investigation-20260909/overnight-20260909/specula-engine/runs/temporal-reset-20260909-restart-1600/temporal-reset/.specula-output/confirmation/CR-2/worktree/common/tasks/sequential_scheduler.go:228"}
2026-09-10T01:30:13.315Z	info	sequential scheduler started	{"logging-call-at": "/home/ubuntu/temporal-investigation-20260909/overnight-20260909/specula-engine/runs/temporal-reset-20260909-restart-1600/temporal-reset/.specula-output/confirmation/CR-2/worktree/common/tasks/sequential_scheduler.go:81"}
2026-09-10T01:30:13.315Z	info	interleaved weighted round robin task scheduler started	{"logging-call-at": "/home/ubuntu/temporal-investigation-20260909/overnight-20260909/specula-engine/runs/temporal-reset-20260909-restart-1600/temporal-reset/.specula-output/confirmation/CR-2/worktree/common/tasks/interleaved_weighted_round_robin.go:116"}
2026-09-10T01:30:13.315Z	info	Update worker pool size	{"key": "worker-pool-size", "value": 64, "logging-call-at": "/home/ubuntu/temporal-investigation-20260909/overnight-20260909/specula-engine/runs/temporal-reset-20260909-restart-1600/temporal-reset/.specula-output/confirmation/CR-2/worktree/common/tasks/sequential_scheduler.go:228"}
2026-09-10T01:30:13.315Z	info	sequential scheduler started	{"logging-call-at": "/home/ubuntu/temporal-investigation-20260909/overnight-20260909/specula-engine/runs/temporal-reset-20260909-restart-1600/temporal-reset/.specula-output/confirmation/CR-2/worktree/common/tasks/sequential_scheduler.go:81"}
2026-09-10T01:30:13.315Z	info	interleaved weighted round robin task scheduler started	{"logging-call-at": "/home/ubuntu/temporal-investigation-20260909/overnight-20260909/specula-engine/runs/temporal-reset-20260909-restart-1600/temporal-reset/.specula-output/confirmation/CR-2/worktree/common/tasks/interleaved_weighted_round_robin.go:116"}
2026-09-10T01:30:13.315Z	info	Update worker pool size	{"key": "worker-pool-size", "service": "history", "value": 64, "logging-call-at": "/home/ubuntu/temporal-investigation-20260909/overnight-20260909/specula-engine/runs/temporal-reset-20260909-restart-1600/temporal-reset/.specula-output/confirmation/CR-2/worktree/common/tasks/fifo_scheduler.go:138"}
2026-09-10T01:30:13.315Z	info	fifo scheduler started	{"service": "history", "logging-call-at": "/home/ubuntu/temporal-investigation-20260909/overnight-20260909/specula-engine/runs/temporal-reset-20260909-restart-1600/temporal-reset/.specula-output/confirmation/CR-2/worktree/common/tasks/fifo_scheduler.go:68"}
2026-09-10T01:30:13.315Z	info	execution queue scheduler started	{"service": "history", "logging-call-at": "/home/ubuntu/temporal-investigation-20260909/overnight-20260909/specula-engine/runs/temporal-reset-20260909-restart-1600/temporal-reset/.specula-output/confirmation/CR-2/worktree/common/tasks/execution_queue_scheduler.go:93"}
2026-09-10T01:30:13.316Z	info	interleaved weighted round robin task scheduler started	{"service": "history", "logging-call-at": "/home/ubuntu/temporal-investigation-20260909/overnight-20260909/specula-engine/runs/temporal-reset-20260909-restart-1600/temporal-reset/.specula-output/confirmation/CR-2/worktree/common/tasks/interleaved_weighted_round_robin.go:116"}
2026-09-10T01:30:13.316Z	info	Update worker pool size	{"key": "worker-pool-size", "service": "history", "value": 64, "logging-call-at": "/home/ubuntu/temporal-investigation-20260909/overnight-20260909/specula-engine/runs/temporal-reset-20260909-restart-1600/temporal-reset/.specula-output/confirmation/CR-2/worktree/common/tasks/fifo_scheduler.go:138"}
2026-09-10T01:30:13.316Z	info	fifo scheduler started	{"service": "history", "logging-call-at": "/home/ubuntu/temporal-investigation-20260909/overnight-20260909/specula-engine/runs/temporal-reset-20260909-restart-1600/temporal-reset/.specula-output/confirmation/CR-2/worktree/common/tasks/fifo_scheduler.go:68"}
2026-09-10T01:30:13.316Z	info	execution queue scheduler started	{"service": "history", "logging-call-at": "/home/ubuntu/temporal-investigation-20260909/overnight-20260909/specula-engine/runs/temporal-reset-20260909-restart-1600/temporal-reset/.specula-output/confirmation/CR-2/worktree/common/tasks/execution_queue_scheduler.go:93"}
2026-09-10T01:30:13.316Z	info	interleaved weighted round robin task scheduler started	{"service": "history", "logging-call-at": "/home/ubuntu/temporal-investigation-20260909/overnight-20260909/specula-engine/runs/temporal-reset-20260909-restart-1600/temporal-reset/.specula-output/confirmation/CR-2/worktree/common/tasks/interleaved_weighted_round_robin.go:116"}
2026-09-10T01:30:13.316Z	info	Update worker pool size	{"key": "worker-pool-size", "service": "history", "value": 64, "logging-call-at": "/home/ubuntu/temporal-investigation-20260909/overnight-20260909/specula-engine/runs/temporal-reset-20260909-restart-1600/temporal-reset/.specula-output/confirmation/CR-2/worktree/common/tasks/fifo_scheduler.go:138"}
2026-09-10T01:30:13.316Z	info	fifo scheduler started	{"service": "history", "logging-call-at": "/home/ubuntu/temporal-investigation-20260909/overnight-20260909/specula-engine/runs/temporal-reset-20260909-restart-1600/temporal-reset/.specula-output/confirmation/CR-2/worktree/common/tasks/fifo_scheduler.go:68"}
2026-09-10T01:30:13.316Z	info	execution queue scheduler started	{"service": "history", "logging-call-at": "/home/ubuntu/temporal-investigation-20260909/overnight-20260909/specula-engine/runs/temporal-reset-20260909-restart-1600/temporal-reset/.specula-output/confirmation/CR-2/worktree/common/tasks/execution_queue_scheduler.go:93"}
2026-09-10T01:30:13.316Z	info	interleaved weighted round robin task scheduler started	{"service": "history", "logging-call-at": "/home/ubuntu/temporal-investigation-20260909/overnight-20260909/specula-engine/runs/temporal-reset-20260909-restart-1600/temporal-reset/.specula-output/confirmation/CR-2/worktree/common/tasks/interleaved_weighted_round_robin.go:116"}
2026-09-10T01:30:13.317Z	info	Update worker pool size	{"component": "memory-scheduled-queue-processor", "key": "worker-pool-size", "service": "history", "value": 64, "logging-call-at": "/home/ubuntu/temporal-investigation-20260909/overnight-20260909/specula-engine/runs/temporal-reset-20260909-restart-1600/temporal-reset/.specula-output/confirmation/CR-2/worktree/common/tasks/fifo_scheduler.go:138"}
2026-09-10T01:30:13.317Z	info	fifo scheduler started	{"component": "memory-scheduled-queue-processor", "service": "history", "logging-call-at": "/home/ubuntu/temporal-investigation-20260909/overnight-20260909/specula-engine/runs/temporal-reset-20260909-restart-1600/temporal-reset/.specula-output/confirmation/CR-2/worktree/common/tasks/fifo_scheduler.go:68"}
2026-09-10T01:30:13.317Z	info	Watch not supported by persistence, namespace registry will use polling	{"service": "history", "logging-call-at": "/home/ubuntu/temporal-investigation-20260909/overnight-20260909/specula-engine/runs/temporal-reset-20260909-restart-1600/temporal-reset/.specula-output/confirmation/CR-2/worktree/common/namespace/nsregistry/registry.go:234"}
2026-09-10T01:30:13.318Z	info	RuntimeMetricsReporter started	{"service": "history", "logging-call-at": "/home/ubuntu/temporal-investigation-20260909/overnight-20260909/specula-engine/runs/temporal-reset-20260909-restart-1600/temporal-reset/.specula-output/confirmation/CR-2/worktree/common/metrics/runtime.go:121"}
2026-09-10T01:30:13.318Z	info	history starting	{"logging-call-at": "/home/ubuntu/temporal-investigation-20260909/overnight-20260909/specula-engine/runs/temporal-reset-20260909-restart-1600/temporal-reset/.specula-output/confirmation/CR-2/worktree/service/history/service.go:69"}
2026-09-10T01:30:13.318Z	info	Replication task fetchers started.	{"logging-call-at": "/home/ubuntu/temporal-investigation-20260909/overnight-20260909/specula-engine/runs/temporal-reset-20260909-restart-1600/temporal-reset/.specula-output/confirmation/CR-2/worktree/service/history/replication/task_fetcher.go:117"}
2026-09-10T01:30:13.318Z	info	StreamReceiverMonitor started.	{"logging-call-at": "/home/ubuntu/temporal-investigation-20260909/overnight-20260909/specula-engine/runs/temporal-reset-20260909-restart-1600/temporal-reset/.specula-output/confirmation/CR-2/worktree/service/history/replication/stream_receiver_monitor.go:87"}
2026-09-10T01:30:13.318Z	info	none	{"address": "127.0.0.1:42237", "component": "shard-controller", "lifecycle": "Started", "logging-call-at": "/home/ubuntu/temporal-investigation-20260909/overnight-20260909/specula-engine/runs/temporal-reset-20260909-restart-1600/temporal-reset/.specula-output/confirmation/CR-2/worktree/service/history/shard/controller_impl.go:112"}
2026-09-10T01:30:13.318Z	info	ContextMetadataInterceptor: No metadata in context, not setting trailer	{"fullMethod": "/temporal.server.api.matchingservice.v1.MatchingService/ListNexusEndpoints", "logging-call-at": "/home/ubuntu/temporal-investigation-20260909/overnight-20260909/specula-engine/runs/temporal-reset-20260909-restart-1600/temporal-reset/.specula-output/confirmation/CR-2/worktree/common/log/throttle_logger.go:44"}
2026-09-10T01:30:13.318Z	info	Starting to serve on history listener	{"logging-call-at": "/home/ubuntu/temporal-investigation-20260909/overnight-20260909/specula-engine/runs/temporal-reset-20260909-restart-1600/temporal-reset/.specula-output/confirmation/CR-2/worktree/service/history/service.go:95"}
2026-09-10T01:30:13.318Z	info	none	{"address": "127.0.0.1:42237", "component": "shard-controller", "number-changed": 0, "number-deleted": 0, "number-processed": 1, "shard-update": "RingMembershipChangedEvent", "logging-call-at": "/home/ubuntu/temporal-investigation-20260909/overnight-20260909/specula-engine/runs/temporal-reset-20260909-restart-1600/temporal-reset/.specula-output/confirmation/CR-2/worktree/service/history/shard/ownership.go:92"}
2026-09-10T01:30:13.318Z	info	none	{"address": "127.0.0.1:42237", "component": "shard-context", "lifecycle": "Started", "shard-id": 1, "logging-call-at": "/home/ubuntu/temporal-investigation-20260909/overnight-20260909/specula-engine/runs/temporal-reset-20260909-restart-1600/temporal-reset/.specula-output/confirmation/CR-2/worktree/service/history/shard/context_impl.go:1764"}
2026-09-10T01:30:13.318Z	info	none	{"address": "127.0.0.1:42237", "component": "shard-controller", "numShards": 1, "logging-call-at": "/home/ubuntu/temporal-investigation-20260909/overnight-20260909/specula-engine/runs/temporal-reset-20260909-restart-1600/temporal-reset/.specula-output/confirmation/CR-2/worktree/service/history/shard/controller_impl.go:265"}
2026-09-10T01:30:13.318Z	info	Watch not supported by persistence, namespace registry will use polling	{"service": "frontend", "logging-call-at": "/home/ubuntu/temporal-investigation-20260909/overnight-20260909/specula-engine/runs/temporal-reset-20260909-restart-1600/temporal-reset/.specula-output/confirmation/CR-2/worktree/common/namespace/nsregistry/registry.go:234"}
2026-09-10T01:30:13.318Z	info	TrailerToContextMetadataInterceptor: No metadata in trailer	{"contextWrapped": false, "method": "/temporal.server.api.matchingservice.v1.MatchingService/ListNexusEndpoints", "service": "history", "logging-call-at": "/home/ubuntu/temporal-investigation-20260909/overnight-20260909/specula-engine/runs/temporal-reset-20260909-restart-1600/temporal-reset/.specula-output/confirmation/CR-2/worktree/common/log/throttle_logger.go:44"}
2026-09-10T01:30:13.318Z	info	Range updated for shardID	{"address": "127.0.0.1:42237", "previous-shard-range-id": 0, "shard-id": 1, "shard-range-id": 1, "logging-call-at": "/home/ubuntu/temporal-investigation-20260909/overnight-20260909/specula-engine/runs/temporal-reset-20260909-restart-1600/temporal-reset/.specula-output/confirmation/CR-2/worktree/service/history/shard/context_impl.go:1241"}
2026-09-10T01:30:13.318Z	info	Task key range updated	{"address": "127.0.0.1:42237", "next-number": 2097152, "number": 1048576, "shard-id": 1, "logging-call-at": "/home/ubuntu/temporal-investigation-20260909/overnight-20260909/specula-engine/runs/temporal-reset-20260909-restart-1600/temporal-reset/.specula-output/confirmation/CR-2/worktree/service/history/shard/task_key_generator.go:155"}
2026-09-10T01:30:13.318Z	info	Acquired shard	{"address": "127.0.0.1:42237", "shard-id": 1, "logging-call-at": "/home/ubuntu/temporal-investigation-20260909/overnight-20260909/specula-engine/runs/temporal-reset-20260909-restart-1600/temporal-reset/.specula-output/confirmation/CR-2/worktree/service/history/shard/context_impl.go:2129"}
2026-09-10T01:30:13.318Z	info	none	{"address": "127.0.0.1:42237", "component": "shard-engine", "lifecycle": "Starting", "shard-id": 1, "logging-call-at": "/home/ubuntu/temporal-investigation-20260909/overnight-20260909/specula-engine/runs/temporal-reset-20260909-restart-1600/temporal-reset/.specula-output/confirmation/CR-2/worktree/service/history/shard/context_impl.go:1604"}
2026-09-10T01:30:13.318Z	info	RuntimeMetricsReporter started	{"service": "frontend", "logging-call-at": "/home/ubuntu/temporal-investigation-20260909/overnight-20260909/specula-engine/runs/temporal-reset-20260909-restart-1600/temporal-reset/.specula-output/confirmation/CR-2/worktree/common/metrics/runtime.go:121"}
2026-09-10T01:30:13.319Z	info	frontend starting	{"service": "frontend", "logging-call-at": "/home/ubuntu/temporal-investigation-20260909/overnight-20260909/specula-engine/runs/temporal-reset-20260909-restart-1600/temporal-reset/.specula-output/confirmation/CR-2/worktree/service/frontend/service.go:515"}
2026-09-10T01:30:13.319Z	info	none	{"address": "127.0.0.1:42237", "component": "history-engine", "lifecycle": "Starting", "shard-id": 1, "logging-call-at": "/home/ubuntu/temporal-investigation-20260909/overnight-20260909/specula-engine/runs/temporal-reset-20260909-restart-1600/temporal-reset/.specula-output/confirmation/CR-2/worktree/service/history/history_engine.go:386"}
2026-09-10T01:30:13.319Z	info	none	{"address": "127.0.0.1:42237", "component": "timer-queue-processor", "lifecycle": "Starting", "shard-id": 1, "logging-call-at": "/home/ubuntu/temporal-investigation-20260909/overnight-20260909/specula-engine/runs/temporal-reset-20260909-restart-1600/temporal-reset/.specula-output/confirmation/CR-2/worktree/service/history/queues/queue_scheduled.go:130"}
2026-09-10T01:30:13.319Z	info	Task rescheduler started.	{"address": "127.0.0.1:42237", "component": "timer-queue-processor", "lifecycle": "Started", "shard-id": 1, "logging-call-at": "/home/ubuntu/temporal-investigation-20260909/overnight-20260909/specula-engine/runs/temporal-reset-20260909-restart-1600/temporal-reset/.specula-output/confirmation/CR-2/worktree/service/history/queues/rescheduler.go:102"}
2026-09-10T01:30:13.319Z	info	none	{"address": "127.0.0.1:42237", "component": "timer-queue-processor", "lifecycle": "Started", "shard-id": 1, "logging-call-at": "/home/ubuntu/temporal-investigation-20260909/overnight-20260909/specula-engine/runs/temporal-reset-20260909-restart-1600/temporal-reset/.specula-output/confirmation/CR-2/worktree/service/history/queues/queue_scheduled.go:139"}
2026-09-10T01:30:13.319Z	info	none	{"component": "memory-scheduled-queue-processor", "lifecycle": "Starting", "service": "history", "logging-call-at": "/home/ubuntu/temporal-investigation-20260909/overnight-20260909/specula-engine/runs/temporal-reset-20260909-restart-1600/temporal-reset/.specula-output/confirmation/CR-2/worktree/service/history/queues/memory_scheduled_queue.go:79"}
2026-09-10T01:30:13.319Z	info	none	{"component": "memory-scheduled-queue-processor", "lifecycle": "Started", "service": "history", "logging-call-at": "/home/ubuntu/temporal-investigation-20260909/overnight-20260909/specula-engine/runs/temporal-reset-20260909-restart-1600/temporal-reset/.specula-output/confirmation/CR-2/worktree/service/history/queues/memory_scheduled_queue.go:84"}
2026-09-10T01:30:13.319Z	info	Frontend is now healthy	{"service": "frontend", "logging-call-at": "/home/ubuntu/temporal-investigation-20260909/overnight-20260909/specula-engine/runs/temporal-reset-20260909-restart-1600/temporal-reset/.specula-output/confirmation/CR-2/worktree/service/frontend/workflow_handler.go:419"}
2026-09-10T01:30:13.319Z	info	none	{"address": "127.0.0.1:42237", "component": "visibility-queue-processor", "lifecycle": "Starting", "shard-id": 1, "logging-call-at": "/home/ubuntu/temporal-investigation-20260909/overnight-20260909/specula-engine/runs/temporal-reset-20260909-restart-1600/temporal-reset/.specula-output/confirmation/CR-2/worktree/service/history/queues/queue_immediate.go:96"}
2026-09-10T01:30:13.319Z	info	Task rescheduler started.	{"address": "127.0.0.1:42237", "component": "visibility-queue-processor", "lifecycle": "Started", "shard-id": 1, "logging-call-at": "/home/ubuntu/temporal-investigation-20260909/overnight-20260909/specula-engine/runs/temporal-reset-20260909-restart-1600/temporal-reset/.specula-output/confirmation/CR-2/worktree/service/history/queues/rescheduler.go:102"}
2026-09-10T01:30:13.319Z	info	Starting to serve on frontend listener	{"service": "frontend", "logging-call-at": "/home/ubuntu/temporal-investigation-20260909/overnight-20260909/specula-engine/runs/temporal-reset-20260909-restart-1600/temporal-reset/.specula-output/confirmation/CR-2/worktree/service/frontend/service.go:533"}
2026-09-10T01:30:13.319Z	info	queue reader started	{"address": "127.0.0.1:42237", "component": "timer-queue-processor", "lifecycle": "Started", "queue-reader-id": 0, "shard-id": 1, "logging-call-at": "/home/ubuntu/temporal-investigation-20260909/overnight-20260909/specula-engine/runs/temporal-reset-20260909-restart-1600/temporal-reset/.specula-output/confirmation/CR-2/worktree/service/history/queues/reader.go:158"}
2026-09-10T01:30:13.319Z	info	none	{"address": "127.0.0.1:42237", "component": "visibility-queue-processor", "lifecycle": "Started", "shard-id": 1, "logging-call-at": "/home/ubuntu/temporal-investigation-20260909/overnight-20260909/specula-engine/runs/temporal-reset-20260909-restart-1600/temporal-reset/.specula-output/confirmation/CR-2/worktree/service/history/queues/queue_immediate.go:105"}
2026-09-10T01:30:13.319Z	info	none	{"address": "127.0.0.1:42237", "component": "transfer-queue-processor", "lifecycle": "Starting", "shard-id": 1, "logging-call-at": "/home/ubuntu/temporal-investigation-20260909/overnight-20260909/specula-engine/runs/temporal-reset-20260909-restart-1600/temporal-reset/.specula-output/confirmation/CR-2/worktree/service/history/queues/queue_immediate.go:96"}
2026-09-10T01:30:13.319Z	info	Task rescheduler started.	{"address": "127.0.0.1:42237", "component": "transfer-queue-processor", "lifecycle": "Started", "shard-id": 1, "logging-call-at": "/home/ubuntu/temporal-investigation-20260909/overnight-20260909/specula-engine/runs/temporal-reset-20260909-restart-1600/temporal-reset/.specula-output/confirmation/CR-2/worktree/service/history/queues/rescheduler.go:102"}
2026-09-10T01:30:13.319Z	info	none	{"address": "127.0.0.1:42237", "component": "transfer-queue-processor", "lifecycle": "Started", "shard-id": 1, "logging-call-at": "/home/ubuntu/temporal-investigation-20260909/overnight-20260909/specula-engine/runs/temporal-reset-20260909-restart-1600/temporal-reset/.specula-output/confirmation/CR-2/worktree/service/history/queues/queue_immediate.go:105"}
2026-09-10T01:30:13.319Z	info	none	{"address": "127.0.0.1:42237", "component": "outbound-queue-processor", "lifecycle": "Starting", "shard-id": 1, "logging-call-at": "/home/ubuntu/temporal-investigation-20260909/overnight-20260909/specula-engine/runs/temporal-reset-20260909-restart-1600/temporal-reset/.specula-output/confirmation/CR-2/worktree/service/history/queues/queue_immediate.go:96"}
2026-09-10T01:30:13.319Z	info	Task rescheduler started.	{"address": "127.0.0.1:42237", "component": "outbound-queue-processor", "lifecycle": "Started", "shard-id": 1, "logging-call-at": "/home/ubuntu/temporal-investigation-20260909/overnight-20260909/specula-engine/runs/temporal-reset-20260909-restart-1600/temporal-reset/.specula-output/confirmation/CR-2/worktree/service/history/queues/rescheduler.go:102"}
2026-09-10T01:30:13.319Z	error	Queue reader unable to retrieve tasks	{"address": "127.0.0.1:42237", "component": "timer-queue-processor", "error": "shard status unknown", "queue-reader-id": 0, "shard-id": 1, "logging-call-at": "/home/ubuntu/temporal-investigation-20260909/overnight-20260909/specula-engine/runs/temporal-reset-20260909-restart-1600/temporal-reset/.specula-output/confirmation/CR-2/worktree/service/history/queues/reader.go:457"}
go.temporal.io/server/common/log.(*zapLogger).Error
	/home/ubuntu/temporal-investigation-20260909/overnight-20260909/specula-engine/runs/temporal-reset-20260909-restart-1600/temporal-reset/.specula-output/confirmation/CR-2/worktree/common/log/zap_logger.go:191
go.temporal.io/server/common/testing/testlogger.(*TestLogger).Error
	/home/ubuntu/temporal-investigation-20260909/overnight-20260909/specula-engine/runs/temporal-reset-20260909-restart-1600/temporal-reset/.specula-output/confirmation/CR-2/worktree/common/testing/testlogger/testlogger.go:543
go.temporal.io/server/service/history/queues.(*ReaderImpl).loadAndSubmitTasks
	/home/ubuntu/temporal-investigation-20260909/overnight-20260909/specula-engine/runs/temporal-reset-20260909-restart-1600/temporal-reset/.specula-output/confirmation/CR-2/worktree/service/history/queues/reader.go:457
go.temporal.io/server/service/history/queues.(*ReaderImpl).eventLoop
	/home/ubuntu/temporal-investigation-20260909/overnight-20260909/specula-engine/runs/temporal-reset-20260909-restart-1600/temporal-reset/.specula-output/confirmation/CR-2/worktree/service/history/queues/reader.go:422
2026-09-10T01:30:13.319Z	info	none	{"address": "127.0.0.1:42237", "component": "outbound-queue-processor", "lifecycle": "Started", "shard-id": 1, "logging-call-at": "/home/ubuntu/temporal-investigation-20260909/overnight-20260909/specula-engine/runs/temporal-reset-20260909-restart-1600/temporal-reset/.specula-output/confirmation/CR-2/worktree/service/history/queues/queue_immediate.go:105"}
2026-09-10T01:30:13.319Z	info	queue reader started	{"address": "127.0.0.1:42237", "component": "visibility-queue-processor", "lifecycle": "Started", "queue-reader-id": 0, "shard-id": 1, "logging-call-at": "/home/ubuntu/temporal-investigation-20260909/overnight-20260909/specula-engine/runs/temporal-reset-20260909-restart-1600/temporal-reset/.specula-output/confirmation/CR-2/worktree/service/history/queues/reader.go:158"}
2026-09-10T01:30:13.319Z	info	queue reader started	{"address": "127.0.0.1:42237", "component": "transfer-queue-processor", "lifecycle": "Started", "queue-reader-id": 0, "shard-id": 1, "logging-call-at": "/home/ubuntu/temporal-investigation-20260909/overnight-20260909/specula-engine/runs/temporal-reset-20260909-restart-1600/temporal-reset/.specula-output/confirmation/CR-2/worktree/service/history/queues/reader.go:158"}
2026-09-10T01:30:13.319Z	info	none	{"address": "127.0.0.1:42237", "component": "history-engine", "lifecycle": "Started", "shard-id": 1, "logging-call-at": "/home/ubuntu/temporal-investigation-20260909/overnight-20260909/specula-engine/runs/temporal-reset-20260909-restart-1600/temporal-reset/.specula-output/confirmation/CR-2/worktree/service/history/history_engine.go:395"}
2026-09-10T01:30:13.319Z	info	none	{"address": "127.0.0.1:42237", "component": "shard-engine", "lifecycle": "Started", "shard-id": 1, "logging-call-at": "/home/ubuntu/temporal-investigation-20260909/overnight-20260909/specula-engine/runs/temporal-reset-20260909-restart-1600/temporal-reset/.specula-output/confirmation/CR-2/worktree/service/history/shard/context_impl.go:1607"}
2026-09-10T01:30:13.319Z	info	queue reader started	{"address": "127.0.0.1:42237", "component": "outbound-queue-processor", "lifecycle": "Started", "queue-reader-id": 0, "shard-id": 1, "logging-call-at": "/home/ubuntu/temporal-investigation-20260909/overnight-20260909/specula-engine/runs/temporal-reset-20260909-restart-1600/temporal-reset/.specula-output/confirmation/CR-2/worktree/service/history/queues/reader.go:158"}
2026-09-10T01:30:13.319Z	error	Queue reader unable to retrieve tasks	{"address": "127.0.0.1:42237", "component": "visibility-queue-processor", "error": "shard status unknown", "queue-reader-id": 0, "shard-id": 1, "logging-call-at": "/home/ubuntu/temporal-investigation-20260909/overnight-20260909/specula-engine/runs/temporal-reset-20260909-restart-1600/temporal-reset/.specula-output/confirmation/CR-2/worktree/service/history/queues/reader.go:457"}
go.temporal.io/server/common/log.(*zapLogger).Error
	/home/ubuntu/temporal-investigation-20260909/overnight-20260909/specula-engine/runs/temporal-reset-20260909-restart-1600/temporal-reset/.specula-output/confirmation/CR-2/worktree/common/log/zap_logger.go:191
go.temporal.io/server/common/testing/testlogger.(*TestLogger).Error
	/home/ubuntu/temporal-investigation-20260909/overnight-20260909/specula-engine/runs/temporal-reset-20260909-restart-1600/temporal-reset/.specula-output/confirmation/CR-2/worktree/common/testing/testlogger/testlogger.go:543
go.temporal.io/server/service/history/queues.(*ReaderImpl).loadAndSubmitTasks
	/home/ubuntu/temporal-investigation-20260909/overnight-20260909/specula-engine/runs/temporal-reset-20260909-restart-1600/temporal-reset/.specula-output/confirmation/CR-2/worktree/service/history/queues/reader.go:457
go.temporal.io/server/service/history/queues.(*ReaderImpl).eventLoop
	/home/ubuntu/temporal-investigation-20260909/overnight-20260909/specula-engine/runs/temporal-reset-20260909-restart-1600/temporal-reset/.specula-output/confirmation/CR-2/worktree/service/history/queues/reader.go:422
2026-09-10T01:30:13.319Z	info	initial shards ready	{"address": "127.0.0.1:42237", "component": "shard-controller", "total": 1, "logging-call-at": "/home/ubuntu/temporal-investigation-20260909/overnight-20260909/specula-engine/runs/temporal-reset-20260909-restart-1600/temporal-reset/.specula-output/confirmation/CR-2/worktree/service/history/shard/controller_impl.go:511"}
2026-09-10T01:30:13.319Z	info	TrailerToContextMetadataInterceptor: No metadata in trailer	{"contextWrapped": false, "method": "/temporal.server.api.matchingservice.v1.MatchingService/ListNexusEndpoints", "service": "frontend", "logging-call-at": "/home/ubuntu/temporal-investigation-20260909/overnight-20260909/specula-engine/runs/temporal-reset-20260909-restart-1600/temporal-reset/.specula-output/confirmation/CR-2/worktree/common/log/throttle_logger.go:44"}
2026-09-10T01:30:13.320Z	debug	Frontend method invoked.	{"wf-namespace": "namespace-74f9c9e3-fc32-433e-b0ec-ff55ef5d528d", "operation": "DescribeNamespace", "server-name": "", "cert-thumbprint": "", "logging-call-at": "/home/ubuntu/temporal-investigation-20260909/overnight-20260909/specula-engine/runs/temporal-reset-20260909-restart-1600/temporal-reset/.specula-output/confirmation/CR-2/worktree/common/rpc/interceptor/namespace_logger.go:53"}
2026-09-10T01:30:13.320Z	info	Quota changed	{"component": "rpc-handler", "current-quota": null, "new-quota": 2400, "scope": "namespace", "service": "frontend", "wf-namespace": "namespace-74f9c9e3-fc32-433e-b0ec-ff55ef5d528d", "logging-call-at": "/home/ubuntu/temporal-investigation-20260909/overnight-20260909/specula-engine/runs/temporal-reset-20260909-restart-1600/temporal-reset/.specula-output/confirmation/CR-2/worktree/common/quotas/calculator/logged_calculator.go:100"}
2026-09-10T01:30:13.320Z	info	Quota changed	{"component": "persistence", "current-quota": null, "new-quota": 0, "scope": "namespace", "service": "frontend", "wf-namespace": "namespace-74f9c9e3-fc32-433e-b0ec-ff55ef5d528d", "logging-call-at": "/home/ubuntu/temporal-investigation-20260909/overnight-20260909/specula-engine/runs/temporal-reset-20260909-restart-1600/temporal-reset/.specula-output/confirmation/CR-2/worktree/common/quotas/calculator/logged_calculator.go:100"}
2026-09-10T01:30:13.321Z	debug	Frontend method invoked.	{"wf-namespace": "namespace-74f9c9e3-fc32-433e-b0ec-ff55ef5d528d", "operation": "AddSearchAttributes", "server-name": "", "cert-thumbprint": "", "logging-call-at": "/home/ubuntu/temporal-investigation-20260909/overnight-20260909/specula-engine/runs/temporal-reset-20260909-restart-1600/temporal-reset/.specula-output/confirmation/CR-2/worktree/common/rpc/interceptor/namespace_logger.go:53"}
2026-09-10T01:30:13.321Z	debug	Frontend method invoked.	{"wf-namespace": "namespace-74f9c9e3-fc32-433e-b0ec-ff55ef5d528d", "operation": "DescribeNamespace", "server-name": "", "cert-thumbprint": "", "logging-call-at": "/home/ubuntu/temporal-investigation-20260909/overnight-20260909/specula-engine/runs/temporal-reset-20260909-restart-1600/temporal-reset/.specula-output/confirmation/CR-2/worktree/common/rpc/interceptor/namespace_logger.go:53"}
2026-09-10T01:30:13.322Z	debug	Frontend method invoked.	{"wf-namespace": "namespace-74f9c9e3-fc32-433e-b0ec-ff55ef5d528d", "operation": "UpdateNamespace", "server-name": "", "cert-thumbprint": "", "logging-call-at": "/home/ubuntu/temporal-investigation-20260909/overnight-20260909/specula-engine/runs/temporal-reset-20260909-restart-1600/temporal-reset/.specula-output/confirmation/CR-2/worktree/common/rpc/interceptor/namespace_logger.go:53"}
2026-09-10T01:30:13.322Z	info	Quota changed	{"component": "namespace-replication", "current-quota": null, "new-quota": 10, "scope": "namespace", "service": "frontend", "wf-namespace": "namespace-74f9c9e3-fc32-433e-b0ec-ff55ef5d528d", "logging-call-at": "/home/ubuntu/temporal-investigation-20260909/overnight-20260909/specula-engine/runs/temporal-reset-20260909-restart-1600/temporal-reset/.specula-output/confirmation/CR-2/worktree/common/quotas/calculator/logged_calculator.go:100"}
2026-09-10T01:30:13.322Z	info	Update namespace succeeded	{"service": "frontend", "wf-namespace": "namespace-74f9c9e3-fc32-433e-b0ec-ff55ef5d528d", "wf-namespace-id": "6d353326-5170-489e-a41f-3644f0d5a648", "logging-call-at": "/home/ubuntu/temporal-investigation-20260909/overnight-20260909/specula-engine/runs/temporal-reset-20260909-restart-1600/temporal-reset/.specula-output/confirmation/CR-2/worktree/service/frontend/namespace_handler.go:667"}
2026-09-10T01:30:13.322Z	debug	Frontend method invoked.	{"wf-namespace": "namespace-74f9c9e3-fc32-433e-b0ec-ff55ef5d528d", "operation": "ListSearchAttributes", "server-name": "", "cert-thumbprint": "", "logging-call-at": "/home/ubuntu/temporal-investigation-20260909/overnight-20260909/specula-engine/runs/temporal-reset-20260909-restart-1600/temporal-reset/.specula-output/confirmation/CR-2/worktree/common/rpc/interceptor/namespace_logger.go:53"}
2026-09-10T01:30:13.323Z	debug	Frontend method invoked.	{"wf-namespace": "namespace-74f9c9e3-fc32-433e-b0ec-ff55ef5d528d", "operation": "DescribeNamespace", "server-name": "", "cert-thumbprint": "", "logging-call-at": "/home/ubuntu/temporal-investigation-20260909/overnight-20260909/specula-engine/runs/temporal-reset-20260909-restart-1600/temporal-reset/.specula-output/confirmation/CR-2/worktree/common/rpc/interceptor/namespace_logger.go:53"}
2026-09-10T01:30:13.323Z	info	Register namespace succeeded	{"wf-namespace": "namespace-74f9c9e3-fc32-433e-b0ec-ff55ef5d528d", "wf-namespace-id": "6d353326-5170-489e-a41f-3644f0d5a648", "logging-call-at": "/home/ubuntu/temporal-investigation-20260909/overnight-20260909/specula-engine/runs/temporal-reset-20260909-restart-1600/temporal-reset/.specula-output/confirmation/CR-2/worktree/tests/testcore/functional_test_base.go:600"}
2026-09-10T01:30:13.323Z	debug	Frontend method invoked.	{"wf-namespace": "external-namespace-a21ec26d-d097-4e5f-9676-d68b0ef5f9b8", "operation": "DescribeNamespace", "server-name": "", "cert-thumbprint": "", "logging-call-at": "/home/ubuntu/temporal-investigation-20260909/overnight-20260909/specula-engine/runs/temporal-reset-20260909-restart-1600/temporal-reset/.specula-output/confirmation/CR-2/worktree/common/rpc/interceptor/namespace_logger.go:53"}
2026-09-10T01:30:13.323Z	info	Quota changed	{"component": "rpc-handler", "current-quota": null, "new-quota": 2400, "scope": "namespace", "service": "frontend", "wf-namespace": "external-namespace-a21ec26d-d097-4e5f-9676-d68b0ef5f9b8", "logging-call-at": "/home/ubuntu/temporal-investigation-20260909/overnight-20260909/specula-engine/runs/temporal-reset-20260909-restart-1600/temporal-reset/.specula-output/confirmation/CR-2/worktree/common/quotas/calculator/logged_calculator.go:100"}
2026-09-10T01:30:13.323Z	info	Quota changed	{"component": "persistence", "current-quota": null, "new-quota": 0, "scope": "namespace", "service": "frontend", "wf-namespace": "external-namespace-a21ec26d-d097-4e5f-9676-d68b0ef5f9b8", "logging-call-at": "/home/ubuntu/temporal-investigation-20260909/overnight-20260909/specula-engine/runs/temporal-reset-20260909-restart-1600/temporal-reset/.specula-output/confirmation/CR-2/worktree/common/quotas/calculator/logged_calculator.go:100"}
2026-09-10T01:30:13.324Z	debug	Frontend method invoked.	{"wf-namespace": "external-namespace-a21ec26d-d097-4e5f-9676-d68b0ef5f9b8", "operation": "AddSearchAttributes", "server-name": "", "cert-thumbprint": "", "logging-call-at": "/home/ubuntu/temporal-investigation-20260909/overnight-20260909/specula-engine/runs/temporal-reset-20260909-restart-1600/temporal-reset/.specula-output/confirmation/CR-2/worktree/common/rpc/interceptor/namespace_logger.go:53"}
2026-09-10T01:30:13.324Z	debug	Frontend method invoked.	{"wf-namespace": "external-namespace-a21ec26d-d097-4e5f-9676-d68b0ef5f9b8", "operation": "DescribeNamespace", "server-name": "", "cert-thumbprint": "", "logging-call-at": "/home/ubuntu/temporal-investigation-20260909/overnight-20260909/specula-engine/runs/temporal-reset-20260909-restart-1600/temporal-reset/.specula-output/confirmation/CR-2/worktree/common/rpc/interceptor/namespace_logger.go:53"}
2026-09-10T01:30:13.324Z	debug	Frontend method invoked.	{"wf-namespace": "external-namespace-a21ec26d-d097-4e5f-9676-d68b0ef5f9b8", "operation": "UpdateNamespace", "server-name": "", "cert-thumbprint": "", "logging-call-at": "/home/ubuntu/temporal-investigation-20260909/overnight-20260909/specula-engine/runs/temporal-reset-20260909-restart-1600/temporal-reset/.specula-output/confirmation/CR-2/worktree/common/rpc/interceptor/namespace_logger.go:53"}
2026-09-10T01:30:13.324Z	info	Quota changed	{"component": "namespace-replication", "current-quota": null, "new-quota": 10, "scope": "namespace", "service": "frontend", "wf-namespace": "external-namespace-a21ec26d-d097-4e5f-9676-d68b0ef5f9b8", "logging-call-at": "/home/ubuntu/temporal-investigation-20260909/overnight-20260909/specula-engine/runs/temporal-reset-20260909-restart-1600/temporal-reset/.specula-output/confirmation/CR-2/worktree/common/quotas/calculator/logged_calculator.go:100"}
2026-09-10T01:30:13.324Z	info	Update namespace succeeded	{"service": "frontend", "wf-namespace": "external-namespace-a21ec26d-d097-4e5f-9676-d68b0ef5f9b8", "wf-namespace-id": "340c43e5-4cbc-4f81-9c02-38288c9591f8", "logging-call-at": "/home/ubuntu/temporal-investigation-20260909/overnight-20260909/specula-engine/runs/temporal-reset-20260909-restart-1600/temporal-reset/.specula-output/confirmation/CR-2/worktree/service/frontend/namespace_handler.go:667"}
2026-09-10T01:30:13.324Z	debug	Frontend method invoked.	{"wf-namespace": "external-namespace-a21ec26d-d097-4e5f-9676-d68b0ef5f9b8", "operation": "ListSearchAttributes", "server-name": "", "cert-thumbprint": "", "logging-call-at": "/home/ubuntu/temporal-investigation-20260909/overnight-20260909/specula-engine/runs/temporal-reset-20260909-restart-1600/temporal-reset/.specula-output/confirmation/CR-2/worktree/common/rpc/interceptor/namespace_logger.go:53"}
2026-09-10T01:30:13.325Z	debug	Frontend method invoked.	{"wf-namespace": "external-namespace-a21ec26d-d097-4e5f-9676-d68b0ef5f9b8", "operation": "DescribeNamespace", "server-name": "", "cert-thumbprint": "", "logging-call-at": "/home/ubuntu/temporal-investigation-20260909/overnight-20260909/specula-engine/runs/temporal-reset-20260909-restart-1600/temporal-reset/.specula-output/confirmation/CR-2/worktree/common/rpc/interceptor/namespace_logger.go:53"}
2026-09-10T01:30:13.325Z	info	Register namespace succeeded	{"wf-namespace": "external-namespace-a21ec26d-d097-4e5f-9676-d68b0ef5f9b8", "wf-namespace-id": "340c43e5-4cbc-4f81-9c02-38288c9591f8", "logging-call-at": "/home/ubuntu/temporal-investigation-20260909/overnight-20260909/specula-engine/runs/temporal-reset-20260909-restart-1600/temporal-reset/.specula-output/confirmation/CR-2/worktree/tests/testcore/functional_test_base.go:600"}
2026/09/10 01:30:13 CLUSTEREVENT {"kind":"dedicated","reason":"fault injection config used","suite":"TestWorkflowResetTestSuite","test":"TestWorkflowResetTestSuite/TestAnalysisMissingCurrentRecovery/create-rejected","worker":false}
    shared_cluster_t.go:72: 2026-09-10T01:30:13.325Z	debug	Frontend method invoked.	{"wf-namespace": "TestWorkflowResetTestSuite-TestAnalysisMissingCurrentRecovery-create-rejected-2ecd97f4-fc10-4ccc-a63f-0a63e37c172d", "operation": "DescribeNamespace", "server-name": "", "cert-thumbprint": "", "logging-call-at": "/home/ubuntu/temporal-investigation-20260909/overnight-20260909/specula-engine/runs/temporal-reset-20260909-restart-1600/temporal-reset/.specula-output/confirmation/CR-2/worktree/common/rpc/interceptor/namespace_logger.go:53"}
    shared_cluster_t.go:72: 2026-09-10T01:30:13.325Z	info	Quota changed	{"component": "rpc-handler", "current-quota": null, "new-quota": 2400, "scope": "namespace", "service": "frontend", "wf-namespace": "TestWorkflowResetTestSuite-TestAnalysisMissingCurrentRecovery-create-rejected-2ecd97f4-fc10-4ccc-a63f-0a63e37c172d", "logging-call-at": "/home/ubuntu/temporal-investigation-20260909/overnight-20260909/specula-engine/runs/temporal-reset-20260909-restart-1600/temporal-reset/.specula-output/confirmation/CR-2/worktree/common/quotas/calculator/logged_calculator.go:100"}
    shared_cluster_t.go:72: 2026-09-10T01:30:13.325Z	info	Quota changed	{"component": "persistence", "current-quota": null, "new-quota": 0, "scope": "namespace", "service": "frontend", "wf-namespace": "TestWorkflowResetTestSuite-TestAnalysisMissingCurrentRecovery-create-rejected-2ecd97f4-fc10-4ccc-a63f-0a63e37c172d", "logging-call-at": "/home/ubuntu/temporal-investigation-20260909/overnight-20260909/specula-engine/runs/temporal-reset-20260909-restart-1600/temporal-reset/.specula-output/confirmation/CR-2/worktree/common/quotas/calculator/logged_calculator.go:100"}
    shared_cluster_t.go:72: 2026-09-10T01:30:13.326Z	debug	Frontend method invoked.	{"wf-namespace": "TestWorkflowResetTestSuite-TestAnalysisMissingCurrentRecovery-create-rejected-2ecd97f4-fc10-4ccc-a63f-0a63e37c172d", "operation": "AddSearchAttributes", "server-name": "", "cert-thumbprint": "", "logging-call-at": "/home/ubuntu/temporal-investigation-20260909/overnight-20260909/specula-engine/runs/temporal-reset-20260909-restart-1600/temporal-reset/.specula-output/confirmation/CR-2/worktree/common/rpc/interceptor/namespace_logger.go:53"}
    shared_cluster_t.go:72: 2026-09-10T01:30:13.326Z	debug	Frontend method invoked.	{"wf-namespace": "TestWorkflowResetTestSuite-TestAnalysisMissingCurrentRecovery-create-rejected-2ecd97f4-fc10-4ccc-a63f-0a63e37c172d", "operation": "DescribeNamespace", "server-name": "", "cert-thumbprint": "", "logging-call-at": "/home/ubuntu/temporal-investigation-20260909/overnight-20260909/specula-engine/runs/temporal-reset-20260909-restart-1600/temporal-reset/.specula-output/confirmation/CR-2/worktree/common/rpc/interceptor/namespace_logger.go:53"}
    shared_cluster_t.go:72: 2026-09-10T01:30:13.326Z	debug	Frontend method invoked.	{"wf-namespace": "TestWorkflowResetTestSuite-TestAnalysisMissingCurrentRecovery-create-rejected-2ecd97f4-fc10-4ccc-a63f-0a63e37c172d", "operation": "UpdateNamespace", "server-name": "", "cert-thumbprint": "", "logging-call-at": "/home/ubuntu/temporal-investigation-20260909/overnight-20260909/specula-engine/runs/temporal-reset-20260909-restart-1600/temporal-reset/.specula-output/confirmation/CR-2/worktree/common/rpc/interceptor/namespace_logger.go:53"}
    shared_cluster_t.go:72: 2026-09-10T01:30:13.326Z	info	Quota changed	{"component": "namespace-replication", "current-quota": null, "new-quota": 10, "scope": "namespace", "service": "frontend", "wf-namespace": "TestWorkflowResetTestSuite-TestAnalysisMissingCurrentRecovery-create-rejected-2ecd97f4-fc10-4ccc-a63f-0a63e37c172d", "logging-call-at": "/home/ubuntu/temporal-investigation-20260909/overnight-20260909/specula-engine/runs/temporal-reset-20260909-restart-1600/temporal-reset/.specula-output/confirmation/CR-2/worktree/common/quotas/calculator/logged_calculator.go:100"}
    shared_cluster_t.go:72: 2026-09-10T01:30:13.326Z	info	Update namespace succeeded	{"service": "frontend", "wf-namespace": "TestWorkflowResetTestSuite-TestAnalysisMissingCurrentRecovery-create-rejected-2ecd97f4-fc10-4ccc-a63f-0a63e37c172d", "wf-namespace-id": "b0d94261-cdc5-451b-838a-c55932b8d60e", "logging-call-at": "/home/ubuntu/temporal-investigation-20260909/overnight-20260909/specula-engine/runs/temporal-reset-20260909-restart-1600/temporal-reset/.specula-output/confirmation/CR-2/worktree/service/frontend/namespace_handler.go:667"}
    shared_cluster_t.go:72: 2026-09-10T01:30:13.327Z	debug	Frontend method invoked.	{"wf-namespace": "TestWorkflowResetTestSuite-TestAnalysisMissingCurrentRecovery-create-rejected-2ecd97f4-fc10-4ccc-a63f-0a63e37c172d", "operation": "ListSearchAttributes", "server-name": "", "cert-thumbprint": "", "logging-call-at": "/home/ubuntu/temporal-investigation-20260909/overnight-20260909/specula-engine/runs/temporal-reset-20260909-restart-1600/temporal-reset/.specula-output/confirmation/CR-2/worktree/common/rpc/interceptor/namespace_logger.go:53"}
    shared_cluster_t.go:72: 2026-09-10T01:30:13.327Z	debug	Frontend method invoked.	{"wf-namespace": "TestWorkflowResetTestSuite-TestAnalysisMissingCurrentRecovery-create-rejected-2ecd97f4-fc10-4ccc-a63f-0a63e37c172d", "operation": "DescribeNamespace", "server-name": "", "cert-thumbprint": "", "logging-call-at": "/home/ubuntu/temporal-investigation-20260909/overnight-20260909/specula-engine/runs/temporal-reset-20260909-restart-1600/temporal-reset/.specula-output/confirmation/CR-2/worktree/common/rpc/interceptor/namespace_logger.go:53"}
    shared_cluster_t.go:72: 2026-09-10T01:30:13.327Z	info	Register namespace succeeded	{"wf-namespace": "TestWorkflowResetTestSuite-TestAnalysisMissingCurrentRecovery-create-rejected-2ecd97f4-fc10-4ccc-a63f-0a63e37c172d", "wf-namespace-id": "b0d94261-cdc5-451b-838a-c55932b8d60e", "logging-call-at": "/home/ubuntu/temporal-investigation-20260909/overnight-20260909/specula-engine/runs/temporal-reset-20260909-restart-1600/temporal-reset/.specula-output/confirmation/CR-2/worktree/tests/testcore/functional_test_base.go:600"}
    shared_cluster_t.go:72: 2026-09-10T01:30:13.328Z	debug	Frontend method invoked.	{"wf-namespace": "", "operation": "GetSystemInfo", "server-name": "", "cert-thumbprint": "", "logging-call-at": "/home/ubuntu/temporal-investigation-20260909/overnight-20260909/specula-engine/runs/temporal-reset-20260909-restart-1600/temporal-reset/.specula-output/confirmation/CR-2/worktree/common/rpc/interceptor/namespace_logger.go:53"}
    shared_cluster_t.go:72: 2026-09-10T01:30:13.329Z	debug	routing key extraction: adding routing key to context	{"wf-id": "TestWorkflowResetTestSuite/TestAnalysisMissingCurrentRecovery/create-rejected_workflow_id", "grpc-method": "/temporal.api.workflowservice.v1.WorkflowService/StartWorkflowExecution", "logging-call-at": "/home/ubuntu/temporal-investigation-20260909/overnight-20260909/specula-engine/runs/temporal-reset-20260909-restart-1600/temporal-reset/.specula-output/confirmation/CR-2/worktree/common/rpc/interceptor/routing_key_interceptor.go:112"}
    shared_cluster_t.go:72: 2026-09-10T01:30:13.329Z	debug	Frontend method invoked.	{"wf-namespace": "TestWorkflowResetTestSuite-TestAnalysisMissingCurrentRecovery-create-rejected-2ecd97f4-fc10-4ccc-a63f-0a63e37c172d", "operation": "StartWorkflowExecution", "server-name": "", "cert-thumbprint": "", "logging-call-at": "/home/ubuntu/temporal-investigation-20260909/overnight-20260909/specula-engine/runs/temporal-reset-20260909-restart-1600/temporal-reset/.specula-output/confirmation/CR-2/worktree/common/rpc/interceptor/namespace_logger.go:53"}
    shared_cluster_t.go:72: 2026-09-10T01:30:13.329Z	debug	Received StartWorkflowExecution.	{"service": "frontend", "wf-id": "TestWorkflowResetTestSuite/TestAnalysisMissingCurrentRecovery/create-rejected_workflow_id", "wf-type": "test-workflow-arg", "logging-call-at": "/home/ubuntu/temporal-investigation-20260909/overnight-20260909/specula-engine/runs/temporal-reset-20260909-restart-1600/temporal-reset/.specula-output/confirmation/CR-2/worktree/service/frontend/workflow_handler.go:561"}
    shared_cluster_t.go:72: 2026-09-10T01:30:13.329Z	debug	Start workflow execution request namespace.	{"service": "frontend", "wf-namespace": "TestWorkflowResetTestSuite-TestAnalysisMissingCurrentRecovery-create-rejected-2ecd97f4-fc10-4ccc-a63f-0a63e37c172d", "logging-call-at": "/home/ubuntu/temporal-investigation-20260909/overnight-20260909/specula-engine/runs/temporal-reset-20260909-restart-1600/temporal-reset/.specula-output/confirmation/CR-2/worktree/service/frontend/workflow_handler.go:565"}
    shared_cluster_t.go:72: 2026-09-10T01:30:13.329Z	debug	Start workflow execution request namespaceID.	{"service": "frontend", "wf-namespace-id": "b0d94261-cdc5-451b-838a-c55932b8d60e", "logging-call-at": "/home/ubuntu/temporal-investigation-20260909/overnight-20260909/specula-engine/runs/temporal-reset-20260909-restart-1600/temporal-reset/.specula-output/confirmation/CR-2/worktree/service/frontend/workflow_handler.go:570"}
    shared_cluster_t.go:72: 2026-09-10T01:30:13.331Z	debug	Workflow task updated	{"address": "127.0.0.1:42237", "attempt": 1, "shard-id": 1, "wf-id": "TestWorkflowResetTestSuite/TestAnalysisMissingCurrentRecovery/create-rejected_workflow_id", "wf-namespace": "TestWorkflowResetTestSuite-TestAnalysisMissingCurrentRecovery-create-rejected-2ecd97f4-fc10-4ccc-a63f-0a63e37c172d", "wf-run-id": "01a088ef-d1d2-783b-8b78-6d05e1764d09", "wf-scheduled-event-id": 2, "wf-started-event-id": 0, "wf-started-timestamp": "0001-01-01T00:00:00.000Z", "workflow-task-request-id": "emptyUuid", "workflow-task-timeout": 10, "wt-type": "Normal", "logging-call-at": "/home/ubuntu/temporal-investigation-20260909/overnight-20260909/specula-engine/runs/temporal-reset-20260909-restart-1600/temporal-reset/.specula-output/confirmation/CR-2/worktree/common/log/lazy_logger.go:30"}
    shared_cluster_t.go:72: 2026-09-10T01:30:13.331Z	debug	time skipping skipped for: time skipping is not enabled	{"address": "127.0.0.1:42237", "shard-id": 1, "wf-id": "TestWorkflowResetTestSuite/TestAnalysisMissingCurrentRecovery/create-rejected_workflow_id", "wf-namespace": "TestWorkflowResetTestSuite-TestAnalysisMissingCurrentRecovery-create-rejected-2ecd97f4-fc10-4ccc-a63f-0a63e37c172d", "wf-run-id": "01a088ef-d1d2-783b-8b78-6d05e1764d09", "logging-call-at": "/home/ubuntu/temporal-investigation-20260909/overnight-20260909/specula-engine/runs/temporal-reset-20260909-restart-1600/temporal-reset/.specula-output/confirmation/CR-2/worktree/common/log/lazy_logger.go:30"}
    shared_cluster_t.go:72: 2026-09-10T01:30:13.331Z	debug	Assigning new task key	{"address": "127.0.0.1:42237", "cursor-timestamp": "2026-09-10T01:30:14.319Z", "queue-task-id": 1048579, "queue-task-type": "VisibilityStartExecution", "shard-id": 1, "timestamp": "2026-09-10T01:30:13.331Z", "wf-id": "TestWorkflowResetTestSuite/TestAnalysisMissingCurrentRecovery/create-rejected_workflow_id", "wf-namespace-id": "b0d94261-cdc5-451b-838a-c55932b8d60e", "wf-run-id": "01a088ef-d1d2-783b-8b78-6d05e1764d09", "logging-call-at": "/home/ubuntu/temporal-investigation-20260909/overnight-20260909/specula-engine/runs/temporal-reset-20260909-restart-1600/temporal-reset/.specula-output/confirmation/CR-2/worktree/service/history/shard/task_key_generator.go:98"}
    shared_cluster_t.go:72: 2026-09-10T01:30:13.331Z	debug	Assigning new task key	{"address": "127.0.0.1:42237", "cursor-timestamp": "2026-09-10T01:30:14.319Z", "queue-task-id": 1048580, "queue-task-type": "TransferWorkflowTask", "shard-id": 1, "timestamp": "2026-09-10T01:30:13.331Z", "wf-id": "TestWorkflowResetTestSuite/TestAnalysisMissingCurrentRecovery/create-rejected_workflow_id", "wf-namespace-id": "b0d94261-cdc5-451b-838a-c55932b8d60e", "wf-run-id": "01a088ef-d1d2-783b-8b78-6d05e1764d09", "logging-call-at": "/home/ubuntu/temporal-investigation-20260909/overnight-20260909/specula-engine/runs/temporal-reset-20260909-restart-1600/temporal-reset/.specula-output/confirmation/CR-2/worktree/service/history/shard/task_key_generator.go:98"}
    shared_cluster_t.go:72: 2026-09-10T01:30:13.331Z	info	Quota changed	{"component": "persistence", "current-quota": null, "new-quota": 0, "scope": "namespace", "service": "history", "wf-namespace": "TestWorkflowResetTestSuite-TestAnalysisMissingCurrentRecovery-create-rejected-2ecd97f4-fc10-4ccc-a63f-0a63e37c172d", "logging-call-at": "/home/ubuntu/temporal-investigation-20260909/overnight-20260909/specula-engine/runs/temporal-reset-20260909-restart-1600/temporal-reset/.specula-output/confirmation/CR-2/worktree/common/quotas/calculator/logged_calculator.go:100"}
    shared_cluster_t.go:72: 2026-09-10T01:30:13.332Z	info	ContextMetadataInterceptor: Setting trailer	{"trailer": {"contextmetadata-bin":["\n\"\n\rworkflow-type\u0012\u0011test-workflow-arg\no\n\u0013workflow-task-queue\u0012XTestWorkflowResetTestSuite/TestAnalysisMissingCurrentRecovery/create-rejected_task_queue"],"contextmetadata-workflow-task-queue":["TestWorkflowResetTestSuite/TestAnalysisMissingCurrentRecovery/create-rejected_task_queue"],"contextmetadata-workflow-type":["test-workflow-arg"],"workflow-task-queue":["TestWorkflowResetTestSuite/TestAnalysisMissingCurrentRecovery/create-rejected_task_queue"],"workflow-type":["test-workflow-arg"]}, "fullMethod": "/temporal.server.api.historyservice.v1.HistoryService/StartWorkflowExecution", "logging-call-at": "/home/ubuntu/temporal-investigation-20260909/overnight-20260909/specula-engine/runs/temporal-reset-20260909-restart-1600/temporal-reset/.specula-output/confirmation/CR-2/worktree/common/log/throttle_logger.go:44"}
    shared_cluster_t.go:72: 2026-09-10T01:30:13.332Z	debug	Process task as active.	{"address": "127.0.0.1:42237", "component": "transfer-queue-processor", "shard-id": 1, "value": "WorkflowTask{WorkflowKey: b0d94261-cdc5-451b-838a-c55932b8d60e/TestWorkflowResetTestSuite/TestAnalysisMissingCurrentRecovery/create-rejected_workflow_id/01a088ef-d1d2-783b-8b78-6d05e1764d09, VisibilityTimestamp: 2026-09-10 01:30:13.331609401 +0000 UTC, TaskID: 1048580, TaskQueue: TestWorkflowResetTestSuite/TestAnalysisMissingCurrentRecovery/create-rejected_task_queue, ScheduledEventID: 2, Version: 0}", "wf-namespace-id": "b0d94261-cdc5-451b-838a-c55932b8d60e", "logging-call-at": "/home/ubuntu/temporal-investigation-20260909/overnight-20260909/specula-engine/runs/temporal-reset-20260909-restart-1600/temporal-reset/.specula-output/confirmation/CR-2/worktree/service/history/queues/active_standby_executor.go:121"}
    shared_cluster_t.go:72: 2026-09-10T01:30:13.333Z	debug	Frontend method invoked.	{"wf-namespace": "TestWorkflowResetTestSuite-TestAnalysisMissingCurrentRecovery-create-rejected-2ecd97f4-fc10-4ccc-a63f-0a63e37c172d", "operation": "PollWorkflowTaskQueue", "server-name": "", "cert-thumbprint": "", "logging-call-at": "/home/ubuntu/temporal-investigation-20260909/overnight-20260909/specula-engine/runs/temporal-reset-20260909-restart-1600/temporal-reset/.specula-output/confirmation/CR-2/worktree/common/rpc/interceptor/namespace_logger.go:53"}
    shared_cluster_t.go:72: 2026-09-10T01:30:13.333Z	info	Quota changed	{"component": "long-poll-handler", "current-quota": null, "new-quota": 1200, "scope": "namespace", "service": "frontend", "wf-namespace": "TestWorkflowResetTestSuite-TestAnalysisMissingCurrentRecovery-create-rejected-2ecd97f4-fc10-4ccc-a63f-0a63e37c172d", "logging-call-at": "/home/ubuntu/temporal-investigation-20260909/overnight-20260909/specula-engine/runs/temporal-reset-20260909-restart-1600/temporal-reset/.specula-output/confirmation/CR-2/worktree/common/quotas/calculator/logged_calculator.go:100"}
    shared_cluster_t.go:72: 2026-09-10T01:30:13.333Z	debug	Received PollWorkflowTaskQueue	{"service": "frontend", "logging-call-at": "/home/ubuntu/temporal-investigation-20260909/overnight-20260909/specula-engine/runs/temporal-reset-20260909-restart-1600/temporal-reset/.specula-output/confirmation/CR-2/worktree/service/frontend/workflow_handler.go:1079"}
    shared_cluster_t.go:72: 2026-09-10T01:30:13.333Z	debug	Poll workflow task queue.	{"service": "frontend", "wf-namespace": "TestWorkflowResetTestSuite-TestAnalysisMissingCurrentRecovery-create-rejected-2ecd97f4-fc10-4ccc-a63f-0a63e37c172d", "wf-namespace-id": "b0d94261-cdc5-451b-838a-c55932b8d60e", "logging-call-at": "/home/ubuntu/temporal-investigation-20260909/overnight-20260909/specula-engine/runs/temporal-reset-20260909-restart-1600/temporal-reset/.specula-output/confirmation/CR-2/worktree/service/frontend/workflow_handler.go:1116"}
    shared_cluster_t.go:72: 2026-09-10T01:30:13.334Z	info	Quota changed	{"component": "persistence", "current-quota": null, "new-quota": 0, "scope": "namespace", "service": "matching", "wf-namespace": "TestWorkflowResetTestSuite-TestAnalysisMissingCurrentRecovery-create-rejected-2ecd97f4-fc10-4ccc-a63f-0a63e37c172d", "logging-call-at": "/home/ubuntu/temporal-investigation-20260909/overnight-20260909/specula-engine/runs/temporal-reset-20260909-restart-1600/temporal-reset/.specula-output/confirmation/CR-2/worktree/common/quotas/calculator/logged_calculator.go:100"}
    shared_cluster_t.go:72: 2026-09-10T01:30:13.334Z	info	loaded user data from db	{"component": "matching-engine", "timestamp": "1970-01-01T00:00:00.000Z", "user-data-version": 0, "wf-namespace": "TestWorkflowResetTestSuite-TestAnalysisMissingCurrentRecovery-create-rejected-2ecd97f4-fc10-4ccc-a63f-0a63e37c172d", "wf-task-queue-name": "TestWorkflowResetTestSuite/TestAnalysisMissingCurrentRecovery/create-rejected_task_queue", "wf-task-queue-type": "Workflow", "logging-call-at": "/home/ubuntu/temporal-investigation-20260909/overnight-20260909/specula-engine/runs/temporal-reset-20260909-restart-1600/temporal-reset/.specula-output/confirmation/CR-2/worktree/service/matching/user_data_manager.go:871"}
    shared_cluster_t.go:72: 2026-09-10T01:30:13.334Z	info	Started physicalTaskQueueManager	{"backlog": "priority", "cause": "UserData", "component": "matching-engine", "lifecycle": "Started", "wf-namespace": "TestWorkflowResetTestSuite-TestAnalysisMissingCurrentRecovery-create-rejected-2ecd97f4-fc10-4ccc-a63f-0a63e37c172d", "wf-task-queue-name": "TestWorkflowResetTestSuite/TestAnalysisMissingCurrentRecovery/create-rejected_task_queue", "wf-task-queue-type": "Workflow", "worker-version": "_unversioned_", "logging-call-at": "/home/ubuntu/temporal-investigation-20260909/overnight-20260909/specula-engine/runs/temporal-reset-20260909-restart-1600/temporal-reset/.specula-output/confirmation/CR-2/worktree/service/matching/physical_task_queue_manager.go:312"}
    shared_cluster_t.go:72: 2026-09-10T01:30:13.334Z	info	Starting draining	{"backlog": "fairness-drain", "component": "matching-engine", "wf-namespace": "TestWorkflowResetTestSuite-TestAnalysisMissingCurrentRecovery-create-rejected-2ecd97f4-fc10-4ccc-a63f-0a63e37c172d", "wf-task-queue-name": "TestWorkflowResetTestSuite/TestAnalysisMissingCurrentRecovery/create-rejected_task_queue", "wf-task-queue-type": "Workflow", "worker-version": "_unversioned_", "logging-call-at": "/home/ubuntu/temporal-investigation-20260909/overnight-20260909/specula-engine/runs/temporal-reset-20260909-restart-1600/temporal-reset/.specula-output/confirmation/CR-2/worktree/service/matching/physical_task_queue_manager.go:430"}
    shared_cluster_t.go:72: 2026-09-10T01:30:13.334Z	debug	returning empty user data (no data or no change)	{"component": "matching-engine", "wf-namespace": "TestWorkflowResetTestSuite-TestAnalysisMissingCurrentRecovery-create-rejected-2ecd97f4-fc10-4ccc-a63f-0a63e37c172d", "wf-task-queue-name": "TestWorkflowResetTestSuite/TestAnalysisMissingCurrentRecovery/create-rejected_task_queue", "wf-task-queue-type": "Workflow", "logging-call-at": "/home/ubuntu/temporal-investigation-20260909/overnight-20260909/specula-engine/runs/temporal-reset-20260909-restart-1600/temporal-reset/.specula-output/confirmation/CR-2/worktree/service/matching/user_data_manager.go:644"}
    shared_cluster_t.go:72: 2026-09-10T01:30:13.334Z	info	TrailerToContextMetadataInterceptor: No metadata in trailer	{"contextWrapped": false, "method": "/temporal.server.api.matchingservice.v1.MatchingService/GetTaskQueueUserData", "service": "matching", "logging-call-at": "/home/ubuntu/temporal-investigation-20260909/overnight-20260909/specula-engine/runs/temporal-reset-20260909-restart-1600/temporal-reset/.specula-output/confirmation/CR-2/worktree/common/log/throttle_logger.go:44"}
    shared_cluster_t.go:72: 2026-09-10T01:30:13.334Z	debug	fetched user data from parent, no change	{"component": "matching-engine", "wf-namespace": "TestWorkflowResetTestSuite-TestAnalysisMissingCurrentRecovery-create-rejected-2ecd97f4-fc10-4ccc-a63f-0a63e37c172d", "wf-task-queue-name": "/_sys/TestWorkflowResetTestSuite/TestAnalysisMissingCurrentRecovery/create-rejected_task_queue/3", "wf-task-queue-type": "Workflow", "logging-call-at": "/home/ubuntu/temporal-investigation-20260909/overnight-20260909/specula-engine/runs/temporal-reset-20260909-restart-1600/temporal-reset/.specula-output/confirmation/CR-2/worktree/service/matching/user_data_manager.go:351"}
    shared_cluster_t.go:72: 2026-09-10T01:30:13.334Z	info	Started physicalTaskQueueManager	{"backlog": "priority", "cause": "Task", "component": "matching-engine", "lifecycle": "Started", "wf-namespace": "TestWorkflowResetTestSuite-TestAnalysisMissingCurrentRecovery-create-rejected-2ecd97f4-fc10-4ccc-a63f-0a63e37c172d", "wf-task-queue-name": "/_sys/TestWorkflowResetTestSuite/TestAnalysisMissingCurrentRecovery/create-rejected_task_queue/3", "wf-task-queue-type": "Workflow", "worker-version": "_unversioned_", "logging-call-at": "/home/ubuntu/temporal-investigation-20260909/overnight-20260909/specula-engine/runs/temporal-reset-20260909-restart-1600/temporal-reset/.specula-output/confirmation/CR-2/worktree/service/matching/physical_task_queue_manager.go:312"}
    shared_cluster_t.go:72: 2026-09-10T01:30:13.335Z	debug	returning empty user data (no data or no change)	{"component": "matching-engine", "wf-namespace": "TestWorkflowResetTestSuite-TestAnalysisMissingCurrentRecovery-create-rejected-2ecd97f4-fc10-4ccc-a63f-0a63e37c172d", "wf-task-queue-name": "TestWorkflowResetTestSuite/TestAnalysisMissingCurrentRecovery/create-rejected_task_queue", "wf-task-queue-type": "Workflow", "logging-call-at": "/home/ubuntu/temporal-investigation-20260909/overnight-20260909/specula-engine/runs/temporal-reset-20260909-restart-1600/temporal-reset/.specula-output/confirmation/CR-2/worktree/service/matching/user_data_manager.go:644"}
    shared_cluster_t.go:72: 2026-09-10T01:30:13.335Z	info	Starting draining	{"backlog": "fairness-drain", "component": "matching-engine", "wf-namespace": "TestWorkflowResetTestSuite-TestAnalysisMissingCurrentRecovery-create-rejected-2ecd97f4-fc10-4ccc-a63f-0a63e37c172d", "wf-task-queue-name": "/_sys/TestWorkflowResetTestSuite/TestAnalysisMissingCurrentRecovery/create-rejected_task_queue/3", "wf-task-queue-type": "Workflow", "worker-version": "_unversioned_", "logging-call-at": "/home/ubuntu/temporal-investigation-20260909/overnight-20260909/specula-engine/runs/temporal-reset-20260909-restart-1600/temporal-reset/.specula-output/confirmation/CR-2/worktree/service/matching/physical_task_queue_manager.go:430"}
    shared_cluster_t.go:72: 2026-09-10T01:30:13.336Z	debug	returning empty user data (no data or no change)	{"component": "matching-engine", "wf-namespace": "TestWorkflowResetTestSuite-TestAnalysisMissingCurrentRecovery-create-rejected-2ecd97f4-fc10-4ccc-a63f-0a63e37c172d", "wf-task-queue-name": "TestWorkflowResetTestSuite/TestAnalysisMissingCurrentRecovery/create-rejected_task_queue", "wf-task-queue-type": "Workflow", "logging-call-at": "/home/ubuntu/temporal-investigation-20260909/overnight-20260909/specula-engine/runs/temporal-reset-20260909-restart-1600/temporal-reset/.specula-output/confirmation/CR-2/worktree/service/matching/user_data_manager.go:644"}
    shared_cluster_t.go:72: 2026-09-10T01:30:13.336Z	debug	fetched user data from parent, no change	{"component": "matching-engine", "wf-namespace": "TestWorkflowResetTestSuite-TestAnalysisMissingCurrentRecovery-create-rejected-2ecd97f4-fc10-4ccc-a63f-0a63e37c172d", "wf-task-queue-name": "/_sys/TestWorkflowResetTestSuite/TestAnalysisMissingCurrentRecovery/create-rejected_task_queue/1", "wf-task-queue-type": "Workflow", "logging-call-at": "/home/ubuntu/temporal-investigation-20260909/overnight-20260909/specula-engine/runs/temporal-reset-20260909-restart-1600/temporal-reset/.specula-output/confirmation/CR-2/worktree/service/matching/user_data_manager.go:351"}
    shared_cluster_t.go:72: 2026-09-10T01:30:13.336Z	debug	fetched user data from parent, no change	{"component": "matching-engine", "wf-namespace": "TestWorkflowResetTestSuite-TestAnalysisMissingCurrentRecovery-create-rejected-2ecd97f4-fc10-4ccc-a63f-0a63e37c172d", "wf-task-queue-name": "/_sys/TestWorkflowResetTestSuite/TestAnalysisMissingCurrentRecovery/create-rejected_task_queue/2", "wf-task-queue-type": "Workflow", "logging-call-at": "/home/ubuntu/temporal-investigation-20260909/overnight-20260909/specula-engine/runs/temporal-reset-20260909-restart-1600/temporal-reset/.specula-output/confirmation/CR-2/worktree/service/matching/user_data_manager.go:351"}
    shared_cluster_t.go:72: 2026-09-10T01:30:13.336Z	info	Started physicalTaskQueueManager	{"backlog": "priority", "cause": "Force", "component": "matching-engine", "lifecycle": "Started", "wf-namespace": "TestWorkflowResetTestSuite-TestAnalysisMissingCurrentRecovery-create-rejected-2ecd97f4-fc10-4ccc-a63f-0a63e37c172d", "wf-task-queue-name": "/_sys/TestWorkflowResetTestSuite/TestAnalysisMissingCurrentRecovery/create-rejected_task_queue/1", "wf-task-queue-type": "Workflow", "worker-version": "_unversioned_", "logging-call-at": "/home/ubuntu/temporal-investigation-20260909/overnight-20260909/specula-engine/runs/temporal-reset-20260909-restart-1600/temporal-reset/.specula-output/confirmation/CR-2/worktree/service/matching/physical_task_queue_manager.go:312"}
    shared_cluster_t.go:72: 2026-09-10T01:30:13.336Z	info	Started physicalTaskQueueManager	{"backlog": "priority", "cause": "Force", "component": "matching-engine", "lifecycle": "Started", "wf-namespace": "TestWorkflowResetTestSuite-TestAnalysisMissingCurrentRecovery-create-rejected-2ecd97f4-fc10-4ccc-a63f-0a63e37c172d", "wf-task-queue-name": "/_sys/TestWorkflowResetTestSuite/TestAnalysisMissingCurrentRecovery/create-rejected_task_queue/2", "wf-task-queue-type": "Workflow", "worker-version": "_unversioned_", "logging-call-at": "/home/ubuntu/temporal-investigation-20260909/overnight-20260909/specula-engine/runs/temporal-reset-20260909-restart-1600/temporal-reset/.specula-output/confirmation/CR-2/worktree/service/matching/physical_task_queue_manager.go:312"}
    shared_cluster_t.go:72: 2026-09-10T01:30:13.337Z	info	Starting draining	{"backlog": "fairness-drain", "component": "matching-engine", "wf-namespace": "TestWorkflowResetTestSuite-TestAnalysisMissingCurrentRecovery-create-rejected-2ecd97f4-fc10-4ccc-a63f-0a63e37c172d", "wf-task-queue-name": "/_sys/TestWorkflowResetTestSuite/TestAnalysisMissingCurrentRecovery/create-rejected_task_queue/1", "wf-task-queue-type": "Workflow", "worker-version": "_unversioned_", "logging-call-at": "/home/ubuntu/temporal-investigation-20260909/overnight-20260909/specula-engine/runs/temporal-reset-20260909-restart-1600/temporal-reset/.specula-output/confirmation/CR-2/worktree/service/matching/physical_task_queue_manager.go:430"}
    shared_cluster_t.go:72: 2026-09-10T01:30:13.337Z	info	Starting draining	{"backlog": "fairness-drain", "component": "matching-engine", "wf-namespace": "TestWorkflowResetTestSuite-TestAnalysisMissingCurrentRecovery-create-rejected-2ecd97f4-fc10-4ccc-a63f-0a63e37c172d", "wf-task-queue-name": "/_sys/TestWorkflowResetTestSuite/TestAnalysisMissingCurrentRecovery/create-rejected_task_queue/2", "wf-task-queue-type": "Workflow", "worker-version": "_unversioned_", "logging-call-at": "/home/ubuntu/temporal-investigation-20260909/overnight-20260909/specula-engine/runs/temporal-reset-20260909-restart-1600/temporal-reset/.specula-output/confirmation/CR-2/worktree/service/matching/physical_task_queue_manager.go:430"}
    shared_cluster_t.go:72: 2026-09-10T01:30:13.339Z	debug	Workflow task updated	{"address": "127.0.0.1:42237", "attempt": 1, "shard-id": 1, "wf-id": "TestWorkflowResetTestSuite/TestAnalysisMissingCurrentRecovery/create-rejected_workflow_id", "wf-namespace": "TestWorkflowResetTestSuite-TestAnalysisMissingCurrentRecovery-create-rejected-2ecd97f4-fc10-4ccc-a63f-0a63e37c172d", "wf-namespace-id": "b0d94261-cdc5-451b-838a-c55932b8d60e", "wf-run-id": "01a088ef-d1d2-783b-8b78-6d05e1764d09", "wf-scheduled-event-id": 2, "wf-started-event-id": 3, "wf-started-timestamp": "2026-09-10T01:30:13.339Z", "workflow-task-request-id": "352d7eaf-c444-449e-93fc-938a4aa2627d", "workflow-task-timeout": 10, "wt-type": "Normal", "logging-call-at": "/home/ubuntu/temporal-investigation-20260909/overnight-20260909/specula-engine/runs/temporal-reset-20260909-restart-1600/temporal-reset/.specula-output/confirmation/CR-2/worktree/common/log/lazy_logger.go:30"}
    shared_cluster_t.go:72: 2026-09-10T01:30:13.339Z	debug	time skipping skipped for: time skipping is not enabled	{"address": "127.0.0.1:42237", "shard-id": 1, "wf-id": "TestWorkflowResetTestSuite/TestAnalysisMissingCurrentRecovery/create-rejected_workflow_id", "wf-namespace": "TestWorkflowResetTestSuite-TestAnalysisMissingCurrentRecovery-create-rejected-2ecd97f4-fc10-4ccc-a63f-0a63e37c172d", "wf-namespace-id": "b0d94261-cdc5-451b-838a-c55932b8d60e", "wf-run-id": "01a088ef-d1d2-783b-8b78-6d05e1764d09", "logging-call-at": "/home/ubuntu/temporal-investigation-20260909/overnight-20260909/specula-engine/runs/temporal-reset-20260909-restart-1600/temporal-reset/.specula-output/confirmation/CR-2/worktree/common/log/lazy_logger.go:30"}
    shared_cluster_t.go:72: 2026-09-10T01:30:13.339Z	debug	Assigning new task key	{"address": "127.0.0.1:42237", "cursor-timestamp": "2026-09-10T01:30:14.332Z", "queue-task-id": 1048584, "queue-task-type": "WorkflowTaskTimeout", "shard-id": 1, "timestamp": "2026-09-10T01:30:23.340Z", "wf-id": "TestWorkflowResetTestSuite/TestAnalysisMissingCurrentRecovery/create-rejected_workflow_id", "wf-namespace-id": "b0d94261-cdc5-451b-838a-c55932b8d60e", "wf-run-id": "01a088ef-d1d2-783b-8b78-6d05e1764d09", "logging-call-at": "/home/ubuntu/temporal-investigation-20260909/overnight-20260909/specula-engine/runs/temporal-reset-20260909-restart-1600/temporal-reset/.specula-output/confirmation/CR-2/worktree/service/history/shard/task_key_generator.go:98"}
    shared_cluster_t.go:72: 2026-09-10T01:30:13.341Z	debug	routing key extraction: adding routing key to context	{"wf-id": "TestWorkflowResetTestSuite/TestAnalysisMissingCurrentRecovery/create-rejected_workflow_id", "grpc-method": "/temporal.api.workflowservice.v1.WorkflowService/RespondWorkflowTaskCompleted", "logging-call-at": "/home/ubuntu/temporal-investigation-20260909/overnight-20260909/specula-engine/runs/temporal-reset-20260909-restart-1600/temporal-reset/.specula-output/confirmation/CR-2/worktree/common/rpc/interceptor/routing_key_interceptor.go:112"}
    shared_cluster_t.go:72: 2026-09-10T01:30:13.341Z	debug	Frontend method invoked.	{"wf-namespace": "TestWorkflowResetTestSuite-TestAnalysisMissingCurrentRecovery-create-rejected-2ecd97f4-fc10-4ccc-a63f-0a63e37c172d", "operation": "RespondWorkflowTaskCompleted", "server-name": "", "cert-thumbprint": "", "logging-call-at": "/home/ubuntu/temporal-investigation-20260909/overnight-20260909/specula-engine/runs/temporal-reset-20260909-restart-1600/temporal-reset/.specula-output/confirmation/CR-2/worktree/common/rpc/interceptor/namespace_logger.go:53"}
    shared_cluster_t.go:72: 2026-09-10T01:30:13.342Z	debug	RespondWorkflowTaskCompleted	{"service": "history", "wf-id": "TestWorkflowResetTestSuite/TestAnalysisMissingCurrentRecovery/create-rejected_workflow_id", "wf-namespace-id": "b0d94261-cdc5-451b-838a-c55932b8d60e", "wf-run-id": "01a088ef-d1d2-783b-8b78-6d05e1764d09", "wf-scheduled-event-id": 2, "logging-call-at": "/home/ubuntu/temporal-investigation-20260909/overnight-20260909/specula-engine/runs/temporal-reset-20260909-restart-1600/temporal-reset/.specula-output/confirmation/CR-2/worktree/service/history/handler.go:558"}
    shared_cluster_t.go:72: 2026-09-10T01:30:13.342Z	debug	Workflow task updated	{"address": "127.0.0.1:42237", "attempt": 1, "shard-id": 1, "wf-id": "TestWorkflowResetTestSuite/TestAnalysisMissingCurrentRecovery/create-rejected_workflow_id", "wf-namespace": "TestWorkflowResetTestSuite-TestAnalysisMissingCurrentRecovery-create-rejected-2ecd97f4-fc10-4ccc-a63f-0a63e37c172d", "wf-namespace-id": "b0d94261-cdc5-451b-838a-c55932b8d60e", "wf-run-id": "01a088ef-d1d2-783b-8b78-6d05e1764d09", "wf-scheduled-event-id": 0, "wf-started-event-id": 0, "wf-started-timestamp": "1970-01-01T00:00:00.000Z", "workflow-task-request-id": "emptyUuid", "workflow-task-timeout": 0, "wt-type": "Unspecified", "logging-call-at": "/home/ubuntu/temporal-investigation-20260909/overnight-20260909/specula-engine/runs/temporal-reset-20260909-restart-1600/temporal-reset/.specula-output/confirmation/CR-2/worktree/common/log/lazy_logger.go:30"}
    shared_cluster_t.go:72: 2026-09-10T01:30:13.342Z	debug	time skipping skipped for: time skipping is not enabled	{"address": "127.0.0.1:42237", "shard-id": 1, "wf-id": "TestWorkflowResetTestSuite/TestAnalysisMissingCurrentRecovery/create-rejected_workflow_id", "wf-namespace": "TestWorkflowResetTestSuite-TestAnalysisMissingCurrentRecovery-create-rejected-2ecd97f4-fc10-4ccc-a63f-0a63e37c172d", "wf-namespace-id": "b0d94261-cdc5-451b-838a-c55932b8d60e", "wf-run-id": "01a088ef-d1d2-783b-8b78-6d05e1764d09", "logging-call-at": "/home/ubuntu/temporal-investigation-20260909/overnight-20260909/specula-engine/runs/temporal-reset-20260909-restart-1600/temporal-reset/.specula-output/confirmation/CR-2/worktree/common/log/lazy_logger.go:30"}
    shared_cluster_t.go:72: 2026-09-10T01:30:13.342Z	debug	Assigning new task key	{"address": "127.0.0.1:42237", "cursor-timestamp": "2026-09-10T01:30:14.332Z", "queue-task-id": 1048589, "queue-task-type": "VisibilityUpsertExecution", "shard-id": 1, "timestamp": "2026-09-10T01:30:13.342Z", "wf-id": "TestWorkflowResetTestSuite/TestAnalysisMissingCurrentRecovery/create-rejected_workflow_id", "wf-namespace-id": "b0d94261-cdc5-451b-838a-c55932b8d60e", "wf-run-id": "01a088ef-d1d2-783b-8b78-6d05e1764d09", "logging-call-at": "/home/ubuntu/temporal-investigation-20260909/overnight-20260909/specula-engine/runs/temporal-reset-20260909-restart-1600/temporal-reset/.specula-output/confirmation/CR-2/worktree/service/history/shard/task_key_generator.go:98"}
    shared_cluster_t.go:72: 2026-09-10T01:30:13.342Z	debug	Assigning new task key	{"address": "127.0.0.1:42237", "cursor-timestamp": "2026-09-10T01:30:14.332Z", "queue-task-id": 1048590, "queue-task-type": "TransferActivityTask", "shard-id": 1, "timestamp": "2026-09-10T01:30:13.342Z", "wf-id": "TestWorkflowResetTestSuite/TestAnalysisMissingCurrentRecovery/create-rejected_workflow_id", "wf-namespace-id": "b0d94261-cdc5-451b-838a-c55932b8d60e", "wf-run-id": "01a088ef-d1d2-783b-8b78-6d05e1764d09", "logging-call-at": "/home/ubuntu/temporal-investigation-20260909/overnight-20260909/specula-engine/runs/temporal-reset-20260909-restart-1600/temporal-reset/.specula-output/confirmation/CR-2/worktree/service/history/shard/task_key_generator.go:98"}
    shared_cluster_t.go:72: 2026-09-10T01:30:13.343Z	debug	Process task as active.	{"address": "127.0.0.1:42237", "component": "transfer-queue-processor", "shard-id": 1, "value": "b0d94261-cdc5-451b-838a-c55932b8d60e/TestWorkflowResetTestSuite/TestAnalysisMissingCurrentRecovery/create-rejected_workflow_id/01a088ef-d1d2-783b-8b78-6d05e1764d09", "wf-namespace-id": "b0d94261-cdc5-451b-838a-c55932b8d60e", "logging-call-at": "/home/ubuntu/temporal-investigation-20260909/overnight-20260909/specula-engine/runs/temporal-reset-20260909-restart-1600/temporal-reset/.specula-output/confirmation/CR-2/worktree/service/history/queues/active_standby_executor.go:121"}
    shared_cluster_t.go:72: 2026-09-10T01:30:13.343Z	debug	Frontend method invoked.	{"wf-namespace": "TestWorkflowResetTestSuite-TestAnalysisMissingCurrentRecovery-create-rejected-2ecd97f4-fc10-4ccc-a63f-0a63e37c172d", "operation": "PollActivityTaskQueue", "server-name": "", "cert-thumbprint": "", "logging-call-at": "/home/ubuntu/temporal-investigation-20260909/overnight-20260909/specula-engine/runs/temporal-reset-20260909-restart-1600/temporal-reset/.specula-output/confirmation/CR-2/worktree/common/rpc/interceptor/namespace_logger.go:53"}
    shared_cluster_t.go:72: 2026-09-10T01:30:13.343Z	debug	Received PollActivityTaskQueue	{"service": "frontend", "logging-call-at": "/home/ubuntu/temporal-investigation-20260909/overnight-20260909/specula-engine/runs/temporal-reset-20260909-restart-1600/temporal-reset/.specula-output/confirmation/CR-2/worktree/service/frontend/workflow_handler.go:1349"}
    shared_cluster_t.go:72: 2026-09-10T01:30:13.343Z	debug	returning empty user data (no data or no change)	{"component": "matching-engine", "wf-namespace": "TestWorkflowResetTestSuite-TestAnalysisMissingCurrentRecovery-create-rejected-2ecd97f4-fc10-4ccc-a63f-0a63e37c172d", "wf-task-queue-name": "TestWorkflowResetTestSuite/TestAnalysisMissingCurrentRecovery/create-rejected_task_queue", "wf-task-queue-type": "Workflow", "logging-call-at": "/home/ubuntu/temporal-investigation-20260909/overnight-20260909/specula-engine/runs/temporal-reset-20260909-restart-1600/temporal-reset/.specula-output/confirmation/CR-2/worktree/service/matching/user_data_manager.go:644"}
    shared_cluster_t.go:72: 2026-09-10T01:30:13.343Z	debug	fetched user data from parent, no change	{"component": "matching-engine", "wf-namespace": "TestWorkflowResetTestSuite-TestAnalysisMissingCurrentRecovery-create-rejected-2ecd97f4-fc10-4ccc-a63f-0a63e37c172d", "wf-task-queue-name": "TestWorkflowResetTestSuite/TestAnalysisMissingCurrentRecovery/create-rejected_task_queue", "wf-task-queue-type": "Activity", "logging-call-at": "/home/ubuntu/temporal-investigation-20260909/overnight-20260909/specula-engine/runs/temporal-reset-20260909-restart-1600/temporal-reset/.specula-output/confirmation/CR-2/worktree/service/matching/user_data_manager.go:351"}
    shared_cluster_t.go:72: 2026-09-10T01:30:13.344Z	info	Started physicalTaskQueueManager	{"backlog": "priority", "cause": "Task", "component": "matching-engine", "lifecycle": "Started", "wf-namespace": "TestWorkflowResetTestSuite-TestAnalysisMissingCurrentRecovery-create-rejected-2ecd97f4-fc10-4ccc-a63f-0a63e37c172d", "wf-task-queue-name": "TestWorkflowResetTestSuite/TestAnalysisMissingCurrentRecovery/create-rejected_task_queue", "wf-task-queue-type": "Activity", "worker-version": "_unversioned_", "logging-call-at": "/home/ubuntu/temporal-investigation-20260909/overnight-20260909/specula-engine/runs/temporal-reset-20260909-restart-1600/temporal-reset/.specula-output/confirmation/CR-2/worktree/service/matching/physical_task_queue_manager.go:312"}
    shared_cluster_t.go:72: 2026-09-10T01:30:13.344Z	info	Starting draining	{"backlog": "fairness-drain", "component": "matching-engine", "wf-namespace": "TestWorkflowResetTestSuite-TestAnalysisMissingCurrentRecovery-create-rejected-2ecd97f4-fc10-4ccc-a63f-0a63e37c172d", "wf-task-queue-name": "TestWorkflowResetTestSuite/TestAnalysisMissingCurrentRecovery/create-rejected_task_queue", "wf-task-queue-type": "Activity", "worker-version": "_unversioned_", "logging-call-at": "/home/ubuntu/temporal-investigation-20260909/overnight-20260909/specula-engine/runs/temporal-reset-20260909-restart-1600/temporal-reset/.specula-output/confirmation/CR-2/worktree/service/matching/physical_task_queue_manager.go:430"}
    shared_cluster_t.go:72: 2026-09-10T01:30:13.344Z	debug	returning empty user data (no data or no change)	{"component": "matching-engine", "wf-namespace": "TestWorkflowResetTestSuite-TestAnalysisMissingCurrentRecovery-create-rejected-2ecd97f4-fc10-4ccc-a63f-0a63e37c172d", "wf-task-queue-name": "TestWorkflowResetTestSuite/TestAnalysisMissingCurrentRecovery/create-rejected_task_queue", "wf-task-queue-type": "Activity", "logging-call-at": "/home/ubuntu/temporal-investigation-20260909/overnight-20260909/specula-engine/runs/temporal-reset-20260909-restart-1600/temporal-reset/.specula-output/confirmation/CR-2/worktree/service/matching/user_data_manager.go:644"}
    shared_cluster_t.go:72: 2026-09-10T01:30:13.344Z	debug	returning empty user data (no data or no change)	{"component": "matching-engine", "wf-namespace": "TestWorkflowResetTestSuite-TestAnalysisMissingCurrentRecovery-create-rejected-2ecd97f4-fc10-4ccc-a63f-0a63e37c172d", "wf-task-queue-name": "TestWorkflowResetTestSuite/TestAnalysisMissingCurrentRecovery/create-rejected_task_queue", "wf-task-queue-type": "Activity", "logging-call-at": "/home/ubuntu/temporal-investigation-20260909/overnight-20260909/specula-engine/runs/temporal-reset-20260909-restart-1600/temporal-reset/.specula-output/confirmation/CR-2/worktree/service/matching/user_data_manager.go:644"}
    shared_cluster_t.go:72: 2026-09-10T01:30:13.344Z	debug	returning empty user data (no data or no change)	{"component": "matching-engine", "wf-namespace": "TestWorkflowResetTestSuite-TestAnalysisMissingCurrentRecovery-create-rejected-2ecd97f4-fc10-4ccc-a63f-0a63e37c172d", "wf-task-queue-name": "TestWorkflowResetTestSuite/TestAnalysisMissingCurrentRecovery/create-rejected_task_queue", "wf-task-queue-type": "Activity", "logging-call-at": "/home/ubuntu/temporal-investigation-20260909/overnight-20260909/specula-engine/runs/temporal-reset-20260909-restart-1600/temporal-reset/.specula-output/confirmation/CR-2/worktree/service/matching/user_data_manager.go:644"}
    shared_cluster_t.go:72: 2026-09-10T01:30:13.344Z	debug	fetched user data from parent, no change	{"component": "matching-engine", "wf-namespace": "TestWorkflowResetTestSuite-TestAnalysisMissingCurrentRecovery-create-rejected-2ecd97f4-fc10-4ccc-a63f-0a63e37c172d", "wf-task-queue-name": "/_sys/TestWorkflowResetTestSuite/TestAnalysisMissingCurrentRecovery/create-rejected_task_queue/3", "wf-task-queue-type": "Activity", "logging-call-at": "/home/ubuntu/temporal-investigation-20260909/overnight-20260909/specula-engine/runs/temporal-reset-20260909-restart-1600/temporal-reset/.specula-output/confirmation/CR-2/worktree/service/matching/user_data_manager.go:351"}
    shared_cluster_t.go:72: 2026-09-10T01:30:13.344Z	debug	fetched user data from parent, no change	{"component": "matching-engine", "wf-namespace": "TestWorkflowResetTestSuite-TestAnalysisMissingCurrentRecovery-create-rejected-2ecd97f4-fc10-4ccc-a63f-0a63e37c172d", "wf-task-queue-name": "/_sys/TestWorkflowResetTestSuite/TestAnalysisMissingCurrentRecovery/create-rejected_task_queue/2", "wf-task-queue-type": "Activity", "logging-call-at": "/home/ubuntu/temporal-investigation-20260909/overnight-20260909/specula-engine/runs/temporal-reset-20260909-restart-1600/temporal-reset/.specula-output/confirmation/CR-2/worktree/service/matching/user_data_manager.go:351"}
    shared_cluster_t.go:72: 2026-09-10T01:30:13.344Z	debug	time skipping skipped for: time skipping is not enabled	{"address": "127.0.0.1:42237", "shard-id": 1, "wf-id": "TestWorkflowResetTestSuite/TestAnalysisMissingCurrentRecovery/create-rejected_workflow_id", "wf-namespace": "TestWorkflowResetTestSuite-TestAnalysisMissingCurrentRecovery-create-rejected-2ecd97f4-fc10-4ccc-a63f-0a63e37c172d", "wf-namespace-id": "b0d94261-cdc5-451b-838a-c55932b8d60e", "wf-run-id": "01a088ef-d1d2-783b-8b78-6d05e1764d09", "logging-call-at": "/home/ubuntu/temporal-investigation-20260909/overnight-20260909/specula-engine/runs/temporal-reset-20260909-restart-1600/temporal-reset/.specula-output/confirmation/CR-2/worktree/common/log/lazy_logger.go:30"}
    shared_cluster_t.go:72: 2026-09-10T01:30:13.345Z	info	Started physicalTaskQueueManager	{"backlog": "priority", "cause": "Force", "component": "matching-engine", "lifecycle": "Started", "wf-namespace": "TestWorkflowResetTestSuite-TestAnalysisMissingCurrentRecovery-create-rejected-2ecd97f4-fc10-4ccc-a63f-0a63e37c172d", "wf-task-queue-name": "/_sys/TestWorkflowResetTestSuite/TestAnalysisMissingCurrentRecovery/create-rejected_task_queue/2", "wf-task-queue-type": "Activity", "worker-version": "_unversioned_", "logging-call-at": "/home/ubuntu/temporal-investigation-20260909/overnight-20260909/specula-engine/runs/temporal-reset-20260909-restart-1600/temporal-reset/.specula-output/confirmation/CR-2/worktree/service/matching/physical_task_queue_manager.go:312"}
    shared_cluster_t.go:72: 2026-09-10T01:30:13.345Z	debug	Assigning new task key	{"address": "127.0.0.1:42237", "cursor-timestamp": "2026-09-10T01:30:14.343Z", "queue-task-id": 1048593, "queue-task-type": "ActivityTimeout", "shard-id": 1, "timestamp": "2026-09-10T01:30:23.345Z", "wf-id": "TestWorkflowResetTestSuite/TestAnalysisMissingCurrentRecovery/create-rejected_workflow_id", "wf-namespace-id": "b0d94261-cdc5-451b-838a-c55932b8d60e", "wf-run-id": "01a088ef-d1d2-783b-8b78-6d05e1764d09", "logging-call-at": "/home/ubuntu/temporal-investigation-20260909/overnight-20260909/specula-engine/runs/temporal-reset-20260909-restart-1600/temporal-reset/.specula-output/confirmation/CR-2/worktree/service/history/shard/task_key_generator.go:98"}
    shared_cluster_t.go:72: 2026-09-10T01:30:13.344Z	info	Started physicalTaskQueueManager	{"backlog": "priority", "cause": "Force", "component": "matching-engine", "lifecycle": "Started", "wf-namespace": "TestWorkflowResetTestSuite-TestAnalysisMissingCurrentRecovery-create-rejected-2ecd97f4-fc10-4ccc-a63f-0a63e37c172d", "wf-task-queue-name": "/_sys/TestWorkflowResetTestSuite/TestAnalysisMissingCurrentRecovery/create-rejected_task_queue/3", "wf-task-queue-type": "Activity", "worker-version": "_unversioned_", "logging-call-at": "/home/ubuntu/temporal-investigation-20260909/overnight-20260909/specula-engine/runs/temporal-reset-20260909-restart-1600/temporal-reset/.specula-output/confirmation/CR-2/worktree/service/matching/physical_task_queue_manager.go:312"}
    shared_cluster_t.go:72: 2026-09-10T01:30:13.344Z	debug	fetched user data from parent, no change	{"component": "matching-engine", "wf-namespace": "TestWorkflowResetTestSuite-TestAnalysisMissingCurrentRecovery-create-rejected-2ecd97f4-fc10-4ccc-a63f-0a63e37c172d", "wf-task-queue-name": "/_sys/TestWorkflowResetTestSuite/TestAnalysisMissingCurrentRecovery/create-rejected_task_queue/1", "wf-task-queue-type": "Activity", "logging-call-at": "/home/ubuntu/temporal-investigation-20260909/overnight-20260909/specula-engine/runs/temporal-reset-20260909-restart-1600/temporal-reset/.specula-output/confirmation/CR-2/worktree/service/matching/user_data_manager.go:351"}
    shared_cluster_t.go:72: 2026-09-10T01:30:13.345Z	info	Starting draining	{"backlog": "fairness-drain", "component": "matching-engine", "wf-namespace": "TestWorkflowResetTestSuite-TestAnalysisMissingCurrentRecovery-create-rejected-2ecd97f4-fc10-4ccc-a63f-0a63e37c172d", "wf-task-queue-name": "/_sys/TestWorkflowResetTestSuite/TestAnalysisMissingCurrentRecovery/create-rejected_task_queue/3", "wf-task-queue-type": "Activity", "worker-version": "_unversioned_", "logging-call-at": "/home/ubuntu/temporal-investigation-20260909/overnight-20260909/specula-engine/runs/temporal-reset-20260909-restart-1600/temporal-reset/.specula-output/confirmation/CR-2/worktree/service/matching/physical_task_queue_manager.go:430"}
    shared_cluster_t.go:72: 2026-09-10T01:30:13.345Z	info	Starting draining	{"backlog": "fairness-drain", "component": "matching-engine", "wf-namespace": "TestWorkflowResetTestSuite-TestAnalysisMissingCurrentRecovery-create-rejected-2ecd97f4-fc10-4ccc-a63f-0a63e37c172d", "wf-task-queue-name": "/_sys/TestWorkflowResetTestSuite/TestAnalysisMissingCurrentRecovery/create-rejected_task_queue/2", "wf-task-queue-type": "Activity", "worker-version": "_unversioned_", "logging-call-at": "/home/ubuntu/temporal-investigation-20260909/overnight-20260909/specula-engine/runs/temporal-reset-20260909-restart-1600/temporal-reset/.specula-output/confirmation/CR-2/worktree/service/matching/physical_task_queue_manager.go:430"}
    shared_cluster_t.go:72: 2026-09-10T01:30:13.345Z	info	Started physicalTaskQueueManager	{"backlog": "priority", "cause": "Force", "component": "matching-engine", "lifecycle": "Started", "wf-namespace": "TestWorkflowResetTestSuite-TestAnalysisMissingCurrentRecovery-create-rejected-2ecd97f4-fc10-4ccc-a63f-0a63e37c172d", "wf-task-queue-name": "/_sys/TestWorkflowResetTestSuite/TestAnalysisMissingCurrentRecovery/create-rejected_task_queue/1", "wf-task-queue-type": "Activity", "worker-version": "_unversioned_", "logging-call-at": "/home/ubuntu/temporal-investigation-20260909/overnight-20260909/specula-engine/runs/temporal-reset-20260909-restart-1600/temporal-reset/.specula-output/confirmation/CR-2/worktree/service/matching/physical_task_queue_manager.go:312"}
    shared_cluster_t.go:72: 2026-09-10T01:30:13.345Z	info	Starting draining	{"backlog": "fairness-drain", "component": "matching-engine", "wf-namespace": "TestWorkflowResetTestSuite-TestAnalysisMissingCurrentRecovery-create-rejected-2ecd97f4-fc10-4ccc-a63f-0a63e37c172d", "wf-task-queue-name": "/_sys/TestWorkflowResetTestSuite/TestAnalysisMissingCurrentRecovery/create-rejected_task_queue/1", "wf-task-queue-type": "Activity", "worker-version": "_unversioned_", "logging-call-at": "/home/ubuntu/temporal-investigation-20260909/overnight-20260909/specula-engine/runs/temporal-reset-20260909-restart-1600/temporal-reset/.specula-output/confirmation/CR-2/worktree/service/matching/physical_task_queue_manager.go:430"}
    shared_cluster_t.go:72: 2026-09-10T01:30:13.346Z	debug	routing key extraction: adding routing key to context	{"wf-id": "TestWorkflowResetTestSuite/TestAnalysisMissingCurrentRecovery/create-rejected_workflow_id", "grpc-method": "/temporal.api.workflowservice.v1.WorkflowService/RespondActivityTaskCompleted", "logging-call-at": "/home/ubuntu/temporal-investigation-20260909/overnight-20260909/specula-engine/runs/temporal-reset-20260909-restart-1600/temporal-reset/.specula-output/confirmation/CR-2/worktree/common/rpc/interceptor/routing_key_interceptor.go:112"}
    shared_cluster_t.go:72: 2026-09-10T01:30:13.346Z	debug	Frontend method invoked.	{"wf-namespace": "TestWorkflowResetTestSuite-TestAnalysisMissingCurrentRecovery-create-rejected-2ecd97f4-fc10-4ccc-a63f-0a63e37c172d", "operation": "RespondActivityTaskCompleted", "server-name": "", "cert-thumbprint": "", "logging-call-at": "/home/ubuntu/temporal-investigation-20260909/overnight-20260909/specula-engine/runs/temporal-reset-20260909-restart-1600/temporal-reset/.specula-output/confirmation/CR-2/worktree/common/rpc/interceptor/namespace_logger.go:53"}
    shared_cluster_t.go:72: 2026-09-10T01:30:13.346Z	debug	Workflow task updated	{"address": "127.0.0.1:42237", "attempt": 1, "shard-id": 1, "wf-id": "TestWorkflowResetTestSuite/TestAnalysisMissingCurrentRecovery/create-rejected_workflow_id", "wf-namespace": "TestWorkflowResetTestSuite-TestAnalysisMissingCurrentRecovery-create-rejected-2ecd97f4-fc10-4ccc-a63f-0a63e37c172d", "wf-namespace-id": "b0d94261-cdc5-451b-838a-c55932b8d60e", "wf-run-id": "01a088ef-d1d2-783b-8b78-6d05e1764d09", "wf-scheduled-event-id": 8, "wf-started-event-id": 0, "wf-started-timestamp": "0001-01-01T00:00:00.000Z", "workflow-task-request-id": "emptyUuid", "workflow-task-timeout": 10, "wt-type": "Normal", "logging-call-at": "/home/ubuntu/temporal-investigation-20260909/overnight-20260909/specula-engine/runs/temporal-reset-20260909-restart-1600/temporal-reset/.specula-output/confirmation/CR-2/worktree/common/log/lazy_logger.go:30"}
    shared_cluster_t.go:72: 2026-09-10T01:30:13.346Z	debug	time skipping skipped for: time skipping is not enabled	{"address": "127.0.0.1:42237", "shard-id": 1, "wf-id": "TestWorkflowResetTestSuite/TestAnalysisMissingCurrentRecovery/create-rejected_workflow_id", "wf-namespace": "TestWorkflowResetTestSuite-TestAnalysisMissingCurrentRecovery-create-rejected-2ecd97f4-fc10-4ccc-a63f-0a63e37c172d", "wf-namespace-id": "b0d94261-cdc5-451b-838a-c55932b8d60e", "wf-run-id": "01a088ef-d1d2-783b-8b78-6d05e1764d09", "logging-call-at": "/home/ubuntu/temporal-investigation-20260909/overnight-20260909/specula-engine/runs/temporal-reset-20260909-restart-1600/temporal-reset/.specula-output/confirmation/CR-2/worktree/common/log/lazy_logger.go:30"}
    shared_cluster_t.go:72: 2026-09-10T01:30:13.346Z	debug	Assigning new task key	{"address": "127.0.0.1:42237", "cursor-timestamp": "2026-09-10T01:30:14.343Z", "queue-task-id": 1048598, "queue-task-type": "TransferWorkflowTask", "shard-id": 1, "timestamp": "2026-09-10T01:30:13.346Z", "wf-id": "TestWorkflowResetTestSuite/TestAnalysisMissingCurrentRecovery/create-rejected_workflow_id", "wf-namespace-id": "b0d94261-cdc5-451b-838a-c55932b8d60e", "wf-run-id": "01a088ef-d1d2-783b-8b78-6d05e1764d09", "logging-call-at": "/home/ubuntu/temporal-investigation-20260909/overnight-20260909/specula-engine/runs/temporal-reset-20260909-restart-1600/temporal-reset/.specula-output/confirmation/CR-2/worktree/service/history/shard/task_key_generator.go:98"}
    shared_cluster_t.go:72: 2026-09-10T01:30:13.347Z	debug	Process task as active.	{"address": "127.0.0.1:42237", "component": "transfer-queue-processor", "shard-id": 1, "value": "WorkflowTask{WorkflowKey: b0d94261-cdc5-451b-838a-c55932b8d60e/TestWorkflowResetTestSuite/TestAnalysisMissingCurrentRecovery/create-rejected_workflow_id/01a088ef-d1d2-783b-8b78-6d05e1764d09, VisibilityTimestamp: 2026-09-10 01:30:13.346850072 +0000 UTC, TaskID: 1048598, TaskQueue: TestWorkflowResetTestSuite/TestAnalysisMissingCurrentRecovery/create-rejected_task_queue, ScheduledEventID: 8, Version: 0}", "wf-namespace-id": "b0d94261-cdc5-451b-838a-c55932b8d60e", "logging-call-at": "/home/ubuntu/temporal-investigation-20260909/overnight-20260909/specula-engine/runs/temporal-reset-20260909-restart-1600/temporal-reset/.specula-output/confirmation/CR-2/worktree/service/history/queues/active_standby_executor.go:121"}
    shared_cluster_t.go:72: 2026-09-10T01:30:13.347Z	debug	Frontend method invoked.	{"wf-namespace": "TestWorkflowResetTestSuite-TestAnalysisMissingCurrentRecovery-create-rejected-2ecd97f4-fc10-4ccc-a63f-0a63e37c172d", "operation": "PollWorkflowTaskQueue", "server-name": "", "cert-thumbprint": "", "logging-call-at": "/home/ubuntu/temporal-investigation-20260909/overnight-20260909/specula-engine/runs/temporal-reset-20260909-restart-1600/temporal-reset/.specula-output/confirmation/CR-2/worktree/common/rpc/interceptor/namespace_logger.go:53"}
    shared_cluster_t.go:72: 2026-09-10T01:30:13.347Z	debug	Received PollWorkflowTaskQueue	{"service": "frontend", "logging-call-at": "/home/ubuntu/temporal-investigation-20260909/overnight-20260909/specula-engine/runs/temporal-reset-20260909-restart-1600/temporal-reset/.specula-output/confirmation/CR-2/worktree/service/frontend/workflow_handler.go:1079"}
    shared_cluster_t.go:72: 2026-09-10T01:30:13.347Z	debug	Poll workflow task queue.	{"service": "frontend", "wf-namespace": "TestWorkflowResetTestSuite-TestAnalysisMissingCurrentRecovery-create-rejected-2ecd97f4-fc10-4ccc-a63f-0a63e37c172d", "wf-namespace-id": "b0d94261-cdc5-451b-838a-c55932b8d60e", "logging-call-at": "/home/ubuntu/temporal-investigation-20260909/overnight-20260909/specula-engine/runs/temporal-reset-20260909-restart-1600/temporal-reset/.specula-output/confirmation/CR-2/worktree/service/frontend/workflow_handler.go:1116"}
    shared_cluster_t.go:72: 2026-09-10T01:30:13.348Z	debug	Workflow task updated	{"address": "127.0.0.1:42237", "attempt": 1, "shard-id": 1, "wf-id": "TestWorkflowResetTestSuite/TestAnalysisMissingCurrentRecovery/create-rejected_workflow_id", "wf-namespace": "TestWorkflowResetTestSuite-TestAnalysisMissingCurrentRecovery-create-rejected-2ecd97f4-fc10-4ccc-a63f-0a63e37c172d", "wf-namespace-id": "b0d94261-cdc5-451b-838a-c55932b8d60e", "wf-run-id": "01a088ef-d1d2-783b-8b78-6d05e1764d09", "wf-scheduled-event-id": 8, "wf-started-event-id": 9, "wf-started-timestamp": "2026-09-10T01:30:13.348Z", "workflow-task-request-id": "d86fe2cd-7467-4805-8a37-99792768b0f2", "workflow-task-timeout": 10, "wt-type": "Normal", "logging-call-at": "/home/ubuntu/temporal-investigation-20260909/overnight-20260909/specula-engine/runs/temporal-reset-20260909-restart-1600/temporal-reset/.specula-output/confirmation/CR-2/worktree/common/log/lazy_logger.go:30"}
    shared_cluster_t.go:72: 2026-09-10T01:30:13.348Z	debug	time skipping skipped for: time skipping is not enabled	{"address": "127.0.0.1:42237", "shard-id": 1, "wf-id": "TestWorkflowResetTestSuite/TestAnalysisMissingCurrentRecovery/create-rejected_workflow_id", "wf-namespace": "TestWorkflowResetTestSuite-TestAnalysisMissingCurrentRecovery-create-rejected-2ecd97f4-fc10-4ccc-a63f-0a63e37c172d", "wf-namespace-id": "b0d94261-cdc5-451b-838a-c55932b8d60e", "wf-run-id": "01a088ef-d1d2-783b-8b78-6d05e1764d09", "logging-call-at": "/home/ubuntu/temporal-investigation-20260909/overnight-20260909/specula-engine/runs/temporal-reset-20260909-restart-1600/temporal-reset/.specula-output/confirmation/CR-2/worktree/common/log/lazy_logger.go:30"}
    shared_cluster_t.go:72: 2026-09-10T01:30:13.348Z	debug	Assigning new task key	{"address": "127.0.0.1:42237", "cursor-timestamp": "2026-09-10T01:30:14.347Z", "queue-task-id": 1048601, "queue-task-type": "WorkflowTaskTimeout", "shard-id": 1, "timestamp": "2026-09-10T01:30:23.349Z", "wf-id": "TestWorkflowResetTestSuite/TestAnalysisMissingCurrentRecovery/create-rejected_workflow_id", "wf-namespace-id": "b0d94261-cdc5-451b-838a-c55932b8d60e", "wf-run-id": "01a088ef-d1d2-783b-8b78-6d05e1764d09", "logging-call-at": "/home/ubuntu/temporal-investigation-20260909/overnight-20260909/specula-engine/runs/temporal-reset-20260909-restart-1600/temporal-reset/.specula-output/confirmation/CR-2/worktree/service/history/shard/task_key_generator.go:98"}
    shared_cluster_t.go:72: 2026-09-10T01:30:13.349Z	debug	routing key extraction: adding routing key to context	{"wf-id": "TestWorkflowResetTestSuite/TestAnalysisMissingCurrentRecovery/create-rejected_workflow_id", "grpc-method": "/temporal.api.workflowservice.v1.WorkflowService/RespondWorkflowTaskCompleted", "logging-call-at": "/home/ubuntu/temporal-investigation-20260909/overnight-20260909/specula-engine/runs/temporal-reset-20260909-restart-1600/temporal-reset/.specula-output/confirmation/CR-2/worktree/common/rpc/interceptor/routing_key_interceptor.go:112"}
    shared_cluster_t.go:72: 2026-09-10T01:30:13.349Z	debug	Frontend method invoked.	{"wf-namespace": "TestWorkflowResetTestSuite-TestAnalysisMissingCurrentRecovery-create-rejected-2ecd97f4-fc10-4ccc-a63f-0a63e37c172d", "operation": "RespondWorkflowTaskCompleted", "server-name": "", "cert-thumbprint": "", "logging-call-at": "/home/ubuntu/temporal-investigation-20260909/overnight-20260909/specula-engine/runs/temporal-reset-20260909-restart-1600/temporal-reset/.specula-output/confirmation/CR-2/worktree/common/rpc/interceptor/namespace_logger.go:53"}
    shared_cluster_t.go:72: 2026-09-10T01:30:13.349Z	debug	RespondWorkflowTaskCompleted	{"service": "history", "wf-id": "TestWorkflowResetTestSuite/TestAnalysisMissingCurrentRecovery/create-rejected_workflow_id", "wf-namespace-id": "b0d94261-cdc5-451b-838a-c55932b8d60e", "wf-run-id": "01a088ef-d1d2-783b-8b78-6d05e1764d09", "wf-scheduled-event-id": 8, "logging-call-at": "/home/ubuntu/temporal-investigation-20260909/overnight-20260909/specula-engine/runs/temporal-reset-20260909-restart-1600/temporal-reset/.specula-output/confirmation/CR-2/worktree/service/history/handler.go:558"}
    shared_cluster_t.go:72: 2026-09-10T01:30:13.349Z	debug	Workflow task updated	{"address": "127.0.0.1:42237", "attempt": 1, "shard-id": 1, "wf-id": "TestWorkflowResetTestSuite/TestAnalysisMissingCurrentRecovery/create-rejected_workflow_id", "wf-namespace": "TestWorkflowResetTestSuite-TestAnalysisMissingCurrentRecovery-create-rejected-2ecd97f4-fc10-4ccc-a63f-0a63e37c172d", "wf-namespace-id": "b0d94261-cdc5-451b-838a-c55932b8d60e", "wf-run-id": "01a088ef-d1d2-783b-8b78-6d05e1764d09", "wf-scheduled-event-id": 0, "wf-started-event-id": 0, "wf-started-timestamp": "1970-01-01T00:00:00.000Z", "workflow-task-request-id": "emptyUuid", "workflow-task-timeout": 0, "wt-type": "Unspecified", "logging-call-at": "/home/ubuntu/temporal-investigation-20260909/overnight-20260909/specula-engine/runs/temporal-reset-20260909-restart-1600/temporal-reset/.specula-output/confirmation/CR-2/worktree/common/log/lazy_logger.go:30"}
    shared_cluster_t.go:72: 2026-09-10T01:30:13.350Z	debug	time skipping skipped for: time skipping is not enabled	{"address": "127.0.0.1:42237", "shard-id": 1, "wf-id": "TestWorkflowResetTestSuite/TestAnalysisMissingCurrentRecovery/create-rejected_workflow_id", "wf-namespace": "TestWorkflowResetTestSuite-TestAnalysisMissingCurrentRecovery-create-rejected-2ecd97f4-fc10-4ccc-a63f-0a63e37c172d", "wf-namespace-id": "b0d94261-cdc5-451b-838a-c55932b8d60e", "wf-run-id": "01a088ef-d1d2-783b-8b78-6d05e1764d09", "logging-call-at": "/home/ubuntu/temporal-investigation-20260909/overnight-20260909/specula-engine/runs/temporal-reset-20260909-restart-1600/temporal-reset/.specula-output/confirmation/CR-2/worktree/common/log/lazy_logger.go:30"}
    shared_cluster_t.go:72: 2026-09-10T01:30:13.350Z	debug	Assigning new task key	{"address": "127.0.0.1:42237", "cursor-timestamp": "2026-09-10T01:30:14.347Z", "queue-task-id": 1048606, "queue-task-type": "DeleteHistoryEvent", "shard-id": 1, "timestamp": "2026-09-11T01:30:13.483Z", "wf-id": "TestWorkflowResetTestSuite/TestAnalysisMissingCurrentRecovery/create-rejected_workflow_id", "wf-namespace-id": "b0d94261-cdc5-451b-838a-c55932b8d60e", "wf-run-id": "01a088ef-d1d2-783b-8b78-6d05e1764d09", "logging-call-at": "/home/ubuntu/temporal-investigation-20260909/overnight-20260909/specula-engine/runs/temporal-reset-20260909-restart-1600/temporal-reset/.specula-output/confirmation/CR-2/worktree/service/history/shard/task_key_generator.go:98"}
    shared_cluster_t.go:72: 2026-09-10T01:30:13.350Z	debug	Assigning new task key	{"address": "127.0.0.1:42237", "cursor-timestamp": "2026-09-10T01:30:14.347Z", "queue-task-id": 1048607, "queue-task-type": "TransferCloseExecution", "shard-id": 1, "timestamp": "2026-09-10T01:30:13.350Z", "wf-id": "TestWorkflowResetTestSuite/TestAnalysisMissingCurrentRecovery/create-rejected_workflow_id", "wf-namespace-id": "b0d94261-cdc5-451b-838a-c55932b8d60e", "wf-run-id": "01a088ef-d1d2-783b-8b78-6d05e1764d09", "logging-call-at": "/home/ubuntu/temporal-investigation-20260909/overnight-20260909/specula-engine/runs/temporal-reset-20260909-restart-1600/temporal-reset/.specula-output/confirmation/CR-2/worktree/service/history/shard/task_key_generator.go:98"}
    shared_cluster_t.go:72: 2026-09-10T01:30:13.350Z	debug	Assigning new task key	{"address": "127.0.0.1:42237", "cursor-timestamp": "2026-09-10T01:30:14.347Z", "queue-task-id": 1048608, "queue-task-type": "VisibilityCloseExecution", "shard-id": 1, "timestamp": "2026-09-10T01:30:13.350Z", "wf-id": "TestWorkflowResetTestSuite/TestAnalysisMissingCurrentRecovery/create-rejected_workflow_id", "wf-namespace-id": "b0d94261-cdc5-451b-838a-c55932b8d60e", "wf-run-id": "01a088ef-d1d2-783b-8b78-6d05e1764d09", "logging-call-at": "/home/ubuntu/temporal-investigation-20260909/overnight-20260909/specula-engine/runs/temporal-reset-20260909-restart-1600/temporal-reset/.specula-output/confirmation/CR-2/worktree/service/history/shard/task_key_generator.go:98"}
    shared_cluster_t.go:72: 2026-09-10T01:30:13.350Z	debug	Process task as active.	{"address": "127.0.0.1:42237", "component": "transfer-queue-processor", "shard-id": 1, "value": "CloseExecutionTask{WorkflowKey: b0d94261-cdc5-451b-838a-c55932b8d60e/TestWorkflowResetTestSuite/TestAnalysisMissingCurrentRecovery/create-rejected_workflow_id/01a088ef-d1d2-783b-8b78-6d05e1764d09, VisibilityTimestamp: 2026-09-10 01:30:13.350201953 +0000 UTC, TaskID: 1048607, Version: 0, DeleteAfterClose: false, DeleteProcessStage: 0}", "wf-namespace-id": "b0d94261-cdc5-451b-838a-c55932b8d60e", "logging-call-at": "/home/ubuntu/temporal-investigation-20260909/overnight-20260909/specula-engine/runs/temporal-reset-20260909-restart-1600/temporal-reset/.specula-output/confirmation/CR-2/worktree/service/history/queues/active_standby_executor.go:121"}
    shared_cluster_t.go:72: 2026-09-10T01:30:13.351Z	debug	routing key extraction: adding routing key to context	{"wf-id": "TestWorkflowResetTestSuite/TestAnalysisMissingCurrentRecovery/create-rejected_workflow_id", "grpc-method": "/temporal.api.workflowservice.v1.WorkflowService/StartWorkflowExecution", "logging-call-at": "/home/ubuntu/temporal-investigation-20260909/overnight-20260909/specula-engine/runs/temporal-reset-20260909-restart-1600/temporal-reset/.specula-output/confirmation/CR-2/worktree/common/rpc/interceptor/routing_key_interceptor.go:112"}
    shared_cluster_t.go:72: 2026-09-10T01:30:13.351Z	debug	Frontend method invoked.	{"wf-namespace": "TestWorkflowResetTestSuite-TestAnalysisMissingCurrentRecovery-create-rejected-2ecd97f4-fc10-4ccc-a63f-0a63e37c172d", "operation": "StartWorkflowExecution", "server-name": "", "cert-thumbprint": "", "logging-call-at": "/home/ubuntu/temporal-investigation-20260909/overnight-20260909/specula-engine/runs/temporal-reset-20260909-restart-1600/temporal-reset/.specula-output/confirmation/CR-2/worktree/common/rpc/interceptor/namespace_logger.go:53"}
    shared_cluster_t.go:72: 2026-09-10T01:30:13.351Z	debug	Received StartWorkflowExecution.	{"service": "frontend", "wf-id": "TestWorkflowResetTestSuite/TestAnalysisMissingCurrentRecovery/create-rejected_workflow_id", "wf-type": "test-workflow-arg", "logging-call-at": "/home/ubuntu/temporal-investigation-20260909/overnight-20260909/specula-engine/runs/temporal-reset-20260909-restart-1600/temporal-reset/.specula-output/confirmation/CR-2/worktree/service/frontend/workflow_handler.go:561"}
    shared_cluster_t.go:72: 2026-09-10T01:30:13.351Z	debug	Start workflow execution request namespace.	{"service": "frontend", "wf-namespace": "TestWorkflowResetTestSuite-TestAnalysisMissingCurrentRecovery-create-rejected-2ecd97f4-fc10-4ccc-a63f-0a63e37c172d", "logging-call-at": "/home/ubuntu/temporal-investigation-20260909/overnight-20260909/specula-engine/runs/temporal-reset-20260909-restart-1600/temporal-reset/.specula-output/confirmation/CR-2/worktree/service/frontend/workflow_handler.go:565"}
    shared_cluster_t.go:72: 2026-09-10T01:30:13.351Z	debug	Start workflow execution request namespaceID.	{"service": "frontend", "wf-namespace-id": "b0d94261-cdc5-451b-838a-c55932b8d60e", "logging-call-at": "/home/ubuntu/temporal-investigation-20260909/overnight-20260909/specula-engine/runs/temporal-reset-20260909-restart-1600/temporal-reset/.specula-output/confirmation/CR-2/worktree/service/frontend/workflow_handler.go:570"}
    shared_cluster_t.go:72: 2026-09-10T01:30:13.351Z	debug	Workflow task updated	{"address": "127.0.0.1:42237", "attempt": 1, "shard-id": 1, "wf-id": "TestWorkflowResetTestSuite/TestAnalysisMissingCurrentRecovery/create-rejected_workflow_id", "wf-namespace": "TestWorkflowResetTestSuite-TestAnalysisMissingCurrentRecovery-create-rejected-2ecd97f4-fc10-4ccc-a63f-0a63e37c172d", "wf-run-id": "01a088ef-d1e7-7c77-bb52-a83e2dfa7998", "wf-scheduled-event-id": 2, "wf-started-event-id": 0, "wf-started-timestamp": "0001-01-01T00:00:00.000Z", "workflow-task-request-id": "emptyUuid", "workflow-task-timeout": 10, "wt-type": "Normal", "logging-call-at": "/home/ubuntu/temporal-investigation-20260909/overnight-20260909/specula-engine/runs/temporal-reset-20260909-restart-1600/temporal-reset/.specula-output/confirmation/CR-2/worktree/common/log/lazy_logger.go:30"}
    shared_cluster_t.go:72: 2026-09-10T01:30:13.351Z	debug	time skipping skipped for: time skipping is not enabled	{"address": "127.0.0.1:42237", "shard-id": 1, "wf-id": "TestWorkflowResetTestSuite/TestAnalysisMissingCurrentRecovery/create-rejected_workflow_id", "wf-namespace": "TestWorkflowResetTestSuite-TestAnalysisMissingCurrentRecovery-create-rejected-2ecd97f4-fc10-4ccc-a63f-0a63e37c172d", "wf-run-id": "01a088ef-d1e7-7c77-bb52-a83e2dfa7998", "logging-call-at": "/home/ubuntu/temporal-investigation-20260909/overnight-20260909/specula-engine/runs/temporal-reset-20260909-restart-1600/temporal-reset/.specula-output/confirmation/CR-2/worktree/common/log/lazy_logger.go:30"}
    shared_cluster_t.go:72: 2026-09-10T01:30:13.352Z	debug	Assigning new task key	{"address": "127.0.0.1:42237", "cursor-timestamp": "2026-09-10T01:30:14.350Z", "queue-task-id": 1048612, "queue-task-type": "VisibilityStartExecution", "shard-id": 1, "timestamp": "2026-09-10T01:30:13.352Z", "wf-id": "TestWorkflowResetTestSuite/TestAnalysisMissingCurrentRecovery/create-rejected_workflow_id", "wf-namespace-id": "b0d94261-cdc5-451b-838a-c55932b8d60e", "wf-run-id": "01a088ef-d1e7-7c77-bb52-a83e2dfa7998", "logging-call-at": "/home/ubuntu/temporal-investigation-20260909/overnight-20260909/specula-engine/runs/temporal-reset-20260909-restart-1600/temporal-reset/.specula-output/confirmation/CR-2/worktree/service/history/shard/task_key_generator.go:98"}
    shared_cluster_t.go:72: 2026-09-10T01:30:13.352Z	debug	Assigning new task key	{"address": "127.0.0.1:42237", "cursor-timestamp": "2026-09-10T01:30:14.350Z", "queue-task-id": 1048613, "queue-task-type": "TransferWorkflowTask", "shard-id": 1, "timestamp": "2026-09-10T01:30:13.352Z", "wf-id": "TestWorkflowResetTestSuite/TestAnalysisMissingCurrentRecovery/create-rejected_workflow_id", "wf-namespace-id": "b0d94261-cdc5-451b-838a-c55932b8d60e", "wf-run-id": "01a088ef-d1e7-7c77-bb52-a83e2dfa7998", "logging-call-at": "/home/ubuntu/temporal-investigation-20260909/overnight-20260909/specula-engine/runs/temporal-reset-20260909-restart-1600/temporal-reset/.specula-output/confirmation/CR-2/worktree/service/history/shard/task_key_generator.go:98"}
    shared_cluster_t.go:72: 2026-09-10T01:30:13.352Z	debug	Assigning new task key	{"address": "127.0.0.1:42237", "cursor-timestamp": "2026-09-10T01:30:14.350Z", "queue-task-id": 1048616, "queue-task-type": "VisibilityStartExecution", "shard-id": 1, "timestamp": "2026-09-10T01:30:13.352Z", "wf-id": "TestWorkflowResetTestSuite/TestAnalysisMissingCurrentRecovery/create-rejected_workflow_id", "wf-namespace-id": "b0d94261-cdc5-451b-838a-c55932b8d60e", "wf-run-id": "01a088ef-d1e7-7c77-bb52-a83e2dfa7998", "logging-call-at": "/home/ubuntu/temporal-investigation-20260909/overnight-20260909/specula-engine/runs/temporal-reset-20260909-restart-1600/temporal-reset/.specula-output/confirmation/CR-2/worktree/service/history/shard/task_key_generator.go:98"}
    shared_cluster_t.go:72: 2026-09-10T01:30:13.352Z	debug	Assigning new task key	{"address": "127.0.0.1:42237", "cursor-timestamp": "2026-09-10T01:30:14.350Z", "queue-task-id": 1048617, "queue-task-type": "TransferWorkflowTask", "shard-id": 1, "timestamp": "2026-09-10T01:30:13.352Z", "wf-id": "TestWorkflowResetTestSuite/TestAnalysisMissingCurrentRecovery/create-rejected_workflow_id", "wf-namespace-id": "b0d94261-cdc5-451b-838a-c55932b8d60e", "wf-run-id": "01a088ef-d1e7-7c77-bb52-a83e2dfa7998", "logging-call-at": "/home/ubuntu/temporal-investigation-20260909/overnight-20260909/specula-engine/runs/temporal-reset-20260909-restart-1600/temporal-reset/.specula-output/confirmation/CR-2/worktree/service/history/shard/task_key_generator.go:98"}
    shared_cluster_t.go:72: 2026-09-10T01:30:13.352Z	debug	Process task as active.	{"address": "127.0.0.1:42237", "component": "transfer-queue-processor", "shard-id": 1, "value": "WorkflowTask{WorkflowKey: b0d94261-cdc5-451b-838a-c55932b8d60e/TestWorkflowResetTestSuite/TestAnalysisMissingCurrentRecovery/create-rejected_workflow_id/01a088ef-d1e7-7c77-bb52-a83e2dfa7998, VisibilityTimestamp: 2026-09-10 01:30:13.352313769 +0000 UTC, TaskID: 1048617, TaskQueue: TestWorkflowResetTestSuite/TestAnalysisMissingCurrentRecovery/create-rejected_task_queue, ScheduledEventID: 2, Version: 0}", "wf-namespace-id": "b0d94261-cdc5-451b-838a-c55932b8d60e", "logging-call-at": "/home/ubuntu/temporal-investigation-20260909/overnight-20260909/specula-engine/runs/temporal-reset-20260909-restart-1600/temporal-reset/.specula-output/confirmation/CR-2/worktree/service/history/queues/active_standby_executor.go:121"}
    shared_cluster_t.go:72: 2026-09-10T01:30:13.353Z	debug	Frontend method invoked.	{"wf-namespace": "TestWorkflowResetTestSuite-TestAnalysisMissingCurrentRecovery-create-rejected-2ecd97f4-fc10-4ccc-a63f-0a63e37c172d", "operation": "PollWorkflowTaskQueue", "server-name": "", "cert-thumbprint": "", "logging-call-at": "/home/ubuntu/temporal-investigation-20260909/overnight-20260909/specula-engine/runs/temporal-reset-20260909-restart-1600/temporal-reset/.specula-output/confirmation/CR-2/worktree/common/rpc/interceptor/namespace_logger.go:53"}
    shared_cluster_t.go:72: 2026-09-10T01:30:13.353Z	debug	Received PollWorkflowTaskQueue	{"service": "frontend", "logging-call-at": "/home/ubuntu/temporal-investigation-20260909/overnight-20260909/specula-engine/runs/temporal-reset-20260909-restart-1600/temporal-reset/.specula-output/confirmation/CR-2/worktree/service/frontend/workflow_handler.go:1079"}
    shared_cluster_t.go:72: 2026-09-10T01:30:13.353Z	debug	Poll workflow task queue.	{"service": "frontend", "wf-namespace": "TestWorkflowResetTestSuite-TestAnalysisMissingCurrentRecovery-create-rejected-2ecd97f4-fc10-4ccc-a63f-0a63e37c172d", "wf-namespace-id": "b0d94261-cdc5-451b-838a-c55932b8d60e", "logging-call-at": "/home/ubuntu/temporal-investigation-20260909/overnight-20260909/specula-engine/runs/temporal-reset-20260909-restart-1600/temporal-reset/.specula-output/confirmation/CR-2/worktree/service/frontend/workflow_handler.go:1116"}
    shared_cluster_t.go:72: 2026-09-10T01:30:13.354Z	debug	Workflow task updated	{"address": "127.0.0.1:42237", "attempt": 1, "shard-id": 1, "wf-id": "TestWorkflowResetTestSuite/TestAnalysisMissingCurrentRecovery/create-rejected_workflow_id", "wf-namespace": "TestWorkflowResetTestSuite-TestAnalysisMissingCurrentRecovery-create-rejected-2ecd97f4-fc10-4ccc-a63f-0a63e37c172d", "wf-namespace-id": "b0d94261-cdc5-451b-838a-c55932b8d60e", "wf-run-id": "01a088ef-d1e7-7c77-bb52-a83e2dfa7998", "wf-scheduled-event-id": 2, "wf-started-event-id": 3, "wf-started-timestamp": "2026-09-10T01:30:13.354Z", "workflow-task-request-id": "f438617d-60ef-48ec-819a-b0ade6ade0a1", "workflow-task-timeout": 10, "wt-type": "Normal", "logging-call-at": "/home/ubuntu/temporal-investigation-20260909/overnight-20260909/specula-engine/runs/temporal-reset-20260909-restart-1600/temporal-reset/.specula-output/confirmation/CR-2/worktree/common/log/lazy_logger.go:30"}
    shared_cluster_t.go:72: 2026-09-10T01:30:13.354Z	debug	time skipping skipped for: time skipping is not enabled	{"address": "127.0.0.1:42237", "shard-id": 1, "wf-id": "TestWorkflowResetTestSuite/TestAnalysisMissingCurrentRecovery/create-rejected_workflow_id", "wf-namespace": "TestWorkflowResetTestSuite-TestAnalysisMissingCurrentRecovery-create-rejected-2ecd97f4-fc10-4ccc-a63f-0a63e37c172d", "wf-namespace-id": "b0d94261-cdc5-451b-838a-c55932b8d60e", "wf-run-id": "01a088ef-d1e7-7c77-bb52-a83e2dfa7998", "logging-call-at": "/home/ubuntu/temporal-investigation-20260909/overnight-20260909/specula-engine/runs/temporal-reset-20260909-restart-1600/temporal-reset/.specula-output/confirmation/CR-2/worktree/common/log/lazy_logger.go:30"}
    shared_cluster_t.go:72: 2026-09-10T01:30:13.354Z	debug	Assigning new task key	{"address": "127.0.0.1:42237", "cursor-timestamp": "2026-09-10T01:30:14.352Z", "queue-task-id": 1048621, "queue-task-type": "WorkflowTaskTimeout", "shard-id": 1, "timestamp": "2026-09-10T01:30:23.355Z", "wf-id": "TestWorkflowResetTestSuite/TestAnalysisMissingCurrentRecovery/create-rejected_workflow_id", "wf-namespace-id": "b0d94261-cdc5-451b-838a-c55932b8d60e", "wf-run-id": "01a088ef-d1e7-7c77-bb52-a83e2dfa7998", "logging-call-at": "/home/ubuntu/temporal-investigation-20260909/overnight-20260909/specula-engine/runs/temporal-reset-20260909-restart-1600/temporal-reset/.specula-output/confirmation/CR-2/worktree/service/history/shard/task_key_generator.go:98"}
    shared_cluster_t.go:72: 2026-09-10T01:30:13.355Z	debug	routing key extraction: adding routing key to context	{"wf-id": "TestWorkflowResetTestSuite/TestAnalysisMissingCurrentRecovery/create-rejected_workflow_id", "grpc-method": "/temporal.api.workflowservice.v1.WorkflowService/RespondWorkflowTaskCompleted", "logging-call-at": "/home/ubuntu/temporal-investigation-20260909/overnight-20260909/specula-engine/runs/temporal-reset-20260909-restart-1600/temporal-reset/.specula-output/confirmation/CR-2/worktree/common/rpc/interceptor/routing_key_interceptor.go:112"}
    shared_cluster_t.go:72: 2026-09-10T01:30:13.355Z	debug	Frontend method invoked.	{"wf-namespace": "TestWorkflowResetTestSuite-TestAnalysisMissingCurrentRecovery-create-rejected-2ecd97f4-fc10-4ccc-a63f-0a63e37c172d", "operation": "RespondWorkflowTaskCompleted", "server-name": "", "cert-thumbprint": "", "logging-call-at": "/home/ubuntu/temporal-investigation-20260909/overnight-20260909/specula-engine/runs/temporal-reset-20260909-restart-1600/temporal-reset/.specula-output/confirmation/CR-2/worktree/common/rpc/interceptor/namespace_logger.go:53"}
    shared_cluster_t.go:72: 2026-09-10T01:30:13.355Z	debug	RespondWorkflowTaskCompleted	{"service": "history", "wf-id": "TestWorkflowResetTestSuite/TestAnalysisMissingCurrentRecovery/create-rejected_workflow_id", "wf-namespace-id": "b0d94261-cdc5-451b-838a-c55932b8d60e", "wf-run-id": "01a088ef-d1e7-7c77-bb52-a83e2dfa7998", "wf-scheduled-event-id": 2, "logging-call-at": "/home/ubuntu/temporal-investigation-20260909/overnight-20260909/specula-engine/runs/temporal-reset-20260909-restart-1600/temporal-reset/.specula-output/confirmation/CR-2/worktree/service/history/handler.go:558"}
    shared_cluster_t.go:72: 2026-09-10T01:30:13.355Z	debug	Workflow task updated	{"address": "127.0.0.1:42237", "attempt": 1, "shard-id": 1, "wf-id": "TestWorkflowResetTestSuite/TestAnalysisMissingCurrentRecovery/create-rejected_workflow_id", "wf-namespace": "TestWorkflowResetTestSuite-TestAnalysisMissingCurrentRecovery-create-rejected-2ecd97f4-fc10-4ccc-a63f-0a63e37c172d", "wf-namespace-id": "b0d94261-cdc5-451b-838a-c55932b8d60e", "wf-run-id": "01a088ef-d1e7-7c77-bb52-a83e2dfa7998", "wf-scheduled-event-id": 0, "wf-started-event-id": 0, "wf-started-timestamp": "1970-01-01T00:00:00.000Z", "workflow-task-request-id": "emptyUuid", "workflow-task-timeout": 0, "wt-type": "Unspecified", "logging-call-at": "/home/ubuntu/temporal-investigation-20260909/overnight-20260909/specula-engine/runs/temporal-reset-20260909-restart-1600/temporal-reset/.specula-output/confirmation/CR-2/worktree/common/log/lazy_logger.go:30"}
    shared_cluster_t.go:72: 2026-09-10T01:30:13.355Z	debug	time skipping skipped for: time skipping is not enabled	{"address": "127.0.0.1:42237", "shard-id": 1, "wf-id": "TestWorkflowResetTestSuite/TestAnalysisMissingCurrentRecovery/create-rejected_workflow_id", "wf-namespace": "TestWorkflowResetTestSuite-TestAnalysisMissingCurrentRecovery-create-rejected-2ecd97f4-fc10-4ccc-a63f-0a63e37c172d", "wf-namespace-id": "b0d94261-cdc5-451b-838a-c55932b8d60e", "wf-run-id": "01a088ef-d1e7-7c77-bb52-a83e2dfa7998", "logging-call-at": "/home/ubuntu/temporal-investigation-20260909/overnight-20260909/specula-engine/runs/temporal-reset-20260909-restart-1600/temporal-reset/.specula-output/confirmation/CR-2/worktree/common/log/lazy_logger.go:30"}
    shared_cluster_t.go:72: 2026-09-10T01:30:13.355Z	debug	Assigning new task key	{"address": "127.0.0.1:42237", "cursor-timestamp": "2026-09-10T01:30:14.352Z", "queue-task-id": 1048626, "queue-task-type": "VisibilityUpsertExecution", "shard-id": 1, "timestamp": "2026-09-10T01:30:13.355Z", "wf-id": "TestWorkflowResetTestSuite/TestAnalysisMissingCurrentRecovery/create-rejected_workflow_id", "wf-namespace-id": "b0d94261-cdc5-451b-838a-c55932b8d60e", "wf-run-id": "01a088ef-d1e7-7c77-bb52-a83e2dfa7998", "logging-call-at": "/home/ubuntu/temporal-investigation-20260909/overnight-20260909/specula-engine/runs/temporal-reset-20260909-restart-1600/temporal-reset/.specula-output/confirmation/CR-2/worktree/service/history/shard/task_key_generator.go:98"}
    shared_cluster_t.go:72: 2026-09-10T01:30:13.355Z	debug	Assigning new task key	{"address": "127.0.0.1:42237", "cursor-timestamp": "2026-09-10T01:30:14.352Z", "queue-task-id": 1048627, "queue-task-type": "TransferActivityTask", "shard-id": 1, "timestamp": "2026-09-10T01:30:13.355Z", "wf-id": "TestWorkflowResetTestSuite/TestAnalysisMissingCurrentRecovery/create-rejected_workflow_id", "wf-namespace-id": "b0d94261-cdc5-451b-838a-c55932b8d60e", "wf-run-id": "01a088ef-d1e7-7c77-bb52-a83e2dfa7998", "logging-call-at": "/home/ubuntu/temporal-investigation-20260909/overnight-20260909/specula-engine/runs/temporal-reset-20260909-restart-1600/temporal-reset/.specula-output/confirmation/CR-2/worktree/service/history/shard/task_key_generator.go:98"}
    shared_cluster_t.go:72: 2026-09-10T01:30:13.356Z	debug	Process task as active.	{"address": "127.0.0.1:42237", "component": "transfer-queue-processor", "shard-id": 1, "value": "b0d94261-cdc5-451b-838a-c55932b8d60e/TestWorkflowResetTestSuite/TestAnalysisMissingCurrentRecovery/create-rejected_workflow_id/01a088ef-d1e7-7c77-bb52-a83e2dfa7998", "wf-namespace-id": "b0d94261-cdc5-451b-838a-c55932b8d60e", "logging-call-at": "/home/ubuntu/temporal-investigation-20260909/overnight-20260909/specula-engine/runs/temporal-reset-20260909-restart-1600/temporal-reset/.specula-output/confirmation/CR-2/worktree/service/history/queues/active_standby_executor.go:121"}
    shared_cluster_t.go:72: 2026-09-10T01:30:13.356Z	debug	Frontend method invoked.	{"wf-namespace": "TestWorkflowResetTestSuite-TestAnalysisMissingCurrentRecovery-create-rejected-2ecd97f4-fc10-4ccc-a63f-0a63e37c172d", "operation": "PollActivityTaskQueue", "server-name": "", "cert-thumbprint": "", "logging-call-at": "/home/ubuntu/temporal-investigation-20260909/overnight-20260909/specula-engine/runs/temporal-reset-20260909-restart-1600/temporal-reset/.specula-output/confirmation/CR-2/worktree/common/rpc/interceptor/namespace_logger.go:53"}
    shared_cluster_t.go:72: 2026-09-10T01:30:13.356Z	debug	Received PollActivityTaskQueue	{"service": "frontend", "logging-call-at": "/home/ubuntu/temporal-investigation-20260909/overnight-20260909/specula-engine/runs/temporal-reset-20260909-restart-1600/temporal-reset/.specula-output/confirmation/CR-2/worktree/service/frontend/workflow_handler.go:1349"}
    shared_cluster_t.go:72: 2026-09-10T01:30:13.357Z	debug	time skipping skipped for: time skipping is not enabled	{"address": "127.0.0.1:42237", "shard-id": 1, "wf-id": "TestWorkflowResetTestSuite/TestAnalysisMissingCurrentRecovery/create-rejected_workflow_id", "wf-namespace": "TestWorkflowResetTestSuite-TestAnalysisMissingCurrentRecovery-create-rejected-2ecd97f4-fc10-4ccc-a63f-0a63e37c172d", "wf-namespace-id": "b0d94261-cdc5-451b-838a-c55932b8d60e", "wf-run-id": "01a088ef-d1e7-7c77-bb52-a83e2dfa7998", "logging-call-at": "/home/ubuntu/temporal-investigation-20260909/overnight-20260909/specula-engine/runs/temporal-reset-20260909-restart-1600/temporal-reset/.specula-output/confirmation/CR-2/worktree/common/log/lazy_logger.go:30"}
    shared_cluster_t.go:72: 2026-09-10T01:30:13.357Z	debug	Assigning new task key	{"address": "127.0.0.1:42237", "cursor-timestamp": "2026-09-10T01:30:14.356Z", "queue-task-id": 1048630, "queue-task-type": "ActivityTimeout", "shard-id": 1, "timestamp": "2026-09-10T01:30:23.358Z", "wf-id": "TestWorkflowResetTestSuite/TestAnalysisMissingCurrentRecovery/create-rejected_workflow_id", "wf-namespace-id": "b0d94261-cdc5-451b-838a-c55932b8d60e", "wf-run-id": "01a088ef-d1e7-7c77-bb52-a83e2dfa7998", "logging-call-at": "/home/ubuntu/temporal-investigation-20260909/overnight-20260909/specula-engine/runs/temporal-reset-20260909-restart-1600/temporal-reset/.specula-output/confirmation/CR-2/worktree/service/history/shard/task_key_generator.go:98"}
    shared_cluster_t.go:72: 2026-09-10T01:30:13.357Z	debug	routing key extraction: adding routing key to context	{"wf-id": "TestWorkflowResetTestSuite/TestAnalysisMissingCurrentRecovery/create-rejected_workflow_id", "grpc-method": "/temporal.api.workflowservice.v1.WorkflowService/RespondActivityTaskCompleted", "logging-call-at": "/home/ubuntu/temporal-investigation-20260909/overnight-20260909/specula-engine/runs/temporal-reset-20260909-restart-1600/temporal-reset/.specula-output/confirmation/CR-2/worktree/common/rpc/interceptor/routing_key_interceptor.go:112"}
    shared_cluster_t.go:72: 2026-09-10T01:30:13.357Z	debug	Frontend method invoked.	{"wf-namespace": "TestWorkflowResetTestSuite-TestAnalysisMissingCurrentRecovery-create-rejected-2ecd97f4-fc10-4ccc-a63f-0a63e37c172d", "operation": "RespondActivityTaskCompleted", "server-name": "", "cert-thumbprint": "", "logging-call-at": "/home/ubuntu/temporal-investigation-20260909/overnight-20260909/specula-engine/runs/temporal-reset-20260909-restart-1600/temporal-reset/.specula-output/confirmation/CR-2/worktree/common/rpc/interceptor/namespace_logger.go:53"}
    shared_cluster_t.go:72: 2026-09-10T01:30:13.358Z	debug	Workflow task updated	{"address": "127.0.0.1:42237", "attempt": 1, "shard-id": 1, "wf-id": "TestWorkflowResetTestSuite/TestAnalysisMissingCurrentRecovery/create-rejected_workflow_id", "wf-namespace": "TestWorkflowResetTestSuite-TestAnalysisMissingCurrentRecovery-create-rejected-2ecd97f4-fc10-4ccc-a63f-0a63e37c172d", "wf-namespace-id": "b0d94261-cdc5-451b-838a-c55932b8d60e", "wf-run-id": "01a088ef-d1e7-7c77-bb52-a83e2dfa7998", "wf-scheduled-event-id": 8, "wf-started-event-id": 0, "wf-started-timestamp": "0001-01-01T00:00:00.000Z", "workflow-task-request-id": "emptyUuid", "workflow-task-timeout": 10, "wt-type": "Normal", "logging-call-at": "/home/ubuntu/temporal-investigation-20260909/overnight-20260909/specula-engine/runs/temporal-reset-20260909-restart-1600/temporal-reset/.specula-output/confirmation/CR-2/worktree/common/log/lazy_logger.go:30"}
    shared_cluster_t.go:72: 2026-09-10T01:30:13.358Z	debug	time skipping skipped for: time skipping is not enabled	{"address": "127.0.0.1:42237", "shard-id": 1, "wf-id": "TestWorkflowResetTestSuite/TestAnalysisMissingCurrentRecovery/create-rejected_workflow_id", "wf-namespace": "TestWorkflowResetTestSuite-TestAnalysisMissingCurrentRecovery-create-rejected-2ecd97f4-fc10-4ccc-a63f-0a63e37c172d", "wf-namespace-id": "b0d94261-cdc5-451b-838a-c55932b8d60e", "wf-run-id": "01a088ef-d1e7-7c77-bb52-a83e2dfa7998", "logging-call-at": "/home/ubuntu/temporal-investigation-20260909/overnight-20260909/specula-engine/runs/temporal-reset-20260909-restart-1600/temporal-reset/.specula-output/confirmation/CR-2/worktree/common/log/lazy_logger.go:30"}
    shared_cluster_t.go:72: 2026-09-10T01:30:13.358Z	debug	Assigning new task key	{"address": "127.0.0.1:42237", "cursor-timestamp": "2026-09-10T01:30:14.356Z", "queue-task-id": 1048635, "queue-task-type": "TransferWorkflowTask", "shard-id": 1, "timestamp": "2026-09-10T01:30:13.358Z", "wf-id": "TestWorkflowResetTestSuite/TestAnalysisMissingCurrentRecovery/create-rejected_workflow_id", "wf-namespace-id": "b0d94261-cdc5-451b-838a-c55932b8d60e", "wf-run-id": "01a088ef-d1e7-7c77-bb52-a83e2dfa7998", "logging-call-at": "/home/ubuntu/temporal-investigation-20260909/overnight-20260909/specula-engine/runs/temporal-reset-20260909-restart-1600/temporal-reset/.specula-output/confirmation/CR-2/worktree/service/history/shard/task_key_generator.go:98"}
    shared_cluster_t.go:72: 2026-09-10T01:30:13.358Z	debug	Process task as active.	{"address": "127.0.0.1:42237", "component": "transfer-queue-processor", "shard-id": 1, "value": "WorkflowTask{WorkflowKey: b0d94261-cdc5-451b-838a-c55932b8d60e/TestWorkflowResetTestSuite/TestAnalysisMissingCurrentRecovery/create-rejected_workflow_id/01a088ef-d1e7-7c77-bb52-a83e2dfa7998, VisibilityTimestamp: 2026-09-10 01:30:13.358255204 +0000 UTC, TaskID: 1048635, TaskQueue: TestWorkflowResetTestSuite/TestAnalysisMissingCurrentRecovery/create-rejected_task_queue, ScheduledEventID: 8, Version: 0}", "wf-namespace-id": "b0d94261-cdc5-451b-838a-c55932b8d60e", "logging-call-at": "/home/ubuntu/temporal-investigation-20260909/overnight-20260909/specula-engine/runs/temporal-reset-20260909-restart-1600/temporal-reset/.specula-output/confirmation/CR-2/worktree/service/history/queues/active_standby_executor.go:121"}
    shared_cluster_t.go:72: 2026-09-10T01:30:13.358Z	debug	Frontend method invoked.	{"wf-namespace": "TestWorkflowResetTestSuite-TestAnalysisMissingCurrentRecovery-create-rejected-2ecd97f4-fc10-4ccc-a63f-0a63e37c172d", "operation": "PollWorkflowTaskQueue", "server-name": "", "cert-thumbprint": "", "logging-call-at": "/home/ubuntu/temporal-investigation-20260909/overnight-20260909/specula-engine/runs/temporal-reset-20260909-restart-1600/temporal-reset/.specula-output/confirmation/CR-2/worktree/common/rpc/interceptor/namespace_logger.go:53"}
    shared_cluster_t.go:72: 2026-09-10T01:30:13.358Z	debug	Received PollWorkflowTaskQueue	{"service": "frontend", "logging-call-at": "/home/ubuntu/temporal-investigation-20260909/overnight-20260909/specula-engine/runs/temporal-reset-20260909-restart-1600/temporal-reset/.specula-output/confirmation/CR-2/worktree/service/frontend/workflow_handler.go:1079"}
    shared_cluster_t.go:72: 2026-09-10T01:30:13.358Z	debug	Poll workflow task queue.	{"service": "frontend", "wf-namespace": "TestWorkflowResetTestSuite-TestAnalysisMissingCurrentRecovery-create-rejected-2ecd97f4-fc10-4ccc-a63f-0a63e37c172d", "wf-namespace-id": "b0d94261-cdc5-451b-838a-c55932b8d60e", "logging-call-at": "/home/ubuntu/temporal-investigation-20260909/overnight-20260909/specula-engine/runs/temporal-reset-20260909-restart-1600/temporal-reset/.specula-output/confirmation/CR-2/worktree/service/frontend/workflow_handler.go:1116"}
    shared_cluster_t.go:72: 2026-09-10T01:30:13.359Z	debug	Workflow task updated	{"address": "127.0.0.1:42237", "attempt": 1, "shard-id": 1, "wf-id": "TestWorkflowResetTestSuite/TestAnalysisMissingCurrentRecovery/create-rejected_workflow_id", "wf-namespace": "TestWorkflowResetTestSuite-TestAnalysisMissingCurrentRecovery-create-rejected-2ecd97f4-fc10-4ccc-a63f-0a63e37c172d", "wf-namespace-id": "b0d94261-cdc5-451b-838a-c55932b8d60e", "wf-run-id": "01a088ef-d1e7-7c77-bb52-a83e2dfa7998", "wf-scheduled-event-id": 8, "wf-started-event-id": 9, "wf-started-timestamp": "2026-09-10T01:30:13.359Z", "workflow-task-request-id": "5e671e93-8878-4fb3-8206-1416dc303367", "workflow-task-timeout": 10, "wt-type": "Normal", "logging-call-at": "/home/ubuntu/temporal-investigation-20260909/overnight-20260909/specula-engine/runs/temporal-reset-20260909-restart-1600/temporal-reset/.specula-output/confirmation/CR-2/worktree/common/log/lazy_logger.go:30"}
    shared_cluster_t.go:72: 2026-09-10T01:30:13.359Z	debug	time skipping skipped for: time skipping is not enabled	{"address": "127.0.0.1:42237", "shard-id": 1, "wf-id": "TestWorkflowResetTestSuite/TestAnalysisMissingCurrentRecovery/create-rejected_workflow_id", "wf-namespace": "TestWorkflowResetTestSuite-TestAnalysisMissingCurrentRecovery-create-rejected-2ecd97f4-fc10-4ccc-a63f-0a63e37c172d", "wf-namespace-id": "b0d94261-cdc5-451b-838a-c55932b8d60e", "wf-run-id": "01a088ef-d1e7-7c77-bb52-a83e2dfa7998", "logging-call-at": "/home/ubuntu/temporal-investigation-20260909/overnight-20260909/specula-engine/runs/temporal-reset-20260909-restart-1600/temporal-reset/.specula-output/confirmation/CR-2/worktree/common/log/lazy_logger.go:30"}
    shared_cluster_t.go:72: 2026-09-10T01:30:13.359Z	debug	Assigning new task key	{"address": "127.0.0.1:42237", "cursor-timestamp": "2026-09-10T01:30:14.358Z", "queue-task-id": 1048638, "queue-task-type": "WorkflowTaskTimeout", "shard-id": 1, "timestamp": "2026-09-10T01:30:23.360Z", "wf-id": "TestWorkflowResetTestSuite/TestAnalysisMissingCurrentRecovery/create-rejected_workflow_id", "wf-namespace-id": "b0d94261-cdc5-451b-838a-c55932b8d60e", "wf-run-id": "01a088ef-d1e7-7c77-bb52-a83e2dfa7998", "logging-call-at": "/home/ubuntu/temporal-investigation-20260909/overnight-20260909/specula-engine/runs/temporal-reset-20260909-restart-1600/temporal-reset/.specula-output/confirmation/CR-2/worktree/service/history/shard/task_key_generator.go:98"}
    shared_cluster_t.go:72: 2026-09-10T01:30:13.360Z	debug	routing key extraction: adding routing key to context	{"wf-id": "TestWorkflowResetTestSuite/TestAnalysisMissingCurrentRecovery/create-rejected_workflow_id", "grpc-method": "/temporal.api.workflowservice.v1.WorkflowService/RespondWorkflowTaskCompleted", "logging-call-at": "/home/ubuntu/temporal-investigation-20260909/overnight-20260909/specula-engine/runs/temporal-reset-20260909-restart-1600/temporal-reset/.specula-output/confirmation/CR-2/worktree/common/rpc/interceptor/routing_key_interceptor.go:112"}
    shared_cluster_t.go:72: 2026-09-10T01:30:13.360Z	debug	Frontend method invoked.	{"wf-namespace": "TestWorkflowResetTestSuite-TestAnalysisMissingCurrentRecovery-create-rejected-2ecd97f4-fc10-4ccc-a63f-0a63e37c172d", "operation": "RespondWorkflowTaskCompleted", "server-name": "", "cert-thumbprint": "", "logging-call-at": "/home/ubuntu/temporal-investigation-20260909/overnight-20260909/specula-engine/runs/temporal-reset-20260909-restart-1600/temporal-reset/.specula-output/confirmation/CR-2/worktree/common/rpc/interceptor/namespace_logger.go:53"}
    shared_cluster_t.go:72: 2026-09-10T01:30:13.361Z	debug	RespondWorkflowTaskCompleted	{"service": "history", "wf-id": "TestWorkflowResetTestSuite/TestAnalysisMissingCurrentRecovery/create-rejected_workflow_id", "wf-namespace-id": "b0d94261-cdc5-451b-838a-c55932b8d60e", "wf-run-id": "01a088ef-d1e7-7c77-bb52-a83e2dfa7998", "wf-scheduled-event-id": 8, "logging-call-at": "/home/ubuntu/temporal-investigation-20260909/overnight-20260909/specula-engine/runs/temporal-reset-20260909-restart-1600/temporal-reset/.specula-output/confirmation/CR-2/worktree/service/history/handler.go:558"}
    shared_cluster_t.go:72: 2026-09-10T01:30:13.361Z	debug	Workflow task updated	{"address": "127.0.0.1:42237", "attempt": 1, "shard-id": 1, "wf-id": "TestWorkflowResetTestSuite/TestAnalysisMissingCurrentRecovery/create-rejected_workflow_id", "wf-namespace": "TestWorkflowResetTestSuite-TestAnalysisMissingCurrentRecovery-create-rejected-2ecd97f4-fc10-4ccc-a63f-0a63e37c172d", "wf-namespace-id": "b0d94261-cdc5-451b-838a-c55932b8d60e", "wf-run-id": "01a088ef-d1e7-7c77-bb52-a83e2dfa7998", "wf-scheduled-event-id": 0, "wf-started-event-id": 0, "wf-started-timestamp": "1970-01-01T00:00:00.000Z", "workflow-task-request-id": "emptyUuid", "workflow-task-timeout": 0, "wt-type": "Unspecified", "logging-call-at": "/home/ubuntu/temporal-investigation-20260909/overnight-20260909/specula-engine/runs/temporal-reset-20260909-restart-1600/temporal-reset/.specula-output/confirmation/CR-2/worktree/common/log/lazy_logger.go:30"}
    shared_cluster_t.go:72: 2026-09-10T01:30:13.361Z	debug	time skipping skipped for: time skipping is not enabled	{"address": "127.0.0.1:42237", "shard-id": 1, "wf-id": "TestWorkflowResetTestSuite/TestAnalysisMissingCurrentRecovery/create-rejected_workflow_id", "wf-namespace": "TestWorkflowResetTestSuite-TestAnalysisMissingCurrentRecovery-create-rejected-2ecd97f4-fc10-4ccc-a63f-0a63e37c172d", "wf-namespace-id": "b0d94261-cdc5-451b-838a-c55932b8d60e", "wf-run-id": "01a088ef-d1e7-7c77-bb52-a83e2dfa7998", "logging-call-at": "/home/ubuntu/temporal-investigation-20260909/overnight-20260909/specula-engine/runs/temporal-reset-20260909-restart-1600/temporal-reset/.specula-output/confirmation/CR-2/worktree/common/log/lazy_logger.go:30"}
    shared_cluster_t.go:72: 2026-09-10T01:30:13.361Z	debug	Assigning new task key	{"address": "127.0.0.1:42237", "cursor-timestamp": "2026-09-10T01:30:14.358Z", "queue-task-id": 1048643, "queue-task-type": "TransferCloseExecution", "shard-id": 1, "timestamp": "2026-09-10T01:30:13.361Z", "wf-id": "TestWorkflowResetTestSuite/TestAnalysisMissingCurrentRecovery/create-rejected_workflow_id", "wf-namespace-id": "b0d94261-cdc5-451b-838a-c55932b8d60e", "wf-run-id": "01a088ef-d1e7-7c77-bb52-a83e2dfa7998", "logging-call-at": "/home/ubuntu/temporal-investigation-20260909/overnight-20260909/specula-engine/runs/temporal-reset-20260909-restart-1600/temporal-reset/.specula-output/confirmation/CR-2/worktree/service/history/shard/task_key_generator.go:98"}
    shared_cluster_t.go:72: 2026-09-10T01:30:13.361Z	debug	Assigning new task key	{"address": "127.0.0.1:42237", "cursor-timestamp": "2026-09-10T01:30:14.358Z", "queue-task-id": 1048644, "queue-task-type": "VisibilityCloseExecution", "shard-id": 1, "timestamp": "2026-09-10T01:30:13.361Z", "wf-id": "TestWorkflowResetTestSuite/TestAnalysisMissingCurrentRecovery/create-rejected_workflow_id", "wf-namespace-id": "b0d94261-cdc5-451b-838a-c55932b8d60e", "wf-run-id": "01a088ef-d1e7-7c77-bb52-a83e2dfa7998", "logging-call-at": "/home/ubuntu/temporal-investigation-20260909/overnight-20260909/specula-engine/runs/temporal-reset-20260909-restart-1600/temporal-reset/.specula-output/confirmation/CR-2/worktree/service/history/shard/task_key_generator.go:98"}
    shared_cluster_t.go:72: 2026-09-10T01:30:13.361Z	debug	Assigning new task key	{"address": "127.0.0.1:42237", "cursor-timestamp": "2026-09-10T01:30:14.358Z", "queue-task-id": 1048645, "queue-task-type": "DeleteHistoryEvent", "shard-id": 1, "timestamp": "2026-09-11T01:30:13.607Z", "wf-id": "TestWorkflowResetTestSuite/TestAnalysisMissingCurrentRecovery/create-rejected_workflow_id", "wf-namespace-id": "b0d94261-cdc5-451b-838a-c55932b8d60e", "wf-run-id": "01a088ef-d1e7-7c77-bb52-a83e2dfa7998", "logging-call-at": "/home/ubuntu/temporal-investigation-20260909/overnight-20260909/specula-engine/runs/temporal-reset-20260909-restart-1600/temporal-reset/.specula-output/confirmation/CR-2/worktree/service/history/shard/task_key_generator.go:98"}
    shared_cluster_t.go:72: 2026-09-10T01:30:13.361Z	debug	routing key extraction: adding routing key to context	{"wf-id": "TestWorkflowResetTestSuite/TestAnalysisMissingCurrentRecovery/create-rejected_workflow_id", "grpc-method": "/temporal.api.workflowservice.v1.WorkflowService/DeleteWorkflowExecution", "logging-call-at": "/home/ubuntu/temporal-investigation-20260909/overnight-20260909/specula-engine/runs/temporal-reset-20260909-restart-1600/temporal-reset/.specula-output/confirmation/CR-2/worktree/common/rpc/interceptor/routing_key_interceptor.go:112"}
    shared_cluster_t.go:72: 2026-09-10T01:30:13.361Z	debug	Frontend method invoked.	{"wf-namespace": "TestWorkflowResetTestSuite-TestAnalysisMissingCurrentRecovery-create-rejected-2ecd97f4-fc10-4ccc-a63f-0a63e37c172d", "operation": "DeleteWorkflowExecution", "server-name": "", "cert-thumbprint": "", "logging-call-at": "/home/ubuntu/temporal-investigation-20260909/overnight-20260909/specula-engine/runs/temporal-reset-20260909-restart-1600/temporal-reset/.specula-output/confirmation/CR-2/worktree/common/rpc/interceptor/namespace_logger.go:53"}
    shared_cluster_t.go:72: 2026-09-10T01:30:13.361Z	debug	Process task as active.	{"address": "127.0.0.1:42237", "component": "transfer-queue-processor", "shard-id": 1, "value": "CloseExecutionTask{WorkflowKey: b0d94261-cdc5-451b-838a-c55932b8d60e/TestWorkflowResetTestSuite/TestAnalysisMissingCurrentRecovery/create-rejected_workflow_id/01a088ef-d1e7-7c77-bb52-a83e2dfa7998, VisibilityTimestamp: 2026-09-10 01:30:13.361237496 +0000 UTC, TaskID: 1048643, Version: 0, DeleteAfterClose: false, DeleteProcessStage: 0}", "wf-namespace-id": "b0d94261-cdc5-451b-838a-c55932b8d60e", "logging-call-at": "/home/ubuntu/temporal-investigation-20260909/overnight-20260909/specula-engine/runs/temporal-reset-20260909-restart-1600/temporal-reset/.specula-output/confirmation/CR-2/worktree/service/history/queues/active_standby_executor.go:121"}
    shared_cluster_t.go:72: 2026-09-10T01:30:13.362Z	info	DeleteWorkflowExecution requested	{"service": "history", "wf-id": "TestWorkflowResetTestSuite/TestAnalysisMissingCurrentRecovery/create-rejected_workflow_id", "wf-namespace-id": "b0d94261-cdc5-451b-838a-c55932b8d60e", "wf-run-id": "01a088ef-d1e7-7c77-bb52-a83e2dfa7998", "logging-call-at": "/home/ubuntu/temporal-investigation-20260909/overnight-20260909/specula-engine/runs/temporal-reset-20260909-restart-1600/temporal-reset/.specula-output/confirmation/CR-2/worktree/service/history/handler.go:1116"}
    shared_cluster_t.go:72: 2026-09-10T01:30:13.362Z	debug	Assigning new task key	{"address": "127.0.0.1:42237", "cursor-timestamp": "2026-09-10T01:30:14.361Z", "queue-task-id": 1048646, "queue-task-type": "TransferDeleteExecution", "shard-id": 1, "timestamp": "2026-09-10T01:30:13.362Z", "wf-id": "TestWorkflowResetTestSuite/TestAnalysisMissingCurrentRecovery/create-rejected_workflow_id", "wf-namespace-id": "b0d94261-cdc5-451b-838a-c55932b8d60e", "wf-run-id": "01a088ef-d1e7-7c77-bb52-a83e2dfa7998", "logging-call-at": "/home/ubuntu/temporal-investigation-20260909/overnight-20260909/specula-engine/runs/temporal-reset-20260909-restart-1600/temporal-reset/.specula-output/confirmation/CR-2/worktree/service/history/shard/task_key_generator.go:98"}
    shared_cluster_t.go:72: 2026-09-10T01:30:13.362Z	debug	Process task as active.	{"address": "127.0.0.1:42237", "component": "transfer-queue-processor", "shard-id": 1, "value": "DeleteExecutionTask{WorkflowKey: b0d94261-cdc5-451b-838a-c55932b8d60e/TestWorkflowResetTestSuite/TestAnalysisMissingCurrentRecovery/create-rejected_workflow_id/01a088ef-d1e7-7c77-bb52-a83e2dfa7998, VisibilityTimestamp: 2026-09-10 01:30:13.362224309 +0000 UTC, TaskID: 1048646, ProcessStage: 0}", "wf-namespace-id": "b0d94261-cdc5-451b-838a-c55932b8d60e", "logging-call-at": "/home/ubuntu/temporal-investigation-20260909/overnight-20260909/specula-engine/runs/temporal-reset-20260909-restart-1600/temporal-reset/.specula-output/confirmation/CR-2/worktree/service/history/queues/active_standby_executor.go:121"}
    shared_cluster_t.go:72: 2026-09-10T01:30:13.415Z	debug	starting ping check	{"name": "cluster metadata lock", "service": "matching", "logging-call-at": "/home/ubuntu/temporal-investigation-20260909/overnight-20260909/specula-engine/runs/temporal-reset-20260909-restart-1600/temporal-reset/.specula-output/confirmation/CR-2/worktree/common/deadlock/deadlock.go:178"}
    shared_cluster_t.go:72: 2026-09-10T01:30:13.415Z	debug	ping check succeeded	{"name": "cluster metadata lock", "service": "matching", "logging-call-at": "/home/ubuntu/temporal-investigation-20260909/overnight-20260909/specula-engine/runs/temporal-reset-20260909-restart-1600/temporal-reset/.specula-output/confirmation/CR-2/worktree/common/deadlock/deadlock.go:206"}
    shared_cluster_t.go:72: 2026-09-10T01:30:13.415Z	debug	starting ping check	{"name": "cluster metadata callback lock", "service": "matching", "logging-call-at": "/home/ubuntu/temporal-investigation-20260909/overnight-20260909/specula-engine/runs/temporal-reset-20260909-restart-1600/temporal-reset/.specula-output/confirmation/CR-2/worktree/common/deadlock/deadlock.go:178"}
    shared_cluster_t.go:72: 2026-09-10T01:30:13.415Z	debug	ping check succeeded	{"name": "cluster metadata callback lock", "service": "matching", "logging-call-at": "/home/ubuntu/temporal-investigation-20260909/overnight-20260909/specula-engine/runs/temporal-reset-20260909-restart-1600/temporal-reset/.specula-output/confirmation/CR-2/worktree/common/deadlock/deadlock.go:206"}
    shared_cluster_t.go:72: 2026-09-10T01:30:13.415Z	debug	starting ping check	{"name": "dynamic config callbacks", "service": "matching", "logging-call-at": "/home/ubuntu/temporal-investigation-20260909/overnight-20260909/specula-engine/runs/temporal-reset-20260909-restart-1600/temporal-reset/.specula-output/confirmation/CR-2/worktree/common/deadlock/deadlock.go:178"}
    shared_cluster_t.go:72: 2026-09-10T01:30:13.415Z	debug	ping check succeeded	{"name": "dynamic config callbacks", "service": "matching", "logging-call-at": "/home/ubuntu/temporal-investigation-20260909/overnight-20260909/specula-engine/runs/temporal-reset-20260909-restart-1600/temporal-reset/.specula-output/confirmation/CR-2/worktree/common/deadlock/deadlock.go:206"}
    shared_cluster_t.go:72: 2026-09-10T01:30:13.415Z	debug	starting ping check	{"name": "namespace registry lock", "service": "matching", "logging-call-at": "/home/ubuntu/temporal-investigation-20260909/overnight-20260909/specula-engine/runs/temporal-reset-20260909-restart-1600/temporal-reset/.specula-output/confirmation/CR-2/worktree/common/deadlock/deadlock.go:178"}
    shared_cluster_t.go:72: 2026-09-10T01:30:13.415Z	debug	ping check succeeded	{"name": "namespace registry lock", "service": "matching", "logging-call-at": "/home/ubuntu/temporal-investigation-20260909/overnight-20260909/specula-engine/runs/temporal-reset-20260909-restart-1600/temporal-reset/.specula-output/confirmation/CR-2/worktree/common/deadlock/deadlock.go:206"}
    shared_cluster_t.go:72: 2026-09-10T01:30:13.418Z	debug	starting ping check	{"name": "shard controller", "service": "history", "logging-call-at": "/home/ubuntu/temporal-investigation-20260909/overnight-20260909/specula-engine/runs/temporal-reset-20260909-restart-1600/temporal-reset/.specula-output/confirmation/CR-2/worktree/common/deadlock/deadlock.go:178"}
    shared_cluster_t.go:72: 2026-09-10T01:30:13.418Z	debug	ping check succeeded	{"name": "shard controller", "service": "history", "logging-call-at": "/home/ubuntu/temporal-investigation-20260909/overnight-20260909/specula-engine/runs/temporal-reset-20260909-restart-1600/temporal-reset/.specula-output/confirmation/CR-2/worktree/common/deadlock/deadlock.go:206"}
    shared_cluster_t.go:72: 2026-09-10T01:30:13.418Z	debug	starting ping check	{"name": "cluster metadata lock", "service": "history", "logging-call-at": "/home/ubuntu/temporal-investigation-20260909/overnight-20260909/specula-engine/runs/temporal-reset-20260909-restart-1600/temporal-reset/.specula-output/confirmation/CR-2/worktree/common/deadlock/deadlock.go:178"}
    shared_cluster_t.go:72: 2026-09-10T01:30:13.418Z	debug	ping check succeeded	{"name": "cluster metadata lock", "service": "history", "logging-call-at": "/home/ubuntu/temporal-investigation-20260909/overnight-20260909/specula-engine/runs/temporal-reset-20260909-restart-1600/temporal-reset/.specula-output/confirmation/CR-2/worktree/common/deadlock/deadlock.go:206"}
    shared_cluster_t.go:72: 2026-09-10T01:30:13.418Z	debug	starting ping check	{"name": "namespace registry lock", "service": "history", "logging-call-at": "/home/ubuntu/temporal-investigation-20260909/overnight-20260909/specula-engine/runs/temporal-reset-20260909-restart-1600/temporal-reset/.specula-output/confirmation/CR-2/worktree/common/deadlock/deadlock.go:178"}
    shared_cluster_t.go:72: 2026-09-10T01:30:13.418Z	debug	starting ping check	{"name": "dynamic config callbacks", "service": "history", "logging-call-at": "/home/ubuntu/temporal-investigation-20260909/overnight-20260909/specula-engine/runs/temporal-reset-20260909-restart-1600/temporal-reset/.specula-output/confirmation/CR-2/worktree/common/deadlock/deadlock.go:178"}
    shared_cluster_t.go:72: 2026-09-10T01:30:13.418Z	debug	ping check succeeded	{"name": "dynamic config callbacks", "service": "history", "logging-call-at": "/home/ubuntu/temporal-investigation-20260909/overnight-20260909/specula-engine/runs/temporal-reset-20260909-restart-1600/temporal-reset/.specula-output/confirmation/CR-2/worktree/common/deadlock/deadlock.go:206"}
    shared_cluster_t.go:72: 2026-09-10T01:30:13.418Z	debug	ping check succeeded	{"name": "namespace registry lock", "service": "history", "logging-call-at": "/home/ubuntu/temporal-investigation-20260909/overnight-20260909/specula-engine/runs/temporal-reset-20260909-restart-1600/temporal-reset/.specula-output/confirmation/CR-2/worktree/common/deadlock/deadlock.go:206"}
    shared_cluster_t.go:72: 2026-09-10T01:30:13.418Z	debug	starting ping check	{"name": "cluster metadata callback lock", "service": "history", "logging-call-at": "/home/ubuntu/temporal-investigation-20260909/overnight-20260909/specula-engine/runs/temporal-reset-20260909-restart-1600/temporal-reset/.specula-output/confirmation/CR-2/worktree/common/deadlock/deadlock.go:178"}
    shared_cluster_t.go:72: 2026-09-10T01:30:13.418Z	debug	ping check succeeded	{"name": "cluster metadata callback lock", "service": "history", "logging-call-at": "/home/ubuntu/temporal-investigation-20260909/overnight-20260909/specula-engine/runs/temporal-reset-20260909-restart-1600/temporal-reset/.specula-output/confirmation/CR-2/worktree/common/deadlock/deadlock.go:206"}
    shared_cluster_t.go:72: 2026-09-10T01:30:13.419Z	debug	starting ping check	{"name": "dynamic config callbacks", "service": "frontend", "logging-call-at": "/home/ubuntu/temporal-investigation-20260909/overnight-20260909/specula-engine/runs/temporal-reset-20260909-restart-1600/temporal-reset/.specula-output/confirmation/CR-2/worktree/common/deadlock/deadlock.go:178"}
    shared_cluster_t.go:72: 2026-09-10T01:30:13.419Z	debug	ping check succeeded	{"name": "dynamic config callbacks", "service": "frontend", "logging-call-at": "/home/ubuntu/temporal-investigation-20260909/overnight-20260909/specula-engine/runs/temporal-reset-20260909-restart-1600/temporal-reset/.specula-output/confirmation/CR-2/worktree/common/deadlock/deadlock.go:206"}
    shared_cluster_t.go:72: 2026-09-10T01:30:13.419Z	debug	starting ping check	{"name": "cluster metadata lock", "service": "frontend", "logging-call-at": "/home/ubuntu/temporal-investigation-20260909/overnight-20260909/specula-engine/runs/temporal-reset-20260909-restart-1600/temporal-reset/.specula-output/confirmation/CR-2/worktree/common/deadlock/deadlock.go:178"}
    shared_cluster_t.go:72: 2026-09-10T01:30:13.419Z	debug	ping check succeeded	{"name": "cluster metadata lock", "service": "frontend", "logging-call-at": "/home/ubuntu/temporal-investigation-20260909/overnight-20260909/specula-engine/runs/temporal-reset-20260909-restart-1600/temporal-reset/.specula-output/confirmation/CR-2/worktree/common/deadlock/deadlock.go:206"}
    shared_cluster_t.go:72: 2026-09-10T01:30:13.419Z	debug	starting ping check	{"name": "cluster metadata callback lock", "service": "frontend", "logging-call-at": "/home/ubuntu/temporal-investigation-20260909/overnight-20260909/specula-engine/runs/temporal-reset-20260909-restart-1600/temporal-reset/.specula-output/confirmation/CR-2/worktree/common/deadlock/deadlock.go:178"}
    shared_cluster_t.go:72: 2026-09-10T01:30:13.419Z	debug	starting ping check	{"name": "namespace registry lock", "service": "frontend", "logging-call-at": "/home/ubuntu/temporal-investigation-20260909/overnight-20260909/specula-engine/runs/temporal-reset-20260909-restart-1600/temporal-reset/.specula-output/confirmation/CR-2/worktree/common/deadlock/deadlock.go:178"}
    shared_cluster_t.go:72: 2026-09-10T01:30:13.419Z	debug	ping check succeeded	{"name": "namespace registry lock", "service": "frontend", "logging-call-at": "/home/ubuntu/temporal-investigation-20260909/overnight-20260909/specula-engine/runs/temporal-reset-20260909-restart-1600/temporal-reset/.specula-output/confirmation/CR-2/worktree/common/deadlock/deadlock.go:206"}
    shared_cluster_t.go:72: 2026-09-10T01:30:13.419Z	debug	ping check succeeded	{"name": "cluster metadata callback lock", "service": "frontend", "logging-call-at": "/home/ubuntu/temporal-investigation-20260909/overnight-20260909/specula-engine/runs/temporal-reset-20260909-restart-1600/temporal-reset/.specula-output/confirmation/CR-2/worktree/common/deadlock/deadlock.go:206"}
    shared_cluster_t.go:72: 2026-09-10T01:30:13.519Z	debug	starting ping check	{"name": "Shard(1)-shard-lock", "service": "history", "logging-call-at": "/home/ubuntu/temporal-investigation-20260909/overnight-20260909/specula-engine/runs/temporal-reset-20260909-restart-1600/temporal-reset/.specula-output/confirmation/CR-2/worktree/common/deadlock/deadlock.go:178"}
    shared_cluster_t.go:72: 2026-09-10T01:30:13.519Z	debug	ping check succeeded	{"name": "Shard(1)-shard-lock", "service": "history", "logging-call-at": "/home/ubuntu/temporal-investigation-20260909/overnight-20260909/specula-engine/runs/temporal-reset-20260909-restart-1600/temporal-reset/.specula-output/confirmation/CR-2/worktree/common/deadlock/deadlock.go:206"}
    shared_cluster_t.go:72: 2026-09-10T01:30:13.519Z	debug	starting ping check	{"name": "Shard(1)-io-semaphore", "service": "history", "logging-call-at": "/home/ubuntu/temporal-investigation-20260909/overnight-20260909/specula-engine/runs/temporal-reset-20260909-restart-1600/temporal-reset/.specula-output/confirmation/CR-2/worktree/common/deadlock/deadlock.go:178"}
    shared_cluster_t.go:72: 2026-09-10T01:30:13.519Z	debug	ping check succeeded	{"name": "Shard(1)-io-semaphore", "service": "history", "logging-call-at": "/home/ubuntu/temporal-investigation-20260909/overnight-20260909/specula-engine/runs/temporal-reset-20260909-restart-1600/temporal-reset/.specula-output/confirmation/CR-2/worktree/common/deadlock/deadlock.go:206"}
    shared_cluster_t.go:72: 2026-09-10T01:30:17.183Z	debug	Process task as active.	{"address": "127.0.0.1:42237", "component": "transfer-queue-processor", "shard-id": 1, "value": "DeleteExecutionTask{WorkflowKey: b0d94261-cdc5-451b-838a-c55932b8d60e/TestWorkflowResetTestSuite/TestAnalysisMissingCurrentRecovery/create-rejected_workflow_id/01a088ef-d1e7-7c77-bb52-a83e2dfa7998, VisibilityTimestamp: 2026-09-10 01:30:13.362224309 +0000 UTC, TaskID: 1048646, ProcessStage: 0}", "wf-namespace-id": "b0d94261-cdc5-451b-838a-c55932b8d60e", "logging-call-at": "/home/ubuntu/temporal-investigation-20260909/overnight-20260909/specula-engine/runs/temporal-reset-20260909-restart-1600/temporal-reset/.specula-output/confirmation/CR-2/worktree/service/history/queues/active_standby_executor.go:121"}
    shared_cluster_t.go:72: 2026-09-10T01:30:17.184Z	debug	Assigning new task key	{"address": "127.0.0.1:42237", "cursor-timestamp": "2026-09-10T01:30:17.184Z", "queue-task-id": 1048647, "queue-task-type": "VisibilityDeleteExecution", "shard-id": 1, "timestamp": "2026-09-10T01:30:17.184Z", "wf-id": "TestWorkflowResetTestSuite/TestAnalysisMissingCurrentRecovery/create-rejected_workflow_id", "wf-namespace-id": "b0d94261-cdc5-451b-838a-c55932b8d60e", "wf-run-id": "01a088ef-d1e7-7c77-bb52-a83e2dfa7998", "logging-call-at": "/home/ubuntu/temporal-investigation-20260909/overnight-20260909/specula-engine/runs/temporal-reset-20260909-restart-1600/temporal-reset/.specula-output/confirmation/CR-2/worktree/service/history/shard/task_key_generator.go:98"}
    shared_cluster_t.go:72: 2026-09-10T01:30:17.196Z	debug	routing key extraction: adding routing key to context	{"wf-id": "TestWorkflowResetTestSuite/TestAnalysisMissingCurrentRecovery/create-rejected_workflow_id", "grpc-method": "/temporal.api.workflowservice.v1.WorkflowService/GetWorkflowExecutionHistory", "logging-call-at": "/home/ubuntu/temporal-investigation-20260909/overnight-20260909/specula-engine/runs/temporal-reset-20260909-restart-1600/temporal-reset/.specula-output/confirmation/CR-2/worktree/common/rpc/interceptor/routing_key_interceptor.go:112"}
    shared_cluster_t.go:72: 2026-09-10T01:30:17.196Z	debug	Frontend method invoked.	{"wf-namespace": "TestWorkflowResetTestSuite-TestAnalysisMissingCurrentRecovery-create-rejected-2ecd97f4-fc10-4ccc-a63f-0a63e37c172d", "operation": "GetWorkflowExecutionHistory", "server-name": "", "cert-thumbprint": "", "logging-call-at": "/home/ubuntu/temporal-investigation-20260909/overnight-20260909/specula-engine/runs/temporal-reset-20260909-restart-1600/temporal-reset/.specula-output/confirmation/CR-2/worktree/common/rpc/interceptor/namespace_logger.go:53"}
    shared_cluster_t.go:72: 2026-09-10T01:30:17.198Z	debug	routing key extraction: adding routing key to context	{"wf-id": "TestWorkflowResetTestSuite/TestAnalysisMissingCurrentRecovery/create-rejected_workflow_id", "grpc-method": "/temporal.api.workflowservice.v1.WorkflowService/ResetWorkflowExecution", "logging-call-at": "/home/ubuntu/temporal-investigation-20260909/overnight-20260909/specula-engine/runs/temporal-reset-20260909-restart-1600/temporal-reset/.specula-output/confirmation/CR-2/worktree/common/rpc/interceptor/routing_key_interceptor.go:112"}
    shared_cluster_t.go:72: 2026-09-10T01:30:17.198Z	debug	Frontend method invoked.	{"wf-namespace": "TestWorkflowResetTestSuite-TestAnalysisMissingCurrentRecovery-create-rejected-2ecd97f4-fc10-4ccc-a63f-0a63e37c172d", "operation": "ResetWorkflowExecution", "server-name": "", "cert-thumbprint": "", "logging-call-at": "/home/ubuntu/temporal-investigation-20260909/overnight-20260909/specula-engine/runs/temporal-reset-20260909-restart-1600/temporal-reset/.specula-output/confirmation/CR-2/worktree/common/rpc/interceptor/namespace_logger.go:53"}
    shared_cluster_t.go:72: 2026-09-10T01:30:17.198Z	debug	Workflow task updated	{"address": "127.0.0.1:42237", "attempt": 1, "shard-id": 1, "wf-id": "TestWorkflowResetTestSuite/TestAnalysisMissingCurrentRecovery/create-rejected_workflow_id", "wf-namespace": "TestWorkflowResetTestSuite-TestAnalysisMissingCurrentRecovery-create-rejected-2ecd97f4-fc10-4ccc-a63f-0a63e37c172d", "wf-run-id": "b30cf1c7-fb52-41aa-8d52-49132d9ae849", "wf-scheduled-event-id": 2, "wf-started-event-id": 0, "wf-started-timestamp": "0001-01-01T00:00:00.000Z", "workflow-task-request-id": "emptyUuid", "workflow-task-timeout": 10, "wt-type": "Normal", "logging-call-at": "/home/ubuntu/temporal-investigation-20260909/overnight-20260909/specula-engine/runs/temporal-reset-20260909-restart-1600/temporal-reset/.specula-output/confirmation/CR-2/worktree/common/log/lazy_logger.go:30"}
    shared_cluster_t.go:72: 2026-09-10T01:30:17.198Z	debug	Workflow task updated	{"address": "127.0.0.1:42237", "attempt": 1, "shard-id": 1, "wf-id": "TestWorkflowResetTestSuite/TestAnalysisMissingCurrentRecovery/create-rejected_workflow_id", "wf-namespace": "TestWorkflowResetTestSuite-TestAnalysisMissingCurrentRecovery-create-rejected-2ecd97f4-fc10-4ccc-a63f-0a63e37c172d", "wf-run-id": "b30cf1c7-fb52-41aa-8d52-49132d9ae849", "wf-scheduled-event-id": 2, "wf-started-event-id": 3, "wf-started-timestamp": "2026-09-10T01:30:13.339Z", "workflow-task-request-id": "352d7eaf-c444-449e-93fc-938a4aa2627d", "workflow-task-timeout": 10, "wt-type": "Normal", "logging-call-at": "/home/ubuntu/temporal-investigation-20260909/overnight-20260909/specula-engine/runs/temporal-reset-20260909-restart-1600/temporal-reset/.specula-output/confirmation/CR-2/worktree/common/log/lazy_logger.go:30"}
    shared_cluster_t.go:72: 2026-09-10T01:30:17.199Z	debug	Workflow task updated	{"address": "127.0.0.1:42237", "attempt": 2, "shard-id": 1, "wf-id": "TestWorkflowResetTestSuite/TestAnalysisMissingCurrentRecovery/create-rejected_workflow_id", "wf-namespace": "TestWorkflowResetTestSuite-TestAnalysisMissingCurrentRecovery-create-rejected-2ecd97f4-fc10-4ccc-a63f-0a63e37c172d", "wf-run-id": "b30cf1c7-fb52-41aa-8d52-49132d9ae849", "wf-scheduled-event-id": 0, "wf-started-event-id": 0, "wf-started-timestamp": "1970-01-01T00:00:00.000Z", "workflow-task-request-id": "emptyUuid", "workflow-task-timeout": 0, "wt-type": "Unspecified", "logging-call-at": "/home/ubuntu/temporal-investigation-20260909/overnight-20260909/specula-engine/runs/temporal-reset-20260909-restart-1600/temporal-reset/.specula-output/confirmation/CR-2/worktree/common/log/lazy_logger.go:30"}
    shared_cluster_t.go:72: 2026-09-10T01:30:17.199Z	debug	Workflow task updated	{"address": "127.0.0.1:42237", "attempt": 1, "shard-id": 1, "wf-id": "TestWorkflowResetTestSuite/TestAnalysisMissingCurrentRecovery/create-rejected_workflow_id", "wf-namespace": "TestWorkflowResetTestSuite-TestAnalysisMissingCurrentRecovery-create-rejected-2ecd97f4-fc10-4ccc-a63f-0a63e37c172d", "wf-run-id": "b30cf1c7-fb52-41aa-8d52-49132d9ae849", "wf-scheduled-event-id": 5, "wf-started-event-id": 0, "wf-started-timestamp": "0001-01-01T00:00:00.000Z", "workflow-task-request-id": "emptyUuid", "workflow-task-timeout": 10, "wt-type": "Normal", "logging-call-at": "/home/ubuntu/temporal-investigation-20260909/overnight-20260909/specula-engine/runs/temporal-reset-20260909-restart-1600/temporal-reset/.specula-output/confirmation/CR-2/worktree/common/log/lazy_logger.go:30"}
    shared_cluster_t.go:72: 2026-09-10T01:30:17.199Z	debug	time skipping skipped for: time skipping is not enabled	{"address": "127.0.0.1:42237", "shard-id": 1, "wf-id": "TestWorkflowResetTestSuite/TestAnalysisMissingCurrentRecovery/create-rejected_workflow_id", "wf-namespace": "TestWorkflowResetTestSuite-TestAnalysisMissingCurrentRecovery-create-rejected-2ecd97f4-fc10-4ccc-a63f-0a63e37c172d", "wf-run-id": "b30cf1c7-fb52-41aa-8d52-49132d9ae849", "logging-call-at": "/home/ubuntu/temporal-investigation-20260909/overnight-20260909/specula-engine/runs/temporal-reset-20260909-restart-1600/temporal-reset/.specula-output/confirmation/CR-2/worktree/common/log/lazy_logger.go:30"}
    shared_cluster_t.go:72: 2026-09-10T01:30:17.199Z	debug	time skipping skipped for: time skipping is not enabled	{"address": "127.0.0.1:42237", "shard-id": 1, "wf-id": "TestWorkflowResetTestSuite/TestAnalysisMissingCurrentRecovery/create-rejected_workflow_id", "wf-namespace": "TestWorkflowResetTestSuite-TestAnalysisMissingCurrentRecovery-create-rejected-2ecd97f4-fc10-4ccc-a63f-0a63e37c172d", "wf-namespace-id": "b0d94261-cdc5-451b-838a-c55932b8d60e", "wf-run-id": "01a088ef-d1d2-783b-8b78-6d05e1764d09", "logging-call-at": "/home/ubuntu/temporal-investigation-20260909/overnight-20260909/specula-engine/runs/temporal-reset-20260909-restart-1600/temporal-reset/.specula-output/confirmation/CR-2/worktree/common/log/lazy_logger.go:30"}
    shared_cluster_t.go:72: 2026-09-10T01:30:17.199Z	debug	Assigning new task key	{"address": "127.0.0.1:42237", "cursor-timestamp": "2026-09-10T01:30:18.184Z", "queue-task-id": 1048652, "queue-task-type": "VisibilityUpsertExecution", "shard-id": 1, "timestamp": "2026-09-10T01:30:17.199Z", "wf-id": "TestWorkflowResetTestSuite/TestAnalysisMissingCurrentRecovery/create-rejected_workflow_id", "wf-namespace-id": "b0d94261-cdc5-451b-838a-c55932b8d60e", "wf-run-id": "b30cf1c7-fb52-41aa-8d52-49132d9ae849", "logging-call-at": "/home/ubuntu/temporal-investigation-20260909/overnight-20260909/specula-engine/runs/temporal-reset-20260909-restart-1600/temporal-reset/.specula-output/confirmation/CR-2/worktree/service/history/shard/task_key_generator.go:98"}
    shared_cluster_t.go:72: 2026-09-10T01:30:17.199Z	debug	Assigning new task key	{"address": "127.0.0.1:42237", "cursor-timestamp": "2026-09-10T01:30:18.184Z", "queue-task-id": 1048653, "queue-task-type": "WorkflowTaskTimeout", "shard-id": 1, "timestamp": "2026-09-10T01:30:23.340Z", "wf-id": "TestWorkflowResetTestSuite/TestAnalysisMissingCurrentRecovery/create-rejected_workflow_id", "wf-namespace-id": "b0d94261-cdc5-451b-838a-c55932b8d60e", "wf-run-id": "b30cf1c7-fb52-41aa-8d52-49132d9ae849", "logging-call-at": "/home/ubuntu/temporal-investigation-20260909/overnight-20260909/specula-engine/runs/temporal-reset-20260909-restart-1600/temporal-reset/.specula-output/confirmation/CR-2/worktree/service/history/shard/task_key_generator.go:98"}
    shared_cluster_t.go:72: 2026-09-10T01:30:17.199Z	debug	Assigning new task key	{"address": "127.0.0.1:42237", "cursor-timestamp": "2026-09-10T01:30:18.184Z", "queue-task-id": 1048654, "queue-task-type": "TransferWorkflowTask", "shard-id": 1, "timestamp": "2026-09-10T01:30:17.199Z", "wf-id": "TestWorkflowResetTestSuite/TestAnalysisMissingCurrentRecovery/create-rejected_workflow_id", "wf-namespace-id": "b0d94261-cdc5-451b-838a-c55932b8d60e", "wf-run-id": "b30cf1c7-fb52-41aa-8d52-49132d9ae849", "logging-call-at": "/home/ubuntu/temporal-investigation-20260909/overnight-20260909/specula-engine/runs/temporal-reset-20260909-restart-1600/temporal-reset/.specula-output/confirmation/CR-2/worktree/service/history/shard/task_key_generator.go:98"}
    reset_recovery_analysis_test.go:89: scenario=create-rejected checkpoint=base-written base=01a088ef-d1d2-783b-8b78-6d05e1764d09 deleted=01a088ef-d1e7-7c77-bb52-a83e2dfa7998 request=e4ed340a-ed3f-4b9a-8cde-101461852758 candidate=b30cf1c7-fb52-41aa-8d52-49132d9ae849 baseLink=b30cf1c7-fb52-41aa-8d52-49132d9ae849 recordVersion=9
    reset_recovery_analysis_test.go:99: scenario=create-rejected firstResponse=<nil> firstError=reset analysis: create not submitted attempts=1 competitor=
    shared_cluster_t.go:72: 2026-09-10T01:30:17.200Z	debug	Frontend method invoked.	{"wf-namespace": "", "operation": "CloseShard", "server-name": "", "cert-thumbprint": "", "logging-call-at": "/home/ubuntu/temporal-investigation-20260909/overnight-20260909/specula-engine/runs/temporal-reset-20260909-restart-1600/temporal-reset/.specula-output/confirmation/CR-2/worktree/common/rpc/interceptor/namespace_logger.go:53"}
    shared_cluster_t.go:72: 2026-09-10T01:30:17.200Z	info	none	{"address": "127.0.0.1:42237", "component": "shard-controller", "numShards": 0, "logging-call-at": "/home/ubuntu/temporal-investigation-20260909/overnight-20260909/specula-engine/runs/temporal-reset-20260909-restart-1600/temporal-reset/.specula-output/confirmation/CR-2/worktree/service/history/shard/controller_impl.go:288"}
    shared_cluster_t.go:72: 2026-09-10T01:30:17.200Z	info	none	{"address": "127.0.0.1:42237", "component": "shard-context", "lifecycle": "Stopped", "shard-id": 1, "logging-call-at": "/home/ubuntu/temporal-investigation-20260909/overnight-20260909/specula-engine/runs/temporal-reset-20260909-restart-1600/temporal-reset/.specula-output/confirmation/CR-2/worktree/service/history/shard/context_impl.go:1783"}
    shared_cluster_t.go:72: 2026-09-10T01:30:17.200Z	info	none	{"address": "127.0.0.1:42237", "component": "shard-engine", "lifecycle": "Stopping", "shard-id": 1, "logging-call-at": "/home/ubuntu/temporal-investigation-20260909/overnight-20260909/specula-engine/runs/temporal-reset-20260909-restart-1600/temporal-reset/.specula-output/confirmation/CR-2/worktree/service/history/shard/context_impl.go:1631"}
    shared_cluster_t.go:72: 2026-09-10T01:30:17.200Z	info	none	{"address": "127.0.0.1:42237", "component": "history-engine", "lifecycle": "Stopping", "shard-id": 1, "logging-call-at": "/home/ubuntu/temporal-investigation-20260909/overnight-20260909/specula-engine/runs/temporal-reset-20260909-restart-1600/temporal-reset/.specula-output/confirmation/CR-2/worktree/service/history/history_engine.go:407"}
    shared_cluster_t.go:72: 2026-09-10T01:30:17.200Z	info	none	{"address": "127.0.0.1:42237", "component": "outbound-queue-processor", "lifecycle": "Stopping", "shard-id": 1, "logging-call-at": "/home/ubuntu/temporal-investigation-20260909/overnight-20260909/specula-engine/runs/temporal-reset-20260909-restart-1600/temporal-reset/.specula-output/confirmation/CR-2/worktree/service/history/queues/queue_immediate.go:112"}
    shared_cluster_t.go:72: 2026-09-10T01:30:17.200Z	info	queue reader stopped	{"address": "127.0.0.1:42237", "component": "outbound-queue-processor", "lifecycle": "Stopped", "queue-reader-id": 0, "shard-id": 1, "logging-call-at": "/home/ubuntu/temporal-investigation-20260909/overnight-20260909/specula-engine/runs/temporal-reset-20260909-restart-1600/temporal-reset/.specula-output/confirmation/CR-2/worktree/service/history/queues/reader.go:177"}
    shared_cluster_t.go:72: 2026-09-10T01:30:17.200Z	info	Task rescheduler stopped.	{"address": "127.0.0.1:42237", "component": "outbound-queue-processor", "lifecycle": "Stopped", "shard-id": 1, "logging-call-at": "/home/ubuntu/temporal-investigation-20260909/overnight-20260909/specula-engine/runs/temporal-reset-20260909-restart-1600/temporal-reset/.specula-output/confirmation/CR-2/worktree/service/history/queues/rescheduler.go:117"}
    shared_cluster_t.go:72: 2026-09-10T01:30:17.200Z	info	none	{"address": "127.0.0.1:42237", "component": "outbound-queue-processor", "lifecycle": "Stopped", "shard-id": 1, "logging-call-at": "/home/ubuntu/temporal-investigation-20260909/overnight-20260909/specula-engine/runs/temporal-reset-20260909-restart-1600/temporal-reset/.specula-output/confirmation/CR-2/worktree/service/history/queues/queue_immediate.go:122"}
    shared_cluster_t.go:72: 2026-09-10T01:30:17.200Z	info	none	{"address": "127.0.0.1:42237", "component": "timer-queue-processor", "lifecycle": "Stopping", "shard-id": 1, "logging-call-at": "/home/ubuntu/temporal-investigation-20260909/overnight-20260909/specula-engine/runs/temporal-reset-20260909-restart-1600/temporal-reset/.specula-output/confirmation/CR-2/worktree/service/history/queues/queue_scheduled.go:146"}
    shared_cluster_t.go:72: 2026-09-10T01:30:17.200Z	info	queue reader stopped	{"address": "127.0.0.1:42237", "component": "timer-queue-processor", "lifecycle": "Stopped", "queue-reader-id": 0, "shard-id": 1, "logging-call-at": "/home/ubuntu/temporal-investigation-20260909/overnight-20260909/specula-engine/runs/temporal-reset-20260909-restart-1600/temporal-reset/.specula-output/confirmation/CR-2/worktree/service/history/queues/reader.go:177"}
    shared_cluster_t.go:72: 2026-09-10T01:30:17.200Z	info	Task rescheduler stopped.	{"address": "127.0.0.1:42237", "component": "timer-queue-processor", "lifecycle": "Stopped", "shard-id": 1, "logging-call-at": "/home/ubuntu/temporal-investigation-20260909/overnight-20260909/specula-engine/runs/temporal-reset-20260909-restart-1600/temporal-reset/.specula-output/confirmation/CR-2/worktree/service/history/queues/rescheduler.go:117"}
    shared_cluster_t.go:72: 2026-09-10T01:30:17.200Z	info	none	{"address": "127.0.0.1:42237", "component": "timer-queue-processor", "lifecycle": "Stopped", "shard-id": 1, "logging-call-at": "/home/ubuntu/temporal-investigation-20260909/overnight-20260909/specula-engine/runs/temporal-reset-20260909-restart-1600/temporal-reset/.specula-output/confirmation/CR-2/worktree/service/history/queues/queue_scheduled.go:157"}
    shared_cluster_t.go:72: 2026-09-10T01:30:17.200Z	info	none	{"component": "memory-scheduled-queue-processor", "lifecycle": "Stopping", "service": "history", "logging-call-at": "/home/ubuntu/temporal-investigation-20260909/overnight-20260909/specula-engine/runs/temporal-reset-20260909-restart-1600/temporal-reset/.specula-output/confirmation/CR-2/worktree/service/history/queues/memory_scheduled_queue.go:91"}
    shared_cluster_t.go:72: 2026-09-10T01:30:17.200Z	info	none	{"component": "memory-scheduled-queue-processor", "lifecycle": "Stopped", "service": "history", "logging-call-at": "/home/ubuntu/temporal-investigation-20260909/overnight-20260909/specula-engine/runs/temporal-reset-20260909-restart-1600/temporal-reset/.specula-output/confirmation/CR-2/worktree/service/history/queues/memory_scheduled_queue.go:99"}
    shared_cluster_t.go:72: 2026-09-10T01:30:17.200Z	info	none	{"address": "127.0.0.1:42237", "component": "visibility-queue-processor", "lifecycle": "Stopping", "shard-id": 1, "logging-call-at": "/home/ubuntu/temporal-investigation-20260909/overnight-20260909/specula-engine/runs/temporal-reset-20260909-restart-1600/temporal-reset/.specula-output/confirmation/CR-2/worktree/service/history/queues/queue_immediate.go:112"}
    shared_cluster_t.go:72: 2026-09-10T01:30:17.201Z	info	queue reader stopped	{"address": "127.0.0.1:42237", "component": "visibility-queue-processor", "lifecycle": "Stopped", "queue-reader-id": 0, "shard-id": 1, "logging-call-at": "/home/ubuntu/temporal-investigation-20260909/overnight-20260909/specula-engine/runs/temporal-reset-20260909-restart-1600/temporal-reset/.specula-output/confirmation/CR-2/worktree/service/history/queues/reader.go:177"}
    shared_cluster_t.go:72: 2026-09-10T01:30:17.201Z	info	Task rescheduler stopped.	{"address": "127.0.0.1:42237", "component": "visibility-queue-processor", "lifecycle": "Stopped", "shard-id": 1, "logging-call-at": "/home/ubuntu/temporal-investigation-20260909/overnight-20260909/specula-engine/runs/temporal-reset-20260909-restart-1600/temporal-reset/.specula-output/confirmation/CR-2/worktree/service/history/queues/rescheduler.go:117"}
    shared_cluster_t.go:72: 2026-09-10T01:30:17.201Z	info	none	{"address": "127.0.0.1:42237", "component": "visibility-queue-processor", "lifecycle": "Stopped", "shard-id": 1, "logging-call-at": "/home/ubuntu/temporal-investigation-20260909/overnight-20260909/specula-engine/runs/temporal-reset-20260909-restart-1600/temporal-reset/.specula-output/confirmation/CR-2/worktree/service/history/queues/queue_immediate.go:122"}
    shared_cluster_t.go:72: 2026-09-10T01:30:17.201Z	info	none	{"address": "127.0.0.1:42237", "component": "transfer-queue-processor", "lifecycle": "Stopping", "shard-id": 1, "logging-call-at": "/home/ubuntu/temporal-investigation-20260909/overnight-20260909/specula-engine/runs/temporal-reset-20260909-restart-1600/temporal-reset/.specula-output/confirmation/CR-2/worktree/service/history/queues/queue_immediate.go:112"}
    shared_cluster_t.go:72: 2026-09-10T01:30:17.201Z	info	queue reader stopped	{"address": "127.0.0.1:42237", "component": "transfer-queue-processor", "lifecycle": "Stopped", "queue-reader-id": 0, "shard-id": 1, "logging-call-at": "/home/ubuntu/temporal-investigation-20260909/overnight-20260909/specula-engine/runs/temporal-reset-20260909-restart-1600/temporal-reset/.specula-output/confirmation/CR-2/worktree/service/history/queues/reader.go:177"}
    shared_cluster_t.go:72: 2026-09-10T01:30:17.201Z	info	Task rescheduler stopped.	{"address": "127.0.0.1:42237", "component": "transfer-queue-processor", "lifecycle": "Stopped", "shard-id": 1, "logging-call-at": "/home/ubuntu/temporal-investigation-20260909/overnight-20260909/specula-engine/runs/temporal-reset-20260909-restart-1600/temporal-reset/.specula-output/confirmation/CR-2/worktree/service/history/queues/rescheduler.go:117"}
    shared_cluster_t.go:72: 2026-09-10T01:30:17.201Z	info	none	{"address": "127.0.0.1:42237", "component": "transfer-queue-processor", "lifecycle": "Stopped", "shard-id": 1, "logging-call-at": "/home/ubuntu/temporal-investigation-20260909/overnight-20260909/specula-engine/runs/temporal-reset-20260909-restart-1600/temporal-reset/.specula-output/confirmation/CR-2/worktree/service/history/queues/queue_immediate.go:122"}
    shared_cluster_t.go:72: 2026-09-10T01:30:17.201Z	info	none	{"address": "127.0.0.1:42237", "component": "history-engine", "lifecycle": "Stopped", "shard-id": 1, "logging-call-at": "/home/ubuntu/temporal-investigation-20260909/overnight-20260909/specula-engine/runs/temporal-reset-20260909-restart-1600/temporal-reset/.specula-output/confirmation/CR-2/worktree/service/history/history_engine.go:416"}
    shared_cluster_t.go:72: 2026-09-10T01:30:17.201Z	info	none	{"address": "127.0.0.1:42237", "component": "shard-engine", "lifecycle": "Stopped", "shard-id": 1, "logging-call-at": "/home/ubuntu/temporal-investigation-20260909/overnight-20260909/specula-engine/runs/temporal-reset-20260909-restart-1600/temporal-reset/.specula-output/confirmation/CR-2/worktree/service/history/shard/context_impl.go:1633"}
    shared_cluster_t.go:72: 2026-09-10T01:30:17.201Z	debug	finalizer starting	{"address": "127.0.0.1:42237", "items": 3, "shard-id": 1, "timeout": 2, "logging-call-at": "/home/ubuntu/temporal-investigation-20260909/overnight-20260909/specula-engine/runs/temporal-reset-20260909-restart-1600/temporal-reset/.specula-output/confirmation/CR-2/worktree/common/finalizer/finalizer.go:108"}
    shared_cluster_t.go:72: 2026-09-10T01:30:17.201Z	debug	finalizer completed	{"address": "127.0.0.1:42237", "completed": 3, "shard-id": 1, "logging-call-at": "/home/ubuntu/temporal-investigation-20260909/overnight-20260909/specula-engine/runs/temporal-reset-20260909-restart-1600/temporal-reset/.specula-output/confirmation/CR-2/worktree/common/finalizer/finalizer.go:152"}
    shared_cluster_t.go:72: 2026-09-10T01:30:17.201Z	debug	routing key extraction: adding routing key to context	{"wf-id": "TestWorkflowResetTestSuite/TestAnalysisMissingCurrentRecovery/create-rejected_workflow_id", "grpc-method": "/temporal.api.workflowservice.v1.WorkflowService/ResetWorkflowExecution", "logging-call-at": "/home/ubuntu/temporal-investigation-20260909/overnight-20260909/specula-engine/runs/temporal-reset-20260909-restart-1600/temporal-reset/.specula-output/confirmation/CR-2/worktree/common/rpc/interceptor/routing_key_interceptor.go:112"}
    shared_cluster_t.go:72: 2026-09-10T01:30:17.201Z	debug	Frontend method invoked.	{"wf-namespace": "TestWorkflowResetTestSuite-TestAnalysisMissingCurrentRecovery-create-rejected-2ecd97f4-fc10-4ccc-a63f-0a63e37c172d", "operation": "ResetWorkflowExecution", "server-name": "", "cert-thumbprint": "", "logging-call-at": "/home/ubuntu/temporal-investigation-20260909/overnight-20260909/specula-engine/runs/temporal-reset-20260909-restart-1600/temporal-reset/.specula-output/confirmation/CR-2/worktree/common/rpc/interceptor/namespace_logger.go:53"}
    shared_cluster_t.go:72: 2026-09-10T01:30:17.201Z	info	none	{"address": "127.0.0.1:42237", "component": "shard-context", "lifecycle": "Started", "shard-id": 1, "logging-call-at": "/home/ubuntu/temporal-investigation-20260909/overnight-20260909/specula-engine/runs/temporal-reset-20260909-restart-1600/temporal-reset/.specula-output/confirmation/CR-2/worktree/service/history/shard/context_impl.go:1764"}
    shared_cluster_t.go:72: 2026-09-10T01:30:17.201Z	info	none	{"address": "127.0.0.1:42237", "component": "shard-controller", "numShards": 1, "logging-call-at": "/home/ubuntu/temporal-investigation-20260909/overnight-20260909/specula-engine/runs/temporal-reset-20260909-restart-1600/temporal-reset/.specula-output/confirmation/CR-2/worktree/service/history/shard/controller_impl.go:265"}
    shared_cluster_t.go:72: 2026-09-10T01:30:17.201Z	info	Range updated for shardID	{"address": "127.0.0.1:42237", "previous-shard-range-id": 1, "shard-id": 1, "shard-range-id": 2, "logging-call-at": "/home/ubuntu/temporal-investigation-20260909/overnight-20260909/specula-engine/runs/temporal-reset-20260909-restart-1600/temporal-reset/.specula-output/confirmation/CR-2/worktree/service/history/shard/context_impl.go:1241"}
    shared_cluster_t.go:72: 2026-09-10T01:30:17.201Z	info	Task key range updated	{"address": "127.0.0.1:42237", "next-number": 3145728, "number": 2097152, "shard-id": 1, "logging-call-at": "/home/ubuntu/temporal-investigation-20260909/overnight-20260909/specula-engine/runs/temporal-reset-20260909-restart-1600/temporal-reset/.specula-output/confirmation/CR-2/worktree/service/history/shard/task_key_generator.go:155"}
    shared_cluster_t.go:72: 2026-09-10T01:30:17.201Z	info	Acquired shard	{"address": "127.0.0.1:42237", "shard-id": 1, "logging-call-at": "/home/ubuntu/temporal-investigation-20260909/overnight-20260909/specula-engine/runs/temporal-reset-20260909-restart-1600/temporal-reset/.specula-output/confirmation/CR-2/worktree/service/history/shard/context_impl.go:2129"}
    shared_cluster_t.go:72: 2026-09-10T01:30:17.201Z	info	none	{"address": "127.0.0.1:42237", "component": "shard-engine", "lifecycle": "Starting", "shard-id": 1, "logging-call-at": "/home/ubuntu/temporal-investigation-20260909/overnight-20260909/specula-engine/runs/temporal-reset-20260909-restart-1600/temporal-reset/.specula-output/confirmation/CR-2/worktree/service/history/shard/context_impl.go:1604"}
    shared_cluster_t.go:72: 2026-09-10T01:30:17.203Z	info	none	{"address": "127.0.0.1:42237", "component": "history-engine", "lifecycle": "Starting", "shard-id": 1, "logging-call-at": "/home/ubuntu/temporal-investigation-20260909/overnight-20260909/specula-engine/runs/temporal-reset-20260909-restart-1600/temporal-reset/.specula-output/confirmation/CR-2/worktree/service/history/history_engine.go:386"}
    shared_cluster_t.go:72: 2026-09-10T01:30:17.203Z	info	none	{"address": "127.0.0.1:42237", "component": "timer-queue-processor", "lifecycle": "Starting", "shard-id": 1, "logging-call-at": "/home/ubuntu/temporal-investigation-20260909/overnight-20260909/specula-engine/runs/temporal-reset-20260909-restart-1600/temporal-reset/.specula-output/confirmation/CR-2/worktree/service/history/queues/queue_scheduled.go:130"}
    shared_cluster_t.go:72: 2026-09-10T01:30:17.203Z	info	Task rescheduler started.	{"address": "127.0.0.1:42237", "component": "timer-queue-processor", "lifecycle": "Started", "shard-id": 1, "logging-call-at": "/home/ubuntu/temporal-investigation-20260909/overnight-20260909/specula-engine/runs/temporal-reset-20260909-restart-1600/temporal-reset/.specula-output/confirmation/CR-2/worktree/service/history/queues/rescheduler.go:102"}
    shared_cluster_t.go:72: 2026-09-10T01:30:17.203Z	info	none	{"address": "127.0.0.1:42237", "component": "timer-queue-processor", "lifecycle": "Started", "shard-id": 1, "logging-call-at": "/home/ubuntu/temporal-investigation-20260909/overnight-20260909/specula-engine/runs/temporal-reset-20260909-restart-1600/temporal-reset/.specula-output/confirmation/CR-2/worktree/service/history/queues/queue_scheduled.go:139"}
    shared_cluster_t.go:72: 2026-09-10T01:30:17.203Z	info	none	{"component": "memory-scheduled-queue-processor", "lifecycle": "Starting", "service": "history", "logging-call-at": "/home/ubuntu/temporal-investigation-20260909/overnight-20260909/specula-engine/runs/temporal-reset-20260909-restart-1600/temporal-reset/.specula-output/confirmation/CR-2/worktree/service/history/queues/memory_scheduled_queue.go:79"}
    shared_cluster_t.go:72: 2026-09-10T01:30:17.203Z	info	none	{"component": "memory-scheduled-queue-processor", "lifecycle": "Started", "service": "history", "logging-call-at": "/home/ubuntu/temporal-investigation-20260909/overnight-20260909/specula-engine/runs/temporal-reset-20260909-restart-1600/temporal-reset/.specula-output/confirmation/CR-2/worktree/service/history/queues/memory_scheduled_queue.go:84"}
    shared_cluster_t.go:72: 2026-09-10T01:30:17.203Z	info	none	{"address": "127.0.0.1:42237", "component": "visibility-queue-processor", "lifecycle": "Starting", "shard-id": 1, "logging-call-at": "/home/ubuntu/temporal-investigation-20260909/overnight-20260909/specula-engine/runs/temporal-reset-20260909-restart-1600/temporal-reset/.specula-output/confirmation/CR-2/worktree/service/history/queues/queue_immediate.go:96"}
    shared_cluster_t.go:72: 2026-09-10T01:30:17.204Z	info	Task rescheduler started.	{"address": "127.0.0.1:42237", "component": "visibility-queue-processor", "lifecycle": "Started", "shard-id": 1, "logging-call-at": "/home/ubuntu/temporal-investigation-20260909/overnight-20260909/specula-engine/runs/temporal-reset-20260909-restart-1600/temporal-reset/.specula-output/confirmation/CR-2/worktree/service/history/queues/rescheduler.go:102"}
    shared_cluster_t.go:72: 2026-09-10T01:30:17.204Z	info	none	{"address": "127.0.0.1:42237", "component": "visibility-queue-processor", "lifecycle": "Started", "shard-id": 1, "logging-call-at": "/home/ubuntu/temporal-investigation-20260909/overnight-20260909/specula-engine/runs/temporal-reset-20260909-restart-1600/temporal-reset/.specula-output/confirmation/CR-2/worktree/service/history/queues/queue_immediate.go:105"}
    shared_cluster_t.go:72: 2026-09-10T01:30:17.204Z	info	none	{"address": "127.0.0.1:42237", "component": "transfer-queue-processor", "lifecycle": "Starting", "shard-id": 1, "logging-call-at": "/home/ubuntu/temporal-investigation-20260909/overnight-20260909/specula-engine/runs/temporal-reset-20260909-restart-1600/temporal-reset/.specula-output/confirmation/CR-2/worktree/service/history/queues/queue_immediate.go:96"}
    shared_cluster_t.go:72: 2026-09-10T01:30:17.204Z	info	Task rescheduler started.	{"address": "127.0.0.1:42237", "component": "transfer-queue-processor", "lifecycle": "Started", "shard-id": 1, "logging-call-at": "/home/ubuntu/temporal-investigation-20260909/overnight-20260909/specula-engine/runs/temporal-reset-20260909-restart-1600/temporal-reset/.specula-output/confirmation/CR-2/worktree/service/history/queues/rescheduler.go:102"}
    shared_cluster_t.go:72: 2026-09-10T01:30:17.204Z	info	none	{"address": "127.0.0.1:42237", "component": "transfer-queue-processor", "lifecycle": "Started", "shard-id": 1, "logging-call-at": "/home/ubuntu/temporal-investigation-20260909/overnight-20260909/specula-engine/runs/temporal-reset-20260909-restart-1600/temporal-reset/.specula-output/confirmation/CR-2/worktree/service/history/queues/queue_immediate.go:105"}
    shared_cluster_t.go:72: 2026-09-10T01:30:17.204Z	info	queue reader started	{"address": "127.0.0.1:42237", "component": "visibility-queue-processor", "lifecycle": "Started", "queue-reader-id": 0, "shard-id": 1, "logging-call-at": "/home/ubuntu/temporal-investigation-20260909/overnight-20260909/specula-engine/runs/temporal-reset-20260909-restart-1600/temporal-reset/.specula-output/confirmation/CR-2/worktree/service/history/queues/reader.go:158"}
    shared_cluster_t.go:72: 2026-09-10T01:30:17.204Z	info	none	{"address": "127.0.0.1:42237", "component": "outbound-queue-processor", "lifecycle": "Starting", "shard-id": 1, "logging-call-at": "/home/ubuntu/temporal-investigation-20260909/overnight-20260909/specula-engine/runs/temporal-reset-20260909-restart-1600/temporal-reset/.specula-output/confirmation/CR-2/worktree/service/history/queues/queue_immediate.go:96"}
    shared_cluster_t.go:72: 2026-09-10T01:30:17.204Z	info	queue reader started	{"address": "127.0.0.1:42237", "component": "timer-queue-processor", "lifecycle": "Started", "queue-reader-id": 0, "shard-id": 1, "logging-call-at": "/home/ubuntu/temporal-investigation-20260909/overnight-20260909/specula-engine/runs/temporal-reset-20260909-restart-1600/temporal-reset/.specula-output/confirmation/CR-2/worktree/service/history/queues/reader.go:158"}
    shared_cluster_t.go:72: 2026-09-10T01:30:17.204Z	info	Task rescheduler started.	{"address": "127.0.0.1:42237", "component": "outbound-queue-processor", "lifecycle": "Started", "shard-id": 1, "logging-call-at": "/home/ubuntu/temporal-investigation-20260909/overnight-20260909/specula-engine/runs/temporal-reset-20260909-restart-1600/temporal-reset/.specula-output/confirmation/CR-2/worktree/service/history/queues/rescheduler.go:102"}
    shared_cluster_t.go:72: 2026-09-10T01:30:17.204Z	error	Queue reader unable to retrieve tasks	{"address": "127.0.0.1:42237", "component": "visibility-queue-processor", "error": "shard status unknown", "queue-reader-id": 0, "shard-id": 1, "logging-call-at": "/home/ubuntu/temporal-investigation-20260909/overnight-20260909/specula-engine/runs/temporal-reset-20260909-restart-1600/temporal-reset/.specula-output/confirmation/CR-2/worktree/service/history/queues/reader.go:457"}
        go.temporal.io/server/common/log.(*zapLogger).Error
        	/home/ubuntu/temporal-investigation-20260909/overnight-20260909/specula-engine/runs/temporal-reset-20260909-restart-1600/temporal-reset/.specula-output/confirmation/CR-2/worktree/common/log/zap_logger.go:191
        go.temporal.io/server/common/testing/testlogger.(*TestLogger).Error
        	/home/ubuntu/temporal-investigation-20260909/overnight-20260909/specula-engine/runs/temporal-reset-20260909-restart-1600/temporal-reset/.specula-output/confirmation/CR-2/worktree/common/testing/testlogger/testlogger.go:543
        go.temporal.io/server/service/history/queues.(*ReaderImpl).loadAndSubmitTasks
        	/home/ubuntu/temporal-investigation-20260909/overnight-20260909/specula-engine/runs/temporal-reset-20260909-restart-1600/temporal-reset/.specula-output/confirmation/CR-2/worktree/service/history/queues/reader.go:457
        go.temporal.io/server/service/history/queues.(*ReaderImpl).eventLoop
        	/home/ubuntu/temporal-investigation-20260909/overnight-20260909/specula-engine/runs/temporal-reset-20260909-restart-1600/temporal-reset/.specula-output/confirmation/CR-2/worktree/service/history/queues/reader.go:422
    shared_cluster_t.go:72: 2026-09-10T01:30:17.204Z	info	none	{"address": "127.0.0.1:42237", "component": "outbound-queue-processor", "lifecycle": "Started", "shard-id": 1, "logging-call-at": "/home/ubuntu/temporal-investigation-20260909/overnight-20260909/specula-engine/runs/temporal-reset-20260909-restart-1600/temporal-reset/.specula-output/confirmation/CR-2/worktree/service/history/queues/queue_immediate.go:105"}
    shared_cluster_t.go:72: 2026-09-10T01:30:17.204Z	info	queue reader started	{"address": "127.0.0.1:42237", "component": "transfer-queue-processor", "lifecycle": "Started", "queue-reader-id": 0, "shard-id": 1, "logging-call-at": "/home/ubuntu/temporal-investigation-20260909/overnight-20260909/specula-engine/runs/temporal-reset-20260909-restart-1600/temporal-reset/.specula-output/confirmation/CR-2/worktree/service/history/queues/reader.go:158"}
    shared_cluster_t.go:72: 2026-09-10T01:30:17.204Z	info	none	{"address": "127.0.0.1:42237", "component": "history-engine", "lifecycle": "Started", "shard-id": 1, "logging-call-at": "/home/ubuntu/temporal-investigation-20260909/overnight-20260909/specula-engine/runs/temporal-reset-20260909-restart-1600/temporal-reset/.specula-output/confirmation/CR-2/worktree/service/history/history_engine.go:395"}
    shared_cluster_t.go:72: 2026-09-10T01:30:17.204Z	info	none	{"address": "127.0.0.1:42237", "component": "shard-engine", "lifecycle": "Started", "shard-id": 1, "logging-call-at": "/home/ubuntu/temporal-investigation-20260909/overnight-20260909/specula-engine/runs/temporal-reset-20260909-restart-1600/temporal-reset/.specula-output/confirmation/CR-2/worktree/service/history/shard/context_impl.go:1607"}
    shared_cluster_t.go:72: 2026-09-10T01:30:17.204Z	info	queue reader started	{"address": "127.0.0.1:42237", "component": "outbound-queue-processor", "lifecycle": "Started", "queue-reader-id": 0, "shard-id": 1, "logging-call-at": "/home/ubuntu/temporal-investigation-20260909/overnight-20260909/specula-engine/runs/temporal-reset-20260909-restart-1600/temporal-reset/.specula-output/confirmation/CR-2/worktree/service/history/queues/reader.go:158"}
    shared_cluster_t.go:72: 2026-09-10T01:30:17.204Z	error	Queue reader unable to retrieve tasks	{"address": "127.0.0.1:42237", "component": "transfer-queue-processor", "error": "shard status unknown", "queue-reader-id": 0, "shard-id": 1, "logging-call-at": "/home/ubuntu/temporal-investigation-20260909/overnight-20260909/specula-engine/runs/temporal-reset-20260909-restart-1600/temporal-reset/.specula-output/confirmation/CR-2/worktree/service/history/queues/reader.go:457"}
        go.temporal.io/server/common/log.(*zapLogger).Error
        	/home/ubuntu/temporal-investigation-20260909/overnight-20260909/specula-engine/runs/temporal-reset-20260909-restart-1600/temporal-reset/.specula-output/confirmation/CR-2/worktree/common/log/zap_logger.go:191
        go.temporal.io/server/common/testing/testlogger.(*TestLogger).Error
        	/home/ubuntu/temporal-investigation-20260909/overnight-20260909/specula-engine/runs/temporal-reset-20260909-restart-1600/temporal-reset/.specula-output/confirmation/CR-2/worktree/common/testing/testlogger/testlogger.go:543
        go.temporal.io/server/service/history/queues.(*ReaderImpl).loadAndSubmitTasks
        	/home/ubuntu/temporal-investigation-20260909/overnight-20260909/specula-engine/runs/temporal-reset-20260909-restart-1600/temporal-reset/.specula-output/confirmation/CR-2/worktree/service/history/queues/reader.go:457
        go.temporal.io/server/service/history/queues.(*ReaderImpl).eventLoop
        	/home/ubuntu/temporal-investigation-20260909/overnight-20260909/specula-engine/runs/temporal-reset-20260909-restart-1600/temporal-reset/.specula-output/confirmation/CR-2/worktree/service/history/queues/reader.go:422
    shared_cluster_t.go:72: 2026-09-10T01:30:17.204Z	error	Queue reader unable to retrieve tasks	{"address": "127.0.0.1:42237", "component": "timer-queue-processor", "error": "shard status unknown", "queue-reader-id": 0, "shard-id": 1, "logging-call-at": "/home/ubuntu/temporal-investigation-20260909/overnight-20260909/specula-engine/runs/temporal-reset-20260909-restart-1600/temporal-reset/.specula-output/confirmation/CR-2/worktree/service/history/queues/reader.go:457"}
        go.temporal.io/server/common/log.(*zapLogger).Error
        	/home/ubuntu/temporal-investigation-20260909/overnight-20260909/specula-engine/runs/temporal-reset-20260909-restart-1600/temporal-reset/.specula-output/confirmation/CR-2/worktree/common/log/zap_logger.go:191
        go.temporal.io/server/common/testing/testlogger.(*TestLogger).Error
        	/home/ubuntu/temporal-investigation-20260909/overnight-20260909/specula-engine/runs/temporal-reset-20260909-restart-1600/temporal-reset/.specula-output/confirmation/CR-2/worktree/common/testing/testlogger/testlogger.go:543
        go.temporal.io/server/service/history/queues.(*ReaderImpl).loadAndSubmitTasks
        	/home/ubuntu/temporal-investigation-20260909/overnight-20260909/specula-engine/runs/temporal-reset-20260909-restart-1600/temporal-reset/.specula-output/confirmation/CR-2/worktree/service/history/queues/reader.go:457
        go.temporal.io/server/service/history/queues.(*ReaderImpl).eventLoop
        	/home/ubuntu/temporal-investigation-20260909/overnight-20260909/specula-engine/runs/temporal-reset-20260909-restart-1600/temporal-reset/.specula-output/confirmation/CR-2/worktree/service/history/queues/reader.go:422
    shared_cluster_t.go:72: 2026-09-10T01:30:17.206Z	debug	Workflow task updated	{"address": "127.0.0.1:42237", "attempt": 1, "shard-id": 1, "wf-id": "TestWorkflowResetTestSuite/TestAnalysisMissingCurrentRecovery/create-rejected_workflow_id", "wf-namespace": "TestWorkflowResetTestSuite-TestAnalysisMissingCurrentRecovery-create-rejected-2ecd97f4-fc10-4ccc-a63f-0a63e37c172d", "wf-run-id": "5f96e204-3084-4a1d-8c2b-df62400f67c7", "wf-scheduled-event-id": 2, "wf-started-event-id": 0, "wf-started-timestamp": "0001-01-01T00:00:00.000Z", "workflow-task-request-id": "emptyUuid", "workflow-task-timeout": 10, "wt-type": "Normal", "logging-call-at": "/home/ubuntu/temporal-investigation-20260909/overnight-20260909/specula-engine/runs/temporal-reset-20260909-restart-1600/temporal-reset/.specula-output/confirmation/CR-2/worktree/common/log/lazy_logger.go:30"}
    shared_cluster_t.go:72: 2026-09-10T01:30:17.206Z	debug	Workflow task updated	{"address": "127.0.0.1:42237", "attempt": 1, "shard-id": 1, "wf-id": "TestWorkflowResetTestSuite/TestAnalysisMissingCurrentRecovery/create-rejected_workflow_id", "wf-namespace": "TestWorkflowResetTestSuite-TestAnalysisMissingCurrentRecovery-create-rejected-2ecd97f4-fc10-4ccc-a63f-0a63e37c172d", "wf-run-id": "5f96e204-3084-4a1d-8c2b-df62400f67c7", "wf-scheduled-event-id": 2, "wf-started-event-id": 3, "wf-started-timestamp": "2026-09-10T01:30:13.339Z", "workflow-task-request-id": "352d7eaf-c444-449e-93fc-938a4aa2627d", "workflow-task-timeout": 10, "wt-type": "Normal", "logging-call-at": "/home/ubuntu/temporal-investigation-20260909/overnight-20260909/specula-engine/runs/temporal-reset-20260909-restart-1600/temporal-reset/.specula-output/confirmation/CR-2/worktree/common/log/lazy_logger.go:30"}
    shared_cluster_t.go:72: 2026-09-10T01:30:17.206Z	debug	Workflow task updated	{"address": "127.0.0.1:42237", "attempt": 2, "shard-id": 1, "wf-id": "TestWorkflowResetTestSuite/TestAnalysisMissingCurrentRecovery/create-rejected_workflow_id", "wf-namespace": "TestWorkflowResetTestSuite-TestAnalysisMissingCurrentRecovery-create-rejected-2ecd97f4-fc10-4ccc-a63f-0a63e37c172d", "wf-run-id": "5f96e204-3084-4a1d-8c2b-df62400f67c7", "wf-scheduled-event-id": 0, "wf-started-event-id": 0, "wf-started-timestamp": "1970-01-01T00:00:00.000Z", "workflow-task-request-id": "emptyUuid", "workflow-task-timeout": 0, "wt-type": "Unspecified", "logging-call-at": "/home/ubuntu/temporal-investigation-20260909/overnight-20260909/specula-engine/runs/temporal-reset-20260909-restart-1600/temporal-reset/.specula-output/confirmation/CR-2/worktree/common/log/lazy_logger.go:30"}
    shared_cluster_t.go:72: 2026-09-10T01:30:17.206Z	debug	Workflow task updated	{"address": "127.0.0.1:42237", "attempt": 1, "shard-id": 1, "wf-id": "TestWorkflowResetTestSuite/TestAnalysisMissingCurrentRecovery/create-rejected_workflow_id", "wf-namespace": "TestWorkflowResetTestSuite-TestAnalysisMissingCurrentRecovery-create-rejected-2ecd97f4-fc10-4ccc-a63f-0a63e37c172d", "wf-run-id": "5f96e204-3084-4a1d-8c2b-df62400f67c7", "wf-scheduled-event-id": 5, "wf-started-event-id": 0, "wf-started-timestamp": "0001-01-01T00:00:00.000Z", "workflow-task-request-id": "emptyUuid", "workflow-task-timeout": 10, "wt-type": "Normal", "logging-call-at": "/home/ubuntu/temporal-investigation-20260909/overnight-20260909/specula-engine/runs/temporal-reset-20260909-restart-1600/temporal-reset/.specula-output/confirmation/CR-2/worktree/common/log/lazy_logger.go:30"}
    shared_cluster_t.go:72: 2026-09-10T01:30:17.206Z	debug	time skipping skipped for: time skipping is not enabled	{"address": "127.0.0.1:42237", "shard-id": 1, "wf-id": "TestWorkflowResetTestSuite/TestAnalysisMissingCurrentRecovery/create-rejected_workflow_id", "wf-namespace": "TestWorkflowResetTestSuite-TestAnalysisMissingCurrentRecovery-create-rejected-2ecd97f4-fc10-4ccc-a63f-0a63e37c172d", "wf-run-id": "5f96e204-3084-4a1d-8c2b-df62400f67c7", "logging-call-at": "/home/ubuntu/temporal-investigation-20260909/overnight-20260909/specula-engine/runs/temporal-reset-20260909-restart-1600/temporal-reset/.specula-output/confirmation/CR-2/worktree/common/log/lazy_logger.go:30"}
    shared_cluster_t.go:72: 2026-09-10T01:30:17.206Z	debug	time skipping skipped for: time skipping is not enabled	{"address": "127.0.0.1:42237", "shard-id": 1, "wf-id": "TestWorkflowResetTestSuite/TestAnalysisMissingCurrentRecovery/create-rejected_workflow_id", "wf-namespace": "TestWorkflowResetTestSuite-TestAnalysisMissingCurrentRecovery-create-rejected-2ecd97f4-fc10-4ccc-a63f-0a63e37c172d", "wf-namespace-id": "b0d94261-cdc5-451b-838a-c55932b8d60e", "wf-run-id": "01a088ef-d1d2-783b-8b78-6d05e1764d09", "logging-call-at": "/home/ubuntu/temporal-investigation-20260909/overnight-20260909/specula-engine/runs/temporal-reset-20260909-restart-1600/temporal-reset/.specula-output/confirmation/CR-2/worktree/common/log/lazy_logger.go:30"}
    shared_cluster_t.go:72: 2026-09-10T01:30:17.206Z	debug	Assigning new task key	{"address": "127.0.0.1:42237", "cursor-timestamp": "2026-09-10T01:30:18.204Z", "queue-task-id": 2097156, "queue-task-type": "TransferWorkflowTask", "shard-id": 1, "timestamp": "2026-09-10T01:30:17.206Z", "wf-id": "TestWorkflowResetTestSuite/TestAnalysisMissingCurrentRecovery/create-rejected_workflow_id", "wf-namespace-id": "b0d94261-cdc5-451b-838a-c55932b8d60e", "wf-run-id": "5f96e204-3084-4a1d-8c2b-df62400f67c7", "logging-call-at": "/home/ubuntu/temporal-investigation-20260909/overnight-20260909/specula-engine/runs/temporal-reset-20260909-restart-1600/temporal-reset/.specula-output/confirmation/CR-2/worktree/service/history/shard/task_key_generator.go:98"}
    shared_cluster_t.go:72: 2026-09-10T01:30:17.206Z	debug	Assigning new task key	{"address": "127.0.0.1:42237", "cursor-timestamp": "2026-09-10T01:30:18.204Z", "queue-task-id": 2097157, "queue-task-type": "VisibilityUpsertExecution", "shard-id": 1, "timestamp": "2026-09-10T01:30:17.206Z", "wf-id": "TestWorkflowResetTestSuite/TestAnalysisMissingCurrentRecovery/create-rejected_workflow_id", "wf-namespace-id": "b0d94261-cdc5-451b-838a-c55932b8d60e", "wf-run-id": "5f96e204-3084-4a1d-8c2b-df62400f67c7", "logging-call-at": "/home/ubuntu/temporal-investigation-20260909/overnight-20260909/specula-engine/runs/temporal-reset-20260909-restart-1600/temporal-reset/.specula-output/confirmation/CR-2/worktree/service/history/shard/task_key_generator.go:98"}
    shared_cluster_t.go:72: 2026-09-10T01:30:17.206Z	debug	Assigning new task key	{"address": "127.0.0.1:42237", "cursor-timestamp": "2026-09-10T01:30:18.204Z", "queue-task-id": 2097158, "queue-task-type": "WorkflowTaskTimeout", "shard-id": 1, "timestamp": "2026-09-10T01:30:23.340Z", "wf-id": "TestWorkflowResetTestSuite/TestAnalysisMissingCurrentRecovery/create-rejected_workflow_id", "wf-namespace-id": "b0d94261-cdc5-451b-838a-c55932b8d60e", "wf-run-id": "5f96e204-3084-4a1d-8c2b-df62400f67c7", "logging-call-at": "/home/ubuntu/temporal-investigation-20260909/overnight-20260909/specula-engine/runs/temporal-reset-20260909-restart-1600/temporal-reset/.specula-output/confirmation/CR-2/worktree/service/history/shard/task_key_generator.go:98"}
    shared_cluster_t.go:72: 2026-09-10T01:30:17.208Z	debug	Frontend method invoked.	{"wf-namespace": "TestWorkflowResetTestSuite-TestAnalysisMissingCurrentRecovery-create-rejected-2ecd97f4-fc10-4ccc-a63f-0a63e37c172d", "operation": "PollWorkflowTaskQueue", "server-name": "", "cert-thumbprint": "", "logging-call-at": "/home/ubuntu/temporal-investigation-20260909/overnight-20260909/specula-engine/runs/temporal-reset-20260909-restart-1600/temporal-reset/.specula-output/confirmation/CR-2/worktree/common/rpc/interceptor/namespace_logger.go:53"}
    shared_cluster_t.go:72: 2026-09-10T01:30:17.208Z	debug	Received PollWorkflowTaskQueue	{"service": "frontend", "logging-call-at": "/home/ubuntu/temporal-investigation-20260909/overnight-20260909/specula-engine/runs/temporal-reset-20260909-restart-1600/temporal-reset/.specula-output/confirmation/CR-2/worktree/service/frontend/workflow_handler.go:1079"}
    shared_cluster_t.go:72: 2026-09-10T01:30:17.208Z	debug	Poll workflow task queue.	{"service": "frontend", "wf-namespace": "TestWorkflowResetTestSuite-TestAnalysisMissingCurrentRecovery-create-rejected-2ecd97f4-fc10-4ccc-a63f-0a63e37c172d", "wf-namespace-id": "b0d94261-cdc5-451b-838a-c55932b8d60e", "logging-call-at": "/home/ubuntu/temporal-investigation-20260909/overnight-20260909/specula-engine/runs/temporal-reset-20260909-restart-1600/temporal-reset/.specula-output/confirmation/CR-2/worktree/service/frontend/workflow_handler.go:1116"}
    shared_cluster_t.go:72: 2026-09-10T01:30:17.251Z	debug	Process task as active.	{"address": "127.0.0.1:42237", "component": "transfer-queue-processor", "shard-id": 1, "value": "WorkflowTask{WorkflowKey: b0d94261-cdc5-451b-838a-c55932b8d60e/TestWorkflowResetTestSuite/TestAnalysisMissingCurrentRecovery/create-rejected_workflow_id/5f96e204-3084-4a1d-8c2b-df62400f67c7, VisibilityTimestamp: 2026-09-10 01:30:17.206765571 +0000 UTC, TaskID: 2097156, TaskQueue: TestWorkflowResetTestSuite/TestAnalysisMissingCurrentRecovery/create-rejected_task_queue, ScheduledEventID: 5, Version: 0}", "wf-namespace-id": "b0d94261-cdc5-451b-838a-c55932b8d60e", "logging-call-at": "/home/ubuntu/temporal-investigation-20260909/overnight-20260909/specula-engine/runs/temporal-reset-20260909-restart-1600/temporal-reset/.specula-output/confirmation/CR-2/worktree/service/history/queues/active_standby_executor.go:121"}
    shared_cluster_t.go:72: 2026-09-10T01:30:17.251Z	debug	Process task as active.	{"address": "127.0.0.1:42237", "component": "transfer-queue-processor", "shard-id": 1, "value": "DeleteExecutionTask{WorkflowKey: b0d94261-cdc5-451b-838a-c55932b8d60e/TestWorkflowResetTestSuite/TestAnalysisMissingCurrentRecovery/create-rejected_workflow_id/01a088ef-d1e7-7c77-bb52-a83e2dfa7998, VisibilityTimestamp: 2026-09-10 01:30:13.362224309 +0000 UTC, TaskID: 1048646, ProcessStage: 0}", "wf-namespace-id": "b0d94261-cdc5-451b-838a-c55932b8d60e", "logging-call-at": "/home/ubuntu/temporal-investigation-20260909/overnight-20260909/specula-engine/runs/temporal-reset-20260909-restart-1600/temporal-reset/.specula-output/confirmation/CR-2/worktree/service/history/queues/active_standby_executor.go:121"}
    shared_cluster_t.go:72: 2026-09-10T01:30:17.253Z	debug	Workflow task updated	{"address": "127.0.0.1:42237", "attempt": 1, "shard-id": 1, "wf-id": "TestWorkflowResetTestSuite/TestAnalysisMissingCurrentRecovery/create-rejected_workflow_id", "wf-namespace": "TestWorkflowResetTestSuite-TestAnalysisMissingCurrentRecovery-create-rejected-2ecd97f4-fc10-4ccc-a63f-0a63e37c172d", "wf-namespace-id": "b0d94261-cdc5-451b-838a-c55932b8d60e", "wf-run-id": "5f96e204-3084-4a1d-8c2b-df62400f67c7", "wf-scheduled-event-id": 5, "wf-started-event-id": 6, "wf-started-timestamp": "2026-09-10T01:30:17.253Z", "workflow-task-request-id": "11fb847f-2acd-41e5-8f16-e3be99f82e9a", "workflow-task-timeout": 10, "wt-type": "Normal", "logging-call-at": "/home/ubuntu/temporal-investigation-20260909/overnight-20260909/specula-engine/runs/temporal-reset-20260909-restart-1600/temporal-reset/.specula-output/confirmation/CR-2/worktree/common/log/lazy_logger.go:30"}
    shared_cluster_t.go:72: 2026-09-10T01:30:17.253Z	debug	time skipping skipped for: time skipping is not enabled	{"address": "127.0.0.1:42237", "shard-id": 1, "wf-id": "TestWorkflowResetTestSuite/TestAnalysisMissingCurrentRecovery/create-rejected_workflow_id", "wf-namespace": "TestWorkflowResetTestSuite-TestAnalysisMissingCurrentRecovery-create-rejected-2ecd97f4-fc10-4ccc-a63f-0a63e37c172d", "wf-namespace-id": "b0d94261-cdc5-451b-838a-c55932b8d60e", "wf-run-id": "5f96e204-3084-4a1d-8c2b-df62400f67c7", "logging-call-at": "/home/ubuntu/temporal-investigation-20260909/overnight-20260909/specula-engine/runs/temporal-reset-20260909-restart-1600/temporal-reset/.specula-output/confirmation/CR-2/worktree/common/log/lazy_logger.go:30"}
    shared_cluster_t.go:72: 2026-09-10T01:30:17.253Z	debug	Assigning new task key	{"address": "127.0.0.1:42237", "cursor-timestamp": "2026-09-10T01:30:18.207Z", "queue-task-id": 2097161, "queue-task-type": "WorkflowTaskTimeout", "shard-id": 1, "timestamp": "2026-09-10T01:30:27.254Z", "wf-id": "TestWorkflowResetTestSuite/TestAnalysisMissingCurrentRecovery/create-rejected_workflow_id", "wf-namespace-id": "b0d94261-cdc5-451b-838a-c55932b8d60e", "wf-run-id": "5f96e204-3084-4a1d-8c2b-df62400f67c7", "logging-call-at": "/home/ubuntu/temporal-investigation-20260909/overnight-20260909/specula-engine/runs/temporal-reset-20260909-restart-1600/temporal-reset/.specula-output/confirmation/CR-2/worktree/service/history/shard/task_key_generator.go:98"}
    shared_cluster_t.go:72: 2026-09-10T01:30:17.254Z	debug	routing key extraction: adding routing key to context	{"wf-id": "TestWorkflowResetTestSuite/TestAnalysisMissingCurrentRecovery/create-rejected_workflow_id", "grpc-method": "/temporal.api.workflowservice.v1.WorkflowService/RespondWorkflowTaskCompleted", "logging-call-at": "/home/ubuntu/temporal-investigation-20260909/overnight-20260909/specula-engine/runs/temporal-reset-20260909-restart-1600/temporal-reset/.specula-output/confirmation/CR-2/worktree/common/rpc/interceptor/routing_key_interceptor.go:112"}
    shared_cluster_t.go:72: 2026-09-10T01:30:17.254Z	debug	Frontend method invoked.	{"wf-namespace": "TestWorkflowResetTestSuite-TestAnalysisMissingCurrentRecovery-create-rejected-2ecd97f4-fc10-4ccc-a63f-0a63e37c172d", "operation": "RespondWorkflowTaskCompleted", "server-name": "", "cert-thumbprint": "", "logging-call-at": "/home/ubuntu/temporal-investigation-20260909/overnight-20260909/specula-engine/runs/temporal-reset-20260909-restart-1600/temporal-reset/.specula-output/confirmation/CR-2/worktree/common/rpc/interceptor/namespace_logger.go:53"}
    shared_cluster_t.go:72: 2026-09-10T01:30:17.255Z	debug	RespondWorkflowTaskCompleted	{"service": "history", "wf-id": "TestWorkflowResetTestSuite/TestAnalysisMissingCurrentRecovery/create-rejected_workflow_id", "wf-namespace-id": "b0d94261-cdc5-451b-838a-c55932b8d60e", "wf-run-id": "5f96e204-3084-4a1d-8c2b-df62400f67c7", "wf-scheduled-event-id": 5, "logging-call-at": "/home/ubuntu/temporal-investigation-20260909/overnight-20260909/specula-engine/runs/temporal-reset-20260909-restart-1600/temporal-reset/.specula-output/confirmation/CR-2/worktree/service/history/handler.go:558"}
    shared_cluster_t.go:72: 2026-09-10T01:30:17.255Z	debug	Workflow task updated	{"address": "127.0.0.1:42237", "attempt": 1, "shard-id": 1, "wf-id": "TestWorkflowResetTestSuite/TestAnalysisMissingCurrentRecovery/create-rejected_workflow_id", "wf-namespace": "TestWorkflowResetTestSuite-TestAnalysisMissingCurrentRecovery-create-rejected-2ecd97f4-fc10-4ccc-a63f-0a63e37c172d", "wf-namespace-id": "b0d94261-cdc5-451b-838a-c55932b8d60e", "wf-run-id": "5f96e204-3084-4a1d-8c2b-df62400f67c7", "wf-scheduled-event-id": 0, "wf-started-event-id": 0, "wf-started-timestamp": "1970-01-01T00:00:00.000Z", "workflow-task-request-id": "emptyUuid", "workflow-task-timeout": 0, "wt-type": "Unspecified", "logging-call-at": "/home/ubuntu/temporal-investigation-20260909/overnight-20260909/specula-engine/runs/temporal-reset-20260909-restart-1600/temporal-reset/.specula-output/confirmation/CR-2/worktree/common/log/lazy_logger.go:30"}
    shared_cluster_t.go:72: 2026-09-10T01:30:17.255Z	debug	time skipping skipped for: time skipping is not enabled	{"address": "127.0.0.1:42237", "shard-id": 1, "wf-id": "TestWorkflowResetTestSuite/TestAnalysisMissingCurrentRecovery/create-rejected_workflow_id", "wf-namespace": "TestWorkflowResetTestSuite-TestAnalysisMissingCurrentRecovery-create-rejected-2ecd97f4-fc10-4ccc-a63f-0a63e37c172d", "wf-namespace-id": "b0d94261-cdc5-451b-838a-c55932b8d60e", "wf-run-id": "5f96e204-3084-4a1d-8c2b-df62400f67c7", "logging-call-at": "/home/ubuntu/temporal-investigation-20260909/overnight-20260909/specula-engine/runs/temporal-reset-20260909-restart-1600/temporal-reset/.specula-output/confirmation/CR-2/worktree/common/log/lazy_logger.go:30"}
    shared_cluster_t.go:72: 2026-09-10T01:30:17.255Z	debug	Assigning new task key	{"address": "127.0.0.1:42237", "cursor-timestamp": "2026-09-10T01:30:18.207Z", "queue-task-id": 2097166, "queue-task-type": "VisibilityCloseExecution", "shard-id": 1, "timestamp": "2026-09-10T01:30:17.255Z", "wf-id": "TestWorkflowResetTestSuite/TestAnalysisMissingCurrentRecovery/create-rejected_workflow_id", "wf-namespace-id": "b0d94261-cdc5-451b-838a-c55932b8d60e", "wf-run-id": "5f96e204-3084-4a1d-8c2b-df62400f67c7", "logging-call-at": "/home/ubuntu/temporal-investigation-20260909/overnight-20260909/specula-engine/runs/temporal-reset-20260909-restart-1600/temporal-reset/.specula-output/confirmation/CR-2/worktree/service/history/shard/task_key_generator.go:98"}
    shared_cluster_t.go:72: 2026-09-10T01:30:17.255Z	debug	Assigning new task key	{"address": "127.0.0.1:42237", "cursor-timestamp": "2026-09-10T01:30:18.207Z", "queue-task-id": 2097167, "queue-task-type": "DeleteHistoryEvent", "shard-id": 1, "timestamp": "2026-09-11T01:30:17.849Z", "wf-id": "TestWorkflowResetTestSuite/TestAnalysisMissingCurrentRecovery/create-rejected_workflow_id", "wf-namespace-id": "b0d94261-cdc5-451b-838a-c55932b8d60e", "wf-run-id": "5f96e204-3084-4a1d-8c2b-df62400f67c7", "logging-call-at": "/home/ubuntu/temporal-investigation-20260909/overnight-20260909/specula-engine/runs/temporal-reset-20260909-restart-1600/temporal-reset/.specula-output/confirmation/CR-2/worktree/service/history/shard/task_key_generator.go:98"}
    shared_cluster_t.go:72: 2026-09-10T01:30:17.255Z	debug	Assigning new task key	{"address": "127.0.0.1:42237", "cursor-timestamp": "2026-09-10T01:30:18.207Z", "queue-task-id": 2097168, "queue-task-type": "TransferCloseExecution", "shard-id": 1, "timestamp": "2026-09-10T01:30:17.255Z", "wf-id": "TestWorkflowResetTestSuite/TestAnalysisMissingCurrentRecovery/create-rejected_workflow_id", "wf-namespace-id": "b0d94261-cdc5-451b-838a-c55932b8d60e", "wf-run-id": "5f96e204-3084-4a1d-8c2b-df62400f67c7", "logging-call-at": "/home/ubuntu/temporal-investigation-20260909/overnight-20260909/specula-engine/runs/temporal-reset-20260909-restart-1600/temporal-reset/.specula-output/confirmation/CR-2/worktree/service/history/shard/task_key_generator.go:98"}
    shared_cluster_t.go:72: 2026-09-10T01:30:17.256Z	debug	Process task as active.	{"address": "127.0.0.1:42237", "component": "transfer-queue-processor", "shard-id": 1, "value": "CloseExecutionTask{WorkflowKey: b0d94261-cdc5-451b-838a-c55932b8d60e/TestWorkflowResetTestSuite/TestAnalysisMissingCurrentRecovery/create-rejected_workflow_id/5f96e204-3084-4a1d-8c2b-df62400f67c7, VisibilityTimestamp: 2026-09-10 01:30:17.25539586 +0000 UTC, TaskID: 2097168, Version: 0, DeleteAfterClose: false, DeleteProcessStage: 0}", "wf-namespace-id": "b0d94261-cdc5-451b-838a-c55932b8d60e", "logging-call-at": "/home/ubuntu/temporal-investigation-20260909/overnight-20260909/specula-engine/runs/temporal-reset-20260909-restart-1600/temporal-reset/.specula-output/confirmation/CR-2/worktree/service/history/queues/active_standby_executor.go:121"}
    reset_recovery_analysis_test.go:142: scenario=create-rejected checkpoint=recovered reset=5f96e204-3084-4a1d-8c2b-df62400f67c7 current=5f96e204-3084-4a1d-8c2b-df62400f67c7 baseLink=5f96e204-3084-4a1d-8c2b-df62400f67c7 createRequestID=1459bfe7-be7a-4440-8b13-60fc135fd41f completedStatus=Completed
    shared_cluster_t.go:72: 2026-09-10T01:30:17.257Z	debug	routing key extraction: adding routing key to context	{"wf-id": "TestWorkflowResetTestSuite/TestAnalysisMissingCurrentRecovery/create-rejected_workflow_id", "grpc-method": "/temporal.api.workflowservice.v1.WorkflowService/GetWorkflowExecutionHistory", "logging-call-at": "/home/ubuntu/temporal-investigation-20260909/overnight-20260909/specula-engine/runs/temporal-reset-20260909-restart-1600/temporal-reset/.specula-output/confirmation/CR-2/worktree/common/rpc/interceptor/routing_key_interceptor.go:112"}
    shared_cluster_t.go:72: 2026-09-10T01:30:17.257Z	debug	Frontend method invoked.	{"wf-namespace": "TestWorkflowResetTestSuite-TestAnalysisMissingCurrentRecovery-create-rejected-2ecd97f4-fc10-4ccc-a63f-0a63e37c172d", "operation": "GetWorkflowExecutionHistory", "server-name": "", "cert-thumbprint": "", "logging-call-at": "/home/ubuntu/temporal-investigation-20260909/overnight-20260909/specula-engine/runs/temporal-reset-20260909-restart-1600/temporal-reset/.specula-output/confirmation/CR-2/worktree/common/rpc/interceptor/namespace_logger.go:53"}
    shared_cluster_t.go:72: 2026-09-10T01:30:17.257Z	warn	GetHistory page size is larger than threshold	{"service": "frontend", "wf-id": "TestWorkflowResetTestSuite/TestAnalysisMissingCurrentRecovery/create-rejected_workflow_id", "wf-namespace-id": "b0d94261-cdc5-451b-838a-c55932b8d60e", "wf-run-id": "5f96e204-3084-4a1d-8c2b-df62400f67c7", "wf-size": 1000, "logging-call-at": "/home/ubuntu/temporal-investigation-20260909/overnight-20260909/specula-engine/runs/temporal-reset-20260909-restart-1600/temporal-reset/.specula-output/confirmation/CR-2/worktree/common/log/throttle_logger.go:50"}
    shared_cluster_t.go:72: 2026-09-10T01:30:17.258Z	debug	routing key extraction: adding routing key to context	{"wf-id": "TestWorkflowResetTestSuite/TestAnalysisMissingCurrentRecovery/create-rejected_workflow_id", "grpc-method": "/temporal.api.workflowservice.v1.WorkflowService/DeleteWorkflowExecution", "logging-call-at": "/home/ubuntu/temporal-investigation-20260909/overnight-20260909/specula-engine/runs/temporal-reset-20260909-restart-1600/temporal-reset/.specula-output/confirmation/CR-2/worktree/common/rpc/interceptor/routing_key_interceptor.go:112"}
    shared_cluster_t.go:72: 2026-09-10T01:30:17.259Z	debug	Frontend method invoked.	{"wf-namespace": "TestWorkflowResetTestSuite-TestAnalysisMissingCurrentRecovery-create-rejected-2ecd97f4-fc10-4ccc-a63f-0a63e37c172d", "operation": "DeleteWorkflowExecution", "server-name": "", "cert-thumbprint": "", "logging-call-at": "/home/ubuntu/temporal-investigation-20260909/overnight-20260909/specula-engine/runs/temporal-reset-20260909-restart-1600/temporal-reset/.specula-output/confirmation/CR-2/worktree/common/rpc/interceptor/namespace_logger.go:53"}
    shared_cluster_t.go:72: 2026-09-10T01:30:17.259Z	info	DeleteWorkflowExecution requested	{"service": "history", "wf-id": "TestWorkflowResetTestSuite/TestAnalysisMissingCurrentRecovery/create-rejected_workflow_id", "wf-namespace-id": "b0d94261-cdc5-451b-838a-c55932b8d60e", "wf-run-id": "01a088ef-d1d2-783b-8b78-6d05e1764d09", "logging-call-at": "/home/ubuntu/temporal-investigation-20260909/overnight-20260909/specula-engine/runs/temporal-reset-20260909-restart-1600/temporal-reset/.specula-output/confirmation/CR-2/worktree/service/history/handler.go:1116"}
    shared_cluster_t.go:72: 2026-09-10T01:30:17.259Z	debug	Assigning new task key	{"address": "127.0.0.1:42237", "cursor-timestamp": "2026-09-10T01:30:18.255Z", "queue-task-id": 2097169, "queue-task-type": "TransferDeleteExecution", "shard-id": 1, "timestamp": "2026-09-10T01:30:17.259Z", "wf-id": "TestWorkflowResetTestSuite/TestAnalysisMissingCurrentRecovery/create-rejected_workflow_id", "wf-namespace-id": "b0d94261-cdc5-451b-838a-c55932b8d60e", "wf-run-id": "01a088ef-d1d2-783b-8b78-6d05e1764d09", "logging-call-at": "/home/ubuntu/temporal-investigation-20260909/overnight-20260909/specula-engine/runs/temporal-reset-20260909-restart-1600/temporal-reset/.specula-output/confirmation/CR-2/worktree/service/history/shard/task_key_generator.go:98"}
    shared_cluster_t.go:72: 2026-09-10T01:30:17.259Z	debug	Process task as active.	{"address": "127.0.0.1:42237", "component": "transfer-queue-processor", "shard-id": 1, "value": "DeleteExecutionTask{WorkflowKey: b0d94261-cdc5-451b-838a-c55932b8d60e/TestWorkflowResetTestSuite/TestAnalysisMissingCurrentRecovery/create-rejected_workflow_id/01a088ef-d1d2-783b-8b78-6d05e1764d09, VisibilityTimestamp: 2026-09-10 01:30:17.259268248 +0000 UTC, TaskID: 2097169, ProcessStage: 0}", "wf-namespace-id": "b0d94261-cdc5-451b-838a-c55932b8d60e", "logging-call-at": "/home/ubuntu/temporal-investigation-20260909/overnight-20260909/specula-engine/runs/temporal-reset-20260909-restart-1600/temporal-reset/.specula-output/confirmation/CR-2/worktree/service/history/queues/active_standby_executor.go:121"}
    shared_cluster_t.go:72: 2026-09-10T01:30:21.201Z	debug	Process task as active.	{"address": "127.0.0.1:42237", "component": "transfer-queue-processor", "shard-id": 1, "value": "DeleteExecutionTask{WorkflowKey: b0d94261-cdc5-451b-838a-c55932b8d60e/TestWorkflowResetTestSuite/TestAnalysisMissingCurrentRecovery/create-rejected_workflow_id/01a088ef-d1d2-783b-8b78-6d05e1764d09, VisibilityTimestamp: 2026-09-10 01:30:17.259268248 +0000 UTC, TaskID: 2097169, ProcessStage: 0}", "wf-namespace-id": "b0d94261-cdc5-451b-838a-c55932b8d60e", "logging-call-at": "/home/ubuntu/temporal-investigation-20260909/overnight-20260909/specula-engine/runs/temporal-reset-20260909-restart-1600/temporal-reset/.specula-output/confirmation/CR-2/worktree/service/history/queues/active_standby_executor.go:121"}
    shared_cluster_t.go:72: 2026-09-10T01:30:21.202Z	debug	Assigning new task key	{"address": "127.0.0.1:42237", "cursor-timestamp": "2026-09-10T01:30:21.202Z", "queue-task-id": 2097170, "queue-task-type": "VisibilityDeleteExecution", "shard-id": 1, "timestamp": "2026-09-10T01:30:21.202Z", "wf-id": "TestWorkflowResetTestSuite/TestAnalysisMissingCurrentRecovery/create-rejected_workflow_id", "wf-namespace-id": "b0d94261-cdc5-451b-838a-c55932b8d60e", "wf-run-id": "01a088ef-d1d2-783b-8b78-6d05e1764d09", "logging-call-at": "/home/ubuntu/temporal-investigation-20260909/overnight-20260909/specula-engine/runs/temporal-reset-20260909-restart-1600/temporal-reset/.specula-output/confirmation/CR-2/worktree/service/history/shard/task_key_generator.go:98"}
    shared_cluster_t.go:72: 2026-09-10T01:30:21.296Z	debug	Frontend method invoked.	{"wf-namespace": "", "operation": "CloseShard", "server-name": "", "cert-thumbprint": "", "logging-call-at": "/home/ubuntu/temporal-investigation-20260909/overnight-20260909/specula-engine/runs/temporal-reset-20260909-restart-1600/temporal-reset/.specula-output/confirmation/CR-2/worktree/common/rpc/interceptor/namespace_logger.go:53"}
    shared_cluster_t.go:72: 2026-09-10T01:30:21.297Z	info	none	{"address": "127.0.0.1:42237", "component": "shard-controller", "numShards": 0, "logging-call-at": "/home/ubuntu/temporal-investigation-20260909/overnight-20260909/specula-engine/runs/temporal-reset-20260909-restart-1600/temporal-reset/.specula-output/confirmation/CR-2/worktree/service/history/shard/controller_impl.go:288"}
    shared_cluster_t.go:72: 2026-09-10T01:30:21.297Z	info	none	{"address": "127.0.0.1:42237", "component": "shard-context", "lifecycle": "Stopped", "shard-id": 1, "logging-call-at": "/home/ubuntu/temporal-investigation-20260909/overnight-20260909/specula-engine/runs/temporal-reset-20260909-restart-1600/temporal-reset/.specula-output/confirmation/CR-2/worktree/service/history/shard/context_impl.go:1783"}
    shared_cluster_t.go:72: 2026-09-10T01:30:21.297Z	info	none	{"address": "127.0.0.1:42237", "component": "shard-engine", "lifecycle": "Stopping", "shard-id": 1, "logging-call-at": "/home/ubuntu/temporal-investigation-20260909/overnight-20260909/specula-engine/runs/temporal-reset-20260909-restart-1600/temporal-reset/.specula-output/confirmation/CR-2/worktree/service/history/shard/context_impl.go:1631"}
    shared_cluster_t.go:72: 2026-09-10T01:30:21.297Z	info	none	{"address": "127.0.0.1:42237", "component": "history-engine", "lifecycle": "Stopping", "shard-id": 1, "logging-call-at": "/home/ubuntu/temporal-investigation-20260909/overnight-20260909/specula-engine/runs/temporal-reset-20260909-restart-1600/temporal-reset/.specula-output/confirmation/CR-2/worktree/service/history/history_engine.go:407"}
    shared_cluster_t.go:72: 2026-09-10T01:30:21.297Z	info	none	{"address": "127.0.0.1:42237", "component": "timer-queue-processor", "lifecycle": "Stopping", "shard-id": 1, "logging-call-at": "/home/ubuntu/temporal-investigation-20260909/overnight-20260909/specula-engine/runs/temporal-reset-20260909-restart-1600/temporal-reset/.specula-output/confirmation/CR-2/worktree/service/history/queues/queue_scheduled.go:146"}
    shared_cluster_t.go:72: 2026-09-10T01:30:21.297Z	info	queue reader stopped	{"address": "127.0.0.1:42237", "component": "timer-queue-processor", "lifecycle": "Stopped", "queue-reader-id": 0, "shard-id": 1, "logging-call-at": "/home/ubuntu/temporal-investigation-20260909/overnight-20260909/specula-engine/runs/temporal-reset-20260909-restart-1600/temporal-reset/.specula-output/confirmation/CR-2/worktree/service/history/queues/reader.go:177"}
    shared_cluster_t.go:72: 2026-09-10T01:30:21.297Z	info	Task rescheduler stopped.	{"address": "127.0.0.1:42237", "component": "timer-queue-processor", "lifecycle": "Stopped", "shard-id": 1, "logging-call-at": "/home/ubuntu/temporal-investigation-20260909/overnight-20260909/specula-engine/runs/temporal-reset-20260909-restart-1600/temporal-reset/.specula-output/confirmation/CR-2/worktree/service/history/queues/rescheduler.go:117"}
    shared_cluster_t.go:72: 2026-09-10T01:30:21.297Z	info	none	{"address": "127.0.0.1:42237", "component": "timer-queue-processor", "lifecycle": "Stopped", "shard-id": 1, "logging-call-at": "/home/ubuntu/temporal-investigation-20260909/overnight-20260909/specula-engine/runs/temporal-reset-20260909-restart-1600/temporal-reset/.specula-output/confirmation/CR-2/worktree/service/history/queues/queue_scheduled.go:157"}
    shared_cluster_t.go:72: 2026-09-10T01:30:21.297Z	info	none	{"component": "memory-scheduled-queue-processor", "lifecycle": "Stopping", "service": "history", "logging-call-at": "/home/ubuntu/temporal-investigation-20260909/overnight-20260909/specula-engine/runs/temporal-reset-20260909-restart-1600/temporal-reset/.specula-output/confirmation/CR-2/worktree/service/history/queues/memory_scheduled_queue.go:91"}
    shared_cluster_t.go:72: 2026-09-10T01:30:21.297Z	info	none	{"component": "memory-scheduled-queue-processor", "lifecycle": "Stopped", "service": "history", "logging-call-at": "/home/ubuntu/temporal-investigation-20260909/overnight-20260909/specula-engine/runs/temporal-reset-20260909-restart-1600/temporal-reset/.specula-output/confirmation/CR-2/worktree/service/history/queues/memory_scheduled_queue.go:99"}
    shared_cluster_t.go:72: 2026-09-10T01:30:21.297Z	info	none	{"address": "127.0.0.1:42237", "component": "visibility-queue-processor", "lifecycle": "Stopping", "shard-id": 1, "logging-call-at": "/home/ubuntu/temporal-investigation-20260909/overnight-20260909/specula-engine/runs/temporal-reset-20260909-restart-1600/temporal-reset/.specula-output/confirmation/CR-2/worktree/service/history/queues/queue_immediate.go:112"}
    shared_cluster_t.go:72: 2026-09-10T01:30:21.297Z	info	queue reader stopped	{"address": "127.0.0.1:42237", "component": "visibility-queue-processor", "lifecycle": "Stopped", "queue-reader-id": 0, "shard-id": 1, "logging-call-at": "/home/ubuntu/temporal-investigation-20260909/overnight-20260909/specula-engine/runs/temporal-reset-20260909-restart-1600/temporal-reset/.specula-output/confirmation/CR-2/worktree/service/history/queues/reader.go:177"}
    shared_cluster_t.go:72: 2026-09-10T01:30:21.297Z	info	Task rescheduler stopped.	{"address": "127.0.0.1:42237", "component": "visibility-queue-processor", "lifecycle": "Stopped", "shard-id": 1, "logging-call-at": "/home/ubuntu/temporal-investigation-20260909/overnight-20260909/specula-engine/runs/temporal-reset-20260909-restart-1600/temporal-reset/.specula-output/confirmation/CR-2/worktree/service/history/queues/rescheduler.go:117"}
    shared_cluster_t.go:72: 2026-09-10T01:30:21.297Z	info	none	{"address": "127.0.0.1:42237", "component": "visibility-queue-processor", "lifecycle": "Stopped", "shard-id": 1, "logging-call-at": "/home/ubuntu/temporal-investigation-20260909/overnight-20260909/specula-engine/runs/temporal-reset-20260909-restart-1600/temporal-reset/.specula-output/confirmation/CR-2/worktree/service/history/queues/queue_immediate.go:122"}
    shared_cluster_t.go:72: 2026-09-10T01:30:21.297Z	info	none	{"address": "127.0.0.1:42237", "component": "transfer-queue-processor", "lifecycle": "Stopping", "shard-id": 1, "logging-call-at": "/home/ubuntu/temporal-investigation-20260909/overnight-20260909/specula-engine/runs/temporal-reset-20260909-restart-1600/temporal-reset/.specula-output/confirmation/CR-2/worktree/service/history/queues/queue_immediate.go:112"}
    shared_cluster_t.go:72: 2026-09-10T01:30:21.297Z	info	queue reader stopped	{"address": "127.0.0.1:42237", "component": "transfer-queue-processor", "lifecycle": "Stopped", "queue-reader-id": 0, "shard-id": 1, "logging-call-at": "/home/ubuntu/temporal-investigation-20260909/overnight-20260909/specula-engine/runs/temporal-reset-20260909-restart-1600/temporal-reset/.specula-output/confirmation/CR-2/worktree/service/history/queues/reader.go:177"}
    shared_cluster_t.go:72: 2026-09-10T01:30:21.297Z	info	Task rescheduler stopped.	{"address": "127.0.0.1:42237", "component": "transfer-queue-processor", "lifecycle": "Stopped", "shard-id": 1, "logging-call-at": "/home/ubuntu/temporal-investigation-20260909/overnight-20260909/specula-engine/runs/temporal-reset-20260909-restart-1600/temporal-reset/.specula-output/confirmation/CR-2/worktree/service/history/queues/rescheduler.go:117"}
    shared_cluster_t.go:72: 2026-09-10T01:30:21.297Z	info	none	{"address": "127.0.0.1:42237", "component": "transfer-queue-processor", "lifecycle": "Stopped", "shard-id": 1, "logging-call-at": "/home/ubuntu/temporal-investigation-20260909/overnight-20260909/specula-engine/runs/temporal-reset-20260909-restart-1600/temporal-reset/.specula-output/confirmation/CR-2/worktree/service/history/queues/queue_immediate.go:122"}
    shared_cluster_t.go:72: 2026-09-10T01:30:21.297Z	info	none	{"address": "127.0.0.1:42237", "component": "outbound-queue-processor", "lifecycle": "Stopping", "shard-id": 1, "logging-call-at": "/home/ubuntu/temporal-investigation-20260909/overnight-20260909/specula-engine/runs/temporal-reset-20260909-restart-1600/temporal-reset/.specula-output/confirmation/CR-2/worktree/service/history/queues/queue_immediate.go:112"}
    shared_cluster_t.go:72: 2026-09-10T01:30:21.297Z	info	queue reader stopped	{"address": "127.0.0.1:42237", "component": "outbound-queue-processor", "lifecycle": "Stopped", "queue-reader-id": 0, "shard-id": 1, "logging-call-at": "/home/ubuntu/temporal-investigation-20260909/overnight-20260909/specula-engine/runs/temporal-reset-20260909-restart-1600/temporal-reset/.specula-output/confirmation/CR-2/worktree/service/history/queues/reader.go:177"}
    shared_cluster_t.go:72: 2026-09-10T01:30:21.297Z	info	Task rescheduler stopped.	{"address": "127.0.0.1:42237", "component": "outbound-queue-processor", "lifecycle": "Stopped", "shard-id": 1, "logging-call-at": "/home/ubuntu/temporal-investigation-20260909/overnight-20260909/specula-engine/runs/temporal-reset-20260909-restart-1600/temporal-reset/.specula-output/confirmation/CR-2/worktree/service/history/queues/rescheduler.go:117"}
    shared_cluster_t.go:72: 2026-09-10T01:30:21.297Z	info	none	{"address": "127.0.0.1:42237", "component": "outbound-queue-processor", "lifecycle": "Stopped", "shard-id": 1, "logging-call-at": "/home/ubuntu/temporal-investigation-20260909/overnight-20260909/specula-engine/runs/temporal-reset-20260909-restart-1600/temporal-reset/.specula-output/confirmation/CR-2/worktree/service/history/queues/queue_immediate.go:122"}
    shared_cluster_t.go:72: 2026-09-10T01:30:21.297Z	info	none	{"address": "127.0.0.1:42237", "component": "history-engine", "lifecycle": "Stopped", "shard-id": 1, "logging-call-at": "/home/ubuntu/temporal-investigation-20260909/overnight-20260909/specula-engine/runs/temporal-reset-20260909-restart-1600/temporal-reset/.specula-output/confirmation/CR-2/worktree/service/history/history_engine.go:416"}
    shared_cluster_t.go:72: 2026-09-10T01:30:21.297Z	info	none	{"address": "127.0.0.1:42237", "component": "shard-engine", "lifecycle": "Stopped", "shard-id": 1, "logging-call-at": "/home/ubuntu/temporal-investigation-20260909/overnight-20260909/specula-engine/runs/temporal-reset-20260909-restart-1600/temporal-reset/.specula-output/confirmation/CR-2/worktree/service/history/shard/context_impl.go:1633"}
    shared_cluster_t.go:72: 2026-09-10T01:30:21.297Z	debug	finalizer starting	{"address": "127.0.0.1:42237", "items": 4, "shard-id": 1, "timeout": 2, "logging-call-at": "/home/ubuntu/temporal-investigation-20260909/overnight-20260909/specula-engine/runs/temporal-reset-20260909-restart-1600/temporal-reset/.specula-output/confirmation/CR-2/worktree/common/finalizer/finalizer.go:108"}
    shared_cluster_t.go:72: 2026-09-10T01:30:21.297Z	debug	finalizer completed	{"address": "127.0.0.1:42237", "completed": 4, "shard-id": 1, "logging-call-at": "/home/ubuntu/temporal-investigation-20260909/overnight-20260909/specula-engine/runs/temporal-reset-20260909-restart-1600/temporal-reset/.specula-output/confirmation/CR-2/worktree/common/finalizer/finalizer.go:152"}
    shared_cluster_t.go:72: 2026-09-10T01:30:21.298Z	debug	routing key extraction: adding routing key to context	{"wf-id": "TestWorkflowResetTestSuite/TestAnalysisMissingCurrentRecovery/create-rejected_workflow_id", "grpc-method": "/temporal.api.workflowservice.v1.WorkflowService/GetWorkflowExecutionHistory", "logging-call-at": "/home/ubuntu/temporal-investigation-20260909/overnight-20260909/specula-engine/runs/temporal-reset-20260909-restart-1600/temporal-reset/.specula-output/confirmation/CR-2/worktree/common/rpc/interceptor/routing_key_interceptor.go:112"}
    shared_cluster_t.go:72: 2026-09-10T01:30:21.298Z	debug	Frontend method invoked.	{"wf-namespace": "TestWorkflowResetTestSuite-TestAnalysisMissingCurrentRecovery-create-rejected-2ecd97f4-fc10-4ccc-a63f-0a63e37c172d", "operation": "GetWorkflowExecutionHistory", "server-name": "", "cert-thumbprint": "", "logging-call-at": "/home/ubuntu/temporal-investigation-20260909/overnight-20260909/specula-engine/runs/temporal-reset-20260909-restart-1600/temporal-reset/.specula-output/confirmation/CR-2/worktree/common/rpc/interceptor/namespace_logger.go:53"}
    shared_cluster_t.go:72: 2026-09-10T01:30:21.298Z	warn	GetHistory page size is larger than threshold	{"service": "frontend", "wf-id": "TestWorkflowResetTestSuite/TestAnalysisMissingCurrentRecovery/create-rejected_workflow_id", "wf-namespace-id": "b0d94261-cdc5-451b-838a-c55932b8d60e", "wf-run-id": "5f96e204-3084-4a1d-8c2b-df62400f67c7", "wf-size": 1000, "logging-call-at": "/home/ubuntu/temporal-investigation-20260909/overnight-20260909/specula-engine/runs/temporal-reset-20260909-restart-1600/temporal-reset/.specula-output/confirmation/CR-2/worktree/common/log/throttle_logger.go:50"}
    shared_cluster_t.go:72: 2026-09-10T01:30:21.298Z	info	none	{"address": "127.0.0.1:42237", "component": "shard-context", "lifecycle": "Started", "shard-id": 1, "logging-call-at": "/home/ubuntu/temporal-investigation-20260909/overnight-20260909/specula-engine/runs/temporal-reset-20260909-restart-1600/temporal-reset/.specula-output/confirmation/CR-2/worktree/service/history/shard/context_impl.go:1764"}
    shared_cluster_t.go:72: 2026-09-10T01:30:21.298Z	info	none	{"address": "127.0.0.1:42237", "component": "shard-controller", "numShards": 1, "logging-call-at": "/home/ubuntu/temporal-investigation-20260909/overnight-20260909/specula-engine/runs/temporal-reset-20260909-restart-1600/temporal-reset/.specula-output/confirmation/CR-2/worktree/service/history/shard/controller_impl.go:265"}
    shared_cluster_t.go:72: 2026-09-10T01:30:21.298Z	info	Range updated for shardID	{"address": "127.0.0.1:42237", "previous-shard-range-id": 2, "shard-id": 1, "shard-range-id": 3, "logging-call-at": "/home/ubuntu/temporal-investigation-20260909/overnight-20260909/specula-engine/runs/temporal-reset-20260909-restart-1600/temporal-reset/.specula-output/confirmation/CR-2/worktree/service/history/shard/context_impl.go:1241"}
    shared_cluster_t.go:72: 2026-09-10T01:30:21.298Z	info	Task key range updated	{"address": "127.0.0.1:42237", "next-number": 4194304, "number": 3145728, "shard-id": 1, "logging-call-at": "/home/ubuntu/temporal-investigation-20260909/overnight-20260909/specula-engine/runs/temporal-reset-20260909-restart-1600/temporal-reset/.specula-output/confirmation/CR-2/worktree/service/history/shard/task_key_generator.go:155"}
    shared_cluster_t.go:72: 2026-09-10T01:30:21.298Z	info	Acquired shard	{"address": "127.0.0.1:42237", "shard-id": 1, "logging-call-at": "/home/ubuntu/temporal-investigation-20260909/overnight-20260909/specula-engine/runs/temporal-reset-20260909-restart-1600/temporal-reset/.specula-output/confirmation/CR-2/worktree/service/history/shard/context_impl.go:2129"}
    shared_cluster_t.go:72: 2026-09-10T01:30:21.298Z	info	none	{"address": "127.0.0.1:42237", "component": "shard-engine", "lifecycle": "Starting", "shard-id": 1, "logging-call-at": "/home/ubuntu/temporal-investigation-20260909/overnight-20260909/specula-engine/runs/temporal-reset-20260909-restart-1600/temporal-reset/.specula-output/confirmation/CR-2/worktree/service/history/shard/context_impl.go:1604"}
    shared_cluster_t.go:72: 2026-09-10T01:30:21.298Z	info	none	{"address": "127.0.0.1:42237", "component": "history-engine", "lifecycle": "Starting", "shard-id": 1, "logging-call-at": "/home/ubuntu/temporal-investigation-20260909/overnight-20260909/specula-engine/runs/temporal-reset-20260909-restart-1600/temporal-reset/.specula-output/confirmation/CR-2/worktree/service/history/history_engine.go:386"}
    shared_cluster_t.go:72: 2026-09-10T01:30:21.298Z	info	none	{"address": "127.0.0.1:42237", "component": "outbound-queue-processor", "lifecycle": "Starting", "shard-id": 1, "logging-call-at": "/home/ubuntu/temporal-investigation-20260909/overnight-20260909/specula-engine/runs/temporal-reset-20260909-restart-1600/temporal-reset/.specula-output/confirmation/CR-2/worktree/service/history/queues/queue_immediate.go:96"}
    shared_cluster_t.go:72: 2026-09-10T01:30:21.298Z	info	Task rescheduler started.	{"address": "127.0.0.1:42237", "component": "outbound-queue-processor", "lifecycle": "Started", "shard-id": 1, "logging-call-at": "/home/ubuntu/temporal-investigation-20260909/overnight-20260909/specula-engine/runs/temporal-reset-20260909-restart-1600/temporal-reset/.specula-output/confirmation/CR-2/worktree/service/history/queues/rescheduler.go:102"}
    shared_cluster_t.go:72: 2026-09-10T01:30:21.298Z	info	none	{"address": "127.0.0.1:42237", "component": "outbound-queue-processor", "lifecycle": "Started", "shard-id": 1, "logging-call-at": "/home/ubuntu/temporal-investigation-20260909/overnight-20260909/specula-engine/runs/temporal-reset-20260909-restart-1600/temporal-reset/.specula-output/confirmation/CR-2/worktree/service/history/queues/queue_immediate.go:105"}
    shared_cluster_t.go:72: 2026-09-10T01:30:21.298Z	info	none	{"address": "127.0.0.1:42237", "component": "timer-queue-processor", "lifecycle": "Starting", "shard-id": 1, "logging-call-at": "/home/ubuntu/temporal-investigation-20260909/overnight-20260909/specula-engine/runs/temporal-reset-20260909-restart-1600/temporal-reset/.specula-output/confirmation/CR-2/worktree/service/history/queues/queue_scheduled.go:130"}
    shared_cluster_t.go:72: 2026-09-10T01:30:21.298Z	info	Task rescheduler started.	{"address": "127.0.0.1:42237", "component": "timer-queue-processor", "lifecycle": "Started", "shard-id": 1, "logging-call-at": "/home/ubuntu/temporal-investigation-20260909/overnight-20260909/specula-engine/runs/temporal-reset-20260909-restart-1600/temporal-reset/.specula-output/confirmation/CR-2/worktree/service/history/queues/rescheduler.go:102"}
    shared_cluster_t.go:72: 2026-09-10T01:30:21.298Z	info	none	{"address": "127.0.0.1:42237", "component": "timer-queue-processor", "lifecycle": "Started", "shard-id": 1, "logging-call-at": "/home/ubuntu/temporal-investigation-20260909/overnight-20260909/specula-engine/runs/temporal-reset-20260909-restart-1600/temporal-reset/.specula-output/confirmation/CR-2/worktree/service/history/queues/queue_scheduled.go:139"}
    shared_cluster_t.go:72: 2026-09-10T01:30:21.298Z	info	none	{"component": "memory-scheduled-queue-processor", "lifecycle": "Starting", "service": "history", "logging-call-at": "/home/ubuntu/temporal-investigation-20260909/overnight-20260909/specula-engine/runs/temporal-reset-20260909-restart-1600/temporal-reset/.specula-output/confirmation/CR-2/worktree/service/history/queues/memory_scheduled_queue.go:79"}
    shared_cluster_t.go:72: 2026-09-10T01:30:21.298Z	info	none	{"component": "memory-scheduled-queue-processor", "lifecycle": "Started", "service": "history", "logging-call-at": "/home/ubuntu/temporal-investigation-20260909/overnight-20260909/specula-engine/runs/temporal-reset-20260909-restart-1600/temporal-reset/.specula-output/confirmation/CR-2/worktree/service/history/queues/memory_scheduled_queue.go:84"}
    shared_cluster_t.go:72: 2026-09-10T01:30:21.298Z	info	none	{"address": "127.0.0.1:42237", "component": "visibility-queue-processor", "lifecycle": "Starting", "shard-id": 1, "logging-call-at": "/home/ubuntu/temporal-investigation-20260909/overnight-20260909/specula-engine/runs/temporal-reset-20260909-restart-1600/temporal-reset/.specula-output/confirmation/CR-2/worktree/service/history/queues/queue_immediate.go:96"}
    shared_cluster_t.go:72: 2026-09-10T01:30:21.298Z	info	Task rescheduler started.	{"address": "127.0.0.1:42237", "component": "visibility-queue-processor", "lifecycle": "Started", "shard-id": 1, "logging-call-at": "/home/ubuntu/temporal-investigation-20260909/overnight-20260909/specula-engine/runs/temporal-reset-20260909-restart-1600/temporal-reset/.specula-output/confirmation/CR-2/worktree/service/history/queues/rescheduler.go:102"}
    shared_cluster_t.go:72: 2026-09-10T01:30:21.298Z	info	queue reader started	{"address": "127.0.0.1:42237", "component": "outbound-queue-processor", "lifecycle": "Started", "queue-reader-id": 0, "shard-id": 1, "logging-call-at": "/home/ubuntu/temporal-investigation-20260909/overnight-20260909/specula-engine/runs/temporal-reset-20260909-restart-1600/temporal-reset/.specula-output/confirmation/CR-2/worktree/service/history/queues/reader.go:158"}
    shared_cluster_t.go:72: 2026-09-10T01:30:21.298Z	info	none	{"address": "127.0.0.1:42237", "component": "visibility-queue-processor", "lifecycle": "Started", "shard-id": 1, "logging-call-at": "/home/ubuntu/temporal-investigation-20260909/overnight-20260909/specula-engine/runs/temporal-reset-20260909-restart-1600/temporal-reset/.specula-output/confirmation/CR-2/worktree/service/history/queues/queue_immediate.go:105"}
    shared_cluster_t.go:72: 2026-09-10T01:30:21.299Z	info	queue reader started	{"address": "127.0.0.1:42237", "component": "visibility-queue-processor", "lifecycle": "Started", "queue-reader-id": 0, "shard-id": 1, "logging-call-at": "/home/ubuntu/temporal-investigation-20260909/overnight-20260909/specula-engine/runs/temporal-reset-20260909-restart-1600/temporal-reset/.specula-output/confirmation/CR-2/worktree/service/history/queues/reader.go:158"}
    shared_cluster_t.go:72: 2026-09-10T01:30:21.299Z	info	none	{"address": "127.0.0.1:42237", "component": "transfer-queue-processor", "lifecycle": "Starting", "shard-id": 1, "logging-call-at": "/home/ubuntu/temporal-investigation-20260909/overnight-20260909/specula-engine/runs/temporal-reset-20260909-restart-1600/temporal-reset/.specula-output/confirmation/CR-2/worktree/service/history/queues/queue_immediate.go:96"}
    shared_cluster_t.go:72: 2026-09-10T01:30:21.299Z	info	Task rescheduler started.	{"address": "127.0.0.1:42237", "component": "transfer-queue-processor", "lifecycle": "Started", "shard-id": 1, "logging-call-at": "/home/ubuntu/temporal-investigation-20260909/overnight-20260909/specula-engine/runs/temporal-reset-20260909-restart-1600/temporal-reset/.specula-output/confirmation/CR-2/worktree/service/history/queues/rescheduler.go:102"}
    shared_cluster_t.go:72: 2026-09-10T01:30:21.299Z	error	Queue reader unable to retrieve tasks	{"address": "127.0.0.1:42237", "component": "timer-queue-processor", "error": "shard status unknown", "queue-reader-id": 0, "shard-id": 1, "logging-call-at": "/home/ubuntu/temporal-investigation-20260909/overnight-20260909/specula-engine/runs/temporal-reset-20260909-restart-1600/temporal-reset/.specula-output/confirmation/CR-2/worktree/service/history/queues/reader.go:457"}
        go.temporal.io/server/common/log.(*zapLogger).Error
        	/home/ubuntu/temporal-investigation-20260909/overnight-20260909/specula-engine/runs/temporal-reset-20260909-restart-1600/temporal-reset/.specula-output/confirmation/CR-2/worktree/common/log/zap_logger.go:191
        go.temporal.io/server/common/testing/testlogger.(*TestLogger).Error
        	/home/ubuntu/temporal-investigation-20260909/overnight-20260909/specula-engine/runs/temporal-reset-20260909-restart-1600/temporal-reset/.specula-output/confirmation/CR-2/worktree/common/testing/testlogger/testlogger.go:543
        go.temporal.io/server/service/history/queues.(*ReaderImpl).loadAndSubmitTasks
        	/home/ubuntu/temporal-investigation-20260909/overnight-20260909/specula-engine/runs/temporal-reset-20260909-restart-1600/temporal-reset/.specula-output/confirmation/CR-2/worktree/service/history/queues/reader.go:457
        go.temporal.io/server/service/history/queues.(*ReaderImpl).eventLoop
        	/home/ubuntu/temporal-investigation-20260909/overnight-20260909/specula-engine/runs/temporal-reset-20260909-restart-1600/temporal-reset/.specula-output/confirmation/CR-2/worktree/service/history/queues/reader.go:422
    shared_cluster_t.go:72: 2026-09-10T01:30:21.299Z	error	Queue reader unable to retrieve tasks	{"address": "127.0.0.1:42237", "component": "visibility-queue-processor", "error": "shard status unknown", "queue-reader-id": 0, "shard-id": 1, "logging-call-at": "/home/ubuntu/temporal-investigation-20260909/overnight-20260909/specula-engine/runs/temporal-reset-20260909-restart-1600/temporal-reset/.specula-output/confirmation/CR-2/worktree/service/history/queues/reader.go:457"}
        go.temporal.io/server/common/log.(*zapLogger).Error
        	/home/ubuntu/temporal-investigation-20260909/overnight-20260909/specula-engine/runs/temporal-reset-20260909-restart-1600/temporal-reset/.specula-output/confirmation/CR-2/worktree/common/log/zap_logger.go:191
        go.temporal.io/server/common/testing/testlogger.(*TestLogger).Error
        	/home/ubuntu/temporal-investigation-20260909/overnight-20260909/specula-engine/runs/temporal-reset-20260909-restart-1600/temporal-reset/.specula-output/confirmation/CR-2/worktree/common/testing/testlogger/testlogger.go:543
        go.temporal.io/server/service/history/queues.(*ReaderImpl).loadAndSubmitTasks
        	/home/ubuntu/temporal-investigation-20260909/overnight-20260909/specula-engine/runs/temporal-reset-20260909-restart-1600/temporal-reset/.specula-output/confirmation/CR-2/worktree/service/history/queues/reader.go:457
        go.temporal.io/server/service/history/queues.(*ReaderImpl).eventLoop
        	/home/ubuntu/temporal-investigation-20260909/overnight-20260909/specula-engine/runs/temporal-reset-20260909-restart-1600/temporal-reset/.specula-output/confirmation/CR-2/worktree/service/history/queues/reader.go:422
    shared_cluster_t.go:72: 2026-09-10T01:30:21.299Z	info	none	{"address": "127.0.0.1:42237", "component": "transfer-queue-processor", "lifecycle": "Started", "shard-id": 1, "logging-call-at": "/home/ubuntu/temporal-investigation-20260909/overnight-20260909/specula-engine/runs/temporal-reset-20260909-restart-1600/temporal-reset/.specula-output/confirmation/CR-2/worktree/service/history/queues/queue_immediate.go:105"}
    shared_cluster_t.go:72: 2026-09-10T01:30:21.299Z	info	none	{"address": "127.0.0.1:42237", "component": "history-engine", "lifecycle": "Started", "shard-id": 1, "logging-call-at": "/home/ubuntu/temporal-investigation-20260909/overnight-20260909/specula-engine/runs/temporal-reset-20260909-restart-1600/temporal-reset/.specula-output/confirmation/CR-2/worktree/service/history/history_engine.go:395"}
    shared_cluster_t.go:72: 2026-09-10T01:30:21.299Z	info	none	{"address": "127.0.0.1:42237", "component": "shard-engine", "lifecycle": "Started", "shard-id": 1, "logging-call-at": "/home/ubuntu/temporal-investigation-20260909/overnight-20260909/specula-engine/runs/temporal-reset-20260909-restart-1600/temporal-reset/.specula-output/confirmation/CR-2/worktree/service/history/shard/context_impl.go:1607"}
    shared_cluster_t.go:72: 2026-09-10T01:30:21.299Z	info	queue reader started	{"address": "127.0.0.1:42237", "component": "timer-queue-processor", "lifecycle": "Started", "queue-reader-id": 0, "shard-id": 1, "logging-call-at": "/home/ubuntu/temporal-investigation-20260909/overnight-20260909/specula-engine/runs/temporal-reset-20260909-restart-1600/temporal-reset/.specula-output/confirmation/CR-2/worktree/service/history/queues/reader.go:158"}
    shared_cluster_t.go:72: 2026-09-10T01:30:21.299Z	error	Queue reader unable to retrieve tasks	{"address": "127.0.0.1:42237", "component": "outbound-queue-processor", "error": "shard status unknown", "queue-reader-id": 0, "shard-id": 1, "logging-call-at": "/home/ubuntu/temporal-investigation-20260909/overnight-20260909/specula-engine/runs/temporal-reset-20260909-restart-1600/temporal-reset/.specula-output/confirmation/CR-2/worktree/service/history/queues/reader.go:457"}
        go.temporal.io/server/common/log.(*zapLogger).Error
        	/home/ubuntu/temporal-investigation-20260909/overnight-20260909/specula-engine/runs/temporal-reset-20260909-restart-1600/temporal-reset/.specula-output/confirmation/CR-2/worktree/common/log/zap_logger.go:191
        go.temporal.io/server/common/testing/testlogger.(*TestLogger).Error
        	/home/ubuntu/temporal-investigation-20260909/overnight-20260909/specula-engine/runs/temporal-reset-20260909-restart-1600/temporal-reset/.specula-output/confirmation/CR-2/worktree/common/testing/testlogger/testlogger.go:543
        go.temporal.io/server/service/history/queues.(*ReaderImpl).loadAndSubmitTasks
        	/home/ubuntu/temporal-investigation-20260909/overnight-20260909/specula-engine/runs/temporal-reset-20260909-restart-1600/temporal-reset/.specula-output/confirmation/CR-2/worktree/service/history/queues/reader.go:457
        go.temporal.io/server/service/history/queues.(*ReaderImpl).eventLoop
        	/home/ubuntu/temporal-investigation-20260909/overnight-20260909/specula-engine/runs/temporal-reset-20260909-restart-1600/temporal-reset/.specula-output/confirmation/CR-2/worktree/service/history/queues/reader.go:422
    shared_cluster_t.go:72: 2026-09-10T01:30:21.299Z	info	queue reader started	{"address": "127.0.0.1:42237", "component": "transfer-queue-processor", "lifecycle": "Started", "queue-reader-id": 0, "shard-id": 1, "logging-call-at": "/home/ubuntu/temporal-investigation-20260909/overnight-20260909/specula-engine/runs/temporal-reset-20260909-restart-1600/temporal-reset/.specula-output/confirmation/CR-2/worktree/service/history/queues/reader.go:158"}
    shared_cluster_t.go:72: 2026-09-10T01:30:21.299Z	error	Queue reader unable to retrieve tasks	{"address": "127.0.0.1:42237", "component": "transfer-queue-processor", "error": "shard status unknown", "queue-reader-id": 0, "shard-id": 1, "logging-call-at": "/home/ubuntu/temporal-investigation-20260909/overnight-20260909/specula-engine/runs/temporal-reset-20260909-restart-1600/temporal-reset/.specula-output/confirmation/CR-2/worktree/service/history/queues/reader.go:457"}
        go.temporal.io/server/common/log.(*zapLogger).Error
        	/home/ubuntu/temporal-investigation-20260909/overnight-20260909/specula-engine/runs/temporal-reset-20260909-restart-1600/temporal-reset/.specula-output/confirmation/CR-2/worktree/common/log/zap_logger.go:191
        go.temporal.io/server/common/testing/testlogger.(*TestLogger).Error
        	/home/ubuntu/temporal-investigation-20260909/overnight-20260909/specula-engine/runs/temporal-reset-20260909-restart-1600/temporal-reset/.specula-output/confirmation/CR-2/worktree/common/testing/testlogger/testlogger.go:543
        go.temporal.io/server/service/history/queues.(*ReaderImpl).loadAndSubmitTasks
        	/home/ubuntu/temporal-investigation-20260909/overnight-20260909/specula-engine/runs/temporal-reset-20260909-restart-1600/temporal-reset/.specula-output/confirmation/CR-2/worktree/service/history/queues/reader.go:457
        go.temporal.io/server/service/history/queues.(*ReaderImpl).eventLoop
        	/home/ubuntu/temporal-investigation-20260909/overnight-20260909/specula-engine/runs/temporal-reset-20260909-restart-1600/temporal-reset/.specula-output/confirmation/CR-2/worktree/service/history/queues/reader.go:422
    reset_recovery_analysis_test.go:159: scenario=create-rejected checkpoint=base-deleted-reset-readable reset=5f96e204-3084-4a1d-8c2b-df62400f67c7 events=8
2026-09-10T01:30:21.301Z	info	ShutdownHandler: Updating gRPC health status to ShuttingDown	{"service": "frontend", "logging-call-at": "/home/ubuntu/temporal-investigation-20260909/overnight-20260909/specula-engine/runs/temporal-reset-20260909-restart-1600/temporal-reset/.specula-output/confirmation/CR-2/worktree/service/frontend/service.go:565"}
2026-09-10T01:30:21.301Z	info	ShutdownHandler: Waiting for others to discover I am unhealthy	{"service": "frontend", "logging-call-at": "/home/ubuntu/temporal-investigation-20260909/overnight-20260909/specula-engine/runs/temporal-reset-20260909-restart-1600/temporal-reset/.specula-output/confirmation/CR-2/worktree/service/frontend/service.go:569"}
2026-09-10T01:30:21.301Z	info	ShutdownHandler: Draining traffic	{"service": "frontend", "logging-call-at": "/home/ubuntu/temporal-investigation-20260909/overnight-20260909/specula-engine/runs/temporal-reset-20260909-restart-1600/temporal-reset/.specula-output/confirmation/CR-2/worktree/service/frontend/service.go:578"}
2026-09-10T01:30:21.301Z	info	frontend stopped	{"service": "frontend", "logging-call-at": "/home/ubuntu/temporal-investigation-20260909/overnight-20260909/specula-engine/runs/temporal-reset-20260909-restart-1600/temporal-reset/.specula-output/confirmation/CR-2/worktree/service/frontend/service.go:600"}
2026-09-10T01:30:21.301Z	info	RuntimeMetricsReporter stopped	{"service": "frontend", "logging-call-at": "/home/ubuntu/temporal-investigation-20260909/overnight-20260909/specula-engine/runs/temporal-reset-20260909-restart-1600/temporal-reset/.specula-output/confirmation/CR-2/worktree/common/metrics/runtime.go:127"}
2026-09-10T01:30:21.302Z	warn	network dial error	{"address": "membership://frontend~0x2a66ae6f0e90", "connectAddr": "127.0.0.1:46707", "connectDuration": 0.000085826, "connectErr": "dial tcp 127.0.0.1:46707: connect: connection refused", "error": "dial tcp 127.0.0.1:46707: connect: connection refused", "error-type": "net.OpError", "service": "client", "totalDuration": 0.000092316, "logging-call-at": "/home/ubuntu/temporal-investigation-20260909/overnight-20260909/specula-engine/runs/temporal-reset-20260909-restart-1600/temporal-reset/.specula-output/confirmation/CR-2/worktree/common/rpc/dial_tracer.go:73"}
2026-09-10T01:30:21.302Z	warn	network dial error	{"address": "127.0.0.1:46707", "connectAddr": "127.0.0.1:46707", "connectDuration": 0.000128985, "connectErr": "dial tcp 127.0.0.1:46707: connect: connection refused", "error": "dial tcp 127.0.0.1:46707: connect: connection refused", "error-type": "net.OpError", "service": "client", "totalDuration": 0.000137408, "logging-call-at": "/home/ubuntu/temporal-investigation-20260909/overnight-20260909/specula-engine/runs/temporal-reset-20260909-restart-1600/temporal-reset/.specula-output/confirmation/CR-2/worktree/common/rpc/dial_tracer.go:73"}
2026-09-10T01:30:21.302Z	info	ShutdownHandler: Evicting self from membership ring immediately	{"logging-call-at": "/home/ubuntu/temporal-investigation-20260909/overnight-20260909/specula-engine/runs/temporal-reset-20260909-restart-1600/temporal-reset/.specula-output/confirmation/CR-2/worktree/service/history/service.go:129"}
2026-09-10T01:30:21.302Z	info	ShutdownHandler: Waiting for drain	{"logging-call-at": "/home/ubuntu/temporal-investigation-20260909/overnight-20260909/specula-engine/runs/temporal-reset-20260909-restart-1600/temporal-reset/.specula-output/confirmation/CR-2/worktree/service/history/service.go:137"}
2026-09-10T01:30:21.302Z	info	ShutdownHandler: Initiating handler shutdown	{"logging-call-at": "/home/ubuntu/temporal-investigation-20260909/overnight-20260909/specula-engine/runs/temporal-reset-20260909-restart-1600/temporal-reset/.specula-output/confirmation/CR-2/worktree/service/history/service.go:156"}
2026-09-10T01:30:21.302Z	info	StreamReceiverMonitor stopped.	{"logging-call-at": "/home/ubuntu/temporal-investigation-20260909/overnight-20260909/specula-engine/runs/temporal-reset-20260909-restart-1600/temporal-reset/.specula-output/confirmation/CR-2/worktree/service/history/replication/stream_receiver_monitor.go:115"}
2026-09-10T01:30:21.302Z	info	Replication task fetchers stopped.	{"logging-call-at": "/home/ubuntu/temporal-investigation-20260909/overnight-20260909/specula-engine/runs/temporal-reset-20260909-restart-1600/temporal-reset/.specula-output/confirmation/CR-2/worktree/service/history/replication/task_fetcher.go:136"}
2026-09-10T01:30:21.302Z	info	none	{"address": "127.0.0.1:42237", "component": "shard-controller", "lifecycle": "Stopping", "logging-call-at": "/home/ubuntu/temporal-investigation-20260909/overnight-20260909/specula-engine/runs/temporal-reset-20260909-restart-1600/temporal-reset/.specula-output/confirmation/CR-2/worktree/service/history/shard/controller_impl.go:529"}
2026-09-10T01:30:21.302Z	info	none	{"address": "127.0.0.1:42237", "component": "shard-context", "lifecycle": "Stopped", "shard-id": 1, "logging-call-at": "/home/ubuntu/temporal-investigation-20260909/overnight-20260909/specula-engine/runs/temporal-reset-20260909-restart-1600/temporal-reset/.specula-output/confirmation/CR-2/worktree/service/history/shard/context_impl.go:1783"}
2026-09-10T01:30:21.302Z	info	none	{"address": "127.0.0.1:42237", "component": "shard-engine", "lifecycle": "Stopping", "shard-id": 1, "logging-call-at": "/home/ubuntu/temporal-investigation-20260909/overnight-20260909/specula-engine/runs/temporal-reset-20260909-restart-1600/temporal-reset/.specula-output/confirmation/CR-2/worktree/service/history/shard/context_impl.go:1631"}
2026-09-10T01:30:21.302Z	info	none	{"address": "127.0.0.1:42237", "component": "history-engine", "lifecycle": "Stopping", "shard-id": 1, "logging-call-at": "/home/ubuntu/temporal-investigation-20260909/overnight-20260909/specula-engine/runs/temporal-reset-20260909-restart-1600/temporal-reset/.specula-output/confirmation/CR-2/worktree/service/history/history_engine.go:407"}
2026-09-10T01:30:21.302Z	info	none	{"address": "127.0.0.1:42237", "component": "timer-queue-processor", "lifecycle": "Stopping", "shard-id": 1, "logging-call-at": "/home/ubuntu/temporal-investigation-20260909/overnight-20260909/specula-engine/runs/temporal-reset-20260909-restart-1600/temporal-reset/.specula-output/confirmation/CR-2/worktree/service/history/queues/queue_scheduled.go:146"}
2026-09-10T01:30:21.302Z	info	queue reader stopped	{"address": "127.0.0.1:42237", "component": "timer-queue-processor", "lifecycle": "Stopped", "queue-reader-id": 0, "shard-id": 1, "logging-call-at": "/home/ubuntu/temporal-investigation-20260909/overnight-20260909/specula-engine/runs/temporal-reset-20260909-restart-1600/temporal-reset/.specula-output/confirmation/CR-2/worktree/service/history/queues/reader.go:177"}
2026-09-10T01:30:21.302Z	info	Task rescheduler stopped.	{"address": "127.0.0.1:42237", "component": "timer-queue-processor", "lifecycle": "Stopped", "shard-id": 1, "logging-call-at": "/home/ubuntu/temporal-investigation-20260909/overnight-20260909/specula-engine/runs/temporal-reset-20260909-restart-1600/temporal-reset/.specula-output/confirmation/CR-2/worktree/service/history/queues/rescheduler.go:117"}
2026-09-10T01:30:21.302Z	info	none	{"address": "127.0.0.1:42237", "component": "timer-queue-processor", "lifecycle": "Stopped", "shard-id": 1, "logging-call-at": "/home/ubuntu/temporal-investigation-20260909/overnight-20260909/specula-engine/runs/temporal-reset-20260909-restart-1600/temporal-reset/.specula-output/confirmation/CR-2/worktree/service/history/queues/queue_scheduled.go:157"}
2026-09-10T01:30:21.302Z	info	none	{"component": "memory-scheduled-queue-processor", "lifecycle": "Stopping", "service": "history", "logging-call-at": "/home/ubuntu/temporal-investigation-20260909/overnight-20260909/specula-engine/runs/temporal-reset-20260909-restart-1600/temporal-reset/.specula-output/confirmation/CR-2/worktree/service/history/queues/memory_scheduled_queue.go:91"}
2026-09-10T01:30:21.302Z	info	none	{"component": "memory-scheduled-queue-processor", "lifecycle": "Stopped", "service": "history", "logging-call-at": "/home/ubuntu/temporal-investigation-20260909/overnight-20260909/specula-engine/runs/temporal-reset-20260909-restart-1600/temporal-reset/.specula-output/confirmation/CR-2/worktree/service/history/queues/memory_scheduled_queue.go:99"}
2026-09-10T01:30:21.302Z	info	none	{"address": "127.0.0.1:42237", "component": "visibility-queue-processor", "lifecycle": "Stopping", "shard-id": 1, "logging-call-at": "/home/ubuntu/temporal-investigation-20260909/overnight-20260909/specula-engine/runs/temporal-reset-20260909-restart-1600/temporal-reset/.specula-output/confirmation/CR-2/worktree/service/history/queues/queue_immediate.go:112"}
2026-09-10T01:30:21.302Z	info	queue reader stopped	{"address": "127.0.0.1:42237", "component": "visibility-queue-processor", "lifecycle": "Stopped", "queue-reader-id": 0, "shard-id": 1, "logging-call-at": "/home/ubuntu/temporal-investigation-20260909/overnight-20260909/specula-engine/runs/temporal-reset-20260909-restart-1600/temporal-reset/.specula-output/confirmation/CR-2/worktree/service/history/queues/reader.go:177"}
2026-09-10T01:30:21.302Z	info	Task rescheduler stopped.	{"address": "127.0.0.1:42237", "component": "visibility-queue-processor", "lifecycle": "Stopped", "shard-id": 1, "logging-call-at": "/home/ubuntu/temporal-investigation-20260909/overnight-20260909/specula-engine/runs/temporal-reset-20260909-restart-1600/temporal-reset/.specula-output/confirmation/CR-2/worktree/service/history/queues/rescheduler.go:117"}
2026-09-10T01:30:21.302Z	info	none	{"address": "127.0.0.1:42237", "component": "visibility-queue-processor", "lifecycle": "Stopped", "shard-id": 1, "logging-call-at": "/home/ubuntu/temporal-investigation-20260909/overnight-20260909/specula-engine/runs/temporal-reset-20260909-restart-1600/temporal-reset/.specula-output/confirmation/CR-2/worktree/service/history/queues/queue_immediate.go:122"}
2026-09-10T01:30:21.302Z	info	none	{"address": "127.0.0.1:42237", "component": "transfer-queue-processor", "lifecycle": "Stopping", "shard-id": 1, "logging-call-at": "/home/ubuntu/temporal-investigation-20260909/overnight-20260909/specula-engine/runs/temporal-reset-20260909-restart-1600/temporal-reset/.specula-output/confirmation/CR-2/worktree/service/history/queues/queue_immediate.go:112"}
2026-09-10T01:30:21.302Z	info	queue reader stopped	{"address": "127.0.0.1:42237", "component": "transfer-queue-processor", "lifecycle": "Stopped", "queue-reader-id": 0, "shard-id": 1, "logging-call-at": "/home/ubuntu/temporal-investigation-20260909/overnight-20260909/specula-engine/runs/temporal-reset-20260909-restart-1600/temporal-reset/.specula-output/confirmation/CR-2/worktree/service/history/queues/reader.go:177"}
2026-09-10T01:30:21.302Z	info	Task rescheduler stopped.	{"address": "127.0.0.1:42237", "component": "transfer-queue-processor", "lifecycle": "Stopped", "shard-id": 1, "logging-call-at": "/home/ubuntu/temporal-investigation-20260909/overnight-20260909/specula-engine/runs/temporal-reset-20260909-restart-1600/temporal-reset/.specula-output/confirmation/CR-2/worktree/service/history/queues/rescheduler.go:117"}
2026-09-10T01:30:21.302Z	info	none	{"address": "127.0.0.1:42237", "component": "transfer-queue-processor", "lifecycle": "Stopped", "shard-id": 1, "logging-call-at": "/home/ubuntu/temporal-investigation-20260909/overnight-20260909/specula-engine/runs/temporal-reset-20260909-restart-1600/temporal-reset/.specula-output/confirmation/CR-2/worktree/service/history/queues/queue_immediate.go:122"}
2026-09-10T01:30:21.302Z	info	none	{"address": "127.0.0.1:42237", "component": "outbound-queue-processor", "lifecycle": "Stopping", "shard-id": 1, "logging-call-at": "/home/ubuntu/temporal-investigation-20260909/overnight-20260909/specula-engine/runs/temporal-reset-20260909-restart-1600/temporal-reset/.specula-output/confirmation/CR-2/worktree/service/history/queues/queue_immediate.go:112"}
2026-09-10T01:30:21.302Z	info	queue reader stopped	{"address": "127.0.0.1:42237", "component": "outbound-queue-processor", "lifecycle": "Stopped", "queue-reader-id": 0, "shard-id": 1, "logging-call-at": "/home/ubuntu/temporal-investigation-20260909/overnight-20260909/specula-engine/runs/temporal-reset-20260909-restart-1600/temporal-reset/.specula-output/confirmation/CR-2/worktree/service/history/queues/reader.go:177"}
2026-09-10T01:30:21.302Z	info	Task rescheduler stopped.	{"address": "127.0.0.1:42237", "component": "outbound-queue-processor", "lifecycle": "Stopped", "shard-id": 1, "logging-call-at": "/home/ubuntu/temporal-investigation-20260909/overnight-20260909/specula-engine/runs/temporal-reset-20260909-restart-1600/temporal-reset/.specula-output/confirmation/CR-2/worktree/service/history/queues/rescheduler.go:117"}
2026-09-10T01:30:21.302Z	info	none	{"address": "127.0.0.1:42237", "component": "outbound-queue-processor", "lifecycle": "Stopped", "shard-id": 1, "logging-call-at": "/home/ubuntu/temporal-investigation-20260909/overnight-20260909/specula-engine/runs/temporal-reset-20260909-restart-1600/temporal-reset/.specula-output/confirmation/CR-2/worktree/service/history/queues/queue_immediate.go:122"}
2026-09-10T01:30:21.302Z	info	none	{"address": "127.0.0.1:42237", "component": "history-engine", "lifecycle": "Stopped", "shard-id": 1, "logging-call-at": "/home/ubuntu/temporal-investigation-20260909/overnight-20260909/specula-engine/runs/temporal-reset-20260909-restart-1600/temporal-reset/.specula-output/confirmation/CR-2/worktree/service/history/history_engine.go:416"}
2026-09-10T01:30:21.302Z	info	none	{"address": "127.0.0.1:42237", "component": "shard-engine", "lifecycle": "Stopped", "shard-id": 1, "logging-call-at": "/home/ubuntu/temporal-investigation-20260909/overnight-20260909/specula-engine/runs/temporal-reset-20260909-restart-1600/temporal-reset/.specula-output/confirmation/CR-2/worktree/service/history/shard/context_impl.go:1633"}
2026-09-10T01:30:21.302Z	debug	finalizer starting	{"address": "127.0.0.1:42237", "items": 1, "shard-id": 1, "timeout": 2, "logging-call-at": "/home/ubuntu/temporal-investigation-20260909/overnight-20260909/specula-engine/runs/temporal-reset-20260909-restart-1600/temporal-reset/.specula-output/confirmation/CR-2/worktree/common/finalizer/finalizer.go:108"}
2026-09-10T01:30:21.302Z	debug	finalizer completed	{"address": "127.0.0.1:42237", "completed": 1, "shard-id": 1, "logging-call-at": "/home/ubuntu/temporal-investigation-20260909/overnight-20260909/specula-engine/runs/temporal-reset-20260909-restart-1600/temporal-reset/.specula-output/confirmation/CR-2/worktree/common/finalizer/finalizer.go:152"}
2026-09-10T01:30:21.302Z	info	none	{"address": "127.0.0.1:42237", "component": "shard-controller", "lifecycle": "Stopped", "logging-call-at": "/home/ubuntu/temporal-investigation-20260909/overnight-20260909/specula-engine/runs/temporal-reset-20260909-restart-1600/temporal-reset/.specula-output/confirmation/CR-2/worktree/service/history/shard/controller_impl.go:126"}
2026-09-10T01:30:21.302Z	info	history stopped	{"logging-call-at": "/home/ubuntu/temporal-investigation-20260909/overnight-20260909/specula-engine/runs/temporal-reset-20260909-restart-1600/temporal-reset/.specula-output/confirmation/CR-2/worktree/service/history/service.go:175"}
2026-09-10T01:30:21.302Z	info	RuntimeMetricsReporter stopped	{"service": "history", "logging-call-at": "/home/ubuntu/temporal-investigation-20260909/overnight-20260909/specula-engine/runs/temporal-reset-20260909-restart-1600/temporal-reset/.specula-output/confirmation/CR-2/worktree/common/metrics/runtime.go:127"}
2026-09-10T01:30:21.302Z	info	Update worker pool size	{"key": "worker-pool-size", "service": "history", "value": 0, "logging-call-at": "/home/ubuntu/temporal-investigation-20260909/overnight-20260909/specula-engine/runs/temporal-reset-20260909-restart-1600/temporal-reset/.specula-output/confirmation/CR-2/worktree/common/tasks/fifo_scheduler.go:138"}
2026-09-10T01:30:21.302Z	warn	network dial error	{"address": "127.0.0.1:42237", "connectAddr": "127.0.0.1:42237", "connectDuration": 0.000058466, "connectErr": "dial tcp 127.0.0.1:42237: connect: connection refused", "error": "dial tcp 127.0.0.1:42237: connect: connection refused", "error-type": "net.OpError", "service": "client", "totalDuration": 0.000062081, "logging-call-at": "/home/ubuntu/temporal-investigation-20260909/overnight-20260909/specula-engine/runs/temporal-reset-20260909-restart-1600/temporal-reset/.specula-output/confirmation/CR-2/worktree/common/rpc/dial_tracer.go:73"}
2026-09-10T01:30:21.302Z	info	fifo scheduler stopped	{"service": "history", "logging-call-at": "/home/ubuntu/temporal-investigation-20260909/overnight-20260909/specula-engine/runs/temporal-reset-20260909-restart-1600/temporal-reset/.specula-output/confirmation/CR-2/worktree/common/tasks/fifo_scheduler.go:89"}
2026-09-10T01:30:21.302Z	info	execution queue scheduler stopped	{"service": "history", "logging-call-at": "/home/ubuntu/temporal-investigation-20260909/overnight-20260909/specula-engine/runs/temporal-reset-20260909-restart-1600/temporal-reset/.specula-output/confirmation/CR-2/worktree/common/tasks/execution_queue_scheduler.go:109"}
2026-09-10T01:30:21.302Z	info	interleaved weighted round robin task scheduler stopped	{"service": "history", "logging-call-at": "/home/ubuntu/temporal-investigation-20260909/overnight-20260909/specula-engine/runs/temporal-reset-20260909-restart-1600/temporal-reset/.specula-output/confirmation/CR-2/worktree/common/tasks/interleaved_weighted_round_robin.go:137"}
2026-09-10T01:30:21.302Z	info	Update worker pool size	{"key": "worker-pool-size", "service": "history", "value": 0, "logging-call-at": "/home/ubuntu/temporal-investigation-20260909/overnight-20260909/specula-engine/runs/temporal-reset-20260909-restart-1600/temporal-reset/.specula-output/confirmation/CR-2/worktree/common/tasks/fifo_scheduler.go:138"}
2026-09-10T01:30:21.302Z	info	fifo scheduler stopped	{"service": "history", "logging-call-at": "/home/ubuntu/temporal-investigation-20260909/overnight-20260909/specula-engine/runs/temporal-reset-20260909-restart-1600/temporal-reset/.specula-output/confirmation/CR-2/worktree/common/tasks/fifo_scheduler.go:89"}
2026-09-10T01:30:21.302Z	info	execution queue scheduler stopped	{"service": "history", "logging-call-at": "/home/ubuntu/temporal-investigation-20260909/overnight-20260909/specula-engine/runs/temporal-reset-20260909-restart-1600/temporal-reset/.specula-output/confirmation/CR-2/worktree/common/tasks/execution_queue_scheduler.go:109"}
2026-09-10T01:30:21.302Z	info	interleaved weighted round robin task scheduler stopped	{"service": "history", "logging-call-at": "/home/ubuntu/temporal-investigation-20260909/overnight-20260909/specula-engine/runs/temporal-reset-20260909-restart-1600/temporal-reset/.specula-output/confirmation/CR-2/worktree/common/tasks/interleaved_weighted_round_robin.go:137"}
2026-09-10T01:30:21.302Z	debug	GroupByScheduler shutdown complete	{"service": "history", "logging-call-at": "/home/ubuntu/temporal-investigation-20260909/overnight-20260909/specula-engine/runs/temporal-reset-20260909-restart-1600/temporal-reset/.specula-output/confirmation/CR-2/worktree/common/tasks/group_by_scheduler.go:62"}
2026-09-10T01:30:21.302Z	info	Update worker pool size	{"key": "worker-pool-size", "service": "history", "value": 0, "logging-call-at": "/home/ubuntu/temporal-investigation-20260909/overnight-20260909/specula-engine/runs/temporal-reset-20260909-restart-1600/temporal-reset/.specula-output/confirmation/CR-2/worktree/common/tasks/fifo_scheduler.go:138"}
2026-09-10T01:30:21.302Z	info	fifo scheduler stopped	{"service": "history", "logging-call-at": "/home/ubuntu/temporal-investigation-20260909/overnight-20260909/specula-engine/runs/temporal-reset-20260909-restart-1600/temporal-reset/.specula-output/confirmation/CR-2/worktree/common/tasks/fifo_scheduler.go:89"}
2026-09-10T01:30:21.302Z	info	execution queue scheduler stopped	{"service": "history", "logging-call-at": "/home/ubuntu/temporal-investigation-20260909/overnight-20260909/specula-engine/runs/temporal-reset-20260909-restart-1600/temporal-reset/.specula-output/confirmation/CR-2/worktree/common/tasks/execution_queue_scheduler.go:109"}
2026-09-10T01:30:21.302Z	info	interleaved weighted round robin task scheduler stopped	{"service": "history", "logging-call-at": "/home/ubuntu/temporal-investigation-20260909/overnight-20260909/specula-engine/runs/temporal-reset-20260909-restart-1600/temporal-reset/.specula-output/confirmation/CR-2/worktree/common/tasks/interleaved_weighted_round_robin.go:137"}
2026-09-10T01:30:21.302Z	info	Update worker pool size	{"component": "memory-scheduled-queue-processor", "key": "worker-pool-size", "service": "history", "value": 0, "logging-call-at": "/home/ubuntu/temporal-investigation-20260909/overnight-20260909/specula-engine/runs/temporal-reset-20260909-restart-1600/temporal-reset/.specula-output/confirmation/CR-2/worktree/common/tasks/fifo_scheduler.go:138"}
2026-09-10T01:30:21.302Z	info	fifo scheduler stopped	{"component": "memory-scheduled-queue-processor", "service": "history", "logging-call-at": "/home/ubuntu/temporal-investigation-20260909/overnight-20260909/specula-engine/runs/temporal-reset-20260909-restart-1600/temporal-reset/.specula-output/confirmation/CR-2/worktree/common/tasks/fifo_scheduler.go:89"}
2026-09-10T01:30:21.302Z	info	Update worker pool size	{"key": "worker-pool-size", "value": 0, "logging-call-at": "/home/ubuntu/temporal-investigation-20260909/overnight-20260909/specula-engine/runs/temporal-reset-20260909-restart-1600/temporal-reset/.specula-output/confirmation/CR-2/worktree/common/tasks/sequential_scheduler.go:228"}
2026-09-10T01:30:21.303Z	info	sequential scheduler stopped	{"logging-call-at": "/home/ubuntu/temporal-investigation-20260909/overnight-20260909/specula-engine/runs/temporal-reset-20260909-restart-1600/temporal-reset/.specula-output/confirmation/CR-2/worktree/common/tasks/sequential_scheduler.go:104"}
2026-09-10T01:30:21.303Z	info	interleaved weighted round robin task scheduler stopped	{"logging-call-at": "/home/ubuntu/temporal-investigation-20260909/overnight-20260909/specula-engine/runs/temporal-reset-20260909-restart-1600/temporal-reset/.specula-output/confirmation/CR-2/worktree/common/tasks/interleaved_weighted_round_robin.go:137"}
2026-09-10T01:30:21.303Z	info	Update worker pool size	{"key": "worker-pool-size", "value": 0, "logging-call-at": "/home/ubuntu/temporal-investigation-20260909/overnight-20260909/specula-engine/runs/temporal-reset-20260909-restart-1600/temporal-reset/.specula-output/confirmation/CR-2/worktree/common/tasks/sequential_scheduler.go:228"}
2026-09-10T01:30:21.303Z	info	sequential scheduler stopped	{"logging-call-at": "/home/ubuntu/temporal-investigation-20260909/overnight-20260909/specula-engine/runs/temporal-reset-20260909-restart-1600/temporal-reset/.specula-output/confirmation/CR-2/worktree/common/tasks/sequential_scheduler.go:104"}
2026-09-10T01:30:21.303Z	info	interleaved weighted round robin task scheduler stopped	{"logging-call-at": "/home/ubuntu/temporal-investigation-20260909/overnight-20260909/specula-engine/runs/temporal-reset-20260909-restart-1600/temporal-reset/.specula-output/confirmation/CR-2/worktree/common/tasks/interleaved_weighted_round_robin.go:137"}
2026-09-10T01:30:21.303Z	info	ShutdownHandler: Evicting self from membership ring immediately	{"service": "matching", "logging-call-at": "/home/ubuntu/temporal-investigation-20260909/overnight-20260909/specula-engine/runs/temporal-reset-20260909-restart-1600/temporal-reset/.specula-output/confirmation/CR-2/worktree/service/matching/service.go:97"}
2026-09-10T01:30:21.303Z	info	ShutdownHandler: Waiting for others to discover I am unhealthy	{"service": "matching", "logging-call-at": "/home/ubuntu/temporal-investigation-20260909/overnight-20260909/specula-engine/runs/temporal-reset-20260909-restart-1600/temporal-reset/.specula-output/confirmation/CR-2/worktree/service/matching/service.go:105"}
2026-09-10T01:30:21.303Z	info	Stopped physicalTaskQueueManager	{"backlog": "priority", "cause": "ShuttingDown", "component": "matching-engine", "lifecycle": "Stopped", "wf-namespace": "TestWorkflowResetTestSuite-TestAnalysisMissingCurrentRecovery-create-rejected-2ecd97f4-fc10-4ccc-a63f-0a63e37c172d", "wf-task-queue-name": "TestWorkflowResetTestSuite/TestAnalysisMissingCurrentRecovery/create-rejected_task_queue", "wf-task-queue-type": "Activity", "worker-version": "_unversioned_", "logging-call-at": "/home/ubuntu/temporal-investigation-20260909/overnight-20260909/specula-engine/runs/temporal-reset-20260909-restart-1600/temporal-reset/.specula-output/confirmation/CR-2/worktree/service/matching/physical_task_queue_manager.go:341"}
2026-09-10T01:30:21.303Z	debug	user data changed while blocked in long poll	{"component": "matching-engine", "wf-namespace": "TestWorkflowResetTestSuite-TestAnalysisMissingCurrentRecovery-create-rejected-2ecd97f4-fc10-4ccc-a63f-0a63e37c172d", "wf-task-queue-name": "TestWorkflowResetTestSuite/TestAnalysisMissingCurrentRecovery/create-rejected_task_queue", "wf-task-queue-type": "Activity", "logging-call-at": "/home/ubuntu/temporal-investigation-20260909/overnight-20260909/specula-engine/runs/temporal-reset-20260909-restart-1600/temporal-reset/.specula-output/confirmation/CR-2/worktree/service/matching/user_data_manager.go:657"}
2026-09-10T01:30:21.303Z	debug	user data changed while blocked in long poll	{"component": "matching-engine", "wf-namespace": "TestWorkflowResetTestSuite-TestAnalysisMissingCurrentRecovery-create-rejected-2ecd97f4-fc10-4ccc-a63f-0a63e37c172d", "wf-task-queue-name": "TestWorkflowResetTestSuite/TestAnalysisMissingCurrentRecovery/create-rejected_task_queue", "wf-task-queue-type": "Activity", "logging-call-at": "/home/ubuntu/temporal-investigation-20260909/overnight-20260909/specula-engine/runs/temporal-reset-20260909-restart-1600/temporal-reset/.specula-output/confirmation/CR-2/worktree/service/matching/user_data_manager.go:657"}
2026-09-10T01:30:21.303Z	debug	returning empty user data (closing)	{"component": "matching-engine", "long-poll": true, "wf-namespace": "TestWorkflowResetTestSuite-TestAnalysisMissingCurrentRecovery-create-rejected-2ecd97f4-fc10-4ccc-a63f-0a63e37c172d", "wf-task-queue-name": "TestWorkflowResetTestSuite/TestAnalysisMissingCurrentRecovery/create-rejected_task_queue", "wf-task-queue-type": "Activity", "logging-call-at": "/home/ubuntu/temporal-investigation-20260909/overnight-20260909/specula-engine/runs/temporal-reset-20260909-restart-1600/temporal-reset/.specula-output/confirmation/CR-2/worktree/service/matching/user_data_manager.go:601"}
2026-09-10T01:30:21.303Z	info	Stopped physicalTaskQueueManager	{"backlog": "priority", "cause": "ShuttingDown", "component": "matching-engine", "lifecycle": "Stopped", "wf-namespace": "TestWorkflowResetTestSuite-TestAnalysisMissingCurrentRecovery-create-rejected-2ecd97f4-fc10-4ccc-a63f-0a63e37c172d", "wf-task-queue-name": "/_sys/TestWorkflowResetTestSuite/TestAnalysisMissingCurrentRecovery/create-rejected_task_queue/2", "wf-task-queue-type": "Activity", "worker-version": "_unversioned_", "logging-call-at": "/home/ubuntu/temporal-investigation-20260909/overnight-20260909/specula-engine/runs/temporal-reset-20260909-restart-1600/temporal-reset/.specula-output/confirmation/CR-2/worktree/service/matching/physical_task_queue_manager.go:341"}
2026-09-10T01:30:21.303Z	debug	returning empty user data (closing)	{"component": "matching-engine", "long-poll": true, "wf-namespace": "TestWorkflowResetTestSuite-TestAnalysisMissingCurrentRecovery-create-rejected-2ecd97f4-fc10-4ccc-a63f-0a63e37c172d", "wf-task-queue-name": "TestWorkflowResetTestSuite/TestAnalysisMissingCurrentRecovery/create-rejected_task_queue", "wf-task-queue-type": "Activity", "logging-call-at": "/home/ubuntu/temporal-investigation-20260909/overnight-20260909/specula-engine/runs/temporal-reset-20260909-restart-1600/temporal-reset/.specula-output/confirmation/CR-2/worktree/service/matching/user_data_manager.go:601"}
2026-09-10T01:30:21.303Z	debug	user data changed while blocked in long poll	{"component": "matching-engine", "wf-namespace": "TestWorkflowResetTestSuite-TestAnalysisMissingCurrentRecovery-create-rejected-2ecd97f4-fc10-4ccc-a63f-0a63e37c172d", "wf-task-queue-name": "TestWorkflowResetTestSuite/TestAnalysisMissingCurrentRecovery/create-rejected_task_queue", "wf-task-queue-type": "Activity", "logging-call-at": "/home/ubuntu/temporal-investigation-20260909/overnight-20260909/specula-engine/runs/temporal-reset-20260909-restart-1600/temporal-reset/.specula-output/confirmation/CR-2/worktree/service/matching/user_data_manager.go:657"}
2026-09-10T01:30:21.303Z	info	Stopped physicalTaskQueueManager	{"backlog": "priority", "cause": "ShuttingDown", "component": "matching-engine", "lifecycle": "Stopped", "wf-namespace": "TestWorkflowResetTestSuite-TestAnalysisMissingCurrentRecovery-create-rejected-2ecd97f4-fc10-4ccc-a63f-0a63e37c172d", "wf-task-queue-name": "/_sys/TestWorkflowResetTestSuite/TestAnalysisMissingCurrentRecovery/create-rejected_task_queue/3", "wf-task-queue-type": "Activity", "worker-version": "_unversioned_", "logging-call-at": "/home/ubuntu/temporal-investigation-20260909/overnight-20260909/specula-engine/runs/temporal-reset-20260909-restart-1600/temporal-reset/.specula-output/confirmation/CR-2/worktree/service/matching/physical_task_queue_manager.go:341"}
2026-09-10T01:30:21.303Z	debug	returning empty user data (closing)	{"component": "matching-engine", "long-poll": true, "wf-namespace": "TestWorkflowResetTestSuite-TestAnalysisMissingCurrentRecovery-create-rejected-2ecd97f4-fc10-4ccc-a63f-0a63e37c172d", "wf-task-queue-name": "TestWorkflowResetTestSuite/TestAnalysisMissingCurrentRecovery/create-rejected_task_queue", "wf-task-queue-type": "Activity", "logging-call-at": "/home/ubuntu/temporal-investigation-20260909/overnight-20260909/specula-engine/runs/temporal-reset-20260909-restart-1600/temporal-reset/.specula-output/confirmation/CR-2/worktree/service/matching/user_data_manager.go:601"}
2026-09-10T01:30:21.303Z	debug	fetched user data from parent, no change	{"component": "matching-engine", "wf-namespace": "TestWorkflowResetTestSuite-TestAnalysisMissingCurrentRecovery-create-rejected-2ecd97f4-fc10-4ccc-a63f-0a63e37c172d", "wf-task-queue-name": "/_sys/TestWorkflowResetTestSuite/TestAnalysisMissingCurrentRecovery/create-rejected_task_queue/3", "wf-task-queue-type": "Activity", "logging-call-at": "/home/ubuntu/temporal-investigation-20260909/overnight-20260909/specula-engine/runs/temporal-reset-20260909-restart-1600/temporal-reset/.specula-output/confirmation/CR-2/worktree/service/matching/user_data_manager.go:351"}
2026-09-10T01:30:21.303Z	debug	returning empty user data (expired)	{"component": "matching-engine", "request-known-version": 0, "user-data-version": 0, "wf-namespace": "TestWorkflowResetTestSuite-TestAnalysisMissingCurrentRecovery-create-rejected-2ecd97f4-fc10-4ccc-a63f-0a63e37c172d", "wf-task-queue-name": "TestWorkflowResetTestSuite/TestAnalysisMissingCurrentRecovery/create-rejected_task_queue", "wf-task-queue-type": "Workflow", "logging-call-at": "/home/ubuntu/temporal-investigation-20260909/overnight-20260909/specula-engine/runs/temporal-reset-20260909-restart-1600/temporal-reset/.specula-output/confirmation/CR-2/worktree/service/matching/user_data_manager.go:651"}
2026-09-10T01:30:21.303Z	info	Stopped physicalTaskQueueManager	{"backlog": "priority", "cause": "ShuttingDown", "component": "matching-engine", "lifecycle": "Stopped", "wf-namespace": "TestWorkflowResetTestSuite-TestAnalysisMissingCurrentRecovery-create-rejected-2ecd97f4-fc10-4ccc-a63f-0a63e37c172d", "wf-task-queue-name": "/_sys/TestWorkflowResetTestSuite/TestAnalysisMissingCurrentRecovery/create-rejected_task_queue/1", "wf-task-queue-type": "Activity", "worker-version": "_unversioned_", "logging-call-at": "/home/ubuntu/temporal-investigation-20260909/overnight-20260909/specula-engine/runs/temporal-reset-20260909-restart-1600/temporal-reset/.specula-output/confirmation/CR-2/worktree/service/matching/physical_task_queue_manager.go:341"}
2026-09-10T01:30:21.303Z	debug	fetched user data from parent, no change	{"component": "matching-engine", "wf-namespace": "TestWorkflowResetTestSuite-TestAnalysisMissingCurrentRecovery-create-rejected-2ecd97f4-fc10-4ccc-a63f-0a63e37c172d", "wf-task-queue-name": "/_sys/TestWorkflowResetTestSuite/TestAnalysisMissingCurrentRecovery/create-rejected_task_queue/1", "wf-task-queue-type": "Activity", "logging-call-at": "/home/ubuntu/temporal-investigation-20260909/overnight-20260909/specula-engine/runs/temporal-reset-20260909-restart-1600/temporal-reset/.specula-output/confirmation/CR-2/worktree/service/matching/user_data_manager.go:351"}
2026-09-10T01:30:21.303Z	info	Stopped physicalTaskQueueManager	{"backlog": "priority", "cause": "ShuttingDown", "component": "matching-engine", "lifecycle": "Stopped", "wf-namespace": "TestWorkflowResetTestSuite-TestAnalysisMissingCurrentRecovery-create-rejected-2ecd97f4-fc10-4ccc-a63f-0a63e37c172d", "wf-task-queue-name": "/_sys/TestWorkflowResetTestSuite/TestAnalysisMissingCurrentRecovery/create-rejected_task_queue/3", "wf-task-queue-type": "Workflow", "worker-version": "_unversioned_", "logging-call-at": "/home/ubuntu/temporal-investigation-20260909/overnight-20260909/specula-engine/runs/temporal-reset-20260909-restart-1600/temporal-reset/.specula-output/confirmation/CR-2/worktree/service/matching/physical_task_queue_manager.go:341"}
2026-09-10T01:30:21.304Z	debug	returning empty user data (expired)	{"component": "matching-engine", "request-known-version": 0, "user-data-version": 0, "wf-namespace": "TestWorkflowResetTestSuite-TestAnalysisMissingCurrentRecovery-create-rejected-2ecd97f4-fc10-4ccc-a63f-0a63e37c172d", "wf-task-queue-name": "TestWorkflowResetTestSuite/TestAnalysisMissingCurrentRecovery/create-rejected_task_queue", "wf-task-queue-type": "Workflow", "logging-call-at": "/home/ubuntu/temporal-investigation-20260909/overnight-20260909/specula-engine/runs/temporal-reset-20260909-restart-1600/temporal-reset/.specula-output/confirmation/CR-2/worktree/service/matching/user_data_manager.go:651"}
2026-09-10T01:30:21.304Z	info	Stopped physicalTaskQueueManager	{"backlog": "priority", "cause": "ShuttingDown", "component": "matching-engine", "lifecycle": "Stopped", "wf-namespace": "TestWorkflowResetTestSuite-TestAnalysisMissingCurrentRecovery-create-rejected-2ecd97f4-fc10-4ccc-a63f-0a63e37c172d", "wf-task-queue-name": "TestWorkflowResetTestSuite/TestAnalysisMissingCurrentRecovery/create-rejected_task_queue", "wf-task-queue-type": "Workflow", "worker-version": "_unversioned_", "logging-call-at": "/home/ubuntu/temporal-investigation-20260909/overnight-20260909/specula-engine/runs/temporal-reset-20260909-restart-1600/temporal-reset/.specula-output/confirmation/CR-2/worktree/service/matching/physical_task_queue_manager.go:341"}
2026-09-10T01:30:21.304Z	debug	user data changed while blocked in long poll	{"component": "matching-engine", "wf-namespace": "TestWorkflowResetTestSuite-TestAnalysisMissingCurrentRecovery-create-rejected-2ecd97f4-fc10-4ccc-a63f-0a63e37c172d", "wf-task-queue-name": "TestWorkflowResetTestSuite/TestAnalysisMissingCurrentRecovery/create-rejected_task_queue", "wf-task-queue-type": "Workflow", "logging-call-at": "/home/ubuntu/temporal-investigation-20260909/overnight-20260909/specula-engine/runs/temporal-reset-20260909-restart-1600/temporal-reset/.specula-output/confirmation/CR-2/worktree/service/matching/user_data_manager.go:657"}
2026-09-10T01:30:21.304Z	debug	returning empty user data (closing)	{"component": "matching-engine", "long-poll": true, "wf-namespace": "TestWorkflowResetTestSuite-TestAnalysisMissingCurrentRecovery-create-rejected-2ecd97f4-fc10-4ccc-a63f-0a63e37c172d", "wf-task-queue-name": "TestWorkflowResetTestSuite/TestAnalysisMissingCurrentRecovery/create-rejected_task_queue", "wf-task-queue-type": "Workflow", "logging-call-at": "/home/ubuntu/temporal-investigation-20260909/overnight-20260909/specula-engine/runs/temporal-reset-20260909-restart-1600/temporal-reset/.specula-output/confirmation/CR-2/worktree/service/matching/user_data_manager.go:601"}
2026-09-10T01:30:21.304Z	debug	user data changed while blocked in long poll	{"component": "matching-engine", "wf-namespace": "TestWorkflowResetTestSuite-TestAnalysisMissingCurrentRecovery-create-rejected-2ecd97f4-fc10-4ccc-a63f-0a63e37c172d", "wf-task-queue-name": "TestWorkflowResetTestSuite/TestAnalysisMissingCurrentRecovery/create-rejected_task_queue", "wf-task-queue-type": "Workflow", "logging-call-at": "/home/ubuntu/temporal-investigation-20260909/overnight-20260909/specula-engine/runs/temporal-reset-20260909-restart-1600/temporal-reset/.specula-output/confirmation/CR-2/worktree/service/matching/user_data_manager.go:657"}
2026-09-10T01:30:21.304Z	info	Stopped physicalTaskQueueManager	{"backlog": "priority", "cause": "ShuttingDown", "component": "matching-engine", "lifecycle": "Stopped", "wf-namespace": "TestWorkflowResetTestSuite-TestAnalysisMissingCurrentRecovery-create-rejected-2ecd97f4-fc10-4ccc-a63f-0a63e37c172d", "wf-task-queue-name": "/_sys/TestWorkflowResetTestSuite/TestAnalysisMissingCurrentRecovery/create-rejected_task_queue/2", "wf-task-queue-type": "Workflow", "worker-version": "_unversioned_", "logging-call-at": "/home/ubuntu/temporal-investigation-20260909/overnight-20260909/specula-engine/runs/temporal-reset-20260909-restart-1600/temporal-reset/.specula-output/confirmation/CR-2/worktree/service/matching/physical_task_queue_manager.go:341"}
2026-09-10T01:30:21.304Z	debug	returning empty user data (closing)	{"component": "matching-engine", "long-poll": true, "wf-namespace": "TestWorkflowResetTestSuite-TestAnalysisMissingCurrentRecovery-create-rejected-2ecd97f4-fc10-4ccc-a63f-0a63e37c172d", "wf-task-queue-name": "TestWorkflowResetTestSuite/TestAnalysisMissingCurrentRecovery/create-rejected_task_queue", "wf-task-queue-type": "Workflow", "logging-call-at": "/home/ubuntu/temporal-investigation-20260909/overnight-20260909/specula-engine/runs/temporal-reset-20260909-restart-1600/temporal-reset/.specula-output/confirmation/CR-2/worktree/service/matching/user_data_manager.go:601"}
2026-09-10T01:30:21.304Z	debug	fetched user data from parent, no change	{"component": "matching-engine", "wf-namespace": "TestWorkflowResetTestSuite-TestAnalysisMissingCurrentRecovery-create-rejected-2ecd97f4-fc10-4ccc-a63f-0a63e37c172d", "wf-task-queue-name": "/_sys/TestWorkflowResetTestSuite/TestAnalysisMissingCurrentRecovery/create-rejected_task_queue/1", "wf-task-queue-type": "Workflow", "logging-call-at": "/home/ubuntu/temporal-investigation-20260909/overnight-20260909/specula-engine/runs/temporal-reset-20260909-restart-1600/temporal-reset/.specula-output/confirmation/CR-2/worktree/service/matching/user_data_manager.go:351"}
2026-09-10T01:30:21.304Z	info	Stopped physicalTaskQueueManager	{"backlog": "priority", "cause": "ShuttingDown", "component": "matching-engine", "lifecycle": "Stopped", "wf-namespace": "TestWorkflowResetTestSuite-TestAnalysisMissingCurrentRecovery-create-rejected-2ecd97f4-fc10-4ccc-a63f-0a63e37c172d", "wf-task-queue-name": "/_sys/TestWorkflowResetTestSuite/TestAnalysisMissingCurrentRecovery/create-rejected_task_queue/1", "wf-task-queue-type": "Workflow", "worker-version": "_unversioned_", "logging-call-at": "/home/ubuntu/temporal-investigation-20260909/overnight-20260909/specula-engine/runs/temporal-reset-20260909-restart-1600/temporal-reset/.specula-output/confirmation/CR-2/worktree/service/matching/physical_task_queue_manager.go:341"}
2026-09-10T01:30:21.304Z	info	matching stopped	{"service": "matching", "logging-call-at": "/home/ubuntu/temporal-investigation-20260909/overnight-20260909/specula-engine/runs/temporal-reset-20260909-restart-1600/temporal-reset/.specula-output/confirmation/CR-2/worktree/service/matching/service.go:124"}
2026-09-10T01:30:21.304Z	warn	network dial error	{"address": "127.0.0.1:45261", "connectAddr": "127.0.0.1:45261", "connectDuration": 0.000082401, "connectErr": "dial tcp 127.0.0.1:45261: connect: connection refused", "error": "dial tcp 127.0.0.1:45261: connect: connection refused", "error-type": "net.OpError", "service": "client", "totalDuration": 0.000087229, "logging-call-at": "/home/ubuntu/temporal-investigation-20260909/overnight-20260909/specula-engine/runs/temporal-reset-20260909-restart-1600/temporal-reset/.specula-output/confirmation/CR-2/worktree/common/rpc/dial_tracer.go:73"}
2026-09-10T01:30:21.304Z	info	RuntimeMetricsReporter stopped	{"service": "matching", "logging-call-at": "/home/ubuntu/temporal-investigation-20260909/overnight-20260909/specula-engine/runs/temporal-reset-20260909-restart-1600/temporal-reset/.specula-output/confirmation/CR-2/worktree/common/metrics/runtime.go:127"}
2026-09-10T01:30:21.312Z	info	dropped database	{"database": "test_da1f3505569d4f4ba3f8b1a1", "logging-call-at": "/home/ubuntu/temporal-investigation-20260909/overnight-20260909/specula-engine/runs/temporal-reset-20260909-restart-1600/temporal-reset/.specula-output/confirmation/CR-2/worktree/common/persistence/sql/test_sql_persistence.go:156"}
=== CONT  TestWorkflowResetTestSuite/TestAnalysisMissingCurrentRecovery/competing-start
2026-09-10T01:30:21.321Z	info	created database	{"database": "test_47cd61a03af847d48fbf2484", "logging-call-at": "/home/ubuntu/temporal-investigation-20260909/overnight-20260909/specula-engine/runs/temporal-reset-20260909-restart-1600/temporal-reset/.specula-output/confirmation/CR-2/worktree/common/persistence/sql/test_sql_persistence.go:125"}
2026-09-10T01:30:21.321Z	info	No schema directory provided, skipping schema setup	{"logging-call-at": "/home/ubuntu/temporal-investigation-20260909/overnight-20260909/specula-engine/runs/temporal-reset-20260909-restart-1600/temporal-reset/.specula-output/confirmation/CR-2/worktree/common/persistence/sql/test_sql_persistence.go:79"}
2026-09-10T01:30:21.321Z	info	Use rpc address 127.0.0.1:7134 for cluster active.	{"component": "metadata-initializer", "logging-call-at": "/home/ubuntu/temporal-investigation-20260909/overnight-20260909/specula-engine/runs/temporal-reset-20260909-restart-1600/temporal-reset/.specula-output/confirmation/CR-2/worktree/temporal/cluster_metadata_loader.go:68"}
2026-09-10T01:30:21.322Z	info	Use rpc address 127.0.0.1:7134 for cluster active.	{"component": "metadata-initializer", "logging-call-at": "/home/ubuntu/temporal-investigation-20260909/overnight-20260909/specula-engine/runs/temporal-reset-20260909-restart-1600/temporal-reset/.specula-output/confirmation/CR-2/worktree/temporal/cluster_metadata_loader.go:68"}
2026-09-10T01:30:21.327Z	info	Quota changed	{"component": "persistence", "current-quota": null, "new-quota": 9000, "scope": "host", "service": "history", "logging-call-at": "/home/ubuntu/temporal-investigation-20260909/overnight-20260909/specula-engine/runs/temporal-reset-20260909-restart-1600/temporal-reset/.specula-output/confirmation/CR-2/worktree/common/quotas/calculator/logged_calculator.go:100"}
2026-09-10T01:30:21.327Z	debug	RPC factory created. enableServerKeepalive: false, enableClientKeepalive: false	{"logging-call-at": "/home/ubuntu/temporal-investigation-20260909/overnight-20260909/specula-engine/runs/temporal-reset-20260909-restart-1600/temporal-reset/.specula-output/confirmation/CR-2/worktree/common/resource/fx.go:470"}
2026-09-10T01:30:21.327Z	info	historyClient: ownership caching disabled	{"service": "history", "logging-call-at": "/home/ubuntu/temporal-investigation-20260909/overnight-20260909/specula-engine/runs/temporal-reset-20260909-restart-1600/temporal-reset/.specula-output/confirmation/CR-2/worktree/client/history/client.go:70"}
2026-09-10T01:30:21.328Z	info	creating new visibility manager	{"visibility_plugin_name": "sqlite", "visibility_index_name": "test_47cd61a03af847d48fbf2484", "logging-call-at": "/home/ubuntu/temporal-investigation-20260909/overnight-20260909/specula-engine/runs/temporal-reset-20260909-restart-1600/temporal-reset/.specula-output/confirmation/CR-2/worktree/common/persistence/visibility/factory.go:145"}
2026-09-10T01:30:21.328Z	info	Quota changed	{"component": "task-scheduler", "current-quota": null, "new-quota": 0, "scope": "host", "service": "history", "logging-call-at": "/home/ubuntu/temporal-investigation-20260909/overnight-20260909/specula-engine/runs/temporal-reset-20260909-restart-1600/temporal-reset/.specula-output/confirmation/CR-2/worktree/common/quotas/calculator/logged_calculator.go:100"}
2026-09-10T01:30:21.328Z	info	Warning: CHASM component scheduler.scheduler declares state fields that won't be managed by CHASM:
	cacheConflictToken int64
	compiledSpec *scheduler.CompiledSpec	{"logging-call-at": "/home/ubuntu/temporal-investigation-20260909/overnight-20260909/specula-engine/runs/temporal-reset-20260909-restart-1600/temporal-reset/.specula-output/confirmation/CR-2/worktree/chasm/registry.go:361"}
2026-09-10T01:30:21.329Z	info	Initialized lazy loaded OwnershipBasedQuotaScaler	{"service": "history", "logging-call-at": "/home/ubuntu/temporal-investigation-20260909/overnight-20260909/specula-engine/runs/temporal-reset-20260909-restart-1600/temporal-reset/.specula-output/confirmation/CR-2/worktree/service/history/shard/fx.go:71"}
2026-09-10T01:30:21.329Z	info	Initialized service resolver for persistence rate limiting	{"service": "history", "logging-call-at": "/home/ubuntu/temporal-investigation-20260909/overnight-20260909/specula-engine/runs/temporal-reset-20260909-restart-1600/temporal-reset/.specula-output/confirmation/CR-2/worktree/service/fx.go:76"}
2026-09-10T01:30:21.330Z	info	Created gRPC listener	{"service": "history", "address": "127.0.0.1:46389", "logging-call-at": "/home/ubuntu/temporal-investigation-20260909/overnight-20260909/specula-engine/runs/temporal-reset-20260909-restart-1600/temporal-reset/.specula-output/confirmation/CR-2/worktree/common/rpc/rpc.go:209"}
2026-09-10T01:30:21.331Z	info	Quota changed	{"component": "persistence", "current-quota": null, "new-quota": 3000, "scope": "host", "service": "matching", "logging-call-at": "/home/ubuntu/temporal-investigation-20260909/overnight-20260909/specula-engine/runs/temporal-reset-20260909-restart-1600/temporal-reset/.specula-output/confirmation/CR-2/worktree/common/quotas/calculator/logged_calculator.go:100"}
2026-09-10T01:30:21.332Z	info	Initialized service resolver for persistence rate limiting	{"service": "matching", "logging-call-at": "/home/ubuntu/temporal-investigation-20260909/overnight-20260909/specula-engine/runs/temporal-reset-20260909-restart-1600/temporal-reset/.specula-output/confirmation/CR-2/worktree/service/fx.go:76"}
2026-09-10T01:30:21.332Z	debug	RPC factory created. enableServerKeepalive: false, enableClientKeepalive: false	{"logging-call-at": "/home/ubuntu/temporal-investigation-20260909/overnight-20260909/specula-engine/runs/temporal-reset-20260909-restart-1600/temporal-reset/.specula-output/confirmation/CR-2/worktree/common/resource/fx.go:470"}
2026-09-10T01:30:21.332Z	info	Created gRPC listener	{"service": "matching", "address": "127.0.0.1:37959", "logging-call-at": "/home/ubuntu/temporal-investigation-20260909/overnight-20260909/specula-engine/runs/temporal-reset-20260909-restart-1600/temporal-reset/.specula-output/confirmation/CR-2/worktree/common/rpc/rpc.go:209"}
2026-09-10T01:30:21.332Z	info	historyClient: ownership caching disabled	{"service": "matching", "logging-call-at": "/home/ubuntu/temporal-investigation-20260909/overnight-20260909/specula-engine/runs/temporal-reset-20260909-restart-1600/temporal-reset/.specula-output/confirmation/CR-2/worktree/client/history/client.go:70"}
2026-09-10T01:30:21.332Z	info	creating new visibility manager	{"visibility_plugin_name": "sqlite", "visibility_index_name": "test_47cd61a03af847d48fbf2484", "logging-call-at": "/home/ubuntu/temporal-investigation-20260909/overnight-20260909/specula-engine/runs/temporal-reset-20260909-restart-1600/temporal-reset/.specula-output/confirmation/CR-2/worktree/common/persistence/visibility/factory.go:145"}
2026-09-10T01:30:21.335Z	debug	RPC factory created. enableServerKeepalive: false, enableClientKeepalive: false	{"logging-call-at": "/home/ubuntu/temporal-investigation-20260909/overnight-20260909/specula-engine/runs/temporal-reset-20260909-restart-1600/temporal-reset/.specula-output/confirmation/CR-2/worktree/common/resource/fx.go:470"}
2026-09-10T01:30:21.335Z	info	Quota changed	{"component": "persistence", "current-quota": null, "new-quota": 2000, "scope": "host", "service": "frontend", "logging-call-at": "/home/ubuntu/temporal-investigation-20260909/overnight-20260909/specula-engine/runs/temporal-reset-20260909-restart-1600/temporal-reset/.specula-output/confirmation/CR-2/worktree/common/quotas/calculator/logged_calculator.go:100"}
2026-09-10T01:30:21.335Z	info	historyClient: ownership caching disabled	{"service": "frontend", "logging-call-at": "/home/ubuntu/temporal-investigation-20260909/overnight-20260909/specula-engine/runs/temporal-reset-20260909-restart-1600/temporal-reset/.specula-output/confirmation/CR-2/worktree/client/history/client.go:70"}
2026-09-10T01:30:21.336Z	info	Warning: CHASM component scheduler.scheduler declares state fields that won't be managed by CHASM:
	cacheConflictToken int64
	compiledSpec *scheduler.CompiledSpec	{"logging-call-at": "/home/ubuntu/temporal-investigation-20260909/overnight-20260909/specula-engine/runs/temporal-reset-20260909-restart-1600/temporal-reset/.specula-output/confirmation/CR-2/worktree/chasm/registry.go:361"}
2026-09-10T01:30:21.336Z	info	creating new visibility manager	{"visibility_plugin_name": "sqlite", "visibility_index_name": "test_47cd61a03af847d48fbf2484", "logging-call-at": "/home/ubuntu/temporal-investigation-20260909/overnight-20260909/specula-engine/runs/temporal-reset-20260909-restart-1600/temporal-reset/.specula-output/confirmation/CR-2/worktree/common/persistence/visibility/factory.go:145"}
2026-09-10T01:30:21.336Z	info	Initialized service resolver for persistence rate limiting	{"service": "frontend", "logging-call-at": "/home/ubuntu/temporal-investigation-20260909/overnight-20260909/specula-engine/runs/temporal-reset-20260909-restart-1600/temporal-reset/.specula-output/confirmation/CR-2/worktree/service/fx.go:76"}
2026-09-10T01:30:21.336Z	info	Quota changed	{"component": "rpc-handler", "current-quota": null, "new-quota": 3000, "scope": "host", "service": "frontend", "logging-call-at": "/home/ubuntu/temporal-investigation-20260909/overnight-20260909/specula-engine/runs/temporal-reset-20260909-restart-1600/temporal-reset/.specula-output/confirmation/CR-2/worktree/common/quotas/calculator/logged_calculator.go:100"}
2026-09-10T01:30:21.337Z	info	Created gRPC listener	{"service": "frontend", "address": "127.0.0.1:40749", "logging-call-at": "/home/ubuntu/temporal-investigation-20260909/overnight-20260909/specula-engine/runs/temporal-reset-20260909-restart-1600/temporal-reset/.specula-output/confirmation/CR-2/worktree/common/rpc/rpc.go:209"}
2026-09-10T01:30:21.338Z	info	Service is not requested, skipping initialization.	{"service": "internal-frontend", "logging-call-at": "/home/ubuntu/temporal-investigation-20260909/overnight-20260909/specula-engine/runs/temporal-reset-20260909-restart-1600/temporal-reset/.specula-output/confirmation/CR-2/worktree/temporal/fx.go:590"}
2026-09-10T01:30:21.338Z	info	Service is not requested, skipping initialization.	{"service": "worker", "logging-call-at": "/home/ubuntu/temporal-investigation-20260909/overnight-20260909/specula-engine/runs/temporal-reset-20260909-restart-1600/temporal-reset/.specula-output/confirmation/CR-2/worktree/temporal/fx.go:628"}
2026-09-10T01:30:21.339Z	info	PProf not started due to port not set	{"logging-call-at": "/home/ubuntu/temporal-investigation-20260909/overnight-20260909/specula-engine/runs/temporal-reset-20260909-restart-1600/temporal-reset/.specula-output/confirmation/CR-2/worktree/common/pprof/pprof.go:44"}
2026-09-10T01:30:21.339Z	info	Starting server for services	{"value": {"frontend":{},"history":{},"matching":{}}, "logging-call-at": "/home/ubuntu/temporal-investigation-20260909/overnight-20260909/specula-engine/runs/temporal-reset-20260909-restart-1600/temporal-reset/.specula-output/confirmation/CR-2/worktree/temporal/server_impl.go:89"}
2026-09-10T01:30:21.340Z	debug	archival:
    history:
        enableRead: false
        provider: null
        state: ""
    visibility:
        enableRead: false
        provider: null
        state: ""
clusterMetadata:
    clusterInformation:
        active:
            enabled: true
            httpAddress: 127.0.0.1:7144
            initialFailoverVersion: 1
            rpcAddress: 127.0.0.1:7134
    currentClusterName: active
    enableGlobalNamespace: false
    failoverVersionIncrement: 10
    masterClusterName: active
    tags: {}
dcRedirectionPolicy:
    policy: ""
dynamicConfigClient: null
global:
    authorization:
        audience: ""
        authExtraHeaderName: ""
        authHeaderName: ""
        authorizer: ""
        claimMapper: ""
        jwtKeyProvider:
            keySourceURIs: []
            refreshInterval: 0s
        permissionsClaimName: ""
        permissionsRegex: ""
        remoteClusterAuth:
            require: false
    membership:
        broadcastAddress: ""
        maxJoinDuration: 1s
    metrics: null
    pprof:
        host: ""
        port: 0
    tls:
        expirationChecks:
            checkInterval: 0s
            errorWindow: 0s
            warningWindow: 0s
        frontend:
            client:
                disableHostVerification: false
                forceTLS: false
                rootCaData: []
                rootCaFiles: []
                serverName: ""
            hostOverrides: {}
            server:
                certData: ""
                certFile: ""
                clientCaData: []
                clientCaFiles: []
                keyData: '******'
                keyFile: ""
                requireClientAuth: false
        internode:
            client:
                disableHostVerification: false
                forceTLS: false
                rootCaData: []
                rootCaFiles: []
                serverName: ""
            hostOverrides: {}
            server:
                certData: ""
                certFile: ""
                clientCaData: []
                clientCaFiles: []
                keyData: '******'
                keyFile: ""
                requireClientAuth: false
        refreshInterval: 0s
        remoteClusters: {}
        systemWorker:
            certData: ""
            certFile: ""
            client:
                disableHostVerification: false
                forceTLS: false
                rootCaData: []
                rootCaFiles: []
                serverName: ""
            keyData: '******'
            keyFile: ""
log:
    development: false
    format: ""
    level: ""
    outputFile: ""
    stdout: false
namespaceDefaults:
    archival:
        history:
            URI: ""
            state: ""
        visibility:
            URI: ""
            state: ""
otel: {}
persistence:
    datastores:
        test:
            cassandra: null
            customDatastore: null
            elasticsearch: null
            faultInjection:
                targets:
                    dataStores: {}
            sql:
                connectAddr: 127.0.0.1:0
                connectAttributes:
                    cache: private
                    mode: memory
                connectProtocol: tcp
                databaseName: test_47cd61a03af847d48fbf2484
                maxConnLifetime: 0s
                maxConns: 0
                maxIdleConns: 0
                password: '******'
                passwordCommand: null
                pluginName: sqlite
                taskScanPartitions: 4
                tls: null
                user: ""
    defaultStore: test
    numHistoryShards: 1
    secondaryVisibilityStore: ""
    visibilityStore: test
publicClient:
    forceTLSConfig: ""
    hostPort: ""
    httpHostPort: ""
services:
    frontend:
        rpc:
            bindOnIP: 127.0.0.1
            bindOnLocalHost: false
            clientConnectionConfig:
                keepAliveClientParameters: null
            grpcPort: 40749
            httpAdditionalForwardedHeaders:
                - this-header-forwarded
                - this-header-prefix-forwarded-*
            httpPort: 42689
            keepAliveServerConfig:
                keepAliveEnforcementPolicy: null
                keepAliveServerParameters: null
            membershipPort: 0
    history:
        rpc:
            bindOnIP: 127.0.0.1
            bindOnLocalHost: false
            clientConnectionConfig:
                keepAliveClientParameters: null
            grpcPort: 46389
            httpAdditionalForwardedHeaders: []
            httpPort: 0
            keepAliveServerConfig:
                keepAliveEnforcementPolicy: null
                keepAliveServerParameters: null
            membershipPort: 0
    matching:
        rpc:
            bindOnIP: 127.0.0.1
            bindOnLocalHost: false
            clientConnectionConfig:
                keepAliveClientParameters: null
            grpcPort: 37959
            httpAdditionalForwardedHeaders: []
            httpPort: 0
            keepAliveServerConfig:
                keepAliveEnforcementPolicy: null
                keepAliveServerParameters: null
            membershipPort: 0
visibility:
    persistenceCustomSearchAttributes: {}
	{"logging-call-at": "/home/ubuntu/temporal-investigation-20260909/overnight-20260909/specula-engine/runs/temporal-reset-20260909-restart-1600/temporal-reset/.specula-output/confirmation/CR-2/worktree/temporal/server_impl.go:90"}
2026-09-10T01:30:21.341Z	info	Watch not supported by persistence, namespace registry will use polling	{"service": "matching", "logging-call-at": "/home/ubuntu/temporal-investigation-20260909/overnight-20260909/specula-engine/runs/temporal-reset-20260909-restart-1600/temporal-reset/.specula-output/confirmation/CR-2/worktree/common/namespace/nsregistry/registry.go:234"}
2026-09-10T01:30:21.341Z	info	RuntimeMetricsReporter started	{"service": "matching", "logging-call-at": "/home/ubuntu/temporal-investigation-20260909/overnight-20260909/specula-engine/runs/temporal-reset-20260909-restart-1600/temporal-reset/.specula-output/confirmation/CR-2/worktree/common/metrics/runtime.go:121"}
2026-09-10T01:30:21.341Z	info	matching starting	{"service": "matching", "logging-call-at": "/home/ubuntu/temporal-investigation-20260909/overnight-20260909/specula-engine/runs/temporal-reset-20260909-restart-1600/temporal-reset/.specula-output/confirmation/CR-2/worktree/service/matching/service.go:63"}
2026-09-10T01:30:21.341Z	info	Starting to serve on matching listener	{"service": "matching", "logging-call-at": "/home/ubuntu/temporal-investigation-20260909/overnight-20260909/specula-engine/runs/temporal-reset-20260909-restart-1600/temporal-reset/.specula-output/confirmation/CR-2/worktree/service/matching/service.go:77"}
2026-09-10T01:30:21.341Z	info	Update worker pool size	{"key": "worker-pool-size", "value": 64, "logging-call-at": "/home/ubuntu/temporal-investigation-20260909/overnight-20260909/specula-engine/runs/temporal-reset-20260909-restart-1600/temporal-reset/.specula-output/confirmation/CR-2/worktree/common/tasks/sequential_scheduler.go:228"}
2026-09-10T01:30:21.341Z	info	sequential scheduler started	{"logging-call-at": "/home/ubuntu/temporal-investigation-20260909/overnight-20260909/specula-engine/runs/temporal-reset-20260909-restart-1600/temporal-reset/.specula-output/confirmation/CR-2/worktree/common/tasks/sequential_scheduler.go:81"}
2026-09-10T01:30:21.341Z	info	interleaved weighted round robin task scheduler started	{"logging-call-at": "/home/ubuntu/temporal-investigation-20260909/overnight-20260909/specula-engine/runs/temporal-reset-20260909-restart-1600/temporal-reset/.specula-output/confirmation/CR-2/worktree/common/tasks/interleaved_weighted_round_robin.go:116"}
2026-09-10T01:30:21.341Z	info	Update worker pool size	{"key": "worker-pool-size", "value": 64, "logging-call-at": "/home/ubuntu/temporal-investigation-20260909/overnight-20260909/specula-engine/runs/temporal-reset-20260909-restart-1600/temporal-reset/.specula-output/confirmation/CR-2/worktree/common/tasks/sequential_scheduler.go:228"}
2026-09-10T01:30:21.341Z	info	sequential scheduler started	{"logging-call-at": "/home/ubuntu/temporal-investigation-20260909/overnight-20260909/specula-engine/runs/temporal-reset-20260909-restart-1600/temporal-reset/.specula-output/confirmation/CR-2/worktree/common/tasks/sequential_scheduler.go:81"}
2026-09-10T01:30:21.341Z	info	interleaved weighted round robin task scheduler started	{"logging-call-at": "/home/ubuntu/temporal-investigation-20260909/overnight-20260909/specula-engine/runs/temporal-reset-20260909-restart-1600/temporal-reset/.specula-output/confirmation/CR-2/worktree/common/tasks/interleaved_weighted_round_robin.go:116"}
2026-09-10T01:30:21.342Z	info	Update worker pool size	{"key": "worker-pool-size", "service": "history", "value": 64, "logging-call-at": "/home/ubuntu/temporal-investigation-20260909/overnight-20260909/specula-engine/runs/temporal-reset-20260909-restart-1600/temporal-reset/.specula-output/confirmation/CR-2/worktree/common/tasks/fifo_scheduler.go:138"}
2026-09-10T01:30:21.342Z	info	fifo scheduler started	{"service": "history", "logging-call-at": "/home/ubuntu/temporal-investigation-20260909/overnight-20260909/specula-engine/runs/temporal-reset-20260909-restart-1600/temporal-reset/.specula-output/confirmation/CR-2/worktree/common/tasks/fifo_scheduler.go:68"}
2026-09-10T01:30:21.342Z	info	execution queue scheduler started	{"service": "history", "logging-call-at": "/home/ubuntu/temporal-investigation-20260909/overnight-20260909/specula-engine/runs/temporal-reset-20260909-restart-1600/temporal-reset/.specula-output/confirmation/CR-2/worktree/common/tasks/execution_queue_scheduler.go:93"}
2026-09-10T01:30:21.342Z	info	interleaved weighted round robin task scheduler started	{"service": "history", "logging-call-at": "/home/ubuntu/temporal-investigation-20260909/overnight-20260909/specula-engine/runs/temporal-reset-20260909-restart-1600/temporal-reset/.specula-output/confirmation/CR-2/worktree/common/tasks/interleaved_weighted_round_robin.go:116"}
2026-09-10T01:30:21.342Z	info	Update worker pool size	{"key": "worker-pool-size", "service": "history", "value": 64, "logging-call-at": "/home/ubuntu/temporal-investigation-20260909/overnight-20260909/specula-engine/runs/temporal-reset-20260909-restart-1600/temporal-reset/.specula-output/confirmation/CR-2/worktree/common/tasks/fifo_scheduler.go:138"}
2026-09-10T01:30:21.342Z	info	fifo scheduler started	{"service": "history", "logging-call-at": "/home/ubuntu/temporal-investigation-20260909/overnight-20260909/specula-engine/runs/temporal-reset-20260909-restart-1600/temporal-reset/.specula-output/confirmation/CR-2/worktree/common/tasks/fifo_scheduler.go:68"}
2026-09-10T01:30:21.342Z	info	execution queue scheduler started	{"service": "history", "logging-call-at": "/home/ubuntu/temporal-investigation-20260909/overnight-20260909/specula-engine/runs/temporal-reset-20260909-restart-1600/temporal-reset/.specula-output/confirmation/CR-2/worktree/common/tasks/execution_queue_scheduler.go:93"}
2026-09-10T01:30:21.342Z	info	interleaved weighted round robin task scheduler started	{"service": "history", "logging-call-at": "/home/ubuntu/temporal-investigation-20260909/overnight-20260909/specula-engine/runs/temporal-reset-20260909-restart-1600/temporal-reset/.specula-output/confirmation/CR-2/worktree/common/tasks/interleaved_weighted_round_robin.go:116"}
2026-09-10T01:30:21.342Z	info	Update worker pool size	{"component": "memory-scheduled-queue-processor", "key": "worker-pool-size", "service": "history", "value": 64, "logging-call-at": "/home/ubuntu/temporal-investigation-20260909/overnight-20260909/specula-engine/runs/temporal-reset-20260909-restart-1600/temporal-reset/.specula-output/confirmation/CR-2/worktree/common/tasks/fifo_scheduler.go:138"}
2026-09-10T01:30:21.342Z	info	fifo scheduler started	{"component": "memory-scheduled-queue-processor", "service": "history", "logging-call-at": "/home/ubuntu/temporal-investigation-20260909/overnight-20260909/specula-engine/runs/temporal-reset-20260909-restart-1600/temporal-reset/.specula-output/confirmation/CR-2/worktree/common/tasks/fifo_scheduler.go:68"}
2026-09-10T01:30:21.342Z	info	Update worker pool size	{"key": "worker-pool-size", "service": "history", "value": 64, "logging-call-at": "/home/ubuntu/temporal-investigation-20260909/overnight-20260909/specula-engine/runs/temporal-reset-20260909-restart-1600/temporal-reset/.specula-output/confirmation/CR-2/worktree/common/tasks/fifo_scheduler.go:138"}
2026-09-10T01:30:21.342Z	info	fifo scheduler started	{"service": "history", "logging-call-at": "/home/ubuntu/temporal-investigation-20260909/overnight-20260909/specula-engine/runs/temporal-reset-20260909-restart-1600/temporal-reset/.specula-output/confirmation/CR-2/worktree/common/tasks/fifo_scheduler.go:68"}
2026-09-10T01:30:21.342Z	info	execution queue scheduler started	{"service": "history", "logging-call-at": "/home/ubuntu/temporal-investigation-20260909/overnight-20260909/specula-engine/runs/temporal-reset-20260909-restart-1600/temporal-reset/.specula-output/confirmation/CR-2/worktree/common/tasks/execution_queue_scheduler.go:93"}
2026-09-10T01:30:21.342Z	info	interleaved weighted round robin task scheduler started	{"service": "history", "logging-call-at": "/home/ubuntu/temporal-investigation-20260909/overnight-20260909/specula-engine/runs/temporal-reset-20260909-restart-1600/temporal-reset/.specula-output/confirmation/CR-2/worktree/common/tasks/interleaved_weighted_round_robin.go:116"}
2026-09-10T01:30:21.342Z	info	Watch not supported by persistence, namespace registry will use polling	{"service": "history", "logging-call-at": "/home/ubuntu/temporal-investigation-20260909/overnight-20260909/specula-engine/runs/temporal-reset-20260909-restart-1600/temporal-reset/.specula-output/confirmation/CR-2/worktree/common/namespace/nsregistry/registry.go:234"}
2026-09-10T01:30:21.342Z	info	RuntimeMetricsReporter started	{"service": "history", "logging-call-at": "/home/ubuntu/temporal-investigation-20260909/overnight-20260909/specula-engine/runs/temporal-reset-20260909-restart-1600/temporal-reset/.specula-output/confirmation/CR-2/worktree/common/metrics/runtime.go:121"}
2026-09-10T01:30:21.342Z	info	history starting	{"logging-call-at": "/home/ubuntu/temporal-investigation-20260909/overnight-20260909/specula-engine/runs/temporal-reset-20260909-restart-1600/temporal-reset/.specula-output/confirmation/CR-2/worktree/service/history/service.go:69"}
2026-09-10T01:30:21.342Z	info	Replication task fetchers started.	{"logging-call-at": "/home/ubuntu/temporal-investigation-20260909/overnight-20260909/specula-engine/runs/temporal-reset-20260909-restart-1600/temporal-reset/.specula-output/confirmation/CR-2/worktree/service/history/replication/task_fetcher.go:117"}
2026-09-10T01:30:21.342Z	info	StreamReceiverMonitor started.	{"logging-call-at": "/home/ubuntu/temporal-investigation-20260909/overnight-20260909/specula-engine/runs/temporal-reset-20260909-restart-1600/temporal-reset/.specula-output/confirmation/CR-2/worktree/service/history/replication/stream_receiver_monitor.go:87"}
2026-09-10T01:30:21.342Z	info	none	{"address": "127.0.0.1:46389", "component": "shard-controller", "lifecycle": "Started", "logging-call-at": "/home/ubuntu/temporal-investigation-20260909/overnight-20260909/specula-engine/runs/temporal-reset-20260909-restart-1600/temporal-reset/.specula-output/confirmation/CR-2/worktree/service/history/shard/controller_impl.go:112"}
2026-09-10T01:30:21.342Z	info	Starting to serve on history listener	{"logging-call-at": "/home/ubuntu/temporal-investigation-20260909/overnight-20260909/specula-engine/runs/temporal-reset-20260909-restart-1600/temporal-reset/.specula-output/confirmation/CR-2/worktree/service/history/service.go:95"}
2026-09-10T01:30:21.342Z	info	none	{"address": "127.0.0.1:46389", "component": "shard-controller", "number-changed": 0, "number-deleted": 0, "number-processed": 1, "shard-update": "RingMembershipChangedEvent", "logging-call-at": "/home/ubuntu/temporal-investigation-20260909/overnight-20260909/specula-engine/runs/temporal-reset-20260909-restart-1600/temporal-reset/.specula-output/confirmation/CR-2/worktree/service/history/shard/ownership.go:92"}
2026-09-10T01:30:21.343Z	info	Watch not supported by persistence, namespace registry will use polling	{"service": "frontend", "logging-call-at": "/home/ubuntu/temporal-investigation-20260909/overnight-20260909/specula-engine/runs/temporal-reset-20260909-restart-1600/temporal-reset/.specula-output/confirmation/CR-2/worktree/common/namespace/nsregistry/registry.go:234"}
2026-09-10T01:30:21.343Z	info	none	{"address": "127.0.0.1:46389", "component": "shard-context", "lifecycle": "Started", "shard-id": 1, "logging-call-at": "/home/ubuntu/temporal-investigation-20260909/overnight-20260909/specula-engine/runs/temporal-reset-20260909-restart-1600/temporal-reset/.specula-output/confirmation/CR-2/worktree/service/history/shard/context_impl.go:1764"}
2026-09-10T01:30:21.343Z	info	none	{"address": "127.0.0.1:46389", "component": "shard-controller", "numShards": 1, "logging-call-at": "/home/ubuntu/temporal-investigation-20260909/overnight-20260909/specula-engine/runs/temporal-reset-20260909-restart-1600/temporal-reset/.specula-output/confirmation/CR-2/worktree/service/history/shard/controller_impl.go:265"}
2026-09-10T01:30:21.343Z	info	ContextMetadataInterceptor: No metadata in context, not setting trailer	{"fullMethod": "/temporal.server.api.matchingservice.v1.MatchingService/ListNexusEndpoints", "logging-call-at": "/home/ubuntu/temporal-investigation-20260909/overnight-20260909/specula-engine/runs/temporal-reset-20260909-restart-1600/temporal-reset/.specula-output/confirmation/CR-2/worktree/common/log/throttle_logger.go:44"}
2026-09-10T01:30:21.343Z	info	RuntimeMetricsReporter started	{"service": "frontend", "logging-call-at": "/home/ubuntu/temporal-investigation-20260909/overnight-20260909/specula-engine/runs/temporal-reset-20260909-restart-1600/temporal-reset/.specula-output/confirmation/CR-2/worktree/common/metrics/runtime.go:121"}
2026-09-10T01:30:21.343Z	info	frontend starting	{"service": "frontend", "logging-call-at": "/home/ubuntu/temporal-investigation-20260909/overnight-20260909/specula-engine/runs/temporal-reset-20260909-restart-1600/temporal-reset/.specula-output/confirmation/CR-2/worktree/service/frontend/service.go:515"}
2026-09-10T01:30:21.343Z	info	Starting to serve on frontend listener	{"service": "frontend", "logging-call-at": "/home/ubuntu/temporal-investigation-20260909/overnight-20260909/specula-engine/runs/temporal-reset-20260909-restart-1600/temporal-reset/.specula-output/confirmation/CR-2/worktree/service/frontend/service.go:533"}
2026-09-10T01:30:21.343Z	info	Frontend is now healthy	{"service": "frontend", "logging-call-at": "/home/ubuntu/temporal-investigation-20260909/overnight-20260909/specula-engine/runs/temporal-reset-20260909-restart-1600/temporal-reset/.specula-output/confirmation/CR-2/worktree/service/frontend/workflow_handler.go:419"}
2026-09-10T01:30:21.343Z	info	TrailerToContextMetadataInterceptor: No metadata in trailer	{"contextWrapped": false, "method": "/temporal.server.api.matchingservice.v1.MatchingService/ListNexusEndpoints", "service": "history", "logging-call-at": "/home/ubuntu/temporal-investigation-20260909/overnight-20260909/specula-engine/runs/temporal-reset-20260909-restart-1600/temporal-reset/.specula-output/confirmation/CR-2/worktree/common/log/throttle_logger.go:44"}
2026-09-10T01:30:21.344Z	info	Range updated for shardID	{"address": "127.0.0.1:46389", "previous-shard-range-id": 0, "shard-id": 1, "shard-range-id": 1, "logging-call-at": "/home/ubuntu/temporal-investigation-20260909/overnight-20260909/specula-engine/runs/temporal-reset-20260909-restart-1600/temporal-reset/.specula-output/confirmation/CR-2/worktree/service/history/shard/context_impl.go:1241"}
2026-09-10T01:30:21.344Z	info	Task key range updated	{"address": "127.0.0.1:46389", "next-number": 2097152, "number": 1048576, "shard-id": 1, "logging-call-at": "/home/ubuntu/temporal-investigation-20260909/overnight-20260909/specula-engine/runs/temporal-reset-20260909-restart-1600/temporal-reset/.specula-output/confirmation/CR-2/worktree/service/history/shard/task_key_generator.go:155"}
2026-09-10T01:30:21.344Z	info	Acquired shard	{"address": "127.0.0.1:46389", "shard-id": 1, "logging-call-at": "/home/ubuntu/temporal-investigation-20260909/overnight-20260909/specula-engine/runs/temporal-reset-20260909-restart-1600/temporal-reset/.specula-output/confirmation/CR-2/worktree/service/history/shard/context_impl.go:2129"}
2026-09-10T01:30:21.344Z	info	none	{"address": "127.0.0.1:46389", "component": "shard-engine", "lifecycle": "Starting", "shard-id": 1, "logging-call-at": "/home/ubuntu/temporal-investigation-20260909/overnight-20260909/specula-engine/runs/temporal-reset-20260909-restart-1600/temporal-reset/.specula-output/confirmation/CR-2/worktree/service/history/shard/context_impl.go:1604"}
2026-09-10T01:30:21.344Z	info	TrailerToContextMetadataInterceptor: No metadata in trailer	{"contextWrapped": false, "method": "/temporal.server.api.matchingservice.v1.MatchingService/ListNexusEndpoints", "service": "frontend", "logging-call-at": "/home/ubuntu/temporal-investigation-20260909/overnight-20260909/specula-engine/runs/temporal-reset-20260909-restart-1600/temporal-reset/.specula-output/confirmation/CR-2/worktree/common/log/throttle_logger.go:44"}
2026-09-10T01:30:21.344Z	info	none	{"address": "127.0.0.1:46389", "component": "history-engine", "lifecycle": "Starting", "shard-id": 1, "logging-call-at": "/home/ubuntu/temporal-investigation-20260909/overnight-20260909/specula-engine/runs/temporal-reset-20260909-restart-1600/temporal-reset/.specula-output/confirmation/CR-2/worktree/service/history/history_engine.go:386"}
2026-09-10T01:30:21.344Z	info	none	{"address": "127.0.0.1:46389", "component": "transfer-queue-processor", "lifecycle": "Starting", "shard-id": 1, "logging-call-at": "/home/ubuntu/temporal-investigation-20260909/overnight-20260909/specula-engine/runs/temporal-reset-20260909-restart-1600/temporal-reset/.specula-output/confirmation/CR-2/worktree/service/history/queues/queue_immediate.go:96"}
2026-09-10T01:30:21.344Z	info	Task rescheduler started.	{"address": "127.0.0.1:46389", "component": "transfer-queue-processor", "lifecycle": "Started", "shard-id": 1, "logging-call-at": "/home/ubuntu/temporal-investigation-20260909/overnight-20260909/specula-engine/runs/temporal-reset-20260909-restart-1600/temporal-reset/.specula-output/confirmation/CR-2/worktree/service/history/queues/rescheduler.go:102"}
2026-09-10T01:30:21.344Z	info	none	{"address": "127.0.0.1:46389", "component": "transfer-queue-processor", "lifecycle": "Started", "shard-id": 1, "logging-call-at": "/home/ubuntu/temporal-investigation-20260909/overnight-20260909/specula-engine/runs/temporal-reset-20260909-restart-1600/temporal-reset/.specula-output/confirmation/CR-2/worktree/service/history/queues/queue_immediate.go:105"}
2026-09-10T01:30:21.344Z	info	none	{"component": "memory-scheduled-queue-processor", "lifecycle": "Starting", "service": "history", "logging-call-at": "/home/ubuntu/temporal-investigation-20260909/overnight-20260909/specula-engine/runs/temporal-reset-20260909-restart-1600/temporal-reset/.specula-output/confirmation/CR-2/worktree/service/history/queues/memory_scheduled_queue.go:79"}
2026-09-10T01:30:21.344Z	info	none	{"component": "memory-scheduled-queue-processor", "lifecycle": "Started", "service": "history", "logging-call-at": "/home/ubuntu/temporal-investigation-20260909/overnight-20260909/specula-engine/runs/temporal-reset-20260909-restart-1600/temporal-reset/.specula-output/confirmation/CR-2/worktree/service/history/queues/memory_scheduled_queue.go:84"}
2026-09-10T01:30:21.344Z	info	none	{"address": "127.0.0.1:46389", "component": "outbound-queue-processor", "lifecycle": "Starting", "shard-id": 1, "logging-call-at": "/home/ubuntu/temporal-investigation-20260909/overnight-20260909/specula-engine/runs/temporal-reset-20260909-restart-1600/temporal-reset/.specula-output/confirmation/CR-2/worktree/service/history/queues/queue_immediate.go:96"}
2026-09-10T01:30:21.344Z	info	Task rescheduler started.	{"address": "127.0.0.1:46389", "component": "outbound-queue-processor", "lifecycle": "Started", "shard-id": 1, "logging-call-at": "/home/ubuntu/temporal-investigation-20260909/overnight-20260909/specula-engine/runs/temporal-reset-20260909-restart-1600/temporal-reset/.specula-output/confirmation/CR-2/worktree/service/history/queues/rescheduler.go:102"}
2026-09-10T01:30:21.344Z	info	none	{"address": "127.0.0.1:46389", "component": "outbound-queue-processor", "lifecycle": "Started", "shard-id": 1, "logging-call-at": "/home/ubuntu/temporal-investigation-20260909/overnight-20260909/specula-engine/runs/temporal-reset-20260909-restart-1600/temporal-reset/.specula-output/confirmation/CR-2/worktree/service/history/queues/queue_immediate.go:105"}
2026-09-10T01:30:21.344Z	info	none	{"address": "127.0.0.1:46389", "component": "timer-queue-processor", "lifecycle": "Starting", "shard-id": 1, "logging-call-at": "/home/ubuntu/temporal-investigation-20260909/overnight-20260909/specula-engine/runs/temporal-reset-20260909-restart-1600/temporal-reset/.specula-output/confirmation/CR-2/worktree/service/history/queues/queue_scheduled.go:130"}
2026-09-10T01:30:21.344Z	info	Task rescheduler started.	{"address": "127.0.0.1:46389", "component": "timer-queue-processor", "lifecycle": "Started", "shard-id": 1, "logging-call-at": "/home/ubuntu/temporal-investigation-20260909/overnight-20260909/specula-engine/runs/temporal-reset-20260909-restart-1600/temporal-reset/.specula-output/confirmation/CR-2/worktree/service/history/queues/rescheduler.go:102"}
2026-09-10T01:30:21.344Z	info	none	{"address": "127.0.0.1:46389", "component": "timer-queue-processor", "lifecycle": "Started", "shard-id": 1, "logging-call-at": "/home/ubuntu/temporal-investigation-20260909/overnight-20260909/specula-engine/runs/temporal-reset-20260909-restart-1600/temporal-reset/.specula-output/confirmation/CR-2/worktree/service/history/queues/queue_scheduled.go:139"}
2026-09-10T01:30:21.344Z	info	none	{"address": "127.0.0.1:46389", "component": "visibility-queue-processor", "lifecycle": "Starting", "shard-id": 1, "logging-call-at": "/home/ubuntu/temporal-investigation-20260909/overnight-20260909/specula-engine/runs/temporal-reset-20260909-restart-1600/temporal-reset/.specula-output/confirmation/CR-2/worktree/service/history/queues/queue_immediate.go:96"}
2026-09-10T01:30:21.344Z	info	Task rescheduler started.	{"address": "127.0.0.1:46389", "component": "visibility-queue-processor", "lifecycle": "Started", "shard-id": 1, "logging-call-at": "/home/ubuntu/temporal-investigation-20260909/overnight-20260909/specula-engine/runs/temporal-reset-20260909-restart-1600/temporal-reset/.specula-output/confirmation/CR-2/worktree/service/history/queues/rescheduler.go:102"}
2026-09-10T01:30:21.344Z	debug	Frontend method invoked.	{"wf-namespace": "namespace-c1057525-cb35-444b-99b1-19317c7d9ee3", "operation": "DescribeNamespace", "server-name": "", "cert-thumbprint": "", "logging-call-at": "/home/ubuntu/temporal-investigation-20260909/overnight-20260909/specula-engine/runs/temporal-reset-20260909-restart-1600/temporal-reset/.specula-output/confirmation/CR-2/worktree/common/rpc/interceptor/namespace_logger.go:53"}
2026-09-10T01:30:21.344Z	info	queue reader started	{"address": "127.0.0.1:46389", "component": "visibility-queue-processor", "lifecycle": "Started", "queue-reader-id": 0, "shard-id": 1, "logging-call-at": "/home/ubuntu/temporal-investigation-20260909/overnight-20260909/specula-engine/runs/temporal-reset-20260909-restart-1600/temporal-reset/.specula-output/confirmation/CR-2/worktree/service/history/queues/reader.go:158"}
2026-09-10T01:30:21.344Z	info	queue reader started	{"address": "127.0.0.1:46389", "component": "outbound-queue-processor", "lifecycle": "Started", "queue-reader-id": 0, "shard-id": 1, "logging-call-at": "/home/ubuntu/temporal-investigation-20260909/overnight-20260909/specula-engine/runs/temporal-reset-20260909-restart-1600/temporal-reset/.specula-output/confirmation/CR-2/worktree/service/history/queues/reader.go:158"}
2026-09-10T01:30:21.344Z	info	Quota changed	{"component": "rpc-handler", "current-quota": null, "new-quota": 2400, "scope": "namespace", "service": "frontend", "wf-namespace": "namespace-c1057525-cb35-444b-99b1-19317c7d9ee3", "logging-call-at": "/home/ubuntu/temporal-investigation-20260909/overnight-20260909/specula-engine/runs/temporal-reset-20260909-restart-1600/temporal-reset/.specula-output/confirmation/CR-2/worktree/common/quotas/calculator/logged_calculator.go:100"}
2026-09-10T01:30:21.344Z	info	none	{"address": "127.0.0.1:46389", "component": "visibility-queue-processor", "lifecycle": "Started", "shard-id": 1, "logging-call-at": "/home/ubuntu/temporal-investigation-20260909/overnight-20260909/specula-engine/runs/temporal-reset-20260909-restart-1600/temporal-reset/.specula-output/confirmation/CR-2/worktree/service/history/queues/queue_immediate.go:105"}
2026-09-10T01:30:21.344Z	info	none	{"address": "127.0.0.1:46389", "component": "history-engine", "lifecycle": "Started", "shard-id": 1, "logging-call-at": "/home/ubuntu/temporal-investigation-20260909/overnight-20260909/specula-engine/runs/temporal-reset-20260909-restart-1600/temporal-reset/.specula-output/confirmation/CR-2/worktree/service/history/history_engine.go:395"}
2026-09-10T01:30:21.344Z	error	Queue reader unable to retrieve tasks	{"address": "127.0.0.1:46389", "component": "visibility-queue-processor", "error": "shard status unknown", "queue-reader-id": 0, "shard-id": 1, "logging-call-at": "/home/ubuntu/temporal-investigation-20260909/overnight-20260909/specula-engine/runs/temporal-reset-20260909-restart-1600/temporal-reset/.specula-output/confirmation/CR-2/worktree/service/history/queues/reader.go:457"}
go.temporal.io/server/common/log.(*zapLogger).Error
	/home/ubuntu/temporal-investigation-20260909/overnight-20260909/specula-engine/runs/temporal-reset-20260909-restart-1600/temporal-reset/.specula-output/confirmation/CR-2/worktree/common/log/zap_logger.go:191
go.temporal.io/server/common/testing/testlogger.(*TestLogger).Error
	/home/ubuntu/temporal-investigation-20260909/overnight-20260909/specula-engine/runs/temporal-reset-20260909-restart-1600/temporal-reset/.specula-output/confirmation/CR-2/worktree/common/testing/testlogger/testlogger.go:543
go.temporal.io/server/service/history/queues.(*ReaderImpl).loadAndSubmitTasks
	/home/ubuntu/temporal-investigation-20260909/overnight-20260909/specula-engine/runs/temporal-reset-20260909-restart-1600/temporal-reset/.specula-output/confirmation/CR-2/worktree/service/history/queues/reader.go:457
go.temporal.io/server/service/history/queues.(*ReaderImpl).eventLoop
	/home/ubuntu/temporal-investigation-20260909/overnight-20260909/specula-engine/runs/temporal-reset-20260909-restart-1600/temporal-reset/.specula-output/confirmation/CR-2/worktree/service/history/queues/reader.go:422
2026-09-10T01:30:21.344Z	error	Queue reader unable to retrieve tasks	{"address": "127.0.0.1:46389", "component": "outbound-queue-processor", "error": "shard status unknown", "queue-reader-id": 0, "shard-id": 1, "logging-call-at": "/home/ubuntu/temporal-investigation-20260909/overnight-20260909/specula-engine/runs/temporal-reset-20260909-restart-1600/temporal-reset/.specula-output/confirmation/CR-2/worktree/service/history/queues/reader.go:457"}
go.temporal.io/server/common/log.(*zapLogger).Error
	/home/ubuntu/temporal-investigation-20260909/overnight-20260909/specula-engine/runs/temporal-reset-20260909-restart-1600/temporal-reset/.specula-output/confirmation/CR-2/worktree/common/log/zap_logger.go:191
go.temporal.io/server/common/testing/testlogger.(*TestLogger).Error
	/home/ubuntu/temporal-investigation-20260909/overnight-20260909/specula-engine/runs/temporal-reset-20260909-restart-1600/temporal-reset/.specula-output/confirmation/CR-2/worktree/common/testing/testlogger/testlogger.go:543
go.temporal.io/server/service/history/queues.(*ReaderImpl).loadAndSubmitTasks
	/home/ubuntu/temporal-investigation-20260909/overnight-20260909/specula-engine/runs/temporal-reset-20260909-restart-1600/temporal-reset/.specula-output/confirmation/CR-2/worktree/service/history/queues/reader.go:457
go.temporal.io/server/service/history/queues.(*ReaderImpl).eventLoop
	/home/ubuntu/temporal-investigation-20260909/overnight-20260909/specula-engine/runs/temporal-reset-20260909-restart-1600/temporal-reset/.specula-output/confirmation/CR-2/worktree/service/history/queues/reader.go:422
2026-09-10T01:30:21.344Z	error	Queue reader unable to retrieve tasks	{"address": "127.0.0.1:46389", "component": "timer-queue-processor", "error": "shard status unknown", "queue-reader-id": 0, "shard-id": 1, "logging-call-at": "/home/ubuntu/temporal-investigation-20260909/overnight-20260909/specula-engine/runs/temporal-reset-20260909-restart-1600/temporal-reset/.specula-output/confirmation/CR-2/worktree/service/history/queues/reader.go:457"}
go.temporal.io/server/common/log.(*zapLogger).Error
	/home/ubuntu/temporal-investigation-20260909/overnight-20260909/specula-engine/runs/temporal-reset-20260909-restart-1600/temporal-reset/.specula-output/confirmation/CR-2/worktree/common/log/zap_logger.go:191
go.temporal.io/server/common/testing/testlogger.(*TestLogger).Error
	/home/ubuntu/temporal-investigation-20260909/overnight-20260909/specula-engine/runs/temporal-reset-20260909-restart-1600/temporal-reset/.specula-output/confirmation/CR-2/worktree/common/testing/testlogger/testlogger.go:543
go.temporal.io/server/service/history/queues.(*ReaderImpl).loadAndSubmitTasks
	/home/ubuntu/temporal-investigation-20260909/overnight-20260909/specula-engine/runs/temporal-reset-20260909-restart-1600/temporal-reset/.specula-output/confirmation/CR-2/worktree/service/history/queues/reader.go:457
go.temporal.io/server/service/history/queues.(*ReaderImpl).eventLoop
	/home/ubuntu/temporal-investigation-20260909/overnight-20260909/specula-engine/runs/temporal-reset-20260909-restart-1600/temporal-reset/.specula-output/confirmation/CR-2/worktree/service/history/queues/reader.go:422
2026-09-10T01:30:21.344Z	info	queue reader started	{"address": "127.0.0.1:46389", "component": "timer-queue-processor", "lifecycle": "Started", "queue-reader-id": 0, "shard-id": 1, "logging-call-at": "/home/ubuntu/temporal-investigation-20260909/overnight-20260909/specula-engine/runs/temporal-reset-20260909-restart-1600/temporal-reset/.specula-output/confirmation/CR-2/worktree/service/history/queues/reader.go:158"}
2026-09-10T01:30:21.344Z	info	none	{"address": "127.0.0.1:46389", "component": "shard-engine", "lifecycle": "Started", "shard-id": 1, "logging-call-at": "/home/ubuntu/temporal-investigation-20260909/overnight-20260909/specula-engine/runs/temporal-reset-20260909-restart-1600/temporal-reset/.specula-output/confirmation/CR-2/worktree/service/history/shard/context_impl.go:1607"}
2026-09-10T01:30:21.344Z	info	queue reader started	{"address": "127.0.0.1:46389", "component": "transfer-queue-processor", "lifecycle": "Started", "queue-reader-id": 0, "shard-id": 1, "logging-call-at": "/home/ubuntu/temporal-investigation-20260909/overnight-20260909/specula-engine/runs/temporal-reset-20260909-restart-1600/temporal-reset/.specula-output/confirmation/CR-2/worktree/service/history/queues/reader.go:158"}
2026-09-10T01:30:21.344Z	info	Quota changed	{"component": "persistence", "current-quota": null, "new-quota": 0, "scope": "namespace", "service": "frontend", "wf-namespace": "namespace-c1057525-cb35-444b-99b1-19317c7d9ee3", "logging-call-at": "/home/ubuntu/temporal-investigation-20260909/overnight-20260909/specula-engine/runs/temporal-reset-20260909-restart-1600/temporal-reset/.specula-output/confirmation/CR-2/worktree/common/quotas/calculator/logged_calculator.go:100"}
2026-09-10T01:30:21.344Z	info	initial shards ready	{"address": "127.0.0.1:46389", "component": "shard-controller", "total": 1, "logging-call-at": "/home/ubuntu/temporal-investigation-20260909/overnight-20260909/specula-engine/runs/temporal-reset-20260909-restart-1600/temporal-reset/.specula-output/confirmation/CR-2/worktree/service/history/shard/controller_impl.go:511"}
2026-09-10T01:30:21.344Z	error	Queue reader unable to retrieve tasks	{"address": "127.0.0.1:46389", "component": "transfer-queue-processor", "error": "shard status unknown", "queue-reader-id": 0, "shard-id": 1, "logging-call-at": "/home/ubuntu/temporal-investigation-20260909/overnight-20260909/specula-engine/runs/temporal-reset-20260909-restart-1600/temporal-reset/.specula-output/confirmation/CR-2/worktree/service/history/queues/reader.go:457"}
go.temporal.io/server/common/log.(*zapLogger).Error
	/home/ubuntu/temporal-investigation-20260909/overnight-20260909/specula-engine/runs/temporal-reset-20260909-restart-1600/temporal-reset/.specula-output/confirmation/CR-2/worktree/common/log/zap_logger.go:191
go.temporal.io/server/common/testing/testlogger.(*TestLogger).Error
	/home/ubuntu/temporal-investigation-20260909/overnight-20260909/specula-engine/runs/temporal-reset-20260909-restart-1600/temporal-reset/.specula-output/confirmation/CR-2/worktree/common/testing/testlogger/testlogger.go:543
go.temporal.io/server/service/history/queues.(*ReaderImpl).loadAndSubmitTasks
	/home/ubuntu/temporal-investigation-20260909/overnight-20260909/specula-engine/runs/temporal-reset-20260909-restart-1600/temporal-reset/.specula-output/confirmation/CR-2/worktree/service/history/queues/reader.go:457
go.temporal.io/server/service/history/queues.(*ReaderImpl).eventLoop
	/home/ubuntu/temporal-investigation-20260909/overnight-20260909/specula-engine/runs/temporal-reset-20260909-restart-1600/temporal-reset/.specula-output/confirmation/CR-2/worktree/service/history/queues/reader.go:422
2026-09-10T01:30:21.344Z	debug	Frontend method invoked.	{"wf-namespace": "namespace-c1057525-cb35-444b-99b1-19317c7d9ee3", "operation": "AddSearchAttributes", "server-name": "", "cert-thumbprint": "", "logging-call-at": "/home/ubuntu/temporal-investigation-20260909/overnight-20260909/specula-engine/runs/temporal-reset-20260909-restart-1600/temporal-reset/.specula-output/confirmation/CR-2/worktree/common/rpc/interceptor/namespace_logger.go:53"}
2026-09-10T01:30:21.345Z	debug	Frontend method invoked.	{"wf-namespace": "namespace-c1057525-cb35-444b-99b1-19317c7d9ee3", "operation": "DescribeNamespace", "server-name": "", "cert-thumbprint": "", "logging-call-at": "/home/ubuntu/temporal-investigation-20260909/overnight-20260909/specula-engine/runs/temporal-reset-20260909-restart-1600/temporal-reset/.specula-output/confirmation/CR-2/worktree/common/rpc/interceptor/namespace_logger.go:53"}
2026-09-10T01:30:21.345Z	debug	Frontend method invoked.	{"wf-namespace": "namespace-c1057525-cb35-444b-99b1-19317c7d9ee3", "operation": "UpdateNamespace", "server-name": "", "cert-thumbprint": "", "logging-call-at": "/home/ubuntu/temporal-investigation-20260909/overnight-20260909/specula-engine/runs/temporal-reset-20260909-restart-1600/temporal-reset/.specula-output/confirmation/CR-2/worktree/common/rpc/interceptor/namespace_logger.go:53"}
2026-09-10T01:30:21.345Z	info	Quota changed	{"component": "namespace-replication", "current-quota": null, "new-quota": 10, "scope": "namespace", "service": "frontend", "wf-namespace": "namespace-c1057525-cb35-444b-99b1-19317c7d9ee3", "logging-call-at": "/home/ubuntu/temporal-investigation-20260909/overnight-20260909/specula-engine/runs/temporal-reset-20260909-restart-1600/temporal-reset/.specula-output/confirmation/CR-2/worktree/common/quotas/calculator/logged_calculator.go:100"}
2026-09-10T01:30:21.346Z	info	Update namespace succeeded	{"service": "frontend", "wf-namespace": "namespace-c1057525-cb35-444b-99b1-19317c7d9ee3", "wf-namespace-id": "2d9faae6-807f-4b12-954f-2e541be9e110", "logging-call-at": "/home/ubuntu/temporal-investigation-20260909/overnight-20260909/specula-engine/runs/temporal-reset-20260909-restart-1600/temporal-reset/.specula-output/confirmation/CR-2/worktree/service/frontend/namespace_handler.go:667"}
2026-09-10T01:30:21.346Z	debug	Frontend method invoked.	{"wf-namespace": "namespace-c1057525-cb35-444b-99b1-19317c7d9ee3", "operation": "ListSearchAttributes", "server-name": "", "cert-thumbprint": "", "logging-call-at": "/home/ubuntu/temporal-investigation-20260909/overnight-20260909/specula-engine/runs/temporal-reset-20260909-restart-1600/temporal-reset/.specula-output/confirmation/CR-2/worktree/common/rpc/interceptor/namespace_logger.go:53"}
2026-09-10T01:30:21.346Z	debug	Frontend method invoked.	{"wf-namespace": "namespace-c1057525-cb35-444b-99b1-19317c7d9ee3", "operation": "DescribeNamespace", "server-name": "", "cert-thumbprint": "", "logging-call-at": "/home/ubuntu/temporal-investigation-20260909/overnight-20260909/specula-engine/runs/temporal-reset-20260909-restart-1600/temporal-reset/.specula-output/confirmation/CR-2/worktree/common/rpc/interceptor/namespace_logger.go:53"}
2026-09-10T01:30:21.347Z	info	Register namespace succeeded	{"wf-namespace": "namespace-c1057525-cb35-444b-99b1-19317c7d9ee3", "wf-namespace-id": "2d9faae6-807f-4b12-954f-2e541be9e110", "logging-call-at": "/home/ubuntu/temporal-investigation-20260909/overnight-20260909/specula-engine/runs/temporal-reset-20260909-restart-1600/temporal-reset/.specula-output/confirmation/CR-2/worktree/tests/testcore/functional_test_base.go:600"}
2026-09-10T01:30:21.347Z	debug	Frontend method invoked.	{"wf-namespace": "external-namespace-d3d66242-f417-4e7e-8fae-7ed765f2fd84", "operation": "DescribeNamespace", "server-name": "", "cert-thumbprint": "", "logging-call-at": "/home/ubuntu/temporal-investigation-20260909/overnight-20260909/specula-engine/runs/temporal-reset-20260909-restart-1600/temporal-reset/.specula-output/confirmation/CR-2/worktree/common/rpc/interceptor/namespace_logger.go:53"}
2026-09-10T01:30:21.347Z	info	Quota changed	{"component": "rpc-handler", "current-quota": null, "new-quota": 2400, "scope": "namespace", "service": "frontend", "wf-namespace": "external-namespace-d3d66242-f417-4e7e-8fae-7ed765f2fd84", "logging-call-at": "/home/ubuntu/temporal-investigation-20260909/overnight-20260909/specula-engine/runs/temporal-reset-20260909-restart-1600/temporal-reset/.specula-output/confirmation/CR-2/worktree/common/quotas/calculator/logged_calculator.go:100"}
2026-09-10T01:30:21.347Z	info	Quota changed	{"component": "persistence", "current-quota": null, "new-quota": 0, "scope": "namespace", "service": "frontend", "wf-namespace": "external-namespace-d3d66242-f417-4e7e-8fae-7ed765f2fd84", "logging-call-at": "/home/ubuntu/temporal-investigation-20260909/overnight-20260909/specula-engine/runs/temporal-reset-20260909-restart-1600/temporal-reset/.specula-output/confirmation/CR-2/worktree/common/quotas/calculator/logged_calculator.go:100"}
2026-09-10T01:30:21.347Z	debug	Frontend method invoked.	{"wf-namespace": "external-namespace-d3d66242-f417-4e7e-8fae-7ed765f2fd84", "operation": "AddSearchAttributes", "server-name": "", "cert-thumbprint": "", "logging-call-at": "/home/ubuntu/temporal-investigation-20260909/overnight-20260909/specula-engine/runs/temporal-reset-20260909-restart-1600/temporal-reset/.specula-output/confirmation/CR-2/worktree/common/rpc/interceptor/namespace_logger.go:53"}
2026-09-10T01:30:21.347Z	debug	Frontend method invoked.	{"wf-namespace": "external-namespace-d3d66242-f417-4e7e-8fae-7ed765f2fd84", "operation": "DescribeNamespace", "server-name": "", "cert-thumbprint": "", "logging-call-at": "/home/ubuntu/temporal-investigation-20260909/overnight-20260909/specula-engine/runs/temporal-reset-20260909-restart-1600/temporal-reset/.specula-output/confirmation/CR-2/worktree/common/rpc/interceptor/namespace_logger.go:53"}
2026-09-10T01:30:21.348Z	debug	Frontend method invoked.	{"wf-namespace": "external-namespace-d3d66242-f417-4e7e-8fae-7ed765f2fd84", "operation": "UpdateNamespace", "server-name": "", "cert-thumbprint": "", "logging-call-at": "/home/ubuntu/temporal-investigation-20260909/overnight-20260909/specula-engine/runs/temporal-reset-20260909-restart-1600/temporal-reset/.specula-output/confirmation/CR-2/worktree/common/rpc/interceptor/namespace_logger.go:53"}
2026-09-10T01:30:21.348Z	info	Quota changed	{"component": "namespace-replication", "current-quota": null, "new-quota": 10, "scope": "namespace", "service": "frontend", "wf-namespace": "external-namespace-d3d66242-f417-4e7e-8fae-7ed765f2fd84", "logging-call-at": "/home/ubuntu/temporal-investigation-20260909/overnight-20260909/specula-engine/runs/temporal-reset-20260909-restart-1600/temporal-reset/.specula-output/confirmation/CR-2/worktree/common/quotas/calculator/logged_calculator.go:100"}
2026-09-10T01:30:21.348Z	info	Update namespace succeeded	{"service": "frontend", "wf-namespace": "external-namespace-d3d66242-f417-4e7e-8fae-7ed765f2fd84", "wf-namespace-id": "961c9010-cd27-40a0-a643-8208741828dd", "logging-call-at": "/home/ubuntu/temporal-investigation-20260909/overnight-20260909/specula-engine/runs/temporal-reset-20260909-restart-1600/temporal-reset/.specula-output/confirmation/CR-2/worktree/service/frontend/namespace_handler.go:667"}
2026-09-10T01:30:21.348Z	debug	Frontend method invoked.	{"wf-namespace": "external-namespace-d3d66242-f417-4e7e-8fae-7ed765f2fd84", "operation": "ListSearchAttributes", "server-name": "", "cert-thumbprint": "", "logging-call-at": "/home/ubuntu/temporal-investigation-20260909/overnight-20260909/specula-engine/runs/temporal-reset-20260909-restart-1600/temporal-reset/.specula-output/confirmation/CR-2/worktree/common/rpc/interceptor/namespace_logger.go:53"}
2026-09-10T01:30:21.349Z	debug	Frontend method invoked.	{"wf-namespace": "external-namespace-d3d66242-f417-4e7e-8fae-7ed765f2fd84", "operation": "DescribeNamespace", "server-name": "", "cert-thumbprint": "", "logging-call-at": "/home/ubuntu/temporal-investigation-20260909/overnight-20260909/specula-engine/runs/temporal-reset-20260909-restart-1600/temporal-reset/.specula-output/confirmation/CR-2/worktree/common/rpc/interceptor/namespace_logger.go:53"}
2026-09-10T01:30:21.349Z	info	Register namespace succeeded	{"wf-namespace": "external-namespace-d3d66242-f417-4e7e-8fae-7ed765f2fd84", "wf-namespace-id": "961c9010-cd27-40a0-a643-8208741828dd", "logging-call-at": "/home/ubuntu/temporal-investigation-20260909/overnight-20260909/specula-engine/runs/temporal-reset-20260909-restart-1600/temporal-reset/.specula-output/confirmation/CR-2/worktree/tests/testcore/functional_test_base.go:600"}
2026/09/10 01:30:21 CLUSTEREVENT {"kind":"dedicated","reason":"fault injection config used","suite":"TestWorkflowResetTestSuite","test":"TestWorkflowResetTestSuite/TestAnalysisMissingCurrentRecovery/competing-start","worker":false}
    shared_cluster_t.go:72: 2026-09-10T01:30:21.349Z	debug	Frontend method invoked.	{"wf-namespace": "TestWorkflowResetTestSuite-TestAnalysisMissingCurrentRecovery-competing-start-a982ca1a-b8b1-4562-8509-a9d81d6b225d", "operation": "DescribeNamespace", "server-name": "", "cert-thumbprint": "", "logging-call-at": "/home/ubuntu/temporal-investigation-20260909/overnight-20260909/specula-engine/runs/temporal-reset-20260909-restart-1600/temporal-reset/.specula-output/confirmation/CR-2/worktree/common/rpc/interceptor/namespace_logger.go:53"}
    shared_cluster_t.go:72: 2026-09-10T01:30:21.349Z	info	Quota changed	{"component": "rpc-handler", "current-quota": null, "new-quota": 2400, "scope": "namespace", "service": "frontend", "wf-namespace": "TestWorkflowResetTestSuite-TestAnalysisMissingCurrentRecovery-competing-start-a982ca1a-b8b1-4562-8509-a9d81d6b225d", "logging-call-at": "/home/ubuntu/temporal-investigation-20260909/overnight-20260909/specula-engine/runs/temporal-reset-20260909-restart-1600/temporal-reset/.specula-output/confirmation/CR-2/worktree/common/quotas/calculator/logged_calculator.go:100"}
    shared_cluster_t.go:72: 2026-09-10T01:30:21.349Z	info	Quota changed	{"component": "persistence", "current-quota": null, "new-quota": 0, "scope": "namespace", "service": "frontend", "wf-namespace": "TestWorkflowResetTestSuite-TestAnalysisMissingCurrentRecovery-competing-start-a982ca1a-b8b1-4562-8509-a9d81d6b225d", "logging-call-at": "/home/ubuntu/temporal-investigation-20260909/overnight-20260909/specula-engine/runs/temporal-reset-20260909-restart-1600/temporal-reset/.specula-output/confirmation/CR-2/worktree/common/quotas/calculator/logged_calculator.go:100"}
    shared_cluster_t.go:72: 2026-09-10T01:30:21.349Z	debug	Frontend method invoked.	{"wf-namespace": "TestWorkflowResetTestSuite-TestAnalysisMissingCurrentRecovery-competing-start-a982ca1a-b8b1-4562-8509-a9d81d6b225d", "operation": "AddSearchAttributes", "server-name": "", "cert-thumbprint": "", "logging-call-at": "/home/ubuntu/temporal-investigation-20260909/overnight-20260909/specula-engine/runs/temporal-reset-20260909-restart-1600/temporal-reset/.specula-output/confirmation/CR-2/worktree/common/rpc/interceptor/namespace_logger.go:53"}
    shared_cluster_t.go:72: 2026-09-10T01:30:21.350Z	debug	Frontend method invoked.	{"wf-namespace": "TestWorkflowResetTestSuite-TestAnalysisMissingCurrentRecovery-competing-start-a982ca1a-b8b1-4562-8509-a9d81d6b225d", "operation": "DescribeNamespace", "server-name": "", "cert-thumbprint": "", "logging-call-at": "/home/ubuntu/temporal-investigation-20260909/overnight-20260909/specula-engine/runs/temporal-reset-20260909-restart-1600/temporal-reset/.specula-output/confirmation/CR-2/worktree/common/rpc/interceptor/namespace_logger.go:53"}
    shared_cluster_t.go:72: 2026-09-10T01:30:21.350Z	debug	Frontend method invoked.	{"wf-namespace": "TestWorkflowResetTestSuite-TestAnalysisMissingCurrentRecovery-competing-start-a982ca1a-b8b1-4562-8509-a9d81d6b225d", "operation": "UpdateNamespace", "server-name": "", "cert-thumbprint": "", "logging-call-at": "/home/ubuntu/temporal-investigation-20260909/overnight-20260909/specula-engine/runs/temporal-reset-20260909-restart-1600/temporal-reset/.specula-output/confirmation/CR-2/worktree/common/rpc/interceptor/namespace_logger.go:53"}
    shared_cluster_t.go:72: 2026-09-10T01:30:21.350Z	info	Quota changed	{"component": "namespace-replication", "current-quota": null, "new-quota": 10, "scope": "namespace", "service": "frontend", "wf-namespace": "TestWorkflowResetTestSuite-TestAnalysisMissingCurrentRecovery-competing-start-a982ca1a-b8b1-4562-8509-a9d81d6b225d", "logging-call-at": "/home/ubuntu/temporal-investigation-20260909/overnight-20260909/specula-engine/runs/temporal-reset-20260909-restart-1600/temporal-reset/.specula-output/confirmation/CR-2/worktree/common/quotas/calculator/logged_calculator.go:100"}
    shared_cluster_t.go:72: 2026-09-10T01:30:21.350Z	info	Update namespace succeeded	{"service": "frontend", "wf-namespace": "TestWorkflowResetTestSuite-TestAnalysisMissingCurrentRecovery-competing-start-a982ca1a-b8b1-4562-8509-a9d81d6b225d", "wf-namespace-id": "f6830043-3819-40a7-ab67-47644d753dda", "logging-call-at": "/home/ubuntu/temporal-investigation-20260909/overnight-20260909/specula-engine/runs/temporal-reset-20260909-restart-1600/temporal-reset/.specula-output/confirmation/CR-2/worktree/service/frontend/namespace_handler.go:667"}
    shared_cluster_t.go:72: 2026-09-10T01:30:21.350Z	debug	Frontend method invoked.	{"wf-namespace": "TestWorkflowResetTestSuite-TestAnalysisMissingCurrentRecovery-competing-start-a982ca1a-b8b1-4562-8509-a9d81d6b225d", "operation": "ListSearchAttributes", "server-name": "", "cert-thumbprint": "", "logging-call-at": "/home/ubuntu/temporal-investigation-20260909/overnight-20260909/specula-engine/runs/temporal-reset-20260909-restart-1600/temporal-reset/.specula-output/confirmation/CR-2/worktree/common/rpc/interceptor/namespace_logger.go:53"}
    shared_cluster_t.go:72: 2026-09-10T01:30:21.351Z	debug	Frontend method invoked.	{"wf-namespace": "TestWorkflowResetTestSuite-TestAnalysisMissingCurrentRecovery-competing-start-a982ca1a-b8b1-4562-8509-a9d81d6b225d", "operation": "DescribeNamespace", "server-name": "", "cert-thumbprint": "", "logging-call-at": "/home/ubuntu/temporal-investigation-20260909/overnight-20260909/specula-engine/runs/temporal-reset-20260909-restart-1600/temporal-reset/.specula-output/confirmation/CR-2/worktree/common/rpc/interceptor/namespace_logger.go:53"}
    shared_cluster_t.go:72: 2026-09-10T01:30:21.351Z	info	Register namespace succeeded	{"wf-namespace": "TestWorkflowResetTestSuite-TestAnalysisMissingCurrentRecovery-competing-start-a982ca1a-b8b1-4562-8509-a9d81d6b225d", "wf-namespace-id": "f6830043-3819-40a7-ab67-47644d753dda", "logging-call-at": "/home/ubuntu/temporal-investigation-20260909/overnight-20260909/specula-engine/runs/temporal-reset-20260909-restart-1600/temporal-reset/.specula-output/confirmation/CR-2/worktree/tests/testcore/functional_test_base.go:600"}
    shared_cluster_t.go:72: 2026-09-10T01:30:21.351Z	debug	Frontend method invoked.	{"wf-namespace": "", "operation": "GetSystemInfo", "server-name": "", "cert-thumbprint": "", "logging-call-at": "/home/ubuntu/temporal-investigation-20260909/overnight-20260909/specula-engine/runs/temporal-reset-20260909-restart-1600/temporal-reset/.specula-output/confirmation/CR-2/worktree/common/rpc/interceptor/namespace_logger.go:53"}
    shared_cluster_t.go:72: 2026-09-10T01:30:21.352Z	debug	routing key extraction: adding routing key to context	{"wf-id": "TestWorkflowResetTestSuite/TestAnalysisMissingCurrentRecovery/competing-start_workflow_id", "grpc-method": "/temporal.api.workflowservice.v1.WorkflowService/StartWorkflowExecution", "logging-call-at": "/home/ubuntu/temporal-investigation-20260909/overnight-20260909/specula-engine/runs/temporal-reset-20260909-restart-1600/temporal-reset/.specula-output/confirmation/CR-2/worktree/common/rpc/interceptor/routing_key_interceptor.go:112"}
    shared_cluster_t.go:72: 2026-09-10T01:30:21.352Z	debug	Frontend method invoked.	{"wf-namespace": "TestWorkflowResetTestSuite-TestAnalysisMissingCurrentRecovery-competing-start-a982ca1a-b8b1-4562-8509-a9d81d6b225d", "operation": "StartWorkflowExecution", "server-name": "", "cert-thumbprint": "", "logging-call-at": "/home/ubuntu/temporal-investigation-20260909/overnight-20260909/specula-engine/runs/temporal-reset-20260909-restart-1600/temporal-reset/.specula-output/confirmation/CR-2/worktree/common/rpc/interceptor/namespace_logger.go:53"}
    shared_cluster_t.go:72: 2026-09-10T01:30:21.352Z	debug	Received StartWorkflowExecution.	{"service": "frontend", "wf-id": "TestWorkflowResetTestSuite/TestAnalysisMissingCurrentRecovery/competing-start_workflow_id", "wf-type": "test-workflow-arg", "logging-call-at": "/home/ubuntu/temporal-investigation-20260909/overnight-20260909/specula-engine/runs/temporal-reset-20260909-restart-1600/temporal-reset/.specula-output/confirmation/CR-2/worktree/service/frontend/workflow_handler.go:561"}
    shared_cluster_t.go:72: 2026-09-10T01:30:21.352Z	debug	Start workflow execution request namespace.	{"service": "frontend", "wf-namespace": "TestWorkflowResetTestSuite-TestAnalysisMissingCurrentRecovery-competing-start-a982ca1a-b8b1-4562-8509-a9d81d6b225d", "logging-call-at": "/home/ubuntu/temporal-investigation-20260909/overnight-20260909/specula-engine/runs/temporal-reset-20260909-restart-1600/temporal-reset/.specula-output/confirmation/CR-2/worktree/service/frontend/workflow_handler.go:565"}
    shared_cluster_t.go:72: 2026-09-10T01:30:21.352Z	debug	Start workflow execution request namespaceID.	{"service": "frontend", "wf-namespace-id": "f6830043-3819-40a7-ab67-47644d753dda", "logging-call-at": "/home/ubuntu/temporal-investigation-20260909/overnight-20260909/specula-engine/runs/temporal-reset-20260909-restart-1600/temporal-reset/.specula-output/confirmation/CR-2/worktree/service/frontend/workflow_handler.go:570"}
    shared_cluster_t.go:72: 2026-09-10T01:30:21.353Z	debug	Workflow task updated	{"address": "127.0.0.1:46389", "attempt": 1, "shard-id": 1, "wf-id": "TestWorkflowResetTestSuite/TestAnalysisMissingCurrentRecovery/competing-start_workflow_id", "wf-namespace": "TestWorkflowResetTestSuite-TestAnalysisMissingCurrentRecovery-competing-start-a982ca1a-b8b1-4562-8509-a9d81d6b225d", "wf-run-id": "01a088ef-f129-799c-a619-1a495ee8d579", "wf-scheduled-event-id": 2, "wf-started-event-id": 0, "wf-started-timestamp": "0001-01-01T00:00:00.000Z", "workflow-task-request-id": "emptyUuid", "workflow-task-timeout": 10, "wt-type": "Normal", "logging-call-at": "/home/ubuntu/temporal-investigation-20260909/overnight-20260909/specula-engine/runs/temporal-reset-20260909-restart-1600/temporal-reset/.specula-output/confirmation/CR-2/worktree/common/log/lazy_logger.go:30"}
    shared_cluster_t.go:72: 2026-09-10T01:30:21.353Z	debug	time skipping skipped for: time skipping is not enabled	{"address": "127.0.0.1:46389", "shard-id": 1, "wf-id": "TestWorkflowResetTestSuite/TestAnalysisMissingCurrentRecovery/competing-start_workflow_id", "wf-namespace": "TestWorkflowResetTestSuite-TestAnalysisMissingCurrentRecovery-competing-start-a982ca1a-b8b1-4562-8509-a9d81d6b225d", "wf-run-id": "01a088ef-f129-799c-a619-1a495ee8d579", "logging-call-at": "/home/ubuntu/temporal-investigation-20260909/overnight-20260909/specula-engine/runs/temporal-reset-20260909-restart-1600/temporal-reset/.specula-output/confirmation/CR-2/worktree/common/log/lazy_logger.go:30"}
    shared_cluster_t.go:72: 2026-09-10T01:30:21.353Z	debug	Assigning new task key	{"address": "127.0.0.1:46389", "cursor-timestamp": "2026-09-10T01:30:22.344Z", "queue-task-id": 1048579, "queue-task-type": "VisibilityStartExecution", "shard-id": 1, "timestamp": "2026-09-10T01:30:21.353Z", "wf-id": "TestWorkflowResetTestSuite/TestAnalysisMissingCurrentRecovery/competing-start_workflow_id", "wf-namespace-id": "f6830043-3819-40a7-ab67-47644d753dda", "wf-run-id": "01a088ef-f129-799c-a619-1a495ee8d579", "logging-call-at": "/home/ubuntu/temporal-investigation-20260909/overnight-20260909/specula-engine/runs/temporal-reset-20260909-restart-1600/temporal-reset/.specula-output/confirmation/CR-2/worktree/service/history/shard/task_key_generator.go:98"}
    shared_cluster_t.go:72: 2026-09-10T01:30:21.353Z	debug	Assigning new task key	{"address": "127.0.0.1:46389", "cursor-timestamp": "2026-09-10T01:30:22.344Z", "queue-task-id": 1048580, "queue-task-type": "TransferWorkflowTask", "shard-id": 1, "timestamp": "2026-09-10T01:30:21.353Z", "wf-id": "TestWorkflowResetTestSuite/TestAnalysisMissingCurrentRecovery/competing-start_workflow_id", "wf-namespace-id": "f6830043-3819-40a7-ab67-47644d753dda", "wf-run-id": "01a088ef-f129-799c-a619-1a495ee8d579", "logging-call-at": "/home/ubuntu/temporal-investigation-20260909/overnight-20260909/specula-engine/runs/temporal-reset-20260909-restart-1600/temporal-reset/.specula-output/confirmation/CR-2/worktree/service/history/shard/task_key_generator.go:98"}
    shared_cluster_t.go:72: 2026-09-10T01:30:21.353Z	info	Quota changed	{"component": "persistence", "current-quota": null, "new-quota": 0, "scope": "namespace", "service": "history", "wf-namespace": "TestWorkflowResetTestSuite-TestAnalysisMissingCurrentRecovery-competing-start-a982ca1a-b8b1-4562-8509-a9d81d6b225d", "logging-call-at": "/home/ubuntu/temporal-investigation-20260909/overnight-20260909/specula-engine/runs/temporal-reset-20260909-restart-1600/temporal-reset/.specula-output/confirmation/CR-2/worktree/common/quotas/calculator/logged_calculator.go:100"}
    shared_cluster_t.go:72: 2026-09-10T01:30:21.354Z	info	ContextMetadataInterceptor: Setting trailer	{"trailer": {"contextmetadata-bin":["\n\"\n\rworkflow-type\u0012\u0011test-workflow-arg\no\n\u0013workflow-task-queue\u0012XTestWorkflowResetTestSuite/TestAnalysisMissingCurrentRecovery/competing-start_task_queue"],"contextmetadata-workflow-task-queue":["TestWorkflowResetTestSuite/TestAnalysisMissingCurrentRecovery/competing-start_task_queue"],"contextmetadata-workflow-type":["test-workflow-arg"],"workflow-task-queue":["TestWorkflowResetTestSuite/TestAnalysisMissingCurrentRecovery/competing-start_task_queue"],"workflow-type":["test-workflow-arg"]}, "fullMethod": "/temporal.server.api.historyservice.v1.HistoryService/StartWorkflowExecution", "logging-call-at": "/home/ubuntu/temporal-investigation-20260909/overnight-20260909/specula-engine/runs/temporal-reset-20260909-restart-1600/temporal-reset/.specula-output/confirmation/CR-2/worktree/common/log/throttle_logger.go:44"}
    shared_cluster_t.go:72: 2026-09-10T01:30:21.354Z	debug	Frontend method invoked.	{"wf-namespace": "TestWorkflowResetTestSuite-TestAnalysisMissingCurrentRecovery-competing-start-a982ca1a-b8b1-4562-8509-a9d81d6b225d", "operation": "PollWorkflowTaskQueue", "server-name": "", "cert-thumbprint": "", "logging-call-at": "/home/ubuntu/temporal-investigation-20260909/overnight-20260909/specula-engine/runs/temporal-reset-20260909-restart-1600/temporal-reset/.specula-output/confirmation/CR-2/worktree/common/rpc/interceptor/namespace_logger.go:53"}
    shared_cluster_t.go:72: 2026-09-10T01:30:21.355Z	info	Quota changed	{"component": "long-poll-handler", "current-quota": null, "new-quota": 1200, "scope": "namespace", "service": "frontend", "wf-namespace": "TestWorkflowResetTestSuite-TestAnalysisMissingCurrentRecovery-competing-start-a982ca1a-b8b1-4562-8509-a9d81d6b225d", "logging-call-at": "/home/ubuntu/temporal-investigation-20260909/overnight-20260909/specula-engine/runs/temporal-reset-20260909-restart-1600/temporal-reset/.specula-output/confirmation/CR-2/worktree/common/quotas/calculator/logged_calculator.go:100"}
    shared_cluster_t.go:72: 2026-09-10T01:30:21.355Z	debug	Received PollWorkflowTaskQueue	{"service": "frontend", "logging-call-at": "/home/ubuntu/temporal-investigation-20260909/overnight-20260909/specula-engine/runs/temporal-reset-20260909-restart-1600/temporal-reset/.specula-output/confirmation/CR-2/worktree/service/frontend/workflow_handler.go:1079"}
    shared_cluster_t.go:72: 2026-09-10T01:30:21.355Z	debug	Poll workflow task queue.	{"service": "frontend", "wf-namespace": "TestWorkflowResetTestSuite-TestAnalysisMissingCurrentRecovery-competing-start-a982ca1a-b8b1-4562-8509-a9d81d6b225d", "wf-namespace-id": "f6830043-3819-40a7-ab67-47644d753dda", "logging-call-at": "/home/ubuntu/temporal-investigation-20260909/overnight-20260909/specula-engine/runs/temporal-reset-20260909-restart-1600/temporal-reset/.specula-output/confirmation/CR-2/worktree/service/frontend/workflow_handler.go:1116"}
    shared_cluster_t.go:72: 2026-09-10T01:30:21.355Z	info	Quota changed	{"component": "persistence", "current-quota": null, "new-quota": 0, "scope": "namespace", "service": "matching", "wf-namespace": "TestWorkflowResetTestSuite-TestAnalysisMissingCurrentRecovery-competing-start-a982ca1a-b8b1-4562-8509-a9d81d6b225d", "logging-call-at": "/home/ubuntu/temporal-investigation-20260909/overnight-20260909/specula-engine/runs/temporal-reset-20260909-restart-1600/temporal-reset/.specula-output/confirmation/CR-2/worktree/common/quotas/calculator/logged_calculator.go:100"}
    shared_cluster_t.go:72: 2026-09-10T01:30:21.355Z	info	loaded user data from db	{"component": "matching-engine", "timestamp": "1970-01-01T00:00:00.000Z", "user-data-version": 0, "wf-namespace": "TestWorkflowResetTestSuite-TestAnalysisMissingCurrentRecovery-competing-start-a982ca1a-b8b1-4562-8509-a9d81d6b225d", "wf-task-queue-name": "TestWorkflowResetTestSuite/TestAnalysisMissingCurrentRecovery/competing-start_task_queue", "wf-task-queue-type": "Workflow", "logging-call-at": "/home/ubuntu/temporal-investigation-20260909/overnight-20260909/specula-engine/runs/temporal-reset-20260909-restart-1600/temporal-reset/.specula-output/confirmation/CR-2/worktree/service/matching/user_data_manager.go:871"}
    shared_cluster_t.go:72: 2026-09-10T01:30:21.355Z	info	Started physicalTaskQueueManager	{"backlog": "priority", "cause": "Poll", "component": "matching-engine", "lifecycle": "Started", "wf-namespace": "TestWorkflowResetTestSuite-TestAnalysisMissingCurrentRecovery-competing-start-a982ca1a-b8b1-4562-8509-a9d81d6b225d", "wf-task-queue-name": "TestWorkflowResetTestSuite/TestAnalysisMissingCurrentRecovery/competing-start_task_queue", "wf-task-queue-type": "Workflow", "worker-version": "_unversioned_", "logging-call-at": "/home/ubuntu/temporal-investigation-20260909/overnight-20260909/specula-engine/runs/temporal-reset-20260909-restart-1600/temporal-reset/.specula-output/confirmation/CR-2/worktree/service/matching/physical_task_queue_manager.go:312"}
    shared_cluster_t.go:72: 2026-09-10T01:30:21.355Z	info	Starting draining	{"backlog": "fairness-drain", "component": "matching-engine", "wf-namespace": "TestWorkflowResetTestSuite-TestAnalysisMissingCurrentRecovery-competing-start-a982ca1a-b8b1-4562-8509-a9d81d6b225d", "wf-task-queue-name": "TestWorkflowResetTestSuite/TestAnalysisMissingCurrentRecovery/competing-start_task_queue", "wf-task-queue-type": "Workflow", "worker-version": "_unversioned_", "logging-call-at": "/home/ubuntu/temporal-investigation-20260909/overnight-20260909/specula-engine/runs/temporal-reset-20260909-restart-1600/temporal-reset/.specula-output/confirmation/CR-2/worktree/service/matching/physical_task_queue_manager.go:430"}
    shared_cluster_t.go:72: 2026-09-10T01:30:21.356Z	debug	returning empty user data (no data or no change)	{"component": "matching-engine", "wf-namespace": "TestWorkflowResetTestSuite-TestAnalysisMissingCurrentRecovery-competing-start-a982ca1a-b8b1-4562-8509-a9d81d6b225d", "wf-task-queue-name": "TestWorkflowResetTestSuite/TestAnalysisMissingCurrentRecovery/competing-start_task_queue", "wf-task-queue-type": "Workflow", "logging-call-at": "/home/ubuntu/temporal-investigation-20260909/overnight-20260909/specula-engine/runs/temporal-reset-20260909-restart-1600/temporal-reset/.specula-output/confirmation/CR-2/worktree/service/matching/user_data_manager.go:644"}
    shared_cluster_t.go:72: 2026-09-10T01:30:21.356Z	debug	returning empty user data (no data or no change)	{"component": "matching-engine", "wf-namespace": "TestWorkflowResetTestSuite-TestAnalysisMissingCurrentRecovery-competing-start-a982ca1a-b8b1-4562-8509-a9d81d6b225d", "wf-task-queue-name": "TestWorkflowResetTestSuite/TestAnalysisMissingCurrentRecovery/competing-start_task_queue", "wf-task-queue-type": "Workflow", "logging-call-at": "/home/ubuntu/temporal-investigation-20260909/overnight-20260909/specula-engine/runs/temporal-reset-20260909-restart-1600/temporal-reset/.specula-output/confirmation/CR-2/worktree/service/matching/user_data_manager.go:644"}
    shared_cluster_t.go:72: 2026-09-10T01:30:21.356Z	debug	returning empty user data (no data or no change)	{"component": "matching-engine", "wf-namespace": "TestWorkflowResetTestSuite-TestAnalysisMissingCurrentRecovery-competing-start-a982ca1a-b8b1-4562-8509-a9d81d6b225d", "wf-task-queue-name": "TestWorkflowResetTestSuite/TestAnalysisMissingCurrentRecovery/competing-start_task_queue", "wf-task-queue-type": "Workflow", "logging-call-at": "/home/ubuntu/temporal-investigation-20260909/overnight-20260909/specula-engine/runs/temporal-reset-20260909-restart-1600/temporal-reset/.specula-output/confirmation/CR-2/worktree/service/matching/user_data_manager.go:644"}
    shared_cluster_t.go:72: 2026-09-10T01:30:21.356Z	info	TrailerToContextMetadataInterceptor: No metadata in trailer	{"contextWrapped": false, "method": "/temporal.server.api.matchingservice.v1.MatchingService/GetTaskQueueUserData", "service": "matching", "logging-call-at": "/home/ubuntu/temporal-investigation-20260909/overnight-20260909/specula-engine/runs/temporal-reset-20260909-restart-1600/temporal-reset/.specula-output/confirmation/CR-2/worktree/common/log/throttle_logger.go:44"}
    shared_cluster_t.go:72: 2026-09-10T01:30:21.356Z	debug	fetched user data from parent, no change	{"component": "matching-engine", "wf-namespace": "TestWorkflowResetTestSuite-TestAnalysisMissingCurrentRecovery-competing-start-a982ca1a-b8b1-4562-8509-a9d81d6b225d", "wf-task-queue-name": "/_sys/TestWorkflowResetTestSuite/TestAnalysisMissingCurrentRecovery/competing-start_task_queue/3", "wf-task-queue-type": "Workflow", "logging-call-at": "/home/ubuntu/temporal-investigation-20260909/overnight-20260909/specula-engine/runs/temporal-reset-20260909-restart-1600/temporal-reset/.specula-output/confirmation/CR-2/worktree/service/matching/user_data_manager.go:351"}
    shared_cluster_t.go:72: 2026-09-10T01:30:21.356Z	debug	fetched user data from parent, no change	{"component": "matching-engine", "wf-namespace": "TestWorkflowResetTestSuite-TestAnalysisMissingCurrentRecovery-competing-start-a982ca1a-b8b1-4562-8509-a9d81d6b225d", "wf-task-queue-name": "/_sys/TestWorkflowResetTestSuite/TestAnalysisMissingCurrentRecovery/competing-start_task_queue/2", "wf-task-queue-type": "Workflow", "logging-call-at": "/home/ubuntu/temporal-investigation-20260909/overnight-20260909/specula-engine/runs/temporal-reset-20260909-restart-1600/temporal-reset/.specula-output/confirmation/CR-2/worktree/service/matching/user_data_manager.go:351"}
    shared_cluster_t.go:72: 2026-09-10T01:30:21.356Z	debug	fetched user data from parent, no change	{"component": "matching-engine", "wf-namespace": "TestWorkflowResetTestSuite-TestAnalysisMissingCurrentRecovery-competing-start-a982ca1a-b8b1-4562-8509-a9d81d6b225d", "wf-task-queue-name": "/_sys/TestWorkflowResetTestSuite/TestAnalysisMissingCurrentRecovery/competing-start_task_queue/1", "wf-task-queue-type": "Workflow", "logging-call-at": "/home/ubuntu/temporal-investigation-20260909/overnight-20260909/specula-engine/runs/temporal-reset-20260909-restart-1600/temporal-reset/.specula-output/confirmation/CR-2/worktree/service/matching/user_data_manager.go:351"}
    shared_cluster_t.go:72: 2026-09-10T01:30:21.356Z	info	Started physicalTaskQueueManager	{"backlog": "priority", "cause": "Force", "component": "matching-engine", "lifecycle": "Started", "wf-namespace": "TestWorkflowResetTestSuite-TestAnalysisMissingCurrentRecovery-competing-start-a982ca1a-b8b1-4562-8509-a9d81d6b225d", "wf-task-queue-name": "/_sys/TestWorkflowResetTestSuite/TestAnalysisMissingCurrentRecovery/competing-start_task_queue/3", "wf-task-queue-type": "Workflow", "worker-version": "_unversioned_", "logging-call-at": "/home/ubuntu/temporal-investigation-20260909/overnight-20260909/specula-engine/runs/temporal-reset-20260909-restart-1600/temporal-reset/.specula-output/confirmation/CR-2/worktree/service/matching/physical_task_queue_manager.go:312"}
    shared_cluster_t.go:72: 2026-09-10T01:30:21.356Z	info	Started physicalTaskQueueManager	{"backlog": "priority", "cause": "Force", "component": "matching-engine", "lifecycle": "Started", "wf-namespace": "TestWorkflowResetTestSuite-TestAnalysisMissingCurrentRecovery-competing-start-a982ca1a-b8b1-4562-8509-a9d81d6b225d", "wf-task-queue-name": "/_sys/TestWorkflowResetTestSuite/TestAnalysisMissingCurrentRecovery/competing-start_task_queue/2", "wf-task-queue-type": "Workflow", "worker-version": "_unversioned_", "logging-call-at": "/home/ubuntu/temporal-investigation-20260909/overnight-20260909/specula-engine/runs/temporal-reset-20260909-restart-1600/temporal-reset/.specula-output/confirmation/CR-2/worktree/service/matching/physical_task_queue_manager.go:312"}
    shared_cluster_t.go:72: 2026-09-10T01:30:21.357Z	info	Started physicalTaskQueueManager	{"backlog": "priority", "cause": "Force", "component": "matching-engine", "lifecycle": "Started", "wf-namespace": "TestWorkflowResetTestSuite-TestAnalysisMissingCurrentRecovery-competing-start-a982ca1a-b8b1-4562-8509-a9d81d6b225d", "wf-task-queue-name": "/_sys/TestWorkflowResetTestSuite/TestAnalysisMissingCurrentRecovery/competing-start_task_queue/1", "wf-task-queue-type": "Workflow", "worker-version": "_unversioned_", "logging-call-at": "/home/ubuntu/temporal-investigation-20260909/overnight-20260909/specula-engine/runs/temporal-reset-20260909-restart-1600/temporal-reset/.specula-output/confirmation/CR-2/worktree/service/matching/physical_task_queue_manager.go:312"}
    shared_cluster_t.go:72: 2026-09-10T01:30:21.357Z	info	Starting draining	{"backlog": "fairness-drain", "component": "matching-engine", "wf-namespace": "TestWorkflowResetTestSuite-TestAnalysisMissingCurrentRecovery-competing-start-a982ca1a-b8b1-4562-8509-a9d81d6b225d", "wf-task-queue-name": "/_sys/TestWorkflowResetTestSuite/TestAnalysisMissingCurrentRecovery/competing-start_task_queue/2", "wf-task-queue-type": "Workflow", "worker-version": "_unversioned_", "logging-call-at": "/home/ubuntu/temporal-investigation-20260909/overnight-20260909/specula-engine/runs/temporal-reset-20260909-restart-1600/temporal-reset/.specula-output/confirmation/CR-2/worktree/service/matching/physical_task_queue_manager.go:430"}
    shared_cluster_t.go:72: 2026-09-10T01:30:21.357Z	info	Starting draining	{"backlog": "fairness-drain", "component": "matching-engine", "wf-namespace": "TestWorkflowResetTestSuite-TestAnalysisMissingCurrentRecovery-competing-start-a982ca1a-b8b1-4562-8509-a9d81d6b225d", "wf-task-queue-name": "/_sys/TestWorkflowResetTestSuite/TestAnalysisMissingCurrentRecovery/competing-start_task_queue/3", "wf-task-queue-type": "Workflow", "worker-version": "_unversioned_", "logging-call-at": "/home/ubuntu/temporal-investigation-20260909/overnight-20260909/specula-engine/runs/temporal-reset-20260909-restart-1600/temporal-reset/.specula-output/confirmation/CR-2/worktree/service/matching/physical_task_queue_manager.go:430"}
    shared_cluster_t.go:72: 2026-09-10T01:30:21.357Z	info	Starting draining	{"backlog": "fairness-drain", "component": "matching-engine", "wf-namespace": "TestWorkflowResetTestSuite-TestAnalysisMissingCurrentRecovery-competing-start-a982ca1a-b8b1-4562-8509-a9d81d6b225d", "wf-task-queue-name": "/_sys/TestWorkflowResetTestSuite/TestAnalysisMissingCurrentRecovery/competing-start_task_queue/1", "wf-task-queue-type": "Workflow", "worker-version": "_unversioned_", "logging-call-at": "/home/ubuntu/temporal-investigation-20260909/overnight-20260909/specula-engine/runs/temporal-reset-20260909-restart-1600/temporal-reset/.specula-output/confirmation/CR-2/worktree/service/matching/physical_task_queue_manager.go:430"}
    shared_cluster_t.go:72: 2026-09-10T01:30:21.391Z	debug	Process task as active.	{"address": "127.0.0.1:46389", "component": "transfer-queue-processor", "shard-id": 1, "value": "WorkflowTask{WorkflowKey: f6830043-3819-40a7-ab67-47644d753dda/TestWorkflowResetTestSuite/TestAnalysisMissingCurrentRecovery/competing-start_workflow_id/01a088ef-f129-799c-a619-1a495ee8d579, VisibilityTimestamp: 2026-09-10 01:30:21.353902043 +0000 UTC, TaskID: 1048580, TaskQueue: TestWorkflowResetTestSuite/TestAnalysisMissingCurrentRecovery/competing-start_task_queue, ScheduledEventID: 2, Version: 0}", "wf-namespace-id": "f6830043-3819-40a7-ab67-47644d753dda", "logging-call-at": "/home/ubuntu/temporal-investigation-20260909/overnight-20260909/specula-engine/runs/temporal-reset-20260909-restart-1600/temporal-reset/.specula-output/confirmation/CR-2/worktree/service/history/queues/active_standby_executor.go:121"}
    shared_cluster_t.go:72: 2026-09-10T01:30:21.393Z	debug	Workflow task updated	{"address": "127.0.0.1:46389", "attempt": 1, "shard-id": 1, "wf-id": "TestWorkflowResetTestSuite/TestAnalysisMissingCurrentRecovery/competing-start_workflow_id", "wf-namespace": "TestWorkflowResetTestSuite-TestAnalysisMissingCurrentRecovery-competing-start-a982ca1a-b8b1-4562-8509-a9d81d6b225d", "wf-namespace-id": "f6830043-3819-40a7-ab67-47644d753dda", "wf-run-id": "01a088ef-f129-799c-a619-1a495ee8d579", "wf-scheduled-event-id": 2, "wf-started-event-id": 3, "wf-started-timestamp": "2026-09-10T01:30:21.393Z", "workflow-task-request-id": "7b377159-b331-4609-98d0-4e795a06345b", "workflow-task-timeout": 10, "wt-type": "Normal", "logging-call-at": "/home/ubuntu/temporal-investigation-20260909/overnight-20260909/specula-engine/runs/temporal-reset-20260909-restart-1600/temporal-reset/.specula-output/confirmation/CR-2/worktree/common/log/lazy_logger.go:30"}
    shared_cluster_t.go:72: 2026-09-10T01:30:21.393Z	debug	time skipping skipped for: time skipping is not enabled	{"address": "127.0.0.1:46389", "shard-id": 1, "wf-id": "TestWorkflowResetTestSuite/TestAnalysisMissingCurrentRecovery/competing-start_workflow_id", "wf-namespace": "TestWorkflowResetTestSuite-TestAnalysisMissingCurrentRecovery-competing-start-a982ca1a-b8b1-4562-8509-a9d81d6b225d", "wf-namespace-id": "f6830043-3819-40a7-ab67-47644d753dda", "wf-run-id": "01a088ef-f129-799c-a619-1a495ee8d579", "logging-call-at": "/home/ubuntu/temporal-investigation-20260909/overnight-20260909/specula-engine/runs/temporal-reset-20260909-restart-1600/temporal-reset/.specula-output/confirmation/CR-2/worktree/common/log/lazy_logger.go:30"}
    shared_cluster_t.go:72: 2026-09-10T01:30:21.393Z	debug	Assigning new task key	{"address": "127.0.0.1:46389", "cursor-timestamp": "2026-09-10T01:30:22.354Z", "queue-task-id": 1048584, "queue-task-type": "WorkflowTaskTimeout", "shard-id": 1, "timestamp": "2026-09-10T01:30:31.394Z", "wf-id": "TestWorkflowResetTestSuite/TestAnalysisMissingCurrentRecovery/competing-start_workflow_id", "wf-namespace-id": "f6830043-3819-40a7-ab67-47644d753dda", "wf-run-id": "01a088ef-f129-799c-a619-1a495ee8d579", "logging-call-at": "/home/ubuntu/temporal-investigation-20260909/overnight-20260909/specula-engine/runs/temporal-reset-20260909-restart-1600/temporal-reset/.specula-output/confirmation/CR-2/worktree/service/history/shard/task_key_generator.go:98"}
    shared_cluster_t.go:72: 2026-09-10T01:30:21.394Z	debug	routing key extraction: adding routing key to context	{"wf-id": "TestWorkflowResetTestSuite/TestAnalysisMissingCurrentRecovery/competing-start_workflow_id", "grpc-method": "/temporal.api.workflowservice.v1.WorkflowService/RespondWorkflowTaskCompleted", "logging-call-at": "/home/ubuntu/temporal-investigation-20260909/overnight-20260909/specula-engine/runs/temporal-reset-20260909-restart-1600/temporal-reset/.specula-output/confirmation/CR-2/worktree/common/rpc/interceptor/routing_key_interceptor.go:112"}
    shared_cluster_t.go:72: 2026-09-10T01:30:21.394Z	debug	Frontend method invoked.	{"wf-namespace": "TestWorkflowResetTestSuite-TestAnalysisMissingCurrentRecovery-competing-start-a982ca1a-b8b1-4562-8509-a9d81d6b225d", "operation": "RespondWorkflowTaskCompleted", "server-name": "", "cert-thumbprint": "", "logging-call-at": "/home/ubuntu/temporal-investigation-20260909/overnight-20260909/specula-engine/runs/temporal-reset-20260909-restart-1600/temporal-reset/.specula-output/confirmation/CR-2/worktree/common/rpc/interceptor/namespace_logger.go:53"}
    shared_cluster_t.go:72: 2026-09-10T01:30:21.394Z	debug	RespondWorkflowTaskCompleted	{"service": "history", "wf-id": "TestWorkflowResetTestSuite/TestAnalysisMissingCurrentRecovery/competing-start_workflow_id", "wf-namespace-id": "f6830043-3819-40a7-ab67-47644d753dda", "wf-run-id": "01a088ef-f129-799c-a619-1a495ee8d579", "wf-scheduled-event-id": 2, "logging-call-at": "/home/ubuntu/temporal-investigation-20260909/overnight-20260909/specula-engine/runs/temporal-reset-20260909-restart-1600/temporal-reset/.specula-output/confirmation/CR-2/worktree/service/history/handler.go:558"}
    shared_cluster_t.go:72: 2026-09-10T01:30:21.395Z	debug	Workflow task updated	{"address": "127.0.0.1:46389", "attempt": 1, "shard-id": 1, "wf-id": "TestWorkflowResetTestSuite/TestAnalysisMissingCurrentRecovery/competing-start_workflow_id", "wf-namespace": "TestWorkflowResetTestSuite-TestAnalysisMissingCurrentRecovery-competing-start-a982ca1a-b8b1-4562-8509-a9d81d6b225d", "wf-namespace-id": "f6830043-3819-40a7-ab67-47644d753dda", "wf-run-id": "01a088ef-f129-799c-a619-1a495ee8d579", "wf-scheduled-event-id": 0, "wf-started-event-id": 0, "wf-started-timestamp": "1970-01-01T00:00:00.000Z", "workflow-task-request-id": "emptyUuid", "workflow-task-timeout": 0, "wt-type": "Unspecified", "logging-call-at": "/home/ubuntu/temporal-investigation-20260909/overnight-20260909/specula-engine/runs/temporal-reset-20260909-restart-1600/temporal-reset/.specula-output/confirmation/CR-2/worktree/common/log/lazy_logger.go:30"}
    shared_cluster_t.go:72: 2026-09-10T01:30:21.395Z	debug	time skipping skipped for: time skipping is not enabled	{"address": "127.0.0.1:46389", "shard-id": 1, "wf-id": "TestWorkflowResetTestSuite/TestAnalysisMissingCurrentRecovery/competing-start_workflow_id", "wf-namespace": "TestWorkflowResetTestSuite-TestAnalysisMissingCurrentRecovery-competing-start-a982ca1a-b8b1-4562-8509-a9d81d6b225d", "wf-namespace-id": "f6830043-3819-40a7-ab67-47644d753dda", "wf-run-id": "01a088ef-f129-799c-a619-1a495ee8d579", "logging-call-at": "/home/ubuntu/temporal-investigation-20260909/overnight-20260909/specula-engine/runs/temporal-reset-20260909-restart-1600/temporal-reset/.specula-output/confirmation/CR-2/worktree/common/log/lazy_logger.go:30"}
    shared_cluster_t.go:72: 2026-09-10T01:30:21.395Z	debug	Assigning new task key	{"address": "127.0.0.1:46389", "cursor-timestamp": "2026-09-10T01:30:22.354Z", "queue-task-id": 1048589, "queue-task-type": "VisibilityUpsertExecution", "shard-id": 1, "timestamp": "2026-09-10T01:30:21.395Z", "wf-id": "TestWorkflowResetTestSuite/TestAnalysisMissingCurrentRecovery/competing-start_workflow_id", "wf-namespace-id": "f6830043-3819-40a7-ab67-47644d753dda", "wf-run-id": "01a088ef-f129-799c-a619-1a495ee8d579", "logging-call-at": "/home/ubuntu/temporal-investigation-20260909/overnight-20260909/specula-engine/runs/temporal-reset-20260909-restart-1600/temporal-reset/.specula-output/confirmation/CR-2/worktree/service/history/shard/task_key_generator.go:98"}
    shared_cluster_t.go:72: 2026-09-10T01:30:21.395Z	debug	Assigning new task key	{"address": "127.0.0.1:46389", "cursor-timestamp": "2026-09-10T01:30:22.354Z", "queue-task-id": 1048590, "queue-task-type": "TransferActivityTask", "shard-id": 1, "timestamp": "2026-09-10T01:30:21.395Z", "wf-id": "TestWorkflowResetTestSuite/TestAnalysisMissingCurrentRecovery/competing-start_workflow_id", "wf-namespace-id": "f6830043-3819-40a7-ab67-47644d753dda", "wf-run-id": "01a088ef-f129-799c-a619-1a495ee8d579", "logging-call-at": "/home/ubuntu/temporal-investigation-20260909/overnight-20260909/specula-engine/runs/temporal-reset-20260909-restart-1600/temporal-reset/.specula-output/confirmation/CR-2/worktree/service/history/shard/task_key_generator.go:98"}
    shared_cluster_t.go:72: 2026-09-10T01:30:21.395Z	debug	Frontend method invoked.	{"wf-namespace": "TestWorkflowResetTestSuite-TestAnalysisMissingCurrentRecovery-competing-start-a982ca1a-b8b1-4562-8509-a9d81d6b225d", "operation": "PollActivityTaskQueue", "server-name": "", "cert-thumbprint": "", "logging-call-at": "/home/ubuntu/temporal-investigation-20260909/overnight-20260909/specula-engine/runs/temporal-reset-20260909-restart-1600/temporal-reset/.specula-output/confirmation/CR-2/worktree/common/rpc/interceptor/namespace_logger.go:53"}
    shared_cluster_t.go:72: 2026-09-10T01:30:21.395Z	debug	Process task as active.	{"address": "127.0.0.1:46389", "component": "transfer-queue-processor", "shard-id": 1, "value": "f6830043-3819-40a7-ab67-47644d753dda/TestWorkflowResetTestSuite/TestAnalysisMissingCurrentRecovery/competing-start_workflow_id/01a088ef-f129-799c-a619-1a495ee8d579", "wf-namespace-id": "f6830043-3819-40a7-ab67-47644d753dda", "logging-call-at": "/home/ubuntu/temporal-investigation-20260909/overnight-20260909/specula-engine/runs/temporal-reset-20260909-restart-1600/temporal-reset/.specula-output/confirmation/CR-2/worktree/service/history/queues/active_standby_executor.go:121"}
    shared_cluster_t.go:72: 2026-09-10T01:30:21.395Z	debug	Received PollActivityTaskQueue	{"service": "frontend", "logging-call-at": "/home/ubuntu/temporal-investigation-20260909/overnight-20260909/specula-engine/runs/temporal-reset-20260909-restart-1600/temporal-reset/.specula-output/confirmation/CR-2/worktree/service/frontend/workflow_handler.go:1349"}
    shared_cluster_t.go:72: 2026-09-10T01:30:21.396Z	debug	returning empty user data (no data or no change)	{"component": "matching-engine", "wf-namespace": "TestWorkflowResetTestSuite-TestAnalysisMissingCurrentRecovery-competing-start-a982ca1a-b8b1-4562-8509-a9d81d6b225d", "wf-task-queue-name": "TestWorkflowResetTestSuite/TestAnalysisMissingCurrentRecovery/competing-start_task_queue", "wf-task-queue-type": "Workflow", "logging-call-at": "/home/ubuntu/temporal-investigation-20260909/overnight-20260909/specula-engine/runs/temporal-reset-20260909-restart-1600/temporal-reset/.specula-output/confirmation/CR-2/worktree/service/matching/user_data_manager.go:644"}
    shared_cluster_t.go:72: 2026-09-10T01:30:21.396Z	debug	fetched user data from parent, no change	{"component": "matching-engine", "wf-namespace": "TestWorkflowResetTestSuite-TestAnalysisMissingCurrentRecovery-competing-start-a982ca1a-b8b1-4562-8509-a9d81d6b225d", "wf-task-queue-name": "TestWorkflowResetTestSuite/TestAnalysisMissingCurrentRecovery/competing-start_task_queue", "wf-task-queue-type": "Activity", "logging-call-at": "/home/ubuntu/temporal-investigation-20260909/overnight-20260909/specula-engine/runs/temporal-reset-20260909-restart-1600/temporal-reset/.specula-output/confirmation/CR-2/worktree/service/matching/user_data_manager.go:351"}
    shared_cluster_t.go:72: 2026-09-10T01:30:21.396Z	info	Started physicalTaskQueueManager	{"backlog": "priority", "cause": "UserData", "component": "matching-engine", "lifecycle": "Started", "wf-namespace": "TestWorkflowResetTestSuite-TestAnalysisMissingCurrentRecovery-competing-start-a982ca1a-b8b1-4562-8509-a9d81d6b225d", "wf-task-queue-name": "TestWorkflowResetTestSuite/TestAnalysisMissingCurrentRecovery/competing-start_task_queue", "wf-task-queue-type": "Activity", "worker-version": "_unversioned_", "logging-call-at": "/home/ubuntu/temporal-investigation-20260909/overnight-20260909/specula-engine/runs/temporal-reset-20260909-restart-1600/temporal-reset/.specula-output/confirmation/CR-2/worktree/service/matching/physical_task_queue_manager.go:312"}
    shared_cluster_t.go:72: 2026-09-10T01:30:21.397Z	info	Starting draining	{"backlog": "fairness-drain", "component": "matching-engine", "wf-namespace": "TestWorkflowResetTestSuite-TestAnalysisMissingCurrentRecovery-competing-start-a982ca1a-b8b1-4562-8509-a9d81d6b225d", "wf-task-queue-name": "TestWorkflowResetTestSuite/TestAnalysisMissingCurrentRecovery/competing-start_task_queue", "wf-task-queue-type": "Activity", "worker-version": "_unversioned_", "logging-call-at": "/home/ubuntu/temporal-investigation-20260909/overnight-20260909/specula-engine/runs/temporal-reset-20260909-restart-1600/temporal-reset/.specula-output/confirmation/CR-2/worktree/service/matching/physical_task_queue_manager.go:430"}
    shared_cluster_t.go:72: 2026-09-10T01:30:21.397Z	debug	returning empty user data (no data or no change)	{"component": "matching-engine", "wf-namespace": "TestWorkflowResetTestSuite-TestAnalysisMissingCurrentRecovery-competing-start-a982ca1a-b8b1-4562-8509-a9d81d6b225d", "wf-task-queue-name": "TestWorkflowResetTestSuite/TestAnalysisMissingCurrentRecovery/competing-start_task_queue", "wf-task-queue-type": "Activity", "logging-call-at": "/home/ubuntu/temporal-investigation-20260909/overnight-20260909/specula-engine/runs/temporal-reset-20260909-restart-1600/temporal-reset/.specula-output/confirmation/CR-2/worktree/service/matching/user_data_manager.go:644"}
    shared_cluster_t.go:72: 2026-09-10T01:30:21.397Z	debug	returning empty user data (no data or no change)	{"component": "matching-engine", "wf-namespace": "TestWorkflowResetTestSuite-TestAnalysisMissingCurrentRecovery-competing-start-a982ca1a-b8b1-4562-8509-a9d81d6b225d", "wf-task-queue-name": "TestWorkflowResetTestSuite/TestAnalysisMissingCurrentRecovery/competing-start_task_queue", "wf-task-queue-type": "Activity", "logging-call-at": "/home/ubuntu/temporal-investigation-20260909/overnight-20260909/specula-engine/runs/temporal-reset-20260909-restart-1600/temporal-reset/.specula-output/confirmation/CR-2/worktree/service/matching/user_data_manager.go:644"}
    shared_cluster_t.go:72: 2026-09-10T01:30:21.397Z	debug	fetched user data from parent, no change	{"component": "matching-engine", "wf-namespace": "TestWorkflowResetTestSuite-TestAnalysisMissingCurrentRecovery-competing-start-a982ca1a-b8b1-4562-8509-a9d81d6b225d", "wf-task-queue-name": "/_sys/TestWorkflowResetTestSuite/TestAnalysisMissingCurrentRecovery/competing-start_task_queue/2", "wf-task-queue-type": "Activity", "logging-call-at": "/home/ubuntu/temporal-investigation-20260909/overnight-20260909/specula-engine/runs/temporal-reset-20260909-restart-1600/temporal-reset/.specula-output/confirmation/CR-2/worktree/service/matching/user_data_manager.go:351"}
    shared_cluster_t.go:72: 2026-09-10T01:30:21.397Z	debug	fetched user data from parent, no change	{"component": "matching-engine", "wf-namespace": "TestWorkflowResetTestSuite-TestAnalysisMissingCurrentRecovery-competing-start-a982ca1a-b8b1-4562-8509-a9d81d6b225d", "wf-task-queue-name": "/_sys/TestWorkflowResetTestSuite/TestAnalysisMissingCurrentRecovery/competing-start_task_queue/3", "wf-task-queue-type": "Activity", "logging-call-at": "/home/ubuntu/temporal-investigation-20260909/overnight-20260909/specula-engine/runs/temporal-reset-20260909-restart-1600/temporal-reset/.specula-output/confirmation/CR-2/worktree/service/matching/user_data_manager.go:351"}
    shared_cluster_t.go:72: 2026-09-10T01:30:21.397Z	info	Started physicalTaskQueueManager	{"backlog": "priority", "cause": "Task", "component": "matching-engine", "lifecycle": "Started", "wf-namespace": "TestWorkflowResetTestSuite-TestAnalysisMissingCurrentRecovery-competing-start-a982ca1a-b8b1-4562-8509-a9d81d6b225d", "wf-task-queue-name": "/_sys/TestWorkflowResetTestSuite/TestAnalysisMissingCurrentRecovery/competing-start_task_queue/2", "wf-task-queue-type": "Activity", "worker-version": "_unversioned_", "logging-call-at": "/home/ubuntu/temporal-investigation-20260909/overnight-20260909/specula-engine/runs/temporal-reset-20260909-restart-1600/temporal-reset/.specula-output/confirmation/CR-2/worktree/service/matching/physical_task_queue_manager.go:312"}
    shared_cluster_t.go:72: 2026-09-10T01:30:21.397Z	info	Started physicalTaskQueueManager	{"backlog": "priority", "cause": "Poll", "component": "matching-engine", "lifecycle": "Started", "wf-namespace": "TestWorkflowResetTestSuite-TestAnalysisMissingCurrentRecovery-competing-start-a982ca1a-b8b1-4562-8509-a9d81d6b225d", "wf-task-queue-name": "/_sys/TestWorkflowResetTestSuite/TestAnalysisMissingCurrentRecovery/competing-start_task_queue/3", "wf-task-queue-type": "Activity", "worker-version": "_unversioned_", "logging-call-at": "/home/ubuntu/temporal-investigation-20260909/overnight-20260909/specula-engine/runs/temporal-reset-20260909-restart-1600/temporal-reset/.specula-output/confirmation/CR-2/worktree/service/matching/physical_task_queue_manager.go:312"}
    shared_cluster_t.go:72: 2026-09-10T01:30:21.397Z	debug	returning empty user data (no data or no change)	{"component": "matching-engine", "wf-namespace": "TestWorkflowResetTestSuite-TestAnalysisMissingCurrentRecovery-competing-start-a982ca1a-b8b1-4562-8509-a9d81d6b225d", "wf-task-queue-name": "TestWorkflowResetTestSuite/TestAnalysisMissingCurrentRecovery/competing-start_task_queue", "wf-task-queue-type": "Activity", "logging-call-at": "/home/ubuntu/temporal-investigation-20260909/overnight-20260909/specula-engine/runs/temporal-reset-20260909-restart-1600/temporal-reset/.specula-output/confirmation/CR-2/worktree/service/matching/user_data_manager.go:644"}
    shared_cluster_t.go:72: 2026-09-10T01:30:21.398Z	debug	fetched user data from parent, no change	{"component": "matching-engine", "wf-namespace": "TestWorkflowResetTestSuite-TestAnalysisMissingCurrentRecovery-competing-start-a982ca1a-b8b1-4562-8509-a9d81d6b225d", "wf-task-queue-name": "/_sys/TestWorkflowResetTestSuite/TestAnalysisMissingCurrentRecovery/competing-start_task_queue/1", "wf-task-queue-type": "Activity", "logging-call-at": "/home/ubuntu/temporal-investigation-20260909/overnight-20260909/specula-engine/runs/temporal-reset-20260909-restart-1600/temporal-reset/.specula-output/confirmation/CR-2/worktree/service/matching/user_data_manager.go:351"}
    shared_cluster_t.go:72: 2026-09-10T01:30:21.398Z	info	Starting draining	{"backlog": "fairness-drain", "component": "matching-engine", "wf-namespace": "TestWorkflowResetTestSuite-TestAnalysisMissingCurrentRecovery-competing-start-a982ca1a-b8b1-4562-8509-a9d81d6b225d", "wf-task-queue-name": "/_sys/TestWorkflowResetTestSuite/TestAnalysisMissingCurrentRecovery/competing-start_task_queue/2", "wf-task-queue-type": "Activity", "worker-version": "_unversioned_", "logging-call-at": "/home/ubuntu/temporal-investigation-20260909/overnight-20260909/specula-engine/runs/temporal-reset-20260909-restart-1600/temporal-reset/.specula-output/confirmation/CR-2/worktree/service/matching/physical_task_queue_manager.go:430"}
    shared_cluster_t.go:72: 2026-09-10T01:30:21.398Z	info	Started physicalTaskQueueManager	{"backlog": "priority", "cause": "Force", "component": "matching-engine", "lifecycle": "Started", "wf-namespace": "TestWorkflowResetTestSuite-TestAnalysisMissingCurrentRecovery-competing-start-a982ca1a-b8b1-4562-8509-a9d81d6b225d", "wf-task-queue-name": "/_sys/TestWorkflowResetTestSuite/TestAnalysisMissingCurrentRecovery/competing-start_task_queue/1", "wf-task-queue-type": "Activity", "worker-version": "_unversioned_", "logging-call-at": "/home/ubuntu/temporal-investigation-20260909/overnight-20260909/specula-engine/runs/temporal-reset-20260909-restart-1600/temporal-reset/.specula-output/confirmation/CR-2/worktree/service/matching/physical_task_queue_manager.go:312"}
    shared_cluster_t.go:72: 2026-09-10T01:30:21.398Z	info	Starting draining	{"backlog": "fairness-drain", "component": "matching-engine", "wf-namespace": "TestWorkflowResetTestSuite-TestAnalysisMissingCurrentRecovery-competing-start-a982ca1a-b8b1-4562-8509-a9d81d6b225d", "wf-task-queue-name": "/_sys/TestWorkflowResetTestSuite/TestAnalysisMissingCurrentRecovery/competing-start_task_queue/3", "wf-task-queue-type": "Activity", "worker-version": "_unversioned_", "logging-call-at": "/home/ubuntu/temporal-investigation-20260909/overnight-20260909/specula-engine/runs/temporal-reset-20260909-restart-1600/temporal-reset/.specula-output/confirmation/CR-2/worktree/service/matching/physical_task_queue_manager.go:430"}
    shared_cluster_t.go:72: 2026-09-10T01:30:21.398Z	info	Starting draining	{"backlog": "fairness-drain", "component": "matching-engine", "wf-namespace": "TestWorkflowResetTestSuite-TestAnalysisMissingCurrentRecovery-competing-start-a982ca1a-b8b1-4562-8509-a9d81d6b225d", "wf-task-queue-name": "/_sys/TestWorkflowResetTestSuite/TestAnalysisMissingCurrentRecovery/competing-start_task_queue/1", "wf-task-queue-type": "Activity", "worker-version": "_unversioned_", "logging-call-at": "/home/ubuntu/temporal-investigation-20260909/overnight-20260909/specula-engine/runs/temporal-reset-20260909-restart-1600/temporal-reset/.specula-output/confirmation/CR-2/worktree/service/matching/physical_task_queue_manager.go:430"}
    shared_cluster_t.go:72: 2026-09-10T01:30:21.399Z	debug	time skipping skipped for: time skipping is not enabled	{"address": "127.0.0.1:46389", "shard-id": 1, "wf-id": "TestWorkflowResetTestSuite/TestAnalysisMissingCurrentRecovery/competing-start_workflow_id", "wf-namespace": "TestWorkflowResetTestSuite-TestAnalysisMissingCurrentRecovery-competing-start-a982ca1a-b8b1-4562-8509-a9d81d6b225d", "wf-namespace-id": "f6830043-3819-40a7-ab67-47644d753dda", "wf-run-id": "01a088ef-f129-799c-a619-1a495ee8d579", "logging-call-at": "/home/ubuntu/temporal-investigation-20260909/overnight-20260909/specula-engine/runs/temporal-reset-20260909-restart-1600/temporal-reset/.specula-output/confirmation/CR-2/worktree/common/log/lazy_logger.go:30"}
    shared_cluster_t.go:72: 2026-09-10T01:30:21.399Z	debug	Assigning new task key	{"address": "127.0.0.1:46389", "cursor-timestamp": "2026-09-10T01:30:22.395Z", "queue-task-id": 1048593, "queue-task-type": "ActivityTimeout", "shard-id": 1, "timestamp": "2026-09-10T01:30:31.399Z", "wf-id": "TestWorkflowResetTestSuite/TestAnalysisMissingCurrentRecovery/competing-start_workflow_id", "wf-namespace-id": "f6830043-3819-40a7-ab67-47644d753dda", "wf-run-id": "01a088ef-f129-799c-a619-1a495ee8d579", "logging-call-at": "/home/ubuntu/temporal-investigation-20260909/overnight-20260909/specula-engine/runs/temporal-reset-20260909-restart-1600/temporal-reset/.specula-output/confirmation/CR-2/worktree/service/history/shard/task_key_generator.go:98"}
    shared_cluster_t.go:72: 2026-09-10T01:30:21.399Z	debug	routing key extraction: adding routing key to context	{"wf-id": "TestWorkflowResetTestSuite/TestAnalysisMissingCurrentRecovery/competing-start_workflow_id", "grpc-method": "/temporal.api.workflowservice.v1.WorkflowService/RespondActivityTaskCompleted", "logging-call-at": "/home/ubuntu/temporal-investigation-20260909/overnight-20260909/specula-engine/runs/temporal-reset-20260909-restart-1600/temporal-reset/.specula-output/confirmation/CR-2/worktree/common/rpc/interceptor/routing_key_interceptor.go:112"}
    shared_cluster_t.go:72: 2026-09-10T01:30:21.399Z	debug	Frontend method invoked.	{"wf-namespace": "TestWorkflowResetTestSuite-TestAnalysisMissingCurrentRecovery-competing-start-a982ca1a-b8b1-4562-8509-a9d81d6b225d", "operation": "RespondActivityTaskCompleted", "server-name": "", "cert-thumbprint": "", "logging-call-at": "/home/ubuntu/temporal-investigation-20260909/overnight-20260909/specula-engine/runs/temporal-reset-20260909-restart-1600/temporal-reset/.specula-output/confirmation/CR-2/worktree/common/rpc/interceptor/namespace_logger.go:53"}
    shared_cluster_t.go:72: 2026-09-10T01:30:21.400Z	debug	Workflow task updated	{"address": "127.0.0.1:46389", "attempt": 1, "shard-id": 1, "wf-id": "TestWorkflowResetTestSuite/TestAnalysisMissingCurrentRecovery/competing-start_workflow_id", "wf-namespace": "TestWorkflowResetTestSuite-TestAnalysisMissingCurrentRecovery-competing-start-a982ca1a-b8b1-4562-8509-a9d81d6b225d", "wf-namespace-id": "f6830043-3819-40a7-ab67-47644d753dda", "wf-run-id": "01a088ef-f129-799c-a619-1a495ee8d579", "wf-scheduled-event-id": 8, "wf-started-event-id": 0, "wf-started-timestamp": "0001-01-01T00:00:00.000Z", "workflow-task-request-id": "emptyUuid", "workflow-task-timeout": 10, "wt-type": "Normal", "logging-call-at": "/home/ubuntu/temporal-investigation-20260909/overnight-20260909/specula-engine/runs/temporal-reset-20260909-restart-1600/temporal-reset/.specula-output/confirmation/CR-2/worktree/common/log/lazy_logger.go:30"}
    shared_cluster_t.go:72: 2026-09-10T01:30:21.400Z	debug	time skipping skipped for: time skipping is not enabled	{"address": "127.0.0.1:46389", "shard-id": 1, "wf-id": "TestWorkflowResetTestSuite/TestAnalysisMissingCurrentRecovery/competing-start_workflow_id", "wf-namespace": "TestWorkflowResetTestSuite-TestAnalysisMissingCurrentRecovery-competing-start-a982ca1a-b8b1-4562-8509-a9d81d6b225d", "wf-namespace-id": "f6830043-3819-40a7-ab67-47644d753dda", "wf-run-id": "01a088ef-f129-799c-a619-1a495ee8d579", "logging-call-at": "/home/ubuntu/temporal-investigation-20260909/overnight-20260909/specula-engine/runs/temporal-reset-20260909-restart-1600/temporal-reset/.specula-output/confirmation/CR-2/worktree/common/log/lazy_logger.go:30"}
    shared_cluster_t.go:72: 2026-09-10T01:30:21.400Z	debug	Assigning new task key	{"address": "127.0.0.1:46389", "cursor-timestamp": "2026-09-10T01:30:22.395Z", "queue-task-id": 1048598, "queue-task-type": "TransferWorkflowTask", "shard-id": 1, "timestamp": "2026-09-10T01:30:21.400Z", "wf-id": "TestWorkflowResetTestSuite/TestAnalysisMissingCurrentRecovery/competing-start_workflow_id", "wf-namespace-id": "f6830043-3819-40a7-ab67-47644d753dda", "wf-run-id": "01a088ef-f129-799c-a619-1a495ee8d579", "logging-call-at": "/home/ubuntu/temporal-investigation-20260909/overnight-20260909/specula-engine/runs/temporal-reset-20260909-restart-1600/temporal-reset/.specula-output/confirmation/CR-2/worktree/service/history/shard/task_key_generator.go:98"}
    shared_cluster_t.go:72: 2026-09-10T01:30:21.400Z	debug	Process task as active.	{"address": "127.0.0.1:46389", "component": "transfer-queue-processor", "shard-id": 1, "value": "WorkflowTask{WorkflowKey: f6830043-3819-40a7-ab67-47644d753dda/TestWorkflowResetTestSuite/TestAnalysisMissingCurrentRecovery/competing-start_workflow_id/01a088ef-f129-799c-a619-1a495ee8d579, VisibilityTimestamp: 2026-09-10 01:30:21.400214685 +0000 UTC, TaskID: 1048598, TaskQueue: TestWorkflowResetTestSuite/TestAnalysisMissingCurrentRecovery/competing-start_task_queue, ScheduledEventID: 8, Version: 0}", "wf-namespace-id": "f6830043-3819-40a7-ab67-47644d753dda", "logging-call-at": "/home/ubuntu/temporal-investigation-20260909/overnight-20260909/specula-engine/runs/temporal-reset-20260909-restart-1600/temporal-reset/.specula-output/confirmation/CR-2/worktree/service/history/queues/active_standby_executor.go:121"}
    shared_cluster_t.go:72: 2026-09-10T01:30:21.400Z	debug	Frontend method invoked.	{"wf-namespace": "TestWorkflowResetTestSuite-TestAnalysisMissingCurrentRecovery-competing-start-a982ca1a-b8b1-4562-8509-a9d81d6b225d", "operation": "PollWorkflowTaskQueue", "server-name": "", "cert-thumbprint": "", "logging-call-at": "/home/ubuntu/temporal-investigation-20260909/overnight-20260909/specula-engine/runs/temporal-reset-20260909-restart-1600/temporal-reset/.specula-output/confirmation/CR-2/worktree/common/rpc/interceptor/namespace_logger.go:53"}
    shared_cluster_t.go:72: 2026-09-10T01:30:21.400Z	debug	Received PollWorkflowTaskQueue	{"service": "frontend", "logging-call-at": "/home/ubuntu/temporal-investigation-20260909/overnight-20260909/specula-engine/runs/temporal-reset-20260909-restart-1600/temporal-reset/.specula-output/confirmation/CR-2/worktree/service/frontend/workflow_handler.go:1079"}
    shared_cluster_t.go:72: 2026-09-10T01:30:21.400Z	debug	Poll workflow task queue.	{"service": "frontend", "wf-namespace": "TestWorkflowResetTestSuite-TestAnalysisMissingCurrentRecovery-competing-start-a982ca1a-b8b1-4562-8509-a9d81d6b225d", "wf-namespace-id": "f6830043-3819-40a7-ab67-47644d753dda", "logging-call-at": "/home/ubuntu/temporal-investigation-20260909/overnight-20260909/specula-engine/runs/temporal-reset-20260909-restart-1600/temporal-reset/.specula-output/confirmation/CR-2/worktree/service/frontend/workflow_handler.go:1116"}
    shared_cluster_t.go:72: 2026-09-10T01:30:21.401Z	debug	Workflow task updated	{"address": "127.0.0.1:46389", "attempt": 1, "shard-id": 1, "wf-id": "TestWorkflowResetTestSuite/TestAnalysisMissingCurrentRecovery/competing-start_workflow_id", "wf-namespace": "TestWorkflowResetTestSuite-TestAnalysisMissingCurrentRecovery-competing-start-a982ca1a-b8b1-4562-8509-a9d81d6b225d", "wf-namespace-id": "f6830043-3819-40a7-ab67-47644d753dda", "wf-run-id": "01a088ef-f129-799c-a619-1a495ee8d579", "wf-scheduled-event-id": 8, "wf-started-event-id": 9, "wf-started-timestamp": "2026-09-10T01:30:21.401Z", "workflow-task-request-id": "9a6b7960-1227-47f5-8d83-54f79947cd50", "workflow-task-timeout": 10, "wt-type": "Normal", "logging-call-at": "/home/ubuntu/temporal-investigation-20260909/overnight-20260909/specula-engine/runs/temporal-reset-20260909-restart-1600/temporal-reset/.specula-output/confirmation/CR-2/worktree/common/log/lazy_logger.go:30"}
    shared_cluster_t.go:72: 2026-09-10T01:30:21.401Z	debug	time skipping skipped for: time skipping is not enabled	{"address": "127.0.0.1:46389", "shard-id": 1, "wf-id": "TestWorkflowResetTestSuite/TestAnalysisMissingCurrentRecovery/competing-start_workflow_id", "wf-namespace": "TestWorkflowResetTestSuite-TestAnalysisMissingCurrentRecovery-competing-start-a982ca1a-b8b1-4562-8509-a9d81d6b225d", "wf-namespace-id": "f6830043-3819-40a7-ab67-47644d753dda", "wf-run-id": "01a088ef-f129-799c-a619-1a495ee8d579", "logging-call-at": "/home/ubuntu/temporal-investigation-20260909/overnight-20260909/specula-engine/runs/temporal-reset-20260909-restart-1600/temporal-reset/.specula-output/confirmation/CR-2/worktree/common/log/lazy_logger.go:30"}
    shared_cluster_t.go:72: 2026-09-10T01:30:21.401Z	debug	Assigning new task key	{"address": "127.0.0.1:46389", "cursor-timestamp": "2026-09-10T01:30:22.400Z", "queue-task-id": 1048601, "queue-task-type": "WorkflowTaskTimeout", "shard-id": 1, "timestamp": "2026-09-10T01:30:31.402Z", "wf-id": "TestWorkflowResetTestSuite/TestAnalysisMissingCurrentRecovery/competing-start_workflow_id", "wf-namespace-id": "f6830043-3819-40a7-ab67-47644d753dda", "wf-run-id": "01a088ef-f129-799c-a619-1a495ee8d579", "logging-call-at": "/home/ubuntu/temporal-investigation-20260909/overnight-20260909/specula-engine/runs/temporal-reset-20260909-restart-1600/temporal-reset/.specula-output/confirmation/CR-2/worktree/service/history/shard/task_key_generator.go:98"}
    shared_cluster_t.go:72: 2026-09-10T01:30:21.402Z	debug	routing key extraction: adding routing key to context	{"wf-id": "TestWorkflowResetTestSuite/TestAnalysisMissingCurrentRecovery/competing-start_workflow_id", "grpc-method": "/temporal.api.workflowservice.v1.WorkflowService/RespondWorkflowTaskCompleted", "logging-call-at": "/home/ubuntu/temporal-investigation-20260909/overnight-20260909/specula-engine/runs/temporal-reset-20260909-restart-1600/temporal-reset/.specula-output/confirmation/CR-2/worktree/common/rpc/interceptor/routing_key_interceptor.go:112"}
    shared_cluster_t.go:72: 2026-09-10T01:30:21.402Z	debug	Frontend method invoked.	{"wf-namespace": "TestWorkflowResetTestSuite-TestAnalysisMissingCurrentRecovery-competing-start-a982ca1a-b8b1-4562-8509-a9d81d6b225d", "operation": "RespondWorkflowTaskCompleted", "server-name": "", "cert-thumbprint": "", "logging-call-at": "/home/ubuntu/temporal-investigation-20260909/overnight-20260909/specula-engine/runs/temporal-reset-20260909-restart-1600/temporal-reset/.specula-output/confirmation/CR-2/worktree/common/rpc/interceptor/namespace_logger.go:53"}
    shared_cluster_t.go:72: 2026-09-10T01:30:21.402Z	debug	RespondWorkflowTaskCompleted	{"service": "history", "wf-id": "TestWorkflowResetTestSuite/TestAnalysisMissingCurrentRecovery/competing-start_workflow_id", "wf-namespace-id": "f6830043-3819-40a7-ab67-47644d753dda", "wf-run-id": "01a088ef-f129-799c-a619-1a495ee8d579", "wf-scheduled-event-id": 8, "logging-call-at": "/home/ubuntu/temporal-investigation-20260909/overnight-20260909/specula-engine/runs/temporal-reset-20260909-restart-1600/temporal-reset/.specula-output/confirmation/CR-2/worktree/service/history/handler.go:558"}
    shared_cluster_t.go:72: 2026-09-10T01:30:21.402Z	debug	Workflow task updated	{"address": "127.0.0.1:46389", "attempt": 1, "shard-id": 1, "wf-id": "TestWorkflowResetTestSuite/TestAnalysisMissingCurrentRecovery/competing-start_workflow_id", "wf-namespace": "TestWorkflowResetTestSuite-TestAnalysisMissingCurrentRecovery-competing-start-a982ca1a-b8b1-4562-8509-a9d81d6b225d", "wf-namespace-id": "f6830043-3819-40a7-ab67-47644d753dda", "wf-run-id": "01a088ef-f129-799c-a619-1a495ee8d579", "wf-scheduled-event-id": 0, "wf-started-event-id": 0, "wf-started-timestamp": "1970-01-01T00:00:00.000Z", "workflow-task-request-id": "emptyUuid", "workflow-task-timeout": 0, "wt-type": "Unspecified", "logging-call-at": "/home/ubuntu/temporal-investigation-20260909/overnight-20260909/specula-engine/runs/temporal-reset-20260909-restart-1600/temporal-reset/.specula-output/confirmation/CR-2/worktree/common/log/lazy_logger.go:30"}
    shared_cluster_t.go:72: 2026-09-10T01:30:21.402Z	debug	time skipping skipped for: time skipping is not enabled	{"address": "127.0.0.1:46389", "shard-id": 1, "wf-id": "TestWorkflowResetTestSuite/TestAnalysisMissingCurrentRecovery/competing-start_workflow_id", "wf-namespace": "TestWorkflowResetTestSuite-TestAnalysisMissingCurrentRecovery-competing-start-a982ca1a-b8b1-4562-8509-a9d81d6b225d", "wf-namespace-id": "f6830043-3819-40a7-ab67-47644d753dda", "wf-run-id": "01a088ef-f129-799c-a619-1a495ee8d579", "logging-call-at": "/home/ubuntu/temporal-investigation-20260909/overnight-20260909/specula-engine/runs/temporal-reset-20260909-restart-1600/temporal-reset/.specula-output/confirmation/CR-2/worktree/common/log/lazy_logger.go:30"}
    shared_cluster_t.go:72: 2026-09-10T01:30:21.402Z	debug	Assigning new task key	{"address": "127.0.0.1:46389", "cursor-timestamp": "2026-09-10T01:30:22.400Z", "queue-task-id": 1048606, "queue-task-type": "DeleteHistoryEvent", "shard-id": 1, "timestamp": "2026-09-11T01:30:21.836Z", "wf-id": "TestWorkflowResetTestSuite/TestAnalysisMissingCurrentRecovery/competing-start_workflow_id", "wf-namespace-id": "f6830043-3819-40a7-ab67-47644d753dda", "wf-run-id": "01a088ef-f129-799c-a619-1a495ee8d579", "logging-call-at": "/home/ubuntu/temporal-investigation-20260909/overnight-20260909/specula-engine/runs/temporal-reset-20260909-restart-1600/temporal-reset/.specula-output/confirmation/CR-2/worktree/service/history/shard/task_key_generator.go:98"}
    shared_cluster_t.go:72: 2026-09-10T01:30:21.402Z	debug	Assigning new task key	{"address": "127.0.0.1:46389", "cursor-timestamp": "2026-09-10T01:30:22.400Z", "queue-task-id": 1048607, "queue-task-type": "TransferCloseExecution", "shard-id": 1, "timestamp": "2026-09-10T01:30:21.402Z", "wf-id": "TestWorkflowResetTestSuite/TestAnalysisMissingCurrentRecovery/competing-start_workflow_id", "wf-namespace-id": "f6830043-3819-40a7-ab67-47644d753dda", "wf-run-id": "01a088ef-f129-799c-a619-1a495ee8d579", "logging-call-at": "/home/ubuntu/temporal-investigation-20260909/overnight-20260909/specula-engine/runs/temporal-reset-20260909-restart-1600/temporal-reset/.specula-output/confirmation/CR-2/worktree/service/history/shard/task_key_generator.go:98"}
    shared_cluster_t.go:72: 2026-09-10T01:30:21.402Z	debug	Assigning new task key	{"address": "127.0.0.1:46389", "cursor-timestamp": "2026-09-10T01:30:22.400Z", "queue-task-id": 1048608, "queue-task-type": "VisibilityCloseExecution", "shard-id": 1, "timestamp": "2026-09-10T01:30:21.402Z", "wf-id": "TestWorkflowResetTestSuite/TestAnalysisMissingCurrentRecovery/competing-start_workflow_id", "wf-namespace-id": "f6830043-3819-40a7-ab67-47644d753dda", "wf-run-id": "01a088ef-f129-799c-a619-1a495ee8d579", "logging-call-at": "/home/ubuntu/temporal-investigation-20260909/overnight-20260909/specula-engine/runs/temporal-reset-20260909-restart-1600/temporal-reset/.specula-output/confirmation/CR-2/worktree/service/history/shard/task_key_generator.go:98"}
    shared_cluster_t.go:72: 2026-09-10T01:30:21.403Z	debug	Process task as active.	{"address": "127.0.0.1:46389", "component": "transfer-queue-processor", "shard-id": 1, "value": "CloseExecutionTask{WorkflowKey: f6830043-3819-40a7-ab67-47644d753dda/TestWorkflowResetTestSuite/TestAnalysisMissingCurrentRecovery/competing-start_workflow_id/01a088ef-f129-799c-a619-1a495ee8d579, VisibilityTimestamp: 2026-09-10 01:30:21.402918857 +0000 UTC, TaskID: 1048607, Version: 0, DeleteAfterClose: false, DeleteProcessStage: 0}", "wf-namespace-id": "f6830043-3819-40a7-ab67-47644d753dda", "logging-call-at": "/home/ubuntu/temporal-investigation-20260909/overnight-20260909/specula-engine/runs/temporal-reset-20260909-restart-1600/temporal-reset/.specula-output/confirmation/CR-2/worktree/service/history/queues/active_standby_executor.go:121"}
    shared_cluster_t.go:72: 2026-09-10T01:30:21.403Z	debug	routing key extraction: adding routing key to context	{"wf-id": "TestWorkflowResetTestSuite/TestAnalysisMissingCurrentRecovery/competing-start_workflow_id", "grpc-method": "/temporal.api.workflowservice.v1.WorkflowService/StartWorkflowExecution", "logging-call-at": "/home/ubuntu/temporal-investigation-20260909/overnight-20260909/specula-engine/runs/temporal-reset-20260909-restart-1600/temporal-reset/.specula-output/confirmation/CR-2/worktree/common/rpc/interceptor/routing_key_interceptor.go:112"}
    shared_cluster_t.go:72: 2026-09-10T01:30:21.403Z	debug	Frontend method invoked.	{"wf-namespace": "TestWorkflowResetTestSuite-TestAnalysisMissingCurrentRecovery-competing-start-a982ca1a-b8b1-4562-8509-a9d81d6b225d", "operation": "StartWorkflowExecution", "server-name": "", "cert-thumbprint": "", "logging-call-at": "/home/ubuntu/temporal-investigation-20260909/overnight-20260909/specula-engine/runs/temporal-reset-20260909-restart-1600/temporal-reset/.specula-output/confirmation/CR-2/worktree/common/rpc/interceptor/namespace_logger.go:53"}
    shared_cluster_t.go:72: 2026-09-10T01:30:21.404Z	debug	Received StartWorkflowExecution.	{"service": "frontend", "wf-id": "TestWorkflowResetTestSuite/TestAnalysisMissingCurrentRecovery/competing-start_workflow_id", "wf-type": "test-workflow-arg", "logging-call-at": "/home/ubuntu/temporal-investigation-20260909/overnight-20260909/specula-engine/runs/temporal-reset-20260909-restart-1600/temporal-reset/.specula-output/confirmation/CR-2/worktree/service/frontend/workflow_handler.go:561"}
    shared_cluster_t.go:72: 2026-09-10T01:30:21.404Z	debug	Start workflow execution request namespace.	{"service": "frontend", "wf-namespace": "TestWorkflowResetTestSuite-TestAnalysisMissingCurrentRecovery-competing-start-a982ca1a-b8b1-4562-8509-a9d81d6b225d", "logging-call-at": "/home/ubuntu/temporal-investigation-20260909/overnight-20260909/specula-engine/runs/temporal-reset-20260909-restart-1600/temporal-reset/.specula-output/confirmation/CR-2/worktree/service/frontend/workflow_handler.go:565"}
    shared_cluster_t.go:72: 2026-09-10T01:30:21.405Z	debug	Start workflow execution request namespaceID.	{"service": "frontend", "wf-namespace-id": "f6830043-3819-40a7-ab67-47644d753dda", "logging-call-at": "/home/ubuntu/temporal-investigation-20260909/overnight-20260909/specula-engine/runs/temporal-reset-20260909-restart-1600/temporal-reset/.specula-output/confirmation/CR-2/worktree/service/frontend/workflow_handler.go:570"}
    shared_cluster_t.go:72: 2026-09-10T01:30:21.405Z	debug	Workflow task updated	{"address": "127.0.0.1:46389", "attempt": 1, "shard-id": 1, "wf-id": "TestWorkflowResetTestSuite/TestAnalysisMissingCurrentRecovery/competing-start_workflow_id", "wf-namespace": "TestWorkflowResetTestSuite-TestAnalysisMissingCurrentRecovery-competing-start-a982ca1a-b8b1-4562-8509-a9d81d6b225d", "wf-run-id": "01a088ef-f15d-726a-b4ac-14f04b95a54a", "wf-scheduled-event-id": 2, "wf-started-event-id": 0, "wf-started-timestamp": "0001-01-01T00:00:00.000Z", "workflow-task-request-id": "emptyUuid", "workflow-task-timeout": 10, "wt-type": "Normal", "logging-call-at": "/home/ubuntu/temporal-investigation-20260909/overnight-20260909/specula-engine/runs/temporal-reset-20260909-restart-1600/temporal-reset/.specula-output/confirmation/CR-2/worktree/common/log/lazy_logger.go:30"}
    shared_cluster_t.go:72: 2026-09-10T01:30:21.405Z	debug	time skipping skipped for: time skipping is not enabled	{"address": "127.0.0.1:46389", "shard-id": 1, "wf-id": "TestWorkflowResetTestSuite/TestAnalysisMissingCurrentRecovery/competing-start_workflow_id", "wf-namespace": "TestWorkflowResetTestSuite-TestAnalysisMissingCurrentRecovery-competing-start-a982ca1a-b8b1-4562-8509-a9d81d6b225d", "wf-run-id": "01a088ef-f15d-726a-b4ac-14f04b95a54a", "logging-call-at": "/home/ubuntu/temporal-investigation-20260909/overnight-20260909/specula-engine/runs/temporal-reset-20260909-restart-1600/temporal-reset/.specula-output/confirmation/CR-2/worktree/common/log/lazy_logger.go:30"}
    shared_cluster_t.go:72: 2026-09-10T01:30:21.405Z	debug	Assigning new task key	{"address": "127.0.0.1:46389", "cursor-timestamp": "2026-09-10T01:30:22.403Z", "queue-task-id": 1048612, "queue-task-type": "TransferWorkflowTask", "shard-id": 1, "timestamp": "2026-09-10T01:30:21.405Z", "wf-id": "TestWorkflowResetTestSuite/TestAnalysisMissingCurrentRecovery/competing-start_workflow_id", "wf-namespace-id": "f6830043-3819-40a7-ab67-47644d753dda", "wf-run-id": "01a088ef-f15d-726a-b4ac-14f04b95a54a", "logging-call-at": "/home/ubuntu/temporal-investigation-20260909/overnight-20260909/specula-engine/runs/temporal-reset-20260909-restart-1600/temporal-reset/.specula-output/confirmation/CR-2/worktree/service/history/shard/task_key_generator.go:98"}
    shared_cluster_t.go:72: 2026-09-10T01:30:21.405Z	debug	Assigning new task key	{"address": "127.0.0.1:46389", "cursor-timestamp": "2026-09-10T01:30:22.403Z", "queue-task-id": 1048613, "queue-task-type": "VisibilityStartExecution", "shard-id": 1, "timestamp": "2026-09-10T01:30:21.405Z", "wf-id": "TestWorkflowResetTestSuite/TestAnalysisMissingCurrentRecovery/competing-start_workflow_id", "wf-namespace-id": "f6830043-3819-40a7-ab67-47644d753dda", "wf-run-id": "01a088ef-f15d-726a-b4ac-14f04b95a54a", "logging-call-at": "/home/ubuntu/temporal-investigation-20260909/overnight-20260909/specula-engine/runs/temporal-reset-20260909-restart-1600/temporal-reset/.specula-output/confirmation/CR-2/worktree/service/history/shard/task_key_generator.go:98"}
    shared_cluster_t.go:72: 2026-09-10T01:30:21.405Z	debug	Assigning new task key	{"address": "127.0.0.1:46389", "cursor-timestamp": "2026-09-10T01:30:22.403Z", "queue-task-id": 1048616, "queue-task-type": "VisibilityStartExecution", "shard-id": 1, "timestamp": "2026-09-10T01:30:21.405Z", "wf-id": "TestWorkflowResetTestSuite/TestAnalysisMissingCurrentRecovery/competing-start_workflow_id", "wf-namespace-id": "f6830043-3819-40a7-ab67-47644d753dda", "wf-run-id": "01a088ef-f15d-726a-b4ac-14f04b95a54a", "logging-call-at": "/home/ubuntu/temporal-investigation-20260909/overnight-20260909/specula-engine/runs/temporal-reset-20260909-restart-1600/temporal-reset/.specula-output/confirmation/CR-2/worktree/service/history/shard/task_key_generator.go:98"}
    shared_cluster_t.go:72: 2026-09-10T01:30:21.405Z	debug	Assigning new task key	{"address": "127.0.0.1:46389", "cursor-timestamp": "2026-09-10T01:30:22.403Z", "queue-task-id": 1048617, "queue-task-type": "TransferWorkflowTask", "shard-id": 1, "timestamp": "2026-09-10T01:30:21.405Z", "wf-id": "TestWorkflowResetTestSuite/TestAnalysisMissingCurrentRecovery/competing-start_workflow_id", "wf-namespace-id": "f6830043-3819-40a7-ab67-47644d753dda", "wf-run-id": "01a088ef-f15d-726a-b4ac-14f04b95a54a", "logging-call-at": "/home/ubuntu/temporal-investigation-20260909/overnight-20260909/specula-engine/runs/temporal-reset-20260909-restart-1600/temporal-reset/.specula-output/confirmation/CR-2/worktree/service/history/shard/task_key_generator.go:98"}
    shared_cluster_t.go:72: 2026-09-10T01:30:21.406Z	debug	Process task as active.	{"address": "127.0.0.1:46389", "component": "transfer-queue-processor", "shard-id": 1, "value": "WorkflowTask{WorkflowKey: f6830043-3819-40a7-ab67-47644d753dda/TestWorkflowResetTestSuite/TestAnalysisMissingCurrentRecovery/competing-start_workflow_id/01a088ef-f15d-726a-b4ac-14f04b95a54a, VisibilityTimestamp: 2026-09-10 01:30:21.405622349 +0000 UTC, TaskID: 1048617, TaskQueue: TestWorkflowResetTestSuite/TestAnalysisMissingCurrentRecovery/competing-start_task_queue, ScheduledEventID: 2, Version: 0}", "wf-namespace-id": "f6830043-3819-40a7-ab67-47644d753dda", "logging-call-at": "/home/ubuntu/temporal-investigation-20260909/overnight-20260909/specula-engine/runs/temporal-reset-20260909-restart-1600/temporal-reset/.specula-output/confirmation/CR-2/worktree/service/history/queues/active_standby_executor.go:121"}
    shared_cluster_t.go:72: 2026-09-10T01:30:21.406Z	debug	Frontend method invoked.	{"wf-namespace": "TestWorkflowResetTestSuite-TestAnalysisMissingCurrentRecovery-competing-start-a982ca1a-b8b1-4562-8509-a9d81d6b225d", "operation": "PollWorkflowTaskQueue", "server-name": "", "cert-thumbprint": "", "logging-call-at": "/home/ubuntu/temporal-investigation-20260909/overnight-20260909/specula-engine/runs/temporal-reset-20260909-restart-1600/temporal-reset/.specula-output/confirmation/CR-2/worktree/common/rpc/interceptor/namespace_logger.go:53"}
    shared_cluster_t.go:72: 2026-09-10T01:30:21.406Z	debug	Received PollWorkflowTaskQueue	{"service": "frontend", "logging-call-at": "/home/ubuntu/temporal-investigation-20260909/overnight-20260909/specula-engine/runs/temporal-reset-20260909-restart-1600/temporal-reset/.specula-output/confirmation/CR-2/worktree/service/frontend/workflow_handler.go:1079"}
    shared_cluster_t.go:72: 2026-09-10T01:30:21.406Z	debug	Poll workflow task queue.	{"service": "frontend", "wf-namespace": "TestWorkflowResetTestSuite-TestAnalysisMissingCurrentRecovery-competing-start-a982ca1a-b8b1-4562-8509-a9d81d6b225d", "wf-namespace-id": "f6830043-3819-40a7-ab67-47644d753dda", "logging-call-at": "/home/ubuntu/temporal-investigation-20260909/overnight-20260909/specula-engine/runs/temporal-reset-20260909-restart-1600/temporal-reset/.specula-output/confirmation/CR-2/worktree/service/frontend/workflow_handler.go:1116"}
    shared_cluster_t.go:72: 2026-09-10T01:30:21.407Z	debug	Workflow task updated	{"address": "127.0.0.1:46389", "attempt": 1, "shard-id": 1, "wf-id": "TestWorkflowResetTestSuite/TestAnalysisMissingCurrentRecovery/competing-start_workflow_id", "wf-namespace": "TestWorkflowResetTestSuite-TestAnalysisMissingCurrentRecovery-competing-start-a982ca1a-b8b1-4562-8509-a9d81d6b225d", "wf-namespace-id": "f6830043-3819-40a7-ab67-47644d753dda", "wf-run-id": "01a088ef-f15d-726a-b4ac-14f04b95a54a", "wf-scheduled-event-id": 2, "wf-started-event-id": 3, "wf-started-timestamp": "2026-09-10T01:30:21.407Z", "workflow-task-request-id": "2a60f9ec-791a-4b47-b1e3-a9bc1d04a85f", "workflow-task-timeout": 10, "wt-type": "Normal", "logging-call-at": "/home/ubuntu/temporal-investigation-20260909/overnight-20260909/specula-engine/runs/temporal-reset-20260909-restart-1600/temporal-reset/.specula-output/confirmation/CR-2/worktree/common/log/lazy_logger.go:30"}
    shared_cluster_t.go:72: 2026-09-10T01:30:21.407Z	debug	time skipping skipped for: time skipping is not enabled	{"address": "127.0.0.1:46389", "shard-id": 1, "wf-id": "TestWorkflowResetTestSuite/TestAnalysisMissingCurrentRecovery/competing-start_workflow_id", "wf-namespace": "TestWorkflowResetTestSuite-TestAnalysisMissingCurrentRecovery-competing-start-a982ca1a-b8b1-4562-8509-a9d81d6b225d", "wf-namespace-id": "f6830043-3819-40a7-ab67-47644d753dda", "wf-run-id": "01a088ef-f15d-726a-b4ac-14f04b95a54a", "logging-call-at": "/home/ubuntu/temporal-investigation-20260909/overnight-20260909/specula-engine/runs/temporal-reset-20260909-restart-1600/temporal-reset/.specula-output/confirmation/CR-2/worktree/common/log/lazy_logger.go:30"}
    shared_cluster_t.go:72: 2026-09-10T01:30:21.407Z	debug	Assigning new task key	{"address": "127.0.0.1:46389", "cursor-timestamp": "2026-09-10T01:30:22.406Z", "queue-task-id": 1048621, "queue-task-type": "WorkflowTaskTimeout", "shard-id": 1, "timestamp": "2026-09-10T01:30:31.408Z", "wf-id": "TestWorkflowResetTestSuite/TestAnalysisMissingCurrentRecovery/competing-start_workflow_id", "wf-namespace-id": "f6830043-3819-40a7-ab67-47644d753dda", "wf-run-id": "01a088ef-f15d-726a-b4ac-14f04b95a54a", "logging-call-at": "/home/ubuntu/temporal-investigation-20260909/overnight-20260909/specula-engine/runs/temporal-reset-20260909-restart-1600/temporal-reset/.specula-output/confirmation/CR-2/worktree/service/history/shard/task_key_generator.go:98"}
    shared_cluster_t.go:72: 2026-09-10T01:30:21.408Z	debug	routing key extraction: adding routing key to context	{"wf-id": "TestWorkflowResetTestSuite/TestAnalysisMissingCurrentRecovery/competing-start_workflow_id", "grpc-method": "/temporal.api.workflowservice.v1.WorkflowService/RespondWorkflowTaskCompleted", "logging-call-at": "/home/ubuntu/temporal-investigation-20260909/overnight-20260909/specula-engine/runs/temporal-reset-20260909-restart-1600/temporal-reset/.specula-output/confirmation/CR-2/worktree/common/rpc/interceptor/routing_key_interceptor.go:112"}
    shared_cluster_t.go:72: 2026-09-10T01:30:21.408Z	debug	Frontend method invoked.	{"wf-namespace": "TestWorkflowResetTestSuite-TestAnalysisMissingCurrentRecovery-competing-start-a982ca1a-b8b1-4562-8509-a9d81d6b225d", "operation": "RespondWorkflowTaskCompleted", "server-name": "", "cert-thumbprint": "", "logging-call-at": "/home/ubuntu/temporal-investigation-20260909/overnight-20260909/specula-engine/runs/temporal-reset-20260909-restart-1600/temporal-reset/.specula-output/confirmation/CR-2/worktree/common/rpc/interceptor/namespace_logger.go:53"}
    shared_cluster_t.go:72: 2026-09-10T01:30:21.408Z	debug	RespondWorkflowTaskCompleted	{"service": "history", "wf-id": "TestWorkflowResetTestSuite/TestAnalysisMissingCurrentRecovery/competing-start_workflow_id", "wf-namespace-id": "f6830043-3819-40a7-ab67-47644d753dda", "wf-run-id": "01a088ef-f15d-726a-b4ac-14f04b95a54a", "wf-scheduled-event-id": 2, "logging-call-at": "/home/ubuntu/temporal-investigation-20260909/overnight-20260909/specula-engine/runs/temporal-reset-20260909-restart-1600/temporal-reset/.specula-output/confirmation/CR-2/worktree/service/history/handler.go:558"}
    shared_cluster_t.go:72: 2026-09-10T01:30:21.408Z	debug	Workflow task updated	{"address": "127.0.0.1:46389", "attempt": 1, "shard-id": 1, "wf-id": "TestWorkflowResetTestSuite/TestAnalysisMissingCurrentRecovery/competing-start_workflow_id", "wf-namespace": "TestWorkflowResetTestSuite-TestAnalysisMissingCurrentRecovery-competing-start-a982ca1a-b8b1-4562-8509-a9d81d6b225d", "wf-namespace-id": "f6830043-3819-40a7-ab67-47644d753dda", "wf-run-id": "01a088ef-f15d-726a-b4ac-14f04b95a54a", "wf-scheduled-event-id": 0, "wf-started-event-id": 0, "wf-started-timestamp": "1970-01-01T00:00:00.000Z", "workflow-task-request-id": "emptyUuid", "workflow-task-timeout": 0, "wt-type": "Unspecified", "logging-call-at": "/home/ubuntu/temporal-investigation-20260909/overnight-20260909/specula-engine/runs/temporal-reset-20260909-restart-1600/temporal-reset/.specula-output/confirmation/CR-2/worktree/common/log/lazy_logger.go:30"}
    shared_cluster_t.go:72: 2026-09-10T01:30:21.408Z	debug	time skipping skipped for: time skipping is not enabled	{"address": "127.0.0.1:46389", "shard-id": 1, "wf-id": "TestWorkflowResetTestSuite/TestAnalysisMissingCurrentRecovery/competing-start_workflow_id", "wf-namespace": "TestWorkflowResetTestSuite-TestAnalysisMissingCurrentRecovery-competing-start-a982ca1a-b8b1-4562-8509-a9d81d6b225d", "wf-namespace-id": "f6830043-3819-40a7-ab67-47644d753dda", "wf-run-id": "01a088ef-f15d-726a-b4ac-14f04b95a54a", "logging-call-at": "/home/ubuntu/temporal-investigation-20260909/overnight-20260909/specula-engine/runs/temporal-reset-20260909-restart-1600/temporal-reset/.specula-output/confirmation/CR-2/worktree/common/log/lazy_logger.go:30"}
    shared_cluster_t.go:72: 2026-09-10T01:30:21.408Z	debug	Assigning new task key	{"address": "127.0.0.1:46389", "cursor-timestamp": "2026-09-10T01:30:22.406Z", "queue-task-id": 1048626, "queue-task-type": "VisibilityUpsertExecution", "shard-id": 1, "timestamp": "2026-09-10T01:30:21.408Z", "wf-id": "TestWorkflowResetTestSuite/TestAnalysisMissingCurrentRecovery/competing-start_workflow_id", "wf-namespace-id": "f6830043-3819-40a7-ab67-47644d753dda", "wf-run-id": "01a088ef-f15d-726a-b4ac-14f04b95a54a", "logging-call-at": "/home/ubuntu/temporal-investigation-20260909/overnight-20260909/specula-engine/runs/temporal-reset-20260909-restart-1600/temporal-reset/.specula-output/confirmation/CR-2/worktree/service/history/shard/task_key_generator.go:98"}
    shared_cluster_t.go:72: 2026-09-10T01:30:21.409Z	debug	Assigning new task key	{"address": "127.0.0.1:46389", "cursor-timestamp": "2026-09-10T01:30:22.406Z", "queue-task-id": 1048627, "queue-task-type": "TransferActivityTask", "shard-id": 1, "timestamp": "2026-09-10T01:30:21.408Z", "wf-id": "TestWorkflowResetTestSuite/TestAnalysisMissingCurrentRecovery/competing-start_workflow_id", "wf-namespace-id": "f6830043-3819-40a7-ab67-47644d753dda", "wf-run-id": "01a088ef-f15d-726a-b4ac-14f04b95a54a", "logging-call-at": "/home/ubuntu/temporal-investigation-20260909/overnight-20260909/specula-engine/runs/temporal-reset-20260909-restart-1600/temporal-reset/.specula-output/confirmation/CR-2/worktree/service/history/shard/task_key_generator.go:98"}
    shared_cluster_t.go:72: 2026-09-10T01:30:21.409Z	debug	Frontend method invoked.	{"wf-namespace": "TestWorkflowResetTestSuite-TestAnalysisMissingCurrentRecovery-competing-start-a982ca1a-b8b1-4562-8509-a9d81d6b225d", "operation": "PollActivityTaskQueue", "server-name": "", "cert-thumbprint": "", "logging-call-at": "/home/ubuntu/temporal-investigation-20260909/overnight-20260909/specula-engine/runs/temporal-reset-20260909-restart-1600/temporal-reset/.specula-output/confirmation/CR-2/worktree/common/rpc/interceptor/namespace_logger.go:53"}
    shared_cluster_t.go:72: 2026-09-10T01:30:21.409Z	debug	Received PollActivityTaskQueue	{"service": "frontend", "logging-call-at": "/home/ubuntu/temporal-investigation-20260909/overnight-20260909/specula-engine/runs/temporal-reset-20260909-restart-1600/temporal-reset/.specula-output/confirmation/CR-2/worktree/service/frontend/workflow_handler.go:1349"}
    shared_cluster_t.go:72: 2026-09-10T01:30:21.409Z	debug	Process task as active.	{"address": "127.0.0.1:46389", "component": "transfer-queue-processor", "shard-id": 1, "value": "f6830043-3819-40a7-ab67-47644d753dda/TestWorkflowResetTestSuite/TestAnalysisMissingCurrentRecovery/competing-start_workflow_id/01a088ef-f15d-726a-b4ac-14f04b95a54a", "wf-namespace-id": "f6830043-3819-40a7-ab67-47644d753dda", "logging-call-at": "/home/ubuntu/temporal-investigation-20260909/overnight-20260909/specula-engine/runs/temporal-reset-20260909-restart-1600/temporal-reset/.specula-output/confirmation/CR-2/worktree/service/history/queues/active_standby_executor.go:121"}
    shared_cluster_t.go:72: 2026-09-10T01:30:21.410Z	debug	time skipping skipped for: time skipping is not enabled	{"address": "127.0.0.1:46389", "shard-id": 1, "wf-id": "TestWorkflowResetTestSuite/TestAnalysisMissingCurrentRecovery/competing-start_workflow_id", "wf-namespace": "TestWorkflowResetTestSuite-TestAnalysisMissingCurrentRecovery-competing-start-a982ca1a-b8b1-4562-8509-a9d81d6b225d", "wf-namespace-id": "f6830043-3819-40a7-ab67-47644d753dda", "wf-run-id": "01a088ef-f15d-726a-b4ac-14f04b95a54a", "logging-call-at": "/home/ubuntu/temporal-investigation-20260909/overnight-20260909/specula-engine/runs/temporal-reset-20260909-restart-1600/temporal-reset/.specula-output/confirmation/CR-2/worktree/common/log/lazy_logger.go:30"}
    shared_cluster_t.go:72: 2026-09-10T01:30:21.410Z	debug	Assigning new task key	{"address": "127.0.0.1:46389", "cursor-timestamp": "2026-09-10T01:30:22.409Z", "queue-task-id": 1048630, "queue-task-type": "ActivityTimeout", "shard-id": 1, "timestamp": "2026-09-10T01:30:31.411Z", "wf-id": "TestWorkflowResetTestSuite/TestAnalysisMissingCurrentRecovery/competing-start_workflow_id", "wf-namespace-id": "f6830043-3819-40a7-ab67-47644d753dda", "wf-run-id": "01a088ef-f15d-726a-b4ac-14f04b95a54a", "logging-call-at": "/home/ubuntu/temporal-investigation-20260909/overnight-20260909/specula-engine/runs/temporal-reset-20260909-restart-1600/temporal-reset/.specula-output/confirmation/CR-2/worktree/service/history/shard/task_key_generator.go:98"}
    shared_cluster_t.go:72: 2026-09-10T01:30:21.411Z	debug	routing key extraction: adding routing key to context	{"wf-id": "TestWorkflowResetTestSuite/TestAnalysisMissingCurrentRecovery/competing-start_workflow_id", "grpc-method": "/temporal.api.workflowservice.v1.WorkflowService/RespondActivityTaskCompleted", "logging-call-at": "/home/ubuntu/temporal-investigation-20260909/overnight-20260909/specula-engine/runs/temporal-reset-20260909-restart-1600/temporal-reset/.specula-output/confirmation/CR-2/worktree/common/rpc/interceptor/routing_key_interceptor.go:112"}
    shared_cluster_t.go:72: 2026-09-10T01:30:21.411Z	debug	Frontend method invoked.	{"wf-namespace": "TestWorkflowResetTestSuite-TestAnalysisMissingCurrentRecovery-competing-start-a982ca1a-b8b1-4562-8509-a9d81d6b225d", "operation": "RespondActivityTaskCompleted", "server-name": "", "cert-thumbprint": "", "logging-call-at": "/home/ubuntu/temporal-investigation-20260909/overnight-20260909/specula-engine/runs/temporal-reset-20260909-restart-1600/temporal-reset/.specula-output/confirmation/CR-2/worktree/common/rpc/interceptor/namespace_logger.go:53"}
    shared_cluster_t.go:72: 2026-09-10T01:30:21.411Z	debug	Workflow task updated	{"address": "127.0.0.1:46389", "attempt": 1, "shard-id": 1, "wf-id": "TestWorkflowResetTestSuite/TestAnalysisMissingCurrentRecovery/competing-start_workflow_id", "wf-namespace": "TestWorkflowResetTestSuite-TestAnalysisMissingCurrentRecovery-competing-start-a982ca1a-b8b1-4562-8509-a9d81d6b225d", "wf-namespace-id": "f6830043-3819-40a7-ab67-47644d753dda", "wf-run-id": "01a088ef-f15d-726a-b4ac-14f04b95a54a", "wf-scheduled-event-id": 8, "wf-started-event-id": 0, "wf-started-timestamp": "0001-01-01T00:00:00.000Z", "workflow-task-request-id": "emptyUuid", "workflow-task-timeout": 10, "wt-type": "Normal", "logging-call-at": "/home/ubuntu/temporal-investigation-20260909/overnight-20260909/specula-engine/runs/temporal-reset-20260909-restart-1600/temporal-reset/.specula-output/confirmation/CR-2/worktree/common/log/lazy_logger.go:30"}
    shared_cluster_t.go:72: 2026-09-10T01:30:21.411Z	debug	time skipping skipped for: time skipping is not enabled	{"address": "127.0.0.1:46389", "shard-id": 1, "wf-id": "TestWorkflowResetTestSuite/TestAnalysisMissingCurrentRecovery/competing-start_workflow_id", "wf-namespace": "TestWorkflowResetTestSuite-TestAnalysisMissingCurrentRecovery-competing-start-a982ca1a-b8b1-4562-8509-a9d81d6b225d", "wf-namespace-id": "f6830043-3819-40a7-ab67-47644d753dda", "wf-run-id": "01a088ef-f15d-726a-b4ac-14f04b95a54a", "logging-call-at": "/home/ubuntu/temporal-investigation-20260909/overnight-20260909/specula-engine/runs/temporal-reset-20260909-restart-1600/temporal-reset/.specula-output/confirmation/CR-2/worktree/common/log/lazy_logger.go:30"}
    shared_cluster_t.go:72: 2026-09-10T01:30:21.411Z	debug	Assigning new task key	{"address": "127.0.0.1:46389", "cursor-timestamp": "2026-09-10T01:30:22.409Z", "queue-task-id": 1048635, "queue-task-type": "TransferWorkflowTask", "shard-id": 1, "timestamp": "2026-09-10T01:30:21.411Z", "wf-id": "TestWorkflowResetTestSuite/TestAnalysisMissingCurrentRecovery/competing-start_workflow_id", "wf-namespace-id": "f6830043-3819-40a7-ab67-47644d753dda", "wf-run-id": "01a088ef-f15d-726a-b4ac-14f04b95a54a", "logging-call-at": "/home/ubuntu/temporal-investigation-20260909/overnight-20260909/specula-engine/runs/temporal-reset-20260909-restart-1600/temporal-reset/.specula-output/confirmation/CR-2/worktree/service/history/shard/task_key_generator.go:98"}
    shared_cluster_t.go:72: 2026-09-10T01:30:21.412Z	debug	Process task as active.	{"address": "127.0.0.1:46389", "component": "transfer-queue-processor", "shard-id": 1, "value": "WorkflowTask{WorkflowKey: f6830043-3819-40a7-ab67-47644d753dda/TestWorkflowResetTestSuite/TestAnalysisMissingCurrentRecovery/competing-start_workflow_id/01a088ef-f15d-726a-b4ac-14f04b95a54a, VisibilityTimestamp: 2026-09-10 01:30:21.411824773 +0000 UTC, TaskID: 1048635, TaskQueue: TestWorkflowResetTestSuite/TestAnalysisMissingCurrentRecovery/competing-start_task_queue, ScheduledEventID: 8, Version: 0}", "wf-namespace-id": "f6830043-3819-40a7-ab67-47644d753dda", "logging-call-at": "/home/ubuntu/temporal-investigation-20260909/overnight-20260909/specula-engine/runs/temporal-reset-20260909-restart-1600/temporal-reset/.specula-output/confirmation/CR-2/worktree/service/history/queues/active_standby_executor.go:121"}
    shared_cluster_t.go:72: 2026-09-10T01:30:21.412Z	debug	Frontend method invoked.	{"wf-namespace": "TestWorkflowResetTestSuite-TestAnalysisMissingCurrentRecovery-competing-start-a982ca1a-b8b1-4562-8509-a9d81d6b225d", "operation": "PollWorkflowTaskQueue", "server-name": "", "cert-thumbprint": "", "logging-call-at": "/home/ubuntu/temporal-investigation-20260909/overnight-20260909/specula-engine/runs/temporal-reset-20260909-restart-1600/temporal-reset/.specula-output/confirmation/CR-2/worktree/common/rpc/interceptor/namespace_logger.go:53"}
    shared_cluster_t.go:72: 2026-09-10T01:30:21.412Z	debug	Received PollWorkflowTaskQueue	{"service": "frontend", "logging-call-at": "/home/ubuntu/temporal-investigation-20260909/overnight-20260909/specula-engine/runs/temporal-reset-20260909-restart-1600/temporal-reset/.specula-output/confirmation/CR-2/worktree/service/frontend/workflow_handler.go:1079"}
    shared_cluster_t.go:72: 2026-09-10T01:30:21.412Z	debug	Poll workflow task queue.	{"service": "frontend", "wf-namespace": "TestWorkflowResetTestSuite-TestAnalysisMissingCurrentRecovery-competing-start-a982ca1a-b8b1-4562-8509-a9d81d6b225d", "wf-namespace-id": "f6830043-3819-40a7-ab67-47644d753dda", "logging-call-at": "/home/ubuntu/temporal-investigation-20260909/overnight-20260909/specula-engine/runs/temporal-reset-20260909-restart-1600/temporal-reset/.specula-output/confirmation/CR-2/worktree/service/frontend/workflow_handler.go:1116"}
    shared_cluster_t.go:72: 2026-09-10T01:30:21.412Z	debug	Workflow task updated	{"address": "127.0.0.1:46389", "attempt": 1, "shard-id": 1, "wf-id": "TestWorkflowResetTestSuite/TestAnalysisMissingCurrentRecovery/competing-start_workflow_id", "wf-namespace": "TestWorkflowResetTestSuite-TestAnalysisMissingCurrentRecovery-competing-start-a982ca1a-b8b1-4562-8509-a9d81d6b225d", "wf-namespace-id": "f6830043-3819-40a7-ab67-47644d753dda", "wf-run-id": "01a088ef-f15d-726a-b4ac-14f04b95a54a", "wf-scheduled-event-id": 8, "wf-started-event-id": 9, "wf-started-timestamp": "2026-09-10T01:30:21.412Z", "workflow-task-request-id": "bb3dbe5f-c8cc-4725-a838-cfe30e86cd37", "workflow-task-timeout": 10, "wt-type": "Normal", "logging-call-at": "/home/ubuntu/temporal-investigation-20260909/overnight-20260909/specula-engine/runs/temporal-reset-20260909-restart-1600/temporal-reset/.specula-output/confirmation/CR-2/worktree/common/log/lazy_logger.go:30"}
    shared_cluster_t.go:72: 2026-09-10T01:30:21.413Z	debug	time skipping skipped for: time skipping is not enabled	{"address": "127.0.0.1:46389", "shard-id": 1, "wf-id": "TestWorkflowResetTestSuite/TestAnalysisMissingCurrentRecovery/competing-start_workflow_id", "wf-namespace": "TestWorkflowResetTestSuite-TestAnalysisMissingCurrentRecovery-competing-start-a982ca1a-b8b1-4562-8509-a9d81d6b225d", "wf-namespace-id": "f6830043-3819-40a7-ab67-47644d753dda", "wf-run-id": "01a088ef-f15d-726a-b4ac-14f04b95a54a", "logging-call-at": "/home/ubuntu/temporal-investigation-20260909/overnight-20260909/specula-engine/runs/temporal-reset-20260909-restart-1600/temporal-reset/.specula-output/confirmation/CR-2/worktree/common/log/lazy_logger.go:30"}
    shared_cluster_t.go:72: 2026-09-10T01:30:21.413Z	debug	Assigning new task key	{"address": "127.0.0.1:46389", "cursor-timestamp": "2026-09-10T01:30:22.412Z", "queue-task-id": 1048638, "queue-task-type": "WorkflowTaskTimeout", "shard-id": 1, "timestamp": "2026-09-10T01:30:31.413Z", "wf-id": "TestWorkflowResetTestSuite/TestAnalysisMissingCurrentRecovery/competing-start_workflow_id", "wf-namespace-id": "f6830043-3819-40a7-ab67-47644d753dda", "wf-run-id": "01a088ef-f15d-726a-b4ac-14f04b95a54a", "logging-call-at": "/home/ubuntu/temporal-investigation-20260909/overnight-20260909/specula-engine/runs/temporal-reset-20260909-restart-1600/temporal-reset/.specula-output/confirmation/CR-2/worktree/service/history/shard/task_key_generator.go:98"}
    shared_cluster_t.go:72: 2026-09-10T01:30:21.414Z	debug	routing key extraction: adding routing key to context	{"wf-id": "TestWorkflowResetTestSuite/TestAnalysisMissingCurrentRecovery/competing-start_workflow_id", "grpc-method": "/temporal.api.workflowservice.v1.WorkflowService/RespondWorkflowTaskCompleted", "logging-call-at": "/home/ubuntu/temporal-investigation-20260909/overnight-20260909/specula-engine/runs/temporal-reset-20260909-restart-1600/temporal-reset/.specula-output/confirmation/CR-2/worktree/common/rpc/interceptor/routing_key_interceptor.go:112"}
    shared_cluster_t.go:72: 2026-09-10T01:30:21.414Z	debug	Frontend method invoked.	{"wf-namespace": "TestWorkflowResetTestSuite-TestAnalysisMissingCurrentRecovery-competing-start-a982ca1a-b8b1-4562-8509-a9d81d6b225d", "operation": "RespondWorkflowTaskCompleted", "server-name": "", "cert-thumbprint": "", "logging-call-at": "/home/ubuntu/temporal-investigation-20260909/overnight-20260909/specula-engine/runs/temporal-reset-20260909-restart-1600/temporal-reset/.specula-output/confirmation/CR-2/worktree/common/rpc/interceptor/namespace_logger.go:53"}
    shared_cluster_t.go:72: 2026-09-10T01:30:21.414Z	debug	RespondWorkflowTaskCompleted	{"service": "history", "wf-id": "TestWorkflowResetTestSuite/TestAnalysisMissingCurrentRecovery/competing-start_workflow_id", "wf-namespace-id": "f6830043-3819-40a7-ab67-47644d753dda", "wf-run-id": "01a088ef-f15d-726a-b4ac-14f04b95a54a", "wf-scheduled-event-id": 8, "logging-call-at": "/home/ubuntu/temporal-investigation-20260909/overnight-20260909/specula-engine/runs/temporal-reset-20260909-restart-1600/temporal-reset/.specula-output/confirmation/CR-2/worktree/service/history/handler.go:558"}
    shared_cluster_t.go:72: 2026-09-10T01:30:21.414Z	debug	Workflow task updated	{"address": "127.0.0.1:46389", "attempt": 1, "shard-id": 1, "wf-id": "TestWorkflowResetTestSuite/TestAnalysisMissingCurrentRecovery/competing-start_workflow_id", "wf-namespace": "TestWorkflowResetTestSuite-TestAnalysisMissingCurrentRecovery-competing-start-a982ca1a-b8b1-4562-8509-a9d81d6b225d", "wf-namespace-id": "f6830043-3819-40a7-ab67-47644d753dda", "wf-run-id": "01a088ef-f15d-726a-b4ac-14f04b95a54a", "wf-scheduled-event-id": 0, "wf-started-event-id": 0, "wf-started-timestamp": "1970-01-01T00:00:00.000Z", "workflow-task-request-id": "emptyUuid", "workflow-task-timeout": 0, "wt-type": "Unspecified", "logging-call-at": "/home/ubuntu/temporal-investigation-20260909/overnight-20260909/specula-engine/runs/temporal-reset-20260909-restart-1600/temporal-reset/.specula-output/confirmation/CR-2/worktree/common/log/lazy_logger.go:30"}
    shared_cluster_t.go:72: 2026-09-10T01:30:21.414Z	debug	time skipping skipped for: time skipping is not enabled	{"address": "127.0.0.1:46389", "shard-id": 1, "wf-id": "TestWorkflowResetTestSuite/TestAnalysisMissingCurrentRecovery/competing-start_workflow_id", "wf-namespace": "TestWorkflowResetTestSuite-TestAnalysisMissingCurrentRecovery-competing-start-a982ca1a-b8b1-4562-8509-a9d81d6b225d", "wf-namespace-id": "f6830043-3819-40a7-ab67-47644d753dda", "wf-run-id": "01a088ef-f15d-726a-b4ac-14f04b95a54a", "logging-call-at": "/home/ubuntu/temporal-investigation-20260909/overnight-20260909/specula-engine/runs/temporal-reset-20260909-restart-1600/temporal-reset/.specula-output/confirmation/CR-2/worktree/common/log/lazy_logger.go:30"}
    shared_cluster_t.go:72: 2026-09-10T01:30:21.414Z	debug	Assigning new task key	{"address": "127.0.0.1:46389", "cursor-timestamp": "2026-09-10T01:30:22.412Z", "queue-task-id": 1048643, "queue-task-type": "VisibilityCloseExecution", "shard-id": 1, "timestamp": "2026-09-10T01:30:21.414Z", "wf-id": "TestWorkflowResetTestSuite/TestAnalysisMissingCurrentRecovery/competing-start_workflow_id", "wf-namespace-id": "f6830043-3819-40a7-ab67-47644d753dda", "wf-run-id": "01a088ef-f15d-726a-b4ac-14f04b95a54a", "logging-call-at": "/home/ubuntu/temporal-investigation-20260909/overnight-20260909/specula-engine/runs/temporal-reset-20260909-restart-1600/temporal-reset/.specula-output/confirmation/CR-2/worktree/service/history/shard/task_key_generator.go:98"}
    shared_cluster_t.go:72: 2026-09-10T01:30:21.414Z	debug	Assigning new task key	{"address": "127.0.0.1:46389", "cursor-timestamp": "2026-09-10T01:30:22.412Z", "queue-task-id": 1048644, "queue-task-type": "DeleteHistoryEvent", "shard-id": 1, "timestamp": "2026-09-11T01:30:21.639Z", "wf-id": "TestWorkflowResetTestSuite/TestAnalysisMissingCurrentRecovery/competing-start_workflow_id", "wf-namespace-id": "f6830043-3819-40a7-ab67-47644d753dda", "wf-run-id": "01a088ef-f15d-726a-b4ac-14f04b95a54a", "logging-call-at": "/home/ubuntu/temporal-investigation-20260909/overnight-20260909/specula-engine/runs/temporal-reset-20260909-restart-1600/temporal-reset/.specula-output/confirmation/CR-2/worktree/service/history/shard/task_key_generator.go:98"}
    shared_cluster_t.go:72: 2026-09-10T01:30:21.414Z	debug	Assigning new task key	{"address": "127.0.0.1:46389", "cursor-timestamp": "2026-09-10T01:30:22.412Z", "queue-task-id": 1048645, "queue-task-type": "TransferCloseExecution", "shard-id": 1, "timestamp": "2026-09-10T01:30:21.414Z", "wf-id": "TestWorkflowResetTestSuite/TestAnalysisMissingCurrentRecovery/competing-start_workflow_id", "wf-namespace-id": "f6830043-3819-40a7-ab67-47644d753dda", "wf-run-id": "01a088ef-f15d-726a-b4ac-14f04b95a54a", "logging-call-at": "/home/ubuntu/temporal-investigation-20260909/overnight-20260909/specula-engine/runs/temporal-reset-20260909-restart-1600/temporal-reset/.specula-output/confirmation/CR-2/worktree/service/history/shard/task_key_generator.go:98"}
    shared_cluster_t.go:72: 2026-09-10T01:30:21.415Z	debug	routing key extraction: adding routing key to context	{"wf-id": "TestWorkflowResetTestSuite/TestAnalysisMissingCurrentRecovery/competing-start_workflow_id", "grpc-method": "/temporal.api.workflowservice.v1.WorkflowService/DeleteWorkflowExecution", "logging-call-at": "/home/ubuntu/temporal-investigation-20260909/overnight-20260909/specula-engine/runs/temporal-reset-20260909-restart-1600/temporal-reset/.specula-output/confirmation/CR-2/worktree/common/rpc/interceptor/routing_key_interceptor.go:112"}
    shared_cluster_t.go:72: 2026-09-10T01:30:21.415Z	debug	Frontend method invoked.	{"wf-namespace": "TestWorkflowResetTestSuite-TestAnalysisMissingCurrentRecovery-competing-start-a982ca1a-b8b1-4562-8509-a9d81d6b225d", "operation": "DeleteWorkflowExecution", "server-name": "", "cert-thumbprint": "", "logging-call-at": "/home/ubuntu/temporal-investigation-20260909/overnight-20260909/specula-engine/runs/temporal-reset-20260909-restart-1600/temporal-reset/.specula-output/confirmation/CR-2/worktree/common/rpc/interceptor/namespace_logger.go:53"}
    shared_cluster_t.go:72: 2026-09-10T01:30:21.415Z	debug	Process task as active.	{"address": "127.0.0.1:46389", "component": "transfer-queue-processor", "shard-id": 1, "value": "CloseExecutionTask{WorkflowKey: f6830043-3819-40a7-ab67-47644d753dda/TestWorkflowResetTestSuite/TestAnalysisMissingCurrentRecovery/competing-start_workflow_id/01a088ef-f15d-726a-b4ac-14f04b95a54a, VisibilityTimestamp: 2026-09-10 01:30:21.414465326 +0000 UTC, TaskID: 1048645, Version: 0, DeleteAfterClose: false, DeleteProcessStage: 0}", "wf-namespace-id": "f6830043-3819-40a7-ab67-47644d753dda", "logging-call-at": "/home/ubuntu/temporal-investigation-20260909/overnight-20260909/specula-engine/runs/temporal-reset-20260909-restart-1600/temporal-reset/.specula-output/confirmation/CR-2/worktree/service/history/queues/active_standby_executor.go:121"}
    shared_cluster_t.go:72: 2026-09-10T01:30:21.415Z	info	DeleteWorkflowExecution requested	{"service": "history", "wf-id": "TestWorkflowResetTestSuite/TestAnalysisMissingCurrentRecovery/competing-start_workflow_id", "wf-namespace-id": "f6830043-3819-40a7-ab67-47644d753dda", "wf-run-id": "01a088ef-f15d-726a-b4ac-14f04b95a54a", "logging-call-at": "/home/ubuntu/temporal-investigation-20260909/overnight-20260909/specula-engine/runs/temporal-reset-20260909-restart-1600/temporal-reset/.specula-output/confirmation/CR-2/worktree/service/history/handler.go:1116"}
    shared_cluster_t.go:72: 2026-09-10T01:30:21.415Z	debug	Assigning new task key	{"address": "127.0.0.1:46389", "cursor-timestamp": "2026-09-10T01:30:22.414Z", "queue-task-id": 1048646, "queue-task-type": "TransferDeleteExecution", "shard-id": 1, "timestamp": "2026-09-10T01:30:21.415Z", "wf-id": "TestWorkflowResetTestSuite/TestAnalysisMissingCurrentRecovery/competing-start_workflow_id", "wf-namespace-id": "f6830043-3819-40a7-ab67-47644d753dda", "wf-run-id": "01a088ef-f15d-726a-b4ac-14f04b95a54a", "logging-call-at": "/home/ubuntu/temporal-investigation-20260909/overnight-20260909/specula-engine/runs/temporal-reset-20260909-restart-1600/temporal-reset/.specula-output/confirmation/CR-2/worktree/service/history/shard/task_key_generator.go:98"}
    shared_cluster_t.go:72: 2026-09-10T01:30:21.416Z	debug	Process task as active.	{"address": "127.0.0.1:46389", "component": "transfer-queue-processor", "shard-id": 1, "value": "DeleteExecutionTask{WorkflowKey: f6830043-3819-40a7-ab67-47644d753dda/TestWorkflowResetTestSuite/TestAnalysisMissingCurrentRecovery/competing-start_workflow_id/01a088ef-f15d-726a-b4ac-14f04b95a54a, VisibilityTimestamp: 2026-09-10 01:30:21.415264063 +0000 UTC, TaskID: 1048646, ProcessStage: 0}", "wf-namespace-id": "f6830043-3819-40a7-ab67-47644d753dda", "logging-call-at": "/home/ubuntu/temporal-investigation-20260909/overnight-20260909/specula-engine/runs/temporal-reset-20260909-restart-1600/temporal-reset/.specula-output/confirmation/CR-2/worktree/service/history/queues/active_standby_executor.go:121"}
    shared_cluster_t.go:72: 2026-09-10T01:30:21.442Z	debug	starting ping check	{"name": "dynamic config callbacks", "service": "matching", "logging-call-at": "/home/ubuntu/temporal-investigation-20260909/overnight-20260909/specula-engine/runs/temporal-reset-20260909-restart-1600/temporal-reset/.specula-output/confirmation/CR-2/worktree/common/deadlock/deadlock.go:178"}
    shared_cluster_t.go:72: 2026-09-10T01:30:21.442Z	debug	ping check succeeded	{"name": "dynamic config callbacks", "service": "matching", "logging-call-at": "/home/ubuntu/temporal-investigation-20260909/overnight-20260909/specula-engine/runs/temporal-reset-20260909-restart-1600/temporal-reset/.specula-output/confirmation/CR-2/worktree/common/deadlock/deadlock.go:206"}
    shared_cluster_t.go:72: 2026-09-10T01:30:21.442Z	debug	starting ping check	{"name": "namespace registry lock", "service": "matching", "logging-call-at": "/home/ubuntu/temporal-investigation-20260909/overnight-20260909/specula-engine/runs/temporal-reset-20260909-restart-1600/temporal-reset/.specula-output/confirmation/CR-2/worktree/common/deadlock/deadlock.go:178"}
    shared_cluster_t.go:72: 2026-09-10T01:30:21.442Z	debug	starting ping check	{"name": "cluster metadata lock", "service": "matching", "logging-call-at": "/home/ubuntu/temporal-investigation-20260909/overnight-20260909/specula-engine/runs/temporal-reset-20260909-restart-1600/temporal-reset/.specula-output/confirmation/CR-2/worktree/common/deadlock/deadlock.go:178"}
    shared_cluster_t.go:72: 2026-09-10T01:30:21.442Z	debug	ping check succeeded	{"name": "cluster metadata lock", "service": "matching", "logging-call-at": "/home/ubuntu/temporal-investigation-20260909/overnight-20260909/specula-engine/runs/temporal-reset-20260909-restart-1600/temporal-reset/.specula-output/confirmation/CR-2/worktree/common/deadlock/deadlock.go:206"}
    shared_cluster_t.go:72: 2026-09-10T01:30:21.442Z	debug	ping check succeeded	{"name": "namespace registry lock", "service": "matching", "logging-call-at": "/home/ubuntu/temporal-investigation-20260909/overnight-20260909/specula-engine/runs/temporal-reset-20260909-restart-1600/temporal-reset/.specula-output/confirmation/CR-2/worktree/common/deadlock/deadlock.go:206"}
    shared_cluster_t.go:72: 2026-09-10T01:30:21.442Z	debug	starting ping check	{"name": "cluster metadata callback lock", "service": "matching", "logging-call-at": "/home/ubuntu/temporal-investigation-20260909/overnight-20260909/specula-engine/runs/temporal-reset-20260909-restart-1600/temporal-reset/.specula-output/confirmation/CR-2/worktree/common/deadlock/deadlock.go:178"}
    shared_cluster_t.go:72: 2026-09-10T01:30:21.442Z	debug	ping check succeeded	{"name": "cluster metadata callback lock", "service": "matching", "logging-call-at": "/home/ubuntu/temporal-investigation-20260909/overnight-20260909/specula-engine/runs/temporal-reset-20260909-restart-1600/temporal-reset/.specula-output/confirmation/CR-2/worktree/common/deadlock/deadlock.go:206"}
    shared_cluster_t.go:72: 2026-09-10T01:30:21.443Z	debug	starting ping check	{"name": "dynamic config callbacks", "service": "frontend", "logging-call-at": "/home/ubuntu/temporal-investigation-20260909/overnight-20260909/specula-engine/runs/temporal-reset-20260909-restart-1600/temporal-reset/.specula-output/confirmation/CR-2/worktree/common/deadlock/deadlock.go:178"}
    shared_cluster_t.go:72: 2026-09-10T01:30:21.443Z	debug	ping check succeeded	{"name": "dynamic config callbacks", "service": "frontend", "logging-call-at": "/home/ubuntu/temporal-investigation-20260909/overnight-20260909/specula-engine/runs/temporal-reset-20260909-restart-1600/temporal-reset/.specula-output/confirmation/CR-2/worktree/common/deadlock/deadlock.go:206"}
    shared_cluster_t.go:72: 2026-09-10T01:30:21.443Z	debug	starting ping check	{"name": "dynamic config callbacks", "service": "history", "logging-call-at": "/home/ubuntu/temporal-investigation-20260909/overnight-20260909/specula-engine/runs/temporal-reset-20260909-restart-1600/temporal-reset/.specula-output/confirmation/CR-2/worktree/common/deadlock/deadlock.go:178"}
    shared_cluster_t.go:72: 2026-09-10T01:30:21.443Z	debug	ping check succeeded	{"name": "dynamic config callbacks", "service": "history", "logging-call-at": "/home/ubuntu/temporal-investigation-20260909/overnight-20260909/specula-engine/runs/temporal-reset-20260909-restart-1600/temporal-reset/.specula-output/confirmation/CR-2/worktree/common/deadlock/deadlock.go:206"}
    shared_cluster_t.go:72: 2026-09-10T01:30:21.443Z	debug	starting ping check	{"name": "cluster metadata lock", "service": "history", "logging-call-at": "/home/ubuntu/temporal-investigation-20260909/overnight-20260909/specula-engine/runs/temporal-reset-20260909-restart-1600/temporal-reset/.specula-output/confirmation/CR-2/worktree/common/deadlock/deadlock.go:178"}
    shared_cluster_t.go:72: 2026-09-10T01:30:21.443Z	debug	ping check succeeded	{"name": "cluster metadata lock", "service": "history", "logging-call-at": "/home/ubuntu/temporal-investigation-20260909/overnight-20260909/specula-engine/runs/temporal-reset-20260909-restart-1600/temporal-reset/.specula-output/confirmation/CR-2/worktree/common/deadlock/deadlock.go:206"}
    shared_cluster_t.go:72: 2026-09-10T01:30:21.443Z	debug	starting ping check	{"name": "namespace registry lock", "service": "history", "logging-call-at": "/home/ubuntu/temporal-investigation-20260909/overnight-20260909/specula-engine/runs/temporal-reset-20260909-restart-1600/temporal-reset/.specula-output/confirmation/CR-2/worktree/common/deadlock/deadlock.go:178"}
    shared_cluster_t.go:72: 2026-09-10T01:30:21.443Z	debug	starting ping check	{"name": "shard controller", "service": "history", "logging-call-at": "/home/ubuntu/temporal-investigation-20260909/overnight-20260909/specula-engine/runs/temporal-reset-20260909-restart-1600/temporal-reset/.specula-output/confirmation/CR-2/worktree/common/deadlock/deadlock.go:178"}
    shared_cluster_t.go:72: 2026-09-10T01:30:21.443Z	debug	ping check succeeded	{"name": "shard controller", "service": "history", "logging-call-at": "/home/ubuntu/temporal-investigation-20260909/overnight-20260909/specula-engine/runs/temporal-reset-20260909-restart-1600/temporal-reset/.specula-output/confirmation/CR-2/worktree/common/deadlock/deadlock.go:206"}
    shared_cluster_t.go:72: 2026-09-10T01:30:21.443Z	debug	starting ping check	{"name": "cluster metadata lock", "service": "frontend", "logging-call-at": "/home/ubuntu/temporal-investigation-20260909/overnight-20260909/specula-engine/runs/temporal-reset-20260909-restart-1600/temporal-reset/.specula-output/confirmation/CR-2/worktree/common/deadlock/deadlock.go:178"}
    shared_cluster_t.go:72: 2026-09-10T01:30:21.443Z	debug	ping check succeeded	{"name": "cluster metadata lock", "service": "frontend", "logging-call-at": "/home/ubuntu/temporal-investigation-20260909/overnight-20260909/specula-engine/runs/temporal-reset-20260909-restart-1600/temporal-reset/.specula-output/confirmation/CR-2/worktree/common/deadlock/deadlock.go:206"}
    shared_cluster_t.go:72: 2026-09-10T01:30:21.443Z	debug	starting ping check	{"name": "cluster metadata callback lock", "service": "frontend", "logging-call-at": "/home/ubuntu/temporal-investigation-20260909/overnight-20260909/specula-engine/runs/temporal-reset-20260909-restart-1600/temporal-reset/.specula-output/confirmation/CR-2/worktree/common/deadlock/deadlock.go:178"}
    shared_cluster_t.go:72: 2026-09-10T01:30:21.443Z	debug	ping check succeeded	{"name": "cluster metadata callback lock", "service": "frontend", "logging-call-at": "/home/ubuntu/temporal-investigation-20260909/overnight-20260909/specula-engine/runs/temporal-reset-20260909-restart-1600/temporal-reset/.specula-output/confirmation/CR-2/worktree/common/deadlock/deadlock.go:206"}
    shared_cluster_t.go:72: 2026-09-10T01:30:21.443Z	debug	ping check succeeded	{"name": "namespace registry lock", "service": "history", "logging-call-at": "/home/ubuntu/temporal-investigation-20260909/overnight-20260909/specula-engine/runs/temporal-reset-20260909-restart-1600/temporal-reset/.specula-output/confirmation/CR-2/worktree/common/deadlock/deadlock.go:206"}
    shared_cluster_t.go:72: 2026-09-10T01:30:21.443Z	debug	starting ping check	{"name": "cluster metadata callback lock", "service": "history", "logging-call-at": "/home/ubuntu/temporal-investigation-20260909/overnight-20260909/specula-engine/runs/temporal-reset-20260909-restart-1600/temporal-reset/.specula-output/confirmation/CR-2/worktree/common/deadlock/deadlock.go:178"}
    shared_cluster_t.go:72: 2026-09-10T01:30:21.443Z	debug	ping check succeeded	{"name": "cluster metadata callback lock", "service": "history", "logging-call-at": "/home/ubuntu/temporal-investigation-20260909/overnight-20260909/specula-engine/runs/temporal-reset-20260909-restart-1600/temporal-reset/.specula-output/confirmation/CR-2/worktree/common/deadlock/deadlock.go:206"}
    shared_cluster_t.go:72: 2026-09-10T01:30:21.443Z	debug	starting ping check	{"name": "namespace registry lock", "service": "frontend", "logging-call-at": "/home/ubuntu/temporal-investigation-20260909/overnight-20260909/specula-engine/runs/temporal-reset-20260909-restart-1600/temporal-reset/.specula-output/confirmation/CR-2/worktree/common/deadlock/deadlock.go:178"}
    shared_cluster_t.go:72: 2026-09-10T01:30:21.443Z	debug	ping check succeeded	{"name": "namespace registry lock", "service": "frontend", "logging-call-at": "/home/ubuntu/temporal-investigation-20260909/overnight-20260909/specula-engine/runs/temporal-reset-20260909-restart-1600/temporal-reset/.specula-output/confirmation/CR-2/worktree/common/deadlock/deadlock.go:206"}
    shared_cluster_t.go:72: 2026-09-10T01:30:21.543Z	debug	starting ping check	{"name": "Shard(1)-shard-lock", "service": "history", "logging-call-at": "/home/ubuntu/temporal-investigation-20260909/overnight-20260909/specula-engine/runs/temporal-reset-20260909-restart-1600/temporal-reset/.specula-output/confirmation/CR-2/worktree/common/deadlock/deadlock.go:178"}
    shared_cluster_t.go:72: 2026-09-10T01:30:21.543Z	debug	ping check succeeded	{"name": "Shard(1)-shard-lock", "service": "history", "logging-call-at": "/home/ubuntu/temporal-investigation-20260909/overnight-20260909/specula-engine/runs/temporal-reset-20260909-restart-1600/temporal-reset/.specula-output/confirmation/CR-2/worktree/common/deadlock/deadlock.go:206"}
    shared_cluster_t.go:72: 2026-09-10T01:30:21.543Z	debug	starting ping check	{"name": "Shard(1)-io-semaphore", "service": "history", "logging-call-at": "/home/ubuntu/temporal-investigation-20260909/overnight-20260909/specula-engine/runs/temporal-reset-20260909-restart-1600/temporal-reset/.specula-output/confirmation/CR-2/worktree/common/deadlock/deadlock.go:178"}
    shared_cluster_t.go:72: 2026-09-10T01:30:21.543Z	debug	ping check succeeded	{"name": "Shard(1)-io-semaphore", "service": "history", "logging-call-at": "/home/ubuntu/temporal-investigation-20260909/overnight-20260909/specula-engine/runs/temporal-reset-20260909-restart-1600/temporal-reset/.specula-output/confirmation/CR-2/worktree/common/deadlock/deadlock.go:206"}
    shared_cluster_t.go:72: 2026-09-10T01:30:25.310Z	debug	Process task as active.	{"address": "127.0.0.1:46389", "component": "transfer-queue-processor", "shard-id": 1, "value": "DeleteExecutionTask{WorkflowKey: f6830043-3819-40a7-ab67-47644d753dda/TestWorkflowResetTestSuite/TestAnalysisMissingCurrentRecovery/competing-start_workflow_id/01a088ef-f15d-726a-b4ac-14f04b95a54a, VisibilityTimestamp: 2026-09-10 01:30:21.415264063 +0000 UTC, TaskID: 1048646, ProcessStage: 0}", "wf-namespace-id": "f6830043-3819-40a7-ab67-47644d753dda", "logging-call-at": "/home/ubuntu/temporal-investigation-20260909/overnight-20260909/specula-engine/runs/temporal-reset-20260909-restart-1600/temporal-reset/.specula-output/confirmation/CR-2/worktree/service/history/queues/active_standby_executor.go:121"}
    shared_cluster_t.go:72: 2026-09-10T01:30:25.310Z	debug	Assigning new task key	{"address": "127.0.0.1:46389", "cursor-timestamp": "2026-09-10T01:30:25.310Z", "queue-task-id": 1048647, "queue-task-type": "VisibilityDeleteExecution", "shard-id": 1, "timestamp": "2026-09-10T01:30:25.310Z", "wf-id": "TestWorkflowResetTestSuite/TestAnalysisMissingCurrentRecovery/competing-start_workflow_id", "wf-namespace-id": "f6830043-3819-40a7-ab67-47644d753dda", "wf-run-id": "01a088ef-f15d-726a-b4ac-14f04b95a54a", "logging-call-at": "/home/ubuntu/temporal-investigation-20260909/overnight-20260909/specula-engine/runs/temporal-reset-20260909-restart-1600/temporal-reset/.specula-output/confirmation/CR-2/worktree/service/history/shard/task_key_generator.go:98"}
    shared_cluster_t.go:72: 2026-09-10T01:30:25.348Z	debug	routing key extraction: adding routing key to context	{"wf-id": "TestWorkflowResetTestSuite/TestAnalysisMissingCurrentRecovery/competing-start_workflow_id", "grpc-method": "/temporal.api.workflowservice.v1.WorkflowService/GetWorkflowExecutionHistory", "logging-call-at": "/home/ubuntu/temporal-investigation-20260909/overnight-20260909/specula-engine/runs/temporal-reset-20260909-restart-1600/temporal-reset/.specula-output/confirmation/CR-2/worktree/common/rpc/interceptor/routing_key_interceptor.go:112"}
    shared_cluster_t.go:72: 2026-09-10T01:30:25.348Z	debug	Frontend method invoked.	{"wf-namespace": "TestWorkflowResetTestSuite-TestAnalysisMissingCurrentRecovery-competing-start-a982ca1a-b8b1-4562-8509-a9d81d6b225d", "operation": "GetWorkflowExecutionHistory", "server-name": "", "cert-thumbprint": "", "logging-call-at": "/home/ubuntu/temporal-investigation-20260909/overnight-20260909/specula-engine/runs/temporal-reset-20260909-restart-1600/temporal-reset/.specula-output/confirmation/CR-2/worktree/common/rpc/interceptor/namespace_logger.go:53"}
    shared_cluster_t.go:72: 2026-09-10T01:30:25.349Z	debug	routing key extraction: adding routing key to context	{"wf-id": "TestWorkflowResetTestSuite/TestAnalysisMissingCurrentRecovery/competing-start_workflow_id", "grpc-method": "/temporal.api.workflowservice.v1.WorkflowService/ResetWorkflowExecution", "logging-call-at": "/home/ubuntu/temporal-investigation-20260909/overnight-20260909/specula-engine/runs/temporal-reset-20260909-restart-1600/temporal-reset/.specula-output/confirmation/CR-2/worktree/common/rpc/interceptor/routing_key_interceptor.go:112"}
    shared_cluster_t.go:72: 2026-09-10T01:30:25.350Z	debug	Frontend method invoked.	{"wf-namespace": "TestWorkflowResetTestSuite-TestAnalysisMissingCurrentRecovery-competing-start-a982ca1a-b8b1-4562-8509-a9d81d6b225d", "operation": "ResetWorkflowExecution", "server-name": "", "cert-thumbprint": "", "logging-call-at": "/home/ubuntu/temporal-investigation-20260909/overnight-20260909/specula-engine/runs/temporal-reset-20260909-restart-1600/temporal-reset/.specula-output/confirmation/CR-2/worktree/common/rpc/interceptor/namespace_logger.go:53"}
    shared_cluster_t.go:72: 2026-09-10T01:30:25.350Z	debug	Workflow task updated	{"address": "127.0.0.1:46389", "attempt": 1, "shard-id": 1, "wf-id": "TestWorkflowResetTestSuite/TestAnalysisMissingCurrentRecovery/competing-start_workflow_id", "wf-namespace": "TestWorkflowResetTestSuite-TestAnalysisMissingCurrentRecovery-competing-start-a982ca1a-b8b1-4562-8509-a9d81d6b225d", "wf-run-id": "1f519647-dcfa-47f1-807d-39fb094038b6", "wf-scheduled-event-id": 2, "wf-started-event-id": 0, "wf-started-timestamp": "0001-01-01T00:00:00.000Z", "workflow-task-request-id": "emptyUuid", "workflow-task-timeout": 10, "wt-type": "Normal", "logging-call-at": "/home/ubuntu/temporal-investigation-20260909/overnight-20260909/specula-engine/runs/temporal-reset-20260909-restart-1600/temporal-reset/.specula-output/confirmation/CR-2/worktree/common/log/lazy_logger.go:30"}
    shared_cluster_t.go:72: 2026-09-10T01:30:25.350Z	debug	Workflow task updated	{"address": "127.0.0.1:46389", "attempt": 1, "shard-id": 1, "wf-id": "TestWorkflowResetTestSuite/TestAnalysisMissingCurrentRecovery/competing-start_workflow_id", "wf-namespace": "TestWorkflowResetTestSuite-TestAnalysisMissingCurrentRecovery-competing-start-a982ca1a-b8b1-4562-8509-a9d81d6b225d", "wf-run-id": "1f519647-dcfa-47f1-807d-39fb094038b6", "wf-scheduled-event-id": 2, "wf-started-event-id": 3, "wf-started-timestamp": "2026-09-10T01:30:21.393Z", "workflow-task-request-id": "7b377159-b331-4609-98d0-4e795a06345b", "workflow-task-timeout": 10, "wt-type": "Normal", "logging-call-at": "/home/ubuntu/temporal-investigation-20260909/overnight-20260909/specula-engine/runs/temporal-reset-20260909-restart-1600/temporal-reset/.specula-output/confirmation/CR-2/worktree/common/log/lazy_logger.go:30"}
    shared_cluster_t.go:72: 2026-09-10T01:30:25.350Z	debug	Workflow task updated	{"address": "127.0.0.1:46389", "attempt": 2, "shard-id": 1, "wf-id": "TestWorkflowResetTestSuite/TestAnalysisMissingCurrentRecovery/competing-start_workflow_id", "wf-namespace": "TestWorkflowResetTestSuite-TestAnalysisMissingCurrentRecovery-competing-start-a982ca1a-b8b1-4562-8509-a9d81d6b225d", "wf-run-id": "1f519647-dcfa-47f1-807d-39fb094038b6", "wf-scheduled-event-id": 0, "wf-started-event-id": 0, "wf-started-timestamp": "1970-01-01T00:00:00.000Z", "workflow-task-request-id": "emptyUuid", "workflow-task-timeout": 0, "wt-type": "Unspecified", "logging-call-at": "/home/ubuntu/temporal-investigation-20260909/overnight-20260909/specula-engine/runs/temporal-reset-20260909-restart-1600/temporal-reset/.specula-output/confirmation/CR-2/worktree/common/log/lazy_logger.go:30"}
    shared_cluster_t.go:72: 2026-09-10T01:30:25.350Z	debug	Workflow task updated	{"address": "127.0.0.1:46389", "attempt": 1, "shard-id": 1, "wf-id": "TestWorkflowResetTestSuite/TestAnalysisMissingCurrentRecovery/competing-start_workflow_id", "wf-namespace": "TestWorkflowResetTestSuite-TestAnalysisMissingCurrentRecovery-competing-start-a982ca1a-b8b1-4562-8509-a9d81d6b225d", "wf-run-id": "1f519647-dcfa-47f1-807d-39fb094038b6", "wf-scheduled-event-id": 5, "wf-started-event-id": 0, "wf-started-timestamp": "0001-01-01T00:00:00.000Z", "workflow-task-request-id": "emptyUuid", "workflow-task-timeout": 10, "wt-type": "Normal", "logging-call-at": "/home/ubuntu/temporal-investigation-20260909/overnight-20260909/specula-engine/runs/temporal-reset-20260909-restart-1600/temporal-reset/.specula-output/confirmation/CR-2/worktree/common/log/lazy_logger.go:30"}
    shared_cluster_t.go:72: 2026-09-10T01:30:25.350Z	debug	time skipping skipped for: time skipping is not enabled	{"address": "127.0.0.1:46389", "shard-id": 1, "wf-id": "TestWorkflowResetTestSuite/TestAnalysisMissingCurrentRecovery/competing-start_workflow_id", "wf-namespace": "TestWorkflowResetTestSuite-TestAnalysisMissingCurrentRecovery-competing-start-a982ca1a-b8b1-4562-8509-a9d81d6b225d", "wf-run-id": "1f519647-dcfa-47f1-807d-39fb094038b6", "logging-call-at": "/home/ubuntu/temporal-investigation-20260909/overnight-20260909/specula-engine/runs/temporal-reset-20260909-restart-1600/temporal-reset/.specula-output/confirmation/CR-2/worktree/common/log/lazy_logger.go:30"}
    shared_cluster_t.go:72: 2026-09-10T01:30:25.350Z	debug	time skipping skipped for: time skipping is not enabled	{"address": "127.0.0.1:46389", "shard-id": 1, "wf-id": "TestWorkflowResetTestSuite/TestAnalysisMissingCurrentRecovery/competing-start_workflow_id", "wf-namespace": "TestWorkflowResetTestSuite-TestAnalysisMissingCurrentRecovery-competing-start-a982ca1a-b8b1-4562-8509-a9d81d6b225d", "wf-namespace-id": "f6830043-3819-40a7-ab67-47644d753dda", "wf-run-id": "01a088ef-f129-799c-a619-1a495ee8d579", "logging-call-at": "/home/ubuntu/temporal-investigation-20260909/overnight-20260909/specula-engine/runs/temporal-reset-20260909-restart-1600/temporal-reset/.specula-output/confirmation/CR-2/worktree/common/log/lazy_logger.go:30"}
    shared_cluster_t.go:72: 2026-09-10T01:30:25.351Z	debug	Assigning new task key	{"address": "127.0.0.1:46389", "cursor-timestamp": "2026-09-10T01:30:26.311Z", "queue-task-id": 1048652, "queue-task-type": "VisibilityUpsertExecution", "shard-id": 1, "timestamp": "2026-09-10T01:30:25.351Z", "wf-id": "TestWorkflowResetTestSuite/TestAnalysisMissingCurrentRecovery/competing-start_workflow_id", "wf-namespace-id": "f6830043-3819-40a7-ab67-47644d753dda", "wf-run-id": "1f519647-dcfa-47f1-807d-39fb094038b6", "logging-call-at": "/home/ubuntu/temporal-investigation-20260909/overnight-20260909/specula-engine/runs/temporal-reset-20260909-restart-1600/temporal-reset/.specula-output/confirmation/CR-2/worktree/service/history/shard/task_key_generator.go:98"}
    shared_cluster_t.go:72: 2026-09-10T01:30:25.351Z	debug	Assigning new task key	{"address": "127.0.0.1:46389", "cursor-timestamp": "2026-09-10T01:30:26.311Z", "queue-task-id": 1048653, "queue-task-type": "WorkflowTaskTimeout", "shard-id": 1, "timestamp": "2026-09-10T01:30:31.394Z", "wf-id": "TestWorkflowResetTestSuite/TestAnalysisMissingCurrentRecovery/competing-start_workflow_id", "wf-namespace-id": "f6830043-3819-40a7-ab67-47644d753dda", "wf-run-id": "1f519647-dcfa-47f1-807d-39fb094038b6", "logging-call-at": "/home/ubuntu/temporal-investigation-20260909/overnight-20260909/specula-engine/runs/temporal-reset-20260909-restart-1600/temporal-reset/.specula-output/confirmation/CR-2/worktree/service/history/shard/task_key_generator.go:98"}
    shared_cluster_t.go:72: 2026-09-10T01:30:25.351Z	debug	Assigning new task key	{"address": "127.0.0.1:46389", "cursor-timestamp": "2026-09-10T01:30:26.311Z", "queue-task-id": 1048654, "queue-task-type": "TransferWorkflowTask", "shard-id": 1, "timestamp": "2026-09-10T01:30:25.351Z", "wf-id": "TestWorkflowResetTestSuite/TestAnalysisMissingCurrentRecovery/competing-start_workflow_id", "wf-namespace-id": "f6830043-3819-40a7-ab67-47644d753dda", "wf-run-id": "1f519647-dcfa-47f1-807d-39fb094038b6", "logging-call-at": "/home/ubuntu/temporal-investigation-20260909/overnight-20260909/specula-engine/runs/temporal-reset-20260909-restart-1600/temporal-reset/.specula-output/confirmation/CR-2/worktree/service/history/shard/task_key_generator.go:98"}
    reset_recovery_analysis_test.go:89: scenario=competing-start checkpoint=base-written base=01a088ef-f129-799c-a619-1a495ee8d579 deleted=01a088ef-f15d-726a-b4ac-14f04b95a54a request=0af8951a-eaaf-4934-9708-65b31715f75a candidate=1f519647-dcfa-47f1-807d-39fb094038b6 baseLink=1f519647-dcfa-47f1-807d-39fb094038b6 recordVersion=9
    shared_cluster_t.go:72: 2026-09-10T01:30:25.351Z	debug	routing key extraction: adding routing key to context	{"wf-id": "TestWorkflowResetTestSuite/TestAnalysisMissingCurrentRecovery/competing-start_workflow_id", "grpc-method": "/temporal.api.workflowservice.v1.WorkflowService/StartWorkflowExecution", "logging-call-at": "/home/ubuntu/temporal-investigation-20260909/overnight-20260909/specula-engine/runs/temporal-reset-20260909-restart-1600/temporal-reset/.specula-output/confirmation/CR-2/worktree/common/rpc/interceptor/routing_key_interceptor.go:112"}
    shared_cluster_t.go:72: 2026-09-10T01:30:25.351Z	debug	Frontend method invoked.	{"wf-namespace": "TestWorkflowResetTestSuite-TestAnalysisMissingCurrentRecovery-competing-start-a982ca1a-b8b1-4562-8509-a9d81d6b225d", "operation": "StartWorkflowExecution", "server-name": "", "cert-thumbprint": "", "logging-call-at": "/home/ubuntu/temporal-investigation-20260909/overnight-20260909/specula-engine/runs/temporal-reset-20260909-restart-1600/temporal-reset/.specula-output/confirmation/CR-2/worktree/common/rpc/interceptor/namespace_logger.go:53"}
    shared_cluster_t.go:72: 2026-09-10T01:30:25.351Z	debug	Received StartWorkflowExecution.	{"service": "frontend", "wf-id": "TestWorkflowResetTestSuite/TestAnalysisMissingCurrentRecovery/competing-start_workflow_id", "wf-type": "TestWorkflowResetTestSuite/TestAnalysisMissingCurrentRecovery/competing-start_workflow_type", "logging-call-at": "/home/ubuntu/temporal-investigation-20260909/overnight-20260909/specula-engine/runs/temporal-reset-20260909-restart-1600/temporal-reset/.specula-output/confirmation/CR-2/worktree/service/frontend/workflow_handler.go:561"}
    shared_cluster_t.go:72: 2026-09-10T01:30:25.351Z	debug	Start workflow execution request namespace.	{"service": "frontend", "wf-namespace": "TestWorkflowResetTestSuite-TestAnalysisMissingCurrentRecovery-competing-start-a982ca1a-b8b1-4562-8509-a9d81d6b225d", "logging-call-at": "/home/ubuntu/temporal-investigation-20260909/overnight-20260909/specula-engine/runs/temporal-reset-20260909-restart-1600/temporal-reset/.specula-output/confirmation/CR-2/worktree/service/frontend/workflow_handler.go:565"}
    shared_cluster_t.go:72: 2026-09-10T01:30:25.352Z	debug	Start workflow execution request namespaceID.	{"service": "frontend", "wf-namespace-id": "f6830043-3819-40a7-ab67-47644d753dda", "logging-call-at": "/home/ubuntu/temporal-investigation-20260909/overnight-20260909/specula-engine/runs/temporal-reset-20260909-restart-1600/temporal-reset/.specula-output/confirmation/CR-2/worktree/service/frontend/workflow_handler.go:570"}
    shared_cluster_t.go:72: 2026-09-10T01:30:25.352Z	debug	Workflow task updated	{"address": "127.0.0.1:46389", "attempt": 1, "shard-id": 1, "wf-id": "TestWorkflowResetTestSuite/TestAnalysisMissingCurrentRecovery/competing-start_workflow_id", "wf-namespace": "TestWorkflowResetTestSuite-TestAnalysisMissingCurrentRecovery-competing-start-a982ca1a-b8b1-4562-8509-a9d81d6b225d", "wf-run-id": "01a088f0-00c8-7227-9c79-773134b8e8d9", "wf-scheduled-event-id": 2, "wf-started-event-id": 0, "wf-started-timestamp": "0001-01-01T00:00:00.000Z", "workflow-task-request-id": "emptyUuid", "workflow-task-timeout": 10, "wt-type": "Normal", "logging-call-at": "/home/ubuntu/temporal-investigation-20260909/overnight-20260909/specula-engine/runs/temporal-reset-20260909-restart-1600/temporal-reset/.specula-output/confirmation/CR-2/worktree/common/log/lazy_logger.go:30"}
    shared_cluster_t.go:72: 2026-09-10T01:30:25.352Z	debug	time skipping skipped for: time skipping is not enabled	{"address": "127.0.0.1:46389", "shard-id": 1, "wf-id": "TestWorkflowResetTestSuite/TestAnalysisMissingCurrentRecovery/competing-start_workflow_id", "wf-namespace": "TestWorkflowResetTestSuite-TestAnalysisMissingCurrentRecovery-competing-start-a982ca1a-b8b1-4562-8509-a9d81d6b225d", "wf-run-id": "01a088f0-00c8-7227-9c79-773134b8e8d9", "logging-call-at": "/home/ubuntu/temporal-investigation-20260909/overnight-20260909/specula-engine/runs/temporal-reset-20260909-restart-1600/temporal-reset/.specula-output/confirmation/CR-2/worktree/common/log/lazy_logger.go:30"}
    shared_cluster_t.go:72: 2026-09-10T01:30:25.352Z	debug	Assigning new task key	{"address": "127.0.0.1:46389", "cursor-timestamp": "2026-09-10T01:30:26.311Z", "queue-task-id": 1048658, "queue-task-type": "VisibilityStartExecution", "shard-id": 1, "timestamp": "2026-09-10T01:30:25.352Z", "wf-id": "TestWorkflowResetTestSuite/TestAnalysisMissingCurrentRecovery/competing-start_workflow_id", "wf-namespace-id": "f6830043-3819-40a7-ab67-47644d753dda", "wf-run-id": "01a088f0-00c8-7227-9c79-773134b8e8d9", "logging-call-at": "/home/ubuntu/temporal-investigation-20260909/overnight-20260909/specula-engine/runs/temporal-reset-20260909-restart-1600/temporal-reset/.specula-output/confirmation/CR-2/worktree/service/history/shard/task_key_generator.go:98"}
    shared_cluster_t.go:72: 2026-09-10T01:30:25.352Z	debug	Assigning new task key	{"address": "127.0.0.1:46389", "cursor-timestamp": "2026-09-10T01:30:26.311Z", "queue-task-id": 1048659, "queue-task-type": "TransferWorkflowTask", "shard-id": 1, "timestamp": "2026-09-10T01:30:25.352Z", "wf-id": "TestWorkflowResetTestSuite/TestAnalysisMissingCurrentRecovery/competing-start_workflow_id", "wf-namespace-id": "f6830043-3819-40a7-ab67-47644d753dda", "wf-run-id": "01a088f0-00c8-7227-9c79-773134b8e8d9", "logging-call-at": "/home/ubuntu/temporal-investigation-20260909/overnight-20260909/specula-engine/runs/temporal-reset-20260909-restart-1600/temporal-reset/.specula-output/confirmation/CR-2/worktree/service/history/shard/task_key_generator.go:98"}
    reset_recovery_analysis_test.go:95: scenario=competing-start checkpoint=start-committed competitor=01a088f0-00c8-7227-9c79-773134b8e8d9 shardIOConcurrency=2
    shared_cluster_t.go:72: 2026-09-10T01:30:25.397Z	debug	time skipping skipped for: time skipping is not enabled	{"address": "127.0.0.1:46389", "shard-id": 1, "wf-id": "TestWorkflowResetTestSuite/TestAnalysisMissingCurrentRecovery/competing-start_workflow_id", "wf-namespace": "TestWorkflowResetTestSuite-TestAnalysisMissingCurrentRecovery-competing-start-a982ca1a-b8b1-4562-8509-a9d81d6b225d", "wf-namespace-id": "f6830043-3819-40a7-ab67-47644d753dda", "wf-run-id": "01a088f0-00c8-7227-9c79-773134b8e8d9", "logging-call-at": "/home/ubuntu/temporal-investigation-20260909/overnight-20260909/specula-engine/runs/temporal-reset-20260909-restart-1600/temporal-reset/.specula-output/confirmation/CR-2/worktree/common/log/lazy_logger.go:30"}
    shared_cluster_t.go:72: 2026-09-10T01:30:25.397Z	debug	Workflow task updated	{"address": "127.0.0.1:46389", "attempt": 1, "shard-id": 1, "wf-id": "TestWorkflowResetTestSuite/TestAnalysisMissingCurrentRecovery/competing-start_workflow_id", "wf-namespace": "TestWorkflowResetTestSuite-TestAnalysisMissingCurrentRecovery-competing-start-a982ca1a-b8b1-4562-8509-a9d81d6b225d", "wf-run-id": "69d74465-3300-44a5-9365-4c4f164fbcb7", "wf-scheduled-event-id": 2, "wf-started-event-id": 0, "wf-started-timestamp": "0001-01-01T00:00:00.000Z", "workflow-task-request-id": "emptyUuid", "workflow-task-timeout": 10, "wt-type": "Normal", "logging-call-at": "/home/ubuntu/temporal-investigation-20260909/overnight-20260909/specula-engine/runs/temporal-reset-20260909-restart-1600/temporal-reset/.specula-output/confirmation/CR-2/worktree/common/log/lazy_logger.go:30"}
    shared_cluster_t.go:72: 2026-09-10T01:30:25.397Z	debug	Workflow task updated	{"address": "127.0.0.1:46389", "attempt": 1, "shard-id": 1, "wf-id": "TestWorkflowResetTestSuite/TestAnalysisMissingCurrentRecovery/competing-start_workflow_id", "wf-namespace": "TestWorkflowResetTestSuite-TestAnalysisMissingCurrentRecovery-competing-start-a982ca1a-b8b1-4562-8509-a9d81d6b225d", "wf-run-id": "69d74465-3300-44a5-9365-4c4f164fbcb7", "wf-scheduled-event-id": 2, "wf-started-event-id": 3, "wf-started-timestamp": "2026-09-10T01:30:21.393Z", "workflow-task-request-id": "7b377159-b331-4609-98d0-4e795a06345b", "workflow-task-timeout": 10, "wt-type": "Normal", "logging-call-at": "/home/ubuntu/temporal-investigation-20260909/overnight-20260909/specula-engine/runs/temporal-reset-20260909-restart-1600/temporal-reset/.specula-output/confirmation/CR-2/worktree/common/log/lazy_logger.go:30"}
    shared_cluster_t.go:72: 2026-09-10T01:30:25.397Z	debug	Workflow task updated	{"address": "127.0.0.1:46389", "attempt": 2, "shard-id": 1, "wf-id": "TestWorkflowResetTestSuite/TestAnalysisMissingCurrentRecovery/competing-start_workflow_id", "wf-namespace": "TestWorkflowResetTestSuite-TestAnalysisMissingCurrentRecovery-competing-start-a982ca1a-b8b1-4562-8509-a9d81d6b225d", "wf-run-id": "69d74465-3300-44a5-9365-4c4f164fbcb7", "wf-scheduled-event-id": 0, "wf-started-event-id": 0, "wf-started-timestamp": "1970-01-01T00:00:00.000Z", "workflow-task-request-id": "emptyUuid", "workflow-task-timeout": 0, "wt-type": "Unspecified", "logging-call-at": "/home/ubuntu/temporal-investigation-20260909/overnight-20260909/specula-engine/runs/temporal-reset-20260909-restart-1600/temporal-reset/.specula-output/confirmation/CR-2/worktree/common/log/lazy_logger.go:30"}
    shared_cluster_t.go:72: 2026-09-10T01:30:25.397Z	debug	Workflow task updated	{"address": "127.0.0.1:46389", "attempt": 1, "shard-id": 1, "wf-id": "TestWorkflowResetTestSuite/TestAnalysisMissingCurrentRecovery/competing-start_workflow_id", "wf-namespace": "TestWorkflowResetTestSuite-TestAnalysisMissingCurrentRecovery-competing-start-a982ca1a-b8b1-4562-8509-a9d81d6b225d", "wf-run-id": "69d74465-3300-44a5-9365-4c4f164fbcb7", "wf-scheduled-event-id": 5, "wf-started-event-id": 0, "wf-started-timestamp": "0001-01-01T00:00:00.000Z", "workflow-task-request-id": "emptyUuid", "workflow-task-timeout": 10, "wt-type": "Normal", "logging-call-at": "/home/ubuntu/temporal-investigation-20260909/overnight-20260909/specula-engine/runs/temporal-reset-20260909-restart-1600/temporal-reset/.specula-output/confirmation/CR-2/worktree/common/log/lazy_logger.go:30"}
    shared_cluster_t.go:72: 2026-09-10T01:30:25.397Z	debug	time skipping skipped for: time skipping is not enabled	{"address": "127.0.0.1:46389", "shard-id": 1, "wf-id": "TestWorkflowResetTestSuite/TestAnalysisMissingCurrentRecovery/competing-start_workflow_id", "wf-namespace": "TestWorkflowResetTestSuite-TestAnalysisMissingCurrentRecovery-competing-start-a982ca1a-b8b1-4562-8509-a9d81d6b225d", "wf-run-id": "69d74465-3300-44a5-9365-4c4f164fbcb7", "logging-call-at": "/home/ubuntu/temporal-investigation-20260909/overnight-20260909/specula-engine/runs/temporal-reset-20260909-restart-1600/temporal-reset/.specula-output/confirmation/CR-2/worktree/common/log/lazy_logger.go:30"}
    shared_cluster_t.go:72: 2026-09-10T01:30:25.397Z	debug	time skipping skipped for: time skipping is not enabled	{"address": "127.0.0.1:46389", "shard-id": 1, "wf-id": "TestWorkflowResetTestSuite/TestAnalysisMissingCurrentRecovery/competing-start_workflow_id", "wf-namespace": "TestWorkflowResetTestSuite-TestAnalysisMissingCurrentRecovery-competing-start-a982ca1a-b8b1-4562-8509-a9d81d6b225d", "wf-namespace-id": "f6830043-3819-40a7-ab67-47644d753dda", "wf-run-id": "01a088ef-f129-799c-a619-1a495ee8d579", "logging-call-at": "/home/ubuntu/temporal-investigation-20260909/overnight-20260909/specula-engine/runs/temporal-reset-20260909-restart-1600/temporal-reset/.specula-output/confirmation/CR-2/worktree/common/log/lazy_logger.go:30"}
    shared_cluster_t.go:72: 2026-09-10T01:30:25.397Z	debug	Assigning new task key	{"address": "127.0.0.1:46389", "cursor-timestamp": "2026-09-10T01:30:26.352Z", "queue-task-id": 1048667, "queue-task-type": "DeleteHistoryEvent", "shard-id": 1, "timestamp": "2026-09-11T01:30:25.679Z", "wf-id": "TestWorkflowResetTestSuite/TestAnalysisMissingCurrentRecovery/competing-start_workflow_id", "wf-namespace-id": "f6830043-3819-40a7-ab67-47644d753dda", "wf-run-id": "01a088f0-00c8-7227-9c79-773134b8e8d9", "logging-call-at": "/home/ubuntu/temporal-investigation-20260909/overnight-20260909/specula-engine/runs/temporal-reset-20260909-restart-1600/temporal-reset/.specula-output/confirmation/CR-2/worktree/service/history/shard/task_key_generator.go:98"}
    shared_cluster_t.go:72: 2026-09-10T01:30:25.397Z	debug	Assigning new task key	{"address": "127.0.0.1:46389", "cursor-timestamp": "2026-09-10T01:30:26.352Z", "queue-task-id": 1048668, "queue-task-type": "TransferCloseExecution", "shard-id": 1, "timestamp": "2026-09-10T01:30:25.397Z", "wf-id": "TestWorkflowResetTestSuite/TestAnalysisMissingCurrentRecovery/competing-start_workflow_id", "wf-namespace-id": "f6830043-3819-40a7-ab67-47644d753dda", "wf-run-id": "01a088f0-00c8-7227-9c79-773134b8e8d9", "logging-call-at": "/home/ubuntu/temporal-investigation-20260909/overnight-20260909/specula-engine/runs/temporal-reset-20260909-restart-1600/temporal-reset/.specula-output/confirmation/CR-2/worktree/service/history/shard/task_key_generator.go:98"}
    shared_cluster_t.go:72: 2026-09-10T01:30:25.397Z	debug	Assigning new task key	{"address": "127.0.0.1:46389", "cursor-timestamp": "2026-09-10T01:30:26.352Z", "queue-task-id": 1048669, "queue-task-type": "VisibilityCloseExecution", "shard-id": 1, "timestamp": "2026-09-10T01:30:25.397Z", "wf-id": "TestWorkflowResetTestSuite/TestAnalysisMissingCurrentRecovery/competing-start_workflow_id", "wf-namespace-id": "f6830043-3819-40a7-ab67-47644d753dda", "wf-run-id": "01a088f0-00c8-7227-9c79-773134b8e8d9", "logging-call-at": "/home/ubuntu/temporal-investigation-20260909/overnight-20260909/specula-engine/runs/temporal-reset-20260909-restart-1600/temporal-reset/.specula-output/confirmation/CR-2/worktree/service/history/shard/task_key_generator.go:98"}
    shared_cluster_t.go:72: 2026-09-10T01:30:25.397Z	debug	Assigning new task key	{"address": "127.0.0.1:46389", "cursor-timestamp": "2026-09-10T01:30:26.352Z", "queue-task-id": 1048670, "queue-task-type": "VisibilityUpsertExecution", "shard-id": 1, "timestamp": "2026-09-10T01:30:25.397Z", "wf-id": "TestWorkflowResetTestSuite/TestAnalysisMissingCurrentRecovery/competing-start_workflow_id", "wf-namespace-id": "f6830043-3819-40a7-ab67-47644d753dda", "wf-run-id": "69d74465-3300-44a5-9365-4c4f164fbcb7", "logging-call-at": "/home/ubuntu/temporal-investigation-20260909/overnight-20260909/specula-engine/runs/temporal-reset-20260909-restart-1600/temporal-reset/.specula-output/confirmation/CR-2/worktree/service/history/shard/task_key_generator.go:98"}
    shared_cluster_t.go:72: 2026-09-10T01:30:25.397Z	debug	Assigning new task key	{"address": "127.0.0.1:46389", "cursor-timestamp": "2026-09-10T01:30:26.352Z", "queue-task-id": 1048671, "queue-task-type": "WorkflowTaskTimeout", "shard-id": 1, "timestamp": "2026-09-10T01:30:31.394Z", "wf-id": "TestWorkflowResetTestSuite/TestAnalysisMissingCurrentRecovery/competing-start_workflow_id", "wf-namespace-id": "f6830043-3819-40a7-ab67-47644d753dda", "wf-run-id": "69d74465-3300-44a5-9365-4c4f164fbcb7", "logging-call-at": "/home/ubuntu/temporal-investigation-20260909/overnight-20260909/specula-engine/runs/temporal-reset-20260909-restart-1600/temporal-reset/.specula-output/confirmation/CR-2/worktree/service/history/shard/task_key_generator.go:98"}
    shared_cluster_t.go:72: 2026-09-10T01:30:25.397Z	debug	Assigning new task key	{"address": "127.0.0.1:46389", "cursor-timestamp": "2026-09-10T01:30:26.352Z", "queue-task-id": 1048672, "queue-task-type": "TransferWorkflowTask", "shard-id": 1, "timestamp": "2026-09-10T01:30:25.397Z", "wf-id": "TestWorkflowResetTestSuite/TestAnalysisMissingCurrentRecovery/competing-start_workflow_id", "wf-namespace-id": "f6830043-3819-40a7-ab67-47644d753dda", "wf-run-id": "69d74465-3300-44a5-9365-4c4f164fbcb7", "logging-call-at": "/home/ubuntu/temporal-investigation-20260909/overnight-20260909/specula-engine/runs/temporal-reset-20260909-restart-1600/temporal-reset/.specula-output/confirmation/CR-2/worktree/service/history/shard/task_key_generator.go:98"}
    shared_cluster_t.go:72: 2026-09-10T01:30:25.398Z	debug	Process task as active.	{"address": "127.0.0.1:46389", "component": "transfer-queue-processor", "shard-id": 1, "value": "WorkflowTask{WorkflowKey: f6830043-3819-40a7-ab67-47644d753dda/TestWorkflowResetTestSuite/TestAnalysisMissingCurrentRecovery/competing-start_workflow_id/69d74465-3300-44a5-9365-4c4f164fbcb7, VisibilityTimestamp: 2026-09-10 01:30:25.397735063 +0000 UTC, TaskID: 1048672, TaskQueue: TestWorkflowResetTestSuite/TestAnalysisMissingCurrentRecovery/competing-start_task_queue, ScheduledEventID: 5, Version: 0}", "wf-namespace-id": "f6830043-3819-40a7-ab67-47644d753dda", "logging-call-at": "/home/ubuntu/temporal-investigation-20260909/overnight-20260909/specula-engine/runs/temporal-reset-20260909-restart-1600/temporal-reset/.specula-output/confirmation/CR-2/worktree/service/history/queues/active_standby_executor.go:121"}
    shared_cluster_t.go:72: 2026-09-10T01:30:25.398Z	debug	Process task as active.	{"address": "127.0.0.1:46389", "component": "transfer-queue-processor", "shard-id": 1, "value": "WorkflowTask{WorkflowKey: f6830043-3819-40a7-ab67-47644d753dda/TestWorkflowResetTestSuite/TestAnalysisMissingCurrentRecovery/competing-start_workflow_id/01a088f0-00c8-7227-9c79-773134b8e8d9, VisibilityTimestamp: 2026-09-10 01:30:25.352292041 +0000 UTC, TaskID: 1048659, TaskQueue: TestWorkflowResetTestSuite/TestAnalysisMissingCurrentRecovery/competing-start_task_queue, ScheduledEventID: 2, Version: 0}", "wf-namespace-id": "f6830043-3819-40a7-ab67-47644d753dda", "logging-call-at": "/home/ubuntu/temporal-investigation-20260909/overnight-20260909/specula-engine/runs/temporal-reset-20260909-restart-1600/temporal-reset/.specula-output/confirmation/CR-2/worktree/service/history/queues/active_standby_executor.go:121"}
    shared_cluster_t.go:72: 2026-09-10T01:30:25.398Z	debug	Process task as active.	{"address": "127.0.0.1:46389", "component": "transfer-queue-processor", "shard-id": 1, "value": "CloseExecutionTask{WorkflowKey: f6830043-3819-40a7-ab67-47644d753dda/TestWorkflowResetTestSuite/TestAnalysisMissingCurrentRecovery/competing-start_workflow_id/01a088f0-00c8-7227-9c79-773134b8e8d9, VisibilityTimestamp: 2026-09-10 01:30:25.397735063 +0000 UTC, TaskID: 1048668, Version: 0, DeleteAfterClose: false, DeleteProcessStage: 0}", "wf-namespace-id": "f6830043-3819-40a7-ab67-47644d753dda", "logging-call-at": "/home/ubuntu/temporal-investigation-20260909/overnight-20260909/specula-engine/runs/temporal-reset-20260909-restart-1600/temporal-reset/.specula-output/confirmation/CR-2/worktree/service/history/queues/active_standby_executor.go:121"}
    reset_recovery_analysis_test.go:99: scenario=competing-start firstResponse=run_id:"69d74465-3300-44a5-9365-4c4f164fbcb7" firstError=<nil> attempts=1 competitor=01a088f0-00c8-7227-9c79-773134b8e8d9
    shared_cluster_t.go:72: 2026-09-10T01:30:25.400Z	debug	Frontend method invoked.	{"wf-namespace": "", "operation": "CloseShard", "server-name": "", "cert-thumbprint": "", "logging-call-at": "/home/ubuntu/temporal-investigation-20260909/overnight-20260909/specula-engine/runs/temporal-reset-20260909-restart-1600/temporal-reset/.specula-output/confirmation/CR-2/worktree/common/rpc/interceptor/namespace_logger.go:53"}
    shared_cluster_t.go:72: 2026-09-10T01:30:25.400Z	info	none	{"address": "127.0.0.1:46389", "component": "shard-controller", "numShards": 0, "logging-call-at": "/home/ubuntu/temporal-investigation-20260909/overnight-20260909/specula-engine/runs/temporal-reset-20260909-restart-1600/temporal-reset/.specula-output/confirmation/CR-2/worktree/service/history/shard/controller_impl.go:288"}
    shared_cluster_t.go:72: 2026-09-10T01:30:25.400Z	info	none	{"address": "127.0.0.1:46389", "component": "shard-context", "lifecycle": "Stopped", "shard-id": 1, "logging-call-at": "/home/ubuntu/temporal-investigation-20260909/overnight-20260909/specula-engine/runs/temporal-reset-20260909-restart-1600/temporal-reset/.specula-output/confirmation/CR-2/worktree/service/history/shard/context_impl.go:1783"}
    shared_cluster_t.go:72: 2026-09-10T01:30:25.400Z	info	none	{"address": "127.0.0.1:46389", "component": "shard-engine", "lifecycle": "Stopping", "shard-id": 1, "logging-call-at": "/home/ubuntu/temporal-investigation-20260909/overnight-20260909/specula-engine/runs/temporal-reset-20260909-restart-1600/temporal-reset/.specula-output/confirmation/CR-2/worktree/service/history/shard/context_impl.go:1631"}
    shared_cluster_t.go:72: 2026-09-10T01:30:25.400Z	info	none	{"address": "127.0.0.1:46389", "component": "history-engine", "lifecycle": "Stopping", "shard-id": 1, "logging-call-at": "/home/ubuntu/temporal-investigation-20260909/overnight-20260909/specula-engine/runs/temporal-reset-20260909-restart-1600/temporal-reset/.specula-output/confirmation/CR-2/worktree/service/history/history_engine.go:407"}
    shared_cluster_t.go:72: 2026-09-10T01:30:25.400Z	info	none	{"address": "127.0.0.1:46389", "component": "visibility-queue-processor", "lifecycle": "Stopping", "shard-id": 1, "logging-call-at": "/home/ubuntu/temporal-investigation-20260909/overnight-20260909/specula-engine/runs/temporal-reset-20260909-restart-1600/temporal-reset/.specula-output/confirmation/CR-2/worktree/service/history/queues/queue_immediate.go:112"}
    shared_cluster_t.go:72: 2026-09-10T01:30:25.401Z	info	queue reader stopped	{"address": "127.0.0.1:46389", "component": "visibility-queue-processor", "lifecycle": "Stopped", "queue-reader-id": 0, "shard-id": 1, "logging-call-at": "/home/ubuntu/temporal-investigation-20260909/overnight-20260909/specula-engine/runs/temporal-reset-20260909-restart-1600/temporal-reset/.specula-output/confirmation/CR-2/worktree/service/history/queues/reader.go:177"}
    shared_cluster_t.go:72: 2026-09-10T01:30:25.401Z	info	Task rescheduler stopped.	{"address": "127.0.0.1:46389", "component": "visibility-queue-processor", "lifecycle": "Stopped", "shard-id": 1, "logging-call-at": "/home/ubuntu/temporal-investigation-20260909/overnight-20260909/specula-engine/runs/temporal-reset-20260909-restart-1600/temporal-reset/.specula-output/confirmation/CR-2/worktree/service/history/queues/rescheduler.go:117"}
    shared_cluster_t.go:72: 2026-09-10T01:30:25.401Z	info	none	{"address": "127.0.0.1:46389", "component": "visibility-queue-processor", "lifecycle": "Stopped", "shard-id": 1, "logging-call-at": "/home/ubuntu/temporal-investigation-20260909/overnight-20260909/specula-engine/runs/temporal-reset-20260909-restart-1600/temporal-reset/.specula-output/confirmation/CR-2/worktree/service/history/queues/queue_immediate.go:122"}
    shared_cluster_t.go:72: 2026-09-10T01:30:25.401Z	info	none	{"address": "127.0.0.1:46389", "component": "transfer-queue-processor", "lifecycle": "Stopping", "shard-id": 1, "logging-call-at": "/home/ubuntu/temporal-investigation-20260909/overnight-20260909/specula-engine/runs/temporal-reset-20260909-restart-1600/temporal-reset/.specula-output/confirmation/CR-2/worktree/service/history/queues/queue_immediate.go:112"}
    shared_cluster_t.go:72: 2026-09-10T01:30:25.401Z	info	queue reader stopped	{"address": "127.0.0.1:46389", "component": "transfer-queue-processor", "lifecycle": "Stopped", "queue-reader-id": 0, "shard-id": 1, "logging-call-at": "/home/ubuntu/temporal-investigation-20260909/overnight-20260909/specula-engine/runs/temporal-reset-20260909-restart-1600/temporal-reset/.specula-output/confirmation/CR-2/worktree/service/history/queues/reader.go:177"}
    shared_cluster_t.go:72: 2026-09-10T01:30:25.401Z	info	Task rescheduler stopped.	{"address": "127.0.0.1:46389", "component": "transfer-queue-processor", "lifecycle": "Stopped", "shard-id": 1, "logging-call-at": "/home/ubuntu/temporal-investigation-20260909/overnight-20260909/specula-engine/runs/temporal-reset-20260909-restart-1600/temporal-reset/.specula-output/confirmation/CR-2/worktree/service/history/queues/rescheduler.go:117"}
    shared_cluster_t.go:72: 2026-09-10T01:30:25.401Z	info	none	{"address": "127.0.0.1:46389", "component": "transfer-queue-processor", "lifecycle": "Stopped", "shard-id": 1, "logging-call-at": "/home/ubuntu/temporal-investigation-20260909/overnight-20260909/specula-engine/runs/temporal-reset-20260909-restart-1600/temporal-reset/.specula-output/confirmation/CR-2/worktree/service/history/queues/queue_immediate.go:122"}
    shared_cluster_t.go:72: 2026-09-10T01:30:25.401Z	info	none	{"component": "memory-scheduled-queue-processor", "lifecycle": "Stopping", "service": "history", "logging-call-at": "/home/ubuntu/temporal-investigation-20260909/overnight-20260909/specula-engine/runs/temporal-reset-20260909-restart-1600/temporal-reset/.specula-output/confirmation/CR-2/worktree/service/history/queues/memory_scheduled_queue.go:91"}
    shared_cluster_t.go:72: 2026-09-10T01:30:25.401Z	info	none	{"component": "memory-scheduled-queue-processor", "lifecycle": "Stopped", "service": "history", "logging-call-at": "/home/ubuntu/temporal-investigation-20260909/overnight-20260909/specula-engine/runs/temporal-reset-20260909-restart-1600/temporal-reset/.specula-output/confirmation/CR-2/worktree/service/history/queues/memory_scheduled_queue.go:99"}
    shared_cluster_t.go:72: 2026-09-10T01:30:25.401Z	info	none	{"address": "127.0.0.1:46389", "component": "outbound-queue-processor", "lifecycle": "Stopping", "shard-id": 1, "logging-call-at": "/home/ubuntu/temporal-investigation-20260909/overnight-20260909/specula-engine/runs/temporal-reset-20260909-restart-1600/temporal-reset/.specula-output/confirmation/CR-2/worktree/service/history/queues/queue_immediate.go:112"}
    shared_cluster_t.go:72: 2026-09-10T01:30:25.401Z	info	queue reader stopped	{"address": "127.0.0.1:46389", "component": "outbound-queue-processor", "lifecycle": "Stopped", "queue-reader-id": 0, "shard-id": 1, "logging-call-at": "/home/ubuntu/temporal-investigation-20260909/overnight-20260909/specula-engine/runs/temporal-reset-20260909-restart-1600/temporal-reset/.specula-output/confirmation/CR-2/worktree/service/history/queues/reader.go:177"}
    shared_cluster_t.go:72: 2026-09-10T01:30:25.401Z	info	Task rescheduler stopped.	{"address": "127.0.0.1:46389", "component": "outbound-queue-processor", "lifecycle": "Stopped", "shard-id": 1, "logging-call-at": "/home/ubuntu/temporal-investigation-20260909/overnight-20260909/specula-engine/runs/temporal-reset-20260909-restart-1600/temporal-reset/.specula-output/confirmation/CR-2/worktree/service/history/queues/rescheduler.go:117"}
    shared_cluster_t.go:72: 2026-09-10T01:30:25.401Z	info	none	{"address": "127.0.0.1:46389", "component": "outbound-queue-processor", "lifecycle": "Stopped", "shard-id": 1, "logging-call-at": "/home/ubuntu/temporal-investigation-20260909/overnight-20260909/specula-engine/runs/temporal-reset-20260909-restart-1600/temporal-reset/.specula-output/confirmation/CR-2/worktree/service/history/queues/queue_immediate.go:122"}
    shared_cluster_t.go:72: 2026-09-10T01:30:25.401Z	info	none	{"address": "127.0.0.1:46389", "component": "timer-queue-processor", "lifecycle": "Stopping", "shard-id": 1, "logging-call-at": "/home/ubuntu/temporal-investigation-20260909/overnight-20260909/specula-engine/runs/temporal-reset-20260909-restart-1600/temporal-reset/.specula-output/confirmation/CR-2/worktree/service/history/queues/queue_scheduled.go:146"}
    shared_cluster_t.go:72: 2026-09-10T01:30:25.401Z	info	queue reader stopped	{"address": "127.0.0.1:46389", "component": "timer-queue-processor", "lifecycle": "Stopped", "queue-reader-id": 0, "shard-id": 1, "logging-call-at": "/home/ubuntu/temporal-investigation-20260909/overnight-20260909/specula-engine/runs/temporal-reset-20260909-restart-1600/temporal-reset/.specula-output/confirmation/CR-2/worktree/service/history/queues/reader.go:177"}
    shared_cluster_t.go:72: 2026-09-10T01:30:25.401Z	info	Task rescheduler stopped.	{"address": "127.0.0.1:46389", "component": "timer-queue-processor", "lifecycle": "Stopped", "shard-id": 1, "logging-call-at": "/home/ubuntu/temporal-investigation-20260909/overnight-20260909/specula-engine/runs/temporal-reset-20260909-restart-1600/temporal-reset/.specula-output/confirmation/CR-2/worktree/service/history/queues/rescheduler.go:117"}
    shared_cluster_t.go:72: 2026-09-10T01:30:25.401Z	info	none	{"address": "127.0.0.1:46389", "component": "timer-queue-processor", "lifecycle": "Stopped", "shard-id": 1, "logging-call-at": "/home/ubuntu/temporal-investigation-20260909/overnight-20260909/specula-engine/runs/temporal-reset-20260909-restart-1600/temporal-reset/.specula-output/confirmation/CR-2/worktree/service/history/queues/queue_scheduled.go:157"}
    shared_cluster_t.go:72: 2026-09-10T01:30:25.401Z	info	none	{"address": "127.0.0.1:46389", "component": "history-engine", "lifecycle": "Stopped", "shard-id": 1, "logging-call-at": "/home/ubuntu/temporal-investigation-20260909/overnight-20260909/specula-engine/runs/temporal-reset-20260909-restart-1600/temporal-reset/.specula-output/confirmation/CR-2/worktree/service/history/history_engine.go:416"}
    shared_cluster_t.go:72: 2026-09-10T01:30:25.401Z	info	none	{"address": "127.0.0.1:46389", "component": "shard-engine", "lifecycle": "Stopped", "shard-id": 1, "logging-call-at": "/home/ubuntu/temporal-investigation-20260909/overnight-20260909/specula-engine/runs/temporal-reset-20260909-restart-1600/temporal-reset/.specula-output/confirmation/CR-2/worktree/service/history/shard/context_impl.go:1633"}
    shared_cluster_t.go:72: 2026-09-10T01:30:25.401Z	debug	finalizer starting	{"address": "127.0.0.1:46389", "items": 5, "shard-id": 1, "timeout": 2, "logging-call-at": "/home/ubuntu/temporal-investigation-20260909/overnight-20260909/specula-engine/runs/temporal-reset-20260909-restart-1600/temporal-reset/.specula-output/confirmation/CR-2/worktree/common/finalizer/finalizer.go:108"}
    shared_cluster_t.go:72: 2026-09-10T01:30:25.401Z	debug	finalizer completed	{"address": "127.0.0.1:46389", "completed": 5, "shard-id": 1, "logging-call-at": "/home/ubuntu/temporal-investigation-20260909/overnight-20260909/specula-engine/runs/temporal-reset-20260909-restart-1600/temporal-reset/.specula-output/confirmation/CR-2/worktree/common/finalizer/finalizer.go:152"}
    shared_cluster_t.go:72: 2026-09-10T01:30:25.402Z	debug	Frontend method invoked.	{"wf-namespace": "TestWorkflowResetTestSuite-TestAnalysisMissingCurrentRecovery-competing-start-a982ca1a-b8b1-4562-8509-a9d81d6b225d", "operation": "PollWorkflowTaskQueue", "server-name": "", "cert-thumbprint": "", "logging-call-at": "/home/ubuntu/temporal-investigation-20260909/overnight-20260909/specula-engine/runs/temporal-reset-20260909-restart-1600/temporal-reset/.specula-output/confirmation/CR-2/worktree/common/rpc/interceptor/namespace_logger.go:53"}
    shared_cluster_t.go:72: 2026-09-10T01:30:25.402Z	debug	Received PollWorkflowTaskQueue	{"service": "frontend", "logging-call-at": "/home/ubuntu/temporal-investigation-20260909/overnight-20260909/specula-engine/runs/temporal-reset-20260909-restart-1600/temporal-reset/.specula-output/confirmation/CR-2/worktree/service/frontend/workflow_handler.go:1079"}
    shared_cluster_t.go:72: 2026-09-10T01:30:25.402Z	debug	Poll workflow task queue.	{"service": "frontend", "wf-namespace": "TestWorkflowResetTestSuite-TestAnalysisMissingCurrentRecovery-competing-start-a982ca1a-b8b1-4562-8509-a9d81d6b225d", "wf-namespace-id": "f6830043-3819-40a7-ab67-47644d753dda", "logging-call-at": "/home/ubuntu/temporal-investigation-20260909/overnight-20260909/specula-engine/runs/temporal-reset-20260909-restart-1600/temporal-reset/.specula-output/confirmation/CR-2/worktree/service/frontend/workflow_handler.go:1116"}
    shared_cluster_t.go:72: 2026-09-10T01:30:25.403Z	info	none	{"address": "127.0.0.1:46389", "component": "shard-context", "lifecycle": "Started", "shard-id": 1, "logging-call-at": "/home/ubuntu/temporal-investigation-20260909/overnight-20260909/specula-engine/runs/temporal-reset-20260909-restart-1600/temporal-reset/.specula-output/confirmation/CR-2/worktree/service/history/shard/context_impl.go:1764"}
    shared_cluster_t.go:72: 2026-09-10T01:30:25.403Z	info	none	{"address": "127.0.0.1:46389", "component": "shard-controller", "numShards": 1, "logging-call-at": "/home/ubuntu/temporal-investigation-20260909/overnight-20260909/specula-engine/runs/temporal-reset-20260909-restart-1600/temporal-reset/.specula-output/confirmation/CR-2/worktree/service/history/shard/controller_impl.go:265"}
    shared_cluster_t.go:72: 2026-09-10T01:30:25.403Z	info	Range updated for shardID	{"address": "127.0.0.1:46389", "previous-shard-range-id": 1, "shard-id": 1, "shard-range-id": 2, "logging-call-at": "/home/ubuntu/temporal-investigation-20260909/overnight-20260909/specula-engine/runs/temporal-reset-20260909-restart-1600/temporal-reset/.specula-output/confirmation/CR-2/worktree/service/history/shard/context_impl.go:1241"}
    shared_cluster_t.go:72: 2026-09-10T01:30:25.403Z	info	Task key range updated	{"address": "127.0.0.1:46389", "next-number": 3145728, "number": 2097152, "shard-id": 1, "logging-call-at": "/home/ubuntu/temporal-investigation-20260909/overnight-20260909/specula-engine/runs/temporal-reset-20260909-restart-1600/temporal-reset/.specula-output/confirmation/CR-2/worktree/service/history/shard/task_key_generator.go:155"}
    shared_cluster_t.go:72: 2026-09-10T01:30:25.403Z	info	Acquired shard	{"address": "127.0.0.1:46389", "shard-id": 1, "logging-call-at": "/home/ubuntu/temporal-investigation-20260909/overnight-20260909/specula-engine/runs/temporal-reset-20260909-restart-1600/temporal-reset/.specula-output/confirmation/CR-2/worktree/service/history/shard/context_impl.go:2129"}
    shared_cluster_t.go:72: 2026-09-10T01:30:25.403Z	info	none	{"address": "127.0.0.1:46389", "component": "shard-engine", "lifecycle": "Starting", "shard-id": 1, "logging-call-at": "/home/ubuntu/temporal-investigation-20260909/overnight-20260909/specula-engine/runs/temporal-reset-20260909-restart-1600/temporal-reset/.specula-output/confirmation/CR-2/worktree/service/history/shard/context_impl.go:1604"}
    shared_cluster_t.go:72: 2026-09-10T01:30:25.403Z	info	none	{"address": "127.0.0.1:46389", "component": "history-engine", "lifecycle": "Starting", "shard-id": 1, "logging-call-at": "/home/ubuntu/temporal-investigation-20260909/overnight-20260909/specula-engine/runs/temporal-reset-20260909-restart-1600/temporal-reset/.specula-output/confirmation/CR-2/worktree/service/history/history_engine.go:386"}
    shared_cluster_t.go:72: 2026-09-10T01:30:25.403Z	info	none	{"component": "memory-scheduled-queue-processor", "lifecycle": "Starting", "service": "history", "logging-call-at": "/home/ubuntu/temporal-investigation-20260909/overnight-20260909/specula-engine/runs/temporal-reset-20260909-restart-1600/temporal-reset/.specula-output/confirmation/CR-2/worktree/service/history/queues/memory_scheduled_queue.go:79"}
    shared_cluster_t.go:72: 2026-09-10T01:30:25.403Z	info	none	{"component": "memory-scheduled-queue-processor", "lifecycle": "Started", "service": "history", "logging-call-at": "/home/ubuntu/temporal-investigation-20260909/overnight-20260909/specula-engine/runs/temporal-reset-20260909-restart-1600/temporal-reset/.specula-output/confirmation/CR-2/worktree/service/history/queues/memory_scheduled_queue.go:84"}
    shared_cluster_t.go:72: 2026-09-10T01:30:25.403Z	info	none	{"address": "127.0.0.1:46389", "component": "outbound-queue-processor", "lifecycle": "Starting", "shard-id": 1, "logging-call-at": "/home/ubuntu/temporal-investigation-20260909/overnight-20260909/specula-engine/runs/temporal-reset-20260909-restart-1600/temporal-reset/.specula-output/confirmation/CR-2/worktree/service/history/queues/queue_immediate.go:96"}
    shared_cluster_t.go:72: 2026-09-10T01:30:25.403Z	info	Task rescheduler started.	{"address": "127.0.0.1:46389", "component": "outbound-queue-processor", "lifecycle": "Started", "shard-id": 1, "logging-call-at": "/home/ubuntu/temporal-investigation-20260909/overnight-20260909/specula-engine/runs/temporal-reset-20260909-restart-1600/temporal-reset/.specula-output/confirmation/CR-2/worktree/service/history/queues/rescheduler.go:102"}
    shared_cluster_t.go:72: 2026-09-10T01:30:25.403Z	info	none	{"address": "127.0.0.1:46389", "component": "outbound-queue-processor", "lifecycle": "Started", "shard-id": 1, "logging-call-at": "/home/ubuntu/temporal-investigation-20260909/overnight-20260909/specula-engine/runs/temporal-reset-20260909-restart-1600/temporal-reset/.specula-output/confirmation/CR-2/worktree/service/history/queues/queue_immediate.go:105"}
    shared_cluster_t.go:72: 2026-09-10T01:30:25.403Z	info	none	{"address": "127.0.0.1:46389", "component": "timer-queue-processor", "lifecycle": "Starting", "shard-id": 1, "logging-call-at": "/home/ubuntu/temporal-investigation-20260909/overnight-20260909/specula-engine/runs/temporal-reset-20260909-restart-1600/temporal-reset/.specula-output/confirmation/CR-2/worktree/service/history/queues/queue_scheduled.go:130"}
    shared_cluster_t.go:72: 2026-09-10T01:30:25.403Z	info	Task rescheduler started.	{"address": "127.0.0.1:46389", "component": "timer-queue-processor", "lifecycle": "Started", "shard-id": 1, "logging-call-at": "/home/ubuntu/temporal-investigation-20260909/overnight-20260909/specula-engine/runs/temporal-reset-20260909-restart-1600/temporal-reset/.specula-output/confirmation/CR-2/worktree/service/history/queues/rescheduler.go:102"}
    shared_cluster_t.go:72: 2026-09-10T01:30:25.403Z	info	none	{"address": "127.0.0.1:46389", "component": "timer-queue-processor", "lifecycle": "Started", "shard-id": 1, "logging-call-at": "/home/ubuntu/temporal-investigation-20260909/overnight-20260909/specula-engine/runs/temporal-reset-20260909-restart-1600/temporal-reset/.specula-output/confirmation/CR-2/worktree/service/history/queues/queue_scheduled.go:139"}
    shared_cluster_t.go:72: 2026-09-10T01:30:25.403Z	info	none	{"address": "127.0.0.1:46389", "component": "visibility-queue-processor", "lifecycle": "Starting", "shard-id": 1, "logging-call-at": "/home/ubuntu/temporal-investigation-20260909/overnight-20260909/specula-engine/runs/temporal-reset-20260909-restart-1600/temporal-reset/.specula-output/confirmation/CR-2/worktree/service/history/queues/queue_immediate.go:96"}
    shared_cluster_t.go:72: 2026-09-10T01:30:25.403Z	info	Task rescheduler started.	{"address": "127.0.0.1:46389", "component": "visibility-queue-processor", "lifecycle": "Started", "shard-id": 1, "logging-call-at": "/home/ubuntu/temporal-investigation-20260909/overnight-20260909/specula-engine/runs/temporal-reset-20260909-restart-1600/temporal-reset/.specula-output/confirmation/CR-2/worktree/service/history/queues/rescheduler.go:102"}
    shared_cluster_t.go:72: 2026-09-10T01:30:25.403Z	info	none	{"address": "127.0.0.1:46389", "component": "visibility-queue-processor", "lifecycle": "Started", "shard-id": 1, "logging-call-at": "/home/ubuntu/temporal-investigation-20260909/overnight-20260909/specula-engine/runs/temporal-reset-20260909-restart-1600/temporal-reset/.specula-output/confirmation/CR-2/worktree/service/history/queues/queue_immediate.go:105"}
    shared_cluster_t.go:72: 2026-09-10T01:30:25.403Z	info	none	{"address": "127.0.0.1:46389", "component": "transfer-queue-processor", "lifecycle": "Starting", "shard-id": 1, "logging-call-at": "/home/ubuntu/temporal-investigation-20260909/overnight-20260909/specula-engine/runs/temporal-reset-20260909-restart-1600/temporal-reset/.specula-output/confirmation/CR-2/worktree/service/history/queues/queue_immediate.go:96"}
    shared_cluster_t.go:72: 2026-09-10T01:30:25.403Z	info	Task rescheduler started.	{"address": "127.0.0.1:46389", "component": "transfer-queue-processor", "lifecycle": "Started", "shard-id": 1, "logging-call-at": "/home/ubuntu/temporal-investigation-20260909/overnight-20260909/specula-engine/runs/temporal-reset-20260909-restart-1600/temporal-reset/.specula-output/confirmation/CR-2/worktree/service/history/queues/rescheduler.go:102"}
    shared_cluster_t.go:72: 2026-09-10T01:30:25.403Z	info	none	{"address": "127.0.0.1:46389", "component": "transfer-queue-processor", "lifecycle": "Started", "shard-id": 1, "logging-call-at": "/home/ubuntu/temporal-investigation-20260909/overnight-20260909/specula-engine/runs/temporal-reset-20260909-restart-1600/temporal-reset/.specula-output/confirmation/CR-2/worktree/service/history/queues/queue_immediate.go:105"}
    shared_cluster_t.go:72: 2026-09-10T01:30:25.403Z	info	none	{"address": "127.0.0.1:46389", "component": "history-engine", "lifecycle": "Started", "shard-id": 1, "logging-call-at": "/home/ubuntu/temporal-investigation-20260909/overnight-20260909/specula-engine/runs/temporal-reset-20260909-restart-1600/temporal-reset/.specula-output/confirmation/CR-2/worktree/service/history/history_engine.go:395"}
    shared_cluster_t.go:72: 2026-09-10T01:30:25.403Z	info	none	{"address": "127.0.0.1:46389", "component": "shard-engine", "lifecycle": "Started", "shard-id": 1, "logging-call-at": "/home/ubuntu/temporal-investigation-20260909/overnight-20260909/specula-engine/runs/temporal-reset-20260909-restart-1600/temporal-reset/.specula-output/confirmation/CR-2/worktree/service/history/shard/context_impl.go:1607"}
    shared_cluster_t.go:72: 2026-09-10T01:30:25.403Z	error	Queue reader unable to retrieve tasks	{"address": "127.0.0.1:46389", "component": "outbound-queue-processor", "error": "shard status unknown", "queue-reader-id": 0, "shard-id": 1, "logging-call-at": "/home/ubuntu/temporal-investigation-20260909/overnight-20260909/specula-engine/runs/temporal-reset-20260909-restart-1600/temporal-reset/.specula-output/confirmation/CR-2/worktree/service/history/queues/reader.go:457"}
        go.temporal.io/server/common/log.(*zapLogger).Error
        	/home/ubuntu/temporal-investigation-20260909/overnight-20260909/specula-engine/runs/temporal-reset-20260909-restart-1600/temporal-reset/.specula-output/confirmation/CR-2/worktree/common/log/zap_logger.go:191
        go.temporal.io/server/common/testing/testlogger.(*TestLogger).Error
        	/home/ubuntu/temporal-investigation-20260909/overnight-20260909/specula-engine/runs/temporal-reset-20260909-restart-1600/temporal-reset/.specula-output/confirmation/CR-2/worktree/common/testing/testlogger/testlogger.go:543
        go.temporal.io/server/service/history/queues.(*ReaderImpl).loadAndSubmitTasks
        	/home/ubuntu/temporal-investigation-20260909/overnight-20260909/specula-engine/runs/temporal-reset-20260909-restart-1600/temporal-reset/.specula-output/confirmation/CR-2/worktree/service/history/queues/reader.go:457
        go.temporal.io/server/service/history/queues.(*ReaderImpl).eventLoop
        	/home/ubuntu/temporal-investigation-20260909/overnight-20260909/specula-engine/runs/temporal-reset-20260909-restart-1600/temporal-reset/.specula-output/confirmation/CR-2/worktree/service/history/queues/reader.go:422
    shared_cluster_t.go:72: 2026-09-10T01:30:25.403Z	info	queue reader started	{"address": "127.0.0.1:46389", "component": "timer-queue-processor", "lifecycle": "Started", "queue-reader-id": 0, "shard-id": 1, "logging-call-at": "/home/ubuntu/temporal-investigation-20260909/overnight-20260909/specula-engine/runs/temporal-reset-20260909-restart-1600/temporal-reset/.specula-output/confirmation/CR-2/worktree/service/history/queues/reader.go:158"}
    shared_cluster_t.go:72: 2026-09-10T01:30:25.403Z	error	Queue reader unable to retrieve tasks	{"address": "127.0.0.1:46389", "component": "timer-queue-processor", "error": "shard status unknown", "queue-reader-id": 0, "shard-id": 1, "logging-call-at": "/home/ubuntu/temporal-investigation-20260909/overnight-20260909/specula-engine/runs/temporal-reset-20260909-restart-1600/temporal-reset/.specula-output/confirmation/CR-2/worktree/service/history/queues/reader.go:457"}
        go.temporal.io/server/common/log.(*zapLogger).Error
        	/home/ubuntu/temporal-investigation-20260909/overnight-20260909/specula-engine/runs/temporal-reset-20260909-restart-1600/temporal-reset/.specula-output/confirmation/CR-2/worktree/common/log/zap_logger.go:191
        go.temporal.io/server/common/testing/testlogger.(*TestLogger).Error
        	/home/ubuntu/temporal-investigation-20260909/overnight-20260909/specula-engine/runs/temporal-reset-20260909-restart-1600/temporal-reset/.specula-output/confirmation/CR-2/worktree/common/testing/testlogger/testlogger.go:543
        go.temporal.io/server/service/history/queues.(*ReaderImpl).loadAndSubmitTasks
        	/home/ubuntu/temporal-investigation-20260909/overnight-20260909/specula-engine/runs/temporal-reset-20260909-restart-1600/temporal-reset/.specula-output/confirmation/CR-2/worktree/service/history/queues/reader.go:457
        go.temporal.io/server/service/history/queues.(*ReaderImpl).eventLoop
        	/home/ubuntu/temporal-investigation-20260909/overnight-20260909/specula-engine/runs/temporal-reset-20260909-restart-1600/temporal-reset/.specula-output/confirmation/CR-2/worktree/service/history/queues/reader.go:422
    shared_cluster_t.go:72: 2026-09-10T01:30:25.403Z	info	queue reader started	{"address": "127.0.0.1:46389", "component": "outbound-queue-processor", "lifecycle": "Started", "queue-reader-id": 0, "shard-id": 1, "logging-call-at": "/home/ubuntu/temporal-investigation-20260909/overnight-20260909/specula-engine/runs/temporal-reset-20260909-restart-1600/temporal-reset/.specula-output/confirmation/CR-2/worktree/service/history/queues/reader.go:158"}
    shared_cluster_t.go:72: 2026-09-10T01:30:25.403Z	info	queue reader started	{"address": "127.0.0.1:46389", "component": "visibility-queue-processor", "lifecycle": "Started", "queue-reader-id": 0, "shard-id": 1, "logging-call-at": "/home/ubuntu/temporal-investigation-20260909/overnight-20260909/specula-engine/runs/temporal-reset-20260909-restart-1600/temporal-reset/.specula-output/confirmation/CR-2/worktree/service/history/queues/reader.go:158"}
    shared_cluster_t.go:72: 2026-09-10T01:30:25.403Z	info	queue reader started	{"address": "127.0.0.1:46389", "component": "transfer-queue-processor", "lifecycle": "Started", "queue-reader-id": 0, "shard-id": 1, "logging-call-at": "/home/ubuntu/temporal-investigation-20260909/overnight-20260909/specula-engine/runs/temporal-reset-20260909-restart-1600/temporal-reset/.specula-output/confirmation/CR-2/worktree/service/history/queues/reader.go:158"}
    shared_cluster_t.go:72: 2026-09-10T01:30:25.403Z	debug	Process task as active.	{"address": "127.0.0.1:46389", "component": "transfer-queue-processor", "shard-id": 1, "value": "WorkflowTask{WorkflowKey: f6830043-3819-40a7-ab67-47644d753dda/TestWorkflowResetTestSuite/TestAnalysisMissingCurrentRecovery/competing-start_workflow_id/69d74465-3300-44a5-9365-4c4f164fbcb7, VisibilityTimestamp: 2026-09-10 01:30:25.397735063 +0000 UTC, TaskID: 1048672, TaskQueue: TestWorkflowResetTestSuite/TestAnalysisMissingCurrentRecovery/competing-start_task_queue, ScheduledEventID: 5, Version: 0}", "wf-namespace-id": "f6830043-3819-40a7-ab67-47644d753dda", "logging-call-at": "/home/ubuntu/temporal-investigation-20260909/overnight-20260909/specula-engine/runs/temporal-reset-20260909-restart-1600/temporal-reset/.specula-output/confirmation/CR-2/worktree/service/history/queues/active_standby_executor.go:121"}
    shared_cluster_t.go:72: 2026-09-10T01:30:25.403Z	debug	Process task as active.	{"address": "127.0.0.1:46389", "component": "transfer-queue-processor", "shard-id": 1, "value": "WorkflowTask{WorkflowKey: f6830043-3819-40a7-ab67-47644d753dda/TestWorkflowResetTestSuite/TestAnalysisMissingCurrentRecovery/competing-start_workflow_id/01a088f0-00c8-7227-9c79-773134b8e8d9, VisibilityTimestamp: 2026-09-10 01:30:25.352292041 +0000 UTC, TaskID: 1048659, TaskQueue: TestWorkflowResetTestSuite/TestAnalysisMissingCurrentRecovery/competing-start_task_queue, ScheduledEventID: 2, Version: 0}", "wf-namespace-id": "f6830043-3819-40a7-ab67-47644d753dda", "logging-call-at": "/home/ubuntu/temporal-investigation-20260909/overnight-20260909/specula-engine/runs/temporal-reset-20260909-restart-1600/temporal-reset/.specula-output/confirmation/CR-2/worktree/service/history/queues/active_standby_executor.go:121"}
    shared_cluster_t.go:72: 2026-09-10T01:30:25.403Z	debug	Process task as active.	{"address": "127.0.0.1:46389", "component": "transfer-queue-processor", "shard-id": 1, "value": "CloseExecutionTask{WorkflowKey: f6830043-3819-40a7-ab67-47644d753dda/TestWorkflowResetTestSuite/TestAnalysisMissingCurrentRecovery/competing-start_workflow_id/01a088f0-00c8-7227-9c79-773134b8e8d9, VisibilityTimestamp: 2026-09-10 01:30:25.397735063 +0000 UTC, TaskID: 1048668, Version: 0, DeleteAfterClose: false, DeleteProcessStage: 0}", "wf-namespace-id": "f6830043-3819-40a7-ab67-47644d753dda", "logging-call-at": "/home/ubuntu/temporal-investigation-20260909/overnight-20260909/specula-engine/runs/temporal-reset-20260909-restart-1600/temporal-reset/.specula-output/confirmation/CR-2/worktree/service/history/queues/active_standby_executor.go:121"}
    shared_cluster_t.go:72: 2026-09-10T01:30:25.404Z	debug	Workflow task updated	{"address": "127.0.0.1:46389", "attempt": 1, "shard-id": 1, "wf-id": "TestWorkflowResetTestSuite/TestAnalysisMissingCurrentRecovery/competing-start_workflow_id", "wf-namespace": "TestWorkflowResetTestSuite-TestAnalysisMissingCurrentRecovery-competing-start-a982ca1a-b8b1-4562-8509-a9d81d6b225d", "wf-namespace-id": "f6830043-3819-40a7-ab67-47644d753dda", "wf-run-id": "69d74465-3300-44a5-9365-4c4f164fbcb7", "wf-scheduled-event-id": 5, "wf-started-event-id": 6, "wf-started-timestamp": "2026-09-10T01:30:25.404Z", "workflow-task-request-id": "86208c03-2789-4deb-9cf7-15f3f8c26b1d", "workflow-task-timeout": 10, "wt-type": "Normal", "logging-call-at": "/home/ubuntu/temporal-investigation-20260909/overnight-20260909/specula-engine/runs/temporal-reset-20260909-restart-1600/temporal-reset/.specula-output/confirmation/CR-2/worktree/common/log/lazy_logger.go:30"}
    shared_cluster_t.go:72: 2026-09-10T01:30:25.405Z	debug	time skipping skipped for: time skipping is not enabled	{"address": "127.0.0.1:46389", "shard-id": 1, "wf-id": "TestWorkflowResetTestSuite/TestAnalysisMissingCurrentRecovery/competing-start_workflow_id", "wf-namespace": "TestWorkflowResetTestSuite-TestAnalysisMissingCurrentRecovery-competing-start-a982ca1a-b8b1-4562-8509-a9d81d6b225d", "wf-namespace-id": "f6830043-3819-40a7-ab67-47644d753dda", "wf-run-id": "69d74465-3300-44a5-9365-4c4f164fbcb7", "logging-call-at": "/home/ubuntu/temporal-investigation-20260909/overnight-20260909/specula-engine/runs/temporal-reset-20260909-restart-1600/temporal-reset/.specula-output/confirmation/CR-2/worktree/common/log/lazy_logger.go:30"}
    shared_cluster_t.go:72: 2026-09-10T01:30:25.405Z	debug	Assigning new task key	{"address": "127.0.0.1:46389", "cursor-timestamp": "2026-09-10T01:30:26.403Z", "queue-task-id": 2097154, "queue-task-type": "WorkflowTaskTimeout", "shard-id": 1, "timestamp": "2026-09-10T01:30:35.405Z", "wf-id": "TestWorkflowResetTestSuite/TestAnalysisMissingCurrentRecovery/competing-start_workflow_id", "wf-namespace-id": "f6830043-3819-40a7-ab67-47644d753dda", "wf-run-id": "69d74465-3300-44a5-9365-4c4f164fbcb7", "logging-call-at": "/home/ubuntu/temporal-investigation-20260909/overnight-20260909/specula-engine/runs/temporal-reset-20260909-restart-1600/temporal-reset/.specula-output/confirmation/CR-2/worktree/service/history/shard/task_key_generator.go:98"}
    shared_cluster_t.go:72: 2026-09-10T01:30:25.407Z	debug	routing key extraction: adding routing key to context	{"wf-id": "TestWorkflowResetTestSuite/TestAnalysisMissingCurrentRecovery/competing-start_workflow_id", "grpc-method": "/temporal.api.workflowservice.v1.WorkflowService/RespondWorkflowTaskCompleted", "logging-call-at": "/home/ubuntu/temporal-investigation-20260909/overnight-20260909/specula-engine/runs/temporal-reset-20260909-restart-1600/temporal-reset/.specula-output/confirmation/CR-2/worktree/common/rpc/interceptor/routing_key_interceptor.go:112"}
    shared_cluster_t.go:72: 2026-09-10T01:30:25.407Z	debug	Frontend method invoked.	{"wf-namespace": "TestWorkflowResetTestSuite-TestAnalysisMissingCurrentRecovery-competing-start-a982ca1a-b8b1-4562-8509-a9d81d6b225d", "operation": "RespondWorkflowTaskCompleted", "server-name": "", "cert-thumbprint": "", "logging-call-at": "/home/ubuntu/temporal-investigation-20260909/overnight-20260909/specula-engine/runs/temporal-reset-20260909-restart-1600/temporal-reset/.specula-output/confirmation/CR-2/worktree/common/rpc/interceptor/namespace_logger.go:53"}
    shared_cluster_t.go:72: 2026-09-10T01:30:25.408Z	debug	RespondWorkflowTaskCompleted	{"service": "history", "wf-id": "TestWorkflowResetTestSuite/TestAnalysisMissingCurrentRecovery/competing-start_workflow_id", "wf-namespace-id": "f6830043-3819-40a7-ab67-47644d753dda", "wf-run-id": "69d74465-3300-44a5-9365-4c4f164fbcb7", "wf-scheduled-event-id": 5, "logging-call-at": "/home/ubuntu/temporal-investigation-20260909/overnight-20260909/specula-engine/runs/temporal-reset-20260909-restart-1600/temporal-reset/.specula-output/confirmation/CR-2/worktree/service/history/handler.go:558"}
    shared_cluster_t.go:72: 2026-09-10T01:30:25.408Z	debug	Workflow task updated	{"address": "127.0.0.1:46389", "attempt": 1, "shard-id": 1, "wf-id": "TestWorkflowResetTestSuite/TestAnalysisMissingCurrentRecovery/competing-start_workflow_id", "wf-namespace": "TestWorkflowResetTestSuite-TestAnalysisMissingCurrentRecovery-competing-start-a982ca1a-b8b1-4562-8509-a9d81d6b225d", "wf-namespace-id": "f6830043-3819-40a7-ab67-47644d753dda", "wf-run-id": "69d74465-3300-44a5-9365-4c4f164fbcb7", "wf-scheduled-event-id": 0, "wf-started-event-id": 0, "wf-started-timestamp": "1970-01-01T00:00:00.000Z", "workflow-task-request-id": "emptyUuid", "workflow-task-timeout": 0, "wt-type": "Unspecified", "logging-call-at": "/home/ubuntu/temporal-investigation-20260909/overnight-20260909/specula-engine/runs/temporal-reset-20260909-restart-1600/temporal-reset/.specula-output/confirmation/CR-2/worktree/common/log/lazy_logger.go:30"}
    shared_cluster_t.go:72: 2026-09-10T01:30:25.408Z	debug	time skipping skipped for: time skipping is not enabled	{"address": "127.0.0.1:46389", "shard-id": 1, "wf-id": "TestWorkflowResetTestSuite/TestAnalysisMissingCurrentRecovery/competing-start_workflow_id", "wf-namespace": "TestWorkflowResetTestSuite-TestAnalysisMissingCurrentRecovery-competing-start-a982ca1a-b8b1-4562-8509-a9d81d6b225d", "wf-namespace-id": "f6830043-3819-40a7-ab67-47644d753dda", "wf-run-id": "69d74465-3300-44a5-9365-4c4f164fbcb7", "logging-call-at": "/home/ubuntu/temporal-investigation-20260909/overnight-20260909/specula-engine/runs/temporal-reset-20260909-restart-1600/temporal-reset/.specula-output/confirmation/CR-2/worktree/common/log/lazy_logger.go:30"}
    shared_cluster_t.go:72: 2026-09-10T01:30:25.408Z	debug	Assigning new task key	{"address": "127.0.0.1:46389", "cursor-timestamp": "2026-09-10T01:30:26.403Z", "queue-task-id": 2097159, "queue-task-type": "VisibilityCloseExecution", "shard-id": 1, "timestamp": "2026-09-10T01:30:25.408Z", "wf-id": "TestWorkflowResetTestSuite/TestAnalysisMissingCurrentRecovery/competing-start_workflow_id", "wf-namespace-id": "f6830043-3819-40a7-ab67-47644d753dda", "wf-run-id": "69d74465-3300-44a5-9365-4c4f164fbcb7", "logging-call-at": "/home/ubuntu/temporal-investigation-20260909/overnight-20260909/specula-engine/runs/temporal-reset-20260909-restart-1600/temporal-reset/.specula-output/confirmation/CR-2/worktree/service/history/shard/task_key_generator.go:98"}
    shared_cluster_t.go:72: 2026-09-10T01:30:25.408Z	debug	Assigning new task key	{"address": "127.0.0.1:46389", "cursor-timestamp": "2026-09-10T01:30:26.403Z", "queue-task-id": 2097160, "queue-task-type": "DeleteHistoryEvent", "shard-id": 1, "timestamp": "2026-09-11T01:30:26.314Z", "wf-id": "TestWorkflowResetTestSuite/TestAnalysisMissingCurrentRecovery/competing-start_workflow_id", "wf-namespace-id": "f6830043-3819-40a7-ab67-47644d753dda", "wf-run-id": "69d74465-3300-44a5-9365-4c4f164fbcb7", "logging-call-at": "/home/ubuntu/temporal-investigation-20260909/overnight-20260909/specula-engine/runs/temporal-reset-20260909-restart-1600/temporal-reset/.specula-output/confirmation/CR-2/worktree/service/history/shard/task_key_generator.go:98"}
    shared_cluster_t.go:72: 2026-09-10T01:30:25.408Z	debug	Assigning new task key	{"address": "127.0.0.1:46389", "cursor-timestamp": "2026-09-10T01:30:26.403Z", "queue-task-id": 2097161, "queue-task-type": "TransferCloseExecution", "shard-id": 1, "timestamp": "2026-09-10T01:30:25.408Z", "wf-id": "TestWorkflowResetTestSuite/TestAnalysisMissingCurrentRecovery/competing-start_workflow_id", "wf-namespace-id": "f6830043-3819-40a7-ab67-47644d753dda", "wf-run-id": "69d74465-3300-44a5-9365-4c4f164fbcb7", "logging-call-at": "/home/ubuntu/temporal-investigation-20260909/overnight-20260909/specula-engine/runs/temporal-reset-20260909-restart-1600/temporal-reset/.specula-output/confirmation/CR-2/worktree/service/history/shard/task_key_generator.go:98"}
    shared_cluster_t.go:72: 2026-09-10T01:30:25.408Z	debug	Process task as active.	{"address": "127.0.0.1:46389", "component": "transfer-queue-processor", "shard-id": 1, "value": "CloseExecutionTask{WorkflowKey: f6830043-3819-40a7-ab67-47644d753dda/TestWorkflowResetTestSuite/TestAnalysisMissingCurrentRecovery/competing-start_workflow_id/69d74465-3300-44a5-9365-4c4f164fbcb7, VisibilityTimestamp: 2026-09-10 01:30:25.40830238 +0000 UTC, TaskID: 2097161, Version: 0, DeleteAfterClose: false, DeleteProcessStage: 0}", "wf-namespace-id": "f6830043-3819-40a7-ab67-47644d753dda", "logging-call-at": "/home/ubuntu/temporal-investigation-20260909/overnight-20260909/specula-engine/runs/temporal-reset-20260909-restart-1600/temporal-reset/.specula-output/confirmation/CR-2/worktree/service/history/queues/active_standby_executor.go:121"}
    reset_recovery_analysis_test.go:142: scenario=competing-start checkpoint=recovered reset=69d74465-3300-44a5-9365-4c4f164fbcb7 current=69d74465-3300-44a5-9365-4c4f164fbcb7 baseLink=69d74465-3300-44a5-9365-4c4f164fbcb7 createRequestID=d2368675-1e72-4a1a-89ad-97380372e9ab completedStatus=Completed
2026-09-10T01:30:25.410Z	info	ShutdownHandler: Updating gRPC health status to ShuttingDown	{"service": "frontend", "logging-call-at": "/home/ubuntu/temporal-investigation-20260909/overnight-20260909/specula-engine/runs/temporal-reset-20260909-restart-1600/temporal-reset/.specula-output/confirmation/CR-2/worktree/service/frontend/service.go:565"}
2026-09-10T01:30:25.410Z	info	ShutdownHandler: Waiting for others to discover I am unhealthy	{"service": "frontend", "logging-call-at": "/home/ubuntu/temporal-investigation-20260909/overnight-20260909/specula-engine/runs/temporal-reset-20260909-restart-1600/temporal-reset/.specula-output/confirmation/CR-2/worktree/service/frontend/service.go:569"}
2026-09-10T01:30:25.410Z	info	ShutdownHandler: Draining traffic	{"service": "frontend", "logging-call-at": "/home/ubuntu/temporal-investigation-20260909/overnight-20260909/specula-engine/runs/temporal-reset-20260909-restart-1600/temporal-reset/.specula-output/confirmation/CR-2/worktree/service/frontend/service.go:578"}
2026-09-10T01:30:25.410Z	info	frontend stopped	{"service": "frontend", "logging-call-at": "/home/ubuntu/temporal-investigation-20260909/overnight-20260909/specula-engine/runs/temporal-reset-20260909-restart-1600/temporal-reset/.specula-output/confirmation/CR-2/worktree/service/frontend/service.go:600"}
2026-09-10T01:30:25.411Z	info	RuntimeMetricsReporter stopped	{"service": "frontend", "logging-call-at": "/home/ubuntu/temporal-investigation-20260909/overnight-20260909/specula-engine/runs/temporal-reset-20260909-restart-1600/temporal-reset/.specula-output/confirmation/CR-2/worktree/common/metrics/runtime.go:127"}
2026-09-10T01:30:25.411Z	warn	network dial error	{"address": "127.0.0.1:40749", "connectAddr": "127.0.0.1:40749", "connectDuration": 0.000111764, "connectErr": "dial tcp 127.0.0.1:40749: connect: connection refused", "error": "dial tcp 127.0.0.1:40749: connect: connection refused", "error-type": "net.OpError", "service": "client", "totalDuration": 0.000120607, "logging-call-at": "/home/ubuntu/temporal-investigation-20260909/overnight-20260909/specula-engine/runs/temporal-reset-20260909-restart-1600/temporal-reset/.specula-output/confirmation/CR-2/worktree/common/rpc/dial_tracer.go:73"}
2026-09-10T01:30:25.411Z	warn	network dial error	{"address": "membership://frontend~0x2a66afcfcc50", "connectAddr": "127.0.0.1:40749", "connectDuration": 0.000240675, "connectErr": "dial tcp 127.0.0.1:40749: connect: connection refused", "error": "dial tcp 127.0.0.1:40749: connect: connection refused", "error-type": "net.OpError", "service": "client", "totalDuration": 0.0002514, "logging-call-at": "/home/ubuntu/temporal-investigation-20260909/overnight-20260909/specula-engine/runs/temporal-reset-20260909-restart-1600/temporal-reset/.specula-output/confirmation/CR-2/worktree/common/rpc/dial_tracer.go:73"}
2026-09-10T01:30:25.411Z	info	ShutdownHandler: Evicting self from membership ring immediately	{"logging-call-at": "/home/ubuntu/temporal-investigation-20260909/overnight-20260909/specula-engine/runs/temporal-reset-20260909-restart-1600/temporal-reset/.specula-output/confirmation/CR-2/worktree/service/history/service.go:129"}
2026-09-10T01:30:25.411Z	info	ShutdownHandler: Waiting for drain	{"logging-call-at": "/home/ubuntu/temporal-investigation-20260909/overnight-20260909/specula-engine/runs/temporal-reset-20260909-restart-1600/temporal-reset/.specula-output/confirmation/CR-2/worktree/service/history/service.go:137"}
2026-09-10T01:30:25.411Z	info	ShutdownHandler: Initiating handler shutdown	{"logging-call-at": "/home/ubuntu/temporal-investigation-20260909/overnight-20260909/specula-engine/runs/temporal-reset-20260909-restart-1600/temporal-reset/.specula-output/confirmation/CR-2/worktree/service/history/service.go:156"}
2026-09-10T01:30:25.411Z	info	StreamReceiverMonitor stopped.	{"logging-call-at": "/home/ubuntu/temporal-investigation-20260909/overnight-20260909/specula-engine/runs/temporal-reset-20260909-restart-1600/temporal-reset/.specula-output/confirmation/CR-2/worktree/service/history/replication/stream_receiver_monitor.go:115"}
2026-09-10T01:30:25.411Z	info	Replication task fetchers stopped.	{"logging-call-at": "/home/ubuntu/temporal-investigation-20260909/overnight-20260909/specula-engine/runs/temporal-reset-20260909-restart-1600/temporal-reset/.specula-output/confirmation/CR-2/worktree/service/history/replication/task_fetcher.go:136"}
2026-09-10T01:30:25.411Z	info	none	{"address": "127.0.0.1:46389", "component": "shard-controller", "lifecycle": "Stopping", "logging-call-at": "/home/ubuntu/temporal-investigation-20260909/overnight-20260909/specula-engine/runs/temporal-reset-20260909-restart-1600/temporal-reset/.specula-output/confirmation/CR-2/worktree/service/history/shard/controller_impl.go:529"}
2026-09-10T01:30:25.411Z	info	none	{"address": "127.0.0.1:46389", "component": "shard-context", "lifecycle": "Stopped", "shard-id": 1, "logging-call-at": "/home/ubuntu/temporal-investigation-20260909/overnight-20260909/specula-engine/runs/temporal-reset-20260909-restart-1600/temporal-reset/.specula-output/confirmation/CR-2/worktree/service/history/shard/context_impl.go:1783"}
2026-09-10T01:30:25.411Z	info	none	{"address": "127.0.0.1:46389", "component": "shard-engine", "lifecycle": "Stopping", "shard-id": 1, "logging-call-at": "/home/ubuntu/temporal-investigation-20260909/overnight-20260909/specula-engine/runs/temporal-reset-20260909-restart-1600/temporal-reset/.specula-output/confirmation/CR-2/worktree/service/history/shard/context_impl.go:1631"}
2026-09-10T01:30:25.411Z	info	none	{"address": "127.0.0.1:46389", "component": "history-engine", "lifecycle": "Stopping", "shard-id": 1, "logging-call-at": "/home/ubuntu/temporal-investigation-20260909/overnight-20260909/specula-engine/runs/temporal-reset-20260909-restart-1600/temporal-reset/.specula-output/confirmation/CR-2/worktree/service/history/history_engine.go:407"}
2026-09-10T01:30:25.411Z	info	none	{"address": "127.0.0.1:46389", "component": "visibility-queue-processor", "lifecycle": "Stopping", "shard-id": 1, "logging-call-at": "/home/ubuntu/temporal-investigation-20260909/overnight-20260909/specula-engine/runs/temporal-reset-20260909-restart-1600/temporal-reset/.specula-output/confirmation/CR-2/worktree/service/history/queues/queue_immediate.go:112"}
2026-09-10T01:30:25.411Z	info	queue reader stopped	{"address": "127.0.0.1:46389", "component": "visibility-queue-processor", "lifecycle": "Stopped", "queue-reader-id": 0, "shard-id": 1, "logging-call-at": "/home/ubuntu/temporal-investigation-20260909/overnight-20260909/specula-engine/runs/temporal-reset-20260909-restart-1600/temporal-reset/.specula-output/confirmation/CR-2/worktree/service/history/queues/reader.go:177"}
2026-09-10T01:30:25.411Z	info	Task rescheduler stopped.	{"address": "127.0.0.1:46389", "component": "visibility-queue-processor", "lifecycle": "Stopped", "shard-id": 1, "logging-call-at": "/home/ubuntu/temporal-investigation-20260909/overnight-20260909/specula-engine/runs/temporal-reset-20260909-restart-1600/temporal-reset/.specula-output/confirmation/CR-2/worktree/service/history/queues/rescheduler.go:117"}
2026-09-10T01:30:25.411Z	info	none	{"address": "127.0.0.1:46389", "component": "visibility-queue-processor", "lifecycle": "Stopped", "shard-id": 1, "logging-call-at": "/home/ubuntu/temporal-investigation-20260909/overnight-20260909/specula-engine/runs/temporal-reset-20260909-restart-1600/temporal-reset/.specula-output/confirmation/CR-2/worktree/service/history/queues/queue_immediate.go:122"}
2026-09-10T01:30:25.411Z	info	none	{"address": "127.0.0.1:46389", "component": "transfer-queue-processor", "lifecycle": "Stopping", "shard-id": 1, "logging-call-at": "/home/ubuntu/temporal-investigation-20260909/overnight-20260909/specula-engine/runs/temporal-reset-20260909-restart-1600/temporal-reset/.specula-output/confirmation/CR-2/worktree/service/history/queues/queue_immediate.go:112"}
2026-09-10T01:30:25.411Z	info	queue reader stopped	{"address": "127.0.0.1:46389", "component": "transfer-queue-processor", "lifecycle": "Stopped", "queue-reader-id": 0, "shard-id": 1, "logging-call-at": "/home/ubuntu/temporal-investigation-20260909/overnight-20260909/specula-engine/runs/temporal-reset-20260909-restart-1600/temporal-reset/.specula-output/confirmation/CR-2/worktree/service/history/queues/reader.go:177"}
2026-09-10T01:30:25.411Z	info	Task rescheduler stopped.	{"address": "127.0.0.1:46389", "component": "transfer-queue-processor", "lifecycle": "Stopped", "shard-id": 1, "logging-call-at": "/home/ubuntu/temporal-investigation-20260909/overnight-20260909/specula-engine/runs/temporal-reset-20260909-restart-1600/temporal-reset/.specula-output/confirmation/CR-2/worktree/service/history/queues/rescheduler.go:117"}
2026-09-10T01:30:25.411Z	info	none	{"address": "127.0.0.1:46389", "component": "transfer-queue-processor", "lifecycle": "Stopped", "shard-id": 1, "logging-call-at": "/home/ubuntu/temporal-investigation-20260909/overnight-20260909/specula-engine/runs/temporal-reset-20260909-restart-1600/temporal-reset/.specula-output/confirmation/CR-2/worktree/service/history/queues/queue_immediate.go:122"}
2026-09-10T01:30:25.411Z	info	none	{"component": "memory-scheduled-queue-processor", "lifecycle": "Stopping", "service": "history", "logging-call-at": "/home/ubuntu/temporal-investigation-20260909/overnight-20260909/specula-engine/runs/temporal-reset-20260909-restart-1600/temporal-reset/.specula-output/confirmation/CR-2/worktree/service/history/queues/memory_scheduled_queue.go:91"}
2026-09-10T01:30:25.411Z	info	none	{"component": "memory-scheduled-queue-processor", "lifecycle": "Stopped", "service": "history", "logging-call-at": "/home/ubuntu/temporal-investigation-20260909/overnight-20260909/specula-engine/runs/temporal-reset-20260909-restart-1600/temporal-reset/.specula-output/confirmation/CR-2/worktree/service/history/queues/memory_scheduled_queue.go:99"}
2026-09-10T01:30:25.411Z	info	none	{"address": "127.0.0.1:46389", "component": "outbound-queue-processor", "lifecycle": "Stopping", "shard-id": 1, "logging-call-at": "/home/ubuntu/temporal-investigation-20260909/overnight-20260909/specula-engine/runs/temporal-reset-20260909-restart-1600/temporal-reset/.specula-output/confirmation/CR-2/worktree/service/history/queues/queue_immediate.go:112"}
2026-09-10T01:30:25.411Z	info	queue reader stopped	{"address": "127.0.0.1:46389", "component": "outbound-queue-processor", "lifecycle": "Stopped", "queue-reader-id": 0, "shard-id": 1, "logging-call-at": "/home/ubuntu/temporal-investigation-20260909/overnight-20260909/specula-engine/runs/temporal-reset-20260909-restart-1600/temporal-reset/.specula-output/confirmation/CR-2/worktree/service/history/queues/reader.go:177"}
2026-09-10T01:30:25.411Z	info	Task rescheduler stopped.	{"address": "127.0.0.1:46389", "component": "outbound-queue-processor", "lifecycle": "Stopped", "shard-id": 1, "logging-call-at": "/home/ubuntu/temporal-investigation-20260909/overnight-20260909/specula-engine/runs/temporal-reset-20260909-restart-1600/temporal-reset/.specula-output/confirmation/CR-2/worktree/service/history/queues/rescheduler.go:117"}
2026-09-10T01:30:25.411Z	info	none	{"address": "127.0.0.1:46389", "component": "outbound-queue-processor", "lifecycle": "Stopped", "shard-id": 1, "logging-call-at": "/home/ubuntu/temporal-investigation-20260909/overnight-20260909/specula-engine/runs/temporal-reset-20260909-restart-1600/temporal-reset/.specula-output/confirmation/CR-2/worktree/service/history/queues/queue_immediate.go:122"}
2026-09-10T01:30:25.411Z	info	none	{"address": "127.0.0.1:46389", "component": "timer-queue-processor", "lifecycle": "Stopping", "shard-id": 1, "logging-call-at": "/home/ubuntu/temporal-investigation-20260909/overnight-20260909/specula-engine/runs/temporal-reset-20260909-restart-1600/temporal-reset/.specula-output/confirmation/CR-2/worktree/service/history/queues/queue_scheduled.go:146"}
2026-09-10T01:30:25.411Z	info	queue reader stopped	{"address": "127.0.0.1:46389", "component": "timer-queue-processor", "lifecycle": "Stopped", "queue-reader-id": 0, "shard-id": 1, "logging-call-at": "/home/ubuntu/temporal-investigation-20260909/overnight-20260909/specula-engine/runs/temporal-reset-20260909-restart-1600/temporal-reset/.specula-output/confirmation/CR-2/worktree/service/history/queues/reader.go:177"}
2026-09-10T01:30:25.411Z	info	Task rescheduler stopped.	{"address": "127.0.0.1:46389", "component": "timer-queue-processor", "lifecycle": "Stopped", "shard-id": 1, "logging-call-at": "/home/ubuntu/temporal-investigation-20260909/overnight-20260909/specula-engine/runs/temporal-reset-20260909-restart-1600/temporal-reset/.specula-output/confirmation/CR-2/worktree/service/history/queues/rescheduler.go:117"}
2026-09-10T01:30:25.411Z	info	none	{"address": "127.0.0.1:46389", "component": "timer-queue-processor", "lifecycle": "Stopped", "shard-id": 1, "logging-call-at": "/home/ubuntu/temporal-investigation-20260909/overnight-20260909/specula-engine/runs/temporal-reset-20260909-restart-1600/temporal-reset/.specula-output/confirmation/CR-2/worktree/service/history/queues/queue_scheduled.go:157"}
2026-09-10T01:30:25.411Z	info	none	{"address": "127.0.0.1:46389", "component": "history-engine", "lifecycle": "Stopped", "shard-id": 1, "logging-call-at": "/home/ubuntu/temporal-investigation-20260909/overnight-20260909/specula-engine/runs/temporal-reset-20260909-restart-1600/temporal-reset/.specula-output/confirmation/CR-2/worktree/service/history/history_engine.go:416"}
2026-09-10T01:30:25.411Z	info	none	{"address": "127.0.0.1:46389", "component": "shard-engine", "lifecycle": "Stopped", "shard-id": 1, "logging-call-at": "/home/ubuntu/temporal-investigation-20260909/overnight-20260909/specula-engine/runs/temporal-reset-20260909-restart-1600/temporal-reset/.specula-output/confirmation/CR-2/worktree/service/history/shard/context_impl.go:1633"}
2026-09-10T01:30:25.411Z	debug	finalizer starting	{"address": "127.0.0.1:46389", "items": 2, "shard-id": 1, "timeout": 2, "logging-call-at": "/home/ubuntu/temporal-investigation-20260909/overnight-20260909/specula-engine/runs/temporal-reset-20260909-restart-1600/temporal-reset/.specula-output/confirmation/CR-2/worktree/common/finalizer/finalizer.go:108"}
2026-09-10T01:30:25.411Z	debug	finalizer completed	{"address": "127.0.0.1:46389", "completed": 2, "shard-id": 1, "logging-call-at": "/home/ubuntu/temporal-investigation-20260909/overnight-20260909/specula-engine/runs/temporal-reset-20260909-restart-1600/temporal-reset/.specula-output/confirmation/CR-2/worktree/common/finalizer/finalizer.go:152"}
2026-09-10T01:30:25.411Z	info	none	{"address": "127.0.0.1:46389", "component": "shard-controller", "lifecycle": "Stopped", "logging-call-at": "/home/ubuntu/temporal-investigation-20260909/overnight-20260909/specula-engine/runs/temporal-reset-20260909-restart-1600/temporal-reset/.specula-output/confirmation/CR-2/worktree/service/history/shard/controller_impl.go:126"}
2026-09-10T01:30:25.411Z	info	history stopped	{"logging-call-at": "/home/ubuntu/temporal-investigation-20260909/overnight-20260909/specula-engine/runs/temporal-reset-20260909-restart-1600/temporal-reset/.specula-output/confirmation/CR-2/worktree/service/history/service.go:175"}
2026-09-10T01:30:25.411Z	info	RuntimeMetricsReporter stopped	{"service": "history", "logging-call-at": "/home/ubuntu/temporal-investigation-20260909/overnight-20260909/specula-engine/runs/temporal-reset-20260909-restart-1600/temporal-reset/.specula-output/confirmation/CR-2/worktree/common/metrics/runtime.go:127"}
2026-09-10T01:30:25.411Z	warn	network dial error	{"address": "127.0.0.1:46389", "connectAddr": "127.0.0.1:46389", "connectDuration": 0.000080218, "connectErr": "dial tcp 127.0.0.1:46389: connect: connection refused", "error": "dial tcp 127.0.0.1:46389: connect: connection refused", "error-type": "net.OpError", "service": "client", "totalDuration": 0.000084173, "logging-call-at": "/home/ubuntu/temporal-investigation-20260909/overnight-20260909/specula-engine/runs/temporal-reset-20260909-restart-1600/temporal-reset/.specula-output/confirmation/CR-2/worktree/common/rpc/dial_tracer.go:73"}
2026-09-10T01:30:25.412Z	info	Update worker pool size	{"key": "worker-pool-size", "service": "history", "value": 0, "logging-call-at": "/home/ubuntu/temporal-investigation-20260909/overnight-20260909/specula-engine/runs/temporal-reset-20260909-restart-1600/temporal-reset/.specula-output/confirmation/CR-2/worktree/common/tasks/fifo_scheduler.go:138"}
2026-09-10T01:30:25.412Z	info	fifo scheduler stopped	{"service": "history", "logging-call-at": "/home/ubuntu/temporal-investigation-20260909/overnight-20260909/specula-engine/runs/temporal-reset-20260909-restart-1600/temporal-reset/.specula-output/confirmation/CR-2/worktree/common/tasks/fifo_scheduler.go:89"}
2026-09-10T01:30:25.412Z	info	execution queue scheduler stopped	{"service": "history", "logging-call-at": "/home/ubuntu/temporal-investigation-20260909/overnight-20260909/specula-engine/runs/temporal-reset-20260909-restart-1600/temporal-reset/.specula-output/confirmation/CR-2/worktree/common/tasks/execution_queue_scheduler.go:109"}
2026-09-10T01:30:25.412Z	info	interleaved weighted round robin task scheduler stopped	{"service": "history", "logging-call-at": "/home/ubuntu/temporal-investigation-20260909/overnight-20260909/specula-engine/runs/temporal-reset-20260909-restart-1600/temporal-reset/.specula-output/confirmation/CR-2/worktree/common/tasks/interleaved_weighted_round_robin.go:137"}
2026-09-10T01:30:25.412Z	info	Update worker pool size	{"key": "worker-pool-size", "service": "history", "value": 0, "logging-call-at": "/home/ubuntu/temporal-investigation-20260909/overnight-20260909/specula-engine/runs/temporal-reset-20260909-restart-1600/temporal-reset/.specula-output/confirmation/CR-2/worktree/common/tasks/fifo_scheduler.go:138"}
2026-09-10T01:30:25.412Z	info	fifo scheduler stopped	{"service": "history", "logging-call-at": "/home/ubuntu/temporal-investigation-20260909/overnight-20260909/specula-engine/runs/temporal-reset-20260909-restart-1600/temporal-reset/.specula-output/confirmation/CR-2/worktree/common/tasks/fifo_scheduler.go:89"}
2026-09-10T01:30:25.412Z	info	execution queue scheduler stopped	{"service": "history", "logging-call-at": "/home/ubuntu/temporal-investigation-20260909/overnight-20260909/specula-engine/runs/temporal-reset-20260909-restart-1600/temporal-reset/.specula-output/confirmation/CR-2/worktree/common/tasks/execution_queue_scheduler.go:109"}
2026-09-10T01:30:25.412Z	info	interleaved weighted round robin task scheduler stopped	{"service": "history", "logging-call-at": "/home/ubuntu/temporal-investigation-20260909/overnight-20260909/specula-engine/runs/temporal-reset-20260909-restart-1600/temporal-reset/.specula-output/confirmation/CR-2/worktree/common/tasks/interleaved_weighted_round_robin.go:137"}
2026-09-10T01:30:25.412Z	info	Update worker pool size	{"component": "memory-scheduled-queue-processor", "key": "worker-pool-size", "service": "history", "value": 0, "logging-call-at": "/home/ubuntu/temporal-investigation-20260909/overnight-20260909/specula-engine/runs/temporal-reset-20260909-restart-1600/temporal-reset/.specula-output/confirmation/CR-2/worktree/common/tasks/fifo_scheduler.go:138"}
2026-09-10T01:30:25.412Z	info	fifo scheduler stopped	{"component": "memory-scheduled-queue-processor", "service": "history", "logging-call-at": "/home/ubuntu/temporal-investigation-20260909/overnight-20260909/specula-engine/runs/temporal-reset-20260909-restart-1600/temporal-reset/.specula-output/confirmation/CR-2/worktree/common/tasks/fifo_scheduler.go:89"}
2026-09-10T01:30:25.412Z	debug	GroupByScheduler shutdown complete	{"service": "history", "logging-call-at": "/home/ubuntu/temporal-investigation-20260909/overnight-20260909/specula-engine/runs/temporal-reset-20260909-restart-1600/temporal-reset/.specula-output/confirmation/CR-2/worktree/common/tasks/group_by_scheduler.go:62"}
2026-09-10T01:30:25.412Z	info	Update worker pool size	{"key": "worker-pool-size", "service": "history", "value": 0, "logging-call-at": "/home/ubuntu/temporal-investigation-20260909/overnight-20260909/specula-engine/runs/temporal-reset-20260909-restart-1600/temporal-reset/.specula-output/confirmation/CR-2/worktree/common/tasks/fifo_scheduler.go:138"}
2026-09-10T01:30:25.412Z	info	fifo scheduler stopped	{"service": "history", "logging-call-at": "/home/ubuntu/temporal-investigation-20260909/overnight-20260909/specula-engine/runs/temporal-reset-20260909-restart-1600/temporal-reset/.specula-output/confirmation/CR-2/worktree/common/tasks/fifo_scheduler.go:89"}
2026-09-10T01:30:25.412Z	info	execution queue scheduler stopped	{"service": "history", "logging-call-at": "/home/ubuntu/temporal-investigation-20260909/overnight-20260909/specula-engine/runs/temporal-reset-20260909-restart-1600/temporal-reset/.specula-output/confirmation/CR-2/worktree/common/tasks/execution_queue_scheduler.go:109"}
2026-09-10T01:30:25.412Z	info	interleaved weighted round robin task scheduler stopped	{"service": "history", "logging-call-at": "/home/ubuntu/temporal-investigation-20260909/overnight-20260909/specula-engine/runs/temporal-reset-20260909-restart-1600/temporal-reset/.specula-output/confirmation/CR-2/worktree/common/tasks/interleaved_weighted_round_robin.go:137"}
2026-09-10T01:30:25.412Z	info	Update worker pool size	{"key": "worker-pool-size", "value": 0, "logging-call-at": "/home/ubuntu/temporal-investigation-20260909/overnight-20260909/specula-engine/runs/temporal-reset-20260909-restart-1600/temporal-reset/.specula-output/confirmation/CR-2/worktree/common/tasks/sequential_scheduler.go:228"}
2026-09-10T01:30:25.412Z	info	sequential scheduler stopped	{"logging-call-at": "/home/ubuntu/temporal-investigation-20260909/overnight-20260909/specula-engine/runs/temporal-reset-20260909-restart-1600/temporal-reset/.specula-output/confirmation/CR-2/worktree/common/tasks/sequential_scheduler.go:104"}
2026-09-10T01:30:25.412Z	info	interleaved weighted round robin task scheduler stopped	{"logging-call-at": "/home/ubuntu/temporal-investigation-20260909/overnight-20260909/specula-engine/runs/temporal-reset-20260909-restart-1600/temporal-reset/.specula-output/confirmation/CR-2/worktree/common/tasks/interleaved_weighted_round_robin.go:137"}
2026-09-10T01:30:25.412Z	info	Update worker pool size	{"key": "worker-pool-size", "value": 0, "logging-call-at": "/home/ubuntu/temporal-investigation-20260909/overnight-20260909/specula-engine/runs/temporal-reset-20260909-restart-1600/temporal-reset/.specula-output/confirmation/CR-2/worktree/common/tasks/sequential_scheduler.go:228"}
2026-09-10T01:30:25.412Z	info	sequential scheduler stopped	{"logging-call-at": "/home/ubuntu/temporal-investigation-20260909/overnight-20260909/specula-engine/runs/temporal-reset-20260909-restart-1600/temporal-reset/.specula-output/confirmation/CR-2/worktree/common/tasks/sequential_scheduler.go:104"}
2026-09-10T01:30:25.412Z	info	interleaved weighted round robin task scheduler stopped	{"logging-call-at": "/home/ubuntu/temporal-investigation-20260909/overnight-20260909/specula-engine/runs/temporal-reset-20260909-restart-1600/temporal-reset/.specula-output/confirmation/CR-2/worktree/common/tasks/interleaved_weighted_round_robin.go:137"}
2026-09-10T01:30:25.412Z	info	ShutdownHandler: Evicting self from membership ring immediately	{"service": "matching", "logging-call-at": "/home/ubuntu/temporal-investigation-20260909/overnight-20260909/specula-engine/runs/temporal-reset-20260909-restart-1600/temporal-reset/.specula-output/confirmation/CR-2/worktree/service/matching/service.go:97"}
2026-09-10T01:30:25.412Z	info	ShutdownHandler: Waiting for others to discover I am unhealthy	{"service": "matching", "logging-call-at": "/home/ubuntu/temporal-investigation-20260909/overnight-20260909/specula-engine/runs/temporal-reset-20260909-restart-1600/temporal-reset/.specula-output/confirmation/CR-2/worktree/service/matching/service.go:105"}
2026-09-10T01:30:25.412Z	info	Stopped physicalTaskQueueManager	{"backlog": "priority", "cause": "ShuttingDown", "component": "matching-engine", "lifecycle": "Stopped", "wf-namespace": "TestWorkflowResetTestSuite-TestAnalysisMissingCurrentRecovery-competing-start-a982ca1a-b8b1-4562-8509-a9d81d6b225d", "wf-task-queue-name": "TestWorkflowResetTestSuite/TestAnalysisMissingCurrentRecovery/competing-start_task_queue", "wf-task-queue-type": "Activity", "worker-version": "_unversioned_", "logging-call-at": "/home/ubuntu/temporal-investigation-20260909/overnight-20260909/specula-engine/runs/temporal-reset-20260909-restart-1600/temporal-reset/.specula-output/confirmation/CR-2/worktree/service/matching/physical_task_queue_manager.go:341"}
2026-09-10T01:30:25.412Z	debug	user data changed while blocked in long poll	{"component": "matching-engine", "wf-namespace": "TestWorkflowResetTestSuite-TestAnalysisMissingCurrentRecovery-competing-start-a982ca1a-b8b1-4562-8509-a9d81d6b225d", "wf-task-queue-name": "TestWorkflowResetTestSuite/TestAnalysisMissingCurrentRecovery/competing-start_task_queue", "wf-task-queue-type": "Activity", "logging-call-at": "/home/ubuntu/temporal-investigation-20260909/overnight-20260909/specula-engine/runs/temporal-reset-20260909-restart-1600/temporal-reset/.specula-output/confirmation/CR-2/worktree/service/matching/user_data_manager.go:657"}
2026-09-10T01:30:25.412Z	debug	returning empty user data (closing)	{"component": "matching-engine", "long-poll": true, "wf-namespace": "TestWorkflowResetTestSuite-TestAnalysisMissingCurrentRecovery-competing-start-a982ca1a-b8b1-4562-8509-a9d81d6b225d", "wf-task-queue-name": "TestWorkflowResetTestSuite/TestAnalysisMissingCurrentRecovery/competing-start_task_queue", "wf-task-queue-type": "Activity", "logging-call-at": "/home/ubuntu/temporal-investigation-20260909/overnight-20260909/specula-engine/runs/temporal-reset-20260909-restart-1600/temporal-reset/.specula-output/confirmation/CR-2/worktree/service/matching/user_data_manager.go:601"}
2026-09-10T01:30:25.412Z	debug	user data changed while blocked in long poll	{"component": "matching-engine", "wf-namespace": "TestWorkflowResetTestSuite-TestAnalysisMissingCurrentRecovery-competing-start-a982ca1a-b8b1-4562-8509-a9d81d6b225d", "wf-task-queue-name": "TestWorkflowResetTestSuite/TestAnalysisMissingCurrentRecovery/competing-start_task_queue", "wf-task-queue-type": "Activity", "logging-call-at": "/home/ubuntu/temporal-investigation-20260909/overnight-20260909/specula-engine/runs/temporal-reset-20260909-restart-1600/temporal-reset/.specula-output/confirmation/CR-2/worktree/service/matching/user_data_manager.go:657"}
2026-09-10T01:30:25.412Z	debug	returning empty user data (closing)	{"component": "matching-engine", "long-poll": true, "wf-namespace": "TestWorkflowResetTestSuite-TestAnalysisMissingCurrentRecovery-competing-start-a982ca1a-b8b1-4562-8509-a9d81d6b225d", "wf-task-queue-name": "TestWorkflowResetTestSuite/TestAnalysisMissingCurrentRecovery/competing-start_task_queue", "wf-task-queue-type": "Activity", "logging-call-at": "/home/ubuntu/temporal-investigation-20260909/overnight-20260909/specula-engine/runs/temporal-reset-20260909-restart-1600/temporal-reset/.specula-output/confirmation/CR-2/worktree/service/matching/user_data_manager.go:601"}
2026-09-10T01:30:25.412Z	info	Stopped physicalTaskQueueManager	{"backlog": "priority", "cause": "ShuttingDown", "component": "matching-engine", "lifecycle": "Stopped", "wf-namespace": "TestWorkflowResetTestSuite-TestAnalysisMissingCurrentRecovery-competing-start-a982ca1a-b8b1-4562-8509-a9d81d6b225d", "wf-task-queue-name": "/_sys/TestWorkflowResetTestSuite/TestAnalysisMissingCurrentRecovery/competing-start_task_queue/1", "wf-task-queue-type": "Activity", "worker-version": "_unversioned_", "logging-call-at": "/home/ubuntu/temporal-investigation-20260909/overnight-20260909/specula-engine/runs/temporal-reset-20260909-restart-1600/temporal-reset/.specula-output/confirmation/CR-2/worktree/service/matching/physical_task_queue_manager.go:341"}
2026-09-10T01:30:25.412Z	debug	user data changed while blocked in long poll	{"component": "matching-engine", "wf-namespace": "TestWorkflowResetTestSuite-TestAnalysisMissingCurrentRecovery-competing-start-a982ca1a-b8b1-4562-8509-a9d81d6b225d", "wf-task-queue-name": "TestWorkflowResetTestSuite/TestAnalysisMissingCurrentRecovery/competing-start_task_queue", "wf-task-queue-type": "Activity", "logging-call-at": "/home/ubuntu/temporal-investigation-20260909/overnight-20260909/specula-engine/runs/temporal-reset-20260909-restart-1600/temporal-reset/.specula-output/confirmation/CR-2/worktree/service/matching/user_data_manager.go:657"}
2026-09-10T01:30:25.413Z	debug	returning empty user data (expired)	{"component": "matching-engine", "request-known-version": 0, "user-data-version": 0, "wf-namespace": "TestWorkflowResetTestSuite-TestAnalysisMissingCurrentRecovery-competing-start-a982ca1a-b8b1-4562-8509-a9d81d6b225d", "wf-task-queue-name": "TestWorkflowResetTestSuite/TestAnalysisMissingCurrentRecovery/competing-start_task_queue", "wf-task-queue-type": "Workflow", "logging-call-at": "/home/ubuntu/temporal-investigation-20260909/overnight-20260909/specula-engine/runs/temporal-reset-20260909-restart-1600/temporal-reset/.specula-output/confirmation/CR-2/worktree/service/matching/user_data_manager.go:651"}
2026-09-10T01:30:25.413Z	debug	returning empty user data (closing)	{"component": "matching-engine", "long-poll": true, "wf-namespace": "TestWorkflowResetTestSuite-TestAnalysisMissingCurrentRecovery-competing-start-a982ca1a-b8b1-4562-8509-a9d81d6b225d", "wf-task-queue-name": "TestWorkflowResetTestSuite/TestAnalysisMissingCurrentRecovery/competing-start_task_queue", "wf-task-queue-type": "Activity", "logging-call-at": "/home/ubuntu/temporal-investigation-20260909/overnight-20260909/specula-engine/runs/temporal-reset-20260909-restart-1600/temporal-reset/.specula-output/confirmation/CR-2/worktree/service/matching/user_data_manager.go:601"}
2026-09-10T01:30:25.413Z	info	Stopped physicalTaskQueueManager	{"backlog": "priority", "cause": "ShuttingDown", "component": "matching-engine", "lifecycle": "Stopped", "wf-namespace": "TestWorkflowResetTestSuite-TestAnalysisMissingCurrentRecovery-competing-start-a982ca1a-b8b1-4562-8509-a9d81d6b225d", "wf-task-queue-name": "TestWorkflowResetTestSuite/TestAnalysisMissingCurrentRecovery/competing-start_task_queue", "wf-task-queue-type": "Workflow", "worker-version": "_unversioned_", "logging-call-at": "/home/ubuntu/temporal-investigation-20260909/overnight-20260909/specula-engine/runs/temporal-reset-20260909-restart-1600/temporal-reset/.specula-output/confirmation/CR-2/worktree/service/matching/physical_task_queue_manager.go:341"}
2026-09-10T01:30:25.413Z	debug	fetched user data from parent, no change	{"component": "matching-engine", "wf-namespace": "TestWorkflowResetTestSuite-TestAnalysisMissingCurrentRecovery-competing-start-a982ca1a-b8b1-4562-8509-a9d81d6b225d", "wf-task-queue-name": "/_sys/TestWorkflowResetTestSuite/TestAnalysisMissingCurrentRecovery/competing-start_task_queue/2", "wf-task-queue-type": "Activity", "logging-call-at": "/home/ubuntu/temporal-investigation-20260909/overnight-20260909/specula-engine/runs/temporal-reset-20260909-restart-1600/temporal-reset/.specula-output/confirmation/CR-2/worktree/service/matching/user_data_manager.go:351"}
2026-09-10T01:30:25.413Z	debug	user data changed while blocked in long poll	{"component": "matching-engine", "wf-namespace": "TestWorkflowResetTestSuite-TestAnalysisMissingCurrentRecovery-competing-start-a982ca1a-b8b1-4562-8509-a9d81d6b225d", "wf-task-queue-name": "TestWorkflowResetTestSuite/TestAnalysisMissingCurrentRecovery/competing-start_task_queue", "wf-task-queue-type": "Workflow", "logging-call-at": "/home/ubuntu/temporal-investigation-20260909/overnight-20260909/specula-engine/runs/temporal-reset-20260909-restart-1600/temporal-reset/.specula-output/confirmation/CR-2/worktree/service/matching/user_data_manager.go:657"}
2026-09-10T01:30:25.413Z	debug	returning empty user data (closing)	{"component": "matching-engine", "long-poll": true, "wf-namespace": "TestWorkflowResetTestSuite-TestAnalysisMissingCurrentRecovery-competing-start-a982ca1a-b8b1-4562-8509-a9d81d6b225d", "wf-task-queue-name": "TestWorkflowResetTestSuite/TestAnalysisMissingCurrentRecovery/competing-start_task_queue", "wf-task-queue-type": "Workflow", "logging-call-at": "/home/ubuntu/temporal-investigation-20260909/overnight-20260909/specula-engine/runs/temporal-reset-20260909-restart-1600/temporal-reset/.specula-output/confirmation/CR-2/worktree/service/matching/user_data_manager.go:601"}
2026-09-10T01:30:25.413Z	debug	user data changed while blocked in long poll	{"component": "matching-engine", "wf-namespace": "TestWorkflowResetTestSuite-TestAnalysisMissingCurrentRecovery-competing-start-a982ca1a-b8b1-4562-8509-a9d81d6b225d", "wf-task-queue-name": "TestWorkflowResetTestSuite/TestAnalysisMissingCurrentRecovery/competing-start_task_queue", "wf-task-queue-type": "Workflow", "logging-call-at": "/home/ubuntu/temporal-investigation-20260909/overnight-20260909/specula-engine/runs/temporal-reset-20260909-restart-1600/temporal-reset/.specula-output/confirmation/CR-2/worktree/service/matching/user_data_manager.go:657"}
2026-09-10T01:30:25.413Z	debug	returning empty user data (closing)	{"component": "matching-engine", "long-poll": true, "wf-namespace": "TestWorkflowResetTestSuite-TestAnalysisMissingCurrentRecovery-competing-start-a982ca1a-b8b1-4562-8509-a9d81d6b225d", "wf-task-queue-name": "TestWorkflowResetTestSuite/TestAnalysisMissingCurrentRecovery/competing-start_task_queue", "wf-task-queue-type": "Workflow", "logging-call-at": "/home/ubuntu/temporal-investigation-20260909/overnight-20260909/specula-engine/runs/temporal-reset-20260909-restart-1600/temporal-reset/.specula-output/confirmation/CR-2/worktree/service/matching/user_data_manager.go:601"}
2026-09-10T01:30:25.413Z	debug	user data changed while blocked in long poll	{"component": "matching-engine", "wf-namespace": "TestWorkflowResetTestSuite-TestAnalysisMissingCurrentRecovery-competing-start-a982ca1a-b8b1-4562-8509-a9d81d6b225d", "wf-task-queue-name": "TestWorkflowResetTestSuite/TestAnalysisMissingCurrentRecovery/competing-start_task_queue", "wf-task-queue-type": "Workflow", "logging-call-at": "/home/ubuntu/temporal-investigation-20260909/overnight-20260909/specula-engine/runs/temporal-reset-20260909-restart-1600/temporal-reset/.specula-output/confirmation/CR-2/worktree/service/matching/user_data_manager.go:657"}
2026-09-10T01:30:25.413Z	debug	returning empty user data (closing)	{"component": "matching-engine", "long-poll": true, "wf-namespace": "TestWorkflowResetTestSuite-TestAnalysisMissingCurrentRecovery-competing-start-a982ca1a-b8b1-4562-8509-a9d81d6b225d", "wf-task-queue-name": "TestWorkflowResetTestSuite/TestAnalysisMissingCurrentRecovery/competing-start_task_queue", "wf-task-queue-type": "Workflow", "logging-call-at": "/home/ubuntu/temporal-investigation-20260909/overnight-20260909/specula-engine/runs/temporal-reset-20260909-restart-1600/temporal-reset/.specula-output/confirmation/CR-2/worktree/service/matching/user_data_manager.go:601"}
2026-09-10T01:30:25.413Z	debug	fetched user data from parent, no change	{"component": "matching-engine", "wf-namespace": "TestWorkflowResetTestSuite-TestAnalysisMissingCurrentRecovery-competing-start-a982ca1a-b8b1-4562-8509-a9d81d6b225d", "wf-task-queue-name": "/_sys/TestWorkflowResetTestSuite/TestAnalysisMissingCurrentRecovery/competing-start_task_queue/3", "wf-task-queue-type": "Activity", "logging-call-at": "/home/ubuntu/temporal-investigation-20260909/overnight-20260909/specula-engine/runs/temporal-reset-20260909-restart-1600/temporal-reset/.specula-output/confirmation/CR-2/worktree/service/matching/user_data_manager.go:351"}
2026-09-10T01:30:25.413Z	info	Stopped physicalTaskQueueManager	{"backlog": "priority", "cause": "ShuttingDown", "component": "matching-engine", "lifecycle": "Stopped", "wf-namespace": "TestWorkflowResetTestSuite-TestAnalysisMissingCurrentRecovery-competing-start-a982ca1a-b8b1-4562-8509-a9d81d6b225d", "wf-task-queue-name": "/_sys/TestWorkflowResetTestSuite/TestAnalysisMissingCurrentRecovery/competing-start_task_queue/2", "wf-task-queue-type": "Workflow", "worker-version": "_unversioned_", "logging-call-at": "/home/ubuntu/temporal-investigation-20260909/overnight-20260909/specula-engine/runs/temporal-reset-20260909-restart-1600/temporal-reset/.specula-output/confirmation/CR-2/worktree/service/matching/physical_task_queue_manager.go:341"}
2026-09-10T01:30:25.413Z	debug	fetched user data from parent, no change	{"component": "matching-engine", "wf-namespace": "TestWorkflowResetTestSuite-TestAnalysisMissingCurrentRecovery-competing-start-a982ca1a-b8b1-4562-8509-a9d81d6b225d", "wf-task-queue-name": "/_sys/TestWorkflowResetTestSuite/TestAnalysisMissingCurrentRecovery/competing-start_task_queue/1", "wf-task-queue-type": "Workflow", "logging-call-at": "/home/ubuntu/temporal-investigation-20260909/overnight-20260909/specula-engine/runs/temporal-reset-20260909-restart-1600/temporal-reset/.specula-output/confirmation/CR-2/worktree/service/matching/user_data_manager.go:351"}
2026-09-10T01:30:25.413Z	debug	fetched user data from parent, no change	{"component": "matching-engine", "wf-namespace": "TestWorkflowResetTestSuite-TestAnalysisMissingCurrentRecovery-competing-start-a982ca1a-b8b1-4562-8509-a9d81d6b225d", "wf-task-queue-name": "/_sys/TestWorkflowResetTestSuite/TestAnalysisMissingCurrentRecovery/competing-start_task_queue/3", "wf-task-queue-type": "Workflow", "logging-call-at": "/home/ubuntu/temporal-investigation-20260909/overnight-20260909/specula-engine/runs/temporal-reset-20260909-restart-1600/temporal-reset/.specula-output/confirmation/CR-2/worktree/service/matching/user_data_manager.go:351"}
2026-09-10T01:30:25.413Z	debug	returning empty user data (closing)	{"component": "matching-engine", "long-poll": true, "wf-namespace": "TestWorkflowResetTestSuite-TestAnalysisMissingCurrentRecovery-competing-start-a982ca1a-b8b1-4562-8509-a9d81d6b225d", "wf-task-queue-name": "TestWorkflowResetTestSuite/TestAnalysisMissingCurrentRecovery/competing-start_task_queue", "wf-task-queue-type": "Activity", "logging-call-at": "/home/ubuntu/temporal-investigation-20260909/overnight-20260909/specula-engine/runs/temporal-reset-20260909-restart-1600/temporal-reset/.specula-output/confirmation/CR-2/worktree/service/matching/user_data_manager.go:601"}
2026-09-10T01:30:25.413Z	info	Stopped physicalTaskQueueManager	{"backlog": "priority", "cause": "ShuttingDown", "component": "matching-engine", "lifecycle": "Stopped", "wf-namespace": "TestWorkflowResetTestSuite-TestAnalysisMissingCurrentRecovery-competing-start-a982ca1a-b8b1-4562-8509-a9d81d6b225d", "wf-task-queue-name": "/_sys/TestWorkflowResetTestSuite/TestAnalysisMissingCurrentRecovery/competing-start_task_queue/3", "wf-task-queue-type": "Workflow", "worker-version": "_unversioned_", "logging-call-at": "/home/ubuntu/temporal-investigation-20260909/overnight-20260909/specula-engine/runs/temporal-reset-20260909-restart-1600/temporal-reset/.specula-output/confirmation/CR-2/worktree/service/matching/physical_task_queue_manager.go:341"}
2026-09-10T01:30:25.413Z	debug	fetched user data from parent, no change	{"component": "matching-engine", "wf-namespace": "TestWorkflowResetTestSuite-TestAnalysisMissingCurrentRecovery-competing-start-a982ca1a-b8b1-4562-8509-a9d81d6b225d", "wf-task-queue-name": "/_sys/TestWorkflowResetTestSuite/TestAnalysisMissingCurrentRecovery/competing-start_task_queue/2", "wf-task-queue-type": "Activity", "logging-call-at": "/home/ubuntu/temporal-investigation-20260909/overnight-20260909/specula-engine/runs/temporal-reset-20260909-restart-1600/temporal-reset/.specula-output/confirmation/CR-2/worktree/service/matching/user_data_manager.go:351"}
2026-09-10T01:30:25.413Z	debug	returning empty user data (closing)	{"component": "matching-engine", "long-poll": true, "wf-namespace": "TestWorkflowResetTestSuite-TestAnalysisMissingCurrentRecovery-competing-start-a982ca1a-b8b1-4562-8509-a9d81d6b225d", "wf-task-queue-name": "TestWorkflowResetTestSuite/TestAnalysisMissingCurrentRecovery/competing-start_task_queue", "wf-task-queue-type": "Activity", "logging-call-at": "/home/ubuntu/temporal-investigation-20260909/overnight-20260909/specula-engine/runs/temporal-reset-20260909-restart-1600/temporal-reset/.specula-output/confirmation/CR-2/worktree/service/matching/user_data_manager.go:601"}
2026-09-10T01:30:25.413Z	debug	returning empty user data (closing)	{"component": "matching-engine", "long-poll": true, "wf-namespace": "TestWorkflowResetTestSuite-TestAnalysisMissingCurrentRecovery-competing-start-a982ca1a-b8b1-4562-8509-a9d81d6b225d", "wf-task-queue-name": "TestWorkflowResetTestSuite/TestAnalysisMissingCurrentRecovery/competing-start_task_queue", "wf-task-queue-type": "Workflow", "logging-call-at": "/home/ubuntu/temporal-investigation-20260909/overnight-20260909/specula-engine/runs/temporal-reset-20260909-restart-1600/temporal-reset/.specula-output/confirmation/CR-2/worktree/service/matching/user_data_manager.go:601"}
2026-09-10T01:30:25.413Z	debug	returning empty user data (closing)	{"component": "matching-engine", "long-poll": true, "wf-namespace": "TestWorkflowResetTestSuite-TestAnalysisMissingCurrentRecovery-competing-start-a982ca1a-b8b1-4562-8509-a9d81d6b225d", "wf-task-queue-name": "TestWorkflowResetTestSuite/TestAnalysisMissingCurrentRecovery/competing-start_task_queue", "wf-task-queue-type": "Workflow", "logging-call-at": "/home/ubuntu/temporal-investigation-20260909/overnight-20260909/specula-engine/runs/temporal-reset-20260909-restart-1600/temporal-reset/.specula-output/confirmation/CR-2/worktree/service/matching/user_data_manager.go:601"}
2026-09-10T01:30:25.413Z	info	Stopped physicalTaskQueueManager	{"backlog": "priority", "cause": "ShuttingDown", "component": "matching-engine", "lifecycle": "Stopped", "wf-namespace": "TestWorkflowResetTestSuite-TestAnalysisMissingCurrentRecovery-competing-start-a982ca1a-b8b1-4562-8509-a9d81d6b225d", "wf-task-queue-name": "/_sys/TestWorkflowResetTestSuite/TestAnalysisMissingCurrentRecovery/competing-start_task_queue/1", "wf-task-queue-type": "Workflow", "worker-version": "_unversioned_", "logging-call-at": "/home/ubuntu/temporal-investigation-20260909/overnight-20260909/specula-engine/runs/temporal-reset-20260909-restart-1600/temporal-reset/.specula-output/confirmation/CR-2/worktree/service/matching/physical_task_queue_manager.go:341"}
2026-09-10T01:30:25.413Z	debug	returning empty user data (closing)	{"component": "matching-engine", "long-poll": true, "wf-namespace": "TestWorkflowResetTestSuite-TestAnalysisMissingCurrentRecovery-competing-start-a982ca1a-b8b1-4562-8509-a9d81d6b225d", "wf-task-queue-name": "TestWorkflowResetTestSuite/TestAnalysisMissingCurrentRecovery/competing-start_task_queue", "wf-task-queue-type": "Activity", "logging-call-at": "/home/ubuntu/temporal-investigation-20260909/overnight-20260909/specula-engine/runs/temporal-reset-20260909-restart-1600/temporal-reset/.specula-output/confirmation/CR-2/worktree/service/matching/user_data_manager.go:601"}
2026-09-10T01:30:25.413Z	debug	fetched user data from parent, no change	{"component": "matching-engine", "wf-namespace": "TestWorkflowResetTestSuite-TestAnalysisMissingCurrentRecovery-competing-start-a982ca1a-b8b1-4562-8509-a9d81d6b225d", "wf-task-queue-name": "/_sys/TestWorkflowResetTestSuite/TestAnalysisMissingCurrentRecovery/competing-start_task_queue/3", "wf-task-queue-type": "Activity", "logging-call-at": "/home/ubuntu/temporal-investigation-20260909/overnight-20260909/specula-engine/runs/temporal-reset-20260909-restart-1600/temporal-reset/.specula-output/confirmation/CR-2/worktree/service/matching/user_data_manager.go:351"}
2026-09-10T01:30:25.413Z	debug	fetched user data from parent, no change	{"component": "matching-engine", "wf-namespace": "TestWorkflowResetTestSuite-TestAnalysisMissingCurrentRecovery-competing-start-a982ca1a-b8b1-4562-8509-a9d81d6b225d", "wf-task-queue-name": "/_sys/TestWorkflowResetTestSuite/TestAnalysisMissingCurrentRecovery/competing-start_task_queue/2", "wf-task-queue-type": "Activity", "logging-call-at": "/home/ubuntu/temporal-investigation-20260909/overnight-20260909/specula-engine/runs/temporal-reset-20260909-restart-1600/temporal-reset/.specula-output/confirmation/CR-2/worktree/service/matching/user_data_manager.go:351"}
2026-09-10T01:30:25.413Z	info	Stopped physicalTaskQueueManager	{"backlog": "priority", "cause": "ShuttingDown", "component": "matching-engine", "lifecycle": "Stopped", "wf-namespace": "TestWorkflowResetTestSuite-TestAnalysisMissingCurrentRecovery-competing-start-a982ca1a-b8b1-4562-8509-a9d81d6b225d", "wf-task-queue-name": "/_sys/TestWorkflowResetTestSuite/TestAnalysisMissingCurrentRecovery/competing-start_task_queue/3", "wf-task-queue-type": "Activity", "worker-version": "_unversioned_", "logging-call-at": "/home/ubuntu/temporal-investigation-20260909/overnight-20260909/specula-engine/runs/temporal-reset-20260909-restart-1600/temporal-reset/.specula-output/confirmation/CR-2/worktree/service/matching/physical_task_queue_manager.go:341"}
2026-09-10T01:30:25.413Z	error	service failures	{"operation": "AddWorkflowTask", "wf-namespace": "TestWorkflowResetTestSuite-TestAnalysisMissingCurrentRecovery-competing-start-a982ca1a-b8b1-4562-8509-a9d81d6b225d", "grpc_code": "Unavailable", "wf-id": "TestWorkflowResetTestSuite/TestAnalysisMissingCurrentRecovery/competing-start_workflow_id", "wf-run-id": "69d74465-3300-44a5-9365-4c4f164fbcb7", "error": "task queue closed", "logging-call-at": "/home/ubuntu/temporal-investigation-20260909/overnight-20260909/specula-engine/runs/temporal-reset-20260909-restart-1600/temporal-reset/.specula-output/confirmation/CR-2/worktree/common/rpc/interceptor/request_error_handler.go:96"}
go.temporal.io/server/common/log.(*zapLogger).Error
	/home/ubuntu/temporal-investigation-20260909/overnight-20260909/specula-engine/runs/temporal-reset-20260909-restart-1600/temporal-reset/.specula-output/confirmation/CR-2/worktree/common/log/zap_logger.go:191
go.temporal.io/server/common/testing/testlogger.(*TestLogger).Error
	/home/ubuntu/temporal-investigation-20260909/overnight-20260909/specula-engine/runs/temporal-reset-20260909-restart-1600/temporal-reset/.specula-output/confirmation/CR-2/worktree/common/testing/testlogger/testlogger.go:543
go.temporal.io/server/common/rpc/interceptor.(*RequestErrorHandler).logError
	/home/ubuntu/temporal-investigation-20260909/overnight-20260909/specula-engine/runs/temporal-reset-20260909-restart-1600/temporal-reset/.specula-output/confirmation/CR-2/worktree/common/rpc/interceptor/request_error_handler.go:96
go.temporal.io/server/common/rpc/interceptor.(*RequestErrorHandler).HandleError
	/home/ubuntu/temporal-investigation-20260909/overnight-20260909/specula-engine/runs/temporal-reset-20260909-restart-1600/temporal-reset/.specula-output/confirmation/CR-2/worktree/common/rpc/interceptor/request_error_handler.go:72
go.temporal.io/server/common/rpc/interceptor.(*TelemetryInterceptor).UnaryIntercept
	/home/ubuntu/temporal-investigation-20260909/overnight-20260909/specula-engine/runs/temporal-reset-20260909-restart-1600/temporal-reset/.specula-output/confirmation/CR-2/worktree/common/rpc/interceptor/telemetry.go:194
google.golang.org/grpc.getChainUnaryHandler.func1
	/home/ubuntu/go/pkg/mod/google.golang.org/grpc@v1.82.1/server.go:1256
go.temporal.io/server/common/metrics.NewServerMetricsTrailerPropagatorInterceptor.func1
	/home/ubuntu/temporal-investigation-20260909/overnight-20260909/specula-engine/runs/temporal-reset-20260909-restart-1600/temporal-reset/.specula-output/confirmation/CR-2/worktree/common/metrics/grpc.go:89
google.golang.org/grpc.getChainUnaryHandler.1
	/home/ubuntu/go/pkg/mod/google.golang.org/grpc@v1.82.1/server.go:1256
go.temporal.io/server/common/metrics.NewServerMetricsContextInjectorInterceptor.func1
	/home/ubuntu/temporal-investigation-20260909/overnight-20260909/specula-engine/runs/temporal-reset-20260909-restart-1600/temporal-reset/.specula-output/confirmation/CR-2/worktree/common/metrics/grpc.go:42
google.golang.org/grpc.getChainUnaryHandler.func1
	/home/ubuntu/go/pkg/mod/google.golang.org/grpc@v1.82.1/server.go:1256
go.temporal.io/server/common/rpc/interceptor.(*ServiceErrorInterceptor).capturePanicHandler
	/home/ubuntu/temporal-investigation-20260909/overnight-20260909/specula-engine/runs/temporal-reset-20260909-restart-1600/temporal-reset/.specula-output/confirmation/CR-2/worktree/common/rpc/interceptor/service_error_interceptor.go:72
go.temporal.io/server/common/rpc/interceptor.(*ServiceErrorInterceptor).Intercept
	/home/ubuntu/temporal-investigation-20260909/overnight-20260909/specula-engine/runs/temporal-reset-20260909-restart-1600/temporal-reset/.specula-output/confirmation/CR-2/worktree/common/rpc/interceptor/service_error_interceptor.go:45
google.golang.org/grpc.chainUnaryInterceptors.func1
	/home/ubuntu/go/pkg/mod/google.golang.org/grpc@v1.82.1/server.go:1247
go.temporal.io/server/api/matchingservice/v1._MatchingService_AddWorkflowTask_Handler
	/home/ubuntu/temporal-investigation-20260909/overnight-20260909/specula-engine/runs/temporal-reset-20260909-restart-1600/temporal-reset/.specula-output/confirmation/CR-2/worktree/api/matchingservice/v1/service_grpc.pb.go:964
google.golang.org/grpc.(*Server).processUnaryRPC
	/home/ubuntu/go/pkg/mod/google.golang.org/grpc@v1.82.1/server.go:1443
google.golang.org/grpc.(*Server).handleStream
	/home/ubuntu/go/pkg/mod/google.golang.org/grpc@v1.82.1/server.go:1858
google.golang.org/grpc.(*Server).serveStreams.func2.1
	/home/ubuntu/go/pkg/mod/google.golang.org/grpc@v1.82.1/server.go:1078
2026-09-10T01:30:25.413Z	debug	returning empty user data (closing)	{"component": "matching-engine", "long-poll": true, "wf-namespace": "TestWorkflowResetTestSuite-TestAnalysisMissingCurrentRecovery-competing-start-a982ca1a-b8b1-4562-8509-a9d81d6b225d", "wf-task-queue-name": "TestWorkflowResetTestSuite/TestAnalysisMissingCurrentRecovery/competing-start_task_queue", "wf-task-queue-type": "Activity", "logging-call-at": "/home/ubuntu/temporal-investigation-20260909/overnight-20260909/specula-engine/runs/temporal-reset-20260909-restart-1600/temporal-reset/.specula-output/confirmation/CR-2/worktree/service/matching/user_data_manager.go:601"}
2026-09-10T01:30:25.413Z	debug	returning empty user data (closing)	{"component": "matching-engine", "long-poll": true, "wf-namespace": "TestWorkflowResetTestSuite-TestAnalysisMissingCurrentRecovery-competing-start-a982ca1a-b8b1-4562-8509-a9d81d6b225d", "wf-task-queue-name": "TestWorkflowResetTestSuite/TestAnalysisMissingCurrentRecovery/competing-start_task_queue", "wf-task-queue-type": "Activity", "logging-call-at": "/home/ubuntu/temporal-investigation-20260909/overnight-20260909/specula-engine/runs/temporal-reset-20260909-restart-1600/temporal-reset/.specula-output/confirmation/CR-2/worktree/service/matching/user_data_manager.go:601"}
2026-09-10T01:30:25.413Z	info	Stopped physicalTaskQueueManager	{"backlog": "priority", "cause": "ShuttingDown", "component": "matching-engine", "lifecycle": "Stopped", "wf-namespace": "TestWorkflowResetTestSuite-TestAnalysisMissingCurrentRecovery-competing-start-a982ca1a-b8b1-4562-8509-a9d81d6b225d", "wf-task-queue-name": "/_sys/TestWorkflowResetTestSuite/TestAnalysisMissingCurrentRecovery/competing-start_task_queue/2", "wf-task-queue-type": "Activity", "worker-version": "_unversioned_", "logging-call-at": "/home/ubuntu/temporal-investigation-20260909/overnight-20260909/specula-engine/runs/temporal-reset-20260909-restart-1600/temporal-reset/.specula-output/confirmation/CR-2/worktree/service/matching/physical_task_queue_manager.go:341"}
2026-09-10T01:30:25.413Z	info	matching stopped	{"service": "matching", "logging-call-at": "/home/ubuntu/temporal-investigation-20260909/overnight-20260909/specula-engine/runs/temporal-reset-20260909-restart-1600/temporal-reset/.specula-output/confirmation/CR-2/worktree/service/matching/service.go:124"}
2026-09-10T01:30:25.413Z	warn	network dial error	{"address": "127.0.0.1:37959", "connectAddr": "127.0.0.1:37959", "connectDuration": 0.00007488, "connectErr": "dial tcp 127.0.0.1:37959: connect: connection refused", "error": "dial tcp 127.0.0.1:37959: connect: connection refused", "error-type": "net.OpError", "service": "client", "totalDuration": 0.000079648, "logging-call-at": "/home/ubuntu/temporal-investigation-20260909/overnight-20260909/specula-engine/runs/temporal-reset-20260909-restart-1600/temporal-reset/.specula-output/confirmation/CR-2/worktree/common/rpc/dial_tracer.go:73"}
2026-09-10T01:30:25.413Z	info	RuntimeMetricsReporter stopped	{"service": "matching", "logging-call-at": "/home/ubuntu/temporal-investigation-20260909/overnight-20260909/specula-engine/runs/temporal-reset-20260909-restart-1600/temporal-reset/.specula-output/confirmation/CR-2/worktree/common/metrics/runtime.go:127"}
2026-09-10T01:30:25.414Z	info	dropped database	{"database": "test_47cd61a03af847d48fbf2484", "logging-call-at": "/home/ubuntu/temporal-investigation-20260909/overnight-20260909/specula-engine/runs/temporal-reset-20260909-restart-1600/temporal-reset/.specula-output/confirmation/CR-2/worktree/common/persistence/sql/test_sql_persistence.go:156"}
--- PASS: TestWorkflowResetTestSuite (0.00s)
    --- PASS: TestWorkflowResetTestSuite/TestAnalysisMissingCurrentRecovery (0.00s)
        --- PASS: TestWorkflowResetTestSuite/TestAnalysisMissingCurrentRecovery/create-rejected (8.04s)
        --- PASS: TestWorkflowResetTestSuite/TestAnalysisMissingCurrentRecovery/competing-start (4.10s)
PASS
ok  	go.temporal.io/server/tests	12.179s
