=== RUN   TestBugCR1CommittedUpdateSurvivesLostCallerReceipt
2026-09-09T20:29:03.746Z	info	created database	{"database": "test_37d50709888c4d1182c9672b", "logging-call-at": "/home/ubuntu/temporal-investigation-20260909/overnight-20260909/specula-engine/runs/temporal-update-20260909-restart-1600/temporal-update/.specula-output/confirmation/CR-1/worktree/common/persistence/sql/test_sql_persistence.go:125"}
2026-09-09T20:29:03.747Z	info	No schema directory provided, skipping schema setup	{"logging-call-at": "/home/ubuntu/temporal-investigation-20260909/overnight-20260909/specula-engine/runs/temporal-update-20260909-restart-1600/temporal-update/.specula-output/confirmation/CR-1/worktree/common/persistence/sql/test_sql_persistence.go:79"}
2026-09-09T20:29:03.747Z	info	Use rpc address 127.0.0.1:7134 for cluster active.	{"component": "metadata-initializer", "logging-call-at": "/home/ubuntu/temporal-investigation-20260909/overnight-20260909/specula-engine/runs/temporal-update-20260909-restart-1600/temporal-update/.specula-output/confirmation/CR-1/worktree/temporal/cluster_metadata_loader.go:68"}
2026-09-09T20:29:03.748Z	info	PProf listen on 	{"host": "localhost", "port": 7000, "logging-call-at": "/home/ubuntu/temporal-investigation-20260909/overnight-20260909/specula-engine/runs/temporal-update-20260909-restart-1600/temporal-update/.specula-output/confirmation/CR-1/worktree/common/pprof/pprof.go:58"}
2026-09-09T20:29:03.749Z	info	Use rpc address 127.0.0.1:7134 for cluster active.	{"component": "metadata-initializer", "logging-call-at": "/home/ubuntu/temporal-investigation-20260909/overnight-20260909/specula-engine/runs/temporal-update-20260909-restart-1600/temporal-update/.specula-output/confirmation/CR-1/worktree/temporal/cluster_metadata_loader.go:68"}
2026-09-09T20:29:03.755Z	info	Quota changed	{"component": "persistence", "current-quota": null, "new-quota": 9000, "scope": "host", "service": "history", "logging-call-at": "/home/ubuntu/temporal-investigation-20260909/overnight-20260909/specula-engine/runs/temporal-update-20260909-restart-1600/temporal-update/.specula-output/confirmation/CR-1/worktree/common/quotas/calculator/logged_calculator.go:100"}
2026-09-09T20:29:03.755Z	debug	RPC factory created. enableServerKeepalive: false, enableClientKeepalive: false	{"logging-call-at": "/home/ubuntu/temporal-investigation-20260909/overnight-20260909/specula-engine/runs/temporal-update-20260909-restart-1600/temporal-update/.specula-output/confirmation/CR-1/worktree/common/resource/fx.go:470"}
2026-09-09T20:29:03.755Z	info	historyClient: ownership caching disabled	{"service": "history", "logging-call-at": "/home/ubuntu/temporal-investigation-20260909/overnight-20260909/specula-engine/runs/temporal-update-20260909-restart-1600/temporal-update/.specula-output/confirmation/CR-1/worktree/client/history/client.go:70"}
2026-09-09T20:29:03.756Z	info	creating new visibility manager	{"visibility_plugin_name": "sqlite", "visibility_index_name": "test_37d50709888c4d1182c9672b", "logging-call-at": "/home/ubuntu/temporal-investigation-20260909/overnight-20260909/specula-engine/runs/temporal-update-20260909-restart-1600/temporal-update/.specula-output/confirmation/CR-1/worktree/common/persistence/visibility/factory.go:145"}
2026-09-09T20:29:03.756Z	info	Quota changed	{"component": "task-scheduler", "current-quota": null, "new-quota": 0, "scope": "host", "service": "history", "logging-call-at": "/home/ubuntu/temporal-investigation-20260909/overnight-20260909/specula-engine/runs/temporal-update-20260909-restart-1600/temporal-update/.specula-output/confirmation/CR-1/worktree/common/quotas/calculator/logged_calculator.go:100"}
2026-09-09T20:29:03.757Z	info	Warning: CHASM component scheduler.scheduler declares state fields that won't be managed by CHASM:
	cacheConflictToken int64
	compiledSpec *scheduler.CompiledSpec	{"logging-call-at": "/home/ubuntu/temporal-investigation-20260909/overnight-20260909/specula-engine/runs/temporal-update-20260909-restart-1600/temporal-update/.specula-output/confirmation/CR-1/worktree/chasm/registry.go:361"}
2026-09-09T20:29:03.760Z	info	Initialized lazy loaded OwnershipBasedQuotaScaler	{"service": "history", "logging-call-at": "/home/ubuntu/temporal-investigation-20260909/overnight-20260909/specula-engine/runs/temporal-update-20260909-restart-1600/temporal-update/.specula-output/confirmation/CR-1/worktree/service/history/shard/fx.go:71"}
2026-09-09T20:29:03.760Z	info	Initialized service resolver for persistence rate limiting	{"service": "history", "logging-call-at": "/home/ubuntu/temporal-investigation-20260909/overnight-20260909/specula-engine/runs/temporal-update-20260909-restart-1600/temporal-update/.specula-output/confirmation/CR-1/worktree/service/fx.go:76"}
2026-09-09T20:29:03.760Z	info	Created gRPC listener	{"service": "history", "address": "127.0.0.1:38411", "logging-call-at": "/home/ubuntu/temporal-investigation-20260909/overnight-20260909/specula-engine/runs/temporal-update-20260909-restart-1600/temporal-update/.specula-output/confirmation/CR-1/worktree/common/rpc/rpc.go:209"}
2026-09-09T20:29:03.764Z	info	Quota changed	{"component": "persistence", "current-quota": null, "new-quota": 3000, "scope": "host", "service": "matching", "logging-call-at": "/home/ubuntu/temporal-investigation-20260909/overnight-20260909/specula-engine/runs/temporal-update-20260909-restart-1600/temporal-update/.specula-output/confirmation/CR-1/worktree/common/quotas/calculator/logged_calculator.go:100"}
2026-09-09T20:29:03.764Z	info	Initialized service resolver for persistence rate limiting	{"service": "matching", "logging-call-at": "/home/ubuntu/temporal-investigation-20260909/overnight-20260909/specula-engine/runs/temporal-update-20260909-restart-1600/temporal-update/.specula-output/confirmation/CR-1/worktree/service/fx.go:76"}
2026-09-09T20:29:03.764Z	debug	RPC factory created. enableServerKeepalive: false, enableClientKeepalive: false	{"logging-call-at": "/home/ubuntu/temporal-investigation-20260909/overnight-20260909/specula-engine/runs/temporal-update-20260909-restart-1600/temporal-update/.specula-output/confirmation/CR-1/worktree/common/resource/fx.go:470"}
2026-09-09T20:29:03.764Z	info	Created gRPC listener	{"service": "matching", "address": "127.0.0.1:36511", "logging-call-at": "/home/ubuntu/temporal-investigation-20260909/overnight-20260909/specula-engine/runs/temporal-update-20260909-restart-1600/temporal-update/.specula-output/confirmation/CR-1/worktree/common/rpc/rpc.go:209"}
2026-09-09T20:29:03.764Z	info	historyClient: ownership caching disabled	{"service": "matching", "logging-call-at": "/home/ubuntu/temporal-investigation-20260909/overnight-20260909/specula-engine/runs/temporal-update-20260909-restart-1600/temporal-update/.specula-output/confirmation/CR-1/worktree/client/history/client.go:70"}
2026-09-09T20:29:03.764Z	info	creating new visibility manager	{"visibility_plugin_name": "sqlite", "visibility_index_name": "test_37d50709888c4d1182c9672b", "logging-call-at": "/home/ubuntu/temporal-investigation-20260909/overnight-20260909/specula-engine/runs/temporal-update-20260909-restart-1600/temporal-update/.specula-output/confirmation/CR-1/worktree/common/persistence/visibility/factory.go:145"}
2026-09-09T20:29:03.768Z	debug	RPC factory created. enableServerKeepalive: false, enableClientKeepalive: false	{"logging-call-at": "/home/ubuntu/temporal-investigation-20260909/overnight-20260909/specula-engine/runs/temporal-update-20260909-restart-1600/temporal-update/.specula-output/confirmation/CR-1/worktree/common/resource/fx.go:470"}
2026-09-09T20:29:03.769Z	info	Quota changed	{"component": "persistence", "current-quota": null, "new-quota": 2000, "scope": "host", "service": "frontend", "logging-call-at": "/home/ubuntu/temporal-investigation-20260909/overnight-20260909/specula-engine/runs/temporal-update-20260909-restart-1600/temporal-update/.specula-output/confirmation/CR-1/worktree/common/quotas/calculator/logged_calculator.go:100"}
2026-09-09T20:29:03.769Z	info	historyClient: ownership caching disabled	{"service": "frontend", "logging-call-at": "/home/ubuntu/temporal-investigation-20260909/overnight-20260909/specula-engine/runs/temporal-update-20260909-restart-1600/temporal-update/.specula-output/confirmation/CR-1/worktree/client/history/client.go:70"}
2026-09-09T20:29:03.769Z	info	Warning: CHASM component scheduler.scheduler declares state fields that won't be managed by CHASM:
	cacheConflictToken int64
	compiledSpec *scheduler.CompiledSpec	{"logging-call-at": "/home/ubuntu/temporal-investigation-20260909/overnight-20260909/specula-engine/runs/temporal-update-20260909-restart-1600/temporal-update/.specula-output/confirmation/CR-1/worktree/chasm/registry.go:361"}
2026-09-09T20:29:03.770Z	info	creating new visibility manager	{"visibility_plugin_name": "sqlite", "visibility_index_name": "test_37d50709888c4d1182c9672b", "logging-call-at": "/home/ubuntu/temporal-investigation-20260909/overnight-20260909/specula-engine/runs/temporal-update-20260909-restart-1600/temporal-update/.specula-output/confirmation/CR-1/worktree/common/persistence/visibility/factory.go:145"}
2026-09-09T20:29:03.770Z	info	Initialized service resolver for persistence rate limiting	{"service": "frontend", "logging-call-at": "/home/ubuntu/temporal-investigation-20260909/overnight-20260909/specula-engine/runs/temporal-update-20260909-restart-1600/temporal-update/.specula-output/confirmation/CR-1/worktree/service/fx.go:76"}
2026-09-09T20:29:03.770Z	info	Quota changed	{"component": "rpc-handler", "current-quota": null, "new-quota": 3000, "scope": "host", "service": "frontend", "logging-call-at": "/home/ubuntu/temporal-investigation-20260909/overnight-20260909/specula-engine/runs/temporal-update-20260909-restart-1600/temporal-update/.specula-output/confirmation/CR-1/worktree/common/quotas/calculator/logged_calculator.go:100"}
2026-09-09T20:29:03.771Z	info	Created gRPC listener	{"service": "frontend", "address": "127.0.0.1:40689", "logging-call-at": "/home/ubuntu/temporal-investigation-20260909/overnight-20260909/specula-engine/runs/temporal-update-20260909-restart-1600/temporal-update/.specula-output/confirmation/CR-1/worktree/common/rpc/rpc.go:209"}
2026-09-09T20:29:03.772Z	info	Service is not requested, skipping initialization.	{"service": "internal-frontend", "logging-call-at": "/home/ubuntu/temporal-investigation-20260909/overnight-20260909/specula-engine/runs/temporal-update-20260909-restart-1600/temporal-update/.specula-output/confirmation/CR-1/worktree/temporal/fx.go:590"}
2026-09-09T20:29:03.772Z	info	Service is not requested, skipping initialization.	{"service": "worker", "logging-call-at": "/home/ubuntu/temporal-investigation-20260909/overnight-20260909/specula-engine/runs/temporal-update-20260909-restart-1600/temporal-update/.specula-output/confirmation/CR-1/worktree/temporal/fx.go:628"}
2026-09-09T20:29:03.773Z	info	PProf not started due to port not set	{"logging-call-at": "/home/ubuntu/temporal-investigation-20260909/overnight-20260909/specula-engine/runs/temporal-update-20260909-restart-1600/temporal-update/.specula-output/confirmation/CR-1/worktree/common/pprof/pprof.go:44"}
2026-09-09T20:29:03.773Z	info	Starting server for services	{"value": {"frontend":{},"history":{},"matching":{}}, "logging-call-at": "/home/ubuntu/temporal-investigation-20260909/overnight-20260909/specula-engine/runs/temporal-update-20260909-restart-1600/temporal-update/.specula-output/confirmation/CR-1/worktree/temporal/server_impl.go:89"}
2026-09-09T20:29:03.774Z	debug	archival:
    history:
        enableRead: false
        provider: null
        state: ""
    visibility:
        enableRead: false
        provider: null
        state: ""
clusterMetadata:
    clusterInformation:
        active:
            enabled: true
            httpAddress: 127.0.0.1:7144
            initialFailoverVersion: 1
            rpcAddress: 127.0.0.1:7134
    currentClusterName: active
    enableGlobalNamespace: false
    failoverVersionIncrement: 10
    masterClusterName: active
    tags: {}
dcRedirectionPolicy:
    policy: ""
dynamicConfigClient: null
global:
    authorization:
        audience: ""
        authExtraHeaderName: ""
        authHeaderName: ""
        authorizer: ""
        claimMapper: ""
        jwtKeyProvider:
            keySourceURIs: []
            refreshInterval: 0s
        permissionsClaimName: ""
        permissionsRegex: ""
        remoteClusterAuth:
            require: false
    membership:
        broadcastAddress: ""
        maxJoinDuration: 1s
    metrics: null
    pprof:
        host: ""
        port: 0
    tls:
        expirationChecks:
            checkInterval: 0s
            errorWindow: 0s
            warningWindow: 0s
        frontend:
            client:
                disableHostVerification: false
                forceTLS: false
                rootCaData: []
                rootCaFiles: []
                serverName: ""
            hostOverrides: {}
            server:
                certData: ""
                certFile: ""
                clientCaData: []
                clientCaFiles: []
                keyData: '******'
                keyFile: ""
                requireClientAuth: false
        internode:
            client:
                disableHostVerification: false
                forceTLS: false
                rootCaData: []
                rootCaFiles: []
                serverName: ""
            hostOverrides: {}
            server:
                certData: ""
                certFile: ""
                clientCaData: []
                clientCaFiles: []
                keyData: '******'
                keyFile: ""
                requireClientAuth: false
        refreshInterval: 0s
        remoteClusters: {}
        systemWorker:
            certData: ""
            certFile: ""
            client:
                disableHostVerification: false
                forceTLS: false
                rootCaData: []
                rootCaFiles: []
                serverName: ""
            keyData: '******'
            keyFile: ""
log:
    development: false
    format: ""
    level: ""
    outputFile: ""
    stdout: false
namespaceDefaults:
    archival:
        history:
            URI: ""
            state: ""
        visibility:
            URI: ""
            state: ""
otel: {}
persistence:
    datastores:
        test:
            cassandra: null
            customDatastore: null
            elasticsearch: null
            faultInjection: null
            sql:
                connectAddr: 127.0.0.1:0
                connectAttributes:
                    cache: private
                    mode: memory
                connectProtocol: tcp
                databaseName: test_37d50709888c4d1182c9672b
                maxConnLifetime: 0s
                maxConns: 0
                maxIdleConns: 0
                password: '******'
                passwordCommand: null
                pluginName: sqlite
                taskScanPartitions: 4
                tls: null
                user: ""
    defaultStore: test
    numHistoryShards: 4
    secondaryVisibilityStore: ""
    visibilityStore: test
publicClient:
    forceTLSConfig: ""
    hostPort: ""
    httpHostPort: ""
services:
    frontend:
        rpc:
            bindOnIP: 127.0.0.1
            bindOnLocalHost: false
            clientConnectionConfig:
                keepAliveClientParameters: null
            grpcPort: 40689
            httpAdditionalForwardedHeaders:
                - this-header-forwarded
                - this-header-prefix-forwarded-*
            httpPort: 46281
            keepAliveServerConfig:
                keepAliveEnforcementPolicy: null
                keepAliveServerParameters: null
            membershipPort: 0
    history:
        rpc:
            bindOnIP: 127.0.0.1
            bindOnLocalHost: false
            clientConnectionConfig:
                keepAliveClientParameters: null
            grpcPort: 38411
            httpAdditionalForwardedHeaders: []
            httpPort: 0
            keepAliveServerConfig:
                keepAliveEnforcementPolicy: null
                keepAliveServerParameters: null
            membershipPort: 0
    matching:
        rpc:
            bindOnIP: 127.0.0.1
            bindOnLocalHost: false
            clientConnectionConfig:
                keepAliveClientParameters: null
            grpcPort: 36511
            httpAdditionalForwardedHeaders: []
            httpPort: 0
            keepAliveServerConfig:
                keepAliveEnforcementPolicy: null
                keepAliveServerParameters: null
            membershipPort: 0
visibility:
    persistenceCustomSearchAttributes: {}
	{"logging-call-at": "/home/ubuntu/temporal-investigation-20260909/overnight-20260909/specula-engine/runs/temporal-update-20260909-restart-1600/temporal-update/.specula-output/confirmation/CR-1/worktree/temporal/server_impl.go:90"}
2026-09-09T20:29:03.774Z	info	Watch not supported by persistence, namespace registry will use polling	{"service": "matching", "logging-call-at": "/home/ubuntu/temporal-investigation-20260909/overnight-20260909/specula-engine/runs/temporal-update-20260909-restart-1600/temporal-update/.specula-output/confirmation/CR-1/worktree/common/namespace/nsregistry/registry.go:234"}
2026-09-09T20:29:03.774Z	info	RuntimeMetricsReporter started	{"service": "matching", "logging-call-at": "/home/ubuntu/temporal-investigation-20260909/overnight-20260909/specula-engine/runs/temporal-update-20260909-restart-1600/temporal-update/.specula-output/confirmation/CR-1/worktree/common/metrics/runtime.go:121"}
2026-09-09T20:29:03.774Z	info	matching starting	{"service": "matching", "logging-call-at": "/home/ubuntu/temporal-investigation-20260909/overnight-20260909/specula-engine/runs/temporal-update-20260909-restart-1600/temporal-update/.specula-output/confirmation/CR-1/worktree/service/matching/service.go:63"}
2026-09-09T20:29:03.774Z	info	Update worker pool size	{"key": "worker-pool-size", "value": 64, "logging-call-at": "/home/ubuntu/temporal-investigation-20260909/overnight-20260909/specula-engine/runs/temporal-update-20260909-restart-1600/temporal-update/.specula-output/confirmation/CR-1/worktree/common/tasks/sequential_scheduler.go:228"}
2026-09-09T20:29:03.774Z	info	sequential scheduler started	{"logging-call-at": "/home/ubuntu/temporal-investigation-20260909/overnight-20260909/specula-engine/runs/temporal-update-20260909-restart-1600/temporal-update/.specula-output/confirmation/CR-1/worktree/common/tasks/sequential_scheduler.go:81"}
2026-09-09T20:29:03.774Z	info	interleaved weighted round robin task scheduler started	{"logging-call-at": "/home/ubuntu/temporal-investigation-20260909/overnight-20260909/specula-engine/runs/temporal-update-20260909-restart-1600/temporal-update/.specula-output/confirmation/CR-1/worktree/common/tasks/interleaved_weighted_round_robin.go:116"}
2026-09-09T20:29:03.774Z	info	Starting to serve on matching listener	{"service": "matching", "logging-call-at": "/home/ubuntu/temporal-investigation-20260909/overnight-20260909/specula-engine/runs/temporal-update-20260909-restart-1600/temporal-update/.specula-output/confirmation/CR-1/worktree/service/matching/service.go:77"}
2026-09-09T20:29:03.775Z	info	Update worker pool size	{"key": "worker-pool-size", "value": 64, "logging-call-at": "/home/ubuntu/temporal-investigation-20260909/overnight-20260909/specula-engine/runs/temporal-update-20260909-restart-1600/temporal-update/.specula-output/confirmation/CR-1/worktree/common/tasks/sequential_scheduler.go:228"}
2026-09-09T20:29:03.775Z	info	sequential scheduler started	{"logging-call-at": "/home/ubuntu/temporal-investigation-20260909/overnight-20260909/specula-engine/runs/temporal-update-20260909-restart-1600/temporal-update/.specula-output/confirmation/CR-1/worktree/common/tasks/sequential_scheduler.go:81"}
2026-09-09T20:29:03.775Z	info	interleaved weighted round robin task scheduler started	{"logging-call-at": "/home/ubuntu/temporal-investigation-20260909/overnight-20260909/specula-engine/runs/temporal-update-20260909-restart-1600/temporal-update/.specula-output/confirmation/CR-1/worktree/common/tasks/interleaved_weighted_round_robin.go:116"}
2026-09-09T20:29:03.775Z	info	Update worker pool size	{"key": "worker-pool-size", "service": "history", "value": 64, "logging-call-at": "/home/ubuntu/temporal-investigation-20260909/overnight-20260909/specula-engine/runs/temporal-update-20260909-restart-1600/temporal-update/.specula-output/confirmation/CR-1/worktree/common/tasks/fifo_scheduler.go:138"}
2026-09-09T20:29:03.775Z	info	fifo scheduler started	{"service": "history", "logging-call-at": "/home/ubuntu/temporal-investigation-20260909/overnight-20260909/specula-engine/runs/temporal-update-20260909-restart-1600/temporal-update/.specula-output/confirmation/CR-1/worktree/common/tasks/fifo_scheduler.go:68"}
2026-09-09T20:29:03.775Z	info	execution queue scheduler started	{"service": "history", "logging-call-at": "/home/ubuntu/temporal-investigation-20260909/overnight-20260909/specula-engine/runs/temporal-update-20260909-restart-1600/temporal-update/.specula-output/confirmation/CR-1/worktree/common/tasks/execution_queue_scheduler.go:93"}
2026-09-09T20:29:03.775Z	info	interleaved weighted round robin task scheduler started	{"service": "history", "logging-call-at": "/home/ubuntu/temporal-investigation-20260909/overnight-20260909/specula-engine/runs/temporal-update-20260909-restart-1600/temporal-update/.specula-output/confirmation/CR-1/worktree/common/tasks/interleaved_weighted_round_robin.go:116"}
2026-09-09T20:29:03.775Z	info	Update worker pool size	{"key": "worker-pool-size", "service": "history", "value": 64, "logging-call-at": "/home/ubuntu/temporal-investigation-20260909/overnight-20260909/specula-engine/runs/temporal-update-20260909-restart-1600/temporal-update/.specula-output/confirmation/CR-1/worktree/common/tasks/fifo_scheduler.go:138"}
2026-09-09T20:29:03.775Z	info	fifo scheduler started	{"service": "history", "logging-call-at": "/home/ubuntu/temporal-investigation-20260909/overnight-20260909/specula-engine/runs/temporal-update-20260909-restart-1600/temporal-update/.specula-output/confirmation/CR-1/worktree/common/tasks/fifo_scheduler.go:68"}
2026-09-09T20:29:03.775Z	info	execution queue scheduler started	{"service": "history", "logging-call-at": "/home/ubuntu/temporal-investigation-20260909/overnight-20260909/specula-engine/runs/temporal-update-20260909-restart-1600/temporal-update/.specula-output/confirmation/CR-1/worktree/common/tasks/execution_queue_scheduler.go:93"}
2026-09-09T20:29:03.775Z	info	interleaved weighted round robin task scheduler started	{"service": "history", "logging-call-at": "/home/ubuntu/temporal-investigation-20260909/overnight-20260909/specula-engine/runs/temporal-update-20260909-restart-1600/temporal-update/.specula-output/confirmation/CR-1/worktree/common/tasks/interleaved_weighted_round_robin.go:116"}
2026-09-09T20:29:03.775Z	info	Update worker pool size	{"key": "worker-pool-size", "service": "history", "value": 64, "logging-call-at": "/home/ubuntu/temporal-investigation-20260909/overnight-20260909/specula-engine/runs/temporal-update-20260909-restart-1600/temporal-update/.specula-output/confirmation/CR-1/worktree/common/tasks/fifo_scheduler.go:138"}
2026-09-09T20:29:03.775Z	info	fifo scheduler started	{"service": "history", "logging-call-at": "/home/ubuntu/temporal-investigation-20260909/overnight-20260909/specula-engine/runs/temporal-update-20260909-restart-1600/temporal-update/.specula-output/confirmation/CR-1/worktree/common/tasks/fifo_scheduler.go:68"}
2026-09-09T20:29:03.775Z	info	execution queue scheduler started	{"service": "history", "logging-call-at": "/home/ubuntu/temporal-investigation-20260909/overnight-20260909/specula-engine/runs/temporal-update-20260909-restart-1600/temporal-update/.specula-output/confirmation/CR-1/worktree/common/tasks/execution_queue_scheduler.go:93"}
2026-09-09T20:29:03.775Z	info	interleaved weighted round robin task scheduler started	{"service": "history", "logging-call-at": "/home/ubuntu/temporal-investigation-20260909/overnight-20260909/specula-engine/runs/temporal-update-20260909-restart-1600/temporal-update/.specula-output/confirmation/CR-1/worktree/common/tasks/interleaved_weighted_round_robin.go:116"}
2026-09-09T20:29:03.775Z	info	Update worker pool size	{"component": "memory-scheduled-queue-processor", "key": "worker-pool-size", "service": "history", "value": 64, "logging-call-at": "/home/ubuntu/temporal-investigation-20260909/overnight-20260909/specula-engine/runs/temporal-update-20260909-restart-1600/temporal-update/.specula-output/confirmation/CR-1/worktree/common/tasks/fifo_scheduler.go:138"}
2026-09-09T20:29:03.775Z	info	fifo scheduler started	{"component": "memory-scheduled-queue-processor", "service": "history", "logging-call-at": "/home/ubuntu/temporal-investigation-20260909/overnight-20260909/specula-engine/runs/temporal-update-20260909-restart-1600/temporal-update/.specula-output/confirmation/CR-1/worktree/common/tasks/fifo_scheduler.go:68"}
2026-09-09T20:29:03.776Z	info	Watch not supported by persistence, namespace registry will use polling	{"service": "history", "logging-call-at": "/home/ubuntu/temporal-investigation-20260909/overnight-20260909/specula-engine/runs/temporal-update-20260909-restart-1600/temporal-update/.specula-output/confirmation/CR-1/worktree/common/namespace/nsregistry/registry.go:234"}
2026-09-09T20:29:03.777Z	info	RuntimeMetricsReporter started	{"service": "history", "logging-call-at": "/home/ubuntu/temporal-investigation-20260909/overnight-20260909/specula-engine/runs/temporal-update-20260909-restart-1600/temporal-update/.specula-output/confirmation/CR-1/worktree/common/metrics/runtime.go:121"}
2026-09-09T20:29:03.777Z	info	history starting	{"logging-call-at": "/home/ubuntu/temporal-investigation-20260909/overnight-20260909/specula-engine/runs/temporal-update-20260909-restart-1600/temporal-update/.specula-output/confirmation/CR-1/worktree/service/history/service.go:69"}
2026-09-09T20:29:03.777Z	info	Replication task fetchers started.	{"logging-call-at": "/home/ubuntu/temporal-investigation-20260909/overnight-20260909/specula-engine/runs/temporal-update-20260909-restart-1600/temporal-update/.specula-output/confirmation/CR-1/worktree/service/history/replication/task_fetcher.go:117"}
2026-09-09T20:29:03.777Z	info	StreamReceiverMonitor started.	{"logging-call-at": "/home/ubuntu/temporal-investigation-20260909/overnight-20260909/specula-engine/runs/temporal-update-20260909-restart-1600/temporal-update/.specula-output/confirmation/CR-1/worktree/service/history/replication/stream_receiver_monitor.go:87"}
2026-09-09T20:29:03.777Z	info	none	{"address": "127.0.0.1:38411", "component": "shard-controller", "lifecycle": "Started", "logging-call-at": "/home/ubuntu/temporal-investigation-20260909/overnight-20260909/specula-engine/runs/temporal-update-20260909-restart-1600/temporal-update/.specula-output/confirmation/CR-1/worktree/service/history/shard/controller_impl.go:112"}
2026-09-09T20:29:03.777Z	info	Starting to serve on history listener	{"logging-call-at": "/home/ubuntu/temporal-investigation-20260909/overnight-20260909/specula-engine/runs/temporal-update-20260909-restart-1600/temporal-update/.specula-output/confirmation/CR-1/worktree/service/history/service.go:95"}
2026-09-09T20:29:03.777Z	info	none	{"address": "127.0.0.1:38411", "component": "shard-controller", "number-changed": 0, "number-deleted": 0, "number-processed": 1, "shard-update": "RingMembershipChangedEvent", "logging-call-at": "/home/ubuntu/temporal-investigation-20260909/overnight-20260909/specula-engine/runs/temporal-update-20260909-restart-1600/temporal-update/.specula-output/confirmation/CR-1/worktree/service/history/shard/ownership.go:92"}
2026-09-09T20:29:03.778Z	info	none	{"address": "127.0.0.1:38411", "component": "shard-context", "lifecycle": "Started", "shard-id": 2, "logging-call-at": "/home/ubuntu/temporal-investigation-20260909/overnight-20260909/specula-engine/runs/temporal-update-20260909-restart-1600/temporal-update/.specula-output/confirmation/CR-1/worktree/service/history/shard/context_impl.go:1721"}
2026-09-09T20:29:03.778Z	info	none	{"address": "127.0.0.1:38411", "component": "shard-controller", "numShards": 1, "logging-call-at": "/home/ubuntu/temporal-investigation-20260909/overnight-20260909/specula-engine/runs/temporal-update-20260909-restart-1600/temporal-update/.specula-output/confirmation/CR-1/worktree/service/history/shard/controller_impl.go:265"}
2026-09-09T20:29:03.778Z	info	none	{"address": "127.0.0.1:38411", "component": "shard-context", "lifecycle": "Started", "shard-id": 3, "logging-call-at": "/home/ubuntu/temporal-investigation-20260909/overnight-20260909/specula-engine/runs/temporal-update-20260909-restart-1600/temporal-update/.specula-output/confirmation/CR-1/worktree/service/history/shard/context_impl.go:1721"}
2026-09-09T20:29:03.778Z	info	none	{"address": "127.0.0.1:38411", "component": "shard-controller", "numShards": 2, "logging-call-at": "/home/ubuntu/temporal-investigation-20260909/overnight-20260909/specula-engine/runs/temporal-update-20260909-restart-1600/temporal-update/.specula-output/confirmation/CR-1/worktree/service/history/shard/controller_impl.go:265"}
2026-09-09T20:29:03.778Z	info	none	{"address": "127.0.0.1:38411", "component": "shard-context", "lifecycle": "Started", "shard-id": 4, "logging-call-at": "/home/ubuntu/temporal-investigation-20260909/overnight-20260909/specula-engine/runs/temporal-update-20260909-restart-1600/temporal-update/.specula-output/confirmation/CR-1/worktree/service/history/shard/context_impl.go:1721"}
2026-09-09T20:29:03.778Z	info	none	{"address": "127.0.0.1:38411", "component": "shard-controller", "numShards": 3, "logging-call-at": "/home/ubuntu/temporal-investigation-20260909/overnight-20260909/specula-engine/runs/temporal-update-20260909-restart-1600/temporal-update/.specula-output/confirmation/CR-1/worktree/service/history/shard/controller_impl.go:265"}
2026-09-09T20:29:03.778Z	info	Watch not supported by persistence, namespace registry will use polling	{"service": "frontend", "logging-call-at": "/home/ubuntu/temporal-investigation-20260909/overnight-20260909/specula-engine/runs/temporal-update-20260909-restart-1600/temporal-update/.specula-output/confirmation/CR-1/worktree/common/namespace/nsregistry/registry.go:234"}
2026-09-09T20:29:03.778Z	info	none	{"address": "127.0.0.1:38411", "component": "shard-context", "lifecycle": "Started", "shard-id": 1, "logging-call-at": "/home/ubuntu/temporal-investigation-20260909/overnight-20260909/specula-engine/runs/temporal-update-20260909-restart-1600/temporal-update/.specula-output/confirmation/CR-1/worktree/service/history/shard/context_impl.go:1721"}
2026-09-09T20:29:03.778Z	info	none	{"address": "127.0.0.1:38411", "component": "shard-controller", "numShards": 4, "logging-call-at": "/home/ubuntu/temporal-investigation-20260909/overnight-20260909/specula-engine/runs/temporal-update-20260909-restart-1600/temporal-update/.specula-output/confirmation/CR-1/worktree/service/history/shard/controller_impl.go:265"}
2026-09-09T20:29:03.778Z	info	Range updated for shardID	{"address": "127.0.0.1:38411", "previous-shard-range-id": 0, "shard-id": 1, "shard-range-id": 1, "logging-call-at": "/home/ubuntu/temporal-investigation-20260909/overnight-20260909/specula-engine/runs/temporal-update-20260909-restart-1600/temporal-update/.specula-output/confirmation/CR-1/worktree/service/history/shard/context_impl.go:1199"}
2026-09-09T20:29:03.778Z	info	Task key range updated	{"address": "127.0.0.1:38411", "next-number": 2097152, "number": 1048576, "shard-id": 1, "logging-call-at": "/home/ubuntu/temporal-investigation-20260909/overnight-20260909/specula-engine/runs/temporal-update-20260909-restart-1600/temporal-update/.specula-output/confirmation/CR-1/worktree/service/history/shard/task_key_generator.go:155"}
2026-09-09T20:29:03.778Z	info	Acquired shard	{"address": "127.0.0.1:38411", "shard-id": 1, "logging-call-at": "/home/ubuntu/temporal-investigation-20260909/overnight-20260909/specula-engine/runs/temporal-update-20260909-restart-1600/temporal-update/.specula-output/confirmation/CR-1/worktree/service/history/shard/context_impl.go:2084"}
2026-09-09T20:29:03.779Z	info	none	{"address": "127.0.0.1:38411", "component": "shard-engine", "lifecycle": "Starting", "shard-id": 1, "logging-call-at": "/home/ubuntu/temporal-investigation-20260909/overnight-20260909/specula-engine/runs/temporal-update-20260909-restart-1600/temporal-update/.specula-output/confirmation/CR-1/worktree/service/history/shard/context_impl.go:1562"}
2026-09-09T20:29:03.779Z	info	RuntimeMetricsReporter started	{"service": "frontend", "logging-call-at": "/home/ubuntu/temporal-investigation-20260909/overnight-20260909/specula-engine/runs/temporal-update-20260909-restart-1600/temporal-update/.specula-output/confirmation/CR-1/worktree/common/metrics/runtime.go:121"}
2026-09-09T20:29:03.779Z	info	frontend starting	{"service": "frontend", "logging-call-at": "/home/ubuntu/temporal-investigation-20260909/overnight-20260909/specula-engine/runs/temporal-update-20260909-restart-1600/temporal-update/.specula-output/confirmation/CR-1/worktree/service/frontend/service.go:515"}
2026-09-09T20:29:03.779Z	info	Range updated for shardID	{"address": "127.0.0.1:38411", "previous-shard-range-id": 0, "shard-id": 2, "shard-range-id": 1, "logging-call-at": "/home/ubuntu/temporal-investigation-20260909/overnight-20260909/specula-engine/runs/temporal-update-20260909-restart-1600/temporal-update/.specula-output/confirmation/CR-1/worktree/service/history/shard/context_impl.go:1199"}
2026-09-09T20:29:03.779Z	info	none	{"address": "127.0.0.1:38411", "component": "history-engine", "lifecycle": "Starting", "shard-id": 1, "logging-call-at": "/home/ubuntu/temporal-investigation-20260909/overnight-20260909/specula-engine/runs/temporal-update-20260909-restart-1600/temporal-update/.specula-output/confirmation/CR-1/worktree/service/history/history_engine.go:386"}
2026-09-09T20:29:03.779Z	info	none	{"component": "memory-scheduled-queue-processor", "lifecycle": "Starting", "service": "history", "logging-call-at": "/home/ubuntu/temporal-investigation-20260909/overnight-20260909/specula-engine/runs/temporal-update-20260909-restart-1600/temporal-update/.specula-output/confirmation/CR-1/worktree/service/history/queues/memory_scheduled_queue.go:81"}
2026-09-09T20:29:03.779Z	info	Task key range updated	{"address": "127.0.0.1:38411", "next-number": 2097152, "number": 1048576, "shard-id": 2, "logging-call-at": "/home/ubuntu/temporal-investigation-20260909/overnight-20260909/specula-engine/runs/temporal-update-20260909-restart-1600/temporal-update/.specula-output/confirmation/CR-1/worktree/service/history/shard/task_key_generator.go:155"}
2026-09-09T20:29:03.779Z	info	Starting to serve on frontend listener	{"service": "frontend", "logging-call-at": "/home/ubuntu/temporal-investigation-20260909/overnight-20260909/specula-engine/runs/temporal-update-20260909-restart-1600/temporal-update/.specula-output/confirmation/CR-1/worktree/service/frontend/service.go:533"}
2026-09-09T20:29:03.779Z	info	Acquired shard	{"address": "127.0.0.1:38411", "shard-id": 2, "logging-call-at": "/home/ubuntu/temporal-investigation-20260909/overnight-20260909/specula-engine/runs/temporal-update-20260909-restart-1600/temporal-update/.specula-output/confirmation/CR-1/worktree/service/history/shard/context_impl.go:2084"}
2026-09-09T20:29:03.779Z	info	none	{"address": "127.0.0.1:38411", "component": "shard-engine", "lifecycle": "Starting", "shard-id": 2, "logging-call-at": "/home/ubuntu/temporal-investigation-20260909/overnight-20260909/specula-engine/runs/temporal-update-20260909-restart-1600/temporal-update/.specula-output/confirmation/CR-1/worktree/service/history/shard/context_impl.go:1562"}
2026-09-09T20:29:03.779Z	info	Range updated for shardID	{"address": "127.0.0.1:38411", "previous-shard-range-id": 0, "shard-id": 3, "shard-range-id": 1, "logging-call-at": "/home/ubuntu/temporal-investigation-20260909/overnight-20260909/specula-engine/runs/temporal-update-20260909-restart-1600/temporal-update/.specula-output/confirmation/CR-1/worktree/service/history/shard/context_impl.go:1199"}
2026-09-09T20:29:03.779Z	info	Frontend is now healthy	{"service": "frontend", "logging-call-at": "/home/ubuntu/temporal-investigation-20260909/overnight-20260909/specula-engine/runs/temporal-update-20260909-restart-1600/temporal-update/.specula-output/confirmation/CR-1/worktree/service/frontend/workflow_handler.go:419"}
2026-09-09T20:29:03.780Z	info	Task key range updated	{"address": "127.0.0.1:38411", "next-number": 2097152, "number": 1048576, "shard-id": 3, "logging-call-at": "/home/ubuntu/temporal-investigation-20260909/overnight-20260909/specula-engine/runs/temporal-update-20260909-restart-1600/temporal-update/.specula-output/confirmation/CR-1/worktree/service/history/shard/task_key_generator.go:155"}
2026-09-09T20:29:03.780Z	info	Acquired shard	{"address": "127.0.0.1:38411", "shard-id": 3, "logging-call-at": "/home/ubuntu/temporal-investigation-20260909/overnight-20260909/specula-engine/runs/temporal-update-20260909-restart-1600/temporal-update/.specula-output/confirmation/CR-1/worktree/service/history/shard/context_impl.go:2084"}
2026-09-09T20:29:03.780Z	info	none	{"address": "127.0.0.1:38411", "component": "shard-engine", "lifecycle": "Starting", "shard-id": 3, "logging-call-at": "/home/ubuntu/temporal-investigation-20260909/overnight-20260909/specula-engine/runs/temporal-update-20260909-restart-1600/temporal-update/.specula-output/confirmation/CR-1/worktree/service/history/shard/context_impl.go:1562"}
2026-09-09T20:29:03.779Z	info	none	{"component": "memory-scheduled-queue-processor", "lifecycle": "Started", "service": "history", "logging-call-at": "/home/ubuntu/temporal-investigation-20260909/overnight-20260909/specula-engine/runs/temporal-update-20260909-restart-1600/temporal-update/.specula-output/confirmation/CR-1/worktree/service/history/queues/memory_scheduled_queue.go:86"}
2026-09-09T20:29:03.780Z	info	Range updated for shardID	{"address": "127.0.0.1:38411", "previous-shard-range-id": 0, "shard-id": 4, "shard-range-id": 1, "logging-call-at": "/home/ubuntu/temporal-investigation-20260909/overnight-20260909/specula-engine/runs/temporal-update-20260909-restart-1600/temporal-update/.specula-output/confirmation/CR-1/worktree/service/history/shard/context_impl.go:1199"}
2026-09-09T20:29:03.780Z	info	none	{"address": "127.0.0.1:38411", "component": "visibility-queue-processor", "lifecycle": "Starting", "shard-id": 1, "logging-call-at": "/home/ubuntu/temporal-investigation-20260909/overnight-20260909/specula-engine/runs/temporal-update-20260909-restart-1600/temporal-update/.specula-output/confirmation/CR-1/worktree/service/history/queues/queue_immediate.go:96"}
2026-09-09T20:29:03.780Z	info	Task key range updated	{"address": "127.0.0.1:38411", "next-number": 2097152, "number": 1048576, "shard-id": 4, "logging-call-at": "/home/ubuntu/temporal-investigation-20260909/overnight-20260909/specula-engine/runs/temporal-update-20260909-restart-1600/temporal-update/.specula-output/confirmation/CR-1/worktree/service/history/shard/task_key_generator.go:155"}
2026-09-09T20:29:03.780Z	info	Task rescheduler started.	{"address": "127.0.0.1:38411", "component": "visibility-queue-processor", "lifecycle": "Started", "shard-id": 1, "logging-call-at": "/home/ubuntu/temporal-investigation-20260909/overnight-20260909/specula-engine/runs/temporal-update-20260909-restart-1600/temporal-update/.specula-output/confirmation/CR-1/worktree/service/history/queues/rescheduler.go:102"}
2026-09-09T20:29:03.780Z	info	none	{"address": "127.0.0.1:38411", "component": "visibility-queue-processor", "lifecycle": "Started", "shard-id": 1, "logging-call-at": "/home/ubuntu/temporal-investigation-20260909/overnight-20260909/specula-engine/runs/temporal-update-20260909-restart-1600/temporal-update/.specula-output/confirmation/CR-1/worktree/service/history/queues/queue_immediate.go:105"}
2026-09-09T20:29:03.780Z	info	none	{"address": "127.0.0.1:38411", "component": "timer-queue-processor", "lifecycle": "Starting", "shard-id": 1, "logging-call-at": "/home/ubuntu/temporal-investigation-20260909/overnight-20260909/specula-engine/runs/temporal-update-20260909-restart-1600/temporal-update/.specula-output/confirmation/CR-1/worktree/service/history/queues/queue_scheduled.go:130"}
2026-09-09T20:29:03.780Z	info	Task rescheduler started.	{"address": "127.0.0.1:38411", "component": "timer-queue-processor", "lifecycle": "Started", "shard-id": 1, "logging-call-at": "/home/ubuntu/temporal-investigation-20260909/overnight-20260909/specula-engine/runs/temporal-update-20260909-restart-1600/temporal-update/.specula-output/confirmation/CR-1/worktree/service/history/queues/rescheduler.go:102"}
2026-09-09T20:29:03.780Z	info	none	{"address": "127.0.0.1:38411", "component": "timer-queue-processor", "lifecycle": "Started", "shard-id": 1, "logging-call-at": "/home/ubuntu/temporal-investigation-20260909/overnight-20260909/specula-engine/runs/temporal-update-20260909-restart-1600/temporal-update/.specula-output/confirmation/CR-1/worktree/service/history/queues/queue_scheduled.go:139"}
2026-09-09T20:29:03.780Z	info	Acquired shard	{"address": "127.0.0.1:38411", "shard-id": 4, "logging-call-at": "/home/ubuntu/temporal-investigation-20260909/overnight-20260909/specula-engine/runs/temporal-update-20260909-restart-1600/temporal-update/.specula-output/confirmation/CR-1/worktree/service/history/shard/context_impl.go:2084"}
2026-09-09T20:29:03.780Z	info	none	{"address": "127.0.0.1:38411", "component": "shard-engine", "lifecycle": "Starting", "shard-id": 4, "logging-call-at": "/home/ubuntu/temporal-investigation-20260909/overnight-20260909/specula-engine/runs/temporal-update-20260909-restart-1600/temporal-update/.specula-output/confirmation/CR-1/worktree/service/history/shard/context_impl.go:1562"}
2026-09-09T20:29:03.780Z	info	none	{"address": "127.0.0.1:38411", "component": "history-engine", "lifecycle": "Starting", "shard-id": 2, "logging-call-at": "/home/ubuntu/temporal-investigation-20260909/overnight-20260909/specula-engine/runs/temporal-update-20260909-restart-1600/temporal-update/.specula-output/confirmation/CR-1/worktree/service/history/history_engine.go:386"}
2026-09-09T20:29:03.780Z	info	none	{"address": "127.0.0.1:38411", "component": "outbound-queue-processor", "lifecycle": "Starting", "shard-id": 1, "logging-call-at": "/home/ubuntu/temporal-investigation-20260909/overnight-20260909/specula-engine/runs/temporal-update-20260909-restart-1600/temporal-update/.specula-output/confirmation/CR-1/worktree/service/history/queues/queue_immediate.go:96"}
2026-09-09T20:29:03.780Z	info	none	{"address": "127.0.0.1:38411", "component": "timer-queue-processor", "lifecycle": "Starting", "shard-id": 2, "logging-call-at": "/home/ubuntu/temporal-investigation-20260909/overnight-20260909/specula-engine/runs/temporal-update-20260909-restart-1600/temporal-update/.specula-output/confirmation/CR-1/worktree/service/history/queues/queue_scheduled.go:130"}
2026-09-09T20:29:03.780Z	info	queue reader started	{"address": "127.0.0.1:38411", "component": "visibility-queue-processor", "lifecycle": "Started", "queue-reader-id": 0, "shard-id": 1, "logging-call-at": "/home/ubuntu/temporal-investigation-20260909/overnight-20260909/specula-engine/runs/temporal-update-20260909-restart-1600/temporal-update/.specula-output/confirmation/CR-1/worktree/service/history/queues/reader.go:158"}
2026-09-09T20:29:03.780Z	info	Task rescheduler started.	{"address": "127.0.0.1:38411", "component": "timer-queue-processor", "lifecycle": "Started", "shard-id": 2, "logging-call-at": "/home/ubuntu/temporal-investigation-20260909/overnight-20260909/specula-engine/runs/temporal-update-20260909-restart-1600/temporal-update/.specula-output/confirmation/CR-1/worktree/service/history/queues/rescheduler.go:102"}
2026-09-09T20:29:03.780Z	info	Task rescheduler started.	{"address": "127.0.0.1:38411", "component": "outbound-queue-processor", "lifecycle": "Started", "shard-id": 1, "logging-call-at": "/home/ubuntu/temporal-investigation-20260909/overnight-20260909/specula-engine/runs/temporal-update-20260909-restart-1600/temporal-update/.specula-output/confirmation/CR-1/worktree/service/history/queues/rescheduler.go:102"}
2026-09-09T20:29:03.780Z	info	queue reader started	{"address": "127.0.0.1:38411", "component": "timer-queue-processor", "lifecycle": "Started", "queue-reader-id": 0, "shard-id": 1, "logging-call-at": "/home/ubuntu/temporal-investigation-20260909/overnight-20260909/specula-engine/runs/temporal-update-20260909-restart-1600/temporal-update/.specula-output/confirmation/CR-1/worktree/service/history/queues/reader.go:158"}
2026-09-09T20:29:03.780Z	info	none	{"address": "127.0.0.1:38411", "component": "history-engine", "lifecycle": "Starting", "shard-id": 4, "logging-call-at": "/home/ubuntu/temporal-investigation-20260909/overnight-20260909/specula-engine/runs/temporal-update-20260909-restart-1600/temporal-update/.specula-output/confirmation/CR-1/worktree/service/history/history_engine.go:386"}
2026-09-09T20:29:03.780Z	info	none	{"address": "127.0.0.1:38411", "component": "timer-queue-processor", "lifecycle": "Started", "shard-id": 2, "logging-call-at": "/home/ubuntu/temporal-investigation-20260909/overnight-20260909/specula-engine/runs/temporal-update-20260909-restart-1600/temporal-update/.specula-output/confirmation/CR-1/worktree/service/history/queues/queue_scheduled.go:139"}
2026-09-09T20:29:03.780Z	info	none	{"address": "127.0.0.1:38411", "component": "history-engine", "lifecycle": "Starting", "shard-id": 3, "logging-call-at": "/home/ubuntu/temporal-investigation-20260909/overnight-20260909/specula-engine/runs/temporal-update-20260909-restart-1600/temporal-update/.specula-output/confirmation/CR-1/worktree/service/history/history_engine.go:386"}
2026-09-09T20:29:03.780Z	info	none	{"address": "127.0.0.1:38411", "component": "outbound-queue-processor", "lifecycle": "Starting", "shard-id": 2, "logging-call-at": "/home/ubuntu/temporal-investigation-20260909/overnight-20260909/specula-engine/runs/temporal-update-20260909-restart-1600/temporal-update/.specula-output/confirmation/CR-1/worktree/service/history/queues/queue_immediate.go:96"}
2026-09-09T20:29:03.780Z	info	none	{"address": "127.0.0.1:38411", "component": "outbound-queue-processor", "lifecycle": "Started", "shard-id": 1, "logging-call-at": "/home/ubuntu/temporal-investigation-20260909/overnight-20260909/specula-engine/runs/temporal-update-20260909-restart-1600/temporal-update/.specula-output/confirmation/CR-1/worktree/service/history/queues/queue_immediate.go:105"}
2026-09-09T20:29:03.780Z	error	Queue reader unable to retrieve tasks	{"address": "127.0.0.1:38411", "component": "visibility-queue-processor", "error": "shard status unknown", "queue-reader-id": 0, "shard-id": 1, "logging-call-at": "/home/ubuntu/temporal-investigation-20260909/overnight-20260909/specula-engine/runs/temporal-update-20260909-restart-1600/temporal-update/.specula-output/confirmation/CR-1/worktree/service/history/queues/reader.go:457"}
go.temporal.io/server/common/log.(*zapLogger).Error
	/home/ubuntu/temporal-investigation-20260909/overnight-20260909/specula-engine/runs/temporal-update-20260909-restart-1600/temporal-update/.specula-output/confirmation/CR-1/worktree/common/log/zap_logger.go:191
go.temporal.io/server/common/testing/testlogger.(*TestLogger).Error
	/home/ubuntu/temporal-investigation-20260909/overnight-20260909/specula-engine/runs/temporal-update-20260909-restart-1600/temporal-update/.specula-output/confirmation/CR-1/worktree/common/testing/testlogger/testlogger.go:543
go.temporal.io/server/service/history/queues.(*ReaderImpl).loadAndSubmitTasks
	/home/ubuntu/temporal-investigation-20260909/overnight-20260909/specula-engine/runs/temporal-update-20260909-restart-1600/temporal-update/.specula-output/confirmation/CR-1/worktree/service/history/queues/reader.go:457
go.temporal.io/server/service/history/queues.(*ReaderImpl).eventLoop
	/home/ubuntu/temporal-investigation-20260909/overnight-20260909/specula-engine/runs/temporal-update-20260909-restart-1600/temporal-update/.specula-output/confirmation/CR-1/worktree/service/history/queues/reader.go:422
2026-09-09T20:29:03.780Z	info	Task rescheduler started.	{"address": "127.0.0.1:38411", "component": "outbound-queue-processor", "lifecycle": "Started", "shard-id": 2, "logging-call-at": "/home/ubuntu/temporal-investigation-20260909/overnight-20260909/specula-engine/runs/temporal-update-20260909-restart-1600/temporal-update/.specula-output/confirmation/CR-1/worktree/service/history/queues/rescheduler.go:102"}
2026-09-09T20:29:03.780Z	info	none	{"address": "127.0.0.1:38411", "component": "outbound-queue-processor", "lifecycle": "Started", "shard-id": 2, "logging-call-at": "/home/ubuntu/temporal-investigation-20260909/overnight-20260909/specula-engine/runs/temporal-update-20260909-restart-1600/temporal-update/.specula-output/confirmation/CR-1/worktree/service/history/queues/queue_immediate.go:105"}
2026-09-09T20:29:03.780Z	info	none	{"address": "127.0.0.1:38411", "component": "transfer-queue-processor", "lifecycle": "Starting", "shard-id": 2, "logging-call-at": "/home/ubuntu/temporal-investigation-20260909/overnight-20260909/specula-engine/runs/temporal-update-20260909-restart-1600/temporal-update/.specula-output/confirmation/CR-1/worktree/service/history/queues/queue_immediate.go:96"}
2026-09-09T20:29:03.780Z	info	Task rescheduler started.	{"address": "127.0.0.1:38411", "component": "transfer-queue-processor", "lifecycle": "Started", "shard-id": 2, "logging-call-at": "/home/ubuntu/temporal-investigation-20260909/overnight-20260909/specula-engine/runs/temporal-update-20260909-restart-1600/temporal-update/.specula-output/confirmation/CR-1/worktree/service/history/queues/rescheduler.go:102"}
2026-09-09T20:29:03.780Z	info	none	{"address": "127.0.0.1:38411", "component": "transfer-queue-processor", "lifecycle": "Started", "shard-id": 2, "logging-call-at": "/home/ubuntu/temporal-investigation-20260909/overnight-20260909/specula-engine/runs/temporal-update-20260909-restart-1600/temporal-update/.specula-output/confirmation/CR-1/worktree/service/history/queues/queue_immediate.go:105"}
2026-09-09T20:29:03.780Z	error	Queue reader unable to retrieve tasks	{"address": "127.0.0.1:38411", "component": "timer-queue-processor", "error": "shard status unknown", "queue-reader-id": 0, "shard-id": 2, "logging-call-at": "/home/ubuntu/temporal-investigation-20260909/overnight-20260909/specula-engine/runs/temporal-update-20260909-restart-1600/temporal-update/.specula-output/confirmation/CR-1/worktree/service/history/queues/reader.go:457"}
go.temporal.io/server/common/log.(*zapLogger).Error
	/home/ubuntu/temporal-investigation-20260909/overnight-20260909/specula-engine/runs/temporal-update-20260909-restart-1600/temporal-update/.specula-output/confirmation/CR-1/worktree/common/log/zap_logger.go:191
go.temporal.io/server/common/testing/testlogger.(*TestLogger).Error
	/home/ubuntu/temporal-investigation-20260909/overnight-20260909/specula-engine/runs/temporal-update-20260909-restart-1600/temporal-update/.specula-output/confirmation/CR-1/worktree/common/testing/testlogger/testlogger.go:543
go.temporal.io/server/service/history/queues.(*ReaderImpl).loadAndSubmitTasks
	/home/ubuntu/temporal-investigation-20260909/overnight-20260909/specula-engine/runs/temporal-update-20260909-restart-1600/temporal-update/.specula-output/confirmation/CR-1/worktree/service/history/queues/reader.go:457
go.temporal.io/server/service/history/queues.(*ReaderImpl).eventLoop
	/home/ubuntu/temporal-investigation-20260909/overnight-20260909/specula-engine/runs/temporal-update-20260909-restart-1600/temporal-update/.specula-output/confirmation/CR-1/worktree/service/history/queues/reader.go:422
2026-09-09T20:29:03.780Z	info	queue reader started	{"address": "127.0.0.1:38411", "component": "timer-queue-processor", "lifecycle": "Started", "queue-reader-id": 0, "shard-id": 2, "logging-call-at": "/home/ubuntu/temporal-investigation-20260909/overnight-20260909/specula-engine/runs/temporal-update-20260909-restart-1600/temporal-update/.specula-output/confirmation/CR-1/worktree/service/history/queues/reader.go:158"}
2026-09-09T20:29:03.780Z	info	none	{"component": "memory-scheduled-queue-processor", "lifecycle": "Starting", "service": "history", "logging-call-at": "/home/ubuntu/temporal-investigation-20260909/overnight-20260909/specula-engine/runs/temporal-update-20260909-restart-1600/temporal-update/.specula-output/confirmation/CR-1/worktree/service/history/queues/memory_scheduled_queue.go:81"}
2026-09-09T20:29:03.780Z	info	none	{"address": "127.0.0.1:38411", "component": "visibility-queue-processor", "lifecycle": "Starting", "shard-id": 3, "logging-call-at": "/home/ubuntu/temporal-investigation-20260909/overnight-20260909/specula-engine/runs/temporal-update-20260909-restart-1600/temporal-update/.specula-output/confirmation/CR-1/worktree/service/history/queues/queue_immediate.go:96"}
2026-09-09T20:29:03.780Z	error	Queue reader unable to retrieve tasks	{"address": "127.0.0.1:38411", "component": "transfer-queue-processor", "error": "shard status unknown", "queue-reader-id": 0, "shard-id": 2, "logging-call-at": "/home/ubuntu/temporal-investigation-20260909/overnight-20260909/specula-engine/runs/temporal-update-20260909-restart-1600/temporal-update/.specula-output/confirmation/CR-1/worktree/service/history/queues/reader.go:457"}
go.temporal.io/server/common/log.(*zapLogger).Error
	/home/ubuntu/temporal-investigation-20260909/overnight-20260909/specula-engine/runs/temporal-update-20260909-restart-1600/temporal-update/.specula-output/confirmation/CR-1/worktree/common/log/zap_logger.go:191
go.temporal.io/server/common/testing/testlogger.(*TestLogger).Error
	/home/ubuntu/temporal-investigation-20260909/overnight-20260909/specula-engine/runs/temporal-update-20260909-restart-1600/temporal-update/.specula-output/confirmation/CR-1/worktree/common/testing/testlogger/testlogger.go:543
go.temporal.io/server/service/history/queues.(*ReaderImpl).loadAndSubmitTasks
	/home/ubuntu/temporal-investigation-20260909/overnight-20260909/specula-engine/runs/temporal-update-20260909-restart-1600/temporal-update/.specula-output/confirmation/CR-1/worktree/service/history/queues/reader.go:457
go.temporal.io/server/service/history/queues.(*ReaderImpl).eventLoop
	/home/ubuntu/temporal-investigation-20260909/overnight-20260909/specula-engine/runs/temporal-update-20260909-restart-1600/temporal-update/.specula-output/confirmation/CR-1/worktree/service/history/queues/reader.go:422
2026-09-09T20:29:03.780Z	info	none	{"address": "127.0.0.1:38411", "component": "visibility-queue-processor", "lifecycle": "Starting", "shard-id": 4, "logging-call-at": "/home/ubuntu/temporal-investigation-20260909/overnight-20260909/specula-engine/runs/temporal-update-20260909-restart-1600/temporal-update/.specula-output/confirmation/CR-1/worktree/service/history/queues/queue_immediate.go:96"}
2026-09-09T20:29:03.780Z	info	queue reader started	{"address": "127.0.0.1:38411", "component": "outbound-queue-processor", "lifecycle": "Started", "queue-reader-id": 0, "shard-id": 2, "logging-call-at": "/home/ubuntu/temporal-investigation-20260909/overnight-20260909/specula-engine/runs/temporal-update-20260909-restart-1600/temporal-update/.specula-output/confirmation/CR-1/worktree/service/history/queues/reader.go:158"}
2026-09-09T20:29:03.780Z	info	Task rescheduler started.	{"address": "127.0.0.1:38411", "component": "visibility-queue-processor", "lifecycle": "Started", "shard-id": 3, "logging-call-at": "/home/ubuntu/temporal-investigation-20260909/overnight-20260909/specula-engine/runs/temporal-update-20260909-restart-1600/temporal-update/.specula-output/confirmation/CR-1/worktree/service/history/queues/rescheduler.go:102"}
2026-09-09T20:29:03.780Z	info	Task rescheduler started.	{"address": "127.0.0.1:38411", "component": "visibility-queue-processor", "lifecycle": "Started", "shard-id": 4, "logging-call-at": "/home/ubuntu/temporal-investigation-20260909/overnight-20260909/specula-engine/runs/temporal-update-20260909-restart-1600/temporal-update/.specula-output/confirmation/CR-1/worktree/service/history/queues/rescheduler.go:102"}
2026-09-09T20:29:03.780Z	info	none	{"address": "127.0.0.1:38411", "component": "visibility-queue-processor", "lifecycle": "Started", "shard-id": 3, "logging-call-at": "/home/ubuntu/temporal-investigation-20260909/overnight-20260909/specula-engine/runs/temporal-update-20260909-restart-1600/temporal-update/.specula-output/confirmation/CR-1/worktree/service/history/queues/queue_immediate.go:105"}
2026-09-09T20:29:03.780Z	info	none	{"address": "127.0.0.1:38411", "component": "timer-queue-processor", "lifecycle": "Starting", "shard-id": 3, "logging-call-at": "/home/ubuntu/temporal-investigation-20260909/overnight-20260909/specula-engine/runs/temporal-update-20260909-restart-1600/temporal-update/.specula-output/confirmation/CR-1/worktree/service/history/queues/queue_scheduled.go:130"}
2026-09-09T20:29:03.780Z	info	Task rescheduler started.	{"address": "127.0.0.1:38411", "component": "timer-queue-processor", "lifecycle": "Started", "shard-id": 3, "logging-call-at": "/home/ubuntu/temporal-investigation-20260909/overnight-20260909/specula-engine/runs/temporal-update-20260909-restart-1600/temporal-update/.specula-output/confirmation/CR-1/worktree/service/history/queues/rescheduler.go:102"}
2026-09-09T20:29:03.780Z	error	Queue reader unable to retrieve tasks	{"address": "127.0.0.1:38411", "component": "outbound-queue-processor", "error": "shard status unknown", "queue-reader-id": 0, "shard-id": 1, "logging-call-at": "/home/ubuntu/temporal-investigation-20260909/overnight-20260909/specula-engine/runs/temporal-update-20260909-restart-1600/temporal-update/.specula-output/confirmation/CR-1/worktree/service/history/queues/reader.go:457"}
go.temporal.io/server/common/log.(*zapLogger).Error
	/home/ubuntu/temporal-investigation-20260909/overnight-20260909/specula-engine/runs/temporal-update-20260909-restart-1600/temporal-update/.specula-output/confirmation/CR-1/worktree/common/log/zap_logger.go:191
go.temporal.io/server/common/testing/testlogger.(*TestLogger).Error
	/home/ubuntu/temporal-investigation-20260909/overnight-20260909/specula-engine/runs/temporal-update-20260909-restart-1600/temporal-update/.specula-output/confirmation/CR-1/worktree/common/testing/testlogger/testlogger.go:543
go.temporal.io/server/service/history/queues.(*ReaderImpl).loadAndSubmitTasks
	/home/ubuntu/temporal-investigation-20260909/overnight-20260909/specula-engine/runs/temporal-update-20260909-restart-1600/temporal-update/.specula-output/confirmation/CR-1/worktree/service/history/queues/reader.go:457
go.temporal.io/server/service/history/queues.(*ReaderImpl).eventLoop
	/home/ubuntu/temporal-investigation-20260909/overnight-20260909/specula-engine/runs/temporal-update-20260909-restart-1600/temporal-update/.specula-output/confirmation/CR-1/worktree/service/history/queues/reader.go:422
2026-09-09T20:29:03.780Z	info	queue reader started	{"address": "127.0.0.1:38411", "component": "visibility-queue-processor", "lifecycle": "Started", "queue-reader-id": 0, "shard-id": 4, "logging-call-at": "/home/ubuntu/temporal-investigation-20260909/overnight-20260909/specula-engine/runs/temporal-update-20260909-restart-1600/temporal-update/.specula-output/confirmation/CR-1/worktree/service/history/queues/reader.go:158"}
2026-09-09T20:29:03.780Z	info	queue reader started	{"address": "127.0.0.1:38411", "component": "visibility-queue-processor", "lifecycle": "Started", "queue-reader-id": 0, "shard-id": 3, "logging-call-at": "/home/ubuntu/temporal-investigation-20260909/overnight-20260909/specula-engine/runs/temporal-update-20260909-restart-1600/temporal-update/.specula-output/confirmation/CR-1/worktree/service/history/queues/reader.go:158"}
2026-09-09T20:29:03.780Z	error	Queue reader unable to retrieve tasks	{"address": "127.0.0.1:38411", "component": "timer-queue-processor", "error": "shard status unknown", "queue-reader-id": 0, "shard-id": 3, "logging-call-at": "/home/ubuntu/temporal-investigation-20260909/overnight-20260909/specula-engine/runs/temporal-update-20260909-restart-1600/temporal-update/.specula-output/confirmation/CR-1/worktree/service/history/queues/reader.go:457"}
go.temporal.io/server/common/log.(*zapLogger).Error
	/home/ubuntu/temporal-investigation-20260909/overnight-20260909/specula-engine/runs/temporal-update-20260909-restart-1600/temporal-update/.specula-output/confirmation/CR-1/worktree/common/log/zap_logger.go:191
go.temporal.io/server/common/testing/testlogger.(*TestLogger).Error
	/home/ubuntu/temporal-investigation-20260909/overnight-20260909/specula-engine/runs/temporal-update-20260909-restart-1600/temporal-update/.specula-output/confirmation/CR-1/worktree/common/testing/testlogger/testlogger.go:543
go.temporal.io/server/service/history/queues.(*ReaderImpl).loadAndSubmitTasks
	/home/ubuntu/temporal-investigation-20260909/overnight-20260909/specula-engine/runs/temporal-update-20260909-restart-1600/temporal-update/.specula-output/confirmation/CR-1/worktree/service/history/queues/reader.go:457
go.temporal.io/server/service/history/queues.(*ReaderImpl).eventLoop
	/home/ubuntu/temporal-investigation-20260909/overnight-20260909/specula-engine/runs/temporal-update-20260909-restart-1600/temporal-update/.specula-output/confirmation/CR-1/worktree/service/history/queues/reader.go:422
2026-09-09T20:29:03.780Z	info	none	{"address": "127.0.0.1:38411", "component": "transfer-queue-processor", "lifecycle": "Starting", "shard-id": 1, "logging-call-at": "/home/ubuntu/temporal-investigation-20260909/overnight-20260909/specula-engine/runs/temporal-update-20260909-restart-1600/temporal-update/.specula-output/confirmation/CR-1/worktree/service/history/queues/queue_immediate.go:96"}
2026-09-09T20:29:03.780Z	info	Task rescheduler started.	{"address": "127.0.0.1:38411", "component": "transfer-queue-processor", "lifecycle": "Started", "shard-id": 1, "logging-call-at": "/home/ubuntu/temporal-investigation-20260909/overnight-20260909/specula-engine/runs/temporal-update-20260909-restart-1600/temporal-update/.specula-output/confirmation/CR-1/worktree/service/history/queues/rescheduler.go:102"}
2026-09-09T20:29:03.780Z	error	Queue reader unable to retrieve tasks	{"address": "127.0.0.1:38411", "component": "visibility-queue-processor", "error": "shard status unknown", "queue-reader-id": 0, "shard-id": 3, "logging-call-at": "/home/ubuntu/temporal-investigation-20260909/overnight-20260909/specula-engine/runs/temporal-update-20260909-restart-1600/temporal-update/.specula-output/confirmation/CR-1/worktree/service/history/queues/reader.go:457"}
go.temporal.io/server/common/log.(*zapLogger).Error
	/home/ubuntu/temporal-investigation-20260909/overnight-20260909/specula-engine/runs/temporal-update-20260909-restart-1600/temporal-update/.specula-output/confirmation/CR-1/worktree/common/log/zap_logger.go:191
go.temporal.io/server/common/testing/testlogger.(*TestLogger).Error
	/home/ubuntu/temporal-investigation-20260909/overnight-20260909/specula-engine/runs/temporal-update-20260909-restart-1600/temporal-update/.specula-output/confirmation/CR-1/worktree/common/testing/testlogger/testlogger.go:543
go.temporal.io/server/service/history/queues.(*ReaderImpl).loadAndSubmitTasks
	/home/ubuntu/temporal-investigation-20260909/overnight-20260909/specula-engine/runs/temporal-update-20260909-restart-1600/temporal-update/.specula-output/confirmation/CR-1/worktree/service/history/queues/reader.go:457
go.temporal.io/server/service/history/queues.(*ReaderImpl).eventLoop
	/home/ubuntu/temporal-investigation-20260909/overnight-20260909/specula-engine/runs/temporal-update-20260909-restart-1600/temporal-update/.specula-output/confirmation/CR-1/worktree/service/history/queues/reader.go:422
2026-09-09T20:29:03.780Z	info	none	{"address": "127.0.0.1:38411", "component": "visibility-queue-processor", "lifecycle": "Started", "shard-id": 4, "logging-call-at": "/home/ubuntu/temporal-investigation-20260909/overnight-20260909/specula-engine/runs/temporal-update-20260909-restart-1600/temporal-update/.specula-output/confirmation/CR-1/worktree/service/history/queues/queue_immediate.go:105"}
2026-09-09T20:29:03.780Z	info	queue reader started	{"address": "127.0.0.1:38411", "component": "transfer-queue-processor", "lifecycle": "Started", "queue-reader-id": 0, "shard-id": 1, "logging-call-at": "/home/ubuntu/temporal-investigation-20260909/overnight-20260909/specula-engine/runs/temporal-update-20260909-restart-1600/temporal-update/.specula-output/confirmation/CR-1/worktree/service/history/queues/reader.go:158"}
2026-09-09T20:29:03.780Z	info	none	{"address": "127.0.0.1:38411", "component": "timer-queue-processor", "lifecycle": "Starting", "shard-id": 4, "logging-call-at": "/home/ubuntu/temporal-investigation-20260909/overnight-20260909/specula-engine/runs/temporal-update-20260909-restart-1600/temporal-update/.specula-output/confirmation/CR-1/worktree/service/history/queues/queue_scheduled.go:130"}
2026-09-09T20:29:03.780Z	info	none	{"address": "127.0.0.1:38411", "component": "timer-queue-processor", "lifecycle": "Started", "shard-id": 3, "logging-call-at": "/home/ubuntu/temporal-investigation-20260909/overnight-20260909/specula-engine/runs/temporal-update-20260909-restart-1600/temporal-update/.specula-output/confirmation/CR-1/worktree/service/history/queues/queue_scheduled.go:139"}
2026-09-09T20:29:03.780Z	error	Queue reader unable to retrieve tasks	{"address": "127.0.0.1:38411", "component": "transfer-queue-processor", "error": "shard status unknown", "queue-reader-id": 0, "shard-id": 1, "logging-call-at": "/home/ubuntu/temporal-investigation-20260909/overnight-20260909/specula-engine/runs/temporal-update-20260909-restart-1600/temporal-update/.specula-output/confirmation/CR-1/worktree/service/history/queues/reader.go:457"}
go.temporal.io/server/common/log.(*zapLogger).Error
	/home/ubuntu/temporal-investigation-20260909/overnight-20260909/specula-engine/runs/temporal-update-20260909-restart-1600/temporal-update/.specula-output/confirmation/CR-1/worktree/common/log/zap_logger.go:191
go.temporal.io/server/common/testing/testlogger.(*TestLogger).Error
	/home/ubuntu/temporal-investigation-20260909/overnight-20260909/specula-engine/runs/temporal-update-20260909-restart-1600/temporal-update/.specula-output/confirmation/CR-1/worktree/common/testing/testlogger/testlogger.go:543
go.temporal.io/server/service/history/queues.(*ReaderImpl).loadAndSubmitTasks
	/home/ubuntu/temporal-investigation-20260909/overnight-20260909/specula-engine/runs/temporal-update-20260909-restart-1600/temporal-update/.specula-output/confirmation/CR-1/worktree/service/history/queues/reader.go:457
go.temporal.io/server/service/history/queues.(*ReaderImpl).eventLoop
	/home/ubuntu/temporal-investigation-20260909/overnight-20260909/specula-engine/runs/temporal-update-20260909-restart-1600/temporal-update/.specula-output/confirmation/CR-1/worktree/service/history/queues/reader.go:422
2026-09-09T20:29:03.780Z	info	none	{"address": "127.0.0.1:38411", "component": "outbound-queue-processor", "lifecycle": "Starting", "shard-id": 3, "logging-call-at": "/home/ubuntu/temporal-investigation-20260909/overnight-20260909/specula-engine/runs/temporal-update-20260909-restart-1600/temporal-update/.specula-output/confirmation/CR-1/worktree/service/history/queues/queue_immediate.go:96"}
2026-09-09T20:29:03.780Z	info	queue reader started	{"address": "127.0.0.1:38411", "component": "outbound-queue-processor", "lifecycle": "Started", "queue-reader-id": 0, "shard-id": 1, "logging-call-at": "/home/ubuntu/temporal-investigation-20260909/overnight-20260909/specula-engine/runs/temporal-update-20260909-restart-1600/temporal-update/.specula-output/confirmation/CR-1/worktree/service/history/queues/reader.go:158"}
2026-09-09T20:29:03.780Z	info	ContextMetadataInterceptor: No metadata in context, not setting trailer	{"fullMethod": "/temporal.server.api.matchingservice.v1.MatchingService/ListNexusEndpoints", "logging-call-at": "/home/ubuntu/temporal-investigation-20260909/overnight-20260909/specula-engine/runs/temporal-update-20260909-restart-1600/temporal-update/.specula-output/confirmation/CR-1/worktree/common/log/throttle_logger.go:44"}
2026-09-09T20:29:03.780Z	info	queue reader started	{"address": "127.0.0.1:38411", "component": "transfer-queue-processor", "lifecycle": "Started", "queue-reader-id": 0, "shard-id": 2, "logging-call-at": "/home/ubuntu/temporal-investigation-20260909/overnight-20260909/specula-engine/runs/temporal-update-20260909-restart-1600/temporal-update/.specula-output/confirmation/CR-1/worktree/service/history/queues/reader.go:158"}
2026-09-09T20:29:03.780Z	error	Queue reader unable to retrieve tasks	{"address": "127.0.0.1:38411", "component": "timer-queue-processor", "error": "shard status unknown", "queue-reader-id": 0, "shard-id": 1, "logging-call-at": "/home/ubuntu/temporal-investigation-20260909/overnight-20260909/specula-engine/runs/temporal-update-20260909-restart-1600/temporal-update/.specula-output/confirmation/CR-1/worktree/service/history/queues/reader.go:457"}
go.temporal.io/server/common/log.(*zapLogger).Error
	/home/ubuntu/temporal-investigation-20260909/overnight-20260909/specula-engine/runs/temporal-update-20260909-restart-1600/temporal-update/.specula-output/confirmation/CR-1/worktree/common/log/zap_logger.go:191
go.temporal.io/server/common/testing/testlogger.(*TestLogger).Error
	/home/ubuntu/temporal-investigation-20260909/overnight-20260909/specula-engine/runs/temporal-update-20260909-restart-1600/temporal-update/.specula-output/confirmation/CR-1/worktree/common/testing/testlogger/testlogger.go:543
go.temporal.io/server/service/history/queues.(*ReaderImpl).loadAndSubmitTasks
	/home/ubuntu/temporal-investigation-20260909/overnight-20260909/specula-engine/runs/temporal-update-20260909-restart-1600/temporal-update/.specula-output/confirmation/CR-1/worktree/service/history/queues/reader.go:457
go.temporal.io/server/service/history/queues.(*ReaderImpl).eventLoop
	/home/ubuntu/temporal-investigation-20260909/overnight-20260909/specula-engine/runs/temporal-update-20260909-restart-1600/temporal-update/.specula-output/confirmation/CR-1/worktree/service/history/queues/reader.go:422
2026-09-09T20:29:03.780Z	info	none	{"component": "memory-scheduled-queue-processor", "lifecycle": "Started", "service": "history", "logging-call-at": "/home/ubuntu/temporal-investigation-20260909/overnight-20260909/specula-engine/runs/temporal-update-20260909-restart-1600/temporal-update/.specula-output/confirmation/CR-1/worktree/service/history/queues/memory_scheduled_queue.go:86"}
2026-09-09T20:29:03.780Z	info	none	{"address": "127.0.0.1:38411", "component": "visibility-queue-processor", "lifecycle": "Starting", "shard-id": 2, "logging-call-at": "/home/ubuntu/temporal-investigation-20260909/overnight-20260909/specula-engine/runs/temporal-update-20260909-restart-1600/temporal-update/.specula-output/confirmation/CR-1/worktree/service/history/queues/queue_immediate.go:96"}
2026-09-09T20:29:03.780Z	info	Task rescheduler started.	{"address": "127.0.0.1:38411", "component": "visibility-queue-processor", "lifecycle": "Started", "shard-id": 2, "logging-call-at": "/home/ubuntu/temporal-investigation-20260909/overnight-20260909/specula-engine/runs/temporal-update-20260909-restart-1600/temporal-update/.specula-output/confirmation/CR-1/worktree/service/history/queues/rescheduler.go:102"}
2026-09-09T20:29:03.780Z	info	none	{"address": "127.0.0.1:38411", "component": "visibility-queue-processor", "lifecycle": "Started", "shard-id": 2, "logging-call-at": "/home/ubuntu/temporal-investigation-20260909/overnight-20260909/specula-engine/runs/temporal-update-20260909-restart-1600/temporal-update/.specula-output/confirmation/CR-1/worktree/service/history/queues/queue_immediate.go:105"}
2026-09-09T20:29:03.780Z	info	none	{"address": "127.0.0.1:38411", "component": "history-engine", "lifecycle": "Started", "shard-id": 2, "logging-call-at": "/home/ubuntu/temporal-investigation-20260909/overnight-20260909/specula-engine/runs/temporal-update-20260909-restart-1600/temporal-update/.specula-output/confirmation/CR-1/worktree/service/history/history_engine.go:395"}
2026-09-09T20:29:03.780Z	info	none	{"address": "127.0.0.1:38411", "component": "shard-engine", "lifecycle": "Started", "shard-id": 2, "logging-call-at": "/home/ubuntu/temporal-investigation-20260909/overnight-20260909/specula-engine/runs/temporal-update-20260909-restart-1600/temporal-update/.specula-output/confirmation/CR-1/worktree/service/history/shard/context_impl.go:1565"}
2026-09-09T20:29:03.780Z	info	TrailerToContextMetadataInterceptor: No metadata in trailer	{"contextWrapped": false, "method": "/temporal.server.api.matchingservice.v1.MatchingService/ListNexusEndpoints", "service": "history", "logging-call-at": "/home/ubuntu/temporal-investigation-20260909/overnight-20260909/specula-engine/runs/temporal-update-20260909-restart-1600/temporal-update/.specula-output/confirmation/CR-1/worktree/common/log/throttle_logger.go:44"}
2026-09-09T20:29:03.780Z	error	Queue reader unable to retrieve tasks	{"address": "127.0.0.1:38411", "component": "outbound-queue-processor", "error": "shard status unknown", "queue-reader-id": 0, "shard-id": 2, "logging-call-at": "/home/ubuntu/temporal-investigation-20260909/overnight-20260909/specula-engine/runs/temporal-update-20260909-restart-1600/temporal-update/.specula-output/confirmation/CR-1/worktree/service/history/queues/reader.go:457"}
go.temporal.io/server/common/log.(*zapLogger).Error
	/home/ubuntu/temporal-investigation-20260909/overnight-20260909/specula-engine/runs/temporal-update-20260909-restart-1600/temporal-update/.specula-output/confirmation/CR-1/worktree/common/log/zap_logger.go:191
go.temporal.io/server/common/testing/testlogger.(*TestLogger).Error
	/home/ubuntu/temporal-investigation-20260909/overnight-20260909/specula-engine/runs/temporal-update-20260909-restart-1600/temporal-update/.specula-output/confirmation/CR-1/worktree/common/testing/testlogger/testlogger.go:543
go.temporal.io/server/service/history/queues.(*ReaderImpl).loadAndSubmitTasks
	/home/ubuntu/temporal-investigation-20260909/overnight-20260909/specula-engine/runs/temporal-update-20260909-restart-1600/temporal-update/.specula-output/confirmation/CR-1/worktree/service/history/queues/reader.go:457
go.temporal.io/server/service/history/queues.(*ReaderImpl).eventLoop
	/home/ubuntu/temporal-investigation-20260909/overnight-20260909/specula-engine/runs/temporal-update-20260909-restart-1600/temporal-update/.specula-output/confirmation/CR-1/worktree/service/history/queues/reader.go:422
2026-09-09T20:29:03.780Z	error	Queue reader unable to retrieve tasks	{"address": "127.0.0.1:38411", "component": "visibility-queue-processor", "error": "shard status unknown", "queue-reader-id": 0, "shard-id": 4, "logging-call-at": "/home/ubuntu/temporal-investigation-20260909/overnight-20260909/specula-engine/runs/temporal-update-20260909-restart-1600/temporal-update/.specula-output/confirmation/CR-1/worktree/service/history/queues/reader.go:457"}
go.temporal.io/server/common/log.(*zapLogger).Error
	/home/ubuntu/temporal-investigation-20260909/overnight-20260909/specula-engine/runs/temporal-update-20260909-restart-1600/temporal-update/.specula-output/confirmation/CR-1/worktree/common/log/zap_logger.go:191
go.temporal.io/server/common/testing/testlogger.(*TestLogger).Error
	/home/ubuntu/temporal-investigation-20260909/overnight-20260909/specula-engine/runs/temporal-update-20260909-restart-1600/temporal-update/.specula-output/confirmation/CR-1/worktree/common/testing/testlogger/testlogger.go:543
go.temporal.io/server/service/history/queues.(*ReaderImpl).loadAndSubmitTasks
	/home/ubuntu/temporal-investigation-20260909/overnight-20260909/specula-engine/runs/temporal-update-20260909-restart-1600/temporal-update/.specula-output/confirmation/CR-1/worktree/service/history/queues/reader.go:457
go.temporal.io/server/service/history/queues.(*ReaderImpl).eventLoop
	/home/ubuntu/temporal-investigation-20260909/overnight-20260909/specula-engine/runs/temporal-update-20260909-restart-1600/temporal-update/.specula-output/confirmation/CR-1/worktree/service/history/queues/reader.go:422
2026-09-09T20:29:03.780Z	info	queue reader started	{"address": "127.0.0.1:38411", "component": "timer-queue-processor", "lifecycle": "Started", "queue-reader-id": 0, "shard-id": 3, "logging-call-at": "/home/ubuntu/temporal-investigation-20260909/overnight-20260909/specula-engine/runs/temporal-update-20260909-restart-1600/temporal-update/.specula-output/confirmation/CR-1/worktree/service/history/queues/reader.go:158"}
2026-09-09T20:29:03.780Z	info	none	{"address": "127.0.0.1:38411", "component": "transfer-queue-processor", "lifecycle": "Started", "shard-id": 1, "logging-call-at": "/home/ubuntu/temporal-investigation-20260909/overnight-20260909/specula-engine/runs/temporal-update-20260909-restart-1600/temporal-update/.specula-output/confirmation/CR-1/worktree/service/history/queues/queue_immediate.go:105"}
2026-09-09T20:29:03.780Z	info	none	{"address": "127.0.0.1:38411", "component": "history-engine", "lifecycle": "Started", "shard-id": 1, "logging-call-at": "/home/ubuntu/temporal-investigation-20260909/overnight-20260909/specula-engine/runs/temporal-update-20260909-restart-1600/temporal-update/.specula-output/confirmation/CR-1/worktree/service/history/history_engine.go:395"}
2026-09-09T20:29:03.780Z	info	none	{"address": "127.0.0.1:38411", "component": "shard-engine", "lifecycle": "Started", "shard-id": 1, "logging-call-at": "/home/ubuntu/temporal-investigation-20260909/overnight-20260909/specula-engine/runs/temporal-update-20260909-restart-1600/temporal-update/.specula-output/confirmation/CR-1/worktree/service/history/shard/context_impl.go:1565"}
2026-09-09T20:29:03.780Z	info	TrailerToContextMetadataInterceptor: No metadata in trailer	{"contextWrapped": false, "method": "/temporal.server.api.matchingservice.v1.MatchingService/ListNexusEndpoints", "service": "frontend", "logging-call-at": "/home/ubuntu/temporal-investigation-20260909/overnight-20260909/specula-engine/runs/temporal-update-20260909-restart-1600/temporal-update/.specula-output/confirmation/CR-1/worktree/common/log/throttle_logger.go:44"}
2026-09-09T20:29:03.780Z	info	Task rescheduler started.	{"address": "127.0.0.1:38411", "component": "timer-queue-processor", "lifecycle": "Started", "shard-id": 4, "logging-call-at": "/home/ubuntu/temporal-investigation-20260909/overnight-20260909/specula-engine/runs/temporal-update-20260909-restart-1600/temporal-update/.specula-output/confirmation/CR-1/worktree/service/history/queues/rescheduler.go:102"}
2026-09-09T20:29:03.780Z	info	none	{"address": "127.0.0.1:38411", "component": "timer-queue-processor", "lifecycle": "Started", "shard-id": 4, "logging-call-at": "/home/ubuntu/temporal-investigation-20260909/overnight-20260909/specula-engine/runs/temporal-update-20260909-restart-1600/temporal-update/.specula-output/confirmation/CR-1/worktree/service/history/queues/queue_scheduled.go:139"}
2026-09-09T20:29:03.780Z	info	Task rescheduler started.	{"address": "127.0.0.1:38411", "component": "outbound-queue-processor", "lifecycle": "Started", "shard-id": 3, "logging-call-at": "/home/ubuntu/temporal-investigation-20260909/overnight-20260909/specula-engine/runs/temporal-update-20260909-restart-1600/temporal-update/.specula-output/confirmation/CR-1/worktree/service/history/queues/rescheduler.go:102"}
2026-09-09T20:29:03.780Z	info	none	{"address": "127.0.0.1:38411", "component": "outbound-queue-processor", "lifecycle": "Starting", "shard-id": 4, "logging-call-at": "/home/ubuntu/temporal-investigation-20260909/overnight-20260909/specula-engine/runs/temporal-update-20260909-restart-1600/temporal-update/.specula-output/confirmation/CR-1/worktree/service/history/queues/queue_immediate.go:96"}
2026-09-09T20:29:03.780Z	info	queue reader started	{"address": "127.0.0.1:38411", "component": "visibility-queue-processor", "lifecycle": "Started", "queue-reader-id": 0, "shard-id": 2, "logging-call-at": "/home/ubuntu/temporal-investigation-20260909/overnight-20260909/specula-engine/runs/temporal-update-20260909-restart-1600/temporal-update/.specula-output/confirmation/CR-1/worktree/service/history/queues/reader.go:158"}
2026-09-09T20:29:03.780Z	info	Task rescheduler started.	{"address": "127.0.0.1:38411", "component": "outbound-queue-processor", "lifecycle": "Started", "shard-id": 4, "logging-call-at": "/home/ubuntu/temporal-investigation-20260909/overnight-20260909/specula-engine/runs/temporal-update-20260909-restart-1600/temporal-update/.specula-output/confirmation/CR-1/worktree/service/history/queues/rescheduler.go:102"}
2026-09-09T20:29:03.780Z	info	queue reader started	{"address": "127.0.0.1:38411", "component": "outbound-queue-processor", "lifecycle": "Started", "queue-reader-id": 0, "shard-id": 3, "logging-call-at": "/home/ubuntu/temporal-investigation-20260909/overnight-20260909/specula-engine/runs/temporal-update-20260909-restart-1600/temporal-update/.specula-output/confirmation/CR-1/worktree/service/history/queues/reader.go:158"}
2026-09-09T20:29:03.780Z	info	queue reader started	{"address": "127.0.0.1:38411", "component": "timer-queue-processor", "lifecycle": "Started", "queue-reader-id": 0, "shard-id": 4, "logging-call-at": "/home/ubuntu/temporal-investigation-20260909/overnight-20260909/specula-engine/runs/temporal-update-20260909-restart-1600/temporal-update/.specula-output/confirmation/CR-1/worktree/service/history/queues/reader.go:158"}
2026-09-09T20:29:03.780Z	info	none	{"address": "127.0.0.1:38411", "component": "outbound-queue-processor", "lifecycle": "Started", "shard-id": 4, "logging-call-at": "/home/ubuntu/temporal-investigation-20260909/overnight-20260909/specula-engine/runs/temporal-update-20260909-restart-1600/temporal-update/.specula-output/confirmation/CR-1/worktree/service/history/queues/queue_immediate.go:105"}
2026-09-09T20:29:03.780Z	info	none	{"address": "127.0.0.1:38411", "component": "transfer-queue-processor", "lifecycle": "Starting", "shard-id": 4, "logging-call-at": "/home/ubuntu/temporal-investigation-20260909/overnight-20260909/specula-engine/runs/temporal-update-20260909-restart-1600/temporal-update/.specula-output/confirmation/CR-1/worktree/service/history/queues/queue_immediate.go:96"}
2026-09-09T20:29:03.780Z	error	Queue reader unable to retrieve tasks	{"address": "127.0.0.1:38411", "component": "outbound-queue-processor", "error": "shard status unknown", "queue-reader-id": 0, "shard-id": 3, "logging-call-at": "/home/ubuntu/temporal-investigation-20260909/overnight-20260909/specula-engine/runs/temporal-update-20260909-restart-1600/temporal-update/.specula-output/confirmation/CR-1/worktree/service/history/queues/reader.go:457"}
go.temporal.io/server/common/log.(*zapLogger).Error
	/home/ubuntu/temporal-investigation-20260909/overnight-20260909/specula-engine/runs/temporal-update-20260909-restart-1600/temporal-update/.specula-output/confirmation/CR-1/worktree/common/log/zap_logger.go:191
go.temporal.io/server/common/testing/testlogger.(*TestLogger).Error
	/home/ubuntu/temporal-investigation-20260909/overnight-20260909/specula-engine/runs/temporal-update-20260909-restart-1600/temporal-update/.specula-output/confirmation/CR-1/worktree/common/testing/testlogger/testlogger.go:543
go.temporal.io/server/service/history/queues.(*ReaderImpl).loadAndSubmitTasks
	/home/ubuntu/temporal-investigation-20260909/overnight-20260909/specula-engine/runs/temporal-update-20260909-restart-1600/temporal-update/.specula-output/confirmation/CR-1/worktree/service/history/queues/reader.go:457
go.temporal.io/server/service/history/queues.(*ReaderImpl).eventLoop
	/home/ubuntu/temporal-investigation-20260909/overnight-20260909/specula-engine/runs/temporal-update-20260909-restart-1600/temporal-update/.specula-output/confirmation/CR-1/worktree/service/history/queues/reader.go:422
2026-09-09T20:29:03.780Z	info	none	{"address": "127.0.0.1:38411", "component": "outbound-queue-processor", "lifecycle": "Started", "shard-id": 3, "logging-call-at": "/home/ubuntu/temporal-investigation-20260909/overnight-20260909/specula-engine/runs/temporal-update-20260909-restart-1600/temporal-update/.specula-output/confirmation/CR-1/worktree/service/history/queues/queue_immediate.go:105"}
2026-09-09T20:29:03.780Z	info	none	{"address": "127.0.0.1:38411", "component": "transfer-queue-processor", "lifecycle": "Starting", "shard-id": 3, "logging-call-at": "/home/ubuntu/temporal-investigation-20260909/overnight-20260909/specula-engine/runs/temporal-update-20260909-restart-1600/temporal-update/.specula-output/confirmation/CR-1/worktree/service/history/queues/queue_immediate.go:96"}
2026-09-09T20:29:03.780Z	info	Task rescheduler started.	{"address": "127.0.0.1:38411", "component": "transfer-queue-processor", "lifecycle": "Started", "shard-id": 3, "logging-call-at": "/home/ubuntu/temporal-investigation-20260909/overnight-20260909/specula-engine/runs/temporal-update-20260909-restart-1600/temporal-update/.specula-output/confirmation/CR-1/worktree/service/history/queues/rescheduler.go:102"}
2026-09-09T20:29:03.780Z	info	Task rescheduler started.	{"address": "127.0.0.1:38411", "component": "transfer-queue-processor", "lifecycle": "Started", "shard-id": 4, "logging-call-at": "/home/ubuntu/temporal-investigation-20260909/overnight-20260909/specula-engine/runs/temporal-update-20260909-restart-1600/temporal-update/.specula-output/confirmation/CR-1/worktree/service/history/queues/rescheduler.go:102"}
2026-09-09T20:29:03.780Z	error	Queue reader unable to retrieve tasks	{"address": "127.0.0.1:38411", "component": "timer-queue-processor", "error": "shard status unknown", "queue-reader-id": 0, "shard-id": 4, "logging-call-at": "/home/ubuntu/temporal-investigation-20260909/overnight-20260909/specula-engine/runs/temporal-update-20260909-restart-1600/temporal-update/.specula-output/confirmation/CR-1/worktree/service/history/queues/reader.go:457"}
go.temporal.io/server/common/log.(*zapLogger).Error
	/home/ubuntu/temporal-investigation-20260909/overnight-20260909/specula-engine/runs/temporal-update-20260909-restart-1600/temporal-update/.specula-output/confirmation/CR-1/worktree/common/log/zap_logger.go:191
go.temporal.io/server/common/testing/testlogger.(*TestLogger).Error
	/home/ubuntu/temporal-investigation-20260909/overnight-20260909/specula-engine/runs/temporal-update-20260909-restart-1600/temporal-update/.specula-output/confirmation/CR-1/worktree/common/testing/testlogger/testlogger.go:543
go.temporal.io/server/service/history/queues.(*ReaderImpl).loadAndSubmitTasks
	/home/ubuntu/temporal-investigation-20260909/overnight-20260909/specula-engine/runs/temporal-update-20260909-restart-1600/temporal-update/.specula-output/confirmation/CR-1/worktree/service/history/queues/reader.go:457
go.temporal.io/server/service/history/queues.(*ReaderImpl).eventLoop
	/home/ubuntu/temporal-investigation-20260909/overnight-20260909/specula-engine/runs/temporal-update-20260909-restart-1600/temporal-update/.specula-output/confirmation/CR-1/worktree/service/history/queues/reader.go:422
2026-09-09T20:29:03.780Z	info	queue reader started	{"address": "127.0.0.1:38411", "component": "outbound-queue-processor", "lifecycle": "Started", "queue-reader-id": 0, "shard-id": 4, "logging-call-at": "/home/ubuntu/temporal-investigation-20260909/overnight-20260909/specula-engine/runs/temporal-update-20260909-restart-1600/temporal-update/.specula-output/confirmation/CR-1/worktree/service/history/queues/reader.go:158"}
2026-09-09T20:29:03.780Z	info	none	{"address": "127.0.0.1:38411", "component": "transfer-queue-processor", "lifecycle": "Started", "shard-id": 4, "logging-call-at": "/home/ubuntu/temporal-investigation-20260909/overnight-20260909/specula-engine/runs/temporal-update-20260909-restart-1600/temporal-update/.specula-output/confirmation/CR-1/worktree/service/history/queues/queue_immediate.go:105"}
2026-09-09T20:29:03.780Z	info	none	{"address": "127.0.0.1:38411", "component": "transfer-queue-processor", "lifecycle": "Started", "shard-id": 3, "logging-call-at": "/home/ubuntu/temporal-investigation-20260909/overnight-20260909/specula-engine/runs/temporal-update-20260909-restart-1600/temporal-update/.specula-output/confirmation/CR-1/worktree/service/history/queues/queue_immediate.go:105"}
2026-09-09T20:29:03.780Z	info	none	{"component": "memory-scheduled-queue-processor", "lifecycle": "Starting", "service": "history", "logging-call-at": "/home/ubuntu/temporal-investigation-20260909/overnight-20260909/specula-engine/runs/temporal-update-20260909-restart-1600/temporal-update/.specula-output/confirmation/CR-1/worktree/service/history/queues/memory_scheduled_queue.go:81"}
2026-09-09T20:29:03.780Z	info	none	{"component": "memory-scheduled-queue-processor", "lifecycle": "Starting", "service": "history", "logging-call-at": "/home/ubuntu/temporal-investigation-20260909/overnight-20260909/specula-engine/runs/temporal-update-20260909-restart-1600/temporal-update/.specula-output/confirmation/CR-1/worktree/service/history/queues/memory_scheduled_queue.go:81"}
2026-09-09T20:29:03.780Z	info	none	{"component": "memory-scheduled-queue-processor", "lifecycle": "Started", "service": "history", "logging-call-at": "/home/ubuntu/temporal-investigation-20260909/overnight-20260909/specula-engine/runs/temporal-update-20260909-restart-1600/temporal-update/.specula-output/confirmation/CR-1/worktree/service/history/queues/memory_scheduled_queue.go:86"}
2026-09-09T20:29:03.780Z	info	none	{"component": "memory-scheduled-queue-processor", "lifecycle": "Started", "service": "history", "logging-call-at": "/home/ubuntu/temporal-investigation-20260909/overnight-20260909/specula-engine/runs/temporal-update-20260909-restart-1600/temporal-update/.specula-output/confirmation/CR-1/worktree/service/history/queues/memory_scheduled_queue.go:86"}
2026-09-09T20:29:03.781Z	info	none	{"address": "127.0.0.1:38411", "component": "history-engine", "lifecycle": "Started", "shard-id": 4, "logging-call-at": "/home/ubuntu/temporal-investigation-20260909/overnight-20260909/specula-engine/runs/temporal-update-20260909-restart-1600/temporal-update/.specula-output/confirmation/CR-1/worktree/service/history/history_engine.go:395"}
2026-09-09T20:29:03.780Z	error	Queue reader unable to retrieve tasks	{"address": "127.0.0.1:38411", "component": "outbound-queue-processor", "error": "shard status unknown", "queue-reader-id": 0, "shard-id": 4, "logging-call-at": "/home/ubuntu/temporal-investigation-20260909/overnight-20260909/specula-engine/runs/temporal-update-20260909-restart-1600/temporal-update/.specula-output/confirmation/CR-1/worktree/service/history/queues/reader.go:457"}
go.temporal.io/server/common/log.(*zapLogger).Error
	/home/ubuntu/temporal-investigation-20260909/overnight-20260909/specula-engine/runs/temporal-update-20260909-restart-1600/temporal-update/.specula-output/confirmation/CR-1/worktree/common/log/zap_logger.go:191
go.temporal.io/server/common/testing/testlogger.(*TestLogger).Error
	/home/ubuntu/temporal-investigation-20260909/overnight-20260909/specula-engine/runs/temporal-update-20260909-restart-1600/temporal-update/.specula-output/confirmation/CR-1/worktree/common/testing/testlogger/testlogger.go:543
go.temporal.io/server/service/history/queues.(*ReaderImpl).loadAndSubmitTasks
	/home/ubuntu/temporal-investigation-20260909/overnight-20260909/specula-engine/runs/temporal-update-20260909-restart-1600/temporal-update/.specula-output/confirmation/CR-1/worktree/service/history/queues/reader.go:457
go.temporal.io/server/service/history/queues.(*ReaderImpl).eventLoop
	/home/ubuntu/temporal-investigation-20260909/overnight-20260909/specula-engine/runs/temporal-update-20260909-restart-1600/temporal-update/.specula-output/confirmation/CR-1/worktree/service/history/queues/reader.go:422
2026-09-09T20:29:03.781Z	info	none	{"address": "127.0.0.1:38411", "component": "history-engine", "lifecycle": "Started", "shard-id": 3, "logging-call-at": "/home/ubuntu/temporal-investigation-20260909/overnight-20260909/specula-engine/runs/temporal-update-20260909-restart-1600/temporal-update/.specula-output/confirmation/CR-1/worktree/service/history/history_engine.go:395"}
2026-09-09T20:29:03.781Z	info	none	{"address": "127.0.0.1:38411", "component": "shard-engine", "lifecycle": "Started", "shard-id": 3, "logging-call-at": "/home/ubuntu/temporal-investigation-20260909/overnight-20260909/specula-engine/runs/temporal-update-20260909-restart-1600/temporal-update/.specula-output/confirmation/CR-1/worktree/service/history/shard/context_impl.go:1565"}
2026-09-09T20:29:03.781Z	error	Queue reader unable to retrieve tasks	{"address": "127.0.0.1:38411", "component": "transfer-queue-processor", "error": "shard status unknown", "queue-reader-id": 0, "shard-id": 3, "logging-call-at": "/home/ubuntu/temporal-investigation-20260909/overnight-20260909/specula-engine/runs/temporal-update-20260909-restart-1600/temporal-update/.specula-output/confirmation/CR-1/worktree/service/history/queues/reader.go:457"}
go.temporal.io/server/common/log.(*zapLogger).Error
	/home/ubuntu/temporal-investigation-20260909/overnight-20260909/specula-engine/runs/temporal-update-20260909-restart-1600/temporal-update/.specula-output/confirmation/CR-1/worktree/common/log/zap_logger.go:191
go.temporal.io/server/common/testing/testlogger.(*TestLogger).Error
	/home/ubuntu/temporal-investigation-20260909/overnight-20260909/specula-engine/runs/temporal-update-20260909-restart-1600/temporal-update/.specula-output/confirmation/CR-1/worktree/common/testing/testlogger/testlogger.go:543
go.temporal.io/server/service/history/queues.(*ReaderImpl).loadAndSubmitTasks
	/home/ubuntu/temporal-investigation-20260909/overnight-20260909/specula-engine/runs/temporal-update-20260909-restart-1600/temporal-update/.specula-output/confirmation/CR-1/worktree/service/history/queues/reader.go:457
go.temporal.io/server/service/history/queues.(*ReaderImpl).eventLoop
	/home/ubuntu/temporal-investigation-20260909/overnight-20260909/specula-engine/runs/temporal-update-20260909-restart-1600/temporal-update/.specula-output/confirmation/CR-1/worktree/service/history/queues/reader.go:422
2026-09-09T20:29:03.781Z	info	none	{"address": "127.0.0.1:38411", "component": "shard-engine", "lifecycle": "Started", "shard-id": 4, "logging-call-at": "/home/ubuntu/temporal-investigation-20260909/overnight-20260909/specula-engine/runs/temporal-update-20260909-restart-1600/temporal-update/.specula-output/confirmation/CR-1/worktree/service/history/shard/context_impl.go:1565"}
2026-09-09T20:29:03.781Z	error	Queue reader unable to retrieve tasks	{"address": "127.0.0.1:38411", "component": "transfer-queue-processor", "error": "shard status unknown", "queue-reader-id": 0, "shard-id": 4, "logging-call-at": "/home/ubuntu/temporal-investigation-20260909/overnight-20260909/specula-engine/runs/temporal-update-20260909-restart-1600/temporal-update/.specula-output/confirmation/CR-1/worktree/service/history/queues/reader.go:457"}
go.temporal.io/server/common/log.(*zapLogger).Error
	/home/ubuntu/temporal-investigation-20260909/overnight-20260909/specula-engine/runs/temporal-update-20260909-restart-1600/temporal-update/.specula-output/confirmation/CR-1/worktree/common/log/zap_logger.go:191
go.temporal.io/server/common/testing/testlogger.(*TestLogger).Error
	/home/ubuntu/temporal-investigation-20260909/overnight-20260909/specula-engine/runs/temporal-update-20260909-restart-1600/temporal-update/.specula-output/confirmation/CR-1/worktree/common/testing/testlogger/testlogger.go:543
go.temporal.io/server/service/history/queues.(*ReaderImpl).loadAndSubmitTasks
	/home/ubuntu/temporal-investigation-20260909/overnight-20260909/specula-engine/runs/temporal-update-20260909-restart-1600/temporal-update/.specula-output/confirmation/CR-1/worktree/service/history/queues/reader.go:457
go.temporal.io/server/service/history/queues.(*ReaderImpl).eventLoop
	/home/ubuntu/temporal-investigation-20260909/overnight-20260909/specula-engine/runs/temporal-update-20260909-restart-1600/temporal-update/.specula-output/confirmation/CR-1/worktree/service/history/queues/reader.go:422
2026-09-09T20:29:03.781Z	info	queue reader started	{"address": "127.0.0.1:38411", "component": "transfer-queue-processor", "lifecycle": "Started", "queue-reader-id": 0, "shard-id": 4, "logging-call-at": "/home/ubuntu/temporal-investigation-20260909/overnight-20260909/specula-engine/runs/temporal-update-20260909-restart-1600/temporal-update/.specula-output/confirmation/CR-1/worktree/service/history/queues/reader.go:158"}
2026-09-09T20:29:03.780Z	info	queue reader started	{"address": "127.0.0.1:38411", "component": "transfer-queue-processor", "lifecycle": "Started", "queue-reader-id": 0, "shard-id": 3, "logging-call-at": "/home/ubuntu/temporal-investigation-20260909/overnight-20260909/specula-engine/runs/temporal-update-20260909-restart-1600/temporal-update/.specula-output/confirmation/CR-1/worktree/service/history/queues/reader.go:158"}
2026-09-09T20:29:03.781Z	info	initial shards ready	{"address": "127.0.0.1:38411", "component": "shard-controller", "total": 4, "logging-call-at": "/home/ubuntu/temporal-investigation-20260909/overnight-20260909/specula-engine/runs/temporal-update-20260909-restart-1600/temporal-update/.specula-output/confirmation/CR-1/worktree/service/history/shard/controller_impl.go:511"}
2026-09-09T20:29:03.781Z	debug	Frontend method invoked.	{"wf-namespace": "namespace-004d6544-dc60-4c21-9f16-a0d5f347c686", "operation": "DescribeNamespace", "server-name": "", "cert-thumbprint": "", "logging-call-at": "/home/ubuntu/temporal-investigation-20260909/overnight-20260909/specula-engine/runs/temporal-update-20260909-restart-1600/temporal-update/.specula-output/confirmation/CR-1/worktree/common/rpc/interceptor/namespace_logger.go:53"}
2026-09-09T20:29:03.781Z	info	Quota changed	{"component": "rpc-handler", "current-quota": null, "new-quota": 2400, "scope": "namespace", "service": "frontend", "wf-namespace": "namespace-004d6544-dc60-4c21-9f16-a0d5f347c686", "logging-call-at": "/home/ubuntu/temporal-investigation-20260909/overnight-20260909/specula-engine/runs/temporal-update-20260909-restart-1600/temporal-update/.specula-output/confirmation/CR-1/worktree/common/quotas/calculator/logged_calculator.go:100"}
2026-09-09T20:29:03.781Z	info	Quota changed	{"component": "persistence", "current-quota": null, "new-quota": 0, "scope": "namespace", "service": "frontend", "wf-namespace": "namespace-004d6544-dc60-4c21-9f16-a0d5f347c686", "logging-call-at": "/home/ubuntu/temporal-investigation-20260909/overnight-20260909/specula-engine/runs/temporal-update-20260909-restart-1600/temporal-update/.specula-output/confirmation/CR-1/worktree/common/quotas/calculator/logged_calculator.go:100"}
2026-09-09T20:29:03.782Z	debug	Frontend method invoked.	{"wf-namespace": "namespace-004d6544-dc60-4c21-9f16-a0d5f347c686", "operation": "AddSearchAttributes", "server-name": "", "cert-thumbprint": "", "logging-call-at": "/home/ubuntu/temporal-investigation-20260909/overnight-20260909/specula-engine/runs/temporal-update-20260909-restart-1600/temporal-update/.specula-output/confirmation/CR-1/worktree/common/rpc/interceptor/namespace_logger.go:53"}
2026-09-09T20:29:03.782Z	debug	Frontend method invoked.	{"wf-namespace": "namespace-004d6544-dc60-4c21-9f16-a0d5f347c686", "operation": "DescribeNamespace", "server-name": "", "cert-thumbprint": "", "logging-call-at": "/home/ubuntu/temporal-investigation-20260909/overnight-20260909/specula-engine/runs/temporal-update-20260909-restart-1600/temporal-update/.specula-output/confirmation/CR-1/worktree/common/rpc/interceptor/namespace_logger.go:53"}
2026-09-09T20:29:03.783Z	debug	Frontend method invoked.	{"wf-namespace": "namespace-004d6544-dc60-4c21-9f16-a0d5f347c686", "operation": "UpdateNamespace", "server-name": "", "cert-thumbprint": "", "logging-call-at": "/home/ubuntu/temporal-investigation-20260909/overnight-20260909/specula-engine/runs/temporal-update-20260909-restart-1600/temporal-update/.specula-output/confirmation/CR-1/worktree/common/rpc/interceptor/namespace_logger.go:53"}
2026-09-09T20:29:03.783Z	info	Quota changed	{"component": "namespace-replication", "current-quota": null, "new-quota": 10, "scope": "namespace", "service": "frontend", "wf-namespace": "namespace-004d6544-dc60-4c21-9f16-a0d5f347c686", "logging-call-at": "/home/ubuntu/temporal-investigation-20260909/overnight-20260909/specula-engine/runs/temporal-update-20260909-restart-1600/temporal-update/.specula-output/confirmation/CR-1/worktree/common/quotas/calculator/logged_calculator.go:100"}
2026-09-09T20:29:03.783Z	info	Update namespace succeeded	{"service": "frontend", "wf-namespace": "namespace-004d6544-dc60-4c21-9f16-a0d5f347c686", "wf-namespace-id": "e4f02df1-9ea1-46c4-aaa4-d4c1c6eb911a", "logging-call-at": "/home/ubuntu/temporal-investigation-20260909/overnight-20260909/specula-engine/runs/temporal-update-20260909-restart-1600/temporal-update/.specula-output/confirmation/CR-1/worktree/service/frontend/namespace_handler.go:667"}
2026-09-09T20:29:03.783Z	debug	Frontend method invoked.	{"wf-namespace": "namespace-004d6544-dc60-4c21-9f16-a0d5f347c686", "operation": "ListSearchAttributes", "server-name": "", "cert-thumbprint": "", "logging-call-at": "/home/ubuntu/temporal-investigation-20260909/overnight-20260909/specula-engine/runs/temporal-update-20260909-restart-1600/temporal-update/.specula-output/confirmation/CR-1/worktree/common/rpc/interceptor/namespace_logger.go:53"}
2026-09-09T20:29:03.784Z	debug	Frontend method invoked.	{"wf-namespace": "namespace-004d6544-dc60-4c21-9f16-a0d5f347c686", "operation": "DescribeNamespace", "server-name": "", "cert-thumbprint": "", "logging-call-at": "/home/ubuntu/temporal-investigation-20260909/overnight-20260909/specula-engine/runs/temporal-update-20260909-restart-1600/temporal-update/.specula-output/confirmation/CR-1/worktree/common/rpc/interceptor/namespace_logger.go:53"}
2026-09-09T20:29:03.784Z	info	Register namespace succeeded	{"wf-namespace": "namespace-004d6544-dc60-4c21-9f16-a0d5f347c686", "wf-namespace-id": "e4f02df1-9ea1-46c4-aaa4-d4c1c6eb911a", "logging-call-at": "/home/ubuntu/temporal-investigation-20260909/overnight-20260909/specula-engine/runs/temporal-update-20260909-restart-1600/temporal-update/.specula-output/confirmation/CR-1/worktree/tests/testcore/functional_test_base.go:600"}
2026-09-09T20:29:03.784Z	debug	Frontend method invoked.	{"wf-namespace": "external-namespace-1b2650e1-3282-44d9-ac79-1a62c418697d", "operation": "DescribeNamespace", "server-name": "", "cert-thumbprint": "", "logging-call-at": "/home/ubuntu/temporal-investigation-20260909/overnight-20260909/specula-engine/runs/temporal-update-20260909-restart-1600/temporal-update/.specula-output/confirmation/CR-1/worktree/common/rpc/interceptor/namespace_logger.go:53"}
2026-09-09T20:29:03.784Z	info	Quota changed	{"component": "rpc-handler", "current-quota": null, "new-quota": 2400, "scope": "namespace", "service": "frontend", "wf-namespace": "external-namespace-1b2650e1-3282-44d9-ac79-1a62c418697d", "logging-call-at": "/home/ubuntu/temporal-investigation-20260909/overnight-20260909/specula-engine/runs/temporal-update-20260909-restart-1600/temporal-update/.specula-output/confirmation/CR-1/worktree/common/quotas/calculator/logged_calculator.go:100"}
2026-09-09T20:29:03.784Z	info	Quota changed	{"component": "persistence", "current-quota": null, "new-quota": 0, "scope": "namespace", "service": "frontend", "wf-namespace": "external-namespace-1b2650e1-3282-44d9-ac79-1a62c418697d", "logging-call-at": "/home/ubuntu/temporal-investigation-20260909/overnight-20260909/specula-engine/runs/temporal-update-20260909-restart-1600/temporal-update/.specula-output/confirmation/CR-1/worktree/common/quotas/calculator/logged_calculator.go:100"}
2026-09-09T20:29:03.784Z	debug	Frontend method invoked.	{"wf-namespace": "external-namespace-1b2650e1-3282-44d9-ac79-1a62c418697d", "operation": "AddSearchAttributes", "server-name": "", "cert-thumbprint": "", "logging-call-at": "/home/ubuntu/temporal-investigation-20260909/overnight-20260909/specula-engine/runs/temporal-update-20260909-restart-1600/temporal-update/.specula-output/confirmation/CR-1/worktree/common/rpc/interceptor/namespace_logger.go:53"}
2026-09-09T20:29:03.785Z	debug	Frontend method invoked.	{"wf-namespace": "external-namespace-1b2650e1-3282-44d9-ac79-1a62c418697d", "operation": "DescribeNamespace", "server-name": "", "cert-thumbprint": "", "logging-call-at": "/home/ubuntu/temporal-investigation-20260909/overnight-20260909/specula-engine/runs/temporal-update-20260909-restart-1600/temporal-update/.specula-output/confirmation/CR-1/worktree/common/rpc/interceptor/namespace_logger.go:53"}
2026-09-09T20:29:03.785Z	debug	Frontend method invoked.	{"wf-namespace": "external-namespace-1b2650e1-3282-44d9-ac79-1a62c418697d", "operation": "UpdateNamespace", "server-name": "", "cert-thumbprint": "", "logging-call-at": "/home/ubuntu/temporal-investigation-20260909/overnight-20260909/specula-engine/runs/temporal-update-20260909-restart-1600/temporal-update/.specula-output/confirmation/CR-1/worktree/common/rpc/interceptor/namespace_logger.go:53"}
2026-09-09T20:29:03.785Z	info	Quota changed	{"component": "namespace-replication", "current-quota": null, "new-quota": 10, "scope": "namespace", "service": "frontend", "wf-namespace": "external-namespace-1b2650e1-3282-44d9-ac79-1a62c418697d", "logging-call-at": "/home/ubuntu/temporal-investigation-20260909/overnight-20260909/specula-engine/runs/temporal-update-20260909-restart-1600/temporal-update/.specula-output/confirmation/CR-1/worktree/common/quotas/calculator/logged_calculator.go:100"}
2026-09-09T20:29:03.785Z	info	Update namespace succeeded	{"service": "frontend", "wf-namespace": "external-namespace-1b2650e1-3282-44d9-ac79-1a62c418697d", "wf-namespace-id": "330eb14f-8acf-4554-b57a-bf6a26220233", "logging-call-at": "/home/ubuntu/temporal-investigation-20260909/overnight-20260909/specula-engine/runs/temporal-update-20260909-restart-1600/temporal-update/.specula-output/confirmation/CR-1/worktree/service/frontend/namespace_handler.go:667"}
2026-09-09T20:29:03.785Z	debug	Frontend method invoked.	{"wf-namespace": "external-namespace-1b2650e1-3282-44d9-ac79-1a62c418697d", "operation": "ListSearchAttributes", "server-name": "", "cert-thumbprint": "", "logging-call-at": "/home/ubuntu/temporal-investigation-20260909/overnight-20260909/specula-engine/runs/temporal-update-20260909-restart-1600/temporal-update/.specula-output/confirmation/CR-1/worktree/common/rpc/interceptor/namespace_logger.go:53"}
2026-09-09T20:29:03.786Z	debug	Frontend method invoked.	{"wf-namespace": "external-namespace-1b2650e1-3282-44d9-ac79-1a62c418697d", "operation": "DescribeNamespace", "server-name": "", "cert-thumbprint": "", "logging-call-at": "/home/ubuntu/temporal-investigation-20260909/overnight-20260909/specula-engine/runs/temporal-update-20260909-restart-1600/temporal-update/.specula-output/confirmation/CR-1/worktree/common/rpc/interceptor/namespace_logger.go:53"}
2026-09-09T20:29:03.786Z	info	Register namespace succeeded	{"wf-namespace": "external-namespace-1b2650e1-3282-44d9-ac79-1a62c418697d", "wf-namespace-id": "330eb14f-8acf-4554-b57a-bf6a26220233", "logging-call-at": "/home/ubuntu/temporal-investigation-20260909/overnight-20260909/specula-engine/runs/temporal-update-20260909-restart-1600/temporal-update/.specula-output/confirmation/CR-1/worktree/tests/testcore/functional_test_base.go:600"}
2026/09/09 20:29:03 CLUSTEREVENT {"kind":"dedicated","reason":"dedicated (pooled)","suite":"TestBugCR1CommittedUpdateSurvivesLostCallerReceipt","test":"TestBugCR1CommittedUpdateSurvivesLostCallerReceipt","worker":false}
    shared_cluster_t.go:72: 2026-09-09T20:29:03.786Z	debug	Frontend method invoked.	{"wf-namespace": "TestBugCR1CommittedUpdateSurvivesLostCallerReceipt-41ba2337-ddfc-480d-9187-b6b4d6f648dd", "operation": "DescribeNamespace", "server-name": "", "cert-thumbprint": "", "logging-call-at": "/home/ubuntu/temporal-investigation-20260909/overnight-20260909/specula-engine/runs/temporal-update-20260909-restart-1600/temporal-update/.specula-output/confirmation/CR-1/worktree/common/rpc/interceptor/namespace_logger.go:53"}
    shared_cluster_t.go:72: 2026-09-09T20:29:03.786Z	info	Quota changed	{"component": "rpc-handler", "current-quota": null, "new-quota": 2400, "scope": "namespace", "service": "frontend", "wf-namespace": "TestBugCR1CommittedUpdateSurvivesLostCallerReceipt-41ba2337-ddfc-480d-9187-b6b4d6f648dd", "logging-call-at": "/home/ubuntu/temporal-investigation-20260909/overnight-20260909/specula-engine/runs/temporal-update-20260909-restart-1600/temporal-update/.specula-output/confirmation/CR-1/worktree/common/quotas/calculator/logged_calculator.go:100"}
    shared_cluster_t.go:72: 2026-09-09T20:29:03.786Z	info	Quota changed	{"component": "persistence", "current-quota": null, "new-quota": 0, "scope": "namespace", "service": "frontend", "wf-namespace": "TestBugCR1CommittedUpdateSurvivesLostCallerReceipt-41ba2337-ddfc-480d-9187-b6b4d6f648dd", "logging-call-at": "/home/ubuntu/temporal-investigation-20260909/overnight-20260909/specula-engine/runs/temporal-update-20260909-restart-1600/temporal-update/.specula-output/confirmation/CR-1/worktree/common/quotas/calculator/logged_calculator.go:100"}
    shared_cluster_t.go:72: 2026-09-09T20:29:03.787Z	debug	Frontend method invoked.	{"wf-namespace": "TestBugCR1CommittedUpdateSurvivesLostCallerReceipt-41ba2337-ddfc-480d-9187-b6b4d6f648dd", "operation": "AddSearchAttributes", "server-name": "", "cert-thumbprint": "", "logging-call-at": "/home/ubuntu/temporal-investigation-20260909/overnight-20260909/specula-engine/runs/temporal-update-20260909-restart-1600/temporal-update/.specula-output/confirmation/CR-1/worktree/common/rpc/interceptor/namespace_logger.go:53"}
    shared_cluster_t.go:72: 2026-09-09T20:29:03.787Z	debug	Frontend method invoked.	{"wf-namespace": "TestBugCR1CommittedUpdateSurvivesLostCallerReceipt-41ba2337-ddfc-480d-9187-b6b4d6f648dd", "operation": "DescribeNamespace", "server-name": "", "cert-thumbprint": "", "logging-call-at": "/home/ubuntu/temporal-investigation-20260909/overnight-20260909/specula-engine/runs/temporal-update-20260909-restart-1600/temporal-update/.specula-output/confirmation/CR-1/worktree/common/rpc/interceptor/namespace_logger.go:53"}
    shared_cluster_t.go:72: 2026-09-09T20:29:03.787Z	debug	Frontend method invoked.	{"wf-namespace": "TestBugCR1CommittedUpdateSurvivesLostCallerReceipt-41ba2337-ddfc-480d-9187-b6b4d6f648dd", "operation": "UpdateNamespace", "server-name": "", "cert-thumbprint": "", "logging-call-at": "/home/ubuntu/temporal-investigation-20260909/overnight-20260909/specula-engine/runs/temporal-update-20260909-restart-1600/temporal-update/.specula-output/confirmation/CR-1/worktree/common/rpc/interceptor/namespace_logger.go:53"}
    shared_cluster_t.go:72: 2026-09-09T20:29:03.787Z	info	Quota changed	{"component": "namespace-replication", "current-quota": null, "new-quota": 10, "scope": "namespace", "service": "frontend", "wf-namespace": "TestBugCR1CommittedUpdateSurvivesLostCallerReceipt-41ba2337-ddfc-480d-9187-b6b4d6f648dd", "logging-call-at": "/home/ubuntu/temporal-investigation-20260909/overnight-20260909/specula-engine/runs/temporal-update-20260909-restart-1600/temporal-update/.specula-output/confirmation/CR-1/worktree/common/quotas/calculator/logged_calculator.go:100"}
    shared_cluster_t.go:72: 2026-09-09T20:29:03.787Z	info	Update namespace succeeded	{"service": "frontend", "wf-namespace": "TestBugCR1CommittedUpdateSurvivesLostCallerReceipt-41ba2337-ddfc-480d-9187-b6b4d6f648dd", "wf-namespace-id": "d2b22564-15e0-4a2d-a698-91bd1671fded", "logging-call-at": "/home/ubuntu/temporal-investigation-20260909/overnight-20260909/specula-engine/runs/temporal-update-20260909-restart-1600/temporal-update/.specula-output/confirmation/CR-1/worktree/service/frontend/namespace_handler.go:667"}
    shared_cluster_t.go:72: 2026-09-09T20:29:03.788Z	debug	Frontend method invoked.	{"wf-namespace": "TestBugCR1CommittedUpdateSurvivesLostCallerReceipt-41ba2337-ddfc-480d-9187-b6b4d6f648dd", "operation": "ListSearchAttributes", "server-name": "", "cert-thumbprint": "", "logging-call-at": "/home/ubuntu/temporal-investigation-20260909/overnight-20260909/specula-engine/runs/temporal-update-20260909-restart-1600/temporal-update/.specula-output/confirmation/CR-1/worktree/common/rpc/interceptor/namespace_logger.go:53"}
    shared_cluster_t.go:72: 2026-09-09T20:29:03.788Z	debug	Frontend method invoked.	{"wf-namespace": "TestBugCR1CommittedUpdateSurvivesLostCallerReceipt-41ba2337-ddfc-480d-9187-b6b4d6f648dd", "operation": "DescribeNamespace", "server-name": "", "cert-thumbprint": "", "logging-call-at": "/home/ubuntu/temporal-investigation-20260909/overnight-20260909/specula-engine/runs/temporal-update-20260909-restart-1600/temporal-update/.specula-output/confirmation/CR-1/worktree/common/rpc/interceptor/namespace_logger.go:53"}
    shared_cluster_t.go:72: 2026-09-09T20:29:03.788Z	info	Register namespace succeeded	{"wf-namespace": "TestBugCR1CommittedUpdateSurvivesLostCallerReceipt-41ba2337-ddfc-480d-9187-b6b4d6f648dd", "wf-namespace-id": "d2b22564-15e0-4a2d-a698-91bd1671fded", "logging-call-at": "/home/ubuntu/temporal-investigation-20260909/overnight-20260909/specula-engine/runs/temporal-update-20260909-restart-1600/temporal-update/.specula-output/confirmation/CR-1/worktree/tests/testcore/functional_test_base.go:600"}
    shared_cluster_t.go:72: 2026-09-09T20:29:03.788Z	debug	routing key extraction: adding routing key to context	{"wf-id": "TestBugCR1CommittedUpdateSurvivesLostCallerReceipt_workflow_id", "grpc-method": "/temporal.api.workflowservice.v1.WorkflowService/StartWorkflowExecution", "logging-call-at": "/home/ubuntu/temporal-investigation-20260909/overnight-20260909/specula-engine/runs/temporal-update-20260909-restart-1600/temporal-update/.specula-output/confirmation/CR-1/worktree/common/rpc/interceptor/routing_key_interceptor.go:112"}
    shared_cluster_t.go:72: 2026-09-09T20:29:03.788Z	debug	Frontend method invoked.	{"wf-namespace": "TestBugCR1CommittedUpdateSurvivesLostCallerReceipt-41ba2337-ddfc-480d-9187-b6b4d6f648dd", "operation": "StartWorkflowExecution", "server-name": "", "cert-thumbprint": "", "logging-call-at": "/home/ubuntu/temporal-investigation-20260909/overnight-20260909/specula-engine/runs/temporal-update-20260909-restart-1600/temporal-update/.specula-output/confirmation/CR-1/worktree/common/rpc/interceptor/namespace_logger.go:53"}
    shared_cluster_t.go:72: 2026-09-09T20:29:03.789Z	debug	Received StartWorkflowExecution.	{"service": "frontend", "wf-id": "TestBugCR1CommittedUpdateSurvivesLostCallerReceipt_workflow_id", "wf-type": "TestBugCR1CommittedUpdateSurvivesLostCallerReceipt_workflow_type", "logging-call-at": "/home/ubuntu/temporal-investigation-20260909/overnight-20260909/specula-engine/runs/temporal-update-20260909-restart-1600/temporal-update/.specula-output/confirmation/CR-1/worktree/service/frontend/workflow_handler.go:561"}
    shared_cluster_t.go:72: 2026-09-09T20:29:03.789Z	debug	Start workflow execution request namespace.	{"service": "frontend", "wf-namespace": "TestBugCR1CommittedUpdateSurvivesLostCallerReceipt-41ba2337-ddfc-480d-9187-b6b4d6f648dd", "logging-call-at": "/home/ubuntu/temporal-investigation-20260909/overnight-20260909/specula-engine/runs/temporal-update-20260909-restart-1600/temporal-update/.specula-output/confirmation/CR-1/worktree/service/frontend/workflow_handler.go:565"}
    shared_cluster_t.go:72: 2026-09-09T20:29:03.789Z	debug	Start workflow execution request namespaceID.	{"service": "frontend", "wf-namespace-id": "d2b22564-15e0-4a2d-a698-91bd1671fded", "logging-call-at": "/home/ubuntu/temporal-investigation-20260909/overnight-20260909/specula-engine/runs/temporal-update-20260909-restart-1600/temporal-update/.specula-output/confirmation/CR-1/worktree/service/frontend/workflow_handler.go:570"}
    shared_cluster_t.go:72: 2026-09-09T20:29:03.791Z	debug	Workflow task updated	{"address": "127.0.0.1:38411", "attempt": 1, "shard-id": 3, "wf-id": "TestBugCR1CommittedUpdateSurvivesLostCallerReceipt_workflow_id", "wf-namespace": "TestBugCR1CommittedUpdateSurvivesLostCallerReceipt-41ba2337-ddfc-480d-9187-b6b4d6f648dd", "wf-run-id": "01a087dc-19ae-77a7-9ca3-02c01d492860", "wf-scheduled-event-id": 2, "wf-started-event-id": 0, "wf-started-timestamp": "0001-01-01T00:00:00.000Z", "workflow-task-request-id": "emptyUuid", "workflow-task-timeout": 10, "wt-type": "Normal", "logging-call-at": "/home/ubuntu/temporal-investigation-20260909/overnight-20260909/specula-engine/runs/temporal-update-20260909-restart-1600/temporal-update/.specula-output/confirmation/CR-1/worktree/common/log/lazy_logger.go:30"}
    shared_cluster_t.go:72: 2026-09-09T20:29:03.791Z	debug	time skipping skipped for: time skipping is not enabled	{"address": "127.0.0.1:38411", "shard-id": 3, "wf-id": "TestBugCR1CommittedUpdateSurvivesLostCallerReceipt_workflow_id", "wf-namespace": "TestBugCR1CommittedUpdateSurvivesLostCallerReceipt-41ba2337-ddfc-480d-9187-b6b4d6f648dd", "wf-run-id": "01a087dc-19ae-77a7-9ca3-02c01d492860", "logging-call-at": "/home/ubuntu/temporal-investigation-20260909/overnight-20260909/specula-engine/runs/temporal-update-20260909-restart-1600/temporal-update/.specula-output/confirmation/CR-1/worktree/common/log/lazy_logger.go:30"}
    shared_cluster_t.go:72: 2026-09-09T20:29:03.791Z	debug	Assigning new task key	{"address": "127.0.0.1:38411", "cursor-timestamp": "2026-09-09T20:29:04.781Z", "queue-task-id": 1048579, "queue-task-type": "VisibilityStartExecution", "shard-id": 3, "timestamp": "2026-09-09T20:29:03.791Z", "wf-id": "TestBugCR1CommittedUpdateSurvivesLostCallerReceipt_workflow_id", "wf-namespace-id": "d2b22564-15e0-4a2d-a698-91bd1671fded", "wf-run-id": "01a087dc-19ae-77a7-9ca3-02c01d492860", "logging-call-at": "/home/ubuntu/temporal-investigation-20260909/overnight-20260909/specula-engine/runs/temporal-update-20260909-restart-1600/temporal-update/.specula-output/confirmation/CR-1/worktree/service/history/shard/task_key_generator.go:98"}
    shared_cluster_t.go:72: 2026-09-09T20:29:03.791Z	debug	Assigning new task key	{"address": "127.0.0.1:38411", "cursor-timestamp": "2026-09-09T20:29:04.781Z", "queue-task-id": 1048580, "queue-task-type": "TransferWorkflowTask", "shard-id": 3, "timestamp": "2026-09-09T20:29:03.791Z", "wf-id": "TestBugCR1CommittedUpdateSurvivesLostCallerReceipt_workflow_id", "wf-namespace-id": "d2b22564-15e0-4a2d-a698-91bd1671fded", "wf-run-id": "01a087dc-19ae-77a7-9ca3-02c01d492860", "logging-call-at": "/home/ubuntu/temporal-investigation-20260909/overnight-20260909/specula-engine/runs/temporal-update-20260909-restart-1600/temporal-update/.specula-output/confirmation/CR-1/worktree/service/history/shard/task_key_generator.go:98"}
    shared_cluster_t.go:72: 2026-09-09T20:29:03.791Z	info	Quota changed	{"component": "persistence", "current-quota": null, "new-quota": 0, "scope": "namespace", "service": "history", "wf-namespace": "TestBugCR1CommittedUpdateSurvivesLostCallerReceipt-41ba2337-ddfc-480d-9187-b6b4d6f648dd", "logging-call-at": "/home/ubuntu/temporal-investigation-20260909/overnight-20260909/specula-engine/runs/temporal-update-20260909-restart-1600/temporal-update/.specula-output/confirmation/CR-1/worktree/common/quotas/calculator/logged_calculator.go:100"}
    shared_cluster_t.go:72: 2026-09-09T20:29:03.792Z	info	ContextMetadataInterceptor: Setting trailer	{"trailer": {"contextmetadata-bin":["\nQ\n\rworkflow-type\u0012@TestBugCR1CommittedUpdateSurvivesLostCallerReceipt_workflow_type\nT\n\u0013workflow-task-queue\u0012=TestBugCR1CommittedUpdateSurvivesLostCallerReceipt_task_queue"],"contextmetadata-workflow-task-queue":["TestBugCR1CommittedUpdateSurvivesLostCallerReceipt_task_queue"],"contextmetadata-workflow-type":["TestBugCR1CommittedUpdateSurvivesLostCallerReceipt_workflow_type"],"workflow-task-queue":["TestBugCR1CommittedUpdateSurvivesLostCallerReceipt_task_queue"],"workflow-type":["TestBugCR1CommittedUpdateSurvivesLostCallerReceipt_workflow_type"]}, "fullMethod": "/temporal.server.api.historyservice.v1.HistoryService/StartWorkflowExecution", "logging-call-at": "/home/ubuntu/temporal-investigation-20260909/overnight-20260909/specula-engine/runs/temporal-update-20260909-restart-1600/temporal-update/.specula-output/confirmation/CR-1/worktree/common/log/throttle_logger.go:44"}
    shared_cluster_t.go:72: 2026-09-09T20:29:03.793Z	debug	routing key extraction: adding routing key to context	{"wf-id": "TestBugCR1CommittedUpdateSurvivesLostCallerReceipt_workflow_id", "grpc-method": "/temporal.api.workflowservice.v1.WorkflowService/PollWorkflowExecutionUpdate", "logging-call-at": "/home/ubuntu/temporal-investigation-20260909/overnight-20260909/specula-engine/runs/temporal-update-20260909-restart-1600/temporal-update/.specula-output/confirmation/CR-1/worktree/common/rpc/interceptor/routing_key_interceptor.go:112"}
    shared_cluster_t.go:72: 2026-09-09T20:29:03.793Z	debug	Frontend method invoked.	{"wf-namespace": "TestBugCR1CommittedUpdateSurvivesLostCallerReceipt-41ba2337-ddfc-480d-9187-b6b4d6f648dd", "operation": "PollWorkflowExecutionUpdate", "server-name": "", "cert-thumbprint": "", "logging-call-at": "/home/ubuntu/temporal-investigation-20260909/overnight-20260909/specula-engine/runs/temporal-update-20260909-restart-1600/temporal-update/.specula-output/confirmation/CR-1/worktree/common/rpc/interceptor/namespace_logger.go:53"}
    shared_cluster_t.go:72: 2026-09-09T20:29:03.793Z	info	Quota changed	{"component": "long-poll-handler", "current-quota": null, "new-quota": 1200, "scope": "namespace", "service": "frontend", "wf-namespace": "TestBugCR1CommittedUpdateSurvivesLostCallerReceipt-41ba2337-ddfc-480d-9187-b6b4d6f648dd", "logging-call-at": "/home/ubuntu/temporal-investigation-20260909/overnight-20260909/specula-engine/runs/temporal-update-20260909-restart-1600/temporal-update/.specula-output/confirmation/CR-1/worktree/common/quotas/calculator/logged_calculator.go:100"}
    shared_cluster_t.go:72: 2026-09-09T20:29:03.793Z	debug	routing key extraction: adding routing key to context	{"wf-id": "TestBugCR1CommittedUpdateSurvivesLostCallerReceipt_workflow_id", "grpc-method": "/temporal.api.workflowservice.v1.WorkflowService/UpdateWorkflowExecution", "logging-call-at": "/home/ubuntu/temporal-investigation-20260909/overnight-20260909/specula-engine/runs/temporal-update-20260909-restart-1600/temporal-update/.specula-output/confirmation/CR-1/worktree/common/rpc/interceptor/routing_key_interceptor.go:112"}
    shared_cluster_t.go:72: 2026-09-09T20:29:03.793Z	debug	Frontend method invoked.	{"wf-namespace": "TestBugCR1CommittedUpdateSurvivesLostCallerReceipt-41ba2337-ddfc-480d-9187-b6b4d6f648dd", "operation": "UpdateWorkflowExecution", "server-name": "", "cert-thumbprint": "", "logging-call-at": "/home/ubuntu/temporal-investigation-20260909/overnight-20260909/specula-engine/runs/temporal-update-20260909-restart-1600/temporal-update/.specula-output/confirmation/CR-1/worktree/common/rpc/interceptor/namespace_logger.go:53"}
    shared_cluster_t.go:72: 2026-09-09T20:29:03.794Z	debug	update state change	{"address": "127.0.0.1:38411", "component": "workflow-update", "from-state": "Created", "shard-id": 3, "to-state": "ProvisionallyAdmitted", "update-id": "TestBugCR1CommittedUpdateSurvivesLostCallerReceipt_update_id", "wf-id": "TestBugCR1CommittedUpdateSurvivesLostCallerReceipt_workflow_id", "wf-namespace-id": "d2b22564-15e0-4a2d-a698-91bd1671fded", "wf-run-id": "01a087dc-19ae-77a7-9ca3-02c01d492860", "logging-call-at": "/home/ubuntu/temporal-investigation-20260909/overnight-20260909/specula-engine/runs/temporal-update-20260909-restart-1600/temporal-update/.specula-output/confirmation/CR-1/worktree/common/log/lazy_logger.go:30"}
    shared_cluster_t.go:72: 2026-09-09T20:29:03.794Z	debug	update state change	{"address": "127.0.0.1:38411", "component": "workflow-update", "from-state": "ProvisionallyAdmitted", "shard-id": 3, "to-state": "Admitted", "update-id": "TestBugCR1CommittedUpdateSurvivesLostCallerReceipt_update_id", "wf-id": "TestBugCR1CommittedUpdateSurvivesLostCallerReceipt_workflow_id", "wf-namespace-id": "d2b22564-15e0-4a2d-a698-91bd1671fded", "wf-run-id": "01a087dc-19ae-77a7-9ca3-02c01d492860", "logging-call-at": "/home/ubuntu/temporal-investigation-20260909/overnight-20260909/specula-engine/runs/temporal-update-20260909-restart-1600/temporal-update/.specula-output/confirmation/CR-1/worktree/common/log/lazy_logger.go:30"}
    shared_cluster_t.go:72: 2026-09-09T20:29:03.803Z	debug	routing key extraction: adding routing key to context	{"wf-id": "TestBugCR1CommittedUpdateSurvivesLostCallerReceipt_workflow_id", "grpc-method": "/temporal.api.workflowservice.v1.WorkflowService/PollWorkflowExecutionUpdate", "logging-call-at": "/home/ubuntu/temporal-investigation-20260909/overnight-20260909/specula-engine/runs/temporal-update-20260909-restart-1600/temporal-update/.specula-output/confirmation/CR-1/worktree/common/rpc/interceptor/routing_key_interceptor.go:112"}
    shared_cluster_t.go:72: 2026-09-09T20:29:03.803Z	debug	Frontend method invoked.	{"wf-namespace": "TestBugCR1CommittedUpdateSurvivesLostCallerReceipt-41ba2337-ddfc-480d-9187-b6b4d6f648dd", "operation": "PollWorkflowExecutionUpdate", "server-name": "", "cert-thumbprint": "", "logging-call-at": "/home/ubuntu/temporal-investigation-20260909/overnight-20260909/specula-engine/runs/temporal-update-20260909-restart-1600/temporal-update/.specula-output/confirmation/CR-1/worktree/common/rpc/interceptor/namespace_logger.go:53"}
    shared_cluster_t.go:72: 2026-09-09T20:29:03.804Z	debug	Frontend method invoked.	{"wf-namespace": "TestBugCR1CommittedUpdateSurvivesLostCallerReceipt-41ba2337-ddfc-480d-9187-b6b4d6f648dd", "operation": "PollWorkflowTaskQueue", "server-name": "", "cert-thumbprint": "", "logging-call-at": "/home/ubuntu/temporal-investigation-20260909/overnight-20260909/specula-engine/runs/temporal-update-20260909-restart-1600/temporal-update/.specula-output/confirmation/CR-1/worktree/common/rpc/interceptor/namespace_logger.go:53"}
    shared_cluster_t.go:72: 2026-09-09T20:29:03.804Z	debug	Received PollWorkflowTaskQueue	{"service": "frontend", "logging-call-at": "/home/ubuntu/temporal-investigation-20260909/overnight-20260909/specula-engine/runs/temporal-update-20260909-restart-1600/temporal-update/.specula-output/confirmation/CR-1/worktree/service/frontend/workflow_handler.go:1079"}
    shared_cluster_t.go:72: 2026-09-09T20:29:03.804Z	debug	Poll workflow task queue.	{"service": "frontend", "wf-namespace": "TestBugCR1CommittedUpdateSurvivesLostCallerReceipt-41ba2337-ddfc-480d-9187-b6b4d6f648dd", "wf-namespace-id": "d2b22564-15e0-4a2d-a698-91bd1671fded", "logging-call-at": "/home/ubuntu/temporal-investigation-20260909/overnight-20260909/specula-engine/runs/temporal-update-20260909-restart-1600/temporal-update/.specula-output/confirmation/CR-1/worktree/service/frontend/workflow_handler.go:1116"}
    shared_cluster_t.go:72: 2026-09-09T20:29:03.805Z	info	Quota changed	{"component": "persistence", "current-quota": null, "new-quota": 0, "scope": "namespace", "service": "matching", "wf-namespace": "TestBugCR1CommittedUpdateSurvivesLostCallerReceipt-41ba2337-ddfc-480d-9187-b6b4d6f648dd", "logging-call-at": "/home/ubuntu/temporal-investigation-20260909/overnight-20260909/specula-engine/runs/temporal-update-20260909-restart-1600/temporal-update/.specula-output/confirmation/CR-1/worktree/common/quotas/calculator/logged_calculator.go:100"}
    shared_cluster_t.go:72: 2026-09-09T20:29:03.806Z	info	loaded user data from db	{"component": "matching-engine", "timestamp": "1970-01-01T00:00:00.000Z", "user-data-version": 0, "wf-namespace": "TestBugCR1CommittedUpdateSurvivesLostCallerReceipt-41ba2337-ddfc-480d-9187-b6b4d6f648dd", "wf-task-queue-name": "TestBugCR1CommittedUpdateSurvivesLostCallerReceipt_task_queue", "wf-task-queue-type": "Workflow", "logging-call-at": "/home/ubuntu/temporal-investigation-20260909/overnight-20260909/specula-engine/runs/temporal-update-20260909-restart-1600/temporal-update/.specula-output/confirmation/CR-1/worktree/service/matching/user_data_manager.go:871"}
    shared_cluster_t.go:72: 2026-09-09T20:29:03.806Z	info	Started physicalTaskQueueManager	{"backlog": "priority", "cause": "UserData", "component": "matching-engine", "lifecycle": "Started", "wf-namespace": "TestBugCR1CommittedUpdateSurvivesLostCallerReceipt-41ba2337-ddfc-480d-9187-b6b4d6f648dd", "wf-task-queue-name": "TestBugCR1CommittedUpdateSurvivesLostCallerReceipt_task_queue", "wf-task-queue-type": "Workflow", "worker-version": "_unversioned_", "logging-call-at": "/home/ubuntu/temporal-investigation-20260909/overnight-20260909/specula-engine/runs/temporal-update-20260909-restart-1600/temporal-update/.specula-output/confirmation/CR-1/worktree/service/matching/physical_task_queue_manager.go:312"}
    shared_cluster_t.go:72: 2026-09-09T20:29:03.806Z	info	Starting draining	{"backlog": "fairness-drain", "component": "matching-engine", "wf-namespace": "TestBugCR1CommittedUpdateSurvivesLostCallerReceipt-41ba2337-ddfc-480d-9187-b6b4d6f648dd", "wf-task-queue-name": "TestBugCR1CommittedUpdateSurvivesLostCallerReceipt_task_queue", "wf-task-queue-type": "Workflow", "worker-version": "_unversioned_", "logging-call-at": "/home/ubuntu/temporal-investigation-20260909/overnight-20260909/specula-engine/runs/temporal-update-20260909-restart-1600/temporal-update/.specula-output/confirmation/CR-1/worktree/service/matching/physical_task_queue_manager.go:430"}
    shared_cluster_t.go:72: 2026-09-09T20:29:03.806Z	debug	returning empty user data (no data or no change)	{"component": "matching-engine", "wf-namespace": "TestBugCR1CommittedUpdateSurvivesLostCallerReceipt-41ba2337-ddfc-480d-9187-b6b4d6f648dd", "wf-task-queue-name": "TestBugCR1CommittedUpdateSurvivesLostCallerReceipt_task_queue", "wf-task-queue-type": "Workflow", "logging-call-at": "/home/ubuntu/temporal-investigation-20260909/overnight-20260909/specula-engine/runs/temporal-update-20260909-restart-1600/temporal-update/.specula-output/confirmation/CR-1/worktree/service/matching/user_data_manager.go:644"}
    shared_cluster_t.go:72: 2026-09-09T20:29:03.807Z	info	TrailerToContextMetadataInterceptor: No metadata in trailer	{"contextWrapped": false, "method": "/temporal.server.api.matchingservice.v1.MatchingService/GetTaskQueueUserData", "service": "matching", "logging-call-at": "/home/ubuntu/temporal-investigation-20260909/overnight-20260909/specula-engine/runs/temporal-update-20260909-restart-1600/temporal-update/.specula-output/confirmation/CR-1/worktree/common/log/throttle_logger.go:44"}
    shared_cluster_t.go:72: 2026-09-09T20:29:03.807Z	debug	fetched user data from parent, no change	{"component": "matching-engine", "wf-namespace": "TestBugCR1CommittedUpdateSurvivesLostCallerReceipt-41ba2337-ddfc-480d-9187-b6b4d6f648dd", "wf-task-queue-name": "/_sys/TestBugCR1CommittedUpdateSurvivesLostCallerReceipt_task_queue/1", "wf-task-queue-type": "Workflow", "logging-call-at": "/home/ubuntu/temporal-investigation-20260909/overnight-20260909/specula-engine/runs/temporal-update-20260909-restart-1600/temporal-update/.specula-output/confirmation/CR-1/worktree/service/matching/user_data_manager.go:351"}
    shared_cluster_t.go:72: 2026-09-09T20:29:03.807Z	info	Started physicalTaskQueueManager	{"backlog": "priority", "cause": "Poll", "component": "matching-engine", "lifecycle": "Started", "wf-namespace": "TestBugCR1CommittedUpdateSurvivesLostCallerReceipt-41ba2337-ddfc-480d-9187-b6b4d6f648dd", "wf-task-queue-name": "/_sys/TestBugCR1CommittedUpdateSurvivesLostCallerReceipt_task_queue/1", "wf-task-queue-type": "Workflow", "worker-version": "_unversioned_", "logging-call-at": "/home/ubuntu/temporal-investigation-20260909/overnight-20260909/specula-engine/runs/temporal-update-20260909-restart-1600/temporal-update/.specula-output/confirmation/CR-1/worktree/service/matching/physical_task_queue_manager.go:312"}
    shared_cluster_t.go:72: 2026-09-09T20:29:03.807Z	debug	returning empty user data (no data or no change)	{"component": "matching-engine", "wf-namespace": "TestBugCR1CommittedUpdateSurvivesLostCallerReceipt-41ba2337-ddfc-480d-9187-b6b4d6f648dd", "wf-task-queue-name": "TestBugCR1CommittedUpdateSurvivesLostCallerReceipt_task_queue", "wf-task-queue-type": "Workflow", "logging-call-at": "/home/ubuntu/temporal-investigation-20260909/overnight-20260909/specula-engine/runs/temporal-update-20260909-restart-1600/temporal-update/.specula-output/confirmation/CR-1/worktree/service/matching/user_data_manager.go:644"}
    shared_cluster_t.go:72: 2026-09-09T20:29:03.807Z	info	Starting draining	{"backlog": "fairness-drain", "component": "matching-engine", "wf-namespace": "TestBugCR1CommittedUpdateSurvivesLostCallerReceipt-41ba2337-ddfc-480d-9187-b6b4d6f648dd", "wf-task-queue-name": "/_sys/TestBugCR1CommittedUpdateSurvivesLostCallerReceipt_task_queue/1", "wf-task-queue-type": "Workflow", "worker-version": "_unversioned_", "logging-call-at": "/home/ubuntu/temporal-investigation-20260909/overnight-20260909/specula-engine/runs/temporal-update-20260909-restart-1600/temporal-update/.specula-output/confirmation/CR-1/worktree/service/matching/physical_task_queue_manager.go:430"}
    shared_cluster_t.go:72: 2026-09-09T20:29:03.807Z	debug	returning empty user data (no data or no change)	{"component": "matching-engine", "wf-namespace": "TestBugCR1CommittedUpdateSurvivesLostCallerReceipt-41ba2337-ddfc-480d-9187-b6b4d6f648dd", "wf-task-queue-name": "TestBugCR1CommittedUpdateSurvivesLostCallerReceipt_task_queue", "wf-task-queue-type": "Workflow", "logging-call-at": "/home/ubuntu/temporal-investigation-20260909/overnight-20260909/specula-engine/runs/temporal-update-20260909-restart-1600/temporal-update/.specula-output/confirmation/CR-1/worktree/service/matching/user_data_manager.go:644"}
    shared_cluster_t.go:72: 2026-09-09T20:29:03.807Z	debug	fetched user data from parent, no change	{"component": "matching-engine", "wf-namespace": "TestBugCR1CommittedUpdateSurvivesLostCallerReceipt-41ba2337-ddfc-480d-9187-b6b4d6f648dd", "wf-task-queue-name": "/_sys/TestBugCR1CommittedUpdateSurvivesLostCallerReceipt_task_queue/3", "wf-task-queue-type": "Workflow", "logging-call-at": "/home/ubuntu/temporal-investigation-20260909/overnight-20260909/specula-engine/runs/temporal-update-20260909-restart-1600/temporal-update/.specula-output/confirmation/CR-1/worktree/service/matching/user_data_manager.go:351"}
    shared_cluster_t.go:72: 2026-09-09T20:29:03.807Z	debug	fetched user data from parent, no change	{"component": "matching-engine", "wf-namespace": "TestBugCR1CommittedUpdateSurvivesLostCallerReceipt-41ba2337-ddfc-480d-9187-b6b4d6f648dd", "wf-task-queue-name": "/_sys/TestBugCR1CommittedUpdateSurvivesLostCallerReceipt_task_queue/2", "wf-task-queue-type": "Workflow", "logging-call-at": "/home/ubuntu/temporal-investigation-20260909/overnight-20260909/specula-engine/runs/temporal-update-20260909-restart-1600/temporal-update/.specula-output/confirmation/CR-1/worktree/service/matching/user_data_manager.go:351"}
    shared_cluster_t.go:72: 2026-09-09T20:29:03.807Z	info	Started physicalTaskQueueManager	{"backlog": "priority", "cause": "Force", "component": "matching-engine", "lifecycle": "Started", "wf-namespace": "TestBugCR1CommittedUpdateSurvivesLostCallerReceipt-41ba2337-ddfc-480d-9187-b6b4d6f648dd", "wf-task-queue-name": "/_sys/TestBugCR1CommittedUpdateSurvivesLostCallerReceipt_task_queue/3", "wf-task-queue-type": "Workflow", "worker-version": "_unversioned_", "logging-call-at": "/home/ubuntu/temporal-investigation-20260909/overnight-20260909/specula-engine/runs/temporal-update-20260909-restart-1600/temporal-update/.specula-output/confirmation/CR-1/worktree/service/matching/physical_task_queue_manager.go:312"}
    shared_cluster_t.go:72: 2026-09-09T20:29:03.807Z	info	Started physicalTaskQueueManager	{"backlog": "priority", "cause": "Force", "component": "matching-engine", "lifecycle": "Started", "wf-namespace": "TestBugCR1CommittedUpdateSurvivesLostCallerReceipt-41ba2337-ddfc-480d-9187-b6b4d6f648dd", "wf-task-queue-name": "/_sys/TestBugCR1CommittedUpdateSurvivesLostCallerReceipt_task_queue/2", "wf-task-queue-type": "Workflow", "worker-version": "_unversioned_", "logging-call-at": "/home/ubuntu/temporal-investigation-20260909/overnight-20260909/specula-engine/runs/temporal-update-20260909-restart-1600/temporal-update/.specula-output/confirmation/CR-1/worktree/service/matching/physical_task_queue_manager.go:312"}
    shared_cluster_t.go:72: 2026-09-09T20:29:03.808Z	info	Starting draining	{"backlog": "fairness-drain", "component": "matching-engine", "wf-namespace": "TestBugCR1CommittedUpdateSurvivesLostCallerReceipt-41ba2337-ddfc-480d-9187-b6b4d6f648dd", "wf-task-queue-name": "/_sys/TestBugCR1CommittedUpdateSurvivesLostCallerReceipt_task_queue/3", "wf-task-queue-type": "Workflow", "worker-version": "_unversioned_", "logging-call-at": "/home/ubuntu/temporal-investigation-20260909/overnight-20260909/specula-engine/runs/temporal-update-20260909-restart-1600/temporal-update/.specula-output/confirmation/CR-1/worktree/service/matching/physical_task_queue_manager.go:430"}
    shared_cluster_t.go:72: 2026-09-09T20:29:03.808Z	info	Starting draining	{"backlog": "fairness-drain", "component": "matching-engine", "wf-namespace": "TestBugCR1CommittedUpdateSurvivesLostCallerReceipt-41ba2337-ddfc-480d-9187-b6b4d6f648dd", "wf-task-queue-name": "/_sys/TestBugCR1CommittedUpdateSurvivesLostCallerReceipt_task_queue/2", "wf-task-queue-type": "Workflow", "worker-version": "_unversioned_", "logging-call-at": "/home/ubuntu/temporal-investigation-20260909/overnight-20260909/specula-engine/runs/temporal-update-20260909-restart-1600/temporal-update/.specula-output/confirmation/CR-1/worktree/service/matching/physical_task_queue_manager.go:430"}
    shared_cluster_t.go:72: 2026-09-09T20:29:03.824Z	debug	Process task as active.	{"address": "127.0.0.1:38411", "component": "transfer-queue-processor", "shard-id": 3, "value": "WorkflowTask{WorkflowKey: d2b22564-15e0-4a2d-a698-91bd1671fded/TestBugCR1CommittedUpdateSurvivesLostCallerReceipt_workflow_id/01a087dc-19ae-77a7-9ca3-02c01d492860, VisibilityTimestamp: 2026-09-09 20:29:03.79156268 +0000 UTC, TaskID: 1048580, TaskQueue: TestBugCR1CommittedUpdateSurvivesLostCallerReceipt_task_queue, ScheduledEventID: 2, Version: 0}", "wf-namespace-id": "d2b22564-15e0-4a2d-a698-91bd1671fded", "logging-call-at": "/home/ubuntu/temporal-investigation-20260909/overnight-20260909/specula-engine/runs/temporal-update-20260909-restart-1600/temporal-update/.specula-output/confirmation/CR-1/worktree/service/history/queues/active_standby_executor.go:121"}
    shared_cluster_t.go:72: 2026-09-09T20:29:03.825Z	debug	Workflow task updated	{"address": "127.0.0.1:38411", "attempt": 1, "shard-id": 3, "wf-id": "TestBugCR1CommittedUpdateSurvivesLostCallerReceipt_workflow_id", "wf-namespace": "TestBugCR1CommittedUpdateSurvivesLostCallerReceipt-41ba2337-ddfc-480d-9187-b6b4d6f648dd", "wf-namespace-id": "d2b22564-15e0-4a2d-a698-91bd1671fded", "wf-run-id": "01a087dc-19ae-77a7-9ca3-02c01d492860", "wf-scheduled-event-id": 2, "wf-started-event-id": 3, "wf-started-timestamp": "2026-09-09T20:29:03.825Z", "workflow-task-request-id": "613e4e65-d1c1-4c34-a44b-2515f08a9087", "workflow-task-timeout": 10, "wt-type": "Normal", "logging-call-at": "/home/ubuntu/temporal-investigation-20260909/overnight-20260909/specula-engine/runs/temporal-update-20260909-restart-1600/temporal-update/.specula-output/confirmation/CR-1/worktree/common/log/lazy_logger.go:30"}
    shared_cluster_t.go:72: 2026-09-09T20:29:03.826Z	debug	update state change	{"address": "127.0.0.1:38411", "component": "workflow-update", "from-state": "Admitted", "shard-id": 3, "to-state": "Sent", "update-id": "TestBugCR1CommittedUpdateSurvivesLostCallerReceipt_update_id", "wf-id": "TestBugCR1CommittedUpdateSurvivesLostCallerReceipt_workflow_id", "wf-namespace-id": "d2b22564-15e0-4a2d-a698-91bd1671fded", "wf-run-id": "01a087dc-19ae-77a7-9ca3-02c01d492860", "logging-call-at": "/home/ubuntu/temporal-investigation-20260909/overnight-20260909/specula-engine/runs/temporal-update-20260909-restart-1600/temporal-update/.specula-output/confirmation/CR-1/worktree/common/log/lazy_logger.go:30"}
    shared_cluster_t.go:72: 2026-09-09T20:29:03.826Z	debug	time skipping skipped for: time skipping is not enabled	{"address": "127.0.0.1:38411", "shard-id": 3, "wf-id": "TestBugCR1CommittedUpdateSurvivesLostCallerReceipt_workflow_id", "wf-namespace": "TestBugCR1CommittedUpdateSurvivesLostCallerReceipt-41ba2337-ddfc-480d-9187-b6b4d6f648dd", "wf-namespace-id": "d2b22564-15e0-4a2d-a698-91bd1671fded", "wf-run-id": "01a087dc-19ae-77a7-9ca3-02c01d492860", "logging-call-at": "/home/ubuntu/temporal-investigation-20260909/overnight-20260909/specula-engine/runs/temporal-update-20260909-restart-1600/temporal-update/.specula-output/confirmation/CR-1/worktree/common/log/lazy_logger.go:30"}
    shared_cluster_t.go:72: 2026-09-09T20:29:03.826Z	debug	Assigning new task key	{"address": "127.0.0.1:38411", "cursor-timestamp": "2026-09-09T20:29:04.792Z", "queue-task-id": 1048584, "queue-task-type": "WorkflowTaskTimeout", "shard-id": 3, "timestamp": "2026-09-09T20:29:13.826Z", "wf-id": "TestBugCR1CommittedUpdateSurvivesLostCallerReceipt_workflow_id", "wf-namespace-id": "d2b22564-15e0-4a2d-a698-91bd1671fded", "wf-run-id": "01a087dc-19ae-77a7-9ca3-02c01d492860", "logging-call-at": "/home/ubuntu/temporal-investigation-20260909/overnight-20260909/specula-engine/runs/temporal-update-20260909-restart-1600/temporal-update/.specula-output/confirmation/CR-1/worktree/service/history/shard/task_key_generator.go:98"}
    shared_cluster_t.go:72: 2026-09-09T20:29:03.828Z	debug	routing key extraction: adding routing key to context	{"wf-id": "TestBugCR1CommittedUpdateSurvivesLostCallerReceipt_workflow_id", "grpc-method": "/temporal.api.workflowservice.v1.WorkflowService/RespondWorkflowTaskCompleted", "logging-call-at": "/home/ubuntu/temporal-investigation-20260909/overnight-20260909/specula-engine/runs/temporal-update-20260909-restart-1600/temporal-update/.specula-output/confirmation/CR-1/worktree/common/rpc/interceptor/routing_key_interceptor.go:112"}
    shared_cluster_t.go:72: 2026-09-09T20:29:03.828Z	debug	Frontend method invoked.	{"wf-namespace": "TestBugCR1CommittedUpdateSurvivesLostCallerReceipt-41ba2337-ddfc-480d-9187-b6b4d6f648dd", "operation": "RespondWorkflowTaskCompleted", "server-name": "", "cert-thumbprint": "", "logging-call-at": "/home/ubuntu/temporal-investigation-20260909/overnight-20260909/specula-engine/runs/temporal-update-20260909-restart-1600/temporal-update/.specula-output/confirmation/CR-1/worktree/common/rpc/interceptor/namespace_logger.go:53"}
    shared_cluster_t.go:72: 2026-09-09T20:29:03.828Z	debug	RespondWorkflowTaskCompleted	{"service": "history", "wf-id": "TestBugCR1CommittedUpdateSurvivesLostCallerReceipt_workflow_id", "wf-namespace-id": "d2b22564-15e0-4a2d-a698-91bd1671fded", "wf-run-id": "01a087dc-19ae-77a7-9ca3-02c01d492860", "wf-scheduled-event-id": 2, "logging-call-at": "/home/ubuntu/temporal-investigation-20260909/overnight-20260909/specula-engine/runs/temporal-update-20260909-restart-1600/temporal-update/.specula-output/confirmation/CR-1/worktree/service/history/handler.go:558"}
    shared_cluster_t.go:72: 2026-09-09T20:29:03.828Z	debug	Workflow task updated	{"address": "127.0.0.1:38411", "attempt": 1, "shard-id": 3, "wf-id": "TestBugCR1CommittedUpdateSurvivesLostCallerReceipt_workflow_id", "wf-namespace": "TestBugCR1CommittedUpdateSurvivesLostCallerReceipt-41ba2337-ddfc-480d-9187-b6b4d6f648dd", "wf-namespace-id": "d2b22564-15e0-4a2d-a698-91bd1671fded", "wf-run-id": "01a087dc-19ae-77a7-9ca3-02c01d492860", "wf-scheduled-event-id": 0, "wf-started-event-id": 0, "wf-started-timestamp": "1970-01-01T00:00:00.000Z", "workflow-task-request-id": "emptyUuid", "workflow-task-timeout": 0, "wt-type": "Unspecified", "logging-call-at": "/home/ubuntu/temporal-investigation-20260909/overnight-20260909/specula-engine/runs/temporal-update-20260909-restart-1600/temporal-update/.specula-output/confirmation/CR-1/worktree/common/log/lazy_logger.go:30"}
    shared_cluster_t.go:72: 2026-09-09T20:29:03.828Z	debug	update state change	{"address": "127.0.0.1:38411", "component": "workflow-update", "from-state": "Sent", "shard-id": 3, "to-state": "ProvisionallyAccepted", "update-id": "TestBugCR1CommittedUpdateSurvivesLostCallerReceipt_update_id", "wf-id": "TestBugCR1CommittedUpdateSurvivesLostCallerReceipt_workflow_id", "wf-namespace-id": "d2b22564-15e0-4a2d-a698-91bd1671fded", "wf-run-id": "01a087dc-19ae-77a7-9ca3-02c01d492860", "logging-call-at": "/home/ubuntu/temporal-investigation-20260909/overnight-20260909/specula-engine/runs/temporal-update-20260909-restart-1600/temporal-update/.specula-output/confirmation/CR-1/worktree/common/log/lazy_logger.go:30"}
    shared_cluster_t.go:72: 2026-09-09T20:29:03.828Z	debug	update state change	{"address": "127.0.0.1:38411", "component": "workflow-update", "from-state": "ProvisionallyAccepted", "shard-id": 3, "to-state": "ProvisionallyCompleted", "update-id": "TestBugCR1CommittedUpdateSurvivesLostCallerReceipt_update_id", "wf-id": "TestBugCR1CommittedUpdateSurvivesLostCallerReceipt_workflow_id", "wf-namespace-id": "d2b22564-15e0-4a2d-a698-91bd1671fded", "wf-run-id": "01a087dc-19ae-77a7-9ca3-02c01d492860", "logging-call-at": "/home/ubuntu/temporal-investigation-20260909/overnight-20260909/specula-engine/runs/temporal-update-20260909-restart-1600/temporal-update/.specula-output/confirmation/CR-1/worktree/common/log/lazy_logger.go:30"}
    shared_cluster_t.go:72: 2026-09-09T20:29:03.828Z	debug	time skipping skipped for: time skipping is not enabled	{"address": "127.0.0.1:38411", "shard-id": 3, "wf-id": "TestBugCR1CommittedUpdateSurvivesLostCallerReceipt_workflow_id", "wf-namespace": "TestBugCR1CommittedUpdateSurvivesLostCallerReceipt-41ba2337-ddfc-480d-9187-b6b4d6f648dd", "wf-namespace-id": "d2b22564-15e0-4a2d-a698-91bd1671fded", "wf-run-id": "01a087dc-19ae-77a7-9ca3-02c01d492860", "logging-call-at": "/home/ubuntu/temporal-investigation-20260909/overnight-20260909/specula-engine/runs/temporal-update-20260909-restart-1600/temporal-update/.specula-output/confirmation/CR-1/worktree/common/log/lazy_logger.go:30"}
    shared_cluster_t.go:72: 2026-09-09T20:29:03.829Z	debug	Assigning new task key	{"address": "127.0.0.1:38411", "cursor-timestamp": "2026-09-09T20:29:04.792Z", "queue-task-id": 1048590, "queue-task-type": "VisibilityUpsertExecution", "shard-id": 3, "timestamp": "2026-09-09T20:29:03.829Z", "wf-id": "TestBugCR1CommittedUpdateSurvivesLostCallerReceipt_workflow_id", "wf-namespace-id": "d2b22564-15e0-4a2d-a698-91bd1671fded", "wf-run-id": "01a087dc-19ae-77a7-9ca3-02c01d492860", "logging-call-at": "/home/ubuntu/temporal-investigation-20260909/overnight-20260909/specula-engine/runs/temporal-update-20260909-restart-1600/temporal-update/.specula-output/confirmation/CR-1/worktree/service/history/shard/task_key_generator.go:98"}
    shared_cluster_t.go:72: 2026-09-09T20:29:03.829Z	debug	update state change	{"address": "127.0.0.1:38411", "component": "workflow-update", "from-state": "ProvisionallyCompletedAfterAccepted", "shard-id": 3, "to-state": "Completed", "update-id": "TestBugCR1CommittedUpdateSurvivesLostCallerReceipt_update_id", "wf-id": "TestBugCR1CommittedUpdateSurvivesLostCallerReceipt_workflow_id", "wf-namespace-id": "d2b22564-15e0-4a2d-a698-91bd1671fded", "wf-run-id": "01a087dc-19ae-77a7-9ca3-02c01d492860", "logging-call-at": "/home/ubuntu/temporal-investigation-20260909/overnight-20260909/specula-engine/runs/temporal-update-20260909-restart-1600/temporal-update/.specula-output/confirmation/CR-1/worktree/common/log/lazy_logger.go:30"}
    fault_injection.go:45: Fault injection fired: *workflowservice.UpdateWorkflowExecutionRequest
    shared_cluster_t.go:72: 2026-09-09T20:29:03.829Z	error	service failures	{"operation": "UpdateWorkflowExecution", "wf-namespace": "TestBugCR1CommittedUpdateSurvivesLostCallerReceipt-41ba2337-ddfc-480d-9187-b6b4d6f648dd", "grpc_code": "Unavailable", "wf-id": "TestBugCR1CommittedUpdateSurvivesLostCallerReceipt_workflow_id", "wf-run-id": "01a087dc-19ae-77a7-9ca3-02c01d492860", "error": "CR-1: committed Update response lost after handler returned success", "logging-call-at": "/home/ubuntu/temporal-investigation-20260909/overnight-20260909/specula-engine/runs/temporal-update-20260909-restart-1600/temporal-update/.specula-output/confirmation/CR-1/worktree/common/rpc/interceptor/request_error_handler.go:96"}
        go.temporal.io/server/common/log.(*zapLogger).Error
        	/home/ubuntu/temporal-investigation-20260909/overnight-20260909/specula-engine/runs/temporal-update-20260909-restart-1600/temporal-update/.specula-output/confirmation/CR-1/worktree/common/log/zap_logger.go:191
        go.temporal.io/server/common/testing/testlogger.(*TestLogger).Error
        	/home/ubuntu/temporal-investigation-20260909/overnight-20260909/specula-engine/runs/temporal-update-20260909-restart-1600/temporal-update/.specula-output/confirmation/CR-1/worktree/common/testing/testlogger/testlogger.go:543
        go.temporal.io/server/common/rpc/interceptor.(*RequestErrorHandler).logError
        	/home/ubuntu/temporal-investigation-20260909/overnight-20260909/specula-engine/runs/temporal-update-20260909-restart-1600/temporal-update/.specula-output/confirmation/CR-1/worktree/common/rpc/interceptor/request_error_handler.go:96
        go.temporal.io/server/common/rpc/interceptor.(*RequestErrorHandler).HandleError
        	/home/ubuntu/temporal-investigation-20260909/overnight-20260909/specula-engine/runs/temporal-update-20260909-restart-1600/temporal-update/.specula-output/confirmation/CR-1/worktree/common/rpc/interceptor/request_error_handler.go:72
        go.temporal.io/server/common/rpc/interceptor.(*TelemetryInterceptor).UnaryIntercept
        	/home/ubuntu/temporal-investigation-20260909/overnight-20260909/specula-engine/runs/temporal-update-20260909-restart-1600/temporal-update/.specula-output/confirmation/CR-1/worktree/common/rpc/interceptor/telemetry.go:194
        google.golang.org/grpc.getChainUnaryHandler.1
        	/home/ubuntu/go/pkg/mod/google.golang.org/grpc@v1.82.1/server.go:1256
        go.temporal.io/server/common/rpc/interceptor.(*Redirection).handleRedirectAPIInvocation.func2
        	/home/ubuntu/temporal-investigation-20260909/overnight-20260909/specula-engine/runs/temporal-update-20260909-restart-1600/temporal-update/.specula-output/confirmation/CR-1/worktree/common/rpc/interceptor/redirection.go:318
        go.temporal.io/server/common/rpc/interceptor.(*NoopRedirectionPolicy).WithNamespaceRedirect
        	/home/ubuntu/temporal-investigation-20260909/overnight-20260909/specula-engine/runs/temporal-update-20260909-restart-1600/temporal-update/.specula-output/confirmation/CR-1/worktree/common/rpc/interceptor/dc_redirection_policy.go:124
        go.temporal.io/server/common/rpc/interceptor.(*Redirection).handleRedirectAPIInvocation
        	/home/ubuntu/temporal-investigation-20260909/overnight-20260909/specula-engine/runs/temporal-update-20260909-restart-1600/temporal-update/.specula-output/confirmation/CR-1/worktree/common/rpc/interceptor/redirection.go:315
        go.temporal.io/server/common/rpc/interceptor.(*Redirection).Intercept
        	/home/ubuntu/temporal-investigation-20260909/overnight-20260909/specula-engine/runs/temporal-update-20260909-restart-1600/temporal-update/.specula-output/confirmation/CR-1/worktree/common/rpc/interceptor/redirection.go:275
        google.golang.org/grpc.getChainUnaryHandler.func1
        	/home/ubuntu/go/pkg/mod/google.golang.org/grpc@v1.82.1/server.go:1256
        go.temporal.io/server/common/rpc/interceptor.(*NamespaceHandoverInterceptor).Intercept
        	/home/ubuntu/temporal-investigation-20260909/overnight-20260909/specula-engine/runs/temporal-update-20260909-restart-1600/temporal-update/.specula-output/confirmation/CR-1/worktree/common/rpc/interceptor/namespace_handover.go:141
        google.golang.org/grpc.getChainUnaryHandler.1
        	/home/ubuntu/go/pkg/mod/google.golang.org/grpc@v1.82.1/server.go:1256
        go.temporal.io/server/common/authorization.(*Interceptor).Intercept
        	/home/ubuntu/temporal-investigation-20260909/overnight-20260909/specula-engine/runs/temporal-update-20260909-restart-1600/temporal-update/.specula-output/confirmation/CR-1/worktree/common/authorization/interceptor.go:184
        google.golang.org/grpc.getChainUnaryHandler.func1
        	/home/ubuntu/go/pkg/mod/google.golang.org/grpc@v1.82.1/server.go:1256
        go.temporal.io/server/common/metrics.NewServerMetricsContextInjectorInterceptor.func1
        	/home/ubuntu/temporal-investigation-20260909/overnight-20260909/specula-engine/runs/temporal-update-20260909-restart-1600/temporal-update/.specula-output/confirmation/CR-1/worktree/common/metrics/grpc.go:42
        google.golang.org/grpc.getChainUnaryHandler.1
        	/home/ubuntu/go/pkg/mod/google.golang.org/grpc@v1.82.1/server.go:1256
        go.temporal.io/server/common/rpc/interceptor.(*NamespaceLogInterceptor).Intercept
        	/home/ubuntu/temporal-investigation-20260909/overnight-20260909/specula-engine/runs/temporal-update-20260909-restart-1600/temporal-update/.specula-output/confirmation/CR-1/worktree/common/rpc/interceptor/namespace_logger.go:60
        google.golang.org/grpc.getChainUnaryHandler.func1
        	/home/ubuntu/go/pkg/mod/google.golang.org/grpc@v1.82.1/server.go:1256
        go.temporal.io/server/common/rpc/interceptor.(*NamespaceValidatorInterceptor).NamespaceValidateIntercept
        	/home/ubuntu/temporal-investigation-20260909/overnight-20260909/specula-engine/runs/temporal-update-20260909-restart-1600/temporal-update/.specula-output/confirmation/CR-1/worktree/common/rpc/interceptor/namespace_validator.go:128
        google.golang.org/grpc.getChainUnaryHandler.1
        	/home/ubuntu/go/pkg/mod/google.golang.org/grpc@v1.82.1/server.go:1256
        go.temporal.io/server/common/rpc/interceptor.(*RoutingKeyInterceptor).Intercept
        	/home/ubuntu/temporal-investigation-20260909/overnight-20260909/specula-engine/runs/temporal-update-20260909-restart-1600/temporal-update/.specula-output/confirmation/CR-1/worktree/common/rpc/interceptor/routing_key_interceptor.go:121
        google.golang.org/grpc.getChainUnaryHandler.func1
        	/home/ubuntu/go/pkg/mod/google.golang.org/grpc@v1.82.1/server.go:1256
        go.temporal.io/server/common/rpc/interceptor.NewFrontendServiceErrorInterceptor.func1
        	/home/ubuntu/temporal-investigation-20260909/overnight-20260909/specula-engine/runs/temporal-update-20260909-restart-1600/temporal-update/.specula-output/confirmation/CR-1/worktree/common/rpc/interceptor/frontend_service_error.go:35
        google.golang.org/grpc.getChainUnaryHandler.1
        	/home/ubuntu/go/pkg/mod/google.golang.org/grpc@v1.82.1/server.go:1256
        go.temporal.io/server/common/rpc/interceptor.(*ServiceErrorInterceptor).capturePanicHandler
        	/home/ubuntu/temporal-investigation-20260909/overnight-20260909/specula-engine/runs/temporal-update-20260909-restart-1600/temporal-update/.specula-output/confirmation/CR-1/worktree/common/rpc/interceptor/service_error_interceptor.go:72
        go.temporal.io/server/common/rpc/interceptor.(*ServiceErrorInterceptor).Intercept
        	/home/ubuntu/temporal-investigation-20260909/overnight-20260909/specula-engine/runs/temporal-update-20260909-restart-1600/temporal-update/.specula-output/confirmation/CR-1/worktree/common/rpc/interceptor/service_error_interceptor.go:45
        google.golang.org/grpc.getChainUnaryHandler.func1
        	/home/ubuntu/go/pkg/mod/google.golang.org/grpc@v1.82.1/server.go:1256
        go.temporal.io/server/common/rpc/interceptor.(*MaskInternalErrorDetailsInterceptor).Intercept
        	/home/ubuntu/temporal-investigation-20260909/overnight-20260909/specula-engine/runs/temporal-update-20260909-restart-1600/temporal-update/.specula-output/confirmation/CR-1/worktree/common/rpc/interceptor/mask_internal_error.go:51
        google.golang.org/grpc.chainUnaryInterceptors.func1
        	/home/ubuntu/go/pkg/mod/google.golang.org/grpc@v1.82.1/server.go:1247
        go.temporal.io/api/workflowservice/v1._WorkflowService_UpdateWorkflowExecution_Handler
        	/home/ubuntu/go/pkg/mod/go.temporal.io/api@v1.63.5/workflowservice/v1/service_grpc.pb.go:4627
        google.golang.org/grpc.(*Server).processUnaryRPC
        	/home/ubuntu/go/pkg/mod/google.golang.org/grpc@v1.82.1/server.go:1443
        google.golang.org/grpc.(*Server).handleStream
        	/home/ubuntu/go/pkg/mod/google.golang.org/grpc@v1.82.1/server.go:1858
        google.golang.org/grpc.(*Server).serveStreams.func2.1
        	/home/ubuntu/go/pkg/mod/google.golang.org/grpc@v1.82.1/server.go:1078
    cr1_repro_test.go:56: CALLER_RECEIPT_LOST update_id=TestBugCR1CommittedUpdateSurvivesLostCallerReceipt_update_id error=*serviceerror.Unavailable:CR-1: committed Update response lost after handler returned success
    shared_cluster_t.go:72: 2026-09-09T20:29:03.830Z	debug	Frontend method invoked.	{"wf-namespace": "", "operation": "CloseShard", "server-name": "", "cert-thumbprint": "", "logging-call-at": "/home/ubuntu/temporal-investigation-20260909/overnight-20260909/specula-engine/runs/temporal-update-20260909-restart-1600/temporal-update/.specula-output/confirmation/CR-1/worktree/common/rpc/interceptor/namespace_logger.go:53"}
    shared_cluster_t.go:72: 2026-09-09T20:29:03.830Z	info	none	{"address": "127.0.0.1:38411", "component": "shard-controller", "numShards": 3, "logging-call-at": "/home/ubuntu/temporal-investigation-20260909/overnight-20260909/specula-engine/runs/temporal-update-20260909-restart-1600/temporal-update/.specula-output/confirmation/CR-1/worktree/service/history/shard/controller_impl.go:288"}
    shared_cluster_t.go:72: 2026-09-09T20:29:03.830Z	info	none	{"address": "127.0.0.1:38411", "component": "shard-context", "lifecycle": "Stopped", "shard-id": 3, "logging-call-at": "/home/ubuntu/temporal-investigation-20260909/overnight-20260909/specula-engine/runs/temporal-update-20260909-restart-1600/temporal-update/.specula-output/confirmation/CR-1/worktree/service/history/shard/context_impl.go:1739"}
    shared_cluster_t.go:72: 2026-09-09T20:29:03.830Z	info	none	{"address": "127.0.0.1:38411", "component": "shard-engine", "lifecycle": "Stopping", "shard-id": 3, "logging-call-at": "/home/ubuntu/temporal-investigation-20260909/overnight-20260909/specula-engine/runs/temporal-update-20260909-restart-1600/temporal-update/.specula-output/confirmation/CR-1/worktree/service/history/shard/context_impl.go:1589"}
    shared_cluster_t.go:72: 2026-09-09T20:29:03.830Z	info	none	{"address": "127.0.0.1:38411", "component": "history-engine", "lifecycle": "Stopping", "shard-id": 3, "logging-call-at": "/home/ubuntu/temporal-investigation-20260909/overnight-20260909/specula-engine/runs/temporal-update-20260909-restart-1600/temporal-update/.specula-output/confirmation/CR-1/worktree/service/history/history_engine.go:407"}
    shared_cluster_t.go:72: 2026-09-09T20:29:03.830Z	info	none	{"address": "127.0.0.1:38411", "component": "visibility-queue-processor", "lifecycle": "Stopping", "shard-id": 3, "logging-call-at": "/home/ubuntu/temporal-investigation-20260909/overnight-20260909/specula-engine/runs/temporal-update-20260909-restart-1600/temporal-update/.specula-output/confirmation/CR-1/worktree/service/history/queues/queue_immediate.go:112"}
    shared_cluster_t.go:72: 2026-09-09T20:29:03.830Z	info	queue reader stopped	{"address": "127.0.0.1:38411", "component": "visibility-queue-processor", "lifecycle": "Stopped", "queue-reader-id": 0, "shard-id": 3, "logging-call-at": "/home/ubuntu/temporal-investigation-20260909/overnight-20260909/specula-engine/runs/temporal-update-20260909-restart-1600/temporal-update/.specula-output/confirmation/CR-1/worktree/service/history/queues/reader.go:177"}
    shared_cluster_t.go:72: 2026-09-09T20:29:03.830Z	info	Task rescheduler stopped.	{"address": "127.0.0.1:38411", "component": "visibility-queue-processor", "lifecycle": "Stopped", "shard-id": 3, "logging-call-at": "/home/ubuntu/temporal-investigation-20260909/overnight-20260909/specula-engine/runs/temporal-update-20260909-restart-1600/temporal-update/.specula-output/confirmation/CR-1/worktree/service/history/queues/rescheduler.go:117"}
    shared_cluster_t.go:72: 2026-09-09T20:29:03.830Z	info	none	{"address": "127.0.0.1:38411", "component": "visibility-queue-processor", "lifecycle": "Stopped", "shard-id": 3, "logging-call-at": "/home/ubuntu/temporal-investigation-20260909/overnight-20260909/specula-engine/runs/temporal-update-20260909-restart-1600/temporal-update/.specula-output/confirmation/CR-1/worktree/service/history/queues/queue_immediate.go:122"}
    shared_cluster_t.go:72: 2026-09-09T20:29:03.830Z	info	none	{"address": "127.0.0.1:38411", "component": "timer-queue-processor", "lifecycle": "Stopping", "shard-id": 3, "logging-call-at": "/home/ubuntu/temporal-investigation-20260909/overnight-20260909/specula-engine/runs/temporal-update-20260909-restart-1600/temporal-update/.specula-output/confirmation/CR-1/worktree/service/history/queues/queue_scheduled.go:146"}
    shared_cluster_t.go:72: 2026-09-09T20:29:03.830Z	info	queue reader stopped	{"address": "127.0.0.1:38411", "component": "timer-queue-processor", "lifecycle": "Stopped", "queue-reader-id": 0, "shard-id": 3, "logging-call-at": "/home/ubuntu/temporal-investigation-20260909/overnight-20260909/specula-engine/runs/temporal-update-20260909-restart-1600/temporal-update/.specula-output/confirmation/CR-1/worktree/service/history/queues/reader.go:177"}
    shared_cluster_t.go:72: 2026-09-09T20:29:03.830Z	info	Task rescheduler stopped.	{"address": "127.0.0.1:38411", "component": "timer-queue-processor", "lifecycle": "Stopped", "shard-id": 3, "logging-call-at": "/home/ubuntu/temporal-investigation-20260909/overnight-20260909/specula-engine/runs/temporal-update-20260909-restart-1600/temporal-update/.specula-output/confirmation/CR-1/worktree/service/history/queues/rescheduler.go:117"}
    shared_cluster_t.go:72: 2026-09-09T20:29:03.830Z	info	none	{"address": "127.0.0.1:38411", "component": "timer-queue-processor", "lifecycle": "Stopped", "shard-id": 3, "logging-call-at": "/home/ubuntu/temporal-investigation-20260909/overnight-20260909/specula-engine/runs/temporal-update-20260909-restart-1600/temporal-update/.specula-output/confirmation/CR-1/worktree/service/history/queues/queue_scheduled.go:157"}
    shared_cluster_t.go:72: 2026-09-09T20:29:03.830Z	info	none	{"address": "127.0.0.1:38411", "component": "outbound-queue-processor", "lifecycle": "Stopping", "shard-id": 3, "logging-call-at": "/home/ubuntu/temporal-investigation-20260909/overnight-20260909/specula-engine/runs/temporal-update-20260909-restart-1600/temporal-update/.specula-output/confirmation/CR-1/worktree/service/history/queues/queue_immediate.go:112"}
    shared_cluster_t.go:72: 2026-09-09T20:29:03.830Z	info	queue reader stopped	{"address": "127.0.0.1:38411", "component": "outbound-queue-processor", "lifecycle": "Stopped", "queue-reader-id": 0, "shard-id": 3, "logging-call-at": "/home/ubuntu/temporal-investigation-20260909/overnight-20260909/specula-engine/runs/temporal-update-20260909-restart-1600/temporal-update/.specula-output/confirmation/CR-1/worktree/service/history/queues/reader.go:177"}
    shared_cluster_t.go:72: 2026-09-09T20:29:03.830Z	info	Task rescheduler stopped.	{"address": "127.0.0.1:38411", "component": "outbound-queue-processor", "lifecycle": "Stopped", "shard-id": 3, "logging-call-at": "/home/ubuntu/temporal-investigation-20260909/overnight-20260909/specula-engine/runs/temporal-update-20260909-restart-1600/temporal-update/.specula-output/confirmation/CR-1/worktree/service/history/queues/rescheduler.go:117"}
    shared_cluster_t.go:72: 2026-09-09T20:29:03.830Z	info	none	{"address": "127.0.0.1:38411", "component": "outbound-queue-processor", "lifecycle": "Stopped", "shard-id": 3, "logging-call-at": "/home/ubuntu/temporal-investigation-20260909/overnight-20260909/specula-engine/runs/temporal-update-20260909-restart-1600/temporal-update/.specula-output/confirmation/CR-1/worktree/service/history/queues/queue_immediate.go:122"}
    shared_cluster_t.go:72: 2026-09-09T20:29:03.830Z	info	none	{"address": "127.0.0.1:38411", "component": "transfer-queue-processor", "lifecycle": "Stopping", "shard-id": 3, "logging-call-at": "/home/ubuntu/temporal-investigation-20260909/overnight-20260909/specula-engine/runs/temporal-update-20260909-restart-1600/temporal-update/.specula-output/confirmation/CR-1/worktree/service/history/queues/queue_immediate.go:112"}
    shared_cluster_t.go:72: 2026-09-09T20:29:03.830Z	info	queue reader stopped	{"address": "127.0.0.1:38411", "component": "transfer-queue-processor", "lifecycle": "Stopped", "queue-reader-id": 0, "shard-id": 3, "logging-call-at": "/home/ubuntu/temporal-investigation-20260909/overnight-20260909/specula-engine/runs/temporal-update-20260909-restart-1600/temporal-update/.specula-output/confirmation/CR-1/worktree/service/history/queues/reader.go:177"}
    shared_cluster_t.go:72: 2026-09-09T20:29:03.830Z	info	Task rescheduler stopped.	{"address": "127.0.0.1:38411", "component": "transfer-queue-processor", "lifecycle": "Stopped", "shard-id": 3, "logging-call-at": "/home/ubuntu/temporal-investigation-20260909/overnight-20260909/specula-engine/runs/temporal-update-20260909-restart-1600/temporal-update/.specula-output/confirmation/CR-1/worktree/service/history/queues/rescheduler.go:117"}
    shared_cluster_t.go:72: 2026-09-09T20:29:03.830Z	info	none	{"address": "127.0.0.1:38411", "component": "transfer-queue-processor", "lifecycle": "Stopped", "shard-id": 3, "logging-call-at": "/home/ubuntu/temporal-investigation-20260909/overnight-20260909/specula-engine/runs/temporal-update-20260909-restart-1600/temporal-update/.specula-output/confirmation/CR-1/worktree/service/history/queues/queue_immediate.go:122"}
    shared_cluster_t.go:72: 2026-09-09T20:29:03.830Z	info	none	{"component": "memory-scheduled-queue-processor", "lifecycle": "Stopping", "service": "history", "logging-call-at": "/home/ubuntu/temporal-investigation-20260909/overnight-20260909/specula-engine/runs/temporal-update-20260909-restart-1600/temporal-update/.specula-output/confirmation/CR-1/worktree/service/history/queues/memory_scheduled_queue.go:93"}
    shared_cluster_t.go:72: 2026-09-09T20:29:03.830Z	info	none	{"component": "memory-scheduled-queue-processor", "lifecycle": "Stopped", "service": "history", "logging-call-at": "/home/ubuntu/temporal-investigation-20260909/overnight-20260909/specula-engine/runs/temporal-update-20260909-restart-1600/temporal-update/.specula-output/confirmation/CR-1/worktree/service/history/queues/memory_scheduled_queue.go:101"}
    shared_cluster_t.go:72: 2026-09-09T20:29:03.830Z	info	none	{"address": "127.0.0.1:38411", "component": "history-engine", "lifecycle": "Stopped", "shard-id": 3, "logging-call-at": "/home/ubuntu/temporal-investigation-20260909/overnight-20260909/specula-engine/runs/temporal-update-20260909-restart-1600/temporal-update/.specula-output/confirmation/CR-1/worktree/service/history/history_engine.go:416"}
    shared_cluster_t.go:72: 2026-09-09T20:29:03.830Z	info	none	{"address": "127.0.0.1:38411", "component": "shard-engine", "lifecycle": "Stopped", "shard-id": 3, "logging-call-at": "/home/ubuntu/temporal-investigation-20260909/overnight-20260909/specula-engine/runs/temporal-update-20260909-restart-1600/temporal-update/.specula-output/confirmation/CR-1/worktree/service/history/shard/context_impl.go:1591"}
    shared_cluster_t.go:72: 2026-09-09T20:29:03.830Z	debug	finalizer starting	{"address": "127.0.0.1:38411", "items": 2, "shard-id": 3, "timeout": 2, "logging-call-at": "/home/ubuntu/temporal-investigation-20260909/overnight-20260909/specula-engine/runs/temporal-update-20260909-restart-1600/temporal-update/.specula-output/confirmation/CR-1/worktree/common/finalizer/finalizer.go:108"}
    shared_cluster_t.go:72: 2026-09-09T20:29:03.830Z	debug	finalizer completed	{"address": "127.0.0.1:38411", "completed": 2, "shard-id": 3, "logging-call-at": "/home/ubuntu/temporal-investigation-20260909/overnight-20260909/specula-engine/runs/temporal-update-20260909-restart-1600/temporal-update/.specula-output/confirmation/CR-1/worktree/common/finalizer/finalizer.go:152"}
    shared_cluster_t.go:72: 2026-09-09T20:29:03.831Z	debug	routing key extraction: adding routing key to context	{"wf-id": "TestBugCR1CommittedUpdateSurvivesLostCallerReceipt_workflow_id", "grpc-method": "/temporal.api.workflowservice.v1.WorkflowService/PollWorkflowExecutionUpdate", "logging-call-at": "/home/ubuntu/temporal-investigation-20260909/overnight-20260909/specula-engine/runs/temporal-update-20260909-restart-1600/temporal-update/.specula-output/confirmation/CR-1/worktree/common/rpc/interceptor/routing_key_interceptor.go:112"}
    shared_cluster_t.go:72: 2026-09-09T20:29:03.831Z	debug	Frontend method invoked.	{"wf-namespace": "TestBugCR1CommittedUpdateSurvivesLostCallerReceipt-41ba2337-ddfc-480d-9187-b6b4d6f648dd", "operation": "PollWorkflowExecutionUpdate", "server-name": "", "cert-thumbprint": "", "logging-call-at": "/home/ubuntu/temporal-investigation-20260909/overnight-20260909/specula-engine/runs/temporal-update-20260909-restart-1600/temporal-update/.specula-output/confirmation/CR-1/worktree/common/rpc/interceptor/namespace_logger.go:53"}
    shared_cluster_t.go:72: 2026-09-09T20:29:03.831Z	info	none	{"address": "127.0.0.1:38411", "component": "shard-context", "lifecycle": "Started", "shard-id": 3, "logging-call-at": "/home/ubuntu/temporal-investigation-20260909/overnight-20260909/specula-engine/runs/temporal-update-20260909-restart-1600/temporal-update/.specula-output/confirmation/CR-1/worktree/service/history/shard/context_impl.go:1721"}
    shared_cluster_t.go:72: 2026-09-09T20:29:03.831Z	info	none	{"address": "127.0.0.1:38411", "component": "shard-controller", "numShards": 4, "logging-call-at": "/home/ubuntu/temporal-investigation-20260909/overnight-20260909/specula-engine/runs/temporal-update-20260909-restart-1600/temporal-update/.specula-output/confirmation/CR-1/worktree/service/history/shard/controller_impl.go:265"}
    shared_cluster_t.go:72: 2026-09-09T20:29:03.831Z	info	Range updated for shardID	{"address": "127.0.0.1:38411", "previous-shard-range-id": 1, "shard-id": 3, "shard-range-id": 2, "logging-call-at": "/home/ubuntu/temporal-investigation-20260909/overnight-20260909/specula-engine/runs/temporal-update-20260909-restart-1600/temporal-update/.specula-output/confirmation/CR-1/worktree/service/history/shard/context_impl.go:1199"}
    shared_cluster_t.go:72: 2026-09-09T20:29:03.831Z	info	Task key range updated	{"address": "127.0.0.1:38411", "next-number": 3145728, "number": 2097152, "shard-id": 3, "logging-call-at": "/home/ubuntu/temporal-investigation-20260909/overnight-20260909/specula-engine/runs/temporal-update-20260909-restart-1600/temporal-update/.specula-output/confirmation/CR-1/worktree/service/history/shard/task_key_generator.go:155"}
    shared_cluster_t.go:72: 2026-09-09T20:29:03.831Z	info	Acquired shard	{"address": "127.0.0.1:38411", "shard-id": 3, "logging-call-at": "/home/ubuntu/temporal-investigation-20260909/overnight-20260909/specula-engine/runs/temporal-update-20260909-restart-1600/temporal-update/.specula-output/confirmation/CR-1/worktree/service/history/shard/context_impl.go:2084"}
    shared_cluster_t.go:72: 2026-09-09T20:29:03.831Z	info	none	{"address": "127.0.0.1:38411", "component": "shard-engine", "lifecycle": "Starting", "shard-id": 3, "logging-call-at": "/home/ubuntu/temporal-investigation-20260909/overnight-20260909/specula-engine/runs/temporal-update-20260909-restart-1600/temporal-update/.specula-output/confirmation/CR-1/worktree/service/history/shard/context_impl.go:1562"}
    shared_cluster_t.go:72: 2026-09-09T20:29:03.831Z	info	none	{"address": "127.0.0.1:38411", "component": "history-engine", "lifecycle": "Starting", "shard-id": 3, "logging-call-at": "/home/ubuntu/temporal-investigation-20260909/overnight-20260909/specula-engine/runs/temporal-update-20260909-restart-1600/temporal-update/.specula-output/confirmation/CR-1/worktree/service/history/history_engine.go:386"}
    shared_cluster_t.go:72: 2026-09-09T20:29:03.831Z	info	none	{"address": "127.0.0.1:38411", "component": "timer-queue-processor", "lifecycle": "Starting", "shard-id": 3, "logging-call-at": "/home/ubuntu/temporal-investigation-20260909/overnight-20260909/specula-engine/runs/temporal-update-20260909-restart-1600/temporal-update/.specula-output/confirmation/CR-1/worktree/service/history/queues/queue_scheduled.go:130"}
    shared_cluster_t.go:72: 2026-09-09T20:29:03.831Z	info	Task rescheduler started.	{"address": "127.0.0.1:38411", "component": "timer-queue-processor", "lifecycle": "Started", "shard-id": 3, "logging-call-at": "/home/ubuntu/temporal-investigation-20260909/overnight-20260909/specula-engine/runs/temporal-update-20260909-restart-1600/temporal-update/.specula-output/confirmation/CR-1/worktree/service/history/queues/rescheduler.go:102"}
    shared_cluster_t.go:72: 2026-09-09T20:29:03.831Z	info	none	{"address": "127.0.0.1:38411", "component": "timer-queue-processor", "lifecycle": "Started", "shard-id": 3, "logging-call-at": "/home/ubuntu/temporal-investigation-20260909/overnight-20260909/specula-engine/runs/temporal-update-20260909-restart-1600/temporal-update/.specula-output/confirmation/CR-1/worktree/service/history/queues/queue_scheduled.go:139"}
    shared_cluster_t.go:72: 2026-09-09T20:29:03.831Z	info	none	{"address": "127.0.0.1:38411", "component": "outbound-queue-processor", "lifecycle": "Starting", "shard-id": 3, "logging-call-at": "/home/ubuntu/temporal-investigation-20260909/overnight-20260909/specula-engine/runs/temporal-update-20260909-restart-1600/temporal-update/.specula-output/confirmation/CR-1/worktree/service/history/queues/queue_immediate.go:96"}
    shared_cluster_t.go:72: 2026-09-09T20:29:03.831Z	info	Task rescheduler started.	{"address": "127.0.0.1:38411", "component": "outbound-queue-processor", "lifecycle": "Started", "shard-id": 3, "logging-call-at": "/home/ubuntu/temporal-investigation-20260909/overnight-20260909/specula-engine/runs/temporal-update-20260909-restart-1600/temporal-update/.specula-output/confirmation/CR-1/worktree/service/history/queues/rescheduler.go:102"}
    shared_cluster_t.go:72: 2026-09-09T20:29:03.831Z	info	none	{"address": "127.0.0.1:38411", "component": "outbound-queue-processor", "lifecycle": "Started", "shard-id": 3, "logging-call-at": "/home/ubuntu/temporal-investigation-20260909/overnight-20260909/specula-engine/runs/temporal-update-20260909-restart-1600/temporal-update/.specula-output/confirmation/CR-1/worktree/service/history/queues/queue_immediate.go:105"}
    shared_cluster_t.go:72: 2026-09-09T20:29:03.831Z	info	none	{"address": "127.0.0.1:38411", "component": "transfer-queue-processor", "lifecycle": "Starting", "shard-id": 3, "logging-call-at": "/home/ubuntu/temporal-investigation-20260909/overnight-20260909/specula-engine/runs/temporal-update-20260909-restart-1600/temporal-update/.specula-output/confirmation/CR-1/worktree/service/history/queues/queue_immediate.go:96"}
    shared_cluster_t.go:72: 2026-09-09T20:29:03.831Z	info	Task rescheduler started.	{"address": "127.0.0.1:38411", "component": "transfer-queue-processor", "lifecycle": "Started", "shard-id": 3, "logging-call-at": "/home/ubuntu/temporal-investigation-20260909/overnight-20260909/specula-engine/runs/temporal-update-20260909-restart-1600/temporal-update/.specula-output/confirmation/CR-1/worktree/service/history/queues/rescheduler.go:102"}
    shared_cluster_t.go:72: 2026-09-09T20:29:03.831Z	info	none	{"address": "127.0.0.1:38411", "component": "transfer-queue-processor", "lifecycle": "Started", "shard-id": 3, "logging-call-at": "/home/ubuntu/temporal-investigation-20260909/overnight-20260909/specula-engine/runs/temporal-update-20260909-restart-1600/temporal-update/.specula-output/confirmation/CR-1/worktree/service/history/queues/queue_immediate.go:105"}
    shared_cluster_t.go:72: 2026-09-09T20:29:03.831Z	error	Queue reader unable to retrieve tasks	{"address": "127.0.0.1:38411", "component": "timer-queue-processor", "error": "shard status unknown", "queue-reader-id": 0, "shard-id": 3, "logging-call-at": "/home/ubuntu/temporal-investigation-20260909/overnight-20260909/specula-engine/runs/temporal-update-20260909-restart-1600/temporal-update/.specula-output/confirmation/CR-1/worktree/service/history/queues/reader.go:457"}
        go.temporal.io/server/common/log.(*zapLogger).Error
        	/home/ubuntu/temporal-investigation-20260909/overnight-20260909/specula-engine/runs/temporal-update-20260909-restart-1600/temporal-update/.specula-output/confirmation/CR-1/worktree/common/log/zap_logger.go:191
        go.temporal.io/server/common/testing/testlogger.(*TestLogger).Error
        	/home/ubuntu/temporal-investigation-20260909/overnight-20260909/specula-engine/runs/temporal-update-20260909-restart-1600/temporal-update/.specula-output/confirmation/CR-1/worktree/common/testing/testlogger/testlogger.go:543
        go.temporal.io/server/service/history/queues.(*ReaderImpl).loadAndSubmitTasks
        	/home/ubuntu/temporal-investigation-20260909/overnight-20260909/specula-engine/runs/temporal-update-20260909-restart-1600/temporal-update/.specula-output/confirmation/CR-1/worktree/service/history/queues/reader.go:457
        go.temporal.io/server/service/history/queues.(*ReaderImpl).eventLoop
        	/home/ubuntu/temporal-investigation-20260909/overnight-20260909/specula-engine/runs/temporal-update-20260909-restart-1600/temporal-update/.specula-output/confirmation/CR-1/worktree/service/history/queues/reader.go:422
    shared_cluster_t.go:72: 2026-09-09T20:29:03.831Z	info	queue reader started	{"address": "127.0.0.1:38411", "component": "transfer-queue-processor", "lifecycle": "Started", "queue-reader-id": 0, "shard-id": 3, "logging-call-at": "/home/ubuntu/temporal-investigation-20260909/overnight-20260909/specula-engine/runs/temporal-update-20260909-restart-1600/temporal-update/.specula-output/confirmation/CR-1/worktree/service/history/queues/reader.go:158"}
    shared_cluster_t.go:72: 2026-09-09T20:29:03.831Z	info	none	{"component": "memory-scheduled-queue-processor", "lifecycle": "Starting", "service": "history", "logging-call-at": "/home/ubuntu/temporal-investigation-20260909/overnight-20260909/specula-engine/runs/temporal-update-20260909-restart-1600/temporal-update/.specula-output/confirmation/CR-1/worktree/service/history/queues/memory_scheduled_queue.go:81"}
    shared_cluster_t.go:72: 2026-09-09T20:29:03.831Z	info	none	{"component": "memory-scheduled-queue-processor", "lifecycle": "Started", "service": "history", "logging-call-at": "/home/ubuntu/temporal-investigation-20260909/overnight-20260909/specula-engine/runs/temporal-update-20260909-restart-1600/temporal-update/.specula-output/confirmation/CR-1/worktree/service/history/queues/memory_scheduled_queue.go:86"}
    shared_cluster_t.go:72: 2026-09-09T20:29:03.831Z	info	none	{"address": "127.0.0.1:38411", "component": "visibility-queue-processor", "lifecycle": "Starting", "shard-id": 3, "logging-call-at": "/home/ubuntu/temporal-investigation-20260909/overnight-20260909/specula-engine/runs/temporal-update-20260909-restart-1600/temporal-update/.specula-output/confirmation/CR-1/worktree/service/history/queues/queue_immediate.go:96"}
    shared_cluster_t.go:72: 2026-09-09T20:29:03.831Z	error	Queue reader unable to retrieve tasks	{"address": "127.0.0.1:38411", "component": "outbound-queue-processor", "error": "shard status unknown", "queue-reader-id": 0, "shard-id": 3, "logging-call-at": "/home/ubuntu/temporal-investigation-20260909/overnight-20260909/specula-engine/runs/temporal-update-20260909-restart-1600/temporal-update/.specula-output/confirmation/CR-1/worktree/service/history/queues/reader.go:457"}
        go.temporal.io/server/common/log.(*zapLogger).Error
        	/home/ubuntu/temporal-investigation-20260909/overnight-20260909/specula-engine/runs/temporal-update-20260909-restart-1600/temporal-update/.specula-output/confirmation/CR-1/worktree/common/log/zap_logger.go:191
        go.temporal.io/server/common/testing/testlogger.(*TestLogger).Error
        	/home/ubuntu/temporal-investigation-20260909/overnight-20260909/specula-engine/runs/temporal-update-20260909-restart-1600/temporal-update/.specula-output/confirmation/CR-1/worktree/common/testing/testlogger/testlogger.go:543
        go.temporal.io/server/service/history/queues.(*ReaderImpl).loadAndSubmitTasks
        	/home/ubuntu/temporal-investigation-20260909/overnight-20260909/specula-engine/runs/temporal-update-20260909-restart-1600/temporal-update/.specula-output/confirmation/CR-1/worktree/service/history/queues/reader.go:457
        go.temporal.io/server/service/history/queues.(*ReaderImpl).eventLoop
        	/home/ubuntu/temporal-investigation-20260909/overnight-20260909/specula-engine/runs/temporal-update-20260909-restart-1600/temporal-update/.specula-output/confirmation/CR-1/worktree/service/history/queues/reader.go:422
    shared_cluster_t.go:72: 2026-09-09T20:29:03.831Z	info	Task rescheduler started.	{"address": "127.0.0.1:38411", "component": "visibility-queue-processor", "lifecycle": "Started", "shard-id": 3, "logging-call-at": "/home/ubuntu/temporal-investigation-20260909/overnight-20260909/specula-engine/runs/temporal-update-20260909-restart-1600/temporal-update/.specula-output/confirmation/CR-1/worktree/service/history/queues/rescheduler.go:102"}
    shared_cluster_t.go:72: 2026-09-09T20:29:03.831Z	info	none	{"address": "127.0.0.1:38411", "component": "visibility-queue-processor", "lifecycle": "Started", "shard-id": 3, "logging-call-at": "/home/ubuntu/temporal-investigation-20260909/overnight-20260909/specula-engine/runs/temporal-update-20260909-restart-1600/temporal-update/.specula-output/confirmation/CR-1/worktree/service/history/queues/queue_immediate.go:105"}
    shared_cluster_t.go:72: 2026-09-09T20:29:03.831Z	info	queue reader started	{"address": "127.0.0.1:38411", "component": "outbound-queue-processor", "lifecycle": "Started", "queue-reader-id": 0, "shard-id": 3, "logging-call-at": "/home/ubuntu/temporal-investigation-20260909/overnight-20260909/specula-engine/runs/temporal-update-20260909-restart-1600/temporal-update/.specula-output/confirmation/CR-1/worktree/service/history/queues/reader.go:158"}
    shared_cluster_t.go:72: 2026-09-09T20:29:03.831Z	info	queue reader started	{"address": "127.0.0.1:38411", "component": "timer-queue-processor", "lifecycle": "Started", "queue-reader-id": 0, "shard-id": 3, "logging-call-at": "/home/ubuntu/temporal-investigation-20260909/overnight-20260909/specula-engine/runs/temporal-update-20260909-restart-1600/temporal-update/.specula-output/confirmation/CR-1/worktree/service/history/queues/reader.go:158"}
    shared_cluster_t.go:72: 2026-09-09T20:29:03.831Z	error	Queue reader unable to retrieve tasks	{"address": "127.0.0.1:38411", "component": "transfer-queue-processor", "error": "shard status unknown", "queue-reader-id": 0, "shard-id": 3, "logging-call-at": "/home/ubuntu/temporal-investigation-20260909/overnight-20260909/specula-engine/runs/temporal-update-20260909-restart-1600/temporal-update/.specula-output/confirmation/CR-1/worktree/service/history/queues/reader.go:457"}
        go.temporal.io/server/common/log.(*zapLogger).Error
        	/home/ubuntu/temporal-investigation-20260909/overnight-20260909/specula-engine/runs/temporal-update-20260909-restart-1600/temporal-update/.specula-output/confirmation/CR-1/worktree/common/log/zap_logger.go:191
        go.temporal.io/server/common/testing/testlogger.(*TestLogger).Error
        	/home/ubuntu/temporal-investigation-20260909/overnight-20260909/specula-engine/runs/temporal-update-20260909-restart-1600/temporal-update/.specula-output/confirmation/CR-1/worktree/common/testing/testlogger/testlogger.go:543
        go.temporal.io/server/service/history/queues.(*ReaderImpl).loadAndSubmitTasks
        	/home/ubuntu/temporal-investigation-20260909/overnight-20260909/specula-engine/runs/temporal-update-20260909-restart-1600/temporal-update/.specula-output/confirmation/CR-1/worktree/service/history/queues/reader.go:457
        go.temporal.io/server/service/history/queues.(*ReaderImpl).eventLoop
        	/home/ubuntu/temporal-investigation-20260909/overnight-20260909/specula-engine/runs/temporal-update-20260909-restart-1600/temporal-update/.specula-output/confirmation/CR-1/worktree/service/history/queues/reader.go:422
    shared_cluster_t.go:72: 2026-09-09T20:29:03.832Z	info	none	{"address": "127.0.0.1:38411", "component": "history-engine", "lifecycle": "Started", "shard-id": 3, "logging-call-at": "/home/ubuntu/temporal-investigation-20260909/overnight-20260909/specula-engine/runs/temporal-update-20260909-restart-1600/temporal-update/.specula-output/confirmation/CR-1/worktree/service/history/history_engine.go:395"}
    shared_cluster_t.go:72: 2026-09-09T20:29:03.832Z	info	none	{"address": "127.0.0.1:38411", "component": "shard-engine", "lifecycle": "Started", "shard-id": 3, "logging-call-at": "/home/ubuntu/temporal-investigation-20260909/overnight-20260909/specula-engine/runs/temporal-update-20260909-restart-1600/temporal-update/.specula-output/confirmation/CR-1/worktree/service/history/shard/context_impl.go:1565"}
    shared_cluster_t.go:72: 2026-09-09T20:29:03.832Z	info	queue reader started	{"address": "127.0.0.1:38411", "component": "visibility-queue-processor", "lifecycle": "Started", "queue-reader-id": 0, "shard-id": 3, "logging-call-at": "/home/ubuntu/temporal-investigation-20260909/overnight-20260909/specula-engine/runs/temporal-update-20260909-restart-1600/temporal-update/.specula-output/confirmation/CR-1/worktree/service/history/queues/reader.go:158"}
    shared_cluster_t.go:72: 2026-09-09T20:29:03.832Z	error	Queue reader unable to retrieve tasks	{"address": "127.0.0.1:38411", "component": "visibility-queue-processor", "error": "shard status unknown", "queue-reader-id": 0, "shard-id": 3, "logging-call-at": "/home/ubuntu/temporal-investigation-20260909/overnight-20260909/specula-engine/runs/temporal-update-20260909-restart-1600/temporal-update/.specula-output/confirmation/CR-1/worktree/service/history/queues/reader.go:457"}
        go.temporal.io/server/common/log.(*zapLogger).Error
        	/home/ubuntu/temporal-investigation-20260909/overnight-20260909/specula-engine/runs/temporal-update-20260909-restart-1600/temporal-update/.specula-output/confirmation/CR-1/worktree/common/log/zap_logger.go:191
        go.temporal.io/server/common/testing/testlogger.(*TestLogger).Error
        	/home/ubuntu/temporal-investigation-20260909/overnight-20260909/specula-engine/runs/temporal-update-20260909-restart-1600/temporal-update/.specula-output/confirmation/CR-1/worktree/common/testing/testlogger/testlogger.go:543
        go.temporal.io/server/service/history/queues.(*ReaderImpl).loadAndSubmitTasks
        	/home/ubuntu/temporal-investigation-20260909/overnight-20260909/specula-engine/runs/temporal-update-20260909-restart-1600/temporal-update/.specula-output/confirmation/CR-1/worktree/service/history/queues/reader.go:457
        go.temporal.io/server/service/history/queues.(*ReaderImpl).eventLoop
        	/home/ubuntu/temporal-investigation-20260909/overnight-20260909/specula-engine/runs/temporal-update-20260909-restart-1600/temporal-update/.specula-output/confirmation/CR-1/worktree/service/history/queues/reader.go:422
    cr1_repro_test.go:61: RECOVERY_AFTER_LOST_RECEIPT update_id=TestBugCR1CommittedUpdateSurvivesLostCallerReceipt_update_id stage=Completed outcome=success:{payloads:{metadata:{key:"encoding" value:"json/plain"} data:"\"success-result-of-TestBugCR1CommittedUpdateSurvivesLostCallerReceipt_update_id\""}}
--- PASS: TestBugCR1CommittedUpdateSurvivesLostCallerReceipt (0.10s)
=== RUN   TestBugCR1OneHostNoncommittedCompletionDoesNotLeakToNextUpdate
2026-09-09T20:29:03.841Z	info	created database	{"database": "test_c6891b956cf24893ba4ba8b3", "logging-call-at": "/home/ubuntu/temporal-investigation-20260909/overnight-20260909/specula-engine/runs/temporal-update-20260909-restart-1600/temporal-update/.specula-output/confirmation/CR-1/worktree/common/persistence/sql/test_sql_persistence.go:125"}
2026-09-09T20:29:03.841Z	info	No schema directory provided, skipping schema setup	{"logging-call-at": "/home/ubuntu/temporal-investigation-20260909/overnight-20260909/specula-engine/runs/temporal-update-20260909-restart-1600/temporal-update/.specula-output/confirmation/CR-1/worktree/common/persistence/sql/test_sql_persistence.go:79"}
2026-09-09T20:29:03.841Z	info	Use rpc address 127.0.0.1:7134 for cluster active.	{"component": "metadata-initializer", "logging-call-at": "/home/ubuntu/temporal-investigation-20260909/overnight-20260909/specula-engine/runs/temporal-update-20260909-restart-1600/temporal-update/.specula-output/confirmation/CR-1/worktree/temporal/cluster_metadata_loader.go:68"}
2026-09-09T20:29:03.842Z	info	Use rpc address 127.0.0.1:7134 for cluster active.	{"component": "metadata-initializer", "logging-call-at": "/home/ubuntu/temporal-investigation-20260909/overnight-20260909/specula-engine/runs/temporal-update-20260909-restart-1600/temporal-update/.specula-output/confirmation/CR-1/worktree/temporal/cluster_metadata_loader.go:68"}
2026-09-09T20:29:03.847Z	info	Quota changed	{"component": "persistence", "current-quota": null, "new-quota": 9000, "scope": "host", "service": "history", "logging-call-at": "/home/ubuntu/temporal-investigation-20260909/overnight-20260909/specula-engine/runs/temporal-update-20260909-restart-1600/temporal-update/.specula-output/confirmation/CR-1/worktree/common/quotas/calculator/logged_calculator.go:100"}
2026-09-09T20:29:03.847Z	debug	RPC factory created. enableServerKeepalive: false, enableClientKeepalive: false	{"logging-call-at": "/home/ubuntu/temporal-investigation-20260909/overnight-20260909/specula-engine/runs/temporal-update-20260909-restart-1600/temporal-update/.specula-output/confirmation/CR-1/worktree/common/resource/fx.go:470"}
2026-09-09T20:29:03.847Z	info	historyClient: ownership caching disabled	{"service": "history", "logging-call-at": "/home/ubuntu/temporal-investigation-20260909/overnight-20260909/specula-engine/runs/temporal-update-20260909-restart-1600/temporal-update/.specula-output/confirmation/CR-1/worktree/client/history/client.go:70"}
2026-09-09T20:29:03.848Z	info	creating new visibility manager	{"visibility_plugin_name": "sqlite", "visibility_index_name": "test_c6891b956cf24893ba4ba8b3", "logging-call-at": "/home/ubuntu/temporal-investigation-20260909/overnight-20260909/specula-engine/runs/temporal-update-20260909-restart-1600/temporal-update/.specula-output/confirmation/CR-1/worktree/common/persistence/visibility/factory.go:145"}
2026-09-09T20:29:03.848Z	info	Quota changed	{"component": "task-scheduler", "current-quota": null, "new-quota": 0, "scope": "host", "service": "history", "logging-call-at": "/home/ubuntu/temporal-investigation-20260909/overnight-20260909/specula-engine/runs/temporal-update-20260909-restart-1600/temporal-update/.specula-output/confirmation/CR-1/worktree/common/quotas/calculator/logged_calculator.go:100"}
2026-09-09T20:29:03.849Z	info	Warning: CHASM component scheduler.scheduler declares state fields that won't be managed by CHASM:
	cacheConflictToken int64
	compiledSpec *scheduler.CompiledSpec	{"logging-call-at": "/home/ubuntu/temporal-investigation-20260909/overnight-20260909/specula-engine/runs/temporal-update-20260909-restart-1600/temporal-update/.specula-output/confirmation/CR-1/worktree/chasm/registry.go:361"}
2026-09-09T20:29:03.850Z	info	Initialized lazy loaded OwnershipBasedQuotaScaler	{"service": "history", "logging-call-at": "/home/ubuntu/temporal-investigation-20260909/overnight-20260909/specula-engine/runs/temporal-update-20260909-restart-1600/temporal-update/.specula-output/confirmation/CR-1/worktree/service/history/shard/fx.go:71"}
2026-09-09T20:29:03.850Z	info	Initialized service resolver for persistence rate limiting	{"service": "history", "logging-call-at": "/home/ubuntu/temporal-investigation-20260909/overnight-20260909/specula-engine/runs/temporal-update-20260909-restart-1600/temporal-update/.specula-output/confirmation/CR-1/worktree/service/fx.go:76"}
2026-09-09T20:29:03.850Z	info	Created gRPC listener	{"service": "history", "address": "127.0.0.1:38603", "logging-call-at": "/home/ubuntu/temporal-investigation-20260909/overnight-20260909/specula-engine/runs/temporal-update-20260909-restart-1600/temporal-update/.specula-output/confirmation/CR-1/worktree/common/rpc/rpc.go:209"}
2026-09-09T20:29:03.852Z	info	Quota changed	{"component": "persistence", "current-quota": null, "new-quota": 3000, "scope": "host", "service": "matching", "logging-call-at": "/home/ubuntu/temporal-investigation-20260909/overnight-20260909/specula-engine/runs/temporal-update-20260909-restart-1600/temporal-update/.specula-output/confirmation/CR-1/worktree/common/quotas/calculator/logged_calculator.go:100"}
2026-09-09T20:29:03.852Z	info	Initialized service resolver for persistence rate limiting	{"service": "matching", "logging-call-at": "/home/ubuntu/temporal-investigation-20260909/overnight-20260909/specula-engine/runs/temporal-update-20260909-restart-1600/temporal-update/.specula-output/confirmation/CR-1/worktree/service/fx.go:76"}
2026-09-09T20:29:03.852Z	debug	RPC factory created. enableServerKeepalive: false, enableClientKeepalive: false	{"logging-call-at": "/home/ubuntu/temporal-investigation-20260909/overnight-20260909/specula-engine/runs/temporal-update-20260909-restart-1600/temporal-update/.specula-output/confirmation/CR-1/worktree/common/resource/fx.go:470"}
2026-09-09T20:29:03.852Z	info	Created gRPC listener	{"service": "matching", "address": "127.0.0.1:45221", "logging-call-at": "/home/ubuntu/temporal-investigation-20260909/overnight-20260909/specula-engine/runs/temporal-update-20260909-restart-1600/temporal-update/.specula-output/confirmation/CR-1/worktree/common/rpc/rpc.go:209"}
2026-09-09T20:29:03.852Z	info	historyClient: ownership caching disabled	{"service": "matching", "logging-call-at": "/home/ubuntu/temporal-investigation-20260909/overnight-20260909/specula-engine/runs/temporal-update-20260909-restart-1600/temporal-update/.specula-output/confirmation/CR-1/worktree/client/history/client.go:70"}
2026-09-09T20:29:03.853Z	info	creating new visibility manager	{"visibility_plugin_name": "sqlite", "visibility_index_name": "test_c6891b956cf24893ba4ba8b3", "logging-call-at": "/home/ubuntu/temporal-investigation-20260909/overnight-20260909/specula-engine/runs/temporal-update-20260909-restart-1600/temporal-update/.specula-output/confirmation/CR-1/worktree/common/persistence/visibility/factory.go:145"}
2026-09-09T20:29:03.860Z	debug	RPC factory created. enableServerKeepalive: false, enableClientKeepalive: false	{"logging-call-at": "/home/ubuntu/temporal-investigation-20260909/overnight-20260909/specula-engine/runs/temporal-update-20260909-restart-1600/temporal-update/.specula-output/confirmation/CR-1/worktree/common/resource/fx.go:470"}
2026-09-09T20:29:03.860Z	info	Quota changed	{"component": "persistence", "current-quota": null, "new-quota": 2000, "scope": "host", "service": "frontend", "logging-call-at": "/home/ubuntu/temporal-investigation-20260909/overnight-20260909/specula-engine/runs/temporal-update-20260909-restart-1600/temporal-update/.specula-output/confirmation/CR-1/worktree/common/quotas/calculator/logged_calculator.go:100"}
2026-09-09T20:29:03.860Z	info	historyClient: ownership caching disabled	{"service": "frontend", "logging-call-at": "/home/ubuntu/temporal-investigation-20260909/overnight-20260909/specula-engine/runs/temporal-update-20260909-restart-1600/temporal-update/.specula-output/confirmation/CR-1/worktree/client/history/client.go:70"}
2026-09-09T20:29:03.861Z	info	Warning: CHASM component scheduler.scheduler declares state fields that won't be managed by CHASM:
	cacheConflictToken int64
	compiledSpec *scheduler.CompiledSpec	{"logging-call-at": "/home/ubuntu/temporal-investigation-20260909/overnight-20260909/specula-engine/runs/temporal-update-20260909-restart-1600/temporal-update/.specula-output/confirmation/CR-1/worktree/chasm/registry.go:361"}
2026-09-09T20:29:03.861Z	info	creating new visibility manager	{"visibility_plugin_name": "sqlite", "visibility_index_name": "test_c6891b956cf24893ba4ba8b3", "logging-call-at": "/home/ubuntu/temporal-investigation-20260909/overnight-20260909/specula-engine/runs/temporal-update-20260909-restart-1600/temporal-update/.specula-output/confirmation/CR-1/worktree/common/persistence/visibility/factory.go:145"}
2026-09-09T20:29:03.862Z	info	Initialized service resolver for persistence rate limiting	{"service": "frontend", "logging-call-at": "/home/ubuntu/temporal-investigation-20260909/overnight-20260909/specula-engine/runs/temporal-update-20260909-restart-1600/temporal-update/.specula-output/confirmation/CR-1/worktree/service/fx.go:76"}
2026-09-09T20:29:03.862Z	info	Quota changed	{"component": "rpc-handler", "current-quota": null, "new-quota": 3000, "scope": "host", "service": "frontend", "logging-call-at": "/home/ubuntu/temporal-investigation-20260909/overnight-20260909/specula-engine/runs/temporal-update-20260909-restart-1600/temporal-update/.specula-output/confirmation/CR-1/worktree/common/quotas/calculator/logged_calculator.go:100"}
2026-09-09T20:29:03.863Z	info	Created gRPC listener	{"service": "frontend", "address": "127.0.0.1:45179", "logging-call-at": "/home/ubuntu/temporal-investigation-20260909/overnight-20260909/specula-engine/runs/temporal-update-20260909-restart-1600/temporal-update/.specula-output/confirmation/CR-1/worktree/common/rpc/rpc.go:209"}
2026-09-09T20:29:03.864Z	info	Service is not requested, skipping initialization.	{"service": "internal-frontend", "logging-call-at": "/home/ubuntu/temporal-investigation-20260909/overnight-20260909/specula-engine/runs/temporal-update-20260909-restart-1600/temporal-update/.specula-output/confirmation/CR-1/worktree/temporal/fx.go:590"}
2026-09-09T20:29:03.864Z	info	Service is not requested, skipping initialization.	{"service": "worker", "logging-call-at": "/home/ubuntu/temporal-investigation-20260909/overnight-20260909/specula-engine/runs/temporal-update-20260909-restart-1600/temporal-update/.specula-output/confirmation/CR-1/worktree/temporal/fx.go:628"}
2026-09-09T20:29:03.864Z	info	PProf not started due to port not set	{"logging-call-at": "/home/ubuntu/temporal-investigation-20260909/overnight-20260909/specula-engine/runs/temporal-update-20260909-restart-1600/temporal-update/.specula-output/confirmation/CR-1/worktree/common/pprof/pprof.go:44"}
2026-09-09T20:29:03.864Z	info	Starting server for services	{"value": {"frontend":{},"history":{},"matching":{}}, "logging-call-at": "/home/ubuntu/temporal-investigation-20260909/overnight-20260909/specula-engine/runs/temporal-update-20260909-restart-1600/temporal-update/.specula-output/confirmation/CR-1/worktree/temporal/server_impl.go:89"}
2026-09-09T20:29:03.865Z	debug	archival:
    history:
        enableRead: false
        provider: null
        state: ""
    visibility:
        enableRead: false
        provider: null
        state: ""
clusterMetadata:
    clusterInformation:
        active:
            enabled: true
            httpAddress: 127.0.0.1:7144
            initialFailoverVersion: 1
            rpcAddress: 127.0.0.1:7134
    currentClusterName: active
    enableGlobalNamespace: false
    failoverVersionIncrement: 10
    masterClusterName: active
    tags: {}
dcRedirectionPolicy:
    policy: ""
dynamicConfigClient: null
global:
    authorization:
        audience: ""
        authExtraHeaderName: ""
        authHeaderName: ""
        authorizer: ""
        claimMapper: ""
        jwtKeyProvider:
            keySourceURIs: []
            refreshInterval: 0s
        permissionsClaimName: ""
        permissionsRegex: ""
        remoteClusterAuth:
            require: false
    membership:
        broadcastAddress: ""
        maxJoinDuration: 1s
    metrics: null
    pprof:
        host: ""
        port: 0
    tls:
        expirationChecks:
            checkInterval: 0s
            errorWindow: 0s
            warningWindow: 0s
        frontend:
            client:
                disableHostVerification: false
                forceTLS: false
                rootCaData: []
                rootCaFiles: []
                serverName: ""
            hostOverrides: {}
            server:
                certData: ""
                certFile: ""
                clientCaData: []
                clientCaFiles: []
                keyData: '******'
                keyFile: ""
                requireClientAuth: false
        internode:
            client:
                disableHostVerification: false
                forceTLS: false
                rootCaData: []
                rootCaFiles: []
                serverName: ""
            hostOverrides: {}
            server:
                certData: ""
                certFile: ""
                clientCaData: []
                clientCaFiles: []
                keyData: '******'
                keyFile: ""
                requireClientAuth: false
        refreshInterval: 0s
        remoteClusters: {}
        systemWorker:
            certData: ""
            certFile: ""
            client:
                disableHostVerification: false
                forceTLS: false
                rootCaData: []
                rootCaFiles: []
                serverName: ""
            keyData: '******'
            keyFile: ""
log:
    development: false
    format: ""
    level: ""
    outputFile: ""
    stdout: false
namespaceDefaults:
    archival:
        history:
            URI: ""
            state: ""
        visibility:
            URI: ""
            state: ""
otel: {}
persistence:
    datastores:
        test:
            cassandra: null
            customDatastore: null
            elasticsearch: null
            faultInjection:
                targets:
                    dataStores: {}
            sql:
                connectAddr: 127.0.0.1:0
                connectAttributes:
                    cache: private
                    mode: memory
                connectProtocol: tcp
                databaseName: test_c6891b956cf24893ba4ba8b3
                maxConnLifetime: 0s
                maxConns: 0
                maxIdleConns: 0
                password: '******'
                passwordCommand: null
                pluginName: sqlite
                taskScanPartitions: 4
                tls: null
                user: ""
    defaultStore: test
    numHistoryShards: 1
    secondaryVisibilityStore: ""
    visibilityStore: test
publicClient:
    forceTLSConfig: ""
    hostPort: ""
    httpHostPort: ""
services:
    frontend:
        rpc:
            bindOnIP: 127.0.0.1
            bindOnLocalHost: false
            clientConnectionConfig:
                keepAliveClientParameters: null
            grpcPort: 45179
            httpAdditionalForwardedHeaders:
                - this-header-forwarded
                - this-header-prefix-forwarded-*
            httpPort: 38349
            keepAliveServerConfig:
                keepAliveEnforcementPolicy: null
                keepAliveServerParameters: null
            membershipPort: 0
    history:
        rpc:
            bindOnIP: 127.0.0.1
            bindOnLocalHost: false
            clientConnectionConfig:
                keepAliveClientParameters: null
            grpcPort: 38603
            httpAdditionalForwardedHeaders: []
            httpPort: 0
            keepAliveServerConfig:
                keepAliveEnforcementPolicy: null
                keepAliveServerParameters: null
            membershipPort: 0
    matching:
        rpc:
            bindOnIP: 127.0.0.1
            bindOnLocalHost: false
            clientConnectionConfig:
                keepAliveClientParameters: null
            grpcPort: 45221
            httpAdditionalForwardedHeaders: []
            httpPort: 0
            keepAliveServerConfig:
                keepAliveEnforcementPolicy: null
                keepAliveServerParameters: null
            membershipPort: 0
visibility:
    persistenceCustomSearchAttributes: {}
	{"logging-call-at": "/home/ubuntu/temporal-investigation-20260909/overnight-20260909/specula-engine/runs/temporal-update-20260909-restart-1600/temporal-update/.specula-output/confirmation/CR-1/worktree/temporal/server_impl.go:90"}
2026-09-09T20:29:03.865Z	info	Watch not supported by persistence, namespace registry will use polling	{"service": "matching", "logging-call-at": "/home/ubuntu/temporal-investigation-20260909/overnight-20260909/specula-engine/runs/temporal-update-20260909-restart-1600/temporal-update/.specula-output/confirmation/CR-1/worktree/common/namespace/nsregistry/registry.go:234"}
2026-09-09T20:29:03.865Z	info	RuntimeMetricsReporter started	{"service": "matching", "logging-call-at": "/home/ubuntu/temporal-investigation-20260909/overnight-20260909/specula-engine/runs/temporal-update-20260909-restart-1600/temporal-update/.specula-output/confirmation/CR-1/worktree/common/metrics/runtime.go:121"}
2026-09-09T20:29:03.866Z	info	matching starting	{"service": "matching", "logging-call-at": "/home/ubuntu/temporal-investigation-20260909/overnight-20260909/specula-engine/runs/temporal-update-20260909-restart-1600/temporal-update/.specula-output/confirmation/CR-1/worktree/service/matching/service.go:63"}
2026-09-09T20:29:03.866Z	info	Starting to serve on matching listener	{"service": "matching", "logging-call-at": "/home/ubuntu/temporal-investigation-20260909/overnight-20260909/specula-engine/runs/temporal-update-20260909-restart-1600/temporal-update/.specula-output/confirmation/CR-1/worktree/service/matching/service.go:77"}
2026-09-09T20:29:03.866Z	info	Update worker pool size	{"key": "worker-pool-size", "value": 64, "logging-call-at": "/home/ubuntu/temporal-investigation-20260909/overnight-20260909/specula-engine/runs/temporal-update-20260909-restart-1600/temporal-update/.specula-output/confirmation/CR-1/worktree/common/tasks/sequential_scheduler.go:228"}
2026-09-09T20:29:03.866Z	info	sequential scheduler started	{"logging-call-at": "/home/ubuntu/temporal-investigation-20260909/overnight-20260909/specula-engine/runs/temporal-update-20260909-restart-1600/temporal-update/.specula-output/confirmation/CR-1/worktree/common/tasks/sequential_scheduler.go:81"}
2026-09-09T20:29:03.866Z	info	interleaved weighted round robin task scheduler started	{"logging-call-at": "/home/ubuntu/temporal-investigation-20260909/overnight-20260909/specula-engine/runs/temporal-update-20260909-restart-1600/temporal-update/.specula-output/confirmation/CR-1/worktree/common/tasks/interleaved_weighted_round_robin.go:116"}
2026-09-09T20:29:03.866Z	info	Update worker pool size	{"key": "worker-pool-size", "value": 64, "logging-call-at": "/home/ubuntu/temporal-investigation-20260909/overnight-20260909/specula-engine/runs/temporal-update-20260909-restart-1600/temporal-update/.specula-output/confirmation/CR-1/worktree/common/tasks/sequential_scheduler.go:228"}
2026-09-09T20:29:03.866Z	info	sequential scheduler started	{"logging-call-at": "/home/ubuntu/temporal-investigation-20260909/overnight-20260909/specula-engine/runs/temporal-update-20260909-restart-1600/temporal-update/.specula-output/confirmation/CR-1/worktree/common/tasks/sequential_scheduler.go:81"}
2026-09-09T20:29:03.866Z	info	interleaved weighted round robin task scheduler started	{"logging-call-at": "/home/ubuntu/temporal-investigation-20260909/overnight-20260909/specula-engine/runs/temporal-update-20260909-restart-1600/temporal-update/.specula-output/confirmation/CR-1/worktree/common/tasks/interleaved_weighted_round_robin.go:116"}
2026-09-09T20:29:03.866Z	info	Update worker pool size	{"key": "worker-pool-size", "service": "history", "value": 64, "logging-call-at": "/home/ubuntu/temporal-investigation-20260909/overnight-20260909/specula-engine/runs/temporal-update-20260909-restart-1600/temporal-update/.specula-output/confirmation/CR-1/worktree/common/tasks/fifo_scheduler.go:138"}
2026-09-09T20:29:03.866Z	info	fifo scheduler started	{"service": "history", "logging-call-at": "/home/ubuntu/temporal-investigation-20260909/overnight-20260909/specula-engine/runs/temporal-update-20260909-restart-1600/temporal-update/.specula-output/confirmation/CR-1/worktree/common/tasks/fifo_scheduler.go:68"}
2026-09-09T20:29:03.866Z	info	execution queue scheduler started	{"service": "history", "logging-call-at": "/home/ubuntu/temporal-investigation-20260909/overnight-20260909/specula-engine/runs/temporal-update-20260909-restart-1600/temporal-update/.specula-output/confirmation/CR-1/worktree/common/tasks/execution_queue_scheduler.go:93"}
2026-09-09T20:29:03.866Z	info	interleaved weighted round robin task scheduler started	{"service": "history", "logging-call-at": "/home/ubuntu/temporal-investigation-20260909/overnight-20260909/specula-engine/runs/temporal-update-20260909-restart-1600/temporal-update/.specula-output/confirmation/CR-1/worktree/common/tasks/interleaved_weighted_round_robin.go:116"}
2026-09-09T20:29:03.866Z	info	Update worker pool size	{"key": "worker-pool-size", "service": "history", "value": 64, "logging-call-at": "/home/ubuntu/temporal-investigation-20260909/overnight-20260909/specula-engine/runs/temporal-update-20260909-restart-1600/temporal-update/.specula-output/confirmation/CR-1/worktree/common/tasks/fifo_scheduler.go:138"}
2026-09-09T20:29:03.866Z	info	fifo scheduler started	{"service": "history", "logging-call-at": "/home/ubuntu/temporal-investigation-20260909/overnight-20260909/specula-engine/runs/temporal-update-20260909-restart-1600/temporal-update/.specula-output/confirmation/CR-1/worktree/common/tasks/fifo_scheduler.go:68"}
2026-09-09T20:29:03.866Z	info	execution queue scheduler started	{"service": "history", "logging-call-at": "/home/ubuntu/temporal-investigation-20260909/overnight-20260909/specula-engine/runs/temporal-update-20260909-restart-1600/temporal-update/.specula-output/confirmation/CR-1/worktree/common/tasks/execution_queue_scheduler.go:93"}
2026-09-09T20:29:03.866Z	info	interleaved weighted round robin task scheduler started	{"service": "history", "logging-call-at": "/home/ubuntu/temporal-investigation-20260909/overnight-20260909/specula-engine/runs/temporal-update-20260909-restart-1600/temporal-update/.specula-output/confirmation/CR-1/worktree/common/tasks/interleaved_weighted_round_robin.go:116"}
2026-09-09T20:29:03.866Z	info	Update worker pool size	{"component": "memory-scheduled-queue-processor", "key": "worker-pool-size", "service": "history", "value": 64, "logging-call-at": "/home/ubuntu/temporal-investigation-20260909/overnight-20260909/specula-engine/runs/temporal-update-20260909-restart-1600/temporal-update/.specula-output/confirmation/CR-1/worktree/common/tasks/fifo_scheduler.go:138"}
2026-09-09T20:29:03.866Z	info	fifo scheduler started	{"component": "memory-scheduled-queue-processor", "service": "history", "logging-call-at": "/home/ubuntu/temporal-investigation-20260909/overnight-20260909/specula-engine/runs/temporal-update-20260909-restart-1600/temporal-update/.specula-output/confirmation/CR-1/worktree/common/tasks/fifo_scheduler.go:68"}
2026-09-09T20:29:03.866Z	info	Update worker pool size	{"key": "worker-pool-size", "service": "history", "value": 64, "logging-call-at": "/home/ubuntu/temporal-investigation-20260909/overnight-20260909/specula-engine/runs/temporal-update-20260909-restart-1600/temporal-update/.specula-output/confirmation/CR-1/worktree/common/tasks/fifo_scheduler.go:138"}
2026-09-09T20:29:03.866Z	info	fifo scheduler started	{"service": "history", "logging-call-at": "/home/ubuntu/temporal-investigation-20260909/overnight-20260909/specula-engine/runs/temporal-update-20260909-restart-1600/temporal-update/.specula-output/confirmation/CR-1/worktree/common/tasks/fifo_scheduler.go:68"}
2026-09-09T20:29:03.866Z	info	execution queue scheduler started	{"service": "history", "logging-call-at": "/home/ubuntu/temporal-investigation-20260909/overnight-20260909/specula-engine/runs/temporal-update-20260909-restart-1600/temporal-update/.specula-output/confirmation/CR-1/worktree/common/tasks/execution_queue_scheduler.go:93"}
2026-09-09T20:29:03.866Z	info	interleaved weighted round robin task scheduler started	{"service": "history", "logging-call-at": "/home/ubuntu/temporal-investigation-20260909/overnight-20260909/specula-engine/runs/temporal-update-20260909-restart-1600/temporal-update/.specula-output/confirmation/CR-1/worktree/common/tasks/interleaved_weighted_round_robin.go:116"}
2026-09-09T20:29:03.866Z	info	Watch not supported by persistence, namespace registry will use polling	{"service": "history", "logging-call-at": "/home/ubuntu/temporal-investigation-20260909/overnight-20260909/specula-engine/runs/temporal-update-20260909-restart-1600/temporal-update/.specula-output/confirmation/CR-1/worktree/common/namespace/nsregistry/registry.go:234"}
2026-09-09T20:29:03.867Z	info	RuntimeMetricsReporter started	{"service": "history", "logging-call-at": "/home/ubuntu/temporal-investigation-20260909/overnight-20260909/specula-engine/runs/temporal-update-20260909-restart-1600/temporal-update/.specula-output/confirmation/CR-1/worktree/common/metrics/runtime.go:121"}
2026-09-09T20:29:03.867Z	info	history starting	{"logging-call-at": "/home/ubuntu/temporal-investigation-20260909/overnight-20260909/specula-engine/runs/temporal-update-20260909-restart-1600/temporal-update/.specula-output/confirmation/CR-1/worktree/service/history/service.go:69"}
2026-09-09T20:29:03.867Z	info	Replication task fetchers started.	{"logging-call-at": "/home/ubuntu/temporal-investigation-20260909/overnight-20260909/specula-engine/runs/temporal-update-20260909-restart-1600/temporal-update/.specula-output/confirmation/CR-1/worktree/service/history/replication/task_fetcher.go:117"}
2026-09-09T20:29:03.867Z	info	StreamReceiverMonitor started.	{"logging-call-at": "/home/ubuntu/temporal-investigation-20260909/overnight-20260909/specula-engine/runs/temporal-update-20260909-restart-1600/temporal-update/.specula-output/confirmation/CR-1/worktree/service/history/replication/stream_receiver_monitor.go:87"}
2026-09-09T20:29:03.867Z	info	none	{"address": "127.0.0.1:38603", "component": "shard-controller", "lifecycle": "Started", "logging-call-at": "/home/ubuntu/temporal-investigation-20260909/overnight-20260909/specula-engine/runs/temporal-update-20260909-restart-1600/temporal-update/.specula-output/confirmation/CR-1/worktree/service/history/shard/controller_impl.go:112"}
2026-09-09T20:29:03.867Z	info	Starting to serve on history listener	{"logging-call-at": "/home/ubuntu/temporal-investigation-20260909/overnight-20260909/specula-engine/runs/temporal-update-20260909-restart-1600/temporal-update/.specula-output/confirmation/CR-1/worktree/service/history/service.go:95"}
2026-09-09T20:29:03.867Z	info	none	{"address": "127.0.0.1:38603", "component": "shard-controller", "number-changed": 0, "number-deleted": 0, "number-processed": 1, "shard-update": "RingMembershipChangedEvent", "logging-call-at": "/home/ubuntu/temporal-investigation-20260909/overnight-20260909/specula-engine/runs/temporal-update-20260909-restart-1600/temporal-update/.specula-output/confirmation/CR-1/worktree/service/history/shard/ownership.go:92"}
2026-09-09T20:29:03.867Z	info	none	{"address": "127.0.0.1:38603", "component": "shard-context", "lifecycle": "Started", "shard-id": 1, "logging-call-at": "/home/ubuntu/temporal-investigation-20260909/overnight-20260909/specula-engine/runs/temporal-update-20260909-restart-1600/temporal-update/.specula-output/confirmation/CR-1/worktree/service/history/shard/context_impl.go:1721"}
2026-09-09T20:29:03.867Z	info	Watch not supported by persistence, namespace registry will use polling	{"service": "frontend", "logging-call-at": "/home/ubuntu/temporal-investigation-20260909/overnight-20260909/specula-engine/runs/temporal-update-20260909-restart-1600/temporal-update/.specula-output/confirmation/CR-1/worktree/common/namespace/nsregistry/registry.go:234"}
2026-09-09T20:29:03.867Z	info	none	{"address": "127.0.0.1:38603", "component": "shard-controller", "numShards": 1, "logging-call-at": "/home/ubuntu/temporal-investigation-20260909/overnight-20260909/specula-engine/runs/temporal-update-20260909-restart-1600/temporal-update/.specula-output/confirmation/CR-1/worktree/service/history/shard/controller_impl.go:265"}
2026-09-09T20:29:03.867Z	info	RuntimeMetricsReporter started	{"service": "frontend", "logging-call-at": "/home/ubuntu/temporal-investigation-20260909/overnight-20260909/specula-engine/runs/temporal-update-20260909-restart-1600/temporal-update/.specula-output/confirmation/CR-1/worktree/common/metrics/runtime.go:121"}
2026-09-09T20:29:03.867Z	info	frontend starting	{"service": "frontend", "logging-call-at": "/home/ubuntu/temporal-investigation-20260909/overnight-20260909/specula-engine/runs/temporal-update-20260909-restart-1600/temporal-update/.specula-output/confirmation/CR-1/worktree/service/frontend/service.go:515"}
2026-09-09T20:29:03.867Z	info	Frontend is now healthy	{"service": "frontend", "logging-call-at": "/home/ubuntu/temporal-investigation-20260909/overnight-20260909/specula-engine/runs/temporal-update-20260909-restart-1600/temporal-update/.specula-output/confirmation/CR-1/worktree/service/frontend/workflow_handler.go:419"}
2026-09-09T20:29:03.867Z	info	Starting to serve on frontend listener	{"service": "frontend", "logging-call-at": "/home/ubuntu/temporal-investigation-20260909/overnight-20260909/specula-engine/runs/temporal-update-20260909-restart-1600/temporal-update/.specula-output/confirmation/CR-1/worktree/service/frontend/service.go:533"}
2026-09-09T20:29:03.868Z	info	ContextMetadataInterceptor: No metadata in context, not setting trailer	{"fullMethod": "/temporal.server.api.matchingservice.v1.MatchingService/ListNexusEndpoints", "logging-call-at": "/home/ubuntu/temporal-investigation-20260909/overnight-20260909/specula-engine/runs/temporal-update-20260909-restart-1600/temporal-update/.specula-output/confirmation/CR-1/worktree/common/log/throttle_logger.go:44"}
2026-09-09T20:29:03.868Z	info	Range updated for shardID	{"address": "127.0.0.1:38603", "previous-shard-range-id": 0, "shard-id": 1, "shard-range-id": 1, "logging-call-at": "/home/ubuntu/temporal-investigation-20260909/overnight-20260909/specula-engine/runs/temporal-update-20260909-restart-1600/temporal-update/.specula-output/confirmation/CR-1/worktree/service/history/shard/context_impl.go:1199"}
2026-09-09T20:29:03.868Z	info	Task key range updated	{"address": "127.0.0.1:38603", "next-number": 2097152, "number": 1048576, "shard-id": 1, "logging-call-at": "/home/ubuntu/temporal-investigation-20260909/overnight-20260909/specula-engine/runs/temporal-update-20260909-restart-1600/temporal-update/.specula-output/confirmation/CR-1/worktree/service/history/shard/task_key_generator.go:155"}
2026-09-09T20:29:03.868Z	info	Acquired shard	{"address": "127.0.0.1:38603", "shard-id": 1, "logging-call-at": "/home/ubuntu/temporal-investigation-20260909/overnight-20260909/specula-engine/runs/temporal-update-20260909-restart-1600/temporal-update/.specula-output/confirmation/CR-1/worktree/service/history/shard/context_impl.go:2084"}
2026-09-09T20:29:03.868Z	info	none	{"address": "127.0.0.1:38603", "component": "shard-engine", "lifecycle": "Starting", "shard-id": 1, "logging-call-at": "/home/ubuntu/temporal-investigation-20260909/overnight-20260909/specula-engine/runs/temporal-update-20260909-restart-1600/temporal-update/.specula-output/confirmation/CR-1/worktree/service/history/shard/context_impl.go:1562"}
2026-09-09T20:29:03.868Z	info	TrailerToContextMetadataInterceptor: No metadata in trailer	{"contextWrapped": false, "method": "/temporal.server.api.matchingservice.v1.MatchingService/ListNexusEndpoints", "service": "history", "logging-call-at": "/home/ubuntu/temporal-investigation-20260909/overnight-20260909/specula-engine/runs/temporal-update-20260909-restart-1600/temporal-update/.specula-output/confirmation/CR-1/worktree/common/log/throttle_logger.go:44"}
2026-09-09T20:29:03.868Z	info	none	{"address": "127.0.0.1:38603", "component": "history-engine", "lifecycle": "Starting", "shard-id": 1, "logging-call-at": "/home/ubuntu/temporal-investigation-20260909/overnight-20260909/specula-engine/runs/temporal-update-20260909-restart-1600/temporal-update/.specula-output/confirmation/CR-1/worktree/service/history/history_engine.go:386"}
2026-09-09T20:29:03.868Z	info	none	{"address": "127.0.0.1:38603", "component": "transfer-queue-processor", "lifecycle": "Starting", "shard-id": 1, "logging-call-at": "/home/ubuntu/temporal-investigation-20260909/overnight-20260909/specula-engine/runs/temporal-update-20260909-restart-1600/temporal-update/.specula-output/confirmation/CR-1/worktree/service/history/queues/queue_immediate.go:96"}
2026-09-09T20:29:03.868Z	info	Task rescheduler started.	{"address": "127.0.0.1:38603", "component": "transfer-queue-processor", "lifecycle": "Started", "shard-id": 1, "logging-call-at": "/home/ubuntu/temporal-investigation-20260909/overnight-20260909/specula-engine/runs/temporal-update-20260909-restart-1600/temporal-update/.specula-output/confirmation/CR-1/worktree/service/history/queues/rescheduler.go:102"}
2026-09-09T20:29:03.868Z	info	none	{"address": "127.0.0.1:38603", "component": "transfer-queue-processor", "lifecycle": "Started", "shard-id": 1, "logging-call-at": "/home/ubuntu/temporal-investigation-20260909/overnight-20260909/specula-engine/runs/temporal-update-20260909-restart-1600/temporal-update/.specula-output/confirmation/CR-1/worktree/service/history/queues/queue_immediate.go:105"}
2026-09-09T20:29:03.868Z	info	none	{"address": "127.0.0.1:38603", "component": "outbound-queue-processor", "lifecycle": "Starting", "shard-id": 1, "logging-call-at": "/home/ubuntu/temporal-investigation-20260909/overnight-20260909/specula-engine/runs/temporal-update-20260909-restart-1600/temporal-update/.specula-output/confirmation/CR-1/worktree/service/history/queues/queue_immediate.go:96"}
2026-09-09T20:29:03.868Z	info	Task rescheduler started.	{"address": "127.0.0.1:38603", "component": "outbound-queue-processor", "lifecycle": "Started", "shard-id": 1, "logging-call-at": "/home/ubuntu/temporal-investigation-20260909/overnight-20260909/specula-engine/runs/temporal-update-20260909-restart-1600/temporal-update/.specula-output/confirmation/CR-1/worktree/service/history/queues/rescheduler.go:102"}
2026-09-09T20:29:03.868Z	info	none	{"address": "127.0.0.1:38603", "component": "outbound-queue-processor", "lifecycle": "Started", "shard-id": 1, "logging-call-at": "/home/ubuntu/temporal-investigation-20260909/overnight-20260909/specula-engine/runs/temporal-update-20260909-restart-1600/temporal-update/.specula-output/confirmation/CR-1/worktree/service/history/queues/queue_immediate.go:105"}
2026-09-09T20:29:03.868Z	info	none	{"component": "memory-scheduled-queue-processor", "lifecycle": "Starting", "service": "history", "logging-call-at": "/home/ubuntu/temporal-investigation-20260909/overnight-20260909/specula-engine/runs/temporal-update-20260909-restart-1600/temporal-update/.specula-output/confirmation/CR-1/worktree/service/history/queues/memory_scheduled_queue.go:81"}
2026-09-09T20:29:03.868Z	info	none	{"component": "memory-scheduled-queue-processor", "lifecycle": "Started", "service": "history", "logging-call-at": "/home/ubuntu/temporal-investigation-20260909/overnight-20260909/specula-engine/runs/temporal-update-20260909-restart-1600/temporal-update/.specula-output/confirmation/CR-1/worktree/service/history/queues/memory_scheduled_queue.go:86"}
2026-09-09T20:29:03.868Z	info	none	{"address": "127.0.0.1:38603", "component": "timer-queue-processor", "lifecycle": "Starting", "shard-id": 1, "logging-call-at": "/home/ubuntu/temporal-investigation-20260909/overnight-20260909/specula-engine/runs/temporal-update-20260909-restart-1600/temporal-update/.specula-output/confirmation/CR-1/worktree/service/history/queues/queue_scheduled.go:130"}
2026-09-09T20:29:03.868Z	info	Task rescheduler started.	{"address": "127.0.0.1:38603", "component": "timer-queue-processor", "lifecycle": "Started", "shard-id": 1, "logging-call-at": "/home/ubuntu/temporal-investigation-20260909/overnight-20260909/specula-engine/runs/temporal-update-20260909-restart-1600/temporal-update/.specula-output/confirmation/CR-1/worktree/service/history/queues/rescheduler.go:102"}
2026-09-09T20:29:03.868Z	info	none	{"address": "127.0.0.1:38603", "component": "timer-queue-processor", "lifecycle": "Started", "shard-id": 1, "logging-call-at": "/home/ubuntu/temporal-investigation-20260909/overnight-20260909/specula-engine/runs/temporal-update-20260909-restart-1600/temporal-update/.specula-output/confirmation/CR-1/worktree/service/history/queues/queue_scheduled.go:139"}
2026-09-09T20:29:03.868Z	info	queue reader started	{"address": "127.0.0.1:38603", "component": "transfer-queue-processor", "lifecycle": "Started", "queue-reader-id": 0, "shard-id": 1, "logging-call-at": "/home/ubuntu/temporal-investigation-20260909/overnight-20260909/specula-engine/runs/temporal-update-20260909-restart-1600/temporal-update/.specula-output/confirmation/CR-1/worktree/service/history/queues/reader.go:158"}
2026-09-09T20:29:03.868Z	info	none	{"address": "127.0.0.1:38603", "component": "visibility-queue-processor", "lifecycle": "Starting", "shard-id": 1, "logging-call-at": "/home/ubuntu/temporal-investigation-20260909/overnight-20260909/specula-engine/runs/temporal-update-20260909-restart-1600/temporal-update/.specula-output/confirmation/CR-1/worktree/service/history/queues/queue_immediate.go:96"}
2026-09-09T20:29:03.868Z	info	Task rescheduler started.	{"address": "127.0.0.1:38603", "component": "visibility-queue-processor", "lifecycle": "Started", "shard-id": 1, "logging-call-at": "/home/ubuntu/temporal-investigation-20260909/overnight-20260909/specula-engine/runs/temporal-update-20260909-restart-1600/temporal-update/.specula-output/confirmation/CR-1/worktree/service/history/queues/rescheduler.go:102"}
2026-09-09T20:29:03.868Z	info	none	{"address": "127.0.0.1:38603", "component": "visibility-queue-processor", "lifecycle": "Started", "shard-id": 1, "logging-call-at": "/home/ubuntu/temporal-investigation-20260909/overnight-20260909/specula-engine/runs/temporal-update-20260909-restart-1600/temporal-update/.specula-output/confirmation/CR-1/worktree/service/history/queues/queue_immediate.go:105"}
2026-09-09T20:29:03.868Z	info	none	{"address": "127.0.0.1:38603", "component": "history-engine", "lifecycle": "Started", "shard-id": 1, "logging-call-at": "/home/ubuntu/temporal-investigation-20260909/overnight-20260909/specula-engine/runs/temporal-update-20260909-restart-1600/temporal-update/.specula-output/confirmation/CR-1/worktree/service/history/history_engine.go:395"}
2026-09-09T20:29:03.868Z	debug	Frontend method invoked.	{"wf-namespace": "namespace-088cc2cd-1ac3-40f4-9d44-f7b40aa3958d", "operation": "DescribeNamespace", "server-name": "", "cert-thumbprint": "", "logging-call-at": "/home/ubuntu/temporal-investigation-20260909/overnight-20260909/specula-engine/runs/temporal-update-20260909-restart-1600/temporal-update/.specula-output/confirmation/CR-1/worktree/common/rpc/interceptor/namespace_logger.go:53"}
2026-09-09T20:29:03.868Z	info	queue reader started	{"address": "127.0.0.1:38603", "component": "timer-queue-processor", "lifecycle": "Started", "queue-reader-id": 0, "shard-id": 1, "logging-call-at": "/home/ubuntu/temporal-investigation-20260909/overnight-20260909/specula-engine/runs/temporal-update-20260909-restart-1600/temporal-update/.specula-output/confirmation/CR-1/worktree/service/history/queues/reader.go:158"}
2026-09-09T20:29:03.868Z	info	queue reader started	{"address": "127.0.0.1:38603", "component": "visibility-queue-processor", "lifecycle": "Started", "queue-reader-id": 0, "shard-id": 1, "logging-call-at": "/home/ubuntu/temporal-investigation-20260909/overnight-20260909/specula-engine/runs/temporal-update-20260909-restart-1600/temporal-update/.specula-output/confirmation/CR-1/worktree/service/history/queues/reader.go:158"}
2026-09-09T20:29:03.868Z	info	queue reader started	{"address": "127.0.0.1:38603", "component": "outbound-queue-processor", "lifecycle": "Started", "queue-reader-id": 0, "shard-id": 1, "logging-call-at": "/home/ubuntu/temporal-investigation-20260909/overnight-20260909/specula-engine/runs/temporal-update-20260909-restart-1600/temporal-update/.specula-output/confirmation/CR-1/worktree/service/history/queues/reader.go:158"}
2026-09-09T20:29:03.868Z	info	Quota changed	{"component": "rpc-handler", "current-quota": null, "new-quota": 2400, "scope": "namespace", "service": "frontend", "wf-namespace": "namespace-088cc2cd-1ac3-40f4-9d44-f7b40aa3958d", "logging-call-at": "/home/ubuntu/temporal-investigation-20260909/overnight-20260909/specula-engine/runs/temporal-update-20260909-restart-1600/temporal-update/.specula-output/confirmation/CR-1/worktree/common/quotas/calculator/logged_calculator.go:100"}
2026-09-09T20:29:03.868Z	error	Queue reader unable to retrieve tasks	{"address": "127.0.0.1:38603", "component": "outbound-queue-processor", "error": "shard status unknown", "queue-reader-id": 0, "shard-id": 1, "logging-call-at": "/home/ubuntu/temporal-investigation-20260909/overnight-20260909/specula-engine/runs/temporal-update-20260909-restart-1600/temporal-update/.specula-output/confirmation/CR-1/worktree/service/history/queues/reader.go:457"}
go.temporal.io/server/common/log.(*zapLogger).Error
	/home/ubuntu/temporal-investigation-20260909/overnight-20260909/specula-engine/runs/temporal-update-20260909-restart-1600/temporal-update/.specula-output/confirmation/CR-1/worktree/common/log/zap_logger.go:191
go.temporal.io/server/common/testing/testlogger.(*TestLogger).Error
	/home/ubuntu/temporal-investigation-20260909/overnight-20260909/specula-engine/runs/temporal-update-20260909-restart-1600/temporal-update/.specula-output/confirmation/CR-1/worktree/common/testing/testlogger/testlogger.go:543
go.temporal.io/server/service/history/queues.(*ReaderImpl).loadAndSubmitTasks
	/home/ubuntu/temporal-investigation-20260909/overnight-20260909/specula-engine/runs/temporal-update-20260909-restart-1600/temporal-update/.specula-output/confirmation/CR-1/worktree/service/history/queues/reader.go:457
go.temporal.io/server/service/history/queues.(*ReaderImpl).eventLoop
	/home/ubuntu/temporal-investigation-20260909/overnight-20260909/specula-engine/runs/temporal-update-20260909-restart-1600/temporal-update/.specula-output/confirmation/CR-1/worktree/service/history/queues/reader.go:422
2026-09-09T20:29:03.868Z	info	TrailerToContextMetadataInterceptor: No metadata in trailer	{"contextWrapped": false, "method": "/temporal.server.api.matchingservice.v1.MatchingService/ListNexusEndpoints", "service": "frontend", "logging-call-at": "/home/ubuntu/temporal-investigation-20260909/overnight-20260909/specula-engine/runs/temporal-update-20260909-restart-1600/temporal-update/.specula-output/confirmation/CR-1/worktree/common/log/throttle_logger.go:44"}
2026-09-09T20:29:03.868Z	error	Queue reader unable to retrieve tasks	{"address": "127.0.0.1:38603", "component": "timer-queue-processor", "error": "shard status unknown", "queue-reader-id": 0, "shard-id": 1, "logging-call-at": "/home/ubuntu/temporal-investigation-20260909/overnight-20260909/specula-engine/runs/temporal-update-20260909-restart-1600/temporal-update/.specula-output/confirmation/CR-1/worktree/service/history/queues/reader.go:457"}
go.temporal.io/server/common/log.(*zapLogger).Error
	/home/ubuntu/temporal-investigation-20260909/overnight-20260909/specula-engine/runs/temporal-update-20260909-restart-1600/temporal-update/.specula-output/confirmation/CR-1/worktree/common/log/zap_logger.go:191
go.temporal.io/server/common/testing/testlogger.(*TestLogger).Error
	/home/ubuntu/temporal-investigation-20260909/overnight-20260909/specula-engine/runs/temporal-update-20260909-restart-1600/temporal-update/.specula-output/confirmation/CR-1/worktree/common/testing/testlogger/testlogger.go:543
go.temporal.io/server/service/history/queues.(*ReaderImpl).loadAndSubmitTasks
	/home/ubuntu/temporal-investigation-20260909/overnight-20260909/specula-engine/runs/temporal-update-20260909-restart-1600/temporal-update/.specula-output/confirmation/CR-1/worktree/service/history/queues/reader.go:457
go.temporal.io/server/service/history/queues.(*ReaderImpl).eventLoop
	/home/ubuntu/temporal-investigation-20260909/overnight-20260909/specula-engine/runs/temporal-update-20260909-restart-1600/temporal-update/.specula-output/confirmation/CR-1/worktree/service/history/queues/reader.go:422
2026-09-09T20:29:03.868Z	info	none	{"address": "127.0.0.1:38603", "component": "shard-engine", "lifecycle": "Started", "shard-id": 1, "logging-call-at": "/home/ubuntu/temporal-investigation-20260909/overnight-20260909/specula-engine/runs/temporal-update-20260909-restart-1600/temporal-update/.specula-output/confirmation/CR-1/worktree/service/history/shard/context_impl.go:1565"}
2026-09-09T20:29:03.868Z	error	Queue reader unable to retrieve tasks	{"address": "127.0.0.1:38603", "component": "transfer-queue-processor", "error": "shard status unknown", "queue-reader-id": 0, "shard-id": 1, "logging-call-at": "/home/ubuntu/temporal-investigation-20260909/overnight-20260909/specula-engine/runs/temporal-update-20260909-restart-1600/temporal-update/.specula-output/confirmation/CR-1/worktree/service/history/queues/reader.go:457"}
go.temporal.io/server/common/log.(*zapLogger).Error
	/home/ubuntu/temporal-investigation-20260909/overnight-20260909/specula-engine/runs/temporal-update-20260909-restart-1600/temporal-update/.specula-output/confirmation/CR-1/worktree/common/log/zap_logger.go:191
go.temporal.io/server/common/testing/testlogger.(*TestLogger).Error
	/home/ubuntu/temporal-investigation-20260909/overnight-20260909/specula-engine/runs/temporal-update-20260909-restart-1600/temporal-update/.specula-output/confirmation/CR-1/worktree/common/testing/testlogger/testlogger.go:543
go.temporal.io/server/service/history/queues.(*ReaderImpl).loadAndSubmitTasks
	/home/ubuntu/temporal-investigation-20260909/overnight-20260909/specula-engine/runs/temporal-update-20260909-restart-1600/temporal-update/.specula-output/confirmation/CR-1/worktree/service/history/queues/reader.go:457
go.temporal.io/server/service/history/queues.(*ReaderImpl).eventLoop
	/home/ubuntu/temporal-investigation-20260909/overnight-20260909/specula-engine/runs/temporal-update-20260909-restart-1600/temporal-update/.specula-output/confirmation/CR-1/worktree/service/history/queues/reader.go:422
2026-09-09T20:29:03.868Z	info	Quota changed	{"component": "persistence", "current-quota": null, "new-quota": 0, "scope": "namespace", "service": "frontend", "wf-namespace": "namespace-088cc2cd-1ac3-40f4-9d44-f7b40aa3958d", "logging-call-at": "/home/ubuntu/temporal-investigation-20260909/overnight-20260909/specula-engine/runs/temporal-update-20260909-restart-1600/temporal-update/.specula-output/confirmation/CR-1/worktree/common/quotas/calculator/logged_calculator.go:100"}
2026-09-09T20:29:03.868Z	info	initial shards ready	{"address": "127.0.0.1:38603", "component": "shard-controller", "total": 1, "logging-call-at": "/home/ubuntu/temporal-investigation-20260909/overnight-20260909/specula-engine/runs/temporal-update-20260909-restart-1600/temporal-update/.specula-output/confirmation/CR-1/worktree/service/history/shard/controller_impl.go:511"}
2026-09-09T20:29:03.869Z	debug	Frontend method invoked.	{"wf-namespace": "namespace-088cc2cd-1ac3-40f4-9d44-f7b40aa3958d", "operation": "AddSearchAttributes", "server-name": "", "cert-thumbprint": "", "logging-call-at": "/home/ubuntu/temporal-investigation-20260909/overnight-20260909/specula-engine/runs/temporal-update-20260909-restart-1600/temporal-update/.specula-output/confirmation/CR-1/worktree/common/rpc/interceptor/namespace_logger.go:53"}
2026-09-09T20:29:03.869Z	debug	Frontend method invoked.	{"wf-namespace": "namespace-088cc2cd-1ac3-40f4-9d44-f7b40aa3958d", "operation": "DescribeNamespace", "server-name": "", "cert-thumbprint": "", "logging-call-at": "/home/ubuntu/temporal-investigation-20260909/overnight-20260909/specula-engine/runs/temporal-update-20260909-restart-1600/temporal-update/.specula-output/confirmation/CR-1/worktree/common/rpc/interceptor/namespace_logger.go:53"}
2026-09-09T20:29:03.870Z	debug	Frontend method invoked.	{"wf-namespace": "namespace-088cc2cd-1ac3-40f4-9d44-f7b40aa3958d", "operation": "UpdateNamespace", "server-name": "", "cert-thumbprint": "", "logging-call-at": "/home/ubuntu/temporal-investigation-20260909/overnight-20260909/specula-engine/runs/temporal-update-20260909-restart-1600/temporal-update/.specula-output/confirmation/CR-1/worktree/common/rpc/interceptor/namespace_logger.go:53"}
2026-09-09T20:29:03.870Z	info	Quota changed	{"component": "namespace-replication", "current-quota": null, "new-quota": 10, "scope": "namespace", "service": "frontend", "wf-namespace": "namespace-088cc2cd-1ac3-40f4-9d44-f7b40aa3958d", "logging-call-at": "/home/ubuntu/temporal-investigation-20260909/overnight-20260909/specula-engine/runs/temporal-update-20260909-restart-1600/temporal-update/.specula-output/confirmation/CR-1/worktree/common/quotas/calculator/logged_calculator.go:100"}
2026-09-09T20:29:03.870Z	info	Update namespace succeeded	{"service": "frontend", "wf-namespace": "namespace-088cc2cd-1ac3-40f4-9d44-f7b40aa3958d", "wf-namespace-id": "db51ba9f-9a0b-4f57-bed6-bc14a43669da", "logging-call-at": "/home/ubuntu/temporal-investigation-20260909/overnight-20260909/specula-engine/runs/temporal-update-20260909-restart-1600/temporal-update/.specula-output/confirmation/CR-1/worktree/service/frontend/namespace_handler.go:667"}
2026-09-09T20:29:03.870Z	debug	Frontend method invoked.	{"wf-namespace": "namespace-088cc2cd-1ac3-40f4-9d44-f7b40aa3958d", "operation": "ListSearchAttributes", "server-name": "", "cert-thumbprint": "", "logging-call-at": "/home/ubuntu/temporal-investigation-20260909/overnight-20260909/specula-engine/runs/temporal-update-20260909-restart-1600/temporal-update/.specula-output/confirmation/CR-1/worktree/common/rpc/interceptor/namespace_logger.go:53"}
2026-09-09T20:29:03.871Z	debug	Frontend method invoked.	{"wf-namespace": "namespace-088cc2cd-1ac3-40f4-9d44-f7b40aa3958d", "operation": "DescribeNamespace", "server-name": "", "cert-thumbprint": "", "logging-call-at": "/home/ubuntu/temporal-investigation-20260909/overnight-20260909/specula-engine/runs/temporal-update-20260909-restart-1600/temporal-update/.specula-output/confirmation/CR-1/worktree/common/rpc/interceptor/namespace_logger.go:53"}
2026-09-09T20:29:03.871Z	info	Register namespace succeeded	{"wf-namespace": "namespace-088cc2cd-1ac3-40f4-9d44-f7b40aa3958d", "wf-namespace-id": "db51ba9f-9a0b-4f57-bed6-bc14a43669da", "logging-call-at": "/home/ubuntu/temporal-investigation-20260909/overnight-20260909/specula-engine/runs/temporal-update-20260909-restart-1600/temporal-update/.specula-output/confirmation/CR-1/worktree/tests/testcore/functional_test_base.go:600"}
2026-09-09T20:29:03.871Z	debug	Frontend method invoked.	{"wf-namespace": "external-namespace-30c55876-11c6-4698-9904-3c680cca0b65", "operation": "DescribeNamespace", "server-name": "", "cert-thumbprint": "", "logging-call-at": "/home/ubuntu/temporal-investigation-20260909/overnight-20260909/specula-engine/runs/temporal-update-20260909-restart-1600/temporal-update/.specula-output/confirmation/CR-1/worktree/common/rpc/interceptor/namespace_logger.go:53"}
2026-09-09T20:29:03.871Z	info	Quota changed	{"component": "rpc-handler", "current-quota": null, "new-quota": 2400, "scope": "namespace", "service": "frontend", "wf-namespace": "external-namespace-30c55876-11c6-4698-9904-3c680cca0b65", "logging-call-at": "/home/ubuntu/temporal-investigation-20260909/overnight-20260909/specula-engine/runs/temporal-update-20260909-restart-1600/temporal-update/.specula-output/confirmation/CR-1/worktree/common/quotas/calculator/logged_calculator.go:100"}
2026-09-09T20:29:03.871Z	info	Quota changed	{"component": "persistence", "current-quota": null, "new-quota": 0, "scope": "namespace", "service": "frontend", "wf-namespace": "external-namespace-30c55876-11c6-4698-9904-3c680cca0b65", "logging-call-at": "/home/ubuntu/temporal-investigation-20260909/overnight-20260909/specula-engine/runs/temporal-update-20260909-restart-1600/temporal-update/.specula-output/confirmation/CR-1/worktree/common/quotas/calculator/logged_calculator.go:100"}
2026-09-09T20:29:03.871Z	debug	Frontend method invoked.	{"wf-namespace": "external-namespace-30c55876-11c6-4698-9904-3c680cca0b65", "operation": "AddSearchAttributes", "server-name": "", "cert-thumbprint": "", "logging-call-at": "/home/ubuntu/temporal-investigation-20260909/overnight-20260909/specula-engine/runs/temporal-update-20260909-restart-1600/temporal-update/.specula-output/confirmation/CR-1/worktree/common/rpc/interceptor/namespace_logger.go:53"}
2026-09-09T20:29:03.872Z	debug	Frontend method invoked.	{"wf-namespace": "external-namespace-30c55876-11c6-4698-9904-3c680cca0b65", "operation": "DescribeNamespace", "server-name": "", "cert-thumbprint": "", "logging-call-at": "/home/ubuntu/temporal-investigation-20260909/overnight-20260909/specula-engine/runs/temporal-update-20260909-restart-1600/temporal-update/.specula-output/confirmation/CR-1/worktree/common/rpc/interceptor/namespace_logger.go:53"}
2026-09-09T20:29:03.872Z	debug	Frontend method invoked.	{"wf-namespace": "external-namespace-30c55876-11c6-4698-9904-3c680cca0b65", "operation": "UpdateNamespace", "server-name": "", "cert-thumbprint": "", "logging-call-at": "/home/ubuntu/temporal-investigation-20260909/overnight-20260909/specula-engine/runs/temporal-update-20260909-restart-1600/temporal-update/.specula-output/confirmation/CR-1/worktree/common/rpc/interceptor/namespace_logger.go:53"}
2026-09-09T20:29:03.872Z	info	Quota changed	{"component": "namespace-replication", "current-quota": null, "new-quota": 10, "scope": "namespace", "service": "frontend", "wf-namespace": "external-namespace-30c55876-11c6-4698-9904-3c680cca0b65", "logging-call-at": "/home/ubuntu/temporal-investigation-20260909/overnight-20260909/specula-engine/runs/temporal-update-20260909-restart-1600/temporal-update/.specula-output/confirmation/CR-1/worktree/common/quotas/calculator/logged_calculator.go:100"}
2026-09-09T20:29:03.872Z	info	Update namespace succeeded	{"service": "frontend", "wf-namespace": "external-namespace-30c55876-11c6-4698-9904-3c680cca0b65", "wf-namespace-id": "e57a0011-e419-4cc7-b155-d1feab7c205b", "logging-call-at": "/home/ubuntu/temporal-investigation-20260909/overnight-20260909/specula-engine/runs/temporal-update-20260909-restart-1600/temporal-update/.specula-output/confirmation/CR-1/worktree/service/frontend/namespace_handler.go:667"}
2026-09-09T20:29:03.872Z	debug	Frontend method invoked.	{"wf-namespace": "external-namespace-30c55876-11c6-4698-9904-3c680cca0b65", "operation": "ListSearchAttributes", "server-name": "", "cert-thumbprint": "", "logging-call-at": "/home/ubuntu/temporal-investigation-20260909/overnight-20260909/specula-engine/runs/temporal-update-20260909-restart-1600/temporal-update/.specula-output/confirmation/CR-1/worktree/common/rpc/interceptor/namespace_logger.go:53"}
2026-09-09T20:29:03.873Z	debug	Frontend method invoked.	{"wf-namespace": "external-namespace-30c55876-11c6-4698-9904-3c680cca0b65", "operation": "DescribeNamespace", "server-name": "", "cert-thumbprint": "", "logging-call-at": "/home/ubuntu/temporal-investigation-20260909/overnight-20260909/specula-engine/runs/temporal-update-20260909-restart-1600/temporal-update/.specula-output/confirmation/CR-1/worktree/common/rpc/interceptor/namespace_logger.go:53"}
2026-09-09T20:29:03.873Z	info	Register namespace succeeded	{"wf-namespace": "external-namespace-30c55876-11c6-4698-9904-3c680cca0b65", "wf-namespace-id": "e57a0011-e419-4cc7-b155-d1feab7c205b", "logging-call-at": "/home/ubuntu/temporal-investigation-20260909/overnight-20260909/specula-engine/runs/temporal-update-20260909-restart-1600/temporal-update/.specula-output/confirmation/CR-1/worktree/tests/testcore/functional_test_base.go:600"}
2026/09/09 20:29:03 CLUSTEREVENT {"kind":"dedicated","reason":"fault injection config used","suite":"TestBugCR1OneHostNoncommittedCompletionDoesNotLeakToNextUpdate","test":"TestBugCR1OneHostNoncommittedCompletionDoesNotLeakToNextUpdate","worker":false}
    shared_cluster_t.go:72: 2026-09-09T20:29:03.873Z	debug	Frontend method invoked.	{"wf-namespace": "TestBugCR1OneHostNoncommittedCompletionDoesNotLeakToNextUpdate-67ee15eb-d2f0-48c3-94c8-1b3ff6058258", "operation": "DescribeNamespace", "server-name": "", "cert-thumbprint": "", "logging-call-at": "/home/ubuntu/temporal-investigation-20260909/overnight-20260909/specula-engine/runs/temporal-update-20260909-restart-1600/temporal-update/.specula-output/confirmation/CR-1/worktree/common/rpc/interceptor/namespace_logger.go:53"}
    shared_cluster_t.go:72: 2026-09-09T20:29:03.873Z	info	Quota changed	{"component": "rpc-handler", "current-quota": null, "new-quota": 2400, "scope": "namespace", "service": "frontend", "wf-namespace": "TestBugCR1OneHostNoncommittedCompletionDoesNotLeakToNextUpdate-67ee15eb-d2f0-48c3-94c8-1b3ff6058258", "logging-call-at": "/home/ubuntu/temporal-investigation-20260909/overnight-20260909/specula-engine/runs/temporal-update-20260909-restart-1600/temporal-update/.specula-output/confirmation/CR-1/worktree/common/quotas/calculator/logged_calculator.go:100"}
    shared_cluster_t.go:72: 2026-09-09T20:29:03.873Z	info	Quota changed	{"component": "persistence", "current-quota": null, "new-quota": 0, "scope": "namespace", "service": "frontend", "wf-namespace": "TestBugCR1OneHostNoncommittedCompletionDoesNotLeakToNextUpdate-67ee15eb-d2f0-48c3-94c8-1b3ff6058258", "logging-call-at": "/home/ubuntu/temporal-investigation-20260909/overnight-20260909/specula-engine/runs/temporal-update-20260909-restart-1600/temporal-update/.specula-output/confirmation/CR-1/worktree/common/quotas/calculator/logged_calculator.go:100"}
    shared_cluster_t.go:72: 2026-09-09T20:29:03.874Z	debug	Frontend method invoked.	{"wf-namespace": "TestBugCR1OneHostNoncommittedCompletionDoesNotLeakToNextUpdate-67ee15eb-d2f0-48c3-94c8-1b3ff6058258", "operation": "AddSearchAttributes", "server-name": "", "cert-thumbprint": "", "logging-call-at": "/home/ubuntu/temporal-investigation-20260909/overnight-20260909/specula-engine/runs/temporal-update-20260909-restart-1600/temporal-update/.specula-output/confirmation/CR-1/worktree/common/rpc/interceptor/namespace_logger.go:53"}
    shared_cluster_t.go:72: 2026-09-09T20:29:03.874Z	debug	Frontend method invoked.	{"wf-namespace": "TestBugCR1OneHostNoncommittedCompletionDoesNotLeakToNextUpdate-67ee15eb-d2f0-48c3-94c8-1b3ff6058258", "operation": "DescribeNamespace", "server-name": "", "cert-thumbprint": "", "logging-call-at": "/home/ubuntu/temporal-investigation-20260909/overnight-20260909/specula-engine/runs/temporal-update-20260909-restart-1600/temporal-update/.specula-output/confirmation/CR-1/worktree/common/rpc/interceptor/namespace_logger.go:53"}
    shared_cluster_t.go:72: 2026-09-09T20:29:03.874Z	debug	Frontend method invoked.	{"wf-namespace": "TestBugCR1OneHostNoncommittedCompletionDoesNotLeakToNextUpdate-67ee15eb-d2f0-48c3-94c8-1b3ff6058258", "operation": "UpdateNamespace", "server-name": "", "cert-thumbprint": "", "logging-call-at": "/home/ubuntu/temporal-investigation-20260909/overnight-20260909/specula-engine/runs/temporal-update-20260909-restart-1600/temporal-update/.specula-output/confirmation/CR-1/worktree/common/rpc/interceptor/namespace_logger.go:53"}
    shared_cluster_t.go:72: 2026-09-09T20:29:03.874Z	info	Quota changed	{"component": "namespace-replication", "current-quota": null, "new-quota": 10, "scope": "namespace", "service": "frontend", "wf-namespace": "TestBugCR1OneHostNoncommittedCompletionDoesNotLeakToNextUpdate-67ee15eb-d2f0-48c3-94c8-1b3ff6058258", "logging-call-at": "/home/ubuntu/temporal-investigation-20260909/overnight-20260909/specula-engine/runs/temporal-update-20260909-restart-1600/temporal-update/.specula-output/confirmation/CR-1/worktree/common/quotas/calculator/logged_calculator.go:100"}
2026-09-09T20:29:03.874Z	debug	starting ping check	{"name": "cluster metadata lock", "service": "matching", "logging-call-at": "/home/ubuntu/temporal-investigation-20260909/overnight-20260909/specula-engine/runs/temporal-update-20260909-restart-1600/temporal-update/.specula-output/confirmation/CR-1/worktree/common/deadlock/deadlock.go:178"}
2026-09-09T20:29:03.874Z	debug	ping check succeeded	{"name": "cluster metadata lock", "service": "matching", "logging-call-at": "/home/ubuntu/temporal-investigation-20260909/overnight-20260909/specula-engine/runs/temporal-update-20260909-restart-1600/temporal-update/.specula-output/confirmation/CR-1/worktree/common/deadlock/deadlock.go:206"}
2026-09-09T20:29:03.874Z	debug	starting ping check	{"name": "cluster metadata callback lock", "service": "matching", "logging-call-at": "/home/ubuntu/temporal-investigation-20260909/overnight-20260909/specula-engine/runs/temporal-update-20260909-restart-1600/temporal-update/.specula-output/confirmation/CR-1/worktree/common/deadlock/deadlock.go:178"}
2026-09-09T20:29:03.874Z	debug	starting ping check	{"name": "dynamic config callbacks", "service": "matching", "logging-call-at": "/home/ubuntu/temporal-investigation-20260909/overnight-20260909/specula-engine/runs/temporal-update-20260909-restart-1600/temporal-update/.specula-output/confirmation/CR-1/worktree/common/deadlock/deadlock.go:178"}
2026-09-09T20:29:03.874Z	debug	ping check succeeded	{"name": "cluster metadata callback lock", "service": "matching", "logging-call-at": "/home/ubuntu/temporal-investigation-20260909/overnight-20260909/specula-engine/runs/temporal-update-20260909-restart-1600/temporal-update/.specula-output/confirmation/CR-1/worktree/common/deadlock/deadlock.go:206"}
2026-09-09T20:29:03.874Z	debug	ping check succeeded	{"name": "dynamic config callbacks", "service": "matching", "logging-call-at": "/home/ubuntu/temporal-investigation-20260909/overnight-20260909/specula-engine/runs/temporal-update-20260909-restart-1600/temporal-update/.specula-output/confirmation/CR-1/worktree/common/deadlock/deadlock.go:206"}
2026-09-09T20:29:03.874Z	debug	starting ping check	{"name": "namespace registry lock", "service": "matching", "logging-call-at": "/home/ubuntu/temporal-investigation-20260909/overnight-20260909/specula-engine/runs/temporal-update-20260909-restart-1600/temporal-update/.specula-output/confirmation/CR-1/worktree/common/deadlock/deadlock.go:178"}
2026-09-09T20:29:03.874Z	debug	ping check succeeded	{"name": "namespace registry lock", "service": "matching", "logging-call-at": "/home/ubuntu/temporal-investigation-20260909/overnight-20260909/specula-engine/runs/temporal-update-20260909-restart-1600/temporal-update/.specula-output/confirmation/CR-1/worktree/common/deadlock/deadlock.go:206"}
    shared_cluster_t.go:72: 2026-09-09T20:29:03.875Z	info	Update namespace succeeded	{"service": "frontend", "wf-namespace": "TestBugCR1OneHostNoncommittedCompletionDoesNotLeakToNextUpdate-67ee15eb-d2f0-48c3-94c8-1b3ff6058258", "wf-namespace-id": "5255759a-ea35-4899-a56b-6167a6f2c5cd", "logging-call-at": "/home/ubuntu/temporal-investigation-20260909/overnight-20260909/specula-engine/runs/temporal-update-20260909-restart-1600/temporal-update/.specula-output/confirmation/CR-1/worktree/service/frontend/namespace_handler.go:667"}
    shared_cluster_t.go:72: 2026-09-09T20:29:03.875Z	debug	Frontend method invoked.	{"wf-namespace": "TestBugCR1OneHostNoncommittedCompletionDoesNotLeakToNextUpdate-67ee15eb-d2f0-48c3-94c8-1b3ff6058258", "operation": "ListSearchAttributes", "server-name": "", "cert-thumbprint": "", "logging-call-at": "/home/ubuntu/temporal-investigation-20260909/overnight-20260909/specula-engine/runs/temporal-update-20260909-restart-1600/temporal-update/.specula-output/confirmation/CR-1/worktree/common/rpc/interceptor/namespace_logger.go:53"}
    shared_cluster_t.go:72: 2026-09-09T20:29:03.875Z	debug	Frontend method invoked.	{"wf-namespace": "TestBugCR1OneHostNoncommittedCompletionDoesNotLeakToNextUpdate-67ee15eb-d2f0-48c3-94c8-1b3ff6058258", "operation": "DescribeNamespace", "server-name": "", "cert-thumbprint": "", "logging-call-at": "/home/ubuntu/temporal-investigation-20260909/overnight-20260909/specula-engine/runs/temporal-update-20260909-restart-1600/temporal-update/.specula-output/confirmation/CR-1/worktree/common/rpc/interceptor/namespace_logger.go:53"}
    shared_cluster_t.go:72: 2026-09-09T20:29:03.876Z	info	Register namespace succeeded	{"wf-namespace": "TestBugCR1OneHostNoncommittedCompletionDoesNotLeakToNextUpdate-67ee15eb-d2f0-48c3-94c8-1b3ff6058258", "wf-namespace-id": "5255759a-ea35-4899-a56b-6167a6f2c5cd", "logging-call-at": "/home/ubuntu/temporal-investigation-20260909/overnight-20260909/specula-engine/runs/temporal-update-20260909-restart-1600/temporal-update/.specula-output/confirmation/CR-1/worktree/tests/testcore/functional_test_base.go:600"}
    shared_cluster_t.go:72: 2026-09-09T20:29:03.876Z	debug	routing key extraction: adding routing key to context	{"wf-id": "TestBugCR1OneHostNoncommittedCompletionDoesNotLeakToNextUpdate_workflow_id", "grpc-method": "/temporal.api.workflowservice.v1.WorkflowService/StartWorkflowExecution", "logging-call-at": "/home/ubuntu/temporal-investigation-20260909/overnight-20260909/specula-engine/runs/temporal-update-20260909-restart-1600/temporal-update/.specula-output/confirmation/CR-1/worktree/common/rpc/interceptor/routing_key_interceptor.go:112"}
    shared_cluster_t.go:72: 2026-09-09T20:29:03.876Z	debug	Frontend method invoked.	{"wf-namespace": "TestBugCR1OneHostNoncommittedCompletionDoesNotLeakToNextUpdate-67ee15eb-d2f0-48c3-94c8-1b3ff6058258", "operation": "StartWorkflowExecution", "server-name": "", "cert-thumbprint": "", "logging-call-at": "/home/ubuntu/temporal-investigation-20260909/overnight-20260909/specula-engine/runs/temporal-update-20260909-restart-1600/temporal-update/.specula-output/confirmation/CR-1/worktree/common/rpc/interceptor/namespace_logger.go:53"}
    shared_cluster_t.go:72: 2026-09-09T20:29:03.876Z	debug	Received StartWorkflowExecution.	{"service": "frontend", "wf-id": "TestBugCR1OneHostNoncommittedCompletionDoesNotLeakToNextUpdate_workflow_id", "wf-type": "TestBugCR1OneHostNoncommittedCompletionDoesNotLeakToNextUpdate_workflow_type", "logging-call-at": "/home/ubuntu/temporal-investigation-20260909/overnight-20260909/specula-engine/runs/temporal-update-20260909-restart-1600/temporal-update/.specula-output/confirmation/CR-1/worktree/service/frontend/workflow_handler.go:561"}
    shared_cluster_t.go:72: 2026-09-09T20:29:03.876Z	debug	Start workflow execution request namespace.	{"service": "frontend", "wf-namespace": "TestBugCR1OneHostNoncommittedCompletionDoesNotLeakToNextUpdate-67ee15eb-d2f0-48c3-94c8-1b3ff6058258", "logging-call-at": "/home/ubuntu/temporal-investigation-20260909/overnight-20260909/specula-engine/runs/temporal-update-20260909-restart-1600/temporal-update/.specula-output/confirmation/CR-1/worktree/service/frontend/workflow_handler.go:565"}
    shared_cluster_t.go:72: 2026-09-09T20:29:03.876Z	debug	Start workflow execution request namespaceID.	{"service": "frontend", "wf-namespace-id": "5255759a-ea35-4899-a56b-6167a6f2c5cd", "logging-call-at": "/home/ubuntu/temporal-investigation-20260909/overnight-20260909/specula-engine/runs/temporal-update-20260909-restart-1600/temporal-update/.specula-output/confirmation/CR-1/worktree/service/frontend/workflow_handler.go:570"}
2026-09-09T20:29:03.877Z	debug	Process task as active.	{"address": "127.0.0.1:38411", "component": "transfer-queue-processor", "shard-id": 3, "value": "WorkflowTask{WorkflowKey: d2b22564-15e0-4a2d-a698-91bd1671fded/TestBugCR1CommittedUpdateSurvivesLostCallerReceipt_workflow_id/01a087dc-19ae-77a7-9ca3-02c01d492860, VisibilityTimestamp: 2026-09-09 20:29:03.79156268 +0000 UTC, TaskID: 1048580, TaskQueue: TestBugCR1CommittedUpdateSurvivesLostCallerReceipt_task_queue, ScheduledEventID: 2, Version: 0}", "wf-namespace-id": "d2b22564-15e0-4a2d-a698-91bd1671fded", "logging-call-at": "/home/ubuntu/temporal-investigation-20260909/overnight-20260909/specula-engine/runs/temporal-update-20260909-restart-1600/temporal-update/.specula-output/confirmation/CR-1/worktree/service/history/queues/active_standby_executor.go:121"}
    shared_cluster_t.go:72: 2026-09-09T20:29:03.877Z	debug	Workflow task updated	{"address": "127.0.0.1:38603", "attempt": 1, "shard-id": 1, "wf-id": "TestBugCR1OneHostNoncommittedCompletionDoesNotLeakToNextUpdate_workflow_id", "wf-namespace": "TestBugCR1OneHostNoncommittedCompletionDoesNotLeakToNextUpdate-67ee15eb-d2f0-48c3-94c8-1b3ff6058258", "wf-run-id": "01a087dc-1a05-71a8-810e-d3dc0cb2d5d0", "wf-scheduled-event-id": 2, "wf-started-event-id": 0, "wf-started-timestamp": "0001-01-01T00:00:00.000Z", "workflow-task-request-id": "emptyUuid", "workflow-task-timeout": 10, "wt-type": "Normal", "logging-call-at": "/home/ubuntu/temporal-investigation-20260909/overnight-20260909/specula-engine/runs/temporal-update-20260909-restart-1600/temporal-update/.specula-output/confirmation/CR-1/worktree/common/log/lazy_logger.go:30"}
    shared_cluster_t.go:72: 2026-09-09T20:29:03.877Z	debug	time skipping skipped for: time skipping is not enabled	{"address": "127.0.0.1:38603", "shard-id": 1, "wf-id": "TestBugCR1OneHostNoncommittedCompletionDoesNotLeakToNextUpdate_workflow_id", "wf-namespace": "TestBugCR1OneHostNoncommittedCompletionDoesNotLeakToNextUpdate-67ee15eb-d2f0-48c3-94c8-1b3ff6058258", "wf-run-id": "01a087dc-1a05-71a8-810e-d3dc0cb2d5d0", "logging-call-at": "/home/ubuntu/temporal-investigation-20260909/overnight-20260909/specula-engine/runs/temporal-update-20260909-restart-1600/temporal-update/.specula-output/confirmation/CR-1/worktree/common/log/lazy_logger.go:30"}
    shared_cluster_t.go:72: 2026-09-09T20:29:03.877Z	debug	Assigning new task key	{"address": "127.0.0.1:38603", "cursor-timestamp": "2026-09-09T20:29:04.868Z", "queue-task-id": 1048579, "queue-task-type": "VisibilityStartExecution", "shard-id": 1, "timestamp": "2026-09-09T20:29:03.877Z", "wf-id": "TestBugCR1OneHostNoncommittedCompletionDoesNotLeakToNextUpdate_workflow_id", "wf-namespace-id": "5255759a-ea35-4899-a56b-6167a6f2c5cd", "wf-run-id": "01a087dc-1a05-71a8-810e-d3dc0cb2d5d0", "logging-call-at": "/home/ubuntu/temporal-investigation-20260909/overnight-20260909/specula-engine/runs/temporal-update-20260909-restart-1600/temporal-update/.specula-output/confirmation/CR-1/worktree/service/history/shard/task_key_generator.go:98"}
    shared_cluster_t.go:72: 2026-09-09T20:29:03.877Z	debug	Assigning new task key	{"address": "127.0.0.1:38603", "cursor-timestamp": "2026-09-09T20:29:04.868Z", "queue-task-id": 1048580, "queue-task-type": "TransferWorkflowTask", "shard-id": 1, "timestamp": "2026-09-09T20:29:03.877Z", "wf-id": "TestBugCR1OneHostNoncommittedCompletionDoesNotLeakToNextUpdate_workflow_id", "wf-namespace-id": "5255759a-ea35-4899-a56b-6167a6f2c5cd", "wf-run-id": "01a087dc-1a05-71a8-810e-d3dc0cb2d5d0", "logging-call-at": "/home/ubuntu/temporal-investigation-20260909/overnight-20260909/specula-engine/runs/temporal-update-20260909-restart-1600/temporal-update/.specula-output/confirmation/CR-1/worktree/service/history/shard/task_key_generator.go:98"}
    shared_cluster_t.go:72: 2026-09-09T20:29:03.877Z	info	Quota changed	{"component": "persistence", "current-quota": null, "new-quota": 0, "scope": "namespace", "service": "history", "wf-namespace": "TestBugCR1OneHostNoncommittedCompletionDoesNotLeakToNextUpdate-67ee15eb-d2f0-48c3-94c8-1b3ff6058258", "logging-call-at": "/home/ubuntu/temporal-investigation-20260909/overnight-20260909/specula-engine/runs/temporal-update-20260909-restart-1600/temporal-update/.specula-output/confirmation/CR-1/worktree/common/quotas/calculator/logged_calculator.go:100"}
2026-09-09T20:29:03.877Z	debug	starting ping check	{"name": "cluster metadata lock", "service": "history", "logging-call-at": "/home/ubuntu/temporal-investigation-20260909/overnight-20260909/specula-engine/runs/temporal-update-20260909-restart-1600/temporal-update/.specula-output/confirmation/CR-1/worktree/common/deadlock/deadlock.go:178"}
2026-09-09T20:29:03.877Z	debug	ping check succeeded	{"name": "cluster metadata lock", "service": "history", "logging-call-at": "/home/ubuntu/temporal-investigation-20260909/overnight-20260909/specula-engine/runs/temporal-update-20260909-restart-1600/temporal-update/.specula-output/confirmation/CR-1/worktree/common/deadlock/deadlock.go:206"}
2026-09-09T20:29:03.877Z	debug	starting ping check	{"name": "namespace registry lock", "service": "history", "logging-call-at": "/home/ubuntu/temporal-investigation-20260909/overnight-20260909/specula-engine/runs/temporal-update-20260909-restart-1600/temporal-update/.specula-output/confirmation/CR-1/worktree/common/deadlock/deadlock.go:178"}
2026-09-09T20:29:03.877Z	debug	starting ping check	{"name": "cluster metadata callback lock", "service": "history", "logging-call-at": "/home/ubuntu/temporal-investigation-20260909/overnight-20260909/specula-engine/runs/temporal-update-20260909-restart-1600/temporal-update/.specula-output/confirmation/CR-1/worktree/common/deadlock/deadlock.go:178"}
2026-09-09T20:29:03.877Z	debug	ping check succeeded	{"name": "namespace registry lock", "service": "history", "logging-call-at": "/home/ubuntu/temporal-investigation-20260909/overnight-20260909/specula-engine/runs/temporal-update-20260909-restart-1600/temporal-update/.specula-output/confirmation/CR-1/worktree/common/deadlock/deadlock.go:206"}
2026-09-09T20:29:03.877Z	debug	ping check succeeded	{"name": "cluster metadata callback lock", "service": "history", "logging-call-at": "/home/ubuntu/temporal-investigation-20260909/overnight-20260909/specula-engine/runs/temporal-update-20260909-restart-1600/temporal-update/.specula-output/confirmation/CR-1/worktree/common/deadlock/deadlock.go:206"}
    shared_cluster_t.go:72: 2026-09-09T20:29:03.877Z	info	ContextMetadataInterceptor: Setting trailer	{"trailer": {"contextmetadata-bin":["\n`\n\u0013workflow-task-queue\u0012ITestBugCR1OneHostNoncommittedCompletionDoesNotLeakToNextUpdate_task_queue\n]\n\rworkflow-type\u0012LTestBugCR1OneHostNoncommittedCompletionDoesNotLeakToNextUpdate_workflow_type"],"contextmetadata-workflow-task-queue":["TestBugCR1OneHostNoncommittedCompletionDoesNotLeakToNextUpdate_task_queue"],"contextmetadata-workflow-type":["TestBugCR1OneHostNoncommittedCompletionDoesNotLeakToNextUpdate_workflow_type"],"workflow-task-queue":["TestBugCR1OneHostNoncommittedCompletionDoesNotLeakToNextUpdate_task_queue"],"workflow-type":["TestBugCR1OneHostNoncommittedCompletionDoesNotLeakToNextUpdate_workflow_type"]}, "fullMethod": "/temporal.server.api.historyservice.v1.HistoryService/StartWorkflowExecution", "logging-call-at": "/home/ubuntu/temporal-investigation-20260909/overnight-20260909/specula-engine/runs/temporal-update-20260909-restart-1600/temporal-update/.specula-output/confirmation/CR-1/worktree/common/log/throttle_logger.go:44"}
2026-09-09T20:29:03.877Z	debug	starting ping check	{"name": "dynamic config callbacks", "service": "history", "logging-call-at": "/home/ubuntu/temporal-investigation-20260909/overnight-20260909/specula-engine/runs/temporal-update-20260909-restart-1600/temporal-update/.specula-output/confirmation/CR-1/worktree/common/deadlock/deadlock.go:178"}
2026-09-09T20:29:03.877Z	debug	ping check succeeded	{"name": "dynamic config callbacks", "service": "history", "logging-call-at": "/home/ubuntu/temporal-investigation-20260909/overnight-20260909/specula-engine/runs/temporal-update-20260909-restart-1600/temporal-update/.specula-output/confirmation/CR-1/worktree/common/deadlock/deadlock.go:206"}
2026-09-09T20:29:03.878Z	debug	starting ping check	{"name": "shard controller", "service": "history", "logging-call-at": "/home/ubuntu/temporal-investigation-20260909/overnight-20260909/specula-engine/runs/temporal-update-20260909-restart-1600/temporal-update/.specula-output/confirmation/CR-1/worktree/common/deadlock/deadlock.go:178"}
2026-09-09T20:29:03.878Z	debug	ping check succeeded	{"name": "shard controller", "service": "history", "logging-call-at": "/home/ubuntu/temporal-investigation-20260909/overnight-20260909/specula-engine/runs/temporal-update-20260909-restart-1600/temporal-update/.specula-output/confirmation/CR-1/worktree/common/deadlock/deadlock.go:206"}
    shared_cluster_t.go:72: 2026-09-09T20:29:03.878Z	debug	Frontend method invoked.	{"wf-namespace": "TestBugCR1OneHostNoncommittedCompletionDoesNotLeakToNextUpdate-67ee15eb-d2f0-48c3-94c8-1b3ff6058258", "operation": "PollWorkflowTaskQueue", "server-name": "", "cert-thumbprint": "", "logging-call-at": "/home/ubuntu/temporal-investigation-20260909/overnight-20260909/specula-engine/runs/temporal-update-20260909-restart-1600/temporal-update/.specula-output/confirmation/CR-1/worktree/common/rpc/interceptor/namespace_logger.go:53"}
    shared_cluster_t.go:72: 2026-09-09T20:29:03.878Z	info	Quota changed	{"component": "long-poll-handler", "current-quota": null, "new-quota": 1200, "scope": "namespace", "service": "frontend", "wf-namespace": "TestBugCR1OneHostNoncommittedCompletionDoesNotLeakToNextUpdate-67ee15eb-d2f0-48c3-94c8-1b3ff6058258", "logging-call-at": "/home/ubuntu/temporal-investigation-20260909/overnight-20260909/specula-engine/runs/temporal-update-20260909-restart-1600/temporal-update/.specula-output/confirmation/CR-1/worktree/common/quotas/calculator/logged_calculator.go:100"}
    shared_cluster_t.go:72: 2026-09-09T20:29:03.878Z	debug	Received PollWorkflowTaskQueue	{"service": "frontend", "logging-call-at": "/home/ubuntu/temporal-investigation-20260909/overnight-20260909/specula-engine/runs/temporal-update-20260909-restart-1600/temporal-update/.specula-output/confirmation/CR-1/worktree/service/frontend/workflow_handler.go:1079"}
    shared_cluster_t.go:72: 2026-09-09T20:29:03.878Z	debug	Poll workflow task queue.	{"service": "frontend", "wf-namespace": "TestBugCR1OneHostNoncommittedCompletionDoesNotLeakToNextUpdate-67ee15eb-d2f0-48c3-94c8-1b3ff6058258", "wf-namespace-id": "5255759a-ea35-4899-a56b-6167a6f2c5cd", "logging-call-at": "/home/ubuntu/temporal-investigation-20260909/overnight-20260909/specula-engine/runs/temporal-update-20260909-restart-1600/temporal-update/.specula-output/confirmation/CR-1/worktree/service/frontend/workflow_handler.go:1116"}
2026-09-09T20:29:03.880Z	debug	starting ping check	{"name": "cluster metadata lock", "service": "frontend", "logging-call-at": "/home/ubuntu/temporal-investigation-20260909/overnight-20260909/specula-engine/runs/temporal-update-20260909-restart-1600/temporal-update/.specula-output/confirmation/CR-1/worktree/common/deadlock/deadlock.go:178"}
2026-09-09T20:29:03.880Z	debug	starting ping check	{"name": "dynamic config callbacks", "service": "frontend", "logging-call-at": "/home/ubuntu/temporal-investigation-20260909/overnight-20260909/specula-engine/runs/temporal-update-20260909-restart-1600/temporal-update/.specula-output/confirmation/CR-1/worktree/common/deadlock/deadlock.go:178"}
    shared_cluster_t.go:72: 2026-09-09T20:29:03.880Z	info	Quota changed	{"component": "persistence", "current-quota": null, "new-quota": 0, "scope": "namespace", "service": "matching", "wf-namespace": "TestBugCR1OneHostNoncommittedCompletionDoesNotLeakToNextUpdate-67ee15eb-d2f0-48c3-94c8-1b3ff6058258", "logging-call-at": "/home/ubuntu/temporal-investigation-20260909/overnight-20260909/specula-engine/runs/temporal-update-20260909-restart-1600/temporal-update/.specula-output/confirmation/CR-1/worktree/common/quotas/calculator/logged_calculator.go:100"}
2026-09-09T20:29:03.880Z	debug	ping check succeeded	{"name": "cluster metadata lock", "service": "frontend", "logging-call-at": "/home/ubuntu/temporal-investigation-20260909/overnight-20260909/specula-engine/runs/temporal-update-20260909-restart-1600/temporal-update/.specula-output/confirmation/CR-1/worktree/common/deadlock/deadlock.go:206"}
2026-09-09T20:29:03.880Z	debug	ping check succeeded	{"name": "dynamic config callbacks", "service": "frontend", "logging-call-at": "/home/ubuntu/temporal-investigation-20260909/overnight-20260909/specula-engine/runs/temporal-update-20260909-restart-1600/temporal-update/.specula-output/confirmation/CR-1/worktree/common/deadlock/deadlock.go:206"}
2026-09-09T20:29:03.880Z	debug	starting ping check	{"name": "cluster metadata callback lock", "service": "frontend", "logging-call-at": "/home/ubuntu/temporal-investigation-20260909/overnight-20260909/specula-engine/runs/temporal-update-20260909-restart-1600/temporal-update/.specula-output/confirmation/CR-1/worktree/common/deadlock/deadlock.go:178"}
2026-09-09T20:29:03.880Z	debug	starting ping check	{"name": "namespace registry lock", "service": "frontend", "logging-call-at": "/home/ubuntu/temporal-investigation-20260909/overnight-20260909/specula-engine/runs/temporal-update-20260909-restart-1600/temporal-update/.specula-output/confirmation/CR-1/worktree/common/deadlock/deadlock.go:178"}
2026-09-09T20:29:03.880Z	debug	ping check succeeded	{"name": "cluster metadata callback lock", "service": "frontend", "logging-call-at": "/home/ubuntu/temporal-investigation-20260909/overnight-20260909/specula-engine/runs/temporal-update-20260909-restart-1600/temporal-update/.specula-output/confirmation/CR-1/worktree/common/deadlock/deadlock.go:206"}
2026-09-09T20:29:03.880Z	debug	ping check succeeded	{"name": "namespace registry lock", "service": "frontend", "logging-call-at": "/home/ubuntu/temporal-investigation-20260909/overnight-20260909/specula-engine/runs/temporal-update-20260909-restart-1600/temporal-update/.specula-output/confirmation/CR-1/worktree/common/deadlock/deadlock.go:206"}
    shared_cluster_t.go:72: 2026-09-09T20:29:03.880Z	info	loaded user data from db	{"component": "matching-engine", "timestamp": "1970-01-01T00:00:00.000Z", "user-data-version": 0, "wf-namespace": "TestBugCR1OneHostNoncommittedCompletionDoesNotLeakToNextUpdate-67ee15eb-d2f0-48c3-94c8-1b3ff6058258", "wf-task-queue-name": "TestBugCR1OneHostNoncommittedCompletionDoesNotLeakToNextUpdate_task_queue", "wf-task-queue-type": "Workflow", "logging-call-at": "/home/ubuntu/temporal-investigation-20260909/overnight-20260909/specula-engine/runs/temporal-update-20260909-restart-1600/temporal-update/.specula-output/confirmation/CR-1/worktree/service/matching/user_data_manager.go:871"}
    shared_cluster_t.go:72: 2026-09-09T20:29:03.880Z	info	Started physicalTaskQueueManager	{"backlog": "priority", "cause": "UserData", "component": "matching-engine", "lifecycle": "Started", "wf-namespace": "TestBugCR1OneHostNoncommittedCompletionDoesNotLeakToNextUpdate-67ee15eb-d2f0-48c3-94c8-1b3ff6058258", "wf-task-queue-name": "TestBugCR1OneHostNoncommittedCompletionDoesNotLeakToNextUpdate_task_queue", "wf-task-queue-type": "Workflow", "worker-version": "_unversioned_", "logging-call-at": "/home/ubuntu/temporal-investigation-20260909/overnight-20260909/specula-engine/runs/temporal-update-20260909-restart-1600/temporal-update/.specula-output/confirmation/CR-1/worktree/service/matching/physical_task_queue_manager.go:312"}
    shared_cluster_t.go:72: 2026-09-09T20:29:03.880Z	info	Starting draining	{"backlog": "fairness-drain", "component": "matching-engine", "wf-namespace": "TestBugCR1OneHostNoncommittedCompletionDoesNotLeakToNextUpdate-67ee15eb-d2f0-48c3-94c8-1b3ff6058258", "wf-task-queue-name": "TestBugCR1OneHostNoncommittedCompletionDoesNotLeakToNextUpdate_task_queue", "wf-task-queue-type": "Workflow", "worker-version": "_unversioned_", "logging-call-at": "/home/ubuntu/temporal-investigation-20260909/overnight-20260909/specula-engine/runs/temporal-update-20260909-restart-1600/temporal-update/.specula-output/confirmation/CR-1/worktree/service/matching/physical_task_queue_manager.go:430"}
    shared_cluster_t.go:72: 2026-09-09T20:29:03.880Z	debug	returning empty user data (no data or no change)	{"component": "matching-engine", "wf-namespace": "TestBugCR1OneHostNoncommittedCompletionDoesNotLeakToNextUpdate-67ee15eb-d2f0-48c3-94c8-1b3ff6058258", "wf-task-queue-name": "TestBugCR1OneHostNoncommittedCompletionDoesNotLeakToNextUpdate_task_queue", "wf-task-queue-type": "Workflow", "logging-call-at": "/home/ubuntu/temporal-investigation-20260909/overnight-20260909/specula-engine/runs/temporal-update-20260909-restart-1600/temporal-update/.specula-output/confirmation/CR-1/worktree/service/matching/user_data_manager.go:644"}
    shared_cluster_t.go:72: 2026-09-09T20:29:03.880Z	info	TrailerToContextMetadataInterceptor: No metadata in trailer	{"contextWrapped": false, "method": "/temporal.server.api.matchingservice.v1.MatchingService/GetTaskQueueUserData", "service": "matching", "logging-call-at": "/home/ubuntu/temporal-investigation-20260909/overnight-20260909/specula-engine/runs/temporal-update-20260909-restart-1600/temporal-update/.specula-output/confirmation/CR-1/worktree/common/log/throttle_logger.go:44"}
    shared_cluster_t.go:72: 2026-09-09T20:29:03.880Z	debug	fetched user data from parent, no change	{"component": "matching-engine", "wf-namespace": "TestBugCR1OneHostNoncommittedCompletionDoesNotLeakToNextUpdate-67ee15eb-d2f0-48c3-94c8-1b3ff6058258", "wf-task-queue-name": "/_sys/TestBugCR1OneHostNoncommittedCompletionDoesNotLeakToNextUpdate_task_queue/1", "wf-task-queue-type": "Workflow", "logging-call-at": "/home/ubuntu/temporal-investigation-20260909/overnight-20260909/specula-engine/runs/temporal-update-20260909-restart-1600/temporal-update/.specula-output/confirmation/CR-1/worktree/service/matching/user_data_manager.go:351"}
    shared_cluster_t.go:72: 2026-09-09T20:29:03.880Z	info	Started physicalTaskQueueManager	{"backlog": "priority", "cause": "Poll", "component": "matching-engine", "lifecycle": "Started", "wf-namespace": "TestBugCR1OneHostNoncommittedCompletionDoesNotLeakToNextUpdate-67ee15eb-d2f0-48c3-94c8-1b3ff6058258", "wf-task-queue-name": "/_sys/TestBugCR1OneHostNoncommittedCompletionDoesNotLeakToNextUpdate_task_queue/1", "wf-task-queue-type": "Workflow", "worker-version": "_unversioned_", "logging-call-at": "/home/ubuntu/temporal-investigation-20260909/overnight-20260909/specula-engine/runs/temporal-update-20260909-restart-1600/temporal-update/.specula-output/confirmation/CR-1/worktree/service/matching/physical_task_queue_manager.go:312"}
    shared_cluster_t.go:72: 2026-09-09T20:29:03.880Z	debug	returning empty user data (no data or no change)	{"component": "matching-engine", "wf-namespace": "TestBugCR1OneHostNoncommittedCompletionDoesNotLeakToNextUpdate-67ee15eb-d2f0-48c3-94c8-1b3ff6058258", "wf-task-queue-name": "TestBugCR1OneHostNoncommittedCompletionDoesNotLeakToNextUpdate_task_queue", "wf-task-queue-type": "Workflow", "logging-call-at": "/home/ubuntu/temporal-investigation-20260909/overnight-20260909/specula-engine/runs/temporal-update-20260909-restart-1600/temporal-update/.specula-output/confirmation/CR-1/worktree/service/matching/user_data_manager.go:644"}
    shared_cluster_t.go:72: 2026-09-09T20:29:03.880Z	debug	returning empty user data (no data or no change)	{"component": "matching-engine", "wf-namespace": "TestBugCR1OneHostNoncommittedCompletionDoesNotLeakToNextUpdate-67ee15eb-d2f0-48c3-94c8-1b3ff6058258", "wf-task-queue-name": "TestBugCR1OneHostNoncommittedCompletionDoesNotLeakToNextUpdate_task_queue", "wf-task-queue-type": "Workflow", "logging-call-at": "/home/ubuntu/temporal-investigation-20260909/overnight-20260909/specula-engine/runs/temporal-update-20260909-restart-1600/temporal-update/.specula-output/confirmation/CR-1/worktree/service/matching/user_data_manager.go:644"}
    shared_cluster_t.go:72: 2026-09-09T20:29:03.881Z	info	Starting draining	{"backlog": "fairness-drain", "component": "matching-engine", "wf-namespace": "TestBugCR1OneHostNoncommittedCompletionDoesNotLeakToNextUpdate-67ee15eb-d2f0-48c3-94c8-1b3ff6058258", "wf-task-queue-name": "/_sys/TestBugCR1OneHostNoncommittedCompletionDoesNotLeakToNextUpdate_task_queue/1", "wf-task-queue-type": "Workflow", "worker-version": "_unversioned_", "logging-call-at": "/home/ubuntu/temporal-investigation-20260909/overnight-20260909/specula-engine/runs/temporal-update-20260909-restart-1600/temporal-update/.specula-output/confirmation/CR-1/worktree/service/matching/physical_task_queue_manager.go:430"}
    shared_cluster_t.go:72: 2026-09-09T20:29:03.881Z	debug	fetched user data from parent, no change	{"component": "matching-engine", "wf-namespace": "TestBugCR1OneHostNoncommittedCompletionDoesNotLeakToNextUpdate-67ee15eb-d2f0-48c3-94c8-1b3ff6058258", "wf-task-queue-name": "/_sys/TestBugCR1OneHostNoncommittedCompletionDoesNotLeakToNextUpdate_task_queue/2", "wf-task-queue-type": "Workflow", "logging-call-at": "/home/ubuntu/temporal-investigation-20260909/overnight-20260909/specula-engine/runs/temporal-update-20260909-restart-1600/temporal-update/.specula-output/confirmation/CR-1/worktree/service/matching/user_data_manager.go:351"}
    shared_cluster_t.go:72: 2026-09-09T20:29:03.881Z	debug	fetched user data from parent, no change	{"component": "matching-engine", "wf-namespace": "TestBugCR1OneHostNoncommittedCompletionDoesNotLeakToNextUpdate-67ee15eb-d2f0-48c3-94c8-1b3ff6058258", "wf-task-queue-name": "/_sys/TestBugCR1OneHostNoncommittedCompletionDoesNotLeakToNextUpdate_task_queue/3", "wf-task-queue-type": "Workflow", "logging-call-at": "/home/ubuntu/temporal-investigation-20260909/overnight-20260909/specula-engine/runs/temporal-update-20260909-restart-1600/temporal-update/.specula-output/confirmation/CR-1/worktree/service/matching/user_data_manager.go:351"}
    shared_cluster_t.go:72: 2026-09-09T20:29:03.881Z	info	Started physicalTaskQueueManager	{"backlog": "priority", "cause": "Force", "component": "matching-engine", "lifecycle": "Started", "wf-namespace": "TestBugCR1OneHostNoncommittedCompletionDoesNotLeakToNextUpdate-67ee15eb-d2f0-48c3-94c8-1b3ff6058258", "wf-task-queue-name": "/_sys/TestBugCR1OneHostNoncommittedCompletionDoesNotLeakToNextUpdate_task_queue/2", "wf-task-queue-type": "Workflow", "worker-version": "_unversioned_", "logging-call-at": "/home/ubuntu/temporal-investigation-20260909/overnight-20260909/specula-engine/runs/temporal-update-20260909-restart-1600/temporal-update/.specula-output/confirmation/CR-1/worktree/service/matching/physical_task_queue_manager.go:312"}
    shared_cluster_t.go:72: 2026-09-09T20:29:03.881Z	info	Started physicalTaskQueueManager	{"backlog": "priority", "cause": "Force", "component": "matching-engine", "lifecycle": "Started", "wf-namespace": "TestBugCR1OneHostNoncommittedCompletionDoesNotLeakToNextUpdate-67ee15eb-d2f0-48c3-94c8-1b3ff6058258", "wf-task-queue-name": "/_sys/TestBugCR1OneHostNoncommittedCompletionDoesNotLeakToNextUpdate_task_queue/3", "wf-task-queue-type": "Workflow", "worker-version": "_unversioned_", "logging-call-at": "/home/ubuntu/temporal-investigation-20260909/overnight-20260909/specula-engine/runs/temporal-update-20260909-restart-1600/temporal-update/.specula-output/confirmation/CR-1/worktree/service/matching/physical_task_queue_manager.go:312"}
    shared_cluster_t.go:72: 2026-09-09T20:29:03.881Z	info	Starting draining	{"backlog": "fairness-drain", "component": "matching-engine", "wf-namespace": "TestBugCR1OneHostNoncommittedCompletionDoesNotLeakToNextUpdate-67ee15eb-d2f0-48c3-94c8-1b3ff6058258", "wf-task-queue-name": "/_sys/TestBugCR1OneHostNoncommittedCompletionDoesNotLeakToNextUpdate_task_queue/2", "wf-task-queue-type": "Workflow", "worker-version": "_unversioned_", "logging-call-at": "/home/ubuntu/temporal-investigation-20260909/overnight-20260909/specula-engine/runs/temporal-update-20260909-restart-1600/temporal-update/.specula-output/confirmation/CR-1/worktree/service/matching/physical_task_queue_manager.go:430"}
    shared_cluster_t.go:72: 2026-09-09T20:29:03.881Z	info	Starting draining	{"backlog": "fairness-drain", "component": "matching-engine", "wf-namespace": "TestBugCR1OneHostNoncommittedCompletionDoesNotLeakToNextUpdate-67ee15eb-d2f0-48c3-94c8-1b3ff6058258", "wf-task-queue-name": "/_sys/TestBugCR1OneHostNoncommittedCompletionDoesNotLeakToNextUpdate_task_queue/3", "wf-task-queue-type": "Workflow", "worker-version": "_unversioned_", "logging-call-at": "/home/ubuntu/temporal-investigation-20260909/overnight-20260909/specula-engine/runs/temporal-update-20260909-restart-1600/temporal-update/.specula-output/confirmation/CR-1/worktree/service/matching/physical_task_queue_manager.go:430"}
    shared_cluster_t.go:72: 2026-09-09T20:29:03.910Z	debug	Process task as active.	{"address": "127.0.0.1:38603", "component": "transfer-queue-processor", "shard-id": 1, "value": "WorkflowTask{WorkflowKey: 5255759a-ea35-4899-a56b-6167a6f2c5cd/TestBugCR1OneHostNoncommittedCompletionDoesNotLeakToNextUpdate_workflow_id/01a087dc-1a05-71a8-810e-d3dc0cb2d5d0, VisibilityTimestamp: 2026-09-09 20:29:03.877335975 +0000 UTC, TaskID: 1048580, TaskQueue: TestBugCR1OneHostNoncommittedCompletionDoesNotLeakToNextUpdate_task_queue, ScheduledEventID: 2, Version: 0}", "wf-namespace-id": "5255759a-ea35-4899-a56b-6167a6f2c5cd", "logging-call-at": "/home/ubuntu/temporal-investigation-20260909/overnight-20260909/specula-engine/runs/temporal-update-20260909-restart-1600/temporal-update/.specula-output/confirmation/CR-1/worktree/service/history/queues/active_standby_executor.go:121"}
    shared_cluster_t.go:72: 2026-09-09T20:29:03.911Z	debug	Workflow task updated	{"address": "127.0.0.1:38603", "attempt": 1, "shard-id": 1, "wf-id": "TestBugCR1OneHostNoncommittedCompletionDoesNotLeakToNextUpdate_workflow_id", "wf-namespace": "TestBugCR1OneHostNoncommittedCompletionDoesNotLeakToNextUpdate-67ee15eb-d2f0-48c3-94c8-1b3ff6058258", "wf-namespace-id": "5255759a-ea35-4899-a56b-6167a6f2c5cd", "wf-run-id": "01a087dc-1a05-71a8-810e-d3dc0cb2d5d0", "wf-scheduled-event-id": 2, "wf-started-event-id": 3, "wf-started-timestamp": "2026-09-09T20:29:03.911Z", "workflow-task-request-id": "21884ce1-265e-46bf-a751-8171915f81fd", "workflow-task-timeout": 10, "wt-type": "Normal", "logging-call-at": "/home/ubuntu/temporal-investigation-20260909/overnight-20260909/specula-engine/runs/temporal-update-20260909-restart-1600/temporal-update/.specula-output/confirmation/CR-1/worktree/common/log/lazy_logger.go:30"}
    shared_cluster_t.go:72: 2026-09-09T20:29:03.911Z	debug	time skipping skipped for: time skipping is not enabled	{"address": "127.0.0.1:38603", "shard-id": 1, "wf-id": "TestBugCR1OneHostNoncommittedCompletionDoesNotLeakToNextUpdate_workflow_id", "wf-namespace": "TestBugCR1OneHostNoncommittedCompletionDoesNotLeakToNextUpdate-67ee15eb-d2f0-48c3-94c8-1b3ff6058258", "wf-namespace-id": "5255759a-ea35-4899-a56b-6167a6f2c5cd", "wf-run-id": "01a087dc-1a05-71a8-810e-d3dc0cb2d5d0", "logging-call-at": "/home/ubuntu/temporal-investigation-20260909/overnight-20260909/specula-engine/runs/temporal-update-20260909-restart-1600/temporal-update/.specula-output/confirmation/CR-1/worktree/common/log/lazy_logger.go:30"}
    shared_cluster_t.go:72: 2026-09-09T20:29:03.912Z	debug	Assigning new task key	{"address": "127.0.0.1:38603", "cursor-timestamp": "2026-09-09T20:29:04.877Z", "queue-task-id": 1048584, "queue-task-type": "WorkflowTaskTimeout", "shard-id": 1, "timestamp": "2026-09-09T20:29:13.912Z", "wf-id": "TestBugCR1OneHostNoncommittedCompletionDoesNotLeakToNextUpdate_workflow_id", "wf-namespace-id": "5255759a-ea35-4899-a56b-6167a6f2c5cd", "wf-run-id": "01a087dc-1a05-71a8-810e-d3dc0cb2d5d0", "logging-call-at": "/home/ubuntu/temporal-investigation-20260909/overnight-20260909/specula-engine/runs/temporal-update-20260909-restart-1600/temporal-update/.specula-output/confirmation/CR-1/worktree/service/history/shard/task_key_generator.go:98"}
    shared_cluster_t.go:72: 2026-09-09T20:29:03.913Z	debug	routing key extraction: adding routing key to context	{"wf-id": "TestBugCR1OneHostNoncommittedCompletionDoesNotLeakToNextUpdate_workflow_id", "grpc-method": "/temporal.api.workflowservice.v1.WorkflowService/RespondWorkflowTaskCompleted", "logging-call-at": "/home/ubuntu/temporal-investigation-20260909/overnight-20260909/specula-engine/runs/temporal-update-20260909-restart-1600/temporal-update/.specula-output/confirmation/CR-1/worktree/common/rpc/interceptor/routing_key_interceptor.go:112"}
    shared_cluster_t.go:72: 2026-09-09T20:29:03.913Z	debug	Frontend method invoked.	{"wf-namespace": "TestBugCR1OneHostNoncommittedCompletionDoesNotLeakToNextUpdate-67ee15eb-d2f0-48c3-94c8-1b3ff6058258", "operation": "RespondWorkflowTaskCompleted", "server-name": "", "cert-thumbprint": "", "logging-call-at": "/home/ubuntu/temporal-investigation-20260909/overnight-20260909/specula-engine/runs/temporal-update-20260909-restart-1600/temporal-update/.specula-output/confirmation/CR-1/worktree/common/rpc/interceptor/namespace_logger.go:53"}
    shared_cluster_t.go:72: 2026-09-09T20:29:03.914Z	debug	RespondWorkflowTaskCompleted	{"service": "history", "wf-id": "TestBugCR1OneHostNoncommittedCompletionDoesNotLeakToNextUpdate_workflow_id", "wf-namespace-id": "5255759a-ea35-4899-a56b-6167a6f2c5cd", "wf-run-id": "01a087dc-1a05-71a8-810e-d3dc0cb2d5d0", "wf-scheduled-event-id": 2, "logging-call-at": "/home/ubuntu/temporal-investigation-20260909/overnight-20260909/specula-engine/runs/temporal-update-20260909-restart-1600/temporal-update/.specula-output/confirmation/CR-1/worktree/service/history/handler.go:558"}
    shared_cluster_t.go:72: 2026-09-09T20:29:03.914Z	debug	Workflow task updated	{"address": "127.0.0.1:38603", "attempt": 1, "shard-id": 1, "wf-id": "TestBugCR1OneHostNoncommittedCompletionDoesNotLeakToNextUpdate_workflow_id", "wf-namespace": "TestBugCR1OneHostNoncommittedCompletionDoesNotLeakToNextUpdate-67ee15eb-d2f0-48c3-94c8-1b3ff6058258", "wf-namespace-id": "5255759a-ea35-4899-a56b-6167a6f2c5cd", "wf-run-id": "01a087dc-1a05-71a8-810e-d3dc0cb2d5d0", "wf-scheduled-event-id": 0, "wf-started-event-id": 0, "wf-started-timestamp": "1970-01-01T00:00:00.000Z", "workflow-task-request-id": "emptyUuid", "workflow-task-timeout": 0, "wt-type": "Unspecified", "logging-call-at": "/home/ubuntu/temporal-investigation-20260909/overnight-20260909/specula-engine/runs/temporal-update-20260909-restart-1600/temporal-update/.specula-output/confirmation/CR-1/worktree/common/log/lazy_logger.go:30"}
    shared_cluster_t.go:72: 2026-09-09T20:29:03.914Z	debug	time skipping skipped for: time skipping is not enabled	{"address": "127.0.0.1:38603", "shard-id": 1, "wf-id": "TestBugCR1OneHostNoncommittedCompletionDoesNotLeakToNextUpdate_workflow_id", "wf-namespace": "TestBugCR1OneHostNoncommittedCompletionDoesNotLeakToNextUpdate-67ee15eb-d2f0-48c3-94c8-1b3ff6058258", "wf-namespace-id": "5255759a-ea35-4899-a56b-6167a6f2c5cd", "wf-run-id": "01a087dc-1a05-71a8-810e-d3dc0cb2d5d0", "logging-call-at": "/home/ubuntu/temporal-investigation-20260909/overnight-20260909/specula-engine/runs/temporal-update-20260909-restart-1600/temporal-update/.specula-output/confirmation/CR-1/worktree/common/log/lazy_logger.go:30"}
    shared_cluster_t.go:72: 2026-09-09T20:29:03.914Z	debug	Assigning new task key	{"address": "127.0.0.1:38603", "cursor-timestamp": "2026-09-09T20:29:04.877Z", "queue-task-id": 1048588, "queue-task-type": "VisibilityUpsertExecution", "shard-id": 1, "timestamp": "2026-09-09T20:29:03.914Z", "wf-id": "TestBugCR1OneHostNoncommittedCompletionDoesNotLeakToNextUpdate_workflow_id", "wf-namespace-id": "5255759a-ea35-4899-a56b-6167a6f2c5cd", "wf-run-id": "01a087dc-1a05-71a8-810e-d3dc0cb2d5d0", "logging-call-at": "/home/ubuntu/temporal-investigation-20260909/overnight-20260909/specula-engine/runs/temporal-update-20260909-restart-1600/temporal-update/.specula-output/confirmation/CR-1/worktree/service/history/shard/task_key_generator.go:98"}
    shared_cluster_t.go:72: 2026-09-09T20:29:03.914Z	debug	routing key extraction: adding routing key to context	{"wf-id": "TestBugCR1OneHostNoncommittedCompletionDoesNotLeakToNextUpdate_workflow_id", "grpc-method": "/temporal.api.workflowservice.v1.WorkflowService/PollWorkflowExecutionUpdate", "logging-call-at": "/home/ubuntu/temporal-investigation-20260909/overnight-20260909/specula-engine/runs/temporal-update-20260909-restart-1600/temporal-update/.specula-output/confirmation/CR-1/worktree/common/rpc/interceptor/routing_key_interceptor.go:112"}
    shared_cluster_t.go:72: 2026-09-09T20:29:03.914Z	debug	Frontend method invoked.	{"wf-namespace": "TestBugCR1OneHostNoncommittedCompletionDoesNotLeakToNextUpdate-67ee15eb-d2f0-48c3-94c8-1b3ff6058258", "operation": "PollWorkflowExecutionUpdate", "server-name": "", "cert-thumbprint": "", "logging-call-at": "/home/ubuntu/temporal-investigation-20260909/overnight-20260909/specula-engine/runs/temporal-update-20260909-restart-1600/temporal-update/.specula-output/confirmation/CR-1/worktree/common/rpc/interceptor/namespace_logger.go:53"}
    shared_cluster_t.go:72: 2026-09-09T20:29:03.914Z	debug	routing key extraction: adding routing key to context	{"wf-id": "TestBugCR1OneHostNoncommittedCompletionDoesNotLeakToNextUpdate_workflow_id", "grpc-method": "/temporal.api.workflowservice.v1.WorkflowService/UpdateWorkflowExecution", "logging-call-at": "/home/ubuntu/temporal-investigation-20260909/overnight-20260909/specula-engine/runs/temporal-update-20260909-restart-1600/temporal-update/.specula-output/confirmation/CR-1/worktree/common/rpc/interceptor/routing_key_interceptor.go:112"}
    shared_cluster_t.go:72: 2026-09-09T20:29:03.915Z	debug	Frontend method invoked.	{"wf-namespace": "TestBugCR1OneHostNoncommittedCompletionDoesNotLeakToNextUpdate-67ee15eb-d2f0-48c3-94c8-1b3ff6058258", "operation": "UpdateWorkflowExecution", "server-name": "", "cert-thumbprint": "", "logging-call-at": "/home/ubuntu/temporal-investigation-20260909/overnight-20260909/specula-engine/runs/temporal-update-20260909-restart-1600/temporal-update/.specula-output/confirmation/CR-1/worktree/common/rpc/interceptor/namespace_logger.go:53"}
    shared_cluster_t.go:72: 2026-09-09T20:29:03.915Z	debug	update state change	{"address": "127.0.0.1:38603", "component": "workflow-update", "from-state": "Created", "shard-id": 1, "to-state": "ProvisionallyAdmitted", "update-id": "TestBugCR1OneHostNoncommittedCompletionDoesNotLeakToNextUpdate_update_id_1", "wf-id": "TestBugCR1OneHostNoncommittedCompletionDoesNotLeakToNextUpdate_workflow_id", "wf-namespace-id": "5255759a-ea35-4899-a56b-6167a6f2c5cd", "wf-run-id": "01a087dc-1a05-71a8-810e-d3dc0cb2d5d0", "logging-call-at": "/home/ubuntu/temporal-investigation-20260909/overnight-20260909/specula-engine/runs/temporal-update-20260909-restart-1600/temporal-update/.specula-output/confirmation/CR-1/worktree/common/log/lazy_logger.go:30"}
    shared_cluster_t.go:72: 2026-09-09T20:29:03.915Z	debug	update state change	{"address": "127.0.0.1:38603", "component": "workflow-update", "from-state": "ProvisionallyAdmitted", "shard-id": 1, "to-state": "Admitted", "update-id": "TestBugCR1OneHostNoncommittedCompletionDoesNotLeakToNextUpdate_update_id_1", "wf-id": "TestBugCR1OneHostNoncommittedCompletionDoesNotLeakToNextUpdate_workflow_id", "wf-namespace-id": "5255759a-ea35-4899-a56b-6167a6f2c5cd", "wf-run-id": "01a087dc-1a05-71a8-810e-d3dc0cb2d5d0", "logging-call-at": "/home/ubuntu/temporal-investigation-20260909/overnight-20260909/specula-engine/runs/temporal-update-20260909-restart-1600/temporal-update/.specula-output/confirmation/CR-1/worktree/common/log/lazy_logger.go:30"}
    shared_cluster_t.go:72: 2026-09-09T20:29:03.915Z	debug	Workflow task updated	{"address": "127.0.0.1:38603", "attempt": 1, "shard-id": 1, "wf-id": "TestBugCR1OneHostNoncommittedCompletionDoesNotLeakToNextUpdate_workflow_id", "wf-namespace": "TestBugCR1OneHostNoncommittedCompletionDoesNotLeakToNextUpdate-67ee15eb-d2f0-48c3-94c8-1b3ff6058258", "wf-namespace-id": "5255759a-ea35-4899-a56b-6167a6f2c5cd", "wf-run-id": "01a087dc-1a05-71a8-810e-d3dc0cb2d5d0", "wf-scheduled-event-id": 5, "wf-started-event-id": 0, "wf-started-timestamp": "0001-01-01T00:00:00.000Z", "workflow-task-request-id": "emptyUuid", "workflow-task-timeout": 10, "wt-type": "Speculative", "logging-call-at": "/home/ubuntu/temporal-investigation-20260909/overnight-20260909/specula-engine/runs/temporal-update-20260909-restart-1600/temporal-update/.specula-output/confirmation/CR-1/worktree/common/log/lazy_logger.go:30"}
    shared_cluster_t.go:72: 2026-09-09T20:29:03.925Z	debug	routing key extraction: adding routing key to context	{"wf-id": "TestBugCR1OneHostNoncommittedCompletionDoesNotLeakToNextUpdate_workflow_id", "grpc-method": "/temporal.api.workflowservice.v1.WorkflowService/PollWorkflowExecutionUpdate", "logging-call-at": "/home/ubuntu/temporal-investigation-20260909/overnight-20260909/specula-engine/runs/temporal-update-20260909-restart-1600/temporal-update/.specula-output/confirmation/CR-1/worktree/common/rpc/interceptor/routing_key_interceptor.go:112"}
    shared_cluster_t.go:72: 2026-09-09T20:29:03.925Z	debug	Frontend method invoked.	{"wf-namespace": "TestBugCR1OneHostNoncommittedCompletionDoesNotLeakToNextUpdate-67ee15eb-d2f0-48c3-94c8-1b3ff6058258", "operation": "PollWorkflowExecutionUpdate", "server-name": "", "cert-thumbprint": "", "logging-call-at": "/home/ubuntu/temporal-investigation-20260909/overnight-20260909/specula-engine/runs/temporal-update-20260909-restart-1600/temporal-update/.specula-output/confirmation/CR-1/worktree/common/rpc/interceptor/namespace_logger.go:53"}
    cr1_repro_test.go:104: FIRST_CALLER_CANCELLED update_id=TestBugCR1OneHostNoncommittedCompletionDoesNotLeakToNextUpdate_update_id_1 error=*serviceerror.Canceled:context canceled
    shared_cluster_t.go:72: 2026-09-09T20:29:03.925Z	debug	Frontend method invoked.	{"wf-namespace": "TestBugCR1OneHostNoncommittedCompletionDoesNotLeakToNextUpdate-67ee15eb-d2f0-48c3-94c8-1b3ff6058258", "operation": "PollWorkflowTaskQueue", "server-name": "", "cert-thumbprint": "", "logging-call-at": "/home/ubuntu/temporal-investigation-20260909/overnight-20260909/specula-engine/runs/temporal-update-20260909-restart-1600/temporal-update/.specula-output/confirmation/CR-1/worktree/common/rpc/interceptor/namespace_logger.go:53"}
    shared_cluster_t.go:72: 2026-09-09T20:29:03.925Z	debug	Received PollWorkflowTaskQueue	{"service": "frontend", "logging-call-at": "/home/ubuntu/temporal-investigation-20260909/overnight-20260909/specula-engine/runs/temporal-update-20260909-restart-1600/temporal-update/.specula-output/confirmation/CR-1/worktree/service/frontend/workflow_handler.go:1079"}
    shared_cluster_t.go:72: 2026-09-09T20:29:03.925Z	debug	Poll workflow task queue.	{"service": "frontend", "wf-namespace": "TestBugCR1OneHostNoncommittedCompletionDoesNotLeakToNextUpdate-67ee15eb-d2f0-48c3-94c8-1b3ff6058258", "wf-namespace-id": "5255759a-ea35-4899-a56b-6167a6f2c5cd", "logging-call-at": "/home/ubuntu/temporal-investigation-20260909/overnight-20260909/specula-engine/runs/temporal-update-20260909-restart-1600/temporal-update/.specula-output/confirmation/CR-1/worktree/service/frontend/workflow_handler.go:1116"}
    shared_cluster_t.go:72: 2026-09-09T20:29:03.926Z	debug	Workflow task updated	{"address": "127.0.0.1:38603", "attempt": 1, "shard-id": 1, "wf-id": "TestBugCR1OneHostNoncommittedCompletionDoesNotLeakToNextUpdate_workflow_id", "wf-namespace": "TestBugCR1OneHostNoncommittedCompletionDoesNotLeakToNextUpdate-67ee15eb-d2f0-48c3-94c8-1b3ff6058258", "wf-namespace-id": "5255759a-ea35-4899-a56b-6167a6f2c5cd", "wf-run-id": "01a087dc-1a05-71a8-810e-d3dc0cb2d5d0", "wf-scheduled-event-id": 5, "wf-started-event-id": 6, "wf-started-timestamp": "2026-09-09T20:29:03.926Z", "workflow-task-request-id": "91e0255b-3c9f-4104-8515-377e6c6e5390", "workflow-task-timeout": 10, "wt-type": "Speculative", "logging-call-at": "/home/ubuntu/temporal-investigation-20260909/overnight-20260909/specula-engine/runs/temporal-update-20260909-restart-1600/temporal-update/.specula-output/confirmation/CR-1/worktree/common/log/lazy_logger.go:30"}
    shared_cluster_t.go:72: 2026-09-09T20:29:03.926Z	debug	update state change	{"address": "127.0.0.1:38603", "component": "workflow-update", "from-state": "Admitted", "shard-id": 1, "to-state": "Sent", "update-id": "TestBugCR1OneHostNoncommittedCompletionDoesNotLeakToNextUpdate_update_id_1", "wf-id": "TestBugCR1OneHostNoncommittedCompletionDoesNotLeakToNextUpdate_workflow_id", "wf-namespace-id": "5255759a-ea35-4899-a56b-6167a6f2c5cd", "wf-run-id": "01a087dc-1a05-71a8-810e-d3dc0cb2d5d0", "logging-call-at": "/home/ubuntu/temporal-investigation-20260909/overnight-20260909/specula-engine/runs/temporal-update-20260909-restart-1600/temporal-update/.specula-output/confirmation/CR-1/worktree/common/log/lazy_logger.go:30"}
    shared_cluster_t.go:72: 2026-09-09T20:29:03.927Z	debug	routing key extraction: adding routing key to context	{"wf-id": "TestBugCR1OneHostNoncommittedCompletionDoesNotLeakToNextUpdate_workflow_id", "grpc-method": "/temporal.api.workflowservice.v1.WorkflowService/RespondWorkflowTaskCompleted", "logging-call-at": "/home/ubuntu/temporal-investigation-20260909/overnight-20260909/specula-engine/runs/temporal-update-20260909-restart-1600/temporal-update/.specula-output/confirmation/CR-1/worktree/common/rpc/interceptor/routing_key_interceptor.go:112"}
    shared_cluster_t.go:72: 2026-09-09T20:29:03.927Z	debug	Frontend method invoked.	{"wf-namespace": "TestBugCR1OneHostNoncommittedCompletionDoesNotLeakToNextUpdate-67ee15eb-d2f0-48c3-94c8-1b3ff6058258", "operation": "RespondWorkflowTaskCompleted", "server-name": "", "cert-thumbprint": "", "logging-call-at": "/home/ubuntu/temporal-investigation-20260909/overnight-20260909/specula-engine/runs/temporal-update-20260909-restart-1600/temporal-update/.specula-output/confirmation/CR-1/worktree/common/rpc/interceptor/namespace_logger.go:53"}
    shared_cluster_t.go:72: 2026-09-09T20:29:03.927Z	debug	RespondWorkflowTaskCompleted	{"service": "history", "wf-id": "TestBugCR1OneHostNoncommittedCompletionDoesNotLeakToNextUpdate_workflow_id", "wf-namespace-id": "5255759a-ea35-4899-a56b-6167a6f2c5cd", "wf-run-id": "01a087dc-1a05-71a8-810e-d3dc0cb2d5d0", "wf-scheduled-event-id": 5, "logging-call-at": "/home/ubuntu/temporal-investigation-20260909/overnight-20260909/specula-engine/runs/temporal-update-20260909-restart-1600/temporal-update/.specula-output/confirmation/CR-1/worktree/service/history/handler.go:558"}
    shared_cluster_t.go:72: 2026-09-09T20:29:03.927Z	debug	Workflow task updated	{"address": "127.0.0.1:38603", "attempt": 1, "shard-id": 1, "wf-id": "TestBugCR1OneHostNoncommittedCompletionDoesNotLeakToNextUpdate_workflow_id", "wf-namespace": "TestBugCR1OneHostNoncommittedCompletionDoesNotLeakToNextUpdate-67ee15eb-d2f0-48c3-94c8-1b3ff6058258", "wf-namespace-id": "5255759a-ea35-4899-a56b-6167a6f2c5cd", "wf-run-id": "01a087dc-1a05-71a8-810e-d3dc0cb2d5d0", "wf-scheduled-event-id": 0, "wf-started-event-id": 0, "wf-started-timestamp": "1970-01-01T00:00:00.000Z", "workflow-task-request-id": "emptyUuid", "workflow-task-timeout": 0, "wt-type": "Unspecified", "logging-call-at": "/home/ubuntu/temporal-investigation-20260909/overnight-20260909/specula-engine/runs/temporal-update-20260909-restart-1600/temporal-update/.specula-output/confirmation/CR-1/worktree/common/log/lazy_logger.go:30"}
    shared_cluster_t.go:72: 2026-09-09T20:29:03.927Z	debug	update state change	{"address": "127.0.0.1:38603", "component": "workflow-update", "from-state": "Sent", "shard-id": 1, "to-state": "ProvisionallyAccepted", "update-id": "TestBugCR1OneHostNoncommittedCompletionDoesNotLeakToNextUpdate_update_id_1", "wf-id": "TestBugCR1OneHostNoncommittedCompletionDoesNotLeakToNextUpdate_workflow_id", "wf-namespace-id": "5255759a-ea35-4899-a56b-6167a6f2c5cd", "wf-run-id": "01a087dc-1a05-71a8-810e-d3dc0cb2d5d0", "logging-call-at": "/home/ubuntu/temporal-investigation-20260909/overnight-20260909/specula-engine/runs/temporal-update-20260909-restart-1600/temporal-update/.specula-output/confirmation/CR-1/worktree/common/log/lazy_logger.go:30"}
    shared_cluster_t.go:72: 2026-09-09T20:29:03.927Z	debug	update state change	{"address": "127.0.0.1:38603", "component": "workflow-update", "from-state": "ProvisionallyAccepted", "shard-id": 1, "to-state": "ProvisionallyCompleted", "update-id": "TestBugCR1OneHostNoncommittedCompletionDoesNotLeakToNextUpdate_update_id_1", "wf-id": "TestBugCR1OneHostNoncommittedCompletionDoesNotLeakToNextUpdate_workflow_id", "wf-namespace-id": "5255759a-ea35-4899-a56b-6167a6f2c5cd", "wf-run-id": "01a087dc-1a05-71a8-810e-d3dc0cb2d5d0", "logging-call-at": "/home/ubuntu/temporal-investigation-20260909/overnight-20260909/specula-engine/runs/temporal-update-20260909-restart-1600/temporal-update/.specula-output/confirmation/CR-1/worktree/common/log/lazy_logger.go:30"}
    shared_cluster_t.go:72: 2026-09-09T20:29:03.927Z	debug	time skipping skipped for: time skipping is not enabled	{"address": "127.0.0.1:38603", "shard-id": 1, "wf-id": "TestBugCR1OneHostNoncommittedCompletionDoesNotLeakToNextUpdate_workflow_id", "wf-namespace": "TestBugCR1OneHostNoncommittedCompletionDoesNotLeakToNextUpdate-67ee15eb-d2f0-48c3-94c8-1b3ff6058258", "wf-namespace-id": "5255759a-ea35-4899-a56b-6167a6f2c5cd", "wf-run-id": "01a087dc-1a05-71a8-810e-d3dc0cb2d5d0", "logging-call-at": "/home/ubuntu/temporal-investigation-20260909/overnight-20260909/specula-engine/runs/temporal-update-20260909-restart-1600/temporal-update/.specula-output/confirmation/CR-1/worktree/common/log/lazy_logger.go:30"}
    cr1_repro_test.go:79: NONCOMMITTING_STORE_FAULT next_event_id=10 range_id=1 update_infos=map[TestBugCR1OneHostNoncommittedCompletionDoesNotLeakToNextUpdate_update_id_1:completion:{event_id:9 event_batch_id:7} last_update_versioned_transition:{transition_count:4}]
    shared_cluster_t.go:72: 2026-09-09T20:29:03.927Z	error	Update workflow execution operation failed.	{"address": "127.0.0.1:38603", "error": "CR-1: completion event reached cache before execution mutation was submitted", "shard-id": 1, "store-operation": "update-wf-execution", "wf-id": "TestBugCR1OneHostNoncommittedCompletionDoesNotLeakToNextUpdate_workflow_id", "wf-namespace-id": "5255759a-ea35-4899-a56b-6167a6f2c5cd", "wf-run-id": "01a087dc-1a05-71a8-810e-d3dc0cb2d5d0", "logging-call-at": "/home/ubuntu/temporal-investigation-20260909/overnight-20260909/specula-engine/runs/temporal-update-20260909-restart-1600/temporal-update/.specula-output/confirmation/CR-1/worktree/service/history/workflow/transaction_impl.go:525"}
        go.temporal.io/server/common/log.(*zapLogger).Error
        	/home/ubuntu/temporal-investigation-20260909/overnight-20260909/specula-engine/runs/temporal-update-20260909-restart-1600/temporal-update/.specula-output/confirmation/CR-1/worktree/common/log/zap_logger.go:191
        go.temporal.io/server/common/testing/testlogger.(*TestLogger).Error
        	/home/ubuntu/temporal-investigation-20260909/overnight-20260909/specula-engine/runs/temporal-update-20260909-restart-1600/temporal-update/.specula-output/confirmation/CR-1/worktree/common/testing/testlogger/testlogger.go:543
        go.temporal.io/server/service/history/workflow.updateWorkflowExecution
        	/home/ubuntu/temporal-investigation-20260909/overnight-20260909/specula-engine/runs/temporal-update-20260909-restart-1600/temporal-update/.specula-output/confirmation/CR-1/worktree/service/history/workflow/transaction_impl.go:525
        go.temporal.io/server/service/history/workflow.(*TransactionImpl).UpdateWorkflowExecution
        	/home/ubuntu/temporal-investigation-20260909/overnight-20260909/specula-engine/runs/temporal-update-20260909-restart-1600/temporal-update/.specula-output/confirmation/CR-1/worktree/service/history/workflow/transaction_impl.go:184
        go.temporal.io/server/service/history/workflow.(*ContextImpl).executeWorkflowTransaction
        	/home/ubuntu/temporal-investigation-20260909/overnight-20260909/specula-engine/runs/temporal-update-20260909-restart-1600/temporal-update/.specula-output/confirmation/CR-1/worktree/service/history/workflow/context.go:1054
        go.temporal.io/server/service/history/workflow.(*ContextImpl).updateWorkflowExecutionWithNew
        	/home/ubuntu/temporal-investigation-20260909/overnight-20260909/specula-engine/runs/temporal-update-20260909-restart-1600/temporal-update/.specula-output/confirmation/CR-1/worktree/service/history/workflow/context.go:940
        go.temporal.io/server/service/history/workflow.(*ContextImpl).UpdateWorkflowExecutionWithNew
        	/home/ubuntu/temporal-investigation-20260909/overnight-20260909/specula-engine/runs/temporal-update-20260909-restart-1600/temporal-update/.specula-output/confirmation/CR-1/worktree/service/history/workflow/context.go:886
        go.temporal.io/server/service/history/workflow.(*ContextImpl).UpdateWorkflowExecutionAsActive
        	/home/ubuntu/temporal-investigation-20260909/overnight-20260909/specula-engine/runs/temporal-update-20260909-restart-1600/temporal-update/.specula-output/confirmation/CR-1/worktree/service/history/workflow/context.go:734
        go.temporal.io/server/service/history/api/respondworkflowtaskcompleted.(*WorkflowTaskCompletedHandler).Invoke
        	/home/ubuntu/temporal-investigation-20260909/overnight-20260909/specula-engine/runs/temporal-update-20260909-restart-1600/temporal-update/.specula-output/confirmation/CR-1/worktree/service/history/api/respondworkflowtaskcompleted/api.go:684
        go.temporal.io/server/service/history.(*historyEngineImpl).RespondWorkflowTaskCompleted
        	/home/ubuntu/temporal-investigation-20260909/overnight-20260909/specula-engine/runs/temporal-update-20260909-restart-1600/temporal-update/.specula-output/confirmation/CR-1/worktree/service/history/history_engine.go:632
        go.temporal.io/server/service/history.(*Handler).RespondWorkflowTaskCompleted
        	/home/ubuntu/temporal-investigation-20260909/overnight-20260909/specula-engine/runs/temporal-update-20260909-restart-1600/temporal-update/.specula-output/confirmation/CR-1/worktree/service/history/handler.go:579
        go.temporal.io/server/api/historyservice/v1._HistoryService_RespondWorkflowTaskCompleted_Handler.func1
        	/home/ubuntu/temporal-investigation-20260909/overnight-20260909/specula-engine/runs/temporal-update-20260909-restart-1600/temporal-update/.specula-output/confirmation/CR-1/worktree/api/historyservice/v1/service_grpc.pb.go:1780
        go.temporal.io/server/common/rpc/interceptor.(*RetryableInterceptor).Intercept.func1
        	/home/ubuntu/temporal-investigation-20260909/overnight-20260909/specula-engine/runs/temporal-update-20260909-restart-1600/temporal-update/.specula-output/confirmation/CR-1/worktree/common/rpc/interceptor/retry.go:38
        go.temporal.io/server/common/backoff.ThrottleRetryContext
        	/home/ubuntu/temporal-investigation-20260909/overnight-20260909/specula-engine/runs/temporal-update-20260909-restart-1600/temporal-update/.specula-output/confirmation/CR-1/worktree/common/backoff/retry.go:69
        go.temporal.io/server/common/rpc/interceptor.(*RetryableInterceptor).Intercept
        	/home/ubuntu/temporal-investigation-20260909/overnight-20260909/specula-engine/runs/temporal-update-20260909-restart-1600/temporal-update/.specula-output/confirmation/CR-1/worktree/common/rpc/interceptor/retry.go:42
        google.golang.org/grpc.getChainUnaryHandler.func1
        	/home/ubuntu/go/pkg/mod/google.golang.org/grpc@v1.82.1/server.go:1256
        go.temporal.io/server/common/rpc/grpcfaults.UnaryServerInterceptor.func1
        	/home/ubuntu/temporal-investigation-20260909/overnight-20260909/specula-engine/runs/temporal-update-20260909-restart-1600/temporal-update/.specula-output/confirmation/CR-1/worktree/common/rpc/grpcfaults/interceptor.go:31
        google.golang.org/grpc.getChainUnaryHandler.1
        	/home/ubuntu/go/pkg/mod/google.golang.org/grpc@v1.82.1/server.go:1256
        go.temporal.io/server/common/rpc/interceptor.(*ContextMetadataInterceptor).Intercept
        	/home/ubuntu/temporal-investigation-20260909/overnight-20260909/specula-engine/runs/temporal-update-20260909-restart-1600/temporal-update/.specula-output/confirmation/CR-1/worktree/common/rpc/interceptor/context_metadata_interceptor.go:56
        google.golang.org/grpc.getChainUnaryHandler.func1
        	/home/ubuntu/go/pkg/mod/google.golang.org/grpc@v1.82.1/server.go:1256
        go.temporal.io/server/common/rpc/interceptor.(*RateLimitInterceptor).Intercept
        	/home/ubuntu/temporal-investigation-20260909/overnight-20260909/specula-engine/runs/temporal-update-20260909-restart-1600/temporal-update/.specula-output/confirmation/CR-1/worktree/common/rpc/interceptor/rate_limit.go:64
        google.golang.org/grpc.getChainUnaryHandler.1
        	/home/ubuntu/go/pkg/mod/google.golang.org/grpc@v1.82.1/server.go:1256
        go.temporal.io/server/common/rpc/interceptor.(*NamespaceRateLimitInterceptorImpl).InterceptN
        	/home/ubuntu/temporal-investigation-20260909/overnight-20260909/specula-engine/runs/temporal-update-20260909-restart-1600/temporal-update/.specula-output/confirmation/CR-1/worktree/common/rpc/interceptor/namespace_rate_limit.go:143
        go.temporal.io/server/common/rpc/interceptor.(*NamespaceRateLimitInterceptorImpl).Intercept
        	/home/ubuntu/temporal-investigation-20260909/overnight-20260909/specula-engine/runs/temporal-update-20260909-restart-1600/temporal-update/.specula-output/confirmation/CR-1/worktree/common/rpc/interceptor/namespace_rate_limit.go:115
        google.golang.org/grpc.getChainUnaryHandler.func1
        	/home/ubuntu/go/pkg/mod/google.golang.org/grpc@v1.82.1/server.go:1256
        go.temporal.io/server/chasm.(*ChasmVisibilityInterceptor).Intercept
        	/home/ubuntu/temporal-investigation-20260909/overnight-20260909/specula-engine/runs/temporal-update-20260909-restart-1600/temporal-update/.specula-output/confirmation/CR-1/worktree/chasm/interceptors.go:60
        google.golang.org/grpc.getChainUnaryHandler.1
        	/home/ubuntu/go/pkg/mod/google.golang.org/grpc@v1.82.1/server.go:1256
        go.temporal.io/server/chasm.(*ChasmEngineInterceptor).Intercept
        	/home/ubuntu/temporal-investigation-20260909/overnight-20260909/specula-engine/runs/temporal-update-20260909-restart-1600/temporal-update/.specula-output/confirmation/CR-1/worktree/chasm/interceptors.go:32
        google.golang.org/grpc.getChainUnaryHandler.func1
        	/home/ubuntu/go/pkg/mod/google.golang.org/grpc@v1.82.1/server.go:1256
        go.temporal.io/server/common/rpc/interceptor.(*HealthCheckInterceptor).UnaryIntercept
        	/home/ubuntu/temporal-investigation-20260909/overnight-20260909/specula-engine/runs/temporal-update-20260909-restart-1600/temporal-update/.specula-output/confirmation/CR-1/worktree/common/rpc/interceptor/health_check.go:134
        google.golang.org/grpc.getChainUnaryHandler.1
        	/home/ubuntu/go/pkg/mod/google.golang.org/grpc@v1.82.1/server.go:1256
        go.temporal.io/server/common/rpc/interceptor.(*TelemetryInterceptor).UnaryIntercept
        	/home/ubuntu/temporal-investigation-20260909/overnight-20260909/specula-engine/runs/temporal-update-20260909-restart-1600/temporal-update/.specula-output/confirmation/CR-1/worktree/common/rpc/interceptor/telemetry.go:184
        google.golang.org/grpc.getChainUnaryHandler.func1
        	/home/ubuntu/go/pkg/mod/google.golang.org/grpc@v1.82.1/server.go:1256
        go.temporal.io/server/common/metrics.NewServerMetricsTrailerPropagatorInterceptor.func1
        	/home/ubuntu/temporal-investigation-20260909/overnight-20260909/specula-engine/runs/temporal-update-20260909-restart-1600/temporal-update/.specula-output/confirmation/CR-1/worktree/common/metrics/grpc.go:89
        google.golang.org/grpc.getChainUnaryHandler.1
        	/home/ubuntu/go/pkg/mod/google.golang.org/grpc@v1.82.1/server.go:1256
        go.temporal.io/server/common/metrics.NewServerMetricsContextInjectorInterceptor.func1
        	/home/ubuntu/temporal-investigation-20260909/overnight-20260909/specula-engine/runs/temporal-update-20260909-restart-1600/temporal-update/.specula-output/confirmation/CR-1/worktree/common/metrics/grpc.go:42
        google.golang.org/grpc.getChainUnaryHandler.func1
        	/home/ubuntu/go/pkg/mod/google.golang.org/grpc@v1.82.1/server.go:1256
        go.temporal.io/server/common/rpc/interceptor.(*ServiceErrorInterceptor).capturePanicHandler
        	/home/ubuntu/temporal-investigation-20260909/overnight-20260909/specula-engine/runs/temporal-update-20260909-restart-1600/temporal-update/.specula-output/confirmation/CR-1/worktree/common/rpc/interceptor/service_error_interceptor.go:72
        go.temporal.io/server/common/rpc/interceptor.(*ServiceErrorInterceptor).Intercept
        	/home/ubuntu/temporal-investigation-20260909/overnight-20260909/specula-engine/runs/temporal-update-20260909-restart-1600/temporal-update/.specula-output/confirmation/CR-1/worktree/common/rpc/interceptor/service_error_interceptor.go:45
        google.golang.org/grpc.chainUnaryInterceptors.func1
        	/home/ubuntu/go/pkg/mod/google.golang.org/grpc@v1.82.1/server.go:1247
        go.temporal.io/server/api/historyservice/v1._HistoryService_RespondWorkflowTaskCompleted_Handler
        	/home/ubuntu/temporal-investigation-20260909/overnight-20260909/specula-engine/runs/temporal-update-20260909-restart-1600/temporal-update/.specula-output/confirmation/CR-1/worktree/api/historyservice/v1/service_grpc.pb.go:1782
        google.golang.org/grpc.(*Server).processUnaryRPC
        	/home/ubuntu/go/pkg/mod/google.golang.org/grpc@v1.82.1/server.go:1443
        google.golang.org/grpc.(*Server).handleStream
        	/home/ubuntu/go/pkg/mod/google.golang.org/grpc@v1.82.1/server.go:1858
        google.golang.org/grpc.(*Server).serveStreams.func2.1
        	/home/ubuntu/go/pkg/mod/google.golang.org/grpc@v1.82.1/server.go:1078
    shared_cluster_t.go:72: 2026-09-09T20:29:03.928Z	debug	update aborted	{"address": "127.0.0.1:38603", "reason": "RegistryCleared", "shard-id": 1, "update-id": "TestBugCR1OneHostNoncommittedCompletionDoesNotLeakToNextUpdate_update_id_1", "wf-id": "TestBugCR1OneHostNoncommittedCompletionDoesNotLeakToNextUpdate_workflow_id", "wf-namespace-id": "5255759a-ea35-4899-a56b-6167a6f2c5cd", "wf-run-id": "01a087dc-1a05-71a8-810e-d3dc0cb2d5d0", "logging-call-at": "/home/ubuntu/temporal-investigation-20260909/overnight-20260909/specula-engine/runs/temporal-update-20260909-restart-1600/temporal-update/.specula-output/confirmation/CR-1/worktree/common/log/lazy_logger.go:30"}
    shared_cluster_t.go:72: 2026-09-09T20:29:03.928Z	debug	update state change	{"address": "127.0.0.1:38603", "component": "workflow-update", "from-state": "ProvisionallyCompleted", "shard-id": 1, "to-state": "ProvisionallyAborted", "update-id": "TestBugCR1OneHostNoncommittedCompletionDoesNotLeakToNextUpdate_update_id_1", "wf-id": "TestBugCR1OneHostNoncommittedCompletionDoesNotLeakToNextUpdate_workflow_id", "wf-namespace-id": "5255759a-ea35-4899-a56b-6167a6f2c5cd", "wf-run-id": "01a087dc-1a05-71a8-810e-d3dc0cb2d5d0", "logging-call-at": "/home/ubuntu/temporal-investigation-20260909/overnight-20260909/specula-engine/runs/temporal-update-20260909-restart-1600/temporal-update/.specula-output/confirmation/CR-1/worktree/common/log/lazy_logger.go:30"}
    shared_cluster_t.go:72: 2026-09-09T20:29:03.928Z	debug	update state change	{"address": "127.0.0.1:38603", "component": "workflow-update", "from-state": "ProvisionallyAborted", "shard-id": 1, "to-state": "Aborted", "update-id": "TestBugCR1OneHostNoncommittedCompletionDoesNotLeakToNextUpdate_update_id_1", "wf-id": "TestBugCR1OneHostNoncommittedCompletionDoesNotLeakToNextUpdate_workflow_id", "wf-namespace-id": "5255759a-ea35-4899-a56b-6167a6f2c5cd", "wf-run-id": "01a087dc-1a05-71a8-810e-d3dc0cb2d5d0", "logging-call-at": "/home/ubuntu/temporal-investigation-20260909/overnight-20260909/specula-engine/runs/temporal-update-20260909-restart-1600/temporal-update/.specula-output/confirmation/CR-1/worktree/common/log/lazy_logger.go:30"}
    cr1_repro_test.go:112: FIRST_COMPLETION_ROLLED_BACK update_id=TestBugCR1OneHostNoncommittedCompletionDoesNotLeakToNextUpdate_update_id_1 error=*serviceerror.ResourceExhausted:CR-1: completion event reached cache before execution mutation was submitted
    cr1_repro_test.go:126: READBACK_AFTER_ROLLBACK update_id=TestBugCR1OneHostNoncommittedCompletionDoesNotLeakToNextUpdate_update_id_1 update_info_present=false next_event_id=5
    shared_cluster_t.go:72: 2026-09-09T20:29:03.928Z	debug	routing key extraction: adding routing key to context	{"wf-id": "TestBugCR1OneHostNoncommittedCompletionDoesNotLeakToNextUpdate_workflow_id", "grpc-method": "/temporal.api.workflowservice.v1.WorkflowService/PollWorkflowExecutionUpdate", "logging-call-at": "/home/ubuntu/temporal-investigation-20260909/overnight-20260909/specula-engine/runs/temporal-update-20260909-restart-1600/temporal-update/.specula-output/confirmation/CR-1/worktree/common/rpc/interceptor/routing_key_interceptor.go:112"}
    shared_cluster_t.go:72: 2026-09-09T20:29:03.928Z	debug	Frontend method invoked.	{"wf-namespace": "TestBugCR1OneHostNoncommittedCompletionDoesNotLeakToNextUpdate-67ee15eb-d2f0-48c3-94c8-1b3ff6058258", "operation": "PollWorkflowExecutionUpdate", "server-name": "", "cert-thumbprint": "", "logging-call-at": "/home/ubuntu/temporal-investigation-20260909/overnight-20260909/specula-engine/runs/temporal-update-20260909-restart-1600/temporal-update/.specula-output/confirmation/CR-1/worktree/common/rpc/interceptor/namespace_logger.go:53"}
    shared_cluster_t.go:72: 2026-09-09T20:29:03.928Z	debug	routing key extraction: adding routing key to context	{"wf-id": "TestBugCR1OneHostNoncommittedCompletionDoesNotLeakToNextUpdate_workflow_id", "grpc-method": "/temporal.api.workflowservice.v1.WorkflowService/UpdateWorkflowExecution", "logging-call-at": "/home/ubuntu/temporal-investigation-20260909/overnight-20260909/specula-engine/runs/temporal-update-20260909-restart-1600/temporal-update/.specula-output/confirmation/CR-1/worktree/common/rpc/interceptor/routing_key_interceptor.go:112"}
    shared_cluster_t.go:72: 2026-09-09T20:29:03.928Z	debug	Frontend method invoked.	{"wf-namespace": "TestBugCR1OneHostNoncommittedCompletionDoesNotLeakToNextUpdate-67ee15eb-d2f0-48c3-94c8-1b3ff6058258", "operation": "UpdateWorkflowExecution", "server-name": "", "cert-thumbprint": "", "logging-call-at": "/home/ubuntu/temporal-investigation-20260909/overnight-20260909/specula-engine/runs/temporal-update-20260909-restart-1600/temporal-update/.specula-output/confirmation/CR-1/worktree/common/rpc/interceptor/namespace_logger.go:53"}
    shared_cluster_t.go:72: 2026-09-09T20:29:03.929Z	debug	update state change	{"address": "127.0.0.1:38603", "component": "workflow-update", "from-state": "Created", "shard-id": 1, "to-state": "ProvisionallyAdmitted", "update-id": "TestBugCR1OneHostNoncommittedCompletionDoesNotLeakToNextUpdate_update_id_2", "wf-id": "TestBugCR1OneHostNoncommittedCompletionDoesNotLeakToNextUpdate_workflow_id", "wf-namespace-id": "5255759a-ea35-4899-a56b-6167a6f2c5cd", "wf-run-id": "01a087dc-1a05-71a8-810e-d3dc0cb2d5d0", "logging-call-at": "/home/ubuntu/temporal-investigation-20260909/overnight-20260909/specula-engine/runs/temporal-update-20260909-restart-1600/temporal-update/.specula-output/confirmation/CR-1/worktree/common/log/lazy_logger.go:30"}
    shared_cluster_t.go:72: 2026-09-09T20:29:03.929Z	debug	update state change	{"address": "127.0.0.1:38603", "component": "workflow-update", "from-state": "ProvisionallyAdmitted", "shard-id": 1, "to-state": "Admitted", "update-id": "TestBugCR1OneHostNoncommittedCompletionDoesNotLeakToNextUpdate_update_id_2", "wf-id": "TestBugCR1OneHostNoncommittedCompletionDoesNotLeakToNextUpdate_workflow_id", "wf-namespace-id": "5255759a-ea35-4899-a56b-6167a6f2c5cd", "wf-run-id": "01a087dc-1a05-71a8-810e-d3dc0cb2d5d0", "logging-call-at": "/home/ubuntu/temporal-investigation-20260909/overnight-20260909/specula-engine/runs/temporal-update-20260909-restart-1600/temporal-update/.specula-output/confirmation/CR-1/worktree/common/log/lazy_logger.go:30"}
    shared_cluster_t.go:72: 2026-09-09T20:29:03.929Z	debug	Workflow task updated	{"address": "127.0.0.1:38603", "attempt": 1, "shard-id": 1, "wf-id": "TestBugCR1OneHostNoncommittedCompletionDoesNotLeakToNextUpdate_workflow_id", "wf-namespace": "TestBugCR1OneHostNoncommittedCompletionDoesNotLeakToNextUpdate-67ee15eb-d2f0-48c3-94c8-1b3ff6058258", "wf-namespace-id": "5255759a-ea35-4899-a56b-6167a6f2c5cd", "wf-run-id": "01a087dc-1a05-71a8-810e-d3dc0cb2d5d0", "wf-scheduled-event-id": 5, "wf-started-event-id": 0, "wf-started-timestamp": "0001-01-01T00:00:00.000Z", "workflow-task-request-id": "emptyUuid", "workflow-task-timeout": 10, "wt-type": "Speculative", "logging-call-at": "/home/ubuntu/temporal-investigation-20260909/overnight-20260909/specula-engine/runs/temporal-update-20260909-restart-1600/temporal-update/.specula-output/confirmation/CR-1/worktree/common/log/lazy_logger.go:30"}
    shared_cluster_t.go:72: 2026-09-09T20:29:03.938Z	debug	routing key extraction: adding routing key to context	{"wf-id": "TestBugCR1OneHostNoncommittedCompletionDoesNotLeakToNextUpdate_workflow_id", "grpc-method": "/temporal.api.workflowservice.v1.WorkflowService/PollWorkflowExecutionUpdate", "logging-call-at": "/home/ubuntu/temporal-investigation-20260909/overnight-20260909/specula-engine/runs/temporal-update-20260909-restart-1600/temporal-update/.specula-output/confirmation/CR-1/worktree/common/rpc/interceptor/routing_key_interceptor.go:112"}
    shared_cluster_t.go:72: 2026-09-09T20:29:03.939Z	debug	Frontend method invoked.	{"wf-namespace": "TestBugCR1OneHostNoncommittedCompletionDoesNotLeakToNextUpdate-67ee15eb-d2f0-48c3-94c8-1b3ff6058258", "operation": "PollWorkflowExecutionUpdate", "server-name": "", "cert-thumbprint": "", "logging-call-at": "/home/ubuntu/temporal-investigation-20260909/overnight-20260909/specula-engine/runs/temporal-update-20260909-restart-1600/temporal-update/.specula-output/confirmation/CR-1/worktree/common/rpc/interceptor/namespace_logger.go:53"}
    shared_cluster_t.go:72: 2026-09-09T20:29:03.939Z	debug	Frontend method invoked.	{"wf-namespace": "TestBugCR1OneHostNoncommittedCompletionDoesNotLeakToNextUpdate-67ee15eb-d2f0-48c3-94c8-1b3ff6058258", "operation": "PollWorkflowTaskQueue", "server-name": "", "cert-thumbprint": "", "logging-call-at": "/home/ubuntu/temporal-investigation-20260909/overnight-20260909/specula-engine/runs/temporal-update-20260909-restart-1600/temporal-update/.specula-output/confirmation/CR-1/worktree/common/rpc/interceptor/namespace_logger.go:53"}
    shared_cluster_t.go:72: 2026-09-09T20:29:03.939Z	debug	Received PollWorkflowTaskQueue	{"service": "frontend", "logging-call-at": "/home/ubuntu/temporal-investigation-20260909/overnight-20260909/specula-engine/runs/temporal-update-20260909-restart-1600/temporal-update/.specula-output/confirmation/CR-1/worktree/service/frontend/workflow_handler.go:1079"}
    shared_cluster_t.go:72: 2026-09-09T20:29:03.939Z	debug	Poll workflow task queue.	{"service": "frontend", "wf-namespace": "TestBugCR1OneHostNoncommittedCompletionDoesNotLeakToNextUpdate-67ee15eb-d2f0-48c3-94c8-1b3ff6058258", "wf-namespace-id": "5255759a-ea35-4899-a56b-6167a6f2c5cd", "logging-call-at": "/home/ubuntu/temporal-investigation-20260909/overnight-20260909/specula-engine/runs/temporal-update-20260909-restart-1600/temporal-update/.specula-output/confirmation/CR-1/worktree/service/frontend/workflow_handler.go:1116"}
    shared_cluster_t.go:72: 2026-09-09T20:29:03.939Z	debug	Workflow task updated	{"address": "127.0.0.1:38603", "attempt": 1, "shard-id": 1, "wf-id": "TestBugCR1OneHostNoncommittedCompletionDoesNotLeakToNextUpdate_workflow_id", "wf-namespace": "TestBugCR1OneHostNoncommittedCompletionDoesNotLeakToNextUpdate-67ee15eb-d2f0-48c3-94c8-1b3ff6058258", "wf-namespace-id": "5255759a-ea35-4899-a56b-6167a6f2c5cd", "wf-run-id": "01a087dc-1a05-71a8-810e-d3dc0cb2d5d0", "wf-scheduled-event-id": 5, "wf-started-event-id": 6, "wf-started-timestamp": "2026-09-09T20:29:03.939Z", "workflow-task-request-id": "129bdbea-b772-4e26-8395-4fc35baaaac9", "workflow-task-timeout": 10, "wt-type": "Speculative", "logging-call-at": "/home/ubuntu/temporal-investigation-20260909/overnight-20260909/specula-engine/runs/temporal-update-20260909-restart-1600/temporal-update/.specula-output/confirmation/CR-1/worktree/common/log/lazy_logger.go:30"}
    shared_cluster_t.go:72: 2026-09-09T20:29:03.940Z	debug	update state change	{"address": "127.0.0.1:38603", "component": "workflow-update", "from-state": "Admitted", "shard-id": 1, "to-state": "Sent", "update-id": "TestBugCR1OneHostNoncommittedCompletionDoesNotLeakToNextUpdate_update_id_2", "wf-id": "TestBugCR1OneHostNoncommittedCompletionDoesNotLeakToNextUpdate_workflow_id", "wf-namespace-id": "5255759a-ea35-4899-a56b-6167a6f2c5cd", "wf-run-id": "01a087dc-1a05-71a8-810e-d3dc0cb2d5d0", "logging-call-at": "/home/ubuntu/temporal-investigation-20260909/overnight-20260909/specula-engine/runs/temporal-update-20260909-restart-1600/temporal-update/.specula-output/confirmation/CR-1/worktree/common/log/lazy_logger.go:30"}
    shared_cluster_t.go:72: 2026-09-09T20:29:03.940Z	debug	routing key extraction: adding routing key to context	{"wf-id": "TestBugCR1OneHostNoncommittedCompletionDoesNotLeakToNextUpdate_workflow_id", "grpc-method": "/temporal.api.workflowservice.v1.WorkflowService/RespondWorkflowTaskCompleted", "logging-call-at": "/home/ubuntu/temporal-investigation-20260909/overnight-20260909/specula-engine/runs/temporal-update-20260909-restart-1600/temporal-update/.specula-output/confirmation/CR-1/worktree/common/rpc/interceptor/routing_key_interceptor.go:112"}
    shared_cluster_t.go:72: 2026-09-09T20:29:03.940Z	debug	Frontend method invoked.	{"wf-namespace": "TestBugCR1OneHostNoncommittedCompletionDoesNotLeakToNextUpdate-67ee15eb-d2f0-48c3-94c8-1b3ff6058258", "operation": "RespondWorkflowTaskCompleted", "server-name": "", "cert-thumbprint": "", "logging-call-at": "/home/ubuntu/temporal-investigation-20260909/overnight-20260909/specula-engine/runs/temporal-update-20260909-restart-1600/temporal-update/.specula-output/confirmation/CR-1/worktree/common/rpc/interceptor/namespace_logger.go:53"}
    shared_cluster_t.go:72: 2026-09-09T20:29:03.941Z	debug	RespondWorkflowTaskCompleted	{"service": "history", "wf-id": "TestBugCR1OneHostNoncommittedCompletionDoesNotLeakToNextUpdate_workflow_id", "wf-namespace-id": "5255759a-ea35-4899-a56b-6167a6f2c5cd", "wf-run-id": "01a087dc-1a05-71a8-810e-d3dc0cb2d5d0", "wf-scheduled-event-id": 5, "logging-call-at": "/home/ubuntu/temporal-investigation-20260909/overnight-20260909/specula-engine/runs/temporal-update-20260909-restart-1600/temporal-update/.specula-output/confirmation/CR-1/worktree/service/history/handler.go:558"}
    shared_cluster_t.go:72: 2026-09-09T20:29:03.941Z	debug	Workflow task updated	{"address": "127.0.0.1:38603", "attempt": 1, "shard-id": 1, "wf-id": "TestBugCR1OneHostNoncommittedCompletionDoesNotLeakToNextUpdate_workflow_id", "wf-namespace": "TestBugCR1OneHostNoncommittedCompletionDoesNotLeakToNextUpdate-67ee15eb-d2f0-48c3-94c8-1b3ff6058258", "wf-namespace-id": "5255759a-ea35-4899-a56b-6167a6f2c5cd", "wf-run-id": "01a087dc-1a05-71a8-810e-d3dc0cb2d5d0", "wf-scheduled-event-id": 0, "wf-started-event-id": 0, "wf-started-timestamp": "1970-01-01T00:00:00.000Z", "workflow-task-request-id": "emptyUuid", "workflow-task-timeout": 0, "wt-type": "Unspecified", "logging-call-at": "/home/ubuntu/temporal-investigation-20260909/overnight-20260909/specula-engine/runs/temporal-update-20260909-restart-1600/temporal-update/.specula-output/confirmation/CR-1/worktree/common/log/lazy_logger.go:30"}
    shared_cluster_t.go:72: 2026-09-09T20:29:03.941Z	debug	update state change	{"address": "127.0.0.1:38603", "component": "workflow-update", "from-state": "Sent", "shard-id": 1, "to-state": "ProvisionallyAccepted", "update-id": "TestBugCR1OneHostNoncommittedCompletionDoesNotLeakToNextUpdate_update_id_2", "wf-id": "TestBugCR1OneHostNoncommittedCompletionDoesNotLeakToNextUpdate_workflow_id", "wf-namespace-id": "5255759a-ea35-4899-a56b-6167a6f2c5cd", "wf-run-id": "01a087dc-1a05-71a8-810e-d3dc0cb2d5d0", "logging-call-at": "/home/ubuntu/temporal-investigation-20260909/overnight-20260909/specula-engine/runs/temporal-update-20260909-restart-1600/temporal-update/.specula-output/confirmation/CR-1/worktree/common/log/lazy_logger.go:30"}
    shared_cluster_t.go:72: 2026-09-09T20:29:03.941Z	debug	update state change	{"address": "127.0.0.1:38603", "component": "workflow-update", "from-state": "ProvisionallyAccepted", "shard-id": 1, "to-state": "ProvisionallyCompleted", "update-id": "TestBugCR1OneHostNoncommittedCompletionDoesNotLeakToNextUpdate_update_id_2", "wf-id": "TestBugCR1OneHostNoncommittedCompletionDoesNotLeakToNextUpdate_workflow_id", "wf-namespace-id": "5255759a-ea35-4899-a56b-6167a6f2c5cd", "wf-run-id": "01a087dc-1a05-71a8-810e-d3dc0cb2d5d0", "logging-call-at": "/home/ubuntu/temporal-investigation-20260909/overnight-20260909/specula-engine/runs/temporal-update-20260909-restart-1600/temporal-update/.specula-output/confirmation/CR-1/worktree/common/log/lazy_logger.go:30"}
    shared_cluster_t.go:72: 2026-09-09T20:29:03.941Z	debug	time skipping skipped for: time skipping is not enabled	{"address": "127.0.0.1:38603", "shard-id": 1, "wf-id": "TestBugCR1OneHostNoncommittedCompletionDoesNotLeakToNextUpdate_workflow_id", "wf-namespace": "TestBugCR1OneHostNoncommittedCompletionDoesNotLeakToNextUpdate-67ee15eb-d2f0-48c3-94c8-1b3ff6058258", "wf-namespace-id": "5255759a-ea35-4899-a56b-6167a6f2c5cd", "wf-run-id": "01a087dc-1a05-71a8-810e-d3dc0cb2d5d0", "logging-call-at": "/home/ubuntu/temporal-investigation-20260909/overnight-20260909/specula-engine/runs/temporal-update-20260909-restart-1600/temporal-update/.specula-output/confirmation/CR-1/worktree/common/log/lazy_logger.go:30"}
    shared_cluster_t.go:72: 2026-09-09T20:29:03.941Z	debug	update state change	{"address": "127.0.0.1:38603", "component": "workflow-update", "from-state": "ProvisionallyCompletedAfterAccepted", "shard-id": 1, "to-state": "Completed", "update-id": "TestBugCR1OneHostNoncommittedCompletionDoesNotLeakToNextUpdate_update_id_2", "wf-id": "TestBugCR1OneHostNoncommittedCompletionDoesNotLeakToNextUpdate_workflow_id", "wf-namespace-id": "5255759a-ea35-4899-a56b-6167a6f2c5cd", "wf-run-id": "01a087dc-1a05-71a8-810e-d3dc0cb2d5d0", "logging-call-at": "/home/ubuntu/temporal-investigation-20260909/overnight-20260909/specula-engine/runs/temporal-update-20260909-restart-1600/temporal-update/.specula-output/confirmation/CR-1/worktree/common/log/lazy_logger.go:30"}
    cr1_repro_test.go:140: SECOND_UPDATE_COMMITTED update_id=TestBugCR1OneHostNoncommittedCompletionDoesNotLeakToNextUpdate_update_id_2 outcome=success:{payloads:{metadata:{key:"encoding" value:"json/plain"} data:"\"success-result-of-TestBugCR1OneHostNoncommittedCompletionDoesNotLeakToNextUpdate_update_id_2\""}}
    shared_cluster_t.go:72: 2026-09-09T20:29:03.942Z	debug	Frontend method invoked.	{"wf-namespace": "", "operation": "CloseShard", "server-name": "", "cert-thumbprint": "", "logging-call-at": "/home/ubuntu/temporal-investigation-20260909/overnight-20260909/specula-engine/runs/temporal-update-20260909-restart-1600/temporal-update/.specula-output/confirmation/CR-1/worktree/common/rpc/interceptor/namespace_logger.go:53"}
    shared_cluster_t.go:72: 2026-09-09T20:29:03.942Z	info	none	{"address": "127.0.0.1:38603", "component": "shard-controller", "numShards": 0, "logging-call-at": "/home/ubuntu/temporal-investigation-20260909/overnight-20260909/specula-engine/runs/temporal-update-20260909-restart-1600/temporal-update/.specula-output/confirmation/CR-1/worktree/service/history/shard/controller_impl.go:288"}
    shared_cluster_t.go:72: 2026-09-09T20:29:03.942Z	info	none	{"address": "127.0.0.1:38603", "component": "shard-context", "lifecycle": "Stopped", "shard-id": 1, "logging-call-at": "/home/ubuntu/temporal-investigation-20260909/overnight-20260909/specula-engine/runs/temporal-update-20260909-restart-1600/temporal-update/.specula-output/confirmation/CR-1/worktree/service/history/shard/context_impl.go:1739"}
    shared_cluster_t.go:72: 2026-09-09T20:29:03.942Z	info	none	{"address": "127.0.0.1:38603", "component": "shard-engine", "lifecycle": "Stopping", "shard-id": 1, "logging-call-at": "/home/ubuntu/temporal-investigation-20260909/overnight-20260909/specula-engine/runs/temporal-update-20260909-restart-1600/temporal-update/.specula-output/confirmation/CR-1/worktree/service/history/shard/context_impl.go:1589"}
    shared_cluster_t.go:72: 2026-09-09T20:29:03.942Z	info	none	{"address": "127.0.0.1:38603", "component": "history-engine", "lifecycle": "Stopping", "shard-id": 1, "logging-call-at": "/home/ubuntu/temporal-investigation-20260909/overnight-20260909/specula-engine/runs/temporal-update-20260909-restart-1600/temporal-update/.specula-output/confirmation/CR-1/worktree/service/history/history_engine.go:407"}
    shared_cluster_t.go:72: 2026-09-09T20:29:03.942Z	info	none	{"address": "127.0.0.1:38603", "component": "outbound-queue-processor", "lifecycle": "Stopping", "shard-id": 1, "logging-call-at": "/home/ubuntu/temporal-investigation-20260909/overnight-20260909/specula-engine/runs/temporal-update-20260909-restart-1600/temporal-update/.specula-output/confirmation/CR-1/worktree/service/history/queues/queue_immediate.go:112"}
    shared_cluster_t.go:72: 2026-09-09T20:29:03.942Z	info	queue reader stopped	{"address": "127.0.0.1:38603", "component": "outbound-queue-processor", "lifecycle": "Stopped", "queue-reader-id": 0, "shard-id": 1, "logging-call-at": "/home/ubuntu/temporal-investigation-20260909/overnight-20260909/specula-engine/runs/temporal-update-20260909-restart-1600/temporal-update/.specula-output/confirmation/CR-1/worktree/service/history/queues/reader.go:177"}
    shared_cluster_t.go:72: 2026-09-09T20:29:03.942Z	info	Task rescheduler stopped.	{"address": "127.0.0.1:38603", "component": "outbound-queue-processor", "lifecycle": "Stopped", "shard-id": 1, "logging-call-at": "/home/ubuntu/temporal-investigation-20260909/overnight-20260909/specula-engine/runs/temporal-update-20260909-restart-1600/temporal-update/.specula-output/confirmation/CR-1/worktree/service/history/queues/rescheduler.go:117"}
    shared_cluster_t.go:72: 2026-09-09T20:29:03.942Z	info	none	{"address": "127.0.0.1:38603", "component": "outbound-queue-processor", "lifecycle": "Stopped", "shard-id": 1, "logging-call-at": "/home/ubuntu/temporal-investigation-20260909/overnight-20260909/specula-engine/runs/temporal-update-20260909-restart-1600/temporal-update/.specula-output/confirmation/CR-1/worktree/service/history/queues/queue_immediate.go:122"}
    shared_cluster_t.go:72: 2026-09-09T20:29:03.942Z	info	none	{"component": "memory-scheduled-queue-processor", "lifecycle": "Stopping", "service": "history", "logging-call-at": "/home/ubuntu/temporal-investigation-20260909/overnight-20260909/specula-engine/runs/temporal-update-20260909-restart-1600/temporal-update/.specula-output/confirmation/CR-1/worktree/service/history/queues/memory_scheduled_queue.go:93"}
    shared_cluster_t.go:72: 2026-09-09T20:29:03.942Z	info	none	{"component": "memory-scheduled-queue-processor", "lifecycle": "Stopped", "service": "history", "logging-call-at": "/home/ubuntu/temporal-investigation-20260909/overnight-20260909/specula-engine/runs/temporal-update-20260909-restart-1600/temporal-update/.specula-output/confirmation/CR-1/worktree/service/history/queues/memory_scheduled_queue.go:101"}
    shared_cluster_t.go:72: 2026-09-09T20:29:03.942Z	info	none	{"address": "127.0.0.1:38603", "component": "timer-queue-processor", "lifecycle": "Stopping", "shard-id": 1, "logging-call-at": "/home/ubuntu/temporal-investigation-20260909/overnight-20260909/specula-engine/runs/temporal-update-20260909-restart-1600/temporal-update/.specula-output/confirmation/CR-1/worktree/service/history/queues/queue_scheduled.go:146"}
    shared_cluster_t.go:72: 2026-09-09T20:29:03.942Z	info	queue reader stopped	{"address": "127.0.0.1:38603", "component": "timer-queue-processor", "lifecycle": "Stopped", "queue-reader-id": 0, "shard-id": 1, "logging-call-at": "/home/ubuntu/temporal-investigation-20260909/overnight-20260909/specula-engine/runs/temporal-update-20260909-restart-1600/temporal-update/.specula-output/confirmation/CR-1/worktree/service/history/queues/reader.go:177"}
    shared_cluster_t.go:72: 2026-09-09T20:29:03.942Z	info	Task rescheduler stopped.	{"address": "127.0.0.1:38603", "component": "timer-queue-processor", "lifecycle": "Stopped", "shard-id": 1, "logging-call-at": "/home/ubuntu/temporal-investigation-20260909/overnight-20260909/specula-engine/runs/temporal-update-20260909-restart-1600/temporal-update/.specula-output/confirmation/CR-1/worktree/service/history/queues/rescheduler.go:117"}
    shared_cluster_t.go:72: 2026-09-09T20:29:03.942Z	info	none	{"address": "127.0.0.1:38603", "component": "timer-queue-processor", "lifecycle": "Stopped", "shard-id": 1, "logging-call-at": "/home/ubuntu/temporal-investigation-20260909/overnight-20260909/specula-engine/runs/temporal-update-20260909-restart-1600/temporal-update/.specula-output/confirmation/CR-1/worktree/service/history/queues/queue_scheduled.go:157"}
    shared_cluster_t.go:72: 2026-09-09T20:29:03.942Z	info	none	{"address": "127.0.0.1:38603", "component": "visibility-queue-processor", "lifecycle": "Stopping", "shard-id": 1, "logging-call-at": "/home/ubuntu/temporal-investigation-20260909/overnight-20260909/specula-engine/runs/temporal-update-20260909-restart-1600/temporal-update/.specula-output/confirmation/CR-1/worktree/service/history/queues/queue_immediate.go:112"}
    shared_cluster_t.go:72: 2026-09-09T20:29:03.942Z	info	queue reader stopped	{"address": "127.0.0.1:38603", "component": "visibility-queue-processor", "lifecycle": "Stopped", "queue-reader-id": 0, "shard-id": 1, "logging-call-at": "/home/ubuntu/temporal-investigation-20260909/overnight-20260909/specula-engine/runs/temporal-update-20260909-restart-1600/temporal-update/.specula-output/confirmation/CR-1/worktree/service/history/queues/reader.go:177"}
    shared_cluster_t.go:72: 2026-09-09T20:29:03.942Z	info	Task rescheduler stopped.	{"address": "127.0.0.1:38603", "component": "visibility-queue-processor", "lifecycle": "Stopped", "shard-id": 1, "logging-call-at": "/home/ubuntu/temporal-investigation-20260909/overnight-20260909/specula-engine/runs/temporal-update-20260909-restart-1600/temporal-update/.specula-output/confirmation/CR-1/worktree/service/history/queues/rescheduler.go:117"}
    shared_cluster_t.go:72: 2026-09-09T20:29:03.942Z	info	none	{"address": "127.0.0.1:38603", "component": "visibility-queue-processor", "lifecycle": "Stopped", "shard-id": 1, "logging-call-at": "/home/ubuntu/temporal-investigation-20260909/overnight-20260909/specula-engine/runs/temporal-update-20260909-restart-1600/temporal-update/.specula-output/confirmation/CR-1/worktree/service/history/queues/queue_immediate.go:122"}
    shared_cluster_t.go:72: 2026-09-09T20:29:03.942Z	info	none	{"address": "127.0.0.1:38603", "component": "transfer-queue-processor", "lifecycle": "Stopping", "shard-id": 1, "logging-call-at": "/home/ubuntu/temporal-investigation-20260909/overnight-20260909/specula-engine/runs/temporal-update-20260909-restart-1600/temporal-update/.specula-output/confirmation/CR-1/worktree/service/history/queues/queue_immediate.go:112"}
    shared_cluster_t.go:72: 2026-09-09T20:29:03.942Z	info	queue reader stopped	{"address": "127.0.0.1:38603", "component": "transfer-queue-processor", "lifecycle": "Stopped", "queue-reader-id": 0, "shard-id": 1, "logging-call-at": "/home/ubuntu/temporal-investigation-20260909/overnight-20260909/specula-engine/runs/temporal-update-20260909-restart-1600/temporal-update/.specula-output/confirmation/CR-1/worktree/service/history/queues/reader.go:177"}
    shared_cluster_t.go:72: 2026-09-09T20:29:03.942Z	info	Task rescheduler stopped.	{"address": "127.0.0.1:38603", "component": "transfer-queue-processor", "lifecycle": "Stopped", "shard-id": 1, "logging-call-at": "/home/ubuntu/temporal-investigation-20260909/overnight-20260909/specula-engine/runs/temporal-update-20260909-restart-1600/temporal-update/.specula-output/confirmation/CR-1/worktree/service/history/queues/rescheduler.go:117"}
    shared_cluster_t.go:72: 2026-09-09T20:29:03.942Z	info	none	{"address": "127.0.0.1:38603", "component": "transfer-queue-processor", "lifecycle": "Stopped", "shard-id": 1, "logging-call-at": "/home/ubuntu/temporal-investigation-20260909/overnight-20260909/specula-engine/runs/temporal-update-20260909-restart-1600/temporal-update/.specula-output/confirmation/CR-1/worktree/service/history/queues/queue_immediate.go:122"}
    shared_cluster_t.go:72: 2026-09-09T20:29:03.942Z	info	none	{"address": "127.0.0.1:38603", "component": "history-engine", "lifecycle": "Stopped", "shard-id": 1, "logging-call-at": "/home/ubuntu/temporal-investigation-20260909/overnight-20260909/specula-engine/runs/temporal-update-20260909-restart-1600/temporal-update/.specula-output/confirmation/CR-1/worktree/service/history/history_engine.go:416"}
    shared_cluster_t.go:72: 2026-09-09T20:29:03.942Z	info	none	{"address": "127.0.0.1:38603", "component": "shard-engine", "lifecycle": "Stopped", "shard-id": 1, "logging-call-at": "/home/ubuntu/temporal-investigation-20260909/overnight-20260909/specula-engine/runs/temporal-update-20260909-restart-1600/temporal-update/.specula-output/confirmation/CR-1/worktree/service/history/shard/context_impl.go:1591"}
    shared_cluster_t.go:72: 2026-09-09T20:29:03.942Z	debug	finalizer starting	{"address": "127.0.0.1:38603", "items": 2, "shard-id": 1, "timeout": 2, "logging-call-at": "/home/ubuntu/temporal-investigation-20260909/overnight-20260909/specula-engine/runs/temporal-update-20260909-restart-1600/temporal-update/.specula-output/confirmation/CR-1/worktree/common/finalizer/finalizer.go:108"}
    shared_cluster_t.go:72: 2026-09-09T20:29:03.942Z	debug	finalizer completed	{"address": "127.0.0.1:38603", "completed": 2, "shard-id": 1, "logging-call-at": "/home/ubuntu/temporal-investigation-20260909/overnight-20260909/specula-engine/runs/temporal-update-20260909-restart-1600/temporal-update/.specula-output/confirmation/CR-1/worktree/common/finalizer/finalizer.go:152"}
    shared_cluster_t.go:72: 2026-09-09T20:29:03.942Z	debug	routing key extraction: adding routing key to context	{"wf-id": "TestBugCR1OneHostNoncommittedCompletionDoesNotLeakToNextUpdate_workflow_id", "grpc-method": "/temporal.api.workflowservice.v1.WorkflowService/PollWorkflowExecutionUpdate", "logging-call-at": "/home/ubuntu/temporal-investigation-20260909/overnight-20260909/specula-engine/runs/temporal-update-20260909-restart-1600/temporal-update/.specula-output/confirmation/CR-1/worktree/common/rpc/interceptor/routing_key_interceptor.go:112"}
    shared_cluster_t.go:72: 2026-09-09T20:29:03.942Z	debug	Frontend method invoked.	{"wf-namespace": "TestBugCR1OneHostNoncommittedCompletionDoesNotLeakToNextUpdate-67ee15eb-d2f0-48c3-94c8-1b3ff6058258", "operation": "PollWorkflowExecutionUpdate", "server-name": "", "cert-thumbprint": "", "logging-call-at": "/home/ubuntu/temporal-investigation-20260909/overnight-20260909/specula-engine/runs/temporal-update-20260909-restart-1600/temporal-update/.specula-output/confirmation/CR-1/worktree/common/rpc/interceptor/namespace_logger.go:53"}
    shared_cluster_t.go:72: 2026-09-09T20:29:03.943Z	info	none	{"address": "127.0.0.1:38603", "component": "shard-context", "lifecycle": "Started", "shard-id": 1, "logging-call-at": "/home/ubuntu/temporal-investigation-20260909/overnight-20260909/specula-engine/runs/temporal-update-20260909-restart-1600/temporal-update/.specula-output/confirmation/CR-1/worktree/service/history/shard/context_impl.go:1721"}
    shared_cluster_t.go:72: 2026-09-09T20:29:03.943Z	info	none	{"address": "127.0.0.1:38603", "component": "shard-controller", "numShards": 1, "logging-call-at": "/home/ubuntu/temporal-investigation-20260909/overnight-20260909/specula-engine/runs/temporal-update-20260909-restart-1600/temporal-update/.specula-output/confirmation/CR-1/worktree/service/history/shard/controller_impl.go:265"}
    shared_cluster_t.go:72: 2026-09-09T20:29:03.943Z	info	Range updated for shardID	{"address": "127.0.0.1:38603", "previous-shard-range-id": 1, "shard-id": 1, "shard-range-id": 2, "logging-call-at": "/home/ubuntu/temporal-investigation-20260909/overnight-20260909/specula-engine/runs/temporal-update-20260909-restart-1600/temporal-update/.specula-output/confirmation/CR-1/worktree/service/history/shard/context_impl.go:1199"}
    shared_cluster_t.go:72: 2026-09-09T20:29:03.943Z	info	Task key range updated	{"address": "127.0.0.1:38603", "next-number": 3145728, "number": 2097152, "shard-id": 1, "logging-call-at": "/home/ubuntu/temporal-investigation-20260909/overnight-20260909/specula-engine/runs/temporal-update-20260909-restart-1600/temporal-update/.specula-output/confirmation/CR-1/worktree/service/history/shard/task_key_generator.go:155"}
    shared_cluster_t.go:72: 2026-09-09T20:29:03.943Z	info	Acquired shard	{"address": "127.0.0.1:38603", "shard-id": 1, "logging-call-at": "/home/ubuntu/temporal-investigation-20260909/overnight-20260909/specula-engine/runs/temporal-update-20260909-restart-1600/temporal-update/.specula-output/confirmation/CR-1/worktree/service/history/shard/context_impl.go:2084"}
    shared_cluster_t.go:72: 2026-09-09T20:29:03.943Z	info	none	{"address": "127.0.0.1:38603", "component": "shard-engine", "lifecycle": "Starting", "shard-id": 1, "logging-call-at": "/home/ubuntu/temporal-investigation-20260909/overnight-20260909/specula-engine/runs/temporal-update-20260909-restart-1600/temporal-update/.specula-output/confirmation/CR-1/worktree/service/history/shard/context_impl.go:1562"}
    shared_cluster_t.go:72: 2026-09-09T20:29:03.943Z	info	none	{"address": "127.0.0.1:38603", "component": "history-engine", "lifecycle": "Starting", "shard-id": 1, "logging-call-at": "/home/ubuntu/temporal-investigation-20260909/overnight-20260909/specula-engine/runs/temporal-update-20260909-restart-1600/temporal-update/.specula-output/confirmation/CR-1/worktree/service/history/history_engine.go:386"}
    shared_cluster_t.go:72: 2026-09-09T20:29:03.943Z	info	none	{"address": "127.0.0.1:38603", "component": "timer-queue-processor", "lifecycle": "Starting", "shard-id": 1, "logging-call-at": "/home/ubuntu/temporal-investigation-20260909/overnight-20260909/specula-engine/runs/temporal-update-20260909-restart-1600/temporal-update/.specula-output/confirmation/CR-1/worktree/service/history/queues/queue_scheduled.go:130"}
    shared_cluster_t.go:72: 2026-09-09T20:29:03.943Z	info	Task rescheduler started.	{"address": "127.0.0.1:38603", "component": "timer-queue-processor", "lifecycle": "Started", "shard-id": 1, "logging-call-at": "/home/ubuntu/temporal-investigation-20260909/overnight-20260909/specula-engine/runs/temporal-update-20260909-restart-1600/temporal-update/.specula-output/confirmation/CR-1/worktree/service/history/queues/rescheduler.go:102"}
    shared_cluster_t.go:72: 2026-09-09T20:29:03.943Z	info	none	{"address": "127.0.0.1:38603", "component": "timer-queue-processor", "lifecycle": "Started", "shard-id": 1, "logging-call-at": "/home/ubuntu/temporal-investigation-20260909/overnight-20260909/specula-engine/runs/temporal-update-20260909-restart-1600/temporal-update/.specula-output/confirmation/CR-1/worktree/service/history/queues/queue_scheduled.go:139"}
    shared_cluster_t.go:72: 2026-09-09T20:29:03.943Z	info	none	{"address": "127.0.0.1:38603", "component": "visibility-queue-processor", "lifecycle": "Starting", "shard-id": 1, "logging-call-at": "/home/ubuntu/temporal-investigation-20260909/overnight-20260909/specula-engine/runs/temporal-update-20260909-restart-1600/temporal-update/.specula-output/confirmation/CR-1/worktree/service/history/queues/queue_immediate.go:96"}
    shared_cluster_t.go:72: 2026-09-09T20:29:03.943Z	info	Task rescheduler started.	{"address": "127.0.0.1:38603", "component": "visibility-queue-processor", "lifecycle": "Started", "shard-id": 1, "logging-call-at": "/home/ubuntu/temporal-investigation-20260909/overnight-20260909/specula-engine/runs/temporal-update-20260909-restart-1600/temporal-update/.specula-output/confirmation/CR-1/worktree/service/history/queues/rescheduler.go:102"}
    shared_cluster_t.go:72: 2026-09-09T20:29:03.943Z	info	none	{"address": "127.0.0.1:38603", "component": "visibility-queue-processor", "lifecycle": "Started", "shard-id": 1, "logging-call-at": "/home/ubuntu/temporal-investigation-20260909/overnight-20260909/specula-engine/runs/temporal-update-20260909-restart-1600/temporal-update/.specula-output/confirmation/CR-1/worktree/service/history/queues/queue_immediate.go:105"}
    shared_cluster_t.go:72: 2026-09-09T20:29:03.943Z	info	none	{"address": "127.0.0.1:38603", "component": "transfer-queue-processor", "lifecycle": "Starting", "shard-id": 1, "logging-call-at": "/home/ubuntu/temporal-investigation-20260909/overnight-20260909/specula-engine/runs/temporal-update-20260909-restart-1600/temporal-update/.specula-output/confirmation/CR-1/worktree/service/history/queues/queue_immediate.go:96"}
    shared_cluster_t.go:72: 2026-09-09T20:29:03.943Z	info	Task rescheduler started.	{"address": "127.0.0.1:38603", "component": "transfer-queue-processor", "lifecycle": "Started", "shard-id": 1, "logging-call-at": "/home/ubuntu/temporal-investigation-20260909/overnight-20260909/specula-engine/runs/temporal-update-20260909-restart-1600/temporal-update/.specula-output/confirmation/CR-1/worktree/service/history/queues/rescheduler.go:102"}
    shared_cluster_t.go:72: 2026-09-09T20:29:03.943Z	info	none	{"address": "127.0.0.1:38603", "component": "transfer-queue-processor", "lifecycle": "Started", "shard-id": 1, "logging-call-at": "/home/ubuntu/temporal-investigation-20260909/overnight-20260909/specula-engine/runs/temporal-update-20260909-restart-1600/temporal-update/.specula-output/confirmation/CR-1/worktree/service/history/queues/queue_immediate.go:105"}
    shared_cluster_t.go:72: 2026-09-09T20:29:03.943Z	info	none	{"address": "127.0.0.1:38603", "component": "outbound-queue-processor", "lifecycle": "Starting", "shard-id": 1, "logging-call-at": "/home/ubuntu/temporal-investigation-20260909/overnight-20260909/specula-engine/runs/temporal-update-20260909-restart-1600/temporal-update/.specula-output/confirmation/CR-1/worktree/service/history/queues/queue_immediate.go:96"}
    shared_cluster_t.go:72: 2026-09-09T20:29:03.943Z	info	Task rescheduler started.	{"address": "127.0.0.1:38603", "component": "outbound-queue-processor", "lifecycle": "Started", "shard-id": 1, "logging-call-at": "/home/ubuntu/temporal-investigation-20260909/overnight-20260909/specula-engine/runs/temporal-update-20260909-restart-1600/temporal-update/.specula-output/confirmation/CR-1/worktree/service/history/queues/rescheduler.go:102"}
    shared_cluster_t.go:72: 2026-09-09T20:29:03.943Z	info	queue reader started	{"address": "127.0.0.1:38603", "component": "timer-queue-processor", "lifecycle": "Started", "queue-reader-id": 0, "shard-id": 1, "logging-call-at": "/home/ubuntu/temporal-investigation-20260909/overnight-20260909/specula-engine/runs/temporal-update-20260909-restart-1600/temporal-update/.specula-output/confirmation/CR-1/worktree/service/history/queues/reader.go:158"}
    shared_cluster_t.go:72: 2026-09-09T20:29:03.943Z	info	none	{"address": "127.0.0.1:38603", "component": "outbound-queue-processor", "lifecycle": "Started", "shard-id": 1, "logging-call-at": "/home/ubuntu/temporal-investigation-20260909/overnight-20260909/specula-engine/runs/temporal-update-20260909-restart-1600/temporal-update/.specula-output/confirmation/CR-1/worktree/service/history/queues/queue_immediate.go:105"}
    shared_cluster_t.go:72: 2026-09-09T20:29:03.943Z	info	none	{"component": "memory-scheduled-queue-processor", "lifecycle": "Starting", "service": "history", "logging-call-at": "/home/ubuntu/temporal-investigation-20260909/overnight-20260909/specula-engine/runs/temporal-update-20260909-restart-1600/temporal-update/.specula-output/confirmation/CR-1/worktree/service/history/queues/memory_scheduled_queue.go:81"}
    shared_cluster_t.go:72: 2026-09-09T20:29:03.943Z	error	Queue reader unable to retrieve tasks	{"address": "127.0.0.1:38603", "component": "visibility-queue-processor", "error": "shard status unknown", "queue-reader-id": 0, "shard-id": 1, "logging-call-at": "/home/ubuntu/temporal-investigation-20260909/overnight-20260909/specula-engine/runs/temporal-update-20260909-restart-1600/temporal-update/.specula-output/confirmation/CR-1/worktree/service/history/queues/reader.go:457"}
        go.temporal.io/server/common/log.(*zapLogger).Error
        	/home/ubuntu/temporal-investigation-20260909/overnight-20260909/specula-engine/runs/temporal-update-20260909-restart-1600/temporal-update/.specula-output/confirmation/CR-1/worktree/common/log/zap_logger.go:191
        go.temporal.io/server/common/testing/testlogger.(*TestLogger).Error
        	/home/ubuntu/temporal-investigation-20260909/overnight-20260909/specula-engine/runs/temporal-update-20260909-restart-1600/temporal-update/.specula-output/confirmation/CR-1/worktree/common/testing/testlogger/testlogger.go:543
        go.temporal.io/server/service/history/queues.(*ReaderImpl).loadAndSubmitTasks
        	/home/ubuntu/temporal-investigation-20260909/overnight-20260909/specula-engine/runs/temporal-update-20260909-restart-1600/temporal-update/.specula-output/confirmation/CR-1/worktree/service/history/queues/reader.go:457
        go.temporal.io/server/service/history/queues.(*ReaderImpl).eventLoop
        	/home/ubuntu/temporal-investigation-20260909/overnight-20260909/specula-engine/runs/temporal-update-20260909-restart-1600/temporal-update/.specula-output/confirmation/CR-1/worktree/service/history/queues/reader.go:422
    shared_cluster_t.go:72: 2026-09-09T20:29:03.943Z	info	none	{"component": "memory-scheduled-queue-processor", "lifecycle": "Started", "service": "history", "logging-call-at": "/home/ubuntu/temporal-investigation-20260909/overnight-20260909/specula-engine/runs/temporal-update-20260909-restart-1600/temporal-update/.specula-output/confirmation/CR-1/worktree/service/history/queues/memory_scheduled_queue.go:86"}
    shared_cluster_t.go:72: 2026-09-09T20:29:03.943Z	error	Queue reader unable to retrieve tasks	{"address": "127.0.0.1:38603", "component": "transfer-queue-processor", "error": "shard status unknown", "queue-reader-id": 0, "shard-id": 1, "logging-call-at": "/home/ubuntu/temporal-investigation-20260909/overnight-20260909/specula-engine/runs/temporal-update-20260909-restart-1600/temporal-update/.specula-output/confirmation/CR-1/worktree/service/history/queues/reader.go:457"}
        go.temporal.io/server/common/log.(*zapLogger).Error
        	/home/ubuntu/temporal-investigation-20260909/overnight-20260909/specula-engine/runs/temporal-update-20260909-restart-1600/temporal-update/.specula-output/confirmation/CR-1/worktree/common/log/zap_logger.go:191
        go.temporal.io/server/common/testing/testlogger.(*TestLogger).Error
        	/home/ubuntu/temporal-investigation-20260909/overnight-20260909/specula-engine/runs/temporal-update-20260909-restart-1600/temporal-update/.specula-output/confirmation/CR-1/worktree/common/testing/testlogger/testlogger.go:543
        go.temporal.io/server/service/history/queues.(*ReaderImpl).loadAndSubmitTasks
        	/home/ubuntu/temporal-investigation-20260909/overnight-20260909/specula-engine/runs/temporal-update-20260909-restart-1600/temporal-update/.specula-output/confirmation/CR-1/worktree/service/history/queues/reader.go:457
        go.temporal.io/server/service/history/queues.(*ReaderImpl).eventLoop
        	/home/ubuntu/temporal-investigation-20260909/overnight-20260909/specula-engine/runs/temporal-update-20260909-restart-1600/temporal-update/.specula-output/confirmation/CR-1/worktree/service/history/queues/reader.go:422
    shared_cluster_t.go:72: 2026-09-09T20:29:03.943Z	info	none	{"address": "127.0.0.1:38603", "component": "history-engine", "lifecycle": "Started", "shard-id": 1, "logging-call-at": "/home/ubuntu/temporal-investigation-20260909/overnight-20260909/specula-engine/runs/temporal-update-20260909-restart-1600/temporal-update/.specula-output/confirmation/CR-1/worktree/service/history/history_engine.go:395"}
    shared_cluster_t.go:72: 2026-09-09T20:29:03.943Z	info	none	{"address": "127.0.0.1:38603", "component": "shard-engine", "lifecycle": "Started", "shard-id": 1, "logging-call-at": "/home/ubuntu/temporal-investigation-20260909/overnight-20260909/specula-engine/runs/temporal-update-20260909-restart-1600/temporal-update/.specula-output/confirmation/CR-1/worktree/service/history/shard/context_impl.go:1565"}
    shared_cluster_t.go:72: 2026-09-09T20:29:03.943Z	error	Queue reader unable to retrieve tasks	{"address": "127.0.0.1:38603", "component": "outbound-queue-processor", "error": "shard status unknown", "queue-reader-id": 0, "shard-id": 1, "logging-call-at": "/home/ubuntu/temporal-investigation-20260909/overnight-20260909/specula-engine/runs/temporal-update-20260909-restart-1600/temporal-update/.specula-output/confirmation/CR-1/worktree/service/history/queues/reader.go:457"}
        go.temporal.io/server/common/log.(*zapLogger).Error
        	/home/ubuntu/temporal-investigation-20260909/overnight-20260909/specula-engine/runs/temporal-update-20260909-restart-1600/temporal-update/.specula-output/confirmation/CR-1/worktree/common/log/zap_logger.go:191
        go.temporal.io/server/common/testing/testlogger.(*TestLogger).Error
        	/home/ubuntu/temporal-investigation-20260909/overnight-20260909/specula-engine/runs/temporal-update-20260909-restart-1600/temporal-update/.specula-output/confirmation/CR-1/worktree/common/testing/testlogger/testlogger.go:543
        go.temporal.io/server/service/history/queues.(*ReaderImpl).loadAndSubmitTasks
        	/home/ubuntu/temporal-investigation-20260909/overnight-20260909/specula-engine/runs/temporal-update-20260909-restart-1600/temporal-update/.specula-output/confirmation/CR-1/worktree/service/history/queues/reader.go:457
        go.temporal.io/server/service/history/queues.(*ReaderImpl).eventLoop
        	/home/ubuntu/temporal-investigation-20260909/overnight-20260909/specula-engine/runs/temporal-update-20260909-restart-1600/temporal-update/.specula-output/confirmation/CR-1/worktree/service/history/queues/reader.go:422
    shared_cluster_t.go:72: 2026-09-09T20:29:03.943Z	info	queue reader started	{"address": "127.0.0.1:38603", "component": "visibility-queue-processor", "lifecycle": "Started", "queue-reader-id": 0, "shard-id": 1, "logging-call-at": "/home/ubuntu/temporal-investigation-20260909/overnight-20260909/specula-engine/runs/temporal-update-20260909-restart-1600/temporal-update/.specula-output/confirmation/CR-1/worktree/service/history/queues/reader.go:158"}
    shared_cluster_t.go:72: 2026-09-09T20:29:03.943Z	info	queue reader started	{"address": "127.0.0.1:38603", "component": "transfer-queue-processor", "lifecycle": "Started", "queue-reader-id": 0, "shard-id": 1, "logging-call-at": "/home/ubuntu/temporal-investigation-20260909/overnight-20260909/specula-engine/runs/temporal-update-20260909-restart-1600/temporal-update/.specula-output/confirmation/CR-1/worktree/service/history/queues/reader.go:158"}
    shared_cluster_t.go:72: 2026-09-09T20:29:03.943Z	error	Queue reader unable to retrieve tasks	{"address": "127.0.0.1:38603", "component": "timer-queue-processor", "error": "shard status unknown", "queue-reader-id": 0, "shard-id": 1, "logging-call-at": "/home/ubuntu/temporal-investigation-20260909/overnight-20260909/specula-engine/runs/temporal-update-20260909-restart-1600/temporal-update/.specula-output/confirmation/CR-1/worktree/service/history/queues/reader.go:457"}
        go.temporal.io/server/common/log.(*zapLogger).Error
        	/home/ubuntu/temporal-investigation-20260909/overnight-20260909/specula-engine/runs/temporal-update-20260909-restart-1600/temporal-update/.specula-output/confirmation/CR-1/worktree/common/log/zap_logger.go:191
        go.temporal.io/server/common/testing/testlogger.(*TestLogger).Error
        	/home/ubuntu/temporal-investigation-20260909/overnight-20260909/specula-engine/runs/temporal-update-20260909-restart-1600/temporal-update/.specula-output/confirmation/CR-1/worktree/common/testing/testlogger/testlogger.go:543
        go.temporal.io/server/service/history/queues.(*ReaderImpl).loadAndSubmitTasks
        	/home/ubuntu/temporal-investigation-20260909/overnight-20260909/specula-engine/runs/temporal-update-20260909-restart-1600/temporal-update/.specula-output/confirmation/CR-1/worktree/service/history/queues/reader.go:457
        go.temporal.io/server/service/history/queues.(*ReaderImpl).eventLoop
        	/home/ubuntu/temporal-investigation-20260909/overnight-20260909/specula-engine/runs/temporal-update-20260909-restart-1600/temporal-update/.specula-output/confirmation/CR-1/worktree/service/history/queues/reader.go:422
    shared_cluster_t.go:72: 2026-09-09T20:29:03.943Z	info	queue reader started	{"address": "127.0.0.1:38603", "component": "outbound-queue-processor", "lifecycle": "Started", "queue-reader-id": 0, "shard-id": 1, "logging-call-at": "/home/ubuntu/temporal-investigation-20260909/overnight-20260909/specula-engine/runs/temporal-update-20260909-restart-1600/temporal-update/.specula-output/confirmation/CR-1/worktree/service/history/queues/reader.go:158"}
    cr1_repro_test.go:145: SAME_HOST_RECOVERY_MASK update_id=TestBugCR1OneHostNoncommittedCompletionDoesNotLeakToNextUpdate_update_id_2 observed=success-result-of-TestBugCR1OneHostNoncommittedCompletionDoesNotLeakToNextUpdate_update_id_2 note=the later successful completion overwrote the host-level event-cache slot before readback
2026-09-09T20:29:03.944Z	info	ShutdownHandler: Updating gRPC health status to ShuttingDown	{"service": "frontend", "logging-call-at": "/home/ubuntu/temporal-investigation-20260909/overnight-20260909/specula-engine/runs/temporal-update-20260909-restart-1600/temporal-update/.specula-output/confirmation/CR-1/worktree/service/frontend/service.go:565"}
2026-09-09T20:29:03.944Z	info	ShutdownHandler: Waiting for others to discover I am unhealthy	{"service": "frontend", "logging-call-at": "/home/ubuntu/temporal-investigation-20260909/overnight-20260909/specula-engine/runs/temporal-update-20260909-restart-1600/temporal-update/.specula-output/confirmation/CR-1/worktree/service/frontend/service.go:569"}
2026-09-09T20:29:03.944Z	info	ShutdownHandler: Draining traffic	{"service": "frontend", "logging-call-at": "/home/ubuntu/temporal-investigation-20260909/overnight-20260909/specula-engine/runs/temporal-update-20260909-restart-1600/temporal-update/.specula-output/confirmation/CR-1/worktree/service/frontend/service.go:578"}
2026-09-09T20:29:03.944Z	info	frontend stopped	{"service": "frontend", "logging-call-at": "/home/ubuntu/temporal-investigation-20260909/overnight-20260909/specula-engine/runs/temporal-update-20260909-restart-1600/temporal-update/.specula-output/confirmation/CR-1/worktree/service/frontend/service.go:600"}
2026-09-09T20:29:03.944Z	info	RuntimeMetricsReporter stopped	{"service": "frontend", "logging-call-at": "/home/ubuntu/temporal-investigation-20260909/overnight-20260909/specula-engine/runs/temporal-update-20260909-restart-1600/temporal-update/.specula-output/confirmation/CR-1/worktree/common/metrics/runtime.go:127"}
2026-09-09T20:29:03.944Z	warn	network dial error	{"address": "127.0.0.1:45179", "connectAddr": "127.0.0.1:45179", "connectDuration": 0.000086337, "connectErr": "dial tcp 127.0.0.1:45179: connect: connection refused", "error": "dial tcp 127.0.0.1:45179: connect: connection refused", "error-type": "net.OpError", "service": "client", "totalDuration": 0.000092237, "logging-call-at": "/home/ubuntu/temporal-investigation-20260909/overnight-20260909/specula-engine/runs/temporal-update-20260909-restart-1600/temporal-update/.specula-output/confirmation/CR-1/worktree/common/rpc/dial_tracer.go:73"}
2026-09-09T20:29:03.944Z	warn	network dial error	{"address": "membership://frontend~0x28539e521bc0", "connectAddr": "127.0.0.1:45179", "connectDuration": 0.000057074, "connectErr": "dial tcp 127.0.0.1:45179: connect: connection refused", "error": "dial tcp 127.0.0.1:45179: connect: connection refused", "error-type": "net.OpError", "service": "client", "totalDuration": 0.000061291, "logging-call-at": "/home/ubuntu/temporal-investigation-20260909/overnight-20260909/specula-engine/runs/temporal-update-20260909-restart-1600/temporal-update/.specula-output/confirmation/CR-1/worktree/common/rpc/dial_tracer.go:73"}
2026-09-09T20:29:03.944Z	info	ShutdownHandler: Evicting self from membership ring immediately	{"logging-call-at": "/home/ubuntu/temporal-investigation-20260909/overnight-20260909/specula-engine/runs/temporal-update-20260909-restart-1600/temporal-update/.specula-output/confirmation/CR-1/worktree/service/history/service.go:129"}
2026-09-09T20:29:03.944Z	info	ShutdownHandler: Waiting for drain	{"logging-call-at": "/home/ubuntu/temporal-investigation-20260909/overnight-20260909/specula-engine/runs/temporal-update-20260909-restart-1600/temporal-update/.specula-output/confirmation/CR-1/worktree/service/history/service.go:137"}
2026-09-09T20:29:03.944Z	info	ShutdownHandler: Initiating handler shutdown	{"logging-call-at": "/home/ubuntu/temporal-investigation-20260909/overnight-20260909/specula-engine/runs/temporal-update-20260909-restart-1600/temporal-update/.specula-output/confirmation/CR-1/worktree/service/history/service.go:156"}
2026-09-09T20:29:03.944Z	info	StreamReceiverMonitor stopped.	{"logging-call-at": "/home/ubuntu/temporal-investigation-20260909/overnight-20260909/specula-engine/runs/temporal-update-20260909-restart-1600/temporal-update/.specula-output/confirmation/CR-1/worktree/service/history/replication/stream_receiver_monitor.go:115"}
2026-09-09T20:29:03.944Z	info	Replication task fetchers stopped.	{"logging-call-at": "/home/ubuntu/temporal-investigation-20260909/overnight-20260909/specula-engine/runs/temporal-update-20260909-restart-1600/temporal-update/.specula-output/confirmation/CR-1/worktree/service/history/replication/task_fetcher.go:136"}
2026-09-09T20:29:03.944Z	info	none	{"address": "127.0.0.1:38603", "component": "shard-controller", "lifecycle": "Stopping", "logging-call-at": "/home/ubuntu/temporal-investigation-20260909/overnight-20260909/specula-engine/runs/temporal-update-20260909-restart-1600/temporal-update/.specula-output/confirmation/CR-1/worktree/service/history/shard/controller_impl.go:529"}
2026-09-09T20:29:03.944Z	info	none	{"address": "127.0.0.1:38603", "component": "shard-context", "lifecycle": "Stopped", "shard-id": 1, "logging-call-at": "/home/ubuntu/temporal-investigation-20260909/overnight-20260909/specula-engine/runs/temporal-update-20260909-restart-1600/temporal-update/.specula-output/confirmation/CR-1/worktree/service/history/shard/context_impl.go:1739"}
2026-09-09T20:29:03.944Z	info	none	{"address": "127.0.0.1:38603", "component": "shard-engine", "lifecycle": "Stopping", "shard-id": 1, "logging-call-at": "/home/ubuntu/temporal-investigation-20260909/overnight-20260909/specula-engine/runs/temporal-update-20260909-restart-1600/temporal-update/.specula-output/confirmation/CR-1/worktree/service/history/shard/context_impl.go:1589"}
2026-09-09T20:29:03.944Z	info	none	{"address": "127.0.0.1:38603", "component": "history-engine", "lifecycle": "Stopping", "shard-id": 1, "logging-call-at": "/home/ubuntu/temporal-investigation-20260909/overnight-20260909/specula-engine/runs/temporal-update-20260909-restart-1600/temporal-update/.specula-output/confirmation/CR-1/worktree/service/history/history_engine.go:407"}
2026-09-09T20:29:03.944Z	info	none	{"address": "127.0.0.1:38603", "component": "transfer-queue-processor", "lifecycle": "Stopping", "shard-id": 1, "logging-call-at": "/home/ubuntu/temporal-investigation-20260909/overnight-20260909/specula-engine/runs/temporal-update-20260909-restart-1600/temporal-update/.specula-output/confirmation/CR-1/worktree/service/history/queues/queue_immediate.go:112"}
2026-09-09T20:29:03.944Z	info	queue reader stopped	{"address": "127.0.0.1:38603", "component": "transfer-queue-processor", "lifecycle": "Stopped", "queue-reader-id": 0, "shard-id": 1, "logging-call-at": "/home/ubuntu/temporal-investigation-20260909/overnight-20260909/specula-engine/runs/temporal-update-20260909-restart-1600/temporal-update/.specula-output/confirmation/CR-1/worktree/service/history/queues/reader.go:177"}
2026-09-09T20:29:03.944Z	info	Task rescheduler stopped.	{"address": "127.0.0.1:38603", "component": "transfer-queue-processor", "lifecycle": "Stopped", "shard-id": 1, "logging-call-at": "/home/ubuntu/temporal-investigation-20260909/overnight-20260909/specula-engine/runs/temporal-update-20260909-restart-1600/temporal-update/.specula-output/confirmation/CR-1/worktree/service/history/queues/rescheduler.go:117"}
2026-09-09T20:29:03.945Z	info	none	{"address": "127.0.0.1:38603", "component": "transfer-queue-processor", "lifecycle": "Stopped", "shard-id": 1, "logging-call-at": "/home/ubuntu/temporal-investigation-20260909/overnight-20260909/specula-engine/runs/temporal-update-20260909-restart-1600/temporal-update/.specula-output/confirmation/CR-1/worktree/service/history/queues/queue_immediate.go:122"}
2026-09-09T20:29:03.945Z	info	none	{"address": "127.0.0.1:38603", "component": "outbound-queue-processor", "lifecycle": "Stopping", "shard-id": 1, "logging-call-at": "/home/ubuntu/temporal-investigation-20260909/overnight-20260909/specula-engine/runs/temporal-update-20260909-restart-1600/temporal-update/.specula-output/confirmation/CR-1/worktree/service/history/queues/queue_immediate.go:112"}
2026-09-09T20:29:03.945Z	info	queue reader stopped	{"address": "127.0.0.1:38603", "component": "outbound-queue-processor", "lifecycle": "Stopped", "queue-reader-id": 0, "shard-id": 1, "logging-call-at": "/home/ubuntu/temporal-investigation-20260909/overnight-20260909/specula-engine/runs/temporal-update-20260909-restart-1600/temporal-update/.specula-output/confirmation/CR-1/worktree/service/history/queues/reader.go:177"}
2026-09-09T20:29:03.945Z	info	Task rescheduler stopped.	{"address": "127.0.0.1:38603", "component": "outbound-queue-processor", "lifecycle": "Stopped", "shard-id": 1, "logging-call-at": "/home/ubuntu/temporal-investigation-20260909/overnight-20260909/specula-engine/runs/temporal-update-20260909-restart-1600/temporal-update/.specula-output/confirmation/CR-1/worktree/service/history/queues/rescheduler.go:117"}
2026-09-09T20:29:03.945Z	info	none	{"address": "127.0.0.1:38603", "component": "outbound-queue-processor", "lifecycle": "Stopped", "shard-id": 1, "logging-call-at": "/home/ubuntu/temporal-investigation-20260909/overnight-20260909/specula-engine/runs/temporal-update-20260909-restart-1600/temporal-update/.specula-output/confirmation/CR-1/worktree/service/history/queues/queue_immediate.go:122"}
2026-09-09T20:29:03.945Z	info	none	{"component": "memory-scheduled-queue-processor", "lifecycle": "Stopping", "service": "history", "logging-call-at": "/home/ubuntu/temporal-investigation-20260909/overnight-20260909/specula-engine/runs/temporal-update-20260909-restart-1600/temporal-update/.specula-output/confirmation/CR-1/worktree/service/history/queues/memory_scheduled_queue.go:93"}
2026-09-09T20:29:03.945Z	info	none	{"component": "memory-scheduled-queue-processor", "lifecycle": "Stopped", "service": "history", "logging-call-at": "/home/ubuntu/temporal-investigation-20260909/overnight-20260909/specula-engine/runs/temporal-update-20260909-restart-1600/temporal-update/.specula-output/confirmation/CR-1/worktree/service/history/queues/memory_scheduled_queue.go:101"}
2026-09-09T20:29:03.945Z	info	none	{"address": "127.0.0.1:38603", "component": "timer-queue-processor", "lifecycle": "Stopping", "shard-id": 1, "logging-call-at": "/home/ubuntu/temporal-investigation-20260909/overnight-20260909/specula-engine/runs/temporal-update-20260909-restart-1600/temporal-update/.specula-output/confirmation/CR-1/worktree/service/history/queues/queue_scheduled.go:146"}
2026-09-09T20:29:03.945Z	info	queue reader stopped	{"address": "127.0.0.1:38603", "component": "timer-queue-processor", "lifecycle": "Stopped", "queue-reader-id": 0, "shard-id": 1, "logging-call-at": "/home/ubuntu/temporal-investigation-20260909/overnight-20260909/specula-engine/runs/temporal-update-20260909-restart-1600/temporal-update/.specula-output/confirmation/CR-1/worktree/service/history/queues/reader.go:177"}
2026-09-09T20:29:03.945Z	info	Task rescheduler stopped.	{"address": "127.0.0.1:38603", "component": "timer-queue-processor", "lifecycle": "Stopped", "shard-id": 1, "logging-call-at": "/home/ubuntu/temporal-investigation-20260909/overnight-20260909/specula-engine/runs/temporal-update-20260909-restart-1600/temporal-update/.specula-output/confirmation/CR-1/worktree/service/history/queues/rescheduler.go:117"}
2026-09-09T20:29:03.945Z	info	none	{"address": "127.0.0.1:38603", "component": "timer-queue-processor", "lifecycle": "Stopped", "shard-id": 1, "logging-call-at": "/home/ubuntu/temporal-investigation-20260909/overnight-20260909/specula-engine/runs/temporal-update-20260909-restart-1600/temporal-update/.specula-output/confirmation/CR-1/worktree/service/history/queues/queue_scheduled.go:157"}
2026-09-09T20:29:03.945Z	info	none	{"address": "127.0.0.1:38603", "component": "visibility-queue-processor", "lifecycle": "Stopping", "shard-id": 1, "logging-call-at": "/home/ubuntu/temporal-investigation-20260909/overnight-20260909/specula-engine/runs/temporal-update-20260909-restart-1600/temporal-update/.specula-output/confirmation/CR-1/worktree/service/history/queues/queue_immediate.go:112"}
2026-09-09T20:29:03.945Z	info	queue reader stopped	{"address": "127.0.0.1:38603", "component": "visibility-queue-processor", "lifecycle": "Stopped", "queue-reader-id": 0, "shard-id": 1, "logging-call-at": "/home/ubuntu/temporal-investigation-20260909/overnight-20260909/specula-engine/runs/temporal-update-20260909-restart-1600/temporal-update/.specula-output/confirmation/CR-1/worktree/service/history/queues/reader.go:177"}
2026-09-09T20:29:03.945Z	info	Task rescheduler stopped.	{"address": "127.0.0.1:38603", "component": "visibility-queue-processor", "lifecycle": "Stopped", "shard-id": 1, "logging-call-at": "/home/ubuntu/temporal-investigation-20260909/overnight-20260909/specula-engine/runs/temporal-update-20260909-restart-1600/temporal-update/.specula-output/confirmation/CR-1/worktree/service/history/queues/rescheduler.go:117"}
2026-09-09T20:29:03.945Z	info	none	{"address": "127.0.0.1:38603", "component": "visibility-queue-processor", "lifecycle": "Stopped", "shard-id": 1, "logging-call-at": "/home/ubuntu/temporal-investigation-20260909/overnight-20260909/specula-engine/runs/temporal-update-20260909-restart-1600/temporal-update/.specula-output/confirmation/CR-1/worktree/service/history/queues/queue_immediate.go:122"}
2026-09-09T20:29:03.945Z	info	none	{"address": "127.0.0.1:38603", "component": "history-engine", "lifecycle": "Stopped", "shard-id": 1, "logging-call-at": "/home/ubuntu/temporal-investigation-20260909/overnight-20260909/specula-engine/runs/temporal-update-20260909-restart-1600/temporal-update/.specula-output/confirmation/CR-1/worktree/service/history/history_engine.go:416"}
2026-09-09T20:29:03.945Z	info	none	{"address": "127.0.0.1:38603", "component": "shard-engine", "lifecycle": "Stopped", "shard-id": 1, "logging-call-at": "/home/ubuntu/temporal-investigation-20260909/overnight-20260909/specula-engine/runs/temporal-update-20260909-restart-1600/temporal-update/.specula-output/confirmation/CR-1/worktree/service/history/shard/context_impl.go:1591"}
2026-09-09T20:29:03.945Z	debug	finalizer starting	{"address": "127.0.0.1:38603", "items": 1, "shard-id": 1, "timeout": 2, "logging-call-at": "/home/ubuntu/temporal-investigation-20260909/overnight-20260909/specula-engine/runs/temporal-update-20260909-restart-1600/temporal-update/.specula-output/confirmation/CR-1/worktree/common/finalizer/finalizer.go:108"}
2026-09-09T20:29:03.945Z	debug	finalizer completed	{"address": "127.0.0.1:38603", "completed": 1, "shard-id": 1, "logging-call-at": "/home/ubuntu/temporal-investigation-20260909/overnight-20260909/specula-engine/runs/temporal-update-20260909-restart-1600/temporal-update/.specula-output/confirmation/CR-1/worktree/common/finalizer/finalizer.go:152"}
2026-09-09T20:29:03.945Z	info	none	{"address": "127.0.0.1:38603", "component": "shard-controller", "lifecycle": "Stopped", "logging-call-at": "/home/ubuntu/temporal-investigation-20260909/overnight-20260909/specula-engine/runs/temporal-update-20260909-restart-1600/temporal-update/.specula-output/confirmation/CR-1/worktree/service/history/shard/controller_impl.go:126"}
2026-09-09T20:29:03.945Z	warn	network dial error	{"address": "127.0.0.1:38603", "connectAddr": "127.0.0.1:38603", "connectDuration": 0.000081691, "connectErr": "dial tcp 127.0.0.1:38603: connect: connection refused", "error": "dial tcp 127.0.0.1:38603: connect: connection refused", "error-type": "net.OpError", "service": "client", "totalDuration": 0.000085346, "logging-call-at": "/home/ubuntu/temporal-investigation-20260909/overnight-20260909/specula-engine/runs/temporal-update-20260909-restart-1600/temporal-update/.specula-output/confirmation/CR-1/worktree/common/rpc/dial_tracer.go:73"}
2026-09-09T20:29:03.945Z	info	history stopped	{"logging-call-at": "/home/ubuntu/temporal-investigation-20260909/overnight-20260909/specula-engine/runs/temporal-update-20260909-restart-1600/temporal-update/.specula-output/confirmation/CR-1/worktree/service/history/service.go:175"}
2026-09-09T20:29:03.945Z	info	RuntimeMetricsReporter stopped	{"service": "history", "logging-call-at": "/home/ubuntu/temporal-investigation-20260909/overnight-20260909/specula-engine/runs/temporal-update-20260909-restart-1600/temporal-update/.specula-output/confirmation/CR-1/worktree/common/metrics/runtime.go:127"}
2026-09-09T20:29:03.945Z	info	Update worker pool size	{"key": "worker-pool-size", "service": "history", "value": 0, "logging-call-at": "/home/ubuntu/temporal-investigation-20260909/overnight-20260909/specula-engine/runs/temporal-update-20260909-restart-1600/temporal-update/.specula-output/confirmation/CR-1/worktree/common/tasks/fifo_scheduler.go:138"}
2026-09-09T20:29:03.945Z	info	fifo scheduler stopped	{"service": "history", "logging-call-at": "/home/ubuntu/temporal-investigation-20260909/overnight-20260909/specula-engine/runs/temporal-update-20260909-restart-1600/temporal-update/.specula-output/confirmation/CR-1/worktree/common/tasks/fifo_scheduler.go:89"}
2026-09-09T20:29:03.945Z	info	execution queue scheduler stopped	{"service": "history", "logging-call-at": "/home/ubuntu/temporal-investigation-20260909/overnight-20260909/specula-engine/runs/temporal-update-20260909-restart-1600/temporal-update/.specula-output/confirmation/CR-1/worktree/common/tasks/execution_queue_scheduler.go:109"}
2026-09-09T20:29:03.945Z	info	interleaved weighted round robin task scheduler stopped	{"service": "history", "logging-call-at": "/home/ubuntu/temporal-investigation-20260909/overnight-20260909/specula-engine/runs/temporal-update-20260909-restart-1600/temporal-update/.specula-output/confirmation/CR-1/worktree/common/tasks/interleaved_weighted_round_robin.go:137"}
2026-09-09T20:29:03.945Z	info	Update worker pool size	{"key": "worker-pool-size", "service": "history", "value": 0, "logging-call-at": "/home/ubuntu/temporal-investigation-20260909/overnight-20260909/specula-engine/runs/temporal-update-20260909-restart-1600/temporal-update/.specula-output/confirmation/CR-1/worktree/common/tasks/fifo_scheduler.go:138"}
2026-09-09T20:29:03.945Z	info	fifo scheduler stopped	{"service": "history", "logging-call-at": "/home/ubuntu/temporal-investigation-20260909/overnight-20260909/specula-engine/runs/temporal-update-20260909-restart-1600/temporal-update/.specula-output/confirmation/CR-1/worktree/common/tasks/fifo_scheduler.go:89"}
2026-09-09T20:29:03.945Z	info	execution queue scheduler stopped	{"service": "history", "logging-call-at": "/home/ubuntu/temporal-investigation-20260909/overnight-20260909/specula-engine/runs/temporal-update-20260909-restart-1600/temporal-update/.specula-output/confirmation/CR-1/worktree/common/tasks/execution_queue_scheduler.go:109"}
2026-09-09T20:29:03.945Z	info	interleaved weighted round robin task scheduler stopped	{"service": "history", "logging-call-at": "/home/ubuntu/temporal-investigation-20260909/overnight-20260909/specula-engine/runs/temporal-update-20260909-restart-1600/temporal-update/.specula-output/confirmation/CR-1/worktree/common/tasks/interleaved_weighted_round_robin.go:137"}
2026-09-09T20:29:03.945Z	info	Update worker pool size	{"component": "memory-scheduled-queue-processor", "key": "worker-pool-size", "service": "history", "value": 0, "logging-call-at": "/home/ubuntu/temporal-investigation-20260909/overnight-20260909/specula-engine/runs/temporal-update-20260909-restart-1600/temporal-update/.specula-output/confirmation/CR-1/worktree/common/tasks/fifo_scheduler.go:138"}
2026-09-09T20:29:03.945Z	info	fifo scheduler stopped	{"component": "memory-scheduled-queue-processor", "service": "history", "logging-call-at": "/home/ubuntu/temporal-investigation-20260909/overnight-20260909/specula-engine/runs/temporal-update-20260909-restart-1600/temporal-update/.specula-output/confirmation/CR-1/worktree/common/tasks/fifo_scheduler.go:89"}
2026-09-09T20:29:03.945Z	debug	GroupByScheduler shutdown complete	{"service": "history", "logging-call-at": "/home/ubuntu/temporal-investigation-20260909/overnight-20260909/specula-engine/runs/temporal-update-20260909-restart-1600/temporal-update/.specula-output/confirmation/CR-1/worktree/common/tasks/group_by_scheduler.go:62"}
2026-09-09T20:29:03.945Z	info	Update worker pool size	{"key": "worker-pool-size", "service": "history", "value": 0, "logging-call-at": "/home/ubuntu/temporal-investigation-20260909/overnight-20260909/specula-engine/runs/temporal-update-20260909-restart-1600/temporal-update/.specula-output/confirmation/CR-1/worktree/common/tasks/fifo_scheduler.go:138"}
2026-09-09T20:29:03.945Z	info	fifo scheduler stopped	{"service": "history", "logging-call-at": "/home/ubuntu/temporal-investigation-20260909/overnight-20260909/specula-engine/runs/temporal-update-20260909-restart-1600/temporal-update/.specula-output/confirmation/CR-1/worktree/common/tasks/fifo_scheduler.go:89"}
2026-09-09T20:29:03.945Z	info	execution queue scheduler stopped	{"service": "history", "logging-call-at": "/home/ubuntu/temporal-investigation-20260909/overnight-20260909/specula-engine/runs/temporal-update-20260909-restart-1600/temporal-update/.specula-output/confirmation/CR-1/worktree/common/tasks/execution_queue_scheduler.go:109"}
2026-09-09T20:29:03.945Z	info	interleaved weighted round robin task scheduler stopped	{"service": "history", "logging-call-at": "/home/ubuntu/temporal-investigation-20260909/overnight-20260909/specula-engine/runs/temporal-update-20260909-restart-1600/temporal-update/.specula-output/confirmation/CR-1/worktree/common/tasks/interleaved_weighted_round_robin.go:137"}
2026-09-09T20:29:03.945Z	info	Update worker pool size	{"key": "worker-pool-size", "value": 0, "logging-call-at": "/home/ubuntu/temporal-investigation-20260909/overnight-20260909/specula-engine/runs/temporal-update-20260909-restart-1600/temporal-update/.specula-output/confirmation/CR-1/worktree/common/tasks/sequential_scheduler.go:228"}
2026-09-09T20:29:03.945Z	info	sequential scheduler stopped	{"logging-call-at": "/home/ubuntu/temporal-investigation-20260909/overnight-20260909/specula-engine/runs/temporal-update-20260909-restart-1600/temporal-update/.specula-output/confirmation/CR-1/worktree/common/tasks/sequential_scheduler.go:104"}
2026-09-09T20:29:03.945Z	info	interleaved weighted round robin task scheduler stopped	{"logging-call-at": "/home/ubuntu/temporal-investigation-20260909/overnight-20260909/specula-engine/runs/temporal-update-20260909-restart-1600/temporal-update/.specula-output/confirmation/CR-1/worktree/common/tasks/interleaved_weighted_round_robin.go:137"}
2026-09-09T20:29:03.945Z	info	Update worker pool size	{"key": "worker-pool-size", "value": 0, "logging-call-at": "/home/ubuntu/temporal-investigation-20260909/overnight-20260909/specula-engine/runs/temporal-update-20260909-restart-1600/temporal-update/.specula-output/confirmation/CR-1/worktree/common/tasks/sequential_scheduler.go:228"}
2026-09-09T20:29:03.945Z	info	sequential scheduler stopped	{"logging-call-at": "/home/ubuntu/temporal-investigation-20260909/overnight-20260909/specula-engine/runs/temporal-update-20260909-restart-1600/temporal-update/.specula-output/confirmation/CR-1/worktree/common/tasks/sequential_scheduler.go:104"}
2026-09-09T20:29:03.945Z	info	interleaved weighted round robin task scheduler stopped	{"logging-call-at": "/home/ubuntu/temporal-investigation-20260909/overnight-20260909/specula-engine/runs/temporal-update-20260909-restart-1600/temporal-update/.specula-output/confirmation/CR-1/worktree/common/tasks/interleaved_weighted_round_robin.go:137"}
2026-09-09T20:29:03.945Z	info	ShutdownHandler: Evicting self from membership ring immediately	{"service": "matching", "logging-call-at": "/home/ubuntu/temporal-investigation-20260909/overnight-20260909/specula-engine/runs/temporal-update-20260909-restart-1600/temporal-update/.specula-output/confirmation/CR-1/worktree/service/matching/service.go:97"}
2026-09-09T20:29:03.945Z	info	ShutdownHandler: Waiting for others to discover I am unhealthy	{"service": "matching", "logging-call-at": "/home/ubuntu/temporal-investigation-20260909/overnight-20260909/specula-engine/runs/temporal-update-20260909-restart-1600/temporal-update/.specula-output/confirmation/CR-1/worktree/service/matching/service.go:105"}
2026-09-09T20:29:03.946Z	info	Stopped physicalTaskQueueManager	{"backlog": "priority", "cause": "ShuttingDown", "component": "matching-engine", "lifecycle": "Stopped", "wf-namespace": "TestBugCR1OneHostNoncommittedCompletionDoesNotLeakToNextUpdate-67ee15eb-d2f0-48c3-94c8-1b3ff6058258", "wf-task-queue-name": "/_sys/TestBugCR1OneHostNoncommittedCompletionDoesNotLeakToNextUpdate_task_queue/1", "wf-task-queue-type": "Workflow", "worker-version": "_unversioned_", "logging-call-at": "/home/ubuntu/temporal-investigation-20260909/overnight-20260909/specula-engine/runs/temporal-update-20260909-restart-1600/temporal-update/.specula-output/confirmation/CR-1/worktree/service/matching/physical_task_queue_manager.go:341"}
2026-09-09T20:29:03.946Z	debug	returning empty user data (expired)	{"component": "matching-engine", "request-known-version": 0, "user-data-version": 0, "wf-namespace": "TestBugCR1OneHostNoncommittedCompletionDoesNotLeakToNextUpdate-67ee15eb-d2f0-48c3-94c8-1b3ff6058258", "wf-task-queue-name": "TestBugCR1OneHostNoncommittedCompletionDoesNotLeakToNextUpdate_task_queue", "wf-task-queue-type": "Workflow", "logging-call-at": "/home/ubuntu/temporal-investigation-20260909/overnight-20260909/specula-engine/runs/temporal-update-20260909-restart-1600/temporal-update/.specula-output/confirmation/CR-1/worktree/service/matching/user_data_manager.go:651"}
2026-09-09T20:29:03.946Z	info	Stopped physicalTaskQueueManager	{"backlog": "priority", "cause": "ShuttingDown", "component": "matching-engine", "lifecycle": "Stopped", "wf-namespace": "TestBugCR1OneHostNoncommittedCompletionDoesNotLeakToNextUpdate-67ee15eb-d2f0-48c3-94c8-1b3ff6058258", "wf-task-queue-name": "TestBugCR1OneHostNoncommittedCompletionDoesNotLeakToNextUpdate_task_queue", "wf-task-queue-type": "Workflow", "worker-version": "_unversioned_", "logging-call-at": "/home/ubuntu/temporal-investigation-20260909/overnight-20260909/specula-engine/runs/temporal-update-20260909-restart-1600/temporal-update/.specula-output/confirmation/CR-1/worktree/service/matching/physical_task_queue_manager.go:341"}
2026-09-09T20:29:03.946Z	debug	user data changed while blocked in long poll	{"component": "matching-engine", "wf-namespace": "TestBugCR1OneHostNoncommittedCompletionDoesNotLeakToNextUpdate-67ee15eb-d2f0-48c3-94c8-1b3ff6058258", "wf-task-queue-name": "TestBugCR1OneHostNoncommittedCompletionDoesNotLeakToNextUpdate_task_queue", "wf-task-queue-type": "Workflow", "logging-call-at": "/home/ubuntu/temporal-investigation-20260909/overnight-20260909/specula-engine/runs/temporal-update-20260909-restart-1600/temporal-update/.specula-output/confirmation/CR-1/worktree/service/matching/user_data_manager.go:657"}
2026-09-09T20:29:03.946Z	debug	user data changed while blocked in long poll	{"component": "matching-engine", "wf-namespace": "TestBugCR1OneHostNoncommittedCompletionDoesNotLeakToNextUpdate-67ee15eb-d2f0-48c3-94c8-1b3ff6058258", "wf-task-queue-name": "TestBugCR1OneHostNoncommittedCompletionDoesNotLeakToNextUpdate_task_queue", "wf-task-queue-type": "Workflow", "logging-call-at": "/home/ubuntu/temporal-investigation-20260909/overnight-20260909/specula-engine/runs/temporal-update-20260909-restart-1600/temporal-update/.specula-output/confirmation/CR-1/worktree/service/matching/user_data_manager.go:657"}
2026-09-09T20:29:03.946Z	debug	returning empty user data (closing)	{"component": "matching-engine", "long-poll": true, "wf-namespace": "TestBugCR1OneHostNoncommittedCompletionDoesNotLeakToNextUpdate-67ee15eb-d2f0-48c3-94c8-1b3ff6058258", "wf-task-queue-name": "TestBugCR1OneHostNoncommittedCompletionDoesNotLeakToNextUpdate_task_queue", "wf-task-queue-type": "Workflow", "logging-call-at": "/home/ubuntu/temporal-investigation-20260909/overnight-20260909/specula-engine/runs/temporal-update-20260909-restart-1600/temporal-update/.specula-output/confirmation/CR-1/worktree/service/matching/user_data_manager.go:601"}
2026-09-09T20:29:03.946Z	debug	returning empty user data (closing)	{"component": "matching-engine", "long-poll": true, "wf-namespace": "TestBugCR1OneHostNoncommittedCompletionDoesNotLeakToNextUpdate-67ee15eb-d2f0-48c3-94c8-1b3ff6058258", "wf-task-queue-name": "TestBugCR1OneHostNoncommittedCompletionDoesNotLeakToNextUpdate_task_queue", "wf-task-queue-type": "Workflow", "logging-call-at": "/home/ubuntu/temporal-investigation-20260909/overnight-20260909/specula-engine/runs/temporal-update-20260909-restart-1600/temporal-update/.specula-output/confirmation/CR-1/worktree/service/matching/user_data_manager.go:601"}
2026-09-09T20:29:03.946Z	info	Stopped physicalTaskQueueManager	{"backlog": "priority", "cause": "ShuttingDown", "component": "matching-engine", "lifecycle": "Stopped", "wf-namespace": "TestBugCR1OneHostNoncommittedCompletionDoesNotLeakToNextUpdate-67ee15eb-d2f0-48c3-94c8-1b3ff6058258", "wf-task-queue-name": "/_sys/TestBugCR1OneHostNoncommittedCompletionDoesNotLeakToNextUpdate_task_queue/3", "wf-task-queue-type": "Workflow", "worker-version": "_unversioned_", "logging-call-at": "/home/ubuntu/temporal-investigation-20260909/overnight-20260909/specula-engine/runs/temporal-update-20260909-restart-1600/temporal-update/.specula-output/confirmation/CR-1/worktree/service/matching/physical_task_queue_manager.go:341"}
2026-09-09T20:29:03.946Z	debug	fetched user data from parent, no change	{"component": "matching-engine", "wf-namespace": "TestBugCR1OneHostNoncommittedCompletionDoesNotLeakToNextUpdate-67ee15eb-d2f0-48c3-94c8-1b3ff6058258", "wf-task-queue-name": "/_sys/TestBugCR1OneHostNoncommittedCompletionDoesNotLeakToNextUpdate_task_queue/2", "wf-task-queue-type": "Workflow", "logging-call-at": "/home/ubuntu/temporal-investigation-20260909/overnight-20260909/specula-engine/runs/temporal-update-20260909-restart-1600/temporal-update/.specula-output/confirmation/CR-1/worktree/service/matching/user_data_manager.go:351"}
2026-09-09T20:29:03.946Z	info	Stopped physicalTaskQueueManager	{"backlog": "priority", "cause": "ShuttingDown", "component": "matching-engine", "lifecycle": "Stopped", "wf-namespace": "TestBugCR1OneHostNoncommittedCompletionDoesNotLeakToNextUpdate-67ee15eb-d2f0-48c3-94c8-1b3ff6058258", "wf-task-queue-name": "/_sys/TestBugCR1OneHostNoncommittedCompletionDoesNotLeakToNextUpdate_task_queue/2", "wf-task-queue-type": "Workflow", "worker-version": "_unversioned_", "logging-call-at": "/home/ubuntu/temporal-investigation-20260909/overnight-20260909/specula-engine/runs/temporal-update-20260909-restart-1600/temporal-update/.specula-output/confirmation/CR-1/worktree/service/matching/physical_task_queue_manager.go:341"}
2026-09-09T20:29:03.946Z	debug	returning empty user data (closing)	{"component": "matching-engine", "long-poll": true, "wf-namespace": "TestBugCR1OneHostNoncommittedCompletionDoesNotLeakToNextUpdate-67ee15eb-d2f0-48c3-94c8-1b3ff6058258", "wf-task-queue-name": "TestBugCR1OneHostNoncommittedCompletionDoesNotLeakToNextUpdate_task_queue", "wf-task-queue-type": "Workflow", "logging-call-at": "/home/ubuntu/temporal-investigation-20260909/overnight-20260909/specula-engine/runs/temporal-update-20260909-restart-1600/temporal-update/.specula-output/confirmation/CR-1/worktree/service/matching/user_data_manager.go:601"}
2026-09-09T20:29:03.946Z	info	matching stopped	{"service": "matching", "logging-call-at": "/home/ubuntu/temporal-investigation-20260909/overnight-20260909/specula-engine/runs/temporal-update-20260909-restart-1600/temporal-update/.specula-output/confirmation/CR-1/worktree/service/matching/service.go:124"}
2026-09-09T20:29:03.946Z	warn	network dial error	{"address": "127.0.0.1:45221", "connectAddr": "127.0.0.1:45221", "connectDuration": 0.000086652, "connectErr": "dial tcp 127.0.0.1:45221: connect: connection refused", "error": "dial tcp 127.0.0.1:45221: connect: connection refused", "error-type": "net.OpError", "service": "client", "totalDuration": 0.000091199, "logging-call-at": "/home/ubuntu/temporal-investigation-20260909/overnight-20260909/specula-engine/runs/temporal-update-20260909-restart-1600/temporal-update/.specula-output/confirmation/CR-1/worktree/common/rpc/dial_tracer.go:73"}
2026-09-09T20:29:03.946Z	info	RuntimeMetricsReporter stopped	{"service": "matching", "logging-call-at": "/home/ubuntu/temporal-investigation-20260909/overnight-20260909/specula-engine/runs/temporal-update-20260909-restart-1600/temporal-update/.specula-output/confirmation/CR-1/worktree/common/metrics/runtime.go:127"}
2026-09-09T20:29:03.954Z	info	dropped database	{"database": "test_c6891b956cf24893ba4ba8b3", "logging-call-at": "/home/ubuntu/temporal-investigation-20260909/overnight-20260909/specula-engine/runs/temporal-update-20260909-restart-1600/temporal-update/.specula-output/confirmation/CR-1/worktree/common/persistence/sql/test_sql_persistence.go:156"}
--- PASS: TestBugCR1OneHostNoncommittedCompletionDoesNotLeakToNextUpdate (0.12s)
PASS
ok  	go.temporal.io/server/cr1repro	0.260s
