=== RUN   TestWorkflowResetTestSuite
=== PAUSE TestWorkflowResetTestSuite
=== CONT  TestWorkflowResetTestSuite
=== RUN   TestWorkflowResetTestSuite/TestValidationScannerAge
=== PAUSE TestWorkflowResetTestSuite/TestValidationScannerAge
=== CONT  TestWorkflowResetTestSuite/TestValidationScannerAge
2026-09-10T01:19:38.353Z	info	created database	{"database": "test_fe8ba94069574bfbb4c2b8b0", "logging-call-at": "/home/ubuntu/temporal-investigation-20260909/restart-20260909-1600/source-reset/common/persistence/sql/test_sql_persistence.go:125"}
2026-09-10T01:19:38.353Z	info	No schema directory provided, skipping schema setup	{"logging-call-at": "/home/ubuntu/temporal-investigation-20260909/restart-20260909-1600/source-reset/common/persistence/sql/test_sql_persistence.go:79"}
2026-09-10T01:19:38.354Z	info	Use rpc address 127.0.0.1:7134 for cluster active.	{"component": "metadata-initializer", "logging-call-at": "/home/ubuntu/temporal-investigation-20260909/restart-20260909-1600/source-reset/temporal/cluster_metadata_loader.go:68"}
2026-09-10T01:19:38.354Z	info	PProf listen on 	{"host": "localhost", "port": 7000, "logging-call-at": "/home/ubuntu/temporal-investigation-20260909/restart-20260909-1600/source-reset/common/pprof/pprof.go:58"}
2026-09-10T01:19:38.355Z	info	Use rpc address 127.0.0.1:7134 for cluster active.	{"component": "metadata-initializer", "logging-call-at": "/home/ubuntu/temporal-investigation-20260909/restart-20260909-1600/source-reset/temporal/cluster_metadata_loader.go:68"}
2026-09-10T01:19:38.361Z	info	Quota changed	{"component": "persistence", "current-quota": null, "new-quota": 9000, "scope": "host", "service": "history", "logging-call-at": "/home/ubuntu/temporal-investigation-20260909/restart-20260909-1600/source-reset/common/quotas/calculator/logged_calculator.go:100"}
2026-09-10T01:19:38.361Z	debug	RPC factory created. enableServerKeepalive: false, enableClientKeepalive: false	{"logging-call-at": "/home/ubuntu/temporal-investigation-20260909/restart-20260909-1600/source-reset/common/resource/fx.go:470"}
2026-09-10T01:19:38.361Z	info	historyClient: ownership caching disabled	{"service": "history", "logging-call-at": "/home/ubuntu/temporal-investigation-20260909/restart-20260909-1600/source-reset/client/history/client.go:70"}
2026-09-10T01:19:38.363Z	info	creating new visibility manager	{"visibility_plugin_name": "sqlite", "visibility_index_name": "test_fe8ba94069574bfbb4c2b8b0", "logging-call-at": "/home/ubuntu/temporal-investigation-20260909/restart-20260909-1600/source-reset/common/persistence/visibility/factory.go:145"}
2026-09-10T01:19:38.363Z	info	Quota changed	{"component": "task-scheduler", "current-quota": null, "new-quota": 0, "scope": "host", "service": "history", "logging-call-at": "/home/ubuntu/temporal-investigation-20260909/restart-20260909-1600/source-reset/common/quotas/calculator/logged_calculator.go:100"}
2026-09-10T01:19:38.365Z	info	Warning: CHASM component scheduler.scheduler declares state fields that won't be managed by CHASM:
	cacheConflictToken int64
	compiledSpec *scheduler.CompiledSpec	{"logging-call-at": "/home/ubuntu/temporal-investigation-20260909/restart-20260909-1600/source-reset/chasm/registry.go:361"}
2026-09-10T01:19:38.367Z	info	Initialized lazy loaded OwnershipBasedQuotaScaler	{"service": "history", "logging-call-at": "/home/ubuntu/temporal-investigation-20260909/restart-20260909-1600/source-reset/service/history/shard/fx.go:71"}
2026-09-10T01:19:38.367Z	info	Initialized service resolver for persistence rate limiting	{"service": "history", "logging-call-at": "/home/ubuntu/temporal-investigation-20260909/restart-20260909-1600/source-reset/service/fx.go:76"}
2026-09-10T01:19:38.367Z	info	Created gRPC listener	{"service": "history", "address": "127.0.0.1:34651", "logging-call-at": "/home/ubuntu/temporal-investigation-20260909/restart-20260909-1600/source-reset/common/rpc/rpc.go:209"}
2026-09-10T01:19:38.370Z	info	Quota changed	{"component": "persistence", "current-quota": null, "new-quota": 3000, "scope": "host", "service": "matching", "logging-call-at": "/home/ubuntu/temporal-investigation-20260909/restart-20260909-1600/source-reset/common/quotas/calculator/logged_calculator.go:100"}
2026-09-10T01:19:38.370Z	info	Initialized service resolver for persistence rate limiting	{"service": "matching", "logging-call-at": "/home/ubuntu/temporal-investigation-20260909/restart-20260909-1600/source-reset/service/fx.go:76"}
2026-09-10T01:19:38.370Z	debug	RPC factory created. enableServerKeepalive: false, enableClientKeepalive: false	{"logging-call-at": "/home/ubuntu/temporal-investigation-20260909/restart-20260909-1600/source-reset/common/resource/fx.go:470"}
2026-09-10T01:19:38.370Z	info	Created gRPC listener	{"service": "matching", "address": "127.0.0.1:46495", "logging-call-at": "/home/ubuntu/temporal-investigation-20260909/restart-20260909-1600/source-reset/common/rpc/rpc.go:209"}
2026-09-10T01:19:38.370Z	info	historyClient: ownership caching disabled	{"service": "matching", "logging-call-at": "/home/ubuntu/temporal-investigation-20260909/restart-20260909-1600/source-reset/client/history/client.go:70"}
2026-09-10T01:19:38.371Z	info	creating new visibility manager	{"visibility_plugin_name": "sqlite", "visibility_index_name": "test_fe8ba94069574bfbb4c2b8b0", "logging-call-at": "/home/ubuntu/temporal-investigation-20260909/restart-20260909-1600/source-reset/common/persistence/visibility/factory.go:145"}
2026-09-10T01:19:38.375Z	debug	RPC factory created. enableServerKeepalive: false, enableClientKeepalive: false	{"logging-call-at": "/home/ubuntu/temporal-investigation-20260909/restart-20260909-1600/source-reset/common/resource/fx.go:470"}
2026-09-10T01:19:38.375Z	info	Quota changed	{"component": "persistence", "current-quota": null, "new-quota": 2000, "scope": "host", "service": "frontend", "logging-call-at": "/home/ubuntu/temporal-investigation-20260909/restart-20260909-1600/source-reset/common/quotas/calculator/logged_calculator.go:100"}
2026-09-10T01:19:38.375Z	info	historyClient: ownership caching disabled	{"service": "frontend", "logging-call-at": "/home/ubuntu/temporal-investigation-20260909/restart-20260909-1600/source-reset/client/history/client.go:70"}
2026-09-10T01:19:38.376Z	info	Warning: CHASM component scheduler.scheduler declares state fields that won't be managed by CHASM:
	cacheConflictToken int64
	compiledSpec *scheduler.CompiledSpec	{"logging-call-at": "/home/ubuntu/temporal-investigation-20260909/restart-20260909-1600/source-reset/chasm/registry.go:361"}
2026-09-10T01:19:38.376Z	info	creating new visibility manager	{"visibility_plugin_name": "sqlite", "visibility_index_name": "test_fe8ba94069574bfbb4c2b8b0", "logging-call-at": "/home/ubuntu/temporal-investigation-20260909/restart-20260909-1600/source-reset/common/persistence/visibility/factory.go:145"}
2026-09-10T01:19:38.377Z	info	Initialized service resolver for persistence rate limiting	{"service": "frontend", "logging-call-at": "/home/ubuntu/temporal-investigation-20260909/restart-20260909-1600/source-reset/service/fx.go:76"}
2026-09-10T01:19:38.377Z	info	Quota changed	{"component": "rpc-handler", "current-quota": null, "new-quota": 3000, "scope": "host", "service": "frontend", "logging-call-at": "/home/ubuntu/temporal-investigation-20260909/restart-20260909-1600/source-reset/common/quotas/calculator/logged_calculator.go:100"}
2026-09-10T01:19:38.378Z	info	Created gRPC listener	{"service": "frontend", "address": "127.0.0.1:44151", "logging-call-at": "/home/ubuntu/temporal-investigation-20260909/restart-20260909-1600/source-reset/common/rpc/rpc.go:209"}
2026-09-10T01:19:38.379Z	info	Service is not requested, skipping initialization.	{"service": "internal-frontend", "logging-call-at": "/home/ubuntu/temporal-investigation-20260909/restart-20260909-1600/source-reset/temporal/fx.go:590"}
2026-09-10T01:19:38.379Z	info	Service is not requested, skipping initialization.	{"service": "worker", "logging-call-at": "/home/ubuntu/temporal-investigation-20260909/restart-20260909-1600/source-reset/temporal/fx.go:628"}
2026-09-10T01:19:38.380Z	info	PProf not started due to port not set	{"logging-call-at": "/home/ubuntu/temporal-investigation-20260909/restart-20260909-1600/source-reset/common/pprof/pprof.go:44"}
2026-09-10T01:19:38.380Z	info	Starting server for services	{"value": {"frontend":{},"history":{},"matching":{}}, "logging-call-at": "/home/ubuntu/temporal-investigation-20260909/restart-20260909-1600/source-reset/temporal/server_impl.go:89"}
2026-09-10T01:19:38.381Z	debug	archival:
    history:
        enableRead: false
        provider: null
        state: ""
    visibility:
        enableRead: false
        provider: null
        state: ""
clusterMetadata:
    clusterInformation:
        active:
            enabled: true
            httpAddress: 127.0.0.1:7144
            initialFailoverVersion: 1
            rpcAddress: 127.0.0.1:7134
    currentClusterName: active
    enableGlobalNamespace: false
    failoverVersionIncrement: 10
    masterClusterName: active
    tags: {}
dcRedirectionPolicy:
    policy: ""
dynamicConfigClient: null
global:
    authorization:
        audience: ""
        authExtraHeaderName: ""
        authHeaderName: ""
        authorizer: ""
        claimMapper: ""
        jwtKeyProvider:
            keySourceURIs: []
            refreshInterval: 0s
        permissionsClaimName: ""
        permissionsRegex: ""
        remoteClusterAuth:
            require: false
    membership:
        broadcastAddress: ""
        maxJoinDuration: 1s
    metrics: null
    pprof:
        host: ""
        port: 0
    tls:
        expirationChecks:
            checkInterval: 0s
            errorWindow: 0s
            warningWindow: 0s
        frontend:
            client:
                disableHostVerification: false
                forceTLS: false
                rootCaData: []
                rootCaFiles: []
                serverName: ""
            hostOverrides: {}
            server:
                certData: ""
                certFile: ""
                clientCaData: []
                clientCaFiles: []
                keyData: '******'
                keyFile: ""
                requireClientAuth: false
        internode:
            client:
                disableHostVerification: false
                forceTLS: false
                rootCaData: []
                rootCaFiles: []
                serverName: ""
            hostOverrides: {}
            server:
                certData: ""
                certFile: ""
                clientCaData: []
                clientCaFiles: []
                keyData: '******'
                keyFile: ""
                requireClientAuth: false
        refreshInterval: 0s
        remoteClusters: {}
        systemWorker:
            certData: ""
            certFile: ""
            client:
                disableHostVerification: false
                forceTLS: false
                rootCaData: []
                rootCaFiles: []
                serverName: ""
            keyData: '******'
            keyFile: ""
log:
    development: false
    format: ""
    level: ""
    outputFile: ""
    stdout: false
namespaceDefaults:
    archival:
        history:
            URI: ""
            state: ""
        visibility:
            URI: ""
            state: ""
otel: {}
persistence:
    datastores:
        test:
            cassandra: null
            customDatastore: null
            elasticsearch: null
            faultInjection: null
            sql:
                connectAddr: 127.0.0.1:0
                connectAttributes:
                    cache: private
                    mode: memory
                connectProtocol: tcp
                databaseName: test_fe8ba94069574bfbb4c2b8b0
                maxConnLifetime: 0s
                maxConns: 0
                maxIdleConns: 0
                password: '******'
                passwordCommand: null
                pluginName: sqlite
                taskScanPartitions: 4
                tls: null
                user: ""
    defaultStore: test
    numHistoryShards: 1
    secondaryVisibilityStore: ""
    visibilityStore: test
publicClient:
    forceTLSConfig: ""
    hostPort: ""
    httpHostPort: ""
services:
    frontend:
        rpc:
            bindOnIP: 127.0.0.1
            bindOnLocalHost: false
            clientConnectionConfig:
                keepAliveClientParameters: null
            grpcPort: 44151
            httpAdditionalForwardedHeaders:
                - this-header-forwarded
                - this-header-prefix-forwarded-*
            httpPort: 42965
            keepAliveServerConfig:
                keepAliveEnforcementPolicy: null
                keepAliveServerParameters: null
            membershipPort: 0
    history:
        rpc:
            bindOnIP: 127.0.0.1
            bindOnLocalHost: false
            clientConnectionConfig:
                keepAliveClientParameters: null
            grpcPort: 34651
            httpAdditionalForwardedHeaders: []
            httpPort: 0
            keepAliveServerConfig:
                keepAliveEnforcementPolicy: null
                keepAliveServerParameters: null
            membershipPort: 0
    matching:
        rpc:
            bindOnIP: 127.0.0.1
            bindOnLocalHost: false
            clientConnectionConfig:
                keepAliveClientParameters: null
            grpcPort: 46495
            httpAdditionalForwardedHeaders: []
            httpPort: 0
            keepAliveServerConfig:
                keepAliveEnforcementPolicy: null
                keepAliveServerParameters: null
            membershipPort: 0
visibility:
    persistenceCustomSearchAttributes: {}
	{"logging-call-at": "/home/ubuntu/temporal-investigation-20260909/restart-20260909-1600/source-reset/temporal/server_impl.go:90"}
2026-09-10T01:19:38.381Z	info	Watch not supported by persistence, namespace registry will use polling	{"service": "matching", "logging-call-at": "/home/ubuntu/temporal-investigation-20260909/restart-20260909-1600/source-reset/common/namespace/nsregistry/registry.go:234"}
2026-09-10T01:19:38.382Z	info	RuntimeMetricsReporter started	{"service": "matching", "logging-call-at": "/home/ubuntu/temporal-investigation-20260909/restart-20260909-1600/source-reset/common/metrics/runtime.go:121"}
2026-09-10T01:19:38.382Z	info	matching starting	{"service": "matching", "logging-call-at": "/home/ubuntu/temporal-investigation-20260909/restart-20260909-1600/source-reset/service/matching/service.go:63"}
2026-09-10T01:19:38.382Z	info	Update worker pool size	{"key": "worker-pool-size", "value": 64, "logging-call-at": "/home/ubuntu/temporal-investigation-20260909/restart-20260909-1600/source-reset/common/tasks/sequential_scheduler.go:228"}
2026-09-10T01:19:38.382Z	info	sequential scheduler started	{"logging-call-at": "/home/ubuntu/temporal-investigation-20260909/restart-20260909-1600/source-reset/common/tasks/sequential_scheduler.go:81"}
2026-09-10T01:19:38.382Z	info	interleaved weighted round robin task scheduler started	{"logging-call-at": "/home/ubuntu/temporal-investigation-20260909/restart-20260909-1600/source-reset/common/tasks/interleaved_weighted_round_robin.go:116"}
2026-09-10T01:19:38.382Z	info	Starting to serve on matching listener	{"service": "matching", "logging-call-at": "/home/ubuntu/temporal-investigation-20260909/restart-20260909-1600/source-reset/service/matching/service.go:77"}
2026-09-10T01:19:38.382Z	info	Update worker pool size	{"key": "worker-pool-size", "value": 64, "logging-call-at": "/home/ubuntu/temporal-investigation-20260909/restart-20260909-1600/source-reset/common/tasks/sequential_scheduler.go:228"}
2026-09-10T01:19:38.382Z	info	sequential scheduler started	{"logging-call-at": "/home/ubuntu/temporal-investigation-20260909/restart-20260909-1600/source-reset/common/tasks/sequential_scheduler.go:81"}
2026-09-10T01:19:38.382Z	info	interleaved weighted round robin task scheduler started	{"logging-call-at": "/home/ubuntu/temporal-investigation-20260909/restart-20260909-1600/source-reset/common/tasks/interleaved_weighted_round_robin.go:116"}
2026-09-10T01:19:38.382Z	info	Update worker pool size	{"key": "worker-pool-size", "service": "history", "value": 64, "logging-call-at": "/home/ubuntu/temporal-investigation-20260909/restart-20260909-1600/source-reset/common/tasks/fifo_scheduler.go:138"}
2026-09-10T01:19:38.382Z	info	fifo scheduler started	{"service": "history", "logging-call-at": "/home/ubuntu/temporal-investigation-20260909/restart-20260909-1600/source-reset/common/tasks/fifo_scheduler.go:68"}
2026-09-10T01:19:38.382Z	info	execution queue scheduler started	{"service": "history", "logging-call-at": "/home/ubuntu/temporal-investigation-20260909/restart-20260909-1600/source-reset/common/tasks/execution_queue_scheduler.go:93"}
2026-09-10T01:19:38.382Z	info	interleaved weighted round robin task scheduler started	{"service": "history", "logging-call-at": "/home/ubuntu/temporal-investigation-20260909/restart-20260909-1600/source-reset/common/tasks/interleaved_weighted_round_robin.go:116"}
2026-09-10T01:19:38.383Z	info	Update worker pool size	{"key": "worker-pool-size", "service": "history", "value": 64, "logging-call-at": "/home/ubuntu/temporal-investigation-20260909/restart-20260909-1600/source-reset/common/tasks/fifo_scheduler.go:138"}
2026-09-10T01:19:38.383Z	info	fifo scheduler started	{"service": "history", "logging-call-at": "/home/ubuntu/temporal-investigation-20260909/restart-20260909-1600/source-reset/common/tasks/fifo_scheduler.go:68"}
2026-09-10T01:19:38.383Z	info	execution queue scheduler started	{"service": "history", "logging-call-at": "/home/ubuntu/temporal-investigation-20260909/restart-20260909-1600/source-reset/common/tasks/execution_queue_scheduler.go:93"}
2026-09-10T01:19:38.383Z	info	interleaved weighted round robin task scheduler started	{"service": "history", "logging-call-at": "/home/ubuntu/temporal-investigation-20260909/restart-20260909-1600/source-reset/common/tasks/interleaved_weighted_round_robin.go:116"}
2026-09-10T01:19:38.384Z	info	Update worker pool size	{"component": "memory-scheduled-queue-processor", "key": "worker-pool-size", "service": "history", "value": 64, "logging-call-at": "/home/ubuntu/temporal-investigation-20260909/restart-20260909-1600/source-reset/common/tasks/fifo_scheduler.go:138"}
2026-09-10T01:19:38.385Z	info	fifo scheduler started	{"component": "memory-scheduled-queue-processor", "service": "history", "logging-call-at": "/home/ubuntu/temporal-investigation-20260909/restart-20260909-1600/source-reset/common/tasks/fifo_scheduler.go:68"}
2026-09-10T01:19:38.385Z	info	Update worker pool size	{"key": "worker-pool-size", "service": "history", "value": 64, "logging-call-at": "/home/ubuntu/temporal-investigation-20260909/restart-20260909-1600/source-reset/common/tasks/fifo_scheduler.go:138"}
2026-09-10T01:19:38.385Z	info	fifo scheduler started	{"service": "history", "logging-call-at": "/home/ubuntu/temporal-investigation-20260909/restart-20260909-1600/source-reset/common/tasks/fifo_scheduler.go:68"}
2026-09-10T01:19:38.385Z	info	execution queue scheduler started	{"service": "history", "logging-call-at": "/home/ubuntu/temporal-investigation-20260909/restart-20260909-1600/source-reset/common/tasks/execution_queue_scheduler.go:93"}
2026-09-10T01:19:38.385Z	info	interleaved weighted round robin task scheduler started	{"service": "history", "logging-call-at": "/home/ubuntu/temporal-investigation-20260909/restart-20260909-1600/source-reset/common/tasks/interleaved_weighted_round_robin.go:116"}
2026-09-10T01:19:38.386Z	info	Watch not supported by persistence, namespace registry will use polling	{"service": "history", "logging-call-at": "/home/ubuntu/temporal-investigation-20260909/restart-20260909-1600/source-reset/common/namespace/nsregistry/registry.go:234"}
2026-09-10T01:19:38.386Z	info	ContextMetadataInterceptor: No metadata in context, not setting trailer	{"fullMethod": "/temporal.server.api.matchingservice.v1.MatchingService/ListNexusEndpoints", "logging-call-at": "/home/ubuntu/temporal-investigation-20260909/restart-20260909-1600/source-reset/common/log/throttle_logger.go:44"}
2026-09-10T01:19:38.387Z	info	RuntimeMetricsReporter started	{"service": "history", "logging-call-at": "/home/ubuntu/temporal-investigation-20260909/restart-20260909-1600/source-reset/common/metrics/runtime.go:121"}
2026-09-10T01:19:38.387Z	info	history starting	{"logging-call-at": "/home/ubuntu/temporal-investigation-20260909/restart-20260909-1600/source-reset/service/history/service.go:69"}
2026-09-10T01:19:38.387Z	info	Replication task fetchers started.	{"logging-call-at": "/home/ubuntu/temporal-investigation-20260909/restart-20260909-1600/source-reset/service/history/replication/task_fetcher.go:117"}
2026-09-10T01:19:38.387Z	info	StreamReceiverMonitor started.	{"logging-call-at": "/home/ubuntu/temporal-investigation-20260909/restart-20260909-1600/source-reset/service/history/replication/stream_receiver_monitor.go:87"}
2026-09-10T01:19:38.387Z	info	none	{"address": "127.0.0.1:34651", "component": "shard-controller", "lifecycle": "Started", "logging-call-at": "/home/ubuntu/temporal-investigation-20260909/restart-20260909-1600/source-reset/service/history/shard/controller_impl.go:112"}
2026-09-10T01:19:38.387Z	info	TrailerToContextMetadataInterceptor: No metadata in trailer	{"contextWrapped": false, "method": "/temporal.server.api.matchingservice.v1.MatchingService/ListNexusEndpoints", "service": "history", "logging-call-at": "/home/ubuntu/temporal-investigation-20260909/restart-20260909-1600/source-reset/common/log/throttle_logger.go:44"}
2026-09-10T01:19:38.387Z	info	Starting to serve on history listener	{"logging-call-at": "/home/ubuntu/temporal-investigation-20260909/restart-20260909-1600/source-reset/service/history/service.go:95"}
2026-09-10T01:19:38.387Z	info	none	{"address": "127.0.0.1:34651", "component": "shard-controller", "number-changed": 0, "number-deleted": 0, "number-processed": 1, "shard-update": "RingMembershipChangedEvent", "logging-call-at": "/home/ubuntu/temporal-investigation-20260909/restart-20260909-1600/source-reset/service/history/shard/ownership.go:92"}
2026-09-10T01:19:38.387Z	info	none	{"address": "127.0.0.1:34651", "component": "shard-context", "lifecycle": "Started", "shard-id": 1, "logging-call-at": "/home/ubuntu/temporal-investigation-20260909/restart-20260909-1600/source-reset/service/history/shard/context_impl.go:1764"}
2026-09-10T01:19:38.387Z	info	none	{"address": "127.0.0.1:34651", "component": "shard-controller", "numShards": 1, "logging-call-at": "/home/ubuntu/temporal-investigation-20260909/restart-20260909-1600/source-reset/service/history/shard/controller_impl.go:265"}
2026-09-10T01:19:38.387Z	info	Watch not supported by persistence, namespace registry will use polling	{"service": "frontend", "logging-call-at": "/home/ubuntu/temporal-investigation-20260909/restart-20260909-1600/source-reset/common/namespace/nsregistry/registry.go:234"}
2026-09-10T01:19:38.387Z	info	RuntimeMetricsReporter started	{"service": "frontend", "logging-call-at": "/home/ubuntu/temporal-investigation-20260909/restart-20260909-1600/source-reset/common/metrics/runtime.go:121"}
2026-09-10T01:19:38.387Z	info	frontend starting	{"service": "frontend", "logging-call-at": "/home/ubuntu/temporal-investigation-20260909/restart-20260909-1600/source-reset/service/frontend/service.go:515"}
2026-09-10T01:19:38.387Z	info	Range updated for shardID	{"address": "127.0.0.1:34651", "previous-shard-range-id": 0, "shard-id": 1, "shard-range-id": 1, "logging-call-at": "/home/ubuntu/temporal-investigation-20260909/restart-20260909-1600/source-reset/service/history/shard/context_impl.go:1241"}
2026-09-10T01:19:38.387Z	info	Frontend is now healthy	{"service": "frontend", "logging-call-at": "/home/ubuntu/temporal-investigation-20260909/restart-20260909-1600/source-reset/service/frontend/workflow_handler.go:419"}
2026-09-10T01:19:38.387Z	info	Task key range updated	{"address": "127.0.0.1:34651", "next-number": 2097152, "number": 1048576, "shard-id": 1, "logging-call-at": "/home/ubuntu/temporal-investigation-20260909/restart-20260909-1600/source-reset/service/history/shard/task_key_generator.go:155"}
2026-09-10T01:19:38.387Z	info	Acquired shard	{"address": "127.0.0.1:34651", "shard-id": 1, "logging-call-at": "/home/ubuntu/temporal-investigation-20260909/restart-20260909-1600/source-reset/service/history/shard/context_impl.go:2129"}
2026-09-10T01:19:38.387Z	info	none	{"address": "127.0.0.1:34651", "component": "shard-engine", "lifecycle": "Starting", "shard-id": 1, "logging-call-at": "/home/ubuntu/temporal-investigation-20260909/restart-20260909-1600/source-reset/service/history/shard/context_impl.go:1604"}
2026-09-10T01:19:38.387Z	info	Starting to serve on frontend listener	{"service": "frontend", "logging-call-at": "/home/ubuntu/temporal-investigation-20260909/restart-20260909-1600/source-reset/service/frontend/service.go:533"}
2026-09-10T01:19:38.387Z	info	none	{"address": "127.0.0.1:34651", "component": "history-engine", "lifecycle": "Starting", "shard-id": 1, "logging-call-at": "/home/ubuntu/temporal-investigation-20260909/restart-20260909-1600/source-reset/service/history/history_engine.go:386"}
2026-09-10T01:19:38.388Z	info	none	{"address": "127.0.0.1:34651", "component": "outbound-queue-processor", "lifecycle": "Starting", "shard-id": 1, "logging-call-at": "/home/ubuntu/temporal-investigation-20260909/restart-20260909-1600/source-reset/service/history/queues/queue_immediate.go:96"}
2026-09-10T01:19:38.388Z	info	Task rescheduler started.	{"address": "127.0.0.1:34651", "component": "outbound-queue-processor", "lifecycle": "Started", "shard-id": 1, "logging-call-at": "/home/ubuntu/temporal-investigation-20260909/restart-20260909-1600/source-reset/service/history/queues/rescheduler.go:102"}
2026-09-10T01:19:38.388Z	info	none	{"address": "127.0.0.1:34651", "component": "outbound-queue-processor", "lifecycle": "Started", "shard-id": 1, "logging-call-at": "/home/ubuntu/temporal-investigation-20260909/restart-20260909-1600/source-reset/service/history/queues/queue_immediate.go:105"}
2026-09-10T01:19:38.388Z	info	none	{"address": "127.0.0.1:34651", "component": "visibility-queue-processor", "lifecycle": "Starting", "shard-id": 1, "logging-call-at": "/home/ubuntu/temporal-investigation-20260909/restart-20260909-1600/source-reset/service/history/queues/queue_immediate.go:96"}
2026-09-10T01:19:38.388Z	info	Task rescheduler started.	{"address": "127.0.0.1:34651", "component": "visibility-queue-processor", "lifecycle": "Started", "shard-id": 1, "logging-call-at": "/home/ubuntu/temporal-investigation-20260909/restart-20260909-1600/source-reset/service/history/queues/rescheduler.go:102"}
2026-09-10T01:19:38.388Z	info	none	{"address": "127.0.0.1:34651", "component": "visibility-queue-processor", "lifecycle": "Started", "shard-id": 1, "logging-call-at": "/home/ubuntu/temporal-investigation-20260909/restart-20260909-1600/source-reset/service/history/queues/queue_immediate.go:105"}
2026-09-10T01:19:38.388Z	info	none	{"address": "127.0.0.1:34651", "component": "transfer-queue-processor", "lifecycle": "Starting", "shard-id": 1, "logging-call-at": "/home/ubuntu/temporal-investigation-20260909/restart-20260909-1600/source-reset/service/history/queues/queue_immediate.go:96"}
2026-09-10T01:19:38.388Z	info	Task rescheduler started.	{"address": "127.0.0.1:34651", "component": "transfer-queue-processor", "lifecycle": "Started", "shard-id": 1, "logging-call-at": "/home/ubuntu/temporal-investigation-20260909/restart-20260909-1600/source-reset/service/history/queues/rescheduler.go:102"}
2026-09-10T01:19:38.388Z	info	TrailerToContextMetadataInterceptor: No metadata in trailer	{"contextWrapped": false, "method": "/temporal.server.api.matchingservice.v1.MatchingService/ListNexusEndpoints", "service": "frontend", "logging-call-at": "/home/ubuntu/temporal-investigation-20260909/restart-20260909-1600/source-reset/common/log/throttle_logger.go:44"}
2026-09-10T01:19:38.388Z	info	none	{"address": "127.0.0.1:34651", "component": "transfer-queue-processor", "lifecycle": "Started", "shard-id": 1, "logging-call-at": "/home/ubuntu/temporal-investigation-20260909/restart-20260909-1600/source-reset/service/history/queues/queue_immediate.go:105"}
2026-09-10T01:19:38.388Z	info	none	{"address": "127.0.0.1:34651", "component": "timer-queue-processor", "lifecycle": "Starting", "shard-id": 1, "logging-call-at": "/home/ubuntu/temporal-investigation-20260909/restart-20260909-1600/source-reset/service/history/queues/queue_scheduled.go:130"}
2026-09-10T01:19:38.388Z	info	Task rescheduler started.	{"address": "127.0.0.1:34651", "component": "timer-queue-processor", "lifecycle": "Started", "shard-id": 1, "logging-call-at": "/home/ubuntu/temporal-investigation-20260909/restart-20260909-1600/source-reset/service/history/queues/rescheduler.go:102"}
2026-09-10T01:19:38.388Z	info	queue reader started	{"address": "127.0.0.1:34651", "component": "visibility-queue-processor", "lifecycle": "Started", "queue-reader-id": 0, "shard-id": 1, "logging-call-at": "/home/ubuntu/temporal-investigation-20260909/restart-20260909-1600/source-reset/service/history/queues/reader.go:158"}
2026-09-10T01:19:38.388Z	info	none	{"address": "127.0.0.1:34651", "component": "timer-queue-processor", "lifecycle": "Started", "shard-id": 1, "logging-call-at": "/home/ubuntu/temporal-investigation-20260909/restart-20260909-1600/source-reset/service/history/queues/queue_scheduled.go:139"}
2026-09-10T01:19:38.388Z	info	queue reader started	{"address": "127.0.0.1:34651", "component": "outbound-queue-processor", "lifecycle": "Started", "queue-reader-id": 0, "shard-id": 1, "logging-call-at": "/home/ubuntu/temporal-investigation-20260909/restart-20260909-1600/source-reset/service/history/queues/reader.go:158"}
2026-09-10T01:19:38.388Z	info	none	{"component": "memory-scheduled-queue-processor", "lifecycle": "Starting", "service": "history", "logging-call-at": "/home/ubuntu/temporal-investigation-20260909/restart-20260909-1600/source-reset/service/history/queues/memory_scheduled_queue.go:79"}
2026-09-10T01:19:38.388Z	info	none	{"component": "memory-scheduled-queue-processor", "lifecycle": "Started", "service": "history", "logging-call-at": "/home/ubuntu/temporal-investigation-20260909/restart-20260909-1600/source-reset/service/history/queues/memory_scheduled_queue.go:84"}
2026-09-10T01:19:38.388Z	info	queue reader started	{"address": "127.0.0.1:34651", "component": "timer-queue-processor", "lifecycle": "Started", "queue-reader-id": 0, "shard-id": 1, "logging-call-at": "/home/ubuntu/temporal-investigation-20260909/restart-20260909-1600/source-reset/service/history/queues/reader.go:158"}
2026-09-10T01:19:38.388Z	info	none	{"address": "127.0.0.1:34651", "component": "history-engine", "lifecycle": "Started", "shard-id": 1, "logging-call-at": "/home/ubuntu/temporal-investigation-20260909/restart-20260909-1600/source-reset/service/history/history_engine.go:395"}
2026-09-10T01:19:38.388Z	info	queue reader started	{"address": "127.0.0.1:34651", "component": "transfer-queue-processor", "lifecycle": "Started", "queue-reader-id": 0, "shard-id": 1, "logging-call-at": "/home/ubuntu/temporal-investigation-20260909/restart-20260909-1600/source-reset/service/history/queues/reader.go:158"}
2026-09-10T01:19:38.388Z	info	none	{"address": "127.0.0.1:34651", "component": "shard-engine", "lifecycle": "Started", "shard-id": 1, "logging-call-at": "/home/ubuntu/temporal-investigation-20260909/restart-20260909-1600/source-reset/service/history/shard/context_impl.go:1607"}
2026-09-10T01:19:38.388Z	error	Queue reader unable to retrieve tasks	{"address": "127.0.0.1:34651", "component": "visibility-queue-processor", "error": "shard status unknown", "queue-reader-id": 0, "shard-id": 1, "logging-call-at": "/home/ubuntu/temporal-investigation-20260909/restart-20260909-1600/source-reset/service/history/queues/reader.go:457"}
go.temporal.io/server/common/log.(*zapLogger).Error
	/home/ubuntu/temporal-investigation-20260909/restart-20260909-1600/source-reset/common/log/zap_logger.go:191
go.temporal.io/server/common/testing/testlogger.(*TestLogger).Error
	/home/ubuntu/temporal-investigation-20260909/restart-20260909-1600/source-reset/common/testing/testlogger/testlogger.go:543
go.temporal.io/server/service/history/queues.(*ReaderImpl).loadAndSubmitTasks
	/home/ubuntu/temporal-investigation-20260909/restart-20260909-1600/source-reset/service/history/queues/reader.go:457
go.temporal.io/server/service/history/queues.(*ReaderImpl).eventLoop
	/home/ubuntu/temporal-investigation-20260909/restart-20260909-1600/source-reset/service/history/queues/reader.go:422
2026-09-10T01:19:38.388Z	error	Queue reader unable to retrieve tasks	{"address": "127.0.0.1:34651", "component": "timer-queue-processor", "error": "shard status unknown", "queue-reader-id": 0, "shard-id": 1, "logging-call-at": "/home/ubuntu/temporal-investigation-20260909/restart-20260909-1600/source-reset/service/history/queues/reader.go:457"}
go.temporal.io/server/common/log.(*zapLogger).Error
	/home/ubuntu/temporal-investigation-20260909/restart-20260909-1600/source-reset/common/log/zap_logger.go:191
go.temporal.io/server/common/testing/testlogger.(*TestLogger).Error
	/home/ubuntu/temporal-investigation-20260909/restart-20260909-1600/source-reset/common/testing/testlogger/testlogger.go:543
go.temporal.io/server/service/history/queues.(*ReaderImpl).loadAndSubmitTasks
	/home/ubuntu/temporal-investigation-20260909/restart-20260909-1600/source-reset/service/history/queues/reader.go:457
go.temporal.io/server/service/history/queues.(*ReaderImpl).eventLoop
	/home/ubuntu/temporal-investigation-20260909/restart-20260909-1600/source-reset/service/history/queues/reader.go:422
2026-09-10T01:19:38.388Z	error	Queue reader unable to retrieve tasks	{"address": "127.0.0.1:34651", "component": "outbound-queue-processor", "error": "shard status unknown", "queue-reader-id": 0, "shard-id": 1, "logging-call-at": "/home/ubuntu/temporal-investigation-20260909/restart-20260909-1600/source-reset/service/history/queues/reader.go:457"}
go.temporal.io/server/common/log.(*zapLogger).Error
	/home/ubuntu/temporal-investigation-20260909/restart-20260909-1600/source-reset/common/log/zap_logger.go:191
go.temporal.io/server/common/testing/testlogger.(*TestLogger).Error
	/home/ubuntu/temporal-investigation-20260909/restart-20260909-1600/source-reset/common/testing/testlogger/testlogger.go:543
go.temporal.io/server/service/history/queues.(*ReaderImpl).loadAndSubmitTasks
	/home/ubuntu/temporal-investigation-20260909/restart-20260909-1600/source-reset/service/history/queues/reader.go:457
go.temporal.io/server/service/history/queues.(*ReaderImpl).eventLoop
	/home/ubuntu/temporal-investigation-20260909/restart-20260909-1600/source-reset/service/history/queues/reader.go:422
2026-09-10T01:19:38.388Z	info	initial shards ready	{"address": "127.0.0.1:34651", "component": "shard-controller", "total": 1, "logging-call-at": "/home/ubuntu/temporal-investigation-20260909/restart-20260909-1600/source-reset/service/history/shard/controller_impl.go:511"}
2026-09-10T01:19:38.389Z	debug	Frontend method invoked.	{"wf-namespace": "namespace-4df7e5cc-f61f-45c3-88d8-2080d01d4dc9", "operation": "DescribeNamespace", "server-name": "", "cert-thumbprint": "", "logging-call-at": "/home/ubuntu/temporal-investigation-20260909/restart-20260909-1600/source-reset/common/rpc/interceptor/namespace_logger.go:53"}
2026-09-10T01:19:38.389Z	info	Quota changed	{"component": "rpc-handler", "current-quota": null, "new-quota": 2400, "scope": "namespace", "service": "frontend", "wf-namespace": "namespace-4df7e5cc-f61f-45c3-88d8-2080d01d4dc9", "logging-call-at": "/home/ubuntu/temporal-investigation-20260909/restart-20260909-1600/source-reset/common/quotas/calculator/logged_calculator.go:100"}
2026-09-10T01:19:38.389Z	info	Quota changed	{"component": "persistence", "current-quota": null, "new-quota": 0, "scope": "namespace", "service": "frontend", "wf-namespace": "namespace-4df7e5cc-f61f-45c3-88d8-2080d01d4dc9", "logging-call-at": "/home/ubuntu/temporal-investigation-20260909/restart-20260909-1600/source-reset/common/quotas/calculator/logged_calculator.go:100"}
2026-09-10T01:19:38.389Z	debug	Frontend method invoked.	{"wf-namespace": "namespace-4df7e5cc-f61f-45c3-88d8-2080d01d4dc9", "operation": "AddSearchAttributes", "server-name": "", "cert-thumbprint": "", "logging-call-at": "/home/ubuntu/temporal-investigation-20260909/restart-20260909-1600/source-reset/common/rpc/interceptor/namespace_logger.go:53"}
2026-09-10T01:19:38.390Z	debug	Frontend method invoked.	{"wf-namespace": "namespace-4df7e5cc-f61f-45c3-88d8-2080d01d4dc9", "operation": "DescribeNamespace", "server-name": "", "cert-thumbprint": "", "logging-call-at": "/home/ubuntu/temporal-investigation-20260909/restart-20260909-1600/source-reset/common/rpc/interceptor/namespace_logger.go:53"}
2026-09-10T01:19:38.390Z	debug	Frontend method invoked.	{"wf-namespace": "namespace-4df7e5cc-f61f-45c3-88d8-2080d01d4dc9", "operation": "UpdateNamespace", "server-name": "", "cert-thumbprint": "", "logging-call-at": "/home/ubuntu/temporal-investigation-20260909/restart-20260909-1600/source-reset/common/rpc/interceptor/namespace_logger.go:53"}
2026-09-10T01:19:38.390Z	info	Quota changed	{"component": "namespace-replication", "current-quota": null, "new-quota": 10, "scope": "namespace", "service": "frontend", "wf-namespace": "namespace-4df7e5cc-f61f-45c3-88d8-2080d01d4dc9", "logging-call-at": "/home/ubuntu/temporal-investigation-20260909/restart-20260909-1600/source-reset/common/quotas/calculator/logged_calculator.go:100"}
2026-09-10T01:19:38.391Z	info	Update namespace succeeded	{"service": "frontend", "wf-namespace": "namespace-4df7e5cc-f61f-45c3-88d8-2080d01d4dc9", "wf-namespace-id": "ddda72c2-5a32-48bf-a87f-2f45cb0080e6", "logging-call-at": "/home/ubuntu/temporal-investigation-20260909/restart-20260909-1600/source-reset/service/frontend/namespace_handler.go:667"}
2026-09-10T01:19:38.391Z	debug	Frontend method invoked.	{"wf-namespace": "namespace-4df7e5cc-f61f-45c3-88d8-2080d01d4dc9", "operation": "ListSearchAttributes", "server-name": "", "cert-thumbprint": "", "logging-call-at": "/home/ubuntu/temporal-investigation-20260909/restart-20260909-1600/source-reset/common/rpc/interceptor/namespace_logger.go:53"}
2026-09-10T01:19:38.391Z	debug	Frontend method invoked.	{"wf-namespace": "namespace-4df7e5cc-f61f-45c3-88d8-2080d01d4dc9", "operation": "DescribeNamespace", "server-name": "", "cert-thumbprint": "", "logging-call-at": "/home/ubuntu/temporal-investigation-20260909/restart-20260909-1600/source-reset/common/rpc/interceptor/namespace_logger.go:53"}
2026-09-10T01:19:38.392Z	info	Register namespace succeeded	{"wf-namespace": "namespace-4df7e5cc-f61f-45c3-88d8-2080d01d4dc9", "wf-namespace-id": "ddda72c2-5a32-48bf-a87f-2f45cb0080e6", "logging-call-at": "/home/ubuntu/temporal-investigation-20260909/restart-20260909-1600/source-reset/tests/testcore/functional_test_base.go:600"}
2026-09-10T01:19:38.392Z	debug	Frontend method invoked.	{"wf-namespace": "external-namespace-3f6e0554-861e-45c0-8a30-7aa6abec8f69", "operation": "DescribeNamespace", "server-name": "", "cert-thumbprint": "", "logging-call-at": "/home/ubuntu/temporal-investigation-20260909/restart-20260909-1600/source-reset/common/rpc/interceptor/namespace_logger.go:53"}
2026-09-10T01:19:38.392Z	info	Quota changed	{"component": "rpc-handler", "current-quota": null, "new-quota": 2400, "scope": "namespace", "service": "frontend", "wf-namespace": "external-namespace-3f6e0554-861e-45c0-8a30-7aa6abec8f69", "logging-call-at": "/home/ubuntu/temporal-investigation-20260909/restart-20260909-1600/source-reset/common/quotas/calculator/logged_calculator.go:100"}
2026-09-10T01:19:38.392Z	info	Quota changed	{"component": "persistence", "current-quota": null, "new-quota": 0, "scope": "namespace", "service": "frontend", "wf-namespace": "external-namespace-3f6e0554-861e-45c0-8a30-7aa6abec8f69", "logging-call-at": "/home/ubuntu/temporal-investigation-20260909/restart-20260909-1600/source-reset/common/quotas/calculator/logged_calculator.go:100"}
2026-09-10T01:19:38.392Z	debug	Frontend method invoked.	{"wf-namespace": "external-namespace-3f6e0554-861e-45c0-8a30-7aa6abec8f69", "operation": "AddSearchAttributes", "server-name": "", "cert-thumbprint": "", "logging-call-at": "/home/ubuntu/temporal-investigation-20260909/restart-20260909-1600/source-reset/common/rpc/interceptor/namespace_logger.go:53"}
2026-09-10T01:19:38.392Z	debug	Frontend method invoked.	{"wf-namespace": "external-namespace-3f6e0554-861e-45c0-8a30-7aa6abec8f69", "operation": "DescribeNamespace", "server-name": "", "cert-thumbprint": "", "logging-call-at": "/home/ubuntu/temporal-investigation-20260909/restart-20260909-1600/source-reset/common/rpc/interceptor/namespace_logger.go:53"}
2026-09-10T01:19:38.393Z	debug	Frontend method invoked.	{"wf-namespace": "external-namespace-3f6e0554-861e-45c0-8a30-7aa6abec8f69", "operation": "UpdateNamespace", "server-name": "", "cert-thumbprint": "", "logging-call-at": "/home/ubuntu/temporal-investigation-20260909/restart-20260909-1600/source-reset/common/rpc/interceptor/namespace_logger.go:53"}
2026-09-10T01:19:38.393Z	info	Quota changed	{"component": "namespace-replication", "current-quota": null, "new-quota": 10, "scope": "namespace", "service": "frontend", "wf-namespace": "external-namespace-3f6e0554-861e-45c0-8a30-7aa6abec8f69", "logging-call-at": "/home/ubuntu/temporal-investigation-20260909/restart-20260909-1600/source-reset/common/quotas/calculator/logged_calculator.go:100"}
2026-09-10T01:19:38.393Z	info	Update namespace succeeded	{"service": "frontend", "wf-namespace": "external-namespace-3f6e0554-861e-45c0-8a30-7aa6abec8f69", "wf-namespace-id": "66902f8a-38ff-41d0-8001-fb2b216f828e", "logging-call-at": "/home/ubuntu/temporal-investigation-20260909/restart-20260909-1600/source-reset/service/frontend/namespace_handler.go:667"}
2026-09-10T01:19:38.393Z	debug	Frontend method invoked.	{"wf-namespace": "external-namespace-3f6e0554-861e-45c0-8a30-7aa6abec8f69", "operation": "ListSearchAttributes", "server-name": "", "cert-thumbprint": "", "logging-call-at": "/home/ubuntu/temporal-investigation-20260909/restart-20260909-1600/source-reset/common/rpc/interceptor/namespace_logger.go:53"}
2026-09-10T01:19:38.393Z	debug	Frontend method invoked.	{"wf-namespace": "external-namespace-3f6e0554-861e-45c0-8a30-7aa6abec8f69", "operation": "DescribeNamespace", "server-name": "", "cert-thumbprint": "", "logging-call-at": "/home/ubuntu/temporal-investigation-20260909/restart-20260909-1600/source-reset/common/rpc/interceptor/namespace_logger.go:53"}
2026-09-10T01:19:38.394Z	info	Register namespace succeeded	{"wf-namespace": "external-namespace-3f6e0554-861e-45c0-8a30-7aa6abec8f69", "wf-namespace-id": "66902f8a-38ff-41d0-8001-fb2b216f828e", "logging-call-at": "/home/ubuntu/temporal-investigation-20260909/restart-20260909-1600/source-reset/tests/testcore/functional_test_base.go:600"}
2026/09/10 01:19:38 CLUSTEREVENT {"kind":"dedicated","reason":"custom history shard count used","suite":"TestWorkflowResetTestSuite","test":"TestWorkflowResetTestSuite/TestValidationScannerAge","worker":false}
    shared_cluster_t.go:72: 2026-09-10T01:19:38.394Z	debug	Frontend method invoked.	{"wf-namespace": "TestWorkflowResetTestSuite-TestValidationScannerAge-48631506-12c7-4f44-b881-b8c8584d50f2", "operation": "DescribeNamespace", "server-name": "", "cert-thumbprint": "", "logging-call-at": "/home/ubuntu/temporal-investigation-20260909/restart-20260909-1600/source-reset/common/rpc/interceptor/namespace_logger.go:53"}
    shared_cluster_t.go:72: 2026-09-10T01:19:38.394Z	info	Quota changed	{"component": "rpc-handler", "current-quota": null, "new-quota": 2400, "scope": "namespace", "service": "frontend", "wf-namespace": "TestWorkflowResetTestSuite-TestValidationScannerAge-48631506-12c7-4f44-b881-b8c8584d50f2", "logging-call-at": "/home/ubuntu/temporal-investigation-20260909/restart-20260909-1600/source-reset/common/quotas/calculator/logged_calculator.go:100"}
    shared_cluster_t.go:72: 2026-09-10T01:19:38.394Z	info	Quota changed	{"component": "persistence", "current-quota": null, "new-quota": 0, "scope": "namespace", "service": "frontend", "wf-namespace": "TestWorkflowResetTestSuite-TestValidationScannerAge-48631506-12c7-4f44-b881-b8c8584d50f2", "logging-call-at": "/home/ubuntu/temporal-investigation-20260909/restart-20260909-1600/source-reset/common/quotas/calculator/logged_calculator.go:100"}
    shared_cluster_t.go:72: 2026-09-10T01:19:38.394Z	debug	Frontend method invoked.	{"wf-namespace": "TestWorkflowResetTestSuite-TestValidationScannerAge-48631506-12c7-4f44-b881-b8c8584d50f2", "operation": "AddSearchAttributes", "server-name": "", "cert-thumbprint": "", "logging-call-at": "/home/ubuntu/temporal-investigation-20260909/restart-20260909-1600/source-reset/common/rpc/interceptor/namespace_logger.go:53"}
    shared_cluster_t.go:72: 2026-09-10T01:19:38.395Z	debug	Frontend method invoked.	{"wf-namespace": "TestWorkflowResetTestSuite-TestValidationScannerAge-48631506-12c7-4f44-b881-b8c8584d50f2", "operation": "DescribeNamespace", "server-name": "", "cert-thumbprint": "", "logging-call-at": "/home/ubuntu/temporal-investigation-20260909/restart-20260909-1600/source-reset/common/rpc/interceptor/namespace_logger.go:53"}
    shared_cluster_t.go:72: 2026-09-10T01:19:38.395Z	debug	Frontend method invoked.	{"wf-namespace": "TestWorkflowResetTestSuite-TestValidationScannerAge-48631506-12c7-4f44-b881-b8c8584d50f2", "operation": "UpdateNamespace", "server-name": "", "cert-thumbprint": "", "logging-call-at": "/home/ubuntu/temporal-investigation-20260909/restart-20260909-1600/source-reset/common/rpc/interceptor/namespace_logger.go:53"}
    shared_cluster_t.go:72: 2026-09-10T01:19:38.395Z	info	Quota changed	{"component": "namespace-replication", "current-quota": null, "new-quota": 10, "scope": "namespace", "service": "frontend", "wf-namespace": "TestWorkflowResetTestSuite-TestValidationScannerAge-48631506-12c7-4f44-b881-b8c8584d50f2", "logging-call-at": "/home/ubuntu/temporal-investigation-20260909/restart-20260909-1600/source-reset/common/quotas/calculator/logged_calculator.go:100"}
    shared_cluster_t.go:72: 2026-09-10T01:19:38.395Z	info	Update namespace succeeded	{"service": "frontend", "wf-namespace": "TestWorkflowResetTestSuite-TestValidationScannerAge-48631506-12c7-4f44-b881-b8c8584d50f2", "wf-namespace-id": "4d66078b-a0f5-4d57-a575-788cfacb94b3", "logging-call-at": "/home/ubuntu/temporal-investigation-20260909/restart-20260909-1600/source-reset/service/frontend/namespace_handler.go:667"}
    shared_cluster_t.go:72: 2026-09-10T01:19:38.395Z	debug	Frontend method invoked.	{"wf-namespace": "TestWorkflowResetTestSuite-TestValidationScannerAge-48631506-12c7-4f44-b881-b8c8584d50f2", "operation": "ListSearchAttributes", "server-name": "", "cert-thumbprint": "", "logging-call-at": "/home/ubuntu/temporal-investigation-20260909/restart-20260909-1600/source-reset/common/rpc/interceptor/namespace_logger.go:53"}
    shared_cluster_t.go:72: 2026-09-10T01:19:38.396Z	debug	Frontend method invoked.	{"wf-namespace": "TestWorkflowResetTestSuite-TestValidationScannerAge-48631506-12c7-4f44-b881-b8c8584d50f2", "operation": "DescribeNamespace", "server-name": "", "cert-thumbprint": "", "logging-call-at": "/home/ubuntu/temporal-investigation-20260909/restart-20260909-1600/source-reset/common/rpc/interceptor/namespace_logger.go:53"}
    shared_cluster_t.go:72: 2026-09-10T01:19:38.396Z	info	Register namespace succeeded	{"wf-namespace": "TestWorkflowResetTestSuite-TestValidationScannerAge-48631506-12c7-4f44-b881-b8c8584d50f2", "wf-namespace-id": "4d66078b-a0f5-4d57-a575-788cfacb94b3", "logging-call-at": "/home/ubuntu/temporal-investigation-20260909/restart-20260909-1600/source-reset/tests/testcore/functional_test_base.go:600"}
    shared_cluster_t.go:72: 2026-09-10T01:19:38.397Z	debug	routing key extraction: adding routing key to context	{"wf-id": "TestWorkflowResetTestSuite/TestValidationScannerAge_workflow_id", "grpc-method": "/temporal.api.workflowservice.v1.WorkflowService/StartWorkflowExecution", "logging-call-at": "/home/ubuntu/temporal-investigation-20260909/restart-20260909-1600/source-reset/common/rpc/interceptor/routing_key_interceptor.go:112"}
    shared_cluster_t.go:72: 2026-09-10T01:19:38.397Z	debug	Frontend method invoked.	{"wf-namespace": "TestWorkflowResetTestSuite-TestValidationScannerAge-48631506-12c7-4f44-b881-b8c8584d50f2", "operation": "StartWorkflowExecution", "server-name": "", "cert-thumbprint": "", "logging-call-at": "/home/ubuntu/temporal-investigation-20260909/restart-20260909-1600/source-reset/common/rpc/interceptor/namespace_logger.go:53"}
    shared_cluster_t.go:72: 2026-09-10T01:19:38.397Z	debug	Received StartWorkflowExecution.	{"service": "frontend", "wf-id": "TestWorkflowResetTestSuite/TestValidationScannerAge_workflow_id", "wf-type": "TestWorkflowResetTestSuite/TestValidationScannerAge_workflow_type", "logging-call-at": "/home/ubuntu/temporal-investigation-20260909/restart-20260909-1600/source-reset/service/frontend/workflow_handler.go:561"}
    shared_cluster_t.go:72: 2026-09-10T01:19:38.397Z	debug	Start workflow execution request namespace.	{"service": "frontend", "wf-namespace": "TestWorkflowResetTestSuite-TestValidationScannerAge-48631506-12c7-4f44-b881-b8c8584d50f2", "logging-call-at": "/home/ubuntu/temporal-investigation-20260909/restart-20260909-1600/source-reset/service/frontend/workflow_handler.go:565"}
    shared_cluster_t.go:72: 2026-09-10T01:19:38.397Z	debug	Start workflow execution request namespaceID.	{"service": "frontend", "wf-namespace-id": "4d66078b-a0f5-4d57-a575-788cfacb94b3", "logging-call-at": "/home/ubuntu/temporal-investigation-20260909/restart-20260909-1600/source-reset/service/frontend/workflow_handler.go:570"}
    shared_cluster_t.go:72: 2026-09-10T01:19:38.399Z	debug	Workflow task updated	{"address": "127.0.0.1:34651", "attempt": 1, "shard-id": 1, "wf-id": "TestWorkflowResetTestSuite/TestValidationScannerAge_workflow_id", "wf-namespace": "TestWorkflowResetTestSuite-TestValidationScannerAge-48631506-12c7-4f44-b881-b8c8584d50f2", "wf-run-id": "01a088e6-219e-7795-bc42-d23221aaada1", "wf-scheduled-event-id": 2, "wf-started-event-id": 0, "wf-started-timestamp": "0001-01-01T00:00:00.000Z", "workflow-task-request-id": "emptyUuid", "workflow-task-timeout": 60, "wt-type": "Normal", "logging-call-at": "/home/ubuntu/temporal-investigation-20260909/restart-20260909-1600/source-reset/common/log/lazy_logger.go:30"}
    shared_cluster_t.go:72: 2026-09-10T01:19:38.399Z	debug	time skipping skipped for: time skipping is not enabled	{"address": "127.0.0.1:34651", "shard-id": 1, "wf-id": "TestWorkflowResetTestSuite/TestValidationScannerAge_workflow_id", "wf-namespace": "TestWorkflowResetTestSuite-TestValidationScannerAge-48631506-12c7-4f44-b881-b8c8584d50f2", "wf-run-id": "01a088e6-219e-7795-bc42-d23221aaada1", "logging-call-at": "/home/ubuntu/temporal-investigation-20260909/restart-20260909-1600/source-reset/common/log/lazy_logger.go:30"}
    shared_cluster_t.go:72: 2026-09-10T01:19:38.400Z	debug	Assigning new task key	{"address": "127.0.0.1:34651", "cursor-timestamp": "2026-09-10T01:19:39.388Z", "queue-task-id": 1048579, "queue-task-type": "VisibilityStartExecution", "shard-id": 1, "timestamp": "2026-09-10T01:19:38.400Z", "wf-id": "TestWorkflowResetTestSuite/TestValidationScannerAge_workflow_id", "wf-namespace-id": "4d66078b-a0f5-4d57-a575-788cfacb94b3", "wf-run-id": "01a088e6-219e-7795-bc42-d23221aaada1", "logging-call-at": "/home/ubuntu/temporal-investigation-20260909/restart-20260909-1600/source-reset/service/history/shard/task_key_generator.go:98"}
    shared_cluster_t.go:72: 2026-09-10T01:19:38.400Z	debug	Assigning new task key	{"address": "127.0.0.1:34651", "cursor-timestamp": "2026-09-10T01:19:39.388Z", "queue-task-id": 1048580, "queue-task-type": "TransferWorkflowTask", "shard-id": 1, "timestamp": "2026-09-10T01:19:38.400Z", "wf-id": "TestWorkflowResetTestSuite/TestValidationScannerAge_workflow_id", "wf-namespace-id": "4d66078b-a0f5-4d57-a575-788cfacb94b3", "wf-run-id": "01a088e6-219e-7795-bc42-d23221aaada1", "logging-call-at": "/home/ubuntu/temporal-investigation-20260909/restart-20260909-1600/source-reset/service/history/shard/task_key_generator.go:98"}
    shared_cluster_t.go:72: 2026-09-10T01:19:38.400Z	info	Quota changed	{"component": "persistence", "current-quota": null, "new-quota": 0, "scope": "namespace", "service": "history", "wf-namespace": "TestWorkflowResetTestSuite-TestValidationScannerAge-48631506-12c7-4f44-b881-b8c8584d50f2", "logging-call-at": "/home/ubuntu/temporal-investigation-20260909/restart-20260909-1600/source-reset/common/quotas/calculator/logged_calculator.go:100"}
    shared_cluster_t.go:72: 2026-09-10T01:19:38.402Z	info	ContextMetadataInterceptor: No metadata in context, not setting trailer	{"fullMethod": "/temporal.server.api.historyservice.v1.HistoryService/DescribeMutableState", "logging-call-at": "/home/ubuntu/temporal-investigation-20260909/restart-20260909-1600/source-reset/common/log/throttle_logger.go:44"}
    shared_cluster_t.go:72: 2026-09-10T01:19:38.403Z	debug	Process task as active.	{"address": "127.0.0.1:34651", "component": "transfer-queue-processor", "shard-id": 1, "value": "WorkflowTask{WorkflowKey: 4d66078b-a0f5-4d57-a575-788cfacb94b3/TestWorkflowResetTestSuite/TestValidationScannerAge_workflow_id/01a088e6-219e-7795-bc42-d23221aaada1, VisibilityTimestamp: 2026-09-10 01:19:38.400083976 +0000 UTC, TaskID: 1048580, TaskQueue: TestWorkflowResetTestSuite/TestValidationScannerAge_task_queue, ScheduledEventID: 2, Version: 0}", "wf-namespace-id": "4d66078b-a0f5-4d57-a575-788cfacb94b3", "logging-call-at": "/home/ubuntu/temporal-investigation-20260909/restart-20260909-1600/source-reset/service/history/queues/active_standby_executor.go:121"}
    shared_cluster_t.go:72: 2026-09-10T01:19:38.404Z	debug	Frontend method invoked.	{"wf-namespace": "", "operation": "CloseShard", "server-name": "", "cert-thumbprint": "", "logging-call-at": "/home/ubuntu/temporal-investigation-20260909/restart-20260909-1600/source-reset/common/rpc/interceptor/namespace_logger.go:53"}
    shared_cluster_t.go:72: 2026-09-10T01:19:38.404Z	info	none	{"address": "127.0.0.1:34651", "component": "shard-controller", "numShards": 0, "logging-call-at": "/home/ubuntu/temporal-investigation-20260909/restart-20260909-1600/source-reset/service/history/shard/controller_impl.go:288"}
    shared_cluster_t.go:72: 2026-09-10T01:19:38.404Z	info	none	{"address": "127.0.0.1:34651", "component": "shard-context", "lifecycle": "Stopped", "shard-id": 1, "logging-call-at": "/home/ubuntu/temporal-investigation-20260909/restart-20260909-1600/source-reset/service/history/shard/context_impl.go:1783"}
    shared_cluster_t.go:72: 2026-09-10T01:19:38.404Z	info	none	{"address": "127.0.0.1:34651", "component": "shard-engine", "lifecycle": "Stopping", "shard-id": 1, "logging-call-at": "/home/ubuntu/temporal-investigation-20260909/restart-20260909-1600/source-reset/service/history/shard/context_impl.go:1631"}
    shared_cluster_t.go:72: 2026-09-10T01:19:38.404Z	info	none	{"address": "127.0.0.1:34651", "component": "history-engine", "lifecycle": "Stopping", "shard-id": 1, "logging-call-at": "/home/ubuntu/temporal-investigation-20260909/restart-20260909-1600/source-reset/service/history/history_engine.go:407"}
    shared_cluster_t.go:72: 2026-09-10T01:19:38.404Z	info	none	{"address": "127.0.0.1:34651", "component": "outbound-queue-processor", "lifecycle": "Stopping", "shard-id": 1, "logging-call-at": "/home/ubuntu/temporal-investigation-20260909/restart-20260909-1600/source-reset/service/history/queues/queue_immediate.go:112"}
    shared_cluster_t.go:72: 2026-09-10T01:19:38.404Z	info	queue reader stopped	{"address": "127.0.0.1:34651", "component": "outbound-queue-processor", "lifecycle": "Stopped", "queue-reader-id": 0, "shard-id": 1, "logging-call-at": "/home/ubuntu/temporal-investigation-20260909/restart-20260909-1600/source-reset/service/history/queues/reader.go:177"}
    shared_cluster_t.go:72: 2026-09-10T01:19:38.404Z	info	Task rescheduler stopped.	{"address": "127.0.0.1:34651", "component": "outbound-queue-processor", "lifecycle": "Stopped", "shard-id": 1, "logging-call-at": "/home/ubuntu/temporal-investigation-20260909/restart-20260909-1600/source-reset/service/history/queues/rescheduler.go:117"}
    shared_cluster_t.go:72: 2026-09-10T01:19:38.404Z	info	none	{"address": "127.0.0.1:34651", "component": "outbound-queue-processor", "lifecycle": "Stopped", "shard-id": 1, "logging-call-at": "/home/ubuntu/temporal-investigation-20260909/restart-20260909-1600/source-reset/service/history/queues/queue_immediate.go:122"}
    shared_cluster_t.go:72: 2026-09-10T01:19:38.404Z	info	none	{"address": "127.0.0.1:34651", "component": "visibility-queue-processor", "lifecycle": "Stopping", "shard-id": 1, "logging-call-at": "/home/ubuntu/temporal-investigation-20260909/restart-20260909-1600/source-reset/service/history/queues/queue_immediate.go:112"}
    shared_cluster_t.go:72: 2026-09-10T01:19:38.404Z	info	queue reader stopped	{"address": "127.0.0.1:34651", "component": "visibility-queue-processor", "lifecycle": "Stopped", "queue-reader-id": 0, "shard-id": 1, "logging-call-at": "/home/ubuntu/temporal-investigation-20260909/restart-20260909-1600/source-reset/service/history/queues/reader.go:177"}
    shared_cluster_t.go:72: 2026-09-10T01:19:38.404Z	info	Task rescheduler stopped.	{"address": "127.0.0.1:34651", "component": "visibility-queue-processor", "lifecycle": "Stopped", "shard-id": 1, "logging-call-at": "/home/ubuntu/temporal-investigation-20260909/restart-20260909-1600/source-reset/service/history/queues/rescheduler.go:117"}
    shared_cluster_t.go:72: 2026-09-10T01:19:38.404Z	info	none	{"address": "127.0.0.1:34651", "component": "visibility-queue-processor", "lifecycle": "Stopped", "shard-id": 1, "logging-call-at": "/home/ubuntu/temporal-investigation-20260909/restart-20260909-1600/source-reset/service/history/queues/queue_immediate.go:122"}
    shared_cluster_t.go:72: 2026-09-10T01:19:38.404Z	info	none	{"address": "127.0.0.1:34651", "component": "transfer-queue-processor", "lifecycle": "Stopping", "shard-id": 1, "logging-call-at": "/home/ubuntu/temporal-investigation-20260909/restart-20260909-1600/source-reset/service/history/queues/queue_immediate.go:112"}
    shared_cluster_t.go:72: 2026-09-10T01:19:38.405Z	info	queue reader stopped	{"address": "127.0.0.1:34651", "component": "transfer-queue-processor", "lifecycle": "Stopped", "queue-reader-id": 0, "shard-id": 1, "logging-call-at": "/home/ubuntu/temporal-investigation-20260909/restart-20260909-1600/source-reset/service/history/queues/reader.go:177"}
    shared_cluster_t.go:72: 2026-09-10T01:19:38.405Z	info	Task rescheduler stopped.	{"address": "127.0.0.1:34651", "component": "transfer-queue-processor", "lifecycle": "Stopped", "shard-id": 1, "logging-call-at": "/home/ubuntu/temporal-investigation-20260909/restart-20260909-1600/source-reset/service/history/queues/rescheduler.go:117"}
    shared_cluster_t.go:72: 2026-09-10T01:19:38.405Z	info	none	{"address": "127.0.0.1:34651", "component": "transfer-queue-processor", "lifecycle": "Stopped", "shard-id": 1, "logging-call-at": "/home/ubuntu/temporal-investigation-20260909/restart-20260909-1600/source-reset/service/history/queues/queue_immediate.go:122"}
    shared_cluster_t.go:72: 2026-09-10T01:19:38.405Z	info	none	{"address": "127.0.0.1:34651", "component": "timer-queue-processor", "lifecycle": "Stopping", "shard-id": 1, "logging-call-at": "/home/ubuntu/temporal-investigation-20260909/restart-20260909-1600/source-reset/service/history/queues/queue_scheduled.go:146"}
    shared_cluster_t.go:72: 2026-09-10T01:19:38.405Z	info	queue reader stopped	{"address": "127.0.0.1:34651", "component": "timer-queue-processor", "lifecycle": "Stopped", "queue-reader-id": 0, "shard-id": 1, "logging-call-at": "/home/ubuntu/temporal-investigation-20260909/restart-20260909-1600/source-reset/service/history/queues/reader.go:177"}
    shared_cluster_t.go:72: 2026-09-10T01:19:38.405Z	info	Task rescheduler stopped.	{"address": "127.0.0.1:34651", "component": "timer-queue-processor", "lifecycle": "Stopped", "shard-id": 1, "logging-call-at": "/home/ubuntu/temporal-investigation-20260909/restart-20260909-1600/source-reset/service/history/queues/rescheduler.go:117"}
    shared_cluster_t.go:72: 2026-09-10T01:19:38.405Z	info	none	{"address": "127.0.0.1:34651", "component": "timer-queue-processor", "lifecycle": "Stopped", "shard-id": 1, "logging-call-at": "/home/ubuntu/temporal-investigation-20260909/restart-20260909-1600/source-reset/service/history/queues/queue_scheduled.go:157"}
    shared_cluster_t.go:72: 2026-09-10T01:19:38.405Z	info	none	{"component": "memory-scheduled-queue-processor", "lifecycle": "Stopping", "service": "history", "logging-call-at": "/home/ubuntu/temporal-investigation-20260909/restart-20260909-1600/source-reset/service/history/queues/memory_scheduled_queue.go:91"}
    shared_cluster_t.go:72: 2026-09-10T01:19:38.405Z	info	none	{"component": "memory-scheduled-queue-processor", "lifecycle": "Stopped", "service": "history", "logging-call-at": "/home/ubuntu/temporal-investigation-20260909/restart-20260909-1600/source-reset/service/history/queues/memory_scheduled_queue.go:99"}
    shared_cluster_t.go:72: 2026-09-10T01:19:38.405Z	info	none	{"address": "127.0.0.1:34651", "component": "history-engine", "lifecycle": "Stopped", "shard-id": 1, "logging-call-at": "/home/ubuntu/temporal-investigation-20260909/restart-20260909-1600/source-reset/service/history/history_engine.go:416"}
    shared_cluster_t.go:72: 2026-09-10T01:19:38.405Z	info	none	{"address": "127.0.0.1:34651", "component": "shard-engine", "lifecycle": "Stopped", "shard-id": 1, "logging-call-at": "/home/ubuntu/temporal-investigation-20260909/restart-20260909-1600/source-reset/service/history/shard/context_impl.go:1633"}
    shared_cluster_t.go:72: 2026-09-10T01:19:38.405Z	debug	finalizer starting	{"address": "127.0.0.1:34651", "items": 2, "shard-id": 1, "timeout": 2, "logging-call-at": "/home/ubuntu/temporal-investigation-20260909/restart-20260909-1600/source-reset/common/finalizer/finalizer.go:108"}
    shared_cluster_t.go:72: 2026-09-10T01:19:38.405Z	debug	finalizer completed	{"address": "127.0.0.1:34651", "completed": 2, "shard-id": 1, "logging-call-at": "/home/ubuntu/temporal-investigation-20260909/restart-20260909-1600/source-reset/common/finalizer/finalizer.go:152"}
    shared_cluster_t.go:72: 2026-09-10T01:19:38.405Z	info	Quota changed	{"component": "persistence", "current-quota": null, "new-quota": 0, "scope": "namespace", "service": "matching", "wf-namespace": "TestWorkflowResetTestSuite-TestValidationScannerAge-48631506-12c7-4f44-b881-b8c8584d50f2", "logging-call-at": "/home/ubuntu/temporal-investigation-20260909/restart-20260909-1600/source-reset/common/quotas/calculator/logged_calculator.go:100"}
    shared_cluster_t.go:72: 2026-09-10T01:19:38.405Z	info	loaded user data from db	{"component": "matching-engine", "timestamp": "1970-01-01T00:00:00.000Z", "user-data-version": 0, "wf-namespace": "TestWorkflowResetTestSuite-TestValidationScannerAge-48631506-12c7-4f44-b881-b8c8584d50f2", "wf-task-queue-name": "TestWorkflowResetTestSuite/TestValidationScannerAge_task_queue", "wf-task-queue-type": "Workflow", "logging-call-at": "/home/ubuntu/temporal-investigation-20260909/restart-20260909-1600/source-reset/service/matching/user_data_manager.go:871"}
    shared_cluster_t.go:72: 2026-09-10T01:19:38.405Z	info	Started physicalTaskQueueManager	{"backlog": "priority", "cause": "UserData", "component": "matching-engine", "lifecycle": "Started", "wf-namespace": "TestWorkflowResetTestSuite-TestValidationScannerAge-48631506-12c7-4f44-b881-b8c8584d50f2", "wf-task-queue-name": "TestWorkflowResetTestSuite/TestValidationScannerAge_task_queue", "wf-task-queue-type": "Workflow", "worker-version": "_unversioned_", "logging-call-at": "/home/ubuntu/temporal-investigation-20260909/restart-20260909-1600/source-reset/service/matching/physical_task_queue_manager.go:312"}
    shared_cluster_t.go:72: 2026-09-10T01:19:38.405Z	info	Starting draining	{"backlog": "fairness-drain", "component": "matching-engine", "wf-namespace": "TestWorkflowResetTestSuite-TestValidationScannerAge-48631506-12c7-4f44-b881-b8c8584d50f2", "wf-task-queue-name": "TestWorkflowResetTestSuite/TestValidationScannerAge_task_queue", "wf-task-queue-type": "Workflow", "worker-version": "_unversioned_", "logging-call-at": "/home/ubuntu/temporal-investigation-20260909/restart-20260909-1600/source-reset/service/matching/physical_task_queue_manager.go:430"}
    shared_cluster_t.go:72: 2026-09-10T01:19:38.406Z	debug	routing key extraction: adding routing key to context	{"wf-id": "TestWorkflowResetTestSuite/TestValidationScannerAge_workflow_id", "grpc-method": "/temporal.api.workflowservice.v1.WorkflowService/GetWorkflowExecutionHistory", "logging-call-at": "/home/ubuntu/temporal-investigation-20260909/restart-20260909-1600/source-reset/common/rpc/interceptor/routing_key_interceptor.go:112"}
    shared_cluster_t.go:72: 2026-09-10T01:19:38.406Z	debug	Frontend method invoked.	{"wf-namespace": "TestWorkflowResetTestSuite-TestValidationScannerAge-48631506-12c7-4f44-b881-b8c8584d50f2", "operation": "GetWorkflowExecutionHistory", "server-name": "", "cert-thumbprint": "", "logging-call-at": "/home/ubuntu/temporal-investigation-20260909/restart-20260909-1600/source-reset/common/rpc/interceptor/namespace_logger.go:53"}
    shared_cluster_t.go:72: 2026-09-10T01:19:38.406Z	debug	returning empty user data (no data or no change)	{"component": "matching-engine", "wf-namespace": "TestWorkflowResetTestSuite-TestValidationScannerAge-48631506-12c7-4f44-b881-b8c8584d50f2", "wf-task-queue-name": "TestWorkflowResetTestSuite/TestValidationScannerAge_task_queue", "wf-task-queue-type": "Workflow", "logging-call-at": "/home/ubuntu/temporal-investigation-20260909/restart-20260909-1600/source-reset/service/matching/user_data_manager.go:644"}
    shared_cluster_t.go:72: 2026-09-10T01:19:38.406Z	info	TrailerToContextMetadataInterceptor: No metadata in trailer	{"contextWrapped": false, "method": "/temporal.server.api.matchingservice.v1.MatchingService/GetTaskQueueUserData", "service": "matching", "logging-call-at": "/home/ubuntu/temporal-investigation-20260909/restart-20260909-1600/source-reset/common/log/throttle_logger.go:44"}
    shared_cluster_t.go:72: 2026-09-10T01:19:38.406Z	debug	fetched user data from parent, no change	{"component": "matching-engine", "wf-namespace": "TestWorkflowResetTestSuite-TestValidationScannerAge-48631506-12c7-4f44-b881-b8c8584d50f2", "wf-task-queue-name": "/_sys/TestWorkflowResetTestSuite/TestValidationScannerAge_task_queue/2", "wf-task-queue-type": "Workflow", "logging-call-at": "/home/ubuntu/temporal-investigation-20260909/restart-20260909-1600/source-reset/service/matching/user_data_manager.go:351"}
    shared_cluster_t.go:72: 2026-09-10T01:19:38.406Z	info	none	{"address": "127.0.0.1:34651", "component": "shard-context", "lifecycle": "Started", "shard-id": 1, "logging-call-at": "/home/ubuntu/temporal-investigation-20260909/restart-20260909-1600/source-reset/service/history/shard/context_impl.go:1764"}
    shared_cluster_t.go:72: 2026-09-10T01:19:38.406Z	info	none	{"address": "127.0.0.1:34651", "component": "shard-controller", "numShards": 1, "logging-call-at": "/home/ubuntu/temporal-investigation-20260909/restart-20260909-1600/source-reset/service/history/shard/controller_impl.go:265"}
    shared_cluster_t.go:72: 2026-09-10T01:19:38.406Z	info	Started physicalTaskQueueManager	{"backlog": "priority", "cause": "Task", "component": "matching-engine", "lifecycle": "Started", "wf-namespace": "TestWorkflowResetTestSuite-TestValidationScannerAge-48631506-12c7-4f44-b881-b8c8584d50f2", "wf-task-queue-name": "/_sys/TestWorkflowResetTestSuite/TestValidationScannerAge_task_queue/2", "wf-task-queue-type": "Workflow", "worker-version": "_unversioned_", "logging-call-at": "/home/ubuntu/temporal-investigation-20260909/restart-20260909-1600/source-reset/service/matching/physical_task_queue_manager.go:312"}
    shared_cluster_t.go:72: 2026-09-10T01:19:38.406Z	debug	returning empty user data (no data or no change)	{"component": "matching-engine", "wf-namespace": "TestWorkflowResetTestSuite-TestValidationScannerAge-48631506-12c7-4f44-b881-b8c8584d50f2", "wf-task-queue-name": "TestWorkflowResetTestSuite/TestValidationScannerAge_task_queue", "wf-task-queue-type": "Workflow", "logging-call-at": "/home/ubuntu/temporal-investigation-20260909/restart-20260909-1600/source-reset/service/matching/user_data_manager.go:644"}
    shared_cluster_t.go:72: 2026-09-10T01:19:38.406Z	debug	fetched user data from parent, no change	{"component": "matching-engine", "wf-namespace": "TestWorkflowResetTestSuite-TestValidationScannerAge-48631506-12c7-4f44-b881-b8c8584d50f2", "wf-task-queue-name": "/_sys/TestWorkflowResetTestSuite/TestValidationScannerAge_task_queue/3", "wf-task-queue-type": "Workflow", "logging-call-at": "/home/ubuntu/temporal-investigation-20260909/restart-20260909-1600/source-reset/service/matching/user_data_manager.go:351"}
    shared_cluster_t.go:72: 2026-09-10T01:19:38.406Z	debug	returning empty user data (no data or no change)	{"component": "matching-engine", "wf-namespace": "TestWorkflowResetTestSuite-TestValidationScannerAge-48631506-12c7-4f44-b881-b8c8584d50f2", "wf-task-queue-name": "TestWorkflowResetTestSuite/TestValidationScannerAge_task_queue", "wf-task-queue-type": "Workflow", "logging-call-at": "/home/ubuntu/temporal-investigation-20260909/restart-20260909-1600/source-reset/service/matching/user_data_manager.go:644"}
    shared_cluster_t.go:72: 2026-09-10T01:19:38.406Z	info	Started physicalTaskQueueManager	{"backlog": "priority", "cause": "Force", "component": "matching-engine", "lifecycle": "Started", "wf-namespace": "TestWorkflowResetTestSuite-TestValidationScannerAge-48631506-12c7-4f44-b881-b8c8584d50f2", "wf-task-queue-name": "/_sys/TestWorkflowResetTestSuite/TestValidationScannerAge_task_queue/3", "wf-task-queue-type": "Workflow", "worker-version": "_unversioned_", "logging-call-at": "/home/ubuntu/temporal-investigation-20260909/restart-20260909-1600/source-reset/service/matching/physical_task_queue_manager.go:312"}
    shared_cluster_t.go:72: 2026-09-10T01:19:38.406Z	info	Starting draining	{"backlog": "fairness-drain", "component": "matching-engine", "wf-namespace": "TestWorkflowResetTestSuite-TestValidationScannerAge-48631506-12c7-4f44-b881-b8c8584d50f2", "wf-task-queue-name": "/_sys/TestWorkflowResetTestSuite/TestValidationScannerAge_task_queue/2", "wf-task-queue-type": "Workflow", "worker-version": "_unversioned_", "logging-call-at": "/home/ubuntu/temporal-investigation-20260909/restart-20260909-1600/source-reset/service/matching/physical_task_queue_manager.go:430"}
    shared_cluster_t.go:72: 2026-09-10T01:19:38.406Z	debug	fetched user data from parent, no change	{"component": "matching-engine", "wf-namespace": "TestWorkflowResetTestSuite-TestValidationScannerAge-48631506-12c7-4f44-b881-b8c8584d50f2", "wf-task-queue-name": "/_sys/TestWorkflowResetTestSuite/TestValidationScannerAge_task_queue/1", "wf-task-queue-type": "Workflow", "logging-call-at": "/home/ubuntu/temporal-investigation-20260909/restart-20260909-1600/source-reset/service/matching/user_data_manager.go:351"}
    shared_cluster_t.go:72: 2026-09-10T01:19:38.406Z	info	Started physicalTaskQueueManager	{"backlog": "priority", "cause": "Force", "component": "matching-engine", "lifecycle": "Started", "wf-namespace": "TestWorkflowResetTestSuite-TestValidationScannerAge-48631506-12c7-4f44-b881-b8c8584d50f2", "wf-task-queue-name": "/_sys/TestWorkflowResetTestSuite/TestValidationScannerAge_task_queue/1", "wf-task-queue-type": "Workflow", "worker-version": "_unversioned_", "logging-call-at": "/home/ubuntu/temporal-investigation-20260909/restart-20260909-1600/source-reset/service/matching/physical_task_queue_manager.go:312"}
    shared_cluster_t.go:72: 2026-09-10T01:19:38.407Z	info	Starting draining	{"backlog": "fairness-drain", "component": "matching-engine", "wf-namespace": "TestWorkflowResetTestSuite-TestValidationScannerAge-48631506-12c7-4f44-b881-b8c8584d50f2", "wf-task-queue-name": "/_sys/TestWorkflowResetTestSuite/TestValidationScannerAge_task_queue/3", "wf-task-queue-type": "Workflow", "worker-version": "_unversioned_", "logging-call-at": "/home/ubuntu/temporal-investigation-20260909/restart-20260909-1600/source-reset/service/matching/physical_task_queue_manager.go:430"}
    shared_cluster_t.go:72: 2026-09-10T01:19:38.407Z	info	Range updated for shardID	{"address": "127.0.0.1:34651", "previous-shard-range-id": 1, "shard-id": 1, "shard-range-id": 2, "logging-call-at": "/home/ubuntu/temporal-investigation-20260909/restart-20260909-1600/source-reset/service/history/shard/context_impl.go:1241"}
    shared_cluster_t.go:72: 2026-09-10T01:19:38.407Z	info	Task key range updated	{"address": "127.0.0.1:34651", "next-number": 3145728, "number": 2097152, "shard-id": 1, "logging-call-at": "/home/ubuntu/temporal-investigation-20260909/restart-20260909-1600/source-reset/service/history/shard/task_key_generator.go:155"}
    shared_cluster_t.go:72: 2026-09-10T01:19:38.407Z	info	Acquired shard	{"address": "127.0.0.1:34651", "shard-id": 1, "logging-call-at": "/home/ubuntu/temporal-investigation-20260909/restart-20260909-1600/source-reset/service/history/shard/context_impl.go:2129"}
    shared_cluster_t.go:72: 2026-09-10T01:19:38.407Z	info	none	{"address": "127.0.0.1:34651", "component": "shard-engine", "lifecycle": "Starting", "shard-id": 1, "logging-call-at": "/home/ubuntu/temporal-investigation-20260909/restart-20260909-1600/source-reset/service/history/shard/context_impl.go:1604"}
    shared_cluster_t.go:72: 2026-09-10T01:19:38.407Z	info	none	{"address": "127.0.0.1:34651", "component": "history-engine", "lifecycle": "Starting", "shard-id": 1, "logging-call-at": "/home/ubuntu/temporal-investigation-20260909/restart-20260909-1600/source-reset/service/history/history_engine.go:386"}
    shared_cluster_t.go:72: 2026-09-10T01:19:38.407Z	info	none	{"address": "127.0.0.1:34651", "component": "outbound-queue-processor", "lifecycle": "Starting", "shard-id": 1, "logging-call-at": "/home/ubuntu/temporal-investigation-20260909/restart-20260909-1600/source-reset/service/history/queues/queue_immediate.go:96"}
    shared_cluster_t.go:72: 2026-09-10T01:19:38.407Z	info	Task rescheduler started.	{"address": "127.0.0.1:34651", "component": "outbound-queue-processor", "lifecycle": "Started", "shard-id": 1, "logging-call-at": "/home/ubuntu/temporal-investigation-20260909/restart-20260909-1600/source-reset/service/history/queues/rescheduler.go:102"}
    shared_cluster_t.go:72: 2026-09-10T01:19:38.407Z	info	none	{"address": "127.0.0.1:34651", "component": "outbound-queue-processor", "lifecycle": "Started", "shard-id": 1, "logging-call-at": "/home/ubuntu/temporal-investigation-20260909/restart-20260909-1600/source-reset/service/history/queues/queue_immediate.go:105"}
    shared_cluster_t.go:72: 2026-09-10T01:19:38.407Z	info	none	{"address": "127.0.0.1:34651", "component": "visibility-queue-processor", "lifecycle": "Starting", "shard-id": 1, "logging-call-at": "/home/ubuntu/temporal-investigation-20260909/restart-20260909-1600/source-reset/service/history/queues/queue_immediate.go:96"}
    shared_cluster_t.go:72: 2026-09-10T01:19:38.407Z	info	Task rescheduler started.	{"address": "127.0.0.1:34651", "component": "visibility-queue-processor", "lifecycle": "Started", "shard-id": 1, "logging-call-at": "/home/ubuntu/temporal-investigation-20260909/restart-20260909-1600/source-reset/service/history/queues/rescheduler.go:102"}
    shared_cluster_t.go:72: 2026-09-10T01:19:38.407Z	info	queue reader started	{"address": "127.0.0.1:34651", "component": "outbound-queue-processor", "lifecycle": "Started", "queue-reader-id": 0, "shard-id": 1, "logging-call-at": "/home/ubuntu/temporal-investigation-20260909/restart-20260909-1600/source-reset/service/history/queues/reader.go:158"}
    shared_cluster_t.go:72: 2026-09-10T01:19:38.407Z	info	none	{"address": "127.0.0.1:34651", "component": "visibility-queue-processor", "lifecycle": "Started", "shard-id": 1, "logging-call-at": "/home/ubuntu/temporal-investigation-20260909/restart-20260909-1600/source-reset/service/history/queues/queue_immediate.go:105"}
    shared_cluster_t.go:72: 2026-09-10T01:19:38.407Z	info	queue reader started	{"address": "127.0.0.1:34651", "component": "visibility-queue-processor", "lifecycle": "Started", "queue-reader-id": 0, "shard-id": 1, "logging-call-at": "/home/ubuntu/temporal-investigation-20260909/restart-20260909-1600/source-reset/service/history/queues/reader.go:158"}
    shared_cluster_t.go:72: 2026-09-10T01:19:38.407Z	info	none	{"address": "127.0.0.1:34651", "component": "transfer-queue-processor", "lifecycle": "Starting", "shard-id": 1, "logging-call-at": "/home/ubuntu/temporal-investigation-20260909/restart-20260909-1600/source-reset/service/history/queues/queue_immediate.go:96"}
    shared_cluster_t.go:72: 2026-09-10T01:19:38.407Z	info	Task rescheduler started.	{"address": "127.0.0.1:34651", "component": "transfer-queue-processor", "lifecycle": "Started", "shard-id": 1, "logging-call-at": "/home/ubuntu/temporal-investigation-20260909/restart-20260909-1600/source-reset/service/history/queues/rescheduler.go:102"}
    shared_cluster_t.go:72: 2026-09-10T01:19:38.407Z	error	Queue reader unable to retrieve tasks	{"address": "127.0.0.1:34651", "component": "outbound-queue-processor", "error": "shard status unknown", "queue-reader-id": 0, "shard-id": 1, "logging-call-at": "/home/ubuntu/temporal-investigation-20260909/restart-20260909-1600/source-reset/service/history/queues/reader.go:457"}
        go.temporal.io/server/common/log.(*zapLogger).Error
        	/home/ubuntu/temporal-investigation-20260909/restart-20260909-1600/source-reset/common/log/zap_logger.go:191
        go.temporal.io/server/common/testing/testlogger.(*TestLogger).Error
        	/home/ubuntu/temporal-investigation-20260909/restart-20260909-1600/source-reset/common/testing/testlogger/testlogger.go:543
        go.temporal.io/server/service/history/queues.(*ReaderImpl).loadAndSubmitTasks
        	/home/ubuntu/temporal-investigation-20260909/restart-20260909-1600/source-reset/service/history/queues/reader.go:457
        go.temporal.io/server/service/history/queues.(*ReaderImpl).eventLoop
        	/home/ubuntu/temporal-investigation-20260909/restart-20260909-1600/source-reset/service/history/queues/reader.go:422
    shared_cluster_t.go:72: 2026-09-10T01:19:38.407Z	error	Queue reader unable to retrieve tasks	{"address": "127.0.0.1:34651", "component": "visibility-queue-processor", "error": "shard status unknown", "queue-reader-id": 0, "shard-id": 1, "logging-call-at": "/home/ubuntu/temporal-investigation-20260909/restart-20260909-1600/source-reset/service/history/queues/reader.go:457"}
        go.temporal.io/server/common/log.(*zapLogger).Error
        	/home/ubuntu/temporal-investigation-20260909/restart-20260909-1600/source-reset/common/log/zap_logger.go:191
        go.temporal.io/server/common/testing/testlogger.(*TestLogger).Error
        	/home/ubuntu/temporal-investigation-20260909/restart-20260909-1600/source-reset/common/testing/testlogger/testlogger.go:543
        go.temporal.io/server/service/history/queues.(*ReaderImpl).loadAndSubmitTasks
        	/home/ubuntu/temporal-investigation-20260909/restart-20260909-1600/source-reset/service/history/queues/reader.go:457
        go.temporal.io/server/service/history/queues.(*ReaderImpl).eventLoop
        	/home/ubuntu/temporal-investigation-20260909/restart-20260909-1600/source-reset/service/history/queues/reader.go:422
    shared_cluster_t.go:72: 2026-09-10T01:19:38.407Z	info	none	{"address": "127.0.0.1:34651", "component": "transfer-queue-processor", "lifecycle": "Started", "shard-id": 1, "logging-call-at": "/home/ubuntu/temporal-investigation-20260909/restart-20260909-1600/source-reset/service/history/queues/queue_immediate.go:105"}
    shared_cluster_t.go:72: 2026-09-10T01:19:38.407Z	info	none	{"address": "127.0.0.1:34651", "component": "timer-queue-processor", "lifecycle": "Starting", "shard-id": 1, "logging-call-at": "/home/ubuntu/temporal-investigation-20260909/restart-20260909-1600/source-reset/service/history/queues/queue_scheduled.go:130"}
    shared_cluster_t.go:72: 2026-09-10T01:19:38.407Z	info	Task rescheduler started.	{"address": "127.0.0.1:34651", "component": "timer-queue-processor", "lifecycle": "Started", "shard-id": 1, "logging-call-at": "/home/ubuntu/temporal-investigation-20260909/restart-20260909-1600/source-reset/service/history/queues/rescheduler.go:102"}
    shared_cluster_t.go:72: 2026-09-10T01:19:38.407Z	info	none	{"address": "127.0.0.1:34651", "component": "timer-queue-processor", "lifecycle": "Started", "shard-id": 1, "logging-call-at": "/home/ubuntu/temporal-investigation-20260909/restart-20260909-1600/source-reset/service/history/queues/queue_scheduled.go:139"}
    shared_cluster_t.go:72: 2026-09-10T01:19:38.407Z	info	Starting draining	{"backlog": "fairness-drain", "component": "matching-engine", "wf-namespace": "TestWorkflowResetTestSuite-TestValidationScannerAge-48631506-12c7-4f44-b881-b8c8584d50f2", "wf-task-queue-name": "/_sys/TestWorkflowResetTestSuite/TestValidationScannerAge_task_queue/1", "wf-task-queue-type": "Workflow", "worker-version": "_unversioned_", "logging-call-at": "/home/ubuntu/temporal-investigation-20260909/restart-20260909-1600/source-reset/service/matching/physical_task_queue_manager.go:430"}
    shared_cluster_t.go:72: 2026-09-10T01:19:38.407Z	info	queue reader started	{"address": "127.0.0.1:34651", "component": "transfer-queue-processor", "lifecycle": "Started", "queue-reader-id": 0, "shard-id": 1, "logging-call-at": "/home/ubuntu/temporal-investigation-20260909/restart-20260909-1600/source-reset/service/history/queues/reader.go:158"}
    shared_cluster_t.go:72: 2026-09-10T01:19:38.407Z	error	Queue reader unable to retrieve tasks	{"address": "127.0.0.1:34651", "component": "transfer-queue-processor", "error": "shard status unknown", "queue-reader-id": 0, "shard-id": 1, "logging-call-at": "/home/ubuntu/temporal-investigation-20260909/restart-20260909-1600/source-reset/service/history/queues/reader.go:457"}
        go.temporal.io/server/common/log.(*zapLogger).Error
        	/home/ubuntu/temporal-investigation-20260909/restart-20260909-1600/source-reset/common/log/zap_logger.go:191
        go.temporal.io/server/common/testing/testlogger.(*TestLogger).Error
        	/home/ubuntu/temporal-investigation-20260909/restart-20260909-1600/source-reset/common/testing/testlogger/testlogger.go:543
        go.temporal.io/server/service/history/queues.(*ReaderImpl).loadAndSubmitTasks
        	/home/ubuntu/temporal-investigation-20260909/restart-20260909-1600/source-reset/service/history/queues/reader.go:457
        go.temporal.io/server/service/history/queues.(*ReaderImpl).eventLoop
        	/home/ubuntu/temporal-investigation-20260909/restart-20260909-1600/source-reset/service/history/queues/reader.go:422
    shared_cluster_t.go:72: 2026-09-10T01:19:38.407Z	info	none	{"component": "memory-scheduled-queue-processor", "lifecycle": "Starting", "service": "history", "logging-call-at": "/home/ubuntu/temporal-investigation-20260909/restart-20260909-1600/source-reset/service/history/queues/memory_scheduled_queue.go:79"}
    shared_cluster_t.go:72: 2026-09-10T01:19:38.407Z	info	queue reader started	{"address": "127.0.0.1:34651", "component": "timer-queue-processor", "lifecycle": "Started", "queue-reader-id": 0, "shard-id": 1, "logging-call-at": "/home/ubuntu/temporal-investigation-20260909/restart-20260909-1600/source-reset/service/history/queues/reader.go:158"}
    shared_cluster_t.go:72: 2026-09-10T01:19:38.407Z	error	Queue reader unable to retrieve tasks	{"address": "127.0.0.1:34651", "component": "timer-queue-processor", "error": "shard status unknown", "queue-reader-id": 0, "shard-id": 1, "logging-call-at": "/home/ubuntu/temporal-investigation-20260909/restart-20260909-1600/source-reset/service/history/queues/reader.go:457"}
        go.temporal.io/server/common/log.(*zapLogger).Error
        	/home/ubuntu/temporal-investigation-20260909/restart-20260909-1600/source-reset/common/log/zap_logger.go:191
        go.temporal.io/server/common/testing/testlogger.(*TestLogger).Error
        	/home/ubuntu/temporal-investigation-20260909/restart-20260909-1600/source-reset/common/testing/testlogger/testlogger.go:543
        go.temporal.io/server/service/history/queues.(*ReaderImpl).loadAndSubmitTasks
        	/home/ubuntu/temporal-investigation-20260909/restart-20260909-1600/source-reset/service/history/queues/reader.go:457
        go.temporal.io/server/service/history/queues.(*ReaderImpl).eventLoop
        	/home/ubuntu/temporal-investigation-20260909/restart-20260909-1600/source-reset/service/history/queues/reader.go:422
    shared_cluster_t.go:72: 2026-09-10T01:19:38.407Z	info	none	{"component": "memory-scheduled-queue-processor", "lifecycle": "Started", "service": "history", "logging-call-at": "/home/ubuntu/temporal-investigation-20260909/restart-20260909-1600/source-reset/service/history/queues/memory_scheduled_queue.go:84"}
    shared_cluster_t.go:72: 2026-09-10T01:19:38.407Z	info	none	{"address": "127.0.0.1:34651", "component": "history-engine", "lifecycle": "Started", "shard-id": 1, "logging-call-at": "/home/ubuntu/temporal-investigation-20260909/restart-20260909-1600/source-reset/service/history/history_engine.go:395"}
    shared_cluster_t.go:72: 2026-09-10T01:19:38.407Z	info	none	{"address": "127.0.0.1:34651", "component": "shard-engine", "lifecycle": "Started", "shard-id": 1, "logging-call-at": "/home/ubuntu/temporal-investigation-20260909/restart-20260909-1600/source-reset/service/history/shard/context_impl.go:1607"}
    reset_scanner_validation_test.go:163: SCANNER_OBSERVATION mode=start minAge=1440h0m0s branchAge=2.125245ms eligible=false acknowledged=01a088e6-219e-7795-bc42-d23221aaada1 persistedNext=3 historyEvents=2 historyError=<nil>
    shared_cluster_t.go:72: 2026-09-10T01:19:38.411Z	debug	Frontend method invoked.	{"wf-namespace": "TestWorkflowResetTestSuite-TestValidationScannerAge-48631506-12c7-4f44-b881-b8c8584d50f2", "operation": "PollWorkflowTaskQueue", "server-name": "", "cert-thumbprint": "", "logging-call-at": "/home/ubuntu/temporal-investigation-20260909/restart-20260909-1600/source-reset/common/rpc/interceptor/namespace_logger.go:53"}
    shared_cluster_t.go:72: 2026-09-10T01:19:38.411Z	info	Quota changed	{"component": "long-poll-handler", "current-quota": null, "new-quota": 1200, "scope": "namespace", "service": "frontend", "wf-namespace": "TestWorkflowResetTestSuite-TestValidationScannerAge-48631506-12c7-4f44-b881-b8c8584d50f2", "logging-call-at": "/home/ubuntu/temporal-investigation-20260909/restart-20260909-1600/source-reset/common/quotas/calculator/logged_calculator.go:100"}
    shared_cluster_t.go:72: 2026-09-10T01:19:38.411Z	debug	Received PollWorkflowTaskQueue	{"service": "frontend", "logging-call-at": "/home/ubuntu/temporal-investigation-20260909/restart-20260909-1600/source-reset/service/frontend/workflow_handler.go:1079"}
    shared_cluster_t.go:72: 2026-09-10T01:19:38.412Z	debug	Poll workflow task queue.	{"service": "frontend", "wf-namespace": "TestWorkflowResetTestSuite-TestValidationScannerAge-48631506-12c7-4f44-b881-b8c8584d50f2", "wf-namespace-id": "4d66078b-a0f5-4d57-a575-788cfacb94b3", "logging-call-at": "/home/ubuntu/temporal-investigation-20260909/restart-20260909-1600/source-reset/service/frontend/workflow_handler.go:1116"}
    shared_cluster_t.go:72: 2026-09-10T01:19:38.413Z	debug	Workflow task updated	{"address": "127.0.0.1:34651", "attempt": 1, "shard-id": 1, "wf-id": "TestWorkflowResetTestSuite/TestValidationScannerAge_workflow_id", "wf-namespace": "TestWorkflowResetTestSuite-TestValidationScannerAge-48631506-12c7-4f44-b881-b8c8584d50f2", "wf-namespace-id": "4d66078b-a0f5-4d57-a575-788cfacb94b3", "wf-run-id": "01a088e6-219e-7795-bc42-d23221aaada1", "wf-scheduled-event-id": 2, "wf-started-event-id": 3, "wf-started-timestamp": "2026-09-10T01:19:38.413Z", "workflow-task-request-id": "1b22c448-3b8e-4f12-bb8a-a008c5a65ac1", "workflow-task-timeout": 60, "wt-type": "Normal", "logging-call-at": "/home/ubuntu/temporal-investigation-20260909/restart-20260909-1600/source-reset/common/log/lazy_logger.go:30"}
    shared_cluster_t.go:72: 2026-09-10T01:19:38.413Z	debug	time skipping skipped for: time skipping is not enabled	{"address": "127.0.0.1:34651", "shard-id": 1, "wf-id": "TestWorkflowResetTestSuite/TestValidationScannerAge_workflow_id", "wf-namespace": "TestWorkflowResetTestSuite-TestValidationScannerAge-48631506-12c7-4f44-b881-b8c8584d50f2", "wf-namespace-id": "4d66078b-a0f5-4d57-a575-788cfacb94b3", "wf-run-id": "01a088e6-219e-7795-bc42-d23221aaada1", "logging-call-at": "/home/ubuntu/temporal-investigation-20260909/restart-20260909-1600/source-reset/common/log/lazy_logger.go:30"}
    shared_cluster_t.go:72: 2026-09-10T01:19:38.413Z	debug	Assigning new task key	{"address": "127.0.0.1:34651", "cursor-timestamp": "2026-09-10T01:19:39.408Z", "queue-task-id": 2097154, "queue-task-type": "WorkflowTaskTimeout", "shard-id": 1, "timestamp": "2026-09-10T01:20:38.414Z", "wf-id": "TestWorkflowResetTestSuite/TestValidationScannerAge_workflow_id", "wf-namespace-id": "4d66078b-a0f5-4d57-a575-788cfacb94b3", "wf-run-id": "01a088e6-219e-7795-bc42-d23221aaada1", "logging-call-at": "/home/ubuntu/temporal-investigation-20260909/restart-20260909-1600/source-reset/service/history/shard/task_key_generator.go:98"}
    shared_cluster_t.go:72: 2026-09-10T01:19:38.416Z	debug	routing key extraction: adding routing key to context	{"wf-id": "TestWorkflowResetTestSuite/TestValidationScannerAge_workflow_id", "grpc-method": "/temporal.api.workflowservice.v1.WorkflowService/RespondWorkflowTaskCompleted", "logging-call-at": "/home/ubuntu/temporal-investigation-20260909/restart-20260909-1600/source-reset/common/rpc/interceptor/routing_key_interceptor.go:112"}
    shared_cluster_t.go:72: 2026-09-10T01:19:38.416Z	debug	Frontend method invoked.	{"wf-namespace": "TestWorkflowResetTestSuite-TestValidationScannerAge-48631506-12c7-4f44-b881-b8c8584d50f2", "operation": "RespondWorkflowTaskCompleted", "server-name": "", "cert-thumbprint": "", "logging-call-at": "/home/ubuntu/temporal-investigation-20260909/restart-20260909-1600/source-reset/common/rpc/interceptor/namespace_logger.go:53"}
    shared_cluster_t.go:72: 2026-09-10T01:19:38.417Z	debug	RespondWorkflowTaskCompleted	{"service": "history", "wf-id": "TestWorkflowResetTestSuite/TestValidationScannerAge_workflow_id", "wf-namespace-id": "4d66078b-a0f5-4d57-a575-788cfacb94b3", "wf-run-id": "01a088e6-219e-7795-bc42-d23221aaada1", "wf-scheduled-event-id": 2, "logging-call-at": "/home/ubuntu/temporal-investigation-20260909/restart-20260909-1600/source-reset/service/history/handler.go:558"}
    shared_cluster_t.go:72: 2026-09-10T01:19:38.417Z	debug	Workflow task updated	{"address": "127.0.0.1:34651", "attempt": 1, "shard-id": 1, "wf-id": "TestWorkflowResetTestSuite/TestValidationScannerAge_workflow_id", "wf-namespace": "TestWorkflowResetTestSuite-TestValidationScannerAge-48631506-12c7-4f44-b881-b8c8584d50f2", "wf-namespace-id": "4d66078b-a0f5-4d57-a575-788cfacb94b3", "wf-run-id": "01a088e6-219e-7795-bc42-d23221aaada1", "wf-scheduled-event-id": 0, "wf-started-event-id": 0, "wf-started-timestamp": "1970-01-01T00:00:00.000Z", "workflow-task-request-id": "emptyUuid", "workflow-task-timeout": 0, "wt-type": "Unspecified", "logging-call-at": "/home/ubuntu/temporal-investigation-20260909/restart-20260909-1600/source-reset/common/log/lazy_logger.go:30"}
    shared_cluster_t.go:72: 2026-09-10T01:19:38.417Z	debug	time skipping skipped for: time skipping is not enabled	{"address": "127.0.0.1:34651", "shard-id": 1, "wf-id": "TestWorkflowResetTestSuite/TestValidationScannerAge_workflow_id", "wf-namespace": "TestWorkflowResetTestSuite-TestValidationScannerAge-48631506-12c7-4f44-b881-b8c8584d50f2", "wf-namespace-id": "4d66078b-a0f5-4d57-a575-788cfacb94b3", "wf-run-id": "01a088e6-219e-7795-bc42-d23221aaada1", "logging-call-at": "/home/ubuntu/temporal-investigation-20260909/restart-20260909-1600/source-reset/common/log/lazy_logger.go:30"}
    shared_cluster_t.go:72: 2026-09-10T01:19:38.417Z	debug	Assigning new task key	{"address": "127.0.0.1:34651", "cursor-timestamp": "2026-09-10T01:19:39.408Z", "queue-task-id": 2097159, "queue-task-type": "TransferCloseExecution", "shard-id": 1, "timestamp": "2026-09-10T01:19:38.417Z", "wf-id": "TestWorkflowResetTestSuite/TestValidationScannerAge_workflow_id", "wf-namespace-id": "4d66078b-a0f5-4d57-a575-788cfacb94b3", "wf-run-id": "01a088e6-219e-7795-bc42-d23221aaada1", "logging-call-at": "/home/ubuntu/temporal-investigation-20260909/restart-20260909-1600/source-reset/service/history/shard/task_key_generator.go:98"}
    shared_cluster_t.go:72: 2026-09-10T01:19:38.417Z	debug	Assigning new task key	{"address": "127.0.0.1:34651", "cursor-timestamp": "2026-09-10T01:19:39.408Z", "queue-task-id": 2097160, "queue-task-type": "VisibilityCloseExecution", "shard-id": 1, "timestamp": "2026-09-10T01:19:38.417Z", "wf-id": "TestWorkflowResetTestSuite/TestValidationScannerAge_workflow_id", "wf-namespace-id": "4d66078b-a0f5-4d57-a575-788cfacb94b3", "wf-run-id": "01a088e6-219e-7795-bc42-d23221aaada1", "logging-call-at": "/home/ubuntu/temporal-investigation-20260909/restart-20260909-1600/source-reset/service/history/shard/task_key_generator.go:98"}
    shared_cluster_t.go:72: 2026-09-10T01:19:38.417Z	debug	Assigning new task key	{"address": "127.0.0.1:34651", "cursor-timestamp": "2026-09-10T01:19:39.408Z", "queue-task-id": 2097161, "queue-task-type": "DeleteHistoryEvent", "shard-id": 1, "timestamp": "2026-09-11T01:19:39.074Z", "wf-id": "TestWorkflowResetTestSuite/TestValidationScannerAge_workflow_id", "wf-namespace-id": "4d66078b-a0f5-4d57-a575-788cfacb94b3", "wf-run-id": "01a088e6-219e-7795-bc42-d23221aaada1", "logging-call-at": "/home/ubuntu/temporal-investigation-20260909/restart-20260909-1600/source-reset/service/history/shard/task_key_generator.go:98"}
    reset_scanner_validation_test.go:60: SCANNER_WORKER_COMPLETE run=01a088e6-219e-7795-bc42-d23221aaada1 status=Completed
    reset_scanner_validation_test.go:49: 
        	Error Trace:	/home/ubuntu/temporal-investigation-20260909/restart-20260909-1600/source-reset/tests/reset_scanner_validation_test.go:49
        	            				/home/ubuntu/temporal-investigation-20260909/restart-20260909-1600/source-reset/tests/reset_scanner_validation_test.go:168
        	            				/home/ubuntu/go/pkg/mod/golang.org/toolchain@v0.0.1-go1.27.0.linux-amd64/src/runtime/asm_amd64.s:1264
        	Error:      	Received unexpected error:
        	            	unable to open database file (14)
        	            	unable to open database file (14)
        	            	unable to open database file (14)
        	            	unable to open database file (14)
        	            	unable to open database file (14)
        	            	unable to open database file (14)
        	            	unable to open database file (14)
        	            	unable to open database file (14)
        	            	unable to open database file (14)
        	            	unable to open database file (14)
        	            	unable to open database file (14)
        	            	unable to open database file (14)
        	            	unable to open database file (14)
        	            	unable to open database file (14)
        	            	unable to open database file (14)
        	            	unable to open database file (14)
        	            	unable to open database file (14)
        	            	unable to open database file (14)
        	            	unable to open database file (14)
        	            	unable to open database file (14)
        	            	unable to open database file (14)
        	            	unable to open database file (14)
        	            	unable to open database file (14)
        	            	unable to open database file (14)
        	            	unable to open database file (14)
        	            	unable to open database file (14)
        	            	unable to open database file (14)
        	Test:       	TestWorkflowResetTestSuite/TestValidationScannerAge
2026-09-10T01:19:38.422Z	info	ShutdownHandler: Updating gRPC health status to ShuttingDown	{"service": "frontend", "logging-call-at": "/home/ubuntu/temporal-investigation-20260909/restart-20260909-1600/source-reset/service/frontend/service.go:565"}
2026-09-10T01:19:38.422Z	info	ShutdownHandler: Waiting for others to discover I am unhealthy	{"service": "frontend", "logging-call-at": "/home/ubuntu/temporal-investigation-20260909/restart-20260909-1600/source-reset/service/frontend/service.go:569"}
2026-09-10T01:19:38.422Z	info	ShutdownHandler: Draining traffic	{"service": "frontend", "logging-call-at": "/home/ubuntu/temporal-investigation-20260909/restart-20260909-1600/source-reset/service/frontend/service.go:578"}
2026-09-10T01:19:38.422Z	info	frontend stopped	{"service": "frontend", "logging-call-at": "/home/ubuntu/temporal-investigation-20260909/restart-20260909-1600/source-reset/service/frontend/service.go:600"}
2026-09-10T01:19:38.422Z	info	RuntimeMetricsReporter stopped	{"service": "frontend", "logging-call-at": "/home/ubuntu/temporal-investigation-20260909/restart-20260909-1600/source-reset/common/metrics/runtime.go:127"}
2026-09-10T01:19:38.422Z	warn	network dial error	{"address": "127.0.0.1:44151", "connectAddr": "127.0.0.1:44151", "connectDuration": 0.000062522, "connectErr": "dial tcp 127.0.0.1:44151: connect: connection refused", "error": "dial tcp 127.0.0.1:44151: connect: connection refused", "error-type": "net.OpError", "service": "client", "totalDuration": 0.000067289, "logging-call-at": "/home/ubuntu/temporal-investigation-20260909/restart-20260909-1600/source-reset/common/rpc/dial_tracer.go:73"}
2026-09-10T01:19:38.422Z	warn	network dial error	{"address": "membership://frontend~0x3bad6307e2f0", "connectAddr": "127.0.0.1:44151", "connectDuration": 0.000066879, "connectErr": "dial tcp 127.0.0.1:44151: connect: connection refused", "error": "dial tcp 127.0.0.1:44151: connect: connection refused", "error-type": "net.OpError", "service": "client", "totalDuration": 0.000071175, "logging-call-at": "/home/ubuntu/temporal-investigation-20260909/restart-20260909-1600/source-reset/common/rpc/dial_tracer.go:73"}
2026-09-10T01:19:38.422Z	info	ShutdownHandler: Evicting self from membership ring immediately	{"logging-call-at": "/home/ubuntu/temporal-investigation-20260909/restart-20260909-1600/source-reset/service/history/service.go:129"}
2026-09-10T01:19:38.422Z	info	ShutdownHandler: Waiting for drain	{"logging-call-at": "/home/ubuntu/temporal-investigation-20260909/restart-20260909-1600/source-reset/service/history/service.go:137"}
2026-09-10T01:19:38.422Z	info	ShutdownHandler: Initiating handler shutdown	{"logging-call-at": "/home/ubuntu/temporal-investigation-20260909/restart-20260909-1600/source-reset/service/history/service.go:156"}
2026-09-10T01:19:38.422Z	info	StreamReceiverMonitor stopped.	{"logging-call-at": "/home/ubuntu/temporal-investigation-20260909/restart-20260909-1600/source-reset/service/history/replication/stream_receiver_monitor.go:115"}
2026-09-10T01:19:38.422Z	info	Replication task fetchers stopped.	{"logging-call-at": "/home/ubuntu/temporal-investigation-20260909/restart-20260909-1600/source-reset/service/history/replication/task_fetcher.go:136"}
2026-09-10T01:19:38.422Z	info	none	{"address": "127.0.0.1:34651", "component": "shard-controller", "lifecycle": "Stopping", "logging-call-at": "/home/ubuntu/temporal-investigation-20260909/restart-20260909-1600/source-reset/service/history/shard/controller_impl.go:529"}
2026-09-10T01:19:38.422Z	info	none	{"address": "127.0.0.1:34651", "component": "shard-context", "lifecycle": "Stopped", "shard-id": 1, "logging-call-at": "/home/ubuntu/temporal-investigation-20260909/restart-20260909-1600/source-reset/service/history/shard/context_impl.go:1783"}
2026-09-10T01:19:38.422Z	info	none	{"address": "127.0.0.1:34651", "component": "shard-engine", "lifecycle": "Stopping", "shard-id": 1, "logging-call-at": "/home/ubuntu/temporal-investigation-20260909/restart-20260909-1600/source-reset/service/history/shard/context_impl.go:1631"}
2026-09-10T01:19:38.422Z	info	none	{"address": "127.0.0.1:34651", "component": "history-engine", "lifecycle": "Stopping", "shard-id": 1, "logging-call-at": "/home/ubuntu/temporal-investigation-20260909/restart-20260909-1600/source-reset/service/history/history_engine.go:407"}
2026-09-10T01:19:38.422Z	info	none	{"address": "127.0.0.1:34651", "component": "timer-queue-processor", "lifecycle": "Stopping", "shard-id": 1, "logging-call-at": "/home/ubuntu/temporal-investigation-20260909/restart-20260909-1600/source-reset/service/history/queues/queue_scheduled.go:146"}
2026-09-10T01:19:38.422Z	info	queue reader stopped	{"address": "127.0.0.1:34651", "component": "timer-queue-processor", "lifecycle": "Stopped", "queue-reader-id": 0, "shard-id": 1, "logging-call-at": "/home/ubuntu/temporal-investigation-20260909/restart-20260909-1600/source-reset/service/history/queues/reader.go:177"}
2026-09-10T01:19:38.422Z	info	Task rescheduler stopped.	{"address": "127.0.0.1:34651", "component": "timer-queue-processor", "lifecycle": "Stopped", "shard-id": 1, "logging-call-at": "/home/ubuntu/temporal-investigation-20260909/restart-20260909-1600/source-reset/service/history/queues/rescheduler.go:117"}
2026-09-10T01:19:38.422Z	info	none	{"address": "127.0.0.1:34651", "component": "timer-queue-processor", "lifecycle": "Stopped", "shard-id": 1, "logging-call-at": "/home/ubuntu/temporal-investigation-20260909/restart-20260909-1600/source-reset/service/history/queues/queue_scheduled.go:157"}
2026-09-10T01:19:38.422Z	info	none	{"component": "memory-scheduled-queue-processor", "lifecycle": "Stopping", "service": "history", "logging-call-at": "/home/ubuntu/temporal-investigation-20260909/restart-20260909-1600/source-reset/service/history/queues/memory_scheduled_queue.go:91"}
2026-09-10T01:19:38.422Z	info	none	{"component": "memory-scheduled-queue-processor", "lifecycle": "Stopped", "service": "history", "logging-call-at": "/home/ubuntu/temporal-investigation-20260909/restart-20260909-1600/source-reset/service/history/queues/memory_scheduled_queue.go:99"}
2026-09-10T01:19:38.422Z	info	none	{"address": "127.0.0.1:34651", "component": "outbound-queue-processor", "lifecycle": "Stopping", "shard-id": 1, "logging-call-at": "/home/ubuntu/temporal-investigation-20260909/restart-20260909-1600/source-reset/service/history/queues/queue_immediate.go:112"}
2026-09-10T01:19:38.422Z	info	queue reader stopped	{"address": "127.0.0.1:34651", "component": "outbound-queue-processor", "lifecycle": "Stopped", "queue-reader-id": 0, "shard-id": 1, "logging-call-at": "/home/ubuntu/temporal-investigation-20260909/restart-20260909-1600/source-reset/service/history/queues/reader.go:177"}
2026-09-10T01:19:38.422Z	info	Task rescheduler stopped.	{"address": "127.0.0.1:34651", "component": "outbound-queue-processor", "lifecycle": "Stopped", "shard-id": 1, "logging-call-at": "/home/ubuntu/temporal-investigation-20260909/restart-20260909-1600/source-reset/service/history/queues/rescheduler.go:117"}
2026-09-10T01:19:38.422Z	info	none	{"address": "127.0.0.1:34651", "component": "outbound-queue-processor", "lifecycle": "Stopped", "shard-id": 1, "logging-call-at": "/home/ubuntu/temporal-investigation-20260909/restart-20260909-1600/source-reset/service/history/queues/queue_immediate.go:122"}
2026-09-10T01:19:38.422Z	info	none	{"address": "127.0.0.1:34651", "component": "visibility-queue-processor", "lifecycle": "Stopping", "shard-id": 1, "logging-call-at": "/home/ubuntu/temporal-investigation-20260909/restart-20260909-1600/source-reset/service/history/queues/queue_immediate.go:112"}
2026-09-10T01:19:38.422Z	info	queue reader stopped	{"address": "127.0.0.1:34651", "component": "visibility-queue-processor", "lifecycle": "Stopped", "queue-reader-id": 0, "shard-id": 1, "logging-call-at": "/home/ubuntu/temporal-investigation-20260909/restart-20260909-1600/source-reset/service/history/queues/reader.go:177"}
2026-09-10T01:19:38.422Z	info	Task rescheduler stopped.	{"address": "127.0.0.1:34651", "component": "visibility-queue-processor", "lifecycle": "Stopped", "shard-id": 1, "logging-call-at": "/home/ubuntu/temporal-investigation-20260909/restart-20260909-1600/source-reset/service/history/queues/rescheduler.go:117"}
2026-09-10T01:19:38.422Z	info	none	{"address": "127.0.0.1:34651", "component": "visibility-queue-processor", "lifecycle": "Stopped", "shard-id": 1, "logging-call-at": "/home/ubuntu/temporal-investigation-20260909/restart-20260909-1600/source-reset/service/history/queues/queue_immediate.go:122"}
2026-09-10T01:19:38.422Z	info	none	{"address": "127.0.0.1:34651", "component": "transfer-queue-processor", "lifecycle": "Stopping", "shard-id": 1, "logging-call-at": "/home/ubuntu/temporal-investigation-20260909/restart-20260909-1600/source-reset/service/history/queues/queue_immediate.go:112"}
2026-09-10T01:19:38.422Z	info	queue reader stopped	{"address": "127.0.0.1:34651", "component": "transfer-queue-processor", "lifecycle": "Stopped", "queue-reader-id": 0, "shard-id": 1, "logging-call-at": "/home/ubuntu/temporal-investigation-20260909/restart-20260909-1600/source-reset/service/history/queues/reader.go:177"}
2026-09-10T01:19:38.422Z	info	Task rescheduler stopped.	{"address": "127.0.0.1:34651", "component": "transfer-queue-processor", "lifecycle": "Stopped", "shard-id": 1, "logging-call-at": "/home/ubuntu/temporal-investigation-20260909/restart-20260909-1600/source-reset/service/history/queues/rescheduler.go:117"}
2026-09-10T01:19:38.422Z	info	none	{"address": "127.0.0.1:34651", "component": "transfer-queue-processor", "lifecycle": "Stopped", "shard-id": 1, "logging-call-at": "/home/ubuntu/temporal-investigation-20260909/restart-20260909-1600/source-reset/service/history/queues/queue_immediate.go:122"}
2026-09-10T01:19:38.422Z	info	none	{"address": "127.0.0.1:34651", "component": "history-engine", "lifecycle": "Stopped", "shard-id": 1, "logging-call-at": "/home/ubuntu/temporal-investigation-20260909/restart-20260909-1600/source-reset/service/history/history_engine.go:416"}
2026-09-10T01:19:38.422Z	info	none	{"address": "127.0.0.1:34651", "component": "shard-engine", "lifecycle": "Stopped", "shard-id": 1, "logging-call-at": "/home/ubuntu/temporal-investigation-20260909/restart-20260909-1600/source-reset/service/history/shard/context_impl.go:1633"}
2026-09-10T01:19:38.423Z	debug	finalizer starting	{"address": "127.0.0.1:34651", "items": 1, "shard-id": 1, "timeout": 2, "logging-call-at": "/home/ubuntu/temporal-investigation-20260909/restart-20260909-1600/source-reset/common/finalizer/finalizer.go:108"}
2026-09-10T01:19:38.423Z	debug	finalizer completed	{"address": "127.0.0.1:34651", "completed": 1, "shard-id": 1, "logging-call-at": "/home/ubuntu/temporal-investigation-20260909/restart-20260909-1600/source-reset/common/finalizer/finalizer.go:152"}
2026-09-10T01:19:38.423Z	info	none	{"address": "127.0.0.1:34651", "component": "shard-controller", "lifecycle": "Stopped", "logging-call-at": "/home/ubuntu/temporal-investigation-20260909/restart-20260909-1600/source-reset/service/history/shard/controller_impl.go:126"}
2026-09-10T01:19:38.423Z	info	history stopped	{"logging-call-at": "/home/ubuntu/temporal-investigation-20260909/restart-20260909-1600/source-reset/service/history/service.go:175"}
2026-09-10T01:19:38.423Z	info	RuntimeMetricsReporter stopped	{"service": "history", "logging-call-at": "/home/ubuntu/temporal-investigation-20260909/restart-20260909-1600/source-reset/common/metrics/runtime.go:127"}
2026-09-10T01:19:38.423Z	warn	network dial error	{"address": "127.0.0.1:34651", "connectAddr": "127.0.0.1:34651", "connectDuration": 0.000048411, "connectErr": "dial tcp 127.0.0.1:34651: connect: connection refused", "error": "dial tcp 127.0.0.1:34651: connect: connection refused", "error-type": "net.OpError", "service": "client", "totalDuration": 0.000052898, "logging-call-at": "/home/ubuntu/temporal-investigation-20260909/restart-20260909-1600/source-reset/common/rpc/dial_tracer.go:73"}
2026-09-10T01:19:38.423Z	warn	network dial error	{"address": "127.0.0.1:34651", "connectAddr": "127.0.0.1:34651", "connectDuration": 0.000059077, "connectErr": "dial tcp 127.0.0.1:34651: connect: connection refused", "error": "dial tcp 127.0.0.1:34651: connect: connection refused", "error-type": "net.OpError", "service": "client", "totalDuration": 0.000064365, "logging-call-at": "/home/ubuntu/temporal-investigation-20260909/restart-20260909-1600/source-reset/common/rpc/dial_tracer.go:73"}
2026-09-10T01:19:38.423Z	info	Update worker pool size	{"key": "worker-pool-size", "service": "history", "value": 0, "logging-call-at": "/home/ubuntu/temporal-investigation-20260909/restart-20260909-1600/source-reset/common/tasks/fifo_scheduler.go:138"}
2026-09-10T01:19:38.423Z	info	fifo scheduler stopped	{"service": "history", "logging-call-at": "/home/ubuntu/temporal-investigation-20260909/restart-20260909-1600/source-reset/common/tasks/fifo_scheduler.go:89"}
2026-09-10T01:19:38.423Z	info	execution queue scheduler stopped	{"service": "history", "logging-call-at": "/home/ubuntu/temporal-investigation-20260909/restart-20260909-1600/source-reset/common/tasks/execution_queue_scheduler.go:109"}
2026-09-10T01:19:38.423Z	info	interleaved weighted round robin task scheduler stopped	{"service": "history", "logging-call-at": "/home/ubuntu/temporal-investigation-20260909/restart-20260909-1600/source-reset/common/tasks/interleaved_weighted_round_robin.go:137"}
2026-09-10T01:19:38.423Z	debug	GroupByScheduler shutdown complete	{"service": "history", "logging-call-at": "/home/ubuntu/temporal-investigation-20260909/restart-20260909-1600/source-reset/common/tasks/group_by_scheduler.go:62"}
2026-09-10T01:19:38.423Z	info	Update worker pool size	{"key": "worker-pool-size", "service": "history", "value": 0, "logging-call-at": "/home/ubuntu/temporal-investigation-20260909/restart-20260909-1600/source-reset/common/tasks/fifo_scheduler.go:138"}
2026-09-10T01:19:38.423Z	info	fifo scheduler stopped	{"service": "history", "logging-call-at": "/home/ubuntu/temporal-investigation-20260909/restart-20260909-1600/source-reset/common/tasks/fifo_scheduler.go:89"}
2026-09-10T01:19:38.423Z	info	execution queue scheduler stopped	{"service": "history", "logging-call-at": "/home/ubuntu/temporal-investigation-20260909/restart-20260909-1600/source-reset/common/tasks/execution_queue_scheduler.go:109"}
2026-09-10T01:19:38.423Z	info	interleaved weighted round robin task scheduler stopped	{"service": "history", "logging-call-at": "/home/ubuntu/temporal-investigation-20260909/restart-20260909-1600/source-reset/common/tasks/interleaved_weighted_round_robin.go:137"}
2026-09-10T01:19:38.423Z	info	Update worker pool size	{"component": "memory-scheduled-queue-processor", "key": "worker-pool-size", "service": "history", "value": 0, "logging-call-at": "/home/ubuntu/temporal-investigation-20260909/restart-20260909-1600/source-reset/common/tasks/fifo_scheduler.go:138"}
2026-09-10T01:19:38.423Z	info	fifo scheduler stopped	{"component": "memory-scheduled-queue-processor", "service": "history", "logging-call-at": "/home/ubuntu/temporal-investigation-20260909/restart-20260909-1600/source-reset/common/tasks/fifo_scheduler.go:89"}
2026-09-10T01:19:38.423Z	info	Update worker pool size	{"key": "worker-pool-size", "service": "history", "value": 0, "logging-call-at": "/home/ubuntu/temporal-investigation-20260909/restart-20260909-1600/source-reset/common/tasks/fifo_scheduler.go:138"}
2026-09-10T01:19:38.423Z	info	fifo scheduler stopped	{"service": "history", "logging-call-at": "/home/ubuntu/temporal-investigation-20260909/restart-20260909-1600/source-reset/common/tasks/fifo_scheduler.go:89"}
2026-09-10T01:19:38.423Z	info	execution queue scheduler stopped	{"service": "history", "logging-call-at": "/home/ubuntu/temporal-investigation-20260909/restart-20260909-1600/source-reset/common/tasks/execution_queue_scheduler.go:109"}
2026-09-10T01:19:38.423Z	info	interleaved weighted round robin task scheduler stopped	{"service": "history", "logging-call-at": "/home/ubuntu/temporal-investigation-20260909/restart-20260909-1600/source-reset/common/tasks/interleaved_weighted_round_robin.go:137"}
2026-09-10T01:19:38.423Z	info	Update worker pool size	{"key": "worker-pool-size", "value": 0, "logging-call-at": "/home/ubuntu/temporal-investigation-20260909/restart-20260909-1600/source-reset/common/tasks/sequential_scheduler.go:228"}
2026-09-10T01:19:38.423Z	info	sequential scheduler stopped	{"logging-call-at": "/home/ubuntu/temporal-investigation-20260909/restart-20260909-1600/source-reset/common/tasks/sequential_scheduler.go:104"}
2026-09-10T01:19:38.423Z	info	interleaved weighted round robin task scheduler stopped	{"logging-call-at": "/home/ubuntu/temporal-investigation-20260909/restart-20260909-1600/source-reset/common/tasks/interleaved_weighted_round_robin.go:137"}
2026-09-10T01:19:38.423Z	info	Update worker pool size	{"key": "worker-pool-size", "value": 0, "logging-call-at": "/home/ubuntu/temporal-investigation-20260909/restart-20260909-1600/source-reset/common/tasks/sequential_scheduler.go:228"}
2026-09-10T01:19:38.423Z	info	sequential scheduler stopped	{"logging-call-at": "/home/ubuntu/temporal-investigation-20260909/restart-20260909-1600/source-reset/common/tasks/sequential_scheduler.go:104"}
2026-09-10T01:19:38.423Z	info	interleaved weighted round robin task scheduler stopped	{"logging-call-at": "/home/ubuntu/temporal-investigation-20260909/restart-20260909-1600/source-reset/common/tasks/interleaved_weighted_round_robin.go:137"}
2026-09-10T01:19:38.423Z	info	ShutdownHandler: Evicting self from membership ring immediately	{"service": "matching", "logging-call-at": "/home/ubuntu/temporal-investigation-20260909/restart-20260909-1600/source-reset/service/matching/service.go:97"}
2026-09-10T01:19:38.423Z	info	ShutdownHandler: Waiting for others to discover I am unhealthy	{"service": "matching", "logging-call-at": "/home/ubuntu/temporal-investigation-20260909/restart-20260909-1600/source-reset/service/matching/service.go:105"}
2026-09-10T01:19:38.424Z	info	Stopped physicalTaskQueueManager	{"backlog": "priority", "cause": "ShuttingDown", "component": "matching-engine", "lifecycle": "Stopped", "wf-namespace": "TestWorkflowResetTestSuite-TestValidationScannerAge-48631506-12c7-4f44-b881-b8c8584d50f2", "wf-task-queue-name": "/_sys/TestWorkflowResetTestSuite/TestValidationScannerAge_task_queue/2", "wf-task-queue-type": "Workflow", "worker-version": "_unversioned_", "logging-call-at": "/home/ubuntu/temporal-investigation-20260909/restart-20260909-1600/source-reset/service/matching/physical_task_queue_manager.go:341"}
2026-09-10T01:19:38.424Z	debug	returning empty user data (expired)	{"component": "matching-engine", "request-known-version": 0, "user-data-version": 0, "wf-namespace": "TestWorkflowResetTestSuite-TestValidationScannerAge-48631506-12c7-4f44-b881-b8c8584d50f2", "wf-task-queue-name": "TestWorkflowResetTestSuite/TestValidationScannerAge_task_queue", "wf-task-queue-type": "Workflow", "logging-call-at": "/home/ubuntu/temporal-investigation-20260909/restart-20260909-1600/source-reset/service/matching/user_data_manager.go:651"}
2026-09-10T01:19:38.424Z	info	Stopped physicalTaskQueueManager	{"backlog": "priority", "cause": "ShuttingDown", "component": "matching-engine", "lifecycle": "Stopped", "wf-namespace": "TestWorkflowResetTestSuite-TestValidationScannerAge-48631506-12c7-4f44-b881-b8c8584d50f2", "wf-task-queue-name": "TestWorkflowResetTestSuite/TestValidationScannerAge_task_queue", "wf-task-queue-type": "Workflow", "worker-version": "_unversioned_", "logging-call-at": "/home/ubuntu/temporal-investigation-20260909/restart-20260909-1600/source-reset/service/matching/physical_task_queue_manager.go:341"}
2026-09-10T01:19:38.424Z	debug	user data changed while blocked in long poll	{"component": "matching-engine", "wf-namespace": "TestWorkflowResetTestSuite-TestValidationScannerAge-48631506-12c7-4f44-b881-b8c8584d50f2", "wf-task-queue-name": "TestWorkflowResetTestSuite/TestValidationScannerAge_task_queue", "wf-task-queue-type": "Workflow", "logging-call-at": "/home/ubuntu/temporal-investigation-20260909/restart-20260909-1600/source-reset/service/matching/user_data_manager.go:657"}
2026-09-10T01:19:38.424Z	debug	returning empty user data (closing)	{"component": "matching-engine", "long-poll": true, "wf-namespace": "TestWorkflowResetTestSuite-TestValidationScannerAge-48631506-12c7-4f44-b881-b8c8584d50f2", "wf-task-queue-name": "TestWorkflowResetTestSuite/TestValidationScannerAge_task_queue", "wf-task-queue-type": "Workflow", "logging-call-at": "/home/ubuntu/temporal-investigation-20260909/restart-20260909-1600/source-reset/service/matching/user_data_manager.go:601"}
2026-09-10T01:19:38.424Z	debug	user data changed while blocked in long poll	{"component": "matching-engine", "wf-namespace": "TestWorkflowResetTestSuite-TestValidationScannerAge-48631506-12c7-4f44-b881-b8c8584d50f2", "wf-task-queue-name": "TestWorkflowResetTestSuite/TestValidationScannerAge_task_queue", "wf-task-queue-type": "Workflow", "logging-call-at": "/home/ubuntu/temporal-investigation-20260909/restart-20260909-1600/source-reset/service/matching/user_data_manager.go:657"}
2026-09-10T01:19:38.424Z	debug	returning empty user data (closing)	{"component": "matching-engine", "long-poll": true, "wf-namespace": "TestWorkflowResetTestSuite-TestValidationScannerAge-48631506-12c7-4f44-b881-b8c8584d50f2", "wf-task-queue-name": "TestWorkflowResetTestSuite/TestValidationScannerAge_task_queue", "wf-task-queue-type": "Workflow", "logging-call-at": "/home/ubuntu/temporal-investigation-20260909/restart-20260909-1600/source-reset/service/matching/user_data_manager.go:601"}
2026-09-10T01:19:38.424Z	info	Stopped physicalTaskQueueManager	{"backlog": "priority", "cause": "ShuttingDown", "component": "matching-engine", "lifecycle": "Stopped", "wf-namespace": "TestWorkflowResetTestSuite-TestValidationScannerAge-48631506-12c7-4f44-b881-b8c8584d50f2", "wf-task-queue-name": "/_sys/TestWorkflowResetTestSuite/TestValidationScannerAge_task_queue/3", "wf-task-queue-type": "Workflow", "worker-version": "_unversioned_", "logging-call-at": "/home/ubuntu/temporal-investigation-20260909/restart-20260909-1600/source-reset/service/matching/physical_task_queue_manager.go:341"}
2026-09-10T01:19:38.424Z	debug	fetched user data from parent, no change	{"component": "matching-engine", "wf-namespace": "TestWorkflowResetTestSuite-TestValidationScannerAge-48631506-12c7-4f44-b881-b8c8584d50f2", "wf-task-queue-name": "/_sys/TestWorkflowResetTestSuite/TestValidationScannerAge_task_queue/3", "wf-task-queue-type": "Workflow", "logging-call-at": "/home/ubuntu/temporal-investigation-20260909/restart-20260909-1600/source-reset/service/matching/user_data_manager.go:351"}
2026-09-10T01:19:38.424Z	debug	fetched user data from parent, no change	{"component": "matching-engine", "wf-namespace": "TestWorkflowResetTestSuite-TestValidationScannerAge-48631506-12c7-4f44-b881-b8c8584d50f2", "wf-task-queue-name": "/_sys/TestWorkflowResetTestSuite/TestValidationScannerAge_task_queue/1", "wf-task-queue-type": "Workflow", "logging-call-at": "/home/ubuntu/temporal-investigation-20260909/restart-20260909-1600/source-reset/service/matching/user_data_manager.go:351"}
2026-09-10T01:19:38.424Z	info	Stopped physicalTaskQueueManager	{"backlog": "priority", "cause": "ShuttingDown", "component": "matching-engine", "lifecycle": "Stopped", "wf-namespace": "TestWorkflowResetTestSuite-TestValidationScannerAge-48631506-12c7-4f44-b881-b8c8584d50f2", "wf-task-queue-name": "/_sys/TestWorkflowResetTestSuite/TestValidationScannerAge_task_queue/1", "wf-task-queue-type": "Workflow", "worker-version": "_unversioned_", "logging-call-at": "/home/ubuntu/temporal-investigation-20260909/restart-20260909-1600/source-reset/service/matching/physical_task_queue_manager.go:341"}
2026-09-10T01:19:38.424Z	debug	returning empty user data (closing)	{"component": "matching-engine", "long-poll": true, "wf-namespace": "TestWorkflowResetTestSuite-TestValidationScannerAge-48631506-12c7-4f44-b881-b8c8584d50f2", "wf-task-queue-name": "TestWorkflowResetTestSuite/TestValidationScannerAge_task_queue", "wf-task-queue-type": "Workflow", "logging-call-at": "/home/ubuntu/temporal-investigation-20260909/restart-20260909-1600/source-reset/service/matching/user_data_manager.go:601"}
2026-09-10T01:19:38.424Z	info	matching stopped	{"service": "matching", "logging-call-at": "/home/ubuntu/temporal-investigation-20260909/restart-20260909-1600/source-reset/service/matching/service.go:124"}
2026-09-10T01:19:38.425Z	warn	network dial error	{"address": "127.0.0.1:46495", "connectAddr": "127.0.0.1:46495", "connectDuration": 0.000062883, "connectErr": "dial tcp 127.0.0.1:46495: connect: connection refused", "error": "dial tcp 127.0.0.1:46495: connect: connection refused", "error-type": "net.OpError", "service": "client", "totalDuration": 0.00006764, "logging-call-at": "/home/ubuntu/temporal-investigation-20260909/restart-20260909-1600/source-reset/common/rpc/dial_tracer.go:73"}
2026-09-10T01:19:38.425Z	info	RuntimeMetricsReporter stopped	{"service": "matching", "logging-call-at": "/home/ubuntu/temporal-investigation-20260909/restart-20260909-1600/source-reset/common/metrics/runtime.go:127"}
2026-09-10T01:19:38.433Z	info	dropped database	{"database": "test_fe8ba94069574bfbb4c2b8b0", "logging-call-at": "/home/ubuntu/temporal-investigation-20260909/restart-20260909-1600/source-reset/common/persistence/sql/test_sql_persistence.go:156"}
--- FAIL: TestWorkflowResetTestSuite (0.00s)
    --- FAIL: TestWorkflowResetTestSuite/TestValidationScannerAge (0.09s)
FAIL
