source_path	destination_path	type	mode	mtime_ns	size	sha256	symlink_target	action	classification	reason	encoded
external:artifact	.record/source-snapshots/external-artifact-539554476da0.tar	directory	0700	1784656795675934930	1322098699	721824e8edae6619a9b6aeb8bcd15e174af5d36f3fbc62dc077e0a0ad59e4877		snapshot	source-snapshot	non-git-source-snapshot	"{""codec"": ""zstd"", ""codec_version"": ""1.5.5"", ""content_entries"": 80587, ""content_id"": ""sha256:721824e8edae6619a9b6aeb8bcd15e174af5d36f3fbc62dc077e0a0ad59e4877"", ""content_manifest"": "".record/source-snapshots/external-artifact-539554476da0.tar.files.tsv"", ""content_manifest_bytes"": 13047609, ""content_manifest_sha256"": ""157fe317937e591cff1be404cfdf216a6e91cd7ff57fbe59ab85e48c362ccce9"", ""encoded_bytes"": 292121137, ""encoded_sha256"": ""81b5124dc269d719b0f8a60a781395e4c0b94b13c6b65f5edb7e6bd97cf54be6"", ""parts"": [{""bytes"": 50331648, ""path"": ""external-artifact-539554476da0.tar.zst.part-0000"", ""sha256"": ""f2e21383b1e6c44fa43e2c242ddb5577a6c51e095d65036c3db1a7b276489d75""}, {""bytes"": 50331648, ""path"": ""external-artifact-539554476da0.tar.zst.part-0001"", ""sha256"": ""d51e64c4d0db582266c7e8fdca428b86f11775ccfe39e808fcb68a163ad265da""}, {""bytes"": 50331648, ""path"": ""external-artifact-539554476da0.tar.zst.part-0002"", ""sha256"": ""dbb945e7f7aed0b9f24e8bd8e52661309a31ad65e6fec4c74f7e174da2434d8f""}, {""bytes"": 50331648, ""path"": ""external-artifact-539554476da0.tar.zst.part-0003"", ""sha256"": ""9a92c547fb44d1354cb6dc07fb378a86c99870e4d73809beb929d5f253bf0837""}, {""bytes"": 50331648, ""path"": ""external-artifact-539554476da0.tar.zst.part-0004"", ""sha256"": ""7cbd964b218326b529c07b7e2801de77a3af0a45ead55363a14ad38c37e3df90""}, {""bytes"": 40462897, ""path"": ""external-artifact-539554476da0.tar.zst.part-0005"", ""sha256"": ""0a1304b4059b39e718d7be0ed99de114fae24a60bb62d9542e77fa1a8c9d64ed""}], ""tar_bytes"": 1464248320, ""tar_sha256"": ""0f867d2500985f8781c78973fc177f9b9010d42a360ff88d5a3f190fb493ecd0""}"
mongodb-move-primary	mongodb-move-primary	directory	0700	1784482500893554553				mkdir	run-directory		
mongodb-move-primary/.specula-output	mongodb-move-primary/.specula-output	directory	0700	1784679306211919215				mkdir	run-directory		
mongodb-move-primary/.specula-output/.bug-classification-prompt.md	mongodb-move-primary/.specula-output/.bug-classification-prompt.md	file	0600	1784679165796608033	1135	43f6dbed436041196cc922371d71ccdf1f68dc9d72288f7cb5ec8737128d3a7a		copy	run-evidence		
mongodb-move-primary/.specula-output/.consolidate-cwd	.record/source-snapshots/mongodb-move-primary-.specula-output-.consolidate-cwd-2cabf6be9827.tar	directory	0700	1784669075889061509	0	ff72275d08ced98dfb3f7576a485c2c42c705689291302e5323cfccad4a1a56d		snapshot	source-snapshot	non-git-source-snapshot	"{""codec"": ""zstd"", ""codec_version"": ""1.5.5"", ""content_entries"": 1, ""content_id"": ""sha256:ff72275d08ced98dfb3f7576a485c2c42c705689291302e5323cfccad4a1a56d"", ""content_manifest"": "".record/source-snapshots/mongodb-move-primary-.specula-output-.consolidate-cwd-2cabf6be9827.tar.files.tsv"", ""content_manifest_bytes"": 93, ""content_manifest_sha256"": ""def032dd015c051a15a615537e38247bfae2b12f3ff75d477f209aac1dae6b17"", ""encoded_bytes"": 23, ""encoded_sha256"": ""ef077a15315f941a8fc5700796762259eb286177402b33c31d5bddc62df4a397"", ""parts"": [{""bytes"": 23, ""path"": ""mongodb-move-primary-.specula-output-.consolidate-cwd-2cabf6be9827.tar.zst"", ""sha256"": ""ef077a15315f941a8fc5700796762259eb286177402b33c31d5bddc62df4a397""}], ""tar_bytes"": 10240, ""tar_sha256"": ""84ff92691f909a05b224e1c56abb4864f01b4f8e3c854e4bb4c7baf1d3f6d652""}"
mongodb-move-primary/.specula-output/.harness-gen-prompt.md	mongodb-move-primary/.specula-output/.harness-gen-prompt.md	file	0600	1784652765617948523	4965	e250b4bb7f7928a5ffa0da4cc434e93113311bbe50739634d9798aa535f3758b		copy	run-evidence		
mongodb-move-primary/.specula-output/.prompt-extra.md	mongodb-move-primary/.specula-output/.prompt-extra.md	file	0600	1784482500895554532	2281	9bc0556bf9b8c6b25282137ceae86d3ba42db0ca98eb421365d0feff5b650e2c		copy	run-evidence		
mongodb-move-primary/.specula-output/.prompt.md	mongodb-move-primary/.specula-output/.prompt.md	file	0600	1784482501320550098	3610	0518d79e38203dcb14de3aaf8ee893ed5b617b667a536f0e77be94d0aeb9c4f9		copy	run-evidence		
mongodb-move-primary/.specula-output/.spec-gen-prompt.md	mongodb-move-primary/.specula-output/.spec-gen-prompt.md	file	0600	1784483996387820988	4887	eb74ea4dd3882340805683d062ec580cd64bb2d3caa2dfd93d5d8babd52ad965		copy	run-evidence		
mongodb-move-primary/.specula-output/.spec-validation-prompt.attempt-1.md	mongodb-move-primary/.specula-output/.spec-validation-prompt.attempt-1.md	file	0600	1784657387763009660	4166	6a786826aff0e83990cc7aed752b5f4759c6a90384f1ac1bb9be0f2da183c690		copy	run-evidence		
mongodb-move-primary/.specula-output/.spec-validation-prompt.md	mongodb-move-primary/.specula-output/.spec-validation-prompt.md	file	0600	1784658084977217634	286	1529c0a8a4e6c1d25789cad4bffa4a080800d7e52dca128ea6ffd1b3a20d2e48		copy	run-evidence		
mongodb-move-primary/.specula-output/.stop-gate	mongodb-move-primary/.specula-output/.stop-gate	directory	0700	1784658230908450631				mkdir	run-directory		
mongodb-move-primary/.specula-output/.stop-gate/background-pids	mongodb-move-primary/.specula-output/.stop-gate/background-pids	directory	0700	1784658746405293572				mkdir	run-directory		
mongodb-move-primary/.specula-output/.stop-gate/background-pids/3809935.pid		file	0600	1784658230908450631	8	e2e0162b77fa8251ca403396f71386363d34bbf49c2bf0c2e66b100e270b0924		exclude	non-evidence	ephemeral-process-id	
mongodb-move-primary/.specula-output/.stop-gate/background-pids/3813839.pid		file	0600	1784658411828743091	8	b61708408958f265eaa1b8faf48e0bfd1b17d9960b56c0ea76f4a46626e2a525		exclude	non-evidence	ephemeral-process-id	
mongodb-move-primary/.specula-output/.stop-gate/background-pids/3817905.pid		file	0600	1784658469071836501	8	21720b1d4270d189b0d2699fd36f41144c2c1dd87c3f4cf0f71f39049f7e6a3c		exclude	non-evidence	ephemeral-process-id	
mongodb-move-primary/.specula-output/.stop-gate/background-pids/3825000.pid		file	0600	1784658512234908600	8	42e9f9ccedcf09f0c6d51fdc87c3334dabae0aaf5af5e45d6a02d32db8576a9a		exclude	non-evidence	ephemeral-process-id	
mongodb-move-primary/.specula-output/.stop-gate/background-pids/3839269.pid		file	0600	1784658689358199839	8	487b16bd13aaab56cb410bbdf557b35ec082ab8fdd222a215ba90dd75528bc96		exclude	non-evidence	ephemeral-process-id	
mongodb-move-primary/.specula-output/.stop-gate/background-pids/3841359.pid		file	0600	1784658746403293569	8	fdb770c7f6922f8b2fa49c6f79f75286538c1a69f0baee50e91dd1d2781de62f		exclude	non-evidence	ephemeral-process-id	
mongodb-move-primary/.specula-output/agent.activity.jsonl	mongodb-move-primary/.specula-output/agent.activity.jsonl	file	0600	1784483875675902577	154566	c1ef4c2a064d08ad568389cf76368234bff6582843ca9dd128a8cda0a96552db		copy	run-evidence		
mongodb-move-primary/.specula-output/agent.last-message.txt	mongodb-move-primary/.specula-output/agent.last-message.txt	file	0600	1784483875713902206	895	201f7515f3a2376fcee67fa1fe0926a983cf41adcec2774fa58f041915e296e0		copy	run-evidence		
mongodb-move-primary/.specula-output/agent.log	mongodb-move-primary/.specula-output/agent.log	file	0600	1784483875575903553	34426	1ae26ef8096d6e43a7a35a41e97a91f1ccd78e4888b6610abac855d276cb877b		copy	run-evidence		
mongodb-move-primary/.specula-output/agent.pid		file	0600	1784482501321550088	8	094f30dd43aa4c4ecaa3212f4a62a7aa4d81cc55cbbc9468795d3a4a755be12c		exclude	non-evidence	ephemeral-process-id	
mongodb-move-primary/.specula-output/agent.usage.json	mongodb-move-primary/.specula-output/agent.usage.json	file	0600	1784483876264896827	245	d981f8ab6426cd706f77903f20a135a4099399e5403c7e118c2bb862faaa5154		copy	run-evidence		
mongodb-move-primary/.specula-output/analysis-report.md	mongodb-move-primary/.specula-output/analysis-report.md	file	0600	1784483832170284039	20762	4e6d9946a44c72ad6457c1a6c6f2674dfb4ef13983a4d71ea8076509ecc841b6		copy	run-evidence		
mongodb-move-primary/.specula-output/bug-classification.activity.jsonl	mongodb-move-primary/.specula-output/bug-classification.activity.jsonl	file	0600	1784679306079918986	6369	acb591b97f0abec847f2c20716b6e09170019a3cedf7c1574bdcb8e016053c36		copy	run-evidence		
mongodb-move-primary/.specula-output/bug-classification.last-message.txt	mongodb-move-primary/.specula-output/bug-classification.last-message.txt	file	0600	1784679306092919009	537	c674cbcd898eb7150a782f29f88140e5ed5a4a6ca15dbf9c393193aa9fab216f		copy	run-evidence		
mongodb-move-primary/.specula-output/bug-classification.log	mongodb-move-primary/.specula-output/bug-classification.log	file	0600	1784679306055918945	3117	a3fbf6a6a2ccc996cef4adfda7c6ba89e670f8d00df4eb925505705e1a849136		copy	run-evidence		
mongodb-move-primary/.specula-output/bug-classification.pid		file	0600	1784679168475612837	8	d43b86d063178480e40a412e6528699958ea7396be03f6d2cbe2c5b502122237		exclude	non-evidence	ephemeral-process-id	
mongodb-move-primary/.specula-output/bug-classification.resume.json	mongodb-move-primary/.specula-output/bug-classification.resume.json	file	0600	1784679170831617268	177	b220dc8e712339e0908339b72ffb47b1f36a281d5c702f3971544b45243ef765		copy	run-evidence		
mongodb-move-primary/.specula-output/bug-classification.usage.json	mongodb-move-primary/.specula-output/bug-classification.usage.json	file	0600	1784679307033920637	206	028381f20d0cccb67656458f882ffe4722170387dacc37cd08565f72258f5c97		copy	run-evidence		
mongodb-move-primary/.specula-output/bug-confirmation.log	mongodb-move-primary/.specula-output/bug-confirmation.log	file	0600	1784679164963606619	1193	34a520fa78b74983f0c04ebc9dbc9410d3f502bf0fdb6da750499691b87cf414		copy	run-evidence		
mongodb-move-primary/.specula-output/bug-severity.md	mongodb-move-primary/.specula-output/bug-severity.md	file	0600	1784679275520860920	2105	4ab10534f177f6db723c1c404ca5a41f99cc727433bff802e02b69ca544400b9		copy	run-evidence		
mongodb-move-primary/.specula-output/confirmation	mongodb-move-primary/.specula-output/confirmation	directory	0700	1784675475354922922				mkdir	run-directory		
mongodb-move-primary/.specula-output/confirmation/CR-1	mongodb-move-primary/.specula-output/confirmation/CR-1	directory	0700	1784669670264752918				mkdir	run-directory		
mongodb-move-primary/.specula-output/confirmation/CR-1/.agent-cwd	mongodb-move-primary/.specula-output/confirmation/CR-1/.agent-cwd	directory	0700	1784669079954066781				mkdir	run-directory		
mongodb-move-primary/.specula-output/confirmation/CR-1/.agent-cwd/turn01_A	.record/source-snapshots/mongodb-move-primary-.specula-output-confirmation-CR-1-.agent-cwd-turn01_A-b795c46965c6.tar	directory	0700	1784669667752749807	0	ff72275d08ced98dfb3f7576a485c2c42c705689291302e5323cfccad4a1a56d		snapshot	source-snapshot	non-git-source-snapshot	"{""codec"": ""zstd"", ""codec_version"": ""1.5.5"", ""content_entries"": 1, ""content_id"": ""sha256:ff72275d08ced98dfb3f7576a485c2c42c705689291302e5323cfccad4a1a56d"", ""content_manifest"": "".record/source-snapshots/mongodb-move-primary-.specula-output-confirmation-CR-1-.agent-cwd-turn01_A-b795c46965c6.tar.files.tsv"", ""content_manifest_bytes"": 93, ""content_manifest_sha256"": ""def032dd015c051a15a615537e38247bfae2b12f3ff75d477f209aac1dae6b17"", ""encoded_bytes"": 23, ""encoded_sha256"": ""ef077a15315f941a8fc5700796762259eb286177402b33c31d5bddc62df4a397"", ""parts"": [{""bytes"": 23, ""path"": ""mongodb-move-primary-.specula-output-confirmation-CR-1-.agent-cwd-turn01_A-b795c46965c6.tar.zst"", ""sha256"": ""ef077a15315f941a8fc5700796762259eb286177402b33c31d5bddc62df4a397""}], ""tar_bytes"": 10240, ""tar_sha256"": ""84ff92691f909a05b224e1c56abb4864f01b4f8e3c854e4bb4c7baf1d3f6d652""}"
mongodb-move-primary/.specula-output/confirmation/CR-1/debate.md	mongodb-move-primary/.specula-output/confirmation/CR-1/debate.md	file	0600	1784669667753749808	400	dcac41663318468449a36a6010efcc48883cf1714b57e7b94f9ce6270eccbcbd		copy	run-evidence		
mongodb-move-primary/.specula-output/confirmation/CR-1/investigation.md	mongodb-move-primary/.specula-output/confirmation/CR-1/investigation.md	file	0600	1784669630696697712	6110	49581e8d7fa70c0914a1626e11040d85d23bd8885a1fc8d8906752775acf324c		copy	run-evidence		
mongodb-move-primary/.specula-output/confirmation/CR-1/turn01_A.last-message.txt	mongodb-move-primary/.specula-output/confirmation/CR-1/turn01_A.last-message.txt	file	0600	1784669666793748618	2836	b1f52a85117e9ec67cae1aed12a71502f8cf1170cc5f78bbe887d033644dfd00		copy	run-evidence		
mongodb-move-primary/.specula-output/confirmation/CR-1/turn01_A.log	mongodb-move-primary/.specula-output/confirmation/CR-1/turn01_A.log	file	0600	1784669666723748532	19485	86b5f78cc92b53f3f59b1e59108d74157c048260d748371f3bc82a2ac373ac2f		copy	run-evidence		
mongodb-move-primary/.specula-output/confirmation/CR-1/turn01_A.prompt.md	mongodb-move-primary/.specula-output/confirmation/CR-1/turn01_A.prompt.md	file	0600	1784669079958066788	8675	38cc2b55e4261cffb2e94c2ff2b6e63c32a222a9e030e9e83bac0677bc1f4eef		copy	run-evidence		
mongodb-move-primary/.specula-output/confirmation/CR-1/turn01_A.resume.json	mongodb-move-primary/.specula-output/confirmation/CR-1/turn01_A.resume.json	file	0600	1784669081824062641	316	c1c15c1feaba9e2291c1cf96a805ed47db54a39dd48857f0b528cc24a99e33b4		copy	run-evidence		
mongodb-move-primary/.specula-output/confirmation/CR-1/turn01_A.usage.json	mongodb-move-primary/.specula-output/confirmation/CR-1/turn01_A.usage.json	file	0600	1784669667746749799	206	a492d4d7d4c7e1581852b778a008403234c2559b340b41c1ad6f496626c50594		copy	run-evidence		
mongodb-move-primary/.specula-output/confirmation/CR-1/verdict.json	mongodb-move-primary/.specula-output/confirmation/CR-1/verdict.json	file	0600	1784669668443750663	3062	b7c78ed768b2d9ac336d1515e221065995a3a3e17039a21602d2cd2233b2e9d4		copy	run-evidence		
mongodb-move-primary/.specula-output/confirmation/CR-2	mongodb-move-primary/.specula-output/confirmation/CR-2	directory	0700	1784670808816858166				mkdir	run-directory		
mongodb-move-primary/.specula-output/confirmation/CR-2/.agent-cwd	mongodb-move-primary/.specula-output/confirmation/CR-2/.agent-cwd	directory	0700	1784669674280758798				mkdir	run-directory		
mongodb-move-primary/.specula-output/confirmation/CR-2/.agent-cwd/turn01_A	.record/source-snapshots/mongodb-move-primary-.specula-output-confirmation-CR-2-.agent-cwd-turn01_A-faaffa91e97e.tar	directory	0700	1784670806254852858	0	ff72275d08ced98dfb3f7576a485c2c42c705689291302e5323cfccad4a1a56d		snapshot	source-snapshot	non-git-source-snapshot	"{""codec"": ""zstd"", ""codec_version"": ""1.5.5"", ""content_entries"": 1, ""content_id"": ""sha256:ff72275d08ced98dfb3f7576a485c2c42c705689291302e5323cfccad4a1a56d"", ""content_manifest"": "".record/source-snapshots/mongodb-move-primary-.specula-output-confirmation-CR-2-.agent-cwd-turn01_A-faaffa91e97e.tar.files.tsv"", ""content_manifest_bytes"": 93, ""content_manifest_sha256"": ""def032dd015c051a15a615537e38247bfae2b12f3ff75d477f209aac1dae6b17"", ""encoded_bytes"": 23, ""encoded_sha256"": ""ef077a15315f941a8fc5700796762259eb286177402b33c31d5bddc62df4a397"", ""parts"": [{""bytes"": 23, ""path"": ""mongodb-move-primary-.specula-output-confirmation-CR-2-.agent-cwd-turn01_A-faaffa91e97e.tar.zst"", ""sha256"": ""ef077a15315f941a8fc5700796762259eb286177402b33c31d5bddc62df4a397""}], ""tar_bytes"": 10240, ""tar_sha256"": ""84ff92691f909a05b224e1c56abb4864f01b4f8e3c854e4bb4c7baf1d3f6d652""}"
mongodb-move-primary/.specula-output/confirmation/CR-2/debate.md	mongodb-move-primary/.specula-output/confirmation/CR-2/debate.md	file	0600	1784670806255852859	399	b0a7db437a873520926585e621b216e7684f1468b51ee5bad7048de3427cd5d6		copy	run-evidence		
mongodb-move-primary/.specula-output/confirmation/CR-2/investigation.md	mongodb-move-primary/.specula-output/confirmation/CR-2/investigation.md	file	0600	1784670746824735677	9825	99ade262560cf5fcf00dcaecb33fc211569daa4a4e0d05e84085b5ab3266ed57		copy	run-evidence		
mongodb-move-primary/.specula-output/confirmation/CR-2/repro-run-2.log	mongodb-move-primary/.specula-output/confirmation/CR-2/repro-run-2.log	file	0600	1784670577574217762	2394002	a5e21cb439e355fbf83eff99544d9dae96e961f2e0273854f35fe68ced065452		copy	run-evidence		
mongodb-move-primary/.specula-output/confirmation/CR-2/repro-run-3.log	mongodb-move-primary/.specula-output/confirmation/CR-2/repro-run-3.log	file	0600	1784670703882617558	2418279	71ed12ba0036be183a5e0e476a5eeeb7e4e85c2a19f4cb358c94474b45757119		copy	run-evidence		
mongodb-move-primary/.specula-output/confirmation/CR-2/turn01_A.last-message.txt	mongodb-move-primary/.specula-output/confirmation/CR-2/turn01_A.last-message.txt	file	0600	1784670805238852400	3503	c78feb77e2d372044e528ae6d54b0430342af7719e052698f6a20d9af42cf1e2		copy	run-evidence		
mongodb-move-primary/.specula-output/confirmation/CR-2/turn01_A.log	mongodb-move-primary/.specula-output/confirmation/CR-2/turn01_A.log	file	0600	1784670805175852371	33789	18941d912e3b77336f7d568150a4349b615fc8414f202a9717eaa61e3c3b72cd		copy	run-evidence		
mongodb-move-primary/.specula-output/confirmation/CR-2/turn01_A.prompt.md	mongodb-move-primary/.specula-output/confirmation/CR-2/turn01_A.prompt.md	file	0600	1784669674284758803	8972	3815fba251c42b9b58d0b0f8e02b21a363e7c2a8b7bc44db768448c97aafcf2e		copy	run-evidence		
mongodb-move-primary/.specula-output/confirmation/CR-2/turn01_A.resume.json	mongodb-move-primary/.specula-output/confirmation/CR-2/turn01_A.resume.json	file	0600	1784669675804760970	316	1d39e682e238b07e0edfab0e07a1981f3a70090647851bc459ed210b2f4804db		copy	run-evidence		
mongodb-move-primary/.specula-output/confirmation/CR-2/turn01_A.usage.json	mongodb-move-primary/.specula-output/confirmation/CR-2/turn01_A.usage.json	file	0600	1784670806248852856	206	b149c5ea1a6af33e63a1f93ebe4187dddb870050289e49f7df5e27c8654850d3		copy	run-evidence		
mongodb-move-primary/.specula-output/confirmation/CR-2/verdict.json	mongodb-move-primary/.specula-output/confirmation/CR-2/verdict.json	file	0600	1784670806987854211	3727	e3ff8a182d4579a65a50f43650dc3cb9f960e121c0578dbc2624f684ec963995		copy	run-evidence		
mongodb-move-primary/.specula-output/confirmation/CR-3	mongodb-move-primary/.specula-output/confirmation/CR-3	directory	0700	1784672235624893109				mkdir	run-directory		
mongodb-move-primary/.specula-output/confirmation/CR-3/.agent-cwd	mongodb-move-primary/.specula-output/confirmation/CR-3/.agent-cwd	directory	0700	1784670812825866504				mkdir	run-directory		
mongodb-move-primary/.specula-output/confirmation/CR-3/.agent-cwd/turn01_A	.record/source-snapshots/mongodb-move-primary-.specula-output-confirmation-CR-3-.agent-cwd-turn01_A-4135289dd2e3.tar	directory	0700	1784672233071891456	0	ff72275d08ced98dfb3f7576a485c2c42c705689291302e5323cfccad4a1a56d		snapshot	source-snapshot	non-git-source-snapshot	"{""codec"": ""zstd"", ""codec_version"": ""1.5.5"", ""content_entries"": 1, ""content_id"": ""sha256:ff72275d08ced98dfb3f7576a485c2c42c705689291302e5323cfccad4a1a56d"", ""content_manifest"": "".record/source-snapshots/mongodb-move-primary-.specula-output-confirmation-CR-3-.agent-cwd-turn01_A-4135289dd2e3.tar.files.tsv"", ""content_manifest_bytes"": 93, ""content_manifest_sha256"": ""def032dd015c051a15a615537e38247bfae2b12f3ff75d477f209aac1dae6b17"", ""encoded_bytes"": 23, ""encoded_sha256"": ""ef077a15315f941a8fc5700796762259eb286177402b33c31d5bddc62df4a397"", ""parts"": [{""bytes"": 23, ""path"": ""mongodb-move-primary-.specula-output-confirmation-CR-3-.agent-cwd-turn01_A-4135289dd2e3.tar.zst"", ""sha256"": ""ef077a15315f941a8fc5700796762259eb286177402b33c31d5bddc62df4a397""}], ""tar_bytes"": 10240, ""tar_sha256"": ""84ff92691f909a05b224e1c56abb4864f01b4f8e3c854e4bb4c7baf1d3f6d652""}"
mongodb-move-primary/.specula-output/confirmation/CR-3/.venv		directory	0700	1784671275366511707				exclude	non-evidence	environment-cache	
mongodb-move-primary/.specula-output/confirmation/CR-3/debate.md	mongodb-move-primary/.specula-output/confirmation/CR-3/debate.md	file	0600	1784672233071891456	400	c1261ea79baf35e8545002d74acf4b7a06164de611458f4b1ce281e9828b6c39		copy	run-evidence		
mongodb-move-primary/.specula-output/confirmation/CR-3/investigation.md	mongodb-move-primary/.specula-output/confirmation/CR-3/investigation.md	file	0600	1784672169185853964	6264	3f223d3a5b1113fa1a050468059bbabef062fcbda76c7c4e45500cd054972fae		copy	run-evidence		
mongodb-move-primary/.specula-output/confirmation/CR-3/turn01_A.last-message.txt	mongodb-move-primary/.specula-output/confirmation/CR-3/turn01_A.last-message.txt	file	0600	1784672232094890824	2822	c8b6ba0d6e9cc77c8828604ed03c1eb2c3eae2535b0e6c5bc43407c71fd47f98		copy	run-evidence		
mongodb-move-primary/.specula-output/confirmation/CR-3/turn01_A.log	mongodb-move-primary/.specula-output/confirmation/CR-3/turn01_A.log	file	0600	1784672232009890769	39709	9c13b176fe28ff4e0db8da58ad17c3cc9b91a340345449cdb29af23d6ebcf5de		copy	run-evidence		
mongodb-move-primary/.specula-output/confirmation/CR-3/turn01_A.prompt.md	mongodb-move-primary/.specula-output/confirmation/CR-3/turn01_A.prompt.md	file	0600	1784670812828866510	8901	e0491e07100595ecb9048c9b5761d8b1e625fc7f13ade6b60ba0e3ca17064074		copy	run-evidence		
mongodb-move-primary/.specula-output/confirmation/CR-3/turn01_A.resume.json	mongodb-move-primary/.specula-output/confirmation/CR-3/turn01_A.resume.json	file	0600	1784670814462869716	316	7964693800f8526f984c91e74316956f36b9ed756833f318d405879be15c80ce		copy	run-evidence		
mongodb-move-primary/.specula-output/confirmation/CR-3/turn01_A.usage.json	mongodb-move-primary/.specula-output/confirmation/CR-3/turn01_A.usage.json	file	0600	1784672233064891451	206	398d2cd82c5b708b9f6493711df7672880f7c2558764c650cd89692e95cba61e		copy	run-evidence		
mongodb-move-primary/.specula-output/confirmation/CR-3/verdict.json	mongodb-move-primary/.specula-output/confirmation/CR-3/verdict.json	file	0600	1784672233761891902	3040	af08b5447412753524e3cfa63f1dc74a1c6212c1d0e9b242019e43322cfc8ee1		copy	run-evidence		
mongodb-move-primary/.specula-output/confirmation/CR-4	mongodb-move-primary/.specula-output/confirmation/CR-4	directory	0700	1784673046523304647				mkdir	run-directory		
mongodb-move-primary/.specula-output/confirmation/CR-4/.agent-cwd	mongodb-move-primary/.specula-output/confirmation/CR-4/.agent-cwd	directory	0700	1784672239628896316				mkdir	run-directory		
mongodb-move-primary/.specula-output/confirmation/CR-4/.agent-cwd/turn01_A	.record/source-snapshots/mongodb-move-primary-.specula-output-confirmation-CR-4-.agent-cwd-turn01_A-4364bbb78e6e.tar	directory	0700	1784673044002300111	0	ff72275d08ced98dfb3f7576a485c2c42c705689291302e5323cfccad4a1a56d		snapshot	source-snapshot	non-git-source-snapshot	"{""codec"": ""zstd"", ""codec_version"": ""1.5.5"", ""content_entries"": 1, ""content_id"": ""sha256:ff72275d08ced98dfb3f7576a485c2c42c705689291302e5323cfccad4a1a56d"", ""content_manifest"": "".record/source-snapshots/mongodb-move-primary-.specula-output-confirmation-CR-4-.agent-cwd-turn01_A-4364bbb78e6e.tar.files.tsv"", ""content_manifest_bytes"": 93, ""content_manifest_sha256"": ""def032dd015c051a15a615537e38247bfae2b12f3ff75d477f209aac1dae6b17"", ""encoded_bytes"": 23, ""encoded_sha256"": ""ef077a15315f941a8fc5700796762259eb286177402b33c31d5bddc62df4a397"", ""parts"": [{""bytes"": 23, ""path"": ""mongodb-move-primary-.specula-output-confirmation-CR-4-.agent-cwd-turn01_A-4364bbb78e6e.tar.zst"", ""sha256"": ""ef077a15315f941a8fc5700796762259eb286177402b33c31d5bddc62df4a397""}], ""tar_bytes"": 10240, ""tar_sha256"": ""84ff92691f909a05b224e1c56abb4864f01b4f8e3c854e4bb4c7baf1d3f6d652""}"
mongodb-move-primary/.specula-output/confirmation/CR-4/debate.md	mongodb-move-primary/.specula-output/confirmation/CR-4/debate.md	file	0600	1784673044003300112	407	0cce3e3c75236ddfb384963ebe5ea66bbc4380934a011ffb7e1fc1b7e72377b4		copy	run-evidence		
mongodb-move-primary/.specula-output/confirmation/CR-4/investigation.md	mongodb-move-primary/.specula-output/confirmation/CR-4/investigation.md	file	0600	1784672812798782664	5897	2a46f6f366b5a37abe748fd517fc0a44bd79c6ac4ee38e1033be7967dbd37e11		copy	run-evidence		
mongodb-move-primary/.specula-output/confirmation/CR-4/turn01_A.last-message.txt	mongodb-move-primary/.specula-output/confirmation/CR-4/turn01_A.last-message.txt	file	0600	1784673042982298277	5409	fada9e0c2c5b3043c7bfdfd703cca28f7615929e101363c194e53997d1223e3a		copy	run-evidence		
mongodb-move-primary/.specula-output/confirmation/CR-4/turn01_A.log	mongodb-move-primary/.specula-output/confirmation/CR-4/turn01_A.log	file	0600	1784673042898298125	27802	581a98b313bda86304669c113ef9d548a0b06f0e2518f0f1db5533184c4469ec		copy	run-evidence		
mongodb-move-primary/.specula-output/confirmation/CR-4/turn01_A.prompt.md	mongodb-move-primary/.specula-output/confirmation/CR-4/turn01_A.prompt.md	file	0600	1784672239632896320	8913	d8dea515537d8e0db06d06bfa3c9a93500ed115f70a6c116ea0a01414767dc28		copy	run-evidence		
mongodb-move-primary/.specula-output/confirmation/CR-4/turn01_A.resume.json	mongodb-move-primary/.specula-output/confirmation/CR-4/turn01_A.resume.json	file	0600	1784672241208897720	316	4d30b2209a63eb102a98006eb4105d12750856bff4185135edf0e3842bdd5656		copy	run-evidence		
mongodb-move-primary/.specula-output/confirmation/CR-4/turn01_A.usage.json	mongodb-move-primary/.specula-output/confirmation/CR-4/turn01_A.usage.json	file	0600	1784673043996300100	206	beef9b06378c08f452dbbb4125f3d6e82e01771a4c01357b8e0a1c83ae6e745f		copy	run-evidence		
mongodb-move-primary/.specula-output/confirmation/CR-4/verdict.json	mongodb-move-primary/.specula-output/confirmation/CR-4/verdict.json	file	0600	1784673044695301357	5648	7cf9bd7480d1650adfd10e75ebb381b0ce1894a6b40aabebe3b5b03ff5728ae8		copy	run-evidence		
mongodb-move-primary/.specula-output/confirmation/CR-5	mongodb-move-primary/.specula-output/confirmation/CR-5	directory	0700	1784673566640748354				mkdir	run-directory		
mongodb-move-primary/.specula-output/confirmation/CR-5/.agent-cwd	mongodb-move-primary/.specula-output/confirmation/CR-5/.agent-cwd	directory	0700	1784673050535311884				mkdir	run-directory		
mongodb-move-primary/.specula-output/confirmation/CR-5/.agent-cwd/turn01_A	.record/source-snapshots/mongodb-move-primary-.specula-output-confirmation-CR-5-.agent-cwd-turn01_A-d0331a9f9d41.tar	directory	0700	1784673564117747218	0	ff72275d08ced98dfb3f7576a485c2c42c705689291302e5323cfccad4a1a56d		snapshot	source-snapshot	non-git-source-snapshot	"{""codec"": ""zstd"", ""codec_version"": ""1.5.5"", ""content_entries"": 1, ""content_id"": ""sha256:ff72275d08ced98dfb3f7576a485c2c42c705689291302e5323cfccad4a1a56d"", ""content_manifest"": "".record/source-snapshots/mongodb-move-primary-.specula-output-confirmation-CR-5-.agent-cwd-turn01_A-d0331a9f9d41.tar.files.tsv"", ""content_manifest_bytes"": 93, ""content_manifest_sha256"": ""def032dd015c051a15a615537e38247bfae2b12f3ff75d477f209aac1dae6b17"", ""encoded_bytes"": 23, ""encoded_sha256"": ""ef077a15315f941a8fc5700796762259eb286177402b33c31d5bddc62df4a397"", ""parts"": [{""bytes"": 23, ""path"": ""mongodb-move-primary-.specula-output-confirmation-CR-5-.agent-cwd-turn01_A-d0331a9f9d41.tar.zst"", ""sha256"": ""ef077a15315f941a8fc5700796762259eb286177402b33c31d5bddc62df4a397""}], ""tar_bytes"": 10240, ""tar_sha256"": ""84ff92691f909a05b224e1c56abb4864f01b4f8e3c854e4bb4c7baf1d3f6d652""}"
mongodb-move-primary/.specula-output/confirmation/CR-5/debate.md	mongodb-move-primary/.specula-output/confirmation/CR-5/debate.md	file	0600	1784673564118747219	400	c2de3a5436a23a792f48c4b7cbe0a9be55dcde45e44f6e6d863fe43b38764992		copy	run-evidence		
mongodb-move-primary/.specula-output/confirmation/CR-5/investigation.md	mongodb-move-primary/.specula-output/confirmation/CR-5/investigation.md	file	0600	1784673525069734698	9901	4c997596d1060609d75ce97e44fce54e2713a3e816a5b96067cd7291f58fbe96		copy	run-evidence		
mongodb-move-primary/.specula-output/confirmation/CR-5/turn01_A.last-message.txt	mongodb-move-primary/.specula-output/confirmation/CR-5/turn01_A.last-message.txt	file	0600	1784673563137746777	3848	081d0d2d8c25a67dbe5c46c370618469819f9d16d621bf0b59a21f5506e46e10		copy	run-evidence		
mongodb-move-primary/.specula-output/confirmation/CR-5/turn01_A.log	mongodb-move-primary/.specula-output/confirmation/CR-5/turn01_A.log	file	0600	1784673563067746745	19064	4b82013e402bb4307cf914d49b91d25894e2b20d2e0642d6dba411c17372a297		copy	run-evidence		
mongodb-move-primary/.specula-output/confirmation/CR-5/turn01_A.prompt.md	mongodb-move-primary/.specula-output/confirmation/CR-5/turn01_A.prompt.md	file	0600	1784673050539311891	8903	22d73829c0d1eade8a9eb256c7c019d68d355d4be1b7aacc47d290a06b397bcb		copy	run-evidence		
mongodb-move-primary/.specula-output/confirmation/CR-5/turn01_A.resume.json	mongodb-move-primary/.specula-output/confirmation/CR-5/turn01_A.resume.json	file	0600	1784673052241314961	316	cc03c7512e5be6ffe5ab3e1afc7fccbd2ff85883d86d0c714c783f6b3c8f1ec8		copy	run-evidence		
mongodb-move-primary/.specula-output/confirmation/CR-5/turn01_A.usage.json	mongodb-move-primary/.specula-output/confirmation/CR-5/turn01_A.usage.json	file	0600	1784673564111747215	206	470ea05b763efe5d451a1dbceb78d7224e51cc39f6b07f4e722a135e8eeffe9c		copy	run-evidence		
mongodb-move-primary/.specula-output/confirmation/CR-5/verdict.json	mongodb-move-primary/.specula-output/confirmation/CR-5/verdict.json	file	0600	1784673564808747529	4076	b7008947034bc81310c66483c0dbfd81d05cfee2d8a258176fe21b3da6acef7f		copy	run-evidence		
mongodb-move-primary/.specula-output/confirmation/CR-6	mongodb-move-primary/.specula-output/confirmation/CR-6	directory	0700	1784675475057922811				mkdir	run-directory		
mongodb-move-primary/.specula-output/confirmation/CR-6/.agent-cwd	mongodb-move-primary/.specula-output/confirmation/CR-6/.agent-cwd	directory	0700	1784673570666749286				mkdir	run-directory		
mongodb-move-primary/.specula-output/confirmation/CR-6/.agent-cwd/turn01_A	.record/source-snapshots/mongodb-move-primary-.specula-output-confirmation-CR-6-.agent-cwd-turn01_A-9818e8f73aa1.tar	directory	0700	1784675472493921370	0	ff72275d08ced98dfb3f7576a485c2c42c705689291302e5323cfccad4a1a56d		snapshot	source-snapshot	non-git-source-snapshot	"{""codec"": ""zstd"", ""codec_version"": ""1.5.5"", ""content_entries"": 1, ""content_id"": ""sha256:ff72275d08ced98dfb3f7576a485c2c42c705689291302e5323cfccad4a1a56d"", ""content_manifest"": "".record/source-snapshots/mongodb-move-primary-.specula-output-confirmation-CR-6-.agent-cwd-turn01_A-9818e8f73aa1.tar.files.tsv"", ""content_manifest_bytes"": 93, ""content_manifest_sha256"": ""def032dd015c051a15a615537e38247bfae2b12f3ff75d477f209aac1dae6b17"", ""encoded_bytes"": 23, ""encoded_sha256"": ""ef077a15315f941a8fc5700796762259eb286177402b33c31d5bddc62df4a397"", ""parts"": [{""bytes"": 23, ""path"": ""mongodb-move-primary-.specula-output-confirmation-CR-6-.agent-cwd-turn01_A-9818e8f73aa1.tar.zst"", ""sha256"": ""ef077a15315f941a8fc5700796762259eb286177402b33c31d5bddc62df4a397""}], ""tar_bytes"": 10240, ""tar_sha256"": ""84ff92691f909a05b224e1c56abb4864f01b4f8e3c854e4bb4c7baf1d3f6d652""}"
mongodb-move-primary/.specula-output/confirmation/CR-6/debate.md	mongodb-move-primary/.specula-output/confirmation/CR-6/debate.md	file	0600	1784675472494921370	408	cd5796c4a3b029aae804c95165569ac3dad11ffb2ee327c617368de5d97d5d32		copy	run-evidence		
mongodb-move-primary/.specula-output/confirmation/CR-6/investigation.md	mongodb-move-primary/.specula-output/confirmation/CR-6/investigation.md	file	0600	1784675435249889536	5907	7cfddfcc114c5ca8e8944e8dbc49ccfdd1a2b4fb22b5e0f9acd405793c7c7bbe		copy	run-evidence		
mongodb-move-primary/.specula-output/confirmation/CR-6/repro-run-final.log	mongodb-move-primary/.specula-output/confirmation/CR-6/repro-run-final.log	file	0600	1784675338050803677	14364779	3ef3b239cb6b6626affc185cd302e1df68855a8e5f3ad5215fdcdcbe9ea9d2a9		copy	run-evidence		
mongodb-move-primary/.specula-output/confirmation/CR-6/repro-run-lockfail.log	mongodb-move-primary/.specula-output/confirmation/CR-6/repro-run-lockfail.log	file	0600	1784674897190137704	2668657	86e6f5657fb160df34f044f1b4e9e3da11a329aa80026ca835fe3eabfbdcd912		copy	run-evidence		
mongodb-move-primary/.specula-output/confirmation/CR-6/repro-run-lockfail2.log	mongodb-move-primary/.specula-output/confirmation/CR-6/repro-run-lockfail2.log	file	0600	1784675132620520714	3074647	9d02256afc26a74317b9a94abd1584073d43ce38643fba0f4b4f0c4e7789a1bb		copy	run-evidence		
mongodb-move-primary/.specula-output/confirmation/CR-6/repro-run-stepdown.log	mongodb-move-primary/.specula-output/confirmation/CR-6/repro-run-stepdown.log	file	0600	1784674608571507941	4659938	cb9c8eb70373d866639899b8e4e5948d67c603f73db5acf9d4c48b1a9cf6010f		copy	run-evidence		
mongodb-move-primary/.specula-output/confirmation/CR-6/repro-run-stepdown3.log	mongodb-move-primary/.specula-output/confirmation/CR-6/repro-run-stepdown3.log	file	0600	1784674724604566564	6034585	115d8e11db57731673b2569f99ef4d38b1d762fda15c69567befaaaece8137f8		copy	run-evidence		
mongodb-move-primary/.specula-output/confirmation/CR-6/turn01_A.last-message.txt	mongodb-move-primary/.specula-output/confirmation/CR-6/turn01_A.last-message.txt	file	0600	1784675471478920464	2630	a757a32c946b1a5f3dff9286c178eddb686cc3da67240bded9aa701f73905af1		copy	run-evidence		
mongodb-move-primary/.specula-output/confirmation/CR-6/turn01_A.log	mongodb-move-primary/.specula-output/confirmation/CR-6/turn01_A.log	file	0600	1784675471408920433	44966	ac22009b298164268d67e41d8781673d98ed6d36da707a084b7b364e2ef00bea		copy	run-evidence		
mongodb-move-primary/.specula-output/confirmation/CR-6/turn01_A.prompt.md	mongodb-move-primary/.specula-output/confirmation/CR-6/turn01_A.prompt.md	file	0600	1784673570669749286	8602	37ed81f52693d0f81acfcff6225128bc5c77f7f851f1f9a6139a1c01ca09b028		copy	run-evidence		
mongodb-move-primary/.specula-output/confirmation/CR-6/turn01_A.resume.json	mongodb-move-primary/.specula-output/confirmation/CR-6/turn01_A.resume.json	file	0600	1784673572524749690	316	113afcf923fd4f08f3f14f14d279815e197f208ad3acd60bd3b9ae6cd283f950		copy	run-evidence		
mongodb-move-primary/.specula-output/confirmation/CR-6/turn01_A.usage.json	mongodb-move-primary/.specula-output/confirmation/CR-6/turn01_A.usage.json	file	0600	1784675472487921364	206	98c82e70107b1e9a17a4142d2d3a64f3ca2f919d8a159ba6f02627b0ce910c25		copy	run-evidence		
mongodb-move-primary/.specula-output/confirmation/CR-6/verdict.json	mongodb-move-primary/.specula-output/confirmation/CR-6/verdict.json	file	0600	1784675473230922026	2875	55e1d3d95e705de4fe751ca0560958a300f495d741b52b2f263fdbedf47838d4		copy	run-evidence		
mongodb-move-primary/.specula-output/confirmation/CR-7	mongodb-move-primary/.specula-output/confirmation/CR-7	directory	0700	1784679164669606120				mkdir	run-directory		
mongodb-move-primary/.specula-output/confirmation/CR-7/.agent-cwd	mongodb-move-primary/.specula-output/confirmation/CR-7/.agent-cwd	directory	0700	1784675479056924307				mkdir	run-directory		
mongodb-move-primary/.specula-output/confirmation/CR-7/.agent-cwd/turn01_A	.record/source-snapshots/mongodb-move-primary-.specula-output-confirmation-CR-7-.agent-cwd-turn01_A-f7224241dd14.tar	directory	0700	1784679159253592624	0	ff72275d08ced98dfb3f7576a485c2c42c705689291302e5323cfccad4a1a56d		snapshot	source-snapshot	non-git-source-snapshot	"{""codec"": ""zstd"", ""codec_version"": ""1.5.5"", ""content_entries"": 1, ""content_id"": ""sha256:ff72275d08ced98dfb3f7576a485c2c42c705689291302e5323cfccad4a1a56d"", ""content_manifest"": "".record/source-snapshots/mongodb-move-primary-.specula-output-confirmation-CR-7-.agent-cwd-turn01_A-f7224241dd14.tar.files.tsv"", ""content_manifest_bytes"": 93, ""content_manifest_sha256"": ""def032dd015c051a15a615537e38247bfae2b12f3ff75d477f209aac1dae6b17"", ""encoded_bytes"": 23, ""encoded_sha256"": ""ef077a15315f941a8fc5700796762259eb286177402b33c31d5bddc62df4a397"", ""parts"": [{""bytes"": 23, ""path"": ""mongodb-move-primary-.specula-output-confirmation-CR-7-.agent-cwd-turn01_A-f7224241dd14.tar.zst"", ""sha256"": ""ef077a15315f941a8fc5700796762259eb286177402b33c31d5bddc62df4a397""}], ""tar_bytes"": 10240, ""tar_sha256"": ""84ff92691f909a05b224e1c56abb4864f01b4f8e3c854e4bb4c7baf1d3f6d652""}"
mongodb-move-primary/.specula-output/confirmation/CR-7/debate.md	mongodb-move-primary/.specula-output/confirmation/CR-7/debate.md	file	0600	1784679159254592627	403	48f19a3ce483263ef2d5c3d5d2c0ffda460a9ae2c67869edf193a107359307ce		copy	run-evidence		
mongodb-move-primary/.specula-output/confirmation/CR-7/investigation.md	mongodb-move-primary/.specula-output/confirmation/CR-7/investigation.md	file	0600	1784676152187151686	8134	9ddca9c192d7b6be67675a06539f18d61e1f71d04cf37ae8c1221efae9893212		copy	run-evidence		
mongodb-move-primary/.specula-output/confirmation/CR-7/repro-output.log	mongodb-move-primary/.specula-output/confirmation/CR-7/repro-output.log	file	0600	1784679031264360069	62808	55cf0823340e43b6ae28768aa8d636691316b7544a0e01bcbd83a2d3491101cf		copy	run-evidence		
mongodb-move-primary/.specula-output/confirmation/CR-7/turn01_A.attempt-1.log	mongodb-move-primary/.specula-output/confirmation/CR-7/turn01_A.attempt-1.log	file	0600	1784675576347989195	2681	ac78ad2b5e3902e3f1d290a404fc3713be0f477c466a2ef4ab28428adac19f7a		copy	run-evidence		
mongodb-move-primary/.specula-output/confirmation/CR-7/turn01_A.attempt-2.log	mongodb-move-primary/.specula-output/confirmation/CR-7/turn01_A.attempt-2.log	file	0600	1784677400132752929	20854	a38a926ec786f243d5320ba388ee4ca7c98c001e5a46fc98d5d9bc495cee5113		copy	run-evidence		
mongodb-move-primary/.specula-output/confirmation/CR-7/turn01_A.last-message.txt	mongodb-move-primary/.specula-output/confirmation/CR-7/turn01_A.last-message.txt	file	0600	1784679158192590647	4636	d3f7dabb9ee55f574fca71d8109a2d7dfa90f0248adf13dd97221df77e365b32		copy	run-evidence		
mongodb-move-primary/.specula-output/confirmation/CR-7/turn01_A.log	mongodb-move-primary/.specula-output/confirmation/CR-7/turn01_A.log	file	0600	1784679157889590129	20028	c631983f077e9b08fa02733673cd8e3168b2d1bf993dc1312ad32b7b79a86fbc		copy	run-evidence		
mongodb-move-primary/.specula-output/confirmation/CR-7/turn01_A.prompt.attempt-1.md	mongodb-move-primary/.specula-output/confirmation/CR-7/turn01_A.prompt.attempt-1.md	file	0600	1784675479060924308	8788	c91b5d6eaf13be750f07b4ac288bdfc70ec19b1104dfcb87643f5f9ce50338d6		copy	run-evidence		
mongodb-move-primary/.specula-output/confirmation/CR-7/turn01_A.prompt.attempt-2.md	mongodb-move-primary/.specula-output/confirmation/CR-7/turn01_A.prompt.attempt-2.md	file	0600	1784675580972992936	286	1529c0a8a4e6c1d25789cad4bffa4a080800d7e52dca128ea6ffd1b3a20d2e48		copy	run-evidence		
mongodb-move-primary/.specula-output/confirmation/CR-7/turn01_A.prompt.md	mongodb-move-primary/.specula-output/confirmation/CR-7/turn01_A.prompt.md	file	0600	1784677409816775761	286	1529c0a8a4e6c1d25789cad4bffa4a080800d7e52dca128ea6ffd1b3a20d2e48		copy	run-evidence		
mongodb-move-primary/.specula-output/confirmation/CR-7/turn01_A.resume.json	mongodb-move-primary/.specula-output/confirmation/CR-7/turn01_A.resume.json	file	0600	1784675480692924997	316	ccd45f3895e7870e90a2ff5caf2dbfae46f0212630fc88ef6728ab525621896c		copy	run-evidence		
mongodb-move-primary/.specula-output/confirmation/CR-7/turn01_A.usage.attempt-1.json	mongodb-move-primary/.specula-output/confirmation/CR-7/turn01_A.usage.attempt-1.json	file	0600	1784675576964989655	206	35ddba0a895bef70f66be91566653526a8ca655efd3c0d28bc129caf69833061		copy	run-evidence		
mongodb-move-primary/.specula-output/confirmation/CR-7/turn01_A.usage.attempt-2.json	mongodb-move-primary/.specula-output/confirmation/CR-7/turn01_A.usage.attempt-2.json	file	0600	1784677401742757137	206	35ddba0a895bef70f66be91566653526a8ca655efd3c0d28bc129caf69833061		copy	run-evidence		
mongodb-move-primary/.specula-output/confirmation/CR-7/turn01_A.usage.json	mongodb-move-primary/.specula-output/confirmation/CR-7/turn01_A.usage.json	file	0600	1784679159247592609	206	35ddba0a895bef70f66be91566653526a8ca655efd3c0d28bc129caf69833061		copy	run-evidence		
mongodb-move-primary/.specula-output/confirmation/CR-7/verdict.json	mongodb-move-primary/.specula-output/confirmation/CR-7/verdict.json	file	0600	1784679160420595663	5002	acd13e869a88b7509a1da177c79a8bac263250d49f44c45e6d71e098548ea627		copy	run-evidence		
mongodb-move-primary/.specula-output/confirmed-bugs.md	mongodb-move-primary/.specula-output/confirmed-bugs.md	file	0600	1784679165055606776	28449	8092f026e96d1d99d6bd80a6ed01ec4574bb517761d3bc4c58cfaddcc97a7cd9		copy	run-evidence		
mongodb-move-primary/.specula-output/dbpath		directory	0700	1784675288771737390				exclude	non-evidence	database-runtime	
mongodb-move-primary/.specula-output/harness	mongodb-move-primary/.specula-output/harness	directory	0700	1784489845710218809				mkdir	run-directory		
mongodb-move-primary/.specula-output/harness-gen.activity.jsonl	mongodb-move-primary/.specula-output/harness-gen.activity.jsonl	file	0600	1784657386375006534	119377	9d48e395f7daaecec14d56835b4817fbf1521cae3411d2fb6c535f1bcda7594c		copy	run-evidence		
mongodb-move-primary/.specula-output/harness-gen.last-message.txt	mongodb-move-primary/.specula-output/harness-gen.last-message.txt	file	0600	1784657386386006559	1482	4c18bd2261056895e6512346022668e0143817dc21136964acca1f81cdc4b0c2		copy	run-evidence		
mongodb-move-primary/.specula-output/harness-gen.log	mongodb-move-primary/.specula-output/harness-gen.log	file	0600	1784657386238006226	55959	8ca9bd1eea53d82ffd9640c6a2fcb803dc5976d25893f98027ed46a0420bf02b		copy	run-evidence		
mongodb-move-primary/.specula-output/harness-gen.pid		file	0600	1784652765626948538	8	1f151f92d13275486818f585f078175e9dd2a7b37221b06c5502412ffff04640		exclude	non-evidence	ephemeral-process-id	
mongodb-move-primary/.specula-output/harness-gen.resume.json	mongodb-move-primary/.specula-output/harness-gen.resume.json	file	0600	1784652767973952456	177	0fcb25eaf43b8c3f56cf401d78989ba014ee2cd89587cfccd6dde7745f4c172b		copy	run-evidence		
mongodb-move-primary/.specula-output/harness-gen.usage.json	mongodb-move-primary/.specula-output/harness-gen.usage.json	file	0600	1784657387345008719	206	ccdd9e7b7fe0cdf8aeb829699bbd5601407c37dc498370734a79c508c52ad8ec		copy	run-evidence		
mongodb-move-primary/.specula-output/harness/INSTRUMENTATION.md	mongodb-move-primary/.specula-output/harness/INSTRUMENTATION.md	file	0600	1784657218401633450	7256	a027cb39442f807effa04249595210878469017133d24de87e1ff264d3b96b7a		copy	run-evidence		
mongodb-move-primary/.specula-output/harness/__pycache__		directory	0700	1784657226982657354				exclude	non-evidence	environment-cache	
mongodb-move-primary/.specula-output/harness/apply.sh	mongodb-move-primary/.specula-output/harness/apply.sh	file	0700	1784487235718044277	41094	bbe0276cd79e9b1859ce7d628c8b8eef03d481b3ab796d3abfcc34c4ae8c26ac		copy	run-evidence		
mongodb-move-primary/.specula-output/harness/check_trace.py	mongodb-move-primary/.specula-output/harness/check_trace.py	file	0700	1784653160078807611	2962	8a4b6077b4541d5b94faa92ed79915f130375371c85e222288d3d36b7dde01ba		copy	run-evidence		
mongodb-move-primary/.specula-output/harness/run.sh	mongodb-move-primary/.specula-output/harness/run.sh	file	0700	1784657192711571915	4489	5df35b06cbb625420a5d37ed16d642fedc4c8ab6de7de37ccadce04daaf5f1d2		copy	run-evidence		
mongodb-move-primary/.specula-output/harness/src	mongodb-move-primary/.specula-output/harness/src	directory	0700	1784487163702704356				mkdir	run-directory		
mongodb-move-primary/.specula-output/harness/src/move_primary_trace.h	mongodb-move-primary/.specula-output/harness/src/move_primary_trace.h	file	0600	1784653152495772320	17482	cb9d11533ea678aeffac7009b3227ae8df57c647d404df52e08556965709435a		copy	run-evidence		
mongodb-move-primary/.specula-output/harness/src/move_primary_trace_destination_draining.js	mongodb-move-primary/.specula-output/harness/src/move_primary_trace_destination_draining.js	file	0600	1784487163702704356	2894	56552cf4b35a77ecb94bed4c88e06647cd48084fecca1f0146aabd65ba012a2b		copy	run-evidence		
mongodb-move-primary/.specula-output/harness/src/move_primary_trace_normal.js	mongodb-move-primary/.specula-output/harness/src/move_primary_trace_normal.js	file	0600	1784487163701704365	1791	204f4c502541b353da2584c8c2a4860443931717c1f1599b44fcbc1ec4beb090		copy	run-evidence		
mongodb-move-primary/.specula-output/logs	mongodb-move-primary/.specula-output/logs	directory	0700	1784657263916754470				mkdir	run-directory		
mongodb-move-primary/.specula-output/logs/move_primary_destination_draining.log	mongodb-move-primary/.specula-output/logs/move_primary_destination_draining.log	file	0600	1784657297810836255	10669587	679551d8c62c7446f2ddb7cbe4c8b07f7b9672ffac0e0b04db4d48cd75e04fd8		copy	run-evidence		
mongodb-move-primary/.specula-output/logs/move_primary_normal.log	mongodb-move-primary/.specula-output/logs/move_primary_normal.log	file	0600	1784657263774754126	9357214	ed9bfa96e009ac45ef06c296b11f34dfa2e2cc73895a1dd8610881352b95c1f2		copy	run-evidence		
mongodb-move-primary/.specula-output/modeling-brief.md	mongodb-move-primary/.specula-output/modeling-brief.md	file	0600	1784483832170284039	18472	0d47dd97da4deb9aded979462a24f0d14d99d28e17e99911993bf840e1e9b923		copy	run-evidence		
mongodb-move-primary/.specula-output/repro	mongodb-move-primary/.specula-output/repro	directory	0700	1784675976456842693				mkdir	run-directory		
mongodb-move-primary/.specula-output/repro/test_bugCR-1_known_prefilter.sh	mongodb-move-primary/.specula-output/repro/test_bugCR-1_known_prefilter.sh	file	0700	1784669630696697712	1268	79b8b6a8d0d6f2a88a8656124c12d93440b8dbaf2b6d83d68bdee25b0cbcd3cb		copy	run-evidence		
mongodb-move-primary/.specula-output/repro/test_bugCR-2_stale_shard_local_db_metadata.js	mongodb-move-primary/.specula-output/repro/test_bugCR-2_stale_shard_local_db_metadata.js	file	0600	1784670665597487774	4666	8aa41a11011d82d5a20cea3f2d3043b83989780da019ec9c6555116251cb2c52		copy	run-evidence		
mongodb-move-primary/.specula-output/repro/test_bugCR-3_stale_retry_barrier.py	mongodb-move-primary/.specula-output/repro/test_bugCR-3_stale_retry_barrier.py	file	0700	1784672091144796052	10608	70f52f9be6d37b3f68b349bb823b54ac4c6ba305cc9f67dc494bf74902123aaf		copy	run-evidence		
mongodb-move-primary/.specula-output/repro/test_bugCR-4_stale_retry_guard.py	mongodb-move-primary/.specula-output/repro/test_bugCR-4_stale_retry_guard.py	file	0700	1784672986414199090	10917	39b1443535882f968d6f6577857cf59a2ea7e44fea51a2a4c8715f0e2b5ee2d8		copy	run-evidence		
mongodb-move-primary/.specula-output/repro/test_bugCR-5_topology_fcv_known.py	mongodb-move-primary/.specula-output/repro/test_bugCR-5_topology_fcv_known.py	file	0700	1784673525069734698	7119	a4bc9ac4a94fff6432d7cd4c0b2d686d6456eb59ab118ba40bd9be08ed1f3b52		copy	run-evidence		
mongodb-move-primary/.specula-output/repro/test_bugCR-6_stale_donor_cleanup.js	mongodb-move-primary/.specula-output/repro/test_bugCR-6_stale_donor_cleanup.js	file	0700	1784675271505721085	6812	0a68d9c40104f41ef7d26bc76dd64035d01e50bb0955fdbad12b5099b68a4a69		copy	run-evidence		
mongodb-move-primary/.specula-output/repro/test_bugCR-7_stale_db_metadata_generation.sh	mongodb-move-primary/.specula-output/repro/test_bugCR-7_stale_db_metadata_generation.sh	file	0700	1784679010461310056	973	0c73a30a16fadc84be5ca160f79fecdb220d0de9dcc0bf0e6a6e7bc1dbe02a69		copy	run-evidence		
mongodb-move-primary/.specula-output/review-analysis.activity.jsonl	mongodb-move-primary/.specula-output/review-analysis.activity.jsonl	file	0600	1784483994920834751	7554	c49695694cbad7d2a8b313058da1fcd05f6b9e5ec35fb726de5db249c035b8d3		copy	run-evidence		
mongodb-move-primary/.specula-output/review-analysis.last-message.txt	mongodb-move-primary/.specula-output/review-analysis.last-message.txt	file	0600	1784483994932834638	463	9012d927f7cc62435c1e1fafb3cb26cefe7adb461818bbc20d9d9537b408e7a2		copy	run-evidence		
mongodb-move-primary/.specula-output/review-analysis.log	mongodb-move-primary/.specula-output/review-analysis.log	file	0600	1784483994778836082	3595	31f8c43b68ad6f5ac7630ecfcb3cafe51aae5d91fb98302837ed6880e75995d6		copy	run-evidence		
mongodb-move-primary/.specula-output/review-analysis.md	mongodb-move-primary/.specula-output/review-analysis.md	file	0600	1784483986084916803	3983	80fb42481d3deafc6d9258282d29f384eac19aca8bda791c146a1a7e39ef01fd		copy	run-evidence		
mongodb-move-primary/.specula-output/review-analysis.pid		file	0600	1784483877062889036	8	0057620f8ee2e843e42a7fa60271b1b194730257b3444ea4e7e5a3809f05d53f		exclude	non-evidence	ephemeral-process-id	
mongodb-move-primary/.specula-output/review-analysis.usage.json	mongodb-move-primary/.specula-output/review-analysis.usage.json	file	0600	1784483995839826128	245	0776405989a5652794721fb0719da7fdc86e1a7fc599e42acd4f522a648517b9		copy	run-evidence		
mongodb-move-primary/.specula-output/spec	mongodb-move-primary/.specula-output/spec	directory	0700	1784669075891061496				mkdir	run-directory		
mongodb-move-primary/.specula-output/spec-gen.activity.jsonl	mongodb-move-primary/.specula-output/spec-gen.activity.jsonl	file	0600	1784485367821319278	43565	0ae7a76cb4717692f5b2d13d2edd56592f3abd747fc72e170068eb76a541deac		copy	run-evidence		
mongodb-move-primary/.specula-output/spec-gen.last-message.txt	mongodb-move-primary/.specula-output/spec-gen.last-message.txt	file	0600	1784485367832319160	790	5c72b5488b01efff823487dd1616fe9fd7552323c4536d45471aaf49fe1a5663		copy	run-evidence		
mongodb-move-primary/.specula-output/spec-gen.log	mongodb-move-primary/.specula-output/spec-gen.log	file	0600	1784485367761319921	16563	43286c121fbcfb6774cd4a75ec150643cc63a94912bcb5e3cb7b36cff843339b		copy	run-evidence		
mongodb-move-primary/.specula-output/spec-gen.pid		file	0600	1784483996389820969	8	da05459839643dafe31a40300b42aabe712cb4de67b6009f7007095ec13f3c3b		exclude	non-evidence	ephemeral-process-id	
mongodb-move-primary/.specula-output/spec-gen.usage.json	mongodb-move-primary/.specula-output/spec-gen.usage.json	file	0600	1784485368404313022	245	85cc38e7676d423ab2becc96941c75ea4c1691b83a76d271a15c5d6e537ed180		copy	run-evidence		
mongodb-move-primary/.specula-output/spec-validation.activity.attempt-1.jsonl	mongodb-move-primary/.specula-output/spec-validation.activity.attempt-1.jsonl	file	0600	1784658078387206915	83508	9d000e5ec40902a511a7a558419bf91a9af98acf574a11f78e8d0ff7843fc624		copy	run-evidence		
mongodb-move-primary/.specula-output/spec-validation.activity.jsonl	mongodb-move-primary/.specula-output/spec-validation.activity.jsonl	file	0600	1784668721166414774	269221	0df0f7bd777e881a914aaccedc6988a73335cd94f247aa2b3e2444382b749e14		copy	run-evidence		
mongodb-move-primary/.specula-output/spec-validation.attempt-1.log	mongodb-move-primary/.specula-output/spec-validation.attempt-1.log	file	0600	1784658077948206191	27738	f4687c6f8106f661c1d2d3daa8fc0c213e0f733cfcbd3740de9c420e0f127ed9		copy	run-evidence		
mongodb-move-primary/.specula-output/spec-validation.last-message.txt	mongodb-move-primary/.specula-output/spec-validation.last-message.txt	file	0600	1784668721181414778	1201	b6411d2b273e86a148a81beb22ade52f9deb1551c8c9b32debbe6b568ea0bccb		copy	run-evidence		
mongodb-move-primary/.specula-output/spec-validation.log	mongodb-move-primary/.specula-output/spec-validation.log	file	0600	1784668721048414745	100998	f68fae3067de0fa3e6ba6b2112514f8a981b5663080470d3d6e06b3dd91667a7		copy	run-evidence		
mongodb-move-primary/.specula-output/spec-validation.pid		file	0600	1784658085008217684	8	defdb68c32801cf38fc9d2f84f9c79aaa8a546fabeb2f8b95a2ce9181d9b04c8		exclude	non-evidence	ephemeral-process-id	
mongodb-move-primary/.specula-output/spec-validation.resume.json	mongodb-move-primary/.specula-output/spec-validation.resume.json	file	0600	1784657389263013037	177	547295b3660a54287a5f0903cd29918329dfb353b64228c5f5ec4dce5584d073		copy	run-evidence		
mongodb-move-primary/.specula-output/spec-validation.usage.attempt-1.json	mongodb-move-primary/.specula-output/spec-validation.usage.attempt-1.json	file	0600	1784658079751209167	206	fc4b0fc98b47e1f091d1dedf3d150419aba5b4c97ef9e153a0c83c925ac0601d		copy	run-evidence		
mongodb-move-primary/.specula-output/spec-validation.usage.json	mongodb-move-primary/.specula-output/spec-validation.usage.json	file	0600	1784668722222415033	206	fc4b0fc98b47e1f091d1dedf3d150419aba5b4c97ef9e153a0c83c925ac0601d		copy	run-evidence		
mongodb-move-primary/.specula-output/spec/.candidates-cache.json	mongodb-move-primary/.specula-output/spec/.candidates-cache.json	file	0600	1784669075891061496	188	71c694277889b1edb0088e79d792dc7abedb19fe7182119544c008ac80240504		copy	run-evidence		
mongodb-move-primary/.specula-output/spec/.consolidate.last-message.txt	mongodb-move-primary/.specula-output/spec/.consolidate.last-message.txt	file	0600	1784669074922067727	5	ed251864987c367e9641fbdc89c1d83e9bf0fa2e3eecef8f301c79f619bfac81		copy	run-evidence		
mongodb-move-primary/.specula-output/spec/.consolidate.log	mongodb-move-primary/.specula-output/spec/.consolidate.log	file	0600	1784669074853068170	4161	16c45034bcbc14b76c5fa620bf2f67b9acdfbc816b7c19e8bc8d452498fc91a3		copy	run-evidence		
mongodb-move-primary/.specula-output/spec/.consolidate.prompt.md	mongodb-move-primary/.specula-output/spec/.consolidate.prompt.md	file	0600	1784668883310304482	5229	bf9c87b1ae8f066560c04d29767f6aa1564e6c309be13668182d96a79560be26		copy	run-evidence		
mongodb-move-primary/.specula-output/spec/.consolidate.resume.json	mongodb-move-primary/.specula-output/spec/.consolidate.resume.json	file	0600	1784668884758317141	295	870fb53c6be94315c76e784727d38dbcbd30a25adb6e4e97a6583192c297fbd5		copy	run-evidence		
mongodb-move-primary/.specula-output/spec/.consolidate.usage.json	mongodb-move-primary/.specula-output/spec/.consolidate.usage.json	file	0600	1784669075883061547	206	49148b497144664b81901af0b3bd43ad3a1b1c3d5679062409b59cbaf7f36b7b		copy	run-evidence		
mongodb-move-primary/.specula-output/spec/MC.cfg	mongodb-move-primary/.specula-output/spec/MC.cfg	file	0600	1784668559223390620	1200	c6a64a3f9650189671646be3fcc130cfc93b633e0db21811c171541148a98b05		copy	run-evidence		
mongodb-move-primary/.specula-output/spec/MC.tla	mongodb-move-primary/.specula-output/spec/MC.tla	file	0600	1784661992328883805	5257	888b3b71df3af6ca3e093d143581d84202786c0a96b0a084cba28bb3493b79b6		copy	run-evidence		
mongodb-move-primary/.specula-output/spec/MC_TTrace_1784485569.bin	mongodb-move-primary/.specula-output/spec/MC_TTrace_1784485569.bin	file	0600	1784485570320140629	1938	2d36390d8f7978aa1c061338b4c464323378005cec944597bdeba74ea91b61f4		copy	run-evidence		
mongodb-move-primary/.specula-output/spec/MC_TTrace_1784485569.tla	mongodb-move-primary/.specula-output/spec/MC_TTrace_1784485569.tla	file	0600	1784485570333140491	29607	3f13ddfd91480445bf39008010655d0633d69f24e963acddc531d59656f9a5df		copy	run-evidence		
mongodb-move-primary/.specula-output/spec/MC_TTrace_1784485583.bin	mongodb-move-primary/.specula-output/spec/MC_TTrace_1784485583.bin	file	0600	1784485583520999774	1945	99b3425bb5057089f912b469caa3f2d5aff0bfff5b776e3fc6107db98555c2ff		copy	run-evidence		
mongodb-move-primary/.specula-output/spec/MC_TTrace_1784485583.tla	mongodb-move-primary/.specula-output/spec/MC_TTrace_1784485583.tla	file	0600	1784485583535999614	29622	501beadb50750b17aae29b008fcc7f19369351ca2b206da824f24164e32ee7bb		copy	run-evidence		
mongodb-move-primary/.specula-output/spec/MC_TTrace_1784658231.bin	mongodb-move-primary/.specula-output/spec/MC_TTrace_1784658231.bin	file	0600	1784658242169466396	1939	3c4bcd1f8620fd486f9cd7fb6cde36ac025e00275caa33421a18f8c9c42ce087		copy	run-evidence		
mongodb-move-primary/.specula-output/spec/MC_TTrace_1784658231.tla	mongodb-move-primary/.specula-output/spec/MC_TTrace_1784658231.tla	file	0600	1784658242201466447	27783	390603b899878d2271bdfddeffce9aabf2180ac9cd94100b03bbbe3071bf4b40		copy	run-evidence		
mongodb-move-primary/.specula-output/spec/MC_TTrace_1784658411.bin	mongodb-move-primary/.specula-output/spec/MC_TTrace_1784658411.bin	file	0600	1784658416637750831	1633	ae519d8139fe35a0ff490e7f593c89523090cb176de85972968be1fe826467c8		copy	run-evidence		
mongodb-move-primary/.specula-output/spec/MC_TTrace_1784658411.tla	mongodb-move-primary/.specula-output/spec/MC_TTrace_1784658411.tla	file	0600	1784658416653750857	18358	c506129302202b9f75d901eefd904846f0f629b6b0f4b95d654ced3ee47a256f		copy	run-evidence		
mongodb-move-primary/.specula-output/spec/MC_TTrace_1784658469.bin	mongodb-move-primary/.specula-output/spec/MC_TTrace_1784658469.bin	file	0600	1784658472266842040	1905	a70048e1e0e2a870bd10104306c437d32239c9e3fe2bcb3513d8e6cb785cbc42		copy	run-evidence		
mongodb-move-primary/.specula-output/spec/MC_TTrace_1784658469.tla	mongodb-move-primary/.specula-output/spec/MC_TTrace_1784658469.tla	file	0600	1784658472285842072	24020	dbf82da358e2e76a5e356a5f42a9a1bb445b4371af2afa2e36455f5df0021b69		copy	run-evidence		
mongodb-move-primary/.specula-output/spec/MC_TTrace_1784658512.bin	mongodb-move-primary/.specula-output/spec/MC_TTrace_1784658512.bin	file	0600	1784658517351917017	2187	1d169d1151731adfa8a99346dace8a69d149154444fdfabeb7af1c170fad9cf0		copy	run-evidence		
mongodb-move-primary/.specula-output/spec/MC_TTrace_1784658512.tla	mongodb-move-primary/.specula-output/spec/MC_TTrace_1784658512.tla	file	0600	1784658517384917071	34732	5580cf7db3015290a123dd81f00d28adee53276223d8be9daf9f42079b00579c		copy	run-evidence		
mongodb-move-primary/.specula-output/spec/MC_TTrace_1784658689.bin	mongodb-move-primary/.specula-output/spec/MC_TTrace_1784658689.bin	file	0600	1784658709957233768	2270	0b13c24ccd81a24b4cd72a24e2d32d1c20ba63b4b816c6ebbc79c6f526a7fb8f		copy	run-evidence		
mongodb-move-primary/.specula-output/spec/MC_TTrace_1784658689.tla	mongodb-move-primary/.specula-output/spec/MC_TTrace_1784658689.tla	file	0600	1784658709996233832	48317	da05b8bb643b3474ef6b1b902e63e12c59ce5d234c412df0887cf10628956cd1		copy	run-evidence		
mongodb-move-primary/.specula-output/spec/MC_TTrace_1784662022.bin	mongodb-move-primary/.specula-output/spec/MC_TTrace_1784662022.bin	file	0600	1784662420643949624	3177	46858a4255e93092daa58e63a8752b01657b5344bc517944713c5bf878416e46		copy	run-evidence		
mongodb-move-primary/.specula-output/spec/MC_TTrace_1784662022.tla	mongodb-move-primary/.specula-output/spec/MC_TTrace_1784662022.tla	file	0600	1784662420768950186	101887	5316c5185587253dd7889113b3c7b934aea9f9e2df540aa8b2466d27292ea0f3		copy	run-evidence		
mongodb-move-primary/.specula-output/spec/MC_TTrace_1784664140.bin	mongodb-move-primary/.specula-output/spec/MC_TTrace_1784664140.bin	file	0600	1784664143942280513	2738	60655b4183de5c3ea9be6aac1a7d4fd4806d272573e8bf2f5f8285e63a1576ae		copy	run-evidence		
mongodb-move-primary/.specula-output/spec/MC_TTrace_1784664140.tla	mongodb-move-primary/.specula-output/spec/MC_TTrace_1784664140.tla	file	0600	1784664144029280663	70629	97aa64ece7d3d80cd2a16c44f3a2a4509d61a64019482c3b618e2de32badcb7b		copy	run-evidence		
mongodb-move-primary/.specula-output/spec/MC_TTrace_1784664437.bin	mongodb-move-primary/.specula-output/spec/MC_TTrace_1784664437.bin	file	0600	1784664439733192042	1885	dd808420510938ae7091d2a1b3e5053d824a5bf413c68279be8e3fa11072be86		copy	run-evidence		
mongodb-move-primary/.specula-output/spec/MC_TTrace_1784664437.tla	mongodb-move-primary/.specula-output/spec/MC_TTrace_1784664437.tla	file	0600	1784664439755192167	26753	6547a632eb8c902c23a24f7add9ab60090d6c893d9735aae0eb4816d788ce24e		copy	run-evidence		
mongodb-move-primary/.specula-output/spec/MC_TTrace_1784664645.bin	mongodb-move-primary/.specula-output/spec/MC_TTrace_1784664645.bin	file	0600	1784664648411004869	1908	b34b3c51162b53abb34d3ab1831939e99d52b5c21e5ea0fe5b5127abde75dc67		copy	run-evidence		
mongodb-move-primary/.specula-output/spec/MC_TTrace_1784664645.tla	mongodb-move-primary/.specula-output/spec/MC_TTrace_1784664645.tla	file	0600	1784664648436004939	28815	58ca005b4a51d602a09352e6244879c5f6e5abfa6589e11f0278831392f75095		copy	run-evidence		
mongodb-move-primary/.specula-output/spec/MC_TTrace_1784664826.bin	mongodb-move-primary/.specula-output/spec/MC_TTrace_1784664826.bin	file	0600	1784664831409502738	2643	2e08822a9f1570dfefb8fa8bfe10f2ff1ed3d9e38bd32330a6bd71a33834faa5		copy	run-evidence		
mongodb-move-primary/.specula-output/spec/MC_TTrace_1784664826.tla	mongodb-move-primary/.specula-output/spec/MC_TTrace_1784664826.tla	file	0600	1784664831557503121	72591	237e1b3dbc41bc65b40f739735c83d5ac87c2c5188c5b6aef9f35e3b9492a2da		copy	run-evidence		
mongodb-move-primary/.specula-output/spec/MC_TTrace_1784664994.bin	mongodb-move-primary/.specula-output/spec/MC_TTrace_1784664994.bin	file	0600	1784665001623865942	2746	202290988b6f79d0134fd00f5c7f44a8a50dedf194aba74db09738f16d70e037		copy	run-evidence		
mongodb-move-primary/.specula-output/spec/MC_TTrace_1784664994.tla	mongodb-move-primary/.specula-output/spec/MC_TTrace_1784664994.tla	file	0600	1784665001694866091	80176	67f22ef88d62dff4119ffdbfeb9b64614945e1bde16dc16919f55467defd52c0		copy	run-evidence		
mongodb-move-primary/.specula-output/spec/MC_TTrace_1784665046.bin	mongodb-move-primary/.specula-output/spec/MC_TTrace_1784665046.bin	file	0600	1784665153232156290	2796	6bf7759f948420b381e64efa4860be09daf6f947a98cded165a0607e8125a4a3		copy	run-evidence		
mongodb-move-primary/.specula-output/spec/MC_TTrace_1784665046.tla	mongodb-move-primary/.specula-output/spec/MC_TTrace_1784665046.tla	file	0600	1784665153295156402	82833	7614cd42926b13de1d02fdbc2a7f638ac37939148c2fcf6a4ae7da5cca61b0c9		copy	run-evidence		
mongodb-move-primary/.specula-output/spec/MC_TTrace_1784665208.bin	mongodb-move-primary/.specula-output/spec/MC_TTrace_1784665208.bin	file	0600	1784665225338284621	2852	99cddeaee31d81805769de3855ff0557c704990640a074dbee52886c04c9482d		copy	run-evidence		
mongodb-move-primary/.specula-output/spec/MC_TTrace_1784665208.tla	mongodb-move-primary/.specula-output/spec/MC_TTrace_1784665208.tla	file	0600	1784665225398284731	88727	9f22d12e650a53f26f63680be8bd2fc75896c8c0d52707fd06042b7f3e186764		copy	run-evidence		
mongodb-move-primary/.specula-output/spec/MC_TTrace_1784665317.bin	mongodb-move-primary/.specula-output/spec/MC_TTrace_1784665317.bin	file	0600	1784665510276758606	3302	a707d8bfefb727e9ce4b4e435f9164f1c793ccf6caac47afa8ccb55abb322366		copy	run-evidence		
mongodb-move-primary/.specula-output/spec/MC_TTrace_1784665317.tla	mongodb-move-primary/.specula-output/spec/MC_TTrace_1784665317.tla	file	0600	1784665510386758760	133706	b9b35ee808b17014b5192216a2a95ef85b38d1b23d055616e492776680e11d3d		copy	run-evidence		
mongodb-move-primary/.specula-output/spec/MC_TTrace_1784668475.bin	mongodb-move-primary/.specula-output/spec/MC_TTrace_1784668475.bin	file	0600	1784668478343381214	2598	674f01f095a753f4f94e0fa9af042c573a78e34be4c9a080b8b810197f4fe066		copy	run-evidence		
mongodb-move-primary/.specula-output/spec/MC_TTrace_1784668475.tla	mongodb-move-primary/.specula-output/spec/MC_TTrace_1784668475.tla	file	0600	1784668478417381222	68895	b0397c09fb50e884cc4b64c7a410976c0ed90015de16581708bc6b1262ad506c		copy	run-evidence		
mongodb-move-primary/.specula-output/spec/MC_hunt_BF1_clone_abort_cleanup.cfg	mongodb-move-primary/.specula-output/spec/MC_hunt_BF1_clone_abort_cleanup.cfg	file	0600	1784665528042776262	624	cbe9fcbd4f6048296985a7365a8764157380bbedf83599a9856bb8a1bfa7ccb0		copy	run-evidence		
mongodb-move-primary/.specula-output/spec/MC_hunt_BF2_split_commit.cfg	mongodb-move-primary/.specula-output/spec/MC_hunt_BF2_split_commit.cfg	file	0600	1784665528042776262	663	51edeccc1b26432b362285a94cd2ba8b9b9132bc9e281c621fd587fbad9e14cc		copy	run-evidence		
mongodb-move-primary/.specula-output/spec/MC_hunt_BF3_critical_section.cfg	mongodb-move-primary/.specula-output/spec/MC_hunt_BF3_critical_section.cfg	file	0600	1784665528042776262	676	21ea1394f772c4c5f8b901c6ebeeb4e328f1969c2e45c0e12c4e4a9a60a35bbe		copy	run-evidence		
mongodb-move-primary/.specula-output/spec/MC_hunt_BF4_stale_generation_replay.cfg	mongodb-move-primary/.specula-output/spec/MC_hunt_BF4_stale_generation_replay.cfg	file	0600	1784665528042776262	615	038cec30494d55610faecce7b07aa968b0766120a984b0b6fbb66292dfe56a2c		copy	run-evidence		
mongodb-move-primary/.specula-output/spec/MC_hunt_BF5_topology_fcv.cfg	mongodb-move-primary/.specula-output/spec/MC_hunt_BF5_topology_fcv.cfg	file	0600	1784665528042776262	614	c2589dc496a6ead6fa8d44cd03cb8f1f9c1acd4e9e3ca115f5d9e4cd5ad5e50a		copy	run-evidence		
mongodb-move-primary/.specula-output/spec/MC_hunt_BF6_donor_cleanup.cfg	mongodb-move-primary/.specula-output/spec/MC_hunt_BF6_donor_cleanup.cfg	file	0600	1784668559223390620	589	e85898789f1ceeae69721ba1103b48a40c222c4c3528c4d56513cc2bb55a0be0		copy	run-evidence		
mongodb-move-primary/.specula-output/spec/MC_hunt_BF7_shard_local_generation_guard.cfg	mongodb-move-primary/.specula-output/spec/MC_hunt_BF7_shard_local_generation_guard.cfg	file	0600	1784665528043776262	589	82da3b0e439baca1201187db0ee64bbe4ad9a687c8c1a2338bc472fc3f2b2046		copy	run-evidence		
mongodb-move-primary/.specula-output/spec/Trace.cfg	mongodb-move-primary/.specula-output/spec/Trace.cfg	file	0600	1784657924486955351	585	e3e4113f112f7707bbff089b6ee0d4958dd50bdc375b7d3e15533a6b6b0cee0a		copy	run-evidence		
mongodb-move-primary/.specula-output/spec/Trace.tla	mongodb-move-primary/.specula-output/spec/Trace.tla	file	0600	1784657861761851677	19764	b587ff7bf01ef3785d7e85eabde6f16fb52a1024091d8056369754fcb315194d		copy	run-evidence		
mongodb-move-primary/.specula-output/spec/Trace_TTrace_1784657026.bin	mongodb-move-primary/.specula-output/spec/Trace_TTrace_1784657026.bin	file	0600	1784657027480306783	1275	aa297fc468c908adcac94277924355e1c83e7f4680c599aa67fd8469206d0624		copy	run-evidence		
mongodb-move-primary/.specula-output/spec/Trace_TTrace_1784657026.tla	mongodb-move-primary/.specula-output/spec/Trace_TTrace_1784657026.tla	file	0600	1784657027491306792	11817	cd59b3b1140f3d5005ac2b7dcafe4abc895f2e07b5e1f9545efc7e1f7cb7ba56		copy	run-evidence		
mongodb-move-primary/.specula-output/spec/Trace_TTrace_1784657557.bin	mongodb-move-primary/.specula-output/spec/Trace_TTrace_1784657557.bin	file	0600	1784657558007334761	1267	1a89eec5b67dc39f0bddcc68cb838a568a5a8c688ddaa750112e15b306be881f		copy	run-evidence		
mongodb-move-primary/.specula-output/spec/Trace_TTrace_1784657557.tla	mongodb-move-primary/.specula-output/spec/Trace_TTrace_1784657557.tla	file	0600	1784657558018334782	11860	a6d0a3abd5b307ced099848058eca2d07c0752bf243d0784ed2f80c4fcce76b2		copy	run-evidence		
mongodb-move-primary/.specula-output/spec/Trace_TTrace_1784657656.bin	mongodb-move-primary/.specula-output/spec/Trace_TTrace_1784657656.bin	file	0600	1784657658584503710	1262	0330d71984cb7f9c9418c5ee1a0782ca1811c83b5654acc470e4d0a389240fa6		copy	run-evidence		
mongodb-move-primary/.specula-output/spec/Trace_TTrace_1784657656.tla	mongodb-move-primary/.specula-output/spec/Trace_TTrace_1784657656.tla	file	0600	1784657658594503726	11857	1798e6997ffbb080e15a9668e31a3b5a615dfc9d5f10daf363c2b9957918f550		copy	run-evidence		
mongodb-move-primary/.specula-output/spec/Trace_TTrace_1784657659.bin	mongodb-move-primary/.specula-output/spec/Trace_TTrace_1784657659.bin	file	0600	1784657661168507966	1262	0330d71984cb7f9c9418c5ee1a0782ca1811c83b5654acc470e4d0a389240fa6		copy	run-evidence		
mongodb-move-primary/.specula-output/spec/Trace_TTrace_1784657659.tla	mongodb-move-primary/.specula-output/spec/Trace_TTrace_1784657659.tla	file	0600	1784657661178507982	11857	40c291b1b7ac805cdc3d0ce51feec5a79e87f048774ca2d0afaf1c7e814ff9c5		copy	run-evidence		
mongodb-move-primary/.specula-output/spec/Trace_TTrace_1784657742.bin	mongodb-move-primary/.specula-output/spec/Trace_TTrace_1784657742.bin	file	0600	1784657744439653049	1550	7a0c6040d8fee5dae43f1be63ce74e31a48b3a6ffdea41efd377ab231996ccda		copy	run-evidence		
mongodb-move-primary/.specula-output/spec/Trace_TTrace_1784657742.tla	mongodb-move-primary/.specula-output/spec/Trace_TTrace_1784657742.tla	file	0600	1784657744450653067	19141	b92303170171a0344c24a9f6e43cb6e8d226a3892626697cdef77ad5454d08f6		copy	run-evidence		
mongodb-move-primary/.specula-output/spec/Trace_TTrace_1784657745.bin	mongodb-move-primary/.specula-output/spec/Trace_TTrace_1784657745.bin	file	0600	1784657746605656514	1550	7a0c6040d8fee5dae43f1be63ce74e31a48b3a6ffdea41efd377ab231996ccda		copy	run-evidence		
mongodb-move-primary/.specula-output/spec/Trace_TTrace_1784657745.tla	mongodb-move-primary/.specula-output/spec/Trace_TTrace_1784657745.tla	file	0600	1784657746616656531	19141	f9993663532b54b0c82117612b47785d855d64986d4dd6be35c9c417d017d7e5		copy	run-evidence		
mongodb-move-primary/.specula-output/spec/Trace_TTrace_1784657870.bin	mongodb-move-primary/.specula-output/spec/Trace_TTrace_1784657870.bin	file	0600	1784657871969867939	2066	0cf42c95c7c08b1e1d801cb2c52a20cb7777cd1bec2e3097e71e951e54901d22		copy	run-evidence		
mongodb-move-primary/.specula-output/spec/Trace_TTrace_1784657870.tla	mongodb-move-primary/.specula-output/spec/Trace_TTrace_1784657870.tla	file	0600	1784657871981867958	43787	2dc2854a379af988ebb1ae50a8a1564cb35cd639249ee09b3fbd4419a19c1d08		copy	run-evidence		
mongodb-move-primary/.specula-output/spec/Trace_TTrace_1784657872.bin	mongodb-move-primary/.specula-output/spec/Trace_TTrace_1784657872.bin	file	0600	1784657873037869618	2066	0cf42c95c7c08b1e1d801cb2c52a20cb7777cd1bec2e3097e71e951e54901d22		copy	run-evidence		
mongodb-move-primary/.specula-output/spec/Trace_TTrace_1784657872.tla	mongodb-move-primary/.specula-output/spec/Trace_TTrace_1784657872.tla	file	0600	1784657873050869639	43787	905289d76399cb92768a7ffdf94b476cade8bf5097661c92a2650f274b1ea1ea		copy	run-evidence		
mongodb-move-primary/.specula-output/spec/Trace_TTrace_1784657934.bin	mongodb-move-primary/.specula-output/spec/Trace_TTrace_1784657934.bin	file	0600	1784657935939974237	2460	f8a3c8d70ef1e6ff281861d4b466b853bea9f894d809c2c66dbbea262cabf555		copy	run-evidence		
mongodb-move-primary/.specula-output/spec/Trace_TTrace_1784657934.tla	mongodb-move-primary/.specula-output/spec/Trace_TTrace_1784657934.tla	file	0600	1784657935951974257	62813	cefaf99f4eb5edac93dbf2700e48b638b57b2e86caf20e36d2324d19e0330397		copy	run-evidence		
mongodb-move-primary/.specula-output/spec/Trace_TTrace_1784658633.bin	mongodb-move-primary/.specula-output/spec/Trace_TTrace_1784658633.bin	file	0600	1784658635557111746	2496	7dcd72db089556b84a08f6956f0be6a3de156b8fc5907acc180d083d05614812		copy	run-evidence		
mongodb-move-primary/.specula-output/spec/Trace_TTrace_1784658633.tla	mongodb-move-primary/.specula-output/spec/Trace_TTrace_1784658633.tla	file	0600	1784658635571111769	65140	e6ebfbc4f72c37cd751fd8e0de36efbf4cbfea1d5451649c37465035eecf0b90		copy	run-evidence		
mongodb-move-primary/.specula-output/spec/base.cfg	mongodb-move-primary/.specula-output/spec/base.cfg	file	0600	1784665528041776261	544	43f8890fad9fb729445f8a1334a011f89f3e0de90182d8995542bc072daeb922		copy	run-evidence		
mongodb-move-primary/.specula-output/spec/base.tla	mongodb-move-primary/.specula-output/spec/base.tla	file	0600	1784668559223390620	49235	40111bffb325d2edf4e7e16e0cca1889cf7740d6ee223730199c871e4799db29		copy	run-evidence		
mongodb-move-primary/.specula-output/spec/base_TTrace_1784485569.bin	mongodb-move-primary/.specula-output/spec/base_TTrace_1784485569.bin	file	0600	1784485569595148381	1796	e7caf560d8bae4d7d0629cdef1d62a5b50954baf11592d3655c869b09e05180e		copy	run-evidence		
mongodb-move-primary/.specula-output/spec/base_TTrace_1784485569.tla	mongodb-move-primary/.specula-output/spec/base_TTrace_1784485569.tla	file	0600	1784485569617148146	23911	e1d5b86dcdfa725d597cffe06ade140bd3628dceb632fc52a369d7b314d9e9e2		copy	run-evidence		
mongodb-move-primary/.specula-output/spec/base_TTrace_1784485582.bin	mongodb-move-primary/.specula-output/spec/base_TTrace_1784485582.bin	file	0600	1784485582894006453	1908	855cc0b1ae1d38f01c6984b694493eac2a66ee84c990c4a0cb8b7578168acc48		copy	run-evidence		
mongodb-move-primary/.specula-output/spec/base_TTrace_1784485582.tla	mongodb-move-primary/.specula-output/spec/base_TTrace_1784485582.tla	file	0600	1784485582908006304	30769	39f741b9135e759421924642a51f7c27888b275f107967b7e5f7b0555e7c31e6		copy	run-evidence		
mongodb-move-primary/.specula-output/spec/base_TTrace_1784485641.bin	mongodb-move-primary/.specula-output/spec/base_TTrace_1784485641.bin	file	0600	1784485642474368016	3146	a7768e4a620208ee88b1e28c13c325ec25d7f519d338d1b60b5020ce85f928fb		copy	run-evidence		
mongodb-move-primary/.specula-output/spec/base_TTrace_1784485641.tla	mongodb-move-primary/.specula-output/spec/base_TTrace_1784485641.tla	file	0600	1784485642485367899	84806	ecc2d3cd60a319f3a9047e08b99160043e89d73a478576f53b69529de5941f02		copy	run-evidence		
mongodb-move-primary/.specula-output/spec/brief-coverage.md	mongodb-move-primary/.specula-output/spec/brief-coverage.md	file	0600	1784668559224390620	4682	5bfb863cb31c4198c90e903bda680bf3fbbb2b4724184fc5e6c459fa08803223		copy	run-evidence		
mongodb-move-primary/.specula-output/spec/bug-report.md	mongodb-move-primary/.specula-output/spec/bug-report.md	file	0600	1784668688527479729	3468	f35b29b83afc2bb78dcd2aa69070b659a34966ea930bb7e8583bb15ea2088d3b		copy	run-evidence		
mongodb-move-primary/.specula-output/spec/candidates.json	mongodb-move-primary/.specula-output/spec/candidates.json	file	0600	1784669051020066795	10330	2570b1b4d9a5d39b2eedc9aca10770918d1a86366e03b0b4d2649a44a8a2ae33		copy	run-evidence		
mongodb-move-primary/.specula-output/spec/changelog.md	mongodb-move-primary/.specula-output/spec/changelog.md	file	0600	1784668688528479718	7718	341d15dc964496ea7d0768d97ab83a77343402c4578ed7a21efb75e7554dd12b		copy	run-evidence		
mongodb-move-primary/.specula-output/spec/confirmation-generation.json	mongodb-move-primary/.specula-output/spec/confirmation-generation.json	file	0600	1784668726960416110	88	4bdf78f58db22ec2f399e0eb0e82664315d1799ad13f7295e3357bafff688b7f		copy	run-evidence		
mongodb-move-primary/.specula-output/spec/findings.json	mongodb-move-primary/.specula-output/spec/findings.json	file	0600	1784668688528479718	123	9991388c33c4f45d0ada2d0e505c38e01f4a0d0c7d62c165e543d50b7f5b7f28		copy	run-evidence		
mongodb-move-primary/.specula-output/spec/instrumentation-spec.md	mongodb-move-primary/.specula-output/spec/instrumentation-spec.md	file	0600	1784485256193515565	16761	754b228ed96ad87b4dfd484fc0243a152310d7f2e8b3cad5e2fb84112fcdaa84		copy	run-evidence		
mongodb-move-primary/.specula-output/spec/output	mongodb-move-primary/.specula-output/spec/output	directory	0700	1784693605392322751				mkdir	run-directory		
mongodb-move-primary/.specula-output/spec/output/MC_convergence_round1.out	mongodb-move-primary/.specula-output/spec/output/MC_convergence_round1.out	file	0600	1784658242201466447	27942	94cfa94cb18240c4473c46e9be264b0491fbd32c5731a08cbfc905907e385a6b		copy	run-evidence		
mongodb-move-primary/.specula-output/spec/output/MC_convergence_round10_direct.out	mongodb-move-primary/.specula-output/spec/output/MC_convergence_round10_direct.out	file	0600	1784663226466821021	5503	7afb0ce7fc72a29e0874bb388dc72ea3924e7f42789d8ed0379447d1d15c2809		copy	run-evidence		
mongodb-move-primary/.specula-output/spec/output/MC_convergence_round11_direct.out	mongodb-move-primary/.specula-output/spec/output/MC_convergence_round11_direct.out	file	0600	1784664068660155320	5726	266c09ac5c8625acb5a07a84fb1921098c06cf1c4a3b6012804a98a07d3ecff9		copy	run-evidence		
mongodb-move-primary/.specula-output/spec/output/MC_convergence_round12_direct.out	mongodb-move-primary/.specula-output/spec/output/MC_convergence_round12_direct.out	file	0600	1784664358475666970	3891	f6a7522c63a77f26fb13fbedd2a9515f85f18088e15eb1ede7516487938f8aba		copy	run-evidence		
mongodb-move-primary/.specula-output/spec/output/MC_convergence_round13_direct.out	mongodb-move-primary/.specula-output/spec/output/MC_convergence_round13_direct.out	file	0600	1784664621421933649	3900	1b3e7fa073fcf61b3af2d71613ee31baf0dea778bee76f5391b7477b5bdff235		copy	run-evidence		
mongodb-move-primary/.specula-output/spec/output/MC_convergence_round14_direct.out	mongodb-move-primary/.specula-output/spec/output/MC_convergence_round14_direct.out	file	0600	1784664831557503121	79656	ad8a2330d036cbfbc2b8d35f906c3925b349aad246fef525a75198d5438a1428		copy	run-evidence		
mongodb-move-primary/.specula-output/spec/output/MC_convergence_round15_direct.out	mongodb-move-primary/.specula-output/spec/output/MC_convergence_round15_direct.out	file	0600	1784665001694866091	89464	0dfc11f4590239b001f265b461f1a116c6b2574c76cc50059a78e559638a16dd		copy	run-evidence		
mongodb-move-primary/.specula-output/spec/output/MC_convergence_round16_direct.out	mongodb-move-primary/.specula-output/spec/output/MC_convergence_round16_direct.out	file	0600	1784665153295156402	92621	51cfd783371f5a61dd20cf4b8a979bfd809be35c62aa84e7a5df47a76498823f		copy	run-evidence		
mongodb-move-primary/.specula-output/spec/output/MC_convergence_round17_direct.out	mongodb-move-primary/.specula-output/spec/output/MC_convergence_round17_direct.out	file	0600	1784665225398284731	98886	8dfaaaae2277a1cfc285a0d6a049a7f7404e34454774260458971bf0009daf57		copy	run-evidence		
mongodb-move-primary/.specula-output/spec/output/MC_convergence_round18_direct.out	mongodb-move-primary/.specula-output/spec/output/MC_convergence_round18_direct.out	file	0600	1784665510386758760	151680	900a01efd48f04ecde4c10aac98786fd0a8d0aed84d16da909d10ceb263c187b		copy	run-evidence		
mongodb-move-primary/.specula-output/spec/output/MC_convergence_round19_direct.out	mongodb-move-primary/.specula-output/spec/output/MC_convergence_round19_direct.out	file	0600	1784668326787361541	12680	9ec5948303997e6faf786abdd9b80c16aad09087fdd9af08a5a39f3718561d91		copy	run-evidence		
mongodb-move-primary/.specula-output/spec/output/MC_convergence_round2.out	mongodb-move-primary/.specula-output/spec/output/MC_convergence_round2.out	file	0600	1784658416653750857	16883	eb97eeeb37526f6696e45ea89a9fc1d957b2707cc7a37a2a8f15250d4269258c		copy	run-evidence		
mongodb-move-primary/.specula-output/spec/output/MC_convergence_round3.out	mongodb-move-primary/.specula-output/spec/output/MC_convergence_round3.out	file	0600	1784658472285842072	23547	9bca324d652badc7ae25b7495226516a5b95f515b28a15c500851a2d97878da2		copy	run-evidence		
mongodb-move-primary/.specula-output/spec/output/MC_convergence_round4.out	mongodb-move-primary/.specula-output/spec/output/MC_convergence_round4.out	file	0600	1784658517384917071	35993	e33517bb8ef8c37a80792ae8729be949f0dd6e6160def772d2069ba36c9dd0c6		copy	run-evidence		
mongodb-move-primary/.specula-output/spec/output/MC_convergence_round5.out	mongodb-move-primary/.specula-output/spec/output/MC_convergence_round5.out	file	0600	1784658709996233832	52007	305ba1d4e1717196ccf0562a44031987c257a836de383c353e5e82fb650c49ec		copy	run-evidence		
mongodb-move-primary/.specula-output/spec/output/MC_convergence_round6.out	mongodb-move-primary/.specula-output/spec/output/MC_convergence_round6.out	file	0600	1784660495405399882	8627	9be0a0d7ceae63bf26ad9eb11c11c0dcf081cffed141317da7f9fade4e0676f7		copy	run-evidence		
mongodb-move-primary/.specula-output/spec/output/MC_convergence_round7.out	mongodb-move-primary/.specula-output/spec/output/MC_convergence_round7.out	file	0600	1784660582220517918	116	c61fdb71b2c076ed4fc9cd1948fbd13257ef1de7f805a9fdf4304623e881a53a		copy	run-evidence		
mongodb-move-primary/.specula-output/spec/output/MC_convergence_round7_direct.out	mongodb-move-primary/.specula-output/spec/output/MC_convergence_round7_direct.out	file	0600	1784661686104375311	6589	9e05ffe93a2e9c2474092a56934e19ed33fc016b2632e00840ecf07691fbbfed		copy	run-evidence		
mongodb-move-primary/.specula-output/spec/output/MC_convergence_round8_direct.out	mongodb-move-primary/.specula-output/spec/output/MC_convergence_round8_direct.out	file	0600	1784661940039787346	3677	8e6e795c3013932c3794805542c21e0fb901eb952c273be7aff2e09d2d80612e		copy	run-evidence		
mongodb-move-primary/.specula-output/spec/output/MC_convergence_round9_direct.out	mongodb-move-primary/.specula-output/spec/output/MC_convergence_round9_direct.out	file	0600	1784662420768950186	115393	8b9dc7c4ebe84e6ac999a2682c8b485d46ffb45f33ee1977d5ca885a50f07650		copy	run-evidence		
mongodb-move-primary/.specula-output/spec/output/MC_hunt_BF1_clone_abort_cleanup_bfs.out	mongodb-move-primary/.specula-output/spec/output/MC_hunt_BF1_clone_abort_cleanup_bfs.out	file	0600	1784664124373246092	3498	146ff06efc82199700585e48e90d849dfded6469ddb9667261eb91ffd37fdee3		copy	run-evidence		
mongodb-move-primary/.specula-output/spec/output/MC_hunt_BF1_clone_abort_cleanup_bfs_final_20260721211323.out	mongodb-move-primary/.specula-output/spec/output/MC_hunt_BF1_clone_abort_cleanup_bfs_final_20260721211323.out	file	0600	1784668407020355068	3499	249ce12d8cfde371e5017fdbd511f108df39cbeec28037609bbdde485b83fcca		copy	run-evidence		
mongodb-move-primary/.specula-output/spec/output/MC_hunt_BF1_clone_abort_cleanup_bfs_round2.out	mongodb-move-primary/.specula-output/spec/output/MC_hunt_BF1_clone_abort_cleanup_bfs_round2.out	file	0600	1784664393276919783	3505	972be8e152ecc60fc9e74a2b41fe621db9c2926a8c09756d4a64255c47e9fbd8		copy	run-evidence		
mongodb-move-primary/.specula-output/spec/output/MC_hunt_BF2_split_commit_bfs.out	mongodb-move-primary/.specula-output/spec/output/MC_hunt_BF2_split_commit_bfs.out	file	0600	1784664134032263387	3496	925307f09d242ba8c984c6b132effe09b7cc6c7ec1c26b3f431f89f953762c30		copy	run-evidence		
mongodb-move-primary/.specula-output/spec/output/MC_hunt_BF2_split_commit_bfs_final_20260721211323.out	mongodb-move-primary/.specula-output/spec/output/MC_hunt_BF2_split_commit_bfs_final_20260721211323.out	file	0600	1784668415703355824	3504	bf1d2beaa59295946af65b175567d16fbd305d6d3f1f656e525fbd53cdbc02fe		copy	run-evidence		
mongodb-move-primary/.specula-output/spec/output/MC_hunt_BF2_split_commit_bfs_round2.out	mongodb-move-primary/.specula-output/spec/output/MC_hunt_BF2_split_commit_bfs_round2.out	file	0600	1784664402296981045	3495	fdd7294250831e2bbf3030d4d917839a637515691696aa86c6a6d753e972dcf8		copy	run-evidence		
mongodb-move-primary/.specula-output/spec/output/MC_hunt_BF3_critical_section_bfs.out	mongodb-move-primary/.specula-output/spec/output/MC_hunt_BF3_critical_section_bfs.out	file	0600	1784664144029280663	77425	1551f99ae0167b1f768ce540fc58ec8857c8f008337905cca0be7ceab7b36c1b		copy	run-evidence		
mongodb-move-primary/.specula-output/spec/output/MC_hunt_BF3_critical_section_bfs_final_20260721211323.out	mongodb-move-primary/.specula-output/spec/output/MC_hunt_BF3_critical_section_bfs_final_20260721211323.out	file	0600	1784668430586361283	3549	1cf25af67b4126d2056c848bded42714d25143744de483fe9a326379e2bea98c		copy	run-evidence		
mongodb-move-primary/.specula-output/spec/output/MC_hunt_BF3_critical_section_bfs_round2.out	mongodb-move-primary/.specula-output/spec/output/MC_hunt_BF3_critical_section_bfs_round2.out	file	0600	1784664416431061507	3549	236c42aee1c195aa59b66848a15aac61366c9feffadd00058c809c81ee5802a7		copy	run-evidence		
mongodb-move-primary/.specula-output/spec/output/MC_hunt_BF4_stale_generation_replay_bfs_final_20260721211323.out	mongodb-move-primary/.specula-output/spec/output/MC_hunt_BF4_stale_generation_replay_bfs_final_20260721211323.out	file	0600	1784668448544372758	3557	e7c2772f39b444c3a4b4bcb23e6333a3788cf95b39a3c2aff115fde66ee4ab58		copy	run-evidence		
mongodb-move-primary/.specula-output/spec/output/MC_hunt_BF4_stale_generation_replay_bfs_round2.out	mongodb-move-primary/.specula-output/spec/output/MC_hunt_BF4_stale_generation_replay_bfs_round2.out	file	0600	1784664430683153899	3556	f65752ceb1444f77b059375cf019b393e7c7ae713b0d1af53a663fd8597a3261		copy	run-evidence		
mongodb-move-primary/.specula-output/spec/output/MC_hunt_BF5_topology_fcv_bfs_final_20260721211323.out	mongodb-move-primary/.specula-output/spec/output/MC_hunt_BF5_topology_fcv_bfs_final_20260721211323.out	file	0600	1784668470891380263	3717	198ec39b0335e2f3cbd6d2629148790e39537f4418db1554fd53c02ff1d8a59b		copy	run-evidence		
mongodb-move-primary/.specula-output/spec/output/MC_hunt_BF5_topology_fcv_bfs_round2.out	mongodb-move-primary/.specula-output/spec/output/MC_hunt_BF5_topology_fcv_bfs_round2.out	file	0600	1784664439755192167	26508	f11553005c46585e541552ddd3bdb0df1a29404f5da9e0bdbce1d73897f334fa		copy	run-evidence		
mongodb-move-primary/.specula-output/spec/output/MC_hunt_BF5_topology_fcv_bfs_round3.out	mongodb-move-primary/.specula-output/spec/output/MC_hunt_BF5_topology_fcv_bfs_round3.out	file	0600	1784664648436004939	28938	84ff5f44c52a9259ee9b4c160ad3917a1430cff2c27e5d0f4acccd6f3b4e90de		copy	run-evidence		
mongodb-move-primary/.specula-output/spec/output/MC_hunt_BF6_donor_cleanup_bfs_final2_20260721211621.out	mongodb-move-primary/.specula-output/spec/output/MC_hunt_BF6_donor_cleanup_bfs_final2_20260721211621.out	file	0600	1784668583917591364	3496	20a4d1f2b50ccb4969f7abe1e78f238f1fd5b7ede99dd573ed7122e5d40d9507		copy	run-evidence		
mongodb-move-primary/.specula-output/spec/output/MC_hunt_BF6_donor_cleanup_bfs_final_20260721211323.out	mongodb-move-primary/.specula-output/spec/output/MC_hunt_BF6_donor_cleanup_bfs_final_20260721211323.out	file	0600	1784668478417381222	75283	f5a88b5fb5b9f0d5aea0873c5cdd896af57037d62277d9ecae73227787f0c4dd		copy	run-evidence		
mongodb-move-primary/.specula-output/spec/output/MC_hunt_BF7_shard_local_generation_guard_bfs_final2_20260721211621.out	mongodb-move-primary/.specula-output/spec/output/MC_hunt_BF7_shard_local_generation_guard_bfs_final2_20260721211621.out	file	0600	1784668601914985198	3557	fb96d96ca187a04bd92a9c9a26188182b6605e56a686f52dfaad02495fa90cb4		copy	run-evidence		
mongodb-move-primary/.specula-output/spec/output/direct-tlc-MC_hunt_BF1_clone_abort_cleanup-bfs-20260721200201		directory	0700	1784664124373246092				exclude	non-evidence	model-checker-state	
mongodb-move-primary/.specula-output/spec/output/direct-tlc-MC_hunt_BF1_clone_abort_cleanup-bfs-final-20260721211323		directory	0700	1784668407019355068				exclude	non-evidence	model-checker-state	
mongodb-move-primary/.specula-output/spec/output/direct-tlc-MC_hunt_BF1_clone_abort_cleanup-bfs-round2-20260721200630		directory	0700	1784664393275919779				exclude	non-evidence	model-checker-state	
mongodb-move-primary/.specula-output/spec/output/direct-tlc-MC_hunt_BF2_split_commit-bfs-20260721200210		directory	0700	1784664134032263387				exclude	non-evidence	model-checker-state	
mongodb-move-primary/.specula-output/spec/output/direct-tlc-MC_hunt_BF2_split_commit-bfs-final-20260721211323		directory	0700	1784668415702355824				exclude	non-evidence	model-checker-state	
mongodb-move-primary/.specula-output/spec/output/direct-tlc-MC_hunt_BF2_split_commit-bfs-round2-20260721200639		directory	0700	1784664402296981045				exclude	non-evidence	model-checker-state	
mongodb-move-primary/.specula-output/spec/output/direct-tlc-MC_hunt_BF3_critical_section-bfs-final-20260721211323		directory	0700	1784668430586361283				exclude	non-evidence	model-checker-state	
mongodb-move-primary/.specula-output/spec/output/direct-tlc-MC_hunt_BF3_critical_section-bfs-round2-20260721200648		directory	0700	1784664416430061501				exclude	non-evidence	model-checker-state	
mongodb-move-primary/.specula-output/spec/output/direct-tlc-MC_hunt_BF4_stale_generation_replay-bfs-final-20260721211323		directory	0700	1784668448543372758				exclude	non-evidence	model-checker-state	
mongodb-move-primary/.specula-output/spec/output/direct-tlc-MC_hunt_BF4_stale_generation_replay-bfs-round2-20260721200702		directory	0700	1784664430682153894				exclude	non-evidence	model-checker-state	
mongodb-move-primary/.specula-output/spec/output/direct-tlc-MC_hunt_BF5_topology_fcv-bfs-final-20260721211323		directory	0700	1784668470890380263				exclude	non-evidence	model-checker-state	
mongodb-move-primary/.specula-output/spec/output/direct-tlc-MC_hunt_BF6_donor_cleanup-bfs-final2-20260721211621		directory	0700	1784668583916591363				exclude	non-evidence	model-checker-state	
mongodb-move-primary/.specula-output/spec/output/direct-tlc-MC_hunt_BF7_shard_local_generation_guard-bfs-final2-20260721211621		directory	0700	1784668601914985198				exclude	non-evidence	model-checker-state	
mongodb-move-primary/.specula-output/spec/output/direct-tlc-mc-round11-20260721195008		directory	0700	1784664068652155305				exclude	non-evidence	model-checker-state	
mongodb-move-primary/.specula-output/spec/output/direct-tlc-mc-round12-20260721200421		directory	0700	1784664358473666967				exclude	non-evidence	model-checker-state	
mongodb-move-primary/.specula-output/spec/output/direct-tlc-mc-round13-20260721200845		directory	0700	1784664621419933643				exclude	non-evidence	model-checker-state	
mongodb-move-primary/.specula-output/spec/output/direct-tlc-mc-round19-20260721202544		directory	0700	1784668326755361532				exclude	non-evidence	model-checker-state	
mongodb-move-primary/.specula-output/spec/output/tlc-tmp		directory	0700	1784660582229517929				exclude	non-evidence	model-checker-state	
mongodb-move-primary/.specula-output/spec/output/tlc-trace-move_primary_destination_draining-final-20260721211655		directory	0700	1784668617210137088				exclude	non-evidence	model-checker-state	
mongodb-move-primary/.specula-output/spec/output/tlc-trace-move_primary_destination_draining-round10-20260721193446		directory	0700	1784662487656190976				exclude	non-evidence	model-checker-state	
mongodb-move-primary/.specula-output/spec/output/tlc-trace-move_primary_destination_draining-round12-20260721200409		directory	0700	1784664250251464242				exclude	non-evidence	model-checker-state	
mongodb-move-primary/.specula-output/spec/output/tlc-trace-move_primary_destination_draining-round13-20260721200829		directory	0700	1784664510267504258				exclude	non-evidence	model-checker-state	
mongodb-move-primary/.specula-output/spec/output/tlc-trace-move_primary_destination_draining-round15-20260721201335		directory	0700	1784664815882463933				exclude	non-evidence	model-checker-state	
mongodb-move-primary/.specula-output/spec/output/tlc-trace-move_primary_destination_draining-round16-20260721201623		directory	0700	1784664983830831137				exclude	non-evidence	model-checker-state	
mongodb-move-primary/.specula-output/spec/output/tlc-trace-move_primary_destination_draining-round17-20260721201713		directory	0700	1784665034391930414				exclude	non-evidence	model-checker-state	
mongodb-move-primary/.specula-output/spec/output/tlc-trace-move_primary_destination_draining-round18-20260721201957		directory	0700	1784665198276227706				exclude	non-evidence	model-checker-state	
mongodb-move-primary/.specula-output/spec/output/tlc-trace-move_primary_destination_draining-round19-20260721202144		directory	0700	1784665305117408216				exclude	non-evidence	model-checker-state	
mongodb-move-primary/.specula-output/spec/output/tlc-trace-move_primary_destination_draining-round2-20260721182638		directory	0700	1784658401452726386				exclude	non-evidence	model-checker-state	
mongodb-move-primary/.specula-output/spec/output/tlc-trace-move_primary_destination_draining-round3-20260721182741		directory	0700	1784658463830827617				exclude	non-evidence	model-checker-state	
mongodb-move-primary/.specula-output/spec/output/tlc-trace-move_primary_destination_draining-round4-20260721182822		directory	0700	1784658505887898091				exclude	non-evidence	model-checker-state	
mongodb-move-primary/.specula-output/spec/output/tlc-trace-move_primary_destination_draining-round6-20260721183115		directory	0700	1784658677862180826				exclude	non-evidence	model-checker-state	
mongodb-move-primary/.specula-output/spec/output/tlc-trace-move_primary_destination_draining-round7-20260721183218		directory	0700	1784658741003284767				exclude	non-evidence	model-checker-state	
mongodb-move-primary/.specula-output/spec/output/tlc-trace-move_primary_destination_draining-round8-20260721192222		directory	0700	1784661743936449358				exclude	non-evidence	model-checker-state	
mongodb-move-primary/.specula-output/spec/output/tlc-trace-move_primary_destination_draining-round9-20260721192652		directory	0700	1784662014050923708				exclude	non-evidence	model-checker-state	
mongodb-move-primary/.specula-output/spec/output/tlc-trace-move_primary_normal-final-20260721211655		directory	0700	1784668616554134785				exclude	non-evidence	model-checker-state	
mongodb-move-primary/.specula-output/spec/output/tlc-trace-move_primary_normal-round10-20260721193446		directory	0700	1784662487002188478				exclude	non-evidence	model-checker-state	
mongodb-move-primary/.specula-output/spec/output/tlc-trace-move_primary_normal-round12-20260721200408		directory	0700	1784664249585463092				exclude	non-evidence	model-checker-state	
mongodb-move-primary/.specula-output/spec/output/tlc-trace-move_primary_normal-round13-20260721200828		directory	0700	1784664509605501317				exclude	non-evidence	model-checker-state	
mongodb-move-primary/.specula-output/spec/output/tlc-trace-move_primary_normal-round14-20260721201306		directory	0700	1784664786841401353				exclude	non-evidence	model-checker-state	
mongodb-move-primary/.specula-output/spec/output/tlc-trace-move_primary_normal-round15-20260721201334		directory	0700	1784664815227462391				exclude	non-evidence	model-checker-state	
mongodb-move-primary/.specula-output/spec/output/tlc-trace-move_primary_normal-round16-20260721201622		directory	0700	1784664983177829762				exclude	non-evidence	model-checker-state	
mongodb-move-primary/.specula-output/spec/output/tlc-trace-move_primary_normal-round17-20260721201713		directory	0700	1784665033735929037				exclude	non-evidence	model-checker-state	
mongodb-move-primary/.specula-output/spec/output/tlc-trace-move_primary_normal-round18-20260721201956		directory	0700	1784665197615226561				exclude	non-evidence	model-checker-state	
mongodb-move-primary/.specula-output/spec/output/tlc-trace-move_primary_normal-round19-20260721202143		directory	0700	1784665304459407011				exclude	non-evidence	model-checker-state	
mongodb-move-primary/.specula-output/spec/output/tlc-trace-move_primary_normal-round2-20260721182638		directory	0700	1784658399744723642				exclude	non-evidence	model-checker-state	
mongodb-move-primary/.specula-output/spec/output/tlc-trace-move_primary_normal-round3-20260721182741		directory	0700	1784658462679825704				exclude	non-evidence	model-checker-state	
mongodb-move-primary/.specula-output/spec/output/tlc-trace-move_primary_normal-round4-20260721182822		directory	0700	1784658503649894447				exclude	non-evidence	model-checker-state	
mongodb-move-primary/.specula-output/spec/output/tlc-trace-move_primary_normal-round5-20260721183032		directory	0700	1784658633331108109				exclude	non-evidence	model-checker-state	
mongodb-move-primary/.specula-output/spec/output/tlc-trace-move_primary_normal-round6-20260721183115		directory	0700	1784658676495178593				exclude	non-evidence	model-checker-state	
mongodb-move-primary/.specula-output/spec/output/tlc-trace-move_primary_normal-round7-20260721183218		directory	0700	1784658739618282510				exclude	non-evidence	model-checker-state	
mongodb-move-primary/.specula-output/spec/output/tlc-trace-move_primary_normal-round8-20260721192222		directory	0700	1784661743277448209				exclude	non-evidence	model-checker-state	
mongodb-move-primary/.specula-output/spec/output/tlc-trace-move_primary_normal-round9-20260721192652		directory	0700	1784662013383922629				exclude	non-evidence	model-checker-state	
mongodb-move-primary/.specula-output/spec/output/tlc_states_trace_move_primary_destination_draining_20260721_182048	mongodb-move-primary/.specula-output/spec/output/tlc_states_trace_move_primary_destination_draining_20260721_182048	directory	0700	1784658050915162636				mkdir	run-directory		
mongodb-move-primary/.specula-output/spec/output/tlc_states_trace_move_primary_normal_20260721_181853	mongodb-move-primary/.specula-output/spec/output/tlc_states_trace_move_primary_normal_20260721_181853	directory	0700	1784657934464971794				mkdir	run-directory		
mongodb-move-primary/.specula-output/spec/output/tlc_states_trace_move_primary_normal_20260721_182048	mongodb-move-primary/.specula-output/spec/output/tlc_states_trace_move_primary_normal_20260721_182048	directory	0700	1784658049814160817				mkdir	run-directory		
mongodb-move-primary/.specula-output/spec/output/trace_validation_move_primary_destination_draining.out	mongodb-move-primary/.specula-output/spec/output/trace_validation_move_primary_destination_draining.out	file	0600	1784658050915162636	4415	df0a7d6f0c611251173481111f1d6c5665d61e3ac1b2597a164a9b80ff91c8f6		copy	run-evidence		
mongodb-move-primary/.specula-output/spec/output/trace_validation_move_primary_destination_draining_final_20260721211655.out	mongodb-move-primary/.specula-output/spec/output/trace_validation_move_primary_destination_draining_final_20260721211655.out	file	0600	1784668617210137088	4422	b3102339d54f1d32c597a593286045f29ae98ff6c2781de120eb9fb337da9260		copy	run-evidence		
mongodb-move-primary/.specula-output/spec/output/trace_validation_move_primary_destination_draining_round10.out	mongodb-move-primary/.specula-output/spec/output/trace_validation_move_primary_destination_draining_round10.out	file	0600	1784662487656190976	4413	25fece7700c73e4f695b088e0a80bfde5090f8e595a46abbf81b44b5398f1896		copy	run-evidence		
mongodb-move-primary/.specula-output/spec/output/trace_validation_move_primary_destination_draining_round12.out	mongodb-move-primary/.specula-output/spec/output/trace_validation_move_primary_destination_draining_round12.out	file	0600	1784664250251464242	4422	205b1b0046d170af356d86a947de2b00de674398f39f9e74b57fe0ac3ecafe45		copy	run-evidence		
mongodb-move-primary/.specula-output/spec/output/trace_validation_move_primary_destination_draining_round13.out	mongodb-move-primary/.specula-output/spec/output/trace_validation_move_primary_destination_draining_round13.out	file	0600	1784664510267504258	4422	f85c7350dfc8ab7a62eda5c257960b6968b30ea6facaaa56bb095944157412ff		copy	run-evidence		
mongodb-move-primary/.specula-output/spec/output/trace_validation_move_primary_destination_draining_round15.out	mongodb-move-primary/.specula-output/spec/output/trace_validation_move_primary_destination_draining_round15.out	file	0600	1784664815882463933	4395	fd2475ed0a4674da4629785caebc8793098f9964e2a3d5d52262a639738bafb9		copy	run-evidence		
mongodb-move-primary/.specula-output/spec/output/trace_validation_move_primary_destination_draining_round16.out	mongodb-move-primary/.specula-output/spec/output/trace_validation_move_primary_destination_draining_round16.out	file	0600	1784664983831831140	4423	3dd5ca0876cf6f535ffe16a848efce09ed54ca8ea95945afff8c5fdce30b9f43		copy	run-evidence		
mongodb-move-primary/.specula-output/spec/output/trace_validation_move_primary_destination_draining_round17.out	mongodb-move-primary/.specula-output/spec/output/trace_validation_move_primary_destination_draining_round17.out	file	0600	1784665034391930414	4413	875018337b2d76909be9545ac0f71e7fa2ca17a5219b5cd9c02c33f56a81be11		copy	run-evidence		
mongodb-move-primary/.specula-output/spec/output/trace_validation_move_primary_destination_draining_round18.out	mongodb-move-primary/.specula-output/spec/output/trace_validation_move_primary_destination_draining_round18.out	file	0600	1784665198277227708	4397	a19fdcbf6f766cdcae81d4abff66698e3ce02534a9ccb8aa45110dd68c17a0a1		copy	run-evidence		
mongodb-move-primary/.specula-output/spec/output/trace_validation_move_primary_destination_draining_round19.out	mongodb-move-primary/.specula-output/spec/output/trace_validation_move_primary_destination_draining_round19.out	file	0600	1784665305117408216	4414	45a87510f3c28f636987006500fb056011ce02e89412d9e9b221aa80d67aa223		copy	run-evidence		
mongodb-move-primary/.specula-output/spec/output/trace_validation_move_primary_destination_draining_round2.out	mongodb-move-primary/.specula-output/spec/output/trace_validation_move_primary_destination_draining_round2.out	file	0600	1784658401453726388	4413	8d2f8e1b2569fc6194fc41ff5a5cc0f52e77117a43b32d71a3e4abecf6f5570e		copy	run-evidence		
mongodb-move-primary/.specula-output/spec/output/trace_validation_move_primary_destination_draining_round3.out	mongodb-move-primary/.specula-output/spec/output/trace_validation_move_primary_destination_draining_round3.out	file	0600	1784658463830827617	4404	f470e8635aba87acb182bf06406525ee571b6329d6d1fececb4aa19963272cd8		copy	run-evidence		
mongodb-move-primary/.specula-output/spec/output/trace_validation_move_primary_destination_draining_round4.out	mongodb-move-primary/.specula-output/spec/output/trace_validation_move_primary_destination_draining_round4.out	file	0600	1784658505887898091	4412	5a67faf583af4c868469bf242b0f73d0a28e31069e4a129aaa5de4190a8fab02		copy	run-evidence		
mongodb-move-primary/.specula-output/spec/output/trace_validation_move_primary_destination_draining_round5.out	mongodb-move-primary/.specula-output/spec/output/trace_validation_move_primary_destination_draining_round5.out	file	0600	1784658635571111769	72012	fd9136e51366c755c755f349494829b809915e1cf1f0c3bdeba4f4d393c7c362		copy	run-evidence		
mongodb-move-primary/.specula-output/spec/output/trace_validation_move_primary_destination_draining_round6.out	mongodb-move-primary/.specula-output/spec/output/trace_validation_move_primary_destination_draining_round6.out	file	0600	1784658677862180826	4414	8ea90e01cdd36606404d0f6b2fbdfb6e60e4a1b7e0cbbd3769afb877f091d578		copy	run-evidence		
mongodb-move-primary/.specula-output/spec/output/trace_validation_move_primary_destination_draining_round7.out	mongodb-move-primary/.specula-output/spec/output/trace_validation_move_primary_destination_draining_round7.out	file	0600	1784658741004284769	4406	c3bf11146ff87e4b4dc0543c991aa044395dd0316021dcde339bbd8d25c02698		copy	run-evidence		
mongodb-move-primary/.specula-output/spec/output/trace_validation_move_primary_destination_draining_round8.out	mongodb-move-primary/.specula-output/spec/output/trace_validation_move_primary_destination_draining_round8.out	file	0600	1784661743936449358	4413	914ae03f7e1f3923382570ca8a09e78b50179d233217bf1717801dd859fc2d3f		copy	run-evidence		
mongodb-move-primary/.specula-output/spec/output/trace_validation_move_primary_destination_draining_round9.out	mongodb-move-primary/.specula-output/spec/output/trace_validation_move_primary_destination_draining_round9.out	file	0600	1784662014050923708	4413	6eae78e00895ba63371b49da44568fbacfb330598837b2a24c797b047ec0f496		copy	run-evidence		
mongodb-move-primary/.specula-output/spec/output/trace_validation_move_primary_normal.out	mongodb-move-primary/.specula-output/spec/output/trace_validation_move_primary_normal.out	file	0600	1784658049815160819	4412	b35f0d112d02609d28b56619a26e6160908633832999b57870a47d6007b92562		copy	run-evidence		
mongodb-move-primary/.specula-output/spec/output/trace_validation_move_primary_normal_final_20260721211655.out	mongodb-move-primary/.specula-output/spec/output/trace_validation_move_primary_normal_final_20260721211655.out	file	0600	1784668616554134785	4413	4c237f76476d7cfa8a6ffec9e3631978495592c1249d8340a87fb59f79816e1d		copy	run-evidence		
mongodb-move-primary/.specula-output/spec/output/trace_validation_move_primary_normal_round10.out	mongodb-move-primary/.specula-output/spec/output/trace_validation_move_primary_normal_round10.out	file	0600	1784662487002188478	4414	887f098a5ce853eaa0174abfa39397d902be71f6f1a5b8a72ab41c1d7463ad89		copy	run-evidence		
mongodb-move-primary/.specula-output/spec/output/trace_validation_move_primary_normal_round12.out	mongodb-move-primary/.specula-output/spec/output/trace_validation_move_primary_normal_round12.out	file	0600	1784664249585463092	4420	7b17f4fbffb896292fd689d020b9eede86dad347b6a408f89aa5498e0342336e		copy	run-evidence		
mongodb-move-primary/.specula-output/spec/output/trace_validation_move_primary_normal_round13.out	mongodb-move-primary/.specula-output/spec/output/trace_validation_move_primary_normal_round13.out	file	0600	1784664509606501321	4414	03e8544552f6b0bd27d3cf85953eb0c5803e55852f28630915499c7b71f68a40		copy	run-evidence		
mongodb-move-primary/.specula-output/spec/output/trace_validation_move_primary_normal_round14.out	mongodb-move-primary/.specula-output/spec/output/trace_validation_move_primary_normal_round14.out	file	0600	1784664787080402005	4184	96d5eef8d2d2ceae109f4ff52d6def5b87db328b94f84818333233ddce794051		copy	run-evidence		
mongodb-move-primary/.specula-output/spec/output/trace_validation_move_primary_normal_round15.out	mongodb-move-primary/.specula-output/spec/output/trace_validation_move_primary_normal_round15.out	file	0600	1784664815228462393	4413	51360c649a59a4f9204c242c117b9fc49005ad8ce67621df2a2dc472303c8c85		copy	run-evidence		
mongodb-move-primary/.specula-output/spec/output/trace_validation_move_primary_normal_round16.out	mongodb-move-primary/.specula-output/spec/output/trace_validation_move_primary_normal_round16.out	file	0600	1784664983177829762	4413	1643522abd5706a70d20d006e3789ae58d9a110dd48f89e868e00526ba72e48a		copy	run-evidence		
mongodb-move-primary/.specula-output/spec/output/trace_validation_move_primary_normal_round17.out	mongodb-move-primary/.specula-output/spec/output/trace_validation_move_primary_normal_round17.out	file	0600	1784665033735929037	4423	8ff534ba806d4fd990b7bc21bf063f32b4820fad6ac372cbc8578bdcaee3b47d		copy	run-evidence		
mongodb-move-primary/.specula-output/spec/output/trace_validation_move_primary_normal_round18.out	mongodb-move-primary/.specula-output/spec/output/trace_validation_move_primary_normal_round18.out	file	0600	1784665197616226563	4413	ffb9debe72e6301e0ef4284f6c04cb67d5639fa8b749e8d45e1c9a2ebe1bd26e		copy	run-evidence		
mongodb-move-primary/.specula-output/spec/output/trace_validation_move_primary_normal_round19.out	mongodb-move-primary/.specula-output/spec/output/trace_validation_move_primary_normal_round19.out	file	0600	1784665304460407013	4413	56a705b8b5c471d372fcd95ee45051b554e0f421929b302bfd81745c4b506a5a		copy	run-evidence		
mongodb-move-primary/.specula-output/spec/output/trace_validation_move_primary_normal_round2.out	mongodb-move-primary/.specula-output/spec/output/trace_validation_move_primary_normal_round2.out	file	0600	1784658399745723643	4413	d2ce386c4851cb346145f3630867ea594b6e469cf3998307954d65d2d6be8c6c		copy	run-evidence		
mongodb-move-primary/.specula-output/spec/output/trace_validation_move_primary_normal_round3.out	mongodb-move-primary/.specula-output/spec/output/trace_validation_move_primary_normal_round3.out	file	0600	1784658462679825704	4422	0cc4f2831e0264c96c7c0928ae6e1f4351f519dea6cd1578907f5a4598ead459		copy	run-evidence		
mongodb-move-primary/.specula-output/spec/output/trace_validation_move_primary_normal_round4.out	mongodb-move-primary/.specula-output/spec/output/trace_validation_move_primary_normal_round4.out	file	0600	1784658503650894448	4423	c508dda35722d9f70c09645affb71a2d7951445de1678de46cc44577b4c0ce75		copy	run-evidence		
mongodb-move-primary/.specula-output/spec/output/trace_validation_move_primary_normal_round5.out	mongodb-move-primary/.specula-output/spec/output/trace_validation_move_primary_normal_round5.out	file	0600	1784658633331108109	4422	c443bb55cf6497ecae5ea267d649f56b6dad748353f44382e94e7454046a3d24		copy	run-evidence		
mongodb-move-primary/.specula-output/spec/output/trace_validation_move_primary_normal_round6.out	mongodb-move-primary/.specula-output/spec/output/trace_validation_move_primary_normal_round6.out	file	0600	1784658676495178593	4424	11f8c67237cf4a8e561a08bbea6557dc572e992e0f7721f41d34e36e9ec385aa		copy	run-evidence		
mongodb-move-primary/.specula-output/spec/output/trace_validation_move_primary_normal_round7.out	mongodb-move-primary/.specula-output/spec/output/trace_validation_move_primary_normal_round7.out	file	0600	1784658739618282510	4412	c58cfe1763e4287bfc2c3363f3371072e4557f471f73415a46effe9615518ccf		copy	run-evidence		
mongodb-move-primary/.specula-output/spec/output/trace_validation_move_primary_normal_round8.out	mongodb-move-primary/.specula-output/spec/output/trace_validation_move_primary_normal_round8.out	file	0600	1784661743277448209	4422	aba2e9ec134046796b85628205fd57f1f1141795dd01b74534a343d8269ba2ed		copy	run-evidence		
mongodb-move-primary/.specula-output/spec/output/trace_validation_move_primary_normal_round9.out	mongodb-move-primary/.specula-output/spec/output/trace_validation_move_primary_normal_round9.out	file	0600	1784662013383922629	4420	61d6ee868f6391328c2946ec8fa97e59f73a7df17d1d2aa3cb3816e9017f1fcc		copy	run-evidence		
mongodb-move-primary/.specula-output/spec/output/trace_validation_normal.out	mongodb-move-primary/.specula-output/spec/output/trace_validation_normal.out	file	0600	1784657027491306792	10563	d805e0cac4cb2b1e4170155719ef2e4492c77ced982369c30fdee9673d987679		copy	run-evidence		
mongodb-move-primary/.specula-output/spec/review-specgen.activity.jsonl	mongodb-move-primary/.specula-output/spec/review-specgen.activity.jsonl	file	0600	1784485819922482614	33768	ab230213193e756e50bd452dc394837b175ea00af9aef79260b902c558d69122		copy	run-evidence		
mongodb-move-primary/.specula-output/spec/review-specgen.last-message.txt	mongodb-move-primary/.specula-output/spec/review-specgen.last-message.txt	file	0600	1784485819934482486	534	a952482af55bbf0cb6ae87efb3eec69c44379ca10719fb01d180775ad04ff43e		copy	run-evidence		
mongodb-move-primary/.specula-output/spec/review-specgen.log	mongodb-move-primary/.specula-output/spec/review-specgen.log	file	0600	1784485819886482998	12516	4ef18c30a3cdb999c72a379ff9adf164381e996e26ead577e1c8022834604977		copy	run-evidence		
mongodb-move-primary/.specula-output/spec/review-specgen.md	mongodb-move-primary/.specula-output/spec/review-specgen.md	file	0600	1784485799440702478	4697	fdb1e1d542ef75953617d9c51499e55e031fef7c37f953b174f57fef7fd47df8		copy	run-evidence		
mongodb-move-primary/.specula-output/spec/review-specgen.pid		file	0600	1784485368567311273	8	a0564830866854d5c313996cbee0283f960273892d75bda9a2d46cd7f27cae61		exclude	non-evidence	ephemeral-process-id	
mongodb-move-primary/.specula-output/spec/review-specgen.usage.json	mongodb-move-primary/.specula-output/spec/review-specgen.usage.json	file	0600	1784485820851472700	245	8048af9bbfbc6d9340febd797643317d9d2cc22d9387ed46c0ed16fdfa360335		copy	run-evidence		
mongodb-move-primary/.specula-output/spec/review-validation.activity.jsonl	mongodb-move-primary/.specula-output/spec/review-validation.activity.jsonl	file	0600	1784668878500258782	12808	8b7fa476496db1c470fc2b669f6cddce4747e78ffa28dd06208707be33b04237		copy	run-evidence		
mongodb-move-primary/.specula-output/spec/review-validation.last-message.txt	mongodb-move-primary/.specula-output/spec/review-validation.last-message.txt	file	0600	1784668878513258918	636	2bc563a6e2646a49fcf062481df193a5a08567b63fcf60567809bce71482a034		copy	run-evidence		
mongodb-move-primary/.specula-output/spec/review-validation.log	mongodb-move-primary/.specula-output/spec/review-validation.log	file	0600	1784668878469258456	5477	bd940d599c93846074a3a98454e2bc0c8f752cc81eacaad9ace648cf0593d771		copy	run-evidence		
mongodb-move-primary/.specula-output/spec/review-validation.md	mongodb-move-primary/.specula-output/spec/review-validation.md	file	0600	1784668859472086367	1539	bdbed86c195df7fb5c826da03b286904430e75ebf9c461f9c4db870f8622e384		copy	run-evidence		
mongodb-move-primary/.specula-output/spec/review-validation.pid		file	0600	1784668729435416937	8	102e4706b0488e5685ffd593f66f291e80edbb387c66c29ecf526c52785734c4		exclude	non-evidence	ephemeral-process-id	
mongodb-move-primary/.specula-output/spec/review-validation.resume.json	mongodb-move-primary/.specula-output/spec/review-validation.resume.json	file	0600	1784668731204418199	177	6a485a5e3b761ab50c372f34fe19a29e13be616613c3cb5f4de80c8d40d2b778		copy	run-evidence		
mongodb-move-primary/.specula-output/spec/review-validation.usage.json	mongodb-move-primary/.specula-output/spec/review-validation.usage.json	file	0600	1784668879149265598	206	fa9255c0e17ae001918cbe8f7aaadbf41cfc3e8f852221efdc85e3b59dd5e9dd		copy	run-evidence		
mongodb-move-primary/.specula-output/traces	mongodb-move-primary/.specula-output/traces	directory	0700	1784657278797790524				mkdir	run-directory		
mongodb-move-primary/.specula-output/traces/move_primary_destination_draining.ndjson	mongodb-move-primary/.specula-output/traces/move_primary_destination_draining.ndjson	file	0600	1784657279301791743	7516	ea40abb1428a40d83debd501cb62f414e0b2868057bd0549dca5c52757f606b9		copy	run-evidence		
mongodb-move-primary/.specula-output/traces/move_primary_destination_draining.ndjson.gate	mongodb-move-primary/.specula-output/traces/move_primary_destination_draining.ndjson.gate	file	0600	1784657278792790512	3	b6ac5bc39377e44ee783dff946f6703a994f5eb31a438e69dc0735b40060d2e8		copy	run-evidence		
mongodb-move-primary/.specula-output/traces/move_primary_normal.ndjson	mongodb-move-primary/.specula-output/traces/move_primary_normal.ndjson	file	0600	1784657245147704361	9882	a4dd50dd35fefcf64d807111e7dd25136267008e780206126d1b4c4a2458817d		copy	run-evidence		
mongodb-move-primary/.specula-output/traces/move_primary_normal.ndjson.gate	mongodb-move-primary/.specula-output/traces/move_primary_normal.ndjson.gate	file	0600	1784657244780703476	3	b6ac5bc39377e44ee783dff946f6703a994f5eb31a438e69dc0735b40060d2e8		copy	run-evidence		
pipeline-summary.md	pipeline-summary.md	file	0600	1784679313358931991	1241	f7a23e33f23d2a9e895dcc174712ac01a52e229897707c8132bd006b85d9c779		copy	run-evidence		
pipeline.log	pipeline.log	file	0600	1784679313358931991	605739	197322922b5e87522915cdae855086a4f5f4e67201ca4910c207106e67933d00		copy	run-evidence		
run.json	run.json	file	0600	1784482501012553311	1182	af57646f6e704ed07c4b82b0c2c0382f5bedb48540820701bc1f20e03fee898f		copy	run-evidence		
tlc-resources.json	tlc-resources.json	file	0600	1784482501005553384	67	023923e342b78db0b1a33518f04df0b22cbe6a9a1b92042da93c6936ad651b37		copy	run-evidence		
