TLC2 Version 2.20 of Day Month 20?? (rev: ${git.shortRevision})
Running breadth-first search Model-Checking with fp 103 and seed -4529868451144004058 with 1 worker on 32 cores with 491MB heap and 64MB offheap memory [pid: 1862561] (Linux 6.8.0-1044-azure amd64, Ubuntu 21.0.11 x86_64, MSBDiskFPSet, DiskStateQueue).
Parsing file /home/ubuntu/temporal-investigation-20260909/overnight-20260909/specula-engine/runs/temporal-history-queue-20260911/temporal-history-queue/.specula-output/spec/Trace.tla
Parsing file /home/ubuntu/temporal-investigation-20260909/overnight-20260909/specula-engine/runs/temporal-history-queue-20260911/temporal-history-queue/.specula-output/spec/base.tla
Parsing file /tmp/tlc-15030311110583875321/Json.tla (jar:file:/home/ubuntu/Specula/tools/tlaplus/tlatools/org.lamport.tlatools/dist/tla2tools.jar!/tla2sany/StandardModules/Json.tla)
Parsing file /tmp/tlc-15030311110583875321/IOUtils.tla (jar:file:/home/ubuntu/Specula/tools/tlaplus/tlatools/org.lamport.tlatools/lib/CommunityModules.jar!/IOUtils.tla)
Parsing file /tmp/tlc-15030311110583875321/Integers.tla (jar:file:/home/ubuntu/Specula/tools/tlaplus/tlatools/org.lamport.tlatools/dist/tla2tools.jar!/tla2sany/StandardModules/Integers.tla)
Parsing file /tmp/tlc-15030311110583875321/Naturals.tla (jar:file:/home/ubuntu/Specula/tools/tlaplus/tlatools/org.lamport.tlatools/dist/tla2tools.jar!/tla2sany/StandardModules/Naturals.tla)
Parsing file /tmp/tlc-15030311110583875321/Sequences.tla (jar:file:/home/ubuntu/Specula/tools/tlaplus/tlatools/org.lamport.tlatools/dist/tla2tools.jar!/tla2sany/StandardModules/Sequences.tla)
Parsing file /tmp/tlc-15030311110583875321/FiniteSets.tla (jar:file:/home/ubuntu/Specula/tools/tlaplus/tlatools/org.lamport.tlatools/dist/tla2tools.jar!/tla2sany/StandardModules/FiniteSets.tla)
Parsing file /tmp/tlc-15030311110583875321/TLC.tla (jar:file:/home/ubuntu/Specula/tools/tlaplus/tlatools/org.lamport.tlatools/dist/tla2tools.jar!/tla2sany/StandardModules/TLC.tla)
Semantic processing of module Naturals
Semantic processing of module Integers
Semantic processing of module Sequences
Semantic processing of module FiniteSets
Semantic processing of module TLC
Semantic processing of module base
Semantic processing of module Json
Semantic processing of module IOUtils
Semantic processing of module Trace
Linting of module base
Linting of module Json
Linting of module IOUtils
Linting of module Trace
Starting... (2026-09-11 18:13:12)
Implied-temporal checking--satisfiability problem has 1 branches.
Computing initial states...
Finished computing initial states: 1 distinct state generated at 2026-09-11 18:13:12.
Progress(36) at 2026-09-11 18:13:12: 36 states generated, 36 distinct states found, 0 states left on queue.
Checking temporal properties for the complete state space with 36 total distinct states at (2026-09-11 18:13:12)
Error: Temporal properties were violated.

Error: The following behavior constitutes a counter-example:

State 1: <Initial predicate>
/\ l = 2
/\ s = [ db |->
      [ rows |-> {},
        workflow |-> {},
        published |-> {},
        matching |-> {},
        started |-> {},
        obsolete |-> {},
        terminal |-> {},
        dlq |-> {},
        completed |-> {},
        deleted |-> {},
        acked |-> {},
        protected |-> {},
        queue |-> [readers |-> (0 :> <<>> @@ 1 :> <<>>), high |-> 5],
        range |-> 1,
        owner |-> 1 ],
  own |->
      << [ renewData |-> [readers |-> (0 :> <<>> @@ 1 :> <<>>), high |-> 5],
           fresh |-> FALSE,
           epoch |-> 1,
           mode |-> "active",
           next |-> 5,
           renewPC |-> "idle",
           expected |-> 0 ],
         [ renewData |-> [readers |-> (0 :> <<>> @@ 1 :> <<>>), high |-> 5],
           fresh |-> FALSE,
           epoch |-> 0,
           mode |-> "absent",
           next |-> 0,
           renewPC |-> "idle",
           expected |-> 0 ] >>,
  q |->
      << [ lists |-> (0 :> <<>> @@ 1 :> <<>>),
           cursor |-> (0 :> 0 @@ 1 :> 0),
           detached |->
               ( 0 :>
                     [ pred |-> {},
                       iters |-> {},
                       tracked |-> {},
                       id |-> 0,
                       lo |-> 0,
                       hi |-> 0 ] @@
                 1 :>
                     [ pred |-> {},
                       iters |-> {},
                       tracked |-> {},
                       id |-> 0,
                       lo |-> 0,
                       hi |-> 0 ] ),
           captured |-> [readers |-> (0 :> <<>> @@ 1 :> <<>>), high |-> 5],
           memory |-> [readers |-> (0 :> <<>> @@ 1 :> <<>>), high |-> 5],
           moveGroups |-> {},
           moved |-> <<>>,
           cancelTodo |-> {},
           high |-> 5,
           pc |-> "idle",
           deleteMin |-> 5,
           lastRange |-> 0,
           deleteResult |-> "none",
           clearReader |-> 0,
           clearID |-> 0 ],
         [ lists |-> (0 :> <<>> @@ 1 :> <<>>),
           cursor |-> (0 :> 0 @@ 1 :> 0),
           detached |->
               ( 0 :>
                     [ pred |-> {},
                       iters |-> {},
                       tracked |-> {},
                       id |-> 0,
                       lo |-> 0,
                       hi |-> 0 ] @@
                 1 :>
                     [ pred |-> {},
                       iters |-> {},
                       tracked |-> {},
                       id |-> 0,
                       lo |-> 0,
                       hi |-> 0 ] ),
           captured |-> [readers |-> (0 :> <<>> @@ 1 :> <<>>), high |-> 5],
           memory |-> [readers |-> (0 :> <<>> @@ 1 :> <<>>), high |-> 5],
           moveGroups |-> {},
           moved |-> <<>>,
           cancelTodo |-> {},
           high |-> 5,
           pc |-> "idle",
           deleteMin |-> 5,
           lastRange |-> 0,
           deleteResult |-> "none",
           clearReader |-> 0,
           clearID |-> 0 ] >>,
  snaps |->
      << [ data |-> [readers |-> (0 :> <<>> @@ 1 :> <<>>), high |-> 5],
           owner |-> 0,
           epoch |-> 0,
           phase |-> "free",
           caller |-> "other" ],
         [ data |-> [readers |-> (0 :> <<>> @@ 1 :> <<>>), high |-> 5],
           owner |-> 0,
           epoch |-> 0,
           phase |-> "free",
           caller |-> "other" ] >>,
  pub |->
      << [ owner |-> 0,
           epoch |-> 0,
           key |-> 0,
           group |-> "none",
           kind |-> "none",
           phase |-> "unused",
           reply |-> "none",
           pending |-> FALSE ],
         [ owner |-> 0,
           epoch |-> 0,
           key |-> 0,
           group |-> "none",
           kind |-> "none",
           phase |-> "unused",
           reply |-> "none",
           pending |-> FALSE ],
         [ owner |-> 0,
           epoch |-> 0,
           key |-> 0,
           group |-> "none",
           kind |-> "none",
           phase |-> "unused",
           reply |-> "none",
           pending |-> FALSE ] >>,
  ex |->
      << [ terminal |-> FALSE,
           owner |-> 0,
           task |-> 0,
           state |-> "free",
           pc |-> "idle",
           unexpected |-> 0,
           result |-> "none" ],
         [ terminal |-> FALSE,
           owner |-> 0,
           task |-> 0,
           state |-> "free",
           pc |-> "idle",
           unexpected |-> 0,
           result |-> "none" ],
         [ terminal |-> FALSE,
           owner |-> 0,
           task |-> 0,
           state |-> "free",
           pc |-> "idle",
           unexpected |-> 0,
           result |-> "none" ],
         [ terminal |-> FALSE,
           owner |-> 0,
           task |-> 0,
           state |-> "free",
           pc |-> "idle",
           unexpected |-> 0,
           result |-> "none" ],
         [ terminal |-> FALSE,
           owner |-> 0,
           task |-> 0,
           state |-> "free",
           pc |-> "idle",
           unexpected |-> 0,
           result |-> "none" ],
         [ terminal |-> FALSE,
           owner |-> 0,
           task |-> 0,
           state |-> "free",
           pc |-> "idle",
           unexpected |-> 0,
           result |-> "none" ] >>,
  notice |-> <<FALSE, FALSE>> ]

State 2: <TraceNext line 529, col 14 to line 529, col 47 of module Trace>
/\ l = 3
/\ s = [ db |->
      [ rows |-> {},
        workflow |-> {},
        published |-> {},
        matching |-> {},
        started |-> {},
        obsolete |-> {},
        terminal |-> {},
        dlq |-> {},
        completed |-> {},
        deleted |-> {},
        acked |-> {},
        protected |-> {},
        queue |-> [readers |-> (0 :> <<>> @@ 1 :> <<>>), high |-> 5],
        range |-> 1,
        owner |-> 1 ],
  own |->
      << [ renewData |-> [readers |-> (0 :> <<>> @@ 1 :> <<>>), high |-> 5],
           fresh |-> FALSE,
           epoch |-> 1,
           mode |-> "active",
           next |-> 6,
           renewPC |-> "idle",
           expected |-> 0 ],
         [ renewData |-> [readers |-> (0 :> <<>> @@ 1 :> <<>>), high |-> 5],
           fresh |-> FALSE,
           epoch |-> 0,
           mode |-> "absent",
           next |-> 0,
           renewPC |-> "idle",
           expected |-> 0 ] >>,
  q |->
      << [ lists |-> (0 :> <<>> @@ 1 :> <<>>),
           cursor |-> (0 :> 0 @@ 1 :> 0),
           detached |->
               ( 0 :>
                     [ pred |-> {},
                       iters |-> {},
                       tracked |-> {},
                       id |-> 0,
                       lo |-> 0,
                       hi |-> 0 ] @@
                 1 :>
                     [ pred |-> {},
                       iters |-> {},
                       tracked |-> {},
                       id |-> 0,
                       lo |-> 0,
                       hi |-> 0 ] ),
           captured |-> [readers |-> (0 :> <<>> @@ 1 :> <<>>), high |-> 5],
           memory |-> [readers |-> (0 :> <<>> @@ 1 :> <<>>), high |-> 5],
           moveGroups |-> {},
           moved |-> <<>>,
           cancelTodo |-> {},
           high |-> 5,
           pc |-> "idle",
           deleteMin |-> 5,
           lastRange |-> 0,
           deleteResult |-> "none",
           clearReader |-> 0,
           clearID |-> 0 ],
         [ lists |-> (0 :> <<>> @@ 1 :> <<>>),
           cursor |-> (0 :> 0 @@ 1 :> 0),
           detached |->
               ( 0 :>
                     [ pred |-> {},
                       iters |-> {},
                       tracked |-> {},
                       id |-> 0,
                       lo |-> 0,
                       hi |-> 0 ] @@
                 1 :>
                     [ pred |-> {},
                       iters |-> {},
                       tracked |-> {},
                       id |-> 0,
                       lo |-> 0,
                       hi |-> 0 ] ),
           captured |-> [readers |-> (0 :> <<>> @@ 1 :> <<>>), high |-> 5],
           memory |-> [readers |-> (0 :> <<>> @@ 1 :> <<>>), high |-> 5],
           moveGroups |-> {},
           moved |-> <<>>,
           cancelTodo |-> {},
           high |-> 5,
           pc |-> "idle",
           deleteMin |-> 5,
           lastRange |-> 0,
           deleteResult |-> "none",
           clearReader |-> 0,
           clearID |-> 0 ] >>,
  snaps |->
      << [ data |-> [readers |-> (0 :> <<>> @@ 1 :> <<>>), high |-> 5],
           owner |-> 0,
           epoch |-> 0,
           phase |-> "free",
           caller |-> "other" ],
         [ data |-> [readers |-> (0 :> <<>> @@ 1 :> <<>>), high |-> 5],
           owner |-> 0,
           epoch |-> 0,
           phase |-> "free",
           caller |-> "other" ] >>,
  pub |->
      << [ owner |-> 1,
           epoch |-> 1,
           key |-> 5,
           group |-> "g1",
           kind |-> "Workflow",
           phase |-> "allocated",
           reply |-> "none",
           pending |-> TRUE ],
         [ owner |-> 0,
           epoch |-> 0,
           key |-> 0,
           group |-> "none",
           kind |-> "none",
           phase |-> "unused",
           reply |-> "none",
           pending |-> FALSE ],
         [ owner |-> 0,
           epoch |-> 0,
           key |-> 0,
           group |-> "none",
           kind |-> "none",
           phase |-> "unused",
           reply |-> "none",
           pending |-> FALSE ] >>,
  ex |->
      << [ terminal |-> FALSE,
           owner |-> 0,
           task |-> 0,
           state |-> "free",
           pc |-> "idle",
           unexpected |-> 0,
           result |-> "none" ],
         [ terminal |-> FALSE,
           owner |-> 0,
           task |-> 0,
           state |-> "free",
           pc |-> "idle",
           unexpected |-> 0,
           result |-> "none" ],
         [ terminal |-> FALSE,
           owner |-> 0,
           task |-> 0,
           state |-> "free",
           pc |-> "idle",
           unexpected |-> 0,
           result |-> "none" ],
         [ terminal |-> FALSE,
           owner |-> 0,
           task |-> 0,
           state |-> "free",
           pc |-> "idle",
           unexpected |-> 0,
           result |-> "none" ],
         [ terminal |-> FALSE,
           owner |-> 0,
           task |-> 0,
           state |-> "free",
           pc |-> "idle",
           unexpected |-> 0,
           result |-> "none" ],
         [ terminal |-> FALSE,
           owner |-> 0,
           task |-> 0,
           state |-> "free",
           pc |-> "idle",
           unexpected |-> 0,
           result |-> "none" ] >>,
  notice |-> <<FALSE, FALSE>> ]

State 3: <TraceNext line 529, col 14 to line 529, col 47 of module Trace>
/\ l = 4
/\ s = [ db |->
      [ rows |-> {},
        workflow |-> {},
        published |-> {},
        matching |-> {},
        started |-> {},
        obsolete |-> {},
        terminal |-> {},
        dlq |-> {},
        completed |-> {},
        deleted |-> {},
        acked |-> {},
        protected |-> {},
        queue |-> [readers |-> (0 :> <<>> @@ 1 :> <<>>), high |-> 5],
        range |-> 1,
        owner |-> 1 ],
  own |->
      << [ renewData |-> [readers |-> (0 :> <<>> @@ 1 :> <<>>), high |-> 5],
           fresh |-> FALSE,
           epoch |-> 1,
           mode |-> "active",
           next |-> 6,
           renewPC |-> "idle",
           expected |-> 0 ],
         [ renewData |-> [readers |-> (0 :> <<>> @@ 1 :> <<>>), high |-> 5],
           fresh |-> FALSE,
           epoch |-> 0,
           mode |-> "absent",
           next |-> 0,
           renewPC |-> "idle",
           expected |-> 0 ] >>,
  q |->
      << [ lists |-> (0 :> <<>> @@ 1 :> <<>>),
           cursor |-> (0 :> 0 @@ 1 :> 0),
           detached |->
               ( 0 :>
                     [ pred |-> {},
                       iters |-> {},
                       tracked |-> {},
                       id |-> 0,
                       lo |-> 0,
                       hi |-> 0 ] @@
                 1 :>
                     [ pred |-> {},
                       iters |-> {},
                       tracked |-> {},
                       id |-> 0,
                       lo |-> 0,
                       hi |-> 0 ] ),
           captured |-> [readers |-> (0 :> <<>> @@ 1 :> <<>>), high |-> 5],
           memory |-> [readers |-> (0 :> <<>> @@ 1 :> <<>>), high |-> 5],
           moveGroups |-> {},
           moved |-> <<>>,
           cancelTodo |-> {},
           high |-> 5,
           pc |-> "idle",
           deleteMin |-> 5,
           lastRange |-> 0,
           deleteResult |-> "none",
           clearReader |-> 0,
           clearID |-> 0 ],
         [ lists |-> (0 :> <<>> @@ 1 :> <<>>),
           cursor |-> (0 :> 0 @@ 1 :> 0),
           detached |->
               ( 0 :>
                     [ pred |-> {},
                       iters |-> {},
                       tracked |-> {},
                       id |-> 0,
                       lo |-> 0,
                       hi |-> 0 ] @@
                 1 :>
                     [ pred |-> {},
                       iters |-> {},
                       tracked |-> {},
                       id |-> 0,
                       lo |-> 0,
                       hi |-> 0 ] ),
           captured |-> [readers |-> (0 :> <<>> @@ 1 :> <<>>), high |-> 5],
           memory |-> [readers |-> (0 :> <<>> @@ 1 :> <<>>), high |-> 5],
           moveGroups |-> {},
           moved |-> <<>>,
           cancelTodo |-> {},
           high |-> 5,
           pc |-> "idle",
           deleteMin |-> 5,
           lastRange |-> 0,
           deleteResult |-> "none",
           clearReader |-> 0,
           clearID |-> 0 ] >>,
  snaps |->
      << [ data |-> [readers |-> (0 :> <<>> @@ 1 :> <<>>), high |-> 5],
           owner |-> 0,
           epoch |-> 0,
           phase |-> "free",
           caller |-> "other" ],
         [ data |-> [readers |-> (0 :> <<>> @@ 1 :> <<>>), high |-> 5],
           owner |-> 0,
           epoch |-> 0,
           phase |-> "free",
           caller |-> "other" ] >>,
  pub |->
      << [ owner |-> 1,
           epoch |-> 1,
           key |-> 5,
           group |-> "g1",
           kind |-> "Workflow",
           phase |-> "appended",
           reply |-> "none",
           pending |-> TRUE ],
         [ owner |-> 0,
           epoch |-> 0,
           key |-> 0,
           group |-> "none",
           kind |-> "none",
           phase |-> "unused",
           reply |-> "none",
           pending |-> FALSE ],
         [ owner |-> 0,
           epoch |-> 0,
           key |-> 0,
           group |-> "none",
           kind |-> "none",
           phase |-> "unused",
           reply |-> "none",
           pending |-> FALSE ] >>,
  ex |->
      << [ terminal |-> FALSE,
           owner |-> 0,
           task |-> 0,
           state |-> "free",
           pc |-> "idle",
           unexpected |-> 0,
           result |-> "none" ],
         [ terminal |-> FALSE,
           owner |-> 0,
           task |-> 0,
           state |-> "free",
           pc |-> "idle",
           unexpected |-> 0,
           result |-> "none" ],
         [ terminal |-> FALSE,
           owner |-> 0,
           task |-> 0,
           state |-> "free",
           pc |-> "idle",
           unexpected |-> 0,
           result |-> "none" ],
         [ terminal |-> FALSE,
           owner |-> 0,
           task |-> 0,
           state |-> "free",
           pc |-> "idle",
           unexpected |-> 0,
           result |-> "none" ],
         [ terminal |-> FALSE,
           owner |-> 0,
           task |-> 0,
           state |-> "free",
           pc |-> "idle",
           unexpected |-> 0,
           result |-> "none" ],
         [ terminal |-> FALSE,
           owner |-> 0,
           task |-> 0,
           state |-> "free",
           pc |-> "idle",
           unexpected |-> 0,
           result |-> "none" ] >>,
  notice |-> <<FALSE, FALSE>> ]

State 4: <TraceNext line 529, col 14 to line 529, col 47 of module Trace>
/\ l = 5
/\ s = [ db |->
      [ rows |-> {1},
        workflow |-> {1},
        published |-> {1},
        matching |-> {},
        started |-> {},
        obsolete |-> {},
        terminal |-> {},
        dlq |-> {},
        completed |-> {},
        deleted |-> {},
        acked |-> {},
        protected |-> {<<1, 1>>},
        queue |-> [readers |-> (0 :> <<>> @@ 1 :> <<>>), high |-> 5],
        range |-> 1,
        owner |-> 1 ],
  own |->
      << [ renewData |-> [readers |-> (0 :> <<>> @@ 1 :> <<>>), high |-> 5],
           fresh |-> FALSE,
           epoch |-> 1,
           mode |-> "active",
           next |-> 6,
           renewPC |-> "idle",
           expected |-> 0 ],
         [ renewData |-> [readers |-> (0 :> <<>> @@ 1 :> <<>>), high |-> 5],
           fresh |-> FALSE,
           epoch |-> 0,
           mode |-> "absent",
           next |-> 0,
           renewPC |-> "idle",
           expected |-> 0 ] >>,
  q |->
      << [ lists |-> (0 :> <<>> @@ 1 :> <<>>),
           cursor |-> (0 :> 0 @@ 1 :> 0),
           detached |->
               ( 0 :>
                     [ pred |-> {},
                       iters |-> {},
                       tracked |-> {},
                       id |-> 0,
                       lo |-> 0,
                       hi |-> 0 ] @@
                 1 :>
                     [ pred |-> {},
                       iters |-> {},
                       tracked |-> {},
                       id |-> 0,
                       lo |-> 0,
                       hi |-> 0 ] ),
           captured |-> [readers |-> (0 :> <<>> @@ 1 :> <<>>), high |-> 5],
           memory |-> [readers |-> (0 :> <<>> @@ 1 :> <<>>), high |-> 5],
           moveGroups |-> {},
           moved |-> <<>>,
           cancelTodo |-> {},
           high |-> 5,
           pc |-> "idle",
           deleteMin |-> 5,
           lastRange |-> 0,
           deleteResult |-> "none",
           clearReader |-> 0,
           clearID |-> 0 ],
         [ lists |-> (0 :> <<>> @@ 1 :> <<>>),
           cursor |-> (0 :> 0 @@ 1 :> 0),
           detached |->
               ( 0 :>
                     [ pred |-> {},
                       iters |-> {},
                       tracked |-> {},
                       id |-> 0,
                       lo |-> 0,
                       hi |-> 0 ] @@
                 1 :>
                     [ pred |-> {},
                       iters |-> {},
                       tracked |-> {},
                       id |-> 0,
                       lo |-> 0,
                       hi |-> 0 ] ),
           captured |-> [readers |-> (0 :> <<>> @@ 1 :> <<>>), high |-> 5],
           memory |-> [readers |-> (0 :> <<>> @@ 1 :> <<>>), high |-> 5],
           moveGroups |-> {},
           moved |-> <<>>,
           cancelTodo |-> {},
           high |-> 5,
           pc |-> "idle",
           deleteMin |-> 5,
           lastRange |-> 0,
           deleteResult |-> "none",
           clearReader |-> 0,
           clearID |-> 0 ] >>,
  snaps |->
      << [ data |-> [readers |-> (0 :> <<>> @@ 1 :> <<>>), high |-> 5],
           owner |-> 0,
           epoch |-> 0,
           phase |-> "free",
           caller |-> "other" ],
         [ data |-> [readers |-> (0 :> <<>> @@ 1 :> <<>>), high |-> 5],
           owner |-> 0,
           epoch |-> 0,
           phase |-> "free",
           caller |-> "other" ] >>,
  pub |->
      << [ owner |-> 1,
           epoch |-> 1,
           key |-> 5,
           group |-> "g1",
           kind |-> "Workflow",
           phase |-> "committed",
           reply |-> "none",
           pending |-> TRUE ],
         [ owner |-> 0,
           epoch |-> 0,
           key |-> 0,
           group |-> "none",
           kind |-> "none",
           phase |-> "unused",
           reply |-> "none",
           pending |-> FALSE ],
         [ owner |-> 0,
           epoch |-> 0,
           key |-> 0,
           group |-> "none",
           kind |-> "none",
           phase |-> "unused",
           reply |-> "none",
           pending |-> FALSE ] >>,
  ex |->
      << [ terminal |-> FALSE,
           owner |-> 0,
           task |-> 0,
           state |-> "free",
           pc |-> "idle",
           unexpected |-> 0,
           result |-> "none" ],
         [ terminal |-> FALSE,
           owner |-> 0,
           task |-> 0,
           state |-> "free",
           pc |-> "idle",
           unexpected |-> 0,
           result |-> "none" ],
         [ terminal |-> FALSE,
           owner |-> 0,
           task |-> 0,
           state |-> "free",
           pc |-> "idle",
           unexpected |-> 0,
           result |-> "none" ],
         [ terminal |-> FALSE,
           owner |-> 0,
           task |-> 0,
           state |-> "free",
           pc |-> "idle",
           unexpected |-> 0,
           result |-> "none" ],
         [ terminal |-> FALSE,
           owner |-> 0,
           task |-> 0,
           state |-> "free",
           pc |-> "idle",
           unexpected |-> 0,
           result |-> "none" ],
         [ terminal |-> FALSE,
           owner |-> 0,
           task |-> 0,
           state |-> "free",
           pc |-> "idle",
           unexpected |-> 0,
           result |-> "none" ] >>,
  notice |-> <<FALSE, FALSE>> ]

State 5: <TraceNext line 529, col 14 to line 529, col 47 of module Trace>
/\ l = 6
/\ s = [ db |->
      [ rows |-> {1},
        workflow |-> {1},
        published |-> {1},
        matching |-> {},
        started |-> {},
        obsolete |-> {},
        terminal |-> {},
        dlq |-> {},
        completed |-> {},
        deleted |-> {},
        acked |-> {},
        protected |-> {<<1, 1>>},
        queue |-> [readers |-> (0 :> <<>> @@ 1 :> <<>>), high |-> 5],
        range |-> 1,
        owner |-> 1 ],
  own |->
      << [ renewData |-> [readers |-> (0 :> <<>> @@ 1 :> <<>>), high |-> 5],
           fresh |-> FALSE,
           epoch |-> 1,
           mode |-> "active",
           next |-> 6,
           renewPC |-> "idle",
           expected |-> 0 ],
         [ renewData |-> [readers |-> (0 :> <<>> @@ 1 :> <<>>), high |-> 5],
           fresh |-> FALSE,
           epoch |-> 0,
           mode |-> "absent",
           next |-> 0,
           renewPC |-> "idle",
           expected |-> 0 ] >>,
  q |->
      << [ lists |-> (0 :> <<>> @@ 1 :> <<>>),
           cursor |-> (0 :> 0 @@ 1 :> 0),
           detached |->
               ( 0 :>
                     [ pred |-> {},
                       iters |-> {},
                       tracked |-> {},
                       id |-> 0,
                       lo |-> 0,
                       hi |-> 0 ] @@
                 1 :>
                     [ pred |-> {},
                       iters |-> {},
                       tracked |-> {},
                       id |-> 0,
                       lo |-> 0,
                       hi |-> 0 ] ),
           captured |-> [readers |-> (0 :> <<>> @@ 1 :> <<>>), high |-> 5],
           memory |-> [readers |-> (0 :> <<>> @@ 1 :> <<>>), high |-> 5],
           moveGroups |-> {},
           moved |-> <<>>,
           cancelTodo |-> {},
           high |-> 5,
           pc |-> "idle",
           deleteMin |-> 5,
           lastRange |-> 0,
           deleteResult |-> "none",
           clearReader |-> 0,
           clearID |-> 0 ],
         [ lists |-> (0 :> <<>> @@ 1 :> <<>>),
           cursor |-> (0 :> 0 @@ 1 :> 0),
           detached |->
               ( 0 :>
                     [ pred |-> {},
                       iters |-> {},
                       tracked |-> {},
                       id |-> 0,
                       lo |-> 0,
                       hi |-> 0 ] @@
                 1 :>
                     [ pred |-> {},
                       iters |-> {},
                       tracked |-> {},
                       id |-> 0,
                       lo |-> 0,
                       hi |-> 0 ] ),
           captured |-> [readers |-> (0 :> <<>> @@ 1 :> <<>>), high |-> 5],
           memory |-> [readers |-> (0 :> <<>> @@ 1 :> <<>>), high |-> 5],
           moveGroups |-> {},
           moved |-> <<>>,
           cancelTodo |-> {},
           high |-> 5,
           pc |-> "idle",
           deleteMin |-> 5,
           lastRange |-> 0,
           deleteResult |-> "none",
           clearReader |-> 0,
           clearID |-> 0 ] >>,
  snaps |->
      << [ data |-> [readers |-> (0 :> <<>> @@ 1 :> <<>>), high |-> 5],
           owner |-> 0,
           epoch |-> 0,
           phase |-> "free",
           caller |-> "other" ],
         [ data |-> [readers |-> (0 :> <<>> @@ 1 :> <<>>), high |-> 5],
           owner |-> 0,
           epoch |-> 0,
           phase |-> "free",
           caller |-> "other" ] >>,
  pub |->
      << [ owner |-> 1,
           epoch |-> 1,
           key |-> 5,
           group |-> "g1",
           kind |-> "Workflow",
           phase |-> "committed",
           reply |-> "ok",
           pending |-> FALSE ],
         [ owner |-> 0,
           epoch |-> 0,
           key |-> 0,
           group |-> "none",
           kind |-> "none",
           phase |-> "unused",
           reply |-> "none",
           pending |-> FALSE ],
         [ owner |-> 0,
           epoch |-> 0,
           key |-> 0,
           group |-> "none",
           kind |-> "none",
           phase |-> "unused",
           reply |-> "none",
           pending |-> FALSE ] >>,
  ex |->
      << [ terminal |-> FALSE,
           owner |-> 0,
           task |-> 0,
           state |-> "free",
           pc |-> "idle",
           unexpected |-> 0,
           result |-> "none" ],
         [ terminal |-> FALSE,
           owner |-> 0,
           task |-> 0,
           state |-> "free",
           pc |-> "idle",
           unexpected |-> 0,
           result |-> "none" ],
         [ terminal |-> FALSE,
           owner |-> 0,
           task |-> 0,
           state |-> "free",
           pc |-> "idle",
           unexpected |-> 0,
           result |-> "none" ],
         [ terminal |-> FALSE,
           owner |-> 0,
           task |-> 0,
           state |-> "free",
           pc |-> "idle",
           unexpected |-> 0,
           result |-> "none" ],
         [ terminal |-> FALSE,
           owner |-> 0,
           task |-> 0,
           state |-> "free",
           pc |-> "idle",
           unexpected |-> 0,
           result |-> "none" ],
         [ terminal |-> FALSE,
           owner |-> 0,
           task |-> 0,
           state |-> "free",
           pc |-> "idle",
           unexpected |-> 0,
           result |-> "none" ] >>,
  notice |-> <<TRUE, FALSE>> ]

State 6: <TraceNext line 529, col 14 to line 529, col 47 of module Trace>
/\ l = 7
/\ s = [ db |->
      [ rows |-> {1},
        workflow |-> {1},
        published |-> {1},
        matching |-> {},
        started |-> {},
        obsolete |-> {},
        terminal |-> {},
        dlq |-> {},
        completed |-> {},
        deleted |-> {},
        acked |-> {},
        protected |-> {<<1, 1>>},
        queue |-> [readers |-> (0 :> <<>> @@ 1 :> <<>>), high |-> 5],
        range |-> 1,
        owner |-> 1 ],
  own |->
      << [ renewData |-> [readers |-> (0 :> <<>> @@ 1 :> <<>>), high |-> 5],
           fresh |-> FALSE,
           epoch |-> 1,
           mode |-> "active",
           next |-> 7,
           renewPC |-> "idle",
           expected |-> 0 ],
         [ renewData |-> [readers |-> (0 :> <<>> @@ 1 :> <<>>), high |-> 5],
           fresh |-> FALSE,
           epoch |-> 0,
           mode |-> "absent",
           next |-> 0,
           renewPC |-> "idle",
           expected |-> 0 ] >>,
  q |->
      << [ lists |-> (0 :> <<>> @@ 1 :> <<>>),
           cursor |-> (0 :> 0 @@ 1 :> 0),
           detached |->
               ( 0 :>
                     [ pred |-> {},
                       iters |-> {},
                       tracked |-> {},
                       id |-> 0,
                       lo |-> 0,
                       hi |-> 0 ] @@
                 1 :>
                     [ pred |-> {},
                       iters |-> {},
                       tracked |-> {},
                       id |-> 0,
                       lo |-> 0,
                       hi |-> 0 ] ),
           captured |-> [readers |-> (0 :> <<>> @@ 1 :> <<>>), high |-> 5],
           memory |-> [readers |-> (0 :> <<>> @@ 1 :> <<>>), high |-> 5],
           moveGroups |-> {},
           moved |-> <<>>,
           cancelTodo |-> {},
           high |-> 5,
           pc |-> "idle",
           deleteMin |-> 5,
           lastRange |-> 0,
           deleteResult |-> "none",
           clearReader |-> 0,
           clearID |-> 0 ],
         [ lists |-> (0 :> <<>> @@ 1 :> <<>>),
           cursor |-> (0 :> 0 @@ 1 :> 0),
           detached |->
               ( 0 :>
                     [ pred |-> {},
                       iters |-> {},
                       tracked |-> {},
                       id |-> 0,
                       lo |-> 0,
                       hi |-> 0 ] @@
                 1 :>
                     [ pred |-> {},
                       iters |-> {},
                       tracked |-> {},
                       id |-> 0,
                       lo |-> 0,
                       hi |-> 0 ] ),
           captured |-> [readers |-> (0 :> <<>> @@ 1 :> <<>>), high |-> 5],
           memory |-> [readers |-> (0 :> <<>> @@ 1 :> <<>>), high |-> 5],
           moveGroups |-> {},
           moved |-> <<>>,
           cancelTodo |-> {},
           high |-> 5,
           pc |-> "idle",
           deleteMin |-> 5,
           lastRange |-> 0,
           deleteResult |-> "none",
           clearReader |-> 0,
           clearID |-> 0 ] >>,
  snaps |->
      << [ data |-> [readers |-> (0 :> <<>> @@ 1 :> <<>>), high |-> 5],
           owner |-> 0,
           epoch |-> 0,
           phase |-> "free",
           caller |-> "other" ],
         [ data |-> [readers |-> (0 :> <<>> @@ 1 :> <<>>), high |-> 5],
           owner |-> 0,
           epoch |-> 0,
           phase |-> "free",
           caller |-> "other" ] >>,
  pub |->
      << [ owner |-> 1,
           epoch |-> 1,
           key |-> 5,
           group |-> "g1",
           kind |-> "Workflow",
           phase |-> "committed",
           reply |-> "ok",
           pending |-> FALSE ],
         [ owner |-> 1,
           epoch |-> 1,
           key |-> 6,
           group |-> "g2",
           kind |-> "Activity",
           phase |-> "allocated",
           reply |-> "none",
           pending |-> TRUE ],
         [ owner |-> 0,
           epoch |-> 0,
           key |-> 0,
           group |-> "none",
           kind |-> "none",
           phase |-> "unused",
           reply |-> "none",
           pending |-> FALSE ] >>,
  ex |->
      << [ terminal |-> FALSE,
           owner |-> 0,
           task |-> 0,
           state |-> "free",
           pc |-> "idle",
           unexpected |-> 0,
           result |-> "none" ],
         [ terminal |-> FALSE,
           owner |-> 0,
           task |-> 0,
           state |-> "free",
           pc |-> "idle",
           unexpected |-> 0,
           result |-> "none" ],
         [ terminal |-> FALSE,
           owner |-> 0,
           task |-> 0,
           state |-> "free",
           pc |-> "idle",
           unexpected |-> 0,
           result |-> "none" ],
         [ terminal |-> FALSE,
           owner |-> 0,
           task |-> 0,
           state |-> "free",
           pc |-> "idle",
           unexpected |-> 0,
           result |-> "none" ],
         [ terminal |-> FALSE,
           owner |-> 0,
           task |-> 0,
           state |-> "free",
           pc |-> "idle",
           unexpected |-> 0,
           result |-> "none" ],
         [ terminal |-> FALSE,
           owner |-> 0,
           task |-> 0,
           state |-> "free",
           pc |-> "idle",
           unexpected |-> 0,
           result |-> "none" ] >>,
  notice |-> <<TRUE, FALSE>> ]

State 7: <TraceNext line 529, col 14 to line 529, col 47 of module Trace>
/\ l = 8
/\ s = [ db |->
      [ rows |-> {1},
        workflow |-> {1},
        published |-> {1},
        matching |-> {},
        started |-> {},
        obsolete |-> {},
        terminal |-> {},
        dlq |-> {},
        completed |-> {},
        deleted |-> {},
        acked |-> {},
        protected |-> {<<1, 1>>},
        queue |-> [readers |-> (0 :> <<>> @@ 1 :> <<>>), high |-> 5],
        range |-> 1,
        owner |-> 1 ],
  own |->
      << [ renewData |-> [readers |-> (0 :> <<>> @@ 1 :> <<>>), high |-> 5],
           fresh |-> FALSE,
           epoch |-> 1,
           mode |-> "active",
           next |-> 7,
           renewPC |-> "idle",
           expected |-> 0 ],
         [ renewData |-> [readers |-> (0 :> <<>> @@ 1 :> <<>>), high |-> 5],
           fresh |-> FALSE,
           epoch |-> 0,
           mode |-> "absent",
           next |-> 0,
           renewPC |-> "idle",
           expected |-> 0 ] >>,
  q |->
      << [ lists |-> (0 :> <<>> @@ 1 :> <<>>),
           cursor |-> (0 :> 0 @@ 1 :> 0),
           detached |->
               ( 0 :>
                     [ pred |-> {},
                       iters |-> {},
                       tracked |-> {},
                       id |-> 0,
                       lo |-> 0,
                       hi |-> 0 ] @@
                 1 :>
                     [ pred |-> {},
                       iters |-> {},
                       tracked |-> {},
                       id |-> 0,
                       lo |-> 0,
                       hi |-> 0 ] ),
           captured |-> [readers |-> (0 :> <<>> @@ 1 :> <<>>), high |-> 5],
           memory |-> [readers |-> (0 :> <<>> @@ 1 :> <<>>), high |-> 5],
           moveGroups |-> {},
           moved |-> <<>>,
           cancelTodo |-> {},
           high |-> 5,
           pc |-> "idle",
           deleteMin |-> 5,
           lastRange |-> 0,
           deleteResult |-> "none",
           clearReader |-> 0,
           clearID |-> 0 ],
         [ lists |-> (0 :> <<>> @@ 1 :> <<>>),
           cursor |-> (0 :> 0 @@ 1 :> 0),
           detached |->
               ( 0 :>
                     [ pred |-> {},
                       iters |-> {},
                       tracked |-> {},
                       id |-> 0,
                       lo |-> 0,
                       hi |-> 0 ] @@
                 1 :>
                     [ pred |-> {},
                       iters |-> {},
                       tracked |-> {},
                       id |-> 0,
                       lo |-> 0,
                       hi |-> 0 ] ),
           captured |-> [readers |-> (0 :> <<>> @@ 1 :> <<>>), high |-> 5],
           memory |-> [readers |-> (0 :> <<>> @@ 1 :> <<>>), high |-> 5],
           moveGroups |-> {},
           moved |-> <<>>,
           cancelTodo |-> {},
           high |-> 5,
           pc |-> "idle",
           deleteMin |-> 5,
           lastRange |-> 0,
           deleteResult |-> "none",
           clearReader |-> 0,
           clearID |-> 0 ] >>,
  snaps |->
      << [ data |-> [readers |-> (0 :> <<>> @@ 1 :> <<>>), high |-> 5],
           owner |-> 0,
           epoch |-> 0,
           phase |-> "free",
           caller |-> "other" ],
         [ data |-> [readers |-> (0 :> <<>> @@ 1 :> <<>>), high |-> 5],
           owner |-> 0,
           epoch |-> 0,
           phase |-> "free",
           caller |-> "other" ] >>,
  pub |->
      << [ owner |-> 1,
           epoch |-> 1,
           key |-> 5,
           group |-> "g1",
           kind |-> "Workflow",
           phase |-> "committed",
           reply |-> "ok",
           pending |-> FALSE ],
         [ owner |-> 1,
           epoch |-> 1,
           key |-> 6,
           group |-> "g2",
           kind |-> "Activity",
           phase |-> "appended",
           reply |-> "none",
           pending |-> TRUE ],
         [ owner |-> 0,
           epoch |-> 0,
           key |-> 0,
           group |-> "none",
           kind |-> "none",
           phase |-> "unused",
           reply |-> "none",
           pending |-> FALSE ] >>,
  ex |->
      << [ terminal |-> FALSE,
           owner |-> 0,
           task |-> 0,
           state |-> "free",
           pc |-> "idle",
           unexpected |-> 0,
           result |-> "none" ],
         [ terminal |-> FALSE,
           owner |-> 0,
           task |-> 0,
           state |-> "free",
           pc |-> "idle",
           unexpected |-> 0,
           result |-> "none" ],
         [ terminal |-> FALSE,
           owner |-> 0,
           task |-> 0,
           state |-> "free",
           pc |-> "idle",
           unexpected |-> 0,
           result |-> "none" ],
         [ terminal |-> FALSE,
           owner |-> 0,
           task |-> 0,
           state |-> "free",
           pc |-> "idle",
           unexpected |-> 0,
           result |-> "none" ],
         [ terminal |-> FALSE,
           owner |-> 0,
           task |-> 0,
           state |-> "free",
           pc |-> "idle",
           unexpected |-> 0,
           result |-> "none" ],
         [ terminal |-> FALSE,
           owner |-> 0,
           task |-> 0,
           state |-> "free",
           pc |-> "idle",
           unexpected |-> 0,
           result |-> "none" ] >>,
  notice |-> <<TRUE, FALSE>> ]

State 8: <TraceNext line 529, col 14 to line 529, col 47 of module Trace>
/\ l = 9
/\ s = [ db |->
      [ rows |-> {1, 2},
        workflow |-> {1, 2},
        published |-> {1, 2},
        matching |-> {},
        started |-> {},
        obsolete |-> {},
        terminal |-> {},
        dlq |-> {},
        completed |-> {},
        deleted |-> {},
        acked |-> {},
        protected |-> {<<1, 1>>},
        queue |-> [readers |-> (0 :> <<>> @@ 1 :> <<>>), high |-> 5],
        range |-> 1,
        owner |-> 1 ],
  own |->
      << [ renewData |-> [readers |-> (0 :> <<>> @@ 1 :> <<>>), high |-> 5],
           fresh |-> FALSE,
           epoch |-> 1,
           mode |-> "active",
           next |-> 7,
           renewPC |-> "idle",
           expected |-> 0 ],
         [ renewData |-> [readers |-> (0 :> <<>> @@ 1 :> <<>>), high |-> 5],
           fresh |-> FALSE,
           epoch |-> 0,
           mode |-> "absent",
           next |-> 0,
           renewPC |-> "idle",
           expected |-> 0 ] >>,
  q |->
      << [ lists |-> (0 :> <<>> @@ 1 :> <<>>),
           cursor |-> (0 :> 0 @@ 1 :> 0),
           detached |->
               ( 0 :>
                     [ pred |-> {},
                       iters |-> {},
                       tracked |-> {},
                       id |-> 0,
                       lo |-> 0,
                       hi |-> 0 ] @@
                 1 :>
                     [ pred |-> {},
                       iters |-> {},
                       tracked |-> {},
                       id |-> 0,
                       lo |-> 0,
                       hi |-> 0 ] ),
           captured |-> [readers |-> (0 :> <<>> @@ 1 :> <<>>), high |-> 5],
           memory |-> [readers |-> (0 :> <<>> @@ 1 :> <<>>), high |-> 5],
           moveGroups |-> {},
           moved |-> <<>>,
           cancelTodo |-> {},
           high |-> 5,
           pc |-> "idle",
           deleteMin |-> 5,
           lastRange |-> 0,
           deleteResult |-> "none",
           clearReader |-> 0,
           clearID |-> 0 ],
         [ lists |-> (0 :> <<>> @@ 1 :> <<>>),
           cursor |-> (0 :> 0 @@ 1 :> 0),
           detached |->
               ( 0 :>
                     [ pred |-> {},
                       iters |-> {},
                       tracked |-> {},
                       id |-> 0,
                       lo |-> 0,
                       hi |-> 0 ] @@
                 1 :>
                     [ pred |-> {},
                       iters |-> {},
                       tracked |-> {},
                       id |-> 0,
                       lo |-> 0,
                       hi |-> 0 ] ),
           captured |-> [readers |-> (0 :> <<>> @@ 1 :> <<>>), high |-> 5],
           memory |-> [readers |-> (0 :> <<>> @@ 1 :> <<>>), high |-> 5],
           moveGroups |-> {},
           moved |-> <<>>,
           cancelTodo |-> {},
           high |-> 5,
           pc |-> "idle",
           deleteMin |-> 5,
           lastRange |-> 0,
           deleteResult |-> "none",
           clearReader |-> 0,
           clearID |-> 0 ] >>,
  snaps |->
      << [ data |-> [readers |-> (0 :> <<>> @@ 1 :> <<>>), high |-> 5],
           owner |-> 0,
           epoch |-> 0,
           phase |-> "free",
           caller |-> "other" ],
         [ data |-> [readers |-> (0 :> <<>> @@ 1 :> <<>>), high |-> 5],
           owner |-> 0,
           epoch |-> 0,
           phase |-> "free",
           caller |-> "other" ] >>,
  pub |->
      << [ owner |-> 1,
           epoch |-> 1,
           key |-> 5,
           group |-> "g1",
           kind |-> "Workflow",
           phase |-> "committed",
           reply |-> "ok",
           pending |-> FALSE ],
         [ owner |-> 1,
           epoch |-> 1,
           key |-> 6,
           group |-> "g2",
           kind |-> "Activity",
           phase |-> "committed",
           reply |-> "none",
           pending |-> TRUE ],
         [ owner |-> 0,
           epoch |-> 0,
           key |-> 0,
           group |-> "none",
           kind |-> "none",
           phase |-> "unused",
           reply |-> "none",
           pending |-> FALSE ] >>,
  ex |->
      << [ terminal |-> FALSE,
           owner |-> 0,
           task |-> 0,
           state |-> "free",
           pc |-> "idle",
           unexpected |-> 0,
           result |-> "none" ],
         [ terminal |-> FALSE,
           owner |-> 0,
           task |-> 0,
           state |-> "free",
           pc |-> "idle",
           unexpected |-> 0,
           result |-> "none" ],
         [ terminal |-> FALSE,
           owner |-> 0,
           task |-> 0,
           state |-> "free",
           pc |-> "idle",
           unexpected |-> 0,
           result |-> "none" ],
         [ terminal |-> FALSE,
           owner |-> 0,
           task |-> 0,
           state |-> "free",
           pc |-> "idle",
           unexpected |-> 0,
           result |-> "none" ],
         [ terminal |-> FALSE,
           owner |-> 0,
           task |-> 0,
           state |-> "free",
           pc |-> "idle",
           unexpected |-> 0,
           result |-> "none" ],
         [ terminal |-> FALSE,
           owner |-> 0,
           task |-> 0,
           state |-> "free",
           pc |-> "idle",
           unexpected |-> 0,
           result |-> "none" ] >>,
  notice |-> <<TRUE, FALSE>> ]

State 9: <TraceNext line 529, col 14 to line 529, col 47 of module Trace>
/\ l = 10
/\ s = [ db |->
      [ rows |-> {1, 2},
        workflow |-> {1, 2},
        published |-> {1, 2},
        matching |-> {},
        started |-> {},
        obsolete |-> {},
        terminal |-> {},
        dlq |-> {},
        completed |-> {},
        deleted |-> {},
        acked |-> {},
        protected |-> {<<1, 1>>},
        queue |-> [readers |-> (0 :> <<>> @@ 1 :> <<>>), high |-> 5],
        range |-> 1,
        owner |-> 1 ],
  own |->
      << [ renewData |-> [readers |-> (0 :> <<>> @@ 1 :> <<>>), high |-> 5],
           fresh |-> FALSE,
           epoch |-> 1,
           mode |-> "active",
           next |-> 7,
           renewPC |-> "idle",
           expected |-> 0 ],
         [ renewData |-> [readers |-> (0 :> <<>> @@ 1 :> <<>>), high |-> 5],
           fresh |-> FALSE,
           epoch |-> 0,
           mode |-> "absent",
           next |-> 0,
           renewPC |-> "idle",
           expected |-> 0 ] >>,
  q |->
      << [ lists |-> (0 :> <<>> @@ 1 :> <<>>),
           cursor |-> (0 :> 0 @@ 1 :> 0),
           detached |->
               ( 0 :>
                     [ pred |-> {},
                       iters |-> {},
                       tracked |-> {},
                       id |-> 0,
                       lo |-> 0,
                       hi |-> 0 ] @@
                 1 :>
                     [ pred |-> {},
                       iters |-> {},
                       tracked |-> {},
                       id |-> 0,
                       lo |-> 0,
                       hi |-> 0 ] ),
           captured |-> [readers |-> (0 :> <<>> @@ 1 :> <<>>), high |-> 5],
           memory |-> [readers |-> (0 :> <<>> @@ 1 :> <<>>), high |-> 5],
           moveGroups |-> {},
           moved |-> <<>>,
           cancelTodo |-> {},
           high |-> 5,
           pc |-> "idle",
           deleteMin |-> 5,
           lastRange |-> 0,
           deleteResult |-> "none",
           clearReader |-> 0,
           clearID |-> 0 ],
         [ lists |-> (0 :> <<>> @@ 1 :> <<>>),
           cursor |-> (0 :> 0 @@ 1 :> 0),
           detached |->
               ( 0 :>
                     [ pred |-> {},
                       iters |-> {},
                       tracked |-> {},
                       id |-> 0,
                       lo |-> 0,
                       hi |-> 0 ] @@
                 1 :>
                     [ pred |-> {},
                       iters |-> {},
                       tracked |-> {},
                       id |-> 0,
                       lo |-> 0,
                       hi |-> 0 ] ),
           captured |-> [readers |-> (0 :> <<>> @@ 1 :> <<>>), high |-> 5],
           memory |-> [readers |-> (0 :> <<>> @@ 1 :> <<>>), high |-> 5],
           moveGroups |-> {},
           moved |-> <<>>,
           cancelTodo |-> {},
           high |-> 5,
           pc |-> "idle",
           deleteMin |-> 5,
           lastRange |-> 0,
           deleteResult |-> "none",
           clearReader |-> 0,
           clearID |-> 0 ] >>,
  snaps |->
      << [ data |-> [readers |-> (0 :> <<>> @@ 1 :> <<>>), high |-> 5],
           owner |-> 0,
           epoch |-> 0,
           phase |-> "free",
           caller |-> "other" ],
         [ data |-> [readers |-> (0 :> <<>> @@ 1 :> <<>>), high |-> 5],
           owner |-> 0,
           epoch |-> 0,
           phase |-> "free",
           caller |-> "other" ] >>,
  pub |->
      << [ owner |-> 1,
           epoch |-> 1,
           key |-> 5,
           group |-> "g1",
           kind |-> "Workflow",
           phase |-> "committed",
           reply |-> "ok",
           pending |-> FALSE ],
         [ owner |-> 1,
           epoch |-> 1,
           key |-> 6,
           group |-> "g2",
           kind |-> "Activity",
           phase |-> "committed",
           reply |-> "ok",
           pending |-> FALSE ],
         [ owner |-> 0,
           epoch |-> 0,
           key |-> 0,
           group |-> "none",
           kind |-> "none",
           phase |-> "unused",
           reply |-> "none",
           pending |-> FALSE ] >>,
  ex |->
      << [ terminal |-> FALSE,
           owner |-> 0,
           task |-> 0,
           state |-> "free",
           pc |-> "idle",
           unexpected |-> 0,
           result |-> "none" ],
         [ terminal |-> FALSE,
           owner |-> 0,
           task |-> 0,
           state |-> "free",
           pc |-> "idle",
           unexpected |-> 0,
           result |-> "none" ],
         [ terminal |-> FALSE,
           owner |-> 0,
           task |-> 0,
           state |-> "free",
           pc |-> "idle",
           unexpected |-> 0,
           result |-> "none" ],
         [ terminal |-> FALSE,
           owner |-> 0,
           task |-> 0,
           state |-> "free",
           pc |-> "idle",
           unexpected |-> 0,
           result |-> "none" ],
         [ terminal |-> FALSE,
           owner |-> 0,
           task |-> 0,
           state |-> "free",
           pc |-> "idle",
           unexpected |-> 0,
           result |-> "none" ],
         [ terminal |-> FALSE,
           owner |-> 0,
           task |-> 0,
           state |-> "free",
           pc |-> "idle",
           unexpected |-> 0,
           result |-> "none" ] >>,
  notice |-> <<TRUE, FALSE>> ]

State 10: <TraceNext line 529, col 14 to line 529, col 47 of module Trace>
/\ l = 11
/\ s = [ db |->
      [ rows |-> {1, 2},
        workflow |-> {1, 2},
        published |-> {1, 2},
        matching |-> {},
        started |-> {},
        obsolete |-> {},
        terminal |-> {},
        dlq |-> {},
        completed |-> {},
        deleted |-> {},
        acked |-> {},
        protected |-> {<<1, 1>>},
        queue |-> [readers |-> (0 :> <<>> @@ 1 :> <<>>), high |-> 5],
        range |-> 1,
        owner |-> 1 ],
  own |->
      << [ renewData |-> [readers |-> (0 :> <<>> @@ 1 :> <<>>), high |-> 5],
           fresh |-> FALSE,
           epoch |-> 1,
           mode |-> "active",
           next |-> 8,
           renewPC |-> "idle",
           expected |-> 0 ],
         [ renewData |-> [readers |-> (0 :> <<>> @@ 1 :> <<>>), high |-> 5],
           fresh |-> FALSE,
           epoch |-> 0,
           mode |-> "absent",
           next |-> 0,
           renewPC |-> "idle",
           expected |-> 0 ] >>,
  q |->
      << [ lists |-> (0 :> <<>> @@ 1 :> <<>>),
           cursor |-> (0 :> 0 @@ 1 :> 0),
           detached |->
               ( 0 :>
                     [ pred |-> {},
                       iters |-> {},
                       tracked |-> {},
                       id |-> 0,
                       lo |-> 0,
                       hi |-> 0 ] @@
                 1 :>
                     [ pred |-> {},
                       iters |-> {},
                       tracked |-> {},
                       id |-> 0,
                       lo |-> 0,
                       hi |-> 0 ] ),
           captured |-> [readers |-> (0 :> <<>> @@ 1 :> <<>>), high |-> 5],
           memory |-> [readers |-> (0 :> <<>> @@ 1 :> <<>>), high |-> 5],
           moveGroups |-> {},
           moved |-> <<>>,
           cancelTodo |-> {},
           high |-> 5,
           pc |-> "idle",
           deleteMin |-> 5,
           lastRange |-> 0,
           deleteResult |-> "none",
           clearReader |-> 0,
           clearID |-> 0 ],
         [ lists |-> (0 :> <<>> @@ 1 :> <<>>),
           cursor |-> (0 :> 0 @@ 1 :> 0),
           detached |->
               ( 0 :>
                     [ pred |-> {},
                       iters |-> {},
                       tracked |-> {},
                       id |-> 0,
                       lo |-> 0,
                       hi |-> 0 ] @@
                 1 :>
                     [ pred |-> {},
                       iters |-> {},
                       tracked |-> {},
                       id |-> 0,
                       lo |-> 0,
                       hi |-> 0 ] ),
           captured |-> [readers |-> (0 :> <<>> @@ 1 :> <<>>), high |-> 5],
           memory |-> [readers |-> (0 :> <<>> @@ 1 :> <<>>), high |-> 5],
           moveGroups |-> {},
           moved |-> <<>>,
           cancelTodo |-> {},
           high |-> 5,
           pc |-> "idle",
           deleteMin |-> 5,
           lastRange |-> 0,
           deleteResult |-> "none",
           clearReader |-> 0,
           clearID |-> 0 ] >>,
  snaps |->
      << [ data |-> [readers |-> (0 :> <<>> @@ 1 :> <<>>), high |-> 5],
           owner |-> 0,
           epoch |-> 0,
           phase |-> "free",
           caller |-> "other" ],
         [ data |-> [readers |-> (0 :> <<>> @@ 1 :> <<>>), high |-> 5],
           owner |-> 0,
           epoch |-> 0,
           phase |-> "free",
           caller |-> "other" ] >>,
  pub |->
      << [ owner |-> 1,
           epoch |-> 1,
           key |-> 5,
           group |-> "g1",
           kind |-> "Workflow",
           phase |-> "committed",
           reply |-> "ok",
           pending |-> FALSE ],
         [ owner |-> 1,
           epoch |-> 1,
           key |-> 6,
           group |-> "g2",
           kind |-> "Activity",
           phase |-> "committed",
           reply |-> "ok",
           pending |-> FALSE ],
         [ owner |-> 1,
           epoch |-> 1,
           key |-> 7,
           group |-> "g1",
           kind |-> "Activity",
           phase |-> "allocated",
           reply |-> "none",
           pending |-> TRUE ] >>,
  ex |->
      << [ terminal |-> FALSE,
           owner |-> 0,
           task |-> 0,
           state |-> "free",
           pc |-> "idle",
           unexpected |-> 0,
           result |-> "none" ],
         [ terminal |-> FALSE,
           owner |-> 0,
           task |-> 0,
           state |-> "free",
           pc |-> "idle",
           unexpected |-> 0,
           result |-> "none" ],
         [ terminal |-> FALSE,
           owner |-> 0,
           task |-> 0,
           state |-> "free",
           pc |-> "idle",
           unexpected |-> 0,
           result |-> "none" ],
         [ terminal |-> FALSE,
           owner |-> 0,
           task |-> 0,
           state |-> "free",
           pc |-> "idle",
           unexpected |-> 0,
           result |-> "none" ],
         [ terminal |-> FALSE,
           owner |-> 0,
           task |-> 0,
           state |-> "free",
           pc |-> "idle",
           unexpected |-> 0,
           result |-> "none" ],
         [ terminal |-> FALSE,
           owner |-> 0,
           task |-> 0,
           state |-> "free",
           pc |-> "idle",
           unexpected |-> 0,
           result |-> "none" ] >>,
  notice |-> <<TRUE, FALSE>> ]

State 11: <TraceNext line 529, col 14 to line 529, col 47 of module Trace>
/\ l = 12
/\ s = [ db |->
      [ rows |-> {1, 2},
        workflow |-> {1, 2},
        published |-> {1, 2},
        matching |-> {},
        started |-> {},
        obsolete |-> {},
        terminal |-> {},
        dlq |-> {},
        completed |-> {},
        deleted |-> {},
        acked |-> {},
        protected |-> {<<1, 1>>},
        queue |-> [readers |-> (0 :> <<>> @@ 1 :> <<>>), high |-> 5],
        range |-> 1,
        owner |-> 1 ],
  own |->
      << [ renewData |-> [readers |-> (0 :> <<>> @@ 1 :> <<>>), high |-> 5],
           fresh |-> FALSE,
           epoch |-> 1,
           mode |-> "active",
           next |-> 8,
           renewPC |-> "idle",
           expected |-> 0 ],
         [ renewData |-> [readers |-> (0 :> <<>> @@ 1 :> <<>>), high |-> 5],
           fresh |-> FALSE,
           epoch |-> 0,
           mode |-> "absent",
           next |-> 0,
           renewPC |-> "idle",
           expected |-> 0 ] >>,
  q |->
      << [ lists |-> (0 :> <<>> @@ 1 :> <<>>),
           cursor |-> (0 :> 0 @@ 1 :> 0),
           detached |->
               ( 0 :>
                     [ pred |-> {},
                       iters |-> {},
                       tracked |-> {},
                       id |-> 0,
                       lo |-> 0,
                       hi |-> 0 ] @@
                 1 :>
                     [ pred |-> {},
                       iters |-> {},
                       tracked |-> {},
                       id |-> 0,
                       lo |-> 0,
                       hi |-> 0 ] ),
           captured |-> [readers |-> (0 :> <<>> @@ 1 :> <<>>), high |-> 5],
           memory |-> [readers |-> (0 :> <<>> @@ 1 :> <<>>), high |-> 5],
           moveGroups |-> {},
           moved |-> <<>>,
           cancelTodo |-> {},
           high |-> 5,
           pc |-> "idle",
           deleteMin |-> 5,
           lastRange |-> 0,
           deleteResult |-> "none",
           clearReader |-> 0,
           clearID |-> 0 ],
         [ lists |-> (0 :> <<>> @@ 1 :> <<>>),
           cursor |-> (0 :> 0 @@ 1 :> 0),
           detached |->
               ( 0 :>
                     [ pred |-> {},
                       iters |-> {},
                       tracked |-> {},
                       id |-> 0,
                       lo |-> 0,
                       hi |-> 0 ] @@
                 1 :>
                     [ pred |-> {},
                       iters |-> {},
                       tracked |-> {},
                       id |-> 0,
                       lo |-> 0,
                       hi |-> 0 ] ),
           captured |-> [readers |-> (0 :> <<>> @@ 1 :> <<>>), high |-> 5],
           memory |-> [readers |-> (0 :> <<>> @@ 1 :> <<>>), high |-> 5],
           moveGroups |-> {},
           moved |-> <<>>,
           cancelTodo |-> {},
           high |-> 5,
           pc |-> "idle",
           deleteMin |-> 5,
           lastRange |-> 0,
           deleteResult |-> "none",
           clearReader |-> 0,
           clearID |-> 0 ] >>,
  snaps |->
      << [ data |-> [readers |-> (0 :> <<>> @@ 1 :> <<>>), high |-> 5],
           owner |-> 0,
           epoch |-> 0,
           phase |-> "free",
           caller |-> "other" ],
         [ data |-> [readers |-> (0 :> <<>> @@ 1 :> <<>>), high |-> 5],
           owner |-> 0,
           epoch |-> 0,
           phase |-> "free",
           caller |-> "other" ] >>,
  pub |->
      << [ owner |-> 1,
           epoch |-> 1,
           key |-> 5,
           group |-> "g1",
           kind |-> "Workflow",
           phase |-> "committed",
           reply |-> "ok",
           pending |-> FALSE ],
         [ owner |-> 1,
           epoch |-> 1,
           key |-> 6,
           group |-> "g2",
           kind |-> "Activity",
           phase |-> "committed",
           reply |-> "ok",
           pending |-> FALSE ],
         [ owner |-> 1,
           epoch |-> 1,
           key |-> 7,
           group |-> "g1",
           kind |-> "Activity",
           phase |-> "appended",
           reply |-> "none",
           pending |-> TRUE ] >>,
  ex |->
      << [ terminal |-> FALSE,
           owner |-> 0,
           task |-> 0,
           state |-> "free",
           pc |-> "idle",
           unexpected |-> 0,
           result |-> "none" ],
         [ terminal |-> FALSE,
           owner |-> 0,
           task |-> 0,
           state |-> "free",
           pc |-> "idle",
           unexpected |-> 0,
           result |-> "none" ],
         [ terminal |-> FALSE,
           owner |-> 0,
           task |-> 0,
           state |-> "free",
           pc |-> "idle",
           unexpected |-> 0,
           result |-> "none" ],
         [ terminal |-> FALSE,
           owner |-> 0,
           task |-> 0,
           state |-> "free",
           pc |-> "idle",
           unexpected |-> 0,
           result |-> "none" ],
         [ terminal |-> FALSE,
           owner |-> 0,
           task |-> 0,
           state |-> "free",
           pc |-> "idle",
           unexpected |-> 0,
           result |-> "none" ],
         [ terminal |-> FALSE,
           owner |-> 0,
           task |-> 0,
           state |-> "free",
           pc |-> "idle",
           unexpected |-> 0,
           result |-> "none" ] >>,
  notice |-> <<TRUE, FALSE>> ]

State 12: <TraceNext line 529, col 14 to line 529, col 47 of module Trace>
/\ l = 13
/\ s = [ db |->
      [ rows |-> {1, 2, 3},
        workflow |-> {1, 2, 3},
        published |-> {1, 2, 3},
        matching |-> {},
        started |-> {},
        obsolete |-> {},
        terminal |-> {},
        dlq |-> {},
        completed |-> {},
        deleted |-> {},
        acked |-> {},
        protected |-> {<<1, 1>>},
        queue |-> [readers |-> (0 :> <<>> @@ 1 :> <<>>), high |-> 5],
        range |-> 1,
        owner |-> 1 ],
  own |->
      << [ renewData |-> [readers |-> (0 :> <<>> @@ 1 :> <<>>), high |-> 5],
           fresh |-> FALSE,
           epoch |-> 1,
           mode |-> "active",
           next |-> 8,
           renewPC |-> "idle",
           expected |-> 0 ],
         [ renewData |-> [readers |-> (0 :> <<>> @@ 1 :> <<>>), high |-> 5],
           fresh |-> FALSE,
           epoch |-> 0,
           mode |-> "absent",
           next |-> 0,
           renewPC |-> "idle",
           expected |-> 0 ] >>,
  q |->
      << [ lists |-> (0 :> <<>> @@ 1 :> <<>>),
           cursor |-> (0 :> 0 @@ 1 :> 0),
           detached |->
               ( 0 :>
                     [ pred |-> {},
                       iters |-> {},
                       tracked |-> {},
                       id |-> 0,
                       lo |-> 0,
                       hi |-> 0 ] @@
                 1 :>
                     [ pred |-> {},
                       iters |-> {},
                       tracked |-> {},
                       id |-> 0,
                       lo |-> 0,
                       hi |-> 0 ] ),
           captured |-> [readers |-> (0 :> <<>> @@ 1 :> <<>>), high |-> 5],
           memory |-> [readers |-> (0 :> <<>> @@ 1 :> <<>>), high |-> 5],
           moveGroups |-> {},
           moved |-> <<>>,
           cancelTodo |-> {},
           high |-> 5,
           pc |-> "idle",
           deleteMin |-> 5,
           lastRange |-> 0,
           deleteResult |-> "none",
           clearReader |-> 0,
           clearID |-> 0 ],
         [ lists |-> (0 :> <<>> @@ 1 :> <<>>),
           cursor |-> (0 :> 0 @@ 1 :> 0),
           detached |->
               ( 0 :>
                     [ pred |-> {},
                       iters |-> {},
                       tracked |-> {},
                       id |-> 0,
                       lo |-> 0,
                       hi |-> 0 ] @@
                 1 :>
                     [ pred |-> {},
                       iters |-> {},
                       tracked |-> {},
                       id |-> 0,
                       lo |-> 0,
                       hi |-> 0 ] ),
           captured |-> [readers |-> (0 :> <<>> @@ 1 :> <<>>), high |-> 5],
           memory |-> [readers |-> (0 :> <<>> @@ 1 :> <<>>), high |-> 5],
           moveGroups |-> {},
           moved |-> <<>>,
           cancelTodo |-> {},
           high |-> 5,
           pc |-> "idle",
           deleteMin |-> 5,
           lastRange |-> 0,
           deleteResult |-> "none",
           clearReader |-> 0,
           clearID |-> 0 ] >>,
  snaps |->
      << [ data |-> [readers |-> (0 :> <<>> @@ 1 :> <<>>), high |-> 5],
           owner |-> 0,
           epoch |-> 0,
           phase |-> "free",
           caller |-> "other" ],
         [ data |-> [readers |-> (0 :> <<>> @@ 1 :> <<>>), high |-> 5],
           owner |-> 0,
           epoch |-> 0,
           phase |-> "free",
           caller |-> "other" ] >>,
  pub |->
      << [ owner |-> 1,
           epoch |-> 1,
           key |-> 5,
           group |-> "g1",
           kind |-> "Workflow",
           phase |-> "committed",
           reply |-> "ok",
           pending |-> FALSE ],
         [ owner |-> 1,
           epoch |-> 1,
           key |-> 6,
           group |-> "g2",
           kind |-> "Activity",
           phase |-> "committed",
           reply |-> "ok",
           pending |-> FALSE ],
         [ owner |-> 1,
           epoch |-> 1,
           key |-> 7,
           group |-> "g1",
           kind |-> "Activity",
           phase |-> "committed",
           reply |-> "none",
           pending |-> TRUE ] >>,
  ex |->
      << [ terminal |-> FALSE,
           owner |-> 0,
           task |-> 0,
           state |-> "free",
           pc |-> "idle",
           unexpected |-> 0,
           result |-> "none" ],
         [ terminal |-> FALSE,
           owner |-> 0,
           task |-> 0,
           state |-> "free",
           pc |-> "idle",
           unexpected |-> 0,
           result |-> "none" ],
         [ terminal |-> FALSE,
           owner |-> 0,
           task |-> 0,
           state |-> "free",
           pc |-> "idle",
           unexpected |-> 0,
           result |-> "none" ],
         [ terminal |-> FALSE,
           owner |-> 0,
           task |-> 0,
           state |-> "free",
           pc |-> "idle",
           unexpected |-> 0,
           result |-> "none" ],
         [ terminal |-> FALSE,
           owner |-> 0,
           task |-> 0,
           state |-> "free",
           pc |-> "idle",
           unexpected |-> 0,
           result |-> "none" ],
         [ terminal |-> FALSE,
           owner |-> 0,
           task |-> 0,
           state |-> "free",
           pc |-> "idle",
           unexpected |-> 0,
           result |-> "none" ] >>,
  notice |-> <<TRUE, FALSE>> ]

State 13: <TraceNext line 529, col 14 to line 529, col 47 of module Trace>
/\ l = 14
/\ s = [ db |->
      [ rows |-> {1, 2, 3},
        workflow |-> {1, 2, 3},
        published |-> {1, 2, 3},
        matching |-> {},
        started |-> {},
        obsolete |-> {},
        terminal |-> {},
        dlq |-> {},
        completed |-> {},
        deleted |-> {},
        acked |-> {},
        protected |-> {<<1, 1>>},
        queue |-> [readers |-> (0 :> <<>> @@ 1 :> <<>>), high |-> 5],
        range |-> 1,
        owner |-> 1 ],
  own |->
      << [ renewData |-> [readers |-> (0 :> <<>> @@ 1 :> <<>>), high |-> 5],
           fresh |-> FALSE,
           epoch |-> 1,
           mode |-> "active",
           next |-> 8,
           renewPC |-> "idle",
           expected |-> 0 ],
         [ renewData |-> [readers |-> (0 :> <<>> @@ 1 :> <<>>), high |-> 5],
           fresh |-> FALSE,
           epoch |-> 0,
           mode |-> "absent",
           next |-> 0,
           renewPC |-> "idle",
           expected |-> 0 ] >>,
  q |->
      << [ lists |-> (0 :> <<>> @@ 1 :> <<>>),
           cursor |-> (0 :> 0 @@ 1 :> 0),
           detached |->
               ( 0 :>
                     [ pred |-> {},
                       iters |-> {},
                       tracked |-> {},
                       id |-> 0,
                       lo |-> 0,
                       hi |-> 0 ] @@
                 1 :>
                     [ pred |-> {},
                       iters |-> {},
                       tracked |-> {},
                       id |-> 0,
                       lo |-> 0,
                       hi |-> 0 ] ),
           captured |-> [readers |-> (0 :> <<>> @@ 1 :> <<>>), high |-> 5],
           memory |-> [readers |-> (0 :> <<>> @@ 1 :> <<>>), high |-> 5],
           moveGroups |-> {},
           moved |-> <<>>,
           cancelTodo |-> {},
           high |-> 5,
           pc |-> "idle",
           deleteMin |-> 5,
           lastRange |-> 0,
           deleteResult |-> "none",
           clearReader |-> 0,
           clearID |-> 0 ],
         [ lists |-> (0 :> <<>> @@ 1 :> <<>>),
           cursor |-> (0 :> 0 @@ 1 :> 0),
           detached |->
               ( 0 :>
                     [ pred |-> {},
                       iters |-> {},
                       tracked |-> {},
                       id |-> 0,
                       lo |-> 0,
                       hi |-> 0 ] @@
                 1 :>
                     [ pred |-> {},
                       iters |-> {},
                       tracked |-> {},
                       id |-> 0,
                       lo |-> 0,
                       hi |-> 0 ] ),
           captured |-> [readers |-> (0 :> <<>> @@ 1 :> <<>>), high |-> 5],
           memory |-> [readers |-> (0 :> <<>> @@ 1 :> <<>>), high |-> 5],
           moveGroups |-> {},
           moved |-> <<>>,
           cancelTodo |-> {},
           high |-> 5,
           pc |-> "idle",
           deleteMin |-> 5,
           lastRange |-> 0,
           deleteResult |-> "none",
           clearReader |-> 0,
           clearID |-> 0 ] >>,
  snaps |->
      << [ data |-> [readers |-> (0 :> <<>> @@ 1 :> <<>>), high |-> 5],
           owner |-> 0,
           epoch |-> 0,
           phase |-> "free",
           caller |-> "other" ],
         [ data |-> [readers |-> (0 :> <<>> @@ 1 :> <<>>), high |-> 5],
           owner |-> 0,
           epoch |-> 0,
           phase |-> "free",
           caller |-> "other" ] >>,
  pub |->
      << [ owner |-> 1,
           epoch |-> 1,
           key |-> 5,
           group |-> "g1",
           kind |-> "Workflow",
           phase |-> "committed",
           reply |-> "ok",
           pending |-> FALSE ],
         [ owner |-> 1,
           epoch |-> 1,
           key |-> 6,
           group |-> "g2",
           kind |-> "Activity",
           phase |-> "committed",
           reply |-> "ok",
           pending |-> FALSE ],
         [ owner |-> 1,
           epoch |-> 1,
           key |-> 7,
           group |-> "g1",
           kind |-> "Activity",
           phase |-> "committed",
           reply |-> "ok",
           pending |-> FALSE ] >>,
  ex |->
      << [ terminal |-> FALSE,
           owner |-> 0,
           task |-> 0,
           state |-> "free",
           pc |-> "idle",
           unexpected |-> 0,
           result |-> "none" ],
         [ terminal |-> FALSE,
           owner |-> 0,
           task |-> 0,
           state |-> "free",
           pc |-> "idle",
           unexpected |-> 0,
           result |-> "none" ],
         [ terminal |-> FALSE,
           owner |-> 0,
           task |-> 0,
           state |-> "free",
           pc |-> "idle",
           unexpected |-> 0,
           result |-> "none" ],
         [ terminal |-> FALSE,
           owner |-> 0,
           task |-> 0,
           state |-> "free",
           pc |-> "idle",
           unexpected |-> 0,
           result |-> "none" ],
         [ terminal |-> FALSE,
           owner |-> 0,
           task |-> 0,
           state |-> "free",
           pc |-> "idle",
           unexpected |-> 0,
           result |-> "none" ],
         [ terminal |-> FALSE,
           owner |-> 0,
           task |-> 0,
           state |-> "free",
           pc |-> "idle",
           unexpected |-> 0,
           result |-> "none" ] >>,
  notice |-> <<TRUE, FALSE>> ]

State 14: <TraceNext line 529, col 14 to line 529, col 47 of module Trace>
/\ l = 15
/\ s = [ db |->
      [ rows |-> {1, 2, 3},
        workflow |-> {1, 2, 3},
        published |-> {1, 2, 3},
        matching |-> {},
        started |-> {},
        obsolete |-> {},
        terminal |-> {},
        dlq |-> {},
        completed |-> {},
        deleted |-> {},
        acked |-> {},
        protected |-> {<<1, 1>>},
        queue |-> [readers |-> (0 :> <<>> @@ 1 :> <<>>), high |-> 5],
        range |-> 1,
        owner |-> 1 ],
  own |->
      << [ renewData |-> [readers |-> (0 :> <<>> @@ 1 :> <<>>), high |-> 5],
           fresh |-> FALSE,
           epoch |-> 1,
           mode |-> "active",
           next |-> 8,
           renewPC |-> "idle",
           expected |-> 0 ],
         [ renewData |-> [readers |-> (0 :> <<>> @@ 1 :> <<>>), high |-> 5],
           fresh |-> FALSE,
           epoch |-> 0,
           mode |-> "absent",
           next |-> 0,
           renewPC |-> "idle",
           expected |-> 0 ] >>,
  q |->
      << [ lists |->
               ( 0 :>
                     << [ pred |-> {"g1", "g2"},
                          iters |-> {[lo |-> 5, hi |-> 8]},
                          tracked |-> {},
                          id |-> 1,
                          lo |-> 5,
                          hi |-> 8 ] >> @@
                 1 :> <<>> ),
           cursor |-> (0 :> 1 @@ 1 :> 0),
           detached |->
               ( 0 :>
                     [ pred |-> {},
                       iters |-> {},
                       tracked |-> {},
                       id |-> 0,
                       lo |-> 0,
                       hi |-> 0 ] @@
                 1 :>
                     [ pred |-> {},
                       iters |-> {},
                       tracked |-> {},
                       id |-> 0,
                       lo |-> 0,
                       hi |-> 0 ] ),
           captured |-> [readers |-> (0 :> <<>> @@ 1 :> <<>>), high |-> 5],
           memory |-> [readers |-> (0 :> <<>> @@ 1 :> <<>>), high |-> 5],
           moveGroups |-> {},
           moved |-> <<>>,
           cancelTodo |-> {},
           high |-> 8,
           pc |-> "idle",
           deleteMin |-> 5,
           lastRange |-> 0,
           deleteResult |-> "none",
           clearReader |-> 0,
           clearID |-> 0 ],
         [ lists |-> (0 :> <<>> @@ 1 :> <<>>),
           cursor |-> (0 :> 0 @@ 1 :> 0),
           detached |->
               ( 0 :>
                     [ pred |-> {},
                       iters |-> {},
                       tracked |-> {},
                       id |-> 0,
                       lo |-> 0,
                       hi |-> 0 ] @@
                 1 :>
                     [ pred |-> {},
                       iters |-> {},
                       tracked |-> {},
                       id |-> 0,
                       lo |-> 0,
                       hi |-> 0 ] ),
           captured |-> [readers |-> (0 :> <<>> @@ 1 :> <<>>), high |-> 5],
           memory |-> [readers |-> (0 :> <<>> @@ 1 :> <<>>), high |-> 5],
           moveGroups |-> {},
           moved |-> <<>>,
           cancelTodo |-> {},
           high |-> 5,
           pc |-> "idle",
           deleteMin |-> 5,
           lastRange |-> 0,
           deleteResult |-> "none",
           clearReader |-> 0,
           clearID |-> 0 ] >>,
  snaps |->
      << [ data |-> [readers |-> (0 :> <<>> @@ 1 :> <<>>), high |-> 5],
           owner |-> 0,
           epoch |-> 0,
           phase |-> "free",
           caller |-> "other" ],
         [ data |-> [readers |-> (0 :> <<>> @@ 1 :> <<>>), high |-> 5],
           owner |-> 0,
           epoch |-> 0,
           phase |-> "free",
           caller |-> "other" ] >>,
  pub |->
      << [ owner |-> 1,
           epoch |-> 1,
           key |-> 5,
           group |-> "g1",
           kind |-> "Workflow",
           phase |-> "committed",
           reply |-> "ok",
           pending |-> FALSE ],
         [ owner |-> 1,
           epoch |-> 1,
           key |-> 6,
           group |-> "g2",
           kind |-> "Activity",
           phase |-> "committed",
           reply |-> "ok",
           pending |-> FALSE ],
         [ owner |-> 1,
           epoch |-> 1,
           key |-> 7,
           group |-> "g1",
           kind |-> "Activity",
           phase |-> "committed",
           reply |-> "ok",
           pending |-> FALSE ] >>,
  ex |->
      << [ terminal |-> FALSE,
           owner |-> 0,
           task |-> 0,
           state |-> "free",
           pc |-> "idle",
           unexpected |-> 0,
           result |-> "none" ],
         [ terminal |-> FALSE,
           owner |-> 0,
           task |-> 0,
           state |-> "free",
           pc |-> "idle",
           unexpected |-> 0,
           result |-> "none" ],
         [ terminal |-> FALSE,
           owner |-> 0,
           task |-> 0,
           state |-> "free",
           pc |-> "idle",
           unexpected |-> 0,
           result |-> "none" ],
         [ terminal |-> FALSE,
           owner |-> 0,
           task |-> 0,
           state |-> "free",
           pc |-> "idle",
           unexpected |-> 0,
           result |-> "none" ],
         [ terminal |-> FALSE,
           owner |-> 0,
           task |-> 0,
           state |-> "free",
           pc |-> "idle",
           unexpected |-> 0,
           result |-> "none" ],
         [ terminal |-> FALSE,
           owner |-> 0,
           task |-> 0,
           state |-> "free",
           pc |-> "idle",
           unexpected |-> 0,
           result |-> "none" ] >>,
  notice |-> <<FALSE, FALSE>> ]

State 15: <TraceNext line 529, col 14 to line 529, col 47 of module Trace>
/\ l = 16
/\ s = [ db |->
      [ rows |-> {1, 2, 3},
        workflow |-> {1, 2, 3},
        published |-> {1, 2, 3},
        matching |-> {},
        started |-> {},
        obsolete |-> {},
        terminal |-> {},
        dlq |-> {},
        completed |-> {},
        deleted |-> {},
        acked |-> {},
        protected |-> {<<1, 1>>},
        queue |-> [readers |-> (0 :> <<>> @@ 1 :> <<>>), high |-> 5],
        range |-> 1,
        owner |-> 1 ],
  own |->
      << [ renewData |-> [readers |-> (0 :> <<>> @@ 1 :> <<>>), high |-> 5],
           fresh |-> FALSE,
           epoch |-> 1,
           mode |-> "active",
           next |-> 8,
           renewPC |-> "idle",
           expected |-> 0 ],
         [ renewData |-> [readers |-> (0 :> <<>> @@ 1 :> <<>>), high |-> 5],
           fresh |-> FALSE,
           epoch |-> 0,
           mode |-> "absent",
           next |-> 0,
           renewPC |-> "idle",
           expected |-> 0 ] >>,
  q |->
      << [ lists |->
               ( 0 :>
                     << [ pred |-> {"g1", "g2"},
                          iters |-> {[lo |-> 5, hi |-> 6]},
                          tracked |-> {},
                          id |-> 1,
                          lo |-> 5,
                          hi |-> 6 ],
                        [ pred |-> {"g1", "g2"},
                          iters |-> {[lo |-> 6, hi |-> 8]},
                          tracked |-> {},
                          id |-> 2,
                          lo |-> 6,
                          hi |-> 8 ] >> @@
                 1 :> <<>> ),
           cursor |-> (0 :> 1 @@ 1 :> 0),
           detached |->
               ( 0 :>
                     [ pred |-> {},
                       iters |-> {},
                       tracked |-> {},
                       id |-> 0,
                       lo |-> 0,
                       hi |-> 0 ] @@
                 1 :>
                     [ pred |-> {},
                       iters |-> {},
                       tracked |-> {},
                       id |-> 0,
                       lo |-> 0,
                       hi |-> 0 ] ),
           captured |-> [readers |-> (0 :> <<>> @@ 1 :> <<>>), high |-> 5],
           memory |-> [readers |-> (0 :> <<>> @@ 1 :> <<>>), high |-> 5],
           moveGroups |-> {},
           moved |-> <<>>,
           cancelTodo |-> {},
           high |-> 8,
           pc |-> "idle",
           deleteMin |-> 5,
           lastRange |-> 0,
           deleteResult |-> "none",
           clearReader |-> 0,
           clearID |-> 0 ],
         [ lists |-> (0 :> <<>> @@ 1 :> <<>>),
           cursor |-> (0 :> 0 @@ 1 :> 0),
           detached |->
               ( 0 :>
                     [ pred |-> {},
                       iters |-> {},
                       tracked |-> {},
                       id |-> 0,
                       lo |-> 0,
                       hi |-> 0 ] @@
                 1 :>
                     [ pred |-> {},
                       iters |-> {},
                       tracked |-> {},
                       id |-> 0,
                       lo |-> 0,
                       hi |-> 0 ] ),
           captured |-> [readers |-> (0 :> <<>> @@ 1 :> <<>>), high |-> 5],
           memory |-> [readers |-> (0 :> <<>> @@ 1 :> <<>>), high |-> 5],
           moveGroups |-> {},
           moved |-> <<>>,
           cancelTodo |-> {},
           high |-> 5,
           pc |-> "idle",
           deleteMin |-> 5,
           lastRange |-> 0,
           deleteResult |-> "none",
           clearReader |-> 0,
           clearID |-> 0 ] >>,
  snaps |->
      << [ data |-> [readers |-> (0 :> <<>> @@ 1 :> <<>>), high |-> 5],
           owner |-> 0,
           epoch |-> 0,
           phase |-> "free",
           caller |-> "other" ],
         [ data |-> [readers |-> (0 :> <<>> @@ 1 :> <<>>), high |-> 5],
           owner |-> 0,
           epoch |-> 0,
           phase |-> "free",
           caller |-> "other" ] >>,
  pub |->
      << [ owner |-> 1,
           epoch |-> 1,
           key |-> 5,
           group |-> "g1",
           kind |-> "Workflow",
           phase |-> "committed",
           reply |-> "ok",
           pending |-> FALSE ],
         [ owner |-> 1,
           epoch |-> 1,
           key |-> 6,
           group |-> "g2",
           kind |-> "Activity",
           phase |-> "committed",
           reply |-> "ok",
           pending |-> FALSE ],
         [ owner |-> 1,
           epoch |-> 1,
           key |-> 7,
           group |-> "g1",
           kind |-> "Activity",
           phase |-> "committed",
           reply |-> "ok",
           pending |-> FALSE ] >>,
  ex |->
      << [ terminal |-> FALSE,
           owner |-> 0,
           task |-> 0,
           state |-> "free",
           pc |-> "idle",
           unexpected |-> 0,
           result |-> "none" ],
         [ terminal |-> FALSE,
           owner |-> 0,
           task |-> 0,
           state |-> "free",
           pc |-> "idle",
           unexpected |-> 0,
           result |-> "none" ],
         [ terminal |-> FALSE,
           owner |-> 0,
           task |-> 0,
           state |-> "free",
           pc |-> "idle",
           unexpected |-> 0,
           result |-> "none" ],
         [ terminal |-> FALSE,
           owner |-> 0,
           task |-> 0,
           state |-> "free",
           pc |-> "idle",
           unexpected |-> 0,
           result |-> "none" ],
         [ terminal |-> FALSE,
           owner |-> 0,
           task |-> 0,
           state |-> "free",
           pc |-> "idle",
           unexpected |-> 0,
           result |-> "none" ],
         [ terminal |-> FALSE,
           owner |-> 0,
           task |-> 0,
           state |-> "free",
           pc |-> "idle",
           unexpected |-> 0,
           result |-> "none" ] >>,
  notice |-> <<FALSE, FALSE>> ]

State 16: <TraceNext line 529, col 14 to line 529, col 47 of module Trace>
/\ l = 17
/\ s = [ db |->
      [ rows |-> {1, 2, 3},
        workflow |-> {1, 2, 3},
        published |-> {1, 2, 3},
        matching |-> {},
        started |-> {},
        obsolete |-> {},
        terminal |-> {},
        dlq |-> {},
        completed |-> {},
        deleted |-> {},
        acked |-> {},
        protected |-> {<<1, 1>>},
        queue |-> [readers |-> (0 :> <<>> @@ 1 :> <<>>), high |-> 5],
        range |-> 1,
        owner |-> 1 ],
  own |->
      << [ renewData |-> [readers |-> (0 :> <<>> @@ 1 :> <<>>), high |-> 5],
           fresh |-> FALSE,
           epoch |-> 1,
           mode |-> "active",
           next |-> 8,
           renewPC |-> "idle",
           expected |-> 0 ],
         [ renewData |-> [readers |-> (0 :> <<>> @@ 1 :> <<>>), high |-> 5],
           fresh |-> FALSE,
           epoch |-> 0,
           mode |-> "absent",
           next |-> 0,
           renewPC |-> "idle",
           expected |-> 0 ] >>,
  q |->
      << [ lists |->
               ( 0 :>
                     << [ pred |-> {"g1", "g2"},
                          iters |-> {[lo |-> 5, hi |-> 6]},
                          tracked |-> {},
                          id |-> 1,
                          lo |-> 5,
                          hi |-> 6 ],
                        [ pred |-> {"g1", "g2"},
                          iters |-> {[lo |-> 6, hi |-> 7]},
                          tracked |-> {},
                          id |-> 2,
                          lo |-> 6,
                          hi |-> 7 ],
                        [ pred |-> {"g1", "g2"},
                          iters |-> {[lo |-> 7, hi |-> 8]},
                          tracked |-> {},
                          id |-> 3,
                          lo |-> 7,
                          hi |-> 8 ] >> @@
                 1 :> <<>> ),
           cursor |-> (0 :> 1 @@ 1 :> 0),
           detached |->
               ( 0 :>
                     [ pred |-> {},
                       iters |-> {},
                       tracked |-> {},
                       id |-> 0,
                       lo |-> 0,
                       hi |-> 0 ] @@
                 1 :>
                     [ pred |-> {},
                       iters |-> {},
                       tracked |-> {},
                       id |-> 0,
                       lo |-> 0,
                       hi |-> 0 ] ),
           captured |-> [readers |-> (0 :> <<>> @@ 1 :> <<>>), high |-> 5],
           memory |-> [readers |-> (0 :> <<>> @@ 1 :> <<>>), high |-> 5],
           moveGroups |-> {},
           moved |-> <<>>,
           cancelTodo |-> {},
           high |-> 8,
           pc |-> "idle",
           deleteMin |-> 5,
           lastRange |-> 0,
           deleteResult |-> "none",
           clearReader |-> 0,
           clearID |-> 0 ],
         [ lists |-> (0 :> <<>> @@ 1 :> <<>>),
           cursor |-> (0 :> 0 @@ 1 :> 0),
           detached |->
               ( 0 :>
                     [ pred |-> {},
                       iters |-> {},
                       tracked |-> {},
                       id |-> 0,
                       lo |-> 0,
                       hi |-> 0 ] @@
                 1 :>
                     [ pred |-> {},
                       iters |-> {},
                       tracked |-> {},
                       id |-> 0,
                       lo |-> 0,
                       hi |-> 0 ] ),
           captured |-> [readers |-> (0 :> <<>> @@ 1 :> <<>>), high |-> 5],
           memory |-> [readers |-> (0 :> <<>> @@ 1 :> <<>>), high |-> 5],
           moveGroups |-> {},
           moved |-> <<>>,
           cancelTodo |-> {},
           high |-> 5,
           pc |-> "idle",
           deleteMin |-> 5,
           lastRange |-> 0,
           deleteResult |-> "none",
           clearReader |-> 0,
           clearID |-> 0 ] >>,
  snaps |->
      << [ data |-> [readers |-> (0 :> <<>> @@ 1 :> <<>>), high |-> 5],
           owner |-> 0,
           epoch |-> 0,
           phase |-> "free",
           caller |-> "other" ],
         [ data |-> [readers |-> (0 :> <<>> @@ 1 :> <<>>), high |-> 5],
           owner |-> 0,
           epoch |-> 0,
           phase |-> "free",
           caller |-> "other" ] >>,
  pub |->
      << [ owner |-> 1,
           epoch |-> 1,
           key |-> 5,
           group |-> "g1",
           kind |-> "Workflow",
           phase |-> "committed",
           reply |-> "ok",
           pending |-> FALSE ],
         [ owner |-> 1,
           epoch |-> 1,
           key |-> 6,
           group |-> "g2",
           kind |-> "Activity",
           phase |-> "committed",
           reply |-> "ok",
           pending |-> FALSE ],
         [ owner |-> 1,
           epoch |-> 1,
           key |-> 7,
           group |-> "g1",
           kind |-> "Activity",
           phase |-> "committed",
           reply |-> "ok",
           pending |-> FALSE ] >>,
  ex |->
      << [ terminal |-> FALSE,
           owner |-> 0,
           task |-> 0,
           state |-> "free",
           pc |-> "idle",
           unexpected |-> 0,
           result |-> "none" ],
         [ terminal |-> FALSE,
           owner |-> 0,
           task |-> 0,
           state |-> "free",
           pc |-> "idle",
           unexpected |-> 0,
           result |-> "none" ],
         [ terminal |-> FALSE,
           owner |-> 0,
           task |-> 0,
           state |-> "free",
           pc |-> "idle",
           unexpected |-> 0,
           result |-> "none" ],
         [ terminal |-> FALSE,
           owner |-> 0,
           task |-> 0,
           state |-> "free",
           pc |-> "idle",
           unexpected |-> 0,
           result |-> "none" ],
         [ terminal |-> FALSE,
           owner |-> 0,
           task |-> 0,
           state |-> "free",
           pc |-> "idle",
           unexpected |-> 0,
           result |-> "none" ],
         [ terminal |-> FALSE,
           owner |-> 0,
           task |-> 0,
           state |-> "free",
           pc |-> "idle",
           unexpected |-> 0,
           result |-> "none" ] >>,
  notice |-> <<FALSE, FALSE>> ]

State 17: <TraceNext line 529, col 14 to line 529, col 47 of module Trace>
/\ l = 18
/\ s = [ db |->
      [ rows |-> {1, 2, 3},
        workflow |-> {1, 2, 3},
        published |-> {1, 2, 3},
        matching |-> {},
        started |-> {},
        obsolete |-> {},
        terminal |-> {},
        dlq |-> {},
        completed |-> {},
        deleted |-> {},
        acked |-> {},
        protected |-> {<<1, 1>>},
        queue |-> [readers |-> (0 :> <<>> @@ 1 :> <<>>), high |-> 5],
        range |-> 1,
        owner |-> 1 ],
  own |->
      << [ renewData |-> [readers |-> (0 :> <<>> @@ 1 :> <<>>), high |-> 5],
           fresh |-> FALSE,
           epoch |-> 1,
           mode |-> "active",
           next |-> 8,
           renewPC |-> "idle",
           expected |-> 0 ],
         [ renewData |-> [readers |-> (0 :> <<>> @@ 1 :> <<>>), high |-> 5],
           fresh |-> FALSE,
           epoch |-> 0,
           mode |-> "absent",
           next |-> 0,
           renewPC |-> "idle",
           expected |-> 0 ] >>,
  q |->
      << [ lists |->
               ( 0 :>
                     << [ pred |-> {"g1", "g2"},
                          iters |-> {[lo |-> 6, hi |-> 6]},
                          tracked |-> {1},
                          id |-> 1,
                          lo |-> 5,
                          hi |-> 6 ],
                        [ pred |-> {"g1", "g2"},
                          iters |-> {[lo |-> 6, hi |-> 7]},
                          tracked |-> {},
                          id |-> 2,
                          lo |-> 6,
                          hi |-> 7 ],
                        [ pred |-> {"g1", "g2"},
                          iters |-> {[lo |-> 7, hi |-> 8]},
                          tracked |-> {},
                          id |-> 3,
                          lo |-> 7,
                          hi |-> 8 ] >> @@
                 1 :> <<>> ),
           cursor |-> (0 :> 1 @@ 1 :> 0),
           detached |->
               ( 0 :>
                     [ pred |-> {},
                       iters |-> {},
                       tracked |-> {},
                       id |-> 0,
                       lo |-> 0,
                       hi |-> 0 ] @@
                 1 :>
                     [ pred |-> {},
                       iters |-> {},
                       tracked |-> {},
                       id |-> 0,
                       lo |-> 0,
                       hi |-> 0 ] ),
           captured |-> [readers |-> (0 :> <<>> @@ 1 :> <<>>), high |-> 5],
           memory |-> [readers |-> (0 :> <<>> @@ 1 :> <<>>), high |-> 5],
           moveGroups |-> {},
           moved |-> <<>>,
           cancelTodo |-> {},
           high |-> 8,
           pc |-> "idle",
           deleteMin |-> 5,
           lastRange |-> 0,
           deleteResult |-> "none",
           clearReader |-> 0,
           clearID |-> 0 ],
         [ lists |-> (0 :> <<>> @@ 1 :> <<>>),
           cursor |-> (0 :> 0 @@ 1 :> 0),
           detached |->
               ( 0 :>
                     [ pred |-> {},
                       iters |-> {},
                       tracked |-> {},
                       id |-> 0,
                       lo |-> 0,
                       hi |-> 0 ] @@
                 1 :>
                     [ pred |-> {},
                       iters |-> {},
                       tracked |-> {},
                       id |-> 0,
                       lo |-> 0,
                       hi |-> 0 ] ),
           captured |-> [readers |-> (0 :> <<>> @@ 1 :> <<>>), high |-> 5],
           memory |-> [readers |-> (0 :> <<>> @@ 1 :> <<>>), high |-> 5],
           moveGroups |-> {},
           moved |-> <<>>,
           cancelTodo |-> {},
           high |-> 5,
           pc |-> "idle",
           deleteMin |-> 5,
           lastRange |-> 0,
           deleteResult |-> "none",
           clearReader |-> 0,
           clearID |-> 0 ] >>,
  snaps |->
      << [ data |-> [readers |-> (0 :> <<>> @@ 1 :> <<>>), high |-> 5],
           owner |-> 0,
           epoch |-> 0,
           phase |-> "free",
           caller |-> "other" ],
         [ data |-> [readers |-> (0 :> <<>> @@ 1 :> <<>>), high |-> 5],
           owner |-> 0,
           epoch |-> 0,
           phase |-> "free",
           caller |-> "other" ] >>,
  pub |->
      << [ owner |-> 1,
           epoch |-> 1,
           key |-> 5,
           group |-> "g1",
           kind |-> "Workflow",
           phase |-> "committed",
           reply |-> "ok",
           pending |-> FALSE ],
         [ owner |-> 1,
           epoch |-> 1,
           key |-> 6,
           group |-> "g2",
           kind |-> "Activity",
           phase |-> "committed",
           reply |-> "ok",
           pending |-> FALSE ],
         [ owner |-> 1,
           epoch |-> 1,
           key |-> 7,
           group |-> "g1",
           kind |-> "Activity",
           phase |-> "committed",
           reply |-> "ok",
           pending |-> FALSE ] >>,
  ex |->
      << [ terminal |-> FALSE,
           owner |-> 1,
           task |-> 1,
           state |-> "pending",
           pc |-> "ready",
           unexpected |-> 0,
           result |-> "none" ],
         [ terminal |-> FALSE,
           owner |-> 0,
           task |-> 0,
           state |-> "free",
           pc |-> "idle",
           unexpected |-> 0,
           result |-> "none" ],
         [ terminal |-> FALSE,
           owner |-> 0,
           task |-> 0,
           state |-> "free",
           pc |-> "idle",
           unexpected |-> 0,
           result |-> "none" ],
         [ terminal |-> FALSE,
           owner |-> 0,
           task |-> 0,
           state |-> "free",
           pc |-> "idle",
           unexpected |-> 0,
           result |-> "none" ],
         [ terminal |-> FALSE,
           owner |-> 0,
           task |-> 0,
           state |-> "free",
           pc |-> "idle",
           unexpected |-> 0,
           result |-> "none" ],
         [ terminal |-> FALSE,
           owner |-> 0,
           task |-> 0,
           state |-> "free",
           pc |-> "idle",
           unexpected |-> 0,
           result |-> "none" ] >>,
  notice |-> <<FALSE, FALSE>> ]

State 18: <TraceNext line 529, col 14 to line 529, col 47 of module Trace>
/\ l = 19
/\ s = [ db |->
      [ rows |-> {1, 2, 3},
        workflow |-> {1, 2, 3},
        published |-> {1, 2, 3},
        matching |-> {},
        started |-> {},
        obsolete |-> {},
        terminal |-> {},
        dlq |-> {},
        completed |-> {},
        deleted |-> {},
        acked |-> {},
        protected |-> {<<1, 1>>},
        queue |-> [readers |-> (0 :> <<>> @@ 1 :> <<>>), high |-> 5],
        range |-> 1,
        owner |-> 1 ],
  own |->
      << [ renewData |-> [readers |-> (0 :> <<>> @@ 1 :> <<>>), high |-> 5],
           fresh |-> FALSE,
           epoch |-> 1,
           mode |-> "active",
           next |-> 8,
           renewPC |-> "idle",
           expected |-> 0 ],
         [ renewData |-> [readers |-> (0 :> <<>> @@ 1 :> <<>>), high |-> 5],
           fresh |-> FALSE,
           epoch |-> 0,
           mode |-> "absent",
           next |-> 0,
           renewPC |-> "idle",
           expected |-> 0 ] >>,
  q |->
      << [ lists |->
               ( 0 :>
                     << [ pred |-> {"g1", "g2"},
                          iters |-> {},
                          tracked |-> {1},
                          id |-> 1,
                          lo |-> 5,
                          hi |-> 6 ],
                        [ pred |-> {"g1", "g2"},
                          iters |-> {[lo |-> 6, hi |-> 7]},
                          tracked |-> {},
                          id |-> 2,
                          lo |-> 6,
                          hi |-> 7 ],
                        [ pred |-> {"g1", "g2"},
                          iters |-> {[lo |-> 7, hi |-> 8]},
                          tracked |-> {},
                          id |-> 3,
                          lo |-> 7,
                          hi |-> 8 ] >> @@
                 1 :> <<>> ),
           cursor |-> (0 :> 2 @@ 1 :> 0),
           detached |->
               ( 0 :>
                     [ pred |-> {},
                       iters |-> {},
                       tracked |-> {},
                       id |-> 0,
                       lo |-> 0,
                       hi |-> 0 ] @@
                 1 :>
                     [ pred |-> {},
                       iters |-> {},
                       tracked |-> {},
                       id |-> 0,
                       lo |-> 0,
                       hi |-> 0 ] ),
           captured |-> [readers |-> (0 :> <<>> @@ 1 :> <<>>), high |-> 5],
           memory |-> [readers |-> (0 :> <<>> @@ 1 :> <<>>), high |-> 5],
           moveGroups |-> {},
           moved |-> <<>>,
           cancelTodo |-> {},
           high |-> 8,
           pc |-> "idle",
           deleteMin |-> 5,
           lastRange |-> 0,
           deleteResult |-> "none",
           clearReader |-> 0,
           clearID |-> 0 ],
         [ lists |-> (0 :> <<>> @@ 1 :> <<>>),
           cursor |-> (0 :> 0 @@ 1 :> 0),
           detached |->
               ( 0 :>
                     [ pred |-> {},
                       iters |-> {},
                       tracked |-> {},
                       id |-> 0,
                       lo |-> 0,
                       hi |-> 0 ] @@
                 1 :>
                     [ pred |-> {},
                       iters |-> {},
                       tracked |-> {},
                       id |-> 0,
                       lo |-> 0,
                       hi |-> 0 ] ),
           captured |-> [readers |-> (0 :> <<>> @@ 1 :> <<>>), high |-> 5],
           memory |-> [readers |-> (0 :> <<>> @@ 1 :> <<>>), high |-> 5],
           moveGroups |-> {},
           moved |-> <<>>,
           cancelTodo |-> {},
           high |-> 5,
           pc |-> "idle",
           deleteMin |-> 5,
           lastRange |-> 0,
           deleteResult |-> "none",
           clearReader |-> 0,
           clearID |-> 0 ] >>,
  snaps |->
      << [ data |-> [readers |-> (0 :> <<>> @@ 1 :> <<>>), high |-> 5],
           owner |-> 0,
           epoch |-> 0,
           phase |-> "free",
           caller |-> "other" ],
         [ data |-> [readers |-> (0 :> <<>> @@ 1 :> <<>>), high |-> 5],
           owner |-> 0,
           epoch |-> 0,
           phase |-> "free",
           caller |-> "other" ] >>,
  pub |->
      << [ owner |-> 1,
           epoch |-> 1,
           key |-> 5,
           group |-> "g1",
           kind |-> "Workflow",
           phase |-> "committed",
           reply |-> "ok",
           pending |-> FALSE ],
         [ owner |-> 1,
           epoch |-> 1,
           key |-> 6,
           group |-> "g2",
           kind |-> "Activity",
           phase |-> "committed",
           reply |-> "ok",
           pending |-> FALSE ],
         [ owner |-> 1,
           epoch |-> 1,
           key |-> 7,
           group |-> "g1",
           kind |-> "Activity",
           phase |-> "committed",
           reply |-> "ok",
           pending |-> FALSE ] >>,
  ex |->
      << [ terminal |-> FALSE,
           owner |-> 1,
           task |-> 1,
           state |-> "pending",
           pc |-> "ready",
           unexpected |-> 0,
           result |-> "none" ],
         [ terminal |-> FALSE,
           owner |-> 0,
           task |-> 0,
           state |-> "free",
           pc |-> "idle",
           unexpected |-> 0,
           result |-> "none" ],
         [ terminal |-> FALSE,
           owner |-> 0,
           task |-> 0,
           state |-> "free",
           pc |-> "idle",
           unexpected |-> 0,
           result |-> "none" ],
         [ terminal |-> FALSE,
           owner |-> 0,
           task |-> 0,
           state |-> "free",
           pc |-> "idle",
           unexpected |-> 0,
           result |-> "none" ],
         [ terminal |-> FALSE,
           owner |-> 0,
           task |-> 0,
           state |-> "free",
           pc |-> "idle",
           unexpected |-> 0,
           result |-> "none" ],
         [ terminal |-> FALSE,
           owner |-> 0,
           task |-> 0,
           state |-> "free",
           pc |-> "idle",
           unexpected |-> 0,
           result |-> "none" ] >>,
  notice |-> <<FALSE, FALSE>> ]

State 19: <TraceNext line 529, col 14 to line 529, col 47 of module Trace>
/\ l = 20
/\ s = [ db |->
      [ rows |-> {1, 2, 3},
        workflow |-> {1, 2, 3},
        published |-> {1, 2, 3},
        matching |-> {},
        started |-> {},
        obsolete |-> {},
        terminal |-> {},
        dlq |-> {},
        completed |-> {},
        deleted |-> {},
        acked |-> {},
        protected |-> {<<1, 1>>},
        queue |-> [readers |-> (0 :> <<>> @@ 1 :> <<>>), high |-> 5],
        range |-> 1,
        owner |-> 1 ],
  own |->
      << [ renewData |-> [readers |-> (0 :> <<>> @@ 1 :> <<>>), high |-> 5],
           fresh |-> FALSE,
           epoch |-> 1,
           mode |-> "active",
           next |-> 8,
           renewPC |-> "idle",
           expected |-> 0 ],
         [ renewData |-> [readers |-> (0 :> <<>> @@ 1 :> <<>>), high |-> 5],
           fresh |-> FALSE,
           epoch |-> 0,
           mode |-> "absent",
           next |-> 0,
           renewPC |-> "idle",
           expected |-> 0 ] >>,
  q |->
      << [ lists |->
               ( 0 :>
                     << [ pred |-> {"g1", "g2"},
                          iters |-> {},
                          tracked |-> {1},
                          id |-> 1,
                          lo |-> 5,
                          hi |-> 6 ],
                        [ pred |-> {"g1", "g2"},
                          iters |-> {[lo |-> 7, hi |-> 7]},
                          tracked |-> {2},
                          id |-> 2,
                          lo |-> 6,
                          hi |-> 7 ],
                        [ pred |-> {"g1", "g2"},
                          iters |-> {[lo |-> 7, hi |-> 8]},
                          tracked |-> {},
                          id |-> 3,
                          lo |-> 7,
                          hi |-> 8 ] >> @@
                 1 :> <<>> ),
           cursor |-> (0 :> 2 @@ 1 :> 0),
           detached |->
               ( 0 :>
                     [ pred |-> {},
                       iters |-> {},
                       tracked |-> {},
                       id |-> 0,
                       lo |-> 0,
                       hi |-> 0 ] @@
                 1 :>
                     [ pred |-> {},
                       iters |-> {},
                       tracked |-> {},
                       id |-> 0,
                       lo |-> 0,
                       hi |-> 0 ] ),
           captured |-> [readers |-> (0 :> <<>> @@ 1 :> <<>>), high |-> 5],
           memory |-> [readers |-> (0 :> <<>> @@ 1 :> <<>>), high |-> 5],
           moveGroups |-> {},
           moved |-> <<>>,
           cancelTodo |-> {},
           high |-> 8,
           pc |-> "idle",
           deleteMin |-> 5,
           lastRange |-> 0,
           deleteResult |-> "none",
           clearReader |-> 0,
           clearID |-> 0 ],
         [ lists |-> (0 :> <<>> @@ 1 :> <<>>),
           cursor |-> (0 :> 0 @@ 1 :> 0),
           detached |->
               ( 0 :>
                     [ pred |-> {},
                       iters |-> {},
                       tracked |-> {},
                       id |-> 0,
                       lo |-> 0,
                       hi |-> 0 ] @@
                 1 :>
                     [ pred |-> {},
                       iters |-> {},
                       tracked |-> {},
                       id |-> 0,
                       lo |-> 0,
                       hi |-> 0 ] ),
           captured |-> [readers |-> (0 :> <<>> @@ 1 :> <<>>), high |-> 5],
           memory |-> [readers |-> (0 :> <<>> @@ 1 :> <<>>), high |-> 5],
           moveGroups |-> {},
           moved |-> <<>>,
           cancelTodo |-> {},
           high |-> 5,
           pc |-> "idle",
           deleteMin |-> 5,
           lastRange |-> 0,
           deleteResult |-> "none",
           clearReader |-> 0,
           clearID |-> 0 ] >>,
  snaps |->
      << [ data |-> [readers |-> (0 :> <<>> @@ 1 :> <<>>), high |-> 5],
           owner |-> 0,
           epoch |-> 0,
           phase |-> "free",
           caller |-> "other" ],
         [ data |-> [readers |-> (0 :> <<>> @@ 1 :> <<>>), high |-> 5],
           owner |-> 0,
           epoch |-> 0,
           phase |-> "free",
           caller |-> "other" ] >>,
  pub |->
      << [ owner |-> 1,
           epoch |-> 1,
           key |-> 5,
           group |-> "g1",
           kind |-> "Workflow",
           phase |-> "committed",
           reply |-> "ok",
           pending |-> FALSE ],
         [ owner |-> 1,
           epoch |-> 1,
           key |-> 6,
           group |-> "g2",
           kind |-> "Activity",
           phase |-> "committed",
           reply |-> "ok",
           pending |-> FALSE ],
         [ owner |-> 1,
           epoch |-> 1,
           key |-> 7,
           group |-> "g1",
           kind |-> "Activity",
           phase |-> "committed",
           reply |-> "ok",
           pending |-> FALSE ] >>,
  ex |->
      << [ terminal |-> FALSE,
           owner |-> 1,
           task |-> 1,
           state |-> "pending",
           pc |-> "ready",
           unexpected |-> 0,
           result |-> "none" ],
         [ terminal |-> FALSE,
           owner |-> 1,
           task |-> 2,
           state |-> "pending",
           pc |-> "ready",
           unexpected |-> 0,
           result |-> "none" ],
         [ terminal |-> FALSE,
           owner |-> 0,
           task |-> 0,
           state |-> "free",
           pc |-> "idle",
           unexpected |-> 0,
           result |-> "none" ],
         [ terminal |-> FALSE,
           owner |-> 0,
           task |-> 0,
           state |-> "free",
           pc |-> "idle",
           unexpected |-> 0,
           result |-> "none" ],
         [ terminal |-> FALSE,
           owner |-> 0,
           task |-> 0,
           state |-> "free",
           pc |-> "idle",
           unexpected |-> 0,
           result |-> "none" ],
         [ terminal |-> FALSE,
           owner |-> 0,
           task |-> 0,
           state |-> "free",
           pc |-> "idle",
           unexpected |-> 0,
           result |-> "none" ] >>,
  notice |-> <<FALSE, FALSE>> ]

State 20: <TraceNext line 529, col 14 to line 529, col 47 of module Trace>
/\ l = 21
/\ s = [ db |->
      [ rows |-> {1, 2, 3},
        workflow |-> {1, 2, 3},
        published |-> {1, 2, 3},
        matching |-> {},
        started |-> {},
        obsolete |-> {},
        terminal |-> {},
        dlq |-> {},
        completed |-> {},
        deleted |-> {},
        acked |-> {},
        protected |-> {<<1, 1>>},
        queue |-> [readers |-> (0 :> <<>> @@ 1 :> <<>>), high |-> 5],
        range |-> 1,
        owner |-> 1 ],
  own |->
      << [ renewData |-> [readers |-> (0 :> <<>> @@ 1 :> <<>>), high |-> 5],
           fresh |-> FALSE,
           epoch |-> 1,
           mode |-> "active",
           next |-> 8,
           renewPC |-> "idle",
           expected |-> 0 ],
         [ renewData |-> [readers |-> (0 :> <<>> @@ 1 :> <<>>), high |-> 5],
           fresh |-> FALSE,
           epoch |-> 0,
           mode |-> "absent",
           next |-> 0,
           renewPC |-> "idle",
           expected |-> 0 ] >>,
  q |->
      << [ lists |->
               ( 0 :>
                     << [ pred |-> {"g1", "g2"},
                          iters |-> {},
                          tracked |-> {1},
                          id |-> 1,
                          lo |-> 5,
                          hi |-> 6 ],
                        [ pred |-> {"g1", "g2"},
                          iters |-> {[lo |-> 7, hi |-> 7]},
                          tracked |-> {2},
                          id |-> 2,
                          lo |-> 6,
                          hi |-> 7 ],
                        [ pred |-> {"g1", "g2"},
                          iters |-> {[lo |-> 7, hi |-> 8]},
                          tracked |-> {},
                          id |-> 3,
                          lo |-> 7,
                          hi |-> 8 ] >> @@
                 1 :> <<>> ),
           cursor |-> (0 :> 2 @@ 1 :> 0),
           detached |->
               ( 0 :>
                     [ pred |-> {},
                       iters |-> {},
                       tracked |-> {},
                       id |-> 0,
                       lo |-> 0,
                       hi |-> 0 ] @@
                 1 :>
                     [ pred |-> {},
                       iters |-> {},
                       tracked |-> {},
                       id |-> 0,
                       lo |-> 0,
                       hi |-> 0 ] ),
           captured |-> [readers |-> (0 :> <<>> @@ 1 :> <<>>), high |-> 5],
           memory |-> [readers |-> (0 :> <<>> @@ 1 :> <<>>), high |-> 5],
           moveGroups |-> {},
           moved |-> <<>>,
           cancelTodo |-> {},
           high |-> 8,
           pc |-> "idle",
           deleteMin |-> 5,
           lastRange |-> 0,
           deleteResult |-> "none",
           clearReader |-> 0,
           clearID |-> 0 ],
         [ lists |-> (0 :> <<>> @@ 1 :> <<>>),
           cursor |-> (0 :> 0 @@ 1 :> 0),
           detached |->
               ( 0 :>
                     [ pred |-> {},
                       iters |-> {},
                       tracked |-> {},
                       id |-> 0,
                       lo |-> 0,
                       hi |-> 0 ] @@
                 1 :>
                     [ pred |-> {},
                       iters |-> {},
                       tracked |-> {},
                       id |-> 0,
                       lo |-> 0,
                       hi |-> 0 ] ),
           captured |-> [readers |-> (0 :> <<>> @@ 1 :> <<>>), high |-> 5],
           memory |-> [readers |-> (0 :> <<>> @@ 1 :> <<>>), high |-> 5],
           moveGroups |-> {},
           moved |-> <<>>,
           cancelTodo |-> {},
           high |-> 5,
           pc |-> "idle",
           deleteMin |-> 5,
           lastRange |-> 0,
           deleteResult |-> "none",
           clearReader |-> 0,
           clearID |-> 0 ] >>,
  snaps |->
      << [ data |-> [readers |-> (0 :> <<>> @@ 1 :> <<>>), high |-> 5],
           owner |-> 0,
           epoch |-> 0,
           phase |-> "free",
           caller |-> "other" ],
         [ data |-> [readers |-> (0 :> <<>> @@ 1 :> <<>>), high |-> 5],
           owner |-> 0,
           epoch |-> 0,
           phase |-> "free",
           caller |-> "other" ] >>,
  pub |->
      << [ owner |-> 1,
           epoch |-> 1,
           key |-> 5,
           group |-> "g1",
           kind |-> "Workflow",
           phase |-> "committed",
           reply |-> "ok",
           pending |-> FALSE ],
         [ owner |-> 1,
           epoch |-> 1,
           key |-> 6,
           group |-> "g2",
           kind |-> "Activity",
           phase |-> "committed",
           reply |-> "ok",
           pending |-> FALSE ],
         [ owner |-> 1,
           epoch |-> 1,
           key |-> 7,
           group |-> "g1",
           kind |-> "Activity",
           phase |-> "committed",
           reply |-> "ok",
           pending |-> FALSE ] >>,
  ex |->
      << [ terminal |-> FALSE,
           owner |-> 1,
           task |-> 1,
           state |-> "pending",
           pc |-> "ready",
           unexpected |-> 0,
           result |-> "none" ],
         [ terminal |-> FALSE,
           owner |-> 1,
           task |-> 2,
           state |-> "pending",
           pc |-> "eligibility",
           unexpected |-> 0,
           result |-> "none" ],
         [ terminal |-> FALSE,
           owner |-> 0,
           task |-> 0,
           state |-> "free",
           pc |-> "idle",
           unexpected |-> 0,
           result |-> "none" ],
         [ terminal |-> FALSE,
           owner |-> 0,
           task |-> 0,
           state |-> "free",
           pc |-> "idle",
           unexpected |-> 0,
           result |-> "none" ],
         [ terminal |-> FALSE,
           owner |-> 0,
           task |-> 0,
           state |-> "free",
           pc |-> "idle",
           unexpected |-> 0,
           result |-> "none" ],
         [ terminal |-> FALSE,
           owner |-> 0,
           task |-> 0,
           state |-> "free",
           pc |-> "idle",
           unexpected |-> 0,
           result |-> "none" ] >>,
  notice |-> <<FALSE, FALSE>> ]

State 21: <TraceNext line 529, col 14 to line 529, col 47 of module Trace>
/\ l = 22
/\ s = [ db |->
      [ rows |-> {1, 2, 3},
        workflow |-> {1, 2, 3},
        published |-> {1, 2, 3},
        matching |-> {},
        started |-> {},
        obsolete |-> {},
        terminal |-> {},
        dlq |-> {},
        completed |-> {},
        deleted |-> {},
        acked |-> {},
        protected |-> {<<1, 1>>},
        queue |-> [readers |-> (0 :> <<>> @@ 1 :> <<>>), high |-> 5],
        range |-> 1,
        owner |-> 1 ],
  own |->
      << [ renewData |-> [readers |-> (0 :> <<>> @@ 1 :> <<>>), high |-> 5],
           fresh |-> FALSE,
           epoch |-> 1,
           mode |-> "active",
           next |-> 8,
           renewPC |-> "idle",
           expected |-> 0 ],
         [ renewData |-> [readers |-> (0 :> <<>> @@ 1 :> <<>>), high |-> 5],
           fresh |-> FALSE,
           epoch |-> 0,
           mode |-> "absent",
           next |-> 0,
           renewPC |-> "idle",
           expected |-> 0 ] >>,
  q |->
      << [ lists |->
               ( 0 :>
                     << [ pred |-> {"g1", "g2"},
                          iters |-> {},
                          tracked |-> {1},
                          id |-> 1,
                          lo |-> 5,
                          hi |-> 6 ],
                        [ pred |-> {"g1", "g2"},
                          iters |-> {[lo |-> 7, hi |-> 7]},
                          tracked |-> {2},
                          id |-> 2,
                          lo |-> 6,
                          hi |-> 7 ],
                        [ pred |-> {"g1", "g2"},
                          iters |-> {[lo |-> 7, hi |-> 8]},
                          tracked |-> {},
                          id |-> 3,
                          lo |-> 7,
                          hi |-> 8 ] >> @@
                 1 :> <<>> ),
           cursor |-> (0 :> 2 @@ 1 :> 0),
           detached |->
               ( 0 :>
                     [ pred |-> {},
                       iters |-> {},
                       tracked |-> {},
                       id |-> 0,
                       lo |-> 0,
                       hi |-> 0 ] @@
                 1 :>
                     [ pred |-> {},
                       iters |-> {},
                       tracked |-> {},
                       id |-> 0,
                       lo |-> 0,
                       hi |-> 0 ] ),
           captured |-> [readers |-> (0 :> <<>> @@ 1 :> <<>>), high |-> 5],
           memory |-> [readers |-> (0 :> <<>> @@ 1 :> <<>>), high |-> 5],
           moveGroups |-> {},
           moved |-> <<>>,
           cancelTodo |-> {},
           high |-> 8,
           pc |-> "idle",
           deleteMin |-> 5,
           lastRange |-> 0,
           deleteResult |-> "none",
           clearReader |-> 0,
           clearID |-> 0 ],
         [ lists |-> (0 :> <<>> @@ 1 :> <<>>),
           cursor |-> (0 :> 0 @@ 1 :> 0),
           detached |->
               ( 0 :>
                     [ pred |-> {},
                       iters |-> {},
                       tracked |-> {},
                       id |-> 0,
                       lo |-> 0,
                       hi |-> 0 ] @@
                 1 :>
                     [ pred |-> {},
                       iters |-> {},
                       tracked |-> {},
                       id |-> 0,
                       lo |-> 0,
                       hi |-> 0 ] ),
           captured |-> [readers |-> (0 :> <<>> @@ 1 :> <<>>), high |-> 5],
           memory |-> [readers |-> (0 :> <<>> @@ 1 :> <<>>), high |-> 5],
           moveGroups |-> {},
           moved |-> <<>>,
           cancelTodo |-> {},
           high |-> 5,
           pc |-> "idle",
           deleteMin |-> 5,
           lastRange |-> 0,
           deleteResult |-> "none",
           clearReader |-> 0,
           clearID |-> 0 ] >>,
  snaps |->
      << [ data |-> [readers |-> (0 :> <<>> @@ 1 :> <<>>), high |-> 5],
           owner |-> 0,
           epoch |-> 0,
           phase |-> "free",
           caller |-> "other" ],
         [ data |-> [readers |-> (0 :> <<>> @@ 1 :> <<>>), high |-> 5],
           owner |-> 0,
           epoch |-> 0,
           phase |-> "free",
           caller |-> "other" ] >>,
  pub |->
      << [ owner |-> 1,
           epoch |-> 1,
           key |-> 5,
           group |-> "g1",
           kind |-> "Workflow",
           phase |-> "committed",
           reply |-> "ok",
           pending |-> FALSE ],
         [ owner |-> 1,
           epoch |-> 1,
           key |-> 6,
           group |-> "g2",
           kind |-> "Activity",
           phase |-> "committed",
           reply |-> "ok",
           pending |-> FALSE ],
         [ owner |-> 1,
           epoch |-> 1,
           key |-> 7,
           group |-> "g1",
           kind |-> "Activity",
           phase |-> "committed",
           reply |-> "ok",
           pending |-> FALSE ] >>,
  ex |->
      << [ terminal |-> FALSE,
           owner |-> 1,
           task |-> 1,
           state |-> "pending",
           pc |-> "ready",
           unexpected |-> 0,
           result |-> "none" ],
         [ terminal |-> FALSE,
           owner |-> 1,
           task |-> 2,
           state |-> "pending",
           pc |-> "matching",
           unexpected |-> 0,
           result |-> "none" ],
         [ terminal |-> FALSE,
           owner |-> 0,
           task |-> 0,
           state |-> "free",
           pc |-> "idle",
           unexpected |-> 0,
           result |-> "none" ],
         [ terminal |-> FALSE,
           owner |-> 0,
           task |-> 0,
           state |-> "free",
           pc |-> "idle",
           unexpected |-> 0,
           result |-> "none" ],
         [ terminal |-> FALSE,
           owner |-> 0,
           task |-> 0,
           state |-> "free",
           pc |-> "idle",
           unexpected |-> 0,
           result |-> "none" ],
         [ terminal |-> FALSE,
           owner |-> 0,
           task |-> 0,
           state |-> "free",
           pc |-> "idle",
           unexpected |-> 0,
           result |-> "none" ] >>,
  notice |-> <<FALSE, FALSE>> ]

State 22: <TraceNext line 529, col 14 to line 529, col 47 of module Trace>
/\ l = 23
/\ s = [ db |->
      [ rows |-> {1, 2, 3},
        workflow |-> {1, 2, 3},
        published |-> {1, 2, 3},
        matching |-> {2},
        started |-> {},
        obsolete |-> {},
        terminal |-> {},
        dlq |-> {},
        completed |-> {},
        deleted |-> {},
        acked |-> {},
        protected |-> {<<1, 1>>},
        queue |-> [readers |-> (0 :> <<>> @@ 1 :> <<>>), high |-> 5],
        range |-> 1,
        owner |-> 1 ],
  own |->
      << [ renewData |-> [readers |-> (0 :> <<>> @@ 1 :> <<>>), high |-> 5],
           fresh |-> FALSE,
           epoch |-> 1,
           mode |-> "active",
           next |-> 8,
           renewPC |-> "idle",
           expected |-> 0 ],
         [ renewData |-> [readers |-> (0 :> <<>> @@ 1 :> <<>>), high |-> 5],
           fresh |-> FALSE,
           epoch |-> 0,
           mode |-> "absent",
           next |-> 0,
           renewPC |-> "idle",
           expected |-> 0 ] >>,
  q |->
      << [ lists |->
               ( 0 :>
                     << [ pred |-> {"g1", "g2"},
                          iters |-> {},
                          tracked |-> {1},
                          id |-> 1,
                          lo |-> 5,
                          hi |-> 6 ],
                        [ pred |-> {"g1", "g2"},
                          iters |-> {[lo |-> 7, hi |-> 7]},
                          tracked |-> {2},
                          id |-> 2,
                          lo |-> 6,
                          hi |-> 7 ],
                        [ pred |-> {"g1", "g2"},
                          iters |-> {[lo |-> 7, hi |-> 8]},
                          tracked |-> {},
                          id |-> 3,
                          lo |-> 7,
                          hi |-> 8 ] >> @@
                 1 :> <<>> ),
           cursor |-> (0 :> 2 @@ 1 :> 0),
           detached |->
               ( 0 :>
                     [ pred |-> {},
                       iters |-> {},
                       tracked |-> {},
                       id |-> 0,
                       lo |-> 0,
                       hi |-> 0 ] @@
                 1 :>
                     [ pred |-> {},
                       iters |-> {},
                       tracked |-> {},
                       id |-> 0,
                       lo |-> 0,
                       hi |-> 0 ] ),
           captured |-> [readers |-> (0 :> <<>> @@ 1 :> <<>>), high |-> 5],
           memory |-> [readers |-> (0 :> <<>> @@ 1 :> <<>>), high |-> 5],
           moveGroups |-> {},
           moved |-> <<>>,
           cancelTodo |-> {},
           high |-> 8,
           pc |-> "idle",
           deleteMin |-> 5,
           lastRange |-> 0,
           deleteResult |-> "none",
           clearReader |-> 0,
           clearID |-> 0 ],
         [ lists |-> (0 :> <<>> @@ 1 :> <<>>),
           cursor |-> (0 :> 0 @@ 1 :> 0),
           detached |->
               ( 0 :>
                     [ pred |-> {},
                       iters |-> {},
                       tracked |-> {},
                       id |-> 0,
                       lo |-> 0,
                       hi |-> 0 ] @@
                 1 :>
                     [ pred |-> {},
                       iters |-> {},
                       tracked |-> {},
                       id |-> 0,
                       lo |-> 0,
                       hi |-> 0 ] ),
           captured |-> [readers |-> (0 :> <<>> @@ 1 :> <<>>), high |-> 5],
           memory |-> [readers |-> (0 :> <<>> @@ 1 :> <<>>), high |-> 5],
           moveGroups |-> {},
           moved |-> <<>>,
           cancelTodo |-> {},
           high |-> 5,
           pc |-> "idle",
           deleteMin |-> 5,
           lastRange |-> 0,
           deleteResult |-> "none",
           clearReader |-> 0,
           clearID |-> 0 ] >>,
  snaps |->
      << [ data |-> [readers |-> (0 :> <<>> @@ 1 :> <<>>), high |-> 5],
           owner |-> 0,
           epoch |-> 0,
           phase |-> "free",
           caller |-> "other" ],
         [ data |-> [readers |-> (0 :> <<>> @@ 1 :> <<>>), high |-> 5],
           owner |-> 0,
           epoch |-> 0,
           phase |-> "free",
           caller |-> "other" ] >>,
  pub |->
      << [ owner |-> 1,
           epoch |-> 1,
           key |-> 5,
           group |-> "g1",
           kind |-> "Workflow",
           phase |-> "committed",
           reply |-> "ok",
           pending |-> FALSE ],
         [ owner |-> 1,
           epoch |-> 1,
           key |-> 6,
           group |-> "g2",
           kind |-> "Activity",
           phase |-> "committed",
           reply |-> "ok",
           pending |-> FALSE ],
         [ owner |-> 1,
           epoch |-> 1,
           key |-> 7,
           group |-> "g1",
           kind |-> "Activity",
           phase |-> "committed",
           reply |-> "ok",
           pending |-> FALSE ] >>,
  ex |->
      << [ terminal |-> FALSE,
           owner |-> 1,
           task |-> 1,
           state |-> "pending",
           pc |-> "ready",
           unexpected |-> 0,
           result |-> "none" ],
         [ terminal |-> FALSE,
           owner |-> 1,
           task |-> 2,
           state |-> "pending",
           pc |-> "matchingReply",
           unexpected |-> 0,
           result |-> "accepted" ],
         [ terminal |-> FALSE,
           owner |-> 0,
           task |-> 0,
           state |-> "free",
           pc |-> "idle",
           unexpected |-> 0,
           result |-> "none" ],
         [ terminal |-> FALSE,
           owner |-> 0,
           task |-> 0,
           state |-> "free",
           pc |-> "idle",
           unexpected |-> 0,
           result |-> "none" ],
         [ terminal |-> FALSE,
           owner |-> 0,
           task |-> 0,
           state |-> "free",
           pc |-> "idle",
           unexpected |-> 0,
           result |-> "none" ],
         [ terminal |-> FALSE,
           owner |-> 0,
           task |-> 0,
           state |-> "free",
           pc |-> "idle",
           unexpected |-> 0,
           result |-> "none" ] >>,
  notice |-> <<FALSE, FALSE>> ]

State 23: <TraceNext line 529, col 14 to line 529, col 47 of module Trace>
/\ l = 24
/\ s = [ db |->
      [ rows |-> {1, 2, 3},
        workflow |-> {1, 2, 3},
        published |-> {1, 2, 3},
        matching |-> {2},
        started |-> {},
        obsolete |-> {},
        terminal |-> {},
        dlq |-> {},
        completed |-> {},
        deleted |-> {},
        acked |-> {},
        protected |-> {<<1, 1>>},
        queue |-> [readers |-> (0 :> <<>> @@ 1 :> <<>>), high |-> 5],
        range |-> 1,
        owner |-> 1 ],
  own |->
      << [ renewData |-> [readers |-> (0 :> <<>> @@ 1 :> <<>>), high |-> 5],
           fresh |-> FALSE,
           epoch |-> 1,
           mode |-> "active",
           next |-> 8,
           renewPC |-> "idle",
           expected |-> 0 ],
         [ renewData |-> [readers |-> (0 :> <<>> @@ 1 :> <<>>), high |-> 5],
           fresh |-> FALSE,
           epoch |-> 0,
           mode |-> "absent",
           next |-> 0,
           renewPC |-> "idle",
           expected |-> 0 ] >>,
  q |->
      << [ lists |->
               ( 0 :>
                     << [ pred |-> {"g1", "g2"},
                          iters |-> {},
                          tracked |-> {1},
                          id |-> 1,
                          lo |-> 5,
                          hi |-> 6 ],
                        [ pred |-> {"g1", "g2"},
                          iters |-> {[lo |-> 7, hi |-> 7]},
                          tracked |-> {2},
                          id |-> 2,
                          lo |-> 6,
                          hi |-> 7 ],
                        [ pred |-> {"g1", "g2"},
                          iters |-> {[lo |-> 7, hi |-> 8]},
                          tracked |-> {},
                          id |-> 3,
                          lo |-> 7,
                          hi |-> 8 ] >> @@
                 1 :> <<>> ),
           cursor |-> (0 :> 2 @@ 1 :> 0),
           detached |->
               ( 0 :>
                     [ pred |-> {},
                       iters |-> {},
                       tracked |-> {},
                       id |-> 0,
                       lo |-> 0,
                       hi |-> 0 ] @@
                 1 :>
                     [ pred |-> {},
                       iters |-> {},
                       tracked |-> {},
                       id |-> 0,
                       lo |-> 0,
                       hi |-> 0 ] ),
           captured |-> [readers |-> (0 :> <<>> @@ 1 :> <<>>), high |-> 5],
           memory |-> [readers |-> (0 :> <<>> @@ 1 :> <<>>), high |-> 5],
           moveGroups |-> {},
           moved |-> <<>>,
           cancelTodo |-> {},
           high |-> 8,
           pc |-> "idle",
           deleteMin |-> 5,
           lastRange |-> 0,
           deleteResult |-> "none",
           clearReader |-> 0,
           clearID |-> 0 ],
         [ lists |-> (0 :> <<>> @@ 1 :> <<>>),
           cursor |-> (0 :> 0 @@ 1 :> 0),
           detached |->
               ( 0 :>
                     [ pred |-> {},
                       iters |-> {},
                       tracked |-> {},
                       id |-> 0,
                       lo |-> 0,
                       hi |-> 0 ] @@
                 1 :>
                     [ pred |-> {},
                       iters |-> {},
                       tracked |-> {},
                       id |-> 0,
                       lo |-> 0,
                       hi |-> 0 ] ),
           captured |-> [readers |-> (0 :> <<>> @@ 1 :> <<>>), high |-> 5],
           memory |-> [readers |-> (0 :> <<>> @@ 1 :> <<>>), high |-> 5],
           moveGroups |-> {},
           moved |-> <<>>,
           cancelTodo |-> {},
           high |-> 5,
           pc |-> "idle",
           deleteMin |-> 5,
           lastRange |-> 0,
           deleteResult |-> "none",
           clearReader |-> 0,
           clearID |-> 0 ] >>,
  snaps |->
      << [ data |-> [readers |-> (0 :> <<>> @@ 1 :> <<>>), high |-> 5],
           owner |-> 0,
           epoch |-> 0,
           phase |-> "free",
           caller |-> "other" ],
         [ data |-> [readers |-> (0 :> <<>> @@ 1 :> <<>>), high |-> 5],
           owner |-> 0,
           epoch |-> 0,
           phase |-> "free",
           caller |-> "other" ] >>,
  pub |->
      << [ owner |-> 1,
           epoch |-> 1,
           key |-> 5,
           group |-> "g1",
           kind |-> "Workflow",
           phase |-> "committed",
           reply |-> "ok",
           pending |-> FALSE ],
         [ owner |-> 1,
           epoch |-> 1,
           key |-> 6,
           group |-> "g2",
           kind |-> "Activity",
           phase |-> "committed",
           reply |-> "ok",
           pending |-> FALSE ],
         [ owner |-> 1,
           epoch |-> 1,
           key |-> 7,
           group |-> "g1",
           kind |-> "Activity",
           phase |-> "committed",
           reply |-> "ok",
           pending |-> FALSE ] >>,
  ex |->
      << [ terminal |-> FALSE,
           owner |-> 1,
           task |-> 1,
           state |-> "pending",
           pc |-> "ready",
           unexpected |-> 0,
           result |-> "none" ],
         [ terminal |-> FALSE,
           owner |-> 1,
           task |-> 2,
           state |-> "pending",
           pc |-> "handle",
           unexpected |-> 0,
           result |-> "accepted" ],
         [ terminal |-> FALSE,
           owner |-> 0,
           task |-> 0,
           state |-> "free",
           pc |-> "idle",
           unexpected |-> 0,
           result |-> "none" ],
         [ terminal |-> FALSE,
           owner |-> 0,
           task |-> 0,
           state |-> "free",
           pc |-> "idle",
           unexpected |-> 0,
           result |-> "none" ],
         [ terminal |-> FALSE,
           owner |-> 0,
           task |-> 0,
           state |-> "free",
           pc |-> "idle",
           unexpected |-> 0,
           result |-> "none" ],
         [ terminal |-> FALSE,
           owner |-> 0,
           task |-> 0,
           state |-> "free",
           pc |-> "idle",
           unexpected |-> 0,
           result |-> "none" ] >>,
  notice |-> <<FALSE, FALSE>> ]

State 24: <TraceNext line 529, col 14 to line 529, col 47 of module Trace>
/\ l = 25
/\ s = [ db |->
      [ rows |-> {1, 2, 3},
        workflow |-> {1, 2, 3},
        published |-> {1, 2, 3},
        matching |-> {2},
        started |-> {},
        obsolete |-> {},
        terminal |-> {},
        dlq |-> {},
        completed |-> {},
        deleted |-> {},
        acked |-> {},
        protected |-> {<<1, 1>>},
        queue |-> [readers |-> (0 :> <<>> @@ 1 :> <<>>), high |-> 5],
        range |-> 1,
        owner |-> 1 ],
  own |->
      << [ renewData |-> [readers |-> (0 :> <<>> @@ 1 :> <<>>), high |-> 5],
           fresh |-> FALSE,
           epoch |-> 1,
           mode |-> "active",
           next |-> 8,
           renewPC |-> "idle",
           expected |-> 0 ],
         [ renewData |-> [readers |-> (0 :> <<>> @@ 1 :> <<>>), high |-> 5],
           fresh |-> FALSE,
           epoch |-> 0,
           mode |-> "absent",
           next |-> 0,
           renewPC |-> "idle",
           expected |-> 0 ] >>,
  q |->
      << [ lists |->
               ( 0 :>
                     << [ pred |-> {"g1", "g2"},
                          iters |-> {},
                          tracked |-> {1},
                          id |-> 1,
                          lo |-> 5,
                          hi |-> 6 ],
                        [ pred |-> {"g1", "g2"},
                          iters |-> {[lo |-> 7, hi |-> 7]},
                          tracked |-> {2},
                          id |-> 2,
                          lo |-> 6,
                          hi |-> 7 ],
                        [ pred |-> {"g1", "g2"},
                          iters |-> {[lo |-> 7, hi |-> 8]},
                          tracked |-> {},
                          id |-> 3,
                          lo |-> 7,
                          hi |-> 8 ] >> @@
                 1 :> <<>> ),
           cursor |-> (0 :> 2 @@ 1 :> 0),
           detached |->
               ( 0 :>
                     [ pred |-> {},
                       iters |-> {},
                       tracked |-> {},
                       id |-> 0,
                       lo |-> 0,
                       hi |-> 0 ] @@
                 1 :>
                     [ pred |-> {},
                       iters |-> {},
                       tracked |-> {},
                       id |-> 0,
                       lo |-> 0,
                       hi |-> 0 ] ),
           captured |-> [readers |-> (0 :> <<>> @@ 1 :> <<>>), high |-> 5],
           memory |-> [readers |-> (0 :> <<>> @@ 1 :> <<>>), high |-> 5],
           moveGroups |-> {},
           moved |-> <<>>,
           cancelTodo |-> {},
           high |-> 8,
           pc |-> "idle",
           deleteMin |-> 5,
           lastRange |-> 0,
           deleteResult |-> "none",
           clearReader |-> 0,
           clearID |-> 0 ],
         [ lists |-> (0 :> <<>> @@ 1 :> <<>>),
           cursor |-> (0 :> 0 @@ 1 :> 0),
           detached |->
               ( 0 :>
                     [ pred |-> {},
                       iters |-> {},
                       tracked |-> {},
                       id |-> 0,
                       lo |-> 0,
                       hi |-> 0 ] @@
                 1 :>
                     [ pred |-> {},
                       iters |-> {},
                       tracked |-> {},
                       id |-> 0,
                       lo |-> 0,
                       hi |-> 0 ] ),
           captured |-> [readers |-> (0 :> <<>> @@ 1 :> <<>>), high |-> 5],
           memory |-> [readers |-> (0 :> <<>> @@ 1 :> <<>>), high |-> 5],
           moveGroups |-> {},
           moved |-> <<>>,
           cancelTodo |-> {},
           high |-> 5,
           pc |-> "idle",
           deleteMin |-> 5,
           lastRange |-> 0,
           deleteResult |-> "none",
           clearReader |-> 0,
           clearID |-> 0 ] >>,
  snaps |->
      << [ data |-> [readers |-> (0 :> <<>> @@ 1 :> <<>>), high |-> 5],
           owner |-> 0,
           epoch |-> 0,
           phase |-> "free",
           caller |-> "other" ],
         [ data |-> [readers |-> (0 :> <<>> @@ 1 :> <<>>), high |-> 5],
           owner |-> 0,
           epoch |-> 0,
           phase |-> "free",
           caller |-> "other" ] >>,
  pub |->
      << [ owner |-> 1,
           epoch |-> 1,
           key |-> 5,
           group |-> "g1",
           kind |-> "Workflow",
           phase |-> "committed",
           reply |-> "ok",
           pending |-> FALSE ],
         [ owner |-> 1,
           epoch |-> 1,
           key |-> 6,
           group |-> "g2",
           kind |-> "Activity",
           phase |-> "committed",
           reply |-> "ok",
           pending |-> FALSE ],
         [ owner |-> 1,
           epoch |-> 1,
           key |-> 7,
           group |-> "g1",
           kind |-> "Activity",
           phase |-> "committed",
           reply |-> "ok",
           pending |-> FALSE ] >>,
  ex |->
      << [ terminal |-> FALSE,
           owner |-> 1,
           task |-> 1,
           state |-> "pending",
           pc |-> "ready",
           unexpected |-> 0,
           result |-> "none" ],
         [ terminal |-> FALSE,
           owner |-> 1,
           task |-> 2,
           state |-> "pending",
           pc |-> "ack",
           unexpected |-> 0,
           result |-> "accepted" ],
         [ terminal |-> FALSE,
           owner |-> 0,
           task |-> 0,
           state |-> "free",
           pc |-> "idle",
           unexpected |-> 0,
           result |-> "none" ],
         [ terminal |-> FALSE,
           owner |-> 0,
           task |-> 0,
           state |-> "free",
           pc |-> "idle",
           unexpected |-> 0,
           result |-> "none" ],
         [ terminal |-> FALSE,
           owner |-> 0,
           task |-> 0,
           state |-> "free",
           pc |-> "idle",
           unexpected |-> 0,
           result |-> "none" ],
         [ terminal |-> FALSE,
           owner |-> 0,
           task |-> 0,
           state |-> "free",
           pc |-> "idle",
           unexpected |-> 0,
           result |-> "none" ] >>,
  notice |-> <<FALSE, FALSE>> ]

State 25: <TraceNext line 529, col 14 to line 529, col 47 of module Trace>
/\ l = 26
/\ s = [ db |->
      [ rows |-> {1, 2, 3},
        workflow |-> {1, 2, 3},
        published |-> {1, 2, 3},
        matching |-> {2},
        started |-> {},
        obsolete |-> {},
        terminal |-> {},
        dlq |-> {},
        completed |-> {},
        deleted |-> {},
        acked |-> {2},
        protected |-> {<<1, 1>>},
        queue |-> [readers |-> (0 :> <<>> @@ 1 :> <<>>), high |-> 5],
        range |-> 1,
        owner |-> 1 ],
  own |->
      << [ renewData |-> [readers |-> (0 :> <<>> @@ 1 :> <<>>), high |-> 5],
           fresh |-> FALSE,
           epoch |-> 1,
           mode |-> "active",
           next |-> 8,
           renewPC |-> "idle",
           expected |-> 0 ],
         [ renewData |-> [readers |-> (0 :> <<>> @@ 1 :> <<>>), high |-> 5],
           fresh |-> FALSE,
           epoch |-> 0,
           mode |-> "absent",
           next |-> 0,
           renewPC |-> "idle",
           expected |-> 0 ] >>,
  q |->
      << [ lists |->
               ( 0 :>
                     << [ pred |-> {"g1", "g2"},
                          iters |-> {},
                          tracked |-> {1},
                          id |-> 1,
                          lo |-> 5,
                          hi |-> 6 ],
                        [ pred |-> {"g1", "g2"},
                          iters |-> {[lo |-> 7, hi |-> 7]},
                          tracked |-> {2},
                          id |-> 2,
                          lo |-> 6,
                          hi |-> 7 ],
                        [ pred |-> {"g1", "g2"},
                          iters |-> {[lo |-> 7, hi |-> 8]},
                          tracked |-> {},
                          id |-> 3,
                          lo |-> 7,
                          hi |-> 8 ] >> @@
                 1 :> <<>> ),
           cursor |-> (0 :> 2 @@ 1 :> 0),
           detached |->
               ( 0 :>
                     [ pred |-> {},
                       iters |-> {},
                       tracked |-> {},
                       id |-> 0,
                       lo |-> 0,
                       hi |-> 0 ] @@
                 1 :>
                     [ pred |-> {},
                       iters |-> {},
                       tracked |-> {},
                       id |-> 0,
                       lo |-> 0,
                       hi |-> 0 ] ),
           captured |-> [readers |-> (0 :> <<>> @@ 1 :> <<>>), high |-> 5],
           memory |-> [readers |-> (0 :> <<>> @@ 1 :> <<>>), high |-> 5],
           moveGroups |-> {},
           moved |-> <<>>,
           cancelTodo |-> {},
           high |-> 8,
           pc |-> "idle",
           deleteMin |-> 5,
           lastRange |-> 0,
           deleteResult |-> "none",
           clearReader |-> 0,
           clearID |-> 0 ],
         [ lists |-> (0 :> <<>> @@ 1 :> <<>>),
           cursor |-> (0 :> 0 @@ 1 :> 0),
           detached |->
               ( 0 :>
                     [ pred |-> {},
                       iters |-> {},
                       tracked |-> {},
                       id |-> 0,
                       lo |-> 0,
                       hi |-> 0 ] @@
                 1 :>
                     [ pred |-> {},
                       iters |-> {},
                       tracked |-> {},
                       id |-> 0,
                       lo |-> 0,
                       hi |-> 0 ] ),
           captured |-> [readers |-> (0 :> <<>> @@ 1 :> <<>>), high |-> 5],
           memory |-> [readers |-> (0 :> <<>> @@ 1 :> <<>>), high |-> 5],
           moveGroups |-> {},
           moved |-> <<>>,
           cancelTodo |-> {},
           high |-> 5,
           pc |-> "idle",
           deleteMin |-> 5,
           lastRange |-> 0,
           deleteResult |-> "none",
           clearReader |-> 0,
           clearID |-> 0 ] >>,
  snaps |->
      << [ data |-> [readers |-> (0 :> <<>> @@ 1 :> <<>>), high |-> 5],
           owner |-> 0,
           epoch |-> 0,
           phase |-> "free",
           caller |-> "other" ],
         [ data |-> [readers |-> (0 :> <<>> @@ 1 :> <<>>), high |-> 5],
           owner |-> 0,
           epoch |-> 0,
           phase |-> "free",
           caller |-> "other" ] >>,
  pub |->
      << [ owner |-> 1,
           epoch |-> 1,
           key |-> 5,
           group |-> "g1",
           kind |-> "Workflow",
           phase |-> "committed",
           reply |-> "ok",
           pending |-> FALSE ],
         [ owner |-> 1,
           epoch |-> 1,
           key |-> 6,
           group |-> "g2",
           kind |-> "Activity",
           phase |-> "committed",
           reply |-> "ok",
           pending |-> FALSE ],
         [ owner |-> 1,
           epoch |-> 1,
           key |-> 7,
           group |-> "g1",
           kind |-> "Activity",
           phase |-> "committed",
           reply |-> "ok",
           pending |-> FALSE ] >>,
  ex |->
      << [ terminal |-> FALSE,
           owner |-> 1,
           task |-> 1,
           state |-> "pending",
           pc |-> "ready",
           unexpected |-> 0,
           result |-> "none" ],
         [ terminal |-> FALSE,
           owner |-> 1,
           task |-> 2,
           state |-> "acked",
           pc |-> "idle",
           unexpected |-> 0,
           result |-> "accepted" ],
         [ terminal |-> FALSE,
           owner |-> 0,
           task |-> 0,
           state |-> "free",
           pc |-> "idle",
           unexpected |-> 0,
           result |-> "none" ],
         [ terminal |-> FALSE,
           owner |-> 0,
           task |-> 0,
           state |-> "free",
           pc |-> "idle",
           unexpected |-> 0,
           result |-> "none" ],
         [ terminal |-> FALSE,
           owner |-> 0,
           task |-> 0,
           state |-> "free",
           pc |-> "idle",
           unexpected |-> 0,
           result |-> "none" ],
         [ terminal |-> FALSE,
           owner |-> 0,
           task |-> 0,
           state |-> "free",
           pc |-> "idle",
           unexpected |-> 0,
           result |-> "none" ] >>,
  notice |-> <<FALSE, FALSE>> ]

State 26: <TraceNext line 529, col 14 to line 529, col 47 of module Trace>
/\ l = 27
/\ s = [ db |->
      [ rows |-> {1, 2, 3},
        workflow |-> {1, 2, 3},
        published |-> {1, 2, 3},
        matching |-> {2},
        started |-> {},
        obsolete |-> {},
        terminal |-> {},
        dlq |-> {},
        completed |-> {},
        deleted |-> {},
        acked |-> {2},
        protected |-> {<<1, 1>>},
        queue |-> [readers |-> (0 :> <<>> @@ 1 :> <<>>), high |-> 5],
        range |-> 1,
        owner |-> 1 ],
  own |->
      << [ renewData |-> [readers |-> (0 :> <<>> @@ 1 :> <<>>), high |-> 5],
           fresh |-> FALSE,
           epoch |-> 1,
           mode |-> "active",
           next |-> 8,
           renewPC |-> "idle",
           expected |-> 0 ],
         [ renewData |-> [readers |-> (0 :> <<>> @@ 1 :> <<>>), high |-> 5],
           fresh |-> FALSE,
           epoch |-> 0,
           mode |-> "absent",
           next |-> 0,
           renewPC |-> "idle",
           expected |-> 0 ] >>,
  q |->
      << [ lists |->
               ( 0 :>
                     << [ pred |-> {"g1", "g2"},
                          iters |-> {},
                          tracked |-> {1},
                          id |-> 1,
                          lo |-> 5,
                          hi |-> 6 ],
                        [ pred |-> {"g1", "g2"},
                          iters |-> {[lo |-> 7, hi |-> 7]},
                          tracked |-> {2},
                          id |-> 2,
                          lo |-> 6,
                          hi |-> 7 ],
                        [ pred |-> {"g1", "g2"},
                          iters |-> {[lo |-> 7, hi |-> 8]},
                          tracked |-> {},
                          id |-> 3,
                          lo |-> 7,
                          hi |-> 8 ] >> @@
                 1 :> <<>> ),
           cursor |-> (0 :> 2 @@ 1 :> 0),
           detached |->
               ( 0 :>
                     [ pred |-> {},
                       iters |-> {},
                       tracked |-> {},
                       id |-> 0,
                       lo |-> 0,
                       hi |-> 0 ] @@
                 1 :>
                     [ pred |-> {},
                       iters |-> {},
                       tracked |-> {},
                       id |-> 0,
                       lo |-> 0,
                       hi |-> 0 ] ),
           captured |-> [readers |-> (0 :> <<>> @@ 1 :> <<>>), high |-> 5],
           memory |-> [readers |-> (0 :> <<>> @@ 1 :> <<>>), high |-> 5],
           moveGroups |-> {},
           moved |-> <<>>,
           cancelTodo |-> {},
           high |-> 8,
           pc |-> "shrink0",
           deleteMin |-> 5,
           lastRange |-> 0,
           deleteResult |-> "none",
           clearReader |-> 0,
           clearID |-> 0 ],
         [ lists |-> (0 :> <<>> @@ 1 :> <<>>),
           cursor |-> (0 :> 0 @@ 1 :> 0),
           detached |->
               ( 0 :>
                     [ pred |-> {},
                       iters |-> {},
                       tracked |-> {},
                       id |-> 0,
                       lo |-> 0,
                       hi |-> 0 ] @@
                 1 :>
                     [ pred |-> {},
                       iters |-> {},
                       tracked |-> {},
                       id |-> 0,
                       lo |-> 0,
                       hi |-> 0 ] ),
           captured |-> [readers |-> (0 :> <<>> @@ 1 :> <<>>), high |-> 5],
           memory |-> [readers |-> (0 :> <<>> @@ 1 :> <<>>), high |-> 5],
           moveGroups |-> {},
           moved |-> <<>>,
           cancelTodo |-> {},
           high |-> 5,
           pc |-> "idle",
           deleteMin |-> 5,
           lastRange |-> 0,
           deleteResult |-> "none",
           clearReader |-> 0,
           clearID |-> 0 ] >>,
  snaps |->
      << [ data |-> [readers |-> (0 :> <<>> @@ 1 :> <<>>), high |-> 5],
           owner |-> 0,
           epoch |-> 0,
           phase |-> "free",
           caller |-> "other" ],
         [ data |-> [readers |-> (0 :> <<>> @@ 1 :> <<>>), high |-> 5],
           owner |-> 0,
           epoch |-> 0,
           phase |-> "free",
           caller |-> "other" ] >>,
  pub |->
      << [ owner |-> 1,
           epoch |-> 1,
           key |-> 5,
           group |-> "g1",
           kind |-> "Workflow",
           phase |-> "committed",
           reply |-> "ok",
           pending |-> FALSE ],
         [ owner |-> 1,
           epoch |-> 1,
           key |-> 6,
           group |-> "g2",
           kind |-> "Activity",
           phase |-> "committed",
           reply |-> "ok",
           pending |-> FALSE ],
         [ owner |-> 1,
           epoch |-> 1,
           key |-> 7,
           group |-> "g1",
           kind |-> "Activity",
           phase |-> "committed",
           reply |-> "ok",
           pending |-> FALSE ] >>,
  ex |->
      << [ terminal |-> FALSE,
           owner |-> 1,
           task |-> 1,
           state |-> "pending",
           pc |-> "ready",
           unexpected |-> 0,
           result |-> "none" ],
         [ terminal |-> FALSE,
           owner |-> 1,
           task |-> 2,
           state |-> "acked",
           pc |-> "idle",
           unexpected |-> 0,
           result |-> "accepted" ],
         [ terminal |-> FALSE,
           owner |-> 0,
           task |-> 0,
           state |-> "free",
           pc |-> "idle",
           unexpected |-> 0,
           result |-> "none" ],
         [ terminal |-> FALSE,
           owner |-> 0,
           task |-> 0,
           state |-> "free",
           pc |-> "idle",
           unexpected |-> 0,
           result |-> "none" ],
         [ terminal |-> FALSE,
           owner |-> 0,
           task |-> 0,
           state |-> "free",
           pc |-> "idle",
           unexpected |-> 0,
           result |-> "none" ],
         [ terminal |-> FALSE,
           owner |-> 0,
           task |-> 0,
           state |-> "free",
           pc |-> "idle",
           unexpected |-> 0,
           result |-> "none" ] >>,
  notice |-> <<FALSE, FALSE>> ]

State 27: <TraceNext line 529, col 14 to line 529, col 47 of module Trace>
/\ l = 28
/\ s = [ db |->
      [ rows |-> {1, 2, 3},
        workflow |-> {1, 2, 3},
        published |-> {1, 2, 3},
        matching |-> {2},
        started |-> {},
        obsolete |-> {},
        terminal |-> {},
        dlq |-> {},
        completed |-> {},
        deleted |-> {},
        acked |-> {2},
        protected |-> {<<1, 1>>},
        queue |-> [readers |-> (0 :> <<>> @@ 1 :> <<>>), high |-> 5],
        range |-> 1,
        owner |-> 1 ],
  own |->
      << [ renewData |-> [readers |-> (0 :> <<>> @@ 1 :> <<>>), high |-> 5],
           fresh |-> FALSE,
           epoch |-> 1,
           mode |-> "active",
           next |-> 8,
           renewPC |-> "idle",
           expected |-> 0 ],
         [ renewData |-> [readers |-> (0 :> <<>> @@ 1 :> <<>>), high |-> 5],
           fresh |-> FALSE,
           epoch |-> 0,
           mode |-> "absent",
           next |-> 0,
           renewPC |-> "idle",
           expected |-> 0 ] >>,
  q |->
      << [ lists |->
               ( 0 :>
                     << [ pred |-> {"g1"},
                          iters |-> {},
                          tracked |-> {1},
                          id |-> 1,
                          lo |-> 5,
                          hi |-> 6 ],
                        [ pred |-> {"g1", "g2"},
                          iters |-> {[lo |-> 7, hi |-> 8]},
                          tracked |-> {},
                          id |-> 3,
                          lo |-> 7,
                          hi |-> 8 ] >> @@
                 1 :> <<>> ),
           cursor |-> (0 :> 2 @@ 1 :> 0),
           detached |->
               ( 0 :>
                     [ pred |-> {"g1", "g2"},
                       iters |-> {[lo |-> 7, hi |-> 7]},
                       tracked |-> {},
                       id |-> 2,
                       lo |-> 7,
                       hi |-> 7 ] @@
                 1 :>
                     [ pred |-> {},
                       iters |-> {},
                       tracked |-> {},
                       id |-> 0,
                       lo |-> 0,
                       hi |-> 0 ] ),
           captured |-> [readers |-> (0 :> <<>> @@ 1 :> <<>>), high |-> 5],
           memory |-> [readers |-> (0 :> <<>> @@ 1 :> <<>>), high |-> 5],
           moveGroups |-> {},
           moved |-> <<>>,
           cancelTodo |-> {},
           high |-> 8,
           pc |-> "shrink1",
           deleteMin |-> 5,
           lastRange |-> 0,
           deleteResult |-> "none",
           clearReader |-> 0,
           clearID |-> 0 ],
         [ lists |-> (0 :> <<>> @@ 1 :> <<>>),
           cursor |-> (0 :> 0 @@ 1 :> 0),
           detached |->
               ( 0 :>
                     [ pred |-> {},
                       iters |-> {},
                       tracked |-> {},
                       id |-> 0,
                       lo |-> 0,
                       hi |-> 0 ] @@
                 1 :>
                     [ pred |-> {},
                       iters |-> {},
                       tracked |-> {},
                       id |-> 0,
                       lo |-> 0,
                       hi |-> 0 ] ),
           captured |-> [readers |-> (0 :> <<>> @@ 1 :> <<>>), high |-> 5],
           memory |-> [readers |-> (0 :> <<>> @@ 1 :> <<>>), high |-> 5],
           moveGroups |-> {},
           moved |-> <<>>,
           cancelTodo |-> {},
           high |-> 5,
           pc |-> "idle",
           deleteMin |-> 5,
           lastRange |-> 0,
           deleteResult |-> "none",
           clearReader |-> 0,
           clearID |-> 0 ] >>,
  snaps |->
      << [ data |-> [readers |-> (0 :> <<>> @@ 1 :> <<>>), high |-> 5],
           owner |-> 0,
           epoch |-> 0,
           phase |-> "free",
           caller |-> "other" ],
         [ data |-> [readers |-> (0 :> <<>> @@ 1 :> <<>>), high |-> 5],
           owner |-> 0,
           epoch |-> 0,
           phase |-> "free",
           caller |-> "other" ] >>,
  pub |->
      << [ owner |-> 1,
           epoch |-> 1,
           key |-> 5,
           group |-> "g1",
           kind |-> "Workflow",
           phase |-> "committed",
           reply |-> "ok",
           pending |-> FALSE ],
         [ owner |-> 1,
           epoch |-> 1,
           key |-> 6,
           group |-> "g2",
           kind |-> "Activity",
           phase |-> "committed",
           reply |-> "ok",
           pending |-> FALSE ],
         [ owner |-> 1,
           epoch |-> 1,
           key |-> 7,
           group |-> "g1",
           kind |-> "Activity",
           phase |-> "committed",
           reply |-> "ok",
           pending |-> FALSE ] >>,
  ex |->
      << [ terminal |-> FALSE,
           owner |-> 1,
           task |-> 1,
           state |-> "pending",
           pc |-> "ready",
           unexpected |-> 0,
           result |-> "none" ],
         [ terminal |-> FALSE,
           owner |-> 1,
           task |-> 2,
           state |-> "acked",
           pc |-> "idle",
           unexpected |-> 0,
           result |-> "accepted" ],
         [ terminal |-> FALSE,
           owner |-> 0,
           task |-> 0,
           state |-> "free",
           pc |-> "idle",
           unexpected |-> 0,
           result |-> "none" ],
         [ terminal |-> FALSE,
           owner |-> 0,
           task |-> 0,
           state |-> "free",
           pc |-> "idle",
           unexpected |-> 0,
           result |-> "none" ],
         [ terminal |-> FALSE,
           owner |-> 0,
           task |-> 0,
           state |-> "free",
           pc |-> "idle",
           unexpected |-> 0,
           result |-> "none" ],
         [ terminal |-> FALSE,
           owner |-> 0,
           task |-> 0,
           state |-> "free",
           pc |-> "idle",
           unexpected |-> 0,
           result |-> "none" ] >>,
  notice |-> <<FALSE, FALSE>> ]

State 28: <TraceNext line 529, col 14 to line 529, col 47 of module Trace>
/\ l = 29
/\ s = [ db |->
      [ rows |-> {1, 2, 3},
        workflow |-> {1, 2, 3},
        published |-> {1, 2, 3},
        matching |-> {2},
        started |-> {},
        obsolete |-> {},
        terminal |-> {},
        dlq |-> {},
        completed |-> {},
        deleted |-> {},
        acked |-> {2},
        protected |-> {<<1, 1>>},
        queue |-> [readers |-> (0 :> <<>> @@ 1 :> <<>>), high |-> 5],
        range |-> 1,
        owner |-> 1 ],
  own |->
      << [ renewData |-> [readers |-> (0 :> <<>> @@ 1 :> <<>>), high |-> 5],
           fresh |-> FALSE,
           epoch |-> 1,
           mode |-> "active",
           next |-> 8,
           renewPC |-> "idle",
           expected |-> 0 ],
         [ renewData |-> [readers |-> (0 :> <<>> @@ 1 :> <<>>), high |-> 5],
           fresh |-> FALSE,
           epoch |-> 0,
           mode |-> "absent",
           next |-> 0,
           renewPC |-> "idle",
           expected |-> 0 ] >>,
  q |->
      << [ lists |->
               ( 0 :>
                     << [ pred |-> {"g1"},
                          iters |-> {},
                          tracked |-> {1},
                          id |-> 1,
                          lo |-> 5,
                          hi |-> 6 ],
                        [ pred |-> {"g1", "g2"},
                          iters |-> {[lo |-> 7, hi |-> 8]},
                          tracked |-> {},
                          id |-> 3,
                          lo |-> 7,
                          hi |-> 8 ] >> @@
                 1 :> <<>> ),
           cursor |-> (0 :> 2 @@ 1 :> 0),
           detached |->
               ( 0 :>
                     [ pred |-> {"g1", "g2"},
                       iters |-> {[lo |-> 7, hi |-> 7]},
                       tracked |-> {},
                       id |-> 2,
                       lo |-> 7,
                       hi |-> 7 ] @@
                 1 :>
                     [ pred |-> {},
                       iters |-> {},
                       tracked |-> {},
                       id |-> 0,
                       lo |-> 0,
                       hi |-> 0 ] ),
           captured |-> [readers |-> (0 :> <<>> @@ 1 :> <<>>), high |-> 5],
           memory |-> [readers |-> (0 :> <<>> @@ 1 :> <<>>), high |-> 5],
           moveGroups |-> {},
           moved |-> <<>>,
           cancelTodo |-> {},
           high |-> 8,
           pc |-> "moveStats",
           deleteMin |-> 5,
           lastRange |-> 0,
           deleteResult |-> "none",
           clearReader |-> 0,
           clearID |-> 0 ],
         [ lists |-> (0 :> <<>> @@ 1 :> <<>>),
           cursor |-> (0 :> 0 @@ 1 :> 0),
           detached |->
               ( 0 :>
                     [ pred |-> {},
                       iters |-> {},
                       tracked |-> {},
                       id |-> 0,
                       lo |-> 0,
                       hi |-> 0 ] @@
                 1 :>
                     [ pred |-> {},
                       iters |-> {},
                       tracked |-> {},
                       id |-> 0,
                       lo |-> 0,
                       hi |-> 0 ] ),
           captured |-> [readers |-> (0 :> <<>> @@ 1 :> <<>>), high |-> 5],
           memory |-> [readers |-> (0 :> <<>> @@ 1 :> <<>>), high |-> 5],
           moveGroups |-> {},
           moved |-> <<>>,
           cancelTodo |-> {},
           high |-> 5,
           pc |-> "idle",
           deleteMin |-> 5,
           lastRange |-> 0,
           deleteResult |-> "none",
           clearReader |-> 0,
           clearID |-> 0 ] >>,
  snaps |->
      << [ data |-> [readers |-> (0 :> <<>> @@ 1 :> <<>>), high |-> 5],
           owner |-> 0,
           epoch |-> 0,
           phase |-> "free",
           caller |-> "other" ],
         [ data |-> [readers |-> (0 :> <<>> @@ 1 :> <<>>), high |-> 5],
           owner |-> 0,
           epoch |-> 0,
           phase |-> "free",
           caller |-> "other" ] >>,
  pub |->
      << [ owner |-> 1,
           epoch |-> 1,
           key |-> 5,
           group |-> "g1",
           kind |-> "Workflow",
           phase |-> "committed",
           reply |-> "ok",
           pending |-> FALSE ],
         [ owner |-> 1,
           epoch |-> 1,
           key |-> 6,
           group |-> "g2",
           kind |-> "Activity",
           phase |-> "committed",
           reply |-> "ok",
           pending |-> FALSE ],
         [ owner |-> 1,
           epoch |-> 1,
           key |-> 7,
           group |-> "g1",
           kind |-> "Activity",
           phase |-> "committed",
           reply |-> "ok",
           pending |-> FALSE ] >>,
  ex |->
      << [ terminal |-> FALSE,
           owner |-> 1,
           task |-> 1,
           state |-> "pending",
           pc |-> "ready",
           unexpected |-> 0,
           result |-> "none" ],
         [ terminal |-> FALSE,
           owner |-> 1,
           task |-> 2,
           state |-> "acked",
           pc |-> "idle",
           unexpected |-> 0,
           result |-> "accepted" ],
         [ terminal |-> FALSE,
           owner |-> 0,
           task |-> 0,
           state |-> "free",
           pc |-> "idle",
           unexpected |-> 0,
           result |-> "none" ],
         [ terminal |-> FALSE,
           owner |-> 0,
           task |-> 0,
           state |-> "free",
           pc |-> "idle",
           unexpected |-> 0,
           result |-> "none" ],
         [ terminal |-> FALSE,
           owner |-> 0,
           task |-> 0,
           state |-> "free",
           pc |-> "idle",
           unexpected |-> 0,
           result |-> "none" ],
         [ terminal |-> FALSE,
           owner |-> 0,
           task |-> 0,
           state |-> "free",
           pc |-> "idle",
           unexpected |-> 0,
           result |-> "none" ] >>,
  notice |-> <<FALSE, FALSE>> ]

State 29: <TraceNext line 529, col 14 to line 529, col 47 of module Trace>
/\ l = 30
/\ s = [ db |->
      [ rows |-> {1, 2, 3},
        workflow |-> {1, 2, 3},
        published |-> {1, 2, 3},
        matching |-> {2},
        started |-> {},
        obsolete |-> {},
        terminal |-> {},
        dlq |-> {},
        completed |-> {},
        deleted |-> {},
        acked |-> {2},
        protected |-> {<<1, 1>>},
        queue |-> [readers |-> (0 :> <<>> @@ 1 :> <<>>), high |-> 5],
        range |-> 1,
        owner |-> 1 ],
  own |->
      << [ renewData |-> [readers |-> (0 :> <<>> @@ 1 :> <<>>), high |-> 5],
           fresh |-> FALSE,
           epoch |-> 1,
           mode |-> "active",
           next |-> 8,
           renewPC |-> "idle",
           expected |-> 0 ],
         [ renewData |-> [readers |-> (0 :> <<>> @@ 1 :> <<>>), high |-> 5],
           fresh |-> FALSE,
           epoch |-> 0,
           mode |-> "absent",
           next |-> 0,
           renewPC |-> "idle",
           expected |-> 0 ] >>,
  q |->
      << [ lists |->
               ( 0 :>
                     << [ pred |-> {"g1"},
                          iters |-> {},
                          tracked |-> {1},
                          id |-> 1,
                          lo |-> 5,
                          hi |-> 6 ],
                        [ pred |-> {"g1", "g2"},
                          iters |-> {[lo |-> 7, hi |-> 8]},
                          tracked |-> {},
                          id |-> 3,
                          lo |-> 7,
                          hi |-> 8 ] >> @@
                 1 :> <<>> ),
           cursor |-> (0 :> 2 @@ 1 :> 0),
           detached |->
               ( 0 :>
                     [ pred |-> {"g1", "g2"},
                       iters |-> {[lo |-> 7, hi |-> 7]},
                       tracked |-> {},
                       id |-> 2,
                       lo |-> 7,
                       hi |-> 7 ] @@
                 1 :>
                     [ pred |-> {},
                       iters |-> {},
                       tracked |-> {},
                       id |-> 0,
                       lo |-> 0,
                       hi |-> 0 ] ),
           captured |-> [readers |-> (0 :> <<>> @@ 1 :> <<>>), high |-> 5],
           memory |-> [readers |-> (0 :> <<>> @@ 1 :> <<>>), high |-> 5],
           moveGroups |-> {"g1"},
           moved |-> <<>>,
           cancelTodo |-> {},
           high |-> 8,
           pc |-> "moveSplit",
           deleteMin |-> 5,
           lastRange |-> 0,
           deleteResult |-> "none",
           clearReader |-> 0,
           clearID |-> 0 ],
         [ lists |-> (0 :> <<>> @@ 1 :> <<>>),
           cursor |-> (0 :> 0 @@ 1 :> 0),
           detached |->
               ( 0 :>
                     [ pred |-> {},
                       iters |-> {},
                       tracked |-> {},
                       id |-> 0,
                       lo |-> 0,
                       hi |-> 0 ] @@
                 1 :>
                     [ pred |-> {},
                       iters |-> {},
                       tracked |-> {},
                       id |-> 0,
                       lo |-> 0,
                       hi |-> 0 ] ),
           captured |-> [readers |-> (0 :> <<>> @@ 1 :> <<>>), high |-> 5],
           memory |-> [readers |-> (0 :> <<>> @@ 1 :> <<>>), high |-> 5],
           moveGroups |-> {},
           moved |-> <<>>,
           cancelTodo |-> {},
           high |-> 5,
           pc |-> "idle",
           deleteMin |-> 5,
           lastRange |-> 0,
           deleteResult |-> "none",
           clearReader |-> 0,
           clearID |-> 0 ] >>,
  snaps |->
      << [ data |-> [readers |-> (0 :> <<>> @@ 1 :> <<>>), high |-> 5],
           owner |-> 0,
           epoch |-> 0,
           phase |-> "free",
           caller |-> "other" ],
         [ data |-> [readers |-> (0 :> <<>> @@ 1 :> <<>>), high |-> 5],
           owner |-> 0,
           epoch |-> 0,
           phase |-> "free",
           caller |-> "other" ] >>,
  pub |->
      << [ owner |-> 1,
           epoch |-> 1,
           key |-> 5,
           group |-> "g1",
           kind |-> "Workflow",
           phase |-> "committed",
           reply |-> "ok",
           pending |-> FALSE ],
         [ owner |-> 1,
           epoch |-> 1,
           key |-> 6,
           group |-> "g2",
           kind |-> "Activity",
           phase |-> "committed",
           reply |-> "ok",
           pending |-> FALSE ],
         [ owner |-> 1,
           epoch |-> 1,
           key |-> 7,
           group |-> "g1",
           kind |-> "Activity",
           phase |-> "committed",
           reply |-> "ok",
           pending |-> FALSE ] >>,
  ex |->
      << [ terminal |-> FALSE,
           owner |-> 1,
           task |-> 1,
           state |-> "pending",
           pc |-> "ready",
           unexpected |-> 0,
           result |-> "none" ],
         [ terminal |-> FALSE,
           owner |-> 1,
           task |-> 2,
           state |-> "acked",
           pc |-> "idle",
           unexpected |-> 0,
           result |-> "accepted" ],
         [ terminal |-> FALSE,
           owner |-> 0,
           task |-> 0,
           state |-> "free",
           pc |-> "idle",
           unexpected |-> 0,
           result |-> "none" ],
         [ terminal |-> FALSE,
           owner |-> 0,
           task |-> 0,
           state |-> "free",
           pc |-> "idle",
           unexpected |-> 0,
           result |-> "none" ],
         [ terminal |-> FALSE,
           owner |-> 0,
           task |-> 0,
           state |-> "free",
           pc |-> "idle",
           unexpected |-> 0,
           result |-> "none" ],
         [ terminal |-> FALSE,
           owner |-> 0,
           task |-> 0,
           state |-> "free",
           pc |-> "idle",
           unexpected |-> 0,
           result |-> "none" ] >>,
  notice |-> <<FALSE, FALSE>> ]

State 30: <TraceNext line 529, col 14 to line 529, col 47 of module Trace>
/\ l = 31
/\ s = [ db |->
      [ rows |-> {1, 2, 3},
        workflow |-> {1, 2, 3},
        published |-> {1, 2, 3},
        matching |-> {2},
        started |-> {},
        obsolete |-> {},
        terminal |-> {},
        dlq |-> {},
        completed |-> {},
        deleted |-> {},
        acked |-> {2},
        protected |-> {<<1, 1>>},
        queue |-> [readers |-> (0 :> <<>> @@ 1 :> <<>>), high |-> 5],
        range |-> 1,
        owner |-> 1 ],
  own |->
      << [ renewData |-> [readers |-> (0 :> <<>> @@ 1 :> <<>>), high |-> 5],
           fresh |-> FALSE,
           epoch |-> 1,
           mode |-> "active",
           next |-> 8,
           renewPC |-> "idle",
           expected |-> 0 ],
         [ renewData |-> [readers |-> (0 :> <<>> @@ 1 :> <<>>), high |-> 5],
           fresh |-> FALSE,
           epoch |-> 0,
           mode |-> "absent",
           next |-> 0,
           renewPC |-> "idle",
           expected |-> 0 ] >>,
  q |->
      << [ lists |->
               ( 0 :>
                     << [ pred |-> {"g2"},
                          iters |-> {[lo |-> 7, hi |-> 8]},
                          tracked |-> {},
                          id |-> 3,
                          lo |-> 7,
                          hi |-> 8 ] >> @@
                 1 :> <<>> ),
           cursor |-> (0 :> 3 @@ 1 :> 0),
           detached |->
               ( 0 :>
                     [ pred |-> {},
                       iters |-> {},
                       tracked |-> {},
                       id |-> 0,
                       lo |-> 0,
                       hi |-> 0 ] @@
                 1 :>
                     [ pred |-> {},
                       iters |-> {},
                       tracked |-> {},
                       id |-> 0,
                       lo |-> 0,
                       hi |-> 0 ] ),
           captured |-> [readers |-> (0 :> <<>> @@ 1 :> <<>>), high |-> 5],
           memory |-> [readers |-> (0 :> <<>> @@ 1 :> <<>>), high |-> 5],
           moveGroups |-> {"g1"},
           moved |->
               << [ pred |-> {"g1"},
                    iters |-> {},
                    tracked |-> {1},
                    id |-> 4,
                    lo |-> 5,
                    hi |-> 6 ],
                  [ pred |-> {"g1"},
                    iters |-> {[lo |-> 7, hi |-> 8]},
                    tracked |-> {},
                    id |-> 5,
                    lo |-> 7,
                    hi |-> 8 ] >>,
           cancelTodo |-> {},
           high |-> 8,
           pc |-> "moveMerge",
           deleteMin |-> 5,
           lastRange |-> 0,
           deleteResult |-> "none",
           clearReader |-> 0,
           clearID |-> 0 ],
         [ lists |-> (0 :> <<>> @@ 1 :> <<>>),
           cursor |-> (0 :> 0 @@ 1 :> 0),
           detached |->
               ( 0 :>
                     [ pred |-> {},
                       iters |-> {},
                       tracked |-> {},
                       id |-> 0,
                       lo |-> 0,
                       hi |-> 0 ] @@
                 1 :>
                     [ pred |-> {},
                       iters |-> {},
                       tracked |-> {},
                       id |-> 0,
                       lo |-> 0,
                       hi |-> 0 ] ),
           captured |-> [readers |-> (0 :> <<>> @@ 1 :> <<>>), high |-> 5],
           memory |-> [readers |-> (0 :> <<>> @@ 1 :> <<>>), high |-> 5],
           moveGroups |-> {},
           moved |-> <<>>,
           cancelTodo |-> {},
           high |-> 5,
           pc |-> "idle",
           deleteMin |-> 5,
           lastRange |-> 0,
           deleteResult |-> "none",
           clearReader |-> 0,
           clearID |-> 0 ] >>,
  snaps |->
      << [ data |-> [readers |-> (0 :> <<>> @@ 1 :> <<>>), high |-> 5],
           owner |-> 0,
           epoch |-> 0,
           phase |-> "free",
           caller |-> "other" ],
         [ data |-> [readers |-> (0 :> <<>> @@ 1 :> <<>>), high |-> 5],
           owner |-> 0,
           epoch |-> 0,
           phase |-> "free",
           caller |-> "other" ] >>,
  pub |->
      << [ owner |-> 1,
           epoch |-> 1,
           key |-> 5,
           group |-> "g1",
           kind |-> "Workflow",
           phase |-> "committed",
           reply |-> "ok",
           pending |-> FALSE ],
         [ owner |-> 1,
           epoch |-> 1,
           key |-> 6,
           group |-> "g2",
           kind |-> "Activity",
           phase |-> "committed",
           reply |-> "ok",
           pending |-> FALSE ],
         [ owner |-> 1,
           epoch |-> 1,
           key |-> 7,
           group |-> "g1",
           kind |-> "Activity",
           phase |-> "committed",
           reply |-> "ok",
           pending |-> FALSE ] >>,
  ex |->
      << [ terminal |-> FALSE,
           owner |-> 1,
           task |-> 1,
           state |-> "pending",
           pc |-> "ready",
           unexpected |-> 0,
           result |-> "none" ],
         [ terminal |-> FALSE,
           owner |-> 1,
           task |-> 2,
           state |-> "acked",
           pc |-> "idle",
           unexpected |-> 0,
           result |-> "accepted" ],
         [ terminal |-> FALSE,
           owner |-> 0,
           task |-> 0,
           state |-> "free",
           pc |-> "idle",
           unexpected |-> 0,
           result |-> "none" ],
         [ terminal |-> FALSE,
           owner |-> 0,
           task |-> 0,
           state |-> "free",
           pc |-> "idle",
           unexpected |-> 0,
           result |-> "none" ],
         [ terminal |-> FALSE,
           owner |-> 0,
           task |-> 0,
           state |-> "free",
           pc |-> "idle",
           unexpected |-> 0,
           result |-> "none" ],
         [ terminal |-> FALSE,
           owner |-> 0,
           task |-> 0,
           state |-> "free",
           pc |-> "idle",
           unexpected |-> 0,
           result |-> "none" ] >>,
  notice |-> <<FALSE, FALSE>> ]

State 31: <TraceNext line 529, col 14 to line 529, col 47 of module Trace>
/\ l = 32
/\ s = [ db |->
      [ rows |-> {1, 2, 3},
        workflow |-> {1, 2, 3},
        published |-> {1, 2, 3},
        matching |-> {2},
        started |-> {},
        obsolete |-> {},
        terminal |-> {},
        dlq |-> {},
        completed |-> {},
        deleted |-> {},
        acked |-> {2},
        protected |-> {<<1, 1>>},
        queue |-> [readers |-> (0 :> <<>> @@ 1 :> <<>>), high |-> 5],
        range |-> 1,
        owner |-> 1 ],
  own |->
      << [ renewData |-> [readers |-> (0 :> <<>> @@ 1 :> <<>>), high |-> 5],
           fresh |-> FALSE,
           epoch |-> 1,
           mode |-> "active",
           next |-> 8,
           renewPC |-> "idle",
           expected |-> 0 ],
         [ renewData |-> [readers |-> (0 :> <<>> @@ 1 :> <<>>), high |-> 5],
           fresh |-> FALSE,
           epoch |-> 0,
           mode |-> "absent",
           next |-> 0,
           renewPC |-> "idle",
           expected |-> 0 ] >>,
  q |->
      << [ lists |->
               ( 0 :>
                     << [ pred |-> {"g2"},
                          iters |-> {[lo |-> 7, hi |-> 8]},
                          tracked |-> {},
                          id |-> 3,
                          lo |-> 7,
                          hi |-> 8 ] >> @@
                 1 :>
                     << [ pred |-> {"g1"},
                          iters |-> {},
                          tracked |-> {1},
                          id |-> 1,
                          lo |-> 5,
                          hi |-> 6 ],
                        [ pred |-> {"g1"},
                          iters |-> {[lo |-> 7, hi |-> 8]},
                          tracked |-> {},
                          id |-> 2,
                          lo |-> 7,
                          hi |-> 8 ] >> ),
           cursor |-> (0 :> 3 @@ 1 :> 2),
           detached |->
               ( 0 :>
                     [ pred |-> {},
                       iters |-> {},
                       tracked |-> {},
                       id |-> 0,
                       lo |-> 0,
                       hi |-> 0 ] @@
                 1 :>
                     [ pred |-> {},
                       iters |-> {},
                       tracked |-> {},
                       id |-> 0,
                       lo |-> 0,
                       hi |-> 0 ] ),
           captured |-> [readers |-> (0 :> <<>> @@ 1 :> <<>>), high |-> 5],
           memory |-> [readers |-> (0 :> <<>> @@ 1 :> <<>>), high |-> 5],
           moveGroups |-> {"g1"},
           moved |-> <<>>,
           cancelTodo |-> {},
           high |-> 8,
           pc |-> "scope0",
           deleteMin |-> 5,
           lastRange |-> 0,
           deleteResult |-> "none",
           clearReader |-> 0,
           clearID |-> 0 ],
         [ lists |-> (0 :> <<>> @@ 1 :> <<>>),
           cursor |-> (0 :> 0 @@ 1 :> 0),
           detached |->
               ( 0 :>
                     [ pred |-> {},
                       iters |-> {},
                       tracked |-> {},
                       id |-> 0,
                       lo |-> 0,
                       hi |-> 0 ] @@
                 1 :>
                     [ pred |-> {},
                       iters |-> {},
                       tracked |-> {},
                       id |-> 0,
                       lo |-> 0,
                       hi |-> 0 ] ),
           captured |-> [readers |-> (0 :> <<>> @@ 1 :> <<>>), high |-> 5],
           memory |-> [readers |-> (0 :> <<>> @@ 1 :> <<>>), high |-> 5],
           moveGroups |-> {},
           moved |-> <<>>,
           cancelTodo |-> {},
           high |-> 5,
           pc |-> "idle",
           deleteMin |-> 5,
           lastRange |-> 0,
           deleteResult |-> "none",
           clearReader |-> 0,
           clearID |-> 0 ] >>,
  snaps |->
      << [ data |-> [readers |-> (0 :> <<>> @@ 1 :> <<>>), high |-> 5],
           owner |-> 0,
           epoch |-> 0,
           phase |-> "free",
           caller |-> "other" ],
         [ data |-> [readers |-> (0 :> <<>> @@ 1 :> <<>>), high |-> 5],
           owner |-> 0,
           epoch |-> 0,
           phase |-> "free",
           caller |-> "other" ] >>,
  pub |->
      << [ owner |-> 1,
           epoch |-> 1,
           key |-> 5,
           group |-> "g1",
           kind |-> "Workflow",
           phase |-> "committed",
           reply |-> "ok",
           pending |-> FALSE ],
         [ owner |-> 1,
           epoch |-> 1,
           key |-> 6,
           group |-> "g2",
           kind |-> "Activity",
           phase |-> "committed",
           reply |-> "ok",
           pending |-> FALSE ],
         [ owner |-> 1,
           epoch |-> 1,
           key |-> 7,
           group |-> "g1",
           kind |-> "Activity",
           phase |-> "committed",
           reply |-> "ok",
           pending |-> FALSE ] >>,
  ex |->
      << [ terminal |-> FALSE,
           owner |-> 1,
           task |-> 1,
           state |-> "pending",
           pc |-> "ready",
           unexpected |-> 0,
           result |-> "none" ],
         [ terminal |-> FALSE,
           owner |-> 1,
           task |-> 2,
           state |-> "acked",
           pc |-> "idle",
           unexpected |-> 0,
           result |-> "accepted" ],
         [ terminal |-> FALSE,
           owner |-> 0,
           task |-> 0,
           state |-> "free",
           pc |-> "idle",
           unexpected |-> 0,
           result |-> "none" ],
         [ terminal |-> FALSE,
           owner |-> 0,
           task |-> 0,
           state |-> "free",
           pc |-> "idle",
           unexpected |-> 0,
           result |-> "none" ],
         [ terminal |-> FALSE,
           owner |-> 0,
           task |-> 0,
           state |-> "free",
           pc |-> "idle",
           unexpected |-> 0,
           result |-> "none" ],
         [ terminal |-> FALSE,
           owner |-> 0,
           task |-> 0,
           state |-> "free",
           pc |-> "idle",
           unexpected |-> 0,
           result |-> "none" ] >>,
  notice |-> <<FALSE, FALSE>> ]

State 32: <TraceNext line 529, col 14 to line 529, col 47 of module Trace>
/\ l = 33
/\ s = [ db |->
      [ rows |-> {1, 2, 3},
        workflow |-> {1, 2, 3},
        published |-> {1, 2, 3},
        matching |-> {2},
        started |-> {},
        obsolete |-> {},
        terminal |-> {},
        dlq |-> {},
        completed |-> {},
        deleted |-> {},
        acked |-> {2},
        protected |-> {<<1, 1>>},
        queue |-> [readers |-> (0 :> <<>> @@ 1 :> <<>>), high |-> 5],
        range |-> 1,
        owner |-> 1 ],
  own |->
      << [ renewData |-> [readers |-> (0 :> <<>> @@ 1 :> <<>>), high |-> 5],
           fresh |-> FALSE,
           epoch |-> 1,
           mode |-> "active",
           next |-> 8,
           renewPC |-> "idle",
           expected |-> 0 ],
         [ renewData |-> [readers |-> (0 :> <<>> @@ 1 :> <<>>), high |-> 5],
           fresh |-> FALSE,
           epoch |-> 0,
           mode |-> "absent",
           next |-> 0,
           renewPC |-> "idle",
           expected |-> 0 ] >>,
  q |->
      << [ lists |->
               ( 0 :>
                     << [ pred |-> {"g2"},
                          iters |-> {[lo |-> 7, hi |-> 8]},
                          tracked |-> {},
                          id |-> 3,
                          lo |-> 7,
                          hi |-> 8 ] >> @@
                 1 :>
                     << [ pred |-> {"g1"},
                          iters |-> {},
                          tracked |-> {1},
                          id |-> 1,
                          lo |-> 5,
                          hi |-> 6 ],
                        [ pred |-> {"g1"},
                          iters |-> {[lo |-> 7, hi |-> 8]},
                          tracked |-> {},
                          id |-> 2,
                          lo |-> 7,
                          hi |-> 8 ] >> ),
           cursor |-> (0 :> 3 @@ 1 :> 2),
           detached |->
               ( 0 :>
                     [ pred |-> {},
                       iters |-> {},
                       tracked |-> {},
                       id |-> 0,
                       lo |-> 0,
                       hi |-> 0 ] @@
                 1 :>
                     [ pred |-> {},
                       iters |-> {},
                       tracked |-> {},
                       id |-> 0,
                       lo |-> 0,
                       hi |-> 0 ] ),
           captured |->
               [ readers |->
                     ( 0 :> <<[pred |-> {"g2"}, lo |-> 7, hi |-> 8]>> @@
                       1 :> <<>> ),
                 high |-> 8 ],
           memory |-> [readers |-> (0 :> <<>> @@ 1 :> <<>>), high |-> 5],
           moveGroups |-> {"g1"},
           moved |-> <<>>,
           cancelTodo |-> {},
           high |-> 8,
           pc |-> "scope1",
           deleteMin |-> 5,
           lastRange |-> 0,
           deleteResult |-> "none",
           clearReader |-> 0,
           clearID |-> 0 ],
         [ lists |-> (0 :> <<>> @@ 1 :> <<>>),
           cursor |-> (0 :> 0 @@ 1 :> 0),
           detached |->
               ( 0 :>
                     [ pred |-> {},
                       iters |-> {},
                       tracked |-> {},
                       id |-> 0,
                       lo |-> 0,
                       hi |-> 0 ] @@
                 1 :>
                     [ pred |-> {},
                       iters |-> {},
                       tracked |-> {},
                       id |-> 0,
                       lo |-> 0,
                       hi |-> 0 ] ),
           captured |-> [readers |-> (0 :> <<>> @@ 1 :> <<>>), high |-> 5],
           memory |-> [readers |-> (0 :> <<>> @@ 1 :> <<>>), high |-> 5],
           moveGroups |-> {},
           moved |-> <<>>,
           cancelTodo |-> {},
           high |-> 5,
           pc |-> "idle",
           deleteMin |-> 5,
           lastRange |-> 0,
           deleteResult |-> "none",
           clearReader |-> 0,
           clearID |-> 0 ] >>,
  snaps |->
      << [ data |-> [readers |-> (0 :> <<>> @@ 1 :> <<>>), high |-> 5],
           owner |-> 0,
           epoch |-> 0,
           phase |-> "free",
           caller |-> "other" ],
         [ data |-> [readers |-> (0 :> <<>> @@ 1 :> <<>>), high |-> 5],
           owner |-> 0,
           epoch |-> 0,
           phase |-> "free",
           caller |-> "other" ] >>,
  pub |->
      << [ owner |-> 1,
           epoch |-> 1,
           key |-> 5,
           group |-> "g1",
           kind |-> "Workflow",
           phase |-> "committed",
           reply |-> "ok",
           pending |-> FALSE ],
         [ owner |-> 1,
           epoch |-> 1,
           key |-> 6,
           group |-> "g2",
           kind |-> "Activity",
           phase |-> "committed",
           reply |-> "ok",
           pending |-> FALSE ],
         [ owner |-> 1,
           epoch |-> 1,
           key |-> 7,
           group |-> "g1",
           kind |-> "Activity",
           phase |-> "committed",
           reply |-> "ok",
           pending |-> FALSE ] >>,
  ex |->
      << [ terminal |-> FALSE,
           owner |-> 1,
           task |-> 1,
           state |-> "pending",
           pc |-> "ready",
           unexpected |-> 0,
           result |-> "none" ],
         [ terminal |-> FALSE,
           owner |-> 1,
           task |-> 2,
           state |-> "acked",
           pc |-> "idle",
           unexpected |-> 0,
           result |-> "accepted" ],
         [ terminal |-> FALSE,
           owner |-> 0,
           task |-> 0,
           state |-> "free",
           pc |-> "idle",
           unexpected |-> 0,
           result |-> "none" ],
         [ terminal |-> FALSE,
           owner |-> 0,
           task |-> 0,
           state |-> "free",
           pc |-> "idle",
           unexpected |-> 0,
           result |-> "none" ],
         [ terminal |-> FALSE,
           owner |-> 0,
           task |-> 0,
           state |-> "free",
           pc |-> "idle",
           unexpected |-> 0,
           result |-> "none" ],
         [ terminal |-> FALSE,
           owner |-> 0,
           task |-> 0,
           state |-> "free",
           pc |-> "idle",
           unexpected |-> 0,
           result |-> "none" ] >>,
  notice |-> <<FALSE, FALSE>> ]

State 33: <TraceNext line 529, col 14 to line 529, col 47 of module Trace>
/\ l = 34
/\ s = [ db |->
      [ rows |-> {1, 2, 3},
        workflow |-> {1, 2, 3},
        published |-> {1, 2, 3},
        matching |-> {2},
        started |-> {},
        obsolete |-> {},
        terminal |-> {},
        dlq |-> {},
        completed |-> {},
        deleted |-> {},
        acked |-> {2},
        protected |-> {<<1, 1>>},
        queue |-> [readers |-> (0 :> <<>> @@ 1 :> <<>>), high |-> 5],
        range |-> 1,
        owner |-> 1 ],
  own |->
      << [ renewData |-> [readers |-> (0 :> <<>> @@ 1 :> <<>>), high |-> 5],
           fresh |-> FALSE,
           epoch |-> 1,
           mode |-> "active",
           next |-> 8,
           renewPC |-> "idle",
           expected |-> 0 ],
         [ renewData |-> [readers |-> (0 :> <<>> @@ 1 :> <<>>), high |-> 5],
           fresh |-> FALSE,
           epoch |-> 0,
           mode |-> "absent",
           next |-> 0,
           renewPC |-> "idle",
           expected |-> 0 ] >>,
  q |->
      << [ lists |->
               ( 0 :>
                     << [ pred |-> {"g2"},
                          iters |-> {[lo |-> 7, hi |-> 8]},
                          tracked |-> {},
                          id |-> 3,
                          lo |-> 7,
                          hi |-> 8 ] >> @@
                 1 :>
                     << [ pred |-> {"g1"},
                          iters |-> {},
                          tracked |-> {1},
                          id |-> 1,
                          lo |-> 5,
                          hi |-> 6 ],
                        [ pred |-> {"g1"},
                          iters |-> {[lo |-> 7, hi |-> 8]},
                          tracked |-> {},
                          id |-> 2,
                          lo |-> 7,
                          hi |-> 8 ] >> ),
           cursor |-> (0 :> 3 @@ 1 :> 2),
           detached |->
               ( 0 :>
                     [ pred |-> {},
                       iters |-> {},
                       tracked |-> {},
                       id |-> 0,
                       lo |-> 0,
                       hi |-> 0 ] @@
                 1 :>
                     [ pred |-> {},
                       iters |-> {},
                       tracked |-> {},
                       id |-> 0,
                       lo |-> 0,
                       hi |-> 0 ] ),
           captured |->
               [ readers |->
                     ( 0 :> <<[pred |-> {"g2"}, lo |-> 7, hi |-> 8]>> @@
                       1 :>
                           << [pred |-> {"g1"}, lo |-> 5, hi |-> 6],
                              [pred |-> {"g1"}, lo |-> 7, hi |-> 8] >> ),
                 high |-> 8 ],
           memory |-> [readers |-> (0 :> <<>> @@ 1 :> <<>>), high |-> 5],
           moveGroups |-> {"g1"},
           moved |-> <<>>,
           cancelTodo |-> {},
           high |-> 8,
           pc |-> "deleteBegin",
           deleteMin |-> 5,
           lastRange |-> 0,
           deleteResult |-> "none",
           clearReader |-> 0,
           clearID |-> 0 ],
         [ lists |-> (0 :> <<>> @@ 1 :> <<>>),
           cursor |-> (0 :> 0 @@ 1 :> 0),
           detached |->
               ( 0 :>
                     [ pred |-> {},
                       iters |-> {},
                       tracked |-> {},
                       id |-> 0,
                       lo |-> 0,
                       hi |-> 0 ] @@
                 1 :>
                     [ pred |-> {},
                       iters |-> {},
                       tracked |-> {},
                       id |-> 0,
                       lo |-> 0,
                       hi |-> 0 ] ),
           captured |-> [readers |-> (0 :> <<>> @@ 1 :> <<>>), high |-> 5],
           memory |-> [readers |-> (0 :> <<>> @@ 1 :> <<>>), high |-> 5],
           moveGroups |-> {},
           moved |-> <<>>,
           cancelTodo |-> {},
           high |-> 5,
           pc |-> "idle",
           deleteMin |-> 5,
           lastRange |-> 0,
           deleteResult |-> "none",
           clearReader |-> 0,
           clearID |-> 0 ] >>,
  snaps |->
      << [ data |-> [readers |-> (0 :> <<>> @@ 1 :> <<>>), high |-> 5],
           owner |-> 0,
           epoch |-> 0,
           phase |-> "free",
           caller |-> "other" ],
         [ data |-> [readers |-> (0 :> <<>> @@ 1 :> <<>>), high |-> 5],
           owner |-> 0,
           epoch |-> 0,
           phase |-> "free",
           caller |-> "other" ] >>,
  pub |->
      << [ owner |-> 1,
           epoch |-> 1,
           key |-> 5,
           group |-> "g1",
           kind |-> "Workflow",
           phase |-> "committed",
           reply |-> "ok",
           pending |-> FALSE ],
         [ owner |-> 1,
           epoch |-> 1,
           key |-> 6,
           group |-> "g2",
           kind |-> "Activity",
           phase |-> "committed",
           reply |-> "ok",
           pending |-> FALSE ],
         [ owner |-> 1,
           epoch |-> 1,
           key |-> 7,
           group |-> "g1",
           kind |-> "Activity",
           phase |-> "committed",
           reply |-> "ok",
           pending |-> FALSE ] >>,
  ex |->
      << [ terminal |-> FALSE,
           owner |-> 1,
           task |-> 1,
           state |-> "pending",
           pc |-> "ready",
           unexpected |-> 0,
           result |-> "none" ],
         [ terminal |-> FALSE,
           owner |-> 1,
           task |-> 2,
           state |-> "acked",
           pc |-> "idle",
           unexpected |-> 0,
           result |-> "accepted" ],
         [ terminal |-> FALSE,
           owner |-> 0,
           task |-> 0,
           state |-> "free",
           pc |-> "idle",
           unexpected |-> 0,
           result |-> "none" ],
         [ terminal |-> FALSE,
           owner |-> 0,
           task |-> 0,
           state |-> "free",
           pc |-> "idle",
           unexpected |-> 0,
           result |-> "none" ],
         [ terminal |-> FALSE,
           owner |-> 0,
           task |-> 0,
           state |-> "free",
           pc |-> "idle",
           unexpected |-> 0,
           result |-> "none" ],
         [ terminal |-> FALSE,
           owner |-> 0,
           task |-> 0,
           state |-> "free",
           pc |-> "idle",
           unexpected |-> 0,
           result |-> "none" ] >>,
  notice |-> <<FALSE, FALSE>> ]

State 34: <TraceNext line 529, col 14 to line 529, col 47 of module Trace>
/\ l = 35
/\ s = [ db |->
      [ rows |-> {1, 2, 3},
        workflow |-> {1, 2, 3},
        published |-> {1, 2, 3},
        matching |-> {2},
        started |-> {},
        obsolete |-> {},
        terminal |-> {},
        dlq |-> {},
        completed |-> {},
        deleted |-> {},
        acked |-> {2},
        protected |-> {<<1, 1>>},
        queue |-> [readers |-> (0 :> <<>> @@ 1 :> <<>>), high |-> 5],
        range |-> 1,
        owner |-> 1 ],
  own |->
      << [ renewData |-> [readers |-> (0 :> <<>> @@ 1 :> <<>>), high |-> 5],
           fresh |-> FALSE,
           epoch |-> 1,
           mode |-> "active",
           next |-> 8,
           renewPC |-> "idle",
           expected |-> 0 ],
         [ renewData |-> [readers |-> (0 :> <<>> @@ 1 :> <<>>), high |-> 5],
           fresh |-> FALSE,
           epoch |-> 0,
           mode |-> "absent",
           next |-> 0,
           renewPC |-> "idle",
           expected |-> 0 ] >>,
  q |->
      << [ lists |->
               ( 0 :>
                     << [ pred |-> {"g2"},
                          iters |-> {[lo |-> 7, hi |-> 8]},
                          tracked |-> {},
                          id |-> 3,
                          lo |-> 7,
                          hi |-> 8 ] >> @@
                 1 :>
                     << [ pred |-> {"g1"},
                          iters |-> {},
                          tracked |-> {1},
                          id |-> 1,
                          lo |-> 5,
                          hi |-> 6 ],
                        [ pred |-> {"g1"},
                          iters |-> {[lo |-> 7, hi |-> 8]},
                          tracked |-> {},
                          id |-> 2,
                          lo |-> 7,
                          hi |-> 8 ] >> ),
           cursor |-> (0 :> 3 @@ 1 :> 2),
           detached |->
               ( 0 :>
                     [ pred |-> {},
                       iters |-> {},
                       tracked |-> {},
                       id |-> 0,
                       lo |-> 0,
                       hi |-> 0 ] @@
                 1 :>
                     [ pred |-> {},
                       iters |-> {},
                       tracked |-> {},
                       id |-> 0,
                       lo |-> 0,
                       hi |-> 0 ] ),
           captured |->
               [ readers |->
                     ( 0 :> <<[pred |-> {"g2"}, lo |-> 7, hi |-> 8]>> @@
                       1 :>
                           << [pred |-> {"g1"}, lo |-> 5, hi |-> 6],
                              [pred |-> {"g1"}, lo |-> 7, hi |-> 8] >> ),
                 high |-> 8 ],
           memory |-> [readers |-> (0 :> <<>> @@ 1 :> <<>>), high |-> 5],
           moveGroups |-> {"g1"},
           moved |-> <<>>,
           cancelTodo |-> {},
           high |-> 8,
           pc |-> "deleteStore",
           deleteMin |-> 5,
           lastRange |-> 1,
           deleteResult |-> "none",
           clearReader |-> 0,
           clearID |-> 0 ],
         [ lists |-> (0 :> <<>> @@ 1 :> <<>>),
           cursor |-> (0 :> 0 @@ 1 :> 0),
           detached |->
               ( 0 :>
                     [ pred |-> {},
                       iters |-> {},
                       tracked |-> {},
                       id |-> 0,
                       lo |-> 0,
                       hi |-> 0 ] @@
                 1 :>
                     [ pred |-> {},
                       iters |-> {},
                       tracked |-> {},
                       id |-> 0,
                       lo |-> 0,
                       hi |-> 0 ] ),
           captured |-> [readers |-> (0 :> <<>> @@ 1 :> <<>>), high |-> 5],
           memory |-> [readers |-> (0 :> <<>> @@ 1 :> <<>>), high |-> 5],
           moveGroups |-> {},
           moved |-> <<>>,
           cancelTodo |-> {},
           high |-> 5,
           pc |-> "idle",
           deleteMin |-> 5,
           lastRange |-> 0,
           deleteResult |-> "none",
           clearReader |-> 0,
           clearID |-> 0 ] >>,
  snaps |->
      << [ data |-> [readers |-> (0 :> <<>> @@ 1 :> <<>>), high |-> 5],
           owner |-> 0,
           epoch |-> 0,
           phase |-> "free",
           caller |-> "other" ],
         [ data |-> [readers |-> (0 :> <<>> @@ 1 :> <<>>), high |-> 5],
           owner |-> 0,
           epoch |-> 0,
           phase |-> "free",
           caller |-> "other" ] >>,
  pub |->
      << [ owner |-> 1,
           epoch |-> 1,
           key |-> 5,
           group |-> "g1",
           kind |-> "Workflow",
           phase |-> "committed",
           reply |-> "ok",
           pending |-> FALSE ],
         [ owner |-> 1,
           epoch |-> 1,
           key |-> 6,
           group |-> "g2",
           kind |-> "Activity",
           phase |-> "committed",
           reply |-> "ok",
           pending |-> FALSE ],
         [ owner |-> 1,
           epoch |-> 1,
           key |-> 7,
           group |-> "g1",
           kind |-> "Activity",
           phase |-> "committed",
           reply |-> "ok",
           pending |-> FALSE ] >>,
  ex |->
      << [ terminal |-> FALSE,
           owner |-> 1,
           task |-> 1,
           state |-> "pending",
           pc |-> "ready",
           unexpected |-> 0,
           result |-> "none" ],
         [ terminal |-> FALSE,
           owner |-> 1,
           task |-> 2,
           state |-> "acked",
           pc |-> "idle",
           unexpected |-> 0,
           result |-> "accepted" ],
         [ terminal |-> FALSE,
           owner |-> 0,
           task |-> 0,
           state |-> "free",
           pc |-> "idle",
           unexpected |-> 0,
           result |-> "none" ],
         [ terminal |-> FALSE,
           owner |-> 0,
           task |-> 0,
           state |-> "free",
           pc |-> "idle",
           unexpected |-> 0,
           result |-> "none" ],
         [ terminal |-> FALSE,
           owner |-> 0,
           task |-> 0,
           state |-> "free",
           pc |-> "idle",
           unexpected |-> 0,
           result |-> "none" ],
         [ terminal |-> FALSE,
           owner |-> 0,
           task |-> 0,
           state |-> "free",
           pc |-> "idle",
           unexpected |-> 0,
           result |-> "none" ] >>,
  notice |-> <<FALSE, FALSE>> ]

State 35: <TraceNext line 529, col 14 to line 529, col 47 of module Trace>
/\ l = 36
/\ s = [ db |->
      [ rows |-> {1, 2, 3},
        workflow |-> {1, 2, 3},
        published |-> {1, 2, 3},
        matching |-> {2},
        started |-> {},
        obsolete |-> {},
        terminal |-> {},
        dlq |-> {},
        completed |-> {},
        deleted |-> {},
        acked |-> {2},
        protected |-> {<<1, 1>>},
        queue |-> [readers |-> (0 :> <<>> @@ 1 :> <<>>), high |-> 5],
        range |-> 1,
        owner |-> 1 ],
  own |->
      << [ renewData |-> [readers |-> (0 :> <<>> @@ 1 :> <<>>), high |-> 5],
           fresh |-> FALSE,
           epoch |-> 1,
           mode |-> "active",
           next |-> 8,
           renewPC |-> "idle",
           expected |-> 0 ],
         [ renewData |-> [readers |-> (0 :> <<>> @@ 1 :> <<>>), high |-> 5],
           fresh |-> FALSE,
           epoch |-> 0,
           mode |-> "absent",
           next |-> 0,
           renewPC |-> "idle",
           expected |-> 0 ] >>,
  q |->
      << [ lists |->
               ( 0 :>
                     << [ pred |-> {"g2"},
                          iters |-> {[lo |-> 7, hi |-> 8]},
                          tracked |-> {},
                          id |-> 3,
                          lo |-> 7,
                          hi |-> 8 ] >> @@
                 1 :>
                     << [ pred |-> {"g1"},
                          iters |-> {},
                          tracked |-> {1},
                          id |-> 1,
                          lo |-> 5,
                          hi |-> 6 ],
                        [ pred |-> {"g1"},
                          iters |-> {[lo |-> 7, hi |-> 8]},
                          tracked |-> {},
                          id |-> 2,
                          lo |-> 7,
                          hi |-> 8 ] >> ),
           cursor |-> (0 :> 3 @@ 1 :> 2),
           detached |->
               ( 0 :>
                     [ pred |-> {},
                       iters |-> {},
                       tracked |-> {},
                       id |-> 0,
                       lo |-> 0,
                       hi |-> 0 ] @@
                 1 :>
                     [ pred |-> {},
                       iters |-> {},
                       tracked |-> {},
                       id |-> 0,
                       lo |-> 0,
                       hi |-> 0 ] ),
           captured |->
               [ readers |->
                     ( 0 :> <<[pred |-> {"g2"}, lo |-> 7, hi |-> 8]>> @@
                       1 :>
                           << [pred |-> {"g1"}, lo |-> 5, hi |-> 6],
                              [pred |-> {"g1"}, lo |-> 7, hi |-> 8] >> ),
                 high |-> 8 ],
           memory |-> [readers |-> (0 :> <<>> @@ 1 :> <<>>), high |-> 5],
           moveGroups |-> {"g1"},
           moved |-> <<>>,
           cancelTodo |-> {},
           high |-> 8,
           pc |-> "deleteReply",
           deleteMin |-> 5,
           lastRange |-> 1,
           deleteResult |-> "committed",
           clearReader |-> 0,
           clearID |-> 0 ],
         [ lists |-> (0 :> <<>> @@ 1 :> <<>>),
           cursor |-> (0 :> 0 @@ 1 :> 0),
           detached |->
               ( 0 :>
                     [ pred |-> {},
                       iters |-> {},
                       tracked |-> {},
                       id |-> 0,
                       lo |-> 0,
                       hi |-> 0 ] @@
                 1 :>
                     [ pred |-> {},
                       iters |-> {},
                       tracked |-> {},
                       id |-> 0,
                       lo |-> 0,
                       hi |-> 0 ] ),
           captured |-> [readers |-> (0 :> <<>> @@ 1 :> <<>>), high |-> 5],
           memory |-> [readers |-> (0 :> <<>> @@ 1 :> <<>>), high |-> 5],
           moveGroups |-> {},
           moved |-> <<>>,
           cancelTodo |-> {},
           high |-> 5,
           pc |-> "idle",
           deleteMin |-> 5,
           lastRange |-> 0,
           deleteResult |-> "none",
           clearReader |-> 0,
           clearID |-> 0 ] >>,
  snaps |->
      << [ data |-> [readers |-> (0 :> <<>> @@ 1 :> <<>>), high |-> 5],
           owner |-> 0,
           epoch |-> 0,
           phase |-> "free",
           caller |-> "other" ],
         [ data |-> [readers |-> (0 :> <<>> @@ 1 :> <<>>), high |-> 5],
           owner |-> 0,
           epoch |-> 0,
           phase |-> "free",
           caller |-> "other" ] >>,
  pub |->
      << [ owner |-> 1,
           epoch |-> 1,
           key |-> 5,
           group |-> "g1",
           kind |-> "Workflow",
           phase |-> "committed",
           reply |-> "ok",
           pending |-> FALSE ],
         [ owner |-> 1,
           epoch |-> 1,
           key |-> 6,
           group |-> "g2",
           kind |-> "Activity",
           phase |-> "committed",
           reply |-> "ok",
           pending |-> FALSE ],
         [ owner |-> 1,
           epoch |-> 1,
           key |-> 7,
           group |-> "g1",
           kind |-> "Activity",
           phase |-> "committed",
           reply |-> "ok",
           pending |-> FALSE ] >>,
  ex |->
      << [ terminal |-> FALSE,
           owner |-> 1,
           task |-> 1,
           state |-> "pending",
           pc |-> "ready",
           unexpected |-> 0,
           result |-> "none" ],
         [ terminal |-> FALSE,
           owner |-> 1,
           task |-> 2,
           state |-> "acked",
           pc |-> "idle",
           unexpected |-> 0,
           result |-> "accepted" ],
         [ terminal |-> FALSE,
           owner |-> 0,
           task |-> 0,
           state |-> "free",
           pc |-> "idle",
           unexpected |-> 0,
           result |-> "none" ],
         [ terminal |-> FALSE,
           owner |-> 0,
           task |-> 0,
           state |-> "free",
           pc |-> "idle",
           unexpected |-> 0,
           result |-> "none" ],
         [ terminal |-> FALSE,
           owner |-> 0,
           task |-> 0,
           state |-> "free",
           pc |-> "idle",
           unexpected |-> 0,
           result |-> "none" ],
         [ terminal |-> FALSE,
           owner |-> 0,
           task |-> 0,
           state |-> "free",
           pc |-> "idle",
           unexpected |-> 0,
           result |-> "none" ] >>,
  notice |-> <<FALSE, FALSE>> ]

State 36: <TraceNext line 529, col 14 to line 529, col 47 of module Trace>
/\ l = 37
/\ s = [ db |->
      [ rows |-> {1, 2, 3},
        workflow |-> {1, 2, 3},
        published |-> {1, 2, 3},
        matching |-> {2},
        started |-> {},
        obsolete |-> {},
        terminal |-> {},
        dlq |-> {},
        completed |-> {},
        deleted |-> {},
        acked |-> {2},
        protected |-> {<<1, 1>>},
        queue |-> [readers |-> (0 :> <<>> @@ 1 :> <<>>), high |-> 5],
        range |-> 1,
        owner |-> 1 ],
  own |->
      << [ renewData |-> [readers |-> (0 :> <<>> @@ 1 :> <<>>), high |-> 5],
           fresh |-> FALSE,
           epoch |-> 1,
           mode |-> "active",
           next |-> 8,
           renewPC |-> "idle",
           expected |-> 0 ],
         [ renewData |-> [readers |-> (0 :> <<>> @@ 1 :> <<>>), high |-> 5],
           fresh |-> FALSE,
           epoch |-> 0,
           mode |-> "absent",
           next |-> 0,
           renewPC |-> "idle",
           expected |-> 0 ] >>,
  q |->
      << [ lists |->
               ( 0 :>
                     << [ pred |-> {"g2"},
                          iters |-> {[lo |-> 7, hi |-> 8]},
                          tracked |-> {},
                          id |-> 3,
                          lo |-> 7,
                          hi |-> 8 ] >> @@
                 1 :>
                     << [ pred |-> {"g1"},
                          iters |-> {},
                          tracked |-> {1},
                          id |-> 1,
                          lo |-> 5,
                          hi |-> 6 ],
                        [ pred |-> {"g1"},
                          iters |-> {[lo |-> 7, hi |-> 8]},
                          tracked |-> {},
                          id |-> 2,
                          lo |-> 7,
                          hi |-> 8 ] >> ),
           cursor |-> (0 :> 3 @@ 1 :> 2),
           detached |->
               ( 0 :>
                     [ pred |-> {},
                       iters |-> {},
                       tracked |-> {},
                       id |-> 0,
                       lo |-> 0,
                       hi |-> 0 ] @@
                 1 :>
                     [ pred |-> {},
                       iters |-> {},
                       tracked |-> {},
                       id |-> 0,
                       lo |-> 0,
                       hi |-> 0 ] ),
           captured |->
               [ readers |->
                     ( 0 :> <<[pred |-> {"g2"}, lo |-> 7, hi |-> 8]>> @@
                       1 :>
                           << [pred |-> {"g1"}, lo |-> 5, hi |-> 6],
                              [pred |-> {"g1"}, lo |-> 7, hi |-> 8] >> ),
                 high |-> 8 ],
           memory |-> [readers |-> (0 :> <<>> @@ 1 :> <<>>), high |-> 5],
           moveGroups |-> {"g1"},
           moved |-> <<>>,
           cancelTodo |-> {},
           high |-> 8,
           pc |-> "setState",
           deleteMin |-> 5,
           lastRange |-> 1,
           deleteResult |-> "committed",
           clearReader |-> 0,
           clearID |-> 0 ],
         [ lists |-> (0 :> <<>> @@ 1 :> <<>>),
           cursor |-> (0 :> 0 @@ 1 :> 0),
           detached |->
               ( 0 :>
                     [ pred |-> {},
                       iters |-> {},
                       tracked |-> {},
                       id |-> 0,
                       lo |-> 0,
                       hi |-> 0 ] @@
                 1 :>
                     [ pred |-> {},
                       iters |-> {},
                       tracked |-> {},
                       id |-> 0,
                       lo |-> 0,
                       hi |-> 0 ] ),
           captured |-> [readers |-> (0 :> <<>> @@ 1 :> <<>>), high |-> 5],
           memory |-> [readers |-> (0 :> <<>> @@ 1 :> <<>>), high |-> 5],
           moveGroups |-> {},
           moved |-> <<>>,
           cancelTodo |-> {},
           high |-> 5,
           pc |-> "idle",
           deleteMin |-> 5,
           lastRange |-> 0,
           deleteResult |-> "none",
           clearReader |-> 0,
           clearID |-> 0 ] >>,
  snaps |->
      << [ data |-> [readers |-> (0 :> <<>> @@ 1 :> <<>>), high |-> 5],
           owner |-> 0,
           epoch |-> 0,
           phase |-> "free",
           caller |-> "other" ],
         [ data |-> [readers |-> (0 :> <<>> @@ 1 :> <<>>), high |-> 5],
           owner |-> 0,
           epoch |-> 0,
           phase |-> "free",
           caller |-> "other" ] >>,
  pub |->
      << [ owner |-> 1,
           epoch |-> 1,
           key |-> 5,
           group |-> "g1",
           kind |-> "Workflow",
           phase |-> "committed",
           reply |-> "ok",
           pending |-> FALSE ],
         [ owner |-> 1,
           epoch |-> 1,
           key |-> 6,
           group |-> "g2",
           kind |-> "Activity",
           phase |-> "committed",
           reply |-> "ok",
           pending |-> FALSE ],
         [ owner |-> 1,
           epoch |-> 1,
           key |-> 7,
           group |-> "g1",
           kind |-> "Activity",
           phase |-> "committed",
           reply |-> "ok",
           pending |-> FALSE ] >>,
  ex |->
      << [ terminal |-> FALSE,
           owner |-> 1,
           task |-> 1,
           state |-> "pending",
           pc |-> "ready",
           unexpected |-> 0,
           result |-> "none" ],
         [ terminal |-> FALSE,
           owner |-> 1,
           task |-> 2,
           state |-> "acked",
           pc |-> "idle",
           unexpected |-> 0,
           result |-> "accepted" ],
         [ terminal |-> FALSE,
           owner |-> 0,
           task |-> 0,
           state |-> "free",
           pc |-> "idle",
           unexpected |-> 0,
           result |-> "none" ],
         [ terminal |-> FALSE,
           owner |-> 0,
           task |-> 0,
           state |-> "free",
           pc |-> "idle",
           unexpected |-> 0,
           result |-> "none" ],
         [ terminal |-> FALSE,
           owner |-> 0,
           task |-> 0,
           state |-> "free",
           pc |-> "idle",
           unexpected |-> 0,
           result |-> "none" ],
         [ terminal |-> FALSE,
           owner |-> 0,
           task |-> 0,
           state |-> "free",
           pc |-> "idle",
           unexpected |-> 0,
           result |-> "none" ] >>,
  notice |-> <<FALSE, FALSE>> ]

State 37: Stuttering
Finished checking temporal properties in 00s at 2026-09-11 18:13:12
36 states generated, 36 distinct states found, 0 states left on queue.
The depth of the complete state graph search is 36.
Finished in 00s at (2026-09-11 18:13:12)
