source_path	destination_path	type	mode	mtime_ns	size	sha256	symlink_target	action	classification	reason	encoded
specula/runs/nvflare-job-lifecycle-20260914/nvflare-job-lifecycle/.specula-output/.tlc-tasks/jobs/02178347303a48729c7c9283985b01a0/request.json	.tlc-tasks/jobs/02178347303a48729c7c9283985b01a0/request.json	file	0664	1789399806726562380	804	8d3794b7ccb169e67e424484aaaa395cf819863b9d59da3bb64517f9a3a55554		copy	run-evidence		{}
specula/runs/nvflare-job-lifecycle-20260914/nvflare-job-lifecycle/.specula-output/.tlc-tasks/jobs/02178347303a48729c7c9283985b01a0/result.json	.tlc-tasks/jobs/02178347303a48729c7c9283985b01a0/result.json	file	0664	1789401607456805524	752	27c6f47c60d459be3ab457cc42dbdb86ca8a9499195394c70a0591c217300d00		copy	run-evidence		{}
specula/runs/nvflare-job-lifecycle-20260914/nvflare-job-lifecycle/.specula-output/.tlc-tasks/jobs/02178347303a48729c7c9283985b01a0/tlc.log	.tlc-tasks/jobs/02178347303a48729c7c9283985b01a0/tlc.log	file	0664	1789401547737487942	6577	f0a4a34132e6d8916f35a922caea34a846b36aa16749afc270cbdef9fb7c8b68		copy	run-evidence		{}
specula/runs/nvflare-job-lifecycle-20260914/nvflare-job-lifecycle/.specula-output/.tlc-tasks/jobs/0df8d2b97f1e4e719c17fd8ac02f1ab3/request.json	.tlc-tasks/jobs/0df8d2b97f1e4e719c17fd8ac02f1ab3/request.json	file	0664	1789397767820803393	765	d463900a5662d44759a286e151fc8ce47e38df0d6bced41aa7c9b73875a69b0f		copy	run-evidence		{}
specula/runs/nvflare-job-lifecycle-20260914/nvflare-job-lifecycle/.specula-output/.tlc-tasks/jobs/0df8d2b97f1e4e719c17fd8ac02f1ab3/result.json	.tlc-tasks/jobs/0df8d2b97f1e4e719c17fd8ac02f1ab3/result.json	file	0664	1789399573406459101	752	c0cd0e433e1b03edfbc35f7089069174e3996a59514aa1a2675e2950c5115233		copy	run-evidence		{}
specula/runs/nvflare-job-lifecycle-20260914/nvflare-job-lifecycle/.specula-output/.tlc-tasks/jobs/0df8d2b97f1e4e719c17fd8ac02f1ab3/tlc.log	.tlc-tasks/jobs/0df8d2b97f1e4e719c17fd8ac02f1ab3/tlc.log	file	0664	1789399515008138003	8684	89631c5ff3f15ce4691af41569ff59dd5fd37169603e9ebb560bc1e1934f5afa		copy	run-evidence		{}
specula/runs/nvflare-job-lifecycle-20260914/nvflare-job-lifecycle/.specula-output/.tlc-tasks/jobs/12b2adfea33945b4b7c6664d1899c1b3/request.json	.tlc-tasks/jobs/12b2adfea33945b4b7c6664d1899c1b3/request.json	file	0664	1789400560199006662	841	a26c6df0c379506125569e275b0c38f402fd5167c609262c8b3840ccec3386d6		copy	run-evidence		{}
specula/runs/nvflare-job-lifecycle-20260914/nvflare-job-lifecycle/.specula-output/.tlc-tasks/jobs/12b2adfea33945b4b7c6664d1899c1b3/result.json	.tlc-tasks/jobs/12b2adfea33945b4b7c6664d1899c1b3/result.json	file	0664	1789402360847175383	751	480bd8d5a1ddbc1e88223643a116fd14f2f2f59e692910e722c077a14502827a		copy	run-evidence		{}
specula/runs/nvflare-job-lifecycle-20260914/nvflare-job-lifecycle/.specula-output/.tlc-tasks/jobs/12b2adfea33945b4b7c6664d1899c1b3/tlc.log	.tlc-tasks/jobs/12b2adfea33945b4b7c6664d1899c1b3/tlc.log	file	0664	1789402322233598280	6374	561652e55d3c69ba8ced9e1343033e399a67c1c06d59ef0d1fc443c1be84422f		copy	run-evidence		{}
specula/runs/nvflare-job-lifecycle-20260914/nvflare-job-lifecycle/.specula-output/.tlc-tasks/jobs/27109878e57c4ea3bf88305ea6218535/request.json	.tlc-tasks/jobs/27109878e57c4ea3bf88305ea6218535/request.json	file	0664	1789399862442184216	829	b96065ac161a454805f41aec2250fc335a62dfbc93e8448eed49567db14208a9		copy	run-evidence		{}
specula/runs/nvflare-job-lifecycle-20260914/nvflare-job-lifecycle/.specula-output/.tlc-tasks/jobs/27109878e57c4ea3bf88305ea6218535/result.json	.tlc-tasks/jobs/27109878e57c4ea3bf88305ea6218535/result.json	file	0664	1789400103491032067	752	a1b7ccaaac31a859cc35ce5bc8088a30dd609e1ab1c844ca08e15f08103a477d		copy	run-evidence		{}
specula/runs/nvflare-job-lifecycle-20260914/nvflare-job-lifecycle/.specula-output/.tlc-tasks/jobs/27109878e57c4ea3bf88305ea6218535/tlc.log	.tlc-tasks/jobs/27109878e57c4ea3bf88305ea6218535/tlc.log	file	0664	1789400060332447191	8359	b58b1fd44a464bd30daa13d3b0d636e7a6d07d2f28f85092f1f5d12a556f4f11		copy	run-evidence		{}
specula/runs/nvflare-job-lifecycle-20260914/nvflare-job-lifecycle/.specula-output/.tlc-tasks/jobs/48769b780b0547dd9f5abe5a3cb83a05/request.json	.tlc-tasks/jobs/48769b780b0547dd9f5abe5a3cb83a05/request.json	file	0664	1789398022035486570	771	16dec217f2216cf039d796f34f9b25623e5bccbfecb9eed25dd96b170c5451e1		copy	run-evidence		{}
specula/runs/nvflare-job-lifecycle-20260914/nvflare-job-lifecycle/.specula-output/.tlc-tasks/jobs/48769b780b0547dd9f5abe5a3cb83a05/result.json	.tlc-tasks/jobs/48769b780b0547dd9f5abe5a3cb83a05/result.json	file	0664	1789399827991418965	752	0baa53af49251eaf16db61cca8bd4adddb1458fe11317d723fd45c163375afd3		copy	run-evidence		{}
specula/runs/nvflare-job-lifecycle-20260914/nvflare-job-lifecycle/.specula-output/.tlc-tasks/jobs/48769b780b0547dd9f5abe5a3cb83a05/tlc.log	.tlc-tasks/jobs/48769b780b0547dd9f5abe5a3cb83a05/tlc.log	file	0664	1789399799427608915	11751	5c5c5ff66d6a7f3c708e7fb661f5e34a7baed5f6ae75827b372262dbccd5ddd9		copy	run-evidence		{}
specula/runs/nvflare-job-lifecycle-20260914/nvflare-job-lifecycle/.specula-output/.tlc-tasks/jobs/523bcce81ff44787b5e3b6c35e9c78af/request.json	.tlc-tasks/jobs/523bcce81ff44787b5e3b6c35e9c78af/request.json	file	0664	1789397767709804215	748	85e4a91ff575d0161c6abc4ac7424c5472a477094fc4cae1cbafcf368bbeccbd		copy	run-evidence		{}
specula/runs/nvflare-job-lifecycle-20260914/nvflare-job-lifecycle/.specula-output/.tlc-tasks/jobs/523bcce81ff44787b5e3b6c35e9c78af/result.json	.tlc-tasks/jobs/523bcce81ff44787b5e3b6c35e9c78af/result.json	file	0664	1789399572142473757	752	3c17e4e0bb88b4efe048d4341587045f728cebf2b627f923ad7dd612b95a6ecf		copy	run-evidence		{}
specula/runs/nvflare-job-lifecycle-20260914/nvflare-job-lifecycle/.specula-output/.tlc-tasks/jobs/523bcce81ff44787b5e3b6c35e9c78af/tlc.log	.tlc-tasks/jobs/523bcce81ff44787b5e3b6c35e9c78af/tlc.log	file	0664	1789399513980149760	8896	255b4f780fa288786da3deb4dafbdd509d00284033e35d840002d672a7f53f92		copy	run-evidence		{}
specula/runs/nvflare-job-lifecycle-20260914/nvflare-job-lifecycle/.specula-output/.tlc-tasks/jobs/71ca378aa51c405ea3d993134d498709/request.json	.tlc-tasks/jobs/71ca378aa51c405ea3d993134d498709/request.json	file	0664	1789397904783648605	775	eb75adc1b34291cfa96a9ded7477a5c4783bf48634d14a5fdde9d57efa9ddb4d		copy	run-evidence		{}
specula/runs/nvflare-job-lifecycle-20260914/nvflare-job-lifecycle/.specula-output/.tlc-tasks/jobs/71ca378aa51c405ea3d993134d498709/result.json	.tlc-tasks/jobs/71ca378aa51c405ea3d993134d498709/result.json	file	0664	1789399709659960285	752	46ead20826a7773c0d3689e6cc904d02fd19f5f744c5e9768bc0986f979b25b5		copy	run-evidence		{}
specula/runs/nvflare-job-lifecycle-20260914/nvflare-job-lifecycle/.specula-output/.tlc-tasks/jobs/71ca378aa51c405ea3d993134d498709/tlc.log	.tlc-tasks/jobs/71ca378aa51c405ea3d993134d498709/tlc.log	file	0664	1789399652319539566	8905	3380b918e6e55b3db906411bfaa9a96dc3e872a230a7c4b5f577c9e89f90f0d8		copy	run-evidence		{}
specula/runs/nvflare-job-lifecycle-20260914/nvflare-job-lifecycle/.specula-output/.tlc-tasks/jobs/7718fb73c3ef4aa6ac0366f4e4a1f48d/request.json	.tlc-tasks/jobs/7718fb73c3ef4aa6ac0366f4e4a1f48d/request.json	file	0664	1789395861422496367	551	060bd09e0cd18a00fabb3f498a53bc2e9303f9d229f886ba22e0707721337000		copy	run-evidence		{}
specula/runs/nvflare-job-lifecycle-20260914/nvflare-job-lifecycle/.specula-output/.tlc-tasks/jobs/7718fb73c3ef4aa6ac0366f4e4a1f48d/result.json	.tlc-tasks/jobs/7718fb73c3ef4aa6ac0366f4e4a1f48d/result.json	file	0664	1789397672347348783	751	3dc205b5a2ca475499f080aa59f95399c77b78f7da0f8c08a3f48c2a6bd04852		copy	run-evidence		{}
specula/runs/nvflare-job-lifecycle-20260914/nvflare-job-lifecycle/.specula-output/.tlc-tasks/jobs/7718fb73c3ef4aa6ac0366f4e4a1f48d/tlc.log	.tlc-tasks/jobs/7718fb73c3ef4aa6ac0366f4e4a1f48d/tlc.log	file	0664	1789397609611909041	8948	7de99dc6ba407539e8ba2d8cee830f3cd9f83fa2fcd5ca30395de601e31c9901		copy	run-evidence		{}
specula/runs/nvflare-job-lifecycle-20260914/nvflare-job-lifecycle/.specula-output/.tlc-tasks/jobs/874e9495d53544d3a76515ddfd9d3a16/request.json	.tlc-tasks/jobs/874e9495d53544d3a76515ddfd9d3a16/request.json	file	0664	1789397767929802586	759	d0c639a75759e3c0ab0e37877fd58ea6c47d841a716d007df796c9f359326e6d		copy	run-evidence		{}
specula/runs/nvflare-job-lifecycle-20260914/nvflare-job-lifecycle/.specula-output/.tlc-tasks/jobs/874e9495d53544d3a76515ddfd9d3a16/result.json	.tlc-tasks/jobs/874e9495d53544d3a76515ddfd9d3a16/result.json	file	0664	1789397780613687229	750	a454cc56070a2871410add5dbaeb6bbfda73d1d0d199a7a5370e108569f39803		copy	run-evidence		{}
specula/runs/nvflare-job-lifecycle-20260914/nvflare-job-lifecycle/.specula-output/.tlc-tasks/jobs/874e9495d53544d3a76515ddfd9d3a16/tlc.log	.tlc-tasks/jobs/874e9495d53544d3a76515ddfd9d3a16/tlc.log	file	0664	1789397777174732944	803840	c9c178d0d07e6bb4e82f3108b88ab618696ec219e8c399c942fce3f901cac7de		copy	run-evidence		{}
specula/runs/nvflare-job-lifecycle-20260914/nvflare-job-lifecycle/.specula-output/.tlc-tasks/jobs/9098d708aced45dfa3deadd8f1babf68/request.json	.tlc-tasks/jobs/9098d708aced45dfa3deadd8f1babf68/request.json	file	0664	1789400560315005317	820	98589ea00240fd2b7ec815484247d0b28452e3ff10a6375445e29ac91ef392a1		copy	run-evidence		{}
specula/runs/nvflare-job-lifecycle-20260914/nvflare-job-lifecycle/.specula-output/.tlc-tasks/jobs/9098d708aced45dfa3deadd8f1babf68/result.json	.tlc-tasks/jobs/9098d708aced45dfa3deadd8f1babf68/result.json	file	0664	1789402360968174095	752	1a8d3346afed0a3cd6b5750bae0003bc1f2a58c4236858618f638102fa9a20dd		copy	run-evidence		{}
specula/runs/nvflare-job-lifecycle-20260914/nvflare-job-lifecycle/.specula-output/.tlc-tasks/jobs/9098d708aced45dfa3deadd8f1babf68/tlc.log	.tlc-tasks/jobs/9098d708aced45dfa3deadd8f1babf68/tlc.log	file	0664	1789402301437827726	6593	416a771264900c8f909a24f824530fe697408440bde9d2dc74b3304fc2627e32		copy	run-evidence		{}
specula/runs/nvflare-job-lifecycle-20260914/nvflare-job-lifecycle/.specula-output/.tlc-tasks/jobs/9ab194bc1af74676948cb12da327aecd/request.json	.tlc-tasks/jobs/9ab194bc1af74676948cb12da327aecd/request.json	file	0664	1789399806853561614	822	c5deba9207586cfa7401c5db4b2826287bdb1d9d85dd40854435678d7a694f39		copy	run-evidence		{}
specula/runs/nvflare-job-lifecycle-20260914/nvflare-job-lifecycle/.specula-output/.tlc-tasks/jobs/9ab194bc1af74676948cb12da327aecd/result.json	.tlc-tasks/jobs/9ab194bc1af74676948cb12da327aecd/result.json	file	0664	1789401607490805131	752	f2450b1edeb758f32d2167c91f74b73efd5c60e7958e6fa1fe04185ea733d8c9		copy	run-evidence		{}
specula/runs/nvflare-job-lifecycle-20260914/nvflare-job-lifecycle/.specula-output/.tlc-tasks/jobs/9ab194bc1af74676948cb12da327aecd/tlc.log	.tlc-tasks/jobs/9ab194bc1af74676948cb12da327aecd/tlc.log	file	0664	1789401547864486494	6386	8f86eed2bbe0b8e88608aa014cc9684d01022c1d2d8f30c344d37f43222020d5		copy	run-evidence		{}
specula/runs/nvflare-job-lifecycle-20260914/nvflare-job-lifecycle/.specula-output/.tlc-tasks/jobs/d85c4d2066144f328eafc6ed0e22ba7f/request.json	.tlc-tasks/jobs/d85c4d2066144f328eafc6ed0e22ba7f/request.json	file	0664	1789397904894647638	759	2699f716b01b6216b0e5c52c5f044ddee905774a6c37dfc1ef2324dfbc14ee8b		copy	run-evidence		{}
specula/runs/nvflare-job-lifecycle-20260914/nvflare-job-lifecycle/.specula-output/.tlc-tasks/jobs/d85c4d2066144f328eafc6ed0e22ba7f/result.json	.tlc-tasks/jobs/d85c4d2066144f328eafc6ed0e22ba7f/result.json	file	0664	1789397949219213930	751	cef7ae2a35938cc4cbac50336978c904d25f102e32dcbd48b9aa939f58e20e9f		copy	run-evidence		{}
specula/runs/nvflare-job-lifecycle-20260914/nvflare-job-lifecycle/.specula-output/.tlc-tasks/jobs/d85c4d2066144f328eafc6ed0e22ba7f/tlc.log	.tlc-tasks/jobs/d85c4d2066144f328eafc6ed0e22ba7f/tlc.log	file	0664	1789397945999243933	1357783	2c878b61e4f5f46c48ca6fc5732583692ce6581ac46c0478c6535c670d594cb4		copy	run-evidence		{}
specula/runs/nvflare-job-lifecycle-20260914/nvflare-job-lifecycle/.specula-output/.tlc-tasks/jobs/ed54f3398b974478a6fe6cf680583e3b/request.json	.tlc-tasks/jobs/ed54f3398b974478a6fe6cf680583e3b/request.json	file	0664	1789398399393336802	749	e3cb267e168949e007c41a1b8560daec0d249df1f7ce83b379074c5d08ae8ad5		copy	run-evidence		{}
specula/runs/nvflare-job-lifecycle-20260914/nvflare-job-lifecycle/.specula-output/.tlc-tasks/jobs/ed54f3398b974478a6fe6cf680583e3b/result.json	.tlc-tasks/jobs/ed54f3398b974478a6fe6cf680583e3b/result.json	file	0664	1789400204356963812	752	114289474b415b9d6edb9c634c097ea88870876859e184288f51be0699eecb4d		copy	run-evidence		{}
specula/runs/nvflare-job-lifecycle-20260914/nvflare-job-lifecycle/.specula-output/.tlc-tasks/jobs/ed54f3398b974478a6fe6cf680583e3b/tlc.log	.tlc-tasks/jobs/ed54f3398b974478a6fe6cf680583e3b/tlc.log	file	0664	1789400147944570354	8900	709cb8546bffcc09427b5c7a03799a659583a43c9b57d6089b3b532b601cf9f4		copy	run-evidence		{}
specula/runs/nvflare-job-lifecycle-20260914/nvflare-job-lifecycle/.specula-output/.tlc-tasks/jobs/fd949c7a8df54990b65fcb7952641faf/request.json	.tlc-tasks/jobs/fd949c7a8df54990b65fcb7952641faf/request.json	file	0664	1789399806969560914	832	d4ca75d6b9fc266872f352e43828d42cc0f5d096addfd9f6886e870b29fce564		copy	run-evidence		{}
specula/runs/nvflare-job-lifecycle-20260914/nvflare-job-lifecycle/.specula-output/.tlc-tasks/jobs/fd949c7a8df54990b65fcb7952641faf/result.json	.tlc-tasks/jobs/fd949c7a8df54990b65fcb7952641faf/result.json	file	0664	1789401607792801637	752	a66aa52462f93398ca5cc78a3ad4784c54ae376482358969d7f6b996749814ba		copy	run-evidence		{}
specula/runs/nvflare-job-lifecycle-20260914/nvflare-job-lifecycle/.specula-output/.tlc-tasks/jobs/fd949c7a8df54990b65fcb7952641faf/tlc.log	.tlc-tasks/jobs/fd949c7a8df54990b65fcb7952641faf/tlc.log	file	0664	1789401548034484555	6587	67b1699bc50d2bbaf0ae990c3b288dbad88e2eb50530d30f5ba8405b906f486a		copy	run-evidence		{}
specula/runs/nvflare-job-lifecycle-20260914/nvflare-job-lifecycle/.specula-output/.tlc-tasks/jobs/ff7cd23b25774fea8463f6f787d0d7c6/request.json	.tlc-tasks/jobs/ff7cd23b25774fea8463f6f787d0d7c6/request.json	file	0664	1789397768039801772	751	b3da53b45217ea17dbf506a318805c0284194b24640b69e9c2076a35509cb26e		copy	run-evidence		{}
specula/runs/nvflare-job-lifecycle-20260914/nvflare-job-lifecycle/.specula-output/.tlc-tasks/jobs/ff7cd23b25774fea8463f6f787d0d7c6/result.json	.tlc-tasks/jobs/ff7cd23b25774fea8463f6f787d0d7c6/result.json	file	0664	1789397778916713593	751	f0ff65ecd5de926c8c5a9f1718aec5e7a0e9b297fb99b1f9945789dad035c7d0		copy	run-evidence		{}
specula/runs/nvflare-job-lifecycle-20260914/nvflare-job-lifecycle/.specula-output/.tlc-tasks/jobs/ff7cd23b25774fea8463f6f787d0d7c6/tlc.log	.tlc-tasks/jobs/ff7cd23b25774fea8463f6f787d0d7c6/tlc.log	file	0664	1789397775619744861	492560	b1f65939181206e88a6b28103b2d92ef2f0b3e8fb4c56801c9cf63343b46840c		copy	run-evidence		{}
	README.md	file	0600	0	2323	10905448ca71f81f2abd0acf8d58e2b49e375f517c86d3912a2111c4296aaea4		generated	curated-documentation	Curated archive metadata	{}
specula/runs/nvflare-job-lifecycle-20260914/nvflare-job-lifecycle/.specula-output/analysis-report.md	analysis-report.md	file	0664	1789386978182750284	40203	9fb4ce3103598efd5ebf1cddc136ff7ff6b0b515852df7c6160e29654d0bf46a		copy	run-evidence		{}
specula/runs/nvflare-job-lifecycle-20260914/nvflare-job-lifecycle/.specula-output/bug-severity.md	bug-severity.md	file	0664	1789404936217598363	2134	58971ae8402472edec4d729468a45bdadc5413cec48bd72424de384a283892b7		copy	run-evidence		{}
specula/runs/nvflare-job-lifecycle-20260914/nvflare-job-lifecycle/.specula-output/confirmation/CR-1/debate.md	confirmation/CR-1/debate.md	file	0664	1789403853194672652	403	a51a3573ad214ff65b2655fb44423b75e811fbbdb623bc8e1d06f70bf5517609		copy	run-evidence		{}
specula/runs/nvflare-job-lifecycle-20260914/nvflare-job-lifecycle/.specula-output/confirmation/CR-1/investigation.md	confirmation/CR-1/investigation.md	file	0664	1789403804692333436	9111	7304ded7ce85fb1e114588c0a42bac0e74019f3ead79672deb6174e9587c40ea		copy	run-evidence		{}
specula/runs/nvflare-job-lifecycle-20260914/nvflare-job-lifecycle/.specula-output/confirmation/CR-1/verdict.json	confirmation/CR-1/verdict.json	file	0664	1789403853398670034	3640	9c4f5b6cec5f84be9e5d59af1357699f0f03ee1596381c3965ba3ce22424405a		copy	run-evidence		{}
specula/runs/nvflare-job-lifecycle-20260914/nvflare-job-lifecycle/.specula-output/confirmation/CR-4/debate.md	confirmation/CR-4/debate.md	file	0664	1789404839764773624	407	10f07266bf972ae53b6b2a879fc39f219a67cb302d3994919054b0041e6a0c53		copy	run-evidence		{}
specula/runs/nvflare-job-lifecycle-20260914/nvflare-job-lifecycle/.specula-output/confirmation/CR-4/investigation.md	confirmation/CR-4/investigation.md	file	0664	1789404264769596977	9794	f6ed6ed86c56d7c5557b65a2d56d32b094e17f3ded7d05edc23065167a53dbd2		copy	run-evidence		{}
specula/runs/nvflare-job-lifecycle-20260914/nvflare-job-lifecycle/.specula-output/confirmation/CR-4/verdict.json	confirmation/CR-4/verdict.json	file	0664	1789404839965771241	3140	07a7dd5b1a35be06584fcc28f18091e37e0501675df0f3115e4a6568df9e9ad0		copy	run-evidence		{}
specula/runs/nvflare-job-lifecycle-20260914/nvflare-job-lifecycle/.specula-output/confirmation/CR-5/debate.md	confirmation/CR-5/debate.md	file	0664	1789404683562624459	403	303a34f4901156a15597732ea83318d49fd8f2dac3236f996d13089f50de29c5		copy	run-evidence		{}
specula/runs/nvflare-job-lifecycle-20260914/nvflare-job-lifecycle/.specula-output/confirmation/CR-5/investigation.md	confirmation/CR-5/investigation.md	file	0664	1789404643038105794	4997	d95abe212f85bb34dbea8dc062208dc33a6aa72745b5803f940a908f711c69aa		copy	run-evidence		{}
specula/runs/nvflare-job-lifecycle-20260914/nvflare-job-lifecycle/.specula-output/confirmation/CR-5/verdict.json	confirmation/CR-5/verdict.json	file	0664	1789404683763622086	4221	43738c1eee8a9a74355b09cdf811b7b7c6e23984170c8843a1454d8f7a9ff03a		copy	run-evidence		{}
specula/runs/nvflare-job-lifecycle-20260914/nvflare-job-lifecycle/.specula-output/confirmation/MC-2/debate.md	confirmation/MC-2/debate.md	file	0664	1789403951459425216	403	e5e06f7f5465db09d4639ea76b3c0c9caedd9fe2f9ddda94e2279e3fd1a92a2b		copy	run-evidence		{}
specula/runs/nvflare-job-lifecycle-20260914/nvflare-job-lifecycle/.specula-output/confirmation/MC-2/investigation.md	confirmation/MC-2/investigation.md	file	0664	1789403906063991177	6083	646d45981c60abc3ec81c34201ac052fe23f31c6d2ab8e82d2ebc77571f21b7c		copy	run-evidence		{}
specula/runs/nvflare-job-lifecycle-20260914/nvflare-job-lifecycle/.specula-output/confirmation/MC-2/verdict.json	confirmation/MC-2/verdict.json	file	0664	1789403951663422682	4152	c9772281507b6f80c5f03ed7d1aff6e1299783cee536fc1ea1198faede3537cf		copy	run-evidence		{}
specula/runs/nvflare-job-lifecycle-20260914/nvflare-job-lifecycle/.specula-output/confirmation/MC-3/debate.md	confirmation/MC-3/debate.md	file	0664	1789404009016704401	403	10b727a7c01b7ddf7c1682e937558f9de1556b2c17e98f79f14a3db52eb03388		copy	run-evidence		{}
specula/runs/nvflare-job-lifecycle-20260914/nvflare-job-lifecycle/.specula-output/confirmation/MC-3/investigation.md	confirmation/MC-3/investigation.md	file	0664	1789403970824180896	4693	907dedfc8569bfb1f4596db4707d6ecdc2d9f758806f451f8b70f00e9e49f42c		copy	run-evidence		{}
specula/runs/nvflare-job-lifecycle-20260914/nvflare-job-lifecycle/.specula-output/confirmation/MC-3/verdict.json	confirmation/MC-3/verdict.json	file	0664	1789404009221701775	3624	bbabce2bbafd15ce63e625a134d2cb9fa03736f211e0fccfd94c3b7794c0d40b		copy	run-evidence		{}
specula/runs/nvflare-job-lifecycle-20260914/nvflare-job-lifecycle/.specula-output/confirmation/MC-4/debate.md	confirmation/MC-4/debate.md	file	0664	1789404018934579146	403	05e367e5bf597dc719a055d55be33dcf3b38a99af3ffed7e1485e04022b9eb54		copy	run-evidence		{}
specula/runs/nvflare-job-lifecycle-20260914/nvflare-job-lifecycle/.specula-output/confirmation/MC-4/investigation.md	confirmation/MC-4/investigation.md	file	0664	1789403953804396085	5112	ddedb90c5e009819054a4006d163b58455ff56d44207bcae18c652e1fdbb930e		copy	run-evidence		{}
specula/runs/nvflare-job-lifecycle-20260914/nvflare-job-lifecycle/.specula-output/confirmation/MC-4/repro-output.txt	confirmation/MC-4/repro-output.txt	file	0664	1789403922754785089	759	2dbd0973ee1dfbc244cd54b4763db2264f6fbd90d5292dc84721ef2720f43af7		copy	run-evidence		{}
specula/runs/nvflare-job-lifecycle-20260914/nvflare-job-lifecycle/.specula-output/confirmation/MC-4/verdict.json	confirmation/MC-4/verdict.json	file	0664	1789404019140576561	3676	f25c86d887e0c8926f61bc4bbee06df7562b9b58a64fff39fab58a4185c036d2		copy	run-evidence		{}
specula/runs/nvflare-job-lifecycle-20260914/nvflare-job-lifecycle/.specula-output/confirmed-bugs.md	confirmed-bugs.md	file	0664	1789404840290767388	23119	90be3f681b62ce13c0225849d8a91d29d6ed49201cc5fde461d481b9bed9cee1		copy	run-evidence		{}
specula/runs/nvflare-job-lifecycle-20260914/nvflare-job-lifecycle/.specula-output/evidence/analysis-provenance.json	evidence/analysis-provenance.json	file	0664	1789387035180064506	1210	435bf5440d45e5bc0587e85f828450167fc93d1b1c15f55241319f2d5d0d56dd		copy	run-evidence		{}
specula/runs/nvflare-job-lifecycle-20260914/nvflare-job-lifecycle/.specula-output/evidence/consumer-launcher-history.diff	evidence/consumer-launcher-history.diff	file	0664	1789385645324766175	25235	45e4b893533a2f97918cbdc64d0ae76f42b68f9d02da4b90493fcae951884029		copy	run-evidence		{}
specula/runs/nvflare-job-lifecycle-20260914/nvflare-job-lifecycle/.specula-output/evidence/deep-client.md	evidence/deep-client.md	file	0664	1789386065319753778	16113	ac20f8fa88c1c33e6db1f4112e04dcd9b2a25af7203b27962f7f42fe58b0f67e		copy	run-evidence		{}
specula/runs/nvflare-job-lifecycle-20260914/nvflare-job-lifecycle/.specula-output/evidence/deep-resources-server.md	evidence/deep-resources-server.md	file	0664	1789386281717171161	18098	f2860dd1629134087455947eb5e02022b5163580b2bc8c23b690ac1a938dbff9		copy	run-evidence		{}
specula/runs/nvflare-job-lifecycle-20260914/nvflare-job-lifecycle/.specula-output/evidence/deep-runner.md	evidence/deep-runner.md	file	0664	1789386088209480404	15752	2783fb293e2eba7ebc567c9ccb698b9c0c43a8ad73f01038a5b71e8b484f79c8		copy	run-evidence		{}
specula/runs/nvflare-job-lifecycle-20260914/nvflare-job-lifecycle/.specula-output/evidence/final-review.md	evidence/final-review.md	file	0664	1789387035078065731	1183	dfd9fc9fb2c6ded9a836b416b00915981c68ae40c157ed092cf648cf5166f280		copy	run-evidence		{}
specula/runs/nvflare-job-lifecycle-20260914/nvflare-job-lifecycle/.specula-output/evidence/history-audit.md	evidence/history-audit.md	file	0664	1789385943867202681	92449	9217463ca6cb784f675120493c8161be47545d5b8d6501abb952c54eec76bcce		copy	run-evidence		{}
specula/runs/nvflare-job-lifecycle-20260914/nvflare-job-lifecycle/.specula-output/evidence/history-diffs/000-52c966d1ed.diff	evidence/history-diffs/000-52c966d1ed.diff	file	0664	1789385365419096962	5754	337796070520eb7a141a51b44da15df9b10ce2510cdfee690b594ef81b71af7e		copy	run-evidence		{}
specula/runs/nvflare-job-lifecycle-20260914/nvflare-job-lifecycle/.specula-output/evidence/history-diffs/001-535373a082.diff	evidence/history-diffs/001-535373a082.diff	file	0664	1789385365841091958	10623	b4d9c47701c9ada5428387ed620b7e662b924686dc072666dda1fea3cfc4a3ff		copy	run-evidence		{}
specula/runs/nvflare-job-lifecycle-20260914/nvflare-job-lifecycle/.specula-output/evidence/history-diffs/002-e120606196.diff	evidence/history-diffs/002-e120606196.diff	file	0664	1789385366266086919	6974	578ded042dced156d034cfef3ddffe07615672e831629ef750b4babca0bc0d2a		copy	run-evidence		{}
specula/runs/nvflare-job-lifecycle-20260914/nvflare-job-lifecycle/.specula-output/evidence/history-diffs/003-4768496679.diff	evidence/history-diffs/003-4768496679.diff	file	0664	1789385366700081771	3664	5b9021a7e89ce8197a1f441123606b6df29e05c04b75957c6c0c3b96594894a1		copy	run-evidence		{}
specula/runs/nvflare-job-lifecycle-20260914/nvflare-job-lifecycle/.specula-output/evidence/history-diffs/004-9b5dddfd2d.diff	evidence/history-diffs/004-9b5dddfd2d.diff	file	0664	1789385367149076448	17161	8c8a28dee31241260e8134be018a295bfc18e25346d180ace66d4b05bd9d65c1		copy	run-evidence		{}
specula/runs/nvflare-job-lifecycle-20260914/nvflare-job-lifecycle/.specula-output/evidence/history-diffs/005-a6616c8aee.diff	evidence/history-diffs/005-a6616c8aee.diff	file	0664	1789385367579071348	3221	92cbeeae788710eac8f4f713aeda6e2514844dd3761125e7092a4b6f863e435b		copy	run-evidence		{}
specula/runs/nvflare-job-lifecycle-20260914/nvflare-job-lifecycle/.specula-output/evidence/history-diffs/006-5e2283fb61.diff	evidence/history-diffs/006-5e2283fb61.diff	file	0664	1789385367992066451	2731	197afced5ac1478990df0317722da610cd3aa8dcdef1433c901229f6d1fd0ed8		copy	run-evidence		{}
specula/runs/nvflare-job-lifecycle-20260914/nvflare-job-lifecycle/.specula-output/evidence/history-diffs/007-3bff314655.diff	evidence/history-diffs/007-3bff314655.diff	file	0664	1789385368406061541	4430	4bbca9b1a419292d63150603b91b54b2ea7bea66a460257ae2f0c187b4a54bb8		copy	run-evidence		{}
specula/runs/nvflare-job-lifecycle-20260914/nvflare-job-lifecycle/.specula-output/evidence/history-diffs/008-efc47d470b.diff	evidence/history-diffs/008-efc47d470b.diff	file	0664	1789385368834056466	7382	39e4ae3d300f8ae3974e8baedf51d9b4cb50c4ed9d45227fcf769c1a3a42eabf		copy	run-evidence		{}
specula/runs/nvflare-job-lifecycle-20260914/nvflare-job-lifecycle/.specula-output/evidence/history-diffs/009-0a12907a9c.diff	evidence/history-diffs/009-0a12907a9c.diff	file	0664	1789385369261051403	6016	8feaefde4db756929f5953e212da9e409d35f3192ba1a1371c692d38d69637f1		copy	run-evidence		{}
specula/runs/nvflare-job-lifecycle-20260914/nvflare-job-lifecycle/.specula-output/evidence/history-diffs/010-0d25aa9a6c.diff	evidence/history-diffs/010-0d25aa9a6c.diff	file	0664	1789385369657046686	4164	58960e38ea00c35b7375202375228d345f51ccc858fc9e62f6baf7ae228d3590		copy	run-evidence		{}
specula/runs/nvflare-job-lifecycle-20260914/nvflare-job-lifecycle/.specula-output/evidence/history-diffs/011-46cfc51709.diff	evidence/history-diffs/011-46cfc51709.diff	file	0664	1789385370094041479	11628	ffefcb58bac01067de76633c70a48093a7435b75fa4d85b6546dc4cee7994dc8		copy	run-evidence		{}
specula/runs/nvflare-job-lifecycle-20260914/nvflare-job-lifecycle/.specula-output/evidence/history-diffs/012-196a3fdda5.diff	evidence/history-diffs/012-196a3fdda5.diff	file	0664	1789385370534036237	2607	858b84a6cea5490b9a2a0316076f3cf300ef79c9c5a824b270d4c3d77a1a5912		copy	run-evidence		{}
specula/runs/nvflare-job-lifecycle-20260914/nvflare-job-lifecycle/.specula-output/evidence/history-diffs/013-c7c4f1c5d6.diff	evidence/history-diffs/013-c7c4f1c5d6.diff	file	0664	1789385370988030827	8822	749915b65a07b3efdd3822e6f5a4ab4d899e1214b5b11e79e26598ede123553c		copy	run-evidence		{}
specula/runs/nvflare-job-lifecycle-20260914/nvflare-job-lifecycle/.specula-output/evidence/history-diffs/014-6608949ccd.diff	evidence/history-diffs/014-6608949ccd.diff	file	0664	1789385371414025752	7819	bedb1d69bc63f9430db02d9e85adf4502a49a5437821cedbb7b79e0c7599d1cb		copy	run-evidence		{}
specula/runs/nvflare-job-lifecycle-20260914/nvflare-job-lifecycle/.specula-output/evidence/history-diffs/015-1a0289d05e.diff	evidence/history-diffs/015-1a0289d05e.diff	file	0664	1789385371830020795	2507	bb450cb53f5eff50d19317bb38431188d62cce7e75c9dd05813193dc986de262		copy	run-evidence		{}
specula/runs/nvflare-job-lifecycle-20260914/nvflare-job-lifecycle/.specula-output/evidence/history-diffs/016-71fbcaae2d.diff	evidence/history-diffs/016-71fbcaae2d.diff	file	0664	1789385372263015636	2430	015f145f2cf71947846c5425b3b5581169713118b95116f9b66ca81643946d5e		copy	run-evidence		{}
specula/runs/nvflare-job-lifecycle-20260914/nvflare-job-lifecycle/.specula-output/evidence/history-diffs/017-cb43eee8aa.diff	evidence/history-diffs/017-cb43eee8aa.diff	file	0664	1789385372706010357	7269	66fb761cce516de9d59812e978a6f5b145d9908b51a106b8ecae741b4942c588		copy	run-evidence		{}
specula/runs/nvflare-job-lifecycle-20260914/nvflare-job-lifecycle/.specula-output/evidence/history-diffs/018-2d4d2c801a.diff	evidence/history-diffs/018-2d4d2c801a.diff	file	0664	1789385373133005270	4021	a9b6c0dc8a96a8bb8f22b937ab240ebc6d5a88019a196cc3fa9da80ed10faa00		copy	run-evidence		{}
specula/runs/nvflare-job-lifecycle-20260914/nvflare-job-lifecycle/.specula-output/evidence/history-diffs/019-00589c732c.diff	evidence/history-diffs/019-00589c732c.diff	file	0664	1789385373573000027	3681	9d825549706346c407322526e8ac0617067c2ddb768d77d4002f1b58c2d1dcb6		copy	run-evidence		{}
specula/runs/nvflare-job-lifecycle-20260914/nvflare-job-lifecycle/.specula-output/evidence/history-diffs/020-1f33bd8037.diff	evidence/history-diffs/020-1f33bd8037.diff	file	0664	1789385373989995059	4532	2d7b664865f704e290538d9951137f3fb5e3739777a06dfad7db828a157fa231		copy	run-evidence		{}
specula/runs/nvflare-job-lifecycle-20260914/nvflare-job-lifecycle/.specula-output/evidence/history-diffs/021-a18489e436.diff	evidence/history-diffs/021-a18489e436.diff	file	0664	1789385374421989911	5794	5462924e8ee56ee76747b0afaee6fdf31e5267e56bb267ed509229442c18e566		copy	run-evidence		{}
specula/runs/nvflare-job-lifecycle-20260914/nvflare-job-lifecycle/.specula-output/evidence/history-diffs/022-cb784550b8.diff	evidence/history-diffs/022-cb784550b8.diff	file	0664	1789385374863984645	2844	4b09f2e0802c2130736632922d45af5fd7251211d24c39fda73161665a4601e9		copy	run-evidence		{}
specula/runs/nvflare-job-lifecycle-20260914/nvflare-job-lifecycle/.specula-output/evidence/history-diffs/023-8826132ea7.diff	evidence/history-diffs/023-8826132ea7.diff	file	0664	1789385375306979366	2926	a7eba7a1c48b141b6b555bfbcf9b53dbe588f01caf03e68b6972dace7ca28dde		copy	run-evidence		{}
specula/runs/nvflare-job-lifecycle-20260914/nvflare-job-lifecycle/.specula-output/evidence/history-diffs/024-ab22e3904c.diff	evidence/history-diffs/024-ab22e3904c.diff	file	0664	1789385375742974171	3498	7148ca1fc1f2b775d2c6dec2134a72beb2bc947701c803fdaf7fecdfba5a8134		copy	run-evidence		{}
specula/runs/nvflare-job-lifecycle-20260914/nvflare-job-lifecycle/.specula-output/evidence/history-diffs/025-9ee3e8ca21.diff	evidence/history-diffs/025-9ee3e8ca21.diff	file	0664	1789385376198968738	1887	b4cf00648da22080246d9039ee10cd61263ef9467f535607461102cd5268aca1		copy	run-evidence		{}
specula/runs/nvflare-job-lifecycle-20260914/nvflare-job-lifecycle/.specula-output/evidence/history-diffs/026-a0a104ceb3.diff	evidence/history-diffs/026-a0a104ceb3.diff	file	0664	1789385376648963377	2259	649615fa945ff5081ce36f63195be847b9bf25970e8a934800b76095aa8d36ae		copy	run-evidence		{}
specula/runs/nvflare-job-lifecycle-20260914/nvflare-job-lifecycle/.specula-output/evidence/history-diffs/027-f4c158e9a8.diff	evidence/history-diffs/027-f4c158e9a8.diff	file	0664	1789385377067958385	1959	8a2ce2dfd321e3dea567db847aac41fd0c508acb03b1b8b2bec9947633800ccf		copy	run-evidence		{}
specula/runs/nvflare-job-lifecycle-20260914/nvflare-job-lifecycle/.specula-output/evidence/history-diffs/028-899b872d51.diff	evidence/history-diffs/028-899b872d51.diff	file	0664	1789385377072958325	1663	148676f0854ca8a92ab4c8be44a0e198e33ad9eb71757643343955e87e9c8ea8		copy	run-evidence		{}
specula/runs/nvflare-job-lifecycle-20260914/nvflare-job-lifecycle/.specula-output/evidence/history-diffs/029-6d193a24d5.diff	evidence/history-diffs/029-6d193a24d5.diff	file	0664	1789385377508953128	6113	98682ab7c1faab456791b8b4e8b20e079bb444202ebcebc63d138ef9d5f68c81		copy	run-evidence		{}
specula/runs/nvflare-job-lifecycle-20260914/nvflare-job-lifecycle/.specula-output/evidence/history-diffs/030-f2b0039e07.diff	evidence/history-diffs/030-f2b0039e07.diff	file	0664	1789385377513953068	6008	863de91e8e779cd772fdb5fd6f28708732cb12c3cf656c6f46bafe9e9ba428ec		copy	run-evidence		{}
specula/runs/nvflare-job-lifecycle-20260914/nvflare-job-lifecycle/.specula-output/evidence/history-diffs/031-9ce76b0916.diff	evidence/history-diffs/031-9ce76b0916.diff	file	0664	1789385377955947797	5396	53f430cd4332fa6766ff83d942ae2f326a8fcfc91a6b80ee816fa02d02cb30a9		copy	run-evidence		{}
specula/runs/nvflare-job-lifecycle-20260914/nvflare-job-lifecycle/.specula-output/evidence/history-diffs/032-e3568925da.diff	evidence/history-diffs/032-e3568925da.diff	file	0664	1789385377960947737	6678	aabb73b682e142d555202e9330c64117f9968aee107c0edc7d440ec55864bf48		copy	run-evidence		{}
specula/runs/nvflare-job-lifecycle-20260914/nvflare-job-lifecycle/.specula-output/evidence/history-diffs/033-03b56e8bdd.diff	evidence/history-diffs/033-03b56e8bdd.diff	file	0664	1789385378356943014	2349	331f7df69478829cd9de43bbb275738dfa6d3ed87368d7f220abcd351db615ab		copy	run-evidence		{}
specula/runs/nvflare-job-lifecycle-20260914/nvflare-job-lifecycle/.specula-output/evidence/history-diffs/034-5eaf32110c.diff	evidence/history-diffs/034-5eaf32110c.diff	file	0664	1789385378800937719	2208	220e874214dbf071ac99249f3f37363b6f745ae66a5b3aeff6a86faa30d09a68		copy	run-evidence		{}
specula/runs/nvflare-job-lifecycle-20260914/nvflare-job-lifecycle/.specula-output/evidence/history-diffs/035-b714935ae7.diff	evidence/history-diffs/035-b714935ae7.diff	file	0664	1789385379269932126	6353	b676db3719669649d792a0d8d4f8a9496eae710428e18f40cddb66045f4ccf89		copy	run-evidence		{}
specula/runs/nvflare-job-lifecycle-20260914/nvflare-job-lifecycle/.specula-output/evidence/history-diffs/036-924998daa1.diff	evidence/history-diffs/036-924998daa1.diff	file	0664	1789385379722926724	13433	e3791a9259e11cf694a96fa65d2e69a6bce4c75eb1332faa74903da90ae44906		copy	run-evidence		{}
specula/runs/nvflare-job-lifecycle-20260914/nvflare-job-lifecycle/.specula-output/evidence/history-diffs/037-510150ceba.diff	evidence/history-diffs/037-510150ceba.diff	file	0664	1789385379726926677	1930	169f02102968b98359bc14d9f5640dc191d5514d8be14b2d866131974e373aff		copy	run-evidence		{}
specula/runs/nvflare-job-lifecycle-20260914/nvflare-job-lifecycle/.specula-output/evidence/history-diffs/038-af12f1500a.diff	evidence/history-diffs/038-af12f1500a.diff	file	0664	1789385380177921298	2038	c98bd5e983b5708f1cd71233c928ba4b4dcbaaa60a8f085eef7ae502b0ebaf23		copy	run-evidence		{}
specula/runs/nvflare-job-lifecycle-20260914/nvflare-job-lifecycle/.specula-output/evidence/history-diffs/039-a1c5f0cf7e.diff	evidence/history-diffs/039-a1c5f0cf7e.diff	file	0664	1789385380599916266	4195	2a2dd91f437c9bba1a2bea4b6a12804d0081e9bc480f457c7d68ac63816d58bc		copy	run-evidence		{}
specula/runs/nvflare-job-lifecycle-20260914/nvflare-job-lifecycle/.specula-output/evidence/history-diffs/040-12cbce3f0a.diff	evidence/history-diffs/040-12cbce3f0a.diff	file	0664	1789385381012911340	2528	6fff64b113fbc70b41c366f993a6d106b608ce9adf32646416a78f2bb0277e59		copy	run-evidence		{}
specula/runs/nvflare-job-lifecycle-20260914/nvflare-job-lifecycle/.specula-output/evidence/history-diffs/041-34efe6826c.diff	evidence/history-diffs/041-34efe6826c.diff	file	0664	1789385381018911269	10465	8dd49cc2394bfa08010f8591ec9654e0b424fc155618e4582f1913e69c25ed60		copy	run-evidence		{}
specula/runs/nvflare-job-lifecycle-20260914/nvflare-job-lifecycle/.specula-output/evidence/history-diffs/042-4e090892ba.diff	evidence/history-diffs/042-4e090892ba.diff	file	0664	1789385381458906021	7811	35b80126256d404019b84529bc085567bab92eade2c2b40dfdd1fea96369319f		copy	run-evidence		{}
specula/runs/nvflare-job-lifecycle-20260914/nvflare-job-lifecycle/.specula-output/evidence/history-diffs/043-d8fb57941e.diff	evidence/history-diffs/043-d8fb57941e.diff	file	0664	1789385381902900726	21712	1e4b077cdd814f1c42c3621f83f6a0c06b020f2ae1e4a389e358527116a3043d		copy	run-evidence		{}
specula/runs/nvflare-job-lifecycle-20260914/nvflare-job-lifecycle/.specula-output/evidence/history-diffs/044-61ed2ea568.diff	evidence/history-diffs/044-61ed2ea568.diff	file	0664	1789385382347895420	4589	2976be6bce2107dd26d5e5dd2fe423d82438daf6525821e3c7022196a4bfef73		copy	run-evidence		{}
specula/runs/nvflare-job-lifecycle-20260914/nvflare-job-lifecycle/.specula-output/evidence/history-diffs/045-1b009bdcc5.diff	evidence/history-diffs/045-1b009bdcc5.diff	file	0664	1789385382786890185	3672	22c36c01c450e436327c05ca3d53af7e39c9a283b3e6037eb201a6b8890af186		copy	run-evidence		{}
specula/runs/nvflare-job-lifecycle-20260914/nvflare-job-lifecycle/.specula-output/evidence/history-diffs/046-200797264c.diff	evidence/history-diffs/046-200797264c.diff	file	0664	1789385383230884889	3518	349359a453a647c3050c316455afa51de8f0c21fe2ff232ce428b4581a0c8efc		copy	run-evidence		{}
specula/runs/nvflare-job-lifecycle-20260914/nvflare-job-lifecycle/.specula-output/evidence/history-diffs/047-eb6e08d273.diff	evidence/history-diffs/047-eb6e08d273.diff	file	0664	1789385383690879403	7887	fa73019f6ad82a8e3b565aaa82b523e767cbc76687262c93d240b380ee42f439		copy	run-evidence		{}
specula/runs/nvflare-job-lifecycle-20260914/nvflare-job-lifecycle/.specula-output/evidence/history-diffs/048-317cabcb87.diff	evidence/history-diffs/048-317cabcb87.diff	file	0664	1789385384131874144	4153	48b3fb14d65715f4f93a68f1546b67ae95b83ecf73cfd2d961d9fd11f57456bd		copy	run-evidence		{}
specula/runs/nvflare-job-lifecycle-20260914/nvflare-job-lifecycle/.specula-output/evidence/history-diffs/049-f8efaeb78c.diff	evidence/history-diffs/049-f8efaeb78c.diff	file	0664	1789385384564868980	13566	366d7965dd8a8d229080029045ae3a4189f89b07d08e85e9910fbcc81157ac40		copy	run-evidence		{}
specula/runs/nvflare-job-lifecycle-20260914/nvflare-job-lifecycle/.specula-output/evidence/history-diffs/050-572990d131.diff	evidence/history-diffs/050-572990d131.diff	file	0664	1789385384569868920	12789	f2df0d9c3ea6782923dc9600162417c4b82dd24474a45a030a6e5443f938031f		copy	run-evidence		{}
specula/runs/nvflare-job-lifecycle-20260914/nvflare-job-lifecycle/.specula-output/evidence/history-diffs/051-28fad1e0f0.diff	evidence/history-diffs/051-28fad1e0f0.diff	file	0664	1789385384991863888	1903	54fe46a0945e7e1d7a19a9e817e9654de183367af9dacf72586aac9eb2446f4b		copy	run-evidence		{}
specula/runs/nvflare-job-lifecycle-20260914/nvflare-job-lifecycle/.specula-output/evidence/history-diffs/052-02dfa496de.diff	evidence/history-diffs/052-02dfa496de.diff	file	0664	1789385385455858355	3213	2927fab88b9326a8772dadd2a8dc728e7524f8713eef8be691db388e0d0b021d		copy	run-evidence		{}
specula/runs/nvflare-job-lifecycle-20260914/nvflare-job-lifecycle/.specula-output/evidence/history-diffs/053-f5cd182767.diff	evidence/history-diffs/053-f5cd182767.diff	file	0664	1789385385909852941	1577	82374772080a7411ead36dbdb2b0d657cd73cb19b76b47852b54300a57075cd1		copy	run-evidence		{}
specula/runs/nvflare-job-lifecycle-20260914/nvflare-job-lifecycle/.specula-output/evidence/history-diffs/054-e49157f3cf.diff	evidence/history-diffs/054-e49157f3cf.diff	file	0664	1789385386357847599	2080	aa311301c83cf7f17bd9753b9a62159b8f360d47f2055ea110864885c3953b6a		copy	run-evidence		{}
specula/runs/nvflare-job-lifecycle-20260914/nvflare-job-lifecycle/.specula-output/evidence/history-diffs/055-d21589bd97.diff	evidence/history-diffs/055-d21589bd97.diff	file	0664	1789385386777842591	4683	4cdaf0713b2d83bbb8c650be055faa6060c2babda4426da23fd16e2a96a3753b		copy	run-evidence		{}
specula/runs/nvflare-job-lifecycle-20260914/nvflare-job-lifecycle/.specula-output/evidence/history-diffs/056-f5a2f872ae.diff	evidence/history-diffs/056-f5a2f872ae.diff	file	0664	1789385387200837547	5030	727604f8567257d5da42f8bc00fcaace7c5aed9269c7d414f1710a17713cbe92		copy	run-evidence		{}
specula/runs/nvflare-job-lifecycle-20260914/nvflare-job-lifecycle/.specula-output/evidence/history-diffs/057-b46b83239e.diff	evidence/history-diffs/057-b46b83239e.diff	file	0664	1789385387665832003	9438	3d71cf1a5aee1a04e588d547a7ef0088742e18aeb6c9adc3d3af50ed138441a5		copy	run-evidence		{}
specula/runs/nvflare-job-lifecycle-20260914/nvflare-job-lifecycle/.specula-output/evidence/history-diffs/058-c8536f6be2.diff	evidence/history-diffs/058-c8536f6be2.diff	file	0664	1789385388114826649	5862	144322b9df0d727f3108004aca37028b05757ab066fd2431c69421f720c234a9		copy	run-evidence		{}
specula/runs/nvflare-job-lifecycle-20260914/nvflare-job-lifecycle/.specula-output/evidence/history-diffs/059-4bb222c2a5.diff	evidence/history-diffs/059-4bb222c2a5.diff	file	0664	1789385388531821677	5531	49645bb7fb319747da696860ea30e2de746a73e7bd4212e92e6361de4bea1d55		copy	run-evidence		{}
specula/runs/nvflare-job-lifecycle-20260914/nvflare-job-lifecycle/.specula-output/evidence/history-diffs/060-99c91c8a18.diff	evidence/history-diffs/060-99c91c8a18.diff	file	0664	1789385388956816610	6425	9f99cbbbfb3d4628bd625eff10ac921273287133fdb735dc78c677502ae86a87		copy	run-evidence		{}
specula/runs/nvflare-job-lifecycle-20260914/nvflare-job-lifecycle/.specula-output/evidence/history-diffs/061-de829cee59.diff	evidence/history-diffs/061-de829cee59.diff	file	0664	1789385389391811423	3632	9955445376c4f738b688905befb59a036b2bf98025199a05f13da2b3401f4265		copy	run-evidence		{}
specula/runs/nvflare-job-lifecycle-20260914/nvflare-job-lifecycle/.specula-output/evidence/history-diffs/062-77ca0e654d.diff	evidence/history-diffs/062-77ca0e654d.diff	file	0664	1789385389801806535	7899	2129cf75aaaf1ee88a7c135a7bc15e65aca1d45a719febf9ee43df02be65598a		copy	run-evidence		{}
specula/runs/nvflare-job-lifecycle-20260914/nvflare-job-lifecycle/.specula-output/evidence/history-diffs/063-1be401cd9a.diff	evidence/history-diffs/063-1be401cd9a.diff	file	0664	1789385390229801431	4745	c909009926cc5d22c79ff2d9283ea6c49643a17c258b39d8b180a0c21da1ff1b		copy	run-evidence		{}
specula/runs/nvflare-job-lifecycle-20260914/nvflare-job-lifecycle/.specula-output/evidence/history-diffs/064-895cffaeed.diff	evidence/history-diffs/064-895cffaeed.diff	file	0664	1789385390703795779	12890	279305dd2f90b8ad6b1ba362d7221c24a6e29c72b71a8ebe689e5a528aa8c215		copy	run-evidence		{}
specula/runs/nvflare-job-lifecycle-20260914/nvflare-job-lifecycle/.specula-output/evidence/history-diffs/065-6d00416a87.diff	evidence/history-diffs/065-6d00416a87.diff	file	0664	1789385391138790593	1178	01d50dad417a3be690d66226cea8bb610ead84ceb80b0fc94c770026586e3f09		copy	run-evidence		{}
specula/runs/nvflare-job-lifecycle-20260914/nvflare-job-lifecycle/.specula-output/evidence/history-diffs/066-939735a392.diff	evidence/history-diffs/066-939735a392.diff	file	0664	1789385391562785537	2077	7137441efd7c81fda9218ba5b055b5fcba194f093a55b8a279f733bb48679018		copy	run-evidence		{}
specula/runs/nvflare-job-lifecycle-20260914/nvflare-job-lifecycle/.specula-output/evidence/history-diffs/067-32769607ee.diff	evidence/history-diffs/067-32769607ee.diff	file	0664	1789385391994780386	1162	71917bbc5b64f5d4adaa68d8dc62f350ff1c3e40e115694219d66f4fd9c07f3e		copy	run-evidence		{}
specula/runs/nvflare-job-lifecycle-20260914/nvflare-job-lifecycle/.specula-output/evidence/history-diffs/068-8f6a88f97f.diff	evidence/history-diffs/068-8f6a88f97f.diff	file	0664	1789385392526774042	3079	ad7fcfcb906512dbb17ebb2d0af7915bea163376a7422aed553abc07fbe48ba9		copy	run-evidence		{}
specula/runs/nvflare-job-lifecycle-20260914/nvflare-job-lifecycle/.specula-output/evidence/history-diffs/069-397983be97.diff	evidence/history-diffs/069-397983be97.diff	file	0664	1789385392963768831	4847	3c3a90b138719a7a17eb0dfcc733e8daa21803b72d59539a27b4782f0b5c7ba5		copy	run-evidence		{}
specula/runs/nvflare-job-lifecycle-20260914/nvflare-job-lifecycle/.specula-output/evidence/history-diffs/070-fab6347adf.diff	evidence/history-diffs/070-fab6347adf.diff	file	0664	1789385393392763720	4553	7ae11713ce955089e79d2d866ef17e1b6b12f1dfbe8de399da6a57adc2de3c54		copy	run-evidence		{}
specula/runs/nvflare-job-lifecycle-20260914/nvflare-job-lifecycle/.specula-output/evidence/history-diffs/071-c6f2521876.diff	evidence/history-diffs/071-c6f2521876.diff	file	0664	1789385393813758720	7498	cfb13ae1b43a37777580e676929814a0e2b026952c084dd863803457dca39139		copy	run-evidence		{}
specula/runs/nvflare-job-lifecycle-20260914/nvflare-job-lifecycle/.specula-output/evidence/history-diffs/072-5534af5fd9.diff	evidence/history-diffs/072-5534af5fd9.diff	file	0664	1789385394295752997	18089	fb336c4fe54f3fbcd4becdd7dfa06f9ad6c105b0deb759edfa22a7a3830fdc44		copy	run-evidence		{}
specula/runs/nvflare-job-lifecycle-20260914/nvflare-job-lifecycle/.specula-output/evidence/history-diffs/073-82fe663488.diff	evidence/history-diffs/073-82fe663488.diff	file	0664	1789385394737747748	2942	ebc01556b030f30f0e46a2772f79ed96aa76f137afb5abe22af3b8f72cbefbbf		copy	run-evidence		{}
specula/runs/nvflare-job-lifecycle-20260914/nvflare-job-lifecycle/.specula-output/evidence/history-diffs/074-1a17390b2a.diff	evidence/history-diffs/074-1a17390b2a.diff	file	0664	1789385395179742499	4372	4cef513ec8a875ce61598f5c973df08578d22a6162637b6ba3b0fcc0b4f72e37		copy	run-evidence		{}
specula/runs/nvflare-job-lifecycle-20260914/nvflare-job-lifecycle/.specula-output/evidence/history-diffs/075-c25c914096.diff	evidence/history-diffs/075-c25c914096.diff	file	0664	1789385395607737417	12590	fa01bd43bc73ffeb86d4efcdbc471b901dfac62f9c7048784bc9e98ce142a483		copy	run-evidence		{}
specula/runs/nvflare-job-lifecycle-20260914/nvflare-job-lifecycle/.specula-output/evidence/history-diffs/076-dd256fe997.diff	evidence/history-diffs/076-dd256fe997.diff	file	0664	1789385396057732073	18775	eb9f376b00f07c64f63d0f1fdbbaffa087c4d4f778e4c78bfb3b9fd2a72d78be		copy	run-evidence		{}
specula/runs/nvflare-job-lifecycle-20260914/nvflare-job-lifecycle/.specula-output/evidence/history-diffs/077-1e8e2ad5ed.diff	evidence/history-diffs/077-1e8e2ad5ed.diff	file	0664	1789385396483727013	9115	1289df70c64c01e2b894479f6ab05c820e4c839b2ee9a0d995fceec024bd5943		copy	run-evidence		{}
specula/runs/nvflare-job-lifecycle-20260914/nvflare-job-lifecycle/.specula-output/evidence/history-diffs/078-7043c2abbe.diff	evidence/history-diffs/078-7043c2abbe.diff	file	0664	1789385396489726942	5908	4b13c107210a6f28e0ec2402bb34783d69190f4ebc5b946d062df8fafe71780e		copy	run-evidence		{}
specula/runs/nvflare-job-lifecycle-20260914/nvflare-job-lifecycle/.specula-output/evidence/history-diffs/079-47b0b1346c.diff	evidence/history-diffs/079-47b0b1346c.diff	file	0664	1789385396906721990	3092	19c482be0389651bb627dc0d39dadb1c55a6aaa64eac8f6b2daa0a3fcc22f2d7		copy	run-evidence		{}
specula/runs/nvflare-job-lifecycle-20260914/nvflare-job-lifecycle/.specula-output/evidence/history-diffs/080-1e760dea40.diff	evidence/history-diffs/080-1e760dea40.diff	file	0664	1789385397377716397	2126	dc46332fb7e6691a1ba6184f2daa755c50cd93540d8d6b6307147b22632eff0b		copy	run-evidence		{}
specula/runs/nvflare-job-lifecycle-20260914/nvflare-job-lifecycle/.specula-output/evidence/history-diffs/081-ef93a5cfce.diff	evidence/history-diffs/081-ef93a5cfce.diff	file	0664	1789385397816711184	3601	de7ba1a4122ea7aeb1097c0c44bd64f508ce617ec7ebeab1520f3248af759bbe		copy	run-evidence		{}
specula/runs/nvflare-job-lifecycle-20260914/nvflare-job-lifecycle/.specula-output/evidence/history-diffs/082-9af7ce8cc3.diff	evidence/history-diffs/082-9af7ce8cc3.diff	file	0664	1789385398244706101	2432	7aeacfe029f5f3c4e24bac956111444f6903405b9b649755a11540cd68ab3590		copy	run-evidence		{}
specula/runs/nvflare-job-lifecycle-20260914/nvflare-job-lifecycle/.specula-output/evidence/history-diffs/083-767fcac903.diff	evidence/history-diffs/083-767fcac903.diff	file	0664	1789385398249706041	2122	ca03538ba33339c9c49007fea5c259aed69591a1d2b7508523b95c83915c7943		copy	run-evidence		{}
specula/runs/nvflare-job-lifecycle-20260914/nvflare-job-lifecycle/.specula-output/evidence/history-diffs/084-265c21cd87.diff	evidence/history-diffs/084-265c21cd87.diff	file	0664	1789385398738700235	2207	2acfe3c611e335952a7338b504ffd0ac3b771fda650a9a1f58067fb8d5fe3a46		copy	run-evidence		{}
specula/runs/nvflare-job-lifecycle-20260914/nvflare-job-lifecycle/.specula-output/evidence/history-diffs/085-8bb1b84cb8.diff	evidence/history-diffs/085-8bb1b84cb8.diff	file	0664	1789385399195694808	1211	98c1daed5b59091235317106c8c139ac38511d5074c7c2ccaf600f3ed9e299f8		copy	run-evidence		{}
specula/runs/nvflare-job-lifecycle-20260914/nvflare-job-lifecycle/.specula-output/evidence/history-diffs/086-f948b6ecc7.diff	evidence/history-diffs/086-f948b6ecc7.diff	file	0664	1789385399624689713	2598	04280c6f692dff34a550e80f58df0856e2e4b517dfc48bf47036f0ddd295aa72		copy	run-evidence		{}
specula/runs/nvflare-job-lifecycle-20260914/nvflare-job-lifecycle/.specula-output/evidence/history-diffs/087-16730ec7af.diff	evidence/history-diffs/087-16730ec7af.diff	file	0664	1789385400058684560	2128	0b8be27d8953d289d7ab79495e6445f9f1d5b67818099f8185062fc58ff7c926		copy	run-evidence		{}
specula/runs/nvflare-job-lifecycle-20260914/nvflare-job-lifecycle/.specula-output/evidence/history-diffs/088-75faaec96e.diff	evidence/history-diffs/088-75faaec96e.diff	file	0664	1789385400507679228	1837	999169d76b520fa3e04ab3baf3d1d6901fc67b8ac5b65a09a4d05bd9ff0c21b6		copy	run-evidence		{}
specula/runs/nvflare-job-lifecycle-20260914/nvflare-job-lifecycle/.specula-output/evidence/history-diffs/089-8dcac91a95.diff	evidence/history-diffs/089-8dcac91a95.diff	file	0664	1789385401002673350	2480	6c0a1713f509d899b426e94bd37f28dee17debbb10db42aa29d850a349f01cd6		copy	run-evidence		{}
specula/runs/nvflare-job-lifecycle-20260914/nvflare-job-lifecycle/.specula-output/evidence/history-diffs/090-1a1377b072.diff	evidence/history-diffs/090-1a1377b072.diff	file	0664	1789385401453667991	1213	cf65c36573afb20619f5b67860b1d83cb09d97073d130d6fe3056f1f4e69ab7b		copy	run-evidence		{}
specula/runs/nvflare-job-lifecycle-20260914/nvflare-job-lifecycle/.specula-output/evidence/history-diffs/091-baae3d8115.diff	evidence/history-diffs/091-baae3d8115.diff	file	0664	1789385401935662253	1298	509299955f7658545dac1dbbb741da293badc6e16d389574b72603761778bccd		copy	run-evidence		{}
specula/runs/nvflare-job-lifecycle-20260914/nvflare-job-lifecycle/.specula-output/evidence/history-diffs/092-385dc3c2e4.diff	evidence/history-diffs/092-385dc3c2e4.diff	file	0664	1789385402448656147	1143	98297e37fe16f9a85405f94bbde0aa1c6beb1d90e332ea1293b2b4be4ff3ae51		copy	run-evidence		{}
specula/runs/nvflare-job-lifecycle-20260914/nvflare-job-lifecycle/.specula-output/evidence/history-diffs/093-17eaadc587.diff	evidence/history-diffs/093-17eaadc587.diff	file	0664	1789385403111648255	1143	fdaff19fbef4d40784ef054880acd5d2bde771aded0e6a1967596f325163dda2		copy	run-evidence		{}
specula/runs/nvflare-job-lifecycle-20260914/nvflare-job-lifecycle/.specula-output/evidence/history-diffs/094-0e443f88cc.diff	evidence/history-diffs/094-0e443f88cc.diff	file	0664	1789385403622642172	9673	35a6c8be1761d23753860a1fa4a39694f0b5b432e41830a669a9426eb1a04543		copy	run-evidence		{}
specula/runs/nvflare-job-lifecycle-20260914/nvflare-job-lifecycle/.specula-output/evidence/history-diffs/095-e4f8d417d1.diff	evidence/history-diffs/095-e4f8d417d1.diff	file	0664	1789385404075636780	14703	30c2738e20e484436e46165909aa7ff93318cff66b9882715de1f126781f1dd7		copy	run-evidence		{}
specula/runs/nvflare-job-lifecycle-20260914/nvflare-job-lifecycle/.specula-output/evidence/history-diffs/096-275781635e.diff	evidence/history-diffs/096-275781635e.diff	file	0664	1789385404080636720	14617	34a25cfd59e7b2d81142b3e5321583ec06d38cd1f5c97efd09b382abe63db6ff		copy	run-evidence		{}
specula/runs/nvflare-job-lifecycle-20260914/nvflare-job-lifecycle/.specula-output/evidence/history-diffs/097-4327d7c3b4.diff	evidence/history-diffs/097-4327d7c3b4.diff	file	0664	1789385404512631578	1942	6bdfe7ed01f5d40d5c316d4efffc5e0cb74b40497ba67716f1eb3a49cbaadf10		copy	run-evidence		{}
specula/runs/nvflare-job-lifecycle-20260914/nvflare-job-lifecycle/.specula-output/evidence/history-diffs/098-0a0d3abd8f.diff	evidence/history-diffs/098-0a0d3abd8f.diff	file	0664	1789385404972626102	3638	dcd532074af3d874f7d2153d8637268a6735638026128ec2e3377b5f1fa00ef2		copy	run-evidence		{}
specula/runs/nvflare-job-lifecycle-20260914/nvflare-job-lifecycle/.specula-output/evidence/history-diffs/099-90d7d8373f.diff	evidence/history-diffs/099-90d7d8373f.diff	file	0664	1789385405415620830	1841	9a830e70e63dff5230d472aac23ade16e08df32c2ca9dfb9830844848a6dbb6d		copy	run-evidence		{}
specula/runs/nvflare-job-lifecycle-20260914/nvflare-job-lifecycle/.specula-output/evidence/history-diffs/100-ca6da08b57.diff	evidence/history-diffs/100-ca6da08b57.diff	file	0664	1789385405915614878	2637	569fa8284515045128fb3dc01c023a4584224628e969e66f00205ec30bd03fa4		copy	run-evidence		{}
specula/runs/nvflare-job-lifecycle-20260914/nvflare-job-lifecycle/.specula-output/evidence/history-diffs/101-38fa2c7503.diff	evidence/history-diffs/101-38fa2c7503.diff	file	0664	1789385406342609795	2795	027ca2e9876f3ef54f74b23bb711b7baaa19c509c0a6b749e365827b17c3ffb3		copy	run-evidence		{}
specula/runs/nvflare-job-lifecycle-20260914/nvflare-job-lifecycle/.specula-output/evidence/history-diffs/102-2dad0bde7d.diff	evidence/history-diffs/102-2dad0bde7d.diff	file	0664	1789385406783604546	4143	084bc0a32ecb2d078c6ad5b82d58b1a1b33652a556df14d5421c639d290afa13		copy	run-evidence		{}
specula/runs/nvflare-job-lifecycle-20260914/nvflare-job-lifecycle/.specula-output/evidence/history-diffs/103-a060c60ffc.diff	evidence/history-diffs/103-a060c60ffc.diff	file	0664	1789385407223599309	5440	7ad5874e4685b4682ee1eb0fa5242355cc8488da8a5817ab87f7a98577325d75		copy	run-evidence		{}
specula/runs/nvflare-job-lifecycle-20260914/nvflare-job-lifecycle/.specula-output/evidence/history-diffs/104-fa4290fc30.diff	evidence/history-diffs/104-fa4290fc30.diff	file	0664	1789385407683593833	1847	d553c0f6b865ce1298262e40a12da88b53f5a864edfbb208e0b47de8c0fd73d4		copy	run-evidence		{}
specula/runs/nvflare-job-lifecycle-20260914/nvflare-job-lifecycle/.specula-output/evidence/history-diffs/105-57fea64bbc.diff	evidence/history-diffs/105-57fea64bbc.diff	file	0664	1789385408166588084	1140	d4629d25f5b2471745de789b9b9cb2b13824b9a00348e35dc8e15228b3b4aad7		copy	run-evidence		{}
specula/runs/nvflare-job-lifecycle-20260914/nvflare-job-lifecycle/.specula-output/evidence/history-diffs/106-2d2b065e3b.diff	evidence/history-diffs/106-2d2b065e3b.diff	file	0664	1789385408619582692	15933	6c401690b3b811d291ea7a9c23a840ab9bef1b85c9724c370849316658807fae		copy	run-evidence		{}
specula/runs/nvflare-job-lifecycle-20260914/nvflare-job-lifecycle/.specula-output/evidence/history-diffs/107-3ddd07cfbe.diff	evidence/history-diffs/107-3ddd07cfbe.diff	file	0664	1789385409048577585	1673	4df82a2ba7c9b090ed17ae90047de674ae086684aca8cd205dc15a1f4930f438		copy	run-evidence		{}
specula/runs/nvflare-job-lifecycle-20260914/nvflare-job-lifecycle/.specula-output/evidence/history-diffs/108-efba82fc7c.diff	evidence/history-diffs/108-efba82fc7c.diff	file	0664	1789385409469572579	1849	0a3f122a9bcc3186dc3c4a4e21f40d2458d4ee5231afdcf665cd526e06b47c7a		copy	run-evidence		{}
specula/runs/nvflare-job-lifecycle-20260914/nvflare-job-lifecycle/.specula-output/evidence/history-diffs/109-a99f0ee434.diff	evidence/history-diffs/109-a99f0ee434.diff	file	0664	1789385409888567608	2565	9198f0dc3392ffaf712dd051aeb01c948e620a94425a918dd78dcb34cc46b2ea		copy	run-evidence		{}
specula/runs/nvflare-job-lifecycle-20260914/nvflare-job-lifecycle/.specula-output/evidence/history-diffs/110-b07b763958.diff	evidence/history-diffs/110-b07b763958.diff	file	0664	1789385410349562139	14116	7dca5d770575caf86d18e347cf326e148fce8591bf0015a6467fc9841900ef1f		copy	run-evidence		{}
specula/runs/nvflare-job-lifecycle-20260914/nvflare-job-lifecycle/.specula-output/evidence/history-diffs/111-7e904c2bbb.diff	evidence/history-diffs/111-7e904c2bbb.diff	file	0664	1789385410783556990	2346	672b0322994a228168509cd1d7e657a45c09e2b5f7eb0d2d99511d9157b8a67b		copy	run-evidence		{}
specula/runs/nvflare-job-lifecycle-20260914/nvflare-job-lifecycle/.specula-output/evidence/history-diffs/112-734afc92ef.diff	evidence/history-diffs/112-734afc92ef.diff	file	0664	1789385411207551960	4552	cc4827fff94a6243b35b700639f0e7f9b2c77bfd5f6aedd4ee7cefb428845712		copy	run-evidence		{}
specula/runs/nvflare-job-lifecycle-20260914/nvflare-job-lifecycle/.specula-output/evidence/history-diffs/113-c699a64597.diff	evidence/history-diffs/113-c699a64597.diff	file	0664	1789385411656546633	3548	ab25ce4360742070549cad4f30e3150da0b38406205c3a36dd01e8da877faf86		copy	run-evidence		{}
specula/runs/nvflare-job-lifecycle-20260914/nvflare-job-lifecycle/.specula-output/evidence/history-diffs/114-5fd71c5b34.diff	evidence/history-diffs/114-5fd71c5b34.diff	file	0664	1789385411661546574	3363	9df2c4ceb4407c7541b37de4e853476e412b6b690dd7d5e3ead48a7d87ff5777		copy	run-evidence		{}
specula/runs/nvflare-job-lifecycle-20260914/nvflare-job-lifecycle/.specula-output/evidence/history-diffs/115-545420030c.diff	evidence/history-diffs/115-545420030c.diff	file	0664	1789385412119541140	5185	15b4617e2117e95cecf6e26c8524f64e06fc15f0333548b3566187a8fbbf8ac5		copy	run-evidence		{}
specula/runs/nvflare-job-lifecycle-20260914/nvflare-job-lifecycle/.specula-output/evidence/history-diffs/116-ca112fb6de.diff	evidence/history-diffs/116-ca112fb6de.diff	file	0664	1789385412551536015	1492	3254eb0e1775bb96766e550ebf840b762432fed57f245bb744380175e41afa72		copy	run-evidence		{}
specula/runs/nvflare-job-lifecycle-20260914/nvflare-job-lifecycle/.specula-output/evidence/history-diffs/117-77daca3a2a.diff	evidence/history-diffs/117-77daca3a2a.diff	file	0664	1789385413039530226	1525	a74ad3be410bee0e7dc17b19d50ab7d93d27e346b7bb46db5b40944d3e240f16		copy	run-evidence		{}
specula/runs/nvflare-job-lifecycle-20260914/nvflare-job-lifecycle/.specula-output/evidence/history-diffs/118-387e04a4d2.diff	evidence/history-diffs/118-387e04a4d2.diff	file	0664	1789385413530524401	7170	e0db17935eb6824a6978d9c19abcf8074b75790d14fe08bb94b789223cd079a7		copy	run-evidence		{}
specula/runs/nvflare-job-lifecycle-20260914/nvflare-job-lifecycle/.specula-output/evidence/history-diffs/119-6048ffc421.diff	evidence/history-diffs/119-6048ffc421.diff	file	0664	1789385414012518683	5603	34211c163a825be9d908b899d149f08771d1fad766ce04adac9a4341184d63cf		copy	run-evidence		{}
specula/runs/nvflare-job-lifecycle-20260914/nvflare-job-lifecycle/.specula-output/evidence/history-diffs/120-934087e6bd.diff	evidence/history-diffs/120-934087e6bd.diff	file	0664	1789385414017518623	5397	548c489893839e7c86ff99ebdf761298f2c817059b2534fe02d095806aaecd01		copy	run-evidence		{}
specula/runs/nvflare-job-lifecycle-20260914/nvflare-job-lifecycle/.specula-output/evidence/history-diffs/121-1acd9af9ff.diff	evidence/history-diffs/121-1acd9af9ff.diff	file	0664	1789385414022518564	1230	473049ad2a225ab8d2bad7ab342c2d2593075f13c3f6b22d7c4c9348801eeec3		copy	run-evidence		{}
specula/runs/nvflare-job-lifecycle-20260914/nvflare-job-lifecycle/.specula-output/evidence/history-diffs/122-122ab1863c.diff	evidence/history-diffs/122-122ab1863c.diff	file	0664	1789385414026518517	3456	dab9c44af0d391a6c69c6b7ca8251c98afc9cb98627835caac63b017113fd8f3		copy	run-evidence		{}
specula/runs/nvflare-job-lifecycle-20260914/nvflare-job-lifecycle/.specula-output/evidence/history-diffs/123-00b78e5a5b.diff	evidence/history-diffs/123-00b78e5a5b.diff	file	0664	1789385414501512882	148320	6d9dc3b768f9b3bb35326f89a674ff250e327226d32f108bc26000e9135b1967		copy	run-evidence		{}
specula/runs/nvflare-job-lifecycle-20260914/nvflare-job-lifecycle/.specula-output/evidence/history-diffs/124-797584ddcf.diff	evidence/history-diffs/124-797584ddcf.diff	file	0664	1789385414971507306	5400	85139343be71334ca45f369959b0a3eba0de9edbb2bd93ea3ef1f0da083b9cc5		copy	run-evidence		{}
specula/runs/nvflare-job-lifecycle-20260914/nvflare-job-lifecycle/.specula-output/evidence/history-diffs/125-36e26e95f3.diff	evidence/history-diffs/125-36e26e95f3.diff	file	0664	1789385415491501136	5001	1b7e6746d6f7c007d33e60cc0e1648a60608ec6bb7fae5fcaff73ed3c711f7e9		copy	run-evidence		{}
specula/runs/nvflare-job-lifecycle-20260914/nvflare-job-lifecycle/.specula-output/evidence/history-diffs/126-ad53214936.diff	evidence/history-diffs/126-ad53214936.diff	file	0664	1789385415940495810	2723	28ed5d10eb59efe88f1d624f3806e6d74e122bf85f69dd9197b80851523855ee		copy	run-evidence		{}
specula/runs/nvflare-job-lifecycle-20260914/nvflare-job-lifecycle/.specula-output/evidence/history-diffs/127-9f49a10963.diff	evidence/history-diffs/127-9f49a10963.diff	file	0664	1789385416406490282	5054	0ac6157deaf01efb6d30fce3391ac471b4a159356774a631a23eec5a5f4cdd41		copy	run-evidence		{}
specula/runs/nvflare-job-lifecycle-20260914/nvflare-job-lifecycle/.specula-output/evidence/history-diffs/128-f49da279e3.diff	evidence/history-diffs/128-f49da279e3.diff	file	0664	1789385416837485169	1350	c75de71e6b594193675bf78ebf21b6ea03e142cdedd6b7534f39d1ca5ded8c7f		copy	run-evidence		{}
specula/runs/nvflare-job-lifecycle-20260914/nvflare-job-lifecycle/.specula-output/evidence/history-diffs/129-bb840df03b.diff	evidence/history-diffs/129-bb840df03b.diff	file	0664	1789385417282479890	4962	e0bd09da2dda9341fbff63afab6fde42a9a5e5e3ac91d72361d555ebc01977c3		copy	run-evidence		{}
specula/runs/nvflare-job-lifecycle-20260914/nvflare-job-lifecycle/.specula-output/evidence/history-diffs/130-b25e6bd343.diff	evidence/history-diffs/130-b25e6bd343.diff	file	0664	1789385417705474877	2820	6b0b0c67a41b9cbc4a333ba9865b10f1c731ef5d28476300008a381c152a37b6		copy	run-evidence		{}
specula/runs/nvflare-job-lifecycle-20260914/nvflare-job-lifecycle/.specula-output/evidence/history-diffs/131-195110c24c.diff	evidence/history-diffs/131-195110c24c.diff	file	0664	1789385418227468691	4596	e636e991ee6fcc746b6452a8ed087481d32792b51c7497168d479ffba561e12a		copy	run-evidence		{}
specula/runs/nvflare-job-lifecycle-20260914/nvflare-job-lifecycle/.specula-output/evidence/history-diffs/132-0bc364615b.diff	evidence/history-diffs/132-0bc364615b.diff	file	0664	1789385418654463631	1304	9a90e22b7c915fc18f722b88f8d6975e115e6adef179c1267538f595532f6ec9		copy	run-evidence		{}
specula/runs/nvflare-job-lifecycle-20260914/nvflare-job-lifecycle/.specula-output/evidence/history-diffs/133-1571296fd5.diff	evidence/history-diffs/133-1571296fd5.diff	file	0664	1789385419085458524	4390	41f30984616b301a455a1394bffc780dbaa11153fc470ddc40c2dc3b5f9210f3		copy	run-evidence		{}
specula/runs/nvflare-job-lifecycle-20260914/nvflare-job-lifecycle/.specula-output/evidence/history-diffs/134-9e1881da16.diff	evidence/history-diffs/134-9e1881da16.diff	file	0664	1789385419557452932	1133	45e801b097c2c8a86c879a524ef3cc61e828d63746e8d659957864c0205ddfb9		copy	run-evidence		{}
specula/runs/nvflare-job-lifecycle-20260914/nvflare-job-lifecycle/.specula-output/evidence/history-diffs/135-30fbc3b0f8.diff	evidence/history-diffs/135-30fbc3b0f8.diff	file	0664	1789385420022447420	4314	c71f713bcc2376fc94dcd04e0314f2c5e3ff3c0f7363300d91a2a8f50d4e56cb		copy	run-evidence		{}
specula/runs/nvflare-job-lifecycle-20260914/nvflare-job-lifecycle/.specula-output/evidence/history-diffs/136-5535bdb75e.diff	evidence/history-diffs/136-5535bdb75e.diff	file	0664	1789385420480441995	1985	61a9f9343f3039abb7f56e1db581b3ed611af499ed5ae83d041cbad310eb13ea		copy	run-evidence		{}
specula/runs/nvflare-job-lifecycle-20260914/nvflare-job-lifecycle/.specula-output/evidence/history-diffs/137-2f8e73b649.diff	evidence/history-diffs/137-2f8e73b649.diff	file	0664	1789385420945436485	2949	dfb295fc2dc55e2f6e88e59123c870dca24a66e73e8c55bd1fed35cc86e14c9b		copy	run-evidence		{}
specula/runs/nvflare-job-lifecycle-20260914/nvflare-job-lifecycle/.specula-output/evidence/history-diffs/138-8a3e3cb081.diff	evidence/history-diffs/138-8a3e3cb081.diff	file	0664	1789385421438430643	9418	3b1f3d61a9c0a1ef966fae6fa83486cc9018ac2bda38455f51116df047b03561		copy	run-evidence		{}
specula/runs/nvflare-job-lifecycle-20260914/nvflare-job-lifecycle/.specula-output/evidence/history-diffs/139-597b29d565.diff	evidence/history-diffs/139-597b29d565.diff	file	0664	1789385421891425276	2343	5a64c8efb2e747e753fe68d8e0454d22749fb9c114be99c0bdfca769a47bae24		copy	run-evidence		{}
specula/runs/nvflare-job-lifecycle-20260914/nvflare-job-lifecycle/.specula-output/evidence/history-diffs/140-3225529de7.diff	evidence/history-diffs/140-3225529de7.diff	file	0664	1789385422368419623	4988	1330ef3cc8b3bf60725ce3c235041960c5900c78d932a407bf17cedf7bf4edf2		copy	run-evidence		{}
specula/runs/nvflare-job-lifecycle-20260914/nvflare-job-lifecycle/.specula-output/evidence/history-diffs/141-bc1a9c3b4e.diff	evidence/history-diffs/141-bc1a9c3b4e.diff	file	0664	1789385422831414137	5270	769d66a0846518975fb4bb2b9e3ca7533e16d0b0372d524392223565e10be4e3		copy	run-evidence		{}
specula/runs/nvflare-job-lifecycle-20260914/nvflare-job-lifecycle/.specula-output/evidence/history-diffs/142-508c7d232d.diff	evidence/history-diffs/142-508c7d232d.diff	file	0664	1789385423356407916	2310	2f1bbfd9ea71ab753590b31576c32addd036f91408b66c6086c4f0569039500a		copy	run-evidence		{}
specula/runs/nvflare-job-lifecycle-20260914/nvflare-job-lifecycle/.specula-output/evidence/history-diffs/143-da28bc4065.diff	evidence/history-diffs/143-da28bc4065.diff	file	0664	1789385423826402346	1132	0b07dc9c4dc8d48ca69b36e18a99afecfb108fe19f02831d725145650a493e34		copy	run-evidence		{}
specula/runs/nvflare-job-lifecycle-20260914/nvflare-job-lifecycle/.specula-output/evidence/history-diffs/144-17b8532a71.diff	evidence/history-diffs/144-17b8532a71.diff	file	0664	1789385424275397025	2115	0feda9aa548df0e7d4a9a05eeef8e86d09ab9e51617fb3243b1ccd79f3be80f5		copy	run-evidence		{}
specula/runs/nvflare-job-lifecycle-20260914/nvflare-job-lifecycle/.specula-output/evidence/history-diffs/145-6f75707f34.diff	evidence/history-diffs/145-6f75707f34.diff	file	0664	1789385424727391670	37381	c9a759651fbdae2538d8975d013befd7bcb7906da025f598ac13b7acfdd48ae6		copy	run-evidence		{}
specula/runs/nvflare-job-lifecycle-20260914/nvflare-job-lifecycle/.specula-output/evidence/history-diffs/146-9c3d873669.diff	evidence/history-diffs/146-9c3d873669.diff	file	0664	1789385425171386409	17559	abec520e924300e2a16d14c2d8068c95d3b03455cfc5b3638f916a747e0ea924		copy	run-evidence		{}
specula/runs/nvflare-job-lifecycle-20260914/nvflare-job-lifecycle/.specula-output/evidence/history-diffs/147-728973c971.diff	evidence/history-diffs/147-728973c971.diff	file	0664	1789385425616381122	1050	f1c9f0038f83df2d62e190c9a9ac60909dde9e9214a79a999f3c1ce46e9f1c8a		copy	run-evidence		{}
specula/runs/nvflare-job-lifecycle-20260914/nvflare-job-lifecycle/.specula-output/evidence/history-diffs/148-ba4d4b71a3.diff	evidence/history-diffs/148-ba4d4b71a3.diff	file	0664	1789385426033376159	1503	c523d4e9d240105795393f8efbb501cb0e79f33e3a5b7e3da45914f53518d4fb		copy	run-evidence		{}
specula/runs/nvflare-job-lifecycle-20260914/nvflare-job-lifecycle/.specula-output/evidence/history-diffs/149-80435afde2.diff	evidence/history-diffs/149-80435afde2.diff	file	0664	1789385426504370553	20236	2df4857a795bda4756be135f53a28e96942b2e62ea0ecd99b3d489ad80d4417f		copy	run-evidence		{}
specula/runs/nvflare-job-lifecycle-20260914/nvflare-job-lifecycle/.specula-output/evidence/history-diffs/150-d293aaf4f4.diff	evidence/history-diffs/150-d293aaf4f4.diff	file	0664	1789385426923365566	2145	3f026cdc7f6211354946ba81409e7d7bff03578cc77cf9d51f48d6ca53c0d752		copy	run-evidence		{}
specula/runs/nvflare-job-lifecycle-20260914/nvflare-job-lifecycle/.specula-output/evidence/history-diffs/151-58eb05f65f.diff	evidence/history-diffs/151-58eb05f65f.diff	file	0664	1789385427380360127	4976	045994c73cf589d902054d8255b882f507823954809f235eb0a8889c97a90706		copy	run-evidence		{}
specula/runs/nvflare-job-lifecycle-20260914/nvflare-job-lifecycle/.specula-output/evidence/history-diffs/152-ce306e0470.diff	evidence/history-diffs/152-ce306e0470.diff	file	0664	1789385427835354712	6361	9d818c3008d3f0e4da2d08d06d0b83fced0ba6ffe793daaeb7d0943d89fe4402		copy	run-evidence		{}
specula/runs/nvflare-job-lifecycle-20260914/nvflare-job-lifecycle/.specula-output/evidence/history-diffs/153-eb78253305.diff	evidence/history-diffs/153-eb78253305.diff	file	0664	1789385428295349236	8376	04c29fc2d4f5b2af39b6c822526cc2b908faf8912f2f993d06367c037863aaa0		copy	run-evidence		{}
specula/runs/nvflare-job-lifecycle-20260914/nvflare-job-lifecycle/.specula-output/evidence/history-diffs/154-8e563681d2.diff	evidence/history-diffs/154-8e563681d2.diff	file	0664	1789385428300349177	1581	292c49f11ef76d288a78db7a6c72864eab448ea03d63ffd93095e64e2844bd62		copy	run-evidence		{}
specula/runs/nvflare-job-lifecycle-20260914/nvflare-job-lifecycle/.specula-output/evidence/history-diffs/155-82fec3f732.diff	evidence/history-diffs/155-82fec3f732.diff	file	0664	1789385428735343999	1843	101a859c70d5f9a1461e0f3da7eee6518cab9e300a1e508b0573eb8da93e1ce4		copy	run-evidence		{}
specula/runs/nvflare-job-lifecycle-20260914/nvflare-job-lifecycle/.specula-output/evidence/history-diffs/156-2c89c887a8.diff	evidence/history-diffs/156-2c89c887a8.diff	file	0664	1789385429178338727	5439	4f9192acda83d25734534a1dd9b096fd5b0645c6c81c02fa45680311af0b40b8		copy	run-evidence		{}
specula/runs/nvflare-job-lifecycle-20260914/nvflare-job-lifecycle/.specula-output/evidence/history-diffs/157-9f091b3da7.diff	evidence/history-diffs/157-9f091b3da7.diff	file	0664	1789385429623333430	8291	4852b3300f80bbf1540b613b78e2741b8cff63190c982b0d4b8ed43887ee2bf9		copy	run-evidence		{}
specula/runs/nvflare-job-lifecycle-20260914/nvflare-job-lifecycle/.specula-output/evidence/history-diffs/158-7e9d036a35.diff	evidence/history-diffs/158-7e9d036a35.diff	file	0664	1789385430032328563	1497	1c2b121846736fce8f74da9cde31b680a56f484fed445106caa7728c4660e5fe		copy	run-evidence		{}
specula/runs/nvflare-job-lifecycle-20260914/nvflare-job-lifecycle/.specula-output/evidence/history-diffs/159-b575e69fe3.diff	evidence/history-diffs/159-b575e69fe3.diff	file	0664	1789385430500322992	3253	90f198d55b6646d9363e9729217488030e0b30d3828e3cfd36e83ef4966391fa		copy	run-evidence		{}
specula/runs/nvflare-job-lifecycle-20260914/nvflare-job-lifecycle/.specula-output/evidence/history-diffs/160-3f3c0492b9.diff	evidence/history-diffs/160-3f3c0492b9.diff	file	0664	1789385430949317648	13747	6b77a48a2fb0b46a78eb11a429f7aa50a0f58cb17e707f197230e3b523848a7d		copy	run-evidence		{}
specula/runs/nvflare-job-lifecycle-20260914/nvflare-job-lifecycle/.specula-output/evidence/history-diffs/161-df539aab58.diff	evidence/history-diffs/161-df539aab58.diff	file	0664	1789385431406312209	8212	a5e439d05bb2cf8a591fbdd9ce53a003e03a544bcdbfa6d4be3490f039384775		copy	run-evidence		{}
specula/runs/nvflare-job-lifecycle-20260914/nvflare-job-lifecycle/.specula-output/evidence/history-diffs/162-b17d94ce46.diff	evidence/history-diffs/162-b17d94ce46.diff	file	0664	1789385431876306615	1190	6b4d07b127d0f82a54df2fc4c38ead92c84cb8fecca794b2cf813021958eca21		copy	run-evidence		{}
specula/runs/nvflare-job-lifecycle-20260914/nvflare-job-lifecycle/.specula-output/evidence/history-diffs/163-5b7713f20e.diff	evidence/history-diffs/163-5b7713f20e.diff	file	0664	1789385432325301272	16548	77e83357b21ccac37dd7ad5a1ed3b22d35ae233fc742facb3edd40d2038215e0		copy	run-evidence		{}
specula/runs/nvflare-job-lifecycle-20260914/nvflare-job-lifecycle/.specula-output/evidence/history-diffs/164-471e9e3e02.diff	evidence/history-diffs/164-471e9e3e02.diff	file	0664	1789385432771295964	2015	1040486c16999d79d50ef3a6f3b4dbcfa0212a97341e3b9215e0840af39da31b		copy	run-evidence		{}
specula/runs/nvflare-job-lifecycle-20260914/nvflare-job-lifecycle/.specula-output/evidence/history-diffs/165-242d831b61.diff	evidence/history-diffs/165-242d831b61.diff	file	0664	1789385433205290798	9277	35eabe917cba222f9939d19ae8a00323e13461efa7f9afca718dd50348ae8a74		copy	run-evidence		{}
specula/runs/nvflare-job-lifecycle-20260914/nvflare-job-lifecycle/.specula-output/evidence/history-diffs/166-afc4535dcc.diff	evidence/history-diffs/166-afc4535dcc.diff	file	0664	1789385433671285250	1725	3f5e1b145e130d7f3b39a64e6edd3a79a2935f1c3e4ab81fd7311212ebdfadae		copy	run-evidence		{}
specula/runs/nvflare-job-lifecycle-20260914/nvflare-job-lifecycle/.specula-output/evidence/history-diffs/167-e5e8c15a34.diff	evidence/history-diffs/167-e5e8c15a34.diff	file	0664	1789385434114279973	20400	e90b5b26f1ad93c0bc948f7ba7c778326ba196ed1a91b6941d35d296e872b1ac		copy	run-evidence		{}
specula/runs/nvflare-job-lifecycle-20260914/nvflare-job-lifecycle/.specula-output/evidence/history-diffs/168-378499a895.diff	evidence/history-diffs/168-378499a895.diff	file	0664	1789385434558274685	3465	c1c8e413dfa37d8f28031d98049f35af2a212cf4814dd542a6b9f0b2edefdcf1		copy	run-evidence		{}
specula/runs/nvflare-job-lifecycle-20260914/nvflare-job-lifecycle/.specula-output/evidence/history-diffs/169-88c94191c7.diff	evidence/history-diffs/169-88c94191c7.diff	file	0664	1789385435050268825	7705	c696cb5c16adc78eaacb97a7045bf6f50f77163856c219904da558c07d2a8b43		copy	run-evidence		{}
specula/runs/nvflare-job-lifecycle-20260914/nvflare-job-lifecycle/.specula-output/evidence/history-diffs/170-92b013bde3.diff	evidence/history-diffs/170-92b013bde3.diff	file	0664	1789385435478263728	3729	8589edef37aa55c5cfec1f1d1a0a1391006e835215e8d78fbe2117dbcba3075c		copy	run-evidence		{}
specula/runs/nvflare-job-lifecycle-20260914/nvflare-job-lifecycle/.specula-output/evidence/history-diffs/171-4b65047784.diff	evidence/history-diffs/171-4b65047784.diff	file	0664	1789385435922258440	1795	61a9835e6f1f774700b857bec2343b676308e1336842a31f08700410dd044405		copy	run-evidence		{}
specula/runs/nvflare-job-lifecycle-20260914/nvflare-job-lifecycle/.specula-output/evidence/history-diffs/172-6ddf1d3768.diff	evidence/history-diffs/172-6ddf1d3768.diff	file	0664	1789385436358253247	18073	0e38be5d6a319e359c15d160971568468d6830c46abef44bf0c14216826a3cc3		copy	run-evidence		{}
specula/runs/nvflare-job-lifecycle-20260914/nvflare-job-lifecycle/.specula-output/evidence/history-diffs/173-55f87bf1f9.diff	evidence/history-diffs/173-55f87bf1f9.diff	file	0664	1789385436818247769	1198	876d9d02261c3332d9339b6b343ab8a571c326a9c44ca50ae0976a7a42609fec		copy	run-evidence		{}
specula/runs/nvflare-job-lifecycle-20260914/nvflare-job-lifecycle/.specula-output/evidence/history-diffs/174-55e74fe2af.diff	evidence/history-diffs/174-55e74fe2af.diff	file	0664	1789385437269242397	8689	06257c9d9dae2446b9e0c28c40121de6ef846a5fc1500a4a9fe192942afebf0c		copy	run-evidence		{}
specula/runs/nvflare-job-lifecycle-20260914/nvflare-job-lifecycle/.specula-output/evidence/history-diffs/175-9895b1c867.diff	evidence/history-diffs/175-9895b1c867.diff	file	0664	1789385437718237049	4356	5e0019c6516afecf7934e0664cf84bf9f8b6e73e8c62b420d40f4441a90ed50e		copy	run-evidence		{}
specula/runs/nvflare-job-lifecycle-20260914/nvflare-job-lifecycle/.specula-output/evidence/history-diffs/176-99c199e2ed.diff	evidence/history-diffs/176-99c199e2ed.diff	file	0664	1789385438171231654	10889	8d48bc69c9ba2e0881877fd102546e11c0fa0bc24e0cb355fb568d8ba2091833		copy	run-evidence		{}
specula/runs/nvflare-job-lifecycle-20260914/nvflare-job-lifecycle/.specula-output/evidence/history-diffs/177-6cde16f3f4.diff	evidence/history-diffs/177-6cde16f3f4.diff	file	0664	1789385438611226414	8023	ea6dd3707371cb4b87801d01ded8b52a3bc7ab232ad60078ead5ba4b3f391759		copy	run-evidence		{}
specula/runs/nvflare-job-lifecycle-20260914/nvflare-job-lifecycle/.specula-output/evidence/history-diffs/178-8e11bae0ff.diff	evidence/history-diffs/178-8e11bae0ff.diff	file	0664	1789385438615226366	1049	56d888b7a4cb109ad67438c0f6af7c507ae947044d382984c6060f95bcc0af91		copy	run-evidence		{}
specula/runs/nvflare-job-lifecycle-20260914/nvflare-job-lifecycle/.specula-output/evidence/history-diffs/179-6979c79752.diff	evidence/history-diffs/179-6979c79752.diff	file	0664	1789385439062221042	2476	01ab121ad6cc1735a5f5da6e3fba9c89b491c74af2b77c03477cbb29216d7e14		copy	run-evidence		{}
specula/runs/nvflare-job-lifecycle-20260914/nvflare-job-lifecycle/.specula-output/evidence/history-diffs/180-07944d2032.diff	evidence/history-diffs/180-07944d2032.diff	file	0664	1789385439487215980	2524	8fcb6ec69ed2bd334534b9430f7e3b4c0517567a211af5495abd137549b7705c		copy	run-evidence		{}
specula/runs/nvflare-job-lifecycle-20260914/nvflare-job-lifecycle/.specula-output/evidence/history-diffs/181-66391a87bf.diff	evidence/history-diffs/181-66391a87bf.diff	file	0664	1789385439916210871	1629	556d60133bcd49353e3f9d3fcc285720545ac788f05c192455b3a6f4239c4ca3		copy	run-evidence		{}
specula/runs/nvflare-job-lifecycle-20260914/nvflare-job-lifecycle/.specula-output/evidence/history-diffs/182-e1bf063eea.diff	evidence/history-diffs/182-e1bf063eea.diff	file	0664	1789385440380205345	2491	98d298aee62218608cea294aaac35ebd86a37be513323f95f8def6adbfd2bed2		copy	run-evidence		{}
specula/runs/nvflare-job-lifecycle-20260914/nvflare-job-lifecycle/.specula-output/evidence/history-diffs/183-2ea6522ca3.diff	evidence/history-diffs/183-2ea6522ca3.diff	file	0664	1789385440820200104	52296	756d7664c8da17375b3f160c1f22bd2ef061cbc0c75563dd0c927fd3fa4642df		copy	run-evidence		{}
specula/runs/nvflare-job-lifecycle-20260914/nvflare-job-lifecycle/.specula-output/evidence/history-diffs/184-03789dd960.diff	evidence/history-diffs/184-03789dd960.diff	file	0664	1789385441263194828	3853	18d9a10a44efc743d04dbab8bff7b09748d4882fa50ad1d336ff7bc0110a6d63		copy	run-evidence		{}
specula/runs/nvflare-job-lifecycle-20260914/nvflare-job-lifecycle/.specula-output/evidence/history-diffs/185-15bebb31cb.diff	evidence/history-diffs/185-15bebb31cb.diff	file	0664	1789385441734189215	5025	a75980f8d78ea99d3fbad38140d6dfeb43650e4471f98bdf0057fb79c7644862		copy	run-evidence		{}
specula/runs/nvflare-job-lifecycle-20260914/nvflare-job-lifecycle/.specula-output/evidence/history-diffs/186-16edf78ee7.diff	evidence/history-diffs/186-16edf78ee7.diff	file	0664	1789385442158184160	1555	cb793b4e51ab1ec95d58df4f2bc33c260c0f601a07374d31946ed54ee8d19a27		copy	run-evidence		{}
specula/runs/nvflare-job-lifecycle-20260914/nvflare-job-lifecycle/.specula-output/evidence/history-diffs/187-96a64e3cca.diff	evidence/history-diffs/187-96a64e3cca.diff	file	0664	1789385442613178736	2543	f1ba33158611dff533fb9cee68207fd79778b3d5adc08fcb32198f07a9b85488		copy	run-evidence		{}
specula/runs/nvflare-job-lifecycle-20260914/nvflare-job-lifecycle/.specula-output/evidence/history-diffs/188-a6dcce63ed.diff	evidence/history-diffs/188-a6dcce63ed.diff	file	0664	1789385443035173705	6406	a28a6a21ff7a14d05309a91b65775acd5f9b6dea1190f2129c0d03c0b0329d06		copy	run-evidence		{}
specula/runs/nvflare-job-lifecycle-20260914/nvflare-job-lifecycle/.specula-output/evidence/history-diffs/189-a0d75eaa38.diff	evidence/history-diffs/189-a0d75eaa38.diff	file	0664	1789385443486168328	10248	971ee62e4c7d39df44b7ecc3b1257cfa64a05bc67e364bd875da75ec724289c0		copy	run-evidence		{}
specula/runs/nvflare-job-lifecycle-20260914/nvflare-job-lifecycle/.specula-output/evidence/history-diffs/190-a8ee3c2bfe.diff	evidence/history-diffs/190-a8ee3c2bfe.diff	file	0664	1789385443946162844	5980	e349961da6c29cab143fc53c2ed85ddb5685b576f1b21c9dc97c5b729862ba6f		copy	run-evidence		{}
specula/runs/nvflare-job-lifecycle-20260914/nvflare-job-lifecycle/.specula-output/evidence/history-diffs/191-975dc146a2.diff	evidence/history-diffs/191-975dc146a2.diff	file	0664	1789385444387157587	16002	2549ebdfc77d76af93e51212dc1d23e5e6b5b6eb4ee4d64f3432b81f4f90335a		copy	run-evidence		{}
specula/runs/nvflare-job-lifecycle-20260914/nvflare-job-lifecycle/.specula-output/evidence/history-diffs/192-e385955ece.diff	evidence/history-diffs/192-e385955ece.diff	file	0664	1789385444833152270	2842	3915d2c8c5106e448e709e97206ef6c83e347304ff7fe2afa412e95ac71f266a		copy	run-evidence		{}
specula/runs/nvflare-job-lifecycle-20260914/nvflare-job-lifecycle/.specula-output/evidence/history-diffs/193-327be8ffaa.diff	evidence/history-diffs/193-327be8ffaa.diff	file	0664	1789385445259147192	15066	f0b7e7f2d6a8c87128a1757a8d1a25f65808752a89077f2d211fd0285c2aed3e		copy	run-evidence		{}
specula/runs/nvflare-job-lifecycle-20260914/nvflare-job-lifecycle/.specula-output/evidence/history-diffs/194-39c247d370.diff	evidence/history-diffs/194-39c247d370.diff	file	0664	1789385445736141506	5136	fd8d0f27285a3a928cf66a3fad7e171ab6f02918189d4b96b841ed0362b39a0e		copy	run-evidence		{}
specula/runs/nvflare-job-lifecycle-20260914/nvflare-job-lifecycle/.specula-output/evidence/history-diffs/195-279cfcd423.diff	evidence/history-diffs/195-279cfcd423.diff	file	0664	1789385446174136284	3173	bfa95343ed841827973884d6e7121192a1ac2a057f3b8492c05a76df3ae96dda		copy	run-evidence		{}
specula/runs/nvflare-job-lifecycle-20260914/nvflare-job-lifecycle/.specula-output/evidence/history-diffs/196-5b033b04ba.diff	evidence/history-diffs/196-5b033b04ba.diff	file	0664	1789385446610131086	1520	c24ad1b3c9f43b1a09724dda82959b5f06704bd5263154c9fecb02082010bfaa		copy	run-evidence		{}
specula/runs/nvflare-job-lifecycle-20260914/nvflare-job-lifecycle/.specula-output/evidence/history-diffs/197-05164b1493.diff	evidence/history-diffs/197-05164b1493.diff	file	0664	1789385447066125651	1259	e9bf0bd0d91740ea4f9d760c7d30a01f8af91ed00de6279096ec7f89f8ebd45b		copy	run-evidence		{}
specula/runs/nvflare-job-lifecycle-20260914/nvflare-job-lifecycle/.specula-output/evidence/history-diffs/198-df92fab40a.diff	evidence/history-diffs/198-df92fab40a.diff	file	0664	1789385447508120381	14201	01c79242cb427208f39dcdf83e9721752d009d3dc82c2a1995a2ad1efd988f08		copy	run-evidence		{}
specula/runs/nvflare-job-lifecycle-20260914/nvflare-job-lifecycle/.specula-output/evidence/history-diffs/199-192ea30fa1.diff	evidence/history-diffs/199-192ea30fa1.diff	file	0664	1789385447978114778	3810	1584f9b2368587e3057157d5ea8352aa6ffe02f178359f8d1cacc22580febc6d		copy	run-evidence		{}
specula/runs/nvflare-job-lifecycle-20260914/nvflare-job-lifecycle/.specula-output/evidence/history-diffs/200-6bc40bb5f0.diff	evidence/history-diffs/200-6bc40bb5f0.diff	file	0664	1789385448418109533	4757	da6244c44356f5a070a94cf50e423570468ab08661b51f7057d852550fca9d00		copy	run-evidence		{}
specula/runs/nvflare-job-lifecycle-20260914/nvflare-job-lifecycle/.specula-output/evidence/history-diffs/201-bece044d15.diff	evidence/history-diffs/201-bece044d15.diff	file	0664	1789385448881104013	2996	1daf7e29b759f1c87df1cb42575d807adaf45bea3548be9a5a24eda05a402b07		copy	run-evidence		{}
specula/runs/nvflare-job-lifecycle-20260914/nvflare-job-lifecycle/.specula-output/evidence/history-diffs/202-cb1d53549b.diff	evidence/history-diffs/202-cb1d53549b.diff	file	0664	1789385449357098339	1172	57473df1a8f4fc3c65bb75ea77873db39c3244565bac837587547983e6cac818		copy	run-evidence		{}
specula/runs/nvflare-job-lifecycle-20260914/nvflare-job-lifecycle/.specula-output/evidence/history-diffs/203-478718c683.diff	evidence/history-diffs/203-478718c683.diff	file	0664	1789385449784093246	2833	6f4bd5ed81064994a29be52c3ac00f5bf6339ba5e9076d65f99410028ced5666		copy	run-evidence		{}
specula/runs/nvflare-job-lifecycle-20260914/nvflare-job-lifecycle/.specula-output/evidence/history-diffs/204-689983d692.diff	evidence/history-diffs/204-689983d692.diff	file	0664	1789385450221088034	2106	2df405958402cbdeb45fd446535634d9b33f06fb12590b721cbeecdeefee1835		copy	run-evidence		{}
specula/runs/nvflare-job-lifecycle-20260914/nvflare-job-lifecycle/.specula-output/evidence/history-diffs/205-365da018c2.diff	evidence/history-diffs/205-365da018c2.diff	file	0664	1789385450648082941	3614	1442ea595c7038beab42a3b73634250451326ef914b7a472cc00762035369349		copy	run-evidence		{}
specula/runs/nvflare-job-lifecycle-20260914/nvflare-job-lifecycle/.specula-output/evidence/history-diffs/206-9baa0c8001.diff	evidence/history-diffs/206-9baa0c8001.diff	file	0664	1789385451068077933	2128	920ced692a3e7899127d7bedf84b23243ff78ea80e8b721eb627604789dd24a4		copy	run-evidence		{}
specula/runs/nvflare-job-lifecycle-20260914/nvflare-job-lifecycle/.specula-output/evidence/history-diffs/207-1058e40c96.diff	evidence/history-diffs/207-1058e40c96.diff	file	0664	1789385451483072983	11969	6020ef64aae8802ea13f9f3c4f79464a964a24e4de3d1eb6124c4e0b66752641		copy	run-evidence		{}
specula/runs/nvflare-job-lifecycle-20260914/nvflare-job-lifecycle/.specula-output/evidence/history-diffs/208-d3e32795b3.diff	evidence/history-diffs/208-d3e32795b3.diff	file	0664	1789385451921067760	4288	4471d12256c7235118d043febafcb17a9941d6cc43b22006cc6f4443968dd689		copy	run-evidence		{}
specula/runs/nvflare-job-lifecycle-20260914/nvflare-job-lifecycle/.specula-output/evidence/history-diffs/209-db90aff650.diff	evidence/history-diffs/209-db90aff650.diff	file	0664	1789385452339062775	1012	6f61c1f996ee277f1bfec35085e4abb4e3b924374e409b20c677f8e9344c573e		copy	run-evidence		{}
specula/runs/nvflare-job-lifecycle-20260914/nvflare-job-lifecycle/.specula-output/evidence/history-diffs/210-ec855326b9.diff	evidence/history-diffs/210-ec855326b9.diff	file	0664	1789385452797057313	1614	a85cc25a6c2d819dbcf1f5297dcaa4914b128c6cf7d1f9a3fc171fe370f0bbda		copy	run-evidence		{}
specula/runs/nvflare-job-lifecycle-20260914/nvflare-job-lifecycle/.specula-output/evidence/history-diffs/211-bbbbf0639e.diff	evidence/history-diffs/211-bbbbf0639e.diff	file	0664	1789385453241052018	1733	b17c0da6441e01d2fa51fa0239e3ca5aeb8058ff94f0ff51e85dad22ca50f5ee		copy	run-evidence		{}
specula/runs/nvflare-job-lifecycle-20260914/nvflare-job-lifecycle/.specula-output/evidence/history-diffs/212-7ee222a3ba.diff	evidence/history-diffs/212-7ee222a3ba.diff	file	0664	1789385453697046579	12219	2be575f29a642825319d2dc9046a39560e770f96d88a931f7f4691562947237d		copy	run-evidence		{}
specula/runs/nvflare-job-lifecycle-20260914/nvflare-job-lifecycle/.specula-output/evidence/history-diffs/213-714522110c.diff	evidence/history-diffs/213-714522110c.diff	file	0664	1789385454121041523	8363	c6264474030866b08d292a5c6ba5a1b8fa43fa196ae8989a6f8b5a37dcdcfff6		copy	run-evidence		{}
specula/runs/nvflare-job-lifecycle-20260914/nvflare-job-lifecycle/.specula-output/evidence/history-diffs/214-5f555281f1.diff	evidence/history-diffs/214-5f555281f1.diff	file	0664	1789385454549036418	1638	6d1d553cc3ec4ba8a62276658e6c068d137644b9db4baa3e796ef1198c71d4e9		copy	run-evidence		{}
specula/runs/nvflare-job-lifecycle-20260914/nvflare-job-lifecycle/.specula-output/evidence/history-diffs/215-1529146081.diff	evidence/history-diffs/215-1529146081.diff	file	0664	1789385455010030920	7949	57e8246b589ebca1a9076d2d976a615c2a7cf172c6f6d24f184ee83689244418		copy	run-evidence		{}
specula/runs/nvflare-job-lifecycle-20260914/nvflare-job-lifecycle/.specula-output/evidence/history-diffs/216-eaf1b5ba24.diff	evidence/history-diffs/216-eaf1b5ba24.diff	file	0664	1789385455461025541	5096	8b00db245d5119d7ff13f117b1eee8247e53bce33e34a7c791847a3fdd4f3cfe		copy	run-evidence		{}
specula/runs/nvflare-job-lifecycle-20260914/nvflare-job-lifecycle/.specula-output/evidence/history-diffs/217-ed96e734be.diff	evidence/history-diffs/217-ed96e734be.diff	file	0664	1789385455874020615	1687	2b5c24774039dbf88a42154511eba6ef1101d11d5f187bc4228db33b0f903067		copy	run-evidence		{}
specula/runs/nvflare-job-lifecycle-20260914/nvflare-job-lifecycle/.specula-output/evidence/history-diffs/218-cf536479e7.diff	evidence/history-diffs/218-cf536479e7.diff	file	0664	1789385456351014926	1178	29c1cf23b8e53e1a75b60d37432cf182a731235b581d596152fb6dfc3a5e06b9		copy	run-evidence		{}
specula/runs/nvflare-job-lifecycle-20260914/nvflare-job-lifecycle/.specula-output/evidence/history-diffs/219-e0aa54345b.diff	evidence/history-diffs/219-e0aa54345b.diff	file	0664	1789385456791009678	2600	12e39db031c705f3991ac9f293be986f68ff08ef36b66b5134d44d8ff6dc4367		copy	run-evidence		{}
specula/runs/nvflare-job-lifecycle-20260914/nvflare-job-lifecycle/.specula-output/evidence/history-diffs/220-1e087e06fb.diff	evidence/history-diffs/220-1e087e06fb.diff	file	0664	1789385457247004240	8155	af688ac9625400cf8f93a0f3e1345fa4ac3988cb242472342833971fe80a740e		copy	run-evidence		{}
specula/runs/nvflare-job-lifecycle-20260914/nvflare-job-lifecycle/.specula-output/evidence/history-diffs/221-425c1dae6b.diff	evidence/history-diffs/221-425c1dae6b.diff	file	0664	1789385457676999126	9233	f267e50a869e84a6cf2334c07dc1b35053f2e79e679f7bde425e08add654c319		copy	run-evidence		{}
specula/runs/nvflare-job-lifecycle-20260914/nvflare-job-lifecycle/.specula-output/evidence/history-diffs/222-be0a6303c1.diff	evidence/history-diffs/222-be0a6303c1.diff	file	0664	1789385458074994400	1729	3f02b7df1ba6e0520ce39e9066734158b9d57a94a6d82c1a97916c3b875a3984		copy	run-evidence		{}
specula/runs/nvflare-job-lifecycle-20260914/nvflare-job-lifecycle/.specula-output/evidence/history-diffs/223-b40885ec62.diff	evidence/history-diffs/223-b40885ec62.diff	file	0664	1789385458510989223	1198	b703277f10112fed1cf84158645b4038c5d6b446fe0d293767a2422124c1fa3d		copy	run-evidence		{}
specula/runs/nvflare-job-lifecycle-20260914/nvflare-job-lifecycle/.specula-output/evidence/history-diffs/224-c023cc9eda.diff	evidence/history-diffs/224-c023cc9eda.diff	file	0664	1789385458936984165	1715	5201bd79374fe8a616be644420bc500e9ed5983e783335839a1a6f0286ccd757		copy	run-evidence		{}
specula/runs/nvflare-job-lifecycle-20260914/nvflare-job-lifecycle/.specula-output/evidence/history-diffs/225-1c0d5b43ae.diff	evidence/history-diffs/225-1c0d5b43ae.diff	file	0664	1789385459390978773	2067	43e9dedcbc3af19652c8df7fbedab83c666ef0da97d668349f96c0c194be04fa		copy	run-evidence		{}
specula/runs/nvflare-job-lifecycle-20260914/nvflare-job-lifecycle/.specula-output/evidence/history-diffs/226-7910aadb54.diff	evidence/history-diffs/226-7910aadb54.diff	file	0664	1789385459811973775	4835	871dd40e3dbfc7645d4e5ab9abdc6f55977fbb19a2e12adb8f39e72b86c4f87c		copy	run-evidence		{}
specula/runs/nvflare-job-lifecycle-20260914/nvflare-job-lifecycle/.specula-output/evidence/history-diffs/227-057aec69bc.diff	evidence/history-diffs/227-057aec69bc.diff	file	0664	1789385460240968681	11955	de8fdb87ef2f6ba74486515b4af551dbd860594152db4c63f4932dfab3b7c483		copy	run-evidence		{}
specula/runs/nvflare-job-lifecycle-20260914/nvflare-job-lifecycle/.specula-output/evidence/history-diffs/228-26d931cfa0.diff	evidence/history-diffs/228-26d931cfa0.diff	file	0664	1789385460665963633	4519	db00b8b862548c49fe5ed3b83201623195d93f841dd271c49237ca3ee9728b70		copy	run-evidence		{}
specula/runs/nvflare-job-lifecycle-20260914/nvflare-job-lifecycle/.specula-output/evidence/history-diffs/229-e851f708bd.diff	evidence/history-diffs/229-e851f708bd.diff	file	0664	1789385461094958540	2124	6a483fa26982553a94f9b55077aa98b075949ecfda3719768e5a08e36469090a		copy	run-evidence		{}
specula/runs/nvflare-job-lifecycle-20260914/nvflare-job-lifecycle/.specula-output/evidence/history-diffs/230-9b2b96ca51.diff	evidence/history-diffs/230-9b2b96ca51.diff	file	0664	1789385461545953185	34900	086109014d2080eee10ab828fd69e64ad2d8deb87f64958fb7d9e95644f7f320		copy	run-evidence		{}
specula/runs/nvflare-job-lifecycle-20260914/nvflare-job-lifecycle/.specula-output/evidence/history-diffs/231-da961b3b96.diff	evidence/history-diffs/231-da961b3b96.diff	file	0664	1789385462000947782	5117	8db375cb8611dabf2718b89ebac916e0eb98cc1287850bdeccd9452a2c517afa		copy	run-evidence		{}
specula/runs/nvflare-job-lifecycle-20260914/nvflare-job-lifecycle/.specula-output/evidence/history-diffs/232-2f694e3e73.diff	evidence/history-diffs/232-2f694e3e73.diff	file	0664	1789385462454942391	8640	2667b41f8af0b0bb1744abe31961aeca2bf4e12ea0269b8481cfb53d0429ba64		copy	run-evidence		{}
specula/runs/nvflare-job-lifecycle-20260914/nvflare-job-lifecycle/.specula-output/evidence/history-diffs/233-36c3fc7b55.diff	evidence/history-diffs/233-36c3fc7b55.diff	file	0664	1789385462903937060	52792	8eec949de94e1da37668812d65025bef7d5bd935e82a24ca4cccd3e0b4e53b2d		copy	run-evidence		{}
specula/runs/nvflare-job-lifecycle-20260914/nvflare-job-lifecycle/.specula-output/evidence/history-diffs/234-641684325f.diff	evidence/history-diffs/234-641684325f.diff	file	0664	1789385463332931966	3551	082e0497f2ac8d755725c68abec21845961b6856af9c796641d0c4537c877d24		copy	run-evidence		{}
specula/runs/nvflare-job-lifecycle-20260914/nvflare-job-lifecycle/.specula-output/evidence/history-diffs/235-d93b0c3728.diff	evidence/history-diffs/235-d93b0c3728.diff	file	0664	1789385463808926314	10456	a116667097649d52ac35faced31b8c98ae2c38688646ba2c1443f22cd0c59a47		copy	run-evidence		{}
specula/runs/nvflare-job-lifecycle-20260914/nvflare-job-lifecycle/.specula-output/evidence/history-diffs/236-f31e5b71d3.diff	evidence/history-diffs/236-f31e5b71d3.diff	file	0664	1789385464238921208	1592	daf54c0b065997633e60f7a6f2fb89fca8ef22e02e5be1a2eba3f34fd7f83699		copy	run-evidence		{}
specula/runs/nvflare-job-lifecycle-20260914/nvflare-job-lifecycle/.specula-output/evidence/history-diffs/237-55ce1e65ec.diff	evidence/history-diffs/237-55ce1e65ec.diff	file	0664	1789385464666916126	2238	37fd657f2b30c7e662d072ead09323870a954e421acb52eb968c98f24a7a1bc6		copy	run-evidence		{}
specula/runs/nvflare-job-lifecycle-20260914/nvflare-job-lifecycle/.specula-output/evidence/history-diffs/238-903a494a3b.diff	evidence/history-diffs/238-903a494a3b.diff	file	0664	1789385465169910154	3757	5c53c8c1997bb54aa8d41c88b7fe6fa65b8f45344e09a9eb6ddb19c3013089b2		copy	run-evidence		{}
specula/runs/nvflare-job-lifecycle-20260914/nvflare-job-lifecycle/.specula-output/evidence/history-diffs/239-b6bab46a10.diff	evidence/history-diffs/239-b6bab46a10.diff	file	0664	1789385465612904891	9543	35dc5652fa59c0b91b4650adf40478cc3a202eeebc0e56afe68efd0227b638a3		copy	run-evidence		{}
specula/runs/nvflare-job-lifecycle-20260914/nvflare-job-lifecycle/.specula-output/evidence/history-diffs/240-32ae998bf7.diff	evidence/history-diffs/240-32ae998bf7.diff	file	0664	1789385465616904844	1237	4aca91f1b9f0528fab50724076012f3dd2029e4b21f3a6f01dae94a75e9a8d2e		copy	run-evidence		{}
specula/runs/nvflare-job-lifecycle-20260914/nvflare-job-lifecycle/.specula-output/evidence/history-diffs/241-4a255e2b5e.diff	evidence/history-diffs/241-4a255e2b5e.diff	file	0664	1789385465621904784	11129	a8b54ad63909155b5d3601d6d3d492e64b655b508ab06a14c2ab6b77b27f912f		copy	run-evidence		{}
specula/runs/nvflare-job-lifecycle-20260914/nvflare-job-lifecycle/.specula-output/evidence/history-diffs/242-da80cb206a.diff	evidence/history-diffs/242-da80cb206a.diff	file	0664	1789385466081899316	2579	3a2beb9fbf16679a2d975eb5d55584e901cc82c977a3a6fdc8173b1805c46847		copy	run-evidence		{}
specula/runs/nvflare-job-lifecycle-20260914/nvflare-job-lifecycle/.specula-output/evidence/history-diffs/243-019fed5a06.diff	evidence/history-diffs/243-019fed5a06.diff	file	0664	1789385466514894168	12960	5c9668fc9cf1d23936551671593bebb866cdaba1b182bcc8810f984234573751		copy	run-evidence		{}
specula/runs/nvflare-job-lifecycle-20260914/nvflare-job-lifecycle/.specula-output/evidence/history-diffs/244-b2bafcded0.diff	evidence/history-diffs/244-b2bafcded0.diff	file	0664	1789385466946889032	2842	a4fa11b22d45dcf022b11931f311d708ff4c7f177dff0b6a0e70009605d97ea4		copy	run-evidence		{}
specula/runs/nvflare-job-lifecycle-20260914/nvflare-job-lifecycle/.specula-output/evidence/history-diffs/245-57152d3ab6.diff	evidence/history-diffs/245-57152d3ab6.diff	file	0664	1789385467389883766	3404	53cfe0e677ce01c45d8d4be748b868a928cbf22e9b7b5455e4b0e730982a894d		copy	run-evidence		{}
specula/runs/nvflare-job-lifecycle-20260914/nvflare-job-lifecycle/.specula-output/evidence/history-diffs/246-a7cba78377.diff	evidence/history-diffs/246-a7cba78377.diff	file	0664	1789385467841878392	2573	cde31c0e3f9849c5d1bbd45ea18a797589f9b3c2cd1bf6fa4efd1c4b96775de9		copy	run-evidence		{}
specula/runs/nvflare-job-lifecycle-20260914/nvflare-job-lifecycle/.specula-output/evidence/history-diffs/247-e1e2e1dba7.diff	evidence/history-diffs/247-e1e2e1dba7.diff	file	0664	1789385467845878344	49449	d561c0e8afbbce949748948e8446b2d5a961f87b361a5e0519ce8f9a65f2bc59		copy	run-evidence		{}
specula/runs/nvflare-job-lifecycle-20260914/nvflare-job-lifecycle/.specula-output/evidence/history-inventory.json	evidence/history-inventory.json	file	0664	1789385343506357753	277617	145e0c967f777e2774e83689051d6829865d194227ee5d6ba5f6e9bfa42bf8a9		copy	run-evidence		{}
specula/runs/nvflare-job-lifecycle-20260914/nvflare-job-lifecycle/.specula-output/evidence/history-review-ledger.json	evidence/history-review-ledger.json	file	0664	1789385943869202657	429771	d45108a129756c5446753c1f51e05397af5fe5ab6865e3ef1ea153301bd4f2bc		copy	run-evidence		{}
specula/runs/nvflare-job-lifecycle-20260914/nvflare-job-lifecycle/.specula-output/evidence/issues-a/3060-events.json	evidence/issues-a/3060-events.json	file	0664	1789385432659297297	13869	a2c144e1e6d9cc857584341e8114b4c37c731d2fb0576247273c0fbe710ac43e		copy	run-evidence		{}
specula/runs/nvflare-job-lifecycle-20260914/nvflare-job-lifecycle/.specula-output/evidence/issues-a/3060-issue-comments.txt	evidence/issues-a/3060-issue-comments.txt	file	0664	1789385431558310400	473	ccb1604e715f2b38f1e37783c33574f176344f1b08ef979c0d09328b190947e7		copy	run-evidence		{}
specula/runs/nvflare-job-lifecycle-20260914/nvflare-job-lifecycle/.specula-output/evidence/issues-a/3060-issue-view.json	evidence/issues-a/3060-issue-view.json	file	0664	1789385431318313256	2697	6da078d5e362c7735e1ceb8f5e0f2d12af85f9292af0c99a4966460de960763e		copy	run-evidence		{}
specula/runs/nvflare-job-lifecycle-20260914/nvflare-job-lifecycle/.specula-output/evidence/issues-a/3060-readable.md	evidence/issues-a/3060-readable.md	file	0664	1789385744107586007	1840	1753034ae4f46fadaf2153f5565ecc062d412dad971254e5faf16befd0662f65		copy	run-evidence		{}
specula/runs/nvflare-job-lifecycle-20260914/nvflare-job-lifecycle/.specula-output/evidence/issues-a/3060-timeline-comments.json	evidence/issues-a/3060-timeline-comments.json	file	0664	1789385431269313840	3505	d96f839b6a236949d3d0f4b7f9b384f4df7aa4d3972446711e652249a01f85a6		copy	run-evidence		{}
specula/runs/nvflare-job-lifecycle-20260914/nvflare-job-lifecycle/.specula-output/evidence/issues-a/3671-events.json	evidence/issues-a/3671-events.json	file	0664	1789385432427300058	50839	6818668245f12899a65a63b7efc5ced0ee17cef1869f0e74366443d703b524dc		copy	run-evidence		{}
specula/runs/nvflare-job-lifecycle-20260914/nvflare-job-lifecycle/.specula-output/evidence/issues-a/3671-issue-comments.txt	evidence/issues-a/3671-issue-comments.txt	file	0664	1789385354715224331	6272	17d42603340f90a2c72444fcd0e816e0b5d762780efcc9cb9cfb16e11c736ea1		copy	run-evidence		{}
specula/runs/nvflare-job-lifecycle-20260914/nvflare-job-lifecycle/.specula-output/evidence/issues-a/3671-issue-view.json	evidence/issues-a/3671-issue-view.json	file	0664	1789385354479227145	12319	7705eb9d572b61a95452c3e1e311903cf95f6d697aa68b3dc068a0c0db9667b0		copy	run-evidence		{}
specula/runs/nvflare-job-lifecycle-20260914/nvflare-job-lifecycle/.specula-output/evidence/issues-a/3671-readable.md	evidence/issues-a/3671-readable.md	file	0664	1789385381411906582	9935	8b6bbab8fe1dfd8a1981aec7cd823d2dc75cd0d768d4263702a925d64cb9c6ba		copy	run-evidence		{}
specula/runs/nvflare-job-lifecycle-20260914/nvflare-job-lifecycle/.specula-output/evidence/issues-a/3671-timeline-comments.json	evidence/issues-a/3671-timeline-comments.json	file	0664	1789385354797223353	21702	f4231555c0aa313b7ce332b44470300046afccb1ff6452d9a1ef431306fdba2d		copy	run-evidence		{}
specula/runs/nvflare-job-lifecycle-20260914/nvflare-job-lifecycle/.specula-output/evidence/issues-a/3730-events.json	evidence/issues-a/3730-events.json	file	0664	1789385432502299165	74255	d1f1697f2b1b6df69b65eb943c22c18e67b1bc05d23be6a08fd41ca364834f73		copy	run-evidence		{}
specula/runs/nvflare-job-lifecycle-20260914/nvflare-job-lifecycle/.specula-output/evidence/issues-a/3730-issue-comments.txt	evidence/issues-a/3730-issue-comments.txt	file	0664	1789385354354228636	12543	14d4e8524984544b6ef07c1025454d2d6f49a026202a7dddd9b2c6f45a5c96f1		copy	run-evidence		{}
specula/runs/nvflare-job-lifecycle-20260914/nvflare-job-lifecycle/.specula-output/evidence/issues-a/3730-issue-view.json	evidence/issues-a/3730-issue-view.json	file	0664	1789385354010232737	17923	af916fe97acf2f3cf8f2b99077fa3b3fc8876cddb49b8466122716770dabe3fb		copy	run-evidence		{}
specula/runs/nvflare-job-lifecycle-20260914/nvflare-job-lifecycle/.specula-output/evidence/issues-a/3730-readable.md	evidence/issues-a/3730-readable.md	file	0664	1789385381411906582	16329	7ef0161d823aafee8233dbaff1ae12511edabe4d518fce6f1c918d16c9f88f8b		copy	run-evidence		{}
specula/runs/nvflare-job-lifecycle-20260914/nvflare-job-lifecycle/.specula-output/evidence/issues-a/3730-timeline-comments.json	evidence/issues-a/3730-timeline-comments.json	file	0664	1789385354720224272	22192	44b403177bf7f0e4baa1a714f3c68fcbd5380ef195851e1e72fdc0457efe3e63		copy	run-evidence		{}
specula/runs/nvflare-job-lifecycle-20260914/nvflare-job-lifecycle/.specula-output/evidence/issues-a/3786-inline-comments.json	evidence/issues-a/3786-inline-comments.json	file	0664	1789385929529373559	4	cf1cbb66a638b4860a516671fb74850e6ccf787fe6c4c8d29e9c04efe880bd05		copy	run-evidence		{}
specula/runs/nvflare-job-lifecycle-20260914/nvflare-job-lifecycle/.specula-output/evidence/issues-a/3786-pr-comments.txt	evidence/issues-a/3786-pr-comments.txt	file	0664	1789385929976368246	1670	7e152c584668f7072e50873c4786d200d1c70911de4c0a6587791d81b0f606c0		copy	run-evidence		{}
specula/runs/nvflare-job-lifecycle-20260914/nvflare-job-lifecycle/.specula-output/evidence/issues-a/3786-pr-view.json	evidence/issues-a/3786-pr-view.json	file	0664	1789385929563373155	4180	d5db420d0c863657321d9af4ddece8d821b88a833d87e381dfc2ac607acc1e53		copy	run-evidence		{}
specula/runs/nvflare-job-lifecycle-20260914/nvflare-job-lifecycle/.specula-output/evidence/issues-a/3786-readable.md	evidence/issues-a/3786-readable.md	file	0664	1789385930409363088	3059	c79f2d70856a26779ecc637df6804cd4317a4af0eccbfd25620a113c92b585e1		copy	run-evidence		{}
specula/runs/nvflare-job-lifecycle-20260914/nvflare-job-lifecycle/.specula-output/evidence/issues-a/3786-reviews.json	evidence/issues-a/3786-reviews.json	file	0664	1789385929613372561	4830	80d3fabecc5ba7e0e28889f023f9294082e671e0838a9f0cf84c6d1bf6d3dc88		copy	run-evidence		{}
specula/runs/nvflare-job-lifecycle-20260914/nvflare-job-lifecycle/.specula-output/evidence/issues-a/3786-timeline-comments.json	evidence/issues-a/3786-timeline-comments.json	file	0664	1789385929600372715	1650	72e9e3b2b9525477270660848fe5183d51edde808e4b60a00b713b9667a658e7		copy	run-evidence		{}
specula/runs/nvflare-job-lifecycle-20260914/nvflare-job-lifecycle/.specula-output/evidence/issues-a/3791-inline-comments.json	evidence/issues-a/3791-inline-comments.json	file	0664	1789385929950368555	2935	b41a57402cc213549e9a063ab63f2b98ec9e86dd44fa37f555c98fc8e436c9c3		copy	run-evidence		{}
specula/runs/nvflare-job-lifecycle-20260914/nvflare-job-lifecycle/.specula-output/evidence/issues-a/3791-pr-comments.txt	evidence/issues-a/3791-pr-comments.txt	file	0664	1789385930404363148	1689	6d5f35e3c9ac65132350fa04285adcfac1dee24ee4a485085218badf070647cc		copy	run-evidence		{}
specula/runs/nvflare-job-lifecycle-20260914/nvflare-job-lifecycle/.specula-output/evidence/issues-a/3791-pr-view.json	evidence/issues-a/3791-pr-view.json	file	0664	1789385930203365543	4835	73b710c981f2728ff6021581fa1d199c15ed1679bdeb869e1cc40a645191a190		copy	run-evidence		{}
specula/runs/nvflare-job-lifecycle-20260914/nvflare-job-lifecycle/.specula-output/evidence/issues-a/3791-readable.md	evidence/issues-a/3791-readable.md	file	0664	1789385930409363088	4179	4633aaa76bf3377e55ac29507afb1b084b7f3d6b84023ea6ca8bea4e7f55f3bf		copy	run-evidence		{}
specula/runs/nvflare-job-lifecycle-20260914/nvflare-job-lifecycle/.specula-output/evidence/issues-a/3791-reviews.json	evidence/issues-a/3791-reviews.json	file	0664	1789385930146366222	4849	e7b6eea72f9d73fe20f4d92fbbc1e8cb060477d671f0dc0de5e6880e25a04cb6		copy	run-evidence		{}
specula/runs/nvflare-job-lifecycle-20260914/nvflare-job-lifecycle/.specula-output/evidence/issues-a/3791-timeline-comments.json	evidence/issues-a/3791-timeline-comments.json	file	0664	1789385929977368234	1654	edf59c244817b9030793de70677a156e2571ee62b8d03bdb1f229df13aceb21e		copy	run-evidence		{}
specula/runs/nvflare-job-lifecycle-20260914/nvflare-job-lifecycle/.specula-output/evidence/issues-a/3822-events.json	evidence/issues-a/3822-events.json	file	0664	1789385432727296487	55621	4d813ffc5289e9945093014c0dc318caed3842a89915a528060fc67628f446e0		copy	run-evidence		{}
specula/runs/nvflare-job-lifecycle-20260914/nvflare-job-lifecycle/.specula-output/evidence/issues-a/3822-issue-comments.txt	evidence/issues-a/3822-issue-comments.txt	file	0664	1789385431249314078	7312	9dfe3fe51465891dcc67885e30e49d4521edaf235361c37d963b33815637570c		copy	run-evidence		{}
specula/runs/nvflare-job-lifecycle-20260914/nvflare-job-lifecycle/.specula-output/evidence/issues-a/3822-issue-view.json	evidence/issues-a/3822-issue-view.json	file	0664	1789385430926317922	10890	88de7575ec851f9d358bbee1ba4325d9dae93b9bacb791accb99a9c7cd934e9c		copy	run-evidence		{}
specula/runs/nvflare-job-lifecycle-20260914/nvflare-job-lifecycle/.specula-output/evidence/issues-a/3822-readable.md	evidence/issues-a/3822-readable.md	file	0664	1789385744106586019	8244	aab67d5fdf752fceb4b383839ee63afe8476a6f3a7989be5fb0635bd453c56a8		copy	run-evidence		{}
specula/runs/nvflare-job-lifecycle-20260914/nvflare-job-lifecycle/.specula-output/evidence/issues-a/3822-timeline-comments.json	evidence/issues-a/3822-timeline-comments.json	file	0664	1789385430461323456	21470	5698a0888356578e8d4d3f6aae8bdd4ddfe6fa5f1ceeb006c340ebb65072b6d7		copy	run-evidence		{}
specula/runs/nvflare-job-lifecycle-20260914/nvflare-job-lifecycle/.specula-output/evidence/issues-a/3830-events.json	evidence/issues-a/3830-events.json	file	0664	1789385432671297154	52144	0dd2aaf6302220e4092001899305c8d2ffd30332d456aab9f4da65414924eb78		copy	run-evidence		{}
specula/runs/nvflare-job-lifecycle-20260914/nvflare-job-lifecycle/.specula-output/evidence/issues-a/3830-issue-comments.txt	evidence/issues-a/3830-issue-comments.txt	file	0664	1789385431155315196	4207	1240f7c6e1efc952999728f543909037e03c1d0ab35096c4b6ae9ef8da8921e2		copy	run-evidence		{}
specula/runs/nvflare-job-lifecycle-20260914/nvflare-job-lifecycle/.specula-output/evidence/issues-a/3830-issue-view.json	evidence/issues-a/3830-issue-view.json	file	0664	1789385430883318434	7118	e4fc7597c9ebcb163d90d2311f7ae8903c3233be4968b66ab09b8fde62f83fe1		copy	run-evidence		{}
specula/runs/nvflare-job-lifecycle-20260914/nvflare-job-lifecycle/.specula-output/evidence/issues-a/3830-readable.md	evidence/issues-a/3830-readable.md	file	0664	1789385744106586019	5540	63b8c147af2eed5073989e90cdb207f314a74236a174fee68acce5573117dfb8		copy	run-evidence		{}
specula/runs/nvflare-job-lifecycle-20260914/nvflare-job-lifecycle/.specula-output/evidence/issues-a/3830-timeline-comments.json	evidence/issues-a/3830-timeline-comments.json	file	0664	1789385430386324349	13710	4427ea40fef1540ae64f5d110d6f40f6be07f6df651fd68f56c9fa6472359146		copy	run-evidence		{}
specula/runs/nvflare-job-lifecycle-20260914/nvflare-job-lifecycle/.specula-output/evidence/issues-a/3877-events.json	evidence/issues-a/3877-events.json	file	0664	1789385432302301546	52540	263741dc343258d86d6e154b761acf657443f3ef1597f1d5bb53e8d5ee422872		copy	run-evidence		{}
specula/runs/nvflare-job-lifecycle-20260914/nvflare-job-lifecycle/.specula-output/evidence/issues-a/3877-issue-comments.txt	evidence/issues-a/3877-issue-comments.txt	file	0664	1789385353971233202	6956	7e1efc8087f91a59e610b8a0b598fb36bc2cea499fc918e0bad657be5691e8ff		copy	run-evidence		{}
specula/runs/nvflare-job-lifecycle-20260914/nvflare-job-lifecycle/.specula-output/evidence/issues-a/3877-issue-view.json	evidence/issues-a/3877-issue-view.json	file	0664	1789385353772235576	16011	4d7c50e793e8d27daa6387ea7761c0d3b7a943006a44a552024c3efc5bcaa31a		copy	run-evidence		{}
specula/runs/nvflare-job-lifecycle-20260914/nvflare-job-lifecycle/.specula-output/evidence/issues-a/3877-readable.md	evidence/issues-a/3877-readable.md	file	0664	1789385381412906570	13607	ecfa1a53856ca54af638cc9db73ab6051dc7fa33666653e5072bdb65ea11fa50		copy	run-evidence		{}
specula/runs/nvflare-job-lifecycle-20260914/nvflare-job-lifecycle/.specula-output/evidence/issues-a/3877-timeline-comments.json	evidence/issues-a/3877-timeline-comments.json	file	0664	1789385354697224546	21167	03596aad41008ad512c9c5c21fa37a2556cd9fbfccd642fe77709730c6b86a29		copy	run-evidence		{}
specula/runs/nvflare-job-lifecycle-20260914/nvflare-job-lifecycle/.specula-output/evidence/issues-a/4445-events.json	evidence/issues-a/4445-events.json	file	0664	1789385432178303021	30393	7b5666ee30d50c2cb6c304691fd323efba8433ec97de4ea1b7b7bf513ecf87f5		copy	run-evidence		{}
specula/runs/nvflare-job-lifecycle-20260914/nvflare-job-lifecycle/.specula-output/evidence/issues-a/4445-issue-comments.txt	evidence/issues-a/4445-issue-comments.txt	file	0664	1789385354025232559	717	c0aef8a0c1d3c87c6211798f8e20534669ae1d7aace9f41073c48611c547fb65		copy	run-evidence		{}
specula/runs/nvflare-job-lifecycle-20260914/nvflare-job-lifecycle/.specula-output/evidence/issues-a/4445-issue-view.json	evidence/issues-a/4445-issue-view.json	file	0664	1789385353349240620	2545	7da22041c6bf5d9f5021195a183f77253719fef97cd687b2040684826ec4a490		copy	run-evidence		{}
specula/runs/nvflare-job-lifecycle-20260914/nvflare-job-lifecycle/.specula-output/evidence/issues-a/4445-readable.md	evidence/issues-a/4445-readable.md	file	0664	1789385381412906570	1888	28fba10adce6469e1c1c537118fa4030963bfbe48cac7b9245d1b8c4a6b27140		copy	run-evidence		{}
specula/runs/nvflare-job-lifecycle-20260914/nvflare-job-lifecycle/.specula-output/evidence/issues-a/4445-timeline-comments.json	evidence/issues-a/4445-timeline-comments.json	file	0664	1789385354489227026	3899	9d2aad032e6f5489a8df9954dc8e837f0d5fd5c9b523580951c854e0ebed2ad3		copy	run-evidence		{}
specula/runs/nvflare-job-lifecycle-20260914/nvflare-job-lifecycle/.specula-output/evidence/issues-a/4513-inline-comments.json	evidence/issues-a/4513-inline-comments.json	file	0664	1789385929170377826	18214	3ae767a31af7dd517f763a1d7786db7dea1c111175b3fd2d90e6f650f62bcdb9		copy	run-evidence		{}
specula/runs/nvflare-job-lifecycle-20260914/nvflare-job-lifecycle/.specula-output/evidence/issues-a/4513-pr-comments.txt	evidence/issues-a/4513-pr-comments.txt	file	0664	1789385929827370017	3118	992f3962b96b0c31f412cf8d30f18edb13c18d5024f7036b96d5ff3fc2272f0a		copy	run-evidence		{}
specula/runs/nvflare-job-lifecycle-20260914/nvflare-job-lifecycle/.specula-output/evidence/issues-a/4513-pr-view.json	evidence/issues-a/4513-pr-view.json	file	0664	1789385929056379181	8114	c410ed156001c465ed7da4594e6de6d19c3b2123f1aa715e89ad7f239c4a1e8a		copy	run-evidence		{}
specula/runs/nvflare-job-lifecycle-20260914/nvflare-job-lifecycle/.specula-output/evidence/issues-a/4513-readable.md	evidence/issues-a/4513-readable.md	file	0664	1789385930408363100	10299	1ddb061fb7518d603038d26f42a837d7d3f821b697fdc1b39b2934d02f4543ab		copy	run-evidence		{}
specula/runs/nvflare-job-lifecycle-20260914/nvflare-job-lifecycle/.specula-output/evidence/issues-a/4513-reviews.json	evidence/issues-a/4513-reviews.json	file	0664	1789385929246376923	9959	34f690aa18d8461eab39541ecf70dc4142c2941fe9aaa55d2426b41764c1494b		copy	run-evidence		{}
specula/runs/nvflare-job-lifecycle-20260914/nvflare-job-lifecycle/.specula-output/evidence/issues-a/4513-timeline-comments.json	evidence/issues-a/4513-timeline-comments.json	file	0664	1789385929169377838	10949	860d7d988bfe44d589f7338e24dfa7ff587e73f2aad9bca160d9571da8125e9e		copy	run-evidence		{}
specula/runs/nvflare-job-lifecycle-20260914/nvflare-job-lifecycle/.specula-output/evidence/issues-a/4908-events.json	evidence/issues-a/4908-events.json	file	0664	1789385432003305104	27748	6a79fe6250cc8395cf758394c217713cb2520b9ad0b0cbc347c2e1a81c786690		copy	run-evidence		{}
specula/runs/nvflare-job-lifecycle-20260914/nvflare-job-lifecycle/.specula-output/evidence/issues-a/4908-issue-comments.txt	evidence/issues-a/4908-issue-comments.txt	file	0664	1789385353766235647	3153	831999f16e738babe4c26fcad2fcc55e195b1b48d9e66275b5c507795c811ef5		copy	run-evidence		{}
specula/runs/nvflare-job-lifecycle-20260914/nvflare-job-lifecycle/.specula-output/evidence/issues-a/4908-issue-view.json	evidence/issues-a/4908-issue-view.json	file	0664	1789385353195242455	6527	05d6c4c0d824b4f756be6131371867c05f16fc0d3c6e0f47d96ed28833ee44d7		copy	run-evidence		{}
specula/runs/nvflare-job-lifecycle-20260914/nvflare-job-lifecycle/.specula-output/evidence/issues-a/4908-readable.md	evidence/issues-a/4908-readable.md	file	0664	1789385381412906570	5110	eaf1b42ced348b4fe3db110655bdc7aec916de22d9900de81fa5944c66039a24		copy	run-evidence		{}
specula/runs/nvflare-job-lifecycle-20260914/nvflare-job-lifecycle/.specula-output/evidence/issues-a/4908-timeline-comments.json	evidence/issues-a/4908-timeline-comments.json	file	0664	1789385354482227109	12334	14f961935e5de0c1a3ad9ae848e27eb7f908dc679cba912ec17bcba0316b581e		copy	run-evidence		{}
specula/runs/nvflare-job-lifecycle-20260914/nvflare-job-lifecycle/.specula-output/evidence/issues-a/5073-files.json	evidence/issues-a/5073-files.json	file	0664	1789385548048928293	28039	1b28d72999702328f90894a2e93162c7980f2e6d483cf47a2212d3efb45be434		copy	run-evidence		{}
specula/runs/nvflare-job-lifecycle-20260914/nvflare-job-lifecycle/.specula-output/evidence/issues-a/5073-inline-comments.json	evidence/issues-a/5073-inline-comments.json	file	0664	1789385351708260154	2777	3cec12ea42b2a1d8504ce3c8e8f8a2f7240956603411c4679eb17eac90ad1f8c		copy	run-evidence		{}
specula/runs/nvflare-job-lifecycle-20260914/nvflare-job-lifecycle/.specula-output/evidence/issues-a/5073-pr-comments.txt	evidence/issues-a/5073-pr-comments.txt	file	0664	1789385352310252989	12645	2509ac0f42ebb45815c0382864865b64de927e9f97ec078559da198cb68198c8		copy	run-evidence		{}
specula/runs/nvflare-job-lifecycle-20260914/nvflare-job-lifecycle/.specula-output/evidence/issues-a/5073-pr-view.json	evidence/issues-a/5073-pr-view.json	file	0664	1789385351704260202	16583	cd35f87639add8e8cd65328033daf6a64ba5a415a1930e26d5a894131162565e		copy	run-evidence		{}
specula/runs/nvflare-job-lifecycle-20260914/nvflare-job-lifecycle/.specula-output/evidence/issues-a/5073-readable.md	evidence/issues-a/5073-readable.md	file	0664	1789385381413906558	15407	b2dfc29e26f7f709e3cc106131a003d78759846688280264591a4e79a028b3bf		copy	run-evidence		{}
specula/runs/nvflare-job-lifecycle-20260914/nvflare-job-lifecycle/.specula-output/evidence/issues-a/5073-reviews.json	evidence/issues-a/5073-reviews.json	file	0664	1789385351682260463	5781	090ea44b805da6867169687d83fdbcc5fd478c13a2e26a6ff3ea9d02c87095cd		copy	run-evidence		{}
specula/runs/nvflare-job-lifecycle-20260914/nvflare-job-lifecycle/.specula-output/evidence/issues-a/5073-timeline-comments.json	evidence/issues-a/5073-timeline-comments.json	file	0664	1789385355585213956	13924	429713dfa7122c2b1a7956fab38fdd8fcb5fab4b99b89fbc74f2f82bd529e7a8		copy	run-evidence		{}
specula/runs/nvflare-job-lifecycle-20260914/nvflare-job-lifecycle/.specula-output/evidence/issues-a/5083-events.json	evidence/issues-a/5083-events.json	file	0664	1789385431997305175	14517	af958ca3a874e207a457dd4971cdcc2b4cd0f77ffb40b883a22b557bc64aef06		copy	run-evidence		{}
specula/runs/nvflare-job-lifecycle-20260914/nvflare-job-lifecycle/.specula-output/evidence/issues-a/5083-inline-comments.json	evidence/issues-a/5083-inline-comments.json	file	0664	1789385405906614985	145	41e4e6370c5ed123e53aa46e8cbca67bdc23a70acab9de55e18b70f1503b8fbf		copy	run-evidence		{}
specula/runs/nvflare-job-lifecycle-20260914/nvflare-job-lifecycle/.specula-output/evidence/issues-a/5083-issue-comments.txt	evidence/issues-a/5083-issue-comments.txt	file	0664	1789385353169242765	0	e3b0c44298fc1c149afbf4c8996fb92427ae41e4649b934ca495991b7852b855		copy	run-evidence		{}
specula/runs/nvflare-job-lifecycle-20260914/nvflare-job-lifecycle/.specula-output/evidence/issues-a/5083-issue-view.json	evidence/issues-a/5083-issue-view.json	file	0664	1789385352910245847	2649	06c4245db8918cce018a80c525dae38d809806d3903d4ff2a4552812f9d1fe27		copy	run-evidence		{}
specula/runs/nvflare-job-lifecycle-20260914/nvflare-job-lifecycle/.specula-output/evidence/issues-a/5083-pr-comments.txt	evidence/issues-a/5083-pr-comments.txt	file	0664	1789385405825615949	0	e3b0c44298fc1c149afbf4c8996fb92427ae41e4649b934ca495991b7852b855		copy	run-evidence		{}
specula/runs/nvflare-job-lifecycle-20260914/nvflare-job-lifecycle/.specula-output/evidence/issues-a/5083-pr-view.json	evidence/issues-a/5083-pr-view.json	file	0664	1789385405925614759	0	e3b0c44298fc1c149afbf4c8996fb92427ae41e4649b934ca495991b7852b855		copy	run-evidence		{}
specula/runs/nvflare-job-lifecycle-20260914/nvflare-job-lifecycle/.specula-output/evidence/issues-a/5083-readable.md	evidence/issues-a/5083-readable.md	file	0664	1789385381413906558	2483	85d1c6274d93f74644003aaf97aa087bfd1c85ec2775ea28e5d200997a048dd7		copy	run-evidence		{}
specula/runs/nvflare-job-lifecycle-20260914/nvflare-job-lifecycle/.specula-output/evidence/issues-a/5083-reviews.json	evidence/issues-a/5083-reviews.json	file	0664	1789385405678617699	137	28f89c9e7497631fc71f99cdb6d10349a69915319413b599ba7b99c60e2285f8		copy	run-evidence		{}
specula/runs/nvflare-job-lifecycle-20260914/nvflare-job-lifecycle/.specula-output/evidence/issues-a/5083-timeline-comments.json	evidence/issues-a/5083-timeline-comments.json	file	0664	1789385354367228481	4	cf1cbb66a638b4860a516671fb74850e6ccf787fe6c4c8d29e9c04efe880bd05		copy	run-evidence		{}
specula/runs/nvflare-job-lifecycle-20260914/nvflare-job-lifecycle/.specula-output/evidence/issues-a/5092-inline-comments.json	evidence/issues-a/5092-inline-comments.json	file	0664	1789385928738382961	61558	04d4b1069dcbe3c5fc31551d079b7a94ef0d73445810c0f44d7f3800c7dbbdce		copy	run-evidence		{}
specula/runs/nvflare-job-lifecycle-20260914/nvflare-job-lifecycle/.specula-output/evidence/issues-a/5092-pr-comments.txt	evidence/issues-a/5092-pr-comments.txt	file	0664	1789385929261376744	7208	8c305b9ff91d7539e1bce4c301bc672709cfb2e4ac3296529db6b894a3b186c4		copy	run-evidence		{}
specula/runs/nvflare-job-lifecycle-20260914/nvflare-job-lifecycle/.specula-output/evidence/issues-a/5092-pr-view.json	evidence/issues-a/5092-pr-view.json	file	0664	1789385928667383805	13757	0c87e19579c3be2d4cb8096a0f55c317b3d2a066abd5b5daeda2c486fe2aa375		copy	run-evidence		{}
specula/runs/nvflare-job-lifecycle-20260914/nvflare-job-lifecycle/.specula-output/evidence/issues-a/5092-readable.md	evidence/issues-a/5092-readable.md	file	0664	1789385930408363100	19098	62ace6040b02b1ebc433862b8faafa0ef7a843b3ee6955707c0cf5f898a6c5df		copy	run-evidence		{}
specula/runs/nvflare-job-lifecycle-20260914/nvflare-job-lifecycle/.specula-output/evidence/issues-a/5092-reviews.json	evidence/issues-a/5092-reviews.json	file	0664	1789385928899381047	17613	af309ed69ffcf3964f5f65a8480cd313f4767e4e18c76362adfa84651e2333b3		copy	run-evidence		{}
specula/runs/nvflare-job-lifecycle-20260914/nvflare-job-lifecycle/.specula-output/evidence/issues-a/5092-timeline-comments.json	evidence/issues-a/5092-timeline-comments.json	file	0664	1789385928678383674	13465	4f12bbda731916d090f03b1131cadc9f8c6ad68ef85a2ea57d7c1a58c61b0c33		copy	run-evidence		{}
specula/runs/nvflare-job-lifecycle-20260914/nvflare-job-lifecycle/.specula-output/evidence/issues-a/5115-events.json	evidence/issues-a/5115-events.json	file	0664	1789385431913306175	44418	f7791edc0e91ef89bcefba5e66aa150a97cfde2a267fae689df0ae8060e298e5		copy	run-evidence		{}
specula/runs/nvflare-job-lifecycle-20260914/nvflare-job-lifecycle/.specula-output/evidence/issues-a/5115-issue-comments.txt	evidence/issues-a/5115-issue-comments.txt	file	0664	1789385353164242824	0	e3b0c44298fc1c149afbf4c8996fb92427ae41e4649b934ca495991b7852b855		copy	run-evidence		{}
specula/runs/nvflare-job-lifecycle-20260914/nvflare-job-lifecycle/.specula-output/evidence/issues-a/5115-issue-view.json	evidence/issues-a/5115-issue-view.json	file	0664	1789385352369252286	2541	429100f82f33b3fc06c37c501c0a491a0a103107452db98e9c915767e04c8d0c		copy	run-evidence		{}
specula/runs/nvflare-job-lifecycle-20260914/nvflare-job-lifecycle/.specula-output/evidence/issues-a/5115-readable.md	evidence/issues-a/5115-readable.md	file	0664	1789385381413906558	2315	33b342ba1438ddd15f718a48340fe465e23be438664db393d5f4174ec5721051		copy	run-evidence		{}
specula/runs/nvflare-job-lifecycle-20260914/nvflare-job-lifecycle/.specula-output/evidence/issues-a/5115-timeline-comments.json	evidence/issues-a/5115-timeline-comments.json	file	0664	1789385354357228600	4	cf1cbb66a638b4860a516671fb74850e6ccf787fe6c4c8d29e9c04efe880bd05		copy	run-evidence		{}
specula/runs/nvflare-job-lifecycle-20260914/nvflare-job-lifecycle/.specula-output/evidence/issues-a/5116-inline-comments.json	evidence/issues-a/5116-inline-comments.json	file	0664	1789385927811393980	4	cf1cbb66a638b4860a516671fb74850e6ccf787fe6c4c8d29e9c04efe880bd05		copy	run-evidence		{}
specula/runs/nvflare-job-lifecycle-20260914/nvflare-job-lifecycle/.specula-output/evidence/issues-a/5116-pr-comments.txt	evidence/issues-a/5116-pr-comments.txt	file	0664	1789385928930380679	4955	c9edd49c62c237740bb80bca30edb78a02623aebba0f4b40f5656c798f25ea09		copy	run-evidence		{}
specula/runs/nvflare-job-lifecycle-20260914/nvflare-job-lifecycle/.specula-output/evidence/issues-a/5116-pr-view.json	evidence/issues-a/5116-pr-view.json	file	0664	1789385927706395228	6242	b16cedb74d921ee510b5d8a96dc3f1dd2c44fea88f2c88da0068a0f6ccc2a37b		copy	run-evidence		{}
specula/runs/nvflare-job-lifecycle-20260914/nvflare-job-lifecycle/.specula-output/evidence/issues-a/5116-readable.md	evidence/issues-a/5116-readable.md	file	0664	1789385930407363112	5304	62e9dc50899f746a263c7910a87f2509d652191d00477866e14170274055303b		copy	run-evidence		{}
specula/runs/nvflare-job-lifecycle-20260914/nvflare-job-lifecycle/.specula-output/evidence/issues-a/5116-reviews.json	evidence/issues-a/5116-reviews.json	file	0664	1789385927845393575	4	cf1cbb66a638b4860a516671fb74850e6ccf787fe6c4c8d29e9c04efe880bd05		copy	run-evidence		{}
specula/runs/nvflare-job-lifecycle-20260914/nvflare-job-lifecycle/.specula-output/evidence/issues-a/5116-timeline-comments.json	evidence/issues-a/5116-timeline-comments.json	file	0664	1789385927832393730	10136	cc0fdf9191ce104a499e51a829ef6bb048ca01a5eeb38e0e4c923b57521e672e		copy	run-evidence		{}
specula/runs/nvflare-job-lifecycle-20260914/nvflare-job-lifecycle/.specula-output/evidence/issues-a/5117-inline-comments.json	evidence/issues-a/5117-inline-comments.json	file	0664	1789385927305399994	13531	4b21769dd7cdaf0dbea515574e640e228bf54593075508df7597e37ff1542beb		copy	run-evidence		{}
specula/runs/nvflare-job-lifecycle-20260914/nvflare-job-lifecycle/.specula-output/evidence/issues-a/5117-pr-comments.txt	evidence/issues-a/5117-pr-comments.txt	file	0664	1789385927958392232	5113	177a09287a6625c694f3d2b87610f7dbe7fad457a1e74611ff14e7589a71d967		copy	run-evidence		{}
specula/runs/nvflare-job-lifecycle-20260914/nvflare-job-lifecycle/.specula-output/evidence/issues-a/5117-pr-view.json	evidence/issues-a/5117-pr-view.json	file	0664	1789385927397398900	8929	8fcade6dddd0bb65209cb8460ce043151f4bf0b8fe5251f4ceb1bfa7640e504f		copy	run-evidence		{}
specula/runs/nvflare-job-lifecycle-20260914/nvflare-job-lifecycle/.specula-output/evidence/issues-a/5117-readable.md	evidence/issues-a/5117-readable.md	file	0664	1789385930407363112	9964	d345b05a97f04183b2136d7c8a786c78904a4f41f6315be4a099fdf63556fd37		copy	run-evidence		{}
specula/runs/nvflare-job-lifecycle-20260914/nvflare-job-lifecycle/.specula-output/evidence/issues-a/5117-reviews.json	evidence/issues-a/5117-reviews.json	file	0664	1789385927462398128	7992	0f6765bbe7b93ab2b0807f69d935e6630bcf0227dc4ddab874d6e1bb833ff940		copy	run-evidence		{}
specula/runs/nvflare-job-lifecycle-20260914/nvflare-job-lifecycle/.specula-output/evidence/issues-a/5117-timeline-comments.json	evidence/issues-a/5117-timeline-comments.json	file	0664	1789385927445398330	10061	82cbbd0a999bbf845db9cbd03c94397b130067664f3a0633945c352b90f64323		copy	run-evidence		{}
specula/runs/nvflare-job-lifecycle-20260914/nvflare-job-lifecycle/.specula-output/evidence/issues-a/5132-events.json	evidence/issues-a/5132-events.json	file	0664	1789385431838307068	12304	840664b8a133db27d376db65ce0c563fbf6937def843472181e55045b28bfd30		copy	run-evidence		{}
specula/runs/nvflare-job-lifecycle-20260914/nvflare-job-lifecycle/.specula-output/evidence/issues-a/5132-inline-comments.json	evidence/issues-a/5132-inline-comments.json	file	0664	1789385406074612986	145	41e4e6370c5ed123e53aa46e8cbca67bdc23a70acab9de55e18b70f1503b8fbf		copy	run-evidence		{}
specula/runs/nvflare-job-lifecycle-20260914/nvflare-job-lifecycle/.specula-output/evidence/issues-a/5132-issue-comments.txt	evidence/issues-a/5132-issue-comments.txt	file	0664	1789385352774247466	0	e3b0c44298fc1c149afbf4c8996fb92427ae41e4649b934ca495991b7852b855		copy	run-evidence		{}
specula/runs/nvflare-job-lifecycle-20260914/nvflare-job-lifecycle/.specula-output/evidence/issues-a/5132-issue-view.json	evidence/issues-a/5132-issue-view.json	file	0664	1789385352372252251	2576	6f4add6613dea75f97b88f3a4eaee23fc92265017c6f862f083ee404cc6deb6f		copy	run-evidence		{}
specula/runs/nvflare-job-lifecycle-20260914/nvflare-job-lifecycle/.specula-output/evidence/issues-a/5132-pr-comments.txt	evidence/issues-a/5132-pr-comments.txt	file	0664	1789385405780616485	0	e3b0c44298fc1c149afbf4c8996fb92427ae41e4649b934ca495991b7852b855		copy	run-evidence		{}
specula/runs/nvflare-job-lifecycle-20260914/nvflare-job-lifecycle/.specula-output/evidence/issues-a/5132-pr-view.json	evidence/issues-a/5132-pr-view.json	file	0664	1789385405773616568	0	e3b0c44298fc1c149afbf4c8996fb92427ae41e4649b934ca495991b7852b855		copy	run-evidence		{}
specula/runs/nvflare-job-lifecycle-20260914/nvflare-job-lifecycle/.specula-output/evidence/issues-a/5132-readable.md	evidence/issues-a/5132-readable.md	file	0664	1789385381413906558	2403	b85f1916ebb2b7789013625960b7f56e735c1f9731258a62e160edc5b194420e		copy	run-evidence		{}
specula/runs/nvflare-job-lifecycle-20260914/nvflare-job-lifecycle/.specula-output/evidence/issues-a/5132-reviews.json	evidence/issues-a/5132-reviews.json	file	0664	1789385406193611569	137	28f89c9e7497631fc71f99cdb6d10349a69915319413b599ba7b99c60e2285f8		copy	run-evidence		{}
specula/runs/nvflare-job-lifecycle-20260914/nvflare-job-lifecycle/.specula-output/evidence/issues-a/5132-timeline-comments.json	evidence/issues-a/5132-timeline-comments.json	file	0664	1789385354325228983	4	cf1cbb66a638b4860a516671fb74850e6ccf787fe6c4c8d29e9c04efe880bd05		copy	run-evidence		{}
specula/runs/nvflare-job-lifecycle-20260914/nvflare-job-lifecycle/.specula-output/evidence/issues-a/5133-inline-comments.json	evidence/issues-a/5133-inline-comments.json	file	0664	1789385928238388904	7234	48bf3ed2eb743253991221fd8c94507b508c3ad8f5135667437c395e1c1406cc		copy	run-evidence		{}
specula/runs/nvflare-job-lifecycle-20260914/nvflare-job-lifecycle/.specula-output/evidence/issues-a/5133-pr-comments.txt	evidence/issues-a/5133-pr-comments.txt	file	0664	1789385928634384197	5033	ce2fa7f6a3cbc9e939b2e8e5e023874619a9935fc2e5429e6001f51a860afd2f		copy	run-evidence		{}
specula/runs/nvflare-job-lifecycle-20260914/nvflare-job-lifecycle/.specula-output/evidence/issues-a/5133-pr-view.json	evidence/issues-a/5133-pr-view.json	file	0664	1789385928223389082	8362	061eb895dfb8b46df663c59a7ae0679948777f8ba3e7978cccc548737149bdf1		copy	run-evidence		{}
specula/runs/nvflare-job-lifecycle-20260914/nvflare-job-lifecycle/.specula-output/evidence/issues-a/5133-readable.md	evidence/issues-a/5133-readable.md	file	0664	1789385930407363112	8085	0dee55e70fb6c81838690df639c27343d81cf1ad92d062696eea19a811ee409a		copy	run-evidence		{}
specula/runs/nvflare-job-lifecycle-20260914/nvflare-job-lifecycle/.specula-output/evidence/issues-a/5133-reviews.json	evidence/issues-a/5133-reviews.json	file	0664	1789385928412386836	4745	e6bd0466a1849fa80f26a59aca58e9d1f125c30380d10c3e129b79ccbc94c23d		copy	run-evidence		{}
specula/runs/nvflare-job-lifecycle-20260914/nvflare-job-lifecycle/.specula-output/evidence/issues-a/5133-timeline-comments.json	evidence/issues-a/5133-timeline-comments.json	file	0664	1789385928251388749	10119	532c9899dcdde288af633a0c516cbedb2f8e5ced2b846989e0906835385227c3		copy	run-evidence		{}
specula/runs/nvflare-job-lifecycle-20260914/nvflare-job-lifecycle/.specula-output/evidence/issues-a/5191-files.json	evidence/issues-a/5191-files.json	file	0664	1789385547966929270	38222	37539ebf76332ed9f32ae7195b00600497162f3cc1a6a9ca358f16d1047ab126		copy	run-evidence		{}
specula/runs/nvflare-job-lifecycle-20260914/nvflare-job-lifecycle/.specula-output/evidence/issues-a/5191-inline-comments.json	evidence/issues-a/5191-inline-comments.json	file	0664	1789385351467263022	66331	ebb0e6c259744a6ef91747607e19395b19b80ab83cc1cf1ffc9f504e23f191b8		copy	run-evidence		{}
specula/runs/nvflare-job-lifecycle-20260914/nvflare-job-lifecycle/.specula-output/evidence/issues-a/5191-pr-comments.txt	evidence/issues-a/5191-pr-comments.txt	file	0664	1789385351608261345	12529	0ada0a6519a98e329f793a8f91aec13ef9e214fcdf2d61fd33a5f674ceb79330		copy	run-evidence		{}
specula/runs/nvflare-job-lifecycle-20260914/nvflare-job-lifecycle/.specula-output/evidence/issues-a/5191-pr-view.json	evidence/issues-a/5191-pr-view.json	file	0664	1789385351158266700	17914	73cf07da9874e6bed3adda401ae9313ffd8038af51667fef620cbde0c8c0e4d2		copy	run-evidence		{}
specula/runs/nvflare-job-lifecycle-20260914/nvflare-job-lifecycle/.specula-output/evidence/issues-a/5191-readable.md	evidence/issues-a/5191-readable.md	file	0664	1789385381414906546	21469	4c8d292b73f9bd7306700f17bafb762e64b140f2a28f9dc7d3b146b7a98a3eab		copy	run-evidence		{}
specula/runs/nvflare-job-lifecycle-20260914/nvflare-job-lifecycle/.specula-output/evidence/issues-a/5191-reviews.json	evidence/issues-a/5191-reviews.json	file	0664	1789385351206266129	13494	d00f26a5d720ca390f2285aa7101b440ded11f3c4d21cc0c8a0807dbdf992930		copy	run-evidence		{}
specula/runs/nvflare-job-lifecycle-20260914/nvflare-job-lifecycle/.specula-output/evidence/issues-a/5191-timeline-comments.json	evidence/issues-a/5191-timeline-comments.json	file	0664	1789385355532214589	17041	ab89e16518222375a647a7747b622aa985f5331e527bc06245bc4805968b1b59		copy	run-evidence		{}
specula/runs/nvflare-job-lifecycle-20260914/nvflare-job-lifecycle/.specula-output/evidence/issues-a/5215-events.json	evidence/issues-a/5215-events.json	file	0664	1789385431800307520	21516	fe989f5c2c69b0ee66fe12bcf0fd51cd6e4ef2fad900264d66e08fb825abc1ff		copy	run-evidence		{}
specula/runs/nvflare-job-lifecycle-20260914/nvflare-job-lifecycle/.specula-output/evidence/issues-a/5215-inline-comments.json	evidence/issues-a/5215-inline-comments.json	file	0664	1789385406253610855	145	41e4e6370c5ed123e53aa46e8cbca67bdc23a70acab9de55e18b70f1503b8fbf		copy	run-evidence		{}
specula/runs/nvflare-job-lifecycle-20260914/nvflare-job-lifecycle/.specula-output/evidence/issues-a/5215-issue-comments.txt	evidence/issues-a/5215-issue-comments.txt	file	0664	1789385352755247692	1622	4fa7bc663d4bcc4f6ee91d7225d631da2fc7b74d1b203c9c1994ee39cd9079e0		copy	run-evidence		{}
specula/runs/nvflare-job-lifecycle-20260914/nvflare-job-lifecycle/.specula-output/evidence/issues-a/5215-issue-view.json	evidence/issues-a/5215-issue-view.json	file	0664	1789385352243253786	4076	bc62cc5f1d49f3f211d2e0b45bdd5349461e8f06a93cb318186f1c77f5458601		copy	run-evidence		{}
specula/runs/nvflare-job-lifecycle-20260914/nvflare-job-lifecycle/.specula-output/evidence/issues-a/5215-pr-comments.txt	evidence/issues-a/5215-pr-comments.txt	file	0664	1789385406244610963	0	e3b0c44298fc1c149afbf4c8996fb92427ae41e4649b934ca495991b7852b855		copy	run-evidence		{}
specula/runs/nvflare-job-lifecycle-20260914/nvflare-job-lifecycle/.specula-output/evidence/issues-a/5215-pr-view.json	evidence/issues-a/5215-pr-view.json	file	0664	1789385406171611831	0	e3b0c44298fc1c149afbf4c8996fb92427ae41e4649b934ca495991b7852b855		copy	run-evidence		{}
specula/runs/nvflare-job-lifecycle-20260914/nvflare-job-lifecycle/.specula-output/evidence/issues-a/5215-readable.md	evidence/issues-a/5215-readable.md	file	0664	1789385381414906546	3736	c25e683277a3f67f12fad23f238db17a470dfa8b01ec026629bd0dc5fd20526e		copy	run-evidence		{}
specula/runs/nvflare-job-lifecycle-20260914/nvflare-job-lifecycle/.specula-output/evidence/issues-a/5215-reviews.json	evidence/issues-a/5215-reviews.json	file	0664	1789385406208611390	137	28f89c9e7497631fc71f99cdb6d10349a69915319413b599ba7b99c60e2285f8		copy	run-evidence		{}
specula/runs/nvflare-job-lifecycle-20260914/nvflare-job-lifecycle/.specula-output/evidence/issues-a/5215-timeline-comments.json	evidence/issues-a/5215-timeline-comments.json	file	0664	1789385354159230961	3148	e1ead2f6ef6dba01887cc2323541bba92c8b981f3999b77f43f02db0f43ea63e		copy	run-evidence		{}
specula/runs/nvflare-job-lifecycle-20260914/nvflare-job-lifecycle/.specula-output/evidence/issues-a/5216-inline-comments.json	evidence/issues-a/5216-inline-comments.json	file	0664	1789385926522409300	4	cf1cbb66a638b4860a516671fb74850e6ccf787fe6c4c8d29e9c04efe880bd05		copy	run-evidence		{}
specula/runs/nvflare-job-lifecycle-20260914/nvflare-job-lifecycle/.specula-output/evidence/issues-a/5216-pr-comments.txt	evidence/issues-a/5216-pr-comments.txt	file	0664	1789385927479397925	7471	7f4d159e5104ae3cf65711d1e91367f9da82bbaf2bb483ddeaabff02ec675703		copy	run-evidence		{}
specula/runs/nvflare-job-lifecycle-20260914/nvflare-job-lifecycle/.specula-output/evidence/issues-a/5216-pr-view.json	evidence/issues-a/5216-pr-view.json	file	0664	1789385926747406626	10689	b27a0bde336f655d66f2466d131043ab9560370e4f220476878bb74caf6e9e9c		copy	run-evidence		{}
specula/runs/nvflare-job-lifecycle-20260914/nvflare-job-lifecycle/.specula-output/evidence/issues-a/5216-readable.md	evidence/issues-a/5216-readable.md	file	0664	1789385930406363124	8940	b923746d6037d41bdf88f44b41db23b610f1f8f2dad266fde7a544cf83e0a815		copy	run-evidence		{}
specula/runs/nvflare-job-lifecycle-20260914/nvflare-job-lifecycle/.specula-output/evidence/issues-a/5216-reviews.json	evidence/issues-a/5216-reviews.json	file	0664	1789385926759406483	1607	c4fbb6ffbd4ac0fbaf6e0460477c7f6e5887e0de0744a3460eee28f83df03df5		copy	run-evidence		{}
specula/runs/nvflare-job-lifecycle-20260914/nvflare-job-lifecycle/.specula-output/evidence/issues-a/5216-timeline-comments.json	evidence/issues-a/5216-timeline-comments.json	file	0664	1789385926588408515	14152	f7d2a31cba8fc426abdd4c05f137a77fcb3e63c606696f4efb86ace92e308baa		copy	run-evidence		{}
specula/runs/nvflare-job-lifecycle-20260914/nvflare-job-lifecycle/.specula-output/evidence/issues-a/5220-events.json	evidence/issues-a/5220-events.json	file	0664	1789385431488311233	14696	5cd50e215068527e7f1a5fe14478b1f0c45a4b3266f19b2b1652a3dc76539c45		copy	run-evidence		{}
specula/runs/nvflare-job-lifecycle-20260914/nvflare-job-lifecycle/.specula-output/evidence/issues-a/5220-issue-comments.txt	evidence/issues-a/5220-issue-comments.txt	file	0664	1789385352157254809	0	e3b0c44298fc1c149afbf4c8996fb92427ae41e4649b934ca495991b7852b855		copy	run-evidence		{}
specula/runs/nvflare-job-lifecycle-20260914/nvflare-job-lifecycle/.specula-output/evidence/issues-a/5220-issue-view.json	evidence/issues-a/5220-issue-view.json	file	0664	1789385351883258071	2916	621394c3c57411a1ce8007a3a9664e1e2d241fec3f9226e15f6e363553bce4be		copy	run-evidence		{}
specula/runs/nvflare-job-lifecycle-20260914/nvflare-job-lifecycle/.specula-output/evidence/issues-a/5220-readable.md	evidence/issues-a/5220-readable.md	file	0664	1789385381414906546	2788	95c82d5a162fe8fe026c0dd9e0c6226865e7562e7a10562df6ba836514588840		copy	run-evidence		{}
specula/runs/nvflare-job-lifecycle-20260914/nvflare-job-lifecycle/.specula-output/evidence/issues-a/5220-timeline-comments.json	evidence/issues-a/5220-timeline-comments.json	file	0664	1789385354111231533	4	cf1cbb66a638b4860a516671fb74850e6ccf787fe6c4c8d29e9c04efe880bd05		copy	run-evidence		{}
specula/runs/nvflare-job-lifecycle-20260914/nvflare-job-lifecycle/.specula-output/evidence/issues-a/5221-inline-comments.json	evidence/issues-a/5221-inline-comments.json	file	0664	1789385927008403524	3846	a1ad9d0c9061c78cc229043e38c63e633ee649eceef20f2fc61a5fa972b5d0bc		copy	run-evidence		{}
specula/runs/nvflare-job-lifecycle-20260914/nvflare-job-lifecycle/.specula-output/evidence/issues-a/5221-pr-comments.txt	evidence/issues-a/5221-pr-comments.txt	file	0664	1789385927432398484	5951	8d7bbee5acf741959bfa7afa8ba89f7b6d9437481c6ea98e34a0dbcb62f9868c		copy	run-evidence		{}
specula/runs/nvflare-job-lifecycle-20260914/nvflare-job-lifecycle/.specula-output/evidence/issues-a/5221-pr-view.json	evidence/issues-a/5221-pr-view.json	file	0664	1789385926859405295	8657	8c905d6b7080fcd87d983787aa71db6ebcc14d35b29e3acef9962b615b6e59fe		copy	run-evidence		{}
specula/runs/nvflare-job-lifecycle-20260914/nvflare-job-lifecycle/.specula-output/evidence/issues-a/5221-readable.md	evidence/issues-a/5221-readable.md	file	0664	1789385930406363124	8299	7ae48308416cc37e65d99b64cd8ec0a0213d9db5af17e979fd6e18b18ceb1540		copy	run-evidence		{}
specula/runs/nvflare-job-lifecycle-20260914/nvflare-job-lifecycle/.specula-output/evidence/issues-a/5221-reviews.json	evidence/issues-a/5221-reviews.json	file	0664	1789385926707407101	4819	6d15f45f4c213b1eeb24436dddc1432532695b61224eba0a31161b20f2587a42		copy	run-evidence		{}
specula/runs/nvflare-job-lifecycle-20260914/nvflare-job-lifecycle/.specula-output/evidence/issues-a/5221-timeline-comments.json	evidence/issues-a/5221-timeline-comments.json	file	0664	1789385927006403547	10967	647e004e2be2be559ceb485285fec5b622fe57c428dd68d87b9be82dcf89b1f5		copy	run-evidence		{}
specula/runs/nvflare-job-lifecycle-20260914/nvflare-job-lifecycle/.specula-output/evidence/issues-a/5226-files.json	evidence/issues-a/5226-files.json	file	0664	1789385548201926471	753537	6c640f1b4ab03416bf507184bcad14aa9db37f028890907d5d07984046f27462		copy	run-evidence		{}
specula/runs/nvflare-job-lifecycle-20260914/nvflare-job-lifecycle/.specula-output/evidence/issues-a/5226-inline-comments.json	evidence/issues-a/5226-inline-comments.json	file	0664	1789385351206266129	1448849	5bbb02aaca6c82afbf11e3c8f0a251b5b16c663b1a20eb7adfb70769bab29a00		copy	run-evidence		{}
specula/runs/nvflare-job-lifecycle-20260914/nvflare-job-lifecycle/.specula-output/evidence/issues-a/5226-pr-comments.txt	evidence/issues-a/5226-pr-comments.txt	file	0664	1789385351271265355	11961	053e3018dc94c84f667f6f1519bef102739c872c91b048e4dbb25ea8d480cf0e		copy	run-evidence		{}
specula/runs/nvflare-job-lifecycle-20260914/nvflare-job-lifecycle/.specula-output/evidence/issues-a/5226-pr-view.json	evidence/issues-a/5226-pr-view.json	file	0664	1789385350598273366	24206	d022000bde7fef540839b94051b2dd439d1059199bbefa06a1a93afc74cbdd6d		copy	run-evidence		{}
specula/runs/nvflare-job-lifecycle-20260914/nvflare-job-lifecycle/.specula-output/evidence/issues-a/5226-readable.md	evidence/issues-a/5226-readable.md	file	0664	1789385381422906451	33431	10a8773eeb7f926f760b3b6d9fdbb672f8ee86f0ff2c78977a8ecce1b3492ddc		copy	run-evidence		{}
specula/runs/nvflare-job-lifecycle-20260914/nvflare-job-lifecycle/.specula-output/evidence/issues-a/5226-reviews.json	evidence/issues-a/5226-reviews.json	file	0664	1789385351060267866	33994	0a4aeb7e1358ad577b5cce7bbdb43a0f37317472d631731132e264f17a10b519		copy	run-evidence		{}
specula/runs/nvflare-job-lifecycle-20260914/nvflare-job-lifecycle/.specula-output/evidence/issues-a/5226-timeline-comments.json	evidence/issues-a/5226-timeline-comments.json	file	0664	1789385355528214636	10269	8f643c96a961cb745679e67c5eb18b14f74102701c99c85bef3b9acb2d5d136e		copy	run-evidence		{}
specula/runs/nvflare-job-lifecycle-20260914/nvflare-job-lifecycle/.specula-output/evidence/issues-a/5240-files.json	evidence/issues-a/5240-files.json	file	0664	1789385547896930104	53953	47fcebb822fe9317836b5504637d444bd0fd532bebb81b285a72ce26cba1983a		copy	run-evidence		{}
specula/runs/nvflare-job-lifecycle-20260914/nvflare-job-lifecycle/.specula-output/evidence/issues-a/5240-inline-comments.json	evidence/issues-a/5240-inline-comments.json	file	0664	1789385350339276449	129854	dbbee33db709dcdeadf63cff706267b312e5d748f8cd623494359b561c3ac41a		copy	run-evidence		{}
specula/runs/nvflare-job-lifecycle-20260914/nvflare-job-lifecycle/.specula-output/evidence/issues-a/5240-pr-comments.txt	evidence/issues-a/5240-pr-comments.txt	file	0664	1789385350988268723	6131	d6763657da6517f95b4c9e27796643164cdc001ff0684b33059c127881f2bfd8		copy	run-evidence		{}
specula/runs/nvflare-job-lifecycle-20260914/nvflare-job-lifecycle/.specula-output/evidence/issues-a/5240-pr-view.json	evidence/issues-a/5240-pr-view.json	file	0664	1789385350486274700	17980	3d802f64c10bc3a849b14234a0e443f8dd526db63bd709cb39d0fbc269d1c2c6		copy	run-evidence		{}
specula/runs/nvflare-job-lifecycle-20260914/nvflare-job-lifecycle/.specula-output/evidence/issues-a/5240-readable.md	evidence/issues-a/5240-readable.md	file	0664	1789385381423906439	26983	5249aa44be60cbdbdf50d4f688e5b77ce43a6d1443281fc898b9ef30c617ab0d		copy	run-evidence		{}
specula/runs/nvflare-job-lifecycle-20260914/nvflare-job-lifecycle/.specula-output/evidence/issues-a/5240-reviews.json	evidence/issues-a/5240-reviews.json	file	0664	1789385350399275734	16665	e9f13b4be4443585051496c3229c4454041862c44978e9244c9c883cfd7c9a0b		copy	run-evidence		{}
specula/runs/nvflare-job-lifecycle-20260914/nvflare-job-lifecycle/.specula-output/evidence/issues-a/5240-timeline-comments.json	evidence/issues-a/5240-timeline-comments.json	file	0664	1789385355309217248	15535	3b7adf03116659cb141ed36410394af8fd3b5d4fd592c5ae852f4c562681441d		copy	run-evidence		{}
specula/runs/nvflare-job-lifecycle-20260914/nvflare-job-lifecycle/.specula-output/evidence/issues-a/5256-body-text.txt	evidence/issues-a/5256-body-text.txt	file	0664	1789385531235128483	6236	3d7ded2cb40459cd4f1abd7b672b0fafdf71f557de52aa41be748aa910123cf0		copy	run-evidence		{}
specula/runs/nvflare-job-lifecycle-20260914/nvflare-job-lifecycle/.specula-output/evidence/issues-a/5256-files.json	evidence/issues-a/5256-files.json	file	0664	1789385547459935307	686	3c6513f499cd0cd233f9781f06168f730debc91448d20e4fb874e3868324525a		copy	run-evidence		{}
specula/runs/nvflare-job-lifecycle-20260914/nvflare-job-lifecycle/.specula-output/evidence/issues-a/5256-inline-comments.json	evidence/issues-a/5256-inline-comments.json	file	0664	1789385349928281341	4	cf1cbb66a638b4860a516671fb74850e6ccf787fe6c4c8d29e9c04efe880bd05		copy	run-evidence		{}
specula/runs/nvflare-job-lifecycle-20260914/nvflare-job-lifecycle/.specula-output/evidence/issues-a/5256-pr-comments.txt	evidence/issues-a/5256-pr-comments.txt	file	0664	1789385350506274461	2995	828580f84d73cf1afb428930ca2a013aefff8d9ce6458b3708d70993075031c2		copy	run-evidence		{}
specula/runs/nvflare-job-lifecycle-20260914/nvflare-job-lifecycle/.specula-output/evidence/issues-a/5256-pr-view.json	evidence/issues-a/5256-pr-view.json	file	0664	1789385349699284066	14634	3f6a872d9bc37d860a5794d3a9bfc5551e6ba2e62632991c105d878382c8bd92		copy	run-evidence		{}
specula/runs/nvflare-job-lifecycle-20260914/nvflare-job-lifecycle/.specula-output/evidence/issues-a/5256-readable.md	evidence/issues-a/5256-readable.md	file	0664	1789385381423906439	14058	17d85285e28eb3e27fcee5065a9537ab4c6c19fa1dfafff322934c2db1438a4e		copy	run-evidence		{}
specula/runs/nvflare-job-lifecycle-20260914/nvflare-job-lifecycle/.specula-output/evidence/issues-a/5256-reviews.json	evidence/issues-a/5256-reviews.json	file	0664	1789385349919281448	4	cf1cbb66a638b4860a516671fb74850e6ccf787fe6c4c8d29e9c04efe880bd05		copy	run-evidence		{}
specula/runs/nvflare-job-lifecycle-20260914/nvflare-job-lifecycle/.specula-output/evidence/issues-a/5256-timeline-comments.json	evidence/issues-a/5256-timeline-comments.json	file	0664	1789385355256217880	4645	75d9c792aa372d2e0c433a08c4ca79a6bf501e864823780198e4c1190ae532e5		copy	run-evidence		{}
specula/runs/nvflare-job-lifecycle-20260914/nvflare-job-lifecycle/.specula-output/evidence/issues-a/5263-files.json	evidence/issues-a/5263-files.json	file	0664	1789385547554934176	286398	449962505eec6e89fdc5c9a9692d289b23dd0024b616c74d451c566f7db1fa01		copy	run-evidence		{}
specula/runs/nvflare-job-lifecycle-20260914/nvflare-job-lifecycle/.specula-output/evidence/issues-a/5263-inline-comments.json	evidence/issues-a/5263-inline-comments.json	file	0664	1789385349574285554	11957	5ddad305d04fa506f96d33c7fa1090a8cd6e5db82938bafac4a317813d45e5cc		copy	run-evidence		{}
specula/runs/nvflare-job-lifecycle-20260914/nvflare-job-lifecycle/.specula-output/evidence/issues-a/5263-pr-comments.txt	evidence/issues-a/5263-pr-comments.txt	file	0664	1789385351101267379	18423	f342cb7ea19e7cff829decace136fca421bdce39774d7e196f315befbfe06b63		copy	run-evidence		{}
specula/runs/nvflare-job-lifecycle-20260914/nvflare-job-lifecycle/.specula-output/evidence/issues-a/5263-pr-view.json	evidence/issues-a/5263-pr-view.json	file	0664	1789385349691284161	33207	1de4b3518be49b9e32f4f1b83b1af10798feca173e93dd306ff2e35839328411		copy	run-evidence		{}
specula/runs/nvflare-job-lifecycle-20260914/nvflare-job-lifecycle/.specula-output/evidence/issues-a/5263-readable.md	evidence/issues-a/5263-readable.md	file	0664	1789385381424906427	29528	19ba06b2053d565fce58948ea8a9e7363b5184294eb71ce9bf85b5a5a2e00b49		copy	run-evidence		{}
specula/runs/nvflare-job-lifecycle-20260914/nvflare-job-lifecycle/.specula-output/evidence/issues-a/5263-reviews.json	evidence/issues-a/5263-reviews.json	file	0664	1789385349463286875	1657	2ef15a45a8f121a9e047e82b3dfe12b26a190b4debbebc8065ee0605f5be2929		copy	run-evidence		{}
specula/runs/nvflare-job-lifecycle-20260914/nvflare-job-lifecycle/.specula-output/evidence/issues-a/5263-timeline-comments.json	evidence/issues-a/5263-timeline-comments.json	file	0664	1789385355281217581	32819	fbf09ca8501b2d5a6116bff240a7fbf95bb90ff9d3c9c78d2f7b5491a70a823c		copy	run-evidence		{}
specula/runs/nvflare-job-lifecycle-20260914/nvflare-job-lifecycle/.specula-output/evidence/issues-a/5266-body-text.txt	evidence/issues-a/5266-body-text.txt	file	0664	1789385531236128471	6282	c85d9dcbd781373ba940a3c7fb7512ae3db2551a7a261f52c5f4f3ec0a9f34ba		copy	run-evidence		{}
specula/runs/nvflare-job-lifecycle-20260914/nvflare-job-lifecycle/.specula-output/evidence/issues-a/5266-files.json	evidence/issues-a/5266-files.json	file	0664	1789385547411935878	1595	6e457039e2c905d835923bee3cc536ee140494be28f6df7e55c687da54bda319		copy	run-evidence		{}
specula/runs/nvflare-job-lifecycle-20260914/nvflare-job-lifecycle/.specula-output/evidence/issues-a/5266-inline-comments.json	evidence/issues-a/5266-inline-comments.json	file	0664	1789385349133290803	4	cf1cbb66a638b4860a516671fb74850e6ccf787fe6c4c8d29e9c04efe880bd05		copy	run-evidence		{}
specula/runs/nvflare-job-lifecycle-20260914/nvflare-job-lifecycle/.specula-output/evidence/issues-a/5266-pr-comments.txt	evidence/issues-a/5266-pr-comments.txt	file	0664	1789385349865282091	2993	b8a00530e4511e1ecd1d8cdab3f27d30cc686cfa72de926cb8fdcc34a6604699		copy	run-evidence		{}
specula/runs/nvflare-job-lifecycle-20260914/nvflare-job-lifecycle/.specula-output/evidence/issues-a/5266-pr-view.json	evidence/issues-a/5266-pr-view.json	file	0664	1789385348924293291	14719	5a8a3817b0481ef96ae228b02f0ab21ecd3515d2ce553ba9835aa6179ef31fdd		copy	run-evidence		{}
specula/runs/nvflare-job-lifecycle-20260914/nvflare-job-lifecycle/.specula-output/evidence/issues-a/5266-readable.md	evidence/issues-a/5266-readable.md	file	0664	1789385381424906427	14104	7f0d01cf8ffe158d98d12189712782b5f517b77af191d3ded2f8847555479512		copy	run-evidence		{}
specula/runs/nvflare-job-lifecycle-20260914/nvflare-job-lifecycle/.specula-output/evidence/issues-a/5266-reviews.json	evidence/issues-a/5266-reviews.json	file	0664	1789385349125290898	4	cf1cbb66a638b4860a516671fb74850e6ccf787fe6c4c8d29e9c04efe880bd05		copy	run-evidence		{}
specula/runs/nvflare-job-lifecycle-20260914/nvflare-job-lifecycle/.specula-output/evidence/issues-a/5266-timeline-comments.json	evidence/issues-a/5266-timeline-comments.json	file	0664	1789385355162219001	4643	4a4abded037ca0aa40b8f8566ff529ae87dde20803dde0ef1d739450140b648b		copy	run-evidence		{}
specula/runs/nvflare-job-lifecycle-20260914/nvflare-job-lifecycle/.specula-output/evidence/issues-a/5267-body-text.txt	evidence/issues-a/5267-body-text.txt	file	0664	1789385531237128459	4267	44771d552795f9fc05d3595be23a60300f6db23a6f5fc0213612fe9df6405a0b		copy	run-evidence		{}
specula/runs/nvflare-job-lifecycle-20260914/nvflare-job-lifecycle/.specula-output/evidence/issues-a/5267-files.json	evidence/issues-a/5267-files.json	file	0664	1789385547327936879	1502	f5c9edac04855d6ada5344c672b55664262166149deddcf8431db0854e75ce21		copy	run-evidence		{}
specula/runs/nvflare-job-lifecycle-20260914/nvflare-job-lifecycle/.specula-output/evidence/issues-a/5267-inline-comments.json	evidence/issues-a/5267-inline-comments.json	file	0664	1789385348791294874	4	cf1cbb66a638b4860a516671fb74850e6ccf787fe6c4c8d29e9c04efe880bd05		copy	run-evidence		{}
specula/runs/nvflare-job-lifecycle-20260914/nvflare-job-lifecycle/.specula-output/evidence/issues-a/5267-pr-comments.txt	evidence/issues-a/5267-pr-comments.txt	file	0664	1789385349484286625	2993	b141b659a2b846a86af347b8ea92eff1d22eae07aa0cfc55c627bca2f074e3f5		copy	run-evidence		{}
specula/runs/nvflare-job-lifecycle-20260914/nvflare-job-lifecycle/.specula-output/evidence/issues-a/5267-pr-view.json	evidence/issues-a/5267-pr-view.json	file	0664	1789385348868293957	11527	19cfadde7b660c0eb3deb3ea06de830da5ad7ab644ec6e79248331162a0e6591		copy	run-evidence		{}
specula/runs/nvflare-job-lifecycle-20260914/nvflare-job-lifecycle/.specula-output/evidence/issues-a/5267-readable.md	evidence/issues-a/5267-readable.md	file	0664	1789385381424906427	10945	2d6ad6f364e05bf924d5eb41c5dee3ed0c457ad5b8362852fc44b6ed192e806e		copy	run-evidence		{}
specula/runs/nvflare-job-lifecycle-20260914/nvflare-job-lifecycle/.specula-output/evidence/issues-a/5267-reviews.json	evidence/issues-a/5267-reviews.json	file	0664	1789385348782294981	4	cf1cbb66a638b4860a516671fb74850e6ccf787fe6c4c8d29e9c04efe880bd05		copy	run-evidence		{}
specula/runs/nvflare-job-lifecycle-20260914/nvflare-job-lifecycle/.specula-output/evidence/issues-a/5267-timeline-comments.json	evidence/issues-a/5267-timeline-comments.json	file	0664	1789385355177218822	4643	bd0bc62ae104e14635054a4a9944f960762b7e9a09477c2a5421f4e29429996a		copy	run-evidence		{}
specula/runs/nvflare-job-lifecycle-20260914/nvflare-job-lifecycle/.specula-output/evidence/issues-a/5273-files.json	evidence/issues-a/5273-files.json	file	0664	1789385547372936343	297744	18b660307107228737b16287aba2aeaf0888c1246fca5745ec9798eabc93abd5		copy	run-evidence		{}
specula/runs/nvflare-job-lifecycle-20260914/nvflare-job-lifecycle/.specula-output/evidence/issues-a/5273-inline-comments.json	evidence/issues-a/5273-inline-comments.json	file	0664	1789385348616296957	82178	7591530457825f098c9046cb8f3654da589b2823eec42b390f1fade2ff48a276		copy	run-evidence		{}
specula/runs/nvflare-job-lifecycle-20260914/nvflare-job-lifecycle/.specula-output/evidence/issues-a/5273-pr-comments.txt	evidence/issues-a/5273-pr-comments.txt	file	0664	1789385349650284649	18455	14a2ff466e47f472a4a1fba7540bb200c970531944f658fce60ba4525d99551d		copy	run-evidence		{}
specula/runs/nvflare-job-lifecycle-20260914/nvflare-job-lifecycle/.specula-output/evidence/issues-a/5273-pr-view.json	evidence/issues-a/5273-pr-view.json	file	0664	1789385348397299563	33257	a2e613347660f87fdc26ab81cf4788e8f4eecb6018ccd7418dd9ace2bb1454f5		copy	run-evidence		{}
specula/runs/nvflare-job-lifecycle-20260914/nvflare-job-lifecycle/.specula-output/evidence/issues-a/5273-readable.md	evidence/issues-a/5273-readable.md	file	0664	1789385381425906415	36340	34087935f954c97282e9a131e2a766ac26ac3d51f3059f369e352cc591437553		copy	run-evidence		{}
specula/runs/nvflare-job-lifecycle-20260914/nvflare-job-lifecycle/.specula-output/evidence/issues-a/5273-reviews.json	evidence/issues-a/5273-reviews.json	file	0664	1789385348367299920	9582	51cdb028e2ff54594a067332b20f7546827cd64f06a0c25f734b22640f61781b		copy	run-evidence		{}
specula/runs/nvflare-job-lifecycle-20260914/nvflare-job-lifecycle/.specula-output/evidence/issues-a/5273-timeline-comments.json	evidence/issues-a/5273-timeline-comments.json	file	0664	1789385355145219203	31849	610ce0d0182f62e65ab5f6ad2560518fe6cf37f4328771eb90bed98dc4c833dc		copy	run-evidence		{}
specula/runs/nvflare-job-lifecycle-20260914/nvflare-job-lifecycle/.specula-output/evidence/issues-a/5274-files.json	evidence/issues-a/5274-files.json	file	0664	1789385546885942142	171907	96eeb350fe0411aa18ed17dbf4b09aa0a084341180bd2199d6e3917304dd2763		copy	run-evidence		{}
specula/runs/nvflare-job-lifecycle-20260914/nvflare-job-lifecycle/.specula-output/evidence/issues-a/5274-inline-comments.json	evidence/issues-a/5274-inline-comments.json	file	0664	1789385348188302051	807181	51a6af57f00fe72d8255f946623c36df7dde6de2484db15d7c875755f2abc621		copy	run-evidence		{}
specula/runs/nvflare-job-lifecycle-20260914/nvflare-job-lifecycle/.specula-output/evidence/issues-a/5274-pr-comments.txt	evidence/issues-a/5274-pr-comments.txt	file	0664	1789385348665296373	12047	efded9ada5035acf2a03b51eb0da98a0aa25dd9a04b1b20aecd0bee83f3872a8		copy	run-evidence		{}
specula/runs/nvflare-job-lifecycle-20260914/nvflare-job-lifecycle/.specula-output/evidence/issues-a/5274-pr-view.json	evidence/issues-a/5274-pr-view.json	file	0664	1789385348404299480	24604	e8e7a435c19aea1fd4eb8c94bcaa5c4c684c31c3e0427733ce5e6b3dae09ff61		copy	run-evidence		{}
specula/runs/nvflare-job-lifecycle-20260914/nvflare-job-lifecycle/.specula-output/evidence/issues-a/5274-readable.md	evidence/issues-a/5274-readable.md	file	0664	1789385381430906355	44522	14c4d12bed2988965fd43b4a6d8b91504f9f87dadf4e583cd8d0ae8e3fcf9b12		copy	run-evidence		{}
specula/runs/nvflare-job-lifecycle-20260914/nvflare-job-lifecycle/.specula-output/evidence/issues-a/5274-reviews.json	evidence/issues-a/5274-reviews.json	file	0664	1789385348216301718	46722	a904ab9d80e1c427d82d285684980ff0eb3e2e9df52a71833684e330310c9772		copy	run-evidence		{}
specula/runs/nvflare-job-lifecycle-20260914/nvflare-job-lifecycle/.specula-output/evidence/issues-a/5274-timeline-comments.json	evidence/issues-a/5274-timeline-comments.json	file	0664	1789385355169218917	11371	dcec7e98125109bc23d0f08ec25d6f85874d51f965e5600a5f2f732b1312db22		copy	run-evidence		{}
specula/runs/nvflare-job-lifecycle-20260914/nvflare-job-lifecycle/.specula-output/evidence/issues-a/5283-files.json	evidence/issues-a/5283-files.json	file	0664	1789385546882942178	231050	d969ca0e40f327dbbbc9da069b9cbe779328b4263978dac14e9906f0554e3440		copy	run-evidence		{}
specula/runs/nvflare-job-lifecycle-20260914/nvflare-job-lifecycle/.specula-output/evidence/issues-a/5283-inline-comments.json	evidence/issues-a/5283-inline-comments.json	file	0664	1789385347636308621	4	cf1cbb66a638b4860a516671fb74850e6ccf787fe6c4c8d29e9c04efe880bd05		copy	run-evidence		{}
specula/runs/nvflare-job-lifecycle-20260914/nvflare-job-lifecycle/.specula-output/evidence/issues-a/5283-pr-comments.txt	evidence/issues-a/5283-pr-comments.txt	file	0664	1789385348366299932	2963	988bbfaecb11efb39484e49f2e7f9ced1617250dfcd60644c9b6a268f79d99df		copy	run-evidence		{}
specula/runs/nvflare-job-lifecycle-20260914/nvflare-job-lifecycle/.specula-output/evidence/issues-a/5283-pr-view.json	evidence/issues-a/5283-pr-view.json	file	0664	1789385347653308419	9916	767586a8580a9bc6fc2a9c4e044a23b66c27d3d9796b13707e3bc0a2d0e4789a		copy	run-evidence		{}
specula/runs/nvflare-job-lifecycle-20260914/nvflare-job-lifecycle/.specula-output/evidence/issues-a/5283-readable.md	evidence/issues-a/5283-readable.md	file	0664	1789385381430906355	8415	0876141388f313d196302a5579a90a5fa3fe2122bc219fea66b8c3f5eeaa99f6		copy	run-evidence		{}
specula/runs/nvflare-job-lifecycle-20260914/nvflare-job-lifecycle/.specula-output/evidence/issues-a/5283-reviews.json	evidence/issues-a/5283-reviews.json	file	0664	1789385347714307693	4	cf1cbb66a638b4860a516671fb74850e6ccf787fe6c4c8d29e9c04efe880bd05		copy	run-evidence		{}
specula/runs/nvflare-job-lifecycle-20260914/nvflare-job-lifecycle/.specula-output/evidence/issues-a/5283-timeline-comments.json	evidence/issues-a/5283-timeline-comments.json	file	0664	1789385355136219311	4614	ab74afb7b4e504b530886f7e45f292149a2207565ed9b612960bfa0c4825ee79		copy	run-evidence		{}
specula/runs/nvflare-job-lifecycle-20260914/nvflare-job-lifecycle/.specula-output/evidence/issues-a/5284-files.json	evidence/issues-a/5284-files.json	file	0664	1789385547484935009	769889	b3af0a8003160344f7defadd8bec144ea194bbaf73915786cad1fd544e32676f		copy	run-evidence		{}
specula/runs/nvflare-job-lifecycle-20260914/nvflare-job-lifecycle/.specula-output/evidence/issues-a/5284-inline-comments.json	evidence/issues-a/5284-inline-comments.json	file	0664	1789385347374311740	31794	f875674941259032be353293814e8eab87df9e2be6396748ed0cf4b6d570ada0		copy	run-evidence		{}
specula/runs/nvflare-job-lifecycle-20260914/nvflare-job-lifecycle/.specula-output/evidence/issues-a/5284-pr-comments.txt	evidence/issues-a/5284-pr-comments.txt	file	0664	1789385347807306586	24838	21e6340a61989e7005bf3945107be11513d6109c101d676e01f530fb607c20e0		copy	run-evidence		{}
specula/runs/nvflare-job-lifecycle-20260914/nvflare-job-lifecycle/.specula-output/evidence/issues-a/5284-pr-view.json	evidence/issues-a/5284-pr-view.json	file	0664	1789385347218313596	36464	646a55eba19daa9fee8d095821641cdd973b2b7d752b43a53164fd37dac0fab8		copy	run-evidence		{}
specula/runs/nvflare-job-lifecycle-20260914/nvflare-job-lifecycle/.specula-output/evidence/issues-a/5284-readable.md	evidence/issues-a/5284-readable.md	file	0664	1789385381431906343	34034	6304a703e25bc1b32e553be576518250083bf97da68f5d6763a47f94e604cc1b		copy	run-evidence		{}
specula/runs/nvflare-job-lifecycle-20260914/nvflare-job-lifecycle/.specula-output/evidence/issues-a/5284-reviews.json	evidence/issues-a/5284-reviews.json	file	0664	1789385347543309728	21654	0d20e37ea612818b0fc44b3d04250c06de5bb0fd547879c7c5e52ab6a5a002dc		copy	run-evidence		{}
specula/runs/nvflare-job-lifecycle-20260914/nvflare-job-lifecycle/.specula-output/evidence/issues-a/5284-timeline-comments.json	evidence/issues-a/5284-timeline-comments.json	file	0664	1789385354893222208	11980	f2766aba4453d83e669017737beff49e36ef6849fec2961d0c83d65b1de8924f		copy	run-evidence		{}
specula/runs/nvflare-job-lifecycle-20260914/nvflare-job-lifecycle/.specula-output/evidence/issues-a/5285-body-text.txt	evidence/issues-a/5285-body-text.txt	file	0664	1789385531241128412	18882	9d65418a90c001cb3d719f1d120901b8b73c8b4728a891534f0b83b4d6d1ab62		copy	run-evidence		{}
specula/runs/nvflare-job-lifecycle-20260914/nvflare-job-lifecycle/.specula-output/evidence/issues-a/5285-files.json	evidence/issues-a/5285-files.json	file	0664	1789385546766943559	53986	f982cfd5e9db083373f2d87876551b4387989e43fe8ea60818c4e04b11a51c52		copy	run-evidence		{}
specula/runs/nvflare-job-lifecycle-20260914/nvflare-job-lifecycle/.specula-output/evidence/issues-a/5285-inline-comments.json	evidence/issues-a/5285-inline-comments.json	file	0664	1789385346927317060	4	cf1cbb66a638b4860a516671fb74850e6ccf787fe6c4c8d29e9c04efe880bd05		copy	run-evidence		{}
specula/runs/nvflare-job-lifecycle-20260914/nvflare-job-lifecycle/.specula-output/evidence/issues-a/5285-pr-comments.txt	evidence/issues-a/5285-pr-comments.txt	file	0664	1789385347246313263	3045	da0df634e2e38a14f3daa6dcc19aa7550ef03f44dc487862c270c85ba6904456		copy	run-evidence		{}
specula/runs/nvflare-job-lifecycle-20260914/nvflare-job-lifecycle/.specula-output/evidence/issues-a/5285-pr-view.json	evidence/issues-a/5285-pr-view.json	file	0664	1789385346928317048	48949	3f9b0927990a1d2ad7d030b802dc94528b5b7738569db036c426126bfdf75cf1		copy	run-evidence		{}
specula/runs/nvflare-job-lifecycle-20260914/nvflare-job-lifecycle/.specula-output/evidence/issues-a/5285-readable.md	evidence/issues-a/5285-readable.md	file	0664	1789385381431906343	47349	8ad9522b9b5b540d76c73a416ee486e310b229b4a022d551958d78c0de480428		copy	run-evidence		{}
specula/runs/nvflare-job-lifecycle-20260914/nvflare-job-lifecycle/.specula-output/evidence/issues-a/5285-reviews.json	evidence/issues-a/5285-reviews.json	file	0664	1789385346918317167	4	cf1cbb66a638b4860a516671fb74850e6ccf787fe6c4c8d29e9c04efe880bd05		copy	run-evidence		{}
specula/runs/nvflare-job-lifecycle-20260914/nvflare-job-lifecycle/.specula-output/evidence/issues-a/5285-timeline-comments.json	evidence/issues-a/5285-timeline-comments.json	file	0664	1789385354846222769	4697	f0de9820d4af837c0f8014cdce6629459d3b605d92b78b08c2b0d50e078153bb		copy	run-evidence		{}
specula/runs/nvflare-job-lifecycle-20260914/nvflare-job-lifecycle/.specula-output/evidence/issues-a/5286-files.json	evidence/issues-a/5286-files.json	file	0664	1789385546902941940	227027	78f07e357ddfaa3295986491351d595125ee6ba24b3e57b7fccb1f2fb2d59476		copy	run-evidence		{}
specula/runs/nvflare-job-lifecycle-20260914/nvflare-job-lifecycle/.specula-output/evidence/issues-a/5286-inline-comments.json	evidence/issues-a/5286-inline-comments.json	file	0664	1789385346231325344	81595	9108f78c491fbbf9023970d77052d46ef66ec12689d8cdf0cb037a2cfb8c572e		copy	run-evidence		{}
specula/runs/nvflare-job-lifecycle-20260914/nvflare-job-lifecycle/.specula-output/evidence/issues-a/5286-pr-comments.txt	evidence/issues-a/5286-pr-comments.txt	file	0664	1789385347493310323	21786	e2b9f29e4451c335873ecc1fe629d58422ea1801d6b5103c63faafc2b83d67b6		copy	run-evidence		{}
specula/runs/nvflare-job-lifecycle-20260914/nvflare-job-lifecycle/.specula-output/evidence/issues-a/5286-pr-view.json	evidence/issues-a/5286-pr-view.json	file	0664	1789385346601320940	85181	d0b32e4372a64ffc2e58a458c002c7071cbc8a9458eedd91a72706619e0cab40		copy	run-evidence		{}
specula/runs/nvflare-job-lifecycle-20260914/nvflare-job-lifecycle/.specula-output/evidence/issues-a/5286-readable.md	evidence/issues-a/5286-readable.md	file	0664	1789385381433906320	90973	778baf043b01eab36e3b76fa031ffb2e38b7b864631bbfcc96fa37efc128c727		copy	run-evidence		{}
specula/runs/nvflare-job-lifecycle-20260914/nvflare-job-lifecycle/.specula-output/evidence/issues-a/5286-reviews.json	evidence/issues-a/5286-reviews.json	file	0664	1789385346475322440	28815	7e6481885a23f6f564dc7cbfb825a2e0fd372e8152870791f9e922365c9296f6		copy	run-evidence		{}
specula/runs/nvflare-job-lifecycle-20260914/nvflare-job-lifecycle/.specula-output/evidence/issues-a/5286-timeline-comments.json	evidence/issues-a/5286-timeline-comments.json	file	0664	1789385354907222041	66180	93374ecd11bb2b08d914ca176ac7caca1b12d2e6fe9703dd47e778490a21feee		copy	run-evidence		{}
specula/runs/nvflare-job-lifecycle-20260914/nvflare-job-lifecycle/.specula-output/evidence/issues-a/5288-files.json	evidence/issues-a/5288-files.json	file	0664	1789385546828942821	95929	6565a3303c3f648a186a32abe3650ec296b8e5e1af193c5ef0d88313f797e177		copy	run-evidence		{}
specula/runs/nvflare-job-lifecycle-20260914/nvflare-job-lifecycle/.specula-output/evidence/issues-a/5288-inline-comments.json	evidence/issues-a/5288-inline-comments.json	file	0664	1789385346289324654	271980	50726eda2e3a07cde5df2c81c579fd2cdbd8045809fa426f7f4402365025ac27		copy	run-evidence		{}
specula/runs/nvflare-job-lifecycle-20260914/nvflare-job-lifecycle/.specula-output/evidence/issues-a/5288-pr-comments.txt	evidence/issues-a/5288-pr-comments.txt	file	0664	1789385347241313322	37373	9e7d16160880fedf4ff170951e7b07384c7d013a0c831703484af235dec16d50		copy	run-evidence		{}
specula/runs/nvflare-job-lifecycle-20260914/nvflare-job-lifecycle/.specula-output/evidence/issues-a/5288-pr-view.json	evidence/issues-a/5288-pr-view.json	file	0664	1789385346603320917	66568	4617bee05cca5e095cb61a78a98a9e358827adf358b5c300405355f6554219f1		copy	run-evidence		{}
specula/runs/nvflare-job-lifecycle-20260914/nvflare-job-lifecycle/.specula-output/evidence/issues-a/5288-readable.md	evidence/issues-a/5288-readable.md	file	0664	1789385381435906296	80643	e3da47101fd1ad297fc549d7696c006533364f277f90d03d7e9ebccfbc7578f6		copy	run-evidence		{}
specula/runs/nvflare-job-lifecycle-20260914/nvflare-job-lifecycle/.specula-output/evidence/issues-a/5288-reviews.json	evidence/issues-a/5288-reviews.json	file	0664	1789385346577321226	56453	c6e729c00a38383bad694d3df2549ac613acd16bd704d25716cba6dfd6ead5d0		copy	run-evidence		{}
specula/runs/nvflare-job-lifecycle-20260914/nvflare-job-lifecycle/.specula-output/evidence/issues-a/5288-timeline-comments.json	evidence/issues-a/5288-timeline-comments.json	file	0664	1789385354796223365	83480	c25868f2c554f274009d5792707dd508aca961fde07e1d4cae579fe932b06902		copy	run-evidence		{}
specula/runs/nvflare-job-lifecycle-20260914/nvflare-job-lifecycle/.specula-output/evidence/issues-a/coverage.json	evidence/issues-a/coverage.json	file	0664	1789386202543115641	773	0b872af2137dcd8d63abdcd81841a481d9986aaaecdbf888842fd904ea7e0e5b		copy	run-evidence		{}
specula/runs/nvflare-job-lifecycle-20260914/nvflare-job-lifecycle/.specula-output/evidence/issues-a/fetch-fix-prs.py	evidence/issues-a/fetch-fix-prs.py	file	0664	1789385926077414589	1772	0abc0187956d2219f913ed52b5e6751000aaf16f670d32ddc2e7f9231d2f57be		copy	run-evidence		{}
specula/runs/nvflare-job-lifecycle-20260914/nvflare-job-lifecycle/.specula-output/evidence/issues-a/fetch-fix-results.json	evidence/issues-a/fetch-fix-results.json	file	0664	1789385930405363136	5052	bbba18dba099d137cc3afae08b98ef8bbe7f63337343fe961b0f11a20f62ebdf		copy	run-evidence		{}
specula/runs/nvflare-job-lifecycle-20260914/nvflare-job-lifecycle/.specula-output/evidence/issues-a/fetch-results.json	evidence/issues-a/fetch-results.json	file	0664	1789385355586213945	13395	7cb5f440a80c5fc258fb721d9ae8eb41dd9f0227a62e0cc79db23b3f7a0d55cf		copy	run-evidence		{}
specula/runs/nvflare-job-lifecycle-20260914/nvflare-job-lifecycle/.specula-output/evidence/issues-a/fetch.py	evidence/issues-a/fetch.py	file	0664	1789385345701331653	1900	f3984bedc20fc04f10b3bc2b9f99d800bb4f05661b7a81ba3f4d5e9ac6f9bad2		copy	run-evidence		{}
specula/runs/nvflare-job-lifecycle-20260914/nvflare-job-lifecycle/.specula-output/evidence/issues-a.md	evidence/issues-a.md	file	0664	1789386202520115916	19563	bb463c78c1ef9ee6f16de2e3fa156d2ca6560d86527afa5a1d94b36b950a1693		copy	run-evidence		{}
specula/runs/nvflare-job-lifecycle-20260914/nvflare-job-lifecycle/.specula-output/evidence/issues-b-raw/1109-comments.txt	evidence/issues-b-raw/1109-comments.txt	file	0664	1789385390181802003	0	e3b0c44298fc1c149afbf4c8996fb92427ae41e4649b934ca495991b7852b855		copy	run-evidence		{}
specula/runs/nvflare-job-lifecycle-20260914/nvflare-job-lifecycle/.specula-output/evidence/issues-b-raw/1109.json	evidence/issues-b-raw/1109.json	file	0664	1789385391873781829	861	5005e62b6c877b7d76a02b035626500faeb40dd490d562b62da01a6cb3f808c0		copy	run-evidence		{}
specula/runs/nvflare-job-lifecycle-20260914/nvflare-job-lifecycle/.specula-output/evidence/issues-b-raw/1189-comments.txt	evidence/issues-b-raw/1189-comments.txt	file	0664	1789385391378787731	1574	f50912fd2b5ec5dcde7bcb987a298553fb23f3aabe49827cf11b1ba92a782bbf		copy	run-evidence		{}
specula/runs/nvflare-job-lifecycle-20260914/nvflare-job-lifecycle/.specula-output/evidence/issues-b-raw/1189.json	evidence/issues-b-raw/1189.json	file	0664	1789385392391775652	3822	796c6cb62ee7e97c0babd656a60e21364845fa8e1ea19746f8d4b56fdcf8b141		copy	run-evidence		{}
specula/runs/nvflare-job-lifecycle-20260914/nvflare-job-lifecycle/.specula-output/evidence/issues-b-raw/1221-comments.txt	evidence/issues-b-raw/1221-comments.txt	file	0664	1789385392344776212	744	4301e40ec711dc0a7b37c3cb02eb10dd2fa484ea82e48d976e24dc6e1b2ab967		copy	run-evidence		{}
specula/runs/nvflare-job-lifecycle-20260914/nvflare-job-lifecycle/.specula-output/evidence/issues-b-raw/1221.json	evidence/issues-b-raw/1221.json	file	0664	1789385393200766005	7421	29f2dcfb24f9f324d8c757ada6a7a816270f61ccfc372c0eec512c09068809ff		copy	run-evidence		{}
specula/runs/nvflare-job-lifecycle-20260914/nvflare-job-lifecycle/.specula-output/evidence/issues-b-raw/1336-comments.txt	evidence/issues-b-raw/1336-comments.txt	file	0664	1789385391389787600	1455	787e29f7e61ae9712e7b8418b5d17e9a4faa35e033a5c36e670df60d48f2020e		copy	run-evidence		{}
specula/runs/nvflare-job-lifecycle-20260914/nvflare-job-lifecycle/.specula-output/evidence/issues-b-raw/1336.json	evidence/issues-b-raw/1336.json	file	0664	1789385392317776535	3811	7a1dc18b106e1034c4e63453f1040f15c1c5110f59efe3e18c3312dacab5e0f8		copy	run-evidence		{}
specula/runs/nvflare-job-lifecycle-20260914/nvflare-job-lifecycle/.specula-output/evidence/issues-b-raw/1371-comments.txt	evidence/issues-b-raw/1371-comments.txt	file	0664	1789385391305788601	254	e02795ac481a0837bfce639fa64df1947b9584acb4ac2e4d97ea83a560015dec		copy	run-evidence		{}
specula/runs/nvflare-job-lifecycle-20260914/nvflare-job-lifecycle/.specula-output/evidence/issues-b-raw/1371.json	evidence/issues-b-raw/1371.json	file	0664	1789385392157778442	2382	bc9fdd761d7ef7bf0171655db67e5a7f7cbb5a23a35943add3c7ba99f28064cd		copy	run-evidence		{}
specula/runs/nvflare-job-lifecycle-20260914/nvflare-job-lifecycle/.specula-output/evidence/issues-b-raw/1433-comments.txt	evidence/issues-b-raw/1433-comments.txt	file	0664	1789385390076803255	0	e3b0c44298fc1c149afbf4c8996fb92427ae41e4649b934ca495991b7852b855		copy	run-evidence		{}
specula/runs/nvflare-job-lifecycle-20260914/nvflare-job-lifecycle/.specula-output/evidence/issues-b-raw/1433.json	evidence/issues-b-raw/1433.json	file	0664	1789385391723783617	372	58947726bdf9a38d6180311550485eff2a8e1022e791cd8762c02111b4ad1f79		copy	run-evidence		{}
specula/runs/nvflare-job-lifecycle-20260914/nvflare-job-lifecycle/.specula-output/evidence/issues-b-raw/1821-comments.txt	evidence/issues-b-raw/1821-comments.txt	file	0664	1789385343045363233	0	e3b0c44298fc1c149afbf4c8996fb92427ae41e4649b934ca495991b7852b855		copy	run-evidence		{}
specula/runs/nvflare-job-lifecycle-20260914/nvflare-job-lifecycle/.specula-output/evidence/issues-b-raw/1821-timeline.json	evidence/issues-b-raw/1821-timeline.json	file	0664	1789385476241778704	12737	4911cf922558d882d59ca90d024d6e9813a00156fe9eca1d463fafad31d33397		copy	run-evidence		{}
specula/runs/nvflare-job-lifecycle-20260914/nvflare-job-lifecycle/.specula-output/evidence/issues-b-raw/1821.json	evidence/issues-b-raw/1821.json	file	0664	1789385344886341348	2688	2b9ee63cbdb257d43d893e62045055beb01aa50cab477d55782e485befd5df05		copy	run-evidence		{}
specula/runs/nvflare-job-lifecycle-20260914/nvflare-job-lifecycle/.specula-output/evidence/issues-b-raw/1843-comments.txt	evidence/issues-b-raw/1843-comments.txt	file	0664	1789385344851341764	26227	3ca9a1d0d1e1bfe8e5b42c381ff6ed05eaa540617c3684b4891580f4d5ed08aa		copy	run-evidence		{}
specula/runs/nvflare-job-lifecycle-20260914/nvflare-job-lifecycle/.specula-output/evidence/issues-b-raw/1843-timeline.json	evidence/issues-b-raw/1843-timeline.json	file	0664	1789385477360765472	250449	ac7bc99e24ab82f68e74741dd9cb1b0bbc622a7746ce4983fe443122fe094e14		copy	run-evidence		{}
specula/runs/nvflare-job-lifecycle-20260914/nvflare-job-lifecycle/.specula-output/evidence/issues-b-raw/1843.json	evidence/issues-b-raw/1843.json	file	0664	1789385346424323047	41105	bf576f12b38fdec898d396babe979afc74cdb40bee284f363ca652a06c73d919		copy	run-evidence		{}
specula/runs/nvflare-job-lifecycle-20260914/nvflare-job-lifecycle/.specula-output/evidence/issues-b-raw/193-comments.txt	evidence/issues-b-raw/193-comments.txt	file	0664	1789385391304788613	216	67c8fa2629c369f42a238195b504c2e1c08ffe18e3df46ff493a282158879a5e		copy	run-evidence		{}
specula/runs/nvflare-job-lifecycle-20260914/nvflare-job-lifecycle/.specula-output/evidence/issues-b-raw/193-timeline.json	evidence/issues-b-raw/193-timeline.json	file	0664	1789385476431776457	21245	bd0aa73848a7c2af8d6012fda97520b5541492b100826bb78a278ad8207bde4e		copy	run-evidence		{}
specula/runs/nvflare-job-lifecycle-20260914/nvflare-job-lifecycle/.specula-output/evidence/issues-b-raw/193.json	evidence/issues-b-raw/193.json	file	0664	1789385392059779611	1342	339741b0fae94b429f3c39f034ce16ccc3c8244a5953984f608e2c4292261d45		copy	run-evidence		{}
specula/runs/nvflare-job-lifecycle-20260914/nvflare-job-lifecycle/.specula-output/evidence/issues-b-raw/2166-comments.txt	evidence/issues-b-raw/2166-comments.txt	file	0664	1789385344193349586	5185	bad500709a6664fc634019b05015278c2efd6a09800c2c3b6058da06cc775b76		copy	run-evidence		{}
specula/runs/nvflare-job-lifecycle-20260914/nvflare-job-lifecycle/.specula-output/evidence/issues-b-raw/2166-timeline.json	evidence/issues-b-raw/2166-timeline.json	file	0664	1789385476358777321	47848	47c0a0a5fbe1725c4126d9b96df128b08c16005b6bf5d76294b1c42fd7ca2f67		copy	run-evidence		{}
specula/runs/nvflare-job-lifecycle-20260914/nvflare-job-lifecycle/.specula-output/evidence/issues-b-raw/2166.json	evidence/issues-b-raw/2166.json	file	0664	1789385345412335092	9528	39e001c54a4ab4611fdce8408680c276775e2c79529d855d67d0452f446e7ece		copy	run-evidence		{}
specula/runs/nvflare-job-lifecycle-20260914/nvflare-job-lifecycle/.specula-output/evidence/issues-b-raw/2326-comments.txt	evidence/issues-b-raw/2326-comments.txt	file	0664	1789385344144350169	8033	d6e48ac263d8e96e42ee0af5996c21cb74738943d6233af9535e50646e54bf33		copy	run-evidence		{}
specula/runs/nvflare-job-lifecycle-20260914/nvflare-job-lifecycle/.specula-output/evidence/issues-b-raw/2326.json	evidence/issues-b-raw/2326.json	file	0664	1789385345539333581	13405	e5c04f57b638f9508a321186ff65ef1d853e8d6309e76dd8f1e8672e05ab2994		copy	run-evidence		{}
specula/runs/nvflare-job-lifecycle-20260914/nvflare-job-lifecycle/.specula-output/evidence/issues-b-raw/2559-comments.txt	evidence/issues-b-raw/2559-comments.txt	file	0664	1789385344052351262	1689	b3d7c71ee8037ca9e201a8dd1bf38438414bd0f0034eb327b365aa6e695a58d7		copy	run-evidence		{}
specula/runs/nvflare-job-lifecycle-20260914/nvflare-job-lifecycle/.specula-output/evidence/issues-b-raw/2559.json	evidence/issues-b-raw/2559.json	file	0664	1789385345145338269	4321	ffdcb438d333f2f19f119f2718d35ad6a23912b1923053f207233461e0853751		copy	run-evidence		{}
specula/runs/nvflare-job-lifecycle-20260914/nvflare-job-lifecycle/.specula-output/evidence/issues-b-raw/2601-comments.txt	evidence/issues-b-raw/2601-comments.txt	file	0664	1789385344265348730	15710	5db3d82403c70b1f6f7bff557c47d078297a826417694a649f760f11397d8ab1		copy	run-evidence		{}
specula/runs/nvflare-job-lifecycle-20260914/nvflare-job-lifecycle/.specula-output/evidence/issues-b-raw/2601.json	evidence/issues-b-raw/2601.json	file	0664	1789385345184337806	25554	15ca78d739f64697f34b8ceb1f54da74e55e5080805e546ef6b94a3d88436464		copy	run-evidence		{}
specula/runs/nvflare-job-lifecycle-20260914/nvflare-job-lifecycle/.specula-output/evidence/issues-b-raw/316-comments.txt	evidence/issues-b-raw/316-comments.txt	file	0664	1789385391552785656	26901	858a29a5c655e9b936446e2dbe067a322f26d03a699775e117c54be2508c53ea		copy	run-evidence		{}
specula/runs/nvflare-job-lifecycle-20260914/nvflare-job-lifecycle/.specula-output/evidence/issues-b-raw/316.json	evidence/issues-b-raw/316.json	file	0664	1789385393211765874	36572	92a9d60a045c11ef472ef112412fe507992ff97a34b09aa6cccd5fb05c54857f		copy	run-evidence		{}
specula/runs/nvflare-job-lifecycle-20260914/nvflare-job-lifecycle/.specula-output/evidence/issues-b-raw/3196-comments.txt	evidence/issues-b-raw/3196-comments.txt	file	0664	1789385342868365337	0	e3b0c44298fc1c149afbf4c8996fb92427ae41e4649b934ca495991b7852b855		copy	run-evidence		{}
specula/runs/nvflare-job-lifecycle-20260914/nvflare-job-lifecycle/.specula-output/evidence/issues-b-raw/3196.json	evidence/issues-b-raw/3196.json	file	0664	1789385344601344736	709	372dbf5291c052553b15d46f92daa65a514c2d8f8c62d68b96877491e6325160		copy	run-evidence		{}
specula/runs/nvflare-job-lifecycle-20260914/nvflare-job-lifecycle/.specula-output/evidence/issues-b-raw/3197-comments.txt	evidence/issues-b-raw/3197-comments.txt	file	0664	1789385343887353223	208	935043f17aec2d052486cc9e24f438b44c271da935f18f0c4c0ca9728c828a1c		copy	run-evidence		{}
specula/runs/nvflare-job-lifecycle-20260914/nvflare-job-lifecycle/.specula-output/evidence/issues-b-raw/3197.json	evidence/issues-b-raw/3197.json	file	0664	1789385344792342466	1304	6797811c2f5957169c81b2aa9d2a6891d228f2080d74adac5ad2008a4c2e5ca2		copy	run-evidence		{}
specula/runs/nvflare-job-lifecycle-20260914/nvflare-job-lifecycle/.specula-output/evidence/issues-b-raw/3360-comments.txt	evidence/issues-b-raw/3360-comments.txt	file	0664	1789385344170349860	6180	a0f26e2f8c25bdae323adb5d40488fa3f2730b57f7234378268e8a541009e04e		copy	run-evidence		{}
specula/runs/nvflare-job-lifecycle-20260914/nvflare-job-lifecycle/.specula-output/evidence/issues-b-raw/3360.json	evidence/issues-b-raw/3360.json	file	0664	1789385345122338543	12000	a9ba79a5aedbd2c683b16f632060db8d918451e8185607b90b23e5dce1caf2c6		copy	run-evidence		{}
specula/runs/nvflare-job-lifecycle-20260914/nvflare-job-lifecycle/.specula-output/evidence/issues-b-raw/3514-comments.txt	evidence/issues-b-raw/3514-comments.txt	file	0664	1789385343895353128	2768	d5b57c87563f79869a4fe256676cd5fdbf5133589bb6fc858e6b68bb7d26d770		copy	run-evidence		{}
specula/runs/nvflare-job-lifecycle-20260914/nvflare-job-lifecycle/.specula-output/evidence/issues-b-raw/3514.json	evidence/issues-b-raw/3514.json	file	0664	1789385344756342893	5223	0a57da1cfd612303d321f732f6d3f6301b41927f31b578b8811a14578dfdfd28		copy	run-evidence		{}
specula/runs/nvflare-job-lifecycle-20260914/nvflare-job-lifecycle/.specula-output/evidence/issues-b-raw/5093-comments.txt	evidence/issues-b-raw/5093-comments.txt	file	0664	1789385390315800406	0	e3b0c44298fc1c149afbf4c8996fb92427ae41e4649b934ca495991b7852b855		copy	run-evidence		{}
specula/runs/nvflare-job-lifecycle-20260914/nvflare-job-lifecycle/.specula-output/evidence/issues-b-raw/5093.json	evidence/issues-b-raw/5093.json	file	0664	1789385392057779635	2004	e9711c993d996e51a7ba4b44e03c80610e4f88f141677305be313fcc075c34ed		copy	run-evidence		{}
specula/runs/nvflare-job-lifecycle-20260914/nvflare-job-lifecycle/.specula-output/evidence/issues-b-raw/849-comments.txt	evidence/issues-b-raw/849-comments.txt	file	0664	1789385390222801515	0	e3b0c44298fc1c149afbf4c8996fb92427ae41e4649b934ca495991b7852b855		copy	run-evidence		{}
specula/runs/nvflare-job-lifecycle-20260914/nvflare-job-lifecycle/.specula-output/evidence/issues-b-raw/849.json	evidence/issues-b-raw/849.json	file	0664	1789385392090779241	733	2a93bf2c61dc89b336d2be194f7362a46c6dd4ee272e4a15cadc6bf3002af064		copy	run-evidence		{}
specula/runs/nvflare-job-lifecycle-20260914/nvflare-job-lifecycle/.specula-output/evidence/issues-b-raw/pr-1172-inline.json	evidence/issues-b-raw/pr-1172-inline.json	file	0664	1789385891187829887	2	4f53cda18c2baa0c0354bb5f9a3ecbe5ed12ab4d8e11ba873c2f11161202b945		copy	run-evidence		{}
specula/runs/nvflare-job-lifecycle-20260914/nvflare-job-lifecycle/.specula-output/evidence/issues-b-raw/pr-1172.diff	evidence/issues-b-raw/pr-1172.diff	file	0664	1789385478678749885	990	cd4a1b2ec30b287855815a85dc64fb25460fb6e86ea4940c623f169e66f408e0		copy	run-evidence		{}
specula/runs/nvflare-job-lifecycle-20260914/nvflare-job-lifecycle/.specula-output/evidence/issues-b-raw/pr-1172.json	evidence/issues-b-raw/pr-1172.json	file	0664	1789385478134756319	851	7090ec71bd711bdfd14bd1702336e334ffd181789c2019266983b2a17d51e2af		copy	run-evidence		{}
specula/runs/nvflare-job-lifecycle-20260914/nvflare-job-lifecycle/.specula-output/evidence/issues-b-raw/pr-1380-inline.json	evidence/issues-b-raw/pr-1380-inline.json	file	0664	1789385891946820830	193194	d0374760bd84395617677cb2047214df07ec4e29b04dcc7ef1d3e39b80953170		copy	run-evidence		{}
specula/runs/nvflare-job-lifecycle-20260914/nvflare-job-lifecycle/.specula-output/evidence/issues-b-raw/pr-1380.diff	evidence/issues-b-raw/pr-1380.diff	file	0664	1789385479276742812	124037	f46dda2d8fd8cc42425cd60a4df62779e07c0cd7ca716df3521d190c79c28723		copy	run-evidence		{}
specula/runs/nvflare-job-lifecycle-20260914/nvflare-job-lifecycle/.specula-output/evidence/issues-b-raw/pr-1380.json	evidence/issues-b-raw/pr-1380.json	file	0664	1789385478348753787	13956	f9357a116d97ea1a2f9c1e492d858a8e5fe4b621ca03fc5e42914c16e9281619		copy	run-evidence		{}
specula/runs/nvflare-job-lifecycle-20260914/nvflare-job-lifecycle/.specula-output/evidence/issues-b-raw/pr-1869-inline.json	evidence/issues-b-raw/pr-1869-inline.json	file	0664	1789385891224829445	2	4f53cda18c2baa0c0354bb5f9a3ecbe5ed12ab4d8e11ba873c2f11161202b945		copy	run-evidence		{}
specula/runs/nvflare-job-lifecycle-20260914/nvflare-job-lifecycle/.specula-output/evidence/issues-b-raw/pr-1869.diff	evidence/issues-b-raw/pr-1869.diff	file	0664	1789385516397305174	4525	a45b20547f7bd97b5547a343c07c7ee8e9d8835d047f17ee6ba48dfffe285d53		copy	run-evidence		{}
specula/runs/nvflare-job-lifecycle-20260914/nvflare-job-lifecycle/.specula-output/evidence/issues-b-raw/pr-1869.json	evidence/issues-b-raw/pr-1869.json	file	0664	1789385515865311507	2681	1e12e18373ca520969b359427ec42d3733e9f9717a643211f77453359deeb4db		copy	run-evidence		{}
specula/runs/nvflare-job-lifecycle-20260914/nvflare-job-lifecycle/.specula-output/evidence/issues-b-raw/pr-194-inline.json	evidence/issues-b-raw/pr-194-inline.json	file	0664	1789385891475826450	8028	f620ac439a38bf9e961ac30926198de3c84fbeddc77b401271ba0eed1bf466f3		copy	run-evidence		{}
specula/runs/nvflare-job-lifecycle-20260914/nvflare-job-lifecycle/.specula-output/evidence/issues-b-raw/pr-194.diff	evidence/issues-b-raw/pr-194.diff	file	0664	1789385516448304567	854	4339c9bc58e20eafdb251310b10aecaf1e2fa28beddbebee38e25cbd772b45ac		copy	run-evidence		{}
specula/runs/nvflare-job-lifecycle-20260914/nvflare-job-lifecycle/.specula-output/evidence/issues-b-raw/pr-194.json	evidence/issues-b-raw/pr-194.json	file	0664	1789385515862311543	2031	b209c54da26457518734f140daa074c39f77345825cdeff2d325f738a45ad9e7		copy	run-evidence		{}
specula/runs/nvflare-job-lifecycle-20260914/nvflare-job-lifecycle/.specula-output/evidence/issues-b-raw/pr-1985-inline.json	evidence/issues-b-raw/pr-1985-inline.json	file	0664	1789385892425815113	96973	7808ccd888edaefd041cef33a4adea3d5baab573effa537f8676af4c81acc58d		copy	run-evidence		{}
specula/runs/nvflare-job-lifecycle-20260914/nvflare-job-lifecycle/.specula-output/evidence/issues-b-raw/pr-1985.diff	evidence/issues-b-raw/pr-1985.diff	file	0664	1789385516699301579	28257	c5499fe79d5cf87c3c5458af39cef57150a0f64b02339275633c0054742c0d29		copy	run-evidence		{}
specula/runs/nvflare-job-lifecycle-20260914/nvflare-job-lifecycle/.specula-output/evidence/issues-b-raw/pr-1985.json	evidence/issues-b-raw/pr-1985.json	file	0664	1789385516095308769	18434	de14d9bc4499403f8dabc4a5a240bdfa6fdd35b9256f73dc130227ef5d5cbc2f		copy	run-evidence		{}
specula/runs/nvflare-job-lifecycle-20260914/nvflare-job-lifecycle/.specula-output/evidence/issues-b-raw/pr-3392-inline.json	evidence/issues-b-raw/pr-3392-inline.json	file	0664	1789385891268828920	2	4f53cda18c2baa0c0354bb5f9a3ecbe5ed12ab4d8e11ba873c2f11161202b945		copy	run-evidence		{}
specula/runs/nvflare-job-lifecycle-20260914/nvflare-job-lifecycle/.specula-output/evidence/issues-b-raw/pr-3392.diff	evidence/issues-b-raw/pr-3392.diff	file	0664	1789385478892747354	14520	f64fd59bc5bf301f5aaace5515aa9fe00608db744fcb8255aa4596594c2e60da		copy	run-evidence		{}
specula/runs/nvflare-job-lifecycle-20260914/nvflare-job-lifecycle/.specula-output/evidence/issues-b-raw/pr-3392.json	evidence/issues-b-raw/pr-3392.json	file	0664	1789385478267754745	2050	e23326aac4c83bbb248d1eb82bed3ce619a28387ee9e351c541adc5d2bf91d23		copy	run-evidence		{}
specula/runs/nvflare-job-lifecycle-20260914/nvflare-job-lifecycle/.specula-output/evidence/issues-b-raw/pr-3554-inline.json	evidence/issues-b-raw/pr-3554-inline.json	file	0664	1789385891933820985	140713	d7d06cedde5aa730e45f08e82d1a5b6bb64066a6f440c782d336fe08d96fa489		copy	run-evidence		{}
specula/runs/nvflare-job-lifecycle-20260914/nvflare-job-lifecycle/.specula-output/evidence/issues-b-raw/pr-3554.diff	evidence/issues-b-raw/pr-3554.diff	file	0664	1789385478970746431	45937	f6742451c896777383f5dd5256323a324721342bb910959595d9158982d4abf4		copy	run-evidence		{}
specula/runs/nvflare-job-lifecycle-20260914/nvflare-job-lifecycle/.specula-output/evidence/issues-b-raw/pr-3554.json	evidence/issues-b-raw/pr-3554.json	file	0664	1789385478139756260	10778	4d71930e7eb4f1ce92ce0db7a2f21ad93dd6a051ef1232d4f6aa158fe3ee6559		copy	run-evidence		{}
specula/runs/nvflare-job-lifecycle-20260914/nvflare-job-lifecycle/.specula-output/evidence/issues-b-raw/pr-5094-inline.json	evidence/issues-b-raw/pr-5094-inline.json	file	0664	1789385891209829624	11127	96343330d92100a9244602877420b8712a53604dac8c5faa9abde94523c23928		copy	run-evidence		{}
specula/runs/nvflare-job-lifecycle-20260914/nvflare-job-lifecycle/.specula-output/evidence/issues-b-raw/pr-5094.diff	evidence/issues-b-raw/pr-5094.diff	file	0664	1789385478846747898	10161	1607d8694365b8901471f94e2265c3d7f0ffa9b37e3903075b201cc445acbe8a		copy	run-evidence		{}
specula/runs/nvflare-job-lifecycle-20260914/nvflare-job-lifecycle/.specula-output/evidence/issues-b-raw/pr-5094.json	evidence/issues-b-raw/pr-5094.json	file	0664	1789385478236755112	10313	ea4c65d03d30da87bd7f6f163d175ee9bcd17d2573a242a4484dec66bf2386da		copy	run-evidence		{}
specula/runs/nvflare-job-lifecycle-20260914/nvflare-job-lifecycle/.specula-output/evidence/issues-b.md	evidence/issues-b.md	file	0664	1789386065319753778	19137	c948a6d544c3987eee87c452de964e09ec9a0f882954cf8965b6e8060bce5ce6		copy	run-evidence		{}
specula/runs/nvflare-job-lifecycle-20260914/nvflare-job-lifecycle/.specula-output/evidence/issues-collected.json	evidence/issues-collected.json	file	0664	1789385264153302856	52270	1d9f7903b92fe585453a491e361b7b1c0df0a0e7728809fff7a0046badc14957		copy	run-evidence		{}
specula/runs/nvflare-job-lifecycle-20260914/nvflare-job-lifecycle/.specula-output/evidence/issues-search-0.json	evidence/issues-search-0.json	file	0664	1789385264086303655	30670	7ce1e5f85dfe510134f0e9ce27da630ab59a8e390d4e6d908ae5d72bfa66cfcc		copy	run-evidence		{}
specula/runs/nvflare-job-lifecycle-20260914/nvflare-job-lifecycle/.specula-output/evidence/issues-search-1.json	evidence/issues-search-1.json	file	0664	1789385262970316957	1369	f1eb6d1e6fffe8d56ed7901ceb7161ebc5cb6299306ea09e52f4a96ddb17525a		copy	run-evidence		{}
specula/runs/nvflare-job-lifecycle-20260914/nvflare-job-lifecycle/.specula-output/evidence/issues-search-2.json	evidence/issues-search-2.json	file	0664	1789385262995316659	3	37517e5f3dc66819f61f5a7bb8ace1921282415f10551d2defa5c3eb0985b570		copy	run-evidence		{}
specula/runs/nvflare-job-lifecycle-20260914/nvflare-job-lifecycle/.specula-output/evidence/issues-search-3.json	evidence/issues-search-3.json	file	0664	1789385263128315073	2991	e702622152703150d95029f845d048b58fa8b841f47510214896df916c5d0d1d		copy	run-evidence		{}
specula/runs/nvflare-job-lifecycle-20260914/nvflare-job-lifecycle/.specula-output/evidence/issues-search-4.json	evidence/issues-search-4.json	file	0664	1789385263210314096	4286	667a00d3dfd23620c855580b3241d78f8d4ca985c06ff8b069ee00a3088b34a9		copy	run-evidence		{}
specula/runs/nvflare-job-lifecycle-20260914/nvflare-job-lifecycle/.specula-output/evidence/issues-search-5.json	evidence/issues-search-5.json	file	0664	1789385263341312534	10187	2c9cd3bca4535c618d07ff00975672aec532fd7b0cab44666ecdf1b990c5c113		copy	run-evidence		{}
specula/runs/nvflare-job-lifecycle-20260914/nvflare-job-lifecycle/.specula-output/evidence/issues-search-6.json	evidence/issues-search-6.json	file	0664	1789385263149314823	5879	55af2110aa71b6f49c54acb63e4a6fd317d2e369a05e221543809c78fdee3919		copy	run-evidence		{}
specula/runs/nvflare-job-lifecycle-20260914/nvflare-job-lifecycle/.specula-output/evidence/issues-search-7.json	evidence/issues-search-7.json	file	0664	1789385263083315609	756	213511678970ca8d826d93e3fd7df127f318c5dd71b577a1e2d24472897f8aa7		copy	run-evidence		{}
specula/runs/nvflare-job-lifecycle-20260914/nvflare-job-lifecycle/.specula-output/evidence/issues-search-8.json	evidence/issues-search-8.json	file	0664	1789385263192314310	1054	25dae5cd75ad1633a47c3afe5c2d5f868ac6d9afca4717064ad4c517e5b8af95		copy	run-evidence		{}
specula/runs/nvflare-job-lifecycle-20260914/nvflare-job-lifecycle/.specula-output/evidence/issues-search-9.json	evidence/issues-search-9.json	file	0664	1789385263156314739	2438	bf3025cd442f821623be302a267f929157dd85c5266cab356c5b64be8c47bafe		copy	run-evidence		{}
specula/runs/nvflare-job-lifecycle-20260914/nvflare-job-lifecycle/.specula-output/evidence/open-prs.json	evidence/open-prs.json	file	0664	1789385233064675038	3353	24fc070a5d26d80d871669b97f20aac791e8cd923e9f9ab61ee0649db15678d0		copy	run-evidence		{}
specula/runs/nvflare-job-lifecycle-20260914/nvflare-job-lifecycle/.specula-output/evidence/pr-5191-final-status.json	evidence/pr-5191-final-status.json	file	0664	1789386885096870786	262	a8955ed5fb69237bc91f71e1e615e4f63355874cc93a76ac1877667d7dcd88d8		copy	run-evidence		{}
guidance/job-lifecycle-resource-accounting.md	guidance.md	file	0600	1789384015763313862	6479	4e5a6f82c632ec627c559ece823dafeebebe7a0341f317f5c46bfeaefacb5302		copy	run-evidence		{}
specula/runs/nvflare-job-lifecycle-20260914/nvflare-job-lifecycle/.specula-output/harness/INSTRUMENTATION.md	harness/INSTRUMENTATION.md	file	0664	1789395899750038806	11089	6932ca44a9c0e5e44f26a2733fc4c57d5a182aee6f5a258dedb44ad6e20e7ec0		copy	run-evidence		{}
specula/runs/nvflare-job-lifecycle-20260914/nvflare-job-lifecycle/.specula-output/harness/RESULTS.md	harness/RESULTS.md	file	0664	1789402412982594326	977	c69c523991bf26c921a9d61a1ea59a93e8fe7f658ee7d101df5ee4ee59ef1a4a		copy	run-evidence		{}
specula/runs/nvflare-job-lifecycle-20260914/nvflare-job-lifecycle/.specula-output/harness/applied/nvflare/app_common/job_launcher/process_launcher.py	harness/applied/nvflare/app_common/job_launcher/process_launcher.py	file	0664	1789395505553672711	3813	33fe305774f2cb44d8ee7da87e4998f5afac0e1efdc0ac5b8c5ed9940ef72a6c		copy	run-evidence		{}
specula/runs/nvflare-job-lifecycle-20260914/nvflare-job-lifecycle/.specula-output/harness/applied/nvflare/app_common/job_schedulers/job_scheduler.py	harness/applied/nvflare/app_common/job_schedulers/job_scheduler.py	file	0664	1789395505469673714	20021	037207b6f44fec6d573c80f4ddd9dd188cae5a95459c6068f891a2c6f4aa4a98		copy	run-evidence		{}
specula/runs/nvflare-job-lifecycle-20260914/nvflare-job-lifecycle/.specula-output/harness/applied/nvflare/app_common/resource_consumers/list_resource_consumer.py	harness/applied/nvflare/app_common/resource_consumers/list_resource_consumer.py	file	0664	1789395505532672961	1878	15c4f9d24963012de23296f9c10741f7a8d06628c59665385ca9740470beb161		copy	run-evidence		{}
specula/runs/nvflare-job-lifecycle-20260914/nvflare-job-lifecycle/.specula-output/harness/applied/nvflare/app_common/resource_managers/auto_clean_resource_manager.py	harness/applied/nvflare/app_common/resource_managers/auto_clean_resource_manager.py	file	0664	1789395505474673655	8216	c9c2e04465255ebc1b0daa98e243571ba9067e1451dd2ac25284d9fd60741495		copy	run-evidence		{}
specula/runs/nvflare-job-lifecycle-20260914/nvflare-job-lifecycle/.specula-output/harness/applied/nvflare/fuel/f3/cellnet/cell.py	harness/applied/nvflare/fuel/f3/cellnet/cell.py	file	0664	1789392232910732758	29711	d6f9aa79b57fb085a54e1e226876466a5ac0e3cabc88d0f3048f6e6b3ddf6997		copy	run-evidence		{}
specula/runs/nvflare-job-lifecycle-20260914/nvflare-job-lifecycle/.specula-output/harness/applied/nvflare/fuel/f3/cellnet/core_cell.py	harness/applied/nvflare/fuel/f3/cellnet/core_cell.py	file	0664	1789395505612672006	99450	8c9ed22fde9984722ade623b5e188375cd80479829f6a5e5858ba1373526323e		copy	run-evidence		{}
specula/runs/nvflare-job-lifecycle-20260914/nvflare-job-lifecycle/.specula-output/harness/applied/nvflare/private/fed/client/client_engine.py	harness/applied/nvflare/private/fed/client/client_engine.py	file	0664	1789395505539672878	19168	9e8b805c5609b086e6d01f4b8dad94f4850e16ba84163d86e31ee49d390a7730		copy	run-evidence		{}
specula/runs/nvflare-job-lifecycle-20260914/nvflare-job-lifecycle/.specula-output/harness/applied/nvflare/private/fed/client/client_executor.py	harness/applied/nvflare/private/fed/client/client_executor.py	file	0664	1789395505548672770	28728	cf0f40e3ddf5f3e26f8076f7a022d1dfc4ec44abb00a90bf511923f6b810ac64		copy	run-evidence		{}
specula/runs/nvflare-job-lifecycle-20260914/nvflare-job-lifecycle/.specula-output/harness/applied/nvflare/private/fed/client/scheduler_cmds.py	harness/applied/nvflare/private/fed/client/scheduler_cmds.py	file	0664	1789395505524673057	8106	b4e3b4701cf4dae269ca707ec388a3d30b647e522e483395f522100c5fd1ee15		copy	run-evidence		{}
specula/runs/nvflare-job-lifecycle-20260914/nvflare-job-lifecycle/.specula-output/harness/applied/nvflare/private/fed/client/training_cmds.py	harness/applied/nvflare/private/fed/client/training_cmds.py	file	0664	1789395505529672998	9343	d91c27aaf98f2068745cdd941d06969fbdf9f583df9135f1f7d4d45c74fdfc77		copy	run-evidence		{}
specula/runs/nvflare-job-lifecycle-20260914/nvflare-job-lifecycle/.specula-output/harness/applied/nvflare/private/fed/server/admin.py	harness/applied/nvflare/private/fed/server/admin.py	file	0664	1789395505498673368	13178	3cbf0be6e4a96cd350f284d62dfb73a0b692de57563510ed20429feaeafb6297		copy	run-evidence		{}
specula/runs/nvflare-job-lifecycle-20260914/nvflare-job-lifecycle/.specula-output/harness/applied/nvflare/private/fed/server/fed_server.py	harness/applied/nvflare/private/fed/server/fed_server.py	file	0664	1789395505635671731	53969	8f87df8d62c5e16532e6c822f3bef481051b54805ca3846f90341f2b0cadf9d2		copy	run-evidence		{}
specula/runs/nvflare-job-lifecycle-20260914/nvflare-job-lifecycle/.specula-output/harness/applied/nvflare/private/fed/server/job_cmds.py	harness/applied/nvflare/private/fed/server/job_cmds.py	file	0664	1789395505578672412	79517	8b406a9ddfb7ef33914381fc6023b9eb4aaa3db0cc0cb2f4570d07f9712362dd		copy	run-evidence		{}
specula/runs/nvflare-job-lifecycle-20260914/nvflare-job-lifecycle/.specula-output/harness/applied/nvflare/private/fed/server/job_runner.py	harness/applied/nvflare/private/fed/server/job_runner.py	file	0664	1789395505517673141	44846	f6daca0248e1d2b2011117c6f54ebdcfbfbc140f97cece752adf447a606842bb		copy	run-evidence		{}
specula/runs/nvflare-job-lifecycle-20260914/nvflare-job-lifecycle/.specula-output/harness/applied/nvflare/private/fed/server/message_send.py	harness/applied/nvflare/private/fed/server/message_send.py	file	0664	1789395505502673320	4111	6ece5da61741e9623c1a950b20003a3b4c4dc950d2418df2c07bcb25a315f23a		copy	run-evidence		{}
specula/runs/nvflare-job-lifecycle-20260914/nvflare-job-lifecycle/.specula-output/harness/applied/nvflare/private/fed/server/server_engine.py	harness/applied/nvflare/private/fed/server/server_engine.py	file	0664	1789395505489673475	45549	995f42c1105d0c16b71afd58037b7df7208db5d8260d55de705da4c812195f7e		copy	run-evidence		{}
specula/runs/nvflare-job-lifecycle-20260914/nvflare-job-lifecycle/.specula-output/harness/apply.sh	harness/apply.sh	file	0775	1789390766132378898	154	f8f51490bfa0525ed407abc8d0d5543cd394090f576634bd1c43c632992defe1		copy	run-evidence		{}
specula/runs/nvflare-job-lifecycle-20260914/nvflare-job-lifecycle/.specula-output/harness/artifact-hashes.json	harness/artifact-hashes.json	file	0664	1789402412990594238	5204	1479747c982e4b8722a7185fcd47411420b1eb72209430609d9d58b724ed73ff		copy	run-evidence		{}
specula/runs/nvflare-job-lifecycle-20260914/nvflare-job-lifecycle/.specula-output/harness/coverage.json	harness/coverage.json	file	0664	1789402412982594326	45871	4b13a29762989cc6093a5064f144c5666b14ef9876bf6acc259d0a7084109a9b		copy	run-evidence		{}
specula/runs/nvflare-job-lifecycle-20260914/nvflare-job-lifecycle/.specula-output/harness/hook-locations.json	harness/hook-locations.json	file	0664	1789395505637671707	15887	496a2073cdc89e44853f70d1c4e09465d1753e5c3ecb1b60e0424ea7dbe2ba0e		copy	run-evidence		{}
specula/runs/nvflare-job-lifecycle-20260914/nvflare-job-lifecycle/.specula-output/harness/logs/abort_completion-1789391831929097750.raw.ndjson	harness/logs/abort_completion-1789391831929097750.raw.ndjson	file	0664	1789391893100798111	499223	ebaa50b233a2a45dab712e62dc66868ffb30eab4b6da24fdc21098eefb44a1f7		copy	run-evidence		{}
specula/runs/nvflare-job-lifecycle-20260914/nvflare-job-lifecycle/.specula-output/harness/logs/abort_completion-1789392505166837034.raw.ndjson	harness/logs/abort_completion-1789392505166837034.raw.ndjson	file	0664	1789392576630628854	668836	0c6a7912e5ecd3d69c1859003d20068c61faf3511a76c6076d34a42f1fe04189		copy	run-evidence		{}
specula/runs/nvflare-job-lifecycle-20260914/nvflare-job-lifecycle/.specula-output/harness/logs/abort_completion-1789393080820337104.raw.ndjson	harness/logs/abort_completion-1789393080820337104.raw.ndjson	file	0664	1789393151584803119	670991	164ed255bb9222aa9c9c28f73ea8eac2a6aba879d0a069a1dc98e65a005f4760		copy	run-evidence		{}
specula/runs/nvflare-job-lifecycle-20260914/nvflare-job-lifecycle/.specula-output/harness/logs/abort_completion-1789394572605619438.raw.ndjson	harness/logs/abort_completion-1789394572605619438.raw.ndjson	file	0664	1789394643658968994	728706	5dcbc132c7e920a02d33d951502fc661de61250251cd22993912f4d6d61d58ee		copy	run-evidence		{}
specula/runs/nvflare-job-lifecycle-20260914/nvflare-job-lifecycle/.specula-output/harness/logs/abort_completion-1789395506087384920.raw.ndjson	harness/logs/abort_completion-1789395506087384920.raw.ndjson	file	0664	1789395576236828958	676857	2c2baf1f85c13f5a63a1cf49dfdfa85937d2bb839b8388a3637c608c229cd2b4		copy	run-evidence		{}
specula/runs/nvflare-job-lifecycle-20260914/nvflare-job-lifecycle/.specula-output/harness/logs/abort_completion.pytest.log	harness/logs/abort_completion.pytest.log	file	0664	1789394643772967633	1471	aea0a5022292be167b0c883cb16499adc0f11089b9d1247091d9a8e940771caa		copy	run-evidence		{}
specula/runs/nvflare-job-lifecycle-20260914/nvflare-job-lifecycle/.specula-output/harness/logs/abort_completion.receipt.json	harness/logs/abort_completion.receipt.json	file	0664	1789395576262828649	4541	3b176ec2ebc40d8e4a1a8e462f8734c4c7f78e6c1a4e4e3efbb75aeb1d63367b		copy	run-evidence		{}
specula/runs/nvflare-job-lifecycle-20260914/nvflare-job-lifecycle/.specula-output/harness/logs/abort_completion.tlc.log	harness/logs/abort_completion.tlc.log	file	0664	1789394647447923743	5192	bdb57fb24b1873aae0d3ecaf8dcdd4c27b2e3208b5edad29e16402b8eee65b03		copy	run-evidence		{}
specula/runs/nvflare-job-lifecycle-20260914/nvflare-job-lifecycle/.specula-output/harness/logs/abort_completion.validation.json	harness/logs/abort_completion.validation.json	file	0664	1789395819051994984	92	70f0e8f9cf25cba307aba3b553c532f6c112a5e3ec7ee4aba1428579673874bf		copy	run-evidence		{}
specula/runs/nvflare-job-lifecycle-20260914/nvflare-job-lifecycle/.specula-output/harness/logs/admission_exception-1789391722281673258.raw.ndjson	harness/logs/admission_exception-1789391722281673258.raw.ndjson	file	0664	1789391831812536213	1277849	b764d9d2e91b909c7f2fe311aa890728f8d60917ac7477f28ec0adf3e265411b		copy	run-evidence		{}
specula/runs/nvflare-job-lifecycle-20260914/nvflare-job-lifecycle/.specula-output/harness/logs/admission_exception-1789392393798256117.raw.ndjson	harness/logs/admission_exception-1789392393798256117.raw.ndjson	file	0664	1789392504430489421	1337541	48c5aee722d9317615ec1e0855f5101d656b5cec08597786a2364877ef4d3090		copy	run-evidence		{}
specula/runs/nvflare-job-lifecycle-20260914/nvflare-job-lifecycle/.specula-output/harness/logs/admission_exception-1789392970690040953.raw.ndjson	harness/logs/admission_exception-1789392970690040953.raw.ndjson	file	0664	1789393080002656822	1345004	6d38f8ea8903e1dc0fea81cd2bdeb9b704191a708efbbff758ac9d6348668297		copy	run-evidence		{}
specula/runs/nvflare-job-lifecycle-20260914/nvflare-job-lifecycle/.specula-output/harness/logs/admission_exception-1789394462686162663.raw.ndjson	harness/logs/admission_exception-1789394462686162663.raw.ndjson	file	0664	1789394571869827363	1348154	11360a4b5829f6ec6f95f0c357553ef5274ea7376e2f235103c91f10ea4c2c79		copy	run-evidence		{}
specula/runs/nvflare-job-lifecycle-20260914/nvflare-job-lifecycle/.specula-output/harness/logs/admission_exception-1789395065359134609.raw.ndjson	harness/logs/admission_exception-1789395065359134609.raw.ndjson	file	0664	1789395175877614274	1344810	3daf12ce04570dd5a45cd1ca8686c4ce566ed050d0c0ca6a87e9bd3344c17846		copy	run-evidence		{}
specula/runs/nvflare-job-lifecycle-20260914/nvflare-job-lifecycle/.specula-output/harness/logs/admission_exception.pytest.log	harness/logs/admission_exception.pytest.log	file	0664	1789394572012825656	1490	2bec85233e490b7610fafc35735d3cabd23ddf162c423c21738bec30ebd94ea0		copy	run-evidence		{}
specula/runs/nvflare-job-lifecycle-20260914/nvflare-job-lifecycle/.specula-output/harness/logs/admission_exception.receipt.json	harness/logs/admission_exception.receipt.json	file	0664	1789395175872614334	3988	833e41ee25e8480b57d6b9aecc56215b486b20e649394253ca6ae2e0c0e12278		copy	run-evidence		{}
specula/runs/nvflare-job-lifecycle-20260914/nvflare-job-lifecycle/.specula-output/harness/logs/admission_exception.tlc.log	harness/logs/admission_exception.tlc.log	file	0664	1789394650996881361	24413511	fecf65aa3a8f90e8b507cecd650a17a725725aec962e0f4ece76674afda99f75		copy	run-evidence		{}
specula/runs/nvflare-job-lifecycle-20260914/nvflare-job-lifecycle/.specula-output/harness/logs/admission_exception.validation.json	harness/logs/admission_exception.validation.json	file	0664	1789395819175993520	92	42791cc0ab1623ebe2b4e22973c2dc5d77241ef3af994b4e14958a7639a40ad4		copy	run-evidence		{}
specula/runs/nvflare-job-lifecycle-20260914/nvflare-job-lifecycle/.specula-output/harness/logs/competition-1789390967610303177.raw.ndjson	harness/logs/competition-1789390967610303177.raw.ndjson	file	0664	1789391028368210962	622303	c38d42593df405393ec9825517b23fad6e2a3cf1688389c302aa65ba44492c2f		copy	run-evidence		{}
specula/runs/nvflare-job-lifecycle-20260914/nvflare-job-lifecycle/.specula-output/harness/logs/competition-1789391100055653176.raw.ndjson	harness/logs/competition-1789391100055653176.raw.ndjson	file	0664	1789391158505636989	658979	6f632afaf97b20c0c1e59e11c486db5a55151e9443a6fcec5d2cb7d630a4f544		copy	run-evidence		{}
specula/runs/nvflare-job-lifecycle-20260914/nvflare-job-lifecycle/.specula-output/harness/logs/competition-1789391585190654969.raw.ndjson	harness/logs/competition-1789391585190654969.raw.ndjson	file	0664	1789391644759793547	669244	c70529c67cfbb0a238f68d2a28e764dcfa907f5918e3c0eb1cf7c10cc2888e8d		copy	run-evidence		{}
specula/runs/nvflare-job-lifecycle-20260914/nvflare-job-lifecycle/.specula-output/harness/logs/competition-1789392233394649999.raw.ndjson	harness/logs/competition-1789392233394649999.raw.ndjson	file	0664	1789392291883027027	677676	443fd4a6adc279e37f48f0e98ba8fd622f4bc89653d4127b7346df63a75fdf9c		copy	run-evidence		{}
specula/runs/nvflare-job-lifecycle-20260914/nvflare-job-lifecycle/.specula-output/harness/logs/competition-1789392810999999301.raw.ndjson	harness/logs/competition-1789392810999999301.raw.ndjson	file	0664	1789392870276160655	704712	bb5955c5351c1da85a0afc181ce982bc14f8d3bb53a091b9429475ffd7aa75a5		copy	run-evidence		{}
specula/runs/nvflare-job-lifecycle-20260914/nvflare-job-lifecycle/.specula-output/harness/logs/competition-1789394303315581120.raw.ndjson	harness/logs/competition-1789394303315581120.raw.ndjson	file	0664	1789394362521326476	704611	65bf0d067be92d56fe540a707f1a22296134f68579355d5e9d7a6b3847027f4b		copy	run-evidence		{}
specula/runs/nvflare-job-lifecycle-20260914/nvflare-job-lifecycle/.specula-output/harness/logs/competition.log	harness/logs/competition.log	file	0664	1789391158577636121	1445	24248716c643edfc5e5daf3cd2ef2a87be494bd8e0452439b51c7172c88c02d2		copy	run-evidence		{}
specula/runs/nvflare-job-lifecycle-20260914/nvflare-job-lifecycle/.specula-output/harness/logs/competition.pytest.log	harness/logs/competition.pytest.log	file	0664	1789394362591325641	1431	eabfc5e8dd04bbea9a85a7d3bba9b12ec4df81c40c806f313e0cf440839eb433		copy	run-evidence		{}
specula/runs/nvflare-job-lifecycle-20260914/nvflare-job-lifecycle/.specula-output/harness/logs/competition.receipt.json	harness/logs/competition.receipt.json	file	0664	1789394362517326523	3679	f529cb24a7ff3c1cbbf05c34d123e5a1c1fcd92295b64e885ed5b868f40f7ad5		copy	run-evidence		{}
specula/runs/nvflare-job-lifecycle-20260914/nvflare-job-lifecycle/.specula-output/harness/logs/competition.tlc.log	harness/logs/competition.tlc.log	file	0664	1789394653400852653	5181	e9f94e030606f948381021f31571c375fe81181d43a7b0c2737a5068ce4e44b0		copy	run-evidence		{}
specula/runs/nvflare-job-lifecycle-20260914/nvflare-job-lifecycle/.specula-output/harness/logs/competition.validation.json	harness/logs/competition.validation.json	file	0664	1789395818474001805	92	5ecf0161bb734cf7a4b6f0cee6f14c6a4a472f6866b8f561df914e350b324e6b		copy	run-evidence		{}
specula/runs/nvflare-job-lifecycle-20260914/nvflare-job-lifecycle/.specula-output/harness/logs/delayed_start-1789391644867778391.raw.ndjson	harness/logs/delayed_start-1789391644867778391.raw.ndjson	file	0664	1789391721917862459	422549	8186bd81b7e539d4ab8aee1e294747e8db93956ee7881181a5a9b751f316e590		copy	run-evidence		{}
specula/runs/nvflare-job-lifecycle-20260914/nvflare-job-lifecycle/.specula-output/harness/logs/delayed_start-1789392292592749254.raw.ndjson	harness/logs/delayed_start-1789392292592749254.raw.ndjson	file	0664	1789392393045816654	564080	fcb992d25d1c6166bdd21b531f9fe14a7fd7e02c98b321742865880dab521425		copy	run-evidence		{}
specula/runs/nvflare-job-lifecycle-20260914/nvflare-job-lifecycle/.specula-output/harness/logs/delayed_start-1789392871044469288.raw.ndjson	harness/logs/delayed_start-1789392871044469288.raw.ndjson	file	0664	1789392969887972934	562974	ce4ff2484cca4de2c7c788867da50a5ef9a9c77c2e4f63b62064d8eb0d43fe7f		copy	run-evidence		{}
specula/runs/nvflare-job-lifecycle-20260914/nvflare-job-lifecycle/.specula-output/harness/logs/delayed_start-1789394363244530004.raw.ndjson	harness/logs/delayed_start-1789394363244530004.raw.ndjson	file	0664	1789394462016138362	564232	6b1404202e6921d6dcf315f16a0db99b21facdee114b3eb15e28ad9ec09ebd87		copy	run-evidence		{}
specula/runs/nvflare-job-lifecycle-20260914/nvflare-job-lifecycle/.specula-output/harness/logs/delayed_start.pytest.log	harness/logs/delayed_start.pytest.log	file	0664	1789394462114137193	1453	3c5d178668f7dab233fa5a49d55dd19caafeaeda4d676055f48f68090c8e3690		copy	run-evidence		{}
specula/runs/nvflare-job-lifecycle-20260914/nvflare-job-lifecycle/.specula-output/harness/logs/delayed_start.receipt.json	harness/logs/delayed_start.receipt.json	file	0664	1789394462039138088	3596	7b0bd38dd433e652f40a1e988433ea3af8078512f01ed1587eec3caddfb3a469		copy	run-evidence		{}
specula/runs/nvflare-job-lifecycle-20260914/nvflare-job-lifecycle/.specula-output/harness/logs/delayed_start.tlc.log	harness/logs/delayed_start.tlc.log	file	0664	1789394655458825089	2532891	54875193aa7797cccc37a84d921488cf6adfb840455b84efb40a4b2dd08c7356		copy	run-evidence		{}
specula/runs/nvflare-job-lifecycle-20260914/nvflare-job-lifecycle/.specula-output/harness/logs/delayed_start.validation.json	harness/logs/delayed_start.validation.json	file	0664	1789395818683999327	92	5ea11ce571ca2dab8fd4fffcff2df6f48ef65b37f476dea032676db183cbe7b9		copy	run-evidence		{}
specula/runs/nvflare-job-lifecycle-20260914/nvflare-job-lifecycle/.specula-output/harness/logs/final-validation.log	harness/logs/final-validation.log	file	0664	1789393318139816916	146	7a67e0546c9c409e0b778917444c25ab9fcc00958396ba2fb3396ba27b990ff0		copy	run-evidence		{}
specula/runs/nvflare-job-lifecycle-20260914/nvflare-job-lifecycle/.specula-output/harness/logs/first-competition.log	harness/logs/first-competition.log	file	0664	1789391028729206610	1455	314e00c631544b0232340380534dbd91e886b32c583e322f57d42588a4d8c668		copy	run-evidence		{}
specula/runs/nvflare-job-lifecycle-20260914/nvflare-job-lifecycle/.specula-output/harness/logs/pr5191-discussion.json	harness/logs/pr5191-discussion.json	file	0664	1789390986677715062	18530	c641ae06d046daea7884ac235de6913c9d5bb5e3d8f6e31f1d6ee574e2a37543		copy	run-evidence		{}
specula/runs/nvflare-job-lifecycle-20260914/nvflare-job-lifecycle/.specula-output/harness/logs/pr5191-pr.json	harness/logs/pr5191-pr.json	file	0664	1789390986420718156	25337	4f63ca20b88ba606bfed4e30ca34fdad71745dd1de137bb913cd78e6d74020ca		copy	run-evidence		{}
specula/runs/nvflare-job-lifecycle-20260914/nvflare-job-lifecycle/.specula-output/harness/logs/pr5191-review-comments.json	harness/logs/pr5191-review-comments.json	file	0664	1789390987453705719	70731	1f9e8702c4c6d1ba03a01195cd2b61405a404c565821b61c7fe134d391dda87a		copy	run-evidence		{}
specula/runs/nvflare-job-lifecycle-20260914/nvflare-job-lifecycle/.specula-output/harness/logs/pr5191-reviews.json	harness/logs/pr5191-reviews.json	file	0664	1789390987149709379	15498	a203407995b24bac39aadc999c307a0d54efca984ad3144c10cd66999f2dbf6b		copy	run-evidence		{}
specula/runs/nvflare-job-lifecycle-20260914/nvflare-job-lifecycle/.specula-output/harness/logs/pre-final-1789392810232292126/abort_completion.ndjson	harness/logs/pre-final-1789392810232292126/abort_completion.ndjson	file	0664	1789392577872614057	2101645	7767712f00b1f03ecf052139d7ead48a605f3b583745b72e557bc0b26380733b		copy	run-evidence		{}
specula/runs/nvflare-job-lifecycle-20260914/nvflare-job-lifecycle/.specula-output/harness/logs/pre-final-1789392810232292126/abort_completion.provenance.json	harness/logs/pre-final-1789392810232292126/abort_completion.provenance.json	file	0664	1789392577873614045	44786	31c62c9d0405113fb330d79fb6b174dbdf0e13d6e23a5da754e12b3131fc699b		copy	run-evidence		{}
specula/runs/nvflare-job-lifecycle-20260914/nvflare-job-lifecycle/.specula-output/harness/logs/pre-final-1789392810232292126/abort_completion.receipt.json	harness/logs/pre-final-1789392810232292126/abort_completion.receipt.json	file	0664	1789392577461618953	4055	1e907bafbec85f535e89126974415bdec422970a9634003c6f62b1982a5f397a		copy	run-evidence		{}
specula/runs/nvflare-job-lifecycle-20260914/nvflare-job-lifecycle/.specula-output/harness/logs/pre-final-1789392810232292126/abort_completion.tlc.log	harness/logs/pre-final-1789392810232292126/abort_completion.tlc.log	file	0664	1789392580758579777	4022803	a3a397885460998bceabcac9c8a6201b4a0cec5eaea7fa97839cc90a7f1ba69c		copy	run-evidence		{}
specula/runs/nvflare-job-lifecycle-20260914/nvflare-job-lifecycle/.specula-output/harness/logs/pre-final-1789392810232292126/abort_completion.validation.json	harness/logs/pre-final-1789392810232292126/abort_completion.validation.json	file	0664	1789392580764579706	377	ea619ab686113f79f17fc6802f32e0042f23fdb126a866167af441ab664095e4		copy	run-evidence		{}
specula/runs/nvflare-job-lifecycle-20260914/nvflare-job-lifecycle/.specula-output/harness/logs/pre-final-1789392810232292126/admission_exception.ndjson	harness/logs/pre-final-1789392810232292126/admission_exception.ndjson	file	0664	1789392577927613402	1673523	dc44936eb5bcbbb6b45323f4ff95cd81a88bf23090473f270b2e0402377eb4c9		copy	run-evidence		{}
specula/runs/nvflare-job-lifecycle-20260914/nvflare-job-lifecycle/.specula-output/harness/logs/pre-final-1789392810232292126/admission_exception.provenance.json	harness/logs/pre-final-1789392810232292126/admission_exception.provenance.json	file	0664	1789392577928613389	103817	b51724a701667c1b3242a72b33e36e509bf50a2b4eb94c765237953b66af8cf5		copy	run-evidence		{}
specula/runs/nvflare-job-lifecycle-20260914/nvflare-job-lifecycle/.specula-output/harness/logs/pre-final-1789392810232292126/admission_exception.receipt.json	harness/logs/pre-final-1789392810232292126/admission_exception.receipt.json	file	0664	1789392504519488359	3506	7119014e88f34be104c24acfbd015d793c0f81583a239483bf5e6c5bf6ed39b1		copy	run-evidence		{}
specula/runs/nvflare-job-lifecycle-20260914/nvflare-job-lifecycle/.specula-output/harness/logs/pre-final-1789392810232292126/admission_exception.tlc.log	harness/logs/pre-final-1789392810232292126/admission_exception.tlc.log	file	0664	1789392584283537993	23941579	1e978efe19e570943c859ee1b3a41a93472f908cd873128ab3a5edce8f891776		copy	run-evidence		{}
specula/runs/nvflare-job-lifecycle-20260914/nvflare-job-lifecycle/.specula-output/harness/logs/pre-final-1789392810232292126/admission_exception.validation.json	harness/logs/pre-final-1789392810232292126/admission_exception.validation.json	file	0664	1789392584324537507	382	ce63e23cb3b4e6ba2262efad4ddcea9270e38b9f588bebc99c9b69e79688e9a6		copy	run-evidence		{}
specula/runs/nvflare-job-lifecycle-20260914/nvflare-job-lifecycle/.specula-output/harness/logs/pre-final-1789392810232292126/artifact-hashes.json	harness/logs/pre-final-1789392810232292126/artifact-hashes.json	file	0664	1789392588705485621	5204	3f76d6a13e6be78e3f69e8662719ed583eb6f99f0135c138d5ebf9fc77629126		copy	run-evidence		{}
specula/runs/nvflare-job-lifecycle-20260914/nvflare-job-lifecycle/.specula-output/harness/logs/pre-final-1789392810232292126/competition.ndjson	harness/logs/pre-final-1789392810232292126/competition.ndjson	file	0664	1789392577961612996	1144504	62a68c5a9bf4a81648b63c04bcaf8de42b36158191223e815f0cbe79b27921a1		copy	run-evidence		{}
specula/runs/nvflare-job-lifecycle-20260914/nvflare-job-lifecycle/.specula-output/harness/logs/pre-final-1789392810232292126/competition.provenance.json	harness/logs/pre-final-1789392810232292126/competition.provenance.json	file	0664	1789392577961612996	52902	2d812967f6057144fd5b7c3b31fe4fcd92011a437608e23f91bb14c53af6c027		copy	run-evidence		{}
specula/runs/nvflare-job-lifecycle-20260914/nvflare-job-lifecycle/.specula-output/harness/logs/pre-final-1789392810232292126/competition.receipt.json	harness/logs/pre-final-1789392810232292126/competition.receipt.json	file	0664	1789392291931026454	3188	7503a4716be45939231ef91aa45d659aafef36614f9f805ad41f09e7306276ef		copy	run-evidence		{}
specula/runs/nvflare-job-lifecycle-20260914/nvflare-job-lifecycle/.specula-output/harness/logs/pre-final-1789392810232292126/competition.tlc.log	harness/logs/pre-final-1789392810232292126/competition.tlc.log	file	0664	1789392585712521055	133126	1bbff85a1c289f92dd53bed539320ad4199e6e933c82c8d1a6b12c9b12b2e700		copy	run-evidence		{}
specula/runs/nvflare-job-lifecycle-20260914/nvflare-job-lifecycle/.specula-output/harness/logs/pre-final-1789392810232292126/competition.validation.json	harness/logs/pre-final-1789392810232292126/competition.validation.json	file	0664	1789392585713521043	372	b60f4f7ec93ea22b3fffcbaf7096d6f0f4990be9a57652764de754f2259af1e1		copy	run-evidence		{}
specula/runs/nvflare-job-lifecycle-20260914/nvflare-job-lifecycle/.specula-output/harness/logs/pre-final-1789392810232292126/coverage.json	harness/logs/pre-final-1789392810232292126/coverage.json	file	0664	1789392588699485692	44140	85ba8687faa8df8774e07a0047922da66642a56749942e95fd65a0c4f8145df5		copy	run-evidence		{}
specula/runs/nvflare-job-lifecycle-20260914/nvflare-job-lifecycle/.specula-output/harness/logs/pre-final-1789392810232292126/delayed_start.ndjson	harness/logs/pre-final-1789392810232292126/delayed_start.ndjson	file	0664	1789392577995612592	1125077	2e93c634cbcb4bdf4f24a4163d3d40e329469d92e83d4a0cd87bf16944eb9da6		copy	run-evidence		{}
specula/runs/nvflare-job-lifecycle-20260914/nvflare-job-lifecycle/.specula-output/harness/logs/pre-final-1789392810232292126/delayed_start.provenance.json	harness/logs/pre-final-1789392810232292126/delayed_start.provenance.json	file	0664	1789392577995612592	45411	29bd9f8840fc1e8e4cc1d9c3068747ac7c91b0f9eb31d8649cddbd76fa518fc1		copy	run-evidence		{}
specula/runs/nvflare-job-lifecycle-20260914/nvflare-job-lifecycle/.specula-output/harness/logs/pre-final-1789392810232292126/delayed_start.receipt.json	harness/logs/pre-final-1789392810232292126/delayed_start.receipt.json	file	0664	1789392393151815388	3109	c3bed901da836d29224be4dd61fe5227d88a9208aca0201b6ff7dbfbe31031f6		copy	run-evidence		{}
specula/runs/nvflare-job-lifecycle-20260914/nvflare-job-lifecycle/.specula-output/harness/logs/pre-final-1789392810232292126/delayed_start.tlc.log	harness/logs/pre-final-1789392810232292126/delayed_start.tlc.log	file	0664	1789392588496488093	9156198	ae0117163ada0fc7624e688ba3d9bc4434912c9d0c3275df1fff1a24f68f4899		copy	run-evidence		{}
specula/runs/nvflare-job-lifecycle-20260914/nvflare-job-lifecycle/.specula-output/harness/logs/pre-final-1789392810232292126/delayed_start.validation.json	harness/logs/pre-final-1789392810232292126/delayed_start.validation.json	file	0664	1789392588509487939	382	b7e6f82c51e56fc6e2ed9517c8c14d9e987ff1c396b298ab5c972e3dddda574a		copy	run-evidence		{}
specula/runs/nvflare-job-lifecycle-20260914/nvflare-job-lifecycle/.specula-output/harness/logs/pre-final-1789392810232292126/instrumentation.patch	harness/logs/pre-final-1789392810232292126/instrumentation.patch	file	0664	1789392232911732746	38310	1f4f3bc4064aa1d8411b3af5a9cd75221468434f668f111d352aa54557c611d1		copy	run-evidence		{}
specula/runs/nvflare-job-lifecycle-20260914/nvflare-job-lifecycle/.specula-output/harness/logs/pre-final-1789392810232292126/run.log	harness/logs/pre-final-1789392810232292126/run.log	file	0664	1789392588721485432	1792	bf67889a000364e4dad0fdff3643897dc56181eb8a460937fa05c6cfb00cfa17		copy	run-evidence		{}
specula/runs/nvflare-job-lifecycle-20260914/nvflare-job-lifecycle/.specula-output/harness/logs/quick-validation.log	harness/logs/quick-validation.log	file	0664	1789391484794727460	28	67b4bbfb0769b38cc081924c2cbdc790f0c8e5adde75c2b59d5146e04a9b7c91		copy	run-evidence		{}
specula/runs/nvflare-job-lifecycle-20260914/nvflare-job-lifecycle/.specula-output/harness/logs/run.log	harness/logs/run.log	file	0664	1789393163863656645	1760	c7332847d23e2933a822716cbecdb10a7188c94c3ceca1df19bad447d81049be		copy	run-evidence		{}
specula/runs/nvflare-job-lifecycle-20260914/nvflare-job-lifecycle/.specula-output/harness/logs/scenarios.log	harness/logs/scenarios.log	file	0664	1789391893434794031	4601	dad743cf0640c2f68265f0c8b4af9e91f2e5c4f9fa3bc9902e64abc73855645f		copy	run-evidence		{}
specula/runs/nvflare-job-lifecycle-20260914/nvflare-job-lifecycle/.specula-output/harness/logs/validation.log	harness/logs/validation.log	file	0664	1789392068679682950	146	123f293ad5b82136a926e7f93144cac456060c0b080b51515075b07f1f65f633		copy	run-evidence		{}
specula/runs/nvflare-job-lifecycle-20260914/nvflare-job-lifecycle/.specula-output/harness/patches/instrumentation.patch	harness/patches/instrumentation.patch	file	0664	1789395505637671707	41834	9f91108d32570b6eb0fbb4adcf52174cf40bd278ca959401d9d81682927e4315		copy	run-evidence		{}
specula/runs/nvflare-job-lifecycle-20260914/nvflare-job-lifecycle/.specula-output/harness/run.sh	harness/run.sh	file	0775	1789392165901531801	1557	de3856ee7f226921f7def360713ed7e1d842eb00a182e1058ae116124979f16f		copy	run-evidence		{}
specula/runs/nvflare-job-lifecycle-20260914/nvflare-job-lifecycle/.specula-output/harness/src/apply_instrumentation.py	harness/src/apply_instrumentation.py	file	0664	1789395505279675984	19084	d886b874bdaff0f4aeb07935dde9195f69b5b6997572e3baaa924ceb75836163		copy	run-evidence		{}
specula/runs/nvflare-job-lifecycle-20260914/nvflare-job-lifecycle/.specula-output/harness/src/audit.py	harness/src/audit.py	file	0664	1789398844543148045	6564	945a8ffbf4861f231a40c9c9c40c7dc816cf250b3cf2fe027047faebb4b31bbe		copy	run-evidence		{}
specula/runs/nvflare-job-lifecycle-20260914/nvflare-job-lifecycle/.specula-output/harness/src/event-schema.json	harness/src/event-schema.json	file	0664	1789395505420674299	17271	f11a5431f1c385ec66baf4005634c2baf90088499e3234479abbee9695a1f852		copy	run-evidence		{}
specula/runs/nvflare-job-lifecycle-20260914/nvflare-job-lifecycle/.specula-output/harness/src/lifecycle_test.py	harness/src/lifecycle_test.py	file	0664	1789392810168877662	10043	d1707b463af3ed1fcf9ae5b43f9dd339358277f150cb03b2b77154c38fb0848f		copy	run-evidence		{}
specula/runs/nvflare-job-lifecycle-20260914/nvflare-job-lifecycle/.specula-output/harness/src/normalize.py	harness/src/normalize.py	file	0664	1789395582347756139	30515	7a380c749ca4b278666d2ad77e5454c764167c5fe21f71ff4d71bf59859825b7		copy	run-evidence		{}
specula/runs/nvflare-job-lifecycle-20260914/nvflare-job-lifecycle/.specula-output/harness/src/probe.py	harness/src/probe.py	file	0664	1789395505279675984	14039	a0955f2d58f66aed92b244eab0638167b1ddd8b2edbcc84b40f028749a534f81		copy	run-evidence		{}
specula/runs/nvflare-job-lifecycle-20260914/nvflare-job-lifecycle/.specula-output/harness/src/project.yml	harness/src/project.yml	file	0664	1789392059484792860	860	91b56dde685b002ee9634cc0e6e103a46efd8c396751e0d887b6e8f7e1e43c63		copy	run-evidence		{}
specula/runs/nvflare-job-lifecycle-20260914/nvflare-job-lifecycle/.specula-output/harness/src/validate.py	harness/src/validate.py	file	0664	1789391482105759580	2437	32d914bf28ac4810828f0682fc4b08c424e56ffe77e50a41dd35ad79bee17c19		copy	run-evidence		{}
specula/runs/nvflare-job-lifecycle-20260914/nvflare-job-lifecycle/.specula-output/harness/src/workload.py	harness/src/workload.py	file	0664	1789392059446793315	1220	8368bce77b68f4c969a33ac0cbe0c590cc3d0bf4ad543e6402c26a971b3e06b9		copy	run-evidence		{}
specula/runs/nvflare-job-lifecycle-20260914/nvflare-job-lifecycle/.specula-output/modeling-brief.md	modeling-brief.md	file	0664	1789386978181750296	20949	34b818ff806db91d25663246b6cfd122e06e050033baecc9b895d97588b09740		copy	run-evidence		{}
agent-config.json	provenance/agent-config.json	file	0600	1789290828914345774	441	9c5edb10c6a5b5c99f75564d66b7d2e43a5faf5948ab0c3a26601c34f8ffee59		copy	run-evidence		{}
manifest.json	provenance/experiment-manifest.json	file	0600	1789385109095154069	3275	060f54b6ac470f50db5e7c712b786cf33405a7240c652f297f776aa28639a190		copy	run-evidence		{}
specula/runs/nvflare-job-lifecycle-20260914/pipeline-summary.md	provenance/original-pipeline-summary.md	file	0664	1789405145989082268	1251	70b0abcdd72b3768f8a895684fc954a5309ef10cab8bd1c9e7b0b5e74a9a5af0		copy	run-evidence		{}
specula/runs/nvflare-job-lifecycle-20260914/run.json	provenance/original-run.json	file	0664	1789385135431840733	4488	4ef8af6963ff712b9a772461a2b3a8b6be00aacf0c3ecf0553634de64b4b3152		copy	run-evidence		{}
logs/job-lifecycle.service-result.json	provenance/service-result.json	file	0664	1789405149783036910	825	6aa7a44870ddf87ffb4b882c3b4dde5399c6c5642312c7dae1563b6a8101e72b		copy	run-evidence		{}
preflight/startup-observed.json	provenance/startup-observed.json	file	0600	1789385225780762026	1254	11953eb86c3357df08b2834c51bed563b0406d6a929cb6017365bc12f9fc33f5		copy	run-evidence		{}
specula/runs/nvflare-job-lifecycle-20260914/nvflare-job-lifecycle/.specula-output/repro/test_bugCR-1_env_snapshot_race.py	repro/test_bugCR-1_env_snapshot_race.py	file	0775	1789403730306204751	10443	061b710d45e7d0ca00790f83c1784a59640ca03ff3a4f186be11dc0c74f8b90c		copy	run-evidence		{}
specula/runs/nvflare-job-lifecycle-20260914/nvflare-job-lifecycle/.specula-output/repro/test_bugCR-4_lifecycle_cleanup_divergence.py	repro/test_bugCR-4_lifecycle_cleanup_divergence.py	file	0775	1789404782601450197	23199	62aa68594d4cc04309eefb5cb3901c21041b91139c1f0973434de0d49e58ffce		copy	run-evidence		{}
specula/runs/nvflare-job-lifecycle-20260914/nvflare-job-lifecycle/.specula-output/repro/test_bugCR-5_startup_failure_escapes_runner.py	repro/test_bugCR-5_startup_failure_escapes_runner.py	file	0775	1789404511671654380	10799	f6b800b870a860b7b777935425beeff7c1d4e6252771633c4ed488a417e4f6df		copy	run-evidence		{}
specula/runs/nvflare-job-lifecycle-20260914/nvflare-job-lifecycle/.specula-output/repro/test_bugMC-2_startup_cleanup_handoff.py	repro/test_bugMC-2_startup_cleanup_handoff.py	file	0664	1789403842154814409	11254	9c9d40bfd070d85cbabccbd501c11b5a1a2711078bf51e23f4f3639bc8190a91		copy	run-evidence		{}
specula/runs/nvflare-job-lifecycle-20260914/nvflare-job-lifecycle/.specula-output/repro/test_bugMC-3_pre_run_abort.py	repro/test_bugMC-3_pre_run_abort.py	file	0775	1789403908601958830	12551	77ebe8dab319ce391e3fc9f20dd1c3ffb382979abed84ef34d5befe1184b84d3		copy	run-evidence		{}
specula/runs/nvflare-job-lifecycle-20260914/nvflare-job-lifecycle/.specula-output/repro/test_bugMC-4_terminal_resurrection.py	repro/test_bugMC-4_terminal_resurrection.py	file	0775	1789403882197299134	12043	5daf6c32eff01a58055a9a72714f97ffa78974106cf7be68a280fb8878f824fd		copy	run-evidence		{}
specula/runs/nvflare-job-lifecycle-20260914/nvflare-job-lifecycle/.specula-output/review-analysis.md	review-analysis.md	file	0664	1789387285605084332	4969	c25d9513b8a650bd583bcad911a6e5bfc57244da780da768b0f34d9169dbf0f5		copy	run-evidence		{}
	run.json	file	0600	0	2326	cb93ba9ecf8f9014c06507b9114f5d00cfa10a545a25d5334731a5f71117131d		generated	curated-documentation	Curated archive metadata	{}
specula/runs/nvflare-job-lifecycle-20260914/nvflare-job-lifecycle/.specula-output/spec/MC.cfg	spec/MC.cfg	file	0664	1789395815707034462	2563	656813f9918d02ffd9f3aff952280db56bca1eab29ff2d3abe858c3b186f27b6		copy	run-evidence		{}
specula/runs/nvflare-job-lifecycle-20260914/nvflare-job-lifecycle/.specula-output/spec/MC.tla	spec/MC.tla	file	0664	1789395815707034462	25615	710de4d26031bd28a044926f63e5ed30b43470abf0421f953830d40d17a29e9e		copy	run-evidence		{}
specula/runs/nvflare-job-lifecycle-20260914/nvflare-job-lifecycle/.specula-output/spec/MC_hunt_s1_environment.cfg	spec/MC_hunt_s1_environment.cfg	file	0664	1789395815707034462	2372	c2119712c18ddbfd3f0ec654b54ceaa20d466b2bbc813e187ef7e99afa23bd3d		copy	run-evidence		{}
specula/runs/nvflare-job-lifecycle-20260914/nvflare-job-lifecycle/.specula-output/spec/MC_hunt_s1_optional_symmetry.cfg	spec/MC_hunt_s1_optional_symmetry.cfg	file	0664	1789395815707034462	2382	59ff42b3e78bd8195fe4411ada3c1d655899dbc81ae783abfd4ebadb6f4d0ee2		copy	run-evidence		{}
specula/runs/nvflare-job-lifecycle-20260914/nvflare-job-lifecycle/.specula-output/spec/MC_hunt_s2_cleanup_handoff.cfg	spec/MC_hunt_s2_cleanup_handoff.cfg	file	0664	1789395815707034462	2360	34a4901ef2ba5125b1663f03c2e82b14968608a7f74c159b0f89083d67c6b55c		copy	run-evidence		{}
specula/runs/nvflare-job-lifecycle-20260914/nvflare-job-lifecycle/.specula-output/spec/MC_hunt_s2_partial_start_strict.cfg	spec/MC_hunt_s2_partial_start_strict.cfg	file	0664	1789395815708034450	2355	aa1a0a8ae86b243fe8fbbfc24bd60e0daaa0117122b1a901b879a032f2207c1e		copy	run-evidence		{}
specula/runs/nvflare-job-lifecycle-20260914/nvflare-job-lifecycle/.specula-output/spec/MC_hunt_s3_abort_status.cfg	spec/MC_hunt_s3_abort_status.cfg	file	0664	1789395815708034450	2343	e24af4769e78f72beb24f6b6f9e78985bc1ec9edb5b0832819ea578bdcf92bb2		copy	run-evidence		{}
specula/runs/nvflare-job-lifecycle-20260914/nvflare-job-lifecycle/.specula-output/spec/MC_hunt_s3_terminal_status.cfg	spec/MC_hunt_s3_terminal_status.cfg	file	0664	1789395815708034450	2341	d65cf4734b4d626ef96171fc91b339b9f52876cb489b9f26f2e2a4b2928d6cdf		copy	run-evidence		{}
specula/runs/nvflare-job-lifecycle-20260914/nvflare-job-lifecycle/.specula-output/spec/MC_hunt_s4_exit_cleanup.cfg	spec/MC_hunt_s4_exit_cleanup.cfg	file	0664	1789395815708034450	2366	c226ea95accf0d33db98edb449551afaa86e9dc27e59bc4fae634421277994b5		copy	run-evidence		{}
specula/runs/nvflare-job-lifecycle-20260914/nvflare-job-lifecycle/.specula-output/spec/MC_hunt_s5_scheduling_progress.cfg	spec/MC_hunt_s5_scheduling_progress.cfg	file	0664	1789395815708034450	2434	d3b1c335b469638938bc6c2c477fcd1983a7c07b161d95e78c092329ce9269eb		copy	run-evidence		{}
specula/runs/nvflare-job-lifecycle-20260914/nvflare-job-lifecycle/.specula-output/spec/Trace.cfg	spec/Trace.cfg	file	0664	1789395815736034119	697	0420354722cc4cf8d2dbc4f34c4fde587f32b6481dc7ac1b4e535c0457e867a9		copy	run-evidence		{}
specula/runs/nvflare-job-lifecycle-20260914/nvflare-job-lifecycle/.specula-output/spec/Trace.tla	spec/Trace.tla	file	0664	1789395815736034119	72540	dc6134a39b27da541a91aaaeceaadd0f0d321c30b538b75f8f855bc41f7d1c7a		copy	run-evidence		{}
specula/runs/nvflare-job-lifecycle-20260914/nvflare-job-lifecycle/.specula-output/spec/actions.json	spec/actions.json	file	0664	1789395815673034863	73063	c2ab528d9eb02c95cc44f59f6965fd7920105e16a620698b68c6590399270f2e		copy	run-evidence		{}
specula/runs/nvflare-job-lifecycle-20260914/nvflare-job-lifecycle/.specula-output/spec/artifact-hashes.json	spec/artifact-hashes.json	file	0664	1789402567321863823	1628	7f0f1e0c40be79366d5ac39eaa726cdf4e3ae14762e4654c4f57076380c4ea6d		copy	run-evidence		{}
specula/runs/nvflare-job-lifecycle-20260914/nvflare-job-lifecycle/.specula-output/spec/base.cfg	spec/base.cfg	file	0664	1789395815673034863	510	0e3bc8d5e54a30840c502c2b806fe1d9515edeabe5b36390dbafae88745465ba		copy	run-evidence		{}
specula/runs/nvflare-job-lifecycle-20260914/nvflare-job-lifecycle/.specula-output/spec/base.tla	spec/base.tla	file	0664	1789395815672034875	122493	b3c2f020e1c3faade7cb65c83f73bf5ed4f3e8bbc8642ec1120e574cc593b86e		copy	run-evidence		{}
specula/runs/nvflare-job-lifecycle-20260914/nvflare-job-lifecycle/.specula-output/spec/brief-coverage.md	spec/brief-coverage.md	file	0664	1789402412708597325	11248	8501eea59551d2df4459d7b66491aec3f7b9fe3e4b6c64b57187eba27371752a		copy	run-evidence		{}
specula/runs/nvflare-job-lifecycle-20260914/nvflare-job-lifecycle/.specula-output/spec/bug-report.md	spec/bug-report.md	file	0664	1789402660443802909	15834	0f9c38b566cc3bb3e247c8fdae34c01b34b4587842ae7111b695f6b2dc4e5319		copy	run-evidence		{}
specula/runs/nvflare-job-lifecycle-20260914/nvflare-job-lifecycle/.specula-output/spec/candidates.json	spec/candidates.json	file	0664	1789403212488138360	9475	ea05f27f57a5401e944e57f3ec64af2393bdc299446f94a7097a3e441531bf0e		copy	run-evidence		{}
specula/runs/nvflare-job-lifecycle-20260914/nvflare-job-lifecycle/.specula-output/spec/changelog.md	spec/changelog.md	file	0664	1789402413028593822	7462	036ab33d7c46acec824819a48a2d32a43cf757d5fa4382663c968dfa8f993fa9		copy	run-evidence		{}
specula/runs/nvflare-job-lifecycle-20260914/nvflare-job-lifecycle/.specula-output/spec/check-generated.py	spec/check-generated.py	file	0664	1789395582348756127	3602	b41bbb8ef466ed610b3be0f41fd2b25c559faad6ce19f3c078ada3e69edb2329		copy	run-evidence		{}
specula/runs/nvflare-job-lifecycle-20260914/nvflare-job-lifecycle/.specula-output/spec/confirmation-generation.json	spec/confirmation-generation.json	file	0664	1789402692512430871	88	62d70d7be8ff2a76700f8e7a3ce4091bee8d59f034b8fced41ab814afa678e8c		copy	run-evidence		{}
specula/runs/nvflare-job-lifecycle-20260914/nvflare-job-lifecycle/.specula-output/spec/coverage-enabled.json	spec/coverage-enabled.json	file	0664	1789402412708597325	4201	acccbd354e0fe4d38a0813d1f37ed027a47ca3c442f5098b3b52bb906dea69c8		copy	run-evidence		{}
specula/runs/nvflare-job-lifecycle-20260914/nvflare-job-lifecycle/.specula-output/spec/design-notes.md	spec/design-notes.md	file	0664	1789389529451242631	2069	cb6711ccf6181d64863a522867e7a1f75e754828a746a0181cf785a45ed0dcde		copy	run-evidence		{}
specula/runs/nvflare-job-lifecycle-20260914/nvflare-job-lifecycle/.specula-output/spec/findings.json	spec/findings.json	file	0664	1789402412684597588	3572	60eb43dcfd7d8c1adea2dc9c26ac1e3a2e47ab6097a58286e8dc8d8a9c5259c0		copy	run-evidence		{}
specula/runs/nvflare-job-lifecycle-20260914/nvflare-job-lifecycle/.specula-output/spec/generate-coverage.py	spec/generate-coverage.py	file	0664	1789398844543148045	11270	20ba665ef67f35ff0cdc92c54b3a6431d97405545edef64721b907c8182dc874		copy	run-evidence		{}
specula/runs/nvflare-job-lifecycle-20260914/nvflare-job-lifecycle/.specula-output/spec/generate-instrumentation.py	spec/generate-instrumentation.py	file	0664	1789395505278675996	31921	88c0dfb6207e5615de07e3a6bf5725e12b4a0a5215f0afb38a9730fd33ae8cba		copy	run-evidence		{}
specula/runs/nvflare-job-lifecycle-20260914/nvflare-job-lifecycle/.specula-output/spec/generate-mc.py	spec/generate-mc.py	file	0664	1789395582348756127	5542	f8ec887f0f5058888f9bb07d4334de861edcb24867cd75e0f63cf5d3ca4fe8bd		copy	run-evidence		{}
specula/runs/nvflare-job-lifecycle-20260914/nvflare-job-lifecycle/.specula-output/spec/generate-trace.py	spec/generate-trace.py	file	0664	1789393184119415249	8152	7df1fd040187df83efc5098c192e3b7c0bf993d48d73e83e3b6b129fc8eed84b		copy	run-evidence		{}
specula/runs/nvflare-job-lifecycle-20260914/nvflare-job-lifecycle/.specula-output/spec/generate.py	spec/generate.py	file	0664	1789395815641035241	63196	bcf378db06281cec84c95406b92715750555b54d29f18a0ccab87755677cb3da		copy	run-evidence		{}
specula/runs/nvflare-job-lifecycle-20260914/nvflare-job-lifecycle/.specula-output/spec/generation-validation.md	spec/generation-validation.md	file	0664	1789389803184999374	3441	60aa22c5e5faac30659a6816eb2cf494643b5da00f84037bcce2e87ec766b605		copy	run-evidence		{}
specula/runs/nvflare-job-lifecycle-20260914/nvflare-job-lifecycle/.specula-output/spec/instrumentation-hooks.json	spec/instrumentation-hooks.json	file	0664	1789395815762033813	96293	338c0d4400deeb4354497de7d3510111a1c9935545586aea9a7d5900d50e5e2f		copy	run-evidence		{}
specula/runs/nvflare-job-lifecycle-20260914/nvflare-job-lifecycle/.specula-output/spec/instrumentation-spec.md	spec/instrumentation-spec.md	file	0664	1789395815761033824	48758	1b56a84686ecf3dc892ee69119813c32a347ad3b877ca42b458663c1b7572ba3		copy	run-evidence		{}
specula/runs/nvflare-job-lifecycle-20260914/nvflare-job-lifecycle/.specula-output/spec/output/FcnLambdaValue.javap.txt	spec/output/FcnLambdaValue.javap.txt	file	0664	1789400148800561809	116897	72e4b77e411e2527efbd065f39f41996bcb8fbf23046a46a1bc230b040adc74a		copy	run-evidence		{}
specula/runs/nvflare-job-lifecycle-20260914/nvflare-job-lifecycle/.specula-output/spec/output/MC-r1-inputs/MC.cfg	spec/output/MC-r1-inputs/MC.cfg	file	0664	1789395815707034462	2563	656813f9918d02ffd9f3aff952280db56bca1eab29ff2d3abe858c3b186f27b6		copy	run-evidence		{}
specula/runs/nvflare-job-lifecycle-20260914/nvflare-job-lifecycle/.specula-output/spec/output/MC-r1-inputs/MC.tla	spec/output/MC-r1-inputs/MC.tla	file	0664	1789395815707034462	25615	710de4d26031bd28a044926f63e5ed30b43470abf0421f953830d40d17a29e9e		copy	run-evidence		{}
specula/runs/nvflare-job-lifecycle-20260914/nvflare-job-lifecycle/.specula-output/spec/output/MC-r1-inputs/base.tla	spec/output/MC-r1-inputs/base.tla	file	0664	1789395815672034875	122493	b3c2f020e1c3faade7cb65c83f73bf5ed4f3e8bbc8642ec1120e574cc593b86e		copy	run-evidence		{}
specula/runs/nvflare-job-lifecycle-20260914/nvflare-job-lifecycle/.specula-output/spec/output/MC-r1-inputs/receipt.json	spec/output/MC-r1-inputs/receipt.json	file	0664	1789395861387496778	384	acc5da79c8a76c81c4dd66dfa5fb4052ce3af11571d61137ba541b7a6adc2ef8		copy	run-evidence		{}
specula/runs/nvflare-job-lifecycle-20260914/nvflare-job-lifecycle/.specula-output/spec/output/MC-r1.launcher.log	spec/output/MC-r1.launcher.log	file	0664	1789397671384359942	10763	efbca6627cb53183914d0297f0dc253c955766b8eaaf2dde3921af1ebaf35122		copy	run-evidence		{}
specula/runs/nvflare-job-lifecycle-20260914/nvflare-job-lifecycle/.specula-output/spec/output/MC-r1.out	spec/output/MC-r1.out	file	0664	1789397609611909041	8948	7de99dc6ba407539e8ba2d8cee830f3cd9f83fa2fcd5ca30395de601e31c9901		copy	run-evidence		{}
specula/runs/nvflare-job-lifecycle-20260914/nvflare-job-lifecycle/.specula-output/spec/output/MC-r1.request.json	spec/output/MC-r1.request.json	file	0664	1789395861422496367	551	060bd09e0cd18a00fabb3f498a53bc2e9303f9d229f886ba22e0707721337000		copy	run-evidence		{}
specula/runs/nvflare-job-lifecycle-20260914/nvflare-job-lifecycle/.specula-output/spec/output/MC-r1.result.json	spec/output/MC-r1.result.json	file	0664	1789397672347348783	751	3dc205b5a2ca475499f080aa59f95399c77b78f7da0f8c08a3f48c2a6bd04852		copy	run-evidence		{}
specula/runs/nvflare-job-lifecycle-20260914/nvflare-job-lifecycle/.specula-output/spec/output/MC_hunt_s1_environment-bfs.launcher.log	spec/output/MC_hunt_s1_environment-bfs.launcher.log	file	0664	1789399571686479047	10885	eb35fdb9ee6592c4ea64e6bfd43245156fabf4eb684b438c9e7896dd17258d59		copy	run-evidence		{}
specula/runs/nvflare-job-lifecycle-20260914/nvflare-job-lifecycle/.specula-output/spec/output/MC_hunt_s1_environment-bfs.out	spec/output/MC_hunt_s1_environment-bfs.out	file	0664	1789399513980149760	8896	255b4f780fa288786da3deb4dafbdd509d00284033e35d840002d672a7f53f92		copy	run-evidence		{}
specula/runs/nvflare-job-lifecycle-20260914/nvflare-job-lifecycle/.specula-output/spec/output/MC_hunt_s1_environment-bfs.request.json	spec/output/MC_hunt_s1_environment-bfs.request.json	file	0664	1789397767709804215	748	85e4a91ff575d0161c6abc4ac7424c5472a477094fc4cae1cbafcf368bbeccbd		copy	run-evidence		{}
specula/runs/nvflare-job-lifecycle-20260914/nvflare-job-lifecycle/.specula-output/spec/output/MC_hunt_s1_environment-bfs.result.json	spec/output/MC_hunt_s1_environment-bfs.result.json	file	0664	1789399572142473757	752	3c17e4e0bb88b4efe048d4341587045f728cebf2b627f923ad7dd612b95a6ecf		copy	run-evidence		{}
specula/runs/nvflare-job-lifecycle-20260914/nvflare-job-lifecycle/.specula-output/spec/output/MC_hunt_s1_environment-sim.launcher.log	spec/output/MC_hunt_s1_environment-sim.launcher.log	file	0664	1789401607211808359	8605	52eb876e093663003c10b0aede36ca55af13bb014ceeddad4d70d355c189f96b		copy	run-evidence		{}
specula/runs/nvflare-job-lifecycle-20260914/nvflare-job-lifecycle/.specula-output/spec/output/MC_hunt_s1_environment-sim.out	spec/output/MC_hunt_s1_environment-sim.out	file	0664	1789401547737487942	6577	f0a4a34132e6d8916f35a922caea34a846b36aa16749afc270cbdef9fb7c8b68		copy	run-evidence		{}
specula/runs/nvflare-job-lifecycle-20260914/nvflare-job-lifecycle/.specula-output/spec/output/MC_hunt_s1_environment-sim.request.json	spec/output/MC_hunt_s1_environment-sim.request.json	file	0664	1789399806726562380	804	8d3794b7ccb169e67e424484aaaa395cf819863b9d59da3bb64517f9a3a55554		copy	run-evidence		{}
specula/runs/nvflare-job-lifecycle-20260914/nvflare-job-lifecycle/.specula-output/spec/output/MC_hunt_s1_environment-sim.result.json	spec/output/MC_hunt_s1_environment-sim.result.json	file	0664	1789401607456805524	752	27c6f47c60d459be3ab457cc42dbdb86ca8a9499195394c70a0591c217300d00		copy	run-evidence		{}
specula/runs/nvflare-job-lifecycle-20260914/nvflare-job-lifecycle/.specula-output/spec/output/MC_hunt_s1_optional_symmetry-bfs.launcher.log	spec/output/MC_hunt_s1_optional_symmetry-bfs.launcher.log	file	0664	1789399572954464338	10691	cd1396d7185bf32479f761bf16861286c0d76483f2722753bc77a0ea13f05c98		copy	run-evidence		{}
specula/runs/nvflare-job-lifecycle-20260914/nvflare-job-lifecycle/.specula-output/spec/output/MC_hunt_s1_optional_symmetry-bfs.out	spec/output/MC_hunt_s1_optional_symmetry-bfs.out	file	0664	1789399515008138003	8684	89631c5ff3f15ce4691af41569ff59dd5fd37169603e9ebb560bc1e1934f5afa		copy	run-evidence		{}
specula/runs/nvflare-job-lifecycle-20260914/nvflare-job-lifecycle/.specula-output/spec/output/MC_hunt_s1_optional_symmetry-bfs.request.json	spec/output/MC_hunt_s1_optional_symmetry-bfs.request.json	file	0664	1789397767820803393	765	d463900a5662d44759a286e151fc8ce47e38df0d6bced41aa7c9b73875a69b0f		copy	run-evidence		{}
specula/runs/nvflare-job-lifecycle-20260914/nvflare-job-lifecycle/.specula-output/spec/output/MC_hunt_s1_optional_symmetry-bfs.result.json	spec/output/MC_hunt_s1_optional_symmetry-bfs.result.json	file	0664	1789399573406459101	752	c0cd0e433e1b03edfbc35f7089069174e3996a59514aa1a2675e2950c5115233		copy	run-evidence		{}
specula/runs/nvflare-job-lifecycle-20260914/nvflare-job-lifecycle/.specula-output/spec/output/MC_hunt_s1_optional_symmetry-sim.launcher.log	spec/output/MC_hunt_s1_optional_symmetry-sim.launcher.log	file	0664	1789401607289807457	8432	bb37246886d3a1ad094eee063b9af17f7b82a5a762d3a82b9d47001c5f916660		copy	run-evidence		{}
specula/runs/nvflare-job-lifecycle-20260914/nvflare-job-lifecycle/.specula-output/spec/output/MC_hunt_s1_optional_symmetry-sim.out	spec/output/MC_hunt_s1_optional_symmetry-sim.out	file	0664	1789401547864486494	6386	8f86eed2bbe0b8e88608aa014cc9684d01022c1d2d8f30c344d37f43222020d5		copy	run-evidence		{}
specula/runs/nvflare-job-lifecycle-20260914/nvflare-job-lifecycle/.specula-output/spec/output/MC_hunt_s1_optional_symmetry-sim.request.json	spec/output/MC_hunt_s1_optional_symmetry-sim.request.json	file	0664	1789399806853561614	822	c5deba9207586cfa7401c5db4b2826287bdb1d9d85dd40854435678d7a694f39		copy	run-evidence		{}
specula/runs/nvflare-job-lifecycle-20260914/nvflare-job-lifecycle/.specula-output/spec/output/MC_hunt_s1_optional_symmetry-sim.result.json	spec/output/MC_hunt_s1_optional_symmetry-sim.result.json	file	0664	1789401607490805131	752	f2450b1edeb758f32d2167c91f74b73efd5c60e7958e6fa1fe04185ea733d8c9		copy	run-evidence		{}
specula/runs/nvflare-job-lifecycle-20260914/nvflare-job-lifecycle/.specula-output/spec/output/MC_hunt_s2_cleanup_handoff-bfs.diff.json	spec/output/MC_hunt_s2_cleanup_handoff-bfs.diff.json	file	0664	1789397872255936412	33052	e52523449140f817124233178d7a838ce12cefc22e1ea7a5b153d24b9ca346e6		copy	run-evidence		{}
specula/runs/nvflare-job-lifecycle-20260914/nvflare-job-lifecycle/.specula-output/spec/output/MC_hunt_s2_cleanup_handoff-bfs.json	spec/output/MC_hunt_s2_cleanup_handoff-bfs.json	file	0664	1789397776925734852	1284626	cac03a0dc7f7da7453f380ccd6a80caade253c071d4d070c9ef4b567b048327c		copy	run-evidence		{}
specula/runs/nvflare-job-lifecycle-20260914/nvflare-job-lifecycle/.specula-output/spec/output/MC_hunt_s2_cleanup_handoff-bfs.last.json	spec/output/MC_hunt_s2_cleanup_handoff-bfs.last.json	file	0664	1789397871795940284	20880	cf0e01c630b06ab771d25169a5bbd349fca2404d9f5967f1809e77c4ce6ff4ad		copy	run-evidence		{}
specula/runs/nvflare-job-lifecycle-20260914/nvflare-job-lifecycle/.specula-output/spec/output/MC_hunt_s2_cleanup_handoff-bfs.launcher.log	spec/output/MC_hunt_s2_cleanup_handoff-bfs.launcher.log	file	0664	1789397780440688838	806070	b6071afd4195d2d18188bfbc75d4770efcac549d881e427e8724d125428fcfea		copy	run-evidence		{}
specula/runs/nvflare-job-lifecycle-20260914/nvflare-job-lifecycle/.specula-output/spec/output/MC_hunt_s2_cleanup_handoff-bfs.out	spec/output/MC_hunt_s2_cleanup_handoff-bfs.out	file	0664	1789397777174732944	803840	c9c178d0d07e6bb4e82f3108b88ab618696ec219e8c399c942fce3f901cac7de		copy	run-evidence		{}
specula/runs/nvflare-job-lifecycle-20260914/nvflare-job-lifecycle/.specula-output/spec/output/MC_hunt_s2_cleanup_handoff-bfs.request.json	spec/output/MC_hunt_s2_cleanup_handoff-bfs.request.json	file	0664	1789397767929802586	759	d0c639a75759e3c0ab0e37877fd58ea6c47d841a716d007df796c9f359326e6d		copy	run-evidence		{}
specula/runs/nvflare-job-lifecycle-20260914/nvflare-job-lifecycle/.specula-output/spec/output/MC_hunt_s2_cleanup_handoff-bfs.result.json	spec/output/MC_hunt_s2_cleanup_handoff-bfs.result.json	file	0664	1789397780613687229	750	a454cc56070a2871410add5dbaeb6bbfda73d1d0d199a7a5370e108569f39803		copy	run-evidence		{}
specula/runs/nvflare-job-lifecycle-20260914/nvflare-job-lifecycle/.specula-output/spec/output/MC_hunt_s2_cleanup_handoff-bfs.states.json	spec/output/MC_hunt_s2_cleanup_handoff-bfs.states.json	file	0664	1789397872724932465	850372	5183b544651de4821f685f1c1c8744c9fd2eab63671dd5733e3e157bec22b391		copy	run-evidence		{}
specula/runs/nvflare-job-lifecycle-20260914/nvflare-job-lifecycle/.specula-output/spec/output/MC_hunt_s2_cleanup_handoff-bfs.summary.json	spec/output/MC_hunt_s2_cleanup_handoff-bfs.summary.json	file	0664	1789397831000314458	948	90457c2478183410925741c5ca239d9a9d6adf226ba465e29b1f0625dec46fa6		copy	run-evidence		{}
specula/runs/nvflare-job-lifecycle-20260914/nvflare-job-lifecycle/.specula-output/spec/output/MC_hunt_s2_partial_start_strict-bfs.launcher.log	spec/output/MC_hunt_s2_partial_start_strict-bfs.launcher.log	file	0664	1789399709143964116	10921	ef3290f1ce4b9eb73dd73d4c15e25a13a39722a970148370a75d2f0f18feae08		copy	run-evidence		{}
specula/runs/nvflare-job-lifecycle-20260914/nvflare-job-lifecycle/.specula-output/spec/output/MC_hunt_s2_partial_start_strict-bfs.out	spec/output/MC_hunt_s2_partial_start_strict-bfs.out	file	0664	1789399652319539566	8905	3380b918e6e55b3db906411bfaa9a96dc3e872a230a7c4b5f577c9e89f90f0d8		copy	run-evidence		{}
specula/runs/nvflare-job-lifecycle-20260914/nvflare-job-lifecycle/.specula-output/spec/output/MC_hunt_s2_partial_start_strict-bfs.request.json	spec/output/MC_hunt_s2_partial_start_strict-bfs.request.json	file	0664	1789397904783648605	775	eb75adc1b34291cfa96a9ded7477a5c4783bf48634d14a5fdde9d57efa9ddb4d		copy	run-evidence		{}
specula/runs/nvflare-job-lifecycle-20260914/nvflare-job-lifecycle/.specula-output/spec/output/MC_hunt_s2_partial_start_strict-bfs.result.json	spec/output/MC_hunt_s2_partial_start_strict-bfs.result.json	file	0664	1789399709659960285	752	46ead20826a7773c0d3689e6cc904d02fd19f5f744c5e9768bc0986f979b25b5		copy	run-evidence		{}
specula/runs/nvflare-job-lifecycle-20260914/nvflare-job-lifecycle/.specula-output/spec/output/MC_hunt_s2_partial_start_strict-sim.launcher.log	spec/output/MC_hunt_s2_partial_start_strict-sim.launcher.log	file	0664	1789401607524804738	8643	62b84444e12f926c62af1bc1a754b06c18fd8885361167aea8598b1cef048ae7		copy	run-evidence		{}
specula/runs/nvflare-job-lifecycle-20260914/nvflare-job-lifecycle/.specula-output/spec/output/MC_hunt_s2_partial_start_strict-sim.out	spec/output/MC_hunt_s2_partial_start_strict-sim.out	file	0664	1789401548034484555	6587	67b1699bc50d2bbaf0ae990c3b288dbad88e2eb50530d30f5ba8405b906f486a		copy	run-evidence		{}
specula/runs/nvflare-job-lifecycle-20260914/nvflare-job-lifecycle/.specula-output/spec/output/MC_hunt_s2_partial_start_strict-sim.request.json	spec/output/MC_hunt_s2_partial_start_strict-sim.request.json	file	0664	1789399806969560914	832	d4ca75d6b9fc266872f352e43828d42cc0f5d096addfd9f6886e870b29fce564		copy	run-evidence		{}
specula/runs/nvflare-job-lifecycle-20260914/nvflare-job-lifecycle/.specula-output/spec/output/MC_hunt_s2_partial_start_strict-sim.result.json	spec/output/MC_hunt_s2_partial_start_strict-sim.result.json	file	0664	1789401607792801637	752	a66aa52462f93398ca5cc78a3ad4784c54ae376482358969d7f6b996749814ba		copy	run-evidence		{}
specula/runs/nvflare-job-lifecycle-20260914/nvflare-job-lifecycle/.specula-output/spec/output/MC_hunt_s3_abort_status-bfs.diff.json	spec/output/MC_hunt_s3_abort_status-bfs.diff.json	file	0664	1789397873687924361	2194	4f2b7ed048997e5eadf32189ee3d5249d103ceba4466947301d4af3103c97603		copy	run-evidence		{}
specula/runs/nvflare-job-lifecycle-20260914/nvflare-job-lifecycle/.specula-output/spec/output/MC_hunt_s3_abort_status-bfs.json	spec/output/MC_hunt_s3_abort_status-bfs.json	file	0664	1789397775583745137	774804	ac00e7b32684fdfa26884a6c912790e87940ce0f5f226c560dc9591514b53eb3		copy	run-evidence		{}
specula/runs/nvflare-job-lifecycle-20260914/nvflare-job-lifecycle/.specula-output/spec/output/MC_hunt_s3_abort_status-bfs.last.json	spec/output/MC_hunt_s3_abort_status-bfs.last.json	file	0664	1789397873245928081	20564	6090e3edd7f40f6eeddec40b78cdb47a5f5d97f2cb938b9e30f7e3fb34bb0677		copy	run-evidence		{}
specula/runs/nvflare-job-lifecycle-20260914/nvflare-job-lifecycle/.specula-output/spec/output/MC_hunt_s3_abort_status-bfs.launcher.log	spec/output/MC_hunt_s3_abort_status-bfs.launcher.log	file	0664	1789397778722716745	494782	04a9e3c963835d7c545dbe4af41c861a485646a318cc1916e94df5de1d644a6d		copy	run-evidence		{}
specula/runs/nvflare-job-lifecycle-20260914/nvflare-job-lifecycle/.specula-output/spec/output/MC_hunt_s3_abort_status-bfs.out	spec/output/MC_hunt_s3_abort_status-bfs.out	file	0664	1789397775619744861	492560	b1f65939181206e88a6b28103b2d92ef2f0b3e8fb4c56801c9cf63343b46840c		copy	run-evidence		{}
specula/runs/nvflare-job-lifecycle-20260914/nvflare-job-lifecycle/.specula-output/spec/output/MC_hunt_s3_abort_status-bfs.request.json	spec/output/MC_hunt_s3_abort_status-bfs.request.json	file	0664	1789397768039801772	751	b3da53b45217ea17dbf506a318805c0284194b24640b69e9c2076a35509cb26e		copy	run-evidence		{}
specula/runs/nvflare-job-lifecycle-20260914/nvflare-job-lifecycle/.specula-output/spec/output/MC_hunt_s3_abort_status-bfs.result.json	spec/output/MC_hunt_s3_abort_status-bfs.result.json	file	0664	1789397778916713593	751	f0ff65ecd5de926c8c5a9f1718aec5e7a0e9b297fb99b1f9945789dad035c7d0		copy	run-evidence		{}
specula/runs/nvflare-job-lifecycle-20260914/nvflare-job-lifecycle/.specula-output/spec/output/MC_hunt_s3_abort_status-bfs.states.json	spec/output/MC_hunt_s3_abort_status-bfs.states.json	file	0664	1789397874144920515	517763	33090ef72ceecd66a018940466e1abe2c2df5fcd016b7ef3c592229b76d427e3		copy	run-evidence		{}
specula/runs/nvflare-job-lifecycle-20260914/nvflare-job-lifecycle/.specula-output/spec/output/MC_hunt_s3_abort_status-bfs.summary.json	spec/output/MC_hunt_s3_abort_status-bfs.summary.json	file	0664	1789397831001314450	725	13b3196228e67e80d0dc6c234619feff48af46ef5942c4f8f3c13761832e3ca7		copy	run-evidence		{}
specula/runs/nvflare-job-lifecycle-20260914/nvflare-job-lifecycle/.specula-output/spec/output/MC_hunt_s3_terminal_status-bfs.diff.json	spec/output/MC_hunt_s3_terminal_status-bfs.diff.json	file	0664	1789398081821867746	3660	1d7cbdaffbb353615b1a3fbac78712f91304cb3eeea99354c3e55bfb3243c0b3		copy	run-evidence		{}
specula/runs/nvflare-job-lifecycle-20260914/nvflare-job-lifecycle/.specula-output/spec/output/MC_hunt_s3_terminal_status-bfs.json	spec/output/MC_hunt_s3_terminal_status-bfs.json	file	0664	1789397945916244722	2191091	cb5d97fe5dd46abe877764ff7c2949362896aaa10720c8b4589f35c210ad1493		copy	run-evidence		{}
specula/runs/nvflare-job-lifecycle-20260914/nvflare-job-lifecycle/.specula-output/spec/output/MC_hunt_s3_terminal_status-bfs.last.json	spec/output/MC_hunt_s3_terminal_status-bfs.last.json	file	0664	1789398081269873400	1688	fdb20ff13e224c8daba143afb18771b80cf73a7d9b5a088b3947eaae6a451d67		copy	run-evidence		{}
specula/runs/nvflare-job-lifecycle-20260914/nvflare-job-lifecycle/.specula-output/spec/output/MC_hunt_s3_terminal_status-bfs.launcher.log	spec/output/MC_hunt_s3_terminal_status-bfs.launcher.log	file	0664	1789397949063215380	1360014	fa28877454d7eb9d95db99dec15ec104136bd649ade675286b30f05a677c597f		copy	run-evidence		{}
specula/runs/nvflare-job-lifecycle-20260914/nvflare-job-lifecycle/.specula-output/spec/output/MC_hunt_s3_terminal_status-bfs.out	spec/output/MC_hunt_s3_terminal_status-bfs.out	file	0664	1789397945999243933	1357783	2c878b61e4f5f46c48ca6fc5732583692ce6581ac46c0478c6535c670d594cb4		copy	run-evidence		{}
specula/runs/nvflare-job-lifecycle-20260914/nvflare-job-lifecycle/.specula-output/spec/output/MC_hunt_s3_terminal_status-bfs.request.json	spec/output/MC_hunt_s3_terminal_status-bfs.request.json	file	0664	1789397904894647638	759	2699f716b01b6216b0e5c52c5f044ddee905774a6c37dfc1ef2324dfbc14ee8b		copy	run-evidence		{}
specula/runs/nvflare-job-lifecycle-20260914/nvflare-job-lifecycle/.specula-output/spec/output/MC_hunt_s3_terminal_status-bfs.result.json	spec/output/MC_hunt_s3_terminal_status-bfs.result.json	file	0664	1789397949219213930	751	cef7ae2a35938cc4cbac50336978c904d25f102e32dcbd48b9aa939f58e20e9f		copy	run-evidence		{}
specula/runs/nvflare-job-lifecycle-20260914/nvflare-job-lifecycle/.specula-output/spec/output/MC_hunt_s3_terminal_status-bfs.states.json	spec/output/MC_hunt_s3_terminal_status-bfs.states.json	file	0664	1789398082392861899	1443097	dfed75dda57f86c77ae26db1daf029f4e2ac1509fdd4e5f8a621b249aefb0516		copy	run-evidence		{}
specula/runs/nvflare-job-lifecycle-20260914/nvflare-job-lifecycle/.specula-output/spec/output/MC_hunt_s3_terminal_status-bfs.summary.json	spec/output/MC_hunt_s3_terminal_status-bfs.summary.json	file	0664	1789398021894487974	1219	2a78c1acde8c190eb55d4410f88cb941fc0f0dc10b85fcff9866bee00764a7ed		copy	run-evidence		{}
specula/runs/nvflare-job-lifecycle-20260914/nvflare-job-lifecycle/.specula-output/spec/output/MC_hunt_s4_exit_cleanup-bfs.launcher.log	spec/output/MC_hunt_s4_exit_cleanup-bfs.launcher.log	file	0664	1789400203964967989	10887	92b0cc21bf56b93f10a7ddb8233c203ef119c942112f724f87426b36ac448680		copy	run-evidence		{}
specula/runs/nvflare-job-lifecycle-20260914/nvflare-job-lifecycle/.specula-output/spec/output/MC_hunt_s4_exit_cleanup-bfs.out	spec/output/MC_hunt_s4_exit_cleanup-bfs.out	file	0664	1789400147944570354	8900	709cb8546bffcc09427b5c7a03799a659583a43c9b57d6089b3b532b601cf9f4		copy	run-evidence		{}
specula/runs/nvflare-job-lifecycle-20260914/nvflare-job-lifecycle/.specula-output/spec/output/MC_hunt_s4_exit_cleanup-bfs.request.json	spec/output/MC_hunt_s4_exit_cleanup-bfs.request.json	file	0664	1789398399393336802	749	e3cb267e168949e007c41a1b8560daec0d249df1f7ce83b379074c5d08ae8ad5		copy	run-evidence		{}
specula/runs/nvflare-job-lifecycle-20260914/nvflare-job-lifecycle/.specula-output/spec/output/MC_hunt_s4_exit_cleanup-bfs.result.json	spec/output/MC_hunt_s4_exit_cleanup-bfs.result.json	file	0664	1789400204356963812	752	114289474b415b9d6edb9c634c097ea88870876859e184288f51be0699eecb4d		copy	run-evidence		{}
specula/runs/nvflare-job-lifecycle-20260914/nvflare-job-lifecycle/.specula-output/spec/output/MC_hunt_s4_exit_cleanup-sim-eager.launcher.log	spec/output/MC_hunt_s4_exit_cleanup-sim-eager.launcher.log	file	0664	1789402360763176276	8629	c99df1bd32544eb6bea979df58103c652d1119feecc2ff281c2d33bcd21c70e8		copy	run-evidence		{}
specula/runs/nvflare-job-lifecycle-20260914/nvflare-job-lifecycle/.specula-output/spec/output/MC_hunt_s4_exit_cleanup-sim-eager.out	spec/output/MC_hunt_s4_exit_cleanup-sim-eager.out	file	0664	1789402301437827726	6593	416a771264900c8f909a24f824530fe697408440bde9d2dc74b3304fc2627e32		copy	run-evidence		{}
specula/runs/nvflare-job-lifecycle-20260914/nvflare-job-lifecycle/.specula-output/spec/output/MC_hunt_s4_exit_cleanup-sim-eager.request.json	spec/output/MC_hunt_s4_exit_cleanup-sim-eager.request.json	file	0664	1789400560315005317	820	98589ea00240fd2b7ec815484247d0b28452e3ff10a6375445e29ac91ef392a1		copy	run-evidence		{}
specula/runs/nvflare-job-lifecycle-20260914/nvflare-job-lifecycle/.specula-output/spec/output/MC_hunt_s4_exit_cleanup-sim-eager.result.json	spec/output/MC_hunt_s4_exit_cleanup-sim-eager.result.json	file	0664	1789402360968174095	752	1a8d3346afed0a3cd6b5750bae0003bc1f2a58c4236858618f638102fa9a20dd		copy	run-evidence		{}
specula/runs/nvflare-job-lifecycle-20260914/nvflare-job-lifecycle/.specula-output/spec/output/MC_hunt_s5_scheduling_progress-bfs.launcher.log	spec/output/MC_hunt_s5_scheduling_progress-bfs.launcher.log	file	0664	1789399827371422768	13765	8e960b1cca39b2bdbf264dcd6a8f02038f01c4cfe8a2f856ad3a4e97898134dc		copy	run-evidence		{}
specula/runs/nvflare-job-lifecycle-20260914/nvflare-job-lifecycle/.specula-output/spec/output/MC_hunt_s5_scheduling_progress-bfs.out	spec/output/MC_hunt_s5_scheduling_progress-bfs.out	file	0664	1789399799427608915	11751	5c5c5ff66d6a7f3c708e7fb661f5e34a7baed5f6ae75827b372262dbccd5ddd9		copy	run-evidence		{}
specula/runs/nvflare-job-lifecycle-20260914/nvflare-job-lifecycle/.specula-output/spec/output/MC_hunt_s5_scheduling_progress-bfs.request.json	spec/output/MC_hunt_s5_scheduling_progress-bfs.request.json	file	0664	1789398022035486570	771	16dec217f2216cf039d796f34f9b25623e5bccbfecb9eed25dd96b170c5451e1		copy	run-evidence		{}
specula/runs/nvflare-job-lifecycle-20260914/nvflare-job-lifecycle/.specula-output/spec/output/MC_hunt_s5_scheduling_progress-bfs.result.json	spec/output/MC_hunt_s5_scheduling_progress-bfs.result.json	file	0664	1789399827991418965	752	0baa53af49251eaf16db61cca8bd4adddb1458fe11317d723fd45c163375afd3		copy	run-evidence		{}
specula/runs/nvflare-job-lifecycle-20260914/nvflare-job-lifecycle/.specula-output/spec/output/MC_hunt_s5_scheduling_progress-sim-eager.launcher.log	spec/output/MC_hunt_s5_scheduling_progress-sim-eager.launcher.log	file	0664	1789402360614177861	8432	0ff81dbed7139231f37accac7924b956b8cde313da6377d5a173d0eedea50c4d		copy	run-evidence		{}
specula/runs/nvflare-job-lifecycle-20260914/nvflare-job-lifecycle/.specula-output/spec/output/MC_hunt_s5_scheduling_progress-sim-eager.out	spec/output/MC_hunt_s5_scheduling_progress-sim-eager.out	file	0664	1789402322233598280	6374	561652e55d3c69ba8ced9e1343033e399a67c1c06d59ef0d1fc443c1be84422f		copy	run-evidence		{}
specula/runs/nvflare-job-lifecycle-20260914/nvflare-job-lifecycle/.specula-output/spec/output/MC_hunt_s5_scheduling_progress-sim-eager.request.json	spec/output/MC_hunt_s5_scheduling_progress-sim-eager.request.json	file	0664	1789400560199006662	841	a26c6df0c379506125569e275b0c38f402fd5167c609262c8b3840ccec3386d6		copy	run-evidence		{}
specula/runs/nvflare-job-lifecycle-20260914/nvflare-job-lifecycle/.specula-output/spec/output/MC_hunt_s5_scheduling_progress-sim-eager.result.json	spec/output/MC_hunt_s5_scheduling_progress-sim-eager.result.json	file	0664	1789402360847175383	751	480bd8d5a1ddbc1e88223643a116fd14f2f2f59e692910e722c077a14502827a		copy	run-evidence		{}
specula/runs/nvflare-job-lifecycle-20260914/nvflare-job-lifecycle/.specula-output/spec/output/MC_hunt_s5_scheduling_progress-sim.launcher.log	spec/output/MC_hunt_s5_scheduling_progress-sim.launcher.log	file	0664	1789400103392033118	10435	7bdce5589ad909e8228010a0ed234a9839e4fd470e6cda1aaf4cdcce3fda2df0		copy	run-evidence		{}
specula/runs/nvflare-job-lifecycle-20260914/nvflare-job-lifecycle/.specula-output/spec/output/MC_hunt_s5_scheduling_progress-sim.out	spec/output/MC_hunt_s5_scheduling_progress-sim.out	file	0664	1789400060332447191	8359	b58b1fd44a464bd30daa13d3b0d636e7a6d07d2f28f85092f1f5d12a556f4f11		copy	run-evidence		{}
specula/runs/nvflare-job-lifecycle-20260914/nvflare-job-lifecycle/.specula-output/spec/output/MC_hunt_s5_scheduling_progress-sim.request.json	spec/output/MC_hunt_s5_scheduling_progress-sim.request.json	file	0664	1789399862442184216	829	b96065ac161a454805f41aec2250fc335a62dfbc93e8448eed49567db14208a9		copy	run-evidence		{}
specula/runs/nvflare-job-lifecycle-20260914/nvflare-job-lifecycle/.specula-output/spec/output/MC_hunt_s5_scheduling_progress-sim.result.json	spec/output/MC_hunt_s5_scheduling_progress-sim.result.json	file	0664	1789400103491032067	752	a1b7ccaaac31a859cc35ce5bc8088a30dd609e1ab1c844ca08e15f08103a477d		copy	run-evidence		{}
specula/runs/nvflare-job-lifecycle-20260914/nvflare-job-lifecycle/.specula-output/spec/output/MC_hunt_s5_scheduling_progress-sim.stop-reason.txt	spec/output/MC_hunt_s5_scheduling_progress-sim.stop-reason.txt	file	0664	1789400103308034009	228	198b4046f158664351a561c6797fa792babd3f8adf703648c35ff834484c392c		copy	run-evidence		{}
specula/runs/nvflare-job-lifecycle-20260914/nvflare-job-lifecycle/.specula-output/spec/output/SpecGenerationCheck.java	spec/output/SpecGenerationCheck.java	file	0664	1789389674196524025	2262	ef3913bcf24c9d7da7cac766efce0202f2a9b70dae3f3563a979c0434ae6529c		copy	run-evidence		{}
specula/runs/nvflare-job-lifecycle-20260914/nvflare-job-lifecycle/.specula-output/spec/output/TLC-module.javap.txt	spec/output/TLC-module.javap.txt	file	0664	1789400176136279966	40878	9d7ad03416137a1b7bee9bb93216d55f0333daf95b0ad270dd09f00b74f2df00		copy	run-evidence		{}
specula/runs/nvflare-job-lifecycle-20260914/nvflare-job-lifecycle/.specula-output/spec/output/TLCEval.javap.txt	spec/output/TLCEval.javap.txt	file	0664	1789400311203830981	10000	9627543ad79ae3566470ecdab4df8d3864e3150e60c81a8342e38a65f6279025		copy	run-evidence		{}
specula/runs/nvflare-job-lifecycle-20260914/nvflare-job-lifecycle/.specula-output/spec/output/abort-r3.pytest.log	spec/output/abort-r3.pytest.log	file	0664	1789395576337827755	1471	7df48df26f9c4751d148b46516c2f49acee433194171694a320c521789bacbd0		copy	run-evidence		{}
specula/runs/nvflare-job-lifecycle-20260914/nvflare-job-lifecycle/.specula-output/spec/output/admission-r2.pytest.log	spec/output/admission-r2.pytest.log	file	0664	1789395175951613390	1490	891a0bfad680522294f19b6c90960d13f297f2fa21d2477e8b9e7aed820d89d0		copy	run-evidence		{}
specula/runs/nvflare-job-lifecycle-20260914/nvflare-job-lifecycle/.specula-output/spec/output/apply-r2.log	spec/output/apply-r2.log	file	0664	1789395064900937354	82	d9e20c7a6fdda01c8904190b2e3ea872bd9beaaeb60f735eaf6f8d56988c1dba		copy	run-evidence		{}
specula/runs/nvflare-job-lifecycle-20260914/nvflare-job-lifecycle/.specula-output/spec/output/apply-r3.log	spec/output/apply-r3.log	file	0664	1789395505637671707	82	b7f09ddd29201d0979087ea14360d213c7de1000626e8c6d28214046bd0b6d0a		copy	run-evidence		{}
specula/runs/nvflare-job-lifecycle-20260914/nvflare-job-lifecycle/.specula-output/spec/output/check-generated-validation-r5.log	spec/output/check-generated-validation-r5.log	file	0664	1789395824526930490	2487	2a9636f6c5e91bb140ff872655172c01f6761f2830b73fa648a9f0a25096b5bf		copy	run-evidence		{}
specula/runs/nvflare-job-lifecycle-20260914/nvflare-job-lifecycle/.specula-output/spec/output/check-generated-validation.log	spec/output/check-generated-validation.log	file	0664	1789395609790429792	3871	c7a975141e9161154bb9ceca7066eabefda3a7c601ebc03c6cc27aca05478f3c		copy	run-evidence		{}
specula/runs/nvflare-job-lifecycle-20260914/nvflare-job-lifecycle/.specula-output/spec/output/cleanup-hunt-preflight.json	spec/output/cleanup-hunt-preflight.json	file	0664	1789398399356337233	151	d63ca3bc482aea04b2a604025de96bfd33702a87257db615f0340cb4bd5918cd		copy	run-evidence		{}
specula/runs/nvflare-job-lifecycle-20260914/nvflare-job-lifecycle/.specula-output/spec/output/debug-abort-coarse.json	spec/output/debug-abort-coarse.json	file	0664	1789393858709332625	569	bd39469b8863e76f747fe746ee14316a6cd418d046b9f70d50360e132515f53e		copy	run-evidence		{}
specula/runs/nvflare-job-lifecycle-20260914/nvflare-job-lifecycle/.specula-output/spec/output/debug-abort-fine.json	spec/output/debug-abort-fine.json	file	0664	1789393943641320492	988	d1c7b0a228b26c1f5aac1b2cd61e3e32671b5095094cbbdc57559ffe793c551d		copy	run-evidence		{}
specula/runs/nvflare-job-lifecycle-20260914/nvflare-job-lifecycle/.specula-output/spec/output/debug-abort-inspect.json	spec/output/debug-abort-inspect.json	file	0664	1789394031132275703	1839	83156dbb125bbd4475690e763849fb74e0594b498c0a24acff317182377cc490		copy	run-evidence		{}
specula/runs/nvflare-job-lifecycle-20260914/nvflare-job-lifecycle/.specula-output/spec/output/debug-admission-coarse.json	spec/output/debug-admission-coarse.json	file	0664	1789394031860267088	434	7d4e78c1604ecb021cfdce909a3ae86cf430cf96369c47f97333a362e26f6b67		copy	run-evidence		{}
specula/runs/nvflare-job-lifecycle-20260914/nvflare-job-lifecycle/.specula-output/spec/output/debug-admission-fine.json	spec/output/debug-admission-fine.json	file	0664	1789394115338273911	1554	dfff4a4cac1b1625751aaeaec5e9fd2793c821e8f29c3a56708d71be7f3ac807		copy	run-evidence		{}
specula/runs/nvflare-job-lifecycle-20260914/nvflare-job-lifecycle/.specula-output/spec/output/generation-check-results.json	spec/output/generation-check-results.json	file	0664	1789395824525930501	2291	86da85166d95ba18dc59af14811c6564639dfb5e6408b62f60ee541bb268f1f7		copy	run-evidence		{}
specula/runs/nvflare-job-lifecycle-20260914/nvflare-job-lifecycle/.specula-output/spec/output/harness-r1.log	spec/output/harness-r1.log	file	0664	1789394273104393964	464	d934c292d9586ead10b9d08c790eebd65854a0ba769967adc02b96008f7bf698		copy	run-evidence		{}
specula/runs/nvflare-job-lifecycle-20260914/nvflare-job-lifecycle/.specula-output/spec/output/harness-r1b.log	spec/output/harness-r1b.log	file	0664	1789394655678822039	1761	ea72738be3c1701c94e88115e7a966d765dcc3a6e09153985e9c3acaa2873a8e		copy	run-evidence		{}
specula/runs/nvflare-job-lifecycle-20260914/nvflare-job-lifecycle/.specula-output/spec/output/initial-MC.log	spec/output/initial-MC.log	file	0664	1789395819038995137	2274	82408cb2775cad00ead800dfe8153de88f9b5009a0487e63216f6f3a5be4ecfa		copy	run-evidence		{}
specula/runs/nvflare-job-lifecycle-20260914/nvflare-job-lifecycle/.specula-output/spec/output/initial-MC_hunt_s1_environment.log	spec/output/initial-MC_hunt_s1_environment.log	file	0664	1789395819555989035	2329	7df2f5d8247e2ff8b5715cc8436cab9808a49f5d972eaed64da619c422c294c6		copy	run-evidence		{}
specula/runs/nvflare-job-lifecycle-20260914/nvflare-job-lifecycle/.specula-output/spec/output/initial-MC_hunt_s1_optional_symmetry.log	spec/output/initial-MC_hunt_s1_optional_symmetry.log	file	0664	1789395820093982686	2056	ec6664a163aa8d63e8b4a7a993b7615d703af28de243750364a379e2984962ea		copy	run-evidence		{}
specula/runs/nvflare-job-lifecycle-20260914/nvflare-job-lifecycle/.specula-output/spec/output/initial-MC_hunt_s2_cleanup_handoff.log	spec/output/initial-MC_hunt_s2_cleanup_handoff.log	file	0664	1789395820605976643	2341	240335eadec6c117fb9699bf2f1f28b6393f7f9aa728a0579f329ddb5b7b9b1b		copy	run-evidence		{}
specula/runs/nvflare-job-lifecycle-20260914/nvflare-job-lifecycle/.specula-output/spec/output/initial-MC_hunt_s2_partial_start_strict.log	spec/output/initial-MC_hunt_s2_partial_start_strict.log	file	0664	1789395821122970542	2356	177920ddef3791e5927a9c971668febb1f9e16c2c8b8d7b5123f0990078a5ad5		copy	run-evidence		{}
specula/runs/nvflare-job-lifecycle-20260914/nvflare-job-lifecycle/.specula-output/spec/output/initial-MC_hunt_s3_abort_status.log	spec/output/initial-MC_hunt_s3_abort_status.log	file	0664	1789395821637964463	2337	751f3c256e6021ec23c737a525fcc180f72ff374e0d298d7eef72814de004f23		copy	run-evidence		{}
specula/runs/nvflare-job-lifecycle-20260914/nvflare-job-lifecycle/.specula-output/spec/output/initial-MC_hunt_s3_terminal_status.log	spec/output/initial-MC_hunt_s3_terminal_status.log	file	0664	1789395822132958621	2346	886d4a490cb10ecd956765e7db4d1a39c03ceb708d4e1c07e9179d267dc26b6c		copy	run-evidence		{}
specula/runs/nvflare-job-lifecycle-20260914/nvflare-job-lifecycle/.specula-output/spec/output/initial-MC_hunt_s4_exit_cleanup.log	spec/output/initial-MC_hunt_s4_exit_cleanup.log	file	0664	1789395822683952118	2337	30ca785fcfab2026596314d9f545d6a49fc7a77cbfa9bb11d65f6572b5a04019		copy	run-evidence		{}
specula/runs/nvflare-job-lifecycle-20260914/nvflare-job-lifecycle/.specula-output/spec/output/initial-MC_hunt_s5_scheduling_progress.log	spec/output/initial-MC_hunt_s5_scheduling_progress.log	file	0664	1789395823230945663	2067	84f40d52e7c5c05dfec5b40cfecbfa960fcb01b557ef7e7ccc994e893fe315b3		copy	run-evidence		{}
specula/runs/nvflare-job-lifecycle-20260914/nvflare-job-lifecycle/.specula-output/spec/output/initial-Trace.log	spec/output/initial-Trace.log	file	0664	1789395823869938167	3421	5bf401da35e984e2ea71bd1d420f960027592849e5b34048ef96fe83b68afcca		copy	run-evidence		{}
specula/runs/nvflare-job-lifecycle-20260914/nvflare-job-lifecycle/.specula-output/spec/output/initial-base.log	spec/output/initial-base.log	file	0664	1789395824365932371	1779	d6b00444238ac65460aa277520ff6c09e63bf20f95bc6e6c905ac54a130e8069		copy	run-evidence		{}
specula/runs/nvflare-job-lifecycle-20260914/nvflare-job-lifecycle/.specula-output/spec/output/initial-check-results.json	spec/output/initial-check-results.json	file	0664	1789389534821178664	1450	b6404085979704e1e84ef877f791e1feb3a1bd9795e3573b118eafdfcf07d879		copy	run-evidence		{}
specula/runs/nvflare-job-lifecycle-20260914/nvflare-job-lifecycle/.specula-output/spec/output/inputs-MC_hunt_s1_environment-bfs/MC.tla	spec/output/inputs-MC_hunt_s1_environment-bfs/MC.tla	file	0664	1789395815707034462	25615	710de4d26031bd28a044926f63e5ed30b43470abf0421f953830d40d17a29e9e		copy	run-evidence		{}
specula/runs/nvflare-job-lifecycle-20260914/nvflare-job-lifecycle/.specula-output/spec/output/inputs-MC_hunt_s1_environment-bfs/MC_hunt_s1_environment.cfg	spec/output/inputs-MC_hunt_s1_environment-bfs/MC_hunt_s1_environment.cfg	file	0664	1789395815707034462	2372	c2119712c18ddbfd3f0ec654b54ceaa20d466b2bbc813e187ef7e99afa23bd3d		copy	run-evidence		{}
specula/runs/nvflare-job-lifecycle-20260914/nvflare-job-lifecycle/.specula-output/spec/output/inputs-MC_hunt_s1_environment-bfs/base.tla	spec/output/inputs-MC_hunt_s1_environment-bfs/base.tla	file	0664	1789395815672034875	122493	b3c2f020e1c3faade7cb65c83f73bf5ed4f3e8bbc8642ec1120e574cc593b86e		copy	run-evidence		{}
specula/runs/nvflare-job-lifecycle-20260914/nvflare-job-lifecycle/.specula-output/spec/output/inputs-MC_hunt_s1_environment-bfs/inputs.json	spec/output/inputs-MC_hunt_s1_environment-bfs/inputs.json	file	0664	1789397767669804511	352	4a1cf2c2258db9e78a8c91c3c3dd3a805862d6a8c30013dd407574e559860a84		copy	run-evidence		{}
specula/runs/nvflare-job-lifecycle-20260914/nvflare-job-lifecycle/.specula-output/spec/output/inputs-MC_hunt_s1_environment-sim/MC.tla	spec/output/inputs-MC_hunt_s1_environment-sim/MC.tla	file	0664	1789395815707034462	25615	710de4d26031bd28a044926f63e5ed30b43470abf0421f953830d40d17a29e9e		copy	run-evidence		{}
specula/runs/nvflare-job-lifecycle-20260914/nvflare-job-lifecycle/.specula-output/spec/output/inputs-MC_hunt_s1_environment-sim/MC_hunt_s1_environment.cfg	spec/output/inputs-MC_hunt_s1_environment-sim/MC_hunt_s1_environment.cfg	file	0664	1789395815707034462	2372	c2119712c18ddbfd3f0ec654b54ceaa20d466b2bbc813e187ef7e99afa23bd3d		copy	run-evidence		{}
specula/runs/nvflare-job-lifecycle-20260914/nvflare-job-lifecycle/.specula-output/spec/output/inputs-MC_hunt_s1_environment-sim/base.tla	spec/output/inputs-MC_hunt_s1_environment-sim/base.tla	file	0664	1789395815672034875	122493	b3c2f020e1c3faade7cb65c83f73bf5ed4f3e8bbc8642ec1120e574cc593b86e		copy	run-evidence		{}
specula/runs/nvflare-job-lifecycle-20260914/nvflare-job-lifecycle/.specula-output/spec/output/inputs-MC_hunt_s1_environment-sim/inputs.json	spec/output/inputs-MC_hunt_s1_environment-sim/inputs.json	file	0664	1789399806667562736	288	2c2ec9b961aa4898a841eaade1ce52b09dcff8b060004a9802cd678fb0193c19		copy	run-evidence		{}
specula/runs/nvflare-job-lifecycle-20260914/nvflare-job-lifecycle/.specula-output/spec/output/inputs-MC_hunt_s1_optional_symmetry-bfs/MC.tla	spec/output/inputs-MC_hunt_s1_optional_symmetry-bfs/MC.tla	file	0664	1789395815707034462	25615	710de4d26031bd28a044926f63e5ed30b43470abf0421f953830d40d17a29e9e		copy	run-evidence		{}
specula/runs/nvflare-job-lifecycle-20260914/nvflare-job-lifecycle/.specula-output/spec/output/inputs-MC_hunt_s1_optional_symmetry-bfs/MC_hunt_s1_optional_symmetry.cfg	spec/output/inputs-MC_hunt_s1_optional_symmetry-bfs/MC_hunt_s1_optional_symmetry.cfg	file	0664	1789395815707034462	2382	59ff42b3e78bd8195fe4411ada3c1d655899dbc81ae783abfd4ebadb6f4d0ee2		copy	run-evidence		{}
specula/runs/nvflare-job-lifecycle-20260914/nvflare-job-lifecycle/.specula-output/spec/output/inputs-MC_hunt_s1_optional_symmetry-bfs/base.tla	spec/output/inputs-MC_hunt_s1_optional_symmetry-bfs/base.tla	file	0664	1789395815672034875	122493	b3c2f020e1c3faade7cb65c83f73bf5ed4f3e8bbc8642ec1120e574cc593b86e		copy	run-evidence		{}
specula/runs/nvflare-job-lifecycle-20260914/nvflare-job-lifecycle/.specula-output/spec/output/inputs-MC_hunt_s1_optional_symmetry-bfs/inputs.json	spec/output/inputs-MC_hunt_s1_optional_symmetry-bfs/inputs.json	file	0664	1789397767670804503	358	4a3aa322dff70ff8ade73cefb997259c15bf5b56b41b16316004988424de26f5		copy	run-evidence		{}
specula/runs/nvflare-job-lifecycle-20260914/nvflare-job-lifecycle/.specula-output/spec/output/inputs-MC_hunt_s1_optional_symmetry-sim/MC.tla	spec/output/inputs-MC_hunt_s1_optional_symmetry-sim/MC.tla	file	0664	1789395815707034462	25615	710de4d26031bd28a044926f63e5ed30b43470abf0421f953830d40d17a29e9e		copy	run-evidence		{}
specula/runs/nvflare-job-lifecycle-20260914/nvflare-job-lifecycle/.specula-output/spec/output/inputs-MC_hunt_s1_optional_symmetry-sim/MC_hunt_s1_optional_symmetry.cfg	spec/output/inputs-MC_hunt_s1_optional_symmetry-sim/MC_hunt_s1_optional_symmetry.cfg	file	0664	1789395815707034462	2382	59ff42b3e78bd8195fe4411ada3c1d655899dbc81ae783abfd4ebadb6f4d0ee2		copy	run-evidence		{}
specula/runs/nvflare-job-lifecycle-20260914/nvflare-job-lifecycle/.specula-output/spec/output/inputs-MC_hunt_s1_optional_symmetry-sim/base.tla	spec/output/inputs-MC_hunt_s1_optional_symmetry-sim/base.tla	file	0664	1789395815672034875	122493	b3c2f020e1c3faade7cb65c83f73bf5ed4f3e8bbc8642ec1120e574cc593b86e		copy	run-evidence		{}
specula/runs/nvflare-job-lifecycle-20260914/nvflare-job-lifecycle/.specula-output/spec/output/inputs-MC_hunt_s1_optional_symmetry-sim/inputs.json	spec/output/inputs-MC_hunt_s1_optional_symmetry-sim/inputs.json	file	0664	1789399806668562730	294	b0b37acf027effb857c1c377f2bba6b771a21534fcd058fd433232c3f1968366		copy	run-evidence		{}
specula/runs/nvflare-job-lifecycle-20260914/nvflare-job-lifecycle/.specula-output/spec/output/inputs-MC_hunt_s2_cleanup_handoff-bfs/MC.tla	spec/output/inputs-MC_hunt_s2_cleanup_handoff-bfs/MC.tla	file	0664	1789395815707034462	25615	710de4d26031bd28a044926f63e5ed30b43470abf0421f953830d40d17a29e9e		copy	run-evidence		{}
specula/runs/nvflare-job-lifecycle-20260914/nvflare-job-lifecycle/.specula-output/spec/output/inputs-MC_hunt_s2_cleanup_handoff-bfs/MC_hunt_s2_cleanup_handoff.cfg	spec/output/inputs-MC_hunt_s2_cleanup_handoff-bfs/MC_hunt_s2_cleanup_handoff.cfg	file	0664	1789395815707034462	2360	34a4901ef2ba5125b1663f03c2e82b14968608a7f74c159b0f89083d67c6b55c		copy	run-evidence		{}
specula/runs/nvflare-job-lifecycle-20260914/nvflare-job-lifecycle/.specula-output/spec/output/inputs-MC_hunt_s2_cleanup_handoff-bfs/base.tla	spec/output/inputs-MC_hunt_s2_cleanup_handoff-bfs/base.tla	file	0664	1789395815672034875	122493	b3c2f020e1c3faade7cb65c83f73bf5ed4f3e8bbc8642ec1120e574cc593b86e		copy	run-evidence		{}
specula/runs/nvflare-job-lifecycle-20260914/nvflare-job-lifecycle/.specula-output/spec/output/inputs-MC_hunt_s2_cleanup_handoff-bfs/inputs.json	spec/output/inputs-MC_hunt_s2_cleanup_handoff-bfs/inputs.json	file	0664	1789397767671804496	356	eb670372ff4450be5122a24be76c74736438f9478647859375bc772bee7f07bf		copy	run-evidence		{}
specula/runs/nvflare-job-lifecycle-20260914/nvflare-job-lifecycle/.specula-output/spec/output/inputs-MC_hunt_s2_partial_start_strict-bfs/MC.tla	spec/output/inputs-MC_hunt_s2_partial_start_strict-bfs/MC.tla	file	0664	1789395815707034462	25615	710de4d26031bd28a044926f63e5ed30b43470abf0421f953830d40d17a29e9e		copy	run-evidence		{}
specula/runs/nvflare-job-lifecycle-20260914/nvflare-job-lifecycle/.specula-output/spec/output/inputs-MC_hunt_s2_partial_start_strict-bfs/MC_hunt_s2_partial_start_strict.cfg	spec/output/inputs-MC_hunt_s2_partial_start_strict-bfs/MC_hunt_s2_partial_start_strict.cfg	file	0664	1789395815708034450	2355	aa1a0a8ae86b243fe8fbbfc24bd60e0daaa0117122b1a901b879a032f2207c1e		copy	run-evidence		{}
specula/runs/nvflare-job-lifecycle-20260914/nvflare-job-lifecycle/.specula-output/spec/output/inputs-MC_hunt_s2_partial_start_strict-bfs/base.tla	spec/output/inputs-MC_hunt_s2_partial_start_strict-bfs/base.tla	file	0664	1789395815672034875	122493	b3c2f020e1c3faade7cb65c83f73bf5ed4f3e8bbc8642ec1120e574cc593b86e		copy	run-evidence		{}
specula/runs/nvflare-job-lifecycle-20260914/nvflare-job-lifecycle/.specula-output/spec/output/inputs-MC_hunt_s2_partial_start_strict-bfs/inputs.json	spec/output/inputs-MC_hunt_s2_partial_start_strict-bfs/inputs.json	file	0664	1789397767672804488	361	dfbd45194c8d0d385b70f1627582a1b9f9b274366da3cb12e25d7a5efd41c489		copy	run-evidence		{}
specula/runs/nvflare-job-lifecycle-20260914/nvflare-job-lifecycle/.specula-output/spec/output/inputs-MC_hunt_s2_partial_start_strict-sim/MC.tla	spec/output/inputs-MC_hunt_s2_partial_start_strict-sim/MC.tla	file	0664	1789395815707034462	25615	710de4d26031bd28a044926f63e5ed30b43470abf0421f953830d40d17a29e9e		copy	run-evidence		{}
specula/runs/nvflare-job-lifecycle-20260914/nvflare-job-lifecycle/.specula-output/spec/output/inputs-MC_hunt_s2_partial_start_strict-sim/MC_hunt_s2_partial_start_strict.cfg	spec/output/inputs-MC_hunt_s2_partial_start_strict-sim/MC_hunt_s2_partial_start_strict.cfg	file	0664	1789395815708034450	2355	aa1a0a8ae86b243fe8fbbfc24bd60e0daaa0117122b1a901b879a032f2207c1e		copy	run-evidence		{}
specula/runs/nvflare-job-lifecycle-20260914/nvflare-job-lifecycle/.specula-output/spec/output/inputs-MC_hunt_s2_partial_start_strict-sim/base.tla	spec/output/inputs-MC_hunt_s2_partial_start_strict-sim/base.tla	file	0664	1789395815672034875	122493	b3c2f020e1c3faade7cb65c83f73bf5ed4f3e8bbc8642ec1120e574cc593b86e		copy	run-evidence		{}
specula/runs/nvflare-job-lifecycle-20260914/nvflare-job-lifecycle/.specula-output/spec/output/inputs-MC_hunt_s2_partial_start_strict-sim/inputs.json	spec/output/inputs-MC_hunt_s2_partial_start_strict-sim/inputs.json	file	0664	1789399806669562724	297	00f08387061c22f4f7849c20a5a4ea15fe301cdf3b531f3f55b3ecd874cc41bb		copy	run-evidence		{}
specula/runs/nvflare-job-lifecycle-20260914/nvflare-job-lifecycle/.specula-output/spec/output/inputs-MC_hunt_s3_abort_status-bfs/MC.tla	spec/output/inputs-MC_hunt_s3_abort_status-bfs/MC.tla	file	0664	1789395815707034462	25615	710de4d26031bd28a044926f63e5ed30b43470abf0421f953830d40d17a29e9e		copy	run-evidence		{}
specula/runs/nvflare-job-lifecycle-20260914/nvflare-job-lifecycle/.specula-output/spec/output/inputs-MC_hunt_s3_abort_status-bfs/MC_hunt_s3_abort_status.cfg	spec/output/inputs-MC_hunt_s3_abort_status-bfs/MC_hunt_s3_abort_status.cfg	file	0664	1789395815708034450	2343	e24af4769e78f72beb24f6b6f9e78985bc1ec9edb5b0832819ea578bdcf92bb2		copy	run-evidence		{}
specula/runs/nvflare-job-lifecycle-20260914/nvflare-job-lifecycle/.specula-output/spec/output/inputs-MC_hunt_s3_abort_status-bfs/base.tla	spec/output/inputs-MC_hunt_s3_abort_status-bfs/base.tla	file	0664	1789395815672034875	122493	b3c2f020e1c3faade7cb65c83f73bf5ed4f3e8bbc8642ec1120e574cc593b86e		copy	run-evidence		{}
specula/runs/nvflare-job-lifecycle-20260914/nvflare-job-lifecycle/.specula-output/spec/output/inputs-MC_hunt_s3_abort_status-bfs/inputs.json	spec/output/inputs-MC_hunt_s3_abort_status-bfs/inputs.json	file	0664	1789397767672804488	353	de96d780e7f7f0095c535ddeed2de63739a3d3ff30033e59abf21f313ef9b4fe		copy	run-evidence		{}
specula/runs/nvflare-job-lifecycle-20260914/nvflare-job-lifecycle/.specula-output/spec/output/inputs-MC_hunt_s3_terminal_status-bfs/MC.tla	spec/output/inputs-MC_hunt_s3_terminal_status-bfs/MC.tla	file	0664	1789395815707034462	25615	710de4d26031bd28a044926f63e5ed30b43470abf0421f953830d40d17a29e9e		copy	run-evidence		{}
specula/runs/nvflare-job-lifecycle-20260914/nvflare-job-lifecycle/.specula-output/spec/output/inputs-MC_hunt_s3_terminal_status-bfs/MC_hunt_s3_terminal_status.cfg	spec/output/inputs-MC_hunt_s3_terminal_status-bfs/MC_hunt_s3_terminal_status.cfg	file	0664	1789395815708034450	2341	d65cf4734b4d626ef96171fc91b339b9f52876cb489b9f26f2e2a4b2928d6cdf		copy	run-evidence		{}
specula/runs/nvflare-job-lifecycle-20260914/nvflare-job-lifecycle/.specula-output/spec/output/inputs-MC_hunt_s3_terminal_status-bfs/base.tla	spec/output/inputs-MC_hunt_s3_terminal_status-bfs/base.tla	file	0664	1789395815672034875	122493	b3c2f020e1c3faade7cb65c83f73bf5ed4f3e8bbc8642ec1120e574cc593b86e		copy	run-evidence		{}
specula/runs/nvflare-job-lifecycle-20260914/nvflare-job-lifecycle/.specula-output/spec/output/inputs-MC_hunt_s3_terminal_status-bfs/inputs.json	spec/output/inputs-MC_hunt_s3_terminal_status-bfs/inputs.json	file	0664	1789397767673804481	356	91817470c7bd50267e21143a7e37dce049417b4fea1e0448f7876380a6d68c18		copy	run-evidence		{}
specula/runs/nvflare-job-lifecycle-20260914/nvflare-job-lifecycle/.specula-output/spec/output/inputs-MC_hunt_s4_exit_cleanup-bfs/MC.tla	spec/output/inputs-MC_hunt_s4_exit_cleanup-bfs/MC.tla	file	0664	1789395815707034462	25615	710de4d26031bd28a044926f63e5ed30b43470abf0421f953830d40d17a29e9e		copy	run-evidence		{}
specula/runs/nvflare-job-lifecycle-20260914/nvflare-job-lifecycle/.specula-output/spec/output/inputs-MC_hunt_s4_exit_cleanup-bfs/MC_hunt_s4_exit_cleanup.cfg	spec/output/inputs-MC_hunt_s4_exit_cleanup-bfs/MC_hunt_s4_exit_cleanup.cfg	file	0664	1789395815708034450	2366	c226ea95accf0d33db98edb449551afaa86e9dc27e59bc4fae634421277994b5		copy	run-evidence		{}
specula/runs/nvflare-job-lifecycle-20260914/nvflare-job-lifecycle/.specula-output/spec/output/inputs-MC_hunt_s4_exit_cleanup-bfs/base.tla	spec/output/inputs-MC_hunt_s4_exit_cleanup-bfs/base.tla	file	0664	1789395815672034875	122493	b3c2f020e1c3faade7cb65c83f73bf5ed4f3e8bbc8642ec1120e574cc593b86e		copy	run-evidence		{}
specula/runs/nvflare-job-lifecycle-20260914/nvflare-job-lifecycle/.specula-output/spec/output/inputs-MC_hunt_s4_exit_cleanup-bfs/inputs.json	spec/output/inputs-MC_hunt_s4_exit_cleanup-bfs/inputs.json	file	0664	1789397767674804474	353	81e07d7f7a27731e1c16c7927ab9d6cbe7c85266ddf37fd45605407fdcef64e6		copy	run-evidence		{}
specula/runs/nvflare-job-lifecycle-20260914/nvflare-job-lifecycle/.specula-output/spec/output/inputs-MC_hunt_s4_exit_cleanup-sim-eager/MC.tla	spec/output/inputs-MC_hunt_s4_exit_cleanup-sim-eager/MC.tla	file	0664	1789400560128007485	25624	831807091b561723f9097e8fd62782c52bea18069ccbf0025060bc032a08f9ee		copy	run-evidence		{}
specula/runs/nvflare-job-lifecycle-20260914/nvflare-job-lifecycle/.specula-output/spec/output/inputs-MC_hunt_s4_exit_cleanup-sim-eager/MC_hunt_s4_exit_cleanup.cfg	spec/output/inputs-MC_hunt_s4_exit_cleanup-sim-eager/MC_hunt_s4_exit_cleanup.cfg	file	0664	1789395815708034450	2366	c226ea95accf0d33db98edb449551afaa86e9dc27e59bc4fae634421277994b5		copy	run-evidence		{}
specula/runs/nvflare-job-lifecycle-20260914/nvflare-job-lifecycle/.specula-output/spec/output/inputs-MC_hunt_s4_exit_cleanup-sim-eager/Trace.cfg	spec/output/inputs-MC_hunt_s4_exit_cleanup-sim-eager/Trace.cfg	file	0664	1789395815736034119	697	0420354722cc4cf8d2dbc4f34c4fde587f32b6481dc7ac1b4e535c0457e867a9		copy	run-evidence		{}
specula/runs/nvflare-job-lifecycle-20260914/nvflare-job-lifecycle/.specula-output/spec/output/inputs-MC_hunt_s4_exit_cleanup-sim-eager/Trace.tla	spec/output/inputs-MC_hunt_s4_exit_cleanup-sim-eager/Trace.tla	file	0664	1789395815736034119	72540	dc6134a39b27da541a91aaaeceaadd0f0d321c30b538b75f8f855bc41f7d1c7a		copy	run-evidence		{}
specula/runs/nvflare-job-lifecycle-20260914/nvflare-job-lifecycle/.specula-output/spec/output/inputs-MC_hunt_s4_exit_cleanup-sim-eager/base.tla	spec/output/inputs-MC_hunt_s4_exit_cleanup-sim-eager/base.tla	file	0664	1789400560121007566	122754	ad958045f11868d31ce2869e4f0463e4294e8564fd901a1d4c2b304f06aafa84		copy	run-evidence		{}
specula/runs/nvflare-job-lifecycle-20260914/nvflare-job-lifecycle/.specula-output/spec/output/inputs-MC_hunt_s4_exit_cleanup-sim-eager/inputs.json	spec/output/inputs-MC_hunt_s4_exit_cleanup-sim-eager/inputs.json	file	0664	1789400560129007474	708	3ab0124709025177d99e89da3404b68325f925f7f4afe9f6541b11c6d0c7f824		copy	run-evidence		{}
specula/runs/nvflare-job-lifecycle-20260914/nvflare-job-lifecycle/.specula-output/spec/output/inputs-MC_hunt_s5_scheduling_progress-bfs/MC.tla	spec/output/inputs-MC_hunt_s5_scheduling_progress-bfs/MC.tla	file	0664	1789395815707034462	25615	710de4d26031bd28a044926f63e5ed30b43470abf0421f953830d40d17a29e9e		copy	run-evidence		{}
specula/runs/nvflare-job-lifecycle-20260914/nvflare-job-lifecycle/.specula-output/spec/output/inputs-MC_hunt_s5_scheduling_progress-bfs/MC_hunt_s5_scheduling_progress.cfg	spec/output/inputs-MC_hunt_s5_scheduling_progress-bfs/MC_hunt_s5_scheduling_progress.cfg	file	0664	1789395815708034450	2434	d3b1c335b469638938bc6c2c477fcd1983a7c07b161d95e78c092329ce9269eb		copy	run-evidence		{}
specula/runs/nvflare-job-lifecycle-20260914/nvflare-job-lifecycle/.specula-output/spec/output/inputs-MC_hunt_s5_scheduling_progress-bfs/base.tla	spec/output/inputs-MC_hunt_s5_scheduling_progress-bfs/base.tla	file	0664	1789395815672034875	122493	b3c2f020e1c3faade7cb65c83f73bf5ed4f3e8bbc8642ec1120e574cc593b86e		copy	run-evidence		{}
specula/runs/nvflare-job-lifecycle-20260914/nvflare-job-lifecycle/.specula-output/spec/output/inputs-MC_hunt_s5_scheduling_progress-bfs/inputs.json	spec/output/inputs-MC_hunt_s5_scheduling_progress-bfs/inputs.json	file	0664	1789397767675804466	360	7df917138983d70eb00df1ac37848594fd1d91c1ef5f28e416fd2cb3ed3f231d		copy	run-evidence		{}
specula/runs/nvflare-job-lifecycle-20260914/nvflare-job-lifecycle/.specula-output/spec/output/inputs-MC_hunt_s5_scheduling_progress-sim/MC.tla	spec/output/inputs-MC_hunt_s5_scheduling_progress-sim/MC.tla	file	0664	1789395815707034462	25615	710de4d26031bd28a044926f63e5ed30b43470abf0421f953830d40d17a29e9e		copy	run-evidence		{}
specula/runs/nvflare-job-lifecycle-20260914/nvflare-job-lifecycle/.specula-output/spec/output/inputs-MC_hunt_s5_scheduling_progress-sim/MC_hunt_s5_scheduling_progress.cfg	spec/output/inputs-MC_hunt_s5_scheduling_progress-sim/MC_hunt_s5_scheduling_progress.cfg	file	0664	1789395815708034450	2434	d3b1c335b469638938bc6c2c477fcd1983a7c07b161d95e78c092329ce9269eb		copy	run-evidence		{}
specula/runs/nvflare-job-lifecycle-20260914/nvflare-job-lifecycle/.specula-output/spec/output/inputs-MC_hunt_s5_scheduling_progress-sim/base.tla	spec/output/inputs-MC_hunt_s5_scheduling_progress-sim/base.tla	file	0664	1789395815672034875	122493	b3c2f020e1c3faade7cb65c83f73bf5ed4f3e8bbc8642ec1120e574cc593b86e		copy	run-evidence		{}
specula/runs/nvflare-job-lifecycle-20260914/nvflare-job-lifecycle/.specula-output/spec/output/inputs-MC_hunt_s5_scheduling_progress-sim/inputs.json	spec/output/inputs-MC_hunt_s5_scheduling_progress-sim/inputs.json	file	0664	1789399862391184698	296	c3972379530366a33b3155865edc9083f6a32bcdf13a50bb320d8feb5561701c		copy	run-evidence		{}
specula/runs/nvflare-job-lifecycle-20260914/nvflare-job-lifecycle/.specula-output/spec/output/inputs-MC_hunt_s5_scheduling_progress-sim-eager/MC.tla	spec/output/inputs-MC_hunt_s5_scheduling_progress-sim-eager/MC.tla	file	0664	1789400460560136139	25624	831807091b561723f9097e8fd62782c52bea18069ccbf0025060bc032a08f9ee		copy	run-evidence		{}
specula/runs/nvflare-job-lifecycle-20260914/nvflare-job-lifecycle/.specula-output/spec/output/inputs-MC_hunt_s5_scheduling_progress-sim-eager/MC_hunt_s5_scheduling_progress.cfg	spec/output/inputs-MC_hunt_s5_scheduling_progress-sim-eager/MC_hunt_s5_scheduling_progress.cfg	file	0664	1789395815708034450	2434	d3b1c335b469638938bc6c2c477fcd1983a7c07b161d95e78c092329ce9269eb		copy	run-evidence		{}
specula/runs/nvflare-job-lifecycle-20260914/nvflare-job-lifecycle/.specula-output/spec/output/inputs-MC_hunt_s5_scheduling_progress-sim-eager/Trace.cfg	spec/output/inputs-MC_hunt_s5_scheduling_progress-sim-eager/Trace.cfg	file	0664	1789395815736034119	697	0420354722cc4cf8d2dbc4f34c4fde587f32b6481dc7ac1b4e535c0457e867a9		copy	run-evidence		{}
specula/runs/nvflare-job-lifecycle-20260914/nvflare-job-lifecycle/.specula-output/spec/output/inputs-MC_hunt_s5_scheduling_progress-sim-eager/Trace.tla	spec/output/inputs-MC_hunt_s5_scheduling_progress-sim-eager/Trace.tla	file	0664	1789395815736034119	72540	dc6134a39b27da541a91aaaeceaadd0f0d321c30b538b75f8f855bc41f7d1c7a		copy	run-evidence		{}
specula/runs/nvflare-job-lifecycle-20260914/nvflare-job-lifecycle/.specula-output/spec/output/inputs-MC_hunt_s5_scheduling_progress-sim-eager/base.tla	spec/output/inputs-MC_hunt_s5_scheduling_progress-sim-eager/base.tla	file	0664	1789400460553136218	122754	ad958045f11868d31ce2869e4f0463e4294e8564fd901a1d4c2b304f06aafa84		copy	run-evidence		{}
specula/runs/nvflare-job-lifecycle-20260914/nvflare-job-lifecycle/.specula-output/spec/output/inputs-MC_hunt_s5_scheduling_progress-sim-eager/inputs.json	spec/output/inputs-MC_hunt_s5_scheduling_progress-sim-eager/inputs.json	file	0664	1789400460561136128	708	3ab0124709025177d99e89da3404b68325f925f7f4afe9f6541b11c6d0c7f824		copy	run-evidence		{}
specula/runs/nvflare-job-lifecycle-20260914/nvflare-job-lifecycle/.specula-output/spec/output/progress-eager-thread-dump.txt	spec/output/progress-eager-thread-dump.txt	file	0664	1789400848338539006	85825	47ee385a9da0092ed5b4d2cc15b6a55227b2a4c5ba29fd762b6f2526842d177c		copy	run-evidence		{}
specula/runs/nvflare-job-lifecycle-20260914/nvflare-job-lifecycle/.specula-output/spec/output/r2-admission-coarse-complete.json	spec/output/r2-admission-coarse-complete.json	file	0664	1789395125481215518	460	e40734aba3985f8742fe18fb25a026b24b0a7c958cdaa4952cafb7cab631f5d1		copy	run-evidence		{}
specula/runs/nvflare-job-lifecycle-20260914/nvflare-job-lifecycle/.specula-output/spec/output/r2-admission-coarse.json	spec/output/r2-admission-coarse.json	file	0664	1789394865187315259	695	7fa72144e86ae04647217bffbd9a74e89ee571d82cd13207c1232355a641045a		copy	run-evidence		{}
specula/runs/nvflare-job-lifecycle-20260914/nvflare-job-lifecycle/.specula-output/spec/output/r2-admission-fine-complete.json	spec/output/r2-admission-fine-complete.json	file	0664	1789395311427991913	1031	30094efd1fae5dcae5539d7b164ee62ec01e9e19ed87f8667f8bf16f62bf0234		copy	run-evidence		{}
specula/runs/nvflare-job-lifecycle-20260914/nvflare-job-lifecycle/.specula-output/spec/output/r2-admission-fine.json	spec/output/r2-admission-fine.json	file	0664	1789394954176254618	1148	f8a584e70d24d33333ebf6edef8d5bc595ccc9fbd26088b5d576180533b3e95f		copy	run-evidence		{}
specula/runs/nvflare-job-lifecycle-20260914/nvflare-job-lifecycle/.specula-output/spec/output/r2-admission-inspect-complete.json	spec/output/r2-admission-inspect-complete.json	file	0664	1789395489587863469	1597	cedfc3e46254f37c50f550bd18bdb5ec392c6fd28881101e0c8d04fb7a7c0845		copy	run-evidence		{}
specula/runs/nvflare-job-lifecycle-20260914/nvflare-job-lifecycle/.specula-output/spec/output/r2-admission-inspect.json	spec/output/r2-admission-inspect.json	file	0664	1789395090123636791	1217	8c270d9c9b8b2ac04d6fe14bdea65918b5a2ce17846c03c071ded30556280057		copy	run-evidence		{}
specula/runs/nvflare-job-lifecycle-20260914/nvflare-job-lifecycle/.specula-output/spec/output/r2-delayed-coarse.json	spec/output/r2-delayed-coarse.json	file	0664	1789394770905439708	453	a39248463fdcb4c65a296277cb0d75e212a4abbc9456dc36023d991598b03a85		copy	run-evidence		{}
specula/runs/nvflare-job-lifecycle-20260914/nvflare-job-lifecycle/.specula-output/spec/output/r2-delayed-fine.json	spec/output/r2-delayed-fine.json	file	0664	1789394855122435548	1030	7feaf78d67db6ec7ba4bc37b4740db71b60d2ef0506337222989bf8369fd939a		copy	run-evidence		{}
specula/runs/nvflare-job-lifecycle-20260914/nvflare-job-lifecycle/.specula-output/spec/output/r2-delayed-inspect.json	spec/output/r2-delayed-inspect.json	file	0664	1789394996423751623	1651	a6eb6cb820564c1115c5eb3da50bc0d87e691f70f61cee57b16754e6ab58482e		copy	run-evidence		{}
specula/runs/nvflare-job-lifecycle-20260914/nvflare-job-lifecycle/.specula-output/spec/output/r4-abort-coarse.json	spec/output/r4-abort-coarse.json	file	0664	1789395736464960013	465	75e3327a8eb4e437ebb4ce2f8dc9a31daf7aac87d961e5606300324f8754e7d2		copy	run-evidence		{}
specula/runs/nvflare-job-lifecycle-20260914/nvflare-job-lifecycle/.specula-output/spec/output/r4-abort-fine.json	spec/output/r4-abort-fine.json	file	0664	1789395773370529122	970	a63331d6db16dfb5afa6c11bdb5ed20728d0d7610e293404f901f7bedd1ece40		copy	run-evidence		{}
specula/runs/nvflare-job-lifecycle-20260914/nvflare-job-lifecycle/.specula-output/spec/output/r4-abort-inspect.json	spec/output/r4-abort-inspect.json	file	0664	1789395797106252132	2256	2bfd78efd6f9041b7e88bed2350427cb7481dbf0e6d311091630d1604a5fd3fc		copy	run-evidence		{}
specula/runs/nvflare-job-lifecycle-20260914/nvflare-job-lifecycle/.specula-output/spec/output/run-coverage.json	spec/output/run-coverage.json	file	0664	1789402366951108117	13891	de2ce5c8c2a0008d62aeed5f44059c32f83ca83ef42b17d29fb76e7aa2f6f9d5		copy	run-evidence		{}
specula/runs/nvflare-job-lifecycle-20260914/nvflare-job-lifecycle/.specula-output/spec/output/sany-eager-cwd.log	spec/output/sany-eager-cwd.log	file	0664	1789400310861834701	2000	80fe9b675f96597cb6426da0db440e311b2f18ee0c909b0317a46b17b8aa4d03		copy	run-evidence		{}
specula/runs/nvflare-job-lifecycle-20260914/nvflare-job-lifecycle/.specula-output/spec/output/sany-eager.log	spec/output/sany-eager.log	file	0664	1789400282911137502	642	eae57525936ac303ce1c8dbc3b1f26fa9cab4336d6b8323359f3f4155365ee51		copy	run-evidence		{}
specula/runs/nvflare-job-lifecycle-20260914/nvflare-job-lifecycle/.specula-output/spec/output/sany-r1-Trace.log	spec/output/sany-r1-Trace.log	file	0664	1789394584761673320	3319	f9b9e8ab7500c203d9aee7d27b03c5a64c862682c62ea23616dda916851b4622		copy	run-evidence		{}
specula/runs/nvflare-job-lifecycle-20260914/nvflare-job-lifecycle/.specula-output/spec/output/schema-check-results.json	spec/output/schema-check-results.json	file	0664	1789389675810505374	259	68e9218849dcdb93398e01dc3d2ffdb8bce5a240f83cd22c574c19600bef0915		copy	run-evidence		{}
specula/runs/nvflare-job-lifecycle-20260914/nvflare-job-lifecycle/.specula-output/spec/output/schema-smoke-invalid.ndjson	spec/output/schema-smoke-invalid.ndjson	file	0664	1789389674197524013	1128	3c82407453b07bbee1c92c2055d060101f849f03b25163dd664a2388a3599a13		copy	run-evidence		{}
specula/runs/nvflare-job-lifecycle-20260914/nvflare-job-lifecycle/.specula-output/spec/output/schema-smoke-invalid.ndjson.log	spec/output/schema-smoke-invalid.ndjson.log	file	0664	1789389675810505374	3421	04cf9ba028d3793d5c51b0937178294cbbef94dfd9439559801fac2203f27fca		copy	run-evidence		{}
specula/runs/nvflare-job-lifecycle-20260914/nvflare-job-lifecycle/.specula-output/spec/output/schema-smoke.ndjson	spec/output/schema-smoke.ndjson	file	0664	1789395741405902149	1074	5c965a11e3b3f8cb3fa41c4c5ae9b28a01aa5e393164d649b4a81b1a905b30c2		copy	run-evidence		{}
specula/runs/nvflare-job-lifecycle-20260914/nvflare-job-lifecycle/.specula-output/spec/output/schema-smoke.ndjson.log	spec/output/schema-smoke.ndjson.log	file	0664	1789389675229512088	3421	00201b09402f5d336038aa16900c6e32b8019fb75f688d20c6a68e1739565f39		copy	run-evidence		{}
specula/runs/nvflare-job-lifecycle-20260914/nvflare-job-lifecycle/.specula-output/spec/output/trace-cleanup.json	spec/output/trace-cleanup.json	file	0664	1789396042338346472	1730	d1417bca4e6dfac061fc2deb6cd9e1cec76d762a408438a5a27f97327807ce55		copy	run-evidence		{}
specula/runs/nvflare-job-lifecycle-20260914/nvflare-job-lifecycle/.specula-output/spec/output/traces-eager-control/abort_completion.command.json	spec/output/traces-eager-control/abort_completion.command.json	file	0664	1789400461254128333	504	02ffdb920b31756383768d9120ec0413022e44baa7a5e1f16536739f29e324c2		copy	run-evidence		{}
specula/runs/nvflare-job-lifecycle-20260914/nvflare-job-lifecycle/.specula-output/spec/output/traces-eager-control/abort_completion.json	spec/output/traces-eager-control/abort_completion.json	file	0664	1789400465153084430	92	70f0e8f9cf25cba307aba3b553c532f6c112a5e3ec7ee4aba1428579673874bf		copy	run-evidence		{}
specula/runs/nvflare-job-lifecycle-20260914/nvflare-job-lifecycle/.specula-output/spec/output/traces-eager-control/abort_completion.out	spec/output/traces-eager-control/abort_completion.out	file	0664	1789400465152084442	5302	d322edbd87fedf11f99cb91fced6d727b4ebf219c3cbe5aefe71518e9e5ab355		copy	run-evidence		{}
specula/runs/nvflare-job-lifecycle-20260914/nvflare-job-lifecycle/.specula-output/spec/output/traces-eager-control/admission_exception.command.json	spec/output/traces-eager-control/admission_exception.command.json	file	0664	1789400461256128311	504	1ae984a865aefcacfdd86f97609fe157af65c51da3415c3d78cdde1e98907b12		copy	run-evidence		{}
specula/runs/nvflare-job-lifecycle-20260914/nvflare-job-lifecycle/.specula-output/spec/output/traces-eager-control/admission_exception.json	spec/output/traces-eager-control/admission_exception.json	file	0664	1789400465536080115	92	42791cc0ab1623ebe2b4e22973c2dc5d77241ef3af994b4e14958a7639a40ad4		copy	run-evidence		{}
specula/runs/nvflare-job-lifecycle-20260914/nvflare-job-lifecycle/.specula-output/spec/output/traces-eager-control/admission_exception.out	spec/output/traces-eager-control/admission_exception.out	file	0664	1789400465535080126	5290	97cc9e34ba4c8103ed0570d028a1a5c38125c01a1d920b0b65a40038b12a5fcd		copy	run-evidence		{}
specula/runs/nvflare-job-lifecycle-20260914/nvflare-job-lifecycle/.specula-output/spec/output/traces-eager-control/competition.command.json	spec/output/traces-eager-control/competition.command.json	file	0664	1789400461258128288	504	05ab301187b9fe74a944c64fd75d75bd309d73866de5b8ea69eba85b924e6650		copy	run-evidence		{}
specula/runs/nvflare-job-lifecycle-20260914/nvflare-job-lifecycle/.specula-output/spec/output/traces-eager-control/competition.json	spec/output/traces-eager-control/competition.json	file	0664	1789400464688089669	92	5ecf0161bb734cf7a4b6f0cee6f14c6a4a472f6866b8f561df914e350b324e6b		copy	run-evidence		{}
specula/runs/nvflare-job-lifecycle-20260914/nvflare-job-lifecycle/.specula-output/spec/output/traces-eager-control/competition.out	spec/output/traces-eager-control/competition.out	file	0664	1789400464687089680	5303	9f07733011db0c74cccbcfb4e8a07c6707ad5006c0e55c4c60031e705e18d075		copy	run-evidence		{}
specula/runs/nvflare-job-lifecycle-20260914/nvflare-job-lifecycle/.specula-output/spec/output/traces-eager-control/delayed_start.command.json	spec/output/traces-eager-control/delayed_start.command.json	file	0664	1789400461260128266	504	a8acec5c8dce9539bccc59c6c24932bc84c340b032160061d7217966157fb73a		copy	run-evidence		{}
specula/runs/nvflare-job-lifecycle-20260914/nvflare-job-lifecycle/.specula-output/spec/output/traces-eager-control/delayed_start.json	spec/output/traces-eager-control/delayed_start.json	file	0664	1789400465022085906	92	5ea11ce571ca2dab8fd4fffcff2df6f48ef65b37f476dea032676db183cbe7b9		copy	run-evidence		{}
specula/runs/nvflare-job-lifecycle-20260914/nvflare-job-lifecycle/.specula-output/spec/output/traces-eager-control/delayed_start.out	spec/output/traces-eager-control/delayed_start.out	file	0664	1789400465022085906	5290	a9b5f327dcf09eb45d83c15c48ba2d9f7c6bf76bb6ea397991d81c201048c213		copy	run-evidence		{}
specula/runs/nvflare-job-lifecycle-20260914/nvflare-job-lifecycle/.specula-output/spec/output/traces-eager-control/inputs.json	spec/output/traces-eager-control/inputs.json	file	0664	1789400461253128344	1825	4c0a3df40d59fa66965566605cfc3b50ae6e048043ab2f81fe7412133afc8026		copy	run-evidence		{}
specula/runs/nvflare-job-lifecycle-20260914/nvflare-job-lifecycle/.specula-output/spec/output/traces-eager-control/summary.json	spec/output/traces-eager-control/summary.json	file	0664	1789400465536080115	55	d614d54e05139fdce9f2ef62b3eed8e02830292e441348ef0b0f303eae66679e		copy	run-evidence		{}
specula/runs/nvflare-job-lifecycle-20260914/nvflare-job-lifecycle/.specula-output/spec/output/traces-r1/abort_completion.command.json	spec/output/traces-r1/abort_completion.command.json	file	0664	1789393691431360479	504	c8b68c57c47bcd19c0fcd621e64037227e31f4fa61edd36f0970428232d3fd34		copy	run-evidence		{}
specula/runs/nvflare-job-lifecycle-20260914/nvflare-job-lifecycle/.specula-output/spec/output/traces-r1/abort_completion.json	spec/output/traces-r1/abort_completion.json	file	0664	1789393693961309422	258	1ecce8b239d191c27aa93a4be519a9a3d6a8ef994281b409db8f76b40c72b89e		copy	run-evidence		{}
specula/runs/nvflare-job-lifecycle-20260914/nvflare-job-lifecycle/.specula-output/spec/output/traces-r1/abort_completion.out	spec/output/traces-r1/abort_completion.out	file	0664	1789393693956309482	4022962	1d458e258346087c279c6e0bb3f3c581d2309c5d09d1ff2831d0e6cd39ac5558		copy	run-evidence		{}
specula/runs/nvflare-job-lifecycle-20260914/nvflare-job-lifecycle/.specula-output/spec/output/traces-r1/admission_exception.command.json	spec/output/traces-r1/admission_exception.command.json	file	0664	1789393691433360455	504	a156fa88f758705cd8cd7638ff1c92717cf963be0854be15859ed623ff6fc213		copy	run-evidence		{}
specula/runs/nvflare-job-lifecycle-20260914/nvflare-job-lifecycle/.specula-output/spec/output/traces-r1/admission_exception.json	spec/output/traces-r1/admission_exception.json	file	0664	1789393695065296200	263	06465874be6f8a3c04303ca85c47faffd171e141fe8bb2f217e4827869e2899e		copy	run-evidence		{}
specula/runs/nvflare-job-lifecycle-20260914/nvflare-job-lifecycle/.specula-output/spec/output/traces-r1/admission_exception.out	spec/output/traces-r1/admission_exception.out	file	0664	1789393695037296535	23984200	3a83b5eb7f52ab06331b9adc504689b00f5e34a2d335e94c631ba0c4b38ec507		copy	run-evidence		{}
specula/runs/nvflare-job-lifecycle-20260914/nvflare-job-lifecycle/.specula-output/spec/output/traces-r1/competition.command.json	spec/output/traces-r1/competition.command.json	file	0664	1789393691434360443	504	716420d31a6401e35bfe96084dd38c2fc1bf705951c6deabc16159bf100e394d		copy	run-evidence		{}
specula/runs/nvflare-job-lifecycle-20260914/nvflare-job-lifecycle/.specula-output/spec/output/traces-r1/competition.json	spec/output/traces-r1/competition.json	file	0664	1789393693854310703	92	5ecf0161bb734cf7a4b6f0cee6f14c6a4a472f6866b8f561df914e350b324e6b		copy	run-evidence		{}
specula/runs/nvflare-job-lifecycle-20260914/nvflare-job-lifecycle/.specula-output/spec/output/traces-r1/competition.out	spec/output/traces-r1/competition.out	file	0664	1789393693854310703	5182	9e8997213eddde8e11246ebdbbeaf7ef7627aa596e8c1e639560fa07437968b8		copy	run-evidence		{}
specula/runs/nvflare-job-lifecycle-20260914/nvflare-job-lifecycle/.specula-output/spec/output/traces-r1/delayed_start.command.json	spec/output/traces-r1/delayed_start.command.json	file	0664	1789393691435360431	504	dc441134418f4dbc1df58e6803a04be49947669937fa9f200b101720199198f4		copy	run-evidence		{}
specula/runs/nvflare-job-lifecycle-20260914/nvflare-job-lifecycle/.specula-output/spec/output/traces-r1/delayed_start.json	spec/output/traces-r1/delayed_start.json	file	0664	1789393694086307925	92	856b25157dfe7b5bd7305cc95b064a766e1c8ce9a782f0446651022de5a55f94		copy	run-evidence		{}
specula/runs/nvflare-job-lifecycle-20260914/nvflare-job-lifecycle/.specula-output/spec/output/traces-r1/delayed_start.out	spec/output/traces-r1/delayed_start.out	file	0664	1789393694086307925	5193	8f3ba388114f3f1d3602bd978201aea4eb38b0b6f75eb22ff255d5a30b2f4e83		copy	run-evidence		{}
specula/runs/nvflare-job-lifecycle-20260914/nvflare-job-lifecycle/.specula-output/spec/output/traces-r1/inputs.json	spec/output/traces-r1/inputs.json	file	0664	1789393691430360491	778	44aea1b7a632260fd985dc49f280a9c3ca75eab08218be696177bfabd1f92944		copy	run-evidence		{}
specula/runs/nvflare-job-lifecycle-20260914/nvflare-job-lifecycle/.specula-output/spec/output/traces-r1/summary.json	spec/output/traces-r1/summary.json	file	0664	1789393695079296032	409	378d7c1aefcab7de489c9e0a702edbc415c6238d81a0ebeb9b8322dfd2d20c84		copy	run-evidence		{}
specula/runs/nvflare-job-lifecycle-20260914/nvflare-job-lifecycle/.specula-output/spec/output/traces-r2/abort_completion.command.json	spec/output/traces-r2/abort_completion.command.json	file	0664	1789394684757467612	504	a19d6b4f8d7e78d53d39022554a090d6f5be40593d5a6cde28420aa4177b91ec		copy	run-evidence		{}
specula/runs/nvflare-job-lifecycle-20260914/nvflare-job-lifecycle/.specula-output/spec/output/traces-r2/abort_completion.json	spec/output/traces-r2/abort_completion.json	file	0664	1789394687695432981	92	856b25157dfe7b5bd7305cc95b064a766e1c8ce9a782f0446651022de5a55f94		copy	run-evidence		{}
specula/runs/nvflare-job-lifecycle-20260914/nvflare-job-lifecycle/.specula-output/spec/output/traces-r2/abort_completion.out	spec/output/traces-r2/abort_completion.out	file	0664	1789394687695432981	5181	5fd32a16a9579cd7a499e70700d5dc2e53083edee956ce7f1aecaa5fd0be15d9		copy	run-evidence		{}
specula/runs/nvflare-job-lifecycle-20260914/nvflare-job-lifecycle/.specula-output/spec/output/traces-r2/admission_exception.command.json	spec/output/traces-r2/admission_exception.command.json	file	0664	1789394684758467600	504	46719254382608f8d40860575bb701f9b8176f510c5c71ea976f903d219e09c7		copy	run-evidence		{}
specula/runs/nvflare-job-lifecycle-20260914/nvflare-job-lifecycle/.specula-output/spec/output/traces-r2/admission_exception.json	spec/output/traces-r2/admission_exception.json	file	0664	1789394688446424248	263	6e6708d935d3a8804920ebc282dfbfcdd984f9ea6f610de3ff3a889b0298ff7a		copy	run-evidence		{}
specula/runs/nvflare-job-lifecycle-20260914/nvflare-job-lifecycle/.specula-output/spec/output/traces-r2/admission_exception.out	spec/output/traces-r2/admission_exception.out	file	0664	1789394688417424585	24413512	e117458cbbc645d2c67165e3392896168b27d89192de78380e0a2a4f0226c3cf		copy	run-evidence		{}
specula/runs/nvflare-job-lifecycle-20260914/nvflare-job-lifecycle/.specula-output/spec/output/traces-r2/competition.command.json	spec/output/traces-r2/competition.command.json	file	0664	1789394684760467576	504	8b43e2666fb8ff6703cab5fecda6d9e8aba1ced2b740fd1db4caa882ef7417bd		copy	run-evidence		{}
specula/runs/nvflare-job-lifecycle-20260914/nvflare-job-lifecycle/.specula-output/spec/output/traces-r2/competition.json	spec/output/traces-r2/competition.json	file	0664	1789394687213438587	92	5ecf0161bb734cf7a4b6f0cee6f14c6a4a472f6866b8f561df914e350b324e6b		copy	run-evidence		{}
specula/runs/nvflare-job-lifecycle-20260914/nvflare-job-lifecycle/.specula-output/spec/output/traces-r2/competition.out	spec/output/traces-r2/competition.out	file	0664	1789394687213438587	5193	7c78051bed652f78ecf8971c28d4ce354f96f306b44698fcdd860ff63fca6130		copy	run-evidence		{}
specula/runs/nvflare-job-lifecycle-20260914/nvflare-job-lifecycle/.specula-output/spec/output/traces-r2/delayed_start.command.json	spec/output/traces-r2/delayed_start.command.json	file	0664	1789394684761467564	504	76f95890ac64452667d59f96c1e1bbeb166262f0e520bedad27eab9b5852d123		copy	run-evidence		{}
specula/runs/nvflare-job-lifecycle-20260914/nvflare-job-lifecycle/.specula-output/spec/output/traces-r2/delayed_start.json	spec/output/traces-r2/delayed_start.json	file	0664	1789394686982441273	258	ccf77efe3a464c48ceab1f2b2b40611db2bfa3ad70a734a9acbb749ab143150a		copy	run-evidence		{}
specula/runs/nvflare-job-lifecycle-20260914/nvflare-job-lifecycle/.specula-output/spec/output/traces-r2/delayed_start.out	spec/output/traces-r2/delayed_start.out	file	0664	1789394686979441308	2532880	32a8a8a79f7185863ac946e2d3f4b49ccdcc2d5e240c6d3b420b73067ee72a06		copy	run-evidence		{}
specula/runs/nvflare-job-lifecycle-20260914/nvflare-job-lifecycle/.specula-output/spec/output/traces-r2/inputs.json	spec/output/traces-r2/inputs.json	file	0664	1789394684756467624	778	a191e776db1263657e133793cd6c8ad883247cddb7bd42c5095b89eeb2c4bd7a		copy	run-evidence		{}
specula/runs/nvflare-job-lifecycle-20260914/nvflare-job-lifecycle/.specula-output/spec/output/traces-r2/summary.json	spec/output/traces-r2/summary.json	file	0664	1789394688460424085	406	c7526c1e1bcb32193e54b9f4ecc5653b80146d9421ea837c9259bc9e0fa90ecb		copy	run-evidence		{}
specula/runs/nvflare-job-lifecycle-20260914/nvflare-job-lifecycle/.specula-output/spec/output/traces-r3/abort_completion.command.json	spec/output/traces-r3/abort_completion.command.json	file	0664	1789395359022422701	504	8bbd41bc99a9059d8e3cd19abe17496ee228dbe06143ddd9ff57f227321f1cea		copy	run-evidence		{}
specula/runs/nvflare-job-lifecycle-20260914/nvflare-job-lifecycle/.specula-output/spec/output/traces-r3/abort_completion.json	spec/output/traces-r3/abort_completion.json	file	0664	1789395362053386499	92	856b25157dfe7b5bd7305cc95b064a766e1c8ce9a782f0446651022de5a55f94		copy	run-evidence		{}
specula/runs/nvflare-job-lifecycle-20260914/nvflare-job-lifecycle/.specula-output/spec/output/traces-r3/abort_completion.out	spec/output/traces-r3/abort_completion.out	file	0664	1789395362053386499	5192	8a9ad4226c651f13b7fe1460305adb811b80852a57a3ead4c82d3c32e8312ec9		copy	run-evidence		{}
specula/runs/nvflare-job-lifecycle-20260914/nvflare-job-lifecycle/.specula-output/spec/output/traces-r3/admission_exception.command.json	spec/output/traces-r3/admission_exception.command.json	file	0664	1789395359024422677	504	dc5835e422590aa2de43e5fc993304587936a87e6df60a46a1217103918d7d06		copy	run-evidence		{}
specula/runs/nvflare-job-lifecycle-20260914/nvflare-job-lifecycle/.specula-output/spec/output/traces-r3/admission_exception.json	spec/output/traces-r3/admission_exception.json	file	0664	1789395362232384361	92	42791cc0ab1623ebe2b4e22973c2dc5d77241ef3af994b4e14958a7639a40ad4		copy	run-evidence		{}
specula/runs/nvflare-job-lifecycle-20260914/nvflare-job-lifecycle/.specula-output/spec/output/traces-r3/admission_exception.out	spec/output/traces-r3/admission_exception.out	file	0664	1789395362232384361	5181	f406c0161a4a48b3c998e039f35f7f7e7690f637b0501c82ab6173c30d502172		copy	run-evidence		{}
specula/runs/nvflare-job-lifecycle-20260914/nvflare-job-lifecycle/.specula-output/spec/output/traces-r3/competition.command.json	spec/output/traces-r3/competition.command.json	file	0664	1789395359025422665	504	5684a665789abee90ace2ecf18ffaf0e13ba2c7434a29fb71b7032c74ce5f3f2		copy	run-evidence		{}
specula/runs/nvflare-job-lifecycle-20260914/nvflare-job-lifecycle/.specula-output/spec/output/traces-r3/competition.json	spec/output/traces-r3/competition.json	file	0664	1789395361551392495	92	5ecf0161bb734cf7a4b6f0cee6f14c6a4a472f6866b8f561df914e350b324e6b		copy	run-evidence		{}
specula/runs/nvflare-job-lifecycle-20260914/nvflare-job-lifecycle/.specula-output/spec/output/traces-r3/competition.out	spec/output/traces-r3/competition.out	file	0664	1789395361551392495	5192	bba4f5b748d3bfce9e6bcbd748a990f350a6ba3a10847adb3cb95ff2e4b2ebda		copy	run-evidence		{}
specula/runs/nvflare-job-lifecycle-20260914/nvflare-job-lifecycle/.specula-output/spec/output/traces-r3/delayed_start.command.json	spec/output/traces-r3/delayed_start.command.json	file	0664	1789395359026422653	504	fffdd2135caa4c544bcacd8e0868f6ca7afcde53036ffa3252d52cfa6294ec48		copy	run-evidence		{}
specula/runs/nvflare-job-lifecycle-20260914/nvflare-job-lifecycle/.specula-output/spec/output/traces-r3/delayed_start.json	spec/output/traces-r3/delayed_start.json	file	0664	1789395361659391205	92	5ea11ce571ca2dab8fd4fffcff2df6f48ef65b37f476dea032676db183cbe7b9		copy	run-evidence		{}
specula/runs/nvflare-job-lifecycle-20260914/nvflare-job-lifecycle/.specula-output/spec/output/traces-r3/delayed_start.out	spec/output/traces-r3/delayed_start.out	file	0664	1789395361659391205	5193	15134189e2d425a267380e3c56530397c6a37dc587e692ac2bcdd322d0b3169a		copy	run-evidence		{}
specula/runs/nvflare-job-lifecycle-20260914/nvflare-job-lifecycle/.specula-output/spec/output/traces-r3/inputs.json	spec/output/traces-r3/inputs.json	file	0664	1789395359021422713	778	ba39c817e117f50d154f34ddc54b4435add39979731d9c16df902ec00e814afb		copy	run-evidence		{}
specula/runs/nvflare-job-lifecycle-20260914/nvflare-job-lifecycle/.specula-output/spec/output/traces-r3/summary.json	spec/output/traces-r3/summary.json	file	0664	1789395362232384361	55	d614d54e05139fdce9f2ef62b3eed8e02830292e441348ef0b0f303eae66679e		copy	run-evidence		{}
specula/runs/nvflare-job-lifecycle-20260914/nvflare-job-lifecycle/.specula-output/spec/output/traces-r4/abort_completion.command.json	spec/output/traces-r4/abort_completion.command.json	file	0664	1789395601954523022	504	726e9306125f0d9ba4674fbc266c9bd25fa948b57962d8ccbe4a422c5a102348		copy	run-evidence		{}
specula/runs/nvflare-job-lifecycle-20260914/nvflare-job-lifecycle/.specula-output/spec/output/traces-r4/abort_completion.json	spec/output/traces-r4/abort_completion.json	file	0664	1789395604945487406	263	5a83cfbc67a131ff8ff68039b01853b13e7452646d5beacdda84a49053a9418b		copy	run-evidence		{}
specula/runs/nvflare-job-lifecycle-20260914/nvflare-job-lifecycle/.specula-output/spec/output/traces-r4/abort_completion.out	spec/output/traces-r4/abort_completion.out	file	0664	1789395604933487549	8181063	fbe8758a48a8170877421c64710f91a4ec8d25766c0e6d8c8fdd0f59c2352ec8		copy	run-evidence		{}
specula/runs/nvflare-job-lifecycle-20260914/nvflare-job-lifecycle/.specula-output/spec/output/traces-r4/admission_exception.command.json	spec/output/traces-r4/admission_exception.command.json	file	0664	1789395601955523010	504	7b69321fd342e7e8bf7d7b3386a0f327609800e1b8f406817dc14fe9b1d069f0		copy	run-evidence		{}
specula/runs/nvflare-job-lifecycle-20260914/nvflare-job-lifecycle/.specula-output/spec/output/traces-r4/admission_exception.json	spec/output/traces-r4/admission_exception.json	file	0664	1789395605052486132	92	42791cc0ab1623ebe2b4e22973c2dc5d77241ef3af994b4e14958a7639a40ad4		copy	run-evidence		{}
specula/runs/nvflare-job-lifecycle-20260914/nvflare-job-lifecycle/.specula-output/spec/output/traces-r4/admission_exception.out	spec/output/traces-r4/admission_exception.out	file	0664	1789395605052486132	5182	7ef291689420830e835bfb3d4a63828c36dc58559ca438cf0306cc8b9e6f10ba		copy	run-evidence		{}
specula/runs/nvflare-job-lifecycle-20260914/nvflare-job-lifecycle/.specula-output/spec/output/traces-r4/competition.command.json	spec/output/traces-r4/competition.command.json	file	0664	1789395601956522998	504	0377222f6a41eb5d722013acd5e4d748ea8f58224adb0af1d5e9d112530aac71		copy	run-evidence		{}
specula/runs/nvflare-job-lifecycle-20260914/nvflare-job-lifecycle/.specula-output/spec/output/traces-r4/competition.json	spec/output/traces-r4/competition.json	file	0664	1789395604379494146	92	5ecf0161bb734cf7a4b6f0cee6f14c6a4a472f6866b8f561df914e350b324e6b		copy	run-evidence		{}
specula/runs/nvflare-job-lifecycle-20260914/nvflare-job-lifecycle/.specula-output/spec/output/traces-r4/competition.out	spec/output/traces-r4/competition.out	file	0664	1789395604379494146	5170	70fadac5be6c17475f6a9f06515c202b8e6e92331d8ca2371ee91a59c67bef7e		copy	run-evidence		{}
specula/runs/nvflare-job-lifecycle-20260914/nvflare-job-lifecycle/.specula-output/spec/output/traces-r4/delayed_start.command.json	spec/output/traces-r4/delayed_start.command.json	file	0664	1789395601958522974	504	c710d283add67797985942c46a2e86ca9cf612ba0a1bde2c09afe2c9bc070056		copy	run-evidence		{}
specula/runs/nvflare-job-lifecycle-20260914/nvflare-job-lifecycle/.specula-output/spec/output/traces-r4/delayed_start.json	spec/output/traces-r4/delayed_start.json	file	0664	1789395604551492098	92	5ea11ce571ca2dab8fd4fffcff2df6f48ef65b37f476dea032676db183cbe7b9		copy	run-evidence		{}
specula/runs/nvflare-job-lifecycle-20260914/nvflare-job-lifecycle/.specula-output/spec/output/traces-r4/delayed_start.out	spec/output/traces-r4/delayed_start.out	file	0664	1789395604551492098	5192	07c1d046f2514eae46afc413ef2987b95f2e691af67f7f2e59d7a2e072274555		copy	run-evidence		{}
specula/runs/nvflare-job-lifecycle-20260914/nvflare-job-lifecycle/.specula-output/spec/output/traces-r4/inputs.json	spec/output/traces-r4/inputs.json	file	0664	1789395601953523033	778	dc348de3c6a7aec4b43f921a67b7c0c0e57ce4465a64b65a1678e69240967fa4		copy	run-evidence		{}
specula/runs/nvflare-job-lifecycle-20260914/nvflare-job-lifecycle/.specula-output/spec/output/traces-r4/summary.json	spec/output/traces-r4/summary.json	file	0664	1789395605052486132	245	5ccf5c8053bd76c8abaa93587f10f673e9bf8a5b0d00da65115c6a1be37e3cfd		copy	run-evidence		{}
specula/runs/nvflare-job-lifecycle-20260914/nvflare-job-lifecycle/.specula-output/spec/output/traces-r5/abort_completion.command.json	spec/output/traces-r5/abort_completion.command.json	file	0664	1789395816093029906	504	317f2b1ead8b973c0d652fcefa2dce779c6ee1ff431c77686485803847a8d652		copy	run-evidence		{}
specula/runs/nvflare-job-lifecycle-20260914/nvflare-job-lifecycle/.specula-output/spec/output/traces-r5/abort_completion.json	spec/output/traces-r5/abort_completion.json	file	0664	1789395819051994984	92	70f0e8f9cf25cba307aba3b553c532f6c112a5e3ec7ee4aba1428579673874bf		copy	run-evidence		{}
specula/runs/nvflare-job-lifecycle-20260914/nvflare-job-lifecycle/.specula-output/spec/output/traces-r5/abort_completion.out	spec/output/traces-r5/abort_completion.out	file	0664	1789395819051994984	5181	34a379779715d3658339b5738afedeebff3d9f93bbd81bf7bdd037b5c6d0259e		copy	run-evidence		{}
specula/runs/nvflare-job-lifecycle-20260914/nvflare-job-lifecycle/.specula-output/spec/output/traces-r5/admission_exception.command.json	spec/output/traces-r5/admission_exception.command.json	file	0664	1789395816094029894	504	47bc3659b92fbd35aa8c4bf9676eea8318be86c41c21018548863b7fec4a42fc		copy	run-evidence		{}
specula/runs/nvflare-job-lifecycle-20260914/nvflare-job-lifecycle/.specula-output/spec/output/traces-r5/admission_exception.json	spec/output/traces-r5/admission_exception.json	file	0664	1789395819175993520	92	42791cc0ab1623ebe2b4e22973c2dc5d77241ef3af994b4e14958a7639a40ad4		copy	run-evidence		{}
specula/runs/nvflare-job-lifecycle-20260914/nvflare-job-lifecycle/.specula-output/spec/output/traces-r5/admission_exception.out	spec/output/traces-r5/admission_exception.out	file	0664	1789395819175993520	5193	b1764050bd82f29d25a22cc1c4c304bbfab6a4de7de553fba33579651cbd7b9e		copy	run-evidence		{}
specula/runs/nvflare-job-lifecycle-20260914/nvflare-job-lifecycle/.specula-output/spec/output/traces-r5/competition.command.json	spec/output/traces-r5/competition.command.json	file	0664	1789395816095029882	504	008f55fdb7a0cabc2b603684f071ecc025d08075ff6af71cc35ffce26f02413a		copy	run-evidence		{}
specula/runs/nvflare-job-lifecycle-20260914/nvflare-job-lifecycle/.specula-output/spec/output/traces-r5/competition.json	spec/output/traces-r5/competition.json	file	0664	1789395818474001805	92	5ecf0161bb734cf7a4b6f0cee6f14c6a4a472f6866b8f561df914e350b324e6b		copy	run-evidence		{}
specula/runs/nvflare-job-lifecycle-20260914/nvflare-job-lifecycle/.specula-output/spec/output/traces-r5/competition.out	spec/output/traces-r5/competition.out	file	0664	1789395818474001805	5181	5eaeaed1a42c8d4377f1fdc179b9e15ca5b1c41a2468270774eecce975f0af71		copy	run-evidence		{}
specula/runs/nvflare-job-lifecycle-20260914/nvflare-job-lifecycle/.specula-output/spec/output/traces-r5/delayed_start.command.json	spec/output/traces-r5/delayed_start.command.json	file	0664	1789395816097029859	504	c187a513047dc89506f1cb407b2244771adb92738618d0b3aaba8e0b346caf51		copy	run-evidence		{}
specula/runs/nvflare-job-lifecycle-20260914/nvflare-job-lifecycle/.specula-output/spec/output/traces-r5/delayed_start.json	spec/output/traces-r5/delayed_start.json	file	0664	1789395818683999327	92	5ea11ce571ca2dab8fd4fffcff2df6f48ef65b37f476dea032676db183cbe7b9		copy	run-evidence		{}
specula/runs/nvflare-job-lifecycle-20260914/nvflare-job-lifecycle/.specula-output/spec/output/traces-r5/delayed_start.out	spec/output/traces-r5/delayed_start.out	file	0664	1789395818683999327	5192	c2eafdcd5a1ee22019228f97f4ed1897d2a0a67626efb034a0a940fefe1cef9f		copy	run-evidence		{}
specula/runs/nvflare-job-lifecycle-20260914/nvflare-job-lifecycle/.specula-output/spec/output/traces-r5/inputs.json	spec/output/traces-r5/inputs.json	file	0664	1789395816092029918	778	68b22154a51ca5a0471aa2fa70e02426999cb70f900906f2eb83b372c92b3f22		copy	run-evidence		{}
specula/runs/nvflare-job-lifecycle-20260914/nvflare-job-lifecycle/.specula-output/spec/output/traces-r5/summary.json	spec/output/traces-r5/summary.json	file	0664	1789395819175993520	55	d614d54e05139fdce9f2ef62b3eed8e02830292e441348ef0b0f303eae66679e		copy	run-evidence		{}
specula/runs/nvflare-job-lifecycle-20260914/nvflare-job-lifecycle/.specula-output/spec/pr5191-discussion.json	spec/pr5191-discussion.json	file	0664	1789387412277569838	18531	b62070651a37dae5d6af8e482a3e9badb1c43070894d7986d64753d58f63b771		copy	run-evidence		{}
specula/runs/nvflare-job-lifecycle-20260914/nvflare-job-lifecycle/.specula-output/spec/pr5191-pr.json	spec/pr5191-pr.json	file	0664	1789387412014572963	25338	125c5a84185ae4982964ee9c0c2ff2d2cf84638c02ac1736f9666c321c404c58		copy	run-evidence		{}
specula/runs/nvflare-job-lifecycle-20260914/nvflare-job-lifecycle/.specula-output/spec/pr5191-review-comments.json	spec/pr5191-review-comments.json	file	0664	1789387412991561356	70732	a978c9b65df26307af3fe18203d161229db2a2ec775036b6dea541415cc627f4		copy	run-evidence		{}
specula/runs/nvflare-job-lifecycle-20260914/nvflare-job-lifecycle/.specula-output/spec/pr5191-reviews.json	spec/pr5191-reviews.json	file	0664	1789387412701564800	15499	39074181dbc78e47d0a974acf13176a10f893fffe556ebcdd2a9ebe705b78cb2		copy	run-evidence		{}
specula/runs/nvflare-job-lifecycle-20260914/nvflare-job-lifecycle/.specula-output/spec/review-specgen.md	spec/review-specgen.md	file	0664	1789390256191622878	10909	eda1708ddff4028dcf529f78f6bb57abfd5a660956077599198ae01bbc72434c		copy	run-evidence		{}
specula/runs/nvflare-job-lifecycle-20260914/nvflare-job-lifecycle/.specula-output/spec/review-validation.md	spec/review-validation.md	file	0664	1789402950677913578	4949	f8c3f2700d73c1515858fd7028fb657a27d495b10cf720ffef399efd86b06122		copy	run-evidence		{}
specula/runs/nvflare-job-lifecycle-20260914/nvflare-job-lifecycle/.specula-output/spec/sany-MC.log	spec/sany-MC.log	file	0664	1789395818033007010	1890	38ce4d75c3df1e4610178e87b11ee88ca8069bbad62a7496d0804c7d4a91d499		copy	run-evidence		{}
specula/runs/nvflare-job-lifecycle-20260914/nvflare-job-lifecycle/.specula-output/spec/sany-Trace.log	spec/sany-Trace.log	file	0664	1789395818508001404	3319	3901c812f17326c857858980c8cf9c05957b16598bc2540451206657b7e95fcd		copy	run-evidence		{}
specula/runs/nvflare-job-lifecycle-20260914/nvflare-job-lifecycle/.specula-output/spec/sany-base.log	spec/sany-base.log	file	0664	1789395817665011353	1680	eeea8ec141d11b8c3080c8bd7e5c214aad433106f6b89ed91341dac99a59226e		copy	run-evidence		{}
specula/runs/nvflare-job-lifecycle-20260914/nvflare-job-lifecycle/.specula-output/spec/trace-actions.json	spec/trace-actions.json	file	0664	1789395815736034119	80243	0d322113f654ee115ec4094d13764d89ef6fcbe312191dd8229fdf71a624b3b0		copy	run-evidence		{}
specula/runs/nvflare-job-lifecycle-20260914/nvflare-job-lifecycle/.specula-output/spec/trace-manifest.example.json	spec/trace-manifest.example.json	file	0664	1789395815761033824	652	ef1af367e7251797bdf799a2e8ab45f58f5bd5497de31b23cbb99ba077bad8cb		copy	run-evidence		{}
specula/runs/nvflare-job-lifecycle-20260914/nvflare-job-lifecycle/.specula-output/spec/validation/before-r2/MC.cfg	spec/validation/before-r2/MC.cfg	file	0664	1789394250521662939	2532	dee2e610086c809b2d71ccede32dba8919f50c67df14591890e5c560c60dbd0e		copy	run-evidence		{}
specula/runs/nvflare-job-lifecycle-20260914/nvflare-job-lifecycle/.specula-output/spec/validation/before-r2/MC.tla	spec/validation/before-r2/MC.tla	file	0664	1789394250521662939	24507	bd2d2c584f63fd5e6271e725e77efb9e6bcecb0071f8bf58e5ff86fffc0ced83		copy	run-evidence		{}
specula/runs/nvflare-job-lifecycle-20260914/nvflare-job-lifecycle/.specula-output/spec/validation/before-r2/Trace.cfg	spec/validation/before-r2/Trace.cfg	file	0664	1789394250548662618	697	0420354722cc4cf8d2dbc4f34c4fde587f32b6481dc7ac1b4e535c0457e867a9		copy	run-evidence		{}
specula/runs/nvflare-job-lifecycle-20260914/nvflare-job-lifecycle/.specula-output/spec/validation/before-r2/Trace.tla	spec/validation/before-r2/Trace.tla	file	0664	1789394250548662618	69079	15b23f4bbea809e8a46e75575e6bf409f0ad0a9ff52dcd56b0a158a4b2f7ea42		copy	run-evidence		{}
specula/runs/nvflare-job-lifecycle-20260914/nvflare-job-lifecycle/.specula-output/spec/validation/before-r2/base.tla	spec/validation/before-r2/base.tla	file	0664	1789394250488663332	114209	943c4110cff21b6aee34679134039a777801fc85ce7dd89b6b43df2e8136ed70		copy	run-evidence		{}
specula/runs/nvflare-job-lifecycle-20260914/nvflare-job-lifecycle/.specula-output/spec/validation/before-r2/generate.py	spec/validation/before-r2/generate.py	file	0664	1789394250457663701	56398	505477df592a58abe59d3dce89eceedb737495626d41b038cbccd2db328b41d2		copy	run-evidence		{}
specula/runs/nvflare-job-lifecycle-20260914/nvflare-job-lifecycle/.specula-output/spec/validation/before-r2/traces/abort_completion.ndjson	spec/validation/before-r2/traces/abort_completion.ndjson	file	0664	1789394644169962892	2138244	04bceeb5a5b888140779909de3003d06e07b8b360e7ef1f191ac2cc1ef7d119b		copy	run-evidence		{}
specula/runs/nvflare-job-lifecycle-20260914/nvflare-job-lifecycle/.specula-output/spec/validation/before-r2/traces/abort_completion.provenance.json	spec/validation/before-r2/traces/abort_completion.provenance.json	file	0664	1789394644170962880	50281	92e425450e9930747a26eb8a5b306af453cafd52c49a2b7d20cbe54b5ef1261a		copy	run-evidence		{}
specula/runs/nvflare-job-lifecycle-20260914/nvflare-job-lifecycle/.specula-output/spec/validation/before-r2/traces/admission_exception.ndjson	spec/validation/before-r2/traces/admission_exception.ndjson	file	0664	1789394644225962223	1702604	56f9d916bd0534b06958366852836527778d0be93944e0cebc547e1ba26b4052		copy	run-evidence		{}
specula/runs/nvflare-job-lifecycle-20260914/nvflare-job-lifecycle/.specula-output/spec/validation/before-r2/traces/admission_exception.provenance.json	spec/validation/before-r2/traces/admission_exception.provenance.json	file	0664	1789394644226962211	108936	dd44704254bf562ee26593d145c1775a71763e290cc2fd94899b821d6e525065		copy	run-evidence		{}
specula/runs/nvflare-job-lifecycle-20260914/nvflare-job-lifecycle/.specula-output/spec/validation/before-r2/traces/competition.ndjson	spec/validation/before-r2/traces/competition.ndjson	file	0664	1789394644263961769	1422061	e8bf331288500ea98026e10c73df7219cd2389351ebb4c755f2b05c1bbcc528f		copy	run-evidence		{}
specula/runs/nvflare-job-lifecycle-20260914/nvflare-job-lifecycle/.specula-output/spec/validation/before-r2/traces/competition.provenance.json	spec/validation/before-r2/traces/competition.provenance.json	file	0664	1789394644264961757	59428	86526da3b18884730fc1fac2214cc06908a67563afe13d78c155c6f637b507d7		copy	run-evidence		{}
specula/runs/nvflare-job-lifecycle-20260914/nvflare-job-lifecycle/.specula-output/spec/validation/before-r2/traces/delayed_start.ndjson	spec/validation/before-r2/traces/delayed_start.ndjson	file	0664	1789394644298961351	1132004	b0c84b591c8f99e3185881a5bdbc6939becf131a7e65ce3401644624f365de55		copy	run-evidence		{}
specula/runs/nvflare-job-lifecycle-20260914/nvflare-job-lifecycle/.specula-output/spec/validation/before-r2/traces/delayed_start.provenance.json	spec/validation/before-r2/traces/delayed_start.provenance.json	file	0664	1789394644298961351	48718	15ca940aff1c1d06ba5b631669cc86d43abe5f7ae330054993886bbc00cd66d2		copy	run-evidence		{}
specula/runs/nvflare-job-lifecycle-20260914/nvflare-job-lifecycle/.specula-output/spec/validation/candidates.json	spec/validation/candidates.json	file	0664	1789401710772606331	4721	d2ce173a273af92f1caed7a5be07c66370fc56e756129bfa0f207bffbb0d58e2		copy	run-evidence		{}
specula/runs/nvflare-job-lifecycle-20260914/nvflare-job-lifecycle/.specula-output/spec/validation/collect_runs.py	spec/validation/collect_runs.py	file	0664	1789401964342046692	3646	c70d9699109e9d0325e0671342c95baf7d1ad75736668c35b6f2656675ea330d		copy	run-evidence		{}
specula/runs/nvflare-job-lifecycle-20260914/nvflare-job-lifecycle/.specula-output/spec/validation/debug-abort_completion-coarse.json	spec/validation/debug-abort_completion-coarse.json	file	0664	1789393815951839060	281	e32b64006f848aa9fb5a146aa85cded29000884c167967e3b946ad4dc1e89baf		copy	run-evidence		{}
specula/runs/nvflare-job-lifecycle-20260914/nvflare-job-lifecycle/.specula-output/spec/validation/debug-abort_completion-fine.json	spec/validation/debug-abort_completion-fine.json	file	0664	1789393900119841703	568	cb4da11575b89c93f87bd496a0a0d52afdf32c7d75b151e4aaf5f81a095652b2		copy	run-evidence		{}
specula/runs/nvflare-job-lifecycle-20260914/nvflare-job-lifecycle/.specula-output/spec/validation/debug-abort_completion-inspect.json	spec/validation/debug-abort_completion-inspect.json	file	0664	1789393987287799084	735	930f19506ff28ed84aede61135e5536a743af5c421c382d3d0d0a5cb88b0432b		copy	run-evidence		{}
specula/runs/nvflare-job-lifecycle-20260914/nvflare-job-lifecycle/.specula-output/spec/validation/debug-admission_exception-coarse.json	spec/validation/debug-admission_exception-coarse.json	file	0664	1789393900119841703	269	b958ff77e1fefa8cde6a480b80b630213c11c485b33b84acc4771dc52008798c		copy	run-evidence		{}
specula/runs/nvflare-job-lifecycle-20260914/nvflare-job-lifecycle/.specula-output/spec/validation/debug-admission_exception-fine.json	spec/validation/debug-admission_exception-fine.json	file	0664	1789393987287799084	769	9d3b7eea4f12a7194881a6ff30da271d080f20834b24f4f41bd51ce375fd803a		copy	run-evidence		{}
specula/runs/nvflare-job-lifecycle-20260914/nvflare-job-lifecycle/.specula-output/spec/validation/debug-r2-inputs/Trace.cfg	spec/validation/debug-r2-inputs/Trace.cfg	file	0664	1789394250548662618	697	0420354722cc4cf8d2dbc4f34c4fde587f32b6481dc7ac1b4e535c0457e867a9		copy	run-evidence		{}
specula/runs/nvflare-job-lifecycle-20260914/nvflare-job-lifecycle/.specula-output/spec/validation/debug-r2-inputs/Trace.tla	spec/validation/debug-r2-inputs/Trace.tla	file	0664	1789394250548662618	69079	15b23f4bbea809e8a46e75575e6bf409f0ad0a9ff52dcd56b0a158a4b2f7ea42		copy	run-evidence		{}
specula/runs/nvflare-job-lifecycle-20260914/nvflare-job-lifecycle/.specula-output/spec/validation/debug-r2-inputs/admission_exception.ndjson	spec/validation/debug-r2-inputs/admission_exception.ndjson	file	0664	1789394644225962223	1702604	56f9d916bd0534b06958366852836527778d0be93944e0cebc547e1ba26b4052		copy	run-evidence		{}
specula/runs/nvflare-job-lifecycle-20260914/nvflare-job-lifecycle/.specula-output/spec/validation/debug-r2-inputs/base.tla	spec/validation/debug-r2-inputs/base.tla	file	0664	1789394250488663332	114209	943c4110cff21b6aee34679134039a777801fc85ce7dd89b6b43df2e8136ed70		copy	run-evidence		{}
specula/runs/nvflare-job-lifecycle-20260914/nvflare-job-lifecycle/.specula-output/spec/validation/debug-r4-checkpoint/README.md	spec/validation/debug-r4-checkpoint/README.md	file	0664	1789395724078104245	253	9771d549a94a286f9c3bc200ffbfdc191f101ca305d60fe366248d4ae9eef24b		copy	run-evidence		{}
specula/runs/nvflare-job-lifecycle-20260914/nvflare-job-lifecycle/.specula-output/spec/validation/debug-r4-checkpoint/Trace.cfg	spec/validation/debug-r4-checkpoint/Trace.cfg	file	0664	1789395505370674897	697	0420354722cc4cf8d2dbc4f34c4fde587f32b6481dc7ac1b4e535c0457e867a9		copy	run-evidence		{}
specula/runs/nvflare-job-lifecycle-20260914/nvflare-job-lifecycle/.specula-output/spec/validation/debug-r4-checkpoint/Trace.tla	spec/validation/debug-r4-checkpoint/Trace.tla	file	0664	1789395724075104280	136240	fc08ebddc2d5e458ff0966c789337c88337a7835349b07793c8b3491acbce4f4		copy	run-evidence		{}
specula/runs/nvflare-job-lifecycle-20260914/nvflare-job-lifecycle/.specula-output/spec/validation/debug-r4-checkpoint/abort_completion.ndjson	spec/validation/debug-r4-checkpoint/abort_completion.ndjson	file	0664	1789395601498528451	2115029	320936dd0eadb46898137b7c92ab31db1ae90e4df41ff2f1f64c400dc90bf612		copy	run-evidence		{}
specula/runs/nvflare-job-lifecycle-20260914/nvflare-job-lifecycle/.specula-output/spec/validation/debug-r4-checkpoint/base.tla	spec/validation/debug-r4-checkpoint/base.tla	file	0664	1789395505308675638	122397	11d6dbde82bd499757ccabf4b68b5a5d0e2f35f8ce73fc230661652317a8f312		copy	run-evidence		{}
specula/runs/nvflare-job-lifecycle-20260914/nvflare-job-lifecycle/.specula-output/spec/validation/debug_trace.py	spec/validation/debug_trace.py	file	0664	1789395357150445061	2216	8b7f115bc11dadc9752317cc8b62e7ba20011a4ac461bfea0db03d2c8bcf9684		copy	run-evidence		{}
specula/runs/nvflare-job-lifecycle-20260914/nvflare-job-lifecycle/.specula-output/spec/validation/eager-execution.md	spec/validation/eager-execution.md	file	0664	1789401094282429988	1755	c9182ff1289153f6f13f98894801dfceed3b845d4d6036b54f2edb1255b66f54		copy	run-evidence		{}
specula/runs/nvflare-job-lifecycle-20260914/nvflare-job-lifecycle/.specula-output/spec/validation/eager_copy.py	spec/validation/eager_copy.py	file	0664	1789400460501136803	2257	a23b7d12eb591500221910a62d7ebac73f3e8f6af3c473d48a9a840f80dacfe4		copy	run-evidence		{}
specula/runs/nvflare-job-lifecycle-20260914/nvflare-job-lifecycle/.specula-output/spec/validation/finalize_report.py	spec/validation/finalize_report.py	file	0664	1789402660443802909	11800	f7b51c558add64cf2e46d38018cb1769a8380b0701abd00fe2784f8705b65afb		copy	run-evidence		{}
specula/runs/nvflare-job-lifecycle-20260914/nvflare-job-lifecycle/.specula-output/spec/validation/initial/MC.cfg	spec/validation/initial/MC.cfg	file	0664	1789389529514241881	2532	dee2e610086c809b2d71ccede32dba8919f50c67df14591890e5c560c60dbd0e		copy	run-evidence		{}
specula/runs/nvflare-job-lifecycle-20260914/nvflare-job-lifecycle/.specula-output/spec/validation/initial/MC.tla	spec/validation/initial/MC.tla	file	0664	1789389529513241893	24078	0cb88750f2fa13c32955fbb5c766e5a0cf2a3f14a959dfbbfca61f5b5be8223b		copy	run-evidence		{}
specula/runs/nvflare-job-lifecycle-20260914/nvflare-job-lifecycle/.specula-output/spec/validation/initial/MC_hunt_s1_environment.cfg	spec/validation/initial/MC_hunt_s1_environment.cfg	file	0664	1789389529514241881	2331	2b95f6ce1cbc74ca78353d494f0e80cfcee0c57be4dd356c27b89f4f43b0caf0		copy	run-evidence		{}
specula/runs/nvflare-job-lifecycle-20260914/nvflare-job-lifecycle/.specula-output/spec/validation/initial/MC_hunt_s1_optional_symmetry.cfg	spec/validation/initial/MC_hunt_s1_optional_symmetry.cfg	file	0664	1789389529514241881	2341	17b160ebd6af26e5f3e9674e6ee64696680573af75d49faf5af44845d5a01829		copy	run-evidence		{}
specula/runs/nvflare-job-lifecycle-20260914/nvflare-job-lifecycle/.specula-output/spec/validation/initial/MC_hunt_s2_cleanup_handoff.cfg	spec/validation/initial/MC_hunt_s2_cleanup_handoff.cfg	file	0664	1789389529514241881	2319	f8d0242cd4452052e38a9beabe241609111f34b5e3ba21956a14bde022775bdb		copy	run-evidence		{}
specula/runs/nvflare-job-lifecycle-20260914/nvflare-job-lifecycle/.specula-output/spec/validation/initial/MC_hunt_s2_partial_start_strict.cfg	spec/validation/initial/MC_hunt_s2_partial_start_strict.cfg	file	0664	1789389529514241881	2314	97193678a65fb652054d2b8f896f9581efca8890bcf18da1967321782f446423		copy	run-evidence		{}
specula/runs/nvflare-job-lifecycle-20260914/nvflare-job-lifecycle/.specula-output/spec/validation/initial/MC_hunt_s3_abort_status.cfg	spec/validation/initial/MC_hunt_s3_abort_status.cfg	file	0664	1789389529514241881	2302	996fd4685066b0a2912a0d38194ab757cbad2a414e7d12a18759aa5acae0fb8f		copy	run-evidence		{}
specula/runs/nvflare-job-lifecycle-20260914/nvflare-job-lifecycle/.specula-output/spec/validation/initial/MC_hunt_s3_terminal_status.cfg	spec/validation/initial/MC_hunt_s3_terminal_status.cfg	file	0664	1789389529514241881	2300	bc2b2d0f16528789919ba535e2b954e13d4198ba4efa136fa357f80b35adc473		copy	run-evidence		{}
specula/runs/nvflare-job-lifecycle-20260914/nvflare-job-lifecycle/.specula-output/spec/validation/initial/MC_hunt_s4_exit_cleanup.cfg	spec/validation/initial/MC_hunt_s4_exit_cleanup.cfg	file	0664	1789389529514241881	2325	9d8552272c0de32d7b060e3d3b78e35f156bd8c4517c8ca0feb02d40788f2097		copy	run-evidence		{}
specula/runs/nvflare-job-lifecycle-20260914/nvflare-job-lifecycle/.specula-output/spec/validation/initial/MC_hunt_s5_scheduling_progress.cfg	spec/validation/initial/MC_hunt_s5_scheduling_progress.cfg	file	0664	1789389529514241881	2393	3ae6f3be801946660a4bf396126a5219e1b7acd06f53c95ee048f2bdf87d769f		copy	run-evidence		{}
specula/runs/nvflare-job-lifecycle-20260914/nvflare-job-lifecycle/.specula-output/spec/validation/initial/Trace.cfg	spec/validation/initial/Trace.cfg	file	0664	1789389630130046261	697	0420354722cc4cf8d2dbc4f34c4fde587f32b6481dc7ac1b4e535c0457e867a9		copy	run-evidence		{}
specula/runs/nvflare-job-lifecycle-20260914/nvflare-job-lifecycle/.specula-output/spec/validation/initial/Trace.tla	spec/validation/initial/Trace.tla	file	0664	1789393184119415249	67511	112f04aef48d144ecaed5686fc0bd8982f05392e6a4be1daafe7e1cf007a6cec		copy	run-evidence		{}
specula/runs/nvflare-job-lifecycle-20260914/nvflare-job-lifecycle/.specula-output/spec/validation/initial/actions.json	spec/validation/initial/actions.json	file	0664	1789389529481242274	65633	e93cfb773c3be9e8216150b628c3e578e1fa132fda5921325d59b8592d28642c		copy	run-evidence		{}
specula/runs/nvflare-job-lifecycle-20260914/nvflare-job-lifecycle/.specula-output/spec/validation/initial/artifact-hashes.json	spec/validation/initial/artifact-hashes.json	file	0664	1789389740666736920	1628	75c6ff9ee33b2c33a35692892ed001f624eae15a06206aff33e7fc25ef6512c5		copy	run-evidence		{}
specula/runs/nvflare-job-lifecycle-20260914/nvflare-job-lifecycle/.specula-output/spec/validation/initial/base.cfg	spec/validation/initial/base.cfg	file	0664	1789389529482242262	510	0e3bc8d5e54a30840c502c2b806fe1d9515edeabe5b36390dbafae88745465ba		copy	run-evidence		{}
specula/runs/nvflare-job-lifecycle-20260914/nvflare-job-lifecycle/.specula-output/spec/validation/initial/base.tla	spec/validation/initial/base.tla	file	0664	1789389529481242274	111569	184ac0fbd80f312f48331a757da45dbff0ee520a37846fca3297e5262450e22c		copy	run-evidence		{}
specula/runs/nvflare-job-lifecycle-20260914/nvflare-job-lifecycle/.specula-output/spec/validation/initial/brief-coverage.md	spec/validation/initial/brief-coverage.md	file	0664	1789389740661736979	11177	49ed788e6c3d29528e483d2f0d3657e479d329809df8976e57b6d0c849f17eb6		copy	run-evidence		{}
specula/runs/nvflare-job-lifecycle-20260914/nvflare-job-lifecycle/.specula-output/spec/validation/initial/check-generated.py	spec/validation/initial/check-generated.py	file	0664	1789389803179999434	3585	97f953c9668f5959f402964b64a1e01a966c26990827d0d55bfea05c2fc134c0		copy	run-evidence		{}
specula/runs/nvflare-job-lifecycle-20260914/nvflare-job-lifecycle/.specula-output/spec/validation/initial/coverage-enabled.json	spec/validation/initial/coverage-enabled.json	file	0664	1789389740661736979	3801	8a56e5fcd97e9c15acc639cbc6b9158884368393afad5017426fd6e40f70f9ed		copy	run-evidence		{}
specula/runs/nvflare-job-lifecycle-20260914/nvflare-job-lifecycle/.specula-output/spec/validation/initial/design-notes.md	spec/validation/initial/design-notes.md	file	0664	1789389529451242631	2069	cb6711ccf6181d64863a522867e7a1f75e754828a746a0181cf785a45ed0dcde		copy	run-evidence		{}
specula/runs/nvflare-job-lifecycle-20260914/nvflare-job-lifecycle/.specula-output/spec/validation/initial/generate-coverage.py	spec/validation/initial/generate-coverage.py	file	0664	1789388939192280343	11199	601a4829b1388fd29268a786e8221a6eed54d745b48f8c4baa59fa452eef0f8a		copy	run-evidence		{}
specula/runs/nvflare-job-lifecycle-20260914/nvflare-job-lifecycle/.specula-output/spec/validation/initial/generate-instrumentation.py	spec/validation/initial/generate-instrumentation.py	file	0664	1789391142748827087	29767	2edfec1693e5e476a847b4ba7cf04ff545ef720029b2a798a7b75ba2765eeba1		copy	run-evidence		{}
specula/runs/nvflare-job-lifecycle-20260914/nvflare-job-lifecycle/.specula-output/spec/validation/initial/generate-mc.py	spec/validation/initial/generate-mc.py	file	0664	1789388773256280980	5523	2410daaad00525bae03434f1047308648b758ddb55913e3b6fe8d7f1e02b4104		copy	run-evidence		{}
specula/runs/nvflare-job-lifecycle-20260914/nvflare-job-lifecycle/.specula-output/spec/validation/initial/generate-trace.py	spec/validation/initial/generate-trace.py	file	0664	1789393184119415249	8152	7df1fd040187df83efc5098c192e3b7c0bf993d48d73e83e3b6b129fc8eed84b		copy	run-evidence		{}
specula/runs/nvflare-job-lifecycle-20260914/nvflare-job-lifecycle/.specula-output/spec/validation/initial/generate.py	spec/validation/initial/generate.py	file	0664	1789389529451242631	53604	85a5c289a3862e2471e20f83c7350d4cfeaee8f5817d3c91db1b7a9814287fd2		copy	run-evidence		{}
specula/runs/nvflare-job-lifecycle-20260914/nvflare-job-lifecycle/.specula-output/spec/validation/initial/generation-validation.md	spec/validation/initial/generation-validation.md	file	0664	1789389803184999374	3441	60aa22c5e5faac30659a6816eb2cf494643b5da00f84037bcce2e87ec766b605		copy	run-evidence		{}
specula/runs/nvflare-job-lifecycle-20260914/nvflare-job-lifecycle/.specula-output/spec/validation/initial/harness-src/apply_instrumentation.py	spec/validation/initial/harness-src/apply_instrumentation.py	file	0664	1789392747281629415	17744	25fb53b8d133a89ba8d37cbfba5deafd15b4bd287669d7aa1bcd615e3e0309d2		copy	run-evidence		{}
specula/runs/nvflare-job-lifecycle-20260914/nvflare-job-lifecycle/.specula-output/spec/validation/initial/harness-src/audit.py	spec/validation/initial/harness-src/audit.py	file	0664	1789393306776952580	6465	48a7741c53f8ca9a26164f84ad7eab27cc364b56c23ea3a536218ae1fad25e29		copy	run-evidence		{}
specula/runs/nvflare-job-lifecycle-20260914/nvflare-job-lifecycle/.specula-output/spec/validation/initial/harness-src/event-schema.json	spec/validation/initial/harness-src/event-schema.json	file	0664	1789391142747827099	16007	bd0140d8e1192823f750de9709a5579aa6fc51b3a8af7cb5f13d6d56a38dcdf4		copy	run-evidence		{}
specula/runs/nvflare-job-lifecycle-20260914/nvflare-job-lifecycle/.specula-output/spec/validation/initial/harness-src/lifecycle_test.py	spec/validation/initial/harness-src/lifecycle_test.py	file	0664	1789392810168877662	10043	d1707b463af3ed1fcf9ae5b43f9dd339358277f150cb03b2b77154c38fb0848f		copy	run-evidence		{}
specula/runs/nvflare-job-lifecycle-20260914/nvflare-job-lifecycle/.specula-output/spec/validation/initial/harness-src/normalize.py	spec/validation/initial/harness-src/normalize.py	file	0664	1789393306776952580	28616	fc077f9c640650ae60a60fdb0560d28ec26f5758c079dcc511c15f1fdb96ea25		copy	run-evidence		{}
specula/runs/nvflare-job-lifecycle-20260914/nvflare-job-lifecycle/.specula-output/spec/validation/initial/harness-src/probe.py	spec/validation/initial/harness-src/probe.py	file	0664	1789392747281629415	13696	6a419a65bb4677497b5dbe7a3cbac8208262fef31569992c5c92418f34fc9b71		copy	run-evidence		{}
specula/runs/nvflare-job-lifecycle-20260914/nvflare-job-lifecycle/.specula-output/spec/validation/initial/harness-src/project.yml	spec/validation/initial/harness-src/project.yml	file	0664	1789392059484792860	860	91b56dde685b002ee9634cc0e6e103a46efd8c396751e0d887b6e8f7e1e43c63		copy	run-evidence		{}
specula/runs/nvflare-job-lifecycle-20260914/nvflare-job-lifecycle/.specula-output/spec/validation/initial/harness-src/validate.py	spec/validation/initial/harness-src/validate.py	file	0664	1789391482105759580	2437	32d914bf28ac4810828f0682fc4b08c424e56ffe77e50a41dd35ad79bee17c19		copy	run-evidence		{}
specula/runs/nvflare-job-lifecycle-20260914/nvflare-job-lifecycle/.specula-output/spec/validation/initial/harness-src/workload.py	spec/validation/initial/harness-src/workload.py	file	0664	1789392059446793315	1220	8368bce77b68f4c969a33ac0cbe0c590cc3d0bf4ad543e6402c26a971b3e06b9		copy	run-evidence		{}
specula/runs/nvflare-job-lifecycle-20260914/nvflare-job-lifecycle/.specula-output/spec/validation/initial/instrumentation-hooks.json	spec/validation/initial/instrumentation-hooks.json	file	0664	1789389630157045942	86995	780c845ebd1c52337f3138639be94e9f8395720dfb4d4fbc9cb0880a41e711e7		copy	run-evidence		{}
specula/runs/nvflare-job-lifecycle-20260914/nvflare-job-lifecycle/.specula-output/spec/validation/initial/instrumentation-spec.md	spec/validation/initial/instrumentation-spec.md	file	0664	1789391142748827087	46028	bdd4afc4f0036acd3596db5c2e08d8831464930d60fcb51ca236aa91b30a856a		copy	run-evidence		{}
specula/runs/nvflare-job-lifecycle-20260914/nvflare-job-lifecycle/.specula-output/spec/validation/initial/pr5191-discussion.json	spec/validation/initial/pr5191-discussion.json	file	0664	1789387412277569838	18531	b62070651a37dae5d6af8e482a3e9badb1c43070894d7986d64753d58f63b771		copy	run-evidence		{}
specula/runs/nvflare-job-lifecycle-20260914/nvflare-job-lifecycle/.specula-output/spec/validation/initial/pr5191-pr.json	spec/validation/initial/pr5191-pr.json	file	0664	1789387412014572963	25338	125c5a84185ae4982964ee9c0c2ff2d2cf84638c02ac1736f9666c321c404c58		copy	run-evidence		{}
specula/runs/nvflare-job-lifecycle-20260914/nvflare-job-lifecycle/.specula-output/spec/validation/initial/pr5191-review-comments.json	spec/validation/initial/pr5191-review-comments.json	file	0664	1789387412991561356	70732	a978c9b65df26307af3fe18203d161229db2a2ec775036b6dea541415cc627f4		copy	run-evidence		{}
specula/runs/nvflare-job-lifecycle-20260914/nvflare-job-lifecycle/.specula-output/spec/validation/initial/pr5191-reviews.json	spec/validation/initial/pr5191-reviews.json	file	0664	1789387412701564800	15499	39074181dbc78e47d0a974acf13176a10f893fffe556ebcdd2a9ebe705b78cb2		copy	run-evidence		{}
specula/runs/nvflare-job-lifecycle-20260914/nvflare-job-lifecycle/.specula-output/spec/validation/initial/review-specgen.md	spec/validation/initial/review-specgen.md	file	0664	1789390256191622878	10909	eda1708ddff4028dcf529f78f6bb57abfd5a660956077599198ae01bbc72434c		copy	run-evidence		{}
specula/runs/nvflare-job-lifecycle-20260914/nvflare-job-lifecycle/.specula-output/spec/validation/initial/trace-actions.json	spec/validation/initial/trace-actions.json	file	0664	1789389630131046249	72291	ef6353aa82aa5efe5aa815d77f23456f0b74a229056b9c07c651202bba654caa		copy	run-evidence		{}
specula/runs/nvflare-job-lifecycle-20260914/nvflare-job-lifecycle/.specula-output/spec/validation/initial/trace-manifest.example.json	spec/validation/initial/trace-manifest.example.json	file	0664	1789393184119415249	630	a0dd21fcd53b68b5fa55cf3eb1b55d973f611be7ae39f27d277442b5a2a88a6d		copy	run-evidence		{}
specula/runs/nvflare-job-lifecycle-20260914/nvflare-job-lifecycle/.specula-output/spec/validation/initial/traces/abort_completion.ndjson	spec/validation/initial/traces/abort_completion.ndjson	file	0664	1789393306893951182	2102481	18d2790415ac9789a3f72b803963e81a5bbbdb3a82e58e623484e8e9c553dded		copy	run-evidence		{}
specula/runs/nvflare-job-lifecycle-20260914/nvflare-job-lifecycle/.specula-output/spec/validation/initial/traces/abort_completion.provenance.json	spec/validation/initial/traces/abort_completion.provenance.json	file	0664	1789393306893951182	47874	1fbe8d7a73ebd852a60146692774ce498a12bf0e3ff75f99a91a20c783a5e495		copy	run-evidence		{}
specula/runs/nvflare-job-lifecycle-20260914/nvflare-job-lifecycle/.specula-output/spec/validation/initial/traces/admission_exception.ndjson	spec/validation/initial/traces/admission_exception.ndjson	file	0664	1789393306948950526	1674708	7a1de9d55ace7d02e2aa529f3c4e54ed498eb01a6c7ae4ad4a4e8635b34e26a1		copy	run-evidence		{}
specula/runs/nvflare-job-lifecycle-20260914/nvflare-job-lifecycle/.specula-output/spec/validation/initial/traces/admission_exception.provenance.json	spec/validation/initial/traces/admission_exception.provenance.json	file	0664	1789393306948950526	108506	8918e8f29c0e1dd49365e8f7cb8b27ac4e0ecae715cff1cb6f8f0b8d964e83cf		copy	run-evidence		{}
specula/runs/nvflare-job-lifecycle-20260914/nvflare-job-lifecycle/.specula-output/spec/validation/initial/traces/competition.ndjson	spec/validation/initial/traces/competition.ndjson	file	0664	1789393306985950084	1421933	2aadc474b469c53bb1cc7a2bfce10dcbb35238c24e67df538ac9c950cd8bb574		copy	run-evidence		{}
specula/runs/nvflare-job-lifecycle-20260914/nvflare-job-lifecycle/.specula-output/spec/validation/initial/traces/competition.provenance.json	spec/validation/initial/traces/competition.provenance.json	file	0664	1789393306986950072	59427	ef8626a0df3a8426f00ef67451a33b63fd3d73c93b40805f3a93da92cbf63ef6		copy	run-evidence		{}
specula/runs/nvflare-job-lifecycle-20260914/nvflare-job-lifecycle/.specula-output/spec/validation/initial/traces/delayed_start.ndjson	spec/validation/initial/traces/delayed_start.ndjson	file	0664	1789393307020949666	1130700	a8bd3b4cc38e8639692db271953c3db0ee62c4beeca250424f58b4d855dd5266		copy	run-evidence		{}
specula/runs/nvflare-job-lifecycle-20260914/nvflare-job-lifecycle/.specula-output/spec/validation/initial/traces/delayed_start.provenance.json	spec/validation/initial/traces/delayed_start.provenance.json	file	0664	1789393307020949666	48329	1f564e2d7f2e4d00eb65dbc5ae7829383ca854b9aaeddd2ede572e4e808f74a3		copy	run-evidence		{}
specula/runs/nvflare-job-lifecycle-20260914/nvflare-job-lifecycle/.specula-output/spec/validation/pr5191-current.json	spec/validation/pr5191-current.json	file	0664	1789393712527090085	21865	8e45cd1f0a0960f6e30af73eac3a41e101e9a151aae2c8ed0a3d45ed499814b5		copy	run-evidence		{}
specula/runs/nvflare-job-lifecycle-20260914/nvflare-job-lifecycle/.specula-output/spec/validation/pr5191-discussion.json	spec/validation/pr5191-discussion.json	file	0664	1789393712940085367	17041	ab89e16518222375a647a7747b622aa985f5331e527bc06245bc4805968b1b59		copy	run-evidence		{}
specula/runs/nvflare-job-lifecycle-20260914/nvflare-job-lifecycle/.specula-output/spec/validation/pr5191-full-discussion.txt	spec/validation/pr5191-full-discussion.txt	file	0664	1789393836385596762	18182	425ab3f6f30c13dee2f05461a00099ffa7f62229897b2728fb2674396c7abeea		copy	run-evidence		{}
specula/runs/nvflare-job-lifecycle-20260914/nvflare-job-lifecycle/.specula-output/spec/validation/pr5191-review-comments.json	spec/validation/pr5191-review-comments.json	file	0664	1789393714263070253	66331	ebb0e6c259744a6ef91747607e19395b19b80ab83cc1cf1ffc9f504e23f191b8		copy	run-evidence		{}
specula/runs/nvflare-job-lifecycle-20260914/nvflare-job-lifecycle/.specula-output/spec/validation/pr5191-reviews.json	spec/validation/pr5191-reviews.json	file	0664	1789393713681076900	13494	d00f26a5d720ca390f2285aa7101b440ded11f3c4d21cc0c8a0807dbdf992930		copy	run-evidence		{}
specula/runs/nvflare-job-lifecycle-20260914/nvflare-job-lifecycle/.specula-output/spec/validation/pre-final-artifact-hashes.json	spec/validation/pre-final-artifact-hashes.json	file	0664	1789395824526930490	1628	852992b72bce57f61e2a75ae7bea37b2c1aa8476833a34a95b4a9fb30af18c58		copy	run-evidence		{}
specula/runs/nvflare-job-lifecycle-20260914/nvflare-job-lifecycle/.specula-output/spec/validation/prior-harness-validation/abort_completion.validation.json	spec/validation/prior-harness-validation/abort_completion.validation.json	file	0664	1789394647447923743	211	e7a145b23f2d5ace1c60ecd0d02f6688c465c91453128503e8042e6b09001f7a		copy	run-evidence		{}
specula/runs/nvflare-job-lifecycle-20260914/nvflare-job-lifecycle/.specula-output/spec/validation/prior-harness-validation/admission_exception.validation.json	spec/validation/prior-harness-validation/admission_exception.validation.json	file	0664	1789394651038880860	382	5c1508256bcccd66cf04acc99b11f4aa2e5ccb2556f77af75e0cca97e3e59d5c		copy	run-evidence		{}
specula/runs/nvflare-job-lifecycle-20260914/nvflare-job-lifecycle/.specula-output/spec/validation/prior-harness-validation/competition.validation.json	spec/validation/prior-harness-validation/competition.validation.json	file	0664	1789394653401852641	211	61ff554f7c7c2dbacf7b98b59318e15dad6bec66edfa310c717bb4dfac7e8f47		copy	run-evidence		{}
specula/runs/nvflare-job-lifecycle-20260914/nvflare-job-lifecycle/.specula-output/spec/validation/prior-harness-validation/delayed_start.validation.json	spec/validation/prior-harness-validation/delayed_start.validation.json	file	0664	1789394655462825034	377	254401a3241797a9b4f63e0fab4cb8c6cc8e9787b63dfcb6a9e3f7cdc05ec009		copy	run-evidence		{}
specula/runs/nvflare-job-lifecycle-20260914/nvflare-job-lifecycle/.specula-output/spec/validation/priority-coverage.md	spec/validation/priority-coverage.md	file	0664	1789396340371843927	3778	d145639fec32901cb4f61b271a797e4b79397ccd2c2a2b130ad14eeb91d1e337		copy	run-evidence		{}
specula/runs/nvflare-job-lifecycle-20260914/nvflare-job-lifecycle/.specula-output/spec/validation/progress.json	spec/validation/progress.json	file	0664	1789402413028593822	1103	f4ea082dab3191207d472a0682e3d5fcadd2c32451f616f6e55247e06926f236		copy	run-evidence		{}
specula/runs/nvflare-job-lifecycle-20260914/nvflare-job-lifecycle/.specula-output/spec/validation/r2-admission_exception-coarse.json	spec/validation/r2-admission_exception-coarse.json	file	0664	1789394742065783461	294	63da947faf29fd92d4540b5059210abc43cf210a955ded53d4c169aab43b3b8a		copy	run-evidence		{}
specula/runs/nvflare-job-lifecycle-20260914/nvflare-job-lifecycle/.specula-output/spec/validation/r2-admission_exception-fine.json	spec/validation/r2-admission_exception-fine.json	file	0664	1789394825761785522	533	dd02a6cadbbad6ce0518d55fc9af9bb8ef00c6b38d8cbf645edb2befe3418d1c		copy	run-evidence		{}
specula/runs/nvflare-job-lifecycle-20260914/nvflare-job-lifecycle/.specula-output/spec/validation/r2-admission_exception-inspect-complete.json	spec/validation/r2-admission_exception-inspect-complete.json	file	0664	1789395357149445073	1029	5810e5009a3e554f25133aa217556de5908b388433991e100fe3a4e849e31a2c		copy	run-evidence		{}
specula/runs/nvflare-job-lifecycle-20260914/nvflare-job-lifecycle/.specula-output/spec/validation/r2-admission_exception-inspect.json	spec/validation/r2-admission_exception-inspect.json	file	0664	1789394966955102002	694	f5d559fc8f315f7496e054079ae18147a77f0beae4d92a7927b0416d6b6c10b6		copy	run-evidence		{}
specula/runs/nvflare-job-lifecycle-20260914/nvflare-job-lifecycle/.specula-output/spec/validation/r2-delayed_start-coarse.json	spec/validation/r2-delayed_start-coarse.json	file	0664	1789394742065783461	280	3d06cf262b89c42ad279c481dfd1da9ece9df8d4cf727278444f8b8561ffb412		copy	run-evidence		{}
specula/runs/nvflare-job-lifecycle-20260914/nvflare-job-lifecycle/.specula-output/spec/validation/r2-delayed_start-fine.json	spec/validation/r2-delayed_start-fine.json	file	0664	1789394825761785522	523	85944696e0b76ee328710220018030f779da7c5fe4009a60a9f55a877bf3f473		copy	run-evidence		{}
specula/runs/nvflare-job-lifecycle-20260914/nvflare-job-lifecycle/.specula-output/spec/validation/r2-delayed_start-inspect.json	spec/validation/r2-delayed_start-inspect.json	file	0664	1789394966955102002	594	e9083388821b7418a073d732d975edfcda1908dfb99c542c4011cf023022ad78		copy	run-evidence		{}
specula/runs/nvflare-job-lifecycle-20260914/nvflare-job-lifecycle/.specula-output/spec/validation/r4-abort-coarse.json	spec/validation/r4-abort-coarse.json	file	0664	1789395724078104245	635	c70e7dbe8ed583dbe1b5903d6d8add6b61b59280ed592c5978036e9a2b089ea0		copy	run-evidence		{}
specula/runs/nvflare-job-lifecycle-20260914/nvflare-job-lifecycle/.specula-output/spec/validation/r4-abort-fine.json	spec/validation/r4-abort-fine.json	file	0664	1789395760968673353	825	06e4d2f2241e8a4867c085e0d83f825f4d22b8ae5dfc4166919b7ef793a38817		copy	run-evidence		{}
specula/runs/nvflare-job-lifecycle-20260914/nvflare-job-lifecycle/.specula-output/spec/validation/r4-abort-inspect.json	spec/validation/r4-abort-inspect.json	file	0664	1789395784309401726	1460	20285f3957149f576a3e88c0bb866c5035f07c8a94093f683314fb826ffee6a1		copy	run-evidence		{}
specula/runs/nvflare-job-lifecycle-20260914/nvflare-job-lifecycle/.specula-output/spec/validation/read_tlc.py	spec/validation/read_tlc.py	file	0664	1789395245418782175	762	9e7ad8f26664bb8c1567d5ed78219fe87776f9f3a928d8f0a48c9a88f4fcd5da		copy	run-evidence		{}
specula/runs/nvflare-job-lifecycle-20260914/nvflare-job-lifecycle/.specula-output/spec/validation/record_tlc.py	spec/validation/record_tlc.py	file	0664	1789395182635533514	565	12c7d70bd9dd0ce696535b955d6f49a008ccc7bd3abacfcdac8fcdc45735687d		copy	run-evidence		{}
specula/runs/nvflare-job-lifecycle-20260914/nvflare-job-lifecycle/.specula-output/spec/validation/review-resolution.md	spec/validation/review-resolution.md	file	0664	1789401710773606319	2633	3056f327f272fa4187f116865cba72af2ab94f8d55ac42d491187b78ca167abb		copy	run-evidence		{}
specula/runs/nvflare-job-lifecycle-20260914/nvflare-job-lifecycle/.specula-output/spec/validation/round2-model-fragment.txt	spec/validation/round2-model-fragment.txt	file	0664	1789394934509489020	5241	b4f9606581a535b37061f63c7c8ebca71deb07744bcd6a10cec8b362ee8d5005		copy	run-evidence		{}
specula/runs/nvflare-job-lifecycle-20260914/nvflare-job-lifecycle/.specula-output/spec/validation/round2-triggers.json	spec/validation/round2-triggers.json	file	0664	1789394934510489008	688	74c9070d83889dc880300d5a6080cbf919596134d9bfbbfcedec6c07741df50d		copy	run-evidence		{}
specula/runs/nvflare-job-lifecycle-20260914/nvflare-job-lifecycle/.specula-output/spec/validation/run_traces.py	spec/validation/run_traces.py	file	0664	1789400460591135791	2744	aa90e6fa90858f7847c6dfbe3fa179198577d9126834e2e3f076fbb78d8a8e39		copy	run-evidence		{}
specula/runs/nvflare-job-lifecycle-20260914/nvflare-job-lifecycle/.specula-output/spec/validation/schema-smoke-initial.ndjson	spec/validation/schema-smoke-initial.ndjson	file	0664	1789389674196524025	1112	854b09ef47b994e2db01f1037975000336898aff8fa5c2b52dcfa8a583352a2a		copy	run-evidence		{}
specula/runs/nvflare-job-lifecycle-20260914/nvflare-job-lifecycle/.specula-output/spec/validation/source/nvflare/apis/impl/job_def_manager.py	spec/validation/source/nvflare/apis/impl/job_def_manager.py	file	0664	1789393862290289894	24387	5af3deef2b6c29805b8af28257fb3753de2a40cf6405c95fc147ad513696b88c		copy	run-evidence		{}
specula/runs/nvflare-job-lifecycle-20260914/nvflare-job-lifecycle/.specula-output/spec/validation/source/nvflare/apis/utils/event.py	spec/validation/source/nvflare/apis/utils/event.py	file	0664	1789393862293289858	3790	eba1ad77a1a9cdc143fbcf4bf0937761285cc02fed577e53bbe7d862723c7cd8		copy	run-evidence		{}
specula/runs/nvflare-job-lifecycle-20260914/nvflare-job-lifecycle/.specula-output/spec/validation/source/nvflare/app_common/job_launcher/process_launcher.py	spec/validation/source/nvflare/app_common/job_launcher/process_launcher.py	file	0664	1789393862299289787	3601	d700cb128bbdd31bd941d0a44d323c374130c1495732736bcd400b030c30b65c		copy	run-evidence		{}
specula/runs/nvflare-job-lifecycle-20260914/nvflare-job-lifecycle/.specula-output/spec/validation/source/nvflare/app_common/job_schedulers/job_scheduler.py	spec/validation/source/nvflare/app_common/job_schedulers/job_scheduler.py	file	0664	1789393862270290131	18705	463ad4fc7e9eb1df1ad27a6f132c12d6e53878976717dea8cf2fd48b1ad7dceb		copy	run-evidence		{}
specula/runs/nvflare-job-lifecycle-20260914/nvflare-job-lifecycle/.specula-output/spec/validation/source/nvflare/app_common/resource_consumers/list_resource_consumer.py	spec/validation/source/nvflare/app_common/resource_consumers/list_resource_consumer.py	file	0664	1789393862295289835	1734	b2190c91a77d0214148d49c2f370e9251638b4ed4e1f523e0153807ef42f79dd		copy	run-evidence		{}
specula/runs/nvflare-job-lifecycle-20260914/nvflare-job-lifecycle/.specula-output/spec/validation/source/nvflare/app_common/resource_managers/auto_clean_resource_manager.py	spec/validation/source/nvflare/app_common/resource_managers/auto_clean_resource_manager.py	file	0664	1789393862280290012	7594	5c161f24f55f0f80da1c964e167c83d4d24df189af225550173f05679cf7eb8d		copy	run-evidence		{}
specula/runs/nvflare-job-lifecycle-20260914/nvflare-job-lifecycle/.specula-output/spec/validation/source/nvflare/app_common/resource_managers/list_resource_manager.py	spec/validation/source/nvflare/app_common/resource_managers/list_resource_manager.py	file	0664	1789393862282289989	3285	34fb2f3ee43454d0bfeb9275c6d64c8e1564baaaae10a35201802825f23390f5		copy	run-evidence		{}
specula/runs/nvflare-job-lifecycle-20260914/nvflare-job-lifecycle/.specula-output/spec/validation/source/nvflare/private/fed/client/client_engine.py	spec/validation/source/nvflare/private/fed/client/client_engine.py	file	0664	1789393862288289918	18908	aefe49a2f8c0c0d92f218f98dc21d2edac1ccfcafa68f28f4b07952a31ee4c2f		copy	run-evidence		{}
specula/runs/nvflare-job-lifecycle-20260914/nvflare-job-lifecycle/.specula-output/spec/validation/source/nvflare/private/fed/client/client_executor.py	spec/validation/source/nvflare/private/fed/client/client_executor.py	file	0664	1789393862297289811	27467	6db9bea736dac221d53fa94d5e2c41c2c2476ecc0bb1eb1785663bc69ed54c58		copy	run-evidence		{}
specula/runs/nvflare-job-lifecycle-20260914/nvflare-job-lifecycle/.specula-output/spec/validation/source/nvflare/private/fed/client/communicator.py	spec/validation/source/nvflare/private/fed/client/communicator.py	file	0664	1789393862304289728	28232	4ffbd5c1c2a185084426a30edf1ecb5a3d9342a008caadf3d810e80fe52c257a		copy	run-evidence		{}
specula/runs/nvflare-job-lifecycle-20260914/nvflare-job-lifecycle/.specula-output/spec/validation/source/nvflare/private/fed/client/scheduler_cmds.py	spec/validation/source/nvflare/private/fed/client/scheduler_cmds.py	file	0664	1789393862278290036	7797	7eabf9b219c064fea70b1d755173e05d0b8622d30d4c4a3d6243cc285637a38c		copy	run-evidence		{}
specula/runs/nvflare-job-lifecycle-20260914/nvflare-job-lifecycle/.specula-output/spec/validation/source/nvflare/private/fed/client/training_cmds.py	spec/validation/source/nvflare/private/fed/client/training_cmds.py	file	0664	1789393862286289941	9151	5e64f649e8edca10674915fe99243c0423a719d46537d5a571d93d1cb0d65db5		copy	run-evidence		{}
specula/runs/nvflare-job-lifecycle-20260914/nvflare-job-lifecycle/.specula-output/spec/validation/source/nvflare/private/fed/server/admin.py	spec/validation/source/nvflare/private/fed/server/admin.py	file	0664	1789393862284289965	12966	86fec1a33926fd7682bf3981beee79b758c2928d0293aa36df2daa6922b5b23f		copy	run-evidence		{}
specula/runs/nvflare-job-lifecycle-20260914/nvflare-job-lifecycle/.specula-output/spec/validation/source/nvflare/private/fed/server/fed_server.py	spec/validation/source/nvflare/private/fed/server/fed_server.py	file	0664	1789393862302289751	53823	36ea5381e87ad8cf272a5a4e65949980dbdb4cc5737eab5c136a7d61fd4f0b21		copy	run-evidence		{}
specula/runs/nvflare-job-lifecycle-20260914/nvflare-job-lifecycle/.specula-output/spec/validation/source/nvflare/private/fed/server/job_cmds.py	spec/validation/source/nvflare/private/fed/server/job_cmds.py	file	0664	1789393862306289704	79144	96db349ff58489fb4853dbc27b1d59f143f003dab26ac6e52158e1e5c15f7fd8		copy	run-evidence		{}
specula/runs/nvflare-job-lifecycle-20260914/nvflare-job-lifecycle/.specula-output/spec/validation/source/nvflare/private/fed/server/job_runner.py	spec/validation/source/nvflare/private/fed/server/job_runner.py	file	0664	1789393862272290107	42992	16d51c80a43a612945f6ddc2f8e5025a273663cff50f2ed226d4cdccb65e9feb		copy	run-evidence		{}
specula/runs/nvflare-job-lifecycle-20260914/nvflare-job-lifecycle/.specula-output/spec/validation/source/nvflare/private/fed/server/server_engine.py	spec/validation/source/nvflare/private/fed/server/server_engine.py	file	0664	1789393862275290072	44890	43fd2a979c6740c3928f2a666146e9698afdcd6bec32f008f06807c5b3c9a79d		copy	run-evidence		{}
specula/runs/nvflare-job-lifecycle-20260914/nvflare-job-lifecycle/.specula-output/spec/validation-artifact-hashes.json	spec/validation-artifact-hashes.json	file	0664	1789402660444802897	2411	a2dca8e90a26dae0206cbf97ef04377f12b6d4f398f3b5d4a7e1275632665608		copy	run-evidence		{}
specula/runs/nvflare-job-lifecycle-20260914/nvflare-job-lifecycle/.specula-output/summary.md	summary.md	file	0664	1789405145993082220	3578	1cb5cb9580663e03789137700e90c6ef616d40a6321a5f2210bdf931f6c25099		copy	run-evidence		{}
specula/runs/nvflare-job-lifecycle-20260914/nvflare-job-lifecycle/.specula-output/traces/abort_completion.ndjson	traces/abort_completion.ndjson	file	0664	1789395601498528451	2115029	320936dd0eadb46898137b7c92ab31db1ae90e4df41ff2f1f64c400dc90bf612		copy	run-evidence		{}
specula/runs/nvflare-job-lifecycle-20260914/nvflare-job-lifecycle/.specula-output/traces/abort_completion.provenance.json	traces/abort_completion.provenance.json	file	0664	1789395601499528439	48539	a852cee4331dfa6b655d79ff16bfcedec9a8d4323afe326f66f58250c28b71d0		copy	run-evidence		{}
specula/runs/nvflare-job-lifecycle-20260914/nvflare-job-lifecycle/.specula-output/traces/admission_exception.ndjson	traces/admission_exception.ndjson	file	0664	1789395601554527784	1703389	f3f5179649788dfe36f62f08ab86d58711c3b6e017331f80a5955fe33e15423e		copy	run-evidence		{}
specula/runs/nvflare-job-lifecycle-20260914/nvflare-job-lifecycle/.specula-output/traces/admission_exception.provenance.json	traces/admission_exception.provenance.json	file	0664	1789395601555527773	108931	7712c1ee0e65f1dd8c1ea3822e18c0eb6286ce4726d66abc3440ac64b70804c9		copy	run-evidence		{}
specula/runs/nvflare-job-lifecycle-20260914/nvflare-job-lifecycle/.specula-output/traces/competition.ndjson	traces/competition.ndjson	file	0664	1789395601592527332	1424217	668b7ab480fa8ff739e7d66738a8c2c645556565953bb3f07bcb7bd069d4d1d6		copy	run-evidence		{}
specula/runs/nvflare-job-lifecycle-20260914/nvflare-job-lifecycle/.specula-output/traces/competition.provenance.json	traces/competition.provenance.json	file	0664	1789395601593527320	59428	86526da3b18884730fc1fac2214cc06908a67563afe13d78c155c6f637b507d7		copy	run-evidence		{}
specula/runs/nvflare-job-lifecycle-20260914/nvflare-job-lifecycle/.specula-output/traces/delayed_start.ndjson	traces/delayed_start.ndjson	file	0664	1789395601628526903	1133964	78928690f88f5db0b20cf745941a5ba04198b5f7ff3b6cafc50d67e573d5489a		copy	run-evidence		{}
specula/runs/nvflare-job-lifecycle-20260914/nvflare-job-lifecycle/.specula-output/traces/delayed_start.provenance.json	traces/delayed_start.provenance.json	file	0664	1789395601628526903	48503	2d40fc07a0df0f9a067d2345746bcb0e8811d513cf83529d6f9422a81747e4c1		copy	run-evidence		{}
