TLC2 Version 2.20 of Day Month 20?? (rev: ${git.shortRevision})
Warning: Please run the Java VM, which executes TLC with a throughput optimized garbage collector, by passing the "-XX:+UseParallelGC" property.
(Use the -nowarning option to disable this warning.)
Running Random Simulation with seed 20260909 with 1 worker on 64 cores with 2048MB heap and 64MB offheap memory [pid: 1246567] (Linux 6.8.0-1044-azure amd64, Ubuntu 21.0.11 x86_64).
Parsing file /home/ubuntu/temporal-investigation-20260909/overnight-20260909/specula-engine/runs/temporal-update-20260909-restart-1600/temporal-update/.specula-output/spec/MC.tla
Parsing file /home/ubuntu/temporal-investigation-20260909/overnight-20260909/specula-engine/runs/temporal-update-20260909-restart-1600/temporal-update/.specula-output/spec/base.tla
Parsing file /tmp/tlc-11839237622785386325/_TLCTrace.tla (jar:file:/home/ubuntu/Specula/tools/tlaplus/tlatools/org.lamport.tlatools/dist/tla2tools.jar!/tla2sany/StandardModules/_TLCTrace.tla)
Parsing file /tmp/tlc-11839237622785386325/Naturals.tla (jar:file:/home/ubuntu/Specula/tools/tlaplus/tlatools/org.lamport.tlatools/dist/tla2tools.jar!/tla2sany/StandardModules/Naturals.tla)
Parsing file /tmp/tlc-11839237622785386325/Sequences.tla (jar:file:/home/ubuntu/Specula/tools/tlaplus/tlatools/org.lamport.tlatools/dist/tla2tools.jar!/tla2sany/StandardModules/Sequences.tla)
Parsing file /tmp/tlc-11839237622785386325/FiniteSets.tla (jar:file:/home/ubuntu/Specula/tools/tlaplus/tlatools/org.lamport.tlatools/dist/tla2tools.jar!/tla2sany/StandardModules/FiniteSets.tla)
Parsing file /tmp/tlc-11839237622785386325/TLC.tla (jar:file:/home/ubuntu/Specula/tools/tlaplus/tlatools/org.lamport.tlatools/dist/tla2tools.jar!/tla2sany/StandardModules/TLC.tla)
Parsing file /tmp/tlc-11839237622785386325/TLCExt.tla (jar:file:/home/ubuntu/Specula/tools/tlaplus/tlatools/org.lamport.tlatools/dist/tla2tools.jar!/tla2sany/StandardModules/TLCExt.tla)
Parsing file /tmp/tlc-11839237622785386325/Integers.tla (jar:file:/home/ubuntu/Specula/tools/tlaplus/tlatools/org.lamport.tlatools/dist/tla2tools.jar!/tla2sany/StandardModules/Integers.tla)
Semantic processing of module Naturals
Semantic processing of module Sequences
Semantic processing of module FiniteSets
Semantic processing of module TLC
Semantic processing of module base
Semantic processing of module Integers
Semantic processing of module TLCExt
Semantic processing of module _TLCTrace
Semantic processing of module MC
Linting of module base
Linting of module TLCExt
Linting of module _TLCTrace
Linting of module MC
Starting... (2026-09-09 18:09:47)
Computed 1 initial states...
Finished computing initial states: 1 distinct state generated at 2026-09-09 18:09:47.
Error: TLC threw an unexpected exception.
This was probably caused by an error in the spec or model.
See the User Output or TLC Console for clues to what happened.
The exception was a java.lang.RuntimeException
: A non-boolean expression (a set of the form {e1, ... ,eN}) was used as a formula in a conjunction.
line 16, col 8 to line 16, col 20 of module MC
Error: The behavior up to this point is:
State 1: <MCInit line 8, col 11 to line 8, col 61 of module MC>
/\ s = [ dispatch |-> <<>>,
  matching |-> <<>>,
  workers |-> <<>>,
  objects |-> <<>>,
  timers |-> <<>>,
  cache |-> (h1 :> <<>> @@ h2 :> <<>>),
  db |->
      [ next |-> 5,
        rv |-> 1,
        range |-> 1,
        info |->
            ( u1 :>
                  [ stage |-> "none",
                    result |-> [kind |-> "pending", value |-> "none"],
                    acceptedID |-> 0,
                    eventID |-> 0,
                    batchID |-> 0 ] @@
              u2 :>
                  [ stage |-> "none",
                    result |-> [kind |-> "pending", value |-> "none"],
                    acceptedID |-> 0,
                    eventID |-> 0,
                    batchID |-> 0 ] ),
        closed |-> FALSE,
        sticky |-> TRUE,
        task |->
            [ kind |-> "none",
              scheduled |-> 0,
              started |-> 0,
              startedTime |-> 0,
              attempt |-> 0,
              version |-> 1,
              stamp |-> 0,
              transient |-> FALSE,
              route |-> "normal" ],
        transfer |-> FALSE,
        events |-> <<>> ],
  ctx |->
      [ next |-> 5,
        generation |-> 1,
        rv |-> 1,
        range |-> 1,
        info |->
            ( u1 :>
                  [ stage |-> "none",
                    result |-> [kind |-> "pending", value |-> "none"],
                    acceptedID |-> 0,
                    eventID |-> 0,
                    batchID |-> 0 ] @@
              u2 :>
                  [ stage |-> "none",
                    result |-> [kind |-> "pending", value |-> "none"],
                    acceptedID |-> 0,
                    eventID |-> 0,
                    batchID |-> 0 ] ),
        closed |-> FALSE,
        sticky |-> TRUE,
        task |->
            [ kind |-> "none",
              scheduled |-> 0,
              started |-> 0,
              startedTime |-> 0,
              attempt |-> 0,
              version |-> 1,
              stamp |-> 0,
              transient |-> FALSE,
              route |-> "normal" ],
        transfer |-> FALSE,
        reg |-> (u1 :> 0 @@ u2 :> 0),
        loaded |-> TRUE,
        host |-> h1 ],
  active |->
      [ kind |-> "none",
        result |-> [kind |-> "pending", value |-> "none"],
        oid |-> 0,
        prev |-> "none" ],
  batch |-> <<>>,
  pc |-> "idle",
  acquiring |-> FALSE,
  write |->
      [ next |-> 0,
        rv |-> 0,
        state |-> "none",
        returned |-> TRUE,
        error |-> "none",
        range |-> 0,
        info |->
            ( u1 :>
                  [ stage |-> "none",
                    result |-> [kind |-> "pending", value |-> "none"],
                    acceptedID |-> 0,
                    eventID |-> 0,
                    batchID |-> 0 ] @@
              u2 :>
                  [ stage |-> "none",
                    result |-> [kind |-> "pending", value |-> "none"],
                    acceptedID |-> 0,
                    eventID |-> 0,
                    batchID |-> 0 ] ),
        closed |-> FALSE,
        sticky |-> FALSE,
        task |->
            [ kind |-> "none",
              scheduled |-> 0,
              started |-> 0,
              startedTime |-> 0,
              attempt |-> 0,
              version |-> 1,
              stamp |-> 0,
              transient |-> FALSE,
              route |-> "normal" ],
        transfer |-> FALSE,
        events |-> <<>> ],
  timerPointer |-> 0,
  physicalHistory |-> <<>>,
  returnPC |-> "idle",
  effects |-> <<>>,
  cancels |-> <<>>,
  second |-> "none",
  clearTodo |-> {},
  clearReturn |-> "idle",
  handler |-> "none",
  caller |-> "none",
  selected |-> 0,
  inlineWorker |-> 0,
  commands |-> <<>>,
  closeCommand |-> FALSE,
  rejectTodo |-> {},
  successor |-> FALSE,
  skip |-> FALSE,
  clock |-> 0,
  limitRaised |-> FALSE,
  calls |->
      ( c1 :>
            [ uid |-> "none",
              op |-> "update",
              waitStage |-> "COMPLETED",
              status |-> "idle",
              oid |-> 0,
              expired |-> FALSE,
              reply |->
                  [ stage |-> "NONE",
                    result |-> [kind |-> "pending", value |-> "none"] ],
              active |-> FALSE ] @@
        c2 :>
            [ uid |-> "none",
              op |-> "update",
              waitStage |-> "COMPLETED",
              status |-> "idle",
              oid |-> 0,
              expired |-> FALSE,
              reply |->
                  [ stage |-> "NONE",
                    result |-> [kind |-> "pending", value |-> "none"] ],
              active |-> FALSE ] @@
        c3 :>
            [ uid |-> "none",
              op |-> "update",
              waitStage |-> "COMPLETED",
              status |-> "idle",
              oid |-> 0,
              expired |-> FALSE,
              reply |->
                  [ stage |-> "NONE",
                    result |-> [kind |-> "pending", value |-> "none"] ],
              active |-> FALSE ] @@
        c4 :>
            [ uid |-> "none",
              op |-> "update",
              waitStage |-> "COMPLETED",
              status |-> "idle",
              oid |-> 0,
              expired |-> FALSE,
              reply |->
                  [ stage |-> "NONE",
                    result |-> [kind |-> "pending", value |-> "none"] ],
              active |-> FALSE ] ),
  observed |-> {},
  applied |-> {},
  timeoutApplications |-> {},
  everRequested |-> {} ]
/\ faults = [ request |-> 0,
  callback |-> 0,
  normal |-> 0,
  matchingFailure |-> 0,
  ignore |-> 0,
  close |-> 0,
  noncommit |-> 0,
  uncertain |-> 0,
  appendTimeout |-> 0,
  lateError |-> 0,
  clear |-> 0,
  ownership |-> 0,
  restart |-> 0,
  timeout |-> 0,
  limit |-> 0,
  responseLoss |-> 0,
  crash |-> 0,
  duplicate |-> 0,
  workerLoss |-> 0 ]

State 2: <MCUpdateWorkflowExecution(c1,u2,"ACCEPTED") line 20, col 5 to line 22, col 48 of module MC>
/\ s = [ dispatch |-> <<>>,
  matching |-> <<>>,
  workers |-> <<>>,
  objects |-> <<>>,
  timers |-> <<>>,
  cache |-> (h1 :> <<>> @@ h2 :> <<>>),
  db |->
      [ next |-> 5,
        rv |-> 1,
        range |-> 1,
        info |->
            ( u1 :>
                  [ stage |-> "none",
                    result |-> [kind |-> "pending", value |-> "none"],
                    acceptedID |-> 0,
                    eventID |-> 0,
                    batchID |-> 0 ] @@
              u2 :>
                  [ stage |-> "none",
                    result |-> [kind |-> "pending", value |-> "none"],
                    acceptedID |-> 0,
                    eventID |-> 0,
                    batchID |-> 0 ] ),
        closed |-> FALSE,
        sticky |-> TRUE,
        task |->
            [ kind |-> "none",
              scheduled |-> 0,
              started |-> 0,
              startedTime |-> 0,
              attempt |-> 0,
              version |-> 1,
              stamp |-> 0,
              transient |-> FALSE,
              route |-> "normal" ],
        transfer |-> FALSE,
        events |-> <<>> ],
  ctx |->
      [ next |-> 5,
        generation |-> 1,
        rv |-> 1,
        range |-> 1,
        info |->
            ( u1 :>
                  [ stage |-> "none",
                    result |-> [kind |-> "pending", value |-> "none"],
                    acceptedID |-> 0,
                    eventID |-> 0,
                    batchID |-> 0 ] @@
              u2 :>
                  [ stage |-> "none",
                    result |-> [kind |-> "pending", value |-> "none"],
                    acceptedID |-> 0,
                    eventID |-> 0,
                    batchID |-> 0 ] ),
        closed |-> FALSE,
        sticky |-> TRUE,
        task |->
            [ kind |-> "none",
              scheduled |-> 0,
              started |-> 0,
              startedTime |-> 0,
              attempt |-> 0,
              version |-> 1,
              stamp |-> 0,
              transient |-> FALSE,
              route |-> "normal" ],
        transfer |-> FALSE,
        reg |-> (u1 :> 0 @@ u2 :> 0),
        loaded |-> TRUE,
        host |-> h1 ],
  active |->
      [ kind |-> "none",
        result |-> [kind |-> "pending", value |-> "none"],
        oid |-> 0,
        prev |-> "none" ],
  batch |-> <<>>,
  pc |-> "idle",
  acquiring |-> FALSE,
  write |->
      [ next |-> 0,
        rv |-> 0,
        state |-> "none",
        returned |-> TRUE,
        error |-> "none",
        range |-> 0,
        info |->
            ( u1 :>
                  [ stage |-> "none",
                    result |-> [kind |-> "pending", value |-> "none"],
                    acceptedID |-> 0,
                    eventID |-> 0,
                    batchID |-> 0 ] @@
              u2 :>
                  [ stage |-> "none",
                    result |-> [kind |-> "pending", value |-> "none"],
                    acceptedID |-> 0,
                    eventID |-> 0,
                    batchID |-> 0 ] ),
        closed |-> FALSE,
        sticky |-> FALSE,
        task |->
            [ kind |-> "none",
              scheduled |-> 0,
              started |-> 0,
              startedTime |-> 0,
              attempt |-> 0,
              version |-> 1,
              stamp |-> 0,
              transient |-> FALSE,
              route |-> "normal" ],
        transfer |-> FALSE,
        events |-> <<>> ],
  timerPointer |-> 0,
  physicalHistory |-> <<>>,
  returnPC |-> "idle",
  effects |-> <<>>,
  cancels |-> <<>>,
  second |-> "none",
  clearTodo |-> {},
  clearReturn |-> "idle",
  handler |-> "none",
  caller |-> "none",
  selected |-> 0,
  inlineWorker |-> 0,
  commands |-> <<>>,
  closeCommand |-> FALSE,
  rejectTodo |-> {},
  successor |-> FALSE,
  skip |-> FALSE,
  clock |-> 0,
  limitRaised |-> FALSE,
  calls |->
      ( c1 :>
            [ uid |-> u2,
              op |-> "update",
              waitStage |-> "ACCEPTED",
              status |-> "request",
              oid |-> 0,
              expired |-> FALSE,
              reply |->
                  [ stage |-> "NONE",
                    result |-> [kind |-> "pending", value |-> "none"] ],
              active |-> TRUE ] @@
        c2 :>
            [ uid |-> "none",
              op |-> "update",
              waitStage |-> "COMPLETED",
              status |-> "idle",
              oid |-> 0,
              expired |-> FALSE,
              reply |->
                  [ stage |-> "NONE",
                    result |-> [kind |-> "pending", value |-> "none"] ],
              active |-> FALSE ] @@
        c3 :>
            [ uid |-> "none",
              op |-> "update",
              waitStage |-> "COMPLETED",
              status |-> "idle",
              oid |-> 0,
              expired |-> FALSE,
              reply |->
                  [ stage |-> "NONE",
                    result |-> [kind |-> "pending", value |-> "none"] ],
              active |-> FALSE ] @@
        c4 :>
            [ uid |-> "none",
              op |-> "update",
              waitStage |-> "COMPLETED",
              status |-> "idle",
              oid |-> 0,
              expired |-> FALSE,
              reply |->
                  [ stage |-> "NONE",
                    result |-> [kind |-> "pending", value |-> "none"] ],
              active |-> FALSE ] ),
  observed |-> {},
  applied |-> {},
  timeoutApplications |-> {},
  everRequested |-> {u2} ]
/\ faults = [ request |-> 1,
  callback |-> 0,
  normal |-> 0,
  matchingFailure |-> 0,
  ignore |-> 0,
  close |-> 0,
  noncommit |-> 0,
  uncertain |-> 0,
  appendTimeout |-> 0,
  lateError |-> 0,
  clear |-> 0,
  ownership |-> 0,
  restart |-> 0,
  timeout |-> 0,
  limit |-> 0,
  responseLoss |-> 0,
  crash |-> 0,
  duplicate |-> 0,
  workerLoss |-> 0 ]

State 3: <MCScheduleNormalWorkflowTask line 50, col 5 to line 52, col 47 of module MC>
/\ s = [ dispatch |-> <<>>,
  matching |-> <<>>,
  workers |-> <<>>,
  objects |-> <<>>,
  timers |-> <<>>,
  cache |-> (h1 :> <<>> @@ h2 :> <<>>),
  db |->
      [ next |-> 5,
        rv |-> 1,
        range |-> 1,
        info |->
            ( u1 :>
                  [ stage |-> "none",
                    result |-> [kind |-> "pending", value |-> "none"],
                    acceptedID |-> 0,
                    eventID |-> 0,
                    batchID |-> 0 ] @@
              u2 :>
                  [ stage |-> "none",
                    result |-> [kind |-> "pending", value |-> "none"],
                    acceptedID |-> 0,
                    eventID |-> 0,
                    batchID |-> 0 ] ),
        closed |-> FALSE,
        sticky |-> TRUE,
        task |->
            [ kind |-> "none",
              scheduled |-> 0,
              started |-> 0,
              startedTime |-> 0,
              attempt |-> 0,
              version |-> 1,
              stamp |-> 0,
              transient |-> FALSE,
              route |-> "normal" ],
        transfer |-> FALSE,
        events |-> <<>> ],
  ctx |->
      [ next |-> 6,
        generation |-> 1,
        rv |-> 1,
        range |-> 1,
        info |->
            ( u1 :>
                  [ stage |-> "none",
                    result |-> [kind |-> "pending", value |-> "none"],
                    acceptedID |-> 0,
                    eventID |-> 0,
                    batchID |-> 0 ] @@
              u2 :>
                  [ stage |-> "none",
                    result |-> [kind |-> "pending", value |-> "none"],
                    acceptedID |-> 0,
                    eventID |-> 0,
                    batchID |-> 0 ] ),
        closed |-> FALSE,
        sticky |-> TRUE,
        task |->
            [ kind |-> "Normal",
              scheduled |-> 5,
              started |-> 0,
              startedTime |-> 0,
              attempt |-> 1,
              version |-> 1,
              stamp |-> 0,
              transient |-> FALSE,
              route |-> "sticky" ],
        transfer |-> TRUE,
        reg |-> (u1 :> 0 @@ u2 :> 0),
        loaded |-> TRUE,
        host |-> h1 ],
  active |->
      [ kind |-> "none",
        result |-> [kind |-> "pending", value |-> "none"],
        oid |-> 0,
        prev |-> "none" ],
  batch |->
      << [ result |-> [kind |-> "pending", value |-> "none"],
           batchID |-> 5,
           uid |-> "none",
           key |->
               [ namespace |-> "namespace",
                 workflow |-> "workflow",
                 run |-> "run",
                 eventID |-> 5,
                 version |-> 1 ],
           type |-> "WFTScheduled" ] >>,
  pc |-> "persist",
  acquiring |-> FALSE,
  write |->
      [ next |-> 0,
        rv |-> 0,
        state |-> "none",
        returned |-> TRUE,
        error |-> "none",
        range |-> 0,
        info |->
            ( u1 :>
                  [ stage |-> "none",
                    result |-> [kind |-> "pending", value |-> "none"],
                    acceptedID |-> 0,
                    eventID |-> 0,
                    batchID |-> 0 ] @@
              u2 :>
                  [ stage |-> "none",
                    result |-> [kind |-> "pending", value |-> "none"],
                    acceptedID |-> 0,
                    eventID |-> 0,
                    batchID |-> 0 ] ),
        closed |-> FALSE,
        sticky |-> FALSE,
        task |->
            [ kind |-> "none",
              scheduled |-> 0,
              started |-> 0,
              startedTime |-> 0,
              attempt |-> 0,
              version |-> 1,
              stamp |-> 0,
              transient |-> FALSE,
              route |-> "normal" ],
        transfer |-> FALSE,
        events |-> <<>> ],
  timerPointer |-> 0,
  physicalHistory |-> <<>>,
  returnPC |-> "idle",
  effects |-> <<>>,
  cancels |-> <<>>,
  second |-> "none",
  clearTodo |-> {},
  clearReturn |-> "idle",
  handler |-> "schedule",
  caller |-> "none",
  selected |-> 0,
  inlineWorker |-> 0,
  commands |-> <<>>,
  closeCommand |-> FALSE,
  rejectTodo |-> {},
  successor |-> FALSE,
  skip |-> FALSE,
  clock |-> 0,
  limitRaised |-> FALSE,
  calls |->
      ( c1 :>
            [ uid |-> u2,
              op |-> "update",
              waitStage |-> "ACCEPTED",
              status |-> "request",
              oid |-> 0,
              expired |-> FALSE,
              reply |->
                  [ stage |-> "NONE",
                    result |-> [kind |-> "pending", value |-> "none"] ],
              active |-> TRUE ] @@
        c2 :>
            [ uid |-> "none",
              op |-> "update",
              waitStage |-> "COMPLETED",
              status |-> "idle",
              oid |-> 0,
              expired |-> FALSE,
              reply |->
                  [ stage |-> "NONE",
                    result |-> [kind |-> "pending", value |-> "none"] ],
              active |-> FALSE ] @@
        c3 :>
            [ uid |-> "none",
              op |-> "update",
              waitStage |-> "COMPLETED",
              status |-> "idle",
              oid |-> 0,
              expired |-> FALSE,
              reply |->
                  [ stage |-> "NONE",
                    result |-> [kind |-> "pending", value |-> "none"] ],
              active |-> FALSE ] @@
        c4 :>
            [ uid |-> "none",
              op |-> "update",
              waitStage |-> "COMPLETED",
              status |-> "idle",
              oid |-> 0,
              expired |-> FALSE,
              reply |->
                  [ stage |-> "NONE",
                    result |-> [kind |-> "pending", value |-> "none"] ],
              active |-> FALSE ] ),
  observed |-> {},
  applied |-> {},
  timeoutApplications |-> {},
  everRequested |-> {u2} ]
/\ faults = [ request |-> 1,
  callback |-> 0,
  normal |-> 1,
  matchingFailure |-> 0,
  ignore |-> 0,
  close |-> 0,
  noncommit |-> 0,
  uncertain |-> 0,
  appendTimeout |-> 0,
  lateError |-> 0,
  clear |-> 0,
  ownership |-> 0,
  restart |-> 0,
  timeout |-> 0,
  limit |-> 0,
  responseLoss |-> 0,
  crash |-> 0,
  duplicate |-> 0,
  workerLoss |-> 0 ]

State 4: <MCUpdateWorkflowExecution(c2,u1,"ACCEPTED") line 20, col 5 to line 22, col 48 of module MC>
/\ s = [ dispatch |-> <<>>,
  matching |-> <<>>,
  workers |-> <<>>,
  objects |-> <<>>,
  timers |-> <<>>,
  cache |-> (h1 :> <<>> @@ h2 :> <<>>),
  db |->
      [ next |-> 5,
        rv |-> 1,
        range |-> 1,
        info |->
            ( u1 :>
                  [ stage |-> "none",
                    result |-> [kind |-> "pending", value |-> "none"],
                    acceptedID |-> 0,
                    eventID |-> 0,
                    batchID |-> 0 ] @@
              u2 :>
                  [ stage |-> "none",
                    result |-> [kind |-> "pending", value |-> "none"],
                    acceptedID |-> 0,
                    eventID |-> 0,
                    batchID |-> 0 ] ),
        closed |-> FALSE,
        sticky |-> TRUE,
        task |->
            [ kind |-> "none",
              scheduled |-> 0,
              started |-> 0,
              startedTime |-> 0,
              attempt |-> 0,
              version |-> 1,
              stamp |-> 0,
              transient |-> FALSE,
              route |-> "normal" ],
        transfer |-> FALSE,
        events |-> <<>> ],
  ctx |->
      [ next |-> 6,
        generation |-> 1,
        rv |-> 1,
        range |-> 1,
        info |->
            ( u1 :>
                  [ stage |-> "none",
                    result |-> [kind |-> "pending", value |-> "none"],
                    acceptedID |-> 0,
                    eventID |-> 0,
                    batchID |-> 0 ] @@
              u2 :>
                  [ stage |-> "none",
                    result |-> [kind |-> "pending", value |-> "none"],
                    acceptedID |-> 0,
                    eventID |-> 0,
                    batchID |-> 0 ] ),
        closed |-> FALSE,
        sticky |-> TRUE,
        task |->
            [ kind |-> "Normal",
              scheduled |-> 5,
              started |-> 0,
              startedTime |-> 0,
              attempt |-> 1,
              version |-> 1,
              stamp |-> 0,
              transient |-> FALSE,
              route |-> "sticky" ],
        transfer |-> TRUE,
        reg |-> (u1 :> 0 @@ u2 :> 0),
        loaded |-> TRUE,
        host |-> h1 ],
  active |->
      [ kind |-> "none",
        result |-> [kind |-> "pending", value |-> "none"],
        oid |-> 0,
        prev |-> "none" ],
  batch |->
      << [ result |-> [kind |-> "pending", value |-> "none"],
           batchID |-> 5,
           uid |-> "none",
           key |->
               [ namespace |-> "namespace",
                 workflow |-> "workflow",
                 run |-> "run",
                 eventID |-> 5,
                 version |-> 1 ],
           type |-> "WFTScheduled" ] >>,
  pc |-> "persist",
  acquiring |-> FALSE,
  write |->
      [ next |-> 0,
        rv |-> 0,
        state |-> "none",
        returned |-> TRUE,
        error |-> "none",
        range |-> 0,
        info |->
            ( u1 :>
                  [ stage |-> "none",
                    result |-> [kind |-> "pending", value |-> "none"],
                    acceptedID |-> 0,
                    eventID |-> 0,
                    batchID |-> 0 ] @@
              u2 :>
                  [ stage |-> "none",
                    result |-> [kind |-> "pending", value |-> "none"],
                    acceptedID |-> 0,
                    eventID |-> 0,
                    batchID |-> 0 ] ),
        closed |-> FALSE,
        sticky |-> FALSE,
        task |->
            [ kind |-> "none",
              scheduled |-> 0,
              started |-> 0,
              startedTime |-> 0,
              attempt |-> 0,
              version |-> 1,
              stamp |-> 0,
              transient |-> FALSE,
              route |-> "normal" ],
        transfer |-> FALSE,
        events |-> <<>> ],
  timerPointer |-> 0,
  physicalHistory |-> <<>>,
  returnPC |-> "idle",
  effects |-> <<>>,
  cancels |-> <<>>,
  second |-> "none",
  clearTodo |-> {},
  clearReturn |-> "idle",
  handler |-> "schedule",
  caller |-> "none",
  selected |-> 0,
  inlineWorker |-> 0,
  commands |-> <<>>,
  closeCommand |-> FALSE,
  rejectTodo |-> {},
  successor |-> FALSE,
  skip |-> FALSE,
  clock |-> 0,
  limitRaised |-> FALSE,
  calls |->
      ( c1 :>
            [ uid |-> u2,
              op |-> "update",
              waitStage |-> "ACCEPTED",
              status |-> "request",
              oid |-> 0,
              expired |-> FALSE,
              reply |->
                  [ stage |-> "NONE",
                    result |-> [kind |-> "pending", value |-> "none"] ],
              active |-> TRUE ] @@
        c2 :>
            [ uid |-> u1,
              op |-> "update",
              waitStage |-> "ACCEPTED",
              status |-> "request",
              oid |-> 0,
              expired |-> FALSE,
              reply |->
                  [ stage |-> "NONE",
                    result |-> [kind |-> "pending", value |-> "none"] ],
              active |-> TRUE ] @@
        c3 :>
            [ uid |-> "none",
              op |-> "update",
              waitStage |-> "COMPLETED",
              status |-> "idle",
              oid |-> 0,
              expired |-> FALSE,
              reply |->
                  [ stage |-> "NONE",
                    result |-> [kind |-> "pending", value |-> "none"] ],
              active |-> FALSE ] @@
        c4 :>
            [ uid |-> "none",
              op |-> "update",
              waitStage |-> "COMPLETED",
              status |-> "idle",
              oid |-> 0,
              expired |-> FALSE,
              reply |->
                  [ stage |-> "NONE",
                    result |-> [kind |-> "pending", value |-> "none"] ],
              active |-> FALSE ] ),
  observed |-> {},
  applied |-> {},
  timeoutApplications |-> {},
  everRequested |-> {u1, u2} ]
/\ faults = [ request |-> 2,
  callback |-> 0,
  normal |-> 1,
  matchingFailure |-> 0,
  ignore |-> 0,
  close |-> 0,
  noncommit |-> 0,
  uncertain |-> 0,
  appendTimeout |-> 0,
  lateError |-> 0,
  clear |-> 0,
  ownership |-> 0,
  restart |-> 0,
  timeout |-> 0,
  limit |-> 0,
  responseLoss |-> 0,
  crash |-> 0,
  duplicate |-> 0,
  workerLoss |-> 0 ]

State 5: <MCUpdateWorkflowExecutionWithNew line 163, col 5 to line 164, col 23 of module MC>
/\ s = [ dispatch |-> <<>>,
  matching |-> <<>>,
  workers |-> <<>>,
  objects |-> <<>>,
  timers |-> <<>>,
  cache |-> (h1 :> <<>> @@ h2 :> <<>>),
  db |->
      [ next |-> 5,
        rv |-> 1,
        range |-> 1,
        info |->
            ( u1 :>
                  [ stage |-> "none",
                    result |-> [kind |-> "pending", value |-> "none"],
                    acceptedID |-> 0,
                    eventID |-> 0,
                    batchID |-> 0 ] @@
              u2 :>
                  [ stage |-> "none",
                    result |-> [kind |-> "pending", value |-> "none"],
                    acceptedID |-> 0,
                    eventID |-> 0,
                    batchID |-> 0 ] ),
        closed |-> FALSE,
        sticky |-> TRUE,
        task |->
            [ kind |-> "none",
              scheduled |-> 0,
              started |-> 0,
              startedTime |-> 0,
              attempt |-> 0,
              version |-> 1,
              stamp |-> 0,
              transient |-> FALSE,
              route |-> "normal" ],
        transfer |-> FALSE,
        events |-> <<>> ],
  ctx |->
      [ next |-> 6,
        generation |-> 1,
        rv |-> 1,
        range |-> 1,
        info |->
            ( u1 :>
                  [ stage |-> "none",
                    result |-> [kind |-> "pending", value |-> "none"],
                    acceptedID |-> 0,
                    eventID |-> 0,
                    batchID |-> 0 ] @@
              u2 :>
                  [ stage |-> "none",
                    result |-> [kind |-> "pending", value |-> "none"],
                    acceptedID |-> 0,
                    eventID |-> 0,
                    batchID |-> 0 ] ),
        closed |-> FALSE,
        sticky |-> TRUE,
        task |->
            [ kind |-> "Normal",
              scheduled |-> 5,
              started |-> 0,
              startedTime |-> 0,
              attempt |-> 1,
              version |-> 1,
              stamp |-> 0,
              transient |-> FALSE,
              route |-> "sticky" ],
        transfer |-> TRUE,
        reg |-> (u1 :> 0 @@ u2 :> 0),
        loaded |-> TRUE,
        host |-> h1 ],
  active |->
      [ kind |-> "none",
        result |-> [kind |-> "pending", value |-> "none"],
        oid |-> 0,
        prev |-> "none" ],
  batch |->
      << [ result |-> [kind |-> "pending", value |-> "none"],
           batchID |-> 5,
           uid |-> "none",
           key |->
               [ namespace |-> "namespace",
                 workflow |-> "workflow",
                 run |-> "run",
                 eventID |-> 5,
                 version |-> 1 ],
           type |-> "WFTScheduled" ] >>,
  pc |-> "writeWait",
  acquiring |-> FALSE,
  write |->
      [ next |-> 6,
        rv |-> 1,
        state |-> "prepared",
        returned |-> FALSE,
        error |-> "none",
        range |-> 1,
        info |->
            ( u1 :>
                  [ stage |-> "none",
                    result |-> [kind |-> "pending", value |-> "none"],
                    acceptedID |-> 0,
                    eventID |-> 0,
                    batchID |-> 0 ] @@
              u2 :>
                  [ stage |-> "none",
                    result |-> [kind |-> "pending", value |-> "none"],
                    acceptedID |-> 0,
                    eventID |-> 0,
                    batchID |-> 0 ] ),
        closed |-> FALSE,
        sticky |-> TRUE,
        task |->
            [ kind |-> "Normal",
              scheduled |-> 5,
              started |-> 0,
              startedTime |-> 0,
              attempt |-> 1,
              version |-> 1,
              stamp |-> 0,
              transient |-> FALSE,
              route |-> "sticky" ],
        transfer |-> TRUE,
        events |->
            << [ result |-> [kind |-> "pending", value |-> "none"],
                 batchID |-> 5,
                 uid |-> "none",
                 key |->
                     [ namespace |-> "namespace",
                       workflow |-> "workflow",
                       run |-> "run",
                       eventID |-> 5,
                       version |-> 1 ],
                 type |-> "WFTScheduled" ] >> ],
  timerPointer |-> 0,
  physicalHistory |-> <<>>,
  returnPC |-> "idle",
  effects |-> <<>>,
  cancels |-> <<>>,
  second |-> "none",
  clearTodo |-> {},
  clearReturn |-> "idle",
  handler |-> "schedule",
  caller |-> "none",
  selected |-> 0,
  inlineWorker |-> 0,
  commands |-> <<>>,
  closeCommand |-> FALSE,
  rejectTodo |-> {},
  successor |-> FALSE,
  skip |-> FALSE,
  clock |-> 0,
  limitRaised |-> FALSE,
  calls |->
      ( c1 :>
            [ uid |-> u2,
              op |-> "update",
              waitStage |-> "ACCEPTED",
              status |-> "request",
              oid |-> 0,
              expired |-> FALSE,
              reply |->
                  [ stage |-> "NONE",
                    result |-> [kind |-> "pending", value |-> "none"] ],
              active |-> TRUE ] @@
        c2 :>
            [ uid |-> u1,
              op |-> "update",
              waitStage |-> "ACCEPTED",
              status |-> "request",
              oid |-> 0,
              expired |-> FALSE,
              reply |->
                  [ stage |-> "NONE",
                    result |-> [kind |-> "pending", value |-> "none"] ],
              active |-> TRUE ] @@
        c3 :>
            [ uid |-> "none",
              op |-> "update",
              waitStage |-> "COMPLETED",
              status |-> "idle",
              oid |-> 0,
              expired |-> FALSE,
              reply |->
                  [ stage |-> "NONE",
                    result |-> [kind |-> "pending", value |-> "none"] ],
              active |-> FALSE ] @@
        c4 :>
            [ uid |-> "none",
              op |-> "update",
              waitStage |-> "COMPLETED",
              status |-> "idle",
              oid |-> 0,
              expired |-> FALSE,
              reply |->
                  [ stage |-> "NONE",
                    result |-> [kind |-> "pending", value |-> "none"] ],
              active |-> FALSE ] ),
  observed |-> {},
  applied |-> {},
  timeoutApplications |-> {},
  everRequested |-> {u1, u2} ]
/\ faults = [ request |-> 2,
  callback |-> 0,
  normal |-> 1,
  matchingFailure |-> 0,
  ignore |-> 0,
  close |-> 0,
  noncommit |-> 0,
  uncertain |-> 0,
  appendTimeout |-> 0,
  lateError |-> 0,
  clear |-> 0,
  ownership |-> 0,
  restart |-> 0,
  timeout |-> 0,
  limit |-> 0,
  responseLoss |-> 0,
  crash |-> 0,
  duplicate |-> 0,
  workerLoss |-> 0 ]

State 6: <MCExecutionTransactionNoncommit line 179, col 5 to line 181, col 50 of module MC>
/\ s = [ dispatch |-> <<>>,
  matching |-> <<>>,
  workers |-> <<>>,
  objects |-> <<>>,
  timers |-> <<>>,
  cache |-> (h1 :> <<>> @@ h2 :> <<>>),
  db |->
      [ next |-> 5,
        rv |-> 1,
        range |-> 1,
        info |->
            ( u1 :>
                  [ stage |-> "none",
                    result |-> [kind |-> "pending", value |-> "none"],
                    acceptedID |-> 0,
                    eventID |-> 0,
                    batchID |-> 0 ] @@
              u2 :>
                  [ stage |-> "none",
                    result |-> [kind |-> "pending", value |-> "none"],
                    acceptedID |-> 0,
                    eventID |-> 0,
                    batchID |-> 0 ] ),
        closed |-> FALSE,
        sticky |-> TRUE,
        task |->
            [ kind |-> "none",
              scheduled |-> 0,
              started |-> 0,
              startedTime |-> 0,
              attempt |-> 0,
              version |-> 1,
              stamp |-> 0,
              transient |-> FALSE,
              route |-> "normal" ],
        transfer |-> FALSE,
        events |-> <<>> ],
  ctx |->
      [ next |-> 6,
        generation |-> 1,
        rv |-> 1,
        range |-> 1,
        info |->
            ( u1 :>
                  [ stage |-> "none",
                    result |-> [kind |-> "pending", value |-> "none"],
                    acceptedID |-> 0,
                    eventID |-> 0,
                    batchID |-> 0 ] @@
              u2 :>
                  [ stage |-> "none",
                    result |-> [kind |-> "pending", value |-> "none"],
                    acceptedID |-> 0,
                    eventID |-> 0,
                    batchID |-> 0 ] ),
        closed |-> FALSE,
        sticky |-> TRUE,
        task |->
            [ kind |-> "Normal",
              scheduled |-> 5,
              started |-> 0,
              startedTime |-> 0,
              attempt |-> 1,
              version |-> 1,
              stamp |-> 0,
              transient |-> FALSE,
              route |-> "sticky" ],
        transfer |-> TRUE,
        reg |-> (u1 :> 0 @@ u2 :> 0),
        loaded |-> TRUE,
        host |-> h1 ],
  active |->
      [ kind |-> "none",
        result |-> [kind |-> "pending", value |-> "none"],
        oid |-> 0,
        prev |-> "none" ],
  batch |->
      << [ result |-> [kind |-> "pending", value |-> "none"],
           batchID |-> 5,
           uid |-> "none",
           key |->
               [ namespace |-> "namespace",
                 workflow |-> "workflow",
                 run |-> "run",
                 eventID |-> 5,
                 version |-> 1 ],
           type |-> "WFTScheduled" ] >>,
  pc |-> "writeWait",
  acquiring |-> FALSE,
  write |->
      [ next |-> 6,
        rv |-> 1,
        state |-> "noncommit",
        returned |-> FALSE,
        error |-> "knownNoncommit",
        range |-> 1,
        info |->
            ( u1 :>
                  [ stage |-> "none",
                    result |-> [kind |-> "pending", value |-> "none"],
                    acceptedID |-> 0,
                    eventID |-> 0,
                    batchID |-> 0 ] @@
              u2 :>
                  [ stage |-> "none",
                    result |-> [kind |-> "pending", value |-> "none"],
                    acceptedID |-> 0,
                    eventID |-> 0,
                    batchID |-> 0 ] ),
        closed |-> FALSE,
        sticky |-> TRUE,
        task |->
            [ kind |-> "Normal",
              scheduled |-> 5,
              started |-> 0,
              startedTime |-> 0,
              attempt |-> 1,
              version |-> 1,
              stamp |-> 0,
              transient |-> FALSE,
              route |-> "sticky" ],
        transfer |-> TRUE,
        events |->
            << [ result |-> [kind |-> "pending", value |-> "none"],
                 batchID |-> 5,
                 uid |-> "none",
                 key |->
                     [ namespace |-> "namespace",
                       workflow |-> "workflow",
                       run |-> "run",
                       eventID |-> 5,
                       version |-> 1 ],
                 type |-> "WFTScheduled" ] >> ],
  timerPointer |-> 0,
  physicalHistory |-> <<>>,
  returnPC |-> "idle",
  effects |-> <<>>,
  cancels |-> <<>>,
  second |-> "none",
  clearTodo |-> {},
  clearReturn |-> "idle",
  handler |-> "schedule",
  caller |-> "none",
  selected |-> 0,
  inlineWorker |-> 0,
  commands |-> <<>>,
  closeCommand |-> FALSE,
  rejectTodo |-> {},
  successor |-> FALSE,
  skip |-> FALSE,
  clock |-> 0,
  limitRaised |-> FALSE,
  calls |->
      ( c1 :>
            [ uid |-> u2,
              op |-> "update",
              waitStage |-> "ACCEPTED",
              status |-> "request",
              oid |-> 0,
              expired |-> FALSE,
              reply |->
                  [ stage |-> "NONE",
                    result |-> [kind |-> "pending", value |-> "none"] ],
              active |-> TRUE ] @@
        c2 :>
            [ uid |-> u1,
              op |-> "update",
              waitStage |-> "ACCEPTED",
              status |-> "request",
              oid |-> 0,
              expired |-> FALSE,
              reply |->
                  [ stage |-> "NONE",
                    result |-> [kind |-> "pending", value |-> "none"] ],
              active |-> TRUE ] @@
        c3 :>
            [ uid |-> "none",
              op |-> "update",
              waitStage |-> "COMPLETED",
              status |-> "idle",
              oid |-> 0,
              expired |-> FALSE,
              reply |->
                  [ stage |-> "NONE",
                    result |-> [kind |-> "pending", value |-> "none"] ],
              active |-> FALSE ] @@
        c4 :>
            [ uid |-> "none",
              op |-> "update",
              waitStage |-> "COMPLETED",
              status |-> "idle",
              oid |-> 0,
              expired |-> FALSE,
              reply |->
                  [ stage |-> "NONE",
                    result |-> [kind |-> "pending", value |-> "none"] ],
              active |-> FALSE ] ),
  observed |-> {},
  applied |-> {},
  timeoutApplications |-> {},
  everRequested |-> {u1, u2} ]
/\ faults = [ request |-> 2,
  callback |-> 0,
  normal |-> 1,
  matchingFailure |-> 0,
  ignore |-> 0,
  close |-> 0,
  noncommit |-> 1,
  uncertain |-> 0,
  appendTimeout |-> 0,
  lateError |-> 0,
  clear |-> 0,
  ownership |-> 0,
  restart |-> 0,
  timeout |-> 0,
  limit |-> 0,
  responseLoss |-> 0,
  crash |-> 0,
  duplicate |-> 0,
  workerLoss |-> 0 ]

State 7: <MCHandleWriteResult line 194, col 5 to line 195, col 23 of module MC>
/\ s = [ dispatch |-> <<>>,
  matching |-> <<>>,
  workers |-> <<>>,
  objects |-> <<>>,
  timers |-> <<>>,
  cache |-> (h1 :> <<>> @@ h2 :> <<>>),
  db |->
      [ next |-> 5,
        rv |-> 1,
        range |-> 1,
        info |->
            ( u1 :>
                  [ stage |-> "none",
                    result |-> [kind |-> "pending", value |-> "none"],
                    acceptedID |-> 0,
                    eventID |-> 0,
                    batchID |-> 0 ] @@
              u2 :>
                  [ stage |-> "none",
                    result |-> [kind |-> "pending", value |-> "none"],
                    acceptedID |-> 0,
                    eventID |-> 0,
                    batchID |-> 0 ] ),
        closed |-> FALSE,
        sticky |-> TRUE,
        task |->
            [ kind |-> "none",
              scheduled |-> 0,
              started |-> 0,
              startedTime |-> 0,
              attempt |-> 0,
              version |-> 1,
              stamp |-> 0,
              transient |-> FALSE,
              route |-> "normal" ],
        transfer |-> FALSE,
        events |-> <<>> ],
  ctx |->
      [ next |-> 6,
        generation |-> 1,
        rv |-> 1,
        range |-> 1,
        info |->
            ( u1 :>
                  [ stage |-> "none",
                    result |-> [kind |-> "pending", value |-> "none"],
                    acceptedID |-> 0,
                    eventID |-> 0,
                    batchID |-> 0 ] @@
              u2 :>
                  [ stage |-> "none",
                    result |-> [kind |-> "pending", value |-> "none"],
                    acceptedID |-> 0,
                    eventID |-> 0,
                    batchID |-> 0 ] ),
        closed |-> FALSE,
        sticky |-> TRUE,
        task |->
            [ kind |-> "Normal",
              scheduled |-> 5,
              started |-> 0,
              startedTime |-> 0,
              attempt |-> 1,
              version |-> 1,
              stamp |-> 0,
              transient |-> FALSE,
              route |-> "sticky" ],
        transfer |-> TRUE,
        reg |-> (u1 :> 0 @@ u2 :> 0),
        loaded |-> TRUE,
        host |-> h1 ],
  active |->
      [ kind |-> "none",
        result |-> [kind |-> "pending", value |-> "none"],
        oid |-> 0,
        prev |-> "none" ],
  batch |->
      << [ result |-> [kind |-> "pending", value |-> "none"],
           batchID |-> 5,
           uid |-> "none",
           key |->
               [ namespace |-> "namespace",
                 workflow |-> "workflow",
                 run |-> "run",
                 eventID |-> 5,
                 version |-> 1 ],
           type |-> "WFTScheduled" ] >>,
  pc |-> "errorClear",
  acquiring |-> FALSE,
  write |->
      [ state |-> "noncommit",
        returned |-> TRUE,
        error |-> "knownNoncommit",
        range |-> 1,
        rv |-> 1,
        next |-> 6,
        info |->
            ( u1 :>
                  [ stage |-> "none",
                    result |-> [kind |-> "pending", value |-> "none"],
                    acceptedID |-> 0,
                    eventID |-> 0,
                    batchID |-> 0 ] @@
              u2 :>
                  [ stage |-> "none",
                    result |-> [kind |-> "pending", value |-> "none"],
                    acceptedID |-> 0,
                    eventID |-> 0,
                    batchID |-> 0 ] ),
        closed |-> FALSE,
        sticky |-> TRUE,
        task |->
            [ kind |-> "Normal",
              scheduled |-> 5,
              started |-> 0,
              startedTime |-> 0,
              attempt |-> 1,
              version |-> 1,
              stamp |-> 0,
              transient |-> FALSE,
              route |-> "sticky" ],
        transfer |-> TRUE,
        events |->
            << [ result |-> [kind |-> "pending", value |-> "none"],
                 batchID |-> 5,
                 uid |-> "none",
                 key |->
                     [ namespace |-> "namespace",
                       workflow |-> "workflow",
                       run |-> "run",
                       eventID |-> 5,
                       version |-> 1 ],
                 type |-> "WFTScheduled" ] >> ],
  timerPointer |-> 0,
  physicalHistory |-> <<>>,
  returnPC |-> "idle",
  effects |-> <<>>,
  cancels |-> <<>>,
  second |-> "none",
  clearTodo |-> {},
  clearReturn |-> "cancel",
  handler |-> "schedule",
  caller |-> "none",
  selected |-> 0,
  inlineWorker |-> 0,
  commands |-> <<>>,
  closeCommand |-> FALSE,
  rejectTodo |-> {},
  successor |-> FALSE,
  skip |-> FALSE,
  clock |-> 0,
  limitRaised |-> FALSE,
  calls |->
      ( c1 :>
            [ uid |-> u2,
              op |-> "update",
              waitStage |-> "ACCEPTED",
              status |-> "request",
              oid |-> 0,
              expired |-> FALSE,
              reply |->
                  [ stage |-> "NONE",
                    result |-> [kind |-> "pending", value |-> "none"] ],
              active |-> TRUE ] @@
        c2 :>
            [ uid |-> u1,
              op |-> "update",
              waitStage |-> "ACCEPTED",
              status |-> "request",
              oid |-> 0,
              expired |-> FALSE,
              reply |->
                  [ stage |-> "NONE",
                    result |-> [kind |-> "pending", value |-> "none"] ],
              active |-> TRUE ] @@
        c3 :>
            [ uid |-> "none",
              op |-> "update",
              waitStage |-> "COMPLETED",
              status |-> "idle",
              oid |-> 0,
              expired |-> FALSE,
              reply |->
                  [ stage |-> "NONE",
                    result |-> [kind |-> "pending", value |-> "none"] ],
              active |-> FALSE ] @@
        c4 :>
            [ uid |-> "none",
              op |-> "update",
              waitStage |-> "COMPLETED",
              status |-> "idle",
              oid |-> 0,
              expired |-> FALSE,
              reply |->
                  [ stage |-> "NONE",
                    result |-> [kind |-> "pending", value |-> "none"] ],
              active |-> FALSE ] ),
  observed |-> {},
  applied |-> {},
  timeoutApplications |-> {},
  everRequested |-> {u1, u2} ]
/\ faults = [ request |-> 2,
  callback |-> 0,
  normal |-> 1,
  matchingFailure |-> 0,
  ignore |-> 0,
  close |-> 0,
  noncommit |-> 1,
  uncertain |-> 0,
  appendTimeout |-> 0,
  lateError |-> 0,
  clear |-> 0,
  ownership |-> 0,
  restart |-> 0,
  timeout |-> 0,
  limit |-> 0,
  responseLoss |-> 0,
  crash |-> 0,
  duplicate |-> 0,
  workerLoss |-> 0 ]

State 8: <MCContextClearBegin line 235, col 5 to line 236, col 23 of module MC>
/\ s = [ dispatch |-> <<>>,
  matching |-> <<>>,
  workers |-> <<>>,
  objects |-> <<>>,
  timers |-> <<>>,
  cache |-> (h1 :> <<>> @@ h2 :> <<>>),
  db |->
      [ next |-> 5,
        rv |-> 1,
        range |-> 1,
        info |->
            ( u1 :>
                  [ stage |-> "none",
                    result |-> [kind |-> "pending", value |-> "none"],
                    acceptedID |-> 0,
                    eventID |-> 0,
                    batchID |-> 0 ] @@
              u2 :>
                  [ stage |-> "none",
                    result |-> [kind |-> "pending", value |-> "none"],
                    acceptedID |-> 0,
                    eventID |-> 0,
                    batchID |-> 0 ] ),
        closed |-> FALSE,
        sticky |-> TRUE,
        task |->
            [ kind |-> "none",
              scheduled |-> 0,
              started |-> 0,
              startedTime |-> 0,
              attempt |-> 0,
              version |-> 1,
              stamp |-> 0,
              transient |-> FALSE,
              route |-> "normal" ],
        transfer |-> FALSE,
        events |-> <<>> ],
  ctx |->
      [ next |-> 6,
        generation |-> 1,
        rv |-> 1,
        range |-> 1,
        info |->
            ( u1 :>
                  [ stage |-> "none",
                    result |-> [kind |-> "pending", value |-> "none"],
                    acceptedID |-> 0,
                    eventID |-> 0,
                    batchID |-> 0 ] @@
              u2 :>
                  [ stage |-> "none",
                    result |-> [kind |-> "pending", value |-> "none"],
                    acceptedID |-> 0,
                    eventID |-> 0,
                    batchID |-> 0 ] ),
        closed |-> FALSE,
        sticky |-> TRUE,
        task |->
            [ kind |-> "Normal",
              scheduled |-> 5,
              started |-> 0,
              startedTime |-> 0,
              attempt |-> 1,
              version |-> 1,
              stamp |-> 0,
              transient |-> FALSE,
              route |-> "sticky" ],
        transfer |-> TRUE,
        reg |-> (u1 :> 0 @@ u2 :> 0),
        loaded |-> FALSE,
        host |-> h1 ],
  active |->
      [ kind |-> "none",
        result |-> [kind |-> "pending", value |-> "none"],
        oid |-> 0,
        prev |-> "none" ],
  batch |->
      << [ result |-> [kind |-> "pending", value |-> "none"],
           batchID |-> 5,
           uid |-> "none",
           key |->
               [ namespace |-> "namespace",
                 workflow |-> "workflow",
                 run |-> "run",
                 eventID |-> 5,
                 version |-> 1 ],
           type |-> "WFTScheduled" ] >>,
  pc |-> "clearing",
  acquiring |-> FALSE,
  write |->
      [ next |-> 6,
        rv |-> 1,
        state |-> "noncommit",
        returned |-> TRUE,
        error |-> "knownNoncommit",
        range |-> 1,
        info |->
            ( u1 :>
                  [ stage |-> "none",
                    result |-> [kind |-> "pending", value |-> "none"],
                    acceptedID |-> 0,
                    eventID |-> 0,
                    batchID |-> 0 ] @@
              u2 :>
                  [ stage |-> "none",
                    result |-> [kind |-> "pending", value |-> "none"],
                    acceptedID |-> 0,
                    eventID |-> 0,
                    batchID |-> 0 ] ),
        closed |-> FALSE,
        sticky |-> TRUE,
        task |->
            [ kind |-> "Normal",
              scheduled |-> 5,
              started |-> 0,
              startedTime |-> 0,
              attempt |-> 1,
              version |-> 1,
              stamp |-> 0,
              transient |-> FALSE,
              route |-> "sticky" ],
        transfer |-> TRUE,
        events |->
            << [ result |-> [kind |-> "pending", value |-> "none"],
                 batchID |-> 5,
                 uid |-> "none",
                 key |->
                     [ namespace |-> "namespace",
                       workflow |-> "workflow",
                       run |-> "run",
                       eventID |-> 5,
                       version |-> 1 ],
                 type |-> "WFTScheduled" ] >> ],
  timerPointer |-> 0,
  physicalHistory |-> <<>>,
  returnPC |-> "idle",
  effects |-> <<>>,
  cancels |-> <<>>,
  second |-> "none",
  clearTodo |-> {},
  clearReturn |-> "cancel",
  handler |-> "schedule",
  caller |-> "none",
  selected |-> 0,
  inlineWorker |-> 0,
  commands |-> <<>>,
  closeCommand |-> FALSE,
  rejectTodo |-> {},
  successor |-> FALSE,
  skip |-> FALSE,
  clock |-> 0,
  limitRaised |-> FALSE,
  calls |->
      ( c1 :>
            [ uid |-> u2,
              op |-> "update",
              waitStage |-> "ACCEPTED",
              status |-> "request",
              oid |-> 0,
              expired |-> FALSE,
              reply |->
                  [ stage |-> "NONE",
                    result |-> [kind |-> "pending", value |-> "none"] ],
              active |-> TRUE ] @@
        c2 :>
            [ uid |-> u1,
              op |-> "update",
              waitStage |-> "ACCEPTED",
              status |-> "request",
              oid |-> 0,
              expired |-> FALSE,
              reply |->
                  [ stage |-> "NONE",
                    result |-> [kind |-> "pending", value |-> "none"] ],
              active |-> TRUE ] @@
        c3 :>
            [ uid |-> "none",
              op |-> "update",
              waitStage |-> "COMPLETED",
              status |-> "idle",
              oid |-> 0,
              expired |-> FALSE,
              reply |->
                  [ stage |-> "NONE",
                    result |-> [kind |-> "pending", value |-> "none"] ],
              active |-> FALSE ] @@
        c4 :>
            [ uid |-> "none",
              op |-> "update",
              waitStage |-> "COMPLETED",
              status |-> "idle",
              oid |-> 0,
              expired |-> FALSE,
              reply |->
                  [ stage |-> "NONE",
                    result |-> [kind |-> "pending", value |-> "none"] ],
              active |-> FALSE ] ),
  observed |-> {},
  applied |-> {},
  timeoutApplications |-> {},
  everRequested |-> {u1, u2} ]
/\ faults = [ request |-> 2,
  callback |-> 0,
  normal |-> 1,
  matchingFailure |-> 0,
  ignore |-> 0,
  close |-> 0,
  noncommit |-> 1,
  uncertain |-> 0,
  appendTimeout |-> 0,
  lateError |-> 0,
  clear |-> 0,
  ownership |-> 0,
  restart |-> 0,
  timeout |-> 0,
  limit |-> 0,
  responseLoss |-> 0,
  crash |-> 0,
  duplicate |-> 0,
  workerLoss |-> 0 ]

State 9: <MCContextClearDone line 247, col 5 to line 248, col 23 of module MC>
/\ s = [ dispatch |-> <<>>,
  matching |-> <<>>,
  workers |-> <<>>,
  objects |-> <<>>,
  timers |-> <<>>,
  cache |-> (h1 :> <<>> @@ h2 :> <<>>),
  db |->
      [ next |-> 5,
        rv |-> 1,
        range |-> 1,
        info |->
            ( u1 :>
                  [ stage |-> "none",
                    result |-> [kind |-> "pending", value |-> "none"],
                    acceptedID |-> 0,
                    eventID |-> 0,
                    batchID |-> 0 ] @@
              u2 :>
                  [ stage |-> "none",
                    result |-> [kind |-> "pending", value |-> "none"],
                    acceptedID |-> 0,
                    eventID |-> 0,
                    batchID |-> 0 ] ),
        closed |-> FALSE,
        sticky |-> TRUE,
        task |->
            [ kind |-> "none",
              scheduled |-> 0,
              started |-> 0,
              startedTime |-> 0,
              attempt |-> 0,
              version |-> 1,
              stamp |-> 0,
              transient |-> FALSE,
              route |-> "normal" ],
        transfer |-> FALSE,
        events |-> <<>> ],
  ctx |->
      [ next |-> 6,
        generation |-> 1,
        rv |-> 1,
        range |-> 1,
        info |->
            ( u1 :>
                  [ stage |-> "none",
                    result |-> [kind |-> "pending", value |-> "none"],
                    acceptedID |-> 0,
                    eventID |-> 0,
                    batchID |-> 0 ] @@
              u2 :>
                  [ stage |-> "none",
                    result |-> [kind |-> "pending", value |-> "none"],
                    acceptedID |-> 0,
                    eventID |-> 0,
                    batchID |-> 0 ] ),
        closed |-> FALSE,
        sticky |-> TRUE,
        task |->
            [ kind |-> "none",
              scheduled |-> 0,
              started |-> 0,
              startedTime |-> 0,
              attempt |-> 0,
              version |-> 1,
              stamp |-> 0,
              transient |-> FALSE,
              route |-> "normal" ],
        transfer |-> TRUE,
        reg |-> (u1 :> 0 @@ u2 :> 0),
        loaded |-> FALSE,
        host |-> h1 ],
  active |->
      [ kind |-> "none",
        result |-> [kind |-> "pending", value |-> "none"],
        oid |-> 0,
        prev |-> "none" ],
  batch |-> <<>>,
  pc |-> "cancel",
  acquiring |-> FALSE,
  write |->
      [ next |-> 6,
        rv |-> 1,
        state |-> "noncommit",
        returned |-> TRUE,
        error |-> "knownNoncommit",
        range |-> 1,
        info |->
            ( u1 :>
                  [ stage |-> "none",
                    result |-> [kind |-> "pending", value |-> "none"],
                    acceptedID |-> 0,
                    eventID |-> 0,
                    batchID |-> 0 ] @@
              u2 :>
                  [ stage |-> "none",
                    result |-> [kind |-> "pending", value |-> "none"],
                    acceptedID |-> 0,
                    eventID |-> 0,
                    batchID |-> 0 ] ),
        closed |-> FALSE,
        sticky |-> TRUE,
        task |->
            [ kind |-> "Normal",
              scheduled |-> 5,
              started |-> 0,
              startedTime |-> 0,
              attempt |-> 1,
              version |-> 1,
              stamp |-> 0,
              transient |-> FALSE,
              route |-> "sticky" ],
        transfer |-> TRUE,
        events |->
            << [ result |-> [kind |-> "pending", value |-> "none"],
                 batchID |-> 5,
                 uid |-> "none",
                 key |->
                     [ namespace |-> "namespace",
                       workflow |-> "workflow",
                       run |-> "run",
                       eventID |-> 5,
                       version |-> 1 ],
                 type |-> "WFTScheduled" ] >> ],
  timerPointer |-> 0,
  physicalHistory |-> <<>>,
  returnPC |-> "idle",
  effects |-> <<>>,
  cancels |-> <<>>,
  second |-> "none",
  clearTodo |-> {},
  clearReturn |-> "cancel",
  handler |-> "schedule",
  caller |-> "none",
  selected |-> 0,
  inlineWorker |-> 0,
  commands |-> <<>>,
  closeCommand |-> FALSE,
  rejectTodo |-> {},
  successor |-> FALSE,
  skip |-> FALSE,
  clock |-> 0,
  limitRaised |-> FALSE,
  calls |->
      ( c1 :>
            [ uid |-> u2,
              op |-> "update",
              waitStage |-> "ACCEPTED",
              status |-> "request",
              oid |-> 0,
              expired |-> FALSE,
              reply |->
                  [ stage |-> "NONE",
                    result |-> [kind |-> "pending", value |-> "none"] ],
              active |-> TRUE ] @@
        c2 :>
            [ uid |-> u1,
              op |-> "update",
              waitStage |-> "ACCEPTED",
              status |-> "request",
              oid |-> 0,
              expired |-> FALSE,
              reply |->
                  [ stage |-> "NONE",
                    result |-> [kind |-> "pending", value |-> "none"] ],
              active |-> TRUE ] @@
        c3 :>
            [ uid |-> "none",
              op |-> "update",
              waitStage |-> "COMPLETED",
              status |-> "idle",
              oid |-> 0,
              expired |-> FALSE,
              reply |->
                  [ stage |-> "NONE",
                    result |-> [kind |-> "pending", value |-> "none"] ],
              active |-> FALSE ] @@
        c4 :>
            [ uid |-> "none",
              op |-> "update",
              waitStage |-> "COMPLETED",
              status |-> "idle",
              oid |-> 0,
              expired |-> FALSE,
              reply |->
                  [ stage |-> "NONE",
                    result |-> [kind |-> "pending", value |-> "none"] ],
              active |-> FALSE ] ),
  observed |-> {},
  applied |-> {},
  timeoutApplications |-> {},
  everRequested |-> {u1, u2} ]
/\ faults = [ request |-> 2,
  callback |-> 0,
  normal |-> 1,
  matchingFailure |-> 0,
  ignore |-> 0,
  close |-> 0,
  noncommit |-> 1,
  uncertain |-> 0,
  appendTimeout |-> 0,
  lateError |-> 0,
  clear |-> 0,
  ownership |-> 0,
  restart |-> 0,
  timeout |-> 0,
  limit |-> 0,
  responseLoss |-> 0,
  crash |-> 0,
  duplicate |-> 0,
  workerLoss |-> 0 ]

State 10: <MCBufferCancelDone line 255, col 5 to line 256, col 23 of module MC>
/\ s = [ dispatch |-> <<>>,
  matching |-> <<>>,
  workers |-> <<>>,
  objects |-> <<>>,
  timers |-> <<>>,
  cache |-> (h1 :> <<>> @@ h2 :> <<>>),
  db |->
      [ next |-> 5,
        rv |-> 1,
        range |-> 1,
        info |->
            ( u1 :>
                  [ stage |-> "none",
                    result |-> [kind |-> "pending", value |-> "none"],
                    acceptedID |-> 0,
                    eventID |-> 0,
                    batchID |-> 0 ] @@
              u2 :>
                  [ stage |-> "none",
                    result |-> [kind |-> "pending", value |-> "none"],
                    acceptedID |-> 0,
                    eventID |-> 0,
                    batchID |-> 0 ] ),
        closed |-> FALSE,
        sticky |-> TRUE,
        task |->
            [ kind |-> "none",
              scheduled |-> 0,
              started |-> 0,
              startedTime |-> 0,
              attempt |-> 0,
              version |-> 1,
              stamp |-> 0,
              transient |-> FALSE,
              route |-> "normal" ],
        transfer |-> FALSE,
        events |-> <<>> ],
  ctx |->
      [ next |-> 6,
        generation |-> 1,
        rv |-> 1,
        range |-> 1,
        info |->
            ( u1 :>
                  [ stage |-> "none",
                    result |-> [kind |-> "pending", value |-> "none"],
                    acceptedID |-> 0,
                    eventID |-> 0,
                    batchID |-> 0 ] @@
              u2 :>
                  [ stage |-> "none",
                    result |-> [kind |-> "pending", value |-> "none"],
                    acceptedID |-> 0,
                    eventID |-> 0,
                    batchID |-> 0 ] ),
        closed |-> FALSE,
        sticky |-> TRUE,
        task |->
            [ kind |-> "none",
              scheduled |-> 0,
              started |-> 0,
              startedTime |-> 0,
              attempt |-> 0,
              version |-> 1,
              stamp |-> 0,
              transient |-> FALSE,
              route |-> "normal" ],
        transfer |-> TRUE,
        reg |-> (u1 :> 0 @@ u2 :> 0),
        loaded |-> FALSE,
        host |-> h1 ],
  active |->
      [ kind |-> "none",
        result |-> [kind |-> "pending", value |-> "none"],
        oid |-> 0,
        prev |-> "none" ],
  batch |-> <<>>,
  pc |-> "idle",
  acquiring |-> FALSE,
  write |->
      [ next |-> 6,
        rv |-> 1,
        state |-> "noncommit",
        returned |-> TRUE,
        error |-> "knownNoncommit",
        range |-> 1,
        info |->
            ( u1 :>
                  [ stage |-> "none",
                    result |-> [kind |-> "pending", value |-> "none"],
                    acceptedID |-> 0,
                    eventID |-> 0,
                    batchID |-> 0 ] @@
              u2 :>
                  [ stage |-> "none",
                    result |-> [kind |-> "pending", value |-> "none"],
                    acceptedID |-> 0,
                    eventID |-> 0,
                    batchID |-> 0 ] ),
        closed |-> FALSE,
        sticky |-> TRUE,
        task |->
            [ kind |-> "Normal",
              scheduled |-> 5,
              started |-> 0,
              startedTime |-> 0,
              attempt |-> 1,
              version |-> 1,
              stamp |-> 0,
              transient |-> FALSE,
              route |-> "sticky" ],
        transfer |-> TRUE,
        events |->
            << [ result |-> [kind |-> "pending", value |-> "none"],
                 batchID |-> 5,
                 uid |-> "none",
                 key |->
                     [ namespace |-> "namespace",
                       workflow |-> "workflow",
                       run |-> "run",
                       eventID |-> 5,
                       version |-> 1 ],
                 type |-> "WFTScheduled" ] >> ],
  timerPointer |-> 0,
  physicalHistory |-> <<>>,
  returnPC |-> "idle",
  effects |-> <<>>,
  cancels |-> <<>>,
  second |-> "none",
  clearTodo |-> {},
  clearReturn |-> "cancel",
  handler |-> "none",
  caller |-> "none",
  selected |-> 0,
  inlineWorker |-> 0,
  commands |-> <<>>,
  closeCommand |-> FALSE,
  rejectTodo |-> {},
  successor |-> FALSE,
  skip |-> FALSE,
  clock |-> 0,
  limitRaised |-> FALSE,
  calls |->
      ( c1 :>
            [ uid |-> u2,
              op |-> "update",
              waitStage |-> "ACCEPTED",
              status |-> "request",
              oid |-> 0,
              expired |-> FALSE,
              reply |->
                  [ stage |-> "NONE",
                    result |-> [kind |-> "pending", value |-> "none"] ],
              active |-> TRUE ] @@
        c2 :>
            [ uid |-> u1,
              op |-> "update",
              waitStage |-> "ACCEPTED",
              status |-> "request",
              oid |-> 0,
              expired |-> FALSE,
              reply |->
                  [ stage |-> "NONE",
                    result |-> [kind |-> "pending", value |-> "none"] ],
              active |-> TRUE ] @@
        c3 :>
            [ uid |-> "none",
              op |-> "update",
              waitStage |-> "COMPLETED",
              status |-> "idle",
              oid |-> 0,
              expired |-> FALSE,
              reply |->
                  [ stage |-> "NONE",
                    result |-> [kind |-> "pending", value |-> "none"] ],
              active |-> FALSE ] @@
        c4 :>
            [ uid |-> "none",
              op |-> "update",
              waitStage |-> "COMPLETED",
              status |-> "idle",
              oid |-> 0,
              expired |-> FALSE,
              reply |->
                  [ stage |-> "NONE",
                    result |-> [kind |-> "pending", value |-> "none"] ],
              active |-> FALSE ] ),
  observed |-> {},
  applied |-> {},
  timeoutApplications |-> {},
  everRequested |-> {u1, u2} ]
/\ faults = [ request |-> 2,
  callback |-> 0,
  normal |-> 1,
  matchingFailure |-> 0,
  ignore |-> 0,
  close |-> 0,
  noncommit |-> 1,
  uncertain |-> 0,
  appendTimeout |-> 0,
  lateError |-> 0,
  clear |-> 0,
  ownership |-> 0,
  restart |-> 0,
  timeout |-> 0,
  limit |-> 0,
  responseLoss |-> 0,
  crash |-> 0,
  duplicate |-> 0,
  workerLoss |-> 0 ]

State 11: <MCLoseShardOwnership line 264, col 5 to line 266, col 50 of module MC>
/\ s = [ dispatch |-> <<>>,
  matching |-> <<>>,
  workers |-> <<>>,
  objects |-> <<>>,
  timers |-> <<>>,
  cache |-> (h1 :> <<>> @@ h2 :> <<>>),
  db |->
      [ next |-> 5,
        rv |-> 1,
        range |-> 1,
        info |->
            ( u1 :>
                  [ stage |-> "none",
                    result |-> [kind |-> "pending", value |-> "none"],
                    acceptedID |-> 0,
                    eventID |-> 0,
                    batchID |-> 0 ] @@
              u2 :>
                  [ stage |-> "none",
                    result |-> [kind |-> "pending", value |-> "none"],
                    acceptedID |-> 0,
                    eventID |-> 0,
                    batchID |-> 0 ] ),
        closed |-> FALSE,
        sticky |-> TRUE,
        task |->
            [ kind |-> "none",
              scheduled |-> 0,
              started |-> 0,
              startedTime |-> 0,
              attempt |-> 0,
              version |-> 1,
              stamp |-> 0,
              transient |-> FALSE,
              route |-> "normal" ],
        transfer |-> FALSE,
        events |-> <<>> ],
  ctx |->
      [ next |-> 6,
        generation |-> 1,
        rv |-> 1,
        range |-> 1,
        info |->
            ( u1 :>
                  [ stage |-> "none",
                    result |-> [kind |-> "pending", value |-> "none"],
                    acceptedID |-> 0,
                    eventID |-> 0,
                    batchID |-> 0 ] @@
              u2 :>
                  [ stage |-> "none",
                    result |-> [kind |-> "pending", value |-> "none"],
                    acceptedID |-> 0,
                    eventID |-> 0,
                    batchID |-> 0 ] ),
        closed |-> FALSE,
        sticky |-> TRUE,
        task |->
            [ kind |-> "none",
              scheduled |-> 0,
              started |-> 0,
              startedTime |-> 0,
              attempt |-> 0,
              version |-> 1,
              stamp |-> 0,
              transient |-> FALSE,
              route |-> "normal" ],
        transfer |-> TRUE,
        reg |-> (u1 :> 0 @@ u2 :> 0),
        loaded |-> FALSE,
        host |-> h1 ],
  active |->
      [ kind |-> "none",
        result |-> [kind |-> "pending", value |-> "none"],
        oid |-> 0,
        prev |-> "none" ],
  batch |-> <<>>,
  pc |-> "shardClear",
  acquiring |-> TRUE,
  write |->
      [ next |-> 6,
        rv |-> 1,
        state |-> "noncommit",
        returned |-> TRUE,
        error |-> "knownNoncommit",
        range |-> 1,
        info |->
            ( u1 :>
                  [ stage |-> "none",
                    result |-> [kind |-> "pending", value |-> "none"],
                    acceptedID |-> 0,
                    eventID |-> 0,
                    batchID |-> 0 ] @@
              u2 :>
                  [ stage |-> "none",
                    result |-> [kind |-> "pending", value |-> "none"],
                    acceptedID |-> 0,
                    eventID |-> 0,
                    batchID |-> 0 ] ),
        closed |-> FALSE,
        sticky |-> TRUE,
        task |->
            [ kind |-> "Normal",
              scheduled |-> 5,
              started |-> 0,
              startedTime |-> 0,
              attempt |-> 1,
              version |-> 1,
              stamp |-> 0,
              transient |-> FALSE,
              route |-> "sticky" ],
        transfer |-> TRUE,
        events |->
            << [ result |-> [kind |-> "pending", value |-> "none"],
                 batchID |-> 5,
                 uid |-> "none",
                 key |->
                     [ namespace |-> "namespace",
                       workflow |-> "workflow",
                       run |-> "run",
                       eventID |-> 5,
                       version |-> 1 ],
                 type |-> "WFTScheduled" ] >> ],
  timerPointer |-> 0,
  physicalHistory |-> <<>>,
  returnPC |-> "idle",
  effects |-> <<>>,
  cancels |-> <<>>,
  second |-> "none",
  clearTodo |-> {},
  clearReturn |-> "idle",
  handler |-> "none",
  caller |-> "none",
  selected |-> 0,
  inlineWorker |-> 0,
  commands |-> <<>>,
  closeCommand |-> FALSE,
  rejectTodo |-> {},
  successor |-> FALSE,
  skip |-> FALSE,
  clock |-> 0,
  limitRaised |-> FALSE,
  calls |->
      ( c1 :>
            [ uid |-> u2,
              op |-> "update",
              waitStage |-> "ACCEPTED",
              status |-> "request",
              oid |-> 0,
              expired |-> FALSE,
              reply |->
                  [ stage |-> "NONE",
                    result |-> [kind |-> "pending", value |-> "none"] ],
              active |-> TRUE ] @@
        c2 :>
            [ uid |-> u1,
              op |-> "update",
              waitStage |-> "ACCEPTED",
              status |-> "request",
              oid |-> 0,
              expired |-> FALSE,
              reply |->
                  [ stage |-> "NONE",
                    result |-> [kind |-> "pending", value |-> "none"] ],
              active |-> TRUE ] @@
        c3 :>
            [ uid |-> "none",
              op |-> "update",
              waitStage |-> "COMPLETED",
              status |-> "idle",
              oid |-> 0,
              expired |-> FALSE,
              reply |->
                  [ stage |-> "NONE",
                    result |-> [kind |-> "pending", value |-> "none"] ],
              active |-> FALSE ] @@
        c4 :>
            [ uid |-> "none",
              op |-> "update",
              waitStage |-> "COMPLETED",
              status |-> "idle",
              oid |-> 0,
              expired |-> FALSE,
              reply |->
                  [ stage |-> "NONE",
                    result |-> [kind |-> "pending", value |-> "none"] ],
              active |-> FALSE ] ),
  observed |-> {},
  applied |-> {},
  timeoutApplications |-> {},
  everRequested |-> {u1, u2} ]
/\ faults = [ request |-> 2,
  callback |-> 0,
  normal |-> 1,
  matchingFailure |-> 0,
  ignore |-> 0,
  close |-> 0,
  noncommit |-> 1,
  uncertain |-> 0,
  appendTimeout |-> 0,
  lateError |-> 0,
  clear |-> 0,
  ownership |-> 1,
  restart |-> 0,
  timeout |-> 0,
  limit |-> 0,
  responseLoss |-> 0,
  crash |-> 0,
  duplicate |-> 0,
  workerLoss |-> 0 ]

State 12: <MCContextClearBegin line 235, col 5 to line 236, col 23 of module MC>
/\ s = [ dispatch |-> <<>>,
  matching |-> <<>>,
  workers |-> <<>>,
  objects |-> <<>>,
  timers |-> <<>>,
  cache |-> (h1 :> <<>> @@ h2 :> <<>>),
  db |->
      [ next |-> 5,
        rv |-> 1,
        range |-> 1,
        info |->
            ( u1 :>
                  [ stage |-> "none",
                    result |-> [kind |-> "pending", value |-> "none"],
                    acceptedID |-> 0,
                    eventID |-> 0,
                    batchID |-> 0 ] @@
              u2 :>
                  [ stage |-> "none",
                    result |-> [kind |-> "pending", value |-> "none"],
                    acceptedID |-> 0,
                    eventID |-> 0,
                    batchID |-> 0 ] ),
        closed |-> FALSE,
        sticky |-> TRUE,
        task |->
            [ kind |-> "none",
              scheduled |-> 0,
              started |-> 0,
              startedTime |-> 0,
              attempt |-> 0,
              version |-> 1,
              stamp |-> 0,
              transient |-> FALSE,
              route |-> "normal" ],
        transfer |-> FALSE,
        events |-> <<>> ],
  ctx |->
      [ next |-> 6,
        generation |-> 1,
        rv |-> 1,
        range |-> 1,
        info |->
            ( u1 :>
                  [ stage |-> "none",
                    result |-> [kind |-> "pending", value |-> "none"],
                    acceptedID |-> 0,
                    eventID |-> 0,
                    batchID |-> 0 ] @@
              u2 :>
                  [ stage |-> "none",
                    result |-> [kind |-> "pending", value |-> "none"],
                    acceptedID |-> 0,
                    eventID |-> 0,
                    batchID |-> 0 ] ),
        closed |-> FALSE,
        sticky |-> TRUE,
        task |->
            [ kind |-> "none",
              scheduled |-> 0,
              started |-> 0,
              startedTime |-> 0,
              attempt |-> 0,
              version |-> 1,
              stamp |-> 0,
              transient |-> FALSE,
              route |-> "normal" ],
        transfer |-> TRUE,
        reg |-> (u1 :> 0 @@ u2 :> 0),
        loaded |-> FALSE,
        host |-> h1 ],
  active |->
      [ kind |-> "none",
        result |-> [kind |-> "pending", value |-> "none"],
        oid |-> 0,
        prev |-> "none" ],
  batch |-> <<>>,
  pc |-> "clearing",
  acquiring |-> TRUE,
  write |->
      [ next |-> 6,
        rv |-> 1,
        state |-> "noncommit",
        returned |-> TRUE,
        error |-> "knownNoncommit",
        range |-> 1,
        info |->
            ( u1 :>
                  [ stage |-> "none",
                    result |-> [kind |-> "pending", value |-> "none"],
                    acceptedID |-> 0,
                    eventID |-> 0,
                    batchID |-> 0 ] @@
              u2 :>
                  [ stage |-> "none",
                    result |-> [kind |-> "pending", value |-> "none"],
                    acceptedID |-> 0,
                    eventID |-> 0,
                    batchID |-> 0 ] ),
        closed |-> FALSE,
        sticky |-> TRUE,
        task |->
            [ kind |-> "Normal",
              scheduled |-> 5,
              started |-> 0,
              startedTime |-> 0,
              attempt |-> 1,
              version |-> 1,
              stamp |-> 0,
              transient |-> FALSE,
              route |-> "sticky" ],
        transfer |-> TRUE,
        events |->
            << [ result |-> [kind |-> "pending", value |-> "none"],
                 batchID |-> 5,
                 uid |-> "none",
                 key |->
                     [ namespace |-> "namespace",
                       workflow |-> "workflow",
                       run |-> "run",
                       eventID |-> 5,
                       version |-> 1 ],
                 type |-> "WFTScheduled" ] >> ],
  timerPointer |-> 0,
  physicalHistory |-> <<>>,
  returnPC |-> "idle",
  effects |-> <<>>,
  cancels |-> <<>>,
  second |-> "none",
  clearTodo |-> {},
  clearReturn |-> "idle",
  handler |-> "none",
  caller |-> "none",
  selected |-> 0,
  inlineWorker |-> 0,
  commands |-> <<>>,
  closeCommand |-> FALSE,
  rejectTodo |-> {},
  successor |-> FALSE,
  skip |-> FALSE,
  clock |-> 0,
  limitRaised |-> FALSE,
  calls |->
      ( c1 :>
            [ uid |-> u2,
              op |-> "update",
              waitStage |-> "ACCEPTED",
              status |-> "request",
              oid |-> 0,
              expired |-> FALSE,
              reply |->
                  [ stage |-> "NONE",
                    result |-> [kind |-> "pending", value |-> "none"] ],
              active |-> TRUE ] @@
        c2 :>
            [ uid |-> u1,
              op |-> "update",
              waitStage |-> "ACCEPTED",
              status |-> "request",
              oid |-> 0,
              expired |-> FALSE,
              reply |->
                  [ stage |-> "NONE",
                    result |-> [kind |-> "pending", value |-> "none"] ],
              active |-> TRUE ] @@
        c3 :>
            [ uid |-> "none",
              op |-> "update",
              waitStage |-> "COMPLETED",
              status |-> "idle",
              oid |-> 0,
              expired |-> FALSE,
              reply |->
                  [ stage |-> "NONE",
                    result |-> [kind |-> "pending", value |-> "none"] ],
              active |-> FALSE ] @@
        c4 :>
            [ uid |-> "none",
              op |-> "update",
              waitStage |-> "COMPLETED",
              status |-> "idle",
              oid |-> 0,
              expired |-> FALSE,
              reply |->
                  [ stage |-> "NONE",
                    result |-> [kind |-> "pending", value |-> "none"] ],
              active |-> FALSE ] ),
  observed |-> {},
  applied |-> {},
  timeoutApplications |-> {},
  everRequested |-> {u1, u2} ]
/\ faults = [ request |-> 2,
  callback |-> 0,
  normal |-> 1,
  matchingFailure |-> 0,
  ignore |-> 0,
  close |-> 0,
  noncommit |-> 1,
  uncertain |-> 0,
  appendTimeout |-> 0,
  lateError |-> 0,
  clear |-> 0,
  ownership |-> 1,
  restart |-> 0,
  timeout |-> 0,
  limit |-> 0,
  responseLoss |-> 0,
  crash |-> 0,
  duplicate |-> 0,
  workerLoss |-> 0 ]

State 13: <MCContextClearDone line 247, col 5 to line 248, col 23 of module MC>
/\ s = [ dispatch |-> <<>>,
  matching |-> <<>>,
  workers |-> <<>>,
  objects |-> <<>>,
  timers |-> <<>>,
  cache |-> (h1 :> <<>> @@ h2 :> <<>>),
  db |->
      [ next |-> 5,
        rv |-> 1,
        range |-> 1,
        info |->
            ( u1 :>
                  [ stage |-> "none",
                    result |-> [kind |-> "pending", value |-> "none"],
                    acceptedID |-> 0,
                    eventID |-> 0,
                    batchID |-> 0 ] @@
              u2 :>
                  [ stage |-> "none",
                    result |-> [kind |-> "pending", value |-> "none"],
                    acceptedID |-> 0,
                    eventID |-> 0,
                    batchID |-> 0 ] ),
        closed |-> FALSE,
        sticky |-> TRUE,
        task |->
            [ kind |-> "none",
              scheduled |-> 0,
              started |-> 0,
              startedTime |-> 0,
              attempt |-> 0,
              version |-> 1,
              stamp |-> 0,
              transient |-> FALSE,
              route |-> "normal" ],
        transfer |-> FALSE,
        events |-> <<>> ],
  ctx |->
      [ next |-> 6,
        generation |-> 1,
        rv |-> 1,
        range |-> 1,
        info |->
            ( u1 :>
                  [ stage |-> "none",
                    result |-> [kind |-> "pending", value |-> "none"],
                    acceptedID |-> 0,
                    eventID |-> 0,
                    batchID |-> 0 ] @@
              u2 :>
                  [ stage |-> "none",
                    result |-> [kind |-> "pending", value |-> "none"],
                    acceptedID |-> 0,
                    eventID |-> 0,
                    batchID |-> 0 ] ),
        closed |-> FALSE,
        sticky |-> TRUE,
        task |->
            [ kind |-> "none",
              scheduled |-> 0,
              started |-> 0,
              startedTime |-> 0,
              attempt |-> 0,
              version |-> 1,
              stamp |-> 0,
              transient |-> FALSE,
              route |-> "normal" ],
        transfer |-> TRUE,
        reg |-> (u1 :> 0 @@ u2 :> 0),
        loaded |-> FALSE,
        host |-> h1 ],
  active |->
      [ kind |-> "none",
        result |-> [kind |-> "pending", value |-> "none"],
        oid |-> 0,
        prev |-> "none" ],
  batch |-> <<>>,
  pc |-> "idle",
  acquiring |-> TRUE,
  write |->
      [ next |-> 6,
        rv |-> 1,
        state |-> "noncommit",
        returned |-> TRUE,
        error |-> "knownNoncommit",
        range |-> 1,
        info |->
            ( u1 :>
                  [ stage |-> "none",
                    result |-> [kind |-> "pending", value |-> "none"],
                    acceptedID |-> 0,
                    eventID |-> 0,
                    batchID |-> 0 ] @@
              u2 :>
                  [ stage |-> "none",
                    result |-> [kind |-> "pending", value |-> "none"],
                    acceptedID |-> 0,
                    eventID |-> 0,
                    batchID |-> 0 ] ),
        closed |-> FALSE,
        sticky |-> TRUE,
        task |->
            [ kind |-> "Normal",
              scheduled |-> 5,
              started |-> 0,
              startedTime |-> 0,
              attempt |-> 1,
              version |-> 1,
              stamp |-> 0,
              transient |-> FALSE,
              route |-> "sticky" ],
        transfer |-> TRUE,
        events |->
            << [ result |-> [kind |-> "pending", value |-> "none"],
                 batchID |-> 5,
                 uid |-> "none",
                 key |->
                     [ namespace |-> "namespace",
                       workflow |-> "workflow",
                       run |-> "run",
                       eventID |-> 5,
                       version |-> 1 ],
                 type |-> "WFTScheduled" ] >> ],
  timerPointer |-> 0,
  physicalHistory |-> <<>>,
  returnPC |-> "idle",
  effects |-> <<>>,
  cancels |-> <<>>,
  second |-> "none",
  clearTodo |-> {},
  clearReturn |-> "idle",
  handler |-> "none",
  caller |-> "none",
  selected |-> 0,
  inlineWorker |-> 0,
  commands |-> <<>>,
  closeCommand |-> FALSE,
  rejectTodo |-> {},
  successor |-> FALSE,
  skip |-> FALSE,
  clock |-> 0,
  limitRaised |-> FALSE,
  calls |->
      ( c1 :>
            [ uid |-> u2,
              op |-> "update",
              waitStage |-> "ACCEPTED",
              status |-> "request",
              oid |-> 0,
              expired |-> FALSE,
              reply |->
                  [ stage |-> "NONE",
                    result |-> [kind |-> "pending", value |-> "none"] ],
              active |-> TRUE ] @@
        c2 :>
            [ uid |-> u1,
              op |-> "update",
              waitStage |-> "ACCEPTED",
              status |-> "request",
              oid |-> 0,
              expired |-> FALSE,
              reply |->
                  [ stage |-> "NONE",
                    result |-> [kind |-> "pending", value |-> "none"] ],
              active |-> TRUE ] @@
        c3 :>
            [ uid |-> "none",
              op |-> "update",
              waitStage |-> "COMPLETED",
              status |-> "idle",
              oid |-> 0,
              expired |-> FALSE,
              reply |->
                  [ stage |-> "NONE",
                    result |-> [kind |-> "pending", value |-> "none"] ],
              active |-> FALSE ] @@
        c4 :>
            [ uid |-> "none",
              op |-> "update",
              waitStage |-> "COMPLETED",
              status |-> "idle",
              oid |-> 0,
              expired |-> FALSE,
              reply |->
                  [ stage |-> "NONE",
                    result |-> [kind |-> "pending", value |-> "none"] ],
              active |-> FALSE ] ),
  observed |-> {},
  applied |-> {},
  timeoutApplications |-> {},
  everRequested |-> {u1, u2} ]
/\ faults = [ request |-> 2,
  callback |-> 0,
  normal |-> 1,
  matchingFailure |-> 0,
  ignore |-> 0,
  close |-> 0,
  noncommit |-> 1,
  uncertain |-> 0,
  appendTimeout |-> 0,
  lateError |-> 0,
  clear |-> 0,
  ownership |-> 1,
  restart |-> 0,
  timeout |-> 0,
  limit |-> 0,
  responseLoss |-> 0,
  crash |-> 0,
  duplicate |-> 0,
  workerLoss |-> 0 ]

State 14: <MCAcquireShard(h1) line 269, col 5 to line 270, col 23 of module MC>
/\ s = [ dispatch |-> <<>>,
  matching |-> <<>>,
  workers |-> <<>>,
  objects |-> <<>>,
  timers |-> <<>>,
  cache |-> (h1 :> <<>> @@ h2 :> <<>>),
  db |->
      [ next |-> 5,
        rv |-> 1,
        range |-> 2,
        info |->
            ( u1 :>
                  [ stage |-> "none",
                    result |-> [kind |-> "pending", value |-> "none"],
                    acceptedID |-> 0,
                    eventID |-> 0,
                    batchID |-> 0 ] @@
              u2 :>
                  [ stage |-> "none",
                    result |-> [kind |-> "pending", value |-> "none"],
                    acceptedID |-> 0,
                    eventID |-> 0,
                    batchID |-> 0 ] ),
        closed |-> FALSE,
        sticky |-> TRUE,
        task |->
            [ kind |-> "none",
              scheduled |-> 0,
              started |-> 0,
              startedTime |-> 0,
              attempt |-> 0,
              version |-> 1,
              stamp |-> 0,
              transient |-> FALSE,
              route |-> "normal" ],
        transfer |-> FALSE,
        events |-> <<>> ],
  ctx |->
      [ next |-> 6,
        generation |-> 1,
        rv |-> 1,
        range |-> 2,
        info |->
            ( u1 :>
                  [ stage |-> "none",
                    result |-> [kind |-> "pending", value |-> "none"],
                    acceptedID |-> 0,
                    eventID |-> 0,
                    batchID |-> 0 ] @@
              u2 :>
                  [ stage |-> "none",
                    result |-> [kind |-> "pending", value |-> "none"],
                    acceptedID |-> 0,
                    eventID |-> 0,
                    batchID |-> 0 ] ),
        closed |-> FALSE,
        sticky |-> TRUE,
        task |->
            [ kind |-> "none",
              scheduled |-> 0,
              started |-> 0,
              startedTime |-> 0,
              attempt |-> 0,
              version |-> 1,
              stamp |-> 0,
              transient |-> FALSE,
              route |-> "normal" ],
        transfer |-> TRUE,
        reg |-> (u1 :> 0 @@ u2 :> 0),
        loaded |-> FALSE,
        host |-> h1 ],
  active |->
      [ kind |-> "none",
        result |-> [kind |-> "pending", value |-> "none"],
        oid |-> 0,
        prev |-> "none" ],
  batch |-> <<>>,
  pc |-> "idle",
  acquiring |-> FALSE,
  write |->
      [ next |-> 6,
        rv |-> 1,
        state |-> "noncommit",
        returned |-> TRUE,
        error |-> "knownNoncommit",
        range |-> 1,
        info |->
            ( u1 :>
                  [ stage |-> "none",
                    result |-> [kind |-> "pending", value |-> "none"],
                    acceptedID |-> 0,
                    eventID |-> 0,
                    batchID |-> 0 ] @@
              u2 :>
                  [ stage |-> "none",
                    result |-> [kind |-> "pending", value |-> "none"],
                    acceptedID |-> 0,
                    eventID |-> 0,
                    batchID |-> 0 ] ),
        closed |-> FALSE,
        sticky |-> TRUE,
        task |->
            [ kind |-> "Normal",
              scheduled |-> 5,
              started |-> 0,
              startedTime |-> 0,
              attempt |-> 1,
              version |-> 1,
              stamp |-> 0,
              transient |-> FALSE,
              route |-> "sticky" ],
        transfer |-> TRUE,
        events |->
            << [ result |-> [kind |-> "pending", value |-> "none"],
                 batchID |-> 5,
                 uid |-> "none",
                 key |->
                     [ namespace |-> "namespace",
                       workflow |-> "workflow",
                       run |-> "run",
                       eventID |-> 5,
                       version |-> 1 ],
                 type |-> "WFTScheduled" ] >> ],
  timerPointer |-> 0,
  physicalHistory |-> <<>>,
  returnPC |-> "idle",
  effects |-> <<>>,
  cancels |-> <<>>,
  second |-> "none",
  clearTodo |-> {},
  clearReturn |-> "idle",
  handler |-> "none",
  caller |-> "none",
  selected |-> 0,
  inlineWorker |-> 0,
  commands |-> <<>>,
  closeCommand |-> FALSE,
  rejectTodo |-> {},
  successor |-> FALSE,
  skip |-> FALSE,
  clock |-> 0,
  limitRaised |-> FALSE,
  calls |->
      ( c1 :>
            [ uid |-> u2,
              op |-> "update",
              waitStage |-> "ACCEPTED",
              status |-> "request",
              oid |-> 0,
              expired |-> FALSE,
              reply |->
                  [ stage |-> "NONE",
                    result |-> [kind |-> "pending", value |-> "none"] ],
              active |-> TRUE ] @@
        c2 :>
            [ uid |-> u1,
              op |-> "update",
              waitStage |-> "ACCEPTED",
              status |-> "request",
              oid |-> 0,
              expired |-> FALSE,
              reply |->
                  [ stage |-> "NONE",
                    result |-> [kind |-> "pending", value |-> "none"] ],
              active |-> TRUE ] @@
        c3 :>
            [ uid |-> "none",
              op |-> "update",
              waitStage |-> "COMPLETED",
              status |-> "idle",
              oid |-> 0,
              expired |-> FALSE,
              reply |->
                  [ stage |-> "NONE",
                    result |-> [kind |-> "pending", value |-> "none"] ],
              active |-> FALSE ] @@
        c4 :>
            [ uid |-> "none",
              op |-> "update",
              waitStage |-> "COMPLETED",
              status |-> "idle",
              oid |-> 0,
              expired |-> FALSE,
              reply |->
                  [ stage |-> "NONE",
                    result |-> [kind |-> "pending", value |-> "none"] ],
              active |-> FALSE ] ),
  observed |-> {},
  applied |-> {},
  timeoutApplications |-> {},
  everRequested |-> {u1, u2} ]
/\ faults = [ request |-> 2,
  callback |-> 0,
  normal |-> 1,
  matchingFailure |-> 0,
  ignore |-> 0,
  close |-> 0,
  noncommit |-> 1,
  uncertain |-> 0,
  appendTimeout |-> 0,
  lateError |-> 0,
  clear |-> 0,
  ownership |-> 1,
  restart |-> 0,
  timeout |-> 0,
  limit |-> 0,
  responseLoss |-> 0,
  crash |-> 0,
  duplicate |-> 0,
  workerLoss |-> 0 ]

State 15: <MCLoadMutableState line 273, col 5 to line 274, col 23 of module MC>
/\ s = [ dispatch |-> <<>>,
  matching |-> <<>>,
  workers |-> <<>>,
  objects |-> <<>>,
  timers |-> <<>>,
  cache |-> (h1 :> <<>> @@ h2 :> <<>>),
  db |->
      [ next |-> 5,
        rv |-> 1,
        range |-> 2,
        info |->
            ( u1 :>
                  [ stage |-> "none",
                    result |-> [kind |-> "pending", value |-> "none"],
                    acceptedID |-> 0,
                    eventID |-> 0,
                    batchID |-> 0 ] @@
              u2 :>
                  [ stage |-> "none",
                    result |-> [kind |-> "pending", value |-> "none"],
                    acceptedID |-> 0,
                    eventID |-> 0,
                    batchID |-> 0 ] ),
        closed |-> FALSE,
        sticky |-> TRUE,
        task |->
            [ kind |-> "none",
              scheduled |-> 0,
              started |-> 0,
              startedTime |-> 0,
              attempt |-> 0,
              version |-> 1,
              stamp |-> 0,
              transient |-> FALSE,
              route |-> "normal" ],
        transfer |-> FALSE,
        events |-> <<>> ],
  ctx |->
      [ next |-> 5,
        generation |-> 2,
        rv |-> 1,
        range |-> 2,
        info |->
            ( u1 :>
                  [ stage |-> "none",
                    result |-> [kind |-> "pending", value |-> "none"],
                    acceptedID |-> 0,
                    eventID |-> 0,
                    batchID |-> 0 ] @@
              u2 :>
                  [ stage |-> "none",
                    result |-> [kind |-> "pending", value |-> "none"],
                    acceptedID |-> 0,
                    eventID |-> 0,
                    batchID |-> 0 ] ),
        closed |-> FALSE,
        sticky |-> TRUE,
        task |->
            [ kind |-> "none",
              scheduled |-> 0,
              started |-> 0,
              startedTime |-> 0,
              attempt |-> 0,
              version |-> 1,
              stamp |-> 0,
              transient |-> FALSE,
              route |-> "normal" ],
        transfer |-> FALSE,
        reg |-> (u1 :> 0 @@ u2 :> 0),
        loaded |-> TRUE,
        host |-> h1 ],
  active |->
      [ kind |-> "none",
        result |-> [kind |-> "pending", value |-> "none"],
        oid |-> 0,
        prev |-> "none" ],
  batch |-> <<>>,
  pc |-> "idle",
  acquiring |-> FALSE,
  write |->
      [ next |-> 6,
        rv |-> 1,
        state |-> "noncommit",
        returned |-> TRUE,
        error |-> "knownNoncommit",
        range |-> 1,
        info |->
            ( u1 :>
                  [ stage |-> "none",
                    result |-> [kind |-> "pending", value |-> "none"],
                    acceptedID |-> 0,
                    eventID |-> 0,
                    batchID |-> 0 ] @@
              u2 :>
                  [ stage |-> "none",
                    result |-> [kind |-> "pending", value |-> "none"],
                    acceptedID |-> 0,
                    eventID |-> 0,
                    batchID |-> 0 ] ),
        closed |-> FALSE,
        sticky |-> TRUE,
        task |->
            [ kind |-> "Normal",
              scheduled |-> 5,
              started |-> 0,
              startedTime |-> 0,
              attempt |-> 1,
              version |-> 1,
              stamp |-> 0,
              transient |-> FALSE,
              route |-> "sticky" ],
        transfer |-> TRUE,
        events |->
            << [ result |-> [kind |-> "pending", value |-> "none"],
                 batchID |-> 5,
                 uid |-> "none",
                 key |->
                     [ namespace |-> "namespace",
                       workflow |-> "workflow",
                       run |-> "run",
                       eventID |-> 5,
                       version |-> 1 ],
                 type |-> "WFTScheduled" ] >> ],
  timerPointer |-> 0,
  physicalHistory |-> <<>>,
  returnPC |-> "idle",
  effects |-> <<>>,
  cancels |-> <<>>,
  second |-> "none",
  clearTodo |-> {},
  clearReturn |-> "idle",
  handler |-> "none",
  caller |-> "none",
  selected |-> 0,
  inlineWorker |-> 0,
  commands |-> <<>>,
  closeCommand |-> FALSE,
  rejectTodo |-> {},
  successor |-> FALSE,
  skip |-> FALSE,
  clock |-> 0,
  limitRaised |-> FALSE,
  calls |->
      ( c1 :>
            [ uid |-> u2,
              op |-> "update",
              waitStage |-> "ACCEPTED",
              status |-> "request",
              oid |-> 0,
              expired |-> FALSE,
              reply |->
                  [ stage |-> "NONE",
                    result |-> [kind |-> "pending", value |-> "none"] ],
              active |-> TRUE ] @@
        c2 :>
            [ uid |-> u1,
              op |-> "update",
              waitStage |-> "ACCEPTED",
              status |-> "request",
              oid |-> 0,
              expired |-> FALSE,
              reply |->
                  [ stage |-> "NONE",
                    result |-> [kind |-> "pending", value |-> "none"] ],
              active |-> TRUE ] @@
        c3 :>
            [ uid |-> "none",
              op |-> "update",
              waitStage |-> "COMPLETED",
              status |-> "idle",
              oid |-> 0,
              expired |-> FALSE,
              reply |->
                  [ stage |-> "NONE",
                    result |-> [kind |-> "pending", value |-> "none"] ],
              active |-> FALSE ] @@
        c4 :>
            [ uid |-> "none",
              op |-> "update",
              waitStage |-> "COMPLETED",
              status |-> "idle",
              oid |-> 0,
              expired |-> FALSE,
              reply |->
                  [ stage |-> "NONE",
                    result |-> [kind |-> "pending", value |-> "none"] ],
              active |-> FALSE ] ),
  observed |-> {},
  applied |-> {},
  timeoutApplications |-> {},
  everRequested |-> {u1, u2} ]
/\ faults = [ request |-> 2,
  callback |-> 0,
  normal |-> 1,
  matchingFailure |-> 0,
  ignore |-> 0,
  close |-> 0,
  noncommit |-> 1,
  uncertain |-> 0,
  appendTimeout |-> 0,
  lateError |-> 0,
  clear |-> 0,
  ownership |-> 1,
  restart |-> 0,
  timeout |-> 0,
  limit |-> 0,
  responseLoss |-> 0,
  crash |-> 0,
  duplicate |-> 0,
  workerLoss |-> 0 ]

State 16: <MCUpdaterApplyRequestNew(c1) line 25, col 5 to line 26, col 23 of module MC>
/\ s = [ dispatch |-> <<>>,
  matching |-> <<>>,
  workers |-> <<>>,
  objects |->
      << [ generation |-> 2,
           acceptedID |-> 0,
           uid |-> u2,
           state |-> "Admitted",
           accepted |-> "pending",
           outcome |-> [kind |-> "pending", value |-> "none"],
           callbacks |-> FALSE ] >>,
  timers |-> <<>>,
  cache |-> (h1 :> <<>> @@ h2 :> <<>>),
  db |->
      [ next |-> 5,
        rv |-> 1,
        range |-> 2,
        info |->
            ( u1 :>
                  [ stage |-> "none",
                    result |-> [kind |-> "pending", value |-> "none"],
                    acceptedID |-> 0,
                    eventID |-> 0,
                    batchID |-> 0 ] @@
              u2 :>
                  [ stage |-> "none",
                    result |-> [kind |-> "pending", value |-> "none"],
                    acceptedID |-> 0,
                    eventID |-> 0,
                    batchID |-> 0 ] ),
        closed |-> FALSE,
        sticky |-> TRUE,
        task |->
            [ kind |-> "none",
              scheduled |-> 0,
              started |-> 0,
              startedTime |-> 0,
              attempt |-> 0,
              version |-> 1,
              stamp |-> 0,
              transient |-> FALSE,
              route |-> "normal" ],
        transfer |-> FALSE,
        events |-> <<>> ],
  ctx |->
      [ next |-> 5,
        generation |-> 2,
        rv |-> 1,
        range |-> 2,
        info |->
            ( u1 :>
                  [ stage |-> "none",
                    result |-> [kind |-> "pending", value |-> "none"],
                    acceptedID |-> 0,
                    eventID |-> 0,
                    batchID |-> 0 ] @@
              u2 :>
                  [ stage |-> "none",
                    result |-> [kind |-> "pending", value |-> "none"],
                    acceptedID |-> 0,
                    eventID |-> 0,
                    batchID |-> 0 ] ),
        closed |-> FALSE,
        sticky |-> TRUE,
        task |->
            [ kind |-> "none",
              scheduled |-> 0,
              started |-> 0,
              startedTime |-> 0,
              attempt |-> 0,
              version |-> 1,
              stamp |-> 0,
              transient |-> FALSE,
              route |-> "normal" ],
        transfer |-> FALSE,
        reg |-> (u1 :> 0 @@ u2 :> 1),
        loaded |-> TRUE,
        host |-> h1 ],
  active |->
      [ kind |-> "none",
        result |-> [kind |-> "pending", value |-> "none"],
        oid |-> 0,
        prev |-> "none" ],
  batch |-> <<>>,
  pc |-> "admitSchedule",
  acquiring |-> FALSE,
  write |->
      [ next |-> 6,
        rv |-> 1,
        state |-> "noncommit",
        returned |-> TRUE,
        error |-> "knownNoncommit",
        range |-> 1,
        info |->
            ( u1 :>
                  [ stage |-> "none",
                    result |-> [kind |-> "pending", value |-> "none"],
                    acceptedID |-> 0,
                    eventID |-> 0,
                    batchID |-> 0 ] @@
              u2 :>
                  [ stage |-> "none",
                    result |-> [kind |-> "pending", value |-> "none"],
                    acceptedID |-> 0,
                    eventID |-> 0,
                    batchID |-> 0 ] ),
        closed |-> FALSE,
        sticky |-> TRUE,
        task |->
            [ kind |-> "Normal",
              scheduled |-> 5,
              started |-> 0,
              startedTime |-> 0,
              attempt |-> 1,
              version |-> 1,
              stamp |-> 0,
              transient |-> FALSE,
              route |-> "sticky" ],
        transfer |-> TRUE,
        events |->
            << [ result |-> [kind |-> "pending", value |-> "none"],
                 batchID |-> 5,
                 uid |-> "none",
                 key |->
                     [ namespace |-> "namespace",
                       workflow |-> "workflow",
                       run |-> "run",
                       eventID |-> 5,
                       version |-> 1 ],
                 type |-> "WFTScheduled" ] >> ],
  timerPointer |-> 0,
  physicalHistory |-> <<>>,
  returnPC |-> "idle",
  effects |-> <<>>,
  cancels |-> <<>>,
  second |-> "none",
  clearTodo |-> {},
  clearReturn |-> "idle",
  handler |-> "none",
  caller |-> c1,
  selected |-> 0,
  inlineWorker |-> 0,
  commands |-> <<>>,
  closeCommand |-> FALSE,
  rejectTodo |-> {},
  successor |-> FALSE,
  skip |-> FALSE,
  clock |-> 0,
  limitRaised |-> FALSE,
  calls |->
      ( c1 :>
            [ uid |-> u2,
              op |-> "update",
              waitStage |-> "ACCEPTED",
              status |-> "binding",
              oid |-> 1,
              expired |-> FALSE,
              reply |->
                  [ stage |-> "NONE",
                    result |-> [kind |-> "pending", value |-> "none"] ],
              active |-> TRUE ] @@
        c2 :>
            [ uid |-> u1,
              op |-> "update",
              waitStage |-> "ACCEPTED",
              status |-> "request",
              oid |-> 0,
              expired |-> FALSE,
              reply |->
                  [ stage |-> "NONE",
                    result |-> [kind |-> "pending", value |-> "none"] ],
              active |-> TRUE ] @@
        c3 :>
            [ uid |-> "none",
              op |-> "update",
              waitStage |-> "COMPLETED",
              status |-> "idle",
              oid |-> 0,
              expired |-> FALSE,
              reply |->
                  [ stage |-> "NONE",
                    result |-> [kind |-> "pending", value |-> "none"] ],
              active |-> FALSE ] @@
        c4 :>
            [ uid |-> "none",
              op |-> "update",
              waitStage |-> "COMPLETED",
              status |-> "idle",
              oid |-> 0,
              expired |-> FALSE,
              reply |->
                  [ stage |-> "NONE",
                    result |-> [kind |-> "pending", value |-> "none"] ],
              active |-> FALSE ] ),
  observed |-> {},
  applied |-> {},
  timeoutApplications |-> {},
  everRequested |-> {u1, u2} ]
/\ faults = [ request |-> 2,
  callback |-> 0,
  normal |-> 1,
  matchingFailure |-> 0,
  ignore |-> 0,
  close |-> 0,
  noncommit |-> 1,
  uncertain |-> 0,
  appendTimeout |-> 0,
  lateError |-> 0,
  clear |-> 0,
  ownership |-> 1,
  restart |-> 0,
  timeout |-> 0,
  limit |-> 0,
  responseLoss |-> 0,
  crash |-> 0,
  duplicate |-> 0,
  workerLoss |-> 0 ]

State 17: <MCCrashHistoryProcess line 369, col 5 to line 371, col 46 of module MC>
/\ s = [ dispatch |-> <<>>,
  matching |-> <<>>,
  workers |-> <<>>,
  objects |->
      << [ generation |-> 2,
           acceptedID |-> 0,
           uid |-> u2,
           state |-> "Admitted",
           accepted |-> "pending",
           outcome |-> [kind |-> "pending", value |-> "none"],
           callbacks |-> FALSE ] >>,
  timers |-> <<>>,
  cache |-> (h1 :> <<>> @@ h2 :> <<>>),
  db |->
      [ next |-> 5,
        rv |-> 1,
        range |-> 2,
        info |->
            ( u1 :>
                  [ stage |-> "none",
                    result |-> [kind |-> "pending", value |-> "none"],
                    acceptedID |-> 0,
                    eventID |-> 0,
                    batchID |-> 0 ] @@
              u2 :>
                  [ stage |-> "none",
                    result |-> [kind |-> "pending", value |-> "none"],
                    acceptedID |-> 0,
                    eventID |-> 0,
                    batchID |-> 0 ] ),
        closed |-> FALSE,
        sticky |-> TRUE,
        task |->
            [ kind |-> "none",
              scheduled |-> 0,
              started |-> 0,
              startedTime |-> 0,
              attempt |-> 0,
              version |-> 1,
              stamp |-> 0,
              transient |-> FALSE,
              route |-> "normal" ],
        transfer |-> FALSE,
        events |-> <<>> ],
  ctx |->
      [ next |-> 5,
        generation |-> 2,
        rv |-> 1,
        range |-> 2,
        info |->
            ( u1 :>
                  [ stage |-> "none",
                    result |-> [kind |-> "pending", value |-> "none"],
                    acceptedID |-> 0,
                    eventID |-> 0,
                    batchID |-> 0 ] @@
              u2 :>
                  [ stage |-> "none",
                    result |-> [kind |-> "pending", value |-> "none"],
                    acceptedID |-> 0,
                    eventID |-> 0,
                    batchID |-> 0 ] ),
        closed |-> FALSE,
        sticky |-> TRUE,
        task |->
            [ kind |-> "none",
              scheduled |-> 0,
              started |-> 0,
              startedTime |-> 0,
              attempt |-> 0,
              version |-> 1,
              stamp |-> 0,
              transient |-> FALSE,
              route |-> "normal" ],
        transfer |-> FALSE,
        reg |-> (u1 :> 0 @@ u2 :> 0),
        loaded |-> FALSE,
        host |-> h1 ],
  active |->
      [ kind |-> "none",
        result |-> [kind |-> "pending", value |-> "none"],
        oid |-> 0,
        prev |-> "none" ],
  batch |-> <<>>,
  pc |-> "idle",
  acquiring |-> TRUE,
  write |->
      [ next |-> 6,
        rv |-> 1,
        state |-> "noncommit",
        returned |-> TRUE,
        error |-> "processLost",
        range |-> 1,
        info |->
            ( u1 :>
                  [ stage |-> "none",
                    result |-> [kind |-> "pending", value |-> "none"],
                    acceptedID |-> 0,
                    eventID |-> 0,
                    batchID |-> 0 ] @@
              u2 :>
                  [ stage |-> "none",
                    result |-> [kind |-> "pending", value |-> "none"],
                    acceptedID |-> 0,
                    eventID |-> 0,
                    batchID |-> 0 ] ),
        closed |-> FALSE,
        sticky |-> TRUE,
        task |->
            [ kind |-> "Normal",
              scheduled |-> 5,
              started |-> 0,
              startedTime |-> 0,
              attempt |-> 1,
              version |-> 1,
              stamp |-> 0,
              transient |-> FALSE,
              route |-> "sticky" ],
        transfer |-> TRUE,
        events |->
            << [ result |-> [kind |-> "pending", value |-> "none"],
                 batchID |-> 5,
                 uid |-> "none",
                 key |->
                     [ namespace |-> "namespace",
                       workflow |-> "workflow",
                       run |-> "run",
                       eventID |-> 5,
                       version |-> 1 ],
                 type |-> "WFTScheduled" ] >> ],
  timerPointer |-> 0,
  physicalHistory |-> <<>>,
  returnPC |-> "idle",
  effects |-> <<>>,
  cancels |-> <<>>,
  second |-> "none",
  clearTodo |-> {},
  clearReturn |-> "idle",
  handler |-> "none",
  caller |-> c1,
  selected |-> 0,
  inlineWorker |-> 0,
  commands |-> <<>>,
  closeCommand |-> FALSE,
  rejectTodo |-> {},
  successor |-> FALSE,
  skip |-> FALSE,
  clock |-> 0,
  limitRaised |-> FALSE,
  calls |->
      ( c1 :>
            [ uid |-> u2,
              op |-> "update",
              waitStage |-> "ACCEPTED",
              status |-> "reply",
              oid |-> 1,
              expired |-> FALSE,
              reply |->
                  [ stage |-> "ERROR",
                    result |-> [kind |-> "retry", value |-> "none"] ],
              active |-> TRUE ] @@
        c2 :>
            [ uid |-> u1,
              op |-> "update",
              waitStage |-> "ACCEPTED",
              status |-> "reply",
              oid |-> 0,
              expired |-> FALSE,
              reply |->
                  [ stage |-> "ERROR",
                    result |-> [kind |-> "retry", value |-> "none"] ],
              active |-> TRUE ] @@
        c3 :>
            [ uid |-> "none",
              op |-> "update",
              waitStage |-> "COMPLETED",
              status |-> "idle",
              oid |-> 0,
              expired |-> FALSE,
              reply |->
                  [ stage |-> "NONE",
                    result |-> [kind |-> "pending", value |-> "none"] ],
              active |-> FALSE ] @@
        c4 :>
            [ uid |-> "none",
              op |-> "update",
              waitStage |-> "COMPLETED",
              status |-> "idle",
              oid |-> 0,
              expired |-> FALSE,
              reply |->
                  [ stage |-> "NONE",
                    result |-> [kind |-> "pending", value |-> "none"] ],
              active |-> FALSE ] ),
  observed |-> {},
  applied |-> {},
  timeoutApplications |-> {},
  everRequested |-> {u1, u2} ]
/\ faults = [ request |-> 2,
  callback |-> 0,
  normal |-> 1,
  matchingFailure |-> 0,
  ignore |-> 0,
  close |-> 0,
  noncommit |-> 1,
  uncertain |-> 0,
  appendTimeout |-> 0,
  lateError |-> 0,
  clear |-> 0,
  ownership |-> 1,
  restart |-> 0,
  timeout |-> 0,
  limit |-> 0,
  responseLoss |-> 0,
  crash |-> 1,
  duplicate |-> 0,
  workerLoss |-> 0 ]

State 18: <MCCreateUpdateResponse(c2) line 348, col 5 to line 349, col 23 of module MC>
/\ s = [ dispatch |-> <<>>,
  matching |-> <<>>,
  workers |-> <<>>,
  objects |->
      << [ generation |-> 2,
           acceptedID |-> 0,
           uid |-> u2,
           state |-> "Admitted",
           accepted |-> "pending",
           outcome |-> [kind |-> "pending", value |-> "none"],
           callbacks |-> FALSE ] >>,
  timers |-> <<>>,
  cache |-> (h1 :> <<>> @@ h2 :> <<>>),
  db |->
      [ next |-> 5,
        rv |-> 1,
        range |-> 2,
        info |->
            ( u1 :>
                  [ stage |-> "none",
                    result |-> [kind |-> "pending", value |-> "none"],
                    acceptedID |-> 0,
                    eventID |-> 0,
                    batchID |-> 0 ] @@
              u2 :>
                  [ stage |-> "none",
                    result |-> [kind |-> "pending", value |-> "none"],
                    acceptedID |-> 0,
                    eventID |-> 0,
                    batchID |-> 0 ] ),
        closed |-> FALSE,
        sticky |-> TRUE,
        task |->
            [ kind |-> "none",
              scheduled |-> 0,
              started |-> 0,
              startedTime |-> 0,
              attempt |-> 0,
              version |-> 1,
              stamp |-> 0,
              transient |-> FALSE,
              route |-> "normal" ],
        transfer |-> FALSE,
        events |-> <<>> ],
  ctx |->
      [ next |-> 5,
        generation |-> 2,
        rv |-> 1,
        range |-> 2,
        info |->
            ( u1 :>
                  [ stage |-> "none",
                    result |-> [kind |-> "pending", value |-> "none"],
                    acceptedID |-> 0,
                    eventID |-> 0,
                    batchID |-> 0 ] @@
              u2 :>
                  [ stage |-> "none",
                    result |-> [kind |-> "pending", value |-> "none"],
                    acceptedID |-> 0,
                    eventID |-> 0,
                    batchID |-> 0 ] ),
        closed |-> FALSE,
        sticky |-> TRUE,
        task |->
            [ kind |-> "none",
              scheduled |-> 0,
              started |-> 0,
              startedTime |-> 0,
              attempt |-> 0,
              version |-> 1,
              stamp |-> 0,
              transient |-> FALSE,
              route |-> "normal" ],
        transfer |-> FALSE,
        reg |-> (u1 :> 0 @@ u2 :> 0),
        loaded |-> FALSE,
        host |-> h1 ],
  active |->
      [ kind |-> "none",
        result |-> [kind |-> "pending", value |-> "none"],
        oid |-> 0,
        prev |-> "none" ],
  batch |-> <<>>,
  pc |-> "idle",
  acquiring |-> TRUE,
  write |->
      [ next |-> 6,
        rv |-> 1,
        state |-> "noncommit",
        returned |-> TRUE,
        error |-> "processLost",
        range |-> 1,
        info |->
            ( u1 :>
                  [ stage |-> "none",
                    result |-> [kind |-> "pending", value |-> "none"],
                    acceptedID |-> 0,
                    eventID |-> 0,
                    batchID |-> 0 ] @@
              u2 :>
                  [ stage |-> "none",
                    result |-> [kind |-> "pending", value |-> "none"],
                    acceptedID |-> 0,
                    eventID |-> 0,
                    batchID |-> 0 ] ),
        closed |-> FALSE,
        sticky |-> TRUE,
        task |->
            [ kind |-> "Normal",
              scheduled |-> 5,
              started |-> 0,
              startedTime |-> 0,
              attempt |-> 1,
              version |-> 1,
              stamp |-> 0,
              transient |-> FALSE,
              route |-> "sticky" ],
        transfer |-> TRUE,
        events |->
            << [ result |-> [kind |-> "pending", value |-> "none"],
                 batchID |-> 5,
                 uid |-> "none",
                 key |->
                     [ namespace |-> "namespace",
                       workflow |-> "workflow",
                       run |-> "run",
                       eventID |-> 5,
                       version |-> 1 ],
                 type |-> "WFTScheduled" ] >> ],
  timerPointer |-> 0,
  physicalHistory |-> <<>>,
  returnPC |-> "idle",
  effects |-> <<>>,
  cancels |-> <<>>,
  second |-> "none",
  clearTodo |-> {},
  clearReturn |-> "idle",
  handler |-> "none",
  caller |-> c1,
  selected |-> 0,
  inlineWorker |-> 0,
  commands |-> <<>>,
  closeCommand |-> FALSE,
  rejectTodo |-> {},
  successor |-> FALSE,
  skip |-> FALSE,
  clock |-> 0,
  limitRaised |-> FALSE,
  calls |->
      ( c1 :>
            [ uid |-> u2,
              op |-> "update",
              waitStage |-> "ACCEPTED",
              status |-> "reply",
              oid |-> 1,
              expired |-> FALSE,
              reply |->
                  [ stage |-> "ERROR",
                    result |-> [kind |-> "retry", value |-> "none"] ],
              active |-> TRUE ] @@
        c2 :>
            [ uid |-> u1,
              op |-> "update",
              waitStage |-> "ACCEPTED",
              status |-> "wire",
              oid |-> 0,
              expired |-> FALSE,
              reply |->
                  [ stage |-> "ERROR",
                    result |-> [kind |-> "retry", value |-> "none"] ],
              active |-> TRUE ] @@
        c3 :>
            [ uid |-> "none",
              op |-> "update",
              waitStage |-> "COMPLETED",
              status |-> "idle",
              oid |-> 0,
              expired |-> FALSE,
              reply |->
                  [ stage |-> "NONE",
                    result |-> [kind |-> "pending", value |-> "none"] ],
              active |-> FALSE ] @@
        c4 :>
            [ uid |-> "none",
              op |-> "update",
              waitStage |-> "COMPLETED",
              status |-> "idle",
              oid |-> 0,
              expired |-> FALSE,
              reply |->
                  [ stage |-> "NONE",
                    result |-> [kind |-> "pending", value |-> "none"] ],
              active |-> FALSE ] ),
  observed |-> {},
  applied |-> {},
  timeoutApplications |-> {},
  everRequested |-> {u1, u2} ]
/\ faults = [ request |-> 2,
  callback |-> 0,
  normal |-> 1,
  matchingFailure |-> 0,
  ignore |-> 0,
  close |-> 0,
  noncommit |-> 1,
  uncertain |-> 0,
  appendTimeout |-> 0,
  lateError |-> 0,
  clear |-> 0,
  ownership |-> 1,
  restart |-> 0,
  timeout |-> 0,
  limit |-> 0,
  responseLoss |-> 0,
  crash |-> 1,
  duplicate |-> 0,
  workerLoss |-> 0 ]

State 19: <MCCreateUpdateResponse(c1) line 348, col 5 to line 349, col 23 of module MC>
/\ s = [ dispatch |-> <<>>,
  matching |-> <<>>,
  workers |-> <<>>,
  objects |->
      << [ generation |-> 2,
           acceptedID |-> 0,
           uid |-> u2,
           state |-> "Admitted",
           accepted |-> "pending",
           outcome |-> [kind |-> "pending", value |-> "none"],
           callbacks |-> FALSE ] >>,
  timers |-> <<>>,
  cache |-> (h1 :> <<>> @@ h2 :> <<>>),
  db |->
      [ next |-> 5,
        rv |-> 1,
        range |-> 2,
        info |->
            ( u1 :>
                  [ stage |-> "none",
                    result |-> [kind |-> "pending", value |-> "none"],
                    acceptedID |-> 0,
                    eventID |-> 0,
                    batchID |-> 0 ] @@
              u2 :>
                  [ stage |-> "none",
                    result |-> [kind |-> "pending", value |-> "none"],
                    acceptedID |-> 0,
                    eventID |-> 0,
                    batchID |-> 0 ] ),
        closed |-> FALSE,
        sticky |-> TRUE,
        task |->
            [ kind |-> "none",
              scheduled |-> 0,
              started |-> 0,
              startedTime |-> 0,
              attempt |-> 0,
              version |-> 1,
              stamp |-> 0,
              transient |-> FALSE,
              route |-> "normal" ],
        transfer |-> FALSE,
        events |-> <<>> ],
  ctx |->
      [ next |-> 5,
        generation |-> 2,
        rv |-> 1,
        range |-> 2,
        info |->
            ( u1 :>
                  [ stage |-> "none",
                    result |-> [kind |-> "pending", value |-> "none"],
                    acceptedID |-> 0,
                    eventID |-> 0,
                    batchID |-> 0 ] @@
              u2 :>
                  [ stage |-> "none",
                    result |-> [kind |-> "pending", value |-> "none"],
                    acceptedID |-> 0,
                    eventID |-> 0,
                    batchID |-> 0 ] ),
        closed |-> FALSE,
        sticky |-> TRUE,
        task |->
            [ kind |-> "none",
              scheduled |-> 0,
              started |-> 0,
              startedTime |-> 0,
              attempt |-> 0,
              version |-> 1,
              stamp |-> 0,
              transient |-> FALSE,
              route |-> "normal" ],
        transfer |-> FALSE,
        reg |-> (u1 :> 0 @@ u2 :> 0),
        loaded |-> FALSE,
        host |-> h1 ],
  active |->
      [ kind |-> "none",
        result |-> [kind |-> "pending", value |-> "none"],
        oid |-> 0,
        prev |-> "none" ],
  batch |-> <<>>,
  pc |-> "idle",
  acquiring |-> TRUE,
  write |->
      [ next |-> 6,
        rv |-> 1,
        state |-> "noncommit",
        returned |-> TRUE,
        error |-> "processLost",
        range |-> 1,
        info |->
            ( u1 :>
                  [ stage |-> "none",
                    result |-> [kind |-> "pending", value |-> "none"],
                    acceptedID |-> 0,
                    eventID |-> 0,
                    batchID |-> 0 ] @@
              u2 :>
                  [ stage |-> "none",
                    result |-> [kind |-> "pending", value |-> "none"],
                    acceptedID |-> 0,
                    eventID |-> 0,
                    batchID |-> 0 ] ),
        closed |-> FALSE,
        sticky |-> TRUE,
        task |->
            [ kind |-> "Normal",
              scheduled |-> 5,
              started |-> 0,
              startedTime |-> 0,
              attempt |-> 1,
              version |-> 1,
              stamp |-> 0,
              transient |-> FALSE,
              route |-> "sticky" ],
        transfer |-> TRUE,
        events |->
            << [ result |-> [kind |-> "pending", value |-> "none"],
                 batchID |-> 5,
                 uid |-> "none",
                 key |->
                     [ namespace |-> "namespace",
                       workflow |-> "workflow",
                       run |-> "run",
                       eventID |-> 5,
                       version |-> 1 ],
                 type |-> "WFTScheduled" ] >> ],
  timerPointer |-> 0,
  physicalHistory |-> <<>>,
  returnPC |-> "idle",
  effects |-> <<>>,
  cancels |-> <<>>,
  second |-> "none",
  clearTodo |-> {},
  clearReturn |-> "idle",
  handler |-> "none",
  caller |-> c1,
  selected |-> 0,
  inlineWorker |-> 0,
  commands |-> <<>>,
  closeCommand |-> FALSE,
  rejectTodo |-> {},
  successor |-> FALSE,
  skip |-> FALSE,
  clock |-> 0,
  limitRaised |-> FALSE,
  calls |->
      ( c1 :>
            [ uid |-> u2,
              op |-> "update",
              waitStage |-> "ACCEPTED",
              status |-> "wire",
              oid |-> 1,
              expired |-> FALSE,
              reply |->
                  [ stage |-> "ERROR",
                    result |-> [kind |-> "retry", value |-> "none"] ],
              active |-> TRUE ] @@
        c2 :>
            [ uid |-> u1,
              op |-> "update",
              waitStage |-> "ACCEPTED",
              status |-> "wire",
              oid |-> 0,
              expired |-> FALSE,
              reply |->
                  [ stage |-> "ERROR",
                    result |-> [kind |-> "retry", value |-> "none"] ],
              active |-> TRUE ] @@
        c3 :>
            [ uid |-> "none",
              op |-> "update",
              waitStage |-> "COMPLETED",
              status |-> "idle",
              oid |-> 0,
              expired |-> FALSE,
              reply |->
                  [ stage |-> "NONE",
                    result |-> [kind |-> "pending", value |-> "none"] ],
              active |-> FALSE ] @@
        c4 :>
            [ uid |-> "none",
              op |-> "update",
              waitStage |-> "COMPLETED",
              status |-> "idle",
              oid |-> 0,
              expired |-> FALSE,
              reply |->
                  [ stage |-> "NONE",
                    result |-> [kind |-> "pending", value |-> "none"] ],
              active |-> FALSE ] ),
  observed |-> {},
  applied |-> {},
  timeoutApplications |-> {},
  everRequested |-> {u1, u2} ]
/\ faults = [ request |-> 2,
  callback |-> 0,
  normal |-> 1,
  matchingFailure |-> 0,
  ignore |-> 0,
  close |-> 0,
  noncommit |-> 1,
  uncertain |-> 0,
  appendTimeout |-> 0,
  lateError |-> 0,
  clear |-> 0,
  ownership |-> 1,
  restart |-> 0,
  timeout |-> 0,
  limit |-> 0,
  responseLoss |-> 0,
  crash |-> 1,
  duplicate |-> 0,
  workerLoss |-> 0 ]

State 20: <MCAcquireShard(h2) line 269, col 5 to line 270, col 23 of module MC>
/\ s = [ dispatch |-> <<>>,
  matching |-> <<>>,
  workers |-> <<>>,
  objects |->
      << [ generation |-> 2,
           acceptedID |-> 0,
           uid |-> u2,
           state |-> "Admitted",
           accepted |-> "pending",
           outcome |-> [kind |-> "pending", value |-> "none"],
           callbacks |-> FALSE ] >>,
  timers |-> <<>>,
  cache |-> (h1 :> <<>> @@ h2 :> <<>>),
  db |->
      [ next |-> 5,
        rv |-> 1,
        range |-> 3,
        info |->
            ( u1 :>
                  [ stage |-> "none",
                    result |-> [kind |-> "pending", value |-> "none"],
                    acceptedID |-> 0,
                    eventID |-> 0,
                    batchID |-> 0 ] @@
              u2 :>
                  [ stage |-> "none",
                    result |-> [kind |-> "pending", value |-> "none"],
                    acceptedID |-> 0,
                    eventID |-> 0,
                    batchID |-> 0 ] ),
        closed |-> FALSE,
        sticky |-> TRUE,
        task |->
            [ kind |-> "none",
              scheduled |-> 0,
              started |-> 0,
              startedTime |-> 0,
              attempt |-> 0,
              version |-> 1,
              stamp |-> 0,
              transient |-> FALSE,
              route |-> "normal" ],
        transfer |-> FALSE,
        events |-> <<>> ],
  ctx |->
      [ next |-> 5,
        generation |-> 2,
        rv |-> 1,
        range |-> 3,
        info |->
            ( u1 :>
                  [ stage |-> "none",
                    result |-> [kind |-> "pending", value |-> "none"],
                    acceptedID |-> 0,
                    eventID |-> 0,
                    batchID |-> 0 ] @@
              u2 :>
                  [ stage |-> "none",
                    result |-> [kind |-> "pending", value |-> "none"],
                    acceptedID |-> 0,
                    eventID |-> 0,
                    batchID |-> 0 ] ),
        closed |-> FALSE,
        sticky |-> TRUE,
        task |->
            [ kind |-> "none",
              scheduled |-> 0,
              started |-> 0,
              startedTime |-> 0,
              attempt |-> 0,
              version |-> 1,
              stamp |-> 0,
              transient |-> FALSE,
              route |-> "normal" ],
        transfer |-> FALSE,
        reg |-> (u1 :> 0 @@ u2 :> 0),
        loaded |-> FALSE,
        host |-> h2 ],
  active |->
      [ kind |-> "none",
        result |-> [kind |-> "pending", value |-> "none"],
        oid |-> 0,
        prev |-> "none" ],
  batch |-> <<>>,
  pc |-> "idle",
  acquiring |-> FALSE,
  write |->
      [ next |-> 6,
        rv |-> 1,
        state |-> "noncommit",
        returned |-> TRUE,
        error |-> "processLost",
        range |-> 1,
        info |->
            ( u1 :>
                  [ stage |-> "none",
                    result |-> [kind |-> "pending", value |-> "none"],
                    acceptedID |-> 0,
                    eventID |-> 0,
                    batchID |-> 0 ] @@
              u2 :>
                  [ stage |-> "none",
                    result |-> [kind |-> "pending", value |-> "none"],
                    acceptedID |-> 0,
                    eventID |-> 0,
                    batchID |-> 0 ] ),
        closed |-> FALSE,
        sticky |-> TRUE,
        task |->
            [ kind |-> "Normal",
              scheduled |-> 5,
              started |-> 0,
              startedTime |-> 0,
              attempt |-> 1,
              version |-> 1,
              stamp |-> 0,
              transient |-> FALSE,
              route |-> "sticky" ],
        transfer |-> TRUE,
        events |->
            << [ result |-> [kind |-> "pending", value |-> "none"],
                 batchID |-> 5,
                 uid |-> "none",
                 key |->
                     [ namespace |-> "namespace",
                       workflow |-> "workflow",
                       run |-> "run",
                       eventID |-> 5,
                       version |-> 1 ],
                 type |-> "WFTScheduled" ] >> ],
  timerPointer |-> 0,
  physicalHistory |-> <<>>,
  returnPC |-> "idle",
  effects |-> <<>>,
  cancels |-> <<>>,
  second |-> "none",
  clearTodo |-> {},
  clearReturn |-> "idle",
  handler |-> "none",
  caller |-> c1,
  selected |-> 0,
  inlineWorker |-> 0,
  commands |-> <<>>,
  closeCommand |-> FALSE,
  rejectTodo |-> {},
  successor |-> FALSE,
  skip |-> FALSE,
  clock |-> 0,
  limitRaised |-> FALSE,
  calls |->
      ( c1 :>
            [ uid |-> u2,
              op |-> "update",
              waitStage |-> "ACCEPTED",
              status |-> "wire",
              oid |-> 1,
              expired |-> FALSE,
              reply |->
                  [ stage |-> "ERROR",
                    result |-> [kind |-> "retry", value |-> "none"] ],
              active |-> TRUE ] @@
        c2 :>
            [ uid |-> u1,
              op |-> "update",
              waitStage |-> "ACCEPTED",
              status |-> "wire",
              oid |-> 0,
              expired |-> FALSE,
              reply |->
                  [ stage |-> "ERROR",
                    result |-> [kind |-> "retry", value |-> "none"] ],
              active |-> TRUE ] @@
        c3 :>
            [ uid |-> "none",
              op |-> "update",
              waitStage |-> "COMPLETED",
              status |-> "idle",
              oid |-> 0,
              expired |-> FALSE,
              reply |->
                  [ stage |-> "NONE",
                    result |-> [kind |-> "pending", value |-> "none"] ],
              active |-> FALSE ] @@
        c4 :>
            [ uid |-> "none",
              op |-> "update",
              waitStage |-> "COMPLETED",
              status |-> "idle",
              oid |-> 0,
              expired |-> FALSE,
              reply |->
                  [ stage |-> "NONE",
                    result |-> [kind |-> "pending", value |-> "none"] ],
              active |-> FALSE ] ),
  observed |-> {},
  applied |-> {},
  timeoutApplications |-> {},
  everRequested |-> {u1, u2} ]
/\ faults = [ request |-> 2,
  callback |-> 0,
  normal |-> 1,
  matchingFailure |-> 0,
  ignore |-> 0,
  close |-> 0,
  noncommit |-> 1,
  uncertain |-> 0,
  appendTimeout |-> 0,
  lateError |-> 0,
  clear |-> 0,
  ownership |-> 1,
  restart |-> 0,
  timeout |-> 0,
  limit |-> 0,
  responseLoss |-> 0,
  crash |-> 1,
  duplicate |-> 0,
  workerLoss |-> 0 ]

State 21: <MCLoseUpdateResponse(c2) line 356, col 5 to line 358, col 53 of module MC>
/\ s = [ dispatch |-> <<>>,
  matching |-> <<>>,
  workers |-> <<>>,
  objects |->
      << [ generation |-> 2,
           acceptedID |-> 0,
           uid |-> u2,
           state |-> "Admitted",
           accepted |-> "pending",
           outcome |-> [kind |-> "pending", value |-> "none"],
           callbacks |-> FALSE ] >>,
  timers |-> <<>>,
  cache |-> (h1 :> <<>> @@ h2 :> <<>>),
  db |->
      [ next |-> 5,
        rv |-> 1,
        range |-> 3,
        info |->
            ( u1 :>
                  [ stage |-> "none",
                    result |-> [kind |-> "pending", value |-> "none"],
                    acceptedID |-> 0,
                    eventID |-> 0,
                    batchID |-> 0 ] @@
              u2 :>
                  [ stage |-> "none",
                    result |-> [kind |-> "pending", value |-> "none"],
                    acceptedID |-> 0,
                    eventID |-> 0,
                    batchID |-> 0 ] ),
        closed |-> FALSE,
        sticky |-> TRUE,
        task |->
            [ kind |-> "none",
              scheduled |-> 0,
              started |-> 0,
              startedTime |-> 0,
              attempt |-> 0,
              version |-> 1,
              stamp |-> 0,
              transient |-> FALSE,
              route |-> "normal" ],
        transfer |-> FALSE,
        events |-> <<>> ],
  ctx |->
      [ next |-> 5,
        generation |-> 2,
        rv |-> 1,
        range |-> 3,
        info |->
            ( u1 :>
                  [ stage |-> "none",
                    result |-> [kind |-> "pending", value |-> "none"],
                    acceptedID |-> 0,
                    eventID |-> 0,
                    batchID |-> 0 ] @@
              u2 :>
                  [ stage |-> "none",
                    result |-> [kind |-> "pending", value |-> "none"],
                    acceptedID |-> 0,
                    eventID |-> 0,
                    batchID |-> 0 ] ),
        closed |-> FALSE,
        sticky |-> TRUE,
        task |->
            [ kind |-> "none",
              scheduled |-> 0,
              started |-> 0,
              startedTime |-> 0,
              attempt |-> 0,
              version |-> 1,
              stamp |-> 0,
              transient |-> FALSE,
              route |-> "normal" ],
        transfer |-> FALSE,
        reg |-> (u1 :> 0 @@ u2 :> 0),
        loaded |-> FALSE,
        host |-> h2 ],
  active |->
      [ kind |-> "none",
        result |-> [kind |-> "pending", value |-> "none"],
        oid |-> 0,
        prev |-> "none" ],
  batch |-> <<>>,
  pc |-> "idle",
  acquiring |-> FALSE,
  write |->
      [ next |-> 6,
        rv |-> 1,
        state |-> "noncommit",
        returned |-> TRUE,
        error |-> "processLost",
        range |-> 1,
        info |->
            ( u1 :>
                  [ stage |-> "none",
                    result |-> [kind |-> "pending", value |-> "none"],
                    acceptedID |-> 0,
                    eventID |-> 0,
                    batchID |-> 0 ] @@
              u2 :>
                  [ stage |-> "none",
                    result |-> [kind |-> "pending", value |-> "none"],
                    acceptedID |-> 0,
                    eventID |-> 0,
                    batchID |-> 0 ] ),
        closed |-> FALSE,
        sticky |-> TRUE,
        task |->
            [ kind |-> "Normal",
              scheduled |-> 5,
              started |-> 0,
              startedTime |-> 0,
              attempt |-> 1,
              version |-> 1,
              stamp |-> 0,
              transient |-> FALSE,
              route |-> "sticky" ],
        transfer |-> TRUE,
        events |->
            << [ result |-> [kind |-> "pending", value |-> "none"],
                 batchID |-> 5,
                 uid |-> "none",
                 key |->
                     [ namespace |-> "namespace",
                       workflow |-> "workflow",
                       run |-> "run",
                       eventID |-> 5,
                       version |-> 1 ],
                 type |-> "WFTScheduled" ] >> ],
  timerPointer |-> 0,
  physicalHistory |-> <<>>,
  returnPC |-> "idle",
  effects |-> <<>>,
  cancels |-> <<>>,
  second |-> "none",
  clearTodo |-> {},
  clearReturn |-> "idle",
  handler |-> "none",
  caller |-> c1,
  selected |-> 0,
  inlineWorker |-> 0,
  commands |-> <<>>,
  closeCommand |-> FALSE,
  rejectTodo |-> {},
  successor |-> FALSE,
  skip |-> FALSE,
  clock |-> 0,
  limitRaised |-> FALSE,
  calls |->
      ( c1 :>
            [ uid |-> u2,
              op |-> "update",
              waitStage |-> "ACCEPTED",
              status |-> "wire",
              oid |-> 1,
              expired |-> FALSE,
              reply |->
                  [ stage |-> "ERROR",
                    result |-> [kind |-> "retry", value |-> "none"] ],
              active |-> TRUE ] @@
        c2 :>
            [ uid |-> u1,
              op |-> "update",
              waitStage |-> "ACCEPTED",
              status |-> "done",
              oid |-> 0,
              expired |-> FALSE,
              reply |->
                  [ stage |-> "ERROR",
                    result |-> [kind |-> "retry", value |-> "none"] ],
              active |-> TRUE ] @@
        c3 :>
            [ uid |-> "none",
              op |-> "update",
              waitStage |-> "COMPLETED",
              status |-> "idle",
              oid |-> 0,
              expired |-> FALSE,
              reply |->
                  [ stage |-> "NONE",
                    result |-> [kind |-> "pending", value |-> "none"] ],
              active |-> FALSE ] @@
        c4 :>
            [ uid |-> "none",
              op |-> "update",
              waitStage |-> "COMPLETED",
              status |-> "idle",
              oid |-> 0,
              expired |-> FALSE,
              reply |->
                  [ stage |-> "NONE",
                    result |-> [kind |-> "pending", value |-> "none"] ],
              active |-> FALSE ] ),
  observed |-> {},
  applied |-> {},
  timeoutApplications |-> {},
  everRequested |-> {u1, u2} ]
/\ faults = [ request |-> 2,
  callback |-> 0,
  normal |-> 1,
  matchingFailure |-> 0,
  ignore |-> 0,
  close |-> 0,
  noncommit |-> 1,
  uncertain |-> 0,
  appendTimeout |-> 0,
  lateError |-> 0,
  clear |-> 0,
  ownership |-> 1,
  restart |-> 0,
  timeout |-> 0,
  limit |-> 0,
  responseLoss |-> 1,
  crash |-> 1,
  duplicate |-> 0,
  workerLoss |-> 0 ]

State 22: <MCLoadMutableState line 273, col 5 to line 274, col 23 of module MC>
/\ s = [ dispatch |-> <<>>,
  matching |-> <<>>,
  workers |-> <<>>,
  objects |->
      << [ generation |-> 2,
           acceptedID |-> 0,
           uid |-> u2,
           state |-> "Admitted",
           accepted |-> "pending",
           outcome |-> [kind |-> "pending", value |-> "none"],
           callbacks |-> FALSE ] >>,
  timers |-> <<>>,
  cache |-> (h1 :> <<>> @@ h2 :> <<>>),
  db |->
      [ next |-> 5,
        rv |-> 1,
        range |-> 3,
        info |->
            ( u1 :>
                  [ stage |-> "none",
                    result |-> [kind |-> "pending", value |-> "none"],
                    acceptedID |-> 0,
                    eventID |-> 0,
                    batchID |-> 0 ] @@
              u2 :>
                  [ stage |-> "none",
                    result |-> [kind |-> "pending", value |-> "none"],
                    acceptedID |-> 0,
                    eventID |-> 0,
                    batchID |-> 0 ] ),
        closed |-> FALSE,
        sticky |-> TRUE,
        task |->
            [ kind |-> "none",
              scheduled |-> 0,
              started |-> 0,
              startedTime |-> 0,
              attempt |-> 0,
              version |-> 1,
              stamp |-> 0,
              transient |-> FALSE,
              route |-> "normal" ],
        transfer |-> FALSE,
        events |-> <<>> ],
  ctx |->
      [ next |-> 5,
        generation |-> 3,
        rv |-> 1,
        range |-> 3,
        info |->
            ( u1 :>
                  [ stage |-> "none",
                    result |-> [kind |-> "pending", value |-> "none"],
                    acceptedID |-> 0,
                    eventID |-> 0,
                    batchID |-> 0 ] @@
              u2 :>
                  [ stage |-> "none",
                    result |-> [kind |-> "pending", value |-> "none"],
                    acceptedID |-> 0,
                    eventID |-> 0,
                    batchID |-> 0 ] ),
        closed |-> FALSE,
        sticky |-> TRUE,
        task |->
            [ kind |-> "none",
              scheduled |-> 0,
              started |-> 0,
              startedTime |-> 0,
              attempt |-> 0,
              version |-> 1,
              stamp |-> 0,
              transient |-> FALSE,
              route |-> "normal" ],
        transfer |-> FALSE,
        reg |-> (u1 :> 0 @@ u2 :> 0),
        loaded |-> TRUE,
        host |-> h2 ],
  active |->
      [ kind |-> "none",
        result |-> [kind |-> "pending", value |-> "none"],
        oid |-> 0,
        prev |-> "none" ],
  batch |-> <<>>,
  pc |-> "idle",
  acquiring |-> FALSE,
  write |->
      [ next |-> 6,
        rv |-> 1,
        state |-> "noncommit",
        returned |-> TRUE,
        error |-> "processLost",
        range |-> 1,
        info |->
            ( u1 :>
                  [ stage |-> "none",
                    result |-> [kind |-> "pending", value |-> "none"],
                    acceptedID |-> 0,
                    eventID |-> 0,
                    batchID |-> 0 ] @@
              u2 :>
                  [ stage |-> "none",
                    result |-> [kind |-> "pending", value |-> "none"],
                    acceptedID |-> 0,
                    eventID |-> 0,
                    batchID |-> 0 ] ),
        closed |-> FALSE,
        sticky |-> TRUE,
        task |->
            [ kind |-> "Normal",
              scheduled |-> 5,
              started |-> 0,
              startedTime |-> 0,
              attempt |-> 1,
              version |-> 1,
              stamp |-> 0,
              transient |-> FALSE,
              route |-> "sticky" ],
        transfer |-> TRUE,
        events |->
            << [ result |-> [kind |-> "pending", value |-> "none"],
                 batchID |-> 5,
                 uid |-> "none",
                 key |->
                     [ namespace |-> "namespace",
                       workflow |-> "workflow",
                       run |-> "run",
                       eventID |-> 5,
                       version |-> 1 ],
                 type |-> "WFTScheduled" ] >> ],
  timerPointer |-> 0,
  physicalHistory |-> <<>>,
  returnPC |-> "idle",
  effects |-> <<>>,
  cancels |-> <<>>,
  second |-> "none",
  clearTodo |-> {},
  clearReturn |-> "idle",
  handler |-> "none",
  caller |-> c1,
  selected |-> 0,
  inlineWorker |-> 0,
  commands |-> <<>>,
  closeCommand |-> FALSE,
  rejectTodo |-> {},
  successor |-> FALSE,
  skip |-> FALSE,
  clock |-> 0,
  limitRaised |-> FALSE,
  calls |->
      ( c1 :>
            [ uid |-> u2,
              op |-> "update",
              waitStage |-> "ACCEPTED",
              status |-> "wire",
              oid |-> 1,
              expired |-> FALSE,
              reply |->
                  [ stage |-> "ERROR",
                    result |-> [kind |-> "retry", value |-> "none"] ],
              active |-> TRUE ] @@
        c2 :>
            [ uid |-> u1,
              op |-> "update",
              waitStage |-> "ACCEPTED",
              status |-> "done",
              oid |-> 0,
              expired |-> FALSE,
              reply |->
                  [ stage |-> "ERROR",
                    result |-> [kind |-> "retry", value |-> "none"] ],
              active |-> TRUE ] @@
        c3 :>
            [ uid |-> "none",
              op |-> "update",
              waitStage |-> "COMPLETED",
              status |-> "idle",
              oid |-> 0,
              expired |-> FALSE,
              reply |->
                  [ stage |-> "NONE",
                    result |-> [kind |-> "pending", value |-> "none"] ],
              active |-> FALSE ] @@
        c4 :>
            [ uid |-> "none",
              op |-> "update",
              waitStage |-> "COMPLETED",
              status |-> "idle",
              oid |-> 0,
              expired |-> FALSE,
              reply |->
                  [ stage |-> "NONE",
                    result |-> [kind |-> "pending", value |-> "none"] ],
              active |-> FALSE ] ),
  observed |-> {},
  applied |-> {},
  timeoutApplications |-> {},
  everRequested |-> {u1, u2} ]
/\ faults = [ request |-> 2,
  callback |-> 0,
  normal |-> 1,
  matchingFailure |-> 0,
  ignore |-> 0,
  close |-> 0,
  noncommit |-> 1,
  uncertain |-> 0,
  appendTimeout |-> 0,
  lateError |-> 0,
  clear |-> 0,
  ownership |-> 1,
  restart |-> 0,
  timeout |-> 0,
  limit |-> 0,
  responseLoss |-> 1,
  crash |-> 1,
  duplicate |-> 0,
  workerLoss |-> 0 ]

State 23: <MCRetryUpdateWorkflowExecution(c2) line 361, col 5 to line 362, col 23 of module MC>
/\ s = [ dispatch |-> <<>>,
  matching |-> <<>>,
  workers |-> <<>>,
  objects |->
      << [ generation |-> 2,
           acceptedID |-> 0,
           uid |-> u2,
           state |-> "Admitted",
           accepted |-> "pending",
           outcome |-> [kind |-> "pending", value |-> "none"],
           callbacks |-> FALSE ] >>,
  timers |-> <<>>,
  cache |-> (h1 :> <<>> @@ h2 :> <<>>),
  db |->
      [ next |-> 5,
        rv |-> 1,
        range |-> 3,
        info |->
            ( u1 :>
                  [ stage |-> "none",
                    result |-> [kind |-> "pending", value |-> "none"],
                    acceptedID |-> 0,
                    eventID |-> 0,
                    batchID |-> 0 ] @@
              u2 :>
                  [ stage |-> "none",
                    result |-> [kind |-> "pending", value |-> "none"],
                    acceptedID |-> 0,
                    eventID |-> 0,
                    batchID |-> 0 ] ),
        closed |-> FALSE,
        sticky |-> TRUE,
        task |->
            [ kind |-> "none",
              scheduled |-> 0,
              started |-> 0,
              startedTime |-> 0,
              attempt |-> 0,
              version |-> 1,
              stamp |-> 0,
              transient |-> FALSE,
              route |-> "normal" ],
        transfer |-> FALSE,
        events |-> <<>> ],
  ctx |->
      [ next |-> 5,
        generation |-> 3,
        rv |-> 1,
        range |-> 3,
        info |->
            ( u1 :>
                  [ stage |-> "none",
                    result |-> [kind |-> "pending", value |-> "none"],
                    acceptedID |-> 0,
                    eventID |-> 0,
                    batchID |-> 0 ] @@
              u2 :>
                  [ stage |-> "none",
                    result |-> [kind |-> "pending", value |-> "none"],
                    acceptedID |-> 0,
                    eventID |-> 0,
                    batchID |-> 0 ] ),
        closed |-> FALSE,
        sticky |-> TRUE,
        task |->
            [ kind |-> "none",
              scheduled |-> 0,
              started |-> 0,
              startedTime |-> 0,
              attempt |-> 0,
              version |-> 1,
              stamp |-> 0,
              transient |-> FALSE,
              route |-> "normal" ],
        transfer |-> FALSE,
        reg |-> (u1 :> 0 @@ u2 :> 0),
        loaded |-> TRUE,
        host |-> h2 ],
  active |->
      [ kind |-> "none",
        result |-> [kind |-> "pending", value |-> "none"],
        oid |-> 0,
        prev |-> "none" ],
  batch |-> <<>>,
  pc |-> "idle",
  acquiring |-> FALSE,
  write |->
      [ next |-> 6,
        rv |-> 1,
        state |-> "noncommit",
        returned |-> TRUE,
        error |-> "processLost",
        range |-> 1,
        info |->
            ( u1 :>
                  [ stage |-> "none",
                    result |-> [kind |-> "pending", value |-> "none"],
                    acceptedID |-> 0,
                    eventID |-> 0,
                    batchID |-> 0 ] @@
              u2 :>
                  [ stage |-> "none",
                    result |-> [kind |-> "pending", value |-> "none"],
                    acceptedID |-> 0,
                    eventID |-> 0,
                    batchID |-> 0 ] ),
        closed |-> FALSE,
        sticky |-> TRUE,
        task |->
            [ kind |-> "Normal",
              scheduled |-> 5,
              started |-> 0,
              startedTime |-> 0,
              attempt |-> 1,
              version |-> 1,
              stamp |-> 0,
              transient |-> FALSE,
              route |-> "sticky" ],
        transfer |-> TRUE,
        events |->
            << [ result |-> [kind |-> "pending", value |-> "none"],
                 batchID |-> 5,
                 uid |-> "none",
                 key |->
                     [ namespace |-> "namespace",
                       workflow |-> "workflow",
                       run |-> "run",
                       eventID |-> 5,
                       version |-> 1 ],
                 type |-> "WFTScheduled" ] >> ],
  timerPointer |-> 0,
  physicalHistory |-> <<>>,
  returnPC |-> "idle",
  effects |-> <<>>,
  cancels |-> <<>>,
  second |-> "none",
  clearTodo |-> {},
  clearReturn |-> "idle",
  handler |-> "none",
  caller |-> c1,
  selected |-> 0,
  inlineWorker |-> 0,
  commands |-> <<>>,
  closeCommand |-> FALSE,
  rejectTodo |-> {},
  successor |-> FALSE,
  skip |-> FALSE,
  clock |-> 0,
  limitRaised |-> FALSE,
  calls |->
      ( c1 :>
            [ uid |-> u2,
              op |-> "update",
              waitStage |-> "ACCEPTED",
              status |-> "wire",
              oid |-> 1,
              expired |-> FALSE,
              reply |->
                  [ stage |-> "ERROR",
                    result |-> [kind |-> "retry", value |-> "none"] ],
              active |-> TRUE ] @@
        c2 :>
            [ uid |-> u1,
              op |-> "update",
              waitStage |-> "COMPLETED",
              status |-> "request",
              oid |-> 0,
              expired |-> FALSE,
              reply |->
                  [ stage |-> "NONE",
                    result |-> [kind |-> "pending", value |-> "none"] ],
              active |-> TRUE ] @@
        c3 :>
            [ uid |-> "none",
              op |-> "update",
              waitStage |-> "COMPLETED",
              status |-> "idle",
              oid |-> 0,
              expired |-> FALSE,
              reply |->
                  [ stage |-> "NONE",
                    result |-> [kind |-> "pending", value |-> "none"] ],
              active |-> FALSE ] @@
        c4 :>
            [ uid |-> "none",
              op |-> "update",
              waitStage |-> "COMPLETED",
              status |-> "idle",
              oid |-> 0,
              expired |-> FALSE,
              reply |->
                  [ stage |-> "NONE",
                    result |-> [kind |-> "pending", value |-> "none"] ],
              active |-> FALSE ] ),
  observed |-> {},
  applied |-> {},
  timeoutApplications |-> {},
  everRequested |-> {u1, u2} ]
/\ faults = [ request |-> 2,
  callback |-> 0,
  normal |-> 1,
  matchingFailure |-> 0,
  ignore |-> 0,
  close |-> 0,
  noncommit |-> 1,
  uncertain |-> 0,
  appendTimeout |-> 0,
  lateError |-> 0,
  clear |-> 0,
  ownership |-> 1,
  restart |-> 0,
  timeout |-> 0,
  limit |-> 0,
  responseLoss |-> 1,
  crash |-> 1,
  duplicate |-> 0,
  workerLoss |-> 0 ]

State 24: <MCLoseShardOwnership line 264, col 5 to line 266, col 50 of module MC>
/\ s = [ dispatch |-> <<>>,
  matching |-> <<>>,
  workers |-> <<>>,
  objects |->
      << [ generation |-> 2,
           acceptedID |-> 0,
           uid |-> u2,
           state |-> "Admitted",
           accepted |-> "pending",
           outcome |-> [kind |-> "pending", value |-> "none"],
           callbacks |-> FALSE ] >>,
  timers |-> <<>>,
  cache |-> (h1 :> <<>> @@ h2 :> <<>>),
  db |->
      [ next |-> 5,
        rv |-> 1,
        range |-> 3,
        info |->
            ( u1 :>
                  [ stage |-> "none",
                    result |-> [kind |-> "pending", value |-> "none"],
                    acceptedID |-> 0,
                    eventID |-> 0,
                    batchID |-> 0 ] @@
              u2 :>
                  [ stage |-> "none",
                    result |-> [kind |-> "pending", value |-> "none"],
                    acceptedID |-> 0,
                    eventID |-> 0,
                    batchID |-> 0 ] ),
        closed |-> FALSE,
        sticky |-> TRUE,
        task |->
            [ kind |-> "none",
              scheduled |-> 0,
              started |-> 0,
              startedTime |-> 0,
              attempt |-> 0,
              version |-> 1,
              stamp |-> 0,
              transient |-> FALSE,
              route |-> "normal" ],
        transfer |-> FALSE,
        events |-> <<>> ],
  ctx |->
      [ next |-> 5,
        generation |-> 3,
        rv |-> 1,
        range |-> 3,
        info |->
            ( u1 :>
                  [ stage |-> "none",
                    result |-> [kind |-> "pending", value |-> "none"],
                    acceptedID |-> 0,
                    eventID |-> 0,
                    batchID |-> 0 ] @@
              u2 :>
                  [ stage |-> "none",
                    result |-> [kind |-> "pending", value |-> "none"],
                    acceptedID |-> 0,
                    eventID |-> 0,
                    batchID |-> 0 ] ),
        closed |-> FALSE,
        sticky |-> TRUE,
        task |->
            [ kind |-> "none",
              scheduled |-> 0,
              started |-> 0,
              startedTime |-> 0,
              attempt |-> 0,
              version |-> 1,
              stamp |-> 0,
              transient |-> FALSE,
              route |-> "normal" ],
        transfer |-> FALSE,
        reg |-> (u1 :> 0 @@ u2 :> 0),
        loaded |-> TRUE,
        host |-> h2 ],
  active |->
      [ kind |-> "none",
        result |-> [kind |-> "pending", value |-> "none"],
        oid |-> 0,
        prev |-> "none" ],
  batch |-> <<>>,
  pc |-> "shardClear",
  acquiring |-> TRUE,
  write |->
      [ next |-> 6,
        rv |-> 1,
        state |-> "noncommit",
        returned |-> TRUE,
        error |-> "processLost",
        range |-> 1,
        info |->
            ( u1 :>
                  [ stage |-> "none",
                    result |-> [kind |-> "pending", value |-> "none"],
                    acceptedID |-> 0,
                    eventID |-> 0,
                    batchID |-> 0 ] @@
              u2 :>
                  [ stage |-> "none",
                    result |-> [kind |-> "pending", value |-> "none"],
                    acceptedID |-> 0,
                    eventID |-> 0,
                    batchID |-> 0 ] ),
        closed |-> FALSE,
        sticky |-> TRUE,
        task |->
            [ kind |-> "Normal",
              scheduled |-> 5,
              started |-> 0,
              startedTime |-> 0,
              attempt |-> 1,
              version |-> 1,
              stamp |-> 0,
              transient |-> FALSE,
              route |-> "sticky" ],
        transfer |-> TRUE,
        events |->
            << [ result |-> [kind |-> "pending", value |-> "none"],
                 batchID |-> 5,
                 uid |-> "none",
                 key |->
                     [ namespace |-> "namespace",
                       workflow |-> "workflow",
                       run |-> "run",
                       eventID |-> 5,
                       version |-> 1 ],
                 type |-> "WFTScheduled" ] >> ],
  timerPointer |-> 0,
  physicalHistory |-> <<>>,
  returnPC |-> "idle",
  effects |-> <<>>,
  cancels |-> <<>>,
  second |-> "none",
  clearTodo |-> {},
  clearReturn |-> "idle",
  handler |-> "none",
  caller |-> c1,
  selected |-> 0,
  inlineWorker |-> 0,
  commands |-> <<>>,
  closeCommand |-> FALSE,
  rejectTodo |-> {},
  successor |-> FALSE,
  skip |-> FALSE,
  clock |-> 0,
  limitRaised |-> FALSE,
  calls |->
      ( c1 :>
            [ uid |-> u2,
              op |-> "update",
              waitStage |-> "ACCEPTED",
              status |-> "wire",
              oid |-> 1,
              expired |-> FALSE,
              reply |->
                  [ stage |-> "ERROR",
                    result |-> [kind |-> "retry", value |-> "none"] ],
              active |-> TRUE ] @@
        c2 :>
            [ uid |-> u1,
              op |-> "update",
              waitStage |-> "COMPLETED",
              status |-> "request",
              oid |-> 0,
              expired |-> FALSE,
              reply |->
                  [ stage |-> "NONE",
                    result |-> [kind |-> "pending", value |-> "none"] ],
              active |-> TRUE ] @@
        c3 :>
            [ uid |-> "none",
              op |-> "update",
              waitStage |-> "COMPLETED",
              status |-> "idle",
              oid |-> 0,
              expired |-> FALSE,
              reply |->
                  [ stage |-> "NONE",
                    result |-> [kind |-> "pending", value |-> "none"] ],
              active |-> FALSE ] @@
        c4 :>
            [ uid |-> "none",
              op |-> "update",
              waitStage |-> "COMPLETED",
              status |-> "idle",
              oid |-> 0,
              expired |-> FALSE,
              reply |->
                  [ stage |-> "NONE",
                    result |-> [kind |-> "pending", value |-> "none"] ],
              active |-> FALSE ] ),
  observed |-> {},
  applied |-> {},
  timeoutApplications |-> {},
  everRequested |-> {u1, u2} ]
/\ faults = [ request |-> 2,
  callback |-> 0,
  normal |-> 1,
  matchingFailure |-> 0,
  ignore |-> 0,
  close |-> 0,
  noncommit |-> 1,
  uncertain |-> 0,
  appendTimeout |-> 0,
  lateError |-> 0,
  clear |-> 0,
  ownership |-> 2,
  restart |-> 0,
  timeout |-> 0,
  limit |-> 0,
  responseLoss |-> 1,
  crash |-> 1,
  duplicate |-> 0,
  workerLoss |-> 0 ]

State 25: <MCReceiveUpdateResponse(c1) line 352, col 5 to line 353, col 23 of module MC>
/\ s = [ dispatch |-> <<>>,
  matching |-> <<>>,
  workers |-> <<>>,
  objects |->
      << [ generation |-> 2,
           acceptedID |-> 0,
           uid |-> u2,
           state |-> "Admitted",
           accepted |-> "pending",
           outcome |-> [kind |-> "pending", value |-> "none"],
           callbacks |-> FALSE ] >>,
  timers |-> <<>>,
  cache |-> (h1 :> <<>> @@ h2 :> <<>>),
  db |->
      [ next |-> 5,
        rv |-> 1,
        range |-> 3,
        info |->
            ( u1 :>
                  [ stage |-> "none",
                    result |-> [kind |-> "pending", value |-> "none"],
                    acceptedID |-> 0,
                    eventID |-> 0,
                    batchID |-> 0 ] @@
              u2 :>
                  [ stage |-> "none",
                    result |-> [kind |-> "pending", value |-> "none"],
                    acceptedID |-> 0,
                    eventID |-> 0,
                    batchID |-> 0 ] ),
        closed |-> FALSE,
        sticky |-> TRUE,
        task |->
            [ kind |-> "none",
              scheduled |-> 0,
              started |-> 0,
              startedTime |-> 0,
              attempt |-> 0,
              version |-> 1,
              stamp |-> 0,
              transient |-> FALSE,
              route |-> "normal" ],
        transfer |-> FALSE,
        events |-> <<>> ],
  ctx |->
      [ next |-> 5,
        generation |-> 3,
        rv |-> 1,
        range |-> 3,
        info |->
            ( u1 :>
                  [ stage |-> "none",
                    result |-> [kind |-> "pending", value |-> "none"],
                    acceptedID |-> 0,
                    eventID |-> 0,
                    batchID |-> 0 ] @@
              u2 :>
                  [ stage |-> "none",
                    result |-> [kind |-> "pending", value |-> "none"],
                    acceptedID |-> 0,
                    eventID |-> 0,
                    batchID |-> 0 ] ),
        closed |-> FALSE,
        sticky |-> TRUE,
        task |->
            [ kind |-> "none",
              scheduled |-> 0,
              started |-> 0,
              startedTime |-> 0,
              attempt |-> 0,
              version |-> 1,
              stamp |-> 0,
              transient |-> FALSE,
              route |-> "normal" ],
        transfer |-> FALSE,
        reg |-> (u1 :> 0 @@ u2 :> 0),
        loaded |-> TRUE,
        host |-> h2 ],
  active |->
      [ kind |-> "none",
        result |-> [kind |-> "pending", value |-> "none"],
        oid |-> 0,
        prev |-> "none" ],
  batch |-> <<>>,
  pc |-> "shardClear",
  acquiring |-> TRUE,
  write |->
      [ next |-> 6,
        rv |-> 1,
        state |-> "noncommit",
        returned |-> TRUE,
        error |-> "processLost",
        range |-> 1,
        info |->
            ( u1 :>
                  [ stage |-> "none",
                    result |-> [kind |-> "pending", value |-> "none"],
                    acceptedID |-> 0,
                    eventID |-> 0,
                    batchID |-> 0 ] @@
              u2 :>
                  [ stage |-> "none",
                    result |-> [kind |-> "pending", value |-> "none"],
                    acceptedID |-> 0,
                    eventID |-> 0,
                    batchID |-> 0 ] ),
        closed |-> FALSE,
        sticky |-> TRUE,
        task |->
            [ kind |-> "Normal",
              scheduled |-> 5,
              started |-> 0,
              startedTime |-> 0,
              attempt |-> 1,
              version |-> 1,
              stamp |-> 0,
              transient |-> FALSE,
              route |-> "sticky" ],
        transfer |-> TRUE,
        events |->
            << [ result |-> [kind |-> "pending", value |-> "none"],
                 batchID |-> 5,
                 uid |-> "none",
                 key |->
                     [ namespace |-> "namespace",
                       workflow |-> "workflow",
                       run |-> "run",
                       eventID |-> 5,
                       version |-> 1 ],
                 type |-> "WFTScheduled" ] >> ],
  timerPointer |-> 0,
  physicalHistory |-> <<>>,
  returnPC |-> "idle",
  effects |-> <<>>,
  cancels |-> <<>>,
  second |-> "none",
  clearTodo |-> {},
  clearReturn |-> "idle",
  handler |-> "none",
  caller |-> c1,
  selected |-> 0,
  inlineWorker |-> 0,
  commands |-> <<>>,
  closeCommand |-> FALSE,
  rejectTodo |-> {},
  successor |-> FALSE,
  skip |-> FALSE,
  clock |-> 0,
  limitRaised |-> FALSE,
  calls |->
      ( c1 :>
            [ uid |-> u2,
              op |-> "update",
              waitStage |-> "ACCEPTED",
              status |-> "done",
              oid |-> 1,
              expired |-> FALSE,
              reply |->
                  [ stage |-> "ERROR",
                    result |-> [kind |-> "retry", value |-> "none"] ],
              active |-> TRUE ] @@
        c2 :>
            [ uid |-> u1,
              op |-> "update",
              waitStage |-> "COMPLETED",
              status |-> "request",
              oid |-> 0,
              expired |-> FALSE,
              reply |->
                  [ stage |-> "NONE",
                    result |-> [kind |-> "pending", value |-> "none"] ],
              active |-> TRUE ] @@
        c3 :>
            [ uid |-> "none",
              op |-> "update",
              waitStage |-> "COMPLETED",
              status |-> "idle",
              oid |-> 0,
              expired |-> FALSE,
              reply |->
                  [ stage |-> "NONE",
                    result |-> [kind |-> "pending", value |-> "none"] ],
              active |-> FALSE ] @@
        c4 :>
            [ uid |-> "none",
              op |-> "update",
              waitStage |-> "COMPLETED",
              status |-> "idle",
              oid |-> 0,
              expired |-> FALSE,
              reply |->
                  [ stage |-> "NONE",
                    result |-> [kind |-> "pending", value |-> "none"] ],
              active |-> FALSE ] ),
  observed |->
      { [ stage |-> "ERROR",
          result |-> [kind |-> "retry", value |-> "none"],
          uid |-> u2,
          client |-> c1 ] },
  applied |-> {},
  timeoutApplications |-> {},
  everRequested |-> {u1, u2} ]
/\ faults = [ request |-> 2,
  callback |-> 0,
  normal |-> 1,
  matchingFailure |-> 0,
  ignore |-> 0,
  close |-> 0,
  noncommit |-> 1,
  uncertain |-> 0,
  appendTimeout |-> 0,
  lateError |-> 0,
  clear |-> 0,
  ownership |-> 2,
  restart |-> 0,
  timeout |-> 0,
  limit |-> 0,
  responseLoss |-> 1,
  crash |-> 1,
  duplicate |-> 0,
  workerLoss |-> 0 ]

State 26: <MCContextClearBegin line 235, col 5 to line 236, col 23 of module MC>
/\ s = [ dispatch |-> <<>>,
  matching |-> <<>>,
  workers |-> <<>>,
  objects |->
      << [ generation |-> 2,
           acceptedID |-> 0,
           uid |-> u2,
           state |-> "Admitted",
           accepted |-> "pending",
           outcome |-> [kind |-> "pending", value |-> "none"],
           callbacks |-> FALSE ] >>,
  timers |-> <<>>,
  cache |-> (h1 :> <<>> @@ h2 :> <<>>),
  db |->
      [ next |-> 5,
        rv |-> 1,
        range |-> 3,
        info |->
            ( u1 :>
                  [ stage |-> "none",
                    result |-> [kind |-> "pending", value |-> "none"],
                    acceptedID |-> 0,
                    eventID |-> 0,
                    batchID |-> 0 ] @@
              u2 :>
                  [ stage |-> "none",
                    result |-> [kind |-> "pending", value |-> "none"],
                    acceptedID |-> 0,
                    eventID |-> 0,
                    batchID |-> 0 ] ),
        closed |-> FALSE,
        sticky |-> TRUE,
        task |->
            [ kind |-> "none",
              scheduled |-> 0,
              started |-> 0,
              startedTime |-> 0,
              attempt |-> 0,
              version |-> 1,
              stamp |-> 0,
              transient |-> FALSE,
              route |-> "normal" ],
        transfer |-> FALSE,
        events |-> <<>> ],
  ctx |->
      [ next |-> 5,
        generation |-> 3,
        rv |-> 1,
        range |-> 3,
        info |->
            ( u1 :>
                  [ stage |-> "none",
                    result |-> [kind |-> "pending", value |-> "none"],
                    acceptedID |-> 0,
                    eventID |-> 0,
                    batchID |-> 0 ] @@
              u2 :>
                  [ stage |-> "none",
                    result |-> [kind |-> "pending", value |-> "none"],
                    acceptedID |-> 0,
                    eventID |-> 0,
                    batchID |-> 0 ] ),
        closed |-> FALSE,
        sticky |-> TRUE,
        task |->
            [ kind |-> "none",
              scheduled |-> 0,
              started |-> 0,
              startedTime |-> 0,
              attempt |-> 0,
              version |-> 1,
              stamp |-> 0,
              transient |-> FALSE,
              route |-> "normal" ],
        transfer |-> FALSE,
        reg |-> (u1 :> 0 @@ u2 :> 0),
        loaded |-> FALSE,
        host |-> h2 ],
  active |->
      [ kind |-> "none",
        result |-> [kind |-> "pending", value |-> "none"],
        oid |-> 0,
        prev |-> "none" ],
  batch |-> <<>>,
  pc |-> "clearing",
  acquiring |-> TRUE,
  write |->
      [ next |-> 6,
        rv |-> 1,
        state |-> "noncommit",
        returned |-> TRUE,
        error |-> "processLost",
        range |-> 1,
        info |->
            ( u1 :>
                  [ stage |-> "none",
                    result |-> [kind |-> "pending", value |-> "none"],
                    acceptedID |-> 0,
                    eventID |-> 0,
                    batchID |-> 0 ] @@
              u2 :>
                  [ stage |-> "none",
                    result |-> [kind |-> "pending", value |-> "none"],
                    acceptedID |-> 0,
                    eventID |-> 0,
                    batchID |-> 0 ] ),
        closed |-> FALSE,
        sticky |-> TRUE,
        task |->
            [ kind |-> "Normal",
              scheduled |-> 5,
              started |-> 0,
              startedTime |-> 0,
              attempt |-> 1,
              version |-> 1,
              stamp |-> 0,
              transient |-> FALSE,
              route |-> "sticky" ],
        transfer |-> TRUE,
        events |->
            << [ result |-> [kind |-> "pending", value |-> "none"],
                 batchID |-> 5,
                 uid |-> "none",
                 key |->
                     [ namespace |-> "namespace",
                       workflow |-> "workflow",
                       run |-> "run",
                       eventID |-> 5,
                       version |-> 1 ],
                 type |-> "WFTScheduled" ] >> ],
  timerPointer |-> 0,
  physicalHistory |-> <<>>,
  returnPC |-> "idle",
  effects |-> <<>>,
  cancels |-> <<>>,
  second |-> "none",
  clearTodo |-> {},
  clearReturn |-> "idle",
  handler |-> "none",
  caller |-> c1,
  selected |-> 0,
  inlineWorker |-> 0,
  commands |-> <<>>,
  closeCommand |-> FALSE,
  rejectTodo |-> {},
  successor |-> FALSE,
  skip |-> FALSE,
  clock |-> 0,
  limitRaised |-> FALSE,
  calls |->
      ( c1 :>
            [ uid |-> u2,
              op |-> "update",
              waitStage |-> "ACCEPTED",
              status |-> "done",
              oid |-> 1,
              expired |-> FALSE,
              reply |->
                  [ stage |-> "ERROR",
                    result |-> [kind |-> "retry", value |-> "none"] ],
              active |-> TRUE ] @@
        c2 :>
            [ uid |-> u1,
              op |-> "update",
              waitStage |-> "COMPLETED",
              status |-> "request",
              oid |-> 0,
              expired |-> FALSE,
              reply |->
                  [ stage |-> "NONE",
                    result |-> [kind |-> "pending", value |-> "none"] ],
              active |-> TRUE ] @@
        c3 :>
            [ uid |-> "none",
              op |-> "update",
              waitStage |-> "COMPLETED",
              status |-> "idle",
              oid |-> 0,
              expired |-> FALSE,
              reply |->
                  [ stage |-> "NONE",
                    result |-> [kind |-> "pending", value |-> "none"] ],
              active |-> FALSE ] @@
        c4 :>
            [ uid |-> "none",
              op |-> "update",
              waitStage |-> "COMPLETED",
              status |-> "idle",
              oid |-> 0,
              expired |-> FALSE,
              reply |->
                  [ stage |-> "NONE",
                    result |-> [kind |-> "pending", value |-> "none"] ],
              active |-> FALSE ] ),
  observed |->
      { [ stage |-> "ERROR",
          result |-> [kind |-> "retry", value |-> "none"],
          uid |-> u2,
          client |-> c1 ] },
  applied |-> {},
  timeoutApplications |-> {},
  everRequested |-> {u1, u2} ]
/\ faults = [ request |-> 2,
  callback |-> 0,
  normal |-> 1,
  matchingFailure |-> 0,
  ignore |-> 0,
  close |-> 0,
  noncommit |-> 1,
  uncertain |-> 0,
  appendTimeout |-> 0,
  lateError |-> 0,
  clear |-> 0,
  ownership |-> 2,
  restart |-> 0,
  timeout |-> 0,
  limit |-> 0,
  responseLoss |-> 1,
  crash |-> 1,
  duplicate |-> 0,
  workerLoss |-> 0 ]

State 27: <MCRetryUpdateWorkflowExecution(c1) line 361, col 5 to line 362, col 23 of module MC>
/\ s = [ dispatch |-> <<>>,
  matching |-> <<>>,
  workers |-> <<>>,
  objects |->
      << [ generation |-> 2,
           acceptedID |-> 0,
           uid |-> u2,
           state |-> "Admitted",
           accepted |-> "pending",
           outcome |-> [kind |-> "pending", value |-> "none"],
           callbacks |-> FALSE ] >>,
  timers |-> <<>>,
  cache |-> (h1 :> <<>> @@ h2 :> <<>>),
  db |->
      [ next |-> 5,
        rv |-> 1,
        range |-> 3,
        info |->
            ( u1 :>
                  [ stage |-> "none",
                    result |-> [kind |-> "pending", value |-> "none"],
                    acceptedID |-> 0,
                    eventID |-> 0,
                    batchID |-> 0 ] @@
              u2 :>
                  [ stage |-> "none",
                    result |-> [kind |-> "pending", value |-> "none"],
                    acceptedID |-> 0,
                    eventID |-> 0,
                    batchID |-> 0 ] ),
        closed |-> FALSE,
        sticky |-> TRUE,
        task |->
            [ kind |-> "none",
              scheduled |-> 0,
              started |-> 0,
              startedTime |-> 0,
              attempt |-> 0,
              version |-> 1,
              stamp |-> 0,
              transient |-> FALSE,
              route |-> "normal" ],
        transfer |-> FALSE,
        events |-> <<>> ],
  ctx |->
      [ next |-> 5,
        generation |-> 3,
        rv |-> 1,
        range |-> 3,
        info |->
            ( u1 :>
                  [ stage |-> "none",
                    result |-> [kind |-> "pending", value |-> "none"],
                    acceptedID |-> 0,
                    eventID |-> 0,
                    batchID |-> 0 ] @@
              u2 :>
                  [ stage |-> "none",
                    result |-> [kind |-> "pending", value |-> "none"],
                    acceptedID |-> 0,
                    eventID |-> 0,
                    batchID |-> 0 ] ),
        closed |-> FALSE,
        sticky |-> TRUE,
        task |->
            [ kind |-> "none",
              scheduled |-> 0,
              started |-> 0,
              startedTime |-> 0,
              attempt |-> 0,
              version |-> 1,
              stamp |-> 0,
              transient |-> FALSE,
              route |-> "normal" ],
        transfer |-> FALSE,
        reg |-> (u1 :> 0 @@ u2 :> 0),
        loaded |-> FALSE,
        host |-> h2 ],
  active |->
      [ kind |-> "none",
        result |-> [kind |-> "pending", value |-> "none"],
        oid |-> 0,
        prev |-> "none" ],
  batch |-> <<>>,
  pc |-> "clearing",
  acquiring |-> TRUE,
  write |->
      [ next |-> 6,
        rv |-> 1,
        state |-> "noncommit",
        returned |-> TRUE,
        error |-> "processLost",
        range |-> 1,
        info |->
            ( u1 :>
                  [ stage |-> "none",
                    result |-> [kind |-> "pending", value |-> "none"],
                    acceptedID |-> 0,
                    eventID |-> 0,
                    batchID |-> 0 ] @@
              u2 :>
                  [ stage |-> "none",
                    result |-> [kind |-> "pending", value |-> "none"],
                    acceptedID |-> 0,
                    eventID |-> 0,
                    batchID |-> 0 ] ),
        closed |-> FALSE,
        sticky |-> TRUE,
        task |->
            [ kind |-> "Normal",
              scheduled |-> 5,
              started |-> 0,
              startedTime |-> 0,
              attempt |-> 1,
              version |-> 1,
              stamp |-> 0,
              transient |-> FALSE,
              route |-> "sticky" ],
        transfer |-> TRUE,
        events |->
            << [ result |-> [kind |-> "pending", value |-> "none"],
                 batchID |-> 5,
                 uid |-> "none",
                 key |->
                     [ namespace |-> "namespace",
                       workflow |-> "workflow",
                       run |-> "run",
                       eventID |-> 5,
                       version |-> 1 ],
                 type |-> "WFTScheduled" ] >> ],
  timerPointer |-> 0,
  physicalHistory |-> <<>>,
  returnPC |-> "idle",
  effects |-> <<>>,
  cancels |-> <<>>,
  second |-> "none",
  clearTodo |-> {},
  clearReturn |-> "idle",
  handler |-> "none",
  caller |-> c1,
  selected |-> 0,
  inlineWorker |-> 0,
  commands |-> <<>>,
  closeCommand |-> FALSE,
  rejectTodo |-> {},
  successor |-> FALSE,
  skip |-> FALSE,
  clock |-> 0,
  limitRaised |-> FALSE,
  calls |->
      ( c1 :>
            [ uid |-> u2,
              op |-> "update",
              waitStage |-> "COMPLETED",
              status |-> "request",
              oid |-> 0,
              expired |-> FALSE,
              reply |->
                  [ stage |-> "NONE",
                    result |-> [kind |-> "pending", value |-> "none"] ],
              active |-> TRUE ] @@
        c2 :>
            [ uid |-> u1,
              op |-> "update",
              waitStage |-> "COMPLETED",
              status |-> "request",
              oid |-> 0,
              expired |-> FALSE,
              reply |->
                  [ stage |-> "NONE",
                    result |-> [kind |-> "pending", value |-> "none"] ],
              active |-> TRUE ] @@
        c3 :>
            [ uid |-> "none",
              op |-> "update",
              waitStage |-> "COMPLETED",
              status |-> "idle",
              oid |-> 0,
              expired |-> FALSE,
              reply |->
                  [ stage |-> "NONE",
                    result |-> [kind |-> "pending", value |-> "none"] ],
              active |-> FALSE ] @@
        c4 :>
            [ uid |-> "none",
              op |-> "update",
              waitStage |-> "COMPLETED",
              status |-> "idle",
              oid |-> 0,
              expired |-> FALSE,
              reply |->
                  [ stage |-> "NONE",
                    result |-> [kind |-> "pending", value |-> "none"] ],
              active |-> FALSE ] ),
  observed |->
      { [ stage |-> "ERROR",
          result |-> [kind |-> "retry", value |-> "none"],
          uid |-> u2,
          client |-> c1 ] },
  applied |-> {},
  timeoutApplications |-> {},
  everRequested |-> {u1, u2} ]
/\ faults = [ request |-> 2,
  callback |-> 0,
  normal |-> 1,
  matchingFailure |-> 0,
  ignore |-> 0,
  close |-> 0,
  noncommit |-> 1,
  uncertain |-> 0,
  appendTimeout |-> 0,
  lateError |-> 0,
  clear |-> 0,
  ownership |-> 2,
  restart |-> 0,
  timeout |-> 0,
  limit |-> 0,
  responseLoss |-> 1,
  crash |-> 1,
  duplicate |-> 0,
  workerLoss |-> 0 ]

State 28: <MCContextClearDone line 247, col 5 to line 248, col 23 of module MC>
/\ s = [ dispatch |-> <<>>,
  matching |-> <<>>,
  workers |-> <<>>,
  objects |->
      << [ generation |-> 2,
           acceptedID |-> 0,
           uid |-> u2,
           state |-> "Admitted",
           accepted |-> "pending",
           outcome |-> [kind |-> "pending", value |-> "none"],
           callbacks |-> FALSE ] >>,
  timers |-> <<>>,
  cache |-> (h1 :> <<>> @@ h2 :> <<>>),
  db |->
      [ next |-> 5,
        rv |-> 1,
        range |-> 3,
        info |->
            ( u1 :>
                  [ stage |-> "none",
                    result |-> [kind |-> "pending", value |-> "none"],
                    acceptedID |-> 0,
                    eventID |-> 0,
                    batchID |-> 0 ] @@
              u2 :>
                  [ stage |-> "none",
                    result |-> [kind |-> "pending", value |-> "none"],
                    acceptedID |-> 0,
                    eventID |-> 0,
                    batchID |-> 0 ] ),
        closed |-> FALSE,
        sticky |-> TRUE,
        task |->
            [ kind |-> "none",
              scheduled |-> 0,
              started |-> 0,
              startedTime |-> 0,
              attempt |-> 0,
              version |-> 1,
              stamp |-> 0,
              transient |-> FALSE,
              route |-> "normal" ],
        transfer |-> FALSE,
        events |-> <<>> ],
  ctx |->
      [ next |-> 5,
        generation |-> 3,
        rv |-> 1,
        range |-> 3,
        info |->
            ( u1 :>
                  [ stage |-> "none",
                    result |-> [kind |-> "pending", value |-> "none"],
                    acceptedID |-> 0,
                    eventID |-> 0,
                    batchID |-> 0 ] @@
              u2 :>
                  [ stage |-> "none",
                    result |-> [kind |-> "pending", value |-> "none"],
                    acceptedID |-> 0,
                    eventID |-> 0,
                    batchID |-> 0 ] ),
        closed |-> FALSE,
        sticky |-> TRUE,
        task |->
            [ kind |-> "none",
              scheduled |-> 0,
              started |-> 0,
              startedTime |-> 0,
              attempt |-> 0,
              version |-> 1,
              stamp |-> 0,
              transient |-> FALSE,
              route |-> "normal" ],
        transfer |-> FALSE,
        reg |-> (u1 :> 0 @@ u2 :> 0),
        loaded |-> FALSE,
        host |-> h2 ],
  active |->
      [ kind |-> "none",
        result |-> [kind |-> "pending", value |-> "none"],
        oid |-> 0,
        prev |-> "none" ],
  batch |-> <<>>,
  pc |-> "idle",
  acquiring |-> TRUE,
  write |->
      [ next |-> 6,
        rv |-> 1,
        state |-> "noncommit",
        returned |-> TRUE,
        error |-> "processLost",
        range |-> 1,
        info |->
            ( u1 :>
                  [ stage |-> "none",
                    result |-> [kind |-> "pending", value |-> "none"],
                    acceptedID |-> 0,
                    eventID |-> 0,
                    batchID |-> 0 ] @@
              u2 :>
                  [ stage |-> "none",
                    result |-> [kind |-> "pending", value |-> "none"],
                    acceptedID |-> 0,
                    eventID |-> 0,
                    batchID |-> 0 ] ),
        closed |-> FALSE,
        sticky |-> TRUE,
        task |->
            [ kind |-> "Normal",
              scheduled |-> 5,
              started |-> 0,
              startedTime |-> 0,
              attempt |-> 1,
              version |-> 1,
              stamp |-> 0,
              transient |-> FALSE,
              route |-> "sticky" ],
        transfer |-> TRUE,
        events |->
            << [ result |-> [kind |-> "pending", value |-> "none"],
                 batchID |-> 5,
                 uid |-> "none",
                 key |->
                     [ namespace |-> "namespace",
                       workflow |-> "workflow",
                       run |-> "run",
                       eventID |-> 5,
                       version |-> 1 ],
                 type |-> "WFTScheduled" ] >> ],
  timerPointer |-> 0,
  physicalHistory |-> <<>>,
  returnPC |-> "idle",
  effects |-> <<>>,
  cancels |-> <<>>,
  second |-> "none",
  clearTodo |-> {},
  clearReturn |-> "idle",
  handler |-> "none",
  caller |-> c1,
  selected |-> 0,
  inlineWorker |-> 0,
  commands |-> <<>>,
  closeCommand |-> FALSE,
  rejectTodo |-> {},
  successor |-> FALSE,
  skip |-> FALSE,
  clock |-> 0,
  limitRaised |-> FALSE,
  calls |->
      ( c1 :>
            [ uid |-> u2,
              op |-> "update",
              waitStage |-> "COMPLETED",
              status |-> "request",
              oid |-> 0,
              expired |-> FALSE,
              reply |->
                  [ stage |-> "NONE",
                    result |-> [kind |-> "pending", value |-> "none"] ],
              active |-> TRUE ] @@
        c2 :>
            [ uid |-> u1,
              op |-> "update",
              waitStage |-> "COMPLETED",
              status |-> "request",
              oid |-> 0,
              expired |-> FALSE,
              reply |->
                  [ stage |-> "NONE",
                    result |-> [kind |-> "pending", value |-> "none"] ],
              active |-> TRUE ] @@
        c3 :>
            [ uid |-> "none",
              op |-> "update",
              waitStage |-> "COMPLETED",
              status |-> "idle",
              oid |-> 0,
              expired |-> FALSE,
              reply |->
                  [ stage |-> "NONE",
                    result |-> [kind |-> "pending", value |-> "none"] ],
              active |-> FALSE ] @@
        c4 :>
            [ uid |-> "none",
              op |-> "update",
              waitStage |-> "COMPLETED",
              status |-> "idle",
              oid |-> 0,
              expired |-> FALSE,
              reply |->
                  [ stage |-> "NONE",
                    result |-> [kind |-> "pending", value |-> "none"] ],
              active |-> FALSE ] ),
  observed |->
      { [ stage |-> "ERROR",
          result |-> [kind |-> "retry", value |-> "none"],
          uid |-> u2,
          client |-> c1 ] },
  applied |-> {},
  timeoutApplications |-> {},
  everRequested |-> {u1, u2} ]
/\ faults = [ request |-> 2,
  callback |-> 0,
  normal |-> 1,
  matchingFailure |-> 0,
  ignore |-> 0,
  close |-> 0,
  noncommit |-> 1,
  uncertain |-> 0,
  appendTimeout |-> 0,
  lateError |-> 0,
  clear |-> 0,
  ownership |-> 2,
  restart |-> 0,
  timeout |-> 0,
  limit |-> 0,
  responseLoss |-> 1,
  crash |-> 1,
  duplicate |-> 0,
  workerLoss |-> 0 ]

State 29: <MCAcquireShard(h1) line 269, col 5 to line 270, col 23 of module MC>
/\ s = [ dispatch |-> <<>>,
  matching |-> <<>>,
  workers |-> <<>>,
  objects |->
      << [ generation |-> 2,
           acceptedID |-> 0,
           uid |-> u2,
           state |-> "Admitted",
           accepted |-> "pending",
           outcome |-> [kind |-> "pending", value |-> "none"],
           callbacks |-> FALSE ] >>,
  timers |-> <<>>,
  cache |-> (h1 :> <<>> @@ h2 :> <<>>),
  db |->
      [ next |-> 5,
        rv |-> 1,
        range |-> 4,
        info |->
            ( u1 :>
                  [ stage |-> "none",
                    result |-> [kind |-> "pending", value |-> "none"],
                    acceptedID |-> 0,
                    eventID |-> 0,
                    batchID |-> 0 ] @@
              u2 :>
                  [ stage |-> "none",
                    result |-> [kind |-> "pending", value |-> "none"],
                    acceptedID |-> 0,
                    eventID |-> 0,
                    batchID |-> 0 ] ),
        closed |-> FALSE,
        sticky |-> TRUE,
        task |->
            [ kind |-> "none",
              scheduled |-> 0,
              started |-> 0,
              startedTime |-> 0,
              attempt |-> 0,
              version |-> 1,
              stamp |-> 0,
              transient |-> FALSE,
              route |-> "normal" ],
        transfer |-> FALSE,
        events |-> <<>> ],
  ctx |->
      [ next |-> 5,
        generation |-> 3,
        rv |-> 1,
        range |-> 4,
        info |->
            ( u1 :>
                  [ stage |-> "none",
                    result |-> [kind |-> "pending", value |-> "none"],
                    acceptedID |-> 0,
                    eventID |-> 0,
                    batchID |-> 0 ] @@
              u2 :>
                  [ stage |-> "none",
                    result |-> [kind |-> "pending", value |-> "none"],
                    acceptedID |-> 0,
                    eventID |-> 0,
                    batchID |-> 0 ] ),
        closed |-> FALSE,
        sticky |-> TRUE,
        task |->
            [ kind |-> "none",
              scheduled |-> 0,
              started |-> 0,
              startedTime |-> 0,
              attempt |-> 0,
              version |-> 1,
              stamp |-> 0,
              transient |-> FALSE,
              route |-> "normal" ],
        transfer |-> FALSE,
        reg |-> (u1 :> 0 @@ u2 :> 0),
        loaded |-> FALSE,
        host |-> h1 ],
  active |->
      [ kind |-> "none",
        result |-> [kind |-> "pending", value |-> "none"],
        oid |-> 0,
        prev |-> "none" ],
  batch |-> <<>>,
  pc |-> "idle",
  acquiring |-> FALSE,
  write |->
      [ next |-> 6,
        rv |-> 1,
        state |-> "noncommit",
        returned |-> TRUE,
        error |-> "processLost",
        range |-> 1,
        info |->
            ( u1 :>
                  [ stage |-> "none",
                    result |-> [kind |-> "pending", value |-> "none"],
                    acceptedID |-> 0,
                    eventID |-> 0,
                    batchID |-> 0 ] @@
              u2 :>
                  [ stage |-> "none",
                    result |-> [kind |-> "pending", value |-> "none"],
                    acceptedID |-> 0,
                    eventID |-> 0,
                    batchID |-> 0 ] ),
        closed |-> FALSE,
        sticky |-> TRUE,
        task |->
            [ kind |-> "Normal",
              scheduled |-> 5,
              started |-> 0,
              startedTime |-> 0,
              attempt |-> 1,
              version |-> 1,
              stamp |-> 0,
              transient |-> FALSE,
              route |-> "sticky" ],
        transfer |-> TRUE,
        events |->
            << [ result |-> [kind |-> "pending", value |-> "none"],
                 batchID |-> 5,
                 uid |-> "none",
                 key |->
                     [ namespace |-> "namespace",
                       workflow |-> "workflow",
                       run |-> "run",
                       eventID |-> 5,
                       version |-> 1 ],
                 type |-> "WFTScheduled" ] >> ],
  timerPointer |-> 0,
  physicalHistory |-> <<>>,
  returnPC |-> "idle",
  effects |-> <<>>,
  cancels |-> <<>>,
  second |-> "none",
  clearTodo |-> {},
  clearReturn |-> "idle",
  handler |-> "none",
  caller |-> c1,
  selected |-> 0,
  inlineWorker |-> 0,
  commands |-> <<>>,
  closeCommand |-> FALSE,
  rejectTodo |-> {},
  successor |-> FALSE,
  skip |-> FALSE,
  clock |-> 0,
  limitRaised |-> FALSE,
  calls |->
      ( c1 :>
            [ uid |-> u2,
              op |-> "update",
              waitStage |-> "COMPLETED",
              status |-> "request",
              oid |-> 0,
              expired |-> FALSE,
              reply |->
                  [ stage |-> "NONE",
                    result |-> [kind |-> "pending", value |-> "none"] ],
              active |-> TRUE ] @@
        c2 :>
            [ uid |-> u1,
              op |-> "update",
              waitStage |-> "COMPLETED",
              status |-> "request",
              oid |-> 0,
              expired |-> FALSE,
              reply |->
                  [ stage |-> "NONE",
                    result |-> [kind |-> "pending", value |-> "none"] ],
              active |-> TRUE ] @@
        c3 :>
            [ uid |-> "none",
              op |-> "update",
              waitStage |-> "COMPLETED",
              status |-> "idle",
              oid |-> 0,
              expired |-> FALSE,
              reply |->
                  [ stage |-> "NONE",
                    result |-> [kind |-> "pending", value |-> "none"] ],
              active |-> FALSE ] @@
        c4 :>
            [ uid |-> "none",
              op |-> "update",
              waitStage |-> "COMPLETED",
              status |-> "idle",
              oid |-> 0,
              expired |-> FALSE,
              reply |->
                  [ stage |-> "NONE",
                    result |-> [kind |-> "pending", value |-> "none"] ],
              active |-> FALSE ] ),
  observed |->
      { [ stage |-> "ERROR",
          result |-> [kind |-> "retry", value |-> "none"],
          uid |-> u2,
          client |-> c1 ] },
  applied |-> {},
  timeoutApplications |-> {},
  everRequested |-> {u1, u2} ]
/\ faults = [ request |-> 2,
  callback |-> 0,
  normal |-> 1,
  matchingFailure |-> 0,
  ignore |-> 0,
  close |-> 0,
  noncommit |-> 1,
  uncertain |-> 0,
  appendTimeout |-> 0,
  lateError |-> 0,
  clear |-> 0,
  ownership |-> 2,
  restart |-> 0,
  timeout |-> 0,
  limit |-> 0,
  responseLoss |-> 1,
  crash |-> 1,
  duplicate |-> 0,
  workerLoss |-> 0 ]

State 30: <MCLoadMutableState line 273, col 5 to line 274, col 23 of module MC>
/\ s = [ dispatch |-> <<>>,
  matching |-> <<>>,
  workers |-> <<>>,
  objects |->
      << [ generation |-> 2,
           acceptedID |-> 0,
           uid |-> u2,
           state |-> "Admitted",
           accepted |-> "pending",
           outcome |-> [kind |-> "pending", value |-> "none"],
           callbacks |-> FALSE ] >>,
  timers |-> <<>>,
  cache |-> (h1 :> <<>> @@ h2 :> <<>>),
  db |->
      [ next |-> 5,
        rv |-> 1,
        range |-> 4,
        info |->
            ( u1 :>
                  [ stage |-> "none",
                    result |-> [kind |-> "pending", value |-> "none"],
                    acceptedID |-> 0,
                    eventID |-> 0,
                    batchID |-> 0 ] @@
              u2 :>
                  [ stage |-> "none",
                    result |-> [kind |-> "pending", value |-> "none"],
                    acceptedID |-> 0,
                    eventID |-> 0,
                    batchID |-> 0 ] ),
        closed |-> FALSE,
        sticky |-> TRUE,
        task |->
            [ kind |-> "none",
              scheduled |-> 0,
              started |-> 0,
              startedTime |-> 0,
              attempt |-> 0,
              version |-> 1,
              stamp |-> 0,
              transient |-> FALSE,
              route |-> "normal" ],
        transfer |-> FALSE,
        events |-> <<>> ],
  ctx |->
      [ next |-> 5,
        generation |-> 4,
        rv |-> 1,
        range |-> 4,
        info |->
            ( u1 :>
                  [ stage |-> "none",
                    result |-> [kind |-> "pending", value |-> "none"],
                    acceptedID |-> 0,
                    eventID |-> 0,
                    batchID |-> 0 ] @@
              u2 :>
                  [ stage |-> "none",
                    result |-> [kind |-> "pending", value |-> "none"],
                    acceptedID |-> 0,
                    eventID |-> 0,
                    batchID |-> 0 ] ),
        closed |-> FALSE,
        sticky |-> TRUE,
        task |->
            [ kind |-> "none",
              scheduled |-> 0,
              started |-> 0,
              startedTime |-> 0,
              attempt |-> 0,
              version |-> 1,
              stamp |-> 0,
              transient |-> FALSE,
              route |-> "normal" ],
        transfer |-> FALSE,
        reg |-> (u1 :> 0 @@ u2 :> 0),
        loaded |-> TRUE,
        host |-> h1 ],
  active |->
      [ kind |-> "none",
        result |-> [kind |-> "pending", value |-> "none"],
        oid |-> 0,
        prev |-> "none" ],
  batch |-> <<>>,
  pc |-> "idle",
  acquiring |-> FALSE,
  write |->
      [ next |-> 6,
        rv |-> 1,
        state |-> "noncommit",
        returned |-> TRUE,
        error |-> "processLost",
        range |-> 1,
        info |->
            ( u1 :>
                  [ stage |-> "none",
                    result |-> [kind |-> "pending", value |-> "none"],
                    acceptedID |-> 0,
                    eventID |-> 0,
                    batchID |-> 0 ] @@
              u2 :>
                  [ stage |-> "none",
                    result |-> [kind |-> "pending", value |-> "none"],
                    acceptedID |-> 0,
                    eventID |-> 0,
                    batchID |-> 0 ] ),
        closed |-> FALSE,
        sticky |-> TRUE,
        task |->
            [ kind |-> "Normal",
              scheduled |-> 5,
              started |-> 0,
              startedTime |-> 0,
              attempt |-> 1,
              version |-> 1,
              stamp |-> 0,
              transient |-> FALSE,
              route |-> "sticky" ],
        transfer |-> TRUE,
        events |->
            << [ result |-> [kind |-> "pending", value |-> "none"],
                 batchID |-> 5,
                 uid |-> "none",
                 key |->
                     [ namespace |-> "namespace",
                       workflow |-> "workflow",
                       run |-> "run",
                       eventID |-> 5,
                       version |-> 1 ],
                 type |-> "WFTScheduled" ] >> ],
  timerPointer |-> 0,
  physicalHistory |-> <<>>,
  returnPC |-> "idle",
  effects |-> <<>>,
  cancels |-> <<>>,
  second |-> "none",
  clearTodo |-> {},
  clearReturn |-> "idle",
  handler |-> "none",
  caller |-> c1,
  selected |-> 0,
  inlineWorker |-> 0,
  commands |-> <<>>,
  closeCommand |-> FALSE,
  rejectTodo |-> {},
  successor |-> FALSE,
  skip |-> FALSE,
  clock |-> 0,
  limitRaised |-> FALSE,
  calls |->
      ( c1 :>
            [ uid |-> u2,
              op |-> "update",
              waitStage |-> "COMPLETED",
              status |-> "request",
              oid |-> 0,
              expired |-> FALSE,
              reply |->
                  [ stage |-> "NONE",
                    result |-> [kind |-> "pending", value |-> "none"] ],
              active |-> TRUE ] @@
        c2 :>
            [ uid |-> u1,
              op |-> "update",
              waitStage |-> "COMPLETED",
              status |-> "request",
              oid |-> 0,
              expired |-> FALSE,
              reply |->
                  [ stage |-> "NONE",
                    result |-> [kind |-> "pending", value |-> "none"] ],
              active |-> TRUE ] @@
        c3 :>
            [ uid |-> "none",
              op |-> "update",
              waitStage |-> "COMPLETED",
              status |-> "idle",
              oid |-> 0,
              expired |-> FALSE,
              reply |->
                  [ stage |-> "NONE",
                    result |-> [kind |-> "pending", value |-> "none"] ],
              active |-> FALSE ] @@
        c4 :>
            [ uid |-> "none",
              op |-> "update",
              waitStage |-> "COMPLETED",
              status |-> "idle",
              oid |-> 0,
              expired |-> FALSE,
              reply |->
                  [ stage |-> "NONE",
                    result |-> [kind |-> "pending", value |-> "none"] ],
              active |-> FALSE ] ),
  observed |->
      { [ stage |-> "ERROR",
          result |-> [kind |-> "retry", value |-> "none"],
          uid |-> u2,
          client |-> c1 ] },
  applied |-> {},
  timeoutApplications |-> {},
  everRequested |-> {u1, u2} ]
/\ faults = [ request |-> 2,
  callback |-> 0,
  normal |-> 1,
  matchingFailure |-> 0,
  ignore |-> 0,
  close |-> 0,
  noncommit |-> 1,
  uncertain |-> 0,
  appendTimeout |-> 0,
  lateError |-> 0,
  clear |-> 0,
  ownership |-> 2,
  restart |-> 0,
  timeout |-> 0,
  limit |-> 0,
  responseLoss |-> 1,
  crash |-> 1,
  duplicate |-> 0,
  workerLoss |-> 0 ]

State 31: <MCUpdaterApplyRequestNew(c1) line 25, col 5 to line 26, col 23 of module MC>
/\ s = [ dispatch |-> <<>>,
  matching |-> <<>>,
  workers |-> <<>>,
  objects |->
      << [ generation |-> 2,
           acceptedID |-> 0,
           uid |-> u2,
           state |-> "Admitted",
           accepted |-> "pending",
           outcome |-> [kind |-> "pending", value |-> "none"],
           callbacks |-> FALSE ],
         [ generation |-> 4,
           acceptedID |-> 0,
           uid |-> u2,
           state |-> "Admitted",
           accepted |-> "pending",
           outcome |-> [kind |-> "pending", value |-> "none"],
           callbacks |-> FALSE ] >>,
  timers |-> <<>>,
  cache |-> (h1 :> <<>> @@ h2 :> <<>>),
  db |->
      [ next |-> 5,
        rv |-> 1,
        range |-> 4,
        info |->
            ( u1 :>
                  [ stage |-> "none",
                    result |-> [kind |-> "pending", value |-> "none"],
                    acceptedID |-> 0,
                    eventID |-> 0,
                    batchID |-> 0 ] @@
              u2 :>
                  [ stage |-> "none",
                    result |-> [kind |-> "pending", value |-> "none"],
                    acceptedID |-> 0,
                    eventID |-> 0,
                    batchID |-> 0 ] ),
        closed |-> FALSE,
        sticky |-> TRUE,
        task |->
            [ kind |-> "none",
              scheduled |-> 0,
              started |-> 0,
              startedTime |-> 0,
              attempt |-> 0,
              version |-> 1,
              stamp |-> 0,
              transient |-> FALSE,
              route |-> "normal" ],
        transfer |-> FALSE,
        events |-> <<>> ],
  ctx |->
      [ loaded |-> TRUE,
        host |-> h1,
        generation |-> 4,
        range |-> 4,
        rv |-> 1,
        next |-> 5,
        closed |-> FALSE,
        sticky |-> TRUE,
        task |->
            [ kind |-> "none",
              scheduled |-> 0,
              started |-> 0,
              startedTime |-> 0,
              attempt |-> 0,
              version |-> 1,
              stamp |-> 0,
              transient |-> FALSE,
              route |-> "normal" ],
        transfer |-> FALSE,
        info |->
            ( u1 :>
                  [ stage |-> "none",
                    result |-> [kind |-> "pending", value |-> "none"],
                    acceptedID |-> 0,
                    eventID |-> 0,
                    batchID |-> 0 ] @@
              u2 :>
                  [ stage |-> "none",
                    result |-> [kind |-> "pending", value |-> "none"],
                    acceptedID |-> 0,
                    eventID |-> 0,
                    batchID |-> 0 ] ),
        reg |-> (u1 :> 0 @@ u2 :> 2) ],
  active |->
      [ kind |-> "none",
        result |-> [kind |-> "pending", value |-> "none"],
        oid |-> 0,
        prev |-> "none" ],
  batch |-> <<>>,
  pc |-> "admitSchedule",
  acquiring |-> FALSE,
  write |->
      [ next |-> 6,
        rv |-> 1,
        state |-> "noncommit",
        returned |-> TRUE,
        error |-> "processLost",
        range |-> 1,
        info |->
            ( u1 :>
                  [ stage |-> "none",
                    result |-> [kind |-> "pending", value |-> "none"],
                    acceptedID |-> 0,
                    eventID |-> 0,
                    batchID |-> 0 ] @@
              u2 :>
                  [ stage |-> "none",
                    result |-> [kind |-> "pending", value |-> "none"],
                    acceptedID |-> 0,
                    eventID |-> 0,
                    batchID |-> 0 ] ),
        closed |-> FALSE,
        sticky |-> TRUE,
        task |->
            [ kind |-> "Normal",
              scheduled |-> 5,
              started |-> 0,
              startedTime |-> 0,
              attempt |-> 1,
              version |-> 1,
              stamp |-> 0,
              transient |-> FALSE,
              route |-> "sticky" ],
        transfer |-> TRUE,
        events |->
            << [ result |-> [kind |-> "pending", value |-> "none"],
                 batchID |-> 5,
                 uid |-> "none",
                 key |->
                     [ namespace |-> "namespace",
                       workflow |-> "workflow",
                       run |-> "run",
                       eventID |-> 5,
                       version |-> 1 ],
                 type |-> "WFTScheduled" ] >> ],
  timerPointer |-> 0,
  physicalHistory |-> <<>>,
  returnPC |-> "idle",
  effects |-> <<>>,
  cancels |-> <<>>,
  second |-> "none",
  clearTodo |-> {},
  clearReturn |-> "idle",
  handler |-> "none",
  caller |-> c1,
  selected |-> 0,
  inlineWorker |-> 0,
  commands |-> <<>>,
  closeCommand |-> FALSE,
  rejectTodo |-> {},
  successor |-> FALSE,
  skip |-> FALSE,
  clock |-> 0,
  limitRaised |-> FALSE,
  calls |->
      ( c1 :>
            [ uid |-> u2,
              op |-> "update",
              waitStage |-> "COMPLETED",
              status |-> "binding",
              oid |-> 2,
              expired |-> FALSE,
              reply |->
                  [ stage |-> "NONE",
                    result |-> [kind |-> "pending", value |-> "none"] ],
              active |-> TRUE ] @@
        c2 :>
            [ uid |-> u1,
              op |-> "update",
              waitStage |-> "COMPLETED",
              status |-> "request",
              oid |-> 0,
              expired |-> FALSE,
              reply |->
                  [ stage |-> "NONE",
                    result |-> [kind |-> "pending", value |-> "none"] ],
              active |-> TRUE ] @@
        c3 :>
            [ uid |-> "none",
              op |-> "update",
              waitStage |-> "COMPLETED",
              status |-> "idle",
              oid |-> 0,
              expired |-> FALSE,
              reply |->
                  [ stage |-> "NONE",
                    result |-> [kind |-> "pending", value |-> "none"] ],
              active |-> FALSE ] @@
        c4 :>
            [ uid |-> "none",
              op |-> "update",
              waitStage |-> "COMPLETED",
              status |-> "idle",
              oid |-> 0,
              expired |-> FALSE,
              reply |->
                  [ stage |-> "NONE",
                    result |-> [kind |-> "pending", value |-> "none"] ],
              active |-> FALSE ] ),
  observed |->
      { [ stage |-> "ERROR",
          result |-> [kind |-> "retry", value |-> "none"],
          uid |-> u2,
          client |-> c1 ] },
  applied |-> {},
  timeoutApplications |-> {},
  everRequested |-> {u1, u2} ]
/\ faults = [ request |-> 2,
  callback |-> 0,
  normal |-> 1,
  matchingFailure |-> 0,
  ignore |-> 0,
  close |-> 0,
  noncommit |-> 1,
  uncertain |-> 0,
  appendTimeout |-> 0,
  lateError |-> 0,
  clear |-> 0,
  ownership |-> 2,
  restart |-> 0,
  timeout |-> 0,
  limit |-> 0,
  responseLoss |-> 1,
  crash |-> 1,
  duplicate |-> 0,
  workerLoss |-> 0 ]

State 32: <MCAddWorkflowTaskScheduledEvent line 29, col 5 to line 30, col 23 of module MC>
/\ s = [ dispatch |->
      << [ kind |-> "Speculative",
           scheduled |-> 5,
           started |-> 0,
           startedTime |-> 0,
           attempt |-> 1,
           version |-> 1,
           stamp |-> 0,
           transient |-> FALSE,
           route |-> "sticky" ] >>,
  matching |-> <<>>,
  workers |-> <<>>,
  objects |->
      << [ generation |-> 2,
           acceptedID |-> 0,
           uid |-> u2,
           state |-> "Admitted",
           accepted |-> "pending",
           outcome |-> [kind |-> "pending", value |-> "none"],
           callbacks |-> FALSE ],
         [ generation |-> 4,
           acceptedID |-> 0,
           uid |-> u2,
           state |-> "Admitted",
           accepted |-> "pending",
           outcome |-> [kind |-> "pending", value |-> "none"],
           callbacks |-> FALSE ] >>,
  timers |->
      << [ timeout |-> "STS",
           task |->
               [ kind |-> "Speculative",
                 scheduled |-> 5,
                 started |-> 0,
                 startedTime |-> 0,
                 attempt |-> 1,
                 version |-> 1,
                 stamp |-> 0,
                 transient |-> FALSE,
                 route |-> "sticky" ],
           speculative |-> TRUE,
           eligible |-> FALSE,
           submitted |-> FALSE,
           cancelled |-> FALSE,
           consumed |-> FALSE ] >>,
  cache |-> (h1 :> <<>> @@ h2 :> <<>>),
  db |->
      [ next |-> 5,
        rv |-> 1,
        range |-> 4,
        info |->
            ( u1 :>
                  [ stage |-> "none",
                    result |-> [kind |-> "pending", value |-> "none"],
                    acceptedID |-> 0,
                    eventID |-> 0,
                    batchID |-> 0 ] @@
              u2 :>
                  [ stage |-> "none",
                    result |-> [kind |-> "pending", value |-> "none"],
                    acceptedID |-> 0,
                    eventID |-> 0,
                    batchID |-> 0 ] ),
        closed |-> FALSE,
        sticky |-> TRUE,
        task |->
            [ kind |-> "none",
              scheduled |-> 0,
              started |-> 0,
              startedTime |-> 0,
              attempt |-> 0,
              version |-> 1,
              stamp |-> 0,
              transient |-> FALSE,
              route |-> "normal" ],
        transfer |-> FALSE,
        events |-> <<>> ],
  ctx |->
      [ next |-> 5,
        generation |-> 4,
        rv |-> 1,
        range |-> 4,
        info |->
            ( u1 :>
                  [ stage |-> "none",
                    result |-> [kind |-> "pending", value |-> "none"],
                    acceptedID |-> 0,
                    eventID |-> 0,
                    batchID |-> 0 ] @@
              u2 :>
                  [ stage |-> "none",
                    result |-> [kind |-> "pending", value |-> "none"],
                    acceptedID |-> 0,
                    eventID |-> 0,
                    batchID |-> 0 ] ),
        closed |-> FALSE,
        sticky |-> TRUE,
        task |->
            [ kind |-> "Speculative",
              scheduled |-> 5,
              started |-> 0,
              startedTime |-> 0,
              attempt |-> 1,
              version |-> 1,
              stamp |-> 0,
              transient |-> FALSE,
              route |-> "sticky" ],
        transfer |-> FALSE,
        reg |-> (u1 :> 0 @@ u2 :> 2),
        loaded |-> TRUE,
        host |-> h1 ],
  active |->
      [ kind |-> "none",
        result |-> [kind |-> "pending", value |-> "none"],
        oid |-> 0,
        prev |-> "none" ],
  batch |-> <<>>,
  pc |-> "idle",
  acquiring |-> FALSE,
  write |->
      [ next |-> 6,
        rv |-> 1,
        state |-> "noncommit",
        returned |-> TRUE,
        error |-> "processLost",
        range |-> 1,
        info |->
            ( u1 :>
                  [ stage |-> "none",
                    result |-> [kind |-> "pending", value |-> "none"],
                    acceptedID |-> 0,
                    eventID |-> 0,
                    batchID |-> 0 ] @@
              u2 :>
                  [ stage |-> "none",
                    result |-> [kind |-> "pending", value |-> "none"],
                    acceptedID |-> 0,
                    eventID |-> 0,
                    batchID |-> 0 ] ),
        closed |-> FALSE,
        sticky |-> TRUE,
        task |->
            [ kind |-> "Normal",
              scheduled |-> 5,
              started |-> 0,
              startedTime |-> 0,
              attempt |-> 1,
              version |-> 1,
              stamp |-> 0,
              transient |-> FALSE,
              route |-> "sticky" ],
        transfer |-> TRUE,
        events |->
            << [ result |-> [kind |-> "pending", value |-> "none"],
                 batchID |-> 5,
                 uid |-> "none",
                 key |->
                     [ namespace |-> "namespace",
                       workflow |-> "workflow",
                       run |-> "run",
                       eventID |-> 5,
                       version |-> 1 ],
                 type |-> "WFTScheduled" ] >> ],
  timerPointer |-> 1,
  physicalHistory |-> <<>>,
  returnPC |-> "idle",
  effects |-> <<>>,
  cancels |-> <<>>,
  second |-> "none",
  clearTodo |-> {},
  clearReturn |-> "idle",
  handler |-> "none",
  caller |-> "none",
  selected |-> 0,
  inlineWorker |-> 0,
  commands |-> <<>>,
  closeCommand |-> FALSE,
  rejectTodo |-> {},
  successor |-> FALSE,
  skip |-> FALSE,
  clock |-> 0,
  limitRaised |-> FALSE,
  calls |->
      ( c1 :>
            [ uid |-> u2,
              op |-> "update",
              waitStage |-> "COMPLETED",
              status |-> "wait",
              oid |-> 2,
              expired |-> FALSE,
              reply |->
                  [ stage |-> "NONE",
                    result |-> [kind |-> "pending", value |-> "none"] ],
              active |-> TRUE ] @@
        c2 :>
            [ uid |-> u1,
              op |-> "update",
              waitStage |-> "COMPLETED",
              status |-> "request",
              oid |-> 0,
              expired |-> FALSE,
              reply |->
                  [ stage |-> "NONE",
                    result |-> [kind |-> "pending", value |-> "none"] ],
              active |-> TRUE ] @@
        c3 :>
            [ uid |-> "none",
              op |-> "update",
              waitStage |-> "COMPLETED",
              status |-> "idle",
              oid |-> 0,
              expired |-> FALSE,
              reply |->
                  [ stage |-> "NONE",
                    result |-> [kind |-> "pending", value |-> "none"] ],
              active |-> FALSE ] @@
        c4 :>
            [ uid |-> "none",
              op |-> "update",
              waitStage |-> "COMPLETED",
              status |-> "idle",
              oid |-> 0,
              expired |-> FALSE,
              reply |->
                  [ stage |-> "NONE",
                    result |-> [kind |-> "pending", value |-> "none"] ],
              active |-> FALSE ] ),
  observed |->
      { [ stage |-> "ERROR",
          result |-> [kind |-> "retry", value |-> "none"],
          uid |-> u2,
          client |-> c1 ] },
  applied |-> {},
  timeoutApplications |-> {},
  everRequested |-> {u1, u2} ]
/\ faults = [ request |-> 2,
  callback |-> 0,
  normal |-> 1,
  matchingFailure |-> 0,
  ignore |-> 0,
  close |-> 0,
  noncommit |-> 1,
  uncertain |-> 0,
  appendTimeout |-> 0,
  lateError |-> 0,
  clear |-> 0,
  ownership |-> 2,
  restart |-> 0,
  timeout |-> 0,
  limit |-> 0,
  responseLoss |-> 1,
  crash |-> 1,
  duplicate |-> 0,
  workerLoss |-> 0 ]

State 33: <MCNext line 390, col 8 to line 391, col 87 of module MC>
/\ s = [ dispatch |->
      << [ kind |-> "Speculative",
           scheduled |-> 5,
           started |-> 0,
           startedTime |-> 0,
           attempt |-> 1,
           version |-> 1,
           stamp |-> 0,
           transient |-> FALSE,
           route |-> "normal" ] >>,
  matching |-> <<>>,
  workers |-> <<>>,
  objects |->
      << [ generation |-> 2,
           acceptedID |-> 0,
           uid |-> u2,
           state |-> "Admitted",
           accepted |-> "pending",
           outcome |-> [kind |-> "pending", value |-> "none"],
           callbacks |-> FALSE ],
         [ generation |-> 4,
           acceptedID |-> 0,
           uid |-> u2,
           state |-> "Admitted",
           accepted |-> "pending",
           outcome |-> [kind |-> "pending", value |-> "none"],
           callbacks |-> FALSE ] >>,
  timers |->
      << [ timeout |-> "STS",
           task |->
               [ kind |-> "Speculative",
                 scheduled |-> 5,
                 started |-> 0,
                 startedTime |-> 0,
                 attempt |-> 1,
                 version |-> 1,
                 stamp |-> 0,
                 transient |-> FALSE,
                 route |-> "sticky" ],
           speculative |-> TRUE,
           eligible |-> FALSE,
           submitted |-> FALSE,
           cancelled |-> FALSE,
           consumed |-> FALSE ] >>,
  cache |-> (h1 :> <<>> @@ h2 :> <<>>),
  db |->
      [ next |-> 5,
        rv |-> 1,
        range |-> 4,
        info |->
            ( u1 :>
                  [ stage |-> "none",
                    result |-> [kind |-> "pending", value |-> "none"],
                    acceptedID |-> 0,
                    eventID |-> 0,
                    batchID |-> 0 ] @@
              u2 :>
                  [ stage |-> "none",
                    result |-> [kind |-> "pending", value |-> "none"],
                    acceptedID |-> 0,
                    eventID |-> 0,
                    batchID |-> 0 ] ),
        closed |-> FALSE,
        sticky |-> TRUE,
        task |->
            [ kind |-> "none",
              scheduled |-> 0,
              started |-> 0,
              startedTime |-> 0,
              attempt |-> 0,
              version |-> 1,
              stamp |-> 0,
              transient |-> FALSE,
              route |-> "normal" ],
        transfer |-> FALSE,
        events |-> <<>> ],
  ctx |->
      [ next |-> 5,
        generation |-> 4,
        rv |-> 1,
        range |-> 4,
        info |->
            ( u1 :>
                  [ stage |-> "none",
                    result |-> [kind |-> "pending", value |-> "none"],
                    acceptedID |-> 0,
                    eventID |-> 0,
                    batchID |-> 0 ] @@
              u2 :>
                  [ stage |-> "none",
                    result |-> [kind |-> "pending", value |-> "none"],
                    acceptedID |-> 0,
                    eventID |-> 0,
                    batchID |-> 0 ] ),
        closed |-> FALSE,
        sticky |-> TRUE,
        task |->
            [ kind |-> "Speculative",
              scheduled |-> 5,
              started |-> 0,
              startedTime |-> 0,
              attempt |-> 1,
              version |-> 1,
              stamp |-> 0,
              transient |-> FALSE,
              route |-> "sticky" ],
        transfer |-> FALSE,
        reg |-> (u1 :> 0 @@ u2 :> 2),
        loaded |-> TRUE,
        host |-> h1 ],
  active |->
      [ kind |-> "none",
        result |-> [kind |-> "pending", value |-> "none"],
        oid |-> 0,
        prev |-> "none" ],
  batch |-> <<>>,
  pc |-> "idle",
  acquiring |-> FALSE,
  write |->
      [ next |-> 6,
        rv |-> 1,
        state |-> "noncommit",
        returned |-> TRUE,
        error |-> "processLost",
        range |-> 1,
        info |->
            ( u1 :>
                  [ stage |-> "none",
                    result |-> [kind |-> "pending", value |-> "none"],
                    acceptedID |-> 0,
                    eventID |-> 0,
                    batchID |-> 0 ] @@
              u2 :>
                  [ stage |-> "none",
                    result |-> [kind |-> "pending", value |-> "none"],
                    acceptedID |-> 0,
                    eventID |-> 0,
                    batchID |-> 0 ] ),
        closed |-> FALSE,
        sticky |-> TRUE,
        task |->
            [ kind |-> "Normal",
              scheduled |-> 5,
              started |-> 0,
              startedTime |-> 0,
              attempt |-> 1,
              version |-> 1,
              stamp |-> 0,
              transient |-> FALSE,
              route |-> "sticky" ],
        transfer |-> TRUE,
        events |->
            << [ result |-> [kind |-> "pending", value |-> "none"],
                 batchID |-> 5,
                 uid |-> "none",
                 key |->
                     [ namespace |-> "namespace",
                       workflow |-> "workflow",
                       run |-> "run",
                       eventID |-> 5,
                       version |-> 1 ],
                 type |-> "WFTScheduled" ] >> ],
  timerPointer |-> 1,
  physicalHistory |-> <<>>,
  returnPC |-> "idle",
  effects |-> <<>>,
  cancels |-> <<>>,
  second |-> "none",
  clearTodo |-> {},
  clearReturn |-> "idle",
  handler |-> "none",
  caller |-> "none",
  selected |-> 0,
  inlineWorker |-> 0,
  commands |-> <<>>,
  closeCommand |-> FALSE,
  rejectTodo |-> {},
  successor |-> FALSE,
  skip |-> FALSE,
  clock |-> 0,
  limitRaised |-> FALSE,
  calls |->
      ( c1 :>
            [ uid |-> u2,
              op |-> "update",
              waitStage |-> "COMPLETED",
              status |-> "wait",
              oid |-> 2,
              expired |-> FALSE,
              reply |->
                  [ stage |-> "NONE",
                    result |-> [kind |-> "pending", value |-> "none"] ],
              active |-> TRUE ] @@
        c2 :>
            [ uid |-> u1,
              op |-> "update",
              waitStage |-> "COMPLETED",
              status |-> "request",
              oid |-> 0,
              expired |-> FALSE,
              reply |->
                  [ stage |-> "NONE",
                    result |-> [kind |-> "pending", value |-> "none"] ],
              active |-> TRUE ] @@
        c3 :>
            [ uid |-> "none",
              op |-> "update",
              waitStage |-> "COMPLETED",
              status |-> "idle",
              oid |-> 0,
              expired |-> FALSE,
              reply |->
                  [ stage |-> "NONE",
                    result |-> [kind |-> "pending", value |-> "none"] ],
              active |-> FALSE ] @@
        c4 :>
            [ uid |-> "none",
              op |-> "update",
              waitStage |-> "COMPLETED",
              status |-> "idle",
              oid |-> 0,
              expired |-> FALSE,
              reply |->
                  [ stage |-> "NONE",
                    result |-> [kind |-> "pending", value |-> "none"] ],
              active |-> FALSE ] ),
  observed |->
      { [ stage |-> "ERROR",
          result |-> [kind |-> "retry", value |-> "none"],
          uid |-> u2,
          client |-> c1 ] },
  applied |-> {},
  timeoutApplications |-> {},
  everRequested |-> {u1, u2} ]
/\ faults = [ request |-> 2,
  callback |-> 0,
  normal |-> 1,
  matchingFailure |-> 1,
  ignore |-> 0,
  close |-> 0,
  noncommit |-> 1,
  uncertain |-> 0,
  appendTimeout |-> 0,
  lateError |-> 0,
  clear |-> 0,
  ownership |-> 2,
  restart |-> 0,
  timeout |-> 0,
  limit |-> 0,
  responseLoss |-> 1,
  crash |-> 1,
  duplicate |-> 0,
  workerLoss |-> 0 ]

State 34: <MCWaitLifecycleStageSoftTimeout(c1) line 344, col 5 to line 345, col 23 of module MC>
/\ s = [ dispatch |->
      << [ kind |-> "Speculative",
           scheduled |-> 5,
           started |-> 0,
           startedTime |-> 0,
           attempt |-> 1,
           version |-> 1,
           stamp |-> 0,
           transient |-> FALSE,
           route |-> "normal" ] >>,
  matching |-> <<>>,
  workers |-> <<>>,
  objects |->
      << [ generation |-> 2,
           acceptedID |-> 0,
           uid |-> u2,
           state |-> "Admitted",
           accepted |-> "pending",
           outcome |-> [kind |-> "pending", value |-> "none"],
           callbacks |-> FALSE ],
         [ generation |-> 4,
           acceptedID |-> 0,
           uid |-> u2,
           state |-> "Admitted",
           accepted |-> "pending",
           outcome |-> [kind |-> "pending", value |-> "none"],
           callbacks |-> FALSE ] >>,
  timers |->
      << [ timeout |-> "STS",
           task |->
               [ kind |-> "Speculative",
                 scheduled |-> 5,
                 started |-> 0,
                 startedTime |-> 0,
                 attempt |-> 1,
                 version |-> 1,
                 stamp |-> 0,
                 transient |-> FALSE,
                 route |-> "sticky" ],
           speculative |-> TRUE,
           eligible |-> FALSE,
           submitted |-> FALSE,
           cancelled |-> FALSE,
           consumed |-> FALSE ] >>,
  cache |-> (h1 :> <<>> @@ h2 :> <<>>),
  db |->
      [ next |-> 5,
        rv |-> 1,
        range |-> 4,
        info |->
            ( u1 :>
                  [ stage |-> "none",
                    result |-> [kind |-> "pending", value |-> "none"],
                    acceptedID |-> 0,
                    eventID |-> 0,
                    batchID |-> 0 ] @@
              u2 :>
                  [ stage |-> "none",
                    result |-> [kind |-> "pending", value |-> "none"],
                    acceptedID |-> 0,
                    eventID |-> 0,
                    batchID |-> 0 ] ),
        closed |-> FALSE,
        sticky |-> TRUE,
        task |->
            [ kind |-> "none",
              scheduled |-> 0,
              started |-> 0,
              startedTime |-> 0,
              attempt |-> 0,
              version |-> 1,
              stamp |-> 0,
              transient |-> FALSE,
              route |-> "normal" ],
        transfer |-> FALSE,
        events |-> <<>> ],
  ctx |->
      [ next |-> 5,
        generation |-> 4,
        rv |-> 1,
        range |-> 4,
        info |->
            ( u1 :>
                  [ stage |-> "none",
                    result |-> [kind |-> "pending", value |-> "none"],
                    acceptedID |-> 0,
                    eventID |-> 0,
                    batchID |-> 0 ] @@
              u2 :>
                  [ stage |-> "none",
                    result |-> [kind |-> "pending", value |-> "none"],
                    acceptedID |-> 0,
                    eventID |-> 0,
                    batchID |-> 0 ] ),
        closed |-> FALSE,
        sticky |-> TRUE,
        task |->
            [ kind |-> "Speculative",
              scheduled |-> 5,
              started |-> 0,
              startedTime |-> 0,
              attempt |-> 1,
              version |-> 1,
              stamp |-> 0,
              transient |-> FALSE,
              route |-> "sticky" ],
        transfer |-> FALSE,
        reg |-> (u1 :> 0 @@ u2 :> 2),
        loaded |-> TRUE,
        host |-> h1 ],
  active |->
      [ kind |-> "none",
        result |-> [kind |-> "pending", value |-> "none"],
        oid |-> 0,
        prev |-> "none" ],
  batch |-> <<>>,
  pc |-> "idle",
  acquiring |-> FALSE,
  write |->
      [ next |-> 6,
        rv |-> 1,
        state |-> "noncommit",
        returned |-> TRUE,
        error |-> "processLost",
        range |-> 1,
        info |->
            ( u1 :>
                  [ stage |-> "none",
                    result |-> [kind |-> "pending", value |-> "none"],
                    acceptedID |-> 0,
                    eventID |-> 0,
                    batchID |-> 0 ] @@
              u2 :>
                  [ stage |-> "none",
                    result |-> [kind |-> "pending", value |-> "none"],
                    acceptedID |-> 0,
                    eventID |-> 0,
                    batchID |-> 0 ] ),
        closed |-> FALSE,
        sticky |-> TRUE,
        task |->
            [ kind |-> "Normal",
              scheduled |-> 5,
              started |-> 0,
              startedTime |-> 0,
              attempt |-> 1,
              version |-> 1,
              stamp |-> 0,
              transient |-> FALSE,
              route |-> "sticky" ],
        transfer |-> TRUE,
        events |->
            << [ result |-> [kind |-> "pending", value |-> "none"],
                 batchID |-> 5,
                 uid |-> "none",
                 key |->
                     [ namespace |-> "namespace",
                       workflow |-> "workflow",
                       run |-> "run",
                       eventID |-> 5,
                       version |-> 1 ],
                 type |-> "WFTScheduled" ] >> ],
  timerPointer |-> 1,
  physicalHistory |-> <<>>,
  returnPC |-> "idle",
  effects |-> <<>>,
  cancels |-> <<>>,
  second |-> "none",
  clearTodo |-> {},
  clearReturn |-> "idle",
  handler |-> "none",
  caller |-> "none",
  selected |-> 0,
  inlineWorker |-> 0,
  commands |-> <<>>,
  closeCommand |-> FALSE,
  rejectTodo |-> {},
  successor |-> FALSE,
  skip |-> FALSE,
  clock |-> 0,
  limitRaised |-> FALSE,
  calls |->
      ( c1 :>
            [ uid |-> u2,
              op |-> "update",
              waitStage |-> "COMPLETED",
              status |-> "wait",
              oid |-> 2,
              expired |-> TRUE,
              reply |->
                  [ stage |-> "NONE",
                    result |-> [kind |-> "pending", value |-> "none"] ],
              active |-> TRUE ] @@
        c2 :>
            [ uid |-> u1,
              op |-> "update",
              waitStage |-> "COMPLETED",
              status |-> "request",
              oid |-> 0,
              expired |-> FALSE,
              reply |->
                  [ stage |-> "NONE",
                    result |-> [kind |-> "pending", value |-> "none"] ],
              active |-> TRUE ] @@
        c3 :>
            [ uid |-> "none",
              op |-> "update",
              waitStage |-> "COMPLETED",
              status |-> "idle",
              oid |-> 0,
              expired |-> FALSE,
              reply |->
                  [ stage |-> "NONE",
                    result |-> [kind |-> "pending", value |-> "none"] ],
              active |-> FALSE ] @@
        c4 :>
            [ uid |-> "none",
              op |-> "update",
              waitStage |-> "COMPLETED",
              status |-> "idle",
              oid |-> 0,
              expired |-> FALSE,
              reply |->
                  [ stage |-> "NONE",
                    result |-> [kind |-> "pending", value |-> "none"] ],
              active |-> FALSE ] ),
  observed |->
      { [ stage |-> "ERROR",
          result |-> [kind |-> "retry", value |-> "none"],
          uid |-> u2,
          client |-> c1 ] },
  applied |-> {},
  timeoutApplications |-> {},
  everRequested |-> {u1, u2} ]
/\ faults = [ request |-> 2,
  callback |-> 0,
  normal |-> 1,
  matchingFailure |-> 1,
  ignore |-> 0,
  close |-> 0,
  noncommit |-> 1,
  uncertain |-> 0,
  appendTimeout |-> 0,
  lateError |-> 0,
  clear |-> 0,
  ownership |-> 2,
  restart |-> 0,
  timeout |-> 0,
  limit |-> 0,
  responseLoss |-> 1,
  crash |-> 1,
  duplicate |-> 0,
  workerLoss |-> 0 ]

State 35: <MCUpdaterApplyRequestNew(c2) line 25, col 5 to line 26, col 23 of module MC>
/\ s = [ dispatch |->
      << [ kind |-> "Speculative",
           scheduled |-> 5,
           started |-> 0,
           startedTime |-> 0,
           attempt |-> 1,
           version |-> 1,
           stamp |-> 0,
           transient |-> FALSE,
           route |-> "normal" ] >>,
  matching |-> <<>>,
  workers |-> <<>>,
  objects |->
      << [ generation |-> 2,
           acceptedID |-> 0,
           uid |-> u2,
           state |-> "Admitted",
           accepted |-> "pending",
           outcome |-> [kind |-> "pending", value |-> "none"],
           callbacks |-> FALSE ],
         [ generation |-> 4,
           acceptedID |-> 0,
           uid |-> u2,
           state |-> "Admitted",
           accepted |-> "pending",
           outcome |-> [kind |-> "pending", value |-> "none"],
           callbacks |-> FALSE ],
         [ generation |-> 4,
           acceptedID |-> 0,
           uid |-> u1,
           state |-> "Admitted",
           accepted |-> "pending",
           outcome |-> [kind |-> "pending", value |-> "none"],
           callbacks |-> FALSE ] >>,
  timers |->
      << [ timeout |-> "STS",
           task |->
               [ kind |-> "Speculative",
                 scheduled |-> 5,
                 started |-> 0,
                 startedTime |-> 0,
                 attempt |-> 1,
                 version |-> 1,
                 stamp |-> 0,
                 transient |-> FALSE,
                 route |-> "sticky" ],
           speculative |-> TRUE,
           eligible |-> FALSE,
           submitted |-> FALSE,
           cancelled |-> FALSE,
           consumed |-> FALSE ] >>,
  cache |-> (h1 :> <<>> @@ h2 :> <<>>),
  db |->
      [ next |-> 5,
        rv |-> 1,
        range |-> 4,
        info |->
            ( u1 :>
                  [ stage |-> "none",
                    result |-> [kind |-> "pending", value |-> "none"],
                    acceptedID |-> 0,
                    eventID |-> 0,
                    batchID |-> 0 ] @@
              u2 :>
                  [ stage |-> "none",
                    result |-> [kind |-> "pending", value |-> "none"],
                    acceptedID |-> 0,
                    eventID |-> 0,
                    batchID |-> 0 ] ),
        closed |-> FALSE,
        sticky |-> TRUE,
        task |->
            [ kind |-> "none",
              scheduled |-> 0,
              started |-> 0,
              startedTime |-> 0,
              attempt |-> 0,
              version |-> 1,
              stamp |-> 0,
              transient |-> FALSE,
              route |-> "normal" ],
        transfer |-> FALSE,
        events |-> <<>> ],
  ctx |->
      [ next |-> 5,
        generation |-> 4,
        rv |-> 1,
        range |-> 4,
        info |->
            ( u1 :>
                  [ stage |-> "none",
                    result |-> [kind |-> "pending", value |-> "none"],
                    acceptedID |-> 0,
                    eventID |-> 0,
                    batchID |-> 0 ] @@
              u2 :>
                  [ stage |-> "none",
                    result |-> [kind |-> "pending", value |-> "none"],
                    acceptedID |-> 0,
                    eventID |-> 0,
                    batchID |-> 0 ] ),
        closed |-> FALSE,
        sticky |-> TRUE,
        task |->
            [ kind |-> "Speculative",
              scheduled |-> 5,
              started |-> 0,
              startedTime |-> 0,
              attempt |-> 1,
              version |-> 1,
              stamp |-> 0,
              transient |-> FALSE,
              route |-> "sticky" ],
        transfer |-> FALSE,
        reg |-> (u1 :> 3 @@ u2 :> 2),
        loaded |-> TRUE,
        host |-> h1 ],
  active |->
      [ kind |-> "none",
        result |-> [kind |-> "pending", value |-> "none"],
        oid |-> 0,
        prev |-> "none" ],
  batch |-> <<>>,
  pc |-> "admitSchedule",
  acquiring |-> FALSE,
  write |->
      [ next |-> 6,
        rv |-> 1,
        state |-> "noncommit",
        returned |-> TRUE,
        error |-> "processLost",
        range |-> 1,
        info |->
            ( u1 :>
                  [ stage |-> "none",
                    result |-> [kind |-> "pending", value |-> "none"],
                    acceptedID |-> 0,
                    eventID |-> 0,
                    batchID |-> 0 ] @@
              u2 :>
                  [ stage |-> "none",
                    result |-> [kind |-> "pending", value |-> "none"],
                    acceptedID |-> 0,
                    eventID |-> 0,
                    batchID |-> 0 ] ),
        closed |-> FALSE,
        sticky |-> TRUE,
        task |->
            [ kind |-> "Normal",
              scheduled |-> 5,
              started |-> 0,
              startedTime |-> 0,
              attempt |-> 1,
              version |-> 1,
              stamp |-> 0,
              transient |-> FALSE,
              route |-> "sticky" ],
        transfer |-> TRUE,
        events |->
            << [ result |-> [kind |-> "pending", value |-> "none"],
                 batchID |-> 5,
                 uid |-> "none",
                 key |->
                     [ namespace |-> "namespace",
                       workflow |-> "workflow",
                       run |-> "run",
                       eventID |-> 5,
                       version |-> 1 ],
                 type |-> "WFTScheduled" ] >> ],
  timerPointer |-> 1,
  physicalHistory |-> <<>>,
  returnPC |-> "idle",
  effects |-> <<>>,
  cancels |-> <<>>,
  second |-> "none",
  clearTodo |-> {},
  clearReturn |-> "idle",
  handler |-> "none",
  caller |-> c2,
  selected |-> 0,
  inlineWorker |-> 0,
  commands |-> <<>>,
  closeCommand |-> FALSE,
  rejectTodo |-> {},
  successor |-> FALSE,
  skip |-> FALSE,
  clock |-> 0,
  limitRaised |-> FALSE,
  calls |->
      ( c1 :>
            [ uid |-> u2,
              op |-> "update",
              waitStage |-> "COMPLETED",
              status |-> "wait",
              oid |-> 2,
              expired |-> TRUE,
              reply |->
                  [ stage |-> "NONE",
                    result |-> [kind |-> "pending", value |-> "none"] ],
              active |-> TRUE ] @@
        c2 :>
            [ uid |-> u1,
              op |-> "update",
              waitStage |-> "COMPLETED",
              status |-> "binding",
              oid |-> 3,
              expired |-> FALSE,
              reply |->
                  [ stage |-> "NONE",
                    result |-> [kind |-> "pending", value |-> "none"] ],
              active |-> TRUE ] @@
        c3 :>
            [ uid |-> "none",
              op |-> "update",
              waitStage |-> "COMPLETED",
              status |-> "idle",
              oid |-> 0,
              expired |-> FALSE,
              reply |->
                  [ stage |-> "NONE",
                    result |-> [kind |-> "pending", value |-> "none"] ],
              active |-> FALSE ] @@
        c4 :>
            [ uid |-> "none",
              op |-> "update",
              waitStage |-> "COMPLETED",
              status |-> "idle",
              oid |-> 0,
              expired |-> FALSE,
              reply |->
                  [ stage |-> "NONE",
                    result |-> [kind |-> "pending", value |-> "none"] ],
              active |-> FALSE ] ),
  observed |->
      { [ stage |-> "ERROR",
          result |-> [kind |-> "retry", value |-> "none"],
          uid |-> u2,
          client |-> c1 ] },
  applied |-> {},
  timeoutApplications |-> {},
  everRequested |-> {u1, u2} ]
/\ faults = [ request |-> 2,
  callback |-> 0,
  normal |-> 1,
  matchingFailure |-> 1,
  ignore |-> 0,
  close |-> 0,
  noncommit |-> 1,
  uncertain |-> 0,
  appendTimeout |-> 0,
  lateError |-> 0,
  clear |-> 0,
  ownership |-> 2,
  restart |-> 0,
  timeout |-> 0,
  limit |-> 0,
  responseLoss |-> 1,
  crash |-> 1,
  duplicate |-> 0,
  workerLoss |-> 0 ]

State 36: <MCNext line 390, col 8 to line 391, col 87 of module MC>
/\ s = [ dispatch |-> <<>>,
  matching |->
      << [ kind |-> "Speculative",
           scheduled |-> 5,
           started |-> 0,
           startedTime |-> 0,
           attempt |-> 1,
           version |-> 1,
           stamp |-> 0,
           transient |-> FALSE,
           route |-> "normal" ] >>,
  workers |-> <<>>,
  objects |->
      << [ generation |-> 2,
           acceptedID |-> 0,
           uid |-> u2,
           state |-> "Admitted",
           accepted |-> "pending",
           outcome |-> [kind |-> "pending", value |-> "none"],
           callbacks |-> FALSE ],
         [ generation |-> 4,
           acceptedID |-> 0,
           uid |-> u2,
           state |-> "Admitted",
           accepted |-> "pending",
           outcome |-> [kind |-> "pending", value |-> "none"],
           callbacks |-> FALSE ],
         [ generation |-> 4,
           acceptedID |-> 0,
           uid |-> u1,
           state |-> "Admitted",
           accepted |-> "pending",
           outcome |-> [kind |-> "pending", value |-> "none"],
           callbacks |-> FALSE ] >>,
  timers |->
      << [ timeout |-> "STS",
           task |->
               [ kind |-> "Speculative",
                 scheduled |-> 5,
                 started |-> 0,
                 startedTime |-> 0,
                 attempt |-> 1,
                 version |-> 1,
                 stamp |-> 0,
                 transient |-> FALSE,
                 route |-> "sticky" ],
           speculative |-> TRUE,
           eligible |-> FALSE,
           submitted |-> FALSE,
           cancelled |-> FALSE,
           consumed |-> FALSE ] >>,
  cache |-> (h1 :> <<>> @@ h2 :> <<>>),
  db |->
      [ next |-> 5,
        rv |-> 1,
        range |-> 4,
        info |->
            ( u1 :>
                  [ stage |-> "none",
                    result |-> [kind |-> "pending", value |-> "none"],
                    acceptedID |-> 0,
                    eventID |-> 0,
                    batchID |-> 0 ] @@
              u2 :>
                  [ stage |-> "none",
                    result |-> [kind |-> "pending", value |-> "none"],
                    acceptedID |-> 0,
                    eventID |-> 0,
                    batchID |-> 0 ] ),
        closed |-> FALSE,
        sticky |-> TRUE,
        task |->
            [ kind |-> "none",
              scheduled |-> 0,
              started |-> 0,
              startedTime |-> 0,
              attempt |-> 0,
              version |-> 1,
              stamp |-> 0,
              transient |-> FALSE,
              route |-> "normal" ],
        transfer |-> FALSE,
        events |-> <<>> ],
  ctx |->
      [ next |-> 5,
        generation |-> 4,
        rv |-> 1,
        range |-> 4,
        info |->
            ( u1 :>
                  [ stage |-> "none",
                    result |-> [kind |-> "pending", value |-> "none"],
                    acceptedID |-> 0,
                    eventID |-> 0,
                    batchID |-> 0 ] @@
              u2 :>
                  [ stage |-> "none",
                    result |-> [kind |-> "pending", value |-> "none"],
                    acceptedID |-> 0,
                    eventID |-> 0,
                    batchID |-> 0 ] ),
        closed |-> FALSE,
        sticky |-> TRUE,
        task |->
            [ kind |-> "Speculative",
              scheduled |-> 5,
              started |-> 0,
              startedTime |-> 0,
              attempt |-> 1,
              version |-> 1,
              stamp |-> 0,
              transient |-> FALSE,
              route |-> "sticky" ],
        transfer |-> FALSE,
        reg |-> (u1 :> 3 @@ u2 :> 2),
        loaded |-> TRUE,
        host |-> h1 ],
  active |->
      [ kind |-> "none",
        result |-> [kind |-> "pending", value |-> "none"],
        oid |-> 0,
        prev |-> "none" ],
  batch |-> <<>>,
  pc |-> "admitSchedule",
  acquiring |-> FALSE,
  write |->
      [ next |-> 6,
        rv |-> 1,
        state |-> "noncommit",
        returned |-> TRUE,
        error |-> "processLost",
        range |-> 1,
        info |->
            ( u1 :>
                  [ stage |-> "none",
                    result |-> [kind |-> "pending", value |-> "none"],
                    acceptedID |-> 0,
                    eventID |-> 0,
                    batchID |-> 0 ] @@
              u2 :>
                  [ stage |-> "none",
                    result |-> [kind |-> "pending", value |-> "none"],
                    acceptedID |-> 0,
                    eventID |-> 0,
                    batchID |-> 0 ] ),
        closed |-> FALSE,
        sticky |-> TRUE,
        task |->
            [ kind |-> "Normal",
              scheduled |-> 5,
              started |-> 0,
              startedTime |-> 0,
              attempt |-> 1,
              version |-> 1,
              stamp |-> 0,
              transient |-> FALSE,
              route |-> "sticky" ],
        transfer |-> TRUE,
        events |->
            << [ result |-> [kind |-> "pending", value |-> "none"],
                 batchID |-> 5,
                 uid |-> "none",
                 key |->
                     [ namespace |-> "namespace",
                       workflow |-> "workflow",
                       run |-> "run",
                       eventID |-> 5,
                       version |-> 1 ],
                 type |-> "WFTScheduled" ] >> ],
  timerPointer |-> 1,
  physicalHistory |-> <<>>,
  returnPC |-> "idle",
  effects |-> <<>>,
  cancels |-> <<>>,
  second |-> "none",
  clearTodo |-> {},
  clearReturn |-> "idle",
  handler |-> "none",
  caller |-> c2,
  selected |-> 0,
  inlineWorker |-> 0,
  commands |-> <<>>,
  closeCommand |-> FALSE,
  rejectTodo |-> {},
  successor |-> FALSE,
  skip |-> FALSE,
  clock |-> 0,
  limitRaised |-> FALSE,
  calls |->
      ( c1 :>
            [ uid |-> u2,
              op |-> "update",
              waitStage |-> "COMPLETED",
              status |-> "wait",
              oid |-> 2,
              expired |-> TRUE,
              reply |->
                  [ stage |-> "NONE",
                    result |-> [kind |-> "pending", value |-> "none"] ],
              active |-> TRUE ] @@
        c2 :>
            [ uid |-> u1,
              op |-> "update",
              waitStage |-> "COMPLETED",
              status |-> "binding",
              oid |-> 3,
              expired |-> FALSE,
              reply |->
                  [ stage |-> "NONE",
                    result |-> [kind |-> "pending", value |-> "none"] ],
              active |-> TRUE ] @@
        c3 :>
            [ uid |-> "none",
              op |-> "update",
              waitStage |-> "COMPLETED",
              status |-> "idle",
              oid |-> 0,
              expired |-> FALSE,
              reply |->
                  [ stage |-> "NONE",
                    result |-> [kind |-> "pending", value |-> "none"] ],
              active |-> FALSE ] @@
        c4 :>
            [ uid |-> "none",
              op |-> "update",
              waitStage |-> "COMPLETED",
              status |-> "idle",
              oid |-> 0,
              expired |-> FALSE,
              reply |->
                  [ stage |-> "NONE",
                    result |-> [kind |-> "pending", value |-> "none"] ],
              active |-> FALSE ] ),
  observed |->
      { [ stage |-> "ERROR",
          result |-> [kind |-> "retry", value |-> "none"],
          uid |-> u2,
          client |-> c1 ] },
  applied |-> {},
  timeoutApplications |-> {},
  everRequested |-> {u1, u2} ]
/\ faults = [ request |-> 2,
  callback |-> 0,
  normal |-> 1,
  matchingFailure |-> 1,
  ignore |-> 0,
  close |-> 0,
  noncommit |-> 1,
  uncertain |-> 0,
  appendTimeout |-> 0,
  lateError |-> 0,
  clear |-> 0,
  ownership |-> 2,
  restart |-> 0,
  timeout |-> 0,
  limit |-> 0,
  responseLoss |-> 1,
  crash |-> 1,
  duplicate |-> 0,
  workerLoss |-> 0 ]

State 37: <MCAddWorkflowTaskScheduledEvent line 29, col 5 to line 30, col 23 of module MC>
/\ s = [ dispatch |-> <<>>,
  matching |->
      << [ kind |-> "Speculative",
           scheduled |-> 5,
           started |-> 0,
           startedTime |-> 0,
           attempt |-> 1,
           version |-> 1,
           stamp |-> 0,
           transient |-> FALSE,
           route |-> "normal" ] >>,
  workers |-> <<>>,
  objects |->
      << [ generation |-> 2,
           acceptedID |-> 0,
           uid |-> u2,
           state |-> "Admitted",
           accepted |-> "pending",
           outcome |-> [kind |-> "pending", value |-> "none"],
           callbacks |-> FALSE ],
         [ generation |-> 4,
           acceptedID |-> 0,
           uid |-> u2,
           state |-> "Admitted",
           accepted |-> "pending",
           outcome |-> [kind |-> "pending", value |-> "none"],
           callbacks |-> FALSE ],
         [ generation |-> 4,
           acceptedID |-> 0,
           uid |-> u1,
           state |-> "Admitted",
           accepted |-> "pending",
           outcome |-> [kind |-> "pending", value |-> "none"],
           callbacks |-> FALSE ] >>,
  timers |->
      << [ timeout |-> "STS",
           task |->
               [ kind |-> "Speculative",
                 scheduled |-> 5,
                 started |-> 0,
                 startedTime |-> 0,
                 attempt |-> 1,
                 version |-> 1,
                 stamp |-> 0,
                 transient |-> FALSE,
                 route |-> "sticky" ],
           speculative |-> TRUE,
           eligible |-> FALSE,
           submitted |-> FALSE,
           cancelled |-> FALSE,
           consumed |-> FALSE ] >>,
  cache |-> (h1 :> <<>> @@ h2 :> <<>>),
  db |->
      [ next |-> 5,
        rv |-> 1,
        range |-> 4,
        info |->
            ( u1 :>
                  [ stage |-> "none",
                    result |-> [kind |-> "pending", value |-> "none"],
                    acceptedID |-> 0,
                    eventID |-> 0,
                    batchID |-> 0 ] @@
              u2 :>
                  [ stage |-> "none",
                    result |-> [kind |-> "pending", value |-> "none"],
                    acceptedID |-> 0,
                    eventID |-> 0,
                    batchID |-> 0 ] ),
        closed |-> FALSE,
        sticky |-> TRUE,
        task |->
            [ kind |-> "none",
              scheduled |-> 0,
              started |-> 0,
              startedTime |-> 0,
              attempt |-> 0,
              version |-> 1,
              stamp |-> 0,
              transient |-> FALSE,
              route |-> "normal" ],
        transfer |-> FALSE,
        events |-> <<>> ],
  ctx |->
      [ next |-> 5,
        generation |-> 4,
        rv |-> 1,
        range |-> 4,
        info |->
            ( u1 :>
                  [ stage |-> "none",
                    result |-> [kind |-> "pending", value |-> "none"],
                    acceptedID |-> 0,
                    eventID |-> 0,
                    batchID |-> 0 ] @@
              u2 :>
                  [ stage |-> "none",
                    result |-> [kind |-> "pending", value |-> "none"],
                    acceptedID |-> 0,
                    eventID |-> 0,
                    batchID |-> 0 ] ),
        closed |-> FALSE,
        sticky |-> TRUE,
        task |->
            [ kind |-> "Speculative",
              scheduled |-> 5,
              started |-> 0,
              startedTime |-> 0,
              attempt |-> 1,
              version |-> 1,
              stamp |-> 0,
              transient |-> FALSE,
              route |-> "sticky" ],
        transfer |-> FALSE,
        reg |-> (u1 :> 3 @@ u2 :> 2),
        loaded |-> TRUE,
        host |-> h1 ],
  active |->
      [ kind |-> "none",
        result |-> [kind |-> "pending", value |-> "none"],
        oid |-> 0,
        prev |-> "none" ],
  batch |-> <<>>,
  pc |-> "idle",
  acquiring |-> FALSE,
  write |->
      [ next |-> 6,
        rv |-> 1,
        state |-> "noncommit",
        returned |-> TRUE,
        error |-> "processLost",
        range |-> 1,
        info |->
            ( u1 :>
                  [ stage |-> "none",
                    result |-> [kind |-> "pending", value |-> "none"],
                    acceptedID |-> 0,
                    eventID |-> 0,
                    batchID |-> 0 ] @@
              u2 :>
                  [ stage |-> "none",
                    result |-> [kind |-> "pending", value |-> "none"],
                    acceptedID |-> 0,
                    eventID |-> 0,
                    batchID |-> 0 ] ),
        closed |-> FALSE,
        sticky |-> TRUE,
        task |->
            [ kind |-> "Normal",
              scheduled |-> 5,
              started |-> 0,
              startedTime |-> 0,
              attempt |-> 1,
              version |-> 1,
              stamp |-> 0,
              transient |-> FALSE,
              route |-> "sticky" ],
        transfer |-> TRUE,
        events |->
            << [ result |-> [kind |-> "pending", value |-> "none"],
                 batchID |-> 5,
                 uid |-> "none",
                 key |->
                     [ namespace |-> "namespace",
                       workflow |-> "workflow",
                       run |-> "run",
                       eventID |-> 5,
                       version |-> 1 ],
                 type |-> "WFTScheduled" ] >> ],
  timerPointer |-> 1,
  physicalHistory |-> <<>>,
  returnPC |-> "idle",
  effects |-> <<>>,
  cancels |-> <<>>,
  second |-> "none",
  clearTodo |-> {},
  clearReturn |-> "idle",
  handler |-> "none",
  caller |-> "none",
  selected |-> 0,
  inlineWorker |-> 0,
  commands |-> <<>>,
  closeCommand |-> FALSE,
  rejectTodo |-> {},
  successor |-> FALSE,
  skip |-> FALSE,
  clock |-> 0,
  limitRaised |-> FALSE,
  calls |->
      ( c1 :>
            [ uid |-> u2,
              op |-> "update",
              waitStage |-> "COMPLETED",
              status |-> "wait",
              oid |-> 2,
              expired |-> TRUE,
              reply |->
                  [ stage |-> "NONE",
                    result |-> [kind |-> "pending", value |-> "none"] ],
              active |-> TRUE ] @@
        c2 :>
            [ uid |-> u1,
              op |-> "update",
              waitStage |-> "COMPLETED",
              status |-> "wait",
              oid |-> 3,
              expired |-> FALSE,
              reply |->
                  [ stage |-> "NONE",
                    result |-> [kind |-> "pending", value |-> "none"] ],
              active |-> TRUE ] @@
        c3 :>
            [ uid |-> "none",
              op |-> "update",
              waitStage |-> "COMPLETED",
              status |-> "idle",
              oid |-> 0,
              expired |-> FALSE,
              reply |->
                  [ stage |-> "NONE",
                    result |-> [kind |-> "pending", value |-> "none"] ],
              active |-> FALSE ] @@
        c4 :>
            [ uid |-> "none",
              op |-> "update",
              waitStage |-> "COMPLETED",
              status |-> "idle",
              oid |-> 0,
              expired |-> FALSE,
              reply |->
                  [ stage |-> "NONE",
                    result |-> [kind |-> "pending", value |-> "none"] ],
              active |-> FALSE ] ),
  observed |->
      { [ stage |-> "ERROR",
          result |-> [kind |-> "retry", value |-> "none"],
          uid |-> u2,
          client |-> c1 ] },
  applied |-> {},
  timeoutApplications |-> {},
  everRequested |-> {u1, u2} ]
/\ faults = [ request |-> 2,
  callback |-> 0,
  normal |-> 1,
  matchingFailure |-> 1,
  ignore |-> 0,
  close |-> 0,
  noncommit |-> 1,
  uncertain |-> 0,
  appendTimeout |-> 0,
  lateError |-> 0,
  clear |-> 0,
  ownership |-> 2,
  restart |-> 0,
  timeout |-> 0,
  limit |-> 0,
  responseLoss |-> 1,
  crash |-> 1,
  duplicate |-> 0,
  workerLoss |-> 0 ]

State 38: <MCEvictWorkflowContext line 259, col 5 to line 261, col 46 of module MC>
/\ s = [ dispatch |-> <<>>,
  matching |->
      << [ kind |-> "Speculative",
           scheduled |-> 5,
           started |-> 0,
           startedTime |-> 0,
           attempt |-> 1,
           version |-> 1,
           stamp |-> 0,
           transient |-> FALSE,
           route |-> "normal" ] >>,
  workers |-> <<>>,
  objects |->
      << [ generation |-> 2,
           acceptedID |-> 0,
           uid |-> u2,
           state |-> "Admitted",
           accepted |-> "pending",
           outcome |-> [kind |-> "pending", value |-> "none"],
           callbacks |-> FALSE ],
         [ generation |-> 4,
           acceptedID |-> 0,
           uid |-> u2,
           state |-> "Admitted",
           accepted |-> "pending",
           outcome |-> [kind |-> "pending", value |-> "none"],
           callbacks |-> FALSE ],
         [ generation |-> 4,
           acceptedID |-> 0,
           uid |-> u1,
           state |-> "Admitted",
           accepted |-> "pending",
           outcome |-> [kind |-> "pending", value |-> "none"],
           callbacks |-> FALSE ] >>,
  timers |->
      << [ timeout |-> "STS",
           task |->
               [ kind |-> "Speculative",
                 scheduled |-> 5,
                 started |-> 0,
                 startedTime |-> 0,
                 attempt |-> 1,
                 version |-> 1,
                 stamp |-> 0,
                 transient |-> FALSE,
                 route |-> "sticky" ],
           speculative |-> TRUE,
           eligible |-> FALSE,
           submitted |-> FALSE,
           cancelled |-> FALSE,
           consumed |-> FALSE ] >>,
  cache |-> (h1 :> <<>> @@ h2 :> <<>>),
  db |->
      [ next |-> 5,
        rv |-> 1,
        range |-> 4,
        info |->
            ( u1 :>
                  [ stage |-> "none",
                    result |-> [kind |-> "pending", value |-> "none"],
                    acceptedID |-> 0,
                    eventID |-> 0,
                    batchID |-> 0 ] @@
              u2 :>
                  [ stage |-> "none",
                    result |-> [kind |-> "pending", value |-> "none"],
                    acceptedID |-> 0,
                    eventID |-> 0,
                    batchID |-> 0 ] ),
        closed |-> FALSE,
        sticky |-> TRUE,
        task |->
            [ kind |-> "none",
              scheduled |-> 0,
              started |-> 0,
              startedTime |-> 0,
              attempt |-> 0,
              version |-> 1,
              stamp |-> 0,
              transient |-> FALSE,
              route |-> "normal" ],
        transfer |-> FALSE,
        events |-> <<>> ],
  ctx |->
      [ next |-> 5,
        generation |-> 4,
        rv |-> 1,
        range |-> 4,
        info |->
            ( u1 :>
                  [ stage |-> "none",
                    result |-> [kind |-> "pending", value |-> "none"],
                    acceptedID |-> 0,
                    eventID |-> 0,
                    batchID |-> 0 ] @@
              u2 :>
                  [ stage |-> "none",
                    result |-> [kind |-> "pending", value |-> "none"],
                    acceptedID |-> 0,
                    eventID |-> 0,
                    batchID |-> 0 ] ),
        closed |-> FALSE,
        sticky |-> TRUE,
        task |->
            [ kind |-> "Speculative",
              scheduled |-> 5,
              started |-> 0,
              startedTime |-> 0,
              attempt |-> 1,
              version |-> 1,
              stamp |-> 0,
              transient |-> FALSE,
              route |-> "sticky" ],
        transfer |-> FALSE,
        reg |-> (u1 :> 3 @@ u2 :> 2),
        loaded |-> TRUE,
        host |-> h1 ],
  active |->
      [ kind |-> "none",
        result |-> [kind |-> "pending", value |-> "none"],
        oid |-> 0,
        prev |-> "none" ],
  batch |-> <<>>,
  pc |-> "cacheClear",
  acquiring |-> FALSE,
  write |->
      [ next |-> 6,
        rv |-> 1,
        state |-> "noncommit",
        returned |-> TRUE,
        error |-> "processLost",
        range |-> 1,
        info |->
            ( u1 :>
                  [ stage |-> "none",
                    result |-> [kind |-> "pending", value |-> "none"],
                    acceptedID |-> 0,
                    eventID |-> 0,
                    batchID |-> 0 ] @@
              u2 :>
                  [ stage |-> "none",
                    result |-> [kind |-> "pending", value |-> "none"],
                    acceptedID |-> 0,
                    eventID |-> 0,
                    batchID |-> 0 ] ),
        closed |-> FALSE,
        sticky |-> TRUE,
        task |->
            [ kind |-> "Normal",
              scheduled |-> 5,
              started |-> 0,
              startedTime |-> 0,
              attempt |-> 1,
              version |-> 1,
              stamp |-> 0,
              transient |-> FALSE,
              route |-> "sticky" ],
        transfer |-> TRUE,
        events |->
            << [ result |-> [kind |-> "pending", value |-> "none"],
                 batchID |-> 5,
                 uid |-> "none",
                 key |->
                     [ namespace |-> "namespace",
                       workflow |-> "workflow",
                       run |-> "run",
                       eventID |-> 5,
                       version |-> 1 ],
                 type |-> "WFTScheduled" ] >> ],
  timerPointer |-> 1,
  physicalHistory |-> <<>>,
  returnPC |-> "idle",
  effects |-> <<>>,
  cancels |-> <<>>,
  second |-> "none",
  clearTodo |-> {},
  clearReturn |-> "idle",
  handler |-> "none",
  caller |-> "none",
  selected |-> 0,
  inlineWorker |-> 0,
  commands |-> <<>>,
  closeCommand |-> FALSE,
  rejectTodo |-> {},
  successor |-> FALSE,
  skip |-> FALSE,
  clock |-> 0,
  limitRaised |-> FALSE,
  calls |->
      ( c1 :>
            [ uid |-> u2,
              op |-> "update",
              waitStage |-> "COMPLETED",
              status |-> "wait",
              oid |-> 2,
              expired |-> TRUE,
              reply |->
                  [ stage |-> "NONE",
                    result |-> [kind |-> "pending", value |-> "none"] ],
              active |-> TRUE ] @@
        c2 :>
            [ uid |-> u1,
              op |-> "update",
              waitStage |-> "COMPLETED",
              status |-> "wait",
              oid |-> 3,
              expired |-> FALSE,
              reply |->
                  [ stage |-> "NONE",
                    result |-> [kind |-> "pending", value |-> "none"] ],
              active |-> TRUE ] @@
        c3 :>
            [ uid |-> "none",
              op |-> "update",
              waitStage |-> "COMPLETED",
              status |-> "idle",
              oid |-> 0,
              expired |-> FALSE,
              reply |->
                  [ stage |-> "NONE",
                    result |-> [kind |-> "pending", value |-> "none"] ],
              active |-> FALSE ] @@
        c4 :>
            [ uid |-> "none",
              op |-> "update",
              waitStage |-> "COMPLETED",
              status |-> "idle",
              oid |-> 0,
              expired |-> FALSE,
              reply |->
                  [ stage |-> "NONE",
                    result |-> [kind |-> "pending", value |-> "none"] ],
              active |-> FALSE ] ),
  observed |->
      { [ stage |-> "ERROR",
          result |-> [kind |-> "retry", value |-> "none"],
          uid |-> u2,
          client |-> c1 ] },
  applied |-> {},
  timeoutApplications |-> {},
  everRequested |-> {u1, u2} ]
/\ faults = [ request |-> 2,
  callback |-> 0,
  normal |-> 1,
  matchingFailure |-> 1,
  ignore |-> 0,
  close |-> 0,
  noncommit |-> 1,
  uncertain |-> 0,
  appendTimeout |-> 0,
  lateError |-> 0,
  clear |-> 1,
  ownership |-> 2,
  restart |-> 0,
  timeout |-> 0,
  limit |-> 0,
  responseLoss |-> 1,
  crash |-> 1,
  duplicate |-> 0,
  workerLoss |-> 0 ]

State 39: <MCNext line 401, col 8 to line 402, col 127 of module MC>
/\ s = [ dispatch |-> <<>>,
  matching |->
      << [ kind |-> "Speculative",
           scheduled |-> 5,
           started |-> 0,
           startedTime |-> 0,
           attempt |-> 1,
           version |-> 1,
           stamp |-> 0,
           transient |-> FALSE,
           route |-> "normal" ] >>,
  workers |-> <<>>,
  objects |->
      << [ generation |-> 2,
           acceptedID |-> 0,
           uid |-> u2,
           state |-> "Admitted",
           accepted |-> "pending",
           outcome |-> [kind |-> "pending", value |-> "none"],
           callbacks |-> FALSE ],
         [ generation |-> 4,
           acceptedID |-> 0,
           uid |-> u2,
           state |-> "Admitted",
           accepted |-> "pending",
           outcome |-> [kind |-> "pending", value |-> "none"],
           callbacks |-> FALSE ],
         [ generation |-> 4,
           acceptedID |-> 0,
           uid |-> u1,
           state |-> "Admitted",
           accepted |-> "pending",
           outcome |-> [kind |-> "pending", value |-> "none"],
           callbacks |-> FALSE ] >>,
  timers |->
      << [ timeout |-> "STS",
           task |->
               [ kind |-> "Speculative",
                 scheduled |-> 5,
                 started |-> 0,
                 startedTime |-> 0,
                 attempt |-> 1,
                 version |-> 1,
                 stamp |-> 0,
                 transient |-> FALSE,
                 route |-> "sticky" ],
           speculative |-> TRUE,
           eligible |-> TRUE,
           submitted |-> FALSE,
           cancelled |-> FALSE,
           consumed |-> FALSE ] >>,
  cache |-> (h1 :> <<>> @@ h2 :> <<>>),
  db |->
      [ next |-> 5,
        rv |-> 1,
        range |-> 4,
        info |->
            ( u1 :>
                  [ stage |-> "none",
                    result |-> [kind |-> "pending", value |-> "none"],
                    acceptedID |-> 0,
                    eventID |-> 0,
                    batchID |-> 0 ] @@
              u2 :>
                  [ stage |-> "none",
                    result |-> [kind |-> "pending", value |-> "none"],
                    acceptedID |-> 0,
                    eventID |-> 0,
                    batchID |-> 0 ] ),
        closed |-> FALSE,
        sticky |-> TRUE,
        task |->
            [ kind |-> "none",
              scheduled |-> 0,
              started |-> 0,
              startedTime |-> 0,
              attempt |-> 0,
              version |-> 1,
              stamp |-> 0,
              transient |-> FALSE,
              route |-> "normal" ],
        transfer |-> FALSE,
        events |-> <<>> ],
  ctx |->
      [ next |-> 5,
        generation |-> 4,
        rv |-> 1,
        range |-> 4,
        info |->
            ( u1 :>
                  [ stage |-> "none",
                    result |-> [kind |-> "pending", value |-> "none"],
                    acceptedID |-> 0,
                    eventID |-> 0,
                    batchID |-> 0 ] @@
              u2 :>
                  [ stage |-> "none",
                    result |-> [kind |-> "pending", value |-> "none"],
                    acceptedID |-> 0,
                    eventID |-> 0,
                    batchID |-> 0 ] ),
        closed |-> FALSE,
        sticky |-> TRUE,
        task |->
            [ kind |-> "Speculative",
              scheduled |-> 5,
              started |-> 0,
              startedTime |-> 0,
              attempt |-> 1,
              version |-> 1,
              stamp |-> 0,
              transient |-> FALSE,
              route |-> "sticky" ],
        transfer |-> FALSE,
        reg |-> (u1 :> 3 @@ u2 :> 2),
        loaded |-> TRUE,
        host |-> h1 ],
  active |->
      [ kind |-> "none",
        result |-> [kind |-> "pending", value |-> "none"],
        oid |-> 0,
        prev |-> "none" ],
  batch |-> <<>>,
  pc |-> "cacheClear",
  acquiring |-> FALSE,
  write |->
      [ next |-> 6,
        rv |-> 1,
        state |-> "noncommit",
        returned |-> TRUE,
        error |-> "processLost",
        range |-> 1,
        info |->
            ( u1 :>
                  [ stage |-> "none",
                    result |-> [kind |-> "pending", value |-> "none"],
                    acceptedID |-> 0,
                    eventID |-> 0,
                    batchID |-> 0 ] @@
              u2 :>
                  [ stage |-> "none",
                    result |-> [kind |-> "pending", value |-> "none"],
                    acceptedID |-> 0,
                    eventID |-> 0,
                    batchID |-> 0 ] ),
        closed |-> FALSE,
        sticky |-> TRUE,
        task |->
            [ kind |-> "Normal",
              scheduled |-> 5,
              started |-> 0,
              startedTime |-> 0,
              attempt |-> 1,
              version |-> 1,
              stamp |-> 0,
              transient |-> FALSE,
              route |-> "sticky" ],
        transfer |-> TRUE,
        events |->
            << [ result |-> [kind |-> "pending", value |-> "none"],
                 batchID |-> 5,
                 uid |-> "none",
                 key |->
                     [ namespace |-> "namespace",
                       workflow |-> "workflow",
                       run |-> "run",
                       eventID |-> 5,
                       version |-> 1 ],
                 type |-> "WFTScheduled" ] >> ],
  timerPointer |-> 1,
  physicalHistory |-> <<>>,
  returnPC |-> "idle",
  effects |-> <<>>,
  cancels |-> <<>>,
  second |-> "none",
  clearTodo |-> {},
  clearReturn |-> "idle",
  handler |-> "none",
  caller |-> "none",
  selected |-> 0,
  inlineWorker |-> 0,
  commands |-> <<>>,
  closeCommand |-> FALSE,
  rejectTodo |-> {},
  successor |-> FALSE,
  skip |-> FALSE,
  clock |-> 0,
  limitRaised |-> FALSE,
  calls |->
      ( c1 :>
            [ uid |-> u2,
              op |-> "update",
              waitStage |-> "COMPLETED",
              status |-> "wait",
              oid |-> 2,
              expired |-> TRUE,
              reply |->
                  [ stage |-> "NONE",
                    result |-> [kind |-> "pending", value |-> "none"] ],
              active |-> TRUE ] @@
        c2 :>
            [ uid |-> u1,
              op |-> "update",
              waitStage |-> "COMPLETED",
              status |-> "wait",
              oid |-> 3,
              expired |-> FALSE,
              reply |->
                  [ stage |-> "NONE",
                    result |-> [kind |-> "pending", value |-> "none"] ],
              active |-> TRUE ] @@
        c3 :>
            [ uid |-> "none",
              op |-> "update",
              waitStage |-> "COMPLETED",
              status |-> "idle",
              oid |-> 0,
              expired |-> FALSE,
              reply |->
                  [ stage |-> "NONE",
                    result |-> [kind |-> "pending", value |-> "none"] ],
              active |-> FALSE ] @@
        c4 :>
            [ uid |-> "none",
              op |-> "update",
              waitStage |-> "COMPLETED",
              status |-> "idle",
              oid |-> 0,
              expired |-> FALSE,
              reply |->
                  [ stage |-> "NONE",
                    result |-> [kind |-> "pending", value |-> "none"] ],
              active |-> FALSE ] ),
  observed |->
      { [ stage |-> "ERROR",
          result |-> [kind |-> "retry", value |-> "none"],
          uid |-> u2,
          client |-> c1 ] },
  applied |-> {},
  timeoutApplications |-> {},
  everRequested |-> {u1, u2} ]
/\ faults = [ request |-> 2,
  callback |-> 0,
  normal |-> 1,
  matchingFailure |-> 1,
  ignore |-> 0,
  close |-> 0,
  noncommit |-> 1,
  uncertain |-> 0,
  appendTimeout |-> 0,
  lateError |-> 0,
  clear |-> 1,
  ownership |-> 2,
  restart |-> 0,
  timeout |-> 0,
  limit |-> 0,
  responseLoss |-> 1,
  crash |-> 1,
  duplicate |-> 0,
  workerLoss |-> 0 ]

State 40: <MCWaitLifecycleStageOutcome(c1) line 332, col 5 to line 333, col 23 of module MC>
/\ s = [ dispatch |-> <<>>,
  matching |->
      << [ kind |-> "Speculative",
           scheduled |-> 5,
           started |-> 0,
           startedTime |-> 0,
           attempt |-> 1,
           version |-> 1,
           stamp |-> 0,
           transient |-> FALSE,
           route |-> "normal" ] >>,
  workers |-> <<>>,
  objects |->
      << [ generation |-> 2,
           acceptedID |-> 0,
           uid |-> u2,
           state |-> "Admitted",
           accepted |-> "pending",
           outcome |-> [kind |-> "pending", value |-> "none"],
           callbacks |-> FALSE ],
         [ generation |-> 4,
           acceptedID |-> 0,
           uid |-> u2,
           state |-> "Admitted",
           accepted |-> "pending",
           outcome |-> [kind |-> "pending", value |-> "none"],
           callbacks |-> FALSE ],
         [ generation |-> 4,
           acceptedID |-> 0,
           uid |-> u1,
           state |-> "Admitted",
           accepted |-> "pending",
           outcome |-> [kind |-> "pending", value |-> "none"],
           callbacks |-> FALSE ] >>,
  timers |->
      << [ timeout |-> "STS",
           task |->
               [ kind |-> "Speculative",
                 scheduled |-> 5,
                 started |-> 0,
                 startedTime |-> 0,
                 attempt |-> 1,
                 version |-> 1,
                 stamp |-> 0,
                 transient |-> FALSE,
                 route |-> "sticky" ],
           speculative |-> TRUE,
           eligible |-> TRUE,
           submitted |-> FALSE,
           cancelled |-> FALSE,
           consumed |-> FALSE ] >>,
  cache |-> (h1 :> <<>> @@ h2 :> <<>>),
  db |->
      [ next |-> 5,
        rv |-> 1,
        range |-> 4,
        info |->
            ( u1 :>
                  [ stage |-> "none",
                    result |-> [kind |-> "pending", value |-> "none"],
                    acceptedID |-> 0,
                    eventID |-> 0,
                    batchID |-> 0 ] @@
              u2 :>
                  [ stage |-> "none",
                    result |-> [kind |-> "pending", value |-> "none"],
                    acceptedID |-> 0,
                    eventID |-> 0,
                    batchID |-> 0 ] ),
        closed |-> FALSE,
        sticky |-> TRUE,
        task |->
            [ kind |-> "none",
              scheduled |-> 0,
              started |-> 0,
              startedTime |-> 0,
              attempt |-> 0,
              version |-> 1,
              stamp |-> 0,
              transient |-> FALSE,
              route |-> "normal" ],
        transfer |-> FALSE,
        events |-> <<>> ],
  ctx |->
      [ next |-> 5,
        generation |-> 4,
        rv |-> 1,
        range |-> 4,
        info |->
            ( u1 :>
                  [ stage |-> "none",
                    result |-> [kind |-> "pending", value |-> "none"],
                    acceptedID |-> 0,
                    eventID |-> 0,
                    batchID |-> 0 ] @@
              u2 :>
                  [ stage |-> "none",
                    result |-> [kind |-> "pending", value |-> "none"],
                    acceptedID |-> 0,
                    eventID |-> 0,
                    batchID |-> 0 ] ),
        closed |-> FALSE,
        sticky |-> TRUE,
        task |->
            [ kind |-> "Speculative",
              scheduled |-> 5,
              started |-> 0,
              startedTime |-> 0,
              attempt |-> 1,
              version |-> 1,
              stamp |-> 0,
              transient |-> FALSE,
              route |-> "sticky" ],
        transfer |-> FALSE,
        reg |-> (u1 :> 3 @@ u2 :> 2),
        loaded |-> TRUE,
        host |-> h1 ],
  active |->
      [ kind |-> "none",
        result |-> [kind |-> "pending", value |-> "none"],
        oid |-> 0,
        prev |-> "none" ],
  batch |-> <<>>,
  pc |-> "cacheClear",
  acquiring |-> FALSE,
  write |->
      [ next |-> 6,
        rv |-> 1,
        state |-> "noncommit",
        returned |-> TRUE,
        error |-> "processLost",
        range |-> 1,
        info |->
            ( u1 :>
                  [ stage |-> "none",
                    result |-> [kind |-> "pending", value |-> "none"],
                    acceptedID |-> 0,
                    eventID |-> 0,
                    batchID |-> 0 ] @@
              u2 :>
                  [ stage |-> "none",
                    result |-> [kind |-> "pending", value |-> "none"],
                    acceptedID |-> 0,
                    eventID |-> 0,
                    batchID |-> 0 ] ),
        closed |-> FALSE,
        sticky |-> TRUE,
        task |->
            [ kind |-> "Normal",
              scheduled |-> 5,
              started |-> 0,
              startedTime |-> 0,
              attempt |-> 1,
              version |-> 1,
              stamp |-> 0,
              transient |-> FALSE,
              route |-> "sticky" ],
        transfer |-> TRUE,
        events |->
            << [ result |-> [kind |-> "pending", value |-> "none"],
                 batchID |-> 5,
                 uid |-> "none",
                 key |->
                     [ namespace |-> "namespace",
                       workflow |-> "workflow",
                       run |-> "run",
                       eventID |-> 5,
                       version |-> 1 ],
                 type |-> "WFTScheduled" ] >> ],
  timerPointer |-> 1,
  physicalHistory |-> <<>>,
  returnPC |-> "idle",
  effects |-> <<>>,
  cancels |-> <<>>,
  second |-> "none",
  clearTodo |-> {},
  clearReturn |-> "idle",
  handler |-> "none",
  caller |-> "none",
  selected |-> 0,
  inlineWorker |-> 0,
  commands |-> <<>>,
  closeCommand |-> FALSE,
  rejectTodo |-> {},
  successor |-> FALSE,
  skip |-> FALSE,
  clock |-> 0,
  limitRaised |-> FALSE,
  calls |->
      ( c1 :>
            [ uid |-> u2,
              op |-> "update",
              waitStage |-> "COMPLETED",
              status |-> "acceptedCheck",
              oid |-> 2,
              expired |-> TRUE,
              reply |->
                  [ stage |-> "NONE",
                    result |-> [kind |-> "pending", value |-> "none"] ],
              active |-> TRUE ] @@
        c2 :>
            [ uid |-> u1,
              op |-> "update",
              waitStage |-> "COMPLETED",
              status |-> "wait",
              oid |-> 3,
              expired |-> FALSE,
              reply |->
                  [ stage |-> "NONE",
                    result |-> [kind |-> "pending", value |-> "none"] ],
              active |-> TRUE ] @@
        c3 :>
            [ uid |-> "none",
              op |-> "update",
              waitStage |-> "COMPLETED",
              status |-> "idle",
              oid |-> 0,
              expired |-> FALSE,
              reply |->
                  [ stage |-> "NONE",
                    result |-> [kind |-> "pending", value |-> "none"] ],
              active |-> FALSE ] @@
        c4 :>
            [ uid |-> "none",
              op |-> "update",
              waitStage |-> "COMPLETED",
              status |-> "idle",
              oid |-> 0,
              expired |-> FALSE,
              reply |->
                  [ stage |-> "NONE",
                    result |-> [kind |-> "pending", value |-> "none"] ],
              active |-> FALSE ] ),
  observed |->
      { [ stage |-> "ERROR",
          result |-> [kind |-> "retry", value |-> "none"],
          uid |-> u2,
          client |-> c1 ] },
  applied |-> {},
  timeoutApplications |-> {},
  everRequested |-> {u1, u2} ]
/\ faults = [ request |-> 2,
  callback |-> 0,
  normal |-> 1,
  matchingFailure |-> 1,
  ignore |-> 0,
  close |-> 0,
  noncommit |-> 1,
  uncertain |-> 0,
  appendTimeout |-> 0,
  lateError |-> 0,
  clear |-> 1,
  ownership |-> 2,
  restart |-> 0,
  timeout |-> 0,
  limit |-> 0,
  responseLoss |-> 1,
  crash |-> 1,
  duplicate |-> 0,
  workerLoss |-> 0 ]

State 41: <MCWaitLifecycleStageSoftTimeout(c2) line 344, col 5 to line 345, col 23 of module MC>
/\ s = [ dispatch |-> <<>>,
  matching |->
      << [ kind |-> "Speculative",
           scheduled |-> 5,
           started |-> 0,
           startedTime |-> 0,
           attempt |-> 1,
           version |-> 1,
           stamp |-> 0,
           transient |-> FALSE,
           route |-> "normal" ] >>,
  workers |-> <<>>,
  objects |->
      << [ generation |-> 2,
           acceptedID |-> 0,
           uid |-> u2,
           state |-> "Admitted",
           accepted |-> "pending",
           outcome |-> [kind |-> "pending", value |-> "none"],
           callbacks |-> FALSE ],
         [ generation |-> 4,
           acceptedID |-> 0,
           uid |-> u2,
           state |-> "Admitted",
           accepted |-> "pending",
           outcome |-> [kind |-> "pending", value |-> "none"],
           callbacks |-> FALSE ],
         [ generation |-> 4,
           acceptedID |-> 0,
           uid |-> u1,
           state |-> "Admitted",
           accepted |-> "pending",
           outcome |-> [kind |-> "pending", value |-> "none"],
           callbacks |-> FALSE ] >>,
  timers |->
      << [ timeout |-> "STS",
           task |->
               [ kind |-> "Speculative",
                 scheduled |-> 5,
                 started |-> 0,
                 startedTime |-> 0,
                 attempt |-> 1,
                 version |-> 1,
                 stamp |-> 0,
                 transient |-> FALSE,
                 route |-> "sticky" ],
           speculative |-> TRUE,
           eligible |-> TRUE,
           submitted |-> FALSE,
           cancelled |-> FALSE,
           consumed |-> FALSE ] >>,
  cache |-> (h1 :> <<>> @@ h2 :> <<>>),
  db |->
      [ next |-> 5,
        rv |-> 1,
        range |-> 4,
        info |->
            ( u1 :>
                  [ stage |-> "none",
                    result |-> [kind |-> "pending", value |-> "none"],
                    acceptedID |-> 0,
                    eventID |-> 0,
                    batchID |-> 0 ] @@
              u2 :>
                  [ stage |-> "none",
                    result |-> [kind |-> "pending", value |-> "none"],
                    acceptedID |-> 0,
                    eventID |-> 0,
                    batchID |-> 0 ] ),
        closed |-> FALSE,
        sticky |-> TRUE,
        task |->
            [ kind |-> "none",
              scheduled |-> 0,
              started |-> 0,
              startedTime |-> 0,
              attempt |-> 0,
              version |-> 1,
              stamp |-> 0,
              transient |-> FALSE,
              route |-> "normal" ],
        transfer |-> FALSE,
        events |-> <<>> ],
  ctx |->
      [ next |-> 5,
        generation |-> 4,
        rv |-> 1,
        range |-> 4,
        info |->
            ( u1 :>
                  [ stage |-> "none",
                    result |-> [kind |-> "pending", value |-> "none"],
                    acceptedID |-> 0,
                    eventID |-> 0,
                    batchID |-> 0 ] @@
              u2 :>
                  [ stage |-> "none",
                    result |-> [kind |-> "pending", value |-> "none"],
                    acceptedID |-> 0,
                    eventID |-> 0,
                    batchID |-> 0 ] ),
        closed |-> FALSE,
        sticky |-> TRUE,
        task |->
            [ kind |-> "Speculative",
              scheduled |-> 5,
              started |-> 0,
              startedTime |-> 0,
              attempt |-> 1,
              version |-> 1,
              stamp |-> 0,
              transient |-> FALSE,
              route |-> "sticky" ],
        transfer |-> FALSE,
        reg |-> (u1 :> 3 @@ u2 :> 2),
        loaded |-> TRUE,
        host |-> h1 ],
  active |->
      [ kind |-> "none",
        result |-> [kind |-> "pending", value |-> "none"],
        oid |-> 0,
        prev |-> "none" ],
  batch |-> <<>>,
  pc |-> "cacheClear",
  acquiring |-> FALSE,
  write |->
      [ next |-> 6,
        rv |-> 1,
        state |-> "noncommit",
        returned |-> TRUE,
        error |-> "processLost",
        range |-> 1,
        info |->
            ( u1 :>
                  [ stage |-> "none",
                    result |-> [kind |-> "pending", value |-> "none"],
                    acceptedID |-> 0,
                    eventID |-> 0,
                    batchID |-> 0 ] @@
              u2 :>
                  [ stage |-> "none",
                    result |-> [kind |-> "pending", value |-> "none"],
                    acceptedID |-> 0,
                    eventID |-> 0,
                    batchID |-> 0 ] ),
        closed |-> FALSE,
        sticky |-> TRUE,
        task |->
            [ kind |-> "Normal",
              scheduled |-> 5,
              started |-> 0,
              startedTime |-> 0,
              attempt |-> 1,
              version |-> 1,
              stamp |-> 0,
              transient |-> FALSE,
              route |-> "sticky" ],
        transfer |-> TRUE,
        events |->
            << [ result |-> [kind |-> "pending", value |-> "none"],
                 batchID |-> 5,
                 uid |-> "none",
                 key |->
                     [ namespace |-> "namespace",
                       workflow |-> "workflow",
                       run |-> "run",
                       eventID |-> 5,
                       version |-> 1 ],
                 type |-> "WFTScheduled" ] >> ],
  timerPointer |-> 1,
  physicalHistory |-> <<>>,
  returnPC |-> "idle",
  effects |-> <<>>,
  cancels |-> <<>>,
  second |-> "none",
  clearTodo |-> {},
  clearReturn |-> "idle",
  handler |-> "none",
  caller |-> "none",
  selected |-> 0,
  inlineWorker |-> 0,
  commands |-> <<>>,
  closeCommand |-> FALSE,
  rejectTodo |-> {},
  successor |-> FALSE,
  skip |-> FALSE,
  clock |-> 0,
  limitRaised |-> FALSE,
  calls |->
      ( c1 :>
            [ uid |-> u2,
              op |-> "update",
              waitStage |-> "COMPLETED",
              status |-> "acceptedCheck",
              oid |-> 2,
              expired |-> TRUE,
              reply |->
                  [ stage |-> "NONE",
                    result |-> [kind |-> "pending", value |-> "none"] ],
              active |-> TRUE ] @@
        c2 :>
            [ uid |-> u1,
              op |-> "update",
              waitStage |-> "COMPLETED",
              status |-> "wait",
              oid |-> 3,
              expired |-> TRUE,
              reply |->
                  [ stage |-> "NONE",
                    result |-> [kind |-> "pending", value |-> "none"] ],
              active |-> TRUE ] @@
        c3 :>
            [ uid |-> "none",
              op |-> "update",
              waitStage |-> "COMPLETED",
              status |-> "idle",
              oid |-> 0,
              expired |-> FALSE,
              reply |->
                  [ stage |-> "NONE",
                    result |-> [kind |-> "pending", value |-> "none"] ],
              active |-> FALSE ] @@
        c4 :>
            [ uid |-> "none",
              op |-> "update",
              waitStage |-> "COMPLETED",
              status |-> "idle",
              oid |-> 0,
              expired |-> FALSE,
              reply |->
                  [ stage |-> "NONE",
                    result |-> [kind |-> "pending", value |-> "none"] ],
              active |-> FALSE ] ),
  observed |->
      { [ stage |-> "ERROR",
          result |-> [kind |-> "retry", value |-> "none"],
          uid |-> u2,
          client |-> c1 ] },
  applied |-> {},
  timeoutApplications |-> {},
  everRequested |-> {u1, u2} ]
/\ faults = [ request |-> 2,
  callback |-> 0,
  normal |-> 1,
  matchingFailure |-> 1,
  ignore |-> 0,
  close |-> 0,
  noncommit |-> 1,
  uncertain |-> 0,
  appendTimeout |-> 0,
  lateError |-> 0,
  clear |-> 1,
  ownership |-> 2,
  restart |-> 0,
  timeout |-> 0,
  limit |-> 0,
  responseLoss |-> 1,
  crash |-> 1,
  duplicate |-> 0,
  workerLoss |-> 0 ]

State 42: <MCWaitLifecycleStageOutcome(c2) line 332, col 5 to line 333, col 23 of module MC>
/\ s = [ dispatch |-> <<>>,
  matching |->
      << [ kind |-> "Speculative",
           scheduled |-> 5,
           started |-> 0,
           startedTime |-> 0,
           attempt |-> 1,
           version |-> 1,
           stamp |-> 0,
           transient |-> FALSE,
           route |-> "normal" ] >>,
  workers |-> <<>>,
  objects |->
      << [ generation |-> 2,
           acceptedID |-> 0,
           uid |-> u2,
           state |-> "Admitted",
           accepted |-> "pending",
           outcome |-> [kind |-> "pending", value |-> "none"],
           callbacks |-> FALSE ],
         [ generation |-> 4,
           acceptedID |-> 0,
           uid |-> u2,
           state |-> "Admitted",
           accepted |-> "pending",
           outcome |-> [kind |-> "pending", value |-> "none"],
           callbacks |-> FALSE ],
         [ generation |-> 4,
           acceptedID |-> 0,
           uid |-> u1,
           state |-> "Admitted",
           accepted |-> "pending",
           outcome |-> [kind |-> "pending", value |-> "none"],
           callbacks |-> FALSE ] >>,
  timers |->
      << [ timeout |-> "STS",
           task |->
               [ kind |-> "Speculative",
                 scheduled |-> 5,
                 started |-> 0,
                 startedTime |-> 0,
                 attempt |-> 1,
                 version |-> 1,
                 stamp |-> 0,
                 transient |-> FALSE,
                 route |-> "sticky" ],
           speculative |-> TRUE,
           eligible |-> TRUE,
           submitted |-> FALSE,
           cancelled |-> FALSE,
           consumed |-> FALSE ] >>,
  cache |-> (h1 :> <<>> @@ h2 :> <<>>),
  db |->
      [ next |-> 5,
        rv |-> 1,
        range |-> 4,
        info |->
            ( u1 :>
                  [ stage |-> "none",
                    result |-> [kind |-> "pending", value |-> "none"],
                    acceptedID |-> 0,
                    eventID |-> 0,
                    batchID |-> 0 ] @@
              u2 :>
                  [ stage |-> "none",
                    result |-> [kind |-> "pending", value |-> "none"],
                    acceptedID |-> 0,
                    eventID |-> 0,
                    batchID |-> 0 ] ),
        closed |-> FALSE,
        sticky |-> TRUE,
        task |->
            [ kind |-> "none",
              scheduled |-> 0,
              started |-> 0,
              startedTime |-> 0,
              attempt |-> 0,
              version |-> 1,
              stamp |-> 0,
              transient |-> FALSE,
              route |-> "normal" ],
        transfer |-> FALSE,
        events |-> <<>> ],
  ctx |->
      [ next |-> 5,
        generation |-> 4,
        rv |-> 1,
        range |-> 4,
        info |->
            ( u1 :>
                  [ stage |-> "none",
                    result |-> [kind |-> "pending", value |-> "none"],
                    acceptedID |-> 0,
                    eventID |-> 0,
                    batchID |-> 0 ] @@
              u2 :>
                  [ stage |-> "none",
                    result |-> [kind |-> "pending", value |-> "none"],
                    acceptedID |-> 0,
                    eventID |-> 0,
                    batchID |-> 0 ] ),
        closed |-> FALSE,
        sticky |-> TRUE,
        task |->
            [ kind |-> "Speculative",
              scheduled |-> 5,
              started |-> 0,
              startedTime |-> 0,
              attempt |-> 1,
              version |-> 1,
              stamp |-> 0,
              transient |-> FALSE,
              route |-> "sticky" ],
        transfer |-> FALSE,
        reg |-> (u1 :> 3 @@ u2 :> 2),
        loaded |-> TRUE,
        host |-> h1 ],
  active |->
      [ kind |-> "none",
        result |-> [kind |-> "pending", value |-> "none"],
        oid |-> 0,
        prev |-> "none" ],
  batch |-> <<>>,
  pc |-> "cacheClear",
  acquiring |-> FALSE,
  write |->
      [ next |-> 6,
        rv |-> 1,
        state |-> "noncommit",
        returned |-> TRUE,
        error |-> "processLost",
        range |-> 1,
        info |->
            ( u1 :>
                  [ stage |-> "none",
                    result |-> [kind |-> "pending", value |-> "none"],
                    acceptedID |-> 0,
                    eventID |-> 0,
                    batchID |-> 0 ] @@
              u2 :>
                  [ stage |-> "none",
                    result |-> [kind |-> "pending", value |-> "none"],
                    acceptedID |-> 0,
                    eventID |-> 0,
                    batchID |-> 0 ] ),
        closed |-> FALSE,
        sticky |-> TRUE,
        task |->
            [ kind |-> "Normal",
              scheduled |-> 5,
              started |-> 0,
              startedTime |-> 0,
              attempt |-> 1,
              version |-> 1,
              stamp |-> 0,
              transient |-> FALSE,
              route |-> "sticky" ],
        transfer |-> TRUE,
        events |->
            << [ result |-> [kind |-> "pending", value |-> "none"],
                 batchID |-> 5,
                 uid |-> "none",
                 key |->
                     [ namespace |-> "namespace",
                       workflow |-> "workflow",
                       run |-> "run",
                       eventID |-> 5,
                       version |-> 1 ],
                 type |-> "WFTScheduled" ] >> ],
  timerPointer |-> 1,
  physicalHistory |-> <<>>,
  returnPC |-> "idle",
  effects |-> <<>>,
  cancels |-> <<>>,
  second |-> "none",
  clearTodo |-> {},
  clearReturn |-> "idle",
  handler |-> "none",
  caller |-> "none",
  selected |-> 0,
  inlineWorker |-> 0,
  commands |-> <<>>,
  closeCommand |-> FALSE,
  rejectTodo |-> {},
  successor |-> FALSE,
  skip |-> FALSE,
  clock |-> 0,
  limitRaised |-> FALSE,
  calls |->
      ( c1 :>
            [ uid |-> u2,
              op |-> "update",
              waitStage |-> "COMPLETED",
              status |-> "acceptedCheck",
              oid |-> 2,
              expired |-> TRUE,
              reply |->
                  [ stage |-> "NONE",
                    result |-> [kind |-> "pending", value |-> "none"] ],
              active |-> TRUE ] @@
        c2 :>
            [ uid |-> u1,
              op |-> "update",
              waitStage |-> "COMPLETED",
              status |-> "acceptedCheck",
              oid |-> 3,
              expired |-> TRUE,
              reply |->
                  [ stage |-> "NONE",
                    result |-> [kind |-> "pending", value |-> "none"] ],
              active |-> TRUE ] @@
        c3 :>
            [ uid |-> "none",
              op |-> "update",
              waitStage |-> "COMPLETED",
              status |-> "idle",
              oid |-> 0,
              expired |-> FALSE,
              reply |->
                  [ stage |-> "NONE",
                    result |-> [kind |-> "pending", value |-> "none"] ],
              active |-> FALSE ] @@
        c4 :>
            [ uid |-> "none",
              op |-> "update",
              waitStage |-> "COMPLETED",
              status |-> "idle",
              oid |-> 0,
              expired |-> FALSE,
              reply |->
                  [ stage |-> "NONE",
                    result |-> [kind |-> "pending", value |-> "none"] ],
              active |-> FALSE ] ),
  observed |->
      { [ stage |-> "ERROR",
          result |-> [kind |-> "retry", value |-> "none"],
          uid |-> u2,
          client |-> c1 ] },
  applied |-> {},
  timeoutApplications |-> {},
  everRequested |-> {u1, u2} ]
/\ faults = [ request |-> 2,
  callback |-> 0,
  normal |-> 1,
  matchingFailure |-> 1,
  ignore |-> 0,
  close |-> 0,
  noncommit |-> 1,
  uncertain |-> 0,
  appendTimeout |-> 0,
  lateError |-> 0,
  clear |-> 1,
  ownership |-> 2,
  restart |-> 0,
  timeout |-> 0,
  limit |-> 0,
  responseLoss |-> 1,
  crash |-> 1,
  duplicate |-> 0,
  workerLoss |-> 0 ]

State 43: <MCWaitLifecycleStageAccepted(c2) line 336, col 5 to line 337, col 23 of module MC>
/\ s = [ dispatch |-> <<>>,
  matching |->
      << [ kind |-> "Speculative",
           scheduled |-> 5,
           started |-> 0,
           startedTime |-> 0,
           attempt |-> 1,
           version |-> 1,
           stamp |-> 0,
           transient |-> FALSE,
           route |-> "normal" ] >>,
  workers |-> <<>>,
  objects |->
      << [ generation |-> 2,
           acceptedID |-> 0,
           uid |-> u2,
           state |-> "Admitted",
           accepted |-> "pending",
           outcome |-> [kind |-> "pending", value |-> "none"],
           callbacks |-> FALSE ],
         [ generation |-> 4,
           acceptedID |-> 0,
           uid |-> u2,
           state |-> "Admitted",
           accepted |-> "pending",
           outcome |-> [kind |-> "pending", value |-> "none"],
           callbacks |-> FALSE ],
         [ generation |-> 4,
           acceptedID |-> 0,
           uid |-> u1,
           state |-> "Admitted",
           accepted |-> "pending",
           outcome |-> [kind |-> "pending", value |-> "none"],
           callbacks |-> FALSE ] >>,
  timers |->
      << [ timeout |-> "STS",
           task |->
               [ kind |-> "Speculative",
                 scheduled |-> 5,
                 started |-> 0,
                 startedTime |-> 0,
                 attempt |-> 1,
                 version |-> 1,
                 stamp |-> 0,
                 transient |-> FALSE,
                 route |-> "sticky" ],
           speculative |-> TRUE,
           eligible |-> TRUE,
           submitted |-> FALSE,
           cancelled |-> FALSE,
           consumed |-> FALSE ] >>,
  cache |-> (h1 :> <<>> @@ h2 :> <<>>),
  db |->
      [ next |-> 5,
        rv |-> 1,
        range |-> 4,
        info |->
            ( u1 :>
                  [ stage |-> "none",
                    result |-> [kind |-> "pending", value |-> "none"],
                    acceptedID |-> 0,
                    eventID |-> 0,
                    batchID |-> 0 ] @@
              u2 :>
                  [ stage |-> "none",
                    result |-> [kind |-> "pending", value |-> "none"],
                    acceptedID |-> 0,
                    eventID |-> 0,
                    batchID |-> 0 ] ),
        closed |-> FALSE,
        sticky |-> TRUE,
        task |->
            [ kind |-> "none",
              scheduled |-> 0,
              started |-> 0,
              startedTime |-> 0,
              attempt |-> 0,
              version |-> 1,
              stamp |-> 0,
              transient |-> FALSE,
              route |-> "normal" ],
        transfer |-> FALSE,
        events |-> <<>> ],
  ctx |->
      [ next |-> 5,
        generation |-> 4,
        rv |-> 1,
        range |-> 4,
        info |->
            ( u1 :>
                  [ stage |-> "none",
                    result |-> [kind |-> "pending", value |-> "none"],
                    acceptedID |-> 0,
                    eventID |-> 0,
                    batchID |-> 0 ] @@
              u2 :>
                  [ stage |-> "none",
                    result |-> [kind |-> "pending", value |-> "none"],
                    acceptedID |-> 0,
                    eventID |-> 0,
                    batchID |-> 0 ] ),
        closed |-> FALSE,
        sticky |-> TRUE,
        task |->
            [ kind |-> "Speculative",
              scheduled |-> 5,
              started |-> 0,
              startedTime |-> 0,
              attempt |-> 1,
              version |-> 1,
              stamp |-> 0,
              transient |-> FALSE,
              route |-> "sticky" ],
        transfer |-> FALSE,
        reg |-> (u1 :> 3 @@ u2 :> 2),
        loaded |-> TRUE,
        host |-> h1 ],
  active |->
      [ kind |-> "none",
        result |-> [kind |-> "pending", value |-> "none"],
        oid |-> 0,
        prev |-> "none" ],
  batch |-> <<>>,
  pc |-> "cacheClear",
  acquiring |-> FALSE,
  write |->
      [ next |-> 6,
        rv |-> 1,
        state |-> "noncommit",
        returned |-> TRUE,
        error |-> "processLost",
        range |-> 1,
        info |->
            ( u1 :>
                  [ stage |-> "none",
                    result |-> [kind |-> "pending", value |-> "none"],
                    acceptedID |-> 0,
                    eventID |-> 0,
                    batchID |-> 0 ] @@
              u2 :>
                  [ stage |-> "none",
                    result |-> [kind |-> "pending", value |-> "none"],
                    acceptedID |-> 0,
                    eventID |-> 0,
                    batchID |-> 0 ] ),
        closed |-> FALSE,
        sticky |-> TRUE,
        task |->
            [ kind |-> "Normal",
              scheduled |-> 5,
              started |-> 0,
              startedTime |-> 0,
              attempt |-> 1,
              version |-> 1,
              stamp |-> 0,
              transient |-> FALSE,
              route |-> "sticky" ],
        transfer |-> TRUE,
        events |->
            << [ result |-> [kind |-> "pending", value |-> "none"],
                 batchID |-> 5,
                 uid |-> "none",
                 key |->
                     [ namespace |-> "namespace",
                       workflow |-> "workflow",
                       run |-> "run",
                       eventID |-> 5,
                       version |-> 1 ],
                 type |-> "WFTScheduled" ] >> ],
  timerPointer |-> 1,
  physicalHistory |-> <<>>,
  returnPC |-> "idle",
  effects |-> <<>>,
  cancels |-> <<>>,
  second |-> "none",
  clearTodo |-> {},
  clearReturn |-> "idle",
  handler |-> "none",
  caller |-> "none",
  selected |-> 0,
  inlineWorker |-> 0,
  commands |-> <<>>,
  closeCommand |-> FALSE,
  rejectTodo |-> {},
  successor |-> FALSE,
  skip |-> FALSE,
  clock |-> 0,
  limitRaised |-> FALSE,
  calls |->
      ( c1 :>
            [ uid |-> u2,
              op |-> "update",
              waitStage |-> "COMPLETED",
              status |-> "acceptedCheck",
              oid |-> 2,
              expired |-> TRUE,
              reply |->
                  [ stage |-> "NONE",
                    result |-> [kind |-> "pending", value |-> "none"] ],
              active |-> TRUE ] @@
        c2 :>
            [ uid |-> u1,
              op |-> "update",
              waitStage |-> "COMPLETED",
              status |-> "reply",
              oid |-> 3,
              expired |-> TRUE,
              reply |->
                  [ stage |-> "ADMITTED",
                    result |-> [kind |-> "pending", value |-> "none"] ],
              active |-> TRUE ] @@
        c3 :>
            [ uid |-> "none",
              op |-> "update",
              waitStage |-> "COMPLETED",
              status |-> "idle",
              oid |-> 0,
              expired |-> FALSE,
              reply |->
                  [ stage |-> "NONE",
                    result |-> [kind |-> "pending", value |-> "none"] ],
              active |-> FALSE ] @@
        c4 :>
            [ uid |-> "none",
              op |-> "update",
              waitStage |-> "COMPLETED",
              status |-> "idle",
              oid |-> 0,
              expired |-> FALSE,
              reply |->
                  [ stage |-> "NONE",
                    result |-> [kind |-> "pending", value |-> "none"] ],
              active |-> FALSE ] ),
  observed |->
      { [ stage |-> "ERROR",
          result |-> [kind |-> "retry", value |-> "none"],
          uid |-> u2,
          client |-> c1 ] },
  applied |-> {},
  timeoutApplications |-> {},
  everRequested |-> {u1, u2} ]
/\ faults = [ request |-> 2,
  callback |-> 0,
  normal |-> 1,
  matchingFailure |-> 1,
  ignore |-> 0,
  close |-> 0,
  noncommit |-> 1,
  uncertain |-> 0,
  appendTimeout |-> 0,
  lateError |-> 0,
  clear |-> 1,
  ownership |-> 2,
  restart |-> 0,
  timeout |-> 0,
  limit |-> 0,
  responseLoss |-> 1,
  crash |-> 1,
  duplicate |-> 0,
  workerLoss |-> 0 ]

State 44: <MCNext line 401, col 8 to line 402, col 127 of module MC>
/\ s = [ dispatch |-> <<>>,
  matching |->
      << [ kind |-> "Speculative",
           scheduled |-> 5,
           started |-> 0,
           startedTime |-> 0,
           attempt |-> 1,
           version |-> 1,
           stamp |-> 0,
           transient |-> FALSE,
           route |-> "normal" ] >>,
  workers |-> <<>>,
  objects |->
      << [ generation |-> 2,
           acceptedID |-> 0,
           uid |-> u2,
           state |-> "Admitted",
           accepted |-> "pending",
           outcome |-> [kind |-> "pending", value |-> "none"],
           callbacks |-> FALSE ],
         [ generation |-> 4,
           acceptedID |-> 0,
           uid |-> u2,
           state |-> "Admitted",
           accepted |-> "pending",
           outcome |-> [kind |-> "pending", value |-> "none"],
           callbacks |-> FALSE ],
         [ generation |-> 4,
           acceptedID |-> 0,
           uid |-> u1,
           state |-> "Admitted",
           accepted |-> "pending",
           outcome |-> [kind |-> "pending", value |-> "none"],
           callbacks |-> FALSE ] >>,
  timers |->
      << [ timeout |-> "STS",
           task |->
               [ kind |-> "Speculative",
                 scheduled |-> 5,
                 started |-> 0,
                 startedTime |-> 0,
                 attempt |-> 1,
                 version |-> 1,
                 stamp |-> 0,
                 transient |-> FALSE,
                 route |-> "sticky" ],
           speculative |-> TRUE,
           eligible |-> TRUE,
           submitted |-> TRUE,
           cancelled |-> FALSE,
           consumed |-> FALSE ] >>,
  cache |-> (h1 :> <<>> @@ h2 :> <<>>),
  db |->
      [ next |-> 5,
        rv |-> 1,
        range |-> 4,
        info |->
            ( u1 :>
                  [ stage |-> "none",
                    result |-> [kind |-> "pending", value |-> "none"],
                    acceptedID |-> 0,
                    eventID |-> 0,
                    batchID |-> 0 ] @@
              u2 :>
                  [ stage |-> "none",
                    result |-> [kind |-> "pending", value |-> "none"],
                    acceptedID |-> 0,
                    eventID |-> 0,
                    batchID |-> 0 ] ),
        closed |-> FALSE,
        sticky |-> TRUE,
        task |->
            [ kind |-> "none",
              scheduled |-> 0,
              started |-> 0,
              startedTime |-> 0,
              attempt |-> 0,
              version |-> 1,
              stamp |-> 0,
              transient |-> FALSE,
              route |-> "normal" ],
        transfer |-> FALSE,
        events |-> <<>> ],
  ctx |->
      [ next |-> 5,
        generation |-> 4,
        rv |-> 1,
        range |-> 4,
        info |->
            ( u1 :>
                  [ stage |-> "none",
                    result |-> [kind |-> "pending", value |-> "none"],
                    acceptedID |-> 0,
                    eventID |-> 0,
                    batchID |-> 0 ] @@
              u2 :>
                  [ stage |-> "none",
                    result |-> [kind |-> "pending", value |-> "none"],
                    acceptedID |-> 0,
                    eventID |-> 0,
                    batchID |-> 0 ] ),
        closed |-> FALSE,
        sticky |-> TRUE,
        task |->
            [ kind |-> "Speculative",
              scheduled |-> 5,
              started |-> 0,
              startedTime |-> 0,
              attempt |-> 1,
              version |-> 1,
              stamp |-> 0,
              transient |-> FALSE,
              route |-> "sticky" ],
        transfer |-> FALSE,
        reg |-> (u1 :> 3 @@ u2 :> 2),
        loaded |-> TRUE,
        host |-> h1 ],
  active |->
      [ kind |-> "none",
        result |-> [kind |-> "pending", value |-> "none"],
        oid |-> 0,
        prev |-> "none" ],
  batch |-> <<>>,
  pc |-> "cacheClear",
  acquiring |-> FALSE,
  write |->
      [ next |-> 6,
        rv |-> 1,
        state |-> "noncommit",
        returned |-> TRUE,
        error |-> "processLost",
        range |-> 1,
        info |->
            ( u1 :>
                  [ stage |-> "none",
                    result |-> [kind |-> "pending", value |-> "none"],
                    acceptedID |-> 0,
                    eventID |-> 0,
                    batchID |-> 0 ] @@
              u2 :>
                  [ stage |-> "none",
                    result |-> [kind |-> "pending", value |-> "none"],
                    acceptedID |-> 0,
                    eventID |-> 0,
                    batchID |-> 0 ] ),
        closed |-> FALSE,
        sticky |-> TRUE,
        task |->
            [ kind |-> "Normal",
              scheduled |-> 5,
              started |-> 0,
              startedTime |-> 0,
              attempt |-> 1,
              version |-> 1,
              stamp |-> 0,
              transient |-> FALSE,
              route |-> "sticky" ],
        transfer |-> TRUE,
        events |->
            << [ result |-> [kind |-> "pending", value |-> "none"],
                 batchID |-> 5,
                 uid |-> "none",
                 key |->
                     [ namespace |-> "namespace",
                       workflow |-> "workflow",
                       run |-> "run",
                       eventID |-> 5,
                       version |-> 1 ],
                 type |-> "WFTScheduled" ] >> ],
  timerPointer |-> 1,
  physicalHistory |-> <<>>,
  returnPC |-> "idle",
  effects |-> <<>>,
  cancels |-> <<>>,
  second |-> "none",
  clearTodo |-> {},
  clearReturn |-> "idle",
  handler |-> "none",
  caller |-> "none",
  selected |-> 0,
  inlineWorker |-> 0,
  commands |-> <<>>,
  closeCommand |-> FALSE,
  rejectTodo |-> {},
  successor |-> FALSE,
  skip |-> FALSE,
  clock |-> 0,
  limitRaised |-> FALSE,
  calls |->
      ( c1 :>
            [ uid |-> u2,
              op |-> "update",
              waitStage |-> "COMPLETED",
              status |-> "acceptedCheck",
              oid |-> 2,
              expired |-> TRUE,
              reply |->
                  [ stage |-> "NONE",
                    result |-> [kind |-> "pending", value |-> "none"] ],
              active |-> TRUE ] @@
        c2 :>
            [ uid |-> u1,
              op |-> "update",
              waitStage |-> "COMPLETED",
              status |-> "reply",
              oid |-> 3,
              expired |-> TRUE,
              reply |->
                  [ stage |-> "ADMITTED",
                    result |-> [kind |-> "pending", value |-> "none"] ],
              active |-> TRUE ] @@
        c3 :>
            [ uid |-> "none",
              op |-> "update",
              waitStage |-> "COMPLETED",
              status |-> "idle",
              oid |-> 0,
              expired |-> FALSE,
              reply |->
                  [ stage |-> "NONE",
                    result |-> [kind |-> "pending", value |-> "none"] ],
              active |-> FALSE ] @@
        c4 :>
            [ uid |-> "none",
              op |-> "update",
              waitStage |-> "COMPLETED",
              status |-> "idle",
              oid |-> 0,
              expired |-> FALSE,
              reply |->
                  [ stage |-> "NONE",
                    result |-> [kind |-> "pending", value |-> "none"] ],
              active |-> FALSE ] ),
  observed |->
      { [ stage |-> "ERROR",
          result |-> [kind |-> "retry", value |-> "none"],
          uid |-> u2,
          client |-> c1 ] },
  applied |-> {},
  timeoutApplications |-> {},
  everRequested |-> {u1, u2} ]
/\ faults = [ request |-> 2,
  callback |-> 0,
  normal |-> 1,
  matchingFailure |-> 1,
  ignore |-> 0,
  close |-> 0,
  noncommit |-> 1,
  uncertain |-> 0,
  appendTimeout |-> 0,
  lateError |-> 0,
  clear |-> 1,
  ownership |-> 2,
  restart |-> 0,
  timeout |-> 0,
  limit |-> 0,
  responseLoss |-> 1,
  crash |-> 1,
  duplicate |-> 0,
  workerLoss |-> 0 ]

State 45: <MCContextClearBegin line 235, col 5 to line 236, col 23 of module MC>
/\ s = [ dispatch |-> <<>>,
  matching |->
      << [ kind |-> "Speculative",
           scheduled |-> 5,
           started |-> 0,
           startedTime |-> 0,
           attempt |-> 1,
           version |-> 1,
           stamp |-> 0,
           transient |-> FALSE,
           route |-> "normal" ] >>,
  workers |-> <<>>,
  objects |->
      << [ generation |-> 2,
           acceptedID |-> 0,
           uid |-> u2,
           state |-> "Admitted",
           accepted |-> "pending",
           outcome |-> [kind |-> "pending", value |-> "none"],
           callbacks |-> FALSE ],
         [ generation |-> 4,
           acceptedID |-> 0,
           uid |-> u2,
           state |-> "Admitted",
           accepted |-> "pending",
           outcome |-> [kind |-> "pending", value |-> "none"],
           callbacks |-> FALSE ],
         [ generation |-> 4,
           acceptedID |-> 0,
           uid |-> u1,
           state |-> "Admitted",
           accepted |-> "pending",
           outcome |-> [kind |-> "pending", value |-> "none"],
           callbacks |-> FALSE ] >>,
  timers |->
      << [ timeout |-> "STS",
           task |->
               [ kind |-> "Speculative",
                 scheduled |-> 5,
                 started |-> 0,
                 startedTime |-> 0,
                 attempt |-> 1,
                 version |-> 1,
                 stamp |-> 0,
                 transient |-> FALSE,
                 route |-> "sticky" ],
           speculative |-> TRUE,
           eligible |-> TRUE,
           submitted |-> TRUE,
           cancelled |-> TRUE,
           consumed |-> FALSE ] >>,
  cache |-> (h1 :> <<>> @@ h2 :> <<>>),
  db |->
      [ next |-> 5,
        rv |-> 1,
        range |-> 4,
        info |->
            ( u1 :>
                  [ stage |-> "none",
                    result |-> [kind |-> "pending", value |-> "none"],
                    acceptedID |-> 0,
                    eventID |-> 0,
                    batchID |-> 0 ] @@
              u2 :>
                  [ stage |-> "none",
                    result |-> [kind |-> "pending", value |-> "none"],
                    acceptedID |-> 0,
                    eventID |-> 0,
                    batchID |-> 0 ] ),
        closed |-> FALSE,
        sticky |-> TRUE,
        task |->
            [ kind |-> "none",
              scheduled |-> 0,
              started |-> 0,
              startedTime |-> 0,
              attempt |-> 0,
              version |-> 1,
              stamp |-> 0,
              transient |-> FALSE,
              route |-> "normal" ],
        transfer |-> FALSE,
        events |-> <<>> ],
  ctx |->
      [ next |-> 5,
        generation |-> 4,
        rv |-> 1,
        range |-> 4,
        info |->
            ( u1 :>
                  [ stage |-> "none",
                    result |-> [kind |-> "pending", value |-> "none"],
                    acceptedID |-> 0,
                    eventID |-> 0,
                    batchID |-> 0 ] @@
              u2 :>
                  [ stage |-> "none",
                    result |-> [kind |-> "pending", value |-> "none"],
                    acceptedID |-> 0,
                    eventID |-> 0,
                    batchID |-> 0 ] ),
        closed |-> FALSE,
        sticky |-> TRUE,
        task |->
            [ kind |-> "Speculative",
              scheduled |-> 5,
              started |-> 0,
              startedTime |-> 0,
              attempt |-> 1,
              version |-> 1,
              stamp |-> 0,
              transient |-> FALSE,
              route |-> "sticky" ],
        transfer |-> FALSE,
        reg |-> (u1 :> 3 @@ u2 :> 2),
        loaded |-> FALSE,
        host |-> h1 ],
  active |->
      [ kind |-> "none",
        result |-> [kind |-> "pending", value |-> "none"],
        oid |-> 0,
        prev |-> "none" ],
  batch |-> <<>>,
  pc |-> "clearing",
  acquiring |-> FALSE,
  write |->
      [ next |-> 6,
        rv |-> 1,
        state |-> "noncommit",
        returned |-> TRUE,
        error |-> "processLost",
        range |-> 1,
        info |->
            ( u1 :>
                  [ stage |-> "none",
                    result |-> [kind |-> "pending", value |-> "none"],
                    acceptedID |-> 0,
                    eventID |-> 0,
                    batchID |-> 0 ] @@
              u2 :>
                  [ stage |-> "none",
                    result |-> [kind |-> "pending", value |-> "none"],
                    acceptedID |-> 0,
                    eventID |-> 0,
                    batchID |-> 0 ] ),
        closed |-> FALSE,
        sticky |-> TRUE,
        task |->
            [ kind |-> "Normal",
              scheduled |-> 5,
              started |-> 0,
              startedTime |-> 0,
              attempt |-> 1,
              version |-> 1,
              stamp |-> 0,
              transient |-> FALSE,
              route |-> "sticky" ],
        transfer |-> TRUE,
        events |->
            << [ result |-> [kind |-> "pending", value |-> "none"],
                 batchID |-> 5,
                 uid |-> "none",
                 key |->
                     [ namespace |-> "namespace",
                       workflow |-> "workflow",
                       run |-> "run",
                       eventID |-> 5,
                       version |-> 1 ],
                 type |-> "WFTScheduled" ] >> ],
  timerPointer |-> 0,
  physicalHistory |-> <<>>,
  returnPC |-> "idle",
  effects |-> <<>>,
  cancels |-> <<>>,
  second |-> "none",
  clearTodo |-> {2, 3},
  clearReturn |-> "idle",
  handler |-> "none",
  caller |-> "none",
  selected |-> 0,
  inlineWorker |-> 0,
  commands |-> <<>>,
  closeCommand |-> FALSE,
  rejectTodo |-> {},
  successor |-> FALSE,
  skip |-> FALSE,
  clock |-> 0,
  limitRaised |-> FALSE,
  calls |->
      ( c1 :>
            [ uid |-> u2,
              op |-> "update",
              waitStage |-> "COMPLETED",
              status |-> "acceptedCheck",
              oid |-> 2,
              expired |-> TRUE,
              reply |->
                  [ stage |-> "NONE",
                    result |-> [kind |-> "pending", value |-> "none"] ],
              active |-> TRUE ] @@
        c2 :>
            [ uid |-> u1,
              op |-> "update",
              waitStage |-> "COMPLETED",
              status |-> "reply",
              oid |-> 3,
              expired |-> TRUE,
              reply |->
                  [ stage |-> "ADMITTED",
                    result |-> [kind |-> "pending", value |-> "none"] ],
              active |-> TRUE ] @@
        c3 :>
            [ uid |-> "none",
              op |-> "update",
              waitStage |-> "COMPLETED",
              status |-> "idle",
              oid |-> 0,
              expired |-> FALSE,
              reply |->
                  [ stage |-> "NONE",
                    result |-> [kind |-> "pending", value |-> "none"] ],
              active |-> FALSE ] @@
        c4 :>
            [ uid |-> "none",
              op |-> "update",
              waitStage |-> "COMPLETED",
              status |-> "idle",
              oid |-> 0,
              expired |-> FALSE,
              reply |->
                  [ stage |-> "NONE",
                    result |-> [kind |-> "pending", value |-> "none"] ],
              active |-> FALSE ] ),
  observed |->
      { [ stage |-> "ERROR",
          result |-> [kind |-> "retry", value |-> "none"],
          uid |-> u2,
          client |-> c1 ] },
  applied |-> {},
  timeoutApplications |-> {},
  everRequested |-> {u1, u2} ]
/\ faults = [ request |-> 2,
  callback |-> 0,
  normal |-> 1,
  matchingFailure |-> 1,
  ignore |-> 0,
  close |-> 0,
  noncommit |-> 1,
  uncertain |-> 0,
  appendTimeout |-> 0,
  lateError |-> 0,
  clear |-> 1,
  ownership |-> 2,
  restart |-> 0,
  timeout |-> 0,
  limit |-> 0,
  responseLoss |-> 1,
  crash |-> 1,
  duplicate |-> 0,
  workerLoss |-> 0 ]

State 46: <MCNext line 399, col 8 to line 400, col 96 of module MC>
/\ s = [ dispatch |-> <<>>,
  matching |->
      << [ kind |-> "Speculative",
           scheduled |-> 5,
           started |-> 0,
           startedTime |-> 0,
           attempt |-> 1,
           version |-> 1,
           stamp |-> 0,
           transient |-> FALSE,
           route |-> "normal" ] >>,
  workers |-> <<>>,
  objects |->
      << [ generation |-> 2,
           acceptedID |-> 0,
           uid |-> u2,
           state |-> "Admitted",
           accepted |-> "pending",
           outcome |-> [kind |-> "pending", value |-> "none"],
           callbacks |-> FALSE ],
         [ generation |-> 4,
           acceptedID |-> 0,
           uid |-> u2,
           state |-> "Admitted",
           accepted |-> "pending",
           outcome |-> [kind |-> "pending", value |-> "none"],
           callbacks |-> FALSE ],
         [ generation |-> 4,
           acceptedID |-> 0,
           uid |-> u1,
           state |-> "Aborted",
           accepted |-> "pending",
           outcome |-> [kind |-> "retry", value |-> "none"],
           callbacks |-> FALSE ] >>,
  timers |->
      << [ timeout |-> "STS",
           task |->
               [ kind |-> "Speculative",
                 scheduled |-> 5,
                 started |-> 0,
                 startedTime |-> 0,
                 attempt |-> 1,
                 version |-> 1,
                 stamp |-> 0,
                 transient |-> FALSE,
                 route |-> "sticky" ],
           speculative |-> TRUE,
           eligible |-> TRUE,
           submitted |-> TRUE,
           cancelled |-> TRUE,
           consumed |-> FALSE ] >>,
  cache |-> (h1 :> <<>> @@ h2 :> <<>>),
  db |->
      [ next |-> 5,
        rv |-> 1,
        range |-> 4,
        info |->
            ( u1 :>
                  [ stage |-> "none",
                    result |-> [kind |-> "pending", value |-> "none"],
                    acceptedID |-> 0,
                    eventID |-> 0,
                    batchID |-> 0 ] @@
              u2 :>
                  [ stage |-> "none",
                    result |-> [kind |-> "pending", value |-> "none"],
                    acceptedID |-> 0,
                    eventID |-> 0,
                    batchID |-> 0 ] ),
        closed |-> FALSE,
        sticky |-> TRUE,
        task |->
            [ kind |-> "none",
              scheduled |-> 0,
              started |-> 0,
              startedTime |-> 0,
              attempt |-> 0,
              version |-> 1,
              stamp |-> 0,
              transient |-> FALSE,
              route |-> "normal" ],
        transfer |-> FALSE,
        events |-> <<>> ],
  ctx |->
      [ next |-> 5,
        generation |-> 4,
        rv |-> 1,
        range |-> 4,
        info |->
            ( u1 :>
                  [ stage |-> "none",
                    result |-> [kind |-> "pending", value |-> "none"],
                    acceptedID |-> 0,
                    eventID |-> 0,
                    batchID |-> 0 ] @@
              u2 :>
                  [ stage |-> "none",
                    result |-> [kind |-> "pending", value |-> "none"],
                    acceptedID |-> 0,
                    eventID |-> 0,
                    batchID |-> 0 ] ),
        closed |-> FALSE,
        sticky |-> TRUE,
        task |->
            [ kind |-> "Speculative",
              scheduled |-> 5,
              started |-> 0,
              startedTime |-> 0,
              attempt |-> 1,
              version |-> 1,
              stamp |-> 0,
              transient |-> FALSE,
              route |-> "sticky" ],
        transfer |-> FALSE,
        reg |-> (u1 :> 3 @@ u2 :> 2),
        loaded |-> FALSE,
        host |-> h1 ],
  active |->
      [ kind |-> "clear",
        result |-> [kind |-> "retry", value |-> "none"],
        oid |-> 3,
        prev |-> "Admitted" ],
  batch |-> <<>>,
  pc |-> "clearing",
  acquiring |-> FALSE,
  write |->
      [ next |-> 6,
        rv |-> 1,
        state |-> "noncommit",
        returned |-> TRUE,
        error |-> "processLost",
        range |-> 1,
        info |->
            ( u1 :>
                  [ stage |-> "none",
                    result |-> [kind |-> "pending", value |-> "none"],
                    acceptedID |-> 0,
                    eventID |-> 0,
                    batchID |-> 0 ] @@
              u2 :>
                  [ stage |-> "none",
                    result |-> [kind |-> "pending", value |-> "none"],
                    acceptedID |-> 0,
                    eventID |-> 0,
                    batchID |-> 0 ] ),
        closed |-> FALSE,
        sticky |-> TRUE,
        task |->
            [ kind |-> "Normal",
              scheduled |-> 5,
              started |-> 0,
              startedTime |-> 0,
              attempt |-> 1,
              version |-> 1,
              stamp |-> 0,
              transient |-> FALSE,
              route |-> "sticky" ],
        transfer |-> TRUE,
        events |->
            << [ result |-> [kind |-> "pending", value |-> "none"],
                 batchID |-> 5,
                 uid |-> "none",
                 key |->
                     [ namespace |-> "namespace",
                       workflow |-> "workflow",
                       run |-> "run",
                       eventID |-> 5,
                       version |-> 1 ],
                 type |-> "WFTScheduled" ] >> ],
  timerPointer |-> 0,
  physicalHistory |-> <<>>,
  returnPC |-> "idle",
  effects |-> <<>>,
  cancels |-> <<>>,
  second |-> "clearAccepted",
  clearTodo |-> {2, 3},
  clearReturn |-> "idle",
  handler |-> "none",
  caller |-> "none",
  selected |-> 0,
  inlineWorker |-> 0,
  commands |-> <<>>,
  closeCommand |-> FALSE,
  rejectTodo |-> {},
  successor |-> FALSE,
  skip |-> FALSE,
  clock |-> 0,
  limitRaised |-> FALSE,
  calls |->
      ( c1 :>
            [ uid |-> u2,
              op |-> "update",
              waitStage |-> "COMPLETED",
              status |-> "acceptedCheck",
              oid |-> 2,
              expired |-> TRUE,
              reply |->
                  [ stage |-> "NONE",
                    result |-> [kind |-> "pending", value |-> "none"] ],
              active |-> TRUE ] @@
        c2 :>
            [ uid |-> u1,
              op |-> "update",
              waitStage |-> "COMPLETED",
              status |-> "reply",
              oid |-> 3,
              expired |-> TRUE,
              reply |->
                  [ stage |-> "ADMITTED",
                    result |-> [kind |-> "pending", value |-> "none"] ],
              active |-> TRUE ] @@
        c3 :>
            [ uid |-> "none",
              op |-> "update",
              waitStage |-> "COMPLETED",
              status |-> "idle",
              oid |-> 0,
              expired |-> FALSE,
              reply |->
                  [ stage |-> "NONE",
                    result |-> [kind |-> "pending", value |-> "none"] ],
              active |-> FALSE ] @@
        c4 :>
            [ uid |-> "none",
              op |-> "update",
              waitStage |-> "COMPLETED",
              status |-> "idle",
              oid |-> 0,
              expired |-> FALSE,
              reply |->
                  [ stage |-> "NONE",
                    result |-> [kind |-> "pending", value |-> "none"] ],
              active |-> FALSE ] ),
  observed |->
      { [ stage |-> "ERROR",
          result |-> [kind |-> "retry", value |-> "none"],
          uid |-> u2,
          client |-> c1 ] },
  applied |-> {},
  timeoutApplications |-> {},
  everRequested |-> {u1, u2} ]
/\ faults = [ request |-> 2,
  callback |-> 0,
  normal |-> 1,
  matchingFailure |-> 1,
  ignore |-> 0,
  close |-> 0,
  noncommit |-> 1,
  uncertain |-> 0,
  appendTimeout |-> 0,
  lateError |-> 0,
  clear |-> 1,
  ownership |-> 2,
  restart |-> 0,
  timeout |-> 0,
  limit |-> 0,
  responseLoss |-> 1,
  crash |-> 1,
  duplicate |-> 0,
  workerLoss |-> 0 ]

State 47: <MCCreateUpdateResponse(c2) line 348, col 5 to line 349, col 23 of module MC>
/\ s = [ dispatch |-> <<>>,
  matching |->
      << [ kind |-> "Speculative",
           scheduled |-> 5,
           started |-> 0,
           startedTime |-> 0,
           attempt |-> 1,
           version |-> 1,
           stamp |-> 0,
           transient |-> FALSE,
           route |-> "normal" ] >>,
  workers |-> <<>>,
  objects |->
      << [ generation |-> 2,
           acceptedID |-> 0,
           uid |-> u2,
           state |-> "Admitted",
           accepted |-> "pending",
           outcome |-> [kind |-> "pending", value |-> "none"],
           callbacks |-> FALSE ],
         [ generation |-> 4,
           acceptedID |-> 0,
           uid |-> u2,
           state |-> "Admitted",
           accepted |-> "pending",
           outcome |-> [kind |-> "pending", value |-> "none"],
           callbacks |-> FALSE ],
         [ generation |-> 4,
           acceptedID |-> 0,
           uid |-> u1,
           state |-> "Aborted",
           accepted |-> "pending",
           outcome |-> [kind |-> "retry", value |-> "none"],
           callbacks |-> FALSE ] >>,
  timers |->
      << [ timeout |-> "STS",
           task |->
               [ kind |-> "Speculative",
                 scheduled |-> 5,
                 started |-> 0,
                 startedTime |-> 0,
                 attempt |-> 1,
                 version |-> 1,
                 stamp |-> 0,
                 transient |-> FALSE,
                 route |-> "sticky" ],
           speculative |-> TRUE,
           eligible |-> TRUE,
           submitted |-> TRUE,
           cancelled |-> TRUE,
           consumed |-> FALSE ] >>,
  cache |-> (h1 :> <<>> @@ h2 :> <<>>),
  db |->
      [ next |-> 5,
        rv |-> 1,
        range |-> 4,
        info |->
            ( u1 :>
                  [ stage |-> "none",
                    result |-> [kind |-> "pending", value |-> "none"],
                    acceptedID |-> 0,
                    eventID |-> 0,
                    batchID |-> 0 ] @@
              u2 :>
                  [ stage |-> "none",
                    result |-> [kind |-> "pending", value |-> "none"],
                    acceptedID |-> 0,
                    eventID |-> 0,
                    batchID |-> 0 ] ),
        closed |-> FALSE,
        sticky |-> TRUE,
        task |->
            [ kind |-> "none",
              scheduled |-> 0,
              started |-> 0,
              startedTime |-> 0,
              attempt |-> 0,
              version |-> 1,
              stamp |-> 0,
              transient |-> FALSE,
              route |-> "normal" ],
        transfer |-> FALSE,
        events |-> <<>> ],
  ctx |->
      [ next |-> 5,
        generation |-> 4,
        rv |-> 1,
        range |-> 4,
        info |->
            ( u1 :>
                  [ stage |-> "none",
                    result |-> [kind |-> "pending", value |-> "none"],
                    acceptedID |-> 0,
                    eventID |-> 0,
                    batchID |-> 0 ] @@
              u2 :>
                  [ stage |-> "none",
                    result |-> [kind |-> "pending", value |-> "none"],
                    acceptedID |-> 0,
                    eventID |-> 0,
                    batchID |-> 0 ] ),
        closed |-> FALSE,
        sticky |-> TRUE,
        task |->
            [ kind |-> "Speculative",
              scheduled |-> 5,
              started |-> 0,
              startedTime |-> 0,
              attempt |-> 1,
              version |-> 1,
              stamp |-> 0,
              transient |-> FALSE,
              route |-> "sticky" ],
        transfer |-> FALSE,
        reg |-> (u1 :> 3 @@ u2 :> 2),
        loaded |-> FALSE,
        host |-> h1 ],
  active |->
      [ kind |-> "clear",
        result |-> [kind |-> "retry", value |-> "none"],
        oid |-> 3,
        prev |-> "Admitted" ],
  batch |-> <<>>,
  pc |-> "clearing",
  acquiring |-> FALSE,
  write |->
      [ next |-> 6,
        rv |-> 1,
        state |-> "noncommit",
        returned |-> TRUE,
        error |-> "processLost",
        range |-> 1,
        info |->
            ( u1 :>
                  [ stage |-> "none",
                    result |-> [kind |-> "pending", value |-> "none"],
                    acceptedID |-> 0,
                    eventID |-> 0,
                    batchID |-> 0 ] @@
              u2 :>
                  [ stage |-> "none",
                    result |-> [kind |-> "pending", value |-> "none"],
                    acceptedID |-> 0,
                    eventID |-> 0,
                    batchID |-> 0 ] ),
        closed |-> FALSE,
        sticky |-> TRUE,
        task |->
            [ kind |-> "Normal",
              scheduled |-> 5,
              started |-> 0,
              startedTime |-> 0,
              attempt |-> 1,
              version |-> 1,
              stamp |-> 0,
              transient |-> FALSE,
              route |-> "sticky" ],
        transfer |-> TRUE,
        events |->
            << [ result |-> [kind |-> "pending", value |-> "none"],
                 batchID |-> 5,
                 uid |-> "none",
                 key |->
                     [ namespace |-> "namespace",
                       workflow |-> "workflow",
                       run |-> "run",
                       eventID |-> 5,
                       version |-> 1 ],
                 type |-> "WFTScheduled" ] >> ],
  timerPointer |-> 0,
  physicalHistory |-> <<>>,
  returnPC |-> "idle",
  effects |-> <<>>,
  cancels |-> <<>>,
  second |-> "clearAccepted",
  clearTodo |-> {2, 3},
  clearReturn |-> "idle",
  handler |-> "none",
  caller |-> "none",
  selected |-> 0,
  inlineWorker |-> 0,
  commands |-> <<>>,
  closeCommand |-> FALSE,
  rejectTodo |-> {},
  successor |-> FALSE,
  skip |-> FALSE,
  clock |-> 0,
  limitRaised |-> FALSE,
  calls |->
      ( c1 :>
            [ uid |-> u2,
              op |-> "update",
              waitStage |-> "COMPLETED",
              status |-> "acceptedCheck",
              oid |-> 2,
              expired |-> TRUE,
              reply |->
                  [ stage |-> "NONE",
                    result |-> [kind |-> "pending", value |-> "none"] ],
              active |-> TRUE ] @@
        c2 :>
            [ uid |-> u1,
              op |-> "update",
              waitStage |-> "COMPLETED",
              status |-> "wire",
              oid |-> 3,
              expired |-> TRUE,
              reply |->
                  [ stage |-> "ADMITTED",
                    result |-> [kind |-> "pending", value |-> "none"] ],
              active |-> TRUE ] @@
        c3 :>
            [ uid |-> "none",
              op |-> "update",
              waitStage |-> "COMPLETED",
              status |-> "idle",
              oid |-> 0,
              expired |-> FALSE,
              reply |->
                  [ stage |-> "NONE",
                    result |-> [kind |-> "pending", value |-> "none"] ],
              active |-> FALSE ] @@
        c4 :>
            [ uid |-> "none",
              op |-> "update",
              waitStage |-> "COMPLETED",
              status |-> "idle",
              oid |-> 0,
              expired |-> FALSE,
              reply |->
                  [ stage |-> "NONE",
                    result |-> [kind |-> "pending", value |-> "none"] ],
              active |-> FALSE ] ),
  observed |->
      { [ stage |-> "ERROR",
          result |-> [kind |-> "retry", value |-> "none"],
          uid |-> u2,
          client |-> c1 ] },
  applied |-> {},
  timeoutApplications |-> {},
  everRequested |-> {u1, u2} ]
/\ faults = [ request |-> 2,
  callback |-> 0,
  normal |-> 1,
  matchingFailure |-> 1,
  ignore |-> 0,
  close |-> 0,
  noncommit |-> 1,
  uncertain |-> 0,
  appendTimeout |-> 0,
  lateError |-> 0,
  clear |-> 1,
  ownership |-> 2,
  restart |-> 0,
  timeout |-> 0,
  limit |-> 0,
  responseLoss |-> 1,
  crash |-> 1,
  duplicate |-> 0,
  workerLoss |-> 0 ]

State 48: <MCReceiveUpdateResponse(c2) line 352, col 5 to line 353, col 23 of module MC>
/\ s = [ dispatch |-> <<>>,
  matching |->
      << [ kind |-> "Speculative",
           scheduled |-> 5,
           started |-> 0,
           startedTime |-> 0,
           attempt |-> 1,
           version |-> 1,
           stamp |-> 0,
           transient |-> FALSE,
           route |-> "normal" ] >>,
  workers |-> <<>>,
  objects |->
      << [ generation |-> 2,
           acceptedID |-> 0,
           uid |-> u2,
           state |-> "Admitted",
           accepted |-> "pending",
           outcome |-> [kind |-> "pending", value |-> "none"],
           callbacks |-> FALSE ],
         [ generation |-> 4,
           acceptedID |-> 0,
           uid |-> u2,
           state |-> "Admitted",
           accepted |-> "pending",
           outcome |-> [kind |-> "pending", value |-> "none"],
           callbacks |-> FALSE ],
         [ generation |-> 4,
           acceptedID |-> 0,
           uid |-> u1,
           state |-> "Aborted",
           accepted |-> "pending",
           outcome |-> [kind |-> "retry", value |-> "none"],
           callbacks |-> FALSE ] >>,
  timers |->
      << [ timeout |-> "STS",
           task |->
               [ kind |-> "Speculative",
                 scheduled |-> 5,
                 started |-> 0,
                 startedTime |-> 0,
                 attempt |-> 1,
                 version |-> 1,
                 stamp |-> 0,
                 transient |-> FALSE,
                 route |-> "sticky" ],
           speculative |-> TRUE,
           eligible |-> TRUE,
           submitted |-> TRUE,
           cancelled |-> TRUE,
           consumed |-> FALSE ] >>,
  cache |-> (h1 :> <<>> @@ h2 :> <<>>),
  db |->
      [ next |-> 5,
        rv |-> 1,
        range |-> 4,
        info |->
            ( u1 :>
                  [ stage |-> "none",
                    result |-> [kind |-> "pending", value |-> "none"],
                    acceptedID |-> 0,
                    eventID |-> 0,
                    batchID |-> 0 ] @@
              u2 :>
                  [ stage |-> "none",
                    result |-> [kind |-> "pending", value |-> "none"],
                    acceptedID |-> 0,
                    eventID |-> 0,
                    batchID |-> 0 ] ),
        closed |-> FALSE,
        sticky |-> TRUE,
        task |->
            [ kind |-> "none",
              scheduled |-> 0,
              started |-> 0,
              startedTime |-> 0,
              attempt |-> 0,
              version |-> 1,
              stamp |-> 0,
              transient |-> FALSE,
              route |-> "normal" ],
        transfer |-> FALSE,
        events |-> <<>> ],
  ctx |->
      [ next |-> 5,
        generation |-> 4,
        rv |-> 1,
        range |-> 4,
        info |->
            ( u1 :>
                  [ stage |-> "none",
                    result |-> [kind |-> "pending", value |-> "none"],
                    acceptedID |-> 0,
                    eventID |-> 0,
                    batchID |-> 0 ] @@
              u2 :>
                  [ stage |-> "none",
                    result |-> [kind |-> "pending", value |-> "none"],
                    acceptedID |-> 0,
                    eventID |-> 0,
                    batchID |-> 0 ] ),
        closed |-> FALSE,
        sticky |-> TRUE,
        task |->
            [ kind |-> "Speculative",
              scheduled |-> 5,
              started |-> 0,
              startedTime |-> 0,
              attempt |-> 1,
              version |-> 1,
              stamp |-> 0,
              transient |-> FALSE,
              route |-> "sticky" ],
        transfer |-> FALSE,
        reg |-> (u1 :> 3 @@ u2 :> 2),
        loaded |-> FALSE,
        host |-> h1 ],
  active |->
      [ kind |-> "clear",
        result |-> [kind |-> "retry", value |-> "none"],
        oid |-> 3,
        prev |-> "Admitted" ],
  batch |-> <<>>,
  pc |-> "clearing",
  acquiring |-> FALSE,
  write |->
      [ next |-> 6,
        rv |-> 1,
        state |-> "noncommit",
        returned |-> TRUE,
        error |-> "processLost",
        range |-> 1,
        info |->
            ( u1 :>
                  [ stage |-> "none",
                    result |-> [kind |-> "pending", value |-> "none"],
                    acceptedID |-> 0,
                    eventID |-> 0,
                    batchID |-> 0 ] @@
              u2 :>
                  [ stage |-> "none",
                    result |-> [kind |-> "pending", value |-> "none"],
                    acceptedID |-> 0,
                    eventID |-> 0,
                    batchID |-> 0 ] ),
        closed |-> FALSE,
        sticky |-> TRUE,
        task |->
            [ kind |-> "Normal",
              scheduled |-> 5,
              started |-> 0,
              startedTime |-> 0,
              attempt |-> 1,
              version |-> 1,
              stamp |-> 0,
              transient |-> FALSE,
              route |-> "sticky" ],
        transfer |-> TRUE,
        events |->
            << [ result |-> [kind |-> "pending", value |-> "none"],
                 batchID |-> 5,
                 uid |-> "none",
                 key |->
                     [ namespace |-> "namespace",
                       workflow |-> "workflow",
                       run |-> "run",
                       eventID |-> 5,
                       version |-> 1 ],
                 type |-> "WFTScheduled" ] >> ],
  timerPointer |-> 0,
  physicalHistory |-> <<>>,
  returnPC |-> "idle",
  effects |-> <<>>,
  cancels |-> <<>>,
  second |-> "clearAccepted",
  clearTodo |-> {2, 3},
  clearReturn |-> "idle",
  handler |-> "none",
  caller |-> "none",
  selected |-> 0,
  inlineWorker |-> 0,
  commands |-> <<>>,
  closeCommand |-> FALSE,
  rejectTodo |-> {},
  successor |-> FALSE,
  skip |-> FALSE,
  clock |-> 0,
  limitRaised |-> FALSE,
  calls |->
      ( c1 :>
            [ uid |-> u2,
              op |-> "update",
              waitStage |-> "COMPLETED",
              status |-> "acceptedCheck",
              oid |-> 2,
              expired |-> TRUE,
              reply |->
                  [ stage |-> "NONE",
                    result |-> [kind |-> "pending", value |-> "none"] ],
              active |-> TRUE ] @@
        c2 :>
            [ uid |-> u1,
              op |-> "update",
              waitStage |-> "COMPLETED",
              status |-> "done",
              oid |-> 3,
              expired |-> TRUE,
              reply |->
                  [ stage |-> "ADMITTED",
                    result |-> [kind |-> "pending", value |-> "none"] ],
              active |-> TRUE ] @@
        c3 :>
            [ uid |-> "none",
              op |-> "update",
              waitStage |-> "COMPLETED",
              status |-> "idle",
              oid |-> 0,
              expired |-> FALSE,
              reply |->
                  [ stage |-> "NONE",
                    result |-> [kind |-> "pending", value |-> "none"] ],
              active |-> FALSE ] @@
        c4 :>
            [ uid |-> "none",
              op |-> "update",
              waitStage |-> "COMPLETED",
              status |-> "idle",
              oid |-> 0,
              expired |-> FALSE,
              reply |->
                  [ stage |-> "NONE",
                    result |-> [kind |-> "pending", value |-> "none"] ],
              active |-> FALSE ] ),
  observed |->
      { [ stage |-> "ERROR",
          result |-> [kind |-> "retry", value |-> "none"],
          uid |-> u2,
          client |-> c1 ],
        [ stage |-> "ADMITTED",
          result |-> [kind |-> "pending", value |-> "none"],
          uid |-> u1,
          client |-> c2 ] },
  applied |-> {},
  timeoutApplications |-> {},
  everRequested |-> {u1, u2} ]
/\ faults = [ request |-> 2,
  callback |-> 0,
  normal |-> 1,
  matchingFailure |-> 1,
  ignore |-> 0,
  close |-> 0,
  noncommit |-> 1,
  uncertain |-> 0,
  appendTimeout |-> 0,
  lateError |-> 0,
  clear |-> 1,
  ownership |-> 2,
  restart |-> 0,
  timeout |-> 0,
  limit |-> 0,
  responseLoss |-> 1,
  crash |-> 1,
  duplicate |-> 0,
  workerLoss |-> 0 ]

State 49: <MCRegistryClearAbortSecond line 243, col 5 to line 244, col 23 of module MC>
/\ s = [ dispatch |-> <<>>,
  matching |->
      << [ kind |-> "Speculative",
           scheduled |-> 5,
           started |-> 0,
           startedTime |-> 0,
           attempt |-> 1,
           version |-> 1,
           stamp |-> 0,
           transient |-> FALSE,
           route |-> "normal" ] >>,
  workers |-> <<>>,
  objects |->
      << [ generation |-> 2,
           acceptedID |-> 0,
           uid |-> u2,
           state |-> "Admitted",
           accepted |-> "pending",
           outcome |-> [kind |-> "pending", value |-> "none"],
           callbacks |-> FALSE ],
         [ generation |-> 4,
           acceptedID |-> 0,
           uid |-> u2,
           state |-> "Admitted",
           accepted |-> "pending",
           outcome |-> [kind |-> "pending", value |-> "none"],
           callbacks |-> FALSE ],
         [ generation |-> 4,
           acceptedID |-> 0,
           uid |-> u1,
           state |-> "Aborted",
           accepted |-> "retry",
           outcome |-> [kind |-> "retry", value |-> "none"],
           callbacks |-> FALSE ] >>,
  timers |->
      << [ timeout |-> "STS",
           task |->
               [ kind |-> "Speculative",
                 scheduled |-> 5,
                 started |-> 0,
                 startedTime |-> 0,
                 attempt |-> 1,
                 version |-> 1,
                 stamp |-> 0,
                 transient |-> FALSE,
                 route |-> "sticky" ],
           speculative |-> TRUE,
           eligible |-> TRUE,
           submitted |-> TRUE,
           cancelled |-> TRUE,
           consumed |-> FALSE ] >>,
  cache |-> (h1 :> <<>> @@ h2 :> <<>>),
  db |->
      [ next |-> 5,
        rv |-> 1,
        range |-> 4,
        info |->
            ( u1 :>
                  [ stage |-> "none",
                    result |-> [kind |-> "pending", value |-> "none"],
                    acceptedID |-> 0,
                    eventID |-> 0,
                    batchID |-> 0 ] @@
              u2 :>
                  [ stage |-> "none",
                    result |-> [kind |-> "pending", value |-> "none"],
                    acceptedID |-> 0,
                    eventID |-> 0,
                    batchID |-> 0 ] ),
        closed |-> FALSE,
        sticky |-> TRUE,
        task |->
            [ kind |-> "none",
              scheduled |-> 0,
              started |-> 0,
              startedTime |-> 0,
              attempt |-> 0,
              version |-> 1,
              stamp |-> 0,
              transient |-> FALSE,
              route |-> "normal" ],
        transfer |-> FALSE,
        events |-> <<>> ],
  ctx |->
      [ next |-> 5,
        generation |-> 4,
        rv |-> 1,
        range |-> 4,
        info |->
            ( u1 :>
                  [ stage |-> "none",
                    result |-> [kind |-> "pending", value |-> "none"],
                    acceptedID |-> 0,
                    eventID |-> 0,
                    batchID |-> 0 ] @@
              u2 :>
                  [ stage |-> "none",
                    result |-> [kind |-> "pending", value |-> "none"],
                    acceptedID |-> 0,
                    eventID |-> 0,
                    batchID |-> 0 ] ),
        closed |-> FALSE,
        sticky |-> TRUE,
        task |->
            [ kind |-> "Speculative",
              scheduled |-> 5,
              started |-> 0,
              startedTime |-> 0,
              attempt |-> 1,
              version |-> 1,
              stamp |-> 0,
              transient |-> FALSE,
              route |-> "sticky" ],
        transfer |-> FALSE,
        reg |-> (u1 :> 3 @@ u2 :> 2),
        loaded |-> FALSE,
        host |-> h1 ],
  active |->
      [ oid |-> 0,
        kind |-> "none",
        prev |-> "none",
        result |-> [kind |-> "pending", value |-> "none"] ],
  batch |-> <<>>,
  pc |-> "clearing",
  acquiring |-> FALSE,
  write |->
      [ next |-> 6,
        rv |-> 1,
        state |-> "noncommit",
        returned |-> TRUE,
        error |-> "processLost",
        range |-> 1,
        info |->
            ( u1 :>
                  [ stage |-> "none",
                    result |-> [kind |-> "pending", value |-> "none"],
                    acceptedID |-> 0,
                    eventID |-> 0,
                    batchID |-> 0 ] @@
              u2 :>
                  [ stage |-> "none",
                    result |-> [kind |-> "pending", value |-> "none"],
                    acceptedID |-> 0,
                    eventID |-> 0,
                    batchID |-> 0 ] ),
        closed |-> FALSE,
        sticky |-> TRUE,
        task |->
            [ kind |-> "Normal",
              scheduled |-> 5,
              started |-> 0,
              startedTime |-> 0,
              attempt |-> 1,
              version |-> 1,
              stamp |-> 0,
              transient |-> FALSE,
              route |-> "sticky" ],
        transfer |-> TRUE,
        events |->
            << [ result |-> [kind |-> "pending", value |-> "none"],
                 batchID |-> 5,
                 uid |-> "none",
                 key |->
                     [ namespace |-> "namespace",
                       workflow |-> "workflow",
                       run |-> "run",
                       eventID |-> 5,
                       version |-> 1 ],
                 type |-> "WFTScheduled" ] >> ],
  timerPointer |-> 0,
  physicalHistory |-> <<>>,
  returnPC |-> "idle",
  effects |-> <<>>,
  cancels |-> <<>>,
  second |-> "none",
  clearTodo |-> {2},
  clearReturn |-> "idle",
  handler |-> "none",
  caller |-> "none",
  selected |-> 0,
  inlineWorker |-> 0,
  commands |-> <<>>,
  closeCommand |-> FALSE,
  rejectTodo |-> {},
  successor |-> FALSE,
  skip |-> FALSE,
  clock |-> 0,
  limitRaised |-> FALSE,
  calls |->
      ( c1 :>
            [ uid |-> u2,
              op |-> "update",
              waitStage |-> "COMPLETED",
              status |-> "acceptedCheck",
              oid |-> 2,
              expired |-> TRUE,
              reply |->
                  [ stage |-> "NONE",
                    result |-> [kind |-> "pending", value |-> "none"] ],
              active |-> TRUE ] @@
        c2 :>
            [ uid |-> u1,
              op |-> "update",
              waitStage |-> "COMPLETED",
              status |-> "done",
              oid |-> 3,
              expired |-> TRUE,
              reply |->
                  [ stage |-> "ADMITTED",
                    result |-> [kind |-> "pending", value |-> "none"] ],
              active |-> TRUE ] @@
        c3 :>
            [ uid |-> "none",
              op |-> "update",
              waitStage |-> "COMPLETED",
              status |-> "idle",
              oid |-> 0,
              expired |-> FALSE,
              reply |->
                  [ stage |-> "NONE",
                    result |-> [kind |-> "pending", value |-> "none"] ],
              active |-> FALSE ] @@
        c4 :>
            [ uid |-> "none",
              op |-> "update",
              waitStage |-> "COMPLETED",
              status |-> "idle",
              oid |-> 0,
              expired |-> FALSE,
              reply |->
                  [ stage |-> "NONE",
                    result |-> [kind |-> "pending", value |-> "none"] ],
              active |-> FALSE ] ),
  observed |->
      { [ stage |-> "ERROR",
          result |-> [kind |-> "retry", value |-> "none"],
          uid |-> u2,
          client |-> c1 ],
        [ stage |-> "ADMITTED",
          result |-> [kind |-> "pending", value |-> "none"],
          uid |-> u1,
          client |-> c2 ] },
  applied |-> {},
  timeoutApplications |-> {},
  everRequested |-> {u1, u2} ]
/\ faults = [ request |-> 2,
  callback |-> 0,
  normal |-> 1,
  matchingFailure |-> 1,
  ignore |-> 0,
  close |-> 0,
  noncommit |-> 1,
  uncertain |-> 0,
  appendTimeout |-> 0,
  lateError |-> 0,
  clear |-> 1,
  ownership |-> 2,
  restart |-> 0,
  timeout |-> 0,
  limit |-> 0,
  responseLoss |-> 1,
  crash |-> 1,
  duplicate |-> 0,
  workerLoss |-> 0 ]

State 50: <MCNext line 399, col 8 to line 400, col 96 of module MC>
/\ s = [ dispatch |-> <<>>,
  matching |->
      << [ kind |-> "Speculative",
           scheduled |-> 5,
           started |-> 0,
           startedTime |-> 0,
           attempt |-> 1,
           version |-> 1,
           stamp |-> 0,
           transient |-> FALSE,
           route |-> "normal" ] >>,
  workers |-> <<>>,
  objects |->
      << [ generation |-> 2,
           acceptedID |-> 0,
           uid |-> u2,
           state |-> "Admitted",
           accepted |-> "pending",
           outcome |-> [kind |-> "pending", value |-> "none"],
           callbacks |-> FALSE ],
         [ generation |-> 4,
           acceptedID |-> 0,
           uid |-> u2,
           state |-> "Aborted",
           accepted |-> "pending",
           outcome |-> [kind |-> "retry", value |-> "none"],
           callbacks |-> FALSE ],
         [ generation |-> 4,
           acceptedID |-> 0,
           uid |-> u1,
           state |-> "Aborted",
           accepted |-> "retry",
           outcome |-> [kind |-> "retry", value |-> "none"],
           callbacks |-> FALSE ] >>,
  timers |->
      << [ timeout |-> "STS",
           task |->
               [ kind |-> "Speculative",
                 scheduled |-> 5,
                 started |-> 0,
                 startedTime |-> 0,
                 attempt |-> 1,
                 version |-> 1,
                 stamp |-> 0,
                 transient |-> FALSE,
                 route |-> "sticky" ],
           speculative |-> TRUE,
           eligible |-> TRUE,
           submitted |-> TRUE,
           cancelled |-> TRUE,
           consumed |-> FALSE ] >>,
  cache |-> (h1 :> <<>> @@ h2 :> <<>>),
  db |->
      [ next |-> 5,
        rv |-> 1,
        range |-> 4,
        info |->
            ( u1 :>
                  [ stage |-> "none",
                    result |-> [kind |-> "pending", value |-> "none"],
                    acceptedID |-> 0,
                    eventID |-> 0,
                    batchID |-> 0 ] @@
              u2 :>
                  [ stage |-> "none",
                    result |-> [kind |-> "pending", value |-> "none"],
                    acceptedID |-> 0,
                    eventID |-> 0,
                    batchID |-> 0 ] ),
        closed |-> FALSE,
        sticky |-> TRUE,
        task |->
            [ kind |-> "none",
              scheduled |-> 0,
              started |-> 0,
              startedTime |-> 0,
              attempt |-> 0,
              version |-> 1,
              stamp |-> 0,
              transient |-> FALSE,
              route |-> "normal" ],
        transfer |-> FALSE,
        events |-> <<>> ],
  ctx |->
      [ next |-> 5,
        generation |-> 4,
        rv |-> 1,
        range |-> 4,
        info |->
            ( u1 :>
                  [ stage |-> "none",
                    result |-> [kind |-> "pending", value |-> "none"],
                    acceptedID |-> 0,
                    eventID |-> 0,
                    batchID |-> 0 ] @@
              u2 :>
                  [ stage |-> "none",
                    result |-> [kind |-> "pending", value |-> "none"],
                    acceptedID |-> 0,
                    eventID |-> 0,
                    batchID |-> 0 ] ),
        closed |-> FALSE,
        sticky |-> TRUE,
        task |->
            [ kind |-> "Speculative",
              scheduled |-> 5,
              started |-> 0,
              startedTime |-> 0,
              attempt |-> 1,
              version |-> 1,
              stamp |-> 0,
              transient |-> FALSE,
              route |-> "sticky" ],
        transfer |-> FALSE,
        reg |-> (u1 :> 3 @@ u2 :> 2),
        loaded |-> FALSE,
        host |-> h1 ],
  active |->
      [ kind |-> "clear",
        result |-> [kind |-> "retry", value |-> "none"],
        oid |-> 2,
        prev |-> "Admitted" ],
  batch |-> <<>>,
  pc |-> "clearing",
  acquiring |-> FALSE,
  write |->
      [ next |-> 6,
        rv |-> 1,
        state |-> "noncommit",
        returned |-> TRUE,
        error |-> "processLost",
        range |-> 1,
        info |->
            ( u1 :>
                  [ stage |-> "none",
                    result |-> [kind |-> "pending", value |-> "none"],
                    acceptedID |-> 0,
                    eventID |-> 0,
                    batchID |-> 0 ] @@
              u2 :>
                  [ stage |-> "none",
                    result |-> [kind |-> "pending", value |-> "none"],
                    acceptedID |-> 0,
                    eventID |-> 0,
                    batchID |-> 0 ] ),
        closed |-> FALSE,
        sticky |-> TRUE,
        task |->
            [ kind |-> "Normal",
              scheduled |-> 5,
              started |-> 0,
              startedTime |-> 0,
              attempt |-> 1,
              version |-> 1,
              stamp |-> 0,
              transient |-> FALSE,
              route |-> "sticky" ],
        transfer |-> TRUE,
        events |->
            << [ result |-> [kind |-> "pending", value |-> "none"],
                 batchID |-> 5,
                 uid |-> "none",
                 key |->
                     [ namespace |-> "namespace",
                       workflow |-> "workflow",
                       run |-> "run",
                       eventID |-> 5,
                       version |-> 1 ],
                 type |-> "WFTScheduled" ] >> ],
  timerPointer |-> 0,
  physicalHistory |-> <<>>,
  returnPC |-> "idle",
  effects |-> <<>>,
  cancels |-> <<>>,
  second |-> "clearAccepted",
  clearTodo |-> {2},
  clearReturn |-> "idle",
  handler |-> "none",
  caller |-> "none",
  selected |-> 0,
  inlineWorker |-> 0,
  commands |-> <<>>,
  closeCommand |-> FALSE,
  rejectTodo |-> {},
  successor |-> FALSE,
  skip |-> FALSE,
  clock |-> 0,
  limitRaised |-> FALSE,
  calls |->
      ( c1 :>
            [ uid |-> u2,
              op |-> "update",
              waitStage |-> "COMPLETED",
              status |-> "acceptedCheck",
              oid |-> 2,
              expired |-> TRUE,
              reply |->
                  [ stage |-> "NONE",
                    result |-> [kind |-> "pending", value |-> "none"] ],
              active |-> TRUE ] @@
        c2 :>
            [ uid |-> u1,
              op |-> "update",
              waitStage |-> "COMPLETED",
              status |-> "done",
              oid |-> 3,
              expired |-> TRUE,
              reply |->
                  [ stage |-> "ADMITTED",
                    result |-> [kind |-> "pending", value |-> "none"] ],
              active |-> TRUE ] @@
        c3 :>
            [ uid |-> "none",
              op |-> "update",
              waitStage |-> "COMPLETED",
              status |-> "idle",
              oid |-> 0,
              expired |-> FALSE,
              reply |->
                  [ stage |-> "NONE",
                    result |-> [kind |-> "pending", value |-> "none"] ],
              active |-> FALSE ] @@
        c4 :>
            [ uid |-> "none",
              op |-> "update",
              waitStage |-> "COMPLETED",
              status |-> "idle",
              oid |-> 0,
              expired |-> FALSE,
              reply |->
                  [ stage |-> "NONE",
                    result |-> [kind |-> "pending", value |-> "none"] ],
              active |-> FALSE ] ),
  observed |->
      { [ stage |-> "ERROR",
          result |-> [kind |-> "retry", value |-> "none"],
          uid |-> u2,
          client |-> c1 ],
        [ stage |-> "ADMITTED",
          result |-> [kind |-> "pending", value |-> "none"],
          uid |-> u1,
          client |-> c2 ] },
  applied |-> {},
  timeoutApplications |-> {},
  everRequested |-> {u1, u2} ]
/\ faults = [ request |-> 2,
  callback |-> 0,
  normal |-> 1,
  matchingFailure |-> 1,
  ignore |-> 0,
  close |-> 0,
  noncommit |-> 1,
  uncertain |-> 0,
  appendTimeout |-> 0,
  lateError |-> 0,
  clear |-> 1,
  ownership |-> 2,
  restart |-> 0,
  timeout |-> 0,
  limit |-> 0,
  responseLoss |-> 1,
  crash |-> 1,
  duplicate |-> 0,
  workerLoss |-> 0 ]

State 51: <MCRetryUpdateWorkflowExecution(c2) line 361, col 5 to line 362, col 23 of module MC>
/\ s = [ dispatch |-> <<>>,
  matching |->
      << [ kind |-> "Speculative",
           scheduled |-> 5,
           started |-> 0,
           startedTime |-> 0,
           attempt |-> 1,
           version |-> 1,
           stamp |-> 0,
           transient |-> FALSE,
           route |-> "normal" ] >>,
  workers |-> <<>>,
  objects |->
      << [ generation |-> 2,
           acceptedID |-> 0,
           uid |-> u2,
           state |-> "Admitted",
           accepted |-> "pending",
           outcome |-> [kind |-> "pending", value |-> "none"],
           callbacks |-> FALSE ],
         [ generation |-> 4,
           acceptedID |-> 0,
           uid |-> u2,
           state |-> "Aborted",
           accepted |-> "pending",
           outcome |-> [kind |-> "retry", value |-> "none"],
           callbacks |-> FALSE ],
         [ generation |-> 4,
           acceptedID |-> 0,
           uid |-> u1,
           state |-> "Aborted",
           accepted |-> "retry",
           outcome |-> [kind |-> "retry", value |-> "none"],
           callbacks |-> FALSE ] >>,
  timers |->
      << [ timeout |-> "STS",
           task |->
               [ kind |-> "Speculative",
                 scheduled |-> 5,
                 started |-> 0,
                 startedTime |-> 0,
                 attempt |-> 1,
                 version |-> 1,
                 stamp |-> 0,
                 transient |-> FALSE,
                 route |-> "sticky" ],
           speculative |-> TRUE,
           eligible |-> TRUE,
           submitted |-> TRUE,
           cancelled |-> TRUE,
           consumed |-> FALSE ] >>,
  cache |-> (h1 :> <<>> @@ h2 :> <<>>),
  db |->
      [ next |-> 5,
        rv |-> 1,
        range |-> 4,
        info |->
            ( u1 :>
                  [ stage |-> "none",
                    result |-> [kind |-> "pending", value |-> "none"],
                    acceptedID |-> 0,
                    eventID |-> 0,
                    batchID |-> 0 ] @@
              u2 :>
                  [ stage |-> "none",
                    result |-> [kind |-> "pending", value |-> "none"],
                    acceptedID |-> 0,
                    eventID |-> 0,
                    batchID |-> 0 ] ),
        closed |-> FALSE,
        sticky |-> TRUE,
        task |->
            [ kind |-> "none",
              scheduled |-> 0,
              started |-> 0,
              startedTime |-> 0,
              attempt |-> 0,
              version |-> 1,
              stamp |-> 0,
              transient |-> FALSE,
              route |-> "normal" ],
        transfer |-> FALSE,
        events |-> <<>> ],
  ctx |->
      [ next |-> 5,
        generation |-> 4,
        rv |-> 1,
        range |-> 4,
        info |->
            ( u1 :>
                  [ stage |-> "none",
                    result |-> [kind |-> "pending", value |-> "none"],
                    acceptedID |-> 0,
                    eventID |-> 0,
                    batchID |-> 0 ] @@
              u2 :>
                  [ stage |-> "none",
                    result |-> [kind |-> "pending", value |-> "none"],
                    acceptedID |-> 0,
                    eventID |-> 0,
                    batchID |-> 0 ] ),
        closed |-> FALSE,
        sticky |-> TRUE,
        task |->
            [ kind |-> "Speculative",
              scheduled |-> 5,
              started |-> 0,
              startedTime |-> 0,
              attempt |-> 1,
              version |-> 1,
              stamp |-> 0,
              transient |-> FALSE,
              route |-> "sticky" ],
        transfer |-> FALSE,
        reg |-> (u1 :> 3 @@ u2 :> 2),
        loaded |-> FALSE,
        host |-> h1 ],
  active |->
      [ kind |-> "clear",
        result |-> [kind |-> "retry", value |-> "none"],
        oid |-> 2,
        prev |-> "Admitted" ],
  batch |-> <<>>,
  pc |-> "clearing",
  acquiring |-> FALSE,
  write |->
      [ next |-> 6,
        rv |-> 1,
        state |-> "noncommit",
        returned |-> TRUE,
        error |-> "processLost",
        range |-> 1,
        info |->
            ( u1 :>
                  [ stage |-> "none",
                    result |-> [kind |-> "pending", value |-> "none"],
                    acceptedID |-> 0,
                    eventID |-> 0,
                    batchID |-> 0 ] @@
              u2 :>
                  [ stage |-> "none",
                    result |-> [kind |-> "pending", value |-> "none"],
                    acceptedID |-> 0,
                    eventID |-> 0,
                    batchID |-> 0 ] ),
        closed |-> FALSE,
        sticky |-> TRUE,
        task |->
            [ kind |-> "Normal",
              scheduled |-> 5,
              started |-> 0,
              startedTime |-> 0,
              attempt |-> 1,
              version |-> 1,
              stamp |-> 0,
              transient |-> FALSE,
              route |-> "sticky" ],
        transfer |-> TRUE,
        events |->
            << [ result |-> [kind |-> "pending", value |-> "none"],
                 batchID |-> 5,
                 uid |-> "none",
                 key |->
                     [ namespace |-> "namespace",
                       workflow |-> "workflow",
                       run |-> "run",
                       eventID |-> 5,
                       version |-> 1 ],
                 type |-> "WFTScheduled" ] >> ],
  timerPointer |-> 0,
  physicalHistory |-> <<>>,
  returnPC |-> "idle",
  effects |-> <<>>,
  cancels |-> <<>>,
  second |-> "clearAccepted",
  clearTodo |-> {2},
  clearReturn |-> "idle",
  handler |-> "none",
  caller |-> "none",
  selected |-> 0,
  inlineWorker |-> 0,
  commands |-> <<>>,
  closeCommand |-> FALSE,
  rejectTodo |-> {},
  successor |-> FALSE,
  skip |-> FALSE,
  clock |-> 0,
  limitRaised |-> FALSE,
  calls |->
      ( c1 :>
            [ uid |-> u2,
              op |-> "update",
              waitStage |-> "COMPLETED",
              status |-> "acceptedCheck",
              oid |-> 2,
              expired |-> TRUE,
              reply |->
                  [ stage |-> "NONE",
                    result |-> [kind |-> "pending", value |-> "none"] ],
              active |-> TRUE ] @@
        c2 :>
            [ uid |-> u1,
              op |-> "update",
              waitStage |-> "COMPLETED",
              status |-> "request",
              oid |-> 0,
              expired |-> FALSE,
              reply |->
                  [ stage |-> "NONE",
                    result |-> [kind |-> "pending", value |-> "none"] ],
              active |-> TRUE ] @@
        c3 :>
            [ uid |-> "none",
              op |-> "update",
              waitStage |-> "COMPLETED",
              status |-> "idle",
              oid |-> 0,
              expired |-> FALSE,
              reply |->
                  [ stage |-> "NONE",
                    result |-> [kind |-> "pending", value |-> "none"] ],
              active |-> FALSE ] @@
        c4 :>
            [ uid |-> "none",
              op |-> "update",
              waitStage |-> "COMPLETED",
              status |-> "idle",
              oid |-> 0,
              expired |-> FALSE,
              reply |->
                  [ stage |-> "NONE",
                    result |-> [kind |-> "pending", value |-> "none"] ],
              active |-> FALSE ] ),
  observed |->
      { [ stage |-> "ERROR",
          result |-> [kind |-> "retry", value |-> "none"],
          uid |-> u2,
          client |-> c1 ],
        [ stage |-> "ADMITTED",
          result |-> [kind |-> "pending", value |-> "none"],
          uid |-> u1,
          client |-> c2 ] },
  applied |-> {},
  timeoutApplications |-> {},
  everRequested |-> {u1, u2} ]
/\ faults = [ request |-> 2,
  callback |-> 0,
  normal |-> 1,
  matchingFailure |-> 1,
  ignore |-> 0,
  close |-> 0,
  noncommit |-> 1,
  uncertain |-> 0,
  appendTimeout |-> 0,
  lateError |-> 0,
  clear |-> 1,
  ownership |-> 2,
  restart |-> 0,
  timeout |-> 0,
  limit |-> 0,
  responseLoss |-> 1,
  crash |-> 1,
  duplicate |-> 0,
  workerLoss |-> 0 ]

State 52: <MCRegistryClearAbortSecond line 243, col 5 to line 244, col 23 of module MC>
/\ s = [ dispatch |-> <<>>,
  matching |->
      << [ kind |-> "Speculative",
           scheduled |-> 5,
           started |-> 0,
           startedTime |-> 0,
           attempt |-> 1,
           version |-> 1,
           stamp |-> 0,
           transient |-> FALSE,
           route |-> "normal" ] >>,
  workers |-> <<>>,
  objects |->
      << [ generation |-> 2,
           acceptedID |-> 0,
           uid |-> u2,
           state |-> "Admitted",
           accepted |-> "pending",
           outcome |-> [kind |-> "pending", value |-> "none"],
           callbacks |-> FALSE ],
         [ generation |-> 4,
           acceptedID |-> 0,
           uid |-> u2,
           state |-> "Aborted",
           accepted |-> "retry",
           outcome |-> [kind |-> "retry", value |-> "none"],
           callbacks |-> FALSE ],
         [ generation |-> 4,
           acceptedID |-> 0,
           uid |-> u1,
           state |-> "Aborted",
           accepted |-> "retry",
           outcome |-> [kind |-> "retry", value |-> "none"],
           callbacks |-> FALSE ] >>,
  timers |->
      << [ timeout |-> "STS",
           task |->
               [ kind |-> "Speculative",
                 scheduled |-> 5,
                 started |-> 0,
                 startedTime |-> 0,
                 attempt |-> 1,
                 version |-> 1,
                 stamp |-> 0,
                 transient |-> FALSE,
                 route |-> "sticky" ],
           speculative |-> TRUE,
           eligible |-> TRUE,
           submitted |-> TRUE,
           cancelled |-> TRUE,
           consumed |-> FALSE ] >>,
  cache |-> (h1 :> <<>> @@ h2 :> <<>>),
  db |->
      [ next |-> 5,
        rv |-> 1,
        range |-> 4,
        info |->
            ( u1 :>
                  [ stage |-> "none",
                    result |-> [kind |-> "pending", value |-> "none"],
                    acceptedID |-> 0,
                    eventID |-> 0,
                    batchID |-> 0 ] @@
              u2 :>
                  [ stage |-> "none",
                    result |-> [kind |-> "pending", value |-> "none"],
                    acceptedID |-> 0,
                    eventID |-> 0,
                    batchID |-> 0 ] ),
        closed |-> FALSE,
        sticky |-> TRUE,
        task |->
            [ kind |-> "none",
              scheduled |-> 0,
              started |-> 0,
              startedTime |-> 0,
              attempt |-> 0,
              version |-> 1,
              stamp |-> 0,
              transient |-> FALSE,
              route |-> "normal" ],
        transfer |-> FALSE,
        events |-> <<>> ],
  ctx |->
      [ next |-> 5,
        generation |-> 4,
        rv |-> 1,
        range |-> 4,
        info |->
            ( u1 :>
                  [ stage |-> "none",
                    result |-> [kind |-> "pending", value |-> "none"],
                    acceptedID |-> 0,
                    eventID |-> 0,
                    batchID |-> 0 ] @@
              u2 :>
                  [ stage |-> "none",
                    result |-> [kind |-> "pending", value |-> "none"],
                    acceptedID |-> 0,
                    eventID |-> 0,
                    batchID |-> 0 ] ),
        closed |-> FALSE,
        sticky |-> TRUE,
        task |->
            [ kind |-> "Speculative",
              scheduled |-> 5,
              started |-> 0,
              startedTime |-> 0,
              attempt |-> 1,
              version |-> 1,
              stamp |-> 0,
              transient |-> FALSE,
              route |-> "sticky" ],
        transfer |-> FALSE,
        reg |-> (u1 :> 3 @@ u2 :> 2),
        loaded |-> FALSE,
        host |-> h1 ],
  active |->
      [ kind |-> "none",
        result |-> [kind |-> "pending", value |-> "none"],
        oid |-> 0,
        prev |-> "none" ],
  batch |-> <<>>,
  pc |-> "clearing",
  acquiring |-> FALSE,
  write |->
      [ next |-> 6,
        rv |-> 1,
        state |-> "noncommit",
        returned |-> TRUE,
        error |-> "processLost",
        range |-> 1,
        info |->
            ( u1 :>
                  [ stage |-> "none",
                    result |-> [kind |-> "pending", value |-> "none"],
                    acceptedID |-> 0,
                    eventID |-> 0,
                    batchID |-> 0 ] @@
              u2 :>
                  [ stage |-> "none",
                    result |-> [kind |-> "pending", value |-> "none"],
                    acceptedID |-> 0,
                    eventID |-> 0,
                    batchID |-> 0 ] ),
        closed |-> FALSE,
        sticky |-> TRUE,
        task |->
            [ kind |-> "Normal",
              scheduled |-> 5,
              started |-> 0,
              startedTime |-> 0,
              attempt |-> 1,
              version |-> 1,
              stamp |-> 0,
              transient |-> FALSE,
              route |-> "sticky" ],
        transfer |-> TRUE,
        events |->
            << [ result |-> [kind |-> "pending", value |-> "none"],
                 batchID |-> 5,
                 uid |-> "none",
                 key |->
                     [ namespace |-> "namespace",
                       workflow |-> "workflow",
                       run |-> "run",
                       eventID |-> 5,
                       version |-> 1 ],
                 type |-> "WFTScheduled" ] >> ],
  timerPointer |-> 0,
  physicalHistory |-> <<>>,
  returnPC |-> "idle",
  effects |-> <<>>,
  cancels |-> <<>>,
  second |-> "none",
  clearTodo |-> {},
  clearReturn |-> "idle",
  handler |-> "none",
  caller |-> "none",
  selected |-> 0,
  inlineWorker |-> 0,
  commands |-> <<>>,
  closeCommand |-> FALSE,
  rejectTodo |-> {},
  successor |-> FALSE,
  skip |-> FALSE,
  clock |-> 0,
  limitRaised |-> FALSE,
  calls |->
      ( c1 :>
            [ uid |-> u2,
              op |-> "update",
              waitStage |-> "COMPLETED",
              status |-> "acceptedCheck",
              oid |-> 2,
              expired |-> TRUE,
              reply |->
                  [ stage |-> "NONE",
                    result |-> [kind |-> "pending", value |-> "none"] ],
              active |-> TRUE ] @@
        c2 :>
            [ uid |-> u1,
              op |-> "update",
              waitStage |-> "COMPLETED",
              status |-> "request",
              oid |-> 0,
              expired |-> FALSE,
              reply |->
                  [ stage |-> "NONE",
                    result |-> [kind |-> "pending", value |-> "none"] ],
              active |-> TRUE ] @@
        c3 :>
            [ uid |-> "none",
              op |-> "update",
              waitStage |-> "COMPLETED",
              status |-> "idle",
              oid |-> 0,
              expired |-> FALSE,
              reply |->
                  [ stage |-> "NONE",
                    result |-> [kind |-> "pending", value |-> "none"] ],
              active |-> FALSE ] @@
        c4 :>
            [ uid |-> "none",
              op |-> "update",
              waitStage |-> "COMPLETED",
              status |-> "idle",
              oid |-> 0,
              expired |-> FALSE,
              reply |->
                  [ stage |-> "NONE",
                    result |-> [kind |-> "pending", value |-> "none"] ],
              active |-> FALSE ] ),
  observed |->
      { [ stage |-> "ERROR",
          result |-> [kind |-> "retry", value |-> "none"],
          uid |-> u2,
          client |-> c1 ],
        [ stage |-> "ADMITTED",
          result |-> [kind |-> "pending", value |-> "none"],
          uid |-> u1,
          client |-> c2 ] },
  applied |-> {},
  timeoutApplications |-> {},
  everRequested |-> {u1, u2} ]
/\ faults = [ request |-> 2,
  callback |-> 0,
  normal |-> 1,
  matchingFailure |-> 1,
  ignore |-> 0,
  close |-> 0,
  noncommit |-> 1,
  uncertain |-> 0,
  appendTimeout |-> 0,
  lateError |-> 0,
  clear |-> 1,
  ownership |-> 2,
  restart |-> 0,
  timeout |-> 0,
  limit |-> 0,
  responseLoss |-> 1,
  crash |-> 1,
  duplicate |-> 0,
  workerLoss |-> 0 ]

State 53: <MCContextClearDone line 247, col 5 to line 248, col 23 of module MC>
/\ s = [ dispatch |-> <<>>,
  matching |->
      << [ kind |-> "Speculative",
           scheduled |-> 5,
           started |-> 0,
           startedTime |-> 0,
           attempt |-> 1,
           version |-> 1,
           stamp |-> 0,
           transient |-> FALSE,
           route |-> "normal" ] >>,
  workers |-> <<>>,
  objects |->
      << [ generation |-> 2,
           acceptedID |-> 0,
           uid |-> u2,
           state |-> "Admitted",
           accepted |-> "pending",
           outcome |-> [kind |-> "pending", value |-> "none"],
           callbacks |-> FALSE ],
         [ generation |-> 4,
           acceptedID |-> 0,
           uid |-> u2,
           state |-> "Aborted",
           accepted |-> "retry",
           outcome |-> [kind |-> "retry", value |-> "none"],
           callbacks |-> FALSE ],
         [ generation |-> 4,
           acceptedID |-> 0,
           uid |-> u1,
           state |-> "Aborted",
           accepted |-> "retry",
           outcome |-> [kind |-> "retry", value |-> "none"],
           callbacks |-> FALSE ] >>,
  timers |->
      << [ timeout |-> "STS",
           task |->
               [ kind |-> "Speculative",
                 scheduled |-> 5,
                 started |-> 0,
                 startedTime |-> 0,
                 attempt |-> 1,
                 version |-> 1,
                 stamp |-> 0,
                 transient |-> FALSE,
                 route |-> "sticky" ],
           speculative |-> TRUE,
           eligible |-> TRUE,
           submitted |-> TRUE,
           cancelled |-> TRUE,
           consumed |-> FALSE ] >>,
  cache |-> (h1 :> <<>> @@ h2 :> <<>>),
  db |->
      [ next |-> 5,
        rv |-> 1,
        range |-> 4,
        info |->
            ( u1 :>
                  [ stage |-> "none",
                    result |-> [kind |-> "pending", value |-> "none"],
                    acceptedID |-> 0,
                    eventID |-> 0,
                    batchID |-> 0 ] @@
              u2 :>
                  [ stage |-> "none",
                    result |-> [kind |-> "pending", value |-> "none"],
                    acceptedID |-> 0,
                    eventID |-> 0,
                    batchID |-> 0 ] ),
        closed |-> FALSE,
        sticky |-> TRUE,
        task |->
            [ kind |-> "none",
              scheduled |-> 0,
              started |-> 0,
              startedTime |-> 0,
              attempt |-> 0,
              version |-> 1,
              stamp |-> 0,
              transient |-> FALSE,
              route |-> "normal" ],
        transfer |-> FALSE,
        events |-> <<>> ],
  ctx |->
      [ next |-> 5,
        generation |-> 4,
        rv |-> 1,
        range |-> 4,
        info |->
            ( u1 :>
                  [ stage |-> "none",
                    result |-> [kind |-> "pending", value |-> "none"],
                    acceptedID |-> 0,
                    eventID |-> 0,
                    batchID |-> 0 ] @@
              u2 :>
                  [ stage |-> "none",
                    result |-> [kind |-> "pending", value |-> "none"],
                    acceptedID |-> 0,
                    eventID |-> 0,
                    batchID |-> 0 ] ),
        closed |-> FALSE,
        sticky |-> TRUE,
        task |->
            [ kind |-> "none",
              scheduled |-> 0,
              started |-> 0,
              startedTime |-> 0,
              attempt |-> 0,
              version |-> 1,
              stamp |-> 0,
              transient |-> FALSE,
              route |-> "normal" ],
        transfer |-> FALSE,
        reg |-> (u1 :> 0 @@ u2 :> 0),
        loaded |-> FALSE,
        host |-> h1 ],
  active |->
      [ kind |-> "none",
        result |-> [kind |-> "pending", value |-> "none"],
        oid |-> 0,
        prev |-> "none" ],
  batch |-> <<>>,
  pc |-> "idle",
  acquiring |-> FALSE,
  write |->
      [ next |-> 6,
        rv |-> 1,
        state |-> "noncommit",
        returned |-> TRUE,
        error |-> "processLost",
        range |-> 1,
        info |->
            ( u1 :>
                  [ stage |-> "none",
                    result |-> [kind |-> "pending", value |-> "none"],
                    acceptedID |-> 0,
                    eventID |-> 0,
                    batchID |-> 0 ] @@
              u2 :>
                  [ stage |-> "none",
                    result |-> [kind |-> "pending", value |-> "none"],
                    acceptedID |-> 0,
                    eventID |-> 0,
                    batchID |-> 0 ] ),
        closed |-> FALSE,
        sticky |-> TRUE,
        task |->
            [ kind |-> "Normal",
              scheduled |-> 5,
              started |-> 0,
              startedTime |-> 0,
              attempt |-> 1,
              version |-> 1,
              stamp |-> 0,
              transient |-> FALSE,
              route |-> "sticky" ],
        transfer |-> TRUE,
        events |->
            << [ result |-> [kind |-> "pending", value |-> "none"],
                 batchID |-> 5,
                 uid |-> "none",
                 key |->
                     [ namespace |-> "namespace",
                       workflow |-> "workflow",
                       run |-> "run",
                       eventID |-> 5,
                       version |-> 1 ],
                 type |-> "WFTScheduled" ] >> ],
  timerPointer |-> 0,
  physicalHistory |-> <<>>,
  returnPC |-> "idle",
  effects |-> <<>>,
  cancels |-> <<>>,
  second |-> "none",
  clearTodo |-> {},
  clearReturn |-> "idle",
  handler |-> "none",
  caller |-> "none",
  selected |-> 0,
  inlineWorker |-> 0,
  commands |-> <<>>,
  closeCommand |-> FALSE,
  rejectTodo |-> {},
  successor |-> FALSE,
  skip |-> FALSE,
  clock |-> 0,
  limitRaised |-> FALSE,
  calls |->
      ( c1 :>
            [ uid |-> u2,
              op |-> "update",
              waitStage |-> "COMPLETED",
              status |-> "acceptedCheck",
              oid |-> 2,
              expired |-> TRUE,
              reply |->
                  [ stage |-> "NONE",
                    result |-> [kind |-> "pending", value |-> "none"] ],
              active |-> TRUE ] @@
        c2 :>
            [ uid |-> u1,
              op |-> "update",
              waitStage |-> "COMPLETED",
              status |-> "request",
              oid |-> 0,
              expired |-> FALSE,
              reply |->
                  [ stage |-> "NONE",
                    result |-> [kind |-> "pending", value |-> "none"] ],
              active |-> TRUE ] @@
        c3 :>
            [ uid |-> "none",
              op |-> "update",
              waitStage |-> "COMPLETED",
              status |-> "idle",
              oid |-> 0,
              expired |-> FALSE,
              reply |->
                  [ stage |-> "NONE",
                    result |-> [kind |-> "pending", value |-> "none"] ],
              active |-> FALSE ] @@
        c4 :>
            [ uid |-> "none",
              op |-> "update",
              waitStage |-> "COMPLETED",
              status |-> "idle",
              oid |-> 0,
              expired |-> FALSE,
              reply |->
                  [ stage |-> "NONE",
                    result |-> [kind |-> "pending", value |-> "none"] ],
              active |-> FALSE ] ),
  observed |->
      { [ stage |-> "ERROR",
          result |-> [kind |-> "retry", value |-> "none"],
          uid |-> u2,
          client |-> c1 ],
        [ stage |-> "ADMITTED",
          result |-> [kind |-> "pending", value |-> "none"],
          uid |-> u1,
          client |-> c2 ] },
  applied |-> {},
  timeoutApplications |-> {},
  everRequested |-> {u1, u2} ]
/\ faults = [ request |-> 2,
  callback |-> 0,
  normal |-> 1,
  matchingFailure |-> 1,
  ignore |-> 0,
  close |-> 0,
  noncommit |-> 1,
  uncertain |-> 0,
  appendTimeout |-> 0,
  lateError |-> 0,
  clear |-> 1,
  ownership |-> 2,
  restart |-> 0,
  timeout |-> 0,
  limit |-> 0,
  responseLoss |-> 1,
  crash |-> 1,
  duplicate |-> 0,
  workerLoss |-> 0 ]

State 54: <MCWaitLifecycleStageAccepted(c1) line 336, col 5 to line 337, col 23 of module MC>
/\ s = [ dispatch |-> <<>>,
  matching |->
      << [ kind |-> "Speculative",
           scheduled |-> 5,
           started |-> 0,
           startedTime |-> 0,
           attempt |-> 1,
           version |-> 1,
           stamp |-> 0,
           transient |-> FALSE,
           route |-> "normal" ] >>,
  workers |-> <<>>,
  objects |->
      << [ generation |-> 2,
           acceptedID |-> 0,
           uid |-> u2,
           state |-> "Admitted",
           accepted |-> "pending",
           outcome |-> [kind |-> "pending", value |-> "none"],
           callbacks |-> FALSE ],
         [ generation |-> 4,
           acceptedID |-> 0,
           uid |-> u2,
           state |-> "Aborted",
           accepted |-> "retry",
           outcome |-> [kind |-> "retry", value |-> "none"],
           callbacks |-> FALSE ],
         [ generation |-> 4,
           acceptedID |-> 0,
           uid |-> u1,
           state |-> "Aborted",
           accepted |-> "retry",
           outcome |-> [kind |-> "retry", value |-> "none"],
           callbacks |-> FALSE ] >>,
  timers |->
      << [ timeout |-> "STS",
           task |->
               [ kind |-> "Speculative",
                 scheduled |-> 5,
                 started |-> 0,
                 startedTime |-> 0,
                 attempt |-> 1,
                 version |-> 1,
                 stamp |-> 0,
                 transient |-> FALSE,
                 route |-> "sticky" ],
           speculative |-> TRUE,
           eligible |-> TRUE,
           submitted |-> TRUE,
           cancelled |-> TRUE,
           consumed |-> FALSE ] >>,
  cache |-> (h1 :> <<>> @@ h2 :> <<>>),
  db |->
      [ next |-> 5,
        rv |-> 1,
        range |-> 4,
        info |->
            ( u1 :>
                  [ stage |-> "none",
                    result |-> [kind |-> "pending", value |-> "none"],
                    acceptedID |-> 0,
                    eventID |-> 0,
                    batchID |-> 0 ] @@
              u2 :>
                  [ stage |-> "none",
                    result |-> [kind |-> "pending", value |-> "none"],
                    acceptedID |-> 0,
                    eventID |-> 0,
                    batchID |-> 0 ] ),
        closed |-> FALSE,
        sticky |-> TRUE,
        task |->
            [ kind |-> "none",
              scheduled |-> 0,
              started |-> 0,
              startedTime |-> 0,
              attempt |-> 0,
              version |-> 1,
              stamp |-> 0,
              transient |-> FALSE,
              route |-> "normal" ],
        transfer |-> FALSE,
        events |-> <<>> ],
  ctx |->
      [ next |-> 5,
        generation |-> 4,
        rv |-> 1,
        range |-> 4,
        info |->
            ( u1 :>
                  [ stage |-> "none",
                    result |-> [kind |-> "pending", value |-> "none"],
                    acceptedID |-> 0,
                    eventID |-> 0,
                    batchID |-> 0 ] @@
              u2 :>
                  [ stage |-> "none",
                    result |-> [kind |-> "pending", value |-> "none"],
                    acceptedID |-> 0,
                    eventID |-> 0,
                    batchID |-> 0 ] ),
        closed |-> FALSE,
        sticky |-> TRUE,
        task |->
            [ kind |-> "none",
              scheduled |-> 0,
              started |-> 0,
              startedTime |-> 0,
              attempt |-> 0,
              version |-> 1,
              stamp |-> 0,
              transient |-> FALSE,
              route |-> "normal" ],
        transfer |-> FALSE,
        reg |-> (u1 :> 0 @@ u2 :> 0),
        loaded |-> FALSE,
        host |-> h1 ],
  active |->
      [ kind |-> "none",
        result |-> [kind |-> "pending", value |-> "none"],
        oid |-> 0,
        prev |-> "none" ],
  batch |-> <<>>,
  pc |-> "idle",
  acquiring |-> FALSE,
  write |->
      [ next |-> 6,
        rv |-> 1,
        state |-> "noncommit",
        returned |-> TRUE,
        error |-> "processLost",
        range |-> 1,
        info |->
            ( u1 :>
                  [ stage |-> "none",
                    result |-> [kind |-> "pending", value |-> "none"],
                    acceptedID |-> 0,
                    eventID |-> 0,
                    batchID |-> 0 ] @@
              u2 :>
                  [ stage |-> "none",
                    result |-> [kind |-> "pending", value |-> "none"],
                    acceptedID |-> 0,
                    eventID |-> 0,
                    batchID |-> 0 ] ),
        closed |-> FALSE,
        sticky |-> TRUE,
        task |->
            [ kind |-> "Normal",
              scheduled |-> 5,
              started |-> 0,
              startedTime |-> 0,
              attempt |-> 1,
              version |-> 1,
              stamp |-> 0,
              transient |-> FALSE,
              route |-> "sticky" ],
        transfer |-> TRUE,
        events |->
            << [ result |-> [kind |-> "pending", value |-> "none"],
                 batchID |-> 5,
                 uid |-> "none",
                 key |->
                     [ namespace |-> "namespace",
                       workflow |-> "workflow",
                       run |-> "run",
                       eventID |-> 5,
                       version |-> 1 ],
                 type |-> "WFTScheduled" ] >> ],
  timerPointer |-> 0,
  physicalHistory |-> <<>>,
  returnPC |-> "idle",
  effects |-> <<>>,
  cancels |-> <<>>,
  second |-> "none",
  clearTodo |-> {},
  clearReturn |-> "idle",
  handler |-> "none",
  caller |-> "none",
  selected |-> 0,
  inlineWorker |-> 0,
  commands |-> <<>>,
  closeCommand |-> FALSE,
  rejectTodo |-> {},
  successor |-> FALSE,
  skip |-> FALSE,
  clock |-> 0,
  limitRaised |-> FALSE,
  calls |->
      ( c1 :>
            [ uid |-> u2,
              op |-> "update",
              waitStage |-> "COMPLETED",
              status |-> "reply",
              oid |-> 2,
              expired |-> TRUE,
              reply |->
                  [ stage |-> "ERROR",
                    result |-> [kind |-> "retry", value |-> "none"] ],
              active |-> TRUE ] @@
        c2 :>
            [ uid |-> u1,
              op |-> "update",
              waitStage |-> "COMPLETED",
              status |-> "request",
              oid |-> 0,
              expired |-> FALSE,
              reply |->
                  [ stage |-> "NONE",
                    result |-> [kind |-> "pending", value |-> "none"] ],
              active |-> TRUE ] @@
        c3 :>
            [ uid |-> "none",
              op |-> "update",
              waitStage |-> "COMPLETED",
              status |-> "idle",
              oid |-> 0,
              expired |-> FALSE,
              reply |->
                  [ stage |-> "NONE",
                    result |-> [kind |-> "pending", value |-> "none"] ],
              active |-> FALSE ] @@
        c4 :>
            [ uid |-> "none",
              op |-> "update",
              waitStage |-> "COMPLETED",
              status |-> "idle",
              oid |-> 0,
              expired |-> FALSE,
              reply |->
                  [ stage |-> "NONE",
                    result |-> [kind |-> "pending", value |-> "none"] ],
              active |-> FALSE ] ),
  observed |->
      { [ stage |-> "ERROR",
          result |-> [kind |-> "retry", value |-> "none"],
          uid |-> u2,
          client |-> c1 ],
        [ stage |-> "ADMITTED",
          result |-> [kind |-> "pending", value |-> "none"],
          uid |-> u1,
          client |-> c2 ] },
  applied |-> {},
  timeoutApplications |-> {},
  everRequested |-> {u1, u2} ]
/\ faults = [ request |-> 2,
  callback |-> 0,
  normal |-> 1,
  matchingFailure |-> 1,
  ignore |-> 0,
  close |-> 0,
  noncommit |-> 1,
  uncertain |-> 0,
  appendTimeout |-> 0,
  lateError |-> 0,
  clear |-> 1,
  ownership |-> 2,
  restart |-> 0,
  timeout |-> 0,
  limit |-> 0,
  responseLoss |-> 1,
  crash |-> 1,
  duplicate |-> 0,
  workerLoss |-> 0 ]

State 55: <MCLoadMutableState line 273, col 5 to line 274, col 23 of module MC>
/\ s = [ dispatch |-> <<>>,
  matching |->
      << [ kind |-> "Speculative",
           scheduled |-> 5,
           started |-> 0,
           startedTime |-> 0,
           attempt |-> 1,
           version |-> 1,
           stamp |-> 0,
           transient |-> FALSE,
           route |-> "normal" ] >>,
  workers |-> <<>>,
  objects |->
      << [ generation |-> 2,
           acceptedID |-> 0,
           uid |-> u2,
           state |-> "Admitted",
           accepted |-> "pending",
           outcome |-> [kind |-> "pending", value |-> "none"],
           callbacks |-> FALSE ],
         [ generation |-> 4,
           acceptedID |-> 0,
           uid |-> u2,
           state |-> "Aborted",
           accepted |-> "retry",
           outcome |-> [kind |-> "retry", value |-> "none"],
           callbacks |-> FALSE ],
         [ generation |-> 4,
           acceptedID |-> 0,
           uid |-> u1,
           state |-> "Aborted",
           accepted |-> "retry",
           outcome |-> [kind |-> "retry", value |-> "none"],
           callbacks |-> FALSE ] >>,
  timers |->
      << [ timeout |-> "STS",
           task |->
               [ kind |-> "Speculative",
                 scheduled |-> 5,
                 started |-> 0,
                 startedTime |-> 0,
                 attempt |-> 1,
                 version |-> 1,
                 stamp |-> 0,
                 transient |-> FALSE,
                 route |-> "sticky" ],
           speculative |-> TRUE,
           eligible |-> TRUE,
           submitted |-> TRUE,
           cancelled |-> TRUE,
           consumed |-> FALSE ] >>,
  cache |-> (h1 :> <<>> @@ h2 :> <<>>),
  db |->
      [ next |-> 5,
        rv |-> 1,
        range |-> 4,
        info |->
            ( u1 :>
                  [ stage |-> "none",
                    result |-> [kind |-> "pending", value |-> "none"],
                    acceptedID |-> 0,
                    eventID |-> 0,
                    batchID |-> 0 ] @@
              u2 :>
                  [ stage |-> "none",
                    result |-> [kind |-> "pending", value |-> "none"],
                    acceptedID |-> 0,
                    eventID |-> 0,
                    batchID |-> 0 ] ),
        closed |-> FALSE,
        sticky |-> TRUE,
        task |->
            [ kind |-> "none",
              scheduled |-> 0,
              started |-> 0,
              startedTime |-> 0,
              attempt |-> 0,
              version |-> 1,
              stamp |-> 0,
              transient |-> FALSE,
              route |-> "normal" ],
        transfer |-> FALSE,
        events |-> <<>> ],
  ctx |->
      [ next |-> 5,
        generation |-> 5,
        rv |-> 1,
        range |-> 4,
        info |->
            ( u1 :>
                  [ stage |-> "none",
                    result |-> [kind |-> "pending", value |-> "none"],
                    acceptedID |-> 0,
                    eventID |-> 0,
                    batchID |-> 0 ] @@
              u2 :>
                  [ stage |-> "none",
                    result |-> [kind |-> "pending", value |-> "none"],
                    acceptedID |-> 0,
                    eventID |-> 0,
                    batchID |-> 0 ] ),
        closed |-> FALSE,
        sticky |-> TRUE,
        task |->
            [ kind |-> "none",
              scheduled |-> 0,
              started |-> 0,
              startedTime |-> 0,
              attempt |-> 0,
              version |-> 1,
              stamp |-> 0,
              transient |-> FALSE,
              route |-> "normal" ],
        transfer |-> FALSE,
        reg |-> (u1 :> 0 @@ u2 :> 0),
        loaded |-> TRUE,
        host |-> h1 ],
  active |->
      [ kind |-> "none",
        result |-> [kind |-> "pending", value |-> "none"],
        oid |-> 0,
        prev |-> "none" ],
  batch |-> <<>>,
  pc |-> "idle",
  acquiring |-> FALSE,
  write |->
      [ next |-> 6,
        rv |-> 1,
        state |-> "noncommit",
        returned |-> TRUE,
        error |-> "processLost",
        range |-> 1,
        info |->
            ( u1 :>
                  [ stage |-> "none",
                    result |-> [kind |-> "pending", value |-> "none"],
                    acceptedID |-> 0,
                    eventID |-> 0,
                    batchID |-> 0 ] @@
              u2 :>
                  [ stage |-> "none",
                    result |-> [kind |-> "pending", value |-> "none"],
                    acceptedID |-> 0,
                    eventID |-> 0,
                    batchID |-> 0 ] ),
        closed |-> FALSE,
        sticky |-> TRUE,
        task |->
            [ kind |-> "Normal",
              scheduled |-> 5,
              started |-> 0,
              startedTime |-> 0,
              attempt |-> 1,
              version |-> 1,
              stamp |-> 0,
              transient |-> FALSE,
              route |-> "sticky" ],
        transfer |-> TRUE,
        events |->
            << [ result |-> [kind |-> "pending", value |-> "none"],
                 batchID |-> 5,
                 uid |-> "none",
                 key |->
                     [ namespace |-> "namespace",
                       workflow |-> "workflow",
                       run |-> "run",
                       eventID |-> 5,
                       version |-> 1 ],
                 type |-> "WFTScheduled" ] >> ],
  timerPointer |-> 0,
  physicalHistory |-> <<>>,
  returnPC |-> "idle",
  effects |-> <<>>,
  cancels |-> <<>>,
  second |-> "none",
  clearTodo |-> {},
  clearReturn |-> "idle",
  handler |-> "none",
  caller |-> "none",
  selected |-> 0,
  inlineWorker |-> 0,
  commands |-> <<>>,
  closeCommand |-> FALSE,
  rejectTodo |-> {},
  successor |-> FALSE,
  skip |-> FALSE,
  clock |-> 0,
  limitRaised |-> FALSE,
  calls |->
      ( c1 :>
            [ uid |-> u2,
              op |-> "update",
              waitStage |-> "COMPLETED",
              status |-> "reply",
              oid |-> 2,
              expired |-> TRUE,
              reply |->
                  [ stage |-> "ERROR",
                    result |-> [kind |-> "retry", value |-> "none"] ],
              active |-> TRUE ] @@
        c2 :>
            [ uid |-> u1,
              op |-> "update",
              waitStage |-> "COMPLETED",
              status |-> "request",
              oid |-> 0,
              expired |-> FALSE,
              reply |->
                  [ stage |-> "NONE",
                    result |-> [kind |-> "pending", value |-> "none"] ],
              active |-> TRUE ] @@
        c3 :>
            [ uid |-> "none",
              op |-> "update",
              waitStage |-> "COMPLETED",
              status |-> "idle",
              oid |-> 0,
              expired |-> FALSE,
              reply |->
                  [ stage |-> "NONE",
                    result |-> [kind |-> "pending", value |-> "none"] ],
              active |-> FALSE ] @@
        c4 :>
            [ uid |-> "none",
              op |-> "update",
              waitStage |-> "COMPLETED",
              status |-> "idle",
              oid |-> 0,
              expired |-> FALSE,
              reply |->
                  [ stage |-> "NONE",
                    result |-> [kind |-> "pending", value |-> "none"] ],
              active |-> FALSE ] ),
  observed |->
      { [ stage |-> "ERROR",
          result |-> [kind |-> "retry", value |-> "none"],
          uid |-> u2,
          client |-> c1 ],
        [ stage |-> "ADMITTED",
          result |-> [kind |-> "pending", value |-> "none"],
          uid |-> u1,
          client |-> c2 ] },
  applied |-> {},
  timeoutApplications |-> {},
  everRequested |-> {u1, u2} ]
/\ faults = [ request |-> 2,
  callback |-> 0,
  normal |-> 1,
  matchingFailure |-> 1,
  ignore |-> 0,
  close |-> 0,
  noncommit |-> 1,
  uncertain |-> 0,
  appendTimeout |-> 0,
  lateError |-> 0,
  clear |-> 1,
  ownership |-> 2,
  restart |-> 0,
  timeout |-> 0,
  limit |-> 0,
  responseLoss |-> 1,
  crash |-> 1,
  duplicate |-> 0,
  workerLoss |-> 0 ]

State 56: <MCCreateUpdateResponse(c1) line 348, col 5 to line 349, col 23 of module MC>
/\ s = [ dispatch |-> <<>>,
  matching |->
      << [ kind |-> "Speculative",
           scheduled |-> 5,
           started |-> 0,
           startedTime |-> 0,
           attempt |-> 1,
           version |-> 1,
           stamp |-> 0,
           transient |-> FALSE,
           route |-> "normal" ] >>,
  workers |-> <<>>,
  objects |->
      << [ generation |-> 2,
           acceptedID |-> 0,
           uid |-> u2,
           state |-> "Admitted",
           accepted |-> "pending",
           outcome |-> [kind |-> "pending", value |-> "none"],
           callbacks |-> FALSE ],
         [ generation |-> 4,
           acceptedID |-> 0,
           uid |-> u2,
           state |-> "Aborted",
           accepted |-> "retry",
           outcome |-> [kind |-> "retry", value |-> "none"],
           callbacks |-> FALSE ],
         [ generation |-> 4,
           acceptedID |-> 0,
           uid |-> u1,
           state |-> "Aborted",
           accepted |-> "retry",
           outcome |-> [kind |-> "retry", value |-> "none"],
           callbacks |-> FALSE ] >>,
  timers |->
      << [ timeout |-> "STS",
           task |->
               [ kind |-> "Speculative",
                 scheduled |-> 5,
                 started |-> 0,
                 startedTime |-> 0,
                 attempt |-> 1,
                 version |-> 1,
                 stamp |-> 0,
                 transient |-> FALSE,
                 route |-> "sticky" ],
           speculative |-> TRUE,
           eligible |-> TRUE,
           submitted |-> TRUE,
           cancelled |-> TRUE,
           consumed |-> FALSE ] >>,
  cache |-> (h1 :> <<>> @@ h2 :> <<>>),
  db |->
      [ next |-> 5,
        rv |-> 1,
        range |-> 4,
        info |->
            ( u1 :>
                  [ stage |-> "none",
                    result |-> [kind |-> "pending", value |-> "none"],
                    acceptedID |-> 0,
                    eventID |-> 0,
                    batchID |-> 0 ] @@
              u2 :>
                  [ stage |-> "none",
                    result |-> [kind |-> "pending", value |-> "none"],
                    acceptedID |-> 0,
                    eventID |-> 0,
                    batchID |-> 0 ] ),
        closed |-> FALSE,
        sticky |-> TRUE,
        task |->
            [ kind |-> "none",
              scheduled |-> 0,
              started |-> 0,
              startedTime |-> 0,
              attempt |-> 0,
              version |-> 1,
              stamp |-> 0,
              transient |-> FALSE,
              route |-> "normal" ],
        transfer |-> FALSE,
        events |-> <<>> ],
  ctx |->
      [ next |-> 5,
        generation |-> 5,
        rv |-> 1,
        range |-> 4,
        info |->
            ( u1 :>
                  [ stage |-> "none",
                    result |-> [kind |-> "pending", value |-> "none"],
                    acceptedID |-> 0,
                    eventID |-> 0,
                    batchID |-> 0 ] @@
              u2 :>
                  [ stage |-> "none",
                    result |-> [kind |-> "pending", value |-> "none"],
                    acceptedID |-> 0,
                    eventID |-> 0,
                    batchID |-> 0 ] ),
        closed |-> FALSE,
        sticky |-> TRUE,
        task |->
            [ kind |-> "none",
              scheduled |-> 0,
              started |-> 0,
              startedTime |-> 0,
              attempt |-> 0,
              version |-> 1,
              stamp |-> 0,
              transient |-> FALSE,
              route |-> "normal" ],
        transfer |-> FALSE,
        reg |-> (u1 :> 0 @@ u2 :> 0),
        loaded |-> TRUE,
        host |-> h1 ],
  active |->
      [ kind |-> "none",
        result |-> [kind |-> "pending", value |-> "none"],
        oid |-> 0,
        prev |-> "none" ],
  batch |-> <<>>,
  pc |-> "idle",
  acquiring |-> FALSE,
  write |->
      [ next |-> 6,
        rv |-> 1,
        state |-> "noncommit",
        returned |-> TRUE,
        error |-> "processLost",
        range |-> 1,
        info |->
            ( u1 :>
                  [ stage |-> "none",
                    result |-> [kind |-> "pending", value |-> "none"],
                    acceptedID |-> 0,
                    eventID |-> 0,
                    batchID |-> 0 ] @@
              u2 :>
                  [ stage |-> "none",
                    result |-> [kind |-> "pending", value |-> "none"],
                    acceptedID |-> 0,
                    eventID |-> 0,
                    batchID |-> 0 ] ),
        closed |-> FALSE,
        sticky |-> TRUE,
        task |->
            [ kind |-> "Normal",
              scheduled |-> 5,
              started |-> 0,
              startedTime |-> 0,
              attempt |-> 1,
              version |-> 1,
              stamp |-> 0,
              transient |-> FALSE,
              route |-> "sticky" ],
        transfer |-> TRUE,
        events |->
            << [ result |-> [kind |-> "pending", value |-> "none"],
                 batchID |-> 5,
                 uid |-> "none",
                 key |->
                     [ namespace |-> "namespace",
                       workflow |-> "workflow",
                       run |-> "run",
                       eventID |-> 5,
                       version |-> 1 ],
                 type |-> "WFTScheduled" ] >> ],
  timerPointer |-> 0,
  physicalHistory |-> <<>>,
  returnPC |-> "idle",
  effects |-> <<>>,
  cancels |-> <<>>,
  second |-> "none",
  clearTodo |-> {},
  clearReturn |-> "idle",
  handler |-> "none",
  caller |-> "none",
  selected |-> 0,
  inlineWorker |-> 0,
  commands |-> <<>>,
  closeCommand |-> FALSE,
  rejectTodo |-> {},
  successor |-> FALSE,
  skip |-> FALSE,
  clock |-> 0,
  limitRaised |-> FALSE,
  calls |->
      ( c1 :>
            [ uid |-> u2,
              op |-> "update",
              waitStage |-> "COMPLETED",
              status |-> "wire",
              oid |-> 2,
              expired |-> TRUE,
              reply |->
                  [ stage |-> "ERROR",
                    result |-> [kind |-> "retry", value |-> "none"] ],
              active |-> TRUE ] @@
        c2 :>
            [ uid |-> u1,
              op |-> "update",
              waitStage |-> "COMPLETED",
              status |-> "request",
              oid |-> 0,
              expired |-> FALSE,
              reply |->
                  [ stage |-> "NONE",
                    result |-> [kind |-> "pending", value |-> "none"] ],
              active |-> TRUE ] @@
        c3 :>
            [ uid |-> "none",
              op |-> "update",
              waitStage |-> "COMPLETED",
              status |-> "idle",
              oid |-> 0,
              expired |-> FALSE,
              reply |->
                  [ stage |-> "NONE",
                    result |-> [kind |-> "pending", value |-> "none"] ],
              active |-> FALSE ] @@
        c4 :>
            [ uid |-> "none",
              op |-> "update",
              waitStage |-> "COMPLETED",
              status |-> "idle",
              oid |-> 0,
              expired |-> FALSE,
              reply |->
                  [ stage |-> "NONE",
                    result |-> [kind |-> "pending", value |-> "none"] ],
              active |-> FALSE ] ),
  observed |->
      { [ stage |-> "ERROR",
          result |-> [kind |-> "retry", value |-> "none"],
          uid |-> u2,
          client |-> c1 ],
        [ stage |-> "ADMITTED",
          result |-> [kind |-> "pending", value |-> "none"],
          uid |-> u1,
          client |-> c2 ] },
  applied |-> {},
  timeoutApplications |-> {},
  everRequested |-> {u1, u2} ]
/\ faults = [ request |-> 2,
  callback |-> 0,
  normal |-> 1,
  matchingFailure |-> 1,
  ignore |-> 0,
  close |-> 0,
  noncommit |-> 1,
  uncertain |-> 0,
  appendTimeout |-> 0,
  lateError |-> 0,
  clear |-> 1,
  ownership |-> 2,
  restart |-> 0,
  timeout |-> 0,
  limit |-> 0,
  responseLoss |-> 1,
  crash |-> 1,
  duplicate |-> 0,
  workerLoss |-> 0 ]

State 57: <MCUpdaterApplyRequestNew(c2) line 25, col 5 to line 26, col 23 of module MC>
/\ s = [ dispatch |-> <<>>,
  matching |->
      << [ kind |-> "Speculative",
           scheduled |-> 5,
           started |-> 0,
           startedTime |-> 0,
           attempt |-> 1,
           version |-> 1,
           stamp |-> 0,
           transient |-> FALSE,
           route |-> "normal" ] >>,
  workers |-> <<>>,
  objects |->
      << [ generation |-> 2,
           acceptedID |-> 0,
           uid |-> u2,
           state |-> "Admitted",
           accepted |-> "pending",
           outcome |-> [kind |-> "pending", value |-> "none"],
           callbacks |-> FALSE ],
         [ generation |-> 4,
           acceptedID |-> 0,
           uid |-> u2,
           state |-> "Aborted",
           accepted |-> "retry",
           outcome |-> [kind |-> "retry", value |-> "none"],
           callbacks |-> FALSE ],
         [ generation |-> 4,
           acceptedID |-> 0,
           uid |-> u1,
           state |-> "Aborted",
           accepted |-> "retry",
           outcome |-> [kind |-> "retry", value |-> "none"],
           callbacks |-> FALSE ],
         [ generation |-> 5,
           acceptedID |-> 0,
           uid |-> u1,
           state |-> "Admitted",
           accepted |-> "pending",
           outcome |-> [kind |-> "pending", value |-> "none"],
           callbacks |-> FALSE ] >>,
  timers |->
      << [ timeout |-> "STS",
           task |->
               [ kind |-> "Speculative",
                 scheduled |-> 5,
                 started |-> 0,
                 startedTime |-> 0,
                 attempt |-> 1,
                 version |-> 1,
                 stamp |-> 0,
                 transient |-> FALSE,
                 route |-> "sticky" ],
           speculative |-> TRUE,
           eligible |-> TRUE,
           submitted |-> TRUE,
           cancelled |-> TRUE,
           consumed |-> FALSE ] >>,
  cache |-> (h1 :> <<>> @@ h2 :> <<>>),
  db |->
      [ next |-> 5,
        rv |-> 1,
        range |-> 4,
        info |->
            ( u1 :>
                  [ stage |-> "none",
                    result |-> [kind |-> "pending", value |-> "none"],
                    acceptedID |-> 0,
                    eventID |-> 0,
                    batchID |-> 0 ] @@
              u2 :>
                  [ stage |-> "none",
                    result |-> [kind |-> "pending", value |-> "none"],
                    acceptedID |-> 0,
                    eventID |-> 0,
                    batchID |-> 0 ] ),
        closed |-> FALSE,
        sticky |-> TRUE,
        task |->
            [ kind |-> "none",
              scheduled |-> 0,
              started |-> 0,
              startedTime |-> 0,
              attempt |-> 0,
              version |-> 1,
              stamp |-> 0,
              transient |-> FALSE,
              route |-> "normal" ],
        transfer |-> FALSE,
        events |-> <<>> ],
  ctx |->
      [ next |-> 5,
        generation |-> 5,
        rv |-> 1,
        range |-> 4,
        info |->
            ( u1 :>
                  [ stage |-> "none",
                    result |-> [kind |-> "pending", value |-> "none"],
                    acceptedID |-> 0,
                    eventID |-> 0,
                    batchID |-> 0 ] @@
              u2 :>
                  [ stage |-> "none",
                    result |-> [kind |-> "pending", value |-> "none"],
                    acceptedID |-> 0,
                    eventID |-> 0,
                    batchID |-> 0 ] ),
        closed |-> FALSE,
        sticky |-> TRUE,
        task |->
            [ kind |-> "none",
              scheduled |-> 0,
              started |-> 0,
              startedTime |-> 0,
              attempt |-> 0,
              version |-> 1,
              stamp |-> 0,
              transient |-> FALSE,
              route |-> "normal" ],
        transfer |-> FALSE,
        reg |-> (u1 :> 4 @@ u2 :> 0),
        loaded |-> TRUE,
        host |-> h1 ],
  active |->
      [ kind |-> "none",
        result |-> [kind |-> "pending", value |-> "none"],
        oid |-> 0,
        prev |-> "none" ],
  batch |-> <<>>,
  pc |-> "admitSchedule",
  acquiring |-> FALSE,
  write |->
      [ next |-> 6,
        rv |-> 1,
        state |-> "noncommit",
        returned |-> TRUE,
        error |-> "processLost",
        range |-> 1,
        info |->
            ( u1 :>
                  [ stage |-> "none",
                    result |-> [kind |-> "pending", value |-> "none"],
                    acceptedID |-> 0,
                    eventID |-> 0,
                    batchID |-> 0 ] @@
              u2 :>
                  [ stage |-> "none",
                    result |-> [kind |-> "pending", value |-> "none"],
                    acceptedID |-> 0,
                    eventID |-> 0,
                    batchID |-> 0 ] ),
        closed |-> FALSE,
        sticky |-> TRUE,
        task |->
            [ kind |-> "Normal",
              scheduled |-> 5,
              started |-> 0,
              startedTime |-> 0,
              attempt |-> 1,
              version |-> 1,
              stamp |-> 0,
              transient |-> FALSE,
              route |-> "sticky" ],
        transfer |-> TRUE,
        events |->
            << [ result |-> [kind |-> "pending", value |-> "none"],
                 batchID |-> 5,
                 uid |-> "none",
                 key |->
                     [ namespace |-> "namespace",
                       workflow |-> "workflow",
                       run |-> "run",
                       eventID |-> 5,
                       version |-> 1 ],
                 type |-> "WFTScheduled" ] >> ],
  timerPointer |-> 0,
  physicalHistory |-> <<>>,
  returnPC |-> "idle",
  effects |-> <<>>,
  cancels |-> <<>>,
  second |-> "none",
  clearTodo |-> {},
  clearReturn |-> "idle",
  handler |-> "none",
  caller |-> c2,
  selected |-> 0,
  inlineWorker |-> 0,
  commands |-> <<>>,
  closeCommand |-> FALSE,
  rejectTodo |-> {},
  successor |-> FALSE,
  skip |-> FALSE,
  clock |-> 0,
  limitRaised |-> FALSE,
  calls |->
      ( c1 :>
            [ uid |-> u2,
              op |-> "update",
              waitStage |-> "COMPLETED",
              status |-> "wire",
              oid |-> 2,
              expired |-> TRUE,
              reply |->
                  [ stage |-> "ERROR",
                    result |-> [kind |-> "retry", value |-> "none"] ],
              active |-> TRUE ] @@
        c2 :>
            [ uid |-> u1,
              op |-> "update",
              waitStage |-> "COMPLETED",
              status |-> "binding",
              oid |-> 4,
              expired |-> FALSE,
              reply |->
                  [ stage |-> "NONE",
                    result |-> [kind |-> "pending", value |-> "none"] ],
              active |-> TRUE ] @@
        c3 :>
            [ uid |-> "none",
              op |-> "update",
              waitStage |-> "COMPLETED",
              status |-> "idle",
              oid |-> 0,
              expired |-> FALSE,
              reply |->
                  [ stage |-> "NONE",
                    result |-> [kind |-> "pending", value |-> "none"] ],
              active |-> FALSE ] @@
        c4 :>
            [ uid |-> "none",
              op |-> "update",
              waitStage |-> "COMPLETED",
              status |-> "idle",
              oid |-> 0,
              expired |-> FALSE,
              reply |->
                  [ stage |-> "NONE",
                    result |-> [kind |-> "pending", value |-> "none"] ],
              active |-> FALSE ] ),
  observed |->
      { [ stage |-> "ERROR",
          result |-> [kind |-> "retry", value |-> "none"],
          uid |-> u2,
          client |-> c1 ],
        [ stage |-> "ADMITTED",
          result |-> [kind |-> "pending", value |-> "none"],
          uid |-> u1,
          client |-> c2 ] },
  applied |-> {},
  timeoutApplications |-> {},
  everRequested |-> {u1, u2} ]
/\ faults = [ request |-> 2,
  callback |-> 0,
  normal |-> 1,
  matchingFailure |-> 1,
  ignore |-> 0,
  close |-> 0,
  noncommit |-> 1,
  uncertain |-> 0,
  appendTimeout |-> 0,
  lateError |-> 0,
  clear |-> 1,
  ownership |-> 2,
  restart |-> 0,
  timeout |-> 0,
  limit |-> 0,
  responseLoss |-> 1,
  crash |-> 1,
  duplicate |-> 0,
  workerLoss |-> 0 ]

State 58: <MCReceiveUpdateResponse(c1) line 352, col 5 to line 353, col 23 of module MC>
/\ s = [ dispatch |-> <<>>,
  matching |->
      << [ kind |-> "Speculative",
           scheduled |-> 5,
           started |-> 0,
           startedTime |-> 0,
           attempt |-> 1,
           version |-> 1,
           stamp |-> 0,
           transient |-> FALSE,
           route |-> "normal" ] >>,
  workers |-> <<>>,
  objects |->
      << [ generation |-> 2,
           acceptedID |-> 0,
           uid |-> u2,
           state |-> "Admitted",
           accepted |-> "pending",
           outcome |-> [kind |-> "pending", value |-> "none"],
           callbacks |-> FALSE ],
         [ generation |-> 4,
           acceptedID |-> 0,
           uid |-> u2,
           state |-> "Aborted",
           accepted |-> "retry",
           outcome |-> [kind |-> "retry", value |-> "none"],
           callbacks |-> FALSE ],
         [ generation |-> 4,
           acceptedID |-> 0,
           uid |-> u1,
           state |-> "Aborted",
           accepted |-> "retry",
           outcome |-> [kind |-> "retry", value |-> "none"],
           callbacks |-> FALSE ],
         [ generation |-> 5,
           acceptedID |-> 0,
           uid |-> u1,
           state |-> "Admitted",
           accepted |-> "pending",
           outcome |-> [kind |-> "pending", value |-> "none"],
           callbacks |-> FALSE ] >>,
  timers |->
      << [ timeout |-> "STS",
           task |->
               [ kind |-> "Speculative",
                 scheduled |-> 5,
                 started |-> 0,
                 startedTime |-> 0,
                 attempt |-> 1,
                 version |-> 1,
                 stamp |-> 0,
                 transient |-> FALSE,
                 route |-> "sticky" ],
           speculative |-> TRUE,
           eligible |-> TRUE,
           submitted |-> TRUE,
           cancelled |-> TRUE,
           consumed |-> FALSE ] >>,
  cache |-> (h1 :> <<>> @@ h2 :> <<>>),
  db |->
      [ next |-> 5,
        rv |-> 1,
        range |-> 4,
        info |->
            ( u1 :>
                  [ stage |-> "none",
                    result |-> [kind |-> "pending", value |-> "none"],
                    acceptedID |-> 0,
                    eventID |-> 0,
                    batchID |-> 0 ] @@
              u2 :>
                  [ stage |-> "none",
                    result |-> [kind |-> "pending", value |-> "none"],
                    acceptedID |-> 0,
                    eventID |-> 0,
                    batchID |-> 0 ] ),
        closed |-> FALSE,
        sticky |-> TRUE,
        task |->
            [ kind |-> "none",
              scheduled |-> 0,
              started |-> 0,
              startedTime |-> 0,
              attempt |-> 0,
              version |-> 1,
              stamp |-> 0,
              transient |-> FALSE,
              route |-> "normal" ],
        transfer |-> FALSE,
        events |-> <<>> ],
  ctx |->
      [ next |-> 5,
        generation |-> 5,
        rv |-> 1,
        range |-> 4,
        info |->
            ( u1 :>
                  [ stage |-> "none",
                    result |-> [kind |-> "pending", value |-> "none"],
                    acceptedID |-> 0,
                    eventID |-> 0,
                    batchID |-> 0 ] @@
              u2 :>
                  [ stage |-> "none",
                    result |-> [kind |-> "pending", value |-> "none"],
                    acceptedID |-> 0,
                    eventID |-> 0,
                    batchID |-> 0 ] ),
        closed |-> FALSE,
        sticky |-> TRUE,
        task |->
            [ kind |-> "none",
              scheduled |-> 0,
              started |-> 0,
              startedTime |-> 0,
              attempt |-> 0,
              version |-> 1,
              stamp |-> 0,
              transient |-> FALSE,
              route |-> "normal" ],
        transfer |-> FALSE,
        reg |-> (u1 :> 4 @@ u2 :> 0),
        loaded |-> TRUE,
        host |-> h1 ],
  active |->
      [ kind |-> "none",
        result |-> [kind |-> "pending", value |-> "none"],
        oid |-> 0,
        prev |-> "none" ],
  batch |-> <<>>,
  pc |-> "admitSchedule",
  acquiring |-> FALSE,
  write |->
      [ next |-> 6,
        rv |-> 1,
        state |-> "noncommit",
        returned |-> TRUE,
        error |-> "processLost",
        range |-> 1,
        info |->
            ( u1 :>
                  [ stage |-> "none",
                    result |-> [kind |-> "pending", value |-> "none"],
                    acceptedID |-> 0,
                    eventID |-> 0,
                    batchID |-> 0 ] @@
              u2 :>
                  [ stage |-> "none",
                    result |-> [kind |-> "pending", value |-> "none"],
                    acceptedID |-> 0,
                    eventID |-> 0,
                    batchID |-> 0 ] ),
        closed |-> FALSE,
        sticky |-> TRUE,
        task |->
            [ kind |-> "Normal",
              scheduled |-> 5,
              started |-> 0,
              startedTime |-> 0,
              attempt |-> 1,
              version |-> 1,
              stamp |-> 0,
              transient |-> FALSE,
              route |-> "sticky" ],
        transfer |-> TRUE,
        events |->
            << [ result |-> [kind |-> "pending", value |-> "none"],
                 batchID |-> 5,
                 uid |-> "none",
                 key |->
                     [ namespace |-> "namespace",
                       workflow |-> "workflow",
                       run |-> "run",
                       eventID |-> 5,
                       version |-> 1 ],
                 type |-> "WFTScheduled" ] >> ],
  timerPointer |-> 0,
  physicalHistory |-> <<>>,
  returnPC |-> "idle",
  effects |-> <<>>,
  cancels |-> <<>>,
  second |-> "none",
  clearTodo |-> {},
  clearReturn |-> "idle",
  handler |-> "none",
  caller |-> c2,
  selected |-> 0,
  inlineWorker |-> 0,
  commands |-> <<>>,
  closeCommand |-> FALSE,
  rejectTodo |-> {},
  successor |-> FALSE,
  skip |-> FALSE,
  clock |-> 0,
  limitRaised |-> FALSE,
  calls |->
      ( c1 :>
            [ uid |-> u2,
              op |-> "update",
              waitStage |-> "COMPLETED",
              status |-> "done",
              oid |-> 2,
              expired |-> TRUE,
              reply |->
                  [ stage |-> "ERROR",
                    result |-> [kind |-> "retry", value |-> "none"] ],
              active |-> TRUE ] @@
        c2 :>
            [ uid |-> u1,
              op |-> "update",
              waitStage |-> "COMPLETED",
              status |-> "binding",
              oid |-> 4,
              expired |-> FALSE,
              reply |->
                  [ stage |-> "NONE",
                    result |-> [kind |-> "pending", value |-> "none"] ],
              active |-> TRUE ] @@
        c3 :>
            [ uid |-> "none",
              op |-> "update",
              waitStage |-> "COMPLETED",
              status |-> "idle",
              oid |-> 0,
              expired |-> FALSE,
              reply |->
                  [ stage |-> "NONE",
                    result |-> [kind |-> "pending", value |-> "none"] ],
              active |-> FALSE ] @@
        c4 :>
            [ uid |-> "none",
              op |-> "update",
              waitStage |-> "COMPLETED",
              status |-> "idle",
              oid |-> 0,
              expired |-> FALSE,
              reply |->
                  [ stage |-> "NONE",
                    result |-> [kind |-> "pending", value |-> "none"] ],
              active |-> FALSE ] ),
  observed |->
      { [ stage |-> "ERROR",
          result |-> [kind |-> "retry", value |-> "none"],
          uid |-> u2,
          client |-> c1 ],
        [ stage |-> "ADMITTED",
          result |-> [kind |-> "pending", value |-> "none"],
          uid |-> u1,
          client |-> c2 ] },
  applied |-> {},
  timeoutApplications |-> {},
  everRequested |-> {u1, u2} ]
/\ faults = [ request |-> 2,
  callback |-> 0,
  normal |-> 1,
  matchingFailure |-> 1,
  ignore |-> 0,
  close |-> 0,
  noncommit |-> 1,
  uncertain |-> 0,
  appendTimeout |-> 0,
  lateError |-> 0,
  clear |-> 1,
  ownership |-> 2,
  restart |-> 0,
  timeout |-> 0,
  limit |-> 0,
  responseLoss |-> 1,
  crash |-> 1,
  duplicate |-> 0,
  workerLoss |-> 0 ]

State 59: <MCAddWorkflowTaskScheduledEvent line 29, col 5 to line 30, col 23 of module MC>
/\ s = [ dispatch |->
      << [ kind |-> "Speculative",
           scheduled |-> 5,
           started |-> 0,
           startedTime |-> 0,
           attempt |-> 1,
           version |-> 1,
           stamp |-> 0,
           transient |-> FALSE,
           route |-> "sticky" ] >>,
  matching |->
      << [ kind |-> "Speculative",
           scheduled |-> 5,
           started |-> 0,
           startedTime |-> 0,
           attempt |-> 1,
           version |-> 1,
           stamp |-> 0,
           transient |-> FALSE,
           route |-> "normal" ] >>,
  workers |-> <<>>,
  objects |->
      << [ generation |-> 2,
           acceptedID |-> 0,
           uid |-> u2,
           state |-> "Admitted",
           accepted |-> "pending",
           outcome |-> [kind |-> "pending", value |-> "none"],
           callbacks |-> FALSE ],
         [ generation |-> 4,
           acceptedID |-> 0,
           uid |-> u2,
           state |-> "Aborted",
           accepted |-> "retry",
           outcome |-> [kind |-> "retry", value |-> "none"],
           callbacks |-> FALSE ],
         [ generation |-> 4,
           acceptedID |-> 0,
           uid |-> u1,
           state |-> "Aborted",
           accepted |-> "retry",
           outcome |-> [kind |-> "retry", value |-> "none"],
           callbacks |-> FALSE ],
         [ generation |-> 5,
           acceptedID |-> 0,
           uid |-> u1,
           state |-> "Admitted",
           accepted |-> "pending",
           outcome |-> [kind |-> "pending", value |-> "none"],
           callbacks |-> FALSE ] >>,
  timers |->
      << [ timeout |-> "STS",
           task |->
               [ kind |-> "Speculative",
                 scheduled |-> 5,
                 started |-> 0,
                 startedTime |-> 0,
                 attempt |-> 1,
                 version |-> 1,
                 stamp |-> 0,
                 transient |-> FALSE,
                 route |-> "sticky" ],
           speculative |-> TRUE,
           eligible |-> TRUE,
           submitted |-> TRUE,
           cancelled |-> TRUE,
           consumed |-> FALSE ],
         [ timeout |-> "STS",
           task |->
               [ kind |-> "Speculative",
                 scheduled |-> 5,
                 started |-> 0,
                 startedTime |-> 0,
                 attempt |-> 1,
                 version |-> 1,
                 stamp |-> 0,
                 transient |-> FALSE,
                 route |-> "sticky" ],
           speculative |-> TRUE,
           eligible |-> FALSE,
           submitted |-> FALSE,
           cancelled |-> FALSE,
           consumed |-> FALSE ] >>,
  cache |-> (h1 :> <<>> @@ h2 :> <<>>),
  db |->
      [ next |-> 5,
        rv |-> 1,
        range |-> 4,
        info |->
            ( u1 :>
                  [ stage |-> "none",
                    result |-> [kind |-> "pending", value |-> "none"],
                    acceptedID |-> 0,
                    eventID |-> 0,
                    batchID |-> 0 ] @@
              u2 :>
                  [ stage |-> "none",
                    result |-> [kind |-> "pending", value |-> "none"],
                    acceptedID |-> 0,
                    eventID |-> 0,
                    batchID |-> 0 ] ),
        closed |-> FALSE,
        sticky |-> TRUE,
        task |->
            [ kind |-> "none",
              scheduled |-> 0,
              started |-> 0,
              startedTime |-> 0,
              attempt |-> 0,
              version |-> 1,
              stamp |-> 0,
              transient |-> FALSE,
              route |-> "normal" ],
        transfer |-> FALSE,
        events |-> <<>> ],
  ctx |->
      [ loaded |-> TRUE,
        host |-> h1,
        generation |-> 5,
        range |-> 4,
        rv |-> 1,
        next |-> 5,
        closed |-> FALSE,
        sticky |-> TRUE,
        task |->
            [ kind |-> "Speculative",
              scheduled |-> 5,
              started |-> 0,
              startedTime |-> 0,
              attempt |-> 1,
              version |-> 1,
              stamp |-> 0,
              transient |-> FALSE,
              route |-> "sticky" ],
        transfer |-> FALSE,
        info |->
            ( u1 :>
                  [ stage |-> "none",
                    result |-> [kind |-> "pending", value |-> "none"],
                    acceptedID |-> 0,
                    eventID |-> 0,
                    batchID |-> 0 ] @@
              u2 :>
                  [ stage |-> "none",
                    result |-> [kind |-> "pending", value |-> "none"],
                    acceptedID |-> 0,
                    eventID |-> 0,
                    batchID |-> 0 ] ),
        reg |-> (u1 :> 4 @@ u2 :> 0) ],
  active |->
      [ kind |-> "none",
        result |-> [kind |-> "pending", value |-> "none"],
        oid |-> 0,
        prev |-> "none" ],
  batch |-> <<>>,
  pc |-> "idle",
  acquiring |-> FALSE,
  write |->
      [ next |-> 6,
        rv |-> 1,
        state |-> "noncommit",
        returned |-> TRUE,
        error |-> "processLost",
        range |-> 1,
        info |->
            ( u1 :>
                  [ stage |-> "none",
                    result |-> [kind |-> "pending", value |-> "none"],
                    acceptedID |-> 0,
                    eventID |-> 0,
                    batchID |-> 0 ] @@
              u2 :>
                  [ stage |-> "none",
                    result |-> [kind |-> "pending", value |-> "none"],
                    acceptedID |-> 0,
                    eventID |-> 0,
                    batchID |-> 0 ] ),
        closed |-> FALSE,
        sticky |-> TRUE,
        task |->
            [ kind |-> "Normal",
              scheduled |-> 5,
              started |-> 0,
              startedTime |-> 0,
              attempt |-> 1,
              version |-> 1,
              stamp |-> 0,
              transient |-> FALSE,
              route |-> "sticky" ],
        transfer |-> TRUE,
        events |->
            << [ result |-> [kind |-> "pending", value |-> "none"],
                 batchID |-> 5,
                 uid |-> "none",
                 key |->
                     [ namespace |-> "namespace",
                       workflow |-> "workflow",
                       run |-> "run",
                       eventID |-> 5,
                       version |-> 1 ],
                 type |-> "WFTScheduled" ] >> ],
  timerPointer |-> 2,
  physicalHistory |-> <<>>,
  returnPC |-> "idle",
  effects |-> <<>>,
  cancels |-> <<>>,
  second |-> "none",
  clearTodo |-> {},
  clearReturn |-> "idle",
  handler |-> "none",
  caller |-> "none",
  selected |-> 0,
  inlineWorker |-> 0,
  commands |-> <<>>,
  closeCommand |-> FALSE,
  rejectTodo |-> {},
  successor |-> FALSE,
  skip |-> FALSE,
  clock |-> 0,
  limitRaised |-> FALSE,
  calls |->
      ( c1 :>
            [ uid |-> u2,
              op |-> "update",
              waitStage |-> "COMPLETED",
              status |-> "done",
              oid |-> 2,
              expired |-> TRUE,
              reply |->
                  [ stage |-> "ERROR",
                    result |-> [kind |-> "retry", value |-> "none"] ],
              active |-> TRUE ] @@
        c2 :>
            [ uid |-> u1,
              op |-> "update",
              waitStage |-> "COMPLETED",
              status |-> "wait",
              oid |-> 4,
              expired |-> FALSE,
              reply |->
                  [ stage |-> "NONE",
                    result |-> [kind |-> "pending", value |-> "none"] ],
              active |-> TRUE ] @@
        c3 :>
            [ uid |-> "none",
              op |-> "update",
              waitStage |-> "COMPLETED",
              status |-> "idle",
              oid |-> 0,
              expired |-> FALSE,
              reply |->
                  [ stage |-> "NONE",
                    result |-> [kind |-> "pending", value |-> "none"] ],
              active |-> FALSE ] @@
        c4 :>
            [ uid |-> "none",
              op |-> "update",
              waitStage |-> "COMPLETED",
              status |-> "idle",
              oid |-> 0,
              expired |-> FALSE,
              reply |->
                  [ stage |-> "NONE",
                    result |-> [kind |-> "pending", value |-> "none"] ],
              active |-> FALSE ] ),
  observed |->
      { [ stage |-> "ERROR",
          result |-> [kind |-> "retry", value |-> "none"],
          uid |-> u2,
          client |-> c1 ],
        [ stage |-> "ADMITTED",
          result |-> [kind |-> "pending", value |-> "none"],
          uid |-> u1,
          client |-> c2 ] },
  applied |-> {},
  timeoutApplications |-> {},
  everRequested |-> {u1, u2} ]
/\ faults = [ request |-> 2,
  callback |-> 0,
  normal |-> 1,
  matchingFailure |-> 1,
  ignore |-> 0,
  close |-> 0,
  noncommit |-> 1,
  uncertain |-> 0,
  appendTimeout |-> 0,
  lateError |-> 0,
  clear |-> 1,
  ownership |-> 2,
  restart |-> 0,
  timeout |-> 0,
  limit |-> 0,
  responseLoss |-> 1,
  crash |-> 1,
  duplicate |-> 0,
  workerLoss |-> 0 ]

State 60: <MCNext line 401, col 8 to line 402, col 127 of module MC>
/\ s = [ dispatch |->
      << [ kind |-> "Speculative",
           scheduled |-> 5,
           started |-> 0,
           startedTime |-> 0,
           attempt |-> 1,
           version |-> 1,
           stamp |-> 0,
           transient |-> FALSE,
           route |-> "sticky" ] >>,
  matching |->
      << [ kind |-> "Speculative",
           scheduled |-> 5,
           started |-> 0,
           startedTime |-> 0,
           attempt |-> 1,
           version |-> 1,
           stamp |-> 0,
           transient |-> FALSE,
           route |-> "normal" ] >>,
  workers |-> <<>>,
  objects |->
      << [ generation |-> 2,
           acceptedID |-> 0,
           uid |-> u2,
           state |-> "Admitted",
           accepted |-> "pending",
           outcome |-> [kind |-> "pending", value |-> "none"],
           callbacks |-> FALSE ],
         [ generation |-> 4,
           acceptedID |-> 0,
           uid |-> u2,
           state |-> "Aborted",
           accepted |-> "retry",
           outcome |-> [kind |-> "retry", value |-> "none"],
           callbacks |-> FALSE ],
         [ generation |-> 4,
           acceptedID |-> 0,
           uid |-> u1,
           state |-> "Aborted",
           accepted |-> "retry",
           outcome |-> [kind |-> "retry", value |-> "none"],
           callbacks |-> FALSE ],
         [ generation |-> 5,
           acceptedID |-> 0,
           uid |-> u1,
           state |-> "Admitted",
           accepted |-> "pending",
           outcome |-> [kind |-> "pending", value |-> "none"],
           callbacks |-> FALSE ] >>,
  timers |->
      << [ timeout |-> "STS",
           task |->
               [ kind |-> "Speculative",
                 scheduled |-> 5,
                 started |-> 0,
                 startedTime |-> 0,
                 attempt |-> 1,
                 version |-> 1,
                 stamp |-> 0,
                 transient |-> FALSE,
                 route |-> "sticky" ],
           speculative |-> TRUE,
           eligible |-> TRUE,
           submitted |-> TRUE,
           cancelled |-> TRUE,
           consumed |-> FALSE ],
         [ timeout |-> "STS",
           task |->
               [ kind |-> "Speculative",
                 scheduled |-> 5,
                 started |-> 0,
                 startedTime |-> 0,
                 attempt |-> 1,
                 version |-> 1,
                 stamp |-> 0,
                 transient |-> FALSE,
                 route |-> "sticky" ],
           speculative |-> TRUE,
           eligible |-> TRUE,
           submitted |-> FALSE,
           cancelled |-> FALSE,
           consumed |-> FALSE ] >>,
  cache |-> (h1 :> <<>> @@ h2 :> <<>>),
  db |->
      [ next |-> 5,
        rv |-> 1,
        range |-> 4,
        info |->
            ( u1 :>
                  [ stage |-> "none",
                    result |-> [kind |-> "pending", value |-> "none"],
                    acceptedID |-> 0,
                    eventID |-> 0,
                    batchID |-> 0 ] @@
              u2 :>
                  [ stage |-> "none",
                    result |-> [kind |-> "pending", value |-> "none"],
                    acceptedID |-> 0,
                    eventID |-> 0,
                    batchID |-> 0 ] ),
        closed |-> FALSE,
        sticky |-> TRUE,
        task |->
            [ kind |-> "none",
              scheduled |-> 0,
              started |-> 0,
              startedTime |-> 0,
              attempt |-> 0,
              version |-> 1,
              stamp |-> 0,
              transient |-> FALSE,
              route |-> "normal" ],
        transfer |-> FALSE,
        events |-> <<>> ],
  ctx |->
      [ next |-> 5,
        generation |-> 5,
        rv |-> 1,
        range |-> 4,
        info |->
            ( u1 :>
                  [ stage |-> "none",
                    result |-> [kind |-> "pending", value |-> "none"],
                    acceptedID |-> 0,
                    eventID |-> 0,
                    batchID |-> 0 ] @@
              u2 :>
                  [ stage |-> "none",
                    result |-> [kind |-> "pending", value |-> "none"],
                    acceptedID |-> 0,
                    eventID |-> 0,
                    batchID |-> 0 ] ),
        closed |-> FALSE,
        sticky |-> TRUE,
        task |->
            [ kind |-> "Speculative",
              scheduled |-> 5,
              started |-> 0,
              startedTime |-> 0,
              attempt |-> 1,
              version |-> 1,
              stamp |-> 0,
              transient |-> FALSE,
              route |-> "sticky" ],
        transfer |-> FALSE,
        reg |-> (u1 :> 4 @@ u2 :> 0),
        loaded |-> TRUE,
        host |-> h1 ],
  active |->
      [ kind |-> "none",
        result |-> [kind |-> "pending", value |-> "none"],
        oid |-> 0,
        prev |-> "none" ],
  batch |-> <<>>,
  pc |-> "idle",
  acquiring |-> FALSE,
  write |->
      [ next |-> 6,
        rv |-> 1,
        state |-> "noncommit",
        returned |-> TRUE,
        error |-> "processLost",
        range |-> 1,
        info |->
            ( u1 :>
                  [ stage |-> "none",
                    result |-> [kind |-> "pending", value |-> "none"],
                    acceptedID |-> 0,
                    eventID |-> 0,
                    batchID |-> 0 ] @@
              u2 :>
                  [ stage |-> "none",
                    result |-> [kind |-> "pending", value |-> "none"],
                    acceptedID |-> 0,
                    eventID |-> 0,
                    batchID |-> 0 ] ),
        closed |-> FALSE,
        sticky |-> TRUE,
        task |->
            [ kind |-> "Normal",
              scheduled |-> 5,
              started |-> 0,
              startedTime |-> 0,
              attempt |-> 1,
              version |-> 1,
              stamp |-> 0,
              transient |-> FALSE,
              route |-> "sticky" ],
        transfer |-> TRUE,
        events |->
            << [ result |-> [kind |-> "pending", value |-> "none"],
                 batchID |-> 5,
                 uid |-> "none",
                 key |->
                     [ namespace |-> "namespace",
                       workflow |-> "workflow",
                       run |-> "run",
                       eventID |-> 5,
                       version |-> 1 ],
                 type |-> "WFTScheduled" ] >> ],
  timerPointer |-> 2,
  physicalHistory |-> <<>>,
  returnPC |-> "idle",
  effects |-> <<>>,
  cancels |-> <<>>,
  second |-> "none",
  clearTodo |-> {},
  clearReturn |-> "idle",
  handler |-> "none",
  caller |-> "none",
  selected |-> 0,
  inlineWorker |-> 0,
  commands |-> <<>>,
  closeCommand |-> FALSE,
  rejectTodo |-> {},
  successor |-> FALSE,
  skip |-> FALSE,
  clock |-> 0,
  limitRaised |-> FALSE,
  calls |->
      ( c1 :>
            [ uid |-> u2,
              op |-> "update",
              waitStage |-> "COMPLETED",
              status |-> "done",
              oid |-> 2,
              expired |-> TRUE,
              reply |->
                  [ stage |-> "ERROR",
                    result |-> [kind |-> "retry", value |-> "none"] ],
              active |-> TRUE ] @@
        c2 :>
            [ uid |-> u1,
              op |-> "update",
              waitStage |-> "COMPLETED",
              status |-> "wait",
              oid |-> 4,
              expired |-> FALSE,
              reply |->
                  [ stage |-> "NONE",
                    result |-> [kind |-> "pending", value |-> "none"] ],
              active |-> TRUE ] @@
        c3 :>
            [ uid |-> "none",
              op |-> "update",
              waitStage |-> "COMPLETED",
              status |-> "idle",
              oid |-> 0,
              expired |-> FALSE,
              reply |->
                  [ stage |-> "NONE",
                    result |-> [kind |-> "pending", value |-> "none"] ],
              active |-> FALSE ] @@
        c4 :>
            [ uid |-> "none",
              op |-> "update",
              waitStage |-> "COMPLETED",
              status |-> "idle",
              oid |-> 0,
              expired |-> FALSE,
              reply |->
                  [ stage |-> "NONE",
                    result |-> [kind |-> "pending", value |-> "none"] ],
              active |-> FALSE ] ),
  observed |->
      { [ stage |-> "ERROR",
          result |-> [kind |-> "retry", value |-> "none"],
          uid |-> u2,
          client |-> c1 ],
        [ stage |-> "ADMITTED",
          result |-> [kind |-> "pending", value |-> "none"],
          uid |-> u1,
          client |-> c2 ] },
  applied |-> {},
  timeoutApplications |-> {},
  everRequested |-> {u1, u2} ]
/\ faults = [ request |-> 2,
  callback |-> 0,
  normal |-> 1,
  matchingFailure |-> 1,
  ignore |-> 0,
  close |-> 0,
  noncommit |-> 1,
  uncertain |-> 0,
  appendTimeout |-> 0,
  lateError |-> 0,
  clear |-> 1,
  ownership |-> 2,
  restart |-> 0,
  timeout |-> 0,
  limit |-> 0,
  responseLoss |-> 1,
  crash |-> 1,
  duplicate |-> 0,
  workerLoss |-> 0 ]

State 61: <MCNext line 392, col 8 to line 392, col 108 of module MC>
/\ s = [ dispatch |->
      << [ kind |-> "Speculative",
           scheduled |-> 5,
           started |-> 0,
           startedTime |-> 0,
           attempt |-> 1,
           version |-> 1,
           stamp |-> 0,
           transient |-> FALSE,
           route |-> "sticky" ] >>,
  matching |-> <<>>,
  workers |-> <<>>,
  objects |->
      << [ generation |-> 2,
           acceptedID |-> 0,
           uid |-> u2,
           state |-> "Admitted",
           accepted |-> "pending",
           outcome |-> [kind |-> "pending", value |-> "none"],
           callbacks |-> FALSE ],
         [ generation |-> 4,
           acceptedID |-> 0,
           uid |-> u2,
           state |-> "Aborted",
           accepted |-> "retry",
           outcome |-> [kind |-> "retry", value |-> "none"],
           callbacks |-> FALSE ],
         [ generation |-> 4,
           acceptedID |-> 0,
           uid |-> u1,
           state |-> "Aborted",
           accepted |-> "retry",
           outcome |-> [kind |-> "retry", value |-> "none"],
           callbacks |-> FALSE ],
         [ generation |-> 5,
           acceptedID |-> 0,
           uid |-> u1,
           state |-> "Admitted",
           accepted |-> "pending",
           outcome |-> [kind |-> "pending", value |-> "none"],
           callbacks |-> FALSE ] >>,
  timers |->
      << [ timeout |-> "STS",
           task |->
               [ kind |-> "Speculative",
                 scheduled |-> 5,
                 started |-> 0,
                 startedTime |-> 0,
                 attempt |-> 1,
                 version |-> 1,
                 stamp |-> 0,
                 transient |-> FALSE,
                 route |-> "sticky" ],
           speculative |-> TRUE,
           eligible |-> TRUE,
           submitted |-> TRUE,
           cancelled |-> TRUE,
           consumed |-> FALSE ],
         [ timeout |-> "STS",
           task |->
               [ kind |-> "Speculative",
                 scheduled |-> 5,
                 started |-> 0,
                 startedTime |-> 0,
                 attempt |-> 1,
                 version |-> 1,
                 stamp |-> 0,
                 transient |-> FALSE,
                 route |-> "sticky" ],
           speculative |-> TRUE,
           eligible |-> TRUE,
           submitted |-> FALSE,
           cancelled |-> TRUE,
           consumed |-> FALSE ],
         [ timeout |-> "STC",
           task |->
               [ kind |-> "Speculative",
                 scheduled |-> 5,
                 started |-> 6,
                 startedTime |-> 1,
                 attempt |-> 1,
                 version |-> 1,
                 stamp |-> 0,
                 transient |-> FALSE,
                 route |-> "sticky" ],
           speculative |-> TRUE,
           eligible |-> FALSE,
           submitted |-> FALSE,
           cancelled |-> FALSE,
           consumed |-> FALSE ] >>,
  cache |-> (h1 :> <<>> @@ h2 :> <<>>),
  db |->
      [ next |-> 5,
        rv |-> 1,
        range |-> 4,
        info |->
            ( u1 :>
                  [ stage |-> "none",
                    result |-> [kind |-> "pending", value |-> "none"],
                    acceptedID |-> 0,
                    eventID |-> 0,
                    batchID |-> 0 ] @@
              u2 :>
                  [ stage |-> "none",
                    result |-> [kind |-> "pending", value |-> "none"],
                    acceptedID |-> 0,
                    eventID |-> 0,
                    batchID |-> 0 ] ),
        closed |-> FALSE,
        sticky |-> TRUE,
        task |->
            [ kind |-> "none",
              scheduled |-> 0,
              started |-> 0,
              startedTime |-> 0,
              attempt |-> 0,
              version |-> 1,
              stamp |-> 0,
              transient |-> FALSE,
              route |-> "normal" ],
        transfer |-> FALSE,
        events |-> <<>> ],
  ctx |->
      [ next |-> 5,
        generation |-> 5,
        rv |-> 1,
        range |-> 4,
        info |->
            ( u1 :>
                  [ stage |-> "none",
                    result |-> [kind |-> "pending", value |-> "none"],
                    acceptedID |-> 0,
                    eventID |-> 0,
                    batchID |-> 0 ] @@
              u2 :>
                  [ stage |-> "none",
                    result |-> [kind |-> "pending", value |-> "none"],
                    acceptedID |-> 0,
                    eventID |-> 0,
                    batchID |-> 0 ] ),
        closed |-> FALSE,
        sticky |-> TRUE,
        task |->
            [ kind |-> "Speculative",
              scheduled |-> 5,
              started |-> 6,
              startedTime |-> 1,
              attempt |-> 1,
              version |-> 1,
              stamp |-> 0,
              transient |-> FALSE,
              route |-> "sticky" ],
        transfer |-> FALSE,
        reg |-> (u1 :> 4 @@ u2 :> 0),
        loaded |-> TRUE,
        host |-> h1 ],
  active |->
      [ kind |-> "none",
        result |-> [kind |-> "pending", value |-> "none"],
        oid |-> 0,
        prev |-> "none" ],
  batch |-> <<>>,
  pc |-> "startResponse",
  acquiring |-> FALSE,
  write |->
      [ next |-> 6,
        rv |-> 1,
        state |-> "noncommit",
        returned |-> TRUE,
        error |-> "processLost",
        range |-> 1,
        info |->
            ( u1 :>
                  [ stage |-> "none",
                    result |-> [kind |-> "pending", value |-> "none"],
                    acceptedID |-> 0,
                    eventID |-> 0,
                    batchID |-> 0 ] @@
              u2 :>
                  [ stage |-> "none",
                    result |-> [kind |-> "pending", value |-> "none"],
                    acceptedID |-> 0,
                    eventID |-> 0,
                    batchID |-> 0 ] ),
        closed |-> FALSE,
        sticky |-> TRUE,
        task |->
            [ kind |-> "Normal",
              scheduled |-> 5,
              started |-> 0,
              startedTime |-> 0,
              attempt |-> 1,
              version |-> 1,
              stamp |-> 0,
              transient |-> FALSE,
              route |-> "sticky" ],
        transfer |-> TRUE,
        events |->
            << [ result |-> [kind |-> "pending", value |-> "none"],
                 batchID |-> 5,
                 uid |-> "none",
                 key |->
                     [ namespace |-> "namespace",
                       workflow |-> "workflow",
                       run |-> "run",
                       eventID |-> 5,
                       version |-> 1 ],
                 type |-> "WFTScheduled" ] >> ],
  timerPointer |-> 3,
  physicalHistory |-> <<>>,
  returnPC |-> "startResponse",
  effects |-> <<>>,
  cancels |-> <<>>,
  second |-> "none",
  clearTodo |-> {},
  clearReturn |-> "idle",
  handler |-> "start",
  caller |-> "none",
  selected |-> 0,
  inlineWorker |-> 0,
  commands |-> <<>>,
  closeCommand |-> FALSE,
  rejectTodo |-> {},
  successor |-> FALSE,
  skip |-> FALSE,
  clock |-> 1,
  limitRaised |-> FALSE,
  calls |->
      ( c1 :>
            [ uid |-> u2,
              op |-> "update",
              waitStage |-> "COMPLETED",
              status |-> "done",
              oid |-> 2,
              expired |-> TRUE,
              reply |->
                  [ stage |-> "ERROR",
                    result |-> [kind |-> "retry", value |-> "none"] ],
              active |-> TRUE ] @@
        c2 :>
            [ uid |-> u1,
              op |-> "update",
              waitStage |-> "COMPLETED",
              status |-> "wait",
              oid |-> 4,
              expired |-> FALSE,
              reply |->
                  [ stage |-> "NONE",
                    result |-> [kind |-> "pending", value |-> "none"] ],
              active |-> TRUE ] @@
        c3 :>
            [ uid |-> "none",
              op |-> "update",
              waitStage |-> "COMPLETED",
              status |-> "idle",
              oid |-> 0,
              expired |-> FALSE,
              reply |->
                  [ stage |-> "NONE",
                    result |-> [kind |-> "pending", value |-> "none"] ],
              active |-> FALSE ] @@
        c4 :>
            [ uid |-> "none",
              op |-> "update",
              waitStage |-> "COMPLETED",
              status |-> "idle",
              oid |-> 0,
              expired |-> FALSE,
              reply |->
                  [ stage |-> "NONE",
                    result |-> [kind |-> "pending", value |-> "none"] ],
              active |-> FALSE ] ),
  observed |->
      { [ stage |-> "ERROR",
          result |-> [kind |-> "retry", value |-> "none"],
          uid |-> u2,
          client |-> c1 ],
        [ stage |-> "ADMITTED",
          result |-> [kind |-> "pending", value |-> "none"],
          uid |-> u1,
          client |-> c2 ] },
  applied |-> {},
  timeoutApplications |-> {},
  everRequested |-> {u1, u2} ]
/\ faults = [ request |-> 2,
  callback |-> 0,
  normal |-> 1,
  matchingFailure |-> 1,
  ignore |-> 0,
  close |-> 0,
  noncommit |-> 1,
  uncertain |-> 0,
  appendTimeout |-> 0,
  lateError |-> 0,
  clear |-> 1,
  ownership |-> 2,
  restart |-> 0,
  timeout |-> 0,
  limit |-> 0,
  responseLoss |-> 1,
  crash |-> 1,
  duplicate |-> 0,
  workerLoss |-> 0 ]

State 62: <MCCreateRecordWorkflowTaskStartedResponse line 77, col 5 to line 78, col 23 of module MC>
/\ s = [ dispatch |->
      << [ kind |-> "Speculative",
           scheduled |-> 5,
           started |-> 0,
           startedTime |-> 0,
           attempt |-> 1,
           version |-> 1,
           stamp |-> 0,
           transient |-> FALSE,
           route |-> "sticky" ] >>,
  matching |-> <<>>,
  workers |->
      << [ delivered |-> {u1},
           accepted |-> {},
           status |-> "working",
           closed |-> FALSE,
           task |->
               [ kind |-> "Speculative",
                 scheduled |-> 5,
                 started |-> 6,
                 startedTime |-> 1,
                 attempt |-> 1,
                 version |-> 1,
                 stamp |-> 0,
                 transient |-> FALSE,
                 route |-> "sticky" ],
           plan |-> <<>> ] >>,
  objects |->
      << [ generation |-> 2,
           acceptedID |-> 0,
           uid |-> u2,
           state |-> "Admitted",
           accepted |-> "pending",
           outcome |-> [kind |-> "pending", value |-> "none"],
           callbacks |-> FALSE ],
         [ generation |-> 4,
           acceptedID |-> 0,
           uid |-> u2,
           state |-> "Aborted",
           accepted |-> "retry",
           outcome |-> [kind |-> "retry", value |-> "none"],
           callbacks |-> FALSE ],
         [ generation |-> 4,
           acceptedID |-> 0,
           uid |-> u1,
           state |-> "Aborted",
           accepted |-> "retry",
           outcome |-> [kind |-> "retry", value |-> "none"],
           callbacks |-> FALSE ],
         [ generation |-> 5,
           acceptedID |-> 0,
           uid |-> u1,
           state |-> "Sent",
           accepted |-> "pending",
           outcome |-> [kind |-> "pending", value |-> "none"],
           callbacks |-> FALSE ] >>,
  timers |->
      << [ timeout |-> "STS",
           task |->
               [ kind |-> "Speculative",
                 scheduled |-> 5,
                 started |-> 0,
                 startedTime |-> 0,
                 attempt |-> 1,
                 version |-> 1,
                 stamp |-> 0,
                 transient |-> FALSE,
                 route |-> "sticky" ],
           speculative |-> TRUE,
           eligible |-> TRUE,
           submitted |-> TRUE,
           cancelled |-> TRUE,
           consumed |-> FALSE ],
         [ timeout |-> "STS",
           task |->
               [ kind |-> "Speculative",
                 scheduled |-> 5,
                 started |-> 0,
                 startedTime |-> 0,
                 attempt |-> 1,
                 version |-> 1,
                 stamp |-> 0,
                 transient |-> FALSE,
                 route |-> "sticky" ],
           speculative |-> TRUE,
           eligible |-> TRUE,
           submitted |-> FALSE,
           cancelled |-> TRUE,
           consumed |-> FALSE ],
         [ timeout |-> "STC",
           task |->
               [ kind |-> "Speculative",
                 scheduled |-> 5,
                 started |-> 6,
                 startedTime |-> 1,
                 attempt |-> 1,
                 version |-> 1,
                 stamp |-> 0,
                 transient |-> FALSE,
                 route |-> "sticky" ],
           speculative |-> TRUE,
           eligible |-> FALSE,
           submitted |-> FALSE,
           cancelled |-> FALSE,
           consumed |-> FALSE ] >>,
  cache |-> (h1 :> <<>> @@ h2 :> <<>>),
  db |->
      [ next |-> 5,
        rv |-> 1,
        range |-> 4,
        info |->
            ( u1 :>
                  [ stage |-> "none",
                    result |-> [kind |-> "pending", value |-> "none"],
                    acceptedID |-> 0,
                    eventID |-> 0,
                    batchID |-> 0 ] @@
              u2 :>
                  [ stage |-> "none",
                    result |-> [kind |-> "pending", value |-> "none"],
                    acceptedID |-> 0,
                    eventID |-> 0,
                    batchID |-> 0 ] ),
        closed |-> FALSE,
        sticky |-> TRUE,
        task |->
            [ kind |-> "none",
              scheduled |-> 0,
              started |-> 0,
              startedTime |-> 0,
              attempt |-> 0,
              version |-> 1,
              stamp |-> 0,
              transient |-> FALSE,
              route |-> "normal" ],
        transfer |-> FALSE,
        events |-> <<>> ],
  ctx |->
      [ next |-> 5,
        generation |-> 5,
        rv |-> 1,
        range |-> 4,
        info |->
            ( u1 :>
                  [ stage |-> "none",
                    result |-> [kind |-> "pending", value |-> "none"],
                    acceptedID |-> 0,
                    eventID |-> 0,
                    batchID |-> 0 ] @@
              u2 :>
                  [ stage |-> "none",
                    result |-> [kind |-> "pending", value |-> "none"],
                    acceptedID |-> 0,
                    eventID |-> 0,
                    batchID |-> 0 ] ),
        closed |-> FALSE,
        sticky |-> TRUE,
        task |->
            [ kind |-> "Speculative",
              scheduled |-> 5,
              started |-> 6,
              startedTime |-> 1,
              attempt |-> 1,
              version |-> 1,
              stamp |-> 0,
              transient |-> FALSE,
              route |-> "sticky" ],
        transfer |-> FALSE,
        reg |-> (u1 :> 4 @@ u2 :> 0),
        loaded |-> TRUE,
        host |-> h1 ],
  active |->
      [ kind |-> "none",
        result |-> [kind |-> "pending", value |-> "none"],
        oid |-> 0,
        prev |-> "none" ],
  batch |-> <<>>,
  pc |-> "idle",
  acquiring |-> FALSE,
  write |->
      [ next |-> 6,
        rv |-> 1,
        state |-> "noncommit",
        returned |-> TRUE,
        error |-> "processLost",
        range |-> 1,
        info |->
            ( u1 :>
                  [ stage |-> "none",
                    result |-> [kind |-> "pending", value |-> "none"],
                    acceptedID |-> 0,
                    eventID |-> 0,
                    batchID |-> 0 ] @@
              u2 :>
                  [ stage |-> "none",
                    result |-> [kind |-> "pending", value |-> "none"],
                    acceptedID |-> 0,
                    eventID |-> 0,
                    batchID |-> 0 ] ),
        closed |-> FALSE,
        sticky |-> TRUE,
        task |->
            [ kind |-> "Normal",
              scheduled |-> 5,
              started |-> 0,
              startedTime |-> 0,
              attempt |-> 1,
              version |-> 1,
              stamp |-> 0,
              transient |-> FALSE,
              route |-> "sticky" ],
        transfer |-> TRUE,
        events |->
            << [ result |-> [kind |-> "pending", value |-> "none"],
                 batchID |-> 5,
                 uid |-> "none",
                 key |->
                     [ namespace |-> "namespace",
                       workflow |-> "workflow",
                       run |-> "run",
                       eventID |-> 5,
                       version |-> 1 ],
                 type |-> "WFTScheduled" ] >> ],
  timerPointer |-> 3,
  physicalHistory |-> <<>>,
  returnPC |-> "startResponse",
  effects |-> <<>>,
  cancels |-> <<>>,
  second |-> "none",
  clearTodo |-> {},
  clearReturn |-> "idle",
  handler |-> "start",
  caller |-> "none",
  selected |-> 0,
  inlineWorker |-> 0,
  commands |-> <<>>,
  closeCommand |-> FALSE,
  rejectTodo |-> {},
  successor |-> FALSE,
  skip |-> FALSE,
  clock |-> 1,
  limitRaised |-> FALSE,
  calls |->
      ( c1 :>
            [ uid |-> u2,
              op |-> "update",
              waitStage |-> "COMPLETED",
              status |-> "done",
              oid |-> 2,
              expired |-> TRUE,
              reply |->
                  [ stage |-> "ERROR",
                    result |-> [kind |-> "retry", value |-> "none"] ],
              active |-> TRUE ] @@
        c2 :>
            [ uid |-> u1,
              op |-> "update",
              waitStage |-> "COMPLETED",
              status |-> "wait",
              oid |-> 4,
              expired |-> FALSE,
              reply |->
                  [ stage |-> "NONE",
                    result |-> [kind |-> "pending", value |-> "none"] ],
              active |-> TRUE ] @@
        c3 :>
            [ uid |-> "none",
              op |-> "update",
              waitStage |-> "COMPLETED",
              status |-> "idle",
              oid |-> 0,
              expired |-> FALSE,
              reply |->
                  [ stage |-> "NONE",
                    result |-> [kind |-> "pending", value |-> "none"] ],
              active |-> FALSE ] @@
        c4 :>
            [ uid |-> "none",
              op |-> "update",
              waitStage |-> "COMPLETED",
              status |-> "idle",
              oid |-> 0,
              expired |-> FALSE,
              reply |->
                  [ stage |-> "NONE",
                    result |-> [kind |-> "pending", value |-> "none"] ],
              active |-> FALSE ] ),
  observed |->
      { [ stage |-> "ERROR",
          result |-> [kind |-> "retry", value |-> "none"],
          uid |-> u2,
          client |-> c1 ],
        [ stage |-> "ADMITTED",
          result |-> [kind |-> "pending", value |-> "none"],
          uid |-> u1,
          client |-> c2 ] },
  applied |-> {},
  timeoutApplications |-> {},
  everRequested |-> {u1, u2} ]
/\ faults = [ request |-> 2,
  callback |-> 0,
  normal |-> 1,
  matchingFailure |-> 1,
  ignore |-> 0,
  close |-> 0,
  noncommit |-> 1,
  uncertain |-> 0,
  appendTimeout |-> 0,
  lateError |-> 0,
  clear |-> 1,
  ownership |-> 2,
  restart |-> 0,
  timeout |-> 0,
  limit |-> 0,
  responseLoss |-> 1,
  crash |-> 1,
  duplicate |-> 0,
  workerLoss |-> 0 ]

State 63: <MCWaitLifecycleStageSoftTimeout(c2) line 344, col 5 to line 345, col 23 of module MC>
/\ s = [ dispatch |->
      << [ kind |-> "Speculative",
           scheduled |-> 5,
           started |-> 0,
           startedTime |-> 0,
           attempt |-> 1,
           version |-> 1,
           stamp |-> 0,
           transient |-> FALSE,
           route |-> "sticky" ] >>,
  matching |-> <<>>,
  workers |->
      << [ delivered |-> {u1},
           accepted |-> {},
           status |-> "working",
           closed |-> FALSE,
           task |->
               [ kind |-> "Speculative",
                 scheduled |-> 5,
                 started |-> 6,
                 startedTime |-> 1,
                 attempt |-> 1,
                 version |-> 1,
                 stamp |-> 0,
                 transient |-> FALSE,
                 route |-> "sticky" ],
           plan |-> <<>> ] >>,
  objects |->
      << [ generation |-> 2,
           acceptedID |-> 0,
           uid |-> u2,
           state |-> "Admitted",
           accepted |-> "pending",
           outcome |-> [kind |-> "pending", value |-> "none"],
           callbacks |-> FALSE ],
         [ generation |-> 4,
           acceptedID |-> 0,
           uid |-> u2,
           state |-> "Aborted",
           accepted |-> "retry",
           outcome |-> [kind |-> "retry", value |-> "none"],
           callbacks |-> FALSE ],
         [ generation |-> 4,
           acceptedID |-> 0,
           uid |-> u1,
           state |-> "Aborted",
           accepted |-> "retry",
           outcome |-> [kind |-> "retry", value |-> "none"],
           callbacks |-> FALSE ],
         [ generation |-> 5,
           acceptedID |-> 0,
           uid |-> u1,
           state |-> "Sent",
           accepted |-> "pending",
           outcome |-> [kind |-> "pending", value |-> "none"],
           callbacks |-> FALSE ] >>,
  timers |->
      << [ timeout |-> "STS",
           task |->
               [ kind |-> "Speculative",
                 scheduled |-> 5,
                 started |-> 0,
                 startedTime |-> 0,
                 attempt |-> 1,
                 version |-> 1,
                 stamp |-> 0,
                 transient |-> FALSE,
                 route |-> "sticky" ],
           speculative |-> TRUE,
           eligible |-> TRUE,
           submitted |-> TRUE,
           cancelled |-> TRUE,
           consumed |-> FALSE ],
         [ timeout |-> "STS",
           task |->
               [ kind |-> "Speculative",
                 scheduled |-> 5,
                 started |-> 0,
                 startedTime |-> 0,
                 attempt |-> 1,
                 version |-> 1,
                 stamp |-> 0,
                 transient |-> FALSE,
                 route |-> "sticky" ],
           speculative |-> TRUE,
           eligible |-> TRUE,
           submitted |-> FALSE,
           cancelled |-> TRUE,
           consumed |-> FALSE ],
         [ timeout |-> "STC",
           task |->
               [ kind |-> "Speculative",
                 scheduled |-> 5,
                 started |-> 6,
                 startedTime |-> 1,
                 attempt |-> 1,
                 version |-> 1,
                 stamp |-> 0,
                 transient |-> FALSE,
                 route |-> "sticky" ],
           speculative |-> TRUE,
           eligible |-> FALSE,
           submitted |-> FALSE,
           cancelled |-> FALSE,
           consumed |-> FALSE ] >>,
  cache |-> (h1 :> <<>> @@ h2 :> <<>>),
  db |->
      [ next |-> 5,
        rv |-> 1,
        range |-> 4,
        info |->
            ( u1 :>
                  [ stage |-> "none",
                    result |-> [kind |-> "pending", value |-> "none"],
                    acceptedID |-> 0,
                    eventID |-> 0,
                    batchID |-> 0 ] @@
              u2 :>
                  [ stage |-> "none",
                    result |-> [kind |-> "pending", value |-> "none"],
                    acceptedID |-> 0,
                    eventID |-> 0,
                    batchID |-> 0 ] ),
        closed |-> FALSE,
        sticky |-> TRUE,
        task |->
            [ kind |-> "none",
              scheduled |-> 0,
              started |-> 0,
              startedTime |-> 0,
              attempt |-> 0,
              version |-> 1,
              stamp |-> 0,
              transient |-> FALSE,
              route |-> "normal" ],
        transfer |-> FALSE,
        events |-> <<>> ],
  ctx |->
      [ next |-> 5,
        generation |-> 5,
        rv |-> 1,
        range |-> 4,
        info |->
            ( u1 :>
                  [ stage |-> "none",
                    result |-> [kind |-> "pending", value |-> "none"],
                    acceptedID |-> 0,
                    eventID |-> 0,
                    batchID |-> 0 ] @@
              u2 :>
                  [ stage |-> "none",
                    result |-> [kind |-> "pending", value |-> "none"],
                    acceptedID |-> 0,
                    eventID |-> 0,
                    batchID |-> 0 ] ),
        closed |-> FALSE,
        sticky |-> TRUE,
        task |->
            [ kind |-> "Speculative",
              scheduled |-> 5,
              started |-> 6,
              startedTime |-> 1,
              attempt |-> 1,
              version |-> 1,
              stamp |-> 0,
              transient |-> FALSE,
              route |-> "sticky" ],
        transfer |-> FALSE,
        reg |-> (u1 :> 4 @@ u2 :> 0),
        loaded |-> TRUE,
        host |-> h1 ],
  active |->
      [ kind |-> "none",
        result |-> [kind |-> "pending", value |-> "none"],
        oid |-> 0,
        prev |-> "none" ],
  batch |-> <<>>,
  pc |-> "idle",
  acquiring |-> FALSE,
  write |->
      [ next |-> 6,
        rv |-> 1,
        state |-> "noncommit",
        returned |-> TRUE,
        error |-> "processLost",
        range |-> 1,
        info |->
            ( u1 :>
                  [ stage |-> "none",
                    result |-> [kind |-> "pending", value |-> "none"],
                    acceptedID |-> 0,
                    eventID |-> 0,
                    batchID |-> 0 ] @@
              u2 :>
                  [ stage |-> "none",
                    result |-> [kind |-> "pending", value |-> "none"],
                    acceptedID |-> 0,
                    eventID |-> 0,
                    batchID |-> 0 ] ),
        closed |-> FALSE,
        sticky |-> TRUE,
        task |->
            [ kind |-> "Normal",
              scheduled |-> 5,
              started |-> 0,
              startedTime |-> 0,
              attempt |-> 1,
              version |-> 1,
              stamp |-> 0,
              transient |-> FALSE,
              route |-> "sticky" ],
        transfer |-> TRUE,
        events |->
            << [ result |-> [kind |-> "pending", value |-> "none"],
                 batchID |-> 5,
                 uid |-> "none",
                 key |->
                     [ namespace |-> "namespace",
                       workflow |-> "workflow",
                       run |-> "run",
                       eventID |-> 5,
                       version |-> 1 ],
                 type |-> "WFTScheduled" ] >> ],
  timerPointer |-> 3,
  physicalHistory |-> <<>>,
  returnPC |-> "startResponse",
  effects |-> <<>>,
  cancels |-> <<>>,
  second |-> "none",
  clearTodo |-> {},
  clearReturn |-> "idle",
  handler |-> "start",
  caller |-> "none",
  selected |-> 0,
  inlineWorker |-> 0,
  commands |-> <<>>,
  closeCommand |-> FALSE,
  rejectTodo |-> {},
  successor |-> FALSE,
  skip |-> FALSE,
  clock |-> 1,
  limitRaised |-> FALSE,
  calls |->
      ( c1 :>
            [ uid |-> u2,
              op |-> "update",
              waitStage |-> "COMPLETED",
              status |-> "done",
              oid |-> 2,
              expired |-> TRUE,
              reply |->
                  [ stage |-> "ERROR",
                    result |-> [kind |-> "retry", value |-> "none"] ],
              active |-> TRUE ] @@
        c2 :>
            [ uid |-> u1,
              op |-> "update",
              waitStage |-> "COMPLETED",
              status |-> "wait",
              oid |-> 4,
              expired |-> TRUE,
              reply |->
                  [ stage |-> "NONE",
                    result |-> [kind |-> "pending", value |-> "none"] ],
              active |-> TRUE ] @@
        c3 :>
            [ uid |-> "none",
              op |-> "update",
              waitStage |-> "COMPLETED",
              status |-> "idle",
              oid |-> 0,
              expired |-> FALSE,
              reply |->
                  [ stage |-> "NONE",
                    result |-> [kind |-> "pending", value |-> "none"] ],
              active |-> FALSE ] @@
        c4 :>
            [ uid |-> "none",
              op |-> "update",
              waitStage |-> "COMPLETED",
              status |-> "idle",
              oid |-> 0,
              expired |-> FALSE,
              reply |->
                  [ stage |-> "NONE",
                    result |-> [kind |-> "pending", value |-> "none"] ],
              active |-> FALSE ] ),
  observed |->
      { [ stage |-> "ERROR",
          result |-> [kind |-> "retry", value |-> "none"],
          uid |-> u2,
          client |-> c1 ],
        [ stage |-> "ADMITTED",
          result |-> [kind |-> "pending", value |-> "none"],
          uid |-> u1,
          client |-> c2 ] },
  applied |-> {},
  timeoutApplications |-> {},
  everRequested |-> {u1, u2} ]
/\ faults = [ request |-> 2,
  callback |-> 0,
  normal |-> 1,
  matchingFailure |-> 1,
  ignore |-> 0,
  close |-> 0,
  noncommit |-> 1,
  uncertain |-> 0,
  appendTimeout |-> 0,
  lateError |-> 0,
  clear |-> 1,
  ownership |-> 2,
  restart |-> 0,
  timeout |-> 0,
  limit |-> 0,
  responseLoss |-> 1,
  crash |-> 1,
  duplicate |-> 0,
  workerLoss |-> 0 ]

State 64: <MCNext line 390, col 8 to line 391, col 87 of module MC>
/\ s = [ dispatch |-> <<>>,
  matching |->
      << [ kind |-> "Speculative",
           scheduled |-> 5,
           started |-> 0,
           startedTime |-> 0,
           attempt |-> 1,
           version |-> 1,
           stamp |-> 0,
           transient |-> FALSE,
           route |-> "sticky" ] >>,
  workers |->
      << [ delivered |-> {u1},
           accepted |-> {},
           status |-> "working",
           closed |-> FALSE,
           task |->
               [ kind |-> "Speculative",
                 scheduled |-> 5,
                 started |-> 6,
                 startedTime |-> 1,
                 attempt |-> 1,
                 version |-> 1,
                 stamp |-> 0,
                 transient |-> FALSE,
                 route |-> "sticky" ],
           plan |-> <<>> ] >>,
  objects |->
      << [ generation |-> 2,
           acceptedID |-> 0,
           uid |-> u2,
           state |-> "Admitted",
           accepted |-> "pending",
           outcome |-> [kind |-> "pending", value |-> "none"],
           callbacks |-> FALSE ],
         [ generation |-> 4,
           acceptedID |-> 0,
           uid |-> u2,
           state |-> "Aborted",
           accepted |-> "retry",
           outcome |-> [kind |-> "retry", value |-> "none"],
           callbacks |-> FALSE ],
         [ generation |-> 4,
           acceptedID |-> 0,
           uid |-> u1,
           state |-> "Aborted",
           accepted |-> "retry",
           outcome |-> [kind |-> "retry", value |-> "none"],
           callbacks |-> FALSE ],
         [ generation |-> 5,
           acceptedID |-> 0,
           uid |-> u1,
           state |-> "Sent",
           accepted |-> "pending",
           outcome |-> [kind |-> "pending", value |-> "none"],
           callbacks |-> FALSE ] >>,
  timers |->
      << [ timeout |-> "STS",
           task |->
               [ kind |-> "Speculative",
                 scheduled |-> 5,
                 started |-> 0,
                 startedTime |-> 0,
                 attempt |-> 1,
                 version |-> 1,
                 stamp |-> 0,
                 transient |-> FALSE,
                 route |-> "sticky" ],
           speculative |-> TRUE,
           eligible |-> TRUE,
           submitted |-> TRUE,
           cancelled |-> TRUE,
           consumed |-> FALSE ],
         [ timeout |-> "STS",
           task |->
               [ kind |-> "Speculative",
                 scheduled |-> 5,
                 started |-> 0,
                 startedTime |-> 0,
                 attempt |-> 1,
                 version |-> 1,
                 stamp |-> 0,
                 transient |-> FALSE,
                 route |-> "sticky" ],
           speculative |-> TRUE,
           eligible |-> TRUE,
           submitted |-> FALSE,
           cancelled |-> TRUE,
           consumed |-> FALSE ],
         [ timeout |-> "STC",
           task |->
               [ kind |-> "Speculative",
                 scheduled |-> 5,
                 started |-> 6,
                 startedTime |-> 1,
                 attempt |-> 1,
                 version |-> 1,
                 stamp |-> 0,
                 transient |-> FALSE,
                 route |-> "sticky" ],
           speculative |-> TRUE,
           eligible |-> FALSE,
           submitted |-> FALSE,
           cancelled |-> FALSE,
           consumed |-> FALSE ] >>,
  cache |-> (h1 :> <<>> @@ h2 :> <<>>),
  db |->
      [ next |-> 5,
        rv |-> 1,
        range |-> 4,
        info |->
            ( u1 :>
                  [ stage |-> "none",
                    result |-> [kind |-> "pending", value |-> "none"],
                    acceptedID |-> 0,
                    eventID |-> 0,
                    batchID |-> 0 ] @@
              u2 :>
                  [ stage |-> "none",
                    result |-> [kind |-> "pending", value |-> "none"],
                    acceptedID |-> 0,
                    eventID |-> 0,
                    batchID |-> 0 ] ),
        closed |-> FALSE,
        sticky |-> TRUE,
        task |->
            [ kind |-> "none",
              scheduled |-> 0,
              started |-> 0,
              startedTime |-> 0,
              attempt |-> 0,
              version |-> 1,
              stamp |-> 0,
              transient |-> FALSE,
              route |-> "normal" ],
        transfer |-> FALSE,
        events |-> <<>> ],
  ctx |->
      [ next |-> 5,
        generation |-> 5,
        rv |-> 1,
        range |-> 4,
        info |->
            ( u1 :>
                  [ stage |-> "none",
                    result |-> [kind |-> "pending", value |-> "none"],
                    acceptedID |-> 0,
                    eventID |-> 0,
                    batchID |-> 0 ] @@
              u2 :>
                  [ stage |-> "none",
                    result |-> [kind |-> "pending", value |-> "none"],
                    acceptedID |-> 0,
                    eventID |-> 0,
                    batchID |-> 0 ] ),
        closed |-> FALSE,
        sticky |-> TRUE,
        task |->
            [ kind |-> "Speculative",
              scheduled |-> 5,
              started |-> 6,
              startedTime |-> 1,
              attempt |-> 1,
              version |-> 1,
              stamp |-> 0,
              transient |-> FALSE,
              route |-> "sticky" ],
        transfer |-> FALSE,
        reg |-> (u1 :> 4 @@ u2 :> 0),
        loaded |-> TRUE,
        host |-> h1 ],
  active |->
      [ kind |-> "none",
        result |-> [kind |-> "pending", value |-> "none"],
        oid |-> 0,
        prev |-> "none" ],
  batch |-> <<>>,
  pc |-> "idle",
  acquiring |-> FALSE,
  write |->
      [ next |-> 6,
        rv |-> 1,
        state |-> "noncommit",
        returned |-> TRUE,
        error |-> "processLost",
        range |-> 1,
        info |->
            ( u1 :>
                  [ stage |-> "none",
                    result |-> [kind |-> "pending", value |-> "none"],
                    acceptedID |-> 0,
                    eventID |-> 0,
                    batchID |-> 0 ] @@
              u2 :>
                  [ stage |-> "none",
                    result |-> [kind |-> "pending", value |-> "none"],
                    acceptedID |-> 0,
                    eventID |-> 0,
                    batchID |-> 0 ] ),
        closed |-> FALSE,
        sticky |-> TRUE,
        task |->
            [ kind |-> "Normal",
              scheduled |-> 5,
              started |-> 0,
              startedTime |-> 0,
              attempt |-> 1,
              version |-> 1,
              stamp |-> 0,
              transient |-> FALSE,
              route |-> "sticky" ],
        transfer |-> TRUE,
        events |->
            << [ result |-> [kind |-> "pending", value |-> "none"],
                 batchID |-> 5,
                 uid |-> "none",
                 key |->
                     [ namespace |-> "namespace",
                       workflow |-> "workflow",
                       run |-> "run",
                       eventID |-> 5,
                       version |-> 1 ],
                 type |-> "WFTScheduled" ] >> ],
  timerPointer |-> 3,
  physicalHistory |-> <<>>,
  returnPC |-> "startResponse",
  effects |-> <<>>,
  cancels |-> <<>>,
  second |-> "none",
  clearTodo |-> {},
  clearReturn |-> "idle",
  handler |-> "start",
  caller |-> "none",
  selected |-> 0,
  inlineWorker |-> 0,
  commands |-> <<>>,
  closeCommand |-> FALSE,
  rejectTodo |-> {},
  successor |-> FALSE,
  skip |-> FALSE,
  clock |-> 1,
  limitRaised |-> FALSE,
  calls |->
      ( c1 :>
            [ uid |-> u2,
              op |-> "update",
              waitStage |-> "COMPLETED",
              status |-> "done",
              oid |-> 2,
              expired |-> TRUE,
              reply |->
                  [ stage |-> "ERROR",
                    result |-> [kind |-> "retry", value |-> "none"] ],
              active |-> TRUE ] @@
        c2 :>
            [ uid |-> u1,
              op |-> "update",
              waitStage |-> "COMPLETED",
              status |-> "wait",
              oid |-> 4,
              expired |-> TRUE,
              reply |->
                  [ stage |-> "NONE",
                    result |-> [kind |-> "pending", value |-> "none"] ],
              active |-> TRUE ] @@
        c3 :>
            [ uid |-> "none",
              op |-> "update",
              waitStage |-> "COMPLETED",
              status |-> "idle",
              oid |-> 0,
              expired |-> FALSE,
              reply |->
                  [ stage |-> "NONE",
                    result |-> [kind |-> "pending", value |-> "none"] ],
              active |-> FALSE ] @@
        c4 :>
            [ uid |-> "none",
              op |-> "update",
              waitStage |-> "COMPLETED",
              status |-> "idle",
              oid |-> 0,
              expired |-> FALSE,
              reply |->
                  [ stage |-> "NONE",
                    result |-> [kind |-> "pending", value |-> "none"] ],
              active |-> FALSE ] ),
  observed |->
      { [ stage |-> "ERROR",
          result |-> [kind |-> "retry", value |-> "none"],
          uid |-> u2,
          client |-> c1 ],
        [ stage |-> "ADMITTED",
          result |-> [kind |-> "pending", value |-> "none"],
          uid |-> u1,
          client |-> c2 ] },
  applied |-> {},
  timeoutApplications |-> {},
  everRequested |-> {u1, u2} ]
/\ faults = [ request |-> 2,
  callback |-> 0,
  normal |-> 1,
  matchingFailure |-> 1,
  ignore |-> 0,
  close |-> 0,
  noncommit |-> 1,
  uncertain |-> 0,
  appendTimeout |-> 0,
  lateError |-> 0,
  clear |-> 1,
  ownership |-> 2,
  restart |-> 0,
  timeout |-> 0,
  limit |-> 0,
  responseLoss |-> 1,
  crash |-> 1,
  duplicate |-> 0,
  workerLoss |-> 0 ]

State 65: <MCNext line 392, col 8 to line 392, col 108 of module MC>
/\ s = [ dispatch |-> <<>>,
  matching |-> <<>>,
  workers |->
      << [ delivered |-> {u1},
           accepted |-> {},
           status |-> "working",
           closed |-> FALSE,
           task |->
               [ kind |-> "Speculative",
                 scheduled |-> 5,
                 started |-> 6,
                 startedTime |-> 1,
                 attempt |-> 1,
                 version |-> 1,
                 stamp |-> 0,
                 transient |-> FALSE,
                 route |-> "sticky" ],
           plan |-> <<>> ] >>,
  objects |->
      << [ generation |-> 2,
           acceptedID |-> 0,
           uid |-> u2,
           state |-> "Admitted",
           accepted |-> "pending",
           outcome |-> [kind |-> "pending", value |-> "none"],
           callbacks |-> FALSE ],
         [ generation |-> 4,
           acceptedID |-> 0,
           uid |-> u2,
           state |-> "Aborted",
           accepted |-> "retry",
           outcome |-> [kind |-> "retry", value |-> "none"],
           callbacks |-> FALSE ],
         [ generation |-> 4,
           acceptedID |-> 0,
           uid |-> u1,
           state |-> "Aborted",
           accepted |-> "retry",
           outcome |-> [kind |-> "retry", value |-> "none"],
           callbacks |-> FALSE ],
         [ generation |-> 5,
           acceptedID |-> 0,
           uid |-> u1,
           state |-> "Sent",
           accepted |-> "pending",
           outcome |-> [kind |-> "pending", value |-> "none"],
           callbacks |-> FALSE ] >>,
  timers |->
      << [ timeout |-> "STS",
           task |->
               [ kind |-> "Speculative",
                 scheduled |-> 5,
                 started |-> 0,
                 startedTime |-> 0,
                 attempt |-> 1,
                 version |-> 1,
                 stamp |-> 0,
                 transient |-> FALSE,
                 route |-> "sticky" ],
           speculative |-> TRUE,
           eligible |-> TRUE,
           submitted |-> TRUE,
           cancelled |-> TRUE,
           consumed |-> FALSE ],
         [ timeout |-> "STS",
           task |->
               [ kind |-> "Speculative",
                 scheduled |-> 5,
                 started |-> 0,
                 startedTime |-> 0,
                 attempt |-> 1,
                 version |-> 1,
                 stamp |-> 0,
                 transient |-> FALSE,
                 route |-> "sticky" ],
           speculative |-> TRUE,
           eligible |-> TRUE,
           submitted |-> FALSE,
           cancelled |-> TRUE,
           consumed |-> FALSE ],
         [ timeout |-> "STC",
           task |->
               [ kind |-> "Speculative",
                 scheduled |-> 5,
                 started |-> 6,
                 startedTime |-> 1,
                 attempt |-> 1,
                 version |-> 1,
                 stamp |-> 0,
                 transient |-> FALSE,
                 route |-> "sticky" ],
           speculative |-> TRUE,
           eligible |-> FALSE,
           submitted |-> FALSE,
           cancelled |-> FALSE,
           consumed |-> FALSE ] >>,
  cache |-> (h1 :> <<>> @@ h2 :> <<>>),
  db |->
      [ next |-> 5,
        rv |-> 1,
        range |-> 4,
        info |->
            ( u1 :>
                  [ stage |-> "none",
                    result |-> [kind |-> "pending", value |-> "none"],
                    acceptedID |-> 0,
                    eventID |-> 0,
                    batchID |-> 0 ] @@
              u2 :>
                  [ stage |-> "none",
                    result |-> [kind |-> "pending", value |-> "none"],
                    acceptedID |-> 0,
                    eventID |-> 0,
                    batchID |-> 0 ] ),
        closed |-> FALSE,
        sticky |-> TRUE,
        task |->
            [ kind |-> "none",
              scheduled |-> 0,
              started |-> 0,
              startedTime |-> 0,
              attempt |-> 0,
              version |-> 1,
              stamp |-> 0,
              transient |-> FALSE,
              route |-> "normal" ],
        transfer |-> FALSE,
        events |-> <<>> ],
  ctx |->
      [ next |-> 5,
        generation |-> 5,
        rv |-> 1,
        range |-> 4,
        info |->
            ( u1 :>
                  [ stage |-> "none",
                    result |-> [kind |-> "pending", value |-> "none"],
                    acceptedID |-> 0,
                    eventID |-> 0,
                    batchID |-> 0 ] @@
              u2 :>
                  [ stage |-> "none",
                    result |-> [kind |-> "pending", value |-> "none"],
                    acceptedID |-> 0,
                    eventID |-> 0,
                    batchID |-> 0 ] ),
        closed |-> FALSE,
        sticky |-> TRUE,
        task |->
            [ kind |-> "Speculative",
              scheduled |-> 5,
              started |-> 6,
              startedTime |-> 1,
              attempt |-> 1,
              version |-> 1,
              stamp |-> 0,
              transient |-> FALSE,
              route |-> "sticky" ],
        transfer |-> FALSE,
        reg |-> (u1 :> 4 @@ u2 :> 0),
        loaded |-> TRUE,
        host |-> h1 ],
  active |->
      [ kind |-> "none",
        result |-> [kind |-> "pending", value |-> "none"],
        oid |-> 0,
        prev |-> "none" ],
  batch |-> <<>>,
  pc |-> "idle",
  acquiring |-> FALSE,
  write |->
      [ next |-> 6,
        rv |-> 1,
        state |-> "noncommit",
        returned |-> TRUE,
        error |-> "processLost",
        range |-> 1,
        info |->
            ( u1 :>
                  [ stage |-> "none",
                    result |-> [kind |-> "pending", value |-> "none"],
                    acceptedID |-> 0,
                    eventID |-> 0,
                    batchID |-> 0 ] @@
              u2 :>
                  [ stage |-> "none",
                    result |-> [kind |-> "pending", value |-> "none"],
                    acceptedID |-> 0,
                    eventID |-> 0,
                    batchID |-> 0 ] ),
        closed |-> FALSE,
        sticky |-> TRUE,
        task |->
            [ kind |-> "Normal",
              scheduled |-> 5,
              started |-> 0,
              startedTime |-> 0,
              attempt |-> 1,
              version |-> 1,
              stamp |-> 0,
              transient |-> FALSE,
              route |-> "sticky" ],
        transfer |-> TRUE,
        events |->
            << [ result |-> [kind |-> "pending", value |-> "none"],
                 batchID |-> 5,
                 uid |-> "none",
                 key |->
                     [ namespace |-> "namespace",
                       workflow |-> "workflow",
                       run |-> "run",
                       eventID |-> 5,
                       version |-> 1 ],
                 type |-> "WFTScheduled" ] >> ],
  timerPointer |-> 3,
  physicalHistory |-> <<>>,
  returnPC |-> "startResponse",
  effects |-> <<>>,
  cancels |-> <<>>,
  second |-> "none",
  clearTodo |-> {},
  clearReturn |-> "idle",
  handler |-> "start",
  caller |-> "none",
  selected |-> 0,
  inlineWorker |-> 0,
  commands |-> <<>>,
  closeCommand |-> FALSE,
  rejectTodo |-> {},
  successor |-> FALSE,
  skip |-> FALSE,
  clock |-> 1,
  limitRaised |-> FALSE,
  calls |->
      ( c1 :>
            [ uid |-> u2,
              op |-> "update",
              waitStage |-> "COMPLETED",
              status |-> "done",
              oid |-> 2,
              expired |-> TRUE,
              reply |->
                  [ stage |-> "ERROR",
                    result |-> [kind |-> "retry", value |-> "none"] ],
              active |-> TRUE ] @@
        c2 :>
            [ uid |-> u1,
              op |-> "update",
              waitStage |-> "COMPLETED",
              status |-> "wait",
              oid |-> 4,
              expired |-> TRUE,
              reply |->
                  [ stage |-> "NONE",
                    result |-> [kind |-> "pending", value |-> "none"] ],
              active |-> TRUE ] @@
        c3 :>
            [ uid |-> "none",
              op |-> "update",
              waitStage |-> "COMPLETED",
              status |-> "idle",
              oid |-> 0,
              expired |-> FALSE,
              reply |->
                  [ stage |-> "NONE",
                    result |-> [kind |-> "pending", value |-> "none"] ],
              active |-> FALSE ] @@
        c4 :>
            [ uid |-> "none",
              op |-> "update",
              waitStage |-> "COMPLETED",
              status |-> "idle",
              oid |-> 0,
              expired |-> FALSE,
              reply |->
                  [ stage |-> "NONE",
                    result |-> [kind |-> "pending", value |-> "none"] ],
              active |-> FALSE ] ),
  observed |->
      { [ stage |-> "ERROR",
          result |-> [kind |-> "retry", value |-> "none"],
          uid |-> u2,
          client |-> c1 ],
        [ stage |-> "ADMITTED",
          result |-> [kind |-> "pending", value |-> "none"],
          uid |-> u1,
          client |-> c2 ] },
  applied |-> {},
  timeoutApplications |-> {},
  everRequested |-> {u1, u2} ]
/\ faults = [ request |-> 2,
  callback |-> 0,
  normal |-> 1,
  matchingFailure |-> 1,
  ignore |-> 0,
  close |-> 0,
  noncommit |-> 1,
  uncertain |-> 0,
  appendTimeout |-> 0,
  lateError |-> 0,
  clear |-> 1,
  ownership |-> 2,
  restart |-> 0,
  timeout |-> 0,
  limit |-> 0,
  responseLoss |-> 1,
  crash |-> 1,
  duplicate |-> 0,
  workerLoss |-> 0 ]

State 66: <MCWaitLifecycleStageOutcome(c2) line 332, col 5 to line 333, col 23 of module MC>
/\ s = [ dispatch |-> <<>>,
  matching |-> <<>>,
  workers |->
      << [ delivered |-> {u1},
           accepted |-> {},
           status |-> "working",
           closed |-> FALSE,
           task |->
               [ kind |-> "Speculative",
                 scheduled |-> 5,
                 started |-> 6,
                 startedTime |-> 1,
                 attempt |-> 1,
                 version |-> 1,
                 stamp |-> 0,
                 transient |-> FALSE,
                 route |-> "sticky" ],
           plan |-> <<>> ] >>,
  objects |->
      << [ generation |-> 2,
           acceptedID |-> 0,
           uid |-> u2,
           state |-> "Admitted",
           accepted |-> "pending",
           outcome |-> [kind |-> "pending", value |-> "none"],
           callbacks |-> FALSE ],
         [ generation |-> 4,
           acceptedID |-> 0,
           uid |-> u2,
           state |-> "Aborted",
           accepted |-> "retry",
           outcome |-> [kind |-> "retry", value |-> "none"],
           callbacks |-> FALSE ],
         [ generation |-> 4,
           acceptedID |-> 0,
           uid |-> u1,
           state |-> "Aborted",
           accepted |-> "retry",
           outcome |-> [kind |-> "retry", value |-> "none"],
           callbacks |-> FALSE ],
         [ generation |-> 5,
           acceptedID |-> 0,
           uid |-> u1,
           state |-> "Sent",
           accepted |-> "pending",
           outcome |-> [kind |-> "pending", value |-> "none"],
           callbacks |-> FALSE ] >>,
  timers |->
      << [ timeout |-> "STS",
           task |->
               [ kind |-> "Speculative",
                 scheduled |-> 5,
                 started |-> 0,
                 startedTime |-> 0,
                 attempt |-> 1,
                 version |-> 1,
                 stamp |-> 0,
                 transient |-> FALSE,
                 route |-> "sticky" ],
           speculative |-> TRUE,
           eligible |-> TRUE,
           submitted |-> TRUE,
           cancelled |-> TRUE,
           consumed |-> FALSE ],
         [ timeout |-> "STS",
           task |->
               [ kind |-> "Speculative",
                 scheduled |-> 5,
                 started |-> 0,
                 startedTime |-> 0,
                 attempt |-> 1,
                 version |-> 1,
                 stamp |-> 0,
                 transient |-> FALSE,
                 route |-> "sticky" ],
           speculative |-> TRUE,
           eligible |-> TRUE,
           submitted |-> FALSE,
           cancelled |-> TRUE,
           consumed |-> FALSE ],
         [ timeout |-> "STC",
           task |->
               [ kind |-> "Speculative",
                 scheduled |-> 5,
                 started |-> 6,
                 startedTime |-> 1,
                 attempt |-> 1,
                 version |-> 1,
                 stamp |-> 0,
                 transient |-> FALSE,
                 route |-> "sticky" ],
           speculative |-> TRUE,
           eligible |-> FALSE,
           submitted |-> FALSE,
           cancelled |-> FALSE,
           consumed |-> FALSE ] >>,
  cache |-> (h1 :> <<>> @@ h2 :> <<>>),
  db |->
      [ next |-> 5,
        rv |-> 1,
        range |-> 4,
        info |->
            ( u1 :>
                  [ stage |-> "none",
                    result |-> [kind |-> "pending", value |-> "none"],
                    acceptedID |-> 0,
                    eventID |-> 0,
                    batchID |-> 0 ] @@
              u2 :>
                  [ stage |-> "none",
                    result |-> [kind |-> "pending", value |-> "none"],
                    acceptedID |-> 0,
                    eventID |-> 0,
                    batchID |-> 0 ] ),
        closed |-> FALSE,
        sticky |-> TRUE,
        task |->
            [ kind |-> "none",
              scheduled |-> 0,
              started |-> 0,
              startedTime |-> 0,
              attempt |-> 0,
              version |-> 1,
              stamp |-> 0,
              transient |-> FALSE,
              route |-> "normal" ],
        transfer |-> FALSE,
        events |-> <<>> ],
  ctx |->
      [ next |-> 5,
        generation |-> 5,
        rv |-> 1,
        range |-> 4,
        info |->
            ( u1 :>
                  [ stage |-> "none",
                    result |-> [kind |-> "pending", value |-> "none"],
                    acceptedID |-> 0,
                    eventID |-> 0,
                    batchID |-> 0 ] @@
              u2 :>
                  [ stage |-> "none",
                    result |-> [kind |-> "pending", value |-> "none"],
                    acceptedID |-> 0,
                    eventID |-> 0,
                    batchID |-> 0 ] ),
        closed |-> FALSE,
        sticky |-> TRUE,
        task |->
            [ kind |-> "Speculative",
              scheduled |-> 5,
              started |-> 6,
              startedTime |-> 1,
              attempt |-> 1,
              version |-> 1,
              stamp |-> 0,
              transient |-> FALSE,
              route |-> "sticky" ],
        transfer |-> FALSE,
        reg |-> (u1 :> 4 @@ u2 :> 0),
        loaded |-> TRUE,
        host |-> h1 ],
  active |->
      [ kind |-> "none",
        result |-> [kind |-> "pending", value |-> "none"],
        oid |-> 0,
        prev |-> "none" ],
  batch |-> <<>>,
  pc |-> "idle",
  acquiring |-> FALSE,
  write |->
      [ next |-> 6,
        rv |-> 1,
        state |-> "noncommit",
        returned |-> TRUE,
        error |-> "processLost",
        range |-> 1,
        info |->
            ( u1 :>
                  [ stage |-> "none",
                    result |-> [kind |-> "pending", value |-> "none"],
                    acceptedID |-> 0,
                    eventID |-> 0,
                    batchID |-> 0 ] @@
              u2 :>
                  [ stage |-> "none",
                    result |-> [kind |-> "pending", value |-> "none"],
                    acceptedID |-> 0,
                    eventID |-> 0,
                    batchID |-> 0 ] ),
        closed |-> FALSE,
        sticky |-> TRUE,
        task |->
            [ kind |-> "Normal",
              scheduled |-> 5,
              started |-> 0,
              startedTime |-> 0,
              attempt |-> 1,
              version |-> 1,
              stamp |-> 0,
              transient |-> FALSE,
              route |-> "sticky" ],
        transfer |-> TRUE,
        events |->
            << [ result |-> [kind |-> "pending", value |-> "none"],
                 batchID |-> 5,
                 uid |-> "none",
                 key |->
                     [ namespace |-> "namespace",
                       workflow |-> "workflow",
                       run |-> "run",
                       eventID |-> 5,
                       version |-> 1 ],
                 type |-> "WFTScheduled" ] >> ],
  timerPointer |-> 3,
  physicalHistory |-> <<>>,
  returnPC |-> "startResponse",
  effects |-> <<>>,
  cancels |-> <<>>,
  second |-> "none",
  clearTodo |-> {},
  clearReturn |-> "idle",
  handler |-> "start",
  caller |-> "none",
  selected |-> 0,
  inlineWorker |-> 0,
  commands |-> <<>>,
  closeCommand |-> FALSE,
  rejectTodo |-> {},
  successor |-> FALSE,
  skip |-> FALSE,
  clock |-> 1,
  limitRaised |-> FALSE,
  calls |->
      ( c1 :>
            [ uid |-> u2,
              op |-> "update",
              waitStage |-> "COMPLETED",
              status |-> "done",
              oid |-> 2,
              expired |-> TRUE,
              reply |->
                  [ stage |-> "ERROR",
                    result |-> [kind |-> "retry", value |-> "none"] ],
              active |-> TRUE ] @@
        c2 :>
            [ uid |-> u1,
              op |-> "update",
              waitStage |-> "COMPLETED",
              status |-> "acceptedCheck",
              oid |-> 4,
              expired |-> TRUE,
              reply |->
                  [ stage |-> "NONE",
                    result |-> [kind |-> "pending", value |-> "none"] ],
              active |-> TRUE ] @@
        c3 :>
            [ uid |-> "none",
              op |-> "update",
              waitStage |-> "COMPLETED",
              status |-> "idle",
              oid |-> 0,
              expired |-> FALSE,
              reply |->
                  [ stage |-> "NONE",
                    result |-> [kind |-> "pending", value |-> "none"] ],
              active |-> FALSE ] @@
        c4 :>
            [ uid |-> "none",
              op |-> "update",
              waitStage |-> "COMPLETED",
              status |-> "idle",
              oid |-> 0,
              expired |-> FALSE,
              reply |->
                  [ stage |-> "NONE",
                    result |-> [kind |-> "pending", value |-> "none"] ],
              active |-> FALSE ] ),
  observed |->
      { [ stage |-> "ERROR",
          result |-> [kind |-> "retry", value |-> "none"],
          uid |-> u2,
          client |-> c1 ],
        [ stage |-> "ADMITTED",
          result |-> [kind |-> "pending", value |-> "none"],
          uid |-> u1,
          client |-> c2 ] },
  applied |-> {},
  timeoutApplications |-> {},
  everRequested |-> {u1, u2} ]
/\ faults = [ request |-> 2,
  callback |-> 0,
  normal |-> 1,
  matchingFailure |-> 1,
  ignore |-> 0,
  close |-> 0,
  noncommit |-> 1,
  uncertain |-> 0,
  appendTimeout |-> 0,
  lateError |-> 0,
  clear |-> 1,
  ownership |-> 2,
  restart |-> 0,
  timeout |-> 0,
  limit |-> 0,
  responseLoss |-> 1,
  crash |-> 1,
  duplicate |-> 0,
  workerLoss |-> 0 ]

State 67: <MCWaitLifecycleStageAccepted(c2) line 336, col 5 to line 337, col 23 of module MC>
/\ s = [ dispatch |-> <<>>,
  matching |-> <<>>,
  workers |->
      << [ delivered |-> {u1},
           accepted |-> {},
           status |-> "working",
           closed |-> FALSE,
           task |->
               [ kind |-> "Speculative",
                 scheduled |-> 5,
                 started |-> 6,
                 startedTime |-> 1,
                 attempt |-> 1,
                 version |-> 1,
                 stamp |-> 0,
                 transient |-> FALSE,
                 route |-> "sticky" ],
           plan |-> <<>> ] >>,
  objects |->
      << [ generation |-> 2,
           acceptedID |-> 0,
           uid |-> u2,
           state |-> "Admitted",
           accepted |-> "pending",
           outcome |-> [kind |-> "pending", value |-> "none"],
           callbacks |-> FALSE ],
         [ generation |-> 4,
           acceptedID |-> 0,
           uid |-> u2,
           state |-> "Aborted",
           accepted |-> "retry",
           outcome |-> [kind |-> "retry", value |-> "none"],
           callbacks |-> FALSE ],
         [ generation |-> 4,
           acceptedID |-> 0,
           uid |-> u1,
           state |-> "Aborted",
           accepted |-> "retry",
           outcome |-> [kind |-> "retry", value |-> "none"],
           callbacks |-> FALSE ],
         [ generation |-> 5,
           acceptedID |-> 0,
           uid |-> u1,
           state |-> "Sent",
           accepted |-> "pending",
           outcome |-> [kind |-> "pending", value |-> "none"],
           callbacks |-> FALSE ] >>,
  timers |->
      << [ timeout |-> "STS",
           task |->
               [ kind |-> "Speculative",
                 scheduled |-> 5,
                 started |-> 0,
                 startedTime |-> 0,
                 attempt |-> 1,
                 version |-> 1,
                 stamp |-> 0,
                 transient |-> FALSE,
                 route |-> "sticky" ],
           speculative |-> TRUE,
           eligible |-> TRUE,
           submitted |-> TRUE,
           cancelled |-> TRUE,
           consumed |-> FALSE ],
         [ timeout |-> "STS",
           task |->
               [ kind |-> "Speculative",
                 scheduled |-> 5,
                 started |-> 0,
                 startedTime |-> 0,
                 attempt |-> 1,
                 version |-> 1,
                 stamp |-> 0,
                 transient |-> FALSE,
                 route |-> "sticky" ],
           speculative |-> TRUE,
           eligible |-> TRUE,
           submitted |-> FALSE,
           cancelled |-> TRUE,
           consumed |-> FALSE ],
         [ timeout |-> "STC",
           task |->
               [ kind |-> "Speculative",
                 scheduled |-> 5,
                 started |-> 6,
                 startedTime |-> 1,
                 attempt |-> 1,
                 version |-> 1,
                 stamp |-> 0,
                 transient |-> FALSE,
                 route |-> "sticky" ],
           speculative |-> TRUE,
           eligible |-> FALSE,
           submitted |-> FALSE,
           cancelled |-> FALSE,
           consumed |-> FALSE ] >>,
  cache |-> (h1 :> <<>> @@ h2 :> <<>>),
  db |->
      [ next |-> 5,
        rv |-> 1,
        range |-> 4,
        info |->
            ( u1 :>
                  [ stage |-> "none",
                    result |-> [kind |-> "pending", value |-> "none"],
                    acceptedID |-> 0,
                    eventID |-> 0,
                    batchID |-> 0 ] @@
              u2 :>
                  [ stage |-> "none",
                    result |-> [kind |-> "pending", value |-> "none"],
                    acceptedID |-> 0,
                    eventID |-> 0,
                    batchID |-> 0 ] ),
        closed |-> FALSE,
        sticky |-> TRUE,
        task |->
            [ kind |-> "none",
              scheduled |-> 0,
              started |-> 0,
              startedTime |-> 0,
              attempt |-> 0,
              version |-> 1,
              stamp |-> 0,
              transient |-> FALSE,
              route |-> "normal" ],
        transfer |-> FALSE,
        events |-> <<>> ],
  ctx |->
      [ next |-> 5,
        generation |-> 5,
        rv |-> 1,
        range |-> 4,
        info |->
            ( u1 :>
                  [ stage |-> "none",
                    result |-> [kind |-> "pending", value |-> "none"],
                    acceptedID |-> 0,
                    eventID |-> 0,
                    batchID |-> 0 ] @@
              u2 :>
                  [ stage |-> "none",
                    result |-> [kind |-> "pending", value |-> "none"],
                    acceptedID |-> 0,
                    eventID |-> 0,
                    batchID |-> 0 ] ),
        closed |-> FALSE,
        sticky |-> TRUE,
        task |->
            [ kind |-> "Speculative",
              scheduled |-> 5,
              started |-> 6,
              startedTime |-> 1,
              attempt |-> 1,
              version |-> 1,
              stamp |-> 0,
              transient |-> FALSE,
              route |-> "sticky" ],
        transfer |-> FALSE,
        reg |-> (u1 :> 4 @@ u2 :> 0),
        loaded |-> TRUE,
        host |-> h1 ],
  active |->
      [ kind |-> "none",
        result |-> [kind |-> "pending", value |-> "none"],
        oid |-> 0,
        prev |-> "none" ],
  batch |-> <<>>,
  pc |-> "idle",
  acquiring |-> FALSE,
  write |->
      [ next |-> 6,
        rv |-> 1,
        state |-> "noncommit",
        returned |-> TRUE,
        error |-> "processLost",
        range |-> 1,
        info |->
            ( u1 :>
                  [ stage |-> "none",
                    result |-> [kind |-> "pending", value |-> "none"],
                    acceptedID |-> 0,
                    eventID |-> 0,
                    batchID |-> 0 ] @@
              u2 :>
                  [ stage |-> "none",
                    result |-> [kind |-> "pending", value |-> "none"],
                    acceptedID |-> 0,
                    eventID |-> 0,
                    batchID |-> 0 ] ),
        closed |-> FALSE,
        sticky |-> TRUE,
        task |->
            [ kind |-> "Normal",
              scheduled |-> 5,
              started |-> 0,
              startedTime |-> 0,
              attempt |-> 1,
              version |-> 1,
              stamp |-> 0,
              transient |-> FALSE,
              route |-> "sticky" ],
        transfer |-> TRUE,
        events |->
            << [ result |-> [kind |-> "pending", value |-> "none"],
                 batchID |-> 5,
                 uid |-> "none",
                 key |->
                     [ namespace |-> "namespace",
                       workflow |-> "workflow",
                       run |-> "run",
                       eventID |-> 5,
                       version |-> 1 ],
                 type |-> "WFTScheduled" ] >> ],
  timerPointer |-> 3,
  physicalHistory |-> <<>>,
  returnPC |-> "startResponse",
  effects |-> <<>>,
  cancels |-> <<>>,
  second |-> "none",
  clearTodo |-> {},
  clearReturn |-> "idle",
  handler |-> "start",
  caller |-> "none",
  selected |-> 0,
  inlineWorker |-> 0,
  commands |-> <<>>,
  closeCommand |-> FALSE,
  rejectTodo |-> {},
  successor |-> FALSE,
  skip |-> FALSE,
  clock |-> 1,
  limitRaised |-> FALSE,
  calls |->
      ( c1 :>
            [ uid |-> u2,
              op |-> "update",
              waitStage |-> "COMPLETED",
              status |-> "done",
              oid |-> 2,
              expired |-> TRUE,
              reply |->
                  [ stage |-> "ERROR",
                    result |-> [kind |-> "retry", value |-> "none"] ],
              active |-> TRUE ] @@
        c2 :>
            [ uid |-> u1,
              op |-> "update",
              waitStage |-> "COMPLETED",
              status |-> "reply",
              oid |-> 4,
              expired |-> TRUE,
              reply |->
                  [ stage |-> "ADMITTED",
                    result |-> [kind |-> "pending", value |-> "none"] ],
              active |-> TRUE ] @@
        c3 :>
            [ uid |-> "none",
              op |-> "update",
              waitStage |-> "COMPLETED",
              status |-> "idle",
              oid |-> 0,
              expired |-> FALSE,
              reply |->
                  [ stage |-> "NONE",
                    result |-> [kind |-> "pending", value |-> "none"] ],
              active |-> FALSE ] @@
        c4 :>
            [ uid |-> "none",
              op |-> "update",
              waitStage |-> "COMPLETED",
              status |-> "idle",
              oid |-> 0,
              expired |-> FALSE,
              reply |->
                  [ stage |-> "NONE",
                    result |-> [kind |-> "pending", value |-> "none"] ],
              active |-> FALSE ] ),
  observed |->
      { [ stage |-> "ERROR",
          result |-> [kind |-> "retry", value |-> "none"],
          uid |-> u2,
          client |-> c1 ],
        [ stage |-> "ADMITTED",
          result |-> [kind |-> "pending", value |-> "none"],
          uid |-> u1,
          client |-> c2 ] },
  applied |-> {},
  timeoutApplications |-> {},
  everRequested |-> {u1, u2} ]
/\ faults = [ request |-> 2,
  callback |-> 0,
  normal |-> 1,
  matchingFailure |-> 1,
  ignore |-> 0,
  close |-> 0,
  noncommit |-> 1,
  uncertain |-> 0,
  appendTimeout |-> 0,
  lateError |-> 0,
  clear |-> 1,
  ownership |-> 2,
  restart |-> 0,
  timeout |-> 0,
  limit |-> 0,
  responseLoss |-> 1,
  crash |-> 1,
  duplicate |-> 0,
  workerLoss |-> 0 ]

State 68: <MCNext line 401, col 8 to line 402, col 127 of module MC>
/\ s = [ dispatch |-> <<>>,
  matching |-> <<>>,
  workers |->
      << [ delivered |-> {u1},
           accepted |-> {},
           status |-> "working",
           closed |-> FALSE,
           task |->
               [ kind |-> "Speculative",
                 scheduled |-> 5,
                 started |-> 6,
                 startedTime |-> 1,
                 attempt |-> 1,
                 version |-> 1,
                 stamp |-> 0,
                 transient |-> FALSE,
                 route |-> "sticky" ],
           plan |-> <<>> ] >>,
  objects |->
      << [ generation |-> 2,
           acceptedID |-> 0,
           uid |-> u2,
           state |-> "Admitted",
           accepted |-> "pending",
           outcome |-> [kind |-> "pending", value |-> "none"],
           callbacks |-> FALSE ],
         [ generation |-> 4,
           acceptedID |-> 0,
           uid |-> u2,
           state |-> "Aborted",
           accepted |-> "retry",
           outcome |-> [kind |-> "retry", value |-> "none"],
           callbacks |-> FALSE ],
         [ generation |-> 4,
           acceptedID |-> 0,
           uid |-> u1,
           state |-> "Aborted",
           accepted |-> "retry",
           outcome |-> [kind |-> "retry", value |-> "none"],
           callbacks |-> FALSE ],
         [ generation |-> 5,
           acceptedID |-> 0,
           uid |-> u1,
           state |-> "Sent",
           accepted |-> "pending",
           outcome |-> [kind |-> "pending", value |-> "none"],
           callbacks |-> FALSE ] >>,
  timers |->
      << [ timeout |-> "STS",
           task |->
               [ kind |-> "Speculative",
                 scheduled |-> 5,
                 started |-> 0,
                 startedTime |-> 0,
                 attempt |-> 1,
                 version |-> 1,
                 stamp |-> 0,
                 transient |-> FALSE,
                 route |-> "sticky" ],
           speculative |-> TRUE,
           eligible |-> TRUE,
           submitted |-> TRUE,
           cancelled |-> TRUE,
           consumed |-> TRUE ],
         [ timeout |-> "STS",
           task |->
               [ kind |-> "Speculative",
                 scheduled |-> 5,
                 started |-> 0,
                 startedTime |-> 0,
                 attempt |-> 1,
                 version |-> 1,
                 stamp |-> 0,
                 transient |-> FALSE,
                 route |-> "sticky" ],
           speculative |-> TRUE,
           eligible |-> TRUE,
           submitted |-> FALSE,
           cancelled |-> TRUE,
           consumed |-> FALSE ],
         [ timeout |-> "STC",
           task |->
               [ kind |-> "Speculative",
                 scheduled |-> 5,
                 started |-> 6,
                 startedTime |-> 1,
                 attempt |-> 1,
                 version |-> 1,
                 stamp |-> 0,
                 transient |-> FALSE,
                 route |-> "sticky" ],
           speculative |-> TRUE,
           eligible |-> FALSE,
           submitted |-> FALSE,
           cancelled |-> FALSE,
           consumed |-> FALSE ] >>,
  cache |-> (h1 :> <<>> @@ h2 :> <<>>),
  db |->
      [ next |-> 5,
        rv |-> 1,
        range |-> 4,
        info |->
            ( u1 :>
                  [ stage |-> "none",
                    result |-> [kind |-> "pending", value |-> "none"],
                    acceptedID |-> 0,
                    eventID |-> 0,
                    batchID |-> 0 ] @@
              u2 :>
                  [ stage |-> "none",
                    result |-> [kind |-> "pending", value |-> "none"],
                    acceptedID |-> 0,
                    eventID |-> 0,
                    batchID |-> 0 ] ),
        closed |-> FALSE,
        sticky |-> TRUE,
        task |->
            [ kind |-> "none",
              scheduled |-> 0,
              started |-> 0,
              startedTime |-> 0,
              attempt |-> 0,
              version |-> 1,
              stamp |-> 0,
              transient |-> FALSE,
              route |-> "normal" ],
        transfer |-> FALSE,
        events |-> <<>> ],
  ctx |->
      [ next |-> 5,
        generation |-> 5,
        rv |-> 1,
        range |-> 4,
        info |->
            ( u1 :>
                  [ stage |-> "none",
                    result |-> [kind |-> "pending", value |-> "none"],
                    acceptedID |-> 0,
                    eventID |-> 0,
                    batchID |-> 0 ] @@
              u2 :>
                  [ stage |-> "none",
                    result |-> [kind |-> "pending", value |-> "none"],
                    acceptedID |-> 0,
                    eventID |-> 0,
                    batchID |-> 0 ] ),
        closed |-> FALSE,
        sticky |-> TRUE,
        task |->
            [ kind |-> "Speculative",
              scheduled |-> 5,
              started |-> 6,
              startedTime |-> 1,
              attempt |-> 1,
              version |-> 1,
              stamp |-> 0,
              transient |-> FALSE,
              route |-> "sticky" ],
        transfer |-> FALSE,
        reg |-> (u1 :> 4 @@ u2 :> 0),
        loaded |-> TRUE,
        host |-> h1 ],
  active |->
      [ kind |-> "none",
        result |-> [kind |-> "pending", value |-> "none"],
        oid |-> 0,
        prev |-> "none" ],
  batch |-> <<>>,
  pc |-> "idle",
  acquiring |-> FALSE,
  write |->
      [ next |-> 6,
        rv |-> 1,
        state |-> "noncommit",
        returned |-> TRUE,
        error |-> "processLost",
        range |-> 1,
        info |->
            ( u1 :>
                  [ stage |-> "none",
                    result |-> [kind |-> "pending", value |-> "none"],
                    acceptedID |-> 0,
                    eventID |-> 0,
                    batchID |-> 0 ] @@
              u2 :>
                  [ stage |-> "none",
                    result |-> [kind |-> "pending", value |-> "none"],
                    acceptedID |-> 0,
                    eventID |-> 0,
                    batchID |-> 0 ] ),
        closed |-> FALSE,
        sticky |-> TRUE,
        task |->
            [ kind |-> "Normal",
              scheduled |-> 5,
              started |-> 0,
              startedTime |-> 0,
              attempt |-> 1,
              version |-> 1,
              stamp |-> 0,
              transient |-> FALSE,
              route |-> "sticky" ],
        transfer |-> TRUE,
        events |->
            << [ result |-> [kind |-> "pending", value |-> "none"],
                 batchID |-> 5,
                 uid |-> "none",
                 key |->
                     [ namespace |-> "namespace",
                       workflow |-> "workflow",
                       run |-> "run",
                       eventID |-> 5,
                       version |-> 1 ],
                 type |-> "WFTScheduled" ] >> ],
  timerPointer |-> 3,
  physicalHistory |-> <<>>,
  returnPC |-> "startResponse",
  effects |-> <<>>,
  cancels |-> <<>>,
  second |-> "none",
  clearTodo |-> {},
  clearReturn |-> "idle",
  handler |-> "start",
  caller |-> "none",
  selected |-> 0,
  inlineWorker |-> 0,
  commands |-> <<>>,
  closeCommand |-> FALSE,
  rejectTodo |-> {},
  successor |-> FALSE,
  skip |-> FALSE,
  clock |-> 1,
  limitRaised |-> FALSE,
  calls |->
      ( c1 :>
            [ uid |-> u2,
              op |-> "update",
              waitStage |-> "COMPLETED",
              status |-> "done",
              oid |-> 2,
              expired |-> TRUE,
              reply |->
                  [ stage |-> "ERROR",
                    result |-> [kind |-> "retry", value |-> "none"] ],
              active |-> TRUE ] @@
        c2 :>
            [ uid |-> u1,
              op |-> "update",
              waitStage |-> "COMPLETED",
              status |-> "reply",
              oid |-> 4,
              expired |-> TRUE,
              reply |->
                  [ stage |-> "ADMITTED",
                    result |-> [kind |-> "pending", value |-> "none"] ],
              active |-> TRUE ] @@
        c3 :>
            [ uid |-> "none",
              op |-> "update",
              waitStage |-> "COMPLETED",
              status |-> "idle",
              oid |-> 0,
              expired |-> FALSE,
              reply |->
                  [ stage |-> "NONE",
                    result |-> [kind |-> "pending", value |-> "none"] ],
              active |-> FALSE ] @@
        c4 :>
            [ uid |-> "none",
              op |-> "update",
              waitStage |-> "COMPLETED",
              status |-> "idle",
              oid |-> 0,
              expired |-> FALSE,
              reply |->
                  [ stage |-> "NONE",
                    result |-> [kind |-> "pending", value |-> "none"] ],
              active |-> FALSE ] ),
  observed |->
      { [ stage |-> "ERROR",
          result |-> [kind |-> "retry", value |-> "none"],
          uid |-> u2,
          client |-> c1 ],
        [ stage |-> "ADMITTED",
          result |-> [kind |-> "pending", value |-> "none"],
          uid |-> u1,
          client |-> c2 ] },
  applied |-> {},
  timeoutApplications |-> {},
  everRequested |-> {u1, u2} ]
/\ faults = [ request |-> 2,
  callback |-> 0,
  normal |-> 1,
  matchingFailure |-> 1,
  ignore |-> 0,
  close |-> 0,
  noncommit |-> 1,
  uncertain |-> 0,
  appendTimeout |-> 0,
  lateError |-> 0,
  clear |-> 1,
  ownership |-> 2,
  restart |-> 0,
  timeout |-> 0,
  limit |-> 0,
  responseLoss |-> 1,
  crash |-> 1,
  duplicate |-> 0,
  workerLoss |-> 0 ]

State 69: <MCCreateUpdateResponse(c2) line 348, col 5 to line 349, col 23 of module MC>
/\ s = [ dispatch |-> <<>>,
  matching |-> <<>>,
  workers |->
      << [ delivered |-> {u1},
           accepted |-> {},
           status |-> "working",
           closed |-> FALSE,
           task |->
               [ kind |-> "Speculative",
                 scheduled |-> 5,
                 started |-> 6,
                 startedTime |-> 1,
                 attempt |-> 1,
                 version |-> 1,
                 stamp |-> 0,
                 transient |-> FALSE,
                 route |-> "sticky" ],
           plan |-> <<>> ] >>,
  objects |->
      << [ generation |-> 2,
           acceptedID |-> 0,
           uid |-> u2,
           state |-> "Admitted",
           accepted |-> "pending",
           outcome |-> [kind |-> "pending", value |-> "none"],
           callbacks |-> FALSE ],
         [ generation |-> 4,
           acceptedID |-> 0,
           uid |-> u2,
           state |-> "Aborted",
           accepted |-> "retry",
           outcome |-> [kind |-> "retry", value |-> "none"],
           callbacks |-> FALSE ],
         [ generation |-> 4,
           acceptedID |-> 0,
           uid |-> u1,
           state |-> "Aborted",
           accepted |-> "retry",
           outcome |-> [kind |-> "retry", value |-> "none"],
           callbacks |-> FALSE ],
         [ generation |-> 5,
           acceptedID |-> 0,
           uid |-> u1,
           state |-> "Sent",
           accepted |-> "pending",
           outcome |-> [kind |-> "pending", value |-> "none"],
           callbacks |-> FALSE ] >>,
  timers |->
      << [ timeout |-> "STS",
           task |->
               [ kind |-> "Speculative",
                 scheduled |-> 5,
                 started |-> 0,
                 startedTime |-> 0,
                 attempt |-> 1,
                 version |-> 1,
                 stamp |-> 0,
                 transient |-> FALSE,
                 route |-> "sticky" ],
           speculative |-> TRUE,
           eligible |-> TRUE,
           submitted |-> TRUE,
           cancelled |-> TRUE,
           consumed |-> TRUE ],
         [ timeout |-> "STS",
           task |->
               [ kind |-> "Speculative",
                 scheduled |-> 5,
                 started |-> 0,
                 startedTime |-> 0,
                 attempt |-> 1,
                 version |-> 1,
                 stamp |-> 0,
                 transient |-> FALSE,
                 route |-> "sticky" ],
           speculative |-> TRUE,
           eligible |-> TRUE,
           submitted |-> FALSE,
           cancelled |-> TRUE,
           consumed |-> FALSE ],
         [ timeout |-> "STC",
           task |->
               [ kind |-> "Speculative",
                 scheduled |-> 5,
                 started |-> 6,
                 startedTime |-> 1,
                 attempt |-> 1,
                 version |-> 1,
                 stamp |-> 0,
                 transient |-> FALSE,
                 route |-> "sticky" ],
           speculative |-> TRUE,
           eligible |-> FALSE,
           submitted |-> FALSE,
           cancelled |-> FALSE,
           consumed |-> FALSE ] >>,
  cache |-> (h1 :> <<>> @@ h2 :> <<>>),
  db |->
      [ next |-> 5,
        rv |-> 1,
        range |-> 4,
        info |->
            ( u1 :>
                  [ stage |-> "none",
                    result |-> [kind |-> "pending", value |-> "none"],
                    acceptedID |-> 0,
                    eventID |-> 0,
                    batchID |-> 0 ] @@
              u2 :>
                  [ stage |-> "none",
                    result |-> [kind |-> "pending", value |-> "none"],
                    acceptedID |-> 0,
                    eventID |-> 0,
                    batchID |-> 0 ] ),
        closed |-> FALSE,
        sticky |-> TRUE,
        task |->
            [ kind |-> "none",
              scheduled |-> 0,
              started |-> 0,
              startedTime |-> 0,
              attempt |-> 0,
              version |-> 1,
              stamp |-> 0,
              transient |-> FALSE,
              route |-> "normal" ],
        transfer |-> FALSE,
        events |-> <<>> ],
  ctx |->
      [ next |-> 5,
        generation |-> 5,
        rv |-> 1,
        range |-> 4,
        info |->
            ( u1 :>
                  [ stage |-> "none",
                    result |-> [kind |-> "pending", value |-> "none"],
                    acceptedID |-> 0,
                    eventID |-> 0,
                    batchID |-> 0 ] @@
              u2 :>
                  [ stage |-> "none",
                    result |-> [kind |-> "pending", value |-> "none"],
                    acceptedID |-> 0,
                    eventID |-> 0,
                    batchID |-> 0 ] ),
        closed |-> FALSE,
        sticky |-> TRUE,
        task |->
            [ kind |-> "Speculative",
              scheduled |-> 5,
              started |-> 6,
              startedTime |-> 1,
              attempt |-> 1,
              version |-> 1,
              stamp |-> 0,
              transient |-> FALSE,
              route |-> "sticky" ],
        transfer |-> FALSE,
        reg |-> (u1 :> 4 @@ u2 :> 0),
        loaded |-> TRUE,
        host |-> h1 ],
  active |->
      [ kind |-> "none",
        result |-> [kind |-> "pending", value |-> "none"],
        oid |-> 0,
        prev |-> "none" ],
  batch |-> <<>>,
  pc |-> "idle",
  acquiring |-> FALSE,
  write |->
      [ next |-> 6,
        rv |-> 1,
        state |-> "noncommit",
        returned |-> TRUE,
        error |-> "processLost",
        range |-> 1,
        info |->
            ( u1 :>
                  [ stage |-> "none",
                    result |-> [kind |-> "pending", value |-> "none"],
                    acceptedID |-> 0,
                    eventID |-> 0,
                    batchID |-> 0 ] @@
              u2 :>
                  [ stage |-> "none",
                    result |-> [kind |-> "pending", value |-> "none"],
                    acceptedID |-> 0,
                    eventID |-> 0,
                    batchID |-> 0 ] ),
        closed |-> FALSE,
        sticky |-> TRUE,
        task |->
            [ kind |-> "Normal",
              scheduled |-> 5,
              started |-> 0,
              startedTime |-> 0,
              attempt |-> 1,
              version |-> 1,
              stamp |-> 0,
              transient |-> FALSE,
              route |-> "sticky" ],
        transfer |-> TRUE,
        events |->
            << [ result |-> [kind |-> "pending", value |-> "none"],
                 batchID |-> 5,
                 uid |-> "none",
                 key |->
                     [ namespace |-> "namespace",
                       workflow |-> "workflow",
                       run |-> "run",
                       eventID |-> 5,
                       version |-> 1 ],
                 type |-> "WFTScheduled" ] >> ],
  timerPointer |-> 3,
  physicalHistory |-> <<>>,
  returnPC |-> "startResponse",
  effects |-> <<>>,
  cancels |-> <<>>,
  second |-> "none",
  clearTodo |-> {},
  clearReturn |-> "idle",
  handler |-> "start",
  caller |-> "none",
  selected |-> 0,
  inlineWorker |-> 0,
  commands |-> <<>>,
  closeCommand |-> FALSE,
  rejectTodo |-> {},
  successor |-> FALSE,
  skip |-> FALSE,
  clock |-> 1,
  limitRaised |-> FALSE,
  calls |->
      ( c1 :>
            [ uid |-> u2,
              op |-> "update",
              waitStage |-> "COMPLETED",
              status |-> "done",
              oid |-> 2,
              expired |-> TRUE,
              reply |->
                  [ stage |-> "ERROR",
                    result |-> [kind |-> "retry", value |-> "none"] ],
              active |-> TRUE ] @@
        c2 :>
            [ uid |-> u1,
              op |-> "update",
              waitStage |-> "COMPLETED",
              status |-> "wire",
              oid |-> 4,
              expired |-> TRUE,
              reply |->
                  [ stage |-> "ADMITTED",
                    result |-> [kind |-> "pending", value |-> "none"] ],
              active |-> TRUE ] @@
        c3 :>
            [ uid |-> "none",
              op |-> "update",
              waitStage |-> "COMPLETED",
              status |-> "idle",
              oid |-> 0,
              expired |-> FALSE,
              reply |->
                  [ stage |-> "NONE",
                    result |-> [kind |-> "pending", value |-> "none"] ],
              active |-> FALSE ] @@
        c4 :>
            [ uid |-> "none",
              op |-> "update",
              waitStage |-> "COMPLETED",
              status |-> "idle",
              oid |-> 0,
              expired |-> FALSE,
              reply |->
                  [ stage |-> "NONE",
                    result |-> [kind |-> "pending", value |-> "none"] ],
              active |-> FALSE ] ),
  observed |->
      { [ stage |-> "ERROR",
          result |-> [kind |-> "retry", value |-> "none"],
          uid |-> u2,
          client |-> c1 ],
        [ stage |-> "ADMITTED",
          result |-> [kind |-> "pending", value |-> "none"],
          uid |-> u1,
          client |-> c2 ] },
  applied |-> {},
  timeoutApplications |-> {},
  everRequested |-> {u1, u2} ]
/\ faults = [ request |-> 2,
  callback |-> 0,
  normal |-> 1,
  matchingFailure |-> 1,
  ignore |-> 0,
  close |-> 0,
  noncommit |-> 1,
  uncertain |-> 0,
  appendTimeout |-> 0,
  lateError |-> 0,
  clear |-> 1,
  ownership |-> 2,
  restart |-> 0,
  timeout |-> 0,
  limit |-> 0,
  responseLoss |-> 1,
  crash |-> 1,
  duplicate |-> 0,
  workerLoss |-> 0 ]

State 70: <MCNext line 401, col 8 to line 402, col 127 of module MC>
/\ s = [ dispatch |-> <<>>,
  matching |-> <<>>,
  workers |->
      << [ delivered |-> {u1},
           accepted |-> {},
           status |-> "working",
           closed |-> FALSE,
           task |->
               [ kind |-> "Speculative",
                 scheduled |-> 5,
                 started |-> 6,
                 startedTime |-> 1,
                 attempt |-> 1,
                 version |-> 1,
                 stamp |-> 0,
                 transient |-> FALSE,
                 route |-> "sticky" ],
           plan |-> <<>> ] >>,
  objects |->
      << [ generation |-> 2,
           acceptedID |-> 0,
           uid |-> u2,
           state |-> "Admitted",
           accepted |-> "pending",
           outcome |-> [kind |-> "pending", value |-> "none"],
           callbacks |-> FALSE ],
         [ generation |-> 4,
           acceptedID |-> 0,
           uid |-> u2,
           state |-> "Aborted",
           accepted |-> "retry",
           outcome |-> [kind |-> "retry", value |-> "none"],
           callbacks |-> FALSE ],
         [ generation |-> 4,
           acceptedID |-> 0,
           uid |-> u1,
           state |-> "Aborted",
           accepted |-> "retry",
           outcome |-> [kind |-> "retry", value |-> "none"],
           callbacks |-> FALSE ],
         [ generation |-> 5,
           acceptedID |-> 0,
           uid |-> u1,
           state |-> "Sent",
           accepted |-> "pending",
           outcome |-> [kind |-> "pending", value |-> "none"],
           callbacks |-> FALSE ] >>,
  timers |->
      << [ timeout |-> "STS",
           task |->
               [ kind |-> "Speculative",
                 scheduled |-> 5,
                 started |-> 0,
                 startedTime |-> 0,
                 attempt |-> 1,
                 version |-> 1,
                 stamp |-> 0,
                 transient |-> FALSE,
                 route |-> "sticky" ],
           speculative |-> TRUE,
           eligible |-> TRUE,
           submitted |-> TRUE,
           cancelled |-> TRUE,
           consumed |-> TRUE ],
         [ timeout |-> "STS",
           task |->
               [ kind |-> "Speculative",
                 scheduled |-> 5,
                 started |-> 0,
                 startedTime |-> 0,
                 attempt |-> 1,
                 version |-> 1,
                 stamp |-> 0,
                 transient |-> FALSE,
                 route |-> "sticky" ],
           speculative |-> TRUE,
           eligible |-> TRUE,
           submitted |-> FALSE,
           cancelled |-> TRUE,
           consumed |-> FALSE ],
         [ timeout |-> "STC",
           task |->
               [ kind |-> "Speculative",
                 scheduled |-> 5,
                 started |-> 6,
                 startedTime |-> 1,
                 attempt |-> 1,
                 version |-> 1,
                 stamp |-> 0,
                 transient |-> FALSE,
                 route |-> "sticky" ],
           speculative |-> TRUE,
           eligible |-> TRUE,
           submitted |-> FALSE,
           cancelled |-> FALSE,
           consumed |-> FALSE ] >>,
  cache |-> (h1 :> <<>> @@ h2 :> <<>>),
  db |->
      [ next |-> 5,
        rv |-> 1,
        range |-> 4,
        info |->
            ( u1 :>
                  [ stage |-> "none",
                    result |-> [kind |-> "pending", value |-> "none"],
                    acceptedID |-> 0,
                    eventID |-> 0,
                    batchID |-> 0 ] @@
              u2 :>
                  [ stage |-> "none",
                    result |-> [kind |-> "pending", value |-> "none"],
                    acceptedID |-> 0,
                    eventID |-> 0,
                    batchID |-> 0 ] ),
        closed |-> FALSE,
        sticky |-> TRUE,
        task |->
            [ kind |-> "none",
              scheduled |-> 0,
              started |-> 0,
              startedTime |-> 0,
              attempt |-> 0,
              version |-> 1,
              stamp |-> 0,
              transient |-> FALSE,
              route |-> "normal" ],
        transfer |-> FALSE,
        events |-> <<>> ],
  ctx |->
      [ next |-> 5,
        generation |-> 5,
        rv |-> 1,
        range |-> 4,
        info |->
            ( u1 :>
                  [ stage |-> "none",
                    result |-> [kind |-> "pending", value |-> "none"],
                    acceptedID |-> 0,
                    eventID |-> 0,
                    batchID |-> 0 ] @@
              u2 :>
                  [ stage |-> "none",
                    result |-> [kind |-> "pending", value |-> "none"],
                    acceptedID |-> 0,
                    eventID |-> 0,
                    batchID |-> 0 ] ),
        closed |-> FALSE,
        sticky |-> TRUE,
        task |->
            [ kind |-> "Speculative",
              scheduled |-> 5,
              started |-> 6,
              startedTime |-> 1,
              attempt |-> 1,
              version |-> 1,
              stamp |-> 0,
              transient |-> FALSE,
              route |-> "sticky" ],
        transfer |-> FALSE,
        reg |-> (u1 :> 4 @@ u2 :> 0),
        loaded |-> TRUE,
        host |-> h1 ],
  active |->
      [ kind |-> "none",
        result |-> [kind |-> "pending", value |-> "none"],
        oid |-> 0,
        prev |-> "none" ],
  batch |-> <<>>,
  pc |-> "idle",
  acquiring |-> FALSE,
  write |->
      [ next |-> 6,
        rv |-> 1,
        state |-> "noncommit",
        returned |-> TRUE,
        error |-> "processLost",
        range |-> 1,
        info |->
            ( u1 :>
                  [ stage |-> "none",
                    result |-> [kind |-> "pending", value |-> "none"],
                    acceptedID |-> 0,
                    eventID |-> 0,
                    batchID |-> 0 ] @@
              u2 :>
                  [ stage |-> "none",
                    result |-> [kind |-> "pending", value |-> "none"],
                    acceptedID |-> 0,
                    eventID |-> 0,
                    batchID |-> 0 ] ),
        closed |-> FALSE,
        sticky |-> TRUE,
        task |->
            [ kind |-> "Normal",
              scheduled |-> 5,
              started |-> 0,
              startedTime |-> 0,
              attempt |-> 1,
              version |-> 1,
              stamp |-> 0,
              transient |-> FALSE,
              route |-> "sticky" ],
        transfer |-> TRUE,
        events |->
            << [ result |-> [kind |-> "pending", value |-> "none"],
                 batchID |-> 5,
                 uid |-> "none",
                 key |->
                     [ namespace |-> "namespace",
                       workflow |-> "workflow",
                       run |-> "run",
                       eventID |-> 5,
                       version |-> 1 ],
                 type |-> "WFTScheduled" ] >> ],
  timerPointer |-> 3,
  physicalHistory |-> <<>>,
  returnPC |-> "startResponse",
  effects |-> <<>>,
  cancels |-> <<>>,
  second |-> "none",
  clearTodo |-> {},
  clearReturn |-> "idle",
  handler |-> "start",
  caller |-> "none",
  selected |-> 0,
  inlineWorker |-> 0,
  commands |-> <<>>,
  closeCommand |-> FALSE,
  rejectTodo |-> {},
  successor |-> FALSE,
  skip |-> FALSE,
  clock |-> 1,
  limitRaised |-> FALSE,
  calls |->
      ( c1 :>
            [ uid |-> u2,
              op |-> "update",
              waitStage |-> "COMPLETED",
              status |-> "done",
              oid |-> 2,
              expired |-> TRUE,
              reply |->
                  [ stage |-> "ERROR",
                    result |-> [kind |-> "retry", value |-> "none"] ],
              active |-> TRUE ] @@
        c2 :>
            [ uid |-> u1,
              op |-> "update",
              waitStage |-> "COMPLETED",
              status |-> "wire",
              oid |-> 4,
              expired |-> TRUE,
              reply |->
                  [ stage |-> "ADMITTED",
                    result |-> [kind |-> "pending", value |-> "none"] ],
              active |-> TRUE ] @@
        c3 :>
            [ uid |-> "none",
              op |-> "update",
              waitStage |-> "COMPLETED",
              status |-> "idle",
              oid |-> 0,
              expired |-> FALSE,
              reply |->
                  [ stage |-> "NONE",
                    result |-> [kind |-> "pending", value |-> "none"] ],
              active |-> FALSE ] @@
        c4 :>
            [ uid |-> "none",
              op |-> "update",
              waitStage |-> "COMPLETED",
              status |-> "idle",
              oid |-> 0,
              expired |-> FALSE,
              reply |->
                  [ stage |-> "NONE",
                    result |-> [kind |-> "pending", value |-> "none"] ],
              active |-> FALSE ] ),
  observed |->
      { [ stage |-> "ERROR",
          result |-> [kind |-> "retry", value |-> "none"],
          uid |-> u2,
          client |-> c1 ],
        [ stage |-> "ADMITTED",
          result |-> [kind |-> "pending", value |-> "none"],
          uid |-> u1,
          client |-> c2 ] },
  applied |-> {},
  timeoutApplications |-> {},
  everRequested |-> {u1, u2} ]
/\ faults = [ request |-> 2,
  callback |-> 0,
  normal |-> 1,
  matchingFailure |-> 1,
  ignore |-> 0,
  close |-> 0,
  noncommit |-> 1,
  uncertain |-> 0,
  appendTimeout |-> 0,
  lateError |-> 0,
  clear |-> 1,
  ownership |-> 2,
  restart |-> 0,
  timeout |-> 1,
  limit |-> 0,
  responseLoss |-> 1,
  crash |-> 1,
  duplicate |-> 0,
  workerLoss |-> 0 ]

State 71: <MCReceiveUpdateResponse(c2) line 352, col 5 to line 353, col 23 of module MC>
/\ s = [ dispatch |-> <<>>,
  matching |-> <<>>,
  workers |->
      << [ delivered |-> {u1},
           accepted |-> {},
           status |-> "working",
           closed |-> FALSE,
           task |->
               [ kind |-> "Speculative",
                 scheduled |-> 5,
                 started |-> 6,
                 startedTime |-> 1,
                 attempt |-> 1,
                 version |-> 1,
                 stamp |-> 0,
                 transient |-> FALSE,
                 route |-> "sticky" ],
           plan |-> <<>> ] >>,
  objects |->
      << [ generation |-> 2,
           acceptedID |-> 0,
           uid |-> u2,
           state |-> "Admitted",
           accepted |-> "pending",
           outcome |-> [kind |-> "pending", value |-> "none"],
           callbacks |-> FALSE ],
         [ generation |-> 4,
           acceptedID |-> 0,
           uid |-> u2,
           state |-> "Aborted",
           accepted |-> "retry",
           outcome |-> [kind |-> "retry", value |-> "none"],
           callbacks |-> FALSE ],
         [ generation |-> 4,
           acceptedID |-> 0,
           uid |-> u1,
           state |-> "Aborted",
           accepted |-> "retry",
           outcome |-> [kind |-> "retry", value |-> "none"],
           callbacks |-> FALSE ],
         [ generation |-> 5,
           acceptedID |-> 0,
           uid |-> u1,
           state |-> "Sent",
           accepted |-> "pending",
           outcome |-> [kind |-> "pending", value |-> "none"],
           callbacks |-> FALSE ] >>,
  timers |->
      << [ timeout |-> "STS",
           task |->
               [ kind |-> "Speculative",
                 scheduled |-> 5,
                 started |-> 0,
                 startedTime |-> 0,
                 attempt |-> 1,
                 version |-> 1,
                 stamp |-> 0,
                 transient |-> FALSE,
                 route |-> "sticky" ],
           speculative |-> TRUE,
           eligible |-> TRUE,
           submitted |-> TRUE,
           cancelled |-> TRUE,
           consumed |-> TRUE ],
         [ timeout |-> "STS",
           task |->
               [ kind |-> "Speculative",
                 scheduled |-> 5,
                 started |-> 0,
                 startedTime |-> 0,
                 attempt |-> 1,
                 version |-> 1,
                 stamp |-> 0,
                 transient |-> FALSE,
                 route |-> "sticky" ],
           speculative |-> TRUE,
           eligible |-> TRUE,
           submitted |-> FALSE,
           cancelled |-> TRUE,
           consumed |-> FALSE ],
         [ timeout |-> "STC",
           task |->
               [ kind |-> "Speculative",
                 scheduled |-> 5,
                 started |-> 6,
                 startedTime |-> 1,
                 attempt |-> 1,
                 version |-> 1,
                 stamp |-> 0,
                 transient |-> FALSE,
                 route |-> "sticky" ],
           speculative |-> TRUE,
           eligible |-> TRUE,
           submitted |-> FALSE,
           cancelled |-> FALSE,
           consumed |-> FALSE ] >>,
  cache |-> (h1 :> <<>> @@ h2 :> <<>>),
  db |->
      [ next |-> 5,
        rv |-> 1,
        range |-> 4,
        info |->
            ( u1 :>
                  [ stage |-> "none",
                    result |-> [kind |-> "pending", value |-> "none"],
                    acceptedID |-> 0,
                    eventID |-> 0,
                    batchID |-> 0 ] @@
              u2 :>
                  [ stage |-> "none",
                    result |-> [kind |-> "pending", value |-> "none"],
                    acceptedID |-> 0,
                    eventID |-> 0,
                    batchID |-> 0 ] ),
        closed |-> FALSE,
        sticky |-> TRUE,
        task |->
            [ kind |-> "none",
              scheduled |-> 0,
              started |-> 0,
              startedTime |-> 0,
              attempt |-> 0,
              version |-> 1,
              stamp |-> 0,
              transient |-> FALSE,
              route |-> "normal" ],
        transfer |-> FALSE,
        events |-> <<>> ],
  ctx |->
      [ next |-> 5,
        generation |-> 5,
        rv |-> 1,
        range |-> 4,
        info |->
            ( u1 :>
                  [ stage |-> "none",
                    result |-> [kind |-> "pending", value |-> "none"],
                    acceptedID |-> 0,
                    eventID |-> 0,
                    batchID |-> 0 ] @@
              u2 :>
                  [ stage |-> "none",
                    result |-> [kind |-> "pending", value |-> "none"],
                    acceptedID |-> 0,
                    eventID |-> 0,
                    batchID |-> 0 ] ),
        closed |-> FALSE,
        sticky |-> TRUE,
        task |->
            [ kind |-> "Speculative",
              scheduled |-> 5,
              started |-> 6,
              startedTime |-> 1,
              attempt |-> 1,
              version |-> 1,
              stamp |-> 0,
              transient |-> FALSE,
              route |-> "sticky" ],
        transfer |-> FALSE,
        reg |-> (u1 :> 4 @@ u2 :> 0),
        loaded |-> TRUE,
        host |-> h1 ],
  active |->
      [ kind |-> "none",
        result |-> [kind |-> "pending", value |-> "none"],
        oid |-> 0,
        prev |-> "none" ],
  batch |-> <<>>,
  pc |-> "idle",
  acquiring |-> FALSE,
  write |->
      [ next |-> 6,
        rv |-> 1,
        state |-> "noncommit",
        returned |-> TRUE,
        error |-> "processLost",
        range |-> 1,
        info |->
            ( u1 :>
                  [ stage |-> "none",
                    result |-> [kind |-> "pending", value |-> "none"],
                    acceptedID |-> 0,
                    eventID |-> 0,
                    batchID |-> 0 ] @@
              u2 :>
                  [ stage |-> "none",
                    result |-> [kind |-> "pending", value |-> "none"],
                    acceptedID |-> 0,
                    eventID |-> 0,
                    batchID |-> 0 ] ),
        closed |-> FALSE,
        sticky |-> TRUE,
        task |->
            [ kind |-> "Normal",
              scheduled |-> 5,
              started |-> 0,
              startedTime |-> 0,
              attempt |-> 1,
              version |-> 1,
              stamp |-> 0,
              transient |-> FALSE,
              route |-> "sticky" ],
        transfer |-> TRUE,
        events |->
            << [ result |-> [kind |-> "pending", value |-> "none"],
                 batchID |-> 5,
                 uid |-> "none",
                 key |->
                     [ namespace |-> "namespace",
                       workflow |-> "workflow",
                       run |-> "run",
                       eventID |-> 5,
                       version |-> 1 ],
                 type |-> "WFTScheduled" ] >> ],
  timerPointer |-> 3,
  physicalHistory |-> <<>>,
  returnPC |-> "startResponse",
  effects |-> <<>>,
  cancels |-> <<>>,
  second |-> "none",
  clearTodo |-> {},
  clearReturn |-> "idle",
  handler |-> "start",
  caller |-> "none",
  selected |-> 0,
  inlineWorker |-> 0,
  commands |-> <<>>,
  closeCommand |-> FALSE,
  rejectTodo |-> {},
  successor |-> FALSE,
  skip |-> FALSE,
  clock |-> 1,
  limitRaised |-> FALSE,
  calls |->
      ( c1 :>
            [ uid |-> u2,
              op |-> "update",
              waitStage |-> "COMPLETED",
              status |-> "done",
              oid |-> 2,
              expired |-> TRUE,
              reply |->
                  [ stage |-> "ERROR",
                    result |-> [kind |-> "retry", value |-> "none"] ],
              active |-> TRUE ] @@
        c2 :>
            [ uid |-> u1,
              op |-> "update",
              waitStage |-> "COMPLETED",
              status |-> "done",
              oid |-> 4,
              expired |-> TRUE,
              reply |->
                  [ stage |-> "ADMITTED",
                    result |-> [kind |-> "pending", value |-> "none"] ],
              active |-> TRUE ] @@
        c3 :>
            [ uid |-> "none",
              op |-> "update",
              waitStage |-> "COMPLETED",
              status |-> "idle",
              oid |-> 0,
              expired |-> FALSE,
              reply |->
                  [ stage |-> "NONE",
                    result |-> [kind |-> "pending", value |-> "none"] ],
              active |-> FALSE ] @@
        c4 :>
            [ uid |-> "none",
              op |-> "update",
              waitStage |-> "COMPLETED",
              status |-> "idle",
              oid |-> 0,
              expired |-> FALSE,
              reply |->
                  [ stage |-> "NONE",
                    result |-> [kind |-> "pending", value |-> "none"] ],
              active |-> FALSE ] ),
  observed |->
      { [ stage |-> "ERROR",
          result |-> [kind |-> "retry", value |-> "none"],
          uid |-> u2,
          client |-> c1 ],
        [ stage |-> "ADMITTED",
          result |-> [kind |-> "pending", value |-> "none"],
          uid |-> u1,
          client |-> c2 ] },
  applied |-> {},
  timeoutApplications |-> {},
  everRequested |-> {u1, u2} ]
/\ faults = [ request |-> 2,
  callback |-> 0,
  normal |-> 1,
  matchingFailure |-> 1,
  ignore |-> 0,
  close |-> 0,
  noncommit |-> 1,
  uncertain |-> 0,
  appendTimeout |-> 0,
  lateError |-> 0,
  clear |-> 1,
  ownership |-> 2,
  restart |-> 0,
  timeout |-> 1,
  limit |-> 0,
  responseLoss |-> 1,
  crash |-> 1,
  duplicate |-> 0,
  workerLoss |-> 0 ]

Progress: 121 states checked, 2 traces generated (trace length: mean=41, var(x)=0, sd=0)
Finished in 00s at (2026-09-09 18:09:48)
Trace exploration spec path: ./MC_TTrace_1788977387.tla
