source_path	destination_path	type	mode	mtime_ns	size	sha256	symlink_target	action	classification	reason	encoded
specula/runs/nvflare-fedavg-20260913/nvflare-fedavg/.specula-output/.tlc-tasks/jobs/42fc6a4be2ea44ea9a2632dc69d02ccb/request.json	.tlc-tasks/jobs/42fc6a4be2ea44ea9a2632dc69d02ccb/request.json	file	0664	1789296432976246519	475	799b1cc4973b34811d32a03c3376a1d164f88cc5a0f16b3e54a6026f9b68c1f4		copy	run-evidence		{}
specula/runs/nvflare-fedavg-20260913/nvflare-fedavg/.specula-output/.tlc-tasks/jobs/42fc6a4be2ea44ea9a2632dc69d02ccb/result.json	.tlc-tasks/jobs/42fc6a4be2ea44ea9a2632dc69d02ccb/result.json	file	0664	1789296434434228323	682	88fb4323dfcc340d6e553f184ea8e242f6237252b719688629ca7858f9077920		copy	run-evidence		{}
specula/runs/nvflare-fedavg-20260913/nvflare-fedavg/.specula-output/.tlc-tasks/jobs/42fc6a4be2ea44ea9a2632dc69d02ccb/tlc.log	.tlc-tasks/jobs/42fc6a4be2ea44ea9a2632dc69d02ccb/tlc.log	file	0664	1789296433970234114	19188	0f7e1b8d18051c398a45bb4b54b41fe3803811d037f734fafc618cd71ea99c95		copy	run-evidence		{}
specula/runs/nvflare-fedavg-20260913/nvflare-fedavg/.specula-output/.tlc-tasks/jobs/475d06ca115b4a00bce58322a214ff07/request.json	.tlc-tasks/jobs/475d06ca115b4a00bce58322a214ff07/request.json	file	0664	1789296624365917850	475	7bdb1854ef4615eddcb584363021686adb4e22295b872f0135b63dcf21eab141		copy	run-evidence		{}
specula/runs/nvflare-fedavg-20260913/nvflare-fedavg/.specula-output/.tlc-tasks/jobs/475d06ca115b4a00bce58322a214ff07/result.json	.tlc-tasks/jobs/475d06ca115b4a00bce58322a214ff07/result.json	file	0664	1789296626023897689	681	8a582ffd56cb4fdffc3f473a7daea76af3e60b980d2b2942587b330dbf6b317b		copy	run-evidence		{}
specula/runs/nvflare-fedavg-20260913/nvflare-fedavg/.specula-output/.tlc-tasks/jobs/475d06ca115b4a00bce58322a214ff07/tlc.log	.tlc-tasks/jobs/475d06ca115b4a00bce58322a214ff07/tlc.log	file	0664	1789296625388905411	19188	cbd17de57c879664f77b9ee26434695c18ec0920286e89eec1af2323f96a2f27		copy	run-evidence		{}
specula/runs/nvflare-fedavg-20260913/nvflare-fedavg/.specula-output/.tlc-tasks/jobs/58d57e3ba00a413cb7d8f56c0fec7fe1/request.json	.tlc-tasks/jobs/58d57e3ba00a413cb7d8f56c0fec7fe1/request.json	file	0664	1789296096040366172	494	9789b7a2bae69946cd8274816b775db1bda82ea459971d3efded4a11ec2e8a17		copy	run-evidence		{}
specula/runs/nvflare-fedavg-20260913/nvflare-fedavg/.specula-output/.tlc-tasks/jobs/58d57e3ba00a413cb7d8f56c0fec7fe1/result.json	.tlc-tasks/jobs/58d57e3ba00a413cb7d8f56c0fec7fe1/result.json	file	0664	1789296098900332331	679	907e1b9c2b45600e4869c750c30adf55f91fd56a7b1168f7eec41ecf4a544f6a		copy	run-evidence		{}
specula/runs/nvflare-fedavg-20260913/nvflare-fedavg/.specula-output/.tlc-tasks/jobs/58d57e3ba00a413cb7d8f56c0fec7fe1/tlc.log	.tlc-tasks/jobs/58d57e3ba00a413cb7d8f56c0fec7fe1/tlc.log	file	0664	1789296098646335336	2939	d87222ffd2a3968c3599533fd28aa3ed037a67f85f82060f452540f14aff9429		copy	run-evidence		{}
specula/runs/nvflare-fedavg-20260913/nvflare-fedavg/.specula-output/.tlc-tasks/jobs/7b5395ed8e0d41918926cfd0f2a909b6/request.json	.tlc-tasks/jobs/7b5395ed8e0d41918926cfd0f2a909b6/request.json	file	0664	1789296624476916500	479	9ec7a6ab8d48bff00493b0185018831a03b5bcd5bce53bd16645af0be51e9d9c		copy	run-evidence		{}
specula/runs/nvflare-fedavg-20260913/nvflare-fedavg/.specula-output/.tlc-tasks/jobs/7b5395ed8e0d41918926cfd0f2a909b6/result.json	.tlc-tasks/jobs/7b5395ed8e0d41918926cfd0f2a909b6/result.json	file	0664	1789296625938898723	681	3d1f60d09bbbaf7bbd2bf17db7d7a5564a044e27292d3bdebadc3cd8f1cd9288		copy	run-evidence		{}
specula/runs/nvflare-fedavg-20260913/nvflare-fedavg/.specula-output/.tlc-tasks/jobs/7b5395ed8e0d41918926cfd0f2a909b6/tlc.log	.tlc-tasks/jobs/7b5395ed8e0d41918926cfd0f2a909b6/tlc.log	file	0664	1789296625416905070	19201	0c05c9b3fed0e2333e1aed6566e9910f61ec400c81ac4c6c2c490a8972371470		copy	run-evidence		{}
specula/runs/nvflare-fedavg-20260913/nvflare-fedavg/.specula-output/.tlc-tasks/jobs/b26abeb0a7c042e9adc67d33f319fa80/request.json	.tlc-tasks/jobs/b26abeb0a7c042e9adc67d33f319fa80/request.json	file	0664	1789296432866247892	474	f06fd62d6ecf0f5860efc57ba967fcf7864bf1661886f44f76a1844d5c50692d		copy	run-evidence		{}
specula/runs/nvflare-fedavg-20260913/nvflare-fedavg/.specula-output/.tlc-tasks/jobs/b26abeb0a7c042e9adc67d33f319fa80/result.json	.tlc-tasks/jobs/b26abeb0a7c042e9adc67d33f319fa80/result.json	file	0664	1789296434324229695	680	f0108bf3fbf19625aa47b6a8fef19e813fdfa9367f3e08b86260755a48b03d67		copy	run-evidence		{}
specula/runs/nvflare-fedavg-20260913/nvflare-fedavg/.specula-output/.tlc-tasks/jobs/b26abeb0a7c042e9adc67d33f319fa80/tlc.log	.tlc-tasks/jobs/b26abeb0a7c042e9adc67d33f319fa80/tlc.log	file	0664	1789296433874235312	5460	8d539bbae3cf3d1f5b03e849ee0263e1352e39c4fc19d2f689cf68a42fa7af47		copy	run-evidence		{}
specula/runs/nvflare-fedavg-20260913/nvflare-fedavg/.specula-output/.tlc-tasks/jobs/c50fdfc550704a91ae3a5540b3d09cf3/request.json	.tlc-tasks/jobs/c50fdfc550704a91ae3a5540b3d09cf3/request.json	file	0664	1789296624256919175	474	b921d3f26bdd840a3a61e2633038292331fcab76e9f57b42846d7e737d792748		copy	run-evidence		{}
specula/runs/nvflare-fedavg-20260913/nvflare-fedavg/.specula-output/.tlc-tasks/jobs/c50fdfc550704a91ae3a5540b3d09cf3/result.json	.tlc-tasks/jobs/c50fdfc550704a91ae3a5540b3d09cf3/result.json	file	0664	1789296625714901447	681	4996bf94021fc48fe0d0a6818a69fdd6f225e46ea1e831b2042f2bca166c7115		copy	run-evidence		{}
specula/runs/nvflare-fedavg-20260913/nvflare-fedavg/.specula-output/.tlc-tasks/jobs/c50fdfc550704a91ae3a5540b3d09cf3/tlc.log	.tlc-tasks/jobs/c50fdfc550704a91ae3a5540b3d09cf3/tlc.log	file	0664	1789296625203907660	5462	35bcf59d7fdbf022a2c828f32a6ccade251336cef369be61e4a29b9f4be805f6		copy	run-evidence		{}
specula/runs/nvflare-fedavg-20260913/nvflare-fedavg/.specula-output/.tlc-tasks/jobs/e6108820770d48af9778209284aa87bf/request.json	.tlc-tasks/jobs/e6108820770d48af9778209284aa87bf/request.json	file	0664	1789296433084245171	479	951eaa6662c7a13902613d3a252a9da1dc32acf8a02e5e5e5199b725b249128a		copy	run-evidence		{}
specula/runs/nvflare-fedavg-20260913/nvflare-fedavg/.specula-output/.tlc-tasks/jobs/e6108820770d48af9778209284aa87bf/result.json	.tlc-tasks/jobs/e6108820770d48af9778209284aa87bf/result.json	file	0664	1789296434542226975	682	3fd5d3ab8cf68a37fbb49ca3f6b24d49147ac347a06a2e29fe481d8b1c969860		copy	run-evidence		{}
specula/runs/nvflare-fedavg-20260913/nvflare-fedavg/.specula-output/.tlc-tasks/jobs/e6108820770d48af9778209284aa87bf/tlc.log	.tlc-tasks/jobs/e6108820770d48af9778209284aa87bf/tlc.log	file	0664	1789296434054233065	19175	35d23c6fd1e03311eb2a4a3df7ee83b6e00d15eab852aa9ac3d5f9ccea58b00a		copy	run-evidence		{}
specula/runs/nvflare-fedavg-20260913/nvflare-fedavg/.specula-output/.tlc-tasks/jobs/ea1da36529bc49469747bbe8508fbe9f/request.json	.tlc-tasks/jobs/ea1da36529bc49469747bbe8508fbe9f/request.json	file	0664	1789296553987772146	494	c3143127c5275bb5d0203807797ba98252db53ebc4f31d35a2730c64359f638e		copy	run-evidence		{}
specula/runs/nvflare-fedavg-20260913/nvflare-fedavg/.specula-output/.tlc-tasks/jobs/ea1da36529bc49469747bbe8508fbe9f/result.json	.tlc-tasks/jobs/ea1da36529bc49469747bbe8508fbe9f/result.json	file	0664	1789296556848740620	680	c5f0185ad1b02587e651b60e4c6faa6fa3697a062c6d3c055b425ddf89231bb8		copy	run-evidence		{}
specula/runs/nvflare-fedavg-20260913/nvflare-fedavg/.specula-output/.tlc-tasks/jobs/ea1da36529bc49469747bbe8508fbe9f/tlc.log	.tlc-tasks/jobs/ea1da36529bc49469747bbe8508fbe9f/tlc.log	file	0664	1789296556567744072	2930	44b0bd5a3655328254848517dbd063a5579c935d30e2e50e54bb8636e87f821c		copy	run-evidence		{}
specula/runs/nvflare-fedavg-20260913/nvflare-fedavg/.specula-output/.tlc-tasks/jobs/f603013da3864171be4f5a9c2b4aefc0/request.json	.tlc-tasks/jobs/f603013da3864171be4f5a9c2b4aefc0/request.json	file	0664	1789296036589065715	493	888020958b5c2059c389539673f33df80f3d9d301bbaf1e0e672451f31fa9f75		copy	run-evidence		{}
specula/runs/nvflare-fedavg-20260913/nvflare-fedavg/.specula-output/.tlc-tasks/jobs/f603013da3864171be4f5a9c2b4aefc0/result.json	.tlc-tasks/jobs/f603013da3864171be4f5a9c2b4aefc0/result.json	file	0664	1789296037849050803	682	2e2071383c7f4208c4e2d84842aa2057cb0bd4368484521e7e7118a9f3417645		copy	run-evidence		{}
specula/runs/nvflare-fedavg-20260913/nvflare-fedavg/.specula-output/.tlc-tasks/jobs/f603013da3864171be4f5a9c2b4aefc0/tlc.log	.tlc-tasks/jobs/f603013da3864171be4f5a9c2b4aefc0/tlc.log	file	0664	1789296037471055277	81489	666f558bf53e3f372e0e93bba444bd621f81cde0e271f37abfabf1d8ad5f576a		copy	run-evidence		{}
	README.md	file	0600	0	1769	9ad87ac790117ecc1be4e466c8d1b28dcac67c6512061399148dfc0e5c8f4c0c		generated	curated-documentation	Curated archive metadata	{}
specula/runs/nvflare-fedavg-20260913/nvflare-fedavg/.specula-output/analysis-evidence/client-audit.md	analysis-evidence/client-audit.md	file	0664	1789293246448407862	25110	5a1aa552a0756f512d32f695e5c5626b23d3ce2292a5adb2515118c26868ccd3		copy	run-evidence		{}
specula/runs/nvflare-fedavg-20260913/nvflare-fedavg/.specula-output/analysis-evidence/evidence-validation.json	analysis-evidence/evidence-validation.json	file	0664	1789294224726687993	1075	959e52b0e31937027b5cec7e9622d9c29c4b1e7fa2a4c1141e37aa5582fdd525		copy	run-evidence		{}
specula/runs/nvflare-fedavg-20260913/nvflare-fedavg/.specula-output/analysis-evidence/fedavg-audit.md	analysis-evidence/fedavg-audit.md	file	0664	1789292708342794701	22666	e560b67e7766811f149cac40343190e21dabde73f2143b665d5cb352b267e4df		copy	run-evidence		{}
specula/runs/nvflare-fedavg-20260913/nvflare-fedavg/.specula-output/analysis-evidence/provenance.json	analysis-evidence/provenance.json	file	0664	1789292406304412529	4017	0f9fd1b6ede89edbdb1365b9748b1cd8cb8f7fa8d0af3f939a378cfe942decd3		copy	run-evidence		{}
specula/runs/nvflare-fedavg-20260913/nvflare-fedavg/.specula-output/analysis-evidence/wfcomm-audit.md	analysis-evidence/wfcomm-audit.md	file	0664	1789294187608128749	21817	1b04dba93bb83cf9f5ae0bb1a24bfc766b03421836abdf03da8e5654501a5999		copy	run-evidence		{}
specula/runs/nvflare-fedavg-20260913/nvflare-fedavg/.specula-output/analysis-report.md	analysis-report.md	file	0664	1789294048744777735	137231	564afe771baa5e54f53acf754a6ec714d37cb1f22424ceeaaecf16a171b37e56		copy	run-evidence		{}
specula/runs/nvflare-fedavg-20260913/nvflare-fedavg/.specula-output/bug-severity.md	bug-severity.md	file	0664	1789358948748733285	1621	5bdbef426a6e3a87cd1effdaca9e3338fd45918b1ea63721ec127c6541d8558c		curate	curated-report	Final finding disposition	"{""source_sha256"": ""455ed46fc8acda99b81ccb7b5d36d069f4e7ef64fe09ed23c5989f93d8f7a0e2""}"
specula/runs/nvflare-fedavg-20260913/nvflare-fedavg/.specula-output/confirmation/CR-1/debate.md	confirmation/CR-1/debate.md	file	0664	1789303865347355478	377	86d8134c162d52655b9c0613c7284c034170dec4b3b40fda5e81deca40aabb81		copy	run-evidence		{}
specula/runs/nvflare-fedavg-20260913/nvflare-fedavg/.specula-output/confirmation/CR-1/investigation.md	confirmation/CR-1/investigation.md	file	0664	1789303765585561426	5331	455d4dca6029c28f31a69306d501e123a07dc1a873743e8b607ea5a5f2c633e6		copy	run-evidence		{}
specula/runs/nvflare-fedavg-20260913/nvflare-fedavg/.specula-output/confirmation/CR-1/verdict.json	confirmation/CR-1/verdict.json	file	0664	1789303865509353526	2490	1660d865cff6f18ac3eb6af11ef14966611f7683845f751fafb1b656efb32c32		copy	run-evidence		{}
specula/runs/nvflare-fedavg-20260913/nvflare-fedavg/.specula-output/confirmation/CR-2/debate.md	confirmation/CR-2/debate.md	file	0664	1789304161861799632	380	3b51406e2215785679a1aeffe01c60dbb9a5cd2b7b41dfdcc7e525768d470161		copy	run-evidence		{}
specula/runs/nvflare-fedavg-20260913/nvflare-fedavg/.specula-output/confirmation/CR-2/investigation.md	confirmation/CR-2/investigation.md	file	0664	1789304109919420714	8561	ba36be78a52e141d64a5a9add5732ff8927750996a8b273dc38f7fbecc4203fc		copy	run-evidence		{}
specula/runs/nvflare-fedavg-20260913/nvflare-fedavg/.specula-output/confirmation/CR-2/verdict.json	confirmation/CR-2/verdict.json	file	0664	1789304162023797698	3557	9e5a507ef74915d11768adb462833cceed8855680b94e9ee6ded1a4921e9a5a7		copy	run-evidence		{}
specula/runs/nvflare-fedavg-20260913/nvflare-fedavg/.specula-output/confirmation/CR-4/debate.md	confirmation/CR-4/debate.md	file	0664	1789358948748733285	36	c517f47044afb2b5391f0b2ce05de28952d6218b26e6753ac0a4390e428bc4a4		curate	curated-report	Final finding disposition	"{""source_sha256"": ""9b37621b41c63a0ee157098657f7356e3d863eb69cf8fd82a17b733bda0f2459""}"
specula/runs/nvflare-fedavg-20260913/nvflare-fedavg/.specula-output/confirmation/CR-4/investigation.md	confirmation/CR-4/investigation.md	file	0664	1789358948748733285	225	49b3b779955b179fdcb7954105bca64591e3d3a8424ba08d81aad121b748e265		curate	curated-report	Final finding disposition	"{""source_sha256"": ""6504df5e5889408c9c2b56dfb3f77e81dfec07e2d35ab2bedc0774b73accad3c""}"
reviews/fedavg-cr4-20260914/logs/focused_tests_run1.log	confirmation/CR-4/logs/focused_tests_run1.log	file	0664	1789355874906788191	1725	1830d5d1dad0bd9391f781e0f999ca798b586b34e044a822d937e1927c29dcae		copy	run-evidence		{}
reviews/fedavg-cr4-20260914/logs/focused_tests_run2.log	confirmation/CR-4/logs/focused_tests_run2.log	file	0664	1789355884546669826	1725	224eb2889c2188343dd1ddc264c30a30c954bfe1b45c6590cfaad87ff91e8b86		copy	run-evidence		{}
specula/runs/nvflare-fedavg-20260913/nvflare-fedavg/.specula-output/confirmation/CR-4/verdict.json	confirmation/CR-4/verdict.json	file	0664	1789358948748733285	515	c85ff4242b2459e961eef88e5aab5091230b8653059922c85121c14e300f563d		curate	curated-report	Final finding disposition	"{""source_sha256"": ""d493aab831fdd0e956d8b0275ecce7fd64d3dac176df2618518914b51f419691""}"
specula/runs/nvflare-fedavg-20260913/nvflare-fedavg/.specula-output/confirmation/CR-5/debate.md	confirmation/CR-5/debate.md	file	0664	1789304500692770910	384	e6611e635e8b878cd8d1f89e2d3005911d1bd9dbbf80c9421c9e43c1fc815f00		copy	run-evidence		{}
specula/runs/nvflare-fedavg-20260913/nvflare-fedavg/.specula-output/confirmation/CR-5/investigation.md	confirmation/CR-5/investigation.md	file	0664	1789304114039370610	8326	1f492734959f5be708595cdeac728bfae0b2bb9f3900081ca6d2937e3b8effe1		copy	run-evidence		{}
specula/runs/nvflare-fedavg-20260913/nvflare-fedavg/.specula-output/confirmation/CR-5/verdict.json	confirmation/CR-5/verdict.json	file	0664	1789304500851769000	3147	88792a980073164413fee49e3fa1f24a50dc931be67734a15df57bd6e96b9efc		copy	run-evidence		{}
specula/runs/nvflare-fedavg-20260913/nvflare-fedavg/.specula-output/confirmation/MC-1/debate.md	confirmation/MC-1/debate.md	file	0664	1789303999676728261	380	8df5fc7801350f4e55878991529c617ebc64501f6dc04a91659b9018ee47cfc9		copy	run-evidence		{}
specula/runs/nvflare-fedavg-20260913/nvflare-fedavg/.specula-output/confirmation/MC-1/investigation.md	confirmation/MC-1/investigation.md	file	0664	1789303903149892685	6318	efce94953b6a9d7fcc3403f18f9d5c5f49281a60dc20f9f0212d8de42f717e87		copy	run-evidence		{}
specula/runs/nvflare-fedavg-20260913/nvflare-fedavg/.specula-output/confirmation/MC-1/verdict.json	confirmation/MC-1/verdict.json	file	0664	1789303999838726303	4175	17ebffc7ff0ace84c5b180446ad4d71a4ef9e8447546e2fe4b24f30a345a47d7		copy	run-evidence		{}
specula/runs/nvflare-fedavg-20260913/nvflare-fedavg/.specula-output/confirmed-bugs.md	confirmed-bugs.md	file	0664	1789358948747733297	14458	418e42f3aff81dcc1350fce346efe4d456bcbd3316dc320e187db6b2b380631d		curate	curated-report	Final finding disposition	"{""source_sha256"": ""7121c7487bef68b06f438c2d8b3bf4513172b3b70d8e2f34f8ce47e3e9ba7932""}"
guidance/01-fedavg-task-lifecycle.md	guidance.md	file	0600	1789290828913345786	5101	c06408715b24ec1ede4f6fd789ea07930845953392047b86450fbcdf74af7db7		copy	run-evidence		{}
specula/runs/nvflare-fedavg-20260913/nvflare-fedavg/.specula-output/harness/INSTRUMENTATION.md	harness/INSTRUMENTATION.md	file	0664	1789298934627179208	9522	1e685aa1ddd43f15f92d78699f5f8842d53c601e25606f40df5d320badba6d2a		copy	run-evidence		{}
specula/runs/nvflare-fedavg-20260913/nvflare-fedavg/.specula-output/harness/RESULTS.md	harness/RESULTS.md	file	0664	1789298821056534069	4690	2b3c7b1dcc39638c85d7a6ea6ce4e54aea5399a8400a61cecf0053abdc1a6a74		copy	run-evidence		{}
specula/runs/nvflare-fedavg-20260913/nvflare-fedavg/.specula-output/harness/applied.json	harness/applied.json	file	0664	1789298847491217892	819	6ca3a8e9196fcd66ad2d440e707dd76af6243149b45fe6b80af5b2d689092907		copy	run-evidence		{}
specula/runs/nvflare-fedavg-20260913/nvflare-fedavg/.specula-output/harness/apply.sh	harness/apply.sh	file	0775	1789298106173151348	146	153b753f08f1ceeeede57e762ef1d9f7386910d1de692967a05c59219807131b		copy	run-evidence		{}
specula/runs/nvflare-fedavg-20260913/nvflare-fedavg/.specula-output/harness/clean.sh	harness/clean.sh	file	0775	1789298934626179220	141	24f3c1175960139fd4e272ef280ee45e20afa504240adc7a8c0573efcfd82f95		copy	run-evidence		{}
specula/runs/nvflare-fedavg-20260913/nvflare-fedavg/.specula-output/harness/patches/instrumentation.patch	harness/patches/instrumentation.patch	file	0664	1789298847490217904	28183	09188ed8823986ba2d3c11c949e9d82be93b02556e0be8930543f1c6a20c46f3		copy	run-evidence		{}
specula/runs/nvflare-fedavg-20260913/nvflare-fedavg/.specula-output/harness/reports/absent_metrics.json	harness/reports/absent_metrics.json	file	0664	1789298848851201611	7892	4d0dd1bbf06e71eb3819f781febcb1b4bd690ad6bfe73487bd8974269f46e2cf		copy	run-evidence		{}
specula/runs/nvflare-fedavg-20260913/nvflare-fedavg/.specula-output/harness/reports/absent_metrics.tlc.log	harness/reports/absent_metrics.tlc.log	file	0664	1789298851176173779	5257	206f619658f8b507ae7c18d471356560a0d099803e6695f69da4e826b8817b09		copy	run-evidence		{}
specula/runs/nvflare-fedavg-20260913/nvflare-fedavg/.specula-output/harness/reports/absent_metrics.validation.json	harness/reports/absent_metrics.validation.json	file	0664	1789298851689167633	599	2180cfeb617226cf616eb9d675f543f65d6fc20e3ccc158ee4bdab0e1c0f0d48		copy	run-evidence		{}
specula/runs/nvflare-fedavg-20260913/nvflare-fedavg/.specula-output/harness/reports/admitted_callback_cancel.json	harness/reports/admitted_callback_cancel.json	file	0664	1789298848990199947	7217	ff256be78e56c14cd7a0c783d9d899d572d1e1bf099273bebd8327c6ddea82f4		copy	run-evidence		{}
specula/runs/nvflare-fedavg-20260913/nvflare-fedavg/.specula-output/harness/reports/admitted_callback_cancel.tlc.log	harness/reports/admitted_callback_cancel.tlc.log	file	0664	1789298852663155961	5270	d754a7227f1765ef4227fe2e6abeb4d4155fd3f3e9db616fe6b58b0c4a618272		copy	run-evidence		{}
specula/runs/nvflare-fedavg-20260913/nvflare-fedavg/.specula-output/harness/reports/admitted_callback_cancel.validation.json	harness/reports/admitted_callback_cancel.validation.json	file	0664	1789298853195149589	609	2420a761f7d0e98228310cf3dd8fe1f491cd8aeee8bf7f1f5bfc3f2a24f82358		copy	run-evidence		{}
specula/runs/nvflare-fedavg-20260913/nvflare-fedavg/.specula-output/harness/reports/before_send_error.json	harness/reports/before_send_error.json	file	0664	1789298848999199840	5092	63504c9542e017eba204b8114208b66a5bb1138d4f3dc2936e28479d317bdafd		copy	run-evidence		{}
specula/runs/nvflare-fedavg-20260913/nvflare-fedavg/.specula-output/harness/reports/before_send_error.tlc.log	harness/reports/before_send_error.tlc.log	file	0664	1789298854159138035	5270	0598a8b5aed1d8bc630c2eb367a7ef4103af9d16dbb8364aafbe5cc946fdab5c		copy	run-evidence		{}
specula/runs/nvflare-fedavg-20260913/nvflare-fedavg/.specula-output/harness/reports/before_send_error.validation.json	harness/reports/before_send_error.validation.json	file	0664	1789298854582132966	602	54e2a44c55f32fb0c0d14c20d17614a2f1ff8f5b915494f329e9b585593687e9		copy	run-evidence		{}
specula/runs/nvflare-fedavg-20260913/nvflare-fedavg/.specula-output/harness/reports/closed_submission.json	harness/reports/closed_submission.json	file	0664	1789298849069199002	5384	9afdbce59c6b14313fab0c90f6378904e0eda3878d1561295f813059e8ee593e		copy	run-evidence		{}
specula/runs/nvflare-fedavg-20260913/nvflare-fedavg/.specula-output/harness/reports/closed_submission.tlc.log	harness/reports/closed_submission.tlc.log	file	0664	1789298855534121558	5269	c489b74ccd3c0248669a874d30ebc2eff37f9c4d8634143758ec5c03bf2556da		copy	run-evidence		{}
specula/runs/nvflare-fedavg-20260913/nvflare-fedavg/.specula-output/harness/reports/closed_submission.validation.json	harness/reports/closed_submission.validation.json	file	0664	1789298855962116429	602	3c9d2b63b19ddd44f21cefc893cc34d4e49dd8c772d2182d2517ddcda7153c44		copy	run-evidence		{}
specula/runs/nvflare-fedavg-20260913/nvflare-fedavg/.specula-output/harness/reports/conversion_failure.json	harness/reports/conversion_failure.json	file	0664	1789298848876201312	7376	00cdc1877fb94330b6fb3b7516f86992edda7bb28dc3fd60ae49fa769b8c2a09		copy	run-evidence		{}
specula/runs/nvflare-fedavg-20260913/nvflare-fedavg/.specula-output/harness/reports/conversion_failure.tlc.log	harness/reports/conversion_failure.tlc.log	file	0664	1789298856991104099	5255	9952d6dfcf6cf6e64507e33c88d665200b6f8a518d78a698f30a77b5ce1472a1		copy	run-evidence		{}
specula/runs/nvflare-fedavg-20260913/nvflare-fedavg/.specula-output/harness/reports/conversion_failure.validation.json	harness/reports/conversion_failure.validation.json	file	0664	1789298857471098347	603	14f3d13f1127b717747c5842cea5c6b7c0bcaf591441d4e813cab65cf2e919d5		copy	run-evidence		{}
specula/runs/nvflare-fedavg-20260913/nvflare-fedavg/.specula-output/harness/reports/coverage.json	harness/reports/coverage.json	file	0664	1789298935034174338	72757	705e43bd94281f501f8a07e73f93e678e776aee77a5be8b86e2e97334f29f94e		copy	run-evidence		{}
specula/runs/nvflare-fedavg-20260913/nvflare-fedavg/.specula-output/harness/reports/coverage.md	harness/reports/coverage.md	file	0664	1789298935034174338	27062	7f1c43b8ba489da148694094543e996a78244ac9bff116c558067a7ed5355863		copy	run-evidence		{}
specula/runs/nvflare-fedavg-20260913/nvflare-fedavg/.specula-output/harness/reports/dead_panic.json	harness/reports/dead_panic.json	file	0664	1789298849038199373	6221	09860d1c45c00e77b00cc7729f5b22024695151494135ee52a25e0262cdf561c		copy	run-evidence		{}
specula/runs/nvflare-fedavg-20260913/nvflare-fedavg/.specula-output/harness/reports/dead_panic.tlc.log	harness/reports/dead_panic.tlc.log	file	0664	1789298858439086747	5244	3c6b181a8050bc33dd209b409164c7aea12848d288769c539252b66dff2121a1		copy	run-evidence		{}
specula/runs/nvflare-fedavg-20260913/nvflare-fedavg/.specula-output/harness/reports/dead_panic.validation.json	harness/reports/dead_panic.validation.json	file	0664	1789298858968080408	595	a4eba690e4578d00c254a829e9a473fd47729e77342dabbd1732e900bc3fab24		copy	run-evidence		{}
specula/runs/nvflare-fedavg-20260913/nvflare-fedavg/.specula-output/harness/reports/dead_permitted.json	harness/reports/dead_permitted.json	file	0664	1789298849030199469	7363	09ce69881071adee43e3bb39bb43b33d4d60f58dd5abf69955562d5c4d0e17bd		copy	run-evidence		{}
specula/runs/nvflare-fedavg-20260913/nvflare-fedavg/.specula-output/harness/reports/dead_permitted.tlc.log	harness/reports/dead_permitted.tlc.log	file	0664	1789298859984068296	5270	eeb52990fd7afadae19f31a45fad5d5cf7b16e492fb3e3a69914afed4be3c279		copy	run-evidence		{}
specula/runs/nvflare-fedavg-20260913/nvflare-fedavg/.specula-output/harness/reports/dead_permitted.validation.json	harness/reports/dead_permitted.validation.json	file	0664	1789298860462062607	599	bacbdb11cf5589a7dc0d3888580a17c11548d1635014e9bef0b0ffa3fd84c675		copy	run-evidence		{}
specula/runs/nvflare-fedavg-20260913/nvflare-fedavg/.specula-output/harness/reports/delivery_retry.json	harness/reports/delivery_retry.json	file	0664	1789298849051199217	8463	2915e8f21a4b11c60b685416747a55106d08e5dd5c0984f73ffec0cbf6c9da07		copy	run-evidence		{}
specula/runs/nvflare-fedavg-20260913/nvflare-fedavg/.specula-output/harness/reports/delivery_retry.tlc.log	harness/reports/delivery_retry.tlc.log	file	0664	1789298861495050315	5265	4bba8dd20194a95cbab195cb9b1f8b9adfd7fc0480c27f32f1a45a45b2a6af91		copy	run-evidence		{}
specula/runs/nvflare-fedavg-20260913/nvflare-fedavg/.specula-output/harness/reports/delivery_retry.validation.json	harness/reports/delivery_retry.validation.json	file	0664	1789298861960044782	600	a87b6c20f377cd4320ddb6eb9559b94fc79ec3348ecfadaccef39179a2ffc98d		copy	run-evidence		{}
specula/runs/nvflare-fedavg-20260913/nvflare-fedavg/.specula-output/harness/reports/development-additions.log	harness/reports/development-additions.log	file	0664	1789298399630659937	3885	0f772532fa3be568daf665f9208c541b5fef051c458a0dd9719d2b24e0428ea1		copy	run-evidence		{}
specula/runs/nvflare-fedavg-20260913/nvflare-fedavg/.specula-output/harness/reports/development-final-tests.log	harness/reports/development-final-tests.log	file	0664	1789298505415319670	3871	06cffc95fd5a35cb5347a73f45d0e3e75d0f0904501fa517ac26ce5f6c99cc1b		copy	run-evidence		{}
specula/runs/nvflare-fedavg-20260913/nvflare-fedavg/.specula-output/harness/reports/development-tests.log	harness/reports/development-tests.log	file	0664	1789298296111894892	3088	58487b01c1d10dca256a11166960bef1597aaec2e99b7591e47f547921eb1149		copy	run-evidence		{}
specula/runs/nvflare-fedavg-20260913/nvflare-fedavg/.specula-output/harness/reports/development-validation.log	harness/reports/development-validation.log	file	0664	1789298366729057226	5461	ed92a2d78ed0e7bab677c0dc9f96c7514aeba0ef362523c867120d91fbfb66a2		copy	run-evidence		{}
specula/runs/nvflare-fedavg-20260913/nvflare-fedavg/.specula-output/harness/reports/dynamic_error.json	harness/reports/dynamic_error.json	file	0664	1789298849006199756	5149	4d6909267b6f61df3851e68f27002f1b9e822a8a5c96542148e88b9da9ffbff5		copy	run-evidence		{}
specula/runs/nvflare-fedavg-20260913/nvflare-fedavg/.specula-output/harness/reports/dynamic_error.tlc.log	harness/reports/dynamic_error.tlc.log	file	0664	1789298862919033370	5258	44eeb0e3557645df0be79fe4f46a3ae30249a2106c1de290524f6f5e30c59922		copy	run-evidence		{}
specula/runs/nvflare-fedavg-20260913/nvflare-fedavg/.specula-output/harness/reports/dynamic_error.validation.json	harness/reports/dynamic_error.validation.json	file	0664	1789298863454027004	598	5b7bcd3bf8bb19552f8e1f475d49e096c491dd3a81d1f779df7924c6eba3a374		copy	run-evidence		{}
specula/runs/nvflare-fedavg-20260913/nvflare-fedavg/.specula-output/harness/reports/empty_metrics.json	harness/reports/empty_metrics.json	file	0664	1789298848864201456	8084	39ed12e161282e0d636b9c273cad44ed8afdc3dc418a0b6f18b1ccd40cfa3db9		copy	run-evidence		{}
specula/runs/nvflare-fedavg-20260913/nvflare-fedavg/.specula-output/harness/reports/empty_metrics.tlc.log	harness/reports/empty_metrics.tlc.log	file	0664	1789298864438015294	5258	1b717109f14f66c2ff11805067b96e0324ec5d6a8d4e29ad12d142c9b041964d		copy	run-evidence		{}
specula/runs/nvflare-fedavg-20260913/nvflare-fedavg/.specula-output/harness/reports/empty_metrics.validation.json	harness/reports/empty_metrics.validation.json	file	0664	1789298864969008976	598	dfde18f2b255aa1d5cb6dfa7313c3a7ada4039f7b8bc683dd8bbf8de33a2c684		copy	run-evidence		{}
specula/runs/nvflare-fedavg-20260913/nvflare-fedavg/.specula-output/harness/reports/empty_params.json	harness/reports/empty_params.json	file	0664	1789298848839201755	7334	c3b7fb19ed7a311c29842a4f02ca331c6412145811482a4f9c625071c87da46b		copy	run-evidence		{}
specula/runs/nvflare-fedavg-20260913/nvflare-fedavg/.specula-output/harness/reports/empty_params.tlc.log	harness/reports/empty_params.tlc.log	file	0664	1789298865951997278	5270	850ae0a38060033f6ee86fa8c17e72d501e839f2d85e3e5c90378a62ad02e2fe		copy	run-evidence		{}
specula/runs/nvflare-fedavg-20260913/nvflare-fedavg/.specula-output/harness/reports/empty_params.validation.json	harness/reports/empty_params.validation.json	file	0664	1789298866477991019	597	4cff626412e7493b1e4178cf1df3f63907d3002bcb1c44730d1182fa4d4df144		copy	run-evidence		{}
specula/runs/nvflare-fedavg-20260913/nvflare-fedavg/.specula-output/harness/reports/end-to-end.log	harness/reports/end-to-end.log	file	0664	1789298886187757254	11088	2ea2b7e88a6302be86123e3aa93c7a6bfad97246d6f0680f343c524885b63baa		copy	run-evidence		{}
specula/runs/nvflare-fedavg-20260913/nvflare-fedavg/.specula-output/harness/reports/filter_cancellation.json	harness/reports/filter_cancellation.json	file	0664	1789298848980200067	7383	8d35e61afaf8b046a371f66c2b0a62e7ff9ff02a9a1f5c2b41a9b5d125c6c0ef		copy	run-evidence		{}
specula/runs/nvflare-fedavg-20260913/nvflare-fedavg/.specula-output/harness/reports/filter_cancellation.tlc.log	harness/reports/filter_cancellation.tlc.log	file	0664	1789298867437979578	5269	57bb23532a586d5e26ff653393b17baaef194a5deb2e1c36f035a3309316c3cb		copy	run-evidence		{}
specula/runs/nvflare-fedavg-20260913/nvflare-fedavg/.specula-output/harness/reports/filter_cancellation.validation.json	harness/reports/filter_cancellation.validation.json	file	0664	1789298867863974471	604	d6e45775331bc356794e20321149215ce0b3fba1c89e0a62231240a65d603d6e		copy	run-evidence		{}
specula/runs/nvflare-fedavg-20260913/nvflare-fedavg/.specula-output/harness/reports/late_evicted_retry.json	harness/reports/late_evicted_retry.json	file	0664	1789298848968200211	11589	f244d9e45ba38f9081b0b8339e1be1a26230a46017d7de0dad5f3deb11605239		copy	run-evidence		{}
specula/runs/nvflare-fedavg-20260913/nvflare-fedavg/.specula-output/harness/reports/late_evicted_retry.tlc.log	harness/reports/late_evicted_retry.tlc.log	file	0664	1789298869055960179	5264	ff64cc6ca02d0b21e5659cf87be7d20feac7cf62b172d28143bb3c4a2ec5b00a		copy	run-evidence		{}
specula/runs/nvflare-fedavg-20260913/nvflare-fedavg/.specula-output/harness/reports/late_evicted_retry.validation.json	harness/reports/late_evicted_retry.validation.json	file	0664	1789298869489954975	604	a43a8ec72c6a6f0903409847998bf67557ea16cc284c1dd8cb0b2a0f0a8bc87a		copy	run-evidence		{}
specula/runs/nvflare-fedavg-20260913/nvflare-fedavg/.specula-output/harness/reports/late_retained_retry.json	harness/reports/late_retained_retry.json	file	0664	1789298849136198200	11514	d47ef7ea9e67d37aee3d48b62d357fd03ad8497930fd7bc3db1dd73748b3e0d8		copy	run-evidence		{}
specula/runs/nvflare-fedavg-20260913/nvflare-fedavg/.specula-output/harness/reports/late_retained_retry.tlc.log	harness/reports/late_retained_retry.tlc.log	file	0664	1789298870672940791	5265	16e08f3c450fd77bb6d81e2bdfbc50e023cee91456c72b0f67c1df3ebb05362b		copy	run-evidence		{}
specula/runs/nvflare-fedavg-20260913/nvflare-fedavg/.specula-output/harness/reports/late_retained_retry.validation.json	harness/reports/late_retained_retry.validation.json	file	0664	1789298871111935527	605	84a321c7b49642898181dcd57301a6c4354025683a4367223dc2bc8489933d0f		copy	run-evidence		{}
specula/runs/nvflare-fedavg-20260913/nvflare-fedavg/.specula-output/harness/reports/lost_ack_live.json	harness/reports/lost_ack_live.json	file	0664	1789298848929200678	8514	270b433a8c8680c21dcc21db0bd38dec16a9fd50562c805d6008c5a85812e3d5		copy	run-evidence		{}
specula/runs/nvflare-fedavg-20260913/nvflare-fedavg/.specula-output/harness/reports/lost_ack_live.tlc.log	harness/reports/lost_ack_live.tlc.log	file	0664	1789298872104923621	5263	e1dfc077b9d3eea049c351ddfe81f567d082027b184a92506b6e1959017e54e7		copy	run-evidence		{}
specula/runs/nvflare-fedavg-20260913/nvflare-fedavg/.specula-output/harness/reports/lost_ack_live.validation.json	harness/reports/lost_ack_live.validation.json	file	0664	1789298872617917471	599	215cc999642b416647c7068492aabd7d006239bed40e452d88a322b75054eb07		copy	run-evidence		{}
specula/runs/nvflare-fedavg-20260913/nvflare-fedavg/.specula-output/harness/reports/lost_ack_retired.json	harness/reports/lost_ack_retired.json	file	0664	1789298848941200534	7253	7d5e5383d09c2172cabc9739515e3bf88a968dae42d0aeb89cbc819901a33cbf		copy	run-evidence		{}
specula/runs/nvflare-fedavg-20260913/nvflare-fedavg/.specula-output/harness/reports/lost_ack_retired.tlc.log	harness/reports/lost_ack_retired.tlc.log	file	0664	1789298873636905253	5270	606877fc61c8291bc87b0ec2e91660da7341e163cb3a758d9495ca62969cad5e		copy	run-evidence		{}
specula/runs/nvflare-fedavg-20260913/nvflare-fedavg/.specula-output/harness/reports/lost_ack_retired.validation.json	harness/reports/lost_ack_retired.validation.json	file	0664	1789298874122899426	601	6062680a6576d1ddbc59d7da1ac36d4ad39419c493d9a50e031e46d53b8401d5		copy	run-evidence		{}
specula/runs/nvflare-fedavg-20260913/nvflare-fedavg/.specula-output/harness/reports/metric_preparation_failure.json	harness/reports/metric_preparation_failure.json	file	0664	1789298848901201013	7984	562d8e28a5ebab4e188a1e84eeb227a2b1e6ac93d6cb876caa1e934fff97aa36		copy	run-evidence		{}
specula/runs/nvflare-fedavg-20260913/nvflare-fedavg/.specula-output/harness/reports/metric_preparation_failure.tlc.log	harness/reports/metric_preparation_failure.tlc.log	file	0664	1789298875113887544	5270	6df4e9008285d8df18ce95354b0c55cab77e570a6b42c0228f8662620a06cd09		copy	run-evidence		{}
specula/runs/nvflare-fedavg-20260913/nvflare-fedavg/.specula-output/harness/reports/metric_preparation_failure.validation.json	harness/reports/metric_preparation_failure.validation.json	file	0664	1789298875635881382	611	fdd0cd1fd0fcf10c922fd6343db62174833f6dcc19a9d4e39a348f07a9b95cbc		copy	run-evidence		{}
specula/runs/nvflare-fedavg-20260913/nvflare-fedavg/.specula-output/harness/reports/metric_value_failure.json	harness/reports/metric_value_failure.json	file	0664	1789298848914200857	8075	f9bcff3966db8e09e83e71b1eb56cc6725e31d8999a5ddaebde38a961a585111		copy	run-evidence		{}
specula/runs/nvflare-fedavg-20260913/nvflare-fedavg/.specula-output/harness/reports/metric_value_failure.tlc.log	harness/reports/metric_value_failure.tlc.log	file	0664	1789298876651869462	5255	1b3d9492cf541d5c92a3f45c3207756d17bec51ed98b30d143e4c20550082c3b		copy	run-evidence		{}
specula/runs/nvflare-fedavg-20260913/nvflare-fedavg/.specula-output/harness/reports/metric_value_failure.validation.json	harness/reports/metric_value_failure.validation.json	file	0664	1789298877139863736	605	34e51eaf5e18819a6e97c2419f2caed2d1f90ef8706d6aa7c6931c14a58139df		copy	run-evidence		{}
specula/runs/nvflare-fedavg-20260913/nvflare-fedavg/.specula-output/harness/reports/missing_live_recovery.json	harness/reports/missing_live_recovery.json	file	0664	1789298849098198654	8595	08ba8d7b0632599b0f5bbb7de2772c6f5dae767d399802a85d45b56e5d473092		copy	run-evidence		{}
specula/runs/nvflare-fedavg-20260913/nvflare-fedavg/.specula-output/harness/reports/missing_live_recovery.tlc.log	harness/reports/missing_live_recovery.tlc.log	file	0664	1789298878141851980	5277	3e1d812e5b1f0eefbe93954ab0e334ccd75ff642df967e99be80fe7a1053d58a		copy	run-evidence		{}
specula/runs/nvflare-fedavg-20260913/nvflare-fedavg/.specula-output/harness/reports/missing_live_recovery.validation.json	harness/reports/missing_live_recovery.validation.json	file	0664	1789298878635846184	607	c584e68329298649ff8c2f7dada27b05f2a9522260fb8ac51cdd6d13f0e978d7		copy	run-evidence		{}
specula/runs/nvflare-fedavg-20260913/nvflare-fedavg/.specula-output/harness/reports/normal_staggered.json	harness/reports/normal_staggered.json	file	0664	1789298848824201935	11402	a2e9217cccd0eafcbe02b2078c5126f89fc10227f9ab8fc8e310ef32f90c5b05		copy	run-evidence		{}
specula/runs/nvflare-fedavg-20260913/nvflare-fedavg/.specula-output/harness/reports/normal_staggered.tlc.log	harness/reports/normal_staggered.tlc.log	file	0664	1789298879795832574	5264	4e9fc4470767b7527bf204d6433c69bf0c02e0a29a3a81992b8076aa59a56c6f		copy	run-evidence		{}
specula/runs/nvflare-fedavg-20260913/nvflare-fedavg/.specula-output/harness/reports/normal_staggered.validation.json	harness/reports/normal_staggered.validation.json	file	0664	1789298880270827001	602	69863680ca78f1b867111c2728af1b04911483f7525ab8daee764b88118bac60		copy	run-evidence		{}
specula/runs/nvflare-fedavg-20260913/nvflare-fedavg/.specula-output/harness/reports/partial_param_allocation.json	harness/reports/partial_param_allocation.json	file	0664	1789298848889201156	7744	ad23b55073f77e1c88811f3b86a178e55c452701a26ad1681aca45c24ea36e3e		copy	run-evidence		{}
specula/runs/nvflare-fedavg-20260913/nvflare-fedavg/.specula-output/harness/reports/partial_param_allocation.tlc.log	harness/reports/partial_param_allocation.tlc.log	file	0664	1789298881249815514	5244	2c27cf0dc01696db5e7025e6234cceb3785b2730d6760195436d2015089c6c46		copy	run-evidence		{}
specula/runs/nvflare-fedavg-20260913/nvflare-fedavg/.specula-output/harness/reports/partial_param_allocation.validation.json	harness/reports/partial_param_allocation.validation.json	file	0664	1789298881778809308	609	9e1874dd69fe2e3c6b07a0c7f31a7dce33e550efbe8740c46b8ca6c5f07e911c		copy	run-evidence		{}
specula/runs/nvflare-fedavg-20260913/nvflare-fedavg/.specula-output/harness/reports/protect_allocation_failure.json	harness/reports/protect_allocation_failure.json	file	0664	1789298849059199121	5102	c3958b42a2c670a751dce8999b4e5ae5fce9541a1fb97795b7032be4e8248911		copy	run-evidence		{}
specula/runs/nvflare-fedavg-20260913/nvflare-fedavg/.specula-output/harness/reports/protect_allocation_failure.tlc.log	harness/reports/protect_allocation_failure.tlc.log	file	0664	1789298882729798150	5243	bcdb73ba66dff2313987cca729f8afd955ccbae9d4c6d86e1b8d1bd20c81f1ad		copy	run-evidence		{}
specula/runs/nvflare-fedavg-20260913/nvflare-fedavg/.specula-output/harness/reports/protect_allocation_failure.validation.json	harness/reports/protect_allocation_failure.validation.json	file	0664	1789298883172792952	611	8bfab308f540e4e6ae8943001a1ebbb2b23b6329d3e55c5251566e476891a25c		copy	run-evidence		{}
specula/runs/nvflare-fedavg-20260913/nvflare-fedavg/.specula-output/harness/reports/provenance.json	harness/reports/provenance.json	file	0664	1789298935076173836	2781	e7c2a0404e984401c8c81ba4b117d1f09b430fdd964b78dbe0f3b902a5be03c2		copy	run-evidence		{}
specula/runs/nvflare-fedavg-20260913/nvflare-fedavg/.specula-output/harness/reports/pytest.log	harness/reports/pytest.log	file	0664	1789298849139198164	99	468a173ea444fa3a86c2e2690baae204cf042bacb8a95a51bc90b1f4f4744fb5		copy	run-evidence		{}
specula/runs/nvflare-fedavg-20260913/nvflare-fedavg/.specula-output/harness/reports/replay.log	harness/reports/replay.log	file	0664	1789298886187757254	7034	9812da9f7f6464e5efa376b4fce56bdcec247e396d5d80c78be9c1d6df9b1819		copy	run-evidence		{}
specula/runs/nvflare-fedavg-20260913/nvflare-fedavg/.specula-output/harness/reports/request_retired_while_waiting.json	harness/reports/request_retired_while_waiting.json	file	0664	1789298849081198858	7284	1f4444e10b758d46193f775db2db18ba0620d5d540257e38dccd345c049f08c4		copy	run-evidence		{}
specula/runs/nvflare-fedavg-20260913/nvflare-fedavg/.specula-output/harness/reports/request_retired_while_waiting.tlc.log	harness/reports/request_retired_while_waiting.tlc.log	file	0664	1789298884138781522	5270	7ecbd065a1d50aac47835ecb043efa8e72f5c48701bca58209de5260ffdb4419		copy	run-evidence		{}
specula/runs/nvflare-fedavg-20260913/nvflare-fedavg/.specula-output/harness/reports/request_retired_while_waiting.validation.json	harness/reports/request_retired_while_waiting.validation.json	file	0664	1789298884680775101	614	9fece75b81eba0b4158643ea768eb32ad8608ef8cde67c2aadea2ce3c16e31ae		copy	run-evidence		{}
specula/runs/nvflare-fedavg-20260913/nvflare-fedavg/.specula-output/harness/reports/resilient_error.json	harness/reports/resilient_error.json	file	0664	1789298849019199600	7368	5517f7703ac5eaf547c13f383295880fe6acbd6a200ef1008705a4ed40ad1393		copy	run-evidence		{}
specula/runs/nvflare-fedavg-20260913/nvflare-fedavg/.specula-output/harness/reports/resilient_error.tlc.log	harness/reports/resilient_error.tlc.log	file	0664	1789298885659763508	5271	59f3b23001474c1345cbee4efad2cc2a41fe0c71f2abc2f994f96b34ba7eeddb		copy	run-evidence		{}
specula/runs/nvflare-fedavg-20260913/nvflare-fedavg/.specula-output/harness/reports/resilient_error.validation.json	harness/reports/resilient_error.validation.json	file	0664	1789298886187757254	600	9f7031f2caeddbb86aad60768b4b94c28a9fc65a71e155f8340d2d47856df040		copy	run-evidence		{}
specula/runs/nvflare-fedavg-20260913/nvflare-fedavg/.specula-output/harness/reports/source-hooks.tsv	harness/reports/source-hooks.tsv	file	0664	1789298935060174027	5955	b4c2b946ef67764e0d54a293c035923c39a2cba3f195e7cac628ea88b7b0a835		copy	run-evidence		{}
specula/runs/nvflare-fedavg-20260913/nvflare-fedavg/.specula-output/harness/reports/upstream-tests.log	harness/reports/upstream-tests.log	file	0664	1789298649312591827	842	c978ead9409a3b4ed2de53f369ef9094e7bbf917f2cdb450845702836948ce13		copy	run-evidence		{}
specula/runs/nvflare-fedavg-20260913/nvflare-fedavg/.specula-output/harness/reports/validation-summary.json	harness/reports/validation-summary.json	file	0664	1789298886187757254	15365	151c4cf7d47ccac7203872f8ac70d43002ab2f2b7fde6db277a267e581e6bcac		copy	run-evidence		{}
specula/runs/nvflare-fedavg-20260913/nvflare-fedavg/.specula-output/harness/run.sh	harness/run.sh	file	0775	1789298728127646745	1222	83be8c14ff96bdb22428c17568661336eab3a0a0d3c7b43ff1680f6c6b877900		copy	run-evidence		{}
specula/runs/nvflare-fedavg-20260913/nvflare-fedavg/.specula-output/harness/src/audit_traces.py	harness/src/audit_traces.py	file	0664	1789298820592539588	6764	22a7988427ae527c7e4934f5e41ba54bad32f24971cdc2d3de57e044061a9ac9		copy	run-evidence		{}
specula/runs/nvflare-fedavg-20260913/nvflare-fedavg/.specula-output/harness/src/clean_source.py	harness/src/clean_source.py	file	0664	1789298934846176587	1487	726d475b0a09cdd3960db8d92ea98ed685fb265ffef0a6085759db1d02e1fe2b		copy	run-evidence		{}
specula/runs/nvflare-fedavg-20260913/nvflare-fedavg/.specula-output/harness/src/fedavg_trace_test.py	harness/src/fedavg_trace_test.py	file	0664	1789298820737537864	19451	2a021cfdcd7c74c36f7eeea8ecee005e1ad123c41f8f5fc12bc76f434fca41dd		copy	run-evidence		{}
specula/runs/nvflare-fedavg-20260913/nvflare-fedavg/.specula-output/harness/src/instrument_source.py	harness/src/instrument_source.py	file	0664	1789298820613539339	17430	f7e730a84a2fda2b528206aeb90eb1ced2158e0e7b844ae7bc777ad1893df942		copy	run-evidence		{}
specula/runs/nvflare-fedavg-20260913/nvflare-fedavg/.specula-output/harness/src/trace_observer.py	harness/src/trace_observer.py	file	0664	1789298820992534830	36208	fe87faa879fee5b874bde7277012370705b024793beb0c61bf3b023c269c12d6		copy	run-evidence		{}
specula/runs/nvflare-fedavg-20260913/nvflare-fedavg/.specula-output/harness/src/validate_traces.py	harness/src/validate_traces.py	file	0664	1789298820537540243	2973	1c0430919cbb24462f6c01d8ffa128314f5a8217bbba3b820e75014cdb15e1cc		copy	run-evidence		{}
specula/runs/nvflare-fedavg-20260913/nvflare-fedavg/.specula-output/modeling-brief.md	modeling-brief.md	file	0664	1789294187608128749	23950	81d32c51e95dfe7ff9e94ad97fc5a6075952aed2481bba3b5cc865975aa9cacc		copy	run-evidence		{}
specula/runs/nvflare-fedavg-20260913/pipeline-summary.md	provenance/original-pipeline-summary.md	file	0664	1789304752488584509	1181	e1bd1e0c0010edd34558242641ed87d3dc527de176bb27940c77d5bc31977358		copy	run-evidence		{}
specula/runs/nvflare-fedavg-20260913/run.json	provenance/original-run.json	file	0664	1789291294810754335	4366	76e8ed1667967b208c2ba8e52e6074777b10f407e248d948a670f4bfd65fdf41		copy	run-evidence		{}
specula/runs/nvflare-fedavg-20260913/nvflare-fedavg/.specula-output/repro/test_bugCR-1_broadcast_ownership.py	repro/test_bugCR-1_broadcast_ownership.py	file	0775	1789303765585561426	4458	ff0f60f680d6e93719c08cc0871bcdbdbcdb6c76d392e9f2a9eafdd503ee32e9		copy	run-evidence		{}
specula/runs/nvflare-fedavg-20260913/nvflare-fedavg/.specula-output/repro/test_bugCR-2_task_identity_history.py	repro/test_bugCR-2_task_identity_history.py	file	0775	1789304109919420714	6227	563657e3b36ebcaeca1769fb5ba784f65cc444c3b988f1f3def514e905574027		copy	run-evidence		{}
specula/runs/nvflare-fedavg-20260913/nvflare-fedavg/.specula-output/repro/test_bugCR-5_progress_completion.py	repro/test_bugCR-5_progress_completion.py	file	0775	1789304441193480043	10304	fbbf3893d49375ee1f410b61477586673956bd3df698f6fd2a744b1fb1cb451d		copy	run-evidence		{}
specula/runs/nvflare-fedavg-20260913/nvflare-fedavg/.specula-output/repro/test_bugMC-1_lazy_partial_aggregation.py	repro/test_bugMC-1_lazy_partial_aggregation.py	file	0664	1789303852634509131	3528	d74187415380da79fcebe20be2cc0be06c3a109d3d91064275f8d1d3704704a9		copy	run-evidence		{}
reviews/fedavg-cr4-20260914/repro/test_cr4_faithful_dispatch.py	repro/test_cr4_faithful_dispatch.py	file	0664	1789355863902923807	13701	f66b14ef375e1290fa74790e9fb885b5ced07607399aaef1eadcaba875144f19		copy	run-evidence		{}
specula/runs/nvflare-fedavg-20260913/nvflare-fedavg/.specula-output/review-analysis.md	review-analysis.md	file	0664	1789294511858254294	5965	c02541f44a0946ee07e3bc5b572cb6d9c21086208f68e32d0abc195a684e124d		copy	run-evidence		{}
	run.json	file	0600	0	1877	ac8908edf536ec916e0c18c72c117a2e006b1168f0c382d7af9ba329304f2c6d		generated	curated-documentation	Curated archive metadata	{}
specula/runs/nvflare-fedavg-20260913/nvflare-fedavg/.specula-output/spec/MC.cfg	spec/MC.cfg	file	0664	1789296697109038546	1227	0b78e042cff8832a4beeff6e882e1474be1d2d3fb055280fb8e98b9fefe2b0df		copy	run-evidence		{}
specula/runs/nvflare-fedavg-20260913/nvflare-fedavg/.specula-output/spec/MC.tla	spec/MC.tla	file	0664	1789301424402754486	15941	99421dce006c3cdb3f1040e30062f456437ad3c7e6c82b435fb50d9814fda317		copy	run-evidence		{}
specula/runs/nvflare-fedavg-20260913/nvflare-fedavg/.specula-output/spec/MC_hunt_s1_protected_input.cfg	spec/MC_hunt_s1_protected_input.cfg	file	0664	1789296697109038546	896	43fe557932f9dd02149a046e41b0f67da961bf55ef27633bf8401650e05535a5		copy	run-evidence		{}
specula/runs/nvflare-fedavg-20260913/nvflare-fedavg/.specula-output/spec/MC_hunt_s2_identity_history.cfg	spec/MC_hunt_s2_identity_history.cfg	file	0664	1789296697110038535	915	17fd20cc684421ac3e0154409e0ef27dedf9157c4bc4bce3cfb7f36877a74853		copy	run-evidence		{}
specula/runs/nvflare-fedavg-20260913/nvflare-fedavg/.specula-output/spec/MC_hunt_s3_conversion_control.cfg	spec/MC_hunt_s3_conversion_control.cfg	file	0664	1789296697110038535	932	c8fbc9dd08a8eb8f45058e18db0d1d65acda1fcfb4e3afc49da6fc0323d88daa		copy	run-evidence		{}
specula/runs/nvflare-fedavg-20260913/nvflare-fedavg/.specula-output/spec/MC_hunt_s3_metric_failure.cfg	spec/MC_hunt_s3_metric_failure.cfg	file	0664	1789296697110038535	906	fecb3cf14d91ae229c6fc52bcd535e4b2151cea3d2943bc013a31e0ca492fbbb		copy	run-evidence		{}
specula/runs/nvflare-fedavg-20260913/nvflare-fedavg/.specula-output/spec/MC_hunt_s3_parameter_values.cfg	spec/MC_hunt_s3_parameter_values.cfg	file	0664	1789301424402754486	996	a1ead41649f5f014bcb3e10958ac5979d32b015a6916f99a6e554b17e21584e6		copy	run-evidence		{}
specula/runs/nvflare-fedavg-20260913/nvflare-fedavg/.specula-output/spec/MC_hunt_s3_partial_parameters.cfg	spec/MC_hunt_s3_partial_parameters.cfg	file	0664	1789296697110038535	924	a1ffbcebb8a8a781f4dd542398e6be16b047afa02a712d8efa43ae8fc8892f8e		copy	run-evidence		{}
specula/runs/nvflare-fedavg-20260913/nvflare-fedavg/.specula-output/spec/MC_hunt_s4_cancel_overlap.cfg	spec/MC_hunt_s4_cancel_overlap.cfg	file	0664	1789301424402754486	1197	a8eb65ed7bb206eb7d710bdf11ec84b4000e186694eb793befaf6b022b53529f		copy	run-evidence		{}
specula/runs/nvflare-fedavg-20260913/nvflare-fedavg/.specula-output/spec/MC_hunt_s4_filter_retirement.cfg	spec/MC_hunt_s4_filter_retirement.cfg	file	0664	1789301424402754486	1230	577797c7c37cbe278eee183f906e992918af7b75f311f010dc164aa675d76102		copy	run-evidence		{}
specula/runs/nvflare-fedavg-20260913/nvflare-fedavg/.specula-output/spec/MC_hunt_s4_prepare_error.cfg	spec/MC_hunt_s4_prepare_error.cfg	file	0664	1789301424402754486	1184	0c09dcac58d7416f27c559ed3e459a5b6a2469fdca7ac469709f7cae3fc9cd57		copy	run-evidence		{}
specula/runs/nvflare-fedavg-20260913/nvflare-fedavg/.specula-output/spec/MC_hunt_s5_dead_policy.cfg	spec/MC_hunt_s5_dead_policy.cfg	file	0664	1789301424402754486	1226	a3c47d4d2cdeafb76355d268bd919ada7fc5494c796354e2afef951497d2a0b1		copy	run-evidence		{}
specula/runs/nvflare-fedavg-20260913/nvflare-fedavg/.specula-output/spec/MC_hunt_s5_progress.cfg	spec/MC_hunt_s5_progress.cfg	file	0664	1789296697110038535	996	2b9dc0e698093f8a9426cc948d139e666425ab8034c7ecf02352db458d5fed41		copy	run-evidence		{}
specula/runs/nvflare-fedavg-20260913/nvflare-fedavg/.specula-output/spec/MC_hunt_s5_resilient.cfg	spec/MC_hunt_s5_resilient.cfg	file	0664	1789296697110038535	941	7ab3f681ab8ccb00212345acd1ff325a2392c3bb61a7971522d9b6f8d7d68068		copy	run-evidence		{}
specula/runs/nvflare-fedavg-20260913/nvflare-fedavg/.specula-output/spec/Trace.cfg	spec/Trace.cfg	file	0664	1789296553930772735	1148	c4731734deacfa103fca94d88bbef0a6e356edd7bb1c6d3f8cb9e5e099ddfcbc		copy	run-evidence		{}
specula/runs/nvflare-fedavg-20260913/nvflare-fedavg/.specula-output/spec/Trace.tla	spec/Trace.tla	file	0664	1789296553930772735	36351	9df4f877c2e8a54a3f326f793cf85d56d9afd5fd2718dcd845ad5092dc0459b2		copy	run-evidence		{}
specula/runs/nvflare-fedavg-20260913/nvflare-fedavg/.specula-output/spec/TraceControl.tla	spec/TraceControl.tla	file	0664	1789296432831248329	218	35329030f05ce444605b5e34bdba9f145f074083f49530b40e136e08ae63904f		copy	run-evidence		{}
specula/runs/nvflare-fedavg-20260913/nvflare-fedavg/.specula-output/spec/artifact-hashes.json	spec/artifact-hashes.json	file	0664	1789302944727613738	3945	2c71e305b48f751e1952ff4286f88bf09219ff905de24f8e7c946a9f99ee4b53		copy	run-evidence		{}
specula/runs/nvflare-fedavg-20260913/nvflare-fedavg/.specula-output/spec/base.cfg	spec/base.cfg	file	0664	1789296553857773487	936	c7d937716056c72f9e343fa6e29c4da244d276dda37b33427b3424981fe5e38b		copy	run-evidence		{}
specula/runs/nvflare-fedavg-20260913/nvflare-fedavg/.specula-output/spec/base.tla	spec/base.tla	file	0664	1789296553857773487	53503	e2cac4cd235148561edab557ce5b95870b4cf14ead77c52f67302ae5a878fc39		copy	run-evidence		{}
specula/runs/nvflare-fedavg-20260913/nvflare-fedavg/.specula-output/spec/brief-coverage.md	spec/brief-coverage.md	file	0664	1789301611072033686	6290	104b01a815aed69e7ef4607a977405bee9e1a74b8e25f736a0f29432526bf76b		copy	run-evidence		{}
specula/runs/nvflare-fedavg-20260913/nvflare-fedavg/.specula-output/spec/bug-report.md	spec/bug-report.md	file	0664	1789302944725613761	13402	bd058a6053f26b3dc5bc9bb8fd966f0158caa59dc50941b37a8563317d2855db		copy	run-evidence		{}
specula/runs/nvflare-fedavg-20260913/nvflare-fedavg/.specula-output/spec/candidates.json	spec/candidates.json	file	0664	1789303477196286543	7796	1ea9d48edd9bb8df5d4dca4536d2200f158ca8542e996cb6cc12cb361614c466		copy	run-evidence		{}
specula/runs/nvflare-fedavg-20260913/nvflare-fedavg/.specula-output/spec/changelog.md	spec/changelog.md	file	0664	1789302944725613761	4997	f22bc2819f5d35efa702734cc9896dcf8e06ed179f158e30946949abead31a0b		copy	run-evidence		{}
specula/runs/nvflare-fedavg-20260913/nvflare-fedavg/.specula-output/spec/checks/ParseConfigs.java	spec/checks/ParseConfigs.java	file	0664	1789296623793924808	454	821bdfde0d5ab5d93428f68adff4c18cd6b6146112e21f56c31880e23ecde2ba		copy	run-evidence		{}
specula/runs/nvflare-fedavg-20260913/nvflare-fedavg/.specula-output/spec/checks/Trace-bad_state.cfg	spec/checks/Trace-bad_state.cfg	file	0664	1789296432830248341	1241	1e17a99dfbda8f0c31ab7b997b2498969989779465a9a557b0c514ce30ed0339		copy	run-evidence		{}
specula/runs/nvflare-fedavg-20260913/nvflare-fedavg/.specula-output/spec/checks/Trace-positive.cfg	spec/checks/Trace-positive.cfg	file	0664	1789296432830248341	1240	4f110ba58a1b60008dfb798505acb159d9ce456c79e76fa0ee30728a1c01c62a		copy	run-evidence		{}
specula/runs/nvflare-fedavg-20260913/nvflare-fedavg/.specula-output/spec/checks/Trace-unknown_event.cfg	spec/checks/Trace-unknown_event.cfg	file	0664	1789296432831248329	1245	fb34ac8e404334bb642aac39680605c4b1ac66b6b770a7d61ee1593180fb478a		copy	run-evidence		{}
specula/runs/nvflare-fedavg-20260913/nvflare-fedavg/.specula-output/spec/checks/action-map.json	spec/checks/action-map.json	file	0664	1789296553931772724	27873	4525700503e8ce2de59327ec81fa43806c364713ed13d3078b17315ba62e6c86		copy	run-evidence		{}
specula/runs/nvflare-fedavg-20260913/nvflare-fedavg/.specula-output/spec/checks/audit_cfgs.py	spec/checks/audit_cfgs.py	file	0664	1789301611072033686	1971	5df089611424a3748a4a2af651ab2173545bce904720de9dbd56f58906cc1764		copy	run-evidence		{}
specula/runs/nvflare-fedavg-20260913/nvflare-fedavg/.specula-output/spec/checks/base-sany.log	spec/checks/base-sany.log	file	0664	1789296594242283388	1605	b81914b6e28a3c33c6e0845f75fb235bd8752ee61c14de090840c443220da4fe		copy	run-evidence		{}
specula/runs/nvflare-fedavg-20260913/nvflare-fedavg/.specula-output/spec/checks/boundaries.py.inc	spec/checks/boundaries.py.inc	file	0664	1789295871688022076	7285	a9dc29b39cf3facd643fe4750cf4edcd0dad72922963c7d3d624e5db323ef559		copy	run-evidence		{}
specula/runs/nvflare-fedavg-20260913/nvflare-fedavg/.specula-output/spec/checks/build_base.py	spec/checks/build_base.py	file	0664	1789296553831773756	57447	ed83e2421d252581b27a331d9e1cf3c7d3592af364418711fc1b8f6c3eabc45a		copy	run-evidence		{}
specula/runs/nvflare-fedavg-20260913/nvflare-fedavg/.specula-output/spec/checks/build_instrumentation.py	spec/checks/build_instrumentation.py	file	0664	1789296310500782801	26744	f4eae47a5161b59c116b4241bf6f3861c846b4518449542455f0c2c8b6884b82		copy	run-evidence		{}
specula/runs/nvflare-fedavg-20260913/nvflare-fedavg/.specula-output/spec/checks/build_mc.py	spec/checks/build_mc.py	file	0664	1789296697086038807	10267	13b450eaf894ccebcaed681039a049c9b5ead2c546027f4049c211f4ea0b9a18		copy	run-evidence		{}
specula/runs/nvflare-fedavg-20260913/nvflare-fedavg/.specula-output/spec/checks/build_trace.py	spec/checks/build_trace.py	file	0664	1789296022106237289	6213	7e6a8c96e8fb2477e69bf47896b3ca6cf9d975c03e2e3f050ce6fa84ff61ba47		copy	run-evidence		{}
specula/runs/nvflare-fedavg-20260913/nvflare-fedavg/.specula-output/spec/checks/collect_coverage.py	spec/checks/collect_coverage.py	file	0664	1789301845626521662	3398	ddca0c2d122bee2248c8417e0180e1576238ae520ef30fba4b29f74ba8217b66		copy	run-evidence		{}
specula/runs/nvflare-fedavg-20260913/nvflare-fedavg/.specula-output/spec/checks/config-manifest.json	spec/checks/config-manifest.json	file	0664	1789296697111038523	14907	02b3248de5c71534ff622372053d0aeffaad6f1d46a93737cd757e90c11d0a44		copy	run-evidence		{}
specula/runs/nvflare-fedavg-20260913/nvflare-fedavg/.specula-output/spec/checks/config-parse.log	spec/checks/config-parse.log	file	0664	1789296624236919418	2357	6b4899b5c1b82a5df9539e8a4cbfa9afd692bad90369bd5aed65430eaabdc679		copy	run-evidence		{}
specula/runs/nvflare-fedavg-20260913/nvflare-fedavg/.specula-output/spec/checks/create_trace_controls.py	spec/checks/create_trace_controls.py	file	0664	1789296432806248641	3368	e462d4d57275d25a15fc8a3aae44f35cd114b369db08764e7fe10577b4ff2bde		copy	run-evidence		{}
specula/runs/nvflare-fedavg-20260913/nvflare-fedavg/.specula-output/spec/checks/enabled-invariants.json	spec/checks/enabled-invariants.json	file	0664	1789302944693614142	2099	37555b1d40524b83fac12ea61336a72eeb65b735c4911e6b9f670225aece3254		copy	run-evidence		{}
specula/runs/nvflare-fedavg-20260913/nvflare-fedavg/.specula-output/spec/checks/finalize_validation.py	spec/checks/finalize_validation.py	file	0664	1789302492065035291	8007	fbf593edb32e5cfc1c305874360f2707f16334972b4b1112f1dac20db4bf0982		copy	run-evidence		{}
specula/runs/nvflare-fedavg-20260913/nvflare-fedavg/.specula-output/spec/checks/generation-checks.md	spec/checks/generation-checks.md	file	0664	1789296796069859644	4625	97612356fcad7c75822061e0a12d540acdc340bfb65ad59b0a0e829c5f0c2612		copy	run-evidence		{}
specula/runs/nvflare-fedavg-20260913/nvflare-fedavg/.specula-output/spec/checks/inspect_tlc.py	spec/checks/inspect_tlc.py	file	0664	1789299640404649879	842	6a05e29d4191958625ec01c88f508ed6fba5bb55ac1384ec680c182022c207f8		copy	run-evidence		{}
specula/runs/nvflare-fedavg-20260913/nvflare-fedavg/.specula-output/spec/checks/mc-sany.log	spec/checks/mc-sany.log	file	0664	1789296795963860915	1787	db241b13323f521a3c762fa12994af15c7c90540ca480e3705fb03da0bae6ed0		copy	run-evidence		{}
specula/runs/nvflare-fedavg-20260913/nvflare-fedavg/.specula-output/spec/checks/not-applicable-invariants.json	spec/checks/not-applicable-invariants.json	file	0664	1789302944694614130	471	33a107204934241466fc54e53e56054bd9f293c80429dec5978c3bb81993eb3d		copy	run-evidence		{}
specula/runs/nvflare-fedavg-20260913/nvflare-fedavg/.specula-output/spec/checks/receipts.json	spec/checks/receipts.json	file	0664	1789296796069859644	4344	3a09ac2c62609abd1220da8cf09b5abecb2360c9031969bd91d26c45685d292f		copy	run-evidence		{}
specula/runs/nvflare-fedavg-20260913/nvflare-fedavg/.specula-output/spec/checks/refine_boundaries.py	spec/checks/refine_boundaries.py	file	0664	1789295871688022076	255	e8e6fbc7ece8536a28f13f1a4e55226e5a7f49dd55bd2a282dec11c85f6eabd1		copy	run-evidence		{}
specula/runs/nvflare-fedavg-20260913/nvflare-fedavg/.specula-output/spec/checks/run_hunts.py	spec/checks/run_hunts.py	file	0664	1789299725023626542	4395	0c674d3f081d9d97f71258da16d7b265c189f20b58512dd4afdbc19babbdc89c		copy	run-evidence		{}
specula/runs/nvflare-fedavg-20260913/nvflare-fedavg/.specula-output/spec/checks/runtime/475d06ca115b4a00bce58322a214ff07/launcher.log	spec/checks/runtime/475d06ca115b4a00bce58322a214ff07/launcher.log	file	0664	1789296625854899744	20988	01a0a3ea6877b5d26acdca8ecf6be273fa41eb003626b78c040cf55d39aa0817		copy	run-evidence		{}
specula/runs/nvflare-fedavg-20260913/nvflare-fedavg/.specula-output/spec/checks/runtime/475d06ca115b4a00bce58322a214ff07/result.json	spec/checks/runtime/475d06ca115b4a00bce58322a214ff07/result.json	file	0664	1789296626023897689	681	8a582ffd56cb4fdffc3f473a7daea76af3e60b980d2b2942587b330dbf6b317b		copy	run-evidence		{}
specula/runs/nvflare-fedavg-20260913/nvflare-fedavg/.specula-output/spec/checks/runtime/475d06ca115b4a00bce58322a214ff07/tlc.log	spec/checks/runtime/475d06ca115b4a00bce58322a214ff07/tlc.log	file	0664	1789296625388905411	19188	cbd17de57c879664f77b9ee26434695c18ec0920286e89eec1af2323f96a2f27		copy	run-evidence		{}
specula/runs/nvflare-fedavg-20260913/nvflare-fedavg/.specula-output/spec/checks/runtime/7b5395ed8e0d41918926cfd0f2a909b6/launcher.log	spec/checks/runtime/7b5395ed8e0d41918926cfd0f2a909b6/launcher.log	file	0664	1789296625783900608	21007	d962e50a4264e38fdd9eb920bd7c9b2747d37aba0cd22b1abc3b0d1f7902085c		copy	run-evidence		{}
specula/runs/nvflare-fedavg-20260913/nvflare-fedavg/.specula-output/spec/checks/runtime/7b5395ed8e0d41918926cfd0f2a909b6/result.json	spec/checks/runtime/7b5395ed8e0d41918926cfd0f2a909b6/result.json	file	0664	1789296625938898723	681	3d1f60d09bbbaf7bbd2bf17db7d7a5564a044e27292d3bdebadc3cd8f1cd9288		copy	run-evidence		{}
specula/runs/nvflare-fedavg-20260913/nvflare-fedavg/.specula-output/spec/checks/runtime/7b5395ed8e0d41918926cfd0f2a909b6/tlc.log	spec/checks/runtime/7b5395ed8e0d41918926cfd0f2a909b6/tlc.log	file	0664	1789296625416905070	19201	0c05c9b3fed0e2333e1aed6566e9910f61ec400c81ac4c6c2c490a8972371470		copy	run-evidence		{}
specula/runs/nvflare-fedavg-20260913/nvflare-fedavg/.specula-output/spec/checks/runtime/c50fdfc550704a91ae3a5540b3d09cf3/launcher.log	spec/checks/runtime/c50fdfc550704a91ae3a5540b3d09cf3/launcher.log	file	0664	1789296625621902577	7272	b8b3336c082f105af6cde261e313af661a261bfdfabbda49c7a9b988bd79bfec		copy	run-evidence		{}
specula/runs/nvflare-fedavg-20260913/nvflare-fedavg/.specula-output/spec/checks/runtime/c50fdfc550704a91ae3a5540b3d09cf3/result.json	spec/checks/runtime/c50fdfc550704a91ae3a5540b3d09cf3/result.json	file	0664	1789296625714901447	681	4996bf94021fc48fe0d0a6818a69fdd6f225e46ea1e831b2042f2bca166c7115		copy	run-evidence		{}
specula/runs/nvflare-fedavg-20260913/nvflare-fedavg/.specula-output/spec/checks/runtime/c50fdfc550704a91ae3a5540b3d09cf3/tlc.log	spec/checks/runtime/c50fdfc550704a91ae3a5540b3d09cf3/tlc.log	file	0664	1789296625203907660	5462	35bcf59d7fdbf022a2c828f32a6ccade251336cef369be61e4a29b9f4be805f6		copy	run-evidence		{}
specula/runs/nvflare-fedavg-20260913/nvflare-fedavg/.specula-output/spec/checks/runtime/ea1da36529bc49469747bbe8508fbe9f/launcher.log	spec/checks/runtime/ea1da36529bc49469747bbe8508fbe9f/launcher.log	file	0664	1789296556671742796	4705	cbc9e63a1a1d6c0f94f93ffb73342a01dc027b5895d367eb2d6159f473f8a2ba		copy	run-evidence		{}
specula/runs/nvflare-fedavg-20260913/nvflare-fedavg/.specula-output/spec/checks/runtime/ea1da36529bc49469747bbe8508fbe9f/result.json	spec/checks/runtime/ea1da36529bc49469747bbe8508fbe9f/result.json	file	0664	1789296556848740620	680	c5f0185ad1b02587e651b60e4c6faa6fa3697a062c6d3c055b425ddf89231bb8		copy	run-evidence		{}
specula/runs/nvflare-fedavg-20260913/nvflare-fedavg/.specula-output/spec/checks/runtime/ea1da36529bc49469747bbe8508fbe9f/tlc.log	spec/checks/runtime/ea1da36529bc49469747bbe8508fbe9f/tlc.log	file	0664	1789296556567744072	2930	44b0bd5a3655328254848517dbd063a5579c935d30e2e50e54bb8636e87f821c		copy	run-evidence		{}
specula/runs/nvflare-fedavg-20260913/nvflare-fedavg/.specula-output/spec/checks/runtime/f603013da3864171be4f5a9c2b4aefc0/launcher.log	spec/checks/runtime/f603013da3864171be4f5a9c2b4aefc0/launcher.log	file	0664	1789296037590053868	83241	3576627e83675eba3bf051ccbc23da46e4865128a6ef5b919f32c1464c9fa370		copy	run-evidence		{}
specula/runs/nvflare-fedavg-20260913/nvflare-fedavg/.specula-output/spec/checks/runtime/f603013da3864171be4f5a9c2b4aefc0/result.json	spec/checks/runtime/f603013da3864171be4f5a9c2b4aefc0/result.json	file	0664	1789296037849050803	682	2e2071383c7f4208c4e2d84842aa2057cb0bd4368484521e7e7118a9f3417645		copy	run-evidence		{}
specula/runs/nvflare-fedavg-20260913/nvflare-fedavg/.specula-output/spec/checks/runtime/f603013da3864171be4f5a9c2b4aefc0/tlc.log	spec/checks/runtime/f603013da3864171be4f5a9c2b4aefc0/tlc.log	file	0664	1789296037471055277	81489	666f558bf53e3f372e0e93bba444bd621f81cde0e271f37abfabf1d8ad5f576a		copy	run-evidence		{}
specula/runs/nvflare-fedavg-20260913/nvflare-fedavg/.specula-output/spec/checks/trace-bad_state.ndjson	spec/checks/trace-bad_state.ndjson	file	0664	1789296432830248341	10374	ae3c56533ee2d2ed1025b91d2989d04faa67d8a79efc126647b7f879337544d7		copy	run-evidence		{}
specula/runs/nvflare-fedavg-20260913/nvflare-fedavg/.specula-output/spec/checks/trace-positive.ndjson	spec/checks/trace-positive.ndjson	file	0664	1789296432830248341	10375	465efb799ade5202728f8cc4e45735b9a390bd4205bd8124aa2462cdc7cc4354		copy	run-evidence		{}
specula/runs/nvflare-fedavg-20260913/nvflare-fedavg/.specula-output/spec/checks/trace-round1-launch.log	spec/checks/trace-round1-launch.log	file	0664	1789299156815543504	193	48c9744bc08bd1d14550318f8ede2a6941c9cb4ee14970e5731d495f2d2698b7		copy	run-evidence		{}
specula/runs/nvflare-fedavg-20260913/nvflare-fedavg/.specula-output/spec/checks/trace-sany.log	spec/checks/trace-sany.log	file	0664	1789296594339282203	3431	ea501cb6a9931b1872e2b48229b49de3834c20ff03a378984b6a4c823c1a9d1f		copy	run-evidence		{}
specula/runs/nvflare-fedavg-20260913/nvflare-fedavg/.specula-output/spec/checks/trace-unknown_event.ndjson	spec/checks/trace-unknown_event.ndjson	file	0664	1789296432831248329	10371	fa653eab0689dd4c3487c5b4459b531db659fa4a810a4e553dfb51f7c2e9fbe4		copy	run-evidence		{}
specula/runs/nvflare-fedavg-20260913/nvflare-fedavg/.specula-output/spec/checks/validate_all_traces.py	spec/checks/validate_all_traces.py	file	0664	1789299825524423048	3326	3f5012520887fa38db501336db4e67491188bbb81e33f746a77ba9577af18ce6		copy	run-evidence		{}
specula/runs/nvflare-fedavg-20260913/nvflare-fedavg/.specula-output/spec/confirmation-generation.json	spec/confirmation-generation.json	file	0664	1789303012897756777	88	2e98537d8e5de73d8ad3c0f052371fb456b8f823f191c84933f119f06c94e36d		copy	run-evidence		{}
specula/runs/nvflare-fedavg-20260913/nvflare-fedavg/.specula-output/spec/findings.json	spec/findings.json	file	0664	1789301982230985633	1553	659f8c6b161042f935cbbb75fbbe286ea67de62855e5b138cbb2521f1fbdd043		copy	run-evidence		{}
specula/runs/nvflare-fedavg-20260913/nvflare-fedavg/.specula-output/spec/instrumentation-spec.md	spec/instrumentation-spec.md	file	0664	1789296553974772281	35491	13ee87df5e27991a04691b44ca9b58dbf5be6fa3f8dee31ed5b99a30e830de7e		copy	run-evidence		{}
specula/runs/nvflare-fedavg-20260913/nvflare-fedavg/.specula-output/spec/modeling-notes.md	spec/modeling-notes.md	file	0664	1789294790722948733	2475	f4dfe3a0e1a0378fa110c20eb42de8755042482235b78a4441a6580c085870ef		copy	run-evidence		{}
specula/runs/nvflare-fedavg-20260913/nvflare-fedavg/.specula-output/spec/output/MC_round1_bfs.out	spec/output/MC_round1_bfs.out	file	0664	1789299191918128440	1604	def57b5be821d8ba0c03b6cd52e655d93b6885ed596bdee777e45b065449d319		copy	run-evidence		{}
specula/runs/nvflare-fedavg-20260913/nvflare-fedavg/.specula-output/spec/output/MC_round1_bfs_retry.launch.log	spec/output/MC_round1_bfs_retry.launch.log	file	0664	1789301049323956009	10471	d4d9311d33992801baf3f38bf793b6aea6bc34774e354f45aa354443973bd85a		copy	run-evidence		{}
specula/runs/nvflare-fedavg-20260913/nvflare-fedavg/.specula-output/spec/output/MC_round1_bfs_retry.out	spec/output/MC_round1_bfs_retry.out	file	0664	1789300999946525691	8841	eb054aeb45672f76a7b3b7a83377325a15684d21b47753680c8cdc6f8556098c		copy	run-evidence		{}
specula/runs/nvflare-fedavg-20260913/nvflare-fedavg/.specula-output/spec/output/MC_round1_bfs_retry.receipt.json	spec/output/MC_round1_bfs_retry.receipt.json	file	0664	1789301106804295606	2611	3be9fb4e5bc7bec2cc7b579289888f6db6b331105eccbf398c6ceb7d44191236		copy	run-evidence		{}
specula/runs/nvflare-fedavg-20260913/nvflare-fedavg/.specula-output/spec/output/counterexample-classification.md	spec/output/counterexample-classification.md	file	0664	1789301764951416789	8201	7b961c694f49d29bafa2c4e68dc2a16b3065eeaa2e20d2894626a32157ff5cf8		copy	run-evidence		{}
specula/runs/nvflare-fedavg-20260913/nvflare-fedavg/.specula-output/spec/output/generation-audit/artifact-hashes.json	spec/output/generation-audit/artifact-hashes.json	file	0664	1789296796070859632	2327	a85b92f93438939c001fe2cb0d42a4f05a6ec2759a63bc07cbe682376f7761ed		copy	run-evidence		{}
specula/runs/nvflare-fedavg-20260913/nvflare-fedavg/.specula-output/spec/output/generation-audit/audit_cfgs.py	spec/output/generation-audit/audit_cfgs.py	file	0664	1789296697086038807	11027	72f8e91067061d3b9db327dee7526f65d044aae7415c84e49f14d16dc36b84ef		copy	run-evidence		{}
specula/runs/nvflare-fedavg-20260913/nvflare-fedavg/.specula-output/spec/output/generation-audit/brief-coverage.md	spec/output/generation-audit/brief-coverage.md	file	0664	1789296697136038239	10870	efe67a8a5d11706a431e984a49ec82b1d1062e4ef4d1a748efe302f81bf9cafc		copy	run-evidence		{}
specula/runs/nvflare-fedavg-20260913/nvflare-fedavg/.specula-output/spec/output/hunt-bfs/MC_hunt_s1_protected_input/MC.tla	spec/output/hunt-bfs/MC_hunt_s1_protected_input/MC.tla	file	0664	1789296697110038535	15687	c8f04b786b911af4edafbea4e22534c48c16bbbf5db45c5f12af28a8decb171e		copy	run-evidence		{}
specula/runs/nvflare-fedavg-20260913/nvflare-fedavg/.specula-output/spec/output/hunt-bfs/MC_hunt_s1_protected_input/MC_hunt_s1_protected_input.cfg	spec/output/hunt-bfs/MC_hunt_s1_protected_input/MC_hunt_s1_protected_input.cfg	file	0664	1789296697109038546	896	43fe557932f9dd02149a046e41b0f67da961bf55ef27633bf8401650e05535a5		copy	run-evidence		{}
specula/runs/nvflare-fedavg-20260913/nvflare-fedavg/.specula-output/spec/output/hunt-bfs/MC_hunt_s1_protected_input/base.tla	spec/output/hunt-bfs/MC_hunt_s1_protected_input/base.tla	file	0664	1789296553857773487	53503	e2cac4cd235148561edab557ce5b95870b4cf14ead77c52f67302ae5a878fc39		copy	run-evidence		{}
specula/runs/nvflare-fedavg-20260913/nvflare-fedavg/.specula-output/spec/output/hunt-bfs/MC_hunt_s1_protected_input/receipt.json	spec/output/hunt-bfs/MC_hunt_s1_protected_input/receipt.json	file	0664	1789301170215554473	1359	ab319347a5592ef272604d69f0a32fa4e46b78496d3a2246a47182b1cbe532ee		copy	run-evidence		{}
specula/runs/nvflare-fedavg-20260913/nvflare-fedavg/.specula-output/spec/output/hunt-bfs/MC_hunt_s1_protected_input/tlc.out	spec/output/hunt-bfs/MC_hunt_s1_protected_input/tlc.out	file	0664	1789301169472563359	4133	35962b171260a88df4120b9340eb666b2d8324846c97d96394c0e4ef3dd1f754		copy	run-evidence		{}
specula/runs/nvflare-fedavg-20260913/nvflare-fedavg/.specula-output/spec/output/hunt-bfs/MC_hunt_s1_protected_input/wrapper.log	spec/output/hunt-bfs/MC_hunt_s1_protected_input/wrapper.log	file	0664	1789301170147555286	5807	d112a12b53a9efb33b352658c6ce8b3f643b7c94252fc545ed317b938d35b942		copy	run-evidence		{}
specula/runs/nvflare-fedavg-20260913/nvflare-fedavg/.specula-output/spec/output/hunt-bfs/MC_hunt_s2_identity_history/MC.tla	spec/output/hunt-bfs/MC_hunt_s2_identity_history/MC.tla	file	0664	1789296697110038535	15687	c8f04b786b911af4edafbea4e22534c48c16bbbf5db45c5f12af28a8decb171e		copy	run-evidence		{}
specula/runs/nvflare-fedavg-20260913/nvflare-fedavg/.specula-output/spec/output/hunt-bfs/MC_hunt_s2_identity_history/MC_hunt_s2_identity_history.cfg	spec/output/hunt-bfs/MC_hunt_s2_identity_history/MC_hunt_s2_identity_history.cfg	file	0664	1789296697110038535	915	17fd20cc684421ac3e0154409e0ef27dedf9157c4bc4bce3cfb7f36877a74853		copy	run-evidence		{}
specula/runs/nvflare-fedavg-20260913/nvflare-fedavg/.specula-output/spec/output/hunt-bfs/MC_hunt_s2_identity_history/base.tla	spec/output/hunt-bfs/MC_hunt_s2_identity_history/base.tla	file	0664	1789296553857773487	53503	e2cac4cd235148561edab557ce5b95870b4cf14ead77c52f67302ae5a878fc39		copy	run-evidence		{}
specula/runs/nvflare-fedavg-20260913/nvflare-fedavg/.specula-output/spec/output/hunt-bfs/MC_hunt_s2_identity_history/receipt.json	spec/output/hunt-bfs/MC_hunt_s2_identity_history/receipt.json	file	0664	1789301575172387608	1371	d6c6b555e5fa476bf89474e5016471ac2b4709aefdc0b473b83be2edd668d438		copy	run-evidence		{}
specula/runs/nvflare-fedavg-20260913/nvflare-fedavg/.specula-output/spec/output/hunt-bfs/MC_hunt_s2_identity_history/tlc.out	spec/output/hunt-bfs/MC_hunt_s2_identity_history/tlc.out	file	0664	1789301574326395663	5284	1afe9c4e8892d873fc090fe282bd4d6213d073a9cceb47e897351466eaf4513f		copy	run-evidence		{}
specula/runs/nvflare-fedavg-20260913/nvflare-fedavg/.specula-output/spec/output/hunt-bfs/MC_hunt_s2_identity_history/wrapper.log	spec/output/hunt-bfs/MC_hunt_s2_identity_history/wrapper.log	file	0664	1789301575096388334	6957	9d2b5e80959a6615648a482f7ef6991ce79ac2c060aea226824edf6db7e5f4fe		copy	run-evidence		{}
specula/runs/nvflare-fedavg-20260913/nvflare-fedavg/.specula-output/spec/output/hunt-bfs/MC_hunt_s3_conversion_control/MC.tla	spec/output/hunt-bfs/MC_hunt_s3_conversion_control/MC.tla	file	0664	1789296697110038535	15687	c8f04b786b911af4edafbea4e22534c48c16bbbf5db45c5f12af28a8decb171e		copy	run-evidence		{}
specula/runs/nvflare-fedavg-20260913/nvflare-fedavg/.specula-output/spec/output/hunt-bfs/MC_hunt_s3_conversion_control/MC_hunt_s3_conversion_control.cfg	spec/output/hunt-bfs/MC_hunt_s3_conversion_control/MC_hunt_s3_conversion_control.cfg	file	0664	1789296697110038535	932	c8fbc9dd08a8eb8f45058e18db0d1d65acda1fcfb4e3afc49da6fc0323d88daa		copy	run-evidence		{}
specula/runs/nvflare-fedavg-20260913/nvflare-fedavg/.specula-output/spec/output/hunt-bfs/MC_hunt_s3_conversion_control/base.tla	spec/output/hunt-bfs/MC_hunt_s3_conversion_control/base.tla	file	0664	1789296553857773487	53503	e2cac4cd235148561edab557ce5b95870b4cf14ead77c52f67302ae5a878fc39		copy	run-evidence		{}
specula/runs/nvflare-fedavg-20260913/nvflare-fedavg/.specula-output/spec/output/hunt-bfs/MC_hunt_s3_conversion_control/receipt.json	spec/output/hunt-bfs/MC_hunt_s3_conversion_control/receipt.json	file	0664	1789302909032036793	1396	9df8b343864e4d37424e59d56e776ccd627274ba90da0fd5c706054b7df2b118		copy	run-evidence		{}
specula/runs/nvflare-fedavg-20260913/nvflare-fedavg/.specula-output/spec/output/hunt-bfs/MC_hunt_s3_conversion_control/tlc.out	spec/output/hunt-bfs/MC_hunt_s3_conversion_control/tlc.out	file	0664	1789302852562699046	8755	5f976d5fe03efe9330913233e899fb421801684a4f4ec4288df9b011d75dd1a6		copy	run-evidence		{}
specula/runs/nvflare-fedavg-20260913/nvflare-fedavg/.specula-output/spec/output/hunt-bfs/MC_hunt_s3_conversion_control/wrapper.log	spec/output/hunt-bfs/MC_hunt_s3_conversion_control/wrapper.log	file	0664	1789302907676052856	10393	d9f39b4b6e00a2ad87caeb68368ed1a2360eda266cd657a4d8f7165f78b773ac		copy	run-evidence		{}
specula/runs/nvflare-fedavg-20260913/nvflare-fedavg/.specula-output/spec/output/hunt-bfs/MC_hunt_s3_metric_failure/MC.tla	spec/output/hunt-bfs/MC_hunt_s3_metric_failure/MC.tla	file	0664	1789296697110038535	15687	c8f04b786b911af4edafbea4e22534c48c16bbbf5db45c5f12af28a8decb171e		copy	run-evidence		{}
specula/runs/nvflare-fedavg-20260913/nvflare-fedavg/.specula-output/spec/output/hunt-bfs/MC_hunt_s3_metric_failure/MC_hunt_s3_metric_failure.cfg	spec/output/hunt-bfs/MC_hunt_s3_metric_failure/MC_hunt_s3_metric_failure.cfg	file	0664	1789296697110038535	906	fecb3cf14d91ae229c6fc52bcd535e4b2151cea3d2943bc013a31e0ca492fbbb		copy	run-evidence		{}
specula/runs/nvflare-fedavg-20260913/nvflare-fedavg/.specula-output/spec/output/hunt-bfs/MC_hunt_s3_metric_failure/analysis-all-states.json	spec/output/hunt-bfs/MC_hunt_s3_metric_failure/analysis-all-states.json	file	0664	1789301216462016386	573823	1da8849e160b74f4a130f393a8850944800d5f2b4d3ec54753bb993fd08621e5		copy	run-evidence		{}
specula/runs/nvflare-fedavg-20260913/nvflare-fedavg/.specula-output/spec/output/hunt-bfs/MC_hunt_s3_metric_failure/analysis-compare.json	spec/output/hunt-bfs/MC_hunt_s3_metric_failure/analysis-compare.json	file	0664	1789301168887570356	15540	7adac4c99884ca0bb162c0d402f1083b99756520f8f93f6601f012a45140e08c		copy	run-evidence		{}
specula/runs/nvflare-fedavg-20260913/nvflare-fedavg/.specula-output/spec/output/hunt-bfs/MC_hunt_s3_metric_failure/analysis-state.json	spec/output/hunt-bfs/MC_hunt_s3_metric_failure/analysis-state.json	file	0664	1789301168701572581	7878	d5806e623cae9d2dc20a9369606045ebf383a30a1134a293e1eee182b94bd960		copy	run-evidence		{}
specula/runs/nvflare-fedavg-20260913/nvflare-fedavg/.specula-output/spec/output/hunt-bfs/MC_hunt_s3_metric_failure/analysis-summary.json	spec/output/hunt-bfs/MC_hunt_s3_metric_failure/analysis-summary.json	file	0664	1789301147195820112	1488	3ac015d8483e431e91542e4aca720cd872466e325f7bd991a1f655500f21f16e		copy	run-evidence		{}
specula/runs/nvflare-fedavg-20260913/nvflare-fedavg/.specula-output/spec/output/hunt-bfs/MC_hunt_s3_metric_failure/base.tla	spec/output/hunt-bfs/MC_hunt_s3_metric_failure/base.tla	file	0664	1789296553857773487	53503	e2cac4cd235148561edab557ce5b95870b4cf14ead77c52f67302ae5a878fc39		copy	run-evidence		{}
specula/runs/nvflare-fedavg-20260913/nvflare-fedavg/.specula-output/spec/output/hunt-bfs/MC_hunt_s3_metric_failure/counterexample.json	spec/output/hunt-bfs/MC_hunt_s3_metric_failure/counterexample.json	file	0664	1789301112574228574	648279	e4fd598f5f35ed361ac85777a3fb5b3e7150275c73492ad4f92d63aed2d6ff0a		copy	run-evidence		{}
specula/runs/nvflare-fedavg-20260913/nvflare-fedavg/.specula-output/spec/output/hunt-bfs/MC_hunt_s3_metric_failure/receipt.json	spec/output/hunt-bfs/MC_hunt_s3_metric_failure/receipt.json	file	0664	1789301113436218739	1467	061b198e4fce71824305a304fed4aa6e96e307e7fb44314e1c57edf3faa2da8e		copy	run-evidence		{}
specula/runs/nvflare-fedavg-20260913/nvflare-fedavg/.specula-output/spec/output/hunt-bfs/MC_hunt_s3_metric_failure/tlc.out	spec/output/hunt-bfs/MC_hunt_s3_metric_failure/tlc.out	file	0664	1789301112643227786	404302	182a045569a3404d99a033fbddc839c1bbadaed044f7207c659cd031905c91cf		copy	run-evidence		{}
specula/runs/nvflare-fedavg-20260913/nvflare-fedavg/.specula-output/spec/output/hunt-bfs/MC_hunt_s3_metric_failure/wrapper.log	spec/output/hunt-bfs/MC_hunt_s3_metric_failure/wrapper.log	file	0664	1789301113358219628	405984	df57e2ea138719110e6cacc3e8d998a9fa828674598879dcf6be0d51b1c7e8f7		copy	run-evidence		{}
specula/runs/nvflare-fedavg-20260913/nvflare-fedavg/.specula-output/spec/output/hunt-bfs/MC_hunt_s3_partial_parameters/MC.tla	spec/output/hunt-bfs/MC_hunt_s3_partial_parameters/MC.tla	file	0664	1789296697110038535	15687	c8f04b786b911af4edafbea4e22534c48c16bbbf5db45c5f12af28a8decb171e		copy	run-evidence		{}
specula/runs/nvflare-fedavg-20260913/nvflare-fedavg/.specula-output/spec/output/hunt-bfs/MC_hunt_s3_partial_parameters/MC_hunt_s3_partial_parameters.cfg	spec/output/hunt-bfs/MC_hunt_s3_partial_parameters/MC_hunt_s3_partial_parameters.cfg	file	0664	1789296697110038535	924	a1ffbcebb8a8a781f4dd542398e6be16b047afa02a712d8efa43ae8fc8892f8e		copy	run-evidence		{}
specula/runs/nvflare-fedavg-20260913/nvflare-fedavg/.specula-output/spec/output/hunt-bfs/MC_hunt_s3_partial_parameters/analysis-all-states.json	spec/output/hunt-bfs/MC_hunt_s3_partial_parameters/analysis-all-states.json	file	0664	1789301216474016248	537393	e37a64295c1b910498141e237bf5d690d852e2167b9d2af61b3075acc6054dcf		copy	run-evidence		{}
specula/runs/nvflare-fedavg-20260913/nvflare-fedavg/.specula-output/spec/output/hunt-bfs/MC_hunt_s3_partial_parameters/analysis-compare.json	spec/output/hunt-bfs/MC_hunt_s3_partial_parameters/analysis-compare.json	file	0664	1789301168797571432	14656	277630f22c6fb534c06d3e3f8e19428db2060896c9ec1ef7cf277baf099f1627		copy	run-evidence		{}
specula/runs/nvflare-fedavg-20260913/nvflare-fedavg/.specula-output/spec/output/hunt-bfs/MC_hunt_s3_partial_parameters/analysis-state.json	spec/output/hunt-bfs/MC_hunt_s3_partial_parameters/analysis-state.json	file	0664	1789301169104567761	7342	4b6640989aee4330a4df091e716ee4de152160a8835d64f348f6e1ccef8eee4b		copy	run-evidence		{}
specula/runs/nvflare-fedavg-20260913/nvflare-fedavg/.specula-output/spec/output/hunt-bfs/MC_hunt_s3_partial_parameters/analysis-summary.json	spec/output/hunt-bfs/MC_hunt_s3_partial_parameters/analysis-summary.json	file	0664	1789301147218819844	1412	697ed5dd11b0504f2e93a66ff24ceab42a21f9eb706ed42cda360d2884040c1c		copy	run-evidence		{}
specula/runs/nvflare-fedavg-20260913/nvflare-fedavg/.specula-output/spec/output/hunt-bfs/MC_hunt_s3_partial_parameters/base.tla	spec/output/hunt-bfs/MC_hunt_s3_partial_parameters/base.tla	file	0664	1789296553857773487	53503	e2cac4cd235148561edab557ce5b95870b4cf14ead77c52f67302ae5a878fc39		copy	run-evidence		{}
specula/runs/nvflare-fedavg-20260913/nvflare-fedavg/.specula-output/spec/output/hunt-bfs/MC_hunt_s3_partial_parameters/counterexample.json	spec/output/hunt-bfs/MC_hunt_s3_partial_parameters/counterexample.json	file	0664	1789301112665227535	613301	150d7bdb7081bea01baf367be95b3812651aee23450e0c00fa394ffd0f57b948		copy	run-evidence		{}
specula/runs/nvflare-fedavg-20260913/nvflare-fedavg/.specula-output/spec/output/hunt-bfs/MC_hunt_s3_partial_parameters/receipt.json	spec/output/hunt-bfs/MC_hunt_s3_partial_parameters/receipt.json	file	0664	1789301113490218122	1483	6fd6599eb572806050d3ca809e05c354ff7ca51467cbeae3f7661368415c80c5		copy	run-evidence		{}
specula/runs/nvflare-fedavg-20260913/nvflare-fedavg/.specula-output/spec/output/hunt-bfs/MC_hunt_s3_partial_parameters/tlc.out	spec/output/hunt-bfs/MC_hunt_s3_partial_parameters/tlc.out	file	0664	1789301112781226212	383443	e231c9f1ca759e610a354e68859ca8a8b7a3604f4e76f22a3be6c3846133a0eb		copy	run-evidence		{}
specula/runs/nvflare-fedavg-20260913/nvflare-fedavg/.specula-output/spec/output/hunt-bfs/MC_hunt_s3_partial_parameters/wrapper.log	spec/output/hunt-bfs/MC_hunt_s3_partial_parameters/wrapper.log	file	0664	1789301113414218990	385135	881772ef1497c48643d8aac39bf6902e9e40a54d5229f255bfff0210b10cce7e		copy	run-evidence		{}
specula/runs/nvflare-fedavg-20260913/nvflare-fedavg/.specula-output/spec/output/hunt-bfs/MC_hunt_s4_cancel_overlap/MC.tla	spec/output/hunt-bfs/MC_hunt_s4_cancel_overlap/MC.tla	file	0664	1789296697110038535	15687	c8f04b786b911af4edafbea4e22534c48c16bbbf5db45c5f12af28a8decb171e		copy	run-evidence		{}
specula/runs/nvflare-fedavg-20260913/nvflare-fedavg/.specula-output/spec/output/hunt-bfs/MC_hunt_s4_cancel_overlap/MC_hunt_s4_cancel_overlap.cfg	spec/output/hunt-bfs/MC_hunt_s4_cancel_overlap/MC_hunt_s4_cancel_overlap.cfg	file	0664	1789296697110038535	900	16b5b5fceb70b6dab74127ba91ea98a21014b03950be39723aa8666896ccf8da		copy	run-evidence		{}
specula/runs/nvflare-fedavg-20260913/nvflare-fedavg/.specula-output/spec/output/hunt-bfs/MC_hunt_s4_cancel_overlap/analysis-all-states.json	spec/output/hunt-bfs/MC_hunt_s4_cancel_overlap/analysis-all-states.json	file	0664	1789301216476016224	371211	cc4b8ac6531ce92c18680cca8a0bbd2d03950262578cea63807accf0308e4751		copy	run-evidence		{}
specula/runs/nvflare-fedavg-20260913/nvflare-fedavg/.specula-output/spec/output/hunt-bfs/MC_hunt_s4_cancel_overlap/analysis-compare.json	spec/output/hunt-bfs/MC_hunt_s4_cancel_overlap/analysis-compare.json	file	0664	1789301168721572341	15029	04e0ac70f6cf4b7463110aebe9fed67a96f94e2803b5d4682f87ad7e095c3217		copy	run-evidence		{}
specula/runs/nvflare-fedavg-20260913/nvflare-fedavg/.specula-output/spec/output/hunt-bfs/MC_hunt_s4_cancel_overlap/analysis-state.json	spec/output/hunt-bfs/MC_hunt_s4_cancel_overlap/analysis-state.json	file	0664	1789301168975569303	7116	79e4830dcb968a3ede0acbdce0296b91216a5b6b17782eb5081d46d2550509c1		copy	run-evidence		{}
specula/runs/nvflare-fedavg-20260913/nvflare-fedavg/.specula-output/spec/output/hunt-bfs/MC_hunt_s4_cancel_overlap/analysis-summary.json	spec/output/hunt-bfs/MC_hunt_s4_cancel_overlap/analysis-summary.json	file	0664	1789301147214819891	1078	7dcfbf8e786d633dd289920d165d053eb307b85f8274f55b28949979963155d6		copy	run-evidence		{}
specula/runs/nvflare-fedavg-20260913/nvflare-fedavg/.specula-output/spec/output/hunt-bfs/MC_hunt_s4_cancel_overlap/base.tla	spec/output/hunt-bfs/MC_hunt_s4_cancel_overlap/base.tla	file	0664	1789296553857773487	53503	e2cac4cd235148561edab557ce5b95870b4cf14ead77c52f67302ae5a878fc39		copy	run-evidence		{}
specula/runs/nvflare-fedavg-20260913/nvflare-fedavg/.specula-output/spec/output/hunt-bfs/MC_hunt_s4_cancel_overlap/counterexample.json	spec/output/hunt-bfs/MC_hunt_s4_cancel_overlap/counterexample.json	file	0664	1789301112003235088	426025	5786641a83a450a7b97f1bf480410518fe616037de0bc42e32aba680a4a61948		copy	run-evidence		{}
specula/runs/nvflare-fedavg-20260913/nvflare-fedavg/.specula-output/spec/output/hunt-bfs/MC_hunt_s4_cancel_overlap/receipt.json	spec/output/hunt-bfs/MC_hunt_s4_cancel_overlap/receipt.json	file	0664	1789301113023223451	1413	5c486e7ade62e51d818a06c9ec3b5d947d35bdb888d1fc25160393b68f261f38		copy	run-evidence		{}
specula/runs/nvflare-fedavg-20260913/nvflare-fedavg/.specula-output/spec/output/hunt-bfs/MC_hunt_s4_cancel_overlap/tlc.out	spec/output/hunt-bfs/MC_hunt_s4_cancel_overlap/tlc.out	file	0664	1789301112034234735	268557	32f65d6bd401d7bd6121dfd8faf857b4093eb181ee0db2121fc273b45a05e025		copy	run-evidence		{}
specula/runs/nvflare-fedavg-20260913/nvflare-fedavg/.specula-output/spec/output/hunt-bfs/MC_hunt_s4_cancel_overlap/wrapper.log	spec/output/hunt-bfs/MC_hunt_s4_cancel_overlap/wrapper.log	file	0664	1789301112944224352	270241	e5fb931b61c2aed89c14595671e2e030b54e15fcc06e20624bd2baed3bf402b7		copy	run-evidence		{}
specula/runs/nvflare-fedavg-20260913/nvflare-fedavg/.specula-output/spec/output/hunt-bfs/MC_hunt_s4_filter_retirement/MC.tla	spec/output/hunt-bfs/MC_hunt_s4_filter_retirement/MC.tla	file	0664	1789296697110038535	15687	c8f04b786b911af4edafbea4e22534c48c16bbbf5db45c5f12af28a8decb171e		copy	run-evidence		{}
specula/runs/nvflare-fedavg-20260913/nvflare-fedavg/.specula-output/spec/output/hunt-bfs/MC_hunt_s4_filter_retirement/MC_hunt_s4_filter_retirement.cfg	spec/output/hunt-bfs/MC_hunt_s4_filter_retirement/MC_hunt_s4_filter_retirement.cfg	file	0664	1789296697110038535	933	8bf0e0372888d4a8d72f5b76bbfafbbce518c63c70de933542936de62218eaa9		copy	run-evidence		{}
specula/runs/nvflare-fedavg-20260913/nvflare-fedavg/.specula-output/spec/output/hunt-bfs/MC_hunt_s4_filter_retirement/analysis-all-states.json	spec/output/hunt-bfs/MC_hunt_s4_filter_retirement/analysis-all-states.json	file	0664	1789301216453016491	427444	47a0df1750acd6a2be1e9c31b78ff08e20d1554458369c337c79162bab495222		copy	run-evidence		{}
specula/runs/nvflare-fedavg-20260913/nvflare-fedavg/.specula-output/spec/output/hunt-bfs/MC_hunt_s4_filter_retirement/analysis-compare.json	spec/output/hunt-bfs/MC_hunt_s4_filter_retirement/analysis-compare.json	file	0664	1789301168735572174	15177	70222c7b21b1061f4be9c83994ba5bd4a3922ee47bd2c7ef8919523402325052		copy	run-evidence		{}
specula/runs/nvflare-fedavg-20260913/nvflare-fedavg/.specula-output/spec/output/hunt-bfs/MC_hunt_s4_filter_retirement/analysis-state.json	spec/output/hunt-bfs/MC_hunt_s4_filter_retirement/analysis-state.json	file	0664	1789301168720572353	7182	090c904e0c8a8db65b11b994fd9615b5b2d7ddc699a6c802eeb2be969241a45d		copy	run-evidence		{}
specula/runs/nvflare-fedavg-20260913/nvflare-fedavg/.specula-output/spec/output/hunt-bfs/MC_hunt_s4_filter_retirement/analysis-summary.json	spec/output/hunt-bfs/MC_hunt_s4_filter_retirement/analysis-summary.json	file	0664	1789301147235819646	1208	ec9133654d43cec4f1c034f47faab4848ef47148d819ed1dad7089e29c635e50		copy	run-evidence		{}
specula/runs/nvflare-fedavg-20260913/nvflare-fedavg/.specula-output/spec/output/hunt-bfs/MC_hunt_s4_filter_retirement/base.tla	spec/output/hunt-bfs/MC_hunt_s4_filter_retirement/base.tla	file	0664	1789296553857773487	53503	e2cac4cd235148561edab557ce5b95870b4cf14ead77c52f67302ae5a878fc39		copy	run-evidence		{}
specula/runs/nvflare-fedavg-20260913/nvflare-fedavg/.specula-output/spec/output/hunt-bfs/MC_hunt_s4_filter_retirement/counterexample.json	spec/output/hunt-bfs/MC_hunt_s4_filter_retirement/counterexample.json	file	0664	1789301111649239127	490701	4323de71ebb4b4410cc8dec00b04d7c22c5270d8bf6b2771f21a971de6396fe3		copy	run-evidence		{}
specula/runs/nvflare-fedavg-20260913/nvflare-fedavg/.specula-output/spec/output/hunt-bfs/MC_hunt_s4_filter_retirement/receipt.json	spec/output/hunt-bfs/MC_hunt_s4_filter_retirement/receipt.json	file	0664	1789301112429230228	1425	f703933e7e4262c2995b327d35a40a416fb5911e25f8237e251365f7d3c9681e		copy	run-evidence		{}
specula/runs/nvflare-fedavg-20260913/nvflare-fedavg/.specula-output/spec/output/hunt-bfs/MC_hunt_s4_filter_retirement/tlc.out	spec/output/hunt-bfs/MC_hunt_s4_filter_retirement/tlc.out	file	0664	1789301111698238568	307995	9582ff846fbac567b1ceb6e8ab8df88c979485010e449573320ad10acfc707cf		copy	run-evidence		{}
specula/runs/nvflare-fedavg-20260913/nvflare-fedavg/.specula-output/spec/output/hunt-bfs/MC_hunt_s4_filter_retirement/wrapper.log	spec/output/hunt-bfs/MC_hunt_s4_filter_retirement/wrapper.log	file	0664	1789301112348231152	309685	64e8f17952bbd1eb432b833356b2417eef40624b98e021956e4bbc0992350f2f		copy	run-evidence		{}
specula/runs/nvflare-fedavg-20260913/nvflare-fedavg/.specula-output/spec/output/hunt-bfs/MC_hunt_s4_prepare_error/MC.tla	spec/output/hunt-bfs/MC_hunt_s4_prepare_error/MC.tla	file	0664	1789296697110038535	15687	c8f04b786b911af4edafbea4e22534c48c16bbbf5db45c5f12af28a8decb171e		copy	run-evidence		{}
specula/runs/nvflare-fedavg-20260913/nvflare-fedavg/.specula-output/spec/output/hunt-bfs/MC_hunt_s4_prepare_error/MC_hunt_s4_prepare_error.cfg	spec/output/hunt-bfs/MC_hunt_s4_prepare_error/MC_hunt_s4_prepare_error.cfg	file	0664	1789296697110038535	887	7004d46415b8c0d370b0759fc17962685b47b8204532577bb5cb27f1b106329f		copy	run-evidence		{}
specula/runs/nvflare-fedavg-20260913/nvflare-fedavg/.specula-output/spec/output/hunt-bfs/MC_hunt_s4_prepare_error/analysis-all-states.json	spec/output/hunt-bfs/MC_hunt_s4_prepare_error/analysis-all-states.json	file	0664	1789301216507015865	415094	58f538316a88f6b491d1a3f80482fac0e7c254f6dba937fdfd84bfd3ea896a05		copy	run-evidence		{}
specula/runs/nvflare-fedavg-20260913/nvflare-fedavg/.specula-output/spec/output/hunt-bfs/MC_hunt_s4_prepare_error/analysis-compare.json	spec/output/hunt-bfs/MC_hunt_s4_prepare_error/analysis-compare.json	file	0664	1789301168793571480	15013	d8fe83b148ccb4d2e163fbe2790faf2142688fbae7fb067b029c766272e62c0f		copy	run-evidence		{}
specula/runs/nvflare-fedavg-20260913/nvflare-fedavg/.specula-output/spec/output/hunt-bfs/MC_hunt_s4_prepare_error/analysis-state.json	spec/output/hunt-bfs/MC_hunt_s4_prepare_error/analysis-state.json	file	0664	1789301168770571755	7108	8fafae32d6db8210c4a7dacac7398add6e235a316086c3cda21d73b521b4b32d		copy	run-evidence		{}
specula/runs/nvflare-fedavg-20260913/nvflare-fedavg/.specula-output/spec/output/hunt-bfs/MC_hunt_s4_prepare_error/analysis-summary.json	spec/output/hunt-bfs/MC_hunt_s4_prepare_error/analysis-summary.json	file	0664	1789301147263819320	1182	38b2a81495e150f22ed747ecde89745820c968816a15f38489e5286ce9cfbd8c		copy	run-evidence		{}
specula/runs/nvflare-fedavg-20260913/nvflare-fedavg/.specula-output/spec/output/hunt-bfs/MC_hunt_s4_prepare_error/base.tla	spec/output/hunt-bfs/MC_hunt_s4_prepare_error/base.tla	file	0664	1789296553857773487	53503	e2cac4cd235148561edab557ce5b95870b4cf14ead77c52f67302ae5a878fc39		copy	run-evidence		{}
specula/runs/nvflare-fedavg-20260913/nvflare-fedavg/.specula-output/spec/output/hunt-bfs/MC_hunt_s4_prepare_error/counterexample.json	spec/output/hunt-bfs/MC_hunt_s4_prepare_error/counterexample.json	file	0664	1789301111779237644	474735	2357719d8852629e5ff5c834d48f5659a13a1bb2c1dcc951f0bf4f0b6bb6dd57		copy	run-evidence		{}
specula/runs/nvflare-fedavg-20260913/nvflare-fedavg/.specula-output/spec/output/hunt-bfs/MC_hunt_s4_prepare_error/receipt.json	spec/output/hunt-bfs/MC_hunt_s4_prepare_error/receipt.json	file	0664	1789301112579228517	1409	18c2f0c0182a58d74dd4b62cb5579d8b8706d0a41624f69c09307edcea4f13ad		copy	run-evidence		{}
specula/runs/nvflare-fedavg-20260913/nvflare-fedavg/.specula-output/spec/output/hunt-bfs/MC_hunt_s4_prepare_error/tlc.out	spec/output/hunt-bfs/MC_hunt_s4_prepare_error/tlc.out	file	0664	1789301111823237142	298200	cfe5c2a914575adfea319e3bf135a997b952a33bdefbe1366eae96e1ed879e1c		copy	run-evidence		{}
specula/runs/nvflare-fedavg-20260913/nvflare-fedavg/.specula-output/spec/output/hunt-bfs/MC_hunt_s4_prepare_error/wrapper.log	spec/output/hunt-bfs/MC_hunt_s4_prepare_error/wrapper.log	file	0664	1789301112496229463	299882	aba68399e6714610cfd3ebdb7fb6095513d55c8fbca1c9495aad758bd23aad55		copy	run-evidence		{}
specula/runs/nvflare-fedavg-20260913/nvflare-fedavg/.specula-output/spec/output/hunt-bfs/MC_hunt_s5_dead_policy/MC.tla	spec/output/hunt-bfs/MC_hunt_s5_dead_policy/MC.tla	file	0664	1789296697110038535	15687	c8f04b786b911af4edafbea4e22534c48c16bbbf5db45c5f12af28a8decb171e		copy	run-evidence		{}
specula/runs/nvflare-fedavg-20260913/nvflare-fedavg/.specula-output/spec/output/hunt-bfs/MC_hunt_s5_dead_policy/MC_hunt_s5_dead_policy.cfg	spec/output/hunt-bfs/MC_hunt_s5_dead_policy/MC_hunt_s5_dead_policy.cfg	file	0664	1789296697110038535	929	00d5d88d4cef3afb87fad836abf2dcd6c9eee46734ff309d2948b2592c970ac0		copy	run-evidence		{}
specula/runs/nvflare-fedavg-20260913/nvflare-fedavg/.specula-output/spec/output/hunt-bfs/MC_hunt_s5_dead_policy/analysis-all-states.json	spec/output/hunt-bfs/MC_hunt_s5_dead_policy/analysis-all-states.json	file	0664	1789301216612014650	497221	79f966d86ef4cc1a584b12dec6d56397a50fa9daa8f216f8afd4852038890524		copy	run-evidence		{}
specula/runs/nvflare-fedavg-20260913/nvflare-fedavg/.specula-output/spec/output/hunt-bfs/MC_hunt_s5_dead_policy/analysis-compare.json	spec/output/hunt-bfs/MC_hunt_s5_dead_policy/analysis-compare.json	file	0664	1789301216584014974	17205	11ec5293cb764f2ced25910275ba1f813488ea9dd4bd13e08b0856b0f4ae7dd0		copy	run-evidence		{}
specula/runs/nvflare-fedavg-20260913/nvflare-fedavg/.specula-output/spec/output/hunt-bfs/MC_hunt_s5_dead_policy/analysis-state.json	spec/output/hunt-bfs/MC_hunt_s5_dead_policy/analysis-state.json	file	0664	1789301216553015333	8120	3ddaa38122a8a82ca5f7c9cac104d0e7f94d42fcdb767d533906399c15d877f9		copy	run-evidence		{}
specula/runs/nvflare-fedavg-20260913/nvflare-fedavg/.specula-output/spec/output/hunt-bfs/MC_hunt_s5_dead_policy/analysis-summary.json	spec/output/hunt-bfs/MC_hunt_s5_dead_policy/analysis-summary.json	file	0664	1789301216529015611	1188	c3eff8580812de6f7645da09874de38c2e28bc1773b688267e1a6a665dfc98c5		copy	run-evidence		{}
specula/runs/nvflare-fedavg-20260913/nvflare-fedavg/.specula-output/spec/output/hunt-bfs/MC_hunt_s5_dead_policy/base.tla	spec/output/hunt-bfs/MC_hunt_s5_dead_policy/base.tla	file	0664	1789296553857773487	53503	e2cac4cd235148561edab557ce5b95870b4cf14ead77c52f67302ae5a878fc39		copy	run-evidence		{}
specula/runs/nvflare-fedavg-20260913/nvflare-fedavg/.specula-output/spec/output/hunt-bfs/MC_hunt_s5_dead_policy/counterexample.json	spec/output/hunt-bfs/MC_hunt_s5_dead_policy/counterexample.json	file	0664	1789301153328748949	565286	c08d53ddcedbc10d4f7031fb73abe3119aeec95777fbd63186d23ba1da5d54d1		copy	run-evidence		{}
specula/runs/nvflare-fedavg-20260913/nvflare-fedavg/.specula-output/spec/output/hunt-bfs/MC_hunt_s5_dead_policy/receipt.json	spec/output/hunt-bfs/MC_hunt_s5_dead_policy/receipt.json	file	0664	1789301154505735350	1453	ba79203d040b7e7d851df9d87b2a6f253ec7d32d8327c30f43c9a5d2339167e1		copy	run-evidence		{}
specula/runs/nvflare-fedavg-20260913/nvflare-fedavg/.specula-output/spec/output/hunt-bfs/MC_hunt_s5_dead_policy/tlc.out	spec/output/hunt-bfs/MC_hunt_s5_dead_policy/tlc.out	file	0664	1789301153422747863	360846	7fa6fd578ec837f2b51c5d742de0cdf4ef8d1e9cab8568212a7ab301fb181dce		copy	run-evidence		{}
specula/runs/nvflare-fedavg-20260913/nvflare-fedavg/.specula-output/spec/output/hunt-bfs/MC_hunt_s5_dead_policy/wrapper.log	spec/output/hunt-bfs/MC_hunt_s5_dead_policy/wrapper.log	file	0664	1789301154433736182	362524	bfc24a7b1ebb3d7719ce34f712b1b0c17fc1918ba28e559e12b627a814b23aa5		copy	run-evidence		{}
specula/runs/nvflare-fedavg-20260913/nvflare-fedavg/.specula-output/spec/output/hunt-bfs/MC_hunt_s5_progress/MC.tla	spec/output/hunt-bfs/MC_hunt_s5_progress/MC.tla	file	0664	1789296697110038535	15687	c8f04b786b911af4edafbea4e22534c48c16bbbf5db45c5f12af28a8decb171e		copy	run-evidence		{}
specula/runs/nvflare-fedavg-20260913/nvflare-fedavg/.specula-output/spec/output/hunt-bfs/MC_hunt_s5_progress/MC_hunt_s5_progress.cfg	spec/output/hunt-bfs/MC_hunt_s5_progress/MC_hunt_s5_progress.cfg	file	0664	1789296697110038535	996	2b9dc0e698093f8a9426cc948d139e666425ab8034c7ecf02352db458d5fed41		copy	run-evidence		{}
specula/runs/nvflare-fedavg-20260913/nvflare-fedavg/.specula-output/spec/output/hunt-bfs/MC_hunt_s5_progress/base.tla	spec/output/hunt-bfs/MC_hunt_s5_progress/base.tla	file	0664	1789296553857773487	53503	e2cac4cd235148561edab557ce5b95870b4cf14ead77c52f67302ae5a878fc39		copy	run-evidence		{}
specula/runs/nvflare-fedavg-20260913/nvflare-fedavg/.specula-output/spec/output/hunt-bfs/MC_hunt_s5_progress/receipt.json	spec/output/hunt-bfs/MC_hunt_s5_progress/receipt.json	file	0664	1789302908845039008	1350	04515afef419c735260f80d84b0da77f6b34613292aaac41437e7368f3e2b31b		copy	run-evidence		{}
specula/runs/nvflare-fedavg-20260913/nvflare-fedavg/.specula-output/spec/output/hunt-bfs/MC_hunt_s5_progress/tlc.out	spec/output/hunt-bfs/MC_hunt_s5_progress/tlc.out	file	0664	1789301835665628927	5551	9676c1016c0f81f386156d60c6238f6469b521f8ce75e26e76cc9f2b6dae64a7		copy	run-evidence		{}
specula/runs/nvflare-fedavg-20260913/nvflare-fedavg/.specula-output/spec/output/hunt-bfs/MC_hunt_s5_progress/wrapper.log	spec/output/hunt-bfs/MC_hunt_s5_progress/wrapper.log	file	0664	1789302908244046128	7169	eda731706772f06ffbd877e56d82e10b49ea51cfd447c8cc1ebb541a44b860fe		copy	run-evidence		{}
specula/runs/nvflare-fedavg-20260913/nvflare-fedavg/.specula-output/spec/output/hunt-bfs/MC_hunt_s5_resilient/MC.tla	spec/output/hunt-bfs/MC_hunt_s5_resilient/MC.tla	file	0664	1789296697110038535	15687	c8f04b786b911af4edafbea4e22534c48c16bbbf5db45c5f12af28a8decb171e		copy	run-evidence		{}
specula/runs/nvflare-fedavg-20260913/nvflare-fedavg/.specula-output/spec/output/hunt-bfs/MC_hunt_s5_resilient/MC_hunt_s5_resilient.cfg	spec/output/hunt-bfs/MC_hunt_s5_resilient/MC_hunt_s5_resilient.cfg	file	0664	1789296697110038535	941	7ab3f681ab8ccb00212345acd1ff325a2392c3bb61a7971522d9b6f8d7d68068		copy	run-evidence		{}
specula/runs/nvflare-fedavg-20260913/nvflare-fedavg/.specula-output/spec/output/hunt-bfs/MC_hunt_s5_resilient/base.tla	spec/output/hunt-bfs/MC_hunt_s5_resilient/base.tla	file	0664	1789296553857773487	53503	e2cac4cd235148561edab557ce5b95870b4cf14ead77c52f67302ae5a878fc39		copy	run-evidence		{}
specula/runs/nvflare-fedavg-20260913/nvflare-fedavg/.specula-output/spec/output/hunt-bfs/MC_hunt_s5_resilient/receipt.json	spec/output/hunt-bfs/MC_hunt_s5_resilient/receipt.json	file	0664	1789301247238659053	1342	e04338c4b9098272499e40adea6a89c2427aeb29c572847dc8202fa6a5e5ab73		copy	run-evidence		{}
specula/runs/nvflare-fedavg-20260913/nvflare-fedavg/.specula-output/spec/output/hunt-bfs/MC_hunt_s5_resilient/tlc.out	spec/output/hunt-bfs/MC_hunt_s5_resilient/tlc.out	file	0664	1789301246098672748	4445	419666ef71dd3b87f2a27b3e96f62493654cac26dabc9507b9be271155512f68		copy	run-evidence		{}
specula/runs/nvflare-fedavg-20260913/nvflare-fedavg/.specula-output/spec/output/hunt-bfs/MC_hunt_s5_resilient/wrapper.log	spec/output/hunt-bfs/MC_hunt_s5_resilient/wrapper.log	file	0664	1789301247165659936	6106	f54f782b4ef3b723dd10ce6cda858d4bfb7d129157f603f70c282c52788362f5		copy	run-evidence		{}
specula/runs/nvflare-fedavg-20260913/nvflare-fedavg/.specula-output/spec/output/hunt-bfs/summary.json	spec/output/hunt-bfs/summary.json	file	0664	1789302909032036793	16632	18a270ee811a65bad0701258f42818e318f60c813aefaebe1d2fef9651e635ab		copy	run-evidence		{}
specula/runs/nvflare-fedavg-20260913/nvflare-fedavg/.specula-output/spec/output/hunt-bfs-launch.log	spec/output/hunt-bfs-launch.log	file	0664	1789302909032036793	2570	30ca40ec37a76d6f084a9d5fad25733f38c20d4b23fe3348021b9b2ec3b17e3f		copy	run-evidence		{}
specula/runs/nvflare-fedavg-20260913/nvflare-fedavg/.specula-output/spec/output/hunt-revised-bfs/MC_hunt_s3_parameter_values/MC.tla	spec/output/hunt-revised-bfs/MC_hunt_s3_parameter_values/MC.tla	file	0664	1789301424402754486	15941	99421dce006c3cdb3f1040e30062f456437ad3c7e6c82b435fb50d9814fda317		copy	run-evidence		{}
specula/runs/nvflare-fedavg-20260913/nvflare-fedavg/.specula-output/spec/output/hunt-revised-bfs/MC_hunt_s3_parameter_values/MC_hunt_s3_parameter_values.cfg	spec/output/hunt-revised-bfs/MC_hunt_s3_parameter_values/MC_hunt_s3_parameter_values.cfg	file	0664	1789301424402754486	996	a1ead41649f5f014bcb3e10958ac5979d32b015a6916f99a6e554b17e21584e6		copy	run-evidence		{}
specula/runs/nvflare-fedavg-20260913/nvflare-fedavg/.specula-output/spec/output/hunt-revised-bfs/MC_hunt_s3_parameter_values/analysis-all-states.json	spec/output/hunt-revised-bfs/MC_hunt_s3_parameter_values/analysis-all-states.json	file	0664	1789301638879751970	556923	d72fba81ec2720d858cc47d08ecddc1b4114022fda774dbbbe2025df3bce77b8		copy	run-evidence		{}
specula/runs/nvflare-fedavg-20260913/nvflare-fedavg/.specula-output/spec/output/hunt-revised-bfs/MC_hunt_s3_parameter_values/analysis-compare.json	spec/output/hunt-revised-bfs/MC_hunt_s3_parameter_values/analysis-compare.json	file	0664	1789301638889751871	15110	8226227d87bfa96473b4ac6ea1bc4940c9b1e71323ba61891760113b2c239f2d		copy	run-evidence		{}
specula/runs/nvflare-fedavg-20260913/nvflare-fedavg/.specula-output/spec/output/hunt-revised-bfs/MC_hunt_s3_parameter_values/analysis-state.json	spec/output/hunt-revised-bfs/MC_hunt_s3_parameter_values/analysis-state.json	file	0664	1789301638867752089	7618	4e5bdd795e0c79d8626ac01dbafb914d465d1c6a0597956cbd0356a3389f3e6f		copy	run-evidence		{}
specula/runs/nvflare-fedavg-20260913/nvflare-fedavg/.specula-output/spec/output/hunt-revised-bfs/MC_hunt_s3_parameter_values/analysis-summary.json	spec/output/hunt-revised-bfs/MC_hunt_s3_parameter_values/analysis-summary.json	file	0664	1789301638844752316	1433	71f21adf49945954a4ec14b8822a2eb7a5aec708a316b3c01de5e51fe5bb74cf		copy	run-evidence		{}
specula/runs/nvflare-fedavg-20260913/nvflare-fedavg/.specula-output/spec/output/hunt-revised-bfs/MC_hunt_s3_parameter_values/base.tla	spec/output/hunt-revised-bfs/MC_hunt_s3_parameter_values/base.tla	file	0664	1789296553857773487	53503	e2cac4cd235148561edab557ce5b95870b4cf14ead77c52f67302ae5a878fc39		copy	run-evidence		{}
specula/runs/nvflare-fedavg-20260913/nvflare-fedavg/.specula-output/spec/output/hunt-revised-bfs/MC_hunt_s3_parameter_values/counterexample.json	spec/output/hunt-revised-bfs/MC_hunt_s3_parameter_values/counterexample.json	file	0664	1789301430033698671	631055	addd5a81055e875ac1b9903bf358bebd31701cf1aac6adf126137fb730554ed9		copy	run-evidence		{}
specula/runs/nvflare-fedavg-20260913/nvflare-fedavg/.specula-output/spec/output/hunt-revised-bfs/MC_hunt_s3_parameter_values/receipt.json	spec/output/hunt-revised-bfs/MC_hunt_s3_parameter_values/receipt.json	file	0664	1789301431076690830	1476	48a9b52967e5b8ff93ebf1048909d88583f6ee5481b28a5e43d66735ee0534af		copy	run-evidence		{}
specula/runs/nvflare-fedavg-20260913/nvflare-fedavg/.specula-output/spec/output/hunt-revised-bfs/MC_hunt_s3_parameter_values/tlc.out	spec/output/hunt-revised-bfs/MC_hunt_s3_parameter_values/tlc.out	file	0664	1789301430108697928	393784	e846ef927d7d066e00a95e28ae1ed39b99fbef3f262d102700df283f12c7886e		copy	run-evidence		{}
specula/runs/nvflare-fedavg-20260913/nvflare-fedavg/.specula-output/spec/output/hunt-revised-bfs/MC_hunt_s3_parameter_values/wrapper.log	spec/output/hunt-revised-bfs/MC_hunt_s3_parameter_values/wrapper.log	file	0664	1789301430836692105	395472	4156d75c972ca92413bcb9bf966bc195ab2afba6ec6a6f69a2acd479e57dbc11		copy	run-evidence		{}
specula/runs/nvflare-fedavg-20260913/nvflare-fedavg/.specula-output/spec/output/hunt-revised-bfs/MC_hunt_s4_cancel_overlap/MC.tla	spec/output/hunt-revised-bfs/MC_hunt_s4_cancel_overlap/MC.tla	file	0664	1789301424402754486	15941	99421dce006c3cdb3f1040e30062f456437ad3c7e6c82b435fb50d9814fda317		copy	run-evidence		{}
specula/runs/nvflare-fedavg-20260913/nvflare-fedavg/.specula-output/spec/output/hunt-revised-bfs/MC_hunt_s4_cancel_overlap/MC_hunt_s4_cancel_overlap.cfg	spec/output/hunt-revised-bfs/MC_hunt_s4_cancel_overlap/MC_hunt_s4_cancel_overlap.cfg	file	0664	1789301424402754486	1197	a8eb65ed7bb206eb7d710bdf11ec84b4000e186694eb793befaf6b022b53529f		copy	run-evidence		{}
specula/runs/nvflare-fedavg-20260913/nvflare-fedavg/.specula-output/spec/output/hunt-revised-bfs/MC_hunt_s4_cancel_overlap/base.tla	spec/output/hunt-revised-bfs/MC_hunt_s4_cancel_overlap/base.tla	file	0664	1789296553857773487	53503	e2cac4cd235148561edab557ce5b95870b4cf14ead77c52f67302ae5a878fc39		copy	run-evidence		{}
specula/runs/nvflare-fedavg-20260913/nvflare-fedavg/.specula-output/spec/output/hunt-revised-bfs/MC_hunt_s4_cancel_overlap/receipt.json	spec/output/hunt-revised-bfs/MC_hunt_s4_cancel_overlap/receipt.json	file	0664	1789301515915957257	1367	fd9cf416b476189df71d08308dfaed68c7107705a6be2683f5a864e5000ac60f		copy	run-evidence		{}
specula/runs/nvflare-fedavg-20260913/nvflare-fedavg/.specula-output/spec/output/hunt-revised-bfs/MC_hunt_s4_cancel_overlap/tlc.out	spec/output/hunt-revised-bfs/MC_hunt_s4_cancel_overlap/tlc.out	file	0664	1789301515044965060	4299	aa326bbef2c99d50fe85af98bd848cad747fc8cb24409d073e0fe937d0c5727c		copy	run-evidence		{}
specula/runs/nvflare-fedavg-20260913/nvflare-fedavg/.specula-output/spec/output/hunt-revised-bfs/MC_hunt_s4_cancel_overlap/wrapper.log	spec/output/hunt-revised-bfs/MC_hunt_s4_cancel_overlap/wrapper.log	file	0664	1789301515845957884	5967	d7622de69966a374ea1d922d15e77363606bf834f849926541db5c59b2d8a7eb		copy	run-evidence		{}
specula/runs/nvflare-fedavg-20260913/nvflare-fedavg/.specula-output/spec/output/hunt-revised-bfs/MC_hunt_s4_filter_retirement/MC.tla	spec/output/hunt-revised-bfs/MC_hunt_s4_filter_retirement/MC.tla	file	0664	1789301424402754486	15941	99421dce006c3cdb3f1040e30062f456437ad3c7e6c82b435fb50d9814fda317		copy	run-evidence		{}
specula/runs/nvflare-fedavg-20260913/nvflare-fedavg/.specula-output/spec/output/hunt-revised-bfs/MC_hunt_s4_filter_retirement/MC_hunt_s4_filter_retirement.cfg	spec/output/hunt-revised-bfs/MC_hunt_s4_filter_retirement/MC_hunt_s4_filter_retirement.cfg	file	0664	1789301424402754486	1230	577797c7c37cbe278eee183f906e992918af7b75f311f010dc164aa675d76102		copy	run-evidence		{}
specula/runs/nvflare-fedavg-20260913/nvflare-fedavg/.specula-output/spec/output/hunt-revised-bfs/MC_hunt_s4_filter_retirement/base.tla	spec/output/hunt-revised-bfs/MC_hunt_s4_filter_retirement/base.tla	file	0664	1789296553857773487	53503	e2cac4cd235148561edab557ce5b95870b4cf14ead77c52f67302ae5a878fc39		copy	run-evidence		{}
specula/runs/nvflare-fedavg-20260913/nvflare-fedavg/.specula-output/spec/output/hunt-revised-bfs/MC_hunt_s4_filter_retirement/receipt.json	spec/output/hunt-revised-bfs/MC_hunt_s4_filter_retirement/receipt.json	file	0664	1789301455577497485	1373	da0505fafa92e1703c73f5fe1dbf6478557a47275e751e9d8353ce0f113b668b		copy	run-evidence		{}
specula/runs/nvflare-fedavg-20260913/nvflare-fedavg/.specula-output/spec/output/hunt-revised-bfs/MC_hunt_s4_filter_retirement/tlc.out	spec/output/hunt-revised-bfs/MC_hunt_s4_filter_retirement/tlc.out	file	0664	1789301453889511551	4144	81385c5e1e10d7250afc9009549560eb31cdb978c97c40ca4f21676b245b88d0		copy	run-evidence		{}
specula/runs/nvflare-fedavg-20260913/nvflare-fedavg/.specula-output/spec/output/hunt-revised-bfs/MC_hunt_s4_filter_retirement/wrapper.log	spec/output/hunt-revised-bfs/MC_hunt_s4_filter_retirement/wrapper.log	file	0664	1789301454688504801	5820	58b13e527b6da21ccc964947849beb00c199cf9456f348ed65fca93fb0e9226f		copy	run-evidence		{}
specula/runs/nvflare-fedavg-20260913/nvflare-fedavg/.specula-output/spec/output/hunt-revised-bfs/MC_hunt_s4_prepare_error/MC.tla	spec/output/hunt-revised-bfs/MC_hunt_s4_prepare_error/MC.tla	file	0664	1789301424402754486	15941	99421dce006c3cdb3f1040e30062f456437ad3c7e6c82b435fb50d9814fda317		copy	run-evidence		{}
specula/runs/nvflare-fedavg-20260913/nvflare-fedavg/.specula-output/spec/output/hunt-revised-bfs/MC_hunt_s4_prepare_error/MC_hunt_s4_prepare_error.cfg	spec/output/hunt-revised-bfs/MC_hunt_s4_prepare_error/MC_hunt_s4_prepare_error.cfg	file	0664	1789301424402754486	1184	0c09dcac58d7416f27c559ed3e459a5b6a2469fdca7ac469709f7cae3fc9cd57		copy	run-evidence		{}
specula/runs/nvflare-fedavg-20260913/nvflare-fedavg/.specula-output/spec/output/hunt-revised-bfs/MC_hunt_s4_prepare_error/base.tla	spec/output/hunt-revised-bfs/MC_hunt_s4_prepare_error/base.tla	file	0664	1789296553857773487	53503	e2cac4cd235148561edab557ce5b95870b4cf14ead77c52f67302ae5a878fc39		copy	run-evidence		{}
specula/runs/nvflare-fedavg-20260913/nvflare-fedavg/.specula-output/spec/output/hunt-revised-bfs/MC_hunt_s4_prepare_error/receipt.json	spec/output/hunt-revised-bfs/MC_hunt_s4_prepare_error/receipt.json	file	0664	1789301448485557421	1357	a628c0dafeb18fa0635d654ffe8b36fbf105182f614bca830ee5e5d494ff29c1		copy	run-evidence		{}
specula/runs/nvflare-fedavg-20260913/nvflare-fedavg/.specula-output/spec/output/hunt-revised-bfs/MC_hunt_s4_prepare_error/tlc.out	spec/output/hunt-revised-bfs/MC_hunt_s4_prepare_error/tlc.out	file	0664	1789301447711563991	4127	d33d178c4f94bedd79c4fb1c4358a54dcffb1cf0111867dc1446b1bd04c3ea97		copy	run-evidence		{}
specula/runs/nvflare-fedavg-20260913/nvflare-fedavg/.specula-output/spec/output/hunt-revised-bfs/MC_hunt_s4_prepare_error/wrapper.log	spec/output/hunt-revised-bfs/MC_hunt_s4_prepare_error/wrapper.log	file	0664	1789301448410558058	5795	7e6773b6781c50bdc05a0d6b1546b26527238a97370a45cfe8f0eea13a24ab30		copy	run-evidence		{}
specula/runs/nvflare-fedavg-20260913/nvflare-fedavg/.specula-output/spec/output/hunt-revised-bfs/MC_hunt_s5_dead_policy/MC.tla	spec/output/hunt-revised-bfs/MC_hunt_s5_dead_policy/MC.tla	file	0664	1789301424402754486	15941	99421dce006c3cdb3f1040e30062f456437ad3c7e6c82b435fb50d9814fda317		copy	run-evidence		{}
specula/runs/nvflare-fedavg-20260913/nvflare-fedavg/.specula-output/spec/output/hunt-revised-bfs/MC_hunt_s5_dead_policy/MC_hunt_s5_dead_policy.cfg	spec/output/hunt-revised-bfs/MC_hunt_s5_dead_policy/MC_hunt_s5_dead_policy.cfg	file	0664	1789301424402754486	1226	a3c47d4d2cdeafb76355d268bd919ada7fc5494c796354e2afef951497d2a0b1		copy	run-evidence		{}
specula/runs/nvflare-fedavg-20260913/nvflare-fedavg/.specula-output/spec/output/hunt-revised-bfs/MC_hunt_s5_dead_policy/base.tla	spec/output/hunt-revised-bfs/MC_hunt_s5_dead_policy/base.tla	file	0664	1789296553857773487	53503	e2cac4cd235148561edab557ce5b95870b4cf14ead77c52f67302ae5a878fc39		copy	run-evidence		{}
specula/runs/nvflare-fedavg-20260913/nvflare-fedavg/.specula-output/spec/output/hunt-revised-bfs/MC_hunt_s5_dead_policy/receipt.json	spec/output/hunt-revised-bfs/MC_hunt_s5_dead_policy/receipt.json	file	0664	1789301967538153521	1359	1291ca04d7886969feef1968271cc8cbe901456b8192d9b30af388f3957bac84		copy	run-evidence		{}
specula/runs/nvflare-fedavg-20260913/nvflare-fedavg/.specula-output/spec/output/hunt-revised-bfs/MC_hunt_s5_dead_policy/tlc.out	spec/output/hunt-revised-bfs/MC_hunt_s5_dead_policy/tlc.out	file	0664	1789301966653163645	5444	3dc0a2bcf33c2e850053cc9ef6dcc277881de509405e8951a81a9b53eb0c0c6a		copy	run-evidence		{}
specula/runs/nvflare-fedavg-20260913/nvflare-fedavg/.specula-output/spec/output/hunt-revised-bfs/MC_hunt_s5_dead_policy/wrapper.log	spec/output/hunt-revised-bfs/MC_hunt_s5_dead_policy/wrapper.log	file	0664	1789301967470154308	7108	f6717c6d409ddc5d08bffa792a5fcf97b2da16d74509f81479ed8f5a42ffd591		copy	run-evidence		{}
specula/runs/nvflare-fedavg-20260913/nvflare-fedavg/.specula-output/spec/output/hunt-revised-bfs/summary.json	spec/output/hunt-revised-bfs/summary.json	file	0664	1789301967538153521	7466	078a4181913156ac472a5be5856e3233f56b5e3ad26d0e6a42b45e9179618e50		copy	run-evidence		{}
specula/runs/nvflare-fedavg-20260913/nvflare-fedavg/.specula-output/spec/output/hunt-revised-bfs-launch.log	spec/output/hunt-revised-bfs-launch.log	file	0664	1789301967538153521	1021	c03b2bc6f49030a8049ef7bf1a6e380e6d9e9996bb25c1e25e1c944caa7af3ec		copy	run-evidence		{}
specula/runs/nvflare-fedavg-20260913/nvflare-fedavg/.specula-output/spec/output/initial-artifacts.json	spec/output/initial-artifacts.json	file	0664	1789299191725130734	2262	9104c5d02ed787bb972567a94336dd7d461e8e6cffd16ecf15e777cf563660fb		copy	run-evidence		{}
specula/runs/nvflare-fedavg-20260913/nvflare-fedavg/.specula-output/spec/output/model-checking-coverage.json	spec/output/model-checking-coverage.json	file	0664	1789302944665614475	35481	53018c9298734067eef4da94f7c78bdad368f97aac4eefd75ec4a1b541cfe254		copy	run-evidence		{}
specula/runs/nvflare-fedavg-20260913/nvflare-fedavg/.specula-output/spec/output/model-checking-coverage.md	spec/output/model-checking-coverage.md	file	0664	1789302944665614475	2725	b4fe6e4016609be9e1e9358f677dcc3128fa2ccb865d9210df7886d55541ae76		copy	run-evidence		{}
specula/runs/nvflare-fedavg-20260913/nvflare-fedavg/.specula-output/spec/output/source-contract-audit.md	spec/output/source-contract-audit.md	file	0664	1789300011022214926	3925	9fe54d3e546d8db42a257921c2078e2b1d81b789fb2da45b146027bcc2e5fc66		copy	run-evidence		{}
specula/runs/nvflare-fedavg-20260913/nvflare-fedavg/.specula-output/spec/output/source-instrumentation-audit.json	spec/output/source-instrumentation-audit.json	file	0664	1789299331569482550	1547	d9f18f3982f30b018f742886938f4046ad97d6c39e2d651a36e2e8b5ca7d275a		copy	run-evidence		{}
specula/runs/nvflare-fedavg-20260913/nvflare-fedavg/.specula-output/spec/output/trace-round1/absent_metrics.json	spec/output/trace-round1/absent_metrics.json	file	0664	1789299156207550694	1218	250e87672a164d0e724bdaae79d49da811d7c91e050da2df628114264c505f1b		copy	run-evidence		{}
specula/runs/nvflare-fedavg-20260913/nvflare-fedavg/.specula-output/spec/output/trace-round1/absent_metrics.out	spec/output/trace-round1/absent_metrics.out	file	0664	1789299156206550706	6890	a0ce2441de37ee00670bccc24c758060a100803587b75f163781dfa6eef22287		copy	run-evidence		{}
specula/runs/nvflare-fedavg-20260913/nvflare-fedavg/.specula-output/spec/output/trace-round1/admitted_callback_cancel.json	spec/output/trace-round1/admitted_callback_cancel.json	file	0664	1789299156152551345	1238	bcf885d097fdf47d51a7a0bd9001d79295dbcbc9161ff18b9f213e63ec806791		copy	run-evidence		{}
specula/runs/nvflare-fedavg-20260913/nvflare-fedavg/.specula-output/spec/output/trace-round1/admitted_callback_cancel.out	spec/output/trace-round1/admitted_callback_cancel.out	file	0664	1789299156151551357	6892	c0b56258dbb0a04c51f54184221520ec518c0e5ad0d771df23b6ade4fb592264		copy	run-evidence		{}
specula/runs/nvflare-fedavg-20260913/nvflare-fedavg/.specula-output/spec/output/trace-round1/before_send_error.json	spec/output/trace-round1/before_send_error.json	file	0664	1789299156056552480	1224	475e6b11de5a8e23efef9e75e6a9017581c533ae99351386d4a7ab048c4b3340		copy	run-evidence		{}
specula/runs/nvflare-fedavg-20260913/nvflare-fedavg/.specula-output/spec/output/trace-round1/before_send_error.out	spec/output/trace-round1/before_send_error.out	file	0664	1789299156055552492	6888	d64c18802f579413cdb1511eab8d6c3bcebdbe0dd8c3c33cd6059c1bcf5a78c6		copy	run-evidence		{}
specula/runs/nvflare-fedavg-20260913/nvflare-fedavg/.specula-output/spec/output/trace-round1/cleanup.json	spec/output/trace-round1/cleanup.json	file	0664	1789299156815543504	48	c55f5f411d4a42ceab0c1a22e51150824181921a47abbb4784eedb659dd5b680		copy	run-evidence		{}
specula/runs/nvflare-fedavg-20260913/nvflare-fedavg/.specula-output/spec/output/trace-round1/closed_submission.json	spec/output/trace-round1/closed_submission.json	file	0664	1789299156191550884	1224	61ee45e224c64acb3b9b827b7da0c42536974a101ad224da8f80f89d4e15c3cc		copy	run-evidence		{}
specula/runs/nvflare-fedavg-20260913/nvflare-fedavg/.specula-output/spec/output/trace-round1/closed_submission.out	spec/output/trace-round1/closed_submission.out	file	0664	1789299156190550895	6889	72840ccae5645d6f9e67d46dfee874c4516155336b571a788cf1b630fece8328		copy	run-evidence		{}
specula/runs/nvflare-fedavg-20260913/nvflare-fedavg/.specula-output/spec/output/trace-round1/conversion_failure.json	spec/output/trace-round1/conversion_failure.json	file	0664	1789299156415548235	1226	175a8cb05b9f5f7678fd22b568d787b67b2f6d685dcc1c9c8bdeeec646fd454e		copy	run-evidence		{}
specula/runs/nvflare-fedavg-20260913/nvflare-fedavg/.specula-output/spec/output/trace-round1/conversion_failure.out	spec/output/trace-round1/conversion_failure.out	file	0664	1789299156415548235	6888	a6dc79ef3a31ac2715af9d50f71f96428eb3b7f829e482dc305de275a5b96ba5		copy	run-evidence		{}
specula/runs/nvflare-fedavg-20260913/nvflare-fedavg/.specula-output/spec/output/trace-round1/dead_panic.json	spec/output/trace-round1/dead_panic.json	file	0664	1789299156471547572	1210	86ac4c399e4adf85c6a23d8ac8903b8626f0ae7ebe5f8d0a4f021f5b4db3760e		copy	run-evidence		{}
specula/runs/nvflare-fedavg-20260913/nvflare-fedavg/.specula-output/spec/output/trace-round1/dead_panic.out	spec/output/trace-round1/dead_panic.out	file	0664	1789299156471547572	6890	03339668d00e01105b73f144e1c62e94dca8b0fede0fa59c444ec4dc5ba84c30		copy	run-evidence		{}
specula/runs/nvflare-fedavg-20260913/nvflare-fedavg/.specula-output/spec/output/trace-round1/dead_permitted.json	spec/output/trace-round1/dead_permitted.json	file	0664	1789299156343549086	1218	3dadc44d8ab0727d8635edf8d3b4bdcd8250f1709592fbe1a65e62ba81307552		copy	run-evidence		{}
specula/runs/nvflare-fedavg-20260913/nvflare-fedavg/.specula-output/spec/output/trace-round1/dead_permitted.out	spec/output/trace-round1/dead_permitted.out	file	0664	1789299156342549098	6890	757bc21daded978250b7fb25a234b913969ebb144baf213c20d36b0d9e5fe018		copy	run-evidence		{}
specula/runs/nvflare-fedavg-20260913/nvflare-fedavg/.specula-output/spec/output/trace-round1/delivery_retry.json	spec/output/trace-round1/delivery_retry.json	file	0664	1789299156531546863	1219	e605fa29cb902f84c45eef643ca5e0ab366d746a7d4edb49983cc46295bff6f0		copy	run-evidence		{}
specula/runs/nvflare-fedavg-20260913/nvflare-fedavg/.specula-output/spec/output/trace-round1/delivery_retry.out	spec/output/trace-round1/delivery_retry.out	file	0664	1789299156530546875	6898	04c95beee15e46d1bc0d4f837a71a006b20ac3849d298326aa187fb5168035ee		copy	run-evidence		{}
specula/runs/nvflare-fedavg-20260913/nvflare-fedavg/.specula-output/spec/output/trace-round1/dynamic_error.json	spec/output/trace-round1/dynamic_error.json	file	0664	1789299156421548164	1216	34cb5e3539c86d79fa8b55e32baee3d9a56ae908b2b7466e5e28ea37ce5d72fa		copy	run-evidence		{}
specula/runs/nvflare-fedavg-20260913/nvflare-fedavg/.specula-output/spec/output/trace-round1/dynamic_error.out	spec/output/trace-round1/dynamic_error.out	file	0664	1789299156420548176	6906	e1944f74ddd367e1cddac67607f28bc3aaff7096c7153e3e6c3a6593a8983a61		copy	run-evidence		{}
specula/runs/nvflare-fedavg-20260913/nvflare-fedavg/.specula-output/spec/output/trace-round1/empty_metrics.json	spec/output/trace-round1/empty_metrics.json	file	0664	1789299156433548022	1216	38d0b96d91b81d59f70d471ca26bd03d50c72ff2d037dc92a80ceaf545297f5f		copy	run-evidence		{}
specula/runs/nvflare-fedavg-20260913/nvflare-fedavg/.specula-output/spec/output/trace-round1/empty_metrics.out	spec/output/trace-round1/empty_metrics.out	file	0664	1789299156432548034	6891	9a19a097b22a9fbeb5c3eb3f0446dcb324b16b29ca20ad757e636f2783be13a7		copy	run-evidence		{}
specula/runs/nvflare-fedavg-20260913/nvflare-fedavg/.specula-output/spec/output/trace-round1/empty_params.json	spec/output/trace-round1/empty_params.json	file	0664	1789299156482547442	1214	157ec3a73545c67df329335a7c03f61f13572becff508a965b2b4e33e79c98b3		copy	run-evidence		{}
specula/runs/nvflare-fedavg-20260913/nvflare-fedavg/.specula-output/spec/output/trace-round1/empty_params.out	spec/output/trace-round1/empty_params.out	file	0664	1789299156481547454	6906	7ff1eb6c7805d8167b48e0a1d1276092077957bb594f34dccf8f50cfba386b53		copy	run-evidence		{}
specula/runs/nvflare-fedavg-20260913/nvflare-fedavg/.specula-output/spec/output/trace-round1/filter_cancellation.json	spec/output/trace-round1/filter_cancellation.json	file	0664	1789299156350549003	1228	324103a911139f9032c76b86d4d44f342bd03e9ebadd667b3a969cec4e7c7821		copy	run-evidence		{}
specula/runs/nvflare-fedavg-20260913/nvflare-fedavg/.specula-output/spec/output/trace-round1/filter_cancellation.out	spec/output/trace-round1/filter_cancellation.out	file	0664	1789299156350549003	6891	ed7b135900b156c53e293f6faa67e78971012ca6dcbc9e2aeac744ca8ebd269c		copy	run-evidence		{}
specula/runs/nvflare-fedavg-20260913/nvflare-fedavg/.specula-output/spec/output/trace-round1/late_evicted_retry.json	spec/output/trace-round1/late_evicted_retry.json	file	0664	1789299156718544651	1227	e774e517f40d30fa21e46a6cd9e4569231e9f4b45f5d2d6f32ff8bf256efdd13		copy	run-evidence		{}
specula/runs/nvflare-fedavg-20260913/nvflare-fedavg/.specula-output/spec/output/trace-round1/late_evicted_retry.out	spec/output/trace-round1/late_evicted_retry.out	file	0664	1789299156717544663	6900	3fe61ab49fac21cde352f1f0713af7d4c4e2fc7e927ea2ef8a3a323b4b544ca6		copy	run-evidence		{}
specula/runs/nvflare-fedavg-20260913/nvflare-fedavg/.specula-output/spec/output/trace-round1/late_retained_retry.json	spec/output/trace-round1/late_retained_retry.json	file	0664	1789299156814543516	1229	8f786792d9c3a26167af59e7136703471fd5217ae8447fe0ab59adc424e09df0		copy	run-evidence		{}
specula/runs/nvflare-fedavg-20260913/nvflare-fedavg/.specula-output/spec/output/trace-round1/late_retained_retry.out	spec/output/trace-round1/late_retained_retry.out	file	0664	1789299156813543528	6899	ad7b76ef9fd9efc83ae4443bceab23b474652f1bf70034247dd8d9bdd199923b		copy	run-evidence		{}
specula/runs/nvflare-fedavg-20260913/nvflare-fedavg/.specula-output/spec/output/trace-round1/lost_ack_live.json	spec/output/trace-round1/lost_ack_live.json	file	0664	1789299156490547348	1217	1c51de161336a591299042b0314c3279af93cbc5cf0e9207c006bed3cdd7d65c		copy	run-evidence		{}
specula/runs/nvflare-fedavg-20260913/nvflare-fedavg/.specula-output/spec/output/trace-round1/lost_ack_live.out	spec/output/trace-round1/lost_ack_live.out	file	0664	1789299156490547348	6911	65ff8a40184eeabc9ee6d513661adeb2e5bbf3232bcc9ab31bdbe063e359a048		copy	run-evidence		{}
specula/runs/nvflare-fedavg-20260913/nvflare-fedavg/.specula-output/spec/output/trace-round1/lost_ack_retired.json	spec/output/trace-round1/lost_ack_retired.json	file	0664	1789299156576546331	1222	b2a46c51f214c97a71e334765ae5533fbea0ea436e033905dd7a51454aab0961		copy	run-evidence		{}
specula/runs/nvflare-fedavg-20260913/nvflare-fedavg/.specula-output/spec/output/trace-round1/lost_ack_retired.out	spec/output/trace-round1/lost_ack_retired.out	file	0664	1789299156576546331	6890	808f4d1a3aaed4911634cce77ac310abdf5b05f3b7143a27277c636759159909		copy	run-evidence		{}
specula/runs/nvflare-fedavg-20260913/nvflare-fedavg/.specula-output/spec/output/trace-round1/metric_preparation_failure.json	spec/output/trace-round1/metric_preparation_failure.json	file	0664	1789299156637545609	1242	bed1118b605f48adc23b1b38c43a073e5ea180c9abec1d0679307285b8dca34b		copy	run-evidence		{}
specula/runs/nvflare-fedavg-20260913/nvflare-fedavg/.specula-output/spec/output/trace-round1/metric_preparation_failure.out	spec/output/trace-round1/metric_preparation_failure.out	file	0664	1789299156636545621	6891	d2996902e462d67262c08a3d8cdc9d2272c740f0d5ccb47994bbe4d3f98e4855		copy	run-evidence		{}
specula/runs/nvflare-fedavg-20260913/nvflare-fedavg/.specula-output/spec/output/trace-round1/metric_value_failure.json	spec/output/trace-round1/metric_value_failure.json	file	0664	1789299156629545704	1230	1dcaf54c9dbc288f00c7f794cd30276aca23aa6e652daadb829dd42f30b26203		copy	run-evidence		{}
specula/runs/nvflare-fedavg-20260913/nvflare-fedavg/.specula-output/spec/output/trace-round1/metric_value_failure.out	spec/output/trace-round1/metric_value_failure.out	file	0664	1789299156628545716	6890	dc2978f831679a40ff89d111485c7607c37fdde4d1193b31c9a0d33a1604c7a2		copy	run-evidence		{}
specula/runs/nvflare-fedavg-20260913/nvflare-fedavg/.specula-output/spec/output/trace-round1/missing_live_recovery.json	spec/output/trace-round1/missing_live_recovery.json	file	0664	1789299156476547513	1233	8755f98d0d757487565add45bb90eaf1e9dad45534057fa86e3c6a881635e7e9		copy	run-evidence		{}
specula/runs/nvflare-fedavg-20260913/nvflare-fedavg/.specula-output/spec/output/trace-round1/missing_live_recovery.out	spec/output/trace-round1/missing_live_recovery.out	file	0664	1789299156475547525	6898	f02854eaa7ac26003511a6afb91e304227e93c89d5e7d720752e812de8630c45		copy	run-evidence		{}
specula/runs/nvflare-fedavg-20260913/nvflare-fedavg/.specula-output/spec/output/trace-round1/normal_staggered.json	spec/output/trace-round1/normal_staggered.json	file	0664	1789299156677545136	1223	0c5776628948f42b82702346eb461579b408ce907f467269147986534a902794		copy	run-evidence		{}
specula/runs/nvflare-fedavg-20260913/nvflare-fedavg/.specula-output/spec/output/trace-round1/normal_staggered.out	spec/output/trace-round1/normal_staggered.out	file	0664	1789299156676545148	6898	80878be37ed1bc7505828a9b7553ef1c711a0d0510dac6ed21b12de07ccdc0c0		copy	run-evidence		{}
specula/runs/nvflare-fedavg-20260913/nvflare-fedavg/.specula-output/spec/output/trace-round1/partial_param_allocation.json	spec/output/trace-round1/partial_param_allocation.json	file	0664	1789299156672545195	1238	39124f1d4efc44c5ec3d1b4eb698a4c87874aabc9873cf3f2a26c22ac8822e07		copy	run-evidence		{}
specula/runs/nvflare-fedavg-20260913/nvflare-fedavg/.specula-output/spec/output/trace-round1/partial_param_allocation.out	spec/output/trace-round1/partial_param_allocation.out	file	0664	1789299156671545207	6890	a164bda0f1c7a8a94920012dfa679b0b2c9a6c22cd8218586e16f685dc369256		copy	run-evidence		{}
specula/runs/nvflare-fedavg-20260913/nvflare-fedavg/.specula-output/spec/output/trace-round1/protect_allocation_failure.json	spec/output/trace-round1/protect_allocation_failure.json	file	0664	1789299156661545325	1242	100ea1763b876554c81be487d0e9b6ff9a4b9c0bca25d708e41809f741fa39f0		copy	run-evidence		{}
specula/runs/nvflare-fedavg-20260913/nvflare-fedavg/.specula-output/spec/output/trace-round1/protect_allocation_failure.out	spec/output/trace-round1/protect_allocation_failure.out	file	0664	1789299156661545325	6902	5811947b82a5ed76dc8af03af69ec18d6a55395fa78cbcc5bbc02dd343d1054d		copy	run-evidence		{}
specula/runs/nvflare-fedavg-20260913/nvflare-fedavg/.specula-output/spec/output/trace-round1/request_retired_while_waiting.json	spec/output/trace-round1/request_retired_while_waiting.json	file	0664	1789299156669545231	1248	a5bf28bfde6f877c4fbd7a2c1ccab125c6321af9de70ebdb5093fe99a6981158		copy	run-evidence		{}
specula/runs/nvflare-fedavg-20260913/nvflare-fedavg/.specula-output/spec/output/trace-round1/request_retired_while_waiting.out	spec/output/trace-round1/request_retired_while_waiting.out	file	0664	1789299156668545243	6904	a326d6ad2a681be226942326adee8815e34f73779486592d7b15d0158d1ee549		copy	run-evidence		{}
specula/runs/nvflare-fedavg-20260913/nvflare-fedavg/.specula-output/spec/output/trace-round1/resilient_error.json	spec/output/trace-round1/resilient_error.json	file	0664	1789299156730544510	1220	2a1fc2bbebbdb23769e2e1f5f9044c7c541ff17ee83e81a9302c50e3575b152f		copy	run-evidence		{}
specula/runs/nvflare-fedavg-20260913/nvflare-fedavg/.specula-output/spec/output/trace-round1/resilient_error.out	spec/output/trace-round1/resilient_error.out	file	0664	1789299156729544521	6904	6e394dd1b5774431653668d95fa434112a2c8b766b50ebfe82c0fd67857ca004		copy	run-evidence		{}
specula/runs/nvflare-fedavg-20260913/nvflare-fedavg/.specula-output/spec/output/trace-round1/shared-wrapper-log.noncanonical.log	spec/output/trace-round1/shared-wrapper-log.noncanonical.log	file	0664	1789299156387548566	5275	df7b5bf972dc9f6baca12cce4078f18a0319fd24109bfb14600f8ab5267ea4e6		copy	run-evidence		{}
specula/runs/nvflare-fedavg-20260913/nvflare-fedavg/.specula-output/spec/output/trace-round1/summary.json	spec/output/trace-round1/summary.json	file	0664	1789299156815543504	32881	ec60eb99ecffc816688492523c7c1fefe91c91b83ad837b9d46692555bba45c6		copy	run-evidence		{}
specula/runs/nvflare-fedavg-20260913/nvflare-fedavg/.specula-output/spec/output/validation-result.json	spec/output/validation-result.json	file	0664	1789302944725613761	3478	281c04e5a3c8bc8566f60d83ead28d097a904e3f7f67578bb1c545c35c86f140		copy	run-evidence		{}
specula/runs/nvflare-fedavg-20260913/nvflare-fedavg/.specula-output/spec/output/validation-status.md	spec/output/validation-status.md	file	0664	1789302944725613761	387	0a5d558d9a31ccd4b00797d84042e2ebf7266583c4aa6a6b51882e9c0fe708c9		copy	run-evidence		{}
specula/runs/nvflare-fedavg-20260913/nvflare-fedavg/.specula-output/spec/review-specgen.log	spec/review-specgen.log	file	0664	1789297283593071265	5948	3d76dfd1e2ba9e847104f9a90ceb3a4b50da0e6e6d70f37b0ff3bdf90fbafb6b		copy	run-evidence		{}
specula/runs/nvflare-fedavg-20260913/nvflare-fedavg/.specula-output/spec/review-specgen.md	spec/review-specgen.md	file	0664	1789297240671576485	10459	d719ad63c2d0fb8083a94e8b1a059987a50b4b9c7e4e9cabfb358bd22a4e4c7f		copy	run-evidence		{}
specula/runs/nvflare-fedavg-20260913/nvflare-fedavg/.specula-output/spec/review-validation.log	spec/review-validation.log	file	0664	1789303308384295193	4811	3136bca12125e8fa8834823fdc93de535f124aff6d3e55630ebf766de088435b		copy	run-evidence		{}
specula/runs/nvflare-fedavg-20260913/nvflare-fedavg/.specula-output/spec/review-validation.md	spec/review-validation.md	file	0664	1789303278473649272	7253	007f5400d09417f8085def6174f54e261c60381149e94292ebbdfacffa3d9696		copy	run-evidence		{}
specula/runs/nvflare-fedavg-20260913/nvflare-fedavg/.specula-output/summary.md	summary.md	file	0664	1789358948747733297	2501	59ce09e42295f320f24503bd0492f78440a36c02791836e0d0e1258cd63c6bd6		curate	curated-report	Final finding disposition	"{""source_sha256"": ""2fee92be1655d66d498af4020c80ac54f8eb4a85cd025ea85c7c5a0de9b38341""}"
specula/runs/nvflare-fedavg-20260913/nvflare-fedavg/.specula-output/traces/absent_metrics.ndjson	traces/absent_metrics.ndjson	file	0664	1789298848851201611	172234	f71f97fa0580f28580a38ebf4f35cfa8351a1fc0a89d857135f579995431690d		copy	run-evidence		{}
specula/runs/nvflare-fedavg-20260913/nvflare-fedavg/.specula-output/traces/admitted_callback_cancel.ndjson	traces/admitted_callback_cancel.ndjson	file	0664	1789298848990199947	112256	399bf75787007d7a2c7e51728b13dd2e434f465b869460dd6ef6c3bd22f22ff6		copy	run-evidence		{}
specula/runs/nvflare-fedavg-20260913/nvflare-fedavg/.specula-output/traces/before_send_error.ndjson	traces/before_send_error.ndjson	file	0664	1789298848999199840	59367	79de081b2cf9fc0de621141b2b394dc6359ef7e30a504a3a7509f9588bfd8410		copy	run-evidence		{}
specula/runs/nvflare-fedavg-20260913/nvflare-fedavg/.specula-output/traces/closed_submission.ndjson	traces/closed_submission.ndjson	file	0664	1789298849068199014	82128	ab235df5744bcf25e7c748ae9747653ae54dc8ddc9f5220c51be552bc2178405		copy	run-evidence		{}
specula/runs/nvflare-fedavg-20260913/nvflare-fedavg/.specula-output/traces/conversion_failure.ndjson	traces/conversion_failure.ndjson	file	0664	1789298848876201312	153770	ccaf8c394c29347650cf034883d8b576c1302d32854c3abe8ddc69576f3bd314		copy	run-evidence		{}
specula/runs/nvflare-fedavg-20260913/nvflare-fedavg/.specula-output/traces/dead_panic.ndjson	traces/dead_panic.ndjson	file	0664	1789298849038199373	95826	589da6adcb97ad6d2c603f238cf8c3053b937ab611d73f298dbe8a9e04f0a88b		copy	run-evidence		{}
specula/runs/nvflare-fedavg-20260913/nvflare-fedavg/.specula-output/traces/dead_permitted.ndjson	traces/dead_permitted.ndjson	file	0664	1789298849029199481	121788	7a9256ccc03528a303da78fd697a9c18e20534127b8b26dc37caf2282b7a831a		copy	run-evidence		{}
specula/runs/nvflare-fedavg-20260913/nvflare-fedavg/.specula-output/traces/delivery_retry.ndjson	traces/delivery_retry.ndjson	file	0664	1789298849051199217	196034	eee1ccff1309700bd9e20712f338317e726bdfc7675cdcc3ae821a4f62c51fcd		copy	run-evidence		{}
specula/runs/nvflare-fedavg-20260913/nvflare-fedavg/.specula-output/traces/dynamic_error.ndjson	traces/dynamic_error.ndjson	file	0664	1789298849006199756	53752	fbcb807e8d7ef1c0b090d7d5c28536d3f89318d9179edd5bb895fbdc6c722d52		copy	run-evidence		{}
specula/runs/nvflare-fedavg-20260913/nvflare-fedavg/.specula-output/traces/empty_metrics.ndjson	traces/empty_metrics.ndjson	file	0664	1789298848864201456	172355	e7dc462132ca8773b3db27b6d540146b0905695c10911546db58e5d8c88899dd		copy	run-evidence		{}
specula/runs/nvflare-fedavg-20260913/nvflare-fedavg/.specula-output/traces/empty_params.ndjson	traces/empty_params.ndjson	file	0664	1789298848838201767	155410	caff48e1e3dbd8d60e96cc0cfd95b866f16eba204e9cd8fb885660823f8a830b		copy	run-evidence		{}
specula/runs/nvflare-fedavg-20260913/nvflare-fedavg/.specula-output/traces/filter_cancellation.ndjson	traces/filter_cancellation.ndjson	file	0664	1789298848979200079	128054	5e4770f279e7734ff3cc00b96d77ce2cda862e098cac03253223caab9b4712de		copy	run-evidence		{}
specula/runs/nvflare-fedavg-20260913/nvflare-fedavg/.specula-output/traces/late_evicted_retry.ndjson	traces/late_evicted_retry.ndjson	file	0664	1789298848967200223	528442	8b4c011cc588976ec08ff1850be73b41343fe138c5536dffdf12c639ec347e3c		copy	run-evidence		{}
specula/runs/nvflare-fedavg-20260913/nvflare-fedavg/.specula-output/traces/late_retained_retry.ndjson	traces/late_retained_retry.ndjson	file	0664	1789298849135198212	526132	4d7748d05a141d5a5c99169ef2d170cf19576e5d60a057dd6d8539c49e9b6da6		copy	run-evidence		{}
specula/runs/nvflare-fedavg-20260913/nvflare-fedavg/.specula-output/traces/lost_ack_live.ndjson	traces/lost_ack_live.ndjson	file	0664	1789298848929200678	196909	a0b34479a2c626ae51d68e0e1d7e17a40199a8341443bb53eb2e6cdfd757a6b3		copy	run-evidence		{}
specula/runs/nvflare-fedavg-20260913/nvflare-fedavg/.specula-output/traces/lost_ack_retired.ndjson	traces/lost_ack_retired.ndjson	file	0664	1789298848941200534	118169	7bf5deb99c68637bd6b68f1ddbaf0579edc6596a4cbb8655f300ea0c1001fe0c		copy	run-evidence		{}
specula/runs/nvflare-fedavg-20260913/nvflare-fedavg/.specula-output/traces/metric_preparation_failure.ndjson	traces/metric_preparation_failure.ndjson	file	0664	1789298848901201013	169613	74acbfe00c01d1bb2728fad97fc8ff8ca3965993c36244f978bfa9644a0d7031		copy	run-evidence		{}
specula/runs/nvflare-fedavg-20260913/nvflare-fedavg/.specula-output/traces/metric_value_failure.ndjson	traces/metric_value_failure.ndjson	file	0664	1789298848914200857	173922	8fbf91d0d68c93c00a162714ef3ad3d630d2a2aedee6a1acfeef886f71b866e2		copy	run-evidence		{}
specula/runs/nvflare-fedavg-20260913/nvflare-fedavg/.specula-output/traces/missing_live_recovery.ndjson	traces/missing_live_recovery.ndjson	file	0664	1789298849098198654	209694	55a9a2a0e75156be97b3c88bf991a993c85df5c35f8868f25da4fec776d89a01		copy	run-evidence		{}
specula/runs/nvflare-fedavg-20260913/nvflare-fedavg/.specula-output/traces/normal_staggered.ndjson	traces/normal_staggered.ndjson	file	0664	1789298848823201946	500564	2ef61a73a1ce0767ff098d680eed4489f12719cdabb71aea2f3e0d9cc3ff9d7a		copy	run-evidence		{}
specula/runs/nvflare-fedavg-20260913/nvflare-fedavg/.specula-output/traces/partial_param_allocation.ndjson	traces/partial_param_allocation.ndjson	file	0664	1789298848889201156	164729	c7d9f6458a9cda3bdd9d4fa173ba30c88bbe8bde4a89ea969d3161db43073013		copy	run-evidence		{}
specula/runs/nvflare-fedavg-20260913/nvflare-fedavg/.specula-output/traces/protect_allocation_failure.ndjson	traces/protect_allocation_failure.ndjson	file	0664	1789298849059199121	59257	33940608b6f70b45bf66bc489b28807dc2ad258af342e8f902cf0af9e52fe694		copy	run-evidence		{}
specula/runs/nvflare-fedavg-20260913/nvflare-fedavg/.specula-output/traces/request_retired_while_waiting.ndjson	traces/request_retired_while_waiting.ndjson	file	0664	1789298849081198858	135369	5f263049a47564769c9c86617f696ce4ffdede71c6637c4f7a2468e86620f8f4		copy	run-evidence		{}
specula/runs/nvflare-fedavg-20260913/nvflare-fedavg/.specula-output/traces/resilient_error.ndjson	traces/resilient_error.ndjson	file	0664	1789298849019199600	151536	68bfa200afcd1be057724cd2a450b416060801d11610d50be45019346efd6ab8		copy	run-evidence		{}
