source_path	destination_path	type	mode	mtime_ns	size	sha256	symlink_target	action	classification	reason	encoded
specula/runs/nvflare-transfer-20260913/nvflare-transfer/.specula-output/.tlc-tasks/jobs/01487512d4604168920b54b087b5fc06/request.json	.tlc-tasks/jobs/01487512d4604168920b54b087b5fc06/request.json	file	0664	1789312942868452071	507	14cffb8792d73576eb82e1d03611b3727d2bc922f1041e891b47d930dc39219b		copy	run-evidence		{}
specula/runs/nvflare-transfer-20260913/nvflare-transfer/.specula-output/.tlc-tasks/jobs/01487512d4604168920b54b087b5fc06/result.json	.tlc-tasks/jobs/01487512d4604168920b54b087b5fc06/result.json	file	0664	1789312945129425991	692	bf4e93627f3c7d4b51c46cbbc6d3927d9faca51ccb8d289073a34c97ebd7c79f		copy	run-evidence		{}
specula/runs/nvflare-transfer-20260913/nvflare-transfer/.specula-output/.tlc-tasks/jobs/01487512d4604168920b54b087b5fc06/tlc.log	.tlc-tasks/jobs/01487512d4604168920b54b087b5fc06/tlc.log	file	0664	1789312944601432083	5663	bc488303d90d559063c9634d78df3ddabc1c0978e98d40923265e95f4f78eba8		copy	run-evidence		{}
specula/runs/nvflare-transfer-20260913/nvflare-transfer/.specula-output/.tlc-tasks/jobs/06c7e653d99e46deb73ad23af4e6f740/request.json	.tlc-tasks/jobs/06c7e653d99e46deb73ad23af4e6f740/request.json	file	0664	1789313995349737363	525	b0922a4d45f08f0f2d4e970ded33a0fe38180cb347a09b861906d798fcdfb8c6		copy	run-evidence		{}
specula/runs/nvflare-transfer-20260913/nvflare-transfer/.specula-output/.tlc-tasks/jobs/06c7e653d99e46deb73ad23af4e6f740/result.json	.tlc-tasks/jobs/06c7e653d99e46deb73ad23af4e6f740/result.json	file	0664	1789313999013691471	693	7b5fa468270a232d4ab14ebce14b40440f3471a9f6efdd5d8e0312e4867efe1e		copy	run-evidence		{}
specula/runs/nvflare-transfer-20260913/nvflare-transfer/.specula-output/.tlc-tasks/jobs/06c7e653d99e46deb73ad23af4e6f740/tlc.log	.tlc-tasks/jobs/06c7e653d99e46deb73ad23af4e6f740/tlc.log	file	0664	1789313998413698986	5694	7fcf7b0c352d9678334f4bba1ea6a18bfed8c4bf8d4a2af3e30a7afbe607c4f2		copy	run-evidence		{}
specula/runs/nvflare-transfer-20260913/nvflare-transfer/.specula-output/.tlc-tasks/jobs/09af1af5eef94da8a6891976bd9c5d76/request.json	.tlc-tasks/jobs/09af1af5eef94da8a6891976bd9c5d76/request.json	file	0664	1789315926065990690	689	26d67db3f70e521f8892da46e88749c1c51317bde866fc3fc79a05011a932c77		copy	run-evidence		{}
specula/runs/nvflare-transfer-20260913/nvflare-transfer/.specula-output/.tlc-tasks/jobs/09af1af5eef94da8a6891976bd9c5d76/result.json	.tlc-tasks/jobs/09af1af5eef94da8a6891976bd9c5d76/result.json	file	0664	1789317745935797388	695	d39fee47e55a723f3dd4bc44eeca62a450530fe2838645c1cc6b33710e1f61e7		copy	run-evidence		{}
specula/runs/nvflare-transfer-20260913/nvflare-transfer/.specula-output/.tlc-tasks/jobs/09af1af5eef94da8a6891976bd9c5d76/tlc.log	.tlc-tasks/jobs/09af1af5eef94da8a6891976bd9c5d76/tlc.log	file	0664	1789317675114614198	9146	62f88875621d5574089fc3ab7eda839490d7c8d72fe1b2b138a7066fb67c6eca		copy	run-evidence		{}
specula/runs/nvflare-transfer-20260913/nvflare-transfer/.specula-output/.tlc-tasks/jobs/1005c9babf3942a0aca637fef20c5293/request.json	.tlc-tasks/jobs/1005c9babf3942a0aca637fef20c5293/request.json	file	0664	1789313499393913358	497	4befb261d8bfa1154e17dff77f3ea97d05b5c7603fa9cfa28df26ccedfb1f181		copy	run-evidence		{}
specula/runs/nvflare-transfer-20260913/nvflare-transfer/.specula-output/.tlc-tasks/jobs/1005c9babf3942a0aca637fef20c5293/result.json	.tlc-tasks/jobs/1005c9babf3942a0aca637fef20c5293/result.json	file	0664	1789313501653886987	692	398f29a6b62285c28da6a19e051c4ebc6cc05908ddd121c4c30a1cdcfc185186		copy	run-evidence		{}
specula/runs/nvflare-transfer-20260913/nvflare-transfer/.specula-output/.tlc-tasks/jobs/1005c9babf3942a0aca637fef20c5293/tlc.log	.tlc-tasks/jobs/1005c9babf3942a0aca637fef20c5293/tlc.log	file	0664	1789313501140892972	5631	b1780578f8a3df739f4aaf5959b367f12e71f152de49baaa8bff3e516d788157		copy	run-evidence		{}
specula/runs/nvflare-transfer-20260913/nvflare-transfer/.specula-output/.tlc-tasks/jobs/1368b89cbe64477c80ac69350417dd3e/request.json	.tlc-tasks/jobs/1368b89cbe64477c80ac69350417dd3e/request.json	file	0664	1789312564022829420	497	bbf3a8ca7fac4d3eca18c27486a6d66cf73ba40d4d57c787d53d8890a3cd7dfe		copy	run-evidence		{}
specula/runs/nvflare-transfer-20260913/nvflare-transfer/.specula-output/.tlc-tasks/jobs/1368b89cbe64477c80ac69350417dd3e/result.json	.tlc-tasks/jobs/1368b89cbe64477c80ac69350417dd3e/result.json	file	0664	1789312566481800345	692	5b585f9f27665af9e148f60f81ea8dcbf624fea384d0eb6a7a8fbf996ca13ab6		copy	run-evidence		{}
specula/runs/nvflare-transfer-20260913/nvflare-transfer/.specula-output/.tlc-tasks/jobs/1368b89cbe64477c80ac69350417dd3e/tlc.log	.tlc-tasks/jobs/1368b89cbe64477c80ac69350417dd3e/tlc.log	file	0664	1789312565791808503	5643	abac04c5f2feb8d3c0cf6bc19d1133469ed4164b1d7b6eb0cfd625b6056ff756		copy	run-evidence		{}
specula/runs/nvflare-transfer-20260913/nvflare-transfer/.specula-output/.tlc-tasks/jobs/16fade79593a4031b64c516ba96c8f3b/request.json	.tlc-tasks/jobs/16fade79593a4031b64c516ba96c8f3b/request.json	file	0664	1789313508715807770	503	8c590e046eccf1c22cc30a91cea80b2c4bb178a5294a58d13b7d2abca991d977		copy	run-evidence		{}
specula/runs/nvflare-transfer-20260913/nvflare-transfer/.specula-output/.tlc-tasks/jobs/16fade79593a4031b64c516ba96c8f3b/result.json	.tlc-tasks/jobs/16fade79593a4031b64c516ba96c8f3b/result.json	file	0664	1789313510774783946	692	9fc78274a4d679bed33da98b6a9d8e1d4c096e02d21a21ea07cf13409e258592		copy	run-evidence		{}
specula/runs/nvflare-transfer-20260913/nvflare-transfer/.specula-output/.tlc-tasks/jobs/16fade79593a4031b64c516ba96c8f3b/tlc.log	.tlc-tasks/jobs/16fade79593a4031b64c516ba96c8f3b/tlc.log	file	0664	1789313510316789332	5645	5d0529b2558300626bc005996e97a5bc44447cd5340bfdcf64bbbc27df3469b5		copy	run-evidence		{}
specula/runs/nvflare-transfer-20260913/nvflare-transfer/.specula-output/.tlc-tasks/jobs/1d65eb02c07c41739380fce67a6301d0/request.json	.tlc-tasks/jobs/1d65eb02c07c41739380fce67a6301d0/request.json	file	0664	1789312831804744913	499	5281a4998a3f86c93de3792219a933bf65ccff9b41316b5380e3996529d9b739		copy	run-evidence		{}
specula/runs/nvflare-transfer-20260913/nvflare-transfer/.specula-output/.tlc-tasks/jobs/1d65eb02c07c41739380fce67a6301d0/result.json	.tlc-tasks/jobs/1d65eb02c07c41739380fce67a6301d0/result.json	file	0664	1789312833663722857	693	1b4a844bb570fac0c4b9e679164ce2094f44ec2b67f5045876ab6cff4f37457b		copy	run-evidence		{}
specula/runs/nvflare-transfer-20260913/nvflare-transfer/.specula-output/.tlc-tasks/jobs/1d65eb02c07c41739380fce67a6301d0/tlc.log	.tlc-tasks/jobs/1d65eb02c07c41739380fce67a6301d0/tlc.log	file	0664	1789312833052730106	5628	4b358de37b49ff6e763768791743312315897bc31ceb4c17ca8a4e7dbaf1b654		copy	run-evidence		{}
specula/runs/nvflare-transfer-20260913/nvflare-transfer/.specula-output/.tlc-tasks/jobs/1f71f110d6db4bc3a7e3027fb590b0d8/request.json	.tlc-tasks/jobs/1f71f110d6db4bc3a7e3027fb590b0d8/request.json	file	0664	1789313995361737213	508	c04df408ce3dd4890c9bb11972e0a3d26e39b0a98a8ffcbd7b55960e72ce4c5a		copy	run-evidence		{}
specula/runs/nvflare-transfer-20260913/nvflare-transfer/.specula-output/.tlc-tasks/jobs/1f71f110d6db4bc3a7e3027fb590b0d8/result.json	.tlc-tasks/jobs/1f71f110d6db4bc3a7e3027fb590b0d8/result.json	file	0664	1789313999025691320	693	1ae0bef95a857a2bd92b4f3fe6705e1a670658cadaf421534044845325480ca4		copy	run-evidence		{}
specula/runs/nvflare-transfer-20260913/nvflare-transfer/.specula-output/.tlc-tasks/jobs/1f71f110d6db4bc3a7e3027fb590b0d8/tlc.log	.tlc-tasks/jobs/1f71f110d6db4bc3a7e3027fb590b0d8/tlc.log	file	0664	1789313998527697558	5645	8eba99695949f7e7ab99b04a1292322d5b089e6349df65f8472f31abd71fb319		copy	run-evidence		{}
specula/runs/nvflare-transfer-20260913/nvflare-transfer/.specula-output/.tlc-tasks/jobs/236fc386f5714669b13ee191701fa209/request.json	.tlc-tasks/jobs/236fc386f5714669b13ee191701fa209/request.json	file	0664	1789313496286949612	505	0ec084d789e373a790cea208d7af6f161db83464357e040c28215992d035e9af		copy	run-evidence		{}
specula/runs/nvflare-transfer-20260913/nvflare-transfer/.specula-output/.tlc-tasks/jobs/236fc386f5714669b13ee191701fa209/result.json	.tlc-tasks/jobs/236fc386f5714669b13ee191701fa209/result.json	file	0664	1789313498747920898	693	e7216ca8631bc4b225aedf6d2c77ba67274e5bdabe9ae45bee9e5c83714dd313		copy	run-evidence		{}
specula/runs/nvflare-transfer-20260913/nvflare-transfer/.specula-output/.tlc-tasks/jobs/236fc386f5714669b13ee191701fa209/tlc.log	.tlc-tasks/jobs/236fc386f5714669b13ee191701fa209/tlc.log	file	0664	1789313498056928958	5659	e2d6a080b541ea269c8c79b5ddc276687f54f2a610a79183443dbbda00a67016		copy	run-evidence		{}
specula/runs/nvflare-transfer-20260913/nvflare-transfer/.specula-output/.tlc-tasks/jobs/24e72f00a5f14ebbb1737c50a3566827/request.json	.tlc-tasks/jobs/24e72f00a5f14ebbb1737c50a3566827/request.json	file	0664	1789313519141687511	510	d1e037f8d8b62bbdbcab5f324fc3050af6c94c8f4d685a5f84568b18106378c4		copy	run-evidence		{}
specula/runs/nvflare-transfer-20260913/nvflare-transfer/.specula-output/.tlc-tasks/jobs/24e72f00a5f14ebbb1737c50a3566827/result.json	.tlc-tasks/jobs/24e72f00a5f14ebbb1737c50a3566827/result.json	file	0664	1789313521401661007	693	ce7195759c9d0211b81d872aee00b4014a63c0eb0dfbd28ac3a7410c6f356dc2		copy	run-evidence		{}
specula/runs/nvflare-transfer-20260913/nvflare-transfer/.specula-output/.tlc-tasks/jobs/24e72f00a5f14ebbb1737c50a3566827/tlc.log	.tlc-tasks/jobs/24e72f00a5f14ebbb1737c50a3566827/tlc.log	file	0664	1789313520883667082	5670	a6b0578fcd0e94aaf94334e61cf0ee6110829d745f5cb28aed4dec869aa5ce81		copy	run-evidence		{}
specula/runs/nvflare-transfer-20260913/nvflare-transfer/.specula-output/.tlc-tasks/jobs/2556735213724892b67881fb5e34f9ee/request.json	.tlc-tasks/jobs/2556735213724892b67881fb5e34f9ee/request.json	file	0664	1789313139297164523	488	ac4c5ac6497ec308dea38dab3b6c5b2ce62185216c55330309b2d851e6025d14		copy	run-evidence		{}
specula/runs/nvflare-transfer-20260913/nvflare-transfer/.specula-output/.tlc-tasks/jobs/2556735213724892b67881fb5e34f9ee/result.json	.tlc-tasks/jobs/2556735213724892b67881fb5e34f9ee/result.json	file	0664	1789313141157142746	694	6096149660ecb488e8215f28686e1c13b2e87345679e67a6f0cb94c83d48d322		copy	run-evidence		{}
specula/runs/nvflare-transfer-20260913/nvflare-transfer/.specula-output/.tlc-tasks/jobs/2556735213724892b67881fb5e34f9ee/tlc.log	.tlc-tasks/jobs/2556735213724892b67881fb5e34f9ee/tlc.log	file	0664	1789313140558149760	27790	b86d3d8af292cff3a911be25400f1893f591cc9a1786847e6a9fcea9360f5ece		copy	run-evidence		{}
specula/runs/nvflare-transfer-20260913/nvflare-transfer/.specula-output/.tlc-tasks/jobs/278ca9756fbc438c9d1b37f9da2f4bd5/request.json	.tlc-tasks/jobs/278ca9756fbc438c9d1b37f9da2f4bd5/request.json	file	0664	1789312931440590061	508	b4712d40b36fde5c4dae567cd9aeb0222b47be01340487c35c423209d363ceaf		copy	run-evidence		{}
specula/runs/nvflare-transfer-20260913/nvflare-transfer/.specula-output/.tlc-tasks/jobs/278ca9756fbc438c9d1b37f9da2f4bd5/result.json	.tlc-tasks/jobs/278ca9756fbc438c9d1b37f9da2f4bd5/result.json	file	0664	1789312933499566235	693	ba6d96c1305262645af32beeb16ecaa045b58b942c64670d339166112e18617a		copy	run-evidence		{}
specula/runs/nvflare-transfer-20260913/nvflare-transfer/.specula-output/.tlc-tasks/jobs/278ca9756fbc438c9d1b37f9da2f4bd5/tlc.log	.tlc-tasks/jobs/278ca9756fbc438c9d1b37f9da2f4bd5/tlc.log	file	0664	1789312932848573768	5661	cc12f1afa4b2ca07f623d24e082dff7d643a999d39417d3a07b5df6e9a44690c		copy	run-evidence		{}
specula/runs/nvflare-transfer-20260913/nvflare-transfer/.specula-output/.tlc-tasks/jobs/2b6509f9ea22405ca80958ca2f49696f/request.json	.tlc-tasks/jobs/2b6509f9ea22405ca80958ca2f49696f/request.json	file	0664	1789313995372737075	518	0045083fd0a296620fa93c18c5232770c1edcc780d40c94cd2106d3be77c80b7		copy	run-evidence		{}
specula/runs/nvflare-transfer-20260913/nvflare-transfer/.specula-output/.tlc-tasks/jobs/2b6509f9ea22405ca80958ca2f49696f/result.json	.tlc-tasks/jobs/2b6509f9ea22405ca80958ca2f49696f/result.json	file	0664	1789313999236688678	693	ad7f66702d12f287e270d7b2a104806edfa539a6b4d4f1627ab976c782b4b048		copy	run-evidence		{}
specula/runs/nvflare-transfer-20260913/nvflare-transfer/.specula-output/.tlc-tasks/jobs/2b6509f9ea22405ca80958ca2f49696f/tlc.log	.tlc-tasks/jobs/2b6509f9ea22405ca80958ca2f49696f/tlc.log	file	0664	1789313998547697307	5664	d6cda76cd24abfc77f361eaeddf91b6e57698324319cbaa06ddc2e4e479bf120		copy	run-evidence		{}
specula/runs/nvflare-transfer-20260913/nvflare-transfer/.specula-output/.tlc-tasks/jobs/3019e10e8de944bdae06ce4125896614/request.json	.tlc-tasks/jobs/3019e10e8de944bdae06ce4125896614/request.json	file	0664	1789312936653525889	496	a1299cea4829ddce9d4c9bb310cc4f241a27e92a842330bb54e956931d83b61c		copy	run-evidence		{}
specula/runs/nvflare-transfer-20260913/nvflare-transfer/.specula-output/.tlc-tasks/jobs/3019e10e8de944bdae06ce4125896614/result.json	.tlc-tasks/jobs/3019e10e8de944bdae06ce4125896614/result.json	file	0664	1789312938913497707	693	92a13b39a49c3c9f3393eff369ab8609cc2be1c0b500d978eba5c38b2a7ed736		copy	run-evidence		{}
specula/runs/nvflare-transfer-20260913/nvflare-transfer/.specula-output/.tlc-tasks/jobs/3019e10e8de944bdae06ce4125896614/tlc.log	.tlc-tasks/jobs/3019e10e8de944bdae06ce4125896614/tlc.log	file	0664	1789312938375503915	5631	dce786302caa842af51788f61cce89b3887b8804d7f796ec00a23c713fe4fba7		copy	run-evidence		{}
specula/runs/nvflare-transfer-20260913/nvflare-transfer/.specula-output/.tlc-tasks/jobs/316d2d1cd38049eb81e283f7f1219f77/request.json	.tlc-tasks/jobs/316d2d1cd38049eb81e283f7f1219f77/request.json	file	0664	1789313995352737325	520	dbd2efedb44c11f37fe3008bbdd22fcd11cf5c5a627b8e2c9cdc98df679975db		copy	run-evidence		{}
specula/runs/nvflare-transfer-20260913/nvflare-transfer/.specula-output/.tlc-tasks/jobs/316d2d1cd38049eb81e283f7f1219f77/result.json	.tlc-tasks/jobs/316d2d1cd38049eb81e283f7f1219f77/result.json	file	0664	1789313998415698961	693	72caf1a51afbc317efe0c5c03ba02bcf2804f7fd6607f25a3ddecaf693a1380c		copy	run-evidence		{}
specula/runs/nvflare-transfer-20260913/nvflare-transfer/.specula-output/.tlc-tasks/jobs/316d2d1cd38049eb81e283f7f1219f77/tlc.log	.tlc-tasks/jobs/316d2d1cd38049eb81e283f7f1219f77/tlc.log	file	0664	1789313997836706213	5675	e8dcc2bf5e4c5d77e542b84ca5330337825a440ccb709ca7fed21009673bb374		copy	run-evidence		{}
specula/runs/nvflare-transfer-20260913/nvflare-transfer/.specula-output/.tlc-tasks/jobs/359971044c324161a94f37c45fa93ddf/request.json	.tlc-tasks/jobs/359971044c324161a94f37c45fa93ddf/request.json	file	0664	1789315925734993610	689	6d413329abf86923f6ee0620139a3ae3161dd174f5b2c8a8870ecfb6f8bd74c5		copy	run-evidence		{}
specula/runs/nvflare-transfer-20260913/nvflare-transfer/.specula-output/.tlc-tasks/jobs/359971044c324161a94f37c45fa93ddf/result.json	.tlc-tasks/jobs/359971044c324161a94f37c45fa93ddf/result.json	file	0664	1789315928597968351	694	0761e9d101d6fdb6aed680cd13e92963784a432a8fca8ede776323c326190262		copy	run-evidence		{}
specula/runs/nvflare-transfer-20260913/nvflare-transfer/.specula-output/.tlc-tasks/jobs/359971044c324161a94f37c45fa93ddf/tlc.log	.tlc-tasks/jobs/359971044c324161a94f37c45fa93ddf/tlc.log	file	0664	1789315928049973186	287572	b36c9a89c37e1172b9b54630db2991ed7bee159180322f2373c9e0933bbd805a		copy	run-evidence		{}
specula/runs/nvflare-transfer-20260913/nvflare-transfer/.specula-output/.tlc-tasks/jobs/3da80474f2ae4a19bb4b498df6c1bad3/request.json	.tlc-tasks/jobs/3da80474f2ae4a19bb4b498df6c1bad3/request.json	file	0664	1789313995370737100	509	0b0a20fe8474eaa6e85deaac62d8703a5d86a9f6aafa0ca8f55c54b6c756abe7		copy	run-evidence		{}
specula/runs/nvflare-transfer-20260913/nvflare-transfer/.specula-output/.tlc-tasks/jobs/3da80474f2ae4a19bb4b498df6c1bad3/result.json	.tlc-tasks/jobs/3da80474f2ae4a19bb4b498df6c1bad3/result.json	file	0664	1789313999035691195	692	d7db4a2419af639012fcfa301639810f57b0db8c90fee37b8c10938b0772e0ca		copy	run-evidence		{}
specula/runs/nvflare-transfer-20260913/nvflare-transfer/.specula-output/.tlc-tasks/jobs/3da80474f2ae4a19bb4b498df6c1bad3/tlc.log	.tlc-tasks/jobs/3da80474f2ae4a19bb4b498df6c1bad3/tlc.log	file	0664	1789313998450698522	5646	0d22bbb2ab751b1097be76cc88863924dba53b638a9f4d573f9e7c8466d07d2b		copy	run-evidence		{}
specula/runs/nvflare-transfer-20260913/nvflare-transfer/.specula-output/.tlc-tasks/jobs/414f6689d5634a9d88d04d5134fb21e6/request.json	.tlc-tasks/jobs/414f6689d5634a9d88d04d5134fb21e6/request.json	file	0664	1789312939761487922	509	ccf62bf5447cb4feb07fe6dfe556807a149f54624307dbc1fe88f13ee00ac155		copy	run-evidence		{}
specula/runs/nvflare-transfer-20260913/nvflare-transfer/.specula-output/.tlc-tasks/jobs/414f6689d5634a9d88d04d5134fb21e6/result.json	.tlc-tasks/jobs/414f6689d5634a9d88d04d5134fb21e6/result.json	file	0664	1789312942021461843	693	31e9609949cd61b354a0151b597ec7f49ddb202d1bc0b97055c7131f54509002		copy	run-evidence		{}
specula/runs/nvflare-transfer-20260913/nvflare-transfer/.specula-output/.tlc-tasks/jobs/414f6689d5634a9d88d04d5134fb21e6/tlc.log	.tlc-tasks/jobs/414f6689d5634a9d88d04d5134fb21e6/tlc.log	file	0664	1789312941478468109	5654	7e7c72dc8a141aac9d83ede669176978d2cc09c7bed2fb72f867490df955aef5		copy	run-evidence		{}
specula/runs/nvflare-transfer-20260913/nvflare-transfer/.specula-output/.tlc-tasks/jobs/4c9dcdd22c6e4dbea826f46a7147297b/request.json	.tlc-tasks/jobs/4c9dcdd22c6e4dbea826f46a7147297b/request.json	file	0664	1789314043866140718	516	2949532e7f5f7ab07a1195668d668009670d4b65dbee7b3b31836ee35d694f40		copy	run-evidence		{}
specula/runs/nvflare-transfer-20260913/nvflare-transfer/.specula-output/.tlc-tasks/jobs/4c9dcdd22c6e4dbea826f46a7147297b/result.json	.tlc-tasks/jobs/4c9dcdd22c6e4dbea826f46a7147297b/result.json	file	0664	1789315865246537753	694	af3d8c54b5d9da283a0424f1de629f29e4552dcd1a9320a1ffd6decc1936037f		copy	run-evidence		{}
specula/runs/nvflare-transfer-20260913/nvflare-transfer/.specula-output/.tlc-tasks/jobs/4c9dcdd22c6e4dbea826f46a7147297b/tlc.log	.tlc-tasks/jobs/4c9dcdd22c6e4dbea826f46a7147297b/tlc.log	file	0664	1789315792687157828	8840	d5bdcefa0da3fdfaa0f59540c9a1950975de9dc028b5832884e71f43b90d092b		copy	run-evidence		{}
specula/runs/nvflare-transfer-20260913/nvflare-transfer/.specula-output/.tlc-tasks/jobs/4d7368ca67934bacbf6b8007fb9530f7/request.json	.tlc-tasks/jobs/4d7368ca67934bacbf6b8007fb9530f7/request.json	file	0664	1789313528678575822	490	2e92188495e3acccaee2aaa2c422d7f81a23f05854357545d6fd3d166cf4ef73		copy	run-evidence		{}
specula/runs/nvflare-transfer-20260913/nvflare-transfer/.specula-output/.tlc-tasks/jobs/4d7368ca67934bacbf6b8007fb9530f7/result.json	.tlc-tasks/jobs/4d7368ca67934bacbf6b8007fb9530f7/result.json	file	0664	1789313530538554192	693	3eee2515e12c44773baf67d7d66742df73fc6fcf1d5c5d6bb9da67e8bd4361f9		copy	run-evidence		{}
specula/runs/nvflare-transfer-20260913/nvflare-transfer/.specula-output/.tlc-tasks/jobs/4d7368ca67934bacbf6b8007fb9530f7/tlc.log	.tlc-tasks/jobs/4d7368ca67934bacbf6b8007fb9530f7/tlc.log	file	0664	1789313529927561297	27767	24c706dca8a7401574abecb203ee038dc1f222b9f5118bda61d285801d376ff6		copy	run-evidence		{}
specula/runs/nvflare-transfer-20260913/nvflare-transfer/.specula-output/.tlc-tasks/jobs/6649e1c97eea49c4b1c0db3c78ff06f9/request.json	.tlc-tasks/jobs/6649e1c97eea49c4b1c0db3c78ff06f9/request.json	file	0664	1789313522249651061	502	d8e4e9d320b9c1eb24555685caa0fcccd21ebf04c7c368a8650f28ce9f87747f		copy	run-evidence		{}
specula/runs/nvflare-transfer-20260913/nvflare-transfer/.specula-output/.tlc-tasks/jobs/6649e1c97eea49c4b1c0db3c78ff06f9/result.json	.tlc-tasks/jobs/6649e1c97eea49c4b1c0db3c78ff06f9/result.json	file	0664	1789313524309626901	693	f44603bf3d0e7554a1e84d50b633a860b24e53d616c44664b145f3c266deda2d		copy	run-evidence		{}
specula/runs/nvflare-transfer-20260913/nvflare-transfer/.specula-output/.tlc-tasks/jobs/6649e1c97eea49c4b1c0db3c78ff06f9/tlc.log	.tlc-tasks/jobs/6649e1c97eea49c4b1c0db3c78ff06f9/tlc.log	file	0664	1789313523670634396	5636	609a69d0d29611e874307ca83b40e3317137bf38fbfdcd95a2e2713bb502298f		copy	run-evidence		{}
specula/runs/nvflare-transfer-20260913/nvflare-transfer/.specula-output/.tlc-tasks/jobs/68fc4d1b61ba430e937e18d3137e87d8/request.json	.tlc-tasks/jobs/68fc4d1b61ba430e937e18d3137e87d8/request.json	file	0664	1789312807844021685	497	26a6a4c2b0ccf6e91e7a75914b0d3ed3eb7652c8c7fd16252d0a2ba252910065		copy	run-evidence		{}
specula/runs/nvflare-transfer-20260913/nvflare-transfer/.specula-output/.tlc-tasks/jobs/68fc4d1b61ba430e937e18d3137e87d8/result.json	.tlc-tasks/jobs/68fc4d1b61ba430e937e18d3137e87d8/result.json	file	0664	1789312810104995676	693	65d4e0168dc3ad9c32676d64696c35340b8444381163ec03fe5d42028f4463a0		copy	run-evidence		{}
specula/runs/nvflare-transfer-20260913/nvflare-transfer/.specula-output/.tlc-tasks/jobs/68fc4d1b61ba430e937e18d3137e87d8/tlc.log	.tlc-tasks/jobs/68fc4d1b61ba430e937e18d3137e87d8/tlc.log	file	0664	1789312809560001944	5644	acbca63939e9c9995148304d5c61f7678704ef566232d509cf7839c779b59c45		copy	run-evidence		{}
specula/runs/nvflare-transfer-20260913/nvflare-transfer/.specula-output/.tlc-tasks/jobs/6aba398ddc6d48caaa3a4a2cbce986ef/request.json	.tlc-tasks/jobs/6aba398ddc6d48caaa3a4a2cbce986ef/request.json	file	0664	1789313530802551121	491	8189082a39b6e39a960fddf30eb4d8c711146298b16d0f2173dca7c200d9f62c		copy	run-evidence		{}
specula/runs/nvflare-transfer-20260913/nvflare-transfer/.specula-output/.tlc-tasks/jobs/6aba398ddc6d48caaa3a4a2cbce986ef/result.json	.tlc-tasks/jobs/6aba398ddc6d48caaa3a4a2cbce986ef/result.json	file	0664	1789313532662529492	694	8a6ded180b66423706b9c638701a6f0ccb6f274e439e7e015f7221ce579bbd7b		copy	run-evidence		{}
specula/runs/nvflare-transfer-20260913/nvflare-transfer/.specula-output/.tlc-tasks/jobs/6aba398ddc6d48caaa3a4a2cbce986ef/tlc.log	.tlc-tasks/jobs/6aba398ddc6d48caaa3a4a2cbce986ef/tlc.log	file	0664	1789313532085536201	27782	a7226a84273654a0f988491fce9c6ddc3cdf28a12090b4caf050302245e34f51		copy	run-evidence		{}
specula/runs/nvflare-transfer-20260913/nvflare-transfer/.specula-output/.tlc-tasks/jobs/6c0be7524ec4457abb3a96047058fa48/request.json	.tlc-tasks/jobs/6c0be7524ec4457abb3a96047058fa48/request.json	file	0664	1789312829698769726	503	c7d2dc9e975193e94e43d2a46e8c689f197835410e6d6eccaa48016ed3613911		copy	run-evidence		{}
specula/runs/nvflare-transfer-20260913/nvflare-transfer/.specula-output/.tlc-tasks/jobs/6c0be7524ec4457abb3a96047058fa48/result.json	.tlc-tasks/jobs/6c0be7524ec4457abb3a96047058fa48/result.json	file	0664	1789312831757745470	693	ab42614d57b293a17475b174a8007dce7f0675fdb5cd7782e42006d89b223845		copy	run-evidence		{}
specula/runs/nvflare-transfer-20260913/nvflare-transfer/.specula-output/.tlc-tasks/jobs/6c0be7524ec4457abb3a96047058fa48/tlc.log	.tlc-tasks/jobs/6c0be7524ec4457abb3a96047058fa48/tlc.log	file	0664	1789312831112753123	5635	fe0c365d16eac44b2123949f58acae74e5893f56a10fe8948051c3010d7d8ec9		copy	run-evidence		{}
specula/runs/nvflare-transfer-20260913/nvflare-transfer/.specula-output/.tlc-tasks/jobs/7386dc2ca403499c98ae1512163e28ba/request.json	.tlc-tasks/jobs/7386dc2ca403499c98ae1512163e28ba/request.json	file	0664	1789313995367737137	514	775395b734f89dcf575ed8e665ee43526db16ef5d635c4245d33f315e8f95b11		copy	run-evidence		{}
specula/runs/nvflare-transfer-20260913/nvflare-transfer/.specula-output/.tlc-tasks/jobs/7386dc2ca403499c98ae1512163e28ba/result.json	.tlc-tasks/jobs/7386dc2ca403499c98ae1512163e28ba/result.json	file	0664	1789313999032691233	692	545650743c03c372b19b95888df34cd502e1fb7e1792f5ae70618706a15cd535		copy	run-evidence		{}
specula/runs/nvflare-transfer-20260913/nvflare-transfer/.specula-output/.tlc-tasks/jobs/7386dc2ca403499c98ae1512163e28ba/tlc.log	.tlc-tasks/jobs/7386dc2ca403499c98ae1512163e28ba/tlc.log	file	0664	1789313998423698860	5645	91bfb5be3fb780e89c07117915990daf7e1d7dc5e6445a421e72194177659326		copy	run-evidence		{}
specula/runs/nvflare-transfer-20260913/nvflare-transfer/.specula-output/.tlc-tasks/jobs/7bd0b026548043e8a35fcce2e7fa257b/request.json	.tlc-tasks/jobs/7bd0b026548043e8a35fcce2e7fa257b/request.json	file	0664	1789313995376737025	514	7825ff81c6989e3a0dcfa51bdd667884f582c50d27ee3638cfdd723c78d10802		copy	run-evidence		{}
specula/runs/nvflare-transfer-20260913/nvflare-transfer/.specula-output/.tlc-tasks/jobs/7bd0b026548043e8a35fcce2e7fa257b/result.json	.tlc-tasks/jobs/7bd0b026548043e8a35fcce2e7fa257b/result.json	file	0664	1789313998839693650	693	128fe4a42d8cf7c053f34fd6246ce01f0ec497fd4c23bd8860f10a4c58769bb2		copy	run-evidence		{}
specula/runs/nvflare-transfer-20260913/nvflare-transfer/.specula-output/.tlc-tasks/jobs/7bd0b026548043e8a35fcce2e7fa257b/tlc.log	.tlc-tasks/jobs/7bd0b026548043e8a35fcce2e7fa257b/tlc.log	file	0664	1789313998132702505	5650	fbe38d08cf2b1b92ba68f3a7b1f40efd4a7e79d2490e5bd35f5af1e699b2549c		copy	run-evidence		{}
specula/runs/nvflare-transfer-20260913/nvflare-transfer/.specula-output/.tlc-tasks/jobs/7dc2f72c70f4459dbd8c198e5c2ad1a0/request.json	.tlc-tasks/jobs/7dc2f72c70f4459dbd8c198e5c2ad1a0/request.json	file	0664	1789313995374737050	521	2c44ef2470c26fdcdc2b9247b52f3026eafdc57986cd9baaf3757bd783d6513e		copy	run-evidence		{}
specula/runs/nvflare-transfer-20260913/nvflare-transfer/.specula-output/.tlc-tasks/jobs/7dc2f72c70f4459dbd8c198e5c2ad1a0/result.json	.tlc-tasks/jobs/7dc2f72c70f4459dbd8c198e5c2ad1a0/result.json	file	0664	1789313999237688665	693	0a8a213d11766653c6679effbd23f161d5a7317aabc235bbc1da4322e1abfbc7		copy	run-evidence		{}
specula/runs/nvflare-transfer-20260913/nvflare-transfer/.specula-output/.tlc-tasks/jobs/7dc2f72c70f4459dbd8c198e5c2ad1a0/tlc.log	.tlc-tasks/jobs/7dc2f72c70f4459dbd8c198e5c2ad1a0/tlc.log	file	0664	1789313998613696480	5657	e7d2c679cf9e4ca2cc32eead90a948ca051cfbec096da2d839841524ec0c7dc7		copy	run-evidence		{}
specula/runs/nvflare-transfer-20260913/nvflare-transfer/.specula-output/.tlc-tasks/jobs/85c8a41072914c23a18af19e5407a9b1/request.json	.tlc-tasks/jobs/85c8a41072914c23a18af19e5407a9b1/request.json	file	0664	1789313995358737250	525	a635e7ed8f7e84f989d4f1b9015d37f52eaf2081217ae29066942d4061eb49ff		copy	run-evidence		{}
specula/runs/nvflare-transfer-20260913/nvflare-transfer/.specula-output/.tlc-tasks/jobs/85c8a41072914c23a18af19e5407a9b1/result.json	.tlc-tasks/jobs/85c8a41072914c23a18af19e5407a9b1/result.json	file	0664	1789313998822693863	693	1e3ec4927762b79b627c40117eb2614b5db1e4fd388f0453784813a62d3de5a6		copy	run-evidence		{}
specula/runs/nvflare-transfer-20260913/nvflare-transfer/.specula-output/.tlc-tasks/jobs/85c8a41072914c23a18af19e5407a9b1/tlc.log	.tlc-tasks/jobs/85c8a41072914c23a18af19e5407a9b1/tlc.log	file	0664	1789313998236701202	5680	3d2bb88767096288f542ca3062687d5680c8de0bc247766fc9137ca0c957e898		copy	run-evidence		{}
specula/runs/nvflare-transfer-20260913/nvflare-transfer/.specula-output/.tlc-tasks/jobs/8f0b757313df444883f7f62adb72b89d/request.json	.tlc-tasks/jobs/8f0b757313df444883f7f62adb72b89d/request.json	file	0664	1789313995363737188	514	ff441f32c7d56571f029b591d9bb23acbf077f72c58c7e2293ec0916d78c8b54		copy	run-evidence		{}
specula/runs/nvflare-transfer-20260913/nvflare-transfer/.specula-output/.tlc-tasks/jobs/8f0b757313df444883f7f62adb72b89d/result.json	.tlc-tasks/jobs/8f0b757313df444883f7f62adb72b89d/result.json	file	0664	1789313999028691283	693	64612fdf74b8b4e691715e08667ef5ffe1bb3125e8b572f0f4b01cd7890af34a		copy	run-evidence		{}
specula/runs/nvflare-transfer-20260913/nvflare-transfer/.specula-output/.tlc-tasks/jobs/8f0b757313df444883f7f62adb72b89d/tlc.log	.tlc-tasks/jobs/8f0b757313df444883f7f62adb72b89d/tlc.log	file	0664	1789313998471698259	5668	85d9c02cd14fc7a60e76651a855d50d593c9e10af782d33ba818eb2655702072		copy	run-evidence		{}
specula/runs/nvflare-transfer-20260913/nvflare-transfer/.specula-output/.tlc-tasks/jobs/912f210b70464536ae29335723aa4e5d/request.json	.tlc-tasks/jobs/912f210b70464536ae29335723aa4e5d/request.json	file	0664	1789312564132828118	510	c6e6fff7e449561dd9e4afea8b551ecdb0a01745f72f152bc853f6a3d54e112f		copy	run-evidence		{}
specula/runs/nvflare-transfer-20260913/nvflare-transfer/.specula-output/.tlc-tasks/jobs/912f210b70464536ae29335723aa4e5d/result.json	.tlc-tasks/jobs/912f210b70464536ae29335723aa4e5d/result.json	file	0664	1789312566591799045	692	b6ac988fc64685143fd1111653c534769e4c3acddad1f8619dd419d9a27a5579		copy	run-evidence		{}
specula/runs/nvflare-transfer-20260913/nvflare-transfer/.specula-output/.tlc-tasks/jobs/912f210b70464536ae29335723aa4e5d/tlc.log	.tlc-tasks/jobs/912f210b70464536ae29335723aa4e5d/tlc.log	file	0664	1789312565940806742	5656	f9418d2124308dd01d3ec8333bd21c7ccde4aedff52ec99171b628de6d86e44a		copy	run-evidence		{}
specula/runs/nvflare-transfer-20260913/nvflare-transfer/.specula-output/.tlc-tasks/jobs/97e6037444b6414d9485f72798a185c2/request.json	.tlc-tasks/jobs/97e6037444b6414d9485f72798a185c2/request.json	file	0664	1789312816164925664	503	274ed8534fffebbefb3f1e5103c6dd497c631bfe2df988a1fe71e7da59cc6072		copy	run-evidence		{}
specula/runs/nvflare-transfer-20260913/nvflare-transfer/.specula-output/.tlc-tasks/jobs/97e6037444b6414d9485f72798a185c2/result.json	.tlc-tasks/jobs/97e6037444b6414d9485f72798a185c2/result.json	file	0664	1789312818224901672	693	10e21d085924a3eed8330c70e4e3abcbcbe53ce042ad93d1c148ab6e756606d2		copy	run-evidence		{}
specula/runs/nvflare-transfer-20260913/nvflare-transfer/.specula-output/.tlc-tasks/jobs/97e6037444b6414d9485f72798a185c2/tlc.log	.tlc-tasks/jobs/97e6037444b6414d9485f72798a185c2/tlc.log	file	0664	1789312817778906867	5643	b4e05e92085563d3e49497c23926771c769b4484eeb87d7c495dd498361b98f2		copy	run-evidence		{}
specula/runs/nvflare-transfer-20260913/nvflare-transfer/.specula-output/.tlc-tasks/jobs/988a31332e6047ffac9d9fd5f47e004c/request.json	.tlc-tasks/jobs/988a31332e6047ffac9d9fd5f47e004c/request.json	file	0664	1789313526549600630	488	8d8f2945866874728edf15f637f9494dd60ae30a16a4615b5c3287a81b4ca5a4		copy	run-evidence		{}
specula/runs/nvflare-transfer-20260913/nvflare-transfer/.specula-output/.tlc-tasks/jobs/988a31332e6047ffac9d9fd5f47e004c/result.json	.tlc-tasks/jobs/988a31332e6047ffac9d9fd5f47e004c/result.json	file	0664	1789313528409578951	694	472129053683b948b7c2f26edf9f71f0c1eafe196297d61216b77fa6c8a0c406		copy	run-evidence		{}
specula/runs/nvflare-transfer-20260913/nvflare-transfer/.specula-output/.tlc-tasks/jobs/988a31332e6047ffac9d9fd5f47e004c/tlc.log	.tlc-tasks/jobs/988a31332e6047ffac9d9fd5f47e004c/tlc.log	file	0664	1789313527845585509	27790	81f98a763ead50545b451027564d2c51617bb36bb8dd3858bbac5bb062655ecd		copy	run-evidence		{}
specula/runs/nvflare-transfer-20260913/nvflare-transfer/.specula-output/.tlc-tasks/jobs/994faec2f1e84082aca7fe636e60b2e7/request.json	.tlc-tasks/jobs/994faec2f1e84082aca7fe636e60b2e7/request.json	file	0664	1789313995359737238	516	e371be3cf8f0f4afef70866db7b16b6a22b744b5211f482b81ac25f80aa09a28		copy	run-evidence		{}
specula/runs/nvflare-transfer-20260913/nvflare-transfer/.specula-output/.tlc-tasks/jobs/994faec2f1e84082aca7fe636e60b2e7/result.json	.tlc-tasks/jobs/994faec2f1e84082aca7fe636e60b2e7/result.json	file	0664	1789313999024691333	693	b5923763f65de595be4be54e1a20d067cf3cbfb621098bbde79d94c3941f676e		copy	run-evidence		{}
specula/runs/nvflare-transfer-20260913/nvflare-transfer/.specula-output/.tlc-tasks/jobs/994faec2f1e84082aca7fe636e60b2e7/tlc.log	.tlc-tasks/jobs/994faec2f1e84082aca7fe636e60b2e7/tlc.log	file	0664	1789313998447698560	5660	2b59a76ef77f02cf385bd2aafd741b912da99861d4b3e060286edb41554c6e02		copy	run-evidence		{}
specula/runs/nvflare-transfer-20260913/nvflare-transfer/.specula-output/.tlc-tasks/jobs/9a7a61281b6344e3b0f7e4d7d23069c0/request.json	.tlc-tasks/jobs/9a7a61281b6344e3b0f7e4d7d23069c0/request.json	file	0664	1789313513928747565	498	2c3fce39ebb8840b1097329ef24b18c31cb1f641115b7c3db953432932a17fa7		copy	run-evidence		{}
specula/runs/nvflare-transfer-20260913/nvflare-transfer/.specula-output/.tlc-tasks/jobs/9a7a61281b6344e3b0f7e4d7d23069c0/result.json	.tlc-tasks/jobs/9a7a61281b6344e3b0f7e4d7d23069c0/result.json	file	0664	1789313515988723843	692	25d7d6139112e933d93d78aeed5d8c8060d34eeb8d36d73d323286ff300e9774		copy	run-evidence		{}
specula/runs/nvflare-transfer-20260913/nvflare-transfer/.specula-output/.tlc-tasks/jobs/9a7a61281b6344e3b0f7e4d7d23069c0/tlc.log	.tlc-tasks/jobs/9a7a61281b6344e3b0f7e4d7d23069c0/tlc.log	file	0664	1789313515531729105	5645	4a3fffc18f9a281c683c110f02f2d1c2deea5190ae7d073f06a31cf225fe4d17		copy	run-evidence		{}
specula/runs/nvflare-transfer-20260913/nvflare-transfer/.specula-output/.tlc-tasks/jobs/9b5554778adc422babb6efb0d3c71b88/request.json	.tlc-tasks/jobs/9b5554778adc422babb6efb0d3c71b88/request.json	file	0664	1789313524354626373	499	5f97b1df070a46377d1483446264b7a67d5558837cf93172f4711ff610ecf815		copy	run-evidence		{}
specula/runs/nvflare-transfer-20260913/nvflare-transfer/.specula-output/.tlc-tasks/jobs/9b5554778adc422babb6efb0d3c71b88/result.json	.tlc-tasks/jobs/9b5554778adc422babb6efb0d3c71b88/result.json	file	0664	1789313526215604547	692	10a2c47f39cb9a37602f3fab9029a4c373b091704cd359546c1681f5d2576dec		copy	run-evidence		{}
specula/runs/nvflare-transfer-20260913/nvflare-transfer/.specula-output/.tlc-tasks/jobs/9b5554778adc422babb6efb0d3c71b88/tlc.log	.tlc-tasks/jobs/9b5554778adc422babb6efb0d3c71b88/tlc.log	file	0664	1789313525662611033	5640	9f32f0017bf8ce3acbb80ac783c526686df4f5d890f058385bc54d2459ac0e60		copy	run-evidence		{}
specula/runs/nvflare-transfer-20260913/nvflare-transfer/.specula-output/.tlc-tasks/jobs/9eec6389a33643de9cd4f6b439b012ca/request.json	.tlc-tasks/jobs/9eec6389a33643de9cd4f6b439b012ca/request.json	file	0664	1789313510821783394	494	90dccec81e805032043533c926c8bc02762f51e1f5392bf927ecbc9e6b5b2ea1		copy	run-evidence		{}
specula/runs/nvflare-transfer-20260913/nvflare-transfer/.specula-output/.tlc-tasks/jobs/9eec6389a33643de9cd4f6b439b012ca/result.json	.tlc-tasks/jobs/9eec6389a33643de9cd4f6b439b012ca/result.json	file	0664	1789313513081757320	693	e7a70d6af01477103218075f4bdd4519f4c18337e6e8a982434a60a1eb4aaa4d		copy	run-evidence		{}
specula/runs/nvflare-transfer-20260913/nvflare-transfer/.specula-output/.tlc-tasks/jobs/9eec6389a33643de9cd4f6b439b012ca/tlc.log	.tlc-tasks/jobs/9eec6389a33643de9cd4f6b439b012ca/tlc.log	file	0664	1789313512538763572	5625	1f3797a8e1d948ee116fe6e7391bed3bf24a79a247cf3582ae7d28e92bbb0783		copy	run-evidence		{}
specula/runs/nvflare-transfer-20260913/nvflare-transfer/.specula-output/.tlc-tasks/jobs/a0076df83d5b48b9a109e8df7714b9aa/request.json	.tlc-tasks/jobs/a0076df83d5b48b9a109e8df7714b9aa/request.json	file	0664	1789315925846992622	695	2472c85fde846c81eb41f880638177599557be50c2b13988e28ed1416aebe751		copy	run-evidence		{}
specula/runs/nvflare-transfer-20260913/nvflare-transfer/.specula-output/.tlc-tasks/jobs/a0076df83d5b48b9a109e8df7714b9aa/result.json	.tlc-tasks/jobs/a0076df83d5b48b9a109e8df7714b9aa/result.json	file	0664	1789315929110963825	694	d1107a02c0aa0b8319013021100d35eab4beb6520085463a3603e0685ba18c5e		copy	run-evidence		{}
specula/runs/nvflare-transfer-20260913/nvflare-transfer/.specula-output/.tlc-tasks/jobs/a0076df83d5b48b9a109e8df7714b9aa/tlc.log	.tlc-tasks/jobs/a0076df83d5b48b9a109e8df7714b9aa/tlc.log	file	0664	1789315928544968818	627982	aa8358d53e45a5169fd1bb1c230c368afdd1af0db04a7c15b7b938fe76e3e85e		copy	run-evidence		{}
specula/runs/nvflare-transfer-20260913/nvflare-transfer/.specula-output/.tlc-tasks/jobs/a0b5efc9ae8b43878005bd428810e419/request.json	.tlc-tasks/jobs/a0b5efc9ae8b43878005bd428810e419/request.json	file	0664	1789313502501877092	503	f73a10dd262c8ebbe353b2c948afdc2f229ccded0ab26a051a76e029caee55b2		copy	run-evidence		{}
specula/runs/nvflare-transfer-20260913/nvflare-transfer/.specula-output/.tlc-tasks/jobs/a0b5efc9ae8b43878005bd428810e419/result.json	.tlc-tasks/jobs/a0b5efc9ae8b43878005bd428810e419/result.json	file	0664	1789313504760851709	693	ae941673e8b1a95a9a1f8ac53fba7b50cf830f0e4c9f7a8e8250c6b893a45e70		copy	run-evidence		{}
specula/runs/nvflare-transfer-20260913/nvflare-transfer/.specula-output/.tlc-tasks/jobs/a0b5efc9ae8b43878005bd428810e419/tlc.log	.tlc-tasks/jobs/a0b5efc9ae8b43878005bd428810e419/tlc.log	file	0664	1789313504137858629	5644	9e6b60339c921cc9de0aaec854ef44ffa7b6ee8c37d49539f8d171e339bd2b80		copy	run-evidence		{}
specula/runs/nvflare-transfer-20260913/nvflare-transfer/.specula-output/.tlc-tasks/jobs/a6556e760cc0433882cc8fb421379bc7/request.json	.tlc-tasks/jobs/a6556e760cc0433882cc8fb421379bc7/request.json	file	0664	1789312824485829285	498	e6f1a5a64b94c18021575a854d318de6cfe3801242ebf949156267db67bb2a17		copy	run-evidence		{}
specula/runs/nvflare-transfer-20260913/nvflare-transfer/.specula-output/.tlc-tasks/jobs/a6556e760cc0433882cc8fb421379bc7/result.json	.tlc-tasks/jobs/a6556e760cc0433882cc8fb421379bc7/result.json	file	0664	1789312826544805761	693	5cbed1a577228f019d6defa6fb2feef778d3077598dce2480f5a325171350ef5		copy	run-evidence		{}
specula/runs/nvflare-transfer-20260913/nvflare-transfer/.specula-output/.tlc-tasks/jobs/a6556e760cc0433882cc8fb421379bc7/tlc.log	.tlc-tasks/jobs/a6556e760cc0433882cc8fb421379bc7/tlc.log	file	0664	1789312826082811040	5646	664a545d8994d5aa7c7f88c561140db93d8daa43eb1444b59a3bcb5d76f47c69		copy	run-evidence		{}
specula/runs/nvflare-transfer-20260913/nvflare-transfer/.specula-output/.tlc-tasks/jobs/a6c281d434aa4c40ad309489f94058b2/request.json	.tlc-tasks/jobs/a6c281d434aa4c40ad309489f94058b2/request.json	file	0664	1789312818270901137	503	3881006a227489cee1e4469a108b8da2e1f4b215c14d822d1efa7e1abe5912fa		copy	run-evidence		{}
specula/runs/nvflare-transfer-20260913/nvflare-transfer/.specula-output/.tlc-tasks/jobs/a6c281d434aa4c40ad309489f94058b2/result.json	.tlc-tasks/jobs/a6c281d434aa4c40ad309489f94058b2/result.json	file	0664	1789312820531874804	693	01f1385e5914cb390b6ffda173166d6379b79d3ee85c303191a98e41c6159072		copy	run-evidence		{}
specula/runs/nvflare-transfer-20260913/nvflare-transfer/.specula-output/.tlc-tasks/jobs/a6c281d434aa4c40ad309489f94058b2/tlc.log	.tlc-tasks/jobs/a6c281d434aa4c40ad309489f94058b2/tlc.log	file	0664	1789312819943881652	5657	429843a695068cb8ce1871efc8819cb24bf4bef2632ac73252a7a982f7f92604		copy	run-evidence		{}
specula/runs/nvflare-transfer-20260913/nvflare-transfer/.specula-output/.tlc-tasks/jobs/a74d8a4798c04510b6986c9e1bc75609/request.json	.tlc-tasks/jobs/a74d8a4798c04510b6986c9e1bc75609/request.json	file	0664	1789315925955991660	703	ee53aefca2d829f9d64694acbb4534da954f4a8a8f1ade6e55c3a77d953e8577		copy	run-evidence		{}
specula/runs/nvflare-transfer-20260913/nvflare-transfer/.specula-output/.tlc-tasks/jobs/a74d8a4798c04510b6986c9e1bc75609/result.json	.tlc-tasks/jobs/a74d8a4798c04510b6986c9e1bc75609/result.json	file	0664	1789315930419952221	694	f3a88d330fe736c7fc58dcec097a7f180e5c7548aea66434f118e13cad8fd908		copy	run-evidence		{}
specula/runs/nvflare-transfer-20260913/nvflare-transfer/.specula-output/.tlc-tasks/jobs/a74d8a4798c04510b6986c9e1bc75609/tlc.log	.tlc-tasks/jobs/a74d8a4798c04510b6986c9e1bc75609/tlc.log	file	0664	1789315929507960322	766782	582cd473533d58cc857d014a2323d0289eba4e5190a2a8b8199987fa659de78d		copy	run-evidence		{}
specula/runs/nvflare-transfer-20260913/nvflare-transfer/.specula-output/.tlc-tasks/jobs/a859e06c86504390a76760d88e4abb0a/request.json	.tlc-tasks/jobs/a859e06c86504390a76760d88e4abb0a/request.json	file	0664	1789313487966047416	497	a03671800078b18122ffb244e7f67921f3b56df4e06fb424916c5fd642aa0071		copy	run-evidence		{}
specula/runs/nvflare-transfer-20260913/nvflare-transfer/.specula-output/.tlc-tasks/jobs/a859e06c86504390a76760d88e4abb0a/result.json	.tlc-tasks/jobs/a859e06c86504390a76760d88e4abb0a/result.json	file	0664	1789313490226020817	693	6517c5fac46be7d22d42e0f45e9c89f3f1c5434f48501c2998460aa32fd6ec18		copy	run-evidence		{}
specula/runs/nvflare-transfer-20260913/nvflare-transfer/.specula-output/.tlc-tasks/jobs/a859e06c86504390a76760d88e4abb0a/tlc.log	.tlc-tasks/jobs/a859e06c86504390a76760d88e4abb0a/tlc.log	file	0664	1789313489687027160	5644	0deca9806a1cc47daa1fb87433e8dcf2ea9260de2ffadf3d21899103f64584b6		copy	run-evidence		{}
specula/runs/nvflare-transfer-20260913/nvflare-transfer/.specula-output/.tlc-tasks/jobs/b34aa3a7ef7d492fbd6104a2c86bfeac/request.json	.tlc-tasks/jobs/b34aa3a7ef7d492fbd6104a2c86bfeac/request.json	file	0664	1789313516034723313	507	d03e7b4c6ee59504f1a2e333985e8c2ba562dc3113db4a914de75aa25fa6e258		copy	run-evidence		{}
specula/runs/nvflare-transfer-20260913/nvflare-transfer/.specula-output/.tlc-tasks/jobs/b34aa3a7ef7d492fbd6104a2c86bfeac/result.json	.tlc-tasks/jobs/b34aa3a7ef7d492fbd6104a2c86bfeac/result.json	file	0664	1789313518495694973	693	a0c47f449bfecc8f4f68498c33ef49eb5585c1146f8f8aba96f32e8e3a61f47e		copy	run-evidence		{}
specula/runs/nvflare-transfer-20260913/nvflare-transfer/.specula-output/.tlc-tasks/jobs/b34aa3a7ef7d492fbd6104a2c86bfeac/tlc.log	.tlc-tasks/jobs/b34aa3a7ef7d492fbd6104a2c86bfeac/tlc.log	file	0664	1789313517842702492	5664	eb398fa7fc857f5f43056766e092263377a667ebb628f3ca8db56208f9880854		copy	run-evidence		{}
specula/runs/nvflare-transfer-20260913/nvflare-transfer/.specula-output/.tlc-tasks/jobs/b52e2cb40bf5401f835d419365064192/request.json	.tlc-tasks/jobs/b52e2cb40bf5401f835d419365064192/request.json	file	0664	1789313995377737012	510	17fa6e1a956e220f0ca2bbb68e261cd290239457c16a1ccd5a02a9eafa1de5ff		copy	run-evidence		{}
specula/runs/nvflare-transfer-20260913/nvflare-transfer/.specula-output/.tlc-tasks/jobs/b52e2cb40bf5401f835d419365064192/result.json	.tlc-tasks/jobs/b52e2cb40bf5401f835d419365064192/result.json	file	0664	1789313998441698635	693	751b4684ae3691efdcf3bca1a2603b3b0033a300d502cdd38c9d05f108667d44		copy	run-evidence		{}
specula/runs/nvflare-transfer-20260913/nvflare-transfer/.specula-output/.tlc-tasks/jobs/b52e2cb40bf5401f835d419365064192/tlc.log	.tlc-tasks/jobs/b52e2cb40bf5401f835d419365064192/tlc.log	file	0664	1789313997994704234	5655	627fb48afe5c75b12b659080cbb26b1ff50db4a9d5906f28d39e1998b0fc17a0		copy	run-evidence		{}
specula/runs/nvflare-transfer-20260913/nvflare-transfer/.specula-output/.tlc-tasks/jobs/b68a041ffd474b208e712866c8688de4/request.json	.tlc-tasks/jobs/b68a041ffd474b208e712866c8688de4/request.json	file	0664	1789312813056961716	514	ecb76c926874fb02495de4dfc7cc82a0bbb0d0a7e20756f9b0fccf8af223fce9		copy	run-evidence		{}
specula/runs/nvflare-transfer-20260913/nvflare-transfer/.specula-output/.tlc-tasks/jobs/b68a041ffd474b208e712866c8688de4/result.json	.tlc-tasks/jobs/b68a041ffd474b208e712866c8688de4/result.json	file	0664	1789312815316935541	693	6365608603227415d321c669236b42fd634c8745e64ebabf2589136fe14e32dd		copy	run-evidence		{}
specula/runs/nvflare-transfer-20260913/nvflare-transfer/.specula-output/.tlc-tasks/jobs/b68a041ffd474b208e712866c8688de4/tlc.log	.tlc-tasks/jobs/b68a041ffd474b208e712866c8688de4/tlc.log	file	0664	1789312814681942936	5651	6786bfc1a4df2211901c7eb948f2aba864b7e15603d01bd80011a6ab435fdc16		copy	run-evidence		{}
specula/runs/nvflare-transfer-20260913/nvflare-transfer/.specula-output/.tlc-tasks/jobs/b796c6b6f8b64bd29ae340ffeab212a4/request.json	.tlc-tasks/jobs/b796c6b6f8b64bd29ae340ffeab212a4/request.json	file	0664	1789313505607842299	508	de8dfe8d6d1ed79a12345fdfa82dd606ce05a1d6f47bffcdb489ca7836c99f7f		copy	run-evidence		{}
specula/runs/nvflare-transfer-20260913/nvflare-transfer/.specula-output/.tlc-tasks/jobs/b796c6b6f8b64bd29ae340ffeab212a4/result.json	.tlc-tasks/jobs/b796c6b6f8b64bd29ae340ffeab212a4/result.json	file	0664	1789313507868817181	692	955eea6b78f92331a8c72c8a6e8b516455fa67369bc1c92dc3cf6468eb4eb91f		copy	run-evidence		{}
specula/runs/nvflare-transfer-20260913/nvflare-transfer/.specula-output/.tlc-tasks/jobs/b796c6b6f8b64bd29ae340ffeab212a4/tlc.log	.tlc-tasks/jobs/b796c6b6f8b64bd29ae340ffeab212a4/tlc.log	file	0664	1789313507319823280	5668	c8ca600ede2dea8262c9318df22837c89c4225c22e9793420b017d682ea26508		copy	run-evidence		{}
specula/runs/nvflare-transfer-20260913/nvflare-transfer/.specula-output/.tlc-tasks/jobs/b93d2fb5a0ae45478dce2ea352fdcb53/request.json	.tlc-tasks/jobs/b93d2fb5a0ae45478dce2ea352fdcb53/request.json	file	0664	1789313995369737112	503	408e951e05737dc0809e6e231d1bddd0844671eb8d96e74b37eb23e8b781b153		copy	run-evidence		{}
specula/runs/nvflare-transfer-20260913/nvflare-transfer/.specula-output/.tlc-tasks/jobs/b93d2fb5a0ae45478dce2ea352fdcb53/result.json	.tlc-tasks/jobs/b93d2fb5a0ae45478dce2ea352fdcb53/result.json	file	0664	1789313999033691220	693	b8af431f7ae20559be6ac61660700a75901d7c3a56bdd70f8bf6b76c0673e9ae		copy	run-evidence		{}
specula/runs/nvflare-transfer-20260913/nvflare-transfer/.specula-output/.tlc-tasks/jobs/b93d2fb5a0ae45478dce2ea352fdcb53/tlc.log	.tlc-tasks/jobs/b93d2fb5a0ae45478dce2ea352fdcb53/tlc.log	file	0664	1789313998380699399	5625	f85e795b4b694c6793e382c20c0e81c17fdc0db485eeda733da9586983d79882		copy	run-evidence		{}
specula/runs/nvflare-transfer-20260913/nvflare-transfer/.specula-output/.tlc-tasks/jobs/bce8b10131354a30946a675ef0e78978/request.json	.tlc-tasks/jobs/bce8b10131354a30946a675ef0e78978/request.json	file	0664	1789313141425139609	490	872326b4b0809c2670e1acf5b59153ee733e43a00201f0a8bbf1a83d91cbbd2b		copy	run-evidence		{}
specula/runs/nvflare-transfer-20260913/nvflare-transfer/.specula-output/.tlc-tasks/jobs/bce8b10131354a30946a675ef0e78978/result.json	.tlc-tasks/jobs/bce8b10131354a30946a675ef0e78978/result.json	file	0664	1789313143285117384	693	6cdae89085ba88dbc86ddefa4230c0a98bf1290c478834138f06f64a64e41b31		copy	run-evidence		{}
specula/runs/nvflare-transfer-20260913/nvflare-transfer/.specula-output/.tlc-tasks/jobs/bce8b10131354a30946a675ef0e78978/tlc.log	.tlc-tasks/jobs/bce8b10131354a30946a675ef0e78978/tlc.log	file	0664	1789313142678124848	27780	78fadf6019f39600ab1d9adac43ea584c6227aadf8cd680f6c15460ab0ed0cc0		copy	run-evidence		{}
specula/runs/nvflare-transfer-20260913/nvflare-transfer/.specula-output/.tlc-tasks/jobs/cb75f990db864dc89227a85b0259e414/request.json	.tlc-tasks/jobs/cb75f990db864dc89227a85b0259e414/request.json	file	0664	1789312933546565691	505	57dfb43596096241dcee8aa9fbd4fe6477a984aa1a4a0e1dccda1a7cc457fed1		copy	run-evidence		{}
specula/runs/nvflare-transfer-20260913/nvflare-transfer/.specula-output/.tlc-tasks/jobs/cb75f990db864dc89227a85b0259e414/result.json	.tlc-tasks/jobs/cb75f990db864dc89227a85b0259e414/result.json	file	0664	1789312935806537042	692	abfea84c7dcc0df632e1fba2bfb55c7411cdd37087daea2924bb9c8c42bc29cd		copy	run-evidence		{}
specula/runs/nvflare-transfer-20260913/nvflare-transfer/.specula-output/.tlc-tasks/jobs/cb75f990db864dc89227a85b0259e414/tlc.log	.tlc-tasks/jobs/cb75f990db864dc89227a85b0259e414/tlc.log	file	0664	1789312935267544136	5647	4ad24c5171c3e1d3c9ba78882c841f792ca577814ec25ed60292306e2d64823c		copy	run-evidence		{}
specula/runs/nvflare-transfer-20260913/nvflare-transfer/.specula-output/.tlc-tasks/jobs/cbb3edbd5072405eb0571212d295b85d/request.json	.tlc-tasks/jobs/cbb3edbd5072405eb0571212d295b85d/request.json	file	0664	1789313143549114137	491	4ee656b014c2fdc979a8eb1dea30f1060e48d2567afbc197f6527601a6fd5cc9		copy	run-evidence		{}
specula/runs/nvflare-transfer-20260913/nvflare-transfer/.specula-output/.tlc-tasks/jobs/cbb3edbd5072405eb0571212d295b85d/result.json	.tlc-tasks/jobs/cbb3edbd5072405eb0571212d295b85d/result.json	file	0664	1789313145208093736	694	3248bf2fc596572b2baad6512d5bd9c1848889d9488c9cdbe7823036c77b831b		copy	run-evidence		{}
specula/runs/nvflare-transfer-20260913/nvflare-transfer/.specula-output/.tlc-tasks/jobs/cbb3edbd5072405eb0571212d295b85d/tlc.log	.tlc-tasks/jobs/cbb3edbd5072405eb0571212d295b85d/tlc.log	file	0664	1789313144735099552	27795	ffe973c339ea3cbc96c337c3706b7c4443b32ab4c1bc550fc9514758dab347fa		copy	run-evidence		{}
specula/runs/nvflare-transfer-20260913/nvflare-transfer/.specula-output/.tlc-tasks/jobs/d0f4e06d392f4417862d8443f1a4711a/request.json	.tlc-tasks/jobs/d0f4e06d392f4417862d8443f1a4711a/request.json	file	0664	1789312826591805224	509	f9f87241ea53ec3cceadef477a781ba376cf98e36580f9a448509ddc04c20189		copy	run-evidence		{}
specula/runs/nvflare-transfer-20260913/nvflare-transfer/.specula-output/.tlc-tasks/jobs/d0f4e06d392f4417862d8443f1a4711a/result.json	.tlc-tasks/jobs/d0f4e06d392f4417862d8443f1a4711a/result.json	file	0664	1789312828850779415	692	29d4260c3db63cceff2b1502ef26c66254a0c8f6ce687cfad41bf7fe867f243f		copy	run-evidence		{}
specula/runs/nvflare-transfer-20260913/nvflare-transfer/.specula-output/.tlc-tasks/jobs/d0f4e06d392f4417862d8443f1a4711a/tlc.log	.tlc-tasks/jobs/d0f4e06d392f4417862d8443f1a4711a/tlc.log	file	0664	1789312828300785699	5656	6560132e6ea7ff04fc25a931ec25612443a07d572252c09513a751e1d07d5918		copy	run-evidence		{}
specula/runs/nvflare-transfer-20260913/nvflare-transfer/.specula-output/.tlc-tasks/jobs/d5b3443d6e0f43ebadcf2c34f7121137/request.json	.tlc-tasks/jobs/d5b3443d6e0f43ebadcf2c34f7121137/request.json	file	0664	1789313995356737275	519	1357d162702482f8a8dfb24ee22f6aeb86035ef661760afa99952299a57f3118		copy	run-evidence		{}
specula/runs/nvflare-transfer-20260913/nvflare-transfer/.specula-output/.tlc-tasks/jobs/d5b3443d6e0f43ebadcf2c34f7121137/result.json	.tlc-tasks/jobs/d5b3443d6e0f43ebadcf2c34f7121137/result.json	file	0664	1789313998619696405	692	8b106a76e5fcee1def0ff2922547884e10a1baf3dfcbf5cb0f0eb119ea7e4390		copy	run-evidence		{}
specula/runs/nvflare-transfer-20260913/nvflare-transfer/.specula-output/.tlc-tasks/jobs/d5b3443d6e0f43ebadcf2c34f7121137/tlc.log	.tlc-tasks/jobs/d5b3443d6e0f43ebadcf2c34f7121137/tlc.log	file	0664	1789313998056703457	5662	70a4c2f6da6fbab5cf8dd2ed9af359e83aa27abd7c2b65356a98057c31f1a60c		copy	run-evidence		{}
specula/runs/nvflare-transfer-20260913/nvflare-transfer/.specula-output/.tlc-tasks/jobs/da4a44fcda6b4e709c487aad2e9b4467/request.json	.tlc-tasks/jobs/da4a44fcda6b4e709c487aad2e9b4467/request.json	file	0664	1789313493178986062	514	59fb3444effe3de741e1449b652b70dc20accbad110df176e22da79ec1d9638b		copy	run-evidence		{}
specula/runs/nvflare-transfer-20260913/nvflare-transfer/.specula-output/.tlc-tasks/jobs/da4a44fcda6b4e709c487aad2e9b4467/result.json	.tlc-tasks/jobs/da4a44fcda6b4e709c487aad2e9b4467/result.json	file	0664	1789313495438959506	693	ed61163335da400c592a7df6c018c1960cfb0a734c1a01eac5db3cb6986ca7e5		copy	run-evidence		{}
specula/runs/nvflare-transfer-20260913/nvflare-transfer/.specula-output/.tlc-tasks/jobs/da4a44fcda6b4e709c487aad2e9b4467/tlc.log	.tlc-tasks/jobs/da4a44fcda6b4e709c487aad2e9b4467/tlc.log	file	0664	1789313494811966842	5677	51818a356f46d61b1b3a346133b88d4c85dfd065415f802d10a1ed3f6ad1ebf2		copy	run-evidence		{}
specula/runs/nvflare-transfer-20260913/nvflare-transfer/.specula-output/.tlc-tasks/jobs/daa4a25fe6b448dbac6786f27af368f0/request.json	.tlc-tasks/jobs/daa4a25fe6b448dbac6786f27af368f0/request.json	file	0664	1789312515939397230	625	90bb3135add91195ba7d7cdde8c17e42901b0ad55c46b65738eca253fe5428c5		copy	run-evidence		{}
specula/runs/nvflare-transfer-20260913/nvflare-transfer/.specula-output/.tlc-tasks/jobs/daa4a25fe6b448dbac6786f27af368f0/result.json	.tlc-tasks/jobs/daa4a25fe6b448dbac6786f27af368f0/result.json	file	0664	1789312516998384701	695	ef7cf2e40739bc2575484199546af97ba6be32193cef0e52fac67ab210e2930b		copy	run-evidence		{}
specula/runs/nvflare-transfer-20260913/nvflare-transfer/.specula-output/.tlc-tasks/jobs/daa4a25fe6b448dbac6786f27af368f0/tlc.log	.tlc-tasks/jobs/daa4a25fe6b448dbac6786f27af368f0/tlc.log	file	0664	1789312516696388274	5059	36d3912668947a241031f016907f37df7329dc34651d47a8ab9caa2ba42ab9b7		copy	run-evidence		{}
specula/runs/nvflare-transfer-20260913/nvflare-transfer/.specula-output/.tlc-tasks/jobs/db2e656253834939a3a3fffcb5e6cbcc/request.json	.tlc-tasks/jobs/db2e656253834939a3a3fffcb5e6cbcc/request.json	file	0664	1789312810950985943	509	a7935d4cbc0824eeb9c3cee6500a6a0a5ea23841b57a678955a34be37119a233		copy	run-evidence		{}
specula/runs/nvflare-transfer-20260913/nvflare-transfer/.specula-output/.tlc-tasks/jobs/db2e656253834939a3a3fffcb5e6cbcc/result.json	.tlc-tasks/jobs/db2e656253834939a3a3fffcb5e6cbcc/result.json	file	0664	1789312813010962246	693	d4da37cc89dc039dcaab64bef4ce0016e8aa359d5e6c8f5340c57d35078b7d1c		copy	run-evidence		{}
specula/runs/nvflare-transfer-20260913/nvflare-transfer/.specula-output/.tlc-tasks/jobs/db2e656253834939a3a3fffcb5e6cbcc/tlc.log	.tlc-tasks/jobs/db2e656253834939a3a3fffcb5e6cbcc/tlc.log	file	0664	1789312812365969665	5648	071b7b74afd56bf7dbb18be7be447abf950ae15aee0ada4d8e7d8c179a9ffa63		copy	run-evidence		{}
specula/runs/nvflare-transfer-20260913/nvflare-transfer/.specula-output/.tlc-tasks/jobs/dc549a5969d04640bc504adcb2f1ee4c/request.json	.tlc-tasks/jobs/dc549a5969d04640bc504adcb2f1ee4c/request.json	file	0664	1789317774910454470	747	892bdd9de7c7d70e6c487e2b8cabcf690e207ac0aac5039e8491da19689607b9		copy	run-evidence		{}
specula/runs/nvflare-transfer-20260913/nvflare-transfer/.specula-output/.tlc-tasks/jobs/dc549a5969d04640bc504adcb2f1ee4c/result.json	.tlc-tasks/jobs/dc549a5969d04640bc504adcb2f1ee4c/result.json	file	0664	1789319575404249917	695	09c360cf61fda854aa10ecbded21005936387b1a00edb0af2c7bf8a24ba5f98c		copy	run-evidence		{}
specula/runs/nvflare-transfer-20260913/nvflare-transfer/.specula-output/.tlc-tasks/jobs/dc549a5969d04640bc504adcb2f1ee4c/tlc.log	.tlc-tasks/jobs/dc549a5969d04640bc504adcb2f1ee4c/tlc.log	file	0664	1789319515664934206	6628	5a6bd835084c2a7f58bd42b8410fcd9e8c254ef5ae516734f3a76d60a8059fae		copy	run-evidence		{}
specula/runs/nvflare-transfer-20260913/nvflare-transfer/.specula-output/.tlc-tasks/jobs/e44e9e36e4714ecfbffa486c527c2ea0/request.json	.tlc-tasks/jobs/e44e9e36e4714ecfbffa486c527c2ea0/request.json	file	0664	1789313485860072203	508	53eac5f5dfb7b7cee5a834aae3d2d80110389a8e4f23f6610c7779c5fd833bfb		copy	run-evidence		{}
specula/runs/nvflare-transfer-20260913/nvflare-transfer/.specula-output/.tlc-tasks/jobs/e44e9e36e4714ecfbffa486c527c2ea0/result.json	.tlc-tasks/jobs/e44e9e36e4714ecfbffa486c527c2ea0/result.json	file	0664	1789313487720050310	693	6b4b8fafa0443db3080f73a0c8be5779447b42a86d36b1c8c9fcfe383a29c1a3		copy	run-evidence		{}
specula/runs/nvflare-transfer-20260913/nvflare-transfer/.specula-output/.tlc-tasks/jobs/e44e9e36e4714ecfbffa486c527c2ea0/tlc.log	.tlc-tasks/jobs/e44e9e36e4714ecfbffa486c527c2ea0/tlc.log	file	0664	1789313487200056430	5647	adaf67c6a75223b5dd50b357e578939db5f4386d25811b62c7badf0f5ddbe6bf		copy	run-evidence		{}
specula/runs/nvflare-transfer-20260913/nvflare-transfer/.specula-output/.tlc-tasks/jobs/ef3cc161aefe41b684dfc3f28f935ae7/request.json	.tlc-tasks/jobs/ef3cc161aefe41b684dfc3f28f935ae7/request.json	file	0664	1789313995354737300	508	a52a218d1be3197549fbf6a391e0ea4cd62c6e70b168204877d98bc3d699d9f4		copy	run-evidence		{}
specula/runs/nvflare-transfer-20260913/nvflare-transfer/.specula-output/.tlc-tasks/jobs/ef3cc161aefe41b684dfc3f28f935ae7/result.json	.tlc-tasks/jobs/ef3cc161aefe41b684dfc3f28f935ae7/result.json	file	0664	1789313998818693913	693	32c56f454d8d6f1601f3edce3797bba18e3caaf7538b5bd4d844fb9a1d1db950		copy	run-evidence		{}
specula/runs/nvflare-transfer-20260913/nvflare-transfer/.specula-output/.tlc-tasks/jobs/ef3cc161aefe41b684dfc3f28f935ae7/tlc.log	.tlc-tasks/jobs/ef3cc161aefe41b684dfc3f28f935ae7/tlc.log	file	0664	1789313998301700388	5645	6892294269ae766f7395d9431d05cadf7e7ac19a3a812d5537253405d642e0e9		copy	run-evidence		{}
specula/runs/nvflare-transfer-20260913/nvflare-transfer/.specula-output/.tlc-tasks/jobs/eff1b659d6f344eb8deac42fbc4466cc/request.json	.tlc-tasks/jobs/eff1b659d6f344eb8deac42fbc4466cc/request.json	file	0664	1789313995365737162	520	e7f96766bb1bc5a31dcd87f699ac87d7065dc10eb6b7e3672463627db08dda7e		copy	run-evidence		{}
specula/runs/nvflare-transfer-20260913/nvflare-transfer/.specula-output/.tlc-tasks/jobs/eff1b659d6f344eb8deac42fbc4466cc/result.json	.tlc-tasks/jobs/eff1b659d6f344eb8deac42fbc4466cc/result.json	file	0664	1789313999033691220	692	5fac19bb777790a2d43979103c350298d67c1ee9900d2c7ff8c647fe9355e397		copy	run-evidence		{}
specula/runs/nvflare-transfer-20260913/nvflare-transfer/.specula-output/.tlc-tasks/jobs/eff1b659d6f344eb8deac42fbc4466cc/tlc.log	.tlc-tasks/jobs/eff1b659d6f344eb8deac42fbc4466cc/tlc.log	file	0664	1789313998420698898	5683	4eb1fcfeea6fccc54db95f95a4109d24bd0fb05c7bd6043ba003f2f36942ed59		copy	run-evidence		{}
specula/runs/nvflare-transfer-20260913/nvflare-transfer/.specula-output/.tlc-tasks/jobs/f2f7a0a62dff4a65991a8fe85e02f000/request.json	.tlc-tasks/jobs/f2f7a0a62dff4a65991a8fe85e02f000/request.json	file	0664	1789312804736057327	514	60cdcf3d7290b773dbf9b103a4a54a6be6cd034d13049118e2d527639b64970e		copy	run-evidence		{}
specula/runs/nvflare-transfer-20260913/nvflare-transfer/.specula-output/.tlc-tasks/jobs/f2f7a0a62dff4a65991a8fe85e02f000/result.json	.tlc-tasks/jobs/f2f7a0a62dff4a65991a8fe85e02f000/result.json	file	0664	1789312806997031427	693	29de69c9b8809eaa309f374e7dbe1c887700c98e97652442a3e946c757e6d635		copy	run-evidence		{}
specula/runs/nvflare-transfer-20260913/nvflare-transfer/.specula-output/.tlc-tasks/jobs/f2f7a0a62dff4a65991a8fe85e02f000/tlc.log	.tlc-tasks/jobs/f2f7a0a62dff4a65991a8fe85e02f000/tlc.log	file	0664	1789312806410038179	5667	e46c933fd36a368c0834a6b3553c6465ad6c1e36e9c76e8fb07d76cd3f34645c		copy	run-evidence		{}
specula/runs/nvflare-transfer-20260913/nvflare-transfer/.specula-output/.tlc-tasks/jobs/f55314310e7f48e2a71337fb5d39b612/request.json	.tlc-tasks/jobs/f55314310e7f48e2a71337fb5d39b612/request.json	file	0664	1789313491074010837	507	09b730d5750ce4da2dff93d1673bc3b8b5352e2ccf972990f2d6d612bfa7adb2		copy	run-evidence		{}
specula/runs/nvflare-transfer-20260913/nvflare-transfer/.specula-output/.tlc-tasks/jobs/f55314310e7f48e2a71337fb5d39b612/result.json	.tlc-tasks/jobs/f55314310e7f48e2a71337fb5d39b612/result.json	file	0664	1789313493133986591	693	e10cbb100686fb7fdfab9e93de93d94736719e491d10c3a493eff1f7dd193913		copy	run-evidence		{}
specula/runs/nvflare-transfer-20260913/nvflare-transfer/.specula-output/.tlc-tasks/jobs/f55314310e7f48e2a71337fb5d39b612/tlc.log	.tlc-tasks/jobs/f55314310e7f48e2a71337fb5d39b612/tlc.log	file	0664	1789313492508993947	5662	ae2f294c3738ab6a166bd8a1ff2f3e798f88a0b00e75e4e339bddbee3cd92f7a		copy	run-evidence		{}
specula/runs/nvflare-transfer-20260913/nvflare-transfer/.specula-output/.tlc-tasks/jobs/f6ddb9a45a314600a6468d1cc4a389cd/request.json	.tlc-tasks/jobs/f6ddb9a45a314600a6468d1cc4a389cd/request.json	file	0664	1789313482753108775	515	0e2e4ee93b7c3447b1733b7e93e313abbb4aaf8acedc3f739cb0bee5d76850fb		copy	run-evidence		{}
specula/runs/nvflare-transfer-20260913/nvflare-transfer/.specula-output/.tlc-tasks/jobs/f6ddb9a45a314600a6468d1cc4a389cd/result.json	.tlc-tasks/jobs/f6ddb9a45a314600a6468d1cc4a389cd/result.json	file	0664	1789313485013082173	693	9d54a908b53caa77c947fd37346ae295c01f159c166063f4a9178a9f1b8b1f5d		copy	run-evidence		{}
specula/runs/nvflare-transfer-20260913/nvflare-transfer/.specula-output/.tlc-tasks/jobs/f6ddb9a45a314600a6468d1cc4a389cd/tlc.log	.tlc-tasks/jobs/f6ddb9a45a314600a6468d1cc4a389cd/tlc.log	file	0664	1789313484430089035	5667	f7459ffa6316c14457eb88c4d4d54b1ef7b0d7027bc5f5b23a9295c5cf8a49f3		copy	run-evidence		{}
specula/runs/nvflare-transfer-20260913/nvflare-transfer/.specula-output/.tlc-tasks/jobs/fc380d997cfb48c8895c94ac40ce8881/request.json	.tlc-tasks/jobs/fc380d997cfb48c8895c94ac40ce8881/request.json	file	0664	1789312821378864939	494	9c97ae7b780b22f9b4e9e74058ee184702307ca14bbf5977a8be9e76d5ca962a		copy	run-evidence		{}
specula/runs/nvflare-transfer-20260913/nvflare-transfer/.specula-output/.tlc-tasks/jobs/fc380d997cfb48c8895c94ac40ce8881/result.json	.tlc-tasks/jobs/fc380d997cfb48c8895c94ac40ce8881/result.json	file	0664	1789312823638838962	693	1c711ee41e8d83b52f32285497081fbaeeda45c19864df65f3beaa9058976d90		copy	run-evidence		{}
specula/runs/nvflare-transfer-20260913/nvflare-transfer/.specula-output/.tlc-tasks/jobs/fc380d997cfb48c8895c94ac40ce8881/tlc.log	.tlc-tasks/jobs/fc380d997cfb48c8895c94ac40ce8881/tlc.log	file	0664	1789312823092845200	5637	f3a0d072993bef0c484c0b651cac6821b64c8bce942524d1011df4f8940f67bc		copy	run-evidence		{}
	README.md	file	0600	0	1853	246f6d7d61c0027ecf02d903e0293bb3fbd1c34a4088afebf208787a657becac		generated	curated-documentation	Curated archive metadata	{}
specula/runs/nvflare-transfer-20260913/nvflare-transfer/.specula-output/analysis-evidence/coverage.json	analysis-evidence/coverage.json	file	0664	1789306137248956944	771	77922ae2e75b4586ff73f0144553ef20e8f0823ac8b0fac2de30cdc4476ae5ee		copy	run-evidence		{}
specula/runs/nvflare-transfer-20260913/nvflare-transfer/.specula-output/analysis-evidence/deep-callers.md	analysis-evidence/deep-callers.md	file	0664	1789305799738979377	16402	99ac89d930b320937ea666019734c594dbeb58bdd5e0c522bca3e6acddd26d94		copy	run-evidence		{}
specula/runs/nvflare-transfer-20260913/nvflare-transfer/.specula-output/analysis-evidence/deliverable-checks.json	analysis-evidence/deliverable-checks.json	file	0664	1789308087662415468	626	5cfaee456d5df749bb0b9fc70ee67941450ae51755dad8a9e4aa53724faacd81		copy	run-evidence		{}
specula/runs/nvflare-transfer-20260913/nvflare-transfer/.specula-output/analysis-evidence/source-manifest.json	analysis-evidence/source-manifest.json	file	0664	1789306137284956515	1422	7082fbe4c619631644d70fdf434f87cada43fa57cded8685e80e7765f5854f27		copy	run-evidence		{}
specula/runs/nvflare-transfer-20260913/nvflare-transfer/.specula-output/analysis-report.md	analysis-report.md	file	0664	1789308037052020706	45314	ac007487dd7b2ef428492947e3088c8dda12ebe6247b45e28b98afab961e9735		copy	run-evidence		{}
specula/runs/nvflare-transfer-20260913/nvflare-transfer/.specula-output/bug-severity.md	bug-severity.md	file	0664	1789321394782164727	2202	e0bfa1dc7f873b0f35ab45229dc61a6160872c654fec0b318e5240e64c2ef913		copy	run-evidence		{}
specula/runs/nvflare-transfer-20260913/nvflare-transfer/.specula-output/confirmation/CR-2/debate.md	confirmation/CR-2/debate.md	file	0664	1789320945822620986	384	c4f8feea7112e60e3133e19ac566dbd75600cfc4ac4008c0a49a892be4532bde		copy	run-evidence		{}
specula/runs/nvflare-transfer-20260913/nvflare-transfer/.specula-output/confirmation/CR-2/investigation.md	confirmation/CR-2/investigation.md	file	0664	1789320824418173080	6757	165360bb24afe880bd97e4892624a74984c958181a5e68b90dcd1768d1fb5056		copy	run-evidence		{}
specula/runs/nvflare-transfer-20260913/nvflare-transfer/.specula-output/confirmation/CR-2/verdict.json	confirmation/CR-2/verdict.json	file	0664	1789320946002618705	4464	6f00573ed498b1136a5e024ea94fc78f77d8a7ba1d120c30d1845a163bc0cd2c		copy	run-evidence		{}
specula/runs/nvflare-transfer-20260913/nvflare-transfer/.specula-output/confirmation/CR-4/debate.md	confirmation/CR-4/debate.md	file	0664	1789320767848827145	384	bb511026a1c4d689cccd26c8e46d883d9a78a83252a94a0223e38df92aa2c0b6		copy	run-evidence		{}
specula/runs/nvflare-transfer-20260913/nvflare-transfer/.specula-output/confirmation/CR-4/investigation.md	confirmation/CR-4/investigation.md	file	0664	1789320700697607725	7178	d7ee6a37d86202166e4a3286a265ca564cc8de69aaeedf73df117c4f09b00f42		copy	run-evidence		{}
specula/runs/nvflare-transfer-20260913/nvflare-transfer/.specula-output/confirmation/CR-4/verdict.json	confirmation/CR-4/verdict.json	file	0664	1789320768026825090	3957	91bf591539f98328d6d1ac5835004721f39515bc5195403bda5802bc33b817a9		copy	run-evidence		{}
specula/runs/nvflare-transfer-20260913/nvflare-transfer/.specula-output/confirmation/CR-5/debate.md	confirmation/CR-5/debate.md	file	0664	1789321302643264346	388	57de5fd7b25cb1b03c5c57b0761c0ac1686a6a84607637ccb46dbf9133cf54b7		copy	run-evidence		{}
specula/runs/nvflare-transfer-20260913/nvflare-transfer/.specula-output/confirmation/CR-5/investigation.md	confirmation/CR-5/investigation.md	file	0664	1789321230627124712	10424	01d7247357debf0385e45a5a854738a0b1b04901b8f492eeb1cd0f51b9f80abd		copy	run-evidence		{}
specula/runs/nvflare-transfer-20260913/nvflare-transfer/.specula-output/confirmation/CR-5/verdict.json	confirmation/CR-5/verdict.json	file	0664	1789321302818262234	4140	60ba098e8925a59b54db6d6f64e362ee3e75f2a9ecfaa300c9d06bb6030b3bce		copy	run-evidence		{}
specula/runs/nvflare-transfer-20260913/nvflare-transfer/.specula-output/confirmation/MC-1/debate.md	confirmation/MC-1/debate.md	file	0664	1789320748492051338	384	b9325b7e58348e1a92167f25ababb9df7fbc700d55f8a96869b3915a6190034d		copy	run-evidence		{}
specula/runs/nvflare-transfer-20260913/nvflare-transfer/.specula-output/confirmation/MC-1/investigation.md	confirmation/MC-1/investigation.md	file	0664	1789320698459633522	6607	2837b84679bfbf1c6edc95751308fe268eb6a75f656a672f67e8dfa6a00467c3		copy	run-evidence		{}
specula/runs/nvflare-transfer-20260913/nvflare-transfer/.specula-output/confirmation/MC-1/verdict.json	confirmation/MC-1/verdict.json	file	0664	1789320748673049254	5574	8b9e1da834bd20d57aaa09c22840b645ea3f21e9f2efd907fefd072a1700322c		copy	run-evidence		{}
specula/runs/nvflare-transfer-20260913/nvflare-transfer/.specula-output/confirmation/MC-2/debate.md	confirmation/MC-2/debate.md	file	0664	1789321075779011123	384	c1af9b9be094821c0842d30f3b94f86d1def007569aca206053dd79ae9b7faaa		copy	run-evidence		{}
specula/runs/nvflare-transfer-20260913/nvflare-transfer/.specula-output/confirmation/MC-2/investigation.md	confirmation/MC-2/investigation.md	file	0664	1789320911405065699	7538	9a00ba9728b941390ee9cabec8e367275d7f73c4681a51ff757868ad82fbbc38		copy	run-evidence		{}
specula/runs/nvflare-transfer-20260913/nvflare-transfer/.specula-output/confirmation/MC-2/verdict.json	confirmation/MC-2/verdict.json	file	0664	1789321075958008840	4782	3a7dedf235744a051da073f6c585e475514ac47d3e760ec15380c21b0e9d96f1		copy	run-evidence		{}
specula/runs/nvflare-transfer-20260913/nvflare-transfer/.specula-output/confirmed-bugs.md	confirmed-bugs.md	file	0664	1789321303097258866	23531	573ef9c0c0364c7ddcf3d0a25ca85627c10cf036c8b4d2299db4e30a74eaa2be		copy	run-evidence		{}
specula/runs/nvflare-transfer-20260913/nvflare-transfer/.specula-output/deep-outcome-progress.md	deep-outcome-progress.md	file	0664	1789305918253571780	15634	f73133713550e9df324521823cc2311e57fb12ef9abed62616bf751110df5bc6		copy	run-evidence		{}
guidance/02-transfer-completion-lifecycle.md	guidance.md	file	0600	1789290828913345786	5153	097543df4ac3543c42cfbf42d951ddc148edfab28a26b3b1bd6e16e101f678a6		copy	run-evidence		{}
specula/runs/nvflare-transfer-20260913/nvflare-transfer/.specula-output/harness/INSTRUMENTATION.md	harness/INSTRUMENTATION.md	file	0664	1789313614131583622	8517	2322cabd8996c9175632f64b2f39ebcafbb2ad3e66ddff6aed544e80de68b3a4		copy	run-evidence		{}
specula/runs/nvflare-transfer-20260913/nvflare-transfer/.specula-output/harness/POINTS.md	harness/POINTS.md	file	0664	1789313533015525386	10010	821e1814fbde3178fa34053543dbdc6da94a8adc1ff45cc368711cd4a691ffdb		copy	run-evidence		{}
specula/runs/nvflare-transfer-20260913/nvflare-transfer/.specula-output/harness/REPORT.md	harness/REPORT.md	file	0664	1789313692886645299	9901	e51eea0a471551695a9e26cb7c85d4af5ea1e125344d0ca417dced3c1d7897a4		copy	run-evidence		{}
specula/runs/nvflare-transfer-20260913/nvflare-transfer/.specula-output/harness/apply.sh	harness/apply.sh	file	0775	1789312382590972488	774	022d34ea54aae1cf7288ee56e6e868943d123364951c40d848dcff1fa74ad65a		copy	run-evidence		{}
specula/runs/nvflare-transfer-20260913/nvflare-transfer/.specula-output/harness/controls/missing_post/spec/Trace.cfg	harness/controls/missing_post/spec/Trace.cfg	file	0664	1789310685963298558	844	f237076d59984371c52351f70cc00c05942bcdc912211fdef32081f54f290f69	/home/ubuntu/nvflare-runs-20260913/specula/runs/nvflare-transfer-20260913/nvflare-transfer/.specula-output/spec/Trace.cfg	materialize	run-evidence	Original symlink materialized with identical target bytes	{}
specula/runs/nvflare-transfer-20260913/nvflare-transfer/.specula-output/harness/controls/missing_post/spec/Trace.tla	harness/controls/missing_post/spec/Trace.tla	file	0664	1789310685963298558	47126	070d33a561891f76a12dfb2a11d77ff9abd47f8d3ee2b7a96e36fe42bb4864dd	/home/ubuntu/nvflare-runs-20260913/specula/runs/nvflare-transfer-20260913/nvflare-transfer/.specula-output/spec/Trace.tla	materialize	run-evidence	Original symlink materialized with identical target bytes	{}
specula/runs/nvflare-transfer-20260913/nvflare-transfer/.specula-output/harness/controls/missing_post/spec/base.tla	harness/controls/missing_post/spec/base.tla	file	0664	1789310685962298570	80087	685b262b2f7c174e65db91d0f0bc2d15e83423aa8cbf2ebf555ba56d7ba5f14a	/home/ubuntu/nvflare-runs-20260913/specula/runs/nvflare-transfer-20260913/nvflare-transfer/.specula-output/spec/base.tla	materialize	run-evidence	Original symlink materialized with identical target bytes	{}
specula/runs/nvflare-transfer-20260913/nvflare-transfer/.specula-output/harness/controls/missing_post/traces/trace.ndjson	harness/controls/missing_post/traces/trace.ndjson	file	0664	1789313528676575845	527123	1887a376b97e2ab4d184804e8e9a9e2ac324d2ffe7bd633348ba86230e1f225c		copy	run-evidence		{}
specula/runs/nvflare-transfer-20260913/nvflare-transfer/.specula-output/harness/controls/unknown_event/spec/Trace.cfg	harness/controls/unknown_event/spec/Trace.cfg	file	0664	1789310685963298558	844	f237076d59984371c52351f70cc00c05942bcdc912211fdef32081f54f290f69	/home/ubuntu/nvflare-runs-20260913/specula/runs/nvflare-transfer-20260913/nvflare-transfer/.specula-output/spec/Trace.cfg	materialize	run-evidence	Original symlink materialized with identical target bytes	{}
specula/runs/nvflare-transfer-20260913/nvflare-transfer/.specula-output/harness/controls/unknown_event/spec/Trace.tla	harness/controls/unknown_event/spec/Trace.tla	file	0664	1789310685963298558	47126	070d33a561891f76a12dfb2a11d77ff9abd47f8d3ee2b7a96e36fe42bb4864dd	/home/ubuntu/nvflare-runs-20260913/specula/runs/nvflare-transfer-20260913/nvflare-transfer/.specula-output/spec/Trace.tla	materialize	run-evidence	Original symlink materialized with identical target bytes	{}
specula/runs/nvflare-transfer-20260913/nvflare-transfer/.specula-output/harness/controls/unknown_event/spec/base.tla	harness/controls/unknown_event/spec/base.tla	file	0664	1789310685962298570	80087	685b262b2f7c174e65db91d0f0bc2d15e83423aa8cbf2ebf555ba56d7ba5f14a	/home/ubuntu/nvflare-runs-20260913/specula/runs/nvflare-transfer-20260913/nvflare-transfer/.specula-output/spec/base.tla	materialize	run-evidence	Original symlink materialized with identical target bytes	{}
specula/runs/nvflare-transfer-20260913/nvflare-transfer/.specula-output/harness/controls/unknown_event/traces/trace.ndjson	harness/controls/unknown_event/traces/trace.ndjson	file	0664	1789313530801551133	527462	c1172f68d10e6167c0bfdc732693492cf0db8d0f8428a511f1aaadb2f76d826c		copy	run-evidence		{}
specula/runs/nvflare-transfer-20260913/nvflare-transfer/.specula-output/harness/controls/wrong_post/spec/Trace.cfg	harness/controls/wrong_post/spec/Trace.cfg	file	0664	1789310685963298558	844	f237076d59984371c52351f70cc00c05942bcdc912211fdef32081f54f290f69	/home/ubuntu/nvflare-runs-20260913/specula/runs/nvflare-transfer-20260913/nvflare-transfer/.specula-output/spec/Trace.cfg	materialize	run-evidence	Original symlink materialized with identical target bytes	{}
specula/runs/nvflare-transfer-20260913/nvflare-transfer/.specula-output/harness/controls/wrong_post/spec/Trace.tla	harness/controls/wrong_post/spec/Trace.tla	file	0664	1789310685963298558	47126	070d33a561891f76a12dfb2a11d77ff9abd47f8d3ee2b7a96e36fe42bb4864dd	/home/ubuntu/nvflare-runs-20260913/specula/runs/nvflare-transfer-20260913/nvflare-transfer/.specula-output/spec/Trace.tla	materialize	run-evidence	Original symlink materialized with identical target bytes	{}
specula/runs/nvflare-transfer-20260913/nvflare-transfer/.specula-output/harness/controls/wrong_post/spec/base.tla	harness/controls/wrong_post/spec/base.tla	file	0664	1789310685962298570	80087	685b262b2f7c174e65db91d0f0bc2d15e83423aa8cbf2ebf555ba56d7ba5f14a	/home/ubuntu/nvflare-runs-20260913/specula/runs/nvflare-transfer-20260913/nvflare-transfer/.specula-output/spec/base.tla	materialize	run-evidence	Original symlink materialized with identical target bytes	{}
specula/runs/nvflare-transfer-20260913/nvflare-transfer/.specula-output/harness/controls/wrong_post/traces/trace.ndjson	harness/controls/wrong_post/traces/trace.ndjson	file	0664	1789313526548600642	527464	0ccc095123c7260e1d57b7c08b35b1afad5b7a2035e5663b54b70caa1505da2e		copy	run-evidence		{}
specula/runs/nvflare-transfer-20260913/nvflare-transfer/.specula-output/harness/logs/active_receiver_and_stalled_sibling.log	harness/logs/active_receiver_and_stalled_sibling.log	file	0664	1789313467533288074	98	ec3c61992e3bb1a5aac88c5f3c5619a6eccaa445b8e776896e3c8c676f9f6278		copy	run-evidence		{}
specula/runs/nvflare-transfer-20260913/nvflare-transfer/.specula-output/harness/logs/audit.json	harness/logs/audit.json	file	0664	1789313533016525375	4420	b520337acc23e038788241f4727e0e3c3448fe72de23ffc09efa2a5bf60b594d		copy	run-evidence		{}
specula/runs/nvflare-transfer-20260913/nvflare-transfer/.specula-output/harness/logs/bounded_drain_and_late_cancel.log	harness/logs/bounded_drain_and_late_cancel.log	file	0664	1789313476682180269	98	ec3c61992e3bb1a5aac88c5f3c5619a6eccaa445b8e776896e3c8c676f9f6278		copy	run-evidence		{}
specula/runs/nvflare-transfer-20260913/nvflare-transfer/.specula-output/harness/logs/build.json	harness/logs/build.json	file	0664	1789313463025341182	4024	b47cbaa3fd3f438e610ed30a53513127837794954f3af78c34d308dcde80cae7		copy	run-evidence		{}
specula/runs/nvflare-transfer-20260913/nvflare-transfer/.specula-output/harness/logs/caller-profile-test.log	harness/logs/caller-profile-test.log	file	0664	1789313195452492819	98	941fd927604956af95533710b95a4b5cfe32fe875376a69b8cd3d6db814e3c2b		copy	run-evidence		{}
specula/runs/nvflare-transfer-20260913/nvflare-transfer/.specula-output/harness/logs/caller-profiles.json	harness/logs/caller-profiles.json	file	0664	1789313481905118757	743	ca3c1998e2d0472528c6df4f61f8a1affdf7633d320570c5175563e37aa34038		copy	run-evidence		{}
specula/runs/nvflare-transfer-20260913/nvflare-transfer/.specula-output/harness/logs/confirmed_success.log	harness/logs/confirmed_success.log	file	0664	1789313464097328553	98	ec3c61992e3bb1a5aac88c5f3c5619a6eccaa445b8e776896e3c8c676f9f6278		copy	run-evidence		{}
specula/runs/nvflare-transfer-20260913/nvflare-transfer/.specula-output/harness/logs/coverage.json	harness/logs/coverage.json	file	0664	1789313482693109481	50812	48202f1d1bb42b28f300eb0f7ee3257c1e6330745473c865af43ff8e536fe54d		copy	run-evidence		{}
specula/runs/nvflare-transfer-20260913/nvflare-transfer/.specula-output/harness/logs/delete_with_late_confirmation.log	harness/logs/delete_with_late_confirmation.log	file	0664	1789313470971247572	98	ec3c61992e3bb1a5aac88c5f3c5619a6eccaa445b8e776896e3c8c676f9f6278		copy	run-evidence		{}
specula/runs/nvflare-transfer-20260913/nvflare-transfer/.specula-output/harness/logs/disjoint_receivers_and_idle_budget.log	harness/logs/disjoint_receivers_and_idle_budget.log	file	0664	1789313466393301505	98	ec3c61992e3bb1a5aac88c5f3c5619a6eccaa445b8e776896e3c8c676f9f6278		copy	run-evidence		{}
specula/runs/nvflare-transfer-20260913/nvflare-transfer/.specula-output/harness/logs/end-to-end.log	harness/logs/end-to-end.log	file	0664	1789313533024525282	5575	8e18374cc01ea200fe47db894e336e4be4b53cd81c4c7e2d05af386bc26db854		copy	run-evidence		{}
specula/runs/nvflare-transfer-20260913/nvflare-transfer/.specula-output/harness/logs/executor_stopped_fallback.log	harness/logs/executor_stopped_fallback.log	file	0664	1789313478960153423	98	ec3c61992e3bb1a5aac88c5f3c5619a6eccaa445b8e776896e3c8c676f9f6278		copy	run-evidence		{}
specula/runs/nvflare-transfer-20260913/nvflare-transfer/.specula-output/harness/logs/first-tests.log	harness/logs/first-tests.log	file	0664	1789312491960679495	1977	08c7e7d7b794f751c94a5f7223c2ccecc07795b7f062633acdee1e0106e97b70		copy	run-evidence		{}
specula/runs/nvflare-transfer-20260913/nvflare-transfer/.specula-output/harness/logs/format.log	harness/logs/format.log	file	0664	1789313462556346706	1076	9b3e54d49f17feea975b73027665ddeca064633e78f9cdcf0667070e6a6d3695		copy	run-evidence		{}
specula/runs/nvflare-transfer-20260913/nvflare-transfer/.specula-output/harness/logs/instrumentation-points.json	harness/logs/instrumentation-points.json	file	0664	1789313533014525398	38048	e21f62bc31e70617069af978e7302c404c621b956357b57733fc90daff0b2e69		copy	run-evidence		{}
specula/runs/nvflare-transfer-20260913/nvflare-transfer/.specula-output/harness/logs/lost_confirmation.log	harness/logs/lost_confirmation.log	file	0664	1789313477822166834	98	ec3c61992e3bb1a5aac88c5f3c5619a6eccaa445b8e776896e3c8c676f9f6278		copy	run-evidence		{}
specula/runs/nvflare-transfer-20260913/nvflare-transfer/.specula-output/harness/logs/negative-controls.json	harness/logs/negative-controls.json	file	0664	1789313532909526619	2668	be209e1d7c3558b8adce251e892feac8a5a20e8c3c3914869b1ce63dcd69a798		copy	run-evidence		{}
specula/runs/nvflare-transfer-20260913/nvflare-transfer/.specula-output/harness/logs/never_acquired_receiver.log	harness/logs/never_acquired_receiver.log	file	0664	1789313468678274586	98	ec3c61992e3bb1a5aac88c5f3c5619a6eccaa445b8e776896e3c8c676f9f6278		copy	run-evidence		{}
specula/runs/nvflare-transfer-20260913/nvflare-transfer/.specula-output/harness/logs/outcome_computation_exception.log	harness/logs/outcome_computation_exception.log	file	0664	1789313481248126491	98	ec3c61992e3bb1a5aac88c5f3c5619a6eccaa445b8e776896e3c8c676f9f6278		copy	run-evidence		{}
specula/runs/nvflare-transfer-20260913/nvflare-transfer/.specula-output/harness/logs/pipeline_consume_failure.log	harness/logs/pipeline_consume_failure.log	file	0664	1789313469827261049	98	ec3c61992e3bb1a5aac88c5f3c5619a6eccaa445b8e776896e3c8c676f9f6278		copy	run-evidence		{}
specula/runs/nvflare-transfer-20260913/nvflare-transfer/.specula-output/harness/logs/producer_error.log	harness/logs/producer_error.log	file	0664	1789313474395207221	98	ec3c61992e3bb1a5aac88c5f3c5619a6eccaa445b8e776896e3c8c676f9f6278		copy	run-evidence		{}
specula/runs/nvflare-transfer-20260913/nvflare-transfer/.specula-output/harness/logs/producer_exception.log	harness/logs/producer_exception.log	file	0664	1789313475539193740	98	ec3c61992e3bb1a5aac88c5f3c5619a6eccaa445b8e776896e3c8c676f9f6278		copy	run-evidence		{}
specula/runs/nvflare-transfer-20260913/nvflare-transfer/.specula-output/harness/logs/profiles.log	harness/logs/profiles.log	file	0664	1789313482396112977	99	a19a7ef5b8709585198e3a47d163ea7b74e4da482d0a00e9e8c0ddae64130ba4		copy	run-evidence		{}
specula/runs/nvflare-transfer-20260913/nvflare-transfer/.specula-output/harness/logs/queue_then_submit_exception.log	harness/logs/queue_then_submit_exception.log	file	0664	1789313480106139933	98	ec3c61992e3bb1a5aac88c5f3c5619a6eccaa445b8e776896e3c8c676f9f6278		copy	run-evidence		{}
specula/runs/nvflare-transfer-20260913/nvflare-transfer/.specula-output/harness/logs/receiver_failure_and_callbacks.log	harness/logs/receiver_failure_and_callbacks.log	file	0664	1789313465250314970	98	ec3c61992e3bb1a5aac88c5f3c5619a6eccaa445b8e776896e3c8c676f9f6278		copy	run-evidence		{}
specula/runs/nvflare-transfer-20260913/nvflare-transfer/.specula-output/harness/logs/shutdown_pending_waiter.log	harness/logs/shutdown_pending_waiter.log	file	0664	1789313472111234137	98	ec3c61992e3bb1a5aac88c5f3c5619a6eccaa445b8e776896e3c8c676f9f6278		copy	run-evidence		{}
specula/runs/nvflare-transfer-20260913/nvflare-transfer/.specula-output/harness/logs/test-results.json	harness/logs/test-results.json	file	0664	1789313481389124831	4147	eaf50de55ed567d94e67b171b3095914c3adf749a8f58c009292ead091005e5f		copy	run-evidence		{}
specula/runs/nvflare-transfer-20260913/nvflare-transfer/.specula-output/harness/logs/transaction_timeout.log	harness/logs/transaction_timeout.log	file	0664	1789313473253220679	98	ec3c61992e3bb1a5aac88c5f3c5619a6eccaa445b8e776896e3c8c676f9f6278		copy	run-evidence		{}
specula/runs/nvflare-transfer-20260913/nvflare-transfer/.specula-output/harness/logs/validation-results.json	harness/logs/validation-results.json	file	0664	1789313526459601685	16083	68f9b5824af6a6a6abfd3f4f0d626a9b76c143d6b9ad1439f9255f21f32a94b2		copy	run-evidence		{}
specula/runs/nvflare-transfer-20260913/nvflare-transfer/.specula-output/harness/patches/instrumentation.patch	harness/patches/instrumentation.patch	file	0664	1789313692986644070	30816	e60dcb4a0adb751fc2757aedd1d8474489380ac74fc6cc3091c532407d474b94		copy	run-evidence		{}
specula/runs/nvflare-transfer-20260913/nvflare-transfer/.specula-output/harness/patches/instrumented-download_service.py.txt	harness/patches/instrumented-download_service.py.txt	file	0664	1789313692976644193	109342	c6b63c77f7713807dac7ef38bb5447f128d959a89d2c739eda666d4d96e221fd		copy	run-evidence		{}
specula/runs/nvflare-transfer-20260913/nvflare-transfer/.specula-output/harness/run.sh	harness/run.sh	file	0775	1789313420852838051	2466	bfa6f8c036c266144a50a9fd04014fb593f50e2f6470d5ee342105edf6a9efe4		copy	run-evidence		{}
specula/runs/nvflare-transfer-20260913/nvflare-transfer/.specula-output/harness/src/audit.py	harness/src/audit.py	file	0664	1789313462068352453	5089	5427d0e58bb2b70a27cdaee7babb2bd63cab75c6980815c073d05d5a6cfe11a5		copy	run-evidence		{}
specula/runs/nvflare-transfer-20260913/nvflare-transfer/.specula-output/harness/src/build.py	harness/src/build.py	file	0664	1789313462039352795	1973	156c32865a9bf488fb5fd04700ce6ede7d194c097b37526b22efec5621adfb68		copy	run-evidence		{}
specula/runs/nvflare-transfer-20260913/nvflare-transfer/.specula-output/harness/src/build_patch.py	harness/src/build_patch.py	file	0664	1789313462124351794	21669	a722eff8bd6a87ebd9dfa0d8b9fc5c82b31b939f7717fc7576bafb3743e1de2d		copy	run-evidence		{}
specula/runs/nvflare-transfer-20260913/nvflare-transfer/.specula-output/harness/src/negative_controls.py	harness/src/negative_controls.py	file	0664	1789313462050352665	3047	23b6eaa083f2730dceed210799124b0cf00332060bbbb6c436f85baf0e884f51		copy	run-evidence		{}
specula/runs/nvflare-transfer-20260913/nvflare-transfer/.specula-output/harness/src/normalize.py	harness/src/normalize.py	file	0664	1789313462064352500	3699	e4ecfafd57a5fee62b016b1bb455088c4a9446cb93db3567b18b14688643274c		copy	run-evidence		{}
specula/runs/nvflare-transfer-20260913/nvflare-transfer/.specula-output/harness/src/run_tests.py	harness/src/run_tests.py	file	0664	1789313462043352748	1933	5b07abc4e59799c21e5f6bc0ae556a6cc587af85fbacd55c4702926bb33e3636		copy	run-evidence		{}
specula/runs/nvflare-transfer-20260913/nvflare-transfer/.specula-output/harness/src/specula_trace.py	harness/src/specula_trace.py	file	0664	1789313462548346800	43507	43ccdead89e0721a84b2f342eef6be1826a1cb47925f59f03570ec9d4e54af19		copy	run-evidence		{}
specula/runs/nvflare-transfer-20260913/nvflare-transfer/.specula-output/harness/src/test_profiles.py	harness/src/test_profiles.py	file	0664	1789313462069352442	4352	f7fadfaa17477f95d158b5c26fd237843bc216f218c6c45949e7095c5e619f0e		copy	run-evidence		{}
specula/runs/nvflare-transfer-20260913/nvflare-transfer/.specula-output/harness/src/test_transfer_traces.py	harness/src/test_transfer_traces.py	file	0664	1789313462247350345	20885	f27fb29fce62b5cff9833ee806dee69e0ecad2a144efef8cbb80ae5cef253585		copy	run-evidence		{}
specula/runs/nvflare-transfer-20260913/nvflare-transfer/.specula-output/harness/src/validate.py	harness/src/validate.py	file	0664	1789313462054352618	2813	3021677ec70b84984bf9249b82b358034bfaa18d07fe03266a446ec18c21f447		copy	run-evidence		{}
specula/runs/nvflare-transfer-20260913/nvflare-transfer/.specula-output/harness/validation/active_receiver_and_stalled_sibling/spec/Trace.cfg	harness/validation/active_receiver_and_stalled_sibling/spec/Trace.cfg	file	0664	1789310685963298558	844	f237076d59984371c52351f70cc00c05942bcdc912211fdef32081f54f290f69	/home/ubuntu/nvflare-runs-20260913/specula/runs/nvflare-transfer-20260913/nvflare-transfer/.specula-output/spec/Trace.cfg	materialize	run-evidence	Original symlink materialized with identical target bytes	{}
specula/runs/nvflare-transfer-20260913/nvflare-transfer/.specula-output/harness/validation/active_receiver_and_stalled_sibling/spec/Trace.tla	harness/validation/active_receiver_and_stalled_sibling/spec/Trace.tla	file	0664	1789310685963298558	47126	070d33a561891f76a12dfb2a11d77ff9abd47f8d3ee2b7a96e36fe42bb4864dd	/home/ubuntu/nvflare-runs-20260913/specula/runs/nvflare-transfer-20260913/nvflare-transfer/.specula-output/spec/Trace.tla	materialize	run-evidence	Original symlink materialized with identical target bytes	{}
specula/runs/nvflare-transfer-20260913/nvflare-transfer/.specula-output/harness/validation/active_receiver_and_stalled_sibling/spec/base.tla	harness/validation/active_receiver_and_stalled_sibling/spec/base.tla	file	0664	1789310685962298570	80087	685b262b2f7c174e65db91d0f0bc2d15e83423aa8cbf2ebf555ba56d7ba5f14a	/home/ubuntu/nvflare-runs-20260913/specula/runs/nvflare-transfer-20260913/nvflare-transfer/.specula-output/spec/base.tla	materialize	run-evidence	Original symlink materialized with identical target bytes	{}
specula/runs/nvflare-transfer-20260913/nvflare-transfer/.specula-output/harness/validation/active_receiver_and_stalled_sibling/traces/trace.ndjson	harness/validation/active_receiver_and_stalled_sibling/traces/trace.ndjson	file	0664	1789313482556111094	455618	3cfd912d228bf26589570a0c27f423b979750f75c55a5057d55f6b5d77029551	/home/ubuntu/nvflare-runs-20260913/specula/runs/nvflare-transfer-20260913/nvflare-transfer/.specula-output/traces/normalized/active_receiver_and_stalled_sibling.ndjson	materialize	run-evidence	Original symlink materialized with identical target bytes	{}
specula/runs/nvflare-transfer-20260913/nvflare-transfer/.specula-output/harness/validation/bounded_drain_and_late_cancel/spec/Trace.cfg	harness/validation/bounded_drain_and_late_cancel/spec/Trace.cfg	file	0664	1789310685963298558	844	f237076d59984371c52351f70cc00c05942bcdc912211fdef32081f54f290f69	/home/ubuntu/nvflare-runs-20260913/specula/runs/nvflare-transfer-20260913/nvflare-transfer/.specula-output/spec/Trace.cfg	materialize	run-evidence	Original symlink materialized with identical target bytes	{}
specula/runs/nvflare-transfer-20260913/nvflare-transfer/.specula-output/harness/validation/bounded_drain_and_late_cancel/spec/Trace.tla	harness/validation/bounded_drain_and_late_cancel/spec/Trace.tla	file	0664	1789310685963298558	47126	070d33a561891f76a12dfb2a11d77ff9abd47f8d3ee2b7a96e36fe42bb4864dd	/home/ubuntu/nvflare-runs-20260913/specula/runs/nvflare-transfer-20260913/nvflare-transfer/.specula-output/spec/Trace.tla	materialize	run-evidence	Original symlink materialized with identical target bytes	{}
specula/runs/nvflare-transfer-20260913/nvflare-transfer/.specula-output/harness/validation/bounded_drain_and_late_cancel/spec/base.tla	harness/validation/bounded_drain_and_late_cancel/spec/base.tla	file	0664	1789310685962298570	80087	685b262b2f7c174e65db91d0f0bc2d15e83423aa8cbf2ebf555ba56d7ba5f14a	/home/ubuntu/nvflare-runs-20260913/specula/runs/nvflare-transfer-20260913/nvflare-transfer/.specula-output/spec/base.tla	materialize	run-evidence	Original symlink materialized with identical target bytes	{}
specula/runs/nvflare-transfer-20260913/nvflare-transfer/.specula-output/harness/validation/bounded_drain_and_late_cancel/traces/trace.ndjson	harness/validation/bounded_drain_and_late_cancel/traces/trace.ndjson	file	0664	1789313482562111023	154202	b33a17ff16c9d8e5b23a0f1871ac651d97b39d7ee1e137937eaae3db1cd7230b	/home/ubuntu/nvflare-runs-20260913/specula/runs/nvflare-transfer-20260913/nvflare-transfer/.specula-output/traces/normalized/bounded_drain_and_late_cancel.ndjson	materialize	run-evidence	Original symlink materialized with identical target bytes	{}
specula/runs/nvflare-transfer-20260913/nvflare-transfer/.specula-output/harness/validation/confirmed_success/spec/Trace.cfg	harness/validation/confirmed_success/spec/Trace.cfg	file	0664	1789310685963298558	844	f237076d59984371c52351f70cc00c05942bcdc912211fdef32081f54f290f69	/home/ubuntu/nvflare-runs-20260913/specula/runs/nvflare-transfer-20260913/nvflare-transfer/.specula-output/spec/Trace.cfg	materialize	run-evidence	Original symlink materialized with identical target bytes	{}
specula/runs/nvflare-transfer-20260913/nvflare-transfer/.specula-output/harness/validation/confirmed_success/spec/Trace.tla	harness/validation/confirmed_success/spec/Trace.tla	file	0664	1789310685963298558	47126	070d33a561891f76a12dfb2a11d77ff9abd47f8d3ee2b7a96e36fe42bb4864dd	/home/ubuntu/nvflare-runs-20260913/specula/runs/nvflare-transfer-20260913/nvflare-transfer/.specula-output/spec/Trace.tla	materialize	run-evidence	Original symlink materialized with identical target bytes	{}
specula/runs/nvflare-transfer-20260913/nvflare-transfer/.specula-output/harness/validation/confirmed_success/spec/base.tla	harness/validation/confirmed_success/spec/base.tla	file	0664	1789310685962298570	80087	685b262b2f7c174e65db91d0f0bc2d15e83423aa8cbf2ebf555ba56d7ba5f14a	/home/ubuntu/nvflare-runs-20260913/specula/runs/nvflare-transfer-20260913/nvflare-transfer/.specula-output/spec/base.tla	materialize	run-evidence	Original symlink materialized with identical target bytes	{}
specula/runs/nvflare-transfer-20260913/nvflare-transfer/.specula-output/harness/validation/confirmed_success/traces/trace.ndjson	harness/validation/confirmed_success/traces/trace.ndjson	file	0664	1789313482573110894	527463	6a0c9443464a961d5e9013c230bbc8afd6f4c7a915b2e93a050397544a438646	/home/ubuntu/nvflare-runs-20260913/specula/runs/nvflare-transfer-20260913/nvflare-transfer/.specula-output/traces/normalized/confirmed_success.ndjson	materialize	run-evidence	Original symlink materialized with identical target bytes	{}
specula/runs/nvflare-transfer-20260913/nvflare-transfer/.specula-output/harness/validation/delete_with_late_confirmation/spec/Trace.cfg	harness/validation/delete_with_late_confirmation/spec/Trace.cfg	file	0664	1789310685963298558	844	f237076d59984371c52351f70cc00c05942bcdc912211fdef32081f54f290f69	/home/ubuntu/nvflare-runs-20260913/specula/runs/nvflare-transfer-20260913/nvflare-transfer/.specula-output/spec/Trace.cfg	materialize	run-evidence	Original symlink materialized with identical target bytes	{}
specula/runs/nvflare-transfer-20260913/nvflare-transfer/.specula-output/harness/validation/delete_with_late_confirmation/spec/Trace.tla	harness/validation/delete_with_late_confirmation/spec/Trace.tla	file	0664	1789310685963298558	47126	070d33a561891f76a12dfb2a11d77ff9abd47f8d3ee2b7a96e36fe42bb4864dd	/home/ubuntu/nvflare-runs-20260913/specula/runs/nvflare-transfer-20260913/nvflare-transfer/.specula-output/spec/Trace.tla	materialize	run-evidence	Original symlink materialized with identical target bytes	{}
specula/runs/nvflare-transfer-20260913/nvflare-transfer/.specula-output/harness/validation/delete_with_late_confirmation/spec/base.tla	harness/validation/delete_with_late_confirmation/spec/base.tla	file	0664	1789310685962298570	80087	685b262b2f7c174e65db91d0f0bc2d15e83423aa8cbf2ebf555ba56d7ba5f14a	/home/ubuntu/nvflare-runs-20260913/specula/runs/nvflare-transfer-20260913/nvflare-transfer/.specula-output/spec/base.tla	materialize	run-evidence	Original symlink materialized with identical target bytes	{}
specula/runs/nvflare-transfer-20260913/nvflare-transfer/.specula-output/harness/validation/delete_with_late_confirmation/traces/trace.ndjson	harness/validation/delete_with_late_confirmation/traces/trace.ndjson	file	0664	1789313482578110835	166378	e3676b2956e42a03c8a73e10749a759e877adf0f8e0fc0fa5577577baece82e4	/home/ubuntu/nvflare-runs-20260913/specula/runs/nvflare-transfer-20260913/nvflare-transfer/.specula-output/traces/normalized/delete_with_late_confirmation.ndjson	materialize	run-evidence	Original symlink materialized with identical target bytes	{}
specula/runs/nvflare-transfer-20260913/nvflare-transfer/.specula-output/harness/validation/disjoint_receivers_and_idle_budget/spec/Trace.cfg	harness/validation/disjoint_receivers_and_idle_budget/spec/Trace.cfg	file	0664	1789310685963298558	844	f237076d59984371c52351f70cc00c05942bcdc912211fdef32081f54f290f69	/home/ubuntu/nvflare-runs-20260913/specula/runs/nvflare-transfer-20260913/nvflare-transfer/.specula-output/spec/Trace.cfg	materialize	run-evidence	Original symlink materialized with identical target bytes	{}
specula/runs/nvflare-transfer-20260913/nvflare-transfer/.specula-output/harness/validation/disjoint_receivers_and_idle_budget/spec/Trace.tla	harness/validation/disjoint_receivers_and_idle_budget/spec/Trace.tla	file	0664	1789310685963298558	47126	070d33a561891f76a12dfb2a11d77ff9abd47f8d3ee2b7a96e36fe42bb4864dd	/home/ubuntu/nvflare-runs-20260913/specula/runs/nvflare-transfer-20260913/nvflare-transfer/.specula-output/spec/Trace.tla	materialize	run-evidence	Original symlink materialized with identical target bytes	{}
specula/runs/nvflare-transfer-20260913/nvflare-transfer/.specula-output/harness/validation/disjoint_receivers_and_idle_budget/spec/base.tla	harness/validation/disjoint_receivers_and_idle_budget/spec/base.tla	file	0664	1789310685962298570	80087	685b262b2f7c174e65db91d0f0bc2d15e83423aa8cbf2ebf555ba56d7ba5f14a	/home/ubuntu/nvflare-runs-20260913/specula/runs/nvflare-transfer-20260913/nvflare-transfer/.specula-output/spec/base.tla	materialize	run-evidence	Original symlink materialized with identical target bytes	{}
specula/runs/nvflare-transfer-20260913/nvflare-transfer/.specula-output/harness/validation/disjoint_receivers_and_idle_budget/traces/trace.ndjson	harness/validation/disjoint_receivers_and_idle_budget/traces/trace.ndjson	file	0664	1789313482586110741	385058	e764ebcf063249aa2339418d2b9d4b0aaf2c6b2c3db6b834057747dd3a2975ba	/home/ubuntu/nvflare-runs-20260913/specula/runs/nvflare-transfer-20260913/nvflare-transfer/.specula-output/traces/normalized/disjoint_receivers_and_idle_budget.ndjson	materialize	run-evidence	Original symlink materialized with identical target bytes	{}
specula/runs/nvflare-transfer-20260913/nvflare-transfer/.specula-output/harness/validation/executor_stopped_fallback/spec/Trace.cfg	harness/validation/executor_stopped_fallback/spec/Trace.cfg	file	0664	1789310685963298558	844	f237076d59984371c52351f70cc00c05942bcdc912211fdef32081f54f290f69	/home/ubuntu/nvflare-runs-20260913/specula/runs/nvflare-transfer-20260913/nvflare-transfer/.specula-output/spec/Trace.cfg	materialize	run-evidence	Original symlink materialized with identical target bytes	{}
specula/runs/nvflare-transfer-20260913/nvflare-transfer/.specula-output/harness/validation/executor_stopped_fallback/spec/Trace.tla	harness/validation/executor_stopped_fallback/spec/Trace.tla	file	0664	1789310685963298558	47126	070d33a561891f76a12dfb2a11d77ff9abd47f8d3ee2b7a96e36fe42bb4864dd	/home/ubuntu/nvflare-runs-20260913/specula/runs/nvflare-transfer-20260913/nvflare-transfer/.specula-output/spec/Trace.tla	materialize	run-evidence	Original symlink materialized with identical target bytes	{}
specula/runs/nvflare-transfer-20260913/nvflare-transfer/.specula-output/harness/validation/executor_stopped_fallback/spec/base.tla	harness/validation/executor_stopped_fallback/spec/base.tla	file	0664	1789310685962298570	80087	685b262b2f7c174e65db91d0f0bc2d15e83423aa8cbf2ebf555ba56d7ba5f14a	/home/ubuntu/nvflare-runs-20260913/specula/runs/nvflare-transfer-20260913/nvflare-transfer/.specula-output/spec/base.tla	materialize	run-evidence	Original symlink materialized with identical target bytes	{}
specula/runs/nvflare-transfer-20260913/nvflare-transfer/.specula-output/harness/validation/executor_stopped_fallback/traces/trace.ndjson	harness/validation/executor_stopped_fallback/traces/trace.ndjson	file	0664	1789313482597110611	525651	eab4b1097cb4b02ea63ad6cc407d3f5c7d667ad7c3f6b097419c6a8376aefd4c	/home/ubuntu/nvflare-runs-20260913/specula/runs/nvflare-transfer-20260913/nvflare-transfer/.specula-output/traces/normalized/executor_stopped_fallback.ndjson	materialize	run-evidence	Original symlink materialized with identical target bytes	{}
specula/runs/nvflare-transfer-20260913/nvflare-transfer/.specula-output/harness/validation/lost_confirmation/spec/Trace.cfg	harness/validation/lost_confirmation/spec/Trace.cfg	file	0664	1789310685963298558	844	f237076d59984371c52351f70cc00c05942bcdc912211fdef32081f54f290f69	/home/ubuntu/nvflare-runs-20260913/specula/runs/nvflare-transfer-20260913/nvflare-transfer/.specula-output/spec/Trace.cfg	materialize	run-evidence	Original symlink materialized with identical target bytes	{}
specula/runs/nvflare-transfer-20260913/nvflare-transfer/.specula-output/harness/validation/lost_confirmation/spec/Trace.tla	harness/validation/lost_confirmation/spec/Trace.tla	file	0664	1789310685963298558	47126	070d33a561891f76a12dfb2a11d77ff9abd47f8d3ee2b7a96e36fe42bb4864dd	/home/ubuntu/nvflare-runs-20260913/specula/runs/nvflare-transfer-20260913/nvflare-transfer/.specula-output/spec/Trace.tla	materialize	run-evidence	Original symlink materialized with identical target bytes	{}
specula/runs/nvflare-transfer-20260913/nvflare-transfer/.specula-output/harness/validation/lost_confirmation/spec/base.tla	harness/validation/lost_confirmation/spec/base.tla	file	0664	1789310685962298570	80087	685b262b2f7c174e65db91d0f0bc2d15e83423aa8cbf2ebf555ba56d7ba5f14a	/home/ubuntu/nvflare-runs-20260913/specula/runs/nvflare-transfer-20260913/nvflare-transfer/.specula-output/spec/base.tla	materialize	run-evidence	Original symlink materialized with identical target bytes	{}
specula/runs/nvflare-transfer-20260913/nvflare-transfer/.specula-output/harness/validation/lost_confirmation/traces/trace.ndjson	harness/validation/lost_confirmation/traces/trace.ndjson	file	0664	1789313482610110458	525272	5627921c60f81b76f5768e97b11d61c77a66460991c242d28bc2925139a8d51c	/home/ubuntu/nvflare-runs-20260913/specula/runs/nvflare-transfer-20260913/nvflare-transfer/.specula-output/traces/normalized/lost_confirmation.ndjson	materialize	run-evidence	Original symlink materialized with identical target bytes	{}
specula/runs/nvflare-transfer-20260913/nvflare-transfer/.specula-output/harness/validation/never_acquired_receiver/spec/Trace.cfg	harness/validation/never_acquired_receiver/spec/Trace.cfg	file	0664	1789310685963298558	844	f237076d59984371c52351f70cc00c05942bcdc912211fdef32081f54f290f69	/home/ubuntu/nvflare-runs-20260913/specula/runs/nvflare-transfer-20260913/nvflare-transfer/.specula-output/spec/Trace.cfg	materialize	run-evidence	Original symlink materialized with identical target bytes	{}
specula/runs/nvflare-transfer-20260913/nvflare-transfer/.specula-output/harness/validation/never_acquired_receiver/spec/Trace.tla	harness/validation/never_acquired_receiver/spec/Trace.tla	file	0664	1789310685963298558	47126	070d33a561891f76a12dfb2a11d77ff9abd47f8d3ee2b7a96e36fe42bb4864dd	/home/ubuntu/nvflare-runs-20260913/specula/runs/nvflare-transfer-20260913/nvflare-transfer/.specula-output/spec/Trace.tla	materialize	run-evidence	Original symlink materialized with identical target bytes	{}
specula/runs/nvflare-transfer-20260913/nvflare-transfer/.specula-output/harness/validation/never_acquired_receiver/spec/base.tla	harness/validation/never_acquired_receiver/spec/base.tla	file	0664	1789310685962298570	80087	685b262b2f7c174e65db91d0f0bc2d15e83423aa8cbf2ebf555ba56d7ba5f14a	/home/ubuntu/nvflare-runs-20260913/specula/runs/nvflare-transfer-20260913/nvflare-transfer/.specula-output/spec/base.tla	materialize	run-evidence	Original symlink materialized with identical target bytes	{}
specula/runs/nvflare-transfer-20260913/nvflare-transfer/.specula-output/harness/validation/never_acquired_receiver/traces/trace.ndjson	harness/validation/never_acquired_receiver/traces/trace.ndjson	file	0664	1789313482619110352	373740	dc99856337f4d90b5e250da4edcf8ce0f948d0f1183acc1a340d11e21045f02e	/home/ubuntu/nvflare-runs-20260913/specula/runs/nvflare-transfer-20260913/nvflare-transfer/.specula-output/traces/normalized/never_acquired_receiver.ndjson	materialize	run-evidence	Original symlink materialized with identical target bytes	{}
specula/runs/nvflare-transfer-20260913/nvflare-transfer/.specula-output/harness/validation/outcome_computation_exception/spec/Trace.cfg	harness/validation/outcome_computation_exception/spec/Trace.cfg	file	0664	1789310685963298558	844	f237076d59984371c52351f70cc00c05942bcdc912211fdef32081f54f290f69	/home/ubuntu/nvflare-runs-20260913/specula/runs/nvflare-transfer-20260913/nvflare-transfer/.specula-output/spec/Trace.cfg	materialize	run-evidence	Original symlink materialized with identical target bytes	{}
specula/runs/nvflare-transfer-20260913/nvflare-transfer/.specula-output/harness/validation/outcome_computation_exception/spec/Trace.tla	harness/validation/outcome_computation_exception/spec/Trace.tla	file	0664	1789310685963298558	47126	070d33a561891f76a12dfb2a11d77ff9abd47f8d3ee2b7a96e36fe42bb4864dd	/home/ubuntu/nvflare-runs-20260913/specula/runs/nvflare-transfer-20260913/nvflare-transfer/.specula-output/spec/Trace.tla	materialize	run-evidence	Original symlink materialized with identical target bytes	{}
specula/runs/nvflare-transfer-20260913/nvflare-transfer/.specula-output/harness/validation/outcome_computation_exception/spec/base.tla	harness/validation/outcome_computation_exception/spec/base.tla	file	0664	1789310685962298570	80087	685b262b2f7c174e65db91d0f0bc2d15e83423aa8cbf2ebf555ba56d7ba5f14a	/home/ubuntu/nvflare-runs-20260913/specula/runs/nvflare-transfer-20260913/nvflare-transfer/.specula-output/spec/base.tla	materialize	run-evidence	Original symlink materialized with identical target bytes	{}
specula/runs/nvflare-transfer-20260913/nvflare-transfer/.specula-output/harness/validation/outcome_computation_exception/traces/trace.ndjson	harness/validation/outcome_computation_exception/traces/trace.ndjson	file	0664	1789313482631110211	525741	c1e7ba8645d56881e46feb4dd7a328db6ab42fdd2a3019682bba783732f2b1bc	/home/ubuntu/nvflare-runs-20260913/specula/runs/nvflare-transfer-20260913/nvflare-transfer/.specula-output/traces/normalized/outcome_computation_exception.ndjson	materialize	run-evidence	Original symlink materialized with identical target bytes	{}
specula/runs/nvflare-transfer-20260913/nvflare-transfer/.specula-output/harness/validation/pipeline_consume_failure/spec/Trace.cfg	harness/validation/pipeline_consume_failure/spec/Trace.cfg	file	0664	1789310685963298558	844	f237076d59984371c52351f70cc00c05942bcdc912211fdef32081f54f290f69	/home/ubuntu/nvflare-runs-20260913/specula/runs/nvflare-transfer-20260913/nvflare-transfer/.specula-output/spec/Trace.cfg	materialize	run-evidence	Original symlink materialized with identical target bytes	{}
specula/runs/nvflare-transfer-20260913/nvflare-transfer/.specula-output/harness/validation/pipeline_consume_failure/spec/Trace.tla	harness/validation/pipeline_consume_failure/spec/Trace.tla	file	0664	1789310685963298558	47126	070d33a561891f76a12dfb2a11d77ff9abd47f8d3ee2b7a96e36fe42bb4864dd	/home/ubuntu/nvflare-runs-20260913/specula/runs/nvflare-transfer-20260913/nvflare-transfer/.specula-output/spec/Trace.tla	materialize	run-evidence	Original symlink materialized with identical target bytes	{}
specula/runs/nvflare-transfer-20260913/nvflare-transfer/.specula-output/harness/validation/pipeline_consume_failure/spec/base.tla	harness/validation/pipeline_consume_failure/spec/base.tla	file	0664	1789310685962298570	80087	685b262b2f7c174e65db91d0f0bc2d15e83423aa8cbf2ebf555ba56d7ba5f14a	/home/ubuntu/nvflare-runs-20260913/specula/runs/nvflare-transfer-20260913/nvflare-transfer/.specula-output/spec/base.tla	materialize	run-evidence	Original symlink materialized with identical target bytes	{}
specula/runs/nvflare-transfer-20260913/nvflare-transfer/.specula-output/harness/validation/pipeline_consume_failure/traces/trace.ndjson	harness/validation/pipeline_consume_failure/traces/trace.ndjson	file	0664	1789313482641110093	435207	133437f70c3bc65154564125a429e1497470e814c6525efbb64d34f78ccbac66	/home/ubuntu/nvflare-runs-20260913/specula/runs/nvflare-transfer-20260913/nvflare-transfer/.specula-output/traces/normalized/pipeline_consume_failure.ndjson	materialize	run-evidence	Original symlink materialized with identical target bytes	{}
specula/runs/nvflare-transfer-20260913/nvflare-transfer/.specula-output/harness/validation/producer_error/spec/Trace.cfg	harness/validation/producer_error/spec/Trace.cfg	file	0664	1789310685963298558	844	f237076d59984371c52351f70cc00c05942bcdc912211fdef32081f54f290f69	/home/ubuntu/nvflare-runs-20260913/specula/runs/nvflare-transfer-20260913/nvflare-transfer/.specula-output/spec/Trace.cfg	materialize	run-evidence	Original symlink materialized with identical target bytes	{}
specula/runs/nvflare-transfer-20260913/nvflare-transfer/.specula-output/harness/validation/producer_error/spec/Trace.tla	harness/validation/producer_error/spec/Trace.tla	file	0664	1789310685963298558	47126	070d33a561891f76a12dfb2a11d77ff9abd47f8d3ee2b7a96e36fe42bb4864dd	/home/ubuntu/nvflare-runs-20260913/specula/runs/nvflare-transfer-20260913/nvflare-transfer/.specula-output/spec/Trace.tla	materialize	run-evidence	Original symlink materialized with identical target bytes	{}
specula/runs/nvflare-transfer-20260913/nvflare-transfer/.specula-output/harness/validation/producer_error/spec/base.tla	harness/validation/producer_error/spec/base.tla	file	0664	1789310685962298570	80087	685b262b2f7c174e65db91d0f0bc2d15e83423aa8cbf2ebf555ba56d7ba5f14a	/home/ubuntu/nvflare-runs-20260913/specula/runs/nvflare-transfer-20260913/nvflare-transfer/.specula-output/spec/base.tla	materialize	run-evidence	Original symlink materialized with identical target bytes	{}
specula/runs/nvflare-transfer-20260913/nvflare-transfer/.specula-output/harness/validation/producer_error/traces/trace.ndjson	harness/validation/producer_error/traces/trace.ndjson	file	0664	1789313482652109964	524217	d9b44b60d5063f10b0bf11f2146b54f8ba2c8c44b16b165690c2454f000d8d9f	/home/ubuntu/nvflare-runs-20260913/specula/runs/nvflare-transfer-20260913/nvflare-transfer/.specula-output/traces/normalized/producer_error.ndjson	materialize	run-evidence	Original symlink materialized with identical target bytes	{}
specula/runs/nvflare-transfer-20260913/nvflare-transfer/.specula-output/harness/validation/producer_exception/spec/Trace.cfg	harness/validation/producer_exception/spec/Trace.cfg	file	0664	1789310685963298558	844	f237076d59984371c52351f70cc00c05942bcdc912211fdef32081f54f290f69	/home/ubuntu/nvflare-runs-20260913/specula/runs/nvflare-transfer-20260913/nvflare-transfer/.specula-output/spec/Trace.cfg	materialize	run-evidence	Original symlink materialized with identical target bytes	{}
specula/runs/nvflare-transfer-20260913/nvflare-transfer/.specula-output/harness/validation/producer_exception/spec/Trace.tla	harness/validation/producer_exception/spec/Trace.tla	file	0664	1789310685963298558	47126	070d33a561891f76a12dfb2a11d77ff9abd47f8d3ee2b7a96e36fe42bb4864dd	/home/ubuntu/nvflare-runs-20260913/specula/runs/nvflare-transfer-20260913/nvflare-transfer/.specula-output/spec/Trace.tla	materialize	run-evidence	Original symlink materialized with identical target bytes	{}
specula/runs/nvflare-transfer-20260913/nvflare-transfer/.specula-output/harness/validation/producer_exception/spec/base.tla	harness/validation/producer_exception/spec/base.tla	file	0664	1789310685962298570	80087	685b262b2f7c174e65db91d0f0bc2d15e83423aa8cbf2ebf555ba56d7ba5f14a	/home/ubuntu/nvflare-runs-20260913/specula/runs/nvflare-transfer-20260913/nvflare-transfer/.specula-output/spec/base.tla	materialize	run-evidence	Original symlink materialized with identical target bytes	{}
specula/runs/nvflare-transfer-20260913/nvflare-transfer/.specula-output/harness/validation/producer_exception/traces/trace.ndjson	harness/validation/producer_exception/traces/trace.ndjson	file	0664	1789313482660109870	341935	771d897947f4c022d1a814ca05a397279c1ef0a628eb7dcfbb2737b78576ddf8	/home/ubuntu/nvflare-runs-20260913/specula/runs/nvflare-transfer-20260913/nvflare-transfer/.specula-output/traces/normalized/producer_exception.ndjson	materialize	run-evidence	Original symlink materialized with identical target bytes	{}
specula/runs/nvflare-transfer-20260913/nvflare-transfer/.specula-output/harness/validation/queue_then_submit_exception/spec/Trace.cfg	harness/validation/queue_then_submit_exception/spec/Trace.cfg	file	0664	1789310685963298558	844	f237076d59984371c52351f70cc00c05942bcdc912211fdef32081f54f290f69	/home/ubuntu/nvflare-runs-20260913/specula/runs/nvflare-transfer-20260913/nvflare-transfer/.specula-output/spec/Trace.cfg	materialize	run-evidence	Original symlink materialized with identical target bytes	{}
specula/runs/nvflare-transfer-20260913/nvflare-transfer/.specula-output/harness/validation/queue_then_submit_exception/spec/Trace.tla	harness/validation/queue_then_submit_exception/spec/Trace.tla	file	0664	1789310685963298558	47126	070d33a561891f76a12dfb2a11d77ff9abd47f8d3ee2b7a96e36fe42bb4864dd	/home/ubuntu/nvflare-runs-20260913/specula/runs/nvflare-transfer-20260913/nvflare-transfer/.specula-output/spec/Trace.tla	materialize	run-evidence	Original symlink materialized with identical target bytes	{}
specula/runs/nvflare-transfer-20260913/nvflare-transfer/.specula-output/harness/validation/queue_then_submit_exception/spec/base.tla	harness/validation/queue_then_submit_exception/spec/base.tla	file	0664	1789310685962298570	80087	685b262b2f7c174e65db91d0f0bc2d15e83423aa8cbf2ebf555ba56d7ba5f14a	/home/ubuntu/nvflare-runs-20260913/specula/runs/nvflare-transfer-20260913/nvflare-transfer/.specula-output/spec/base.tla	materialize	run-evidence	Original symlink materialized with identical target bytes	{}
specula/runs/nvflare-transfer-20260913/nvflare-transfer/.specula-output/harness/validation/queue_then_submit_exception/traces/trace.ndjson	harness/validation/queue_then_submit_exception/traces/trace.ndjson	file	0664	1789313482673109717	586624	71ae7efbe78dd140f53b8ce2ba3223955509e9ae35ab5e63e05c21f5830bfd36	/home/ubuntu/nvflare-runs-20260913/specula/runs/nvflare-transfer-20260913/nvflare-transfer/.specula-output/traces/normalized/queue_then_submit_exception.ndjson	materialize	run-evidence	Original symlink materialized with identical target bytes	{}
specula/runs/nvflare-transfer-20260913/nvflare-transfer/.specula-output/harness/validation/receiver_failure_and_callbacks/spec/Trace.cfg	harness/validation/receiver_failure_and_callbacks/spec/Trace.cfg	file	0664	1789310685963298558	844	f237076d59984371c52351f70cc00c05942bcdc912211fdef32081f54f290f69	/home/ubuntu/nvflare-runs-20260913/specula/runs/nvflare-transfer-20260913/nvflare-transfer/.specula-output/spec/Trace.cfg	materialize	run-evidence	Original symlink materialized with identical target bytes	{}
specula/runs/nvflare-transfer-20260913/nvflare-transfer/.specula-output/harness/validation/receiver_failure_and_callbacks/spec/Trace.tla	harness/validation/receiver_failure_and_callbacks/spec/Trace.tla	file	0664	1789310685963298558	47126	070d33a561891f76a12dfb2a11d77ff9abd47f8d3ee2b7a96e36fe42bb4864dd	/home/ubuntu/nvflare-runs-20260913/specula/runs/nvflare-transfer-20260913/nvflare-transfer/.specula-output/spec/Trace.tla	materialize	run-evidence	Original symlink materialized with identical target bytes	{}
specula/runs/nvflare-transfer-20260913/nvflare-transfer/.specula-output/harness/validation/receiver_failure_and_callbacks/spec/base.tla	harness/validation/receiver_failure_and_callbacks/spec/base.tla	file	0664	1789310685962298570	80087	685b262b2f7c174e65db91d0f0bc2d15e83423aa8cbf2ebf555ba56d7ba5f14a	/home/ubuntu/nvflare-runs-20260913/specula/runs/nvflare-transfer-20260913/nvflare-transfer/.specula-output/spec/base.tla	materialize	run-evidence	Original symlink materialized with identical target bytes	{}
specula/runs/nvflare-transfer-20260913/nvflare-transfer/.specula-output/harness/validation/receiver_failure_and_callbacks/traces/trace.ndjson	harness/validation/receiver_failure_and_callbacks/traces/trace.ndjson	file	0664	1789313482685109575	524344	be81e2e385c38a206d9dc85d30f7bc152e283dd6beb940ea9c3bbac2cb46492d	/home/ubuntu/nvflare-runs-20260913/specula/runs/nvflare-transfer-20260913/nvflare-transfer/.specula-output/traces/normalized/receiver_failure_and_callbacks.ndjson	materialize	run-evidence	Original symlink materialized with identical target bytes	{}
specula/runs/nvflare-transfer-20260913/nvflare-transfer/.specula-output/harness/validation/shutdown_pending_waiter/spec/Trace.cfg	harness/validation/shutdown_pending_waiter/spec/Trace.cfg	file	0664	1789310685963298558	844	f237076d59984371c52351f70cc00c05942bcdc912211fdef32081f54f290f69	/home/ubuntu/nvflare-runs-20260913/specula/runs/nvflare-transfer-20260913/nvflare-transfer/.specula-output/spec/Trace.cfg	materialize	run-evidence	Original symlink materialized with identical target bytes	{}
specula/runs/nvflare-transfer-20260913/nvflare-transfer/.specula-output/harness/validation/shutdown_pending_waiter/spec/Trace.tla	harness/validation/shutdown_pending_waiter/spec/Trace.tla	file	0664	1789310685963298558	47126	070d33a561891f76a12dfb2a11d77ff9abd47f8d3ee2b7a96e36fe42bb4864dd	/home/ubuntu/nvflare-runs-20260913/specula/runs/nvflare-transfer-20260913/nvflare-transfer/.specula-output/spec/Trace.tla	materialize	run-evidence	Original symlink materialized with identical target bytes	{}
specula/runs/nvflare-transfer-20260913/nvflare-transfer/.specula-output/harness/validation/shutdown_pending_waiter/spec/base.tla	harness/validation/shutdown_pending_waiter/spec/base.tla	file	0664	1789310685962298570	80087	685b262b2f7c174e65db91d0f0bc2d15e83423aa8cbf2ebf555ba56d7ba5f14a	/home/ubuntu/nvflare-runs-20260913/specula/runs/nvflare-transfer-20260913/nvflare-transfer/.specula-output/spec/base.tla	materialize	run-evidence	Original symlink materialized with identical target bytes	{}
specula/runs/nvflare-transfer-20260913/nvflare-transfer/.specula-output/harness/validation/shutdown_pending_waiter/traces/trace.ndjson	harness/validation/shutdown_pending_waiter/traces/trace.ndjson	file	0664	1789313482690109517	161889	82978a6093467c25d9a0e7f7061b443662324391c7aea4a83a8a4212ed4d4683	/home/ubuntu/nvflare-runs-20260913/specula/runs/nvflare-transfer-20260913/nvflare-transfer/.specula-output/traces/normalized/shutdown_pending_waiter.ndjson	materialize	run-evidence	Original symlink materialized with identical target bytes	{}
specula/runs/nvflare-transfer-20260913/nvflare-transfer/.specula-output/harness/validation/transaction_timeout/spec/Trace.cfg	harness/validation/transaction_timeout/spec/Trace.cfg	file	0664	1789310685963298558	844	f237076d59984371c52351f70cc00c05942bcdc912211fdef32081f54f290f69	/home/ubuntu/nvflare-runs-20260913/specula/runs/nvflare-transfer-20260913/nvflare-transfer/.specula-output/spec/Trace.cfg	materialize	run-evidence	Original symlink materialized with identical target bytes	{}
specula/runs/nvflare-transfer-20260913/nvflare-transfer/.specula-output/harness/validation/transaction_timeout/spec/Trace.tla	harness/validation/transaction_timeout/spec/Trace.tla	file	0664	1789310685963298558	47126	070d33a561891f76a12dfb2a11d77ff9abd47f8d3ee2b7a96e36fe42bb4864dd	/home/ubuntu/nvflare-runs-20260913/specula/runs/nvflare-transfer-20260913/nvflare-transfer/.specula-output/spec/Trace.tla	materialize	run-evidence	Original symlink materialized with identical target bytes	{}
specula/runs/nvflare-transfer-20260913/nvflare-transfer/.specula-output/harness/validation/transaction_timeout/spec/base.tla	harness/validation/transaction_timeout/spec/base.tla	file	0664	1789310685962298570	80087	685b262b2f7c174e65db91d0f0bc2d15e83423aa8cbf2ebf555ba56d7ba5f14a	/home/ubuntu/nvflare-runs-20260913/specula/runs/nvflare-transfer-20260913/nvflare-transfer/.specula-output/spec/base.tla	materialize	run-evidence	Original symlink materialized with identical target bytes	{}
specula/runs/nvflare-transfer-20260913/nvflare-transfer/.specula-output/harness/validation/transaction_timeout/traces/trace.ndjson	harness/validation/transaction_timeout/traces/trace.ndjson	file	0664	1789313482693109481	85127	ea1119043748b0d2446669a0a7e8d96d40824601b60423095011aa027ec79794	/home/ubuntu/nvflare-runs-20260913/specula/runs/nvflare-transfer-20260913/nvflare-transfer/.specula-output/traces/normalized/transaction_timeout.ndjson	materialize	run-evidence	Original symlink materialized with identical target bytes	{}
specula/runs/nvflare-transfer-20260913/nvflare-transfer/.specula-output/history-review.md	history-review.md	file	0664	1789305808471878284	23252	b128cd986c274c68f51710e9d1e71f10536c7603c71d44f17d3d6649c9324e84		copy	run-evidence		{}
specula/runs/nvflare-transfer-20260913/nvflare-transfer/.specula-output/modeling-brief.md	modeling-brief.md	file	0664	1789308087562416670	20306	b8af58df06908cd9643810db5ce8ac4d41c734e0f2fee83fa8842465a5cb3768		copy	run-evidence		{}
specula/runs/nvflare-transfer-20260913/pipeline-summary.md	provenance/original-pipeline-summary.md	file	0664	1789321591345831557	1203	79ed44a6db842fad94e0092fd5976c1cb8cd5573f690494645d2ce4e236522b5		copy	run-evidence		{}
specula/runs/nvflare-transfer-20260913/run.json	provenance/original-run.json	file	0664	1789304755883542666	4406	e5d209aad83f7c34b9ffc7006e8d0f92651a0f6a99ea460c704ee2fd5ad84d47		copy	run-evidence		{}
specula/runs/nvflare-transfer-20260913/nvflare-transfer/.specula-output/repro/test_bugCR-2_fire_forget_fanout.py	repro/test_bugCR-2_fire_forget_fanout.py	file	0775	1789320824418173080	9681	6850c061579ee8b2a5a746e71bc4b38176691076c91fb8b9a523b0d8fc2dc29e		copy	run-evidence		{}
specula/runs/nvflare-transfer-20260913/nvflare-transfer/.specula-output/repro/test_bugCR-4_receiver_budget_warning.py	repro/test_bugCR-4_receiver_budget_warning.py	file	0664	1789320700697607725	5109	8c03e86b35ac1118fbc854a9c3ca485f99e2ecffbccb54949a738e8edc7be35d		copy	run-evidence		{}
specula/runs/nvflare-transfer-20260913/nvflare-transfer/.specula-output/repro/test_bugCR-5_receipt_acquired_lifecycle.py	repro/test_bugCR-5_receipt_acquired_lifecycle.py	file	0664	1789321230627124712	12091	5e386644b8d20795df2feed179669c7ff930ad4a56d7c8da50dc5d9809e6b96b		copy	run-evidence		{}
specula/runs/nvflare-transfer-20260913/nvflare-transfer/.specula-output/repro/test_bugMC-1_post_enqueue_settlement.py	repro/test_bugMC-1_post_enqueue_settlement.py	file	0664	1789320628786438856	8764	22f8a95f98af41300a92985d4a4475476b92949c382cfebc86b8ba8a8d46a4c4		copy	run-evidence		{}
specula/runs/nvflare-transfer-20260913/nvflare-transfer/.specula-output/repro/test_bugMC-2_pipelined_eof_cancel_progress.py	repro/test_bugMC-2_pipelined_eof_cancel_progress.py	file	0775	1789320830151106865	9905	e06875d34532fc508efab86191214314f306be4b913d4afa27e366685c5d7b95		copy	run-evidence		{}
specula/runs/nvflare-transfer-20260913/nvflare-transfer/.specula-output/review-analysis.md	review-analysis.md	file	0664	1789308391276780040	4909	5a1ad479b9cec4a98c3e5cf02e2588d5d34c3317bda2b71c71ad5937d2020b68		copy	run-evidence		{}
	run.json	file	0600	0	1873	a19eca12c957e0c72727fc3de1f8abf57c4e51a713ce0503e38ae5ab76ef360c		generated	curated-documentation	Curated archive metadata	{}
specula/runs/nvflare-transfer-20260913/nvflare-transfer/.specula-output/spec/MC.cfg	spec/MC.cfg	file	0664	1789310685962298570	1820	49d03f40b4444d303d4b980b0b6cb51f66fe00a2a3d3625c6194ea4192b6cf4d		copy	run-evidence		{}
specula/runs/nvflare-transfer-20260913/nvflare-transfer/.specula-output/spec/MC.tla	spec/MC.tla	file	0664	1789310685962298570	5170	31e24d6d5a6a30a1eaeb5981c5655261a9cc4292e39683a6a4ea757e03f958c9		copy	run-evidence		{}
specula/runs/nvflare-transfer-20260913/nvflare-transfer/.specula-output/spec/MC_hunt_s1_progress.cfg	spec/MC_hunt_s1_progress.cfg	file	0664	1789310685962298570	1635	78aba217e08f6b3631032bdf6942fe53ccea8b181906d8aed32faedfcffc258f		copy	run-evidence		{}
specula/runs/nvflare-transfer-20260913/nvflare-transfer/.specula-output/spec/MC_hunt_s3_after_receipt.cfg	spec/MC_hunt_s3_after_receipt.cfg	file	0664	1789310685963298558	1670	00e57eefae97e336dfbb0c10226aee6f87523738981c46edf32d546913c3f61c		copy	run-evidence		{}
specula/runs/nvflare-transfer-20260913/nvflare-transfer/.specula-output/spec/MC_hunt_s3_settlement.cfg	spec/MC_hunt_s3_settlement.cfg	file	0664	1789310685962298570	1632	df4ae81939cac989a2b147775a167dd454e58fcaae090f1d5a6188bcac3127a2		copy	run-evidence		{}
specula/runs/nvflare-transfer-20260913/nvflare-transfer/.specula-output/spec/MC_hunt_s4_budgets.cfg	spec/MC_hunt_s4_budgets.cfg	file	0664	1789310685963298558	1690	53b4c7ad2b76d20ecbf26acdacf96ba15bb6092464c2a98a719414cfdbfec00d		copy	run-evidence		{}
specula/runs/nvflare-transfer-20260913/nvflare-transfer/.specula-output/spec/Trace.cfg	spec/Trace.cfg	file	0664	1789310685963298558	844	f237076d59984371c52351f70cc00c05942bcdc912211fdef32081f54f290f69		copy	run-evidence		{}
specula/runs/nvflare-transfer-20260913/nvflare-transfer/.specula-output/spec/Trace.tla	spec/Trace.tla	file	0664	1789310685963298558	47126	070d33a561891f76a12dfb2a11d77ff9abd47f8d3ee2b7a96e36fe42bb4864dd		copy	run-evidence		{}
specula/runs/nvflare-transfer-20260913/nvflare-transfer/.specula-output/spec/action-map.json	spec/action-map.json	file	0664	1789310685962298570	32073	a3eb239c2d49a9801c9e0788cbbb340ad040d561e89d916ec9412d7075d56cf0		copy	run-evidence		{}
specula/runs/nvflare-transfer-20260913/nvflare-transfer/.specula-output/spec/base.cfg	spec/base.cfg	file	0664	1789310685962298570	759	014df0f87e233820d2eeee91e7f2c929530feb114b6541424b5bf8ef0341280e		copy	run-evidence		{}
specula/runs/nvflare-transfer-20260913/nvflare-transfer/.specula-output/spec/base.tla	spec/base.tla	file	0664	1789310685962298570	80087	685b262b2f7c174e65db91d0f0bc2d15e83423aa8cbf2ebf555ba56d7ba5f14a		copy	run-evidence		{}
specula/runs/nvflare-transfer-20260913/nvflare-transfer/.specula-output/spec/brief-coverage.md	spec/brief-coverage.md	file	0664	1789319682591003431	13150	c479fa1a06783cd39f2289a057017d281089d6bfb85b8faa1ec418003b7df5da		copy	run-evidence		{}
specula/runs/nvflare-transfer-20260913/nvflare-transfer/.specula-output/spec/bug-report.md	spec/bug-report.md	file	0664	1789319739730341287	16729	3515f47319c60a1601707edd4b8356265e79c5bf9c4793467090fb9aa8dc41f6		copy	run-evidence		{}
specula/runs/nvflare-transfer-20260913/nvflare-transfer/.specula-output/spec/candidates.json	spec/candidates.json	file	0664	1789320200302179594	8317	24e8adb4951d2da07fe980c9f40ee206ec5db462233ef4dad80b9a7554fcdd2d		copy	run-evidence		{}
specula/runs/nvflare-transfer-20260913/nvflare-transfer/.specula-output/spec/changelog.md	spec/changelog.md	file	0664	1789319739730341287	3734	b60f173abfdcdc2d839ff54c5c8772b8a39f0ae4fb47f618c749643c21c057a0		copy	run-evidence		{}
specula/runs/nvflare-transfer-20260913/nvflare-transfer/.specula-output/spec/checks/ConfigInitCheck.java	spec/checks/ConfigInitCheck.java	file	0664	1789310762970357967	1788	7f96524236ac48ddc5c94f9ef7447f2652cfa1dddf79ceb1cc33e7f4817655ca		copy	run-evidence		{}
specula/runs/nvflare-transfer-20260913/nvflare-transfer/.specula-output/spec/checks/MC-init.log	spec/checks/MC-init.log	file	0664	1789310765683325053	1877	c58063e37e19d078243f74675dfa9807384d948d8ee36a65802cbb9a82e15374		copy	run-evidence		{}
specula/runs/nvflare-transfer-20260913/nvflare-transfer/.specula-output/spec/checks/MC-sany.log	spec/checks/MC-sany.log	file	0664	1789310763648349719	1802	5db4793485415d344ba6acf2191aa4f22ca424068ba887ca9f64b6c2c758840b		copy	run-evidence		{}
specula/runs/nvflare-transfer-20260913/nvflare-transfer/.specula-output/spec/checks/MC_hunt_s1_progress-init.log	spec/checks/MC_hunt_s1_progress-init.log	file	0664	1789310766504315102	2048	2116a81422516dc98b0ad996738ea6927741f8bb1dcaec0b98a775b21091eaf3		copy	run-evidence		{}
specula/runs/nvflare-transfer-20260913/nvflare-transfer/.specula-output/spec/checks/MC_hunt_s3_after_receipt-init.log	spec/checks/MC_hunt_s3_after_receipt-init.log	file	0664	1789310767280305696	2053	4f6897250dfdc76c5cdd2e6665d801af0783478181e627e7b98bb44f86d08cec		copy	run-evidence		{}
specula/runs/nvflare-transfer-20260913/nvflare-transfer/.specula-output/spec/checks/MC_hunt_s3_settlement-init.log	spec/checks/MC_hunt_s3_settlement-init.log	file	0664	1789310768091295867	2045	dc0486d1886b095357232a71b599705d93ffb43d8d6bd423ac81d9e09401ac10		copy	run-evidence		{}
specula/runs/nvflare-transfer-20260913/nvflare-transfer/.specula-output/spec/checks/MC_hunt_s4_budgets-init.log	spec/checks/MC_hunt_s4_budgets-init.log	file	0664	1789310768931285685	1887	6fc251db4f9d051b7fb3aeddb03fd9daed5e60038819a7ffbc9ed453da113716		copy	run-evidence		{}
specula/runs/nvflare-transfer-20260913/nvflare-transfer/.specula-output/spec/checks/Trace-init.log	spec/checks/Trace-init.log	file	0664	1789310769389280134	153	0930b6adc465105882547c0b152ccdc8652a3f61948aa25db164585cbd247487		copy	run-evidence		{}
specula/runs/nvflare-transfer-20260913/nvflare-transfer/.specula-output/spec/checks/Trace-sany.log	spec/checks/Trace-sany.log	file	0664	1789310764116344046	3463	e7f10425290c27e84d6f471566bffa43f7b948f563d8cd6417b9ae9702d38a0b		copy	run-evidence		{}
specula/runs/nvflare-transfer-20260913/nvflare-transfer/.specula-output/spec/checks/TraceSchemaCheck.java	spec/checks/TraceSchemaCheck.java	file	0664	1789310407961626513	3137	03abcaa44ddd14761f4675191f7d9cb8fc7c9f9c171d5c529c609e302d092976		copy	run-evidence		{}
specula/runs/nvflare-transfer-20260913/nvflare-transfer/.specula-output/spec/checks/artifact-checks.json	spec/checks/artifact-checks.json	file	0664	1789310862415153341	4357	cfa137846b7e892008619b66cea2e06a1273e63d02395e96b788e014cc84da6b		copy	run-evidence		{}
specula/runs/nvflare-transfer-20260913/nvflare-transfer/.specula-output/spec/checks/base-init.log	spec/checks/base-init.log	file	0664	1789310764844335222	1692	ba2ed9558b3e80a93d143f132753b967bab6bb25b5f9a6762aec266c376e3814		copy	run-evidence		{}
specula/runs/nvflare-transfer-20260913/nvflare-transfer/.specula-output/spec/checks/base-sany.log	spec/checks/base-sany.log	file	0664	1789310763296353985	1621	996ed8560f4d665d448a12964d906fe7ed6a82edc699ffdc92a89a1a49948194		copy	run-evidence		{}
specula/runs/nvflare-transfer-20260913/nvflare-transfer/.specula-output/spec/checks/check_artifacts.py	spec/checks/check_artifacts.py	file	0664	1789310862380153745	5297	d6a136958b137db8f153b9eafd6e1e1c7ab9e3dbc0870c49252e9da300578614		copy	run-evidence		{}
specula/runs/nvflare-transfer-20260913/nvflare-transfer/.specula-output/spec/checks/initial-state.json	spec/checks/initial-state.json	file	0664	1789310770125271213	15193	def42cc23a919d2ef4422e0161e4fbde4241ab00f550dfc170769303c5c4c942		copy	run-evidence		{}
specula/runs/nvflare-transfer-20260913/nvflare-transfer/.specula-output/spec/checks/schema-encode.log	spec/checks/schema-encode.log	file	0664	1789310770242269795	1625	cf3f352796c3af39761149818e3ca8267f78b776b0285563e4cd7f8f81c64a63		copy	run-evidence		{}
specula/runs/nvflare-transfer-20260913/nvflare-transfer/.specula-output/spec/checks/schema-missing-post.log	spec/checks/schema-missing-post.log	file	0664	1789310772960236849	3517	731af593541073226c9d2c55f0036858d51e921e86e48f177071ac3307e8fc37		copy	run-evidence		{}
specula/runs/nvflare-transfer-20260913/nvflare-transfer/.specula-output/spec/checks/schema-missing-post.ndjson	spec/checks/schema-missing-post.ndjson	file	0664	1789310772050247880	18289	ed29a2dabf91918dbac49c90711c0423b2b698494a7ee8b49060ed230a2986f9		copy	run-evidence		{}
specula/runs/nvflare-transfer-20260913/nvflare-transfer/.specula-output/spec/checks/schema-valid.log	spec/checks/schema-valid.log	file	0664	1789310771142258887	3517	9b54cb14f06962a20b7c8d82f8e2436a122761a0f6ad3651ed329911a7b8bcd1		copy	run-evidence		{}
specula/runs/nvflare-transfer-20260913/nvflare-transfer/.specula-output/spec/checks/schema-valid.ndjson	spec/checks/schema-valid.ndjson	file	0664	1789310770244269771	18531	058d731b15bc3c1ebd396246db218960b613e16e6e99730cdfbd0732861438e1		copy	run-evidence		{}
specula/runs/nvflare-transfer-20260913/nvflare-transfer/.specula-output/spec/checks/schema-wrong-post.log	spec/checks/schema-wrong-post.log	file	0664	1789310772050247880	3506	2c26f5d1efde0f9ecaca12ca833320379a5e9612ad336460c26455883662f6e7		copy	run-evidence		{}
specula/runs/nvflare-transfer-20260913/nvflare-transfer/.specula-output/spec/checks/schema-wrong-post.ndjson	spec/checks/schema-wrong-post.ndjson	file	0664	1789310771143258874	18530	8048e9a8c036a02b7b0c309e669286cff7cbee6d290f6879af99e985895acbd7		copy	run-evidence		{}
specula/runs/nvflare-transfer-20260913/nvflare-transfer/.specula-output/spec/confirmation-generation.json	spec/confirmation-generation.json	file	0664	1789319784764816713	88	cb93c6b81566c7728ceccf688398cbd2b2341b737d494280a9784b1aeaf6266b		copy	run-evidence		{}
specula/runs/nvflare-transfer-20260913/nvflare-transfer/.specula-output/spec/findings.json	spec/findings.json	file	0664	1789316902575365204	3377	7840481f4da320a9607c8d63d979fd38110e4b454cb883bc26ba88383b75e738		copy	run-evidence		{}
specula/runs/nvflare-transfer-20260913/nvflare-transfer/.specula-output/spec/generate.py	spec/generate.py	file	0664	1789310685931298948	84878	2c0c052e43b14069c9631b668081cbe2650f19f95ef225b218e5c02595152617		copy	run-evidence		{}
specula/runs/nvflare-transfer-20260913/nvflare-transfer/.specula-output/spec/generation-report.md	spec/generation-report.md	file	0664	1789310862414153353	1843	f792b1147caac22a05d869a94a419000401799631b54d3edbe962b0dc2e6e0f5		copy	run-evidence		{}
specula/runs/nvflare-transfer-20260913/nvflare-transfer/.specula-output/spec/instrumentation-spec.md	spec/instrumentation-spec.md	file	0664	1789310685963298558	38187	b6dae9e198cb38825a6343ab4f29631d8907c1ab13d033e14fddcab6b46db66a		copy	run-evidence		{}
specula/runs/nvflare-transfer-20260913/nvflare-transfer/.specula-output/spec/output/MC_hunt_s1_progress_bfs.out	spec/output/MC_hunt_s1_progress_bfs.out	file	0664	1789315928049973186	287572	b36c9a89c37e1172b9b54630db2991ed7bee159180322f2373c9e0933bbd805a		copy	run-evidence		{}
specula/runs/nvflare-transfer-20260913/nvflare-transfer/.specula-output/spec/output/MC_hunt_s1_progress_bfs_counterexample.json	spec/output/MC_hunt_s1_progress_bfs_counterexample.json	file	0664	1789315927962973953	570071	5fad2271db8b95a1514a1eb21bd17ac7e955238ac5482f1a51259b62668dc1bc		copy	run-evidence		{}
specula/runs/nvflare-transfer-20260913/nvflare-transfer/.specula-output/spec/output/MC_hunt_s1_progress_bfs_last-diff.json	spec/output/MC_hunt_s1_progress_bfs_last-diff.json	file	0664	1789315962747627679	21543	995fcd5dd79c01c1dffe3eec89cd439254aeb251c88facb656c13e54219322b4		copy	run-evidence		{}
specula/runs/nvflare-transfer-20260913/nvflare-transfer/.specula-output/spec/output/MC_hunt_s1_progress_bfs_last-state.json	spec/output/MC_hunt_s1_progress_bfs_last-state.json	file	0664	1789315962737627772	10071	a21db0e0906f03adff8482b02a69939ae2ed53f58791f05569d57eeafbd76c42		copy	run-evidence		{}
specula/runs/nvflare-transfer-20260913/nvflare-transfer/.specula-output/spec/output/MC_hunt_s1_progress_bfs_launcher.log	spec/output/MC_hunt_s1_progress_bfs_launcher.log	file	0664	1789315928487969321	289705	2d88d99ec7d96d8cdead1b91cff51b33c4fe161d01ecb5573f0689152514cfc3		copy	run-evidence		{}
specula/runs/nvflare-transfer-20260913/nvflare-transfer/.specula-output/spec/output/MC_hunt_s1_progress_bfs_request.json	spec/output/MC_hunt_s1_progress_bfs_request.json	file	0664	1789315925734993610	689	6d413329abf86923f6ee0620139a3ae3161dd174f5b2c8a8870ecfb6f8bd74c5		copy	run-evidence		{}
specula/runs/nvflare-transfer-20260913/nvflare-transfer/.specula-output/spec/output/MC_hunt_s1_progress_bfs_result.json	spec/output/MC_hunt_s1_progress_bfs_result.json	file	0664	1789315928597968351	694	0761e9d101d6fdb6aed680cd13e92963784a432a8fca8ede776323c326190262		copy	run-evidence		{}
specula/runs/nvflare-transfer-20260913/nvflare-transfer/.specula-output/spec/output/MC_hunt_s1_progress_bfs_states.json	spec/output/MC_hunt_s1_progress_bfs_states.json	file	0664	1789315962758627575	405946	448225e176b3e3b0c6af0babd5949508894554efcdd20027fd22fdc739f779d6		copy	run-evidence		{}
specula/runs/nvflare-transfer-20260913/nvflare-transfer/.specula-output/spec/output/MC_hunt_s1_progress_bfs_summary.json	spec/output/MC_hunt_s1_progress_bfs_summary.json	file	0664	1789315962758627575	3198	6e1b13c879a58de6bcd00f96e64324aaf69aae664f3e75a41955a7d1044b7c4f		copy	run-evidence		{}
specula/runs/nvflare-transfer-20260913/nvflare-transfer/.specula-output/spec/output/MC_hunt_s1_progress_bfs_transitions.json	spec/output/MC_hunt_s1_progress_bfs_transitions.json	file	0664	1789316007026202042	14536	62c57d125a0e64295ee3418edfdc6f46adfeee83c1d7c6c80a8aa972d380da8c		copy	run-evidence		{}
specula/runs/nvflare-transfer-20260913/nvflare-transfer/.specula-output/spec/output/MC_hunt_s1_progress_bfs_transitions.txt	spec/output/MC_hunt_s1_progress_bfs_transitions.txt	file	0664	1789316007026202042	7033	460f5b0c3af18a3f87af1943b2a7dd68299301e5c078d0f5e0c0ff1bb36c974a		copy	run-evidence		{}
specula/runs/nvflare-transfer-20260913/nvflare-transfer/.specula-output/spec/output/MC_hunt_s1_progress_bfs_worker.log	spec/output/MC_hunt_s1_progress_bfs_worker.log	file	0664	1789315925734993610	0	e3b0c44298fc1c149afbf4c8996fb92427ae41e4649b934ca495991b7852b855		copy	run-evidence		{}
specula/runs/nvflare-transfer-20260913/nvflare-transfer/.specula-output/spec/output/MC_hunt_s3_after_receipt_bfs.out	spec/output/MC_hunt_s3_after_receipt_bfs.out	file	0664	1789315929507960322	766782	582cd473533d58cc857d014a2323d0289eba4e5190a2a8b8199987fa659de78d		copy	run-evidence		{}
specula/runs/nvflare-transfer-20260913/nvflare-transfer/.specula-output/spec/output/MC_hunt_s3_after_receipt_bfs_counterexample.json	spec/output/MC_hunt_s3_after_receipt_bfs_counterexample.json	file	0664	1789315929284962290	1557107	e14f0eb66a70874905d3630b3b36cf00193c630bdd369f417d760e066b1d0d9d		copy	run-evidence		{}
specula/runs/nvflare-transfer-20260913/nvflare-transfer/.specula-output/spec/output/MC_hunt_s3_after_receipt_bfs_last-diff.json	spec/output/MC_hunt_s3_after_receipt_bfs_last-diff.json	file	0664	1789315963825617555	21174	ebd417401b1816b133d51b47ef54dce903072c85fd9d69a8002e2ce9164144a9		copy	run-evidence		{}
specula/runs/nvflare-transfer-20260913/nvflare-transfer/.specula-output/spec/output/MC_hunt_s3_after_receipt_bfs_last-state.json	spec/output/MC_hunt_s3_after_receipt_bfs_last-state.json	file	0664	1789315963796617827	10020	6765eec1b0ef78882e54321dc739773178b2d4211aa77e3555d0d3b7073855b1		copy	run-evidence		{}
specula/runs/nvflare-transfer-20260913/nvflare-transfer/.specula-output/spec/output/MC_hunt_s3_after_receipt_bfs_launcher.log	spec/output/MC_hunt_s3_after_receipt_bfs_launcher.log	file	0664	1789315930277953506	768927	b383d3e5ed090ded039ac7cf93b8defe6eacad8156dc0afb8ab6ac0014dcea6b		copy	run-evidence		{}
specula/runs/nvflare-transfer-20260913/nvflare-transfer/.specula-output/spec/output/MC_hunt_s3_after_receipt_bfs_request.json	spec/output/MC_hunt_s3_after_receipt_bfs_request.json	file	0664	1789315925955991660	703	ee53aefca2d829f9d64694acbb4534da954f4a8a8f1ade6e55c3a77d953e8577		copy	run-evidence		{}
specula/runs/nvflare-transfer-20260913/nvflare-transfer/.specula-output/spec/output/MC_hunt_s3_after_receipt_bfs_result.json	spec/output/MC_hunt_s3_after_receipt_bfs_result.json	file	0664	1789315930419952221	694	f3a88d330fe736c7fc58dcec097a7f180e5c7548aea66434f118e13cad8fd908		copy	run-evidence		{}
specula/runs/nvflare-transfer-20260913/nvflare-transfer/.specula-output/spec/output/MC_hunt_s3_after_receipt_bfs_states.json	spec/output/MC_hunt_s3_after_receipt_bfs_states.json	file	0664	1789315963857617255	1088496	d0f09547652a7c92a6148de1817751d8009e83cb774eaf43e7e45bc0565998bc		copy	run-evidence		{}
specula/runs/nvflare-transfer-20260913/nvflare-transfer/.specula-output/spec/output/MC_hunt_s3_after_receipt_bfs_summary.json	spec/output/MC_hunt_s3_after_receipt_bfs_summary.json	file	0664	1789315963858617245	4219	b6ac71c70ef2a021731b074173d3ec412e7707fa7a1978a53ed90eaa09c9c794		copy	run-evidence		{}
specula/runs/nvflare-transfer-20260913/nvflare-transfer/.specula-output/spec/output/MC_hunt_s3_after_receipt_bfs_transitions.json	spec/output/MC_hunt_s3_after_receipt_bfs_transitions.json	file	0664	1789316007043201878	35234	6b4864a2e8b7a34c0a8040b69e80f87db8c216ec204d920e13ce316f15c1f459		copy	run-evidence		{}
specula/runs/nvflare-transfer-20260913/nvflare-transfer/.specula-output/spec/output/MC_hunt_s3_after_receipt_bfs_transitions.txt	spec/output/MC_hunt_s3_after_receipt_bfs_transitions.txt	file	0664	1789316007043201878	17477	9b8530300a7906d7c5c0822b2b3b39cef168a0a62a5f115f7ac0de16a1ba2d50		copy	run-evidence		{}
specula/runs/nvflare-transfer-20260913/nvflare-transfer/.specula-output/spec/output/MC_hunt_s3_after_receipt_bfs_worker.log	spec/output/MC_hunt_s3_after_receipt_bfs_worker.log	file	0664	1789315925955991660	0	e3b0c44298fc1c149afbf4c8996fb92427ae41e4649b934ca495991b7852b855		copy	run-evidence		{}
specula/runs/nvflare-transfer-20260913/nvflare-transfer/.specula-output/spec/output/MC_hunt_s3_settlement_bfs.out	spec/output/MC_hunt_s3_settlement_bfs.out	file	0664	1789315928544968818	627982	aa8358d53e45a5169fd1bb1c230c368afdd1af0db04a7c15b7b938fe76e3e85e		copy	run-evidence		{}
specula/runs/nvflare-transfer-20260913/nvflare-transfer/.specula-output/spec/output/MC_hunt_s3_settlement_bfs_counterexample.json	spec/output/MC_hunt_s3_settlement_bfs_counterexample.json	file	0664	1789315928342970601	1270527	bb53b92083d7600ad43da2957d798dd7a899becfa1c25b4166ddf78a6ec75594		copy	run-evidence		{}
specula/runs/nvflare-transfer-20260913/nvflare-transfer/.specula-output/spec/output/MC_hunt_s3_settlement_bfs_last-diff.json	spec/output/MC_hunt_s3_settlement_bfs_last-diff.json	file	0664	1789315963291622570	21073	0587cd2d1fb270a1af64502323637842dd701eb065109a1ca6e8c56e6f5ffab7		copy	run-evidence		{}
specula/runs/nvflare-transfer-20260913/nvflare-transfer/.specula-output/spec/output/MC_hunt_s3_settlement_bfs_last-state.json	spec/output/MC_hunt_s3_settlement_bfs_last-state.json	file	0664	1789315963270622767	9970	e34891ce71edf6e867f3ec6a93c16acc2796517f2c6c7d219642468344b04d17		copy	run-evidence		{}
specula/runs/nvflare-transfer-20260913/nvflare-transfer/.specula-output/spec/output/MC_hunt_s3_settlement_bfs_launcher.log	spec/output/MC_hunt_s3_settlement_bfs_launcher.log	file	0664	1789315928991964875	630119	3adf6b9934d53a93878d4c48c8d7abeb185d62057a2d4090f3d1812b2f16d407		copy	run-evidence		{}
specula/runs/nvflare-transfer-20260913/nvflare-transfer/.specula-output/spec/output/MC_hunt_s3_settlement_bfs_request.json	spec/output/MC_hunt_s3_settlement_bfs_request.json	file	0664	1789315925846992622	695	2472c85fde846c81eb41f880638177599557be50c2b13988e28ed1416aebe751		copy	run-evidence		{}
specula/runs/nvflare-transfer-20260913/nvflare-transfer/.specula-output/spec/output/MC_hunt_s3_settlement_bfs_result.json	spec/output/MC_hunt_s3_settlement_bfs_result.json	file	0664	1789315929110963825	694	d1107a02c0aa0b8319013021100d35eab4beb6520085463a3603e0685ba18c5e		copy	run-evidence		{}
specula/runs/nvflare-transfer-20260913/nvflare-transfer/.specula-output/spec/output/MC_hunt_s3_settlement_bfs_states.json	spec/output/MC_hunt_s3_settlement_bfs_states.json	file	0664	1789315963315622344	891435	30b0179667f5193e875fcbcb1e31ca73b8c859599c8e21222a32d21e3b7f4a6b		copy	run-evidence		{}
specula/runs/nvflare-transfer-20260913/nvflare-transfer/.specula-output/spec/output/MC_hunt_s3_settlement_bfs_summary.json	spec/output/MC_hunt_s3_settlement_bfs_summary.json	file	0664	1789315963315622344	3862	d26a9761d8d9fccc42e13e8514896228c46dad18d4e4342ecc5b864f63666163		copy	run-evidence		{}
specula/runs/nvflare-transfer-20260913/nvflare-transfer/.specula-output/spec/output/MC_hunt_s3_settlement_bfs_transitions.json	spec/output/MC_hunt_s3_settlement_bfs_transitions.json	file	0664	1789316007034201965	29527	7831e684e1562d8c3c68fb0c0fdce7e9c8efc3400275e8ad0bf034731afd786e		copy	run-evidence		{}
specula/runs/nvflare-transfer-20260913/nvflare-transfer/.specula-output/spec/output/MC_hunt_s3_settlement_bfs_transitions.txt	spec/output/MC_hunt_s3_settlement_bfs_transitions.txt	file	0664	1789316007035201955	14579	99ef793c0dfcd805826574cfb2e573f9ee4273801ea91c314a85580352a5d532		copy	run-evidence		{}
specula/runs/nvflare-transfer-20260913/nvflare-transfer/.specula-output/spec/output/MC_hunt_s3_settlement_bfs_worker.log	spec/output/MC_hunt_s3_settlement_bfs_worker.log	file	0664	1789315925846992622	0	e3b0c44298fc1c149afbf4c8996fb92427ae41e4649b934ca495991b7852b855		copy	run-evidence		{}
specula/runs/nvflare-transfer-20260913/nvflare-transfer/.specula-output/spec/output/MC_hunt_s4_budgets_bfs.out	spec/output/MC_hunt_s4_budgets_bfs.out	file	0664	1789317675114614198	9146	62f88875621d5574089fc3ab7eda839490d7c8d72fe1b2b138a7066fb67c6eca		copy	run-evidence		{}
specula/runs/nvflare-transfer-20260913/nvflare-transfer/.specula-output/spec/output/MC_hunt_s4_budgets_bfs_launcher.log	spec/output/MC_hunt_s4_budgets_bfs_launcher.log	file	0664	1789317732052966004	11074	244c219fb503e2d15187a64bbabf52c3416f99fbbed4ca4c8bd9587abaa3d3f4		copy	run-evidence		{}
specula/runs/nvflare-transfer-20260913/nvflare-transfer/.specula-output/spec/output/MC_hunt_s4_budgets_bfs_request.json	spec/output/MC_hunt_s4_budgets_bfs_request.json	file	0664	1789315926065990690	689	26d67db3f70e521f8892da46e88749c1c51317bde866fc3fc79a05011a932c77		copy	run-evidence		{}
specula/runs/nvflare-transfer-20260913/nvflare-transfer/.specula-output/spec/output/MC_hunt_s4_budgets_bfs_result.json	spec/output/MC_hunt_s4_budgets_bfs_result.json	file	0664	1789317745935797388	695	d39fee47e55a723f3dd4bc44eeca62a450530fe2838645c1cc6b33710e1f61e7		copy	run-evidence		{}
specula/runs/nvflare-transfer-20260913/nvflare-transfer/.specula-output/spec/output/MC_hunt_s4_budgets_bfs_summary.json	spec/output/MC_hunt_s4_budgets_bfs_summary.json	file	0664	1789317747192782615	2080	58bc185e0ac674ec4dc9d7cd6988edd0801756bca60bb39cd5162d6cdbbe850f		copy	run-evidence		{}
specula/runs/nvflare-transfer-20260913/nvflare-transfer/.specula-output/spec/output/MC_hunt_s4_budgets_bfs_worker.log	spec/output/MC_hunt_s4_budgets_bfs_worker.log	file	0664	1789315926065990690	0	e3b0c44298fc1c149afbf4c8996fb92427ae41e4649b934ca495991b7852b855		copy	run-evidence		{}
specula/runs/nvflare-transfer-20260913/nvflare-transfer/.specula-output/spec/output/MC_hunt_s4_budgets_sim.out	spec/output/MC_hunt_s4_budgets_sim.out	file	0664	1789319515664934206	6628	5a6bd835084c2a7f58bd42b8410fcd9e8c254ef5ae516734f3a76d60a8059fae		copy	run-evidence		{}
specula/runs/nvflare-transfer-20260913/nvflare-transfer/.specula-output/spec/output/MC_hunt_s4_budgets_sim_launcher.log	spec/output/MC_hunt_s4_budgets_sim_launcher.log	file	0664	1789319575243251776	8599	e906c4cd83b9c4d45a70e0967754be9e87edc386b33c5954e621c6024e224618		copy	run-evidence		{}
specula/runs/nvflare-transfer-20260913/nvflare-transfer/.specula-output/spec/output/MC_hunt_s4_budgets_sim_request.json	spec/output/MC_hunt_s4_budgets_sim_request.json	file	0664	1789317774910454470	747	892bdd9de7c7d70e6c487e2b8cabcf690e207ac0aac5039e8491da19689607b9		copy	run-evidence		{}
specula/runs/nvflare-transfer-20260913/nvflare-transfer/.specula-output/spec/output/MC_hunt_s4_budgets_sim_result.json	spec/output/MC_hunt_s4_budgets_sim_result.json	file	0664	1789319575404249917	695	09c360cf61fda854aa10ecbded21005936387b1a00edb0af2c7bf8a24ba5f98c		copy	run-evidence		{}
specula/runs/nvflare-transfer-20260913/nvflare-transfer/.specula-output/spec/output/MC_hunt_s4_budgets_sim_summary.json	spec/output/MC_hunt_s4_budgets_sim_summary.json	file	0664	1789319575893244269	2365	0929506db362f402790ed3c09e1fd48dece92581900884d594616e29ec8170b3		copy	run-evidence		{}
specula/runs/nvflare-transfer-20260913/nvflare-transfer/.specula-output/spec/output/MC_hunt_s4_budgets_sim_worker.log	spec/output/MC_hunt_s4_budgets_sim_worker.log	file	0664	1789317774911454458	0	e3b0c44298fc1c149afbf4c8996fb92427ae41e4649b934ca495991b7852b855		copy	run-evidence		{}
specula/runs/nvflare-transfer-20260913/nvflare-transfer/.specula-output/spec/output/MC_round1.out	spec/output/MC_round1.out	file	0664	1789315792687157828	8840	d5bdcefa0da3fdfaa0f59540c9a1950975de9dc028b5832884e71f43b90d092b		copy	run-evidence		{}
specula/runs/nvflare-transfer-20260913/nvflare-transfer/.specula-output/spec/output/MC_round1_launcher.log	spec/output/MC_round1_launcher.log	file	0664	1789315848403700522	10612	60697f3f85df79d57bbe4949ca35417bb8712ea085cb60c5e112c7e73baa3d94		copy	run-evidence		{}
specula/runs/nvflare-transfer-20260913/nvflare-transfer/.specula-output/spec/output/MC_round1_request.json	spec/output/MC_round1_request.json	file	0664	1789314043866140718	516	2949532e7f5f7ab07a1195668d668009670d4b65dbee7b3b31836ee35d694f40		copy	run-evidence		{}
specula/runs/nvflare-transfer-20260913/nvflare-transfer/.specula-output/spec/output/MC_round1_result.json	spec/output/MC_round1_result.json	file	0664	1789315865246537753	694	af3d8c54b5d9da283a0424f1de629f29e4552dcd1a9320a1ffd6decc1936037f		copy	run-evidence		{}
specula/runs/nvflare-transfer-20260913/nvflare-transfer/.specula-output/spec/output/MC_round1_summary.json	spec/output/MC_round1_summary.json	file	0664	1789315896245253818	1878	ef1467728de1d352268b9a9cab666805d3236e4bc6f62ed055fea6859cca56d1		copy	run-evidence		{}
specula/runs/nvflare-transfer-20260913/nvflare-transfer/.specula-output/spec/output/MC_round1_worker.log	spec/output/MC_round1_worker.log	file	0664	1789314043866140718	0	e3b0c44298fc1c149afbf4c8996fb92427ae41e4649b934ca495991b7852b855		copy	run-evidence		{}
specula/runs/nvflare-transfer-20260913/nvflare-transfer/.specula-output/spec/output/capture_task.py	spec/output/capture_task.py	file	0664	1789317956324642754	4017	94e47ccbe317ea4577e4af09e7e880a305f6fe2f6dc13b3fcb01a15ba207eb26		copy	run-evidence		{}
specula/runs/nvflare-transfer-20260913/nvflare-transfer/.specula-output/spec/output/classifications.json	spec/output/classifications.json	file	0664	1789316264473423331	754	65dd6baa740a6e8902c9fb1e299cac4b95de2895358d3c9956d49a277c21fa1d		copy	run-evidence		{}
specula/runs/nvflare-transfer-20260913/nvflare-transfer/.specula-output/spec/output/final-audit.json	spec/output/final-audit.json	file	0664	1789319739789340604	5212	691132852129922021df4e231c266b1acd0ce750ffc105f647b5e7ddd4ec77eb		copy	run-evidence		{}
specula/runs/nvflare-transfer-20260913/nvflare-transfer/.specula-output/spec/output/final_audit.py	spec/output/final_audit.py	file	0664	1789318454725003895	4241	68662e92c6fe2eafc34c93cbc8f761aa59380a2beefe293bfddb2b7bc93dccd0		copy	run-evidence		{}
specula/runs/nvflare-transfer-20260913/nvflare-transfer/.specula-output/spec/output/hunt-tasks.json	spec/output/hunt-tasks.json	file	0664	1789315943982812857	3541	5badc67055bd82452d550eb21c1a437da9d4a791d0cb452bcc85ac39bd8c46c5		copy	run-evidence		{}
specula/runs/nvflare-transfer-20260913/nvflare-transfer/.specula-output/spec/output/hunts/MC_hunt_s1_progress/MC.tla	spec/output/hunts/MC_hunt_s1_progress/MC.tla	file	0664	1789310685962298570	5170	31e24d6d5a6a30a1eaeb5981c5655261a9cc4292e39683a6a4ea757e03f958c9	/home/ubuntu/nvflare-runs-20260913/specula/runs/nvflare-transfer-20260913/nvflare-transfer/.specula-output/spec/MC.tla	materialize	run-evidence	Original symlink materialized with identical target bytes	{}
specula/runs/nvflare-transfer-20260913/nvflare-transfer/.specula-output/spec/output/hunts/MC_hunt_s1_progress/MC_hunt_s1_progress.cfg	spec/output/hunts/MC_hunt_s1_progress/MC_hunt_s1_progress.cfg	file	0664	1789310685962298570	1635	78aba217e08f6b3631032bdf6942fe53ccea8b181906d8aed32faedfcffc258f	/home/ubuntu/nvflare-runs-20260913/specula/runs/nvflare-transfer-20260913/nvflare-transfer/.specula-output/spec/MC_hunt_s1_progress.cfg	materialize	run-evidence	Original symlink materialized with identical target bytes	{}
specula/runs/nvflare-transfer-20260913/nvflare-transfer/.specula-output/spec/output/hunts/MC_hunt_s1_progress/base.tla	spec/output/hunts/MC_hunt_s1_progress/base.tla	file	0664	1789310685962298570	80087	685b262b2f7c174e65db91d0f0bc2d15e83423aa8cbf2ebf555ba56d7ba5f14a	/home/ubuntu/nvflare-runs-20260913/specula/runs/nvflare-transfer-20260913/nvflare-transfer/.specula-output/spec/base.tla	materialize	run-evidence	Original symlink materialized with identical target bytes	{}
specula/runs/nvflare-transfer-20260913/nvflare-transfer/.specula-output/spec/output/hunts/MC_hunt_s3_after_receipt/MC.tla	spec/output/hunts/MC_hunt_s3_after_receipt/MC.tla	file	0664	1789310685962298570	5170	31e24d6d5a6a30a1eaeb5981c5655261a9cc4292e39683a6a4ea757e03f958c9	/home/ubuntu/nvflare-runs-20260913/specula/runs/nvflare-transfer-20260913/nvflare-transfer/.specula-output/spec/MC.tla	materialize	run-evidence	Original symlink materialized with identical target bytes	{}
specula/runs/nvflare-transfer-20260913/nvflare-transfer/.specula-output/spec/output/hunts/MC_hunt_s3_after_receipt/MC_hunt_s3_after_receipt.cfg	spec/output/hunts/MC_hunt_s3_after_receipt/MC_hunt_s3_after_receipt.cfg	file	0664	1789310685963298558	1670	00e57eefae97e336dfbb0c10226aee6f87523738981c46edf32d546913c3f61c	/home/ubuntu/nvflare-runs-20260913/specula/runs/nvflare-transfer-20260913/nvflare-transfer/.specula-output/spec/MC_hunt_s3_after_receipt.cfg	materialize	run-evidence	Original symlink materialized with identical target bytes	{}
specula/runs/nvflare-transfer-20260913/nvflare-transfer/.specula-output/spec/output/hunts/MC_hunt_s3_after_receipt/base.tla	spec/output/hunts/MC_hunt_s3_after_receipt/base.tla	file	0664	1789310685962298570	80087	685b262b2f7c174e65db91d0f0bc2d15e83423aa8cbf2ebf555ba56d7ba5f14a	/home/ubuntu/nvflare-runs-20260913/specula/runs/nvflare-transfer-20260913/nvflare-transfer/.specula-output/spec/base.tla	materialize	run-evidence	Original symlink materialized with identical target bytes	{}
specula/runs/nvflare-transfer-20260913/nvflare-transfer/.specula-output/spec/output/hunts/MC_hunt_s3_settlement/MC.tla	spec/output/hunts/MC_hunt_s3_settlement/MC.tla	file	0664	1789310685962298570	5170	31e24d6d5a6a30a1eaeb5981c5655261a9cc4292e39683a6a4ea757e03f958c9	/home/ubuntu/nvflare-runs-20260913/specula/runs/nvflare-transfer-20260913/nvflare-transfer/.specula-output/spec/MC.tla	materialize	run-evidence	Original symlink materialized with identical target bytes	{}
specula/runs/nvflare-transfer-20260913/nvflare-transfer/.specula-output/spec/output/hunts/MC_hunt_s3_settlement/MC_hunt_s3_settlement.cfg	spec/output/hunts/MC_hunt_s3_settlement/MC_hunt_s3_settlement.cfg	file	0664	1789310685962298570	1632	df4ae81939cac989a2b147775a167dd454e58fcaae090f1d5a6188bcac3127a2	/home/ubuntu/nvflare-runs-20260913/specula/runs/nvflare-transfer-20260913/nvflare-transfer/.specula-output/spec/MC_hunt_s3_settlement.cfg	materialize	run-evidence	Original symlink materialized with identical target bytes	{}
specula/runs/nvflare-transfer-20260913/nvflare-transfer/.specula-output/spec/output/hunts/MC_hunt_s3_settlement/base.tla	spec/output/hunts/MC_hunt_s3_settlement/base.tla	file	0664	1789310685962298570	80087	685b262b2f7c174e65db91d0f0bc2d15e83423aa8cbf2ebf555ba56d7ba5f14a	/home/ubuntu/nvflare-runs-20260913/specula/runs/nvflare-transfer-20260913/nvflare-transfer/.specula-output/spec/base.tla	materialize	run-evidence	Original symlink materialized with identical target bytes	{}
specula/runs/nvflare-transfer-20260913/nvflare-transfer/.specula-output/spec/output/hunts/MC_hunt_s4_budgets/MC.tla	spec/output/hunts/MC_hunt_s4_budgets/MC.tla	file	0664	1789310685962298570	5170	31e24d6d5a6a30a1eaeb5981c5655261a9cc4292e39683a6a4ea757e03f958c9	/home/ubuntu/nvflare-runs-20260913/specula/runs/nvflare-transfer-20260913/nvflare-transfer/.specula-output/spec/MC.tla	materialize	run-evidence	Original symlink materialized with identical target bytes	{}
specula/runs/nvflare-transfer-20260913/nvflare-transfer/.specula-output/spec/output/hunts/MC_hunt_s4_budgets/MC_hunt_s4_budgets.cfg	spec/output/hunts/MC_hunt_s4_budgets/MC_hunt_s4_budgets.cfg	file	0664	1789310685963298558	1690	53b4c7ad2b76d20ecbf26acdacf96ba15bb6092464c2a98a719414cfdbfec00d	/home/ubuntu/nvflare-runs-20260913/specula/runs/nvflare-transfer-20260913/nvflare-transfer/.specula-output/spec/MC_hunt_s4_budgets.cfg	materialize	run-evidence	Original symlink materialized with identical target bytes	{}
specula/runs/nvflare-transfer-20260913/nvflare-transfer/.specula-output/spec/output/hunts/MC_hunt_s4_budgets/base.tla	spec/output/hunts/MC_hunt_s4_budgets/base.tla	file	0664	1789310685962298570	80087	685b262b2f7c174e65db91d0f0bc2d15e83423aa8cbf2ebf555ba56d7ba5f14a	/home/ubuntu/nvflare-runs-20260913/specula/runs/nvflare-transfer-20260913/nvflare-transfer/.specula-output/spec/base.tla	materialize	run-evidence	Original symlink materialized with identical target bytes	{}
specula/runs/nvflare-transfer-20260913/nvflare-transfer/.specula-output/spec/output/initial-manifest.json	spec/output/initial-manifest.json	file	0664	1789313994953742323	9766	3559596266feb5e5c7816090d325dfd87415aa5dd1c7cb34ff1f5a3ed52aad82		copy	run-evidence		{}
specula/runs/nvflare-transfer-20260913/nvflare-transfer/.specula-output/spec/output/pinned-source/api.py	spec/output/pinned-source/api.py	file	0664	1789314066182866834	54512	2a031276b3e87cf0619368dbebf67828abddae17c5b40fd1e6147e6b516ebc31		copy	run-evidence		{}
specula/runs/nvflare-transfer-20260913/nvflare-transfer/.specula-output/spec/output/pinned-source/cacheable.py	spec/output/pinned-source/cacheable.py	file	0664	1789314340155560109	10373	5f860f36ca487051e36961f21e469c74f27c1000fa1c190c635ce2276eb9fd99		copy	run-evidence		{}
specula/runs/nvflare-transfer-20260913/nvflare-transfer/.specula-output/spec/output/pinned-source/download_service.py	spec/output/pinned-source/download_service.py	file	0664	1789314066174866926	103931	2d3e9694901188f9aa6aa0a6741db49de4701ef8c971f284a5ac6a0cc5db806b		copy	run-evidence		{}
specula/runs/nvflare-transfer-20260913/nvflare-transfer/.specula-output/spec/output/pinned-source/stream_utils.py	spec/output/pinned-source/stream_utils.py	file	0664	1789314066179866868	5875	fb6f4fa91595ca997c77236f17098732f4c8121f2852e379d1f8eea416690b00		copy	run-evidence		{}
specula/runs/nvflare-transfer-20260913/nvflare-transfer/.specula-output/spec/output/pinned-source/transfer_outcome.py	spec/output/pinned-source/transfer_outcome.py	file	0664	1789314066176866903	12200	189370f75231be52221b10c57ee167e12e2b187d2428156c3b0c83a3009e9734		copy	run-evidence		{}
specula/runs/nvflare-transfer-20260913/nvflare-transfer/.specula-output/spec/output/pinned-source/transfer_progress.py	spec/output/pinned-source/transfer_progress.py	file	0664	1789314066184866811	16553	13ff073480b35bc547d42f68306e9d103bec6d8a342d5a43a4977236ae436cc1		copy	run-evidence		{}
specula/runs/nvflare-transfer-20260913/nvflare-transfer/.specula-output/spec/output/pinned-source/via_downloader.py	spec/output/pinned-source/via_downloader.py	file	0664	1789314066187866777	46285	96c9bc67f7e9d2f2ee02d0d1d21e4cb5c446a2648a98d1082ba1e4757c34c937		copy	run-evidence		{}
specula/runs/nvflare-transfer-20260913/nvflare-transfer/.specula-output/spec/output/reused-harness-evidence.json	spec/output/reused-harness-evidence.json	file	0664	1789315164652180010	86126	3b7939e03ed95f313f37d716641a16e6489e4610f8366857e3c034dac96fb17a		copy	run-evidence		{}
specula/runs/nvflare-transfer-20260913/nvflare-transfer/.specula-output/spec/output/round1-traces/active_receiver_and_stalled_sibling/result.json	spec/output/round1-traces/active_receiver_and_stalled_sibling/result.json	file	0664	1789313999464685822	872	46171097b7209b16614c0d60ccb2d7fdd263a52ee286b712b96fab5bd721e4d9		copy	run-evidence		{}
specula/runs/nvflare-transfer-20260913/nvflare-transfer/.specula-output/spec/output/round1-traces/active_receiver_and_stalled_sibling/spec/Trace.cfg	spec/output/round1-traces/active_receiver_and_stalled_sibling/spec/Trace.cfg	file	0664	1789310685963298558	844	f237076d59984371c52351f70cc00c05942bcdc912211fdef32081f54f290f69	/home/ubuntu/nvflare-runs-20260913/specula/runs/nvflare-transfer-20260913/nvflare-transfer/.specula-output/spec/Trace.cfg	materialize	run-evidence	Original symlink materialized with identical target bytes	{}
specula/runs/nvflare-transfer-20260913/nvflare-transfer/.specula-output/spec/output/round1-traces/active_receiver_and_stalled_sibling/spec/Trace.tla	spec/output/round1-traces/active_receiver_and_stalled_sibling/spec/Trace.tla	file	0664	1789310685963298558	47126	070d33a561891f76a12dfb2a11d77ff9abd47f8d3ee2b7a96e36fe42bb4864dd	/home/ubuntu/nvflare-runs-20260913/specula/runs/nvflare-transfer-20260913/nvflare-transfer/.specula-output/spec/Trace.tla	materialize	run-evidence	Original symlink materialized with identical target bytes	{}
specula/runs/nvflare-transfer-20260913/nvflare-transfer/.specula-output/spec/output/round1-traces/active_receiver_and_stalled_sibling/spec/base.tla	spec/output/round1-traces/active_receiver_and_stalled_sibling/spec/base.tla	file	0664	1789310685962298570	80087	685b262b2f7c174e65db91d0f0bc2d15e83423aa8cbf2ebf555ba56d7ba5f14a	/home/ubuntu/nvflare-runs-20260913/specula/runs/nvflare-transfer-20260913/nvflare-transfer/.specula-output/spec/base.tla	materialize	run-evidence	Original symlink materialized with identical target bytes	{}
specula/runs/nvflare-transfer-20260913/nvflare-transfer/.specula-output/spec/output/round1-traces/active_receiver_and_stalled_sibling/task.json	spec/output/round1-traces/active_receiver_and_stalled_sibling/task.json	file	0664	1789313995453736060	829	db96db0814df71aade562227454b3815b17d68033c2dd6b4d00894454bc77708		copy	run-evidence		{}
specula/runs/nvflare-transfer-20260913/nvflare-transfer/.specula-output/spec/output/round1-traces/active_receiver_and_stalled_sibling/tlc.log	spec/output/round1-traces/active_receiver_and_stalled_sibling/tlc.log	file	0664	1789313999463685834	5694	7fcf7b0c352d9678334f4bba1ea6a18bfed8c4bf8d4a2af3e30a7afbe607c4f2		copy	run-evidence		{}
specula/runs/nvflare-transfer-20260913/nvflare-transfer/.specula-output/spec/output/round1-traces/active_receiver_and_stalled_sibling/traces/trace.ndjson	spec/output/round1-traces/active_receiver_and_stalled_sibling/traces/trace.ndjson	file	0664	1789313482556111094	455618	3cfd912d228bf26589570a0c27f423b979750f75c55a5057d55f6b5d77029551	/home/ubuntu/nvflare-runs-20260913/specula/runs/nvflare-transfer-20260913/nvflare-transfer/.specula-output/traces/normalized/active_receiver_and_stalled_sibling.ndjson	materialize	run-evidence	Original symlink materialized with identical target bytes	{}
specula/runs/nvflare-transfer-20260913/nvflare-transfer/.specula-output/spec/output/round1-traces/bounded_drain_and_late_cancel/result.json	spec/output/round1-traces/bounded_drain_and_late_cancel/result.json	file	0664	1789313998462698372	865	13cdcf1faf833cf8644dd66953d3ebb662ae835d558f7932113d3714005d6e88		copy	run-evidence		{}
specula/runs/nvflare-transfer-20260913/nvflare-transfer/.specula-output/spec/output/round1-traces/bounded_drain_and_late_cancel/spec/Trace.cfg	spec/output/round1-traces/bounded_drain_and_late_cancel/spec/Trace.cfg	file	0664	1789310685963298558	844	f237076d59984371c52351f70cc00c05942bcdc912211fdef32081f54f290f69	/home/ubuntu/nvflare-runs-20260913/specula/runs/nvflare-transfer-20260913/nvflare-transfer/.specula-output/spec/Trace.cfg	materialize	run-evidence	Original symlink materialized with identical target bytes	{}
specula/runs/nvflare-transfer-20260913/nvflare-transfer/.specula-output/spec/output/round1-traces/bounded_drain_and_late_cancel/spec/Trace.tla	spec/output/round1-traces/bounded_drain_and_late_cancel/spec/Trace.tla	file	0664	1789310685963298558	47126	070d33a561891f76a12dfb2a11d77ff9abd47f8d3ee2b7a96e36fe42bb4864dd	/home/ubuntu/nvflare-runs-20260913/specula/runs/nvflare-transfer-20260913/nvflare-transfer/.specula-output/spec/Trace.tla	materialize	run-evidence	Original symlink materialized with identical target bytes	{}
specula/runs/nvflare-transfer-20260913/nvflare-transfer/.specula-output/spec/output/round1-traces/bounded_drain_and_late_cancel/spec/base.tla	spec/output/round1-traces/bounded_drain_and_late_cancel/spec/base.tla	file	0664	1789310685962298570	80087	685b262b2f7c174e65db91d0f0bc2d15e83423aa8cbf2ebf555ba56d7ba5f14a	/home/ubuntu/nvflare-runs-20260913/specula/runs/nvflare-transfer-20260913/nvflare-transfer/.specula-output/spec/base.tla	materialize	run-evidence	Original symlink materialized with identical target bytes	{}
specula/runs/nvflare-transfer-20260913/nvflare-transfer/.specula-output/spec/output/round1-traces/bounded_drain_and_late_cancel/task.json	spec/output/round1-traces/bounded_drain_and_late_cancel/task.json	file	0664	1789313995454736048	829	49ba6a3bd7dafb27f8f958284930b71942d1bd4845c4a989092cad4e063307c4		copy	run-evidence		{}
specula/runs/nvflare-transfer-20260913/nvflare-transfer/.specula-output/spec/output/round1-traces/bounded_drain_and_late_cancel/tlc.log	spec/output/round1-traces/bounded_drain_and_late_cancel/tlc.log	file	0664	1789313998461698384	5675	e8dcc2bf5e4c5d77e542b84ca5330337825a440ccb709ca7fed21009673bb374		copy	run-evidence		{}
specula/runs/nvflare-transfer-20260913/nvflare-transfer/.specula-output/spec/output/round1-traces/bounded_drain_and_late_cancel/traces/trace.ndjson	spec/output/round1-traces/bounded_drain_and_late_cancel/traces/trace.ndjson	file	0664	1789313482562111023	154202	b33a17ff16c9d8e5b23a0f1871ac651d97b39d7ee1e137937eaae3db1cd7230b	/home/ubuntu/nvflare-runs-20260913/specula/runs/nvflare-transfer-20260913/nvflare-transfer/.specula-output/traces/normalized/bounded_drain_and_late_cancel.ndjson	materialize	run-evidence	Original symlink materialized with identical target bytes	{}
specula/runs/nvflare-transfer-20260913/nvflare-transfer/.specula-output/spec/output/round1-traces/cleanup.json	spec/output/round1-traces/cleanup.json	file	0664	1789313999485685558	915	8d0a6e44ca8eb7ca89175d6b8aefee9246ec25150023763401cd82a0832f0050		copy	run-evidence		{}
specula/runs/nvflare-transfer-20260913/nvflare-transfer/.specula-output/spec/output/round1-traces/confirmed_success/result.json	spec/output/round1-traces/confirmed_success/result.json	file	0664	1789313999466685797	854	9df6d3ce5924f7e701a119da8235d7eaaa91b381675fc85f45fc41c66d7cb995		copy	run-evidence		{}
specula/runs/nvflare-transfer-20260913/nvflare-transfer/.specula-output/spec/output/round1-traces/confirmed_success/spec/Trace.cfg	spec/output/round1-traces/confirmed_success/spec/Trace.cfg	file	0664	1789310685963298558	844	f237076d59984371c52351f70cc00c05942bcdc912211fdef32081f54f290f69	/home/ubuntu/nvflare-runs-20260913/specula/runs/nvflare-transfer-20260913/nvflare-transfer/.specula-output/spec/Trace.cfg	materialize	run-evidence	Original symlink materialized with identical target bytes	{}
specula/runs/nvflare-transfer-20260913/nvflare-transfer/.specula-output/spec/output/round1-traces/confirmed_success/spec/Trace.tla	spec/output/round1-traces/confirmed_success/spec/Trace.tla	file	0664	1789310685963298558	47126	070d33a561891f76a12dfb2a11d77ff9abd47f8d3ee2b7a96e36fe42bb4864dd	/home/ubuntu/nvflare-runs-20260913/specula/runs/nvflare-transfer-20260913/nvflare-transfer/.specula-output/spec/Trace.tla	materialize	run-evidence	Original symlink materialized with identical target bytes	{}
specula/runs/nvflare-transfer-20260913/nvflare-transfer/.specula-output/spec/output/round1-traces/confirmed_success/spec/base.tla	spec/output/round1-traces/confirmed_success/spec/base.tla	file	0664	1789310685962298570	80087	685b262b2f7c174e65db91d0f0bc2d15e83423aa8cbf2ebf555ba56d7ba5f14a	/home/ubuntu/nvflare-runs-20260913/specula/runs/nvflare-transfer-20260913/nvflare-transfer/.specula-output/spec/base.tla	materialize	run-evidence	Original symlink materialized with identical target bytes	{}
specula/runs/nvflare-transfer-20260913/nvflare-transfer/.specula-output/spec/output/round1-traces/confirmed_success/task.json	spec/output/round1-traces/confirmed_success/task.json	file	0664	1789313995457736010	829	7f221d2b135b59e4f48fd1b4c225c215a74cf90fa8c6237234fba92e1118a8c4		copy	run-evidence		{}
specula/runs/nvflare-transfer-20260913/nvflare-transfer/.specula-output/spec/output/round1-traces/confirmed_success/tlc.log	spec/output/round1-traces/confirmed_success/tlc.log	file	0664	1789313999465685809	5645	6892294269ae766f7395d9431d05cadf7e7ac19a3a812d5537253405d642e0e9		copy	run-evidence		{}
specula/runs/nvflare-transfer-20260913/nvflare-transfer/.specula-output/spec/output/round1-traces/confirmed_success/traces/trace.ndjson	spec/output/round1-traces/confirmed_success/traces/trace.ndjson	file	0664	1789313482573110894	527463	6a0c9443464a961d5e9013c230bbc8afd6f4c7a915b2e93a050397544a438646	/home/ubuntu/nvflare-runs-20260913/specula/runs/nvflare-transfer-20260913/nvflare-transfer/.specula-output/traces/normalized/confirmed_success.ndjson	materialize	run-evidence	Original symlink materialized with identical target bytes	{}
specula/runs/nvflare-transfer-20260913/nvflare-transfer/.specula-output/spec/output/round1-traces/delete_with_late_confirmation/result.json	spec/output/round1-traces/delete_with_late_confirmation/result.json	file	0664	1789313999467685784	864	5bae89961345db4e7e1c0b92fa94bc3dfead7e34be5a531c722846eb043fffb4		copy	run-evidence		{}
specula/runs/nvflare-transfer-20260913/nvflare-transfer/.specula-output/spec/output/round1-traces/delete_with_late_confirmation/spec/Trace.cfg	spec/output/round1-traces/delete_with_late_confirmation/spec/Trace.cfg	file	0664	1789310685963298558	844	f237076d59984371c52351f70cc00c05942bcdc912211fdef32081f54f290f69	/home/ubuntu/nvflare-runs-20260913/specula/runs/nvflare-transfer-20260913/nvflare-transfer/.specula-output/spec/Trace.cfg	materialize	run-evidence	Original symlink materialized with identical target bytes	{}
specula/runs/nvflare-transfer-20260913/nvflare-transfer/.specula-output/spec/output/round1-traces/delete_with_late_confirmation/spec/Trace.tla	spec/output/round1-traces/delete_with_late_confirmation/spec/Trace.tla	file	0664	1789310685963298558	47126	070d33a561891f76a12dfb2a11d77ff9abd47f8d3ee2b7a96e36fe42bb4864dd	/home/ubuntu/nvflare-runs-20260913/specula/runs/nvflare-transfer-20260913/nvflare-transfer/.specula-output/spec/Trace.tla	materialize	run-evidence	Original symlink materialized with identical target bytes	{}
specula/runs/nvflare-transfer-20260913/nvflare-transfer/.specula-output/spec/output/round1-traces/delete_with_late_confirmation/spec/base.tla	spec/output/round1-traces/delete_with_late_confirmation/spec/base.tla	file	0664	1789310685962298570	80087	685b262b2f7c174e65db91d0f0bc2d15e83423aa8cbf2ebf555ba56d7ba5f14a	/home/ubuntu/nvflare-runs-20260913/specula/runs/nvflare-transfer-20260913/nvflare-transfer/.specula-output/spec/base.tla	materialize	run-evidence	Original symlink materialized with identical target bytes	{}
specula/runs/nvflare-transfer-20260913/nvflare-transfer/.specula-output/spec/output/round1-traces/delete_with_late_confirmation/task.json	spec/output/round1-traces/delete_with_late_confirmation/task.json	file	0664	1789313995458735998	829	4b05b19d68345f61a7ec7b2e493337be374cffbdc5bb4a00ff84f20a3a562b9a		copy	run-evidence		{}
specula/runs/nvflare-transfer-20260913/nvflare-transfer/.specula-output/spec/output/round1-traces/delete_with_late_confirmation/tlc.log	spec/output/round1-traces/delete_with_late_confirmation/tlc.log	file	0664	1789313999467685784	5662	70a4c2f6da6fbab5cf8dd2ed9af359e83aa27abd7c2b65356a98057c31f1a60c		copy	run-evidence		{}
specula/runs/nvflare-transfer-20260913/nvflare-transfer/.specula-output/spec/output/round1-traces/delete_with_late_confirmation/traces/trace.ndjson	spec/output/round1-traces/delete_with_late_confirmation/traces/trace.ndjson	file	0664	1789313482578110835	166378	e3676b2956e42a03c8a73e10749a759e877adf0f8e0fc0fa5577577baece82e4	/home/ubuntu/nvflare-runs-20260913/specula/runs/nvflare-transfer-20260913/nvflare-transfer/.specula-output/traces/normalized/delete_with_late_confirmation.ndjson	materialize	run-evidence	Original symlink materialized with identical target bytes	{}
specula/runs/nvflare-transfer-20260913/nvflare-transfer/.specula-output/spec/output/round1-traces/disjoint_receivers_and_idle_budget/result.json	spec/output/round1-traces/disjoint_receivers_and_idle_budget/result.json	file	0664	1789313999469685759	871	d159971c73c9f890e46f61574ef929fd04548c246278c50b2f2442780c03e36b		copy	run-evidence		{}
specula/runs/nvflare-transfer-20260913/nvflare-transfer/.specula-output/spec/output/round1-traces/disjoint_receivers_and_idle_budget/spec/Trace.cfg	spec/output/round1-traces/disjoint_receivers_and_idle_budget/spec/Trace.cfg	file	0664	1789310685963298558	844	f237076d59984371c52351f70cc00c05942bcdc912211fdef32081f54f290f69	/home/ubuntu/nvflare-runs-20260913/specula/runs/nvflare-transfer-20260913/nvflare-transfer/.specula-output/spec/Trace.cfg	materialize	run-evidence	Original symlink materialized with identical target bytes	{}
specula/runs/nvflare-transfer-20260913/nvflare-transfer/.specula-output/spec/output/round1-traces/disjoint_receivers_and_idle_budget/spec/Trace.tla	spec/output/round1-traces/disjoint_receivers_and_idle_budget/spec/Trace.tla	file	0664	1789310685963298558	47126	070d33a561891f76a12dfb2a11d77ff9abd47f8d3ee2b7a96e36fe42bb4864dd	/home/ubuntu/nvflare-runs-20260913/specula/runs/nvflare-transfer-20260913/nvflare-transfer/.specula-output/spec/Trace.tla	materialize	run-evidence	Original symlink materialized with identical target bytes	{}
specula/runs/nvflare-transfer-20260913/nvflare-transfer/.specula-output/spec/output/round1-traces/disjoint_receivers_and_idle_budget/spec/base.tla	spec/output/round1-traces/disjoint_receivers_and_idle_budget/spec/base.tla	file	0664	1789310685962298570	80087	685b262b2f7c174e65db91d0f0bc2d15e83423aa8cbf2ebf555ba56d7ba5f14a	/home/ubuntu/nvflare-runs-20260913/specula/runs/nvflare-transfer-20260913/nvflare-transfer/.specula-output/spec/base.tla	materialize	run-evidence	Original symlink materialized with identical target bytes	{}
specula/runs/nvflare-transfer-20260913/nvflare-transfer/.specula-output/spec/output/round1-traces/disjoint_receivers_and_idle_budget/task.json	spec/output/round1-traces/disjoint_receivers_and_idle_budget/task.json	file	0664	1789313995459735985	829	d959d59e402311ed4d6bd12ba02705ab12f35857f033f2f1d462fb6ab59e8d98		copy	run-evidence		{}
specula/runs/nvflare-transfer-20260913/nvflare-transfer/.specula-output/spec/output/round1-traces/disjoint_receivers_and_idle_budget/tlc.log	spec/output/round1-traces/disjoint_receivers_and_idle_budget/tlc.log	file	0664	1789313999468685771	5680	3d2bb88767096288f542ca3062687d5680c8de0bc247766fc9137ca0c957e898		copy	run-evidence		{}
specula/runs/nvflare-transfer-20260913/nvflare-transfer/.specula-output/spec/output/round1-traces/disjoint_receivers_and_idle_budget/traces/trace.ndjson	spec/output/round1-traces/disjoint_receivers_and_idle_budget/traces/trace.ndjson	file	0664	1789313482586110741	385058	e764ebcf063249aa2339418d2b9d4b0aaf2c6b2c3db6b834057747dd3a2975ba	/home/ubuntu/nvflare-runs-20260913/specula/runs/nvflare-transfer-20260913/nvflare-transfer/.specula-output/traces/normalized/disjoint_receivers_and_idle_budget.ndjson	materialize	run-evidence	Original symlink materialized with identical target bytes	{}
specula/runs/nvflare-transfer-20260913/nvflare-transfer/.specula-output/spec/output/round1-traces/executor_stopped_fallback/result.json	spec/output/round1-traces/executor_stopped_fallback/result.json	file	0664	1789313999470685746	862	f4afd18d5688702519ed7bb31bc759e00d5370d80d827efa3605d64e107e3b4e		copy	run-evidence		{}
specula/runs/nvflare-transfer-20260913/nvflare-transfer/.specula-output/spec/output/round1-traces/executor_stopped_fallback/spec/Trace.cfg	spec/output/round1-traces/executor_stopped_fallback/spec/Trace.cfg	file	0664	1789310685963298558	844	f237076d59984371c52351f70cc00c05942bcdc912211fdef32081f54f290f69	/home/ubuntu/nvflare-runs-20260913/specula/runs/nvflare-transfer-20260913/nvflare-transfer/.specula-output/spec/Trace.cfg	materialize	run-evidence	Original symlink materialized with identical target bytes	{}
specula/runs/nvflare-transfer-20260913/nvflare-transfer/.specula-output/spec/output/round1-traces/executor_stopped_fallback/spec/Trace.tla	spec/output/round1-traces/executor_stopped_fallback/spec/Trace.tla	file	0664	1789310685963298558	47126	070d33a561891f76a12dfb2a11d77ff9abd47f8d3ee2b7a96e36fe42bb4864dd	/home/ubuntu/nvflare-runs-20260913/specula/runs/nvflare-transfer-20260913/nvflare-transfer/.specula-output/spec/Trace.tla	materialize	run-evidence	Original symlink materialized with identical target bytes	{}
specula/runs/nvflare-transfer-20260913/nvflare-transfer/.specula-output/spec/output/round1-traces/executor_stopped_fallback/spec/base.tla	spec/output/round1-traces/executor_stopped_fallback/spec/base.tla	file	0664	1789310685962298570	80087	685b262b2f7c174e65db91d0f0bc2d15e83423aa8cbf2ebf555ba56d7ba5f14a	/home/ubuntu/nvflare-runs-20260913/specula/runs/nvflare-transfer-20260913/nvflare-transfer/.specula-output/spec/base.tla	materialize	run-evidence	Original symlink materialized with identical target bytes	{}
specula/runs/nvflare-transfer-20260913/nvflare-transfer/.specula-output/spec/output/round1-traces/executor_stopped_fallback/task.json	spec/output/round1-traces/executor_stopped_fallback/task.json	file	0664	1789313995462735948	829	f9cc77af096b930fd8f2916f204e4781d29d8a8c2bfccec4dc62187232002e0f		copy	run-evidence		{}
specula/runs/nvflare-transfer-20260913/nvflare-transfer/.specula-output/spec/output/round1-traces/executor_stopped_fallback/tlc.log	spec/output/round1-traces/executor_stopped_fallback/tlc.log	file	0664	1789313999469685759	5660	2b59a76ef77f02cf385bd2aafd741b912da99861d4b3e060286edb41554c6e02		copy	run-evidence		{}
specula/runs/nvflare-transfer-20260913/nvflare-transfer/.specula-output/spec/output/round1-traces/executor_stopped_fallback/traces/trace.ndjson	spec/output/round1-traces/executor_stopped_fallback/traces/trace.ndjson	file	0664	1789313482597110611	525651	eab4b1097cb4b02ea63ad6cc407d3f5c7d667ad7c3f6b097419c6a8376aefd4c	/home/ubuntu/nvflare-runs-20260913/specula/runs/nvflare-transfer-20260913/nvflare-transfer/.specula-output/traces/normalized/executor_stopped_fallback.ndjson	materialize	run-evidence	Original symlink materialized with identical target bytes	{}
specula/runs/nvflare-transfer-20260913/nvflare-transfer/.specula-output/spec/output/round1-traces/lost_confirmation/result.json	spec/output/round1-traces/lost_confirmation/result.json	file	0664	1789313999472685721	854	7c6108eb204fc08168cad7983d1c79523db0e98df97990dd0d88f0b09ff8e93f		copy	run-evidence		{}
specula/runs/nvflare-transfer-20260913/nvflare-transfer/.specula-output/spec/output/round1-traces/lost_confirmation/spec/Trace.cfg	spec/output/round1-traces/lost_confirmation/spec/Trace.cfg	file	0664	1789310685963298558	844	f237076d59984371c52351f70cc00c05942bcdc912211fdef32081f54f290f69	/home/ubuntu/nvflare-runs-20260913/specula/runs/nvflare-transfer-20260913/nvflare-transfer/.specula-output/spec/Trace.cfg	materialize	run-evidence	Original symlink materialized with identical target bytes	{}
specula/runs/nvflare-transfer-20260913/nvflare-transfer/.specula-output/spec/output/round1-traces/lost_confirmation/spec/Trace.tla	spec/output/round1-traces/lost_confirmation/spec/Trace.tla	file	0664	1789310685963298558	47126	070d33a561891f76a12dfb2a11d77ff9abd47f8d3ee2b7a96e36fe42bb4864dd	/home/ubuntu/nvflare-runs-20260913/specula/runs/nvflare-transfer-20260913/nvflare-transfer/.specula-output/spec/Trace.tla	materialize	run-evidence	Original symlink materialized with identical target bytes	{}
specula/runs/nvflare-transfer-20260913/nvflare-transfer/.specula-output/spec/output/round1-traces/lost_confirmation/spec/base.tla	spec/output/round1-traces/lost_confirmation/spec/base.tla	file	0664	1789310685962298570	80087	685b262b2f7c174e65db91d0f0bc2d15e83423aa8cbf2ebf555ba56d7ba5f14a	/home/ubuntu/nvflare-runs-20260913/specula/runs/nvflare-transfer-20260913/nvflare-transfer/.specula-output/spec/base.tla	materialize	run-evidence	Original symlink materialized with identical target bytes	{}
specula/runs/nvflare-transfer-20260913/nvflare-transfer/.specula-output/spec/output/round1-traces/lost_confirmation/task.json	spec/output/round1-traces/lost_confirmation/task.json	file	0664	1789313995463735935	829	b485b6957af868337590402ed73b24e68af4b1f3b7ec07bef8c90447fda8a359		copy	run-evidence		{}
specula/runs/nvflare-transfer-20260913/nvflare-transfer/.specula-output/spec/output/round1-traces/lost_confirmation/tlc.log	spec/output/round1-traces/lost_confirmation/tlc.log	file	0664	1789313999471685734	5645	8eba99695949f7e7ab99b04a1292322d5b089e6349df65f8472f31abd71fb319		copy	run-evidence		{}
specula/runs/nvflare-transfer-20260913/nvflare-transfer/.specula-output/spec/output/round1-traces/lost_confirmation/traces/trace.ndjson	spec/output/round1-traces/lost_confirmation/traces/trace.ndjson	file	0664	1789313482610110458	525272	5627921c60f81b76f5768e97b11d61c77a66460991c242d28bc2925139a8d51c	/home/ubuntu/nvflare-runs-20260913/specula/runs/nvflare-transfer-20260913/nvflare-transfer/.specula-output/traces/normalized/lost_confirmation.ndjson	materialize	run-evidence	Original symlink materialized with identical target bytes	{}
specula/runs/nvflare-transfer-20260913/nvflare-transfer/.specula-output/spec/output/round1-traces/never_acquired_receiver/result.json	spec/output/round1-traces/never_acquired_receiver/result.json	file	0664	1789313999473685709	860	e0fc2a904d52a6dee1e86b52e68d4b7aaf6c7e093446c146263462c65e04b02c		copy	run-evidence		{}
specula/runs/nvflare-transfer-20260913/nvflare-transfer/.specula-output/spec/output/round1-traces/never_acquired_receiver/spec/Trace.cfg	spec/output/round1-traces/never_acquired_receiver/spec/Trace.cfg	file	0664	1789310685963298558	844	f237076d59984371c52351f70cc00c05942bcdc912211fdef32081f54f290f69	/home/ubuntu/nvflare-runs-20260913/specula/runs/nvflare-transfer-20260913/nvflare-transfer/.specula-output/spec/Trace.cfg	materialize	run-evidence	Original symlink materialized with identical target bytes	{}
specula/runs/nvflare-transfer-20260913/nvflare-transfer/.specula-output/spec/output/round1-traces/never_acquired_receiver/spec/Trace.tla	spec/output/round1-traces/never_acquired_receiver/spec/Trace.tla	file	0664	1789310685963298558	47126	070d33a561891f76a12dfb2a11d77ff9abd47f8d3ee2b7a96e36fe42bb4864dd	/home/ubuntu/nvflare-runs-20260913/specula/runs/nvflare-transfer-20260913/nvflare-transfer/.specula-output/spec/Trace.tla	materialize	run-evidence	Original symlink materialized with identical target bytes	{}
specula/runs/nvflare-transfer-20260913/nvflare-transfer/.specula-output/spec/output/round1-traces/never_acquired_receiver/spec/base.tla	spec/output/round1-traces/never_acquired_receiver/spec/base.tla	file	0664	1789310685962298570	80087	685b262b2f7c174e65db91d0f0bc2d15e83423aa8cbf2ebf555ba56d7ba5f14a	/home/ubuntu/nvflare-runs-20260913/specula/runs/nvflare-transfer-20260913/nvflare-transfer/.specula-output/spec/base.tla	materialize	run-evidence	Original symlink materialized with identical target bytes	{}
specula/runs/nvflare-transfer-20260913/nvflare-transfer/.specula-output/spec/output/round1-traces/never_acquired_receiver/task.json	spec/output/round1-traces/never_acquired_receiver/task.json	file	0664	1789313995466735898	829	46de19f0c7ce4256ba9729e687d850d00d3386d458cd0bc8e03932ae686f8035		copy	run-evidence		{}
specula/runs/nvflare-transfer-20260913/nvflare-transfer/.specula-output/spec/output/round1-traces/never_acquired_receiver/tlc.log	spec/output/round1-traces/never_acquired_receiver/tlc.log	file	0664	1789313999472685721	5668	85d9c02cd14fc7a60e76651a855d50d593c9e10af782d33ba818eb2655702072		copy	run-evidence		{}
specula/runs/nvflare-transfer-20260913/nvflare-transfer/.specula-output/spec/output/round1-traces/never_acquired_receiver/traces/trace.ndjson	spec/output/round1-traces/never_acquired_receiver/traces/trace.ndjson	file	0664	1789313482619110352	373740	dc99856337f4d90b5e250da4edcf8ce0f948d0f1183acc1a340d11e21045f02e	/home/ubuntu/nvflare-runs-20260913/specula/runs/nvflare-transfer-20260913/nvflare-transfer/.specula-output/traces/normalized/never_acquired_receiver.ndjson	materialize	run-evidence	Original symlink materialized with identical target bytes	{}
specula/runs/nvflare-transfer-20260913/nvflare-transfer/.specula-output/spec/output/round1-traces/outcome_computation_exception/result.json	spec/output/round1-traces/outcome_computation_exception/result.json	file	0664	1789313999475685684	865	61fa45ed67ff96599dfb0dae8f0a37e2cfc6c207dc03254bf31a175693a9a08e		copy	run-evidence		{}
specula/runs/nvflare-transfer-20260913/nvflare-transfer/.specula-output/spec/output/round1-traces/outcome_computation_exception/spec/Trace.cfg	spec/output/round1-traces/outcome_computation_exception/spec/Trace.cfg	file	0664	1789310685963298558	844	f237076d59984371c52351f70cc00c05942bcdc912211fdef32081f54f290f69	/home/ubuntu/nvflare-runs-20260913/specula/runs/nvflare-transfer-20260913/nvflare-transfer/.specula-output/spec/Trace.cfg	materialize	run-evidence	Original symlink materialized with identical target bytes	{}
specula/runs/nvflare-transfer-20260913/nvflare-transfer/.specula-output/spec/output/round1-traces/outcome_computation_exception/spec/Trace.tla	spec/output/round1-traces/outcome_computation_exception/spec/Trace.tla	file	0664	1789310685963298558	47126	070d33a561891f76a12dfb2a11d77ff9abd47f8d3ee2b7a96e36fe42bb4864dd	/home/ubuntu/nvflare-runs-20260913/specula/runs/nvflare-transfer-20260913/nvflare-transfer/.specula-output/spec/Trace.tla	materialize	run-evidence	Original symlink materialized with identical target bytes	{}
specula/runs/nvflare-transfer-20260913/nvflare-transfer/.specula-output/spec/output/round1-traces/outcome_computation_exception/spec/base.tla	spec/output/round1-traces/outcome_computation_exception/spec/base.tla	file	0664	1789310685962298570	80087	685b262b2f7c174e65db91d0f0bc2d15e83423aa8cbf2ebf555ba56d7ba5f14a	/home/ubuntu/nvflare-runs-20260913/specula/runs/nvflare-transfer-20260913/nvflare-transfer/.specula-output/spec/base.tla	materialize	run-evidence	Original symlink materialized with identical target bytes	{}
specula/runs/nvflare-transfer-20260913/nvflare-transfer/.specula-output/spec/output/round1-traces/outcome_computation_exception/task.json	spec/output/round1-traces/outcome_computation_exception/task.json	file	0664	1789313995468735872	829	c4b82ae503f4b6b8954cd3484d5b218063b4a0905f861a0659da2bb020d7bb53		copy	run-evidence		{}
specula/runs/nvflare-transfer-20260913/nvflare-transfer/.specula-output/spec/output/round1-traces/outcome_computation_exception/tlc.log	spec/output/round1-traces/outcome_computation_exception/tlc.log	file	0664	1789313999474685696	5683	4eb1fcfeea6fccc54db95f95a4109d24bd0fb05c7bd6043ba003f2f36942ed59		copy	run-evidence		{}
specula/runs/nvflare-transfer-20260913/nvflare-transfer/.specula-output/spec/output/round1-traces/outcome_computation_exception/traces/trace.ndjson	spec/output/round1-traces/outcome_computation_exception/traces/trace.ndjson	file	0664	1789313482631110211	525741	c1e7ba8645d56881e46feb4dd7a328db6ab42fdd2a3019682bba783732f2b1bc	/home/ubuntu/nvflare-runs-20260913/specula/runs/nvflare-transfer-20260913/nvflare-transfer/.specula-output/traces/normalized/outcome_computation_exception.ndjson	materialize	run-evidence	Original symlink materialized with identical target bytes	{}
specula/runs/nvflare-transfer-20260913/nvflare-transfer/.specula-output/spec/output/round1-traces/pipeline_consume_failure/result.json	spec/output/round1-traces/pipeline_consume_failure/result.json	file	0664	1789313999476685671	860	3f301f6ad1db4956b3fca50b50c561abc00b69ce1fc6191ed299e9f832a9a459		copy	run-evidence		{}
specula/runs/nvflare-transfer-20260913/nvflare-transfer/.specula-output/spec/output/round1-traces/pipeline_consume_failure/spec/Trace.cfg	spec/output/round1-traces/pipeline_consume_failure/spec/Trace.cfg	file	0664	1789310685963298558	844	f237076d59984371c52351f70cc00c05942bcdc912211fdef32081f54f290f69	/home/ubuntu/nvflare-runs-20260913/specula/runs/nvflare-transfer-20260913/nvflare-transfer/.specula-output/spec/Trace.cfg	materialize	run-evidence	Original symlink materialized with identical target bytes	{}
specula/runs/nvflare-transfer-20260913/nvflare-transfer/.specula-output/spec/output/round1-traces/pipeline_consume_failure/spec/Trace.tla	spec/output/round1-traces/pipeline_consume_failure/spec/Trace.tla	file	0664	1789310685963298558	47126	070d33a561891f76a12dfb2a11d77ff9abd47f8d3ee2b7a96e36fe42bb4864dd	/home/ubuntu/nvflare-runs-20260913/specula/runs/nvflare-transfer-20260913/nvflare-transfer/.specula-output/spec/Trace.tla	materialize	run-evidence	Original symlink materialized with identical target bytes	{}
specula/runs/nvflare-transfer-20260913/nvflare-transfer/.specula-output/spec/output/round1-traces/pipeline_consume_failure/spec/base.tla	spec/output/round1-traces/pipeline_consume_failure/spec/base.tla	file	0664	1789310685962298570	80087	685b262b2f7c174e65db91d0f0bc2d15e83423aa8cbf2ebf555ba56d7ba5f14a	/home/ubuntu/nvflare-runs-20260913/specula/runs/nvflare-transfer-20260913/nvflare-transfer/.specula-output/spec/base.tla	materialize	run-evidence	Original symlink materialized with identical target bytes	{}
specula/runs/nvflare-transfer-20260913/nvflare-transfer/.specula-output/spec/output/round1-traces/pipeline_consume_failure/task.json	spec/output/round1-traces/pipeline_consume_failure/task.json	file	0664	1789313995469735860	829	835865fde8142b17a1e76fe9136526a43cfa8bc03c8093a50264416f0d84d5d5		copy	run-evidence		{}
specula/runs/nvflare-transfer-20260913/nvflare-transfer/.specula-output/spec/output/round1-traces/pipeline_consume_failure/tlc.log	spec/output/round1-traces/pipeline_consume_failure/tlc.log	file	0664	1789313999475685684	5645	91bfb5be3fb780e89c07117915990daf7e1d7dc5e6445a421e72194177659326		copy	run-evidence		{}
specula/runs/nvflare-transfer-20260913/nvflare-transfer/.specula-output/spec/output/round1-traces/pipeline_consume_failure/traces/trace.ndjson	spec/output/round1-traces/pipeline_consume_failure/traces/trace.ndjson	file	0664	1789313482641110093	435207	133437f70c3bc65154564125a429e1497470e814c6525efbb64d34f78ccbac66	/home/ubuntu/nvflare-runs-20260913/specula/runs/nvflare-transfer-20260913/nvflare-transfer/.specula-output/traces/normalized/pipeline_consume_failure.ndjson	materialize	run-evidence	Original symlink materialized with identical target bytes	{}
specula/runs/nvflare-transfer-20260913/nvflare-transfer/.specula-output/spec/output/round1-traces/producer_error/result.json	spec/output/round1-traces/producer_error/result.json	file	0664	1789313999478685646	851	14db6e9cf7a9bf24ffa6ab7563de7a6ed22a11242cef5c7ddf8916e8427e2951		copy	run-evidence		{}
specula/runs/nvflare-transfer-20260913/nvflare-transfer/.specula-output/spec/output/round1-traces/producer_error/spec/Trace.cfg	spec/output/round1-traces/producer_error/spec/Trace.cfg	file	0664	1789310685963298558	844	f237076d59984371c52351f70cc00c05942bcdc912211fdef32081f54f290f69	/home/ubuntu/nvflare-runs-20260913/specula/runs/nvflare-transfer-20260913/nvflare-transfer/.specula-output/spec/Trace.cfg	materialize	run-evidence	Original symlink materialized with identical target bytes	{}
specula/runs/nvflare-transfer-20260913/nvflare-transfer/.specula-output/spec/output/round1-traces/producer_error/spec/Trace.tla	spec/output/round1-traces/producer_error/spec/Trace.tla	file	0664	1789310685963298558	47126	070d33a561891f76a12dfb2a11d77ff9abd47f8d3ee2b7a96e36fe42bb4864dd	/home/ubuntu/nvflare-runs-20260913/specula/runs/nvflare-transfer-20260913/nvflare-transfer/.specula-output/spec/Trace.tla	materialize	run-evidence	Original symlink materialized with identical target bytes	{}
specula/runs/nvflare-transfer-20260913/nvflare-transfer/.specula-output/spec/output/round1-traces/producer_error/spec/base.tla	spec/output/round1-traces/producer_error/spec/base.tla	file	0664	1789310685962298570	80087	685b262b2f7c174e65db91d0f0bc2d15e83423aa8cbf2ebf555ba56d7ba5f14a	/home/ubuntu/nvflare-runs-20260913/specula/runs/nvflare-transfer-20260913/nvflare-transfer/.specula-output/spec/base.tla	materialize	run-evidence	Original symlink materialized with identical target bytes	{}
specula/runs/nvflare-transfer-20260913/nvflare-transfer/.specula-output/spec/output/round1-traces/producer_error/task.json	spec/output/round1-traces/producer_error/task.json	file	0664	1789313995471735835	829	fe9f9f63e29967eb5e771c654324add60e439fdf665619f53443a8877e00b82a		copy	run-evidence		{}
specula/runs/nvflare-transfer-20260913/nvflare-transfer/.specula-output/spec/output/round1-traces/producer_error/tlc.log	spec/output/round1-traces/producer_error/tlc.log	file	0664	1789313999477685659	5625	f85e795b4b694c6793e382c20c0e81c17fdc0db485eeda733da9586983d79882		copy	run-evidence		{}
specula/runs/nvflare-transfer-20260913/nvflare-transfer/.specula-output/spec/output/round1-traces/producer_error/traces/trace.ndjson	spec/output/round1-traces/producer_error/traces/trace.ndjson	file	0664	1789313482652109964	524217	d9b44b60d5063f10b0bf11f2146b54f8ba2c8c44b16b165690c2454f000d8d9f	/home/ubuntu/nvflare-runs-20260913/specula/runs/nvflare-transfer-20260913/nvflare-transfer/.specula-output/traces/normalized/producer_error.ndjson	materialize	run-evidence	Original symlink materialized with identical target bytes	{}
specula/runs/nvflare-transfer-20260913/nvflare-transfer/.specula-output/spec/output/round1-traces/producer_exception/result.json	spec/output/round1-traces/producer_exception/result.json	file	0664	1789313999479685634	854	fcadcc1ff90fdea1a9661293475936db6494ef81a0cf7f619345d686f650925b		copy	run-evidence		{}
specula/runs/nvflare-transfer-20260913/nvflare-transfer/.specula-output/spec/output/round1-traces/producer_exception/spec/Trace.cfg	spec/output/round1-traces/producer_exception/spec/Trace.cfg	file	0664	1789310685963298558	844	f237076d59984371c52351f70cc00c05942bcdc912211fdef32081f54f290f69	/home/ubuntu/nvflare-runs-20260913/specula/runs/nvflare-transfer-20260913/nvflare-transfer/.specula-output/spec/Trace.cfg	materialize	run-evidence	Original symlink materialized with identical target bytes	{}
specula/runs/nvflare-transfer-20260913/nvflare-transfer/.specula-output/spec/output/round1-traces/producer_exception/spec/Trace.tla	spec/output/round1-traces/producer_exception/spec/Trace.tla	file	0664	1789310685963298558	47126	070d33a561891f76a12dfb2a11d77ff9abd47f8d3ee2b7a96e36fe42bb4864dd	/home/ubuntu/nvflare-runs-20260913/specula/runs/nvflare-transfer-20260913/nvflare-transfer/.specula-output/spec/Trace.tla	materialize	run-evidence	Original symlink materialized with identical target bytes	{}
specula/runs/nvflare-transfer-20260913/nvflare-transfer/.specula-output/spec/output/round1-traces/producer_exception/spec/base.tla	spec/output/round1-traces/producer_exception/spec/base.tla	file	0664	1789310685962298570	80087	685b262b2f7c174e65db91d0f0bc2d15e83423aa8cbf2ebf555ba56d7ba5f14a	/home/ubuntu/nvflare-runs-20260913/specula/runs/nvflare-transfer-20260913/nvflare-transfer/.specula-output/spec/base.tla	materialize	run-evidence	Original symlink materialized with identical target bytes	{}
specula/runs/nvflare-transfer-20260913/nvflare-transfer/.specula-output/spec/output/round1-traces/producer_exception/task.json	spec/output/round1-traces/producer_exception/task.json	file	0664	1789313995473735810	829	b6e1050db14291ba9cfffbccc2b08bf7a2f0f528a4205c1a301fe008ef12a634		copy	run-evidence		{}
specula/runs/nvflare-transfer-20260913/nvflare-transfer/.specula-output/spec/output/round1-traces/producer_exception/tlc.log	spec/output/round1-traces/producer_exception/tlc.log	file	0664	1789313999479685634	5646	0d22bbb2ab751b1097be76cc88863924dba53b638a9f4d573f9e7c8466d07d2b		copy	run-evidence		{}
specula/runs/nvflare-transfer-20260913/nvflare-transfer/.specula-output/spec/output/round1-traces/producer_exception/traces/trace.ndjson	spec/output/round1-traces/producer_exception/traces/trace.ndjson	file	0664	1789313482660109870	341935	771d897947f4c022d1a814ca05a397279c1ef0a628eb7dcfbb2737b78576ddf8	/home/ubuntu/nvflare-runs-20260913/specula/runs/nvflare-transfer-20260913/nvflare-transfer/.specula-output/traces/normalized/producer_exception.ndjson	materialize	run-evidence	Original symlink materialized with identical target bytes	{}
specula/runs/nvflare-transfer-20260913/nvflare-transfer/.specula-output/spec/output/round1-traces/queue_then_submit_exception/result.json	spec/output/round1-traces/queue_then_submit_exception/result.json	file	0664	1789313999481685609	864	c9d3da1299d13296bdd6e4a4554272713d86c5d29a30a5287667012de699e0c6		copy	run-evidence		{}
specula/runs/nvflare-transfer-20260913/nvflare-transfer/.specula-output/spec/output/round1-traces/queue_then_submit_exception/spec/Trace.cfg	spec/output/round1-traces/queue_then_submit_exception/spec/Trace.cfg	file	0664	1789310685963298558	844	f237076d59984371c52351f70cc00c05942bcdc912211fdef32081f54f290f69	/home/ubuntu/nvflare-runs-20260913/specula/runs/nvflare-transfer-20260913/nvflare-transfer/.specula-output/spec/Trace.cfg	materialize	run-evidence	Original symlink materialized with identical target bytes	{}
specula/runs/nvflare-transfer-20260913/nvflare-transfer/.specula-output/spec/output/round1-traces/queue_then_submit_exception/spec/Trace.tla	spec/output/round1-traces/queue_then_submit_exception/spec/Trace.tla	file	0664	1789310685963298558	47126	070d33a561891f76a12dfb2a11d77ff9abd47f8d3ee2b7a96e36fe42bb4864dd	/home/ubuntu/nvflare-runs-20260913/specula/runs/nvflare-transfer-20260913/nvflare-transfer/.specula-output/spec/Trace.tla	materialize	run-evidence	Original symlink materialized with identical target bytes	{}
specula/runs/nvflare-transfer-20260913/nvflare-transfer/.specula-output/spec/output/round1-traces/queue_then_submit_exception/spec/base.tla	spec/output/round1-traces/queue_then_submit_exception/spec/base.tla	file	0664	1789310685962298570	80087	685b262b2f7c174e65db91d0f0bc2d15e83423aa8cbf2ebf555ba56d7ba5f14a	/home/ubuntu/nvflare-runs-20260913/specula/runs/nvflare-transfer-20260913/nvflare-transfer/.specula-output/spec/base.tla	materialize	run-evidence	Original symlink materialized with identical target bytes	{}
specula/runs/nvflare-transfer-20260913/nvflare-transfer/.specula-output/spec/output/round1-traces/queue_then_submit_exception/task.json	spec/output/round1-traces/queue_then_submit_exception/task.json	file	0664	1789313995474735797	829	8d697d7d0c04eb6b6f0b3cecde85980c2f6c143e17c19ddf5c15ef9db5cb7d13		copy	run-evidence		{}
specula/runs/nvflare-transfer-20260913/nvflare-transfer/.specula-output/spec/output/round1-traces/queue_then_submit_exception/tlc.log	spec/output/round1-traces/queue_then_submit_exception/tlc.log	file	0664	1789313999480685621	5664	d6cda76cd24abfc77f361eaeddf91b6e57698324319cbaa06ddc2e4e479bf120		copy	run-evidence		{}
specula/runs/nvflare-transfer-20260913/nvflare-transfer/.specula-output/spec/output/round1-traces/queue_then_submit_exception/traces/trace.ndjson	spec/output/round1-traces/queue_then_submit_exception/traces/trace.ndjson	file	0664	1789313482673109717	586624	71ae7efbe78dd140f53b8ce2ba3223955509e9ae35ab5e63e05c21f5830bfd36	/home/ubuntu/nvflare-runs-20260913/specula/runs/nvflare-transfer-20260913/nvflare-transfer/.specula-output/traces/normalized/queue_then_submit_exception.ndjson	materialize	run-evidence	Original symlink materialized with identical target bytes	{}
specula/runs/nvflare-transfer-20260913/nvflare-transfer/.specula-output/spec/output/round1-traces/receiver_failure_and_callbacks/result.json	spec/output/round1-traces/receiver_failure_and_callbacks/result.json	file	0664	1789313999483685584	867	02d438b5e49673f58ae94e966ea5fa2436725f2b04d2df253ee0d09c1312e8d3		copy	run-evidence		{}
specula/runs/nvflare-transfer-20260913/nvflare-transfer/.specula-output/spec/output/round1-traces/receiver_failure_and_callbacks/spec/Trace.cfg	spec/output/round1-traces/receiver_failure_and_callbacks/spec/Trace.cfg	file	0664	1789310685963298558	844	f237076d59984371c52351f70cc00c05942bcdc912211fdef32081f54f290f69	/home/ubuntu/nvflare-runs-20260913/specula/runs/nvflare-transfer-20260913/nvflare-transfer/.specula-output/spec/Trace.cfg	materialize	run-evidence	Original symlink materialized with identical target bytes	{}
specula/runs/nvflare-transfer-20260913/nvflare-transfer/.specula-output/spec/output/round1-traces/receiver_failure_and_callbacks/spec/Trace.tla	spec/output/round1-traces/receiver_failure_and_callbacks/spec/Trace.tla	file	0664	1789310685963298558	47126	070d33a561891f76a12dfb2a11d77ff9abd47f8d3ee2b7a96e36fe42bb4864dd	/home/ubuntu/nvflare-runs-20260913/specula/runs/nvflare-transfer-20260913/nvflare-transfer/.specula-output/spec/Trace.tla	materialize	run-evidence	Original symlink materialized with identical target bytes	{}
specula/runs/nvflare-transfer-20260913/nvflare-transfer/.specula-output/spec/output/round1-traces/receiver_failure_and_callbacks/spec/base.tla	spec/output/round1-traces/receiver_failure_and_callbacks/spec/base.tla	file	0664	1789310685962298570	80087	685b262b2f7c174e65db91d0f0bc2d15e83423aa8cbf2ebf555ba56d7ba5f14a	/home/ubuntu/nvflare-runs-20260913/specula/runs/nvflare-transfer-20260913/nvflare-transfer/.specula-output/spec/base.tla	materialize	run-evidence	Original symlink materialized with identical target bytes	{}
specula/runs/nvflare-transfer-20260913/nvflare-transfer/.specula-output/spec/output/round1-traces/receiver_failure_and_callbacks/task.json	spec/output/round1-traces/receiver_failure_and_callbacks/task.json	file	0664	1789313995476735772	829	fc4ce9ef382f6fd675526ae0ec74ac064801c6d5a790d7da1ba5026db6000c18		copy	run-evidence		{}
specula/runs/nvflare-transfer-20260913/nvflare-transfer/.specula-output/spec/output/round1-traces/receiver_failure_and_callbacks/tlc.log	spec/output/round1-traces/receiver_failure_and_callbacks/tlc.log	file	0664	1789313999481685609	5657	e7d2c679cf9e4ca2cc32eead90a948ca051cfbec096da2d839841524ec0c7dc7		copy	run-evidence		{}
specula/runs/nvflare-transfer-20260913/nvflare-transfer/.specula-output/spec/output/round1-traces/receiver_failure_and_callbacks/traces/trace.ndjson	spec/output/round1-traces/receiver_failure_and_callbacks/traces/trace.ndjson	file	0664	1789313482685109575	524344	be81e2e385c38a206d9dc85d30f7bc152e283dd6beb940ea9c3bbac2cb46492d	/home/ubuntu/nvflare-runs-20260913/specula/runs/nvflare-transfer-20260913/nvflare-transfer/.specula-output/traces/normalized/receiver_failure_and_callbacks.ndjson	materialize	run-evidence	Original symlink materialized with identical target bytes	{}
specula/runs/nvflare-transfer-20260913/nvflare-transfer/.specula-output/spec/output/round1-traces/results.json	spec/output/round1-traces/results.json	file	0664	1789313999484685571	14701	91619e28335646676c9118b6441c7b711f642505cf6c44dfeea6970fab11e339		copy	run-evidence		{}
specula/runs/nvflare-transfer-20260913/nvflare-transfer/.specula-output/spec/output/round1-traces/shutdown_pending_waiter/result.json	spec/output/round1-traces/shutdown_pending_waiter/result.json	file	0664	1789313999484685571	859	07d4df65991f6cf5a8a6ecf977273651d6cdeb2935606adf200779d5cbc2186b		copy	run-evidence		{}
specula/runs/nvflare-transfer-20260913/nvflare-transfer/.specula-output/spec/output/round1-traces/shutdown_pending_waiter/spec/Trace.cfg	spec/output/round1-traces/shutdown_pending_waiter/spec/Trace.cfg	file	0664	1789310685963298558	844	f237076d59984371c52351f70cc00c05942bcdc912211fdef32081f54f290f69	/home/ubuntu/nvflare-runs-20260913/specula/runs/nvflare-transfer-20260913/nvflare-transfer/.specula-output/spec/Trace.cfg	materialize	run-evidence	Original symlink materialized with identical target bytes	{}
specula/runs/nvflare-transfer-20260913/nvflare-transfer/.specula-output/spec/output/round1-traces/shutdown_pending_waiter/spec/Trace.tla	spec/output/round1-traces/shutdown_pending_waiter/spec/Trace.tla	file	0664	1789310685963298558	47126	070d33a561891f76a12dfb2a11d77ff9abd47f8d3ee2b7a96e36fe42bb4864dd	/home/ubuntu/nvflare-runs-20260913/specula/runs/nvflare-transfer-20260913/nvflare-transfer/.specula-output/spec/Trace.tla	materialize	run-evidence	Original symlink materialized with identical target bytes	{}
specula/runs/nvflare-transfer-20260913/nvflare-transfer/.specula-output/spec/output/round1-traces/shutdown_pending_waiter/spec/base.tla	spec/output/round1-traces/shutdown_pending_waiter/spec/base.tla	file	0664	1789310685962298570	80087	685b262b2f7c174e65db91d0f0bc2d15e83423aa8cbf2ebf555ba56d7ba5f14a	/home/ubuntu/nvflare-runs-20260913/specula/runs/nvflare-transfer-20260913/nvflare-transfer/.specula-output/spec/base.tla	materialize	run-evidence	Original symlink materialized with identical target bytes	{}
specula/runs/nvflare-transfer-20260913/nvflare-transfer/.specula-output/spec/output/round1-traces/shutdown_pending_waiter/task.json	spec/output/round1-traces/shutdown_pending_waiter/task.json	file	0664	1789313995478735747	829	142918d322e48342e817797221d428ad199ed9431b1a083708ded74c559f6a9e		copy	run-evidence		{}
specula/runs/nvflare-transfer-20260913/nvflare-transfer/.specula-output/spec/output/round1-traces/shutdown_pending_waiter/tlc.log	spec/output/round1-traces/shutdown_pending_waiter/tlc.log	file	0664	1789313999483685584	5650	fbe38d08cf2b1b92ba68f3a7b1f40efd4a7e79d2490e5bd35f5af1e699b2549c		copy	run-evidence		{}
specula/runs/nvflare-transfer-20260913/nvflare-transfer/.specula-output/spec/output/round1-traces/shutdown_pending_waiter/traces/trace.ndjson	spec/output/round1-traces/shutdown_pending_waiter/traces/trace.ndjson	file	0664	1789313482690109517	161889	82978a6093467c25d9a0e7f7061b443662324391c7aea4a83a8a4212ed4d4683	/home/ubuntu/nvflare-runs-20260913/specula/runs/nvflare-transfer-20260913/nvflare-transfer/.specula-output/traces/normalized/shutdown_pending_waiter.ndjson	materialize	run-evidence	Original symlink materialized with identical target bytes	{}
specula/runs/nvflare-transfer-20260913/nvflare-transfer/.specula-output/spec/output/round1-traces/transaction_timeout/result.json	spec/output/round1-traces/transaction_timeout/result.json	file	0664	1789313998483698109	855	d532226594d036fa657f1b9c73ed59882d71e2a6ebdd653de3fb1376b4dfd472		copy	run-evidence		{}
specula/runs/nvflare-transfer-20260913/nvflare-transfer/.specula-output/spec/output/round1-traces/transaction_timeout/spec/Trace.cfg	spec/output/round1-traces/transaction_timeout/spec/Trace.cfg	file	0664	1789310685963298558	844	f237076d59984371c52351f70cc00c05942bcdc912211fdef32081f54f290f69	/home/ubuntu/nvflare-runs-20260913/specula/runs/nvflare-transfer-20260913/nvflare-transfer/.specula-output/spec/Trace.cfg	materialize	run-evidence	Original symlink materialized with identical target bytes	{}
specula/runs/nvflare-transfer-20260913/nvflare-transfer/.specula-output/spec/output/round1-traces/transaction_timeout/spec/Trace.tla	spec/output/round1-traces/transaction_timeout/spec/Trace.tla	file	0664	1789310685963298558	47126	070d33a561891f76a12dfb2a11d77ff9abd47f8d3ee2b7a96e36fe42bb4864dd	/home/ubuntu/nvflare-runs-20260913/specula/runs/nvflare-transfer-20260913/nvflare-transfer/.specula-output/spec/Trace.tla	materialize	run-evidence	Original symlink materialized with identical target bytes	{}
specula/runs/nvflare-transfer-20260913/nvflare-transfer/.specula-output/spec/output/round1-traces/transaction_timeout/spec/base.tla	spec/output/round1-traces/transaction_timeout/spec/base.tla	file	0664	1789310685962298570	80087	685b262b2f7c174e65db91d0f0bc2d15e83423aa8cbf2ebf555ba56d7ba5f14a	/home/ubuntu/nvflare-runs-20260913/specula/runs/nvflare-transfer-20260913/nvflare-transfer/.specula-output/spec/base.tla	materialize	run-evidence	Original symlink materialized with identical target bytes	{}
specula/runs/nvflare-transfer-20260913/nvflare-transfer/.specula-output/spec/output/round1-traces/transaction_timeout/task.json	spec/output/round1-traces/transaction_timeout/task.json	file	0664	1789313995479735735	829	94f6d476fed918487e643dad04ee54147c2ae19343cd686cae09b2efd4c2e6b0		copy	run-evidence		{}
specula/runs/nvflare-transfer-20260913/nvflare-transfer/.specula-output/spec/output/round1-traces/transaction_timeout/tlc.log	spec/output/round1-traces/transaction_timeout/tlc.log	file	0664	1789313998482698121	5655	627fb48afe5c75b12b659080cbb26b1ff50db4a9d5906f28d39e1998b0fc17a0		copy	run-evidence		{}
specula/runs/nvflare-transfer-20260913/nvflare-transfer/.specula-output/spec/output/round1-traces/transaction_timeout/traces/trace.ndjson	spec/output/round1-traces/transaction_timeout/traces/trace.ndjson	file	0664	1789313482693109481	85127	ea1119043748b0d2446669a0a7e8d96d40824601b60423095011aa027ec79794	/home/ubuntu/nvflare-runs-20260913/specula/runs/nvflare-transfer-20260913/nvflare-transfer/.specula-output/traces/normalized/transaction_timeout.ndjson	materialize	run-evidence	Original symlink materialized with identical target bytes	{}
specula/runs/nvflare-transfer-20260913/nvflare-transfer/.specula-output/spec/output/round1-traces-driver.log	spec/output/round1-traces-driver.log	file	0664	1789313999484685571	826	6a6efd8435eba1c14a04f3972f746a01b943f8883970cd12a08b01641404c7f0		copy	run-evidence		{}
specula/runs/nvflare-transfer-20260913/nvflare-transfer/.specula-output/spec/output/s4-simulation-task.json	spec/output/s4-simulation-task.json	file	0664	1789317799670226301	829	fe2bf1bf839adae273e8994732218b2e5901b3fd8d6bcf38a73ccf88606f7854		copy	run-evidence		{}
specula/runs/nvflare-transfer-20260913/nvflare-transfer/.specula-output/spec/output/summarize_observations.py	spec/output/summarize_observations.py	file	0664	1789314339819563915	3087	14c5bbe01a4b637c8f00174e6fc363787dc8f22a2fb5937f5193911deb7b5bda		copy	run-evidence		{}
specula/runs/nvflare-transfer-20260913/nvflare-transfer/.specula-output/spec/output/toolchain-manifest.json	spec/output/toolchain-manifest.json	file	0664	1789317956404641887	913	33185128dce21ee2f511ce490526c80decd375fc28ef7dc043674bde4691f2e2		copy	run-evidence		{}
specula/runs/nvflare-transfer-20260913/nvflare-transfer/.specula-output/spec/output/trace-observations.json	spec/output/trace-observations.json	file	0664	1789314340119560516	58905	a17e3811df4565112f92736747d5eafce91d8732bf3a060180cbdb7719daff6a		copy	run-evidence		{}
specula/runs/nvflare-transfer-20260913/nvflare-transfer/.specula-output/spec/output/trace-observations.log	spec/output/trace-observations.log	file	0664	1789314340119560516	1847	7f0bd56ac0755fcb8c15e20c0f1247a470822a01c47b20486d8fa6e0101035ce		copy	run-evidence		{}
specula/runs/nvflare-transfer-20260913/nvflare-transfer/.specula-output/spec/output/validate_traces.py	spec/output/validate_traces.py	file	0664	1789313994986741910	3862	81f05d4ab5dc89fe57f1f6b7ac096f6123cd24d57eda4027b83948328df2f27f		copy	run-evidence		{}
specula/runs/nvflare-transfer-20260913/nvflare-transfer/.specula-output/spec/output/validation-progress.json	spec/output/validation-progress.json	file	0664	1789319682591003431	1385	f5e729fd8d82d1cef6055edba9a58ccdb2b91f99ca920eb2b1e6e6417ece36d4		copy	run-evidence		{}
specula/runs/nvflare-transfer-20260913/nvflare-transfer/.specula-output/spec/review-specgen.log	spec/review-specgen.log	file	0664	1789311576322659365	6686	fc068fa4695031335a1e369eb120e113c3c8808242f08281a61323462bd91a50		copy	run-evidence		{}
specula/runs/nvflare-transfer-20260913/nvflare-transfer/.specula-output/spec/review-specgen.md	spec/review-specgen.md	file	0664	1789311550099967371	8584	d4418a2fdddf5af67a4d4db9bbc3f1af7dfff565c70fa3f583769ff6d3250a26		copy	run-evidence		{}
specula/runs/nvflare-transfer-20260913/nvflare-transfer/.specula-output/spec/review-validation.log	spec/review-validation.log	file	0664	1789320004872075838	4615	ee14b63dc345db5978baaed56d7762b2392f381f62ea976fce40973c6e34e3ca		copy	run-evidence		{}
specula/runs/nvflare-transfer-20260913/nvflare-transfer/.specula-output/spec/review-validation.md	spec/review-validation.md	file	0664	1789319983210255626	6046	8b2dfa78a6ee0a5075f2beffef444d447ba9ef58f64f8a4c8fb6fcc04af10381		copy	run-evidence		{}
specula/runs/nvflare-transfer-20260913/nvflare-transfer/.specula-output/spec/validation-report.md	spec/validation-report.md	file	0664	1789319682591003431	10339	fd78ee42c888dd27566ab824de5de1da7d2f06720a3ca1883ac6ecf167bb3cd6		copy	run-evidence		{}
specula/runs/nvflare-transfer-20260913/nvflare-transfer/.specula-output/summary.md	summary.md	file	0664	1789321591350831500	3660	adb02990df3740dd89315f987a11d4408cd198556f6826a4f55ffce39e43f96e		copy	run-evidence		{}
specula/runs/nvflare-transfer-20260913/nvflare-transfer/.specula-output/traces/active_receiver_and_stalled_sibling.ndjson	traces/active_receiver_and_stalled_sibling.ndjson	file	0664	1789313467137292739	475701	7cbb7e3a0c44d438afe93a1903ca723d8d8aa69bdf58a5d5020595e88f3266b3		copy	run-evidence		{}
specula/runs/nvflare-transfer-20260913/nvflare-transfer/.specula-output/traces/bounded_drain_and_late_cancel.ndjson	traces/bounded_drain_and_late_cancel.ndjson	file	0664	1789313476257185278	161391	21603b5320ab0b0b37ac2f16f0ee00fe5d0cb178d2022916366ee5bff7c35539		copy	run-evidence		{}
specula/runs/nvflare-transfer-20260913/nvflare-transfer/.specula-output/traces/confirmed_success.ndjson	traces/confirmed_success.ndjson	file	0664	1789313463706333159	550454	d99069c6f0d7dc19e992163f5a0823743c7d49bff12af0547b92a42d6b82970c		copy	run-evidence		{}
specula/runs/nvflare-transfer-20260913/nvflare-transfer/.specula-output/traces/delete_with_late_confirmation.ndjson	traces/delete_with_late_confirmation.ndjson	file	0664	1789313470553252496	174007	3ea96226ad7541d97c3f03e0fbd26b005e90b1ee5738cf2ecdc30e6ca9d88daf		copy	run-evidence		{}
specula/runs/nvflare-transfer-20260913/nvflare-transfer/.specula-output/traces/disjoint_receivers_and_idle_budget.ndjson	traces/disjoint_receivers_and_idle_budget.ndjson	file	0664	1789313465983306335	402081	d862f707397ed57367780b8004defd71f0af6d8078b4272eec2c553b403b46f3		copy	run-evidence		{}
specula/runs/nvflare-transfer-20260913/nvflare-transfer/.specula-output/traces/executor_stopped_fallback.ndjson	traces/executor_stopped_fallback.ndjson	file	0664	1789313478565158078	547656	c1665911c1561db57f46dbb117a81dd5cde06459bf743466ada1f106fb2d60da		copy	run-evidence		{}
specula/runs/nvflare-transfer-20260913/nvflare-transfer/.specula-output/traces/lost_confirmation.ndjson	traces/lost_confirmation.ndjson	file	0664	1789313477430171454	547891	20cbd1b54f1caae01b609a85cd577013770614dd496e3781d38df0f8c5d598f3		copy	run-evidence		{}
specula/runs/nvflare-transfer-20260913/nvflare-transfer/.specula-output/traces/never_acquired_receiver.ndjson	traces/never_acquired_receiver.ndjson	file	0664	1789313468268279415	390035	10b00f263f558321ad4a5ce6535e1eb75759c926abbdbccb156300522903853c		copy	run-evidence		{}
specula/runs/nvflare-transfer-20260913/nvflare-transfer/.specula-output/traces/normalized/active_receiver_and_stalled_sibling.ndjson	traces/normalized/active_receiver_and_stalled_sibling.ndjson	file	0664	1789313482556111094	455618	3cfd912d228bf26589570a0c27f423b979750f75c55a5057d55f6b5d77029551		copy	run-evidence		{}
specula/runs/nvflare-transfer-20260913/nvflare-transfer/.specula-output/traces/normalized/bounded_drain_and_late_cancel.ndjson	traces/normalized/bounded_drain_and_late_cancel.ndjson	file	0664	1789313482562111023	154202	b33a17ff16c9d8e5b23a0f1871ac651d97b39d7ee1e137937eaae3db1cd7230b		copy	run-evidence		{}
specula/runs/nvflare-transfer-20260913/nvflare-transfer/.specula-output/traces/normalized/confirmed_success.ndjson	traces/normalized/confirmed_success.ndjson	file	0664	1789313482573110894	527463	6a0c9443464a961d5e9013c230bbc8afd6f4c7a915b2e93a050397544a438646		copy	run-evidence		{}
specula/runs/nvflare-transfer-20260913/nvflare-transfer/.specula-output/traces/normalized/delete_with_late_confirmation.ndjson	traces/normalized/delete_with_late_confirmation.ndjson	file	0664	1789313482578110835	166378	e3676b2956e42a03c8a73e10749a759e877adf0f8e0fc0fa5577577baece82e4		copy	run-evidence		{}
specula/runs/nvflare-transfer-20260913/nvflare-transfer/.specula-output/traces/normalized/disjoint_receivers_and_idle_budget.ndjson	traces/normalized/disjoint_receivers_and_idle_budget.ndjson	file	0664	1789313482586110741	385058	e764ebcf063249aa2339418d2b9d4b0aaf2c6b2c3db6b834057747dd3a2975ba		copy	run-evidence		{}
specula/runs/nvflare-transfer-20260913/nvflare-transfer/.specula-output/traces/normalized/executor_stopped_fallback.ndjson	traces/normalized/executor_stopped_fallback.ndjson	file	0664	1789313482597110611	525651	eab4b1097cb4b02ea63ad6cc407d3f5c7d667ad7c3f6b097419c6a8376aefd4c		copy	run-evidence		{}
specula/runs/nvflare-transfer-20260913/nvflare-transfer/.specula-output/traces/normalized/lost_confirmation.ndjson	traces/normalized/lost_confirmation.ndjson	file	0664	1789313482610110458	525272	5627921c60f81b76f5768e97b11d61c77a66460991c242d28bc2925139a8d51c		copy	run-evidence		{}
specula/runs/nvflare-transfer-20260913/nvflare-transfer/.specula-output/traces/normalized/never_acquired_receiver.ndjson	traces/normalized/never_acquired_receiver.ndjson	file	0664	1789313482619110352	373740	dc99856337f4d90b5e250da4edcf8ce0f948d0f1183acc1a340d11e21045f02e		copy	run-evidence		{}
specula/runs/nvflare-transfer-20260913/nvflare-transfer/.specula-output/traces/normalized/outcome_computation_exception.ndjson	traces/normalized/outcome_computation_exception.ndjson	file	0664	1789313482631110211	525741	c1e7ba8645d56881e46feb4dd7a328db6ab42fdd2a3019682bba783732f2b1bc		copy	run-evidence		{}
specula/runs/nvflare-transfer-20260913/nvflare-transfer/.specula-output/traces/normalized/pipeline_consume_failure.ndjson	traces/normalized/pipeline_consume_failure.ndjson	file	0664	1789313482641110093	435207	133437f70c3bc65154564125a429e1497470e814c6525efbb64d34f78ccbac66		copy	run-evidence		{}
specula/runs/nvflare-transfer-20260913/nvflare-transfer/.specula-output/traces/normalized/producer_error.ndjson	traces/normalized/producer_error.ndjson	file	0664	1789313482652109964	524217	d9b44b60d5063f10b0bf11f2146b54f8ba2c8c44b16b165690c2454f000d8d9f		copy	run-evidence		{}
specula/runs/nvflare-transfer-20260913/nvflare-transfer/.specula-output/traces/normalized/producer_exception.ndjson	traces/normalized/producer_exception.ndjson	file	0664	1789313482660109870	341935	771d897947f4c022d1a814ca05a397279c1ef0a628eb7dcfbb2737b78576ddf8		copy	run-evidence		{}
specula/runs/nvflare-transfer-20260913/nvflare-transfer/.specula-output/traces/normalized/queue_then_submit_exception.ndjson	traces/normalized/queue_then_submit_exception.ndjson	file	0664	1789313482673109717	586624	71ae7efbe78dd140f53b8ce2ba3223955509e9ae35ab5e63e05c21f5830bfd36		copy	run-evidence		{}
specula/runs/nvflare-transfer-20260913/nvflare-transfer/.specula-output/traces/normalized/receiver_failure_and_callbacks.ndjson	traces/normalized/receiver_failure_and_callbacks.ndjson	file	0664	1789313482685109575	524344	be81e2e385c38a206d9dc85d30f7bc152e283dd6beb940ea9c3bbac2cb46492d		copy	run-evidence		{}
specula/runs/nvflare-transfer-20260913/nvflare-transfer/.specula-output/traces/normalized/shutdown_pending_waiter.ndjson	traces/normalized/shutdown_pending_waiter.ndjson	file	0664	1789313482690109517	161889	82978a6093467c25d9a0e7f7061b443662324391c7aea4a83a8a4212ed4d4683		copy	run-evidence		{}
specula/runs/nvflare-transfer-20260913/nvflare-transfer/.specula-output/traces/normalized/transaction_timeout.ndjson	traces/normalized/transaction_timeout.ndjson	file	0664	1789313482693109481	85127	ea1119043748b0d2446669a0a7e8d96d40824601b60423095011aa027ec79794		copy	run-evidence		{}
specula/runs/nvflare-transfer-20260913/nvflare-transfer/.specula-output/traces/outcome_computation_exception.ndjson	traces/outcome_computation_exception.ndjson	file	0664	1789313480853131140	548088	8d93459f8f8d1a0106b0cfa89bbe359d28fb0ff2f05b5f6f919123934569619b		copy	run-evidence		{}
specula/runs/nvflare-transfer-20260913/nvflare-transfer/.specula-output/traces/pipeline_consume_failure.ndjson	traces/pipeline_consume_failure.ndjson	file	0664	1789313469433265691	453724	387e422705d3767bb14944333c910e7e1113c88744c1ba8074d78df2c36f173d		copy	run-evidence		{}
specula/runs/nvflare-transfer-20260913/nvflare-transfer/.specula-output/traces/producer_error.ndjson	traces/producer_error.ndjson	file	0664	1789313473999211888	546384	b09b5f17ce4c2a139b818deeaf7a53c7f3d97cacd83c7c25ab926c9dbb47bb22		copy	run-evidence		{}
specula/runs/nvflare-transfer-20260913/nvflare-transfer/.specula-output/traces/producer_exception.ndjson	traces/producer_exception.ndjson	file	0664	1789313475126198606	356450	1d3a5f59ad692d6e8fcc07e39afcea491e0f6028f5fbbcd350e78e2dc6412207		copy	run-evidence		{}
specula/runs/nvflare-transfer-20260913/nvflare-transfer/.specula-output/traces/queue_then_submit_exception.ndjson	traces/queue_then_submit_exception.ndjson	file	0664	1789313479716144524	612751	039361a85fcb605c0cafeeb086198a850e27759687ed24f47901670f9e9c07a4		copy	run-evidence		{}
specula/runs/nvflare-transfer-20260913/nvflare-transfer/.specula-output/traces/receiver_failure_and_callbacks.ndjson	traces/receiver_failure_and_callbacks.ndjson	file	0664	1789313464856319611	546595	c78c1b35254cb7369de420e13e7b4fc8d99b25f0414ffb11ed6e5a31d6648e3b		copy	run-evidence		{}
specula/runs/nvflare-transfer-20260913/nvflare-transfer/.specula-output/traces/shutdown_pending_waiter.ndjson	traces/shutdown_pending_waiter.ndjson	file	0664	1789313471700238981	169342	05750aba5103a0da9be45dd91e7834aaaf0ed4902808dab6af30bdc3d1917439		copy	run-evidence		{}
specula/runs/nvflare-transfer-20260913/nvflare-transfer/.specula-output/traces/transaction_timeout.ndjson	traces/transaction_timeout.ndjson	file	0664	1789313472811225888	90110	0ccf0c7f806a83b9fc6a38c04b9c393d30f54ccb8fad05bd7350d1fc6bb28f27		copy	run-evidence		{}
