[0;32m================================[0m
[0;32mTLC Model Checking Mode[0m
[0;32m================================[0m
Spec File:       MC.tla
Config File:     MC_hunt_s4_cancel_overlap.cfg
Memory Limit:    4G
Off-heap Memory: 6G
Workers:         3
Timeout:         30 minutes
[0;34m--- Model Checking Settings ---[0m
Depth Limit:     0
Checkpoint:      10 minutes
Log File:        tlc.out
[0;32m================================[0m
[1;33mExecuting Command:[0m
java -XX:+UseParallelGC -Dtlc2.tool.fp.FPSet.impl=tlc2.tool.fp.OffHeapDiskFPSet -XX:MaxDirectMemorySize=6G -Xmx4G -Xms4G -cp /home/ubuntu/nvflare-runs-20260913/specula/lib/CommunityModules-deps.jar:/home/ubuntu/nvflare-runs-20260913/specula/lib/tla2tools.jar tlc2.TLC -config MC_hunt_s4_cancel_overlap.cfg MC.tla -workers 3 -deadlock -checkpoint 10 -dumptrace json counterexample.json -metadir /home/ubuntu/nvflare-runs-20260913/scratch/fedavg/tlc/tlc-states-g3kHlX 

TLC resource budget (Specula run nvflare-fedavg-20260913):
  memory source: user config (128G)
  external memory use: not included in this configured run bound
  memory limit: 128 GiB
  active TLC reserved before request: 90 GiB (this agent: 90 GiB)
  this request: 10 GiB (heap 4 GiB + off-heap 6 GiB)
  remaining before request: 38 GiB
  remaining after admission: 28 GiB
  worker limit: 40
  active TLC workers before request: 27 (this agent: 27)
  this request workers: 3 (3)
  remaining workers before request: 13
  remaining workers after admission: 10
  result: admitted
Picked up JAVA_TOOL_OPTIONS: -Djava.io.tmpdir=/home/ubuntu/nvflare-runs-20260913/scratch/fedavg/tmp
TLC2 Version 2.20 of Day Month 20?? (rev: ${git.shortRevision})
Running breadth-first search Model-Checking with fp 7 and seed 8713072864460807291 with 3 workers on 80 cores with 3925MB heap and 6144MB offheap memory [pid: 4114983] (Linux 6.8.0-1044-azure amd64, Ubuntu 21.0.11 x86_64, OffHeapDiskFPSet, DiskStateQueue).
Parsing file /home/ubuntu/nvflare-runs-20260913/specula/runs/nvflare-fedavg-20260913/nvflare-fedavg/.specula-output/spec/output/hunt-bfs/MC_hunt_s4_cancel_overlap/MC.tla
Parsing file /home/ubuntu/nvflare-runs-20260913/specula/runs/nvflare-fedavg-20260913/nvflare-fedavg/.specula-output/spec/output/hunt-bfs/MC_hunt_s4_cancel_overlap/base.tla
Parsing file /home/ubuntu/nvflare-runs-20260913/scratch/fedavg/tmp/tlc-14217507278449003192/_JsonTrace.tla (jar:file:/home/ubuntu/nvflare-runs-20260913/specula/lib/tla2tools.jar!/tla2sany/StandardModules/_JsonTrace.tla)
Parsing file /home/ubuntu/nvflare-runs-20260913/scratch/fedavg/tmp/tlc-14217507278449003192/_TLCTrace.tla (jar:file:/home/ubuntu/nvflare-runs-20260913/specula/lib/tla2tools.jar!/tla2sany/StandardModules/_TLCTrace.tla)
Parsing file /home/ubuntu/nvflare-runs-20260913/scratch/fedavg/tmp/tlc-14217507278449003192/Naturals.tla (jar:file:/home/ubuntu/nvflare-runs-20260913/specula/lib/tla2tools.jar!/tla2sany/StandardModules/Naturals.tla)
Parsing file /home/ubuntu/nvflare-runs-20260913/scratch/fedavg/tmp/tlc-14217507278449003192/Integers.tla (jar:file:/home/ubuntu/nvflare-runs-20260913/specula/lib/tla2tools.jar!/tla2sany/StandardModules/Integers.tla)
Parsing file /home/ubuntu/nvflare-runs-20260913/scratch/fedavg/tmp/tlc-14217507278449003192/Sequences.tla (jar:file:/home/ubuntu/nvflare-runs-20260913/specula/lib/tla2tools.jar!/tla2sany/StandardModules/Sequences.tla)
Parsing file /home/ubuntu/nvflare-runs-20260913/scratch/fedavg/tmp/tlc-14217507278449003192/FiniteSets.tla (jar:file:/home/ubuntu/nvflare-runs-20260913/specula/lib/tla2tools.jar!/tla2sany/StandardModules/FiniteSets.tla)
Parsing file /home/ubuntu/nvflare-runs-20260913/scratch/fedavg/tmp/tlc-14217507278449003192/TLC.tla (jar:file:/home/ubuntu/nvflare-runs-20260913/specula/lib/tla2tools.jar!/tla2sany/StandardModules/TLC.tla)
Parsing file /home/ubuntu/nvflare-runs-20260913/scratch/fedavg/tmp/tlc-14217507278449003192/TLCExt.tla (jar:file:/home/ubuntu/nvflare-runs-20260913/specula/lib/tla2tools.jar!/tla2sany/StandardModules/TLCExt.tla)
Parsing file /home/ubuntu/nvflare-runs-20260913/scratch/fedavg/tmp/tlc-14217507278449003192/Json.tla (jar:file:/home/ubuntu/nvflare-runs-20260913/specula/lib/tla2tools.jar!/tla2sany/StandardModules/Json.tla)
Semantic processing of module Naturals
Semantic processing of module Integers
Semantic processing of module Sequences
Semantic processing of module FiniteSets
Semantic processing of module TLC
Semantic processing of module base
Semantic processing of module TLCExt
Semantic processing of module Json
Semantic processing of module _JsonTrace
Semantic processing of module _TLCTrace
Semantic processing of module MC
Linting of module base
Linting of module TLCExt
Linting of module Json
Linting of module _JsonTrace
Linting of module _TLCTrace
Linting of module MC
Starting... (2026-09-13 12:05:07)
Computing initial states...
Finished computing initial states: 1 distinct state generated at 2026-09-13 12:05:09.
Error: Invariant AbnormalTerminationVisible is violated.
Error: The behavior up to this point is:
State 1: <Initial predicate>
/\ s = [ aggr |->
      [ receivedCount |-> 0,
        failedClients |-> {},
        task |-> 0,
        applied |-> <<<<>>, <<>>>>,
        stats |-> <<<<>>, <<>>>>,
        paramHistory |-> <<>>,
        metricApplied |-> <<>>,
        metricStats |-> <<>>,
        metricHistory |-> <<>>,
        allMetrics |-> TRUE,
        counted |-> <<>> ],
  dead |->
      ( c1 :> [age |-> 0, reported |-> FALSE, disconnected |-> FALSE] @@
        c2 :> [age |-> 0, reported |-> FALSE, disconnected |-> FALSE] ),
  net |-> <<(c1 :> <<>> @@ c2 :> <<>>), (c1 :> <<>> @@ c2 :> <<>>)>>,
  wf |->
      [ abort |-> FALSE,
        pc |-> "start",
        round |-> 0,
        sourceVersion |-> 0,
        started |-> {},
        outcome |-> "running",
        open |-> TRUE ],
  task |->
      << [ scheduled |-> FALSE,
           standing |-> FALSE,
           status |-> "NEW",
           sourceAtSchedule |-> -1,
           broadcastVersion |-> -1,
           assignedOrder |-> <<>>,
           age |-> 0,
           cleaned |-> FALSE,
           retiredStatus |-> "NEW",
           retiredOutstanding |-> {} ],
         [ scheduled |-> FALSE,
           standing |-> FALSE,
           status |-> "NEW",
           sourceAtSchedule |-> -1,
           broadcastVersion |-> -1,
           assignedOrder |-> <<>>,
           age |-> 0,
           cleaned |-> FALSE,
           retiredStatus |-> "NEW",
           retiredOutstanding |-> {} ] >>,
  ct |->
      << ( c1 :>
               [ delivery |-> "none",
                 assigned |-> FALSE,
                 headerId |-> <<0, "">>,
                 headerRound |-> -1,
                 inputVersion |-> -1,
                 result |-> "none",
                 metricKind |-> "none",
                 receipt |-> FALSE,
                 decision |-> "pending",
                 invocations |-> 0 ] @@
           c2 :>
               [ delivery |-> "none",
                 assigned |-> FALSE,
                 headerId |-> <<0, "">>,
                 headerRound |-> -1,
                 inputVersion |-> -1,
                 result |-> "none",
                 metricKind |-> "none",
                 receipt |-> FALSE,
                 decision |-> "pending",
                 invocations |-> 0 ] ),
         ( c1 :>
               [ delivery |-> "none",
                 assigned |-> FALSE,
                 headerId |-> <<0, "">>,
                 headerRound |-> -1,
                 inputVersion |-> -1,
                 result |-> "none",
                 metricKind |-> "none",
                 receipt |-> FALSE,
                 decision |-> "pending",
                 invocations |-> 0 ] @@
           c2 :>
               [ delivery |-> "none",
                 assigned |-> FALSE,
                 headerId |-> <<0, "">>,
                 headerRound |-> -1,
                 inputVersion |-> -1,
                 result |-> "none",
                 metricKind |-> "none",
                 receipt |-> FALSE,
                 decision |-> "pending",
                 invocations |-> 0 ] ) >>,
  comm |->
      [ id |-> <<0, "">>,
        kind |-> "free",
        pc |-> "idle",
        attempt |-> 0,
        key |-> 1,
        accepted |-> FALSE,
        exit |-> "LIVE",
        writeStatus |-> FALSE,
        pending |-> {},
        deadView |-> {} ],
  runner |->
      [ id |-> <<0, "">>,
        kind |-> "free",
        pc |-> "idle",
        client |-> "",
        attempt |-> 0 ],
  requested |-> {},
  scratch |->
      [ stats |-> <<<<>>, <<>>>>,
        paramHistory |-> <<>>,
        metricStats |-> <<>>,
        metricHistory |-> <<>>,
        allMetrics |-> TRUE,
        counted |-> <<>>,
        params |-> <<<<>>, <<>>>>,
        metrics |-> <<>>,
        count |-> 0 ],
  used |->
      << [ stats |-> <<<<>>, <<>>>>,
           paramHistory |-> <<>>,
           metricStats |-> <<>>,
           metricHistory |-> <<>>,
           allMetrics |-> TRUE,
           counted |-> <<>>,
           params |-> <<<<>>, <<>>>>,
           metrics |-> <<>>,
           count |-> 0 ],
         [ stats |-> <<<<>>, <<>>>>,
           paramHistory |-> <<>>,
           metricStats |-> <<>>,
           metricHistory |-> <<>>,
           allMetrics |-> TRUE,
           counted |-> <<>>,
           params |-> <<<<>>, <<>>>>,
           metrics |-> <<>>,
           count |-> 0 ] >>,
  committed |-> {},
  saved |-> {},
  completed |-> <<>>,
  unknownSeen |-> {},
  mon |->
      [ pc |-> "idle",
        pending |-> {},
        deadView |-> {},
        reportAges |-> (c1 :> 0 @@ c2 :> 0) ] ]
/\ faults = [ before |-> 0,
  snapshot |-> 0,
  filter |-> 0,
  delivery |-> 0,
  resultError |-> 0,
  conversion |-> 0,
  param |-> 0,
  metricPrep |-> 0,
  metric |-> 0,
  ackLoss |-> 0,
  cancel |-> 0,
  dead |-> 0 ]

State 2: <MCNext line 162, col 8 to line 163, col 26 of module MC>
/\ s = [ aggr |->
      [ receivedCount |-> 0,
        failedClients |-> {},
        task |-> 0,
        applied |-> <<<<>>, <<>>>>,
        stats |-> <<<<>>, <<>>>>,
        paramHistory |-> <<>>,
        metricApplied |-> <<>>,
        metricStats |-> <<>>,
        metricHistory |-> <<>>,
        allMetrics |-> TRUE,
        counted |-> <<>> ],
  dead |->
      ( c1 :> [age |-> 0, reported |-> FALSE, disconnected |-> FALSE] @@
        c2 :> [age |-> 0, reported |-> FALSE, disconnected |-> FALSE] ),
  net |-> <<(c1 :> <<>> @@ c2 :> <<>>), (c1 :> <<>> @@ c2 :> <<>>)>>,
  wf |->
      [ abort |-> FALSE,
        pc |-> "reset",
        round |-> 1,
        sourceVersion |-> 0,
        started |-> {1},
        outcome |-> "running",
        open |-> TRUE ],
  task |->
      << [ scheduled |-> FALSE,
           standing |-> FALSE,
           status |-> "NEW",
           sourceAtSchedule |-> -1,
           broadcastVersion |-> -1,
           assignedOrder |-> <<>>,
           age |-> 0,
           cleaned |-> FALSE,
           retiredStatus |-> "NEW",
           retiredOutstanding |-> {} ],
         [ scheduled |-> FALSE,
           standing |-> FALSE,
           status |-> "NEW",
           sourceAtSchedule |-> -1,
           broadcastVersion |-> -1,
           assignedOrder |-> <<>>,
           age |-> 0,
           cleaned |-> FALSE,
           retiredStatus |-> "NEW",
           retiredOutstanding |-> {} ] >>,
  ct |->
      << ( c1 :>
               [ delivery |-> "none",
                 assigned |-> FALSE,
                 headerId |-> <<0, "">>,
                 headerRound |-> -1,
                 inputVersion |-> -1,
                 result |-> "none",
                 metricKind |-> "none",
                 receipt |-> FALSE,
                 decision |-> "pending",
                 invocations |-> 0 ] @@
           c2 :>
               [ delivery |-> "none",
                 assigned |-> FALSE,
                 headerId |-> <<0, "">>,
                 headerRound |-> -1,
                 inputVersion |-> -1,
                 result |-> "none",
                 metricKind |-> "none",
                 receipt |-> FALSE,
                 decision |-> "pending",
                 invocations |-> 0 ] ),
         ( c1 :>
               [ delivery |-> "none",
                 assigned |-> FALSE,
                 headerId |-> <<0, "">>,
                 headerRound |-> -1,
                 inputVersion |-> -1,
                 result |-> "none",
                 metricKind |-> "none",
                 receipt |-> FALSE,
                 decision |-> "pending",
                 invocations |-> 0 ] @@
           c2 :>
               [ delivery |-> "none",
                 assigned |-> FALSE,
                 headerId |-> <<0, "">>,
                 headerRound |-> -1,
                 inputVersion |-> -1,
                 result |-> "none",
                 metricKind |-> "none",
                 receipt |-> FALSE,
                 decision |-> "pending",
                 invocations |-> 0 ] ) >>,
  comm |->
      [ id |-> <<0, "">>,
        kind |-> "free",
        pc |-> "idle",
        attempt |-> 0,
        key |-> 1,
        accepted |-> FALSE,
        exit |-> "LIVE",
        writeStatus |-> FALSE,
        pending |-> {},
        deadView |-> {} ],
  runner |->
      [ id |-> <<0, "">>,
        kind |-> "free",
        pc |-> "idle",
        client |-> "",
        attempt |-> 0 ],
  requested |-> {},
  scratch |->
      [ stats |-> <<<<>>, <<>>>>,
        paramHistory |-> <<>>,
        metricStats |-> <<>>,
        metricHistory |-> <<>>,
        allMetrics |-> TRUE,
        counted |-> <<>>,
        params |-> <<<<>>, <<>>>>,
        metrics |-> <<>>,
        count |-> 0 ],
  used |->
      << [ stats |-> <<<<>>, <<>>>>,
           paramHistory |-> <<>>,
           metricStats |-> <<>>,
           metricHistory |-> <<>>,
           allMetrics |-> TRUE,
           counted |-> <<>>,
           params |-> <<<<>>, <<>>>>,
           metrics |-> <<>>,
           count |-> 0 ],
         [ stats |-> <<<<>>, <<>>>>,
           paramHistory |-> <<>>,
           metricStats |-> <<>>,
           metricHistory |-> <<>>,
           allMetrics |-> TRUE,
           counted |-> <<>>,
           params |-> <<<<>>, <<>>>>,
           metrics |-> <<>>,
           count |-> 0 ] >>,
  committed |-> {},
  saved |-> {},
  completed |-> <<>>,
  unknownSeen |-> {},
  mon |->
      [ pc |-> "idle",
        pending |-> {},
        deadView |-> {},
        reportAges |-> (c1 :> 0 @@ c2 :> 0) ] ]
/\ faults = [ before |-> 0,
  snapshot |-> 0,
  filter |-> 0,
  delivery |-> 0,
  resultError |-> 0,
  conversion |-> 0,
  param |-> 0,
  metricPrep |-> 0,
  metric |-> 0,
  ackLoss |-> 0,
  cancel |-> 0,
  dead |-> 0 ]

State 3: <MCNext line 162, col 8 to line 163, col 26 of module MC>
/\ s = [ aggr |->
      [ receivedCount |-> 0,
        failedClients |-> {},
        task |-> 1,
        applied |-> <<<<>>, <<>>>>,
        stats |-> <<<<>>, <<>>>>,
        paramHistory |-> <<>>,
        metricApplied |-> <<>>,
        metricStats |-> <<>>,
        metricHistory |-> <<>>,
        allMetrics |-> TRUE,
        counted |-> <<>> ],
  dead |->
      ( c1 :> [age |-> 0, reported |-> FALSE, disconnected |-> FALSE] @@
        c2 :> [age |-> 0, reported |-> FALSE, disconnected |-> FALSE] ),
  net |-> <<(c1 :> <<>> @@ c2 :> <<>>), (c1 :> <<>> @@ c2 :> <<>>)>>,
  wf |->
      [ abort |-> FALSE,
        pc |-> "schedule",
        round |-> 1,
        sourceVersion |-> 0,
        started |-> {1},
        outcome |-> "running",
        open |-> TRUE ],
  task |->
      << [ scheduled |-> FALSE,
           standing |-> FALSE,
           status |-> "NEW",
           sourceAtSchedule |-> -1,
           broadcastVersion |-> -1,
           assignedOrder |-> <<>>,
           age |-> 0,
           cleaned |-> FALSE,
           retiredStatus |-> "NEW",
           retiredOutstanding |-> {} ],
         [ scheduled |-> FALSE,
           standing |-> FALSE,
           status |-> "NEW",
           sourceAtSchedule |-> -1,
           broadcastVersion |-> -1,
           assignedOrder |-> <<>>,
           age |-> 0,
           cleaned |-> FALSE,
           retiredStatus |-> "NEW",
           retiredOutstanding |-> {} ] >>,
  ct |->
      << ( c1 :>
               [ delivery |-> "none",
                 assigned |-> FALSE,
                 headerId |-> <<0, "">>,
                 headerRound |-> -1,
                 inputVersion |-> -1,
                 result |-> "none",
                 metricKind |-> "none",
                 receipt |-> FALSE,
                 decision |-> "pending",
                 invocations |-> 0 ] @@
           c2 :>
               [ delivery |-> "none",
                 assigned |-> FALSE,
                 headerId |-> <<0, "">>,
                 headerRound |-> -1,
                 inputVersion |-> -1,
                 result |-> "none",
                 metricKind |-> "none",
                 receipt |-> FALSE,
                 decision |-> "pending",
                 invocations |-> 0 ] ),
         ( c1 :>
               [ delivery |-> "none",
                 assigned |-> FALSE,
                 headerId |-> <<0, "">>,
                 headerRound |-> -1,
                 inputVersion |-> -1,
                 result |-> "none",
                 metricKind |-> "none",
                 receipt |-> FALSE,
                 decision |-> "pending",
                 invocations |-> 0 ] @@
           c2 :>
               [ delivery |-> "none",
                 assigned |-> FALSE,
                 headerId |-> <<0, "">>,
                 headerRound |-> -1,
                 inputVersion |-> -1,
                 result |-> "none",
                 metricKind |-> "none",
                 receipt |-> FALSE,
                 decision |-> "pending",
                 invocations |-> 0 ] ) >>,
  comm |->
      [ id |-> <<0, "">>,
        kind |-> "free",
        pc |-> "idle",
        attempt |-> 0,
        key |-> 1,
        accepted |-> FALSE,
        exit |-> "LIVE",
        writeStatus |-> FALSE,
        pending |-> {},
        deadView |-> {} ],
  runner |->
      [ id |-> <<0, "">>,
        kind |-> "free",
        pc |-> "idle",
        client |-> "",
        attempt |-> 0 ],
  requested |-> {},
  scratch |->
      [ stats |-> <<<<>>, <<>>>>,
        paramHistory |-> <<>>,
        metricStats |-> <<>>,
        metricHistory |-> <<>>,
        allMetrics |-> TRUE,
        counted |-> <<>>,
        params |-> <<<<>>, <<>>>>,
        metrics |-> <<>>,
        count |-> 0 ],
  used |->
      << [ stats |-> <<<<>>, <<>>>>,
           paramHistory |-> <<>>,
           metricStats |-> <<>>,
           metricHistory |-> <<>>,
           allMetrics |-> TRUE,
           counted |-> <<>>,
           params |-> <<<<>>, <<>>>>,
           metrics |-> <<>>,
           count |-> 0 ],
         [ stats |-> <<<<>>, <<>>>>,
           paramHistory |-> <<>>,
           metricStats |-> <<>>,
           metricHistory |-> <<>>,
           allMetrics |-> TRUE,
           counted |-> <<>>,
           params |-> <<<<>>, <<>>>>,
           metrics |-> <<>>,
           count |-> 0 ] >>,
  committed |-> {},
  saved |-> {},
  completed |-> <<>>,
  unknownSeen |-> {},
  mon |->
      [ pc |-> "idle",
        pending |-> {},
        deadView |-> {},
        reportAges |-> (c1 :> 0 @@ c2 :> 0) ] ]
/\ faults = [ before |-> 0,
  snapshot |-> 0,
  filter |-> 0,
  delivery |-> 0,
  resultError |-> 0,
  conversion |-> 0,
  param |-> 0,
  metricPrep |-> 0,
  metric |-> 0,
  ackLoss |-> 0,
  cancel |-> 0,
  dead |-> 0 ]

State 4: <MCNext line 162, col 8 to line 163, col 26 of module MC>
/\ s = [ aggr |->
      [ receivedCount |-> 0,
        failedClients |-> {},
        task |-> 1,
        applied |-> <<<<>>, <<>>>>,
        stats |-> <<<<>>, <<>>>>,
        paramHistory |-> <<>>,
        metricApplied |-> <<>>,
        metricStats |-> <<>>,
        metricHistory |-> <<>>,
        allMetrics |-> TRUE,
        counted |-> <<>> ],
  dead |->
      ( c1 :> [age |-> 0, reported |-> FALSE, disconnected |-> FALSE] @@
        c2 :> [age |-> 0, reported |-> FALSE, disconnected |-> FALSE] ),
  net |-> <<(c1 :> <<>> @@ c2 :> <<>>), (c1 :> <<>> @@ c2 :> <<>>)>>,
  wf |->
      [ abort |-> FALSE,
        pc |-> "wait",
        round |-> 1,
        sourceVersion |-> 0,
        started |-> {1},
        outcome |-> "running",
        open |-> TRUE ],
  task |->
      << [ scheduled |-> TRUE,
           standing |-> TRUE,
           status |-> "LIVE",
           sourceAtSchedule |-> 0,
           broadcastVersion |-> -1,
           assignedOrder |-> <<>>,
           age |-> 0,
           cleaned |-> FALSE,
           retiredStatus |-> "NEW",
           retiredOutstanding |-> {} ],
         [ scheduled |-> FALSE,
           standing |-> FALSE,
           status |-> "NEW",
           sourceAtSchedule |-> -1,
           broadcastVersion |-> -1,
           assignedOrder |-> <<>>,
           age |-> 0,
           cleaned |-> FALSE,
           retiredStatus |-> "NEW",
           retiredOutstanding |-> {} ] >>,
  ct |->
      << ( c1 :>
               [ delivery |-> "none",
                 assigned |-> FALSE,
                 headerId |-> <<0, "">>,
                 headerRound |-> -1,
                 inputVersion |-> -1,
                 result |-> "none",
                 metricKind |-> "none",
                 receipt |-> FALSE,
                 decision |-> "pending",
                 invocations |-> 0 ] @@
           c2 :>
               [ delivery |-> "none",
                 assigned |-> FALSE,
                 headerId |-> <<0, "">>,
                 headerRound |-> -1,
                 inputVersion |-> -1,
                 result |-> "none",
                 metricKind |-> "none",
                 receipt |-> FALSE,
                 decision |-> "pending",
                 invocations |-> 0 ] ),
         ( c1 :>
               [ delivery |-> "none",
                 assigned |-> FALSE,
                 headerId |-> <<0, "">>,
                 headerRound |-> -1,
                 inputVersion |-> -1,
                 result |-> "none",
                 metricKind |-> "none",
                 receipt |-> FALSE,
                 decision |-> "pending",
                 invocations |-> 0 ] @@
           c2 :>
               [ delivery |-> "none",
                 assigned |-> FALSE,
                 headerId |-> <<0, "">>,
                 headerRound |-> -1,
                 inputVersion |-> -1,
                 result |-> "none",
                 metricKind |-> "none",
                 receipt |-> FALSE,
                 decision |-> "pending",
                 invocations |-> 0 ] ) >>,
  comm |->
      [ id |-> <<0, "">>,
        kind |-> "free",
        pc |-> "idle",
        attempt |-> 0,
        key |-> 1,
        accepted |-> FALSE,
        exit |-> "LIVE",
        writeStatus |-> FALSE,
        pending |-> {},
        deadView |-> {} ],
  runner |->
      [ id |-> <<0, "">>,
        kind |-> "free",
        pc |-> "idle",
        client |-> "",
        attempt |-> 0 ],
  requested |-> {},
  scratch |->
      [ stats |-> <<<<>>, <<>>>>,
        paramHistory |-> <<>>,
        metricStats |-> <<>>,
        metricHistory |-> <<>>,
        allMetrics |-> TRUE,
        counted |-> <<>>,
        params |-> <<<<>>, <<>>>>,
        metrics |-> <<>>,
        count |-> 0 ],
  used |->
      << [ stats |-> <<<<>>, <<>>>>,
           paramHistory |-> <<>>,
           metricStats |-> <<>>,
           metricHistory |-> <<>>,
           allMetrics |-> TRUE,
           counted |-> <<>>,
           params |-> <<<<>>, <<>>>>,
           metrics |-> <<>>,
           count |-> 0 ],
         [ stats |-> <<<<>>, <<>>>>,
           paramHistory |-> <<>>,
           metricStats |-> <<>>,
           metricHistory |-> <<>>,
           allMetrics |-> TRUE,
           counted |-> <<>>,
           params |-> <<<<>>, <<>>>>,
           metrics |-> <<>>,
           count |-> 0 ] >>,
  committed |-> {},
  saved |-> {},
  completed |-> <<>>,
  unknownSeen |-> {},
  mon |->
      [ pc |-> "idle",
        pending |-> {},
        deadView |-> {},
        reportAges |-> (c1 :> 0 @@ c2 :> 0) ] ]
/\ faults = [ before |-> 0,
  snapshot |-> 0,
  filter |-> 0,
  delivery |-> 0,
  resultError |-> 0,
  conversion |-> 0,
  param |-> 0,
  metricPrep |-> 0,
  metric |-> 0,
  ackLoss |-> 0,
  cancel |-> 0,
  dead |-> 0 ]

State 5: <MCNext line 162, col 8 to line 163, col 26 of module MC>
/\ s = [ aggr |->
      [ receivedCount |-> 0,
        failedClients |-> {},
        task |-> 1,
        applied |-> <<<<>>, <<>>>>,
        stats |-> <<<<>>, <<>>>>,
        paramHistory |-> <<>>,
        metricApplied |-> <<>>,
        metricStats |-> <<>>,
        metricHistory |-> <<>>,
        allMetrics |-> TRUE,
        counted |-> <<>> ],
  dead |->
      ( c1 :> [age |-> 0, reported |-> FALSE, disconnected |-> FALSE] @@
        c2 :> [age |-> 0, reported |-> FALSE, disconnected |-> FALSE] ),
  net |-> <<(c1 :> <<>> @@ c2 :> <<>>), (c1 :> <<>> @@ c2 :> <<>>)>>,
  wf |->
      [ abort |-> FALSE,
        pc |-> "wait",
        round |-> 1,
        sourceVersion |-> 0,
        started |-> {1},
        outcome |-> "running",
        open |-> TRUE ],
  task |->
      << [ scheduled |-> TRUE,
           standing |-> TRUE,
           status |-> "LIVE",
           sourceAtSchedule |-> 0,
           broadcastVersion |-> -1,
           assignedOrder |-> <<>>,
           age |-> 0,
           cleaned |-> FALSE,
           retiredStatus |-> "NEW",
           retiredOutstanding |-> {} ],
         [ scheduled |-> FALSE,
           standing |-> FALSE,
           status |-> "NEW",
           sourceAtSchedule |-> -1,
           broadcastVersion |-> -1,
           assignedOrder |-> <<>>,
           age |-> 0,
           cleaned |-> FALSE,
           retiredStatus |-> "NEW",
           retiredOutstanding |-> {} ] >>,
  ct |->
      << ( c1 :>
               [ delivery |-> "none",
                 assigned |-> FALSE,
                 headerId |-> <<0, "">>,
                 headerRound |-> -1,
                 inputVersion |-> -1,
                 result |-> "none",
                 metricKind |-> "none",
                 receipt |-> FALSE,
                 decision |-> "pending",
                 invocations |-> 0 ] @@
           c2 :>
               [ delivery |-> "none",
                 assigned |-> FALSE,
                 headerId |-> <<0, "">>,
                 headerRound |-> -1,
                 inputVersion |-> -1,
                 result |-> "none",
                 metricKind |-> "none",
                 receipt |-> FALSE,
                 decision |-> "pending",
                 invocations |-> 0 ] ),
         ( c1 :>
               [ delivery |-> "none",
                 assigned |-> FALSE,
                 headerId |-> <<0, "">>,
                 headerRound |-> -1,
                 inputVersion |-> -1,
                 result |-> "none",
                 metricKind |-> "none",
                 receipt |-> FALSE,
                 decision |-> "pending",
                 invocations |-> 0 ] @@
           c2 :>
               [ delivery |-> "none",
                 assigned |-> FALSE,
                 headerId |-> <<0, "">>,
                 headerRound |-> -1,
                 inputVersion |-> -1,
                 result |-> "none",
                 metricKind |-> "none",
                 receipt |-> FALSE,
                 decision |-> "pending",
                 invocations |-> 0 ] ) >>,
  comm |->
      [ id |-> <<0, "">>,
        kind |-> "free",
        pc |-> "idle",
        attempt |-> 0,
        key |-> 1,
        accepted |-> FALSE,
        exit |-> "LIVE",
        writeStatus |-> FALSE,
        pending |-> {},
        deadView |-> {} ],
  runner |->
      [ id |-> <<0, "">>,
        kind |-> "free",
        pc |-> "idle",
        client |-> "",
        attempt |-> 0 ],
  requested |-> {},
  scratch |->
      [ stats |-> <<<<>>, <<>>>>,
        paramHistory |-> <<>>,
        metricStats |-> <<>>,
        metricHistory |-> <<>>,
        allMetrics |-> TRUE,
        counted |-> <<>>,
        params |-> <<<<>>, <<>>>>,
        metrics |-> <<>>,
        count |-> 0 ],
  used |->
      << [ stats |-> <<<<>>, <<>>>>,
           paramHistory |-> <<>>,
           metricStats |-> <<>>,
           metricHistory |-> <<>>,
           allMetrics |-> TRUE,
           counted |-> <<>>,
           params |-> <<<<>>, <<>>>>,
           metrics |-> <<>>,
           count |-> 0 ],
         [ stats |-> <<<<>>, <<>>>>,
           paramHistory |-> <<>>,
           metricStats |-> <<>>,
           metricHistory |-> <<>>,
           allMetrics |-> TRUE,
           counted |-> <<>>,
           params |-> <<<<>>, <<>>>>,
           metrics |-> <<>>,
           count |-> 0 ] >>,
  committed |-> {},
  saved |-> {},
  completed |-> <<>>,
  unknownSeen |-> {},
  mon |->
      [ pc |-> "dead",
        pending |-> {c1, c2},
        deadView |-> {},
        reportAges |-> (c1 :> 0 @@ c2 :> 0) ] ]
/\ faults = [ before |-> 0,
  snapshot |-> 0,
  filter |-> 0,
  delivery |-> 0,
  resultError |-> 0,
  conversion |-> 0,
  param |-> 0,
  metricPrep |-> 0,
  metric |-> 0,
  ackLoss |-> 0,
  cancel |-> 0,
  dead |-> 0 ]

State 6: <MCNext line 162, col 8 to line 163, col 26 of module MC>
/\ s = [ aggr |->
      [ receivedCount |-> 0,
        failedClients |-> {},
        task |-> 1,
        applied |-> <<<<>>, <<>>>>,
        stats |-> <<<<>>, <<>>>>,
        paramHistory |-> <<>>,
        metricApplied |-> <<>>,
        metricStats |-> <<>>,
        metricHistory |-> <<>>,
        allMetrics |-> TRUE,
        counted |-> <<>> ],
  dead |->
      ( c1 :> [age |-> 0, reported |-> FALSE, disconnected |-> FALSE] @@
        c2 :> [age |-> 0, reported |-> FALSE, disconnected |-> FALSE] ),
  net |-> <<(c1 :> <<>> @@ c2 :> <<>>), (c1 :> <<>> @@ c2 :> <<>>)>>,
  wf |->
      [ abort |-> FALSE,
        pc |-> "wait",
        round |-> 1,
        sourceVersion |-> 0,
        started |-> {1},
        outcome |-> "running",
        open |-> TRUE ],
  task |->
      << [ scheduled |-> TRUE,
           standing |-> TRUE,
           status |-> "LIVE",
           sourceAtSchedule |-> 0,
           broadcastVersion |-> -1,
           assignedOrder |-> <<>>,
           age |-> 0,
           cleaned |-> FALSE,
           retiredStatus |-> "NEW",
           retiredOutstanding |-> {} ],
         [ scheduled |-> FALSE,
           standing |-> FALSE,
           status |-> "NEW",
           sourceAtSchedule |-> -1,
           broadcastVersion |-> -1,
           assignedOrder |-> <<>>,
           age |-> 0,
           cleaned |-> FALSE,
           retiredStatus |-> "NEW",
           retiredOutstanding |-> {} ] >>,
  ct |->
      << ( c1 :>
               [ delivery |-> "none",
                 assigned |-> FALSE,
                 headerId |-> <<0, "">>,
                 headerRound |-> -1,
                 inputVersion |-> -1,
                 result |-> "none",
                 metricKind |-> "none",
                 receipt |-> FALSE,
                 decision |-> "pending",
                 invocations |-> 0 ] @@
           c2 :>
               [ delivery |-> "none",
                 assigned |-> FALSE,
                 headerId |-> <<0, "">>,
                 headerRound |-> -1,
                 inputVersion |-> -1,
                 result |-> "none",
                 metricKind |-> "none",
                 receipt |-> FALSE,
                 decision |-> "pending",
                 invocations |-> 0 ] ),
         ( c1 :>
               [ delivery |-> "none",
                 assigned |-> FALSE,
                 headerId |-> <<0, "">>,
                 headerRound |-> -1,
                 inputVersion |-> -1,
                 result |-> "none",
                 metricKind |-> "none",
                 receipt |-> FALSE,
                 decision |-> "pending",
                 invocations |-> 0 ] @@
           c2 :>
               [ delivery |-> "none",
                 assigned |-> FALSE,
                 headerId |-> <<0, "">>,
                 headerRound |-> -1,
                 inputVersion |-> -1,
                 result |-> "none",
                 metricKind |-> "none",
                 receipt |-> FALSE,
                 decision |-> "pending",
                 invocations |-> 0 ] ) >>,
  comm |->
      [ id |-> <<0, "">>,
        kind |-> "free",
        pc |-> "idle",
        attempt |-> 0,
        key |-> 1,
        accepted |-> FALSE,
        exit |-> "LIVE",
        writeStatus |-> FALSE,
        pending |-> {},
        deadView |-> {} ],
  runner |->
      [ id |-> <<0, "">>,
        kind |-> "free",
        pc |-> "idle",
        client |-> "",
        attempt |-> 0 ],
  requested |-> {},
  scratch |->
      [ stats |-> <<<<>>, <<>>>>,
        paramHistory |-> <<>>,
        metricStats |-> <<>>,
        metricHistory |-> <<>>,
        allMetrics |-> TRUE,
        counted |-> <<>>,
        params |-> <<<<>>, <<>>>>,
        metrics |-> <<>>,
        count |-> 0 ],
  used |->
      << [ stats |-> <<<<>>, <<>>>>,
           paramHistory |-> <<>>,
           metricStats |-> <<>>,
           metricHistory |-> <<>>,
           allMetrics |-> TRUE,
           counted |-> <<>>,
           params |-> <<<<>>, <<>>>>,
           metrics |-> <<>>,
           count |-> 0 ],
         [ stats |-> <<<<>>, <<>>>>,
           paramHistory |-> <<>>,
           metricStats |-> <<>>,
           metricHistory |-> <<>>,
           allMetrics |-> TRUE,
           counted |-> <<>>,
           params |-> <<<<>>, <<>>>>,
           metrics |-> <<>>,
           count |-> 0 ] >>,
  committed |-> {},
  saved |-> {},
  completed |-> <<>>,
  unknownSeen |-> {},
  mon |->
      [ pc |-> "dead",
        pending |-> {c2},
        deadView |-> {},
        reportAges |-> (c1 :> 0 @@ c2 :> 0) ] ]
/\ faults = [ before |-> 0,
  snapshot |-> 0,
  filter |-> 0,
  delivery |-> 0,
  resultError |-> 0,
  conversion |-> 0,
  param |-> 0,
  metricPrep |-> 0,
  metric |-> 0,
  ackLoss |-> 0,
  cancel |-> 0,
  dead |-> 0 ]

State 7: <MCNext line 162, col 8 to line 163, col 26 of module MC>
/\ s = [ aggr |->
      [ receivedCount |-> 0,
        failedClients |-> {},
        task |-> 1,
        applied |-> <<<<>>, <<>>>>,
        stats |-> <<<<>>, <<>>>>,
        paramHistory |-> <<>>,
        metricApplied |-> <<>>,
        metricStats |-> <<>>,
        metricHistory |-> <<>>,
        allMetrics |-> TRUE,
        counted |-> <<>> ],
  dead |->
      ( c1 :> [age |-> 0, reported |-> FALSE, disconnected |-> FALSE] @@
        c2 :> [age |-> 0, reported |-> FALSE, disconnected |-> FALSE] ),
  net |-> <<(c1 :> <<>> @@ c2 :> <<>>), (c1 :> <<>> @@ c2 :> <<>>)>>,
  wf |->
      [ abort |-> FALSE,
        pc |-> "wait",
        round |-> 1,
        sourceVersion |-> 0,
        started |-> {1},
        outcome |-> "running",
        open |-> TRUE ],
  task |->
      << [ scheduled |-> TRUE,
           standing |-> TRUE,
           status |-> "LIVE",
           sourceAtSchedule |-> 0,
           broadcastVersion |-> -1,
           assignedOrder |-> <<>>,
           age |-> 0,
           cleaned |-> FALSE,
           retiredStatus |-> "NEW",
           retiredOutstanding |-> {} ],
         [ scheduled |-> FALSE,
           standing |-> FALSE,
           status |-> "NEW",
           sourceAtSchedule |-> -1,
           broadcastVersion |-> -1,
           assignedOrder |-> <<>>,
           age |-> 0,
           cleaned |-> FALSE,
           retiredStatus |-> "NEW",
           retiredOutstanding |-> {} ] >>,
  ct |->
      << ( c1 :>
               [ delivery |-> "none",
                 assigned |-> FALSE,
                 headerId |-> <<0, "">>,
                 headerRound |-> -1,
                 inputVersion |-> -1,
                 result |-> "none",
                 metricKind |-> "none",
                 receipt |-> FALSE,
                 decision |-> "pending",
                 invocations |-> 0 ] @@
           c2 :>
               [ delivery |-> "none",
                 assigned |-> FALSE,
                 headerId |-> <<0, "">>,
                 headerRound |-> -1,
                 inputVersion |-> -1,
                 result |-> "none",
                 metricKind |-> "none",
                 receipt |-> FALSE,
                 decision |-> "pending",
                 invocations |-> 0 ] ),
         ( c1 :>
               [ delivery |-> "none",
                 assigned |-> FALSE,
                 headerId |-> <<0, "">>,
                 headerRound |-> -1,
                 inputVersion |-> -1,
                 result |-> "none",
                 metricKind |-> "none",
                 receipt |-> FALSE,
                 decision |-> "pending",
                 invocations |-> 0 ] @@
           c2 :>
               [ delivery |-> "none",
                 assigned |-> FALSE,
                 headerId |-> <<0, "">>,
                 headerRound |-> -1,
                 inputVersion |-> -1,
                 result |-> "none",
                 metricKind |-> "none",
                 receipt |-> FALSE,
                 decision |-> "pending",
                 invocations |-> 0 ] ) >>,
  comm |->
      [ id |-> <<0, "">>,
        kind |-> "free",
        pc |-> "idle",
        attempt |-> 0,
        key |-> 1,
        accepted |-> FALSE,
        exit |-> "LIVE",
        writeStatus |-> FALSE,
        pending |-> {},
        deadView |-> {} ],
  runner |->
      [ id |-> <<0, "">>,
        kind |-> "free",
        pc |-> "idle",
        client |-> "",
        attempt |-> 0 ],
  requested |-> {},
  scratch |->
      [ stats |-> <<<<>>, <<>>>>,
        paramHistory |-> <<>>,
        metricStats |-> <<>>,
        metricHistory |-> <<>>,
        allMetrics |-> TRUE,
        counted |-> <<>>,
        params |-> <<<<>>, <<>>>>,
        metrics |-> <<>>,
        count |-> 0 ],
  used |->
      << [ stats |-> <<<<>>, <<>>>>,
           paramHistory |-> <<>>,
           metricStats |-> <<>>,
           metricHistory |-> <<>>,
           allMetrics |-> TRUE,
           counted |-> <<>>,
           params |-> <<<<>>, <<>>>>,
           metrics |-> <<>>,
           count |-> 0 ],
         [ stats |-> <<<<>>, <<>>>>,
           paramHistory |-> <<>>,
           metricStats |-> <<>>,
           metricHistory |-> <<>>,
           allMetrics |-> TRUE,
           counted |-> <<>>,
           params |-> <<<<>>, <<>>>>,
           metrics |-> <<>>,
           count |-> 0 ] >>,
  committed |-> {},
  saved |-> {},
  completed |-> <<>>,
  unknownSeen |-> {},
  mon |->
      [ pc |-> "dead",
        pending |-> {},
        deadView |-> {},
        reportAges |-> (c1 :> 0 @@ c2 :> 0) ] ]
/\ faults = [ before |-> 0,
  snapshot |-> 0,
  filter |-> 0,
  delivery |-> 0,
  resultError |-> 0,
  conversion |-> 0,
  param |-> 0,
  metricPrep |-> 0,
  metric |-> 0,
  ackLoss |-> 0,
  cancel |-> 0,
  dead |-> 0 ]

State 8: <MCNext line 162, col 8 to line 163, col 26 of module MC>
/\ s = [ aggr |->
      [ receivedCount |-> 0,
        failedClients |-> {},
        task |-> 1,
        applied |-> <<<<>>, <<>>>>,
        stats |-> <<<<>>, <<>>>>,
        paramHistory |-> <<>>,
        metricApplied |-> <<>>,
        metricStats |-> <<>>,
        metricHistory |-> <<>>,
        allMetrics |-> TRUE,
        counted |-> <<>> ],
  dead |->
      ( c1 :> [age |-> 0, reported |-> FALSE, disconnected |-> FALSE] @@
        c2 :> [age |-> 0, reported |-> FALSE, disconnected |-> FALSE] ),
  net |-> <<(c1 :> <<>> @@ c2 :> <<>>), (c1 :> <<>> @@ c2 :> <<>>)>>,
  wf |->
      [ abort |-> FALSE,
        pc |-> "wait",
        round |-> 1,
        sourceVersion |-> 0,
        started |-> {1},
        outcome |-> "running",
        open |-> TRUE ],
  task |->
      << [ scheduled |-> TRUE,
           standing |-> TRUE,
           status |-> "LIVE",
           sourceAtSchedule |-> 0,
           broadcastVersion |-> -1,
           assignedOrder |-> <<>>,
           age |-> 0,
           cleaned |-> FALSE,
           retiredStatus |-> "NEW",
           retiredOutstanding |-> {} ],
         [ scheduled |-> FALSE,
           standing |-> FALSE,
           status |-> "NEW",
           sourceAtSchedule |-> -1,
           broadcastVersion |-> -1,
           assignedOrder |-> <<>>,
           age |-> 0,
           cleaned |-> FALSE,
           retiredStatus |-> "NEW",
           retiredOutstanding |-> {} ] >>,
  ct |->
      << ( c1 :>
               [ delivery |-> "none",
                 assigned |-> FALSE,
                 headerId |-> <<0, "">>,
                 headerRound |-> -1,
                 inputVersion |-> -1,
                 result |-> "none",
                 metricKind |-> "none",
                 receipt |-> FALSE,
                 decision |-> "pending",
                 invocations |-> 0 ] @@
           c2 :>
               [ delivery |-> "none",
                 assigned |-> FALSE,
                 headerId |-> <<0, "">>,
                 headerRound |-> -1,
                 inputVersion |-> -1,
                 result |-> "none",
                 metricKind |-> "none",
                 receipt |-> FALSE,
                 decision |-> "pending",
                 invocations |-> 0 ] ),
         ( c1 :>
               [ delivery |-> "none",
                 assigned |-> FALSE,
                 headerId |-> <<0, "">>,
                 headerRound |-> -1,
                 inputVersion |-> -1,
                 result |-> "none",
                 metricKind |-> "none",
                 receipt |-> FALSE,
                 decision |-> "pending",
                 invocations |-> 0 ] @@
           c2 :>
               [ delivery |-> "none",
                 assigned |-> FALSE,
                 headerId |-> <<0, "">>,
                 headerRound |-> -1,
                 inputVersion |-> -1,
                 result |-> "none",
                 metricKind |-> "none",
                 receipt |-> FALSE,
                 decision |-> "pending",
                 invocations |-> 0 ] ) >>,
  comm |->
      [ id |-> <<0, "">>,
        kind |-> "free",
        pc |-> "idle",
        attempt |-> 0,
        key |-> 1,
        accepted |-> FALSE,
        exit |-> "LIVE",
        writeStatus |-> FALSE,
        pending |-> {},
        deadView |-> {} ],
  runner |->
      [ id |-> <<0, "">>,
        kind |-> "free",
        pc |-> "idle",
        client |-> "",
        attempt |-> 0 ],
  requested |-> {},
  scratch |->
      [ stats |-> <<<<>>, <<>>>>,
        paramHistory |-> <<>>,
        metricStats |-> <<>>,
        metricHistory |-> <<>>,
        allMetrics |-> TRUE,
        counted |-> <<>>,
        params |-> <<<<>>, <<>>>>,
        metrics |-> <<>>,
        count |-> 0 ],
  used |->
      << [ stats |-> <<<<>>, <<>>>>,
           paramHistory |-> <<>>,
           metricStats |-> <<>>,
           metricHistory |-> <<>>,
           allMetrics |-> TRUE,
           counted |-> <<>>,
           params |-> <<<<>>, <<>>>>,
           metrics |-> <<>>,
           count |-> 0 ],
         [ stats |-> <<<<>>, <<>>>>,
           paramHistory |-> <<>>,
           metricStats |-> <<>>,
           metricHistory |-> <<>>,
           allMetrics |-> TRUE,
           counted |-> <<>>,
           params |-> <<<<>>, <<>>>>,
           metrics |-> <<>>,
           count |-> 0 ] >>,
  committed |-> {},
  saved |-> {},
  completed |-> <<>>,
  unknownSeen |-> {},
  mon |->
      [ pc |-> "policy",
        pending |-> {c1, c2},
        deadView |-> {},
        reportAges |-> (c1 :> 0 @@ c2 :> 0) ] ]
/\ faults = [ before |-> 0,
  snapshot |-> 0,
  filter |-> 0,
  delivery |-> 0,
  resultError |-> 0,
  conversion |-> 0,
  param |-> 0,
  metricPrep |-> 0,
  metric |-> 0,
  ackLoss |-> 0,
  cancel |-> 0,
  dead |-> 0 ]

State 9: <MCNext line 162, col 8 to line 163, col 26 of module MC>
/\ s = [ aggr |->
      [ receivedCount |-> 0,
        failedClients |-> {},
        task |-> 1,
        applied |-> <<<<>>, <<>>>>,
        stats |-> <<<<>>, <<>>>>,
        paramHistory |-> <<>>,
        metricApplied |-> <<>>,
        metricStats |-> <<>>,
        metricHistory |-> <<>>,
        allMetrics |-> TRUE,
        counted |-> <<>> ],
  dead |->
      ( c1 :> [age |-> 0, reported |-> FALSE, disconnected |-> FALSE] @@
        c2 :> [age |-> 0, reported |-> FALSE, disconnected |-> FALSE] ),
  net |-> <<(c1 :> <<>> @@ c2 :> <<>>), (c1 :> <<>> @@ c2 :> <<>>)>>,
  wf |->
      [ abort |-> FALSE,
        pc |-> "wait",
        round |-> 1,
        sourceVersion |-> 0,
        started |-> {1},
        outcome |-> "running",
        open |-> TRUE ],
  task |->
      << [ scheduled |-> TRUE,
           standing |-> TRUE,
           status |-> "LIVE",
           sourceAtSchedule |-> 0,
           broadcastVersion |-> -1,
           assignedOrder |-> <<>>,
           age |-> 0,
           cleaned |-> FALSE,
           retiredStatus |-> "NEW",
           retiredOutstanding |-> {} ],
         [ scheduled |-> FALSE,
           standing |-> FALSE,
           status |-> "NEW",
           sourceAtSchedule |-> -1,
           broadcastVersion |-> -1,
           assignedOrder |-> <<>>,
           age |-> 0,
           cleaned |-> FALSE,
           retiredStatus |-> "NEW",
           retiredOutstanding |-> {} ] >>,
  ct |->
      << ( c1 :>
               [ delivery |-> "none",
                 assigned |-> FALSE,
                 headerId |-> <<0, "">>,
                 headerRound |-> -1,
                 inputVersion |-> -1,
                 result |-> "none",
                 metricKind |-> "none",
                 receipt |-> FALSE,
                 decision |-> "pending",
                 invocations |-> 0 ] @@
           c2 :>
               [ delivery |-> "none",
                 assigned |-> FALSE,
                 headerId |-> <<0, "">>,
                 headerRound |-> -1,
                 inputVersion |-> -1,
                 result |-> "none",
                 metricKind |-> "none",
                 receipt |-> FALSE,
                 decision |-> "pending",
                 invocations |-> 0 ] ),
         ( c1 :>
               [ delivery |-> "none",
                 assigned |-> FALSE,
                 headerId |-> <<0, "">>,
                 headerRound |-> -1,
                 inputVersion |-> -1,
                 result |-> "none",
                 metricKind |-> "none",
                 receipt |-> FALSE,
                 decision |-> "pending",
                 invocations |-> 0 ] @@
           c2 :>
               [ delivery |-> "none",
                 assigned |-> FALSE,
                 headerId |-> <<0, "">>,
                 headerRound |-> -1,
                 inputVersion |-> -1,
                 result |-> "none",
                 metricKind |-> "none",
                 receipt |-> FALSE,
                 decision |-> "pending",
                 invocations |-> 0 ] ) >>,
  comm |->
      [ id |-> <<0, "">>,
        kind |-> "free",
        pc |-> "idle",
        attempt |-> 0,
        key |-> 1,
        accepted |-> FALSE,
        exit |-> "LIVE",
        writeStatus |-> FALSE,
        pending |-> {},
        deadView |-> {} ],
  runner |->
      [ id |-> <<0, "">>,
        kind |-> "free",
        pc |-> "idle",
        client |-> "",
        attempt |-> 0 ],
  requested |-> {},
  scratch |->
      [ stats |-> <<<<>>, <<>>>>,
        paramHistory |-> <<>>,
        metricStats |-> <<>>,
        metricHistory |-> <<>>,
        allMetrics |-> TRUE,
        counted |-> <<>>,
        params |-> <<<<>>, <<>>>>,
        metrics |-> <<>>,
        count |-> 0 ],
  used |->
      << [ stats |-> <<<<>>, <<>>>>,
           paramHistory |-> <<>>,
           metricStats |-> <<>>,
           metricHistory |-> <<>>,
           allMetrics |-> TRUE,
           counted |-> <<>>,
           params |-> <<<<>>, <<>>>>,
           metrics |-> <<>>,
           count |-> 0 ],
         [ stats |-> <<<<>>, <<>>>>,
           paramHistory |-> <<>>,
           metricStats |-> <<>>,
           metricHistory |-> <<>>,
           allMetrics |-> TRUE,
           counted |-> <<>>,
           params |-> <<<<>>, <<>>>>,
           metrics |-> <<>>,
           count |-> 0 ] >>,
  committed |-> {},
  saved |-> {},
  completed |-> <<>>,
  unknownSeen |-> {},
  mon |->
      [ pc |-> "policy",
        pending |-> {c2},
        deadView |-> {},
        reportAges |-> (c1 :> 0 @@ c2 :> 0) ] ]
/\ faults = [ before |-> 0,
  snapshot |-> 0,
  filter |-> 0,
  delivery |-> 0,
  resultError |-> 0,
  conversion |-> 0,
  param |-> 0,
  metricPrep |-> 0,
  metric |-> 0,
  ackLoss |-> 0,
  cancel |-> 0,
  dead |-> 0 ]

State 10: <MCNext line 162, col 8 to line 163, col 26 of module MC>
/\ s = [ aggr |->
      [ receivedCount |-> 0,
        failedClients |-> {},
        task |-> 1,
        applied |-> <<<<>>, <<>>>>,
        stats |-> <<<<>>, <<>>>>,
        paramHistory |-> <<>>,
        metricApplied |-> <<>>,
        metricStats |-> <<>>,
        metricHistory |-> <<>>,
        allMetrics |-> TRUE,
        counted |-> <<>> ],
  dead |->
      ( c1 :> [age |-> 0, reported |-> FALSE, disconnected |-> FALSE] @@
        c2 :> [age |-> 0, reported |-> FALSE, disconnected |-> FALSE] ),
  net |-> <<(c1 :> <<>> @@ c2 :> <<>>), (c1 :> <<>> @@ c2 :> <<>>)>>,
  wf |->
      [ abort |-> FALSE,
        pc |-> "wait",
        round |-> 1,
        sourceVersion |-> 0,
        started |-> {1},
        outcome |-> "running",
        open |-> TRUE ],
  task |->
      << [ scheduled |-> TRUE,
           standing |-> TRUE,
           status |-> "LIVE",
           sourceAtSchedule |-> 0,
           broadcastVersion |-> -1,
           assignedOrder |-> <<>>,
           age |-> 0,
           cleaned |-> FALSE,
           retiredStatus |-> "NEW",
           retiredOutstanding |-> {} ],
         [ scheduled |-> FALSE,
           standing |-> FALSE,
           status |-> "NEW",
           sourceAtSchedule |-> -1,
           broadcastVersion |-> -1,
           assignedOrder |-> <<>>,
           age |-> 0,
           cleaned |-> FALSE,
           retiredStatus |-> "NEW",
           retiredOutstanding |-> {} ] >>,
  ct |->
      << ( c1 :>
               [ delivery |-> "none",
                 assigned |-> FALSE,
                 headerId |-> <<0, "">>,
                 headerRound |-> -1,
                 inputVersion |-> -1,
                 result |-> "none",
                 metricKind |-> "none",
                 receipt |-> FALSE,
                 decision |-> "pending",
                 invocations |-> 0 ] @@
           c2 :>
               [ delivery |-> "none",
                 assigned |-> FALSE,
                 headerId |-> <<0, "">>,
                 headerRound |-> -1,
                 inputVersion |-> -1,
                 result |-> "none",
                 metricKind |-> "none",
                 receipt |-> FALSE,
                 decision |-> "pending",
                 invocations |-> 0 ] ),
         ( c1 :>
               [ delivery |-> "none",
                 assigned |-> FALSE,
                 headerId |-> <<0, "">>,
                 headerRound |-> -1,
                 inputVersion |-> -1,
                 result |-> "none",
                 metricKind |-> "none",
                 receipt |-> FALSE,
                 decision |-> "pending",
                 invocations |-> 0 ] @@
           c2 :>
               [ delivery |-> "none",
                 assigned |-> FALSE,
                 headerId |-> <<0, "">>,
                 headerRound |-> -1,
                 inputVersion |-> -1,
                 result |-> "none",
                 metricKind |-> "none",
                 receipt |-> FALSE,
                 decision |-> "pending",
                 invocations |-> 0 ] ) >>,
  comm |->
      [ id |-> <<0, "">>,
        kind |-> "free",
        pc |-> "idle",
        attempt |-> 0,
        key |-> 1,
        accepted |-> FALSE,
        exit |-> "LIVE",
        writeStatus |-> FALSE,
        pending |-> {},
        deadView |-> {} ],
  runner |->
      [ id |-> <<0, "">>,
        kind |-> "free",
        pc |-> "idle",
        client |-> "",
        attempt |-> 0 ],
  requested |-> {},
  scratch |->
      [ stats |-> <<<<>>, <<>>>>,
        paramHistory |-> <<>>,
        metricStats |-> <<>>,
        metricHistory |-> <<>>,
        allMetrics |-> TRUE,
        counted |-> <<>>,
        params |-> <<<<>>, <<>>>>,
        metrics |-> <<>>,
        count |-> 0 ],
  used |->
      << [ stats |-> <<<<>>, <<>>>>,
           paramHistory |-> <<>>,
           metricStats |-> <<>>,
           metricHistory |-> <<>>,
           allMetrics |-> TRUE,
           counted |-> <<>>,
           params |-> <<<<>>, <<>>>>,
           metrics |-> <<>>,
           count |-> 0 ],
         [ stats |-> <<<<>>, <<>>>>,
           paramHistory |-> <<>>,
           metricStats |-> <<>>,
           metricHistory |-> <<>>,
           allMetrics |-> TRUE,
           counted |-> <<>>,
           params |-> <<<<>>, <<>>>>,
           metrics |-> <<>>,
           count |-> 0 ] >>,
  committed |-> {},
  saved |-> {},
  completed |-> <<>>,
  unknownSeen |-> {},
  mon |->
      [ pc |-> "policy",
        pending |-> {},
        deadView |-> {},
        reportAges |-> (c1 :> 0 @@ c2 :> 0) ] ]
/\ faults = [ before |-> 0,
  snapshot |-> 0,
  filter |-> 0,
  delivery |-> 0,
  resultError |-> 0,
  conversion |-> 0,
  param |-> 0,
  metricPrep |-> 0,
  metric |-> 0,
  ackLoss |-> 0,
  cancel |-> 0,
  dead |-> 0 ]

State 11: <MCNext line 162, col 8 to line 163, col 26 of module MC>
/\ s = [ aggr |->
      [ receivedCount |-> 0,
        failedClients |-> {},
        task |-> 1,
        applied |-> <<<<>>, <<>>>>,
        stats |-> <<<<>>, <<>>>>,
        paramHistory |-> <<>>,
        metricApplied |-> <<>>,
        metricStats |-> <<>>,
        metricHistory |-> <<>>,
        allMetrics |-> TRUE,
        counted |-> <<>> ],
  dead |->
      ( c1 :> [age |-> 0, reported |-> FALSE, disconnected |-> FALSE] @@
        c2 :> [age |-> 0, reported |-> FALSE, disconnected |-> FALSE] ),
  net |-> <<(c1 :> <<>> @@ c2 :> <<>>), (c1 :> <<>> @@ c2 :> <<>>)>>,
  wf |->
      [ abort |-> FALSE,
        pc |-> "wait",
        round |-> 1,
        sourceVersion |-> 0,
        started |-> {1},
        outcome |-> "running",
        open |-> TRUE ],
  task |->
      << [ scheduled |-> TRUE,
           standing |-> TRUE,
           status |-> "LIVE",
           sourceAtSchedule |-> 0,
           broadcastVersion |-> -1,
           assignedOrder |-> <<>>,
           age |-> 0,
           cleaned |-> FALSE,
           retiredStatus |-> "NEW",
           retiredOutstanding |-> {} ],
         [ scheduled |-> FALSE,
           standing |-> FALSE,
           status |-> "NEW",
           sourceAtSchedule |-> -1,
           broadcastVersion |-> -1,
           assignedOrder |-> <<>>,
           age |-> 0,
           cleaned |-> FALSE,
           retiredStatus |-> "NEW",
           retiredOutstanding |-> {} ] >>,
  ct |->
      << ( c1 :>
               [ delivery |-> "none",
                 assigned |-> FALSE,
                 headerId |-> <<0, "">>,
                 headerRound |-> -1,
                 inputVersion |-> -1,
                 result |-> "none",
                 metricKind |-> "none",
                 receipt |-> FALSE,
                 decision |-> "pending",
                 invocations |-> 0 ] @@
           c2 :>
               [ delivery |-> "none",
                 assigned |-> FALSE,
                 headerId |-> <<0, "">>,
                 headerRound |-> -1,
                 inputVersion |-> -1,
                 result |-> "none",
                 metricKind |-> "none",
                 receipt |-> FALSE,
                 decision |-> "pending",
                 invocations |-> 0 ] ),
         ( c1 :>
               [ delivery |-> "none",
                 assigned |-> FALSE,
                 headerId |-> <<0, "">>,
                 headerRound |-> -1,
                 inputVersion |-> -1,
                 result |-> "none",
                 metricKind |-> "none",
                 receipt |-> FALSE,
                 decision |-> "pending",
                 invocations |-> 0 ] @@
           c2 :>
               [ delivery |-> "none",
                 assigned |-> FALSE,
                 headerId |-> <<0, "">>,
                 headerRound |-> -1,
                 inputVersion |-> -1,
                 result |-> "none",
                 metricKind |-> "none",
                 receipt |-> FALSE,
                 decision |-> "pending",
                 invocations |-> 0 ] ) >>,
  comm |->
      [ id |-> <<0, "">>,
        kind |-> "free",
        pc |-> "idle",
        attempt |-> 0,
        key |-> 1,
        accepted |-> FALSE,
        exit |-> "LIVE",
        writeStatus |-> FALSE,
        pending |-> {},
        deadView |-> {} ],
  runner |->
      [ id |-> <<0, "">>,
        kind |-> "free",
        pc |-> "idle",
        client |-> "",
        attempt |-> 0 ],
  requested |-> {c1},
  scratch |->
      [ stats |-> <<<<>>, <<>>>>,
        paramHistory |-> <<>>,
        metricStats |-> <<>>,
        metricHistory |-> <<>>,
        allMetrics |-> TRUE,
        counted |-> <<>>,
        params |-> <<<<>>, <<>>>>,
        metrics |-> <<>>,
        count |-> 0 ],
  used |->
      << [ stats |-> <<<<>>, <<>>>>,
           paramHistory |-> <<>>,
           metricStats |-> <<>>,
           metricHistory |-> <<>>,
           allMetrics |-> TRUE,
           counted |-> <<>>,
           params |-> <<<<>>, <<>>>>,
           metrics |-> <<>>,
           count |-> 0 ],
         [ stats |-> <<<<>>, <<>>>>,
           paramHistory |-> <<>>,
           metricStats |-> <<>>,
           metricHistory |-> <<>>,
           allMetrics |-> TRUE,
           counted |-> <<>>,
           params |-> <<<<>>, <<>>>>,
           metrics |-> <<>>,
           count |-> 0 ] >>,
  committed |-> {},
  saved |-> {},
  completed |-> <<>>,
  unknownSeen |-> {},
  mon |->
      [ pc |-> "policy",
        pending |-> {},
        deadView |-> {},
        reportAges |-> (c1 :> 0 @@ c2 :> 0) ] ]
/\ faults = [ before |-> 0,
  snapshot |-> 0,
  filter |-> 0,
  delivery |-> 0,
  resultError |-> 0,
  conversion |-> 0,
  param |-> 0,
  metricPrep |-> 0,
  metric |-> 0,
  ackLoss |-> 0,
  cancel |-> 0,
  dead |-> 0 ]

State 12: <MCNext line 162, col 8 to line 163, col 26 of module MC>
/\ s = [ aggr |->
      [ receivedCount |-> 0,
        failedClients |-> {},
        task |-> 1,
        applied |-> <<<<>>, <<>>>>,
        stats |-> <<<<>>, <<>>>>,
        paramHistory |-> <<>>,
        metricApplied |-> <<>>,
        metricStats |-> <<>>,
        metricHistory |-> <<>>,
        allMetrics |-> TRUE,
        counted |-> <<>> ],
  dead |->
      ( c1 :> [age |-> 0, reported |-> FALSE, disconnected |-> FALSE] @@
        c2 :> [age |-> 0, reported |-> FALSE, disconnected |-> FALSE] ),
  net |-> <<(c1 :> <<>> @@ c2 :> <<>>), (c1 :> <<>> @@ c2 :> <<>>)>>,
  wf |->
      [ abort |-> FALSE,
        pc |-> "wait",
        round |-> 1,
        sourceVersion |-> 0,
        started |-> {1},
        outcome |-> "running",
        open |-> TRUE ],
  task |->
      << [ scheduled |-> TRUE,
           standing |-> TRUE,
           status |-> "LIVE",
           sourceAtSchedule |-> 0,
           broadcastVersion |-> -1,
           assignedOrder |-> <<>>,
           age |-> 0,
           cleaned |-> FALSE,
           retiredStatus |-> "NEW",
           retiredOutstanding |-> {} ],
         [ scheduled |-> FALSE,
           standing |-> FALSE,
           status |-> "NEW",
           sourceAtSchedule |-> -1,
           broadcastVersion |-> -1,
           assignedOrder |-> <<>>,
           age |-> 0,
           cleaned |-> FALSE,
           retiredStatus |-> "NEW",
           retiredOutstanding |-> {} ] >>,
  ct |->
      << ( c1 :>
               [ delivery |-> "none",
                 assigned |-> FALSE,
                 headerId |-> <<0, "">>,
                 headerRound |-> -1,
                 inputVersion |-> -1,
                 result |-> "none",
                 metricKind |-> "none",
                 receipt |-> FALSE,
                 decision |-> "pending",
                 invocations |-> 0 ] @@
           c2 :>
               [ delivery |-> "none",
                 assigned |-> FALSE,
                 headerId |-> <<0, "">>,
                 headerRound |-> -1,
                 inputVersion |-> -1,
                 result |-> "none",
                 metricKind |-> "none",
                 receipt |-> FALSE,
                 decision |-> "pending",
                 invocations |-> 0 ] ),
         ( c1 :>
               [ delivery |-> "none",
                 assigned |-> FALSE,
                 headerId |-> <<0, "">>,
                 headerRound |-> -1,
                 inputVersion |-> -1,
                 result |-> "none",
                 metricKind |-> "none",
                 receipt |-> FALSE,
                 decision |-> "pending",
                 invocations |-> 0 ] @@
           c2 :>
               [ delivery |-> "none",
                 assigned |-> FALSE,
                 headerId |-> <<0, "">>,
                 headerRound |-> -1,
                 inputVersion |-> -1,
                 result |-> "none",
                 metricKind |-> "none",
                 receipt |-> FALSE,
                 decision |-> "pending",
                 invocations |-> 0 ] ) >>,
  comm |->
      [ id |-> <<0, "">>,
        kind |-> "free",
        pc |-> "idle",
        attempt |-> 0,
        key |-> 1,
        accepted |-> FALSE,
        exit |-> "LIVE",
        writeStatus |-> FALSE,
        pending |-> {},
        deadView |-> {} ],
  runner |->
      [ id |-> <<0, "">>,
        kind |-> "request",
        pc |-> "commWait",
        client |-> c1,
        attempt |-> 0 ],
  requested |-> {},
  scratch |->
      [ stats |-> <<<<>>, <<>>>>,
        paramHistory |-> <<>>,
        metricStats |-> <<>>,
        metricHistory |-> <<>>,
        allMetrics |-> TRUE,
        counted |-> <<>>,
        params |-> <<<<>>, <<>>>>,
        metrics |-> <<>>,
        count |-> 0 ],
  used |->
      << [ stats |-> <<<<>>, <<>>>>,
           paramHistory |-> <<>>,
           metricStats |-> <<>>,
           metricHistory |-> <<>>,
           allMetrics |-> TRUE,
           counted |-> <<>>,
           params |-> <<<<>>, <<>>>>,
           metrics |-> <<>>,
           count |-> 0 ],
         [ stats |-> <<<<>>, <<>>>>,
           paramHistory |-> <<>>,
           metricStats |-> <<>>,
           metricHistory |-> <<>>,
           allMetrics |-> TRUE,
           counted |-> <<>>,
           params |-> <<<<>>, <<>>>>,
           metrics |-> <<>>,
           count |-> 0 ] >>,
  committed |-> {},
  saved |-> {},
  completed |-> <<>>,
  unknownSeen |-> {},
  mon |->
      [ pc |-> "policy",
        pending |-> {},
        deadView |-> {},
        reportAges |-> (c1 :> 0 @@ c2 :> 0) ] ]
/\ faults = [ before |-> 0,
  snapshot |-> 0,
  filter |-> 0,
  delivery |-> 0,
  resultError |-> 0,
  conversion |-> 0,
  param |-> 0,
  metricPrep |-> 0,
  metric |-> 0,
  ackLoss |-> 0,
  cancel |-> 0,
  dead |-> 0 ]

State 13: <MCNext line 162, col 8 to line 163, col 26 of module MC>
/\ s = [ aggr |->
      [ receivedCount |-> 0,
        failedClients |-> {},
        task |-> 1,
        applied |-> <<<<>>, <<>>>>,
        stats |-> <<<<>>, <<>>>>,
        paramHistory |-> <<>>,
        metricApplied |-> <<>>,
        metricStats |-> <<>>,
        metricHistory |-> <<>>,
        allMetrics |-> TRUE,
        counted |-> <<>> ],
  dead |->
      ( c1 :> [age |-> 0, reported |-> FALSE, disconnected |-> FALSE] @@
        c2 :> [age |-> 0, reported |-> FALSE, disconnected |-> FALSE] ),
  net |-> <<(c1 :> <<>> @@ c2 :> <<>>), (c1 :> <<>> @@ c2 :> <<>>)>>,
  wf |->
      [ abort |-> FALSE,
        pc |-> "wait",
        round |-> 1,
        sourceVersion |-> 0,
        started |-> {1},
        outcome |-> "running",
        open |-> TRUE ],
  task |->
      << [ scheduled |-> TRUE,
           standing |-> TRUE,
           status |-> "LIVE",
           sourceAtSchedule |-> 0,
           broadcastVersion |-> -1,
           assignedOrder |-> <<>>,
           age |-> 0,
           cleaned |-> FALSE,
           retiredStatus |-> "NEW",
           retiredOutstanding |-> {} ],
         [ scheduled |-> FALSE,
           standing |-> FALSE,
           status |-> "NEW",
           sourceAtSchedule |-> -1,
           broadcastVersion |-> -1,
           assignedOrder |-> <<>>,
           age |-> 0,
           cleaned |-> FALSE,
           retiredStatus |-> "NEW",
           retiredOutstanding |-> {} ] >>,
  ct |->
      << ( c1 :>
               [ delivery |-> "none",
                 assigned |-> FALSE,
                 headerId |-> <<0, "">>,
                 headerRound |-> -1,
                 inputVersion |-> -1,
                 result |-> "none",
                 metricKind |-> "none",
                 receipt |-> FALSE,
                 decision |-> "pending",
                 invocations |-> 0 ] @@
           c2 :>
               [ delivery |-> "none",
                 assigned |-> FALSE,
                 headerId |-> <<0, "">>,
                 headerRound |-> -1,
                 inputVersion |-> -1,
                 result |-> "none",
                 metricKind |-> "none",
                 receipt |-> FALSE,
                 decision |-> "pending",
                 invocations |-> 0 ] ),
         ( c1 :>
               [ delivery |-> "none",
                 assigned |-> FALSE,
                 headerId |-> <<0, "">>,
                 headerRound |-> -1,
                 inputVersion |-> -1,
                 result |-> "none",
                 metricKind |-> "none",
                 receipt |-> FALSE,
                 decision |-> "pending",
                 invocations |-> 0 ] @@
           c2 :>
               [ delivery |-> "none",
                 assigned |-> FALSE,
                 headerId |-> <<0, "">>,
                 headerRound |-> -1,
                 inputVersion |-> -1,
                 result |-> "none",
                 metricKind |-> "none",
                 receipt |-> FALSE,
                 decision |-> "pending",
                 invocations |-> 0 ] ) >>,
  comm |->
      [ id |-> <<1, c1>>,
        kind |-> "request",
        pc |-> "before",
        attempt |-> 0,
        key |-> 1,
        accepted |-> FALSE,
        exit |-> "LIVE",
        writeStatus |-> FALSE,
        pending |-> {},
        deadView |-> {} ],
  runner |->
      [ id |-> <<0, "">>,
        kind |-> "request",
        pc |-> "commWait",
        client |-> c1,
        attempt |-> 0 ],
  requested |-> {},
  scratch |->
      [ stats |-> <<<<>>, <<>>>>,
        paramHistory |-> <<>>,
        metricStats |-> <<>>,
        metricHistory |-> <<>>,
        allMetrics |-> TRUE,
        counted |-> <<>>,
        params |-> <<<<>>, <<>>>>,
        metrics |-> <<>>,
        count |-> 0 ],
  used |->
      << [ stats |-> <<<<>>, <<>>>>,
           paramHistory |-> <<>>,
           metricStats |-> <<>>,
           metricHistory |-> <<>>,
           allMetrics |-> TRUE,
           counted |-> <<>>,
           params |-> <<<<>>, <<>>>>,
           metrics |-> <<>>,
           count |-> 0 ],
         [ stats |-> <<<<>>, <<>>>>,
           paramHistory |-> <<>>,
           metricStats |-> <<>>,
           metricHistory |-> <<>>,
           allMetrics |-> TRUE,
           counted |-> <<>>,
           params |-> <<<<>>, <<>>>>,
           metrics |-> <<>>,
           count |-> 0 ] >>,
  committed |-> {},
  saved |-> {},
  completed |-> <<>>,
  unknownSeen |-> {},
  mon |->
      [ pc |-> "policy",
        pending |-> {},
        deadView |-> {},
        reportAges |-> (c1 :> 0 @@ c2 :> 0) ] ]
/\ faults = [ before |-> 0,
  snapshot |-> 0,
  filter |-> 0,
  delivery |-> 0,
  resultError |-> 0,
  conversion |-> 0,
  param |-> 0,
  metricPrep |-> 0,
  metric |-> 0,
  ackLoss |-> 0,
  cancel |-> 0,
  dead |-> 0 ]

State 14: <MCNext line 162, col 8 to line 163, col 26 of module MC>
/\ s = [ aggr |->
      [ receivedCount |-> 0,
        failedClients |-> {},
        task |-> 1,
        applied |-> <<<<>>, <<>>>>,
        stats |-> <<<<>>, <<>>>>,
        paramHistory |-> <<>>,
        metricApplied |-> <<>>,
        metricStats |-> <<>>,
        metricHistory |-> <<>>,
        allMetrics |-> TRUE,
        counted |-> <<>> ],
  dead |->
      ( c1 :> [age |-> 0, reported |-> FALSE, disconnected |-> FALSE] @@
        c2 :> [age |-> 0, reported |-> FALSE, disconnected |-> FALSE] ),
  net |-> <<(c1 :> <<>> @@ c2 :> <<>>), (c1 :> <<>> @@ c2 :> <<>>)>>,
  wf |->
      [ abort |-> FALSE,
        pc |-> "wait",
        round |-> 1,
        sourceVersion |-> 0,
        started |-> {1},
        outcome |-> "running",
        open |-> TRUE ],
  task |->
      << [ scheduled |-> TRUE,
           standing |-> TRUE,
           status |-> "LIVE",
           sourceAtSchedule |-> 0,
           broadcastVersion |-> -1,
           assignedOrder |-> <<>>,
           age |-> 0,
           cleaned |-> FALSE,
           retiredStatus |-> "NEW",
           retiredOutstanding |-> {} ],
         [ scheduled |-> FALSE,
           standing |-> FALSE,
           status |-> "NEW",
           sourceAtSchedule |-> -1,
           broadcastVersion |-> -1,
           assignedOrder |-> <<>>,
           age |-> 0,
           cleaned |-> FALSE,
           retiredStatus |-> "NEW",
           retiredOutstanding |-> {} ] >>,
  ct |->
      << ( c1 :>
               [ delivery |-> "none",
                 assigned |-> FALSE,
                 headerId |-> <<0, "">>,
                 headerRound |-> -1,
                 inputVersion |-> -1,
                 result |-> "none",
                 metricKind |-> "none",
                 receipt |-> FALSE,
                 decision |-> "pending",
                 invocations |-> 0 ] @@
           c2 :>
               [ delivery |-> "none",
                 assigned |-> FALSE,
                 headerId |-> <<0, "">>,
                 headerRound |-> -1,
                 inputVersion |-> -1,
                 result |-> "none",
                 metricKind |-> "none",
                 receipt |-> FALSE,
                 decision |-> "pending",
                 invocations |-> 0 ] ),
         ( c1 :>
               [ delivery |-> "none",
                 assigned |-> FALSE,
                 headerId |-> <<0, "">>,
                 headerRound |-> -1,
                 inputVersion |-> -1,
                 result |-> "none",
                 metricKind |-> "none",
                 receipt |-> FALSE,
                 decision |-> "pending",
                 invocations |-> 0 ] @@
           c2 :>
               [ delivery |-> "none",
                 assigned |-> FALSE,
                 headerId |-> <<0, "">>,
                 headerRound |-> -1,
                 inputVersion |-> -1,
                 result |-> "none",
                 metricKind |-> "none",
                 receipt |-> FALSE,
                 decision |-> "pending",
                 invocations |-> 0 ] ) >>,
  comm |->
      [ id |-> <<1, c1>>,
        kind |-> "request",
        pc |-> "snapshot",
        attempt |-> 0,
        key |-> 1,
        accepted |-> FALSE,
        exit |-> "LIVE",
        writeStatus |-> FALSE,
        pending |-> {},
        deadView |-> {} ],
  runner |->
      [ id |-> <<0, "">>,
        kind |-> "request",
        pc |-> "commWait",
        client |-> c1,
        attempt |-> 0 ],
  requested |-> {},
  scratch |->
      [ stats |-> <<<<>>, <<>>>>,
        paramHistory |-> <<>>,
        metricStats |-> <<>>,
        metricHistory |-> <<>>,
        allMetrics |-> TRUE,
        counted |-> <<>>,
        params |-> <<<<>>, <<>>>>,
        metrics |-> <<>>,
        count |-> 0 ],
  used |->
      << [ stats |-> <<<<>>, <<>>>>,
           paramHistory |-> <<>>,
           metricStats |-> <<>>,
           metricHistory |-> <<>>,
           allMetrics |-> TRUE,
           counted |-> <<>>,
           params |-> <<<<>>, <<>>>>,
           metrics |-> <<>>,
           count |-> 0 ],
         [ stats |-> <<<<>>, <<>>>>,
           paramHistory |-> <<>>,
           metricStats |-> <<>>,
           metricHistory |-> <<>>,
           allMetrics |-> TRUE,
           counted |-> <<>>,
           params |-> <<<<>>, <<>>>>,
           metrics |-> <<>>,
           count |-> 0 ] >>,
  committed |-> {},
  saved |-> {},
  completed |-> <<>>,
  unknownSeen |-> {},
  mon |->
      [ pc |-> "policy",
        pending |-> {},
        deadView |-> {},
        reportAges |-> (c1 :> 0 @@ c2 :> 0) ] ]
/\ faults = [ before |-> 0,
  snapshot |-> 0,
  filter |-> 0,
  delivery |-> 0,
  resultError |-> 0,
  conversion |-> 0,
  param |-> 0,
  metricPrep |-> 0,
  metric |-> 0,
  ackLoss |-> 0,
  cancel |-> 0,
  dead |-> 0 ]

State 15: <MCNext line 162, col 8 to line 163, col 26 of module MC>
/\ s = [ aggr |->
      [ receivedCount |-> 0,
        failedClients |-> {},
        task |-> 1,
        applied |-> <<<<>>, <<>>>>,
        stats |-> <<<<>>, <<>>>>,
        paramHistory |-> <<>>,
        metricApplied |-> <<>>,
        metricStats |-> <<>>,
        metricHistory |-> <<>>,
        allMetrics |-> TRUE,
        counted |-> <<>> ],
  dead |->
      ( c1 :> [age |-> 0, reported |-> FALSE, disconnected |-> FALSE] @@
        c2 :> [age |-> 0, reported |-> FALSE, disconnected |-> FALSE] ),
  net |-> <<(c1 :> <<>> @@ c2 :> <<>>), (c1 :> <<>> @@ c2 :> <<>>)>>,
  wf |->
      [ abort |-> FALSE,
        pc |-> "wait",
        round |-> 1,
        sourceVersion |-> 0,
        started |-> {1},
        outcome |-> "running",
        open |-> TRUE ],
  task |->
      << [ scheduled |-> TRUE,
           standing |-> TRUE,
           status |-> "LIVE",
           sourceAtSchedule |-> 0,
           broadcastVersion |-> 0,
           assignedOrder |-> <<>>,
           age |-> 0,
           cleaned |-> FALSE,
           retiredStatus |-> "NEW",
           retiredOutstanding |-> {} ],
         [ scheduled |-> FALSE,
           standing |-> FALSE,
           status |-> "NEW",
           sourceAtSchedule |-> -1,
           broadcastVersion |-> -1,
           assignedOrder |-> <<>>,
           age |-> 0,
           cleaned |-> FALSE,
           retiredStatus |-> "NEW",
           retiredOutstanding |-> {} ] >>,
  ct |->
      << ( c1 :>
               [ delivery |-> "none",
                 assigned |-> FALSE,
                 headerId |-> <<0, "">>,
                 headerRound |-> -1,
                 inputVersion |-> -1,
                 result |-> "none",
                 metricKind |-> "none",
                 receipt |-> FALSE,
                 decision |-> "pending",
                 invocations |-> 0 ] @@
           c2 :>
               [ delivery |-> "none",
                 assigned |-> FALSE,
                 headerId |-> <<0, "">>,
                 headerRound |-> -1,
                 inputVersion |-> -1,
                 result |-> "none",
                 metricKind |-> "none",
                 receipt |-> FALSE,
                 decision |-> "pending",
                 invocations |-> 0 ] ),
         ( c1 :>
               [ delivery |-> "none",
                 assigned |-> FALSE,
                 headerId |-> <<0, "">>,
                 headerRound |-> -1,
                 inputVersion |-> -1,
                 result |-> "none",
                 metricKind |-> "none",
                 receipt |-> FALSE,
                 decision |-> "pending",
                 invocations |-> 0 ] @@
           c2 :>
               [ delivery |-> "none",
                 assigned |-> FALSE,
                 headerId |-> <<0, "">>,
                 headerRound |-> -1,
                 inputVersion |-> -1,
                 result |-> "none",
                 metricKind |-> "none",
                 receipt |-> FALSE,
                 decision |-> "pending",
                 invocations |-> 0 ] ) >>,
  comm |->
      [ id |-> <<1, c1>>,
        kind |-> "request",
        pc |-> "canSend",
        attempt |-> 0,
        key |-> 1,
        accepted |-> FALSE,
        exit |-> "LIVE",
        writeStatus |-> FALSE,
        pending |-> {},
        deadView |-> {} ],
  runner |->
      [ id |-> <<0, "">>,
        kind |-> "request",
        pc |-> "commWait",
        client |-> c1,
        attempt |-> 0 ],
  requested |-> {},
  scratch |->
      [ stats |-> <<<<>>, <<>>>>,
        paramHistory |-> <<>>,
        metricStats |-> <<>>,
        metricHistory |-> <<>>,
        allMetrics |-> TRUE,
        counted |-> <<>>,
        params |-> <<<<>>, <<>>>>,
        metrics |-> <<>>,
        count |-> 0 ],
  used |->
      << [ stats |-> <<<<>>, <<>>>>,
           paramHistory |-> <<>>,
           metricStats |-> <<>>,
           metricHistory |-> <<>>,
           allMetrics |-> TRUE,
           counted |-> <<>>,
           params |-> <<<<>>, <<>>>>,
           metrics |-> <<>>,
           count |-> 0 ],
         [ stats |-> <<<<>>, <<>>>>,
           paramHistory |-> <<>>,
           metricStats |-> <<>>,
           metricHistory |-> <<>>,
           allMetrics |-> TRUE,
           counted |-> <<>>,
           params |-> <<<<>>, <<>>>>,
           metrics |-> <<>>,
           count |-> 0 ] >>,
  committed |-> {},
  saved |-> {},
  completed |-> <<>>,
  unknownSeen |-> {},
  mon |->
      [ pc |-> "policy",
        pending |-> {},
        deadView |-> {},
        reportAges |-> (c1 :> 0 @@ c2 :> 0) ] ]
/\ faults = [ before |-> 0,
  snapshot |-> 0,
  filter |-> 0,
  delivery |-> 0,
  resultError |-> 0,
  conversion |-> 0,
  param |-> 0,
  metricPrep |-> 0,
  metric |-> 0,
  ackLoss |-> 0,
  cancel |-> 0,
  dead |-> 0 ]

State 16: <MCNext line 162, col 8 to line 163, col 26 of module MC>
/\ s = [ aggr |->
      [ receivedCount |-> 0,
        failedClients |-> {},
        task |-> 1,
        applied |-> <<<<>>, <<>>>>,
        stats |-> <<<<>>, <<>>>>,
        paramHistory |-> <<>>,
        metricApplied |-> <<>>,
        metricStats |-> <<>>,
        metricHistory |-> <<>>,
        allMetrics |-> TRUE,
        counted |-> <<>> ],
  dead |->
      ( c1 :> [age |-> 0, reported |-> FALSE, disconnected |-> FALSE] @@
        c2 :> [age |-> 0, reported |-> FALSE, disconnected |-> FALSE] ),
  net |-> <<(c1 :> <<>> @@ c2 :> <<>>), (c1 :> <<>> @@ c2 :> <<>>)>>,
  wf |->
      [ abort |-> FALSE,
        pc |-> "wait",
        round |-> 1,
        sourceVersion |-> 0,
        started |-> {1},
        outcome |-> "running",
        open |-> TRUE ],
  task |->
      << [ scheduled |-> TRUE,
           standing |-> TRUE,
           status |-> "LIVE",
           sourceAtSchedule |-> 0,
           broadcastVersion |-> 0,
           assignedOrder |-> <<>>,
           age |-> 0,
           cleaned |-> FALSE,
           retiredStatus |-> "NEW",
           retiredOutstanding |-> {} ],
         [ scheduled |-> FALSE,
           standing |-> FALSE,
           status |-> "NEW",
           sourceAtSchedule |-> -1,
           broadcastVersion |-> -1,
           assignedOrder |-> <<>>,
           age |-> 0,
           cleaned |-> FALSE,
           retiredStatus |-> "NEW",
           retiredOutstanding |-> {} ] >>,
  ct |->
      << ( c1 :>
               [ delivery |-> "none",
                 assigned |-> FALSE,
                 headerId |-> <<0, "">>,
                 headerRound |-> -1,
                 inputVersion |-> -1,
                 result |-> "none",
                 metricKind |-> "none",
                 receipt |-> FALSE,
                 decision |-> "pending",
                 invocations |-> 0 ] @@
           c2 :>
               [ delivery |-> "none",
                 assigned |-> FALSE,
                 headerId |-> <<0, "">>,
                 headerRound |-> -1,
                 inputVersion |-> -1,
                 result |-> "none",
                 metricKind |-> "none",
                 receipt |-> FALSE,
                 decision |-> "pending",
                 invocations |-> 0 ] ),
         ( c1 :>
               [ delivery |-> "none",
                 assigned |-> FALSE,
                 headerId |-> <<0, "">>,
                 headerRound |-> -1,
                 inputVersion |-> -1,
                 result |-> "none",
                 metricKind |-> "none",
                 receipt |-> FALSE,
                 decision |-> "pending",
                 invocations |-> 0 ] @@
           c2 :>
               [ delivery |-> "none",
                 assigned |-> FALSE,
                 headerId |-> <<0, "">>,
                 headerRound |-> -1,
                 inputVersion |-> -1,
                 result |-> "none",
                 metricKind |-> "none",
                 receipt |-> FALSE,
                 decision |-> "pending",
                 invocations |-> 0 ] ) >>,
  comm |->
      [ id |-> <<1, c1>>,
        kind |-> "request",
        pc |-> "publish",
        attempt |-> 0,
        key |-> 1,
        accepted |-> FALSE,
        exit |-> "LIVE",
        writeStatus |-> FALSE,
        pending |-> {},
        deadView |-> {} ],
  runner |->
      [ id |-> <<0, "">>,
        kind |-> "request",
        pc |-> "commWait",
        client |-> c1,
        attempt |-> 0 ],
  requested |-> {},
  scratch |->
      [ stats |-> <<<<>>, <<>>>>,
        paramHistory |-> <<>>,
        metricStats |-> <<>>,
        metricHistory |-> <<>>,
        allMetrics |-> TRUE,
        counted |-> <<>>,
        params |-> <<<<>>, <<>>>>,
        metrics |-> <<>>,
        count |-> 0 ],
  used |->
      << [ stats |-> <<<<>>, <<>>>>,
           paramHistory |-> <<>>,
           metricStats |-> <<>>,
           metricHistory |-> <<>>,
           allMetrics |-> TRUE,
           counted |-> <<>>,
           params |-> <<<<>>, <<>>>>,
           metrics |-> <<>>,
           count |-> 0 ],
         [ stats |-> <<<<>>, <<>>>>,
           paramHistory |-> <<>>,
           metricStats |-> <<>>,
           metricHistory |-> <<>>,
           allMetrics |-> TRUE,
           counted |-> <<>>,
           params |-> <<<<>>, <<>>>>,
           metrics |-> <<>>,
           count |-> 0 ] >>,
  committed |-> {},
  saved |-> {},
  completed |-> <<>>,
  unknownSeen |-> {},
  mon |->
      [ pc |-> "policy",
        pending |-> {},
        deadView |-> {},
        reportAges |-> (c1 :> 0 @@ c2 :> 0) ] ]
/\ faults = [ before |-> 0,
  snapshot |-> 0,
  filter |-> 0,
  delivery |-> 0,
  resultError |-> 0,
  conversion |-> 0,
  param |-> 0,
  metricPrep |-> 0,
  metric |-> 0,
  ackLoss |-> 0,
  cancel |-> 0,
  dead |-> 0 ]

State 17: <MCNext line 162, col 8 to line 163, col 26 of module MC>
/\ s = [ aggr |->
      [ receivedCount |-> 0,
        failedClients |-> {},
        task |-> 1,
        applied |-> <<<<>>, <<>>>>,
        stats |-> <<<<>>, <<>>>>,
        paramHistory |-> <<>>,
        metricApplied |-> <<>>,
        metricStats |-> <<>>,
        metricHistory |-> <<>>,
        allMetrics |-> TRUE,
        counted |-> <<>> ],
  dead |->
      ( c1 :> [age |-> 0, reported |-> FALSE, disconnected |-> FALSE] @@
        c2 :> [age |-> 0, reported |-> FALSE, disconnected |-> FALSE] ),
  net |-> <<(c1 :> <<>> @@ c2 :> <<>>), (c1 :> <<>> @@ c2 :> <<>>)>>,
  wf |->
      [ abort |-> FALSE,
        pc |-> "wait",
        round |-> 1,
        sourceVersion |-> 0,
        started |-> {1},
        outcome |-> "running",
        open |-> TRUE ],
  task |->
      << [ scheduled |-> TRUE,
           standing |-> TRUE,
           status |-> "LIVE",
           sourceAtSchedule |-> 0,
           broadcastVersion |-> 0,
           assignedOrder |-> <<<<1, c1>>>>,
           age |-> 0,
           cleaned |-> FALSE,
           retiredStatus |-> "NEW",
           retiredOutstanding |-> {} ],
         [ scheduled |-> FALSE,
           standing |-> FALSE,
           status |-> "NEW",
           sourceAtSchedule |-> -1,
           broadcastVersion |-> -1,
           assignedOrder |-> <<>>,
           age |-> 0,
           cleaned |-> FALSE,
           retiredStatus |-> "NEW",
           retiredOutstanding |-> {} ] >>,
  ct |->
      << ( c1 :>
               [ delivery |-> "filter",
                 assigned |-> TRUE,
                 headerId |-> <<1, c1>>,
                 headerRound |-> 0,
                 inputVersion |-> 0,
                 result |-> "none",
                 metricKind |-> "none",
                 receipt |-> FALSE,
                 decision |-> "pending",
                 invocations |-> 0 ] @@
           c2 :>
               [ delivery |-> "none",
                 assigned |-> FALSE,
                 headerId |-> <<0, "">>,
                 headerRound |-> -1,
                 inputVersion |-> -1,
                 result |-> "none",
                 metricKind |-> "none",
                 receipt |-> FALSE,
                 decision |-> "pending",
                 invocations |-> 0 ] ),
         ( c1 :>
               [ delivery |-> "none",
                 assigned |-> FALSE,
                 headerId |-> <<0, "">>,
                 headerRound |-> -1,
                 inputVersion |-> -1,
                 result |-> "none",
                 metricKind |-> "none",
                 receipt |-> FALSE,
                 decision |-> "pending",
                 invocations |-> 0 ] @@
           c2 :>
               [ delivery |-> "none",
                 assigned |-> FALSE,
                 headerId |-> <<0, "">>,
                 headerRound |-> -1,
                 inputVersion |-> -1,
                 result |-> "none",
                 metricKind |-> "none",
                 receipt |-> FALSE,
                 decision |-> "pending",
                 invocations |-> 0 ] ) >>,
  comm |->
      [ id |-> <<0, "">>,
        kind |-> "free",
        pc |-> "idle",
        attempt |-> 0,
        key |-> 1,
        accepted |-> FALSE,
        exit |-> "LIVE",
        writeStatus |-> FALSE,
        pending |-> {},
        deadView |-> {} ],
  runner |->
      [ id |-> <<0, "">>,
        kind |-> "free",
        pc |-> "idle",
        client |-> "",
        attempt |-> 0 ],
  requested |-> {},
  scratch |->
      [ stats |-> <<<<>>, <<>>>>,
        paramHistory |-> <<>>,
        metricStats |-> <<>>,
        metricHistory |-> <<>>,
        allMetrics |-> TRUE,
        counted |-> <<>>,
        params |-> <<<<>>, <<>>>>,
        metrics |-> <<>>,
        count |-> 0 ],
  used |->
      << [ stats |-> <<<<>>, <<>>>>,
           paramHistory |-> <<>>,
           metricStats |-> <<>>,
           metricHistory |-> <<>>,
           allMetrics |-> TRUE,
           counted |-> <<>>,
           params |-> <<<<>>, <<>>>>,
           metrics |-> <<>>,
           count |-> 0 ],
         [ stats |-> <<<<>>, <<>>>>,
           paramHistory |-> <<>>,
           metricStats |-> <<>>,
           metricHistory |-> <<>>,
           allMetrics |-> TRUE,
           counted |-> <<>>,
           params |-> <<<<>>, <<>>>>,
           metrics |-> <<>>,
           count |-> 0 ] >>,
  committed |-> {},
  saved |-> {},
  completed |-> <<>>,
  unknownSeen |-> {},
  mon |->
      [ pc |-> "policy",
        pending |-> {},
        deadView |-> {},
        reportAges |-> (c1 :> 0 @@ c2 :> 0) ] ]
/\ faults = [ before |-> 0,
  snapshot |-> 0,
  filter |-> 0,
  delivery |-> 0,
  resultError |-> 0,
  conversion |-> 0,
  param |-> 0,
  metricPrep |-> 0,
  metric |-> 0,
  ackLoss |-> 0,
  cancel |-> 0,
  dead |-> 0 ]

State 18: <MCNext line 162, col 8 to line 163, col 26 of module MC>
/\ s = [ aggr |->
      [ receivedCount |-> 0,
        failedClients |-> {},
        task |-> 1,
        applied |-> <<<<>>, <<>>>>,
        stats |-> <<<<>>, <<>>>>,
        paramHistory |-> <<>>,
        metricApplied |-> <<>>,
        metricStats |-> <<>>,
        metricHistory |-> <<>>,
        allMetrics |-> TRUE,
        counted |-> <<>> ],
  dead |->
      ( c1 :> [age |-> 0, reported |-> FALSE, disconnected |-> FALSE] @@
        c2 :> [age |-> 0, reported |-> FALSE, disconnected |-> FALSE] ),
  net |-> <<(c1 :> <<>> @@ c2 :> <<>>), (c1 :> <<>> @@ c2 :> <<>>)>>,
  wf |->
      [ abort |-> FALSE,
        pc |-> "wait",
        round |-> 1,
        sourceVersion |-> 0,
        started |-> {1},
        outcome |-> "running",
        open |-> TRUE ],
  task |->
      << [ scheduled |-> TRUE,
           standing |-> TRUE,
           status |-> "LIVE",
           sourceAtSchedule |-> 0,
           broadcastVersion |-> 0,
           assignedOrder |-> <<<<1, c1>>>>,
           age |-> 0,
           cleaned |-> FALSE,
           retiredStatus |-> "NEW",
           retiredOutstanding |-> {} ],
         [ scheduled |-> FALSE,
           standing |-> FALSE,
           status |-> "NEW",
           sourceAtSchedule |-> -1,
           broadcastVersion |-> -1,
           assignedOrder |-> <<>>,
           age |-> 0,
           cleaned |-> FALSE,
           retiredStatus |-> "NEW",
           retiredOutstanding |-> {} ] >>,
  ct |->
      << ( c1 :>
               [ delivery |-> "wire",
                 assigned |-> TRUE,
                 headerId |-> <<1, c1>>,
                 headerRound |-> 0,
                 inputVersion |-> 0,
                 result |-> "none",
                 metricKind |-> "none",
                 receipt |-> FALSE,
                 decision |-> "pending",
                 invocations |-> 0 ] @@
           c2 :>
               [ delivery |-> "none",
                 assigned |-> FALSE,
                 headerId |-> <<0, "">>,
                 headerRound |-> -1,
                 inputVersion |-> -1,
                 result |-> "none",
                 metricKind |-> "none",
                 receipt |-> FALSE,
                 decision |-> "pending",
                 invocations |-> 0 ] ),
         ( c1 :>
               [ delivery |-> "none",
                 assigned |-> FALSE,
                 headerId |-> <<0, "">>,
                 headerRound |-> -1,
                 inputVersion |-> -1,
                 result |-> "none",
                 metricKind |-> "none",
                 receipt |-> FALSE,
                 decision |-> "pending",
                 invocations |-> 0 ] @@
           c2 :>
               [ delivery |-> "none",
                 assigned |-> FALSE,
                 headerId |-> <<0, "">>,
                 headerRound |-> -1,
                 inputVersion |-> -1,
                 result |-> "none",
                 metricKind |-> "none",
                 receipt |-> FALSE,
                 decision |-> "pending",
                 invocations |-> 0 ] ) >>,
  comm |->
      [ id |-> <<0, "">>,
        kind |-> "free",
        pc |-> "idle",
        attempt |-> 0,
        key |-> 1,
        accepted |-> FALSE,
        exit |-> "LIVE",
        writeStatus |-> FALSE,
        pending |-> {},
        deadView |-> {} ],
  runner |->
      [ id |-> <<0, "">>,
        kind |-> "free",
        pc |-> "idle",
        client |-> "",
        attempt |-> 0 ],
  requested |-> {},
  scratch |->
      [ stats |-> <<<<>>, <<>>>>,
        paramHistory |-> <<>>,
        metricStats |-> <<>>,
        metricHistory |-> <<>>,
        allMetrics |-> TRUE,
        counted |-> <<>>,
        params |-> <<<<>>, <<>>>>,
        metrics |-> <<>>,
        count |-> 0 ],
  used |->
      << [ stats |-> <<<<>>, <<>>>>,
           paramHistory |-> <<>>,
           metricStats |-> <<>>,
           metricHistory |-> <<>>,
           allMetrics |-> TRUE,
           counted |-> <<>>,
           params |-> <<<<>>, <<>>>>,
           metrics |-> <<>>,
           count |-> 0 ],
         [ stats |-> <<<<>>, <<>>>>,
           paramHistory |-> <<>>,
           metricStats |-> <<>>,
           metricHistory |-> <<>>,
           allMetrics |-> TRUE,
           counted |-> <<>>,
           params |-> <<<<>>, <<>>>>,
           metrics |-> <<>>,
           count |-> 0 ] >>,
  committed |-> {},
  saved |-> {},
  completed |-> <<>>,
  unknownSeen |-> {},
  mon |->
      [ pc |-> "policy",
        pending |-> {},
        deadView |-> {},
        reportAges |-> (c1 :> 0 @@ c2 :> 0) ] ]
/\ faults = [ before |-> 0,
  snapshot |-> 0,
  filter |-> 0,
  delivery |-> 0,
  resultError |-> 0,
  conversion |-> 0,
  param |-> 0,
  metricPrep |-> 0,
  metric |-> 0,
  ackLoss |-> 0,
  cancel |-> 0,
  dead |-> 0 ]

State 19: <MCNext line 162, col 8 to line 163, col 26 of module MC>
/\ s = [ aggr |->
      [ receivedCount |-> 0,
        failedClients |-> {},
        task |-> 1,
        applied |-> <<<<>>, <<>>>>,
        stats |-> <<<<>>, <<>>>>,
        paramHistory |-> <<>>,
        metricApplied |-> <<>>,
        metricStats |-> <<>>,
        metricHistory |-> <<>>,
        allMetrics |-> TRUE,
        counted |-> <<>> ],
  dead |->
      ( c1 :> [age |-> 0, reported |-> FALSE, disconnected |-> FALSE] @@
        c2 :> [age |-> 0, reported |-> FALSE, disconnected |-> FALSE] ),
  net |-> <<(c1 :> <<>> @@ c2 :> <<>>), (c1 :> <<>> @@ c2 :> <<>>)>>,
  wf |->
      [ abort |-> FALSE,
        pc |-> "wait",
        round |-> 1,
        sourceVersion |-> 0,
        started |-> {1},
        outcome |-> "running",
        open |-> TRUE ],
  task |->
      << [ scheduled |-> TRUE,
           standing |-> TRUE,
           status |-> "LIVE",
           sourceAtSchedule |-> 0,
           broadcastVersion |-> 0,
           assignedOrder |-> <<<<1, c1>>>>,
           age |-> 0,
           cleaned |-> FALSE,
           retiredStatus |-> "NEW",
           retiredOutstanding |-> {} ],
         [ scheduled |-> FALSE,
           standing |-> FALSE,
           status |-> "NEW",
           sourceAtSchedule |-> -1,
           broadcastVersion |-> -1,
           assignedOrder |-> <<>>,
           age |-> 0,
           cleaned |-> FALSE,
           retiredStatus |-> "NEW",
           retiredOutstanding |-> {} ] >>,
  ct |->
      << ( c1 :>
               [ delivery |-> "ready",
                 assigned |-> TRUE,
                 headerId |-> <<1, c1>>,
                 headerRound |-> 0,
                 inputVersion |-> 0,
                 result |-> "none",
                 metricKind |-> "none",
                 receipt |-> FALSE,
                 decision |-> "pending",
                 invocations |-> 0 ] @@
           c2 :>
               [ delivery |-> "none",
                 assigned |-> FALSE,
                 headerId |-> <<0, "">>,
                 headerRound |-> -1,
                 inputVersion |-> -1,
                 result |-> "none",
                 metricKind |-> "none",
                 receipt |-> FALSE,
                 decision |-> "pending",
                 invocations |-> 0 ] ),
         ( c1 :>
               [ delivery |-> "none",
                 assigned |-> FALSE,
                 headerId |-> <<0, "">>,
                 headerRound |-> -1,
                 inputVersion |-> -1,
                 result |-> "none",
                 metricKind |-> "none",
                 receipt |-> FALSE,
                 decision |-> "pending",
                 invocations |-> 0 ] @@
           c2 :>
               [ delivery |-> "none",
                 assigned |-> FALSE,
                 headerId |-> <<0, "">>,
                 headerRound |-> -1,
                 inputVersion |-> -1,
                 result |-> "none",
                 metricKind |-> "none",
                 receipt |-> FALSE,
                 decision |-> "pending",
                 invocations |-> 0 ] ) >>,
  comm |->
      [ id |-> <<0, "">>,
        kind |-> "free",
        pc |-> "idle",
        attempt |-> 0,
        key |-> 1,
        accepted |-> FALSE,
        exit |-> "LIVE",
        writeStatus |-> FALSE,
        pending |-> {},
        deadView |-> {} ],
  runner |->
      [ id |-> <<0, "">>,
        kind |-> "free",
        pc |-> "idle",
        client |-> "",
        attempt |-> 0 ],
  requested |-> {},
  scratch |->
      [ stats |-> <<<<>>, <<>>>>,
        paramHistory |-> <<>>,
        metricStats |-> <<>>,
        metricHistory |-> <<>>,
        allMetrics |-> TRUE,
        counted |-> <<>>,
        params |-> <<<<>>, <<>>>>,
        metrics |-> <<>>,
        count |-> 0 ],
  used |->
      << [ stats |-> <<<<>>, <<>>>>,
           paramHistory |-> <<>>,
           metricStats |-> <<>>,
           metricHistory |-> <<>>,
           allMetrics |-> TRUE,
           counted |-> <<>>,
           params |-> <<<<>>, <<>>>>,
           metrics |-> <<>>,
           count |-> 0 ],
         [ stats |-> <<<<>>, <<>>>>,
           paramHistory |-> <<>>,
           metricStats |-> <<>>,
           metricHistory |-> <<>>,
           allMetrics |-> TRUE,
           counted |-> <<>>,
           params |-> <<<<>>, <<>>>>,
           metrics |-> <<>>,
           count |-> 0 ] >>,
  committed |-> {},
  saved |-> {},
  completed |-> <<>>,
  unknownSeen |-> {},
  mon |->
      [ pc |-> "policy",
        pending |-> {},
        deadView |-> {},
        reportAges |-> (c1 :> 0 @@ c2 :> 0) ] ]
/\ faults = [ before |-> 0,
  snapshot |-> 0,
  filter |-> 0,
  delivery |-> 0,
  resultError |-> 0,
  conversion |-> 0,
  param |-> 0,
  metricPrep |-> 0,
  metric |-> 0,
  ackLoss |-> 0,
  cancel |-> 0,
  dead |-> 0 ]

State 20: <MCNext line 162, col 8 to line 163, col 26 of module MC>
/\ s = [ aggr |->
      [ receivedCount |-> 0,
        failedClients |-> {},
        task |-> 1,
        applied |-> <<<<>>, <<>>>>,
        stats |-> <<<<>>, <<>>>>,
        paramHistory |-> <<>>,
        metricApplied |-> <<>>,
        metricStats |-> <<>>,
        metricHistory |-> <<>>,
        allMetrics |-> TRUE,
        counted |-> <<>> ],
  dead |->
      ( c1 :> [age |-> 0, reported |-> FALSE, disconnected |-> FALSE] @@
        c2 :> [age |-> 0, reported |-> FALSE, disconnected |-> FALSE] ),
  net |-> <<(c1 :> <<"check">> @@ c2 :> <<>>), (c1 :> <<>> @@ c2 :> <<>>)>>,
  wf |->
      [ abort |-> FALSE,
        pc |-> "wait",
        round |-> 1,
        sourceVersion |-> 0,
        started |-> {1},
        outcome |-> "running",
        open |-> TRUE ],
  task |->
      << [ scheduled |-> TRUE,
           standing |-> TRUE,
           status |-> "LIVE",
           sourceAtSchedule |-> 0,
           broadcastVersion |-> 0,
           assignedOrder |-> <<<<1, c1>>>>,
           age |-> 0,
           cleaned |-> FALSE,
           retiredStatus |-> "NEW",
           retiredOutstanding |-> {} ],
         [ scheduled |-> FALSE,
           standing |-> FALSE,
           status |-> "NEW",
           sourceAtSchedule |-> -1,
           broadcastVersion |-> -1,
           assignedOrder |-> <<>>,
           age |-> 0,
           cleaned |-> FALSE,
           retiredStatus |-> "NEW",
           retiredOutstanding |-> {} ] >>,
  ct |->
      << ( c1 :>
               [ delivery |-> "ready",
                 assigned |-> TRUE,
                 headerId |-> <<1, c1>>,
                 headerRound |-> 0,
                 inputVersion |-> 0,
                 result |-> "params",
                 metricKind |-> "present",
                 receipt |-> FALSE,
                 decision |-> "pending",
                 invocations |-> 0 ] @@
           c2 :>
               [ delivery |-> "none",
                 assigned |-> FALSE,
                 headerId |-> <<0, "">>,
                 headerRound |-> -1,
                 inputVersion |-> -1,
                 result |-> "none",
                 metricKind |-> "none",
                 receipt |-> FALSE,
                 decision |-> "pending",
                 invocations |-> 0 ] ),
         ( c1 :>
               [ delivery |-> "none",
                 assigned |-> FALSE,
                 headerId |-> <<0, "">>,
                 headerRound |-> -1,
                 inputVersion |-> -1,
                 result |-> "none",
                 metricKind |-> "none",
                 receipt |-> FALSE,
                 decision |-> "pending",
                 invocations |-> 0 ] @@
           c2 :>
               [ delivery |-> "none",
                 assigned |-> FALSE,
                 headerId |-> <<0, "">>,
                 headerRound |-> -1,
                 inputVersion |-> -1,
                 result |-> "none",
                 metricKind |-> "none",
                 receipt |-> FALSE,
                 decision |-> "pending",
                 invocations |-> 0 ] ) >>,
  comm |->
      [ id |-> <<0, "">>,
        kind |-> "free",
        pc |-> "idle",
        attempt |-> 0,
        key |-> 1,
        accepted |-> FALSE,
        exit |-> "LIVE",
        writeStatus |-> FALSE,
        pending |-> {},
        deadView |-> {} ],
  runner |->
      [ id |-> <<0, "">>,
        kind |-> "free",
        pc |-> "idle",
        client |-> "",
        attempt |-> 0 ],
  requested |-> {},
  scratch |->
      [ stats |-> <<<<>>, <<>>>>,
        paramHistory |-> <<>>,
        metricStats |-> <<>>,
        metricHistory |-> <<>>,
        allMetrics |-> TRUE,
        counted |-> <<>>,
        params |-> <<<<>>, <<>>>>,
        metrics |-> <<>>,
        count |-> 0 ],
  used |->
      << [ stats |-> <<<<>>, <<>>>>,
           paramHistory |-> <<>>,
           metricStats |-> <<>>,
           metricHistory |-> <<>>,
           allMetrics |-> TRUE,
           counted |-> <<>>,
           params |-> <<<<>>, <<>>>>,
           metrics |-> <<>>,
           count |-> 0 ],
         [ stats |-> <<<<>>, <<>>>>,
           paramHistory |-> <<>>,
           metricStats |-> <<>>,
           metricHistory |-> <<>>,
           allMetrics |-> TRUE,
           counted |-> <<>>,
           params |-> <<<<>>, <<>>>>,
           metrics |-> <<>>,
           count |-> 0 ] >>,
  committed |-> {},
  saved |-> {},
  completed |-> <<>>,
  unknownSeen |-> {},
  mon |->
      [ pc |-> "policy",
        pending |-> {},
        deadView |-> {},
        reportAges |-> (c1 :> 0 @@ c2 :> 0) ] ]
/\ faults = [ before |-> 0,
  snapshot |-> 0,
  filter |-> 0,
  delivery |-> 0,
  resultError |-> 0,
  conversion |-> 0,
  param |-> 0,
  metricPrep |-> 0,
  metric |-> 0,
  ackLoss |-> 0,
  cancel |-> 0,
  dead |-> 0 ]

State 21: <MCNext line 162, col 8 to line 163, col 26 of module MC>
/\ s = [ aggr |->
      [ receivedCount |-> 0,
        failedClients |-> {},
        task |-> 1,
        applied |-> <<<<>>, <<>>>>,
        stats |-> <<<<>>, <<>>>>,
        paramHistory |-> <<>>,
        metricApplied |-> <<>>,
        metricStats |-> <<>>,
        metricHistory |-> <<>>,
        allMetrics |-> TRUE,
        counted |-> <<>> ],
  dead |->
      ( c1 :> [age |-> 0, reported |-> FALSE, disconnected |-> FALSE] @@
        c2 :> [age |-> 0, reported |-> FALSE, disconnected |-> FALSE] ),
  net |-> <<(c1 :> <<"check">> @@ c2 :> <<>>), (c1 :> <<>> @@ c2 :> <<>>)>>,
  wf |->
      [ abort |-> FALSE,
        pc |-> "wait",
        round |-> 1,
        sourceVersion |-> 0,
        started |-> {1},
        outcome |-> "running",
        open |-> TRUE ],
  task |->
      << [ scheduled |-> TRUE,
           standing |-> TRUE,
           status |-> "LIVE",
           sourceAtSchedule |-> 0,
           broadcastVersion |-> 0,
           assignedOrder |-> <<<<1, c1>>>>,
           age |-> 0,
           cleaned |-> FALSE,
           retiredStatus |-> "NEW",
           retiredOutstanding |-> {} ],
         [ scheduled |-> FALSE,
           standing |-> FALSE,
           status |-> "NEW",
           sourceAtSchedule |-> -1,
           broadcastVersion |-> -1,
           assignedOrder |-> <<>>,
           age |-> 0,
           cleaned |-> FALSE,
           retiredStatus |-> "NEW",
           retiredOutstanding |-> {} ] >>,
  ct |->
      << ( c1 :>
               [ delivery |-> "ready",
                 assigned |-> TRUE,
                 headerId |-> <<1, c1>>,
                 headerRound |-> 0,
                 inputVersion |-> 0,
                 result |-> "params",
                 metricKind |-> "present",
                 receipt |-> FALSE,
                 decision |-> "pending",
                 invocations |-> 0 ] @@
           c2 :>
               [ delivery |-> "none",
                 assigned |-> FALSE,
                 headerId |-> <<0, "">>,
                 headerRound |-> -1,
                 inputVersion |-> -1,
                 result |-> "none",
                 metricKind |-> "none",
                 receipt |-> FALSE,
                 decision |-> "pending",
                 invocations |-> 0 ] ),
         ( c1 :>
               [ delivery |-> "none",
                 assigned |-> FALSE,
                 headerId |-> <<0, "">>,
                 headerRound |-> -1,
                 inputVersion |-> -1,
                 result |-> "none",
                 metricKind |-> "none",
                 receipt |-> FALSE,
                 decision |-> "pending",
                 invocations |-> 0 ] @@
           c2 :>
               [ delivery |-> "none",
                 assigned |-> FALSE,
                 headerId |-> <<0, "">>,
                 headerRound |-> -1,
                 inputVersion |-> -1,
                 result |-> "none",
                 metricKind |-> "none",
                 receipt |-> FALSE,
                 decision |-> "pending",
                 invocations |-> 0 ] ) >>,
  comm |->
      [ id |-> <<0, "">>,
        kind |-> "free",
        pc |-> "idle",
        attempt |-> 0,
        key |-> 1,
        accepted |-> FALSE,
        exit |-> "LIVE",
        writeStatus |-> FALSE,
        pending |-> {},
        deadView |-> {} ],
  runner |->
      [ id |-> <<0, "">>,
        kind |-> "free",
        pc |-> "idle",
        client |-> "",
        attempt |-> 0 ],
  requested |-> {},
  scratch |->
      [ stats |-> <<<<>>, <<>>>>,
        paramHistory |-> <<>>,
        metricStats |-> <<>>,
        metricHistory |-> <<>>,
        allMetrics |-> TRUE,
        counted |-> <<>>,
        params |-> <<<<>>, <<>>>>,
        metrics |-> <<>>,
        count |-> 0 ],
  used |->
      << [ stats |-> <<<<>>, <<>>>>,
           paramHistory |-> <<>>,
           metricStats |-> <<>>,
           metricHistory |-> <<>>,
           allMetrics |-> TRUE,
           counted |-> <<>>,
           params |-> <<<<>>, <<>>>>,
           metrics |-> <<>>,
           count |-> 0 ],
         [ stats |-> <<<<>>, <<>>>>,
           paramHistory |-> <<>>,
           metricStats |-> <<>>,
           metricHistory |-> <<>>,
           allMetrics |-> TRUE,
           counted |-> <<>>,
           params |-> <<<<>>, <<>>>>,
           metrics |-> <<>>,
           count |-> 0 ] >>,
  committed |-> {},
  saved |-> {},
  completed |-> <<>>,
  unknownSeen |-> {},
  mon |->
      [ pc |-> "acquire",
        pending |-> {},
        deadView |-> {},
        reportAges |-> (c1 :> 0 @@ c2 :> 0) ] ]
/\ faults = [ before |-> 0,
  snapshot |-> 0,
  filter |-> 0,
  delivery |-> 0,
  resultError |-> 0,
  conversion |-> 0,
  param |-> 0,
  metricPrep |-> 0,
  metric |-> 0,
  ackLoss |-> 0,
  cancel |-> 0,
  dead |-> 0 ]

State 22: <MCNext line 162, col 8 to line 163, col 26 of module MC>
/\ s = [ aggr |->
      [ receivedCount |-> 0,
        failedClients |-> {},
        task |-> 1,
        applied |-> <<<<>>, <<>>>>,
        stats |-> <<<<>>, <<>>>>,
        paramHistory |-> <<>>,
        metricApplied |-> <<>>,
        metricStats |-> <<>>,
        metricHistory |-> <<>>,
        allMetrics |-> TRUE,
        counted |-> <<>> ],
  dead |->
      ( c1 :> [age |-> 0, reported |-> FALSE, disconnected |-> FALSE] @@
        c2 :> [age |-> 0, reported |-> FALSE, disconnected |-> FALSE] ),
  net |-> <<(c1 :> <<"checking">> @@ c2 :> <<>>), (c1 :> <<>> @@ c2 :> <<>>)>>,
  wf |->
      [ abort |-> FALSE,
        pc |-> "wait",
        round |-> 1,
        sourceVersion |-> 0,
        started |-> {1},
        outcome |-> "running",
        open |-> TRUE ],
  task |->
      << [ scheduled |-> TRUE,
           standing |-> TRUE,
           status |-> "LIVE",
           sourceAtSchedule |-> 0,
           broadcastVersion |-> 0,
           assignedOrder |-> <<<<1, c1>>>>,
           age |-> 0,
           cleaned |-> FALSE,
           retiredStatus |-> "NEW",
           retiredOutstanding |-> {} ],
         [ scheduled |-> FALSE,
           standing |-> FALSE,
           status |-> "NEW",
           sourceAtSchedule |-> -1,
           broadcastVersion |-> -1,
           assignedOrder |-> <<>>,
           age |-> 0,
           cleaned |-> FALSE,
           retiredStatus |-> "NEW",
           retiredOutstanding |-> {} ] >>,
  ct |->
      << ( c1 :>
               [ delivery |-> "ready",
                 assigned |-> TRUE,
                 headerId |-> <<1, c1>>,
                 headerRound |-> 0,
                 inputVersion |-> 0,
                 result |-> "params",
                 metricKind |-> "present",
                 receipt |-> FALSE,
                 decision |-> "pending",
                 invocations |-> 0 ] @@
           c2 :>
               [ delivery |-> "none",
                 assigned |-> FALSE,
                 headerId |-> <<0, "">>,
                 headerRound |-> -1,
                 inputVersion |-> -1,
                 result |-> "none",
                 metricKind |-> "none",
                 receipt |-> FALSE,
                 decision |-> "pending",
                 invocations |-> 0 ] ),
         ( c1 :>
               [ delivery |-> "none",
                 assigned |-> FALSE,
                 headerId |-> <<0, "">>,
                 headerRound |-> -1,
                 inputVersion |-> -1,
                 result |-> "none",
                 metricKind |-> "none",
                 receipt |-> FALSE,
                 decision |-> "pending",
                 invocations |-> 0 ] @@
           c2 :>
               [ delivery |-> "none",
                 assigned |-> FALSE,
                 headerId |-> <<0, "">>,
                 headerRound |-> -1,
                 inputVersion |-> -1,
                 result |-> "none",
                 metricKind |-> "none",
                 receipt |-> FALSE,
                 decision |-> "pending",
                 invocations |-> 0 ] ) >>,
  comm |->
      [ id |-> <<0, "">>,
        kind |-> "free",
        pc |-> "idle",
        attempt |-> 0,
        key |-> 1,
        accepted |-> FALSE,
        exit |-> "LIVE",
        writeStatus |-> FALSE,
        pending |-> {},
        deadView |-> {} ],
  runner |->
      [ id |-> <<0, "">>,
        kind |-> "free",
        pc |-> "idle",
        client |-> "",
        attempt |-> 0 ],
  requested |-> {},
  scratch |->
      [ stats |-> <<<<>>, <<>>>>,
        paramHistory |-> <<>>,
        metricStats |-> <<>>,
        metricHistory |-> <<>>,
        allMetrics |-> TRUE,
        counted |-> <<>>,
        params |-> <<<<>>, <<>>>>,
        metrics |-> <<>>,
        count |-> 0 ],
  used |->
      << [ stats |-> <<<<>>, <<>>>>,
           paramHistory |-> <<>>,
           metricStats |-> <<>>,
           metricHistory |-> <<>>,
           allMetrics |-> TRUE,
           counted |-> <<>>,
           params |-> <<<<>>, <<>>>>,
           metrics |-> <<>>,
           count |-> 0 ],
         [ stats |-> <<<<>>, <<>>>>,
           paramHistory |-> <<>>,
           metricStats |-> <<>>,
           metricHistory |-> <<>>,
           allMetrics |-> TRUE,
           counted |-> <<>>,
           params |-> <<<<>>, <<>>>>,
           metrics |-> <<>>,
           count |-> 0 ] >>,
  committed |-> {},
  saved |-> {},
  completed |-> <<>>,
  unknownSeen |-> {},
  mon |->
      [ pc |-> "acquire",
        pending |-> {},
        deadView |-> {},
        reportAges |-> (c1 :> 0 @@ c2 :> 0) ] ]
/\ faults = [ before |-> 0,
  snapshot |-> 0,
  filter |-> 0,
  delivery |-> 0,
  resultError |-> 0,
  conversion |-> 0,
  param |-> 0,
  metricPrep |-> 0,
  metric |-> 0,
  ackLoss |-> 0,
  cancel |-> 0,
  dead |-> 0 ]

State 23: <MCNext line 162, col 8 to line 163, col 26 of module MC>
/\ s = [ aggr |->
      [ receivedCount |-> 0,
        failedClients |-> {},
        task |-> 1,
        applied |-> <<<<>>, <<>>>>,
        stats |-> <<<<>>, <<>>>>,
        paramHistory |-> <<>>,
        metricApplied |-> <<>>,
        metricStats |-> <<>>,
        metricHistory |-> <<>>,
        allMetrics |-> TRUE,
        counted |-> <<>> ],
  dead |->
      ( c1 :> [age |-> 0, reported |-> FALSE, disconnected |-> FALSE] @@
        c2 :> [age |-> 0, reported |-> FALSE, disconnected |-> FALSE] ),
  net |-> <<(c1 :> <<"queued">> @@ c2 :> <<>>), (c1 :> <<>> @@ c2 :> <<>>)>>,
  wf |->
      [ abort |-> FALSE,
        pc |-> "wait",
        round |-> 1,
        sourceVersion |-> 0,
        started |-> {1},
        outcome |-> "running",
        open |-> TRUE ],
  task |->
      << [ scheduled |-> TRUE,
           standing |-> TRUE,
           status |-> "LIVE",
           sourceAtSchedule |-> 0,
           broadcastVersion |-> 0,
           assignedOrder |-> <<<<1, c1>>>>,
           age |-> 0,
           cleaned |-> FALSE,
           retiredStatus |-> "NEW",
           retiredOutstanding |-> {} ],
         [ scheduled |-> FALSE,
           standing |-> FALSE,
           status |-> "NEW",
           sourceAtSchedule |-> -1,
           broadcastVersion |-> -1,
           assignedOrder |-> <<>>,
           age |-> 0,
           cleaned |-> FALSE,
           retiredStatus |-> "NEW",
           retiredOutstanding |-> {} ] >>,
  ct |->
      << ( c1 :>
               [ delivery |-> "ready",
                 assigned |-> TRUE,
                 headerId |-> <<1, c1>>,
                 headerRound |-> 0,
                 inputVersion |-> 0,
                 result |-> "params",
                 metricKind |-> "present",
                 receipt |-> FALSE,
                 decision |-> "pending",
                 invocations |-> 0 ] @@
           c2 :>
               [ delivery |-> "none",
                 assigned |-> FALSE,
                 headerId |-> <<0, "">>,
                 headerRound |-> -1,
                 inputVersion |-> -1,
                 result |-> "none",
                 metricKind |-> "none",
                 receipt |-> FALSE,
                 decision |-> "pending",
                 invocations |-> 0 ] ),
         ( c1 :>
               [ delivery |-> "none",
                 assigned |-> FALSE,
                 headerId |-> <<0, "">>,
                 headerRound |-> -1,
                 inputVersion |-> -1,
                 result |-> "none",
                 metricKind |-> "none",
                 receipt |-> FALSE,
                 decision |-> "pending",
                 invocations |-> 0 ] @@
           c2 :>
               [ delivery |-> "none",
                 assigned |-> FALSE,
                 headerId |-> <<0, "">>,
                 headerRound |-> -1,
                 inputVersion |-> -1,
                 result |-> "none",
                 metricKind |-> "none",
                 receipt |-> FALSE,
                 decision |-> "pending",
                 invocations |-> 0 ] ) >>,
  comm |->
      [ id |-> <<0, "">>,
        kind |-> "free",
        pc |-> "idle",
        attempt |-> 0,
        key |-> 1,
        accepted |-> FALSE,
        exit |-> "LIVE",
        writeStatus |-> FALSE,
        pending |-> {},
        deadView |-> {} ],
  runner |->
      [ id |-> <<0, "">>,
        kind |-> "free",
        pc |-> "idle",
        client |-> "",
        attempt |-> 0 ],
  requested |-> {},
  scratch |->
      [ stats |-> <<<<>>, <<>>>>,
        paramHistory |-> <<>>,
        metricStats |-> <<>>,
        metricHistory |-> <<>>,
        allMetrics |-> TRUE,
        counted |-> <<>>,
        params |-> <<<<>>, <<>>>>,
        metrics |-> <<>>,
        count |-> 0 ],
  used |->
      << [ stats |-> <<<<>>, <<>>>>,
           paramHistory |-> <<>>,
           metricStats |-> <<>>,
           metricHistory |-> <<>>,
           allMetrics |-> TRUE,
           counted |-> <<>>,
           params |-> <<<<>>, <<>>>>,
           metrics |-> <<>>,
           count |-> 0 ],
         [ stats |-> <<<<>>, <<>>>>,
           paramHistory |-> <<>>,
           metricStats |-> <<>>,
           metricHistory |-> <<>>,
           allMetrics |-> TRUE,
           counted |-> <<>>,
           params |-> <<<<>>, <<>>>>,
           metrics |-> <<>>,
           count |-> 0 ] >>,
  committed |-> {},
  saved |-> {},
  completed |-> <<>>,
  unknownSeen |-> {},
  mon |->
      [ pc |-> "acquire",
        pending |-> {},
        deadView |-> {},
        reportAges |-> (c1 :> 0 @@ c2 :> 0) ] ]
/\ faults = [ before |-> 0,
  snapshot |-> 0,
  filter |-> 0,
  delivery |-> 0,
  resultError |-> 0,
  conversion |-> 0,
  param |-> 0,
  metricPrep |-> 0,
  metric |-> 0,
  ackLoss |-> 0,
  cancel |-> 0,
  dead |-> 0 ]

State 24: <MCNext line 162, col 8 to line 163, col 26 of module MC>
/\ s = [ aggr |->
      [ receivedCount |-> 0,
        failedClients |-> {},
        task |-> 1,
        applied |-> <<<<>>, <<>>>>,
        stats |-> <<<<>>, <<>>>>,
        paramHistory |-> <<>>,
        metricApplied |-> <<>>,
        metricStats |-> <<>>,
        metricHistory |-> <<>>,
        allMetrics |-> TRUE,
        counted |-> <<>> ],
  dead |->
      ( c1 :> [age |-> 0, reported |-> FALSE, disconnected |-> FALSE] @@
        c2 :> [age |-> 0, reported |-> FALSE, disconnected |-> FALSE] ),
  net |-> <<(c1 :> <<"queued">> @@ c2 :> <<>>), (c1 :> <<>> @@ c2 :> <<>>)>>,
  wf |->
      [ abort |-> FALSE,
        pc |-> "wait",
        round |-> 1,
        sourceVersion |-> 0,
        started |-> {1},
        outcome |-> "running",
        open |-> TRUE ],
  task |->
      << [ scheduled |-> TRUE,
           standing |-> TRUE,
           status |-> "LIVE",
           sourceAtSchedule |-> 0,
           broadcastVersion |-> 0,
           assignedOrder |-> <<<<1, c1>>>>,
           age |-> 0,
           cleaned |-> FALSE,
           retiredStatus |-> "NEW",
           retiredOutstanding |-> {} ],
         [ scheduled |-> FALSE,
           standing |-> FALSE,
           status |-> "NEW",
           sourceAtSchedule |-> -1,
           broadcastVersion |-> -1,
           assignedOrder |-> <<>>,
           age |-> 0,
           cleaned |-> FALSE,
           retiredStatus |-> "NEW",
           retiredOutstanding |-> {} ] >>,
  ct |->
      << ( c1 :>
               [ delivery |-> "ready",
                 assigned |-> TRUE,
                 headerId |-> <<1, c1>>,
                 headerRound |-> 0,
                 inputVersion |-> 0,
                 result |-> "params",
                 metricKind |-> "present",
                 receipt |-> FALSE,
                 decision |-> "pending",
                 invocations |-> 0 ] @@
           c2 :>
               [ delivery |-> "none",
                 assigned |-> FALSE,
                 headerId |-> <<0, "">>,
                 headerRound |-> -1,
                 inputVersion |-> -1,
                 result |-> "none",
                 metricKind |-> "none",
                 receipt |-> FALSE,
                 decision |-> "pending",
                 invocations |-> 0 ] ),
         ( c1 :>
               [ delivery |-> "none",
                 assigned |-> FALSE,
                 headerId |-> <<0, "">>,
                 headerRound |-> -1,
                 inputVersion |-> -1,
                 result |-> "none",
                 metricKind |-> "none",
                 receipt |-> FALSE,
                 decision |-> "pending",
                 invocations |-> 0 ] @@
           c2 :>
               [ delivery |-> "none",
                 assigned |-> FALSE,
                 headerId |-> <<0, "">>,
                 headerRound |-> -1,
                 inputVersion |-> -1,
                 result |-> "none",
                 metricKind |-> "none",
                 receipt |-> FALSE,
                 decision |-> "pending",
                 invocations |-> 0 ] ) >>,
  comm |->
      [ id |-> <<0, "">>,
        kind |-> "free",
        pc |-> "idle",
        attempt |-> 0,
        key |-> 1,
        accepted |-> FALSE,
        exit |-> "LIVE",
        writeStatus |-> FALSE,
        pending |-> {},
        deadView |-> {} ],
  runner |->
      [ id |-> <<1, c1>>,
        kind |-> "submit",
        pc |-> "activity",
        client |-> "",
        attempt |-> 1 ],
  requested |-> {},
  scratch |->
      [ stats |-> <<<<>>, <<>>>>,
        paramHistory |-> <<>>,
        metricStats |-> <<>>,
        metricHistory |-> <<>>,
        allMetrics |-> TRUE,
        counted |-> <<>>,
        params |-> <<<<>>, <<>>>>,
        metrics |-> <<>>,
        count |-> 0 ],
  used |->
      << [ stats |-> <<<<>>, <<>>>>,
           paramHistory |-> <<>>,
           metricStats |-> <<>>,
           metricHistory |-> <<>>,
           allMetrics |-> TRUE,
           counted |-> <<>>,
           params |-> <<<<>>, <<>>>>,
           metrics |-> <<>>,
           count |-> 0 ],
         [ stats |-> <<<<>>, <<>>>>,
           paramHistory |-> <<>>,
           metricStats |-> <<>>,
           metricHistory |-> <<>>,
           allMetrics |-> TRUE,
           counted |-> <<>>,
           params |-> <<<<>>, <<>>>>,
           metrics |-> <<>>,
           count |-> 0 ] >>,
  committed |-> {},
  saved |-> {},
  completed |-> <<>>,
  unknownSeen |-> {},
  mon |->
      [ pc |-> "acquire",
        pending |-> {},
        deadView |-> {},
        reportAges |-> (c1 :> 0 @@ c2 :> 0) ] ]
/\ faults = [ before |-> 0,
  snapshot |-> 0,
  filter |-> 0,
  delivery |-> 0,
  resultError |-> 0,
  conversion |-> 0,
  param |-> 0,
  metricPrep |-> 0,
  metric |-> 0,
  ackLoss |-> 0,
  cancel |-> 0,
  dead |-> 0 ]

State 25: <MCNext line 162, col 8 to line 163, col 26 of module MC>
/\ s = [ aggr |->
      [ receivedCount |-> 0,
        failedClients |-> {},
        task |-> 1,
        applied |-> <<<<>>, <<>>>>,
        stats |-> <<<<>>, <<>>>>,
        paramHistory |-> <<>>,
        metricApplied |-> <<>>,
        metricStats |-> <<>>,
        metricHistory |-> <<>>,
        allMetrics |-> TRUE,
        counted |-> <<>> ],
  dead |->
      ( c1 :> [age |-> 0, reported |-> FALSE, disconnected |-> FALSE] @@
        c2 :> [age |-> 0, reported |-> FALSE, disconnected |-> FALSE] ),
  net |-> <<(c1 :> <<"queued">> @@ c2 :> <<>>), (c1 :> <<>> @@ c2 :> <<>>)>>,
  wf |->
      [ abort |-> FALSE,
        pc |-> "wait",
        round |-> 1,
        sourceVersion |-> 0,
        started |-> {1},
        outcome |-> "running",
        open |-> TRUE ],
  task |->
      << [ scheduled |-> TRUE,
           standing |-> TRUE,
           status |-> "LIVE",
           sourceAtSchedule |-> 0,
           broadcastVersion |-> 0,
           assignedOrder |-> <<<<1, c1>>>>,
           age |-> 0,
           cleaned |-> FALSE,
           retiredStatus |-> "NEW",
           retiredOutstanding |-> {} ],
         [ scheduled |-> FALSE,
           standing |-> FALSE,
           status |-> "NEW",
           sourceAtSchedule |-> -1,
           broadcastVersion |-> -1,
           assignedOrder |-> <<>>,
           age |-> 0,
           cleaned |-> FALSE,
           retiredStatus |-> "NEW",
           retiredOutstanding |-> {} ] >>,
  ct |->
      << ( c1 :>
               [ delivery |-> "ready",
                 assigned |-> TRUE,
                 headerId |-> <<1, c1>>,
                 headerRound |-> 0,
                 inputVersion |-> 0,
                 result |-> "params",
                 metricKind |-> "present",
                 receipt |-> FALSE,
                 decision |-> "pending",
                 invocations |-> 0 ] @@
           c2 :>
               [ delivery |-> "none",
                 assigned |-> FALSE,
                 headerId |-> <<0, "">>,
                 headerRound |-> -1,
                 inputVersion |-> -1,
                 result |-> "none",
                 metricKind |-> "none",
                 receipt |-> FALSE,
                 decision |-> "pending",
                 invocations |-> 0 ] ),
         ( c1 :>
               [ delivery |-> "none",
                 assigned |-> FALSE,
                 headerId |-> <<0, "">>,
                 headerRound |-> -1,
                 inputVersion |-> -1,
                 result |-> "none",
                 metricKind |-> "none",
                 receipt |-> FALSE,
                 decision |-> "pending",
                 invocations |-> 0 ] @@
           c2 :>
               [ delivery |-> "none",
                 assigned |-> FALSE,
                 headerId |-> <<0, "">>,
                 headerRound |-> -1,
                 inputVersion |-> -1,
                 result |-> "none",
                 metricKind |-> "none",
                 receipt |-> FALSE,
                 decision |-> "pending",
                 invocations |-> 0 ] ) >>,
  comm |->
      [ id |-> <<0, "">>,
        kind |-> "free",
        pc |-> "idle",
        attempt |-> 0,
        key |-> 1,
        accepted |-> FALSE,
        exit |-> "LIVE",
        writeStatus |-> FALSE,
        pending |-> {},
        deadView |-> {} ],
  runner |->
      [ id |-> <<1, c1>>,
        kind |-> "submit",
        pc |-> "commWait",
        client |-> "",
        attempt |-> 1 ],
  requested |-> {},
  scratch |->
      [ stats |-> <<<<>>, <<>>>>,
        paramHistory |-> <<>>,
        metricStats |-> <<>>,
        metricHistory |-> <<>>,
        allMetrics |-> TRUE,
        counted |-> <<>>,
        params |-> <<<<>>, <<>>>>,
        metrics |-> <<>>,
        count |-> 0 ],
  used |->
      << [ stats |-> <<<<>>, <<>>>>,
           paramHistory |-> <<>>,
           metricStats |-> <<>>,
           metricHistory |-> <<>>,
           allMetrics |-> TRUE,
           counted |-> <<>>,
           params |-> <<<<>>, <<>>>>,
           metrics |-> <<>>,
           count |-> 0 ],
         [ stats |-> <<<<>>, <<>>>>,
           paramHistory |-> <<>>,
           metricStats |-> <<>>,
           metricHistory |-> <<>>,
           allMetrics |-> TRUE,
           counted |-> <<>>,
           params |-> <<<<>>, <<>>>>,
           metrics |-> <<>>,
           count |-> 0 ] >>,
  committed |-> {},
  saved |-> {},
  completed |-> <<>>,
  unknownSeen |-> {},
  mon |->
      [ pc |-> "acquire",
        pending |-> {},
        deadView |-> {},
        reportAges |-> (c1 :> 0 @@ c2 :> 0) ] ]
/\ faults = [ before |-> 0,
  snapshot |-> 0,
  filter |-> 0,
  delivery |-> 0,
  resultError |-> 0,
  conversion |-> 0,
  param |-> 0,
  metricPrep |-> 0,
  metric |-> 0,
  ackLoss |-> 0,
  cancel |-> 0,
  dead |-> 0 ]

State 26: <MCNext line 162, col 8 to line 163, col 26 of module MC>
/\ s = [ aggr |->
      [ receivedCount |-> 0,
        failedClients |-> {},
        task |-> 1,
        applied |-> <<<<>>, <<>>>>,
        stats |-> <<<<>>, <<>>>>,
        paramHistory |-> <<>>,
        metricApplied |-> <<>>,
        metricStats |-> <<>>,
        metricHistory |-> <<>>,
        allMetrics |-> TRUE,
        counted |-> <<>> ],
  dead |->
      ( c1 :> [age |-> 0, reported |-> FALSE, disconnected |-> FALSE] @@
        c2 :> [age |-> 0, reported |-> FALSE, disconnected |-> FALSE] ),
  net |-> <<(c1 :> <<"queued">> @@ c2 :> <<>>), (c1 :> <<>> @@ c2 :> <<>>)>>,
  wf |->
      [ abort |-> FALSE,
        pc |-> "wait",
        round |-> 1,
        sourceVersion |-> 0,
        started |-> {1},
        outcome |-> "running",
        open |-> TRUE ],
  task |->
      << [ scheduled |-> TRUE,
           standing |-> TRUE,
           status |-> "LIVE",
           sourceAtSchedule |-> 0,
           broadcastVersion |-> 0,
           assignedOrder |-> <<<<1, c1>>>>,
           age |-> 0,
           cleaned |-> FALSE,
           retiredStatus |-> "NEW",
           retiredOutstanding |-> {} ],
         [ scheduled |-> FALSE,
           standing |-> FALSE,
           status |-> "NEW",
           sourceAtSchedule |-> -1,
           broadcastVersion |-> -1,
           assignedOrder |-> <<>>,
           age |-> 0,
           cleaned |-> FALSE,
           retiredStatus |-> "NEW",
           retiredOutstanding |-> {} ] >>,
  ct |->
      << ( c1 :>
               [ delivery |-> "ready",
                 assigned |-> TRUE,
                 headerId |-> <<1, c1>>,
                 headerRound |-> 0,
                 inputVersion |-> 0,
                 result |-> "params",
                 metricKind |-> "present",
                 receipt |-> FALSE,
                 decision |-> "pending",
                 invocations |-> 0 ] @@
           c2 :>
               [ delivery |-> "none",
                 assigned |-> FALSE,
                 headerId |-> <<0, "">>,
                 headerRound |-> -1,
                 inputVersion |-> -1,
                 result |-> "none",
                 metricKind |-> "none",
                 receipt |-> FALSE,
                 decision |-> "pending",
                 invocations |-> 0 ] ),
         ( c1 :>
               [ delivery |-> "none",
                 assigned |-> FALSE,
                 headerId |-> <<0, "">>,
                 headerRound |-> -1,
                 inputVersion |-> -1,
                 result |-> "none",
                 metricKind |-> "none",
                 receipt |-> FALSE,
                 decision |-> "pending",
                 invocations |-> 0 ] @@
           c2 :>
               [ delivery |-> "none",
                 assigned |-> FALSE,
                 headerId |-> <<0, "">>,
                 headerRound |-> -1,
                 inputVersion |-> -1,
                 result |-> "none",
                 metricKind |-> "none",
                 receipt |-> FALSE,
                 decision |-> "pending",
                 invocations |-> 0 ] ) >>,
  comm |->
      [ id |-> <<1, c1>>,
        kind |-> "submit",
        pc |-> "dispatch",
        attempt |-> 1,
        key |-> 1,
        accepted |-> FALSE,
        exit |-> "LIVE",
        writeStatus |-> FALSE,
        pending |-> {},
        deadView |-> {} ],
  runner |->
      [ id |-> <<1, c1>>,
        kind |-> "submit",
        pc |-> "busy",
        client |-> "",
        attempt |-> 1 ],
  requested |-> {},
  scratch |->
      [ stats |-> <<<<>>, <<>>>>,
        paramHistory |-> <<>>,
        metricStats |-> <<>>,
        metricHistory |-> <<>>,
        allMetrics |-> TRUE,
        counted |-> <<>>,
        params |-> <<<<>>, <<>>>>,
        metrics |-> <<>>,
        count |-> 0 ],
  used |->
      << [ stats |-> <<<<>>, <<>>>>,
           paramHistory |-> <<>>,
           metricStats |-> <<>>,
           metricHistory |-> <<>>,
           allMetrics |-> TRUE,
           counted |-> <<>>,
           params |-> <<<<>>, <<>>>>,
           metrics |-> <<>>,
           count |-> 0 ],
         [ stats |-> <<<<>>, <<>>>>,
           paramHistory |-> <<>>,
           metricStats |-> <<>>,
           metricHistory |-> <<>>,
           allMetrics |-> TRUE,
           counted |-> <<>>,
           params |-> <<<<>>, <<>>>>,
           metrics |-> <<>>,
           count |-> 0 ] >>,
  committed |-> {},
  saved |-> {},
  completed |-> <<>>,
  unknownSeen |-> {},
  mon |->
      [ pc |-> "acquire",
        pending |-> {},
        deadView |-> {},
        reportAges |-> (c1 :> 0 @@ c2 :> 0) ] ]
/\ faults = [ before |-> 0,
  snapshot |-> 0,
  filter |-> 0,
  delivery |-> 0,
  resultError |-> 0,
  conversion |-> 0,
  param |-> 0,
  metricPrep |-> 0,
  metric |-> 0,
  ackLoss |-> 0,
  cancel |-> 0,
  dead |-> 0 ]

State 27: <MCNext line 162, col 8 to line 163, col 26 of module MC>
/\ s = [ aggr |->
      [ receivedCount |-> 0,
        failedClients |-> {},
        task |-> 1,
        applied |-> <<<<>>, <<>>>>,
        stats |-> <<<<>>, <<>>>>,
        paramHistory |-> <<>>,
        metricApplied |-> <<>>,
        metricStats |-> <<>>,
        metricHistory |-> <<>>,
        allMetrics |-> TRUE,
        counted |-> <<>> ],
  dead |->
      ( c1 :> [age |-> 0, reported |-> FALSE, disconnected |-> FALSE] @@
        c2 :> [age |-> 0, reported |-> FALSE, disconnected |-> FALSE] ),
  net |-> <<(c1 :> <<"queued">> @@ c2 :> <<>>), (c1 :> <<>> @@ c2 :> <<>>)>>,
  wf |->
      [ abort |-> FALSE,
        pc |-> "wait",
        round |-> 1,
        sourceVersion |-> 0,
        started |-> {1},
        outcome |-> "running",
        open |-> TRUE ],
  task |->
      << [ scheduled |-> TRUE,
           standing |-> TRUE,
           status |-> "LIVE",
           sourceAtSchedule |-> 0,
           broadcastVersion |-> 0,
           assignedOrder |-> <<<<1, c1>>>>,
           age |-> 0,
           cleaned |-> FALSE,
           retiredStatus |-> "NEW",
           retiredOutstanding |-> {} ],
         [ scheduled |-> FALSE,
           standing |-> FALSE,
           status |-> "NEW",
           sourceAtSchedule |-> -1,
           broadcastVersion |-> -1,
           assignedOrder |-> <<>>,
           age |-> 0,
           cleaned |-> FALSE,
           retiredStatus |-> "NEW",
           retiredOutstanding |-> {} ] >>,
  ct |->
      << ( c1 :>
               [ delivery |-> "ready",
                 assigned |-> TRUE,
                 headerId |-> <<1, c1>>,
                 headerRound |-> 0,
                 inputVersion |-> 0,
                 result |-> "params",
                 metricKind |-> "present",
                 receipt |-> FALSE,
                 decision |-> "pending",
                 invocations |-> 0 ] @@
           c2 :>
               [ delivery |-> "none",
                 assigned |-> FALSE,
                 headerId |-> <<0, "">>,
                 headerRound |-> -1,
                 inputVersion |-> -1,
                 result |-> "none",
                 metricKind |-> "none",
                 receipt |-> FALSE,
                 decision |-> "pending",
                 invocations |-> 0 ] ),
         ( c1 :>
               [ delivery |-> "none",
                 assigned |-> FALSE,
                 headerId |-> <<0, "">>,
                 headerRound |-> -1,
                 inputVersion |-> -1,
                 result |-> "none",
                 metricKind |-> "none",
                 receipt |-> FALSE,
                 decision |-> "pending",
                 invocations |-> 0 ] @@
           c2 :>
               [ delivery |-> "none",
                 assigned |-> FALSE,
                 headerId |-> <<0, "">>,
                 headerRound |-> -1,
                 inputVersion |-> -1,
                 result |-> "none",
                 metricKind |-> "none",
                 receipt |-> FALSE,
                 decision |-> "pending",
                 invocations |-> 0 ] ) >>,
  comm |->
      [ id |-> <<1, c1>>,
        kind |-> "submit",
        pc |-> "prelim",
        attempt |-> 1,
        key |-> 1,
        accepted |-> FALSE,
        exit |-> "LIVE",
        writeStatus |-> FALSE,
        pending |-> {},
        deadView |-> {} ],
  runner |->
      [ id |-> <<1, c1>>,
        kind |-> "submit",
        pc |-> "busy",
        client |-> "",
        attempt |-> 1 ],
  requested |-> {},
  scratch |->
      [ stats |-> <<<<>>, <<>>>>,
        paramHistory |-> <<>>,
        metricStats |-> <<>>,
        metricHistory |-> <<>>,
        allMetrics |-> TRUE,
        counted |-> <<>>,
        params |-> <<<<>>, <<>>>>,
        metrics |-> <<>>,
        count |-> 0 ],
  used |->
      << [ stats |-> <<<<>>, <<>>>>,
           paramHistory |-> <<>>,
           metricStats |-> <<>>,
           metricHistory |-> <<>>,
           allMetrics |-> TRUE,
           counted |-> <<>>,
           params |-> <<<<>>, <<>>>>,
           metrics |-> <<>>,
           count |-> 0 ],
         [ stats |-> <<<<>>, <<>>>>,
           paramHistory |-> <<>>,
           metricStats |-> <<>>,
           metricHistory |-> <<>>,
           allMetrics |-> TRUE,
           counted |-> <<>>,
           params |-> <<<<>>, <<>>>>,
           metrics |-> <<>>,
           count |-> 0 ] >>,
  committed |-> {},
  saved |-> {},
  completed |-> <<>>,
  unknownSeen |-> {},
  mon |->
      [ pc |-> "acquire",
        pending |-> {},
        deadView |-> {},
        reportAges |-> (c1 :> 0 @@ c2 :> 0) ] ]
/\ faults = [ before |-> 0,
  snapshot |-> 0,
  filter |-> 0,
  delivery |-> 0,
  resultError |-> 0,
  conversion |-> 0,
  param |-> 0,
  metricPrep |-> 0,
  metric |-> 0,
  ackLoss |-> 0,
  cancel |-> 0,
  dead |-> 0 ]

State 28: <MCNext line 162, col 8 to line 163, col 26 of module MC>
/\ s = [ aggr |->
      [ receivedCount |-> 0,
        failedClients |-> {},
        task |-> 1,
        applied |-> <<<<>>, <<>>>>,
        stats |-> <<<<>>, <<>>>>,
        paramHistory |-> <<>>,
        metricApplied |-> <<>>,
        metricStats |-> <<>>,
        metricHistory |-> <<>>,
        allMetrics |-> TRUE,
        counted |-> <<>> ],
  dead |->
      ( c1 :> [age |-> 0, reported |-> FALSE, disconnected |-> FALSE] @@
        c2 :> [age |-> 0, reported |-> FALSE, disconnected |-> FALSE] ),
  net |-> <<(c1 :> <<"queued">> @@ c2 :> <<>>), (c1 :> <<>> @@ c2 :> <<>>)>>,
  wf |->
      [ abort |-> FALSE,
        pc |-> "wait",
        round |-> 1,
        sourceVersion |-> 0,
        started |-> {1},
        outcome |-> "running",
        open |-> TRUE ],
  task |->
      << [ scheduled |-> TRUE,
           standing |-> TRUE,
           status |-> "LIVE",
           sourceAtSchedule |-> 0,
           broadcastVersion |-> 0,
           assignedOrder |-> <<<<1, c1>>>>,
           age |-> 0,
           cleaned |-> FALSE,
           retiredStatus |-> "NEW",
           retiredOutstanding |-> {} ],
         [ scheduled |-> FALSE,
           standing |-> FALSE,
           status |-> "NEW",
           sourceAtSchedule |-> -1,
           broadcastVersion |-> -1,
           assignedOrder |-> <<>>,
           age |-> 0,
           cleaned |-> FALSE,
           retiredStatus |-> "NEW",
           retiredOutstanding |-> {} ] >>,
  ct |->
      << ( c1 :>
               [ delivery |-> "ready",
                 assigned |-> TRUE,
                 headerId |-> <<1, c1>>,
                 headerRound |-> 0,
                 inputVersion |-> 0,
                 result |-> "params",
                 metricKind |-> "present",
                 receipt |-> FALSE,
                 decision |-> "pending",
                 invocations |-> 0 ] @@
           c2 :>
               [ delivery |-> "none",
                 assigned |-> FALSE,
                 headerId |-> <<0, "">>,
                 headerRound |-> -1,
                 inputVersion |-> -1,
                 result |-> "none",
                 metricKind |-> "none",
                 receipt |-> FALSE,
                 decision |-> "pending",
                 invocations |-> 0 ] ),
         ( c1 :>
               [ delivery |-> "none",
                 assigned |-> FALSE,
                 headerId |-> <<0, "">>,
                 headerRound |-> -1,
                 inputVersion |-> -1,
                 result |-> "none",
                 metricKind |-> "none",
                 receipt |-> FALSE,
                 decision |-> "pending",
                 invocations |-> 0 ] @@
           c2 :>
               [ delivery |-> "none",
                 assigned |-> FALSE,
                 headerId |-> <<0, "">>,
                 headerRound |-> -1,
                 inputVersion |-> -1,
                 result |-> "none",
                 metricKind |-> "none",
                 receipt |-> FALSE,
                 decision |-> "pending",
                 invocations |-> 0 ] ) >>,
  comm |->
      [ id |-> <<1, c1>>,
        kind |-> "submit",
        pc |-> "convert",
        attempt |-> 1,
        key |-> 1,
        accepted |-> FALSE,
        exit |-> "LIVE",
        writeStatus |-> FALSE,
        pending |-> {},
        deadView |-> {} ],
  runner |->
      [ id |-> <<1, c1>>,
        kind |-> "submit",
        pc |-> "busy",
        client |-> "",
        attempt |-> 1 ],
  requested |-> {},
  scratch |->
      [ stats |-> <<<<>>, <<>>>>,
        paramHistory |-> <<>>,
        metricStats |-> <<>>,
        metricHistory |-> <<>>,
        allMetrics |-> TRUE,
        counted |-> <<>>,
        params |-> <<<<>>, <<>>>>,
        metrics |-> <<>>,
        count |-> 0 ],
  used |->
      << [ stats |-> <<<<>>, <<>>>>,
           paramHistory |-> <<>>,
           metricStats |-> <<>>,
           metricHistory |-> <<>>,
           allMetrics |-> TRUE,
           counted |-> <<>>,
           params |-> <<<<>>, <<>>>>,
           metrics |-> <<>>,
           count |-> 0 ],
         [ stats |-> <<<<>>, <<>>>>,
           paramHistory |-> <<>>,
           metricStats |-> <<>>,
           metricHistory |-> <<>>,
           allMetrics |-> TRUE,
           counted |-> <<>>,
           params |-> <<<<>>, <<>>>>,
           metrics |-> <<>>,
           count |-> 0 ] >>,
  committed |-> {},
  saved |-> {},
  completed |-> <<>>,
  unknownSeen |-> {},
  mon |->
      [ pc |-> "acquire",
        pending |-> {},
        deadView |-> {},
        reportAges |-> (c1 :> 0 @@ c2 :> 0) ] ]
/\ faults = [ before |-> 0,
  snapshot |-> 0,
  filter |-> 0,
  delivery |-> 0,
  resultError |-> 0,
  conversion |-> 0,
  param |-> 0,
  metricPrep |-> 0,
  metric |-> 0,
  ackLoss |-> 0,
  cancel |-> 0,
  dead |-> 0 ]

State 29: <MCNext line 162, col 8 to line 163, col 26 of module MC>
/\ s = [ aggr |->
      [ receivedCount |-> 0,
        failedClients |-> {},
        task |-> 1,
        applied |-> <<<<>>, <<>>>>,
        stats |-> <<<<>>, <<>>>>,
        paramHistory |-> <<>>,
        metricApplied |-> <<>>,
        metricStats |-> <<>>,
        metricHistory |-> <<>>,
        allMetrics |-> TRUE,
        counted |-> <<>> ],
  dead |->
      ( c1 :> [age |-> 0, reported |-> FALSE, disconnected |-> FALSE] @@
        c2 :> [age |-> 0, reported |-> FALSE, disconnected |-> FALSE] ),
  net |-> <<(c1 :> <<"queued">> @@ c2 :> <<>>), (c1 :> <<>> @@ c2 :> <<>>)>>,
  wf |->
      [ abort |-> FALSE,
        pc |-> "wait",
        round |-> 1,
        sourceVersion |-> 0,
        started |-> {1},
        outcome |-> "running",
        open |-> TRUE ],
  task |->
      << [ scheduled |-> TRUE,
           standing |-> TRUE,
           status |-> "LIVE",
           sourceAtSchedule |-> 0,
           broadcastVersion |-> 0,
           assignedOrder |-> <<<<1, c1>>>>,
           age |-> 0,
           cleaned |-> FALSE,
           retiredStatus |-> "NEW",
           retiredOutstanding |-> {} ],
         [ scheduled |-> FALSE,
           standing |-> FALSE,
           status |-> "NEW",
           sourceAtSchedule |-> -1,
           broadcastVersion |-> -1,
           assignedOrder |-> <<>>,
           age |-> 0,
           cleaned |-> FALSE,
           retiredStatus |-> "NEW",
           retiredOutstanding |-> {} ] >>,
  ct |->
      << ( c1 :>
               [ delivery |-> "ready",
                 assigned |-> TRUE,
                 headerId |-> <<1, c1>>,
                 headerRound |-> 0,
                 inputVersion |-> 0,
                 result |-> "params",
                 metricKind |-> "present",
                 receipt |-> FALSE,
                 decision |-> "pending",
                 invocations |-> 1 ] @@
           c2 :>
               [ delivery |-> "none",
                 assigned |-> FALSE,
                 headerId |-> <<0, "">>,
                 headerRound |-> -1,
                 inputVersion |-> -1,
                 result |-> "none",
                 metricKind |-> "none",
                 receipt |-> FALSE,
                 decision |-> "pending",
                 invocations |-> 0 ] ),
         ( c1 :>
               [ delivery |-> "none",
                 assigned |-> FALSE,
                 headerId |-> <<0, "">>,
                 headerRound |-> -1,
                 inputVersion |-> -1,
                 result |-> "none",
                 metricKind |-> "none",
                 receipt |-> FALSE,
                 decision |-> "pending",
                 invocations |-> 0 ] @@
           c2 :>
               [ delivery |-> "none",
                 assigned |-> FALSE,
                 headerId |-> <<0, "">>,
                 headerRound |-> -1,
                 inputVersion |-> -1,
                 result |-> "none",
                 metricKind |-> "none",
                 receipt |-> FALSE,
                 decision |-> "pending",
                 invocations |-> 0 ] ) >>,
  comm |->
      [ id |-> <<1, c1>>,
        kind |-> "submit",
        pc |-> "consumer",
        attempt |-> 1,
        key |-> 1,
        accepted |-> FALSE,
        exit |-> "LIVE",
        writeStatus |-> FALSE,
        pending |-> {},
        deadView |-> {} ],
  runner |->
      [ id |-> <<1, c1>>,
        kind |-> "submit",
        pc |-> "busy",
        client |-> "",
        attempt |-> 1 ],
  requested |-> {},
  scratch |->
      [ stats |-> <<<<>>, <<>>>>,
        paramHistory |-> <<>>,
        metricStats |-> <<>>,
        metricHistory |-> <<>>,
        allMetrics |-> TRUE,
        counted |-> <<>>,
        params |-> <<<<>>, <<>>>>,
        metrics |-> <<>>,
        count |-> 0 ],
  used |->
      << [ stats |-> <<<<>>, <<>>>>,
           paramHistory |-> <<>>,
           metricStats |-> <<>>,
           metricHistory |-> <<>>,
           allMetrics |-> TRUE,
           counted |-> <<>>,
           params |-> <<<<>>, <<>>>>,
           metrics |-> <<>>,
           count |-> 0 ],
         [ stats |-> <<<<>>, <<>>>>,
           paramHistory |-> <<>>,
           metricStats |-> <<>>,
           metricHistory |-> <<>>,
           allMetrics |-> TRUE,
           counted |-> <<>>,
           params |-> <<<<>>, <<>>>>,
           metrics |-> <<>>,
           count |-> 0 ] >>,
  committed |-> {},
  saved |-> {},
  completed |-> <<>>,
  unknownSeen |-> {},
  mon |->
      [ pc |-> "acquire",
        pending |-> {},
        deadView |-> {},
        reportAges |-> (c1 :> 0 @@ c2 :> 0) ] ]
/\ faults = [ before |-> 0,
  snapshot |-> 0,
  filter |-> 0,
  delivery |-> 0,
  resultError |-> 0,
  conversion |-> 0,
  param |-> 0,
  metricPrep |-> 0,
  metric |-> 0,
  ackLoss |-> 0,
  cancel |-> 0,
  dead |-> 0 ]

State 30: <MCNext line 162, col 8 to line 163, col 26 of module MC>
/\ s = [ aggr |->
      [ receivedCount |-> 0,
        failedClients |-> {},
        task |-> 1,
        applied |-> <<<<>>, <<>>>>,
        stats |-> <<<<>>, <<>>>>,
        paramHistory |-> <<>>,
        metricApplied |-> <<>>,
        metricStats |-> <<>>,
        metricHistory |-> <<>>,
        allMetrics |-> TRUE,
        counted |-> <<>> ],
  dead |->
      ( c1 :> [age |-> 0, reported |-> FALSE, disconnected |-> FALSE] @@
        c2 :> [age |-> 0, reported |-> FALSE, disconnected |-> FALSE] ),
  net |-> <<(c1 :> <<"queued">> @@ c2 :> <<>>), (c1 :> <<>> @@ c2 :> <<>>)>>,
  wf |->
      [ abort |-> FALSE,
        pc |-> "wait",
        round |-> 1,
        sourceVersion |-> 0,
        started |-> {1},
        outcome |-> "running",
        open |-> TRUE ],
  task |->
      << [ scheduled |-> TRUE,
           standing |-> TRUE,
           status |-> "LIVE",
           sourceAtSchedule |-> 0,
           broadcastVersion |-> 0,
           assignedOrder |-> <<<<1, c1>>>>,
           age |-> 0,
           cleaned |-> FALSE,
           retiredStatus |-> "NEW",
           retiredOutstanding |-> {} ],
         [ scheduled |-> FALSE,
           standing |-> FALSE,
           status |-> "NEW",
           sourceAtSchedule |-> -1,
           broadcastVersion |-> -1,
           assignedOrder |-> <<>>,
           age |-> 0,
           cleaned |-> FALSE,
           retiredStatus |-> "NEW",
           retiredOutstanding |-> {} ] >>,
  ct |->
      << ( c1 :>
               [ delivery |-> "ready",
                 assigned |-> TRUE,
                 headerId |-> <<1, c1>>,
                 headerRound |-> 0,
                 inputVersion |-> 0,
                 result |-> "params",
                 metricKind |-> "present",
                 receipt |-> FALSE,
                 decision |-> "pending",
                 invocations |-> 1 ] @@
           c2 :>
               [ delivery |-> "none",
                 assigned |-> FALSE,
                 headerId |-> <<0, "">>,
                 headerRound |-> -1,
                 inputVersion |-> -1,
                 result |-> "none",
                 metricKind |-> "none",
                 receipt |-> FALSE,
                 decision |-> "pending",
                 invocations |-> 0 ] ),
         ( c1 :>
               [ delivery |-> "none",
                 assigned |-> FALSE,
                 headerId |-> <<0, "">>,
                 headerRound |-> -1,
                 inputVersion |-> -1,
                 result |-> "none",
                 metricKind |-> "none",
                 receipt |-> FALSE,
                 decision |-> "pending",
                 invocations |-> 0 ] @@
           c2 :>
               [ delivery |-> "none",
                 assigned |-> FALSE,
                 headerId |-> <<0, "">>,
                 headerRound |-> -1,
                 inputVersion |-> -1,
                 result |-> "none",
                 metricKind |-> "none",
                 receipt |-> FALSE,
                 decision |-> "pending",
                 invocations |-> 0 ] ) >>,
  comm |->
      [ id |-> <<1, c1>>,
        kind |-> "submit",
        pc |-> "paramStats",
        attempt |-> 1,
        key |-> 1,
        accepted |-> FALSE,
        exit |-> "LIVE",
        writeStatus |-> FALSE,
        pending |-> {},
        deadView |-> {} ],
  runner |->
      [ id |-> <<1, c1>>,
        kind |-> "submit",
        pc |-> "busy",
        client |-> "",
        attempt |-> 1 ],
  requested |-> {},
  scratch |->
      [ stats |-> <<<<>>, <<>>>>,
        paramHistory |-> <<>>,
        metricStats |-> <<>>,
        metricHistory |-> <<>>,
        allMetrics |-> TRUE,
        counted |-> <<>>,
        params |-> <<<<>>, <<>>>>,
        metrics |-> <<>>,
        count |-> 0 ],
  used |->
      << [ stats |-> <<<<>>, <<>>>>,
           paramHistory |-> <<>>,
           metricStats |-> <<>>,
           metricHistory |-> <<>>,
           allMetrics |-> TRUE,
           counted |-> <<>>,
           params |-> <<<<>>, <<>>>>,
           metrics |-> <<>>,
           count |-> 0 ],
         [ stats |-> <<<<>>, <<>>>>,
           paramHistory |-> <<>>,
           metricStats |-> <<>>,
           metricHistory |-> <<>>,
           allMetrics |-> TRUE,
           counted |-> <<>>,
           params |-> <<<<>>, <<>>>>,
           metrics |-> <<>>,
           count |-> 0 ] >>,
  committed |-> {},
  saved |-> {},
  completed |-> <<>>,
  unknownSeen |-> {},
  mon |->
      [ pc |-> "acquire",
        pending |-> {},
        deadView |-> {},
        reportAges |-> (c1 :> 0 @@ c2 :> 0) ] ]
/\ faults = [ before |-> 0,
  snapshot |-> 0,
  filter |-> 0,
  delivery |-> 0,
  resultError |-> 0,
  conversion |-> 0,
  param |-> 0,
  metricPrep |-> 0,
  metric |-> 0,
  ackLoss |-> 0,
  cancel |-> 0,
  dead |-> 0 ]

State 31: <MCNext line 162, col 8 to line 163, col 26 of module MC>
/\ s = [ aggr |->
      [ receivedCount |-> 0,
        failedClients |-> {},
        task |-> 1,
        applied |-> <<<<>>, <<>>>>,
        stats |-> <<<<<<1, c1>>>>, <<>>>>,
        paramHistory |-> <<>>,
        metricApplied |-> <<>>,
        metricStats |-> <<>>,
        metricHistory |-> <<>>,
        allMetrics |-> TRUE,
        counted |-> <<>> ],
  dead |->
      ( c1 :> [age |-> 0, reported |-> FALSE, disconnected |-> FALSE] @@
        c2 :> [age |-> 0, reported |-> FALSE, disconnected |-> FALSE] ),
  net |-> <<(c1 :> <<"queued">> @@ c2 :> <<>>), (c1 :> <<>> @@ c2 :> <<>>)>>,
  wf |->
      [ abort |-> FALSE,
        pc |-> "wait",
        round |-> 1,
        sourceVersion |-> 0,
        started |-> {1},
        outcome |-> "running",
        open |-> TRUE ],
  task |->
      << [ scheduled |-> TRUE,
           standing |-> TRUE,
           status |-> "LIVE",
           sourceAtSchedule |-> 0,
           broadcastVersion |-> 0,
           assignedOrder |-> <<<<1, c1>>>>,
           age |-> 0,
           cleaned |-> FALSE,
           retiredStatus |-> "NEW",
           retiredOutstanding |-> {} ],
         [ scheduled |-> FALSE,
           standing |-> FALSE,
           status |-> "NEW",
           sourceAtSchedule |-> -1,
           broadcastVersion |-> -1,
           assignedOrder |-> <<>>,
           age |-> 0,
           cleaned |-> FALSE,
           retiredStatus |-> "NEW",
           retiredOutstanding |-> {} ] >>,
  ct |->
      << ( c1 :>
               [ delivery |-> "ready",
                 assigned |-> TRUE,
                 headerId |-> <<1, c1>>,
                 headerRound |-> 0,
                 inputVersion |-> 0,
                 result |-> "params",
                 metricKind |-> "present",
                 receipt |-> FALSE,
                 decision |-> "pending",
                 invocations |-> 1 ] @@
           c2 :>
               [ delivery |-> "none",
                 assigned |-> FALSE,
                 headerId |-> <<0, "">>,
                 headerRound |-> -1,
                 inputVersion |-> -1,
                 result |-> "none",
                 metricKind |-> "none",
                 receipt |-> FALSE,
                 decision |-> "pending",
                 invocations |-> 0 ] ),
         ( c1 :>
               [ delivery |-> "none",
                 assigned |-> FALSE,
                 headerId |-> <<0, "">>,
                 headerRound |-> -1,
                 inputVersion |-> -1,
                 result |-> "none",
                 metricKind |-> "none",
                 receipt |-> FALSE,
                 decision |-> "pending",
                 invocations |-> 0 ] @@
           c2 :>
               [ delivery |-> "none",
                 assigned |-> FALSE,
                 headerId |-> <<0, "">>,
                 headerRound |-> -1,
                 inputVersion |-> -1,
                 result |-> "none",
                 metricKind |-> "none",
                 receipt |-> FALSE,
                 decision |-> "pending",
                 invocations |-> 0 ] ) >>,
  comm |->
      [ id |-> <<1, c1>>,
        kind |-> "submit",
        pc |-> "paramValue",
        attempt |-> 1,
        key |-> 1,
        accepted |-> FALSE,
        exit |-> "LIVE",
        writeStatus |-> FALSE,
        pending |-> {},
        deadView |-> {} ],
  runner |->
      [ id |-> <<1, c1>>,
        kind |-> "submit",
        pc |-> "busy",
        client |-> "",
        attempt |-> 1 ],
  requested |-> {},
  scratch |->
      [ stats |-> <<<<>>, <<>>>>,
        paramHistory |-> <<>>,
        metricStats |-> <<>>,
        metricHistory |-> <<>>,
        allMetrics |-> TRUE,
        counted |-> <<>>,
        params |-> <<<<>>, <<>>>>,
        metrics |-> <<>>,
        count |-> 0 ],
  used |->
      << [ stats |-> <<<<>>, <<>>>>,
           paramHistory |-> <<>>,
           metricStats |-> <<>>,
           metricHistory |-> <<>>,
           allMetrics |-> TRUE,
           counted |-> <<>>,
           params |-> <<<<>>, <<>>>>,
           metrics |-> <<>>,
           count |-> 0 ],
         [ stats |-> <<<<>>, <<>>>>,
           paramHistory |-> <<>>,
           metricStats |-> <<>>,
           metricHistory |-> <<>>,
           allMetrics |-> TRUE,
           counted |-> <<>>,
           params |-> <<<<>>, <<>>>>,
           metrics |-> <<>>,
           count |-> 0 ] >>,
  committed |-> {},
  saved |-> {},
  completed |-> <<>>,
  unknownSeen |-> {},
  mon |->
      [ pc |-> "acquire",
        pending |-> {},
        deadView |-> {},
        reportAges |-> (c1 :> 0 @@ c2 :> 0) ] ]
/\ faults = [ before |-> 0,
  snapshot |-> 0,
  filter |-> 0,
  delivery |-> 0,
  resultError |-> 0,
  conversion |-> 0,
  param |-> 0,
  metricPrep |-> 0,
  metric |-> 0,
  ackLoss |-> 0,
  cancel |-> 0,
  dead |-> 0 ]

State 32: <MCNext line 162, col 8 to line 163, col 26 of module MC>
/\ s = [ aggr |->
      [ receivedCount |-> 0,
        failedClients |-> {},
        task |-> 1,
        applied |-> <<<<<<1, c1>>>>, <<>>>>,
        stats |-> <<<<<<1, c1>>>>, <<>>>>,
        paramHistory |-> <<>>,
        metricApplied |-> <<>>,
        metricStats |-> <<>>,
        metricHistory |-> <<>>,
        allMetrics |-> TRUE,
        counted |-> <<>> ],
  dead |->
      ( c1 :> [age |-> 0, reported |-> FALSE, disconnected |-> FALSE] @@
        c2 :> [age |-> 0, reported |-> FALSE, disconnected |-> FALSE] ),
  net |-> <<(c1 :> <<"queued">> @@ c2 :> <<>>), (c1 :> <<>> @@ c2 :> <<>>)>>,
  wf |->
      [ abort |-> FALSE,
        pc |-> "wait",
        round |-> 1,
        sourceVersion |-> 0,
        started |-> {1},
        outcome |-> "running",
        open |-> TRUE ],
  task |->
      << [ scheduled |-> TRUE,
           standing |-> TRUE,
           status |-> "LIVE",
           sourceAtSchedule |-> 0,
           broadcastVersion |-> 0,
           assignedOrder |-> <<<<1, c1>>>>,
           age |-> 0,
           cleaned |-> FALSE,
           retiredStatus |-> "NEW",
           retiredOutstanding |-> {} ],
         [ scheduled |-> FALSE,
           standing |-> FALSE,
           status |-> "NEW",
           sourceAtSchedule |-> -1,
           broadcastVersion |-> -1,
           assignedOrder |-> <<>>,
           age |-> 0,
           cleaned |-> FALSE,
           retiredStatus |-> "NEW",
           retiredOutstanding |-> {} ] >>,
  ct |->
      << ( c1 :>
               [ delivery |-> "ready",
                 assigned |-> TRUE,
                 headerId |-> <<1, c1>>,
                 headerRound |-> 0,
                 inputVersion |-> 0,
                 result |-> "params",
                 metricKind |-> "present",
                 receipt |-> FALSE,
                 decision |-> "pending",
                 invocations |-> 1 ] @@
           c2 :>
               [ delivery |-> "none",
                 assigned |-> FALSE,
                 headerId |-> <<0, "">>,
                 headerRound |-> -1,
                 inputVersion |-> -1,
                 result |-> "none",
                 metricKind |-> "none",
                 receipt |-> FALSE,
                 decision |-> "pending",
                 invocations |-> 0 ] ),
         ( c1 :>
               [ delivery |-> "none",
                 assigned |-> FALSE,
                 headerId |-> <<0, "">>,
                 headerRound |-> -1,
                 inputVersion |-> -1,
                 result |-> "none",
                 metricKind |-> "none",
                 receipt |-> FALSE,
                 decision |-> "pending",
                 invocations |-> 0 ] @@
           c2 :>
               [ delivery |-> "none",
                 assigned |-> FALSE,
                 headerId |-> <<0, "">>,
                 headerRound |-> -1,
                 inputVersion |-> -1,
                 result |-> "none",
                 metricKind |-> "none",
                 receipt |-> FALSE,
                 decision |-> "pending",
                 invocations |-> 0 ] ) >>,
  comm |->
      [ id |-> <<1, c1>>,
        kind |-> "submit",
        pc |-> "paramStats",
        attempt |-> 1,
        key |-> 2,
        accepted |-> FALSE,
        exit |-> "LIVE",
        writeStatus |-> FALSE,
        pending |-> {},
        deadView |-> {} ],
  runner |->
      [ id |-> <<1, c1>>,
        kind |-> "submit",
        pc |-> "busy",
        client |-> "",
        attempt |-> 1 ],
  requested |-> {},
  scratch |->
      [ stats |-> <<<<>>, <<>>>>,
        paramHistory |-> <<>>,
        metricStats |-> <<>>,
        metricHistory |-> <<>>,
        allMetrics |-> TRUE,
        counted |-> <<>>,
        params |-> <<<<>>, <<>>>>,
        metrics |-> <<>>,
        count |-> 0 ],
  used |->
      << [ stats |-> <<<<>>, <<>>>>,
           paramHistory |-> <<>>,
           metricStats |-> <<>>,
           metricHistory |-> <<>>,
           allMetrics |-> TRUE,
           counted |-> <<>>,
           params |-> <<<<>>, <<>>>>,
           metrics |-> <<>>,
           count |-> 0 ],
         [ stats |-> <<<<>>, <<>>>>,
           paramHistory |-> <<>>,
           metricStats |-> <<>>,
           metricHistory |-> <<>>,
           allMetrics |-> TRUE,
           counted |-> <<>>,
           params |-> <<<<>>, <<>>>>,
           metrics |-> <<>>,
           count |-> 0 ] >>,
  committed |-> {},
  saved |-> {},
  completed |-> <<>>,
  unknownSeen |-> {},
  mon |->
      [ pc |-> "acquire",
        pending |-> {},
        deadView |-> {},
        reportAges |-> (c1 :> 0 @@ c2 :> 0) ] ]
/\ faults = [ before |-> 0,
  snapshot |-> 0,
  filter |-> 0,
  delivery |-> 0,
  resultError |-> 0,
  conversion |-> 0,
  param |-> 0,
  metricPrep |-> 0,
  metric |-> 0,
  ackLoss |-> 0,
  cancel |-> 0,
  dead |-> 0 ]

State 33: <MCNext line 162, col 8 to line 163, col 26 of module MC>
/\ s = [ aggr |->
      [ receivedCount |-> 0,
        failedClients |-> {},
        task |-> 1,
        applied |-> <<<<<<1, c1>>>>, <<>>>>,
        stats |-> <<<<<<1, c1>>>>, <<<<1, c1>>>>>>,
        paramHistory |-> <<>>,
        metricApplied |-> <<>>,
        metricStats |-> <<>>,
        metricHistory |-> <<>>,
        allMetrics |-> TRUE,
        counted |-> <<>> ],
  dead |->
      ( c1 :> [age |-> 0, reported |-> FALSE, disconnected |-> FALSE] @@
        c2 :> [age |-> 0, reported |-> FALSE, disconnected |-> FALSE] ),
  net |-> <<(c1 :> <<"queued">> @@ c2 :> <<>>), (c1 :> <<>> @@ c2 :> <<>>)>>,
  wf |->
      [ abort |-> FALSE,
        pc |-> "wait",
        round |-> 1,
        sourceVersion |-> 0,
        started |-> {1},
        outcome |-> "running",
        open |-> TRUE ],
  task |->
      << [ scheduled |-> TRUE,
           standing |-> TRUE,
           status |-> "LIVE",
           sourceAtSchedule |-> 0,
           broadcastVersion |-> 0,
           assignedOrder |-> <<<<1, c1>>>>,
           age |-> 0,
           cleaned |-> FALSE,
           retiredStatus |-> "NEW",
           retiredOutstanding |-> {} ],
         [ scheduled |-> FALSE,
           standing |-> FALSE,
           status |-> "NEW",
           sourceAtSchedule |-> -1,
           broadcastVersion |-> -1,
           assignedOrder |-> <<>>,
           age |-> 0,
           cleaned |-> FALSE,
           retiredStatus |-> "NEW",
           retiredOutstanding |-> {} ] >>,
  ct |->
      << ( c1 :>
               [ delivery |-> "ready",
                 assigned |-> TRUE,
                 headerId |-> <<1, c1>>,
                 headerRound |-> 0,
                 inputVersion |-> 0,
                 result |-> "params",
                 metricKind |-> "present",
                 receipt |-> FALSE,
                 decision |-> "pending",
                 invocations |-> 1 ] @@
           c2 :>
               [ delivery |-> "none",
                 assigned |-> FALSE,
                 headerId |-> <<0, "">>,
                 headerRound |-> -1,
                 inputVersion |-> -1,
                 result |-> "none",
                 metricKind |-> "none",
                 receipt |-> FALSE,
                 decision |-> "pending",
                 invocations |-> 0 ] ),
         ( c1 :>
               [ delivery |-> "none",
                 assigned |-> FALSE,
                 headerId |-> <<0, "">>,
                 headerRound |-> -1,
                 inputVersion |-> -1,
                 result |-> "none",
                 metricKind |-> "none",
                 receipt |-> FALSE,
                 decision |-> "pending",
                 invocations |-> 0 ] @@
           c2 :>
               [ delivery |-> "none",
                 assigned |-> FALSE,
                 headerId |-> <<0, "">>,
                 headerRound |-> -1,
                 inputVersion |-> -1,
                 result |-> "none",
                 metricKind |-> "none",
                 receipt |-> FALSE,
                 decision |-> "pending",
                 invocations |-> 0 ] ) >>,
  comm |->
      [ id |-> <<1, c1>>,
        kind |-> "submit",
        pc |-> "paramValue",
        attempt |-> 1,
        key |-> 2,
        accepted |-> FALSE,
        exit |-> "LIVE",
        writeStatus |-> FALSE,
        pending |-> {},
        deadView |-> {} ],
  runner |->
      [ id |-> <<1, c1>>,
        kind |-> "submit",
        pc |-> "busy",
        client |-> "",
        attempt |-> 1 ],
  requested |-> {},
  scratch |->
      [ stats |-> <<<<>>, <<>>>>,
        paramHistory |-> <<>>,
        metricStats |-> <<>>,
        metricHistory |-> <<>>,
        allMetrics |-> TRUE,
        counted |-> <<>>,
        params |-> <<<<>>, <<>>>>,
        metrics |-> <<>>,
        count |-> 0 ],
  used |->
      << [ stats |-> <<<<>>, <<>>>>,
           paramHistory |-> <<>>,
           metricStats |-> <<>>,
           metricHistory |-> <<>>,
           allMetrics |-> TRUE,
           counted |-> <<>>,
           params |-> <<<<>>, <<>>>>,
           metrics |-> <<>>,
           count |-> 0 ],
         [ stats |-> <<<<>>, <<>>>>,
           paramHistory |-> <<>>,
           metricStats |-> <<>>,
           metricHistory |-> <<>>,
           allMetrics |-> TRUE,
           counted |-> <<>>,
           params |-> <<<<>>, <<>>>>,
           metrics |-> <<>>,
           count |-> 0 ] >>,
  committed |-> {},
  saved |-> {},
  completed |-> <<>>,
  unknownSeen |-> {},
  mon |->
      [ pc |-> "acquire",
        pending |-> {},
        deadView |-> {},
        reportAges |-> (c1 :> 0 @@ c2 :> 0) ] ]
/\ faults = [ before |-> 0,
  snapshot |-> 0,
  filter |-> 0,
  delivery |-> 0,
  resultError |-> 0,
  conversion |-> 0,
  param |-> 0,
  metricPrep |-> 0,
  metric |-> 0,
  ackLoss |-> 0,
  cancel |-> 0,
  dead |-> 0 ]

State 34: <MCNext line 162, col 8 to line 163, col 26 of module MC>
/\ s = [ aggr |->
      [ receivedCount |-> 0,
        failedClients |-> {},
        task |-> 1,
        applied |-> <<<<<<1, c1>>>>, <<<<1, c1>>>>>>,
        stats |-> <<<<<<1, c1>>>>, <<<<1, c1>>>>>>,
        paramHistory |-> <<>>,
        metricApplied |-> <<>>,
        metricStats |-> <<>>,
        metricHistory |-> <<>>,
        allMetrics |-> TRUE,
        counted |-> <<>> ],
  dead |->
      ( c1 :> [age |-> 0, reported |-> FALSE, disconnected |-> FALSE] @@
        c2 :> [age |-> 0, reported |-> FALSE, disconnected |-> FALSE] ),
  net |-> <<(c1 :> <<"queued">> @@ c2 :> <<>>), (c1 :> <<>> @@ c2 :> <<>>)>>,
  wf |->
      [ abort |-> FALSE,
        pc |-> "wait",
        round |-> 1,
        sourceVersion |-> 0,
        started |-> {1},
        outcome |-> "running",
        open |-> TRUE ],
  task |->
      << [ scheduled |-> TRUE,
           standing |-> TRUE,
           status |-> "LIVE",
           sourceAtSchedule |-> 0,
           broadcastVersion |-> 0,
           assignedOrder |-> <<<<1, c1>>>>,
           age |-> 0,
           cleaned |-> FALSE,
           retiredStatus |-> "NEW",
           retiredOutstanding |-> {} ],
         [ scheduled |-> FALSE,
           standing |-> FALSE,
           status |-> "NEW",
           sourceAtSchedule |-> -1,
           broadcastVersion |-> -1,
           assignedOrder |-> <<>>,
           age |-> 0,
           cleaned |-> FALSE,
           retiredStatus |-> "NEW",
           retiredOutstanding |-> {} ] >>,
  ct |->
      << ( c1 :>
               [ delivery |-> "ready",
                 assigned |-> TRUE,
                 headerId |-> <<1, c1>>,
                 headerRound |-> 0,
                 inputVersion |-> 0,
                 result |-> "params",
                 metricKind |-> "present",
                 receipt |-> FALSE,
                 decision |-> "pending",
                 invocations |-> 1 ] @@
           c2 :>
               [ delivery |-> "none",
                 assigned |-> FALSE,
                 headerId |-> <<0, "">>,
                 headerRound |-> -1,
                 inputVersion |-> -1,
                 result |-> "none",
                 metricKind |-> "none",
                 receipt |-> FALSE,
                 decision |-> "pending",
                 invocations |-> 0 ] ),
         ( c1 :>
               [ delivery |-> "none",
                 assigned |-> FALSE,
                 headerId |-> <<0, "">>,
                 headerRound |-> -1,
                 inputVersion |-> -1,
                 result |-> "none",
                 metricKind |-> "none",
                 receipt |-> FALSE,
                 decision |-> "pending",
                 invocations |-> 0 ] @@
           c2 :>
               [ delivery |-> "none",
                 assigned |-> FALSE,
                 headerId |-> <<0, "">>,
                 headerRound |-> -1,
                 inputVersion |-> -1,
                 result |-> "none",
                 metricKind |-> "none",
                 receipt |-> FALSE,
                 decision |-> "pending",
                 invocations |-> 0 ] ) >>,
  comm |->
      [ id |-> <<1, c1>>,
        kind |-> "submit",
        pc |-> "paramHistory",
        attempt |-> 1,
        key |-> 3,
        accepted |-> FALSE,
        exit |-> "LIVE",
        writeStatus |-> FALSE,
        pending |-> {},
        deadView |-> {} ],
  runner |->
      [ id |-> <<1, c1>>,
        kind |-> "submit",
        pc |-> "busy",
        client |-> "",
        attempt |-> 1 ],
  requested |-> {},
  scratch |->
      [ stats |-> <<<<>>, <<>>>>,
        paramHistory |-> <<>>,
        metricStats |-> <<>>,
        metricHistory |-> <<>>,
        allMetrics |-> TRUE,
        counted |-> <<>>,
        params |-> <<<<>>, <<>>>>,
        metrics |-> <<>>,
        count |-> 0 ],
  used |->
      << [ stats |-> <<<<>>, <<>>>>,
           paramHistory |-> <<>>,
           metricStats |-> <<>>,
           metricHistory |-> <<>>,
           allMetrics |-> TRUE,
           counted |-> <<>>,
           params |-> <<<<>>, <<>>>>,
           metrics |-> <<>>,
           count |-> 0 ],
         [ stats |-> <<<<>>, <<>>>>,
           paramHistory |-> <<>>,
           metricStats |-> <<>>,
           metricHistory |-> <<>>,
           allMetrics |-> TRUE,
           counted |-> <<>>,
           params |-> <<<<>>, <<>>>>,
           metrics |-> <<>>,
           count |-> 0 ] >>,
  committed |-> {},
  saved |-> {},
  completed |-> <<>>,
  unknownSeen |-> {},
  mon |->
      [ pc |-> "acquire",
        pending |-> {},
        deadView |-> {},
        reportAges |-> (c1 :> 0 @@ c2 :> 0) ] ]
/\ faults = [ before |-> 0,
  snapshot |-> 0,
  filter |-> 0,
  delivery |-> 0,
  resultError |-> 0,
  conversion |-> 0,
  param |-> 0,
  metricPrep |-> 0,
  metric |-> 0,
  ackLoss |-> 0,
  cancel |-> 0,
  dead |-> 0 ]

State 35: <MCNext line 162, col 8 to line 163, col 26 of module MC>
/\ s = [ aggr |->
      [ receivedCount |-> 0,
        failedClients |-> {},
        task |-> 1,
        applied |-> <<<<<<1, c1>>>>, <<<<1, c1>>>>>>,
        stats |-> <<<<<<1, c1>>>>, <<<<1, c1>>>>>>,
        paramHistory |-> <<<<1, c1>>>>,
        metricApplied |-> <<>>,
        metricStats |-> <<>>,
        metricHistory |-> <<>>,
        allMetrics |-> TRUE,
        counted |-> <<>> ],
  dead |->
      ( c1 :> [age |-> 0, reported |-> FALSE, disconnected |-> FALSE] @@
        c2 :> [age |-> 0, reported |-> FALSE, disconnected |-> FALSE] ),
  net |-> <<(c1 :> <<"queued">> @@ c2 :> <<>>), (c1 :> <<>> @@ c2 :> <<>>)>>,
  wf |->
      [ abort |-> FALSE,
        pc |-> "wait",
        round |-> 1,
        sourceVersion |-> 0,
        started |-> {1},
        outcome |-> "running",
        open |-> TRUE ],
  task |->
      << [ scheduled |-> TRUE,
           standing |-> TRUE,
           status |-> "LIVE",
           sourceAtSchedule |-> 0,
           broadcastVersion |-> 0,
           assignedOrder |-> <<<<1, c1>>>>,
           age |-> 0,
           cleaned |-> FALSE,
           retiredStatus |-> "NEW",
           retiredOutstanding |-> {} ],
         [ scheduled |-> FALSE,
           standing |-> FALSE,
           status |-> "NEW",
           sourceAtSchedule |-> -1,
           broadcastVersion |-> -1,
           assignedOrder |-> <<>>,
           age |-> 0,
           cleaned |-> FALSE,
           retiredStatus |-> "NEW",
           retiredOutstanding |-> {} ] >>,
  ct |->
      << ( c1 :>
               [ delivery |-> "ready",
                 assigned |-> TRUE,
                 headerId |-> <<1, c1>>,
                 headerRound |-> 0,
                 inputVersion |-> 0,
                 result |-> "params",
                 metricKind |-> "present",
                 receipt |-> FALSE,
                 decision |-> "pending",
                 invocations |-> 1 ] @@
           c2 :>
               [ delivery |-> "none",
                 assigned |-> FALSE,
                 headerId |-> <<0, "">>,
                 headerRound |-> -1,
                 inputVersion |-> -1,
                 result |-> "none",
                 metricKind |-> "none",
                 receipt |-> FALSE,
                 decision |-> "pending",
                 invocations |-> 0 ] ),
         ( c1 :>
               [ delivery |-> "none",
                 assigned |-> FALSE,
                 headerId |-> <<0, "">>,
                 headerRound |-> -1,
                 inputVersion |-> -1,
                 result |-> "none",
                 metricKind |-> "none",
                 receipt |-> FALSE,
                 decision |-> "pending",
                 invocations |-> 0 ] @@
           c2 :>
               [ delivery |-> "none",
                 assigned |-> FALSE,
                 headerId |-> <<0, "">>,
                 headerRound |-> -1,
                 inputVersion |-> -1,
                 result |-> "none",
                 metricKind |-> "none",
                 receipt |-> FALSE,
                 decision |-> "pending",
                 invocations |-> 0 ] ) >>,
  comm |->
      [ id |-> <<1, c1>>,
        kind |-> "submit",
        pc |-> "metrics",
        attempt |-> 1,
        key |-> 3,
        accepted |-> FALSE,
        exit |-> "LIVE",
        writeStatus |-> FALSE,
        pending |-> {},
        deadView |-> {} ],
  runner |->
      [ id |-> <<1, c1>>,
        kind |-> "submit",
        pc |-> "busy",
        client |-> "",
        attempt |-> 1 ],
  requested |-> {},
  scratch |->
      [ stats |-> <<<<>>, <<>>>>,
        paramHistory |-> <<>>,
        metricStats |-> <<>>,
        metricHistory |-> <<>>,
        allMetrics |-> TRUE,
        counted |-> <<>>,
        params |-> <<<<>>, <<>>>>,
        metrics |-> <<>>,
        count |-> 0 ],
  used |->
      << [ stats |-> <<<<>>, <<>>>>,
           paramHistory |-> <<>>,
           metricStats |-> <<>>,
           metricHistory |-> <<>>,
           allMetrics |-> TRUE,
           counted |-> <<>>,
           params |-> <<<<>>, <<>>>>,
           metrics |-> <<>>,
           count |-> 0 ],
         [ stats |-> <<<<>>, <<>>>>,
           paramHistory |-> <<>>,
           metricStats |-> <<>>,
           metricHistory |-> <<>>,
           allMetrics |-> TRUE,
           counted |-> <<>>,
           params |-> <<<<>>, <<>>>>,
           metrics |-> <<>>,
           count |-> 0 ] >>,
  committed |-> {},
  saved |-> {},
  completed |-> <<>>,
  unknownSeen |-> {},
  mon |->
      [ pc |-> "acquire",
        pending |-> {},
        deadView |-> {},
        reportAges |-> (c1 :> 0 @@ c2 :> 0) ] ]
/\ faults = [ before |-> 0,
  snapshot |-> 0,
  filter |-> 0,
  delivery |-> 0,
  resultError |-> 0,
  conversion |-> 0,
  param |-> 0,
  metricPrep |-> 0,
  metric |-> 0,
  ackLoss |-> 0,
  cancel |-> 0,
  dead |-> 0 ]

State 36: <MCNext line 162, col 8 to line 163, col 26 of module MC>
/\ s = [ aggr |->
      [ receivedCount |-> 0,
        failedClients |-> {},
        task |-> 1,
        applied |-> <<<<<<1, c1>>>>, <<<<1, c1>>>>>>,
        stats |-> <<<<<<1, c1>>>>, <<<<1, c1>>>>>>,
        paramHistory |-> <<<<1, c1>>>>,
        metricApplied |-> <<>>,
        metricStats |-> <<>>,
        metricHistory |-> <<>>,
        allMetrics |-> TRUE,
        counted |-> <<>> ],
  dead |->
      ( c1 :> [age |-> 0, reported |-> FALSE, disconnected |-> FALSE] @@
        c2 :> [age |-> 0, reported |-> FALSE, disconnected |-> FALSE] ),
  net |-> <<(c1 :> <<"queued">> @@ c2 :> <<>>), (c1 :> <<>> @@ c2 :> <<>>)>>,
  wf |->
      [ abort |-> FALSE,
        pc |-> "wait",
        round |-> 1,
        sourceVersion |-> 0,
        started |-> {1},
        outcome |-> "running",
        open |-> TRUE ],
  task |->
      << [ scheduled |-> TRUE,
           standing |-> TRUE,
           status |-> "LIVE",
           sourceAtSchedule |-> 0,
           broadcastVersion |-> 0,
           assignedOrder |-> <<<<1, c1>>>>,
           age |-> 0,
           cleaned |-> FALSE,
           retiredStatus |-> "NEW",
           retiredOutstanding |-> {} ],
         [ scheduled |-> FALSE,
           standing |-> FALSE,
           status |-> "NEW",
           sourceAtSchedule |-> -1,
           broadcastVersion |-> -1,
           assignedOrder |-> <<>>,
           age |-> 0,
           cleaned |-> FALSE,
           retiredStatus |-> "NEW",
           retiredOutstanding |-> {} ] >>,
  ct |->
      << ( c1 :>
               [ delivery |-> "ready",
                 assigned |-> TRUE,
                 headerId |-> <<1, c1>>,
                 headerRound |-> 0,
                 inputVersion |-> 0,
                 result |-> "params",
                 metricKind |-> "present",
                 receipt |-> FALSE,
                 decision |-> "pending",
                 invocations |-> 1 ] @@
           c2 :>
               [ delivery |-> "none",
                 assigned |-> FALSE,
                 headerId |-> <<0, "">>,
                 headerRound |-> -1,
                 inputVersion |-> -1,
                 result |-> "none",
                 metricKind |-> "none",
                 receipt |-> FALSE,
                 decision |-> "pending",
                 invocations |-> 0 ] ),
         ( c1 :>
               [ delivery |-> "none",
                 assigned |-> FALSE,
                 headerId |-> <<0, "">>,
                 headerRound |-> -1,
                 inputVersion |-> -1,
                 result |-> "none",
                 metricKind |-> "none",
                 receipt |-> FALSE,
                 decision |-> "pending",
                 invocations |-> 0 ] @@
           c2 :>
               [ delivery |-> "none",
                 assigned |-> FALSE,
                 headerId |-> <<0, "">>,
                 headerRound |-> -1,
                 inputVersion |-> -1,
                 result |-> "none",
                 metricKind |-> "none",
                 receipt |-> FALSE,
                 decision |-> "pending",
                 invocations |-> 0 ] ) >>,
  comm |->
      [ id |-> <<1, c1>>,
        kind |-> "submit",
        pc |-> "metricStats",
        attempt |-> 1,
        key |-> 3,
        accepted |-> FALSE,
        exit |-> "LIVE",
        writeStatus |-> FALSE,
        pending |-> {},
        deadView |-> {} ],
  runner |->
      [ id |-> <<1, c1>>,
        kind |-> "submit",
        pc |-> "busy",
        client |-> "",
        attempt |-> 1 ],
  requested |-> {},
  scratch |->
      [ stats |-> <<<<>>, <<>>>>,
        paramHistory |-> <<>>,
        metricStats |-> <<>>,
        metricHistory |-> <<>>,
        allMetrics |-> TRUE,
        counted |-> <<>>,
        params |-> <<<<>>, <<>>>>,
        metrics |-> <<>>,
        count |-> 0 ],
  used |->
      << [ stats |-> <<<<>>, <<>>>>,
           paramHistory |-> <<>>,
           metricStats |-> <<>>,
           metricHistory |-> <<>>,
           allMetrics |-> TRUE,
           counted |-> <<>>,
           params |-> <<<<>>, <<>>>>,
           metrics |-> <<>>,
           count |-> 0 ],
         [ stats |-> <<<<>>, <<>>>>,
           paramHistory |-> <<>>,
           metricStats |-> <<>>,
           metricHistory |-> <<>>,
           allMetrics |-> TRUE,
           counted |-> <<>>,
           params |-> <<<<>>, <<>>>>,
           metrics |-> <<>>,
           count |-> 0 ] >>,
  committed |-> {},
  saved |-> {},
  completed |-> <<>>,
  unknownSeen |-> {},
  mon |->
      [ pc |-> "acquire",
        pending |-> {},
        deadView |-> {},
        reportAges |-> (c1 :> 0 @@ c2 :> 0) ] ]
/\ faults = [ before |-> 0,
  snapshot |-> 0,
  filter |-> 0,
  delivery |-> 0,
  resultError |-> 0,
  conversion |-> 0,
  param |-> 0,
  metricPrep |-> 0,
  metric |-> 0,
  ackLoss |-> 0,
  cancel |-> 0,
  dead |-> 0 ]

State 37: <MCNext line 162, col 8 to line 163, col 26 of module MC>
/\ s = [ aggr |->
      [ receivedCount |-> 0,
        failedClients |-> {},
        task |-> 1,
        applied |-> <<<<<<1, c1>>>>, <<<<1, c1>>>>>>,
        stats |-> <<<<<<1, c1>>>>, <<<<1, c1>>>>>>,
        paramHistory |-> <<<<1, c1>>>>,
        metricApplied |-> <<>>,
        metricStats |-> <<<<1, c1>>>>,
        metricHistory |-> <<>>,
        allMetrics |-> TRUE,
        counted |-> <<>> ],
  dead |->
      ( c1 :> [age |-> 0, reported |-> FALSE, disconnected |-> FALSE] @@
        c2 :> [age |-> 0, reported |-> FALSE, disconnected |-> FALSE] ),
  net |-> <<(c1 :> <<"queued">> @@ c2 :> <<>>), (c1 :> <<>> @@ c2 :> <<>>)>>,
  wf |->
      [ abort |-> FALSE,
        pc |-> "wait",
        round |-> 1,
        sourceVersion |-> 0,
        started |-> {1},
        outcome |-> "running",
        open |-> TRUE ],
  task |->
      << [ scheduled |-> TRUE,
           standing |-> TRUE,
           status |-> "LIVE",
           sourceAtSchedule |-> 0,
           broadcastVersion |-> 0,
           assignedOrder |-> <<<<1, c1>>>>,
           age |-> 0,
           cleaned |-> FALSE,
           retiredStatus |-> "NEW",
           retiredOutstanding |-> {} ],
         [ scheduled |-> FALSE,
           standing |-> FALSE,
           status |-> "NEW",
           sourceAtSchedule |-> -1,
           broadcastVersion |-> -1,
           assignedOrder |-> <<>>,
           age |-> 0,
           cleaned |-> FALSE,
           retiredStatus |-> "NEW",
           retiredOutstanding |-> {} ] >>,
  ct |->
      << ( c1 :>
               [ delivery |-> "ready",
                 assigned |-> TRUE,
                 headerId |-> <<1, c1>>,
                 headerRound |-> 0,
                 inputVersion |-> 0,
                 result |-> "params",
                 metricKind |-> "present",
                 receipt |-> FALSE,
                 decision |-> "pending",
                 invocations |-> 1 ] @@
           c2 :>
               [ delivery |-> "none",
                 assigned |-> FALSE,
                 headerId |-> <<0, "">>,
                 headerRound |-> -1,
                 inputVersion |-> -1,
                 result |-> "none",
                 metricKind |-> "none",
                 receipt |-> FALSE,
                 decision |-> "pending",
                 invocations |-> 0 ] ),
         ( c1 :>
               [ delivery |-> "none",
                 assigned |-> FALSE,
                 headerId |-> <<0, "">>,
                 headerRound |-> -1,
                 inputVersion |-> -1,
                 result |-> "none",
                 metricKind |-> "none",
                 receipt |-> FALSE,
                 decision |-> "pending",
                 invocations |-> 0 ] @@
           c2 :>
               [ delivery |-> "none",
                 assigned |-> FALSE,
                 headerId |-> <<0, "">>,
                 headerRound |-> -1,
                 inputVersion |-> -1,
                 result |-> "none",
                 metricKind |-> "none",
                 receipt |-> FALSE,
                 decision |-> "pending",
                 invocations |-> 0 ] ) >>,
  comm |->
      [ id |-> <<1, c1>>,
        kind |-> "submit",
        pc |-> "metricValue",
        attempt |-> 1,
        key |-> 3,
        accepted |-> FALSE,
        exit |-> "LIVE",
        writeStatus |-> FALSE,
        pending |-> {},
        deadView |-> {} ],
  runner |->
      [ id |-> <<1, c1>>,
        kind |-> "submit",
        pc |-> "busy",
        client |-> "",
        attempt |-> 1 ],
  requested |-> {},
  scratch |->
      [ stats |-> <<<<>>, <<>>>>,
        paramHistory |-> <<>>,
        metricStats |-> <<>>,
        metricHistory |-> <<>>,
        allMetrics |-> TRUE,
        counted |-> <<>>,
        params |-> <<<<>>, <<>>>>,
        metrics |-> <<>>,
        count |-> 0 ],
  used |->
      << [ stats |-> <<<<>>, <<>>>>,
           paramHistory |-> <<>>,
           metricStats |-> <<>>,
           metricHistory |-> <<>>,
           allMetrics |-> TRUE,
           counted |-> <<>>,
           params |-> <<<<>>, <<>>>>,
           metrics |-> <<>>,
           count |-> 0 ],
         [ stats |-> <<<<>>, <<>>>>,
           paramHistory |-> <<>>,
           metricStats |-> <<>>,
           metricHistory |-> <<>>,
           allMetrics |-> TRUE,
           counted |-> <<>>,
           params |-> <<<<>>, <<>>>>,
           metrics |-> <<>>,
           count |-> 0 ] >>,
  committed |-> {},
  saved |-> {},
  completed |-> <<>>,
  unknownSeen |-> {},
  mon |->
      [ pc |-> "acquire",
        pending |-> {},
        deadView |-> {},
        reportAges |-> (c1 :> 0 @@ c2 :> 0) ] ]
/\ faults = [ before |-> 0,
  snapshot |-> 0,
  filter |-> 0,
  delivery |-> 0,
  resultError |-> 0,
  conversion |-> 0,
  param |-> 0,
  metricPrep |-> 0,
  metric |-> 0,
  ackLoss |-> 0,
  cancel |-> 0,
  dead |-> 0 ]

State 38: <MCNext line 162, col 8 to line 163, col 26 of module MC>
/\ s = [ aggr |->
      [ receivedCount |-> 0,
        failedClients |-> {},
        task |-> 1,
        applied |-> <<<<<<1, c1>>>>, <<<<1, c1>>>>>>,
        stats |-> <<<<<<1, c1>>>>, <<<<1, c1>>>>>>,
        paramHistory |-> <<<<1, c1>>>>,
        metricApplied |-> <<<<1, c1>>>>,
        metricStats |-> <<<<1, c1>>>>,
        metricHistory |-> <<>>,
        allMetrics |-> TRUE,
        counted |-> <<>> ],
  dead |->
      ( c1 :> [age |-> 0, reported |-> FALSE, disconnected |-> FALSE] @@
        c2 :> [age |-> 0, reported |-> FALSE, disconnected |-> FALSE] ),
  net |-> <<(c1 :> <<"queued">> @@ c2 :> <<>>), (c1 :> <<>> @@ c2 :> <<>>)>>,
  wf |->
      [ abort |-> FALSE,
        pc |-> "wait",
        round |-> 1,
        sourceVersion |-> 0,
        started |-> {1},
        outcome |-> "running",
        open |-> TRUE ],
  task |->
      << [ scheduled |-> TRUE,
           standing |-> TRUE,
           status |-> "LIVE",
           sourceAtSchedule |-> 0,
           broadcastVersion |-> 0,
           assignedOrder |-> <<<<1, c1>>>>,
           age |-> 0,
           cleaned |-> FALSE,
           retiredStatus |-> "NEW",
           retiredOutstanding |-> {} ],
         [ scheduled |-> FALSE,
           standing |-> FALSE,
           status |-> "NEW",
           sourceAtSchedule |-> -1,
           broadcastVersion |-> -1,
           assignedOrder |-> <<>>,
           age |-> 0,
           cleaned |-> FALSE,
           retiredStatus |-> "NEW",
           retiredOutstanding |-> {} ] >>,
  ct |->
      << ( c1 :>
               [ delivery |-> "ready",
                 assigned |-> TRUE,
                 headerId |-> <<1, c1>>,
                 headerRound |-> 0,
                 inputVersion |-> 0,
                 result |-> "params",
                 metricKind |-> "present",
                 receipt |-> FALSE,
                 decision |-> "pending",
                 invocations |-> 1 ] @@
           c2 :>
               [ delivery |-> "none",
                 assigned |-> FALSE,
                 headerId |-> <<0, "">>,
                 headerRound |-> -1,
                 inputVersion |-> -1,
                 result |-> "none",
                 metricKind |-> "none",
                 receipt |-> FALSE,
                 decision |-> "pending",
                 invocations |-> 0 ] ),
         ( c1 :>
               [ delivery |-> "none",
                 assigned |-> FALSE,
                 headerId |-> <<0, "">>,
                 headerRound |-> -1,
                 inputVersion |-> -1,
                 result |-> "none",
                 metricKind |-> "none",
                 receipt |-> FALSE,
                 decision |-> "pending",
                 invocations |-> 0 ] @@
           c2 :>
               [ delivery |-> "none",
                 assigned |-> FALSE,
                 headerId |-> <<0, "">>,
                 headerRound |-> -1,
                 inputVersion |-> -1,
                 result |-> "none",
                 metricKind |-> "none",
                 receipt |-> FALSE,
                 decision |-> "pending",
                 invocations |-> 0 ] ) >>,
  comm |->
      [ id |-> <<1, c1>>,
        kind |-> "submit",
        pc |-> "metricHistory",
        attempt |-> 1,
        key |-> 3,
        accepted |-> FALSE,
        exit |-> "LIVE",
        writeStatus |-> FALSE,
        pending |-> {},
        deadView |-> {} ],
  runner |->
      [ id |-> <<1, c1>>,
        kind |-> "submit",
        pc |-> "busy",
        client |-> "",
        attempt |-> 1 ],
  requested |-> {},
  scratch |->
      [ stats |-> <<<<>>, <<>>>>,
        paramHistory |-> <<>>,
        metricStats |-> <<>>,
        metricHistory |-> <<>>,
        allMetrics |-> TRUE,
        counted |-> <<>>,
        params |-> <<<<>>, <<>>>>,
        metrics |-> <<>>,
        count |-> 0 ],
  used |->
      << [ stats |-> <<<<>>, <<>>>>,
           paramHistory |-> <<>>,
           metricStats |-> <<>>,
           metricHistory |-> <<>>,
           allMetrics |-> TRUE,
           counted |-> <<>>,
           params |-> <<<<>>, <<>>>>,
           metrics |-> <<>>,
           count |-> 0 ],
         [ stats |-> <<<<>>, <<>>>>,
           paramHistory |-> <<>>,
           metricStats |-> <<>>,
           metricHistory |-> <<>>,
           allMetrics |-> TRUE,
           counted |-> <<>>,
           params |-> <<<<>>, <<>>>>,
           metrics |-> <<>>,
           count |-> 0 ] >>,
  committed |-> {},
  saved |-> {},
  completed |-> <<>>,
  unknownSeen |-> {},
  mon |->
      [ pc |-> "acquire",
        pending |-> {},
        deadView |-> {},
        reportAges |-> (c1 :> 0 @@ c2 :> 0) ] ]
/\ faults = [ before |-> 0,
  snapshot |-> 0,
  filter |-> 0,
  delivery |-> 0,
  resultError |-> 0,
  conversion |-> 0,
  param |-> 0,
  metricPrep |-> 0,
  metric |-> 0,
  ackLoss |-> 0,
  cancel |-> 0,
  dead |-> 0 ]

State 39: <MCNext line 162, col 8 to line 163, col 26 of module MC>
/\ s = [ aggr |->
      [ receivedCount |-> 0,
        failedClients |-> {},
        task |-> 1,
        applied |-> <<<<<<1, c1>>>>, <<<<1, c1>>>>>>,
        stats |-> <<<<<<1, c1>>>>, <<<<1, c1>>>>>>,
        paramHistory |-> <<<<1, c1>>>>,
        metricApplied |-> <<<<1, c1>>>>,
        metricStats |-> <<<<1, c1>>>>,
        metricHistory |-> <<<<1, c1>>>>,
        allMetrics |-> TRUE,
        counted |-> <<>> ],
  dead |->
      ( c1 :> [age |-> 0, reported |-> FALSE, disconnected |-> FALSE] @@
        c2 :> [age |-> 0, reported |-> FALSE, disconnected |-> FALSE] ),
  net |-> <<(c1 :> <<"queued">> @@ c2 :> <<>>), (c1 :> <<>> @@ c2 :> <<>>)>>,
  wf |->
      [ abort |-> FALSE,
        pc |-> "wait",
        round |-> 1,
        sourceVersion |-> 0,
        started |-> {1},
        outcome |-> "running",
        open |-> TRUE ],
  task |->
      << [ scheduled |-> TRUE,
           standing |-> TRUE,
           status |-> "LIVE",
           sourceAtSchedule |-> 0,
           broadcastVersion |-> 0,
           assignedOrder |-> <<<<1, c1>>>>,
           age |-> 0,
           cleaned |-> FALSE,
           retiredStatus |-> "NEW",
           retiredOutstanding |-> {} ],
         [ scheduled |-> FALSE,
           standing |-> FALSE,
           status |-> "NEW",
           sourceAtSchedule |-> -1,
           broadcastVersion |-> -1,
           assignedOrder |-> <<>>,
           age |-> 0,
           cleaned |-> FALSE,
           retiredStatus |-> "NEW",
           retiredOutstanding |-> {} ] >>,
  ct |->
      << ( c1 :>
               [ delivery |-> "ready",
                 assigned |-> TRUE,
                 headerId |-> <<1, c1>>,
                 headerRound |-> 0,
                 inputVersion |-> 0,
                 result |-> "params",
                 metricKind |-> "present",
                 receipt |-> FALSE,
                 decision |-> "pending",
                 invocations |-> 1 ] @@
           c2 :>
               [ delivery |-> "none",
                 assigned |-> FALSE,
                 headerId |-> <<0, "">>,
                 headerRound |-> -1,
                 inputVersion |-> -1,
                 result |-> "none",
                 metricKind |-> "none",
                 receipt |-> FALSE,
                 decision |-> "pending",
                 invocations |-> 0 ] ),
         ( c1 :>
               [ delivery |-> "none",
                 assigned |-> FALSE,
                 headerId |-> <<0, "">>,
                 headerRound |-> -1,
                 inputVersion |-> -1,
                 result |-> "none",
                 metricKind |-> "none",
                 receipt |-> FALSE,
                 decision |-> "pending",
                 invocations |-> 0 ] @@
           c2 :>
               [ delivery |-> "none",
                 assigned |-> FALSE,
                 headerId |-> <<0, "">>,
                 headerRound |-> -1,
                 inputVersion |-> -1,
                 result |-> "none",
                 metricKind |-> "none",
                 receipt |-> FALSE,
                 decision |-> "pending",
                 invocations |-> 0 ] ) >>,
  comm |->
      [ id |-> <<1, c1>>,
        kind |-> "submit",
        pc |-> "count",
        attempt |-> 1,
        key |-> 3,
        accepted |-> FALSE,
        exit |-> "LIVE",
        writeStatus |-> FALSE,
        pending |-> {},
        deadView |-> {} ],
  runner |->
      [ id |-> <<1, c1>>,
        kind |-> "submit",
        pc |-> "busy",
        client |-> "",
        attempt |-> 1 ],
  requested |-> {},
  scratch |->
      [ stats |-> <<<<>>, <<>>>>,
        paramHistory |-> <<>>,
        metricStats |-> <<>>,
        metricHistory |-> <<>>,
        allMetrics |-> TRUE,
        counted |-> <<>>,
        params |-> <<<<>>, <<>>>>,
        metrics |-> <<>>,
        count |-> 0 ],
  used |->
      << [ stats |-> <<<<>>, <<>>>>,
           paramHistory |-> <<>>,
           metricStats |-> <<>>,
           metricHistory |-> <<>>,
           allMetrics |-> TRUE,
           counted |-> <<>>,
           params |-> <<<<>>, <<>>>>,
           metrics |-> <<>>,
           count |-> 0 ],
         [ stats |-> <<<<>>, <<>>>>,
           paramHistory |-> <<>>,
           metricStats |-> <<>>,
           metricHistory |-> <<>>,
           allMetrics |-> TRUE,
           counted |-> <<>>,
           params |-> <<<<>>, <<>>>>,
           metrics |-> <<>>,
           count |-> 0 ] >>,
  committed |-> {},
  saved |-> {},
  completed |-> <<>>,
  unknownSeen |-> {},
  mon |->
      [ pc |-> "acquire",
        pending |-> {},
        deadView |-> {},
        reportAges |-> (c1 :> 0 @@ c2 :> 0) ] ]
/\ faults = [ before |-> 0,
  snapshot |-> 0,
  filter |-> 0,
  delivery |-> 0,
  resultError |-> 0,
  conversion |-> 0,
  param |-> 0,
  metricPrep |-> 0,
  metric |-> 0,
  ackLoss |-> 0,
  cancel |-> 0,
  dead |-> 0 ]

State 40: <MCNext line 162, col 8 to line 163, col 26 of module MC>
/\ s = [ aggr |->
      [ receivedCount |-> 1,
        failedClients |-> {},
        task |-> 1,
        applied |-> <<<<<<1, c1>>>>, <<<<1, c1>>>>>>,
        stats |-> <<<<<<1, c1>>>>, <<<<1, c1>>>>>>,
        paramHistory |-> <<<<1, c1>>>>,
        metricApplied |-> <<<<1, c1>>>>,
        metricStats |-> <<<<1, c1>>>>,
        metricHistory |-> <<<<1, c1>>>>,
        allMetrics |-> TRUE,
        counted |-> <<<<1, c1>>>> ],
  dead |->
      ( c1 :> [age |-> 0, reported |-> FALSE, disconnected |-> FALSE] @@
        c2 :> [age |-> 0, reported |-> FALSE, disconnected |-> FALSE] ),
  net |-> <<(c1 :> <<"queued">> @@ c2 :> <<>>), (c1 :> <<>> @@ c2 :> <<>>)>>,
  wf |->
      [ abort |-> FALSE,
        pc |-> "wait",
        round |-> 1,
        sourceVersion |-> 0,
        started |-> {1},
        outcome |-> "running",
        open |-> TRUE ],
  task |->
      << [ scheduled |-> TRUE,
           standing |-> TRUE,
           status |-> "LIVE",
           sourceAtSchedule |-> 0,
           broadcastVersion |-> 0,
           assignedOrder |-> <<<<1, c1>>>>,
           age |-> 0,
           cleaned |-> FALSE,
           retiredStatus |-> "NEW",
           retiredOutstanding |-> {} ],
         [ scheduled |-> FALSE,
           standing |-> FALSE,
           status |-> "NEW",
           sourceAtSchedule |-> -1,
           broadcastVersion |-> -1,
           assignedOrder |-> <<>>,
           age |-> 0,
           cleaned |-> FALSE,
           retiredStatus |-> "NEW",
           retiredOutstanding |-> {} ] >>,
  ct |->
      << ( c1 :>
               [ delivery |-> "ready",
                 assigned |-> TRUE,
                 headerId |-> <<1, c1>>,
                 headerRound |-> 0,
                 inputVersion |-> 0,
                 result |-> "params",
                 metricKind |-> "present",
                 receipt |-> FALSE,
                 decision |-> "pending",
                 invocations |-> 1 ] @@
           c2 :>
               [ delivery |-> "none",
                 assigned |-> FALSE,
                 headerId |-> <<0, "">>,
                 headerRound |-> -1,
                 inputVersion |-> -1,
                 result |-> "none",
                 metricKind |-> "none",
                 receipt |-> FALSE,
                 decision |-> "pending",
                 invocations |-> 0 ] ),
         ( c1 :>
               [ delivery |-> "none",
                 assigned |-> FALSE,
                 headerId |-> <<0, "">>,
                 headerRound |-> -1,
                 inputVersion |-> -1,
                 result |-> "none",
                 metricKind |-> "none",
                 receipt |-> FALSE,
                 decision |-> "pending",
                 invocations |-> 0 ] @@
           c2 :>
               [ delivery |-> "none",
                 assigned |-> FALSE,
                 headerId |-> <<0, "">>,
                 headerRound |-> -1,
                 inputVersion |-> -1,
                 result |-> "none",
                 metricKind |-> "none",
                 receipt |-> FALSE,
                 decision |-> "pending",
                 invocations |-> 0 ] ) >>,
  comm |->
      [ id |-> <<1, c1>>,
        kind |-> "submit",
        pc |-> "decision",
        attempt |-> 1,
        key |-> 3,
        accepted |-> TRUE,
        exit |-> "LIVE",
        writeStatus |-> FALSE,
        pending |-> {},
        deadView |-> {} ],
  runner |->
      [ id |-> <<1, c1>>,
        kind |-> "submit",
        pc |-> "busy",
        client |-> "",
        attempt |-> 1 ],
  requested |-> {},
  scratch |->
      [ stats |-> <<<<>>, <<>>>>,
        paramHistory |-> <<>>,
        metricStats |-> <<>>,
        metricHistory |-> <<>>,
        allMetrics |-> TRUE,
        counted |-> <<>>,
        params |-> <<<<>>, <<>>>>,
        metrics |-> <<>>,
        count |-> 0 ],
  used |->
      << [ stats |-> <<<<>>, <<>>>>,
           paramHistory |-> <<>>,
           metricStats |-> <<>>,
           metricHistory |-> <<>>,
           allMetrics |-> TRUE,
           counted |-> <<>>,
           params |-> <<<<>>, <<>>>>,
           metrics |-> <<>>,
           count |-> 0 ],
         [ stats |-> <<<<>>, <<>>>>,
           paramHistory |-> <<>>,
           metricStats |-> <<>>,
           metricHistory |-> <<>>,
           allMetrics |-> TRUE,
           counted |-> <<>>,
           params |-> <<<<>>, <<>>>>,
           metrics |-> <<>>,
           count |-> 0 ] >>,
  committed |-> {},
  saved |-> {},
  completed |-> <<>>,
  unknownSeen |-> {},
  mon |->
      [ pc |-> "acquire",
        pending |-> {},
        deadView |-> {},
        reportAges |-> (c1 :> 0 @@ c2 :> 0) ] ]
/\ faults = [ before |-> 0,
  snapshot |-> 0,
  filter |-> 0,
  delivery |-> 0,
  resultError |-> 0,
  conversion |-> 0,
  param |-> 0,
  metricPrep |-> 0,
  metric |-> 0,
  ackLoss |-> 0,
  cancel |-> 0,
  dead |-> 0 ]

State 41: <MCNext line 162, col 8 to line 163, col 26 of module MC>
/\ s = [ aggr |->
      [ receivedCount |-> 1,
        failedClients |-> {},
        task |-> 1,
        applied |-> <<<<<<1, c1>>>>, <<<<1, c1>>>>>>,
        stats |-> <<<<<<1, c1>>>>, <<<<1, c1>>>>>>,
        paramHistory |-> <<<<1, c1>>>>,
        metricApplied |-> <<<<1, c1>>>>,
        metricStats |-> <<<<1, c1>>>>,
        metricHistory |-> <<<<1, c1>>>>,
        allMetrics |-> TRUE,
        counted |-> <<<<1, c1>>>> ],
  dead |->
      ( c1 :> [age |-> 0, reported |-> FALSE, disconnected |-> FALSE] @@
        c2 :> [age |-> 0, reported |-> FALSE, disconnected |-> FALSE] ),
  net |-> <<(c1 :> <<"queued">> @@ c2 :> <<>>), (c1 :> <<>> @@ c2 :> <<>>)>>,
  wf |->
      [ abort |-> FALSE,
        pc |-> "wait",
        round |-> 1,
        sourceVersion |-> 0,
        started |-> {1},
        outcome |-> "running",
        open |-> TRUE ],
  task |->
      << [ scheduled |-> TRUE,
           standing |-> TRUE,
           status |-> "LIVE",
           sourceAtSchedule |-> 0,
           broadcastVersion |-> 0,
           assignedOrder |-> <<<<1, c1>>>>,
           age |-> 0,
           cleaned |-> FALSE,
           retiredStatus |-> "NEW",
           retiredOutstanding |-> {} ],
         [ scheduled |-> FALSE,
           standing |-> FALSE,
           status |-> "NEW",
           sourceAtSchedule |-> -1,
           broadcastVersion |-> -1,
           assignedOrder |-> <<>>,
           age |-> 0,
           cleaned |-> FALSE,
           retiredStatus |-> "NEW",
           retiredOutstanding |-> {} ] >>,
  ct |->
      << ( c1 :>
               [ delivery |-> "ready",
                 assigned |-> TRUE,
                 headerId |-> <<1, c1>>,
                 headerRound |-> 0,
                 inputVersion |-> 0,
                 result |-> "params",
                 metricKind |-> "present",
                 receipt |-> FALSE,
                 decision |-> "accepted",
                 invocations |-> 1 ] @@
           c2 :>
               [ delivery |-> "none",
                 assigned |-> FALSE,
                 headerId |-> <<0, "">>,
                 headerRound |-> -1,
                 inputVersion |-> -1,
                 result |-> "none",
                 metricKind |-> "none",
                 receipt |-> FALSE,
                 decision |-> "pending",
                 invocations |-> 0 ] ),
         ( c1 :>
               [ delivery |-> "none",
                 assigned |-> FALSE,
                 headerId |-> <<0, "">>,
                 headerRound |-> -1,
                 inputVersion |-> -1,
                 result |-> "none",
                 metricKind |-> "none",
                 receipt |-> FALSE,
                 decision |-> "pending",
                 invocations |-> 0 ] @@
           c2 :>
               [ delivery |-> "none",
                 assigned |-> FALSE,
                 headerId |-> <<0, "">>,
                 headerRound |-> -1,
                 inputVersion |-> -1,
                 result |-> "none",
                 metricKind |-> "none",
                 receipt |-> FALSE,
                 decision |-> "pending",
                 invocations |-> 0 ] ) >>,
  comm |->
      [ id |-> <<1, c1>>,
        kind |-> "submit",
        pc |-> "cleanup",
        attempt |-> 1,
        key |-> 3,
        accepted |-> TRUE,
        exit |-> "LIVE",
        writeStatus |-> FALSE,
        pending |-> {},
        deadView |-> {} ],
  runner |->
      [ id |-> <<1, c1>>,
        kind |-> "submit",
        pc |-> "busy",
        client |-> "",
        attempt |-> 1 ],
  requested |-> {},
  scratch |->
      [ stats |-> <<<<>>, <<>>>>,
        paramHistory |-> <<>>,
        metricStats |-> <<>>,
        metricHistory |-> <<>>,
        allMetrics |-> TRUE,
        counted |-> <<>>,
        params |-> <<<<>>, <<>>>>,
        metrics |-> <<>>,
        count |-> 0 ],
  used |->
      << [ stats |-> <<<<>>, <<>>>>,
           paramHistory |-> <<>>,
           metricStats |-> <<>>,
           metricHistory |-> <<>>,
           allMetrics |-> TRUE,
           counted |-> <<>>,
           params |-> <<<<>>, <<>>>>,
           metrics |-> <<>>,
           count |-> 0 ],
         [ stats |-> <<<<>>, <<>>>>,
           paramHistory |-> <<>>,
           metricStats |-> <<>>,
           metricHistory |-> <<>>,
           allMetrics |-> TRUE,
           counted |-> <<>>,
           params |-> <<<<>>, <<>>>>,
           metrics |-> <<>>,
           count |-> 0 ] >>,
  committed |-> {},
  saved |-> {},
  completed |-> <<>>,
  unknownSeen |-> {},
  mon |->
      [ pc |-> "acquire",
        pending |-> {},
        deadView |-> {},
        reportAges |-> (c1 :> 0 @@ c2 :> 0) ] ]
/\ faults = [ before |-> 0,
  snapshot |-> 0,
  filter |-> 0,
  delivery |-> 0,
  resultError |-> 0,
  conversion |-> 0,
  param |-> 0,
  metricPrep |-> 0,
  metric |-> 0,
  ackLoss |-> 0,
  cancel |-> 0,
  dead |-> 0 ]

State 42: <MCNext line 162, col 8 to line 163, col 26 of module MC>
/\ s = [ aggr |->
      [ receivedCount |-> 1,
        failedClients |-> {},
        task |-> 1,
        applied |-> <<<<<<1, c1>>>>, <<<<1, c1>>>>>>,
        stats |-> <<<<<<1, c1>>>>, <<<<1, c1>>>>>>,
        paramHistory |-> <<<<1, c1>>>>,
        metricApplied |-> <<<<1, c1>>>>,
        metricStats |-> <<<<1, c1>>>>,
        metricHistory |-> <<<<1, c1>>>>,
        allMetrics |-> TRUE,
        counted |-> <<<<1, c1>>>> ],
  dead |->
      ( c1 :> [age |-> 0, reported |-> FALSE, disconnected |-> FALSE] @@
        c2 :> [age |-> 0, reported |-> FALSE, disconnected |-> FALSE] ),
  net |-> <<(c1 :> <<"queued">> @@ c2 :> <<>>), (c1 :> <<>> @@ c2 :> <<>>)>>,
  wf |->
      [ abort |-> FALSE,
        pc |-> "wait",
        round |-> 1,
        sourceVersion |-> 0,
        started |-> {1},
        outcome |-> "running",
        open |-> TRUE ],
  task |->
      << [ scheduled |-> TRUE,
           standing |-> TRUE,
           status |-> "LIVE",
           sourceAtSchedule |-> 0,
           broadcastVersion |-> 0,
           assignedOrder |-> <<<<1, c1>>>>,
           age |-> 0,
           cleaned |-> FALSE,
           retiredStatus |-> "NEW",
           retiredOutstanding |-> {} ],
         [ scheduled |-> FALSE,
           standing |-> FALSE,
           status |-> "NEW",
           sourceAtSchedule |-> -1,
           broadcastVersion |-> -1,
           assignedOrder |-> <<>>,
           age |-> 0,
           cleaned |-> FALSE,
           retiredStatus |-> "NEW",
           retiredOutstanding |-> {} ] >>,
  ct |->
      << ( c1 :>
               [ delivery |-> "ready",
                 assigned |-> TRUE,
                 headerId |-> <<1, c1>>,
                 headerRound |-> 0,
                 inputVersion |-> 0,
                 result |-> "params",
                 metricKind |-> "present",
                 receipt |-> FALSE,
                 decision |-> "accepted",
                 invocations |-> 1 ] @@
           c2 :>
               [ delivery |-> "none",
                 assigned |-> FALSE,
                 headerId |-> <<0, "">>,
                 headerRound |-> -1,
                 inputVersion |-> -1,
                 result |-> "none",
                 metricKind |-> "none",
                 receipt |-> FALSE,
                 decision |-> "pending",
                 invocations |-> 0 ] ),
         ( c1 :>
               [ delivery |-> "none",
                 assigned |-> FALSE,
                 headerId |-> <<0, "">>,
                 headerRound |-> -1,
                 inputVersion |-> -1,
                 result |-> "none",
                 metricKind |-> "none",
                 receipt |-> FALSE,
                 decision |-> "pending",
                 invocations |-> 0 ] @@
           c2 :>
               [ delivery |-> "none",
                 assigned |-> FALSE,
                 headerId |-> <<0, "">>,
                 headerRound |-> -1,
                 inputVersion |-> -1,
                 result |-> "none",
                 metricKind |-> "none",
                 receipt |-> FALSE,
                 decision |-> "pending",
                 invocations |-> 0 ] ) >>,
  comm |->
      [ id |-> <<1, c1>>,
        kind |-> "submit",
        pc |-> "receipt",
        attempt |-> 1,
        key |-> 3,
        accepted |-> TRUE,
        exit |-> "LIVE",
        writeStatus |-> FALSE,
        pending |-> {},
        deadView |-> {} ],
  runner |->
      [ id |-> <<1, c1>>,
        kind |-> "submit",
        pc |-> "busy",
        client |-> "",
        attempt |-> 1 ],
  requested |-> {},
  scratch |->
      [ stats |-> <<<<>>, <<>>>>,
        paramHistory |-> <<>>,
        metricStats |-> <<>>,
        metricHistory |-> <<>>,
        allMetrics |-> TRUE,
        counted |-> <<>>,
        params |-> <<<<>>, <<>>>>,
        metrics |-> <<>>,
        count |-> 0 ],
  used |->
      << [ stats |-> <<<<>>, <<>>>>,
           paramHistory |-> <<>>,
           metricStats |-> <<>>,
           metricHistory |-> <<>>,
           allMetrics |-> TRUE,
           counted |-> <<>>,
           params |-> <<<<>>, <<>>>>,
           metrics |-> <<>>,
           count |-> 0 ],
         [ stats |-> <<<<>>, <<>>>>,
           paramHistory |-> <<>>,
           metricStats |-> <<>>,
           metricHistory |-> <<>>,
           allMetrics |-> TRUE,
           counted |-> <<>>,
           params |-> <<<<>>, <<>>>>,
           metrics |-> <<>>,
           count |-> 0 ] >>,
  committed |-> {},
  saved |-> {},
  completed |-> <<>>,
  unknownSeen |-> {},
  mon |->
      [ pc |-> "acquire",
        pending |-> {},
        deadView |-> {},
        reportAges |-> (c1 :> 0 @@ c2 :> 0) ] ]
/\ faults = [ before |-> 0,
  snapshot |-> 0,
  filter |-> 0,
  delivery |-> 0,
  resultError |-> 0,
  conversion |-> 0,
  param |-> 0,
  metricPrep |-> 0,
  metric |-> 0,
  ackLoss |-> 0,
  cancel |-> 0,
  dead |-> 0 ]

State 43: <MCWFCommCancelTask(1) line 79, col 5 to line 82, col 47 of module MC>
/\ s = [ aggr |->
      [ receivedCount |-> 1,
        failedClients |-> {},
        task |-> 1,
        applied |-> <<<<<<1, c1>>>>, <<<<1, c1>>>>>>,
        stats |-> <<<<<<1, c1>>>>, <<<<1, c1>>>>>>,
        paramHistory |-> <<<<1, c1>>>>,
        metricApplied |-> <<<<1, c1>>>>,
        metricStats |-> <<<<1, c1>>>>,
        metricHistory |-> <<<<1, c1>>>>,
        allMetrics |-> TRUE,
        counted |-> <<<<1, c1>>>> ],
  dead |->
      ( c1 :> [age |-> 0, reported |-> FALSE, disconnected |-> FALSE] @@
        c2 :> [age |-> 0, reported |-> FALSE, disconnected |-> FALSE] ),
  net |-> <<(c1 :> <<"queued">> @@ c2 :> <<>>), (c1 :> <<>> @@ c2 :> <<>>)>>,
  wf |->
      [ abort |-> FALSE,
        pc |-> "wait",
        round |-> 1,
        sourceVersion |-> 0,
        started |-> {1},
        outcome |-> "running",
        open |-> TRUE ],
  task |->
      << [ scheduled |-> TRUE,
           standing |-> TRUE,
           status |-> "CANCELLED",
           sourceAtSchedule |-> 0,
           broadcastVersion |-> 0,
           assignedOrder |-> <<<<1, c1>>>>,
           age |-> 0,
           cleaned |-> FALSE,
           retiredStatus |-> "NEW",
           retiredOutstanding |-> {} ],
         [ scheduled |-> FALSE,
           standing |-> FALSE,
           status |-> "NEW",
           sourceAtSchedule |-> -1,
           broadcastVersion |-> -1,
           assignedOrder |-> <<>>,
           age |-> 0,
           cleaned |-> FALSE,
           retiredStatus |-> "NEW",
           retiredOutstanding |-> {} ] >>,
  ct |->
      << ( c1 :>
               [ delivery |-> "ready",
                 assigned |-> TRUE,
                 headerId |-> <<1, c1>>,
                 headerRound |-> 0,
                 inputVersion |-> 0,
                 result |-> "params",
                 metricKind |-> "present",
                 receipt |-> FALSE,
                 decision |-> "accepted",
                 invocations |-> 1 ] @@
           c2 :>
               [ delivery |-> "none",
                 assigned |-> FALSE,
                 headerId |-> <<0, "">>,
                 headerRound |-> -1,
                 inputVersion |-> -1,
                 result |-> "none",
                 metricKind |-> "none",
                 receipt |-> FALSE,
                 decision |-> "pending",
                 invocations |-> 0 ] ),
         ( c1 :>
               [ delivery |-> "none",
                 assigned |-> FALSE,
                 headerId |-> <<0, "">>,
                 headerRound |-> -1,
                 inputVersion |-> -1,
                 result |-> "none",
                 metricKind |-> "none",
                 receipt |-> FALSE,
                 decision |-> "pending",
                 invocations |-> 0 ] @@
           c2 :>
               [ delivery |-> "none",
                 assigned |-> FALSE,
                 headerId |-> <<0, "">>,
                 headerRound |-> -1,
                 inputVersion |-> -1,
                 result |-> "none",
                 metricKind |-> "none",
                 receipt |-> FALSE,
                 decision |-> "pending",
                 invocations |-> 0 ] ) >>,
  comm |->
      [ id |-> <<1, c1>>,
        kind |-> "submit",
        pc |-> "receipt",
        attempt |-> 1,
        key |-> 3,
        accepted |-> TRUE,
        exit |-> "LIVE",
        writeStatus |-> FALSE,
        pending |-> {},
        deadView |-> {} ],
  runner |->
      [ id |-> <<1, c1>>,
        kind |-> "submit",
        pc |-> "busy",
        client |-> "",
        attempt |-> 1 ],
  requested |-> {},
  scratch |->
      [ stats |-> <<<<>>, <<>>>>,
        paramHistory |-> <<>>,
        metricStats |-> <<>>,
        metricHistory |-> <<>>,
        allMetrics |-> TRUE,
        counted |-> <<>>,
        params |-> <<<<>>, <<>>>>,
        metrics |-> <<>>,
        count |-> 0 ],
  used |->
      << [ stats |-> <<<<>>, <<>>>>,
           paramHistory |-> <<>>,
           metricStats |-> <<>>,
           metricHistory |-> <<>>,
           allMetrics |-> TRUE,
           counted |-> <<>>,
           params |-> <<<<>>, <<>>>>,
           metrics |-> <<>>,
           count |-> 0 ],
         [ stats |-> <<<<>>, <<>>>>,
           paramHistory |-> <<>>,
           metricStats |-> <<>>,
           metricHistory |-> <<>>,
           allMetrics |-> TRUE,
           counted |-> <<>>,
           params |-> <<<<>>, <<>>>>,
           metrics |-> <<>>,
           count |-> 0 ] >>,
  committed |-> {},
  saved |-> {},
  completed |-> <<>>,
  unknownSeen |-> {},
  mon |->
      [ pc |-> "acquire",
        pending |-> {},
        deadView |-> {},
        reportAges |-> (c1 :> 0 @@ c2 :> 0) ] ]
/\ faults = [ before |-> 0,
  snapshot |-> 0,
  filter |-> 0,
  delivery |-> 0,
  resultError |-> 0,
  conversion |-> 0,
  param |-> 0,
  metricPrep |-> 0,
  metric |-> 0,
  ackLoss |-> 0,
  cancel |-> 1,
  dead |-> 0 ]

State 44: <MCNext line 162, col 8 to line 163, col 26 of module MC>
/\ s = [ aggr |->
      [ receivedCount |-> 1,
        failedClients |-> {},
        task |-> 1,
        applied |-> <<<<<<1, c1>>>>, <<<<1, c1>>>>>>,
        stats |-> <<<<<<1, c1>>>>, <<<<1, c1>>>>>>,
        paramHistory |-> <<<<1, c1>>>>,
        metricApplied |-> <<<<1, c1>>>>,
        metricStats |-> <<<<1, c1>>>>,
        metricHistory |-> <<<<1, c1>>>>,
        allMetrics |-> TRUE,
        counted |-> <<<<1, c1>>>> ],
  dead |->
      ( c1 :> [age |-> 0, reported |-> FALSE, disconnected |-> FALSE] @@
        c2 :> [age |-> 0, reported |-> FALSE, disconnected |-> FALSE] ),
  net |-> <<(c1 :> <<"handled">> @@ c2 :> <<>>), (c1 :> <<>> @@ c2 :> <<>>)>>,
  wf |->
      [ abort |-> FALSE,
        pc |-> "wait",
        round |-> 1,
        sourceVersion |-> 0,
        started |-> {1},
        outcome |-> "running",
        open |-> TRUE ],
  task |->
      << [ scheduled |-> TRUE,
           standing |-> TRUE,
           status |-> "CANCELLED",
           sourceAtSchedule |-> 0,
           broadcastVersion |-> 0,
           assignedOrder |-> <<<<1, c1>>>>,
           age |-> 0,
           cleaned |-> FALSE,
           retiredStatus |-> "NEW",
           retiredOutstanding |-> {} ],
         [ scheduled |-> FALSE,
           standing |-> FALSE,
           status |-> "NEW",
           sourceAtSchedule |-> -1,
           broadcastVersion |-> -1,
           assignedOrder |-> <<>>,
           age |-> 0,
           cleaned |-> FALSE,
           retiredStatus |-> "NEW",
           retiredOutstanding |-> {} ] >>,
  ct |->
      << ( c1 :>
               [ delivery |-> "ready",
                 assigned |-> TRUE,
                 headerId |-> <<1, c1>>,
                 headerRound |-> 0,
                 inputVersion |-> 0,
                 result |-> "params",
                 metricKind |-> "present",
                 receipt |-> TRUE,
                 decision |-> "accepted",
                 invocations |-> 1 ] @@
           c2 :>
               [ delivery |-> "none",
                 assigned |-> FALSE,
                 headerId |-> <<0, "">>,
                 headerRound |-> -1,
                 inputVersion |-> -1,
                 result |-> "none",
                 metricKind |-> "none",
                 receipt |-> FALSE,
                 decision |-> "pending",
                 invocations |-> 0 ] ),
         ( c1 :>
               [ delivery |-> "none",
                 assigned |-> FALSE,
                 headerId |-> <<0, "">>,
                 headerRound |-> -1,
                 inputVersion |-> -1,
                 result |-> "none",
                 metricKind |-> "none",
                 receipt |-> FALSE,
                 decision |-> "pending",
                 invocations |-> 0 ] @@
           c2 :>
               [ delivery |-> "none",
                 assigned |-> FALSE,
                 headerId |-> <<0, "">>,
                 headerRound |-> -1,
                 inputVersion |-> -1,
                 result |-> "none",
                 metricKind |-> "none",
                 receipt |-> FALSE,
                 decision |-> "pending",
                 invocations |-> 0 ] ) >>,
  comm |->
      [ id |-> <<0, "">>,
        kind |-> "free",
        pc |-> "idle",
        attempt |-> 0,
        key |-> 1,
        accepted |-> FALSE,
        exit |-> "LIVE",
        writeStatus |-> FALSE,
        pending |-> {},
        deadView |-> {} ],
  runner |->
      [ id |-> <<0, "">>,
        kind |-> "free",
        pc |-> "idle",
        client |-> "",
        attempt |-> 0 ],
  requested |-> {},
  scratch |->
      [ stats |-> <<<<>>, <<>>>>,
        paramHistory |-> <<>>,
        metricStats |-> <<>>,
        metricHistory |-> <<>>,
        allMetrics |-> TRUE,
        counted |-> <<>>,
        params |-> <<<<>>, <<>>>>,
        metrics |-> <<>>,
        count |-> 0 ],
  used |->
      << [ stats |-> <<<<>>, <<>>>>,
           paramHistory |-> <<>>,
           metricStats |-> <<>>,
           metricHistory |-> <<>>,
           allMetrics |-> TRUE,
           counted |-> <<>>,
           params |-> <<<<>>, <<>>>>,
           metrics |-> <<>>,
           count |-> 0 ],
         [ stats |-> <<<<>>, <<>>>>,
           paramHistory |-> <<>>,
           metricStats |-> <<>>,
           metricHistory |-> <<>>,
           allMetrics |-> TRUE,
           counted |-> <<>>,
           params |-> <<<<>>, <<>>>>,
           metrics |-> <<>>,
           count |-> 0 ] >>,
  committed |-> {},
  saved |-> {},
  completed |-> <<>>,
  unknownSeen |-> {},
  mon |->
      [ pc |-> "acquire",
        pending |-> {},
        deadView |-> {},
        reportAges |-> (c1 :> 0 @@ c2 :> 0) ] ]
/\ faults = [ before |-> 0,
  snapshot |-> 0,
  filter |-> 0,
  delivery |-> 0,
  resultError |-> 0,
  conversion |-> 0,
  param |-> 0,
  metricPrep |-> 0,
  metric |-> 0,
  ackLoss |-> 0,
  cancel |-> 1,
  dead |-> 0 ]

State 45: <MCNext line 162, col 8 to line 163, col 26 of module MC>
/\ s = [ aggr |->
      [ receivedCount |-> 1,
        failedClients |-> {},
        task |-> 1,
        applied |-> <<<<<<1, c1>>>>, <<<<1, c1>>>>>>,
        stats |-> <<<<<<1, c1>>>>, <<<<1, c1>>>>>>,
        paramHistory |-> <<<<1, c1>>>>,
        metricApplied |-> <<<<1, c1>>>>,
        metricStats |-> <<<<1, c1>>>>,
        metricHistory |-> <<<<1, c1>>>>,
        allMetrics |-> TRUE,
        counted |-> <<<<1, c1>>>> ],
  dead |->
      ( c1 :> [age |-> 0, reported |-> FALSE, disconnected |-> FALSE] @@
        c2 :> [age |-> 0, reported |-> FALSE, disconnected |-> FALSE] ),
  net |-> <<(c1 :> <<"handled">> @@ c2 :> <<>>), (c1 :> <<>> @@ c2 :> <<>>)>>,
  wf |->
      [ abort |-> FALSE,
        pc |-> "wait",
        round |-> 1,
        sourceVersion |-> 0,
        started |-> {1},
        outcome |-> "running",
        open |-> TRUE ],
  task |->
      << [ scheduled |-> TRUE,
           standing |-> TRUE,
           status |-> "CANCELLED",
           sourceAtSchedule |-> 0,
           broadcastVersion |-> 0,
           assignedOrder |-> <<<<1, c1>>>>,
           age |-> 0,
           cleaned |-> FALSE,
           retiredStatus |-> "NEW",
           retiredOutstanding |-> {} ],
         [ scheduled |-> FALSE,
           standing |-> FALSE,
           status |-> "NEW",
           sourceAtSchedule |-> -1,
           broadcastVersion |-> -1,
           assignedOrder |-> <<>>,
           age |-> 0,
           cleaned |-> FALSE,
           retiredStatus |-> "NEW",
           retiredOutstanding |-> {} ] >>,
  ct |->
      << ( c1 :>
               [ delivery |-> "ready",
                 assigned |-> TRUE,
                 headerId |-> <<1, c1>>,
                 headerRound |-> 0,
                 inputVersion |-> 0,
                 result |-> "params",
                 metricKind |-> "present",
                 receipt |-> TRUE,
                 decision |-> "accepted",
                 invocations |-> 1 ] @@
           c2 :>
               [ delivery |-> "none",
                 assigned |-> FALSE,
                 headerId |-> <<0, "">>,
                 headerRound |-> -1,
                 inputVersion |-> -1,
                 result |-> "none",
                 metricKind |-> "none",
                 receipt |-> FALSE,
                 decision |-> "pending",
                 invocations |-> 0 ] ),
         ( c1 :>
               [ delivery |-> "none",
                 assigned |-> FALSE,
                 headerId |-> <<0, "">>,
                 headerRound |-> -1,
                 inputVersion |-> -1,
                 result |-> "none",
                 metricKind |-> "none",
                 receipt |-> FALSE,
                 decision |-> "pending",
                 invocations |-> 0 ] @@
           c2 :>
               [ delivery |-> "none",
                 assigned |-> FALSE,
                 headerId |-> <<0, "">>,
                 headerRound |-> -1,
                 inputVersion |-> -1,
                 result |-> "none",
                 metricKind |-> "none",
                 receipt |-> FALSE,
                 decision |-> "pending",
                 invocations |-> 0 ] ) >>,
  comm |->
      [ id |-> <<0, "">>,
        kind |-> "monitor",
        pc |-> "select",
        attempt |-> 0,
        key |-> 1,
        accepted |-> FALSE,
        exit |-> "LIVE",
        writeStatus |-> FALSE,
        pending |-> {},
        deadView |-> {} ],
  runner |->
      [ id |-> <<0, "">>,
        kind |-> "free",
        pc |-> "idle",
        client |-> "",
        attempt |-> 0 ],
  requested |-> {},
  scratch |->
      [ stats |-> <<<<>>, <<>>>>,
        paramHistory |-> <<>>,
        metricStats |-> <<>>,
        metricHistory |-> <<>>,
        allMetrics |-> TRUE,
        counted |-> <<>>,
        params |-> <<<<>>, <<>>>>,
        metrics |-> <<>>,
        count |-> 0 ],
  used |->
      << [ stats |-> <<<<>>, <<>>>>,
           paramHistory |-> <<>>,
           metricStats |-> <<>>,
           metricHistory |-> <<>>,
           allMetrics |-> TRUE,
           counted |-> <<>>,
           params |-> <<<<>>, <<>>>>,
           metrics |-> <<>>,
           count |-> 0 ],
         [ stats |-> <<<<>>, <<>>>>,
           paramHistory |-> <<>>,
           metricStats |-> <<>>,
           metricHistory |-> <<>>,
           allMetrics |-> TRUE,
           counted |-> <<>>,
           params |-> <<<<>>, <<>>>>,
           metrics |-> <<>>,
           count |-> 0 ] >>,
  committed |-> {},
  saved |-> {},
  completed |-> <<>>,
  unknownSeen |-> {},
  mon |->
      [ pc |-> "locked",
        pending |-> {},
        deadView |-> {},
        reportAges |-> (c1 :> 0 @@ c2 :> 0) ] ]
/\ faults = [ before |-> 0,
  snapshot |-> 0,
  filter |-> 0,
  delivery |-> 0,
  resultError |-> 0,
  conversion |-> 0,
  param |-> 0,
  metricPrep |-> 0,
  metric |-> 0,
  ackLoss |-> 0,
  cancel |-> 1,
  dead |-> 0 ]

State 46: <MCNext line 162, col 8 to line 163, col 26 of module MC>
/\ s = [ aggr |->
      [ receivedCount |-> 1,
        failedClients |-> {},
        task |-> 1,
        applied |-> <<<<<<1, c1>>>>, <<<<1, c1>>>>>>,
        stats |-> <<<<<<1, c1>>>>, <<<<1, c1>>>>>>,
        paramHistory |-> <<<<1, c1>>>>,
        metricApplied |-> <<<<1, c1>>>>,
        metricStats |-> <<<<1, c1>>>>,
        metricHistory |-> <<<<1, c1>>>>,
        allMetrics |-> TRUE,
        counted |-> <<<<1, c1>>>> ],
  dead |->
      ( c1 :> [age |-> 0, reported |-> FALSE, disconnected |-> FALSE] @@
        c2 :> [age |-> 0, reported |-> FALSE, disconnected |-> FALSE] ),
  net |-> <<(c1 :> <<"handled">> @@ c2 :> <<>>), (c1 :> <<>> @@ c2 :> <<>>)>>,
  wf |->
      [ abort |-> FALSE,
        pc |-> "wait",
        round |-> 1,
        sourceVersion |-> 0,
        started |-> {1},
        outcome |-> "running",
        open |-> TRUE ],
  task |->
      << [ scheduled |-> TRUE,
           standing |-> TRUE,
           status |-> "CANCELLED",
           sourceAtSchedule |-> 0,
           broadcastVersion |-> 0,
           assignedOrder |-> <<<<1, c1>>>>,
           age |-> 0,
           cleaned |-> FALSE,
           retiredStatus |-> "NEW",
           retiredOutstanding |-> {} ],
         [ scheduled |-> FALSE,
           standing |-> FALSE,
           status |-> "NEW",
           sourceAtSchedule |-> -1,
           broadcastVersion |-> -1,
           assignedOrder |-> <<>>,
           age |-> 0,
           cleaned |-> FALSE,
           retiredStatus |-> "NEW",
           retiredOutstanding |-> {} ] >>,
  ct |->
      << ( c1 :>
               [ delivery |-> "ready",
                 assigned |-> TRUE,
                 headerId |-> <<1, c1>>,
                 headerRound |-> 0,
                 inputVersion |-> 0,
                 result |-> "params",
                 metricKind |-> "present",
                 receipt |-> TRUE,
                 decision |-> "accepted",
                 invocations |-> 1 ] @@
           c2 :>
               [ delivery |-> "none",
                 assigned |-> FALSE,
                 headerId |-> <<0, "">>,
                 headerRound |-> -1,
                 inputVersion |-> -1,
                 result |-> "none",
                 metricKind |-> "none",
                 receipt |-> FALSE,
                 decision |-> "pending",
                 invocations |-> 0 ] ),
         ( c1 :>
               [ delivery |-> "none",
                 assigned |-> FALSE,
                 headerId |-> <<0, "">>,
                 headerRound |-> -1,
                 inputVersion |-> -1,
                 result |-> "none",
                 metricKind |-> "none",
                 receipt |-> FALSE,
                 decision |-> "pending",
                 invocations |-> 0 ] @@
           c2 :>
               [ delivery |-> "none",
                 assigned |-> FALSE,
                 headerId |-> <<0, "">>,
                 headerRound |-> -1,
                 inputVersion |-> -1,
                 result |-> "none",
                 metricKind |-> "none",
                 receipt |-> FALSE,
                 decision |-> "pending",
                 invocations |-> 0 ] ) >>,
  comm |->
      [ id |-> <<1, "">>,
        kind |-> "monitor",
        pc |-> "remove",
        attempt |-> 0,
        key |-> 1,
        accepted |-> FALSE,
        exit |-> "LIVE",
        writeStatus |-> FALSE,
        pending |-> {},
        deadView |-> {} ],
  runner |->
      [ id |-> <<0, "">>,
        kind |-> "free",
        pc |-> "idle",
        client |-> "",
        attempt |-> 0 ],
  requested |-> {},
  scratch |->
      [ stats |-> <<<<>>, <<>>>>,
        paramHistory |-> <<>>,
        metricStats |-> <<>>,
        metricHistory |-> <<>>,
        allMetrics |-> TRUE,
        counted |-> <<>>,
        params |-> <<<<>>, <<>>>>,
        metrics |-> <<>>,
        count |-> 0 ],
  used |->
      << [ stats |-> <<<<>>, <<>>>>,
           paramHistory |-> <<>>,
           metricStats |-> <<>>,
           metricHistory |-> <<>>,
           allMetrics |-> TRUE,
           counted |-> <<>>,
           params |-> <<<<>>, <<>>>>,
           metrics |-> <<>>,
           count |-> 0 ],
         [ stats |-> <<<<>>, <<>>>>,
           paramHistory |-> <<>>,
           metricStats |-> <<>>,
           metricHistory |-> <<>>,
           allMetrics |-> TRUE,
           counted |-> <<>>,
           params |-> <<<<>>, <<>>>>,
           metrics |-> <<>>,
           count |-> 0 ] >>,
  committed |-> {},
  saved |-> {},
  completed |-> <<>>,
  unknownSeen |-> {},
  mon |->
      [ pc |-> "locked",
        pending |-> {},
        deadView |-> {},
        reportAges |-> (c1 :> 0 @@ c2 :> 0) ] ]
/\ faults = [ before |-> 0,
  snapshot |-> 0,
  filter |-> 0,
  delivery |-> 0,
  resultError |-> 0,
  conversion |-> 0,
  param |-> 0,
  metricPrep |-> 0,
  metric |-> 0,
  ackLoss |-> 0,
  cancel |-> 1,
  dead |-> 0 ]

State 47: <MCNext line 162, col 8 to line 163, col 26 of module MC>
/\ s = [ aggr |->
      [ receivedCount |-> 1,
        failedClients |-> {},
        task |-> 1,
        applied |-> <<<<<<1, c1>>>>, <<<<1, c1>>>>>>,
        stats |-> <<<<<<1, c1>>>>, <<<<1, c1>>>>>>,
        paramHistory |-> <<<<1, c1>>>>,
        metricApplied |-> <<<<1, c1>>>>,
        metricStats |-> <<<<1, c1>>>>,
        metricHistory |-> <<<<1, c1>>>>,
        allMetrics |-> TRUE,
        counted |-> <<<<1, c1>>>> ],
  dead |->
      ( c1 :> [age |-> 0, reported |-> FALSE, disconnected |-> FALSE] @@
        c2 :> [age |-> 0, reported |-> FALSE, disconnected |-> FALSE] ),
  net |-> <<(c1 :> <<"handled">> @@ c2 :> <<>>), (c1 :> <<>> @@ c2 :> <<>>)>>,
  wf |->
      [ abort |-> FALSE,
        pc |-> "wait",
        round |-> 1,
        sourceVersion |-> 0,
        started |-> {1},
        outcome |-> "running",
        open |-> TRUE ],
  task |->
      << [ scheduled |-> TRUE,
           standing |-> FALSE,
           status |-> "CANCELLED",
           sourceAtSchedule |-> 0,
           broadcastVersion |-> 0,
           assignedOrder |-> <<<<1, c1>>>>,
           age |-> 0,
           cleaned |-> FALSE,
           retiredStatus |-> "CANCELLED",
           retiredOutstanding |-> {c2} ],
         [ scheduled |-> FALSE,
           standing |-> FALSE,
           status |-> "NEW",
           sourceAtSchedule |-> -1,
           broadcastVersion |-> -1,
           assignedOrder |-> <<>>,
           age |-> 0,
           cleaned |-> FALSE,
           retiredStatus |-> "NEW",
           retiredOutstanding |-> {} ] >>,
  ct |->
      << ( c1 :>
               [ delivery |-> "ready",
                 assigned |-> TRUE,
                 headerId |-> <<1, c1>>,
                 headerRound |-> 0,
                 inputVersion |-> 0,
                 result |-> "params",
                 metricKind |-> "present",
                 receipt |-> TRUE,
                 decision |-> "accepted",
                 invocations |-> 1 ] @@
           c2 :>
               [ delivery |-> "none",
                 assigned |-> FALSE,
                 headerId |-> <<0, "">>,
                 headerRound |-> -1,
                 inputVersion |-> -1,
                 result |-> "none",
                 metricKind |-> "none",
                 receipt |-> FALSE,
                 decision |-> "pending",
                 invocations |-> 0 ] ),
         ( c1 :>
               [ delivery |-> "none",
                 assigned |-> FALSE,
                 headerId |-> <<0, "">>,
                 headerRound |-> -1,
                 inputVersion |-> -1,
                 result |-> "none",
                 metricKind |-> "none",
                 receipt |-> FALSE,
                 decision |-> "pending",
                 invocations |-> 0 ] @@
           c2 :>
               [ delivery |-> "none",
                 assigned |-> FALSE,
                 headerId |-> <<0, "">>,
                 headerRound |-> -1,
                 inputVersion |-> -1,
                 result |-> "none",
                 metricKind |-> "none",
                 receipt |-> FALSE,
                 decision |-> "pending",
                 invocations |-> 0 ] ) >>,
  comm |->
      [ id |-> <<1, "">>,
        kind |-> "monitor",
        pc |-> "exitCleanup",
        attempt |-> 0,
        key |-> 1,
        accepted |-> FALSE,
        exit |-> "LIVE",
        writeStatus |-> FALSE,
        pending |-> {},
        deadView |-> {} ],
  runner |->
      [ id |-> <<0, "">>,
        kind |-> "free",
        pc |-> "idle",
        client |-> "",
        attempt |-> 0 ],
  requested |-> {},
  scratch |->
      [ stats |-> <<<<>>, <<>>>>,
        paramHistory |-> <<>>,
        metricStats |-> <<>>,
        metricHistory |-> <<>>,
        allMetrics |-> TRUE,
        counted |-> <<>>,
        params |-> <<<<>>, <<>>>>,
        metrics |-> <<>>,
        count |-> 0 ],
  used |->
      << [ stats |-> <<<<>>, <<>>>>,
           paramHistory |-> <<>>,
           metricStats |-> <<>>,
           metricHistory |-> <<>>,
           allMetrics |-> TRUE,
           counted |-> <<>>,
           params |-> <<<<>>, <<>>>>,
           metrics |-> <<>>,
           count |-> 0 ],
         [ stats |-> <<<<>>, <<>>>>,
           paramHistory |-> <<>>,
           metricStats |-> <<>>,
           metricHistory |-> <<>>,
           allMetrics |-> TRUE,
           counted |-> <<>>,
           params |-> <<<<>>, <<>>>>,
           metrics |-> <<>>,
           count |-> 0 ] >>,
  committed |-> {},
  saved |-> {},
  completed |-> <<<<1, c1>>>>,
  unknownSeen |-> {},
  mon |->
      [ pc |-> "locked",
        pending |-> {},
        deadView |-> {},
        reportAges |-> (c1 :> 0 @@ c2 :> 0) ] ]
/\ faults = [ before |-> 0,
  snapshot |-> 0,
  filter |-> 0,
  delivery |-> 0,
  resultError |-> 0,
  conversion |-> 0,
  param |-> 0,
  metricPrep |-> 0,
  metric |-> 0,
  ackLoss |-> 0,
  cancel |-> 1,
  dead |-> 0 ]

State 48: <MCNext line 162, col 8 to line 163, col 26 of module MC>
/\ s = [ aggr |->
      [ receivedCount |-> 1,
        failedClients |-> {},
        task |-> 1,
        applied |-> <<<<<<1, c1>>>>, <<<<1, c1>>>>>>,
        stats |-> <<<<<<1, c1>>>>, <<<<1, c1>>>>>>,
        paramHistory |-> <<<<1, c1>>>>,
        metricApplied |-> <<<<1, c1>>>>,
        metricStats |-> <<<<1, c1>>>>,
        metricHistory |-> <<<<1, c1>>>>,
        allMetrics |-> TRUE,
        counted |-> <<<<1, c1>>>> ],
  dead |->
      ( c1 :> [age |-> 0, reported |-> FALSE, disconnected |-> FALSE] @@
        c2 :> [age |-> 0, reported |-> FALSE, disconnected |-> FALSE] ),
  net |-> <<(c1 :> <<"handled">> @@ c2 :> <<>>), (c1 :> <<>> @@ c2 :> <<>>)>>,
  wf |->
      [ abort |-> FALSE,
        pc |-> "aggregate",
        round |-> 1,
        sourceVersion |-> 0,
        started |-> {1},
        outcome |-> "running",
        open |-> TRUE ],
  task |->
      << [ scheduled |-> TRUE,
           standing |-> FALSE,
           status |-> "CANCELLED",
           sourceAtSchedule |-> 0,
           broadcastVersion |-> 0,
           assignedOrder |-> <<<<1, c1>>>>,
           age |-> 0,
           cleaned |-> FALSE,
           retiredStatus |-> "CANCELLED",
           retiredOutstanding |-> {c2} ],
         [ scheduled |-> FALSE,
           standing |-> FALSE,
           status |-> "NEW",
           sourceAtSchedule |-> -1,
           broadcastVersion |-> -1,
           assignedOrder |-> <<>>,
           age |-> 0,
           cleaned |-> FALSE,
           retiredStatus |-> "NEW",
           retiredOutstanding |-> {} ] >>,
  ct |->
      << ( c1 :>
               [ delivery |-> "ready",
                 assigned |-> TRUE,
                 headerId |-> <<1, c1>>,
                 headerRound |-> 0,
                 inputVersion |-> 0,
                 result |-> "params",
                 metricKind |-> "present",
                 receipt |-> TRUE,
                 decision |-> "accepted",
                 invocations |-> 1 ] @@
           c2 :>
               [ delivery |-> "none",
                 assigned |-> FALSE,
                 headerId |-> <<0, "">>,
                 headerRound |-> -1,
                 inputVersion |-> -1,
                 result |-> "none",
                 metricKind |-> "none",
                 receipt |-> FALSE,
                 decision |-> "pending",
                 invocations |-> 0 ] ),
         ( c1 :>
               [ delivery |-> "none",
                 assigned |-> FALSE,
                 headerId |-> <<0, "">>,
                 headerRound |-> -1,
                 inputVersion |-> -1,
                 result |-> "none",
                 metricKind |-> "none",
                 receipt |-> FALSE,
                 decision |-> "pending",
                 invocations |-> 0 ] @@
           c2 :>
               [ delivery |-> "none",
                 assigned |-> FALSE,
                 headerId |-> <<0, "">>,
                 headerRound |-> -1,
                 inputVersion |-> -1,
                 result |-> "none",
                 metricKind |-> "none",
                 receipt |-> FALSE,
                 decision |-> "pending",
                 invocations |-> 0 ] ) >>,
  comm |->
      [ id |-> <<1, "">>,
        kind |-> "monitor",
        pc |-> "exitCleanup",
        attempt |-> 0,
        key |-> 1,
        accepted |-> FALSE,
        exit |-> "LIVE",
        writeStatus |-> FALSE,
        pending |-> {},
        deadView |-> {} ],
  runner |->
      [ id |-> <<0, "">>,
        kind |-> "free",
        pc |-> "idle",
        client |-> "",
        attempt |-> 0 ],
  requested |-> {},
  scratch |->
      [ stats |-> <<<<>>, <<>>>>,
        paramHistory |-> <<>>,
        metricStats |-> <<>>,
        metricHistory |-> <<>>,
        allMetrics |-> TRUE,
        counted |-> <<>>,
        params |-> <<<<>>, <<>>>>,
        metrics |-> <<>>,
        count |-> 0 ],
  used |->
      << [ stats |-> <<<<>>, <<>>>>,
           paramHistory |-> <<>>,
           metricStats |-> <<>>,
           metricHistory |-> <<>>,
           allMetrics |-> TRUE,
           counted |-> <<>>,
           params |-> <<<<>>, <<>>>>,
           metrics |-> <<>>,
           count |-> 0 ],
         [ stats |-> <<<<>>, <<>>>>,
           paramHistory |-> <<>>,
           metricStats |-> <<>>,
           metricHistory |-> <<>>,
           allMetrics |-> TRUE,
           counted |-> <<>>,
           params |-> <<<<>>, <<>>>>,
           metrics |-> <<>>,
           count |-> 0 ] >>,
  committed |-> {},
  saved |-> {},
  completed |-> <<<<1, c1>>>>,
  unknownSeen |-> {},
  mon |->
      [ pc |-> "locked",
        pending |-> {},
        deadView |-> {},
        reportAges |-> (c1 :> 0 @@ c2 :> 0) ] ]
/\ faults = [ before |-> 0,
  snapshot |-> 0,
  filter |-> 0,
  delivery |-> 0,
  resultError |-> 0,
  conversion |-> 0,
  param |-> 0,
  metricPrep |-> 0,
  metric |-> 0,
  ackLoss |-> 0,
  cancel |-> 1,
  dead |-> 0 ]

State 49: <MCNext line 162, col 8 to line 163, col 26 of module MC>
/\ s = [ aggr |->
      [ receivedCount |-> 1,
        failedClients |-> {},
        task |-> 1,
        applied |-> <<<<<<1, c1>>>>, <<<<1, c1>>>>>>,
        stats |-> <<<<<<1, c1>>>>, <<<<1, c1>>>>>>,
        paramHistory |-> <<<<1, c1>>>>,
        metricApplied |-> <<<<1, c1>>>>,
        metricStats |-> <<<<1, c1>>>>,
        metricHistory |-> <<<<1, c1>>>>,
        allMetrics |-> TRUE,
        counted |-> <<<<1, c1>>>> ],
  dead |->
      ( c1 :> [age |-> 0, reported |-> FALSE, disconnected |-> FALSE] @@
        c2 :> [age |-> 0, reported |-> FALSE, disconnected |-> FALSE] ),
  net |-> <<(c1 :> <<"handled">> @@ c2 :> <<>>), (c1 :> <<>> @@ c2 :> <<>>)>>,
  wf |->
      [ abort |-> FALSE,
        pc |-> "params",
        round |-> 1,
        sourceVersion |-> 0,
        started |-> {1},
        outcome |-> "running",
        open |-> TRUE ],
  task |->
      << [ scheduled |-> TRUE,
           standing |-> FALSE,
           status |-> "CANCELLED",
           sourceAtSchedule |-> 0,
           broadcastVersion |-> 0,
           assignedOrder |-> <<<<1, c1>>>>,
           age |-> 0,
           cleaned |-> FALSE,
           retiredStatus |-> "CANCELLED",
           retiredOutstanding |-> {c2} ],
         [ scheduled |-> FALSE,
           standing |-> FALSE,
           status |-> "NEW",
           sourceAtSchedule |-> -1,
           broadcastVersion |-> -1,
           assignedOrder |-> <<>>,
           age |-> 0,
           cleaned |-> FALSE,
           retiredStatus |-> "NEW",
           retiredOutstanding |-> {} ] >>,
  ct |->
      << ( c1 :>
               [ delivery |-> "ready",
                 assigned |-> TRUE,
                 headerId |-> <<1, c1>>,
                 headerRound |-> 0,
                 inputVersion |-> 0,
                 result |-> "params",
                 metricKind |-> "present",
                 receipt |-> TRUE,
                 decision |-> "accepted",
                 invocations |-> 1 ] @@
           c2 :>
               [ delivery |-> "none",
                 assigned |-> FALSE,
                 headerId |-> <<0, "">>,
                 headerRound |-> -1,
                 inputVersion |-> -1,
                 result |-> "none",
                 metricKind |-> "none",
                 receipt |-> FALSE,
                 decision |-> "pending",
                 invocations |-> 0 ] ),
         ( c1 :>
               [ delivery |-> "none",
                 assigned |-> FALSE,
                 headerId |-> <<0, "">>,
                 headerRound |-> -1,
                 inputVersion |-> -1,
                 result |-> "none",
                 metricKind |-> "none",
                 receipt |-> FALSE,
                 decision |-> "pending",
                 invocations |-> 0 ] @@
           c2 :>
               [ delivery |-> "none",
                 assigned |-> FALSE,
                 headerId |-> <<0, "">>,
                 headerRound |-> -1,
                 inputVersion |-> -1,
                 result |-> "none",
                 metricKind |-> "none",
                 receipt |-> FALSE,
                 decision |-> "pending",
                 invocations |-> 0 ] ) >>,
  comm |->
      [ id |-> <<1, "">>,
        kind |-> "monitor",
        pc |-> "exitCleanup",
        attempt |-> 0,
        key |-> 1,
        accepted |-> FALSE,
        exit |-> "LIVE",
        writeStatus |-> FALSE,
        pending |-> {},
        deadView |-> {} ],
  runner |->
      [ id |-> <<0, "">>,
        kind |-> "free",
        pc |-> "idle",
        client |-> "",
        attempt |-> 0 ],
  requested |-> {},
  scratch |->
      [ stats |-> <<<<<<1, c1>>>>, <<<<1, c1>>>>>>,
        paramHistory |-> <<<<1, c1>>>>,
        metricStats |-> <<>>,
        metricHistory |-> <<>>,
        allMetrics |-> TRUE,
        counted |-> <<>>,
        params |-> <<<<>>, <<>>>>,
        metrics |-> <<>>,
        count |-> 0 ],
  used |->
      << [ stats |-> <<<<>>, <<>>>>,
           paramHistory |-> <<>>,
           metricStats |-> <<>>,
           metricHistory |-> <<>>,
           allMetrics |-> TRUE,
           counted |-> <<>>,
           params |-> <<<<>>, <<>>>>,
           metrics |-> <<>>,
           count |-> 0 ],
         [ stats |-> <<<<>>, <<>>>>,
           paramHistory |-> <<>>,
           metricStats |-> <<>>,
           metricHistory |-> <<>>,
           allMetrics |-> TRUE,
           counted |-> <<>>,
           params |-> <<<<>>, <<>>>>,
           metrics |-> <<>>,
           count |-> 0 ] >>,
  committed |-> {},
  saved |-> {},
  completed |-> <<<<1, c1>>>>,
  unknownSeen |-> {},
  mon |->
      [ pc |-> "locked",
        pending |-> {},
        deadView |-> {},
        reportAges |-> (c1 :> 0 @@ c2 :> 0) ] ]
/\ faults = [ before |-> 0,
  snapshot |-> 0,
  filter |-> 0,
  delivery |-> 0,
  resultError |-> 0,
  conversion |-> 0,
  param |-> 0,
  metricPrep |-> 0,
  metric |-> 0,
  ackLoss |-> 0,
  cancel |-> 1,
  dead |-> 0 ]

State 50: <MCNext line 162, col 8 to line 163, col 26 of module MC>
/\ s = [ aggr |->
      [ receivedCount |-> 1,
        failedClients |-> {},
        task |-> 1,
        applied |-> <<<<>>, <<>>>>,
        stats |-> <<<<>>, <<>>>>,
        paramHistory |-> <<>>,
        metricApplied |-> <<<<1, c1>>>>,
        metricStats |-> <<<<1, c1>>>>,
        metricHistory |-> <<<<1, c1>>>>,
        allMetrics |-> TRUE,
        counted |-> <<<<1, c1>>>> ],
  dead |->
      ( c1 :> [age |-> 0, reported |-> FALSE, disconnected |-> FALSE] @@
        c2 :> [age |-> 0, reported |-> FALSE, disconnected |-> FALSE] ),
  net |-> <<(c1 :> <<"handled">> @@ c2 :> <<>>), (c1 :> <<>> @@ c2 :> <<>>)>>,
  wf |->
      [ abort |-> FALSE,
        pc |-> "metrics",
        round |-> 1,
        sourceVersion |-> 0,
        started |-> {1},
        outcome |-> "running",
        open |-> TRUE ],
  task |->
      << [ scheduled |-> TRUE,
           standing |-> FALSE,
           status |-> "CANCELLED",
           sourceAtSchedule |-> 0,
           broadcastVersion |-> 0,
           assignedOrder |-> <<<<1, c1>>>>,
           age |-> 0,
           cleaned |-> FALSE,
           retiredStatus |-> "CANCELLED",
           retiredOutstanding |-> {c2} ],
         [ scheduled |-> FALSE,
           standing |-> FALSE,
           status |-> "NEW",
           sourceAtSchedule |-> -1,
           broadcastVersion |-> -1,
           assignedOrder |-> <<>>,
           age |-> 0,
           cleaned |-> FALSE,
           retiredStatus |-> "NEW",
           retiredOutstanding |-> {} ] >>,
  ct |->
      << ( c1 :>
               [ delivery |-> "ready",
                 assigned |-> TRUE,
                 headerId |-> <<1, c1>>,
                 headerRound |-> 0,
                 inputVersion |-> 0,
                 result |-> "params",
                 metricKind |-> "present",
                 receipt |-> TRUE,
                 decision |-> "accepted",
                 invocations |-> 1 ] @@
           c2 :>
               [ delivery |-> "none",
                 assigned |-> FALSE,
                 headerId |-> <<0, "">>,
                 headerRound |-> -1,
                 inputVersion |-> -1,
                 result |-> "none",
                 metricKind |-> "none",
                 receipt |-> FALSE,
                 decision |-> "pending",
                 invocations |-> 0 ] ),
         ( c1 :>
               [ delivery |-> "none",
                 assigned |-> FALSE,
                 headerId |-> <<0, "">>,
                 headerRound |-> -1,
                 inputVersion |-> -1,
                 result |-> "none",
                 metricKind |-> "none",
                 receipt |-> FALSE,
                 decision |-> "pending",
                 invocations |-> 0 ] @@
           c2 :>
               [ delivery |-> "none",
                 assigned |-> FALSE,
                 headerId |-> <<0, "">>,
                 headerRound |-> -1,
                 inputVersion |-> -1,
                 result |-> "none",
                 metricKind |-> "none",
                 receipt |-> FALSE,
                 decision |-> "pending",
                 invocations |-> 0 ] ) >>,
  comm |->
      [ id |-> <<1, "">>,
        kind |-> "monitor",
        pc |-> "exitCleanup",
        attempt |-> 0,
        key |-> 1,
        accepted |-> FALSE,
        exit |-> "LIVE",
        writeStatus |-> FALSE,
        pending |-> {},
        deadView |-> {} ],
  runner |->
      [ id |-> <<0, "">>,
        kind |-> "free",
        pc |-> "idle",
        client |-> "",
        attempt |-> 0 ],
  requested |-> {},
  scratch |->
      [ stats |-> <<<<<<1, c1>>>>, <<<<1, c1>>>>>>,
        paramHistory |-> <<<<1, c1>>>>,
        metricStats |-> <<>>,
        metricHistory |-> <<>>,
        allMetrics |-> TRUE,
        counted |-> <<>>,
        params |-> <<<<<<1, c1>>>>, <<<<1, c1>>>>>>,
        metrics |-> <<>>,
        count |-> 0 ],
  used |->
      << [ stats |-> <<<<>>, <<>>>>,
           paramHistory |-> <<>>,
           metricStats |-> <<>>,
           metricHistory |-> <<>>,
           allMetrics |-> TRUE,
           counted |-> <<>>,
           params |-> <<<<>>, <<>>>>,
           metrics |-> <<>>,
           count |-> 0 ],
         [ stats |-> <<<<>>, <<>>>>,
           paramHistory |-> <<>>,
           metricStats |-> <<>>,
           metricHistory |-> <<>>,
           allMetrics |-> TRUE,
           counted |-> <<>>,
           params |-> <<<<>>, <<>>>>,
           metrics |-> <<>>,
           count |-> 0 ] >>,
  committed |-> {},
  saved |-> {},
  completed |-> <<<<1, c1>>>>,
  unknownSeen |-> {},
  mon |->
      [ pc |-> "locked",
        pending |-> {},
        deadView |-> {},
        reportAges |-> (c1 :> 0 @@ c2 :> 0) ] ]
/\ faults = [ before |-> 0,
  snapshot |-> 0,
  filter |-> 0,
  delivery |-> 0,
  resultError |-> 0,
  conversion |-> 0,
  param |-> 0,
  metricPrep |-> 0,
  metric |-> 0,
  ackLoss |-> 0,
  cancel |-> 1,
  dead |-> 0 ]

State 51: <MCNext line 162, col 8 to line 163, col 26 of module MC>
/\ s = [ aggr |->
      [ receivedCount |-> 1,
        failedClients |-> {},
        task |-> 1,
        applied |-> <<<<>>, <<>>>>,
        stats |-> <<<<>>, <<>>>>,
        paramHistory |-> <<>>,
        metricApplied |-> <<>>,
        metricStats |-> <<>>,
        metricHistory |-> <<>>,
        allMetrics |-> TRUE,
        counted |-> <<<<1, c1>>>> ],
  dead |->
      ( c1 :> [age |-> 0, reported |-> FALSE, disconnected |-> FALSE] @@
        c2 :> [age |-> 0, reported |-> FALSE, disconnected |-> FALSE] ),
  net |-> <<(c1 :> <<"handled">> @@ c2 :> <<>>), (c1 :> <<>> @@ c2 :> <<>>)>>,
  wf |->
      [ abort |-> FALSE,
        pc |-> "build",
        round |-> 1,
        sourceVersion |-> 0,
        started |-> {1},
        outcome |-> "running",
        open |-> TRUE ],
  task |->
      << [ scheduled |-> TRUE,
           standing |-> FALSE,
           status |-> "CANCELLED",
           sourceAtSchedule |-> 0,
           broadcastVersion |-> 0,
           assignedOrder |-> <<<<1, c1>>>>,
           age |-> 0,
           cleaned |-> FALSE,
           retiredStatus |-> "CANCELLED",
           retiredOutstanding |-> {c2} ],
         [ scheduled |-> FALSE,
           standing |-> FALSE,
           status |-> "NEW",
           sourceAtSchedule |-> -1,
           broadcastVersion |-> -1,
           assignedOrder |-> <<>>,
           age |-> 0,
           cleaned |-> FALSE,
           retiredStatus |-> "NEW",
           retiredOutstanding |-> {} ] >>,
  ct |->
      << ( c1 :>
               [ delivery |-> "ready",
                 assigned |-> TRUE,
                 headerId |-> <<1, c1>>,
                 headerRound |-> 0,
                 inputVersion |-> 0,
                 result |-> "params",
                 metricKind |-> "present",
                 receipt |-> TRUE,
                 decision |-> "accepted",
                 invocations |-> 1 ] @@
           c2 :>
               [ delivery |-> "none",
                 assigned |-> FALSE,
                 headerId |-> <<0, "">>,
                 headerRound |-> -1,
                 inputVersion |-> -1,
                 result |-> "none",
                 metricKind |-> "none",
                 receipt |-> FALSE,
                 decision |-> "pending",
                 invocations |-> 0 ] ),
         ( c1 :>
               [ delivery |-> "none",
                 assigned |-> FALSE,
                 headerId |-> <<0, "">>,
                 headerRound |-> -1,
                 inputVersion |-> -1,
                 result |-> "none",
                 metricKind |-> "none",
                 receipt |-> FALSE,
                 decision |-> "pending",
                 invocations |-> 0 ] @@
           c2 :>
               [ delivery |-> "none",
                 assigned |-> FALSE,
                 headerId |-> <<0, "">>,
                 headerRound |-> -1,
                 inputVersion |-> -1,
                 result |-> "none",
                 metricKind |-> "none",
                 receipt |-> FALSE,
                 decision |-> "pending",
                 invocations |-> 0 ] ) >>,
  comm |->
      [ id |-> <<1, "">>,
        kind |-> "monitor",
        pc |-> "exitCleanup",
        attempt |-> 0,
        key |-> 1,
        accepted |-> FALSE,
        exit |-> "LIVE",
        writeStatus |-> FALSE,
        pending |-> {},
        deadView |-> {} ],
  runner |->
      [ id |-> <<0, "">>,
        kind |-> "free",
        pc |-> "idle",
        client |-> "",
        attempt |-> 0 ],
  requested |-> {},
  scratch |->
      [ stats |-> <<<<<<1, c1>>>>, <<<<1, c1>>>>>>,
        paramHistory |-> <<<<1, c1>>>>,
        metricStats |-> <<<<1, c1>>>>,
        metricHistory |-> <<<<1, c1>>>>,
        allMetrics |-> TRUE,
        counted |-> <<>>,
        params |-> <<<<<<1, c1>>>>, <<<<1, c1>>>>>>,
        metrics |-> <<<<1, c1>>>>,
        count |-> 0 ],
  used |->
      << [ stats |-> <<<<>>, <<>>>>,
           paramHistory |-> <<>>,
           metricStats |-> <<>>,
           metricHistory |-> <<>>,
           allMetrics |-> TRUE,
           counted |-> <<>>,
           params |-> <<<<>>, <<>>>>,
           metrics |-> <<>>,
           count |-> 0 ],
         [ stats |-> <<<<>>, <<>>>>,
           paramHistory |-> <<>>,
           metricStats |-> <<>>,
           metricHistory |-> <<>>,
           allMetrics |-> TRUE,
           counted |-> <<>>,
           params |-> <<<<>>, <<>>>>,
           metrics |-> <<>>,
           count |-> 0 ] >>,
  committed |-> {},
  saved |-> {},
  completed |-> <<<<1, c1>>>>,
  unknownSeen |-> {},
  mon |->
      [ pc |-> "locked",
        pending |-> {},
        deadView |-> {},
        reportAges |-> (c1 :> 0 @@ c2 :> 0) ] ]
/\ faults = [ before |-> 0,
  snapshot |-> 0,
  filter |-> 0,
  delivery |-> 0,
  resultError |-> 0,
  conversion |-> 0,
  param |-> 0,
  metricPrep |-> 0,
  metric |-> 0,
  ackLoss |-> 0,
  cancel |-> 1,
  dead |-> 0 ]

State 52: <MCNext line 162, col 8 to line 163, col 26 of module MC>
/\ s = [ aggr |->
      [ receivedCount |-> 1,
        failedClients |-> {},
        task |-> 1,
        applied |-> <<<<>>, <<>>>>,
        stats |-> <<<<>>, <<>>>>,
        paramHistory |-> <<>>,
        metricApplied |-> <<>>,
        metricStats |-> <<>>,
        metricHistory |-> <<>>,
        allMetrics |-> TRUE,
        counted |-> <<<<1, c1>>>> ],
  dead |->
      ( c1 :> [age |-> 0, reported |-> FALSE, disconnected |-> FALSE] @@
        c2 :> [age |-> 0, reported |-> FALSE, disconnected |-> FALSE] ),
  net |-> <<(c1 :> <<"handled">> @@ c2 :> <<>>), (c1 :> <<>> @@ c2 :> <<>>)>>,
  wf |->
      [ abort |-> FALSE,
        pc |-> "update",
        round |-> 1,
        sourceVersion |-> 0,
        started |-> {1},
        outcome |-> "running",
        open |-> TRUE ],
  task |->
      << [ scheduled |-> TRUE,
           standing |-> FALSE,
           status |-> "CANCELLED",
           sourceAtSchedule |-> 0,
           broadcastVersion |-> 0,
           assignedOrder |-> <<<<1, c1>>>>,
           age |-> 0,
           cleaned |-> FALSE,
           retiredStatus |-> "CANCELLED",
           retiredOutstanding |-> {c2} ],
         [ scheduled |-> FALSE,
           standing |-> FALSE,
           status |-> "NEW",
           sourceAtSchedule |-> -1,
           broadcastVersion |-> -1,
           assignedOrder |-> <<>>,
           age |-> 0,
           cleaned |-> FALSE,
           retiredStatus |-> "NEW",
           retiredOutstanding |-> {} ] >>,
  ct |->
      << ( c1 :>
               [ delivery |-> "ready",
                 assigned |-> TRUE,
                 headerId |-> <<1, c1>>,
                 headerRound |-> 0,
                 inputVersion |-> 0,
                 result |-> "params",
                 metricKind |-> "present",
                 receipt |-> TRUE,
                 decision |-> "accepted",
                 invocations |-> 1 ] @@
           c2 :>
               [ delivery |-> "none",
                 assigned |-> FALSE,
                 headerId |-> <<0, "">>,
                 headerRound |-> -1,
                 inputVersion |-> -1,
                 result |-> "none",
                 metricKind |-> "none",
                 receipt |-> FALSE,
                 decision |-> "pending",
                 invocations |-> 0 ] ),
         ( c1 :>
               [ delivery |-> "none",
                 assigned |-> FALSE,
                 headerId |-> <<0, "">>,
                 headerRound |-> -1,
                 inputVersion |-> -1,
                 result |-> "none",
                 metricKind |-> "none",
                 receipt |-> FALSE,
                 decision |-> "pending",
                 invocations |-> 0 ] @@
           c2 :>
               [ delivery |-> "none",
                 assigned |-> FALSE,
                 headerId |-> <<0, "">>,
                 headerRound |-> -1,
                 inputVersion |-> -1,
                 result |-> "none",
                 metricKind |-> "none",
                 receipt |-> FALSE,
                 decision |-> "pending",
                 invocations |-> 0 ] ) >>,
  comm |->
      [ id |-> <<1, "">>,
        kind |-> "monitor",
        pc |-> "exitCleanup",
        attempt |-> 0,
        key |-> 1,
        accepted |-> FALSE,
        exit |-> "LIVE",
        writeStatus |-> FALSE,
        pending |-> {},
        deadView |-> {} ],
  runner |->
      [ id |-> <<0, "">>,
        kind |-> "free",
        pc |-> "idle",
        client |-> "",
        attempt |-> 0 ],
  requested |-> {},
  scratch |->
      [ stats |-> <<<<<<1, c1>>>>, <<<<1, c1>>>>>>,
        paramHistory |-> <<<<1, c1>>>>,
        metricStats |-> <<<<1, c1>>>>,
        metricHistory |-> <<<<1, c1>>>>,
        allMetrics |-> TRUE,
        counted |-> <<<<1, c1>>>>,
        params |-> <<<<<<1, c1>>>>, <<<<1, c1>>>>>>,
        metrics |-> <<<<1, c1>>>>,
        count |-> 1 ],
  used |->
      << [ stats |-> <<<<>>, <<>>>>,
           paramHistory |-> <<>>,
           metricStats |-> <<>>,
           metricHistory |-> <<>>,
           allMetrics |-> TRUE,
           counted |-> <<>>,
           params |-> <<<<>>, <<>>>>,
           metrics |-> <<>>,
           count |-> 0 ],
         [ stats |-> <<<<>>, <<>>>>,
           paramHistory |-> <<>>,
           metricStats |-> <<>>,
           metricHistory |-> <<>>,
           allMetrics |-> TRUE,
           counted |-> <<>>,
           params |-> <<<<>>, <<>>>>,
           metrics |-> <<>>,
           count |-> 0 ] >>,
  committed |-> {},
  saved |-> {},
  completed |-> <<<<1, c1>>>>,
  unknownSeen |-> {},
  mon |->
      [ pc |-> "locked",
        pending |-> {},
        deadView |-> {},
        reportAges |-> (c1 :> 0 @@ c2 :> 0) ] ]
/\ faults = [ before |-> 0,
  snapshot |-> 0,
  filter |-> 0,
  delivery |-> 0,
  resultError |-> 0,
  conversion |-> 0,
  param |-> 0,
  metricPrep |-> 0,
  metric |-> 0,
  ackLoss |-> 0,
  cancel |-> 1,
  dead |-> 0 ]

State 53: <MCNext line 162, col 8 to line 163, col 26 of module MC>
/\ s = [ aggr |->
      [ receivedCount |-> 1,
        failedClients |-> {},
        task |-> 1,
        applied |-> <<<<>>, <<>>>>,
        stats |-> <<<<>>, <<>>>>,
        paramHistory |-> <<>>,
        metricApplied |-> <<>>,
        metricStats |-> <<>>,
        metricHistory |-> <<>>,
        allMetrics |-> TRUE,
        counted |-> <<<<1, c1>>>> ],
  dead |->
      ( c1 :> [age |-> 0, reported |-> FALSE, disconnected |-> FALSE] @@
        c2 :> [age |-> 0, reported |-> FALSE, disconnected |-> FALSE] ),
  net |-> <<(c1 :> <<"handled">> @@ c2 :> <<>>), (c1 :> <<>> @@ c2 :> <<>>)>>,
  wf |->
      [ abort |-> FALSE,
        pc |-> "save",
        round |-> 1,
        sourceVersion |-> 1,
        started |-> {1},
        outcome |-> "running",
        open |-> TRUE ],
  task |->
      << [ scheduled |-> TRUE,
           standing |-> FALSE,
           status |-> "CANCELLED",
           sourceAtSchedule |-> 0,
           broadcastVersion |-> 0,
           assignedOrder |-> <<<<1, c1>>>>,
           age |-> 0,
           cleaned |-> FALSE,
           retiredStatus |-> "CANCELLED",
           retiredOutstanding |-> {c2} ],
         [ scheduled |-> FALSE,
           standing |-> FALSE,
           status |-> "NEW",
           sourceAtSchedule |-> -1,
           broadcastVersion |-> -1,
           assignedOrder |-> <<>>,
           age |-> 0,
           cleaned |-> FALSE,
           retiredStatus |-> "NEW",
           retiredOutstanding |-> {} ] >>,
  ct |->
      << ( c1 :>
               [ delivery |-> "ready",
                 assigned |-> TRUE,
                 headerId |-> <<1, c1>>,
                 headerRound |-> 0,
                 inputVersion |-> 0,
                 result |-> "params",
                 metricKind |-> "present",
                 receipt |-> TRUE,
                 decision |-> "accepted",
                 invocations |-> 1 ] @@
           c2 :>
               [ delivery |-> "none",
                 assigned |-> FALSE,
                 headerId |-> <<0, "">>,
                 headerRound |-> -1,
                 inputVersion |-> -1,
                 result |-> "none",
                 metricKind |-> "none",
                 receipt |-> FALSE,
                 decision |-> "pending",
                 invocations |-> 0 ] ),
         ( c1 :>
               [ delivery |-> "none",
                 assigned |-> FALSE,
                 headerId |-> <<0, "">>,
                 headerRound |-> -1,
                 inputVersion |-> -1,
                 result |-> "none",
                 metricKind |-> "none",
                 receipt |-> FALSE,
                 decision |-> "pending",
                 invocations |-> 0 ] @@
           c2 :>
               [ delivery |-> "none",
                 assigned |-> FALSE,
                 headerId |-> <<0, "">>,
                 headerRound |-> -1,
                 inputVersion |-> -1,
                 result |-> "none",
                 metricKind |-> "none",
                 receipt |-> FALSE,
                 decision |-> "pending",
                 invocations |-> 0 ] ) >>,
  comm |->
      [ id |-> <<1, "">>,
        kind |-> "monitor",
        pc |-> "exitCleanup",
        attempt |-> 0,
        key |-> 1,
        accepted |-> FALSE,
        exit |-> "LIVE",
        writeStatus |-> FALSE,
        pending |-> {},
        deadView |-> {} ],
  runner |->
      [ id |-> <<0, "">>,
        kind |-> "free",
        pc |-> "idle",
        client |-> "",
        attempt |-> 0 ],
  requested |-> {},
  scratch |->
      [ stats |-> <<<<<<1, c1>>>>, <<<<1, c1>>>>>>,
        paramHistory |-> <<<<1, c1>>>>,
        metricStats |-> <<<<1, c1>>>>,
        metricHistory |-> <<<<1, c1>>>>,
        allMetrics |-> TRUE,
        counted |-> <<<<1, c1>>>>,
        params |-> <<<<<<1, c1>>>>, <<<<1, c1>>>>>>,
        metrics |-> <<<<1, c1>>>>,
        count |-> 1 ],
  used |->
      << [ stats |-> <<<<<<1, c1>>>>, <<<<1, c1>>>>>>,
           paramHistory |-> <<<<1, c1>>>>,
           metricStats |-> <<<<1, c1>>>>,
           metricHistory |-> <<<<1, c1>>>>,
           allMetrics |-> TRUE,
           counted |-> <<<<1, c1>>>>,
           params |-> <<<<<<1, c1>>>>, <<<<1, c1>>>>>>,
           metrics |-> <<<<1, c1>>>>,
           count |-> 1 ],
         [ stats |-> <<<<>>, <<>>>>,
           paramHistory |-> <<>>,
           metricStats |-> <<>>,
           metricHistory |-> <<>>,
           allMetrics |-> TRUE,
           counted |-> <<>>,
           params |-> <<<<>>, <<>>>>,
           metrics |-> <<>>,
           count |-> 0 ] >>,
  committed |-> {1},
  saved |-> {},
  completed |-> <<<<1, c1>>>>,
  unknownSeen |-> {},
  mon |->
      [ pc |-> "locked",
        pending |-> {},
        deadView |-> {},
        reportAges |-> (c1 :> 0 @@ c2 :> 0) ] ]
/\ faults = [ before |-> 0,
  snapshot |-> 0,
  filter |-> 0,
  delivery |-> 0,
  resultError |-> 0,
  conversion |-> 0,
  param |-> 0,
  metricPrep |-> 0,
  metric |-> 0,
  ackLoss |-> 0,
  cancel |-> 1,
  dead |-> 0 ]

State 54: <MCNext line 162, col 8 to line 163, col 26 of module MC>
/\ s = [ aggr |->
      [ receivedCount |-> 1,
        failedClients |-> {},
        task |-> 1,
        applied |-> <<<<>>, <<>>>>,
        stats |-> <<<<>>, <<>>>>,
        paramHistory |-> <<>>,
        metricApplied |-> <<>>,
        metricStats |-> <<>>,
        metricHistory |-> <<>>,
        allMetrics |-> TRUE,
        counted |-> <<<<1, c1>>>> ],
  dead |->
      ( c1 :> [age |-> 0, reported |-> FALSE, disconnected |-> FALSE] @@
        c2 :> [age |-> 0, reported |-> FALSE, disconnected |-> FALSE] ),
  net |-> <<(c1 :> <<"handled">> @@ c2 :> <<>>), (c1 :> <<>> @@ c2 :> <<>>)>>,
  wf |->
      [ abort |-> FALSE,
        pc |-> "advance",
        round |-> 1,
        sourceVersion |-> 1,
        started |-> {1},
        outcome |-> "running",
        open |-> TRUE ],
  task |->
      << [ scheduled |-> TRUE,
           standing |-> FALSE,
           status |-> "CANCELLED",
           sourceAtSchedule |-> 0,
           broadcastVersion |-> 0,
           assignedOrder |-> <<<<1, c1>>>>,
           age |-> 0,
           cleaned |-> FALSE,
           retiredStatus |-> "CANCELLED",
           retiredOutstanding |-> {c2} ],
         [ scheduled |-> FALSE,
           standing |-> FALSE,
           status |-> "NEW",
           sourceAtSchedule |-> -1,
           broadcastVersion |-> -1,
           assignedOrder |-> <<>>,
           age |-> 0,
           cleaned |-> FALSE,
           retiredStatus |-> "NEW",
           retiredOutstanding |-> {} ] >>,
  ct |->
      << ( c1 :>
               [ delivery |-> "ready",
                 assigned |-> TRUE,
                 headerId |-> <<1, c1>>,
                 headerRound |-> 0,
                 inputVersion |-> 0,
                 result |-> "params",
                 metricKind |-> "present",
                 receipt |-> TRUE,
                 decision |-> "accepted",
                 invocations |-> 1 ] @@
           c2 :>
               [ delivery |-> "none",
                 assigned |-> FALSE,
                 headerId |-> <<0, "">>,
                 headerRound |-> -1,
                 inputVersion |-> -1,
                 result |-> "none",
                 metricKind |-> "none",
                 receipt |-> FALSE,
                 decision |-> "pending",
                 invocations |-> 0 ] ),
         ( c1 :>
               [ delivery |-> "none",
                 assigned |-> FALSE,
                 headerId |-> <<0, "">>,
                 headerRound |-> -1,
                 inputVersion |-> -1,
                 result |-> "none",
                 metricKind |-> "none",
                 receipt |-> FALSE,
                 decision |-> "pending",
                 invocations |-> 0 ] @@
           c2 :>
               [ delivery |-> "none",
                 assigned |-> FALSE,
                 headerId |-> <<0, "">>,
                 headerRound |-> -1,
                 inputVersion |-> -1,
                 result |-> "none",
                 metricKind |-> "none",
                 receipt |-> FALSE,
                 decision |-> "pending",
                 invocations |-> 0 ] ) >>,
  comm |->
      [ id |-> <<1, "">>,
        kind |-> "monitor",
        pc |-> "exitCleanup",
        attempt |-> 0,
        key |-> 1,
        accepted |-> FALSE,
        exit |-> "LIVE",
        writeStatus |-> FALSE,
        pending |-> {},
        deadView |-> {} ],
  runner |->
      [ id |-> <<0, "">>,
        kind |-> "free",
        pc |-> "idle",
        client |-> "",
        attempt |-> 0 ],
  requested |-> {},
  scratch |->
      [ stats |-> <<<<<<1, c1>>>>, <<<<1, c1>>>>>>,
        paramHistory |-> <<<<1, c1>>>>,
        metricStats |-> <<<<1, c1>>>>,
        metricHistory |-> <<<<1, c1>>>>,
        allMetrics |-> TRUE,
        counted |-> <<<<1, c1>>>>,
        params |-> <<<<<<1, c1>>>>, <<<<1, c1>>>>>>,
        metrics |-> <<<<1, c1>>>>,
        count |-> 1 ],
  used |->
      << [ stats |-> <<<<<<1, c1>>>>, <<<<1, c1>>>>>>,
           paramHistory |-> <<<<1, c1>>>>,
           metricStats |-> <<<<1, c1>>>>,
           metricHistory |-> <<<<1, c1>>>>,
           allMetrics |-> TRUE,
           counted |-> <<<<1, c1>>>>,
           params |-> <<<<<<1, c1>>>>, <<<<1, c1>>>>>>,
           metrics |-> <<<<1, c1>>>>,
           count |-> 1 ],
         [ stats |-> <<<<>>, <<>>>>,
           paramHistory |-> <<>>,
           metricStats |-> <<>>,
           metricHistory |-> <<>>,
           allMetrics |-> TRUE,
           counted |-> <<>>,
           params |-> <<<<>>, <<>>>>,
           metrics |-> <<>>,
           count |-> 0 ] >>,
  committed |-> {1},
  saved |-> {1},
  completed |-> <<<<1, c1>>>>,
  unknownSeen |-> {},
  mon |->
      [ pc |-> "locked",
        pending |-> {},
        deadView |-> {},
        reportAges |-> (c1 :> 0 @@ c2 :> 0) ] ]
/\ faults = [ before |-> 0,
  snapshot |-> 0,
  filter |-> 0,
  delivery |-> 0,
  resultError |-> 0,
  conversion |-> 0,
  param |-> 0,
  metricPrep |-> 0,
  metric |-> 0,
  ackLoss |-> 0,
  cancel |-> 1,
  dead |-> 0 ]

"CounterExample written: counterexample.json"
96015 states generated, 20845 distinct states found, 605 states left on queue.
The depth of the complete state graph search is 55.
Checkpointing of run /home/ubuntu/nvflare-runs-20260913/scratch/fedavg/tlc/tlc-states-g3kHlX/26-09-13-12-05-07.334
Checkpointing completed at (2026-09-13 12:05:12)
Finished in 04s at (2026-09-13 12:05:12)
Trace exploration spec path: ./MC_TTrace_1789301107.tla

[0;32m================================[0m
[1;33m⚠ Invariant violation found![0m
[1;33mPlease check log: tlc.out[0m
[0;32m================================[0m
