source_path	destination_path	type	mode	mtime_ns	size	sha256	symlink_target	action	classification	reason	encoded
external:artifact	.record/source-snapshots/external-artifact-539554476da0.tar	directory	0700	1784141183379429136	5846564	0874ce89845484137a324f7449d97b31b44a16ceb96d0bccdba18706d426dd88		snapshot	source-snapshot	non-git-source-snapshot	"{""codec"": ""zstd"", ""codec_version"": ""1.5.5"", ""content_entries"": 966, ""content_id"": ""sha256:0874ce89845484137a324f7449d97b31b44a16ceb96d0bccdba18706d426dd88"", ""content_manifest"": "".record/source-snapshots/external-artifact-539554476da0.tar.files.tsv"", ""content_manifest_bytes"": 120148, ""content_manifest_sha256"": ""99c2b10e4c3c2710dd5aa75b707732d061f72f1ea1640be6d80e9f051e00ed41"", ""encoded_bytes"": 1141366, ""encoded_sha256"": ""c4a19dd92ceb43b34247a3a6c9f33cae0b9482da70a9105c8f92077b4c4c1bc0"", ""parts"": [{""bytes"": 1141366, ""path"": ""external-artifact-539554476da0.tar.zst"", ""sha256"": ""c4a19dd92ceb43b34247a3a6c9f33cae0b9482da70a9105c8f92077b4c4c1bc0""}], ""tar_bytes"": 7546880, ""tar_sha256"": ""afe7ed7ee39a3924f89fd8e7fa7fde64c96a5f8a89d717e82478d87b1db00394""}"
pipeline-summary.md	pipeline-summary.md	file	0600	1784156392126028080	931	bfa2bec2cfb0727d4cc00b2f1787031107ba185f2cf3354b52879b6e5283ed6e		copy	run-evidence		
pipeline.log	pipeline.log	file	0600	1784156392126028080	577659	6115beea9a111140a901fe3306c3d96511f56d33b4e2a705802999000065eeb7		copy	run-evidence		
run.json	run.json	file	0600	1784137714940203849	897	2505be8d4fada3a995b0b526727d3cb3c5f687362cbe85ad15270a16604495f4		copy	run-evidence		
tlc-resources.json	tlc-resources.json	file	0600	1784137714934203730	69	956d517f25871eb7b57781472b71aa2c2a4d27f67c40580600fb31b14137f9bc		copy	run-evidence		
tokio-watch	tokio-watch	directory	0700	1784137714836201780				mkdir	run-directory		
tokio-watch/.specula-output	tokio-watch/.specula-output	directory	0700	1784156379296788169				mkdir	run-directory		
tokio-watch/.specula-output/.bug-classification-prompt.md	tokio-watch/.specula-output/.bug-classification-prompt.md	file	0600	1784156252681551671	1077	df2fee6d34ede2eda0e8362f9e2a88398b5b549eaced480e1b19d4a782b7a4e6		copy	run-evidence		
tokio-watch/.specula-output/.harness-gen-prompt.md	tokio-watch/.specula-output/.harness-gen-prompt.md	file	0600	1784140156861676103	2759	0745a4a63cff1b0a141b14ff07da1c3823096ae3faa25d8b189abb7ad300d254		copy	run-evidence		
tokio-watch/.specula-output/.prompt-extra.md	tokio-watch/.specula-output/.prompt-extra.md	file	0600	1784137714838201819	394	301f9560323c623306da3780f11995154fbc1c5f50b0618eec68258229199f51		copy	run-evidence		
tokio-watch/.specula-output/.prompt.md	tokio-watch/.specula-output/.prompt.md	file	0600	1784137715203209082	1586	85ec221a34631ff12d96be90a74c5680f3359f6a7e0394ef9dae61ff0c3f2ff7		copy	run-evidence		
tokio-watch/.specula-output/.spec-gen-prompt.md	tokio-watch/.specula-output/.spec-gen-prompt.md	file	0600	1784138660068358854	2690	6c51fcde9485ad6e168887718505c3c02fcff205187efa497fa62baaa1828313		copy	run-evidence		
tokio-watch/.specula-output/.spec-validation-prompt.md	tokio-watch/.specula-output/.spec-validation-prompt.md	file	0600	1784141618643154082	2135	f3fe3a5c54a630fda3df5666a213ca6bdfde05e6b4ea03fdd7be1e45f1dc715b		copy	run-evidence		
tokio-watch/.specula-output/.stop-gate	tokio-watch/.specula-output/.stop-gate	directory	0700	1784142335799726002				mkdir	run-directory		
tokio-watch/.specula-output/.stop-gate/background-pids	tokio-watch/.specula-output/.stop-gate/background-pids	directory	0700	1784142335927728587				mkdir	run-directory		
tokio-watch/.specula-output/.stop-gate/background-pids/269091.pid		file	0600	1784142335924728527	138	4a234ea375e4b71c6ae88d0e23ff59185bf5387478e31737ac441df4cd1a965a		exclude	non-evidence	ephemeral-process-id	
tokio-watch/.specula-output/.stop-gate/background-pids/269098.pid		file	0600	1784142335925728547	138	1b942c3a08b660bb97864c9f9460e227b8b950de5282297b8bf049515db568f5		exclude	non-evidence	ephemeral-process-id	
tokio-watch/.specula-output/agent.activity.jsonl	tokio-watch/.specula-output/agent.activity.jsonl	file	0600	1784138658346324578	77590	f8b8354eb903bf047c73369a098a66c4083fbf2fedbee08100cafea3f01c0463		copy	run-evidence		
tokio-watch/.specula-output/agent.last-message.txt	tokio-watch/.specula-output/agent.last-message.txt	file	0600	1784138658387325394	930	140f05f0b67bc2da5d4a8e1d69860e812d0a6b27de628074eb3de076bdccf207		copy	run-evidence		
tokio-watch/.specula-output/agent.log	tokio-watch/.specula-output/agent.log	file	0600	1784138658286323383	16074	ef5395845d3b6510845c5de7a9ed3b07dd54b35a2ab6074754b860e11ae037e1		copy	run-evidence		
tokio-watch/.specula-output/agent.pid		file	0600	1784137715205209122	6	c7af177d836cd8daaefc5eea38ccf6d3a00cd21046457a7923d249c134a1e889		exclude	non-evidence	ephemeral-process-id	
tokio-watch/.specula-output/agent.usage.json	tokio-watch/.specula-output/agent.usage.json	file	0600	1784138659156340706	245	d93f5512ca17159947faa4822e0ea4c32db51351609cf114ea63b40e0b5908e9		copy	run-evidence		
tokio-watch/.specula-output/analysis-report.md	tokio-watch/.specula-output/analysis-report.md	file	0600	1784138598989149312	18434	20a35c43e1f7d22de3d55b959d76951613bac95b35d93dc79b66bc9f6637f973		copy	run-evidence		
tokio-watch/.specula-output/bug-classification.activity.jsonl	tokio-watch/.specula-output/bug-classification.activity.jsonl	file	0600	1784156379198786429	7812	c7e19ded158b93212422afc525f1128e57e19042164ae49914d63226af46a08e		copy	run-evidence		
tokio-watch/.specula-output/bug-classification.last-message.txt	tokio-watch/.specula-output/bug-classification.last-message.txt	file	0600	1784156379211786660	376	38942f43ab9310c4f8534113f45a032a388d56ee39a087867c83192f77bea8d1		copy	run-evidence		
tokio-watch/.specula-output/bug-classification.log	tokio-watch/.specula-output/bug-classification.log	file	0600	1784156379159785738	3310	e481e3acc2c7665df74cc7606bd8f884a960a37834369dddf0a44551c6081e97		copy	run-evidence		
tokio-watch/.specula-output/bug-classification.pid		file	0600	1784156258634670977	7	24ed5faf671e9ac0ee9081576a74f5b7adac2ceb82ccbcb78dca11dfd7f06c4c		exclude	non-evidence	ephemeral-process-id	
tokio-watch/.specula-output/bug-classification.usage.json	tokio-watch/.specula-output/bug-classification.usage.json	file	0600	1784156379890798709	245	33858a29c71ab1d838c6f88c3eebaf4b5d9801f8de37365ac30ede7c08021915		copy	run-evidence		
tokio-watch/.specula-output/bug-confirmation.log	tokio-watch/.specula-output/bug-confirmation.log	file	0600	1784156252290543842	914	24d4bc8ab00de0c5762e9c0cdc9cd29f0c19e489b4c0df68d9f291e68dbe47a2		copy	run-evidence		
tokio-watch/.specula-output/confirmation	tokio-watch/.specula-output/confirmation	directory	0700	1784155797522412216				mkdir	run-directory		
tokio-watch/.specula-output/confirmation/CR-1	tokio-watch/.specula-output/confirmation/CR-1	directory	0700	1784155714301735259				mkdir	run-directory		
tokio-watch/.specula-output/confirmation/CR-1/.agent-cwd	tokio-watch/.specula-output/confirmation/CR-1/.agent-cwd	directory	0700	1784155406661596180				mkdir	run-directory		
tokio-watch/.specula-output/confirmation/CR-1/.agent-cwd/turn01_A	.record/source-snapshots/tokio-watch-.specula-output-confirmation-CR-1-.agent-cwd-turn01_A-fd179b081c6f.tar	directory	0700	1784155713003709363	0	ff72275d08ced98dfb3f7576a485c2c42c705689291302e5323cfccad4a1a56d		snapshot	source-snapshot	non-git-source-snapshot	"{""codec"": ""zstd"", ""codec_version"": ""1.5.5"", ""content_entries"": 1, ""content_id"": ""sha256:ff72275d08ced98dfb3f7576a485c2c42c705689291302e5323cfccad4a1a56d"", ""content_manifest"": "".record/source-snapshots/tokio-watch-.specula-output-confirmation-CR-1-.agent-cwd-turn01_A-fd179b081c6f.tar.files.tsv"", ""content_manifest_bytes"": 93, ""content_manifest_sha256"": ""def032dd015c051a15a615537e38247bfae2b12f3ff75d477f209aac1dae6b17"", ""encoded_bytes"": 23, ""encoded_sha256"": ""ef077a15315f941a8fc5700796762259eb286177402b33c31d5bddc62df4a397"", ""parts"": [{""bytes"": 23, ""path"": ""tokio-watch-.specula-output-confirmation-CR-1-.agent-cwd-turn01_A-fd179b081c6f.tar.zst"", ""sha256"": ""ef077a15315f941a8fc5700796762259eb286177402b33c31d5bddc62df4a397""}], ""tar_bytes"": 10240, ""tar_sha256"": ""84ff92691f909a05b224e1c56abb4864f01b4f8e3c854e4bb4c7baf1d3f6d652""}"
tokio-watch/.specula-output/confirmation/CR-1/debate.md	tokio-watch/.specula-output/confirmation/CR-1/debate.md	file	0600	1784155713004709383	375	e475bb08c9be779adf6b3c2116ec8b68a58b2281cf0390beb2319a5511208fef		copy	run-evidence		
tokio-watch/.specula-output/confirmation/CR-1/investigation.md	tokio-watch/.specula-output/confirmation/CR-1/investigation.md	file	0600	1784155622702893782	6609	940a73302963cd9608e7b3bee181f215e46e11565e653bcaa8d84c82041a053d		copy	run-evidence		
tokio-watch/.specula-output/confirmation/CR-1/turn01_A.last-message.txt	tokio-watch/.specula-output/confirmation/CR-1/turn01_A.last-message.txt	file	0600	1784155712295695238	2267	2bb5c2b35548049a46c412458861f60d769484c68926501343a472ac78ea4662		copy	run-evidence		
tokio-watch/.specula-output/confirmation/CR-1/turn01_A.log	tokio-watch/.specula-output/confirmation/CR-1/turn01_A.log	file	0600	1784155712295695238	389172	45dc0e9d28b7237abc5835d51c49a9ef87fe60bb3e065933eb78db9473470e84		copy	run-evidence		
tokio-watch/.specula-output/confirmation/CR-1/turn01_A.prompt.md	tokio-watch/.specula-output/confirmation/CR-1/turn01_A.prompt.md	file	0600	1784155406666596279	6344	66ee583814bef3a03472f6d1deb394cdb073a1ea1c76e209dfa0dd1c9b3c5455		copy	run-evidence		
tokio-watch/.specula-output/confirmation/CR-1/turn01_A.usage.json	tokio-watch/.specula-output/confirmation/CR-1/turn01_A.usage.json	file	0600	1784155712997709244	245	f19e2e57d76d3f1453ba5665c3e8aba17ba45a02910c17eece631d0d1ef493ba		copy	run-evidence		
tokio-watch/.specula-output/confirmation/CR-1/verdict.json	tokio-watch/.specula-output/confirmation/CR-1/verdict.json	file	0600	1784155714301735259	2493	0f66e0a86e91ffbd438ff7bfbb7ad6d2683b73fd4655a181707202696cf6af6e		copy	run-evidence		
tokio-watch/.specula-output/confirmation/CR-2	tokio-watch/.specula-output/confirmation/CR-2	directory	0700	1784155833095131521				mkdir	run-directory		
tokio-watch/.specula-output/confirmation/CR-2/.agent-cwd	tokio-watch/.specula-output/confirmation/CR-2/.agent-cwd	directory	0700	1784155406662596200				mkdir	run-directory		
tokio-watch/.specula-output/confirmation/CR-2/.agent-cwd/turn01_A	.record/source-snapshots/tokio-watch-.specula-output-confirmation-CR-2-.agent-cwd-turn01_A-df942786599a.tar	directory	0700	1784155832112111788	0	ff72275d08ced98dfb3f7576a485c2c42c705689291302e5323cfccad4a1a56d		snapshot	source-snapshot	non-git-source-snapshot	"{""codec"": ""zstd"", ""codec_version"": ""1.5.5"", ""content_entries"": 1, ""content_id"": ""sha256:ff72275d08ced98dfb3f7576a485c2c42c705689291302e5323cfccad4a1a56d"", ""content_manifest"": "".record/source-snapshots/tokio-watch-.specula-output-confirmation-CR-2-.agent-cwd-turn01_A-df942786599a.tar.files.tsv"", ""content_manifest_bytes"": 93, ""content_manifest_sha256"": ""def032dd015c051a15a615537e38247bfae2b12f3ff75d477f209aac1dae6b17"", ""encoded_bytes"": 23, ""encoded_sha256"": ""ef077a15315f941a8fc5700796762259eb286177402b33c31d5bddc62df4a397"", ""parts"": [{""bytes"": 23, ""path"": ""tokio-watch-.specula-output-confirmation-CR-2-.agent-cwd-turn01_A-df942786599a.tar.zst"", ""sha256"": ""ef077a15315f941a8fc5700796762259eb286177402b33c31d5bddc62df4a397""}], ""tar_bytes"": 10240, ""tar_sha256"": ""84ff92691f909a05b224e1c56abb4864f01b4f8e3c854e4bb4c7baf1d3f6d652""}"
tokio-watch/.specula-output/confirmation/CR-2/debate.md	tokio-watch/.specula-output/confirmation/CR-2/debate.md	file	0600	1784155832113111808	375	95b3b1a47c716a2c50d660402f7a394d1e891359b946b4ca419233c6cc41e38f		copy	run-evidence		
tokio-watch/.specula-output/confirmation/CR-2/investigation.md	tokio-watch/.specula-output/confirmation/CR-2/investigation.md	file	0600	1784155804758557655	6804	709f034f4fa9282af2e6ab8f8aece6eb301ba30537b8bc7b3284703a48fe580d		copy	run-evidence		
tokio-watch/.specula-output/confirmation/CR-2/turn01_A.last-message.txt	tokio-watch/.specula-output/confirmation/CR-2/turn01_A.last-message.txt	file	0600	1784155831564100787	2139	10aff1aec61eb5100bbf5270b747dfc9d91ce827f9fafa4433df6338f63f9f10		copy	run-evidence		
tokio-watch/.specula-output/confirmation/CR-2/turn01_A.log	tokio-watch/.specula-output/confirmation/CR-2/turn01_A.log	file	0600	1784155831564100787	417948	ea74776659059be7549e8df00f6f9036f8c8f7fa530c1704e5abf5791732eb06		copy	run-evidence		
tokio-watch/.specula-output/confirmation/CR-2/turn01_A.prompt.md	tokio-watch/.specula-output/confirmation/CR-2/turn01_A.prompt.md	file	0600	1784155406666596279	6432	0dff3deb62440c3bcdc31263067d9f5bd26439246f5b17fc2988331559a34c7e		copy	run-evidence		
tokio-watch/.specula-output/confirmation/CR-2/turn01_A.usage.json	tokio-watch/.specula-output/confirmation/CR-2/turn01_A.usage.json	file	0600	1784155832106111668	245	037b7f3f7a1c935e09303ea7c21c353c4c28df9beff77c18d10bca17474d60f3		copy	run-evidence		
tokio-watch/.specula-output/confirmation/CR-2/verdict.json	tokio-watch/.specula-output/confirmation/CR-2/verdict.json	file	0600	1784155833095131521	2349	6d212f3bbd309fcc8ca0b0e8ae7606054dbabdc3c64e14d4c3d341a719570e7e		copy	run-evidence		
tokio-watch/.specula-output/confirmation/CR-3	tokio-watch/.specula-output/confirmation/CR-3	directory	0700	1784155797521412196				mkdir	run-directory		
tokio-watch/.specula-output/confirmation/CR-3/.agent-cwd	tokio-watch/.specula-output/confirmation/CR-3/.agent-cwd	directory	0700	1784155406662596200				mkdir	run-directory		
tokio-watch/.specula-output/confirmation/CR-3/.agent-cwd/turn01_A	.record/source-snapshots/tokio-watch-.specula-output-confirmation-CR-3-.agent-cwd-turn01_A-28746a1917a5.tar	directory	0700	1784155796538392434	0	ff72275d08ced98dfb3f7576a485c2c42c705689291302e5323cfccad4a1a56d		snapshot	source-snapshot	non-git-source-snapshot	"{""codec"": ""zstd"", ""codec_version"": ""1.5.5"", ""content_entries"": 1, ""content_id"": ""sha256:ff72275d08ced98dfb3f7576a485c2c42c705689291302e5323cfccad4a1a56d"", ""content_manifest"": "".record/source-snapshots/tokio-watch-.specula-output-confirmation-CR-3-.agent-cwd-turn01_A-28746a1917a5.tar.files.tsv"", ""content_manifest_bytes"": 93, ""content_manifest_sha256"": ""def032dd015c051a15a615537e38247bfae2b12f3ff75d477f209aac1dae6b17"", ""encoded_bytes"": 23, ""encoded_sha256"": ""ef077a15315f941a8fc5700796762259eb286177402b33c31d5bddc62df4a397"", ""parts"": [{""bytes"": 23, ""path"": ""tokio-watch-.specula-output-confirmation-CR-3-.agent-cwd-turn01_A-28746a1917a5.tar.zst"", ""sha256"": ""ef077a15315f941a8fc5700796762259eb286177402b33c31d5bddc62df4a397""}], ""tar_bytes"": 10240, ""tar_sha256"": ""84ff92691f909a05b224e1c56abb4864f01b4f8e3c854e4bb4c7baf1d3f6d652""}"
tokio-watch/.specula-output/confirmation/CR-3/debate.md	tokio-watch/.specula-output/confirmation/CR-3/debate.md	file	0600	1784155796539392454	382	98d73bf1fb27fc6046cd13d8cd5c701968ff97a596b4d3ed9c37dacc88616ec5		copy	run-evidence		
tokio-watch/.specula-output/confirmation/CR-3/investigation.md	tokio-watch/.specula-output/confirmation/CR-3/investigation.md	file	0600	1784155736790192555	9471	46afef1735683140df52e618c79021647396a869149bbfe5f956609a2a073a0f		copy	run-evidence		
tokio-watch/.specula-output/confirmation/CR-3/turn01_A.last-message.txt	tokio-watch/.specula-output/confirmation/CR-3/turn01_A.last-message.txt	file	0600	1784155795859378784	2269	a5b081c49bf9828725ec518b9e9771eca06e24f195b34834ade327f62f77763a		copy	run-evidence		
tokio-watch/.specula-output/confirmation/CR-3/turn01_A.log	tokio-watch/.specula-output/confirmation/CR-3/turn01_A.log	file	0600	1784155795859378784	343815	7fe8d717b36fb610740b22d1c5a411520894ac8979a34ef01857b8968520b5dc		copy	run-evidence		
tokio-watch/.specula-output/confirmation/CR-3/turn01_A.prompt.md	tokio-watch/.specula-output/confirmation/CR-3/turn01_A.prompt.md	file	0600	1784155406665596259	6578	d450b5d15070614ea2d766f98dc52e225ce054b381757de4b34d2c7134ce7827		copy	run-evidence		
tokio-watch/.specula-output/confirmation/CR-3/turn01_A.usage.json	tokio-watch/.specula-output/confirmation/CR-3/turn01_A.usage.json	file	0600	1784155796532392314	245	dea9a704d61d1571040a406c7424faa58994baab8d82491775bb1464208a55bf		copy	run-evidence		
tokio-watch/.specula-output/confirmation/CR-3/verdict.json	tokio-watch/.specula-output/confirmation/CR-3/verdict.json	file	0600	1784155797521412196	2483	8cc8780c89f31ed9f2944eff9656aa8120cf8b53285b4f91995a5b0e95dae8b3		copy	run-evidence		
tokio-watch/.specula-output/confirmation/CR-4	tokio-watch/.specula-output/confirmation/CR-4	directory	0700	1784156177538046228				mkdir	run-directory		
tokio-watch/.specula-output/confirmation/CR-4/.agent-cwd	tokio-watch/.specula-output/confirmation/CR-4/.agent-cwd	directory	0700	1784155714385736935				mkdir	run-directory		
tokio-watch/.specula-output/confirmation/CR-4/.agent-cwd/turn01_A	.record/source-snapshots/tokio-watch-.specula-output-confirmation-CR-4-.agent-cwd-turn01_A-412f090733fc.tar	directory	0700	1784156176556026516	0	ff72275d08ced98dfb3f7576a485c2c42c705689291302e5323cfccad4a1a56d		snapshot	source-snapshot	non-git-source-snapshot	"{""codec"": ""zstd"", ""codec_version"": ""1.5.5"", ""content_entries"": 1, ""content_id"": ""sha256:ff72275d08ced98dfb3f7576a485c2c42c705689291302e5323cfccad4a1a56d"", ""content_manifest"": "".record/source-snapshots/tokio-watch-.specula-output-confirmation-CR-4-.agent-cwd-turn01_A-412f090733fc.tar.files.tsv"", ""content_manifest_bytes"": 93, ""content_manifest_sha256"": ""def032dd015c051a15a615537e38247bfae2b12f3ff75d477f209aac1dae6b17"", ""encoded_bytes"": 23, ""encoded_sha256"": ""ef077a15315f941a8fc5700796762259eb286177402b33c31d5bddc62df4a397"", ""parts"": [{""bytes"": 23, ""path"": ""tokio-watch-.specula-output-confirmation-CR-4-.agent-cwd-turn01_A-412f090733fc.tar.zst"", ""sha256"": ""ef077a15315f941a8fc5700796762259eb286177402b33c31d5bddc62df4a397""}], ""tar_bytes"": 10240, ""tar_sha256"": ""84ff92691f909a05b224e1c56abb4864f01b4f8e3c854e4bb4c7baf1d3f6d652""}"
tokio-watch/.specula-output/confirmation/CR-4/debate.md	tokio-watch/.specula-output/confirmation/CR-4/debate.md	file	0600	1784156176556026516	382	2951502e901d7c31dfc11b8f6ae9e79815d9c9149a27727220f744c8e5c79e25		copy	run-evidence		
tokio-watch/.specula-output/confirmation/CR-4/investigation.md	tokio-watch/.specula-output/confirmation/CR-4/investigation.md	file	0600	1784156080701102809	5777	1c9d4e5c5f0527dc82a88e18830423fc5b7a9c71d2e48ba9e06dbf2f04bf160e		copy	run-evidence		
tokio-watch/.specula-output/confirmation/CR-4/turn01_A.last-message.txt	tokio-watch/.specula-output/confirmation/CR-4/turn01_A.last-message.txt	file	0600	1784156175700009334	2301	c40a774c60fc469ba11206a422804899c40618b4daeef110dccdda075bd51403		copy	run-evidence		
tokio-watch/.specula-output/confirmation/CR-4/turn01_A.log	tokio-watch/.specula-output/confirmation/CR-4/turn01_A.log	file	0600	1784156175700009334	325415	1f569d522c4ea29a5777cb3a1cd759bb60c575d7091dfaf7ed0f96b409fbe9ae		copy	run-evidence		
tokio-watch/.specula-output/confirmation/CR-4/turn01_A.prompt.md	tokio-watch/.specula-output/confirmation/CR-4/turn01_A.prompt.md	file	0600	1784155714389737015	6481	bcca2b8175cfed6d5557154f616adfbe8f93f77df038743cfa6c0fe9fc6a8473		copy	run-evidence		
tokio-watch/.specula-output/confirmation/CR-4/turn01_A.usage.json	tokio-watch/.specula-output/confirmation/CR-4/turn01_A.usage.json	file	0600	1784156176549026376	245	037b7f3f7a1c935e09303ea7c21c353c4c28df9beff77c18d10bca17474d60f3		copy	run-evidence		
tokio-watch/.specula-output/confirmation/CR-4/verdict.json	tokio-watch/.specula-output/confirmation/CR-4/verdict.json	file	0600	1784156177538046228	2515	6521f02cb1fc4fb03abab281290563a3c46b2277d7039fe948da46988c75e4c1		copy	run-evidence		
tokio-watch/.specula-output/confirmation/CR-5	tokio-watch/.specula-output/confirmation/CR-5	directory	0700	1784156252289543822				mkdir	run-directory		
tokio-watch/.specula-output/confirmation/CR-5/.agent-cwd	tokio-watch/.specula-output/confirmation/CR-5/.agent-cwd	directory	0700	1784155797605413885				mkdir	run-directory		
tokio-watch/.specula-output/confirmation/CR-5/.agent-cwd/turn01_A	.record/source-snapshots/tokio-watch-.specula-output-confirmation-CR-5-.agent-cwd-turn01_A-247d351b5b87.tar	directory	0700	1784156251189521825	0	ff72275d08ced98dfb3f7576a485c2c42c705689291302e5323cfccad4a1a56d		snapshot	source-snapshot	non-git-source-snapshot	"{""codec"": ""zstd"", ""codec_version"": ""1.5.5"", ""content_entries"": 1, ""content_id"": ""sha256:ff72275d08ced98dfb3f7576a485c2c42c705689291302e5323cfccad4a1a56d"", ""content_manifest"": "".record/source-snapshots/tokio-watch-.specula-output-confirmation-CR-5-.agent-cwd-turn01_A-247d351b5b87.tar.files.tsv"", ""content_manifest_bytes"": 93, ""content_manifest_sha256"": ""def032dd015c051a15a615537e38247bfae2b12f3ff75d477f209aac1dae6b17"", ""encoded_bytes"": 23, ""encoded_sha256"": ""ef077a15315f941a8fc5700796762259eb286177402b33c31d5bddc62df4a397"", ""parts"": [{""bytes"": 23, ""path"": ""tokio-watch-.specula-output-confirmation-CR-5-.agent-cwd-turn01_A-247d351b5b87.tar.zst"", ""sha256"": ""ef077a15315f941a8fc5700796762259eb286177402b33c31d5bddc62df4a397""}], ""tar_bytes"": 10240, ""tar_sha256"": ""84ff92691f909a05b224e1c56abb4864f01b4f8e3c854e4bb4c7baf1d3f6d652""}"
tokio-watch/.specula-output/confirmation/CR-5/debate.md	tokio-watch/.specula-output/confirmation/CR-5/debate.md	file	0600	1784156251190521845	382	7d0eef2fd0a236531c99754365fbd7447d659188774c44359aa77540f7f8e281		copy	run-evidence		
tokio-watch/.specula-output/confirmation/CR-5/investigation.md	tokio-watch/.specula-output/confirmation/CR-5/investigation.md	file	0600	1784156207972656315	7306	c349e5e984cf02bb4d514fb81d245eb85f5252116f4230507e93ce295a2d7289		copy	run-evidence		
tokio-watch/.specula-output/confirmation/CR-5/turn01_A.last-message.txt	tokio-watch/.specula-output/confirmation/CR-5/turn01_A.last-message.txt	file	0600	1784156250651511067	2773	ce325d3d72f0f1e1e9d246f2b25896ad232a309935ce4fdbef50701b6ab8dcd3		copy	run-evidence		
tokio-watch/.specula-output/confirmation/CR-5/turn01_A.log	tokio-watch/.specula-output/confirmation/CR-5/turn01_A.log	file	0600	1784156250651511067	494659	2716817b21106ad1ffa041f40ea3c30cdd0ca8f29317797c9c6ec9a966efe028		copy	run-evidence		
tokio-watch/.specula-output/confirmation/CR-5/turn01_A.prompt.md	tokio-watch/.specula-output/confirmation/CR-5/turn01_A.prompt.md	file	0600	1784155797608413945	6541	528d0fb7f9343c12840708ac9950aef87f013d8b36199012be0d63c159ad661f		copy	run-evidence		
tokio-watch/.specula-output/confirmation/CR-5/turn01_A.usage.json	tokio-watch/.specula-output/confirmation/CR-5/turn01_A.usage.json	file	0600	1784156251182521685	245	037b7f3f7a1c935e09303ea7c21c353c4c28df9beff77c18d10bca17474d60f3		copy	run-evidence		
tokio-watch/.specula-output/confirmation/CR-5/verdict.json	tokio-watch/.specula-output/confirmation/CR-5/verdict.json	file	0600	1784156252289543822	2988	4450bc94861c0cae946b424d9b596591503b6a06ea8a24160f6d739486ed8dd9		copy	run-evidence		
tokio-watch/.specula-output/harness	tokio-watch/.specula-output/harness	directory	0700	1784141368090150187				mkdir	run-directory		
tokio-watch/.specula-output/harness-gen.activity.jsonl	tokio-watch/.specula-output/harness-gen.activity.jsonl	file	0600	1784141616419109849	59256	0875889a7cd2d8a8073ad958ee61e7c4a55763a6ea82dec619a53276750cc9b2		copy	run-evidence		
tokio-watch/.specula-output/harness-gen.last-message.txt	tokio-watch/.specula-output/harness-gen.last-message.txt	file	0600	1784141616431110087	1456	1984aa41fd49d77b8eac398a5d3ba68c165ef5cb3e25ef5b4eaa0b62eb553229		copy	run-evidence		
tokio-watch/.specula-output/harness-gen.log	tokio-watch/.specula-output/harness-gen.log	file	0600	1784141616373108934	23423	def55548244377aefac92a60ac8f1f2cde000880915000330e421a1248fae83d		copy	run-evidence		
tokio-watch/.specula-output/harness-gen.pid		file	0600	1784140156901676902	7	c3e55d4cea033dd8426e98bc46ceab703d8da842a02e4f2fb414dae1d6668811		exclude	non-evidence	ephemeral-process-id	
tokio-watch/.specula-output/harness-gen.usage.json	tokio-watch/.specula-output/harness-gen.usage.json	file	0600	1784141617295127271	245	daf24d010efc0319d1e9f201ca109fd92cf7f8c3954a04654c706ecb29c56b29		copy	run-evidence		
tokio-watch/.specula-output/harness/INSTRUMENTATION.md	tokio-watch/.specula-output/harness/INSTRUMENTATION.md	file	0600	1784141526377313483	4351	43a29139cf78b4885869fa19d247b8c8c3d2bd8f517b2cb29f921806fdc3a1ab		copy	run-evidence		
tokio-watch/.specula-output/harness/apply.sh	tokio-watch/.specula-output/harness/apply.sh	file	0700	1784141308811957452	775	7e6523926896701ab1d9cea04c3c7f10aab9d60e7843dac7794d15ef06d0e509		copy	run-evidence		
tokio-watch/.specula-output/harness/patches	tokio-watch/.specula-output/harness/patches	directory	0700	1784141259976972413				mkdir	run-directory		
tokio-watch/.specula-output/harness/patches/instrumentation.patch	tokio-watch/.specula-output/harness/patches/instrumentation.patch	file	0600	1784141259979972472	21166	ea488710a8622ccf9a98b5fce9e29ec2107872e4425443cd0239c20b6df206aa		copy	run-evidence		
tokio-watch/.specula-output/harness/preprocess_trace.py	tokio-watch/.specula-output/harness/preprocess_trace.py	file	0700	1784141282877433746	3473	7a01f522eafee1aa283026b4e8493199ead6bcf4eab386592b7381a42d1b5f9a		copy	run-evidence		
tokio-watch/.specula-output/harness/run.sh	tokio-watch/.specula-output/harness/run.sh	file	0700	1784141517603138752	2633	0f9cc959589f023d5e02d4a2db83a72126d9dd1a721e49fe6b0f90c55e35662a		copy	run-evidence		
tokio-watch/.specula-output/harness/src	tokio-watch/.specula-output/harness/src	directory	0700	1784141003470728329				mkdir	run-directory		
tokio-watch/.specula-output/harness/src/specula_trace_tests.rs	tokio-watch/.specula-output/harness/src/specula_trace_tests.rs	file	0600	1784141422903246540	4894	2371853ec191015095e32544fbf82828db1bfeeceaa4f18dc311649643aac43e		copy	run-evidence		
tokio-watch/.specula-output/harness/src/tla_trace.rs	tokio-watch/.specula-output/harness/src/tla_trace.rs	file	0600	1784141251912810691	33219	ef96a41187c502f6808e456d496b19ee6b14902d59fa6e7623eb00d2153e5368		copy	run-evidence		
tokio-watch/.specula-output/modeling-brief.md	tokio-watch/.specula-output/modeling-brief.md	file	0600	1784138598989149312	16877	a6debd0d5be81dab1f397295f1c75c95ba914e98a1360a17eedafe54c1813619		copy	run-evidence		
tokio-watch/.specula-output/repro	tokio-watch/.specula-output/repro	directory	0700	1784156138091253764				mkdir	run-directory		
tokio-watch/.specula-output/repro/cr2_watch_pairing_case	tokio-watch/.specula-output/repro/cr2_watch_pairing_case	directory	0700	1784155757967618395				mkdir	run-directory		
tokio-watch/.specula-output/repro/cr2_watch_pairing_case/Cargo.lock	tokio-watch/.specula-output/repro/cr2_watch_pairing_case/Cargo.lock	file	0600	1784155757967618395	2685	8994a3e9d2d90ad706b974e3f0e89cbd012ebf49136333a2bf0bccd646de7815		copy	run-evidence		
tokio-watch/.specula-output/repro/cr2_watch_pairing_case/Cargo.toml	tokio-watch/.specula-output/repro/cr2_watch_pairing_case/Cargo.toml	file	0600	1784155757698613000	827	029cf7f7ac6ce7c6cde768d5f763efccc8e4aa5a595db6c7d999525d7c33e675		copy	run-evidence		
tokio-watch/.specula-output/repro/cr2_watch_pairing_case/src	tokio-watch/.specula-output/repro/cr2_watch_pairing_case/src	directory	0700	1784155757699613020				mkdir	run-directory		
tokio-watch/.specula-output/repro/cr2_watch_pairing_case/src/main.rs	tokio-watch/.specula-output/repro/cr2_watch_pairing_case/src/main.rs	file	0600	1784155757700613040	3416	11c845a0f82ab5d17feba26fdf19c6e608a4c8272f9e1956359e44e69bf0dcac		copy	run-evidence		
tokio-watch/.specula-output/repro/target_cr2_watch_pairing	tokio-watch/.specula-output/repro/target_cr2_watch_pairing	directory	0700	1784155741699291071				mkdir	run-directory		
tokio-watch/.specula-output/repro/target_cr2_watch_pairing/.rustc_info.json	tokio-watch/.specula-output/repro/target_cr2_watch_pairing/.rustc_info.json	file	0600	1784155760809675399	1725	f5ca218335023f2bb28a997ee844774948a596a8039742214d62ef6b18ccd325		copy	run-evidence		
tokio-watch/.specula-output/repro/target_cr2_watch_pairing/debug	tokio-watch/.specula-output/repro/target_cr2_watch_pairing/debug	directory	0700	1784155760804675299				mkdir	run-directory		
tokio-watch/.specula-output/repro/target_cr2_watch_pairing/debug/.cargo-lock	tokio-watch/.specula-output/repro/target_cr2_watch_pairing/debug/.cargo-lock	file	0600	1784155741699291071	0	e3b0c44298fc1c149afbf4c8996fb92427ae41e4649b934ca495991b7852b855		copy	run-evidence		
tokio-watch/.specula-output/repro/target_cr2_watch_pairing/debug/.fingerprint	tokio-watch/.specula-output/repro/target_cr2_watch_pairing/debug/.fingerprint	directory	0700	1784155757978618616				mkdir	run-directory		
tokio-watch/.specula-output/repro/target_cr2_watch_pairing/debug/.fingerprint/bytes-c51cd628dede614b	tokio-watch/.specula-output/repro/target_cr2_watch_pairing/debug/.fingerprint/bytes-c51cd628dede614b	directory	0700	1784155742036297870				mkdir	run-directory		
tokio-watch/.specula-output/repro/target_cr2_watch_pairing/debug/.fingerprint/bytes-c51cd628dede614b/dep-lib-bytes	tokio-watch/.specula-output/repro/target_cr2_watch_pairing/debug/.fingerprint/bytes-c51cd628dede614b/dep-lib-bytes	file	0600	1784155741703291152	14	93a4afc37518a1bf7830744017176e1d1946e5df993e47159069839f61fe49ab		copy	run-evidence		
tokio-watch/.specula-output/repro/target_cr2_watch_pairing/debug/.fingerprint/bytes-c51cd628dede614b/invoked.timestamp	tokio-watch/.specula-output/repro/target_cr2_watch_pairing/debug/.fingerprint/bytes-c51cd628dede614b/invoked.timestamp	file	0600	1784155741703291152	48	5a109e6643e8d3e88642e3f35e85d2a83e639d07523aa6e99166c48178e965c3		copy	run-evidence		
tokio-watch/.specula-output/repro/target_cr2_watch_pairing/debug/.fingerprint/bytes-c51cd628dede614b/lib-bytes	tokio-watch/.specula-output/repro/target_cr2_watch_pairing/debug/.fingerprint/bytes-c51cd628dede614b/lib-bytes	file	0600	1784155742036297870	16	c4ddc3890090b2b39bf53b38dd4d0faa2c3b7996512244eacec55a30fbad6d4d		copy	run-evidence		
tokio-watch/.specula-output/repro/target_cr2_watch_pairing/debug/.fingerprint/bytes-c51cd628dede614b/lib-bytes.json	tokio-watch/.specula-output/repro/target_cr2_watch_pairing/debug/.fingerprint/bytes-c51cd628dede614b/lib-bytes.json	file	0600	1784155742036297870	416	81d27b4e3a111bd32f1b757151a5134f1170048f7daddb60d71d096fd23b65ba		copy	run-evidence		
tokio-watch/.specula-output/repro/target_cr2_watch_pairing/debug/.fingerprint/bytes-d83136e112ca2680	tokio-watch/.specula-output/repro/target_cr2_watch_pairing/debug/.fingerprint/bytes-d83136e112ca2680	directory	0700	1784155758266624392				mkdir	run-directory		
tokio-watch/.specula-output/repro/target_cr2_watch_pairing/debug/.fingerprint/bytes-d83136e112ca2680/dep-lib-bytes	tokio-watch/.specula-output/repro/target_cr2_watch_pairing/debug/.fingerprint/bytes-d83136e112ca2680/dep-lib-bytes	file	0600	1784155757981618676	14	93a4afc37518a1bf7830744017176e1d1946e5df993e47159069839f61fe49ab		copy	run-evidence		
tokio-watch/.specula-output/repro/target_cr2_watch_pairing/debug/.fingerprint/bytes-d83136e112ca2680/invoked.timestamp	tokio-watch/.specula-output/repro/target_cr2_watch_pairing/debug/.fingerprint/bytes-d83136e112ca2680/invoked.timestamp	file	0600	1784155757981618676	48	5a109e6643e8d3e88642e3f35e85d2a83e639d07523aa6e99166c48178e965c3		copy	run-evidence		
tokio-watch/.specula-output/repro/target_cr2_watch_pairing/debug/.fingerprint/bytes-d83136e112ca2680/lib-bytes	tokio-watch/.specula-output/repro/target_cr2_watch_pairing/debug/.fingerprint/bytes-d83136e112ca2680/lib-bytes	file	0600	1784155758266624392	16	b996e482b083f0942d56bff4ba64eb86c4ad19b7a241d13f465d58a243435886		copy	run-evidence		
tokio-watch/.specula-output/repro/target_cr2_watch_pairing/debug/.fingerprint/bytes-d83136e112ca2680/lib-bytes.json	tokio-watch/.specula-output/repro/target_cr2_watch_pairing/debug/.fingerprint/bytes-d83136e112ca2680/lib-bytes.json	file	0600	1784155758266624392	452	6543001c0e5063927408919dd2c7ce25e5b36e8704edc1ead2ce612240961628		copy	run-evidence		
tokio-watch/.specula-output/repro/target_cr2_watch_pairing/debug/.fingerprint/cr2-watch-pairing-repro-bfeda956a75a4c33	tokio-watch/.specula-output/repro/target_cr2_watch_pairing/debug/.fingerprint/cr2-watch-pairing-repro-bfeda956a75a4c33	directory	0700	1784155745557368907				mkdir	run-directory		
tokio-watch/.specula-output/repro/target_cr2_watch_pairing/debug/.fingerprint/cr2-watch-pairing-repro-bfeda956a75a4c33/bin-cr2-watch-pairing-repro	tokio-watch/.specula-output/repro/target_cr2_watch_pairing/debug/.fingerprint/cr2-watch-pairing-repro-bfeda956a75a4c33/bin-cr2-watch-pairing-repro	file	0600	1784155745557368907	16	bc68cfa10b6c18ece0d94b062372f634cc5456f144c9d73954e5325ab20261b7		copy	run-evidence		
tokio-watch/.specula-output/repro/target_cr2_watch_pairing/debug/.fingerprint/cr2-watch-pairing-repro-bfeda956a75a4c33/bin-cr2-watch-pairing-repro.json	tokio-watch/.specula-output/repro/target_cr2_watch_pairing/debug/.fingerprint/cr2-watch-pairing-repro-bfeda956a75a4c33/bin-cr2-watch-pairing-repro.json	file	0600	1784155745557368907	500	9d4b5628fe5ea33a369e9c3359e468df6775d581511232c3da603e29b1e295b3		copy	run-evidence		
tokio-watch/.specula-output/repro/target_cr2_watch_pairing/debug/.fingerprint/cr2-watch-pairing-repro-bfeda956a75a4c33/dep-bin-cr2-watch-pairing-repro	tokio-watch/.specula-output/repro/target_cr2_watch_pairing/debug/.fingerprint/cr2-watch-pairing-repro-bfeda956a75a4c33/dep-bin-cr2-watch-pairing-repro	file	0600	1784155745324364206	31	dd32b16937730a9a92a8070aa73e4dbbc632703f88e1395eb2196a4f6b11a95a		copy	run-evidence		
tokio-watch/.specula-output/repro/target_cr2_watch_pairing/debug/.fingerprint/cr2-watch-pairing-repro-bfeda956a75a4c33/invoked.timestamp	tokio-watch/.specula-output/repro/target_cr2_watch_pairing/debug/.fingerprint/cr2-watch-pairing-repro-bfeda956a75a4c33/invoked.timestamp	file	0600	1784155745324364206	48	5a109e6643e8d3e88642e3f35e85d2a83e639d07523aa6e99166c48178e965c3		copy	run-evidence		
tokio-watch/.specula-output/repro/target_cr2_watch_pairing/debug/.fingerprint/cr2-watch-pairing-repro-e2215d355c282f30	tokio-watch/.specula-output/repro/target_cr2_watch_pairing/debug/.fingerprint/cr2-watch-pairing-repro-e2215d355c282f30	directory	0700	1784155760804675299				mkdir	run-directory		
tokio-watch/.specula-output/repro/target_cr2_watch_pairing/debug/.fingerprint/cr2-watch-pairing-repro-e2215d355c282f30/bin-cr2-watch-pairing-repro	tokio-watch/.specula-output/repro/target_cr2_watch_pairing/debug/.fingerprint/cr2-watch-pairing-repro-e2215d355c282f30/bin-cr2-watch-pairing-repro	file	0600	1784155760804675299	16	7046bdd4724cdb67eec44ecdfcc5150a41eb940f7e6055c97b8eeff0fd335f59		copy	run-evidence		
tokio-watch/.specula-output/repro/target_cr2_watch_pairing/debug/.fingerprint/cr2-watch-pairing-repro-e2215d355c282f30/bin-cr2-watch-pairing-repro.json	tokio-watch/.specula-output/repro/target_cr2_watch_pairing/debug/.fingerprint/cr2-watch-pairing-repro-e2215d355c282f30/bin-cr2-watch-pairing-repro.json	file	0600	1784155760804675299	536	86561b8ee903e94eabe53bad36d2375f0341641d091a3cfaae7587e31f12b14e		copy	run-evidence		
tokio-watch/.specula-output/repro/target_cr2_watch_pairing/debug/.fingerprint/cr2-watch-pairing-repro-e2215d355c282f30/dep-bin-cr2-watch-pairing-repro	tokio-watch/.specula-output/repro/target_cr2_watch_pairing/debug/.fingerprint/cr2-watch-pairing-repro-e2215d355c282f30/dep-bin-cr2-watch-pairing-repro	file	0600	1784155760587670946	31	dd32b16937730a9a92a8070aa73e4dbbc632703f88e1395eb2196a4f6b11a95a		copy	run-evidence		
tokio-watch/.specula-output/repro/target_cr2_watch_pairing/debug/.fingerprint/cr2-watch-pairing-repro-e2215d355c282f30/invoked.timestamp	tokio-watch/.specula-output/repro/target_cr2_watch_pairing/debug/.fingerprint/cr2-watch-pairing-repro-e2215d355c282f30/invoked.timestamp	file	0600	1784155760587670946	48	5a109e6643e8d3e88642e3f35e85d2a83e639d07523aa6e99166c48178e965c3		copy	run-evidence		
tokio-watch/.specula-output/repro/target_cr2_watch_pairing/debug/.fingerprint/futures-core-1d96ee52e1122c91	tokio-watch/.specula-output/repro/target_cr2_watch_pairing/debug/.fingerprint/futures-core-1d96ee52e1122c91	directory	0700	1784155758031619679				mkdir	run-directory		
tokio-watch/.specula-output/repro/target_cr2_watch_pairing/debug/.fingerprint/futures-core-1d96ee52e1122c91/dep-lib-futures_core	tokio-watch/.specula-output/repro/target_cr2_watch_pairing/debug/.fingerprint/futures-core-1d96ee52e1122c91/dep-lib-futures_core	file	0600	1784155757980618656	14	93a4afc37518a1bf7830744017176e1d1946e5df993e47159069839f61fe49ab		copy	run-evidence		
tokio-watch/.specula-output/repro/target_cr2_watch_pairing/debug/.fingerprint/futures-core-1d96ee52e1122c91/invoked.timestamp	tokio-watch/.specula-output/repro/target_cr2_watch_pairing/debug/.fingerprint/futures-core-1d96ee52e1122c91/invoked.timestamp	file	0600	1784155757980618656	48	5a109e6643e8d3e88642e3f35e85d2a83e639d07523aa6e99166c48178e965c3		copy	run-evidence		
tokio-watch/.specula-output/repro/target_cr2_watch_pairing/debug/.fingerprint/futures-core-1d96ee52e1122c91/lib-futures_core	tokio-watch/.specula-output/repro/target_cr2_watch_pairing/debug/.fingerprint/futures-core-1d96ee52e1122c91/lib-futures_core	file	0600	1784155758031619679	16	83112d3cfec23956ffc74d75cc5fa26e5fb932f768aeac0cc78fa87ab2062a52		copy	run-evidence		
tokio-watch/.specula-output/repro/target_cr2_watch_pairing/debug/.fingerprint/futures-core-1d96ee52e1122c91/lib-futures_core.json	tokio-watch/.specula-output/repro/target_cr2_watch_pairing/debug/.fingerprint/futures-core-1d96ee52e1122c91/lib-futures_core.json	file	0600	1784155758031619679	517	969887e12728d2b73e245f24c9390aabf5b8f94eb69dab20a4d1fedc0f62ffb3		copy	run-evidence		
tokio-watch/.specula-output/repro/target_cr2_watch_pairing/debug/.fingerprint/futures-core-4009a2020ea13d93	tokio-watch/.specula-output/repro/target_cr2_watch_pairing/debug/.fingerprint/futures-core-4009a2020ea13d93	directory	0700	1784155741754292181				mkdir	run-directory		
tokio-watch/.specula-output/repro/target_cr2_watch_pairing/debug/.fingerprint/futures-core-4009a2020ea13d93/dep-lib-futures_core	tokio-watch/.specula-output/repro/target_cr2_watch_pairing/debug/.fingerprint/futures-core-4009a2020ea13d93/dep-lib-futures_core	file	0600	1784155741703291152	14	93a4afc37518a1bf7830744017176e1d1946e5df993e47159069839f61fe49ab		copy	run-evidence		
tokio-watch/.specula-output/repro/target_cr2_watch_pairing/debug/.fingerprint/futures-core-4009a2020ea13d93/invoked.timestamp	tokio-watch/.specula-output/repro/target_cr2_watch_pairing/debug/.fingerprint/futures-core-4009a2020ea13d93/invoked.timestamp	file	0600	1784155741703291152	48	5a109e6643e8d3e88642e3f35e85d2a83e639d07523aa6e99166c48178e965c3		copy	run-evidence		
tokio-watch/.specula-output/repro/target_cr2_watch_pairing/debug/.fingerprint/futures-core-4009a2020ea13d93/lib-futures_core	tokio-watch/.specula-output/repro/target_cr2_watch_pairing/debug/.fingerprint/futures-core-4009a2020ea13d93/lib-futures_core	file	0600	1784155741754292181	16	4b6a2040b49af156d86a18ec6b8b1f3a53d67d640a7b228d64b1208fa3061e13		copy	run-evidence		
tokio-watch/.specula-output/repro/target_cr2_watch_pairing/debug/.fingerprint/futures-core-4009a2020ea13d93/lib-futures_core.json	tokio-watch/.specula-output/repro/target_cr2_watch_pairing/debug/.fingerprint/futures-core-4009a2020ea13d93/lib-futures_core.json	file	0600	1784155741754292181	481	3b3850762989d725ebc979f0d430272f609e88bd27f61816f2ca3234fda0ac5b		copy	run-evidence		
tokio-watch/.specula-output/repro/target_cr2_watch_pairing/debug/.fingerprint/futures-sink-162230eb989e32a4	tokio-watch/.specula-output/repro/target_cr2_watch_pairing/debug/.fingerprint/futures-sink-162230eb989e32a4	directory	0700	1784155758011619278				mkdir	run-directory		
tokio-watch/.specula-output/repro/target_cr2_watch_pairing/debug/.fingerprint/futures-sink-162230eb989e32a4/dep-lib-futures_sink	tokio-watch/.specula-output/repro/target_cr2_watch_pairing/debug/.fingerprint/futures-sink-162230eb989e32a4/dep-lib-futures_sink	file	0600	1784155757980618656	14	93a4afc37518a1bf7830744017176e1d1946e5df993e47159069839f61fe49ab		copy	run-evidence		
tokio-watch/.specula-output/repro/target_cr2_watch_pairing/debug/.fingerprint/futures-sink-162230eb989e32a4/invoked.timestamp	tokio-watch/.specula-output/repro/target_cr2_watch_pairing/debug/.fingerprint/futures-sink-162230eb989e32a4/invoked.timestamp	file	0600	1784155757980618656	48	5a109e6643e8d3e88642e3f35e85d2a83e639d07523aa6e99166c48178e965c3		copy	run-evidence		
tokio-watch/.specula-output/repro/target_cr2_watch_pairing/debug/.fingerprint/futures-sink-162230eb989e32a4/lib-futures_sink	tokio-watch/.specula-output/repro/target_cr2_watch_pairing/debug/.fingerprint/futures-sink-162230eb989e32a4/lib-futures_sink	file	0600	1784155758011619278	16	7328969d8ed966222e1645ed1f9d5bd771d51eae499f0a4c1808cc72b9ba439f		copy	run-evidence		
tokio-watch/.specula-output/repro/target_cr2_watch_pairing/debug/.fingerprint/futures-sink-162230eb989e32a4/lib-futures_sink.json	tokio-watch/.specula-output/repro/target_cr2_watch_pairing/debug/.fingerprint/futures-sink-162230eb989e32a4/lib-futures_sink.json	file	0600	1784155758011619278	456	77b1e54f709d82f0cea69e9d434df622753e363d769bbd264d0b48b6209b51e0		copy	run-evidence		
tokio-watch/.specula-output/repro/target_cr2_watch_pairing/debug/.fingerprint/futures-sink-bcea5761c467004c	tokio-watch/.specula-output/repro/target_cr2_watch_pairing/debug/.fingerprint/futures-sink-bcea5761c467004c	directory	0700	1784155741736291818				mkdir	run-directory		
tokio-watch/.specula-output/repro/target_cr2_watch_pairing/debug/.fingerprint/futures-sink-bcea5761c467004c/dep-lib-futures_sink	tokio-watch/.specula-output/repro/target_cr2_watch_pairing/debug/.fingerprint/futures-sink-bcea5761c467004c/dep-lib-futures_sink	file	0600	1784155741702291132	14	93a4afc37518a1bf7830744017176e1d1946e5df993e47159069839f61fe49ab		copy	run-evidence		
tokio-watch/.specula-output/repro/target_cr2_watch_pairing/debug/.fingerprint/futures-sink-bcea5761c467004c/invoked.timestamp	tokio-watch/.specula-output/repro/target_cr2_watch_pairing/debug/.fingerprint/futures-sink-bcea5761c467004c/invoked.timestamp	file	0600	1784155741702291132	48	5a109e6643e8d3e88642e3f35e85d2a83e639d07523aa6e99166c48178e965c3		copy	run-evidence		
tokio-watch/.specula-output/repro/target_cr2_watch_pairing/debug/.fingerprint/futures-sink-bcea5761c467004c/lib-futures_sink	tokio-watch/.specula-output/repro/target_cr2_watch_pairing/debug/.fingerprint/futures-sink-bcea5761c467004c/lib-futures_sink	file	0600	1784155741736291818	16	ab04a4fc219ea406096f38729c902684febd875d0eace7155343d1d561fc397a		copy	run-evidence		
tokio-watch/.specula-output/repro/target_cr2_watch_pairing/debug/.fingerprint/futures-sink-bcea5761c467004c/lib-futures_sink.json	tokio-watch/.specula-output/repro/target_cr2_watch_pairing/debug/.fingerprint/futures-sink-bcea5761c467004c/lib-futures_sink.json	file	0600	1784155741736291818	420	591e87ac0b200c0d358e6c96f8cc445f94102767cb73af168ba97aa5a8bd9de1		copy	run-evidence		
tokio-watch/.specula-output/repro/target_cr2_watch_pairing/debug/.fingerprint/pin-project-lite-57a39f0a00563035	tokio-watch/.specula-output/repro/target_cr2_watch_pairing/debug/.fingerprint/pin-project-lite-57a39f0a00563035	directory	0700	1784155758008619218				mkdir	run-directory		
tokio-watch/.specula-output/repro/target_cr2_watch_pairing/debug/.fingerprint/pin-project-lite-57a39f0a00563035/dep-lib-pin_project_lite	tokio-watch/.specula-output/repro/target_cr2_watch_pairing/debug/.fingerprint/pin-project-lite-57a39f0a00563035/dep-lib-pin_project_lite	file	0600	1784155757980618656	14	93a4afc37518a1bf7830744017176e1d1946e5df993e47159069839f61fe49ab		copy	run-evidence		
tokio-watch/.specula-output/repro/target_cr2_watch_pairing/debug/.fingerprint/pin-project-lite-57a39f0a00563035/invoked.timestamp	tokio-watch/.specula-output/repro/target_cr2_watch_pairing/debug/.fingerprint/pin-project-lite-57a39f0a00563035/invoked.timestamp	file	0600	1784155757980618656	48	5a109e6643e8d3e88642e3f35e85d2a83e639d07523aa6e99166c48178e965c3		copy	run-evidence		
tokio-watch/.specula-output/repro/target_cr2_watch_pairing/debug/.fingerprint/pin-project-lite-57a39f0a00563035/lib-pin_project_lite	tokio-watch/.specula-output/repro/target_cr2_watch_pairing/debug/.fingerprint/pin-project-lite-57a39f0a00563035/lib-pin_project_lite	file	0600	1784155758008619218	16	4cdf002ff34f5c424e27f73c14e38bdc2502991514d2066a6bf35e3d7326fc74		copy	run-evidence		
tokio-watch/.specula-output/repro/target_cr2_watch_pairing/debug/.fingerprint/pin-project-lite-57a39f0a00563035/lib-pin_project_lite.json	tokio-watch/.specula-output/repro/target_cr2_watch_pairing/debug/.fingerprint/pin-project-lite-57a39f0a00563035/lib-pin_project_lite.json	file	0600	1784155758008619218	402	c83bcbad3472111f808ca250c2b04faea02e9b9ae3f71a49aa1227c9968157aa		copy	run-evidence		
tokio-watch/.specula-output/repro/target_cr2_watch_pairing/debug/.fingerprint/pin-project-lite-d7a7c9f9297e44b9	tokio-watch/.specula-output/repro/target_cr2_watch_pairing/debug/.fingerprint/pin-project-lite-d7a7c9f9297e44b9	directory	0700	1784155741730291697				mkdir	run-directory		
tokio-watch/.specula-output/repro/target_cr2_watch_pairing/debug/.fingerprint/pin-project-lite-d7a7c9f9297e44b9/dep-lib-pin_project_lite	tokio-watch/.specula-output/repro/target_cr2_watch_pairing/debug/.fingerprint/pin-project-lite-d7a7c9f9297e44b9/dep-lib-pin_project_lite	file	0600	1784155741701291111	14	93a4afc37518a1bf7830744017176e1d1946e5df993e47159069839f61fe49ab		copy	run-evidence		
tokio-watch/.specula-output/repro/target_cr2_watch_pairing/debug/.fingerprint/pin-project-lite-d7a7c9f9297e44b9/invoked.timestamp	tokio-watch/.specula-output/repro/target_cr2_watch_pairing/debug/.fingerprint/pin-project-lite-d7a7c9f9297e44b9/invoked.timestamp	file	0600	1784155741701291111	48	5a109e6643e8d3e88642e3f35e85d2a83e639d07523aa6e99166c48178e965c3		copy	run-evidence		
tokio-watch/.specula-output/repro/target_cr2_watch_pairing/debug/.fingerprint/pin-project-lite-d7a7c9f9297e44b9/lib-pin_project_lite	tokio-watch/.specula-output/repro/target_cr2_watch_pairing/debug/.fingerprint/pin-project-lite-d7a7c9f9297e44b9/lib-pin_project_lite	file	0600	1784155741730291697	16	933eb994be8bf194df0b7d706a90bfa5a2cad54d17cbe0b483e89dab4bdc2582		copy	run-evidence		
tokio-watch/.specula-output/repro/target_cr2_watch_pairing/debug/.fingerprint/pin-project-lite-d7a7c9f9297e44b9/lib-pin_project_lite.json	tokio-watch/.specula-output/repro/target_cr2_watch_pairing/debug/.fingerprint/pin-project-lite-d7a7c9f9297e44b9/lib-pin_project_lite.json	file	0600	1784155741730291697	366	1a323b818af40b4bef4128febd010777b39f6d7da13ab838d22345c97a4ccbb0		copy	run-evidence		
tokio-watch/.specula-output/repro/target_cr2_watch_pairing/debug/.fingerprint/proc-macro2-2d78e42288489a3b	tokio-watch/.specula-output/repro/target_cr2_watch_pairing/debug/.fingerprint/proc-macro2-2d78e42288489a3b	directory	0700	1784155742126299685				mkdir	run-directory		
tokio-watch/.specula-output/repro/target_cr2_watch_pairing/debug/.fingerprint/proc-macro2-2d78e42288489a3b/dep-lib-proc_macro2	tokio-watch/.specula-output/repro/target_cr2_watch_pairing/debug/.fingerprint/proc-macro2-2d78e42288489a3b/dep-lib-proc_macro2	file	0600	1784155741885294824	14	93a4afc37518a1bf7830744017176e1d1946e5df993e47159069839f61fe49ab		copy	run-evidence		
tokio-watch/.specula-output/repro/target_cr2_watch_pairing/debug/.fingerprint/proc-macro2-2d78e42288489a3b/invoked.timestamp	tokio-watch/.specula-output/repro/target_cr2_watch_pairing/debug/.fingerprint/proc-macro2-2d78e42288489a3b/invoked.timestamp	file	0600	1784155741885294824	48	5a109e6643e8d3e88642e3f35e85d2a83e639d07523aa6e99166c48178e965c3		copy	run-evidence		
tokio-watch/.specula-output/repro/target_cr2_watch_pairing/debug/.fingerprint/proc-macro2-2d78e42288489a3b/lib-proc_macro2	tokio-watch/.specula-output/repro/target_cr2_watch_pairing/debug/.fingerprint/proc-macro2-2d78e42288489a3b/lib-proc_macro2	file	0600	1784155742126299685	16	6e86083085ae9dacdd67d6d5957f4a3a19c21c8ae6747f15a330942f3574425c		copy	run-evidence		
tokio-watch/.specula-output/repro/target_cr2_watch_pairing/debug/.fingerprint/proc-macro2-2d78e42288489a3b/lib-proc_macro2.json	tokio-watch/.specula-output/repro/target_cr2_watch_pairing/debug/.fingerprint/proc-macro2-2d78e42288489a3b/lib-proc_macro2.json	file	0600	1784155742126299685	571	348905c8eedb8232499a924494b0eb6a486e4cee31ddd52fef0071c08da896b9		copy	run-evidence		
tokio-watch/.specula-output/repro/target_cr2_watch_pairing/debug/.fingerprint/proc-macro2-346a99318dc89abc	tokio-watch/.specula-output/repro/target_cr2_watch_pairing/debug/.fingerprint/proc-macro2-346a99318dc89abc	directory	0700	1784155758361626298				mkdir	run-directory		
tokio-watch/.specula-output/repro/target_cr2_watch_pairing/debug/.fingerprint/proc-macro2-346a99318dc89abc/dep-lib-proc_macro2	tokio-watch/.specula-output/repro/target_cr2_watch_pairing/debug/.fingerprint/proc-macro2-346a99318dc89abc/dep-lib-proc_macro2	file	0600	1784155758151622086	14	93a4afc37518a1bf7830744017176e1d1946e5df993e47159069839f61fe49ab		copy	run-evidence		
tokio-watch/.specula-output/repro/target_cr2_watch_pairing/debug/.fingerprint/proc-macro2-346a99318dc89abc/invoked.timestamp	tokio-watch/.specula-output/repro/target_cr2_watch_pairing/debug/.fingerprint/proc-macro2-346a99318dc89abc/invoked.timestamp	file	0600	1784155758151622086	48	5a109e6643e8d3e88642e3f35e85d2a83e639d07523aa6e99166c48178e965c3		copy	run-evidence		
tokio-watch/.specula-output/repro/target_cr2_watch_pairing/debug/.fingerprint/proc-macro2-346a99318dc89abc/lib-proc_macro2	tokio-watch/.specula-output/repro/target_cr2_watch_pairing/debug/.fingerprint/proc-macro2-346a99318dc89abc/lib-proc_macro2	file	0600	1784155758361626298	16	18f519a26287e40d5f9b04278d7d77d513435da9ea4454c77f5515ab31017e38		copy	run-evidence		
tokio-watch/.specula-output/repro/target_cr2_watch_pairing/debug/.fingerprint/proc-macro2-346a99318dc89abc/lib-proc_macro2.json	tokio-watch/.specula-output/repro/target_cr2_watch_pairing/debug/.fingerprint/proc-macro2-346a99318dc89abc/lib-proc_macro2.json	file	0600	1784155758361626298	611	b6655cb4301fbb0792ac7d8ef6cca42274a7be9d82a8b42e4a7dfd249c0da170		copy	run-evidence		
tokio-watch/.specula-output/repro/target_cr2_watch_pairing/debug/.fingerprint/proc-macro2-4a599ed645bc3058	tokio-watch/.specula-output/repro/target_cr2_watch_pairing/debug/.fingerprint/proc-macro2-4a599ed645bc3058	directory	0700	1784155741885294824				mkdir	run-directory		
tokio-watch/.specula-output/repro/target_cr2_watch_pairing/debug/.fingerprint/proc-macro2-4a599ed645bc3058/run-build-script-build-script-build	tokio-watch/.specula-output/repro/target_cr2_watch_pairing/debug/.fingerprint/proc-macro2-4a599ed645bc3058/run-build-script-build-script-build	file	0600	1784155741885294824	16	26c51a0387acd540129266f8dd041c7052486cee0e52ee49bd503c64dfd0e842		copy	run-evidence		
tokio-watch/.specula-output/repro/target_cr2_watch_pairing/debug/.fingerprint/proc-macro2-4a599ed645bc3058/run-build-script-build-script-build.json	tokio-watch/.specula-output/repro/target_cr2_watch_pairing/debug/.fingerprint/proc-macro2-4a599ed645bc3058/run-build-script-build-script-build.json	file	0600	1784155741885294824	485	32dccaa9f83089a1f1414989439bc2660300889941c095150dcf7d6dbfed35ca		copy	run-evidence		
tokio-watch/.specula-output/repro/target_cr2_watch_pairing/debug/.fingerprint/proc-macro2-86585082b6f41d92	tokio-watch/.specula-output/repro/target_cr2_watch_pairing/debug/.fingerprint/proc-macro2-86585082b6f41d92	directory	0700	1784155741807293250				mkdir	run-directory		
tokio-watch/.specula-output/repro/target_cr2_watch_pairing/debug/.fingerprint/proc-macro2-86585082b6f41d92/build-script-build-script-build	tokio-watch/.specula-output/repro/target_cr2_watch_pairing/debug/.fingerprint/proc-macro2-86585082b6f41d92/build-script-build-script-build	file	0600	1784155741807293250	16	35b7cc63f5d40690149cca578e64935a35f1bbd3951830587f7101c46542bb3a		copy	run-evidence		
tokio-watch/.specula-output/repro/target_cr2_watch_pairing/debug/.fingerprint/proc-macro2-86585082b6f41d92/build-script-build-script-build.json	tokio-watch/.specula-output/repro/target_cr2_watch_pairing/debug/.fingerprint/proc-macro2-86585082b6f41d92/build-script-build-script-build.json	file	0600	1784155741807293250	458	8240840f0ad558922c0ad85232ce0d7c1bda2fd69e19665173fbdba087c75662		copy	run-evidence		
tokio-watch/.specula-output/repro/target_cr2_watch_pairing/debug/.fingerprint/proc-macro2-86585082b6f41d92/dep-build-script-build-script-build	tokio-watch/.specula-output/repro/target_cr2_watch_pairing/debug/.fingerprint/proc-macro2-86585082b6f41d92/dep-build-script-build-script-build	file	0600	1784155741701291111	14	93a4afc37518a1bf7830744017176e1d1946e5df993e47159069839f61fe49ab		copy	run-evidence		
tokio-watch/.specula-output/repro/target_cr2_watch_pairing/debug/.fingerprint/proc-macro2-86585082b6f41d92/invoked.timestamp	tokio-watch/.specula-output/repro/target_cr2_watch_pairing/debug/.fingerprint/proc-macro2-86585082b6f41d92/invoked.timestamp	file	0600	1784155741701291111	48	5a109e6643e8d3e88642e3f35e85d2a83e639d07523aa6e99166c48178e965c3		copy	run-evidence		
tokio-watch/.specula-output/repro/target_cr2_watch_pairing/debug/.fingerprint/proc-macro2-c491883675ee48e1	tokio-watch/.specula-output/repro/target_cr2_watch_pairing/debug/.fingerprint/proc-macro2-c491883675ee48e1	directory	0700	1784155758078620622				mkdir	run-directory		
tokio-watch/.specula-output/repro/target_cr2_watch_pairing/debug/.fingerprint/proc-macro2-c491883675ee48e1/build-script-build-script-build	tokio-watch/.specula-output/repro/target_cr2_watch_pairing/debug/.fingerprint/proc-macro2-c491883675ee48e1/build-script-build-script-build	file	0600	1784155758078620622	16	06ba0baaf2a3dfa463b1077a53f55ba10803dbcd98595eba69c4eaadf73185ee		copy	run-evidence		
tokio-watch/.specula-output/repro/target_cr2_watch_pairing/debug/.fingerprint/proc-macro2-c491883675ee48e1/build-script-build-script-build.json	tokio-watch/.specula-output/repro/target_cr2_watch_pairing/debug/.fingerprint/proc-macro2-c491883675ee48e1/build-script-build-script-build.json	file	0600	1784155758078620622	494	d3bfa570f542f8ba4ea164d269a5d29b5604c04f7e9ad26a44b0adc9f6923c57		copy	run-evidence		
tokio-watch/.specula-output/repro/target_cr2_watch_pairing/debug/.fingerprint/proc-macro2-c491883675ee48e1/dep-build-script-build-script-build	tokio-watch/.specula-output/repro/target_cr2_watch_pairing/debug/.fingerprint/proc-macro2-c491883675ee48e1/dep-build-script-build-script-build	file	0600	1784155757979618636	14	93a4afc37518a1bf7830744017176e1d1946e5df993e47159069839f61fe49ab		copy	run-evidence		
tokio-watch/.specula-output/repro/target_cr2_watch_pairing/debug/.fingerprint/proc-macro2-c491883675ee48e1/invoked.timestamp	tokio-watch/.specula-output/repro/target_cr2_watch_pairing/debug/.fingerprint/proc-macro2-c491883675ee48e1/invoked.timestamp	file	0600	1784155757979618636	48	5a109e6643e8d3e88642e3f35e85d2a83e639d07523aa6e99166c48178e965c3		copy	run-evidence		
tokio-watch/.specula-output/repro/target_cr2_watch_pairing/debug/.fingerprint/proc-macro2-dc353b115dae90cc	tokio-watch/.specula-output/repro/target_cr2_watch_pairing/debug/.fingerprint/proc-macro2-dc353b115dae90cc	directory	0700	1784155758151622086				mkdir	run-directory		
tokio-watch/.specula-output/repro/target_cr2_watch_pairing/debug/.fingerprint/proc-macro2-dc353b115dae90cc/run-build-script-build-script-build	tokio-watch/.specula-output/repro/target_cr2_watch_pairing/debug/.fingerprint/proc-macro2-dc353b115dae90cc/run-build-script-build-script-build	file	0600	1784155758151622086	16	52cbe35776292d882a6b3a8a8ef583f8fe78041697a12b02d20f2d64725d074f		copy	run-evidence		
tokio-watch/.specula-output/repro/target_cr2_watch_pairing/debug/.fingerprint/proc-macro2-dc353b115dae90cc/run-build-script-build-script-build.json	tokio-watch/.specula-output/repro/target_cr2_watch_pairing/debug/.fingerprint/proc-macro2-dc353b115dae90cc/run-build-script-build-script-build.json	file	0600	1784155758151622086	521	035076127a07b93539c34ee84f219df07ce9808ae579d4aef8e6aa897b2a71b8		copy	run-evidence		
tokio-watch/.specula-output/repro/target_cr2_watch_pairing/debug/.fingerprint/quote-104c846d96f776a5	tokio-watch/.specula-output/repro/target_cr2_watch_pairing/debug/.fingerprint/quote-104c846d96f776a5	directory	0700	1784155758077620601				mkdir	run-directory		
tokio-watch/.specula-output/repro/target_cr2_watch_pairing/debug/.fingerprint/quote-104c846d96f776a5/run-build-script-build-script-build	tokio-watch/.specula-output/repro/target_cr2_watch_pairing/debug/.fingerprint/quote-104c846d96f776a5/run-build-script-build-script-build	file	0600	1784155758077620601	16	f505e46111a128daf22c93874c3e702b96da186dd8e4698dd75e9575fbb38d95		copy	run-evidence		
tokio-watch/.specula-output/repro/target_cr2_watch_pairing/debug/.fingerprint/quote-104c846d96f776a5/run-build-script-build-script-build.json	tokio-watch/.specula-output/repro/target_cr2_watch_pairing/debug/.fingerprint/quote-104c846d96f776a5/run-build-script-build-script-build.json	file	0600	1784155758077620601	361	6e466fa024f5de6883fc55aac0ac135d78bb26eb587063894cb9e48b9cdf6b63		copy	run-evidence		
tokio-watch/.specula-output/repro/target_cr2_watch_pairing/debug/.fingerprint/quote-1cafac15e4edfc95	tokio-watch/.specula-output/repro/target_cr2_watch_pairing/debug/.fingerprint/quote-1cafac15e4edfc95	directory	0700	1784155758430627682				mkdir	run-directory		
tokio-watch/.specula-output/repro/target_cr2_watch_pairing/debug/.fingerprint/quote-1cafac15e4edfc95/dep-lib-quote	tokio-watch/.specula-output/repro/target_cr2_watch_pairing/debug/.fingerprint/quote-1cafac15e4edfc95/dep-lib-quote	file	0600	1784155758324625556	14	93a4afc37518a1bf7830744017176e1d1946e5df993e47159069839f61fe49ab		copy	run-evidence		
tokio-watch/.specula-output/repro/target_cr2_watch_pairing/debug/.fingerprint/quote-1cafac15e4edfc95/invoked.timestamp	tokio-watch/.specula-output/repro/target_cr2_watch_pairing/debug/.fingerprint/quote-1cafac15e4edfc95/invoked.timestamp	file	0600	1784155758324625556	48	5a109e6643e8d3e88642e3f35e85d2a83e639d07523aa6e99166c48178e965c3		copy	run-evidence		
tokio-watch/.specula-output/repro/target_cr2_watch_pairing/debug/.fingerprint/quote-1cafac15e4edfc95/lib-quote	tokio-watch/.specula-output/repro/target_cr2_watch_pairing/debug/.fingerprint/quote-1cafac15e4edfc95/lib-quote	file	0600	1784155758430627682	16	79c193af8bd1b1af6522d5c26f2abf797597148fc2db2fd4e420436bba9135b2		copy	run-evidence		
tokio-watch/.specula-output/repro/target_cr2_watch_pairing/debug/.fingerprint/quote-1cafac15e4edfc95/lib-quote.json	tokio-watch/.specula-output/repro/target_cr2_watch_pairing/debug/.fingerprint/quote-1cafac15e4edfc95/lib-quote.json	file	0600	1784155758430627682	564	291269d9eabe66f77c3adc2b588e040cdc15ba797a2c08dfd677d6e77831b5a2		copy	run-evidence		
tokio-watch/.specula-output/repro/target_cr2_watch_pairing/debug/.fingerprint/quote-6e60ea394f6ac753	tokio-watch/.specula-output/repro/target_cr2_watch_pairing/debug/.fingerprint/quote-6e60ea394f6ac753	directory	0700	1784155758066620381				mkdir	run-directory		
tokio-watch/.specula-output/repro/target_cr2_watch_pairing/debug/.fingerprint/quote-6e60ea394f6ac753/build-script-build-script-build	tokio-watch/.specula-output/repro/target_cr2_watch_pairing/debug/.fingerprint/quote-6e60ea394f6ac753/build-script-build-script-build	file	0600	1784155758066620381	16	81cbb541c1458d720af342eec3a550387d377b334a92d49328d20e6a5c5c221c		copy	run-evidence		
tokio-watch/.specula-output/repro/target_cr2_watch_pairing/debug/.fingerprint/quote-6e60ea394f6ac753/build-script-build-script-build.json	tokio-watch/.specula-output/repro/target_cr2_watch_pairing/debug/.fingerprint/quote-6e60ea394f6ac753/build-script-build-script-build.json	file	0600	1784155758066620381	455	18ba3478c0460a6c66abe4693ec25204824b512d14aeeb46c896df320c51980c		copy	run-evidence		
tokio-watch/.specula-output/repro/target_cr2_watch_pairing/debug/.fingerprint/quote-6e60ea394f6ac753/dep-build-script-build-script-build	tokio-watch/.specula-output/repro/target_cr2_watch_pairing/debug/.fingerprint/quote-6e60ea394f6ac753/dep-build-script-build-script-build	file	0600	1784155757979618636	14	93a4afc37518a1bf7830744017176e1d1946e5df993e47159069839f61fe49ab		copy	run-evidence		
tokio-watch/.specula-output/repro/target_cr2_watch_pairing/debug/.fingerprint/quote-6e60ea394f6ac753/invoked.timestamp	tokio-watch/.specula-output/repro/target_cr2_watch_pairing/debug/.fingerprint/quote-6e60ea394f6ac753/invoked.timestamp	file	0600	1784155757979618636	48	5a109e6643e8d3e88642e3f35e85d2a83e639d07523aa6e99166c48178e965c3		copy	run-evidence		
tokio-watch/.specula-output/repro/target_cr2_watch_pairing/debug/.fingerprint/quote-8b5b0d1ff71c46f7	tokio-watch/.specula-output/repro/target_cr2_watch_pairing/debug/.fingerprint/quote-8b5b0d1ff71c46f7	directory	0700	1784155741809293290				mkdir	run-directory		
tokio-watch/.specula-output/repro/target_cr2_watch_pairing/debug/.fingerprint/quote-8b5b0d1ff71c46f7/run-build-script-build-script-build	tokio-watch/.specula-output/repro/target_cr2_watch_pairing/debug/.fingerprint/quote-8b5b0d1ff71c46f7/run-build-script-build-script-build	file	0600	1784155741809293290	16	93d33301bc54bd35fa759336621cc98a1d7f25470d6e7733a4c166e0f8a4e83a		copy	run-evidence		
tokio-watch/.specula-output/repro/target_cr2_watch_pairing/debug/.fingerprint/quote-8b5b0d1ff71c46f7/run-build-script-build-script-build.json	tokio-watch/.specula-output/repro/target_cr2_watch_pairing/debug/.fingerprint/quote-8b5b0d1ff71c46f7/run-build-script-build-script-build.json	file	0600	1784155741809293290	325	e702ab8eaa7959311b46dd5172b01f065f413fc069068a4069e97a8634f7cb34		copy	run-evidence		
tokio-watch/.specula-output/repro/target_cr2_watch_pairing/debug/.fingerprint/quote-8def93e76e55a30d	tokio-watch/.specula-output/repro/target_cr2_watch_pairing/debug/.fingerprint/quote-8def93e76e55a30d	directory	0700	1784155742189300957				mkdir	run-directory		
tokio-watch/.specula-output/repro/target_cr2_watch_pairing/debug/.fingerprint/quote-8def93e76e55a30d/dep-lib-quote	tokio-watch/.specula-output/repro/target_cr2_watch_pairing/debug/.fingerprint/quote-8def93e76e55a30d/dep-lib-quote	file	0600	1784155742080298758	14	93a4afc37518a1bf7830744017176e1d1946e5df993e47159069839f61fe49ab		copy	run-evidence		
tokio-watch/.specula-output/repro/target_cr2_watch_pairing/debug/.fingerprint/quote-8def93e76e55a30d/invoked.timestamp	tokio-watch/.specula-output/repro/target_cr2_watch_pairing/debug/.fingerprint/quote-8def93e76e55a30d/invoked.timestamp	file	0600	1784155742080298758	48	5a109e6643e8d3e88642e3f35e85d2a83e639d07523aa6e99166c48178e965c3		copy	run-evidence		
tokio-watch/.specula-output/repro/target_cr2_watch_pairing/debug/.fingerprint/quote-8def93e76e55a30d/lib-quote	tokio-watch/.specula-output/repro/target_cr2_watch_pairing/debug/.fingerprint/quote-8def93e76e55a30d/lib-quote	file	0600	1784155742189300957	16	7c2c90bc8eb92428469e363d9c0337d77418f2d09173f5f0ec663228623eae61		copy	run-evidence		
tokio-watch/.specula-output/repro/target_cr2_watch_pairing/debug/.fingerprint/quote-8def93e76e55a30d/lib-quote.json	tokio-watch/.specula-output/repro/target_cr2_watch_pairing/debug/.fingerprint/quote-8def93e76e55a30d/lib-quote.json	file	0600	1784155742189300957	527	a10bb01cee60e59200e0423f3792fc9932f8b0225b1c1da6b9fe6edd1f96f68e		copy	run-evidence		
tokio-watch/.specula-output/repro/target_cr2_watch_pairing/debug/.fingerprint/quote-d2e9be1c52f73001	tokio-watch/.specula-output/repro/target_cr2_watch_pairing/debug/.fingerprint/quote-d2e9be1c52f73001	directory	0700	1784155741794292988				mkdir	run-directory		
tokio-watch/.specula-output/repro/target_cr2_watch_pairing/debug/.fingerprint/quote-d2e9be1c52f73001/build-script-build-script-build	tokio-watch/.specula-output/repro/target_cr2_watch_pairing/debug/.fingerprint/quote-d2e9be1c52f73001/build-script-build-script-build	file	0600	1784155741794292988	16	a9f27f1790ba76adacee4dfe5ec1b0cb6c46b17128f5d3fb4cfa7b42bf999e09		copy	run-evidence		
tokio-watch/.specula-output/repro/target_cr2_watch_pairing/debug/.fingerprint/quote-d2e9be1c52f73001/build-script-build-script-build.json	tokio-watch/.specula-output/repro/target_cr2_watch_pairing/debug/.fingerprint/quote-d2e9be1c52f73001/build-script-build-script-build.json	file	0600	1784155741794292988	419	46fa0d4c8321718b394cd31c443202bd30318f617866f0715ade5d01f562ef29		copy	run-evidence		
tokio-watch/.specula-output/repro/target_cr2_watch_pairing/debug/.fingerprint/quote-d2e9be1c52f73001/dep-build-script-build-script-build	tokio-watch/.specula-output/repro/target_cr2_watch_pairing/debug/.fingerprint/quote-d2e9be1c52f73001/dep-build-script-build-script-build	file	0600	1784155741701291111	14	93a4afc37518a1bf7830744017176e1d1946e5df993e47159069839f61fe49ab		copy	run-evidence		
tokio-watch/.specula-output/repro/target_cr2_watch_pairing/debug/.fingerprint/quote-d2e9be1c52f73001/invoked.timestamp	tokio-watch/.specula-output/repro/target_cr2_watch_pairing/debug/.fingerprint/quote-d2e9be1c52f73001/invoked.timestamp	file	0600	1784155741701291111	48	5a109e6643e8d3e88642e3f35e85d2a83e639d07523aa6e99166c48178e965c3		copy	run-evidence		
tokio-watch/.specula-output/repro/target_cr2_watch_pairing/debug/.fingerprint/syn-bc03a8f7d4c53865	tokio-watch/.specula-output/repro/target_cr2_watch_pairing/debug/.fingerprint/syn-bc03a8f7d4c53865	directory	0700	1784155759605651250				mkdir	run-directory		
tokio-watch/.specula-output/repro/target_cr2_watch_pairing/debug/.fingerprint/syn-bc03a8f7d4c53865/dep-lib-syn	tokio-watch/.specula-output/repro/target_cr2_watch_pairing/debug/.fingerprint/syn-bc03a8f7d4c53865/dep-lib-syn	file	0600	1784155758400627080	14	93a4afc37518a1bf7830744017176e1d1946e5df993e47159069839f61fe49ab		copy	run-evidence		
tokio-watch/.specula-output/repro/target_cr2_watch_pairing/debug/.fingerprint/syn-bc03a8f7d4c53865/invoked.timestamp	tokio-watch/.specula-output/repro/target_cr2_watch_pairing/debug/.fingerprint/syn-bc03a8f7d4c53865/invoked.timestamp	file	0600	1784155758400627080	48	5a109e6643e8d3e88642e3f35e85d2a83e639d07523aa6e99166c48178e965c3		copy	run-evidence		
tokio-watch/.specula-output/repro/target_cr2_watch_pairing/debug/.fingerprint/syn-bc03a8f7d4c53865/lib-syn	tokio-watch/.specula-output/repro/target_cr2_watch_pairing/debug/.fingerprint/syn-bc03a8f7d4c53865/lib-syn	file	0600	1784155759605651250	16	80fc6738b50478e6e059bf3398ba4093006b7b9b9d793f8cf7dd51d720606372		copy	run-evidence		
tokio-watch/.specula-output/repro/target_cr2_watch_pairing/debug/.fingerprint/syn-bc03a8f7d4c53865/lib-syn.json	tokio-watch/.specula-output/repro/target_cr2_watch_pairing/debug/.fingerprint/syn-bc03a8f7d4c53865/lib-syn.json	file	0600	1784155759605651250	807	788a0bf41a3d2b9126f9de0a1501c232cdfdefed32d17e66ae1c98d34e7a8952		copy	run-evidence		
tokio-watch/.specula-output/repro/target_cr2_watch_pairing/debug/.fingerprint/syn-bec572e649e885c5	tokio-watch/.specula-output/repro/target_cr2_watch_pairing/debug/.fingerprint/syn-bec572e649e885c5	directory	0700	1784155743507327547				mkdir	run-directory		
tokio-watch/.specula-output/repro/target_cr2_watch_pairing/debug/.fingerprint/syn-bec572e649e885c5/dep-lib-syn	tokio-watch/.specula-output/repro/target_cr2_watch_pairing/debug/.fingerprint/syn-bec572e649e885c5/dep-lib-syn	file	0600	1784155742159300351	14	93a4afc37518a1bf7830744017176e1d1946e5df993e47159069839f61fe49ab		copy	run-evidence		
tokio-watch/.specula-output/repro/target_cr2_watch_pairing/debug/.fingerprint/syn-bec572e649e885c5/invoked.timestamp	tokio-watch/.specula-output/repro/target_cr2_watch_pairing/debug/.fingerprint/syn-bec572e649e885c5/invoked.timestamp	file	0600	1784155742159300351	48	5a109e6643e8d3e88642e3f35e85d2a83e639d07523aa6e99166c48178e965c3		copy	run-evidence		
tokio-watch/.specula-output/repro/target_cr2_watch_pairing/debug/.fingerprint/syn-bec572e649e885c5/lib-syn	tokio-watch/.specula-output/repro/target_cr2_watch_pairing/debug/.fingerprint/syn-bec572e649e885c5/lib-syn	file	0600	1784155743507327547	16	1ef36f3a9b4d44b54a8b6f4abc4d1b03112501528ed879042c76b8f65cef5438		copy	run-evidence		
tokio-watch/.specula-output/repro/target_cr2_watch_pairing/debug/.fingerprint/syn-bec572e649e885c5/lib-syn.json	tokio-watch/.specula-output/repro/target_cr2_watch_pairing/debug/.fingerprint/syn-bec572e649e885c5/lib-syn.json	file	0600	1784155743507327547	769	3a5914309f60a56f6c09e51bd6fdb28820ea75106ac04938e37d1d3fb721d930		copy	run-evidence		
tokio-watch/.specula-output/repro/target_cr2_watch_pairing/debug/.fingerprint/tokio-416e4e824502e9af	tokio-watch/.specula-output/repro/target_cr2_watch_pairing/debug/.fingerprint/tokio-416e4e824502e9af	directory	0700	1784155745318364085				mkdir	run-directory		
tokio-watch/.specula-output/repro/target_cr2_watch_pairing/debug/.fingerprint/tokio-416e4e824502e9af/dep-lib-tokio	tokio-watch/.specula-output/repro/target_cr2_watch_pairing/debug/.fingerprint/tokio-416e4e824502e9af/dep-lib-tokio	file	0600	1784155743739332228	4254	ac99e4468e08fec449f20be432cb9967efb691a3888263f289fd86449f588753		copy	run-evidence		
tokio-watch/.specula-output/repro/target_cr2_watch_pairing/debug/.fingerprint/tokio-416e4e824502e9af/invoked.timestamp	tokio-watch/.specula-output/repro/target_cr2_watch_pairing/debug/.fingerprint/tokio-416e4e824502e9af/invoked.timestamp	file	0600	1784155743739332228	48	5a109e6643e8d3e88642e3f35e85d2a83e639d07523aa6e99166c48178e965c3		copy	run-evidence		
tokio-watch/.specula-output/repro/target_cr2_watch_pairing/debug/.fingerprint/tokio-416e4e824502e9af/lib-tokio	tokio-watch/.specula-output/repro/target_cr2_watch_pairing/debug/.fingerprint/tokio-416e4e824502e9af/lib-tokio	file	0600	1784155745318364085	16	f7d3bac35d60a1f151eac79e0f3ec5fbb430c79101a2a70d8f0be9868930cc0b		copy	run-evidence		
tokio-watch/.specula-output/repro/target_cr2_watch_pairing/debug/.fingerprint/tokio-416e4e824502e9af/lib-tokio.json	tokio-watch/.specula-output/repro/target_cr2_watch_pairing/debug/.fingerprint/tokio-416e4e824502e9af/lib-tokio.json	file	0600	1784155745318364085	867	3be82d0871929d89cd4885ab72efa4b10140839770d443db7967a0d6345ccf8a		copy	run-evidence		
tokio-watch/.specula-output/repro/target_cr2_watch_pairing/debug/.fingerprint/tokio-416e4e824502e9af/output-lib-tokio	tokio-watch/.specula-output/repro/target_cr2_watch_pairing/debug/.fingerprint/tokio-416e4e824502e9af/output-lib-tokio	file	0600	1784155745304363803	184171	2f14f4efc82ed8915bcc554c2c428324c792a5ba30534a2e91a7a8ce255dad0d		copy	run-evidence		
tokio-watch/.specula-output/repro/target_cr2_watch_pairing/debug/.fingerprint/tokio-e2dc0d49e40f733f	tokio-watch/.specula-output/repro/target_cr2_watch_pairing/debug/.fingerprint/tokio-e2dc0d49e40f733f	directory	0700	1784155760587670946				mkdir	run-directory		
tokio-watch/.specula-output/repro/target_cr2_watch_pairing/debug/.fingerprint/tokio-e2dc0d49e40f733f/dep-lib-tokio	tokio-watch/.specula-output/repro/target_cr2_watch_pairing/debug/.fingerprint/tokio-e2dc0d49e40f733f/dep-lib-tokio	file	0600	1784155759827655702	4254	8cda6def464e22b6338fbc49a40b070ab831293b426276029c398d22e553678e		copy	run-evidence		
tokio-watch/.specula-output/repro/target_cr2_watch_pairing/debug/.fingerprint/tokio-e2dc0d49e40f733f/invoked.timestamp	tokio-watch/.specula-output/repro/target_cr2_watch_pairing/debug/.fingerprint/tokio-e2dc0d49e40f733f/invoked.timestamp	file	0600	1784155759827655702	48	5a109e6643e8d3e88642e3f35e85d2a83e639d07523aa6e99166c48178e965c3		copy	run-evidence		
tokio-watch/.specula-output/repro/target_cr2_watch_pairing/debug/.fingerprint/tokio-e2dc0d49e40f733f/lib-tokio	tokio-watch/.specula-output/repro/target_cr2_watch_pairing/debug/.fingerprint/tokio-e2dc0d49e40f733f/lib-tokio	file	0600	1784155760587670946	16	cb9d31f4a03c1e0344ce8b9f911544c731f9c57781440b3f928a32cc5b513f18		copy	run-evidence		
tokio-watch/.specula-output/repro/target_cr2_watch_pairing/debug/.fingerprint/tokio-e2dc0d49e40f733f/lib-tokio.json	tokio-watch/.specula-output/repro/target_cr2_watch_pairing/debug/.fingerprint/tokio-e2dc0d49e40f733f/lib-tokio.json	file	0600	1784155760587670946	904	f4cac7f8e368bf07743c45c547bcf0524408a13039107f53e8f76cca4c1fa59a		copy	run-evidence		
tokio-watch/.specula-output/repro/target_cr2_watch_pairing/debug/.fingerprint/tokio-macros-26559563c6961c43	tokio-watch/.specula-output/repro/target_cr2_watch_pairing/debug/.fingerprint/tokio-macros-26559563c6961c43	directory	0700	1784155743738332208				mkdir	run-directory		
tokio-watch/.specula-output/repro/target_cr2_watch_pairing/debug/.fingerprint/tokio-macros-26559563c6961c43/dep-lib-tokio_macros	tokio-watch/.specula-output/repro/target_cr2_watch_pairing/debug/.fingerprint/tokio-macros-26559563c6961c43/dep-lib-tokio_macros	file	0600	1784155743508327568	14	93a4afc37518a1bf7830744017176e1d1946e5df993e47159069839f61fe49ab		copy	run-evidence		
tokio-watch/.specula-output/repro/target_cr2_watch_pairing/debug/.fingerprint/tokio-macros-26559563c6961c43/invoked.timestamp	tokio-watch/.specula-output/repro/target_cr2_watch_pairing/debug/.fingerprint/tokio-macros-26559563c6961c43/invoked.timestamp	file	0600	1784155743508327568	48	5a109e6643e8d3e88642e3f35e85d2a83e639d07523aa6e99166c48178e965c3		copy	run-evidence		
tokio-watch/.specula-output/repro/target_cr2_watch_pairing/debug/.fingerprint/tokio-macros-26559563c6961c43/lib-tokio_macros	tokio-watch/.specula-output/repro/target_cr2_watch_pairing/debug/.fingerprint/tokio-macros-26559563c6961c43/lib-tokio_macros	file	0600	1784155743738332208	16	2389bb2945fbc58bf974da4601c83cc029bc2e4c5c4ab27ba0917a342162934e		copy	run-evidence		
tokio-watch/.specula-output/repro/target_cr2_watch_pairing/debug/.fingerprint/tokio-macros-26559563c6961c43/lib-tokio_macros.json	tokio-watch/.specula-output/repro/target_cr2_watch_pairing/debug/.fingerprint/tokio-macros-26559563c6961c43/lib-tokio_macros.json	file	0600	1784155743738332208	530	027d72f280ad167d717b5d0de8c714ec9628a429d3273693788132804a54b1be		copy	run-evidence		
tokio-watch/.specula-output/repro/target_cr2_watch_pairing/debug/.fingerprint/tokio-macros-6dbe7203d284b189	tokio-watch/.specula-output/repro/target_cr2_watch_pairing/debug/.fingerprint/tokio-macros-6dbe7203d284b189	directory	0700	1784155759827655702				mkdir	run-directory		
tokio-watch/.specula-output/repro/target_cr2_watch_pairing/debug/.fingerprint/tokio-macros-6dbe7203d284b189/dep-lib-tokio_macros	tokio-watch/.specula-output/repro/target_cr2_watch_pairing/debug/.fingerprint/tokio-macros-6dbe7203d284b189/dep-lib-tokio_macros	file	0600	1784155759605651250	14	93a4afc37518a1bf7830744017176e1d1946e5df993e47159069839f61fe49ab		copy	run-evidence		
tokio-watch/.specula-output/repro/target_cr2_watch_pairing/debug/.fingerprint/tokio-macros-6dbe7203d284b189/invoked.timestamp	tokio-watch/.specula-output/repro/target_cr2_watch_pairing/debug/.fingerprint/tokio-macros-6dbe7203d284b189/invoked.timestamp	file	0600	1784155759605651250	48	5a109e6643e8d3e88642e3f35e85d2a83e639d07523aa6e99166c48178e965c3		copy	run-evidence		
tokio-watch/.specula-output/repro/target_cr2_watch_pairing/debug/.fingerprint/tokio-macros-6dbe7203d284b189/lib-tokio_macros	tokio-watch/.specula-output/repro/target_cr2_watch_pairing/debug/.fingerprint/tokio-macros-6dbe7203d284b189/lib-tokio_macros	file	0600	1784155759827655702	16	8ff8d70d3ebab5a47d5b62f354558b25172912b9acec0be3087085f8c1ace60c		copy	run-evidence		
tokio-watch/.specula-output/repro/target_cr2_watch_pairing/debug/.fingerprint/tokio-macros-6dbe7203d284b189/lib-tokio_macros.json	tokio-watch/.specula-output/repro/target_cr2_watch_pairing/debug/.fingerprint/tokio-macros-6dbe7203d284b189/lib-tokio_macros.json	file	0600	1784155759827655702	567	f2554bc892d918dabfa70faa3bef8a3141e57c70a41589d118a44938de06b22d		copy	run-evidence		
tokio-watch/.specula-output/repro/target_cr2_watch_pairing/debug/.fingerprint/tokio-stream-096d662c1964ec6c	tokio-watch/.specula-output/repro/target_cr2_watch_pairing/debug/.fingerprint/tokio-stream-096d662c1964ec6c	directory	0700	1784155745324364206				mkdir	run-directory		
tokio-watch/.specula-output/repro/target_cr2_watch_pairing/debug/.fingerprint/tokio-stream-096d662c1964ec6c/dep-lib-tokio_stream	tokio-watch/.specula-output/repro/target_cr2_watch_pairing/debug/.fingerprint/tokio-stream-096d662c1964ec6c/dep-lib-tokio_stream	file	0600	1784155745045358577	1080	812a11453b5d9ce666c7d4b116b31387875bb650cb48e1cf8558bf6175db1f68		copy	run-evidence		
tokio-watch/.specula-output/repro/target_cr2_watch_pairing/debug/.fingerprint/tokio-stream-096d662c1964ec6c/invoked.timestamp	tokio-watch/.specula-output/repro/target_cr2_watch_pairing/debug/.fingerprint/tokio-stream-096d662c1964ec6c/invoked.timestamp	file	0600	1784155745045358577	48	5a109e6643e8d3e88642e3f35e85d2a83e639d07523aa6e99166c48178e965c3		copy	run-evidence		
tokio-watch/.specula-output/repro/target_cr2_watch_pairing/debug/.fingerprint/tokio-stream-096d662c1964ec6c/lib-tokio_stream	tokio-watch/.specula-output/repro/target_cr2_watch_pairing/debug/.fingerprint/tokio-stream-096d662c1964ec6c/lib-tokio_stream	file	0600	1784155745324364206	16	11ff2234355579533c163dafc6b672bdc9d15fd1152ea0cce36c19ffb6bf5a2a		copy	run-evidence		
tokio-watch/.specula-output/repro/target_cr2_watch_pairing/debug/.fingerprint/tokio-stream-096d662c1964ec6c/lib-tokio_stream.json	tokio-watch/.specula-output/repro/target_cr2_watch_pairing/debug/.fingerprint/tokio-stream-096d662c1964ec6c/lib-tokio_stream.json	file	0600	1784155745324364206	752	164a6fe7a9ad39179240ad6bb81155d8894c119f74bc629432a5b7987edea983		copy	run-evidence		
tokio-watch/.specula-output/repro/target_cr2_watch_pairing/debug/.fingerprint/tokio-stream-e487a151a3f2d5a6	tokio-watch/.specula-output/repro/target_cr2_watch_pairing/debug/.fingerprint/tokio-stream-e487a151a3f2d5a6	directory	0700	1784155760371666614				mkdir	run-directory		
tokio-watch/.specula-output/repro/target_cr2_watch_pairing/debug/.fingerprint/tokio-stream-e487a151a3f2d5a6/dep-lib-tokio_stream	tokio-watch/.specula-output/repro/target_cr2_watch_pairing/debug/.fingerprint/tokio-stream-e487a151a3f2d5a6/dep-lib-tokio_stream	file	0600	1784155760242664026	1080	c3768c0c7464d9a66d5ef8a68bc02de6feca6b72faaffaae69578797259cc52a		copy	run-evidence		
tokio-watch/.specula-output/repro/target_cr2_watch_pairing/debug/.fingerprint/tokio-stream-e487a151a3f2d5a6/invoked.timestamp	tokio-watch/.specula-output/repro/target_cr2_watch_pairing/debug/.fingerprint/tokio-stream-e487a151a3f2d5a6/invoked.timestamp	file	0600	1784155760242664026	48	5a109e6643e8d3e88642e3f35e85d2a83e639d07523aa6e99166c48178e965c3		copy	run-evidence		
tokio-watch/.specula-output/repro/target_cr2_watch_pairing/debug/.fingerprint/tokio-stream-e487a151a3f2d5a6/lib-tokio_stream	tokio-watch/.specula-output/repro/target_cr2_watch_pairing/debug/.fingerprint/tokio-stream-e487a151a3f2d5a6/lib-tokio_stream	file	0600	1784155760371666614	16	6765cead9dbb451d32e34fccd93c730074c2defedd29bb81fb3da49f5767b6da		copy	run-evidence		
tokio-watch/.specula-output/repro/target_cr2_watch_pairing/debug/.fingerprint/tokio-stream-e487a151a3f2d5a6/lib-tokio_stream.json	tokio-watch/.specula-output/repro/target_cr2_watch_pairing/debug/.fingerprint/tokio-stream-e487a151a3f2d5a6/lib-tokio_stream.json	file	0600	1784155760371666614	789	e3050a00d47dea161c61258b5d041b83a783b4f70b7dd3c01529ea709a701800		copy	run-evidence		
tokio-watch/.specula-output/repro/target_cr2_watch_pairing/debug/.fingerprint/tokio-util-0198ec5b4e880eaf	tokio-watch/.specula-output/repro/target_cr2_watch_pairing/debug/.fingerprint/tokio-util-0198ec5b4e880eaf	directory	0700	1784155745093359545				mkdir	run-directory		
tokio-watch/.specula-output/repro/target_cr2_watch_pairing/debug/.fingerprint/tokio-util-0198ec5b4e880eaf/dep-lib-tokio_util	tokio-watch/.specula-output/repro/target_cr2_watch_pairing/debug/.fingerprint/tokio-util-0198ec5b4e880eaf/dep-lib-tokio_util	file	0600	1784155744942356499	14	93a4afc37518a1bf7830744017176e1d1946e5df993e47159069839f61fe49ab		copy	run-evidence		
tokio-watch/.specula-output/repro/target_cr2_watch_pairing/debug/.fingerprint/tokio-util-0198ec5b4e880eaf/invoked.timestamp	tokio-watch/.specula-output/repro/target_cr2_watch_pairing/debug/.fingerprint/tokio-util-0198ec5b4e880eaf/invoked.timestamp	file	0600	1784155744942356499	48	5a109e6643e8d3e88642e3f35e85d2a83e639d07523aa6e99166c48178e965c3		copy	run-evidence		
tokio-watch/.specula-output/repro/target_cr2_watch_pairing/debug/.fingerprint/tokio-util-0198ec5b4e880eaf/lib-tokio_util	tokio-watch/.specula-output/repro/target_cr2_watch_pairing/debug/.fingerprint/tokio-util-0198ec5b4e880eaf/lib-tokio_util	file	0600	1784155745093359545	16	ab14ea348f3606a56e61fe20b3fd6289497d791c01cf983a693afd2a6c61f4d4		copy	run-evidence		
tokio-watch/.specula-output/repro/target_cr2_watch_pairing/debug/.fingerprint/tokio-util-0198ec5b4e880eaf/lib-tokio_util.json	tokio-watch/.specula-output/repro/target_cr2_watch_pairing/debug/.fingerprint/tokio-util-0198ec5b4e880eaf/lib-tokio_util.json	file	0600	1784155745093359545	864	b7fbc1806caa57d986425128aa399b9f346e13190fa1686e3690336b07144875		copy	run-evidence		
tokio-watch/.specula-output/repro/target_cr2_watch_pairing/debug/.fingerprint/tokio-util-2d1ade70cdc67670	tokio-watch/.specula-output/repro/target_cr2_watch_pairing/debug/.fingerprint/tokio-util-2d1ade70cdc67670	directory	0700	1784155760289664969				mkdir	run-directory		
tokio-watch/.specula-output/repro/target_cr2_watch_pairing/debug/.fingerprint/tokio-util-2d1ade70cdc67670/dep-lib-tokio_util	tokio-watch/.specula-output/repro/target_cr2_watch_pairing/debug/.fingerprint/tokio-util-2d1ade70cdc67670/dep-lib-tokio_util	file	0600	1784155760138661940	14	93a4afc37518a1bf7830744017176e1d1946e5df993e47159069839f61fe49ab		copy	run-evidence		
tokio-watch/.specula-output/repro/target_cr2_watch_pairing/debug/.fingerprint/tokio-util-2d1ade70cdc67670/invoked.timestamp	tokio-watch/.specula-output/repro/target_cr2_watch_pairing/debug/.fingerprint/tokio-util-2d1ade70cdc67670/invoked.timestamp	file	0600	1784155760138661940	48	5a109e6643e8d3e88642e3f35e85d2a83e639d07523aa6e99166c48178e965c3		copy	run-evidence		
tokio-watch/.specula-output/repro/target_cr2_watch_pairing/debug/.fingerprint/tokio-util-2d1ade70cdc67670/lib-tokio_util	tokio-watch/.specula-output/repro/target_cr2_watch_pairing/debug/.fingerprint/tokio-util-2d1ade70cdc67670/lib-tokio_util	file	0600	1784155760289664969	16	b2ddfbba097db1cba880be6587f96034a81ec3c10a35f952a0ff9e8c6f7d2de5		copy	run-evidence		
tokio-watch/.specula-output/repro/target_cr2_watch_pairing/debug/.fingerprint/tokio-util-2d1ade70cdc67670/lib-tokio_util.json	tokio-watch/.specula-output/repro/target_cr2_watch_pairing/debug/.fingerprint/tokio-util-2d1ade70cdc67670/lib-tokio_util.json	file	0600	1784155760289664969	901	8ffd3c9273d10b72d7b157038392f36386832f0366b2c947b4db0be2c0f8741c		copy	run-evidence		
tokio-watch/.specula-output/repro/target_cr2_watch_pairing/debug/.fingerprint/unicode-ident-2d8fd6bd09a16c69	tokio-watch/.specula-output/repro/target_cr2_watch_pairing/debug/.fingerprint/unicode-ident-2d8fd6bd09a16c69	directory	0700	1784155758021619478				mkdir	run-directory		
tokio-watch/.specula-output/repro/target_cr2_watch_pairing/debug/.fingerprint/unicode-ident-2d8fd6bd09a16c69/dep-lib-unicode_ident	tokio-watch/.specula-output/repro/target_cr2_watch_pairing/debug/.fingerprint/unicode-ident-2d8fd6bd09a16c69/dep-lib-unicode_ident	file	0600	1784155757980618656	14	93a4afc37518a1bf7830744017176e1d1946e5df993e47159069839f61fe49ab		copy	run-evidence		
tokio-watch/.specula-output/repro/target_cr2_watch_pairing/debug/.fingerprint/unicode-ident-2d8fd6bd09a16c69/invoked.timestamp	tokio-watch/.specula-output/repro/target_cr2_watch_pairing/debug/.fingerprint/unicode-ident-2d8fd6bd09a16c69/invoked.timestamp	file	0600	1784155757980618656	48	5a109e6643e8d3e88642e3f35e85d2a83e639d07523aa6e99166c48178e965c3		copy	run-evidence		
tokio-watch/.specula-output/repro/target_cr2_watch_pairing/debug/.fingerprint/unicode-ident-2d8fd6bd09a16c69/lib-unicode_ident	tokio-watch/.specula-output/repro/target_cr2_watch_pairing/debug/.fingerprint/unicode-ident-2d8fd6bd09a16c69/lib-unicode_ident	file	0600	1784155758021619478	16	7d23fe9b83ab6e8f70c8eaedc4c7912574917c616c292668bc8e2c5d7cdacd66		copy	run-evidence		
tokio-watch/.specula-output/repro/target_cr2_watch_pairing/debug/.fingerprint/unicode-ident-2d8fd6bd09a16c69/lib-unicode_ident.json	tokio-watch/.specula-output/repro/target_cr2_watch_pairing/debug/.fingerprint/unicode-ident-2d8fd6bd09a16c69/lib-unicode_ident.json	file	0600	1784155758021619478	395	83202ca7592b85323d8d0d36d6e4661b159b5388e7c7bc58c54a1f4aa5acf4d8		copy	run-evidence		
tokio-watch/.specula-output/repro/target_cr2_watch_pairing/debug/.fingerprint/unicode-ident-af7f0a76d4392b05	tokio-watch/.specula-output/repro/target_cr2_watch_pairing/debug/.fingerprint/unicode-ident-af7f0a76d4392b05	directory	0700	1784155741741291918				mkdir	run-directory		
tokio-watch/.specula-output/repro/target_cr2_watch_pairing/debug/.fingerprint/unicode-ident-af7f0a76d4392b05/dep-lib-unicode_ident	tokio-watch/.specula-output/repro/target_cr2_watch_pairing/debug/.fingerprint/unicode-ident-af7f0a76d4392b05/dep-lib-unicode_ident	file	0600	1784155741701291111	14	93a4afc37518a1bf7830744017176e1d1946e5df993e47159069839f61fe49ab		copy	run-evidence		
tokio-watch/.specula-output/repro/target_cr2_watch_pairing/debug/.fingerprint/unicode-ident-af7f0a76d4392b05/invoked.timestamp	tokio-watch/.specula-output/repro/target_cr2_watch_pairing/debug/.fingerprint/unicode-ident-af7f0a76d4392b05/invoked.timestamp	file	0600	1784155741701291111	48	5a109e6643e8d3e88642e3f35e85d2a83e639d07523aa6e99166c48178e965c3		copy	run-evidence		
tokio-watch/.specula-output/repro/target_cr2_watch_pairing/debug/.fingerprint/unicode-ident-af7f0a76d4392b05/lib-unicode_ident	tokio-watch/.specula-output/repro/target_cr2_watch_pairing/debug/.fingerprint/unicode-ident-af7f0a76d4392b05/lib-unicode_ident	file	0600	1784155741741291918	16	eb2a79b6d1646bd5c671cfc500a7cfffee42c581b4754af7d909027c410e4b95		copy	run-evidence		
tokio-watch/.specula-output/repro/target_cr2_watch_pairing/debug/.fingerprint/unicode-ident-af7f0a76d4392b05/lib-unicode_ident.json	tokio-watch/.specula-output/repro/target_cr2_watch_pairing/debug/.fingerprint/unicode-ident-af7f0a76d4392b05/lib-unicode_ident.json	file	0600	1784155741741291918	359	cddb224d78b1f31f7115d8930c293abd11166d173a6bf0628517e89b103866a4		copy	run-evidence		
tokio-watch/.specula-output/repro/target_cr2_watch_pairing/debug/build	tokio-watch/.specula-output/repro/target_cr2_watch_pairing/debug/build	directory	0700	1784155757978618616				mkdir	run-directory		
tokio-watch/.specula-output/repro/target_cr2_watch_pairing/debug/build/proc-macro2-4a599ed645bc3058	tokio-watch/.specula-output/repro/target_cr2_watch_pairing/debug/build/proc-macro2-4a599ed645bc3058	directory	0700	1784155741885294824				mkdir	run-directory		
tokio-watch/.specula-output/repro/target_cr2_watch_pairing/debug/build/proc-macro2-4a599ed645bc3058/invoked.timestamp	tokio-watch/.specula-output/repro/target_cr2_watch_pairing/debug/build/proc-macro2-4a599ed645bc3058/invoked.timestamp	file	0600	1784155741807293250	48	5a109e6643e8d3e88642e3f35e85d2a83e639d07523aa6e99166c48178e965c3		copy	run-evidence		
tokio-watch/.specula-output/repro/target_cr2_watch_pairing/debug/build/proc-macro2-4a599ed645bc3058/out	tokio-watch/.specula-output/repro/target_cr2_watch_pairing/debug/build/proc-macro2-4a599ed645bc3058/out	directory	0700	1784155741884294803				mkdir	run-directory		
tokio-watch/.specula-output/repro/target_cr2_watch_pairing/debug/build/proc-macro2-4a599ed645bc3058/output	tokio-watch/.specula-output/repro/target_cr2_watch_pairing/debug/build/proc-macro2-4a599ed645bc3058/output	file	0600	1784155741807293250	1061	196b70ed0e47e00b2c4bb6fb3f905afa0ef532e0323e68790722afb598f83c73		copy	run-evidence		
tokio-watch/.specula-output/repro/target_cr2_watch_pairing/debug/build/proc-macro2-4a599ed645bc3058/root-output	tokio-watch/.specula-output/repro/target_cr2_watch_pairing/debug/build/proc-macro2-4a599ed645bc3058/root-output	file	0600	1784155741885294824	176	983a2ec9959c44bc8a163485299a9a789f26107a08dd90b9b349fa3ce20af276		copy	run-evidence		
tokio-watch/.specula-output/repro/target_cr2_watch_pairing/debug/build/proc-macro2-4a599ed645bc3058/stderr	tokio-watch/.specula-output/repro/target_cr2_watch_pairing/debug/build/proc-macro2-4a599ed645bc3058/stderr	file	0600	1784155741884294803	0	e3b0c44298fc1c149afbf4c8996fb92427ae41e4649b934ca495991b7852b855		copy	run-evidence		
tokio-watch/.specula-output/repro/target_cr2_watch_pairing/debug/build/proc-macro2-86585082b6f41d92	tokio-watch/.specula-output/repro/target_cr2_watch_pairing/debug/build/proc-macro2-86585082b6f41d92	directory	0700	1784155741807293250				mkdir	run-directory		
tokio-watch/.specula-output/repro/target_cr2_watch_pairing/debug/build/proc-macro2-86585082b6f41d92/build-script-build	tokio-watch/.specula-output/repro/target_cr2_watch_pairing/debug/build/proc-macro2-86585082b6f41d92/build-script-build	file	0700	1784155741794292988	4498448	f2d175d36581f4bbbf88c00bf4497bec1087f60d189b9ab7ff04e74dbd2c3531		copy	run-evidence		
tokio-watch/.specula-output/repro/target_cr2_watch_pairing/debug/build/proc-macro2-86585082b6f41d92/build_script_build-86585082b6f41d92	tokio-watch/.specula-output/repro/target_cr2_watch_pairing/debug/build/proc-macro2-86585082b6f41d92/build_script_build-86585082b6f41d92	file	0700	1784155741794292988	4498448	f2d175d36581f4bbbf88c00bf4497bec1087f60d189b9ab7ff04e74dbd2c3531		copy	run-evidence		
tokio-watch/.specula-output/repro/target_cr2_watch_pairing/debug/build/proc-macro2-86585082b6f41d92/build_script_build-86585082b6f41d92.d	tokio-watch/.specula-output/repro/target_cr2_watch_pairing/debug/build/proc-macro2-86585082b6f41d92/build_script_build-86585082b6f41d92.d	file	0600	1784155741719291475	710	e0b305a62f22536c227afbe388cf64b5709ab525be7fa955a62789b5f9ed7b42		copy	run-evidence		
tokio-watch/.specula-output/repro/target_cr2_watch_pairing/debug/build/proc-macro2-c491883675ee48e1	tokio-watch/.specula-output/repro/target_cr2_watch_pairing/debug/build/proc-macro2-c491883675ee48e1	directory	0700	1784155758078620622				mkdir	run-directory		
tokio-watch/.specula-output/repro/target_cr2_watch_pairing/debug/build/proc-macro2-c491883675ee48e1/build-script-build	tokio-watch/.specula-output/repro/target_cr2_watch_pairing/debug/build/proc-macro2-c491883675ee48e1/build-script-build	file	0700	1784155758067620401	4498448	f2d175d36581f4bbbf88c00bf4497bec1087f60d189b9ab7ff04e74dbd2c3531		copy	run-evidence		
tokio-watch/.specula-output/repro/target_cr2_watch_pairing/debug/build/proc-macro2-c491883675ee48e1/build_script_build-c491883675ee48e1	tokio-watch/.specula-output/repro/target_cr2_watch_pairing/debug/build/proc-macro2-c491883675ee48e1/build_script_build-c491883675ee48e1	file	0700	1784155758067620401	4498448	f2d175d36581f4bbbf88c00bf4497bec1087f60d189b9ab7ff04e74dbd2c3531		copy	run-evidence		
tokio-watch/.specula-output/repro/target_cr2_watch_pairing/debug/build/proc-macro2-c491883675ee48e1/build_script_build-c491883675ee48e1.d	tokio-watch/.specula-output/repro/target_cr2_watch_pairing/debug/build/proc-macro2-c491883675ee48e1/build_script_build-c491883675ee48e1.d	file	0600	1784155757996618977	710	3baae3b48e5799ac7952e533278da92c4e06118b3f074967089f928312a2e5be		copy	run-evidence		
tokio-watch/.specula-output/repro/target_cr2_watch_pairing/debug/build/proc-macro2-dc353b115dae90cc	tokio-watch/.specula-output/repro/target_cr2_watch_pairing/debug/build/proc-macro2-dc353b115dae90cc	directory	0700	1784155758151622086				mkdir	run-directory		
tokio-watch/.specula-output/repro/target_cr2_watch_pairing/debug/build/proc-macro2-dc353b115dae90cc/invoked.timestamp	tokio-watch/.specula-output/repro/target_cr2_watch_pairing/debug/build/proc-macro2-dc353b115dae90cc/invoked.timestamp	file	0600	1784155758078620622	48	5a109e6643e8d3e88642e3f35e85d2a83e639d07523aa6e99166c48178e965c3		copy	run-evidence		
tokio-watch/.specula-output/repro/target_cr2_watch_pairing/debug/build/proc-macro2-dc353b115dae90cc/out	tokio-watch/.specula-output/repro/target_cr2_watch_pairing/debug/build/proc-macro2-dc353b115dae90cc/out	directory	0700	1784155758150622066				mkdir	run-directory		
tokio-watch/.specula-output/repro/target_cr2_watch_pairing/debug/build/proc-macro2-dc353b115dae90cc/output	tokio-watch/.specula-output/repro/target_cr2_watch_pairing/debug/build/proc-macro2-dc353b115dae90cc/output	file	0600	1784155758078620622	1061	196b70ed0e47e00b2c4bb6fb3f905afa0ef532e0323e68790722afb598f83c73		copy	run-evidence		
tokio-watch/.specula-output/repro/target_cr2_watch_pairing/debug/build/proc-macro2-dc353b115dae90cc/root-output	tokio-watch/.specula-output/repro/target_cr2_watch_pairing/debug/build/proc-macro2-dc353b115dae90cc/root-output	file	0600	1784155758151622086	176	910cd9a259b8ba07db98fc951bb5f2fc241803354a5f173ef54ea7a18de238c4		copy	run-evidence		
tokio-watch/.specula-output/repro/target_cr2_watch_pairing/debug/build/proc-macro2-dc353b115dae90cc/stderr	tokio-watch/.specula-output/repro/target_cr2_watch_pairing/debug/build/proc-macro2-dc353b115dae90cc/stderr	file	0600	1784155758151622086	0	e3b0c44298fc1c149afbf4c8996fb92427ae41e4649b934ca495991b7852b855		copy	run-evidence		
tokio-watch/.specula-output/repro/target_cr2_watch_pairing/debug/build/quote-104c846d96f776a5	tokio-watch/.specula-output/repro/target_cr2_watch_pairing/debug/build/quote-104c846d96f776a5	directory	0700	1784155758077620601				mkdir	run-directory		
tokio-watch/.specula-output/repro/target_cr2_watch_pairing/debug/build/quote-104c846d96f776a5/invoked.timestamp	tokio-watch/.specula-output/repro/target_cr2_watch_pairing/debug/build/quote-104c846d96f776a5/invoked.timestamp	file	0600	1784155758066620381	48	5a109e6643e8d3e88642e3f35e85d2a83e639d07523aa6e99166c48178e965c3		copy	run-evidence		
tokio-watch/.specula-output/repro/target_cr2_watch_pairing/debug/build/quote-104c846d96f776a5/out	tokio-watch/.specula-output/repro/target_cr2_watch_pairing/debug/build/quote-104c846d96f776a5/out	directory	0700	1784155757978618616				mkdir	run-directory		
tokio-watch/.specula-output/repro/target_cr2_watch_pairing/debug/build/quote-104c846d96f776a5/output	tokio-watch/.specula-output/repro/target_cr2_watch_pairing/debug/build/quote-104c846d96f776a5/output	file	0600	1784155758066620381	83	e18aa0a6d8bc038d8be01c064d207eaefa1412edd991b27eb123b0664c53fecc		copy	run-evidence		
tokio-watch/.specula-output/repro/target_cr2_watch_pairing/debug/build/quote-104c846d96f776a5/root-output	tokio-watch/.specula-output/repro/target_cr2_watch_pairing/debug/build/quote-104c846d96f776a5/root-output	file	0600	1784155758077620601	170	c2a001b4a98b7f8aac7c0090f0f394954a802cc41c656bd64def2a9bb63cc959		copy	run-evidence		
tokio-watch/.specula-output/repro/target_cr2_watch_pairing/debug/build/quote-104c846d96f776a5/stderr	tokio-watch/.specula-output/repro/target_cr2_watch_pairing/debug/build/quote-104c846d96f776a5/stderr	file	0600	1784155758077620601	0	e3b0c44298fc1c149afbf4c8996fb92427ae41e4649b934ca495991b7852b855		copy	run-evidence		
tokio-watch/.specula-output/repro/target_cr2_watch_pairing/debug/build/quote-6e60ea394f6ac753	tokio-watch/.specula-output/repro/target_cr2_watch_pairing/debug/build/quote-6e60ea394f6ac753	directory	0700	1784155758065620361				mkdir	run-directory		
tokio-watch/.specula-output/repro/target_cr2_watch_pairing/debug/build/quote-6e60ea394f6ac753/build-script-build	tokio-watch/.specula-output/repro/target_cr2_watch_pairing/debug/build/quote-6e60ea394f6ac753/build-script-build	file	0700	1784155758056620180	4443984	06150111d73e3e2cdc51c1749c1289aec822cddc6611d4a6548bfbae723bba7d		copy	run-evidence		
tokio-watch/.specula-output/repro/target_cr2_watch_pairing/debug/build/quote-6e60ea394f6ac753/build_script_build-6e60ea394f6ac753	tokio-watch/.specula-output/repro/target_cr2_watch_pairing/debug/build/quote-6e60ea394f6ac753/build_script_build-6e60ea394f6ac753	file	0700	1784155758056620180	4443984	06150111d73e3e2cdc51c1749c1289aec822cddc6611d4a6548bfbae723bba7d		copy	run-evidence		
tokio-watch/.specula-output/repro/target_cr2_watch_pairing/debug/build/quote-6e60ea394f6ac753/build_script_build-6e60ea394f6ac753.d	tokio-watch/.specula-output/repro/target_cr2_watch_pairing/debug/build/quote-6e60ea394f6ac753/build_script_build-6e60ea394f6ac753.d	file	0600	1784155757995618957	677	b5e48c319787dcc7ba332d3693d9c25d198462396c04bfb603135374fc900698		copy	run-evidence		
tokio-watch/.specula-output/repro/target_cr2_watch_pairing/debug/build/quote-8b5b0d1ff71c46f7	tokio-watch/.specula-output/repro/target_cr2_watch_pairing/debug/build/quote-8b5b0d1ff71c46f7	directory	0700	1784155741808293270				mkdir	run-directory		
tokio-watch/.specula-output/repro/target_cr2_watch_pairing/debug/build/quote-8b5b0d1ff71c46f7/invoked.timestamp	tokio-watch/.specula-output/repro/target_cr2_watch_pairing/debug/build/quote-8b5b0d1ff71c46f7/invoked.timestamp	file	0600	1784155741794292988	48	5a109e6643e8d3e88642e3f35e85d2a83e639d07523aa6e99166c48178e965c3		copy	run-evidence		
tokio-watch/.specula-output/repro/target_cr2_watch_pairing/debug/build/quote-8b5b0d1ff71c46f7/out	tokio-watch/.specula-output/repro/target_cr2_watch_pairing/debug/build/quote-8b5b0d1ff71c46f7/out	directory	0700	1784155741700291091				mkdir	run-directory		
tokio-watch/.specula-output/repro/target_cr2_watch_pairing/debug/build/quote-8b5b0d1ff71c46f7/output	tokio-watch/.specula-output/repro/target_cr2_watch_pairing/debug/build/quote-8b5b0d1ff71c46f7/output	file	0600	1784155741794292988	83	e18aa0a6d8bc038d8be01c064d207eaefa1412edd991b27eb123b0664c53fecc		copy	run-evidence		
tokio-watch/.specula-output/repro/target_cr2_watch_pairing/debug/build/quote-8b5b0d1ff71c46f7/root-output	tokio-watch/.specula-output/repro/target_cr2_watch_pairing/debug/build/quote-8b5b0d1ff71c46f7/root-output	file	0600	1784155741808293270	170	c15b9e75a941cb1bceeea7be82118670e6cc0a338e1e249f27ddaf5ba835362c		copy	run-evidence		
tokio-watch/.specula-output/repro/target_cr2_watch_pairing/debug/build/quote-8b5b0d1ff71c46f7/stderr	tokio-watch/.specula-output/repro/target_cr2_watch_pairing/debug/build/quote-8b5b0d1ff71c46f7/stderr	file	0600	1784155741808293270	0	e3b0c44298fc1c149afbf4c8996fb92427ae41e4649b934ca495991b7852b855		copy	run-evidence		
tokio-watch/.specula-output/repro/target_cr2_watch_pairing/debug/build/quote-d2e9be1c52f73001	tokio-watch/.specula-output/repro/target_cr2_watch_pairing/debug/build/quote-d2e9be1c52f73001	directory	0700	1784155741794292988				mkdir	run-directory		
tokio-watch/.specula-output/repro/target_cr2_watch_pairing/debug/build/quote-d2e9be1c52f73001/build-script-build	tokio-watch/.specula-output/repro/target_cr2_watch_pairing/debug/build/quote-d2e9be1c52f73001/build-script-build	file	0700	1784155741783292766	4443984	06150111d73e3e2cdc51c1749c1289aec822cddc6611d4a6548bfbae723bba7d		copy	run-evidence		
tokio-watch/.specula-output/repro/target_cr2_watch_pairing/debug/build/quote-d2e9be1c52f73001/build_script_build-d2e9be1c52f73001	tokio-watch/.specula-output/repro/target_cr2_watch_pairing/debug/build/quote-d2e9be1c52f73001/build_script_build-d2e9be1c52f73001	file	0700	1784155741783292766	4443984	06150111d73e3e2cdc51c1749c1289aec822cddc6611d4a6548bfbae723bba7d		copy	run-evidence		
tokio-watch/.specula-output/repro/target_cr2_watch_pairing/debug/build/quote-d2e9be1c52f73001/build_script_build-d2e9be1c52f73001.d	tokio-watch/.specula-output/repro/target_cr2_watch_pairing/debug/build/quote-d2e9be1c52f73001/build_script_build-d2e9be1c52f73001.d	file	0600	1784155741718291454	677	7af70c62ab7bad5b0c41115c4459b4e78c74ede61679c556b7ce22fa76c3cfee		copy	run-evidence		
tokio-watch/.specula-output/repro/target_cr2_watch_pairing/debug/cr2-watch-pairing-repro	tokio-watch/.specula-output/repro/target_cr2_watch_pairing/debug/cr2-watch-pairing-repro	file	0700	1784155760789674998	9165440	a5cd00febf5e2759b55de15eae2d22a0834b7da09237c31228c3e6be2e68b0de		copy	run-evidence		
tokio-watch/.specula-output/repro/target_cr2_watch_pairing/debug/cr2-watch-pairing-repro.d	tokio-watch/.specula-output/repro/target_cr2_watch_pairing/debug/cr2-watch-pairing-repro.d	file	0600	1784155760805675319	29355	91e3139cd15b504a5f9a1aeab321dd3e3ab8534ddf656cdc4b7f8b0350c03d2b		copy	run-evidence		
tokio-watch/.specula-output/repro/target_cr2_watch_pairing/debug/deps	tokio-watch/.specula-output/repro/target_cr2_watch_pairing/debug/deps	directory	0700	1784155760796675138				mkdir	run-directory		
tokio-watch/.specula-output/repro/target_cr2_watch_pairing/debug/deps/bytes-c51cd628dede614b.d	tokio-watch/.specula-output/repro/target_cr2_watch_pairing/debug/deps/bytes-c51cd628dede614b.d	file	0600	1784155741739291878	7433	9c4da8e57eb8a4db681b3a54f1170db17d25a513d20690447fe4832823625616		copy	run-evidence		
tokio-watch/.specula-output/repro/target_cr2_watch_pairing/debug/deps/bytes-d83136e112ca2680.d	tokio-watch/.specula-output/repro/target_cr2_watch_pairing/debug/deps/bytes-d83136e112ca2680.d	file	0600	1784155758016619378	7433	29d9ba382c4e96326cc50fcf1d22c89fae88c6a84415d987e3e5ac704cac80fc		copy	run-evidence		
tokio-watch/.specula-output/repro/target_cr2_watch_pairing/debug/deps/cr2_watch_pairing_repro-bfeda956a75a4c33	tokio-watch/.specula-output/repro/target_cr2_watch_pairing/debug/deps/cr2_watch_pairing_repro-bfeda956a75a4c33	file	0700	1784155745542368604	9165440	a5cd00febf5e2759b55de15eae2d22a0834b7da09237c31228c3e6be2e68b0de		copy	run-evidence		
tokio-watch/.specula-output/repro/target_cr2_watch_pairing/debug/deps/cr2_watch_pairing_repro-bfeda956a75a4c33.d	tokio-watch/.specula-output/repro/target_cr2_watch_pairing/debug/deps/cr2_watch_pairing_repro-bfeda956a75a4c33.d	file	0600	1784155745344364609	411	e3e964e477d4b97d3c90b971c23f1ada37473526f118746fbc2fc8efeca7c6df		copy	run-evidence		
tokio-watch/.specula-output/repro/target_cr2_watch_pairing/debug/deps/cr2_watch_pairing_repro-e2215d355c282f30	tokio-watch/.specula-output/repro/target_cr2_watch_pairing/debug/deps/cr2_watch_pairing_repro-e2215d355c282f30	file	0700	1784155760789674998	9165440	a5cd00febf5e2759b55de15eae2d22a0834b7da09237c31228c3e6be2e68b0de		copy	run-evidence		
tokio-watch/.specula-output/repro/target_cr2_watch_pairing/debug/deps/cr2_watch_pairing_repro-e2215d355c282f30.d	tokio-watch/.specula-output/repro/target_cr2_watch_pairing/debug/deps/cr2_watch_pairing_repro-e2215d355c282f30.d	file	0600	1784155760611671428	411	249c4fe37f6eaeec2105c48de0e67e0171055cba40a6b0e92cc13ea04c1ade3c		copy	run-evidence		
tokio-watch/.specula-output/repro/target_cr2_watch_pairing/debug/deps/futures_core-1d96ee52e1122c91.d	tokio-watch/.specula-output/repro/target_cr2_watch_pairing/debug/deps/futures_core-1d96ee52e1122c91.d	file	0600	1784155757998619017	3499	390599120bc48e2df62562ef101242736de4086fae7db5f11229060ebff96627		copy	run-evidence		
tokio-watch/.specula-output/repro/target_cr2_watch_pairing/debug/deps/futures_core-4009a2020ea13d93.d	tokio-watch/.specula-output/repro/target_cr2_watch_pairing/debug/deps/futures_core-4009a2020ea13d93.d	file	0600	1784155741720291495	3499	1bb58c4e4ccf4a7e1bfe87ee5a2597194211eae3e99420e6bcc7e8c23cdb574d		copy	run-evidence		
tokio-watch/.specula-output/repro/target_cr2_watch_pairing/debug/deps/futures_sink-162230eb989e32a4.d	tokio-watch/.specula-output/repro/target_cr2_watch_pairing/debug/deps/futures_sink-162230eb989e32a4.d	file	0600	1784155757996618977	933	0f368eab2f806bfe23380238d79377abc6cd7c92461d93216ffff28537b4b6a0		copy	run-evidence		
tokio-watch/.specula-output/repro/target_cr2_watch_pairing/debug/deps/futures_sink-bcea5761c467004c.d	tokio-watch/.specula-output/repro/target_cr2_watch_pairing/debug/deps/futures_sink-bcea5761c467004c.d	file	0600	1784155741720291495	933	beaaf777de3f01e59dab8de8b4a51ebe8343839ae3c905f2d6e4511d3ee45cf7		copy	run-evidence		
tokio-watch/.specula-output/repro/target_cr2_watch_pairing/debug/deps/libbytes-c51cd628dede614b.rlib		file	0600	1784155742027297689	1834150	ee4847b796d33c7f4d9fbaa4a6832f2bd892bfe3219da8533625b600bfd239fc		exclude	non-evidence	compiled-or-generated-file	
tokio-watch/.specula-output/repro/target_cr2_watch_pairing/debug/deps/libbytes-c51cd628dede614b.rmeta	tokio-watch/.specula-output/repro/target_cr2_watch_pairing/debug/deps/libbytes-c51cd628dede614b.rmeta	file	0600	1784155741981296761	872735	e450b8d3ef4afb7a71e2963882df2cbd61f57f746a63e178dcd768c4a5133799		copy	run-evidence		
tokio-watch/.specula-output/repro/target_cr2_watch_pairing/debug/deps/libbytes-d83136e112ca2680.rlib		file	0600	1784155758259624252	1834150	aad260b8fe46d4da0c5681fbfbc40a1f927d60e604d90a7dd902d5ee6758885b		exclude	non-evidence	compiled-or-generated-file	
tokio-watch/.specula-output/repro/target_cr2_watch_pairing/debug/deps/libbytes-d83136e112ca2680.rmeta	tokio-watch/.specula-output/repro/target_cr2_watch_pairing/debug/deps/libbytes-d83136e112ca2680.rmeta	file	0600	1784155758216623390	872735	4ca63f05c1ef3838c0801dd669cc67feb55342c1f7284ab0ac6eea2c521b6f8f		copy	run-evidence		
tokio-watch/.specula-output/repro/target_cr2_watch_pairing/debug/deps/libfutures_core-1d96ee52e1122c91.rlib		file	0600	1784155758026619579	124762	6b81bc465ef2841362fd21c5f182a8993882cc4a7fbbd426fc03717a64364f3f		exclude	non-evidence	compiled-or-generated-file	
tokio-watch/.specula-output/repro/target_cr2_watch_pairing/debug/deps/libfutures_core-1d96ee52e1122c91.rmeta	tokio-watch/.specula-output/repro/target_cr2_watch_pairing/debug/deps/libfutures_core-1d96ee52e1122c91.rmeta	file	0600	1784155758016619378	60877	dcb8e15c14f0dfccbd1c3b3f7503b2e6573fbd89427e8f7e32e01fc7251eaf8d		copy	run-evidence		
tokio-watch/.specula-output/repro/target_cr2_watch_pairing/debug/deps/libfutures_core-4009a2020ea13d93.rlib		file	0600	1784155741749292080	124762	8c6688360b772fb93827a08f8c63860664f9f00c558ffa71fb54be1fc2499bfb		exclude	non-evidence	compiled-or-generated-file	
tokio-watch/.specula-output/repro/target_cr2_watch_pairing/debug/deps/libfutures_core-4009a2020ea13d93.rmeta	tokio-watch/.specula-output/repro/target_cr2_watch_pairing/debug/deps/libfutures_core-4009a2020ea13d93.rmeta	file	0600	1784155741738291858	60877	e71952b2a4aed1517abd3b5add32252ec42d573ac24be4e877215867bedfe523		copy	run-evidence		
tokio-watch/.specula-output/repro/target_cr2_watch_pairing/debug/deps/libfutures_sink-162230eb989e32a4.rlib		file	0600	1784155758008619218	32506	b2fccdb96e9efc2b3302ac53cbe6e02f2e9f0af15525f57fdfa99acbddfac64f		exclude	non-evidence	compiled-or-generated-file	
tokio-watch/.specula-output/repro/target_cr2_watch_pairing/debug/deps/libfutures_sink-162230eb989e32a4.rmeta	tokio-watch/.specula-output/repro/target_cr2_watch_pairing/debug/deps/libfutures_sink-162230eb989e32a4.rmeta	file	0600	1784155758005619157	30977	8f82186a00dca020d40048eb5f9a8ac536413dba4f9d39c59d76d22e5a5b14ef		copy	run-evidence		
tokio-watch/.specula-output/repro/target_cr2_watch_pairing/debug/deps/libfutures_sink-bcea5761c467004c.rlib		file	0600	1784155741732291737	32506	7fd02185299dec784e7080f95cab446861d795c86431d435a6082bc6af98f47f		exclude	non-evidence	compiled-or-generated-file	
tokio-watch/.specula-output/repro/target_cr2_watch_pairing/debug/deps/libfutures_sink-bcea5761c467004c.rmeta	tokio-watch/.specula-output/repro/target_cr2_watch_pairing/debug/deps/libfutures_sink-bcea5761c467004c.rmeta	file	0600	1784155741729291676	30977	41352b6a5ae8a570904a0206aa58e4057fec4269cf7814e489272ac3d7b6cd89		copy	run-evidence		
tokio-watch/.specula-output/repro/target_cr2_watch_pairing/debug/deps/libpin_project_lite-57a39f0a00563035.rlib		file	0600	1784155758003619117	95458	424ff24c4d8bc9af9e8cbfd4588c22e70d414684c0232c2ecb3bae692d6c86bc		exclude	non-evidence	compiled-or-generated-file	
tokio-watch/.specula-output/repro/target_cr2_watch_pairing/debug/deps/libpin_project_lite-57a39f0a00563035.rmeta	tokio-watch/.specula-output/repro/target_cr2_watch_pairing/debug/deps/libpin_project_lite-57a39f0a00563035.rmeta	file	0600	1784155758001619077	93924	3e5a1045741463a0323ac8ff125baffcffecb8996bb32dda7eeafa32a716f381		copy	run-evidence		
tokio-watch/.specula-output/repro/target_cr2_watch_pairing/debug/deps/libpin_project_lite-d7a7c9f9297e44b9.rlib		file	0600	1784155741725291596	95458	9d4d34e19be3954e38e80fe137d8617fc03f0ca39106a4258b254ed48ab18bec		exclude	non-evidence	compiled-or-generated-file	
tokio-watch/.specula-output/repro/target_cr2_watch_pairing/debug/deps/libpin_project_lite-d7a7c9f9297e44b9.rmeta	tokio-watch/.specula-output/repro/target_cr2_watch_pairing/debug/deps/libpin_project_lite-d7a7c9f9297e44b9.rmeta	file	0600	1784155741722291535	93924	b0a3ed668cec34acbdd74a205f032d063e56c166aa9d563a52a045f4d4edce09		copy	run-evidence		
tokio-watch/.specula-output/repro/target_cr2_watch_pairing/debug/deps/libproc_macro2-2d78e42288489a3b.rlib		file	0600	1784155742118299524	1209704	e20804fbab5f9a302a3aa8fef1e203cc06f3f6bf28024cdb94532a292efd4317		exclude	non-evidence	compiled-or-generated-file	
tokio-watch/.specula-output/repro/target_cr2_watch_pairing/debug/deps/libproc_macro2-2d78e42288489a3b.rmeta	tokio-watch/.specula-output/repro/target_cr2_watch_pairing/debug/deps/libproc_macro2-2d78e42288489a3b.rmeta	file	0600	1784155742079298737	342569	c4716bfe268566fb28ee60b89ff43ad8280da58b1ece82d9b8208b4c95b3f0a9		copy	run-evidence		
tokio-watch/.specula-output/repro/target_cr2_watch_pairing/debug/deps/libproc_macro2-346a99318dc89abc.rlib		file	0600	1784155758354626157	1209704	f906de348637e8b17b7db8be979b22cd8adcebe52500ff28e532b219f0bb1bca		exclude	non-evidence	compiled-or-generated-file	
tokio-watch/.specula-output/repro/target_cr2_watch_pairing/debug/deps/libproc_macro2-346a99318dc89abc.rmeta	tokio-watch/.specula-output/repro/target_cr2_watch_pairing/debug/deps/libproc_macro2-346a99318dc89abc.rmeta	file	0600	1784155758323625536	342569	da35a52d7507b9c76c10d8b4ac668027840fbb254f90a49b7985d9002c1e7a7d		copy	run-evidence		
tokio-watch/.specula-output/repro/target_cr2_watch_pairing/debug/deps/libquote-1cafac15e4edfc95.rlib		file	0600	1784155758424627562	488620	1842cd8114cebeef7c919937aeaf74658462cba82c4b6c0e0022f6d5e2bf82e7		exclude	non-evidence	compiled-or-generated-file	
tokio-watch/.specula-output/repro/target_cr2_watch_pairing/debug/deps/libquote-1cafac15e4edfc95.rmeta	tokio-watch/.specula-output/repro/target_cr2_watch_pairing/debug/deps/libquote-1cafac15e4edfc95.rmeta	file	0600	1784155758400627080	269599	4c03f2daeef9ea08d415b82e0c1ec098d7b8fdc051e6e2926d60dc25bfe1aaa8		copy	run-evidence		
tokio-watch/.specula-output/repro/target_cr2_watch_pairing/debug/deps/libquote-8def93e76e55a30d.rlib		file	0600	1784155742183300835	488620	791981d0a860a9982b913d00ea373dd844bc20b94ab916b8dd5dbc93a9595164		exclude	non-evidence	compiled-or-generated-file	
tokio-watch/.specula-output/repro/target_cr2_watch_pairing/debug/deps/libquote-8def93e76e55a30d.rmeta	tokio-watch/.specula-output/repro/target_cr2_watch_pairing/debug/deps/libquote-8def93e76e55a30d.rmeta	file	0600	1784155742159300351	269599	6bb95749de8bba1d6e6767896a6dff52f55de091d71e845d4fc20c9b7b6daa03		copy	run-evidence		
tokio-watch/.specula-output/repro/target_cr2_watch_pairing/debug/deps/libsyn-bc03a8f7d4c53865.rlib		file	0600	1784155759590650949	8790662	5e0cfec740b7398ded398fc2f512f10300eec5db56abd2e53a2b7122385dfb94		exclude	non-evidence	compiled-or-generated-file	
tokio-watch/.specula-output/repro/target_cr2_watch_pairing/debug/deps/libsyn-bc03a8f7d4c53865.rmeta	tokio-watch/.specula-output/repro/target_cr2_watch_pairing/debug/deps/libsyn-bc03a8f7d4c53865.rmeta	file	0600	1784155759426647659	2716331	c29c09c47bdc491404d2937c7fa5852650e18556425d4a6a4fc15eaa44cc8e18		copy	run-evidence		
tokio-watch/.specula-output/repro/target_cr2_watch_pairing/debug/deps/libsyn-bec572e649e885c5.rlib		file	0600	1784155743494327285	8790662	b68135781b6510ad94485ac4ea179beef4a468832c831898d393a648660b1d52		exclude	non-evidence	compiled-or-generated-file	
tokio-watch/.specula-output/repro/target_cr2_watch_pairing/debug/deps/libsyn-bec572e649e885c5.rmeta	tokio-watch/.specula-output/repro/target_cr2_watch_pairing/debug/deps/libsyn-bec572e649e885c5.rmeta	file	0600	1784155743325323876	2716331	7d7ccf87305121cd01ab0d07959a7124abd7037c0e9f3c227b089b60553ba4ea		copy	run-evidence		
tokio-watch/.specula-output/repro/target_cr2_watch_pairing/debug/deps/libtokio-416e4e824502e9af.rlib		file	0600	1784155745299363702	15231528	70ef76e87e07d11c8da291a46b2557b48a36a63c791b839f40b594118c24258d		exclude	non-evidence	compiled-or-generated-file	
tokio-watch/.specula-output/repro/target_cr2_watch_pairing/debug/deps/libtokio-416e4e824502e9af.rmeta	tokio-watch/.specula-output/repro/target_cr2_watch_pairing/debug/deps/libtokio-416e4e824502e9af.rmeta	file	0600	1784155744941356479	4003427	f546fd6c05455817c6a677fc213bdffc649a23e9a46ad6ce384db460862e2289		copy	run-evidence		
tokio-watch/.specula-output/repro/target_cr2_watch_pairing/debug/deps/libtokio-e2dc0d49e40f733f.rlib		file	0600	1784155760569670585	15231528	d95a005d8862e862a571df37d89e719e8a61fe983d63e55c959baa54404d17a5		exclude	non-evidence	compiled-or-generated-file	
tokio-watch/.specula-output/repro/target_cr2_watch_pairing/debug/deps/libtokio-e2dc0d49e40f733f.rmeta	tokio-watch/.specula-output/repro/target_cr2_watch_pairing/debug/deps/libtokio-e2dc0d49e40f733f.rmeta	file	0600	1784155760137661920	4003427	85be61969fe7be966bd9e77afaebc33f89dbf614012e1ec9df139a15b8930024		copy	run-evidence		
tokio-watch/.specula-output/repro/target_cr2_watch_pairing/debug/deps/libtokio_macros-26559563c6961c43.so	tokio-watch/.specula-output/repro/target_cr2_watch_pairing/debug/deps/libtokio_macros-26559563c6961c43.so	file	0700	1784155743725331946	8161808	5bf11a88c9915ba610bbe2d5c1c8f190c4af679c462d480460dfc9e34b8a2ff2		copy	run-evidence		
tokio-watch/.specula-output/repro/target_cr2_watch_pairing/debug/deps/libtokio_macros-6dbe7203d284b189.so	tokio-watch/.specula-output/repro/target_cr2_watch_pairing/debug/deps/libtokio_macros-6dbe7203d284b189.so	file	0700	1784155759812655402	8161808	9e4be101af18c41633c12c3633176200e4e86f82c61eb2e9f658b6125dbe5dd2		copy	run-evidence		
tokio-watch/.specula-output/repro/target_cr2_watch_pairing/debug/deps/libtokio_stream-096d662c1964ec6c.rlib		file	0600	1784155745315364025	1245476	493911bc60846d922d240945e95ebb8e500db2cd474ec46f7082730939c8c740		exclude	non-evidence	compiled-or-generated-file	
tokio-watch/.specula-output/repro/target_cr2_watch_pairing/debug/deps/libtokio_stream-096d662c1964ec6c.rmeta	tokio-watch/.specula-output/repro/target_cr2_watch_pairing/debug/deps/libtokio_stream-096d662c1964ec6c.rmeta	file	0600	1784155745289363500	872963	a4d2f6dc7e704046d218102debad350914ca90eccd2e7f60894481a4651e4ca3		copy	run-evidence		
tokio-watch/.specula-output/repro/target_cr2_watch_pairing/debug/deps/libtokio_stream-e487a151a3f2d5a6.rlib		file	0600	1784155760364666473	1245476	6181a48089e2e524017096a086cc5c8960e8cc3789c2ba5e0f2c8a43f0130be6		exclude	non-evidence	compiled-or-generated-file	
tokio-watch/.specula-output/repro/target_cr2_watch_pairing/debug/deps/libtokio_stream-e487a151a3f2d5a6.rmeta	tokio-watch/.specula-output/repro/target_cr2_watch_pairing/debug/deps/libtokio_stream-e487a151a3f2d5a6.rmeta	file	0600	1784155760325665691	872963	d1023f33399fed099c47cbb788cd49fa8ff1dad2afb07f1317e2cce0020f70e2		copy	run-evidence		
tokio-watch/.specula-output/repro/target_cr2_watch_pairing/debug/deps/libtokio_util-0198ec5b4e880eaf.rlib		file	0600	1784155745087359424	773696	7072d9cb6c3a84d31f36773bc3a2f59ad67beb836c8fa5dc728998219c10f4e2		exclude	non-evidence	compiled-or-generated-file	
tokio-watch/.specula-output/repro/target_cr2_watch_pairing/debug/deps/libtokio_util-0198ec5b4e880eaf.rmeta	tokio-watch/.specula-output/repro/target_cr2_watch_pairing/debug/deps/libtokio_util-0198ec5b4e880eaf.rmeta	file	0600	1784155745045358577	297399	ed94e738086256e81e31dfd9d6c1aa58c8fa768d073b2a32c96865ade42ac5de		copy	run-evidence		
tokio-watch/.specula-output/repro/target_cr2_watch_pairing/debug/deps/libtokio_util-2d1ade70cdc67670.rlib		file	0600	1784155760283664849	773696	6b737b3d659a5275f5f5fdcce614b71e5ac36d5cc45b7c7f7fbfd86eebb80937		exclude	non-evidence	compiled-or-generated-file	
tokio-watch/.specula-output/repro/target_cr2_watch_pairing/debug/deps/libtokio_util-2d1ade70cdc67670.rmeta	tokio-watch/.specula-output/repro/target_cr2_watch_pairing/debug/deps/libtokio_util-2d1ade70cdc67670.rmeta	file	0600	1784155760241664006	297399	ff638e272d4d8fbebc65328f37aecc300387f986d8ae85c05f3e09b0911661ee		copy	run-evidence		
tokio-watch/.specula-output/repro/target_cr2_watch_pairing/debug/deps/libunicode_ident-2d8fd6bd09a16c69.rlib		file	0600	1784155758016619378	54236	8bcecc09f7b18eaa5a2ffac1f2005ddcc3e4548b272640497cad4379e3720e5c		exclude	non-evidence	compiled-or-generated-file	
tokio-watch/.specula-output/repro/target_cr2_watch_pairing/debug/deps/libunicode_ident-2d8fd6bd09a16c69.rmeta	tokio-watch/.specula-output/repro/target_cr2_watch_pairing/debug/deps/libunicode_ident-2d8fd6bd09a16c69.rmeta	file	0600	1784155758011619278	32959	2d9d67ac6d28fb449c336ebb4378d71cd78d7711229605b6cc6f6f96bf80571a		copy	run-evidence		
tokio-watch/.specula-output/repro/target_cr2_watch_pairing/debug/deps/libunicode_ident-af7f0a76d4392b05.rlib		file	0600	1784155741736291818	54236	de68eb547b37b2e162689a289666228ef73827c87f768f3333f9cdfc856aefbb		exclude	non-evidence	compiled-or-generated-file	
tokio-watch/.specula-output/repro/target_cr2_watch_pairing/debug/deps/libunicode_ident-af7f0a76d4392b05.rmeta	tokio-watch/.specula-output/repro/target_cr2_watch_pairing/debug/deps/libunicode_ident-af7f0a76d4392b05.rmeta	file	0600	1784155741732291737	32959	518b82f711d36434a59ee710847b0a2b84e4eb73d3f95a00c8469f79fb1c7593		copy	run-evidence		
tokio-watch/.specula-output/repro/target_cr2_watch_pairing/debug/deps/pin_project_lite-57a39f0a00563035.d	tokio-watch/.specula-output/repro/target_cr2_watch_pairing/debug/deps/pin_project_lite-57a39f0a00563035.d	file	0600	1784155757995618957	961	4e5534619cebcf751a919bcb770fc0e64f988097c230e1ff8688d77204f7acac		copy	run-evidence		
tokio-watch/.specula-output/repro/target_cr2_watch_pairing/debug/deps/pin_project_lite-d7a7c9f9297e44b9.d	tokio-watch/.specula-output/repro/target_cr2_watch_pairing/debug/deps/pin_project_lite-d7a7c9f9297e44b9.d	file	0600	1784155741717291434	961	89e30cfd6d6600584c8304212adb6a7877566535178e70ebcafcd6e65f7b7551		copy	run-evidence		
tokio-watch/.specula-output/repro/target_cr2_watch_pairing/debug/deps/proc_macro2-2d78e42288489a3b.d	tokio-watch/.specula-output/repro/target_cr2_watch_pairing/debug/deps/proc_macro2-2d78e42288489a3b.d	file	0600	1784155741916295449	5124	9932f20b33f827a518a0aa1a23709a2e1b93d0f66bc9e9b6ba66c49ce005c485		copy	run-evidence		
tokio-watch/.specula-output/repro/target_cr2_watch_pairing/debug/deps/proc_macro2-346a99318dc89abc.d	tokio-watch/.specula-output/repro/target_cr2_watch_pairing/debug/deps/proc_macro2-346a99318dc89abc.d	file	0600	1784155758180622667	5124	c67fe8f1f5acf9d6ee327bec6607d555db63be07d3a556cea3c84baf87a53f63		copy	run-evidence		
tokio-watch/.specula-output/repro/target_cr2_watch_pairing/debug/deps/quote-1cafac15e4edfc95.d	tokio-watch/.specula-output/repro/target_cr2_watch_pairing/debug/deps/quote-1cafac15e4edfc95.d	file	0600	1784155758346625997	3162	f418caca6174b7b879927fdc8b269d671412d8c9b2ff6d745c330d095049ae1c		copy	run-evidence		
tokio-watch/.specula-output/repro/target_cr2_watch_pairing/debug/deps/quote-8def93e76e55a30d.d	tokio-watch/.specula-output/repro/target_cr2_watch_pairing/debug/deps/quote-8def93e76e55a30d.d	file	0600	1784155742103299222	3162	61b7d502f979772ee43042bd33a16850690bc253a22349defa596761feea503b		copy	run-evidence		
tokio-watch/.specula-output/repro/target_cr2_watch_pairing/debug/deps/syn-bc03a8f7d4c53865.d	tokio-watch/.specula-output/repro/target_cr2_watch_pairing/debug/deps/syn-bc03a8f7d4c53865.d	file	0600	1784155758503629146	17956	68cf30264937b83d01b40d5b9d5af4148ae299a3f714ee6481d1616f8a724db5		copy	run-evidence		
tokio-watch/.specula-output/repro/target_cr2_watch_pairing/debug/deps/syn-bec572e649e885c5.d	tokio-watch/.specula-output/repro/target_cr2_watch_pairing/debug/deps/syn-bec572e649e885c5.d	file	0600	1784155742278302752	17956	c3288ec9ed00a29e53bc6d9a2853b80b76a6f78c39841fb580b0f700400089c6		copy	run-evidence		
tokio-watch/.specula-output/repro/target_cr2_watch_pairing/debug/deps/tokio-416e4e824502e9af.d	tokio-watch/.specula-output/repro/target_cr2_watch_pairing/debug/deps/tokio-416e4e824502e9af.d	file	0600	1784155743870334871	91931	3c9426713943795f8de2410643623c23ee727bd05b2c566c2dbc1cc34fcc2f72		copy	run-evidence		
tokio-watch/.specula-output/repro/target_cr2_watch_pairing/debug/deps/tokio-e2dc0d49e40f733f.d	tokio-watch/.specula-output/repro/target_cr2_watch_pairing/debug/deps/tokio-e2dc0d49e40f733f.d	file	0600	1784155759965658470	91931	955f8ab21595a3a7466c5236398ca332c34146c1c0f525c864c2698c8a3e254f		copy	run-evidence		
tokio-watch/.specula-output/repro/target_cr2_watch_pairing/debug/deps/tokio_macros-26559563c6961c43.d	tokio-watch/.specula-output/repro/target_cr2_watch_pairing/debug/deps/tokio_macros-26559563c6961c43.d	file	0600	1784155743536328133	1240	4cbbade0633c47344d2c51fe06088ac0c5517012eaf8cf8eb65f0840f4a7798d		copy	run-evidence		
tokio-watch/.specula-output/repro/target_cr2_watch_pairing/debug/deps/tokio_macros-6dbe7203d284b189.d	tokio-watch/.specula-output/repro/target_cr2_watch_pairing/debug/deps/tokio_macros-6dbe7203d284b189.d	file	0600	1784155759634651831	1240	08a9522b1cec4bf1f147a9b0d9c7e765d67f4ed57fff536719b848f744aa9fa0		copy	run-evidence		
tokio-watch/.specula-output/repro/target_cr2_watch_pairing/debug/deps/tokio_stream-096d662c1964ec6c.d	tokio-watch/.specula-output/repro/target_cr2_watch_pairing/debug/deps/tokio_stream-096d662c1964ec6c.d	file	0600	1784155745086359404	25518	f37c008cb94e4f265165d9be8e6e12e60158446e23a5ab0ee92ab750e92de3f1		copy	run-evidence		
tokio-watch/.specula-output/repro/target_cr2_watch_pairing/debug/deps/tokio_stream-e487a151a3f2d5a6.d	tokio-watch/.specula-output/repro/target_cr2_watch_pairing/debug/deps/tokio_stream-e487a151a3f2d5a6.d	file	0600	1784155760287664929	25518	60f5b531cb4151e4776557a5c2005ed2a9ac01fd6ac0953ad4123747f1704d10		copy	run-evidence		
tokio-watch/.specula-output/repro/target_cr2_watch_pairing/debug/deps/tokio_util-0198ec5b4e880eaf.d	tokio-watch/.specula-output/repro/target_cr2_watch_pairing/debug/deps/tokio_util-0198ec5b4e880eaf.d	file	0600	1784155744967357003	7442	d3c37f8864b74a7b57245483cb686d6dd9397875cba6327c726a10be2a50e22e		copy	run-evidence		
tokio-watch/.specula-output/repro/target_cr2_watch_pairing/debug/deps/tokio_util-2d1ade70cdc67670.d	tokio-watch/.specula-output/repro/target_cr2_watch_pairing/debug/deps/tokio_util-2d1ade70cdc67670.d	file	0600	1784155760163662442	7442	e436fd6f4a41bade128782a89c0509fb4c0d28a33e106debed53d958b57e9ee8		copy	run-evidence		
tokio-watch/.specula-output/repro/target_cr2_watch_pairing/debug/deps/unicode_ident-2d8fd6bd09a16c69.d	tokio-watch/.specula-output/repro/target_cr2_watch_pairing/debug/deps/unicode_ident-2d8fd6bd09a16c69.d	file	0600	1784155757995618957	1345	b4f719d98b9e90abbaa63b8f6ff85141fa24f94153f0c0e5a37e7871c193f6ca		copy	run-evidence		
tokio-watch/.specula-output/repro/target_cr2_watch_pairing/debug/deps/unicode_ident-af7f0a76d4392b05.d	tokio-watch/.specula-output/repro/target_cr2_watch_pairing/debug/deps/unicode_ident-af7f0a76d4392b05.d	file	0600	1784155741719291475	1345	4f5e95255b3e140720cdd1d59284fc5d6121bceef73bd1de79a799545d07115d		copy	run-evidence		
tokio-watch/.specula-output/repro/target_cr2_watch_pairing/debug/examples	tokio-watch/.specula-output/repro/target_cr2_watch_pairing/debug/examples	directory	0700	1784155741699291071				mkdir	run-directory		
tokio-watch/.specula-output/repro/target_cr2_watch_pairing/debug/incremental	tokio-watch/.specula-output/repro/target_cr2_watch_pairing/debug/incremental	directory	0700	1784155745336364448				mkdir	run-directory		
tokio-watch/.specula-output/repro/target_cr2_watch_pairing/debug/incremental/cr2_watch_pairing_repro-3lk6bwg36f75v	tokio-watch/.specula-output/repro/target_cr2_watch_pairing/debug/incremental/cr2_watch_pairing_repro-3lk6bwg36f75v	directory	0700	1784155760727673754				mkdir	run-directory		
tokio-watch/.specula-output/repro/target_cr2_watch_pairing/debug/incremental/cr2_watch_pairing_repro-3lk6bwg36f75v/s-hkfhu18ke0-028k133-eoylc9dbmaib2sqhp05wdbl9z	tokio-watch/.specula-output/repro/target_cr2_watch_pairing/debug/incremental/cr2_watch_pairing_repro-3lk6bwg36f75v/s-hkfhu18ke0-028k133-eoylc9dbmaib2sqhp05wdbl9z	directory	0700	1784155745480367354				mkdir	run-directory		
tokio-watch/.specula-output/repro/target_cr2_watch_pairing/debug/incremental/cr2_watch_pairing_repro-3lk6bwg36f75v/s-hkfhu18ke0-028k133-eoylc9dbmaib2sqhp05wdbl9z/0c0fa15v859xpnploqzuzhc06.o		file	0600	1784155745419366123	3392	b7e2d95e101e58eb1d18d0fbbadc5a1cfbbfa6b5032f1b8d5a8f8a2c27b1405c		exclude	non-evidence	compiled-or-generated-file	
tokio-watch/.specula-output/repro/target_cr2_watch_pairing/debug/incremental/cr2_watch_pairing_repro-3lk6bwg36f75v/s-hkfhu18ke0-028k133-eoylc9dbmaib2sqhp05wdbl9z/0ee869ofm7w4zn65ufnax3yvw.o		file	0600	1784155745422366183	255304	45d7fc8fae93d6761ea8c4205b4a142450ad7049e4e8b0818793d06abb9be30a		exclude	non-evidence	compiled-or-generated-file	
tokio-watch/.specula-output/repro/target_cr2_watch_pairing/debug/incremental/cr2_watch_pairing_repro-3lk6bwg36f75v/s-hkfhu18ke0-028k133-eoylc9dbmaib2sqhp05wdbl9z/0hz958k1gob51qmsum1xmsjfn.o		file	0600	1784155745447366688	11888	c1a3636765515bed7c23083b98b95567e65c2bfab1411222d9a2378532177d79		exclude	non-evidence	compiled-or-generated-file	
tokio-watch/.specula-output/repro/target_cr2_watch_pairing/debug/incremental/cr2_watch_pairing_repro-3lk6bwg36f75v/s-hkfhu18ke0-028k133-eoylc9dbmaib2sqhp05wdbl9z/0o2ed571ejrkdhp91ip6dwyrr.o		file	0600	1784155745425366244	4016	c75d117db51498c2e8a452674163b9dad65c247eb469896caf9e47bc77c796ea		exclude	non-evidence	compiled-or-generated-file	
tokio-watch/.specula-output/repro/target_cr2_watch_pairing/debug/incremental/cr2_watch_pairing_repro-3lk6bwg36f75v/s-hkfhu18ke0-028k133-eoylc9dbmaib2sqhp05wdbl9z/0z118i5hx5moa9iqi6hrcg1i3.o		file	0600	1784155745438366506	9808	9c5c84420ab9cb4f412395c3bc018ac18842fb412d3878609a68ae97b82d08e3		exclude	non-evidence	compiled-or-generated-file	
tokio-watch/.specula-output/repro/target_cr2_watch_pairing/debug/incremental/cr2_watch_pairing_repro-3lk6bwg36f75v/s-hkfhu18ke0-028k133-eoylc9dbmaib2sqhp05wdbl9z/13q673498b7iqrm7vc70im55g.o		file	0600	1784155745425366244	6408	f7bdc9ec762cbaf55fe5e11fb78402ce04f015d7aafc4ab829793865aad91741		exclude	non-evidence	compiled-or-generated-file	
tokio-watch/.specula-output/repro/target_cr2_watch_pairing/debug/incremental/cr2_watch_pairing_repro-3lk6bwg36f75v/s-hkfhu18ke0-028k133-eoylc9dbmaib2sqhp05wdbl9z/15rpg2210vcaioq4z2bbky1g2.o		file	0600	1784155745458366910	56992	cd4f1ced441c43db88fc94a0a3dca30d365a3b44a32038803bd7e7dc35af4912		exclude	non-evidence	compiled-or-generated-file	
tokio-watch/.specula-output/repro/target_cr2_watch_pairing/debug/incremental/cr2_watch_pairing_repro-3lk6bwg36f75v/s-hkfhu18ke0-028k133-eoylc9dbmaib2sqhp05wdbl9z/1eboxl2o0zmyhxr913bw5s7pm.o		file	0600	1784155745427366284	16504	f9a69065b2b45d44f9066dfe03520005d7d15af80f854aba4e86cf95f6bbdb0b		exclude	non-evidence	compiled-or-generated-file	
tokio-watch/.specula-output/repro/target_cr2_watch_pairing/debug/incremental/cr2_watch_pairing_repro-3lk6bwg36f75v/s-hkfhu18ke0-028k133-eoylc9dbmaib2sqhp05wdbl9z/1hnmdngom1tbxdgs16xo9aaj9.o		file	0600	1784155745452366788	91840	ddf36e4d57885ab987e46f451458982ed857d855ecc7a059f135c6af729da74d		exclude	non-evidence	compiled-or-generated-file	
tokio-watch/.specula-output/repro/target_cr2_watch_pairing/debug/incremental/cr2_watch_pairing_repro-3lk6bwg36f75v/s-hkfhu18ke0-028k133-eoylc9dbmaib2sqhp05wdbl9z/1igmnez7xya1jtf7u41yeiupb.o		file	0600	1784155745461366970	14352	b81a5dc80fde387867a39de64205c7eff2b071e49f245c29006a86b03957de02		exclude	non-evidence	compiled-or-generated-file	
tokio-watch/.specula-output/repro/target_cr2_watch_pairing/debug/incremental/cr2_watch_pairing_repro-3lk6bwg36f75v/s-hkfhu18ke0-028k133-eoylc9dbmaib2sqhp05wdbl9z/1iu4gjmgxk04wusve2kolfup3.o		file	0600	1784155745469367132	91448	85b3fad110f56060a6816c36d3eed39b0ff9135c7abfda2c426f525d16173ed9		exclude	non-evidence	compiled-or-generated-file	
tokio-watch/.specula-output/repro/target_cr2_watch_pairing/debug/incremental/cr2_watch_pairing_repro-3lk6bwg36f75v/s-hkfhu18ke0-028k133-eoylc9dbmaib2sqhp05wdbl9z/1wuzitrxtvqdembfgqjv33bcq.o		file	0600	1784155745436366466	6264	4068dfdae7d911f660a4f3c24897621efbb119237f6baf8ba1cec435b4ca4724		exclude	non-evidence	compiled-or-generated-file	
tokio-watch/.specula-output/repro/target_cr2_watch_pairing/debug/incremental/cr2_watch_pairing_repro-3lk6bwg36f75v/s-hkfhu18ke0-028k133-eoylc9dbmaib2sqhp05wdbl9z/1yba9ufrm23oacvihk11ssdp0.o		file	0600	1784155745421366163	195824	d0c724bf7b3ed6344c9a18c06e18ebfade93fa53ea176ddb9aeb7059209307fa		exclude	non-evidence	compiled-or-generated-file	
tokio-watch/.specula-output/repro/target_cr2_watch_pairing/debug/incremental/cr2_watch_pairing_repro-3lk6bwg36f75v/s-hkfhu18ke0-028k133-eoylc9dbmaib2sqhp05wdbl9z/1zmdny4bc1wwf14o0c21s79sk.o		file	0600	1784155745456366869	28304	fa0ac5bd8533e928571648d7cbbeaaf566257a202c6f28514204cd8b1a3478d6		exclude	non-evidence	compiled-or-generated-file	
tokio-watch/.specula-output/repro/target_cr2_watch_pairing/debug/incremental/cr2_watch_pairing_repro-3lk6bwg36f75v/s-hkfhu18ke0-028k133-eoylc9dbmaib2sqhp05wdbl9z/202po8d6ti394bzdmywzt9f9r.o		file	0600	1784155745448366708	10856	a9f3716d114924076bf4b5f6532cd9e85ca5e78a9fc27835bff8ceb7c1fc63a4		exclude	non-evidence	compiled-or-generated-file	
tokio-watch/.specula-output/repro/target_cr2_watch_pairing/debug/incremental/cr2_watch_pairing_repro-3lk6bwg36f75v/s-hkfhu18ke0-028k133-eoylc9dbmaib2sqhp05wdbl9z/242kjhvjbqvay1k8y0783240o.o		file	0600	1784155745423366203	17120	ef5abbbc4d1e8aeaee6cfdc9a793a59ed6e32495b38808aeab6d991a3d1348ae		exclude	non-evidence	compiled-or-generated-file	
tokio-watch/.specula-output/repro/target_cr2_watch_pairing/debug/incremental/cr2_watch_pairing_repro-3lk6bwg36f75v/s-hkfhu18ke0-028k133-eoylc9dbmaib2sqhp05wdbl9z/24smoht8dyhamjhjhzotmmhx8.o		file	0600	1784155745435366445	6336	268483e09aed133f72843c1876df21b7c8cca97b3f8bbe8e098a07b5f9970f80		exclude	non-evidence	compiled-or-generated-file	
tokio-watch/.specula-output/repro/target_cr2_watch_pairing/debug/incremental/cr2_watch_pairing_repro-3lk6bwg36f75v/s-hkfhu18ke0-028k133-eoylc9dbmaib2sqhp05wdbl9z/2iy9s5rzqznn990hf6pxtj0u3.o		file	0600	1784155745421366163	153608	680b8eac660febe362e26911323e8280ced987eda832adc083d7df8e7c7bb6b9		exclude	non-evidence	compiled-or-generated-file	
tokio-watch/.specula-output/repro/target_cr2_watch_pairing/debug/incremental/cr2_watch_pairing_repro-3lk6bwg36f75v/s-hkfhu18ke0-028k133-eoylc9dbmaib2sqhp05wdbl9z/30s3du828jh2b2px7nhf2m03q.o		file	0600	1784155745444366627	55664	cf1dbd717e902bda555437b008c49f6d7f0630d4dfd287085b75e7d47b625a9b		exclude	non-evidence	compiled-or-generated-file	
tokio-watch/.specula-output/repro/target_cr2_watch_pairing/debug/incremental/cr2_watch_pairing_repro-3lk6bwg36f75v/s-hkfhu18ke0-028k133-eoylc9dbmaib2sqhp05wdbl9z/36oi81k47zdn1sxguwuykjjey.o		file	0600	1784155745455366849	9016	298e6b2164a20f9f3973415ebf1a186c01ded2d0a1dfb590f4fc6c07bc3daf30		exclude	non-evidence	compiled-or-generated-file	
tokio-watch/.specula-output/repro/target_cr2_watch_pairing/debug/incremental/cr2_watch_pairing_repro-3lk6bwg36f75v/s-hkfhu18ke0-028k133-eoylc9dbmaib2sqhp05wdbl9z/37qxnlondktdoni13aenf0i75.o		file	0600	1784155745438366506	25984	484d379a53103733b9ee79c9d739760e4ed19e8a9f4bf741622fefe0d109e8c9		exclude	non-evidence	compiled-or-generated-file	
tokio-watch/.specula-output/repro/target_cr2_watch_pairing/debug/incremental/cr2_watch_pairing_repro-3lk6bwg36f75v/s-hkfhu18ke0-028k133-eoylc9dbmaib2sqhp05wdbl9z/38lze17n5cqrbq6otkq4t3v6f.o		file	0600	1784155745455366849	8848	f80b9f755afb833f9b60e743f1f646432422edb9028d1e0d2f440e200ab12cc0		exclude	non-evidence	compiled-or-generated-file	
tokio-watch/.specula-output/repro/target_cr2_watch_pairing/debug/incremental/cr2_watch_pairing_repro-3lk6bwg36f75v/s-hkfhu18ke0-028k133-eoylc9dbmaib2sqhp05wdbl9z/3c53dexfmifqsth65hwoh7i7t.o		file	0600	1784155745417366082	24520	591656ce436c02d6b0577b9aa14256de597b62e8d5b77c0ac35148683bccb519		exclude	non-evidence	compiled-or-generated-file	
tokio-watch/.specula-output/repro/target_cr2_watch_pairing/debug/incremental/cr2_watch_pairing_repro-3lk6bwg36f75v/s-hkfhu18ke0-028k133-eoylc9dbmaib2sqhp05wdbl9z/3jzhvxpq7pwk2j6zkzp9pv0lt.o		file	0600	1784155745461366970	79000	f0c4600030749e44cbe5968c348a6a93e3550e230e7a6145c6f101fa7099f06c		exclude	non-evidence	compiled-or-generated-file	
tokio-watch/.specula-output/repro/target_cr2_watch_pairing/debug/incremental/cr2_watch_pairing_repro-3lk6bwg36f75v/s-hkfhu18ke0-028k133-eoylc9dbmaib2sqhp05wdbl9z/3qnnuhg4whzodmrdvcwrqlamz.o		file	0600	1784155745428366304	102784	3b2d0cb1391725832dc3a1a31e3562e0e467638102101829ba857801b508f0d3		exclude	non-evidence	compiled-or-generated-file	
tokio-watch/.specula-output/repro/target_cr2_watch_pairing/debug/incremental/cr2_watch_pairing_repro-3lk6bwg36f75v/s-hkfhu18ke0-028k133-eoylc9dbmaib2sqhp05wdbl9z/3s2keow4xx5q3zc14pmox19qx.o		file	0600	1784155745465367051	8512	28cbef179e9f2b2aa6f13c620cdf096e2a6436c44b1d0f79cbdeaf329d976047		exclude	non-evidence	compiled-or-generated-file	
tokio-watch/.specula-output/repro/target_cr2_watch_pairing/debug/incremental/cr2_watch_pairing_repro-3lk6bwg36f75v/s-hkfhu18ke0-028k133-eoylc9dbmaib2sqhp05wdbl9z/45atgtfpejp8xmv37bje6yh7v.o		file	0600	1784155745460366950	21552	466798c647b204d6dbb58f0de8649ce27c742ccc05582b3ce2257c4661f21c0b		exclude	non-evidence	compiled-or-generated-file	
tokio-watch/.specula-output/repro/target_cr2_watch_pairing/debug/incremental/cr2_watch_pairing_repro-3lk6bwg36f75v/s-hkfhu18ke0-028k133-eoylc9dbmaib2sqhp05wdbl9z/45r4c4zurl33dwcrurymzdhwb.o		file	0600	1784155745463367010	22088	28c62af782e107df203424183faebafbe286485cdb4ba50dc0f31faf37221b89		exclude	non-evidence	compiled-or-generated-file	
tokio-watch/.specula-output/repro/target_cr2_watch_pairing/debug/incremental/cr2_watch_pairing_repro-3lk6bwg36f75v/s-hkfhu18ke0-028k133-eoylc9dbmaib2sqhp05wdbl9z/4yrdv1un65osvvrswd4njzl69.o		file	0600	1784155745408365901	2856	535cd0b1cd48024e46684ee2ca5f0856ffdf5a5489194f4e199d7e2f5e8cbb00		exclude	non-evidence	compiled-or-generated-file	
tokio-watch/.specula-output/repro/target_cr2_watch_pairing/debug/incremental/cr2_watch_pairing_repro-3lk6bwg36f75v/s-hkfhu18ke0-028k133-eoylc9dbmaib2sqhp05wdbl9z/5fwtjezt5fluunljhd4khl52a.o		file	0600	1784155745469367132	67856	a72a0f1f1ec30a610c63664643ec3bf8f4d9d03864086db1a1fcbb206db2df85		exclude	non-evidence	compiled-or-generated-file	
tokio-watch/.specula-output/repro/target_cr2_watch_pairing/debug/incremental/cr2_watch_pairing_repro-3lk6bwg36f75v/s-hkfhu18ke0-028k133-eoylc9dbmaib2sqhp05wdbl9z/5guca4lp4mw7x5mfvdbo85acv.o		file	0600	1784155745456366869	94824	6894098d6845c6d19bdad0da159293d2f273cf3dfc93607c887ff96d12fd47b3		exclude	non-evidence	compiled-or-generated-file	
tokio-watch/.specula-output/repro/target_cr2_watch_pairing/debug/incremental/cr2_watch_pairing_repro-3lk6bwg36f75v/s-hkfhu18ke0-028k133-eoylc9dbmaib2sqhp05wdbl9z/5m9vu3hsplmkyt52af7kzwjrh.o		file	0600	1784155745447366688	10288	b25642bb22a114cb11c475df01d11be79f1873ecf46e7ef73a5dde9d878bc7d5		exclude	non-evidence	compiled-or-generated-file	
tokio-watch/.specula-output/repro/target_cr2_watch_pairing/debug/incremental/cr2_watch_pairing_repro-3lk6bwg36f75v/s-hkfhu18ke0-028k133-eoylc9dbmaib2sqhp05wdbl9z/5nbh1mtpn8jb4cdj0o4x8gleb.o		file	0600	1784155745438366506	102632	278090b3d52fd207ff66f581197e2f505b3e9972da3cb2b17c1a4df0b852fd3e		exclude	non-evidence	compiled-or-generated-file	
tokio-watch/.specula-output/repro/target_cr2_watch_pairing/debug/incremental/cr2_watch_pairing_repro-3lk6bwg36f75v/s-hkfhu18ke0-028k133-eoylc9dbmaib2sqhp05wdbl9z/5sy0egfsnml9aihuco57mq8en.o		file	0600	1784155745431366365	6392	23b77eec74269f08522e4745610cf6a58b5f26d0c7cf85b4c1883269564f7146		exclude	non-evidence	compiled-or-generated-file	
tokio-watch/.specula-output/repro/target_cr2_watch_pairing/debug/incremental/cr2_watch_pairing_repro-3lk6bwg36f75v/s-hkfhu18ke0-028k133-eoylc9dbmaib2sqhp05wdbl9z/5vs67gbnrxhqcpyjhtp6144ww.o		file	0600	1784155745474367232	85656	02bb9ef12fe652bcf7e989f2fc609857aa728431af5899442f51a8b0f88129e2		exclude	non-evidence	compiled-or-generated-file	
tokio-watch/.specula-output/repro/target_cr2_watch_pairing/debug/incremental/cr2_watch_pairing_repro-3lk6bwg36f75v/s-hkfhu18ke0-028k133-eoylc9dbmaib2sqhp05wdbl9z/61eyshygq2ck4pebku3i7xw92.o		file	0600	1784155745463367010	7352	43b3ff86e86835a96bec81f4e17a00c3f305a3e90829c043ac426c387746d29b		exclude	non-evidence	compiled-or-generated-file	
tokio-watch/.specula-output/repro/target_cr2_watch_pairing/debug/incremental/cr2_watch_pairing_repro-3lk6bwg36f75v/s-hkfhu18ke0-028k133-eoylc9dbmaib2sqhp05wdbl9z/68cuatm6vi8c42938lsm7828n.o		file	0600	1784155745443366607	19616	dae41dd3f172afb2aeb572b897316423f15ee621178485b0f38020f38afa4ca4		exclude	non-evidence	compiled-or-generated-file	
tokio-watch/.specula-output/repro/target_cr2_watch_pairing/debug/incremental/cr2_watch_pairing_repro-3lk6bwg36f75v/s-hkfhu18ke0-028k133-eoylc9dbmaib2sqhp05wdbl9z/6mb1psr9yepr57r15c9zei72c.o		file	0600	1784155745413366002	10112	75ddeb86baca198421e708ae7672d365b8a95815971155602cf401d869628fc2		exclude	non-evidence	compiled-or-generated-file	
tokio-watch/.specula-output/repro/target_cr2_watch_pairing/debug/incremental/cr2_watch_pairing_repro-3lk6bwg36f75v/s-hkfhu18ke0-028k133-eoylc9dbmaib2sqhp05wdbl9z/6y35xd3s0c3eaeucya4bnkqew.o		file	0600	1784155745455366849	113480	6d67f74ef183f53b84092b0068ae9f68e933bef31b75c99253a925866060c983		exclude	non-evidence	compiled-or-generated-file	
tokio-watch/.specula-output/repro/target_cr2_watch_pairing/debug/incremental/cr2_watch_pairing_repro-3lk6bwg36f75v/s-hkfhu18ke0-028k133-eoylc9dbmaib2sqhp05wdbl9z/73vy639rapx6ykka66gbrkxmn.o		file	0600	1784155745471367172	5184	69f5f6551f64ac6270d0f2480d45f91a2d744f17bc609ad2466927fcdb388147		exclude	non-evidence	compiled-or-generated-file	
tokio-watch/.specula-output/repro/target_cr2_watch_pairing/debug/incremental/cr2_watch_pairing_repro-3lk6bwg36f75v/s-hkfhu18ke0-028k133-eoylc9dbmaib2sqhp05wdbl9z/742zxnis287ztw9g7c526adiv.o		file	0600	1784155745465367051	6688	f92b036e6c80838ff7ff624d05a189a4ea9ca434a22c45a5cdcd7f45bca97ca5		exclude	non-evidence	compiled-or-generated-file	
tokio-watch/.specula-output/repro/target_cr2_watch_pairing/debug/incremental/cr2_watch_pairing_repro-3lk6bwg36f75v/s-hkfhu18ke0-028k133-eoylc9dbmaib2sqhp05wdbl9z/7b2nlrmsl1gr0zz8ezmr18m38.o		file	0600	1784155745432366385	154032	035aae86e440c51648c871607840b0a542f7834363e3c2cc640c3765c3d35790		exclude	non-evidence	compiled-or-generated-file	
tokio-watch/.specula-output/repro/target_cr2_watch_pairing/debug/incremental/cr2_watch_pairing_repro-3lk6bwg36f75v/s-hkfhu18ke0-028k133-eoylc9dbmaib2sqhp05wdbl9z/7g244c3yjylkiwh51kdolcq9g.o		file	0600	1784155745446366667	7240	743ed1fb4c7a1a71378c1958273317feeac49d1c8f79c3dec6686671497a0aff		exclude	non-evidence	compiled-or-generated-file	
tokio-watch/.specula-output/repro/target_cr2_watch_pairing/debug/incremental/cr2_watch_pairing_repro-3lk6bwg36f75v/s-hkfhu18ke0-028k133-eoylc9dbmaib2sqhp05wdbl9z/7g327zdi73306oxqytnqq519m.o		file	0600	1784155745434366425	104720	845bf38cc64d12e0e378dbc70e3526775e2cb9a8620e36ded6c3ff87a4ef1d69		exclude	non-evidence	compiled-or-generated-file	
tokio-watch/.specula-output/repro/target_cr2_watch_pairing/debug/incremental/cr2_watch_pairing_repro-3lk6bwg36f75v/s-hkfhu18ke0-028k133-eoylc9dbmaib2sqhp05wdbl9z/7hy3hd7j42v75grbbprsim40l.o		file	0600	1784155745463367010	83584	750dc3b25413b0de6955ae9af1b4276e867bbde4f21426bca6a6d26207461c8e		exclude	non-evidence	compiled-or-generated-file	
tokio-watch/.specula-output/repro/target_cr2_watch_pairing/debug/incremental/cr2_watch_pairing_repro-3lk6bwg36f75v/s-hkfhu18ke0-028k133-eoylc9dbmaib2sqhp05wdbl9z/7nciqpbzjtrbt1t5crq104pw7.o		file	0600	1784155745442366587	4672	725229ba18fb03a138a7b1ce18d60badbbc0a19e48535f0972b0b36418d89985		exclude	non-evidence	compiled-or-generated-file	
tokio-watch/.specula-output/repro/target_cr2_watch_pairing/debug/incremental/cr2_watch_pairing_repro-3lk6bwg36f75v/s-hkfhu18ke0-028k133-eoylc9dbmaib2sqhp05wdbl9z/7ny36sbdx0vm48l819wpgfycm.o		file	0600	1784155745442366587	20096	479e9e5e68fb4ce01ebe560c6cf0ced3a1c3928ace444f034b3829444e8986a1		exclude	non-evidence	compiled-or-generated-file	
tokio-watch/.specula-output/repro/target_cr2_watch_pairing/debug/incremental/cr2_watch_pairing_repro-3lk6bwg36f75v/s-hkfhu18ke0-028k133-eoylc9dbmaib2sqhp05wdbl9z/84xuo0a72pzafhhfwtkwv92ql.o		file	0600	1784155745441366567	8128	4eba5ae52e40f33b04b3e215a301c6a58da99e1d135b52125f477fee60bc0dc4		exclude	non-evidence	compiled-or-generated-file	
tokio-watch/.specula-output/repro/target_cr2_watch_pairing/debug/incremental/cr2_watch_pairing_repro-3lk6bwg36f75v/s-hkfhu18ke0-028k133-eoylc9dbmaib2sqhp05wdbl9z/8gb1odm089r1oeljsws35azrk.o		file	0600	1784155745452366788	6456	e1d5557f8c35c76644bb5624aa1846fc5e19383d77f25d7001dffb16e18c672d		exclude	non-evidence	compiled-or-generated-file	
tokio-watch/.specula-output/repro/target_cr2_watch_pairing/debug/incremental/cr2_watch_pairing_repro-3lk6bwg36f75v/s-hkfhu18ke0-028k133-eoylc9dbmaib2sqhp05wdbl9z/8hiis6wa4vmecqek8ac1pwhfs.o		file	0600	1784155745431366365	70016	c2bf8d7e9d2980a6c5485994c95180b8bba3d28ff28e91447c7ed7dd6852541a		exclude	non-evidence	compiled-or-generated-file	
tokio-watch/.specula-output/repro/target_cr2_watch_pairing/debug/incremental/cr2_watch_pairing_repro-3lk6bwg36f75v/s-hkfhu18ke0-028k133-eoylc9dbmaib2sqhp05wdbl9z/8jgiaoj6zzcv4bprzq814liu5.o		file	0600	1784155745443366607	106040	274e7645feb03580a682b8e5248c1103fd4dc3315811f4cc500db38de3fea50a		exclude	non-evidence	compiled-or-generated-file	
tokio-watch/.specula-output/repro/target_cr2_watch_pairing/debug/incremental/cr2_watch_pairing_repro-3lk6bwg36f75v/s-hkfhu18ke0-028k133-eoylc9dbmaib2sqhp05wdbl9z/8oufb4iffq8f3vc7xnavuhurg.o		file	0600	1784155745473367212	7280	d1a5803e64a114f6a15e10014224d2fddd0e7f86d466e7c83a4fb554fc04e5e4		exclude	non-evidence	compiled-or-generated-file	
tokio-watch/.specula-output/repro/target_cr2_watch_pairing/debug/incremental/cr2_watch_pairing_repro-3lk6bwg36f75v/s-hkfhu18ke0-028k133-eoylc9dbmaib2sqhp05wdbl9z/9fahksuqrw12pjt08js40y1on.o		file	0600	1784155745457366889	8648	5613a231385afd2de21678fae7afc0318630ffcc2534a1dec96b2665153896f8		exclude	non-evidence	compiled-or-generated-file	
tokio-watch/.specula-output/repro/target_cr2_watch_pairing/debug/incremental/cr2_watch_pairing_repro-3lk6bwg36f75v/s-hkfhu18ke0-028k133-eoylc9dbmaib2sqhp05wdbl9z/9g6df55ul9uua1cyrugzffp2u.o		file	0600	1784155745430366345	3856	9341864bb6261d89c785226e27a5efa8140f21d9abb16d4eb486ea38edb23706		exclude	non-evidence	compiled-or-generated-file	
tokio-watch/.specula-output/repro/target_cr2_watch_pairing/debug/incremental/cr2_watch_pairing_repro-3lk6bwg36f75v/s-hkfhu18ke0-028k133-eoylc9dbmaib2sqhp05wdbl9z/a0i4kelgq0vtzt0qsbr1pa8j3.o		file	0600	1784155745472367192	81368	b2df992aa44b1d39e6995b6c9b6f0fcfcbe574cb6a78d9b4c7d49a4a58b16fef		exclude	non-evidence	compiled-or-generated-file	
tokio-watch/.specula-output/repro/target_cr2_watch_pairing/debug/incremental/cr2_watch_pairing_repro-3lk6bwg36f75v/s-hkfhu18ke0-028k133-eoylc9dbmaib2sqhp05wdbl9z/abbxi2q8qofb0uzbnhpj3df1c.o		file	0600	1784155745475367253	12848	302e9c564daca089ead91d3939610d3dd401241008c2ba59c58a6118b356110b		exclude	non-evidence	compiled-or-generated-file	
tokio-watch/.specula-output/repro/target_cr2_watch_pairing/debug/incremental/cr2_watch_pairing_repro-3lk6bwg36f75v/s-hkfhu18ke0-028k133-eoylc9dbmaib2sqhp05wdbl9z/aehhkv15wfwt26iylnljo8smf.o		file	0600	1784155745465367051	6256	c4d23b1a5f0466c2c7407e434743294f9a6758731bc785a2001e4243c1a508cf		exclude	non-evidence	compiled-or-generated-file	
tokio-watch/.specula-output/repro/target_cr2_watch_pairing/debug/incremental/cr2_watch_pairing_repro-3lk6bwg36f75v/s-hkfhu18ke0-028k133-eoylc9dbmaib2sqhp05wdbl9z/aqxy2nag2tf45nv5eknbs7vqq.o		file	0600	1784155745464367031	7216	87375c3841f46715a0f369a74c3eae380d14a0fd0d62c9961bd3e10f0af2e66e		exclude	non-evidence	compiled-or-generated-file	
tokio-watch/.specula-output/repro/target_cr2_watch_pairing/debug/incremental/cr2_watch_pairing_repro-3lk6bwg36f75v/s-hkfhu18ke0-028k133-eoylc9dbmaib2sqhp05wdbl9z/atg552lfm1llme7qwkg0prmfv.o		file	0600	1784155745474367232	8744	c146b4270113a206c3a6b61c152cf27bac917c99e9a63723d486c865c0a77adc		exclude	non-evidence	compiled-or-generated-file	
tokio-watch/.specula-output/repro/target_cr2_watch_pairing/debug/incremental/cr2_watch_pairing_repro-3lk6bwg36f75v/s-hkfhu18ke0-028k133-eoylc9dbmaib2sqhp05wdbl9z/b4kpgwsygkifwygwb2xm4c1zi.o		file	0600	1784155745474367232	4368	d0855fe6c13146001dee53c5f183511a475cb224067ec0899e430d156949db2a		exclude	non-evidence	compiled-or-generated-file	
tokio-watch/.specula-output/repro/target_cr2_watch_pairing/debug/incremental/cr2_watch_pairing_repro-3lk6bwg36f75v/s-hkfhu18ke0-028k133-eoylc9dbmaib2sqhp05wdbl9z/b759a569drpg45l3wyk34pa6z.o		file	0600	1784155745451366768	9048	99ab9cc7984b41a05de4b98bf76aea4d71e2e1ea6adf5fbef465f379bddfba4e		exclude	non-evidence	compiled-or-generated-file	
tokio-watch/.specula-output/repro/target_cr2_watch_pairing/debug/incremental/cr2_watch_pairing_repro-3lk6bwg36f75v/s-hkfhu18ke0-028k133-eoylc9dbmaib2sqhp05wdbl9z/bjl2jwkz2haggj7rcjty3g87o.o		file	0600	1784155745477367293	89056	1d5e76bae1a851fa09f39a9645d4c06d85113b0fd08dcb827fc2b9ddffbb5d81		exclude	non-evidence	compiled-or-generated-file	
tokio-watch/.specula-output/repro/target_cr2_watch_pairing/debug/incremental/cr2_watch_pairing_repro-3lk6bwg36f75v/s-hkfhu18ke0-028k133-eoylc9dbmaib2sqhp05wdbl9z/bygaz4m2srltwglvpyrm09cx8.o		file	0600	1784155745428366304	3520	11364bb6e78db508f909606a18c9a88bfbd3e9b4814315ce63cc467d4f99157e		exclude	non-evidence	compiled-or-generated-file	
tokio-watch/.specula-output/repro/target_cr2_watch_pairing/debug/incremental/cr2_watch_pairing_repro-3lk6bwg36f75v/s-hkfhu18ke0-028k133-eoylc9dbmaib2sqhp05wdbl9z/bynxcgdmsw5mxcoels6s9h7gz.o		file	0600	1784155745433366405	37504	c62bb6e0d84f798262c129bd900c2f4f5871e6e74dfd7fae0862604df381cdfc		exclude	non-evidence	compiled-or-generated-file	
tokio-watch/.specula-output/repro/target_cr2_watch_pairing/debug/incremental/cr2_watch_pairing_repro-3lk6bwg36f75v/s-hkfhu18ke0-028k133-eoylc9dbmaib2sqhp05wdbl9z/c4djh3x2biw7scg4ffpde1nev.o		file	0600	1784155745469367132	9624	33dc882a976a6328a22edb4cabee6d9a0f6fc76df7819c3a4212ac5f6e4286a6		exclude	non-evidence	compiled-or-generated-file	
tokio-watch/.specula-output/repro/target_cr2_watch_pairing/debug/incremental/cr2_watch_pairing_repro-3lk6bwg36f75v/s-hkfhu18ke0-028k133-eoylc9dbmaib2sqhp05wdbl9z/cda0vaalhazv41fe3gtumf5wa.o		file	0600	1784155745465367051	4792	5f35135b062f6896646ac6ebe02f37994b486d0e997fbcfb48c141c547a62336		exclude	non-evidence	compiled-or-generated-file	
tokio-watch/.specula-output/repro/target_cr2_watch_pairing/debug/incremental/cr2_watch_pairing_repro-3lk6bwg36f75v/s-hkfhu18ke0-028k133-eoylc9dbmaib2sqhp05wdbl9z/d6fi190xmnf1tl6i5dwmp6euu.o		file	0600	1784155745448366708	4264	8d165fa127686955613ac3d997a045e05fbfbb61141b43f0b7c09ce5388e6dd5		exclude	non-evidence	compiled-or-generated-file	
tokio-watch/.specula-output/repro/target_cr2_watch_pairing/debug/incremental/cr2_watch_pairing_repro-3lk6bwg36f75v/s-hkfhu18ke0-028k133-eoylc9dbmaib2sqhp05wdbl9z/d8nvwj8b8yn5loy70pkp4hujd.o		file	0600	1784155745464367031	7520	525ef83ac14afd4fc38af29ccfb4bb9649a29676a7ebc8f893786d2912928d88		exclude	non-evidence	compiled-or-generated-file	
tokio-watch/.specula-output/repro/target_cr2_watch_pairing/debug/incremental/cr2_watch_pairing_repro-3lk6bwg36f75v/s-hkfhu18ke0-028k133-eoylc9dbmaib2sqhp05wdbl9z/ddz7pg6ziikqarv93u5z7pyll.o		file	0600	1784155745448366708	102408	f93dd992f1e6b5d0e72439d9df7c0bb3daa77b0c3c11c9cd9eab7d7b40bd1b43		exclude	non-evidence	compiled-or-generated-file	
tokio-watch/.specula-output/repro/target_cr2_watch_pairing/debug/incremental/cr2_watch_pairing_repro-3lk6bwg36f75v/s-hkfhu18ke0-028k133-eoylc9dbmaib2sqhp05wdbl9z/dep-graph.bin	tokio-watch/.specula-output/repro/target_cr2_watch_pairing/debug/incremental/cr2_watch_pairing_repro-3lk6bwg36f75v/s-hkfhu18ke0-028k133-eoylc9dbmaib2sqhp05wdbl9z/dep-graph.bin	file	0600	1784155745477367293	1866798	0d1d582c2d29b6dfd3c2df52e2f3c282d496cea3f9d1f4c08c77a8f91fc521a2		copy	run-evidence		
tokio-watch/.specula-output/repro/target_cr2_watch_pairing/debug/incremental/cr2_watch_pairing_repro-3lk6bwg36f75v/s-hkfhu18ke0-028k133-eoylc9dbmaib2sqhp05wdbl9z/dvc33u7ycvkeedjfd7odrp2r8.o		file	0600	1784155745432366385	3816	994c9fc3b992fe3e49a505e0042f108395a7df407fb8e442f4c13703a64bd4ad		exclude	non-evidence	compiled-or-generated-file	
tokio-watch/.specula-output/repro/target_cr2_watch_pairing/debug/incremental/cr2_watch_pairing_repro-3lk6bwg36f75v/s-hkfhu18ke0-028k133-eoylc9dbmaib2sqhp05wdbl9z/e0xt34svuv2jx971pifxo339l.o		file	0600	1784155745438366506	40872	7e132542b4bbfab3239d2a6dc5adb223bcc5c568199962669badeee9052c355b		exclude	non-evidence	compiled-or-generated-file	
tokio-watch/.specula-output/repro/target_cr2_watch_pairing/debug/incremental/cr2_watch_pairing_repro-3lk6bwg36f75v/s-hkfhu18ke0-028k133-eoylc9dbmaib2sqhp05wdbl9z/eewd72catpoe66gvvafeuak1u.o		file	0600	1784155745432366385	10680	453331892eb7243f8b64faaea67d3c980eb28da8e2c2bcc68bec6aec9d1dc56e		exclude	non-evidence	compiled-or-generated-file	
tokio-watch/.specula-output/repro/target_cr2_watch_pairing/debug/incremental/cr2_watch_pairing_repro-3lk6bwg36f75v/s-hkfhu18ke0-028k133-eoylc9dbmaib2sqhp05wdbl9z/etz2lfm3ipwso8tty9c0st742.o		file	0600	1784155745426366264	37784	1210276cf8d2612a03935b5fcaa43222d722b06f27f00836c901d10c2f60120f		exclude	non-evidence	compiled-or-generated-file	
tokio-watch/.specula-output/repro/target_cr2_watch_pairing/debug/incremental/cr2_watch_pairing_repro-3lk6bwg36f75v/s-hkfhu18ke0-028k133-eoylc9dbmaib2sqhp05wdbl9z/query-cache.bin	tokio-watch/.specula-output/repro/target_cr2_watch_pairing/debug/incremental/cr2_watch_pairing_repro-3lk6bwg36f75v/s-hkfhu18ke0-028k133-eoylc9dbmaib2sqhp05wdbl9z/query-cache.bin	file	0600	1784155745477367293	691108	ec982e800c9b1db9c644527844db59c044d05cdd1312dcfd6bdca016efcd41b7		copy	run-evidence		
tokio-watch/.specula-output/repro/target_cr2_watch_pairing/debug/incremental/cr2_watch_pairing_repro-3lk6bwg36f75v/s-hkfhu18ke0-028k133-eoylc9dbmaib2sqhp05wdbl9z/work-products.bin	tokio-watch/.specula-output/repro/target_cr2_watch_pairing/debug/incremental/cr2_watch_pairing_repro-3lk6bwg36f75v/s-hkfhu18ke0-028k133-eoylc9dbmaib2sqhp05wdbl9z/work-products.bin	file	0600	1784155745480367354	5598	d5e564a1362d5534e6a64d445e33c64b326cfc05cd66c4912a16c14f11668577		copy	run-evidence		
tokio-watch/.specula-output/repro/target_cr2_watch_pairing/debug/incremental/cr2_watch_pairing_repro-3lk6bwg36f75v/s-hkfhu18ke0-028k133.lock	tokio-watch/.specula-output/repro/target_cr2_watch_pairing/debug/incremental/cr2_watch_pairing_repro-3lk6bwg36f75v/s-hkfhu18ke0-028k133.lock	file	0600	1784155745336364448	0	e3b0c44298fc1c149afbf4c8996fb92427ae41e4649b934ca495991b7852b855		copy	run-evidence		
tokio-watch/.specula-output/repro/target_cr2_watch_pairing/debug/incremental/cr2_watch_pairing_repro-3lk6bwg36f75v/s-hkfhuabpsh-0hfo6f9-eoylc9dbmaib2sqhp05wdbl9z	tokio-watch/.specula-output/repro/target_cr2_watch_pairing/debug/incremental/cr2_watch_pairing_repro-3lk6bwg36f75v/s-hkfhuabpsh-0hfo6f9-eoylc9dbmaib2sqhp05wdbl9z	directory	0700	1784155760727673754				mkdir	run-directory		
tokio-watch/.specula-output/repro/target_cr2_watch_pairing/debug/incremental/cr2_watch_pairing_repro-3lk6bwg36f75v/s-hkfhuabpsh-0hfo6f9-eoylc9dbmaib2sqhp05wdbl9z/0c0fa15v859xpnploqzuzhc06.o		file	0600	1784155760653672270	3392	b7e2d95e101e58eb1d18d0fbbadc5a1cfbbfa6b5032f1b8d5a8f8a2c27b1405c		exclude	non-evidence	compiled-or-generated-file	
tokio-watch/.specula-output/repro/target_cr2_watch_pairing/debug/incremental/cr2_watch_pairing_repro-3lk6bwg36f75v/s-hkfhuabpsh-0hfo6f9-eoylc9dbmaib2sqhp05wdbl9z/0ee869ofm7w4zn65ufnax3yvw.o		file	0600	1784155760654672290	255304	45d7fc8fae93d6761ea8c4205b4a142450ad7049e4e8b0818793d06abb9be30a		exclude	non-evidence	compiled-or-generated-file	
tokio-watch/.specula-output/repro/target_cr2_watch_pairing/debug/incremental/cr2_watch_pairing_repro-3lk6bwg36f75v/s-hkfhuabpsh-0hfo6f9-eoylc9dbmaib2sqhp05wdbl9z/0hz958k1gob51qmsum1xmsjfn.o		file	0600	1784155760687672952	11888	c1a3636765515bed7c23083b98b95567e65c2bfab1411222d9a2378532177d79		exclude	non-evidence	compiled-or-generated-file	
tokio-watch/.specula-output/repro/target_cr2_watch_pairing/debug/incremental/cr2_watch_pairing_repro-3lk6bwg36f75v/s-hkfhuabpsh-0hfo6f9-eoylc9dbmaib2sqhp05wdbl9z/0o2ed571ejrkdhp91ip6dwyrr.o		file	0600	1784155760663672471	4016	c75d117db51498c2e8a452674163b9dad65c247eb469896caf9e47bc77c796ea		exclude	non-evidence	compiled-or-generated-file	
tokio-watch/.specula-output/repro/target_cr2_watch_pairing/debug/incremental/cr2_watch_pairing_repro-3lk6bwg36f75v/s-hkfhuabpsh-0hfo6f9-eoylc9dbmaib2sqhp05wdbl9z/0z118i5hx5moa9iqi6hrcg1i3.o		file	0600	1784155760677672751	9808	9c5c84420ab9cb4f412395c3bc018ac18842fb412d3878609a68ae97b82d08e3		exclude	non-evidence	compiled-or-generated-file	
tokio-watch/.specula-output/repro/target_cr2_watch_pairing/debug/incremental/cr2_watch_pairing_repro-3lk6bwg36f75v/s-hkfhuabpsh-0hfo6f9-eoylc9dbmaib2sqhp05wdbl9z/13q673498b7iqrm7vc70im55g.o		file	0600	1784155760661672431	6408	f7bdc9ec762cbaf55fe5e11fb78402ce04f015d7aafc4ab829793865aad91741		exclude	non-evidence	compiled-or-generated-file	
tokio-watch/.specula-output/repro/target_cr2_watch_pairing/debug/incremental/cr2_watch_pairing_repro-3lk6bwg36f75v/s-hkfhuabpsh-0hfo6f9-eoylc9dbmaib2sqhp05wdbl9z/15rpg2210vcaioq4z2bbky1g2.o		file	0600	1784155760699673193	56992	cd4f1ced441c43db88fc94a0a3dca30d365a3b44a32038803bd7e7dc35af4912		exclude	non-evidence	compiled-or-generated-file	
tokio-watch/.specula-output/repro/target_cr2_watch_pairing/debug/incremental/cr2_watch_pairing_repro-3lk6bwg36f75v/s-hkfhuabpsh-0hfo6f9-eoylc9dbmaib2sqhp05wdbl9z/1eboxl2o0zmyhxr913bw5s7pm.o		file	0600	1784155760663672471	16504	f9a69065b2b45d44f9066dfe03520005d7d15af80f854aba4e86cf95f6bbdb0b		exclude	non-evidence	compiled-or-generated-file	
tokio-watch/.specula-output/repro/target_cr2_watch_pairing/debug/incremental/cr2_watch_pairing_repro-3lk6bwg36f75v/s-hkfhuabpsh-0hfo6f9-eoylc9dbmaib2sqhp05wdbl9z/1hnmdngom1tbxdgs16xo9aaj9.o		file	0600	1784155760692673052	91840	ddf36e4d57885ab987e46f451458982ed857d855ecc7a059f135c6af729da74d		exclude	non-evidence	compiled-or-generated-file	
tokio-watch/.specula-output/repro/target_cr2_watch_pairing/debug/incremental/cr2_watch_pairing_repro-3lk6bwg36f75v/s-hkfhuabpsh-0hfo6f9-eoylc9dbmaib2sqhp05wdbl9z/1igmnez7xya1jtf7u41yeiupb.o		file	0600	1784155760702673253	14352	b81a5dc80fde387867a39de64205c7eff2b071e49f245c29006a86b03957de02		exclude	non-evidence	compiled-or-generated-file	
tokio-watch/.specula-output/repro/target_cr2_watch_pairing/debug/incremental/cr2_watch_pairing_repro-3lk6bwg36f75v/s-hkfhuabpsh-0hfo6f9-eoylc9dbmaib2sqhp05wdbl9z/1iu4gjmgxk04wusve2kolfup3.o		file	0600	1784155760711673433	91448	85b3fad110f56060a6816c36d3eed39b0ff9135c7abfda2c426f525d16173ed9		exclude	non-evidence	compiled-or-generated-file	
tokio-watch/.specula-output/repro/target_cr2_watch_pairing/debug/incremental/cr2_watch_pairing_repro-3lk6bwg36f75v/s-hkfhuabpsh-0hfo6f9-eoylc9dbmaib2sqhp05wdbl9z/1wuzitrxtvqdembfgqjv33bcq.o		file	0600	1784155760676672731	6264	4068dfdae7d911f660a4f3c24897621efbb119237f6baf8ba1cec435b4ca4724		exclude	non-evidence	compiled-or-generated-file	
tokio-watch/.specula-output/repro/target_cr2_watch_pairing/debug/incremental/cr2_watch_pairing_repro-3lk6bwg36f75v/s-hkfhuabpsh-0hfo6f9-eoylc9dbmaib2sqhp05wdbl9z/1yba9ufrm23oacvihk11ssdp0.o		file	0600	1784155760647672150	195824	d0c724bf7b3ed6344c9a18c06e18ebfade93fa53ea176ddb9aeb7059209307fa		exclude	non-evidence	compiled-or-generated-file	
tokio-watch/.specula-output/repro/target_cr2_watch_pairing/debug/incremental/cr2_watch_pairing_repro-3lk6bwg36f75v/s-hkfhuabpsh-0hfo6f9-eoylc9dbmaib2sqhp05wdbl9z/1zmdny4bc1wwf14o0c21s79sk.o		file	0600	1784155760697673153	28304	fa0ac5bd8533e928571648d7cbbeaaf566257a202c6f28514204cd8b1a3478d6		exclude	non-evidence	compiled-or-generated-file	
tokio-watch/.specula-output/repro/target_cr2_watch_pairing/debug/incremental/cr2_watch_pairing_repro-3lk6bwg36f75v/s-hkfhuabpsh-0hfo6f9-eoylc9dbmaib2sqhp05wdbl9z/202po8d6ti394bzdmywzt9f9r.o		file	0600	1784155760688672972	10856	a9f3716d114924076bf4b5f6532cd9e85ca5e78a9fc27835bff8ceb7c1fc63a4		exclude	non-evidence	compiled-or-generated-file	
tokio-watch/.specula-output/repro/target_cr2_watch_pairing/debug/incremental/cr2_watch_pairing_repro-3lk6bwg36f75v/s-hkfhuabpsh-0hfo6f9-eoylc9dbmaib2sqhp05wdbl9z/242kjhvjbqvay1k8y0783240o.o		file	0600	1784155760660672410	17120	ef5abbbc4d1e8aeaee6cfdc9a793a59ed6e32495b38808aeab6d991a3d1348ae		exclude	non-evidence	compiled-or-generated-file	
tokio-watch/.specula-output/repro/target_cr2_watch_pairing/debug/incremental/cr2_watch_pairing_repro-3lk6bwg36f75v/s-hkfhuabpsh-0hfo6f9-eoylc9dbmaib2sqhp05wdbl9z/24smoht8dyhamjhjhzotmmhx8.o		file	0600	1784155760674672691	6336	268483e09aed133f72843c1876df21b7c8cca97b3f8bbe8e098a07b5f9970f80		exclude	non-evidence	compiled-or-generated-file	
tokio-watch/.specula-output/repro/target_cr2_watch_pairing/debug/incremental/cr2_watch_pairing_repro-3lk6bwg36f75v/s-hkfhuabpsh-0hfo6f9-eoylc9dbmaib2sqhp05wdbl9z/2iy9s5rzqznn990hf6pxtj0u3.o		file	0600	1784155760654672290	153608	680b8eac660febe362e26911323e8280ced987eda832adc083d7df8e7c7bb6b9		exclude	non-evidence	compiled-or-generated-file	
tokio-watch/.specula-output/repro/target_cr2_watch_pairing/debug/incremental/cr2_watch_pairing_repro-3lk6bwg36f75v/s-hkfhuabpsh-0hfo6f9-eoylc9dbmaib2sqhp05wdbl9z/30s3du828jh2b2px7nhf2m03q.o		file	0600	1784155760684672892	55664	cf1dbd717e902bda555437b008c49f6d7f0630d4dfd287085b75e7d47b625a9b		exclude	non-evidence	compiled-or-generated-file	
tokio-watch/.specula-output/repro/target_cr2_watch_pairing/debug/incremental/cr2_watch_pairing_repro-3lk6bwg36f75v/s-hkfhuabpsh-0hfo6f9-eoylc9dbmaib2sqhp05wdbl9z/36oi81k47zdn1sxguwuykjjey.o		file	0600	1784155760695673113	9016	298e6b2164a20f9f3973415ebf1a186c01ded2d0a1dfb590f4fc6c07bc3daf30		exclude	non-evidence	compiled-or-generated-file	
tokio-watch/.specula-output/repro/target_cr2_watch_pairing/debug/incremental/cr2_watch_pairing_repro-3lk6bwg36f75v/s-hkfhuabpsh-0hfo6f9-eoylc9dbmaib2sqhp05wdbl9z/37qxnlondktdoni13aenf0i75.o		file	0600	1784155760677672751	25984	484d379a53103733b9ee79c9d739760e4ed19e8a9f4bf741622fefe0d109e8c9		exclude	non-evidence	compiled-or-generated-file	
tokio-watch/.specula-output/repro/target_cr2_watch_pairing/debug/incremental/cr2_watch_pairing_repro-3lk6bwg36f75v/s-hkfhuabpsh-0hfo6f9-eoylc9dbmaib2sqhp05wdbl9z/38lze17n5cqrbq6otkq4t3v6f.o		file	0600	1784155760696673133	8848	f80b9f755afb833f9b60e743f1f646432422edb9028d1e0d2f440e200ab12cc0		exclude	non-evidence	compiled-or-generated-file	
tokio-watch/.specula-output/repro/target_cr2_watch_pairing/debug/incremental/cr2_watch_pairing_repro-3lk6bwg36f75v/s-hkfhuabpsh-0hfo6f9-eoylc9dbmaib2sqhp05wdbl9z/3c53dexfmifqsth65hwoh7i7t.o		file	0600	1784155760650672210	24520	591656ce436c02d6b0577b9aa14256de597b62e8d5b77c0ac35148683bccb519		exclude	non-evidence	compiled-or-generated-file	
tokio-watch/.specula-output/repro/target_cr2_watch_pairing/debug/incremental/cr2_watch_pairing_repro-3lk6bwg36f75v/s-hkfhuabpsh-0hfo6f9-eoylc9dbmaib2sqhp05wdbl9z/3jzhvxpq7pwk2j6zkzp9pv0lt.o		file	0600	1784155760702673253	79000	f0c4600030749e44cbe5968c348a6a93e3550e230e7a6145c6f101fa7099f06c		exclude	non-evidence	compiled-or-generated-file	
tokio-watch/.specula-output/repro/target_cr2_watch_pairing/debug/incremental/cr2_watch_pairing_repro-3lk6bwg36f75v/s-hkfhuabpsh-0hfo6f9-eoylc9dbmaib2sqhp05wdbl9z/3qnnuhg4whzodmrdvcwrqlamz.o		file	0600	1784155760661672431	102784	3b2d0cb1391725832dc3a1a31e3562e0e467638102101829ba857801b508f0d3		exclude	non-evidence	compiled-or-generated-file	
tokio-watch/.specula-output/repro/target_cr2_watch_pairing/debug/incremental/cr2_watch_pairing_repro-3lk6bwg36f75v/s-hkfhuabpsh-0hfo6f9-eoylc9dbmaib2sqhp05wdbl9z/3s2keow4xx5q3zc14pmox19qx.o		file	0600	1784155760707673353	8512	28cbef179e9f2b2aa6f13c620cdf096e2a6436c44b1d0f79cbdeaf329d976047		exclude	non-evidence	compiled-or-generated-file	
tokio-watch/.specula-output/repro/target_cr2_watch_pairing/debug/incremental/cr2_watch_pairing_repro-3lk6bwg36f75v/s-hkfhuabpsh-0hfo6f9-eoylc9dbmaib2sqhp05wdbl9z/45atgtfpejp8xmv37bje6yh7v.o		file	0600	1784155760702673253	21552	466798c647b204d6dbb58f0de8649ce27c742ccc05582b3ce2257c4661f21c0b		exclude	non-evidence	compiled-or-generated-file	
tokio-watch/.specula-output/repro/target_cr2_watch_pairing/debug/incremental/cr2_watch_pairing_repro-3lk6bwg36f75v/s-hkfhuabpsh-0hfo6f9-eoylc9dbmaib2sqhp05wdbl9z/45r4c4zurl33dwcrurymzdhwb.o		file	0600	1784155760705673313	22088	28c62af782e107df203424183faebafbe286485cdb4ba50dc0f31faf37221b89		exclude	non-evidence	compiled-or-generated-file	
tokio-watch/.specula-output/repro/target_cr2_watch_pairing/debug/incremental/cr2_watch_pairing_repro-3lk6bwg36f75v/s-hkfhuabpsh-0hfo6f9-eoylc9dbmaib2sqhp05wdbl9z/4yrdv1un65osvvrswd4njzl69.o		file	0600	1784155760635671909	2856	535cd0b1cd48024e46684ee2ca5f0856ffdf5a5489194f4e199d7e2f5e8cbb00		exclude	non-evidence	compiled-or-generated-file	
tokio-watch/.specula-output/repro/target_cr2_watch_pairing/debug/incremental/cr2_watch_pairing_repro-3lk6bwg36f75v/s-hkfhuabpsh-0hfo6f9-eoylc9dbmaib2sqhp05wdbl9z/5fwtjezt5fluunljhd4khl52a.o		file	0600	1784155760712673454	67856	a72a0f1f1ec30a610c63664643ec3bf8f4d9d03864086db1a1fcbb206db2df85		exclude	non-evidence	compiled-or-generated-file	
tokio-watch/.specula-output/repro/target_cr2_watch_pairing/debug/incremental/cr2_watch_pairing_repro-3lk6bwg36f75v/s-hkfhuabpsh-0hfo6f9-eoylc9dbmaib2sqhp05wdbl9z/5guca4lp4mw7x5mfvdbo85acv.o		file	0600	1784155760697673153	94824	6894098d6845c6d19bdad0da159293d2f273cf3dfc93607c887ff96d12fd47b3		exclude	non-evidence	compiled-or-generated-file	
tokio-watch/.specula-output/repro/target_cr2_watch_pairing/debug/incremental/cr2_watch_pairing_repro-3lk6bwg36f75v/s-hkfhuabpsh-0hfo6f9-eoylc9dbmaib2sqhp05wdbl9z/5m9vu3hsplmkyt52af7kzwjrh.o		file	0600	1784155760687672952	10288	b25642bb22a114cb11c475df01d11be79f1873ecf46e7ef73a5dde9d878bc7d5		exclude	non-evidence	compiled-or-generated-file	
tokio-watch/.specula-output/repro/target_cr2_watch_pairing/debug/incremental/cr2_watch_pairing_repro-3lk6bwg36f75v/s-hkfhuabpsh-0hfo6f9-eoylc9dbmaib2sqhp05wdbl9z/5nbh1mtpn8jb4cdj0o4x8gleb.o		file	0600	1784155760677672751	102632	278090b3d52fd207ff66f581197e2f505b3e9972da3cb2b17c1a4df0b852fd3e		exclude	non-evidence	compiled-or-generated-file	
tokio-watch/.specula-output/repro/target_cr2_watch_pairing/debug/incremental/cr2_watch_pairing_repro-3lk6bwg36f75v/s-hkfhuabpsh-0hfo6f9-eoylc9dbmaib2sqhp05wdbl9z/5sy0egfsnml9aihuco57mq8en.o		file	0600	1784155760669672591	6392	23b77eec74269f08522e4745610cf6a58b5f26d0c7cf85b4c1883269564f7146		exclude	non-evidence	compiled-or-generated-file	
tokio-watch/.specula-output/repro/target_cr2_watch_pairing/debug/incremental/cr2_watch_pairing_repro-3lk6bwg36f75v/s-hkfhuabpsh-0hfo6f9-eoylc9dbmaib2sqhp05wdbl9z/5vs67gbnrxhqcpyjhtp6144ww.o		file	0600	1784155760716673534	85656	02bb9ef12fe652bcf7e989f2fc609857aa728431af5899442f51a8b0f88129e2		exclude	non-evidence	compiled-or-generated-file	
tokio-watch/.specula-output/repro/target_cr2_watch_pairing/debug/incremental/cr2_watch_pairing_repro-3lk6bwg36f75v/s-hkfhuabpsh-0hfo6f9-eoylc9dbmaib2sqhp05wdbl9z/61eyshygq2ck4pebku3i7xw92.o		file	0600	1784155760705673313	7352	43b3ff86e86835a96bec81f4e17a00c3f305a3e90829c043ac426c387746d29b		exclude	non-evidence	compiled-or-generated-file	
tokio-watch/.specula-output/repro/target_cr2_watch_pairing/debug/incremental/cr2_watch_pairing_repro-3lk6bwg36f75v/s-hkfhuabpsh-0hfo6f9-eoylc9dbmaib2sqhp05wdbl9z/68cuatm6vi8c42938lsm7828n.o		file	0600	1784155760683672872	19616	dae41dd3f172afb2aeb572b897316423f15ee621178485b0f38020f38afa4ca4		exclude	non-evidence	compiled-or-generated-file	
tokio-watch/.specula-output/repro/target_cr2_watch_pairing/debug/incremental/cr2_watch_pairing_repro-3lk6bwg36f75v/s-hkfhuabpsh-0hfo6f9-eoylc9dbmaib2sqhp05wdbl9z/6mb1psr9yepr57r15c9zei72c.o		file	0600	1784155760645672110	10112	75ddeb86baca198421e708ae7672d365b8a95815971155602cf401d869628fc2		exclude	non-evidence	compiled-or-generated-file	
tokio-watch/.specula-output/repro/target_cr2_watch_pairing/debug/incremental/cr2_watch_pairing_repro-3lk6bwg36f75v/s-hkfhuabpsh-0hfo6f9-eoylc9dbmaib2sqhp05wdbl9z/6y35xd3s0c3eaeucya4bnkqew.o		file	0600	1784155760695673113	113480	6d67f74ef183f53b84092b0068ae9f68e933bef31b75c99253a925866060c983		exclude	non-evidence	compiled-or-generated-file	
tokio-watch/.specula-output/repro/target_cr2_watch_pairing/debug/incremental/cr2_watch_pairing_repro-3lk6bwg36f75v/s-hkfhuabpsh-0hfo6f9-eoylc9dbmaib2sqhp05wdbl9z/73vy639rapx6ykka66gbrkxmn.o		file	0600	1784155760713673474	5184	69f5f6551f64ac6270d0f2480d45f91a2d744f17bc609ad2466927fcdb388147		exclude	non-evidence	compiled-or-generated-file	
tokio-watch/.specula-output/repro/target_cr2_watch_pairing/debug/incremental/cr2_watch_pairing_repro-3lk6bwg36f75v/s-hkfhuabpsh-0hfo6f9-eoylc9dbmaib2sqhp05wdbl9z/742zxnis287ztw9g7c526adiv.o		file	0600	1784155760707673353	6688	f92b036e6c80838ff7ff624d05a189a4ea9ca434a22c45a5cdcd7f45bca97ca5		exclude	non-evidence	compiled-or-generated-file	
tokio-watch/.specula-output/repro/target_cr2_watch_pairing/debug/incremental/cr2_watch_pairing_repro-3lk6bwg36f75v/s-hkfhuabpsh-0hfo6f9-eoylc9dbmaib2sqhp05wdbl9z/7b2nlrmsl1gr0zz8ezmr18m38.o		file	0600	1784155760668672571	154032	035aae86e440c51648c871607840b0a542f7834363e3c2cc640c3765c3d35790		exclude	non-evidence	compiled-or-generated-file	
tokio-watch/.specula-output/repro/target_cr2_watch_pairing/debug/incremental/cr2_watch_pairing_repro-3lk6bwg36f75v/s-hkfhuabpsh-0hfo6f9-eoylc9dbmaib2sqhp05wdbl9z/7g244c3yjylkiwh51kdolcq9g.o		file	0600	1784155760686672932	7240	743ed1fb4c7a1a71378c1958273317feeac49d1c8f79c3dec6686671497a0aff		exclude	non-evidence	compiled-or-generated-file	
tokio-watch/.specula-output/repro/target_cr2_watch_pairing/debug/incremental/cr2_watch_pairing_repro-3lk6bwg36f75v/s-hkfhuabpsh-0hfo6f9-eoylc9dbmaib2sqhp05wdbl9z/7g327zdi73306oxqytnqq519m.o		file	0600	1784155760672672651	104720	845bf38cc64d12e0e378dbc70e3526775e2cb9a8620e36ded6c3ff87a4ef1d69		exclude	non-evidence	compiled-or-generated-file	
tokio-watch/.specula-output/repro/target_cr2_watch_pairing/debug/incremental/cr2_watch_pairing_repro-3lk6bwg36f75v/s-hkfhuabpsh-0hfo6f9-eoylc9dbmaib2sqhp05wdbl9z/7hy3hd7j42v75grbbprsim40l.o		file	0600	1784155760705673313	83584	750dc3b25413b0de6955ae9af1b4276e867bbde4f21426bca6a6d26207461c8e		exclude	non-evidence	compiled-or-generated-file	
tokio-watch/.specula-output/repro/target_cr2_watch_pairing/debug/incremental/cr2_watch_pairing_repro-3lk6bwg36f75v/s-hkfhuabpsh-0hfo6f9-eoylc9dbmaib2sqhp05wdbl9z/7nciqpbzjtrbt1t5crq104pw7.o		file	0600	1784155760681672832	4672	725229ba18fb03a138a7b1ce18d60badbbc0a19e48535f0972b0b36418d89985		exclude	non-evidence	compiled-or-generated-file	
tokio-watch/.specula-output/repro/target_cr2_watch_pairing/debug/incremental/cr2_watch_pairing_repro-3lk6bwg36f75v/s-hkfhuabpsh-0hfo6f9-eoylc9dbmaib2sqhp05wdbl9z/7ny36sbdx0vm48l819wpgfycm.o		file	0600	1784155760681672832	20096	479e9e5e68fb4ce01ebe560c6cf0ced3a1c3928ace444f034b3829444e8986a1		exclude	non-evidence	compiled-or-generated-file	
tokio-watch/.specula-output/repro/target_cr2_watch_pairing/debug/incremental/cr2_watch_pairing_repro-3lk6bwg36f75v/s-hkfhuabpsh-0hfo6f9-eoylc9dbmaib2sqhp05wdbl9z/84xuo0a72pzafhhfwtkwv92ql.o		file	0600	1784155760680672812	8128	4eba5ae52e40f33b04b3e215a301c6a58da99e1d135b52125f477fee60bc0dc4		exclude	non-evidence	compiled-or-generated-file	
tokio-watch/.specula-output/repro/target_cr2_watch_pairing/debug/incremental/cr2_watch_pairing_repro-3lk6bwg36f75v/s-hkfhuabpsh-0hfo6f9-eoylc9dbmaib2sqhp05wdbl9z/8gb1odm089r1oeljsws35azrk.o		file	0600	1784155760693673072	6456	e1d5557f8c35c76644bb5624aa1846fc5e19383d77f25d7001dffb16e18c672d		exclude	non-evidence	compiled-or-generated-file	
tokio-watch/.specula-output/repro/target_cr2_watch_pairing/debug/incremental/cr2_watch_pairing_repro-3lk6bwg36f75v/s-hkfhuabpsh-0hfo6f9-eoylc9dbmaib2sqhp05wdbl9z/8hiis6wa4vmecqek8ac1pwhfs.o		file	0600	1784155760669672591	70016	c2bf8d7e9d2980a6c5485994c95180b8bba3d28ff28e91447c7ed7dd6852541a		exclude	non-evidence	compiled-or-generated-file	
tokio-watch/.specula-output/repro/target_cr2_watch_pairing/debug/incremental/cr2_watch_pairing_repro-3lk6bwg36f75v/s-hkfhuabpsh-0hfo6f9-eoylc9dbmaib2sqhp05wdbl9z/8jgiaoj6zzcv4bprzq814liu5.o		file	0600	1784155760683672872	106040	274e7645feb03580a682b8e5248c1103fd4dc3315811f4cc500db38de3fea50a		exclude	non-evidence	compiled-or-generated-file	
tokio-watch/.specula-output/repro/target_cr2_watch_pairing/debug/incremental/cr2_watch_pairing_repro-3lk6bwg36f75v/s-hkfhuabpsh-0hfo6f9-eoylc9dbmaib2sqhp05wdbl9z/8oufb4iffq8f3vc7xnavuhurg.o		file	0600	1784155760716673534	7280	d1a5803e64a114f6a15e10014224d2fddd0e7f86d466e7c83a4fb554fc04e5e4		exclude	non-evidence	compiled-or-generated-file	
tokio-watch/.specula-output/repro/target_cr2_watch_pairing/debug/incremental/cr2_watch_pairing_repro-3lk6bwg36f75v/s-hkfhuabpsh-0hfo6f9-eoylc9dbmaib2sqhp05wdbl9z/9fahksuqrw12pjt08js40y1on.o		file	0600	1784155760698673173	8648	5613a231385afd2de21678fae7afc0318630ffcc2534a1dec96b2665153896f8		exclude	non-evidence	compiled-or-generated-file	
tokio-watch/.specula-output/repro/target_cr2_watch_pairing/debug/incremental/cr2_watch_pairing_repro-3lk6bwg36f75v/s-hkfhuabpsh-0hfo6f9-eoylc9dbmaib2sqhp05wdbl9z/9g6df55ul9uua1cyrugzffp2u.o		file	0600	1784155760668672571	3856	9341864bb6261d89c785226e27a5efa8140f21d9abb16d4eb486ea38edb23706		exclude	non-evidence	compiled-or-generated-file	
tokio-watch/.specula-output/repro/target_cr2_watch_pairing/debug/incremental/cr2_watch_pairing_repro-3lk6bwg36f75v/s-hkfhuabpsh-0hfo6f9-eoylc9dbmaib2sqhp05wdbl9z/a0i4kelgq0vtzt0qsbr1pa8j3.o		file	0600	1784155760714673494	81368	b2df992aa44b1d39e6995b6c9b6f0fcfcbe574cb6a78d9b4c7d49a4a58b16fef		exclude	non-evidence	compiled-or-generated-file	
tokio-watch/.specula-output/repro/target_cr2_watch_pairing/debug/incremental/cr2_watch_pairing_repro-3lk6bwg36f75v/s-hkfhuabpsh-0hfo6f9-eoylc9dbmaib2sqhp05wdbl9z/abbxi2q8qofb0uzbnhpj3df1c.o		file	0600	1784155760718673574	12848	302e9c564daca089ead91d3939610d3dd401241008c2ba59c58a6118b356110b		exclude	non-evidence	compiled-or-generated-file	
tokio-watch/.specula-output/repro/target_cr2_watch_pairing/debug/incremental/cr2_watch_pairing_repro-3lk6bwg36f75v/s-hkfhuabpsh-0hfo6f9-eoylc9dbmaib2sqhp05wdbl9z/aehhkv15wfwt26iylnljo8smf.o		file	0600	1784155760706673333	6256	c4d23b1a5f0466c2c7407e434743294f9a6758731bc785a2001e4243c1a508cf		exclude	non-evidence	compiled-or-generated-file	
tokio-watch/.specula-output/repro/target_cr2_watch_pairing/debug/incremental/cr2_watch_pairing_repro-3lk6bwg36f75v/s-hkfhuabpsh-0hfo6f9-eoylc9dbmaib2sqhp05wdbl9z/aqxy2nag2tf45nv5eknbs7vqq.o		file	0600	1784155760706673333	7216	87375c3841f46715a0f369a74c3eae380d14a0fd0d62c9961bd3e10f0af2e66e		exclude	non-evidence	compiled-or-generated-file	
tokio-watch/.specula-output/repro/target_cr2_watch_pairing/debug/incremental/cr2_watch_pairing_repro-3lk6bwg36f75v/s-hkfhuabpsh-0hfo6f9-eoylc9dbmaib2sqhp05wdbl9z/atg552lfm1llme7qwkg0prmfv.o		file	0600	1784155760716673534	8744	c146b4270113a206c3a6b61c152cf27bac917c99e9a63723d486c865c0a77adc		exclude	non-evidence	compiled-or-generated-file	
tokio-watch/.specula-output/repro/target_cr2_watch_pairing/debug/incremental/cr2_watch_pairing_repro-3lk6bwg36f75v/s-hkfhuabpsh-0hfo6f9-eoylc9dbmaib2sqhp05wdbl9z/b4kpgwsygkifwygwb2xm4c1zi.o		file	0600	1784155760717673554	4368	d0855fe6c13146001dee53c5f183511a475cb224067ec0899e430d156949db2a		exclude	non-evidence	compiled-or-generated-file	
tokio-watch/.specula-output/repro/target_cr2_watch_pairing/debug/incremental/cr2_watch_pairing_repro-3lk6bwg36f75v/s-hkfhuabpsh-0hfo6f9-eoylc9dbmaib2sqhp05wdbl9z/b759a569drpg45l3wyk34pa6z.o		file	0600	1784155760691673032	9048	99ab9cc7984b41a05de4b98bf76aea4d71e2e1ea6adf5fbef465f379bddfba4e		exclude	non-evidence	compiled-or-generated-file	
tokio-watch/.specula-output/repro/target_cr2_watch_pairing/debug/incremental/cr2_watch_pairing_repro-3lk6bwg36f75v/s-hkfhuabpsh-0hfo6f9-eoylc9dbmaib2sqhp05wdbl9z/bjl2jwkz2haggj7rcjty3g87o.o		file	0600	1784155760720673614	89056	1d5e76bae1a851fa09f39a9645d4c06d85113b0fd08dcb827fc2b9ddffbb5d81		exclude	non-evidence	compiled-or-generated-file	
tokio-watch/.specula-output/repro/target_cr2_watch_pairing/debug/incremental/cr2_watch_pairing_repro-3lk6bwg36f75v/s-hkfhuabpsh-0hfo6f9-eoylc9dbmaib2sqhp05wdbl9z/bygaz4m2srltwglvpyrm09cx8.o		file	0600	1784155760665672511	3520	11364bb6e78db508f909606a18c9a88bfbd3e9b4814315ce63cc467d4f99157e		exclude	non-evidence	compiled-or-generated-file	
tokio-watch/.specula-output/repro/target_cr2_watch_pairing/debug/incremental/cr2_watch_pairing_repro-3lk6bwg36f75v/s-hkfhuabpsh-0hfo6f9-eoylc9dbmaib2sqhp05wdbl9z/bynxcgdmsw5mxcoels6s9h7gz.o		file	0600	1784155760672672651	37504	c62bb6e0d84f798262c129bd900c2f4f5871e6e74dfd7fae0862604df381cdfc		exclude	non-evidence	compiled-or-generated-file	
tokio-watch/.specula-output/repro/target_cr2_watch_pairing/debug/incremental/cr2_watch_pairing_repro-3lk6bwg36f75v/s-hkfhuabpsh-0hfo6f9-eoylc9dbmaib2sqhp05wdbl9z/c4djh3x2biw7scg4ffpde1nev.o		file	0600	1784155760711673433	9624	33dc882a976a6328a22edb4cabee6d9a0f6fc76df7819c3a4212ac5f6e4286a6		exclude	non-evidence	compiled-or-generated-file	
tokio-watch/.specula-output/repro/target_cr2_watch_pairing/debug/incremental/cr2_watch_pairing_repro-3lk6bwg36f75v/s-hkfhuabpsh-0hfo6f9-eoylc9dbmaib2sqhp05wdbl9z/cda0vaalhazv41fe3gtumf5wa.o		file	0600	1784155760707673353	4792	5f35135b062f6896646ac6ebe02f37994b486d0e997fbcfb48c141c547a62336		exclude	non-evidence	compiled-or-generated-file	
tokio-watch/.specula-output/repro/target_cr2_watch_pairing/debug/incremental/cr2_watch_pairing_repro-3lk6bwg36f75v/s-hkfhuabpsh-0hfo6f9-eoylc9dbmaib2sqhp05wdbl9z/d6fi190xmnf1tl6i5dwmp6euu.o		file	0600	1784155760688672972	4264	8d165fa127686955613ac3d997a045e05fbfbb61141b43f0b7c09ce5388e6dd5		exclude	non-evidence	compiled-or-generated-file	
tokio-watch/.specula-output/repro/target_cr2_watch_pairing/debug/incremental/cr2_watch_pairing_repro-3lk6bwg36f75v/s-hkfhuabpsh-0hfo6f9-eoylc9dbmaib2sqhp05wdbl9z/d8nvwj8b8yn5loy70pkp4hujd.o		file	0600	1784155760706673333	7520	525ef83ac14afd4fc38af29ccfb4bb9649a29676a7ebc8f893786d2912928d88		exclude	non-evidence	compiled-or-generated-file	
tokio-watch/.specula-output/repro/target_cr2_watch_pairing/debug/incremental/cr2_watch_pairing_repro-3lk6bwg36f75v/s-hkfhuabpsh-0hfo6f9-eoylc9dbmaib2sqhp05wdbl9z/ddz7pg6ziikqarv93u5z7pyll.o		file	0600	1784155760688672972	102408	f93dd992f1e6b5d0e72439d9df7c0bb3daa77b0c3c11c9cd9eab7d7b40bd1b43		exclude	non-evidence	compiled-or-generated-file	
tokio-watch/.specula-output/repro/target_cr2_watch_pairing/debug/incremental/cr2_watch_pairing_repro-3lk6bwg36f75v/s-hkfhuabpsh-0hfo6f9-eoylc9dbmaib2sqhp05wdbl9z/dep-graph.bin	tokio-watch/.specula-output/repro/target_cr2_watch_pairing/debug/incremental/cr2_watch_pairing_repro-3lk6bwg36f75v/s-hkfhuabpsh-0hfo6f9-eoylc9dbmaib2sqhp05wdbl9z/dep-graph.bin	file	0600	1784155760722673654	1876170	43bdd3f0ca178bf7022f46d11cb8085d60658a72bc0a1f3fc49980fc66e5c176		copy	run-evidence		
tokio-watch/.specula-output/repro/target_cr2_watch_pairing/debug/incremental/cr2_watch_pairing_repro-3lk6bwg36f75v/s-hkfhuabpsh-0hfo6f9-eoylc9dbmaib2sqhp05wdbl9z/dvc33u7ycvkeedjfd7odrp2r8.o		file	0600	1784155760671672631	3816	994c9fc3b992fe3e49a505e0042f108395a7df407fb8e442f4c13703a64bd4ad		exclude	non-evidence	compiled-or-generated-file	
tokio-watch/.specula-output/repro/target_cr2_watch_pairing/debug/incremental/cr2_watch_pairing_repro-3lk6bwg36f75v/s-hkfhuabpsh-0hfo6f9-eoylc9dbmaib2sqhp05wdbl9z/e0xt34svuv2jx971pifxo339l.o		file	0600	1784155760677672751	40872	7e132542b4bbfab3239d2a6dc5adb223bcc5c568199962669badeee9052c355b		exclude	non-evidence	compiled-or-generated-file	
tokio-watch/.specula-output/repro/target_cr2_watch_pairing/debug/incremental/cr2_watch_pairing_repro-3lk6bwg36f75v/s-hkfhuabpsh-0hfo6f9-eoylc9dbmaib2sqhp05wdbl9z/eewd72catpoe66gvvafeuak1u.o		file	0600	1784155760670672611	10680	453331892eb7243f8b64faaea67d3c980eb28da8e2c2bcc68bec6aec9d1dc56e		exclude	non-evidence	compiled-or-generated-file	
tokio-watch/.specula-output/repro/target_cr2_watch_pairing/debug/incremental/cr2_watch_pairing_repro-3lk6bwg36f75v/s-hkfhuabpsh-0hfo6f9-eoylc9dbmaib2sqhp05wdbl9z/etz2lfm3ipwso8tty9c0st742.o		file	0600	1784155760663672471	37784	1210276cf8d2612a03935b5fcaa43222d722b06f27f00836c901d10c2f60120f		exclude	non-evidence	compiled-or-generated-file	
tokio-watch/.specula-output/repro/target_cr2_watch_pairing/debug/incremental/cr2_watch_pairing_repro-3lk6bwg36f75v/s-hkfhuabpsh-0hfo6f9-eoylc9dbmaib2sqhp05wdbl9z/query-cache.bin	tokio-watch/.specula-output/repro/target_cr2_watch_pairing/debug/incremental/cr2_watch_pairing_repro-3lk6bwg36f75v/s-hkfhuabpsh-0hfo6f9-eoylc9dbmaib2sqhp05wdbl9z/query-cache.bin	file	0600	1784155760722673654	703425	787306bf3e22ad41022fb4a0d891446814ed6b869b340d41f208308eae0f33f7		copy	run-evidence		
tokio-watch/.specula-output/repro/target_cr2_watch_pairing/debug/incremental/cr2_watch_pairing_repro-3lk6bwg36f75v/s-hkfhuabpsh-0hfo6f9-eoylc9dbmaib2sqhp05wdbl9z/work-products.bin	tokio-watch/.specula-output/repro/target_cr2_watch_pairing/debug/incremental/cr2_watch_pairing_repro-3lk6bwg36f75v/s-hkfhuabpsh-0hfo6f9-eoylc9dbmaib2sqhp05wdbl9z/work-products.bin	file	0600	1784155760727673754	5598	d5e564a1362d5534e6a64d445e33c64b326cfc05cd66c4912a16c14f11668577		copy	run-evidence		
tokio-watch/.specula-output/repro/target_cr2_watch_pairing/debug/incremental/cr2_watch_pairing_repro-3lk6bwg36f75v/s-hkfhuabpsh-0hfo6f9.lock	tokio-watch/.specula-output/repro/target_cr2_watch_pairing/debug/incremental/cr2_watch_pairing_repro-3lk6bwg36f75v/s-hkfhuabpsh-0hfo6f9.lock	file	0600	1784155760600671207	0	e3b0c44298fc1c149afbf4c8996fb92427ae41e4649b934ca495991b7852b855		copy	run-evidence		
tokio-watch/.specula-output/repro/target_cr2_watch_pairing/debug/incremental/tokio-3tvxiqdf59ytq	tokio-watch/.specula-output/repro/target_cr2_watch_pairing/debug/incremental/tokio-3tvxiqdf59ytq	directory	0700	1784155760549670184				mkdir	run-directory		
tokio-watch/.specula-output/repro/target_cr2_watch_pairing/debug/incremental/tokio-3tvxiqdf59ytq/s-hkfhu0akfw-049ey9d-819lppas2gi7li31yvqawn2lr	tokio-watch/.specula-output/repro/target_cr2_watch_pairing/debug/incremental/tokio-3tvxiqdf59ytq/s-hkfhu0akfw-049ey9d-819lppas2gi7li31yvqawn2lr	directory	0700	1784155745277363258				mkdir	run-directory		
tokio-watch/.specula-output/repro/target_cr2_watch_pairing/debug/incremental/tokio-3tvxiqdf59ytq/s-hkfhu0akfw-049ey9d-819lppas2gi7li31yvqawn2lr/01gx1cub2kyck0ftevz252ojk.o		file	0600	1784155745185361402	34392	f028b8340e6b97f2d2367aa1a6d50c581ea5098238300ecea08f69258fcefe7a		exclude	non-evidence	compiled-or-generated-file	
tokio-watch/.specula-output/repro/target_cr2_watch_pairing/debug/incremental/tokio-3tvxiqdf59ytq/s-hkfhu0akfw-049ey9d-819lppas2gi7li31yvqawn2lr/04b04h0ox3iyspj2ak6scszca.o		file	0600	1784155745230362310	11832	6ae92672a9f4e27878440f314255087757f83a1d9cc5a54961b2f4a80ac64dff		exclude	non-evidence	compiled-or-generated-file	
tokio-watch/.specula-output/repro/target_cr2_watch_pairing/debug/incremental/tokio-3tvxiqdf59ytq/s-hkfhu0akfw-049ey9d-819lppas2gi7li31yvqawn2lr/04m8uedwy04b8pf2m420tswpx.o		file	0600	1784155745158360857	10560	6303795791a1f53c09629c2531160a25806c6f6a7a9b29582cf129fb9d810e37		exclude	non-evidence	compiled-or-generated-file	
tokio-watch/.specula-output/repro/target_cr2_watch_pairing/debug/incremental/tokio-3tvxiqdf59ytq/s-hkfhu0akfw-049ey9d-819lppas2gi7li31yvqawn2lr/05aneckn78ileo45nw5rn1378.o		file	0600	1784155745088359445	12056	3f25c4b576fe6aff1724a30df611c4923d94b0438e700864b73b01bf6f9e3f6b		exclude	non-evidence	compiled-or-generated-file	
tokio-watch/.specula-output/repro/target_cr2_watch_pairing/debug/incremental/tokio-3tvxiqdf59ytq/s-hkfhu0akfw-049ey9d-819lppas2gi7li31yvqawn2lr/06qiv6m3anwf7wsuzadgtcv66.o		file	0600	1784155745191361523	68184	0a06d165d5ee50423b6adea3ea55732dfb30d68655dbf8a8f8b5853ddb84e7b4		exclude	non-evidence	compiled-or-generated-file	
tokio-watch/.specula-output/repro/target_cr2_watch_pairing/debug/incremental/tokio-3tvxiqdf59ytq/s-hkfhu0akfw-049ey9d-819lppas2gi7li31yvqawn2lr/06scpg7p423a77lxgj1izsjwe.o		file	0600	1784155745164360978	11232	b9e90f28689916be365a7495461035ac3482d8cfdd874d8de8bd341df4a970f4		exclude	non-evidence	compiled-or-generated-file	
tokio-watch/.specula-output/repro/target_cr2_watch_pairing/debug/incremental/tokio-3tvxiqdf59ytq/s-hkfhu0akfw-049ey9d-819lppas2gi7li31yvqawn2lr/07e2jb3hpwl0tbgrij85xclva.o		file	0600	1784155745144360575	12016	819c8ed39ed1cfbf2a7374fc4b301c3d67f89dda2254d5f16e7115e6fcabfeca		exclude	non-evidence	compiled-or-generated-file	
tokio-watch/.specula-output/repro/target_cr2_watch_pairing/debug/incremental/tokio-3tvxiqdf59ytq/s-hkfhu0akfw-049ey9d-819lppas2gi7li31yvqawn2lr/08o6x4roqv0ps2jdukj0bd4be.o		file	0600	1784155745142360534	7144	252eac6c56021502a49db94c72d7f44ad55e302ea299903ddbb61e1d9dfbdbe0		exclude	non-evidence	compiled-or-generated-file	
tokio-watch/.specula-output/repro/target_cr2_watch_pairing/debug/incremental/tokio-3tvxiqdf59ytq/s-hkfhu0akfw-049ey9d-819lppas2gi7li31yvqawn2lr/09ghmuwvdh2iv377kxppqfr8c.o		file	0600	1784155745206361825	19736	96e8cab1ab3453931526ccb5d8bdd62e26f75287d803da8c1f048dfc0c5e1dfd		exclude	non-evidence	compiled-or-generated-file	
tokio-watch/.specula-output/repro/target_cr2_watch_pairing/debug/incremental/tokio-3tvxiqdf59ytq/s-hkfhu0akfw-049ey9d-819lppas2gi7li31yvqawn2lr/0a7fss0ekfitou397jvwyo6mc.o		file	0600	1784155745039358456	8920	55033400af6e3c5faebb1c79e14853e5c487393cdca405f154e57247de549ae7		exclude	non-evidence	compiled-or-generated-file	
tokio-watch/.specula-output/repro/target_cr2_watch_pairing/debug/incremental/tokio-3tvxiqdf59ytq/s-hkfhu0akfw-049ey9d-819lppas2gi7li31yvqawn2lr/0a8cs31nub3ky50rkxgkinbhc.o		file	0600	1784155745071359102	4864	d617d171d6141e212bb2a5146c17184f21c5f48287eb143ecd10f0a1e5f06cd5		exclude	non-evidence	compiled-or-generated-file	
tokio-watch/.specula-output/repro/target_cr2_watch_pairing/debug/incremental/tokio-3tvxiqdf59ytq/s-hkfhu0akfw-049ey9d-819lppas2gi7li31yvqawn2lr/0dz7ox7qkrlr8p1ars69v6791.o		file	0600	1784155745213361967	9840	47dc563aebf76b4f210bf29e3e61757d42d767c3e4eef8e153a7d85501a6e51d		exclude	non-evidence	compiled-or-generated-file	
tokio-watch/.specula-output/repro/target_cr2_watch_pairing/debug/incremental/tokio-3tvxiqdf59ytq/s-hkfhu0akfw-049ey9d-819lppas2gi7li31yvqawn2lr/0ev0xc3uf53izyitepf7xzgy5.o		file	0600	1784155745081359303	4656	ed3d297293e2f0732b629ca4b066ee0493bde23f39e3b212a734aa9baeaed71e		exclude	non-evidence	compiled-or-generated-file	
tokio-watch/.specula-output/repro/target_cr2_watch_pairing/debug/incremental/tokio-3tvxiqdf59ytq/s-hkfhu0akfw-049ey9d-819lppas2gi7li31yvqawn2lr/0how4r4kouatdqtmtc6y32wls.o		file	0600	1784155745104359767	38248	63b22231e03c22a9e44dc263454ebfc516576b001213abca897726ba9098e4df		exclude	non-evidence	compiled-or-generated-file	
tokio-watch/.specula-output/repro/target_cr2_watch_pairing/debug/incremental/tokio-3tvxiqdf59ytq/s-hkfhu0akfw-049ey9d-819lppas2gi7li31yvqawn2lr/0lib82t4f4ujxfb4vwp02uphb.o		file	0600	1784155745236362430	63376	0aaa5d9588f498fe62607c7791bb4c3da044de2af12bf23710172b7c23b60ca2		exclude	non-evidence	compiled-or-generated-file	
tokio-watch/.specula-output/repro/target_cr2_watch_pairing/debug/incremental/tokio-3tvxiqdf59ytq/s-hkfhu0akfw-049ey9d-819lppas2gi7li31yvqawn2lr/0mayj3h88uv30or4z294nu3dd.o		file	0600	1784155745124360171	10872	d45b800d8796aadb5999d649fb3a380c8eab5ee14a8ad31742a98671aba3c901		exclude	non-evidence	compiled-or-generated-file	
tokio-watch/.specula-output/repro/target_cr2_watch_pairing/debug/incremental/tokio-3tvxiqdf59ytq/s-hkfhu0akfw-049ey9d-819lppas2gi7li31yvqawn2lr/0mj05z4y1l2re0z7tp9eck10a.o		file	0600	1784155745206361825	96432	39497d6fd00715b784d422496d8e16bcb45dfe3e5f75f988464fd1418cf989bc		exclude	non-evidence	compiled-or-generated-file	
tokio-watch/.specula-output/repro/target_cr2_watch_pairing/debug/incremental/tokio-3tvxiqdf59ytq/s-hkfhu0akfw-049ey9d-819lppas2gi7li31yvqawn2lr/0nvf7qxbawdutmqzv6grlbi3e.o		file	0600	1784155745068359041	48480	2c2a7ae82b798b05530243b30e7c03f99f3133f712f4c06ce93246247238b115		exclude	non-evidence	compiled-or-generated-file	
tokio-watch/.specula-output/repro/target_cr2_watch_pairing/debug/incremental/tokio-3tvxiqdf59ytq/s-hkfhu0akfw-049ey9d-819lppas2gi7li31yvqawn2lr/0ova8pfdpzw00exsdvo5nmxvw.o		file	0600	1784155745211361926	69928	e3bf6eb2f0d762e11dc65701d361dbf7aeacb7b907873620e230310fc9cab0c0		exclude	non-evidence	compiled-or-generated-file	
tokio-watch/.specula-output/repro/target_cr2_watch_pairing/debug/incremental/tokio-3tvxiqdf59ytq/s-hkfhu0akfw-049ey9d-819lppas2gi7li31yvqawn2lr/0w22v6bqbo0eie8yhp8pk579m.o		file	0600	1784155745224362189	13000	a87d0996a66f3eda968f9f362b390046518dbff2c4ee170bf8d85df3acf9ba61		exclude	non-evidence	compiled-or-generated-file	
tokio-watch/.specula-output/repro/target_cr2_watch_pairing/debug/incremental/tokio-3tvxiqdf59ytq/s-hkfhu0akfw-049ey9d-819lppas2gi7li31yvqawn2lr/0w255ehdzs0ff7hyy9kz53t8r.o		file	0600	1784155745184361381	13480	7717f9e063b99c8bbb3cdc166c1206d336d413e3a5f58f5c76ee5e46f87f4982		exclude	non-evidence	compiled-or-generated-file	
tokio-watch/.specula-output/repro/target_cr2_watch_pairing/debug/incremental/tokio-3tvxiqdf59ytq/s-hkfhu0akfw-049ey9d-819lppas2gi7li31yvqawn2lr/12ok02py6m9gu8nczsyjwlifh.o		file	0600	1784155745037358416	5808	29a6585007dac75dd65581558446b09c7850ab45707fe9a0508ac31ab5aa548c		exclude	non-evidence	compiled-or-generated-file	
tokio-watch/.specula-output/repro/target_cr2_watch_pairing/debug/incremental/tokio-3tvxiqdf59ytq/s-hkfhu0akfw-049ey9d-819lppas2gi7li31yvqawn2lr/13r6hoqg7nlun6arkmzqlvszr.o		file	0600	1784155745035358375	61000	be22280ab1ca9a32cea328808d0ac93e2204e4695f70a6d3aab98f6f52896dd6		exclude	non-evidence	compiled-or-generated-file	
tokio-watch/.specula-output/repro/target_cr2_watch_pairing/debug/incremental/tokio-3tvxiqdf59ytq/s-hkfhu0akfw-049ey9d-819lppas2gi7li31yvqawn2lr/14iqzeim2hrqxtn0xu1hleo09.o		file	0600	1784155745151360716	23352	0cc454c23c00bc4a210c5ee99c86ca69f4e16931642a03c0ec45c916919a4546		exclude	non-evidence	compiled-or-generated-file	
tokio-watch/.specula-output/repro/target_cr2_watch_pairing/debug/incremental/tokio-3tvxiqdf59ytq/s-hkfhu0akfw-049ey9d-819lppas2gi7li31yvqawn2lr/15dgysom02v8s5hzvtqc1jn49.o		file	0600	1784155745162360938	40528	967a8ac9eb656bd34b86a2e044c21ef32efe1628f905ca50b593463bd0ad0865		exclude	non-evidence	compiled-or-generated-file	
tokio-watch/.specula-output/repro/target_cr2_watch_pairing/debug/incremental/tokio-3tvxiqdf59ytq/s-hkfhu0akfw-049ey9d-819lppas2gi7li31yvqawn2lr/15jnoyudlkihq2tt9fbv2qnmq.o		file	0600	1784155745183361361	14648	041e6058c979889f837466e03ff8c26c4e92e824fe59102a9409312fe99b6ee0		exclude	non-evidence	compiled-or-generated-file	
tokio-watch/.specula-output/repro/target_cr2_watch_pairing/debug/incremental/tokio-3tvxiqdf59ytq/s-hkfhu0akfw-049ey9d-819lppas2gi7li31yvqawn2lr/16r0m7n5fqynejbnxt609rlgw.o		file	0600	1784155745225362209	5544	d3afe598c0171c24fd64574addcd0b44908f0290b922d49b30973b17d149e1ff		exclude	non-evidence	compiled-or-generated-file	
tokio-watch/.specula-output/repro/target_cr2_watch_pairing/debug/incremental/tokio-3tvxiqdf59ytq/s-hkfhu0akfw-049ey9d-819lppas2gi7li31yvqawn2lr/16u35pxgnk5axoombxxo3upc2.o		file	0600	1784155745148360655	97736	684e7de5c57f4dd745b4ef75f86a62977ff573ef6a4f6debd3d14b66e4c73a70		exclude	non-evidence	compiled-or-generated-file	
tokio-watch/.specula-output/repro/target_cr2_watch_pairing/debug/incremental/tokio-3tvxiqdf59ytq/s-hkfhu0akfw-049ey9d-819lppas2gi7li31yvqawn2lr/18x6tq8wa7zeyqhi8i5zo66da.o		file	0600	1784155745213361967	15192	886087e7e56c0d542a34ec203dc4fc485aaa8f7f060ff0426fcdacff7f9b02c6		exclude	non-evidence	compiled-or-generated-file	
tokio-watch/.specula-output/repro/target_cr2_watch_pairing/debug/incremental/tokio-3tvxiqdf59ytq/s-hkfhu0akfw-049ey9d-819lppas2gi7li31yvqawn2lr/1b4kjyjqqowpnfjos0tyux9t1.o		file	0600	1784155745205361805	11776	81485584646cea15ca2e09674706113a89bed8241bb5401f9cde63ac15d63de2		exclude	non-evidence	compiled-or-generated-file	
tokio-watch/.specula-output/repro/target_cr2_watch_pairing/debug/incremental/tokio-3tvxiqdf59ytq/s-hkfhu0akfw-049ey9d-819lppas2gi7li31yvqawn2lr/1edr2x1f6d00qhvln7tw774c6.o		file	0600	1784155745163360958	6960	87aa230868c1e4055f23dbd5c7a2b538fcd616615f502cc03643dcf25c78169f		exclude	non-evidence	compiled-or-generated-file	
tokio-watch/.specula-output/repro/target_cr2_watch_pairing/debug/incremental/tokio-3tvxiqdf59ytq/s-hkfhu0akfw-049ey9d-819lppas2gi7li31yvqawn2lr/1esjri8u8g9rjtyn3303ybdky.o		file	0600	1784155745051358698	125232	4b2646be5128d6d13914bf2c38f59685f18d8c2e75cb18611403eead661f7c39		exclude	non-evidence	compiled-or-generated-file	
tokio-watch/.specula-output/repro/target_cr2_watch_pairing/debug/incremental/tokio-3tvxiqdf59ytq/s-hkfhu0akfw-049ey9d-819lppas2gi7li31yvqawn2lr/1gltbvnm70scno4fpx0iaf4vc.o		file	0600	1784155745084359364	109416	722d09a22be9e3c1675d1d61bf898dc5f8af6a180c1b4f06602bd24a65285c9d		exclude	non-evidence	compiled-or-generated-file	
tokio-watch/.specula-output/repro/target_cr2_watch_pairing/debug/incremental/tokio-3tvxiqdf59ytq/s-hkfhu0akfw-049ey9d-819lppas2gi7li31yvqawn2lr/1i8p92yohsz88dzaf6l94kslq.o		file	0600	1784155745151360716	9424	38a29df0a90033e98c729329b5599bd3ac2a7140e3216804023974cfb70a17b1		exclude	non-evidence	compiled-or-generated-file	
tokio-watch/.specula-output/repro/target_cr2_watch_pairing/debug/incremental/tokio-3tvxiqdf59ytq/s-hkfhu0akfw-049ey9d-819lppas2gi7li31yvqawn2lr/1ic4amguitvklb1zsqaqty111.o		file	0600	1784155745134360373	8976	b953c22c29ae6db26f92f2c9ada64fba1cd872a115540330a6fa0f7cf38e27f0		exclude	non-evidence	compiled-or-generated-file	
tokio-watch/.specula-output/repro/target_cr2_watch_pairing/debug/incremental/tokio-3tvxiqdf59ytq/s-hkfhu0akfw-049ey9d-819lppas2gi7li31yvqawn2lr/1mut7jb0knk6f2mqulkq56624.o		file	0600	1784155745134360373	89592	136df9d3432939b68bff970fd0ec585a3f44bfc7ba9c89c4358ea119ed8ec76a		exclude	non-evidence	compiled-or-generated-file	
tokio-watch/.specula-output/repro/target_cr2_watch_pairing/debug/incremental/tokio-3tvxiqdf59ytq/s-hkfhu0akfw-049ey9d-819lppas2gi7li31yvqawn2lr/1p902xdphfdn6mroaltc6n0ob.o		file	0600	1784155745106359808	43840	7ebde6f43b2b0b35f44791c2c6ee3680ef0439711c0ef5d96d8f17158224802f		exclude	non-evidence	compiled-or-generated-file	
tokio-watch/.specula-output/repro/target_cr2_watch_pairing/debug/incremental/tokio-3tvxiqdf59ytq/s-hkfhu0akfw-049ey9d-819lppas2gi7li31yvqawn2lr/1qnz8pjidxrc9jc62j4mimeiv.o		file	0600	1784155745231362330	20672	12f4e9dc92bb34ad2e4eb4bdfc5060c650f42a393d59ecc1576b8caddbbcc771		exclude	non-evidence	compiled-or-generated-file	
tokio-watch/.specula-output/repro/target_cr2_watch_pairing/debug/incremental/tokio-3tvxiqdf59ytq/s-hkfhu0akfw-049ey9d-819lppas2gi7li31yvqawn2lr/1r2h8m0zwm90p6zj5dnklqydx.o		file	0600	1784155744980357266	261440	0553794c2d3b3950919a052425fc41b7f183265b3f01a36dd433a289e251c4db		exclude	non-evidence	compiled-or-generated-file	
tokio-watch/.specula-output/repro/target_cr2_watch_pairing/debug/incremental/tokio-3tvxiqdf59ytq/s-hkfhu0akfw-049ey9d-819lppas2gi7li31yvqawn2lr/1tu450sagnweho3n8jcbv5wpf.o		file	0600	1784155745121360110	16424	e8dda7fe53401308c80a0e128240e001701c45d30e280b6ae711efd29211ed50		exclude	non-evidence	compiled-or-generated-file	
tokio-watch/.specula-output/repro/target_cr2_watch_pairing/debug/incremental/tokio-3tvxiqdf59ytq/s-hkfhu0akfw-049ey9d-819lppas2gi7li31yvqawn2lr/1uu2ui20t88h3fazdil75t18s.o		file	0600	1784155745108359848	57600	0ccf048205162120dc8ea9b15e7c679ad3b70901abdd0ac90f5e4a780e9f28ff		exclude	non-evidence	compiled-or-generated-file	
tokio-watch/.specula-output/repro/target_cr2_watch_pairing/debug/incremental/tokio-3tvxiqdf59ytq/s-hkfhu0akfw-049ey9d-819lppas2gi7li31yvqawn2lr/1wn5wd3kqrqul1o3wpui5rbg9.o		file	0600	1784155744977357205	6672	9613b24909f71c6aa4f335729eb78da1daee45b4cbb0d7b733d943dfdb437406		exclude	non-evidence	compiled-or-generated-file	
tokio-watch/.specula-output/repro/target_cr2_watch_pairing/debug/incremental/tokio-3tvxiqdf59ytq/s-hkfhu0akfw-049ey9d-819lppas2gi7li31yvqawn2lr/1ypqpmpuiswpype6rfuwevprj.o		file	0600	1784155745180361301	86168	32d9287dada8e1df989db3579d1d731669ff779eb8958a3a582b21ccc4dd9ee0		exclude	non-evidence	compiled-or-generated-file	
tokio-watch/.specula-output/repro/target_cr2_watch_pairing/debug/incremental/tokio-3tvxiqdf59ytq/s-hkfhu0akfw-049ey9d-819lppas2gi7li31yvqawn2lr/2359aseiu2u0pme86ro252su1.o		file	0600	1784155745029358254	14456	0ab15b15a16b3e9e3cab3120706ebaad80dc240b6620057c11fbf12ec77b0062		exclude	non-evidence	compiled-or-generated-file	
tokio-watch/.specula-output/repro/target_cr2_watch_pairing/debug/incremental/tokio-3tvxiqdf59ytq/s-hkfhu0akfw-049ey9d-819lppas2gi7li31yvqawn2lr/24dh6ec45ti7c4gg1ae69jhqg.o		file	0600	1784155745100359687	107552	eda9ecc99c54bfe45ff092cd57f3e6d2b6277ef96d94fbb3e3f2de04825696d7		exclude	non-evidence	compiled-or-generated-file	
tokio-watch/.specula-output/repro/target_cr2_watch_pairing/debug/incremental/tokio-3tvxiqdf59ytq/s-hkfhu0akfw-049ey9d-819lppas2gi7li31yvqawn2lr/2990d83o0xbcc8ryzyhryya1l.o		file	0600	1784155745174361180	62136	bf6986c1b4e3686f7cd33857134ce6396360d8f813933b002ab1c60ecc77d26b		exclude	non-evidence	compiled-or-generated-file	
tokio-watch/.specula-output/repro/target_cr2_watch_pairing/debug/incremental/tokio-3tvxiqdf59ytq/s-hkfhu0akfw-049ey9d-819lppas2gi7li31yvqawn2lr/2didgthjwmoyeri3fnnef1lik.o		file	0600	1784155745023358133	9032	6b5b71e476bfd8dfbcbe436f0439ca5aa98568e55b3ce7743e0e6960996cafe8		exclude	non-evidence	compiled-or-generated-file	
tokio-watch/.specula-output/repro/target_cr2_watch_pairing/debug/incremental/tokio-3tvxiqdf59ytq/s-hkfhu0akfw-049ey9d-819lppas2gi7li31yvqawn2lr/2geijbjrzw3vbvfxji9rzc3rf.o		file	0600	1784155744990357468	92856	7cbed0c4a74aae0b68b581da611b060958c6027393359b2100edade05c687aa3		exclude	non-evidence	compiled-or-generated-file	
tokio-watch/.specula-output/repro/target_cr2_watch_pairing/debug/incremental/tokio-3tvxiqdf59ytq/s-hkfhu0akfw-049ey9d-819lppas2gi7li31yvqawn2lr/2go03qs732ott498qx36c89s3.o		file	0600	1784155745172361139	20432	b246836f3aa2bcffda19592be52ca8c073ba086865cd276f08408a9bbe2ec39a		exclude	non-evidence	compiled-or-generated-file	
tokio-watch/.specula-output/repro/target_cr2_watch_pairing/debug/incremental/tokio-3tvxiqdf59ytq/s-hkfhu0akfw-049ey9d-819lppas2gi7li31yvqawn2lr/2h20id314xg5gkk7bhulv0mlh.o		file	0600	1784155745216362027	78016	f7674d1ede47c01a3f9ee6bf5c5c2ebd31efc0ed955cd14d8f10e0c03fc05180		exclude	non-evidence	compiled-or-generated-file	
tokio-watch/.specula-output/repro/target_cr2_watch_pairing/debug/incremental/tokio-3tvxiqdf59ytq/s-hkfhu0akfw-049ey9d-819lppas2gi7li31yvqawn2lr/2h29lrzi3sr94i7os8uqarbto.o		file	0600	1784155745078359243	7952	232acede5c8aa085f408214e7bc059c1e525309b638197682461748fa6eba273		exclude	non-evidence	compiled-or-generated-file	
tokio-watch/.specula-output/repro/target_cr2_watch_pairing/debug/incremental/tokio-3tvxiqdf59ytq/s-hkfhu0akfw-049ey9d-819lppas2gi7li31yvqawn2lr/2ifltdkjfjeaey7oex6zo8141.o		file	0600	1784155745223362168	75040	3598c67eae3cc76b77500248a24dd2104110fbb0f8fcfb146c06be88fcdae9ce		exclude	non-evidence	compiled-or-generated-file	
tokio-watch/.specula-output/repro/target_cr2_watch_pairing/debug/incremental/tokio-3tvxiqdf59ytq/s-hkfhu0akfw-049ey9d-819lppas2gi7li31yvqawn2lr/2lnqc3lasv9xhkulwr6x389i4.o		file	0600	1784155745156360816	14392	1b52e163c748d3d8673fab64bdf5e82448be4984ff10a5a57f7b8cbbbe2e535b		exclude	non-evidence	compiled-or-generated-file	
tokio-watch/.specula-output/repro/target_cr2_watch_pairing/debug/incremental/tokio-3tvxiqdf59ytq/s-hkfhu0akfw-049ey9d-819lppas2gi7li31yvqawn2lr/2on5mpst38x9krjz85sj8rpma.o		file	0600	1784155745230362310	77152	3f58f7366768a805b52f6aca95340c5a29358293c0ea4dd52d59f5f8d8c5c6d6		exclude	non-evidence	compiled-or-generated-file	
tokio-watch/.specula-output/repro/target_cr2_watch_pairing/debug/incremental/tokio-3tvxiqdf59ytq/s-hkfhu0akfw-049ey9d-819lppas2gi7li31yvqawn2lr/2oxy33a9fhnwxf1aw24zlhdti.o		file	0600	1784155745207361846	25408	772b96a175c9c4b61d7b612f86dbacb37890a78412417c88020d8591aed635a5		exclude	non-evidence	compiled-or-generated-file	
tokio-watch/.specula-output/repro/target_cr2_watch_pairing/debug/incremental/tokio-3tvxiqdf59ytq/s-hkfhu0akfw-049ey9d-819lppas2gi7li31yvqawn2lr/2oyw0evd363vcs8mgkj8v5r0f.o		file	0600	1784155745170361099	64088	7cc7433e23c231d4396f4e15c7950f2530d7b2ee592f0067a41577f150935368		exclude	non-evidence	compiled-or-generated-file	
tokio-watch/.specula-output/repro/target_cr2_watch_pairing/debug/incremental/tokio-3tvxiqdf59ytq/s-hkfhu0akfw-049ey9d-819lppas2gi7li31yvqawn2lr/2pu5fwosz84401nbka8phwmr0.o		file	0600	1784155745203361765	64344	6e9623cf2695e9a5f2495a842a10df11ec9056ab148e864ad33407b9c7dcedbf		exclude	non-evidence	compiled-or-generated-file	
tokio-watch/.specula-output/repro/target_cr2_watch_pairing/debug/incremental/tokio-3tvxiqdf59ytq/s-hkfhu0akfw-049ey9d-819lppas2gi7li31yvqawn2lr/2t4utkc2n1s55mn4h3cnlwupr.o		file	0600	1784155745079359263	101568	5b4b0cd492ae99ab737c03f66188f6e3b63d208c6f3908ebb38190bb57756662		exclude	non-evidence	compiled-or-generated-file	
tokio-watch/.specula-output/repro/target_cr2_watch_pairing/debug/incremental/tokio-3tvxiqdf59ytq/s-hkfhu0akfw-049ey9d-819lppas2gi7li31yvqawn2lr/2u7ziisdbe8s0lie4g7wn37pf.o		file	0600	1784155745152360736	22880	8c69355316165eaca541b8c8a7628b16c9025ac7f30906c654801d7d0f2bbafe		exclude	non-evidence	compiled-or-generated-file	
tokio-watch/.specula-output/repro/target_cr2_watch_pairing/debug/incremental/tokio-3tvxiqdf59ytq/s-hkfhu0akfw-049ey9d-819lppas2gi7li31yvqawn2lr/2wb72a01wfuq2j1rghxsn6eyi.o		file	0600	1784155745123360151	13504	08b1d9f2e52d48a0fc4b01f2ba67fd021bb85cfd304b2563f9a6732fd9cc0420		exclude	non-evidence	compiled-or-generated-file	
tokio-watch/.specula-output/repro/target_cr2_watch_pairing/debug/incremental/tokio-3tvxiqdf59ytq/s-hkfhu0akfw-049ey9d-819lppas2gi7li31yvqawn2lr/31pb2nv6qp84ke0gpxzs3b89n.o		file	0600	1784155745133360353	4960	c418a3ef068e607f40032995d29191fdba54d3c50f74e062ff2acfdc2c4a50e7		exclude	non-evidence	compiled-or-generated-file	
tokio-watch/.specula-output/repro/target_cr2_watch_pairing/debug/incremental/tokio-3tvxiqdf59ytq/s-hkfhu0akfw-049ey9d-819lppas2gi7li31yvqawn2lr/350axi528cx547iieg1ka6h7a.o		file	0600	1784155745077359223	14712	424f7dae78cea98a884460fd21129137f82f71872cc6ddc3cf820b304043a106		exclude	non-evidence	compiled-or-generated-file	
tokio-watch/.specula-output/repro/target_cr2_watch_pairing/debug/incremental/tokio-3tvxiqdf59ytq/s-hkfhu0akfw-049ey9d-819lppas2gi7li31yvqawn2lr/35vgn4ei2z0s91nor17ppoa6c.o		file	0600	1784155745101359707	3808	49fce44289e934dd3c9a318790ffb0046745f25f284ec411d91560d72eccf4bf		exclude	non-evidence	compiled-or-generated-file	
tokio-watch/.specula-output/repro/target_cr2_watch_pairing/debug/incremental/tokio-3tvxiqdf59ytq/s-hkfhu0akfw-049ey9d-819lppas2gi7li31yvqawn2lr/374xemoje4wotuuq1025vblxr.o		file	0600	1784155745114359969	38680	356dc3b804b49fe06ebe52473d9c7d3734863521919895754fb5e8f76a48be14		exclude	non-evidence	compiled-or-generated-file	
tokio-watch/.specula-output/repro/target_cr2_watch_pairing/debug/incremental/tokio-3tvxiqdf59ytq/s-hkfhu0akfw-049ey9d-819lppas2gi7li31yvqawn2lr/37fya2n9s0psvhqi0ka8c44qn.o		file	0600	1784155745099359667	4312	d8dfe9dcbcf464c0f7f0ee6fb3710dffe6686952a367248bf48b0d60c5ee1228		exclude	non-evidence	compiled-or-generated-file	
tokio-watch/.specula-output/repro/target_cr2_watch_pairing/debug/incremental/tokio-3tvxiqdf59ytq/s-hkfhu0akfw-049ey9d-819lppas2gi7li31yvqawn2lr/3bonewzfv4sf106x41syl5ra6.o		file	0600	1784155745132360332	12408	2e41a0fc6f3ce9f5cee840f6edd52c90f0635ef27843c7045b741dfe5cf5fb93		exclude	non-evidence	compiled-or-generated-file	
tokio-watch/.specula-output/repro/target_cr2_watch_pairing/debug/incremental/tokio-3tvxiqdf59ytq/s-hkfhu0akfw-049ey9d-819lppas2gi7li31yvqawn2lr/3cmuf7ot293evq84sxhj5mnx0.o		file	0600	1784155745190361502	22984	35549ca6d2219fed4d443fac069c0a2c7fc1822245a7abb4040c6c0692f73dc4		exclude	non-evidence	compiled-or-generated-file	
tokio-watch/.specula-output/repro/target_cr2_watch_pairing/debug/incremental/tokio-3tvxiqdf59ytq/s-hkfhu0akfw-049ey9d-819lppas2gi7li31yvqawn2lr/3e9d1w4xmuikfnsxoigogvd7b.o		file	0600	1784155745092359525	21696	eef3fe337083e13ebe9543357cf480450f650c357296c12cfa273725975c5b46		exclude	non-evidence	compiled-or-generated-file	
tokio-watch/.specula-output/repro/target_cr2_watch_pairing/debug/incremental/tokio-3tvxiqdf59ytq/s-hkfhu0akfw-049ey9d-819lppas2gi7li31yvqawn2lr/3ihat6jf3r3s75bf8a4e5v6su.o		file	0600	1784155745057358819	28608	71e8b5a7a0302a1b247702f96850c203152bf8131f041e5163ffc98b671462fc		exclude	non-evidence	compiled-or-generated-file	
tokio-watch/.specula-output/repro/target_cr2_watch_pairing/debug/incremental/tokio-3tvxiqdf59ytq/s-hkfhu0akfw-049ey9d-819lppas2gi7li31yvqawn2lr/3ijp1dh1l9o5uo8wblt038puw.o		file	0600	1784155745182361341	6912	f1ff7df2b668002af424f8d5c8b88243010f1c2e7a5d1d6b31ca8010edc176c9		exclude	non-evidence	compiled-or-generated-file	
tokio-watch/.specula-output/repro/target_cr2_watch_pairing/debug/incremental/tokio-3tvxiqdf59ytq/s-hkfhu0akfw-049ey9d-819lppas2gi7li31yvqawn2lr/3iqdnn71zceumxb1l03032m9w.o		file	0600	1784155745017358012	87888	b8d67478760532974d364a73c8f8ceba8b2ccb3ebe752df9f18e5de2f79849b9		exclude	non-evidence	compiled-or-generated-file	
tokio-watch/.specula-output/repro/target_cr2_watch_pairing/debug/incremental/tokio-3tvxiqdf59ytq/s-hkfhu0akfw-049ey9d-819lppas2gi7li31yvqawn2lr/3k1o33c6e6lkkdl68jijyy81g.o		file	0600	1784155745220362108	17728	c94959a3a9e3490ffe47afc0a8856a5fe22504422d0128a332bfd14cf313fd2c		exclude	non-evidence	compiled-or-generated-file	
tokio-watch/.specula-output/repro/target_cr2_watch_pairing/debug/incremental/tokio-3tvxiqdf59ytq/s-hkfhu0akfw-049ey9d-819lppas2gi7li31yvqawn2lr/3mmq983xt7ra95tq6ha5tb163.o		file	0600	1784155745119360070	20504	5912464970102895301edfdfe98bdd8364362d1b2410db1d903f3737ad621423		exclude	non-evidence	compiled-or-generated-file	
tokio-watch/.specula-output/repro/target_cr2_watch_pairing/debug/incremental/tokio-3tvxiqdf59ytq/s-hkfhu0akfw-049ey9d-819lppas2gi7li31yvqawn2lr/3o5rtdu5copxv9pmq5ss87b94.o		file	0600	1784155745225362209	8576	f1594c5c9c9f04ccc3ae234031242c475dc935a8aa005e2e3dbcee2a8aa29ed5		exclude	non-evidence	compiled-or-generated-file	
tokio-watch/.specula-output/repro/target_cr2_watch_pairing/debug/incremental/tokio-3tvxiqdf59ytq/s-hkfhu0akfw-049ey9d-819lppas2gi7li31yvqawn2lr/3qmxfhuj5jfn5wzwv2o7jc3vx.o		file	0600	1784155744970357064	5824	88a4fb831047c507577e0c8cfb0ecdfb4288976b7a58ed127e26da415b6b64c0		exclude	non-evidence	compiled-or-generated-file	
tokio-watch/.specula-output/repro/target_cr2_watch_pairing/debug/incremental/tokio-3tvxiqdf59ytq/s-hkfhu0akfw-049ey9d-819lppas2gi7li31yvqawn2lr/3rdo2qftnr6n3gprnmr40st1f.o		file	0600	1784155745182361341	7808	559bc13b52ae8bfc6b8690b638ecc222267cf7a6e80e8c75974fcc47afca439c		exclude	non-evidence	compiled-or-generated-file	
tokio-watch/.specula-output/repro/target_cr2_watch_pairing/debug/incremental/tokio-3tvxiqdf59ytq/s-hkfhu0akfw-049ey9d-819lppas2gi7li31yvqawn2lr/3s28fitbqo10zpdzlvi4zhqsn.o		file	0600	1784155745069359061	6624	bd611a0ecc6f3c6fcb9fc685eff9aba10c8cc66abbfde1400d231999e92a6069		exclude	non-evidence	compiled-or-generated-file	
tokio-watch/.specula-output/repro/target_cr2_watch_pairing/debug/incremental/tokio-3tvxiqdf59ytq/s-hkfhu0akfw-049ey9d-819lppas2gi7li31yvqawn2lr/3syp1olrb6watu1q9gbgyyyuq.o		file	0600	1784155745078359243	61416	59226b338320023e2bd82e17b357c522219e7326fb187ea95d43a567c67d4a9f		exclude	non-evidence	compiled-or-generated-file	
tokio-watch/.specula-output/repro/target_cr2_watch_pairing/debug/incremental/tokio-3tvxiqdf59ytq/s-hkfhu0akfw-049ey9d-819lppas2gi7li31yvqawn2lr/3t5q8yet764y1ib8tvufcjaqw.o		file	0600	1784155745219362088	33824	083d3aa17c98d83b0cff6d3b236d27b2be1bd44421c3ebf21bc25a7b96bf9cd6		exclude	non-evidence	compiled-or-generated-file	
tokio-watch/.specula-output/repro/target_cr2_watch_pairing/debug/incremental/tokio-3tvxiqdf59ytq/s-hkfhu0akfw-049ey9d-819lppas2gi7li31yvqawn2lr/3texinf2mv4w8fbavuugwsavc.o		file	0600	1784155745224362189	59808	bb591f79e3aa4bdc3422fdf7107d3fba1477c8ffefac255a9c1eae637acbd8da		exclude	non-evidence	compiled-or-generated-file	
tokio-watch/.specula-output/repro/target_cr2_watch_pairing/debug/incremental/tokio-3tvxiqdf59ytq/s-hkfhu0akfw-049ey9d-819lppas2gi7li31yvqawn2lr/3tj2zhuey2ebjgvj0rh295fgp.o		file	0600	1784155745082359324	39032	471d74832b366d366d7a574574d8e18e5d80bc4edc04d48ef67483e793d12165		exclude	non-evidence	compiled-or-generated-file	
tokio-watch/.specula-output/repro/target_cr2_watch_pairing/debug/incremental/tokio-3tvxiqdf59ytq/s-hkfhu0akfw-049ey9d-819lppas2gi7li31yvqawn2lr/3v7nq6o32t15cgqi1ek62qtrd.o		file	0600	1784155745163360958	65496	e1ab384dd77e4e83cf365c2ae8ac02763f6e57dcaf1d3d370aa0491155899eff		exclude	non-evidence	compiled-or-generated-file	
tokio-watch/.specula-output/repro/target_cr2_watch_pairing/debug/incremental/tokio-3tvxiqdf59ytq/s-hkfhu0akfw-049ey9d-819lppas2gi7li31yvqawn2lr/3vdchp8ickwtwsg4ibk3g716m.o		file	0600	1784155745075359183	6960	7ef1aabb9eb340d695436575a2da486b57d4ad75bbdd6ba16ad04eaedaff156b		exclude	non-evidence	compiled-or-generated-file	
tokio-watch/.specula-output/repro/target_cr2_watch_pairing/debug/incremental/tokio-3tvxiqdf59ytq/s-hkfhu0akfw-049ey9d-819lppas2gi7li31yvqawn2lr/3wwhq3ee90v0cff2mc7mrod8v.o		file	0600	1784155745227362249	16640	ca9d7da186143e19712d7f3564e100b494f8fac22c1580b7db9bd9c9118fc778		exclude	non-evidence	compiled-or-generated-file	
tokio-watch/.specula-output/repro/target_cr2_watch_pairing/debug/incremental/tokio-3tvxiqdf59ytq/s-hkfhu0akfw-049ey9d-819lppas2gi7li31yvqawn2lr/40d6hjqnoenuefyh2s1vkocmq.o		file	0600	1784155745097359626	4400	1204d49b15d17b196779523cf70f6b5793bde1c39c1557da09d06d60a9de5375		exclude	non-evidence	compiled-or-generated-file	
tokio-watch/.specula-output/repro/target_cr2_watch_pairing/debug/incremental/tokio-3tvxiqdf59ytq/s-hkfhu0akfw-049ey9d-819lppas2gi7li31yvqawn2lr/41e7kk6jnby90p8k4xwipz0i7.o		file	0600	1784155745053358739	72056	5ce6d974bd6be2ea41b500bf559485b13365b4202cecc681503fe66a89cb3d10		exclude	non-evidence	compiled-or-generated-file	
tokio-watch/.specula-output/repro/target_cr2_watch_pairing/debug/incremental/tokio-3tvxiqdf59ytq/s-hkfhu0akfw-049ey9d-819lppas2gi7li31yvqawn2lr/435xnu5qj14tjmkm0xcvpaxdh.o		file	0600	1784155744992357508	286504	ca9a99b3fab1ca218992bc3c009a0cd391d9e2feb72ca2d7fc3ffa4f19e9b2f5		exclude	non-evidence	compiled-or-generated-file	
tokio-watch/.specula-output/repro/target_cr2_watch_pairing/debug/incremental/tokio-3tvxiqdf59ytq/s-hkfhu0akfw-049ey9d-819lppas2gi7li31yvqawn2lr/43ru52wfesjr86728b95g2nyy.o		file	0600	1784155745091359505	124792	646c9135b576e5f60041c7e73326119bb526ec519618b9a6f782e4418369860f		exclude	non-evidence	compiled-or-generated-file	
tokio-watch/.specula-output/repro/target_cr2_watch_pairing/debug/incremental/tokio-3tvxiqdf59ytq/s-hkfhu0akfw-049ey9d-819lppas2gi7li31yvqawn2lr/452ai3x5dbpdnjccapt88bxvx.o		file	0600	1784155745105359788	4464	4cdfd20a33d0b15fde1c3110eec48509bd82606c8f31e185f5ed0060a489f7b5		exclude	non-evidence	compiled-or-generated-file	
tokio-watch/.specula-output/repro/target_cr2_watch_pairing/debug/incremental/tokio-3tvxiqdf59ytq/s-hkfhu0akfw-049ey9d-819lppas2gi7li31yvqawn2lr/484tjsnqx5mzvd6imfyq9lwdv.o		file	0600	1784155745174361180	14376	5bcb985cada9149be17eddc64c4d0b3e0ba5f3d0806bc21e9774fd605adf428a		exclude	non-evidence	compiled-or-generated-file	
tokio-watch/.specula-output/repro/target_cr2_watch_pairing/debug/incremental/tokio-3tvxiqdf59ytq/s-hkfhu0akfw-049ey9d-819lppas2gi7li31yvqawn2lr/48an2cc5a4qqlpe8nbqj7gayr.o		file	0600	1784155745233362370	9184	7e949a03b2bd454f8e5298f6a2ad7d1abe159734748ddc266fc84ed81a0f0a3d		exclude	non-evidence	compiled-or-generated-file	
tokio-watch/.specula-output/repro/target_cr2_watch_pairing/debug/incremental/tokio-3tvxiqdf59ytq/s-hkfhu0akfw-049ey9d-819lppas2gi7li31yvqawn2lr/4enub1y9qh2qy6b2ujrihybz4.o		file	0600	1784155745010357871	61816	3d9ff458906159f07c1d5ff8360fc1ef380261fe7bef904027b4571dd8573d5c		exclude	non-evidence	compiled-or-generated-file	
tokio-watch/.specula-output/repro/target_cr2_watch_pairing/debug/incremental/tokio-3tvxiqdf59ytq/s-hkfhu0akfw-049ey9d-819lppas2gi7li31yvqawn2lr/4eshjis5xgih56b29bbg3t79c.o		file	0600	1784155745097359626	40288	adb16ebf27a29105a2bba7687ece25a6bbb3131d05d4bee1108c4a7076dffdb9		exclude	non-evidence	compiled-or-generated-file	
tokio-watch/.specula-output/repro/target_cr2_watch_pairing/debug/incremental/tokio-3tvxiqdf59ytq/s-hkfhu0akfw-049ey9d-819lppas2gi7li31yvqawn2lr/4g1vthb5jnjhlaj562rhefrqn.o		file	0600	1784155745107359828	50136	04cef20f78b19de963fea128fc512e6358ffe1f28271c475542718858c9bc280		exclude	non-evidence	compiled-or-generated-file	
tokio-watch/.specula-output/repro/target_cr2_watch_pairing/debug/incremental/tokio-3tvxiqdf59ytq/s-hkfhu0akfw-049ey9d-819lppas2gi7li31yvqawn2lr/4h6vuwixf55eptldr7dqqpx01.o		file	0600	1784155745158360857	27456	3e5674e5a535eb1159dd96697daafd4cdcf95b996c1ef826aec5bdfdc6c190fc		exclude	non-evidence	compiled-or-generated-file	
tokio-watch/.specula-output/repro/target_cr2_watch_pairing/debug/incremental/tokio-3tvxiqdf59ytq/s-hkfhu0akfw-049ey9d-819lppas2gi7li31yvqawn2lr/4igw9tvxipxyt9u9d9x9j451p.o		file	0600	1784155745079359263	42128	2459c011523a7034f279df0159fb8e1a4af4d82b35a95643ee39a2bd9e4f05f4		exclude	non-evidence	compiled-or-generated-file	
tokio-watch/.specula-output/repro/target_cr2_watch_pairing/debug/incremental/tokio-3tvxiqdf59ytq/s-hkfhu0akfw-049ey9d-819lppas2gi7li31yvqawn2lr/4np56icwj74pu553ws1o1xeay.o		file	0600	1784155745042358517	55288	39eee78476b28a14f78db2bfa51a08e6d5e30b45d34488d0803b86b82d102d8b		exclude	non-evidence	compiled-or-generated-file	
tokio-watch/.specula-output/repro/target_cr2_watch_pairing/debug/incremental/tokio-3tvxiqdf59ytq/s-hkfhu0akfw-049ey9d-819lppas2gi7li31yvqawn2lr/4o2cso2s02hsw99n9mpg5wpp2.o		file	0600	1784155745012357911	230664	257904d2aee0f30d28ea2d2830d01fc603fcef5308ea0daa25f87f33e6d533fb		exclude	non-evidence	compiled-or-generated-file	
tokio-watch/.specula-output/repro/target_cr2_watch_pairing/debug/incremental/tokio-3tvxiqdf59ytq/s-hkfhu0akfw-049ey9d-819lppas2gi7li31yvqawn2lr/4r0dvaxxrczpw61w6lp9x7s4g.o		file	0600	1784155745124360171	14160	160bf5bbdf8875783440a6b4a42f3a12581036a7b0ecd285518712dd589d5bb6		exclude	non-evidence	compiled-or-generated-file	
tokio-watch/.specula-output/repro/target_cr2_watch_pairing/debug/incremental/tokio-3tvxiqdf59ytq/s-hkfhu0akfw-049ey9d-819lppas2gi7li31yvqawn2lr/4spankk0no9klgzkwbxgofrl5.o		file	0600	1784155745227362249	10168	a14bac1be19a2d9f74031ae405b93cd3368383c099b08eacbbce72d6da358842		exclude	non-evidence	compiled-or-generated-file	
tokio-watch/.specula-output/repro/target_cr2_watch_pairing/debug/incremental/tokio-3tvxiqdf59ytq/s-hkfhu0akfw-049ey9d-819lppas2gi7li31yvqawn2lr/4v7cvajhxapi3mzjejlydjk0c.o		file	0600	1784155745179361281	6648	16a6566aafd3facef35b1ed7016f421cead6cc26f01ec044cf09c499985b5395		exclude	non-evidence	compiled-or-generated-file	
tokio-watch/.specula-output/repro/target_cr2_watch_pairing/debug/incremental/tokio-3tvxiqdf59ytq/s-hkfhu0akfw-049ey9d-819lppas2gi7li31yvqawn2lr/4vihy0kwbgytzgp0xbwmvqr3o.o		file	0600	1784155745039358456	153152	be2c4ee88356707f739c8feac02f86e853c616d80386e917fc7606ef653cea89		exclude	non-evidence	compiled-or-generated-file	
tokio-watch/.specula-output/repro/target_cr2_watch_pairing/debug/incremental/tokio-3tvxiqdf59ytq/s-hkfhu0akfw-049ey9d-819lppas2gi7li31yvqawn2lr/4xtoissmyumz6ool13669kvrw.o		file	0600	1784155745195361603	16728	a3bb3ba9bf726c2f15906a7f26f93d1b0cc69b119a815677382be5bfa5d23ac9		exclude	non-evidence	compiled-or-generated-file	
tokio-watch/.specula-output/repro/target_cr2_watch_pairing/debug/incremental/tokio-3tvxiqdf59ytq/s-hkfhu0akfw-049ey9d-819lppas2gi7li31yvqawn2lr/4znacy4flbhnuv4igci3y9mkg.o		file	0600	1784155745155360797	13024	d4dce3b2952fbbb1dc4c6a5c3ed1f1d5b86c39582c572f86e0cc1f1b0d16f3cd		exclude	non-evidence	compiled-or-generated-file	
tokio-watch/.specula-output/repro/target_cr2_watch_pairing/debug/incremental/tokio-3tvxiqdf59ytq/s-hkfhu0akfw-049ey9d-819lppas2gi7li31yvqawn2lr/51t5057elnkamy9nsgt375wy9.o		file	0600	1784155745216362027	7792	2e3c52aa45eb92151bbd4c84884408d2456ac6cb8d8f24d55b19f99a71ff1c99		exclude	non-evidence	compiled-or-generated-file	
tokio-watch/.specula-output/repro/target_cr2_watch_pairing/debug/incremental/tokio-3tvxiqdf59ytq/s-hkfhu0akfw-049ey9d-819lppas2gi7li31yvqawn2lr/5405antl3gmd9316rzfrpvm72.o		file	0600	1784155745197361644	22776	380cecfe93d498682b347f0fcb7d7b7aa4c3ad64f6c291a78db3715f604a4c8e		exclude	non-evidence	compiled-or-generated-file	
tokio-watch/.specula-output/repro/target_cr2_watch_pairing/debug/incremental/tokio-3tvxiqdf59ytq/s-hkfhu0akfw-049ey9d-819lppas2gi7li31yvqawn2lr/54qn3vecvdh3qt231p0yuoj17.o		file	0600	1784155745061358900	23960	aad65d0e4d2f393728d85074e16f5bb8122f82e262926b94dc1905778a6979a8		exclude	non-evidence	compiled-or-generated-file	
tokio-watch/.specula-output/repro/target_cr2_watch_pairing/debug/incremental/tokio-3tvxiqdf59ytq/s-hkfhu0akfw-049ey9d-819lppas2gi7li31yvqawn2lr/55eahsrjs8efdi4gth0vlcik1.o		file	0600	1784155745209361886	24360	bb5cbc7b08b6054f8754b87905258dd41b4dd7eab4aa6246010a3240cae7ec72		exclude	non-evidence	compiled-or-generated-file	
tokio-watch/.specula-output/repro/target_cr2_watch_pairing/debug/incremental/tokio-3tvxiqdf59ytq/s-hkfhu0akfw-049ey9d-819lppas2gi7li31yvqawn2lr/5862mw1w8ncnm3t549fjue7xz.o		file	0600	1784155745233362370	17920	d09edd887363bb797ab4dabbadf62d506b24bc0df0072574b9c3e7e9e0e7e63b		exclude	non-evidence	compiled-or-generated-file	
tokio-watch/.specula-output/repro/target_cr2_watch_pairing/debug/incremental/tokio-3tvxiqdf59ytq/s-hkfhu0akfw-049ey9d-819lppas2gi7li31yvqawn2lr/58e9mnqtce0yvc0c65xsw7461.o		file	0600	1784155745123360151	13672	4119de6dacbd0e72661e74e3efbd2d336a5eaebde03518b70d828898c3b78778		exclude	non-evidence	compiled-or-generated-file	
tokio-watch/.specula-output/repro/target_cr2_watch_pairing/debug/incremental/tokio-3tvxiqdf59ytq/s-hkfhu0akfw-049ey9d-819lppas2gi7li31yvqawn2lr/5bubqgkwfudrt4qzr80thrgbr.o		file	0600	1784155745087359424	64944	19a04331287c1270f0017c95dd58e554eaf46334ca331e8c451bf5c027e83d7e		exclude	non-evidence	compiled-or-generated-file	
tokio-watch/.specula-output/repro/target_cr2_watch_pairing/debug/incremental/tokio-3tvxiqdf59ytq/s-hkfhu0akfw-049ey9d-819lppas2gi7li31yvqawn2lr/5cozoq8ejjis59st0qt3yhgy2.o		file	0600	1784155745153360756	7616	9e450b104472a864fa5bb67478e8c21fddc96267067371f5345f47a8625386a7		exclude	non-evidence	compiled-or-generated-file	
tokio-watch/.specula-output/repro/target_cr2_watch_pairing/debug/incremental/tokio-3tvxiqdf59ytq/s-hkfhu0akfw-049ey9d-819lppas2gi7li31yvqawn2lr/5cvlfic6nwgspf55cdiu6j33j.o		file	0600	1784155745116360010	20080	b22e59e8f689a378953494b92ca0ca05224217256d676fb4a78a4c921359c0c4		exclude	non-evidence	compiled-or-generated-file	
tokio-watch/.specula-output/repro/target_cr2_watch_pairing/debug/incremental/tokio-3tvxiqdf59ytq/s-hkfhu0akfw-049ey9d-819lppas2gi7li31yvqawn2lr/5gk8ho655yhibhfqb7yzktawa.o		file	0600	1784155745059358860	4352	e12846aec1941a2aa4715a7f78880f2ec6d7963968d03dcd8ded48f8c1bea7d1		exclude	non-evidence	compiled-or-generated-file	
tokio-watch/.specula-output/repro/target_cr2_watch_pairing/debug/incremental/tokio-3tvxiqdf59ytq/s-hkfhu0akfw-049ey9d-819lppas2gi7li31yvqawn2lr/5gnya9u66tb0clh8byit2ysjh.o		file	0600	1784155745020358073	4768	2d1e6510e1f40e8aeef11561081c8542ed930ef002def3c39917e1d9ad7ac8ca		exclude	non-evidence	compiled-or-generated-file	
tokio-watch/.specula-output/repro/target_cr2_watch_pairing/debug/incremental/tokio-3tvxiqdf59ytq/s-hkfhu0akfw-049ey9d-819lppas2gi7li31yvqawn2lr/5jedi8kt8352q5pxd7hwq4s4x.o		file	0600	1784155745140360494	14544	5f7959c7c58328e6bf43963ac87ff6b7d307eb66f65f8df8c4c6aaa0c9808af3		exclude	non-evidence	compiled-or-generated-file	
tokio-watch/.specula-output/repro/target_cr2_watch_pairing/debug/incremental/tokio-3tvxiqdf59ytq/s-hkfhu0akfw-049ey9d-819lppas2gi7li31yvqawn2lr/5n9r0bdca7y8v0ujk2earkslk.o		file	0600	1784155745104359767	105376	65429b12d35d66f2bd5a8a04eedf0e9cb239f62a8e5dfd0577254cbec37bffc4		exclude	non-evidence	compiled-or-generated-file	
tokio-watch/.specula-output/repro/target_cr2_watch_pairing/debug/incremental/tokio-3tvxiqdf59ytq/s-hkfhu0akfw-049ey9d-819lppas2gi7li31yvqawn2lr/5ob3cifqsq57k3rfxpsbw0e2w.o		file	0600	1784155745114359969	13264	285100a2f0b7c9323ccffc32baa9f06b5758eea791ba6e96e3f2c66f5c85bf5d		exclude	non-evidence	compiled-or-generated-file	
tokio-watch/.specula-output/repro/target_cr2_watch_pairing/debug/incremental/tokio-3tvxiqdf59ytq/s-hkfhu0akfw-049ey9d-819lppas2gi7li31yvqawn2lr/5og6q2eqmxuk1p4q9mbozawhb.o		file	0600	1784155745225362209	5232	cfd16fa52e4951e063ba60296471f7ba6d45928eed09d852085b88e56ec77560		exclude	non-evidence	compiled-or-generated-file	
tokio-watch/.specula-output/repro/target_cr2_watch_pairing/debug/incremental/tokio-3tvxiqdf59ytq/s-hkfhu0akfw-049ey9d-819lppas2gi7li31yvqawn2lr/5oh4rd1a1o3d11v2g5s2qfj5u.o		file	0600	1784155745026358194	90288	7bcb7926454bb8bce499103da5bc240d2f9042e675a5f498ca4f0f6b9e6a6157		exclude	non-evidence	compiled-or-generated-file	
tokio-watch/.specula-output/repro/target_cr2_watch_pairing/debug/incremental/tokio-3tvxiqdf59ytq/s-hkfhu0akfw-049ey9d-819lppas2gi7li31yvqawn2lr/5q5jzv2mbhl88pdo9baez952x.o		file	0600	1784155745117360030	4336	975d38500d9f9dd51752eebcc5dc156c741d9ecda2b0bff6e0704868b655a518		exclude	non-evidence	compiled-or-generated-file	
tokio-watch/.specula-output/repro/target_cr2_watch_pairing/debug/incremental/tokio-3tvxiqdf59ytq/s-hkfhu0akfw-049ey9d-819lppas2gi7li31yvqawn2lr/5trylkd3guri35c63nsqa7smj.o		file	0600	1784155745157360837	72664	4e195b544133a5c5aeb75390bca6e3433dde8139278e548c4a38c529c6623911		exclude	non-evidence	compiled-or-generated-file	
tokio-watch/.specula-output/repro/target_cr2_watch_pairing/debug/incremental/tokio-3tvxiqdf59ytq/s-hkfhu0akfw-049ey9d-819lppas2gi7li31yvqawn2lr/5ts5dvfor7pl7rbgu7hxsq2m3.o		file	0600	1784155745134360373	25184	45e3b49875b31393ae5cd2a7c4f337e7c4e528ef36c494a3516a91d922cab5b6		exclude	non-evidence	compiled-or-generated-file	
tokio-watch/.specula-output/repro/target_cr2_watch_pairing/debug/incremental/tokio-3tvxiqdf59ytq/s-hkfhu0akfw-049ey9d-819lppas2gi7li31yvqawn2lr/63z0ved3lshm3vkv4icau17es.o		file	0600	1784155745110359888	39568	4a05416d5b80522fb1e7e431e7c6c4f980c9a3719b0d43e9bd8fdc70394009a4		exclude	non-evidence	compiled-or-generated-file	
tokio-watch/.specula-output/repro/target_cr2_watch_pairing/debug/incremental/tokio-3tvxiqdf59ytq/s-hkfhu0akfw-049ey9d-819lppas2gi7li31yvqawn2lr/66mka1n1bfun6uhcjwgvh9lar.o		file	0600	1784155745086359404	4616	74e64fafdd9a64ac1b33674eb354f1dd8b418bd8515156ab647a57fd066c572c		exclude	non-evidence	compiled-or-generated-file	
tokio-watch/.specula-output/repro/target_cr2_watch_pairing/debug/incremental/tokio-3tvxiqdf59ytq/s-hkfhu0akfw-049ey9d-819lppas2gi7li31yvqawn2lr/6ai5qlpbogx42kxp43amzlkb0.o		file	0600	1784155745110359888	7440	ff1cf3e435dccc646c57226017cc96346b36b3685904ece02cae58bebae5b1eb		exclude	non-evidence	compiled-or-generated-file	
tokio-watch/.specula-output/repro/target_cr2_watch_pairing/debug/incremental/tokio-3tvxiqdf59ytq/s-hkfhu0akfw-049ey9d-819lppas2gi7li31yvqawn2lr/6cjrgsz4m1odvpzdfhpwkotxh.o		file	0600	1784155745220362108	79120	0b60ada3cbf957247bdf559ba9d48cd6e7ab1784f080c3bdc0d54f74cd9378c9		exclude	non-evidence	compiled-or-generated-file	
tokio-watch/.specula-output/repro/target_cr2_watch_pairing/debug/incremental/tokio-3tvxiqdf59ytq/s-hkfhu0akfw-049ey9d-819lppas2gi7li31yvqawn2lr/6fgdh07dvxsipp04h9dzr4bfd.o		file	0600	1784155745118360050	26240	c595ff4ba04fd522c929d7de94a10b74012f7d4b8a31e4dcc63c15af172a5b50		exclude	non-evidence	compiled-or-generated-file	
tokio-watch/.specula-output/repro/target_cr2_watch_pairing/debug/incremental/tokio-3tvxiqdf59ytq/s-hkfhu0akfw-049ey9d-819lppas2gi7li31yvqawn2lr/6gk8wfdugj22tgcm41g0t5a2t.o		file	0600	1784155745200361704	64448	8b638a7ca287558f4fe9960e044bcc1aaa36a8b3738ed26c86f33ce927ac6b7a		exclude	non-evidence	compiled-or-generated-file	
tokio-watch/.specula-output/repro/target_cr2_watch_pairing/debug/incremental/tokio-3tvxiqdf59ytq/s-hkfhu0akfw-049ey9d-819lppas2gi7li31yvqawn2lr/6hrp62254tnebz1ll4gk3geja.o		file	0600	1784155745058358839	3248	473c3050fd22c4e0b838541fa8be5d0b94929904ef4f6a9b4ce18d2c15bf385b		exclude	non-evidence	compiled-or-generated-file	
tokio-watch/.specula-output/repro/target_cr2_watch_pairing/debug/incremental/tokio-3tvxiqdf59ytq/s-hkfhu0akfw-049ey9d-819lppas2gi7li31yvqawn2lr/6lx2iahl9ifqg3e5hqisdrl1g.o		file	0600	1784155745122360131	37080	c79204e4f4711fc8a000e44459090f58d455d1c5bd19eb794bc77dbab53d9bf4		exclude	non-evidence	compiled-or-generated-file	
tokio-watch/.specula-output/repro/target_cr2_watch_pairing/debug/incremental/tokio-3tvxiqdf59ytq/s-hkfhu0akfw-049ey9d-819lppas2gi7li31yvqawn2lr/6o65six6ytobv6r9oqo9x4swi.o		file	0600	1784155745189361482	4328	ff0818e4779be1754af5f1333ff4d3a1794e3f8f1654865253ea6cdfda9a4d13		exclude	non-evidence	compiled-or-generated-file	
tokio-watch/.specula-output/repro/target_cr2_watch_pairing/debug/incremental/tokio-3tvxiqdf59ytq/s-hkfhu0akfw-049ey9d-819lppas2gi7li31yvqawn2lr/6sq4qc4x1bkagaf67goqg7w94.o		file	0600	1784155745156360816	22872	6136f854543f29e3bcf5bb3a42c7a5f7f400e2be74e1a0b1d03494c62cf69fa8		exclude	non-evidence	compiled-or-generated-file	
tokio-watch/.specula-output/repro/target_cr2_watch_pairing/debug/incremental/tokio-3tvxiqdf59ytq/s-hkfhu0akfw-049ey9d-819lppas2gi7li31yvqawn2lr/6uszk5rvz8eyzkee4re4ihemh.o		file	0600	1784155745045358577	129176	9d57df73b80e102a7a500e766fd0425a9849e954f9dac289059e6c87352ca0de		exclude	non-evidence	compiled-or-generated-file	
tokio-watch/.specula-output/repro/target_cr2_watch_pairing/debug/incremental/tokio-3tvxiqdf59ytq/s-hkfhu0akfw-049ey9d-819lppas2gi7li31yvqawn2lr/6vryzrfosq64kmj93qsx0yb81.o		file	0600	1784155744991357488	886752	349a6c389ae44f53f2f5b31175ade3c989b91b627f1b01b2a505da6e906d42a4		exclude	non-evidence	compiled-or-generated-file	
tokio-watch/.specula-output/repro/target_cr2_watch_pairing/debug/incremental/tokio-3tvxiqdf59ytq/s-hkfhu0akfw-049ey9d-819lppas2gi7li31yvqawn2lr/6xfb5h3cmg5rfo61ak3r2wqkk.o		file	0600	1784155745197361644	63272	9e942221200dd6572c05e5fced5a020efae32d7fc224024d29b57785165a3ec8		exclude	non-evidence	compiled-or-generated-file	
tokio-watch/.specula-output/repro/target_cr2_watch_pairing/debug/incremental/tokio-3tvxiqdf59ytq/s-hkfhu0akfw-049ey9d-819lppas2gi7li31yvqawn2lr/6z69f89dvpjoijwbclv70mlgf.o		file	0600	1784155745126360211	14840	0e14c2745491b591a84126f3518374f57e3072f180af8e946eb2b2bc8ccd3c86		exclude	non-evidence	compiled-or-generated-file	
tokio-watch/.specula-output/repro/target_cr2_watch_pairing/debug/incremental/tokio-3tvxiqdf59ytq/s-hkfhu0akfw-049ey9d-819lppas2gi7li31yvqawn2lr/71xmas6u2wmfza6fpvxa9s8fg.o		file	0600	1784155745212361946	26640	eb237ee24c7c34e4b7922c8e68da78e0590df9e7792b525a76e9068427eb360d		exclude	non-evidence	compiled-or-generated-file	
tokio-watch/.specula-output/repro/target_cr2_watch_pairing/debug/incremental/tokio-3tvxiqdf59ytq/s-hkfhu0akfw-049ey9d-819lppas2gi7li31yvqawn2lr/725xd9bvkvlgulxw7d13lhzha.o		file	0600	1784155745191361523	9584	4782d3ffb3069db632e99dc48e51ca976d3274ba24cf68265b4353b5d31769dc		exclude	non-evidence	compiled-or-generated-file	
tokio-watch/.specula-output/repro/target_cr2_watch_pairing/debug/incremental/tokio-3tvxiqdf59ytq/s-hkfhu0akfw-049ey9d-819lppas2gi7li31yvqawn2lr/7799qqh0wv04imqk7uya2nbbc.o		file	0600	1784155745122360131	6944	0635d216ce625d955dd8d347afd3fd821d0bfa119431ebdc6993c66cca979fcd		exclude	non-evidence	compiled-or-generated-file	
tokio-watch/.specula-output/repro/target_cr2_watch_pairing/debug/incremental/tokio-3tvxiqdf59ytq/s-hkfhu0akfw-049ey9d-819lppas2gi7li31yvqawn2lr/79toy0x2mrc4c6x9f2qlltuvl.o		file	0600	1784155745185361402	8392	43ad861031f97fd45a19bca7a7e0644aae2ae205af82dc43cccf7c0e7c0f5f3d		exclude	non-evidence	compiled-or-generated-file	
tokio-watch/.specula-output/repro/target_cr2_watch_pairing/debug/incremental/tokio-3tvxiqdf59ytq/s-hkfhu0akfw-049ey9d-819lppas2gi7li31yvqawn2lr/7au94oit34bo1p588q9002dmv.o		file	0600	1784155745183361361	59360	e20947bcf691a9b44e53afa5fe695a4d9bfbe775a681eb641d86092518835926		exclude	non-evidence	compiled-or-generated-file	
tokio-watch/.specula-output/repro/target_cr2_watch_pairing/debug/incremental/tokio-3tvxiqdf59ytq/s-hkfhu0akfw-049ey9d-819lppas2gi7li31yvqawn2lr/7eqhj5hhtj0xpnwf5ol51zv4e.o		file	0600	1784155745104359767	7064	b9af4e95e979880ce893c74cd1e90f9ea9d639504150ad91fc5728fa3639e254		exclude	non-evidence	compiled-or-generated-file	
tokio-watch/.specula-output/repro/target_cr2_watch_pairing/debug/incremental/tokio-3tvxiqdf59ytq/s-hkfhu0akfw-049ey9d-819lppas2gi7li31yvqawn2lr/7fdq1dshk70giw9ifju4neslw.o		file	0600	1784155745201361724	16688	0b70c42d6bab40075cf7e155514ecdd032fd1cb0e7c1a37c2dc9832bf763b0ee		exclude	non-evidence	compiled-or-generated-file	
tokio-watch/.specula-output/repro/target_cr2_watch_pairing/debug/incremental/tokio-3tvxiqdf59ytq/s-hkfhu0akfw-049ey9d-819lppas2gi7li31yvqawn2lr/7lpm1eeq0vrrqr3t10xlxi3xv.o		file	0600	1784155745215362007	5976	2c2f289735274b8f80c36f51f18da2951e262eafb5e11ba44784ae3788733267		exclude	non-evidence	compiled-or-generated-file	
tokio-watch/.specula-output/repro/target_cr2_watch_pairing/debug/incremental/tokio-3tvxiqdf59ytq/s-hkfhu0akfw-049ey9d-819lppas2gi7li31yvqawn2lr/7lqesq45khf5fsddf5jw77gh5.o		file	0600	1784155745018358032	56864	78e9f86700f467f77d69bf61701e397d9b136e7e31b82045519c4d5c0037c631		exclude	non-evidence	compiled-or-generated-file	
tokio-watch/.specula-output/repro/target_cr2_watch_pairing/debug/incremental/tokio-3tvxiqdf59ytq/s-hkfhu0akfw-049ey9d-819lppas2gi7li31yvqawn2lr/7lra4l7d7u48jnmr2wia99iur.o		file	0600	1784155745130360292	16024	abc38f5bca0328caadad7d8462eb300297a0fdb04b2bc15079f0c3d730b84e67		exclude	non-evidence	compiled-or-generated-file	
tokio-watch/.specula-output/repro/target_cr2_watch_pairing/debug/incremental/tokio-3tvxiqdf59ytq/s-hkfhu0akfw-049ey9d-819lppas2gi7li31yvqawn2lr/7o4erftweyhs0joj1aoaj8e7q.o		file	0600	1784155745233362370	65712	eecabbc7e3576ea6f9946b42f158f1f8e28712b8528ac417b20cc0e42384910b		exclude	non-evidence	compiled-or-generated-file	
tokio-watch/.specula-output/repro/target_cr2_watch_pairing/debug/incremental/tokio-3tvxiqdf59ytq/s-hkfhu0akfw-049ey9d-819lppas2gi7li31yvqawn2lr/7pnqts6sucggebiwu25nrqivc.o		file	0600	1784155745094359566	8560	02403261561e8be3ebf9bc0a94c3fd6fad7ff44c62aa5720bd78f94588c0e669		exclude	non-evidence	compiled-or-generated-file	
tokio-watch/.specula-output/repro/target_cr2_watch_pairing/debug/incremental/tokio-3tvxiqdf59ytq/s-hkfhu0akfw-049ey9d-819lppas2gi7li31yvqawn2lr/7r8pujj5fxtmpv1s8yoi9z2ol.o		file	0600	1784155745210361906	7472	2b02a6057610f883ae4fdeb294396f2b36b3b8ffd14f14e47e272c6251d9b54f		exclude	non-evidence	compiled-or-generated-file	
tokio-watch/.specula-output/repro/target_cr2_watch_pairing/debug/incremental/tokio-3tvxiqdf59ytq/s-hkfhu0akfw-049ey9d-819lppas2gi7li31yvqawn2lr/7rd2lmse539zrxvhm8r9aky7e.o		file	0600	1784155745187361442	5144	369a106d19fa4bdf6e3afdabb12e0759c0fd2a57accf08cb1ccc7288a6db7748		exclude	non-evidence	compiled-or-generated-file	
tokio-watch/.specula-output/repro/target_cr2_watch_pairing/debug/incremental/tokio-3tvxiqdf59ytq/s-hkfhu0akfw-049ey9d-819lppas2gi7li31yvqawn2lr/7rw5kxwn5r2zyor2882pqhr9x.o		file	0600	1784155744986357387	188640	d4dc60b1cf0e4667911a3a359d757d0d8142e2461d39c7d9677993c530d356ea		exclude	non-evidence	compiled-or-generated-file	
tokio-watch/.specula-output/repro/target_cr2_watch_pairing/debug/incremental/tokio-3tvxiqdf59ytq/s-hkfhu0akfw-049ey9d-819lppas2gi7li31yvqawn2lr/7y4o12p10sd30h7n2u45iuip6.o		file	0600	1784155745012357911	10312	ef8b0aa70e349f96e4b5f4dd4e6124d1ecac34d24ebbb39f13db2b978a0039c5		exclude	non-evidence	compiled-or-generated-file	
tokio-watch/.specula-output/repro/target_cr2_watch_pairing/debug/incremental/tokio-3tvxiqdf59ytq/s-hkfhu0akfw-049ey9d-819lppas2gi7li31yvqawn2lr/886w2b5c8vo0cgrw54h96iaiz.o		file	0600	1784155745058358839	120152	a1c6ddb947ab4513c96722be1e3665aaa606b6d3649130bc923d0fc1353ec09a		exclude	non-evidence	compiled-or-generated-file	
tokio-watch/.specula-output/repro/target_cr2_watch_pairing/debug/incremental/tokio-3tvxiqdf59ytq/s-hkfhu0akfw-049ey9d-819lppas2gi7li31yvqawn2lr/8aijyf5cx2ie0lcj9mde33p2h.o		file	0600	1784155745151360716	55672	525cd62e241587bd02ea36f3c1268f23cd87168c9ebd81411b3b1aa156a5080c		exclude	non-evidence	compiled-or-generated-file	
tokio-watch/.specula-output/repro/target_cr2_watch_pairing/debug/incremental/tokio-3tvxiqdf59ytq/s-hkfhu0akfw-049ey9d-819lppas2gi7li31yvqawn2lr/8hen88m3585zdizanogiwpdjy.o		file	0600	1784155745200361704	17848	6f1eaec22f59828b1c4967d68a56c3a495387964e686547fa173c4b6608a2bda		exclude	non-evidence	compiled-or-generated-file	
tokio-watch/.specula-output/repro/target_cr2_watch_pairing/debug/incremental/tokio-3tvxiqdf59ytq/s-hkfhu0akfw-049ey9d-819lppas2gi7li31yvqawn2lr/8kxpitn5wckx57ef1kkaf1t6p.o		file	0600	1784155745141360514	45032	3fdbf40dbbcd8f834c66dbc2f175107d73b0e9920e2d3a0ca04ee4f3d76dd558		exclude	non-evidence	compiled-or-generated-file	
tokio-watch/.specula-output/repro/target_cr2_watch_pairing/debug/incremental/tokio-3tvxiqdf59ytq/s-hkfhu0akfw-049ey9d-819lppas2gi7li31yvqawn2lr/8l1gkwpiryok4gti4ioteskea.o		file	0600	1784155745056358799	12208	c70810ac5b11a9d3a7a423ae327fab0f40d7f1495a612226fb71d5aa5a26fb10		exclude	non-evidence	compiled-or-generated-file	
tokio-watch/.specula-output/repro/target_cr2_watch_pairing/debug/incremental/tokio-3tvxiqdf59ytq/s-hkfhu0akfw-049ey9d-819lppas2gi7li31yvqawn2lr/8lgbsl0b4u1s2t1hnuy14stk9.o		file	0600	1784155745054358759	8024	303d1f7dc7b55fec0b5a62c508c73a32310a2e7cf90de9621c8a3501218168e9		exclude	non-evidence	compiled-or-generated-file	
tokio-watch/.specula-output/repro/target_cr2_watch_pairing/debug/incremental/tokio-3tvxiqdf59ytq/s-hkfhu0akfw-049ey9d-819lppas2gi7li31yvqawn2lr/8okv0m1prjq90wg66mbqrinru.o		file	0600	1784155745171361119	35336	ed94d0a6aee54d2d92105d3df82232a40e7eef99aa53b09383c6fb3a7e5bb031		exclude	non-evidence	compiled-or-generated-file	
tokio-watch/.specula-output/repro/target_cr2_watch_pairing/debug/incremental/tokio-3tvxiqdf59ytq/s-hkfhu0akfw-049ey9d-819lppas2gi7li31yvqawn2lr/8paw76env7y7f51o5k2y6cj18.o		file	0600	1784155745123360151	34832	ff6c83df18c257a8f9ed4438ce38f29a99a7b413213a9572362691f4b8e99438		exclude	non-evidence	compiled-or-generated-file	
tokio-watch/.specula-output/repro/target_cr2_watch_pairing/debug/incremental/tokio-3tvxiqdf59ytq/s-hkfhu0akfw-049ey9d-819lppas2gi7li31yvqawn2lr/8xffvhmh0h60u8gpq1smvuzyr.o		file	0600	1784155745185361402	11848	397689a983197d210e3c9ce14b1e93cb1db7a9f1cca68e412962a3ae75d4c449		exclude	non-evidence	compiled-or-generated-file	
tokio-watch/.specula-output/repro/target_cr2_watch_pairing/debug/incremental/tokio-3tvxiqdf59ytq/s-hkfhu0akfw-049ey9d-819lppas2gi7li31yvqawn2lr/8xxn5mwuj6u45bd2uxlwxrhva.o		file	0600	1784155745050358678	163048	773478a1f275f8a3faca8326adacf71e27bc9eb7696c9ff67d780453d32d0566		exclude	non-evidence	compiled-or-generated-file	
tokio-watch/.specula-output/repro/target_cr2_watch_pairing/debug/incremental/tokio-3tvxiqdf59ytq/s-hkfhu0akfw-049ey9d-819lppas2gi7li31yvqawn2lr/92ftl0hwjh5ms1f42k326brij.o		file	0600	1784155745068359041	57752	7b8fea218cad95873535801fa5edfea17ca061e4d4c2b016c966c907b3b86d51		exclude	non-evidence	compiled-or-generated-file	
tokio-watch/.specula-output/repro/target_cr2_watch_pairing/debug/incremental/tokio-3tvxiqdf59ytq/s-hkfhu0akfw-049ey9d-819lppas2gi7li31yvqawn2lr/93po0vuepunamgqovs36ce7v4.o		file	0600	1784155745116360010	5944	cb5a54acc3b7922073dc9096f249cc8616223fac3e8b24e57747cf751b1ffde3		exclude	non-evidence	compiled-or-generated-file	
tokio-watch/.specula-output/repro/target_cr2_watch_pairing/debug/incremental/tokio-3tvxiqdf59ytq/s-hkfhu0akfw-049ey9d-819lppas2gi7li31yvqawn2lr/96zspmbvhoob4d4gojpjvzrb7.o		file	0600	1784155745116360010	59432	59aab1dcfda478b86e47cc3e19055f5c3e0e63667fafab533f114ee220ba2792		exclude	non-evidence	compiled-or-generated-file	
tokio-watch/.specula-output/repro/target_cr2_watch_pairing/debug/incremental/tokio-3tvxiqdf59ytq/s-hkfhu0akfw-049ey9d-819lppas2gi7li31yvqawn2lr/9aiwcqbxuq1znsavu2z9ub19v.o		file	0600	1784155745011357891	47544	bf8fc16f072c573f4ca1cbab517af1cb82d19d34d38532324f346a482e4a342f		exclude	non-evidence	compiled-or-generated-file	
tokio-watch/.specula-output/repro/target_cr2_watch_pairing/debug/incremental/tokio-3tvxiqdf59ytq/s-hkfhu0akfw-049ey9d-819lppas2gi7li31yvqawn2lr/9aqvgj6y3y9gtyu9kbpooq06m.o		file	0600	1784155745168361059	23784	c7af33497c4894fd67eea1768367f8d45db8f54dbb69dd67fe461851bfa9d5a5		exclude	non-evidence	compiled-or-generated-file	
tokio-watch/.specula-output/repro/target_cr2_watch_pairing/debug/incremental/tokio-3tvxiqdf59ytq/s-hkfhu0akfw-049ey9d-819lppas2gi7li31yvqawn2lr/9b6h42vpgmbl9pwymjf39xwxy.o		file	0600	1784155745138360453	91248	b4d2b42a52f687a5d532e8a829f0f56f7a7298136329427814e9f0eb9e0645ef		exclude	non-evidence	compiled-or-generated-file	
tokio-watch/.specula-output/repro/target_cr2_watch_pairing/debug/incremental/tokio-3tvxiqdf59ytq/s-hkfhu0akfw-049ey9d-819lppas2gi7li31yvqawn2lr/9brlmke4lb3m7eqjsx3o1tqvh.o		file	0600	1784155745103359747	8624	621a566e4d2e6ba62e88a6f4e0cdf51ffe1a7cbd09d1a17806a3834235ec38b8		exclude	non-evidence	compiled-or-generated-file	
tokio-watch/.specula-output/repro/target_cr2_watch_pairing/debug/incremental/tokio-3tvxiqdf59ytq/s-hkfhu0akfw-049ey9d-819lppas2gi7li31yvqawn2lr/9c2n2tvacs568uy58t4p1y5w1.o		file	0600	1784155745171361119	4008	dade2b5488b593c64fd420b321013b1981689ae2714a0400c8fc89732763de31		exclude	non-evidence	compiled-or-generated-file	
tokio-watch/.specula-output/repro/target_cr2_watch_pairing/debug/incremental/tokio-3tvxiqdf59ytq/s-hkfhu0akfw-049ey9d-819lppas2gi7li31yvqawn2lr/9dokwm6tiicr3qs87cj20do2j.o		file	0600	1784155745131360312	84832	ddddc3133884be7cc191ecdb4d03f586fdd193cd651f45dfb3fe79b472671c1d		exclude	non-evidence	compiled-or-generated-file	
tokio-watch/.specula-output/repro/target_cr2_watch_pairing/debug/incremental/tokio-3tvxiqdf59ytq/s-hkfhu0akfw-049ey9d-819lppas2gi7li31yvqawn2lr/9fiqgq164rnbq5z3de8vk4wsp.o		file	0600	1784155745006357790	5736	618014dbda1b82c59a64168c5f88bf44ebc8e3c5227e2e1d84c5c1e4fdb74f49		exclude	non-evidence	compiled-or-generated-file	
tokio-watch/.specula-output/repro/target_cr2_watch_pairing/debug/incremental/tokio-3tvxiqdf59ytq/s-hkfhu0akfw-049ey9d-819lppas2gi7li31yvqawn2lr/9ingc8sd0vz4m79hy5x0nicdy.o		file	0600	1784155745002357709	197288	0845b00ba16c6eacb3d79264941bcfc7c850b804d7d9b2a9f7476500a603b105		exclude	non-evidence	compiled-or-generated-file	
tokio-watch/.specula-output/repro/target_cr2_watch_pairing/debug/incremental/tokio-3tvxiqdf59ytq/s-hkfhu0akfw-049ey9d-819lppas2gi7li31yvqawn2lr/9kihtzhmf2qld2to8s71s96fd.o		file	0600	1784155745074359162	71480	ad709a26be97d748f1f2318c8b31f5c4d72d68769e10c28cdb5a3490d0126e7f		exclude	non-evidence	compiled-or-generated-file	
tokio-watch/.specula-output/repro/target_cr2_watch_pairing/debug/incremental/tokio-3tvxiqdf59ytq/s-hkfhu0akfw-049ey9d-819lppas2gi7li31yvqawn2lr/9klfkei6rjk1roo763d42ak64.o		file	0600	1784155745227362249	16472	f38fb0ee204fd6cc9f80832b80f40804766b5496d29fff80395724205572643c		exclude	non-evidence	compiled-or-generated-file	
tokio-watch/.specula-output/repro/target_cr2_watch_pairing/debug/incremental/tokio-3tvxiqdf59ytq/s-hkfhu0akfw-049ey9d-819lppas2gi7li31yvqawn2lr/9kvlcdhqj5rqjp0ne1ai1z9re.o		file	0600	1784155745083359344	7480	decd6900f30742ac46f2f978cf551a4b4a2a3127dc06cad59b109cd271f379a0		exclude	non-evidence	compiled-or-generated-file	
tokio-watch/.specula-output/repro/target_cr2_watch_pairing/debug/incremental/tokio-3tvxiqdf59ytq/s-hkfhu0akfw-049ey9d-819lppas2gi7li31yvqawn2lr/9nbx68vgluw8d5ed9h8k2ufmn.o		file	0600	1784155745167361038	92008	80698fe930c64ab6b40e500e14f91f4a3d81b8e2f93a28a05219987d4d847947		exclude	non-evidence	compiled-or-generated-file	
tokio-watch/.specula-output/repro/target_cr2_watch_pairing/debug/incremental/tokio-3tvxiqdf59ytq/s-hkfhu0akfw-049ey9d-819lppas2gi7li31yvqawn2lr/9nvdsg1a29015kqfyjpishiv4.o		file	0600	1784155745093359545	56480	cf8d6a44e73238dafe151a73484a0f75ccda28eadcb38a2abafccc7637f7b733		exclude	non-evidence	compiled-or-generated-file	
tokio-watch/.specula-output/repro/target_cr2_watch_pairing/debug/incremental/tokio-3tvxiqdf59ytq/s-hkfhu0akfw-049ey9d-819lppas2gi7li31yvqawn2lr/9q4riq86kvuqzyma5uwfhkcx2.o		file	0600	1784155745201361724	13288	22496e731ad83856a6fcbd765f124a8b205e1ad49c260dca7476c5543d79e596		exclude	non-evidence	compiled-or-generated-file	
tokio-watch/.specula-output/repro/target_cr2_watch_pairing/debug/incremental/tokio-3tvxiqdf59ytq/s-hkfhu0akfw-049ey9d-819lppas2gi7li31yvqawn2lr/9qc3mv84r6vnwb10ly5tqng2u.o		file	0600	1784155745236362430	12144	a8a487e84073dd7d4bf22e1f16cf8d1bc8e5e0a94d3b271296f8e4a35560be83		exclude	non-evidence	compiled-or-generated-file	
tokio-watch/.specula-output/repro/target_cr2_watch_pairing/debug/incremental/tokio-3tvxiqdf59ytq/s-hkfhu0akfw-049ey9d-819lppas2gi7li31yvqawn2lr/9zxkv4adtrcccmg5r5leki1bb.o		file	0600	1784155745191361523	22800	ff78bba91c59fb0565064616e1e94514cc1799d31b55a142944180f0a5a3f663		exclude	non-evidence	compiled-or-generated-file	
tokio-watch/.specula-output/repro/target_cr2_watch_pairing/debug/incremental/tokio-3tvxiqdf59ytq/s-hkfhu0akfw-049ey9d-819lppas2gi7li31yvqawn2lr/a2f25yn0e96ulu4qzr6tf42my.o		file	0600	1784155745161360917	86936	5798fc0cd871a86b5902b0e3aedb0bb7d0caae8b8bfbfb1e9b509dd68d77b8d2		exclude	non-evidence	compiled-or-generated-file	
tokio-watch/.specula-output/repro/target_cr2_watch_pairing/debug/incremental/tokio-3tvxiqdf59ytq/s-hkfhu0akfw-049ey9d-819lppas2gi7li31yvqawn2lr/a30awrxaedvu0r16vdd245lp0.o		file	0600	1784155745095359586	74376	f2a8da840b76304bf66f8d817bd42b429e03f9ec41b42c3faa9d27ea6cd1368d		exclude	non-evidence	compiled-or-generated-file	
tokio-watch/.specula-output/repro/target_cr2_watch_pairing/debug/incremental/tokio-3tvxiqdf59ytq/s-hkfhu0akfw-049ey9d-819lppas2gi7li31yvqawn2lr/a3ok1tdyuy64x0aavfbdihab1.o		file	0600	1784155745073359142	45720	8efdb4e078485aa0b460aedcb60bd5b83527398d3351d695a3c061cabe8bc875		exclude	non-evidence	compiled-or-generated-file	
tokio-watch/.specula-output/repro/target_cr2_watch_pairing/debug/incremental/tokio-3tvxiqdf59ytq/s-hkfhu0akfw-049ey9d-819lppas2gi7li31yvqawn2lr/a4aeawr8ijhixc46vgwpyoknq.o		file	0600	1784155745176361220	33616	211f41f977ed9a92392a03c29124146fbf59969596d444497a0bcc7476e8b953		exclude	non-evidence	compiled-or-generated-file	
tokio-watch/.specula-output/repro/target_cr2_watch_pairing/debug/incremental/tokio-3tvxiqdf59ytq/s-hkfhu0akfw-049ey9d-819lppas2gi7li31yvqawn2lr/a4ia8wpavbsvw6bcy4f6kqhe5.o		file	0600	1784155745024358153	134008	310c37d002da9e8dadc4216a55d19ef41e8cdaf3786d2cd306de3d2c6e36f815		exclude	non-evidence	compiled-or-generated-file	
tokio-watch/.specula-output/repro/target_cr2_watch_pairing/debug/incremental/tokio-3tvxiqdf59ytq/s-hkfhu0akfw-049ey9d-819lppas2gi7li31yvqawn2lr/aa7posl68npnuzquyvneehy86.o		file	0600	1784155745109359868	10040	44f79a5292971768aae4a8219a4181456f986cedc9aa444701e4573a9671f14e		exclude	non-evidence	compiled-or-generated-file	
tokio-watch/.specula-output/repro/target_cr2_watch_pairing/debug/incremental/tokio-3tvxiqdf59ytq/s-hkfhu0akfw-049ey9d-819lppas2gi7li31yvqawn2lr/aeof7v4crd2a0ss76uyxwh932.o		file	0600	1784155745148360655	57480	b8a9f856ed40368ed008ea50f19a9e1200086d1d4bbb4e7948b34dc4d18258dd		exclude	non-evidence	compiled-or-generated-file	
tokio-watch/.specula-output/repro/target_cr2_watch_pairing/debug/incremental/tokio-3tvxiqdf59ytq/s-hkfhu0akfw-049ey9d-819lppas2gi7li31yvqawn2lr/aewsbffpzr5wh6egfbm49tp1y.o		file	0600	1784155745144360575	47256	9544901a5c666e73ac98c79ed8871604fac86574286d870eb892e4a8f4c2b4b6		exclude	non-evidence	compiled-or-generated-file	
tokio-watch/.specula-output/repro/target_cr2_watch_pairing/debug/incremental/tokio-3tvxiqdf59ytq/s-hkfhu0akfw-049ey9d-819lppas2gi7li31yvqawn2lr/afur0uwybcl7wrzbm2h5ksgbv.o		file	0600	1784155745041358496	22464	dd1328265efc90a70efe697b309b70687f596edcebc5712e787ac831dc0a1d27		exclude	non-evidence	compiled-or-generated-file	
tokio-watch/.specula-output/repro/target_cr2_watch_pairing/debug/incremental/tokio-3tvxiqdf59ytq/s-hkfhu0akfw-049ey9d-819lppas2gi7li31yvqawn2lr/agw8lmw50utr4pbrmi9yc4jsh.o		file	0600	1784155745074359162	8008	ccbc58c1247e7afcadd98762f79ceefb286d2374b971e97afc828ca053be8d50		exclude	non-evidence	compiled-or-generated-file	
tokio-watch/.specula-output/repro/target_cr2_watch_pairing/debug/incremental/tokio-3tvxiqdf59ytq/s-hkfhu0akfw-049ey9d-819lppas2gi7li31yvqawn2lr/ai5zq1wbkwi95zmwzsy9pboey.o		file	0600	1784155745165360998	37112	b82401013746cb53a5e937b4ec48cb756cd1827a9dd99aba777ca3150ab0ec55		exclude	non-evidence	compiled-or-generated-file	
tokio-watch/.specula-output/repro/target_cr2_watch_pairing/debug/incremental/tokio-3tvxiqdf59ytq/s-hkfhu0akfw-049ey9d-819lppas2gi7li31yvqawn2lr/ajaktxhf41s38zxe2fvm6ho89.o		file	0600	1784155745185361402	5288	41f0ef3b7bc2efd582d21b876ada695e8c9c45bb9bc91209f53680131644daf0		exclude	non-evidence	compiled-or-generated-file	
tokio-watch/.specula-output/repro/target_cr2_watch_pairing/debug/incremental/tokio-3tvxiqdf59ytq/s-hkfhu0akfw-049ey9d-819lppas2gi7li31yvqawn2lr/ak245d80a6f4r50ajhvsnv98s.o		file	0600	1784155745005357770	56512	9b7c9ba248d234fa20aabe525067d2896dd0086dba736db7174b76b8ce7c74b9		exclude	non-evidence	compiled-or-generated-file	
tokio-watch/.specula-output/repro/target_cr2_watch_pairing/debug/incremental/tokio-3tvxiqdf59ytq/s-hkfhu0akfw-049ey9d-819lppas2gi7li31yvqawn2lr/akt4nwjcexuk30zprs2ibhxs0.o		file	0600	1784155745193361563	13824	9c34e73e73994bf40a705e2e5531db38c02ba5e2d5a1a948d83cb8411658cbf3		exclude	non-evidence	compiled-or-generated-file	
tokio-watch/.specula-output/repro/target_cr2_watch_pairing/debug/incremental/tokio-3tvxiqdf59ytq/s-hkfhu0akfw-049ey9d-819lppas2gi7li31yvqawn2lr/al86fu7vzopy4v4c2fibs7s93.o		file	0600	1784155744997357609	8352	e6f06ca26e188920f58edbba66382d313cf030c9acdabb0f56f1d5a19b2ada7e		exclude	non-evidence	compiled-or-generated-file	
tokio-watch/.specula-output/repro/target_cr2_watch_pairing/debug/incremental/tokio-3tvxiqdf59ytq/s-hkfhu0akfw-049ey9d-819lppas2gi7li31yvqawn2lr/aqkz3wjgas0b0wwvnh8k1jbj6.o		file	0600	1784155745135360393	39224	d324cac4f4052a84760d417fa9e2f1b6400c11907aa3d9b6d7b7fe720b4bb1b3		exclude	non-evidence	compiled-or-generated-file	
tokio-watch/.specula-output/repro/target_cr2_watch_pairing/debug/incremental/tokio-3tvxiqdf59ytq/s-hkfhu0akfw-049ey9d-819lppas2gi7li31yvqawn2lr/arh6p9rcbctpn8cx6fzdz6bst.o		file	0600	1784155745216362027	18760	02f1c778cab8535bdc79a65110892334015e48f14b1b94e13007203af4c190b8		exclude	non-evidence	compiled-or-generated-file	
tokio-watch/.specula-output/repro/target_cr2_watch_pairing/debug/incremental/tokio-3tvxiqdf59ytq/s-hkfhu0akfw-049ey9d-819lppas2gi7li31yvqawn2lr/asx1xgvpnmjk2p4e47pxlkztv.o		file	0600	1784155745127360231	11304	53b6dbc0fa0964f9f14ee9fbb4039d0c37a50d9c5520d6d08e9b79b41eedd571		exclude	non-evidence	compiled-or-generated-file	
tokio-watch/.specula-output/repro/target_cr2_watch_pairing/debug/incremental/tokio-3tvxiqdf59ytq/s-hkfhu0akfw-049ey9d-819lppas2gi7li31yvqawn2lr/at8bji91acgow1b8xfz7817l5.o		file	0600	1784155745230362310	20040	44581591b3077970405db38fb1eaa1941d736cc9e0d9c9debe34d97472fe3f78		exclude	non-evidence	compiled-or-generated-file	
tokio-watch/.specula-output/repro/target_cr2_watch_pairing/debug/incremental/tokio-3tvxiqdf59ytq/s-hkfhu0akfw-049ey9d-819lppas2gi7li31yvqawn2lr/awi67d3709saoa6n1kodbeuri.o		file	0600	1784155745018358032	104056	b3868bcf6f74ece2d52cfa33895ff3be3dc73b15867cf4637c1f60b4471aec10		exclude	non-evidence	compiled-or-generated-file	
tokio-watch/.specula-output/repro/target_cr2_watch_pairing/debug/incremental/tokio-3tvxiqdf59ytq/s-hkfhu0akfw-049ey9d-819lppas2gi7li31yvqawn2lr/b5g02ofygx1ycrnrto2dj4deb.o		file	0600	1784155745105359788	38664	6dc9f91ef71902832c8ee1d7ad23cd34e81a35b1d79d55ab8df7ee03f1f076a5		exclude	non-evidence	compiled-or-generated-file	
tokio-watch/.specula-output/repro/target_cr2_watch_pairing/debug/incremental/tokio-3tvxiqdf59ytq/s-hkfhu0akfw-049ey9d-819lppas2gi7li31yvqawn2lr/b7fsl2dcb46c53lkihsbt2uoc.o		file	0600	1784155745114359969	62096	4a50e295364e2811ed1c1b4f0dfda33cec0f8c5e6a7ee0736f83808a10adbc3e		exclude	non-evidence	compiled-or-generated-file	
tokio-watch/.specula-output/repro/target_cr2_watch_pairing/debug/incremental/tokio-3tvxiqdf59ytq/s-hkfhu0akfw-049ey9d-819lppas2gi7li31yvqawn2lr/b825tq1u7wvzbsnoa4vjvc7sn.o		file	0600	1784155745064358960	5304	aa789eb9bab94315bdc1cd6736f9daf8190def6a694615dc8e548f83aaf82c70		exclude	non-evidence	compiled-or-generated-file	
tokio-watch/.specula-output/repro/target_cr2_watch_pairing/debug/incremental/tokio-3tvxiqdf59ytq/s-hkfhu0akfw-049ey9d-819lppas2gi7li31yvqawn2lr/baeyy2tq037e5vq4vvls8a8ul.o		file	0600	1784155744991357488	8488	d0d21873f9b9495dcb87ad2d6a28877de41c5fd6c438c597ec47ba00d0cbf78d		exclude	non-evidence	compiled-or-generated-file	
tokio-watch/.specula-output/repro/target_cr2_watch_pairing/debug/incremental/tokio-3tvxiqdf59ytq/s-hkfhu0akfw-049ey9d-819lppas2gi7li31yvqawn2lr/bb47twwnk3xca1zexvqvn4jxk.o		file	0600	1784155744963356923	13496	d858ceecbde505afd515edca7cb24b9ce6341a2bc9fa9f87b73a68344cad30c2		exclude	non-evidence	compiled-or-generated-file	
tokio-watch/.specula-output/repro/target_cr2_watch_pairing/debug/incremental/tokio-3tvxiqdf59ytq/s-hkfhu0akfw-049ey9d-819lppas2gi7li31yvqawn2lr/bbbclxhz9hpq5jzme2kg4iro8.o		file	0600	1784155745103359747	52008	41c2be607057a0c3c63091c1e8d1508f70ca3aa8de15364fad22dff778445d63		exclude	non-evidence	compiled-or-generated-file	
tokio-watch/.specula-output/repro/target_cr2_watch_pairing/debug/incremental/tokio-3tvxiqdf59ytq/s-hkfhu0akfw-049ey9d-819lppas2gi7li31yvqawn2lr/bj6fweidk88y04dwf57rjoh72.o		file	0600	1784155745160360897	12120	87a94ae883842399de706bf73c57cfeed7c30a07e86805a37e5b789f30e598fb		exclude	non-evidence	compiled-or-generated-file	
tokio-watch/.specula-output/repro/target_cr2_watch_pairing/debug/incremental/tokio-3tvxiqdf59ytq/s-hkfhu0akfw-049ey9d-819lppas2gi7li31yvqawn2lr/bjpi7r9zqtvbnxwjlytcmvhug.o		file	0600	1784155745062358920	43632	db8cfe40f11e1e6a6bb372ab885f36d2ef2d6d14d083c9bb57fc5e59ba8f9615		exclude	non-evidence	compiled-or-generated-file	
tokio-watch/.specula-output/repro/target_cr2_watch_pairing/debug/incremental/tokio-3tvxiqdf59ytq/s-hkfhu0akfw-049ey9d-819lppas2gi7li31yvqawn2lr/bos83f1ll2ln0jyxv1pityf03.o		file	0600	1784155745167361038	20528	7bb854b6f58a19534b576c6b25d7b99e67e73748edf16ef4cd77b3e6f7fdb2bd		exclude	non-evidence	compiled-or-generated-file	
tokio-watch/.specula-output/repro/target_cr2_watch_pairing/debug/incremental/tokio-3tvxiqdf59ytq/s-hkfhu0akfw-049ey9d-819lppas2gi7li31yvqawn2lr/bqfvl57x0hjrek5w66qah5ox3.o		file	0600	1784155745066359001	99472	52a86616123a44e58ce95a756ed97ffe8fd20ad3a4ed4e308b32bc9ffc21e889		exclude	non-evidence	compiled-or-generated-file	
tokio-watch/.specula-output/repro/target_cr2_watch_pairing/debug/incremental/tokio-3tvxiqdf59ytq/s-hkfhu0akfw-049ey9d-819lppas2gi7li31yvqawn2lr/bsbbjn2geg28kmq41i44hvvtk.o		file	0600	1784155744986357387	11192	b61aefc243c89fec93537fb3f212c66f344a0afc8ed4435801c88a2641a2480f		exclude	non-evidence	compiled-or-generated-file	
tokio-watch/.specula-output/repro/target_cr2_watch_pairing/debug/incremental/tokio-3tvxiqdf59ytq/s-hkfhu0akfw-049ey9d-819lppas2gi7li31yvqawn2lr/btzy0mbij024xkyk5ibwi4o93.o		file	0600	1784155745193361563	11472	d7b7329bb3267a6a6a75af4cac659c4b2f6915948aebb566c863b34d9e2dae51		exclude	non-evidence	compiled-or-generated-file	
tokio-watch/.specula-output/repro/target_cr2_watch_pairing/debug/incremental/tokio-3tvxiqdf59ytq/s-hkfhu0akfw-049ey9d-819lppas2gi7li31yvqawn2lr/buj5qiwvwy5sieogsz7l17v5f.o		file	0600	1784155745194361583	11616	bae4624cd2b70461cbea026c0ef5eba12891e52fa801472d4a52313373225ac2		exclude	non-evidence	compiled-or-generated-file	
tokio-watch/.specula-output/repro/target_cr2_watch_pairing/debug/incremental/tokio-3tvxiqdf59ytq/s-hkfhu0akfw-049ey9d-819lppas2gi7li31yvqawn2lr/bwa1kiog5g6dz59n77j7i5hjv.o		file	0600	1784155745193361563	61320	929cc6421d48c3ec391d799d1846691a2ae77f639b3563396c2c428a9ecb2af3		exclude	non-evidence	compiled-or-generated-file	
tokio-watch/.specula-output/repro/target_cr2_watch_pairing/debug/incremental/tokio-3tvxiqdf59ytq/s-hkfhu0akfw-049ey9d-819lppas2gi7li31yvqawn2lr/bwqxah3grc2nj5wox4u8fr0yv.o		file	0600	1784155745121360110	14712	f7b3b7d11040f696b4c8d5ac871380c40e9edc30598db1e990720fc6d3cc04c7		exclude	non-evidence	compiled-or-generated-file	
tokio-watch/.specula-output/repro/target_cr2_watch_pairing/debug/incremental/tokio-3tvxiqdf59ytq/s-hkfhu0akfw-049ey9d-819lppas2gi7li31yvqawn2lr/c4t8jwdr6ovynpinen6o12c9b.o		file	0600	1784155745183361361	75192	e209fd18f444598a4ab394ed9b46e3e568cecbe7c4c29462bf501cb097a14b11		exclude	non-evidence	compiled-or-generated-file	
tokio-watch/.specula-output/repro/target_cr2_watch_pairing/debug/incremental/tokio-3tvxiqdf59ytq/s-hkfhu0akfw-049ey9d-819lppas2gi7li31yvqawn2lr/ccytunjvc40sxplwk3553hrds.o		file	0600	1784155745194361583	15672	d4f6b8563dc85352f8dc48d0b4c47d52a4447e8a78747308346807eb038790fa		exclude	non-evidence	compiled-or-generated-file	
tokio-watch/.specula-output/repro/target_cr2_watch_pairing/debug/incremental/tokio-3tvxiqdf59ytq/s-hkfhu0akfw-049ey9d-819lppas2gi7li31yvqawn2lr/cdlb5prbiv9ufb113rc0tcm0o.o		file	0600	1784155745225362209	18128	df263ab970174a7b683195fea63498f41ab8fb7999592ee3566d8da20168d87a		exclude	non-evidence	compiled-or-generated-file	
tokio-watch/.specula-output/repro/target_cr2_watch_pairing/debug/incremental/tokio-3tvxiqdf59ytq/s-hkfhu0akfw-049ey9d-819lppas2gi7li31yvqawn2lr/co3dy9zhpgw087dp1xckv11gf.o		file	0600	1784155745061358900	6184	e1f1e26f923087740fa9f4b09df6f403c05538da5ec83e9980b643b5c02e0890		exclude	non-evidence	compiled-or-generated-file	
tokio-watch/.specula-output/repro/target_cr2_watch_pairing/debug/incremental/tokio-3tvxiqdf59ytq/s-hkfhu0akfw-049ey9d-819lppas2gi7li31yvqawn2lr/cvlan8e4zzytbjqjxhwb5b72g.o		file	0600	1784155745113359949	46328	0bf96c01f51ef6e84b90a3d61d61c5ee9851f70eed985d9f6f78a4a2e4480841		exclude	non-evidence	compiled-or-generated-file	
tokio-watch/.specula-output/repro/target_cr2_watch_pairing/debug/incremental/tokio-3tvxiqdf59ytq/s-hkfhu0akfw-049ey9d-819lppas2gi7li31yvqawn2lr/cvmj8iaz1vu17caquvcjddg2w.o		file	0600	1784155744998357629	178208	ed52999653649aaea5cf36ef70deaf156e2ac787d270a002c03328cd62ec5481		exclude	non-evidence	compiled-or-generated-file	
tokio-watch/.specula-output/repro/target_cr2_watch_pairing/debug/incremental/tokio-3tvxiqdf59ytq/s-hkfhu0akfw-049ey9d-819lppas2gi7li31yvqawn2lr/czvk2x1730jv5xjfbyyqzh9rt.o		file	0600	1784155745128360252	29424	e013a77fcc038b7131c86dbb980d1ae6af671f0c99a23a401a10ed81b961b58e		exclude	non-evidence	compiled-or-generated-file	
tokio-watch/.specula-output/repro/target_cr2_watch_pairing/debug/incremental/tokio-3tvxiqdf59ytq/s-hkfhu0akfw-049ey9d-819lppas2gi7li31yvqawn2lr/d14810jkpoqb6r8u0kz9gcf0l.o		file	0600	1784155745119360070	5704	7186e8f867e2059db3ae72e6c6a0fc74dcf8768091d1c69d67b25585aa3bb39a		exclude	non-evidence	compiled-or-generated-file	
tokio-watch/.specula-output/repro/target_cr2_watch_pairing/debug/incremental/tokio-3tvxiqdf59ytq/s-hkfhu0akfw-049ey9d-819lppas2gi7li31yvqawn2lr/d1t1woutpjmw31adiqx1m9qf6.o		file	0600	1784155745234362390	13704	90e2498e4e5b3e8fe12df1d7bb7be5c4db3c3711775c41b2768abb19df072f8f		exclude	non-evidence	compiled-or-generated-file	
tokio-watch/.specula-output/repro/target_cr2_watch_pairing/debug/incremental/tokio-3tvxiqdf59ytq/s-hkfhu0akfw-049ey9d-819lppas2gi7li31yvqawn2lr/d3vziudzi1m5wr5kj1da40mhq.o		file	0600	1784155745028358234	151504	75ecbc5ec71ea9e14a82fcc1d0269c962815dbf5487c3c4594b179b529e1c221		exclude	non-evidence	compiled-or-generated-file	
tokio-watch/.specula-output/repro/target_cr2_watch_pairing/debug/incremental/tokio-3tvxiqdf59ytq/s-hkfhu0akfw-049ey9d-819lppas2gi7li31yvqawn2lr/d8ayy1oyypo34fxrxd4o1glfw.o		file	0600	1784155745199361684	4560	b66d817e2755d2bd3749e88cf12232dda35f225ca7af57ebadc515112404aca2		exclude	non-evidence	compiled-or-generated-file	
tokio-watch/.specula-output/repro/target_cr2_watch_pairing/debug/incremental/tokio-3tvxiqdf59ytq/s-hkfhu0akfw-049ey9d-819lppas2gi7li31yvqawn2lr/d8hncxii4a5csfsg13aryu6m2.o		file	0600	1784155745140360494	67096	6d28a610e44b5c9b6fd053729303f4e5e583ece1f2dc2cfba34caf1370be8794		exclude	non-evidence	compiled-or-generated-file	
tokio-watch/.specula-output/repro/target_cr2_watch_pairing/debug/incremental/tokio-3tvxiqdf59ytq/s-hkfhu0akfw-049ey9d-819lppas2gi7li31yvqawn2lr/d9brqxnciozpia1rm74wn3k5p.o		file	0600	1784155745209361886	24208	22f1d9ed614064b62f0e0ca87dfc41dedb27b28c41921e7de4971bb0028193c9		exclude	non-evidence	compiled-or-generated-file	
tokio-watch/.specula-output/repro/target_cr2_watch_pairing/debug/incremental/tokio-3tvxiqdf59ytq/s-hkfhu0akfw-049ey9d-819lppas2gi7li31yvqawn2lr/daeqn9wavzpoysqd49mklxzvo.o		file	0600	1784155745225362209	12200	d7d677266b1d9d39590178ca1d9c1824a09bdbab0f314b42ec374a4f139f4717		exclude	non-evidence	compiled-or-generated-file	
tokio-watch/.specula-output/repro/target_cr2_watch_pairing/debug/incremental/tokio-3tvxiqdf59ytq/s-hkfhu0akfw-049ey9d-819lppas2gi7li31yvqawn2lr/dbg32zu77f1ft6qf8i5e6yyjt.o		file	0600	1784155745236362430	18200	2f8cbbb9c9bf31f0b6a9626a68be0167d09364742781b87485f9d67c5aacd553		exclude	non-evidence	compiled-or-generated-file	
tokio-watch/.specula-output/repro/target_cr2_watch_pairing/debug/incremental/tokio-3tvxiqdf59ytq/s-hkfhu0akfw-049ey9d-819lppas2gi7li31yvqawn2lr/dcuecsvqrukusyd4g1ggll69c.o		file	0600	1784155745090359485	8064	b39a255d8f68d117041e5c98d4d92bbf8d79d14ed418a712a272f413e3d51a17		exclude	non-evidence	compiled-or-generated-file	
tokio-watch/.specula-output/repro/target_cr2_watch_pairing/debug/incremental/tokio-3tvxiqdf59ytq/s-hkfhu0akfw-049ey9d-819lppas2gi7li31yvqawn2lr/dep-graph.bin	tokio-watch/.specula-output/repro/target_cr2_watch_pairing/debug/incremental/tokio-3tvxiqdf59ytq/s-hkfhu0akfw-049ey9d-819lppas2gi7li31yvqawn2lr/dep-graph.bin	file	0600	1784155745262362955	22552182	f66e6d32670427a9e2b25889e378c2a056b26523f262320b5cde2e4183d3e85c		copy	run-evidence		
tokio-watch/.specula-output/repro/target_cr2_watch_pairing/debug/incremental/tokio-3tvxiqdf59ytq/s-hkfhu0akfw-049ey9d-819lppas2gi7li31yvqawn2lr/diju3w748i1n912cqcqifphxs.o		file	0600	1784155745062358920	54792	aa9ac3d5232c9b71ba055a65a140825f232885bdb8561ca9173ac743de17d5a0		exclude	non-evidence	compiled-or-generated-file	
tokio-watch/.specula-output/repro/target_cr2_watch_pairing/debug/incremental/tokio-3tvxiqdf59ytq/s-hkfhu0akfw-049ey9d-819lppas2gi7li31yvqawn2lr/dy1d6r9z5olx79ddq57xsozz6.o		file	0600	1784155745188361462	60528	57a3c894ce671fc04bcbaf06fffb8d4865703b257a49b4c3c1068bc57a8cbc28		exclude	non-evidence	compiled-or-generated-file	
tokio-watch/.specula-output/repro/target_cr2_watch_pairing/debug/incremental/tokio-3tvxiqdf59ytq/s-hkfhu0akfw-049ey9d-819lppas2gi7li31yvqawn2lr/dz9spdltns24ukjzop8iugfgv.o		file	0600	1784155745207361846	15816	b532ece9bc381d2199613640611202f955e16438844f29a8f4ae82ccdbfb2229		exclude	non-evidence	compiled-or-generated-file	
tokio-watch/.specula-output/repro/target_cr2_watch_pairing/debug/incremental/tokio-3tvxiqdf59ytq/s-hkfhu0akfw-049ey9d-819lppas2gi7li31yvqawn2lr/e0nfkcdghz8k1kh14rbid4s8b.o		file	0600	1784155744983357326	5656	e5de148440b97e5681a134e74306911f20d080e4d328a169140ec8b430177d81		exclude	non-evidence	compiled-or-generated-file	
tokio-watch/.specula-output/repro/target_cr2_watch_pairing/debug/incremental/tokio-3tvxiqdf59ytq/s-hkfhu0akfw-049ey9d-819lppas2gi7li31yvqawn2lr/e2431n6o9c5fekpqr6r6e97qp.o		file	0600	1784155745152360736	7616	bd9b5318a29b1e90460bfdc165bfe943d26cccf329536a07ea999020a1c97eb1		exclude	non-evidence	compiled-or-generated-file	
tokio-watch/.specula-output/repro/target_cr2_watch_pairing/debug/incremental/tokio-3tvxiqdf59ytq/s-hkfhu0akfw-049ey9d-819lppas2gi7li31yvqawn2lr/ea64hupqejbgd32e5rte2okte.o		file	0600	1784155745220362108	14704	3d87f0f7776ee27c6729b75d9c67e515b70511e641e7b9a8c16b9bb30836cba7		exclude	non-evidence	compiled-or-generated-file	
tokio-watch/.specula-output/repro/target_cr2_watch_pairing/debug/incremental/tokio-3tvxiqdf59ytq/s-hkfhu0akfw-049ey9d-819lppas2gi7li31yvqawn2lr/ee2mfsfc81nt4efblf658lt93.o		file	0600	1784155745144360575	80800	34beb6e3c1b7ce6fb307b2a2fcc38153055b296fd7abb8f05077157801562f62		exclude	non-evidence	compiled-or-generated-file	
tokio-watch/.specula-output/repro/target_cr2_watch_pairing/debug/incremental/tokio-3tvxiqdf59ytq/s-hkfhu0akfw-049ey9d-819lppas2gi7li31yvqawn2lr/ek1werrua54bnlapdcoks09w0.o		file	0600	1784155745153360756	12592	73c03dd18a70a5cb2701d4cb4fe4a133501d4a57a5ba904c898bc972f48151fd		exclude	non-evidence	compiled-or-generated-file	
tokio-watch/.specula-output/repro/target_cr2_watch_pairing/debug/incremental/tokio-3tvxiqdf59ytq/s-hkfhu0akfw-049ey9d-819lppas2gi7li31yvqawn2lr/emzbyrlhzrn4ne907w8fvjin4.o		file	0600	1784155745051358698	4472	64a6aead7b22028ef313a1942c4e2cf1a90b961678e690648c7e7ea36f737d41		exclude	non-evidence	compiled-or-generated-file	
tokio-watch/.specula-output/repro/target_cr2_watch_pairing/debug/incremental/tokio-3tvxiqdf59ytq/s-hkfhu0akfw-049ey9d-819lppas2gi7li31yvqawn2lr/enfx9plj9atue8soivxqu3eqo.o		file	0600	1784155745089359465	42072	0ed6e48e83adc00db42def49202b987579b55b3891d3fa4d0591715e54be277d		exclude	non-evidence	compiled-or-generated-file	
tokio-watch/.specula-output/repro/target_cr2_watch_pairing/debug/incremental/tokio-3tvxiqdf59ytq/s-hkfhu0akfw-049ey9d-819lppas2gi7li31yvqawn2lr/eo6ecfvyy2xzmkr0jdl4j85n2.o		file	0600	1784155745164360978	12416	43000716a16dee9a0c0af81e1a0f13a86f7689ac2bb22f23ec55dc8850055ad5		exclude	non-evidence	compiled-or-generated-file	
tokio-watch/.specula-output/repro/target_cr2_watch_pairing/debug/incremental/tokio-3tvxiqdf59ytq/s-hkfhu0akfw-049ey9d-819lppas2gi7li31yvqawn2lr/equa04ym9g01v8pmc8cj9z2a0.o		file	0600	1784155745211361926	17128	858cfda75b0817420eaaaeb2b19cfaf30493e9e90f14e37eb856ac8153463e4b		exclude	non-evidence	compiled-or-generated-file	
tokio-watch/.specula-output/repro/target_cr2_watch_pairing/debug/incremental/tokio-3tvxiqdf59ytq/s-hkfhu0akfw-049ey9d-819lppas2gi7li31yvqawn2lr/er0b2l3u2afn3rizluxwmcsth.o		file	0600	1784155745118360050	6720	9363fcf53f0b13780392c85cb5c8efd0ad73b28a2d123c4e6cefc5c4b8e40e21		exclude	non-evidence	compiled-or-generated-file	
tokio-watch/.specula-output/repro/target_cr2_watch_pairing/debug/incremental/tokio-3tvxiqdf59ytq/s-hkfhu0akfw-049ey9d-819lppas2gi7li31yvqawn2lr/er8pvre1yv5edzg09shqnupdn.o		file	0600	1784155745197361644	10712	975ba9eb2ba64df67b38659574519586c8c6e4f503dbd407312f22aa877bd477		exclude	non-evidence	compiled-or-generated-file	
tokio-watch/.specula-output/repro/target_cr2_watch_pairing/debug/incremental/tokio-3tvxiqdf59ytq/s-hkfhu0akfw-049ey9d-819lppas2gi7li31yvqawn2lr/erbmft2qlsnrnchgef0oldcsr.o		file	0600	1784155745048358638	11712	2dd894602cbdb230d22e48a7a9eef9c9f27a301403ddbbcd305706728e97e12f		exclude	non-evidence	compiled-or-generated-file	
tokio-watch/.specula-output/repro/target_cr2_watch_pairing/debug/incremental/tokio-3tvxiqdf59ytq/s-hkfhu0akfw-049ey9d-819lppas2gi7li31yvqawn2lr/esfhts9hb7irk0zsbsbga6yom.o		file	0600	1784155745045358577	8208	50974b28e89655974201ef06d7bb29569f67d93c4f85e2c13d8d631dcb83843d		exclude	non-evidence	compiled-or-generated-file	
tokio-watch/.specula-output/repro/target_cr2_watch_pairing/debug/incremental/tokio-3tvxiqdf59ytq/s-hkfhu0akfw-049ey9d-819lppas2gi7li31yvqawn2lr/ev3pz9s2oa54qxe2kn50qmtiz.o		file	0600	1784155745178361260	68632	2f61b92ef5ca553ee1de9d3e9ac6d0dbc71adb8478207be29b89a3ef02d761a5		exclude	non-evidence	compiled-or-generated-file	
tokio-watch/.specula-output/repro/target_cr2_watch_pairing/debug/incremental/tokio-3tvxiqdf59ytq/s-hkfhu0akfw-049ey9d-819lppas2gi7li31yvqawn2lr/ew0lcsbnjfglvvg85jglv6pwr.o		file	0600	1784155745042358517	61640	e87cf84c83fc71fd62126a47f64081b0f88d6a23ca8649ced3f94a29e8de8a9b		exclude	non-evidence	compiled-or-generated-file	
tokio-watch/.specula-output/repro/target_cr2_watch_pairing/debug/incremental/tokio-3tvxiqdf59ytq/s-hkfhu0akfw-049ey9d-819lppas2gi7li31yvqawn2lr/ewb4a7zmdudcg337i1yxnbbl8.o		file	0600	1784155745206361825	16520	f392b8c739074822b36dc4d75febba48cae9afd6065183680de726119a97348c		exclude	non-evidence	compiled-or-generated-file	
tokio-watch/.specula-output/repro/target_cr2_watch_pairing/debug/incremental/tokio-3tvxiqdf59ytq/s-hkfhu0akfw-049ey9d-819lppas2gi7li31yvqawn2lr/exik85yipsegsg6em7ot1hao7.o		file	0600	1784155745032358315	168512	747ab8bcee38171ae29554324ea64bbcb82b5ada6a1e4a0b9b9bf5f91d67a1d8		exclude	non-evidence	compiled-or-generated-file	
tokio-watch/.specula-output/repro/target_cr2_watch_pairing/debug/incremental/tokio-3tvxiqdf59ytq/s-hkfhu0akfw-049ey9d-819lppas2gi7li31yvqawn2lr/f08lebwuvs6woq3etea68kqw5.o		file	0600	1784155745126360211	18864	f61d1c73ac0a75fbaf5b7acadc2b5fc10c4150c98eab9acbeacb066c943d2042		exclude	non-evidence	compiled-or-generated-file	
tokio-watch/.specula-output/repro/target_cr2_watch_pairing/debug/incremental/tokio-3tvxiqdf59ytq/s-hkfhu0akfw-049ey9d-819lppas2gi7li31yvqawn2lr/f0kpnewht5d8qo84w8mngmlib.o		file	0600	1784155745151360716	78368	2c9490b8781d38ad15c538213305ce568667180ef991f8e10bff443ca282524f		exclude	non-evidence	compiled-or-generated-file	
tokio-watch/.specula-output/repro/target_cr2_watch_pairing/debug/incremental/tokio-3tvxiqdf59ytq/s-hkfhu0akfw-049ey9d-819lppas2gi7li31yvqawn2lr/f33s73suk0pxrnz7f2kdvahnw.o		file	0600	1784155745175361200	24736	ba32d18042092f39bfef565eb132dcacbeb3a9b46068657fe8c4572280966c63		exclude	non-evidence	compiled-or-generated-file	
tokio-watch/.specula-output/repro/target_cr2_watch_pairing/debug/incremental/tokio-3tvxiqdf59ytq/s-hkfhu0akfw-049ey9d-819lppas2gi7li31yvqawn2lr/metadata.rmeta	tokio-watch/.specula-output/repro/target_cr2_watch_pairing/debug/incremental/tokio-3tvxiqdf59ytq/s-hkfhu0akfw-049ey9d-819lppas2gi7li31yvqawn2lr/metadata.rmeta	file	0600	1784155744941356479	4003427	f546fd6c05455817c6a677fc213bdffc649a23e9a46ad6ce384db460862e2289		copy	run-evidence		
tokio-watch/.specula-output/repro/target_cr2_watch_pairing/debug/incremental/tokio-3tvxiqdf59ytq/s-hkfhu0akfw-049ey9d-819lppas2gi7li31yvqawn2lr/query-cache.bin	tokio-watch/.specula-output/repro/target_cr2_watch_pairing/debug/incremental/tokio-3tvxiqdf59ytq/s-hkfhu0akfw-049ey9d-819lppas2gi7li31yvqawn2lr/query-cache.bin	file	0600	1784155745262362955	8458857	e98022726077719f0a132c0686649f97fe0fa519ac6fa3b78d2b549e68bd312a		copy	run-evidence		
tokio-watch/.specula-output/repro/target_cr2_watch_pairing/debug/incremental/tokio-3tvxiqdf59ytq/s-hkfhu0akfw-049ey9d-819lppas2gi7li31yvqawn2lr/work-products.bin	tokio-watch/.specula-output/repro/target_cr2_watch_pairing/debug/incremental/tokio-3tvxiqdf59ytq/s-hkfhu0akfw-049ey9d-819lppas2gi7li31yvqawn2lr/work-products.bin	file	0600	1784155745277363258	19557	63612a13f228404fc936bac7f10d6031e2c52abc20219681a970506e42c61820		copy	run-evidence		
tokio-watch/.specula-output/repro/target_cr2_watch_pairing/debug/incremental/tokio-3tvxiqdf59ytq/s-hkfhu0akfw-049ey9d.lock	tokio-watch/.specula-output/repro/target_cr2_watch_pairing/debug/incremental/tokio-3tvxiqdf59ytq/s-hkfhu0akfw-049ey9d.lock	file	0600	1784155743750332450	0	e3b0c44298fc1c149afbf4c8996fb92427ae41e4649b934ca495991b7852b855		copy	run-evidence		
tokio-watch/.specula-output/repro/target_cr2_watch_pairing/debug/incremental/tokio-3tvxiqdf59ytq/s-hkfhu9veq9-1btul7a-819lppas2gi7li31yvqawn2lr	tokio-watch/.specula-output/repro/target_cr2_watch_pairing/debug/incremental/tokio-3tvxiqdf59ytq/s-hkfhu9veq9-1btul7a-819lppas2gi7li31yvqawn2lr	directory	0700	1784155760548670164				mkdir	run-directory		
tokio-watch/.specula-output/repro/target_cr2_watch_pairing/debug/incremental/tokio-3tvxiqdf59ytq/s-hkfhu9veq9-1btul7a-819lppas2gi7li31yvqawn2lr/01gx1cub2kyck0ftevz252ojk.o		file	0600	1784155760435667897	34392	f028b8340e6b97f2d2367aa1a6d50c581ea5098238300ecea08f69258fcefe7a		exclude	non-evidence	compiled-or-generated-file	
tokio-watch/.specula-output/repro/target_cr2_watch_pairing/debug/incremental/tokio-3tvxiqdf59ytq/s-hkfhu9veq9-1btul7a-819lppas2gi7li31yvqawn2lr/04b04h0ox3iyspj2ak6scszca.o		file	0600	1784155760483668860	11832	6ae92672a9f4e27878440f314255087757f83a1d9cc5a54961b2f4a80ac64dff		exclude	non-evidence	compiled-or-generated-file	
tokio-watch/.specula-output/repro/target_cr2_watch_pairing/debug/incremental/tokio-3tvxiqdf59ytq/s-hkfhu9veq9-1btul7a-819lppas2gi7li31yvqawn2lr/04m8uedwy04b8pf2m420tswpx.o		file	0600	1784155760405667296	10560	6303795791a1f53c09629c2531160a25806c6f6a7a9b29582cf129fb9d810e37		exclude	non-evidence	compiled-or-generated-file	
tokio-watch/.specula-output/repro/target_cr2_watch_pairing/debug/incremental/tokio-3tvxiqdf59ytq/s-hkfhu9veq9-1btul7a-819lppas2gi7li31yvqawn2lr/05aneckn78ileo45nw5rn1378.o		file	0600	1784155760326665711	12056	3f25c4b576fe6aff1724a30df611c4923d94b0438e700864b73b01bf6f9e3f6b		exclude	non-evidence	compiled-or-generated-file	
tokio-watch/.specula-output/repro/target_cr2_watch_pairing/debug/incremental/tokio-3tvxiqdf59ytq/s-hkfhu9veq9-1btul7a-819lppas2gi7li31yvqawn2lr/06qiv6m3anwf7wsuzadgtcv66.o		file	0600	1784155760441668018	68184	0a06d165d5ee50423b6adea3ea55732dfb30d68655dbf8a8f8b5853ddb84e7b4		exclude	non-evidence	compiled-or-generated-file	
tokio-watch/.specula-output/repro/target_cr2_watch_pairing/debug/incremental/tokio-3tvxiqdf59ytq/s-hkfhu9veq9-1btul7a-819lppas2gi7li31yvqawn2lr/06scpg7p423a77lxgj1izsjwe.o		file	0600	1784155760412667436	11232	b9e90f28689916be365a7495461035ac3482d8cfdd874d8de8bd341df4a970f4		exclude	non-evidence	compiled-or-generated-file	
tokio-watch/.specula-output/repro/target_cr2_watch_pairing/debug/incremental/tokio-3tvxiqdf59ytq/s-hkfhu9veq9-1btul7a-819lppas2gi7li31yvqawn2lr/07e2jb3hpwl0tbgrij85xclva.o		file	0600	1784155760389666975	12016	819c8ed39ed1cfbf2a7374fc4b301c3d67f89dda2254d5f16e7115e6fcabfeca		exclude	non-evidence	compiled-or-generated-file	
tokio-watch/.specula-output/repro/target_cr2_watch_pairing/debug/incremental/tokio-3tvxiqdf59ytq/s-hkfhu9veq9-1btul7a-819lppas2gi7li31yvqawn2lr/08o6x4roqv0ps2jdukj0bd4be.o		file	0600	1784155760387666935	7144	252eac6c56021502a49db94c72d7f44ad55e302ea299903ddbb61e1d9dfbdbe0		exclude	non-evidence	compiled-or-generated-file	
tokio-watch/.specula-output/repro/target_cr2_watch_pairing/debug/incremental/tokio-3tvxiqdf59ytq/s-hkfhu9veq9-1btul7a-819lppas2gi7li31yvqawn2lr/09ghmuwvdh2iv377kxppqfr8c.o		file	0600	1784155760457668339	19736	96e8cab1ab3453931526ccb5d8bdd62e26f75287d803da8c1f048dfc0c5e1dfd		exclude	non-evidence	compiled-or-generated-file	
tokio-watch/.specula-output/repro/target_cr2_watch_pairing/debug/incremental/tokio-3tvxiqdf59ytq/s-hkfhu9veq9-1btul7a-819lppas2gi7li31yvqawn2lr/0a7fss0ekfitou397jvwyo6mc.o		file	0600	1784155760267664528	8920	55033400af6e3c5faebb1c79e14853e5c487393cdca405f154e57247de549ae7		exclude	non-evidence	compiled-or-generated-file	
tokio-watch/.specula-output/repro/target_cr2_watch_pairing/debug/incremental/tokio-3tvxiqdf59ytq/s-hkfhu9veq9-1btul7a-819lppas2gi7li31yvqawn2lr/0a8cs31nub3ky50rkxgkinbhc.o		file	0600	1784155760306665310	4864	d617d171d6141e212bb2a5146c17184f21c5f48287eb143ecd10f0a1e5f06cd5		exclude	non-evidence	compiled-or-generated-file	
tokio-watch/.specula-output/repro/target_cr2_watch_pairing/debug/incremental/tokio-3tvxiqdf59ytq/s-hkfhu9veq9-1btul7a-819lppas2gi7li31yvqawn2lr/0dz7ox7qkrlr8p1ars69v6791.o		file	0600	1784155760465668499	9840	47dc563aebf76b4f210bf29e3e61757d42d767c3e4eef8e153a7d85501a6e51d		exclude	non-evidence	compiled-or-generated-file	
tokio-watch/.specula-output/repro/target_cr2_watch_pairing/debug/incremental/tokio-3tvxiqdf59ytq/s-hkfhu9veq9-1btul7a-819lppas2gi7li31yvqawn2lr/0ev0xc3uf53izyitepf7xzgy5.o		file	0600	1784155760318665551	4656	ed3d297293e2f0732b629ca4b066ee0493bde23f39e3b212a734aa9baeaed71e		exclude	non-evidence	compiled-or-generated-file	
tokio-watch/.specula-output/repro/target_cr2_watch_pairing/debug/incremental/tokio-3tvxiqdf59ytq/s-hkfhu9veq9-1btul7a-819lppas2gi7li31yvqawn2lr/0how4r4kouatdqtmtc6y32wls.o		file	0600	1784155760344666072	38248	63b22231e03c22a9e44dc263454ebfc516576b001213abca897726ba9098e4df		exclude	non-evidence	compiled-or-generated-file	
tokio-watch/.specula-output/repro/target_cr2_watch_pairing/debug/incremental/tokio-3tvxiqdf59ytq/s-hkfhu9veq9-1btul7a-819lppas2gi7li31yvqawn2lr/0lib82t4f4ujxfb4vwp02uphb.o		file	0600	1784155760490669001	63376	0aaa5d9588f498fe62607c7791bb4c3da044de2af12bf23710172b7c23b60ca2		exclude	non-evidence	compiled-or-generated-file	
tokio-watch/.specula-output/repro/target_cr2_watch_pairing/debug/incremental/tokio-3tvxiqdf59ytq/s-hkfhu9veq9-1btul7a-819lppas2gi7li31yvqawn2lr/0mayj3h88uv30or4z294nu3dd.o		file	0600	1784155760368666554	10872	d45b800d8796aadb5999d649fb3a380c8eab5ee14a8ad31742a98671aba3c901		exclude	non-evidence	compiled-or-generated-file	
tokio-watch/.specula-output/repro/target_cr2_watch_pairing/debug/incremental/tokio-3tvxiqdf59ytq/s-hkfhu9veq9-1btul7a-819lppas2gi7li31yvqawn2lr/0mj05z4y1l2re0z7tp9eck10a.o		file	0600	1784155760458668359	96432	39497d6fd00715b784d422496d8e16bcb45dfe3e5f75f988464fd1418cf989bc		exclude	non-evidence	compiled-or-generated-file	
tokio-watch/.specula-output/repro/target_cr2_watch_pairing/debug/incremental/tokio-3tvxiqdf59ytq/s-hkfhu9veq9-1btul7a-819lppas2gi7li31yvqawn2lr/0nvf7qxbawdutmqzv6grlbi3e.o		file	0600	1784155760302665230	48480	2c2a7ae82b798b05530243b30e7c03f99f3133f712f4c06ce93246247238b115		exclude	non-evidence	compiled-or-generated-file	
tokio-watch/.specula-output/repro/target_cr2_watch_pairing/debug/incremental/tokio-3tvxiqdf59ytq/s-hkfhu9veq9-1btul7a-819lppas2gi7li31yvqawn2lr/0ova8pfdpzw00exsdvo5nmxvw.o		file	0600	1784155760463668459	69928	e3bf6eb2f0d762e11dc65701d361dbf7aeacb7b907873620e230310fc9cab0c0		exclude	non-evidence	compiled-or-generated-file	
tokio-watch/.specula-output/repro/target_cr2_watch_pairing/debug/incremental/tokio-3tvxiqdf59ytq/s-hkfhu9veq9-1btul7a-819lppas2gi7li31yvqawn2lr/0w22v6bqbo0eie8yhp8pk579m.o		file	0600	1784155760477668740	13000	a87d0996a66f3eda968f9f362b390046518dbff2c4ee170bf8d85df3acf9ba61		exclude	non-evidence	compiled-or-generated-file	
tokio-watch/.specula-output/repro/target_cr2_watch_pairing/debug/incremental/tokio-3tvxiqdf59ytq/s-hkfhu9veq9-1btul7a-819lppas2gi7li31yvqawn2lr/0w255ehdzs0ff7hyy9kz53t8r.o		file	0600	1784155760433667857	13480	7717f9e063b99c8bbb3cdc166c1206d336d413e3a5f58f5c76ee5e46f87f4982		exclude	non-evidence	compiled-or-generated-file	
tokio-watch/.specula-output/repro/target_cr2_watch_pairing/debug/incremental/tokio-3tvxiqdf59ytq/s-hkfhu9veq9-1btul7a-819lppas2gi7li31yvqawn2lr/12ok02py6m9gu8nczsyjwlifh.o		file	0600	1784155760264664467	5808	29a6585007dac75dd65581558446b09c7850ab45707fe9a0508ac31ab5aa548c		exclude	non-evidence	compiled-or-generated-file	
tokio-watch/.specula-output/repro/target_cr2_watch_pairing/debug/incremental/tokio-3tvxiqdf59ytq/s-hkfhu9veq9-1btul7a-819lppas2gi7li31yvqawn2lr/13r6hoqg7nlun6arkmzqlvszr.o		file	0600	1784155760261664407	61000	be22280ab1ca9a32cea328808d0ac93e2204e4695f70a6d3aab98f6f52896dd6		exclude	non-evidence	compiled-or-generated-file	
tokio-watch/.specula-output/repro/target_cr2_watch_pairing/debug/incremental/tokio-3tvxiqdf59ytq/s-hkfhu9veq9-1btul7a-819lppas2gi7li31yvqawn2lr/14iqzeim2hrqxtn0xu1hleo09.o		file	0600	1784155760397667135	23352	0cc454c23c00bc4a210c5ee99c86ca69f4e16931642a03c0ec45c916919a4546		exclude	non-evidence	compiled-or-generated-file	
tokio-watch/.specula-output/repro/target_cr2_watch_pairing/debug/incremental/tokio-3tvxiqdf59ytq/s-hkfhu9veq9-1btul7a-819lppas2gi7li31yvqawn2lr/15dgysom02v8s5hzvtqc1jn49.o		file	0600	1784155760410667396	40528	967a8ac9eb656bd34b86a2e044c21ef32efe1628f905ca50b593463bd0ad0865		exclude	non-evidence	compiled-or-generated-file	
tokio-watch/.specula-output/repro/target_cr2_watch_pairing/debug/incremental/tokio-3tvxiqdf59ytq/s-hkfhu9veq9-1btul7a-819lppas2gi7li31yvqawn2lr/15jnoyudlkihq2tt9fbv2qnmq.o		file	0600	1784155760433667857	14648	041e6058c979889f837466e03ff8c26c4e92e824fe59102a9409312fe99b6ee0		exclude	non-evidence	compiled-or-generated-file	
tokio-watch/.specula-output/repro/target_cr2_watch_pairing/debug/incremental/tokio-3tvxiqdf59ytq/s-hkfhu9veq9-1btul7a-819lppas2gi7li31yvqawn2lr/16r0m7n5fqynejbnxt609rlgw.o		file	0600	1784155760478668760	5544	d3afe598c0171c24fd64574addcd0b44908f0290b922d49b30973b17d149e1ff		exclude	non-evidence	compiled-or-generated-file	
tokio-watch/.specula-output/repro/target_cr2_watch_pairing/debug/incremental/tokio-3tvxiqdf59ytq/s-hkfhu9veq9-1btul7a-819lppas2gi7li31yvqawn2lr/16u35pxgnk5axoombxxo3upc2.o		file	0600	1784155760393667055	97736	684e7de5c57f4dd745b4ef75f86a62977ff573ef6a4f6debd3d14b66e4c73a70		exclude	non-evidence	compiled-or-generated-file	
tokio-watch/.specula-output/repro/target_cr2_watch_pairing/debug/incremental/tokio-3tvxiqdf59ytq/s-hkfhu9veq9-1btul7a-819lppas2gi7li31yvqawn2lr/18x6tq8wa7zeyqhi8i5zo66da.o		file	0600	1784155760465668499	15192	886087e7e56c0d542a34ec203dc4fc485aaa8f7f060ff0426fcdacff7f9b02c6		exclude	non-evidence	compiled-or-generated-file	
tokio-watch/.specula-output/repro/target_cr2_watch_pairing/debug/incremental/tokio-3tvxiqdf59ytq/s-hkfhu9veq9-1btul7a-819lppas2gi7li31yvqawn2lr/1b4kjyjqqowpnfjos0tyux9t1.o		file	0600	1784155760456668319	11776	81485584646cea15ca2e09674706113a89bed8241bb5401f9cde63ac15d63de2		exclude	non-evidence	compiled-or-generated-file	
tokio-watch/.specula-output/repro/target_cr2_watch_pairing/debug/incremental/tokio-3tvxiqdf59ytq/s-hkfhu9veq9-1btul7a-819lppas2gi7li31yvqawn2lr/1edr2x1f6d00qhvln7tw774c6.o		file	0600	1784155760411667416	6960	87aa230868c1e4055f23dbd5c7a2b538fcd616615f502cc03643dcf25c78169f		exclude	non-evidence	compiled-or-generated-file	
tokio-watch/.specula-output/repro/target_cr2_watch_pairing/debug/incremental/tokio-3tvxiqdf59ytq/s-hkfhu9veq9-1btul7a-819lppas2gi7li31yvqawn2lr/1esjri8u8g9rjtyn3303ybdky.o		file	0600	1784155760281664809	125232	4b2646be5128d6d13914bf2c38f59685f18d8c2e75cb18611403eead661f7c39		exclude	non-evidence	compiled-or-generated-file	
tokio-watch/.specula-output/repro/target_cr2_watch_pairing/debug/incremental/tokio-3tvxiqdf59ytq/s-hkfhu9veq9-1btul7a-819lppas2gi7li31yvqawn2lr/1gltbvnm70scno4fpx0iaf4vc.o		file	0600	1784155760321665611	109416	722d09a22be9e3c1675d1d61bf898dc5f8af6a180c1b4f06602bd24a65285c9d		exclude	non-evidence	compiled-or-generated-file	
tokio-watch/.specula-output/repro/target_cr2_watch_pairing/debug/incremental/tokio-3tvxiqdf59ytq/s-hkfhu9veq9-1btul7a-819lppas2gi7li31yvqawn2lr/1i8p92yohsz88dzaf6l94kslq.o		file	0600	1784155760397667135	9424	38a29df0a90033e98c729329b5599bd3ac2a7140e3216804023974cfb70a17b1		exclude	non-evidence	compiled-or-generated-file	
tokio-watch/.specula-output/repro/target_cr2_watch_pairing/debug/incremental/tokio-3tvxiqdf59ytq/s-hkfhu9veq9-1btul7a-819lppas2gi7li31yvqawn2lr/1ic4amguitvklb1zsqaqty111.o		file	0600	1784155760378666754	8976	b953c22c29ae6db26f92f2c9ada64fba1cd872a115540330a6fa0f7cf38e27f0		exclude	non-evidence	compiled-or-generated-file	
tokio-watch/.specula-output/repro/target_cr2_watch_pairing/debug/incremental/tokio-3tvxiqdf59ytq/s-hkfhu9veq9-1btul7a-819lppas2gi7li31yvqawn2lr/1mut7jb0knk6f2mqulkq56624.o		file	0600	1784155760378666754	89592	136df9d3432939b68bff970fd0ec585a3f44bfc7ba9c89c4358ea119ed8ec76a		exclude	non-evidence	compiled-or-generated-file	
tokio-watch/.specula-output/repro/target_cr2_watch_pairing/debug/incremental/tokio-3tvxiqdf59ytq/s-hkfhu9veq9-1btul7a-819lppas2gi7li31yvqawn2lr/1p902xdphfdn6mroaltc6n0ob.o		file	0600	1784155760347666132	43840	7ebde6f43b2b0b35f44791c2c6ee3680ef0439711c0ef5d96d8f17158224802f		exclude	non-evidence	compiled-or-generated-file	
tokio-watch/.specula-output/repro/target_cr2_watch_pairing/debug/incremental/tokio-3tvxiqdf59ytq/s-hkfhu9veq9-1btul7a-819lppas2gi7li31yvqawn2lr/1qnz8pjidxrc9jc62j4mimeiv.o		file	0600	1784155760485668900	20672	12f4e9dc92bb34ad2e4eb4bdfc5060c650f42a393d59ecc1576b8caddbbcc771		exclude	non-evidence	compiled-or-generated-file	
tokio-watch/.specula-output/repro/target_cr2_watch_pairing/debug/incremental/tokio-3tvxiqdf59ytq/s-hkfhu9veq9-1btul7a-819lppas2gi7li31yvqawn2lr/1r2h8m0zwm90p6zj5dnklqydx.o		file	0600	1784155760189662963	261440	0553794c2d3b3950919a052425fc41b7f183265b3f01a36dd433a289e251c4db		exclude	non-evidence	compiled-or-generated-file	
tokio-watch/.specula-output/repro/target_cr2_watch_pairing/debug/incremental/tokio-3tvxiqdf59ytq/s-hkfhu9veq9-1btul7a-819lppas2gi7li31yvqawn2lr/1tu450sagnweho3n8jcbv5wpf.o		file	0600	1784155760363666453	16424	e8dda7fe53401308c80a0e128240e001701c45d30e280b6ae711efd29211ed50		exclude	non-evidence	compiled-or-generated-file	
tokio-watch/.specula-output/repro/target_cr2_watch_pairing/debug/incremental/tokio-3tvxiqdf59ytq/s-hkfhu9veq9-1btul7a-819lppas2gi7li31yvqawn2lr/1uu2ui20t88h3fazdil75t18s.o		file	0600	1784155760349666173	57600	0ccf048205162120dc8ea9b15e7c679ad3b70901abdd0ac90f5e4a780e9f28ff		exclude	non-evidence	compiled-or-generated-file	
tokio-watch/.specula-output/repro/target_cr2_watch_pairing/debug/incremental/tokio-3tvxiqdf59ytq/s-hkfhu9veq9-1btul7a-819lppas2gi7li31yvqawn2lr/1wn5wd3kqrqul1o3wpui5rbg9.o		file	0600	1784155760187662923	6672	9613b24909f71c6aa4f335729eb78da1daee45b4cbb0d7b733d943dfdb437406		exclude	non-evidence	compiled-or-generated-file	
tokio-watch/.specula-output/repro/target_cr2_watch_pairing/debug/incremental/tokio-3tvxiqdf59ytq/s-hkfhu9veq9-1btul7a-819lppas2gi7li31yvqawn2lr/1ypqpmpuiswpype6rfuwevprj.o		file	0600	1784155760429667777	86168	32d9287dada8e1df989db3579d1d731669ff779eb8958a3a582b21ccc4dd9ee0		exclude	non-evidence	compiled-or-generated-file	
tokio-watch/.specula-output/repro/target_cr2_watch_pairing/debug/incremental/tokio-3tvxiqdf59ytq/s-hkfhu9veq9-1btul7a-819lppas2gi7li31yvqawn2lr/2359aseiu2u0pme86ro252su1.o		file	0600	1784155760254664267	14456	0ab15b15a16b3e9e3cab3120706ebaad80dc240b6620057c11fbf12ec77b0062		exclude	non-evidence	compiled-or-generated-file	
tokio-watch/.specula-output/repro/target_cr2_watch_pairing/debug/incremental/tokio-3tvxiqdf59ytq/s-hkfhu9veq9-1btul7a-819lppas2gi7li31yvqawn2lr/24dh6ec45ti7c4gg1ae69jhqg.o		file	0600	1784155760340665992	107552	eda9ecc99c54bfe45ff092cd57f3e6d2b6277ef96d94fbb3e3f2de04825696d7		exclude	non-evidence	compiled-or-generated-file	
tokio-watch/.specula-output/repro/target_cr2_watch_pairing/debug/incremental/tokio-3tvxiqdf59ytq/s-hkfhu9veq9-1btul7a-819lppas2gi7li31yvqawn2lr/2990d83o0xbcc8ryzyhryya1l.o		file	0600	1784155760422667637	62136	bf6986c1b4e3686f7cd33857134ce6396360d8f813933b002ab1c60ecc77d26b		exclude	non-evidence	compiled-or-generated-file	
tokio-watch/.specula-output/repro/target_cr2_watch_pairing/debug/incremental/tokio-3tvxiqdf59ytq/s-hkfhu9veq9-1btul7a-819lppas2gi7li31yvqawn2lr/2didgthjwmoyeri3fnnef1lik.o		file	0600	1784155760248664147	9032	6b5b71e476bfd8dfbcbe436f0439ca5aa98568e55b3ce7743e0e6960996cafe8		exclude	non-evidence	compiled-or-generated-file	
tokio-watch/.specula-output/repro/target_cr2_watch_pairing/debug/incremental/tokio-3tvxiqdf59ytq/s-hkfhu9veq9-1btul7a-819lppas2gi7li31yvqawn2lr/2geijbjrzw3vbvfxji9rzc3rf.o		file	0600	1784155760204663264	92856	7cbed0c4a74aae0b68b581da611b060958c6027393359b2100edade05c687aa3		exclude	non-evidence	compiled-or-generated-file	
tokio-watch/.specula-output/repro/target_cr2_watch_pairing/debug/incremental/tokio-3tvxiqdf59ytq/s-hkfhu9veq9-1btul7a-819lppas2gi7li31yvqawn2lr/2go03qs732ott498qx36c89s3.o		file	0600	1784155760420667597	20432	b246836f3aa2bcffda19592be52ca8c073ba086865cd276f08408a9bbe2ec39a		exclude	non-evidence	compiled-or-generated-file	
tokio-watch/.specula-output/repro/target_cr2_watch_pairing/debug/incremental/tokio-3tvxiqdf59ytq/s-hkfhu9veq9-1btul7a-819lppas2gi7li31yvqawn2lr/2h20id314xg5gkk7bhulv0mlh.o		file	0600	1784155760469668579	78016	f7674d1ede47c01a3f9ee6bf5c5c2ebd31efc0ed955cd14d8f10e0c03fc05180		exclude	non-evidence	compiled-or-generated-file	
tokio-watch/.specula-output/repro/target_cr2_watch_pairing/debug/incremental/tokio-3tvxiqdf59ytq/s-hkfhu9veq9-1btul7a-819lppas2gi7li31yvqawn2lr/2h29lrzi3sr94i7os8uqarbto.o		file	0600	1784155760315665491	7952	232acede5c8aa085f408214e7bc059c1e525309b638197682461748fa6eba273		exclude	non-evidence	compiled-or-generated-file	
tokio-watch/.specula-output/repro/target_cr2_watch_pairing/debug/incremental/tokio-3tvxiqdf59ytq/s-hkfhu9veq9-1btul7a-819lppas2gi7li31yvqawn2lr/2ifltdkjfjeaey7oex6zo8141.o		file	0600	1784155760475668700	75040	3598c67eae3cc76b77500248a24dd2104110fbb0f8fcfb146c06be88fcdae9ce		exclude	non-evidence	compiled-or-generated-file	
tokio-watch/.specula-output/repro/target_cr2_watch_pairing/debug/incremental/tokio-3tvxiqdf59ytq/s-hkfhu9veq9-1btul7a-819lppas2gi7li31yvqawn2lr/2lnqc3lasv9xhkulwr6x389i4.o		file	0600	1784155760403667256	14392	1b52e163c748d3d8673fab64bdf5e82448be4984ff10a5a57f7b8cbbbe2e535b		exclude	non-evidence	compiled-or-generated-file	
tokio-watch/.specula-output/repro/target_cr2_watch_pairing/debug/incremental/tokio-3tvxiqdf59ytq/s-hkfhu9veq9-1btul7a-819lppas2gi7li31yvqawn2lr/2on5mpst38x9krjz85sj8rpma.o		file	0600	1784155760484668880	77152	3f58f7366768a805b52f6aca95340c5a29358293c0ea4dd52d59f5f8d8c5c6d6		exclude	non-evidence	compiled-or-generated-file	
tokio-watch/.specula-output/repro/target_cr2_watch_pairing/debug/incremental/tokio-3tvxiqdf59ytq/s-hkfhu9veq9-1btul7a-819lppas2gi7li31yvqawn2lr/2oxy33a9fhnwxf1aw24zlhdti.o		file	0600	1784155760459668379	25408	772b96a175c9c4b61d7b612f86dbacb37890a78412417c88020d8591aed635a5		exclude	non-evidence	compiled-or-generated-file	
tokio-watch/.specula-output/repro/target_cr2_watch_pairing/debug/incremental/tokio-3tvxiqdf59ytq/s-hkfhu9veq9-1btul7a-819lppas2gi7li31yvqawn2lr/2oyw0evd363vcs8mgkj8v5r0f.o		file	0600	1784155760418667557	64088	7cc7433e23c231d4396f4e15c7950f2530d7b2ee592f0067a41577f150935368		exclude	non-evidence	compiled-or-generated-file	
tokio-watch/.specula-output/repro/target_cr2_watch_pairing/debug/incremental/tokio-3tvxiqdf59ytq/s-hkfhu9veq9-1btul7a-819lppas2gi7li31yvqawn2lr/2pu5fwosz84401nbka8phwmr0.o		file	0600	1784155760455668299	64344	6e9623cf2695e9a5f2495a842a10df11ec9056ab148e864ad33407b9c7dcedbf		exclude	non-evidence	compiled-or-generated-file	
tokio-watch/.specula-output/repro/target_cr2_watch_pairing/debug/incremental/tokio-3tvxiqdf59ytq/s-hkfhu9veq9-1btul7a-819lppas2gi7li31yvqawn2lr/2t4utkc2n1s55mn4h3cnlwupr.o		file	0600	1784155760313665450	101568	5b4b0cd492ae99ab737c03f66188f6e3b63d208c6f3908ebb38190bb57756662		exclude	non-evidence	compiled-or-generated-file	
tokio-watch/.specula-output/repro/target_cr2_watch_pairing/debug/incremental/tokio-3tvxiqdf59ytq/s-hkfhu9veq9-1btul7a-819lppas2gi7li31yvqawn2lr/2u7ziisdbe8s0lie4g7wn37pf.o		file	0600	1784155760399667175	22880	8c69355316165eaca541b8c8a7628b16c9025ac7f30906c654801d7d0f2bbafe		exclude	non-evidence	compiled-or-generated-file	
tokio-watch/.specula-output/repro/target_cr2_watch_pairing/debug/incremental/tokio-3tvxiqdf59ytq/s-hkfhu9veq9-1btul7a-819lppas2gi7li31yvqawn2lr/2wb72a01wfuq2j1rghxsn6eyi.o		file	0600	1784155760366666514	13504	08b1d9f2e52d48a0fc4b01f2ba67fd021bb85cfd304b2563f9a6732fd9cc0420		exclude	non-evidence	compiled-or-generated-file	
tokio-watch/.specula-output/repro/target_cr2_watch_pairing/debug/incremental/tokio-3tvxiqdf59ytq/s-hkfhu9veq9-1btul7a-819lppas2gi7li31yvqawn2lr/31pb2nv6qp84ke0gpxzs3b89n.o		file	0600	1784155760376666714	4960	c418a3ef068e607f40032995d29191fdba54d3c50f74e062ff2acfdc2c4a50e7		exclude	non-evidence	compiled-or-generated-file	
tokio-watch/.specula-output/repro/target_cr2_watch_pairing/debug/incremental/tokio-3tvxiqdf59ytq/s-hkfhu9veq9-1btul7a-819lppas2gi7li31yvqawn2lr/350axi528cx547iieg1ka6h7a.o		file	0600	1784155760313665450	14712	424f7dae78cea98a884460fd21129137f82f71872cc6ddc3cf820b304043a106		exclude	non-evidence	compiled-or-generated-file	
tokio-watch/.specula-output/repro/target_cr2_watch_pairing/debug/incremental/tokio-3tvxiqdf59ytq/s-hkfhu9veq9-1btul7a-819lppas2gi7li31yvqawn2lr/35vgn4ei2z0s91nor17ppoa6c.o		file	0600	1784155760341666012	3808	49fce44289e934dd3c9a318790ffb0046745f25f284ec411d91560d72eccf4bf		exclude	non-evidence	compiled-or-generated-file	
tokio-watch/.specula-output/repro/target_cr2_watch_pairing/debug/incremental/tokio-3tvxiqdf59ytq/s-hkfhu9veq9-1btul7a-819lppas2gi7li31yvqawn2lr/374xemoje4wotuuq1025vblxr.o		file	0600	1784155760355666293	38680	356dc3b804b49fe06ebe52473d9c7d3734863521919895754fb5e8f76a48be14		exclude	non-evidence	compiled-or-generated-file	
tokio-watch/.specula-output/repro/target_cr2_watch_pairing/debug/incremental/tokio-3tvxiqdf59ytq/s-hkfhu9veq9-1btul7a-819lppas2gi7li31yvqawn2lr/37fya2n9s0psvhqi0ka8c44qn.o		file	0600	1784155760340665992	4312	d8dfe9dcbcf464c0f7f0ee6fb3710dffe6686952a367248bf48b0d60c5ee1228		exclude	non-evidence	compiled-or-generated-file	
tokio-watch/.specula-output/repro/target_cr2_watch_pairing/debug/incremental/tokio-3tvxiqdf59ytq/s-hkfhu9veq9-1btul7a-819lppas2gi7li31yvqawn2lr/3bonewzfv4sf106x41syl5ra6.o		file	0600	1784155760376666714	12408	2e41a0fc6f3ce9f5cee840f6edd52c90f0635ef27843c7045b741dfe5cf5fb93		exclude	non-evidence	compiled-or-generated-file	
tokio-watch/.specula-output/repro/target_cr2_watch_pairing/debug/incremental/tokio-3tvxiqdf59ytq/s-hkfhu9veq9-1btul7a-819lppas2gi7li31yvqawn2lr/3cmuf7ot293evq84sxhj5mnx0.o		file	0600	1784155760440667998	22984	35549ca6d2219fed4d443fac069c0a2c7fc1822245a7abb4040c6c0692f73dc4		exclude	non-evidence	compiled-or-generated-file	
tokio-watch/.specula-output/repro/target_cr2_watch_pairing/debug/incremental/tokio-3tvxiqdf59ytq/s-hkfhu9veq9-1btul7a-819lppas2gi7li31yvqawn2lr/3e9d1w4xmuikfnsxoigogvd7b.o		file	0600	1784155760331665812	21696	eef3fe337083e13ebe9543357cf480450f650c357296c12cfa273725975c5b46		exclude	non-evidence	compiled-or-generated-file	
tokio-watch/.specula-output/repro/target_cr2_watch_pairing/debug/incremental/tokio-3tvxiqdf59ytq/s-hkfhu9veq9-1btul7a-819lppas2gi7li31yvqawn2lr/3ihat6jf3r3s75bf8a4e5v6su.o		file	0600	1784155760288664949	28608	71e8b5a7a0302a1b247702f96850c203152bf8131f041e5163ffc98b671462fc		exclude	non-evidence	compiled-or-generated-file	
tokio-watch/.specula-output/repro/target_cr2_watch_pairing/debug/incremental/tokio-3tvxiqdf59ytq/s-hkfhu9veq9-1btul7a-819lppas2gi7li31yvqawn2lr/3ijp1dh1l9o5uo8wblt038puw.o		file	0600	1784155760432667837	6912	f1ff7df2b668002af424f8d5c8b88243010f1c2e7a5d1d6b31ca8010edc176c9		exclude	non-evidence	compiled-or-generated-file	
tokio-watch/.specula-output/repro/target_cr2_watch_pairing/debug/incremental/tokio-3tvxiqdf59ytq/s-hkfhu9veq9-1btul7a-819lppas2gi7li31yvqawn2lr/3iqdnn71zceumxb1l03032m9w.o		file	0600	1784155760237663926	87888	b8d67478760532974d364a73c8f8ceba8b2ccb3ebe752df9f18e5de2f79849b9		exclude	non-evidence	compiled-or-generated-file	
tokio-watch/.specula-output/repro/target_cr2_watch_pairing/debug/incremental/tokio-3tvxiqdf59ytq/s-hkfhu9veq9-1btul7a-819lppas2gi7li31yvqawn2lr/3k1o33c6e6lkkdl68jijyy81g.o		file	0600	1784155760473668660	17728	c94959a3a9e3490ffe47afc0a8856a5fe22504422d0128a332bfd14cf313fd2c		exclude	non-evidence	compiled-or-generated-file	
tokio-watch/.specula-output/repro/target_cr2_watch_pairing/debug/incremental/tokio-3tvxiqdf59ytq/s-hkfhu9veq9-1btul7a-819lppas2gi7li31yvqawn2lr/3mmq983xt7ra95tq6ha5tb163.o		file	0600	1784155760360666393	20504	5912464970102895301edfdfe98bdd8364362d1b2410db1d903f3737ad621423		exclude	non-evidence	compiled-or-generated-file	
tokio-watch/.specula-output/repro/target_cr2_watch_pairing/debug/incremental/tokio-3tvxiqdf59ytq/s-hkfhu9veq9-1btul7a-819lppas2gi7li31yvqawn2lr/3o5rtdu5copxv9pmq5ss87b94.o		file	0600	1784155760478668760	8576	f1594c5c9c9f04ccc3ae234031242c475dc935a8aa005e2e3dbcee2a8aa29ed5		exclude	non-evidence	compiled-or-generated-file	
tokio-watch/.specula-output/repro/target_cr2_watch_pairing/debug/incremental/tokio-3tvxiqdf59ytq/s-hkfhu9veq9-1btul7a-819lppas2gi7li31yvqawn2lr/3qmxfhuj5jfn5wzwv2o7jc3vx.o		file	0600	1784155760178662743	5824	88a4fb831047c507577e0c8cfb0ecdfb4288976b7a58ed127e26da415b6b64c0		exclude	non-evidence	compiled-or-generated-file	
tokio-watch/.specula-output/repro/target_cr2_watch_pairing/debug/incremental/tokio-3tvxiqdf59ytq/s-hkfhu9veq9-1btul7a-819lppas2gi7li31yvqawn2lr/3rdo2qftnr6n3gprnmr40st1f.o		file	0600	1784155760432667837	7808	559bc13b52ae8bfc6b8690b638ecc222267cf7a6e80e8c75974fcc47afca439c		exclude	non-evidence	compiled-or-generated-file	
tokio-watch/.specula-output/repro/target_cr2_watch_pairing/debug/incremental/tokio-3tvxiqdf59ytq/s-hkfhu9veq9-1btul7a-819lppas2gi7li31yvqawn2lr/3s28fitbqo10zpdzlvi4zhqsn.o		file	0600	1784155760304665270	6624	bd611a0ecc6f3c6fcb9fc685eff9aba10c8cc66abbfde1400d231999e92a6069		exclude	non-evidence	compiled-or-generated-file	
tokio-watch/.specula-output/repro/target_cr2_watch_pairing/debug/incremental/tokio-3tvxiqdf59ytq/s-hkfhu9veq9-1btul7a-819lppas2gi7li31yvqawn2lr/3syp1olrb6watu1q9gbgyyyuq.o		file	0600	1784155760313665450	61416	59226b338320023e2bd82e17b357c522219e7326fb187ea95d43a567c67d4a9f		exclude	non-evidence	compiled-or-generated-file	
tokio-watch/.specula-output/repro/target_cr2_watch_pairing/debug/incremental/tokio-3tvxiqdf59ytq/s-hkfhu9veq9-1btul7a-819lppas2gi7li31yvqawn2lr/3t5q8yet764y1ib8tvufcjaqw.o		file	0600	1784155760472668640	33824	083d3aa17c98d83b0cff6d3b236d27b2be1bd44421c3ebf21bc25a7b96bf9cd6		exclude	non-evidence	compiled-or-generated-file	
tokio-watch/.specula-output/repro/target_cr2_watch_pairing/debug/incremental/tokio-3tvxiqdf59ytq/s-hkfhu9veq9-1btul7a-819lppas2gi7li31yvqawn2lr/3texinf2mv4w8fbavuugwsavc.o		file	0600	1784155760477668740	59808	bb591f79e3aa4bdc3422fdf7107d3fba1477c8ffefac255a9c1eae637acbd8da		exclude	non-evidence	compiled-or-generated-file	
tokio-watch/.specula-output/repro/target_cr2_watch_pairing/debug/incremental/tokio-3tvxiqdf59ytq/s-hkfhu9veq9-1btul7a-819lppas2gi7li31yvqawn2lr/3tj2zhuey2ebjgvj0rh295fgp.o		file	0600	1784155760318665551	39032	471d74832b366d366d7a574574d8e18e5d80bc4edc04d48ef67483e793d12165		exclude	non-evidence	compiled-or-generated-file	
tokio-watch/.specula-output/repro/target_cr2_watch_pairing/debug/incremental/tokio-3tvxiqdf59ytq/s-hkfhu9veq9-1btul7a-819lppas2gi7li31yvqawn2lr/3v7nq6o32t15cgqi1ek62qtrd.o		file	0600	1784155760410667396	65496	e1ab384dd77e4e83cf365c2ae8ac02763f6e57dcaf1d3d370aa0491155899eff		exclude	non-evidence	compiled-or-generated-file	
tokio-watch/.specula-output/repro/target_cr2_watch_pairing/debug/incremental/tokio-3tvxiqdf59ytq/s-hkfhu9veq9-1btul7a-819lppas2gi7li31yvqawn2lr/3vdchp8ickwtwsg4ibk3g716m.o		file	0600	1784155760311665410	6960	7ef1aabb9eb340d695436575a2da486b57d4ad75bbdd6ba16ad04eaedaff156b		exclude	non-evidence	compiled-or-generated-file	
tokio-watch/.specula-output/repro/target_cr2_watch_pairing/debug/incremental/tokio-3tvxiqdf59ytq/s-hkfhu9veq9-1btul7a-819lppas2gi7li31yvqawn2lr/3wwhq3ee90v0cff2mc7mrod8v.o		file	0600	1784155760481668820	16640	ca9d7da186143e19712d7f3564e100b494f8fac22c1580b7db9bd9c9118fc778		exclude	non-evidence	compiled-or-generated-file	
tokio-watch/.specula-output/repro/target_cr2_watch_pairing/debug/incremental/tokio-3tvxiqdf59ytq/s-hkfhu9veq9-1btul7a-819lppas2gi7li31yvqawn2lr/40d6hjqnoenuefyh2s1vkocmq.o		file	0600	1784155760336665912	4400	1204d49b15d17b196779523cf70f6b5793bde1c39c1557da09d06d60a9de5375		exclude	non-evidence	compiled-or-generated-file	
tokio-watch/.specula-output/repro/target_cr2_watch_pairing/debug/incremental/tokio-3tvxiqdf59ytq/s-hkfhu9veq9-1btul7a-819lppas2gi7li31yvqawn2lr/41e7kk6jnby90p8k4xwipz0i7.o		file	0600	1784155760283664849	72056	5ce6d974bd6be2ea41b500bf559485b13365b4202cecc681503fe66a89cb3d10		exclude	non-evidence	compiled-or-generated-file	
tokio-watch/.specula-output/repro/target_cr2_watch_pairing/debug/incremental/tokio-3tvxiqdf59ytq/s-hkfhu9veq9-1btul7a-819lppas2gi7li31yvqawn2lr/435xnu5qj14tjmkm0xcvpaxdh.o		file	0600	1784155760206663304	286504	ca9a99b3fab1ca218992bc3c009a0cd391d9e2feb72ca2d7fc3ffa4f19e9b2f5		exclude	non-evidence	compiled-or-generated-file	
tokio-watch/.specula-output/repro/target_cr2_watch_pairing/debug/incremental/tokio-3tvxiqdf59ytq/s-hkfhu9veq9-1btul7a-819lppas2gi7li31yvqawn2lr/43ru52wfesjr86728b95g2nyy.o		file	0600	1784155760328665751	124792	646c9135b576e5f60041c7e73326119bb526ec519618b9a6f782e4418369860f		exclude	non-evidence	compiled-or-generated-file	
tokio-watch/.specula-output/repro/target_cr2_watch_pairing/debug/incremental/tokio-3tvxiqdf59ytq/s-hkfhu9veq9-1btul7a-819lppas2gi7li31yvqawn2lr/452ai3x5dbpdnjccapt88bxvx.o		file	0600	1784155760346666112	4464	4cdfd20a33d0b15fde1c3110eec48509bd82606c8f31e185f5ed0060a489f7b5		exclude	non-evidence	compiled-or-generated-file	
tokio-watch/.specula-output/repro/target_cr2_watch_pairing/debug/incremental/tokio-3tvxiqdf59ytq/s-hkfhu9veq9-1btul7a-819lppas2gi7li31yvqawn2lr/484tjsnqx5mzvd6imfyq9lwdv.o		file	0600	1784155760422667637	14376	5bcb985cada9149be17eddc64c4d0b3e0ba5f3d0806bc21e9774fd605adf428a		exclude	non-evidence	compiled-or-generated-file	
tokio-watch/.specula-output/repro/target_cr2_watch_pairing/debug/incremental/tokio-3tvxiqdf59ytq/s-hkfhu9veq9-1btul7a-819lppas2gi7li31yvqawn2lr/48an2cc5a4qqlpe8nbqj7gayr.o		file	0600	1784155760487668940	9184	7e949a03b2bd454f8e5298f6a2ad7d1abe159734748ddc266fc84ed81a0f0a3d		exclude	non-evidence	compiled-or-generated-file	
tokio-watch/.specula-output/repro/target_cr2_watch_pairing/debug/incremental/tokio-3tvxiqdf59ytq/s-hkfhu9veq9-1btul7a-819lppas2gi7li31yvqawn2lr/4enub1y9qh2qy6b2ujrihybz4.o		file	0600	1784155760227663726	61816	3d9ff458906159f07c1d5ff8360fc1ef380261fe7bef904027b4571dd8573d5c		exclude	non-evidence	compiled-or-generated-file	
tokio-watch/.specula-output/repro/target_cr2_watch_pairing/debug/incremental/tokio-3tvxiqdf59ytq/s-hkfhu9veq9-1btul7a-819lppas2gi7li31yvqawn2lr/4eshjis5xgih56b29bbg3t79c.o		file	0600	1784155760337665932	40288	adb16ebf27a29105a2bba7687ece25a6bbb3131d05d4bee1108c4a7076dffdb9		exclude	non-evidence	compiled-or-generated-file	
tokio-watch/.specula-output/repro/target_cr2_watch_pairing/debug/incremental/tokio-3tvxiqdf59ytq/s-hkfhu9veq9-1btul7a-819lppas2gi7li31yvqawn2lr/4g1vthb5jnjhlaj562rhefrqn.o		file	0600	1784155760348666152	50136	04cef20f78b19de963fea128fc512e6358ffe1f28271c475542718858c9bc280		exclude	non-evidence	compiled-or-generated-file	
tokio-watch/.specula-output/repro/target_cr2_watch_pairing/debug/incremental/tokio-3tvxiqdf59ytq/s-hkfhu9veq9-1btul7a-819lppas2gi7li31yvqawn2lr/4h6vuwixf55eptldr7dqqpx01.o		file	0600	1784155760405667296	27456	3e5674e5a535eb1159dd96697daafd4cdcf95b996c1ef826aec5bdfdc6c190fc		exclude	non-evidence	compiled-or-generated-file	
tokio-watch/.specula-output/repro/target_cr2_watch_pairing/debug/incremental/tokio-3tvxiqdf59ytq/s-hkfhu9veq9-1btul7a-819lppas2gi7li31yvqawn2lr/4igw9tvxipxyt9u9d9x9j451p.o		file	0600	1784155760314665471	42128	2459c011523a7034f279df0159fb8e1a4af4d82b35a95643ee39a2bd9e4f05f4		exclude	non-evidence	compiled-or-generated-file	
tokio-watch/.specula-output/repro/target_cr2_watch_pairing/debug/incremental/tokio-3tvxiqdf59ytq/s-hkfhu9veq9-1btul7a-819lppas2gi7li31yvqawn2lr/4np56icwj74pu553ws1o1xeay.o		file	0600	1784155760270664588	55288	39eee78476b28a14f78db2bfa51a08e6d5e30b45d34488d0803b86b82d102d8b		exclude	non-evidence	compiled-or-generated-file	
tokio-watch/.specula-output/repro/target_cr2_watch_pairing/debug/incremental/tokio-3tvxiqdf59ytq/s-hkfhu9veq9-1btul7a-819lppas2gi7li31yvqawn2lr/4o2cso2s02hsw99n9mpg5wpp2.o		file	0600	1784155760229663766	230664	257904d2aee0f30d28ea2d2830d01fc603fcef5308ea0daa25f87f33e6d533fb		exclude	non-evidence	compiled-or-generated-file	
tokio-watch/.specula-output/repro/target_cr2_watch_pairing/debug/incremental/tokio-3tvxiqdf59ytq/s-hkfhu9veq9-1btul7a-819lppas2gi7li31yvqawn2lr/4r0dvaxxrczpw61w6lp9x7s4g.o		file	0600	1784155760367666534	14160	160bf5bbdf8875783440a6b4a42f3a12581036a7b0ecd285518712dd589d5bb6		exclude	non-evidence	compiled-or-generated-file	
tokio-watch/.specula-output/repro/target_cr2_watch_pairing/debug/incremental/tokio-3tvxiqdf59ytq/s-hkfhu9veq9-1btul7a-819lppas2gi7li31yvqawn2lr/4spankk0no9klgzkwbxgofrl5.o		file	0600	1784155760479668780	10168	a14bac1be19a2d9f74031ae405b93cd3368383c099b08eacbbce72d6da358842		exclude	non-evidence	compiled-or-generated-file	
tokio-watch/.specula-output/repro/target_cr2_watch_pairing/debug/incremental/tokio-3tvxiqdf59ytq/s-hkfhu9veq9-1btul7a-819lppas2gi7li31yvqawn2lr/4v7cvajhxapi3mzjejlydjk0c.o		file	0600	1784155760428667757	6648	16a6566aafd3facef35b1ed7016f421cead6cc26f01ec044cf09c499985b5395		exclude	non-evidence	compiled-or-generated-file	
tokio-watch/.specula-output/repro/target_cr2_watch_pairing/debug/incremental/tokio-3tvxiqdf59ytq/s-hkfhu9veq9-1btul7a-819lppas2gi7li31yvqawn2lr/4vihy0kwbgytzgp0xbwmvqr3o.o		file	0600	1784155760265664488	153152	be2c4ee88356707f739c8feac02f86e853c616d80386e917fc7606ef653cea89		exclude	non-evidence	compiled-or-generated-file	
tokio-watch/.specula-output/repro/target_cr2_watch_pairing/debug/incremental/tokio-3tvxiqdf59ytq/s-hkfhu9veq9-1btul7a-819lppas2gi7li31yvqawn2lr/4xtoissmyumz6ool13669kvrw.o		file	0600	1784155760446668118	16728	a3bb3ba9bf726c2f15906a7f26f93d1b0cc69b119a815677382be5bfa5d23ac9		exclude	non-evidence	compiled-or-generated-file	
tokio-watch/.specula-output/repro/target_cr2_watch_pairing/debug/incremental/tokio-3tvxiqdf59ytq/s-hkfhu9veq9-1btul7a-819lppas2gi7li31yvqawn2lr/4znacy4flbhnuv4igci3y9mkg.o		file	0600	1784155760402667236	13024	d4dce3b2952fbbb1dc4c6a5c3ed1f1d5b86c39582c572f86e0cc1f1b0d16f3cd		exclude	non-evidence	compiled-or-generated-file	
tokio-watch/.specula-output/repro/target_cr2_watch_pairing/debug/incremental/tokio-3tvxiqdf59ytq/s-hkfhu9veq9-1btul7a-819lppas2gi7li31yvqawn2lr/51t5057elnkamy9nsgt375wy9.o		file	0600	1784155760468668559	7792	2e3c52aa45eb92151bbd4c84884408d2456ac6cb8d8f24d55b19f99a71ff1c99		exclude	non-evidence	compiled-or-generated-file	
tokio-watch/.specula-output/repro/target_cr2_watch_pairing/debug/incremental/tokio-3tvxiqdf59ytq/s-hkfhu9veq9-1btul7a-819lppas2gi7li31yvqawn2lr/5405antl3gmd9316rzfrpvm72.o		file	0600	1784155760448668158	22776	380cecfe93d498682b347f0fcb7d7b7aa4c3ad64f6c291a78db3715f604a4c8e		exclude	non-evidence	compiled-or-generated-file	
tokio-watch/.specula-output/repro/target_cr2_watch_pairing/debug/incremental/tokio-3tvxiqdf59ytq/s-hkfhu9veq9-1btul7a-819lppas2gi7li31yvqawn2lr/54qn3vecvdh3qt231p0yuoj17.o		file	0600	1784155760293665049	23960	aad65d0e4d2f393728d85074e16f5bb8122f82e262926b94dc1905778a6979a8		exclude	non-evidence	compiled-or-generated-file	
tokio-watch/.specula-output/repro/target_cr2_watch_pairing/debug/incremental/tokio-3tvxiqdf59ytq/s-hkfhu9veq9-1btul7a-819lppas2gi7li31yvqawn2lr/55eahsrjs8efdi4gth0vlcik1.o		file	0600	1784155760461668419	24360	bb5cbc7b08b6054f8754b87905258dd41b4dd7eab4aa6246010a3240cae7ec72		exclude	non-evidence	compiled-or-generated-file	
tokio-watch/.specula-output/repro/target_cr2_watch_pairing/debug/incremental/tokio-3tvxiqdf59ytq/s-hkfhu9veq9-1btul7a-819lppas2gi7li31yvqawn2lr/5862mw1w8ncnm3t549fjue7xz.o		file	0600	1784155760487668940	17920	d09edd887363bb797ab4dabbadf62d506b24bc0df0072574b9c3e7e9e0e7e63b		exclude	non-evidence	compiled-or-generated-file	
tokio-watch/.specula-output/repro/target_cr2_watch_pairing/debug/incremental/tokio-3tvxiqdf59ytq/s-hkfhu9veq9-1btul7a-819lppas2gi7li31yvqawn2lr/58e9mnqtce0yvc0c65xsw7461.o		file	0600	1784155760366666514	13672	4119de6dacbd0e72661e74e3efbd2d336a5eaebde03518b70d828898c3b78778		exclude	non-evidence	compiled-or-generated-file	
tokio-watch/.specula-output/repro/target_cr2_watch_pairing/debug/incremental/tokio-3tvxiqdf59ytq/s-hkfhu9veq9-1btul7a-819lppas2gi7li31yvqawn2lr/5bubqgkwfudrt4qzr80thrgbr.o		file	0600	1784155760324665671	64944	19a04331287c1270f0017c95dd58e554eaf46334ca331e8c451bf5c027e83d7e		exclude	non-evidence	compiled-or-generated-file	
tokio-watch/.specula-output/repro/target_cr2_watch_pairing/debug/incremental/tokio-3tvxiqdf59ytq/s-hkfhu9veq9-1btul7a-819lppas2gi7li31yvqawn2lr/5cozoq8ejjis59st0qt3yhgy2.o		file	0600	1784155760399667175	7616	9e450b104472a864fa5bb67478e8c21fddc96267067371f5345f47a8625386a7		exclude	non-evidence	compiled-or-generated-file	
tokio-watch/.specula-output/repro/target_cr2_watch_pairing/debug/incremental/tokio-3tvxiqdf59ytq/s-hkfhu9veq9-1btul7a-819lppas2gi7li31yvqawn2lr/5cvlfic6nwgspf55cdiu6j33j.o		file	0600	1784155760358666353	20080	b22e59e8f689a378953494b92ca0ca05224217256d676fb4a78a4c921359c0c4		exclude	non-evidence	compiled-or-generated-file	
tokio-watch/.specula-output/repro/target_cr2_watch_pairing/debug/incremental/tokio-3tvxiqdf59ytq/s-hkfhu9veq9-1btul7a-819lppas2gi7li31yvqawn2lr/5gk8ho655yhibhfqb7yzktawa.o		file	0600	1784155760292665029	4352	e12846aec1941a2aa4715a7f78880f2ec6d7963968d03dcd8ded48f8c1bea7d1		exclude	non-evidence	compiled-or-generated-file	
tokio-watch/.specula-output/repro/target_cr2_watch_pairing/debug/incremental/tokio-3tvxiqdf59ytq/s-hkfhu9veq9-1btul7a-819lppas2gi7li31yvqawn2lr/5gnya9u66tb0clh8byit2ysjh.o		file	0600	1784155760244664066	4768	2d1e6510e1f40e8aeef11561081c8542ed930ef002def3c39917e1d9ad7ac8ca		exclude	non-evidence	compiled-or-generated-file	
tokio-watch/.specula-output/repro/target_cr2_watch_pairing/debug/incremental/tokio-3tvxiqdf59ytq/s-hkfhu9veq9-1btul7a-819lppas2gi7li31yvqawn2lr/5jedi8kt8352q5pxd7hwq4s4x.o		file	0600	1784155760384666875	14544	5f7959c7c58328e6bf43963ac87ff6b7d307eb66f65f8df8c4c6aaa0c9808af3		exclude	non-evidence	compiled-or-generated-file	
tokio-watch/.specula-output/repro/target_cr2_watch_pairing/debug/incremental/tokio-3tvxiqdf59ytq/s-hkfhu9veq9-1btul7a-819lppas2gi7li31yvqawn2lr/5n9r0bdca7y8v0ujk2earkslk.o		file	0600	1784155760343666052	105376	65429b12d35d66f2bd5a8a04eedf0e9cb239f62a8e5dfd0577254cbec37bffc4		exclude	non-evidence	compiled-or-generated-file	
tokio-watch/.specula-output/repro/target_cr2_watch_pairing/debug/incremental/tokio-3tvxiqdf59ytq/s-hkfhu9veq9-1btul7a-819lppas2gi7li31yvqawn2lr/5ob3cifqsq57k3rfxpsbw0e2w.o		file	0600	1784155760356666313	13264	285100a2f0b7c9323ccffc32baa9f06b5758eea791ba6e96e3f2c66f5c85bf5d		exclude	non-evidence	compiled-or-generated-file	
tokio-watch/.specula-output/repro/target_cr2_watch_pairing/debug/incremental/tokio-3tvxiqdf59ytq/s-hkfhu9veq9-1btul7a-819lppas2gi7li31yvqawn2lr/5og6q2eqmxuk1p4q9mbozawhb.o		file	0600	1784155760479668780	5232	cfd16fa52e4951e063ba60296471f7ba6d45928eed09d852085b88e56ec77560		exclude	non-evidence	compiled-or-generated-file	
tokio-watch/.specula-output/repro/target_cr2_watch_pairing/debug/incremental/tokio-3tvxiqdf59ytq/s-hkfhu9veq9-1btul7a-819lppas2gi7li31yvqawn2lr/5oh4rd1a1o3d11v2g5s2qfj5u.o		file	0600	1784155760250664187	90288	7bcb7926454bb8bce499103da5bc240d2f9042e675a5f498ca4f0f6b9e6a6157		exclude	non-evidence	compiled-or-generated-file	
tokio-watch/.specula-output/repro/target_cr2_watch_pairing/debug/incremental/tokio-3tvxiqdf59ytq/s-hkfhu9veq9-1btul7a-819lppas2gi7li31yvqawn2lr/5q5jzv2mbhl88pdo9baez952x.o		file	0600	1784155760359666373	4336	975d38500d9f9dd51752eebcc5dc156c741d9ecda2b0bff6e0704868b655a518		exclude	non-evidence	compiled-or-generated-file	
tokio-watch/.specula-output/repro/target_cr2_watch_pairing/debug/incremental/tokio-3tvxiqdf59ytq/s-hkfhu9veq9-1btul7a-819lppas2gi7li31yvqawn2lr/5trylkd3guri35c63nsqa7smj.o		file	0600	1784155760403667256	72664	4e195b544133a5c5aeb75390bca6e3433dde8139278e548c4a38c529c6623911		exclude	non-evidence	compiled-or-generated-file	
tokio-watch/.specula-output/repro/target_cr2_watch_pairing/debug/incremental/tokio-3tvxiqdf59ytq/s-hkfhu9veq9-1btul7a-819lppas2gi7li31yvqawn2lr/5ts5dvfor7pl7rbgu7hxsq2m3.o		file	0600	1784155760377666734	25184	45e3b49875b31393ae5cd2a7c4f337e7c4e528ef36c494a3516a91d922cab5b6		exclude	non-evidence	compiled-or-generated-file	
tokio-watch/.specula-output/repro/target_cr2_watch_pairing/debug/incremental/tokio-3tvxiqdf59ytq/s-hkfhu9veq9-1btul7a-819lppas2gi7li31yvqawn2lr/63z0ved3lshm3vkv4icau17es.o		file	0600	1784155760351666213	39568	4a05416d5b80522fb1e7e431e7c6c4f980c9a3719b0d43e9bd8fdc70394009a4		exclude	non-evidence	compiled-or-generated-file	
tokio-watch/.specula-output/repro/target_cr2_watch_pairing/debug/incremental/tokio-3tvxiqdf59ytq/s-hkfhu9veq9-1btul7a-819lppas2gi7li31yvqawn2lr/66mka1n1bfun6uhcjwgvh9lar.o		file	0600	1784155760323665651	4616	74e64fafdd9a64ac1b33674eb354f1dd8b418bd8515156ab647a57fd066c572c		exclude	non-evidence	compiled-or-generated-file	
tokio-watch/.specula-output/repro/target_cr2_watch_pairing/debug/incremental/tokio-3tvxiqdf59ytq/s-hkfhu9veq9-1btul7a-819lppas2gi7li31yvqawn2lr/6ai5qlpbogx42kxp43amzlkb0.o		file	0600	1784155760351666213	7440	ff1cf3e435dccc646c57226017cc96346b36b3685904ece02cae58bebae5b1eb		exclude	non-evidence	compiled-or-generated-file	
tokio-watch/.specula-output/repro/target_cr2_watch_pairing/debug/incremental/tokio-3tvxiqdf59ytq/s-hkfhu9veq9-1btul7a-819lppas2gi7li31yvqawn2lr/6cjrgsz4m1odvpzdfhpwkotxh.o		file	0600	1784155760472668640	79120	0b60ada3cbf957247bdf559ba9d48cd6e7ab1784f080c3bdc0d54f74cd9378c9		exclude	non-evidence	compiled-or-generated-file	
tokio-watch/.specula-output/repro/target_cr2_watch_pairing/debug/incremental/tokio-3tvxiqdf59ytq/s-hkfhu9veq9-1btul7a-819lppas2gi7li31yvqawn2lr/6fgdh07dvxsipp04h9dzr4bfd.o		file	0600	1784155760360666393	26240	c595ff4ba04fd522c929d7de94a10b74012f7d4b8a31e4dcc63c15af172a5b50		exclude	non-evidence	compiled-or-generated-file	
tokio-watch/.specula-output/repro/target_cr2_watch_pairing/debug/incremental/tokio-3tvxiqdf59ytq/s-hkfhu9veq9-1btul7a-819lppas2gi7li31yvqawn2lr/6gk8wfdugj22tgcm41g0t5a2t.o		file	0600	1784155760451668218	64448	8b638a7ca287558f4fe9960e044bcc1aaa36a8b3738ed26c86f33ce927ac6b7a		exclude	non-evidence	compiled-or-generated-file	
tokio-watch/.specula-output/repro/target_cr2_watch_pairing/debug/incremental/tokio-3tvxiqdf59ytq/s-hkfhu9veq9-1btul7a-819lppas2gi7li31yvqawn2lr/6hrp62254tnebz1ll4gk3geja.o		file	0600	1784155760290664989	3248	473c3050fd22c4e0b838541fa8be5d0b94929904ef4f6a9b4ce18d2c15bf385b		exclude	non-evidence	compiled-or-generated-file	
tokio-watch/.specula-output/repro/target_cr2_watch_pairing/debug/incremental/tokio-3tvxiqdf59ytq/s-hkfhu9veq9-1btul7a-819lppas2gi7li31yvqawn2lr/6lx2iahl9ifqg3e5hqisdrl1g.o		file	0600	1784155760364666473	37080	c79204e4f4711fc8a000e44459090f58d455d1c5bd19eb794bc77dbab53d9bf4		exclude	non-evidence	compiled-or-generated-file	
tokio-watch/.specula-output/repro/target_cr2_watch_pairing/debug/incremental/tokio-3tvxiqdf59ytq/s-hkfhu9veq9-1btul7a-819lppas2gi7li31yvqawn2lr/6o65six6ytobv6r9oqo9x4swi.o		file	0600	1784155760439667978	4328	ff0818e4779be1754af5f1333ff4d3a1794e3f8f1654865253ea6cdfda9a4d13		exclude	non-evidence	compiled-or-generated-file	
tokio-watch/.specula-output/repro/target_cr2_watch_pairing/debug/incremental/tokio-3tvxiqdf59ytq/s-hkfhu9veq9-1btul7a-819lppas2gi7li31yvqawn2lr/6sq4qc4x1bkagaf67goqg7w94.o		file	0600	1784155760403667256	22872	6136f854543f29e3bcf5bb3a42c7a5f7f400e2be74e1a0b1d03494c62cf69fa8		exclude	non-evidence	compiled-or-generated-file	
tokio-watch/.specula-output/repro/target_cr2_watch_pairing/debug/incremental/tokio-3tvxiqdf59ytq/s-hkfhu9veq9-1btul7a-819lppas2gi7li31yvqawn2lr/6uszk5rvz8eyzkee4re4ihemh.o		file	0600	1784155760272664628	129176	9d57df73b80e102a7a500e766fd0425a9849e954f9dac289059e6c87352ca0de		exclude	non-evidence	compiled-or-generated-file	
tokio-watch/.specula-output/repro/target_cr2_watch_pairing/debug/incremental/tokio-3tvxiqdf59ytq/s-hkfhu9veq9-1btul7a-819lppas2gi7li31yvqawn2lr/6vryzrfosq64kmj93qsx0yb81.o		file	0600	1784155760203663244	886752	349a6c389ae44f53f2f5b31175ade3c989b91b627f1b01b2a505da6e906d42a4		exclude	non-evidence	compiled-or-generated-file	
tokio-watch/.specula-output/repro/target_cr2_watch_pairing/debug/incremental/tokio-3tvxiqdf59ytq/s-hkfhu9veq9-1btul7a-819lppas2gi7li31yvqawn2lr/6xfb5h3cmg5rfo61ak3r2wqkk.o		file	0600	1784155760448668158	63272	9e942221200dd6572c05e5fced5a020efae32d7fc224024d29b57785165a3ec8		exclude	non-evidence	compiled-or-generated-file	
tokio-watch/.specula-output/repro/target_cr2_watch_pairing/debug/incremental/tokio-3tvxiqdf59ytq/s-hkfhu9veq9-1btul7a-819lppas2gi7li31yvqawn2lr/6z69f89dvpjoijwbclv70mlgf.o		file	0600	1784155760369666574	14840	0e14c2745491b591a84126f3518374f57e3072f180af8e946eb2b2bc8ccd3c86		exclude	non-evidence	compiled-or-generated-file	
tokio-watch/.specula-output/repro/target_cr2_watch_pairing/debug/incremental/tokio-3tvxiqdf59ytq/s-hkfhu9veq9-1btul7a-819lppas2gi7li31yvqawn2lr/71xmas6u2wmfza6fpvxa9s8fg.o		file	0600	1784155760464668479	26640	eb237ee24c7c34e4b7922c8e68da78e0590df9e7792b525a76e9068427eb360d		exclude	non-evidence	compiled-or-generated-file	
tokio-watch/.specula-output/repro/target_cr2_watch_pairing/debug/incremental/tokio-3tvxiqdf59ytq/s-hkfhu9veq9-1btul7a-819lppas2gi7li31yvqawn2lr/725xd9bvkvlgulxw7d13lhzha.o		file	0600	1784155760440667998	9584	4782d3ffb3069db632e99dc48e51ca976d3274ba24cf68265b4353b5d31769dc		exclude	non-evidence	compiled-or-generated-file	
tokio-watch/.specula-output/repro/target_cr2_watch_pairing/debug/incremental/tokio-3tvxiqdf59ytq/s-hkfhu9veq9-1btul7a-819lppas2gi7li31yvqawn2lr/7799qqh0wv04imqk7uya2nbbc.o		file	0600	1784155760365666493	6944	0635d216ce625d955dd8d347afd3fd821d0bfa119431ebdc6993c66cca979fcd		exclude	non-evidence	compiled-or-generated-file	
tokio-watch/.specula-output/repro/target_cr2_watch_pairing/debug/incremental/tokio-3tvxiqdf59ytq/s-hkfhu9veq9-1btul7a-819lppas2gi7li31yvqawn2lr/79toy0x2mrc4c6x9f2qlltuvl.o		file	0600	1784155760434667877	8392	43ad861031f97fd45a19bca7a7e0644aae2ae205af82dc43cccf7c0e7c0f5f3d		exclude	non-evidence	compiled-or-generated-file	
tokio-watch/.specula-output/repro/target_cr2_watch_pairing/debug/incremental/tokio-3tvxiqdf59ytq/s-hkfhu9veq9-1btul7a-819lppas2gi7li31yvqawn2lr/7au94oit34bo1p588q9002dmv.o		file	0600	1784155760432667837	59360	e20947bcf691a9b44e53afa5fe695a4d9bfbe775a681eb641d86092518835926		exclude	non-evidence	compiled-or-generated-file	
tokio-watch/.specula-output/repro/target_cr2_watch_pairing/debug/incremental/tokio-3tvxiqdf59ytq/s-hkfhu9veq9-1btul7a-819lppas2gi7li31yvqawn2lr/7eqhj5hhtj0xpnwf5ol51zv4e.o		file	0600	1784155760344666072	7064	b9af4e95e979880ce893c74cd1e90f9ea9d639504150ad91fc5728fa3639e254		exclude	non-evidence	compiled-or-generated-file	
tokio-watch/.specula-output/repro/target_cr2_watch_pairing/debug/incremental/tokio-3tvxiqdf59ytq/s-hkfhu9veq9-1btul7a-819lppas2gi7li31yvqawn2lr/7fdq1dshk70giw9ifju4neslw.o		file	0600	1784155760452668238	16688	0b70c42d6bab40075cf7e155514ecdd032fd1cb0e7c1a37c2dc9832bf763b0ee		exclude	non-evidence	compiled-or-generated-file	
tokio-watch/.specula-output/repro/target_cr2_watch_pairing/debug/incremental/tokio-3tvxiqdf59ytq/s-hkfhu9veq9-1btul7a-819lppas2gi7li31yvqawn2lr/7lpm1eeq0vrrqr3t10xlxi3xv.o		file	0600	1784155760468668559	5976	2c2f289735274b8f80c36f51f18da2951e262eafb5e11ba44784ae3788733267		exclude	non-evidence	compiled-or-generated-file	
tokio-watch/.specula-output/repro/target_cr2_watch_pairing/debug/incremental/tokio-3tvxiqdf59ytq/s-hkfhu9veq9-1btul7a-819lppas2gi7li31yvqawn2lr/7lqesq45khf5fsddf5jw77gh5.o		file	0600	1784155760240663986	56864	78e9f86700f467f77d69bf61701e397d9b136e7e31b82045519c4d5c0037c631		exclude	non-evidence	compiled-or-generated-file	
tokio-watch/.specula-output/repro/target_cr2_watch_pairing/debug/incremental/tokio-3tvxiqdf59ytq/s-hkfhu9veq9-1btul7a-819lppas2gi7li31yvqawn2lr/7lra4l7d7u48jnmr2wia99iur.o		file	0600	1784155760373666654	16024	abc38f5bca0328caadad7d8462eb300297a0fdb04b2bc15079f0c3d730b84e67		exclude	non-evidence	compiled-or-generated-file	
tokio-watch/.specula-output/repro/target_cr2_watch_pairing/debug/incremental/tokio-3tvxiqdf59ytq/s-hkfhu9veq9-1btul7a-819lppas2gi7li31yvqawn2lr/7o4erftweyhs0joj1aoaj8e7q.o		file	0600	1784155760487668940	65712	eecabbc7e3576ea6f9946b42f158f1f8e28712b8528ac417b20cc0e42384910b		exclude	non-evidence	compiled-or-generated-file	
tokio-watch/.specula-output/repro/target_cr2_watch_pairing/debug/incremental/tokio-3tvxiqdf59ytq/s-hkfhu9veq9-1btul7a-819lppas2gi7li31yvqawn2lr/7pnqts6sucggebiwu25nrqivc.o		file	0600	1784155760334665872	8560	02403261561e8be3ebf9bc0a94c3fd6fad7ff44c62aa5720bd78f94588c0e669		exclude	non-evidence	compiled-or-generated-file	
tokio-watch/.specula-output/repro/target_cr2_watch_pairing/debug/incremental/tokio-3tvxiqdf59ytq/s-hkfhu9veq9-1btul7a-819lppas2gi7li31yvqawn2lr/7r8pujj5fxtmpv1s8yoi9z2ol.o		file	0600	1784155760462668439	7472	2b02a6057610f883ae4fdeb294396f2b36b3b8ffd14f14e47e272c6251d9b54f		exclude	non-evidence	compiled-or-generated-file	
tokio-watch/.specula-output/repro/target_cr2_watch_pairing/debug/incremental/tokio-3tvxiqdf59ytq/s-hkfhu9veq9-1btul7a-819lppas2gi7li31yvqawn2lr/7rd2lmse539zrxvhm8r9aky7e.o		file	0600	1784155760437667937	5144	369a106d19fa4bdf6e3afdabb12e0759c0fd2a57accf08cb1ccc7288a6db7748		exclude	non-evidence	compiled-or-generated-file	
tokio-watch/.specula-output/repro/target_cr2_watch_pairing/debug/incremental/tokio-3tvxiqdf59ytq/s-hkfhu9veq9-1btul7a-819lppas2gi7li31yvqawn2lr/7rw5kxwn5r2zyor2882pqhr9x.o		file	0600	1784155760197663124	188640	d4dc60b1cf0e4667911a3a359d757d0d8142e2461d39c7d9677993c530d356ea		exclude	non-evidence	compiled-or-generated-file	
tokio-watch/.specula-output/repro/target_cr2_watch_pairing/debug/incremental/tokio-3tvxiqdf59ytq/s-hkfhu9veq9-1btul7a-819lppas2gi7li31yvqawn2lr/7y4o12p10sd30h7n2u45iuip6.o		file	0600	1784155760234663866	10312	ef8b0aa70e349f96e4b5f4dd4e6124d1ecac34d24ebbb39f13db2b978a0039c5		exclude	non-evidence	compiled-or-generated-file	
tokio-watch/.specula-output/repro/target_cr2_watch_pairing/debug/incremental/tokio-3tvxiqdf59ytq/s-hkfhu9veq9-1btul7a-819lppas2gi7li31yvqawn2lr/886w2b5c8vo0cgrw54h96iaiz.o		file	0600	1784155760290664989	120152	a1c6ddb947ab4513c96722be1e3665aaa606b6d3649130bc923d0fc1353ec09a		exclude	non-evidence	compiled-or-generated-file	
tokio-watch/.specula-output/repro/target_cr2_watch_pairing/debug/incremental/tokio-3tvxiqdf59ytq/s-hkfhu9veq9-1btul7a-819lppas2gi7li31yvqawn2lr/8aijyf5cx2ie0lcj9mde33p2h.o		file	0600	1784155760396667115	55672	525cd62e241587bd02ea36f3c1268f23cd87168c9ebd81411b3b1aa156a5080c		exclude	non-evidence	compiled-or-generated-file	
tokio-watch/.specula-output/repro/target_cr2_watch_pairing/debug/incremental/tokio-3tvxiqdf59ytq/s-hkfhu9veq9-1btul7a-819lppas2gi7li31yvqawn2lr/8hen88m3585zdizanogiwpdjy.o		file	0600	1784155760451668218	17848	6f1eaec22f59828b1c4967d68a56c3a495387964e686547fa173c4b6608a2bda		exclude	non-evidence	compiled-or-generated-file	
tokio-watch/.specula-output/repro/target_cr2_watch_pairing/debug/incremental/tokio-3tvxiqdf59ytq/s-hkfhu9veq9-1btul7a-819lppas2gi7li31yvqawn2lr/8kxpitn5wckx57ef1kkaf1t6p.o		file	0600	1784155760386666915	45032	3fdbf40dbbcd8f834c66dbc2f175107d73b0e9920e2d3a0ca04ee4f3d76dd558		exclude	non-evidence	compiled-or-generated-file	
tokio-watch/.specula-output/repro/target_cr2_watch_pairing/debug/incremental/tokio-3tvxiqdf59ytq/s-hkfhu9veq9-1btul7a-819lppas2gi7li31yvqawn2lr/8l1gkwpiryok4gti4ioteskea.o		file	0600	1784155760287664929	12208	c70810ac5b11a9d3a7a423ae327fab0f40d7f1495a612226fb71d5aa5a26fb10		exclude	non-evidence	compiled-or-generated-file	
tokio-watch/.specula-output/repro/target_cr2_watch_pairing/debug/incremental/tokio-3tvxiqdf59ytq/s-hkfhu9veq9-1btul7a-819lppas2gi7li31yvqawn2lr/8lgbsl0b4u1s2t1hnuy14stk9.o		file	0600	1784155760285664889	8024	303d1f7dc7b55fec0b5a62c508c73a32310a2e7cf90de9621c8a3501218168e9		exclude	non-evidence	compiled-or-generated-file	
tokio-watch/.specula-output/repro/target_cr2_watch_pairing/debug/incremental/tokio-3tvxiqdf59ytq/s-hkfhu9veq9-1btul7a-819lppas2gi7li31yvqawn2lr/8okv0m1prjq90wg66mbqrinru.o		file	0600	1784155760419667577	35336	ed94d0a6aee54d2d92105d3df82232a40e7eef99aa53b09383c6fb3a7e5bb031		exclude	non-evidence	compiled-or-generated-file	
tokio-watch/.specula-output/repro/target_cr2_watch_pairing/debug/incremental/tokio-3tvxiqdf59ytq/s-hkfhu9veq9-1btul7a-819lppas2gi7li31yvqawn2lr/8paw76env7y7f51o5k2y6cj18.o		file	0600	1784155760366666514	34832	ff6c83df18c257a8f9ed4438ce38f29a99a7b413213a9572362691f4b8e99438		exclude	non-evidence	compiled-or-generated-file	
tokio-watch/.specula-output/repro/target_cr2_watch_pairing/debug/incremental/tokio-3tvxiqdf59ytq/s-hkfhu9veq9-1btul7a-819lppas2gi7li31yvqawn2lr/8xffvhmh0h60u8gpq1smvuzyr.o		file	0600	1784155760435667897	11848	397689a983197d210e3c9ce14b1e93cb1db7a9f1cca68e412962a3ae75d4c449		exclude	non-evidence	compiled-or-generated-file	
tokio-watch/.specula-output/repro/target_cr2_watch_pairing/debug/incremental/tokio-3tvxiqdf59ytq/s-hkfhu9veq9-1btul7a-819lppas2gi7li31yvqawn2lr/8xxn5mwuj6u45bd2uxlwxrhva.o		file	0600	1784155760280664789	163048	773478a1f275f8a3faca8326adacf71e27bc9eb7696c9ff67d780453d32d0566		exclude	non-evidence	compiled-or-generated-file	
tokio-watch/.specula-output/repro/target_cr2_watch_pairing/debug/incremental/tokio-3tvxiqdf59ytq/s-hkfhu9veq9-1btul7a-819lppas2gi7li31yvqawn2lr/92ftl0hwjh5ms1f42k326brij.o		file	0600	1784155760302665230	57752	7b8fea218cad95873535801fa5edfea17ca061e4d4c2b016c966c907b3b86d51		exclude	non-evidence	compiled-or-generated-file	
tokio-watch/.specula-output/repro/target_cr2_watch_pairing/debug/incremental/tokio-3tvxiqdf59ytq/s-hkfhu9veq9-1btul7a-819lppas2gi7li31yvqawn2lr/93po0vuepunamgqovs36ce7v4.o		file	0600	1784155760358666353	5944	cb5a54acc3b7922073dc9096f249cc8616223fac3e8b24e57747cf751b1ffde3		exclude	non-evidence	compiled-or-generated-file	
tokio-watch/.specula-output/repro/target_cr2_watch_pairing/debug/incremental/tokio-3tvxiqdf59ytq/s-hkfhu9veq9-1btul7a-819lppas2gi7li31yvqawn2lr/96zspmbvhoob4d4gojpjvzrb7.o		file	0600	1784155760357666333	59432	59aab1dcfda478b86e47cc3e19055f5c3e0e63667fafab533f114ee220ba2792		exclude	non-evidence	compiled-or-generated-file	
tokio-watch/.specula-output/repro/target_cr2_watch_pairing/debug/incremental/tokio-3tvxiqdf59ytq/s-hkfhu9veq9-1btul7a-819lppas2gi7li31yvqawn2lr/9aiwcqbxuq1znsavu2z9ub19v.o		file	0600	1784155760230663786	47544	bf8fc16f072c573f4ca1cbab517af1cb82d19d34d38532324f346a482e4a342f		exclude	non-evidence	compiled-or-generated-file	
tokio-watch/.specula-output/repro/target_cr2_watch_pairing/debug/incremental/tokio-3tvxiqdf59ytq/s-hkfhu9veq9-1btul7a-819lppas2gi7li31yvqawn2lr/9aqvgj6y3y9gtyu9kbpooq06m.o		file	0600	1784155760417667536	23784	c7af33497c4894fd67eea1768367f8d45db8f54dbb69dd67fe461851bfa9d5a5		exclude	non-evidence	compiled-or-generated-file	
tokio-watch/.specula-output/repro/target_cr2_watch_pairing/debug/incremental/tokio-3tvxiqdf59ytq/s-hkfhu9veq9-1btul7a-819lppas2gi7li31yvqawn2lr/9b6h42vpgmbl9pwymjf39xwxy.o		file	0600	1784155760382666834	91248	b4d2b42a52f687a5d532e8a829f0f56f7a7298136329427814e9f0eb9e0645ef		exclude	non-evidence	compiled-or-generated-file	
tokio-watch/.specula-output/repro/target_cr2_watch_pairing/debug/incremental/tokio-3tvxiqdf59ytq/s-hkfhu9veq9-1btul7a-819lppas2gi7li31yvqawn2lr/9brlmke4lb3m7eqjsx3o1tqvh.o		file	0600	1784155760343666052	8624	621a566e4d2e6ba62e88a6f4e0cdf51ffe1a7cbd09d1a17806a3834235ec38b8		exclude	non-evidence	compiled-or-generated-file	
tokio-watch/.specula-output/repro/target_cr2_watch_pairing/debug/incremental/tokio-3tvxiqdf59ytq/s-hkfhu9veq9-1btul7a-819lppas2gi7li31yvqawn2lr/9c2n2tvacs568uy58t4p1y5w1.o		file	0600	1784155760419667577	4008	dade2b5488b593c64fd420b321013b1981689ae2714a0400c8fc89732763de31		exclude	non-evidence	compiled-or-generated-file	
tokio-watch/.specula-output/repro/target_cr2_watch_pairing/debug/incremental/tokio-3tvxiqdf59ytq/s-hkfhu9veq9-1btul7a-819lppas2gi7li31yvqawn2lr/9dokwm6tiicr3qs87cj20do2j.o		file	0600	1784155760375666694	84832	ddddc3133884be7cc191ecdb4d03f586fdd193cd651f45dfb3fe79b472671c1d		exclude	non-evidence	compiled-or-generated-file	
tokio-watch/.specula-output/repro/target_cr2_watch_pairing/debug/incremental/tokio-3tvxiqdf59ytq/s-hkfhu9veq9-1btul7a-819lppas2gi7li31yvqawn2lr/9fiqgq164rnbq5z3de8vk4wsp.o		file	0600	1784155760224663665	5736	618014dbda1b82c59a64168c5f88bf44ebc8e3c5227e2e1d84c5c1e4fdb74f49		exclude	non-evidence	compiled-or-generated-file	
tokio-watch/.specula-output/repro/target_cr2_watch_pairing/debug/incremental/tokio-3tvxiqdf59ytq/s-hkfhu9veq9-1btul7a-819lppas2gi7li31yvqawn2lr/9ingc8sd0vz4m79hy5x0nicdy.o		file	0600	1784155760219663565	197288	0845b00ba16c6eacb3d79264941bcfc7c850b804d7d9b2a9f7476500a603b105		exclude	non-evidence	compiled-or-generated-file	
tokio-watch/.specula-output/repro/target_cr2_watch_pairing/debug/incremental/tokio-3tvxiqdf59ytq/s-hkfhu9veq9-1btul7a-819lppas2gi7li31yvqawn2lr/9kihtzhmf2qld2to8s71s96fd.o		file	0600	1784155760308665350	71480	ad709a26be97d748f1f2318c8b31f5c4d72d68769e10c28cdb5a3490d0126e7f		exclude	non-evidence	compiled-or-generated-file	
tokio-watch/.specula-output/repro/target_cr2_watch_pairing/debug/incremental/tokio-3tvxiqdf59ytq/s-hkfhu9veq9-1btul7a-819lppas2gi7li31yvqawn2lr/9klfkei6rjk1roo763d42ak64.o		file	0600	1784155760481668820	16472	f38fb0ee204fd6cc9f80832b80f40804766b5496d29fff80395724205572643c		exclude	non-evidence	compiled-or-generated-file	
tokio-watch/.specula-output/repro/target_cr2_watch_pairing/debug/incremental/tokio-3tvxiqdf59ytq/s-hkfhu9veq9-1btul7a-819lppas2gi7li31yvqawn2lr/9kvlcdhqj5rqjp0ne1ai1z9re.o		file	0600	1784155760320665591	7480	decd6900f30742ac46f2f978cf551a4b4a2a3127dc06cad59b109cd271f379a0		exclude	non-evidence	compiled-or-generated-file	
tokio-watch/.specula-output/repro/target_cr2_watch_pairing/debug/incremental/tokio-3tvxiqdf59ytq/s-hkfhu9veq9-1btul7a-819lppas2gi7li31yvqawn2lr/9nbx68vgluw8d5ed9h8k2ufmn.o		file	0600	1784155760416667516	92008	80698fe930c64ab6b40e500e14f91f4a3d81b8e2f93a28a05219987d4d847947		exclude	non-evidence	compiled-or-generated-file	
tokio-watch/.specula-output/repro/target_cr2_watch_pairing/debug/incremental/tokio-3tvxiqdf59ytq/s-hkfhu9veq9-1btul7a-819lppas2gi7li31yvqawn2lr/9nvdsg1a29015kqfyjpishiv4.o		file	0600	1784155760332665832	56480	cf8d6a44e73238dafe151a73484a0f75ccda28eadcb38a2abafccc7637f7b733		exclude	non-evidence	compiled-or-generated-file	
tokio-watch/.specula-output/repro/target_cr2_watch_pairing/debug/incremental/tokio-3tvxiqdf59ytq/s-hkfhu9veq9-1btul7a-819lppas2gi7li31yvqawn2lr/9q4riq86kvuqzyma5uwfhkcx2.o		file	0600	1784155760452668238	13288	22496e731ad83856a6fcbd765f124a8b205e1ad49c260dca7476c5543d79e596		exclude	non-evidence	compiled-or-generated-file	
tokio-watch/.specula-output/repro/target_cr2_watch_pairing/debug/incremental/tokio-3tvxiqdf59ytq/s-hkfhu9veq9-1btul7a-819lppas2gi7li31yvqawn2lr/9qc3mv84r6vnwb10ly5tqng2u.o		file	0600	1784155760490669001	12144	a8a487e84073dd7d4bf22e1f16cf8d1bc8e5e0a94d3b271296f8e4a35560be83		exclude	non-evidence	compiled-or-generated-file	
tokio-watch/.specula-output/repro/target_cr2_watch_pairing/debug/incremental/tokio-3tvxiqdf59ytq/s-hkfhu9veq9-1btul7a-819lppas2gi7li31yvqawn2lr/9zxkv4adtrcccmg5r5leki1bb.o		file	0600	1784155760442668038	22800	ff78bba91c59fb0565064616e1e94514cc1799d31b55a142944180f0a5a3f663		exclude	non-evidence	compiled-or-generated-file	
tokio-watch/.specula-output/repro/target_cr2_watch_pairing/debug/incremental/tokio-3tvxiqdf59ytq/s-hkfhu9veq9-1btul7a-819lppas2gi7li31yvqawn2lr/a2f25yn0e96ulu4qzr6tf42my.o		file	0600	1784155760408667356	86936	5798fc0cd871a86b5902b0e3aedb0bb7d0caae8b8bfbfb1e9b509dd68d77b8d2		exclude	non-evidence	compiled-or-generated-file	
tokio-watch/.specula-output/repro/target_cr2_watch_pairing/debug/incremental/tokio-3tvxiqdf59ytq/s-hkfhu9veq9-1btul7a-819lppas2gi7li31yvqawn2lr/a30awrxaedvu0r16vdd245lp0.o		file	0600	1784155760333665852	74376	f2a8da840b76304bf66f8d817bd42b429e03f9ec41b42c3faa9d27ea6cd1368d		exclude	non-evidence	compiled-or-generated-file	
tokio-watch/.specula-output/repro/target_cr2_watch_pairing/debug/incremental/tokio-3tvxiqdf59ytq/s-hkfhu9veq9-1btul7a-819lppas2gi7li31yvqawn2lr/a3ok1tdyuy64x0aavfbdihab1.o		file	0600	1784155760307665330	45720	8efdb4e078485aa0b460aedcb60bd5b83527398d3351d695a3c061cabe8bc875		exclude	non-evidence	compiled-or-generated-file	
tokio-watch/.specula-output/repro/target_cr2_watch_pairing/debug/incremental/tokio-3tvxiqdf59ytq/s-hkfhu9veq9-1btul7a-819lppas2gi7li31yvqawn2lr/a4aeawr8ijhixc46vgwpyoknq.o		file	0600	1784155760425667697	33616	211f41f977ed9a92392a03c29124146fbf59969596d444497a0bcc7476e8b953		exclude	non-evidence	compiled-or-generated-file	
tokio-watch/.specula-output/repro/target_cr2_watch_pairing/debug/incremental/tokio-3tvxiqdf59ytq/s-hkfhu9veq9-1btul7a-819lppas2gi7li31yvqawn2lr/a4ia8wpavbsvw6bcy4f6kqhe5.o		file	0600	1784155760247664127	134008	310c37d002da9e8dadc4216a55d19ef41e8cdaf3786d2cd306de3d2c6e36f815		exclude	non-evidence	compiled-or-generated-file	
tokio-watch/.specula-output/repro/target_cr2_watch_pairing/debug/incremental/tokio-3tvxiqdf59ytq/s-hkfhu9veq9-1btul7a-819lppas2gi7li31yvqawn2lr/aa7posl68npnuzquyvneehy86.o		file	0600	1784155760350666193	10040	44f79a5292971768aae4a8219a4181456f986cedc9aa444701e4573a9671f14e		exclude	non-evidence	compiled-or-generated-file	
tokio-watch/.specula-output/repro/target_cr2_watch_pairing/debug/incremental/tokio-3tvxiqdf59ytq/s-hkfhu9veq9-1btul7a-819lppas2gi7li31yvqawn2lr/aeof7v4crd2a0ss76uyxwh932.o		file	0600	1784155760393667055	57480	b8a9f856ed40368ed008ea50f19a9e1200086d1d4bbb4e7948b34dc4d18258dd		exclude	non-evidence	compiled-or-generated-file	
tokio-watch/.specula-output/repro/target_cr2_watch_pairing/debug/incremental/tokio-3tvxiqdf59ytq/s-hkfhu9veq9-1btul7a-819lppas2gi7li31yvqawn2lr/aewsbffpzr5wh6egfbm49tp1y.o		file	0600	1784155760390666995	47256	9544901a5c666e73ac98c79ed8871604fac86574286d870eb892e4a8f4c2b4b6		exclude	non-evidence	compiled-or-generated-file	
tokio-watch/.specula-output/repro/target_cr2_watch_pairing/debug/incremental/tokio-3tvxiqdf59ytq/s-hkfhu9veq9-1btul7a-819lppas2gi7li31yvqawn2lr/afur0uwybcl7wrzbm2h5ksgbv.o		file	0600	1784155760269664568	22464	dd1328265efc90a70efe697b309b70687f596edcebc5712e787ac831dc0a1d27		exclude	non-evidence	compiled-or-generated-file	
tokio-watch/.specula-output/repro/target_cr2_watch_pairing/debug/incremental/tokio-3tvxiqdf59ytq/s-hkfhu9veq9-1btul7a-819lppas2gi7li31yvqawn2lr/agw8lmw50utr4pbrmi9yc4jsh.o		file	0600	1784155760308665350	8008	ccbc58c1247e7afcadd98762f79ceefb286d2374b971e97afc828ca053be8d50		exclude	non-evidence	compiled-or-generated-file	
tokio-watch/.specula-output/repro/target_cr2_watch_pairing/debug/incremental/tokio-3tvxiqdf59ytq/s-hkfhu9veq9-1btul7a-819lppas2gi7li31yvqawn2lr/ai5zq1wbkwi95zmwzsy9pboey.o		file	0600	1784155760413667456	37112	b82401013746cb53a5e937b4ec48cb756cd1827a9dd99aba777ca3150ab0ec55		exclude	non-evidence	compiled-or-generated-file	
tokio-watch/.specula-output/repro/target_cr2_watch_pairing/debug/incremental/tokio-3tvxiqdf59ytq/s-hkfhu9veq9-1btul7a-819lppas2gi7li31yvqawn2lr/ajaktxhf41s38zxe2fvm6ho89.o		file	0600	1784155760435667897	5288	41f0ef3b7bc2efd582d21b876ada695e8c9c45bb9bc91209f53680131644daf0		exclude	non-evidence	compiled-or-generated-file	
tokio-watch/.specula-output/repro/target_cr2_watch_pairing/debug/incremental/tokio-3tvxiqdf59ytq/s-hkfhu9veq9-1btul7a-819lppas2gi7li31yvqawn2lr/ak245d80a6f4r50ajhvsnv98s.o		file	0600	1784155760222663625	56512	9b7c9ba248d234fa20aabe525067d2896dd0086dba736db7174b76b8ce7c74b9		exclude	non-evidence	compiled-or-generated-file	
tokio-watch/.specula-output/repro/target_cr2_watch_pairing/debug/incremental/tokio-3tvxiqdf59ytq/s-hkfhu9veq9-1btul7a-819lppas2gi7li31yvqawn2lr/akt4nwjcexuk30zprs2ibhxs0.o		file	0600	1784155760444668078	13824	9c34e73e73994bf40a705e2e5531db38c02ba5e2d5a1a948d83cb8411658cbf3		exclude	non-evidence	compiled-or-generated-file	
tokio-watch/.specula-output/repro/target_cr2_watch_pairing/debug/incremental/tokio-3tvxiqdf59ytq/s-hkfhu9veq9-1btul7a-819lppas2gi7li31yvqawn2lr/al86fu7vzopy4v4c2fibs7s93.o		file	0600	1784155760214663465	8352	e6f06ca26e188920f58edbba66382d313cf030c9acdabb0f56f1d5a19b2ada7e		exclude	non-evidence	compiled-or-generated-file	
tokio-watch/.specula-output/repro/target_cr2_watch_pairing/debug/incremental/tokio-3tvxiqdf59ytq/s-hkfhu9veq9-1btul7a-819lppas2gi7li31yvqawn2lr/aqkz3wjgas0b0wwvnh8k1jbj6.o		file	0600	1784155760379666774	39224	d324cac4f4052a84760d417fa9e2f1b6400c11907aa3d9b6d7b7fe720b4bb1b3		exclude	non-evidence	compiled-or-generated-file	
tokio-watch/.specula-output/repro/target_cr2_watch_pairing/debug/incremental/tokio-3tvxiqdf59ytq/s-hkfhu9veq9-1btul7a-819lppas2gi7li31yvqawn2lr/arh6p9rcbctpn8cx6fzdz6bst.o		file	0600	1784155760468668559	18760	02f1c778cab8535bdc79a65110892334015e48f14b1b94e13007203af4c190b8		exclude	non-evidence	compiled-or-generated-file	
tokio-watch/.specula-output/repro/target_cr2_watch_pairing/debug/incremental/tokio-3tvxiqdf59ytq/s-hkfhu9veq9-1btul7a-819lppas2gi7li31yvqawn2lr/asx1xgvpnmjk2p4e47pxlkztv.o		file	0600	1784155760370666594	11304	53b6dbc0fa0964f9f14ee9fbb4039d0c37a50d9c5520d6d08e9b79b41eedd571		exclude	non-evidence	compiled-or-generated-file	
tokio-watch/.specula-output/repro/target_cr2_watch_pairing/debug/incremental/tokio-3tvxiqdf59ytq/s-hkfhu9veq9-1btul7a-819lppas2gi7li31yvqawn2lr/at8bji91acgow1b8xfz7817l5.o		file	0600	1784155760484668880	20040	44581591b3077970405db38fb1eaa1941d736cc9e0d9c9debe34d97472fe3f78		exclude	non-evidence	compiled-or-generated-file	
tokio-watch/.specula-output/repro/target_cr2_watch_pairing/debug/incremental/tokio-3tvxiqdf59ytq/s-hkfhu9veq9-1btul7a-819lppas2gi7li31yvqawn2lr/awi67d3709saoa6n1kodbeuri.o		file	0600	1784155760238663946	104056	b3868bcf6f74ece2d52cfa33895ff3be3dc73b15867cf4637c1f60b4471aec10		exclude	non-evidence	compiled-or-generated-file	
tokio-watch/.specula-output/repro/target_cr2_watch_pairing/debug/incremental/tokio-3tvxiqdf59ytq/s-hkfhu9veq9-1btul7a-819lppas2gi7li31yvqawn2lr/b5g02ofygx1ycrnrto2dj4deb.o		file	0600	1784155760345666092	38664	6dc9f91ef71902832c8ee1d7ad23cd34e81a35b1d79d55ab8df7ee03f1f076a5		exclude	non-evidence	compiled-or-generated-file	
tokio-watch/.specula-output/repro/target_cr2_watch_pairing/debug/incremental/tokio-3tvxiqdf59ytq/s-hkfhu9veq9-1btul7a-819lppas2gi7li31yvqawn2lr/b7fsl2dcb46c53lkihsbt2uoc.o		file	0600	1784155760355666293	62096	4a50e295364e2811ed1c1b4f0dfda33cec0f8c5e6a7ee0736f83808a10adbc3e		exclude	non-evidence	compiled-or-generated-file	
tokio-watch/.specula-output/repro/target_cr2_watch_pairing/debug/incremental/tokio-3tvxiqdf59ytq/s-hkfhu9veq9-1btul7a-819lppas2gi7li31yvqawn2lr/b825tq1u7wvzbsnoa4vjvc7sn.o		file	0600	1784155760297665130	5304	aa789eb9bab94315bdc1cd6736f9daf8190def6a694615dc8e548f83aaf82c70		exclude	non-evidence	compiled-or-generated-file	
tokio-watch/.specula-output/repro/target_cr2_watch_pairing/debug/incremental/tokio-3tvxiqdf59ytq/s-hkfhu9veq9-1btul7a-819lppas2gi7li31yvqawn2lr/baeyy2tq037e5vq4vvls8a8ul.o		file	0600	1784155760208663344	8488	d0d21873f9b9495dcb87ad2d6a28877de41c5fd6c438c597ec47ba00d0cbf78d		exclude	non-evidence	compiled-or-generated-file	
tokio-watch/.specula-output/repro/target_cr2_watch_pairing/debug/incremental/tokio-3tvxiqdf59ytq/s-hkfhu9veq9-1btul7a-819lppas2gi7li31yvqawn2lr/bb47twwnk3xca1zexvqvn4jxk.o		file	0600	1784155760171662602	13496	d858ceecbde505afd515edca7cb24b9ce6341a2bc9fa9f87b73a68344cad30c2		exclude	non-evidence	compiled-or-generated-file	
tokio-watch/.specula-output/repro/target_cr2_watch_pairing/debug/incremental/tokio-3tvxiqdf59ytq/s-hkfhu9veq9-1btul7a-819lppas2gi7li31yvqawn2lr/bbbclxhz9hpq5jzme2kg4iro8.o		file	0600	1784155760343666052	52008	41c2be607057a0c3c63091c1e8d1508f70ca3aa8de15364fad22dff778445d63		exclude	non-evidence	compiled-or-generated-file	
tokio-watch/.specula-output/repro/target_cr2_watch_pairing/debug/incremental/tokio-3tvxiqdf59ytq/s-hkfhu9veq9-1btul7a-819lppas2gi7li31yvqawn2lr/bj6fweidk88y04dwf57rjoh72.o		file	0600	1784155760407667336	12120	87a94ae883842399de706bf73c57cfeed7c30a07e86805a37e5b789f30e598fb		exclude	non-evidence	compiled-or-generated-file	
tokio-watch/.specula-output/repro/target_cr2_watch_pairing/debug/incremental/tokio-3tvxiqdf59ytq/s-hkfhu9veq9-1btul7a-819lppas2gi7li31yvqawn2lr/bjpi7r9zqtvbnxwjlytcmvhug.o		file	0600	1784155760295665089	43632	db8cfe40f11e1e6a6bb372ab885f36d2ef2d6d14d083c9bb57fc5e59ba8f9615		exclude	non-evidence	compiled-or-generated-file	
tokio-watch/.specula-output/repro/target_cr2_watch_pairing/debug/incremental/tokio-3tvxiqdf59ytq/s-hkfhu9veq9-1btul7a-819lppas2gi7li31yvqawn2lr/bos83f1ll2ln0jyxv1pityf03.o		file	0600	1784155760416667516	20528	7bb854b6f58a19534b576c6b25d7b99e67e73748edf16ef4cd77b3e6f7fdb2bd		exclude	non-evidence	compiled-or-generated-file	
tokio-watch/.specula-output/repro/target_cr2_watch_pairing/debug/incremental/tokio-3tvxiqdf59ytq/s-hkfhu9veq9-1btul7a-819lppas2gi7li31yvqawn2lr/bqfvl57x0hjrek5w66qah5ox3.o		file	0600	1784155760299665170	99472	52a86616123a44e58ce95a756ed97ffe8fd20ad3a4ed4e308b32bc9ffc21e889		exclude	non-evidence	compiled-or-generated-file	
tokio-watch/.specula-output/repro/target_cr2_watch_pairing/debug/incremental/tokio-3tvxiqdf59ytq/s-hkfhu9veq9-1btul7a-819lppas2gi7li31yvqawn2lr/bsbbjn2geg28kmq41i44hvvtk.o		file	0600	1784155760201663204	11192	b61aefc243c89fec93537fb3f212c66f344a0afc8ed4435801c88a2641a2480f		exclude	non-evidence	compiled-or-generated-file	
tokio-watch/.specula-output/repro/target_cr2_watch_pairing/debug/incremental/tokio-3tvxiqdf59ytq/s-hkfhu9veq9-1btul7a-819lppas2gi7li31yvqawn2lr/btzy0mbij024xkyk5ibwi4o93.o		file	0600	1784155760443668058	11472	d7b7329bb3267a6a6a75af4cac659c4b2f6915948aebb566c863b34d9e2dae51		exclude	non-evidence	compiled-or-generated-file	
tokio-watch/.specula-output/repro/target_cr2_watch_pairing/debug/incremental/tokio-3tvxiqdf59ytq/s-hkfhu9veq9-1btul7a-819lppas2gi7li31yvqawn2lr/buj5qiwvwy5sieogsz7l17v5f.o		file	0600	1784155760445668098	11616	bae4624cd2b70461cbea026c0ef5eba12891e52fa801472d4a52313373225ac2		exclude	non-evidence	compiled-or-generated-file	
tokio-watch/.specula-output/repro/target_cr2_watch_pairing/debug/incremental/tokio-3tvxiqdf59ytq/s-hkfhu9veq9-1btul7a-819lppas2gi7li31yvqawn2lr/bwa1kiog5g6dz59n77j7i5hjv.o		file	0600	1784155760444668078	61320	929cc6421d48c3ec391d799d1846691a2ae77f639b3563396c2c428a9ecb2af3		exclude	non-evidence	compiled-or-generated-file	
tokio-watch/.specula-output/repro/target_cr2_watch_pairing/debug/incremental/tokio-3tvxiqdf59ytq/s-hkfhu9veq9-1btul7a-819lppas2gi7li31yvqawn2lr/bwqxah3grc2nj5wox4u8fr0yv.o		file	0600	1784155760363666453	14712	f7b3b7d11040f696b4c8d5ac871380c40e9edc30598db1e990720fc6d3cc04c7		exclude	non-evidence	compiled-or-generated-file	
tokio-watch/.specula-output/repro/target_cr2_watch_pairing/debug/incremental/tokio-3tvxiqdf59ytq/s-hkfhu9veq9-1btul7a-819lppas2gi7li31yvqawn2lr/c4t8jwdr6ovynpinen6o12c9b.o		file	0600	1784155760432667837	75192	e209fd18f444598a4ab394ed9b46e3e568cecbe7c4c29462bf501cb097a14b11		exclude	non-evidence	compiled-or-generated-file	
tokio-watch/.specula-output/repro/target_cr2_watch_pairing/debug/incremental/tokio-3tvxiqdf59ytq/s-hkfhu9veq9-1btul7a-819lppas2gi7li31yvqawn2lr/ccytunjvc40sxplwk3553hrds.o		file	0600	1784155760445668098	15672	d4f6b8563dc85352f8dc48d0b4c47d52a4447e8a78747308346807eb038790fa		exclude	non-evidence	compiled-or-generated-file	
tokio-watch/.specula-output/repro/target_cr2_watch_pairing/debug/incremental/tokio-3tvxiqdf59ytq/s-hkfhu9veq9-1btul7a-819lppas2gi7li31yvqawn2lr/cdlb5prbiv9ufb113rc0tcm0o.o		file	0600	1784155760478668760	18128	df263ab970174a7b683195fea63498f41ab8fb7999592ee3566d8da20168d87a		exclude	non-evidence	compiled-or-generated-file	
tokio-watch/.specula-output/repro/target_cr2_watch_pairing/debug/incremental/tokio-3tvxiqdf59ytq/s-hkfhu9veq9-1btul7a-819lppas2gi7li31yvqawn2lr/co3dy9zhpgw087dp1xckv11gf.o		file	0600	1784155760294665069	6184	e1f1e26f923087740fa9f4b09df6f403c05538da5ec83e9980b643b5c02e0890		exclude	non-evidence	compiled-or-generated-file	
tokio-watch/.specula-output/repro/target_cr2_watch_pairing/debug/incremental/tokio-3tvxiqdf59ytq/s-hkfhu9veq9-1btul7a-819lppas2gi7li31yvqawn2lr/cvlan8e4zzytbjqjxhwb5b72g.o		file	0600	1784155760354666273	46328	0bf96c01f51ef6e84b90a3d61d61c5ee9851f70eed985d9f6f78a4a2e4480841		exclude	non-evidence	compiled-or-generated-file	
tokio-watch/.specula-output/repro/target_cr2_watch_pairing/debug/incremental/tokio-3tvxiqdf59ytq/s-hkfhu9veq9-1btul7a-819lppas2gi7li31yvqawn2lr/cvmj8iaz1vu17caquvcjddg2w.o		file	0600	1784155760214663465	178208	ed52999653649aaea5cf36ef70deaf156e2ac787d270a002c03328cd62ec5481		exclude	non-evidence	compiled-or-generated-file	
tokio-watch/.specula-output/repro/target_cr2_watch_pairing/debug/incremental/tokio-3tvxiqdf59ytq/s-hkfhu9veq9-1btul7a-819lppas2gi7li31yvqawn2lr/czvk2x1730jv5xjfbyyqzh9rt.o		file	0600	1784155760371666614	29424	e013a77fcc038b7131c86dbb980d1ae6af671f0c99a23a401a10ed81b961b58e		exclude	non-evidence	compiled-or-generated-file	
tokio-watch/.specula-output/repro/target_cr2_watch_pairing/debug/incremental/tokio-3tvxiqdf59ytq/s-hkfhu9veq9-1btul7a-819lppas2gi7li31yvqawn2lr/d14810jkpoqb6r8u0kz9gcf0l.o		file	0600	1784155760362666433	5704	7186e8f867e2059db3ae72e6c6a0fc74dcf8768091d1c69d67b25585aa3bb39a		exclude	non-evidence	compiled-or-generated-file	
tokio-watch/.specula-output/repro/target_cr2_watch_pairing/debug/incremental/tokio-3tvxiqdf59ytq/s-hkfhu9veq9-1btul7a-819lppas2gi7li31yvqawn2lr/d1t1woutpjmw31adiqx1m9qf6.o		file	0600	1784155760488668961	13704	90e2498e4e5b3e8fe12df1d7bb7be5c4db3c3711775c41b2768abb19df072f8f		exclude	non-evidence	compiled-or-generated-file	
tokio-watch/.specula-output/repro/target_cr2_watch_pairing/debug/incremental/tokio-3tvxiqdf59ytq/s-hkfhu9veq9-1btul7a-819lppas2gi7li31yvqawn2lr/d3vziudzi1m5wr5kj1da40mhq.o		file	0600	1784155760252664227	151504	75ecbc5ec71ea9e14a82fcc1d0269c962815dbf5487c3c4594b179b529e1c221		exclude	non-evidence	compiled-or-generated-file	
tokio-watch/.specula-output/repro/target_cr2_watch_pairing/debug/incremental/tokio-3tvxiqdf59ytq/s-hkfhu9veq9-1btul7a-819lppas2gi7li31yvqawn2lr/d8ayy1oyypo34fxrxd4o1glfw.o		file	0600	1784155760450668198	4560	b66d817e2755d2bd3749e88cf12232dda35f225ca7af57ebadc515112404aca2		exclude	non-evidence	compiled-or-generated-file	
tokio-watch/.specula-output/repro/target_cr2_watch_pairing/debug/incremental/tokio-3tvxiqdf59ytq/s-hkfhu9veq9-1btul7a-819lppas2gi7li31yvqawn2lr/d8hncxii4a5csfsg13aryu6m2.o		file	0600	1784155760383666855	67096	6d28a610e44b5c9b6fd053729303f4e5e583ece1f2dc2cfba34caf1370be8794		exclude	non-evidence	compiled-or-generated-file	
tokio-watch/.specula-output/repro/target_cr2_watch_pairing/debug/incremental/tokio-3tvxiqdf59ytq/s-hkfhu9veq9-1btul7a-819lppas2gi7li31yvqawn2lr/d9brqxnciozpia1rm74wn3k5p.o		file	0600	1784155760461668419	24208	22f1d9ed614064b62f0e0ca87dfc41dedb27b28c41921e7de4971bb0028193c9		exclude	non-evidence	compiled-or-generated-file	
tokio-watch/.specula-output/repro/target_cr2_watch_pairing/debug/incremental/tokio-3tvxiqdf59ytq/s-hkfhu9veq9-1btul7a-819lppas2gi7li31yvqawn2lr/daeqn9wavzpoysqd49mklxzvo.o		file	0600	1784155760478668760	12200	d7d677266b1d9d39590178ca1d9c1824a09bdbab0f314b42ec374a4f139f4717		exclude	non-evidence	compiled-or-generated-file	
tokio-watch/.specula-output/repro/target_cr2_watch_pairing/debug/incremental/tokio-3tvxiqdf59ytq/s-hkfhu9veq9-1btul7a-819lppas2gi7li31yvqawn2lr/dbg32zu77f1ft6qf8i5e6yyjt.o		file	0600	1784155760490669001	18200	2f8cbbb9c9bf31f0b6a9626a68be0167d09364742781b87485f9d67c5aacd553		exclude	non-evidence	compiled-or-generated-file	
tokio-watch/.specula-output/repro/target_cr2_watch_pairing/debug/incremental/tokio-3tvxiqdf59ytq/s-hkfhu9veq9-1btul7a-819lppas2gi7li31yvqawn2lr/dcuecsvqrukusyd4g1ggll69c.o		file	0600	1784155760329665771	8064	b39a255d8f68d117041e5c98d4d92bbf8d79d14ed418a712a272f413e3d51a17		exclude	non-evidence	compiled-or-generated-file	
tokio-watch/.specula-output/repro/target_cr2_watch_pairing/debug/incremental/tokio-3tvxiqdf59ytq/s-hkfhu9veq9-1btul7a-819lppas2gi7li31yvqawn2lr/dep-graph.bin	tokio-watch/.specula-output/repro/target_cr2_watch_pairing/debug/incremental/tokio-3tvxiqdf59ytq/s-hkfhu9veq9-1btul7a-819lppas2gi7li31yvqawn2lr/dep-graph.bin	file	0600	1784155760534669883	22605676	82d7eb17fed13a452404cd0639f69729dc8428c6f7b1d1c7d32f03d9cb6d7f81		copy	run-evidence		
tokio-watch/.specula-output/repro/target_cr2_watch_pairing/debug/incremental/tokio-3tvxiqdf59ytq/s-hkfhu9veq9-1btul7a-819lppas2gi7li31yvqawn2lr/diju3w748i1n912cqcqifphxs.o		file	0600	1784155760293665049	54792	aa9ac3d5232c9b71ba055a65a140825f232885bdb8561ca9173ac743de17d5a0		exclude	non-evidence	compiled-or-generated-file	
tokio-watch/.specula-output/repro/target_cr2_watch_pairing/debug/incremental/tokio-3tvxiqdf59ytq/s-hkfhu9veq9-1btul7a-819lppas2gi7li31yvqawn2lr/dy1d6r9z5olx79ddq57xsozz6.o		file	0600	1784155760438667958	60528	57a3c894ce671fc04bcbaf06fffb8d4865703b257a49b4c3c1068bc57a8cbc28		exclude	non-evidence	compiled-or-generated-file	
tokio-watch/.specula-output/repro/target_cr2_watch_pairing/debug/incremental/tokio-3tvxiqdf59ytq/s-hkfhu9veq9-1btul7a-819lppas2gi7li31yvqawn2lr/dz9spdltns24ukjzop8iugfgv.o		file	0600	1784155760459668379	15816	b532ece9bc381d2199613640611202f955e16438844f29a8f4ae82ccdbfb2229		exclude	non-evidence	compiled-or-generated-file	
tokio-watch/.specula-output/repro/target_cr2_watch_pairing/debug/incremental/tokio-3tvxiqdf59ytq/s-hkfhu9veq9-1btul7a-819lppas2gi7li31yvqawn2lr/e0nfkcdghz8k1kh14rbid4s8b.o		file	0600	1784155760196663104	5656	e5de148440b97e5681a134e74306911f20d080e4d328a169140ec8b430177d81		exclude	non-evidence	compiled-or-generated-file	
tokio-watch/.specula-output/repro/target_cr2_watch_pairing/debug/incremental/tokio-3tvxiqdf59ytq/s-hkfhu9veq9-1btul7a-819lppas2gi7li31yvqawn2lr/e2431n6o9c5fekpqr6r6e97qp.o		file	0600	1784155760398667155	7616	bd9b5318a29b1e90460bfdc165bfe943d26cccf329536a07ea999020a1c97eb1		exclude	non-evidence	compiled-or-generated-file	
tokio-watch/.specula-output/repro/target_cr2_watch_pairing/debug/incremental/tokio-3tvxiqdf59ytq/s-hkfhu9veq9-1btul7a-819lppas2gi7li31yvqawn2lr/ea64hupqejbgd32e5rte2okte.o		file	0600	1784155760472668640	14704	3d87f0f7776ee27c6729b75d9c67e515b70511e641e7b9a8c16b9bb30836cba7		exclude	non-evidence	compiled-or-generated-file	
tokio-watch/.specula-output/repro/target_cr2_watch_pairing/debug/incremental/tokio-3tvxiqdf59ytq/s-hkfhu9veq9-1btul7a-819lppas2gi7li31yvqawn2lr/ee2mfsfc81nt4efblf658lt93.o		file	0600	1784155760389666975	80800	34beb6e3c1b7ce6fb307b2a2fcc38153055b296fd7abb8f05077157801562f62		exclude	non-evidence	compiled-or-generated-file	
tokio-watch/.specula-output/repro/target_cr2_watch_pairing/debug/incremental/tokio-3tvxiqdf59ytq/s-hkfhu9veq9-1btul7a-819lppas2gi7li31yvqawn2lr/ek1werrua54bnlapdcoks09w0.o		file	0600	1784155760399667175	12592	73c03dd18a70a5cb2701d4cb4fe4a133501d4a57a5ba904c898bc972f48151fd		exclude	non-evidence	compiled-or-generated-file	
tokio-watch/.specula-output/repro/target_cr2_watch_pairing/debug/incremental/tokio-3tvxiqdf59ytq/s-hkfhu9veq9-1btul7a-819lppas2gi7li31yvqawn2lr/emzbyrlhzrn4ne907w8fvjin4.o		file	0600	1784155760281664809	4472	64a6aead7b22028ef313a1942c4e2cf1a90b961678e690648c7e7ea36f737d41		exclude	non-evidence	compiled-or-generated-file	
tokio-watch/.specula-output/repro/target_cr2_watch_pairing/debug/incremental/tokio-3tvxiqdf59ytq/s-hkfhu9veq9-1btul7a-819lppas2gi7li31yvqawn2lr/enfx9plj9atue8soivxqu3eqo.o		file	0600	1784155760327665731	42072	0ed6e48e83adc00db42def49202b987579b55b3891d3fa4d0591715e54be277d		exclude	non-evidence	compiled-or-generated-file	
tokio-watch/.specula-output/repro/target_cr2_watch_pairing/debug/incremental/tokio-3tvxiqdf59ytq/s-hkfhu9veq9-1btul7a-819lppas2gi7li31yvqawn2lr/eo6ecfvyy2xzmkr0jdl4j85n2.o		file	0600	1784155760412667436	12416	43000716a16dee9a0c0af81e1a0f13a86f7689ac2bb22f23ec55dc8850055ad5		exclude	non-evidence	compiled-or-generated-file	
tokio-watch/.specula-output/repro/target_cr2_watch_pairing/debug/incremental/tokio-3tvxiqdf59ytq/s-hkfhu9veq9-1btul7a-819lppas2gi7li31yvqawn2lr/equa04ym9g01v8pmc8cj9z2a0.o		file	0600	1784155760463668459	17128	858cfda75b0817420eaaaeb2b19cfaf30493e9e90f14e37eb856ac8153463e4b		exclude	non-evidence	compiled-or-generated-file	
tokio-watch/.specula-output/repro/target_cr2_watch_pairing/debug/incremental/tokio-3tvxiqdf59ytq/s-hkfhu9veq9-1btul7a-819lppas2gi7li31yvqawn2lr/er0b2l3u2afn3rizluxwmcsth.o		file	0600	1784155760360666393	6720	9363fcf53f0b13780392c85cb5c8efd0ad73b28a2d123c4e6cefc5c4b8e40e21		exclude	non-evidence	compiled-or-generated-file	
tokio-watch/.specula-output/repro/target_cr2_watch_pairing/debug/incremental/tokio-3tvxiqdf59ytq/s-hkfhu9veq9-1btul7a-819lppas2gi7li31yvqawn2lr/er8pvre1yv5edzg09shqnupdn.o		file	0600	1784155760448668158	10712	975ba9eb2ba64df67b38659574519586c8c6e4f503dbd407312f22aa877bd477		exclude	non-evidence	compiled-or-generated-file	
tokio-watch/.specula-output/repro/target_cr2_watch_pairing/debug/incremental/tokio-3tvxiqdf59ytq/s-hkfhu9veq9-1btul7a-819lppas2gi7li31yvqawn2lr/erbmft2qlsnrnchgef0oldcsr.o		file	0600	1784155760278664748	11712	2dd894602cbdb230d22e48a7a9eef9c9f27a301403ddbbcd305706728e97e12f		exclude	non-evidence	compiled-or-generated-file	
tokio-watch/.specula-output/repro/target_cr2_watch_pairing/debug/incremental/tokio-3tvxiqdf59ytq/s-hkfhu9veq9-1btul7a-819lppas2gi7li31yvqawn2lr/esfhts9hb7irk0zsbsbga6yom.o		file	0600	1784155760274664668	8208	50974b28e89655974201ef06d7bb29569f67d93c4f85e2c13d8d631dcb83843d		exclude	non-evidence	compiled-or-generated-file	
tokio-watch/.specula-output/repro/target_cr2_watch_pairing/debug/incremental/tokio-3tvxiqdf59ytq/s-hkfhu9veq9-1btul7a-819lppas2gi7li31yvqawn2lr/ev3pz9s2oa54qxe2kn50qmtiz.o		file	0600	1784155760427667737	68632	2f61b92ef5ca553ee1de9d3e9ac6d0dbc71adb8478207be29b89a3ef02d761a5		exclude	non-evidence	compiled-or-generated-file	
tokio-watch/.specula-output/repro/target_cr2_watch_pairing/debug/incremental/tokio-3tvxiqdf59ytq/s-hkfhu9veq9-1btul7a-819lppas2gi7li31yvqawn2lr/ew0lcsbnjfglvvg85jglv6pwr.o		file	0600	1784155760270664588	61640	e87cf84c83fc71fd62126a47f64081b0f88d6a23ca8649ced3f94a29e8de8a9b		exclude	non-evidence	compiled-or-generated-file	
tokio-watch/.specula-output/repro/target_cr2_watch_pairing/debug/incremental/tokio-3tvxiqdf59ytq/s-hkfhu9veq9-1btul7a-819lppas2gi7li31yvqawn2lr/ewb4a7zmdudcg337i1yxnbbl8.o		file	0600	1784155760458668359	16520	f392b8c739074822b36dc4d75febba48cae9afd6065183680de726119a97348c		exclude	non-evidence	compiled-or-generated-file	
tokio-watch/.specula-output/repro/target_cr2_watch_pairing/debug/incremental/tokio-3tvxiqdf59ytq/s-hkfhu9veq9-1btul7a-819lppas2gi7li31yvqawn2lr/exik85yipsegsg6em7ot1hao7.o		file	0600	1784155760258664347	168512	747ab8bcee38171ae29554324ea64bbcb82b5ada6a1e4a0b9b9bf5f91d67a1d8		exclude	non-evidence	compiled-or-generated-file	
tokio-watch/.specula-output/repro/target_cr2_watch_pairing/debug/incremental/tokio-3tvxiqdf59ytq/s-hkfhu9veq9-1btul7a-819lppas2gi7li31yvqawn2lr/f08lebwuvs6woq3etea68kqw5.o		file	0600	1784155760369666574	18864	f61d1c73ac0a75fbaf5b7acadc2b5fc10c4150c98eab9acbeacb066c943d2042		exclude	non-evidence	compiled-or-generated-file	
tokio-watch/.specula-output/repro/target_cr2_watch_pairing/debug/incremental/tokio-3tvxiqdf59ytq/s-hkfhu9veq9-1btul7a-819lppas2gi7li31yvqawn2lr/f0kpnewht5d8qo84w8mngmlib.o		file	0600	1784155760396667115	78368	2c9490b8781d38ad15c538213305ce568667180ef991f8e10bff443ca282524f		exclude	non-evidence	compiled-or-generated-file	
tokio-watch/.specula-output/repro/target_cr2_watch_pairing/debug/incremental/tokio-3tvxiqdf59ytq/s-hkfhu9veq9-1btul7a-819lppas2gi7li31yvqawn2lr/f33s73suk0pxrnz7f2kdvahnw.o		file	0600	1784155760423667657	24736	ba32d18042092f39bfef565eb132dcacbeb3a9b46068657fe8c4572280966c63		exclude	non-evidence	compiled-or-generated-file	
tokio-watch/.specula-output/repro/target_cr2_watch_pairing/debug/incremental/tokio-3tvxiqdf59ytq/s-hkfhu9veq9-1btul7a-819lppas2gi7li31yvqawn2lr/metadata.rmeta	tokio-watch/.specula-output/repro/target_cr2_watch_pairing/debug/incremental/tokio-3tvxiqdf59ytq/s-hkfhu9veq9-1btul7a-819lppas2gi7li31yvqawn2lr/metadata.rmeta	file	0600	1784155760137661920	4003427	85be61969fe7be966bd9e77afaebc33f89dbf614012e1ec9df139a15b8930024		copy	run-evidence		
tokio-watch/.specula-output/repro/target_cr2_watch_pairing/debug/incremental/tokio-3tvxiqdf59ytq/s-hkfhu9veq9-1btul7a-819lppas2gi7li31yvqawn2lr/query-cache.bin	tokio-watch/.specula-output/repro/target_cr2_watch_pairing/debug/incremental/tokio-3tvxiqdf59ytq/s-hkfhu9veq9-1btul7a-819lppas2gi7li31yvqawn2lr/query-cache.bin	file	0600	1784155760534669883	8369159	944fc230b7e3519d474f7edb60c0c81f53abc0c45b4acfefdbf71c455b293b7b		copy	run-evidence		
tokio-watch/.specula-output/repro/target_cr2_watch_pairing/debug/incremental/tokio-3tvxiqdf59ytq/s-hkfhu9veq9-1btul7a-819lppas2gi7li31yvqawn2lr/work-products.bin	tokio-watch/.specula-output/repro/target_cr2_watch_pairing/debug/incremental/tokio-3tvxiqdf59ytq/s-hkfhu9veq9-1btul7a-819lppas2gi7li31yvqawn2lr/work-products.bin	file	0600	1784155760549670184	19557	63612a13f228404fc936bac7f10d6031e2c52abc20219681a970506e42c61820		copy	run-evidence		
tokio-watch/.specula-output/repro/target_cr2_watch_pairing/debug/incremental/tokio-3tvxiqdf59ytq/s-hkfhu9veq9-1btul7a.lock	tokio-watch/.specula-output/repro/target_cr2_watch_pairing/debug/incremental/tokio-3tvxiqdf59ytq/s-hkfhu9veq9-1btul7a.lock	file	0600	1784155759839655943	0	e3b0c44298fc1c149afbf4c8996fb92427ae41e4649b934ca495991b7852b855		copy	run-evidence		
tokio-watch/.specula-output/repro/target_cr2_watch_pairing/debug/incremental/tokio_stream-1htpjr98p2qu8	tokio-watch/.specula-output/repro/target_cr2_watch_pairing/debug/incremental/tokio_stream-1htpjr98p2qu8	directory	0700	1784155760361666413				mkdir	run-directory		
tokio-watch/.specula-output/repro/target_cr2_watch_pairing/debug/incremental/tokio_stream-1htpjr98p2qu8/s-hkfhu12k39-0bodg7m-8bi89n3pykpcxp3joabsysa9j	tokio-watch/.specula-output/repro/target_cr2_watch_pairing/debug/incremental/tokio_stream-1htpjr98p2qu8/s-hkfhu12k39-0bodg7m-8bi89n3pykpcxp3joabsysa9j	directory	0700	1784155745312363964				mkdir	run-directory		
tokio-watch/.specula-output/repro/target_cr2_watch_pairing/debug/incremental/tokio_stream-1htpjr98p2qu8/s-hkfhu12k39-0bodg7m-8bi89n3pykpcxp3joabsysa9j/0d9xz3u2yoznz8oocbcrst66x.o		file	0600	1784155745297363661	3656	7f493f09ef60d44d2a811a1b0b2a1c11881a4eb62d09925edea90236f525a3de		exclude	non-evidence	compiled-or-generated-file	
tokio-watch/.specula-output/repro/target_cr2_watch_pairing/debug/incremental/tokio_stream-1htpjr98p2qu8/s-hkfhu12k39-0bodg7m-8bi89n3pykpcxp3joabsysa9j/0esxncyu3ocb8dalrj6wq6fze.o		file	0600	1784155745301363742	5816	c45d4b45e85df0bf9734405fd08d48e303bdadf265eb7cc8e4b0ebf44c3e3458		exclude	non-evidence	compiled-or-generated-file	
tokio-watch/.specula-output/repro/target_cr2_watch_pairing/debug/incremental/tokio_stream-1htpjr98p2qu8/s-hkfhu12k39-0bodg7m-8bi89n3pykpcxp3joabsysa9j/0uqpfd8mrw4z0t7w2v6t6funt.o		file	0600	1784155745297363661	14376	6d6a4d67440e3060d10d870032f731f049f3b6c40e5ad6c20936dc1b635805c1		exclude	non-evidence	compiled-or-generated-file	
tokio-watch/.specula-output/repro/target_cr2_watch_pairing/debug/incremental/tokio_stream-1htpjr98p2qu8/s-hkfhu12k39-0bodg7m-8bi89n3pykpcxp3joabsysa9j/176bsj2djjpnpbu1gbvgn96ek.o		file	0600	1784155745300363722	5200	dc03a679268437309358fa9748331b66b4b0bb4aef2ace3a7ba4ee700aa1c99f		exclude	non-evidence	compiled-or-generated-file	
tokio-watch/.specula-output/repro/target_cr2_watch_pairing/debug/incremental/tokio_stream-1htpjr98p2qu8/s-hkfhu12k39-0bodg7m-8bi89n3pykpcxp3joabsysa9j/1le5zry82eods54auiig9bvei.o		file	0600	1784155745301363742	5400	a79fbd5cc876d1fa9c9f54ea1e4ec3324951f8c39dc47191a837ca679ceddebb		exclude	non-evidence	compiled-or-generated-file	
tokio-watch/.specula-output/repro/target_cr2_watch_pairing/debug/incremental/tokio_stream-1htpjr98p2qu8/s-hkfhu12k39-0bodg7m-8bi89n3pykpcxp3joabsysa9j/2seqoav7erq4wf5hd1bnn6hql.o		file	0600	1784155745302363762	9680	68b32ff82c30697633edf0dd15edacf03f5ba8c4b5faf441159e2ed9dce263e9		exclude	non-evidence	compiled-or-generated-file	
tokio-watch/.specula-output/repro/target_cr2_watch_pairing/debug/incremental/tokio_stream-1htpjr98p2qu8/s-hkfhu12k39-0bodg7m-8bi89n3pykpcxp3joabsysa9j/4e3ams1fushxdeqdjy6qxggpk.o		file	0600	1784155745294363601	14976	9b7dee0acca84a8f8307a7d1d9949111f94e9b62744e999d8a3208c19d27f1bc		exclude	non-evidence	compiled-or-generated-file	
tokio-watch/.specula-output/repro/target_cr2_watch_pairing/debug/incremental/tokio_stream-1htpjr98p2qu8/s-hkfhu12k39-0bodg7m-8bi89n3pykpcxp3joabsysa9j/4spb0n8idt880uvf1t7v5tr75.o		file	0600	1784155745300363722	13016	6e023936d6b13c9599832752a1b06c31ddac735dc1219127570a3d32646f0b51		exclude	non-evidence	compiled-or-generated-file	
tokio-watch/.specula-output/repro/target_cr2_watch_pairing/debug/incremental/tokio_stream-1htpjr98p2qu8/s-hkfhu12k39-0bodg7m-8bi89n3pykpcxp3joabsysa9j/5fcongc1rf74oyjavmwh39nmd.o		file	0600	1784155745298363681	11688	53bafa8709d4cbd93a278d029f899bf849dca71b90bc1028878598e3a0e49911		exclude	non-evidence	compiled-or-generated-file	
tokio-watch/.specula-output/repro/target_cr2_watch_pairing/debug/incremental/tokio_stream-1htpjr98p2qu8/s-hkfhu12k39-0bodg7m-8bi89n3pykpcxp3joabsysa9j/5li862syuo9odugznm9qm0p01.o		file	0600	1784155745297363661	55312	15f9ecad38e492eef63a4b4229a52114e64295b4bab435371a918873f62776b8		exclude	non-evidence	compiled-or-generated-file	
tokio-watch/.specula-output/repro/target_cr2_watch_pairing/debug/incremental/tokio_stream-1htpjr98p2qu8/s-hkfhu12k39-0bodg7m-8bi89n3pykpcxp3joabsysa9j/6225xp25xjwtype2y4jr0fxrd.o		file	0600	1784155745299363702	6064	ab07b6c67539452ed69e09c602f2128b992c50e1a32195c8d2c82eb28e1b5055		exclude	non-evidence	compiled-or-generated-file	
tokio-watch/.specula-output/repro/target_cr2_watch_pairing/debug/incremental/tokio_stream-1htpjr98p2qu8/s-hkfhu12k39-0bodg7m-8bi89n3pykpcxp3joabsysa9j/7kysrwmj5b153jmm7n3ysv4q7.o		file	0600	1784155745304363803	56424	bc7a34fc68f455e152bdbb138bfb0ecf6d9225bbdefe3ea6726fea86d3e19bd2		exclude	non-evidence	compiled-or-generated-file	
tokio-watch/.specula-output/repro/target_cr2_watch_pairing/debug/incremental/tokio_stream-1htpjr98p2qu8/s-hkfhu12k39-0bodg7m-8bi89n3pykpcxp3joabsysa9j/8ut7urdvub7f1etthiluzlddq.o		file	0600	1784155745302363762	7000	e0f9adfb734d1742b81a442a884912354f1f3ea55cdaaba116393ba76ffa1dbb		exclude	non-evidence	compiled-or-generated-file	
tokio-watch/.specula-output/repro/target_cr2_watch_pairing/debug/incremental/tokio_stream-1htpjr98p2qu8/s-hkfhu12k39-0bodg7m-8bi89n3pykpcxp3joabsysa9j/9e4cnljmfej9sk0ub5ugsvy0u.o		file	0600	1784155745298363681	8392	bca0b13021dfd1edad0c77f3ed1629258a52231e691b3503701ef5929d96ff8b		exclude	non-evidence	compiled-or-generated-file	
tokio-watch/.specula-output/repro/target_cr2_watch_pairing/debug/incremental/tokio_stream-1htpjr98p2qu8/s-hkfhu12k39-0bodg7m-8bi89n3pykpcxp3joabsysa9j/9g26mr5rr3ei4nrks3yuexh33.o		file	0600	1784155745305363823	5464	6c879043c08b6bd1ebd8ce3b7ada5d1f50e29fe6594da71e5cb81e10db44569c		exclude	non-evidence	compiled-or-generated-file	
tokio-watch/.specula-output/repro/target_cr2_watch_pairing/debug/incremental/tokio_stream-1htpjr98p2qu8/s-hkfhu12k39-0bodg7m-8bi89n3pykpcxp3joabsysa9j/9y4hf1lir35i2namcbss3wsbf.o		file	0600	1784155745305363823	63192	b39e20439bbd7b9ba9dcc5b7f3056b90c25c5ac4fa23c097063c8dff19606802		exclude	non-evidence	compiled-or-generated-file	
tokio-watch/.specula-output/repro/target_cr2_watch_pairing/debug/incremental/tokio_stream-1htpjr98p2qu8/s-hkfhu12k39-0bodg7m-8bi89n3pykpcxp3joabsysa9j/bccae9u0j2s3szmenjwzahzve.o		file	0600	1784155745300363722	6336	7593c5461083cb7a3e48d1457f804c097729446bb2448f37b99c6bb366d25650		exclude	non-evidence	compiled-or-generated-file	
tokio-watch/.specula-output/repro/target_cr2_watch_pairing/debug/incremental/tokio_stream-1htpjr98p2qu8/s-hkfhu12k39-0bodg7m-8bi89n3pykpcxp3joabsysa9j/bxdoztx5j8ohs90x350uzw7ss.o		file	0600	1784155745300363722	3760	fc5d1d9feb09f32ef351d944a362a49e6cd9681f735ec420a7514504ff0ca157		exclude	non-evidence	compiled-or-generated-file	
tokio-watch/.specula-output/repro/target_cr2_watch_pairing/debug/incremental/tokio_stream-1htpjr98p2qu8/s-hkfhu12k39-0bodg7m-8bi89n3pykpcxp3joabsysa9j/c8qlbeirh5pm8h8r6cmp44npf.o		file	0600	1784155745301363742	6312	3be3d02800f2294d062ce7cb018cd868945ebb062bb4cd82fdae7bdfc545c31a		exclude	non-evidence	compiled-or-generated-file	
tokio-watch/.specula-output/repro/target_cr2_watch_pairing/debug/incremental/tokio_stream-1htpjr98p2qu8/s-hkfhu12k39-0bodg7m-8bi89n3pykpcxp3joabsysa9j/caz8ce80q3v8j72nqz9hvo52n.o		file	0600	1784155745298363681	8776	b4510544f235adfd189584d7e04d8563a756fd0441f97a6b4da1c762350a6217		exclude	non-evidence	compiled-or-generated-file	
tokio-watch/.specula-output/repro/target_cr2_watch_pairing/debug/incremental/tokio_stream-1htpjr98p2qu8/s-hkfhu12k39-0bodg7m-8bi89n3pykpcxp3joabsysa9j/cc0p3n72rkuyejof3p8fyy3d4.o		file	0600	1784155745305363823	6056	a4925008cb7447bd0fc07ba5268a4792d455df0d0337da5f5a0d3565e35bbc0c		exclude	non-evidence	compiled-or-generated-file	
tokio-watch/.specula-output/repro/target_cr2_watch_pairing/debug/incremental/tokio_stream-1htpjr98p2qu8/s-hkfhu12k39-0bodg7m-8bi89n3pykpcxp3joabsysa9j/cg61r6dv8t4dmt4tmml48h385.o		file	0600	1784155745294363601	23064	7bbe6941dbb36fe89a4581697dc42dd05eb6c5d8d136cd425d03c0743d4c2dae		exclude	non-evidence	compiled-or-generated-file	
tokio-watch/.specula-output/repro/target_cr2_watch_pairing/debug/incremental/tokio_stream-1htpjr98p2qu8/s-hkfhu12k39-0bodg7m-8bi89n3pykpcxp3joabsysa9j/csj3ycweorhk95psleyckw7dt.o		file	0600	1784155745293363581	2840	88489aebcb0d85774ca3c4db7e19bdce3ff17bb848d37c56f43168f718144888		exclude	non-evidence	compiled-or-generated-file	
tokio-watch/.specula-output/repro/target_cr2_watch_pairing/debug/incremental/tokio_stream-1htpjr98p2qu8/s-hkfhu12k39-0bodg7m-8bi89n3pykpcxp3joabsysa9j/csy6lxpuxf2jculwl2rtzlv13.o		file	0600	1784155745300363722	7384	602064e0bacabbfeea2c51e819f2d0e15aef97d45a50f39ca9d6f83fc7d340cf		exclude	non-evidence	compiled-or-generated-file	
tokio-watch/.specula-output/repro/target_cr2_watch_pairing/debug/incremental/tokio_stream-1htpjr98p2qu8/s-hkfhu12k39-0bodg7m-8bi89n3pykpcxp3joabsysa9j/dep-graph.bin	tokio-watch/.specula-output/repro/target_cr2_watch_pairing/debug/incremental/tokio_stream-1htpjr98p2qu8/s-hkfhu12k39-0bodg7m-8bi89n3pykpcxp3joabsysa9j/dep-graph.bin	file	0600	1784155745309363904	5266925	46e8021cd2cdce5bf8e6b95f1c543fcf6434f39eade192a2d8366de5eec52126		copy	run-evidence		
tokio-watch/.specula-output/repro/target_cr2_watch_pairing/debug/incremental/tokio_stream-1htpjr98p2qu8/s-hkfhu12k39-0bodg7m-8bi89n3pykpcxp3joabsysa9j/dz0a8astn6spj33lq4h02ne6b.o		file	0600	1784155745301363742	4264	8e47c1963550db56bdeaeef801761c7324d142120e71fe5602ce39cf25765df9		exclude	non-evidence	compiled-or-generated-file	
tokio-watch/.specula-output/repro/target_cr2_watch_pairing/debug/incremental/tokio_stream-1htpjr98p2qu8/s-hkfhu12k39-0bodg7m-8bi89n3pykpcxp3joabsysa9j/egkx9mna0e0pbybzwaxksvb41.o		file	0600	1784155745305363823	8304	abd9e464d88f56c2ebda1f1ebe81e471bb5409ab7cd5aa244c89fa8f94cbc7b6		exclude	non-evidence	compiled-or-generated-file	
tokio-watch/.specula-output/repro/target_cr2_watch_pairing/debug/incremental/tokio_stream-1htpjr98p2qu8/s-hkfhu12k39-0bodg7m-8bi89n3pykpcxp3joabsysa9j/metadata.rmeta	tokio-watch/.specula-output/repro/target_cr2_watch_pairing/debug/incremental/tokio_stream-1htpjr98p2qu8/s-hkfhu12k39-0bodg7m-8bi89n3pykpcxp3joabsysa9j/metadata.rmeta	file	0600	1784155745289363500	872963	a4d2f6dc7e704046d218102debad350914ca90eccd2e7f60894481a4651e4ca3		copy	run-evidence		
tokio-watch/.specula-output/repro/target_cr2_watch_pairing/debug/incremental/tokio_stream-1htpjr98p2qu8/s-hkfhu12k39-0bodg7m-8bi89n3pykpcxp3joabsysa9j/query-cache.bin	tokio-watch/.specula-output/repro/target_cr2_watch_pairing/debug/incremental/tokio_stream-1htpjr98p2qu8/s-hkfhu12k39-0bodg7m-8bi89n3pykpcxp3joabsysa9j/query-cache.bin	file	0600	1784155745309363904	1806566	f2987d19833b3e86ad825aeb602c8fcea75a84fd606dff010ade94acc0bedb62		copy	run-evidence		
tokio-watch/.specula-output/repro/target_cr2_watch_pairing/debug/incremental/tokio_stream-1htpjr98p2qu8/s-hkfhu12k39-0bodg7m-8bi89n3pykpcxp3joabsysa9j/work-products.bin	tokio-watch/.specula-output/repro/target_cr2_watch_pairing/debug/incremental/tokio_stream-1htpjr98p2qu8/s-hkfhu12k39-0bodg7m-8bi89n3pykpcxp3joabsysa9j/work-products.bin	file	0600	1784155745312363964	2076	f1d9bf85e9bb50034dcce421f78f0da499e6a5a764db9dbb60398c20bae86cfc		copy	run-evidence		
tokio-watch/.specula-output/repro/target_cr2_watch_pairing/debug/incremental/tokio_stream-1htpjr98p2qu8/s-hkfhu12k39-0bodg7m.lock	tokio-watch/.specula-output/repro/target_cr2_watch_pairing/debug/incremental/tokio_stream-1htpjr98p2qu8/s-hkfhu12k39-0bodg7m.lock	file	0600	1784155745056358799	0	e3b0c44298fc1c149afbf4c8996fb92427ae41e4649b934ca495991b7852b855		copy	run-evidence		
tokio-watch/.specula-output/repro/target_cr2_watch_pairing/debug/incremental/tokio_stream-1htpjr98p2qu8/s-hkfhua49n7-0aa9ikq-8bi89n3pykpcxp3joabsysa9j	tokio-watch/.specula-output/repro/target_cr2_watch_pairing/debug/incremental/tokio_stream-1htpjr98p2qu8/s-hkfhua49n7-0aa9ikq-8bi89n3pykpcxp3joabsysa9j	directory	0700	1784155760361666413				mkdir	run-directory		
tokio-watch/.specula-output/repro/target_cr2_watch_pairing/debug/incremental/tokio_stream-1htpjr98p2qu8/s-hkfhua49n7-0aa9ikq-8bi89n3pykpcxp3joabsysa9j/0d9xz3u2yoznz8oocbcrst66x.o		file	0600	1784155760337665932	3656	7f493f09ef60d44d2a811a1b0b2a1c11881a4eb62d09925edea90236f525a3de		exclude	non-evidence	compiled-or-generated-file	
tokio-watch/.specula-output/repro/target_cr2_watch_pairing/debug/incremental/tokio_stream-1htpjr98p2qu8/s-hkfhua49n7-0aa9ikq-8bi89n3pykpcxp3joabsysa9j/0esxncyu3ocb8dalrj6wq6fze.o		file	0600	1784155760342666032	5816	c45d4b45e85df0bf9734405fd08d48e303bdadf265eb7cc8e4b0ebf44c3e3458		exclude	non-evidence	compiled-or-generated-file	
tokio-watch/.specula-output/repro/target_cr2_watch_pairing/debug/incremental/tokio_stream-1htpjr98p2qu8/s-hkfhua49n7-0aa9ikq-8bi89n3pykpcxp3joabsysa9j/0uqpfd8mrw4z0t7w2v6t6funt.o		file	0600	1784155760337665932	14376	6d6a4d67440e3060d10d870032f731f049f3b6c40e5ad6c20936dc1b635805c1		exclude	non-evidence	compiled-or-generated-file	
tokio-watch/.specula-output/repro/target_cr2_watch_pairing/debug/incremental/tokio_stream-1htpjr98p2qu8/s-hkfhua49n7-0aa9ikq-8bi89n3pykpcxp3joabsysa9j/176bsj2djjpnpbu1gbvgn96ek.o		file	0600	1784155760341666012	5200	dc03a679268437309358fa9748331b66b4b0bb4aef2ace3a7ba4ee700aa1c99f		exclude	non-evidence	compiled-or-generated-file	
tokio-watch/.specula-output/repro/target_cr2_watch_pairing/debug/incremental/tokio_stream-1htpjr98p2qu8/s-hkfhua49n7-0aa9ikq-8bi89n3pykpcxp3joabsysa9j/1le5zry82eods54auiig9bvei.o		file	0600	1784155760344666072	5400	a79fbd5cc876d1fa9c9f54ea1e4ec3324951f8c39dc47191a837ca679ceddebb		exclude	non-evidence	compiled-or-generated-file	
tokio-watch/.specula-output/repro/target_cr2_watch_pairing/debug/incremental/tokio_stream-1htpjr98p2qu8/s-hkfhua49n7-0aa9ikq-8bi89n3pykpcxp3joabsysa9j/2seqoav7erq4wf5hd1bnn6hql.o		file	0600	1784155760344666072	9680	68b32ff82c30697633edf0dd15edacf03f5ba8c4b5faf441159e2ed9dce263e9		exclude	non-evidence	compiled-or-generated-file	
tokio-watch/.specula-output/repro/target_cr2_watch_pairing/debug/incremental/tokio_stream-1htpjr98p2qu8/s-hkfhua49n7-0aa9ikq-8bi89n3pykpcxp3joabsysa9j/4e3ams1fushxdeqdjy6qxggpk.o		file	0600	1784155760331665812	14976	9b7dee0acca84a8f8307a7d1d9949111f94e9b62744e999d8a3208c19d27f1bc		exclude	non-evidence	compiled-or-generated-file	
tokio-watch/.specula-output/repro/target_cr2_watch_pairing/debug/incremental/tokio_stream-1htpjr98p2qu8/s-hkfhua49n7-0aa9ikq-8bi89n3pykpcxp3joabsysa9j/4spb0n8idt880uvf1t7v5tr75.o		file	0600	1784155760341666012	13016	6e023936d6b13c9599832752a1b06c31ddac735dc1219127570a3d32646f0b51		exclude	non-evidence	compiled-or-generated-file	
tokio-watch/.specula-output/repro/target_cr2_watch_pairing/debug/incremental/tokio_stream-1htpjr98p2qu8/s-hkfhua49n7-0aa9ikq-8bi89n3pykpcxp3joabsysa9j/5fcongc1rf74oyjavmwh39nmd.o		file	0600	1784155760338665952	11688	53bafa8709d4cbd93a278d029f899bf849dca71b90bc1028878598e3a0e49911		exclude	non-evidence	compiled-or-generated-file	
tokio-watch/.specula-output/repro/target_cr2_watch_pairing/debug/incremental/tokio_stream-1htpjr98p2qu8/s-hkfhua49n7-0aa9ikq-8bi89n3pykpcxp3joabsysa9j/5li862syuo9odugznm9qm0p01.o		file	0600	1784155760335665892	55312	15f9ecad38e492eef63a4b4229a52114e64295b4bab435371a918873f62776b8		exclude	non-evidence	compiled-or-generated-file	
tokio-watch/.specula-output/repro/target_cr2_watch_pairing/debug/incremental/tokio_stream-1htpjr98p2qu8/s-hkfhua49n7-0aa9ikq-8bi89n3pykpcxp3joabsysa9j/6225xp25xjwtype2y4jr0fxrd.o		file	0600	1784155760339665972	6064	ab07b6c67539452ed69e09c602f2128b992c50e1a32195c8d2c82eb28e1b5055		exclude	non-evidence	compiled-or-generated-file	
tokio-watch/.specula-output/repro/target_cr2_watch_pairing/debug/incremental/tokio_stream-1htpjr98p2qu8/s-hkfhua49n7-0aa9ikq-8bi89n3pykpcxp3joabsysa9j/7kysrwmj5b153jmm7n3ysv4q7.o		file	0600	1784155760346666112	56424	bc7a34fc68f455e152bdbb138bfb0ecf6d9225bbdefe3ea6726fea86d3e19bd2		exclude	non-evidence	compiled-or-generated-file	
tokio-watch/.specula-output/repro/target_cr2_watch_pairing/debug/incremental/tokio_stream-1htpjr98p2qu8/s-hkfhua49n7-0aa9ikq-8bi89n3pykpcxp3joabsysa9j/8ut7urdvub7f1etthiluzlddq.o		file	0600	1784155760343666052	7000	e0f9adfb734d1742b81a442a884912354f1f3ea55cdaaba116393ba76ffa1dbb		exclude	non-evidence	compiled-or-generated-file	
tokio-watch/.specula-output/repro/target_cr2_watch_pairing/debug/incremental/tokio_stream-1htpjr98p2qu8/s-hkfhua49n7-0aa9ikq-8bi89n3pykpcxp3joabsysa9j/9e4cnljmfej9sk0ub5ugsvy0u.o		file	0600	1784155760339665972	8392	bca0b13021dfd1edad0c77f3ed1629258a52231e691b3503701ef5929d96ff8b		exclude	non-evidence	compiled-or-generated-file	
tokio-watch/.specula-output/repro/target_cr2_watch_pairing/debug/incremental/tokio_stream-1htpjr98p2qu8/s-hkfhua49n7-0aa9ikq-8bi89n3pykpcxp3joabsysa9j/9g26mr5rr3ei4nrks3yuexh33.o		file	0600	1784155760348666152	5464	6c879043c08b6bd1ebd8ce3b7ada5d1f50e29fe6594da71e5cb81e10db44569c		exclude	non-evidence	compiled-or-generated-file	
tokio-watch/.specula-output/repro/target_cr2_watch_pairing/debug/incremental/tokio_stream-1htpjr98p2qu8/s-hkfhua49n7-0aa9ikq-8bi89n3pykpcxp3joabsysa9j/9y4hf1lir35i2namcbss3wsbf.o		file	0600	1784155760348666152	63192	b39e20439bbd7b9ba9dcc5b7f3056b90c25c5ac4fa23c097063c8dff19606802		exclude	non-evidence	compiled-or-generated-file	
tokio-watch/.specula-output/repro/target_cr2_watch_pairing/debug/incremental/tokio_stream-1htpjr98p2qu8/s-hkfhua49n7-0aa9ikq-8bi89n3pykpcxp3joabsysa9j/bccae9u0j2s3szmenjwzahzve.o		file	0600	1784155760341666012	6336	7593c5461083cb7a3e48d1457f804c097729446bb2448f37b99c6bb366d25650		exclude	non-evidence	compiled-or-generated-file	
tokio-watch/.specula-output/repro/target_cr2_watch_pairing/debug/incremental/tokio_stream-1htpjr98p2qu8/s-hkfhua49n7-0aa9ikq-8bi89n3pykpcxp3joabsysa9j/bxdoztx5j8ohs90x350uzw7ss.o		file	0600	1784155760341666012	3760	fc5d1d9feb09f32ef351d944a362a49e6cd9681f735ec420a7514504ff0ca157		exclude	non-evidence	compiled-or-generated-file	
tokio-watch/.specula-output/repro/target_cr2_watch_pairing/debug/incremental/tokio_stream-1htpjr98p2qu8/s-hkfhua49n7-0aa9ikq-8bi89n3pykpcxp3joabsysa9j/c8qlbeirh5pm8h8r6cmp44npf.o		file	0600	1784155760341666012	6312	3be3d02800f2294d062ce7cb018cd868945ebb062bb4cd82fdae7bdfc545c31a		exclude	non-evidence	compiled-or-generated-file	
tokio-watch/.specula-output/repro/target_cr2_watch_pairing/debug/incremental/tokio_stream-1htpjr98p2qu8/s-hkfhua49n7-0aa9ikq-8bi89n3pykpcxp3joabsysa9j/caz8ce80q3v8j72nqz9hvo52n.o		file	0600	1784155760339665972	8776	b4510544f235adfd189584d7e04d8563a756fd0441f97a6b4da1c762350a6217		exclude	non-evidence	compiled-or-generated-file	
tokio-watch/.specula-output/repro/target_cr2_watch_pairing/debug/incremental/tokio_stream-1htpjr98p2qu8/s-hkfhua49n7-0aa9ikq-8bi89n3pykpcxp3joabsysa9j/cc0p3n72rkuyejof3p8fyy3d4.o		file	0600	1784155760347666132	6056	a4925008cb7447bd0fc07ba5268a4792d455df0d0337da5f5a0d3565e35bbc0c		exclude	non-evidence	compiled-or-generated-file	
tokio-watch/.specula-output/repro/target_cr2_watch_pairing/debug/incremental/tokio_stream-1htpjr98p2qu8/s-hkfhua49n7-0aa9ikq-8bi89n3pykpcxp3joabsysa9j/cg61r6dv8t4dmt4tmml48h385.o		file	0600	1784155760330665791	23064	7bbe6941dbb36fe89a4581697dc42dd05eb6c5d8d136cd425d03c0743d4c2dae		exclude	non-evidence	compiled-or-generated-file	
tokio-watch/.specula-output/repro/target_cr2_watch_pairing/debug/incremental/tokio_stream-1htpjr98p2qu8/s-hkfhua49n7-0aa9ikq-8bi89n3pykpcxp3joabsysa9j/csj3ycweorhk95psleyckw7dt.o		file	0600	1784155760330665791	2840	88489aebcb0d85774ca3c4db7e19bdce3ff17bb848d37c56f43168f718144888		exclude	non-evidence	compiled-or-generated-file	
tokio-watch/.specula-output/repro/target_cr2_watch_pairing/debug/incremental/tokio_stream-1htpjr98p2qu8/s-hkfhua49n7-0aa9ikq-8bi89n3pykpcxp3joabsysa9j/csy6lxpuxf2jculwl2rtzlv13.o		file	0600	1784155760340665992	7384	602064e0bacabbfeea2c51e819f2d0e15aef97d45a50f39ca9d6f83fc7d340cf		exclude	non-evidence	compiled-or-generated-file	
tokio-watch/.specula-output/repro/target_cr2_watch_pairing/debug/incremental/tokio_stream-1htpjr98p2qu8/s-hkfhua49n7-0aa9ikq-8bi89n3pykpcxp3joabsysa9j/dep-graph.bin	tokio-watch/.specula-output/repro/target_cr2_watch_pairing/debug/incremental/tokio_stream-1htpjr98p2qu8/s-hkfhua49n7-0aa9ikq-8bi89n3pykpcxp3joabsysa9j/dep-graph.bin	file	0600	1784155760358666353	5270975	8df7d38c2f7918739d0b97101057a538e5a5344c06f054c95ccefafd3bee5549		copy	run-evidence		
tokio-watch/.specula-output/repro/target_cr2_watch_pairing/debug/incremental/tokio_stream-1htpjr98p2qu8/s-hkfhua49n7-0aa9ikq-8bi89n3pykpcxp3joabsysa9j/dz0a8astn6spj33lq4h02ne6b.o		file	0600	1784155760343666052	4264	8e47c1963550db56bdeaeef801761c7324d142120e71fe5602ce39cf25765df9		exclude	non-evidence	compiled-or-generated-file	
tokio-watch/.specula-output/repro/target_cr2_watch_pairing/debug/incremental/tokio_stream-1htpjr98p2qu8/s-hkfhua49n7-0aa9ikq-8bi89n3pykpcxp3joabsysa9j/egkx9mna0e0pbybzwaxksvb41.o		file	0600	1784155760347666132	8304	abd9e464d88f56c2ebda1f1ebe81e471bb5409ab7cd5aa244c89fa8f94cbc7b6		exclude	non-evidence	compiled-or-generated-file	
tokio-watch/.specula-output/repro/target_cr2_watch_pairing/debug/incremental/tokio_stream-1htpjr98p2qu8/s-hkfhua49n7-0aa9ikq-8bi89n3pykpcxp3joabsysa9j/metadata.rmeta	tokio-watch/.specula-output/repro/target_cr2_watch_pairing/debug/incremental/tokio_stream-1htpjr98p2qu8/s-hkfhua49n7-0aa9ikq-8bi89n3pykpcxp3joabsysa9j/metadata.rmeta	file	0600	1784155760325665691	872963	d1023f33399fed099c47cbb788cd49fa8ff1dad2afb07f1317e2cce0020f70e2		copy	run-evidence		
tokio-watch/.specula-output/repro/target_cr2_watch_pairing/debug/incremental/tokio_stream-1htpjr98p2qu8/s-hkfhua49n7-0aa9ikq-8bi89n3pykpcxp3joabsysa9j/query-cache.bin	tokio-watch/.specula-output/repro/target_cr2_watch_pairing/debug/incremental/tokio_stream-1htpjr98p2qu8/s-hkfhua49n7-0aa9ikq-8bi89n3pykpcxp3joabsysa9j/query-cache.bin	file	0600	1784155760358666353	1818705	ebbe49575670601071567a991e530780046ab92df4ab4e766061568d1a71ead1		copy	run-evidence		
tokio-watch/.specula-output/repro/target_cr2_watch_pairing/debug/incremental/tokio_stream-1htpjr98p2qu8/s-hkfhua49n7-0aa9ikq-8bi89n3pykpcxp3joabsysa9j/work-products.bin	tokio-watch/.specula-output/repro/target_cr2_watch_pairing/debug/incremental/tokio_stream-1htpjr98p2qu8/s-hkfhua49n7-0aa9ikq-8bi89n3pykpcxp3joabsysa9j/work-products.bin	file	0600	1784155760361666413	2076	f1d9bf85e9bb50034dcce421f78f0da499e6a5a764db9dbb60398c20bae86cfc		copy	run-evidence		
tokio-watch/.specula-output/repro/target_cr2_watch_pairing/debug/incremental/tokio_stream-1htpjr98p2qu8/s-hkfhua49n7-0aa9ikq.lock	tokio-watch/.specula-output/repro/target_cr2_watch_pairing/debug/incremental/tokio_stream-1htpjr98p2qu8/s-hkfhua49n7-0aa9ikq.lock	file	0600	1784155760252664227	0	e3b0c44298fc1c149afbf4c8996fb92427ae41e4649b934ca495991b7852b855		copy	run-evidence		
tokio-watch/.specula-output/repro/test_bugCR-1_spurious_wakeup_known.sh	tokio-watch/.specula-output/repro/test_bugCR-1_spurious_wakeup_known.sh	file	0700	1784155663423707002	640	6291eb4f83493bef16d13aad2ba28be580751a42b967966999b6f2621776ef51		copy	run-evidence		
tokio-watch/.specula-output/repro/test_bugCR-2_watch_pairing.sh	tokio-watch/.specula-output/repro/test_bugCR-2_watch_pairing.sh	file	0700	1784155753790534537	4505	8ca2e2ba5b2124ff05ba8f8f61c1143055bd74c29e3a41c8bf9ea9a658952d42		copy	run-evidence		
tokio-watch/.specula-output/repro/test_bugCR-3_watch_closure_semantics.sh	tokio-watch/.specula-output/repro/test_bugCR-3_watch_closure_semantics.sh	file	0700	1784155756644591859	3518	9fb1227bdbf82c41bfaca9edaa5e12a236fc97d082e37265464f326771b16581		copy	run-evidence		
tokio-watch/.specula-output/repro/test_bugCR-4_wait_for_semantics.sh	tokio-watch/.specula-output/repro/test_bugCR-4_wait_for_semantics.sh	file	0700	1784156117593842279	6003	2608c20c94dcb2b1f7ba35772adb16b37d2af58f74a30e36bfcfa8a65c3edb36		copy	run-evidence		
tokio-watch/.specula-output/repro/test_bugCR-5_watch_seen_state.sh	tokio-watch/.specula-output/repro/test_bugCR-5_watch_seen_state.sh	file	0700	1784156132756146642	3565	11b6689ade94b96ab33d9c1a4d4c4e9ed54f7b3c4d6d8e6427bcdc071f624eff		copy	run-evidence		
tokio-watch/.specula-output/repro/tmp.CR-5.watch-seen-state.KAs8Za	tokio-watch/.specula-output/repro/tmp.CR-5.watch-seen-state.KAs8Za	directory	0700	1784156138377259507				mkdir	run-directory		
tokio-watch/.specula-output/repro/tmp.CR-5.watch-seen-state.KAs8Za/Cargo.lock	tokio-watch/.specula-output/repro/tmp.CR-5.watch-seen-state.KAs8Za/Cargo.lock	file	0600	1784156138347258905	1651	91c5e4d1af932fd5f9ee77bf5e9d48dedf7583c3d32c0a93940aa3a4adb80788		copy	run-evidence		
tokio-watch/.specula-output/repro/tmp.CR-5.watch-seen-state.KAs8Za/Cargo.toml	tokio-watch/.specula-output/repro/tmp.CR-5.watch-seen-state.KAs8Za/Cargo.toml	file	0600	1784156138094253825	286	e534d0679d897cb807c14542ec1519d6c1dd1711af9e574d03eb6517397bda78		copy	run-evidence		
tokio-watch/.specula-output/repro/tmp.CR-5.watch-seen-state.KAs8Za/src	tokio-watch/.specula-output/repro/tmp.CR-5.watch-seen-state.KAs8Za/src	directory	0700	1784156138094253825				mkdir	run-directory		
tokio-watch/.specula-output/repro/tmp.CR-5.watch-seen-state.KAs8Za/src/main.rs	tokio-watch/.specula-output/repro/tmp.CR-5.watch-seen-state.KAs8Za/src/main.rs	file	0600	1784156138095253845	2793	58b7edca18a44e05b6136b52b118c738be667f24402f0414a55c38e26ff194f9		copy	run-evidence		
tokio-watch/.specula-output/repro/tmp.CR-5.watch-seen-state.KAs8Za/target		directory	0700	1784156141952331351				exclude	non-evidence	build-or-generated-cache	
tokio-watch/.specula-output/repro/tmp.CR-5.watch-seen-state.rmwoKh	tokio-watch/.specula-output/repro/tmp.CR-5.watch-seen-state.rmwoKh	directory	0700	1784156117510840613				mkdir	run-directory		
tokio-watch/.specula-output/repro/tmp.CR-5.watch-seen-state.rmwoKh/Cargo.lock	tokio-watch/.specula-output/repro/tmp.CR-5.watch-seen-state.rmwoKh/Cargo.lock	file	0600	1784156117480840010	1651	91c5e4d1af932fd5f9ee77bf5e9d48dedf7583c3d32c0a93940aa3a4adb80788		copy	run-evidence		
tokio-watch/.specula-output/repro/tmp.CR-5.watch-seen-state.rmwoKh/Cargo.toml	tokio-watch/.specula-output/repro/tmp.CR-5.watch-seen-state.rmwoKh/Cargo.toml	file	0600	1784156117141833205	286	e534d0679d897cb807c14542ec1519d6c1dd1711af9e574d03eb6517397bda78		copy	run-evidence		
tokio-watch/.specula-output/repro/tmp.CR-5.watch-seen-state.rmwoKh/src	tokio-watch/.specula-output/repro/tmp.CR-5.watch-seen-state.rmwoKh/src	directory	0700	1784156117142833226				mkdir	run-directory		
tokio-watch/.specula-output/repro/tmp.CR-5.watch-seen-state.rmwoKh/src/main.rs	tokio-watch/.specula-output/repro/tmp.CR-5.watch-seen-state.rmwoKh/src/main.rs	file	0600	1784156117142833226	2793	58b7edca18a44e05b6136b52b118c738be667f24402f0414a55c38e26ff194f9		copy	run-evidence		
tokio-watch/.specula-output/repro/tmp.CR-5.watch-seen-state.rmwoKh/target		directory	0700	1784156121081912297				exclude	non-evidence	build-or-generated-cache	
tokio-watch/.specula-output/spec	tokio-watch/.specula-output/spec	directory	0700	1784693603766319202				mkdir	run-directory		
tokio-watch/.specula-output/spec-gen.activity.jsonl	tokio-watch/.specula-output/spec-gen.activity.jsonl	file	0600	1784140155757653387	44018	e3b45f0a0a561bf5b6fa98ea31df553eccf59dd32c3f81082b0f33266d8a44d8		copy	run-evidence		
tokio-watch/.specula-output/spec-gen.last-message.txt	tokio-watch/.specula-output/spec-gen.last-message.txt	file	0600	1784140155772653696	810	5ead6543800092413cb22597e9f45f47612ee50f27e4b083b06e2761baaaf7c5		copy	run-evidence		
tokio-watch/.specula-output/spec-gen.log	tokio-watch/.specula-output/spec-gen.log	file	0600	1784140155699652194	18452	d250ef7422fb7f58617e293adc150ede65b95dbf9c145c60d533ff661cb09512		copy	run-evidence		
tokio-watch/.specula-output/spec-gen.pid		file	0600	1784138660070358893	7	69621f9cc5802d19bce8c02e422e226ce8940dd751b98ffb0c712bd1adb43bb5		exclude	non-evidence	ephemeral-process-id	
tokio-watch/.specula-output/spec-gen.usage.json	tokio-watch/.specula-output/spec-gen.usage.json	file	0600	1784140156497668617	245	1758c508949702ab9698602481f21acc9dedac0ae3911706189c019688244c5a		copy	run-evidence		
tokio-watch/.specula-output/spec-validation.activity.jsonl	tokio-watch/.specula-output/spec-validation.activity.jsonl	file	0600	1784155295304398752	225751	51d66dc9a04c6ffb60446330d2a1791c687269df86f77a590e9d3e65c3cc21dd		copy	run-evidence		
tokio-watch/.specula-output/spec-validation.last-message.txt	tokio-watch/.specula-output/spec-validation.last-message.txt	file	0600	1784155295317398980	1188	626b3a22be6dad30cbe07002db374153d92ea023a445152bab69df821a3cddbe		copy	run-evidence		
tokio-watch/.specula-output/spec-validation.log	tokio-watch/.specula-output/spec-validation.log	file	0600	1784155295217397225	83485	953f54ed1d4821bc1f7f0f2e54e5c274612aa285f9c35402287b2fb70439dc01		copy	run-evidence		
tokio-watch/.specula-output/spec-validation.pid		file	0600	1784141618685154917	7	a29d5948f04606dc82a80c8974d170690d032857657051fb6900908c8f106647		exclude	non-evidence	ephemeral-process-id	
tokio-watch/.specula-output/spec-validation.usage.json	tokio-watch/.specula-output/spec-validation.usage.json	file	0600	1784155296167415399	245	f1926a3f4ef2bbf9dabce1d6eccf47a2e7ad70f90058129aad825bf5d1c4e0af		copy	run-evidence		
tokio-watch/.specula-output/spec/.candidates-cache.json	tokio-watch/.specula-output/spec/.candidates-cache.json	file	0600	1784155406565594286	188	a3314882d9566862ea972cd883d11950a707b260314915b2c7616e0a600f9ca0		copy	run-evidence		
tokio-watch/.specula-output/spec/.consolidate.last-message.txt	tokio-watch/.specula-output/spec/.consolidate.last-message.txt	file	0600	1784155406067584460	5	ed251864987c367e9641fbdc89c1d83e9bf0fa2e3eecef8f301c79f619bfac81		copy	run-evidence		
tokio-watch/.specula-output/spec/.consolidate.log	tokio-watch/.specula-output/spec/.consolidate.log	file	0600	1784155406067584460	91145	65ce2fe886e71960315a449b721f029f9fe1b70ed461f64a0fac68eb705f2cd6		copy	run-evidence		
tokio-watch/.specula-output/spec/.consolidate.prompt.md	tokio-watch/.specula-output/spec/.consolidate.prompt.md	file	0600	1784155304732586730	3258	9e4a30008b1bf44b7e2649261993a8fac98599695ff6861d0cdb828a47baeab6		copy	run-evidence		
tokio-watch/.specula-output/spec/.consolidate.usage.json	tokio-watch/.specula-output/spec/.consolidate.usage.json	file	0600	1784155406560594188	245	2e46f44d1e63ade2af63774085ebcb985dda0218103fb48f1e79cb68eb1c0edb		copy	run-evidence		
tokio-watch/.specula-output/spec/MC.cfg	tokio-watch/.specula-output/spec/MC.cfg	file	0600	1784139397866259822	1879	feb6bfa4a7f97871906b3df7bc23f54394572f261556c8148a941c7ef44b483e		copy	run-evidence		
tokio-watch/.specula-output/spec/MC.tla	tokio-watch/.specula-output/spec/MC.tla	file	0600	1784151010711646318	12145	9d5912a688d75d1a07f2a91e00297928dc7ff9f538af2a11d40e1d0f0a77a2f8		copy	run-evidence		
tokio-watch/.specula-output/spec/MC_TTrace_1784142395.bin	tokio-watch/.specula-output/spec/MC_TTrace_1784142395.bin	file	0600	1784142397175966162	1768	2c6f3aa5464b65bba0faefb31dd3d6cc439a2e7415d71d2593501c555c9ef6cf		copy	run-evidence		
tokio-watch/.specula-output/spec/MC_TTrace_1784142395.tla	tokio-watch/.specula-output/spec/MC_TTrace_1784142395.tla	file	0600	1784142397198966628	23324	fc8142f4d214315d1400ebd6e2052a9b39427f775f88bb5f08a8a77c7568ebcb		copy	run-evidence		
tokio-watch/.specula-output/spec/MC_TTrace_1784142431.bin	tokio-watch/.specula-output/spec/MC_TTrace_1784142431.bin	file	0600	1784142433552693341	1847	c820b3f4d55c65e3d68e1785047dc8ad174d8da553c2a1a9636fcc983d59b6aa		copy	run-evidence		
tokio-watch/.specula-output/spec/MC_TTrace_1784142431.tla	tokio-watch/.specula-output/spec/MC_TTrace_1784142431.tla	file	0600	1784142433578693865	26149	d879a516f3d4c83eac7146b078089ede446afab32cba3c7c8c72923d4eaf7aa9		copy	run-evidence		
tokio-watch/.specula-output/spec/MC_TTrace_1784144437.bin	tokio-watch/.specula-output/spec/MC_TTrace_1784144437.bin	file	0600	1784144440951455076	2192	43f7bca8b79bf7cf735266af2ca89f6896eed72185060593a4bf28dc7faa46da		copy	run-evidence		
tokio-watch/.specula-output/spec/MC_TTrace_1784144437.tla	tokio-watch/.specula-output/spec/MC_TTrace_1784144437.tla	file	0600	1784144441038456897	36191	70d246e1a79b2c507012411f86f047500f2f1c9b50b48f89ebf0f5f41f597134		copy	run-evidence		
tokio-watch/.specula-output/spec/MC_TTrace_1784144541.bin	tokio-watch/.specula-output/spec/MC_TTrace_1784144541.bin	file	0600	1784144554628796508	2153	8ca34bed1483298d7ea29dedde59827666a8e2eb8a43ba2675cefde0d3808699		copy	run-evidence		
tokio-watch/.specula-output/spec/MC_TTrace_1784144541.tla	tokio-watch/.specula-output/spec/MC_TTrace_1784144541.tla	file	0600	1784144554666797273	52344	6a5ad8b6283117aff148ec41c749c6700a36992b435afbd328e4885dada642ea		copy	run-evidence		
tokio-watch/.specula-output/spec/MC_TTrace_1784144620.bin	tokio-watch/.specula-output/spec/MC_TTrace_1784144620.bin	file	0600	1784144645521638363	2390	820c70d51a6390c45091b9b1c8b217cb963e6a36f3977be07ec533884252785d		copy	run-evidence		
tokio-watch/.specula-output/spec/MC_TTrace_1784144620.tla	tokio-watch/.specula-output/spec/MC_TTrace_1784144620.tla	file	0600	1784144645573639428	55089	a7effc5a00c1018cb4152e714d5a3e52b98693b0f79176a25979ab5ecc12543c		copy	run-evidence		
tokio-watch/.specula-output/spec/MC_TTrace_1784150736.bin	tokio-watch/.specula-output/spec/MC_TTrace_1784150736.bin	file	0600	1784150737368177794	2920	ef026d4471f2f9fe162ddf8716a8f6a3c2152fd0c86ef2daf0dab00ed80d9c7d		copy	run-evidence		
tokio-watch/.specula-output/spec/MC_TTrace_1784150736.tla	tokio-watch/.specula-output/spec/MC_TTrace_1784150736.tla	file	0600	1784150737383178082	85340	c4abc2e73ddf26101928032b688666939d5299336c62860ed46bd3dcd59efa10		copy	run-evidence		
tokio-watch/.specula-output/spec/MC_TTrace_1784150964.bin	tokio-watch/.specula-output/spec/MC_TTrace_1784150964.bin	file	0600	1784150965354738826	3629	82e0e7f524b6f3692330e04c2aa92af2cae6396ce33ccb4fbb5ea8c0278eaadf		copy	run-evidence		
tokio-watch/.specula-output/spec/MC_TTrace_1784150964.tla	tokio-watch/.specula-output/spec/MC_TTrace_1784150964.tla	file	0600	1784150965367739086	112197	06c93ce7868127a2c9c5298080af11fecd4ff2181cfcfe78b66a907ae6c20699		copy	run-evidence		
tokio-watch/.specula-output/spec/MC_TTrace_1784151376.tla	tokio-watch/.specula-output/spec/MC_TTrace_1784151376.tla	file	0600	1784151377549344628	88133	779f4bcee398a27b162a654cdaa4391cd6f91f6d37bd456dd4d32da48ad0068c		copy	run-evidence		
tokio-watch/.specula-output/spec/MC_hunt_BF1_advisory_wake.cfg	tokio-watch/.specula-output/spec/MC_hunt_BF1_advisory_wake.cfg	file	0600	1784139475620806268	805	7d19985bd7f88dbf9615bd85e9eabf713fdbb9a6dea07021ed51c91597d21f4a		copy	run-evidence		
tokio-watch/.specula-output/spec/MC_hunt_BF2_version_value_pairing.cfg	tokio-watch/.specula-output/spec/MC_hunt_BF2_version_value_pairing.cfg	file	0600	1784139454174377834	762	d81b5f5206cfd0879e9000196465822e04edacf2e4e76a7661bf87f62a583d58		copy	run-evidence		
tokio-watch/.specula-output/spec/MC_hunt_BF3_closure_semantics.cfg	tokio-watch/.specula-output/spec/MC_hunt_BF3_closure_semantics.cfg	file	0600	1784139454174377834	849	e58b58cc3ee9dc34297e5e094b8962c6df37d7983f2c328830a6be4e579a4640		copy	run-evidence		
tokio-watch/.specula-output/spec/MC_hunt_BF4_wait_for_cancellation.cfg	tokio-watch/.specula-output/spec/MC_hunt_BF4_wait_for_cancellation.cfg	file	0600	1784139454175377854	704	7e1bf9dec7441b8723a5af15afce4b437a6a439bada0f6582536a2e1dbc65a9a		copy	run-evidence		
tokio-watch/.specula-output/spec/MC_hunt_BF5_manual_seen_silent_modify.cfg	tokio-watch/.specula-output/spec/MC_hunt_BF5_manual_seen_silent_modify.cfg	file	0600	1784139454175377854	780	fc2df230bcea3c0c47c26d9ca3417aa5e49b913b87c047ef224e381fe8480ae6		copy	run-evidence		
tokio-watch/.specula-output/spec/Trace.cfg	tokio-watch/.specula-output/spec/Trace.cfg	file	0600	1784141927943287387	727	8f4ca8727c3a7ac9c2551efa3c3493c247050df0919003c17c9086fc4aad32a4		copy	run-evidence		
tokio-watch/.specula-output/spec/Trace.log	tokio-watch/.specula-output/spec/Trace.log	file	0600	1784142023196312334	5745	d2e0de479054ec7c60b9202367d910aa40fff5b2752711bae41628a764aacf46		copy	run-evidence		
tokio-watch/.specula-output/spec/Trace.tla	tokio-watch/.specula-output/spec/Trace.tla	file	0600	1784142154085039609	10488	7a53f642a2ec6cf247cee5452b155c4df980102fd754d7c52362ca7648362939		copy	run-evidence		
tokio-watch/.specula-output/spec/Trace_TTrace_1784141376.bin	tokio-watch/.specula-output/spec/Trace_TTrace_1784141376.bin	file	0600	1784141377330335955	1155	54861eae7054fd2a7ac3ca330f093d25d6f98aa0f27ee7af9521aa9f44e72c56		copy	run-evidence		
tokio-watch/.specula-output/spec/Trace_TTrace_1784141407.bin	tokio-watch/.specula-output/spec/Trace_TTrace_1784141407.bin	file	0600	1784141407699944207	1155	54861eae7054fd2a7ac3ca330f093d25d6f98aa0f27ee7af9521aa9f44e72c56		copy	run-evidence		
tokio-watch/.specula-output/spec/Trace_TTrace_1784141430.bin	tokio-watch/.specula-output/spec/Trace_TTrace_1784141430.bin	file	0600	1784141430809404842	1155	54861eae7054fd2a7ac3ca330f093d25d6f98aa0f27ee7af9521aa9f44e72c56		copy	run-evidence		
tokio-watch/.specula-output/spec/Trace_TTrace_1784141491.bin	tokio-watch/.specula-output/spec/Trace_TTrace_1784141491.bin	file	0600	1784141492029627365	1194	5b4a21733faeed6eadb8f4195329cbbd5dfe4c2cece449d5b504cf77997f34a3		copy	run-evidence		
tokio-watch/.specula-output/spec/Trace_TTrace_1784141535.bin	tokio-watch/.specula-output/spec/Trace_TTrace_1784141535.bin	file	0600	1784141536404513940	1155	54861eae7054fd2a7ac3ca330f093d25d6f98aa0f27ee7af9521aa9f44e72c56		copy	run-evidence		
tokio-watch/.specula-output/spec/Trace_TTrace_1784141866.bin	tokio-watch/.specula-output/spec/Trace_TTrace_1784141866.bin	file	0600	1784141867258083373	1191	ee6f67ff1450a80cd1dc336fc61e1f82428e75e502f65c3e44bade5a8082f9dc		copy	run-evidence		
tokio-watch/.specula-output/spec/Trace_TTrace_1784141951.bin	tokio-watch/.specula-output/spec/Trace_TTrace_1784141951.bin	file	0600	1784141952036768109	2433	a5915a4486a9a2ef68389046b2f8216b8df8cb44cdb88e586e67c49eb8c1f6ea		copy	run-evidence		
tokio-watch/.specula-output/spec/Trace_TTrace_1784141951.tla	tokio-watch/.specula-output/spec/Trace_TTrace_1784141951.tla	file	0600	1784141952048768348	71082	be291e0aebfc5306077feb204aa654ce33a70fd6dc0886e096c73cc2e1e57a2c		copy	run-evidence		
tokio-watch/.specula-output/spec/Trace_TTrace_1784142050.bin	tokio-watch/.specula-output/spec/Trace_TTrace_1784142050.bin	file	0600	1784142051024902492	1548	f94b4784dbb21b4efa93c7c8a5eeffccf18c6cae3bad222732d36ef5d83333ea		copy	run-evidence		
tokio-watch/.specula-output/spec/Trace_TTrace_1784142050.tla	tokio-watch/.specula-output/spec/Trace_TTrace_1784142050.tla	file	0600	1784142051036902744	19169	7b53c54606675348de9af75e2702c469d53bc2a7f0cdb53ad523747a2ce54ecd		copy	run-evidence		
tokio-watch/.specula-output/spec/Trace_TTrace_1784142053.bin	tokio-watch/.specula-output/spec/Trace_TTrace_1784142053.bin	file	0600	1784142053835961633	1851	6eee531644dda6d6c7d437958cef24f18c4841e1685435c1d71c9e0bae7ce06d		copy	run-evidence		
tokio-watch/.specula-output/spec/Trace_TTrace_1784142053.tla	tokio-watch/.specula-output/spec/Trace_TTrace_1784142053.tla	file	0600	1784142053846961864	34636	f5f4fcaf03bdd1e10ffd61afdd731acd3928b280a4af3c1d125a5389b4be6910		copy	run-evidence		
tokio-watch/.specula-output/spec/Trace_TTrace_1784142125.bin	tokio-watch/.specula-output/spec/Trace_TTrace_1784142125.bin	file	0600	1784142126425469275	1892	76cbb57bd329bf9f562064767d11ac0145689b876a772100a0cbc0adbcaaca5f		copy	run-evidence		
tokio-watch/.specula-output/spec/Trace_TTrace_1784142125.tla	tokio-watch/.specula-output/spec/Trace_TTrace_1784142125.tla	file	0600	1784142126437469519	34639	f16f1e933dfb356c07e3b2257b41877a0af6b96a5769fc39048556b28f1a8a9b		copy	run-evidence		
tokio-watch/.specula-output/spec/base.cfg	tokio-watch/.specula-output/spec/base.cfg	file	0600	1784139305439407818	677	bf8af8befd46b344a7eb9b9c48d3ce4ea137a1412c6a10e8091e61789e307a59		copy	run-evidence		
tokio-watch/.specula-output/spec/base.tla	tokio-watch/.specula-output/spec/base.tla	file	0600	1784151481533507013	49695	0bda0c99f549b2f43ca90853b795bc7e2fd626a95f47a2b865a5a79180054419		copy	run-evidence		
tokio-watch/.specula-output/spec/brief-coverage.md	tokio-watch/.specula-output/spec/brief-coverage.md	file	0600	1784139508443459786	5652	59e985271173040abd7bb6841b34b20f3e05a7236f004f21a57fcfb09ef317fc		copy	run-evidence		
tokio-watch/.specula-output/spec/bug-report.md	tokio-watch/.specula-output/spec/bug-report.md	file	0600	1784155257115655248	2412	cec3304d996b3f7e58308b261cbd1ddedc190d3d3c0f2aeec6ed43d537ab8550		copy	run-evidence		
tokio-watch/.specula-output/spec/bug-severity.md	tokio-watch/.specula-output/spec/bug-severity.md	file	0600	1784156341753122667	1269	d3fa3059a14356da4f122b6ba610f3bfd137383c99c49f13258e44167483b287		copy	run-evidence		
tokio-watch/.specula-output/spec/candidates.json	tokio-watch/.specula-output/spec/candidates.json	file	0600	1784155388277233910	5677	434cb75e853a43b0cf3c88a5041f260b312759393ca97231f458bc27193a495a		copy	run-evidence		
tokio-watch/.specula-output/spec/changelog.md	tokio-watch/.specula-output/spec/changelog.md	file	0600	1784155237373260550	3900	3434f3e1aa85694bfbf2f015771986f66b2390ac14fc74a6eae420bd8de35068		copy	run-evidence		
tokio-watch/.specula-output/spec/confirmation-generation.json	tokio-watch/.specula-output/spec/confirmation-generation.json	file	0600	1784155304476581595	88	3eb9a1c3174fd8eaf40a3ce65300406b9c54d5bbc1046b4e53acc0460a5e0b9d		copy	run-evidence		
tokio-watch/.specula-output/spec/confirmed-bugs.md	tokio-watch/.specula-output/spec/confirmed-bugs.md	file	0600	1784156252435546741	13610	5c4e1d464bc3e3b0b16af60e2a7c4906ea13891947042c38610aeb56a49afaa6		copy	run-evidence		
tokio-watch/.specula-output/spec/findings.json	tokio-watch/.specula-output/spec/findings.json	file	0600	1784155237373260550	114	440a9d77644fc6d973afae072ade57197ac7f74e4b04fcd4bc5335121da9539e		copy	run-evidence		
tokio-watch/.specula-output/spec/instrumentation-spec.md	tokio-watch/.specula-output/spec/instrumentation-spec.md	file	0600	1784139662445511159	11874	b7e7b4fff45f43113716e7aeaeaad0f83c993dd692ee010e0a356bb0b22aa0e8		copy	run-evidence		
tokio-watch/.specula-output/spec/output	tokio-watch/.specula-output/spec/output	directory	0700	1784156435577817849				mkdir	run-directory		
tokio-watch/.specula-output/spec/output/MC_hunt_BF1_bfs.json	tokio-watch/.specula-output/spec/output/MC_hunt_BF1_bfs.json	file	0600	1784144440946454972	52130	13bc16ca19a8dc2a97d0f1689d97189fa829faa9ad72e34c7fe67cf583bcc72d		copy	run-evidence		
tokio-watch/.specula-output/spec/output/MC_hunt_BF1_bfs.out	tokio-watch/.specula-output/spec/output/MC_hunt_BF1_bfs.out	file	0600	1784144441039456918	29435	24907fbbdc5f70c0162941fc7b18aeae596ab41b0a98e7a69ab0cae97fb45bd0		copy	run-evidence		
tokio-watch/.specula-output/spec/output/MC_hunt_BF1_bfs_after_quiescent.json	tokio-watch/.specula-output/spec/output/MC_hunt_BF1_bfs_after_quiescent.json	file	0600	1784144554621796367	94542	775b174fa74a0c79d596e654ceff63d22b3044f3b265e64674d6ed5229a3bdd0		copy	run-evidence		
tokio-watch/.specula-output/spec/output/MC_hunt_BF1_bfs_after_quiescent.out	tokio-watch/.specula-output/spec/output/MC_hunt_BF1_bfs_after_quiescent.out	file	0600	1784144554667797293	48930	4764b669bdc4ef0a50e792ec4d362b9cb7e58eebd9e8513437c7b2a43648a692		copy	run-evidence		
tokio-watch/.specula-output/spec/output/MC_hunt_BF1_bfs_after_wait_recheck.out	tokio-watch/.specula-output/spec/output/MC_hunt_BF1_bfs_after_wait_recheck.out	file	0600	1784144754486828735	4841	f61a5849197338d849f6951811ce7c11f5e6322ee2d5caad42556f384d7f9092		copy	run-evidence		
tokio-watch/.specula-output/spec/output/MC_hunt_BF1_bfs_after_wake_epoch.json	tokio-watch/.specula-output/spec/output/MC_hunt_BF1_bfs_after_wake_epoch.json	file	0600	1784144645519638322	101684	3cc1a0d85bcb50d27b1cfd135355c80d12877921d5748e4077ed86637c8d7311		copy	run-evidence		
tokio-watch/.specula-output/spec/output/MC_hunt_BF1_bfs_after_wake_epoch.out	tokio-watch/.specula-output/spec/output/MC_hunt_BF1_bfs_after_wake_epoch.out	file	0600	1784144645574639448	52177	03846e0b31299fc83f0d10c181f69c54b7a1071fa164b22add20b9d691779e90		copy	run-evidence		
tokio-watch/.specula-output/spec/output/MC_hunt_BF2_bfs.out	tokio-watch/.specula-output/spec/output/MC_hunt_BF2_bfs.out	file	0600	1784145158197516451	5305	9d9e24b42493303e3da74f199106cc2a6f357956415b756e6d73131c4ea3b390		copy	run-evidence		
tokio-watch/.specula-output/spec/output/MC_hunt_BF3_bfs.out	tokio-watch/.specula-output/spec/output/MC_hunt_BF3_bfs.out	file	0600	1784146914172950584	8741	56f71994456a38ebd297da1def3ae184cfe58487017f42dc075429cfc5abac25		copy	run-evidence		
tokio-watch/.specula-output/spec/output/MC_hunt_BF3_sim.json	tokio-watch/.specula-output/spec/output/MC_hunt_BF3_sim.json	file	0600	1784150737362177679	179916	a84a6b1ef9b20014c510cc1ed241c38e3a42361bb8af037b56e7195f236bade9		copy	run-evidence		
tokio-watch/.specula-output/spec/output/MC_hunt_BF3_sim.out	tokio-watch/.specula-output/spec/output/MC_hunt_BF3_sim.out	file	0600	1784150737383178082	86949	a52c0d8a2ae9a1b0076f62dca0ddd698fe0e8e742fad0b34afd72642e35028e4		copy	run-evidence		
tokio-watch/.specula-output/spec/output/MC_hunt_BF3_sim_after_sender_closed_wake.out	tokio-watch/.specula-output/spec/output/MC_hunt_BF3_sim_after_sender_closed_wake.out	file	0600	1784152770329968007	6427	dec9eff59048aeaf15720751556764bfd705707481cc13a0f620b2dfe50ca6c6		copy	run-evidence		
tokio-watch/.specula-output/spec/output/MC_hunt_BF3_sim_after_stable_pending.json	tokio-watch/.specula-output/spec/output/MC_hunt_BF3_sim_after_stable_pending.json	file	0600	1784150965348738706	250155	7e6d449d08368ae4ff1f1bed80e695f705ee9afc99aa877a3b131284088fbe94		copy	run-evidence		
tokio-watch/.specula-output/spec/output/MC_hunt_BF3_sim_after_stable_pending.out	tokio-watch/.specula-output/spec/output/MC_hunt_BF3_sim_after_stable_pending.out	file	0600	1784150965367739086	118346	39c9e69e5cfc0a13401cbafd8f6d4d239957f3daedce9a6a10b6ce47269d3fd0		copy	run-evidence		
tokio-watch/.specula-output/spec/output/MC_hunt_BF4_bfs.out	tokio-watch/.specula-output/spec/output/MC_hunt_BF4_bfs.out	file	0600	1784147001815702707	4085	0097221ae6d28149f4aecbed8f6c798cbb535952e349948f7625fd41a8d45b5d		copy	run-evidence		
tokio-watch/.specula-output/spec/output/MC_hunt_BF5_bfs.out	tokio-watch/.specula-output/spec/output/MC_hunt_BF5_bfs.out	file	0600	1784148756587731027	8766	32689420d2c5f45e39ae02f99b5ed3222663f4c66885ae49367201f9e4075f5d		copy	run-evidence		
tokio-watch/.specula-output/spec/output/MC_hunt_BF5_sim_after_manual_history.out	tokio-watch/.specula-output/spec/output/MC_hunt_BF5_sim_after_manual_history.out	file	0600	1784153247279577636	6437	e2914bf770f79c2f1af27ba57f13a65715c0167b277894f41f5373ca3e491152		copy	run-evidence		
tokio-watch/.specula-output/spec/output/MC_hunt_BF5_sim_after_sender_closed_wake.json	tokio-watch/.specula-output/spec/output/MC_hunt_BF5_sim_after_sender_closed_wake.json	file	0600	1784151377531344274	0	e3b0c44298fc1c149afbf4c8996fb92427ae41e4649b934ca495991b7852b855		copy	run-evidence		
tokio-watch/.specula-output/spec/output/MC_hunt_BF5_sim_after_sender_closed_wake.out	tokio-watch/.specula-output/spec/output/MC_hunt_BF5_sim_after_sender_closed_wake.out	file	0600	1784151377549344628	91209	86f53edb9a951b5f5c9461e184d88659bfc0f7d7af36dc5d6fa8b39fdf38d681		copy	run-evidence		
tokio-watch/.specula-output/spec/output/MC_round1.out	tokio-watch/.specula-output/spec/output/MC_round1.out	file	0600	1784142335710724194	1737	0b9832b312b1dadd85204cf2f3e3bf2f3a00cfc7b1517c51a139dd19ff2be6ed		copy	run-evidence		
tokio-watch/.specula-output/spec/output/MC_round1.out.pid		file	0600	1784142335922728486	7	83217eff8fae50eb2415e459f301413dbeeaf299fc868a29f27370b7bee8ece5		exclude	non-evidence	ephemeral-process-id	
tokio-watch/.specula-output/spec/output/MC_round1_after_sender_drop_guard.out	tokio-watch/.specula-output/spec/output/MC_round1_after_sender_drop_guard.out	file	0600	1784144308856691080	8744	b6dae804137a289e83fef8b0f92bf0b15d67d92ac0a18f103d1903ded52049be		copy	run-evidence		
tokio-watch/.specula-output/spec/output/MC_round1_after_terminal.json	tokio-watch/.specula-output/spec/output/MC_round1_after_terminal.json	file	0600	1784142433550693300	24998	1d2c142202c5ad083059f4ca32b199d2839199afa02b9a7b8991cf24c7cb1eb5		copy	run-evidence		
tokio-watch/.specula-output/spec/output/MC_round1_after_terminal.out	tokio-watch/.specula-output/spec/output/MC_round1_after_terminal.out	file	0600	1784142433578693865	17212	38d6163af45d52b7f0d58a60c08147e6b7706fbd9d1e5a5c0b22fd8e950509f2		copy	run-evidence		
tokio-watch/.specula-output/spec/output/MC_round1_direct.json	tokio-watch/.specula-output/spec/output/MC_round1_direct.json	file	0600	1784142397172966101	17631	9493a7a6277b823216b15c168d7d14fb0aa8f280a4472eaf18dc7c34064665bc		copy	run-evidence		
tokio-watch/.specula-output/spec/output/MC_round1_direct.out	tokio-watch/.specula-output/spec/output/MC_round1_direct.out	file	0600	1784142397199966648	13888	6909e21f40bf1843ab288040f797644e6c7ea529ec2a9a38f6d27879c8dd326a		copy	run-evidence		
tokio-watch/.specula-output/spec/output/MC_round2_final.out	tokio-watch/.specula-output/spec/output/MC_round2_final.out	file	0600	1784150596635352323	8778	8dca77aef17345669d6beb379050ed4d79a38709715438c07a2e07fa0de598a3		copy	run-evidence		
tokio-watch/.specula-output/spec/output/MC_round3_final_after_all_patches.out	tokio-watch/.specula-output/spec/output/MC_round3_final_after_all_patches.out	file	0600	1784155114131807828	8776	96e2dd76087e93862971c78859cf6fbddb76e9f663ed3de329e971e6e2f147fd		copy	run-evidence		
tokio-watch/.specula-output/spec/output/trace-validation-after-bf5-bookkeeping	tokio-watch/.specula-output/spec/output/trace-validation-after-bf5-bookkeeping	directory	0700	1784156423201591458				mkdir	run-directory		
tokio-watch/.specula-output/spec/output/trace-validation-after-bf5-bookkeeping/changed_flow.out	tokio-watch/.specula-output/spec/output/trace-validation-after-bf5-bookkeeping/changed_flow.out	file	0600	1784153336406654116	5801	5e28f5149620799b4a2c64610fc32afaeadcbd59cda020a667bd4a167b5d4dfe		copy	run-evidence		
tokio-watch/.specula-output/spec/output/trace-validation-after-bf5-bookkeeping/concurrent_overlap.out	tokio-watch/.specula-output/spec/output/trace-validation-after-bf5-bookkeeping/concurrent_overlap.out	file	0600	1784153337336674120	5814	2af3e6cd15b5297b4b31846982577b33ee8845f05fed5722cfd781a558b12e65		copy	run-evidence		
tokio-watch/.specula-output/spec/output/trace-validation-after-bf5-bookkeeping/sender_closed_no_receivers_and_subscribe.out	tokio-watch/.specula-output/spec/output/trace-validation-after-bf5-bookkeeping/sender_closed_no_receivers_and_subscribe.out	file	0600	1784153338002688438	5845	5b088ebb9a2762e2a8dfdacb8a93794ec560b77647cde15a333fc4972cde967d		copy	run-evidence		
tokio-watch/.specula-output/spec/output/trace-validation-after-bf5-bookkeeping/silent_modify_false.out	tokio-watch/.specula-output/spec/output/trace-validation-after-bf5-bookkeeping/silent_modify_false.out	file	0600	1784153338658702541	5808	ff3ba31ca5a44ce5c36f04ce2372703da55dfd8022cc224c07a335a16fbb827c		copy	run-evidence		
tokio-watch/.specula-output/spec/output/trace-validation-after-bf5-bookkeeping/tokio-watch.out	tokio-watch/.specula-output/spec/output/trace-validation-after-bf5-bookkeeping/tokio-watch.out	file	0600	1784153339371717869	5785	7b659b329209675ac6b6edda6d1c1e63d1124c2e9718aa502b571a72081d6e48		copy	run-evidence		
tokio-watch/.specula-output/spec/output/trace-validation-after-bf5-bookkeeping/wait_and_changed_cancel_close.out	tokio-watch/.specula-output/spec/output/trace-validation-after-bf5-bookkeeping/wait_and_changed_cancel_close.out	file	0600	1784153340027731972	5835	0725a82c38f1a37d48a5d826c4c948b099ccb1267f08c65b5fb08b6d22bb2e4b		copy	run-evidence		
tokio-watch/.specula-output/spec/output/trace-validation-after-bf5-bookkeeping/wait_for_stale_wake.out	tokio-watch/.specula-output/spec/output/trace-validation-after-bf5-bookkeeping/wait_for_stale_wake.out	file	0600	1784153340738747257	5811	fbbc1dc9cbfcb1229b31e2c0a12d073b428548dc43eecdc7a05bdc63e763e251		copy	run-evidence		
tokio-watch/.specula-output/spec/output/trace-validation-after-bf5-bookkeeping/wait_for_success.out	tokio-watch/.specula-output/spec/output/trace-validation-after-bf5-bookkeeping/wait_for_success.out	file	0600	1784153341400761489	5797	1360c487d53e16685f7102dde0f929245580fd0f243deac5af7776c56d8927b8		copy	run-evidence		
tokio-watch/.specula-output/spec/output/trace-validation-final	tokio-watch/.specula-output/spec/output/trace-validation-final	directory	0700	1784156392230029924				mkdir	run-directory		
tokio-watch/.specula-output/spec/output/trace-validation-final/changed_flow.out	tokio-watch/.specula-output/spec/output/trace-validation-final/changed_flow.out	file	0600	1784150682102077227	5745	a83050003e24501df3e327aa9a7b7a3cb4910a82f2ed7838185f0f5febdd8eb3		copy	run-evidence		
tokio-watch/.specula-output/spec/output/trace-validation-final/concurrent_overlap.out	tokio-watch/.specula-output/spec/output/trace-validation-final/concurrent_overlap.out	file	0600	1784150682809091314	5757	a47e3fe908e873bf19acea478ff304c08f230c257ecc4bb89721fc337521d5ca		copy	run-evidence		
tokio-watch/.specula-output/spec/output/trace-validation-final/sender_closed_no_receivers_and_subscribe.out	tokio-watch/.specula-output/spec/output/trace-validation-final/sender_closed_no_receivers_and_subscribe.out	file	0600	1784150683504105162	5757	136e55a86db4446abc045f237374aae11e46d818a3e6d432f2cd84f61baadfb8		copy	run-evidence		
tokio-watch/.specula-output/spec/output/trace-validation-final/silent_modify_false.out	tokio-watch/.specula-output/spec/output/trace-validation-final/silent_modify_false.out	file	0600	1784150684194118910	5737	917d1f6bedecf2cbe0e367505dcfcbb64191869afcb4284b695d1a413dcb66e6		copy	run-evidence		
tokio-watch/.specula-output/spec/output/trace-validation-final/tokio-watch.out	tokio-watch/.specula-output/spec/output/trace-validation-final/tokio-watch.out	file	0600	1784150684907133124	5742	c7e33c832b19c315f9aed5045832430bb840eae23cbe5a76d7c8918b03d312b5		copy	run-evidence		
tokio-watch/.specula-output/spec/output/trace-validation-final/wait_and_changed_cancel_close.out	tokio-watch/.specula-output/spec/output/trace-validation-final/wait_and_changed_cancel_close.out	file	0600	1784150685590146890	5758	e514a2aecbea2df105eb833fb9e3328b3bec637850945704ac138bfa246942c9		copy	run-evidence		
tokio-watch/.specula-output/spec/output/trace-validation-final/wait_for_stale_wake.out	tokio-watch/.specula-output/spec/output/trace-validation-final/wait_for_stale_wake.out	file	0600	1784150686296161120	5739	4127dc1561cbc6a73726f06a27ee117f299e7438d26e9fb156bad0d7af0c957a		copy	run-evidence		
tokio-watch/.specula-output/spec/output/trace-validation-final/wait_for_success.out	tokio-watch/.specula-output/spec/output/trace-validation-final/wait_for_success.out	file	0600	1784150686966174624	5757	c95bfcf55d15ef7014206abaf5535b34715a70e60250b62ddf0284e529f1279d		copy	run-evidence		
tokio-watch/.specula-output/spec/output/trace-validation-round1	tokio-watch/.specula-output/spec/output/trace-validation-round1	directory	0700	1784156395512088131				mkdir	run-directory		
tokio-watch/.specula-output/spec/output/trace-validation-round1/changed_flow.out	tokio-watch/.specula-output/spec/output/trace-validation-round1/changed_flow.out	file	0600	1784142277358554058	5743	b9d84ef7e0d73282cae6fbff9bb1d11699bf3f462ca57dda7fe60ca4ad6f1567		copy	run-evidence		
tokio-watch/.specula-output/spec/output/trace-validation-round1/concurrent_overlap.out	tokio-watch/.specula-output/spec/output/trace-validation-round1/concurrent_overlap.out	file	0600	1784142278210571524	5745	fad0fe33d6a1c1adcb76fd9238235e04c6a1ae455098b82af0901505f57a8bae		copy	run-evidence		
tokio-watch/.specula-output/spec/output/trace-validation-round1/concurrent_overlap_deadlock_disabled.out	tokio-watch/.specula-output/spec/output/trace-validation-round1/concurrent_overlap_deadlock_disabled.out	file	0600	1784142126437469519	29999	977fd7441fa514a70335deabf35a10cf821fdb76f60a80f1339789843ab5221f		copy	run-evidence		
tokio-watch/.specula-output/spec/output/trace-validation-round1/sender_closed_no_receivers_and_subscribe.out	tokio-watch/.specula-output/spec/output/trace-validation-round1/sender_closed_no_receivers_and_subscribe.out	file	0600	1784142279068589112	5757	51ae79b4f32faec8aa67f39cbdf496635e964d8ed616dee4b547bb4722bd5e80		copy	run-evidence		
tokio-watch/.specula-output/spec/output/trace-validation-round1/silent_modify_false.out	tokio-watch/.specula-output/spec/output/trace-validation-round1/silent_modify_false.out	file	0600	1784142279871605499	5752	095fa9855a9168b28781ec6181ff1eb8978e88dd755e38eed1cbd0a9495e57ac		copy	run-evidence		
tokio-watch/.specula-output/spec/output/trace-validation-round1/tokio-watch.out	tokio-watch/.specula-output/spec/output/trace-validation-round1/tokio-watch.out	file	0600	1784142280969627345	5744	0ed67d922723bc6e1beef8b288cb72133f7448457d6df14956c570b4bb1a127d		copy	run-evidence		
tokio-watch/.specula-output/spec/output/trace-validation-round1/wait_and_changed_cancel_close.out	tokio-watch/.specula-output/spec/output/trace-validation-round1/wait_and_changed_cancel_close.out	file	0600	1784142281997647798	5742	8d8a42b4abfe79a3168e45f58e68f143e54f75b064a69067429372f3ca23f2fe		copy	run-evidence		
tokio-watch/.specula-output/spec/output/trace-validation-round1/wait_for_stale_wake.out	tokio-watch/.specula-output/spec/output/trace-validation-round1/wait_for_stale_wake.out	file	0600	1784142282838664530	5738	6532ea866b9607d1d59ec1360507479e6476e4f4fb4e5171991daaf01126f42c		copy	run-evidence		
tokio-watch/.specula-output/spec/output/trace-validation-round1/wait_for_success.out	tokio-watch/.specula-output/spec/output/trace-validation-round1/wait_for_success.out	file	0600	1784142283715681978	5757	56942d03e45fbaf2fe90d65a60b570958fe24848b65cad04978f01ffdc2e5681		copy	run-evidence		
tokio-watch/.specula-output/spec/output/trace-validation-round2	tokio-watch/.specula-output/spec/output/trace-validation-round2	directory	0700	1784156409848347581				mkdir	run-directory		
tokio-watch/.specula-output/spec/output/trace-validation-round2/changed_flow.out	tokio-watch/.specula-output/spec/output/trace-validation-round2/changed_flow.out	file	0600	1784144396070516191	5745	b45f62ac6fdcb0269ef127a97b2feeb5000b67c981505128de3dc6e45c408871		copy	run-evidence		
tokio-watch/.specula-output/spec/output/trace-validation-round2/concurrent_overlap.out	tokio-watch/.specula-output/spec/output/trace-validation-round2/concurrent_overlap.out	file	0600	1784144398129559402	5743	b1315ec2ca6e21b84a99c60a5e1186f481c0b747b3005ea85ae3e7176410d2ea		copy	run-evidence		
tokio-watch/.specula-output/spec/output/trace-validation-round2/sender_closed_no_receivers_and_subscribe.out	tokio-watch/.specula-output/spec/output/trace-validation-round2/sender_closed_no_receivers_and_subscribe.out	file	0600	1784144399920597026	5743	a1273214d00e5c34b97125d1581ee17649fb58adc659f6924a56c5ed7a837f89		copy	run-evidence		
tokio-watch/.specula-output/spec/output/trace-validation-round2/silent_modify_false.out	tokio-watch/.specula-output/spec/output/trace-validation-round2/silent_modify_false.out	file	0600	1784144401825637044	5736	d88f55c8458dbb83f330c3389406f30b1aaa93bb1e0faf1aabe51fd8a6b74fd6		copy	run-evidence		
tokio-watch/.specula-output/spec/output/trace-validation-round2/tokio-watch.out	tokio-watch/.specula-output/spec/output/trace-validation-round2/tokio-watch.out	file	0600	1784144403660675592	5756	1834bbeb577f7326959f0c59c98754f4cfeb483beab546fb8a224db8a86b9dc4		copy	run-evidence		
tokio-watch/.specula-output/spec/output/trace-validation-round2/wait_and_changed_cancel_close.out	tokio-watch/.specula-output/spec/output/trace-validation-round2/wait_and_changed_cancel_close.out	file	0600	1784144405532714561	5757	9ee021c1e976073532f4e295531abe4e2392529c38758973686e95dc252d8f78		copy	run-evidence		
tokio-watch/.specula-output/spec/output/trace-validation-round2/wait_for_stale_wake.out	tokio-watch/.specula-output/spec/output/trace-validation-round2/wait_for_stale_wake.out	file	0600	1784144407368752622	5739	30a84dc806e8c8d0ab786724277ee67d170017851bb34f5e3d4a0b0de636098b		copy	run-evidence		
tokio-watch/.specula-output/spec/output/trace-validation-round2/wait_for_success.out	tokio-watch/.specula-output/spec/output/trace-validation-round2/wait_for_success.out	file	0600	1784144409326793211	5757	64edd16511566231dceeb9b1098c7e44cfffb5f57b3cb9e0e4bfcd50ac0a46b0		copy	run-evidence		
tokio-watch/.specula-output/traces	tokio-watch/.specula-output/traces	directory	0700	1784141535741500762				mkdir	run-directory		
tokio-watch/.specula-output/traces/changed_flow.ndjson	tokio-watch/.specula-output/traces/changed_flow.ndjson	file	0600	1784141535736500662	9441	4fd1c31f6e03275e959dfdfb66bb17dfdb8812f22d593a6a906fdbdc81c1f9d2		copy	run-evidence		
tokio-watch/.specula-output/traces/concurrent_overlap.ndjson	tokio-watch/.specula-output/traces/concurrent_overlap.ndjson	file	0600	1784141535675499450	6103	45404803b9b65c62069b62f5f29bd4e78fa2786c677371ea543a82ecaea89394		copy	run-evidence		
tokio-watch/.specula-output/traces/raw	tokio-watch/.specula-output/traces/raw	directory	0700	1784141535511496190				mkdir	run-directory		
tokio-watch/.specula-output/traces/raw/changed_flow-thread-0.ndjson	tokio-watch/.specula-output/traces/raw/changed_flow-thread-0.ndjson	file	0600	1784141535508496130	6279	d45ebf6e0c47013ae3fe4be2db22612b8d35126020ea9331e2fd152eb6b1afcc		copy	run-evidence		
tokio-watch/.specula-output/traces/raw/concurrent_overlap-thread-0.ndjson	tokio-watch/.specula-output/traces/raw/concurrent_overlap-thread-0.ndjson	file	0600	1784141535510496170	1622	3c6b53d85bf711496e093ca2c240f5110c9a07fe249a221d2f2a2b40b410fd7a		copy	run-evidence		
tokio-watch/.specula-output/traces/raw/concurrent_overlap-thread-1.ndjson	tokio-watch/.specula-output/traces/raw/concurrent_overlap-thread-1.ndjson	file	0600	1784141535510496170	2378	9179d6a1788100b7f5f0d4384f5eacc48de117a9bfa51664d56a2702b7551c4c		copy	run-evidence		
tokio-watch/.specula-output/traces/raw/sender_closed_no_receivers_and_subscribe-thread-0.ndjson	tokio-watch/.specula-output/traces/raw/sender_closed_no_receivers_and_subscribe-thread-0.ndjson	file	0600	1784141535510496170	4901	4ad7e0d972e35ce54d6a2a17bd829ffb2d6df95c9398316cf4e6709087fc0378		copy	run-evidence		
tokio-watch/.specula-output/traces/raw/silent_modify_false-thread-0.ndjson	tokio-watch/.specula-output/traces/raw/silent_modify_false-thread-0.ndjson	file	0600	1784141535510496170	1399	57b11b7b79f6c7dc1cd4b2d264849a520734a15efb2551d53a206c51cdbdb35c		copy	run-evidence		
tokio-watch/.specula-output/traces/raw/wait_and_changed_cancel_close-thread-0.ndjson	tokio-watch/.specula-output/traces/raw/wait_and_changed_cancel_close-thread-0.ndjson	file	0600	1784141535510496170	4879	bab582bda86cf2b22ae0a71c85c1801d2a3db048630bedb1b6a7de9aafe895da		copy	run-evidence		
tokio-watch/.specula-output/traces/raw/wait_for_stale_wake-thread-0.ndjson	tokio-watch/.specula-output/traces/raw/wait_for_stale_wake-thread-0.ndjson	file	0600	1784141535511496190	2380	800ca616c3adca4ec3cea41bc8c6950ea31c8f3f33afd2c9b2b89c34d8769b4a		copy	run-evidence		
tokio-watch/.specula-output/traces/raw/wait_for_success-thread-0.ndjson	tokio-watch/.specula-output/traces/raw/wait_for_success-thread-0.ndjson	file	0600	1784141535511496190	3898	a763a4371c89d88ebe6385f9e5623b89c8322521590eec4ddd36281627b0383b		copy	run-evidence		
tokio-watch/.specula-output/traces/sender_closed_no_receivers_and_subscribe.ndjson	tokio-watch/.specula-output/traces/sender_closed_no_receivers_and_subscribe.ndjson	file	0600	1784141535554497044	7341	d44e747325a929a86fa143388d13cd7edfb35bf2b22bd7d4ee65b0df2c9a9361		copy	run-evidence		
tokio-watch/.specula-output/traces/silent_modify_false.ndjson	tokio-watch/.specula-output/traces/silent_modify_false.ndjson	file	0600	1784141535645498853	2314	f1025676f05a21923849d7dd872b1d3091bd0fdd1426c2c180a75cc3af1054e7		copy	run-evidence		
tokio-watch/.specula-output/traces/tokio-watch.ndjson	tokio-watch/.specula-output/traces/tokio-watch.ndjson	file	0600	1784141535741500762	9441	4fd1c31f6e03275e959dfdfb66bb17dfdb8812f22d593a6a906fdbdc81c1f9d2		copy	run-evidence		
tokio-watch/.specula-output/traces/trace-validation.log	tokio-watch/.specula-output/traces/trace-validation.log	file	0600	1784141536406513980	8532	e412e34ab50f7265495be08f79af391356241d3d74948359a26b0fe7bd699d3f		copy	run-evidence		
tokio-watch/.specula-output/traces/wait_and_changed_cancel_close.ndjson	tokio-watch/.specula-output/traces/wait_and_changed_cancel_close.ndjson	file	0600	1784141535585497661	7406	67e63d5998dbb385fd6fee30dac94a897678aed62c840a1a36a3a6be83ba254a		copy	run-evidence		
tokio-watch/.specula-output/traces/wait_for_stale_wake.ndjson	tokio-watch/.specula-output/traces/wait_for_stale_wake.ndjson	file	0600	1784141535615498257	3744	3e4cbd84b56d90079f04af04ac7bb7780133c4673b83bd356ee7f7ab66a48338		copy	run-evidence		
tokio-watch/.specula-output/traces/wait_for_success.ndjson	tokio-watch/.specula-output/traces/wait_for_success.ndjson	file	0600	1784141535705500046	5951	42f2baf6b68d4ce9972be119b71826eedcb56bfd55e406760959c35c4c143070		copy	run-evidence		
