source_path	destination_path	type	mode	mtime_ns	size	sha256	symlink_target	action	classification	reason	encoded
external:artifact	.record/source-snapshots/external-artifact-539554476da0.tar	directory	0700	1784522414691091502	657096658	04601d5e4c9535e753e6ea9bc7986bbf267128fcc38bdb72568c222d61a3c47f		snapshot	source-snapshot	non-git-source-snapshot	"{""codec"": ""zstd"", ""codec_version"": ""1.5.5"", ""content_entries"": 59682, ""content_id"": ""sha256:04601d5e4c9535e753e6ea9bc7986bbf267128fcc38bdb72568c222d61a3c47f"", ""content_manifest"": "".record/source-snapshots/external-artifact-539554476da0.tar.files.tsv"", ""content_manifest_bytes"": 9513045, ""content_manifest_sha256"": ""ca54bed49e60beba81dad35543ad1a61462f4d59a195b833b57482cb7792ed81"", ""encoded_bytes"": 110577119, ""encoded_sha256"": ""ec612e88869fd0e00c5d5d78b61bc315218e787e60651838eb8fd179e7cca0ba"", ""parts"": [{""bytes"": 50331648, ""path"": ""external-artifact-539554476da0.tar.zst.part-0000"", ""sha256"": ""2b03014bc9bce6010b590893a449baa7a4252eb61fb41de050ba07f0948f964b""}, {""bytes"": 50331648, ""path"": ""external-artifact-539554476da0.tar.zst.part-0001"", ""sha256"": ""f69e4902ea442a2cc9bae28f564866295930d5811a18927c91b7a7b8ccf9db4b""}, {""bytes"": 9913823, ""path"": ""external-artifact-539554476da0.tar.zst.part-0002"", ""sha256"": ""fa2b270384daa02526dc3658f63752394871b627aff5dd2f9180671deb11ebd4""}], ""tar_bytes"": 762982400, ""tar_sha256"": ""8efa805747448036c4ed161a0f456b3eac0c05ddc59d253c74ed6b1f66a62198""}"
mongodb-ordered-ticket-semaphore	mongodb-ordered-ticket-semaphore	directory	0700	1784521279332339129				mkdir	run-directory		
mongodb-ordered-ticket-semaphore/.specula-output	mongodb-ordered-ticket-semaphore/.specula-output	directory	0700	1784693604864321601				mkdir	run-directory		
mongodb-ordered-ticket-semaphore/.specula-output/.bug-classification-prompt.md	mongodb-ordered-ticket-semaphore/.specula-output/.bug-classification-prompt.md	file	0600	1784652704777851197	1183	f524b0e7305f1c2258830ae8a10a9f96db2a3043e7dadff0594c64be8b7f3f8f		copy	run-evidence		
mongodb-ordered-ticket-semaphore/.specula-output/.consolidate-cwd	.record/source-snapshots/mongodb-ordered-ticket-semaphore-.specula-output-.consolidate-cwd-511b93d44721.tar	directory	0700	1784641595260140195	0	ff72275d08ced98dfb3f7576a485c2c42c705689291302e5323cfccad4a1a56d		snapshot	source-snapshot	non-git-source-snapshot	"{""codec"": ""zstd"", ""codec_version"": ""1.5.5"", ""content_entries"": 1, ""content_id"": ""sha256:ff72275d08ced98dfb3f7576a485c2c42c705689291302e5323cfccad4a1a56d"", ""content_manifest"": "".record/source-snapshots/mongodb-ordered-ticket-semaphore-.specula-output-.consolidate-cwd-511b93d44721.tar.files.tsv"", ""content_manifest_bytes"": 93, ""content_manifest_sha256"": ""def032dd015c051a15a615537e38247bfae2b12f3ff75d477f209aac1dae6b17"", ""encoded_bytes"": 23, ""encoded_sha256"": ""ef077a15315f941a8fc5700796762259eb286177402b33c31d5bddc62df4a397"", ""parts"": [{""bytes"": 23, ""path"": ""mongodb-ordered-ticket-semaphore-.specula-output-.consolidate-cwd-511b93d44721.tar.zst"", ""sha256"": ""ef077a15315f941a8fc5700796762259eb286177402b33c31d5bddc62df4a397""}], ""tar_bytes"": 10240, ""tar_sha256"": ""84ff92691f909a05b224e1c56abb4864f01b4f8e3c854e4bb4c7baf1d3f6d652""}"
mongodb-ordered-ticket-semaphore/.specula-output/.harness-gen-prompt.md	mongodb-ordered-ticket-semaphore/.specula-output/.harness-gen-prompt.md	file	0600	1784528218512918243	4914	201b61a19d8a80401799a4e09fdd69ab5e6852b413978f500ceb40551ae6e599		copy	run-evidence		
mongodb-ordered-ticket-semaphore/.specula-output/.prompt-extra.md	mongodb-ordered-ticket-semaphore/.specula-output/.prompt-extra.md	file	0600	1784521279334339133	2062	077002c106d5d065f30562cf7924dbd14603c1465eebfb31edf42eedd73061de		copy	run-evidence		
mongodb-ordered-ticket-semaphore/.specula-output/.prompt.md	mongodb-ordered-ticket-semaphore/.specula-output/.prompt.md	file	0600	1784521279714339764	3450	9c5ecc3313b6eeb05e83d439dd41ca6abbaa71c3f799ec73d8f2f1b42420a400		copy	run-evidence		
mongodb-ordered-ticket-semaphore/.specula-output/.spec-gen-prompt.md	mongodb-ordered-ticket-semaphore/.specula-output/.spec-gen-prompt.md	file	0600	1784525943560030250	4824	bf9431ba7ebe906fe299312e6bf96813835fa841c85411cafaf4ca9e901820fc		copy	run-evidence		
mongodb-ordered-ticket-semaphore/.specula-output/.spec-repair-prompt.md	mongodb-ordered-ticket-semaphore/.specula-output/.spec-repair-prompt.md	file	0600	1784640465819899606	4447	3bfea83fccfba5d3e392487825a515cb828aac7be0cfae098dce448a7d3435ef		copy	run-evidence		
mongodb-ordered-ticket-semaphore/.specula-output/.spec-validation-prompt.md	mongodb-ordered-ticket-semaphore/.specula-output/.spec-validation-prompt.md	file	0600	1784619465415509694	4031	3a9321edef4fcc590980aae035754004d11752a40be2ca78d84b96fb61ec95e5		copy	run-evidence		
mongodb-ordered-ticket-semaphore/.specula-output/MCAwakeBudget.cfg	mongodb-ordered-ticket-semaphore/.specula-output/MCAwakeBudget.cfg	file	0600	1784522045009583226	312	79c9c5b3ba13c91756e7b4fe820ab322b1b404ca105982f1db1eb25168e1ae36		copy	run-evidence		
mongodb-ordered-ticket-semaphore/.specula-output/MCAwakeBudget.tla	mongodb-ordered-ticket-semaphore/.specula-output/MCAwakeBudget.tla	file	0600	1784522045008583225	810	ec8e264596bee86bc7cdb694c81eef676a41b910d8d461d9611542717dd3b00c		copy	run-evidence		
mongodb-ordered-ticket-semaphore/.specula-output/MCAwakeBudget_TTrace_1784522018.bin	mongodb-ordered-ticket-semaphore/.specula-output/MCAwakeBudget_TTrace_1784522018.bin	file	0600	1784522024869555138	681	5dda0048dfe9649d9bb7678aa82f8b3581e1fa69c94a6850732a3d713efe7b7e		copy	run-evidence		
mongodb-ordered-ticket-semaphore/.specula-output/MCAwakeBudget_TTrace_1784522018.tla	mongodb-ordered-ticket-semaphore/.specula-output/MCAwakeBudget_TTrace_1784522018.tla	file	0600	1784522025802556699	5988	be165c2792bbfbfc0d4ca42378e3066efa2d641b542ceeb2ed775c21b40d3c6d		copy	run-evidence		
mongodb-ordered-ticket-semaphore/.specula-output/MCAwakeBudget_TTrace_1784522062.bin	mongodb-ordered-ticket-semaphore/.specula-output/MCAwakeBudget_TTrace_1784522062.bin	file	0600	1784522070126591032	723	0cf4407a3e975d79868e1c82291bce3f0fadeab94d46888188478773723d2450		copy	run-evidence		
mongodb-ordered-ticket-semaphore/.specula-output/MCAwakeBudget_TTrace_1784522062.tla	mongodb-ordered-ticket-semaphore/.specula-output/MCAwakeBudget_TTrace_1784522062.tla	file	0600	1784522071507592759	6360	482e2216dd49719a46826d58a86a76436c42c792dbf26ab981cf5b12e81f4476		copy	run-evidence		
mongodb-ordered-ticket-semaphore/.specula-output/agent.activity.jsonl	mongodb-ordered-ticket-semaphore/.specula-output/agent.activity.jsonl	file	0600	1784525787854662289	107229	24911e57ce2766f4ec38537ef542223853f0f63a724cefa15dbd136ff9e7d610		copy	run-evidence		
mongodb-ordered-ticket-semaphore/.specula-output/agent.last-message.txt	mongodb-ordered-ticket-semaphore/.specula-output/agent.last-message.txt	file	0600	1784525787882662274	929	cdaa59b98fbc6052964caf8ac96dcf2a55cd49b283d25a8d41b0159ed07c4752		copy	run-evidence		
mongodb-ordered-ticket-semaphore/.specula-output/agent.log	mongodb-ordered-ticket-semaphore/.specula-output/agent.log	file	0600	1784525787408661592	33407	2502b8e90a888543129fd1e63af6ad5a4366dca581d719b065c2327662580efd		copy	run-evidence		
mongodb-ordered-ticket-semaphore/.specula-output/agent.pid		file	0600	1784521279715339766	7	fea0856516c74a393bede22c46cdd8b0de6a5ce079f512018bc4a24da46d534e		exclude	non-evidence	ephemeral-process-id	
mongodb-ordered-ticket-semaphore/.specula-output/agent.usage.json	mongodb-ordered-ticket-semaphore/.specula-output/agent.usage.json	file	0600	1784525790200660959	245	d5675ac65701afcfe5b9113ecc18bb16264475c2a592238e8730daaebc50343e		copy	run-evidence		
mongodb-ordered-ticket-semaphore/.specula-output/analysis-report.md	mongodb-ordered-ticket-semaphore/.specula-output/analysis-report.md	file	0600	1784525740640552962	16573	18fdf1c9856b5e50471d3928f75ff0705934ac7eca313fc58cea8a19823a86cf		copy	run-evidence		
mongodb-ordered-ticket-semaphore/.specula-output/bug-classification.activity.jsonl	mongodb-ordered-ticket-semaphore/.specula-output/bug-classification.activity.jsonl	file	0600	1784652801395007059	8319	24d14113a605de9ceb976cb9d6c0fbeec12e7cc4dd44fdb85f9cabd9a77d42ce		copy	run-evidence		
mongodb-ordered-ticket-semaphore/.specula-output/bug-classification.last-message.txt	mongodb-ordered-ticket-semaphore/.specula-output/bug-classification.last-message.txt	file	0600	1784652801408007080	429	66ac3681f8ba5ca30884bfbc000204465f937d800d0168b90fdb750c5d80763b		copy	run-evidence		
mongodb-ordered-ticket-semaphore/.specula-output/bug-classification.log	mongodb-ordered-ticket-semaphore/.specula-output/bug-classification.log	file	0600	1784652801379007033	3910	d6a6f75b17fbf22168f0751cc1afadde4195d2103b58fd7c0fbc9c7677210a58		copy	run-evidence		
mongodb-ordered-ticket-semaphore/.specula-output/bug-classification.pid		file	0600	1784652705282852002	8	9164daa5f57b2728eb27b83604a6c86a498aeb095acccaea53eaf1a2dd8397ed		exclude	non-evidence	ephemeral-process-id	
mongodb-ordered-ticket-semaphore/.specula-output/bug-classification.resume.json	mongodb-ordered-ticket-semaphore/.specula-output/bug-classification.resume.json	file	0600	1784652708206856694	177	2464226dc393ddf46ec817ea03547fa505f359313a9baa5f535f8aaba56566a3		copy	run-evidence		
mongodb-ordered-ticket-semaphore/.specula-output/bug-classification.usage.json	mongodb-ordered-ticket-semaphore/.specula-output/bug-classification.usage.json	file	0600	1784652802766009315	206	c3bdb786248ea8f2bc58c4069aacb94a3a31be48cce5d6098bb6eb4a4e181a23		copy	run-evidence		
mongodb-ordered-ticket-semaphore/.specula-output/bug-confirmation.log	mongodb-ordered-ticket-semaphore/.specula-output/bug-confirmation.log	file	0600	1784652703962849896	880	e91c254c8e02f12585a2bc2601fdaf9f0a5b3b7bc5bce099e7c33c9a2d84aef7		copy	run-evidence		
mongodb-ordered-ticket-semaphore/.specula-output/bug-severity.md	mongodb-ordered-ticket-semaphore/.specula-output/bug-severity.md	file	0600	1784652764323946363	1240	1daed6157ea8c80e26809de549f2435132ebae290bc6c66c3074351c869e47cf		copy	run-evidence		
mongodb-ordered-ticket-semaphore/.specula-output/confirmation	mongodb-ordered-ticket-semaphore/.specula-output/confirmation	directory	0700	1784649231411901524				mkdir	run-directory		
mongodb-ordered-ticket-semaphore/.specula-output/confirmation/CR-1	mongodb-ordered-ticket-semaphore/.specula-output/confirmation/CR-1	directory	0700	1784636910113567631				mkdir	run-directory		
mongodb-ordered-ticket-semaphore/.specula-output/confirmation/CR-1/.agent-cwd	mongodb-ordered-ticket-semaphore/.specula-output/confirmation/CR-1/.agent-cwd	directory	0700	1784632144609636801				mkdir	run-directory		
mongodb-ordered-ticket-semaphore/.specula-output/confirmation/CR-1/.agent-cwd/turn01_A	.record/source-snapshots/mongodb-ordered-ticket-semaphore-.specula-output-confirmation-CR-1-.agent-cwd-turn01_A-9ea52d0ed80d.tar	directory	0700	1784636907785562315	0	ff72275d08ced98dfb3f7576a485c2c42c705689291302e5323cfccad4a1a56d		snapshot	source-snapshot	non-git-source-snapshot	"{""codec"": ""zstd"", ""codec_version"": ""1.5.5"", ""content_entries"": 1, ""content_id"": ""sha256:ff72275d08ced98dfb3f7576a485c2c42c705689291302e5323cfccad4a1a56d"", ""content_manifest"": "".record/source-snapshots/mongodb-ordered-ticket-semaphore-.specula-output-confirmation-CR-1-.agent-cwd-turn01_A-9ea52d0ed80d.tar.files.tsv"", ""content_manifest_bytes"": 93, ""content_manifest_sha256"": ""def032dd015c051a15a615537e38247bfae2b12f3ff75d477f209aac1dae6b17"", ""encoded_bytes"": 23, ""encoded_sha256"": ""ef077a15315f941a8fc5700796762259eb286177402b33c31d5bddc62df4a397"", ""parts"": [{""bytes"": 23, ""path"": ""mongodb-ordered-ticket-semaphore-.specula-output-confirmation-CR-1-.agent-cwd-turn01_A-9ea52d0ed80d.tar.zst"", ""sha256"": ""ef077a15315f941a8fc5700796762259eb286177402b33c31d5bddc62df4a397""}], ""tar_bytes"": 10240, ""tar_sha256"": ""84ff92691f909a05b224e1c56abb4864f01b4f8e3c854e4bb4c7baf1d3f6d652""}"
mongodb-ordered-ticket-semaphore/.specula-output/confirmation/CR-1/debate.md	mongodb-ordered-ticket-semaphore/.specula-output/confirmation/CR-1/debate.md	file	0600	1784636907785562315	419	d139884ed292def0eb3bb1e4930c9e29e577b6d526d51a6bf2ca1c4cb0154d1e		copy	run-evidence		
mongodb-ordered-ticket-semaphore/.specula-output/confirmation/CR-1/investigation.md	mongodb-ordered-ticket-semaphore/.specula-output/confirmation/CR-1/investigation.md	file	0600	1784633490340193316	8558	ab6be9fcbf26c74e46443b8d335c0e3262965f528b890c087b04e09dfeba2559		copy	run-evidence		
mongodb-ordered-ticket-semaphore/.specula-output/confirmation/CR-1/logs	mongodb-ordered-ticket-semaphore/.specula-output/confirmation/CR-1/logs	directory	0700	1784634160324372600				mkdir	run-directory		
mongodb-ordered-ticket-semaphore/.specula-output/confirmation/CR-1/logs/repro_ordered_ticket_policy.log	mongodb-ordered-ticket-semaphore/.specula-output/confirmation/CR-1/logs/repro_ordered_ticket_policy.log	file	0600	1784636859297452152	175018	c42a89108b50a85c45eea4e1be7c81e936146f0fa1b3aa70757f09b41f3b0519		copy	run-evidence		
mongodb-ordered-ticket-semaphore/.specula-output/confirmation/CR-1/logs/repro_static_policy.log	mongodb-ordered-ticket-semaphore/.specula-output/confirmation/CR-1/logs/repro_static_policy.log	file	0600	1784634215295457912	1146	d9957e36df6e28f3482f0a00321524850c905ce347fd2c0e63da7a437b4eec9f		copy	run-evidence		
mongodb-ordered-ticket-semaphore/.specula-output/confirmation/CR-1/logs/tlc_baseline.log	mongodb-ordered-ticket-semaphore/.specula-output/confirmation/CR-1/logs/tlc_baseline.log	file	0600	1784633314230835937	4855	b1c5c642558faf72ad69edea45c76530ee32c6bbe4285695270cd21f4f76e411		copy	run-evidence		
mongodb-ordered-ticket-semaphore/.specula-output/confirmation/CR-1/turn01_A.last-message.txt	mongodb-ordered-ticket-semaphore/.specula-output/confirmation/CR-1/turn01_A.last-message.txt	file	0600	1784636906786559998	4471	d7de1a204a84d543150bb56999dd3b900040e5d800bb2ce7cc817c1f2dd7e5b9		copy	run-evidence		
mongodb-ordered-ticket-semaphore/.specula-output/confirmation/CR-1/turn01_A.log	mongodb-ordered-ticket-semaphore/.specula-output/confirmation/CR-1/turn01_A.log	file	0600	1784636906709559819	40290	89630aaf0e55ff9a866871406d120948f7209d78fdefd17e10572eadc04413e0		copy	run-evidence		
mongodb-ordered-ticket-semaphore/.specula-output/confirmation/CR-1/turn01_A.prompt.md	mongodb-ordered-ticket-semaphore/.specula-output/confirmation/CR-1/turn01_A.prompt.md	file	0600	1784632145027637508	8404	da4ab1ffaa93fbfa116cb5a62bda8f5be0f2efd55bbf5a7e345a31800732b79e		copy	run-evidence		
mongodb-ordered-ticket-semaphore/.specula-output/confirmation/CR-1/turn01_A.resume.json	mongodb-ordered-ticket-semaphore/.specula-output/confirmation/CR-1/turn01_A.resume.json	file	0600	1784632152124649505	328	d6b6720f8819fcf98593ed532bd2ce10f95bce56532d7f03a1588b24cb2998af		copy	run-evidence		
mongodb-ordered-ticket-semaphore/.specula-output/confirmation/CR-1/turn01_A.usage.json	mongodb-ordered-ticket-semaphore/.specula-output/confirmation/CR-1/turn01_A.usage.json	file	0600	1784636907777562297	206	6181afd3eeb415cc28138bd3715565939604d37423bcf41b742ff469ff5ec5e5		copy	run-evidence		
mongodb-ordered-ticket-semaphore/.specula-output/confirmation/CR-1/verdict.json	mongodb-ordered-ticket-semaphore/.specula-output/confirmation/CR-1/verdict.json	file	0600	1784636908141563141	4709	48b372ee12914e65c9c6f4a4b7a8edf9ae2dc25002d9f0af8497cdfb7f620ff0		copy	run-evidence		
mongodb-ordered-ticket-semaphore/.specula-output/confirmation/CR-2	mongodb-ordered-ticket-semaphore/.specula-output/confirmation/CR-2	directory	0700	1784646208686837184				mkdir	run-directory		
mongodb-ordered-ticket-semaphore/.specula-output/confirmation/CR-2/.agent-cwd	mongodb-ordered-ticket-semaphore/.specula-output/confirmation/CR-2/.agent-cwd	directory	0700	1784645002197915889				mkdir	run-directory		
mongodb-ordered-ticket-semaphore/.specula-output/confirmation/CR-2/.agent-cwd/turn01_A	.record/source-snapshots/mongodb-ordered-ticket-semaphore-.specula-output-confirmation-CR-2-.agent-cwd-turn01_A-4b5ee88e9961.tar	directory	0700	1784646192140812075	0	ff72275d08ced98dfb3f7576a485c2c42c705689291302e5323cfccad4a1a56d		snapshot	source-snapshot	non-git-source-snapshot	"{""codec"": ""zstd"", ""codec_version"": ""1.5.5"", ""content_entries"": 1, ""content_id"": ""sha256:ff72275d08ced98dfb3f7576a485c2c42c705689291302e5323cfccad4a1a56d"", ""content_manifest"": "".record/source-snapshots/mongodb-ordered-ticket-semaphore-.specula-output-confirmation-CR-2-.agent-cwd-turn01_A-4b5ee88e9961.tar.files.tsv"", ""content_manifest_bytes"": 93, ""content_manifest_sha256"": ""def032dd015c051a15a615537e38247bfae2b12f3ff75d477f209aac1dae6b17"", ""encoded_bytes"": 23, ""encoded_sha256"": ""ef077a15315f941a8fc5700796762259eb286177402b33c31d5bddc62df4a397"", ""parts"": [{""bytes"": 23, ""path"": ""mongodb-ordered-ticket-semaphore-.specula-output-confirmation-CR-2-.agent-cwd-turn01_A-4b5ee88e9961.tar.zst"", ""sha256"": ""ef077a15315f941a8fc5700796762259eb286177402b33c31d5bddc62df4a397""}], ""tar_bytes"": 10240, ""tar_sha256"": ""84ff92691f909a05b224e1c56abb4864f01b4f8e3c854e4bb4c7baf1d3f6d652""}"
mongodb-ordered-ticket-semaphore/.specula-output/confirmation/CR-2/debate.md	mongodb-ordered-ticket-semaphore/.specula-output/confirmation/CR-2/debate.md	file	0600	1784646192141812076	419	de177f2cde7364c82f97395233099af2aa1b2b484be7523179678ee1316726b4		copy	run-evidence		
mongodb-ordered-ticket-semaphore/.specula-output/confirmation/CR-2/investigation.md	mongodb-ordered-ticket-semaphore/.specula-output/confirmation/CR-2/investigation.md	file	0600	1784645962752478194	6965	6e670e71a87728fbe7f9ff9e0a36a34ec03374f806a863e2e803e141cd78e063		copy	run-evidence		
mongodb-ordered-ticket-semaphore/.specula-output/confirmation/CR-2/repro_CR2_output.log	mongodb-ordered-ticket-semaphore/.specula-output/confirmation/CR-2/repro_CR2_output.log	file	0600	1784640378122784155	224642	bb53ae2750e37a5784ed47ee8b8a17bbe374ab5e3ebe18feeae96b95dfecab22		copy	run-evidence		
mongodb-ordered-ticket-semaphore/.specula-output/confirmation/CR-2/repro_CR2_partial_timeout_output.clean.log	mongodb-ordered-ticket-semaphore/.specula-output/confirmation/CR-2/repro_CR2_partial_timeout_output.clean.log	file	0600	1784646110050686069	4863	3f8ffddeb121833660daa2572b142608f10dbc7fffa1c6e03085642cb41fff1a		copy	run-evidence		
mongodb-ordered-ticket-semaphore/.specula-output/confirmation/CR-2/repro_CR2_partial_timeout_output.log	mongodb-ordered-ticket-semaphore/.specula-output/confirmation/CR-2/repro_CR2_partial_timeout_output.log	file	0600	1784645803098291856	6799	0de53f3b420f09026df5eb710baf73345f380fb8d809d7ce1b413f9a719e58a8		copy	run-evidence		
mongodb-ordered-ticket-semaphore/.specula-output/confirmation/CR-2/repro_CR2_trace	mongodb-ordered-ticket-semaphore/.specula-output/confirmation/CR-2/repro_CR2_trace	directory	0700	1784640377496783187				mkdir	run-directory		
mongodb-ordered-ticket-semaphore/.specula-output/confirmation/CR-2/repro_CR2_trace/interrupt_awake_cascade-thread-c1-19ec3dc6c34f08a9.ndjson	mongodb-ordered-ticket-semaphore/.specula-output/confirmation/CR-2/repro_CR2_trace/interrupt_awake_cascade-thread-c1-19ec3dc6c34f08a9.ndjson	file	0644	1784640377472783149	2975	f9fffa3ef61a5ab8246032f134dc74c1251bdf0704e3ff807133d592c7944aa0		copy	run-evidence		
mongodb-ordered-ticket-semaphore/.specula-output/confirmation/CR-2/repro_CR2_trace/interrupt_awake_cascade-thread-c2-c7a8a991518c560d.ndjson	mongodb-ordered-ticket-semaphore/.specula-output/confirmation/CR-2/repro_CR2_trace/interrupt_awake_cascade-thread-c2-c7a8a991518c560d.ndjson	file	0644	1784640377472783149	2105	228bce0ca09cffe3ef68d0c8f784aa51ee4f3cb7f7e94d195eb8cc0c36bb0ef9		copy	run-evidence		
mongodb-ordered-ticket-semaphore/.specula-output/confirmation/CR-2/repro_CR2_trace/interrupt_awake_cascade-thread-c3-ee998244f3ae6dec.ndjson	mongodb-ordered-ticket-semaphore/.specula-output/confirmation/CR-2/repro_CR2_trace/interrupt_awake_cascade-thread-c3-ee998244f3ae6dec.ndjson	file	0644	1784640377472783149	3038	3b6e6b92b71c02441c360463758778a116a4f73092c16b017809e79dfe623f79		copy	run-evidence		
mongodb-ordered-ticket-semaphore/.specula-output/confirmation/CR-2/repro_CR2_trace/interrupt_sleeping-thread-c1-19ec3dc6c34f08a9.ndjson	mongodb-ordered-ticket-semaphore/.specula-output/confirmation/CR-2/repro_CR2_trace/interrupt_sleeping-thread-c1-19ec3dc6c34f08a9.ndjson	file	0644	1784640377458783128	1847	80e7eac0f620e4298be798a90e1d7e15cf4267345b4a16cca64b9cc0bb296228		copy	run-evidence		
mongodb-ordered-ticket-semaphore/.specula-output/confirmation/CR-2/repro_CR2_trace/interrupt_sleeping-thread-c2-19ec3dc6c34f08a9.ndjson	mongodb-ordered-ticket-semaphore/.specula-output/confirmation/CR-2/repro_CR2_trace/interrupt_sleeping-thread-c2-19ec3dc6c34f08a9.ndjson	file	0644	1784640377458783128	1847	59eca1cac7eabfb1e37e310c5ed57afaa1dfcb557982239d5b31486530abe526		copy	run-evidence		
mongodb-ordered-ticket-semaphore/.specula-output/confirmation/CR-2/repro_CR2_trace/interrupt_sleeping-thread-c3-c7a8a991518c560d.ndjson	mongodb-ordered-ticket-semaphore/.specula-output/confirmation/CR-2/repro_CR2_trace/interrupt_sleeping-thread-c3-c7a8a991518c560d.ndjson	file	0644	1784640377458783128	1992	e4a68f9facd1fc090652679d7154f36200efff0a54a789223657668e320b2ef1		copy	run-evidence		
mongodb-ordered-ticket-semaphore/.specula-output/confirmation/CR-2/repro_CR2_trace/shutdown_awake_cascade-thread-c1-19ec3dc6c34f08a9.ndjson	mongodb-ordered-ticket-semaphore/.specula-output/confirmation/CR-2/repro_CR2_trace/shutdown_awake_cascade-thread-c1-19ec3dc6c34f08a9.ndjson	file	0644	1784640377480783162	2975	619c70d39b716ecf4ff35c664a5133e0d61841fc8eeaca1fdc6e6dd16448a3cd		copy	run-evidence		
mongodb-ordered-ticket-semaphore/.specula-output/confirmation/CR-2/repro_CR2_trace/shutdown_awake_cascade-thread-c2-ee998244f3ae6dec.ndjson	mongodb-ordered-ticket-semaphore/.specula-output/confirmation/CR-2/repro_CR2_trace/shutdown_awake_cascade-thread-c2-ee998244f3ae6dec.ndjson	file	0644	1784640377480783162	2103	b1377b60e18292ac8545b86fda482586b0d32378f924691fb987e13fdf46621b		copy	run-evidence		
mongodb-ordered-ticket-semaphore/.specula-output/confirmation/CR-2/repro_CR2_trace/shutdown_awake_cascade-thread-c3-c7a8a991518c560d.ndjson	mongodb-ordered-ticket-semaphore/.specula-output/confirmation/CR-2/repro_CR2_trace/shutdown_awake_cascade-thread-c3-c7a8a991518c560d.ndjson	file	0644	1784640377480783162	3036	5fa564455bba02948191dbb69c4dbc1ad9a2e12f891069946edc3daa37274c1b		copy	run-evidence		
mongodb-ordered-ticket-semaphore/.specula-output/confirmation/CR-2/repro_CR2_trace/shutdown_sleeping-thread-c1-19ec3dc6c34f08a9.ndjson	mongodb-ordered-ticket-semaphore/.specula-output/confirmation/CR-2/repro_CR2_trace/shutdown_sleeping-thread-c1-19ec3dc6c34f08a9.ndjson	file	0644	1784640377465783139	1846	5d7e628c7e910d700056ecdebd19ed44d1ed22be0931711c1cbe1a8a54cf2ef1		copy	run-evidence		
mongodb-ordered-ticket-semaphore/.specula-output/confirmation/CR-2/repro_CR2_trace/shutdown_sleeping-thread-c2-19ec3dc6c34f08a9.ndjson	mongodb-ordered-ticket-semaphore/.specula-output/confirmation/CR-2/repro_CR2_trace/shutdown_sleeping-thread-c2-19ec3dc6c34f08a9.ndjson	file	0644	1784640377465783139	1846	fe219f200157f4f0be0ba2fcc545fc756263daeb754a70cad35f123aee897075		copy	run-evidence		
mongodb-ordered-ticket-semaphore/.specula-output/confirmation/CR-2/repro_CR2_trace/shutdown_sleeping-thread-c3-c7a8a991518c560d.ndjson	mongodb-ordered-ticket-semaphore/.specula-output/confirmation/CR-2/repro_CR2_trace/shutdown_sleeping-thread-c3-c7a8a991518c560d.ndjson	file	0644	1784640377465783139	1990	87f4a068f2467edbe2492642a4985ba7699fd9d18d94cc9ca8461d24c4c868f1		copy	run-evidence		
mongodb-ordered-ticket-semaphore/.specula-output/confirmation/CR-2/repro_CR2_trace/ticketholder_shrink_start_interrupted-thread-c1-19ec3dc6c34f08a9.ndjson	mongodb-ordered-ticket-semaphore/.specula-output/confirmation/CR-2/repro_CR2_trace/ticketholder_shrink_start_interrupted-thread-c1-19ec3dc6c34f08a9.ndjson	file	0644	1784640377496783187	965	ed2743e029d6ebc6e0aee5e6ca746a11f1704143ffa605161f892a6bd03c383c		copy	run-evidence		
mongodb-ordered-ticket-semaphore/.specula-output/confirmation/CR-2/repro_CR2_trace/ticketholder_shrink_timeout-thread-ResizerClient-19ec3dc6c34f08a9.ndjson	mongodb-ordered-ticket-semaphore/.specula-output/confirmation/CR-2/repro_CR2_trace/ticketholder_shrink_timeout-thread-ResizerClient-19ec3dc6c34f08a9.ndjson	file	0644	1784640377490783177	2993	9edaec13ea03960e8cc229f5ac723a032f7b002b62519dd7fe5ff140be22aa4f		copy	run-evidence		
mongodb-ordered-ticket-semaphore/.specula-output/confirmation/CR-2/repro_CR2_trace/ticketholder_shrink_timeout-thread-c1-19ec3dc6c34f08a9.ndjson	mongodb-ordered-ticket-semaphore/.specula-output/confirmation/CR-2/repro_CR2_trace/ticketholder_shrink_timeout-thread-c1-19ec3dc6c34f08a9.ndjson	file	0644	1784640377490783177	2805	8513afcbe1ad3ad1be56b9328d1d308fa0cc142b6139b214d814fd2cfd139e24		copy	run-evidence		
mongodb-ordered-ticket-semaphore/.specula-output/confirmation/CR-2/repro_CR2_trace/ticketholder_shrink_timeout-thread-c2-19ec3dc6c34f08a9.ndjson	mongodb-ordered-ticket-semaphore/.specula-output/confirmation/CR-2/repro_CR2_trace/ticketholder_shrink_timeout-thread-c2-19ec3dc6c34f08a9.ndjson	file	0644	1784640377490783177	1846	652af64ca81ab288110d65c3f934cc5874bdcdbd7d22ebf4310d5fa1f5c7204d		copy	run-evidence		
mongodb-ordered-ticket-semaphore/.specula-output/confirmation/CR-2/repro_CR2_trace/timeout_sleeping-thread-c1-19ec3dc6c34f08a9.ndjson	mongodb-ordered-ticket-semaphore/.specula-output/confirmation/CR-2/repro_CR2_trace/timeout_sleeping-thread-c1-19ec3dc6c34f08a9.ndjson	file	0644	1784640377450783116	1845	c0b9c4648906708847d475ff162c487d3049c8f0cd7e6215ea48160d3794e947		copy	run-evidence		
mongodb-ordered-ticket-semaphore/.specula-output/confirmation/CR-2/repro_CR2_trace/timeout_sleeping-thread-c2-19ec3dc6c34f08a9.ndjson	mongodb-ordered-ticket-semaphore/.specula-output/confirmation/CR-2/repro_CR2_trace/timeout_sleeping-thread-c2-19ec3dc6c34f08a9.ndjson	file	0644	1784640377450783116	1845	c490cc40445237798a2428f79bdb10ae6eae6757db37aaa11f26c9c7936033b1		copy	run-evidence		
mongodb-ordered-ticket-semaphore/.specula-output/confirmation/CR-2/repro_CR2_trace/timeout_sleeping-thread-c3-19ec3dc6c34f08a9.ndjson	mongodb-ordered-ticket-semaphore/.specula-output/confirmation/CR-2/repro_CR2_trace/timeout_sleeping-thread-c3-19ec3dc6c34f08a9.ndjson	file	0644	1784640377450783116	1988	c9de616f86e14940f4f27bc8edcc2daf93a5c0ce13aaccb6b873328a4fc01dd6		copy	run-evidence		
mongodb-ordered-ticket-semaphore/.specula-output/confirmation/CR-2/tlc_baseline.log	mongodb-ordered-ticket-semaphore/.specula-output/confirmation/CR-2/tlc_baseline.log	file	0600	1784645704037199497	7242	3b335abea77c67e45e4c8ae405eba7062a9b2f594e929e1e8a2bef3db53eaddd		copy	run-evidence		
mongodb-ordered-ticket-semaphore/.specula-output/confirmation/CR-2/turn01_A.last-message.txt	mongodb-ordered-ticket-semaphore/.specula-output/confirmation/CR-2/turn01_A.last-message.txt	file	0600	1784646190156808869	3047	06c1b06320804dcca597b0112798595a871c573879de0308ad3f25ea8997a774		copy	run-evidence		
mongodb-ordered-ticket-semaphore/.specula-output/confirmation/CR-2/turn01_A.log	mongodb-ordered-ticket-semaphore/.specula-output/confirmation/CR-2/turn01_A.log	file	0600	1784646189705808140	27791	afc6ed8650d9fcdc44e75b035dcba616c04527311bfc7f7e60be9151bbaa02b3		copy	run-evidence		
mongodb-ordered-ticket-semaphore/.specula-output/confirmation/CR-2/turn01_A.prompt.md	mongodb-ordered-ticket-semaphore/.specula-output/confirmation/CR-2/turn01_A.prompt.md	file	0600	1784645002202915900	8595	dd797f93262f5585b959e0938020a03b2aecfc26ee32192fc0c705017f0188c5		copy	run-evidence		
mongodb-ordered-ticket-semaphore/.specula-output/confirmation/CR-2/turn01_A.resume.json	mongodb-ordered-ticket-semaphore/.specula-output/confirmation/CR-2/turn01_A.resume.json	file	0600	1784645006293925077	328	97760ca3ce9a7e588c82c4a6632ef0b9496015d16281659efb9fb5e375e3166c		copy	run-evidence		
mongodb-ordered-ticket-semaphore/.specula-output/confirmation/CR-2/turn01_A.usage.json	mongodb-ordered-ticket-semaphore/.specula-output/confirmation/CR-2/turn01_A.usage.json	file	0600	1784646192130812059	206	48fe4d6abe09c2b11adffda2b9c0e0d5d4bbca75c3aeb205a6c00606fd4f6622		copy	run-evidence		
mongodb-ordered-ticket-semaphore/.specula-output/confirmation/CR-2/verdict.json	mongodb-ordered-ticket-semaphore/.specula-output/confirmation/CR-2/verdict.json	file	0600	1784646193510814171	3264	d1b40e542794b44809c4d5a6a5155a764ab1d5b731699a05ca2b280f30322780		copy	run-evidence		
mongodb-ordered-ticket-semaphore/.specula-output/confirmation/CR-3	mongodb-ordered-ticket-semaphore/.specula-output/confirmation/CR-3	directory	0700	1784649230423899700				mkdir	run-directory		
mongodb-ordered-ticket-semaphore/.specula-output/confirmation/CR-3/.agent-cwd	mongodb-ordered-ticket-semaphore/.specula-output/confirmation/CR-3/.agent-cwd	directory	0700	1784646239755884481				mkdir	run-directory		
mongodb-ordered-ticket-semaphore/.specula-output/confirmation/CR-3/.agent-cwd/turn01_A	.record/source-snapshots/mongodb-ordered-ticket-semaphore-.specula-output-confirmation-CR-3-.agent-cwd-turn01_A-ec539755ab19.tar	directory	0700	1784649219733879640	0	ff72275d08ced98dfb3f7576a485c2c42c705689291302e5323cfccad4a1a56d		snapshot	source-snapshot	non-git-source-snapshot	"{""codec"": ""zstd"", ""codec_version"": ""1.5.5"", ""content_entries"": 1, ""content_id"": ""sha256:ff72275d08ced98dfb3f7576a485c2c42c705689291302e5323cfccad4a1a56d"", ""content_manifest"": "".record/source-snapshots/mongodb-ordered-ticket-semaphore-.specula-output-confirmation-CR-3-.agent-cwd-turn01_A-ec539755ab19.tar.files.tsv"", ""content_manifest_bytes"": 93, ""content_manifest_sha256"": ""def032dd015c051a15a615537e38247bfae2b12f3ff75d477f209aac1dae6b17"", ""encoded_bytes"": 23, ""encoded_sha256"": ""ef077a15315f941a8fc5700796762259eb286177402b33c31d5bddc62df4a397"", ""parts"": [{""bytes"": 23, ""path"": ""mongodb-ordered-ticket-semaphore-.specula-output-confirmation-CR-3-.agent-cwd-turn01_A-ec539755ab19.tar.zst"", ""sha256"": ""ef077a15315f941a8fc5700796762259eb286177402b33c31d5bddc62df4a397""}], ""tar_bytes"": 10240, ""tar_sha256"": ""84ff92691f909a05b224e1c56abb4864f01b4f8e3c854e4bb4c7baf1d3f6d652""}"
mongodb-ordered-ticket-semaphore/.specula-output/confirmation/CR-3/debate.md	mongodb-ordered-ticket-semaphore/.specula-output/confirmation/CR-3/debate.md	file	0600	1784649219734879642	419	dfcc0049ec083d2db6e95eed37ad22ec2892d545b7d3c42b464c539bf63502cb		copy	run-evidence		
mongodb-ordered-ticket-semaphore/.specula-output/confirmation/CR-3/investigation.md	mongodb-ordered-ticket-semaphore/.specula-output/confirmation/CR-3/investigation.md	file	0600	1784646987015262437	8269	87d670a48611853e75278936f47fcc7f9acff6ff6b38a093cfbf4ecfc1d7eead		copy	run-evidence		
mongodb-ordered-ticket-semaphore/.specula-output/confirmation/CR-3/turn01_A.last-message.txt	mongodb-ordered-ticket-semaphore/.specula-output/confirmation/CR-3/turn01_A.last-message.txt	file	0600	1784649217586875597	3264	545c1a208e167fe4452884a6b2520a0ae5c38a612c6f34d4452c2bef6caeddcc		copy	run-evidence		
mongodb-ordered-ticket-semaphore/.specula-output/confirmation/CR-3/turn01_A.log	mongodb-ordered-ticket-semaphore/.specula-output/confirmation/CR-3/turn01_A.log	file	0600	1784649217439875321	22347	b9eb7268f82107feb9de75376a49b0569ac65899b3a82d35e910e2509f97bc26		copy	run-evidence		
mongodb-ordered-ticket-semaphore/.specula-output/confirmation/CR-3/turn01_A.prompt.md	mongodb-ordered-ticket-semaphore/.specula-output/confirmation/CR-3/turn01_A.prompt.md	file	0600	1784646239762884493	8496	9b83745598e6ed3f2633822cb0d2f301f02a4145c12221fb9bf61799e3f04d12		copy	run-evidence		
mongodb-ordered-ticket-semaphore/.specula-output/confirmation/CR-3/turn01_A.resume.json	mongodb-ordered-ticket-semaphore/.specula-output/confirmation/CR-3/turn01_A.resume.json	file	0600	1784646243974891283	328	3a4ee1fc3efeb8da912a8423686787b1300ee1ff065425a86ab9a811d235a5e2		copy	run-evidence		
mongodb-ordered-ticket-semaphore/.specula-output/confirmation/CR-3/turn01_A.usage.json	mongodb-ordered-ticket-semaphore/.specula-output/confirmation/CR-3/turn01_A.usage.json	file	0600	1784649219727879629	206	6dc3b315f96982acc6d79a6c62a41f4c8bd6412da842b1a2e6d1b996d487f14b		copy	run-evidence		
mongodb-ordered-ticket-semaphore/.specula-output/confirmation/CR-3/verdict.json	mongodb-ordered-ticket-semaphore/.specula-output/confirmation/CR-3/verdict.json	file	0600	1784649220657881380	3492	66ee9e4771225f8780cf20a4e8ba807e37e0c4fcdf3b5c44ed76d1c32844e24d		copy	run-evidence		
mongodb-ordered-ticket-semaphore/.specula-output/confirmation/CR-4	mongodb-ordered-ticket-semaphore/.specula-output/confirmation/CR-4	directory	0700	1784652703958849890				mkdir	run-directory		
mongodb-ordered-ticket-semaphore/.specula-output/confirmation/CR-4/.agent-cwd	mongodb-ordered-ticket-semaphore/.specula-output/confirmation/CR-4/.agent-cwd	directory	0700	1784649248680933322				mkdir	run-directory		
mongodb-ordered-ticket-semaphore/.specula-output/confirmation/CR-4/.agent-cwd/turn01_A	.record/source-snapshots/mongodb-ordered-ticket-semaphore-.specula-output-confirmation-CR-4-.agent-cwd-turn01_A-85e40d6b54be.tar	directory	0700	1784652694307834617	0	ff72275d08ced98dfb3f7576a485c2c42c705689291302e5323cfccad4a1a56d		snapshot	source-snapshot	non-git-source-snapshot	"{""codec"": ""zstd"", ""codec_version"": ""1.5.5"", ""content_entries"": 1, ""content_id"": ""sha256:ff72275d08ced98dfb3f7576a485c2c42c705689291302e5323cfccad4a1a56d"", ""content_manifest"": "".record/source-snapshots/mongodb-ordered-ticket-semaphore-.specula-output-confirmation-CR-4-.agent-cwd-turn01_A-85e40d6b54be.tar.files.tsv"", ""content_manifest_bytes"": 93, ""content_manifest_sha256"": ""def032dd015c051a15a615537e38247bfae2b12f3ff75d477f209aac1dae6b17"", ""encoded_bytes"": 23, ""encoded_sha256"": ""ef077a15315f941a8fc5700796762259eb286177402b33c31d5bddc62df4a397"", ""parts"": [{""bytes"": 23, ""path"": ""mongodb-ordered-ticket-semaphore-.specula-output-confirmation-CR-4-.agent-cwd-turn01_A-85e40d6b54be.tar.zst"", ""sha256"": ""ef077a15315f941a8fc5700796762259eb286177402b33c31d5bddc62df4a397""}], ""tar_bytes"": 10240, ""tar_sha256"": ""84ff92691f909a05b224e1c56abb4864f01b4f8e3c854e4bb4c7baf1d3f6d652""}"
mongodb-ordered-ticket-semaphore/.specula-output/confirmation/CR-4/debate.md	mongodb-ordered-ticket-semaphore/.specula-output/confirmation/CR-4/debate.md	file	0600	1784652694308834619	419	bc867cef882adc7552c55b93132bc8e2d8da4fb716f3fae49736638513da37d6		copy	run-evidence		
mongodb-ordered-ticket-semaphore/.specula-output/confirmation/CR-4/investigation.md	mongodb-ordered-ticket-semaphore/.specula-output/confirmation/CR-4/investigation.md	file	0600	1784650026907246619	11394	dedf58fe956380f140a0b864019d69cfb866daf5a8dc409d54a996fa6c253459		copy	run-evidence		
mongodb-ordered-ticket-semaphore/.specula-output/confirmation/CR-4/turn01_A.last-message.txt	mongodb-ordered-ticket-semaphore/.specula-output/confirmation/CR-4/turn01_A.last-message.txt	file	0600	1784652693223832916	3159	a0fc4e4f464de1a8e1f230ca52d316d5c618ad3b6bff6e157fa4e926178fb200		copy	run-evidence		
mongodb-ordered-ticket-semaphore/.specula-output/confirmation/CR-4/turn01_A.log	mongodb-ordered-ticket-semaphore/.specula-output/confirmation/CR-4/turn01_A.log	file	0600	1784652692566831886	27129	956c24db3801c0b675340cfe61b5d815c1bf31c08c352ad10a81e0688c3f9d5f		copy	run-evidence		
mongodb-ordered-ticket-semaphore/.specula-output/confirmation/CR-4/turn01_A.prompt.md	mongodb-ordered-ticket-semaphore/.specula-output/confirmation/CR-4/turn01_A.prompt.md	file	0600	1784649248685933331	8572	ef8dde69003213704b4db26a9ac1dcb9f2d8697bbc8aa35c59a0471ddadfcf65		copy	run-evidence		
mongodb-ordered-ticket-semaphore/.specula-output/confirmation/CR-4/turn01_A.resume.json	mongodb-ordered-ticket-semaphore/.specula-output/confirmation/CR-4/turn01_A.resume.json	file	0600	1784649254264943495	328	05f2173b0dae19b73955766bafaeb1ea0a0d9ae4a386cdeb17608fa7d96490e5		copy	run-evidence		
mongodb-ordered-ticket-semaphore/.specula-output/confirmation/CR-4/turn01_A.usage.json	mongodb-ordered-ticket-semaphore/.specula-output/confirmation/CR-4/turn01_A.usage.json	file	0600	1784652694302834610	206	204c132e0c4c49841d9b667de09867f950681bbf63fd6117424cb4726e3d19f2		copy	run-evidence		
mongodb-ordered-ticket-semaphore/.specula-output/confirmation/CR-4/verdict.json	mongodb-ordered-ticket-semaphore/.specula-output/confirmation/CR-4/verdict.json	file	0600	1784652695276836137	3381	2b9ba06923934b775d6319bb3f82660cf01fe1e57921a03c7ea0147c5d041a02		copy	run-evidence		
mongodb-ordered-ticket-semaphore/.specula-output/confirmation/MC-1	mongodb-ordered-ticket-semaphore/.specula-output/confirmation/MC-1	directory	0700	1784644979418859785				mkdir	run-directory		
mongodb-ordered-ticket-semaphore/.specula-output/confirmation/MC-1/.agent-cwd	mongodb-ordered-ticket-semaphore/.specula-output/confirmation/MC-1/.agent-cwd	directory	0700	1784641951020792783				mkdir	run-directory		
mongodb-ordered-ticket-semaphore/.specula-output/confirmation/MC-1/.agent-cwd/turn01_A	.record/source-snapshots/mongodb-ordered-ticket-semaphore-.specula-output-confirmation-MC-1-.agent-cwd-turn01_A-7a239b4a1648.tar	directory	0700	1784644965782820164	0	ff72275d08ced98dfb3f7576a485c2c42c705689291302e5323cfccad4a1a56d		snapshot	source-snapshot	non-git-source-snapshot	"{""codec"": ""zstd"", ""codec_version"": ""1.5.5"", ""content_entries"": 1, ""content_id"": ""sha256:ff72275d08ced98dfb3f7576a485c2c42c705689291302e5323cfccad4a1a56d"", ""content_manifest"": "".record/source-snapshots/mongodb-ordered-ticket-semaphore-.specula-output-confirmation-MC-1-.agent-cwd-turn01_A-7a239b4a1648.tar.files.tsv"", ""content_manifest_bytes"": 93, ""content_manifest_sha256"": ""def032dd015c051a15a615537e38247bfae2b12f3ff75d477f209aac1dae6b17"", ""encoded_bytes"": 23, ""encoded_sha256"": ""ef077a15315f941a8fc5700796762259eb286177402b33c31d5bddc62df4a397"", ""parts"": [{""bytes"": 23, ""path"": ""mongodb-ordered-ticket-semaphore-.specula-output-confirmation-MC-1-.agent-cwd-turn01_A-7a239b4a1648.tar.zst"", ""sha256"": ""ef077a15315f941a8fc5700796762259eb286177402b33c31d5bddc62df4a397""}], ""tar_bytes"": 10240, ""tar_sha256"": ""84ff92691f909a05b224e1c56abb4864f01b4f8e3c854e4bb4c7baf1d3f6d652""}"
mongodb-ordered-ticket-semaphore/.specula-output/confirmation/MC-1/debate.md	mongodb-ordered-ticket-semaphore/.specula-output/confirmation/MC-1/debate.md	file	0600	1784644965783820166	415	5fa5d47a85c878762df8a0c345f93dbdad812df41617ad8c5ca395b81b151bf0		copy	run-evidence		
mongodb-ordered-ticket-semaphore/.specula-output/confirmation/MC-1/investigation.md	mongodb-ordered-ticket-semaphore/.specula-output/confirmation/MC-1/investigation.md	file	0600	1784644872710574232	6555	41ec4e4068c2e5b76bbf6d62f3cd041d28057f14127da4ed30f55590d533e8aa		copy	run-evidence		
mongodb-ordered-ticket-semaphore/.specula-output/confirmation/MC-1/turn01_A.last-message.txt	mongodb-ordered-ticket-semaphore/.specula-output/confirmation/MC-1/turn01_A.last-message.txt	file	0600	1784644964280816315	4026	abb3d5df5d13f50e24a8f007e3b1bcc8bee4ce560d6cabf3f0cf4a829949eb9e		copy	run-evidence		
mongodb-ordered-ticket-semaphore/.specula-output/confirmation/MC-1/turn01_A.log	mongodb-ordered-ticket-semaphore/.specula-output/confirmation/MC-1/turn01_A.log	file	0600	1784644964025815662	33644	8121c55bce87e00963e6b72e8b2741e641822787999a796cfcf87481e6daa9b9		copy	run-evidence		
mongodb-ordered-ticket-semaphore/.specula-output/confirmation/MC-1/turn01_A.prompt.md	mongodb-ordered-ticket-semaphore/.specula-output/confirmation/MC-1/turn01_A.prompt.md	file	0600	1784641952038794659	8498	e40ee28e9d428686500bca9504e0763b9e3ea9bc5eabdce00244b25437c416e3		copy	run-evidence		
mongodb-ordered-ticket-semaphore/.specula-output/confirmation/MC-1/turn01_A.resume.json	mongodb-ordered-ticket-semaphore/.specula-output/confirmation/MC-1/turn01_A.resume.json	file	0600	1784641956960803917	328	5ccf0ebb629d87db4254b4cc62ec6c284f50d6ca3063328aa7fb49c3a75ab115		copy	run-evidence		
mongodb-ordered-ticket-semaphore/.specula-output/confirmation/MC-1/turn01_A.usage.json	mongodb-ordered-ticket-semaphore/.specula-output/confirmation/MC-1/turn01_A.usage.json	file	0600	1784644965774820143	206	6a4a5766c2d574b0b9742ccaaa6f30bebeb287921da4f8f45a655cf9734500a2		copy	run-evidence		
mongodb-ordered-ticket-semaphore/.specula-output/confirmation/MC-1/verdict.json	mongodb-ordered-ticket-semaphore/.specula-output/confirmation/MC-1/verdict.json	file	0600	1784644966851822903	4351	f9a18bb1b424d8e618afb25a9909acba95456d81573c8fc2d35b13c281621565		copy	run-evidence		
mongodb-ordered-ticket-semaphore/.specula-output/confirmation/MC-2	mongodb-ordered-ticket-semaphore/.specula-output/confirmation/MC-2	directory	0700	1784640465539899154				mkdir	run-directory		
mongodb-ordered-ticket-semaphore/.specula-output/confirmation/MC-2/.agent-cwd	mongodb-ordered-ticket-semaphore/.specula-output/confirmation/MC-2/.agent-cwd	directory	0700	1784628244743627912				mkdir	run-directory		
mongodb-ordered-ticket-semaphore/.specula-output/confirmation/MC-2/.agent-cwd/turn01_A	.record/source-snapshots/mongodb-ordered-ticket-semaphore-.specula-output-confirmation-MC-2-.agent-cwd-turn01_A-78ceab88fef0.tar	directory	0700	1784632078732529817	0	ff72275d08ced98dfb3f7576a485c2c42c705689291302e5323cfccad4a1a56d		snapshot	source-snapshot	non-git-source-snapshot	"{""codec"": ""zstd"", ""codec_version"": ""1.5.5"", ""content_entries"": 1, ""content_id"": ""sha256:ff72275d08ced98dfb3f7576a485c2c42c705689291302e5323cfccad4a1a56d"", ""content_manifest"": "".record/source-snapshots/mongodb-ordered-ticket-semaphore-.specula-output-confirmation-MC-2-.agent-cwd-turn01_A-78ceab88fef0.tar.files.tsv"", ""content_manifest_bytes"": 93, ""content_manifest_sha256"": ""def032dd015c051a15a615537e38247bfae2b12f3ff75d477f209aac1dae6b17"", ""encoded_bytes"": 23, ""encoded_sha256"": ""ef077a15315f941a8fc5700796762259eb286177402b33c31d5bddc62df4a397"", ""parts"": [{""bytes"": 23, ""path"": ""mongodb-ordered-ticket-semaphore-.specula-output-confirmation-MC-2-.agent-cwd-turn01_A-78ceab88fef0.tar.zst"", ""sha256"": ""ef077a15315f941a8fc5700796762259eb286177402b33c31d5bddc62df4a397""}], ""tar_bytes"": 10240, ""tar_sha256"": ""84ff92691f909a05b224e1c56abb4864f01b4f8e3c854e4bb4c7baf1d3f6d652""}"
mongodb-ordered-ticket-semaphore/.specula-output/confirmation/MC-2/debate.md	mongodb-ordered-ticket-semaphore/.specula-output/confirmation/MC-2/debate.md	file	0600	1784632078732529817	419	599d40e663046afb2a150aa9338778b8fb28447b445d63bc6c983b0e51e30bc4		copy	run-evidence		
mongodb-ordered-ticket-semaphore/.specula-output/confirmation/MC-2/investigation.md	mongodb-ordered-ticket-semaphore/.specula-output/confirmation/MC-2/investigation.md	file	0600	1784632017428424867	5046	37b6057571a4a48a6ce170b480de77023fce5ca8936cd053aca7b860ed135643		copy	run-evidence		
mongodb-ordered-ticket-semaphore/.specula-output/confirmation/MC-2/repair-request.body.md	mongodb-ordered-ticket-semaphore/.specula-output/confirmation/MC-2/repair-request.body.md	file	0600	1784632017428424867	1859	578e6e812487363997d16167cf694ad5cf352ac30bedb04886b46702e92b746a		copy	run-evidence		
mongodb-ordered-ticket-semaphore/.specula-output/confirmation/MC-2/repro_mc2_output.log	mongodb-ordered-ticket-semaphore/.specula-output/confirmation/MC-2/repro_mc2_output.log	file	0600	1784631919025254296	4697	911018ebd84805306ba05fda47cc24eac8dfd38abcef53f84fd06fc6fc2a0c89		copy	run-evidence		
mongodb-ordered-ticket-semaphore/.specula-output/confirmation/MC-2/turn01_A.last-message.txt	mongodb-ordered-ticket-semaphore/.specula-output/confirmation/MC-2/turn01_A.last-message.txt	file	0600	1784632076712526362	1995	ce1800b15794e9cee32cca8af2156af182e837a90746d95ca77beb0899011ac1		copy	run-evidence		
mongodb-ordered-ticket-semaphore/.specula-output/confirmation/MC-2/turn01_A.log	mongodb-ordered-ticket-semaphore/.specula-output/confirmation/MC-2/turn01_A.log	file	0600	1784632075976525092	30938	8b0cb341a74b2351d8ddf55be2c117486b27b4ec0bbe4593bc42d67032b8f934		copy	run-evidence		
mongodb-ordered-ticket-semaphore/.specula-output/confirmation/MC-2/turn01_A.prompt.md	mongodb-ordered-ticket-semaphore/.specula-output/confirmation/MC-2/turn01_A.prompt.md	file	0600	1784628244747627916	8657	c76229506106d7f8b4084fcbfd8084175b19d3205e631c8a13473739913c10f3		copy	run-evidence		
mongodb-ordered-ticket-semaphore/.specula-output/confirmation/MC-2/turn01_A.resume.json	mongodb-ordered-ticket-semaphore/.specula-output/confirmation/MC-2/turn01_A.resume.json	file	0600	1784628246502629664	328	14fefc5b81d19111cb13dd268f9de08b110e36100a97528773861415a9d7abe2		copy	run-evidence		
mongodb-ordered-ticket-semaphore/.specula-output/confirmation/MC-2/turn01_A.usage.json	mongodb-ordered-ticket-semaphore/.specula-output/confirmation/MC-2/turn01_A.usage.json	file	0600	1784632078723529802	206	d9dc35cc748c5fa4ebdbbaeae7d346a415da2dd890c1b4b3e8a06169ff77e33c		copy	run-evidence		
mongodb-ordered-ticket-semaphore/.specula-output/confirmation/MC-2/verdict.json	mongodb-ordered-ticket-semaphore/.specula-output/confirmation/MC-2/verdict.json	file	0600	1784640465539899154	2408	62432338e13350782046d7115d9d4020b33f1a1580fe6881f2813b96b00cd0de		copy	run-evidence		
mongodb-ordered-ticket-semaphore/.specula-output/confirmed-bugs-round-1.md	mongodb-ordered-ticket-semaphore/.specula-output/confirmed-bugs-round-1.md	file	0600	1784652704035850012	15505	59595cb29e09d0ee04dcd8ba1d831af31a477a76a86b9388dc6259931989c30a		copy	run-evidence		
mongodb-ordered-ticket-semaphore/.specula-output/confirmed-bugs.md	mongodb-ordered-ticket-semaphore/.specula-output/confirmed-bugs.md	file	0600	1784652703962849896	15505	59595cb29e09d0ee04dcd8ba1d831af31a477a76a86b9388dc6259931989c30a		copy	run-evidence		
mongodb-ordered-ticket-semaphore/.specula-output/harness	mongodb-ordered-ticket-semaphore/.specula-output/harness	directory	0700	1784530408334769727				mkdir	run-directory		
mongodb-ordered-ticket-semaphore/.specula-output/harness-gen.activity.jsonl	mongodb-ordered-ticket-semaphore/.specula-output/harness-gen.activity.jsonl	file	0600	1784530460459858616	78473	8a6240d2aae1aff549c2c1a1bc3f59ea9d952d02c4972aae00ac9c3fed9c77be		copy	run-evidence		
mongodb-ordered-ticket-semaphore/.specula-output/harness-gen.last-message.txt	mongodb-ordered-ticket-semaphore/.specula-output/harness-gen.last-message.txt	file	0600	1784530460475858641	2080	4b827c662204fa22b51199901b773cbc977c86d0249919ef14e2f2a53f544a5a		copy	run-evidence		
mongodb-ordered-ticket-semaphore/.specula-output/harness-gen.log	mongodb-ordered-ticket-semaphore/.specula-output/harness-gen.log	file	0600	1784530460395858516	28133	24042382a1a41edc14ae11e51da2c457e4a85cdfdcbb2cb46d1ad7059a46806f		copy	run-evidence		
mongodb-ordered-ticket-semaphore/.specula-output/harness-gen.pid		file	0600	1784528218526918267	7	af935a7ea803afc9a88185fe81b25c241aecf957ce7b778e3fbb92c8ad9c8b64		exclude	non-evidence	ephemeral-process-id	
mongodb-ordered-ticket-semaphore/.specula-output/harness-gen.usage.json	mongodb-ordered-ticket-semaphore/.specula-output/harness-gen.usage.json	file	0600	1784530461320859956	245	820880d956081ae152ee5f68e21b520f8c353d35adba4419c178cf6759e20071		copy	run-evidence		
mongodb-ordered-ticket-semaphore/.specula-output/harness/INSTRUMENTATION.md	mongodb-ordered-ticket-semaphore/.specula-output/harness/INSTRUMENTATION.md	file	0600	1784530376424720110	3980	e0d440130990bb1a57a64689a0bb66b3d5fbb69382ac1e493aaf7da9314de3e8		copy	run-evidence		
mongodb-ordered-ticket-semaphore/.specula-output/harness/__pycache__		directory	0700	1784530408335769728				exclude	non-evidence	environment-cache	
mongodb-ordered-ticket-semaphore/.specula-output/harness/apply.sh	mongodb-ordered-ticket-semaphore/.specula-output/harness/apply.sh	file	0700	1784530323942637881	1639	86e2850889d18aa75b5ad8f567e36aa57f4d73e299da2bc0470c2d6a0c337b1a		copy	run-evidence		
mongodb-ordered-ticket-semaphore/.specula-output/harness/patches	mongodb-ordered-ticket-semaphore/.specula-output/harness/patches	directory	0700	1784530283810578050				mkdir	run-directory		
mongodb-ordered-ticket-semaphore/.specula-output/harness/patches/instrumentation.patch	mongodb-ordered-ticket-semaphore/.specula-output/harness/patches/instrumentation.patch	file	0600	1784530387792737652	21957	ea5eb8c8232451812868a6692207491b112231b00ae520ffe8ab0bd56f16e90e		copy	run-evidence		
mongodb-ordered-ticket-semaphore/.specula-output/harness/preprocess_trace.py	mongodb-ordered-ticket-semaphore/.specula-output/harness/preprocess_trace.py	file	0700	1784529897409844322	4510	975d2d8ec98c43f8834e9a2f223b30cbf146ab37bff18ea2e82cabaac6a189aa		copy	run-evidence		
mongodb-ordered-ticket-semaphore/.specula-output/harness/run.sh	mongodb-ordered-ticket-semaphore/.specula-output/harness/run.sh	file	0700	1784530267148551689	1012	ca91c30a5eedb266f5db7ac3e20d45063b18e7e873fa599566486d8f3356e9b5		copy	run-evidence		
mongodb-ordered-ticket-semaphore/.specula-output/harness/src	mongodb-ordered-ticket-semaphore/.specula-output/harness/src	directory	0700	1784529163163497841				mkdir	run-directory		
mongodb-ordered-ticket-semaphore/.specula-output/harness/src/ordered_ticket_semaphore_trace_test.cpp	mongodb-ordered-ticket-semaphore/.specula-output/harness/src/ordered_ticket_semaphore_trace_test.cpp	file	0600	1784530056602183718	20496	52ca7e4dd514f780f628c220a3f3dea0d788f08a4f2e02b2c36d7005c887e871		copy	run-evidence		
mongodb-ordered-ticket-semaphore/.specula-output/harness/src/specula_ordered_ticket_trace.cpp	mongodb-ordered-ticket-semaphore/.specula-output/harness/src/specula_ordered_ticket_trace.cpp	file	0600	1784529824687679940	32273	c073487c3abde86f5d8cb4790ac4705c10664c88287917980d388c371de39705		copy	run-evidence		
mongodb-ordered-ticket-semaphore/.specula-output/harness/src/specula_ordered_ticket_trace.h	mongodb-ordered-ticket-semaphore/.specula-output/harness/src/specula_ordered_ticket_trace.h	file	0600	1784529000092238385	6490	5d875f1d542414700e859ae96863c514e4851882713d0c2219cae3b2639cacd3		copy	run-evidence		
mongodb-ordered-ticket-semaphore/.specula-output/issue-search.json	mongodb-ordered-ticket-semaphore/.specula-output/issue-search.json	file	0600	1784521677612987487	0	e3b0c44298fc1c149afbf4c8996fb92427ae41e4649b934ca495991b7852b855		copy	run-evidence		
mongodb-ordered-ticket-semaphore/.specula-output/modeling-brief.md	mongodb-ordered-ticket-semaphore/.specula-output/modeling-brief.md	file	0600	1784525719265518951	15791	973beef6584ba54512f9671084b1b24db0fa5f3fe4881444aca1fe32b564da9f		copy	run-evidence		
mongodb-ordered-ticket-semaphore/.specula-output/noop-resize-regression-test.log	mongodb-ordered-ticket-semaphore/.specula-output/noop-resize-regression-test.log	file	0600	1784525654835413849	3164	ccc3fafd1a1fdf5077cfe9cb745183cfc4fcaa07e4754794f8cb88571028ec8a		copy	run-evidence		
mongodb-ordered-ticket-semaphore/.specula-output/open-pr-search.json	mongodb-ordered-ticket-semaphore/.specula-output/open-pr-search.json	file	0600	1784521655206950858	3	37517e5f3dc66819f61f5a7bb8ace1921282415f10551d2defa5c3eb0985b570		copy	run-evidence		
mongodb-ordered-ticket-semaphore/.specula-output/partial-shrink-regression-test.log	mongodb-ordered-ticket-semaphore/.specula-output/partial-shrink-regression-test.log	file	0600	1784624293935497531	3246	72ef6ddc96711ff4c41f1124891ff0971c190736fbb7320282c45b02e987ae15		copy	run-evidence		
mongodb-ordered-ticket-semaphore/.specula-output/pr-49077.json	mongodb-ordered-ticket-semaphore/.specula-output/pr-49077.json	file	0600	1784521654765950138	0	e3b0c44298fc1c149afbf4c8996fb92427ae41e4649b934ca495991b7852b855		copy	run-evidence		
mongodb-ordered-ticket-semaphore/.specula-output/pr-49765.json	mongodb-ordered-ticket-semaphore/.specula-output/pr-49765.json	file	0600	1784521654749950112	0	e3b0c44298fc1c149afbf4c8996fb92427ae41e4649b934ca495991b7852b855		copy	run-evidence		
mongodb-ordered-ticket-semaphore/.specula-output/pr-50562.json	mongodb-ordered-ticket-semaphore/.specula-output/pr-50562.json	file	0600	1784521654752950117	0	e3b0c44298fc1c149afbf4c8996fb92427ae41e4649b934ca495991b7852b855		copy	run-evidence		
mongodb-ordered-ticket-semaphore/.specula-output/pr-57320.json	mongodb-ordered-ticket-semaphore/.specula-output/pr-57320.json	file	0600	1784521654771950148	0	e3b0c44298fc1c149afbf4c8996fb92427ae41e4649b934ca495991b7852b855		copy	run-evidence		
mongodb-ordered-ticket-semaphore/.specula-output/repro	mongodb-ordered-ticket-semaphore/.specula-output/repro	directory	0700	1784650026907246619				mkdir	run-directory		
mongodb-ordered-ticket-semaphore/.specula-output/repro/cr2-partial-resize-traces	mongodb-ordered-ticket-semaphore/.specula-output/repro/cr2-partial-resize-traces	directory	0700	1784646108066683327				mkdir	run-directory		
mongodb-ordered-ticket-semaphore/.specula-output/repro/cr2-partial-resize-traces/cr2_ticketholder_shrink_partial_timeout-thread-ResizerClient-bdb15e929bdfca40.ndjson	mongodb-ordered-ticket-semaphore/.specula-output/repro/cr2-partial-resize-traces/cr2_ticketholder_shrink_partial_timeout-thread-ResizerClient-bdb15e929bdfca40.ndjson	file	0644	1784646108071683334	4897	28bac81661e04acc86e43407a470e1b3042d1e0bb209103b0c238bcf5b0a3f2e		copy	run-evidence		
mongodb-ordered-ticket-semaphore/.specula-output/repro/cr2-partial-resize-traces/cr2_ticketholder_shrink_partial_timeout-thread-c1-bdb15e929bdfca40.ndjson	mongodb-ordered-ticket-semaphore/.specula-output/repro/cr2-partial-resize-traces/cr2_ticketholder_shrink_partial_timeout-thread-c1-bdb15e929bdfca40.ndjson	file	0644	1784646108071683334	2805	f0034f86d5cecfeb8c9a20f074cbac139d14477030e9bace531511ebf1471ffc		copy	run-evidence		
mongodb-ordered-ticket-semaphore/.specula-output/repro/cr2-partial-resize-traces/cr2_ticketholder_shrink_partial_timeout-thread-c2-bdb15e929bdfca40.ndjson	mongodb-ordered-ticket-semaphore/.specula-output/repro/cr2-partial-resize-traces/cr2_ticketholder_shrink_partial_timeout-thread-c2-bdb15e929bdfca40.ndjson	file	0644	1784646108072683335	1846	3c12c0df63d239096b31a253e61359e1ad3f0833b9079b66fb6af26a99ec81cf		copy	run-evidence		
mongodb-ordered-ticket-semaphore/.specula-output/repro/mc1-traces	mongodb-ordered-ticket-semaphore/.specula-output/repro/mc1-traces	directory	0700	1784628105073486781				mkdir	run-directory		
mongodb-ordered-ticket-semaphore/.specula-output/repro/mc1-traces/mc1_resize_awake_budget-thread-ResizerClient-ebfe0627b26a545.ndjson	mongodb-ordered-ticket-semaphore/.specula-output/repro/mc1-traces/mc1_resize_awake_budget-thread-ResizerClient-ebfe0627b26a545.ndjson	file	0600	1784628105073486781	1133	5a10025a57b41dc7dc17dd164ac872313c4278f39d2542c9e0c1e7c75e0e193f		copy	run-evidence		
mongodb-ordered-ticket-semaphore/.specula-output/repro/mc1-traces/mc1_resize_awake_budget-thread-c1-e7b24f753b8b33ee.ndjson	mongodb-ordered-ticket-semaphore/.specula-output/repro/mc1-traces/mc1_resize_awake_budget-thread-c1-e7b24f753b8b33ee.ndjson	file	0600	1784628105073486781	3113	ebda21203e3e2e25454f50513d4e281188d62e0f277299dfcf01dca63bbb4fba		copy	run-evidence		
mongodb-ordered-ticket-semaphore/.specula-output/repro/mc1-traces/mc1_resize_awake_budget-thread-c1-ebfe0627b26a545.ndjson	mongodb-ordered-ticket-semaphore/.specula-output/repro/mc1-traces/mc1_resize_awake_budget-thread-c1-ebfe0627b26a545.ndjson	file	0600	1784628105073486781	1936	2882d4df740b6fb5e9cf3d314b269873af62863bed6bf2fb062515b898c6a15a		copy	run-evidence		
mongodb-ordered-ticket-semaphore/.specula-output/repro/mc1-traces/mc1_resize_awake_budget-thread-c2-ebfe0627b26a545.ndjson	mongodb-ordered-ticket-semaphore/.specula-output/repro/mc1-traces/mc1_resize_awake_budget-thread-c2-ebfe0627b26a545.ndjson	file	0600	1784628105073486781	1850	e5934294317099f82f0e9113b01de2ef89ce2802fa461e9858f421adc157e02a		copy	run-evidence		
mongodb-ordered-ticket-semaphore/.specula-output/repro/mc1-traces/mc1_resize_awake_budget-thread-c3-ebfe0627b26a545.ndjson	mongodb-ordered-ticket-semaphore/.specula-output/repro/mc1-traces/mc1_resize_awake_budget-thread-c3-ebfe0627b26a545.ndjson	file	0600	1784628105073486781	1850	7f0a283de69d967ee24f18e21614e135894884f04abf733e9433c02074dff364		copy	run-evidence		
mongodb-ordered-ticket-semaphore/.specula-output/repro/mc1-traces/mc1_resize_awake_budget-thread-c4-4d8b5e9341b58143.ndjson	mongodb-ordered-ticket-semaphore/.specula-output/repro/mc1-traces/mc1_resize_awake_budget-thread-c4-4d8b5e9341b58143.ndjson	file	0600	1784628105073486781	2927	6dae79735e750cb3807447c09d1a441baf9aa63fa4adf12dc1b022ab3074f309		copy	run-evidence		
mongodb-ordered-ticket-semaphore/.specula-output/repro/test_bugCR-1_ordered_ticket_policy.sh	mongodb-ordered-ticket-semaphore/.specula-output/repro/test_bugCR-1_ordered_ticket_policy.sh	file	0700	1784634775072213614	2381	732c8f6a7350a5de90d9e7b13d2fe6f9159bdbd53bbcc45f2eab2dbe5ba58413		copy	run-evidence		
mongodb-ordered-ticket-semaphore/.specula-output/repro/test_bugCR-1_static_policy.py	mongodb-ordered-ticket-semaphore/.specula-output/repro/test_bugCR-1_static_policy.py	file	0700	1784634208799447853	3668	badc6349a4ecfc9798d9399b0ede61e4f0e36b6333904edb09487ef4094c95b4		copy	run-evidence		
mongodb-ordered-ticket-semaphore/.specula-output/repro/test_bugCR-2_partial_resize_timeout.sh	mongodb-ordered-ticket-semaphore/.specula-output/repro/test_bugCR-2_partial_resize_timeout.sh	file	0700	1784645657823198223	4084	d2b6afa596026ece87a7a9691c5479801cf0c2382d6aed500595a32400a908b3		copy	run-evidence		
mongodb-ordered-ticket-semaphore/.specula-output/repro/test_bugCR-3_policy.sh	mongodb-ordered-ticket-semaphore/.specula-output/repro/test_bugCR-3_policy.sh	file	0700	1784646987016262439	2579	92cf295e29b00465539ae54a211255062912fe7656d41323db98e4695e58559f		copy	run-evidence		
mongodb-ordered-ticket-semaphore/.specula-output/repro/test_bugCR-4_cleanup_cascade.sh	mongodb-ordered-ticket-semaphore/.specula-output/repro/test_bugCR-4_cleanup_cascade.sh	file	0700	1784652485278488532	5187	6db93cee9cc7c4ce1eaf07f848a4abac648c6d04393c284cc37ae5bbdc2262aa		copy	run-evidence		
mongodb-ordered-ticket-semaphore/.specula-output/repro/test_bugMC-1_awake_resize.sh	mongodb-ordered-ticket-semaphore/.specula-output/repro/test_bugMC-1_awake_resize.sh	file	0700	1784644144557726838	777	44ef725b6cb7e61f26f3bddcd1d2715533d6bca224bf936909e7ec8ac5838dc0		copy	run-evidence		
mongodb-ordered-ticket-semaphore/.specula-output/repro/test_bugMC-2_gradual_shrink_partial.sh	mongodb-ordered-ticket-semaphore/.specula-output/repro/test_bugMC-2_gradual_shrink_partial.sh	file	0700	1784630254257857771	646	9db31708393e62d414e6d8b1c9092f540e132de465ee915d91bbf7100dd8b52a		copy	run-evidence		
mongodb-ordered-ticket-semaphore/.specula-output/review-analysis.activity.jsonl	mongodb-ordered-ticket-semaphore/.specula-output/review-analysis.activity.jsonl	file	0600	1784525941063023514	11949	d706218846f4ea7f7f05350c153ae57a7a6f50b8becea419f81f72145819762a		copy	run-evidence		
mongodb-ordered-ticket-semaphore/.specula-output/review-analysis.last-message.txt	mongodb-ordered-ticket-semaphore/.specula-output/review-analysis.last-message.txt	file	0600	1784525941077023552	547	edbbc960d7e74277a6791f89cc135ccc1c69b0e35a8f8ccc8179a1c49ccf80ed		copy	run-evidence		
mongodb-ordered-ticket-semaphore/.specula-output/review-analysis.log	mongodb-ordered-ticket-semaphore/.specula-output/review-analysis.log	file	0600	1784525941047023471	5628	e7da618e4fc1f29963eeeaaa201cbc4310bdd6bed5f4878db0e88c8f2ccad28e		copy	run-evidence		
mongodb-ordered-ticket-semaphore/.specula-output/review-analysis.md	mongodb-ordered-ticket-semaphore/.specula-output/review-analysis.md	file	0600	1784525916665961491	3753	8d8661e2df5064446ab4ead5141b8ade7ff47bb73662ae5cc78961a8759605e8		copy	run-evidence		
mongodb-ordered-ticket-semaphore/.specula-output/review-analysis.pid		file	0600	1784525790806660615	7	18c5e941ee9aa2bd0908626715398dae23497fdc9f2cf9e9fcbf39ca3ed0067e		exclude	non-evidence	ephemeral-process-id	
mongodb-ordered-ticket-semaphore/.specula-output/review-analysis.usage.json	mongodb-ordered-ticket-semaphore/.specula-output/review-analysis.usage.json	file	0600	1784525942739028035	245	dd8a2df8b8c3bcc1a6b15ee66a357b6578e0dc3f658c3d93144898f2b089ce2e		copy	run-evidence		
mongodb-ordered-ticket-semaphore/.specula-output/search-prs-servers.json	mongodb-ordered-ticket-semaphore/.specula-output/search-prs-servers.json	file	0600	1784521694877013760	3	37517e5f3dc66819f61f5a7bb8ace1921282415f10551d2defa5c3eb0985b570		copy	run-evidence		
mongodb-ordered-ticket-semaphore/.specula-output/search-prs-ticketholder.json	mongodb-ordered-ticket-semaphore/.specula-output/search-prs-ticketholder.json	file	0600	1784521694867013744	3	37517e5f3dc66819f61f5a7bb8ace1921282415f10551d2defa5c3eb0985b570		copy	run-evidence		
mongodb-ordered-ticket-semaphore/.specula-output/search-prs.json	mongodb-ordered-ticket-semaphore/.specula-output/search-prs.json	file	0600	1784521694642013376	3	37517e5f3dc66819f61f5a7bb8ace1921282415f10551d2defa5c3eb0985b570		copy	run-evidence		
mongodb-ordered-ticket-semaphore/.specula-output/spec	mongodb-ordered-ticket-semaphore/.specula-output/spec	directory	0700	1784641595262140203				mkdir	run-directory		
mongodb-ordered-ticket-semaphore/.specula-output/spec-gen.activity.jsonl	mongodb-ordered-ticket-semaphore/.specula-output/spec-gen.activity.jsonl	file	0600	1784527813601213899	50029	b4f7c4dbf00cd3fabde43f0eb1d4d0a7008f8a42bb4bf3a3f247b786c0b6fd3a		copy	run-evidence		
mongodb-ordered-ticket-semaphore/.specula-output/spec-gen.last-message.txt	mongodb-ordered-ticket-semaphore/.specula-output/spec-gen.last-message.txt	file	0600	1784527813615213924	1257	4df909951a602d25daa895f2a48508a6b149161744e61ee9a1a4fab06440ce0f		copy	run-evidence		
mongodb-ordered-ticket-semaphore/.specula-output/spec-gen.log	mongodb-ordered-ticket-semaphore/.specula-output/spec-gen.log	file	0600	1784527813546213801	18101	1baf0fc543ae836341cd6795505a955ed03ad7537aef41861573d5429be8f89a		copy	run-evidence		
mongodb-ordered-ticket-semaphore/.specula-output/spec-gen.pid		file	0600	1784525943572030283	7	e7467171da97bd16141ec265633e69e02043cd084d3fd85c73398ecb847e201b		exclude	non-evidence	ephemeral-process-id	
mongodb-ordered-ticket-semaphore/.specula-output/spec-gen.usage.json	mongodb-ordered-ticket-semaphore/.specula-output/spec-gen.usage.json	file	0600	1784527814458215423	245	1374b81ae91585308a2919db159007dd708229a99080e15cbad33c80a9e2e2fa		copy	run-evidence		
mongodb-ordered-ticket-semaphore/.specula-output/spec-repair.activity.jsonl	mongodb-ordered-ticket-semaphore/.specula-output/spec-repair.activity.jsonl	file	0600	1784641220646400237	88569	9c1ff3c6db94bfeea91a379783edd171afa7d5debe9b18dc71a0a7db5c6348c2		copy	run-evidence		
mongodb-ordered-ticket-semaphore/.specula-output/spec-repair.last-message.txt	mongodb-ordered-ticket-semaphore/.specula-output/spec-repair.last-message.txt	file	0600	1784641220900400712	1757	4360c50072fa014dd29740316b624373ec485913162adac8987c618127e47568		copy	run-evidence		
mongodb-ordered-ticket-semaphore/.specula-output/spec-repair.log	mongodb-ordered-ticket-semaphore/.specula-output/spec-repair.log	file	0600	1784641220006399040	24975	516aa1191cb734489afc712097d986c40fbc8d9eaba697271131883f41f0eae2		copy	run-evidence		
mongodb-ordered-ticket-semaphore/.specula-output/spec-repair.resume.json	mongodb-ordered-ticket-semaphore/.specula-output/spec-repair.resume.json	file	0600	1784640467587902464	177	9e0f63886e732a36321d4a269ffdda9e3f850864a0cd76ce0d78000681a1f9f2		copy	run-evidence		
mongodb-ordered-ticket-semaphore/.specula-output/spec-repair.usage.json	mongodb-ordered-ticket-semaphore/.specula-output/spec-repair.usage.json	file	0600	1784641223691405932	206	e484abe8b2162c836f9b5c5d7767f25ee43a00fa1590858f5e65971b382f1cfa		copy	run-evidence		
mongodb-ordered-ticket-semaphore/.specula-output/spec-validation.activity.jsonl	mongodb-ordered-ticket-semaphore/.specula-output/spec-validation.activity.jsonl	file	0600	1784626074883334894	213895	dfad4f059889c3546a025c570252d55a806b641823c73ab08e16ec21f9576ead		copy	run-evidence		
mongodb-ordered-ticket-semaphore/.specula-output/spec-validation.last-message.txt	mongodb-ordered-ticket-semaphore/.specula-output/spec-validation.last-message.txt	file	0600	1784626074897334925	1781	7a13be0428fdf402f39b23e5e8b2dd6f8387c1ae5b95693f35ac79bd1e80db06		copy	run-evidence		
mongodb-ordered-ticket-semaphore/.specula-output/spec-validation.log	mongodb-ordered-ticket-semaphore/.specula-output/spec-validation.log	file	0600	1784626074810334728	77951	b9a81c83ef5f73fb3ca347fea605e141adad68b876fb7974455fe534a6b802f7		copy	run-evidence		
mongodb-ordered-ticket-semaphore/.specula-output/spec-validation.pid		file	0600	1784640466122900096	8	d0d1e6f9a039da2fe996123a1c4c07e31d4943dbb2c004d62a348e6538384cb2		exclude	non-evidence	ephemeral-process-id	
mongodb-ordered-ticket-semaphore/.specula-output/spec-validation.resume.json	mongodb-ordered-ticket-semaphore/.specula-output/spec-validation.resume.json	file	0600	1784619467400511866	177	92544e940046effd0c43817e7fe382c4b792804a72544bfbef4e64f27426a276		copy	run-evidence		
mongodb-ordered-ticket-semaphore/.specula-output/spec-validation.usage.json	mongodb-ordered-ticket-semaphore/.specula-output/spec-validation.usage.json	file	0600	1784626075837337053	206	61e3edab7fffa1a80642cdd45a28a756201be94966a09cc6b0b933550a9e7fa2		copy	run-evidence		
mongodb-ordered-ticket-semaphore/.specula-output/spec/.candidates-cache.json	mongodb-ordered-ticket-semaphore/.specula-output/spec/.candidates-cache.json	file	0600	1784641595262140203	188	e82c424ace33b7a4d72423a5350b3aaf30cb262aeac5946ebc59554ef1a0b0be		copy	run-evidence		
mongodb-ordered-ticket-semaphore/.specula-output/spec/.consolidate.last-message.txt	mongodb-ordered-ticket-semaphore/.specula-output/spec/.consolidate.last-message.txt	file	0600	1784641589664125470	83	4de1b0841a8848397d7eb3e4830bab81905f6ea9485e2bb2d5453d49d6798a57		copy	run-evidence		
mongodb-ordered-ticket-semaphore/.specula-output/spec/.consolidate.log	mongodb-ordered-ticket-semaphore/.specula-output/spec/.consolidate.log	file	0600	1784641572196078767	8913	b0c5dd2b44eff31978b71aaeccbf35d51854f255fbe5611485665faa7abf9acc		copy	run-evidence		
mongodb-ordered-ticket-semaphore/.specula-output/spec/.consolidate.prompt.md	mongodb-ordered-ticket-semaphore/.specula-output/spec/.consolidate.prompt.md	file	0600	1784641226991412472	5058	5eb88fb9d8c5ab2ceaf45610d205202739b2ee134bda95e013089f4ba0b01cd8		copy	run-evidence		
mongodb-ordered-ticket-semaphore/.specula-output/spec/.consolidate.resume.json	mongodb-ordered-ticket-semaphore/.specula-output/spec/.consolidate.resume.json	file	0600	1784641230697421514	307	55d83f426206342c76e9a2dba98d74b9e4306f40f418b7ff95a7b4593f686571		copy	run-evidence		
mongodb-ordered-ticket-semaphore/.specula-output/spec/.consolidate.usage.json	mongodb-ordered-ticket-semaphore/.specula-output/spec/.consolidate.usage.json	file	0600	1784641594316137308	206	4620590cf8d367a3894a2169b79e285579a2f620472091ef619924315d65b4b5		copy	run-evidence		
mongodb-ordered-ticket-semaphore/.specula-output/spec/IOUtils.tla	mongodb-ordered-ticket-semaphore/.specula-output/spec/IOUtils.tla	file	0600	1784527346953419170	449	6826c5140d597c0f86e53cfe18fc6a1640e728e3c76b84546c1c0c4a25485fc6		copy	run-evidence		
mongodb-ordered-ticket-semaphore/.specula-output/spec/MC.cfg	mongodb-ordered-ticket-semaphore/.specula-output/spec/MC.cfg	file	0600	1784527473731625807	944	8076133c696f93494db67105fc7f3e6907a3d5b3e18b9c2bea1592b544c370b3		copy	run-evidence		
mongodb-ordered-ticket-semaphore/.specula-output/spec/MC.tla	mongodb-ordered-ticket-semaphore/.specula-output/spec/MC.tla	file	0600	1784531374728509950	12960	b82e4a9aecf7ec27370aaacadf39daeccf1c7ee784364685666fb1b68aad2252		copy	run-evidence		
mongodb-ordered-ticket-semaphore/.specula-output/spec/MC_TTrace_1784621820.bin	mongodb-ordered-ticket-semaphore/.specula-output/spec/MC_TTrace_1784621820.bin	file	0600	1784621820693898250	1642	9b42403b4f62d5a9019ffc1812a2622273305223aff9843fd34abde908a32dcb		copy	run-evidence		
mongodb-ordered-ticket-semaphore/.specula-output/spec/MC_TTrace_1784621820.tla	mongodb-ordered-ticket-semaphore/.specula-output/spec/MC_TTrace_1784621820.tla	file	0600	1784621820715898280	25310	9b621b391365f3f029e22d0025ca4779bb49aeb83a2305f0c1a005d5f6c01c05		copy	run-evidence		
mongodb-ordered-ticket-semaphore/.specula-output/spec/MC_TTrace_1784621902.bin	mongodb-ordered-ticket-semaphore/.specula-output/spec/MC_TTrace_1784621902.bin	file	0600	1784621903412017634	1679	682a488eed53aa5997ace8652633f7ad6407f2fed9adc4159d8b21788c167ac1		copy	run-evidence		
mongodb-ordered-ticket-semaphore/.specula-output/spec/MC_TTrace_1784621902.tla	mongodb-ordered-ticket-semaphore/.specula-output/spec/MC_TTrace_1784621902.tla	file	0600	1784621903426017655	22776	85d654ce4690c48e663ce68bd3f2583d0476a65caea0e2292b079c0efd820283		copy	run-evidence		
mongodb-ordered-ticket-semaphore/.specula-output/spec/MC_hunt_family1_awake_budget.cfg	mongodb-ordered-ticket-semaphore/.specula-output/spec/MC_hunt_family1_awake_budget.cfg	file	0600	1784527594802821812	659	c9f8461c6c3b8e20154abe7b33784bea689b470bc9088a15eaeed02241c57133		copy	run-evidence		
mongodb-ordered-ticket-semaphore/.specula-output/spec/MC_hunt_family2_gradual_resize.cfg	mongodb-ordered-ticket-semaphore/.specula-output/spec/MC_hunt_family2_gradual_resize.cfg	file	0600	1784527473732625809	598	9657713032d0913f403d5328ff6d8d574bb2ab4c4e7e80bf77f0cfbc0788451a		copy	run-evidence		
mongodb-ordered-ticket-semaphore/.specula-output/spec/MC_hunt_family3_priority_overflow.cfg	mongodb-ordered-ticket-semaphore/.specula-output/spec/MC_hunt_family3_priority_overflow.cfg	file	0600	1784527473732625809	608	282a184ce8e169bc625760574ec31bd0d9019b8c4c2b9fffcf2e1e09050a0bba		copy	run-evidence		
mongodb-ordered-ticket-semaphore/.specula-output/spec/MC_hunt_family4_exit_cascade.cfg	mongodb-ordered-ticket-semaphore/.specula-output/spec/MC_hunt_family4_exit_cascade.cfg	file	0600	1784527473733625810	595	f4d56af60911a805473e2318c2e4cdc75b4c098d8b986399c5019581580003b3		copy	run-evidence		
mongodb-ordered-ticket-semaphore/.specula-output/spec/Trace.cfg	mongodb-ordered-ticket-semaphore/.specula-output/spec/Trace.cfg	file	0600	1784527136036063692	381	258036b746b38ba45a0e0290ff6f1e57b1c8ecc1544b34e47b0f605a681b84bd		copy	run-evidence		
mongodb-ordered-ticket-semaphore/.specula-output/spec/Trace.tla	mongodb-ordered-ticket-semaphore/.specula-output/spec/Trace.tla	file	0600	1784531383366531659	10732	fbb1aaf224c90645711b343194256ba5b5ff156a9fb9733f5d3b7b374e6806fb		copy	run-evidence		
mongodb-ordered-ticket-semaphore/.specula-output/spec/Trace_TTrace_1784531083.bin	mongodb-ordered-ticket-semaphore/.specula-output/spec/Trace_TTrace_1784531083.bin	file	0600	1784531083928876583	859	b77ba9b2d84fed205aa07b602c1b50b4ef13dbd105577be42351d3fa015e0cce		copy	run-evidence		
mongodb-ordered-ticket-semaphore/.specula-output/spec/Trace_TTrace_1784531083.tla	mongodb-ordered-ticket-semaphore/.specula-output/spec/Trace_TTrace_1784531083.tla	file	0600	1784531083941876604	11973	ea8f2647be27f29446598cc01ce73e21cec16987b4da366074a2aa46327979d6		copy	run-evidence		
mongodb-ordered-ticket-semaphore/.specula-output/spec/Trace_TTrace_1784531163.bin	mongodb-ordered-ticket-semaphore/.specula-output/spec/Trace_TTrace_1784531163.bin	file	0600	1784531163666006677	859	0a6babab2aed32826c35d4b18d497e1f7017263603bd30a8bcdb51ac151a6ac6		copy	run-evidence		
mongodb-ordered-ticket-semaphore/.specula-output/spec/Trace_TTrace_1784531163.tla	mongodb-ordered-ticket-semaphore/.specula-output/spec/Trace_TTrace_1784531163.tla	file	0600	1784531163676006694	11973	0e149b4f1a5beead6a53fa8e3c8bf02b13a5484451239da5c5339bc7aa5b1441		copy	run-evidence		
mongodb-ordered-ticket-semaphore/.specula-output/spec/Trace_TTrace_1784531230.bin	mongodb-ordered-ticket-semaphore/.specula-output/spec/Trace_TTrace_1784531230.bin	file	0600	1784531231414117464	1238	9fca0b89b8897ec0d3b36c6e70a91c1992c68a67b56b7bb7f6badeea9d88594e		copy	run-evidence		
mongodb-ordered-ticket-semaphore/.specula-output/spec/Trace_TTrace_1784531230.tla	mongodb-ordered-ticket-semaphore/.specula-output/spec/Trace_TTrace_1784531230.tla	file	0600	1784531231425117482	16761	e52603c00f73d6652a2dfd0474e4ad0c124e6d2eae2d97340e874a98290d1708		copy	run-evidence		
mongodb-ordered-ticket-semaphore/.specula-output/spec/Trace_TTrace_1784531231.bin	mongodb-ordered-ticket-semaphore/.specula-output/spec/Trace_TTrace_1784531231.bin	file	0600	1784531232463119176	1128	ebbb8beae8aa9dca30bf9938fba3ffe5e2ab261107a9d4fdf768c50ca4586d44		copy	run-evidence		
mongodb-ordered-ticket-semaphore/.specula-output/spec/Trace_TTrace_1784531231.tla	mongodb-ordered-ticket-semaphore/.specula-output/spec/Trace_TTrace_1784531231.tla	file	0600	1784531232478119201	15474	e64ac5ed79d6080e56e2dd7d71f77317243f5549e3a51307e5e09c845647d252		copy	run-evidence		
mongodb-ordered-ticket-semaphore/.specula-output/spec/base.cfg	mongodb-ordered-ticket-semaphore/.specula-output/spec/base.cfg	file	0600	1784527052221921434	609	c3fc37fd77ba17a969f37d78a8422e2dfff66c981c58a0b18a0204699ee56112		copy	run-evidence		
mongodb-ordered-ticket-semaphore/.specula-output/spec/base.tla	mongodb-ordered-ticket-semaphore/.specula-output/spec/base.tla	file	0600	1784640767452371475	32285	d75102244ea957c018431e6a886fc37c9c9f6a1513897ed39857cc759a5a4c18		copy	run-evidence		
mongodb-ordered-ticket-semaphore/.specula-output/spec/brief-coverage.md	mongodb-ordered-ticket-semaphore/.specula-output/spec/brief-coverage.md	file	0600	1784641068270112664	6301	d4f5a226775450a45ebd8254abe86f5115c95cf6a2132c03bd04973205002a94		copy	run-evidence		
mongodb-ordered-ticket-semaphore/.specula-output/spec/bug-report.md	mongodb-ordered-ticket-semaphore/.specula-output/spec/bug-report.md	file	0600	1784641145014257206	4897	7828feb8c03a035a88ae467680b5b6a7aafb659e82d0aebbf687df754388ae62		copy	run-evidence		
mongodb-ordered-ticket-semaphore/.specula-output/spec/candidates.json	mongodb-ordered-ticket-semaphore/.specula-output/spec/candidates.json	file	0600	1784641550823035078	5470	9a918e6dcc61c18dc95e86c85e0b142a1172f11a4d8c5a1cd480952082d99018		copy	run-evidence		
mongodb-ordered-ticket-semaphore/.specula-output/spec/changelog.md	mongodb-ordered-ticket-semaphore/.specula-output/spec/changelog.md	file	0600	1784641151321270467	4277	75797b37447048947c267d4452cde3fa3ca4edc75d9cbb1c72c89280ce904a97		copy	run-evidence		
mongodb-ordered-ticket-semaphore/.specula-output/spec/confirmation-generation.json	mongodb-ordered-ticket-semaphore/.specula-output/spec/confirmation-generation.json	file	0600	1784641224946408280	150	1284efe2ad9a54795651736d9f7ea818fcd3fd059b1e06e27c159395c09eea35		copy	run-evidence		
mongodb-ordered-ticket-semaphore/.specula-output/spec/findings.json	mongodb-ordered-ticket-semaphore/.specula-output/spec/findings.json	file	0600	1784641040412043881	1313	9ffa1f4cf0916b2ce2a47d30a868c57d92c4494bf422c9ae7779c45c3635a1aa		copy	run-evidence		
mongodb-ordered-ticket-semaphore/.specula-output/spec/instrumentation-spec.md	mongodb-ordered-ticket-semaphore/.specula-output/spec/instrumentation-spec.md	file	0600	1784527518366696456	11706	d58b3e1645b072dea3c7fa185c86cac40b74c0140610647647cd17979b56fe93		copy	run-evidence		
mongodb-ordered-ticket-semaphore/.specula-output/spec/output	mongodb-ordered-ticket-semaphore/.specula-output/spec/output	directory	0700	1784693604958321805				mkdir	run-directory		
mongodb-ordered-ticket-semaphore/.specula-output/spec/output/MC_hunt_family1_awake_budget_bfs.out	mongodb-ordered-ticket-semaphore/.specula-output/spec/output/MC_hunt_family1_awake_budget_bfs.out	file	0600	1784621820716898281	16628	0e923c9a96130fec49bb01148152b0794a3f1c5f17c638369ce3654ebd746937		copy	run-evidence		
mongodb-ordered-ticket-semaphore/.specula-output/spec/output/MC_hunt_family2_gradual_resize_bfs.out	mongodb-ordered-ticket-semaphore/.specula-output/spec/output/MC_hunt_family2_gradual_resize_bfs.out	file	0600	1784621903427017657	14007	f6b16b937e33c77b41f63013d35042ba09a71b12e0af9551726bac6acaac7e71		copy	run-evidence		
mongodb-ordered-ticket-semaphore/.specula-output/spec/output/MC_hunt_family2_gradual_resize_repair_bfs.out	mongodb-ordered-ticket-semaphore/.specula-output/spec/output/MC_hunt_family2_gradual_resize_repair_bfs.out	file	0600	1784640894270699780	2751	435c24c71d568e1fc4ea07e9980cee44eebbaee918d9b57485be4a0247934d88		copy	run-evidence		
mongodb-ordered-ticket-semaphore/.specula-output/spec/output/MC_hunt_family3_priority_overflow_bfs.out	mongodb-ordered-ticket-semaphore/.specula-output/spec/output/MC_hunt_family3_priority_overflow_bfs.out	file	0600	1784621985884156792	3735	91540d4eb85a4db6f905a58328cf69e15dfc6fd273072cc5e2ea184bee9cf7f4		copy	run-evidence		
mongodb-ordered-ticket-semaphore/.specula-output/spec/output/MC_hunt_family3_priority_overflow_sim.out	mongodb-ordered-ticket-semaphore/.specula-output/spec/output/MC_hunt_family3_priority_overflow_sim.out	file	0600	1784623873383853358	6158	97d828900340f10fb6e9ecd78ffba1b47200111a94bb0473651829f278d58877		copy	run-evidence		
mongodb-ordered-ticket-semaphore/.specula-output/spec/output/MC_hunt_family4_exit_cascade_bfs.out	mongodb-ordered-ticket-semaphore/.specula-output/spec/output/MC_hunt_family4_exit_cascade_bfs.out	file	0600	1784624041915097776	3506	90e96edfde316006c7379e45cefa1c263a427f73c3d4633ac727b0eb926acabf		copy	run-evidence		
mongodb-ordered-ticket-semaphore/.specula-output/spec/output/MC_hunt_family4_exit_cascade_sim.out	mongodb-ordered-ticket-semaphore/.specula-output/spec/output/MC_hunt_family4_exit_cascade_sim.out	file	0600	1784625914528046138	6160	befb7ecf7cf4303c92a7ba79e472558afd6e040f8e485a8b1373015f394d2230		copy	run-evidence		
mongodb-ordered-ticket-semaphore/.specula-output/spec/output/MC_round1.out	mongodb-ordered-ticket-semaphore/.specula-output/spec/output/MC_round1.out	file	0600	1784531884228513438	5090	505376c4bd810c88a0d4d8263dc83c5600681dbcdc883f6c575ee7994fd522db		copy	run-evidence		
mongodb-ordered-ticket-semaphore/.specula-output/spec/output/MC_round2.out	mongodb-ordered-ticket-semaphore/.specula-output/spec/output/MC_round2.out	file	0600	1784621684983695568	8754	b73cbc10157b4b9c7359359bdcf754bbe000a56da7c00a7c5d061223310db756		copy	run-evidence		
mongodb-ordered-ticket-semaphore/.specula-output/spec/output/Trace_concurrent_overlap_repair_round1.out	mongodb-ordered-ticket-semaphore/.specula-output/spec/output/Trace_concurrent_overlap_repair_round1.out	file	0600	1784640866684616816	3535	a4360b2d0053cbbddd4ae30dabdcbbc3ab5cd9c5b6a17501f17d2a1078fba905		copy	run-evidence		
mongodb-ordered-ticket-semaphore/.specula-output/spec/output/Trace_concurrent_overlap_round1_after_context_deadline.out	mongodb-ordered-ticket-semaphore/.specula-output/spec/output/Trace_concurrent_overlap_round1_after_context_deadline.out	file	0600	1784531421084618204	4503	969fc9abe7dac2f9d4aaf8eba19f3d8ca0c9ec5ffdaaabdd39a9299ca08091d3		copy	run-evidence		
mongodb-ordered-ticket-semaphore/.specula-output/spec/output/Trace_concurrent_overlap_round1_after_tracefairness.out	mongodb-ordered-ticket-semaphore/.specula-output/spec/output/Trace_concurrent_overlap_round1_after_tracefairness.out	file	0600	1784531230455115899	4494	1c5aa5a64f74d0ebb810667be222775a2372b20aec661d93474177c22a4433fd		copy	run-evidence		
mongodb-ordered-ticket-semaphore/.specula-output/spec/output/Trace_concurrent_overlap_round2.out	mongodb-ordered-ticket-semaphore/.specula-output/spec/output/Trace_concurrent_overlap_round2.out	file	0600	1784619753447920891	4379	39562065c6f18e789c0473777a9e28d2a1494abe249355d83fbd81aae68b1cd6		copy	run-evidence		
mongodb-ordered-ticket-semaphore/.specula-output/spec/output/Trace_direct_overflow_repair_round1.out	mongodb-ordered-ticket-semaphore/.specula-output/spec/output/Trace_direct_overflow_repair_round1.out	file	0600	1784640866717616895	3539	d3580478670d4a4a6f49540fea488174f5c7af679254c88367fd578c415c16d7		copy	run-evidence		
mongodb-ordered-ticket-semaphore/.specula-output/spec/output/Trace_direct_overflow_round1_after_context_deadline.out	mongodb-ordered-ticket-semaphore/.specula-output/spec/output/Trace_direct_overflow_round1_after_context_deadline.out	file	0600	1784531421078618189	4502	ff61882d89c0ee72aee873f27c6387e6c5738de8231798aefc01119cfe5899cc		copy	run-evidence		
mongodb-ordered-ticket-semaphore/.specula-output/spec/output/Trace_direct_overflow_round1_after_tracefairness.out	mongodb-ordered-ticket-semaphore/.specula-output/spec/output/Trace_direct_overflow_round1_after_tracefairness.out	file	0600	1784531230460115907	4496	474e54b9736e0dc10bf26cc2e42341195baf62763ffd4dfa383454109aba0822		copy	run-evidence		
mongodb-ordered-ticket-semaphore/.specula-output/spec/output/Trace_direct_overflow_round2.out	mongodb-ordered-ticket-semaphore/.specula-output/spec/output/Trace_direct_overflow_round2.out	file	0600	1784619753458920907	4388	61b3c333c4335412648fe8f29a50c00c5fe8ece0760b2deae658de5fcf37b290		copy	run-evidence		
mongodb-ordered-ticket-semaphore/.specula-output/spec/output/Trace_direct_priority_repair_round1.out	mongodb-ordered-ticket-semaphore/.specula-output/spec/output/Trace_direct_priority_repair_round1.out	file	0600	1784640866778617042	3530	841143451e02c683cbfec7748390fa7ca60dac86022a59588056b2d9a58ac24d		copy	run-evidence		
mongodb-ordered-ticket-semaphore/.specula-output/spec/output/Trace_direct_priority_round1_after_context_deadline.out	mongodb-ordered-ticket-semaphore/.specula-output/spec/output/Trace_direct_priority_round1_after_context_deadline.out	file	0600	1784531421095618233	4505	d181ae9b45da3cb9e248c3f7c0c1405a11cc18c6c7231351d02d275e2112671e		copy	run-evidence		
mongodb-ordered-ticket-semaphore/.specula-output/spec/output/Trace_direct_priority_round1_after_tracefairness.out	mongodb-ordered-ticket-semaphore/.specula-output/spec/output/Trace_direct_priority_round1_after_tracefairness.out	file	0600	1784531230478115937	4504	1c756d2d8e4791935eca57699bcd31a112e794f0fbf617b78919cd3e981cbb79		copy	run-evidence		
mongodb-ordered-ticket-semaphore/.specula-output/spec/output/Trace_direct_priority_round2.out	mongodb-ordered-ticket-semaphore/.specula-output/spec/output/Trace_direct_priority_round2.out	file	0600	1784619753440920881	4372	099b536a5e6242822637baed93e039ba64f93efcd6a587f8580e582a2b0db500		copy	run-evidence		
mongodb-ordered-ticket-semaphore/.specula-output/spec/output/Trace_interrupt_awake_cascade_repair_round1.out	mongodb-ordered-ticket-semaphore/.specula-output/spec/output/Trace_interrupt_awake_cascade_repair_round1.out	file	0600	1784640866675616794	3539	e7ba3af09b0fa16d7364d1802792d49667cd522cdd311d19436c6adba4f7f28a		copy	run-evidence		
mongodb-ordered-ticket-semaphore/.specula-output/spec/output/Trace_interrupt_awake_cascade_round1_after_context_deadline.out	mongodb-ordered-ticket-semaphore/.specula-output/spec/output/Trace_interrupt_awake_cascade_round1_after_context_deadline.out	file	0600	1784531420939617829	4498	5d7b26681b44e5b3ee603e466b139b64ec5fd0af379f4c44a6a3b247b357262e		copy	run-evidence		
mongodb-ordered-ticket-semaphore/.specula-output/spec/output/Trace_interrupt_awake_cascade_round1_after_tracefairness.out	mongodb-ordered-ticket-semaphore/.specula-output/spec/output/Trace_interrupt_awake_cascade_round1_after_tracefairness.out	file	0600	1784531230509115987	4496	58a770f5303225fd3eeaf0a096623d0bb134d16f3e27cf0cb56708d03eaf3b89		copy	run-evidence		
mongodb-ordered-ticket-semaphore/.specula-output/spec/output/Trace_interrupt_awake_cascade_round2.out	mongodb-ordered-ticket-semaphore/.specula-output/spec/output/Trace_interrupt_awake_cascade_round2.out	file	0600	1784619753427920862	4388	14afbe35b51cc516c03e1d580c6b19f6e2533bad5e30a8efe386ae33778fc22f		copy	run-evidence		
mongodb-ordered-ticket-semaphore/.specula-output/spec/output/Trace_interrupt_sleeping_repair_round1.out	mongodb-ordered-ticket-semaphore/.specula-output/spec/output/Trace_interrupt_sleeping_repair_round1.out	file	0600	1784640867334618376	3528	9aa73c4702a3087017675e6c5414f61818602d47992b9a5de08f094146473492		copy	run-evidence		
mongodb-ordered-ticket-semaphore/.specula-output/spec/output/Trace_interrupt_sleeping_round1_after_context_deadline.out	mongodb-ordered-ticket-semaphore/.specula-output/spec/output/Trace_interrupt_sleeping_round1_after_context_deadline.out	file	0600	1784531421989620548	4502	4ca9c6282ca7a17f92c6006b1590d73f86a1cf2ea67d8aa79130fc2c69e0aa12		copy	run-evidence		
mongodb-ordered-ticket-semaphore/.specula-output/spec/output/Trace_interrupt_sleeping_round1_after_tracefairness.out	mongodb-ordered-ticket-semaphore/.specula-output/spec/output/Trace_interrupt_sleeping_round1_after_tracefairness.out	file	0600	1784531231389117423	4487	5339221b1c92e7d8dfabc30a8ddb731938503099dc03d93ed0c76f1e7e1466c7		copy	run-evidence		
mongodb-ordered-ticket-semaphore/.specula-output/spec/output/Trace_interrupt_sleeping_round2.out	mongodb-ordered-ticket-semaphore/.specula-output/spec/output/Trace_interrupt_sleeping_round2.out	file	0600	1784619754018921726	4379	24db15e013528de42fc93c44243f03b55a7ef28b8222fee00b6c6bd7a6ba24e4		copy	run-evidence		
mongodb-ordered-ticket-semaphore/.specula-output/spec/output/Trace_load_shed_exempt_bypass_repair_round1.out	mongodb-ordered-ticket-semaphore/.specula-output/spec/output/Trace_load_shed_exempt_bypass_repair_round1.out	file	0600	1784640867342618395	3535	a36ec9305eaf4d274c33b4243abe7231bcf4b75e21b8683bb23b93d747721ef2		copy	run-evidence		
mongodb-ordered-ticket-semaphore/.specula-output/spec/output/Trace_load_shed_exempt_bypass_round1_after_context_deadline.out	mongodb-ordered-ticket-semaphore/.specula-output/spec/output/Trace_load_shed_exempt_bypass_round1_after_context_deadline.out	file	0600	1784531422189621066	4510	b2ba70891eae33d3fa783c4d6c12b126fb86dd2ecbb8cdd105ef724db01ed638		copy	run-evidence		
mongodb-ordered-ticket-semaphore/.specula-output/spec/output/Trace_load_shed_exempt_bypass_round1_after_tracefairness.out	mongodb-ordered-ticket-semaphore/.specula-output/spec/output/Trace_load_shed_exempt_bypass_round1_after_tracefairness.out	file	0600	1784531231387117420	4501	cc1eea9b340fb97bcac9d625ebe0df474e6906b5450de294041f12a32fa2c191		copy	run-evidence		
mongodb-ordered-ticket-semaphore/.specula-output/spec/output/Trace_load_shed_exempt_bypass_round2.out	mongodb-ordered-ticket-semaphore/.specula-output/spec/output/Trace_load_shed_exempt_bypass_round2.out	file	0600	1784619754067921798	4385	5e60d1af0f9b4de68bd72055105e79bd5e4847bdfc4d63bf7997aaaa4989a128		copy	run-evidence		
mongodb-ordered-ticket-semaphore/.specula-output/spec/output/Trace_low_admission_bypass_repair_round1.out	mongodb-ordered-ticket-semaphore/.specula-output/spec/output/Trace_low_admission_bypass_repair_round1.out	file	0600	1784640867464618688	3543	faf8426a359642872a4214bca2b0abe4bd5d012b862867169617d337a23eb72a		copy	run-evidence		
mongodb-ordered-ticket-semaphore/.specula-output/spec/output/Trace_low_admission_bypass_round1_after_context_deadline.out	mongodb-ordered-ticket-semaphore/.specula-output/spec/output/Trace_low_admission_bypass_round1_after_context_deadline.out	file	0600	1784531422087620802	4509	ab7c5c242a471e711820141c3c1b63c4bbd3eaeacb2c1b84b4bfe39d30611d2d		copy	run-evidence		
mongodb-ordered-ticket-semaphore/.specula-output/spec/output/Trace_low_admission_bypass_round1_after_tracefairness.out	mongodb-ordered-ticket-semaphore/.specula-output/spec/output/Trace_low_admission_bypass_round1_after_tracefairness.out	file	0600	1784531231425117482	10181	65cc004abef27151b573615708b780f17c151274b0a6ff30eadc33c3c35e64fc		copy	run-evidence		
mongodb-ordered-ticket-semaphore/.specula-output/spec/output/Trace_low_admission_bypass_round2.out	mongodb-ordered-ticket-semaphore/.specula-output/spec/output/Trace_low_admission_bypass_round2.out	file	0600	1784619754067921798	4377	5c52a004e03870b4e1c2eac6d344d5a2710d2119352e31db94a744d6aff10ca3		copy	run-evidence		
mongodb-ordered-ticket-semaphore/.specula-output/spec/output/Trace_shutdown_awake_cascade_repair_round1.out	mongodb-ordered-ticket-semaphore/.specula-output/spec/output/Trace_shutdown_awake_cascade_repair_round1.out	file	0600	1784640867450618654	3540	cda8c4fa3c975ea4e96eb8df91839eae507ab2f398dd901b569d037c0adcfdda		copy	run-evidence		
mongodb-ordered-ticket-semaphore/.specula-output/spec/output/Trace_shutdown_awake_cascade_round1_after_context_deadline.out	mongodb-ordered-ticket-semaphore/.specula-output/spec/output/Trace_shutdown_awake_cascade_round1_after_context_deadline.out	file	0600	1784531422092620815	4498	a0cdb72ea5dcbf27cdf9d23da39fe69b2c448c9e3c1bd79dc68766b29addcfd3		copy	run-evidence		
mongodb-ordered-ticket-semaphore/.specula-output/spec/output/Trace_shutdown_awake_cascade_round1_after_tracefairness.out	mongodb-ordered-ticket-semaphore/.specula-output/spec/output/Trace_shutdown_awake_cascade_round1_after_tracefairness.out	file	0600	1784531231314117301	4505	bd9e55a334c9b640fbfd791d9cad33cc6c4453cf7867e4fb200c87efc8d60e78		copy	run-evidence		
mongodb-ordered-ticket-semaphore/.specula-output/spec/output/Trace_shutdown_awake_cascade_round2.out	mongodb-ordered-ticket-semaphore/.specula-output/spec/output/Trace_shutdown_awake_cascade_round2.out	file	0600	1784619754043921763	4381	3a38226c6aa87779d6067ad897c5819760c4829c809f216ee63829a87a283be7		copy	run-evidence		
mongodb-ordered-ticket-semaphore/.specula-output/spec/output/Trace_shutdown_sleeping_repair_round1.out	mongodb-ordered-ticket-semaphore/.specula-output/spec/output/Trace_shutdown_sleeping_repair_round1.out	file	0600	1784640867974619912	3538	361e1fde191a7231a1aaaf2af9b288720089fcc1d4093d8201b3499acb531971		copy	run-evidence		
mongodb-ordered-ticket-semaphore/.specula-output/spec/output/Trace_shutdown_sleeping_round1_after_context_deadline.out	mongodb-ordered-ticket-semaphore/.specula-output/spec/output/Trace_shutdown_sleeping_round1_after_context_deadline.out	file	0600	1784531422692622368	4494	d05b8da98f4a0347a2383b2230bbdd14fc80cb75265efa7b0a4133c635705042		copy	run-evidence		
mongodb-ordered-ticket-semaphore/.specula-output/spec/output/Trace_shutdown_sleeping_round1_after_tracefairness.out	mongodb-ordered-ticket-semaphore/.specula-output/spec/output/Trace_shutdown_sleeping_round1_after_tracefairness.out	file	0600	1784531232451119156	4494	d37a1c351bed9585e3e170d0a63974c783a59f6594c16cf682d11bf01853516a		copy	run-evidence		
mongodb-ordered-ticket-semaphore/.specula-output/spec/output/Trace_shutdown_sleeping_round2.out	mongodb-ordered-ticket-semaphore/.specula-output/spec/output/Trace_shutdown_sleeping_round2.out	file	0600	1784619754872922975	4385	0f414469341c7bdea54e494923aa94de7286d1f0e22e2c49a3557c9817fefcef		copy	run-evidence		
mongodb-ordered-ticket-semaphore/.specula-output/spec/output/Trace_ticketholder_grow_shrink_fast_repair_round1.out	mongodb-ordered-ticket-semaphore/.specula-output/spec/output/Trace_ticketholder_grow_shrink_fast_repair_round1.out	file	0600	1784640868094620200	3537	a78fb3d1a885fe6a7ed536f35421837ea783383c04395d0f702a6b68073b99be		copy	run-evidence		
mongodb-ordered-ticket-semaphore/.specula-output/spec/output/Trace_ticketholder_grow_shrink_fast_round1_after_context_deadline.out	mongodb-ordered-ticket-semaphore/.specula-output/spec/output/Trace_ticketholder_grow_shrink_fast_round1_after_context_deadline.out	file	0600	1784531422735622480	4495	f93e66e530746944d2aaa88e4dc21a92ec987797f6873063b5e69d8cee167128		copy	run-evidence		
mongodb-ordered-ticket-semaphore/.specula-output/spec/output/Trace_ticketholder_grow_shrink_fast_round1_after_tracefairness.out	mongodb-ordered-ticket-semaphore/.specula-output/spec/output/Trace_ticketholder_grow_shrink_fast_round1_after_tracefairness.out	file	0600	1784531232337118971	4494	ba427e682ced090f04f4ab743a62880ed07a9e60b26bdb8696d18856c3b82064		copy	run-evidence		
mongodb-ordered-ticket-semaphore/.specula-output/spec/output/Trace_ticketholder_grow_shrink_fast_round2.out	mongodb-ordered-ticket-semaphore/.specula-output/spec/output/Trace_ticketholder_grow_shrink_fast_round2.out	file	0600	1784619754860922957	4387	6cb0445f1e313327fae653da05555a01abf3308117c6bd9f6a828b7e0e7a93e5		copy	run-evidence		
mongodb-ordered-ticket-semaphore/.specula-output/spec/output/Trace_ticketholder_shrink_overflow_repair_round1.out	mongodb-ordered-ticket-semaphore/.specula-output/spec/output/Trace_ticketholder_shrink_overflow_repair_round1.out	file	0600	1784640868122620267	3529	f9652c11b8a8d8708328e3bf9ca95e7e287e5f5775e16fb5a6964caf57b823ca		copy	run-evidence		
mongodb-ordered-ticket-semaphore/.specula-output/spec/output/Trace_ticketholder_shrink_overflow_round1_after_context_deadline.out	mongodb-ordered-ticket-semaphore/.specula-output/spec/output/Trace_ticketholder_shrink_overflow_round1_after_context_deadline.out	file	0600	1784531422777622588	4494	38f33314ea4aef380347bef43c26551c2742cdc0ac0764323de1261c97d91776		copy	run-evidence		
mongodb-ordered-ticket-semaphore/.specula-output/spec/output/Trace_ticketholder_shrink_overflow_round1_after_tracefairness.out	mongodb-ordered-ticket-semaphore/.specula-output/spec/output/Trace_ticketholder_shrink_overflow_round1_after_tracefairness.out	file	0600	1784531232259118843	4494	ff85e302592854425ddbe40138ff936edc50a366ed219daefc6134f44e89024c		copy	run-evidence		
mongodb-ordered-ticket-semaphore/.specula-output/spec/output/Trace_ticketholder_shrink_overflow_round2.out	mongodb-ordered-ticket-semaphore/.specula-output/spec/output/Trace_ticketholder_shrink_overflow_round2.out	file	0600	1784619754912923033	4386	b586635909f6c695178d4cdf9dbb02b0f627a06ddff6d2530b191a7747c978c4		copy	run-evidence		
mongodb-ordered-ticket-semaphore/.specula-output/spec/output/Trace_ticketholder_shrink_queue_consume_repair_round1.out	mongodb-ordered-ticket-semaphore/.specula-output/spec/output/Trace_ticketholder_shrink_queue_consume_repair_round1.out	file	0600	1784640868245620562	3539	ea480ee6bb64cc2e751e26c96b501ec240f842589ba4bd2140d6a4f5e3bf3e99		copy	run-evidence		
mongodb-ordered-ticket-semaphore/.specula-output/spec/output/Trace_ticketholder_shrink_queue_consume_round1_after_context_deadline.out	mongodb-ordered-ticket-semaphore/.specula-output/spec/output/Trace_ticketholder_shrink_queue_consume_round1_after_context_deadline.out	file	0600	1784531422878622850	4506	eb4f8e616cc5a7b9572d96068e62eba55b2e98d788e06dbbe63ad390c7459947		copy	run-evidence		
mongodb-ordered-ticket-semaphore/.specula-output/spec/output/Trace_ticketholder_shrink_queue_consume_round1_after_tracefairness.out	mongodb-ordered-ticket-semaphore/.specula-output/spec/output/Trace_ticketholder_shrink_queue_consume_round1_after_tracefairness.out	file	0600	1784531232478119201	8866	5a182f719a27f3df127be3dcea1aa953d5132cb04938e4e098a0a8a104bb21c8		copy	run-evidence		
mongodb-ordered-ticket-semaphore/.specula-output/spec/output/Trace_ticketholder_shrink_queue_consume_round2.out	mongodb-ordered-ticket-semaphore/.specula-output/spec/output/Trace_ticketholder_shrink_queue_consume_round2.out	file	0600	1784619754985923140	4387	b8cac962c835d85f8abde377fd1b09a95532db3875fedab303f960694676c2b9		copy	run-evidence		
mongodb-ordered-ticket-semaphore/.specula-output/spec/output/Trace_ticketholder_shrink_start_interrupted_debug.out	mongodb-ordered-ticket-semaphore/.specula-output/spec/output/Trace_ticketholder_shrink_start_interrupted_debug.out	file	0600	1784531163676006694	5801	c2f1fa2960ee0e2dc0a930b07028df0f8bf044434b4519347452665ceaa9032e		copy	run-evidence		
mongodb-ordered-ticket-semaphore/.specula-output/spec/output/Trace_ticketholder_shrink_start_interrupted_repair_round1.out	mongodb-ordered-ticket-semaphore/.specula-output/spec/output/Trace_ticketholder_shrink_start_interrupted_repair_round1.out	file	0600	1784640868739621748	3536	22bfec5a2eb9b5edb35b306261a5df2d07b23a97cb1ad442b552da8fac70bec3		copy	run-evidence		
mongodb-ordered-ticket-semaphore/.specula-output/spec/output/Trace_ticketholder_shrink_start_interrupted_round1.out	mongodb-ordered-ticket-semaphore/.specula-output/spec/output/Trace_ticketholder_shrink_start_interrupted_round1.out	file	0600	1784531083941876604	5512	1d7ab373b54fd6153438cccc2f13485523c1b4cfe30e84344346c07c5298efc7		copy	run-evidence		
mongodb-ordered-ticket-semaphore/.specula-output/spec/output/Trace_ticketholder_shrink_start_interrupted_round1_after_context_deadline.out	mongodb-ordered-ticket-semaphore/.specula-output/spec/output/Trace_ticketholder_shrink_start_interrupted_round1_after_context_deadline.out	file	0600	1784531423324624005	4494	5b09840deeb7bea6fc99874b4de602628dcffd0059c3f984c69f8460e1e0a4a8		copy	run-evidence		
mongodb-ordered-ticket-semaphore/.specula-output/spec/output/Trace_ticketholder_shrink_start_interrupted_round1_after_tracefairness.out	mongodb-ordered-ticket-semaphore/.specula-output/spec/output/Trace_ticketholder_shrink_start_interrupted_round1_after_tracefairness.out	file	0600	1784531233189120361	4503	6a35f9fef5511442527ea352823c4448ce9de7dedb5faa0a875eda4a82792963		copy	run-evidence		
mongodb-ordered-ticket-semaphore/.specula-output/spec/output/Trace_ticketholder_shrink_start_interrupted_round2.out	mongodb-ordered-ticket-semaphore/.specula-output/spec/output/Trace_ticketholder_shrink_start_interrupted_round2.out	file	0600	1784619755451923821	4379	578ca09f03921374080074e2b7dd57467590096e4fee05597c836d0416fa427c		copy	run-evidence		
mongodb-ordered-ticket-semaphore/.specula-output/spec/output/Trace_ticketholder_shrink_timeout_repair_round1.out	mongodb-ordered-ticket-semaphore/.specula-output/spec/output/Trace_ticketholder_shrink_timeout_repair_round1.out	file	0600	1784640868752621779	3531	873e648175065851f3ce0acd32938147061b6d6285d80d97fd5ec00d40fc1bc6		copy	run-evidence		
mongodb-ordered-ticket-semaphore/.specula-output/spec/output/Trace_ticketholder_shrink_timeout_round1_after_context_deadline.out	mongodb-ordered-ticket-semaphore/.specula-output/spec/output/Trace_ticketholder_shrink_timeout_round1_after_context_deadline.out	file	0600	1784531423385624163	4504	9f5efbe758876e3cf010c17f53f9283534085b3e736c21507d2bb90e018e0e76		copy	run-evidence		
mongodb-ordered-ticket-semaphore/.specula-output/spec/output/Trace_ticketholder_shrink_timeout_round1_after_tracefairness.out	mongodb-ordered-ticket-semaphore/.specula-output/spec/output/Trace_ticketholder_shrink_timeout_round1_after_tracefairness.out	file	0600	1784531233380120673	4497	7002fafced2a6d6b4af4c2ca1ff9e0d4e4f3c4de566c05ae0f63c9d0e60f166e		copy	run-evidence		
mongodb-ordered-ticket-semaphore/.specula-output/spec/output/Trace_ticketholder_shrink_timeout_round2.out	mongodb-ordered-ticket-semaphore/.specula-output/spec/output/Trace_ticketholder_shrink_timeout_round2.out	file	0600	1784619755511923909	4380	fd924451672bc30dfb47d6bbf71b977e03663713035a49d532bb0e3ecbfe5eee		copy	run-evidence		
mongodb-ordered-ticket-semaphore/.specula-output/spec/output/Trace_timeout_sleeping_repair_round1.out	mongodb-ordered-ticket-semaphore/.specula-output/spec/output/Trace_timeout_sleeping_repair_round1.out	file	0600	1784640868839621988	3537	94480ad384e681c1b1c28781ebe5721a55b89523460b3c2e8eb799d15cb6f8ab		copy	run-evidence		
mongodb-ordered-ticket-semaphore/.specula-output/spec/output/Trace_timeout_sleeping_round1_after_context_deadline.out	mongodb-ordered-ticket-semaphore/.specula-output/spec/output/Trace_timeout_sleeping_round1_after_context_deadline.out	file	0600	1784531423450624331	4503	fa426c298c683c5ce3de4f36abf7ea857ff2055afcc3a799d9fa551480f528bb		copy	run-evidence		
mongodb-ordered-ticket-semaphore/.specula-output/spec/output/Trace_timeout_sleeping_round1_after_tracefairness.out	mongodb-ordered-ticket-semaphore/.specula-output/spec/output/Trace_timeout_sleeping_round1_after_tracefairness.out	file	0600	1784531233386120683	4495	7f54126576723d15fb2f2c9b8ebb3eaa36fe30ff3dbace9aeb66cf6d1dc8daa0		copy	run-evidence		
mongodb-ordered-ticket-semaphore/.specula-output/spec/output/Trace_timeout_sleeping_round2.out	mongodb-ordered-ticket-semaphore/.specula-output/spec/output/Trace_timeout_sleeping_round2.out	file	0600	1784619755530923937	4387	1c1866792cd2100dc9da4bc9ad498ae2dfec5c8d191351328c174885a192dfd2		copy	run-evidence		
mongodb-ordered-ticket-semaphore/.specula-output/spec/output/Trace_trace_repair_round1.out	mongodb-ordered-ticket-semaphore/.specula-output/spec/output/Trace_trace_repair_round1.out	file	0600	1784640869016622413	3529	b3ecb7759af604ef66d12a710e42e42f2a7e444e94f9fb3aeb8c1a82360d1f31		copy	run-evidence		
mongodb-ordered-ticket-semaphore/.specula-output/spec/output/Trace_trace_round1_after_context_deadline.out	mongodb-ordered-ticket-semaphore/.specula-output/spec/output/Trace_trace_round1_after_context_deadline.out	file	0600	1784531423592624699	4502	31a6636f45cae41062dcb0d7a415811a3b66fe3b21e085388da634852a07a7a6		copy	run-evidence		
mongodb-ordered-ticket-semaphore/.specula-output/spec/output/Trace_trace_round1_after_tracefairness.out	mongodb-ordered-ticket-semaphore/.specula-output/spec/output/Trace_trace_round1_after_tracefairness.out	file	0600	1784531233578120996	4503	11540f56e2aea3ff0faa925e210a869c2a583919ca98740c4a9d1b5834394fc2		copy	run-evidence		
mongodb-ordered-ticket-semaphore/.specula-output/spec/output/Trace_trace_round2.out	mongodb-ordered-ticket-semaphore/.specula-output/spec/output/Trace_trace_round2.out	file	0600	1784619755611924055	4386	5125ccf1a70df047ff2c030e0d8f2d17402fb8281a04993b82422283a4944082		copy	run-evidence		
mongodb-ordered-ticket-semaphore/.specula-output/spec/output/focused-regressions.md	mongodb-ordered-ticket-semaphore/.specula-output/spec/output/focused-regressions.md	file	0600	1784624626837009605	2008	3cc117a6be284f8f28fd75ea4386ed112845c8d245b1972ecd1e806ab74414c3		copy	run-evidence		
mongodb-ordered-ticket-semaphore/.specula-output/spec/output/official_baseline_rerun.out	mongodb-ordered-ticket-semaphore/.specula-output/spec/output/official_baseline_rerun.out	file	0600	1784619663511789995	4702	76ee07dc8cc09d1f1d5bb82a9eb702cedb1f93f240f0b0523ce41f472398c94b		copy	run-evidence		
mongodb-ordered-ticket-semaphore/.specula-output/spec/output/states_trace_concurrent_overlap_round1_after_context_deadline_1784531420	mongodb-ordered-ticket-semaphore/.specula-output/spec/output/states_trace_concurrent_overlap_round1_after_context_deadline_1784531420	directory	0700	1784531421083618202				mkdir	run-directory		
mongodb-ordered-ticket-semaphore/.specula-output/spec/output/states_trace_concurrent_overlap_round1_after_tracefairness_1784531229	mongodb-ordered-ticket-semaphore/.specula-output/spec/output/states_trace_concurrent_overlap_round1_after_tracefairness_1784531229	directory	0700	1784531230455115899				mkdir	run-directory		
mongodb-ordered-ticket-semaphore/.specula-output/spec/output/states_trace_direct_overflow_round1_after_context_deadline_1784531420	mongodb-ordered-ticket-semaphore/.specula-output/spec/output/states_trace_direct_overflow_round1_after_context_deadline_1784531420	directory	0700	1784531421078618189				mkdir	run-directory		
mongodb-ordered-ticket-semaphore/.specula-output/spec/output/states_trace_direct_overflow_round1_after_tracefairness_1784531229	mongodb-ordered-ticket-semaphore/.specula-output/spec/output/states_trace_direct_overflow_round1_after_tracefairness_1784531229	directory	0700	1784531230460115907				mkdir	run-directory		
mongodb-ordered-ticket-semaphore/.specula-output/spec/output/states_trace_direct_priority_round1_after_context_deadline_1784531420	mongodb-ordered-ticket-semaphore/.specula-output/spec/output/states_trace_direct_priority_round1_after_context_deadline_1784531420	directory	0700	1784531421094618230				mkdir	run-directory		
mongodb-ordered-ticket-semaphore/.specula-output/spec/output/states_trace_direct_priority_round1_after_tracefairness_1784531229	mongodb-ordered-ticket-semaphore/.specula-output/spec/output/states_trace_direct_priority_round1_after_tracefairness_1784531229	directory	0700	1784531230478115937				mkdir	run-directory		
mongodb-ordered-ticket-semaphore/.specula-output/spec/output/states_trace_interrupt_awake_cascade_round1_after_context_deadline_1784531420	mongodb-ordered-ticket-semaphore/.specula-output/spec/output/states_trace_interrupt_awake_cascade_round1_after_context_deadline_1784531420	directory	0700	1784531420939617829				mkdir	run-directory		
mongodb-ordered-ticket-semaphore/.specula-output/spec/output/states_trace_interrupt_awake_cascade_round1_after_tracefairness_1784531229	mongodb-ordered-ticket-semaphore/.specula-output/spec/output/states_trace_interrupt_awake_cascade_round1_after_tracefairness_1784531229	directory	0700	1784531230509115987				mkdir	run-directory		
mongodb-ordered-ticket-semaphore/.specula-output/spec/output/states_trace_interrupt_sleeping_round1_after_context_deadline_1784531420	mongodb-ordered-ticket-semaphore/.specula-output/spec/output/states_trace_interrupt_sleeping_round1_after_context_deadline_1784531420	directory	0700	1784531421989620548				mkdir	run-directory		
mongodb-ordered-ticket-semaphore/.specula-output/spec/output/states_trace_interrupt_sleeping_round1_after_tracefairness_1784531229	mongodb-ordered-ticket-semaphore/.specula-output/spec/output/states_trace_interrupt_sleeping_round1_after_tracefairness_1784531229	directory	0700	1784531231389117423				mkdir	run-directory		
mongodb-ordered-ticket-semaphore/.specula-output/spec/output/states_trace_load_shed_exempt_bypass_round1_after_context_deadline_1784531420	mongodb-ordered-ticket-semaphore/.specula-output/spec/output/states_trace_load_shed_exempt_bypass_round1_after_context_deadline_1784531420	directory	0700	1784531422188621063				mkdir	run-directory		
mongodb-ordered-ticket-semaphore/.specula-output/spec/output/states_trace_load_shed_exempt_bypass_round1_after_tracefairness_1784531229	mongodb-ordered-ticket-semaphore/.specula-output/spec/output/states_trace_load_shed_exempt_bypass_round1_after_tracefairness_1784531229	directory	0700	1784531231386117419				mkdir	run-directory		
mongodb-ordered-ticket-semaphore/.specula-output/spec/output/states_trace_low_admission_bypass_round1_after_context_deadline_1784531420	mongodb-ordered-ticket-semaphore/.specula-output/spec/output/states_trace_low_admission_bypass_round1_after_context_deadline_1784531420	directory	0700	1784531422087620802				mkdir	run-directory		
mongodb-ordered-ticket-semaphore/.specula-output/spec/output/states_trace_shutdown_awake_cascade_round1_after_context_deadline_1784531420	mongodb-ordered-ticket-semaphore/.specula-output/spec/output/states_trace_shutdown_awake_cascade_round1_after_context_deadline_1784531420	directory	0700	1784531422092620815				mkdir	run-directory		
mongodb-ordered-ticket-semaphore/.specula-output/spec/output/states_trace_shutdown_awake_cascade_round1_after_tracefairness_1784531229	mongodb-ordered-ticket-semaphore/.specula-output/spec/output/states_trace_shutdown_awake_cascade_round1_after_tracefairness_1784531229	directory	0700	1784531231313117300				mkdir	run-directory		
mongodb-ordered-ticket-semaphore/.specula-output/spec/output/states_trace_shutdown_sleeping_round1_after_context_deadline_1784531420	mongodb-ordered-ticket-semaphore/.specula-output/spec/output/states_trace_shutdown_sleeping_round1_after_context_deadline_1784531420	directory	0700	1784531422692622368				mkdir	run-directory		
mongodb-ordered-ticket-semaphore/.specula-output/spec/output/states_trace_shutdown_sleeping_round1_after_tracefairness_1784531229	mongodb-ordered-ticket-semaphore/.specula-output/spec/output/states_trace_shutdown_sleeping_round1_after_tracefairness_1784531229	directory	0700	1784531232451119156				mkdir	run-directory		
mongodb-ordered-ticket-semaphore/.specula-output/spec/output/states_trace_ticketholder_grow_shrink_fast_round1_after_context_deadline_1784531420	mongodb-ordered-ticket-semaphore/.specula-output/spec/output/states_trace_ticketholder_grow_shrink_fast_round1_after_context_deadline_1784531420	directory	0700	1784531422735622480				mkdir	run-directory		
mongodb-ordered-ticket-semaphore/.specula-output/spec/output/states_trace_ticketholder_grow_shrink_fast_round1_after_tracefairness_1784531229	mongodb-ordered-ticket-semaphore/.specula-output/spec/output/states_trace_ticketholder_grow_shrink_fast_round1_after_tracefairness_1784531229	directory	0700	1784531232336118969				mkdir	run-directory		
mongodb-ordered-ticket-semaphore/.specula-output/spec/output/states_trace_ticketholder_shrink_overflow_round1_after_context_deadline_1784531420	mongodb-ordered-ticket-semaphore/.specula-output/spec/output/states_trace_ticketholder_shrink_overflow_round1_after_context_deadline_1784531420	directory	0700	1784531422776622586				mkdir	run-directory		
mongodb-ordered-ticket-semaphore/.specula-output/spec/output/states_trace_ticketholder_shrink_overflow_round1_after_tracefairness_1784531229	mongodb-ordered-ticket-semaphore/.specula-output/spec/output/states_trace_ticketholder_shrink_overflow_round1_after_tracefairness_1784531229	directory	0700	1784531232259118843				mkdir	run-directory		
mongodb-ordered-ticket-semaphore/.specula-output/spec/output/states_trace_ticketholder_shrink_queue_consume_round1_after_context_deadline_1784531420	mongodb-ordered-ticket-semaphore/.specula-output/spec/output/states_trace_ticketholder_shrink_queue_consume_round1_after_context_deadline_1784531420	directory	0700	1784531422878622850				mkdir	run-directory		
mongodb-ordered-ticket-semaphore/.specula-output/spec/output/states_trace_ticketholder_shrink_start_interrupted_round1_1784530745	mongodb-ordered-ticket-semaphore/.specula-output/spec/output/states_trace_ticketholder_shrink_start_interrupted_round1_1784530745	directory	0700	1784530745032324540				mkdir	run-directory		
mongodb-ordered-ticket-semaphore/.specula-output/spec/output/states_trace_ticketholder_shrink_start_interrupted_round1_after_context_deadline_1784531420	mongodb-ordered-ticket-semaphore/.specula-output/spec/output/states_trace_ticketholder_shrink_start_interrupted_round1_after_context_deadline_1784531420	directory	0700	1784531423324624005				mkdir	run-directory		
mongodb-ordered-ticket-semaphore/.specula-output/spec/output/states_trace_ticketholder_shrink_start_interrupted_round1_after_tracefairness_1784531210	mongodb-ordered-ticket-semaphore/.specula-output/spec/output/states_trace_ticketholder_shrink_start_interrupted_round1_after_tracefairness_1784531210	directory	0700	1784531210921084123				mkdir	run-directory		
mongodb-ordered-ticket-semaphore/.specula-output/spec/output/states_trace_ticketholder_shrink_start_interrupted_round1_after_tracefairness_1784531229	mongodb-ordered-ticket-semaphore/.specula-output/spec/output/states_trace_ticketholder_shrink_start_interrupted_round1_after_tracefairness_1784531229	directory	0700	1784531233189120361				mkdir	run-directory		
mongodb-ordered-ticket-semaphore/.specula-output/spec/output/states_trace_ticketholder_shrink_timeout_round1_after_context_deadline_1784531420	mongodb-ordered-ticket-semaphore/.specula-output/spec/output/states_trace_ticketholder_shrink_timeout_round1_after_context_deadline_1784531420	directory	0700	1784531423385624163				mkdir	run-directory		
mongodb-ordered-ticket-semaphore/.specula-output/spec/output/states_trace_ticketholder_shrink_timeout_round1_after_tracefairness_1784531229	mongodb-ordered-ticket-semaphore/.specula-output/spec/output/states_trace_ticketholder_shrink_timeout_round1_after_tracefairness_1784531229	directory	0700	1784531233379120671				mkdir	run-directory		
mongodb-ordered-ticket-semaphore/.specula-output/spec/output/states_trace_timeout_sleeping_round1_after_context_deadline_1784531420	mongodb-ordered-ticket-semaphore/.specula-output/spec/output/states_trace_timeout_sleeping_round1_after_context_deadline_1784531420	directory	0700	1784531423450624331				mkdir	run-directory		
mongodb-ordered-ticket-semaphore/.specula-output/spec/output/states_trace_timeout_sleeping_round1_after_tracefairness_1784531229	mongodb-ordered-ticket-semaphore/.specula-output/spec/output/states_trace_timeout_sleeping_round1_after_tracefairness_1784531229	directory	0700	1784531233386120683				mkdir	run-directory		
mongodb-ordered-ticket-semaphore/.specula-output/spec/output/states_trace_trace_round1_after_context_deadline_1784531420	mongodb-ordered-ticket-semaphore/.specula-output/spec/output/states_trace_trace_round1_after_context_deadline_1784531420	directory	0700	1784531423592624699				mkdir	run-directory		
mongodb-ordered-ticket-semaphore/.specula-output/spec/output/states_trace_trace_round1_after_tracefairness_1784531229	mongodb-ordered-ticket-semaphore/.specula-output/spec/output/states_trace_trace_round1_after_tracefairness_1784531229	directory	0700	1784531233578120996				mkdir	run-directory		
mongodb-ordered-ticket-semaphore/.specula-output/spec/output/tlc_trace_concurrent_overlap_round2_metadir	mongodb-ordered-ticket-semaphore/.specula-output/spec/output/tlc_trace_concurrent_overlap_round2_metadir	directory	0700	1784619753447920891				mkdir	run-directory		
mongodb-ordered-ticket-semaphore/.specula-output/spec/output/tlc_trace_direct_overflow_round2_metadir	mongodb-ordered-ticket-semaphore/.specula-output/spec/output/tlc_trace_direct_overflow_round2_metadir	directory	0700	1784619753457920906				mkdir	run-directory		
mongodb-ordered-ticket-semaphore/.specula-output/spec/output/tlc_trace_direct_priority_round2_metadir	mongodb-ordered-ticket-semaphore/.specula-output/spec/output/tlc_trace_direct_priority_round2_metadir	directory	0700	1784619753440920881				mkdir	run-directory		
mongodb-ordered-ticket-semaphore/.specula-output/spec/output/tlc_trace_interrupt_awake_cascade_round2_metadir	mongodb-ordered-ticket-semaphore/.specula-output/spec/output/tlc_trace_interrupt_awake_cascade_round2_metadir	directory	0700	1784619753427920862				mkdir	run-directory		
mongodb-ordered-ticket-semaphore/.specula-output/spec/output/tlc_trace_interrupt_sleeping_round2_metadir	mongodb-ordered-ticket-semaphore/.specula-output/spec/output/tlc_trace_interrupt_sleeping_round2_metadir	directory	0700	1784619754018921726				mkdir	run-directory		
mongodb-ordered-ticket-semaphore/.specula-output/spec/output/tlc_trace_load_shed_exempt_bypass_round2_metadir	mongodb-ordered-ticket-semaphore/.specula-output/spec/output/tlc_trace_load_shed_exempt_bypass_round2_metadir	directory	0700	1784619754067921798				mkdir	run-directory		
mongodb-ordered-ticket-semaphore/.specula-output/spec/output/tlc_trace_low_admission_bypass_round2_metadir	mongodb-ordered-ticket-semaphore/.specula-output/spec/output/tlc_trace_low_admission_bypass_round2_metadir	directory	0700	1784619754067921798				mkdir	run-directory		
mongodb-ordered-ticket-semaphore/.specula-output/spec/output/tlc_trace_shutdown_awake_cascade_round2_metadir	mongodb-ordered-ticket-semaphore/.specula-output/spec/output/tlc_trace_shutdown_awake_cascade_round2_metadir	directory	0700	1784619754043921763				mkdir	run-directory		
mongodb-ordered-ticket-semaphore/.specula-output/spec/output/tlc_trace_shutdown_sleeping_round2_metadir	mongodb-ordered-ticket-semaphore/.specula-output/spec/output/tlc_trace_shutdown_sleeping_round2_metadir	directory	0700	1784619754872922975				mkdir	run-directory		
mongodb-ordered-ticket-semaphore/.specula-output/spec/output/tlc_trace_ticketholder_grow_shrink_fast_round2_metadir	mongodb-ordered-ticket-semaphore/.specula-output/spec/output/tlc_trace_ticketholder_grow_shrink_fast_round2_metadir	directory	0700	1784619754860922957				mkdir	run-directory		
mongodb-ordered-ticket-semaphore/.specula-output/spec/output/tlc_trace_ticketholder_shrink_overflow_round2_metadir	mongodb-ordered-ticket-semaphore/.specula-output/spec/output/tlc_trace_ticketholder_shrink_overflow_round2_metadir	directory	0700	1784619754912923033				mkdir	run-directory		
mongodb-ordered-ticket-semaphore/.specula-output/spec/output/tlc_trace_ticketholder_shrink_queue_consume_round2_metadir	mongodb-ordered-ticket-semaphore/.specula-output/spec/output/tlc_trace_ticketholder_shrink_queue_consume_round2_metadir	directory	0700	1784619754985923140				mkdir	run-directory		
mongodb-ordered-ticket-semaphore/.specula-output/spec/output/tlc_trace_ticketholder_shrink_start_interrupted_round2_metadir	mongodb-ordered-ticket-semaphore/.specula-output/spec/output/tlc_trace_ticketholder_shrink_start_interrupted_round2_metadir	directory	0700	1784619755450923820				mkdir	run-directory		
mongodb-ordered-ticket-semaphore/.specula-output/spec/output/tlc_trace_ticketholder_shrink_timeout_round2_metadir	mongodb-ordered-ticket-semaphore/.specula-output/spec/output/tlc_trace_ticketholder_shrink_timeout_round2_metadir	directory	0700	1784619755511923909				mkdir	run-directory		
mongodb-ordered-ticket-semaphore/.specula-output/spec/output/tlc_trace_timeout_sleeping_round2_metadir	mongodb-ordered-ticket-semaphore/.specula-output/spec/output/tlc_trace_timeout_sleeping_round2_metadir	directory	0700	1784619755530923937				mkdir	run-directory		
mongodb-ordered-ticket-semaphore/.specula-output/spec/output/tlc_trace_trace_round2_metadir	mongodb-ordered-ticket-semaphore/.specula-output/spec/output/tlc_trace_trace_round2_metadir	directory	0700	1784619755611924055				mkdir	run-directory		
mongodb-ordered-ticket-semaphore/.specula-output/spec/output/trace_validation_repair_round1_20260721133426.tsv	mongodb-ordered-ticket-semaphore/.specula-output/spec/output/trace_validation_repair_round1_20260721133426.tsv	file	0600	1784640869085622578	3695	0db3f8be1e146239de5bd23846512fee926a3a64a24ad09ef225d5f81a32575a		copy	run-evidence		
mongodb-ordered-ticket-semaphore/.specula-output/spec/output/trace_validation_round1_after_context_deadline_1784531420.list	mongodb-ordered-ticket-semaphore/.specula-output/spec/output/trace_validation_round1_after_context_deadline_1784531420.list	file	0600	1784531420055615540	2794	bfa5e1eb5c557ae87c5f03009c57b01969a691df257029b736716acf21350318		copy	run-evidence		
mongodb-ordered-ticket-semaphore/.specula-output/spec/output/trace_validation_round1_after_context_deadline_1784531420.tsv	mongodb-ordered-ticket-semaphore/.specula-output/spec/output/trace_validation_round1_after_context_deadline_1784531420.tsv	file	0600	1784531423620624771	1588	0759af32c22b97e5012c74c24217b6e028a1edc178b22047326f804d2535d0e7		copy	run-evidence		
mongodb-ordered-ticket-semaphore/.specula-output/spec/output/trace_validation_round1_after_tracefairness_1784531229.list	mongodb-ordered-ticket-semaphore/.specula-output/spec/output/trace_validation_round1_after_tracefairness_1784531229.list	file	0600	1784531229850114912	2794	bfa5e1eb5c557ae87c5f03009c57b01969a691df257029b736716acf21350318		copy	run-evidence		
mongodb-ordered-ticket-semaphore/.specula-output/spec/output/trace_validation_round1_after_tracefairness_1784531229.tsv	mongodb-ordered-ticket-semaphore/.specula-output/spec/output/trace_validation_round1_after_tracefairness_1784531229.tsv	file	0600	1784531233725121236	1542	a94decdff1ca664af54ba9ee42e2937689204a065f38e662aee4ea6791559533		copy	run-evidence		
mongodb-ordered-ticket-semaphore/.specula-output/spec/output/trace_validation_round2.tsv	mongodb-ordered-ticket-semaphore/.specula-output/spec/output/trace_validation_round2.tsv	file	0600	1784619755668924138	442	f9f172f98e2aedf30949bc4a13257701bbcd21f989112a813111b146e45092ba		copy	run-evidence		
mongodb-ordered-ticket-semaphore/.specula-output/spec/repair-ledger.md	mongodb-ordered-ticket-semaphore/.specula-output/spec/repair-ledger.md	file	0600	1784652704205850284	224	519f3fbbdd6985246d4362760b3e5684d94a9c03378f85287855da45ec8ae34c		copy	run-evidence		
mongodb-ordered-ticket-semaphore/.specula-output/spec/repair-requests	mongodb-ordered-ticket-semaphore/.specula-output/spec/repair-requests	directory	0700	1784640465196898595				mkdir	run-directory		
mongodb-ordered-ticket-semaphore/.specula-output/spec/repair-requests/RR-001.md	mongodb-ordered-ticket-semaphore/.specula-output/spec/repair-requests/RR-001.md	file	0600	1784641081880144730	2617	afd8547ba940a68e3f7211ef9f3b3c27cc55b2289ca0160303ef2c25f2bdfdc0		copy	run-evidence		
mongodb-ordered-ticket-semaphore/.specula-output/spec/review-specgen.activity.jsonl	mongodb-ordered-ticket-semaphore/.specula-output/spec/review-specgen.activity.jsonl	file	0600	1784528216846915376	28965	0936c48150efcc806f5156b01f56d7a739f55af57a1945d24409f211e9876a77		copy	run-evidence		
mongodb-ordered-ticket-semaphore/.specula-output/spec/review-specgen.last-message.txt	mongodb-ordered-ticket-semaphore/.specula-output/spec/review-specgen.last-message.txt	file	0600	1784528216859915399	672	db032b0a293ecc02f24fcc8f3cc60539507918c968fd98e5c796d9ab20e84097		copy	run-evidence		
mongodb-ordered-ticket-semaphore/.specula-output/spec/review-specgen.log	mongodb-ordered-ticket-semaphore/.specula-output/spec/review-specgen.log	file	0600	1784528216816915325	11980	0caaa267b427b1ad7d8a8a8d26383a2019e56dfa8c0f324b7f3a7f52da6da184		copy	run-evidence		
mongodb-ordered-ticket-semaphore/.specula-output/spec/review-specgen.md	mongodb-ordered-ticket-semaphore/.specula-output/spec/review-specgen.md	file	0600	1784528191610872816	4647	b97427c355e6b616f0135a217bded7db226a16436cd4e9981b639fef760910c8		copy	run-evidence		
mongodb-ordered-ticket-semaphore/.specula-output/spec/review-specgen.pid		file	0600	1784527815288216500	7	2c5bbc16f67d490fc9a2f727446fd8725829c5df418ddde0eae6ff1ecba7591b		exclude	non-evidence	ephemeral-process-id	
mongodb-ordered-ticket-semaphore/.specula-output/spec/review-specgen.usage.json	mongodb-ordered-ticket-semaphore/.specula-output/spec/review-specgen.usage.json	file	0600	1784528217391916314	245	c3a9ceaf852fed26db364653996fe24f3a0b2eea21a6a8cbc1f83c09ee3bfba9		copy	run-evidence		
mongodb-ordered-ticket-semaphore/.specula-output/spec/review-validation.activity.jsonl	mongodb-ordered-ticket-semaphore/.specula-output/spec/review-validation.activity.jsonl	file	0600	1784626208004649766	13114	965204112d6e7765ab00a05527c47281e02bdfa0f314a7e5d5dce221af29d640		copy	run-evidence		
mongodb-ordered-ticket-semaphore/.specula-output/spec/review-validation.last-message.txt	mongodb-ordered-ticket-semaphore/.specula-output/spec/review-validation.last-message.txt	file	0600	1784626208017649796	461	041c7a91dbb16776000a0c2ff20d9049a00792a67f9350d5091903a80b160558		copy	run-evidence		
mongodb-ordered-ticket-semaphore/.specula-output/spec/review-validation.log	mongodb-ordered-ticket-semaphore/.specula-output/spec/review-validation.log	file	0600	1784626207979649707	6046	1753124d6476c3c3c6d52571c005d4572d3eda53fcdc92a51b67eb0ec5da6865		copy	run-evidence		
mongodb-ordered-ticket-semaphore/.specula-output/spec/review-validation.md	mongodb-ordered-ticket-semaphore/.specula-output/spec/review-validation.md	file	0600	1784626194780618101	2070	29723735a5fb864e5f42eb964e94de9379adde3c8aa2e5df67ff2595a4309ff9		copy	run-evidence		
mongodb-ordered-ticket-semaphore/.specula-output/spec/review-validation.pid		file	0600	1784626076595338768	8	9566ef0f88bd053e8312780c6ce3f346ea543e5f789af820234cf176b54da749		exclude	non-evidence	ephemeral-process-id	
mongodb-ordered-ticket-semaphore/.specula-output/spec/review-validation.resume.json	mongodb-ordered-ticket-semaphore/.specula-output/spec/review-validation.resume.json	file	0600	1784626078223342453	177	787de6f880e31c105f3a72b46a25493b5b68de16a08bd7ce880fac9cd6296f56		copy	run-evidence		
mongodb-ordered-ticket-semaphore/.specula-output/spec/review-validation.usage.json	mongodb-ordered-ticket-semaphore/.specula-output/spec/review-validation.usage.json	file	0600	1784626208842651737	206	e9be49337d161679bc46ef22dc3244c0fa23f117316a64dbf95a63f76cc7ab0e		copy	run-evidence		
mongodb-ordered-ticket-semaphore/.specula-output/tlc-awake-budget-noshrink.log	mongodb-ordered-ticket-semaphore/.specula-output/tlc-awake-budget-noshrink.log	file	0600	1784522071864593256	5964	e37d5966957de223faf2d1ae519472118871a63306abcafb9987a9dc5d681f76		copy	run-evidence		
mongodb-ordered-ticket-semaphore/.specula-output/tlc-awake-budget.log	mongodb-ordered-ticket-semaphore/.specula-output/tlc-awake-budget.log	file	0600	1784522026535557925	5547	c79f743ea6dcc663ae264b521d417406d592c5d105a1decd65bc5676407fa87c		copy	run-evidence		
mongodb-ordered-ticket-semaphore/.specula-output/tlc-baseline.log	mongodb-ordered-ticket-semaphore/.specula-output/tlc-baseline.log	file	0600	1784521479344662767	4230	ed881ca8019986374aa312cf01d0f04d911a3100de5db7b3e687f6d4f0d980ec		copy	run-evidence		
mongodb-ordered-ticket-semaphore/.specula-output/traces	mongodb-ordered-ticket-semaphore/.specula-output/traces	directory	0700	1784530015660094338				mkdir	run-directory		
mongodb-ordered-ticket-semaphore/.specula-output/traces/concurrent_overlap.ndjson	mongodb-ordered-ticket-semaphore/.specula-output/traces/concurrent_overlap.ndjson	file	0600	1784530313863623426	6555	36df042da92dc2c4efd4a443a32cfaff68e11f288cae3d0001a5f1929d8e8e6d		copy	run-evidence		
mongodb-ordered-ticket-semaphore/.specula-output/traces/direct_overflow.ndjson	mongodb-ordered-ticket-semaphore/.specula-output/traces/direct_overflow.ndjson	file	0600	1784530313916623510	13289	6dd5a6761fae86a6e4dfa227d171074a1a5c67f5136e0bd108a783206618bbdd		copy	run-evidence		
mongodb-ordered-ticket-semaphore/.specula-output/traces/direct_priority.ndjson	mongodb-ordered-ticket-semaphore/.specula-output/traces/direct_priority.ndjson	file	0600	1784530313917623511	12984	0635e0880fbcc6c47a6bdff89c278658d652ca8384f43bc97480fe20bc3729dd		copy	run-evidence		
mongodb-ordered-ticket-semaphore/.specula-output/traces/interrupt_awake_cascade.ndjson	mongodb-ordered-ticket-semaphore/.specula-output/traces/interrupt_awake_cascade.ndjson	file	0600	1784530313917623511	14023	7cf5b0cab7ec8e5adb180b79a33f566fd4ed4a4e1797f1bdf6ffb6559dd1c636		copy	run-evidence		
mongodb-ordered-ticket-semaphore/.specula-output/traces/interrupt_sleeping.ndjson	mongodb-ordered-ticket-semaphore/.specula-output/traces/interrupt_sleeping.ndjson	file	0600	1784530313922623519	9650	9d789af278ec00b8e39dc6278de9a7bba50cc20989be61f45e57c2a4e38fb885		copy	run-evidence		
mongodb-ordered-ticket-semaphore/.specula-output/traces/load_shed_exempt_bypass.ndjson	mongodb-ordered-ticket-semaphore/.specula-output/traces/load_shed_exempt_bypass.ndjson	file	0600	1784530314009623656	21150	7efee47092f8ab45e9e9e7ab4d4673fd8e2cd6741d298c831783e7c4a5ea7c3d		copy	run-evidence		
mongodb-ordered-ticket-semaphore/.specula-output/traces/low_admission_bypass.ndjson	mongodb-ordered-ticket-semaphore/.specula-output/traces/low_admission_bypass.ndjson	file	0600	1784530314010623657	20924	f41e787a64f81851a523bcd104e9d36d01566235ece97db7853a44a10d2a40f6		copy	run-evidence		
mongodb-ordered-ticket-semaphore/.specula-output/traces/raw	mongodb-ordered-ticket-semaphore/.specula-output/traces/raw	directory	0700	1784530313447622773				mkdir	run-directory		
mongodb-ordered-ticket-semaphore/.specula-output/traces/raw/final-1784530089	mongodb-ordered-ticket-semaphore/.specula-output/traces/raw/final-1784530089	directory	0700	1784530090207241878				mkdir	run-directory		
mongodb-ordered-ticket-semaphore/.specula-output/traces/raw/final-1784530089/concurrent_overlap-thread-c1-76ee60be833311ce.ndjson	mongodb-ordered-ticket-semaphore/.specula-output/traces/raw/final-1784530089/concurrent_overlap-thread-c1-76ee60be833311ce.ndjson	file	0600	1784530090107241688	921	44379b3acf4e73a571c35a93570e502690312a64cf05e7bfcca3c7eafb5437a5		copy	run-evidence		
mongodb-ordered-ticket-semaphore/.specula-output/traces/raw/final-1784530089/concurrent_overlap-thread-c2-c4f2b6236cb5243.ndjson	mongodb-ordered-ticket-semaphore/.specula-output/traces/raw/final-1784530089/concurrent_overlap-thread-c2-c4f2b6236cb5243.ndjson	file	0600	1784530090107241688	1984	2d4be77b9b9cc91aa80d4ce9db51030ae0ed5207acf548bcb844b8faf8fc132d		copy	run-evidence		
mongodb-ordered-ticket-semaphore/.specula-output/traces/raw/final-1784530089/concurrent_overlap-thread-c3-4571e7266390908a.ndjson	mongodb-ordered-ticket-semaphore/.specula-output/traces/raw/final-1784530089/concurrent_overlap-thread-c3-4571e7266390908a.ndjson	file	0600	1784530090107241688	921	109500f2709498111d3f690915930cdb8c337200fbbdb741b9540a15b585ad2e		copy	run-evidence		
mongodb-ordered-ticket-semaphore/.specula-output/traces/raw/final-1784530089/direct_overflow-thread-c1-ed32ba8953cf7364.ndjson	mongodb-ordered-ticket-semaphore/.specula-output/traces/raw/final-1784530089/direct_overflow-thread-c1-ed32ba8953cf7364.ndjson	file	0600	1784530090115241703	3805	5d6d3b6e137abb1fc2ac5bb2c496d0099113d44c819d708f35648d164a55966c		copy	run-evidence		
mongodb-ordered-ticket-semaphore/.specula-output/traces/raw/final-1784530089/direct_overflow-thread-c2-c4f2b6236cb5243.ndjson	mongodb-ordered-ticket-semaphore/.specula-output/traces/raw/final-1784530089/direct_overflow-thread-c2-c4f2b6236cb5243.ndjson	file	0600	1784530090115241703	2926	4abec230717193ae17922bd5af4415245ac46d5d49ba3ba5ce4e34ea58f369aa		copy	run-evidence		
mongodb-ordered-ticket-semaphore/.specula-output/traces/raw/final-1784530089/direct_overflow-thread-c3-ed32ba8953cf7364.ndjson	mongodb-ordered-ticket-semaphore/.specula-output/traces/raw/final-1784530089/direct_overflow-thread-c3-ed32ba8953cf7364.ndjson	file	0600	1784530090115241703	1026	003d32ee4074a88c6449f66a46a70fce2b6333a8bc87003379ca405cf6f2a188		copy	run-evidence		
mongodb-ordered-ticket-semaphore/.specula-output/traces/raw/final-1784530089/direct_priority-thread-c1-ed32ba8953cf7364.ndjson	mongodb-ordered-ticket-semaphore/.specula-output/traces/raw/final-1784530089/direct_priority-thread-c1-ed32ba8953cf7364.ndjson	file	0600	1784530090095241665	1931	12e79d29dbe7d79f2dbed4b3efa61923de84d399fca5e6e64bed76a47d56aa8c		copy	run-evidence		
mongodb-ordered-ticket-semaphore/.specula-output/traces/raw/final-1784530089/direct_priority-thread-c2-ed32ba8953cf7364.ndjson	mongodb-ordered-ticket-semaphore/.specula-output/traces/raw/final-1784530089/direct_priority-thread-c2-ed32ba8953cf7364.ndjson	file	0600	1784530090095241665	1839	c181ab20308e7bcfc8678b0ff8285790194f5801895589547e1bebc910c57918		copy	run-evidence		
mongodb-ordered-ticket-semaphore/.specula-output/traces/raw/final-1784530089/direct_priority-thread-c3-76ee60be833311ce.ndjson	mongodb-ordered-ticket-semaphore/.specula-output/traces/raw/final-1784530089/direct_priority-thread-c3-76ee60be833311ce.ndjson	file	0600	1784530090095241665	2904	7b5d202f058f10f3d43202ee517d772cb08502e6c0aa3e5c67f3968487f9e338		copy	run-evidence		
mongodb-ordered-ticket-semaphore/.specula-output/traces/raw/final-1784530089/direct_priority-thread-c3-ed32ba8953cf7364.ndjson	mongodb-ordered-ticket-semaphore/.specula-output/traces/raw/final-1784530089/direct_priority-thread-c3-ed32ba8953cf7364.ndjson	file	0600	1784530090094241664	932	9331c306ec1fc9aff16b20d9a688354f1ca7ae4a640a2e88976fa21cf44050c9		copy	run-evidence		
mongodb-ordered-ticket-semaphore/.specula-output/traces/raw/final-1784530089/interrupt_awake_cascade-thread-c1-ed32ba8953cf7364.ndjson	mongodb-ordered-ticket-semaphore/.specula-output/traces/raw/final-1784530089/interrupt_awake_cascade-thread-c1-ed32ba8953cf7364.ndjson	file	0600	1784530090162241792	2969	5b2cb86d444dbadbe64878ca3aaafcbaa4dd5b32457f62403e101c2b18a39b3e		copy	run-evidence		
mongodb-ordered-ticket-semaphore/.specula-output/traces/raw/final-1784530089/interrupt_awake_cascade-thread-c2-c4f2b6236cb5243.ndjson	mongodb-ordered-ticket-semaphore/.specula-output/traces/raw/final-1784530089/interrupt_awake_cascade-thread-c2-c4f2b6236cb5243.ndjson	file	0600	1784530090162241792	2101	3d352c8da762fee418b834bb3993b4173194f6d850096291437f0cf6277df1ef		copy	run-evidence		
mongodb-ordered-ticket-semaphore/.specula-output/traces/raw/final-1784530089/interrupt_awake_cascade-thread-c3-4571e7266390908a.ndjson	mongodb-ordered-ticket-semaphore/.specula-output/traces/raw/final-1784530089/interrupt_awake_cascade-thread-c3-4571e7266390908a.ndjson	file	0600	1784530090162241792	3032	9492ca6fb14c2e0ece6bd33e49392f80eca3548baaa6564b8ff9e53ca18e1f99		copy	run-evidence		
mongodb-ordered-ticket-semaphore/.specula-output/traces/raw/final-1784530089/interrupt_sleeping-thread-c1-ed32ba8953cf7364.ndjson	mongodb-ordered-ticket-semaphore/.specula-output/traces/raw/final-1784530089/interrupt_sleeping-thread-c1-ed32ba8953cf7364.ndjson	file	0600	1784530090148241766	1843	8b5ed8ee28184525a57a279ebc756b38ce7bc1cedfd6f644c01230108b602497		copy	run-evidence		
mongodb-ordered-ticket-semaphore/.specula-output/traces/raw/final-1784530089/interrupt_sleeping-thread-c2-ed32ba8953cf7364.ndjson	mongodb-ordered-ticket-semaphore/.specula-output/traces/raw/final-1784530089/interrupt_sleeping-thread-c2-ed32ba8953cf7364.ndjson	file	0600	1784530090148241766	1843	13d044970cc1efa19eda876ebe48e5235655c652f0293d6ddc238f624acbf0df		copy	run-evidence		
mongodb-ordered-ticket-semaphore/.specula-output/traces/raw/final-1784530089/interrupt_sleeping-thread-c3-c4f2b6236cb5243.ndjson	mongodb-ordered-ticket-semaphore/.specula-output/traces/raw/final-1784530089/interrupt_sleeping-thread-c3-c4f2b6236cb5243.ndjson	file	0600	1784530090148241766	1988	65874dc14fdda4d907cc0faec1ae9dce6e4050519a6ad42bb22b606bb137e35a		copy	run-evidence		
mongodb-ordered-ticket-semaphore/.specula-output/traces/raw/final-1784530089/load_shed_exempt_bypass-thread-c1-ed32ba8953cf7364.ndjson	mongodb-ordered-ticket-semaphore/.specula-output/traces/raw/final-1784530089/load_shed_exempt_bypass-thread-c1-ed32ba8953cf7364.ndjson	file	0600	1784530090131241734	5016	3e1eb124dc6df9dce7e55bd646978e1f9f2a372fc4bd4b38834e2860bfdfd195		copy	run-evidence		
mongodb-ordered-ticket-semaphore/.specula-output/traces/raw/final-1784530089/load_shed_exempt_bypass-thread-c2-4571e7266390908a.ndjson	mongodb-ordered-ticket-semaphore/.specula-output/traces/raw/final-1784530089/load_shed_exempt_bypass-thread-c2-4571e7266390908a.ndjson	file	0600	1784530090131241734	2926	7c1ec649a012548f7845ee6596133053a4a2ae9fe75bbcd0be19cb73405909f6		copy	run-evidence		
mongodb-ordered-ticket-semaphore/.specula-output/traces/raw/final-1784530089/load_shed_exempt_bypass-thread-c3-c4f2b6236cb5243.ndjson	mongodb-ordered-ticket-semaphore/.specula-output/traces/raw/final-1784530089/load_shed_exempt_bypass-thread-c3-c4f2b6236cb5243.ndjson	file	0600	1784530090131241734	3204	5b06a10af06bfe23ecb011931a152db8002a30c36c09592d08c4eec008036532		copy	run-evidence		
mongodb-ordered-ticket-semaphore/.specula-output/traces/raw/final-1784530089/load_shed_exempt_bypass-thread-c3-ed32ba8953cf7364.ndjson	mongodb-ordered-ticket-semaphore/.specula-output/traces/raw/final-1784530089/load_shed_exempt_bypass-thread-c3-ed32ba8953cf7364.ndjson	file	0600	1784530090130241732	1024	0727925d2870076345b8dbdced53f71e1c376fdec2798cfb7e221a59dee7f983		copy	run-evidence		
mongodb-ordered-ticket-semaphore/.specula-output/traces/raw/final-1784530089/low_admission_bypass-thread-c1-ed32ba8953cf7364.ndjson	mongodb-ordered-ticket-semaphore/.specula-output/traces/raw/final-1784530089/low_admission_bypass-thread-c1-ed32ba8953cf7364.ndjson	file	0600	1784530090123241718	5016	dfd2b62b7e449235b2015197db6deee0b97b4ec5cda6fa1d3a2b26a24b468808		copy	run-evidence		
mongodb-ordered-ticket-semaphore/.specula-output/traces/raw/final-1784530089/low_admission_bypass-thread-c2-c4f2b6236cb5243.ndjson	mongodb-ordered-ticket-semaphore/.specula-output/traces/raw/final-1784530089/low_admission_bypass-thread-c2-c4f2b6236cb5243.ndjson	file	0600	1784530090123241718	2926	c0e670de9c477f30ef734eacdc0d56304b8f2d3d10b29c935729b11a58bf09fe		copy	run-evidence		
mongodb-ordered-ticket-semaphore/.specula-output/traces/raw/final-1784530089/low_admission_bypass-thread-c3-4571e7266390908a.ndjson	mongodb-ordered-ticket-semaphore/.specula-output/traces/raw/final-1784530089/low_admission_bypass-thread-c3-4571e7266390908a.ndjson	file	0600	1784530090123241718	3204	45217ec6bb6fc6daa139cb19b985501fff2c1e59f56913e494a5a29a67b025b6		copy	run-evidence		
mongodb-ordered-ticket-semaphore/.specula-output/traces/raw/final-1784530089/low_admission_bypass-thread-c3-ed32ba8953cf7364.ndjson	mongodb-ordered-ticket-semaphore/.specula-output/traces/raw/final-1784530089/low_admission_bypass-thread-c3-ed32ba8953cf7364.ndjson	file	0600	1784530090122241717	1024	dbf08d7d3781bf068a95c6f1e5d8aa4a4d7a07b25090c66f3a4b24c3cb756425		copy	run-evidence		
mongodb-ordered-ticket-semaphore/.specula-output/traces/raw/final-1784530089/shutdown_awake_cascade-thread-c1-ed32ba8953cf7364.ndjson	mongodb-ordered-ticket-semaphore/.specula-output/traces/raw/final-1784530089/shutdown_awake_cascade-thread-c1-ed32ba8953cf7364.ndjson	file	0600	1784530090169241806	2969	27bbfb14d30a247b90eaf6ac2e99ab43629d9cca7b140db52888a2386d1d28fe		copy	run-evidence		
mongodb-ordered-ticket-semaphore/.specula-output/traces/raw/final-1784530089/shutdown_awake_cascade-thread-c2-4571e7266390908a.ndjson	mongodb-ordered-ticket-semaphore/.specula-output/traces/raw/final-1784530089/shutdown_awake_cascade-thread-c2-4571e7266390908a.ndjson	file	0600	1784530090169241806	2099	96b6683944b8e157dd364e5000f111d6ccf72f3ef8e1d93f5ea7ccf83136c2ee		copy	run-evidence		
mongodb-ordered-ticket-semaphore/.specula-output/traces/raw/final-1784530089/shutdown_awake_cascade-thread-c3-c4f2b6236cb5243.ndjson	mongodb-ordered-ticket-semaphore/.specula-output/traces/raw/final-1784530089/shutdown_awake_cascade-thread-c3-c4f2b6236cb5243.ndjson	file	0600	1784530090169241806	3030	e1e8c5623215ab59d3f054f9ef5518e40c9292d3cabb3390fad5bef166fe8754		copy	run-evidence		
mongodb-ordered-ticket-semaphore/.specula-output/traces/raw/final-1784530089/shutdown_sleeping-thread-c1-ed32ba8953cf7364.ndjson	mongodb-ordered-ticket-semaphore/.specula-output/traces/raw/final-1784530089/shutdown_sleeping-thread-c1-ed32ba8953cf7364.ndjson	file	0600	1784530090155241779	1842	19b867af11788479ed2bbb14ff43d478b43e77b788263f1c2062328a7fd2f2ab		copy	run-evidence		
mongodb-ordered-ticket-semaphore/.specula-output/traces/raw/final-1784530089/shutdown_sleeping-thread-c2-ed32ba8953cf7364.ndjson	mongodb-ordered-ticket-semaphore/.specula-output/traces/raw/final-1784530089/shutdown_sleeping-thread-c2-ed32ba8953cf7364.ndjson	file	0600	1784530090155241779	1842	41cf5cdf0bd9f3fc12eb4c126925280eb3d00f03279ad8d99ede0dc0f98b011c		copy	run-evidence		
mongodb-ordered-ticket-semaphore/.specula-output/traces/raw/final-1784530089/shutdown_sleeping-thread-c3-c4f2b6236cb5243.ndjson	mongodb-ordered-ticket-semaphore/.specula-output/traces/raw/final-1784530089/shutdown_sleeping-thread-c3-c4f2b6236cb5243.ndjson	file	0600	1784530090155241779	1986	c7757cf2b8f2be1361c58c875a178f11b233ffbcfcb3017923fbaab27523b486		copy	run-evidence		
mongodb-ordered-ticket-semaphore/.specula-output/traces/raw/final-1784530089/ticketholder_grow_shrink_fast-thread-ResizerClient-ed32ba8953cf7364.ndjson	mongodb-ordered-ticket-semaphore/.specula-output/traces/raw/final-1784530089/ticketholder_grow_shrink_fast-thread-ResizerClient-ed32ba8953cf7364.ndjson	file	0600	1784530090176241819	3761	26d67cf7f81281ab0d38893fa2276e04d09b627b08e2d071129217ced3cc7eae		copy	run-evidence		
mongodb-ordered-ticket-semaphore/.specula-output/traces/raw/final-1784530089/ticketholder_grow_shrink_fast-thread-c1-ed32ba8953cf7364.ndjson	mongodb-ordered-ticket-semaphore/.specula-output/traces/raw/final-1784530089/ticketholder_grow_shrink_fast-thread-c1-ed32ba8953cf7364.ndjson	file	0600	1784530090175241817	1907	a572d3e29b80c5ba99a19049f1798f704ce1e46afe1ad103be2305fbe88cd9b5		copy	run-evidence		
mongodb-ordered-ticket-semaphore/.specula-output/traces/raw/final-1784530089/ticketholder_shrink_overflow-thread-ResizerClient-ed32ba8953cf7364.ndjson	mongodb-ordered-ticket-semaphore/.specula-output/traces/raw/final-1784530089/ticketholder_shrink_overflow-thread-ResizerClient-ed32ba8953cf7364.ndjson	file	0600	1784530090201241866	942	a87a9d4cdd19523ee3c25eacde5977b4cc1b6d5c8b879449b903b51234db76f8		copy	run-evidence		
mongodb-ordered-ticket-semaphore/.specula-output/traces/raw/final-1784530089/ticketholder_shrink_overflow-thread-c1-ed32ba8953cf7364.ndjson	mongodb-ordered-ticket-semaphore/.specula-output/traces/raw/final-1784530089/ticketholder_shrink_overflow-thread-c1-ed32ba8953cf7364.ndjson	file	0600	1784530090201241866	3731	5b980d6e5c0fa7db6337f82aaf9f7c3600227bdbe0ab6259bb3444c9d592ec09		copy	run-evidence		
mongodb-ordered-ticket-semaphore/.specula-output/traces/raw/final-1784530089/ticketholder_shrink_overflow-thread-c2-ed32ba8953cf7364.ndjson	mongodb-ordered-ticket-semaphore/.specula-output/traces/raw/final-1784530089/ticketholder_shrink_overflow-thread-c2-ed32ba8953cf7364.ndjson	file	0600	1784530090201241866	1842	e5918ebaace7a701454cba0ba9b4f2381e25160d2d0fe6440e4ce4f1dc36b07a		copy	run-evidence		
mongodb-ordered-ticket-semaphore/.specula-output/traces/raw/final-1784530089/ticketholder_shrink_queue_consume-thread-ResizerClient-c4f2b6236cb5243.ndjson	mongodb-ordered-ticket-semaphore/.specula-output/traces/raw/final-1784530089/ticketholder_shrink_queue_consume-thread-ResizerClient-c4f2b6236cb5243.ndjson	file	0600	1784530090183241832	2981	889db8d737b33212e0076333b0eeb40a72d8d6dcd63d50836829ed402627b16e		copy	run-evidence		
mongodb-ordered-ticket-semaphore/.specula-output/traces/raw/final-1784530089/ticketholder_shrink_queue_consume-thread-c1-c4f2b6236cb5243.ndjson	mongodb-ordered-ticket-semaphore/.specula-output/traces/raw/final-1784530089/ticketholder_shrink_queue_consume-thread-c1-c4f2b6236cb5243.ndjson	file	0600	1784530090182241830	957	82a16d2f3ebc008776cd99acaf1f51df4d44f42e33ff2efafce4c91e05180a65		copy	run-evidence		
mongodb-ordered-ticket-semaphore/.specula-output/traces/raw/final-1784530089/ticketholder_shrink_queue_consume-thread-c1-ed32ba8953cf7364.ndjson	mongodb-ordered-ticket-semaphore/.specula-output/traces/raw/final-1784530089/ticketholder_shrink_queue_consume-thread-c1-ed32ba8953cf7364.ndjson	file	0600	1784530090183241832	1953	46ddc74935150aad1e5871054d60a150dd76ddec2f9b15fb76e14b1433883f49		copy	run-evidence		
mongodb-ordered-ticket-semaphore/.specula-output/traces/raw/final-1784530089/ticketholder_shrink_queue_consume-thread-c2-ed32ba8953cf7364.ndjson	mongodb-ordered-ticket-semaphore/.specula-output/traces/raw/final-1784530089/ticketholder_shrink_queue_consume-thread-c2-ed32ba8953cf7364.ndjson	file	0600	1784530090183241832	1839	e81886c0b43cdf5345447a2b5c0667dba7acc524e75fa1181a9a128440bc0761		copy	run-evidence		
mongodb-ordered-ticket-semaphore/.specula-output/traces/raw/final-1784530089/ticketholder_shrink_start_interrupted-thread-c1-ed32ba8953cf7364.ndjson	mongodb-ordered-ticket-semaphore/.specula-output/traces/raw/final-1784530089/ticketholder_shrink_start_interrupted-thread-c1-ed32ba8953cf7364.ndjson	file	0600	1784530090207241878	963	0becc2f76ae4c4b0e4a68f30341f80919a822635a0a53d029e57c359df040de0		copy	run-evidence		
mongodb-ordered-ticket-semaphore/.specula-output/traces/raw/final-1784530089/ticketholder_shrink_timeout-thread-ResizerClient-ed32ba8953cf7364.ndjson	mongodb-ordered-ticket-semaphore/.specula-output/traces/raw/final-1784530089/ticketholder_shrink_timeout-thread-ResizerClient-ed32ba8953cf7364.ndjson	file	0600	1784530090194241853	2987	88f1d225592e76c112094923ad864b8c2d3ab44e7fe861c33657a901b1a614b6		copy	run-evidence		
mongodb-ordered-ticket-semaphore/.specula-output/traces/raw/final-1784530089/ticketholder_shrink_timeout-thread-c1-ed32ba8953cf7364.ndjson	mongodb-ordered-ticket-semaphore/.specula-output/traces/raw/final-1784530089/ticketholder_shrink_timeout-thread-c1-ed32ba8953cf7364.ndjson	file	0600	1784530090194241853	2799	d704dc0abff11fc9914923a9c985913c6825f35ad907b5bfda063ef9c1f09948		copy	run-evidence		
mongodb-ordered-ticket-semaphore/.specula-output/traces/raw/final-1784530089/ticketholder_shrink_timeout-thread-c2-ed32ba8953cf7364.ndjson	mongodb-ordered-ticket-semaphore/.specula-output/traces/raw/final-1784530089/ticketholder_shrink_timeout-thread-c2-ed32ba8953cf7364.ndjson	file	0600	1784530090194241853	1842	d52af68a61bebb1c772bc8302682b41cf35caffd9abb00a74388fbeb6fbc0c80		copy	run-evidence		
mongodb-ordered-ticket-semaphore/.specula-output/traces/raw/final-1784530089/timeout_sleeping-thread-c1-ed32ba8953cf7364.ndjson	mongodb-ordered-ticket-semaphore/.specula-output/traces/raw/final-1784530089/timeout_sleeping-thread-c1-ed32ba8953cf7364.ndjson	file	0600	1784530090141241753	1841	0e39f04f25e6719e6ec7426133ee6cf7e9f897d3b793e7a07dd7e998fd01a6c0		copy	run-evidence		
mongodb-ordered-ticket-semaphore/.specula-output/traces/raw/final-1784530089/timeout_sleeping-thread-c2-ed32ba8953cf7364.ndjson	mongodb-ordered-ticket-semaphore/.specula-output/traces/raw/final-1784530089/timeout_sleeping-thread-c2-ed32ba8953cf7364.ndjson	file	0600	1784530090141241753	1841	3003dcaa82ca03357ecc78177d9f910c1a2170f1fba5f82f30b32814dacbfaa0		copy	run-evidence		
mongodb-ordered-ticket-semaphore/.specula-output/traces/raw/final-1784530089/timeout_sleeping-thread-c3-ed32ba8953cf7364.ndjson	mongodb-ordered-ticket-semaphore/.specula-output/traces/raw/final-1784530089/timeout_sleeping-thread-c3-ed32ba8953cf7364.ndjson	file	0600	1784530090141241753	1984	5b25c721fd536f61b8142088cf48db270251920f4e7737e5f1e55e1a88fbc085		copy	run-evidence		
mongodb-ordered-ticket-semaphore/.specula-output/traces/raw/full-1784529857	mongodb-ordered-ticket-semaphore/.specula-output/traces/raw/full-1784529857	directory	0700	1784529858293759642				mkdir	run-directory		
mongodb-ordered-ticket-semaphore/.specula-output/traces/raw/full-1784529857/direct_overflow-thread-c1-6963e52270053b8.ndjson	mongodb-ordered-ticket-semaphore/.specula-output/traces/raw/full-1784529857/direct_overflow-thread-c1-6963e52270053b8.ndjson	file	0600	1784529858201759418	3805	4fa4c77ade3cb0bdc3cfc149f5c704f8286329f02a64980a86681ca8c36487c4		copy	run-evidence		
mongodb-ordered-ticket-semaphore/.specula-output/traces/raw/full-1784529857/direct_overflow-thread-c2-340883db91ae640b.ndjson	mongodb-ordered-ticket-semaphore/.specula-output/traces/raw/full-1784529857/direct_overflow-thread-c2-340883db91ae640b.ndjson	file	0600	1784529858201759418	2926	dc477550929413db0eb792106228739a617dbd571bfbde0d7efd80c301a5a0c5		copy	run-evidence		
mongodb-ordered-ticket-semaphore/.specula-output/traces/raw/full-1784529857/direct_overflow-thread-c3-6963e52270053b8.ndjson	mongodb-ordered-ticket-semaphore/.specula-output/traces/raw/full-1784529857/direct_overflow-thread-c3-6963e52270053b8.ndjson	file	0600	1784529858200759415	1026	4c22682001e0ae25f5f7996799dedd11c107ad2df6294ad87d062596b12da30f		copy	run-evidence		
mongodb-ordered-ticket-semaphore/.specula-output/traces/raw/full-1784529857/direct_priority-thread-c1-6963e52270053b8.ndjson	mongodb-ordered-ticket-semaphore/.specula-output/traces/raw/full-1784529857/direct_priority-thread-c1-6963e52270053b8.ndjson	file	0600	1784529858192759396	1931	fbfe024ebeedb96ebbfc0d0baf04e135c8ba8cdf99891eded4ac905a758ba679		copy	run-evidence		
mongodb-ordered-ticket-semaphore/.specula-output/traces/raw/full-1784529857/direct_priority-thread-c2-6963e52270053b8.ndjson	mongodb-ordered-ticket-semaphore/.specula-output/traces/raw/full-1784529857/direct_priority-thread-c2-6963e52270053b8.ndjson	file	0600	1784529858192759396	1839	f70eb01b6ce6142be1dbd5f25a682e9d4228b4057bb67c216a4c68861bd04d36		copy	run-evidence		
mongodb-ordered-ticket-semaphore/.specula-output/traces/raw/full-1784529857/direct_priority-thread-c3-340883db91ae640b.ndjson	mongodb-ordered-ticket-semaphore/.specula-output/traces/raw/full-1784529857/direct_priority-thread-c3-340883db91ae640b.ndjson	file	0600	1784529858192759396	2904	79edb68d1c3668f5b95554f9ddb76ff1e0b8b34932a037f3c29e6b950ceec5ef		copy	run-evidence		
mongodb-ordered-ticket-semaphore/.specula-output/traces/raw/full-1784529857/direct_priority-thread-c3-6963e52270053b8.ndjson	mongodb-ordered-ticket-semaphore/.specula-output/traces/raw/full-1784529857/direct_priority-thread-c3-6963e52270053b8.ndjson	file	0600	1784529858192759396	932	3ac59ca4f67aad1a2d17fe0cb0fc08cc3fceb231f70ffde8858071a19dd9fcad		copy	run-evidence		
mongodb-ordered-ticket-semaphore/.specula-output/traces/raw/full-1784529857/interrupt_awake_cascade-thread-c1-6963e52270053b8.ndjson	mongodb-ordered-ticket-semaphore/.specula-output/traces/raw/full-1784529857/interrupt_awake_cascade-thread-c1-6963e52270053b8.ndjson	file	0600	1784529858249759535	2969	79e4b97e50444b8f38fc95e4452c49dbedad6518e06730db883d69f7c1f0b5f4		copy	run-evidence		
mongodb-ordered-ticket-semaphore/.specula-output/traces/raw/full-1784529857/interrupt_awake_cascade-thread-c2-340883db91ae640b.ndjson	mongodb-ordered-ticket-semaphore/.specula-output/traces/raw/full-1784529857/interrupt_awake_cascade-thread-c2-340883db91ae640b.ndjson	file	0600	1784529858249759535	2101	5e1c7489e132495d01d88f9e756dee9927eda267fa7d7bef1e86384e0a13bd58		copy	run-evidence		
mongodb-ordered-ticket-semaphore/.specula-output/traces/raw/full-1784529857/interrupt_awake_cascade-thread-c3-75f8689cc28cf262.ndjson	mongodb-ordered-ticket-semaphore/.specula-output/traces/raw/full-1784529857/interrupt_awake_cascade-thread-c3-75f8689cc28cf262.ndjson	file	0600	1784529858249759535	3032	f8eebab6d33194118e1a77e0e28add9913a3490f30627eff6c6c2eaba3ae19f4		copy	run-evidence		
mongodb-ordered-ticket-semaphore/.specula-output/traces/raw/full-1784529857/interrupt_sleeping-thread-c1-6963e52270053b8.ndjson	mongodb-ordered-ticket-semaphore/.specula-output/traces/raw/full-1784529857/interrupt_sleeping-thread-c1-6963e52270053b8.ndjson	file	0600	1784529858235759501	1843	95a438f726152530272828fa304444c408c210c5c7d7a0558ae5e035a4177f8d		copy	run-evidence		
mongodb-ordered-ticket-semaphore/.specula-output/traces/raw/full-1784529857/interrupt_sleeping-thread-c2-6963e52270053b8.ndjson	mongodb-ordered-ticket-semaphore/.specula-output/traces/raw/full-1784529857/interrupt_sleeping-thread-c2-6963e52270053b8.ndjson	file	0600	1784529858235759501	1843	e8457bd30b73554ed65be06b8fffb970c43bb022d49ed666b8a993986de7790c		copy	run-evidence		
mongodb-ordered-ticket-semaphore/.specula-output/traces/raw/full-1784529857/interrupt_sleeping-thread-c3-340883db91ae640b.ndjson	mongodb-ordered-ticket-semaphore/.specula-output/traces/raw/full-1784529857/interrupt_sleeping-thread-c3-340883db91ae640b.ndjson	file	0600	1784529858235759501	1988	10df9f77afd961692102b437368a61d577494474c37606964238c254475e2cfc		copy	run-evidence		
mongodb-ordered-ticket-semaphore/.specula-output/traces/raw/full-1784529857/load_shed_exempt_bypass-thread-c1-6963e52270053b8.ndjson	mongodb-ordered-ticket-semaphore/.specula-output/traces/raw/full-1784529857/load_shed_exempt_bypass-thread-c1-6963e52270053b8.ndjson	file	0600	1784529858217759457	5016	d7dac5b9b2ca282c9248b390ff1395fc8a28d86371a06bcf7df9d1b07edf9f89		copy	run-evidence		
mongodb-ordered-ticket-semaphore/.specula-output/traces/raw/full-1784529857/load_shed_exempt_bypass-thread-c2-75f8689cc28cf262.ndjson	mongodb-ordered-ticket-semaphore/.specula-output/traces/raw/full-1784529857/load_shed_exempt_bypass-thread-c2-75f8689cc28cf262.ndjson	file	0600	1784529858217759457	2926	38a27496a273be76f1da3ca4abbdcf1cc2547f908dd05eaca6bb42852ad70a26		copy	run-evidence		
mongodb-ordered-ticket-semaphore/.specula-output/traces/raw/full-1784529857/load_shed_exempt_bypass-thread-c3-340883db91ae640b.ndjson	mongodb-ordered-ticket-semaphore/.specula-output/traces/raw/full-1784529857/load_shed_exempt_bypass-thread-c3-340883db91ae640b.ndjson	file	0600	1784529858217759457	3204	6c00646d7ce0c105634e64a673df2a4b347959d85aeb428583c078ffeb3d7a43		copy	run-evidence		
mongodb-ordered-ticket-semaphore/.specula-output/traces/raw/full-1784529857/load_shed_exempt_bypass-thread-c3-6963e52270053b8.ndjson	mongodb-ordered-ticket-semaphore/.specula-output/traces/raw/full-1784529857/load_shed_exempt_bypass-thread-c3-6963e52270053b8.ndjson	file	0600	1784529858216759454	931	fe3d26edd8a710d1ae17c4ca153cdfee56b265c1b47705313d145963f6397b54		copy	run-evidence		
mongodb-ordered-ticket-semaphore/.specula-output/traces/raw/full-1784529857/low_admission_bypass-thread-c1-6963e52270053b8.ndjson	mongodb-ordered-ticket-semaphore/.specula-output/traces/raw/full-1784529857/low_admission_bypass-thread-c1-6963e52270053b8.ndjson	file	0600	1784529858209759437	5016	06a57de52d8b42acc10d1eb18f9f39b72b0fbb611497173762455dcd0a91121d		copy	run-evidence		
mongodb-ordered-ticket-semaphore/.specula-output/traces/raw/full-1784529857/low_admission_bypass-thread-c2-340883db91ae640b.ndjson	mongodb-ordered-ticket-semaphore/.specula-output/traces/raw/full-1784529857/low_admission_bypass-thread-c2-340883db91ae640b.ndjson	file	0600	1784529858209759437	2926	71e73400c4891cb202144f2e3dbc2634ab4681058e1c7076c7b69c8b71714f4a		copy	run-evidence		
mongodb-ordered-ticket-semaphore/.specula-output/traces/raw/full-1784529857/low_admission_bypass-thread-c3-6963e52270053b8.ndjson	mongodb-ordered-ticket-semaphore/.specula-output/traces/raw/full-1784529857/low_admission_bypass-thread-c3-6963e52270053b8.ndjson	file	0600	1784529858208759435	1024	0469edc6b7246f625cbedd4bee83778e07b36c2d6fc224a6e0495cda73afb303		copy	run-evidence		
mongodb-ordered-ticket-semaphore/.specula-output/traces/raw/full-1784529857/low_admission_bypass-thread-c3-75f8689cc28cf262.ndjson	mongodb-ordered-ticket-semaphore/.specula-output/traces/raw/full-1784529857/low_admission_bypass-thread-c3-75f8689cc28cf262.ndjson	file	0600	1784529858209759437	3204	e9a5315cd438b54c1a405739ffd77d781fc0fa4fcc36faaa807cc72b6fcb13ef		copy	run-evidence		
mongodb-ordered-ticket-semaphore/.specula-output/traces/raw/full-1784529857/shutdown_awake_cascade-thread-c1-6963e52270053b8.ndjson	mongodb-ordered-ticket-semaphore/.specula-output/traces/raw/full-1784529857/shutdown_awake_cascade-thread-c1-6963e52270053b8.ndjson	file	0600	1784529858256759552	2969	b449dcac4ddd4e1d98473ef6cb517d5f581d83b58882548904ef8030ae895ee6		copy	run-evidence		
mongodb-ordered-ticket-semaphore/.specula-output/traces/raw/full-1784529857/shutdown_awake_cascade-thread-c2-75f8689cc28cf262.ndjson	mongodb-ordered-ticket-semaphore/.specula-output/traces/raw/full-1784529857/shutdown_awake_cascade-thread-c2-75f8689cc28cf262.ndjson	file	0600	1784529858256759552	2099	3f83776a00d50ea9baf04a626cfe1e180aecc4dc688b573277bc7ea184885b34		copy	run-evidence		
mongodb-ordered-ticket-semaphore/.specula-output/traces/raw/full-1784529857/shutdown_awake_cascade-thread-c3-340883db91ae640b.ndjson	mongodb-ordered-ticket-semaphore/.specula-output/traces/raw/full-1784529857/shutdown_awake_cascade-thread-c3-340883db91ae640b.ndjson	file	0600	1784529858257759554	3030	a4d012a9146b1c2ef9232d77326a6d94bc1bdee969dd80db312d09bbc132e4f6		copy	run-evidence		
mongodb-ordered-ticket-semaphore/.specula-output/traces/raw/full-1784529857/shutdown_sleeping-thread-c1-6963e52270053b8.ndjson	mongodb-ordered-ticket-semaphore/.specula-output/traces/raw/full-1784529857/shutdown_sleeping-thread-c1-6963e52270053b8.ndjson	file	0600	1784529858242759518	1842	4808a21af31dd180caaffc6cd31e585e608252fe441d7d200bb6c67104d6ba59		copy	run-evidence		
mongodb-ordered-ticket-semaphore/.specula-output/traces/raw/full-1784529857/shutdown_sleeping-thread-c2-6963e52270053b8.ndjson	mongodb-ordered-ticket-semaphore/.specula-output/traces/raw/full-1784529857/shutdown_sleeping-thread-c2-6963e52270053b8.ndjson	file	0600	1784529858242759518	1842	a319f3c5fd4ab60a9241e18e7bea763ae066217daffb22d8266ebe420166778a		copy	run-evidence		
mongodb-ordered-ticket-semaphore/.specula-output/traces/raw/full-1784529857/shutdown_sleeping-thread-c3-340883db91ae640b.ndjson	mongodb-ordered-ticket-semaphore/.specula-output/traces/raw/full-1784529857/shutdown_sleeping-thread-c3-340883db91ae640b.ndjson	file	0600	1784529858242759518	1986	d92ebcd059302a81139ca1185e295e268d92fb102ac98804bcc5d0f35f0de789		copy	run-evidence		
mongodb-ordered-ticket-semaphore/.specula-output/traces/raw/full-1784529857/ticketholder_grow_shrink_fast-thread-ResizerClient-6963e52270053b8.ndjson	mongodb-ordered-ticket-semaphore/.specula-output/traces/raw/full-1784529857/ticketholder_grow_shrink_fast-thread-ResizerClient-6963e52270053b8.ndjson	file	0600	1784529858263759569	3761	1ac4e168fd1aa32cd152862629ba9a183854a02314423d333ad801600557096e		copy	run-evidence		
mongodb-ordered-ticket-semaphore/.specula-output/traces/raw/full-1784529857/ticketholder_grow_shrink_fast-thread-c1-6963e52270053b8.ndjson	mongodb-ordered-ticket-semaphore/.specula-output/traces/raw/full-1784529857/ticketholder_grow_shrink_fast-thread-c1-6963e52270053b8.ndjson	file	0600	1784529858263759569	1907	6ef69cfa31f2b5f6c5941edf0674ccb8182418d2d70e2b87562c9bbd76ef010e		copy	run-evidence		
mongodb-ordered-ticket-semaphore/.specula-output/traces/raw/full-1784529857/ticketholder_shrink_overflow-thread-ResizerClient-6963e52270053b8.ndjson	mongodb-ordered-ticket-semaphore/.specula-output/traces/raw/full-1784529857/ticketholder_shrink_overflow-thread-ResizerClient-6963e52270053b8.ndjson	file	0600	1784529858287759628	1893	f9b464dca9e280106f08dbfc6d6d4197283da73df6226b60d238156e2065626b		copy	run-evidence		
mongodb-ordered-ticket-semaphore/.specula-output/traces/raw/full-1784529857/ticketholder_shrink_overflow-thread-c1-6963e52270053b8.ndjson	mongodb-ordered-ticket-semaphore/.specula-output/traces/raw/full-1784529857/ticketholder_shrink_overflow-thread-c1-6963e52270053b8.ndjson	file	0600	1784529858287759628	3734	00cb09c424ecaff1f836040d6f691609cace06eadb9bfc82fe3ab339774c4327		copy	run-evidence		
mongodb-ordered-ticket-semaphore/.specula-output/traces/raw/full-1784529857/ticketholder_shrink_overflow-thread-c2-6963e52270053b8.ndjson	mongodb-ordered-ticket-semaphore/.specula-output/traces/raw/full-1784529857/ticketholder_shrink_overflow-thread-c2-6963e52270053b8.ndjson	file	0600	1784529858287759628	1845	f00123d723cb9f4951884f11af5166169665b13813797b71aa741bd771ce8571		copy	run-evidence		
mongodb-ordered-ticket-semaphore/.specula-output/traces/raw/full-1784529857/ticketholder_shrink_queue_consume-thread-ResizerClient-340883db91ae640b.ndjson	mongodb-ordered-ticket-semaphore/.specula-output/traces/raw/full-1784529857/ticketholder_shrink_queue_consume-thread-ResizerClient-340883db91ae640b.ndjson	file	0600	1784529858270759586	2981	6611e90f5124bebde720b02f21dd3963a7f02e82e48ced2bd13f4affa47d5012		copy	run-evidence		
mongodb-ordered-ticket-semaphore/.specula-output/traces/raw/full-1784529857/ticketholder_shrink_queue_consume-thread-c1-340883db91ae640b.ndjson	mongodb-ordered-ticket-semaphore/.specula-output/traces/raw/full-1784529857/ticketholder_shrink_queue_consume-thread-c1-340883db91ae640b.ndjson	file	0600	1784529858269759584	957	44a5372addfcb806b4ef88cb9d7a66e67bd3e4d77098f633d6f403795cc6a9a7		copy	run-evidence		
mongodb-ordered-ticket-semaphore/.specula-output/traces/raw/full-1784529857/ticketholder_shrink_queue_consume-thread-c1-6963e52270053b8.ndjson	mongodb-ordered-ticket-semaphore/.specula-output/traces/raw/full-1784529857/ticketholder_shrink_queue_consume-thread-c1-6963e52270053b8.ndjson	file	0600	1784529858270759586	1953	e486c2e8e902ce13ab873989b9230f604e1c2f62fc67f7245ec934de5358a240		copy	run-evidence		
mongodb-ordered-ticket-semaphore/.specula-output/traces/raw/full-1784529857/ticketholder_shrink_queue_consume-thread-c2-6963e52270053b8.ndjson	mongodb-ordered-ticket-semaphore/.specula-output/traces/raw/full-1784529857/ticketholder_shrink_queue_consume-thread-c2-6963e52270053b8.ndjson	file	0600	1784529858270759586	1839	8e9214ec4cf2e243b3ac7c61aa3becdbf4aa5466f90ba0e185c644348a897698		copy	run-evidence		
mongodb-ordered-ticket-semaphore/.specula-output/traces/raw/full-1784529857/ticketholder_shrink_start_interrupted-thread-c1-6963e52270053b8.ndjson	mongodb-ordered-ticket-semaphore/.specula-output/traces/raw/full-1784529857/ticketholder_shrink_start_interrupted-thread-c1-6963e52270053b8.ndjson	file	0600	1784529858293759642	963	7080c83d5ede813389fce52cebbbdb7dd5c70104a7bc05c8bcee02e8b6a210be		copy	run-evidence		
mongodb-ordered-ticket-semaphore/.specula-output/traces/raw/full-1784529857/ticketholder_shrink_timeout-thread-ResizerClient-6963e52270053b8.ndjson	mongodb-ordered-ticket-semaphore/.specula-output/traces/raw/full-1784529857/ticketholder_shrink_timeout-thread-ResizerClient-6963e52270053b8.ndjson	file	0600	1784529858280759611	2987	6504b62d03b20ac0c383c93fdd0ffb0eebbd28a88de140f3c66140baba04d959		copy	run-evidence		
mongodb-ordered-ticket-semaphore/.specula-output/traces/raw/full-1784529857/ticketholder_shrink_timeout-thread-c1-6963e52270053b8.ndjson	mongodb-ordered-ticket-semaphore/.specula-output/traces/raw/full-1784529857/ticketholder_shrink_timeout-thread-c1-6963e52270053b8.ndjson	file	0600	1784529858280759611	2799	289561ce4bc19a7f9fd2e2a4e85989d85d806c3010893743238fc039acf8b06a		copy	run-evidence		
mongodb-ordered-ticket-semaphore/.specula-output/traces/raw/full-1784529857/ticketholder_shrink_timeout-thread-c2-6963e52270053b8.ndjson	mongodb-ordered-ticket-semaphore/.specula-output/traces/raw/full-1784529857/ticketholder_shrink_timeout-thread-c2-6963e52270053b8.ndjson	file	0600	1784529858280759611	1842	e15e6eb752a59ae26b400e520dfde694c987611d08b947e733fe1b72b99d0671		copy	run-evidence		
mongodb-ordered-ticket-semaphore/.specula-output/traces/raw/full-1784529857/timeout_sleeping-thread-c1-6963e52270053b8.ndjson	mongodb-ordered-ticket-semaphore/.specula-output/traces/raw/full-1784529857/timeout_sleeping-thread-c1-6963e52270053b8.ndjson	file	0600	1784529858228759483	1841	e2ce5cba2683bbc04f7bfe9a4055805fe3258176ac5cd3bedefc2aa932d4a332		copy	run-evidence		
mongodb-ordered-ticket-semaphore/.specula-output/traces/raw/full-1784529857/timeout_sleeping-thread-c2-6963e52270053b8.ndjson	mongodb-ordered-ticket-semaphore/.specula-output/traces/raw/full-1784529857/timeout_sleeping-thread-c2-6963e52270053b8.ndjson	file	0600	1784529858228759483	1841	86b72dfd3d0bf548bb32e1f0997c52865c70fa90d03605630c635556b0f954a6		copy	run-evidence		
mongodb-ordered-ticket-semaphore/.specula-output/traces/raw/full-1784529857/timeout_sleeping-thread-c3-6963e52270053b8.ndjson	mongodb-ordered-ticket-semaphore/.specula-output/traces/raw/full-1784529857/timeout_sleeping-thread-c3-6963e52270053b8.ndjson	file	0600	1784529858228759483	1984	40d306bdfaef238cfed9cfb53beac419eb9dcf64ce4c4eb5188ca5dba505f290		copy	run-evidence		
mongodb-ordered-ticket-semaphore/.specula-output/traces/raw/full-1784530015	mongodb-ordered-ticket-semaphore/.specula-output/traces/raw/full-1784530015	directory	0700	1784530015618094245				mkdir	run-directory		
mongodb-ordered-ticket-semaphore/.specula-output/traces/raw/full-1784530015/concurrent_overlap-thread-c1-31017f2a3b140e97.ndjson	mongodb-ordered-ticket-semaphore/.specula-output/traces/raw/full-1784530015/concurrent_overlap-thread-c1-31017f2a3b140e97.ndjson	file	0600	1784530015524094037	1839	edaa369e443677586f142a9fafb58243bc044bba676d9566c58461a2d17967b7		copy	run-evidence		
mongodb-ordered-ticket-semaphore/.specula-output/traces/raw/full-1784530015/concurrent_overlap-thread-c2-a021e57cbb1d52be.ndjson	mongodb-ordered-ticket-semaphore/.specula-output/traces/raw/full-1784530015/concurrent_overlap-thread-c2-a021e57cbb1d52be.ndjson	file	0600	1784530015524094037	2904	a26233cd2ebf48a962618bcf3e1ffc518dace26b7f516988be54548973c31104		copy	run-evidence		
mongodb-ordered-ticket-semaphore/.specula-output/traces/raw/full-1784530015/concurrent_overlap-thread-c3-5961b8d729a7fe15.ndjson	mongodb-ordered-ticket-semaphore/.specula-output/traces/raw/full-1784530015/concurrent_overlap-thread-c3-5961b8d729a7fe15.ndjson	file	0600	1784530015524094037	1931	cf1e194a4f9484fff300cd60b57aec24547f9f9da3f595ebac5fc06745170d33		copy	run-evidence		
mongodb-ordered-ticket-semaphore/.specula-output/traces/raw/full-1784530015/direct_overflow-thread-c1-5150b5e0b1b06d13.ndjson	mongodb-ordered-ticket-semaphore/.specula-output/traces/raw/full-1784530015/direct_overflow-thread-c1-5150b5e0b1b06d13.ndjson	file	0600	1784530015531094052	3805	7e5013d76da6914739c87aa523366832aadefb1804086bdffec49e554fee049a		copy	run-evidence		
mongodb-ordered-ticket-semaphore/.specula-output/traces/raw/full-1784530015/direct_overflow-thread-c2-5961b8d729a7fe15.ndjson	mongodb-ordered-ticket-semaphore/.specula-output/traces/raw/full-1784530015/direct_overflow-thread-c2-5961b8d729a7fe15.ndjson	file	0600	1784530015531094052	2926	62a5062c5acfc61eabf84d09abdde7091f51b90d23cc6309c852fe06c2a03436		copy	run-evidence		
mongodb-ordered-ticket-semaphore/.specula-output/traces/raw/full-1784530015/direct_overflow-thread-c3-5150b5e0b1b06d13.ndjson	mongodb-ordered-ticket-semaphore/.specula-output/traces/raw/full-1784530015/direct_overflow-thread-c3-5150b5e0b1b06d13.ndjson	file	0600	1784530015531094052	1026	fde506037a04809211c35a0b3dcddb9e02c139e751c8b7ebe44aacfa4d022503		copy	run-evidence		
mongodb-ordered-ticket-semaphore/.specula-output/traces/raw/full-1784530015/direct_priority-thread-c1-5150b5e0b1b06d13.ndjson	mongodb-ordered-ticket-semaphore/.specula-output/traces/raw/full-1784530015/direct_priority-thread-c1-5150b5e0b1b06d13.ndjson	file	0600	1784530015514094015	1931	26b27170429724497378305dfaf0bed42146569386c991d40ec1f92202e68216		copy	run-evidence		
mongodb-ordered-ticket-semaphore/.specula-output/traces/raw/full-1784530015/direct_priority-thread-c2-5150b5e0b1b06d13.ndjson	mongodb-ordered-ticket-semaphore/.specula-output/traces/raw/full-1784530015/direct_priority-thread-c2-5150b5e0b1b06d13.ndjson	file	0600	1784530015514094015	1839	5d4562212efad99ae2ced20bbaa743975458a2b3523854da480939c188fcff26		copy	run-evidence		
mongodb-ordered-ticket-semaphore/.specula-output/traces/raw/full-1784530015/direct_priority-thread-c3-31017f2a3b140e97.ndjson	mongodb-ordered-ticket-semaphore/.specula-output/traces/raw/full-1784530015/direct_priority-thread-c3-31017f2a3b140e97.ndjson	file	0600	1784530015514094015	2904	a63e26a6d90bed14472179a9b75d1dd3d98d6e6dcfb4269573e1d73b7bdc410c		copy	run-evidence		
mongodb-ordered-ticket-semaphore/.specula-output/traces/raw/full-1784530015/direct_priority-thread-c3-5150b5e0b1b06d13.ndjson	mongodb-ordered-ticket-semaphore/.specula-output/traces/raw/full-1784530015/direct_priority-thread-c3-5150b5e0b1b06d13.ndjson	file	0600	1784530015513094013	932	c561d209d323c2e96048ada8072399a570d9c660fce1407d29276817db4c20d4		copy	run-evidence		
mongodb-ordered-ticket-semaphore/.specula-output/traces/raw/full-1784530015/interrupt_awake_cascade-thread-c1-5150b5e0b1b06d13.ndjson	mongodb-ordered-ticket-semaphore/.specula-output/traces/raw/full-1784530015/interrupt_awake_cascade-thread-c1-5150b5e0b1b06d13.ndjson	file	0600	1784530015577094155	2969	06ac5830d61542860a201edb72da275875162230ce29ba009d5c2b89ebc3e22f		copy	run-evidence		
mongodb-ordered-ticket-semaphore/.specula-output/traces/raw/full-1784530015/interrupt_awake_cascade-thread-c2-5961b8d729a7fe15.ndjson	mongodb-ordered-ticket-semaphore/.specula-output/traces/raw/full-1784530015/interrupt_awake_cascade-thread-c2-5961b8d729a7fe15.ndjson	file	0600	1784530015577094155	2101	af057e984e258a6c4ac687d168ea268dd13da531de073c70c340d4e9180ed06e		copy	run-evidence		
mongodb-ordered-ticket-semaphore/.specula-output/traces/raw/full-1784530015/interrupt_awake_cascade-thread-c3-a021e57cbb1d52be.ndjson	mongodb-ordered-ticket-semaphore/.specula-output/traces/raw/full-1784530015/interrupt_awake_cascade-thread-c3-a021e57cbb1d52be.ndjson	file	0600	1784530015577094155	3032	3b8c3391bf27107e2ef59e208af1d6d2959681cd9fc47c9c24d23c5546ae03e4		copy	run-evidence		
mongodb-ordered-ticket-semaphore/.specula-output/traces/raw/full-1784530015/interrupt_sleeping-thread-c1-5150b5e0b1b06d13.ndjson	mongodb-ordered-ticket-semaphore/.specula-output/traces/raw/full-1784530015/interrupt_sleeping-thread-c1-5150b5e0b1b06d13.ndjson	file	0600	1784530015563094123	1843	9a047644a079bdf357da2f26aba345f170acc8782e289e5d96e2dc6d8363e2e1		copy	run-evidence		
mongodb-ordered-ticket-semaphore/.specula-output/traces/raw/full-1784530015/interrupt_sleeping-thread-c2-5150b5e0b1b06d13.ndjson	mongodb-ordered-ticket-semaphore/.specula-output/traces/raw/full-1784530015/interrupt_sleeping-thread-c2-5150b5e0b1b06d13.ndjson	file	0600	1784530015564094126	1843	17683d5d7132fc922f8d5452ff249e5fd8a4047d2392c5cd5de6e58c5358ce42		copy	run-evidence		
mongodb-ordered-ticket-semaphore/.specula-output/traces/raw/full-1784530015/interrupt_sleeping-thread-c3-5961b8d729a7fe15.ndjson	mongodb-ordered-ticket-semaphore/.specula-output/traces/raw/full-1784530015/interrupt_sleeping-thread-c3-5961b8d729a7fe15.ndjson	file	0600	1784530015564094126	1988	c67dcac712a87c41b30dc767b60650bde68ebf4ae4043e47cc0e2c823548e7ca		copy	run-evidence		
mongodb-ordered-ticket-semaphore/.specula-output/traces/raw/full-1784530015/load_shed_exempt_bypass-thread-c1-5150b5e0b1b06d13.ndjson	mongodb-ordered-ticket-semaphore/.specula-output/traces/raw/full-1784530015/load_shed_exempt_bypass-thread-c1-5150b5e0b1b06d13.ndjson	file	0600	1784530015546094086	5016	e56140aba20e28acbcc8a895e44428322e154f2bec0d85285ae26edc655b0920		copy	run-evidence		
mongodb-ordered-ticket-semaphore/.specula-output/traces/raw/full-1784530015/load_shed_exempt_bypass-thread-c2-a021e57cbb1d52be.ndjson	mongodb-ordered-ticket-semaphore/.specula-output/traces/raw/full-1784530015/load_shed_exempt_bypass-thread-c2-a021e57cbb1d52be.ndjson	file	0600	1784530015546094086	2926	37408b6ee0e9daf6d0b82efb83ab95bd31645624346bc60726c7d300f6ea5266		copy	run-evidence		
mongodb-ordered-ticket-semaphore/.specula-output/traces/raw/full-1784530015/load_shed_exempt_bypass-thread-c3-5150b5e0b1b06d13.ndjson	mongodb-ordered-ticket-semaphore/.specula-output/traces/raw/full-1784530015/load_shed_exempt_bypass-thread-c3-5150b5e0b1b06d13.ndjson	file	0600	1784530015546094086	1024	d1e8971838601a8d03de4258c840bfaffe31d8313e0e7eece29ce49fdc3c43a3		copy	run-evidence		
mongodb-ordered-ticket-semaphore/.specula-output/traces/raw/full-1784530015/load_shed_exempt_bypass-thread-c3-5961b8d729a7fe15.ndjson	mongodb-ordered-ticket-semaphore/.specula-output/traces/raw/full-1784530015/load_shed_exempt_bypass-thread-c3-5961b8d729a7fe15.ndjson	file	0600	1784530015546094086	3204	eaeba494dd1cbc905c5ff58e3ea76264e718d4237692a0afb24da4d27ef0631b		copy	run-evidence		
mongodb-ordered-ticket-semaphore/.specula-output/traces/raw/full-1784530015/low_admission_bypass-thread-c1-5150b5e0b1b06d13.ndjson	mongodb-ordered-ticket-semaphore/.specula-output/traces/raw/full-1784530015/low_admission_bypass-thread-c1-5150b5e0b1b06d13.ndjson	file	0600	1784530015539094070	5016	62817af1f7a4a170a99616e280a80abee44ad3e27644e13a96e060f1af0235e9		copy	run-evidence		
mongodb-ordered-ticket-semaphore/.specula-output/traces/raw/full-1784530015/low_admission_bypass-thread-c2-5961b8d729a7fe15.ndjson	mongodb-ordered-ticket-semaphore/.specula-output/traces/raw/full-1784530015/low_admission_bypass-thread-c2-5961b8d729a7fe15.ndjson	file	0600	1784530015539094070	3110	8501d84a8475bf70e40c0ce66ae9f5f48f0d46d34ccb3e3f488e13dfa3bb43bc		copy	run-evidence		
mongodb-ordered-ticket-semaphore/.specula-output/traces/raw/full-1784530015/low_admission_bypass-thread-c3-5150b5e0b1b06d13.ndjson	mongodb-ordered-ticket-semaphore/.specula-output/traces/raw/full-1784530015/low_admission_bypass-thread-c3-5150b5e0b1b06d13.ndjson	file	0600	1784530015538094068	1024	9df3587ec5232bc696b66440b25f7849596980130864c74be47ba911eefc2924		copy	run-evidence		
mongodb-ordered-ticket-semaphore/.specula-output/traces/raw/full-1784530015/low_admission_bypass-thread-c3-a021e57cbb1d52be.ndjson	mongodb-ordered-ticket-semaphore/.specula-output/traces/raw/full-1784530015/low_admission_bypass-thread-c3-a021e57cbb1d52be.ndjson	file	0600	1784530015539094070	3020	e3e201160cf73143bae2c4667a311951eeb732c3cbcf14a7d1c7931543453b1e		copy	run-evidence		
mongodb-ordered-ticket-semaphore/.specula-output/traces/raw/full-1784530015/shutdown_awake_cascade-thread-c1-5150b5e0b1b06d13.ndjson	mongodb-ordered-ticket-semaphore/.specula-output/traces/raw/full-1784530015/shutdown_awake_cascade-thread-c1-5150b5e0b1b06d13.ndjson	file	0600	1784530015584094170	2969	e12bf11bd4c099193e6e5579ae126e2643cb39e186adfe5f431b53b2927986e5		copy	run-evidence		
mongodb-ordered-ticket-semaphore/.specula-output/traces/raw/full-1784530015/shutdown_awake_cascade-thread-c2-a021e57cbb1d52be.ndjson	mongodb-ordered-ticket-semaphore/.specula-output/traces/raw/full-1784530015/shutdown_awake_cascade-thread-c2-a021e57cbb1d52be.ndjson	file	0600	1784530015584094170	2099	1df44ddab8d1bd21960088f2201228b49e59190f8f4c959a4ef999ebc1238212		copy	run-evidence		
mongodb-ordered-ticket-semaphore/.specula-output/traces/raw/full-1784530015/shutdown_awake_cascade-thread-c3-5961b8d729a7fe15.ndjson	mongodb-ordered-ticket-semaphore/.specula-output/traces/raw/full-1784530015/shutdown_awake_cascade-thread-c3-5961b8d729a7fe15.ndjson	file	0600	1784530015584094170	3030	4e678214bc8517d781e02b78cd69979c2e067f8a5b0a2623732ea2d7ffbcf1a5		copy	run-evidence		
mongodb-ordered-ticket-semaphore/.specula-output/traces/raw/full-1784530015/shutdown_sleeping-thread-c1-5150b5e0b1b06d13.ndjson	mongodb-ordered-ticket-semaphore/.specula-output/traces/raw/full-1784530015/shutdown_sleeping-thread-c1-5150b5e0b1b06d13.ndjson	file	0600	1784530015570094139	1842	eae4fdb0d928d971b821f0a8b1199bf404116b1f0a5cd3f785f5a3599cd7bbcb		copy	run-evidence		
mongodb-ordered-ticket-semaphore/.specula-output/traces/raw/full-1784530015/shutdown_sleeping-thread-c2-5150b5e0b1b06d13.ndjson	mongodb-ordered-ticket-semaphore/.specula-output/traces/raw/full-1784530015/shutdown_sleeping-thread-c2-5150b5e0b1b06d13.ndjson	file	0600	1784530015570094139	1842	68920ac9c1e695c9256e1ae0ab98d47e230c4325cb5d3a59339eea3c141b8774		copy	run-evidence		
mongodb-ordered-ticket-semaphore/.specula-output/traces/raw/full-1784530015/shutdown_sleeping-thread-c3-5961b8d729a7fe15.ndjson	mongodb-ordered-ticket-semaphore/.specula-output/traces/raw/full-1784530015/shutdown_sleeping-thread-c3-5961b8d729a7fe15.ndjson	file	0600	1784530015570094139	1986	8913e84dcbc35c5c64caf5abb048d5799f0cf96bf919e4ed8391308ab9d0d1c5		copy	run-evidence		
mongodb-ordered-ticket-semaphore/.specula-output/traces/raw/full-1784530015/ticketholder_grow_shrink_fast-thread-ResizerClient-5150b5e0b1b06d13.ndjson	mongodb-ordered-ticket-semaphore/.specula-output/traces/raw/full-1784530015/ticketholder_grow_shrink_fast-thread-ResizerClient-5150b5e0b1b06d13.ndjson	file	0600	1784530015589094181	3761	2d5b5ec97859b48960603e25466bf84a04261363e9aa09fd9d5a33d21bbfae9d		copy	run-evidence		
mongodb-ordered-ticket-semaphore/.specula-output/traces/raw/full-1784530015/ticketholder_grow_shrink_fast-thread-c1-5150b5e0b1b06d13.ndjson	mongodb-ordered-ticket-semaphore/.specula-output/traces/raw/full-1784530015/ticketholder_grow_shrink_fast-thread-c1-5150b5e0b1b06d13.ndjson	file	0600	1784530015589094181	1907	cf226e4ec570e044ce24053c4175ec3b2f88c0ceda63ad71f70f14df3330c54f		copy	run-evidence		
mongodb-ordered-ticket-semaphore/.specula-output/traces/raw/full-1784530015/ticketholder_shrink_overflow-thread-ResizerClient-5150b5e0b1b06d13.ndjson	mongodb-ordered-ticket-semaphore/.specula-output/traces/raw/full-1784530015/ticketholder_shrink_overflow-thread-ResizerClient-5150b5e0b1b06d13.ndjson	file	0600	1784530015612094232	942	dc1b3b7ce954008d0310f23d76cb2c49ee425fcb4b3c13b24762ceddeeb6ad8c		copy	run-evidence		
mongodb-ordered-ticket-semaphore/.specula-output/traces/raw/full-1784530015/ticketholder_shrink_overflow-thread-c1-5150b5e0b1b06d13.ndjson	mongodb-ordered-ticket-semaphore/.specula-output/traces/raw/full-1784530015/ticketholder_shrink_overflow-thread-c1-5150b5e0b1b06d13.ndjson	file	0600	1784530015612094232	3731	c5dd9ff7e3508b208f7b64551b75b4108c3d091a81db9340ca3f85f5e2b19839		copy	run-evidence		
mongodb-ordered-ticket-semaphore/.specula-output/traces/raw/full-1784530015/ticketholder_shrink_overflow-thread-c2-5150b5e0b1b06d13.ndjson	mongodb-ordered-ticket-semaphore/.specula-output/traces/raw/full-1784530015/ticketholder_shrink_overflow-thread-c2-5150b5e0b1b06d13.ndjson	file	0600	1784530015612094232	1842	c1f943ec869ac340e7526effa0b90a0204af4ae956c6288c839f5aafa4284638		copy	run-evidence		
mongodb-ordered-ticket-semaphore/.specula-output/traces/raw/full-1784530015/ticketholder_shrink_queue_consume-thread-ResizerClient-5961b8d729a7fe15.ndjson	mongodb-ordered-ticket-semaphore/.specula-output/traces/raw/full-1784530015/ticketholder_shrink_queue_consume-thread-ResizerClient-5961b8d729a7fe15.ndjson	file	0600	1784530015596094196	2981	18d18bc4f962f4271cca84206dbed3e07319d224dace3653809f42c85b4a280a		copy	run-evidence		
mongodb-ordered-ticket-semaphore/.specula-output/traces/raw/full-1784530015/ticketholder_shrink_queue_consume-thread-c1-5150b5e0b1b06d13.ndjson	mongodb-ordered-ticket-semaphore/.specula-output/traces/raw/full-1784530015/ticketholder_shrink_queue_consume-thread-c1-5150b5e0b1b06d13.ndjson	file	0600	1784530015596094196	1953	c73975d83ccb3502e600cfea81668afc7fb81d913f97f658721671db55f1da73		copy	run-evidence		
mongodb-ordered-ticket-semaphore/.specula-output/traces/raw/full-1784530015/ticketholder_shrink_queue_consume-thread-c1-5961b8d729a7fe15.ndjson	mongodb-ordered-ticket-semaphore/.specula-output/traces/raw/full-1784530015/ticketholder_shrink_queue_consume-thread-c1-5961b8d729a7fe15.ndjson	file	0600	1784530015595094194	957	b9c8881256978154b9550d71ba8bc77c4f7cb12723001dacd819185bea4b40d9		copy	run-evidence		
mongodb-ordered-ticket-semaphore/.specula-output/traces/raw/full-1784530015/ticketholder_shrink_queue_consume-thread-c2-5150b5e0b1b06d13.ndjson	mongodb-ordered-ticket-semaphore/.specula-output/traces/raw/full-1784530015/ticketholder_shrink_queue_consume-thread-c2-5150b5e0b1b06d13.ndjson	file	0600	1784530015596094196	1839	798e88372afc23276ad461eed1cd098f9adf0e600e3ebb09dc53ea58c0a64fbb		copy	run-evidence		
mongodb-ordered-ticket-semaphore/.specula-output/traces/raw/full-1784530015/ticketholder_shrink_start_interrupted-thread-c1-5150b5e0b1b06d13.ndjson	mongodb-ordered-ticket-semaphore/.specula-output/traces/raw/full-1784530015/ticketholder_shrink_start_interrupted-thread-c1-5150b5e0b1b06d13.ndjson	file	0600	1784530015618094245	963	4f2e512d8f17797b4349d180a9c6f86ac50c926fb42b00d6a9740cefb6924bd3		copy	run-evidence		
mongodb-ordered-ticket-semaphore/.specula-output/traces/raw/full-1784530015/ticketholder_shrink_timeout-thread-ResizerClient-5150b5e0b1b06d13.ndjson	mongodb-ordered-ticket-semaphore/.specula-output/traces/raw/full-1784530015/ticketholder_shrink_timeout-thread-ResizerClient-5150b5e0b1b06d13.ndjson	file	0600	1784530015606094219	2987	11c662ea8f74c9c00606c55a2a529ead9aa887f65f0f8fd2e8a3339ca70ed2c8		copy	run-evidence		
mongodb-ordered-ticket-semaphore/.specula-output/traces/raw/full-1784530015/ticketholder_shrink_timeout-thread-c1-5150b5e0b1b06d13.ndjson	mongodb-ordered-ticket-semaphore/.specula-output/traces/raw/full-1784530015/ticketholder_shrink_timeout-thread-c1-5150b5e0b1b06d13.ndjson	file	0600	1784530015606094219	2799	3a9168b534f898f6825250b76419f5f9a2a6ae7785a2ccd52b4bc764b5b601a4		copy	run-evidence		
mongodb-ordered-ticket-semaphore/.specula-output/traces/raw/full-1784530015/ticketholder_shrink_timeout-thread-c2-5150b5e0b1b06d13.ndjson	mongodb-ordered-ticket-semaphore/.specula-output/traces/raw/full-1784530015/ticketholder_shrink_timeout-thread-c2-5150b5e0b1b06d13.ndjson	file	0600	1784530015606094219	1842	4b8e29eabddfa9e4eeb1fe3818f3be289600a0143f48e62ad9068a2cd0658b87		copy	run-evidence		
mongodb-ordered-ticket-semaphore/.specula-output/traces/raw/full-1784530015/timeout_sleeping-thread-c1-5150b5e0b1b06d13.ndjson	mongodb-ordered-ticket-semaphore/.specula-output/traces/raw/full-1784530015/timeout_sleeping-thread-c1-5150b5e0b1b06d13.ndjson	file	0600	1784530015557094110	1841	13654eb8008db0436149c148def94d483748497adf297a823cb754164e50007a		copy	run-evidence		
mongodb-ordered-ticket-semaphore/.specula-output/traces/raw/full-1784530015/timeout_sleeping-thread-c2-5150b5e0b1b06d13.ndjson	mongodb-ordered-ticket-semaphore/.specula-output/traces/raw/full-1784530015/timeout_sleeping-thread-c2-5150b5e0b1b06d13.ndjson	file	0600	1784530015557094110	1841	8cd9f830dfacbeeb6f65347e9d375e65f0ae9a240ece00b537bc0f70bcd1d535		copy	run-evidence		
mongodb-ordered-ticket-semaphore/.specula-output/traces/raw/full-1784530015/timeout_sleeping-thread-c3-5150b5e0b1b06d13.ndjson	mongodb-ordered-ticket-semaphore/.specula-output/traces/raw/full-1784530015/timeout_sleeping-thread-c3-5150b5e0b1b06d13.ndjson	file	0600	1784530015557094110	1984	2aed542cca0b8ff6a158b1df1246030e995c70bf466e8f4fd62825eb01809a5f		copy	run-evidence		
mongodb-ordered-ticket-semaphore/.specula-output/traces/raw/manual-1784529678	mongodb-ordered-ticket-semaphore/.specula-output/traces/raw/manual-1784529678	directory	0700	1784529678729382970				mkdir	run-directory		
mongodb-ordered-ticket-semaphore/.specula-output/traces/raw/overlap-1784530078	mongodb-ordered-ticket-semaphore/.specula-output/traces/raw/overlap-1784530078	directory	0700	1784530078886227168				mkdir	run-directory		
mongodb-ordered-ticket-semaphore/.specula-output/traces/raw/overlap-1784530078/concurrent_overlap-thread-c1-d7729ba9b16727a.ndjson	mongodb-ordered-ticket-semaphore/.specula-output/traces/raw/overlap-1784530078/concurrent_overlap-thread-c1-d7729ba9b16727a.ndjson	file	0600	1784530078890227175	921	30563df1336f1b43570e1552538a2ee09fb7c366a93121289f9a713bf184da11		copy	run-evidence		
mongodb-ordered-ticket-semaphore/.specula-output/traces/raw/overlap-1784530078/concurrent_overlap-thread-c2-fd7cf408f68fddfd.ndjson	mongodb-ordered-ticket-semaphore/.specula-output/traces/raw/overlap-1784530078/concurrent_overlap-thread-c2-fd7cf408f68fddfd.ndjson	file	0600	1784530078890227175	1984	fb3c7f7ba94b17ba5c845cfcd122d4e3e5f6de63dc4fc0819ecf0347c75ccb07		copy	run-evidence		
mongodb-ordered-ticket-semaphore/.specula-output/traces/raw/overlap-1784530078/concurrent_overlap-thread-c3-3e9a78431027879b.ndjson	mongodb-ordered-ticket-semaphore/.specula-output/traces/raw/overlap-1784530078/concurrent_overlap-thread-c3-3e9a78431027879b.ndjson	file	0600	1784530078890227175	921	4f68283d79f51d06514b9616a0315135432962c8800db0ab8eaa75299897da83		copy	run-evidence		
mongodb-ordered-ticket-semaphore/.specula-output/traces/raw/run-20260720065153-773673	mongodb-ordered-ticket-semaphore/.specula-output/traces/raw/run-20260720065153-773673	directory	0700	1784530313821623360				mkdir	run-directory		
mongodb-ordered-ticket-semaphore/.specula-output/traces/raw/run-20260720065153-773673/concurrent_overlap-thread-c1-ef9e839a484f3305.ndjson	mongodb-ordered-ticket-semaphore/.specula-output/traces/raw/run-20260720065153-773673/concurrent_overlap-thread-c1-ef9e839a484f3305.ndjson	file	0600	1784530313725623209	1984	a6093a59696964fa5cb5996ea815970c42956fafff2a5d7f15fd9c8a5f51f56c		copy	run-evidence		
mongodb-ordered-ticket-semaphore/.specula-output/traces/raw/run-20260720065153-773673/concurrent_overlap-thread-c2-e17bb1887483faf4.ndjson	mongodb-ordered-ticket-semaphore/.specula-output/traces/raw/run-20260720065153-773673/concurrent_overlap-thread-c2-e17bb1887483faf4.ndjson	file	0600	1784530313725623209	921	c04dbae55fd73db6a4800d0fbbf814ba9500dba7a57136496a0d4cb4da5771e9		copy	run-evidence		
mongodb-ordered-ticket-semaphore/.specula-output/traces/raw/run-20260720065153-773673/concurrent_overlap-thread-c3-bc0e2daf7f9cd1e2.ndjson	mongodb-ordered-ticket-semaphore/.specula-output/traces/raw/run-20260720065153-773673/concurrent_overlap-thread-c3-bc0e2daf7f9cd1e2.ndjson	file	0600	1784530313725623209	921	4bf3d5edbd48370d18eeb1fbb3e8e2df34ee47f5cb1ac7308a54877a4bbf63f4		copy	run-evidence		
mongodb-ordered-ticket-semaphore/.specula-output/traces/raw/run-20260720065153-773673/direct_overflow-thread-c1-f774bf8fcc38d9a8.ndjson	mongodb-ordered-ticket-semaphore/.specula-output/traces/raw/run-20260720065153-773673/direct_overflow-thread-c1-f774bf8fcc38d9a8.ndjson	file	0600	1784530313732623220	3805	106713816ba5d7431aeeab9dc6a2020bcfed1def9a5652c835962ee8af8673bb		copy	run-evidence		
mongodb-ordered-ticket-semaphore/.specula-output/traces/raw/run-20260720065153-773673/direct_overflow-thread-c2-bc0e2daf7f9cd1e2.ndjson	mongodb-ordered-ticket-semaphore/.specula-output/traces/raw/run-20260720065153-773673/direct_overflow-thread-c2-bc0e2daf7f9cd1e2.ndjson	file	0600	1784530313732623220	2926	78285a2e09cbec0489b3f35f39afb2939c8d667e47a383680e864c5070d7413f		copy	run-evidence		
mongodb-ordered-ticket-semaphore/.specula-output/traces/raw/run-20260720065153-773673/direct_overflow-thread-c3-f774bf8fcc38d9a8.ndjson	mongodb-ordered-ticket-semaphore/.specula-output/traces/raw/run-20260720065153-773673/direct_overflow-thread-c3-f774bf8fcc38d9a8.ndjson	file	0600	1784530313732623220	1026	3b98bb806075b66ad7de7c393d36a3fc4cd8e1e2447e72a049268a42518399a9		copy	run-evidence		
mongodb-ordered-ticket-semaphore/.specula-output/traces/raw/run-20260720065153-773673/direct_priority-thread-c1-f774bf8fcc38d9a8.ndjson	mongodb-ordered-ticket-semaphore/.specula-output/traces/raw/run-20260720065153-773673/direct_priority-thread-c1-f774bf8fcc38d9a8.ndjson	file	0600	1784530313713623191	1931	0f21e0d95e6085a7c71baee22f9bfdc707786678b4d8ec6d8e03faa5a5b24764		copy	run-evidence		
mongodb-ordered-ticket-semaphore/.specula-output/traces/raw/run-20260720065153-773673/direct_priority-thread-c2-f774bf8fcc38d9a8.ndjson	mongodb-ordered-ticket-semaphore/.specula-output/traces/raw/run-20260720065153-773673/direct_priority-thread-c2-f774bf8fcc38d9a8.ndjson	file	0600	1784530313713623191	1839	536261ba7486652376e16f0a2a9f978db14e4a79a5050eb036d0404254578de8		copy	run-evidence		
mongodb-ordered-ticket-semaphore/.specula-output/traces/raw/run-20260720065153-773673/direct_priority-thread-c3-ef9e839a484f3305.ndjson	mongodb-ordered-ticket-semaphore/.specula-output/traces/raw/run-20260720065153-773673/direct_priority-thread-c3-ef9e839a484f3305.ndjson	file	0600	1784530313713623191	2904	e683e0c34a143f45f8d663176195debe2b33fbed1d6f38d7c50b006870c047ca		copy	run-evidence		
mongodb-ordered-ticket-semaphore/.specula-output/traces/raw/run-20260720065153-773673/direct_priority-thread-c3-f774bf8fcc38d9a8.ndjson	mongodb-ordered-ticket-semaphore/.specula-output/traces/raw/run-20260720065153-773673/direct_priority-thread-c3-f774bf8fcc38d9a8.ndjson	file	0600	1784530313713623191	932	243cc605bf32523fad883f2776383fbe750ee12f384823db2f438d3db06006df		copy	run-evidence		
mongodb-ordered-ticket-semaphore/.specula-output/traces/raw/run-20260720065153-773673/interrupt_awake_cascade-thread-c1-f774bf8fcc38d9a8.ndjson	mongodb-ordered-ticket-semaphore/.specula-output/traces/raw/run-20260720065153-773673/interrupt_awake_cascade-thread-c1-f774bf8fcc38d9a8.ndjson	file	0600	1784530313780623296	2969	7af4a4df7b8f711e3cffd1908ad4e8fff9d178481e921ca923925ae84ac2019a		copy	run-evidence		
mongodb-ordered-ticket-semaphore/.specula-output/traces/raw/run-20260720065153-773673/interrupt_awake_cascade-thread-c2-bc0e2daf7f9cd1e2.ndjson	mongodb-ordered-ticket-semaphore/.specula-output/traces/raw/run-20260720065153-773673/interrupt_awake_cascade-thread-c2-bc0e2daf7f9cd1e2.ndjson	file	0600	1784530313780623296	2101	f2d48ffb1f678807d27abeca56d2e6a0edfd60a2e3f48f8a2a63bf7b00bec5f7		copy	run-evidence		
mongodb-ordered-ticket-semaphore/.specula-output/traces/raw/run-20260720065153-773673/interrupt_awake_cascade-thread-c3-e17bb1887483faf4.ndjson	mongodb-ordered-ticket-semaphore/.specula-output/traces/raw/run-20260720065153-773673/interrupt_awake_cascade-thread-c3-e17bb1887483faf4.ndjson	file	0600	1784530313780623296	3032	296746d7f1501bc33b118a9dd1bfe16171b1aa75d5e52eeee4254cdc94882eba		copy	run-evidence		
mongodb-ordered-ticket-semaphore/.specula-output/traces/raw/run-20260720065153-773673/interrupt_sleeping-thread-c1-f774bf8fcc38d9a8.ndjson	mongodb-ordered-ticket-semaphore/.specula-output/traces/raw/run-20260720065153-773673/interrupt_sleeping-thread-c1-f774bf8fcc38d9a8.ndjson	file	0600	1784530313766623274	1843	874c362cfe54bd77e14fbe371ad652fb5e8ee6a85f01de4fe2e49bef84be62c9		copy	run-evidence		
mongodb-ordered-ticket-semaphore/.specula-output/traces/raw/run-20260720065153-773673/interrupt_sleeping-thread-c2-f774bf8fcc38d9a8.ndjson	mongodb-ordered-ticket-semaphore/.specula-output/traces/raw/run-20260720065153-773673/interrupt_sleeping-thread-c2-f774bf8fcc38d9a8.ndjson	file	0600	1784530313766623274	1843	4b4faa3052d9d2eb6f0dc941419be4ec2049868d43c7108dd826569297a69107		copy	run-evidence		
mongodb-ordered-ticket-semaphore/.specula-output/traces/raw/run-20260720065153-773673/interrupt_sleeping-thread-c3-bc0e2daf7f9cd1e2.ndjson	mongodb-ordered-ticket-semaphore/.specula-output/traces/raw/run-20260720065153-773673/interrupt_sleeping-thread-c3-bc0e2daf7f9cd1e2.ndjson	file	0600	1784530313766623274	1988	84dd8c72c074194c271823fb580b99bc085cee26e7f3c45666d08275ace4a8ac		copy	run-evidence		
mongodb-ordered-ticket-semaphore/.specula-output/traces/raw/run-20260720065153-773673/load_shed_exempt_bypass-thread-c1-f774bf8fcc38d9a8.ndjson	mongodb-ordered-ticket-semaphore/.specula-output/traces/raw/run-20260720065153-773673/load_shed_exempt_bypass-thread-c1-f774bf8fcc38d9a8.ndjson	file	0600	1784530313748623246	5016	18d07760112df9167f66d528f48dfc79974b3c9139e1a6e590398df8481fadf9		copy	run-evidence		
mongodb-ordered-ticket-semaphore/.specula-output/traces/raw/run-20260720065153-773673/load_shed_exempt_bypass-thread-c2-e17bb1887483faf4.ndjson	mongodb-ordered-ticket-semaphore/.specula-output/traces/raw/run-20260720065153-773673/load_shed_exempt_bypass-thread-c2-e17bb1887483faf4.ndjson	file	0600	1784530313748623246	2926	63c1333bbb4ed3bca37847762bbefd9ce027496df4a6346ba46785cfa863a683		copy	run-evidence		
mongodb-ordered-ticket-semaphore/.specula-output/traces/raw/run-20260720065153-773673/load_shed_exempt_bypass-thread-c3-bc0e2daf7f9cd1e2.ndjson	mongodb-ordered-ticket-semaphore/.specula-output/traces/raw/run-20260720065153-773673/load_shed_exempt_bypass-thread-c3-bc0e2daf7f9cd1e2.ndjson	file	0600	1784530313748623246	3204	9cf4efd64e09845b46b82b0dff6d5e3c9b707932aae462022b2dbc1ed8d30921		copy	run-evidence		
mongodb-ordered-ticket-semaphore/.specula-output/traces/raw/run-20260720065153-773673/load_shed_exempt_bypass-thread-c3-f774bf8fcc38d9a8.ndjson	mongodb-ordered-ticket-semaphore/.specula-output/traces/raw/run-20260720065153-773673/load_shed_exempt_bypass-thread-c3-f774bf8fcc38d9a8.ndjson	file	0600	1784530313747623244	1024	9ecd928ac1a14e7838ef68c01633c4c268aa152ef07f0912cd3b2e9c03944020		copy	run-evidence		
mongodb-ordered-ticket-semaphore/.specula-output/traces/raw/run-20260720065153-773673/low_admission_bypass-thread-c1-f774bf8fcc38d9a8.ndjson	mongodb-ordered-ticket-semaphore/.specula-output/traces/raw/run-20260720065153-773673/low_admission_bypass-thread-c1-f774bf8fcc38d9a8.ndjson	file	0600	1784530313740623233	5016	a94431d1b8f11e5466e2ddf17967ce1f57b0e895dbd06b9aec853d21ddbe29a5		copy	run-evidence		
mongodb-ordered-ticket-semaphore/.specula-output/traces/raw/run-20260720065153-773673/low_admission_bypass-thread-c2-bc0e2daf7f9cd1e2.ndjson	mongodb-ordered-ticket-semaphore/.specula-output/traces/raw/run-20260720065153-773673/low_admission_bypass-thread-c2-bc0e2daf7f9cd1e2.ndjson	file	0600	1784530313740623233	2926	d82b4b0a75ce87c5931ca11aedacd6cda06342ce92db1081a0babe0d3e93aa0d		copy	run-evidence		
mongodb-ordered-ticket-semaphore/.specula-output/traces/raw/run-20260720065153-773673/low_admission_bypass-thread-c3-e17bb1887483faf4.ndjson	mongodb-ordered-ticket-semaphore/.specula-output/traces/raw/run-20260720065153-773673/low_admission_bypass-thread-c3-e17bb1887483faf4.ndjson	file	0600	1784530313740623233	3204	b99353b9d5f97979d9ac4de1fd0889b91fa39149a14bbf7942f88057e8b8164a		copy	run-evidence		
mongodb-ordered-ticket-semaphore/.specula-output/traces/raw/run-20260720065153-773673/low_admission_bypass-thread-c3-f774bf8fcc38d9a8.ndjson	mongodb-ordered-ticket-semaphore/.specula-output/traces/raw/run-20260720065153-773673/low_admission_bypass-thread-c3-f774bf8fcc38d9a8.ndjson	file	0600	1784530313740623233	931	913e0ecdd93890508c6aad03b644de1e4d7df92da8c96f6a9045228ce284abc6		copy	run-evidence		
mongodb-ordered-ticket-semaphore/.specula-output/traces/raw/run-20260720065153-773673/shutdown_awake_cascade-thread-c1-f774bf8fcc38d9a8.ndjson	mongodb-ordered-ticket-semaphore/.specula-output/traces/raw/run-20260720065153-773673/shutdown_awake_cascade-thread-c1-f774bf8fcc38d9a8.ndjson	file	0600	1784530313786623305	2969	7c058b23c1d11c477943bcd7e58582a79f3fbff2f083eb0f8a038d19f9eac95a		copy	run-evidence		
mongodb-ordered-ticket-semaphore/.specula-output/traces/raw/run-20260720065153-773673/shutdown_awake_cascade-thread-c2-e17bb1887483faf4.ndjson	mongodb-ordered-ticket-semaphore/.specula-output/traces/raw/run-20260720065153-773673/shutdown_awake_cascade-thread-c2-e17bb1887483faf4.ndjson	file	0600	1784530313786623305	2099	cdd93fbd62aeb0a96aff6bc7bfff4e478afce1e52e69e857649bbc177898d6d9		copy	run-evidence		
mongodb-ordered-ticket-semaphore/.specula-output/traces/raw/run-20260720065153-773673/shutdown_awake_cascade-thread-c3-bc0e2daf7f9cd1e2.ndjson	mongodb-ordered-ticket-semaphore/.specula-output/traces/raw/run-20260720065153-773673/shutdown_awake_cascade-thread-c3-bc0e2daf7f9cd1e2.ndjson	file	0600	1784530313786623305	3030	0598fb38e454d70e3d118c7574ae2006e10e27829fb82381c448f434b4fe407e		copy	run-evidence		
mongodb-ordered-ticket-semaphore/.specula-output/traces/raw/run-20260720065153-773673/shutdown_sleeping-thread-c1-f774bf8fcc38d9a8.ndjson	mongodb-ordered-ticket-semaphore/.specula-output/traces/raw/run-20260720065153-773673/shutdown_sleeping-thread-c1-f774bf8fcc38d9a8.ndjson	file	0600	1784530313772623283	1842	f3302ad4b80c4f630b085f494e5cc522bec2fad39855127c901e8aee8496b90a		copy	run-evidence		
mongodb-ordered-ticket-semaphore/.specula-output/traces/raw/run-20260720065153-773673/shutdown_sleeping-thread-c2-f774bf8fcc38d9a8.ndjson	mongodb-ordered-ticket-semaphore/.specula-output/traces/raw/run-20260720065153-773673/shutdown_sleeping-thread-c2-f774bf8fcc38d9a8.ndjson	file	0600	1784530313772623283	1842	3c0887839517cf37f95ad215be4f02b5d0c994f0e6489009d0191daa886d0490		copy	run-evidence		
mongodb-ordered-ticket-semaphore/.specula-output/traces/raw/run-20260720065153-773673/shutdown_sleeping-thread-c3-bc0e2daf7f9cd1e2.ndjson	mongodb-ordered-ticket-semaphore/.specula-output/traces/raw/run-20260720065153-773673/shutdown_sleeping-thread-c3-bc0e2daf7f9cd1e2.ndjson	file	0600	1784530313772623283	1986	57a8f90771abfc98d4eb74df6a7f383fcf527dec3baf50f50b1e2d174c5bdb4c		copy	run-evidence		
mongodb-ordered-ticket-semaphore/.specula-output/traces/raw/run-20260720065153-773673/ticketholder_grow_shrink_fast-thread-ResizerClient-f774bf8fcc38d9a8.ndjson	mongodb-ordered-ticket-semaphore/.specula-output/traces/raw/run-20260720065153-773673/ticketholder_grow_shrink_fast-thread-ResizerClient-f774bf8fcc38d9a8.ndjson	file	0600	1784530313792623315	3761	112168bf2ecb9f90ace1cb7cdd6d6a1540c54eaeba27fc3fd03f9a41acb83f4c		copy	run-evidence		
mongodb-ordered-ticket-semaphore/.specula-output/traces/raw/run-20260720065153-773673/ticketholder_grow_shrink_fast-thread-c1-f774bf8fcc38d9a8.ndjson	mongodb-ordered-ticket-semaphore/.specula-output/traces/raw/run-20260720065153-773673/ticketholder_grow_shrink_fast-thread-c1-f774bf8fcc38d9a8.ndjson	file	0600	1784530313792623315	1907	94abd694fafef63ba3900a4d25f5c7e1c26ca3b7cfaaf8da96be61424d0cdac0		copy	run-evidence		
mongodb-ordered-ticket-semaphore/.specula-output/traces/raw/run-20260720065153-773673/ticketholder_shrink_overflow-thread-ResizerClient-f774bf8fcc38d9a8.ndjson	mongodb-ordered-ticket-semaphore/.specula-output/traces/raw/run-20260720065153-773673/ticketholder_shrink_overflow-thread-ResizerClient-f774bf8fcc38d9a8.ndjson	file	0600	1784530313815623351	942	3177d76a5d25eb6e140c547b012e778208969321ab96e567fa8a5f7521b55dc5		copy	run-evidence		
mongodb-ordered-ticket-semaphore/.specula-output/traces/raw/run-20260720065153-773673/ticketholder_shrink_overflow-thread-c1-f774bf8fcc38d9a8.ndjson	mongodb-ordered-ticket-semaphore/.specula-output/traces/raw/run-20260720065153-773673/ticketholder_shrink_overflow-thread-c1-f774bf8fcc38d9a8.ndjson	file	0600	1784530313815623351	3731	f02e22d3df91f27809adf62908c4130eac2bb8cc4a2b986d861acc23848144f8		copy	run-evidence		
mongodb-ordered-ticket-semaphore/.specula-output/traces/raw/run-20260720065153-773673/ticketholder_shrink_overflow-thread-c2-f774bf8fcc38d9a8.ndjson	mongodb-ordered-ticket-semaphore/.specula-output/traces/raw/run-20260720065153-773673/ticketholder_shrink_overflow-thread-c2-f774bf8fcc38d9a8.ndjson	file	0600	1784530313815623351	1842	0616cf7fd91dfd0166e11de02ab89a5744f1bc18f4343bfc00e74ce6610588a1		copy	run-evidence		
mongodb-ordered-ticket-semaphore/.specula-output/traces/raw/run-20260720065153-773673/ticketholder_shrink_queue_consume-thread-ResizerClient-bc0e2daf7f9cd1e2.ndjson	mongodb-ordered-ticket-semaphore/.specula-output/traces/raw/run-20260720065153-773673/ticketholder_shrink_queue_consume-thread-ResizerClient-bc0e2daf7f9cd1e2.ndjson	file	0600	1784530313799623326	2981	59d559a6dbafcd5e56095854b2e6c79f831665ee9a475ba9d673cf7797f2e761		copy	run-evidence		
mongodb-ordered-ticket-semaphore/.specula-output/traces/raw/run-20260720065153-773673/ticketholder_shrink_queue_consume-thread-c1-bc0e2daf7f9cd1e2.ndjson	mongodb-ordered-ticket-semaphore/.specula-output/traces/raw/run-20260720065153-773673/ticketholder_shrink_queue_consume-thread-c1-bc0e2daf7f9cd1e2.ndjson	file	0600	1784530313798623324	957	26454c56f025fbe0590d140c41d4623dff7ff5ceac1f47dab8db9de8d41827f4		copy	run-evidence		
mongodb-ordered-ticket-semaphore/.specula-output/traces/raw/run-20260720065153-773673/ticketholder_shrink_queue_consume-thread-c1-f774bf8fcc38d9a8.ndjson	mongodb-ordered-ticket-semaphore/.specula-output/traces/raw/run-20260720065153-773673/ticketholder_shrink_queue_consume-thread-c1-f774bf8fcc38d9a8.ndjson	file	0600	1784530313799623326	1953	f68af1b6ce7a4c6e08b449c378b64cbd0af11820cab2ff0119366867f1121021		copy	run-evidence		
mongodb-ordered-ticket-semaphore/.specula-output/traces/raw/run-20260720065153-773673/ticketholder_shrink_queue_consume-thread-c2-f774bf8fcc38d9a8.ndjson	mongodb-ordered-ticket-semaphore/.specula-output/traces/raw/run-20260720065153-773673/ticketholder_shrink_queue_consume-thread-c2-f774bf8fcc38d9a8.ndjson	file	0600	1784530313799623326	1839	0450d9e88a5a2dd9aca5b0dfa538e59c87922af4908db314ff340f590991ec64		copy	run-evidence		
mongodb-ordered-ticket-semaphore/.specula-output/traces/raw/run-20260720065153-773673/ticketholder_shrink_start_interrupted-thread-c1-f774bf8fcc38d9a8.ndjson	mongodb-ordered-ticket-semaphore/.specula-output/traces/raw/run-20260720065153-773673/ticketholder_shrink_start_interrupted-thread-c1-f774bf8fcc38d9a8.ndjson	file	0600	1784530313821623360	963	111e8d3adc672fe21734e23063f0f2917d2923c3dd7f413ccc6fe7d5543a35eb		copy	run-evidence		
mongodb-ordered-ticket-semaphore/.specula-output/traces/raw/run-20260720065153-773673/ticketholder_shrink_timeout-thread-ResizerClient-f774bf8fcc38d9a8.ndjson	mongodb-ordered-ticket-semaphore/.specula-output/traces/raw/run-20260720065153-773673/ticketholder_shrink_timeout-thread-ResizerClient-f774bf8fcc38d9a8.ndjson	file	0600	1784530313809623341	2987	513916dfab4c317ba86ea9d26fd1878c10d59774e9daf3b539f93154679a4ed5		copy	run-evidence		
mongodb-ordered-ticket-semaphore/.specula-output/traces/raw/run-20260720065153-773673/ticketholder_shrink_timeout-thread-c1-f774bf8fcc38d9a8.ndjson	mongodb-ordered-ticket-semaphore/.specula-output/traces/raw/run-20260720065153-773673/ticketholder_shrink_timeout-thread-c1-f774bf8fcc38d9a8.ndjson	file	0600	1784530313809623341	2799	235126d2311d2e9bfeca13aeaa0c45a276a128ed6a73f21e5a7057129045fc5a		copy	run-evidence		
mongodb-ordered-ticket-semaphore/.specula-output/traces/raw/run-20260720065153-773673/ticketholder_shrink_timeout-thread-c2-f774bf8fcc38d9a8.ndjson	mongodb-ordered-ticket-semaphore/.specula-output/traces/raw/run-20260720065153-773673/ticketholder_shrink_timeout-thread-c2-f774bf8fcc38d9a8.ndjson	file	0600	1784530313809623341	1842	a27d9ef3951d7ee5cdc3eb037008f0b38d013a0a5554d46624be925b98640fc5		copy	run-evidence		
mongodb-ordered-ticket-semaphore/.specula-output/traces/raw/run-20260720065153-773673/timeout_sleeping-thread-c1-f774bf8fcc38d9a8.ndjson	mongodb-ordered-ticket-semaphore/.specula-output/traces/raw/run-20260720065153-773673/timeout_sleeping-thread-c1-f774bf8fcc38d9a8.ndjson	file	0600	1784530313759623263	1841	bbf0913b35e9549cc41060ffc7679c3060ba04512c47cdd95aa9b50b830881a1		copy	run-evidence		
mongodb-ordered-ticket-semaphore/.specula-output/traces/raw/run-20260720065153-773673/timeout_sleeping-thread-c2-f774bf8fcc38d9a8.ndjson	mongodb-ordered-ticket-semaphore/.specula-output/traces/raw/run-20260720065153-773673/timeout_sleeping-thread-c2-f774bf8fcc38d9a8.ndjson	file	0600	1784530313759623263	1841	a8a108be3d90bb846cee84290b012aadccff8027c72c792c259ece0f982a7c1b		copy	run-evidence		
mongodb-ordered-ticket-semaphore/.specula-output/traces/raw/run-20260720065153-773673/timeout_sleeping-thread-c3-f774bf8fcc38d9a8.ndjson	mongodb-ordered-ticket-semaphore/.specula-output/traces/raw/run-20260720065153-773673/timeout_sleeping-thread-c3-f774bf8fcc38d9a8.ndjson	file	0600	1784530313759623263	1984	d86999336b505ac40dac5d6c17751491fd874badca13adcbc5ee4cd1933b8a2c		copy	run-evidence		
mongodb-ordered-ticket-semaphore/.specula-output/traces/raw/smoke-direct	mongodb-ordered-ticket-semaphore/.specula-output/traces/raw/smoke-direct	directory	0700	1784529780134562290				mkdir	run-directory		
mongodb-ordered-ticket-semaphore/.specula-output/traces/raw/smoke-direct-1784529847	mongodb-ordered-ticket-semaphore/.specula-output/traces/raw/smoke-direct-1784529847	directory	0700	1784529848260735781				mkdir	run-directory		
mongodb-ordered-ticket-semaphore/.specula-output/traces/raw/smoke-direct-1784529847/direct_priority-thread-c1-76cab407525353bc.ndjson	mongodb-ordered-ticket-semaphore/.specula-output/traces/raw/smoke-direct-1784529847/direct_priority-thread-c1-76cab407525353bc.ndjson	file	0600	1784529848260735781	1931	eb73e724f078172af9b643efa16ecdcce67af99673d62e0b70b446429f427d34		copy	run-evidence		
mongodb-ordered-ticket-semaphore/.specula-output/traces/raw/smoke-direct-1784529847/direct_priority-thread-c2-76cab407525353bc.ndjson	mongodb-ordered-ticket-semaphore/.specula-output/traces/raw/smoke-direct-1784529847/direct_priority-thread-c2-76cab407525353bc.ndjson	file	0600	1784529848260735781	1839	d58a5c449e0a829d798946e368c02f8a873c9fa25365c7f879edb25f0575b013		copy	run-evidence		
mongodb-ordered-ticket-semaphore/.specula-output/traces/raw/smoke-direct-1784529847/direct_priority-thread-c3-76cab407525353bc.ndjson	mongodb-ordered-ticket-semaphore/.specula-output/traces/raw/smoke-direct-1784529847/direct_priority-thread-c3-76cab407525353bc.ndjson	file	0600	1784529848260735781	932	ce27e65012237bbf1bcef94019afd10758bd1832d56a9aa1856ca56b0cf79612		copy	run-evidence		
mongodb-ordered-ticket-semaphore/.specula-output/traces/raw/smoke-direct-1784529847/direct_priority-thread-c3-d6a2fa0fa485c662.ndjson	mongodb-ordered-ticket-semaphore/.specula-output/traces/raw/smoke-direct-1784529847/direct_priority-thread-c3-d6a2fa0fa485c662.ndjson	file	0600	1784529848260735781	2904	9d46c70fbff98910fc3ac4bad4a806671f946833284acf730eaca183f53ce6dc		copy	run-evidence		
mongodb-ordered-ticket-semaphore/.specula-output/traces/shutdown_awake_cascade.ndjson	mongodb-ordered-ticket-semaphore/.specula-output/traces/shutdown_awake_cascade.ndjson	file	0600	1784530314015623665	14019	0c39e8e34d6a1a20946759e75c784b2f4a63975b7a9513183e39317363b293de		copy	run-evidence		
mongodb-ordered-ticket-semaphore/.specula-output/traces/shutdown_sleeping.ndjson	mongodb-ordered-ticket-semaphore/.specula-output/traces/shutdown_sleeping.ndjson	file	0600	1784530314107623805	9646	062736cf1b389eea73180462486b34e8a0d69684b16af62d4a7722f529118715		copy	run-evidence		
mongodb-ordered-ticket-semaphore/.specula-output/traces/ticketholder_grow_shrink_fast.ndjson	mongodb-ordered-ticket-semaphore/.specula-output/traces/ticketholder_grow_shrink_fast.ndjson	file	0600	1784530314108623807	9429	d8bd98b2c71aa96dc78a4049e51069dcd66360a0e7f61fa3033ff1bdd1fbef41		copy	run-evidence		
mongodb-ordered-ticket-semaphore/.specula-output/traces/ticketholder_shrink_overflow.ndjson	mongodb-ordered-ticket-semaphore/.specula-output/traces/ticketholder_shrink_overflow.ndjson	file	0600	1784530314108623807	10980	ef8dc51a3aa66195d3f4a6035ffe20933c8918d02b5fc40cb945904336d91763		copy	run-evidence		
mongodb-ordered-ticket-semaphore/.specula-output/traces/ticketholder_shrink_queue_consume.ndjson	mongodb-ordered-ticket-semaphore/.specula-output/traces/ticketholder_shrink_queue_consume.ndjson	file	0600	1784530314113623814	13075	deb839d255514d9c62e856f558ffa8ea5ba78161f8a903c1e7de1dbda39e01c2		copy	run-evidence		
mongodb-ordered-ticket-semaphore/.specula-output/traces/ticketholder_shrink_start_interrupted.ndjson	mongodb-ordered-ticket-semaphore/.specula-output/traces/ticketholder_shrink_start_interrupted.ndjson	file	0600	1784530314199623945	1645	9a40729d2c8b060a5e233dd9588e405feaf33dc627cfdc8927c4b5eab5fbb24b		copy	run-evidence		
mongodb-ordered-ticket-semaphore/.specula-output/traces/ticketholder_shrink_timeout.ndjson	mongodb-ordered-ticket-semaphore/.specula-output/traces/ticketholder_shrink_timeout.ndjson	file	0600	1784530314200623946	12840	ffe5af9cf24783d843487589e30707935cce333b63f62ff5bf0acd6d0950b0ab		copy	run-evidence		
mongodb-ordered-ticket-semaphore/.specula-output/traces/timeout_sleeping.ndjson	mongodb-ordered-ticket-semaphore/.specula-output/traces/timeout_sleeping.ndjson	file	0600	1784530314200623946	9642	9bc7dc7e5066f438981655ec32ecbbae13a2483fb984cf1043fc6624992b7647		copy	run-evidence		
mongodb-ordered-ticket-semaphore/.specula-output/traces/trace.ndjson	mongodb-ordered-ticket-semaphore/.specula-output/traces/trace.ndjson	file	0600	1784530314200623946	6555	36df042da92dc2c4efd4a443a32cfaff68e11f288cae3d0001a5f1929d8e8e6d		copy	run-evidence		
pipeline-summary.md	pipeline-summary.md	file	0600	1784652803669010790	1428	e2225d0cf16c184d349e5a925c02f9bc9711d6025f9c97ca5d173398eeaa07fb		copy	run-evidence		
pipeline.log	pipeline.log	file	0600	1784652803669010790	164930	b3cf21601282fa0909e2d4e62074296ebdc27313d1b57af6aa27027364ef0410		copy	run-evidence		
run.json	run.json	file	0600	1784521279435339301	1230	eb120f8f0ab4a4f6f0999c6a5aee0af7ea1a4ab4f0e958d4a2cb4d66c9ede39d		copy	run-evidence		
tlc-resources.json	tlc-resources.json	file	0600	1784521279430339292	68	3105bf7042a779d6e2755a0c539928433c57751a3f784a54b871ca38a712caf5		copy	run-evidence		
