MC2_REPO_HEAD=0c010ce5fe8c0180aa7573c72fe8fc87c6df7025
fa6467d4711405c67cd944ad4659ce1f880cacf91e8a18ad0d1707fa44b9e8a2  /home/ubuntu/temporal-investigation-20260909/overnight-20260909/specula-engine/runs/temporal-reset-20260909-restart-1600/temporal-reset/.specula-output/evidence/identity/temporal-reset-file-final.test
2a1a1402fde03b81f8c269b9ef91c6e725678e57450dd1741bf8877ef33d8cff  /home/ubuntu/temporal-investigation-20260909/overnight-20260909/specula-engine/runs/temporal-reset-20260909-restart-1600/temporal-reset/.specula-output/evidence/identity/reset_identity_analysis_test.go
69b2c4c625ccf7515391968a076d13c252d62ec8d5ab36d202af79a67f6b90a7  tests/reset_identity_analysis_test.go
=== RUN   TestWorkflowResetTestSuite
=== PAUSE TestWorkflowResetTestSuite
=== CONT  TestWorkflowResetTestSuite
=== RUN   TestWorkflowResetTestSuite/TestAnalysisExactResetReplay
=== PAUSE TestWorkflowResetTestSuite/TestAnalysisExactResetReplay
=== CONT  TestWorkflowResetTestSuite/TestAnalysisExactResetReplay
=== RUN   TestWorkflowResetTestSuite/TestAnalysisExactResetReplay/same-running/response-received
2026-09-10T01:26:09.768Z	info	created database	{"database": "/tmp/test_ce19232d04a7453d92f8a0c4", "logging-call-at": "/home/ubuntu/temporal-investigation-20260909/restart-20260909-1600/source-reset/common/persistence/sql/test_sql_persistence.go:125"}
2026-09-10T01:26:09.785Z	info	loaded schema	{"logging-call-at": "/home/ubuntu/temporal-investigation-20260909/restart-20260909-1600/source-reset/common/persistence/sql/test_sql_persistence.go:190"}
2026-09-10T01:26:09.796Z	info	loaded schema	{"logging-call-at": "/home/ubuntu/temporal-investigation-20260909/restart-20260909-1600/source-reset/common/persistence/sql/test_sql_persistence.go:190"}
2026-09-10T01:26:09.796Z	info	loaded schema version	{"version": "0.11", "logging-call-at": "/home/ubuntu/temporal-investigation-20260909/restart-20260909-1600/source-reset/common/persistence/sql/test_sql_persistence.go:207"}
2026-09-10T01:26:09.797Z	info	Use rpc address 127.0.0.1:7134 for cluster active.	{"component": "metadata-initializer", "logging-call-at": "/home/ubuntu/temporal-investigation-20260909/restart-20260909-1600/source-reset/temporal/cluster_metadata_loader.go:68"}
2026-09-10T01:26:09.797Z	info	PProf listen on 	{"host": "localhost", "port": 7000, "logging-call-at": "/home/ubuntu/temporal-investigation-20260909/restart-20260909-1600/source-reset/common/pprof/pprof.go:58"}
2026-09-10T01:26:09.798Z	info	Use rpc address 127.0.0.1:7134 for cluster active.	{"component": "metadata-initializer", "logging-call-at": "/home/ubuntu/temporal-investigation-20260909/restart-20260909-1600/source-reset/temporal/cluster_metadata_loader.go:68"}
2026-09-10T01:26:09.805Z	info	Quota changed	{"component": "persistence", "current-quota": null, "new-quota": 9000, "scope": "host", "service": "history", "logging-call-at": "/home/ubuntu/temporal-investigation-20260909/restart-20260909-1600/source-reset/common/quotas/calculator/logged_calculator.go:100"}
2026-09-10T01:26:09.806Z	debug	RPC factory created. enableServerKeepalive: false, enableClientKeepalive: false	{"logging-call-at": "/home/ubuntu/temporal-investigation-20260909/restart-20260909-1600/source-reset/common/resource/fx.go:470"}
2026-09-10T01:26:09.806Z	info	historyClient: ownership caching disabled	{"service": "history", "logging-call-at": "/home/ubuntu/temporal-investigation-20260909/restart-20260909-1600/source-reset/client/history/client.go:70"}
2026-09-10T01:26:09.807Z	info	creating new visibility manager	{"visibility_plugin_name": "sqlite", "visibility_index_name": "/tmp/test_ce19232d04a7453d92f8a0c4", "logging-call-at": "/home/ubuntu/temporal-investigation-20260909/restart-20260909-1600/source-reset/common/persistence/visibility/factory.go:145"}
2026-09-10T01:26:09.807Z	info	Quota changed	{"component": "task-scheduler", "current-quota": null, "new-quota": 0, "scope": "host", "service": "history", "logging-call-at": "/home/ubuntu/temporal-investigation-20260909/restart-20260909-1600/source-reset/common/quotas/calculator/logged_calculator.go:100"}
2026-09-10T01:26:09.808Z	info	Warning: CHASM component scheduler.scheduler declares state fields that won't be managed by CHASM:
	cacheConflictToken int64
	compiledSpec *scheduler.CompiledSpec	{"logging-call-at": "/home/ubuntu/temporal-investigation-20260909/restart-20260909-1600/source-reset/chasm/registry.go:361"}
2026-09-10T01:26:09.809Z	info	Initialized lazy loaded OwnershipBasedQuotaScaler	{"service": "history", "logging-call-at": "/home/ubuntu/temporal-investigation-20260909/restart-20260909-1600/source-reset/service/history/shard/fx.go:71"}
2026-09-10T01:26:09.809Z	info	Initialized service resolver for persistence rate limiting	{"service": "history", "logging-call-at": "/home/ubuntu/temporal-investigation-20260909/restart-20260909-1600/source-reset/service/fx.go:76"}
2026-09-10T01:26:09.809Z	info	Created gRPC listener	{"service": "history", "address": "127.0.0.1:37057", "logging-call-at": "/home/ubuntu/temporal-investigation-20260909/restart-20260909-1600/source-reset/common/rpc/rpc.go:209"}
2026-09-10T01:26:09.811Z	info	Quota changed	{"component": "persistence", "current-quota": null, "new-quota": 3000, "scope": "host", "service": "matching", "logging-call-at": "/home/ubuntu/temporal-investigation-20260909/restart-20260909-1600/source-reset/common/quotas/calculator/logged_calculator.go:100"}
2026-09-10T01:26:09.812Z	info	Initialized service resolver for persistence rate limiting	{"service": "matching", "logging-call-at": "/home/ubuntu/temporal-investigation-20260909/restart-20260909-1600/source-reset/service/fx.go:76"}
2026-09-10T01:26:09.812Z	debug	RPC factory created. enableServerKeepalive: false, enableClientKeepalive: false	{"logging-call-at": "/home/ubuntu/temporal-investigation-20260909/restart-20260909-1600/source-reset/common/resource/fx.go:470"}
2026-09-10T01:26:09.812Z	info	Created gRPC listener	{"service": "matching", "address": "127.0.0.1:42381", "logging-call-at": "/home/ubuntu/temporal-investigation-20260909/restart-20260909-1600/source-reset/common/rpc/rpc.go:209"}
2026-09-10T01:26:09.812Z	info	historyClient: ownership caching disabled	{"service": "matching", "logging-call-at": "/home/ubuntu/temporal-investigation-20260909/restart-20260909-1600/source-reset/client/history/client.go:70"}
2026-09-10T01:26:09.812Z	info	creating new visibility manager	{"visibility_plugin_name": "sqlite", "visibility_index_name": "/tmp/test_ce19232d04a7453d92f8a0c4", "logging-call-at": "/home/ubuntu/temporal-investigation-20260909/restart-20260909-1600/source-reset/common/persistence/visibility/factory.go:145"}
2026-09-10T01:26:09.815Z	debug	RPC factory created. enableServerKeepalive: false, enableClientKeepalive: false	{"logging-call-at": "/home/ubuntu/temporal-investigation-20260909/restart-20260909-1600/source-reset/common/resource/fx.go:470"}
2026-09-10T01:26:09.816Z	info	Quota changed	{"component": "persistence", "current-quota": null, "new-quota": 2000, "scope": "host", "service": "frontend", "logging-call-at": "/home/ubuntu/temporal-investigation-20260909/restart-20260909-1600/source-reset/common/quotas/calculator/logged_calculator.go:100"}
2026-09-10T01:26:09.816Z	info	historyClient: ownership caching disabled	{"service": "frontend", "logging-call-at": "/home/ubuntu/temporal-investigation-20260909/restart-20260909-1600/source-reset/client/history/client.go:70"}
2026-09-10T01:26:09.816Z	info	Warning: CHASM component scheduler.scheduler declares state fields that won't be managed by CHASM:
	cacheConflictToken int64
	compiledSpec *scheduler.CompiledSpec	{"logging-call-at": "/home/ubuntu/temporal-investigation-20260909/restart-20260909-1600/source-reset/chasm/registry.go:361"}
2026-09-10T01:26:09.816Z	info	creating new visibility manager	{"visibility_plugin_name": "sqlite", "visibility_index_name": "/tmp/test_ce19232d04a7453d92f8a0c4", "logging-call-at": "/home/ubuntu/temporal-investigation-20260909/restart-20260909-1600/source-reset/common/persistence/visibility/factory.go:145"}
2026-09-10T01:26:09.817Z	info	Initialized service resolver for persistence rate limiting	{"service": "frontend", "logging-call-at": "/home/ubuntu/temporal-investigation-20260909/restart-20260909-1600/source-reset/service/fx.go:76"}
2026-09-10T01:26:09.817Z	info	Quota changed	{"component": "rpc-handler", "current-quota": null, "new-quota": 3000, "scope": "host", "service": "frontend", "logging-call-at": "/home/ubuntu/temporal-investigation-20260909/restart-20260909-1600/source-reset/common/quotas/calculator/logged_calculator.go:100"}
2026-09-10T01:26:09.817Z	info	Created gRPC listener	{"service": "frontend", "address": "127.0.0.1:33201", "logging-call-at": "/home/ubuntu/temporal-investigation-20260909/restart-20260909-1600/source-reset/common/rpc/rpc.go:209"}
2026-09-10T01:26:09.821Z	info	Service is not requested, skipping initialization.	{"service": "internal-frontend", "logging-call-at": "/home/ubuntu/temporal-investigation-20260909/restart-20260909-1600/source-reset/temporal/fx.go:590"}
2026-09-10T01:26:09.821Z	info	Service is not requested, skipping initialization.	{"service": "worker", "logging-call-at": "/home/ubuntu/temporal-investigation-20260909/restart-20260909-1600/source-reset/temporal/fx.go:628"}
2026-09-10T01:26:09.821Z	info	PProf not started due to port not set	{"logging-call-at": "/home/ubuntu/temporal-investigation-20260909/restart-20260909-1600/source-reset/common/pprof/pprof.go:44"}
2026-09-10T01:26:09.821Z	info	Starting server for services	{"value": {"frontend":{},"history":{},"matching":{}}, "logging-call-at": "/home/ubuntu/temporal-investigation-20260909/restart-20260909-1600/source-reset/temporal/server_impl.go:89"}
2026-09-10T01:26:09.822Z	debug	archival:
    history:
        enableRead: false
        provider: null
        state: ""
    visibility:
        enableRead: false
        provider: null
        state: ""
clusterMetadata:
    clusterInformation:
        active:
            enabled: true
            httpAddress: 127.0.0.1:7144
            initialFailoverVersion: 1
            rpcAddress: 127.0.0.1:7134
    currentClusterName: active
    enableGlobalNamespace: false
    failoverVersionIncrement: 10
    masterClusterName: active
    tags: {}
dcRedirectionPolicy:
    policy: ""
dynamicConfigClient: null
global:
    authorization:
        audience: ""
        authExtraHeaderName: ""
        authHeaderName: ""
        authorizer: ""
        claimMapper: ""
        jwtKeyProvider:
            keySourceURIs: []
            refreshInterval: 0s
        permissionsClaimName: ""
        permissionsRegex: ""
        remoteClusterAuth:
            require: false
    membership:
        broadcastAddress: ""
        maxJoinDuration: 1s
    metrics: null
    pprof:
        host: ""
        port: 0
    tls:
        expirationChecks:
            checkInterval: 0s
            errorWindow: 0s
            warningWindow: 0s
        frontend:
            client:
                disableHostVerification: false
                forceTLS: false
                rootCaData: []
                rootCaFiles: []
                serverName: ""
            hostOverrides: {}
            server:
                certData: ""
                certFile: ""
                clientCaData: []
                clientCaFiles: []
                keyData: '******'
                keyFile: ""
                requireClientAuth: false
        internode:
            client:
                disableHostVerification: false
                forceTLS: false
                rootCaData: []
                rootCaFiles: []
                serverName: ""
            hostOverrides: {}
            server:
                certData: ""
                certFile: ""
                clientCaData: []
                clientCaFiles: []
                keyData: '******'
                keyFile: ""
                requireClientAuth: false
        refreshInterval: 0s
        remoteClusters: {}
        systemWorker:
            certData: ""
            certFile: ""
            client:
                disableHostVerification: false
                forceTLS: false
                rootCaData: []
                rootCaFiles: []
                serverName: ""
            keyData: '******'
            keyFile: ""
log:
    development: false
    format: ""
    level: ""
    outputFile: ""
    stdout: false
namespaceDefaults:
    archival:
        history:
            URI: ""
            state: ""
        visibility:
            URI: ""
            state: ""
otel: {}
persistence:
    datastores:
        test:
            cassandra: null
            customDatastore: null
            elasticsearch: null
            faultInjection: null
            sql:
                connectAddr: 127.0.0.1:0
                connectAttributes:
                    busy_timeout: "30000"
                    cache: shared
                    journal_mode: wal
                    synchronous: normal
                connectProtocol: tcp
                databaseName: /tmp/test_ce19232d04a7453d92f8a0c4
                maxConnLifetime: 0s
                maxConns: 0
                maxIdleConns: 0
                password: '******'
                passwordCommand: null
                pluginName: sqlite
                taskScanPartitions: 4
                tls: null
                user: ""
    defaultStore: test
    numHistoryShards: 4
    secondaryVisibilityStore: ""
    visibilityStore: test
publicClient:
    forceTLSConfig: ""
    hostPort: ""
    httpHostPort: ""
services:
    frontend:
        rpc:
            bindOnIP: 127.0.0.1
            bindOnLocalHost: false
            clientConnectionConfig:
                keepAliveClientParameters: null
            grpcPort: 33201
            httpAdditionalForwardedHeaders:
                - this-header-forwarded
                - this-header-prefix-forwarded-*
            httpPort: 44099
            keepAliveServerConfig:
                keepAliveEnforcementPolicy: null
                keepAliveServerParameters: null
            membershipPort: 0
    history:
        rpc:
            bindOnIP: 127.0.0.1
            bindOnLocalHost: false
            clientConnectionConfig:
                keepAliveClientParameters: null
            grpcPort: 37057
            httpAdditionalForwardedHeaders: []
            httpPort: 0
            keepAliveServerConfig:
                keepAliveEnforcementPolicy: null
                keepAliveServerParameters: null
            membershipPort: 0
    matching:
        rpc:
            bindOnIP: 127.0.0.1
            bindOnLocalHost: false
            clientConnectionConfig:
                keepAliveClientParameters: null
            grpcPort: 42381
            httpAdditionalForwardedHeaders: []
            httpPort: 0
            keepAliveServerConfig:
                keepAliveEnforcementPolicy: null
                keepAliveServerParameters: null
            membershipPort: 0
visibility:
    persistenceCustomSearchAttributes: {}
	{"logging-call-at": "/home/ubuntu/temporal-investigation-20260909/restart-20260909-1600/source-reset/temporal/server_impl.go:90"}
2026-09-10T01:26:09.823Z	info	Watch not supported by persistence, namespace registry will use polling	{"service": "matching", "logging-call-at": "/home/ubuntu/temporal-investigation-20260909/restart-20260909-1600/source-reset/common/namespace/nsregistry/registry.go:234"}
2026-09-10T01:26:09.823Z	info	RuntimeMetricsReporter started	{"service": "matching", "logging-call-at": "/home/ubuntu/temporal-investigation-20260909/restart-20260909-1600/source-reset/common/metrics/runtime.go:121"}
2026-09-10T01:26:09.824Z	info	matching starting	{"service": "matching", "logging-call-at": "/home/ubuntu/temporal-investigation-20260909/restart-20260909-1600/source-reset/service/matching/service.go:63"}
2026-09-10T01:26:09.824Z	info	Update worker pool size	{"key": "worker-pool-size", "value": 64, "logging-call-at": "/home/ubuntu/temporal-investigation-20260909/restart-20260909-1600/source-reset/common/tasks/sequential_scheduler.go:228"}
2026-09-10T01:26:09.824Z	info	sequential scheduler started	{"logging-call-at": "/home/ubuntu/temporal-investigation-20260909/restart-20260909-1600/source-reset/common/tasks/sequential_scheduler.go:81"}
2026-09-10T01:26:09.824Z	info	Starting to serve on matching listener	{"service": "matching", "logging-call-at": "/home/ubuntu/temporal-investigation-20260909/restart-20260909-1600/source-reset/service/matching/service.go:77"}
2026-09-10T01:26:09.824Z	info	interleaved weighted round robin task scheduler started	{"logging-call-at": "/home/ubuntu/temporal-investigation-20260909/restart-20260909-1600/source-reset/common/tasks/interleaved_weighted_round_robin.go:116"}
2026-09-10T01:26:09.824Z	info	Update worker pool size	{"key": "worker-pool-size", "value": 64, "logging-call-at": "/home/ubuntu/temporal-investigation-20260909/restart-20260909-1600/source-reset/common/tasks/sequential_scheduler.go:228"}
2026-09-10T01:26:09.824Z	info	sequential scheduler started	{"logging-call-at": "/home/ubuntu/temporal-investigation-20260909/restart-20260909-1600/source-reset/common/tasks/sequential_scheduler.go:81"}
2026-09-10T01:26:09.824Z	info	interleaved weighted round robin task scheduler started	{"logging-call-at": "/home/ubuntu/temporal-investigation-20260909/restart-20260909-1600/source-reset/common/tasks/interleaved_weighted_round_robin.go:116"}
2026-09-10T01:26:09.824Z	info	Update worker pool size	{"key": "worker-pool-size", "service": "history", "value": 64, "logging-call-at": "/home/ubuntu/temporal-investigation-20260909/restart-20260909-1600/source-reset/common/tasks/fifo_scheduler.go:138"}
2026-09-10T01:26:09.824Z	info	fifo scheduler started	{"service": "history", "logging-call-at": "/home/ubuntu/temporal-investigation-20260909/restart-20260909-1600/source-reset/common/tasks/fifo_scheduler.go:68"}
2026-09-10T01:26:09.824Z	info	execution queue scheduler started	{"service": "history", "logging-call-at": "/home/ubuntu/temporal-investigation-20260909/restart-20260909-1600/source-reset/common/tasks/execution_queue_scheduler.go:93"}
2026-09-10T01:26:09.824Z	info	interleaved weighted round robin task scheduler started	{"service": "history", "logging-call-at": "/home/ubuntu/temporal-investigation-20260909/restart-20260909-1600/source-reset/common/tasks/interleaved_weighted_round_robin.go:116"}
2026-09-10T01:26:09.824Z	info	Update worker pool size	{"key": "worker-pool-size", "service": "history", "value": 64, "logging-call-at": "/home/ubuntu/temporal-investigation-20260909/restart-20260909-1600/source-reset/common/tasks/fifo_scheduler.go:138"}
2026-09-10T01:26:09.824Z	info	fifo scheduler started	{"service": "history", "logging-call-at": "/home/ubuntu/temporal-investigation-20260909/restart-20260909-1600/source-reset/common/tasks/fifo_scheduler.go:68"}
2026-09-10T01:26:09.824Z	info	execution queue scheduler started	{"service": "history", "logging-call-at": "/home/ubuntu/temporal-investigation-20260909/restart-20260909-1600/source-reset/common/tasks/execution_queue_scheduler.go:93"}
2026-09-10T01:26:09.824Z	info	interleaved weighted round robin task scheduler started	{"service": "history", "logging-call-at": "/home/ubuntu/temporal-investigation-20260909/restart-20260909-1600/source-reset/common/tasks/interleaved_weighted_round_robin.go:116"}
2026-09-10T01:26:09.824Z	info	Update worker pool size	{"key": "worker-pool-size", "service": "history", "value": 64, "logging-call-at": "/home/ubuntu/temporal-investigation-20260909/restart-20260909-1600/source-reset/common/tasks/fifo_scheduler.go:138"}
2026-09-10T01:26:09.824Z	info	fifo scheduler started	{"service": "history", "logging-call-at": "/home/ubuntu/temporal-investigation-20260909/restart-20260909-1600/source-reset/common/tasks/fifo_scheduler.go:68"}
2026-09-10T01:26:09.824Z	info	execution queue scheduler started	{"service": "history", "logging-call-at": "/home/ubuntu/temporal-investigation-20260909/restart-20260909-1600/source-reset/common/tasks/execution_queue_scheduler.go:93"}
2026-09-10T01:26:09.824Z	info	interleaved weighted round robin task scheduler started	{"service": "history", "logging-call-at": "/home/ubuntu/temporal-investigation-20260909/restart-20260909-1600/source-reset/common/tasks/interleaved_weighted_round_robin.go:116"}
2026-09-10T01:26:09.824Z	info	Update worker pool size	{"component": "memory-scheduled-queue-processor", "key": "worker-pool-size", "service": "history", "value": 64, "logging-call-at": "/home/ubuntu/temporal-investigation-20260909/restart-20260909-1600/source-reset/common/tasks/fifo_scheduler.go:138"}
2026-09-10T01:26:09.825Z	info	fifo scheduler started	{"component": "memory-scheduled-queue-processor", "service": "history", "logging-call-at": "/home/ubuntu/temporal-investigation-20260909/restart-20260909-1600/source-reset/common/tasks/fifo_scheduler.go:68"}
2026-09-10T01:26:09.825Z	info	Watch not supported by persistence, namespace registry will use polling	{"service": "history", "logging-call-at": "/home/ubuntu/temporal-investigation-20260909/restart-20260909-1600/source-reset/common/namespace/nsregistry/registry.go:234"}
2026-09-10T01:26:09.825Z	info	RuntimeMetricsReporter started	{"service": "history", "logging-call-at": "/home/ubuntu/temporal-investigation-20260909/restart-20260909-1600/source-reset/common/metrics/runtime.go:121"}
2026-09-10T01:26:09.825Z	info	history starting	{"logging-call-at": "/home/ubuntu/temporal-investigation-20260909/restart-20260909-1600/source-reset/service/history/service.go:69"}
2026-09-10T01:26:09.825Z	info	Replication task fetchers started.	{"logging-call-at": "/home/ubuntu/temporal-investigation-20260909/restart-20260909-1600/source-reset/service/history/replication/task_fetcher.go:117"}
2026-09-10T01:26:09.825Z	info	StreamReceiverMonitor started.	{"logging-call-at": "/home/ubuntu/temporal-investigation-20260909/restart-20260909-1600/source-reset/service/history/replication/stream_receiver_monitor.go:87"}
2026-09-10T01:26:09.825Z	info	none	{"address": "127.0.0.1:37057", "component": "shard-controller", "lifecycle": "Started", "logging-call-at": "/home/ubuntu/temporal-investigation-20260909/restart-20260909-1600/source-reset/service/history/shard/controller_impl.go:112"}
2026-09-10T01:26:09.825Z	info	Starting to serve on history listener	{"logging-call-at": "/home/ubuntu/temporal-investigation-20260909/restart-20260909-1600/source-reset/service/history/service.go:95"}
2026-09-10T01:26:09.825Z	info	none	{"address": "127.0.0.1:37057", "component": "shard-controller", "number-changed": 0, "number-deleted": 0, "number-processed": 1, "shard-update": "RingMembershipChangedEvent", "logging-call-at": "/home/ubuntu/temporal-investigation-20260909/restart-20260909-1600/source-reset/service/history/shard/ownership.go:92"}
2026-09-10T01:26:09.826Z	info	none	{"address": "127.0.0.1:37057", "component": "shard-context", "lifecycle": "Started", "shard-id": 4, "logging-call-at": "/home/ubuntu/temporal-investigation-20260909/restart-20260909-1600/source-reset/service/history/shard/context_impl.go:1721"}
2026-09-10T01:26:09.826Z	info	none	{"address": "127.0.0.1:37057", "component": "shard-controller", "numShards": 1, "logging-call-at": "/home/ubuntu/temporal-investigation-20260909/restart-20260909-1600/source-reset/service/history/shard/controller_impl.go:265"}
2026-09-10T01:26:09.826Z	info	Watch not supported by persistence, namespace registry will use polling	{"service": "frontend", "logging-call-at": "/home/ubuntu/temporal-investigation-20260909/restart-20260909-1600/source-reset/common/namespace/nsregistry/registry.go:234"}
2026-09-10T01:26:09.826Z	info	none	{"address": "127.0.0.1:37057", "component": "shard-context", "lifecycle": "Started", "shard-id": 1, "logging-call-at": "/home/ubuntu/temporal-investigation-20260909/restart-20260909-1600/source-reset/service/history/shard/context_impl.go:1721"}
2026-09-10T01:26:09.826Z	info	none	{"address": "127.0.0.1:37057", "component": "shard-controller", "numShards": 2, "logging-call-at": "/home/ubuntu/temporal-investigation-20260909/restart-20260909-1600/source-reset/service/history/shard/controller_impl.go:265"}
2026-09-10T01:26:09.826Z	info	ContextMetadataInterceptor: No metadata in context, not setting trailer	{"fullMethod": "/temporal.server.api.matchingservice.v1.MatchingService/ListNexusEndpoints", "logging-call-at": "/home/ubuntu/temporal-investigation-20260909/restart-20260909-1600/source-reset/common/log/throttle_logger.go:44"}
2026-09-10T01:26:09.826Z	info	none	{"address": "127.0.0.1:37057", "component": "shard-context", "lifecycle": "Started", "shard-id": 2, "logging-call-at": "/home/ubuntu/temporal-investigation-20260909/restart-20260909-1600/source-reset/service/history/shard/context_impl.go:1721"}
2026-09-10T01:26:09.826Z	info	none	{"address": "127.0.0.1:37057", "component": "shard-controller", "numShards": 3, "logging-call-at": "/home/ubuntu/temporal-investigation-20260909/restart-20260909-1600/source-reset/service/history/shard/controller_impl.go:265"}
2026-09-10T01:26:09.826Z	info	none	{"address": "127.0.0.1:37057", "component": "shard-context", "lifecycle": "Started", "shard-id": 3, "logging-call-at": "/home/ubuntu/temporal-investigation-20260909/restart-20260909-1600/source-reset/service/history/shard/context_impl.go:1721"}
2026-09-10T01:26:09.826Z	info	none	{"address": "127.0.0.1:37057", "component": "shard-controller", "numShards": 4, "logging-call-at": "/home/ubuntu/temporal-investigation-20260909/restart-20260909-1600/source-reset/service/history/shard/controller_impl.go:265"}
2026-09-10T01:26:09.826Z	info	TrailerToContextMetadataInterceptor: No metadata in trailer	{"contextWrapped": false, "method": "/temporal.server.api.matchingservice.v1.MatchingService/ListNexusEndpoints", "service": "history", "logging-call-at": "/home/ubuntu/temporal-investigation-20260909/restart-20260909-1600/source-reset/common/log/throttle_logger.go:44"}
2026-09-10T01:26:09.826Z	info	Range updated for shardID	{"address": "127.0.0.1:37057", "previous-shard-range-id": 0, "shard-id": 2, "shard-range-id": 1, "logging-call-at": "/home/ubuntu/temporal-investigation-20260909/restart-20260909-1600/source-reset/service/history/shard/context_impl.go:1199"}
2026-09-10T01:26:09.826Z	info	Task key range updated	{"address": "127.0.0.1:37057", "next-number": 2097152, "number": 1048576, "shard-id": 2, "logging-call-at": "/home/ubuntu/temporal-investigation-20260909/restart-20260909-1600/source-reset/service/history/shard/task_key_generator.go:155"}
2026-09-10T01:26:09.826Z	info	Acquired shard	{"address": "127.0.0.1:37057", "shard-id": 2, "logging-call-at": "/home/ubuntu/temporal-investigation-20260909/restart-20260909-1600/source-reset/service/history/shard/context_impl.go:2084"}
2026-09-10T01:26:09.826Z	info	none	{"address": "127.0.0.1:37057", "component": "shard-engine", "lifecycle": "Starting", "shard-id": 2, "logging-call-at": "/home/ubuntu/temporal-investigation-20260909/restart-20260909-1600/source-reset/service/history/shard/context_impl.go:1562"}
2026-09-10T01:26:09.826Z	info	TrailerToContextMetadataInterceptor: No metadata in trailer	{"contextWrapped": false, "method": "/temporal.server.api.matchingservice.v1.MatchingService/ListNexusEndpoints", "service": "frontend", "logging-call-at": "/home/ubuntu/temporal-investigation-20260909/restart-20260909-1600/source-reset/common/log/throttle_logger.go:44"}
2026-09-10T01:26:09.826Z	info	none	{"address": "127.0.0.1:37057", "component": "history-engine", "lifecycle": "Starting", "shard-id": 2, "logging-call-at": "/home/ubuntu/temporal-investigation-20260909/restart-20260909-1600/source-reset/service/history/history_engine.go:386"}
2026-09-10T01:26:09.826Z	info	none	{"address": "127.0.0.1:37057", "component": "transfer-queue-processor", "lifecycle": "Starting", "shard-id": 2, "logging-call-at": "/home/ubuntu/temporal-investigation-20260909/restart-20260909-1600/source-reset/service/history/queues/queue_immediate.go:96"}
2026-09-10T01:26:09.826Z	info	Task rescheduler started.	{"address": "127.0.0.1:37057", "component": "transfer-queue-processor", "lifecycle": "Started", "shard-id": 2, "logging-call-at": "/home/ubuntu/temporal-investigation-20260909/restart-20260909-1600/source-reset/service/history/queues/rescheduler.go:102"}
2026-09-10T01:26:09.826Z	info	none	{"address": "127.0.0.1:37057", "component": "transfer-queue-processor", "lifecycle": "Started", "shard-id": 2, "logging-call-at": "/home/ubuntu/temporal-investigation-20260909/restart-20260909-1600/source-reset/service/history/queues/queue_immediate.go:105"}
2026-09-10T01:26:09.826Z	info	none	{"component": "memory-scheduled-queue-processor", "lifecycle": "Starting", "service": "history", "logging-call-at": "/home/ubuntu/temporal-investigation-20260909/restart-20260909-1600/source-reset/service/history/queues/memory_scheduled_queue.go:79"}
2026-09-10T01:26:09.826Z	info	none	{"component": "memory-scheduled-queue-processor", "lifecycle": "Started", "service": "history", "logging-call-at": "/home/ubuntu/temporal-investigation-20260909/restart-20260909-1600/source-reset/service/history/queues/memory_scheduled_queue.go:84"}
2026-09-10T01:26:09.826Z	info	none	{"address": "127.0.0.1:37057", "component": "timer-queue-processor", "lifecycle": "Starting", "shard-id": 2, "logging-call-at": "/home/ubuntu/temporal-investigation-20260909/restart-20260909-1600/source-reset/service/history/queues/queue_scheduled.go:130"}
2026-09-10T01:26:09.826Z	info	Task rescheduler started.	{"address": "127.0.0.1:37057", "component": "timer-queue-processor", "lifecycle": "Started", "shard-id": 2, "logging-call-at": "/home/ubuntu/temporal-investigation-20260909/restart-20260909-1600/source-reset/service/history/queues/rescheduler.go:102"}
2026-09-10T01:26:09.826Z	info	none	{"address": "127.0.0.1:37057", "component": "timer-queue-processor", "lifecycle": "Started", "shard-id": 2, "logging-call-at": "/home/ubuntu/temporal-investigation-20260909/restart-20260909-1600/source-reset/service/history/queues/queue_scheduled.go:139"}
2026-09-10T01:26:09.826Z	info	none	{"address": "127.0.0.1:37057", "component": "visibility-queue-processor", "lifecycle": "Starting", "shard-id": 2, "logging-call-at": "/home/ubuntu/temporal-investigation-20260909/restart-20260909-1600/source-reset/service/history/queues/queue_immediate.go:96"}
2026-09-10T01:26:09.827Z	info	Task rescheduler started.	{"address": "127.0.0.1:37057", "component": "visibility-queue-processor", "lifecycle": "Started", "shard-id": 2, "logging-call-at": "/home/ubuntu/temporal-investigation-20260909/restart-20260909-1600/source-reset/service/history/queues/rescheduler.go:102"}
2026-09-10T01:26:09.827Z	info	Range updated for shardID	{"address": "127.0.0.1:37057", "previous-shard-range-id": 0, "shard-id": 1, "shard-range-id": 1, "logging-call-at": "/home/ubuntu/temporal-investigation-20260909/restart-20260909-1600/source-reset/service/history/shard/context_impl.go:1199"}
2026-09-10T01:26:09.827Z	info	queue reader started	{"address": "127.0.0.1:37057", "component": "visibility-queue-processor", "lifecycle": "Started", "queue-reader-id": 0, "shard-id": 2, "logging-call-at": "/home/ubuntu/temporal-investigation-20260909/restart-20260909-1600/source-reset/service/history/queues/reader.go:158"}
2026-09-10T01:26:09.827Z	info	Task key range updated	{"address": "127.0.0.1:37057", "next-number": 2097152, "number": 1048576, "shard-id": 1, "logging-call-at": "/home/ubuntu/temporal-investigation-20260909/restart-20260909-1600/source-reset/service/history/shard/task_key_generator.go:155"}
2026-09-10T01:26:09.827Z	info	Acquired shard	{"address": "127.0.0.1:37057", "shard-id": 1, "logging-call-at": "/home/ubuntu/temporal-investigation-20260909/restart-20260909-1600/source-reset/service/history/shard/context_impl.go:2084"}
2026-09-10T01:26:09.827Z	info	none	{"address": "127.0.0.1:37057", "component": "shard-engine", "lifecycle": "Starting", "shard-id": 1, "logging-call-at": "/home/ubuntu/temporal-investigation-20260909/restart-20260909-1600/source-reset/service/history/shard/context_impl.go:1562"}
2026-09-10T01:26:09.827Z	error	Queue reader unable to retrieve tasks	{"address": "127.0.0.1:37057", "component": "transfer-queue-processor", "error": "shard status unknown", "queue-reader-id": 0, "shard-id": 2, "logging-call-at": "/home/ubuntu/temporal-investigation-20260909/restart-20260909-1600/source-reset/service/history/queues/reader.go:457"}
go.temporal.io/server/common/log.(*zapLogger).Error
	/home/ubuntu/temporal-investigation-20260909/restart-20260909-1600/source-reset/common/log/zap_logger.go:191
go.temporal.io/server/common/testing/testlogger.(*TestLogger).Error
	/home/ubuntu/temporal-investigation-20260909/restart-20260909-1600/source-reset/common/testing/testlogger/testlogger.go:543
go.temporal.io/server/service/history/queues.(*ReaderImpl).loadAndSubmitTasks
	/home/ubuntu/temporal-investigation-20260909/restart-20260909-1600/source-reset/service/history/queues/reader.go:457
go.temporal.io/server/service/history/queues.(*ReaderImpl).eventLoop
	/home/ubuntu/temporal-investigation-20260909/restart-20260909-1600/source-reset/service/history/queues/reader.go:422
2026-09-10T01:26:09.827Z	info	queue reader started	{"address": "127.0.0.1:37057", "component": "timer-queue-processor", "lifecycle": "Started", "queue-reader-id": 0, "shard-id": 2, "logging-call-at": "/home/ubuntu/temporal-investigation-20260909/restart-20260909-1600/source-reset/service/history/queues/reader.go:158"}
2026-09-10T01:26:09.827Z	error	Queue reader unable to retrieve tasks	{"address": "127.0.0.1:37057", "component": "visibility-queue-processor", "error": "shard status unknown", "queue-reader-id": 0, "shard-id": 2, "logging-call-at": "/home/ubuntu/temporal-investigation-20260909/restart-20260909-1600/source-reset/service/history/queues/reader.go:457"}
go.temporal.io/server/common/log.(*zapLogger).Error
	/home/ubuntu/temporal-investigation-20260909/restart-20260909-1600/source-reset/common/log/zap_logger.go:191
go.temporal.io/server/common/testing/testlogger.(*TestLogger).Error
	/home/ubuntu/temporal-investigation-20260909/restart-20260909-1600/source-reset/common/testing/testlogger/testlogger.go:543
go.temporal.io/server/service/history/queues.(*ReaderImpl).loadAndSubmitTasks
	/home/ubuntu/temporal-investigation-20260909/restart-20260909-1600/source-reset/service/history/queues/reader.go:457
go.temporal.io/server/service/history/queues.(*ReaderImpl).eventLoop
	/home/ubuntu/temporal-investigation-20260909/restart-20260909-1600/source-reset/service/history/queues/reader.go:422
2026-09-10T01:26:09.826Z	info	queue reader started	{"address": "127.0.0.1:37057", "component": "transfer-queue-processor", "lifecycle": "Started", "queue-reader-id": 0, "shard-id": 2, "logging-call-at": "/home/ubuntu/temporal-investigation-20260909/restart-20260909-1600/source-reset/service/history/queues/reader.go:158"}
2026-09-10T01:26:09.827Z	info	none	{"address": "127.0.0.1:37057", "component": "visibility-queue-processor", "lifecycle": "Started", "shard-id": 2, "logging-call-at": "/home/ubuntu/temporal-investigation-20260909/restart-20260909-1600/source-reset/service/history/queues/queue_immediate.go:105"}
2026-09-10T01:26:09.827Z	info	none	{"address": "127.0.0.1:37057", "component": "history-engine", "lifecycle": "Starting", "shard-id": 1, "logging-call-at": "/home/ubuntu/temporal-investigation-20260909/restart-20260909-1600/source-reset/service/history/history_engine.go:386"}
2026-09-10T01:26:09.827Z	info	none	{"address": "127.0.0.1:37057", "component": "outbound-queue-processor", "lifecycle": "Starting", "shard-id": 1, "logging-call-at": "/home/ubuntu/temporal-investigation-20260909/restart-20260909-1600/source-reset/service/history/queues/queue_immediate.go:96"}
2026-09-10T01:26:09.827Z	info	Task rescheduler started.	{"address": "127.0.0.1:37057", "component": "outbound-queue-processor", "lifecycle": "Started", "shard-id": 1, "logging-call-at": "/home/ubuntu/temporal-investigation-20260909/restart-20260909-1600/source-reset/service/history/queues/rescheduler.go:102"}
2026-09-10T01:26:09.827Z	info	none	{"address": "127.0.0.1:37057", "component": "outbound-queue-processor", "lifecycle": "Started", "shard-id": 1, "logging-call-at": "/home/ubuntu/temporal-investigation-20260909/restart-20260909-1600/source-reset/service/history/queues/queue_immediate.go:105"}
2026-09-10T01:26:09.827Z	info	none	{"address": "127.0.0.1:37057", "component": "outbound-queue-processor", "lifecycle": "Starting", "shard-id": 2, "logging-call-at": "/home/ubuntu/temporal-investigation-20260909/restart-20260909-1600/source-reset/service/history/queues/queue_immediate.go:96"}
2026-09-10T01:26:09.827Z	info	RuntimeMetricsReporter started	{"service": "frontend", "logging-call-at": "/home/ubuntu/temporal-investigation-20260909/restart-20260909-1600/source-reset/common/metrics/runtime.go:121"}
2026-09-10T01:26:09.827Z	info	Task rescheduler started.	{"address": "127.0.0.1:37057", "component": "outbound-queue-processor", "lifecycle": "Started", "shard-id": 2, "logging-call-at": "/home/ubuntu/temporal-investigation-20260909/restart-20260909-1600/source-reset/service/history/queues/rescheduler.go:102"}
2026-09-10T01:26:09.827Z	info	none	{"address": "127.0.0.1:37057", "component": "outbound-queue-processor", "lifecycle": "Started", "shard-id": 2, "logging-call-at": "/home/ubuntu/temporal-investigation-20260909/restart-20260909-1600/source-reset/service/history/queues/queue_immediate.go:105"}
2026-09-10T01:26:09.827Z	info	frontend starting	{"service": "frontend", "logging-call-at": "/home/ubuntu/temporal-investigation-20260909/restart-20260909-1600/source-reset/service/frontend/service.go:515"}
2026-09-10T01:26:09.827Z	info	queue reader started	{"address": "127.0.0.1:37057", "component": "outbound-queue-processor", "lifecycle": "Started", "queue-reader-id": 0, "shard-id": 2, "logging-call-at": "/home/ubuntu/temporal-investigation-20260909/restart-20260909-1600/source-reset/service/history/queues/reader.go:158"}
2026-09-10T01:26:09.827Z	info	none	{"address": "127.0.0.1:37057", "component": "history-engine", "lifecycle": "Started", "shard-id": 2, "logging-call-at": "/home/ubuntu/temporal-investigation-20260909/restart-20260909-1600/source-reset/service/history/history_engine.go:395"}
2026-09-10T01:26:09.827Z	error	Queue reader unable to retrieve tasks	{"address": "127.0.0.1:37057", "component": "outbound-queue-processor", "error": "shard status unknown", "queue-reader-id": 0, "shard-id": 2, "logging-call-at": "/home/ubuntu/temporal-investigation-20260909/restart-20260909-1600/source-reset/service/history/queues/reader.go:457"}
go.temporal.io/server/common/log.(*zapLogger).Error
	/home/ubuntu/temporal-investigation-20260909/restart-20260909-1600/source-reset/common/log/zap_logger.go:191
go.temporal.io/server/common/testing/testlogger.(*TestLogger).Error
	/home/ubuntu/temporal-investigation-20260909/restart-20260909-1600/source-reset/common/testing/testlogger/testlogger.go:543
go.temporal.io/server/service/history/queues.(*ReaderImpl).loadAndSubmitTasks
	/home/ubuntu/temporal-investigation-20260909/restart-20260909-1600/source-reset/service/history/queues/reader.go:457
go.temporal.io/server/service/history/queues.(*ReaderImpl).eventLoop
	/home/ubuntu/temporal-investigation-20260909/restart-20260909-1600/source-reset/service/history/queues/reader.go:422
2026-09-10T01:26:09.827Z	info	none	{"address": "127.0.0.1:37057", "component": "shard-engine", "lifecycle": "Started", "shard-id": 2, "logging-call-at": "/home/ubuntu/temporal-investigation-20260909/restart-20260909-1600/source-reset/service/history/shard/context_impl.go:1565"}
2026-09-10T01:26:09.827Z	info	queue reader started	{"address": "127.0.0.1:37057", "component": "outbound-queue-processor", "lifecycle": "Started", "queue-reader-id": 0, "shard-id": 1, "logging-call-at": "/home/ubuntu/temporal-investigation-20260909/restart-20260909-1600/source-reset/service/history/queues/reader.go:158"}
2026-09-10T01:26:09.827Z	error	Queue reader unable to retrieve tasks	{"address": "127.0.0.1:37057", "component": "outbound-queue-processor", "error": "shard status unknown", "queue-reader-id": 0, "shard-id": 1, "logging-call-at": "/home/ubuntu/temporal-investigation-20260909/restart-20260909-1600/source-reset/service/history/queues/reader.go:457"}
go.temporal.io/server/common/log.(*zapLogger).Error
	/home/ubuntu/temporal-investigation-20260909/restart-20260909-1600/source-reset/common/log/zap_logger.go:191
go.temporal.io/server/common/testing/testlogger.(*TestLogger).Error
	/home/ubuntu/temporal-investigation-20260909/restart-20260909-1600/source-reset/common/testing/testlogger/testlogger.go:543
go.temporal.io/server/service/history/queues.(*ReaderImpl).loadAndSubmitTasks
	/home/ubuntu/temporal-investigation-20260909/restart-20260909-1600/source-reset/service/history/queues/reader.go:457
go.temporal.io/server/service/history/queues.(*ReaderImpl).eventLoop
	/home/ubuntu/temporal-investigation-20260909/restart-20260909-1600/source-reset/service/history/queues/reader.go:422
2026-09-10T01:26:09.827Z	error	Queue reader unable to retrieve tasks	{"address": "127.0.0.1:37057", "component": "timer-queue-processor", "error": "shard status unknown", "queue-reader-id": 0, "shard-id": 2, "logging-call-at": "/home/ubuntu/temporal-investigation-20260909/restart-20260909-1600/source-reset/service/history/queues/reader.go:457"}
go.temporal.io/server/common/log.(*zapLogger).Error
	/home/ubuntu/temporal-investigation-20260909/restart-20260909-1600/source-reset/common/log/zap_logger.go:191
go.temporal.io/server/common/testing/testlogger.(*TestLogger).Error
	/home/ubuntu/temporal-investigation-20260909/restart-20260909-1600/source-reset/common/testing/testlogger/testlogger.go:543
go.temporal.io/server/service/history/queues.(*ReaderImpl).loadAndSubmitTasks
	/home/ubuntu/temporal-investigation-20260909/restart-20260909-1600/source-reset/service/history/queues/reader.go:457
go.temporal.io/server/service/history/queues.(*ReaderImpl).eventLoop
	/home/ubuntu/temporal-investigation-20260909/restart-20260909-1600/source-reset/service/history/queues/reader.go:422
2026-09-10T01:26:09.827Z	info	none	{"address": "127.0.0.1:37057", "component": "transfer-queue-processor", "lifecycle": "Starting", "shard-id": 1, "logging-call-at": "/home/ubuntu/temporal-investigation-20260909/restart-20260909-1600/source-reset/service/history/queues/queue_immediate.go:96"}
2026-09-10T01:26:09.827Z	info	Task rescheduler started.	{"address": "127.0.0.1:37057", "component": "transfer-queue-processor", "lifecycle": "Started", "shard-id": 1, "logging-call-at": "/home/ubuntu/temporal-investigation-20260909/restart-20260909-1600/source-reset/service/history/queues/rescheduler.go:102"}
2026-09-10T01:26:09.827Z	info	none	{"address": "127.0.0.1:37057", "component": "transfer-queue-processor", "lifecycle": "Started", "shard-id": 1, "logging-call-at": "/home/ubuntu/temporal-investigation-20260909/restart-20260909-1600/source-reset/service/history/queues/queue_immediate.go:105"}
2026-09-10T01:26:09.827Z	info	Starting to serve on frontend listener	{"service": "frontend", "logging-call-at": "/home/ubuntu/temporal-investigation-20260909/restart-20260909-1600/source-reset/service/frontend/service.go:533"}
2026-09-10T01:26:09.827Z	info	Range updated for shardID	{"address": "127.0.0.1:37057", "previous-shard-range-id": 0, "shard-id": 3, "shard-range-id": 1, "logging-call-at": "/home/ubuntu/temporal-investigation-20260909/restart-20260909-1600/source-reset/service/history/shard/context_impl.go:1199"}
2026-09-10T01:26:09.827Z	info	none	{"component": "memory-scheduled-queue-processor", "lifecycle": "Starting", "service": "history", "logging-call-at": "/home/ubuntu/temporal-investigation-20260909/restart-20260909-1600/source-reset/service/history/queues/memory_scheduled_queue.go:79"}
2026-09-10T01:26:09.827Z	info	none	{"component": "memory-scheduled-queue-processor", "lifecycle": "Started", "service": "history", "logging-call-at": "/home/ubuntu/temporal-investigation-20260909/restart-20260909-1600/source-reset/service/history/queues/memory_scheduled_queue.go:84"}
2026-09-10T01:26:09.827Z	info	none	{"address": "127.0.0.1:37057", "component": "timer-queue-processor", "lifecycle": "Starting", "shard-id": 1, "logging-call-at": "/home/ubuntu/temporal-investigation-20260909/restart-20260909-1600/source-reset/service/history/queues/queue_scheduled.go:130"}
2026-09-10T01:26:09.827Z	info	Task key range updated	{"address": "127.0.0.1:37057", "next-number": 2097152, "number": 1048576, "shard-id": 3, "logging-call-at": "/home/ubuntu/temporal-investigation-20260909/restart-20260909-1600/source-reset/service/history/shard/task_key_generator.go:155"}
2026-09-10T01:26:09.827Z	error	Queue reader unable to retrieve tasks	{"address": "127.0.0.1:37057", "component": "transfer-queue-processor", "error": "shard status unknown", "queue-reader-id": 0, "shard-id": 1, "logging-call-at": "/home/ubuntu/temporal-investigation-20260909/restart-20260909-1600/source-reset/service/history/queues/reader.go:457"}
go.temporal.io/server/common/log.(*zapLogger).Error
	/home/ubuntu/temporal-investigation-20260909/restart-20260909-1600/source-reset/common/log/zap_logger.go:191
go.temporal.io/server/common/testing/testlogger.(*TestLogger).Error
	/home/ubuntu/temporal-investigation-20260909/restart-20260909-1600/source-reset/common/testing/testlogger/testlogger.go:543
go.temporal.io/server/service/history/queues.(*ReaderImpl).loadAndSubmitTasks
	/home/ubuntu/temporal-investigation-20260909/restart-20260909-1600/source-reset/service/history/queues/reader.go:457
go.temporal.io/server/service/history/queues.(*ReaderImpl).eventLoop
	/home/ubuntu/temporal-investigation-20260909/restart-20260909-1600/source-reset/service/history/queues/reader.go:422
2026-09-10T01:26:09.827Z	info	Task rescheduler started.	{"address": "127.0.0.1:37057", "component": "timer-queue-processor", "lifecycle": "Started", "shard-id": 1, "logging-call-at": "/home/ubuntu/temporal-investigation-20260909/restart-20260909-1600/source-reset/service/history/queues/rescheduler.go:102"}
2026-09-10T01:26:09.827Z	info	none	{"address": "127.0.0.1:37057", "component": "timer-queue-processor", "lifecycle": "Started", "shard-id": 1, "logging-call-at": "/home/ubuntu/temporal-investigation-20260909/restart-20260909-1600/source-reset/service/history/queues/queue_scheduled.go:139"}
2026-09-10T01:26:09.827Z	info	none	{"address": "127.0.0.1:37057", "component": "visibility-queue-processor", "lifecycle": "Starting", "shard-id": 1, "logging-call-at": "/home/ubuntu/temporal-investigation-20260909/restart-20260909-1600/source-reset/service/history/queues/queue_immediate.go:96"}
2026-09-10T01:26:09.827Z	info	Task rescheduler started.	{"address": "127.0.0.1:37057", "component": "visibility-queue-processor", "lifecycle": "Started", "shard-id": 1, "logging-call-at": "/home/ubuntu/temporal-investigation-20260909/restart-20260909-1600/source-reset/service/history/queues/rescheduler.go:102"}
2026-09-10T01:26:09.827Z	info	none	{"address": "127.0.0.1:37057", "component": "visibility-queue-processor", "lifecycle": "Started", "shard-id": 1, "logging-call-at": "/home/ubuntu/temporal-investigation-20260909/restart-20260909-1600/source-reset/service/history/queues/queue_immediate.go:105"}
2026-09-10T01:26:09.827Z	info	none	{"address": "127.0.0.1:37057", "component": "history-engine", "lifecycle": "Started", "shard-id": 1, "logging-call-at": "/home/ubuntu/temporal-investigation-20260909/restart-20260909-1600/source-reset/service/history/history_engine.go:395"}
2026-09-10T01:26:09.827Z	info	none	{"address": "127.0.0.1:37057", "component": "shard-engine", "lifecycle": "Started", "shard-id": 1, "logging-call-at": "/home/ubuntu/temporal-investigation-20260909/restart-20260909-1600/source-reset/service/history/shard/context_impl.go:1565"}
2026-09-10T01:26:09.827Z	info	Range updated for shardID	{"address": "127.0.0.1:37057", "previous-shard-range-id": 0, "shard-id": 4, "shard-range-id": 1, "logging-call-at": "/home/ubuntu/temporal-investigation-20260909/restart-20260909-1600/source-reset/service/history/shard/context_impl.go:1199"}
2026-09-10T01:26:09.827Z	info	queue reader started	{"address": "127.0.0.1:37057", "component": "timer-queue-processor", "lifecycle": "Started", "queue-reader-id": 0, "shard-id": 1, "logging-call-at": "/home/ubuntu/temporal-investigation-20260909/restart-20260909-1600/source-reset/service/history/queues/reader.go:158"}
2026-09-10T01:26:09.827Z	info	Task key range updated	{"address": "127.0.0.1:37057", "next-number": 2097152, "number": 1048576, "shard-id": 4, "logging-call-at": "/home/ubuntu/temporal-investigation-20260909/restart-20260909-1600/source-reset/service/history/shard/task_key_generator.go:155"}
2026-09-10T01:26:09.827Z	info	Acquired shard	{"address": "127.0.0.1:37057", "shard-id": 4, "logging-call-at": "/home/ubuntu/temporal-investigation-20260909/restart-20260909-1600/source-reset/service/history/shard/context_impl.go:2084"}
2026-09-10T01:26:09.828Z	info	none	{"address": "127.0.0.1:37057", "component": "shard-engine", "lifecycle": "Starting", "shard-id": 4, "logging-call-at": "/home/ubuntu/temporal-investigation-20260909/restart-20260909-1600/source-reset/service/history/shard/context_impl.go:1562"}
2026-09-10T01:26:09.827Z	info	Frontend is now healthy	{"service": "frontend", "logging-call-at": "/home/ubuntu/temporal-investigation-20260909/restart-20260909-1600/source-reset/service/frontend/workflow_handler.go:419"}
2026-09-10T01:26:09.827Z	info	queue reader started	{"address": "127.0.0.1:37057", "component": "transfer-queue-processor", "lifecycle": "Started", "queue-reader-id": 0, "shard-id": 1, "logging-call-at": "/home/ubuntu/temporal-investigation-20260909/restart-20260909-1600/source-reset/service/history/queues/reader.go:158"}
2026-09-10T01:26:09.827Z	info	queue reader started	{"address": "127.0.0.1:37057", "component": "visibility-queue-processor", "lifecycle": "Started", "queue-reader-id": 0, "shard-id": 1, "logging-call-at": "/home/ubuntu/temporal-investigation-20260909/restart-20260909-1600/source-reset/service/history/queues/reader.go:158"}
2026-09-10T01:26:09.827Z	info	Acquired shard	{"address": "127.0.0.1:37057", "shard-id": 3, "logging-call-at": "/home/ubuntu/temporal-investigation-20260909/restart-20260909-1600/source-reset/service/history/shard/context_impl.go:2084"}
2026-09-10T01:26:09.828Z	info	none	{"address": "127.0.0.1:37057", "component": "history-engine", "lifecycle": "Starting", "shard-id": 4, "logging-call-at": "/home/ubuntu/temporal-investigation-20260909/restart-20260909-1600/source-reset/service/history/history_engine.go:386"}
2026-09-10T01:26:09.828Z	info	none	{"component": "memory-scheduled-queue-processor", "lifecycle": "Starting", "service": "history", "logging-call-at": "/home/ubuntu/temporal-investigation-20260909/restart-20260909-1600/source-reset/service/history/queues/memory_scheduled_queue.go:79"}
2026-09-10T01:26:09.828Z	info	none	{"component": "memory-scheduled-queue-processor", "lifecycle": "Started", "service": "history", "logging-call-at": "/home/ubuntu/temporal-investigation-20260909/restart-20260909-1600/source-reset/service/history/queues/memory_scheduled_queue.go:84"}
2026-09-10T01:26:09.828Z	info	none	{"address": "127.0.0.1:37057", "component": "timer-queue-processor", "lifecycle": "Starting", "shard-id": 4, "logging-call-at": "/home/ubuntu/temporal-investigation-20260909/restart-20260909-1600/source-reset/service/history/queues/queue_scheduled.go:130"}
2026-09-10T01:26:09.828Z	info	none	{"address": "127.0.0.1:37057", "component": "shard-engine", "lifecycle": "Starting", "shard-id": 3, "logging-call-at": "/home/ubuntu/temporal-investigation-20260909/restart-20260909-1600/source-reset/service/history/shard/context_impl.go:1562"}
2026-09-10T01:26:09.828Z	info	Task rescheduler started.	{"address": "127.0.0.1:37057", "component": "timer-queue-processor", "lifecycle": "Started", "shard-id": 4, "logging-call-at": "/home/ubuntu/temporal-investigation-20260909/restart-20260909-1600/source-reset/service/history/queues/rescheduler.go:102"}
2026-09-10T01:26:09.828Z	info	none	{"address": "127.0.0.1:37057", "component": "timer-queue-processor", "lifecycle": "Started", "shard-id": 4, "logging-call-at": "/home/ubuntu/temporal-investigation-20260909/restart-20260909-1600/source-reset/service/history/queues/queue_scheduled.go:139"}
2026-09-10T01:26:09.828Z	info	none	{"address": "127.0.0.1:37057", "component": "visibility-queue-processor", "lifecycle": "Starting", "shard-id": 4, "logging-call-at": "/home/ubuntu/temporal-investigation-20260909/restart-20260909-1600/source-reset/service/history/queues/queue_immediate.go:96"}
2026-09-10T01:26:09.828Z	info	Task rescheduler started.	{"address": "127.0.0.1:37057", "component": "visibility-queue-processor", "lifecycle": "Started", "shard-id": 4, "logging-call-at": "/home/ubuntu/temporal-investigation-20260909/restart-20260909-1600/source-reset/service/history/queues/rescheduler.go:102"}
2026-09-10T01:26:09.828Z	info	none	{"address": "127.0.0.1:37057", "component": "visibility-queue-processor", "lifecycle": "Started", "shard-id": 4, "logging-call-at": "/home/ubuntu/temporal-investigation-20260909/restart-20260909-1600/source-reset/service/history/queues/queue_immediate.go:105"}
2026-09-10T01:26:09.828Z	info	none	{"address": "127.0.0.1:37057", "component": "outbound-queue-processor", "lifecycle": "Starting", "shard-id": 4, "logging-call-at": "/home/ubuntu/temporal-investigation-20260909/restart-20260909-1600/source-reset/service/history/queues/queue_immediate.go:96"}
2026-09-10T01:26:09.828Z	info	Task rescheduler started.	{"address": "127.0.0.1:37057", "component": "outbound-queue-processor", "lifecycle": "Started", "shard-id": 4, "logging-call-at": "/home/ubuntu/temporal-investigation-20260909/restart-20260909-1600/source-reset/service/history/queues/rescheduler.go:102"}
2026-09-10T01:26:09.828Z	info	none	{"address": "127.0.0.1:37057", "component": "outbound-queue-processor", "lifecycle": "Started", "shard-id": 4, "logging-call-at": "/home/ubuntu/temporal-investigation-20260909/restart-20260909-1600/source-reset/service/history/queues/queue_immediate.go:105"}
2026-09-10T01:26:09.828Z	info	none	{"address": "127.0.0.1:37057", "component": "transfer-queue-processor", "lifecycle": "Starting", "shard-id": 4, "logging-call-at": "/home/ubuntu/temporal-investigation-20260909/restart-20260909-1600/source-reset/service/history/queues/queue_immediate.go:96"}
2026-09-10T01:26:09.828Z	info	Task rescheduler started.	{"address": "127.0.0.1:37057", "component": "transfer-queue-processor", "lifecycle": "Started", "shard-id": 4, "logging-call-at": "/home/ubuntu/temporal-investigation-20260909/restart-20260909-1600/source-reset/service/history/queues/rescheduler.go:102"}
2026-09-10T01:26:09.828Z	info	queue reader started	{"address": "127.0.0.1:37057", "component": "visibility-queue-processor", "lifecycle": "Started", "queue-reader-id": 0, "shard-id": 4, "logging-call-at": "/home/ubuntu/temporal-investigation-20260909/restart-20260909-1600/source-reset/service/history/queues/reader.go:158"}
2026-09-10T01:26:09.828Z	info	queue reader started	{"address": "127.0.0.1:37057", "component": "timer-queue-processor", "lifecycle": "Started", "queue-reader-id": 0, "shard-id": 4, "logging-call-at": "/home/ubuntu/temporal-investigation-20260909/restart-20260909-1600/source-reset/service/history/queues/reader.go:158"}
2026-09-10T01:26:09.828Z	info	none	{"address": "127.0.0.1:37057", "component": "transfer-queue-processor", "lifecycle": "Started", "shard-id": 4, "logging-call-at": "/home/ubuntu/temporal-investigation-20260909/restart-20260909-1600/source-reset/service/history/queues/queue_immediate.go:105"}
2026-09-10T01:26:09.828Z	error	Queue reader unable to retrieve tasks	{"address": "127.0.0.1:37057", "component": "timer-queue-processor", "error": "shard status unknown", "queue-reader-id": 0, "shard-id": 4, "logging-call-at": "/home/ubuntu/temporal-investigation-20260909/restart-20260909-1600/source-reset/service/history/queues/reader.go:457"}
go.temporal.io/server/common/log.(*zapLogger).Error
	/home/ubuntu/temporal-investigation-20260909/restart-20260909-1600/source-reset/common/log/zap_logger.go:191
go.temporal.io/server/common/testing/testlogger.(*TestLogger).Error
	/home/ubuntu/temporal-investigation-20260909/restart-20260909-1600/source-reset/common/testing/testlogger/testlogger.go:543
go.temporal.io/server/service/history/queues.(*ReaderImpl).loadAndSubmitTasks
	/home/ubuntu/temporal-investigation-20260909/restart-20260909-1600/source-reset/service/history/queues/reader.go:457
go.temporal.io/server/service/history/queues.(*ReaderImpl).eventLoop
	/home/ubuntu/temporal-investigation-20260909/restart-20260909-1600/source-reset/service/history/queues/reader.go:422
2026-09-10T01:26:09.828Z	info	none	{"address": "127.0.0.1:37057", "component": "history-engine", "lifecycle": "Starting", "shard-id": 3, "logging-call-at": "/home/ubuntu/temporal-investigation-20260909/restart-20260909-1600/source-reset/service/history/history_engine.go:386"}
2026-09-10T01:26:09.828Z	info	none	{"address": "127.0.0.1:37057", "component": "timer-queue-processor", "lifecycle": "Starting", "shard-id": 3, "logging-call-at": "/home/ubuntu/temporal-investigation-20260909/restart-20260909-1600/source-reset/service/history/queues/queue_scheduled.go:130"}
2026-09-10T01:26:09.828Z	info	Task rescheduler started.	{"address": "127.0.0.1:37057", "component": "timer-queue-processor", "lifecycle": "Started", "shard-id": 3, "logging-call-at": "/home/ubuntu/temporal-investigation-20260909/restart-20260909-1600/source-reset/service/history/queues/rescheduler.go:102"}
2026-09-10T01:26:09.828Z	info	none	{"address": "127.0.0.1:37057", "component": "timer-queue-processor", "lifecycle": "Started", "shard-id": 3, "logging-call-at": "/home/ubuntu/temporal-investigation-20260909/restart-20260909-1600/source-reset/service/history/queues/queue_scheduled.go:139"}
2026-09-10T01:26:09.828Z	info	none	{"address": "127.0.0.1:37057", "component": "visibility-queue-processor", "lifecycle": "Starting", "shard-id": 3, "logging-call-at": "/home/ubuntu/temporal-investigation-20260909/restart-20260909-1600/source-reset/service/history/queues/queue_immediate.go:96"}
2026-09-10T01:26:09.828Z	info	Task rescheduler started.	{"address": "127.0.0.1:37057", "component": "visibility-queue-processor", "lifecycle": "Started", "shard-id": 3, "logging-call-at": "/home/ubuntu/temporal-investigation-20260909/restart-20260909-1600/source-reset/service/history/queues/rescheduler.go:102"}
2026-09-10T01:26:09.828Z	error	Queue reader unable to retrieve tasks	{"address": "127.0.0.1:37057", "component": "outbound-queue-processor", "error": "shard status unknown", "queue-reader-id": 0, "shard-id": 4, "logging-call-at": "/home/ubuntu/temporal-investigation-20260909/restart-20260909-1600/source-reset/service/history/queues/reader.go:457"}
go.temporal.io/server/common/log.(*zapLogger).Error
	/home/ubuntu/temporal-investigation-20260909/restart-20260909-1600/source-reset/common/log/zap_logger.go:191
go.temporal.io/server/common/testing/testlogger.(*TestLogger).Error
	/home/ubuntu/temporal-investigation-20260909/restart-20260909-1600/source-reset/common/testing/testlogger/testlogger.go:543
go.temporal.io/server/service/history/queues.(*ReaderImpl).loadAndSubmitTasks
	/home/ubuntu/temporal-investigation-20260909/restart-20260909-1600/source-reset/service/history/queues/reader.go:457
go.temporal.io/server/service/history/queues.(*ReaderImpl).eventLoop
	/home/ubuntu/temporal-investigation-20260909/restart-20260909-1600/source-reset/service/history/queues/reader.go:422
2026-09-10T01:26:09.828Z	info	queue reader started	{"address": "127.0.0.1:37057", "component": "outbound-queue-processor", "lifecycle": "Started", "queue-reader-id": 0, "shard-id": 4, "logging-call-at": "/home/ubuntu/temporal-investigation-20260909/restart-20260909-1600/source-reset/service/history/queues/reader.go:158"}
2026-09-10T01:26:09.828Z	error	Queue reader unable to retrieve tasks	{"address": "127.0.0.1:37057", "component": "visibility-queue-processor", "error": "shard status unknown", "queue-reader-id": 0, "shard-id": 3, "logging-call-at": "/home/ubuntu/temporal-investigation-20260909/restart-20260909-1600/source-reset/service/history/queues/reader.go:457"}
go.temporal.io/server/common/log.(*zapLogger).Error
	/home/ubuntu/temporal-investigation-20260909/restart-20260909-1600/source-reset/common/log/zap_logger.go:191
go.temporal.io/server/common/testing/testlogger.(*TestLogger).Error
	/home/ubuntu/temporal-investigation-20260909/restart-20260909-1600/source-reset/common/testing/testlogger/testlogger.go:543
go.temporal.io/server/service/history/queues.(*ReaderImpl).loadAndSubmitTasks
	/home/ubuntu/temporal-investigation-20260909/restart-20260909-1600/source-reset/service/history/queues/reader.go:457
go.temporal.io/server/service/history/queues.(*ReaderImpl).eventLoop
	/home/ubuntu/temporal-investigation-20260909/restart-20260909-1600/source-reset/service/history/queues/reader.go:422
2026-09-10T01:26:09.828Z	info	none	{"address": "127.0.0.1:37057", "component": "visibility-queue-processor", "lifecycle": "Started", "shard-id": 3, "logging-call-at": "/home/ubuntu/temporal-investigation-20260909/restart-20260909-1600/source-reset/service/history/queues/queue_immediate.go:105"}
2026-09-10T01:26:09.828Z	info	none	{"address": "127.0.0.1:37057", "component": "outbound-queue-processor", "lifecycle": "Starting", "shard-id": 3, "logging-call-at": "/home/ubuntu/temporal-investigation-20260909/restart-20260909-1600/source-reset/service/history/queues/queue_immediate.go:96"}
2026-09-10T01:26:09.828Z	info	Task rescheduler started.	{"address": "127.0.0.1:37057", "component": "outbound-queue-processor", "lifecycle": "Started", "shard-id": 3, "logging-call-at": "/home/ubuntu/temporal-investigation-20260909/restart-20260909-1600/source-reset/service/history/queues/rescheduler.go:102"}
2026-09-10T01:26:09.828Z	error	Queue reader unable to retrieve tasks	{"address": "127.0.0.1:37057", "component": "visibility-queue-processor", "error": "shard status unknown", "queue-reader-id": 0, "shard-id": 4, "logging-call-at": "/home/ubuntu/temporal-investigation-20260909/restart-20260909-1600/source-reset/service/history/queues/reader.go:457"}
go.temporal.io/server/common/log.(*zapLogger).Error
	/home/ubuntu/temporal-investigation-20260909/restart-20260909-1600/source-reset/common/log/zap_logger.go:191
go.temporal.io/server/common/testing/testlogger.(*TestLogger).Error
	/home/ubuntu/temporal-investigation-20260909/restart-20260909-1600/source-reset/common/testing/testlogger/testlogger.go:543
go.temporal.io/server/service/history/queues.(*ReaderImpl).loadAndSubmitTasks
	/home/ubuntu/temporal-investigation-20260909/restart-20260909-1600/source-reset/service/history/queues/reader.go:457
go.temporal.io/server/service/history/queues.(*ReaderImpl).eventLoop
	/home/ubuntu/temporal-investigation-20260909/restart-20260909-1600/source-reset/service/history/queues/reader.go:422
2026-09-10T01:26:09.828Z	info	queue reader started	{"address": "127.0.0.1:37057", "component": "outbound-queue-processor", "lifecycle": "Started", "queue-reader-id": 0, "shard-id": 3, "logging-call-at": "/home/ubuntu/temporal-investigation-20260909/restart-20260909-1600/source-reset/service/history/queues/reader.go:158"}
2026-09-10T01:26:09.828Z	error	Queue reader unable to retrieve tasks	{"address": "127.0.0.1:37057", "component": "transfer-queue-processor", "error": "shard status unknown", "queue-reader-id": 0, "shard-id": 4, "logging-call-at": "/home/ubuntu/temporal-investigation-20260909/restart-20260909-1600/source-reset/service/history/queues/reader.go:457"}
go.temporal.io/server/common/log.(*zapLogger).Error
	/home/ubuntu/temporal-investigation-20260909/restart-20260909-1600/source-reset/common/log/zap_logger.go:191
go.temporal.io/server/common/testing/testlogger.(*TestLogger).Error
	/home/ubuntu/temporal-investigation-20260909/restart-20260909-1600/source-reset/common/testing/testlogger/testlogger.go:543
go.temporal.io/server/service/history/queues.(*ReaderImpl).loadAndSubmitTasks
	/home/ubuntu/temporal-investigation-20260909/restart-20260909-1600/source-reset/service/history/queues/reader.go:457
go.temporal.io/server/service/history/queues.(*ReaderImpl).eventLoop
	/home/ubuntu/temporal-investigation-20260909/restart-20260909-1600/source-reset/service/history/queues/reader.go:422
2026-09-10T01:26:09.828Z	info	none	{"address": "127.0.0.1:37057", "component": "history-engine", "lifecycle": "Started", "shard-id": 4, "logging-call-at": "/home/ubuntu/temporal-investigation-20260909/restart-20260909-1600/source-reset/service/history/history_engine.go:395"}
2026-09-10T01:26:09.828Z	info	none	{"address": "127.0.0.1:37057", "component": "shard-engine", "lifecycle": "Started", "shard-id": 4, "logging-call-at": "/home/ubuntu/temporal-investigation-20260909/restart-20260909-1600/source-reset/service/history/shard/context_impl.go:1565"}
2026-09-10T01:26:09.828Z	info	queue reader started	{"address": "127.0.0.1:37057", "component": "transfer-queue-processor", "lifecycle": "Started", "queue-reader-id": 0, "shard-id": 4, "logging-call-at": "/home/ubuntu/temporal-investigation-20260909/restart-20260909-1600/source-reset/service/history/queues/reader.go:158"}
2026-09-10T01:26:09.828Z	error	Queue reader unable to retrieve tasks	{"address": "127.0.0.1:37057", "component": "outbound-queue-processor", "error": "shard status unknown", "queue-reader-id": 0, "shard-id": 3, "logging-call-at": "/home/ubuntu/temporal-investigation-20260909/restart-20260909-1600/source-reset/service/history/queues/reader.go:457"}
go.temporal.io/server/common/log.(*zapLogger).Error
	/home/ubuntu/temporal-investigation-20260909/restart-20260909-1600/source-reset/common/log/zap_logger.go:191
go.temporal.io/server/common/testing/testlogger.(*TestLogger).Error
	/home/ubuntu/temporal-investigation-20260909/restart-20260909-1600/source-reset/common/testing/testlogger/testlogger.go:543
go.temporal.io/server/service/history/queues.(*ReaderImpl).loadAndSubmitTasks
	/home/ubuntu/temporal-investigation-20260909/restart-20260909-1600/source-reset/service/history/queues/reader.go:457
go.temporal.io/server/service/history/queues.(*ReaderImpl).eventLoop
	/home/ubuntu/temporal-investigation-20260909/restart-20260909-1600/source-reset/service/history/queues/reader.go:422
2026-09-10T01:26:09.828Z	info	queue reader started	{"address": "127.0.0.1:37057", "component": "visibility-queue-processor", "lifecycle": "Started", "queue-reader-id": 0, "shard-id": 3, "logging-call-at": "/home/ubuntu/temporal-investigation-20260909/restart-20260909-1600/source-reset/service/history/queues/reader.go:158"}
2026-09-10T01:26:09.828Z	info	queue reader started	{"address": "127.0.0.1:37057", "component": "timer-queue-processor", "lifecycle": "Started", "queue-reader-id": 0, "shard-id": 3, "logging-call-at": "/home/ubuntu/temporal-investigation-20260909/restart-20260909-1600/source-reset/service/history/queues/reader.go:158"}
2026-09-10T01:26:09.828Z	info	none	{"address": "127.0.0.1:37057", "component": "outbound-queue-processor", "lifecycle": "Started", "shard-id": 3, "logging-call-at": "/home/ubuntu/temporal-investigation-20260909/restart-20260909-1600/source-reset/service/history/queues/queue_immediate.go:105"}
2026-09-10T01:26:09.828Z	info	none	{"address": "127.0.0.1:37057", "component": "transfer-queue-processor", "lifecycle": "Starting", "shard-id": 3, "logging-call-at": "/home/ubuntu/temporal-investigation-20260909/restart-20260909-1600/source-reset/service/history/queues/queue_immediate.go:96"}
2026-09-10T01:26:09.828Z	info	Task rescheduler started.	{"address": "127.0.0.1:37057", "component": "transfer-queue-processor", "lifecycle": "Started", "shard-id": 3, "logging-call-at": "/home/ubuntu/temporal-investigation-20260909/restart-20260909-1600/source-reset/service/history/queues/rescheduler.go:102"}
2026-09-10T01:26:09.828Z	info	none	{"address": "127.0.0.1:37057", "component": "transfer-queue-processor", "lifecycle": "Started", "shard-id": 3, "logging-call-at": "/home/ubuntu/temporal-investigation-20260909/restart-20260909-1600/source-reset/service/history/queues/queue_immediate.go:105"}
2026-09-10T01:26:09.828Z	info	none	{"component": "memory-scheduled-queue-processor", "lifecycle": "Starting", "service": "history", "logging-call-at": "/home/ubuntu/temporal-investigation-20260909/restart-20260909-1600/source-reset/service/history/queues/memory_scheduled_queue.go:79"}
2026-09-10T01:26:09.828Z	info	none	{"component": "memory-scheduled-queue-processor", "lifecycle": "Started", "service": "history", "logging-call-at": "/home/ubuntu/temporal-investigation-20260909/restart-20260909-1600/source-reset/service/history/queues/memory_scheduled_queue.go:84"}
2026-09-10T01:26:09.828Z	error	Queue reader unable to retrieve tasks	{"address": "127.0.0.1:37057", "component": "timer-queue-processor", "error": "shard status unknown", "queue-reader-id": 0, "shard-id": 3, "logging-call-at": "/home/ubuntu/temporal-investigation-20260909/restart-20260909-1600/source-reset/service/history/queues/reader.go:457"}
go.temporal.io/server/common/log.(*zapLogger).Error
	/home/ubuntu/temporal-investigation-20260909/restart-20260909-1600/source-reset/common/log/zap_logger.go:191
go.temporal.io/server/common/testing/testlogger.(*TestLogger).Error
	/home/ubuntu/temporal-investigation-20260909/restart-20260909-1600/source-reset/common/testing/testlogger/testlogger.go:543
go.temporal.io/server/service/history/queues.(*ReaderImpl).loadAndSubmitTasks
	/home/ubuntu/temporal-investigation-20260909/restart-20260909-1600/source-reset/service/history/queues/reader.go:457
go.temporal.io/server/service/history/queues.(*ReaderImpl).eventLoop
	/home/ubuntu/temporal-investigation-20260909/restart-20260909-1600/source-reset/service/history/queues/reader.go:422
2026-09-10T01:26:09.828Z	info	none	{"address": "127.0.0.1:37057", "component": "history-engine", "lifecycle": "Started", "shard-id": 3, "logging-call-at": "/home/ubuntu/temporal-investigation-20260909/restart-20260909-1600/source-reset/service/history/history_engine.go:395"}
2026-09-10T01:26:09.828Z	info	none	{"address": "127.0.0.1:37057", "component": "shard-engine", "lifecycle": "Started", "shard-id": 3, "logging-call-at": "/home/ubuntu/temporal-investigation-20260909/restart-20260909-1600/source-reset/service/history/shard/context_impl.go:1565"}
2026-09-10T01:26:09.828Z	info	queue reader started	{"address": "127.0.0.1:37057", "component": "transfer-queue-processor", "lifecycle": "Started", "queue-reader-id": 0, "shard-id": 3, "logging-call-at": "/home/ubuntu/temporal-investigation-20260909/restart-20260909-1600/source-reset/service/history/queues/reader.go:158"}
2026-09-10T01:26:09.829Z	info	initial shards ready	{"address": "127.0.0.1:37057", "component": "shard-controller", "total": 4, "logging-call-at": "/home/ubuntu/temporal-investigation-20260909/restart-20260909-1600/source-reset/service/history/shard/controller_impl.go:511"}
2026-09-10T01:26:09.829Z	debug	Frontend method invoked.	{"wf-namespace": "namespace-278c95f9-1050-4c2a-93a5-f8235479fdd6", "operation": "DescribeNamespace", "server-name": "", "cert-thumbprint": "", "logging-call-at": "/home/ubuntu/temporal-investigation-20260909/restart-20260909-1600/source-reset/common/rpc/interceptor/namespace_logger.go:53"}
2026-09-10T01:26:09.829Z	info	Quota changed	{"component": "rpc-handler", "current-quota": null, "new-quota": 2400, "scope": "namespace", "service": "frontend", "wf-namespace": "namespace-278c95f9-1050-4c2a-93a5-f8235479fdd6", "logging-call-at": "/home/ubuntu/temporal-investigation-20260909/restart-20260909-1600/source-reset/common/quotas/calculator/logged_calculator.go:100"}
2026-09-10T01:26:09.829Z	info	Quota changed	{"component": "persistence", "current-quota": null, "new-quota": 0, "scope": "namespace", "service": "frontend", "wf-namespace": "namespace-278c95f9-1050-4c2a-93a5-f8235479fdd6", "logging-call-at": "/home/ubuntu/temporal-investigation-20260909/restart-20260909-1600/source-reset/common/quotas/calculator/logged_calculator.go:100"}
2026-09-10T01:26:09.830Z	debug	Frontend method invoked.	{"wf-namespace": "namespace-278c95f9-1050-4c2a-93a5-f8235479fdd6", "operation": "AddSearchAttributes", "server-name": "", "cert-thumbprint": "", "logging-call-at": "/home/ubuntu/temporal-investigation-20260909/restart-20260909-1600/source-reset/common/rpc/interceptor/namespace_logger.go:53"}
2026-09-10T01:26:09.831Z	debug	Frontend method invoked.	{"wf-namespace": "namespace-278c95f9-1050-4c2a-93a5-f8235479fdd6", "operation": "DescribeNamespace", "server-name": "", "cert-thumbprint": "", "logging-call-at": "/home/ubuntu/temporal-investigation-20260909/restart-20260909-1600/source-reset/common/rpc/interceptor/namespace_logger.go:53"}
2026-09-10T01:26:09.831Z	debug	Frontend method invoked.	{"wf-namespace": "namespace-278c95f9-1050-4c2a-93a5-f8235479fdd6", "operation": "UpdateNamespace", "server-name": "", "cert-thumbprint": "", "logging-call-at": "/home/ubuntu/temporal-investigation-20260909/restart-20260909-1600/source-reset/common/rpc/interceptor/namespace_logger.go:53"}
2026-09-10T01:26:09.831Z	info	Quota changed	{"component": "namespace-replication", "current-quota": null, "new-quota": 10, "scope": "namespace", "service": "frontend", "wf-namespace": "namespace-278c95f9-1050-4c2a-93a5-f8235479fdd6", "logging-call-at": "/home/ubuntu/temporal-investigation-20260909/restart-20260909-1600/source-reset/common/quotas/calculator/logged_calculator.go:100"}
2026-09-10T01:26:09.832Z	info	Update namespace succeeded	{"service": "frontend", "wf-namespace": "namespace-278c95f9-1050-4c2a-93a5-f8235479fdd6", "wf-namespace-id": "4351c088-39d1-4a03-9c54-3085138fdcd2", "logging-call-at": "/home/ubuntu/temporal-investigation-20260909/restart-20260909-1600/source-reset/service/frontend/namespace_handler.go:667"}
2026-09-10T01:26:09.832Z	debug	Frontend method invoked.	{"wf-namespace": "namespace-278c95f9-1050-4c2a-93a5-f8235479fdd6", "operation": "ListSearchAttributes", "server-name": "", "cert-thumbprint": "", "logging-call-at": "/home/ubuntu/temporal-investigation-20260909/restart-20260909-1600/source-reset/common/rpc/interceptor/namespace_logger.go:53"}
2026-09-10T01:26:09.832Z	debug	Frontend method invoked.	{"wf-namespace": "namespace-278c95f9-1050-4c2a-93a5-f8235479fdd6", "operation": "DescribeNamespace", "server-name": "", "cert-thumbprint": "", "logging-call-at": "/home/ubuntu/temporal-investigation-20260909/restart-20260909-1600/source-reset/common/rpc/interceptor/namespace_logger.go:53"}
2026-09-10T01:26:09.833Z	info	Register namespace succeeded	{"wf-namespace": "namespace-278c95f9-1050-4c2a-93a5-f8235479fdd6", "wf-namespace-id": "4351c088-39d1-4a03-9c54-3085138fdcd2", "logging-call-at": "/home/ubuntu/temporal-investigation-20260909/restart-20260909-1600/source-reset/tests/testcore/functional_test_base.go:600"}
2026-09-10T01:26:09.833Z	debug	Frontend method invoked.	{"wf-namespace": "external-namespace-bbdb93b0-9c68-4639-b18a-2344c03e4203", "operation": "DescribeNamespace", "server-name": "", "cert-thumbprint": "", "logging-call-at": "/home/ubuntu/temporal-investigation-20260909/restart-20260909-1600/source-reset/common/rpc/interceptor/namespace_logger.go:53"}
2026-09-10T01:26:09.833Z	info	Quota changed	{"component": "rpc-handler", "current-quota": null, "new-quota": 2400, "scope": "namespace", "service": "frontend", "wf-namespace": "external-namespace-bbdb93b0-9c68-4639-b18a-2344c03e4203", "logging-call-at": "/home/ubuntu/temporal-investigation-20260909/restart-20260909-1600/source-reset/common/quotas/calculator/logged_calculator.go:100"}
2026-09-10T01:26:09.833Z	info	Quota changed	{"component": "persistence", "current-quota": null, "new-quota": 0, "scope": "namespace", "service": "frontend", "wf-namespace": "external-namespace-bbdb93b0-9c68-4639-b18a-2344c03e4203", "logging-call-at": "/home/ubuntu/temporal-investigation-20260909/restart-20260909-1600/source-reset/common/quotas/calculator/logged_calculator.go:100"}
2026-09-10T01:26:09.833Z	debug	Frontend method invoked.	{"wf-namespace": "external-namespace-bbdb93b0-9c68-4639-b18a-2344c03e4203", "operation": "AddSearchAttributes", "server-name": "", "cert-thumbprint": "", "logging-call-at": "/home/ubuntu/temporal-investigation-20260909/restart-20260909-1600/source-reset/common/rpc/interceptor/namespace_logger.go:53"}
2026-09-10T01:26:09.834Z	debug	Frontend method invoked.	{"wf-namespace": "external-namespace-bbdb93b0-9c68-4639-b18a-2344c03e4203", "operation": "DescribeNamespace", "server-name": "", "cert-thumbprint": "", "logging-call-at": "/home/ubuntu/temporal-investigation-20260909/restart-20260909-1600/source-reset/common/rpc/interceptor/namespace_logger.go:53"}
2026-09-10T01:26:09.834Z	debug	Frontend method invoked.	{"wf-namespace": "external-namespace-bbdb93b0-9c68-4639-b18a-2344c03e4203", "operation": "UpdateNamespace", "server-name": "", "cert-thumbprint": "", "logging-call-at": "/home/ubuntu/temporal-investigation-20260909/restart-20260909-1600/source-reset/common/rpc/interceptor/namespace_logger.go:53"}
2026-09-10T01:26:09.834Z	info	Quota changed	{"component": "namespace-replication", "current-quota": null, "new-quota": 10, "scope": "namespace", "service": "frontend", "wf-namespace": "external-namespace-bbdb93b0-9c68-4639-b18a-2344c03e4203", "logging-call-at": "/home/ubuntu/temporal-investigation-20260909/restart-20260909-1600/source-reset/common/quotas/calculator/logged_calculator.go:100"}
2026-09-10T01:26:09.834Z	info	Update namespace succeeded	{"service": "frontend", "wf-namespace": "external-namespace-bbdb93b0-9c68-4639-b18a-2344c03e4203", "wf-namespace-id": "2762e54d-5513-4d9f-8c0b-5790d05214cc", "logging-call-at": "/home/ubuntu/temporal-investigation-20260909/restart-20260909-1600/source-reset/service/frontend/namespace_handler.go:667"}
2026-09-10T01:26:09.835Z	debug	Frontend method invoked.	{"wf-namespace": "external-namespace-bbdb93b0-9c68-4639-b18a-2344c03e4203", "operation": "ListSearchAttributes", "server-name": "", "cert-thumbprint": "", "logging-call-at": "/home/ubuntu/temporal-investigation-20260909/restart-20260909-1600/source-reset/common/rpc/interceptor/namespace_logger.go:53"}
2026-09-10T01:26:09.835Z	debug	Frontend method invoked.	{"wf-namespace": "external-namespace-bbdb93b0-9c68-4639-b18a-2344c03e4203", "operation": "DescribeNamespace", "server-name": "", "cert-thumbprint": "", "logging-call-at": "/home/ubuntu/temporal-investigation-20260909/restart-20260909-1600/source-reset/common/rpc/interceptor/namespace_logger.go:53"}
2026-09-10T01:26:09.835Z	info	Register namespace succeeded	{"wf-namespace": "external-namespace-bbdb93b0-9c68-4639-b18a-2344c03e4203", "wf-namespace-id": "2762e54d-5513-4d9f-8c0b-5790d05214cc", "logging-call-at": "/home/ubuntu/temporal-investigation-20260909/restart-20260909-1600/source-reset/tests/testcore/functional_test_base.go:600"}
2026/09/10 01:26:09 CLUSTEREVENT {"kind":"shared","reason":"shared pool","suite":"TestWorkflowResetTestSuite","test":"TestWorkflowResetTestSuite/TestAnalysisExactResetReplay/same-running/response-received","worker":false}
    shared_cluster_t.go:72: 2026-09-10T01:26:09.836Z	debug	Frontend method invoked.	{"wf-namespace": "TestWorkflowResetTestSuite-TestAnalysisExactResetReplay-same-running-response-received-d82b9d3c-42e9-4a34-9c39-46f28ae28695", "operation": "DescribeNamespace", "server-name": "", "cert-thumbprint": "", "logging-call-at": "/home/ubuntu/temporal-investigation-20260909/restart-20260909-1600/source-reset/common/rpc/interceptor/namespace_logger.go:53"}
    shared_cluster_t.go:72: 2026-09-10T01:26:09.836Z	info	Quota changed	{"component": "rpc-handler", "current-quota": null, "new-quota": 2400, "scope": "namespace", "service": "frontend", "wf-namespace": "TestWorkflowResetTestSuite-TestAnalysisExactResetReplay-same-running-response-received-d82b9d3c-42e9-4a34-9c39-46f28ae28695", "logging-call-at": "/home/ubuntu/temporal-investigation-20260909/restart-20260909-1600/source-reset/common/quotas/calculator/logged_calculator.go:100"}
    shared_cluster_t.go:72: 2026-09-10T01:26:09.836Z	info	Quota changed	{"component": "persistence", "current-quota": null, "new-quota": 0, "scope": "namespace", "service": "frontend", "wf-namespace": "TestWorkflowResetTestSuite-TestAnalysisExactResetReplay-same-running-response-received-d82b9d3c-42e9-4a34-9c39-46f28ae28695", "logging-call-at": "/home/ubuntu/temporal-investigation-20260909/restart-20260909-1600/source-reset/common/quotas/calculator/logged_calculator.go:100"}
    shared_cluster_t.go:72: 2026-09-10T01:26:09.836Z	debug	Frontend method invoked.	{"wf-namespace": "TestWorkflowResetTestSuite-TestAnalysisExactResetReplay-same-running-response-received-d82b9d3c-42e9-4a34-9c39-46f28ae28695", "operation": "AddSearchAttributes", "server-name": "", "cert-thumbprint": "", "logging-call-at": "/home/ubuntu/temporal-investigation-20260909/restart-20260909-1600/source-reset/common/rpc/interceptor/namespace_logger.go:53"}
    shared_cluster_t.go:72: 2026-09-10T01:26:09.837Z	debug	Frontend method invoked.	{"wf-namespace": "TestWorkflowResetTestSuite-TestAnalysisExactResetReplay-same-running-response-received-d82b9d3c-42e9-4a34-9c39-46f28ae28695", "operation": "DescribeNamespace", "server-name": "", "cert-thumbprint": "", "logging-call-at": "/home/ubuntu/temporal-investigation-20260909/restart-20260909-1600/source-reset/common/rpc/interceptor/namespace_logger.go:53"}
    shared_cluster_t.go:72: 2026-09-10T01:26:09.837Z	debug	Frontend method invoked.	{"wf-namespace": "TestWorkflowResetTestSuite-TestAnalysisExactResetReplay-same-running-response-received-d82b9d3c-42e9-4a34-9c39-46f28ae28695", "operation": "UpdateNamespace", "server-name": "", "cert-thumbprint": "", "logging-call-at": "/home/ubuntu/temporal-investigation-20260909/restart-20260909-1600/source-reset/common/rpc/interceptor/namespace_logger.go:53"}
    shared_cluster_t.go:72: 2026-09-10T01:26:09.837Z	info	Quota changed	{"component": "namespace-replication", "current-quota": null, "new-quota": 10, "scope": "namespace", "service": "frontend", "wf-namespace": "TestWorkflowResetTestSuite-TestAnalysisExactResetReplay-same-running-response-received-d82b9d3c-42e9-4a34-9c39-46f28ae28695", "logging-call-at": "/home/ubuntu/temporal-investigation-20260909/restart-20260909-1600/source-reset/common/quotas/calculator/logged_calculator.go:100"}
    shared_cluster_t.go:72: 2026-09-10T01:26:09.838Z	info	Update namespace succeeded	{"service": "frontend", "wf-namespace": "TestWorkflowResetTestSuite-TestAnalysisExactResetReplay-same-running-response-received-d82b9d3c-42e9-4a34-9c39-46f28ae28695", "wf-namespace-id": "3717ba0a-e290-42fb-a743-4dc7d262af3f", "logging-call-at": "/home/ubuntu/temporal-investigation-20260909/restart-20260909-1600/source-reset/service/frontend/namespace_handler.go:667"}
    shared_cluster_t.go:72: 2026-09-10T01:26:09.838Z	debug	Frontend method invoked.	{"wf-namespace": "TestWorkflowResetTestSuite-TestAnalysisExactResetReplay-same-running-response-received-d82b9d3c-42e9-4a34-9c39-46f28ae28695", "operation": "ListSearchAttributes", "server-name": "", "cert-thumbprint": "", "logging-call-at": "/home/ubuntu/temporal-investigation-20260909/restart-20260909-1600/source-reset/common/rpc/interceptor/namespace_logger.go:53"}
    shared_cluster_t.go:72: 2026-09-10T01:26:09.838Z	debug	Frontend method invoked.	{"wf-namespace": "TestWorkflowResetTestSuite-TestAnalysisExactResetReplay-same-running-response-received-d82b9d3c-42e9-4a34-9c39-46f28ae28695", "operation": "DescribeNamespace", "server-name": "", "cert-thumbprint": "", "logging-call-at": "/home/ubuntu/temporal-investigation-20260909/restart-20260909-1600/source-reset/common/rpc/interceptor/namespace_logger.go:53"}
    shared_cluster_t.go:72: 2026-09-10T01:26:09.839Z	info	Register namespace succeeded	{"wf-namespace": "TestWorkflowResetTestSuite-TestAnalysisExactResetReplay-same-running-response-received-d82b9d3c-42e9-4a34-9c39-46f28ae28695", "wf-namespace-id": "3717ba0a-e290-42fb-a743-4dc7d262af3f", "logging-call-at": "/home/ubuntu/temporal-investigation-20260909/restart-20260909-1600/source-reset/tests/testcore/functional_test_base.go:600"}
    shared_cluster_t.go:72: 2026-09-10T01:26:09.839Z	debug	Frontend method invoked.	{"wf-namespace": "", "operation": "GetSystemInfo", "server-name": "", "cert-thumbprint": "", "logging-call-at": "/home/ubuntu/temporal-investigation-20260909/restart-20260909-1600/source-reset/common/rpc/interceptor/namespace_logger.go:53"}
    shared_cluster_t.go:72: 2026-09-10T01:26:09.840Z	debug	routing key extraction: adding routing key to context	{"wf-id": "TestWorkflowResetTestSuite/TestAnalysisExactResetReplay/same-running/response-received_workflow_id", "grpc-method": "/temporal.api.workflowservice.v1.WorkflowService/StartWorkflowExecution", "logging-call-at": "/home/ubuntu/temporal-investigation-20260909/restart-20260909-1600/source-reset/common/rpc/interceptor/routing_key_interceptor.go:112"}
    shared_cluster_t.go:72: 2026-09-10T01:26:09.840Z	debug	Frontend method invoked.	{"wf-namespace": "TestWorkflowResetTestSuite-TestAnalysisExactResetReplay-same-running-response-received-d82b9d3c-42e9-4a34-9c39-46f28ae28695", "operation": "StartWorkflowExecution", "server-name": "", "cert-thumbprint": "", "logging-call-at": "/home/ubuntu/temporal-investigation-20260909/restart-20260909-1600/source-reset/common/rpc/interceptor/namespace_logger.go:53"}
    shared_cluster_t.go:72: 2026-09-10T01:26:09.841Z	debug	Received StartWorkflowExecution.	{"service": "frontend", "wf-id": "TestWorkflowResetTestSuite/TestAnalysisExactResetReplay/same-running/response-received_workflow_id", "wf-type": "test-workflow-arg", "logging-call-at": "/home/ubuntu/temporal-investigation-20260909/restart-20260909-1600/source-reset/service/frontend/workflow_handler.go:561"}
    shared_cluster_t.go:72: 2026-09-10T01:26:09.841Z	debug	Start workflow execution request namespace.	{"service": "frontend", "wf-namespace": "TestWorkflowResetTestSuite-TestAnalysisExactResetReplay-same-running-response-received-d82b9d3c-42e9-4a34-9c39-46f28ae28695", "logging-call-at": "/home/ubuntu/temporal-investigation-20260909/restart-20260909-1600/source-reset/service/frontend/workflow_handler.go:565"}
    shared_cluster_t.go:72: 2026-09-10T01:26:09.841Z	debug	Start workflow execution request namespaceID.	{"service": "frontend", "wf-namespace-id": "3717ba0a-e290-42fb-a743-4dc7d262af3f", "logging-call-at": "/home/ubuntu/temporal-investigation-20260909/restart-20260909-1600/source-reset/service/frontend/workflow_handler.go:570"}
    shared_cluster_t.go:72: 2026-09-10T01:26:09.843Z	debug	Workflow task updated	{"address": "127.0.0.1:37057", "attempt": 1, "shard-id": 4, "wf-id": "TestWorkflowResetTestSuite/TestAnalysisExactResetReplay/same-running/response-received_workflow_id", "wf-namespace": "TestWorkflowResetTestSuite-TestAnalysisExactResetReplay-same-running-response-received-d82b9d3c-42e9-4a34-9c39-46f28ae28695", "wf-run-id": "01a088ec-1ab2-73ef-962a-9012879126aa", "wf-scheduled-event-id": 2, "wf-started-event-id": 0, "wf-started-timestamp": "0001-01-01T00:00:00.000Z", "workflow-task-request-id": "emptyUuid", "workflow-task-timeout": 10, "wt-type": "Normal", "logging-call-at": "/home/ubuntu/temporal-investigation-20260909/restart-20260909-1600/source-reset/common/log/lazy_logger.go:30"}
    shared_cluster_t.go:72: 2026-09-10T01:26:09.844Z	debug	time skipping skipped for: time skipping is not enabled	{"address": "127.0.0.1:37057", "shard-id": 4, "wf-id": "TestWorkflowResetTestSuite/TestAnalysisExactResetReplay/same-running/response-received_workflow_id", "wf-namespace": "TestWorkflowResetTestSuite-TestAnalysisExactResetReplay-same-running-response-received-d82b9d3c-42e9-4a34-9c39-46f28ae28695", "wf-run-id": "01a088ec-1ab2-73ef-962a-9012879126aa", "logging-call-at": "/home/ubuntu/temporal-investigation-20260909/restart-20260909-1600/source-reset/common/log/lazy_logger.go:30"}
    shared_cluster_t.go:72: 2026-09-10T01:26:09.844Z	debug	Assigning new task key	{"address": "127.0.0.1:37057", "cursor-timestamp": "2026-09-10T01:26:10.828Z", "queue-task-id": 1048579, "queue-task-type": "VisibilityStartExecution", "shard-id": 4, "timestamp": "2026-09-10T01:26:09.844Z", "wf-id": "TestWorkflowResetTestSuite/TestAnalysisExactResetReplay/same-running/response-received_workflow_id", "wf-namespace-id": "3717ba0a-e290-42fb-a743-4dc7d262af3f", "wf-run-id": "01a088ec-1ab2-73ef-962a-9012879126aa", "logging-call-at": "/home/ubuntu/temporal-investigation-20260909/restart-20260909-1600/source-reset/service/history/shard/task_key_generator.go:98"}
    shared_cluster_t.go:72: 2026-09-10T01:26:09.844Z	debug	Assigning new task key	{"address": "127.0.0.1:37057", "cursor-timestamp": "2026-09-10T01:26:10.828Z", "queue-task-id": 1048580, "queue-task-type": "TransferWorkflowTask", "shard-id": 4, "timestamp": "2026-09-10T01:26:09.844Z", "wf-id": "TestWorkflowResetTestSuite/TestAnalysisExactResetReplay/same-running/response-received_workflow_id", "wf-namespace-id": "3717ba0a-e290-42fb-a743-4dc7d262af3f", "wf-run-id": "01a088ec-1ab2-73ef-962a-9012879126aa", "logging-call-at": "/home/ubuntu/temporal-investigation-20260909/restart-20260909-1600/source-reset/service/history/shard/task_key_generator.go:98"}
    shared_cluster_t.go:72: 2026-09-10T01:26:09.844Z	info	Quota changed	{"component": "persistence", "current-quota": null, "new-quota": 0, "scope": "namespace", "service": "history", "wf-namespace": "TestWorkflowResetTestSuite-TestAnalysisExactResetReplay-same-running-response-received-d82b9d3c-42e9-4a34-9c39-46f28ae28695", "logging-call-at": "/home/ubuntu/temporal-investigation-20260909/restart-20260909-1600/source-reset/common/quotas/calculator/logged_calculator.go:100"}
    shared_cluster_t.go:72: 2026-09-10T01:26:09.846Z	info	ContextMetadataInterceptor: Setting trailer	{"trailer": {"contextmetadata-bin":["\nx\n\u0013workflow-task-queue\u0012aTestWorkflowResetTestSuite/TestAnalysisExactResetReplay/same-running/response-received_task_queue\n\"\n\rworkflow-type\u0012\u0011test-workflow-arg"],"contextmetadata-workflow-task-queue":["TestWorkflowResetTestSuite/TestAnalysisExactResetReplay/same-running/response-received_task_queue"],"contextmetadata-workflow-type":["test-workflow-arg"],"workflow-task-queue":["TestWorkflowResetTestSuite/TestAnalysisExactResetReplay/same-running/response-received_task_queue"],"workflow-type":["test-workflow-arg"]}, "fullMethod": "/temporal.server.api.historyservice.v1.HistoryService/StartWorkflowExecution", "logging-call-at": "/home/ubuntu/temporal-investigation-20260909/restart-20260909-1600/source-reset/common/log/throttle_logger.go:44"}
    shared_cluster_t.go:72: 2026-09-10T01:26:09.848Z	debug	Frontend method invoked.	{"wf-namespace": "TestWorkflowResetTestSuite-TestAnalysisExactResetReplay-same-running-response-received-d82b9d3c-42e9-4a34-9c39-46f28ae28695", "operation": "PollWorkflowTaskQueue", "server-name": "", "cert-thumbprint": "", "logging-call-at": "/home/ubuntu/temporal-investigation-20260909/restart-20260909-1600/source-reset/common/rpc/interceptor/namespace_logger.go:53"}
    shared_cluster_t.go:72: 2026-09-10T01:26:09.848Z	info	Quota changed	{"component": "long-poll-handler", "current-quota": null, "new-quota": 1200, "scope": "namespace", "service": "frontend", "wf-namespace": "TestWorkflowResetTestSuite-TestAnalysisExactResetReplay-same-running-response-received-d82b9d3c-42e9-4a34-9c39-46f28ae28695", "logging-call-at": "/home/ubuntu/temporal-investigation-20260909/restart-20260909-1600/source-reset/common/quotas/calculator/logged_calculator.go:100"}
    shared_cluster_t.go:72: 2026-09-10T01:26:09.849Z	debug	Received PollWorkflowTaskQueue	{"service": "frontend", "logging-call-at": "/home/ubuntu/temporal-investigation-20260909/restart-20260909-1600/source-reset/service/frontend/workflow_handler.go:1079"}
    shared_cluster_t.go:72: 2026-09-10T01:26:09.849Z	debug	Poll workflow task queue.	{"service": "frontend", "wf-namespace": "TestWorkflowResetTestSuite-TestAnalysisExactResetReplay-same-running-response-received-d82b9d3c-42e9-4a34-9c39-46f28ae28695", "wf-namespace-id": "3717ba0a-e290-42fb-a743-4dc7d262af3f", "logging-call-at": "/home/ubuntu/temporal-investigation-20260909/restart-20260909-1600/source-reset/service/frontend/workflow_handler.go:1116"}
    shared_cluster_t.go:72: 2026-09-10T01:26:09.849Z	info	Quota changed	{"component": "persistence", "current-quota": null, "new-quota": 0, "scope": "namespace", "service": "matching", "wf-namespace": "TestWorkflowResetTestSuite-TestAnalysisExactResetReplay-same-running-response-received-d82b9d3c-42e9-4a34-9c39-46f28ae28695", "logging-call-at": "/home/ubuntu/temporal-investigation-20260909/restart-20260909-1600/source-reset/common/quotas/calculator/logged_calculator.go:100"}
    shared_cluster_t.go:72: 2026-09-10T01:26:09.849Z	info	loaded user data from db	{"component": "matching-engine", "timestamp": "1970-01-01T00:00:00.000Z", "user-data-version": 0, "wf-namespace": "TestWorkflowResetTestSuite-TestAnalysisExactResetReplay-same-running-response-received-d82b9d3c-42e9-4a34-9c39-46f28ae28695", "wf-task-queue-name": "TestWorkflowResetTestSuite/TestAnalysisExactResetReplay/same-running/response-received_task_queue", "wf-task-queue-type": "Workflow", "logging-call-at": "/home/ubuntu/temporal-investigation-20260909/restart-20260909-1600/source-reset/service/matching/user_data_manager.go:871"}
    shared_cluster_t.go:72: 2026-09-10T01:26:09.849Z	info	Started physicalTaskQueueManager	{"backlog": "priority", "cause": "Poll", "component": "matching-engine", "lifecycle": "Started", "wf-namespace": "TestWorkflowResetTestSuite-TestAnalysisExactResetReplay-same-running-response-received-d82b9d3c-42e9-4a34-9c39-46f28ae28695", "wf-task-queue-name": "TestWorkflowResetTestSuite/TestAnalysisExactResetReplay/same-running/response-received_task_queue", "wf-task-queue-type": "Workflow", "worker-version": "_unversioned_", "logging-call-at": "/home/ubuntu/temporal-investigation-20260909/restart-20260909-1600/source-reset/service/matching/physical_task_queue_manager.go:312"}
    shared_cluster_t.go:72: 2026-09-10T01:26:09.850Z	info	Starting draining	{"backlog": "fairness-drain", "component": "matching-engine", "wf-namespace": "TestWorkflowResetTestSuite-TestAnalysisExactResetReplay-same-running-response-received-d82b9d3c-42e9-4a34-9c39-46f28ae28695", "wf-task-queue-name": "TestWorkflowResetTestSuite/TestAnalysisExactResetReplay/same-running/response-received_task_queue", "wf-task-queue-type": "Workflow", "worker-version": "_unversioned_", "logging-call-at": "/home/ubuntu/temporal-investigation-20260909/restart-20260909-1600/source-reset/service/matching/physical_task_queue_manager.go:430"}
    shared_cluster_t.go:72: 2026-09-10T01:26:09.851Z	debug	returning empty user data (no data or no change)	{"component": "matching-engine", "wf-namespace": "TestWorkflowResetTestSuite-TestAnalysisExactResetReplay-same-running-response-received-d82b9d3c-42e9-4a34-9c39-46f28ae28695", "wf-task-queue-name": "TestWorkflowResetTestSuite/TestAnalysisExactResetReplay/same-running/response-received_task_queue", "wf-task-queue-type": "Workflow", "logging-call-at": "/home/ubuntu/temporal-investigation-20260909/restart-20260909-1600/source-reset/service/matching/user_data_manager.go:644"}
    shared_cluster_t.go:72: 2026-09-10T01:26:09.851Z	debug	returning empty user data (no data or no change)	{"component": "matching-engine", "wf-namespace": "TestWorkflowResetTestSuite-TestAnalysisExactResetReplay-same-running-response-received-d82b9d3c-42e9-4a34-9c39-46f28ae28695", "wf-task-queue-name": "TestWorkflowResetTestSuite/TestAnalysisExactResetReplay/same-running/response-received_task_queue", "wf-task-queue-type": "Workflow", "logging-call-at": "/home/ubuntu/temporal-investigation-20260909/restart-20260909-1600/source-reset/service/matching/user_data_manager.go:644"}
    shared_cluster_t.go:72: 2026-09-10T01:26:09.851Z	debug	returning empty user data (no data or no change)	{"component": "matching-engine", "wf-namespace": "TestWorkflowResetTestSuite-TestAnalysisExactResetReplay-same-running-response-received-d82b9d3c-42e9-4a34-9c39-46f28ae28695", "wf-task-queue-name": "TestWorkflowResetTestSuite/TestAnalysisExactResetReplay/same-running/response-received_task_queue", "wf-task-queue-type": "Workflow", "logging-call-at": "/home/ubuntu/temporal-investigation-20260909/restart-20260909-1600/source-reset/service/matching/user_data_manager.go:644"}
    shared_cluster_t.go:72: 2026-09-10T01:26:09.852Z	info	TrailerToContextMetadataInterceptor: No metadata in trailer	{"contextWrapped": false, "method": "/temporal.server.api.matchingservice.v1.MatchingService/GetTaskQueueUserData", "service": "matching", "logging-call-at": "/home/ubuntu/temporal-investigation-20260909/restart-20260909-1600/source-reset/common/log/throttle_logger.go:44"}
    shared_cluster_t.go:72: 2026-09-10T01:26:09.852Z	debug	fetched user data from parent, no change	{"component": "matching-engine", "wf-namespace": "TestWorkflowResetTestSuite-TestAnalysisExactResetReplay-same-running-response-received-d82b9d3c-42e9-4a34-9c39-46f28ae28695", "wf-task-queue-name": "/_sys/TestWorkflowResetTestSuite/TestAnalysisExactResetReplay/same-running/response-received_task_queue/2", "wf-task-queue-type": "Workflow", "logging-call-at": "/home/ubuntu/temporal-investigation-20260909/restart-20260909-1600/source-reset/service/matching/user_data_manager.go:351"}
    shared_cluster_t.go:72: 2026-09-10T01:26:09.852Z	debug	fetched user data from parent, no change	{"component": "matching-engine", "wf-namespace": "TestWorkflowResetTestSuite-TestAnalysisExactResetReplay-same-running-response-received-d82b9d3c-42e9-4a34-9c39-46f28ae28695", "wf-task-queue-name": "/_sys/TestWorkflowResetTestSuite/TestAnalysisExactResetReplay/same-running/response-received_task_queue/1", "wf-task-queue-type": "Workflow", "logging-call-at": "/home/ubuntu/temporal-investigation-20260909/restart-20260909-1600/source-reset/service/matching/user_data_manager.go:351"}
    shared_cluster_t.go:72: 2026-09-10T01:26:09.852Z	debug	fetched user data from parent, no change	{"component": "matching-engine", "wf-namespace": "TestWorkflowResetTestSuite-TestAnalysisExactResetReplay-same-running-response-received-d82b9d3c-42e9-4a34-9c39-46f28ae28695", "wf-task-queue-name": "/_sys/TestWorkflowResetTestSuite/TestAnalysisExactResetReplay/same-running/response-received_task_queue/3", "wf-task-queue-type": "Workflow", "logging-call-at": "/home/ubuntu/temporal-investigation-20260909/restart-20260909-1600/source-reset/service/matching/user_data_manager.go:351"}
    shared_cluster_t.go:72: 2026-09-10T01:26:09.852Z	info	Started physicalTaskQueueManager	{"backlog": "priority", "cause": "Force", "component": "matching-engine", "lifecycle": "Started", "wf-namespace": "TestWorkflowResetTestSuite-TestAnalysisExactResetReplay-same-running-response-received-d82b9d3c-42e9-4a34-9c39-46f28ae28695", "wf-task-queue-name": "/_sys/TestWorkflowResetTestSuite/TestAnalysisExactResetReplay/same-running/response-received_task_queue/2", "wf-task-queue-type": "Workflow", "worker-version": "_unversioned_", "logging-call-at": "/home/ubuntu/temporal-investigation-20260909/restart-20260909-1600/source-reset/service/matching/physical_task_queue_manager.go:312"}
    shared_cluster_t.go:72: 2026-09-10T01:26:09.852Z	info	Started physicalTaskQueueManager	{"backlog": "priority", "cause": "Force", "component": "matching-engine", "lifecycle": "Started", "wf-namespace": "TestWorkflowResetTestSuite-TestAnalysisExactResetReplay-same-running-response-received-d82b9d3c-42e9-4a34-9c39-46f28ae28695", "wf-task-queue-name": "/_sys/TestWorkflowResetTestSuite/TestAnalysisExactResetReplay/same-running/response-received_task_queue/3", "wf-task-queue-type": "Workflow", "worker-version": "_unversioned_", "logging-call-at": "/home/ubuntu/temporal-investigation-20260909/restart-20260909-1600/source-reset/service/matching/physical_task_queue_manager.go:312"}
    shared_cluster_t.go:72: 2026-09-10T01:26:09.852Z	info	Started physicalTaskQueueManager	{"backlog": "priority", "cause": "Force", "component": "matching-engine", "lifecycle": "Started", "wf-namespace": "TestWorkflowResetTestSuite-TestAnalysisExactResetReplay-same-running-response-received-d82b9d3c-42e9-4a34-9c39-46f28ae28695", "wf-task-queue-name": "/_sys/TestWorkflowResetTestSuite/TestAnalysisExactResetReplay/same-running/response-received_task_queue/1", "wf-task-queue-type": "Workflow", "worker-version": "_unversioned_", "logging-call-at": "/home/ubuntu/temporal-investigation-20260909/restart-20260909-1600/source-reset/service/matching/physical_task_queue_manager.go:312"}
    shared_cluster_t.go:72: 2026-09-10T01:26:09.852Z	info	Starting draining	{"backlog": "fairness-drain", "component": "matching-engine", "wf-namespace": "TestWorkflowResetTestSuite-TestAnalysisExactResetReplay-same-running-response-received-d82b9d3c-42e9-4a34-9c39-46f28ae28695", "wf-task-queue-name": "/_sys/TestWorkflowResetTestSuite/TestAnalysisExactResetReplay/same-running/response-received_task_queue/1", "wf-task-queue-type": "Workflow", "worker-version": "_unversioned_", "logging-call-at": "/home/ubuntu/temporal-investigation-20260909/restart-20260909-1600/source-reset/service/matching/physical_task_queue_manager.go:430"}
    shared_cluster_t.go:72: 2026-09-10T01:26:09.853Z	info	Starting draining	{"backlog": "fairness-drain", "component": "matching-engine", "wf-namespace": "TestWorkflowResetTestSuite-TestAnalysisExactResetReplay-same-running-response-received-d82b9d3c-42e9-4a34-9c39-46f28ae28695", "wf-task-queue-name": "/_sys/TestWorkflowResetTestSuite/TestAnalysisExactResetReplay/same-running/response-received_task_queue/3", "wf-task-queue-type": "Workflow", "worker-version": "_unversioned_", "logging-call-at": "/home/ubuntu/temporal-investigation-20260909/restart-20260909-1600/source-reset/service/matching/physical_task_queue_manager.go:430"}
    shared_cluster_t.go:72: 2026-09-10T01:26:09.853Z	info	Starting draining	{"backlog": "fairness-drain", "component": "matching-engine", "wf-namespace": "TestWorkflowResetTestSuite-TestAnalysisExactResetReplay-same-running-response-received-d82b9d3c-42e9-4a34-9c39-46f28ae28695", "wf-task-queue-name": "/_sys/TestWorkflowResetTestSuite/TestAnalysisExactResetReplay/same-running/response-received_task_queue/2", "wf-task-queue-type": "Workflow", "worker-version": "_unversioned_", "logging-call-at": "/home/ubuntu/temporal-investigation-20260909/restart-20260909-1600/source-reset/service/matching/physical_task_queue_manager.go:430"}
    shared_cluster_t.go:72: 2026-09-10T01:26:09.875Z	debug	Process task as active.	{"address": "127.0.0.1:37057", "component": "transfer-queue-processor", "shard-id": 4, "value": "WorkflowTask{WorkflowKey: 3717ba0a-e290-42fb-a743-4dc7d262af3f/TestWorkflowResetTestSuite/TestAnalysisExactResetReplay/same-running/response-received_workflow_id/01a088ec-1ab2-73ef-962a-9012879126aa, VisibilityTimestamp: 2026-09-10 01:26:09.844331875 +0000 UTC, TaskID: 1048580, TaskQueue: TestWorkflowResetTestSuite/TestAnalysisExactResetReplay/same-running/response-received_task_queue, ScheduledEventID: 2, Version: 0}", "wf-namespace-id": "3717ba0a-e290-42fb-a743-4dc7d262af3f", "logging-call-at": "/home/ubuntu/temporal-investigation-20260909/restart-20260909-1600/source-reset/service/history/queues/active_standby_executor.go:121"}
    shared_cluster_t.go:72: 2026-09-10T01:26:09.877Z	debug	Workflow task updated	{"address": "127.0.0.1:37057", "attempt": 1, "shard-id": 4, "wf-id": "TestWorkflowResetTestSuite/TestAnalysisExactResetReplay/same-running/response-received_workflow_id", "wf-namespace": "TestWorkflowResetTestSuite-TestAnalysisExactResetReplay-same-running-response-received-d82b9d3c-42e9-4a34-9c39-46f28ae28695", "wf-namespace-id": "3717ba0a-e290-42fb-a743-4dc7d262af3f", "wf-run-id": "01a088ec-1ab2-73ef-962a-9012879126aa", "wf-scheduled-event-id": 2, "wf-started-event-id": 3, "wf-started-timestamp": "2026-09-10T01:26:09.876Z", "workflow-task-request-id": "2d174bf6-067c-47e7-931a-72c657998174", "workflow-task-timeout": 10, "wt-type": "Normal", "logging-call-at": "/home/ubuntu/temporal-investigation-20260909/restart-20260909-1600/source-reset/common/log/lazy_logger.go:30"}
    shared_cluster_t.go:72: 2026-09-10T01:26:09.877Z	debug	time skipping skipped for: time skipping is not enabled	{"address": "127.0.0.1:37057", "shard-id": 4, "wf-id": "TestWorkflowResetTestSuite/TestAnalysisExactResetReplay/same-running/response-received_workflow_id", "wf-namespace": "TestWorkflowResetTestSuite-TestAnalysisExactResetReplay-same-running-response-received-d82b9d3c-42e9-4a34-9c39-46f28ae28695", "wf-namespace-id": "3717ba0a-e290-42fb-a743-4dc7d262af3f", "wf-run-id": "01a088ec-1ab2-73ef-962a-9012879126aa", "logging-call-at": "/home/ubuntu/temporal-investigation-20260909/restart-20260909-1600/source-reset/common/log/lazy_logger.go:30"}
    shared_cluster_t.go:72: 2026-09-10T01:26:09.877Z	debug	Assigning new task key	{"address": "127.0.0.1:37057", "cursor-timestamp": "2026-09-10T01:26:10.846Z", "queue-task-id": 1048584, "queue-task-type": "WorkflowTaskTimeout", "shard-id": 4, "timestamp": "2026-09-10T01:26:19.877Z", "wf-id": "TestWorkflowResetTestSuite/TestAnalysisExactResetReplay/same-running/response-received_workflow_id", "wf-namespace-id": "3717ba0a-e290-42fb-a743-4dc7d262af3f", "wf-run-id": "01a088ec-1ab2-73ef-962a-9012879126aa", "logging-call-at": "/home/ubuntu/temporal-investigation-20260909/restart-20260909-1600/source-reset/service/history/shard/task_key_generator.go:98"}
    shared_cluster_t.go:72: 2026-09-10T01:26:09.879Z	debug	routing key extraction: adding routing key to context	{"wf-id": "TestWorkflowResetTestSuite/TestAnalysisExactResetReplay/same-running/response-received_workflow_id", "grpc-method": "/temporal.api.workflowservice.v1.WorkflowService/RespondWorkflowTaskCompleted", "logging-call-at": "/home/ubuntu/temporal-investigation-20260909/restart-20260909-1600/source-reset/common/rpc/interceptor/routing_key_interceptor.go:112"}
    shared_cluster_t.go:72: 2026-09-10T01:26:09.879Z	debug	Frontend method invoked.	{"wf-namespace": "TestWorkflowResetTestSuite-TestAnalysisExactResetReplay-same-running-response-received-d82b9d3c-42e9-4a34-9c39-46f28ae28695", "operation": "RespondWorkflowTaskCompleted", "server-name": "", "cert-thumbprint": "", "logging-call-at": "/home/ubuntu/temporal-investigation-20260909/restart-20260909-1600/source-reset/common/rpc/interceptor/namespace_logger.go:53"}
    shared_cluster_t.go:72: 2026-09-10T01:26:09.879Z	debug	RespondWorkflowTaskCompleted	{"service": "history", "wf-id": "TestWorkflowResetTestSuite/TestAnalysisExactResetReplay/same-running/response-received_workflow_id", "wf-namespace-id": "3717ba0a-e290-42fb-a743-4dc7d262af3f", "wf-run-id": "01a088ec-1ab2-73ef-962a-9012879126aa", "wf-scheduled-event-id": 2, "logging-call-at": "/home/ubuntu/temporal-investigation-20260909/restart-20260909-1600/source-reset/service/history/handler.go:558"}
    shared_cluster_t.go:72: 2026-09-10T01:26:09.879Z	debug	Workflow task updated	{"address": "127.0.0.1:37057", "attempt": 1, "shard-id": 4, "wf-id": "TestWorkflowResetTestSuite/TestAnalysisExactResetReplay/same-running/response-received_workflow_id", "wf-namespace": "TestWorkflowResetTestSuite-TestAnalysisExactResetReplay-same-running-response-received-d82b9d3c-42e9-4a34-9c39-46f28ae28695", "wf-namespace-id": "3717ba0a-e290-42fb-a743-4dc7d262af3f", "wf-run-id": "01a088ec-1ab2-73ef-962a-9012879126aa", "wf-scheduled-event-id": 0, "wf-started-event-id": 0, "wf-started-timestamp": "1970-01-01T00:00:00.000Z", "workflow-task-request-id": "emptyUuid", "workflow-task-timeout": 0, "wt-type": "Unspecified", "logging-call-at": "/home/ubuntu/temporal-investigation-20260909/restart-20260909-1600/source-reset/common/log/lazy_logger.go:30"}
    shared_cluster_t.go:72: 2026-09-10T01:26:09.879Z	debug	time skipping skipped for: time skipping is not enabled	{"address": "127.0.0.1:37057", "shard-id": 4, "wf-id": "TestWorkflowResetTestSuite/TestAnalysisExactResetReplay/same-running/response-received_workflow_id", "wf-namespace": "TestWorkflowResetTestSuite-TestAnalysisExactResetReplay-same-running-response-received-d82b9d3c-42e9-4a34-9c39-46f28ae28695", "wf-namespace-id": "3717ba0a-e290-42fb-a743-4dc7d262af3f", "wf-run-id": "01a088ec-1ab2-73ef-962a-9012879126aa", "logging-call-at": "/home/ubuntu/temporal-investigation-20260909/restart-20260909-1600/source-reset/common/log/lazy_logger.go:30"}
    shared_cluster_t.go:72: 2026-09-10T01:26:09.879Z	debug	Assigning new task key	{"address": "127.0.0.1:37057", "cursor-timestamp": "2026-09-10T01:26:10.846Z", "queue-task-id": 1048589, "queue-task-type": "VisibilityUpsertExecution", "shard-id": 4, "timestamp": "2026-09-10T01:26:09.879Z", "wf-id": "TestWorkflowResetTestSuite/TestAnalysisExactResetReplay/same-running/response-received_workflow_id", "wf-namespace-id": "3717ba0a-e290-42fb-a743-4dc7d262af3f", "wf-run-id": "01a088ec-1ab2-73ef-962a-9012879126aa", "logging-call-at": "/home/ubuntu/temporal-investigation-20260909/restart-20260909-1600/source-reset/service/history/shard/task_key_generator.go:98"}
    shared_cluster_t.go:72: 2026-09-10T01:26:09.880Z	debug	Assigning new task key	{"address": "127.0.0.1:37057", "cursor-timestamp": "2026-09-10T01:26:10.846Z", "queue-task-id": 1048590, "queue-task-type": "TransferActivityTask", "shard-id": 4, "timestamp": "2026-09-10T01:26:09.879Z", "wf-id": "TestWorkflowResetTestSuite/TestAnalysisExactResetReplay/same-running/response-received_workflow_id", "wf-namespace-id": "3717ba0a-e290-42fb-a743-4dc7d262af3f", "wf-run-id": "01a088ec-1ab2-73ef-962a-9012879126aa", "logging-call-at": "/home/ubuntu/temporal-investigation-20260909/restart-20260909-1600/source-reset/service/history/shard/task_key_generator.go:98"}
    shared_cluster_t.go:72: 2026-09-10T01:26:09.880Z	debug	Process task as active.	{"address": "127.0.0.1:37057", "component": "transfer-queue-processor", "shard-id": 4, "value": "3717ba0a-e290-42fb-a743-4dc7d262af3f/TestWorkflowResetTestSuite/TestAnalysisExactResetReplay/same-running/response-received_workflow_id/01a088ec-1ab2-73ef-962a-9012879126aa", "wf-namespace-id": "3717ba0a-e290-42fb-a743-4dc7d262af3f", "logging-call-at": "/home/ubuntu/temporal-investigation-20260909/restart-20260909-1600/source-reset/service/history/queues/active_standby_executor.go:121"}
    shared_cluster_t.go:72: 2026-09-10T01:26:09.881Z	debug	Frontend method invoked.	{"wf-namespace": "TestWorkflowResetTestSuite-TestAnalysisExactResetReplay-same-running-response-received-d82b9d3c-42e9-4a34-9c39-46f28ae28695", "operation": "DescribeMutableState", "server-name": "", "cert-thumbprint": "", "logging-call-at": "/home/ubuntu/temporal-investigation-20260909/restart-20260909-1600/source-reset/common/rpc/interceptor/namespace_logger.go:53"}
    shared_cluster_t.go:72: 2026-09-10T01:26:09.881Z	debug	returning empty user data (no data or no change)	{"component": "matching-engine", "wf-namespace": "TestWorkflowResetTestSuite-TestAnalysisExactResetReplay-same-running-response-received-d82b9d3c-42e9-4a34-9c39-46f28ae28695", "wf-task-queue-name": "TestWorkflowResetTestSuite/TestAnalysisExactResetReplay/same-running/response-received_task_queue", "wf-task-queue-type": "Workflow", "logging-call-at": "/home/ubuntu/temporal-investigation-20260909/restart-20260909-1600/source-reset/service/matching/user_data_manager.go:644"}
    shared_cluster_t.go:72: 2026-09-10T01:26:09.881Z	debug	fetched user data from parent, no change	{"component": "matching-engine", "wf-namespace": "TestWorkflowResetTestSuite-TestAnalysisExactResetReplay-same-running-response-received-d82b9d3c-42e9-4a34-9c39-46f28ae28695", "wf-task-queue-name": "TestWorkflowResetTestSuite/TestAnalysisExactResetReplay/same-running/response-received_task_queue", "wf-task-queue-type": "Activity", "logging-call-at": "/home/ubuntu/temporal-investigation-20260909/restart-20260909-1600/source-reset/service/matching/user_data_manager.go:351"}
    shared_cluster_t.go:72: 2026-09-10T01:26:09.881Z	info	Started physicalTaskQueueManager	{"backlog": "priority", "cause": "UserData", "component": "matching-engine", "lifecycle": "Started", "wf-namespace": "TestWorkflowResetTestSuite-TestAnalysisExactResetReplay-same-running-response-received-d82b9d3c-42e9-4a34-9c39-46f28ae28695", "wf-task-queue-name": "TestWorkflowResetTestSuite/TestAnalysisExactResetReplay/same-running/response-received_task_queue", "wf-task-queue-type": "Activity", "worker-version": "_unversioned_", "logging-call-at": "/home/ubuntu/temporal-investigation-20260909/restart-20260909-1600/source-reset/service/matching/physical_task_queue_manager.go:312"}
    shared_cluster_t.go:72: 2026-09-10T01:26:09.883Z	info	Starting draining	{"backlog": "fairness-drain", "component": "matching-engine", "wf-namespace": "TestWorkflowResetTestSuite-TestAnalysisExactResetReplay-same-running-response-received-d82b9d3c-42e9-4a34-9c39-46f28ae28695", "wf-task-queue-name": "TestWorkflowResetTestSuite/TestAnalysisExactResetReplay/same-running/response-received_task_queue", "wf-task-queue-type": "Activity", "worker-version": "_unversioned_", "logging-call-at": "/home/ubuntu/temporal-investigation-20260909/restart-20260909-1600/source-reset/service/matching/physical_task_queue_manager.go:430"}
    shared_cluster_t.go:72: 2026-09-10T01:26:09.883Z	debug	returning empty user data (no data or no change)	{"component": "matching-engine", "wf-namespace": "TestWorkflowResetTestSuite-TestAnalysisExactResetReplay-same-running-response-received-d82b9d3c-42e9-4a34-9c39-46f28ae28695", "wf-task-queue-name": "TestWorkflowResetTestSuite/TestAnalysisExactResetReplay/same-running/response-received_task_queue", "wf-task-queue-type": "Activity", "logging-call-at": "/home/ubuntu/temporal-investigation-20260909/restart-20260909-1600/source-reset/service/matching/user_data_manager.go:644"}
    shared_cluster_t.go:72: 2026-09-10T01:26:09.883Z	debug	fetched user data from parent, no change	{"component": "matching-engine", "wf-namespace": "TestWorkflowResetTestSuite-TestAnalysisExactResetReplay-same-running-response-received-d82b9d3c-42e9-4a34-9c39-46f28ae28695", "wf-task-queue-name": "/_sys/TestWorkflowResetTestSuite/TestAnalysisExactResetReplay/same-running/response-received_task_queue/1", "wf-task-queue-type": "Activity", "logging-call-at": "/home/ubuntu/temporal-investigation-20260909/restart-20260909-1600/source-reset/service/matching/user_data_manager.go:351"}
    shared_cluster_t.go:72: 2026-09-10T01:26:09.883Z	info	Started physicalTaskQueueManager	{"backlog": "priority", "cause": "Task", "component": "matching-engine", "lifecycle": "Started", "wf-namespace": "TestWorkflowResetTestSuite-TestAnalysisExactResetReplay-same-running-response-received-d82b9d3c-42e9-4a34-9c39-46f28ae28695", "wf-task-queue-name": "/_sys/TestWorkflowResetTestSuite/TestAnalysisExactResetReplay/same-running/response-received_task_queue/1", "wf-task-queue-type": "Activity", "worker-version": "_unversioned_", "logging-call-at": "/home/ubuntu/temporal-investigation-20260909/restart-20260909-1600/source-reset/service/matching/physical_task_queue_manager.go:312"}
    shared_cluster_t.go:72: 2026-09-10T01:26:09.884Z	info	Starting draining	{"backlog": "fairness-drain", "component": "matching-engine", "wf-namespace": "TestWorkflowResetTestSuite-TestAnalysisExactResetReplay-same-running-response-received-d82b9d3c-42e9-4a34-9c39-46f28ae28695", "wf-task-queue-name": "/_sys/TestWorkflowResetTestSuite/TestAnalysisExactResetReplay/same-running/response-received_task_queue/1", "wf-task-queue-type": "Activity", "worker-version": "_unversioned_", "logging-call-at": "/home/ubuntu/temporal-investigation-20260909/restart-20260909-1600/source-reset/service/matching/physical_task_queue_manager.go:430"}
    shared_cluster_t.go:72: 2026-09-10T01:26:09.884Z	debug	returning empty user data (no data or no change)	{"component": "matching-engine", "wf-namespace": "TestWorkflowResetTestSuite-TestAnalysisExactResetReplay-same-running-response-received-d82b9d3c-42e9-4a34-9c39-46f28ae28695", "wf-task-queue-name": "TestWorkflowResetTestSuite/TestAnalysisExactResetReplay/same-running/response-received_task_queue", "wf-task-queue-type": "Activity", "logging-call-at": "/home/ubuntu/temporal-investigation-20260909/restart-20260909-1600/source-reset/service/matching/user_data_manager.go:644"}
    shared_cluster_t.go:72: 2026-09-10T01:26:09.884Z	debug	returning empty user data (no data or no change)	{"component": "matching-engine", "wf-namespace": "TestWorkflowResetTestSuite-TestAnalysisExactResetReplay-same-running-response-received-d82b9d3c-42e9-4a34-9c39-46f28ae28695", "wf-task-queue-name": "TestWorkflowResetTestSuite/TestAnalysisExactResetReplay/same-running/response-received_task_queue", "wf-task-queue-type": "Activity", "logging-call-at": "/home/ubuntu/temporal-investigation-20260909/restart-20260909-1600/source-reset/service/matching/user_data_manager.go:644"}
    shared_cluster_t.go:72: 2026-09-10T01:26:09.884Z	debug	fetched user data from parent, no change	{"component": "matching-engine", "wf-namespace": "TestWorkflowResetTestSuite-TestAnalysisExactResetReplay-same-running-response-received-d82b9d3c-42e9-4a34-9c39-46f28ae28695", "wf-task-queue-name": "/_sys/TestWorkflowResetTestSuite/TestAnalysisExactResetReplay/same-running/response-received_task_queue/3", "wf-task-queue-type": "Activity", "logging-call-at": "/home/ubuntu/temporal-investigation-20260909/restart-20260909-1600/source-reset/service/matching/user_data_manager.go:351"}
    shared_cluster_t.go:72: 2026-09-10T01:26:09.884Z	debug	fetched user data from parent, no change	{"component": "matching-engine", "wf-namespace": "TestWorkflowResetTestSuite-TestAnalysisExactResetReplay-same-running-response-received-d82b9d3c-42e9-4a34-9c39-46f28ae28695", "wf-task-queue-name": "/_sys/TestWorkflowResetTestSuite/TestAnalysisExactResetReplay/same-running/response-received_task_queue/2", "wf-task-queue-type": "Activity", "logging-call-at": "/home/ubuntu/temporal-investigation-20260909/restart-20260909-1600/source-reset/service/matching/user_data_manager.go:351"}
    shared_cluster_t.go:72: 2026-09-10T01:26:09.884Z	info	Started physicalTaskQueueManager	{"backlog": "priority", "cause": "Force", "component": "matching-engine", "lifecycle": "Started", "wf-namespace": "TestWorkflowResetTestSuite-TestAnalysisExactResetReplay-same-running-response-received-d82b9d3c-42e9-4a34-9c39-46f28ae28695", "wf-task-queue-name": "/_sys/TestWorkflowResetTestSuite/TestAnalysisExactResetReplay/same-running/response-received_task_queue/3", "wf-task-queue-type": "Activity", "worker-version": "_unversioned_", "logging-call-at": "/home/ubuntu/temporal-investigation-20260909/restart-20260909-1600/source-reset/service/matching/physical_task_queue_manager.go:312"}
    shared_cluster_t.go:72: 2026-09-10T01:26:09.884Z	info	Started physicalTaskQueueManager	{"backlog": "priority", "cause": "Force", "component": "matching-engine", "lifecycle": "Started", "wf-namespace": "TestWorkflowResetTestSuite-TestAnalysisExactResetReplay-same-running-response-received-d82b9d3c-42e9-4a34-9c39-46f28ae28695", "wf-task-queue-name": "/_sys/TestWorkflowResetTestSuite/TestAnalysisExactResetReplay/same-running/response-received_task_queue/2", "wf-task-queue-type": "Activity", "worker-version": "_unversioned_", "logging-call-at": "/home/ubuntu/temporal-investigation-20260909/restart-20260909-1600/source-reset/service/matching/physical_task_queue_manager.go:312"}
    shared_cluster_t.go:72: 2026-09-10T01:26:09.884Z	debug	routing key extraction: adding routing key to context	{"wf-id": "TestWorkflowResetTestSuite/TestAnalysisExactResetReplay/same-running/response-received_workflow_id", "grpc-method": "/temporal.api.workflowservice.v1.WorkflowService/GetWorkflowExecutionHistory", "logging-call-at": "/home/ubuntu/temporal-investigation-20260909/restart-20260909-1600/source-reset/common/rpc/interceptor/routing_key_interceptor.go:112"}
    shared_cluster_t.go:72: 2026-09-10T01:26:09.884Z	debug	Frontend method invoked.	{"wf-namespace": "TestWorkflowResetTestSuite-TestAnalysisExactResetReplay-same-running-response-received-d82b9d3c-42e9-4a34-9c39-46f28ae28695", "operation": "GetWorkflowExecutionHistory", "server-name": "", "cert-thumbprint": "", "logging-call-at": "/home/ubuntu/temporal-investigation-20260909/restart-20260909-1600/source-reset/common/rpc/interceptor/namespace_logger.go:53"}
    shared_cluster_t.go:72: 2026-09-10T01:26:09.884Z	info	Starting draining	{"backlog": "fairness-drain", "component": "matching-engine", "wf-namespace": "TestWorkflowResetTestSuite-TestAnalysisExactResetReplay-same-running-response-received-d82b9d3c-42e9-4a34-9c39-46f28ae28695", "wf-task-queue-name": "/_sys/TestWorkflowResetTestSuite/TestAnalysisExactResetReplay/same-running/response-received_task_queue/2", "wf-task-queue-type": "Activity", "worker-version": "_unversioned_", "logging-call-at": "/home/ubuntu/temporal-investigation-20260909/restart-20260909-1600/source-reset/service/matching/physical_task_queue_manager.go:430"}
    shared_cluster_t.go:72: 2026-09-10T01:26:09.884Z	info	Starting draining	{"backlog": "fairness-drain", "component": "matching-engine", "wf-namespace": "TestWorkflowResetTestSuite-TestAnalysisExactResetReplay-same-running-response-received-d82b9d3c-42e9-4a34-9c39-46f28ae28695", "wf-task-queue-name": "/_sys/TestWorkflowResetTestSuite/TestAnalysisExactResetReplay/same-running/response-received_task_queue/3", "wf-task-queue-type": "Activity", "worker-version": "_unversioned_", "logging-call-at": "/home/ubuntu/temporal-investigation-20260909/restart-20260909-1600/source-reset/service/matching/physical_task_queue_manager.go:430"}
    shared_cluster_t.go:72: 2026-09-10T01:26:09.886Z	debug	routing key extraction: adding routing key to context	{"wf-id": "TestWorkflowResetTestSuite/TestAnalysisExactResetReplay/same-running/response-received_workflow_id", "grpc-method": "/temporal.api.workflowservice.v1.WorkflowService/ResetWorkflowExecution", "logging-call-at": "/home/ubuntu/temporal-investigation-20260909/restart-20260909-1600/source-reset/common/rpc/interceptor/routing_key_interceptor.go:112"}
    shared_cluster_t.go:72: 2026-09-10T01:26:09.886Z	debug	Frontend method invoked.	{"wf-namespace": "TestWorkflowResetTestSuite-TestAnalysisExactResetReplay-same-running-response-received-d82b9d3c-42e9-4a34-9c39-46f28ae28695", "operation": "ResetWorkflowExecution", "server-name": "", "cert-thumbprint": "", "logging-call-at": "/home/ubuntu/temporal-investigation-20260909/restart-20260909-1600/source-reset/common/rpc/interceptor/namespace_logger.go:53"}
    shared_cluster_t.go:72: 2026-09-10T01:26:09.886Z	debug	time skipping skipped for: time skipping is not enabled	{"address": "127.0.0.1:37057", "shard-id": 4, "wf-id": "TestWorkflowResetTestSuite/TestAnalysisExactResetReplay/same-running/response-received_workflow_id", "wf-namespace": "TestWorkflowResetTestSuite-TestAnalysisExactResetReplay-same-running-response-received-d82b9d3c-42e9-4a34-9c39-46f28ae28695", "wf-namespace-id": "3717ba0a-e290-42fb-a743-4dc7d262af3f", "wf-run-id": "01a088ec-1ab2-73ef-962a-9012879126aa", "logging-call-at": "/home/ubuntu/temporal-investigation-20260909/restart-20260909-1600/source-reset/common/log/lazy_logger.go:30"}
    shared_cluster_t.go:72: 2026-09-10T01:26:09.887Z	debug	Workflow task updated	{"address": "127.0.0.1:37057", "attempt": 1, "shard-id": 4, "wf-id": "TestWorkflowResetTestSuite/TestAnalysisExactResetReplay/same-running/response-received_workflow_id", "wf-namespace": "TestWorkflowResetTestSuite-TestAnalysisExactResetReplay-same-running-response-received-d82b9d3c-42e9-4a34-9c39-46f28ae28695", "wf-run-id": "398db287-6760-4476-9a35-53e4aaffcf7c", "wf-scheduled-event-id": 2, "wf-started-event-id": 0, "wf-started-timestamp": "0001-01-01T00:00:00.000Z", "workflow-task-request-id": "emptyUuid", "workflow-task-timeout": 10, "wt-type": "Normal", "logging-call-at": "/home/ubuntu/temporal-investigation-20260909/restart-20260909-1600/source-reset/common/log/lazy_logger.go:30"}
    shared_cluster_t.go:72: 2026-09-10T01:26:09.887Z	debug	Workflow task updated	{"address": "127.0.0.1:37057", "attempt": 1, "shard-id": 4, "wf-id": "TestWorkflowResetTestSuite/TestAnalysisExactResetReplay/same-running/response-received_workflow_id", "wf-namespace": "TestWorkflowResetTestSuite-TestAnalysisExactResetReplay-same-running-response-received-d82b9d3c-42e9-4a34-9c39-46f28ae28695", "wf-run-id": "398db287-6760-4476-9a35-53e4aaffcf7c", "wf-scheduled-event-id": 2, "wf-started-event-id": 3, "wf-started-timestamp": "2026-09-10T01:26:09.876Z", "workflow-task-request-id": "2d174bf6-067c-47e7-931a-72c657998174", "workflow-task-timeout": 10, "wt-type": "Normal", "logging-call-at": "/home/ubuntu/temporal-investigation-20260909/restart-20260909-1600/source-reset/common/log/lazy_logger.go:30"}
    shared_cluster_t.go:72: 2026-09-10T01:26:09.887Z	debug	Workflow task updated	{"address": "127.0.0.1:37057", "attempt": 2, "shard-id": 4, "wf-id": "TestWorkflowResetTestSuite/TestAnalysisExactResetReplay/same-running/response-received_workflow_id", "wf-namespace": "TestWorkflowResetTestSuite-TestAnalysisExactResetReplay-same-running-response-received-d82b9d3c-42e9-4a34-9c39-46f28ae28695", "wf-run-id": "398db287-6760-4476-9a35-53e4aaffcf7c", "wf-scheduled-event-id": 0, "wf-started-event-id": 0, "wf-started-timestamp": "1970-01-01T00:00:00.000Z", "workflow-task-request-id": "emptyUuid", "workflow-task-timeout": 0, "wt-type": "Unspecified", "logging-call-at": "/home/ubuntu/temporal-investigation-20260909/restart-20260909-1600/source-reset/common/log/lazy_logger.go:30"}
    shared_cluster_t.go:72: 2026-09-10T01:26:09.887Z	debug	Workflow task updated	{"address": "127.0.0.1:37057", "attempt": 1, "shard-id": 4, "wf-id": "TestWorkflowResetTestSuite/TestAnalysisExactResetReplay/same-running/response-received_workflow_id", "wf-namespace": "TestWorkflowResetTestSuite-TestAnalysisExactResetReplay-same-running-response-received-d82b9d3c-42e9-4a34-9c39-46f28ae28695", "wf-run-id": "398db287-6760-4476-9a35-53e4aaffcf7c", "wf-scheduled-event-id": 5, "wf-started-event-id": 0, "wf-started-timestamp": "0001-01-01T00:00:00.000Z", "workflow-task-request-id": "emptyUuid", "workflow-task-timeout": 10, "wt-type": "Normal", "logging-call-at": "/home/ubuntu/temporal-investigation-20260909/restart-20260909-1600/source-reset/common/log/lazy_logger.go:30"}
    shared_cluster_t.go:72: 2026-09-10T01:26:09.887Z	debug	time skipping skipped for: time skipping is not enabled	{"address": "127.0.0.1:37057", "shard-id": 4, "wf-id": "TestWorkflowResetTestSuite/TestAnalysisExactResetReplay/same-running/response-received_workflow_id", "wf-namespace": "TestWorkflowResetTestSuite-TestAnalysisExactResetReplay-same-running-response-received-d82b9d3c-42e9-4a34-9c39-46f28ae28695", "wf-run-id": "398db287-6760-4476-9a35-53e4aaffcf7c", "logging-call-at": "/home/ubuntu/temporal-investigation-20260909/restart-20260909-1600/source-reset/common/log/lazy_logger.go:30"}
    shared_cluster_t.go:72: 2026-09-10T01:26:09.887Z	debug	Assigning new task key	{"address": "127.0.0.1:37057", "cursor-timestamp": "2026-09-10T01:26:10.880Z", "queue-task-id": 1048597, "queue-task-type": "TransferCloseExecution", "shard-id": 4, "timestamp": "2026-09-10T01:26:09.887Z", "wf-id": "TestWorkflowResetTestSuite/TestAnalysisExactResetReplay/same-running/response-received_workflow_id", "wf-namespace-id": "3717ba0a-e290-42fb-a743-4dc7d262af3f", "wf-run-id": "01a088ec-1ab2-73ef-962a-9012879126aa", "logging-call-at": "/home/ubuntu/temporal-investigation-20260909/restart-20260909-1600/source-reset/service/history/shard/task_key_generator.go:98"}
    shared_cluster_t.go:72: 2026-09-10T01:26:09.887Z	debug	Assigning new task key	{"address": "127.0.0.1:37057", "cursor-timestamp": "2026-09-10T01:26:10.880Z", "queue-task-id": 1048598, "queue-task-type": "VisibilityCloseExecution", "shard-id": 4, "timestamp": "2026-09-10T01:26:09.887Z", "wf-id": "TestWorkflowResetTestSuite/TestAnalysisExactResetReplay/same-running/response-received_workflow_id", "wf-namespace-id": "3717ba0a-e290-42fb-a743-4dc7d262af3f", "wf-run-id": "01a088ec-1ab2-73ef-962a-9012879126aa", "logging-call-at": "/home/ubuntu/temporal-investigation-20260909/restart-20260909-1600/source-reset/service/history/shard/task_key_generator.go:98"}
    shared_cluster_t.go:72: 2026-09-10T01:26:09.887Z	debug	Assigning new task key	{"address": "127.0.0.1:37057", "cursor-timestamp": "2026-09-10T01:26:10.880Z", "queue-task-id": 1048599, "queue-task-type": "DeleteHistoryEvent", "shard-id": 4, "timestamp": "2026-09-11T01:26:10.603Z", "wf-id": "TestWorkflowResetTestSuite/TestAnalysisExactResetReplay/same-running/response-received_workflow_id", "wf-namespace-id": "3717ba0a-e290-42fb-a743-4dc7d262af3f", "wf-run-id": "01a088ec-1ab2-73ef-962a-9012879126aa", "logging-call-at": "/home/ubuntu/temporal-investigation-20260909/restart-20260909-1600/source-reset/service/history/shard/task_key_generator.go:98"}
    shared_cluster_t.go:72: 2026-09-10T01:26:09.887Z	debug	Assigning new task key	{"address": "127.0.0.1:37057", "cursor-timestamp": "2026-09-10T01:26:10.880Z", "queue-task-id": 1048600, "queue-task-type": "TransferWorkflowTask", "shard-id": 4, "timestamp": "2026-09-10T01:26:09.887Z", "wf-id": "TestWorkflowResetTestSuite/TestAnalysisExactResetReplay/same-running/response-received_workflow_id", "wf-namespace-id": "3717ba0a-e290-42fb-a743-4dc7d262af3f", "wf-run-id": "398db287-6760-4476-9a35-53e4aaffcf7c", "logging-call-at": "/home/ubuntu/temporal-investigation-20260909/restart-20260909-1600/source-reset/service/history/shard/task_key_generator.go:98"}
    shared_cluster_t.go:72: 2026-09-10T01:26:09.887Z	debug	Assigning new task key	{"address": "127.0.0.1:37057", "cursor-timestamp": "2026-09-10T01:26:10.880Z", "queue-task-id": 1048601, "queue-task-type": "VisibilityUpsertExecution", "shard-id": 4, "timestamp": "2026-09-10T01:26:09.887Z", "wf-id": "TestWorkflowResetTestSuite/TestAnalysisExactResetReplay/same-running/response-received_workflow_id", "wf-namespace-id": "3717ba0a-e290-42fb-a743-4dc7d262af3f", "wf-run-id": "398db287-6760-4476-9a35-53e4aaffcf7c", "logging-call-at": "/home/ubuntu/temporal-investigation-20260909/restart-20260909-1600/source-reset/service/history/shard/task_key_generator.go:98"}
    shared_cluster_t.go:72: 2026-09-10T01:26:09.887Z	debug	Assigning new task key	{"address": "127.0.0.1:37057", "cursor-timestamp": "2026-09-10T01:26:10.880Z", "queue-task-id": 1048602, "queue-task-type": "WorkflowTaskTimeout", "shard-id": 4, "timestamp": "2026-09-10T01:26:19.877Z", "wf-id": "TestWorkflowResetTestSuite/TestAnalysisExactResetReplay/same-running/response-received_workflow_id", "wf-namespace-id": "3717ba0a-e290-42fb-a743-4dc7d262af3f", "wf-run-id": "398db287-6760-4476-9a35-53e4aaffcf7c", "logging-call-at": "/home/ubuntu/temporal-investigation-20260909/restart-20260909-1600/source-reset/service/history/shard/task_key_generator.go:98"}
    shared_cluster_t.go:72: 2026-09-10T01:26:09.888Z	debug	Frontend method invoked.	{"wf-namespace": "TestWorkflowResetTestSuite-TestAnalysisExactResetReplay-same-running-response-received-d82b9d3c-42e9-4a34-9c39-46f28ae28695", "operation": "DescribeMutableState", "server-name": "", "cert-thumbprint": "", "logging-call-at": "/home/ubuntu/temporal-investigation-20260909/restart-20260909-1600/source-reset/common/rpc/interceptor/namespace_logger.go:53"}
    shared_cluster_t.go:72: 2026-09-10T01:26:09.888Z	debug	Process task as active.	{"address": "127.0.0.1:37057", "component": "transfer-queue-processor", "shard-id": 4, "value": "WorkflowTask{WorkflowKey: 3717ba0a-e290-42fb-a743-4dc7d262af3f/TestWorkflowResetTestSuite/TestAnalysisExactResetReplay/same-running/response-received_workflow_id/398db287-6760-4476-9a35-53e4aaffcf7c, VisibilityTimestamp: 2026-09-10 01:26:09.887614761 +0000 UTC, TaskID: 1048600, TaskQueue: TestWorkflowResetTestSuite/TestAnalysisExactResetReplay/same-running/response-received_task_queue, ScheduledEventID: 5, Version: 0}", "wf-namespace-id": "3717ba0a-e290-42fb-a743-4dc7d262af3f", "logging-call-at": "/home/ubuntu/temporal-investigation-20260909/restart-20260909-1600/source-reset/service/history/queues/active_standby_executor.go:121"}
    shared_cluster_t.go:72: 2026-09-10T01:26:09.888Z	debug	Process task as active.	{"address": "127.0.0.1:37057", "component": "transfer-queue-processor", "shard-id": 4, "value": "CloseExecutionTask{WorkflowKey: 3717ba0a-e290-42fb-a743-4dc7d262af3f/TestWorkflowResetTestSuite/TestAnalysisExactResetReplay/same-running/response-received_workflow_id/01a088ec-1ab2-73ef-962a-9012879126aa, VisibilityTimestamp: 2026-09-10 01:26:09.887614761 +0000 UTC, TaskID: 1048597, Version: 0, DeleteAfterClose: false, DeleteProcessStage: 0}", "wf-namespace-id": "3717ba0a-e290-42fb-a743-4dc7d262af3f", "logging-call-at": "/home/ubuntu/temporal-investigation-20260909/restart-20260909-1600/source-reset/service/history/queues/active_standby_executor.go:121"}
    shared_cluster_t.go:72: 2026-09-10T01:26:09.893Z	debug	routing key extraction: adding routing key to context	{"wf-id": "TestWorkflowResetTestSuite/TestAnalysisExactResetReplay/same-running/response-received_workflow_id", "grpc-method": "/temporal.api.workflowservice.v1.WorkflowService/ResetWorkflowExecution", "logging-call-at": "/home/ubuntu/temporal-investigation-20260909/restart-20260909-1600/source-reset/common/rpc/interceptor/routing_key_interceptor.go:112"}
    shared_cluster_t.go:72: 2026-09-10T01:26:09.893Z	debug	Frontend method invoked.	{"wf-namespace": "TestWorkflowResetTestSuite-TestAnalysisExactResetReplay-same-running-response-received-d82b9d3c-42e9-4a34-9c39-46f28ae28695", "operation": "ResetWorkflowExecution", "server-name": "", "cert-thumbprint": "", "logging-call-at": "/home/ubuntu/temporal-investigation-20260909/restart-20260909-1600/source-reset/common/rpc/interceptor/namespace_logger.go:53"}
    shared_cluster_t.go:72: 2026-09-10T01:26:09.893Z	debug	time skipping skipped for: time skipping is not enabled	{"address": "127.0.0.1:37057", "shard-id": 4, "wf-id": "TestWorkflowResetTestSuite/TestAnalysisExactResetReplay/same-running/response-received_workflow_id", "wf-namespace": "TestWorkflowResetTestSuite-TestAnalysisExactResetReplay-same-running-response-received-d82b9d3c-42e9-4a34-9c39-46f28ae28695", "wf-namespace-id": "3717ba0a-e290-42fb-a743-4dc7d262af3f", "wf-run-id": "398db287-6760-4476-9a35-53e4aaffcf7c", "logging-call-at": "/home/ubuntu/temporal-investigation-20260909/restart-20260909-1600/source-reset/common/log/lazy_logger.go:30"}
    shared_cluster_t.go:72: 2026-09-10T01:26:09.894Z	debug	Workflow task updated	{"address": "127.0.0.1:37057", "attempt": 1, "shard-id": 4, "wf-id": "TestWorkflowResetTestSuite/TestAnalysisExactResetReplay/same-running/response-received_workflow_id", "wf-namespace": "TestWorkflowResetTestSuite-TestAnalysisExactResetReplay-same-running-response-received-d82b9d3c-42e9-4a34-9c39-46f28ae28695", "wf-run-id": "f0a1584e-101a-4449-8ff7-7682384bffa4", "wf-scheduled-event-id": 2, "wf-started-event-id": 0, "wf-started-timestamp": "0001-01-01T00:00:00.000Z", "workflow-task-request-id": "emptyUuid", "workflow-task-timeout": 10, "wt-type": "Normal", "logging-call-at": "/home/ubuntu/temporal-investigation-20260909/restart-20260909-1600/source-reset/common/log/lazy_logger.go:30"}
    shared_cluster_t.go:72: 2026-09-10T01:26:09.894Z	debug	Workflow task updated	{"address": "127.0.0.1:37057", "attempt": 1, "shard-id": 4, "wf-id": "TestWorkflowResetTestSuite/TestAnalysisExactResetReplay/same-running/response-received_workflow_id", "wf-namespace": "TestWorkflowResetTestSuite-TestAnalysisExactResetReplay-same-running-response-received-d82b9d3c-42e9-4a34-9c39-46f28ae28695", "wf-run-id": "f0a1584e-101a-4449-8ff7-7682384bffa4", "wf-scheduled-event-id": 2, "wf-started-event-id": 3, "wf-started-timestamp": "2026-09-10T01:26:09.876Z", "workflow-task-request-id": "2d174bf6-067c-47e7-931a-72c657998174", "workflow-task-timeout": 10, "wt-type": "Normal", "logging-call-at": "/home/ubuntu/temporal-investigation-20260909/restart-20260909-1600/source-reset/common/log/lazy_logger.go:30"}
    shared_cluster_t.go:72: 2026-09-10T01:26:09.894Z	debug	Workflow task updated	{"address": "127.0.0.1:37057", "attempt": 2, "shard-id": 4, "wf-id": "TestWorkflowResetTestSuite/TestAnalysisExactResetReplay/same-running/response-received_workflow_id", "wf-namespace": "TestWorkflowResetTestSuite-TestAnalysisExactResetReplay-same-running-response-received-d82b9d3c-42e9-4a34-9c39-46f28ae28695", "wf-run-id": "f0a1584e-101a-4449-8ff7-7682384bffa4", "wf-scheduled-event-id": 0, "wf-started-event-id": 0, "wf-started-timestamp": "1970-01-01T00:00:00.000Z", "workflow-task-request-id": "emptyUuid", "workflow-task-timeout": 0, "wt-type": "Unspecified", "logging-call-at": "/home/ubuntu/temporal-investigation-20260909/restart-20260909-1600/source-reset/common/log/lazy_logger.go:30"}
    shared_cluster_t.go:72: 2026-09-10T01:26:09.894Z	debug	Workflow task updated	{"address": "127.0.0.1:37057", "attempt": 1, "shard-id": 4, "wf-id": "TestWorkflowResetTestSuite/TestAnalysisExactResetReplay/same-running/response-received_workflow_id", "wf-namespace": "TestWorkflowResetTestSuite-TestAnalysisExactResetReplay-same-running-response-received-d82b9d3c-42e9-4a34-9c39-46f28ae28695", "wf-run-id": "f0a1584e-101a-4449-8ff7-7682384bffa4", "wf-scheduled-event-id": 5, "wf-started-event-id": 0, "wf-started-timestamp": "0001-01-01T00:00:00.000Z", "workflow-task-request-id": "emptyUuid", "workflow-task-timeout": 10, "wt-type": "Normal", "logging-call-at": "/home/ubuntu/temporal-investigation-20260909/restart-20260909-1600/source-reset/common/log/lazy_logger.go:30"}
    shared_cluster_t.go:72: 2026-09-10T01:26:09.894Z	debug	time skipping skipped for: time skipping is not enabled	{"address": "127.0.0.1:37057", "shard-id": 4, "wf-id": "TestWorkflowResetTestSuite/TestAnalysisExactResetReplay/same-running/response-received_workflow_id", "wf-namespace": "TestWorkflowResetTestSuite-TestAnalysisExactResetReplay-same-running-response-received-d82b9d3c-42e9-4a34-9c39-46f28ae28695", "wf-run-id": "f0a1584e-101a-4449-8ff7-7682384bffa4", "logging-call-at": "/home/ubuntu/temporal-investigation-20260909/restart-20260909-1600/source-reset/common/log/lazy_logger.go:30"}
    shared_cluster_t.go:72: 2026-09-10T01:26:09.894Z	debug	time skipping skipped for: time skipping is not enabled	{"address": "127.0.0.1:37057", "shard-id": 4, "wf-id": "TestWorkflowResetTestSuite/TestAnalysisExactResetReplay/same-running/response-received_workflow_id", "wf-namespace": "TestWorkflowResetTestSuite-TestAnalysisExactResetReplay-same-running-response-received-d82b9d3c-42e9-4a34-9c39-46f28ae28695", "wf-namespace-id": "3717ba0a-e290-42fb-a743-4dc7d262af3f", "wf-run-id": "01a088ec-1ab2-73ef-962a-9012879126aa", "logging-call-at": "/home/ubuntu/temporal-investigation-20260909/restart-20260909-1600/source-reset/common/log/lazy_logger.go:30"}
    shared_cluster_t.go:72: 2026-09-10T01:26:09.894Z	debug	Assigning new task key	{"address": "127.0.0.1:37057", "cursor-timestamp": "2026-09-10T01:26:10.888Z", "queue-task-id": 1048609, "queue-task-type": "DeleteHistoryEvent", "shard-id": 4, "timestamp": "2026-09-11T01:26:10.244Z", "wf-id": "TestWorkflowResetTestSuite/TestAnalysisExactResetReplay/same-running/response-received_workflow_id", "wf-namespace-id": "3717ba0a-e290-42fb-a743-4dc7d262af3f", "wf-run-id": "398db287-6760-4476-9a35-53e4aaffcf7c", "logging-call-at": "/home/ubuntu/temporal-investigation-20260909/restart-20260909-1600/source-reset/service/history/shard/task_key_generator.go:98"}
    shared_cluster_t.go:72: 2026-09-10T01:26:09.894Z	debug	Assigning new task key	{"address": "127.0.0.1:37057", "cursor-timestamp": "2026-09-10T01:26:10.888Z", "queue-task-id": 1048610, "queue-task-type": "TransferCloseExecution", "shard-id": 4, "timestamp": "2026-09-10T01:26:09.894Z", "wf-id": "TestWorkflowResetTestSuite/TestAnalysisExactResetReplay/same-running/response-received_workflow_id", "wf-namespace-id": "3717ba0a-e290-42fb-a743-4dc7d262af3f", "wf-run-id": "398db287-6760-4476-9a35-53e4aaffcf7c", "logging-call-at": "/home/ubuntu/temporal-investigation-20260909/restart-20260909-1600/source-reset/service/history/shard/task_key_generator.go:98"}
    shared_cluster_t.go:72: 2026-09-10T01:26:09.894Z	debug	Assigning new task key	{"address": "127.0.0.1:37057", "cursor-timestamp": "2026-09-10T01:26:10.888Z", "queue-task-id": 1048611, "queue-task-type": "VisibilityCloseExecution", "shard-id": 4, "timestamp": "2026-09-10T01:26:09.894Z", "wf-id": "TestWorkflowResetTestSuite/TestAnalysisExactResetReplay/same-running/response-received_workflow_id", "wf-namespace-id": "3717ba0a-e290-42fb-a743-4dc7d262af3f", "wf-run-id": "398db287-6760-4476-9a35-53e4aaffcf7c", "logging-call-at": "/home/ubuntu/temporal-investigation-20260909/restart-20260909-1600/source-reset/service/history/shard/task_key_generator.go:98"}
    shared_cluster_t.go:72: 2026-09-10T01:26:09.894Z	debug	Assigning new task key	{"address": "127.0.0.1:37057", "cursor-timestamp": "2026-09-10T01:26:10.888Z", "queue-task-id": 1048612, "queue-task-type": "VisibilityUpsertExecution", "shard-id": 4, "timestamp": "2026-09-10T01:26:09.894Z", "wf-id": "TestWorkflowResetTestSuite/TestAnalysisExactResetReplay/same-running/response-received_workflow_id", "wf-namespace-id": "3717ba0a-e290-42fb-a743-4dc7d262af3f", "wf-run-id": "f0a1584e-101a-4449-8ff7-7682384bffa4", "logging-call-at": "/home/ubuntu/temporal-investigation-20260909/restart-20260909-1600/source-reset/service/history/shard/task_key_generator.go:98"}
    shared_cluster_t.go:72: 2026-09-10T01:26:09.894Z	debug	Assigning new task key	{"address": "127.0.0.1:37057", "cursor-timestamp": "2026-09-10T01:26:10.888Z", "queue-task-id": 1048613, "queue-task-type": "WorkflowTaskTimeout", "shard-id": 4, "timestamp": "2026-09-10T01:26:19.877Z", "wf-id": "TestWorkflowResetTestSuite/TestAnalysisExactResetReplay/same-running/response-received_workflow_id", "wf-namespace-id": "3717ba0a-e290-42fb-a743-4dc7d262af3f", "wf-run-id": "f0a1584e-101a-4449-8ff7-7682384bffa4", "logging-call-at": "/home/ubuntu/temporal-investigation-20260909/restart-20260909-1600/source-reset/service/history/shard/task_key_generator.go:98"}
    shared_cluster_t.go:72: 2026-09-10T01:26:09.894Z	debug	Assigning new task key	{"address": "127.0.0.1:37057", "cursor-timestamp": "2026-09-10T01:26:10.888Z", "queue-task-id": 1048614, "queue-task-type": "TransferWorkflowTask", "shard-id": 4, "timestamp": "2026-09-10T01:26:09.894Z", "wf-id": "TestWorkflowResetTestSuite/TestAnalysisExactResetReplay/same-running/response-received_workflow_id", "wf-namespace-id": "3717ba0a-e290-42fb-a743-4dc7d262af3f", "wf-run-id": "f0a1584e-101a-4449-8ff7-7682384bffa4", "logging-call-at": "/home/ubuntu/temporal-investigation-20260909/restart-20260909-1600/source-reset/service/history/shard/task_key_generator.go:98"}
    shared_cluster_t.go:72: 2026-09-10T01:26:09.895Z	debug	Frontend method invoked.	{"wf-namespace": "TestWorkflowResetTestSuite-TestAnalysisExactResetReplay-same-running-response-received-d82b9d3c-42e9-4a34-9c39-46f28ae28695", "operation": "DescribeMutableState", "server-name": "", "cert-thumbprint": "", "logging-call-at": "/home/ubuntu/temporal-investigation-20260909/restart-20260909-1600/source-reset/common/rpc/interceptor/namespace_logger.go:53"}
    shared_cluster_t.go:72: 2026-09-10T01:26:09.895Z	debug	Process task as active.	{"address": "127.0.0.1:37057", "component": "transfer-queue-processor", "shard-id": 4, "value": "WorkflowTask{WorkflowKey: 3717ba0a-e290-42fb-a743-4dc7d262af3f/TestWorkflowResetTestSuite/TestAnalysisExactResetReplay/same-running/response-received_workflow_id/f0a1584e-101a-4449-8ff7-7682384bffa4, VisibilityTimestamp: 2026-09-10 01:26:09.894732912 +0000 UTC, TaskID: 1048614, TaskQueue: TestWorkflowResetTestSuite/TestAnalysisExactResetReplay/same-running/response-received_task_queue, ScheduledEventID: 5, Version: 0}", "wf-namespace-id": "3717ba0a-e290-42fb-a743-4dc7d262af3f", "logging-call-at": "/home/ubuntu/temporal-investigation-20260909/restart-20260909-1600/source-reset/service/history/queues/active_standby_executor.go:121"}
    shared_cluster_t.go:72: 2026-09-10T01:26:09.896Z	debug	Process task as active.	{"address": "127.0.0.1:37057", "component": "transfer-queue-processor", "shard-id": 4, "value": "CloseExecutionTask{WorkflowKey: 3717ba0a-e290-42fb-a743-4dc7d262af3f/TestWorkflowResetTestSuite/TestAnalysisExactResetReplay/same-running/response-received_workflow_id/398db287-6760-4476-9a35-53e4aaffcf7c, VisibilityTimestamp: 2026-09-10 01:26:09.894732912 +0000 UTC, TaskID: 1048610, Version: 0, DeleteAfterClose: false, DeleteProcessStage: 0}", "wf-namespace-id": "3717ba0a-e290-42fb-a743-4dc7d262af3f", "logging-call-at": "/home/ubuntu/temporal-investigation-20260909/restart-20260909-1600/source-reset/service/history/queues/active_standby_executor.go:121"}
    shared_cluster_t.go:72: 2026-09-10T01:26:09.900Z	debug	Frontend method invoked.	{"wf-namespace": "TestWorkflowResetTestSuite-TestAnalysisExactResetReplay-same-running-response-received-d82b9d3c-42e9-4a34-9c39-46f28ae28695", "operation": "DescribeMutableState", "server-name": "", "cert-thumbprint": "", "logging-call-at": "/home/ubuntu/temporal-investigation-20260909/restart-20260909-1600/source-reset/common/rpc/interceptor/namespace_logger.go:53"}
    shared_cluster_t.go:72: 2026-09-10T01:26:09.901Z	debug	Frontend method invoked.	{"wf-namespace": "TestWorkflowResetTestSuite-TestAnalysisExactResetReplay-same-running-response-received-d82b9d3c-42e9-4a34-9c39-46f28ae28695", "operation": "DescribeMutableState", "server-name": "", "cert-thumbprint": "", "logging-call-at": "/home/ubuntu/temporal-investigation-20260909/restart-20260909-1600/source-reset/common/rpc/interceptor/namespace_logger.go:53"}
    shared_cluster_t.go:72: 2026-09-10T01:26:09.902Z	debug	routing key extraction: adding routing key to context	{"wf-id": "TestWorkflowResetTestSuite/TestAnalysisExactResetReplay/same-running/response-received_workflow_id", "grpc-method": "/temporal.api.workflowservice.v1.WorkflowService/DescribeWorkflowExecution", "logging-call-at": "/home/ubuntu/temporal-investigation-20260909/restart-20260909-1600/source-reset/common/rpc/interceptor/routing_key_interceptor.go:112"}
    shared_cluster_t.go:72: 2026-09-10T01:26:09.902Z	debug	Frontend method invoked.	{"wf-namespace": "TestWorkflowResetTestSuite-TestAnalysisExactResetReplay-same-running-response-received-d82b9d3c-42e9-4a34-9c39-46f28ae28695", "operation": "DescribeWorkflowExecution", "server-name": "", "cert-thumbprint": "", "logging-call-at": "/home/ubuntu/temporal-investigation-20260909/restart-20260909-1600/source-reset/common/rpc/interceptor/namespace_logger.go:53"}
    reset_identity_analysis_test.go:93: mode=same-running reset_request_id=fbad8951-9889-4398-b04a-8832abac57fd original_start_id=1ccd7514-5284-4132-bbcb-2adcf22184a7 first=398db287-6760-4476-9a35-53e4aaffcf7c second=f0a1584e-101a-4449-8ff7-7682384bffa4 current=f0a1584e-101a-4449-8ff7-7682384bffa4
    reset_identity_analysis_test.go:94: first_before=execution_info:{namespace_id:"3717ba0a-e290-42fb-a743-4dc7d262af3f"  workflow_id:"TestWorkflowResetTestSuite/TestAnalysisExactResetReplay/same-running/response-received_workflow_id"  task_queue:"TestWorkflowResetTestSuite/TestAnalysisExactResetReplay/same-running/response-received_task_queue"  workflow_type_name:"test-workflow-arg"  workflow_execution_timeout:{}  workflow_run_timeout:{}  default_workflow_task_timeout:{seconds:10}  last_running_clock:1048595  last_first_event_id:4  start_time:{seconds:1789003569  nanos:886894393}  last_update_time:{seconds:1789003569  nanos:887607079}  workflow_task_scheduled_event_id:5  workflow_task_timeout:{seconds:10}  workflow_task_attempt:1  workflow_task_started_time:{}  workflow_task_scheduled_time:{seconds:1789003569  nanos:887515104}  workflow_task_original_scheduled_time:{seconds:1789003569  nanos:887515004}  workflow_task_request_id:"emptyUuid"  workflow_task_type:WORKFLOW_TASK_TYPE_NORMAL  workflow_task_attempts_since_last_success:1  attempt:1  auto_reset_points:{}  version_histories:{histories:{branch_token:"\n$01a088ec-1ab2-73ef-962a-9012879126aa\x12$23512504-ac60-4258-a8c9-99572f06ee72\x1a*\n$01a088ec-1ab2-7975-b36d-0619a92aa811\x10\x01\x18\x04"  items:{event_id:5}}}  first_execution_run_id:"01a088ec-1ab2-73ef-962a-9012879126aa"  execution_stats:{history_size:979}  workflow_run_expiration_time:{seconds:-62135596800}  last_first_event_txn_id:1048596  state_transition_count:2  execution_time:{seconds:1789003569  nanos:886894393}  base_execution_info:{run_id:"01a088ec-1ab2-73ef-962a-9012879126aa"  lowest_common_ancestor_event_id:3}  transition_history:{transition_count:1}  root_workflow_id:"TestWorkflowResetTestSuite/TestAnalysisExactResetReplay/same-running/response-received_workflow_id"  root_run_id:"398db287-6760-4476-9a35-53e4aaffcf7c"  task_generation_shard_clock_timestamp:1048594  workflow_task_last_update_versioned_transition:{transition_count:1}  sub_state_machine_tombstone_batches:{versioned_transition:{transition_count:1}}  original_execution_run_id:"01a088ec-1ab2-73ef-962a-9012879126aa"  last_workflow_task_failure_cause:WORKFLOW_TASK_FAILED_CAUSE_RESET_WORKFLOW}  execution_state:{create_request_id:"1ccd7514-5284-4132-bbcb-2adcf22184a7"  run_id:"398db287-6760-4476-9a35-53e4aaffcf7c"  state:WORKFLOW_EXECUTION_STATE_RUNNING  status:WORKFLOW_EXECUTION_STATUS_RUNNING  start_time:{seconds:1789003569  nanos:886894393}  request_ids:{key:"1ccd7514-5284-4132-bbcb-2adcf22184a7"  value:{event_type:EVENT_TYPE_WORKFLOW_EXECUTION_STARTED  event_id:1}}  first_execution_run_id:"01a088ec-1ab2-73ef-962a-9012879126aa"}  next_event_id:6 first_after=execution_info:{namespace_id:"3717ba0a-e290-42fb-a743-4dc7d262af3f"  workflow_id:"TestWorkflowResetTestSuite/TestAnalysisExactResetReplay/same-running/response-received_workflow_id"  completion_event_batch_id:6  task_queue:"TestWorkflowResetTestSuite/TestAnalysisExactResetReplay/same-running/response-received_task_queue"  workflow_type_name:"test-workflow-arg"  workflow_execution_timeout:{}  workflow_run_timeout:{}  default_workflow_task_timeout:{seconds:10}  last_running_clock:1048603  last_first_event_id:6  start_time:{seconds:1789003569  nanos:886894393}  last_update_time:{seconds:1789003569  nanos:894068496}  workflow_task_scheduled_event_id:5  workflow_task_timeout:{seconds:10}  workflow_task_attempt:1  workflow_task_started_time:{}  workflow_task_scheduled_time:{seconds:1789003569  nanos:887515104}  workflow_task_original_scheduled_time:{seconds:1789003569  nanos:887515004}  workflow_task_request_id:"emptyUuid"  workflow_task_type:WORKFLOW_TASK_TYPE_NORMAL  workflow_task_attempts_since_last_success:1  attempt:1  auto_reset_points:{}  version_histories:{histories:{branch_token:"\n$01a088ec-1ab2-73ef-962a-9012879126aa\x12$23512504-ac60-4258-a8c9-99572f06ee72\x1a*\n$01a088ec-1ab2-7975-b36d-0619a92aa811\x10\x01\x18\x04"  items:{event_id:6}}}  first_execution_run_id:"01a088ec-1ab2-73ef-962a-9012879126aa"  execution_stats:{history_size:1049}  workflow_run_expiration_time:{seconds:-62135596800}  last_first_event_txn_id:1048604  state_transition_count:3  execution_time:{seconds:1789003569  nanos:886894393}  close_time:{seconds:1789003569  nanos:893950303}  base_execution_info:{run_id:"01a088ec-1ab2-73ef-962a-9012879126aa"  lowest_common_ancestor_event_id:3}  transition_history:{transition_count:2}  root_workflow_id:"TestWorkflowResetTestSuite/TestAnalysisExactResetReplay/same-running/response-received_workflow_id"  root_run_id:"398db287-6760-4476-9a35-53e4aaffcf7c"  task_generation_shard_clock_timestamp:1048594  workflow_task_last_update_versioned_transition:{transition_count:1}  visibility_last_update_versioned_transition:{transition_count:2}  sub_state_machine_tombstone_batches:{versioned_transition:{transition_count:1}}  workflow_was_reset:true  original_execution_run_id:"01a088ec-1ab2-73ef-962a-9012879126aa"  last_workflow_task_failure_cause:WORKFLOW_TASK_FAILED_CAUSE_RESET_WORKFLOW}  execution_state:{create_request_id:"1ccd7514-5284-4132-bbcb-2adcf22184a7"  run_id:"398db287-6760-4476-9a35-53e4aaffcf7c"  state:WORKFLOW_EXECUTION_STATE_COMPLETED  status:WORKFLOW_EXECUTION_STATUS_TERMINATED  last_update_versioned_transition:{transition_count:2}  start_time:{seconds:1789003569  nanos:886894393}  request_ids:{key:"1ccd7514-5284-4132-bbcb-2adcf22184a7"  value:{event_type:EVENT_TYPE_WORKFLOW_EXECUTION_STARTED  event_id:1}}  first_execution_run_id:"01a088ec-1ab2-73ef-962a-9012879126aa"}  next_event_id:7 base_after=activity_infos:{key:5  value:{scheduled_event_batch_id:4  scheduled_time:{seconds:1789003569  nanos:879666761}  activity_id:"test-activity-id"  schedule_to_start_timeout:{}  schedule_to_close_timeout:{}  start_to_close_timeout:{seconds:10}  heartbeat_timeout:{}  attempt:1  task_queue:"TestWorkflowResetTestSuite/TestAnalysisExactResetReplay/same-running/response-received_task_queue"  has_retry_policy:true  retry_initial_interval:{seconds:1}  retry_maximum_interval:{seconds:100}  retry_backoff_coefficient:2  scheduled_event_id:5  activity_type:{name:"test-activity-name"}  last_update_versioned_transition:{transition_count:3}  first_scheduled_time:{seconds:1789003569  nanos:879666761}}}  execution_info:{namespace_id:"3717ba0a-e290-42fb-a743-4dc7d262af3f"  workflow_id:"TestWorkflowResetTestSuite/TestAnalysisExactResetReplay/same-running/response-received_workflow_id"  completion_event_batch_id:6  task_queue:"TestWorkflowResetTestSuite/TestAnalysisExactResetReplay/same-running/response-received_task_queue"  workflow_type_name:"test-workflow-arg"  workflow_execution_timeout:{}  workflow_run_timeout:{}  default_workflow_task_timeout:{seconds:10}  last_running_clock:1048591  last_first_event_id:6  last_completed_workflow_task_started_event_id:3  start_time:{seconds:1789003569  nanos:842258581}  last_update_time:{seconds:1789003569  nanos:894726012}  workflow_task_timeout:{}  workflow_task_attempt:1  workflow_task_started_time:{}  workflow_task_scheduled_time:{}  workflow_task_original_scheduled_time:{seconds:1789003569  nanos:843857899}  workflow_task_request_id:"emptyUuid"  attempt:1  activity_count:1  auto_reset_points:{points:{run_id:"01a088ec-1ab2-73ef-962a-9012879126aa"  first_workflow_task_completed_id:4  create_time:{seconds:1789003569  nanos:879636586}  resettable:true}}  search_attributes:{key:"BuildIds"  value:{metadata:{key:"encoding"  value:"json/plain"}  metadata:{key:"type"  value:"KeywordList"}  data:"[\"unversioned\"]"}}  version_histories:{histories:{branch_token:"\n$01a088ec-1ab2-73ef-962a-9012879126aa\x12$01a088ec-1ab2-7975-b36d-0619a92aa811"  items:{event_id:6}}}  first_execution_run_id:"01a088ec-1ab2-73ef-962a-9012879126aa"  execution_stats:{history_size:1019}  workflow_run_expiration_time:{seconds:-62135596800}  last_first_event_txn_id:1048592  state_transition_count:5  execution_time:{seconds:1789003569  nanos:842258581}  close_transfer_task_id:1048597  close_visibility_task_id:1048598  close_time:{seconds:1789003569  nanos:886622033}  transition_history:{transition_count:5}  root_workflow_id:"TestWorkflowResetTestSuite/TestAnalysisExactResetReplay/same-running/response-received_workflow_id"  root_run_id:"01a088ec-1ab2-73ef-962a-9012879126aa"  task_generation_shard_clock_timestamp:1048576  workflow_task_last_update_versioned_transition:{transition_count:3}  visibility_last_update_versioned_transition:{transition_count:4}  sub_state_machine_tombstone_batches:{versioned_transition:{transition_count:1}}  workflow_was_reset:true  reset_run_id:"f0a1584e-101a-4449-8ff7-7682384bffa4"  original_execution_run_id:"01a088ec-1ab2-73ef-962a-9012879126aa"}  execution_state:{create_request_id:"1ccd7514-5284-4132-bbcb-2adcf22184a7"  run_id:"01a088ec-1ab2-73ef-962a-9012879126aa"  state:WORKFLOW_EXECUTION_STATE_COMPLETED  status:WORKFLOW_EXECUTION_STATUS_TERMINATED  last_update_versioned_transition:{transition_count:4}  start_time:{seconds:1789003569  nanos:842258581}  request_ids:{key:"1ccd7514-5284-4132-bbcb-2adcf22184a7"  value:{event_type:EVENT_TYPE_WORKFLOW_EXECUTION_STARTED  event_id:1}}  first_execution_run_id:"01a088ec-1ab2-73ef-962a-9012879126aa"}  next_event_id:7 second_after=execution_info:{namespace_id:"3717ba0a-e290-42fb-a743-4dc7d262af3f"  workflow_id:"TestWorkflowResetTestSuite/TestAnalysisExactResetReplay/same-running/response-received_workflow_id"  task_queue:"TestWorkflowResetTestSuite/TestAnalysisExactResetReplay/same-running/response-received_task_queue"  workflow_type_name:"test-workflow-arg"  workflow_execution_timeout:{}  workflow_run_timeout:{}  default_workflow_task_timeout:{seconds:10}  last_running_clock:1048607  last_first_event_id:4  start_time:{seconds:1789003569  nanos:894182463}  last_update_time:{seconds:1789003569  nanos:894699072}  workflow_task_scheduled_event_id:5  workflow_task_timeout:{seconds:10}  workflow_task_attempt:1  workflow_task_started_time:{}  workflow_task_scheduled_time:{seconds:1789003569  nanos:894620276}  workflow_task_original_scheduled_time:{seconds:1789003569  nanos:894620176}  workflow_task_request_id:"emptyUuid"  workflow_task_type:WORKFLOW_TASK_TYPE_NORMAL  workflow_task_attempts_since_last_success:1  attempt:1  auto_reset_points:{}  version_histories:{histories:{branch_token:"\n$01a088ec-1ab2-73ef-962a-9012879126aa\x12$62effa34-e5ea-4cc1-bca3-bd7b560ed1f2\x1a*\n$01a088ec-1ab2-7975-b36d-0619a92aa811\x10\x01\x18\x04"  items:{event_id:5}}}  first_execution_run_id:"01a088ec-1ab2-73ef-962a-9012879126aa"  execution_stats:{history_size:979}  workflow_run_expiration_time:{seconds:-62135596800}  last_first_event_txn_id:1048608  state_transition_count:2  execution_time:{seconds:1789003569  nanos:894182463}  base_execution_info:{run_id:"01a088ec-1ab2-73ef-962a-9012879126aa"  lowest_common_ancestor_event_id:3}  transition_history:{transition_count:1}  root_workflow_id:"TestWorkflowResetTestSuite/TestAnalysisExactResetReplay/same-running/response-received_workflow_id"  root_run_id:"f0a1584e-101a-4449-8ff7-7682384bffa4"  task_generation_shard_clock_timestamp:1048606  workflow_task_last_update_versioned_transition:{transition_count:1}  sub_state_machine_tombstone_batches:{versioned_transition:{transition_count:1}}  original_execution_run_id:"01a088ec-1ab2-73ef-962a-9012879126aa"  last_workflow_task_failure_cause:WORKFLOW_TASK_FAILED_CAUSE_RESET_WORKFLOW}  execution_state:{create_request_id:"1ccd7514-5284-4132-bbcb-2adcf22184a7"  run_id:"f0a1584e-101a-4449-8ff7-7682384bffa4"  state:WORKFLOW_EXECUTION_STATE_RUNNING  status:WORKFLOW_EXECUTION_STATUS_RUNNING  start_time:{seconds:1789003569  nanos:894182463}  request_ids:{key:"1ccd7514-5284-4132-bbcb-2adcf22184a7"  value:{event_type:EVENT_TYPE_WORKFLOW_EXECUTION_STARTED  event_id:1}}  first_execution_run_id:"01a088ec-1ab2-73ef-962a-9012879126aa"}  next_event_id:6
    shared_cluster_t.go:72: 2026-09-10T01:26:09.903Z	debug	routing key extraction: adding routing key to context	{"wf-id": "TestWorkflowResetTestSuite/TestAnalysisExactResetReplay/same-running/response-received_workflow_id", "grpc-method": "/temporal.api.workflowservice.v1.WorkflowService/GetWorkflowExecutionHistory", "logging-call-at": "/home/ubuntu/temporal-investigation-20260909/restart-20260909-1600/source-reset/common/rpc/interceptor/routing_key_interceptor.go:112"}
    shared_cluster_t.go:72: 2026-09-10T01:26:09.903Z	debug	Frontend method invoked.	{"wf-namespace": "TestWorkflowResetTestSuite-TestAnalysisExactResetReplay-same-running-response-received-d82b9d3c-42e9-4a34-9c39-46f28ae28695", "operation": "GetWorkflowExecutionHistory", "server-name": "", "cert-thumbprint": "", "logging-call-at": "/home/ubuntu/temporal-investigation-20260909/restart-20260909-1600/source-reset/common/rpc/interceptor/namespace_logger.go:53"}
    reset_identity_analysis_test.go:105: history_run=398db287-6760-4476-9a35-53e4aaffcf7c history=events:{event_id:1  event_time:{seconds:1789003569  nanos:842258581}  event_type:EVENT_TYPE_WORKFLOW_EXECUTION_STARTED  task_id:1048576  workflow_execution_started_event_attributes:{workflow_type:{name:"test-workflow-arg"}  task_queue:{name:"TestWorkflowResetTestSuite/TestAnalysisExactResetReplay/same-running/response-received_task_queue"  kind:TASK_QUEUE_KIND_NORMAL}  workflow_execution_timeout:{}  workflow_run_timeout:{}  workflow_task_timeout:{seconds:10}  original_execution_run_id:"01a088ec-1ab2-73ef-962a-9012879126aa"  identity:"3992880@qiancheng-ubuntu24@"  first_execution_run_id:"01a088ec-1ab2-73ef-962a-9012879126aa"  attempt:1  first_workflow_task_backoff:{}  header:{}  workflow_id:"TestWorkflowResetTestSuite/TestAnalysisExactResetReplay/same-running/response-received_workflow_id"}}  events:{event_id:2  event_time:{seconds:1789003569  nanos:843858110}  event_type:EVENT_TYPE_WORKFLOW_TASK_SCHEDULED  task_id:1048577  workflow_task_scheduled_event_attributes:{task_queue:{name:"TestWorkflowResetTestSuite/TestAnalysisExactResetReplay/same-running/response-received_task_queue"  kind:TASK_QUEUE_KIND_NORMAL}  start_to_close_timeout:{seconds:10}  attempt:1}}  events:{event_id:3  event_time:{seconds:1789003569  nanos:876976942}  event_type:EVENT_TYPE_WORKFLOW_TASK_STARTED  task_id:1048582  workflow_task_started_event_attributes:{scheduled_event_id:2  identity:"TestWorkflowResetTestSuite/TestAnalysisExactResetReplay/same-running/response-received_worker_identity"  request_id:"2d174bf6-067c-47e7-931a-72c657998174"  history_size_bytes:512}}  events:{event_id:4  event_time:{seconds:1789003569  nanos:887208334}  event_type:EVENT_TYPE_WORKFLOW_TASK_FAILED  task_id:1048594  workflow_task_failed_event_attributes:{scheduled_event_id:2  started_event_id:3  cause:WORKFLOW_TASK_FAILED_CAUSE_RESET_WORKFLOW  failure:{message:"reset identity analysis"  reset_workflow_failure_info:{}}  identity:"history-service"  base_run_id:"01a088ec-1ab2-73ef-962a-9012879126aa"  new_run_id:"398db287-6760-4476-9a35-53e4aaffcf7c"}}  events:{event_id:5  event_time:{seconds:1789003569  nanos:887515104}  event_type:EVENT_TYPE_WORKFLOW_TASK_SCHEDULED  task_id:1048595  workflow_task_scheduled_event_attributes:{task_queue:{name:"TestWorkflowResetTestSuite/TestAnalysisExactResetReplay/same-running/response-received_task_queue"  kind:TASK_QUEUE_KIND_NORMAL}  start_to_close_timeout:{seconds:10}  attempt:1}}  events:{event_id:6  event_time:{seconds:1789003569  nanos:893950303}  event_type:EVENT_TYPE_WORKFLOW_EXECUTION_TERMINATED  task_id:1048603  workflow_execution_terminated_event_attributes:{reason:"reset identity analysis"  identity:"history-resetter"}}
    shared_cluster_t.go:72: 2026-09-10T01:26:09.904Z	debug	routing key extraction: adding routing key to context	{"wf-id": "TestWorkflowResetTestSuite/TestAnalysisExactResetReplay/same-running/response-received_workflow_id", "grpc-method": "/temporal.api.workflowservice.v1.WorkflowService/GetWorkflowExecutionHistory", "logging-call-at": "/home/ubuntu/temporal-investigation-20260909/restart-20260909-1600/source-reset/common/rpc/interceptor/routing_key_interceptor.go:112"}
    shared_cluster_t.go:72: 2026-09-10T01:26:09.904Z	debug	Frontend method invoked.	{"wf-namespace": "TestWorkflowResetTestSuite-TestAnalysisExactResetReplay-same-running-response-received-d82b9d3c-42e9-4a34-9c39-46f28ae28695", "operation": "GetWorkflowExecutionHistory", "server-name": "", "cert-thumbprint": "", "logging-call-at": "/home/ubuntu/temporal-investigation-20260909/restart-20260909-1600/source-reset/common/rpc/interceptor/namespace_logger.go:53"}
    reset_identity_analysis_test.go:105: history_run=f0a1584e-101a-4449-8ff7-7682384bffa4 history=events:{event_id:1  event_time:{seconds:1789003569  nanos:842258581}  event_type:EVENT_TYPE_WORKFLOW_EXECUTION_STARTED  task_id:1048576  workflow_execution_started_event_attributes:{workflow_type:{name:"test-workflow-arg"}  task_queue:{name:"TestWorkflowResetTestSuite/TestAnalysisExactResetReplay/same-running/response-received_task_queue"  kind:TASK_QUEUE_KIND_NORMAL}  workflow_execution_timeout:{}  workflow_run_timeout:{}  workflow_task_timeout:{seconds:10}  original_execution_run_id:"01a088ec-1ab2-73ef-962a-9012879126aa"  identity:"3992880@qiancheng-ubuntu24@"  first_execution_run_id:"01a088ec-1ab2-73ef-962a-9012879126aa"  attempt:1  first_workflow_task_backoff:{}  header:{}  workflow_id:"TestWorkflowResetTestSuite/TestAnalysisExactResetReplay/same-running/response-received_workflow_id"}}  events:{event_id:2  event_time:{seconds:1789003569  nanos:843858110}  event_type:EVENT_TYPE_WORKFLOW_TASK_SCHEDULED  task_id:1048577  workflow_task_scheduled_event_attributes:{task_queue:{name:"TestWorkflowResetTestSuite/TestAnalysisExactResetReplay/same-running/response-received_task_queue"  kind:TASK_QUEUE_KIND_NORMAL}  start_to_close_timeout:{seconds:10}  attempt:1}}  events:{event_id:3  event_time:{seconds:1789003569  nanos:876976942}  event_type:EVENT_TYPE_WORKFLOW_TASK_STARTED  task_id:1048582  workflow_task_started_event_attributes:{scheduled_event_id:2  identity:"TestWorkflowResetTestSuite/TestAnalysisExactResetReplay/same-running/response-received_worker_identity"  request_id:"2d174bf6-067c-47e7-931a-72c657998174"  history_size_bytes:512}}  events:{event_id:4  event_time:{seconds:1789003569  nanos:894432571}  event_type:EVENT_TYPE_WORKFLOW_TASK_FAILED  task_id:1048606  workflow_task_failed_event_attributes:{scheduled_event_id:2  started_event_id:3  cause:WORKFLOW_TASK_FAILED_CAUSE_RESET_WORKFLOW  failure:{message:"reset identity analysis"  reset_workflow_failure_info:{}}  identity:"history-service"  base_run_id:"01a088ec-1ab2-73ef-962a-9012879126aa"  new_run_id:"f0a1584e-101a-4449-8ff7-7682384bffa4"}}  events:{event_id:5  event_time:{seconds:1789003569  nanos:894620276}  event_type:EVENT_TYPE_WORKFLOW_TASK_SCHEDULED  task_id:1048607  workflow_task_scheduled_event_attributes:{task_queue:{name:"TestWorkflowResetTestSuite/TestAnalysisExactResetReplay/same-running/response-received_task_queue"  kind:TASK_QUEUE_KIND_NORMAL}  start_to_close_timeout:{seconds:10}  attempt:1}}
    reset_identity_analysis_test.go:107: 
        	Error Trace:	/home/ubuntu/temporal-investigation-20260909/restart-20260909-1600/source-reset/tests/reset_identity_analysis_test.go:107
        	Error:      	Not equal: 
        	            	expected: "398db287-6760-4476-9a35-53e4aaffcf7c"
        	            	actual  : "f0a1584e-101a-4449-8ff7-7682384bffa4"
        	            	
        	            	Diff:
        	            	--- Expected
        	            	+++ Actual
        	            	@@ -1 +1 @@
        	            	-398db287-6760-4476-9a35-53e4aaffcf7c
        	            	+f0a1584e-101a-4449-8ff7-7682384bffa4
        	Test:       	TestWorkflowResetTestSuite/TestAnalysisExactResetReplay/same-running/response-received
        	Messages:   	identical immediately repeated Reset must return the original reset run
=== RUN   TestWorkflowResetTestSuite/TestAnalysisExactResetReplay/same-running/response-lost
2026-09-10T01:26:09.924Z	debug	starting ping check	{"name": "dynamic config callbacks", "service": "matching", "logging-call-at": "/home/ubuntu/temporal-investigation-20260909/restart-20260909-1600/source-reset/common/deadlock/deadlock.go:178"}
2026-09-10T01:26:09.924Z	debug	ping check succeeded	{"name": "dynamic config callbacks", "service": "matching", "logging-call-at": "/home/ubuntu/temporal-investigation-20260909/restart-20260909-1600/source-reset/common/deadlock/deadlock.go:206"}
2026-09-10T01:26:09.924Z	debug	starting ping check	{"name": "namespace registry lock", "service": "matching", "logging-call-at": "/home/ubuntu/temporal-investigation-20260909/restart-20260909-1600/source-reset/common/deadlock/deadlock.go:178"}
2026-09-10T01:26:09.924Z	debug	ping check succeeded	{"name": "namespace registry lock", "service": "matching", "logging-call-at": "/home/ubuntu/temporal-investigation-20260909/restart-20260909-1600/source-reset/common/deadlock/deadlock.go:206"}
2026-09-10T01:26:09.924Z	debug	starting ping check	{"name": "cluster metadata lock", "service": "matching", "logging-call-at": "/home/ubuntu/temporal-investigation-20260909/restart-20260909-1600/source-reset/common/deadlock/deadlock.go:178"}
2026-09-10T01:26:09.924Z	debug	ping check succeeded	{"name": "cluster metadata lock", "service": "matching", "logging-call-at": "/home/ubuntu/temporal-investigation-20260909/restart-20260909-1600/source-reset/common/deadlock/deadlock.go:206"}
2026-09-10T01:26:09.924Z	debug	starting ping check	{"name": "cluster metadata callback lock", "service": "matching", "logging-call-at": "/home/ubuntu/temporal-investigation-20260909/restart-20260909-1600/source-reset/common/deadlock/deadlock.go:178"}
2026-09-10T01:26:09.924Z	debug	ping check succeeded	{"name": "cluster metadata callback lock", "service": "matching", "logging-call-at": "/home/ubuntu/temporal-investigation-20260909/restart-20260909-1600/source-reset/common/deadlock/deadlock.go:206"}
2026-09-10T01:26:09.925Z	debug	starting ping check	{"name": "namespace registry lock", "service": "history", "logging-call-at": "/home/ubuntu/temporal-investigation-20260909/restart-20260909-1600/source-reset/common/deadlock/deadlock.go:178"}
2026-09-10T01:26:09.926Z	debug	starting ping check	{"name": "shard controller", "service": "history", "logging-call-at": "/home/ubuntu/temporal-investigation-20260909/restart-20260909-1600/source-reset/common/deadlock/deadlock.go:178"}
2026-09-10T01:26:09.926Z	debug	starting ping check	{"name": "dynamic config callbacks", "service": "history", "logging-call-at": "/home/ubuntu/temporal-investigation-20260909/restart-20260909-1600/source-reset/common/deadlock/deadlock.go:178"}
2026-09-10T01:26:09.926Z	debug	ping check succeeded	{"name": "dynamic config callbacks", "service": "history", "logging-call-at": "/home/ubuntu/temporal-investigation-20260909/restart-20260909-1600/source-reset/common/deadlock/deadlock.go:206"}
2026-09-10T01:26:09.926Z	debug	ping check succeeded	{"name": "shard controller", "service": "history", "logging-call-at": "/home/ubuntu/temporal-investigation-20260909/restart-20260909-1600/source-reset/common/deadlock/deadlock.go:206"}
2026-09-10T01:26:09.926Z	debug	ping check succeeded	{"name": "namespace registry lock", "service": "history", "logging-call-at": "/home/ubuntu/temporal-investigation-20260909/restart-20260909-1600/source-reset/common/deadlock/deadlock.go:206"}
2026-09-10T01:26:09.926Z	debug	starting ping check	{"name": "cluster metadata lock", "service": "history", "logging-call-at": "/home/ubuntu/temporal-investigation-20260909/restart-20260909-1600/source-reset/common/deadlock/deadlock.go:178"}
2026-09-10T01:26:09.926Z	debug	ping check succeeded	{"name": "cluster metadata lock", "service": "history", "logging-call-at": "/home/ubuntu/temporal-investigation-20260909/restart-20260909-1600/source-reset/common/deadlock/deadlock.go:206"}
2026-09-10T01:26:09.926Z	debug	starting ping check	{"name": "cluster metadata callback lock", "service": "history", "logging-call-at": "/home/ubuntu/temporal-investigation-20260909/restart-20260909-1600/source-reset/common/deadlock/deadlock.go:178"}
2026-09-10T01:26:09.926Z	debug	ping check succeeded	{"name": "cluster metadata callback lock", "service": "history", "logging-call-at": "/home/ubuntu/temporal-investigation-20260909/restart-20260909-1600/source-reset/common/deadlock/deadlock.go:206"}
2026-09-10T01:26:09.928Z	info	created database	{"database": "/tmp/test_a095d1bea229465f94c033b9", "logging-call-at": "/home/ubuntu/temporal-investigation-20260909/restart-20260909-1600/source-reset/common/persistence/sql/test_sql_persistence.go:125"}
2026-09-10T01:26:09.928Z	debug	starting ping check	{"name": "cluster metadata lock", "service": "frontend", "logging-call-at": "/home/ubuntu/temporal-investigation-20260909/restart-20260909-1600/source-reset/common/deadlock/deadlock.go:178"}
2026-09-10T01:26:09.928Z	debug	ping check succeeded	{"name": "cluster metadata lock", "service": "frontend", "logging-call-at": "/home/ubuntu/temporal-investigation-20260909/restart-20260909-1600/source-reset/common/deadlock/deadlock.go:206"}
2026-09-10T01:26:09.928Z	debug	starting ping check	{"name": "cluster metadata callback lock", "service": "frontend", "logging-call-at": "/home/ubuntu/temporal-investigation-20260909/restart-20260909-1600/source-reset/common/deadlock/deadlock.go:178"}
2026-09-10T01:26:09.928Z	debug	starting ping check	{"name": "namespace registry lock", "service": "frontend", "logging-call-at": "/home/ubuntu/temporal-investigation-20260909/restart-20260909-1600/source-reset/common/deadlock/deadlock.go:178"}
2026-09-10T01:26:09.928Z	debug	ping check succeeded	{"name": "namespace registry lock", "service": "frontend", "logging-call-at": "/home/ubuntu/temporal-investigation-20260909/restart-20260909-1600/source-reset/common/deadlock/deadlock.go:206"}
2026-09-10T01:26:09.928Z	debug	starting ping check	{"name": "dynamic config callbacks", "service": "frontend", "logging-call-at": "/home/ubuntu/temporal-investigation-20260909/restart-20260909-1600/source-reset/common/deadlock/deadlock.go:178"}
2026-09-10T01:26:09.928Z	debug	ping check succeeded	{"name": "dynamic config callbacks", "service": "frontend", "logging-call-at": "/home/ubuntu/temporal-investigation-20260909/restart-20260909-1600/source-reset/common/deadlock/deadlock.go:206"}
2026-09-10T01:26:09.928Z	debug	ping check succeeded	{"name": "cluster metadata callback lock", "service": "frontend", "logging-call-at": "/home/ubuntu/temporal-investigation-20260909/restart-20260909-1600/source-reset/common/deadlock/deadlock.go:206"}
2026-09-10T01:26:09.943Z	info	loaded schema	{"logging-call-at": "/home/ubuntu/temporal-investigation-20260909/restart-20260909-1600/source-reset/common/persistence/sql/test_sql_persistence.go:190"}
2026-09-10T01:26:09.954Z	info	loaded schema	{"logging-call-at": "/home/ubuntu/temporal-investigation-20260909/restart-20260909-1600/source-reset/common/persistence/sql/test_sql_persistence.go:190"}
2026-09-10T01:26:09.954Z	info	loaded schema version	{"version": "0.11", "logging-call-at": "/home/ubuntu/temporal-investigation-20260909/restart-20260909-1600/source-reset/common/persistence/sql/test_sql_persistence.go:207"}
2026-09-10T01:26:09.955Z	info	Use rpc address 127.0.0.1:7134 for cluster active.	{"component": "metadata-initializer", "logging-call-at": "/home/ubuntu/temporal-investigation-20260909/restart-20260909-1600/source-reset/temporal/cluster_metadata_loader.go:68"}
2026-09-10T01:26:09.956Z	info	Use rpc address 127.0.0.1:7134 for cluster active.	{"component": "metadata-initializer", "logging-call-at": "/home/ubuntu/temporal-investigation-20260909/restart-20260909-1600/source-reset/temporal/cluster_metadata_loader.go:68"}
2026-09-10T01:26:09.962Z	info	Quota changed	{"component": "persistence", "current-quota": null, "new-quota": 9000, "scope": "host", "service": "history", "logging-call-at": "/home/ubuntu/temporal-investigation-20260909/restart-20260909-1600/source-reset/common/quotas/calculator/logged_calculator.go:100"}
2026-09-10T01:26:09.962Z	debug	RPC factory created. enableServerKeepalive: false, enableClientKeepalive: false	{"logging-call-at": "/home/ubuntu/temporal-investigation-20260909/restart-20260909-1600/source-reset/common/resource/fx.go:470"}
2026-09-10T01:26:09.962Z	info	historyClient: ownership caching disabled	{"service": "history", "logging-call-at": "/home/ubuntu/temporal-investigation-20260909/restart-20260909-1600/source-reset/client/history/client.go:70"}
2026-09-10T01:26:09.963Z	info	creating new visibility manager	{"visibility_plugin_name": "sqlite", "visibility_index_name": "/tmp/test_a095d1bea229465f94c033b9", "logging-call-at": "/home/ubuntu/temporal-investigation-20260909/restart-20260909-1600/source-reset/common/persistence/visibility/factory.go:145"}
2026-09-10T01:26:09.963Z	info	Quota changed	{"component": "task-scheduler", "current-quota": null, "new-quota": 0, "scope": "host", "service": "history", "logging-call-at": "/home/ubuntu/temporal-investigation-20260909/restart-20260909-1600/source-reset/common/quotas/calculator/logged_calculator.go:100"}
2026-09-10T01:26:09.964Z	info	Warning: CHASM component scheduler.scheduler declares state fields that won't be managed by CHASM:
	cacheConflictToken int64
	compiledSpec *scheduler.CompiledSpec	{"logging-call-at": "/home/ubuntu/temporal-investigation-20260909/restart-20260909-1600/source-reset/chasm/registry.go:361"}
2026-09-10T01:26:09.965Z	info	Initialized lazy loaded OwnershipBasedQuotaScaler	{"service": "history", "logging-call-at": "/home/ubuntu/temporal-investigation-20260909/restart-20260909-1600/source-reset/service/history/shard/fx.go:71"}
2026-09-10T01:26:09.965Z	info	Initialized service resolver for persistence rate limiting	{"service": "history", "logging-call-at": "/home/ubuntu/temporal-investigation-20260909/restart-20260909-1600/source-reset/service/fx.go:76"}
2026-09-10T01:26:09.965Z	info	Created gRPC listener	{"service": "history", "address": "127.0.0.1:35325", "logging-call-at": "/home/ubuntu/temporal-investigation-20260909/restart-20260909-1600/source-reset/common/rpc/rpc.go:209"}
2026-09-10T01:26:09.967Z	info	Quota changed	{"component": "persistence", "current-quota": null, "new-quota": 3000, "scope": "host", "service": "matching", "logging-call-at": "/home/ubuntu/temporal-investigation-20260909/restart-20260909-1600/source-reset/common/quotas/calculator/logged_calculator.go:100"}
2026-09-10T01:26:09.967Z	info	Initialized service resolver for persistence rate limiting	{"service": "matching", "logging-call-at": "/home/ubuntu/temporal-investigation-20260909/restart-20260909-1600/source-reset/service/fx.go:76"}
2026-09-10T01:26:09.968Z	debug	RPC factory created. enableServerKeepalive: false, enableClientKeepalive: false	{"logging-call-at": "/home/ubuntu/temporal-investigation-20260909/restart-20260909-1600/source-reset/common/resource/fx.go:470"}
2026-09-10T01:26:09.968Z	info	Created gRPC listener	{"service": "matching", "address": "127.0.0.1:39933", "logging-call-at": "/home/ubuntu/temporal-investigation-20260909/restart-20260909-1600/source-reset/common/rpc/rpc.go:209"}
2026-09-10T01:26:09.968Z	info	historyClient: ownership caching disabled	{"service": "matching", "logging-call-at": "/home/ubuntu/temporal-investigation-20260909/restart-20260909-1600/source-reset/client/history/client.go:70"}
2026-09-10T01:26:09.968Z	info	creating new visibility manager	{"visibility_plugin_name": "sqlite", "visibility_index_name": "/tmp/test_a095d1bea229465f94c033b9", "logging-call-at": "/home/ubuntu/temporal-investigation-20260909/restart-20260909-1600/source-reset/common/persistence/visibility/factory.go:145"}
2026-09-10T01:26:09.971Z	debug	RPC factory created. enableServerKeepalive: false, enableClientKeepalive: false	{"logging-call-at": "/home/ubuntu/temporal-investigation-20260909/restart-20260909-1600/source-reset/common/resource/fx.go:470"}
2026-09-10T01:26:09.971Z	info	Quota changed	{"component": "persistence", "current-quota": null, "new-quota": 2000, "scope": "host", "service": "frontend", "logging-call-at": "/home/ubuntu/temporal-investigation-20260909/restart-20260909-1600/source-reset/common/quotas/calculator/logged_calculator.go:100"}
2026-09-10T01:26:09.971Z	info	historyClient: ownership caching disabled	{"service": "frontend", "logging-call-at": "/home/ubuntu/temporal-investigation-20260909/restart-20260909-1600/source-reset/client/history/client.go:70"}
2026-09-10T01:26:09.972Z	info	Warning: CHASM component scheduler.scheduler declares state fields that won't be managed by CHASM:
	cacheConflictToken int64
	compiledSpec *scheduler.CompiledSpec	{"logging-call-at": "/home/ubuntu/temporal-investigation-20260909/restart-20260909-1600/source-reset/chasm/registry.go:361"}
2026-09-10T01:26:09.972Z	info	creating new visibility manager	{"visibility_plugin_name": "sqlite", "visibility_index_name": "/tmp/test_a095d1bea229465f94c033b9", "logging-call-at": "/home/ubuntu/temporal-investigation-20260909/restart-20260909-1600/source-reset/common/persistence/visibility/factory.go:145"}
2026-09-10T01:26:09.973Z	info	Initialized service resolver for persistence rate limiting	{"service": "frontend", "logging-call-at": "/home/ubuntu/temporal-investigation-20260909/restart-20260909-1600/source-reset/service/fx.go:76"}
2026-09-10T01:26:09.973Z	info	Quota changed	{"component": "rpc-handler", "current-quota": null, "new-quota": 3000, "scope": "host", "service": "frontend", "logging-call-at": "/home/ubuntu/temporal-investigation-20260909/restart-20260909-1600/source-reset/common/quotas/calculator/logged_calculator.go:100"}
2026-09-10T01:26:09.973Z	info	Created gRPC listener	{"service": "frontend", "address": "127.0.0.1:46173", "logging-call-at": "/home/ubuntu/temporal-investigation-20260909/restart-20260909-1600/source-reset/common/rpc/rpc.go:209"}
2026-09-10T01:26:09.974Z	info	Service is not requested, skipping initialization.	{"service": "internal-frontend", "logging-call-at": "/home/ubuntu/temporal-investigation-20260909/restart-20260909-1600/source-reset/temporal/fx.go:590"}
2026-09-10T01:26:09.974Z	info	Service is not requested, skipping initialization.	{"service": "worker", "logging-call-at": "/home/ubuntu/temporal-investigation-20260909/restart-20260909-1600/source-reset/temporal/fx.go:628"}
2026-09-10T01:26:09.974Z	info	PProf not started due to port not set	{"logging-call-at": "/home/ubuntu/temporal-investigation-20260909/restart-20260909-1600/source-reset/common/pprof/pprof.go:44"}
2026-09-10T01:26:09.974Z	info	Starting server for services	{"value": {"frontend":{},"history":{},"matching":{}}, "logging-call-at": "/home/ubuntu/temporal-investigation-20260909/restart-20260909-1600/source-reset/temporal/server_impl.go:89"}
2026-09-10T01:26:09.975Z	debug	archival:
    history:
        enableRead: false
        provider: null
        state: ""
    visibility:
        enableRead: false
        provider: null
        state: ""
clusterMetadata:
    clusterInformation:
        active:
            enabled: true
            httpAddress: 127.0.0.1:7144
            initialFailoverVersion: 1
            rpcAddress: 127.0.0.1:7134
    currentClusterName: active
    enableGlobalNamespace: false
    failoverVersionIncrement: 10
    masterClusterName: active
    tags: {}
dcRedirectionPolicy:
    policy: ""
dynamicConfigClient: null
global:
    authorization:
        audience: ""
        authExtraHeaderName: ""
        authHeaderName: ""
        authorizer: ""
        claimMapper: ""
        jwtKeyProvider:
            keySourceURIs: []
            refreshInterval: 0s
        permissionsClaimName: ""
        permissionsRegex: ""
        remoteClusterAuth:
            require: false
    membership:
        broadcastAddress: ""
        maxJoinDuration: 1s
    metrics: null
    pprof:
        host: ""
        port: 0
    tls:
        expirationChecks:
            checkInterval: 0s
            errorWindow: 0s
            warningWindow: 0s
        frontend:
            client:
                disableHostVerification: false
                forceTLS: false
                rootCaData: []
                rootCaFiles: []
                serverName: ""
            hostOverrides: {}
            server:
                certData: ""
                certFile: ""
                clientCaData: []
                clientCaFiles: []
                keyData: '******'
                keyFile: ""
                requireClientAuth: false
        internode:
            client:
                disableHostVerification: false
                forceTLS: false
                rootCaData: []
                rootCaFiles: []
                serverName: ""
            hostOverrides: {}
            server:
                certData: ""
                certFile: ""
                clientCaData: []
                clientCaFiles: []
                keyData: '******'
                keyFile: ""
                requireClientAuth: false
        refreshInterval: 0s
        remoteClusters: {}
        systemWorker:
            certData: ""
            certFile: ""
            client:
                disableHostVerification: false
                forceTLS: false
                rootCaData: []
                rootCaFiles: []
                serverName: ""
            keyData: '******'
            keyFile: ""
log:
    development: false
    format: ""
    level: ""
    outputFile: ""
    stdout: false
namespaceDefaults:
    archival:
        history:
            URI: ""
            state: ""
        visibility:
            URI: ""
            state: ""
otel: {}
persistence:
    datastores:
        test:
            cassandra: null
            customDatastore: null
            elasticsearch: null
            faultInjection: null
            sql:
                connectAddr: 127.0.0.1:0
                connectAttributes:
                    busy_timeout: "30000"
                    cache: shared
                    journal_mode: wal
                    synchronous: normal
                connectProtocol: tcp
                databaseName: /tmp/test_a095d1bea229465f94c033b9
                maxConnLifetime: 0s
                maxConns: 0
                maxIdleConns: 0
                password: '******'
                passwordCommand: null
                pluginName: sqlite
                taskScanPartitions: 4
                tls: null
                user: ""
    defaultStore: test
    numHistoryShards: 4
    secondaryVisibilityStore: ""
    visibilityStore: test
publicClient:
    forceTLSConfig: ""
    hostPort: ""
    httpHostPort: ""
services:
    frontend:
        rpc:
            bindOnIP: 127.0.0.1
            bindOnLocalHost: false
            clientConnectionConfig:
                keepAliveClientParameters: null
            grpcPort: 46173
            httpAdditionalForwardedHeaders:
                - this-header-forwarded
                - this-header-prefix-forwarded-*
            httpPort: 35141
            keepAliveServerConfig:
                keepAliveEnforcementPolicy: null
                keepAliveServerParameters: null
            membershipPort: 0
    history:
        rpc:
            bindOnIP: 127.0.0.1
            bindOnLocalHost: false
            clientConnectionConfig:
                keepAliveClientParameters: null
            grpcPort: 35325
            httpAdditionalForwardedHeaders: []
            httpPort: 0
            keepAliveServerConfig:
                keepAliveEnforcementPolicy: null
                keepAliveServerParameters: null
            membershipPort: 0
    matching:
        rpc:
            bindOnIP: 127.0.0.1
            bindOnLocalHost: false
            clientConnectionConfig:
                keepAliveClientParameters: null
            grpcPort: 39933
            httpAdditionalForwardedHeaders: []
            httpPort: 0
            keepAliveServerConfig:
                keepAliveEnforcementPolicy: null
                keepAliveServerParameters: null
            membershipPort: 0
visibility:
    persistenceCustomSearchAttributes: {}
	{"logging-call-at": "/home/ubuntu/temporal-investigation-20260909/restart-20260909-1600/source-reset/temporal/server_impl.go:90"}
2026-09-10T01:26:09.975Z	info	Watch not supported by persistence, namespace registry will use polling	{"service": "matching", "logging-call-at": "/home/ubuntu/temporal-investigation-20260909/restart-20260909-1600/source-reset/common/namespace/nsregistry/registry.go:234"}
2026-09-10T01:26:09.976Z	info	RuntimeMetricsReporter started	{"service": "matching", "logging-call-at": "/home/ubuntu/temporal-investigation-20260909/restart-20260909-1600/source-reset/common/metrics/runtime.go:121"}
2026-09-10T01:26:09.976Z	info	matching starting	{"service": "matching", "logging-call-at": "/home/ubuntu/temporal-investigation-20260909/restart-20260909-1600/source-reset/service/matching/service.go:63"}
2026-09-10T01:26:09.976Z	info	Starting to serve on matching listener	{"service": "matching", "logging-call-at": "/home/ubuntu/temporal-investigation-20260909/restart-20260909-1600/source-reset/service/matching/service.go:77"}
2026-09-10T01:26:09.976Z	info	Update worker pool size	{"key": "worker-pool-size", "value": 64, "logging-call-at": "/home/ubuntu/temporal-investigation-20260909/restart-20260909-1600/source-reset/common/tasks/sequential_scheduler.go:228"}
2026-09-10T01:26:09.976Z	info	sequential scheduler started	{"logging-call-at": "/home/ubuntu/temporal-investigation-20260909/restart-20260909-1600/source-reset/common/tasks/sequential_scheduler.go:81"}
2026-09-10T01:26:09.976Z	info	interleaved weighted round robin task scheduler started	{"logging-call-at": "/home/ubuntu/temporal-investigation-20260909/restart-20260909-1600/source-reset/common/tasks/interleaved_weighted_round_robin.go:116"}
2026-09-10T01:26:09.976Z	info	Update worker pool size	{"key": "worker-pool-size", "value": 64, "logging-call-at": "/home/ubuntu/temporal-investigation-20260909/restart-20260909-1600/source-reset/common/tasks/sequential_scheduler.go:228"}
2026-09-10T01:26:09.976Z	info	sequential scheduler started	{"logging-call-at": "/home/ubuntu/temporal-investigation-20260909/restart-20260909-1600/source-reset/common/tasks/sequential_scheduler.go:81"}
2026-09-10T01:26:09.976Z	info	interleaved weighted round robin task scheduler started	{"logging-call-at": "/home/ubuntu/temporal-investigation-20260909/restart-20260909-1600/source-reset/common/tasks/interleaved_weighted_round_robin.go:116"}
2026-09-10T01:26:09.976Z	info	Update worker pool size	{"key": "worker-pool-size", "service": "history", "value": 64, "logging-call-at": "/home/ubuntu/temporal-investigation-20260909/restart-20260909-1600/source-reset/common/tasks/fifo_scheduler.go:138"}
2026-09-10T01:26:09.976Z	info	fifo scheduler started	{"service": "history", "logging-call-at": "/home/ubuntu/temporal-investigation-20260909/restart-20260909-1600/source-reset/common/tasks/fifo_scheduler.go:68"}
2026-09-10T01:26:09.976Z	info	execution queue scheduler started	{"service": "history", "logging-call-at": "/home/ubuntu/temporal-investigation-20260909/restart-20260909-1600/source-reset/common/tasks/execution_queue_scheduler.go:93"}
2026-09-10T01:26:09.976Z	info	interleaved weighted round robin task scheduler started	{"service": "history", "logging-call-at": "/home/ubuntu/temporal-investigation-20260909/restart-20260909-1600/source-reset/common/tasks/interleaved_weighted_round_robin.go:116"}
2026-09-10T01:26:09.976Z	info	Update worker pool size	{"component": "memory-scheduled-queue-processor", "key": "worker-pool-size", "service": "history", "value": 64, "logging-call-at": "/home/ubuntu/temporal-investigation-20260909/restart-20260909-1600/source-reset/common/tasks/fifo_scheduler.go:138"}
2026-09-10T01:26:09.976Z	info	fifo scheduler started	{"component": "memory-scheduled-queue-processor", "service": "history", "logging-call-at": "/home/ubuntu/temporal-investigation-20260909/restart-20260909-1600/source-reset/common/tasks/fifo_scheduler.go:68"}
2026-09-10T01:26:09.976Z	info	Update worker pool size	{"key": "worker-pool-size", "service": "history", "value": 64, "logging-call-at": "/home/ubuntu/temporal-investigation-20260909/restart-20260909-1600/source-reset/common/tasks/fifo_scheduler.go:138"}
2026-09-10T01:26:09.976Z	info	fifo scheduler started	{"service": "history", "logging-call-at": "/home/ubuntu/temporal-investigation-20260909/restart-20260909-1600/source-reset/common/tasks/fifo_scheduler.go:68"}
2026-09-10T01:26:09.976Z	info	execution queue scheduler started	{"service": "history", "logging-call-at": "/home/ubuntu/temporal-investigation-20260909/restart-20260909-1600/source-reset/common/tasks/execution_queue_scheduler.go:93"}
2026-09-10T01:26:09.976Z	info	interleaved weighted round robin task scheduler started	{"service": "history", "logging-call-at": "/home/ubuntu/temporal-investigation-20260909/restart-20260909-1600/source-reset/common/tasks/interleaved_weighted_round_robin.go:116"}
2026-09-10T01:26:09.976Z	info	Update worker pool size	{"key": "worker-pool-size", "service": "history", "value": 64, "logging-call-at": "/home/ubuntu/temporal-investigation-20260909/restart-20260909-1600/source-reset/common/tasks/fifo_scheduler.go:138"}
2026-09-10T01:26:09.976Z	info	fifo scheduler started	{"service": "history", "logging-call-at": "/home/ubuntu/temporal-investigation-20260909/restart-20260909-1600/source-reset/common/tasks/fifo_scheduler.go:68"}
2026-09-10T01:26:09.976Z	info	execution queue scheduler started	{"service": "history", "logging-call-at": "/home/ubuntu/temporal-investigation-20260909/restart-20260909-1600/source-reset/common/tasks/execution_queue_scheduler.go:93"}
2026-09-10T01:26:09.976Z	info	interleaved weighted round robin task scheduler started	{"service": "history", "logging-call-at": "/home/ubuntu/temporal-investigation-20260909/restart-20260909-1600/source-reset/common/tasks/interleaved_weighted_round_robin.go:116"}
2026-09-10T01:26:09.977Z	info	Watch not supported by persistence, namespace registry will use polling	{"service": "history", "logging-call-at": "/home/ubuntu/temporal-investigation-20260909/restart-20260909-1600/source-reset/common/namespace/nsregistry/registry.go:234"}
2026-09-10T01:26:09.977Z	info	RuntimeMetricsReporter started	{"service": "history", "logging-call-at": "/home/ubuntu/temporal-investigation-20260909/restart-20260909-1600/source-reset/common/metrics/runtime.go:121"}
2026-09-10T01:26:09.977Z	info	history starting	{"logging-call-at": "/home/ubuntu/temporal-investigation-20260909/restart-20260909-1600/source-reset/service/history/service.go:69"}
2026-09-10T01:26:09.977Z	info	Replication task fetchers started.	{"logging-call-at": "/home/ubuntu/temporal-investigation-20260909/restart-20260909-1600/source-reset/service/history/replication/task_fetcher.go:117"}
2026-09-10T01:26:09.977Z	info	StreamReceiverMonitor started.	{"logging-call-at": "/home/ubuntu/temporal-investigation-20260909/restart-20260909-1600/source-reset/service/history/replication/stream_receiver_monitor.go:87"}
2026-09-10T01:26:09.977Z	info	none	{"address": "127.0.0.1:35325", "component": "shard-controller", "lifecycle": "Started", "logging-call-at": "/home/ubuntu/temporal-investigation-20260909/restart-20260909-1600/source-reset/service/history/shard/controller_impl.go:112"}
2026-09-10T01:26:09.977Z	info	none	{"address": "127.0.0.1:35325", "component": "shard-controller", "number-changed": 0, "number-deleted": 0, "number-processed": 1, "shard-update": "RingMembershipChangedEvent", "logging-call-at": "/home/ubuntu/temporal-investigation-20260909/restart-20260909-1600/source-reset/service/history/shard/ownership.go:92"}
2026-09-10T01:26:09.977Z	info	Starting to serve on history listener	{"logging-call-at": "/home/ubuntu/temporal-investigation-20260909/restart-20260909-1600/source-reset/service/history/service.go:95"}
2026-09-10T01:26:09.977Z	info	none	{"address": "127.0.0.1:35325", "component": "shard-context", "lifecycle": "Started", "shard-id": 1, "logging-call-at": "/home/ubuntu/temporal-investigation-20260909/restart-20260909-1600/source-reset/service/history/shard/context_impl.go:1721"}
2026-09-10T01:26:09.977Z	info	none	{"address": "127.0.0.1:35325", "component": "shard-controller", "numShards": 1, "logging-call-at": "/home/ubuntu/temporal-investigation-20260909/restart-20260909-1600/source-reset/service/history/shard/controller_impl.go:265"}
2026-09-10T01:26:09.977Z	info	Watch not supported by persistence, namespace registry will use polling	{"service": "frontend", "logging-call-at": "/home/ubuntu/temporal-investigation-20260909/restart-20260909-1600/source-reset/common/namespace/nsregistry/registry.go:234"}
2026-09-10T01:26:09.977Z	info	none	{"address": "127.0.0.1:35325", "component": "shard-context", "lifecycle": "Started", "shard-id": 3, "logging-call-at": "/home/ubuntu/temporal-investigation-20260909/restart-20260909-1600/source-reset/service/history/shard/context_impl.go:1721"}
2026-09-10T01:26:09.977Z	info	none	{"address": "127.0.0.1:35325", "component": "shard-controller", "numShards": 2, "logging-call-at": "/home/ubuntu/temporal-investigation-20260909/restart-20260909-1600/source-reset/service/history/shard/controller_impl.go:265"}
2026-09-10T01:26:09.977Z	info	none	{"address": "127.0.0.1:35325", "component": "shard-context", "lifecycle": "Started", "shard-id": 2, "logging-call-at": "/home/ubuntu/temporal-investigation-20260909/restart-20260909-1600/source-reset/service/history/shard/context_impl.go:1721"}
2026-09-10T01:26:09.977Z	info	none	{"address": "127.0.0.1:35325", "component": "shard-controller", "numShards": 3, "logging-call-at": "/home/ubuntu/temporal-investigation-20260909/restart-20260909-1600/source-reset/service/history/shard/controller_impl.go:265"}
2026-09-10T01:26:09.978Z	info	RuntimeMetricsReporter started	{"service": "frontend", "logging-call-at": "/home/ubuntu/temporal-investigation-20260909/restart-20260909-1600/source-reset/common/metrics/runtime.go:121"}
2026-09-10T01:26:09.978Z	info	none	{"address": "127.0.0.1:35325", "component": "shard-context", "lifecycle": "Started", "shard-id": 4, "logging-call-at": "/home/ubuntu/temporal-investigation-20260909/restart-20260909-1600/source-reset/service/history/shard/context_impl.go:1721"}
2026-09-10T01:26:09.978Z	info	frontend starting	{"service": "frontend", "logging-call-at": "/home/ubuntu/temporal-investigation-20260909/restart-20260909-1600/source-reset/service/frontend/service.go:515"}
2026-09-10T01:26:09.978Z	info	none	{"address": "127.0.0.1:35325", "component": "shard-controller", "numShards": 4, "logging-call-at": "/home/ubuntu/temporal-investigation-20260909/restart-20260909-1600/source-reset/service/history/shard/controller_impl.go:265"}
2026-09-10T01:26:09.978Z	info	Frontend is now healthy	{"service": "frontend", "logging-call-at": "/home/ubuntu/temporal-investigation-20260909/restart-20260909-1600/source-reset/service/frontend/workflow_handler.go:419"}
2026-09-10T01:26:09.978Z	info	ContextMetadataInterceptor: No metadata in context, not setting trailer	{"fullMethod": "/temporal.server.api.matchingservice.v1.MatchingService/ListNexusEndpoints", "logging-call-at": "/home/ubuntu/temporal-investigation-20260909/restart-20260909-1600/source-reset/common/log/throttle_logger.go:44"}
2026-09-10T01:26:09.978Z	info	Starting to serve on frontend listener	{"service": "frontend", "logging-call-at": "/home/ubuntu/temporal-investigation-20260909/restart-20260909-1600/source-reset/service/frontend/service.go:533"}
2026-09-10T01:26:09.978Z	info	TrailerToContextMetadataInterceptor: No metadata in trailer	{"contextWrapped": false, "method": "/temporal.server.api.matchingservice.v1.MatchingService/ListNexusEndpoints", "service": "frontend", "logging-call-at": "/home/ubuntu/temporal-investigation-20260909/restart-20260909-1600/source-reset/common/log/throttle_logger.go:44"}
2026-09-10T01:26:09.978Z	info	TrailerToContextMetadataInterceptor: No metadata in trailer	{"contextWrapped": false, "method": "/temporal.server.api.matchingservice.v1.MatchingService/ListNexusEndpoints", "service": "history", "logging-call-at": "/home/ubuntu/temporal-investigation-20260909/restart-20260909-1600/source-reset/common/log/throttle_logger.go:44"}
2026-09-10T01:26:09.979Z	info	Range updated for shardID	{"address": "127.0.0.1:35325", "previous-shard-range-id": 0, "shard-id": 4, "shard-range-id": 1, "logging-call-at": "/home/ubuntu/temporal-investigation-20260909/restart-20260909-1600/source-reset/service/history/shard/context_impl.go:1199"}
2026-09-10T01:26:09.979Z	info	Task key range updated	{"address": "127.0.0.1:35325", "next-number": 2097152, "number": 1048576, "shard-id": 4, "logging-call-at": "/home/ubuntu/temporal-investigation-20260909/restart-20260909-1600/source-reset/service/history/shard/task_key_generator.go:155"}
2026-09-10T01:26:09.979Z	info	Acquired shard	{"address": "127.0.0.1:35325", "shard-id": 4, "logging-call-at": "/home/ubuntu/temporal-investigation-20260909/restart-20260909-1600/source-reset/service/history/shard/context_impl.go:2084"}
2026-09-10T01:26:09.979Z	info	none	{"address": "127.0.0.1:35325", "component": "shard-engine", "lifecycle": "Starting", "shard-id": 4, "logging-call-at": "/home/ubuntu/temporal-investigation-20260909/restart-20260909-1600/source-reset/service/history/shard/context_impl.go:1562"}
2026-09-10T01:26:09.979Z	info	none	{"address": "127.0.0.1:35325", "component": "history-engine", "lifecycle": "Starting", "shard-id": 4, "logging-call-at": "/home/ubuntu/temporal-investigation-20260909/restart-20260909-1600/source-reset/service/history/history_engine.go:386"}
2026-09-10T01:26:09.979Z	info	none	{"address": "127.0.0.1:35325", "component": "outbound-queue-processor", "lifecycle": "Starting", "shard-id": 4, "logging-call-at": "/home/ubuntu/temporal-investigation-20260909/restart-20260909-1600/source-reset/service/history/queues/queue_immediate.go:96"}
2026-09-10T01:26:09.979Z	info	Task rescheduler started.	{"address": "127.0.0.1:35325", "component": "outbound-queue-processor", "lifecycle": "Started", "shard-id": 4, "logging-call-at": "/home/ubuntu/temporal-investigation-20260909/restart-20260909-1600/source-reset/service/history/queues/rescheduler.go:102"}
2026-09-10T01:26:09.979Z	info	none	{"address": "127.0.0.1:35325", "component": "outbound-queue-processor", "lifecycle": "Started", "shard-id": 4, "logging-call-at": "/home/ubuntu/temporal-investigation-20260909/restart-20260909-1600/source-reset/service/history/queues/queue_immediate.go:105"}
2026-09-10T01:26:09.979Z	info	none	{"address": "127.0.0.1:35325", "component": "visibility-queue-processor", "lifecycle": "Starting", "shard-id": 4, "logging-call-at": "/home/ubuntu/temporal-investigation-20260909/restart-20260909-1600/source-reset/service/history/queues/queue_immediate.go:96"}
2026-09-10T01:26:09.979Z	info	Task rescheduler started.	{"address": "127.0.0.1:35325", "component": "visibility-queue-processor", "lifecycle": "Started", "shard-id": 4, "logging-call-at": "/home/ubuntu/temporal-investigation-20260909/restart-20260909-1600/source-reset/service/history/queues/rescheduler.go:102"}
2026-09-10T01:26:09.979Z	info	Range updated for shardID	{"address": "127.0.0.1:35325", "previous-shard-range-id": 0, "shard-id": 3, "shard-range-id": 1, "logging-call-at": "/home/ubuntu/temporal-investigation-20260909/restart-20260909-1600/source-reset/service/history/shard/context_impl.go:1199"}
2026-09-10T01:26:09.979Z	info	Task key range updated	{"address": "127.0.0.1:35325", "next-number": 2097152, "number": 1048576, "shard-id": 3, "logging-call-at": "/home/ubuntu/temporal-investigation-20260909/restart-20260909-1600/source-reset/service/history/shard/task_key_generator.go:155"}
2026-09-10T01:26:09.979Z	info	queue reader started	{"address": "127.0.0.1:35325", "component": "outbound-queue-processor", "lifecycle": "Started", "queue-reader-id": 0, "shard-id": 4, "logging-call-at": "/home/ubuntu/temporal-investigation-20260909/restart-20260909-1600/source-reset/service/history/queues/reader.go:158"}
2026-09-10T01:26:09.979Z	info	queue reader started	{"address": "127.0.0.1:35325", "component": "visibility-queue-processor", "lifecycle": "Started", "queue-reader-id": 0, "shard-id": 4, "logging-call-at": "/home/ubuntu/temporal-investigation-20260909/restart-20260909-1600/source-reset/service/history/queues/reader.go:158"}
2026-09-10T01:26:09.979Z	info	Acquired shard	{"address": "127.0.0.1:35325", "shard-id": 3, "logging-call-at": "/home/ubuntu/temporal-investigation-20260909/restart-20260909-1600/source-reset/service/history/shard/context_impl.go:2084"}
2026-09-10T01:26:09.979Z	info	none	{"address": "127.0.0.1:35325", "component": "shard-engine", "lifecycle": "Starting", "shard-id": 3, "logging-call-at": "/home/ubuntu/temporal-investigation-20260909/restart-20260909-1600/source-reset/service/history/shard/context_impl.go:1562"}
2026-09-10T01:26:09.979Z	error	Queue reader unable to retrieve tasks	{"address": "127.0.0.1:35325", "component": "visibility-queue-processor", "error": "shard status unknown", "queue-reader-id": 0, "shard-id": 4, "logging-call-at": "/home/ubuntu/temporal-investigation-20260909/restart-20260909-1600/source-reset/service/history/queues/reader.go:457"}
go.temporal.io/server/common/log.(*zapLogger).Error
	/home/ubuntu/temporal-investigation-20260909/restart-20260909-1600/source-reset/common/log/zap_logger.go:191
go.temporal.io/server/common/testing/testlogger.(*TestLogger).Error
	/home/ubuntu/temporal-investigation-20260909/restart-20260909-1600/source-reset/common/testing/testlogger/testlogger.go:543
go.temporal.io/server/service/history/queues.(*ReaderImpl).loadAndSubmitTasks
	/home/ubuntu/temporal-investigation-20260909/restart-20260909-1600/source-reset/service/history/queues/reader.go:457
go.temporal.io/server/service/history/queues.(*ReaderImpl).eventLoop
	/home/ubuntu/temporal-investigation-20260909/restart-20260909-1600/source-reset/service/history/queues/reader.go:422
2026-09-10T01:26:09.979Z	error	Queue reader unable to retrieve tasks	{"address": "127.0.0.1:35325", "component": "outbound-queue-processor", "error": "shard status unknown", "queue-reader-id": 0, "shard-id": 4, "logging-call-at": "/home/ubuntu/temporal-investigation-20260909/restart-20260909-1600/source-reset/service/history/queues/reader.go:457"}
go.temporal.io/server/common/log.(*zapLogger).Error
	/home/ubuntu/temporal-investigation-20260909/restart-20260909-1600/source-reset/common/log/zap_logger.go:191
go.temporal.io/server/common/testing/testlogger.(*TestLogger).Error
	/home/ubuntu/temporal-investigation-20260909/restart-20260909-1600/source-reset/common/testing/testlogger/testlogger.go:543
go.temporal.io/server/service/history/queues.(*ReaderImpl).loadAndSubmitTasks
	/home/ubuntu/temporal-investigation-20260909/restart-20260909-1600/source-reset/service/history/queues/reader.go:457
go.temporal.io/server/service/history/queues.(*ReaderImpl).eventLoop
	/home/ubuntu/temporal-investigation-20260909/restart-20260909-1600/source-reset/service/history/queues/reader.go:422
2026-09-10T01:26:09.979Z	info	none	{"address": "127.0.0.1:35325", "component": "visibility-queue-processor", "lifecycle": "Started", "shard-id": 4, "logging-call-at": "/home/ubuntu/temporal-investigation-20260909/restart-20260909-1600/source-reset/service/history/queues/queue_immediate.go:105"}
2026-09-10T01:26:09.979Z	info	none	{"address": "127.0.0.1:35325", "component": "timer-queue-processor", "lifecycle": "Starting", "shard-id": 4, "logging-call-at": "/home/ubuntu/temporal-investigation-20260909/restart-20260909-1600/source-reset/service/history/queues/queue_scheduled.go:130"}
2026-09-10T01:26:09.979Z	info	Task rescheduler started.	{"address": "127.0.0.1:35325", "component": "timer-queue-processor", "lifecycle": "Started", "shard-id": 4, "logging-call-at": "/home/ubuntu/temporal-investigation-20260909/restart-20260909-1600/source-reset/service/history/queues/rescheduler.go:102"}
2026-09-10T01:26:09.979Z	info	none	{"address": "127.0.0.1:35325", "component": "timer-queue-processor", "lifecycle": "Started", "shard-id": 4, "logging-call-at": "/home/ubuntu/temporal-investigation-20260909/restart-20260909-1600/source-reset/service/history/queues/queue_scheduled.go:139"}
2026-09-10T01:26:09.979Z	info	none	{"component": "memory-scheduled-queue-processor", "lifecycle": "Starting", "service": "history", "logging-call-at": "/home/ubuntu/temporal-investigation-20260909/restart-20260909-1600/source-reset/service/history/queues/memory_scheduled_queue.go:79"}
2026-09-10T01:26:09.979Z	info	none	{"component": "memory-scheduled-queue-processor", "lifecycle": "Started", "service": "history", "logging-call-at": "/home/ubuntu/temporal-investigation-20260909/restart-20260909-1600/source-reset/service/history/queues/memory_scheduled_queue.go:84"}
2026-09-10T01:26:09.979Z	info	none	{"address": "127.0.0.1:35325", "component": "transfer-queue-processor", "lifecycle": "Starting", "shard-id": 4, "logging-call-at": "/home/ubuntu/temporal-investigation-20260909/restart-20260909-1600/source-reset/service/history/queues/queue_immediate.go:96"}
2026-09-10T01:26:09.979Z	info	none	{"address": "127.0.0.1:35325", "component": "history-engine", "lifecycle": "Starting", "shard-id": 3, "logging-call-at": "/home/ubuntu/temporal-investigation-20260909/restart-20260909-1600/source-reset/service/history/history_engine.go:386"}
2026-09-10T01:26:09.979Z	info	none	{"component": "memory-scheduled-queue-processor", "lifecycle": "Starting", "service": "history", "logging-call-at": "/home/ubuntu/temporal-investigation-20260909/restart-20260909-1600/source-reset/service/history/queues/memory_scheduled_queue.go:79"}
2026-09-10T01:26:09.979Z	info	Task rescheduler started.	{"address": "127.0.0.1:35325", "component": "transfer-queue-processor", "lifecycle": "Started", "shard-id": 4, "logging-call-at": "/home/ubuntu/temporal-investigation-20260909/restart-20260909-1600/source-reset/service/history/queues/rescheduler.go:102"}
2026-09-10T01:26:09.979Z	info	none	{"address": "127.0.0.1:35325", "component": "transfer-queue-processor", "lifecycle": "Started", "shard-id": 4, "logging-call-at": "/home/ubuntu/temporal-investigation-20260909/restart-20260909-1600/source-reset/service/history/queues/queue_immediate.go:105"}
2026-09-10T01:26:09.979Z	info	none	{"address": "127.0.0.1:35325", "component": "history-engine", "lifecycle": "Started", "shard-id": 4, "logging-call-at": "/home/ubuntu/temporal-investigation-20260909/restart-20260909-1600/source-reset/service/history/history_engine.go:395"}
2026-09-10T01:26:09.979Z	info	none	{"address": "127.0.0.1:35325", "component": "shard-engine", "lifecycle": "Started", "shard-id": 4, "logging-call-at": "/home/ubuntu/temporal-investigation-20260909/restart-20260909-1600/source-reset/service/history/shard/context_impl.go:1565"}
2026-09-10T01:26:09.979Z	error	Queue reader unable to retrieve tasks	{"address": "127.0.0.1:35325", "component": "timer-queue-processor", "error": "shard status unknown", "queue-reader-id": 0, "shard-id": 4, "logging-call-at": "/home/ubuntu/temporal-investigation-20260909/restart-20260909-1600/source-reset/service/history/queues/reader.go:457"}
go.temporal.io/server/common/log.(*zapLogger).Error
	/home/ubuntu/temporal-investigation-20260909/restart-20260909-1600/source-reset/common/log/zap_logger.go:191
go.temporal.io/server/common/testing/testlogger.(*TestLogger).Error
	/home/ubuntu/temporal-investigation-20260909/restart-20260909-1600/source-reset/common/testing/testlogger/testlogger.go:543
go.temporal.io/server/service/history/queues.(*ReaderImpl).loadAndSubmitTasks
	/home/ubuntu/temporal-investigation-20260909/restart-20260909-1600/source-reset/service/history/queues/reader.go:457
go.temporal.io/server/service/history/queues.(*ReaderImpl).eventLoop
	/home/ubuntu/temporal-investigation-20260909/restart-20260909-1600/source-reset/service/history/queues/reader.go:422
2026-09-10T01:26:09.979Z	info	queue reader started	{"address": "127.0.0.1:35325", "component": "timer-queue-processor", "lifecycle": "Started", "queue-reader-id": 0, "shard-id": 4, "logging-call-at": "/home/ubuntu/temporal-investigation-20260909/restart-20260909-1600/source-reset/service/history/queues/reader.go:158"}
2026-09-10T01:26:09.979Z	info	none	{"component": "memory-scheduled-queue-processor", "lifecycle": "Started", "service": "history", "logging-call-at": "/home/ubuntu/temporal-investigation-20260909/restart-20260909-1600/source-reset/service/history/queues/memory_scheduled_queue.go:84"}
2026-09-10T01:26:09.979Z	info	Range updated for shardID	{"address": "127.0.0.1:35325", "previous-shard-range-id": 0, "shard-id": 1, "shard-range-id": 1, "logging-call-at": "/home/ubuntu/temporal-investigation-20260909/restart-20260909-1600/source-reset/service/history/shard/context_impl.go:1199"}
2026-09-10T01:26:09.979Z	info	none	{"address": "127.0.0.1:35325", "component": "transfer-queue-processor", "lifecycle": "Starting", "shard-id": 3, "logging-call-at": "/home/ubuntu/temporal-investigation-20260909/restart-20260909-1600/source-reset/service/history/queues/queue_immediate.go:96"}
2026-09-10T01:26:09.979Z	info	Task key range updated	{"address": "127.0.0.1:35325", "next-number": 2097152, "number": 1048576, "shard-id": 1, "logging-call-at": "/home/ubuntu/temporal-investigation-20260909/restart-20260909-1600/source-reset/service/history/shard/task_key_generator.go:155"}
2026-09-10T01:26:09.979Z	info	Task rescheduler started.	{"address": "127.0.0.1:35325", "component": "transfer-queue-processor", "lifecycle": "Started", "shard-id": 3, "logging-call-at": "/home/ubuntu/temporal-investigation-20260909/restart-20260909-1600/source-reset/service/history/queues/rescheduler.go:102"}
2026-09-10T01:26:09.979Z	info	Acquired shard	{"address": "127.0.0.1:35325", "shard-id": 1, "logging-call-at": "/home/ubuntu/temporal-investigation-20260909/restart-20260909-1600/source-reset/service/history/shard/context_impl.go:2084"}
2026-09-10T01:26:09.979Z	info	queue reader started	{"address": "127.0.0.1:35325", "component": "transfer-queue-processor", "lifecycle": "Started", "queue-reader-id": 0, "shard-id": 4, "logging-call-at": "/home/ubuntu/temporal-investigation-20260909/restart-20260909-1600/source-reset/service/history/queues/reader.go:158"}
2026-09-10T01:26:09.979Z	info	none	{"address": "127.0.0.1:35325", "component": "shard-engine", "lifecycle": "Starting", "shard-id": 1, "logging-call-at": "/home/ubuntu/temporal-investigation-20260909/restart-20260909-1600/source-reset/service/history/shard/context_impl.go:1562"}
2026-09-10T01:26:09.979Z	info	queue reader started	{"address": "127.0.0.1:35325", "component": "transfer-queue-processor", "lifecycle": "Started", "queue-reader-id": 0, "shard-id": 3, "logging-call-at": "/home/ubuntu/temporal-investigation-20260909/restart-20260909-1600/source-reset/service/history/queues/reader.go:158"}
2026-09-10T01:26:09.979Z	info	none	{"address": "127.0.0.1:35325", "component": "transfer-queue-processor", "lifecycle": "Started", "shard-id": 3, "logging-call-at": "/home/ubuntu/temporal-investigation-20260909/restart-20260909-1600/source-reset/service/history/queues/queue_immediate.go:105"}
2026-09-10T01:26:09.979Z	info	none	{"address": "127.0.0.1:35325", "component": "outbound-queue-processor", "lifecycle": "Starting", "shard-id": 3, "logging-call-at": "/home/ubuntu/temporal-investigation-20260909/restart-20260909-1600/source-reset/service/history/queues/queue_immediate.go:96"}
2026-09-10T01:26:09.979Z	error	Queue reader unable to retrieve tasks	{"address": "127.0.0.1:35325", "component": "transfer-queue-processor", "error": "shard status unknown", "queue-reader-id": 0, "shard-id": 3, "logging-call-at": "/home/ubuntu/temporal-investigation-20260909/restart-20260909-1600/source-reset/service/history/queues/reader.go:457"}
go.temporal.io/server/common/log.(*zapLogger).Error
	/home/ubuntu/temporal-investigation-20260909/restart-20260909-1600/source-reset/common/log/zap_logger.go:191
go.temporal.io/server/common/testing/testlogger.(*TestLogger).Error
	/home/ubuntu/temporal-investigation-20260909/restart-20260909-1600/source-reset/common/testing/testlogger/testlogger.go:543
go.temporal.io/server/service/history/queues.(*ReaderImpl).loadAndSubmitTasks
	/home/ubuntu/temporal-investigation-20260909/restart-20260909-1600/source-reset/service/history/queues/reader.go:457
go.temporal.io/server/service/history/queues.(*ReaderImpl).eventLoop
	/home/ubuntu/temporal-investigation-20260909/restart-20260909-1600/source-reset/service/history/queues/reader.go:422
2026-09-10T01:26:09.979Z	info	Task rescheduler started.	{"address": "127.0.0.1:35325", "component": "outbound-queue-processor", "lifecycle": "Started", "shard-id": 3, "logging-call-at": "/home/ubuntu/temporal-investigation-20260909/restart-20260909-1600/source-reset/service/history/queues/rescheduler.go:102"}
2026-09-10T01:26:09.979Z	info	none	{"address": "127.0.0.1:35325", "component": "outbound-queue-processor", "lifecycle": "Started", "shard-id": 3, "logging-call-at": "/home/ubuntu/temporal-investigation-20260909/restart-20260909-1600/source-reset/service/history/queues/queue_immediate.go:105"}
2026-09-10T01:26:09.979Z	info	none	{"address": "127.0.0.1:35325", "component": "visibility-queue-processor", "lifecycle": "Starting", "shard-id": 3, "logging-call-at": "/home/ubuntu/temporal-investigation-20260909/restart-20260909-1600/source-reset/service/history/queues/queue_immediate.go:96"}
2026-09-10T01:26:09.979Z	info	Task rescheduler started.	{"address": "127.0.0.1:35325", "component": "visibility-queue-processor", "lifecycle": "Started", "shard-id": 3, "logging-call-at": "/home/ubuntu/temporal-investigation-20260909/restart-20260909-1600/source-reset/service/history/queues/rescheduler.go:102"}
2026-09-10T01:26:09.979Z	info	none	{"address": "127.0.0.1:35325", "component": "history-engine", "lifecycle": "Starting", "shard-id": 1, "logging-call-at": "/home/ubuntu/temporal-investigation-20260909/restart-20260909-1600/source-reset/service/history/history_engine.go:386"}
2026-09-10T01:26:09.979Z	info	none	{"address": "127.0.0.1:35325", "component": "visibility-queue-processor", "lifecycle": "Started", "shard-id": 3, "logging-call-at": "/home/ubuntu/temporal-investigation-20260909/restart-20260909-1600/source-reset/service/history/queues/queue_immediate.go:105"}
2026-09-10T01:26:09.979Z	info	Range updated for shardID	{"address": "127.0.0.1:35325", "previous-shard-range-id": 0, "shard-id": 2, "shard-range-id": 1, "logging-call-at": "/home/ubuntu/temporal-investigation-20260909/restart-20260909-1600/source-reset/service/history/shard/context_impl.go:1199"}
2026-09-10T01:26:09.979Z	error	Queue reader unable to retrieve tasks	{"address": "127.0.0.1:35325", "component": "outbound-queue-processor", "error": "shard status unknown", "queue-reader-id": 0, "shard-id": 3, "logging-call-at": "/home/ubuntu/temporal-investigation-20260909/restart-20260909-1600/source-reset/service/history/queues/reader.go:457"}
go.temporal.io/server/common/log.(*zapLogger).Error
	/home/ubuntu/temporal-investigation-20260909/restart-20260909-1600/source-reset/common/log/zap_logger.go:191
go.temporal.io/server/common/testing/testlogger.(*TestLogger).Error
	/home/ubuntu/temporal-investigation-20260909/restart-20260909-1600/source-reset/common/testing/testlogger/testlogger.go:543
go.temporal.io/server/service/history/queues.(*ReaderImpl).loadAndSubmitTasks
	/home/ubuntu/temporal-investigation-20260909/restart-20260909-1600/source-reset/service/history/queues/reader.go:457
go.temporal.io/server/service/history/queues.(*ReaderImpl).eventLoop
	/home/ubuntu/temporal-investigation-20260909/restart-20260909-1600/source-reset/service/history/queues/reader.go:422
2026-09-10T01:26:09.979Z	debug	Frontend method invoked.	{"wf-namespace": "namespace-ba7a88e7-aeae-4c7e-aa0e-38bbaa7e9a7b", "operation": "DescribeNamespace", "server-name": "", "cert-thumbprint": "", "logging-call-at": "/home/ubuntu/temporal-investigation-20260909/restart-20260909-1600/source-reset/common/rpc/interceptor/namespace_logger.go:53"}
2026-09-10T01:26:09.979Z	info	Task key range updated	{"address": "127.0.0.1:35325", "next-number": 2097152, "number": 1048576, "shard-id": 2, "logging-call-at": "/home/ubuntu/temporal-investigation-20260909/restart-20260909-1600/source-reset/service/history/shard/task_key_generator.go:155"}
2026-09-10T01:26:09.979Z	info	Quota changed	{"component": "rpc-handler", "current-quota": null, "new-quota": 2400, "scope": "namespace", "service": "frontend", "wf-namespace": "namespace-ba7a88e7-aeae-4c7e-aa0e-38bbaa7e9a7b", "logging-call-at": "/home/ubuntu/temporal-investigation-20260909/restart-20260909-1600/source-reset/common/quotas/calculator/logged_calculator.go:100"}
2026-09-10T01:26:09.979Z	info	none	{"address": "127.0.0.1:35325", "component": "timer-queue-processor", "lifecycle": "Starting", "shard-id": 3, "logging-call-at": "/home/ubuntu/temporal-investigation-20260909/restart-20260909-1600/source-reset/service/history/queues/queue_scheduled.go:130"}
2026-09-10T01:26:09.979Z	info	Task rescheduler started.	{"address": "127.0.0.1:35325", "component": "timer-queue-processor", "lifecycle": "Started", "shard-id": 3, "logging-call-at": "/home/ubuntu/temporal-investigation-20260909/restart-20260909-1600/source-reset/service/history/queues/rescheduler.go:102"}
2026-09-10T01:26:09.980Z	info	none	{"address": "127.0.0.1:35325", "component": "timer-queue-processor", "lifecycle": "Started", "shard-id": 3, "logging-call-at": "/home/ubuntu/temporal-investigation-20260909/restart-20260909-1600/source-reset/service/history/queues/queue_scheduled.go:139"}
2026-09-10T01:26:09.980Z	info	none	{"address": "127.0.0.1:35325", "component": "history-engine", "lifecycle": "Started", "shard-id": 3, "logging-call-at": "/home/ubuntu/temporal-investigation-20260909/restart-20260909-1600/source-reset/service/history/history_engine.go:395"}
2026-09-10T01:26:09.980Z	info	Quota changed	{"component": "persistence", "current-quota": null, "new-quota": 0, "scope": "namespace", "service": "frontend", "wf-namespace": "namespace-ba7a88e7-aeae-4c7e-aa0e-38bbaa7e9a7b", "logging-call-at": "/home/ubuntu/temporal-investigation-20260909/restart-20260909-1600/source-reset/common/quotas/calculator/logged_calculator.go:100"}
2026-09-10T01:26:09.979Z	info	queue reader started	{"address": "127.0.0.1:35325", "component": "outbound-queue-processor", "lifecycle": "Started", "queue-reader-id": 0, "shard-id": 3, "logging-call-at": "/home/ubuntu/temporal-investigation-20260909/restart-20260909-1600/source-reset/service/history/queues/reader.go:158"}
2026-09-10T01:26:09.979Z	info	queue reader started	{"address": "127.0.0.1:35325", "component": "visibility-queue-processor", "lifecycle": "Started", "queue-reader-id": 0, "shard-id": 3, "logging-call-at": "/home/ubuntu/temporal-investigation-20260909/restart-20260909-1600/source-reset/service/history/queues/reader.go:158"}
2026-09-10T01:26:09.979Z	error	Queue reader unable to retrieve tasks	{"address": "127.0.0.1:35325", "component": "visibility-queue-processor", "error": "shard status unknown", "queue-reader-id": 0, "shard-id": 3, "logging-call-at": "/home/ubuntu/temporal-investigation-20260909/restart-20260909-1600/source-reset/service/history/queues/reader.go:457"}
go.temporal.io/server/common/log.(*zapLogger).Error
	/home/ubuntu/temporal-investigation-20260909/restart-20260909-1600/source-reset/common/log/zap_logger.go:191
go.temporal.io/server/common/testing/testlogger.(*TestLogger).Error
	/home/ubuntu/temporal-investigation-20260909/restart-20260909-1600/source-reset/common/testing/testlogger/testlogger.go:543
go.temporal.io/server/service/history/queues.(*ReaderImpl).loadAndSubmitTasks
	/home/ubuntu/temporal-investigation-20260909/restart-20260909-1600/source-reset/service/history/queues/reader.go:457
go.temporal.io/server/service/history/queues.(*ReaderImpl).eventLoop
	/home/ubuntu/temporal-investigation-20260909/restart-20260909-1600/source-reset/service/history/queues/reader.go:422
2026-09-10T01:26:09.979Z	info	Acquired shard	{"address": "127.0.0.1:35325", "shard-id": 2, "logging-call-at": "/home/ubuntu/temporal-investigation-20260909/restart-20260909-1600/source-reset/service/history/shard/context_impl.go:2084"}
2026-09-10T01:26:09.980Z	info	none	{"address": "127.0.0.1:35325", "component": "shard-engine", "lifecycle": "Starting", "shard-id": 2, "logging-call-at": "/home/ubuntu/temporal-investigation-20260909/restart-20260909-1600/source-reset/service/history/shard/context_impl.go:1562"}
2026-09-10T01:26:09.980Z	info	none	{"address": "127.0.0.1:35325", "component": "shard-engine", "lifecycle": "Started", "shard-id": 3, "logging-call-at": "/home/ubuntu/temporal-investigation-20260909/restart-20260909-1600/source-reset/service/history/shard/context_impl.go:1565"}
2026-09-10T01:26:09.980Z	info	queue reader started	{"address": "127.0.0.1:35325", "component": "timer-queue-processor", "lifecycle": "Started", "queue-reader-id": 0, "shard-id": 3, "logging-call-at": "/home/ubuntu/temporal-investigation-20260909/restart-20260909-1600/source-reset/service/history/queues/reader.go:158"}
2026-09-10T01:26:09.979Z	info	none	{"address": "127.0.0.1:35325", "component": "outbound-queue-processor", "lifecycle": "Starting", "shard-id": 1, "logging-call-at": "/home/ubuntu/temporal-investigation-20260909/restart-20260909-1600/source-reset/service/history/queues/queue_immediate.go:96"}
2026-09-10T01:26:09.980Z	info	Task rescheduler started.	{"address": "127.0.0.1:35325", "component": "outbound-queue-processor", "lifecycle": "Started", "shard-id": 1, "logging-call-at": "/home/ubuntu/temporal-investigation-20260909/restart-20260909-1600/source-reset/service/history/queues/rescheduler.go:102"}
2026-09-10T01:26:09.980Z	info	none	{"address": "127.0.0.1:35325", "component": "outbound-queue-processor", "lifecycle": "Started", "shard-id": 1, "logging-call-at": "/home/ubuntu/temporal-investigation-20260909/restart-20260909-1600/source-reset/service/history/queues/queue_immediate.go:105"}
2026-09-10T01:26:09.980Z	info	none	{"address": "127.0.0.1:35325", "component": "visibility-queue-processor", "lifecycle": "Starting", "shard-id": 1, "logging-call-at": "/home/ubuntu/temporal-investigation-20260909/restart-20260909-1600/source-reset/service/history/queues/queue_immediate.go:96"}
2026-09-10T01:26:09.980Z	info	Task rescheduler started.	{"address": "127.0.0.1:35325", "component": "visibility-queue-processor", "lifecycle": "Started", "shard-id": 1, "logging-call-at": "/home/ubuntu/temporal-investigation-20260909/restart-20260909-1600/source-reset/service/history/queues/rescheduler.go:102"}
2026-09-10T01:26:09.980Z	info	none	{"address": "127.0.0.1:35325", "component": "history-engine", "lifecycle": "Starting", "shard-id": 2, "logging-call-at": "/home/ubuntu/temporal-investigation-20260909/restart-20260909-1600/source-reset/service/history/history_engine.go:386"}
2026-09-10T01:26:09.980Z	info	none	{"component": "memory-scheduled-queue-processor", "lifecycle": "Starting", "service": "history", "logging-call-at": "/home/ubuntu/temporal-investigation-20260909/restart-20260909-1600/source-reset/service/history/queues/memory_scheduled_queue.go:79"}
2026-09-10T01:26:09.980Z	debug	Frontend method invoked.	{"wf-namespace": "namespace-ba7a88e7-aeae-4c7e-aa0e-38bbaa7e9a7b", "operation": "AddSearchAttributes", "server-name": "", "cert-thumbprint": "", "logging-call-at": "/home/ubuntu/temporal-investigation-20260909/restart-20260909-1600/source-reset/common/rpc/interceptor/namespace_logger.go:53"}
2026-09-10T01:26:09.980Z	error	Queue reader unable to retrieve tasks	{"address": "127.0.0.1:35325", "component": "outbound-queue-processor", "error": "shard status unknown", "queue-reader-id": 0, "shard-id": 1, "logging-call-at": "/home/ubuntu/temporal-investigation-20260909/restart-20260909-1600/source-reset/service/history/queues/reader.go:457"}
go.temporal.io/server/common/log.(*zapLogger).Error
	/home/ubuntu/temporal-investigation-20260909/restart-20260909-1600/source-reset/common/log/zap_logger.go:191
go.temporal.io/server/common/testing/testlogger.(*TestLogger).Error
	/home/ubuntu/temporal-investigation-20260909/restart-20260909-1600/source-reset/common/testing/testlogger/testlogger.go:543
go.temporal.io/server/service/history/queues.(*ReaderImpl).loadAndSubmitTasks
	/home/ubuntu/temporal-investigation-20260909/restart-20260909-1600/source-reset/service/history/queues/reader.go:457
go.temporal.io/server/service/history/queues.(*ReaderImpl).eventLoop
	/home/ubuntu/temporal-investigation-20260909/restart-20260909-1600/source-reset/service/history/queues/reader.go:422
2026-09-10T01:26:09.980Z	error	Queue reader unable to retrieve tasks	{"address": "127.0.0.1:35325", "component": "visibility-queue-processor", "error": "shard status unknown", "queue-reader-id": 0, "shard-id": 1, "logging-call-at": "/home/ubuntu/temporal-investigation-20260909/restart-20260909-1600/source-reset/service/history/queues/reader.go:457"}
go.temporal.io/server/common/log.(*zapLogger).Error
	/home/ubuntu/temporal-investigation-20260909/restart-20260909-1600/source-reset/common/log/zap_logger.go:191
go.temporal.io/server/common/testing/testlogger.(*TestLogger).Error
	/home/ubuntu/temporal-investigation-20260909/restart-20260909-1600/source-reset/common/testing/testlogger/testlogger.go:543
go.temporal.io/server/service/history/queues.(*ReaderImpl).loadAndSubmitTasks
	/home/ubuntu/temporal-investigation-20260909/restart-20260909-1600/source-reset/service/history/queues/reader.go:457
go.temporal.io/server/service/history/queues.(*ReaderImpl).eventLoop
	/home/ubuntu/temporal-investigation-20260909/restart-20260909-1600/source-reset/service/history/queues/reader.go:422
2026-09-10T01:26:09.980Z	info	queue reader started	{"address": "127.0.0.1:35325", "component": "outbound-queue-processor", "lifecycle": "Started", "queue-reader-id": 0, "shard-id": 1, "logging-call-at": "/home/ubuntu/temporal-investigation-20260909/restart-20260909-1600/source-reset/service/history/queues/reader.go:158"}
2026-09-10T01:26:09.980Z	info	none	{"component": "memory-scheduled-queue-processor", "lifecycle": "Started", "service": "history", "logging-call-at": "/home/ubuntu/temporal-investigation-20260909/restart-20260909-1600/source-reset/service/history/queues/memory_scheduled_queue.go:84"}
2026-09-10T01:26:09.980Z	info	none	{"address": "127.0.0.1:35325", "component": "transfer-queue-processor", "lifecycle": "Starting", "shard-id": 2, "logging-call-at": "/home/ubuntu/temporal-investigation-20260909/restart-20260909-1600/source-reset/service/history/queues/queue_immediate.go:96"}
2026-09-10T01:26:09.980Z	info	none	{"address": "127.0.0.1:35325", "component": "visibility-queue-processor", "lifecycle": "Started", "shard-id": 1, "logging-call-at": "/home/ubuntu/temporal-investigation-20260909/restart-20260909-1600/source-reset/service/history/queues/queue_immediate.go:105"}
2026-09-10T01:26:09.980Z	info	none	{"address": "127.0.0.1:35325", "component": "timer-queue-processor", "lifecycle": "Starting", "shard-id": 1, "logging-call-at": "/home/ubuntu/temporal-investigation-20260909/restart-20260909-1600/source-reset/service/history/queues/queue_scheduled.go:130"}
2026-09-10T01:26:09.980Z	info	Task rescheduler started.	{"address": "127.0.0.1:35325", "component": "timer-queue-processor", "lifecycle": "Started", "shard-id": 1, "logging-call-at": "/home/ubuntu/temporal-investigation-20260909/restart-20260909-1600/source-reset/service/history/queues/rescheduler.go:102"}
2026-09-10T01:26:09.980Z	info	none	{"address": "127.0.0.1:35325", "component": "timer-queue-processor", "lifecycle": "Started", "shard-id": 1, "logging-call-at": "/home/ubuntu/temporal-investigation-20260909/restart-20260909-1600/source-reset/service/history/queues/queue_scheduled.go:139"}
2026-09-10T01:26:09.980Z	info	none	{"component": "memory-scheduled-queue-processor", "lifecycle": "Starting", "service": "history", "logging-call-at": "/home/ubuntu/temporal-investigation-20260909/restart-20260909-1600/source-reset/service/history/queues/memory_scheduled_queue.go:79"}
2026-09-10T01:26:09.980Z	info	none	{"component": "memory-scheduled-queue-processor", "lifecycle": "Started", "service": "history", "logging-call-at": "/home/ubuntu/temporal-investigation-20260909/restart-20260909-1600/source-reset/service/history/queues/memory_scheduled_queue.go:84"}
2026-09-10T01:26:09.980Z	info	queue reader started	{"address": "127.0.0.1:35325", "component": "visibility-queue-processor", "lifecycle": "Started", "queue-reader-id": 0, "shard-id": 1, "logging-call-at": "/home/ubuntu/temporal-investigation-20260909/restart-20260909-1600/source-reset/service/history/queues/reader.go:158"}
2026-09-10T01:26:09.980Z	info	Task rescheduler started.	{"address": "127.0.0.1:35325", "component": "transfer-queue-processor", "lifecycle": "Started", "shard-id": 2, "logging-call-at": "/home/ubuntu/temporal-investigation-20260909/restart-20260909-1600/source-reset/service/history/queues/rescheduler.go:102"}
2026-09-10T01:26:09.980Z	info	none	{"address": "127.0.0.1:35325", "component": "transfer-queue-processor", "lifecycle": "Starting", "shard-id": 1, "logging-call-at": "/home/ubuntu/temporal-investigation-20260909/restart-20260909-1600/source-reset/service/history/queues/queue_immediate.go:96"}
2026-09-10T01:26:09.980Z	info	none	{"address": "127.0.0.1:35325", "component": "transfer-queue-processor", "lifecycle": "Started", "shard-id": 2, "logging-call-at": "/home/ubuntu/temporal-investigation-20260909/restart-20260909-1600/source-reset/service/history/queues/queue_immediate.go:105"}
2026-09-10T01:26:09.980Z	info	none	{"address": "127.0.0.1:35325", "component": "outbound-queue-processor", "lifecycle": "Starting", "shard-id": 2, "logging-call-at": "/home/ubuntu/temporal-investigation-20260909/restart-20260909-1600/source-reset/service/history/queues/queue_immediate.go:96"}
2026-09-10T01:26:09.980Z	info	Task rescheduler started.	{"address": "127.0.0.1:35325", "component": "outbound-queue-processor", "lifecycle": "Started", "shard-id": 2, "logging-call-at": "/home/ubuntu/temporal-investigation-20260909/restart-20260909-1600/source-reset/service/history/queues/rescheduler.go:102"}
2026-09-10T01:26:09.980Z	info	Task rescheduler started.	{"address": "127.0.0.1:35325", "component": "transfer-queue-processor", "lifecycle": "Started", "shard-id": 1, "logging-call-at": "/home/ubuntu/temporal-investigation-20260909/restart-20260909-1600/source-reset/service/history/queues/rescheduler.go:102"}
2026-09-10T01:26:09.980Z	info	queue reader started	{"address": "127.0.0.1:35325", "component": "timer-queue-processor", "lifecycle": "Started", "queue-reader-id": 0, "shard-id": 1, "logging-call-at": "/home/ubuntu/temporal-investigation-20260909/restart-20260909-1600/source-reset/service/history/queues/reader.go:158"}
2026-09-10T01:26:09.980Z	info	none	{"address": "127.0.0.1:35325", "component": "transfer-queue-processor", "lifecycle": "Started", "shard-id": 1, "logging-call-at": "/home/ubuntu/temporal-investigation-20260909/restart-20260909-1600/source-reset/service/history/queues/queue_immediate.go:105"}
2026-09-10T01:26:09.980Z	info	queue reader started	{"address": "127.0.0.1:35325", "component": "transfer-queue-processor", "lifecycle": "Started", "queue-reader-id": 0, "shard-id": 1, "logging-call-at": "/home/ubuntu/temporal-investigation-20260909/restart-20260909-1600/source-reset/service/history/queues/reader.go:158"}
2026-09-10T01:26:09.980Z	error	Queue reader unable to retrieve tasks	{"address": "127.0.0.1:35325", "component": "timer-queue-processor", "error": "shard status unknown", "queue-reader-id": 0, "shard-id": 1, "logging-call-at": "/home/ubuntu/temporal-investigation-20260909/restart-20260909-1600/source-reset/service/history/queues/reader.go:457"}
go.temporal.io/server/common/log.(*zapLogger).Error
	/home/ubuntu/temporal-investigation-20260909/restart-20260909-1600/source-reset/common/log/zap_logger.go:191
go.temporal.io/server/common/testing/testlogger.(*TestLogger).Error
	/home/ubuntu/temporal-investigation-20260909/restart-20260909-1600/source-reset/common/testing/testlogger/testlogger.go:543
go.temporal.io/server/service/history/queues.(*ReaderImpl).loadAndSubmitTasks
	/home/ubuntu/temporal-investigation-20260909/restart-20260909-1600/source-reset/service/history/queues/reader.go:457
go.temporal.io/server/service/history/queues.(*ReaderImpl).eventLoop
	/home/ubuntu/temporal-investigation-20260909/restart-20260909-1600/source-reset/service/history/queues/reader.go:422
2026-09-10T01:26:09.980Z	info	queue reader started	{"address": "127.0.0.1:35325", "component": "outbound-queue-processor", "lifecycle": "Started", "queue-reader-id": 0, "shard-id": 2, "logging-call-at": "/home/ubuntu/temporal-investigation-20260909/restart-20260909-1600/source-reset/service/history/queues/reader.go:158"}
2026-09-10T01:26:09.980Z	error	Queue reader unable to retrieve tasks	{"address": "127.0.0.1:35325", "component": "transfer-queue-processor", "error": "shard status unknown", "queue-reader-id": 0, "shard-id": 2, "logging-call-at": "/home/ubuntu/temporal-investigation-20260909/restart-20260909-1600/source-reset/service/history/queues/reader.go:457"}
go.temporal.io/server/common/log.(*zapLogger).Error
	/home/ubuntu/temporal-investigation-20260909/restart-20260909-1600/source-reset/common/log/zap_logger.go:191
go.temporal.io/server/common/testing/testlogger.(*TestLogger).Error
	/home/ubuntu/temporal-investigation-20260909/restart-20260909-1600/source-reset/common/testing/testlogger/testlogger.go:543
go.temporal.io/server/service/history/queues.(*ReaderImpl).loadAndSubmitTasks
	/home/ubuntu/temporal-investigation-20260909/restart-20260909-1600/source-reset/service/history/queues/reader.go:457
go.temporal.io/server/service/history/queues.(*ReaderImpl).eventLoop
	/home/ubuntu/temporal-investigation-20260909/restart-20260909-1600/source-reset/service/history/queues/reader.go:422
2026-09-10T01:26:09.980Z	error	Queue reader unable to retrieve tasks	{"address": "127.0.0.1:35325", "component": "transfer-queue-processor", "error": "shard status unknown", "queue-reader-id": 0, "shard-id": 1, "logging-call-at": "/home/ubuntu/temporal-investigation-20260909/restart-20260909-1600/source-reset/service/history/queues/reader.go:457"}
go.temporal.io/server/common/log.(*zapLogger).Error
	/home/ubuntu/temporal-investigation-20260909/restart-20260909-1600/source-reset/common/log/zap_logger.go:191
go.temporal.io/server/common/testing/testlogger.(*TestLogger).Error
	/home/ubuntu/temporal-investigation-20260909/restart-20260909-1600/source-reset/common/testing/testlogger/testlogger.go:543
go.temporal.io/server/service/history/queues.(*ReaderImpl).loadAndSubmitTasks
	/home/ubuntu/temporal-investigation-20260909/restart-20260909-1600/source-reset/service/history/queues/reader.go:457
go.temporal.io/server/service/history/queues.(*ReaderImpl).eventLoop
	/home/ubuntu/temporal-investigation-20260909/restart-20260909-1600/source-reset/service/history/queues/reader.go:422
2026-09-10T01:26:09.980Z	info	none	{"address": "127.0.0.1:35325", "component": "outbound-queue-processor", "lifecycle": "Started", "shard-id": 2, "logging-call-at": "/home/ubuntu/temporal-investigation-20260909/restart-20260909-1600/source-reset/service/history/queues/queue_immediate.go:105"}
2026-09-10T01:26:09.980Z	error	Queue reader unable to retrieve tasks	{"address": "127.0.0.1:35325", "component": "outbound-queue-processor", "error": "shard status unknown", "queue-reader-id": 0, "shard-id": 2, "logging-call-at": "/home/ubuntu/temporal-investigation-20260909/restart-20260909-1600/source-reset/service/history/queues/reader.go:457"}
go.temporal.io/server/common/log.(*zapLogger).Error
	/home/ubuntu/temporal-investigation-20260909/restart-20260909-1600/source-reset/common/log/zap_logger.go:191
go.temporal.io/server/common/testing/testlogger.(*TestLogger).Error
	/home/ubuntu/temporal-investigation-20260909/restart-20260909-1600/source-reset/common/testing/testlogger/testlogger.go:543
go.temporal.io/server/service/history/queues.(*ReaderImpl).loadAndSubmitTasks
	/home/ubuntu/temporal-investigation-20260909/restart-20260909-1600/source-reset/service/history/queues/reader.go:457
go.temporal.io/server/service/history/queues.(*ReaderImpl).eventLoop
	/home/ubuntu/temporal-investigation-20260909/restart-20260909-1600/source-reset/service/history/queues/reader.go:422
2026-09-10T01:26:09.980Z	info	none	{"address": "127.0.0.1:35325", "component": "visibility-queue-processor", "lifecycle": "Starting", "shard-id": 2, "logging-call-at": "/home/ubuntu/temporal-investigation-20260909/restart-20260909-1600/source-reset/service/history/queues/queue_immediate.go:96"}
2026-09-10T01:26:09.980Z	info	Task rescheduler started.	{"address": "127.0.0.1:35325", "component": "visibility-queue-processor", "lifecycle": "Started", "shard-id": 2, "logging-call-at": "/home/ubuntu/temporal-investigation-20260909/restart-20260909-1600/source-reset/service/history/queues/rescheduler.go:102"}
2026-09-10T01:26:09.980Z	info	none	{"address": "127.0.0.1:35325", "component": "visibility-queue-processor", "lifecycle": "Started", "shard-id": 2, "logging-call-at": "/home/ubuntu/temporal-investigation-20260909/restart-20260909-1600/source-reset/service/history/queues/queue_immediate.go:105"}
2026-09-10T01:26:09.980Z	info	none	{"address": "127.0.0.1:35325", "component": "timer-queue-processor", "lifecycle": "Starting", "shard-id": 2, "logging-call-at": "/home/ubuntu/temporal-investigation-20260909/restart-20260909-1600/source-reset/service/history/queues/queue_scheduled.go:130"}
2026-09-10T01:26:09.980Z	info	Task rescheduler started.	{"address": "127.0.0.1:35325", "component": "timer-queue-processor", "lifecycle": "Started", "shard-id": 2, "logging-call-at": "/home/ubuntu/temporal-investigation-20260909/restart-20260909-1600/source-reset/service/history/queues/rescheduler.go:102"}
2026-09-10T01:26:09.980Z	info	none	{"address": "127.0.0.1:35325", "component": "timer-queue-processor", "lifecycle": "Started", "shard-id": 2, "logging-call-at": "/home/ubuntu/temporal-investigation-20260909/restart-20260909-1600/source-reset/service/history/queues/queue_scheduled.go:139"}
2026-09-10T01:26:09.980Z	info	none	{"address": "127.0.0.1:35325", "component": "history-engine", "lifecycle": "Started", "shard-id": 1, "logging-call-at": "/home/ubuntu/temporal-investigation-20260909/restart-20260909-1600/source-reset/service/history/history_engine.go:395"}
2026-09-10T01:26:09.980Z	info	none	{"address": "127.0.0.1:35325", "component": "shard-engine", "lifecycle": "Started", "shard-id": 1, "logging-call-at": "/home/ubuntu/temporal-investigation-20260909/restart-20260909-1600/source-reset/service/history/shard/context_impl.go:1565"}
2026-09-10T01:26:09.980Z	info	queue reader started	{"address": "127.0.0.1:35325", "component": "transfer-queue-processor", "lifecycle": "Started", "queue-reader-id": 0, "shard-id": 2, "logging-call-at": "/home/ubuntu/temporal-investigation-20260909/restart-20260909-1600/source-reset/service/history/queues/reader.go:158"}
2026-09-10T01:26:09.980Z	info	queue reader started	{"address": "127.0.0.1:35325", "component": "visibility-queue-processor", "lifecycle": "Started", "queue-reader-id": 0, "shard-id": 2, "logging-call-at": "/home/ubuntu/temporal-investigation-20260909/restart-20260909-1600/source-reset/service/history/queues/reader.go:158"}
2026-09-10T01:26:09.980Z	info	none	{"address": "127.0.0.1:35325", "component": "history-engine", "lifecycle": "Started", "shard-id": 2, "logging-call-at": "/home/ubuntu/temporal-investigation-20260909/restart-20260909-1600/source-reset/service/history/history_engine.go:395"}
2026-09-10T01:26:09.980Z	error	Queue reader unable to retrieve tasks	{"address": "127.0.0.1:35325", "component": "timer-queue-processor", "error": "shard status unknown", "queue-reader-id": 0, "shard-id": 2, "logging-call-at": "/home/ubuntu/temporal-investigation-20260909/restart-20260909-1600/source-reset/service/history/queues/reader.go:457"}
go.temporal.io/server/common/log.(*zapLogger).Error
	/home/ubuntu/temporal-investigation-20260909/restart-20260909-1600/source-reset/common/log/zap_logger.go:191
go.temporal.io/server/common/testing/testlogger.(*TestLogger).Error
	/home/ubuntu/temporal-investigation-20260909/restart-20260909-1600/source-reset/common/testing/testlogger/testlogger.go:543
go.temporal.io/server/service/history/queues.(*ReaderImpl).loadAndSubmitTasks
	/home/ubuntu/temporal-investigation-20260909/restart-20260909-1600/source-reset/service/history/queues/reader.go:457
go.temporal.io/server/service/history/queues.(*ReaderImpl).eventLoop
	/home/ubuntu/temporal-investigation-20260909/restart-20260909-1600/source-reset/service/history/queues/reader.go:422
2026-09-10T01:26:09.980Z	info	none	{"address": "127.0.0.1:35325", "component": "shard-engine", "lifecycle": "Started", "shard-id": 2, "logging-call-at": "/home/ubuntu/temporal-investigation-20260909/restart-20260909-1600/source-reset/service/history/shard/context_impl.go:1565"}
2026-09-10T01:26:09.980Z	info	queue reader started	{"address": "127.0.0.1:35325", "component": "timer-queue-processor", "lifecycle": "Started", "queue-reader-id": 0, "shard-id": 2, "logging-call-at": "/home/ubuntu/temporal-investigation-20260909/restart-20260909-1600/source-reset/service/history/queues/reader.go:158"}
2026-09-10T01:26:09.980Z	error	Queue reader unable to retrieve tasks	{"address": "127.0.0.1:35325", "component": "visibility-queue-processor", "error": "shard status unknown", "queue-reader-id": 0, "shard-id": 2, "logging-call-at": "/home/ubuntu/temporal-investigation-20260909/restart-20260909-1600/source-reset/service/history/queues/reader.go:457"}
go.temporal.io/server/common/log.(*zapLogger).Error
	/home/ubuntu/temporal-investigation-20260909/restart-20260909-1600/source-reset/common/log/zap_logger.go:191
go.temporal.io/server/common/testing/testlogger.(*TestLogger).Error
	/home/ubuntu/temporal-investigation-20260909/restart-20260909-1600/source-reset/common/testing/testlogger/testlogger.go:543
go.temporal.io/server/service/history/queues.(*ReaderImpl).loadAndSubmitTasks
	/home/ubuntu/temporal-investigation-20260909/restart-20260909-1600/source-reset/service/history/queues/reader.go:457
go.temporal.io/server/service/history/queues.(*ReaderImpl).eventLoop
	/home/ubuntu/temporal-investigation-20260909/restart-20260909-1600/source-reset/service/history/queues/reader.go:422
2026-09-10T01:26:09.980Z	info	initial shards ready	{"address": "127.0.0.1:35325", "component": "shard-controller", "total": 4, "logging-call-at": "/home/ubuntu/temporal-investigation-20260909/restart-20260909-1600/source-reset/service/history/shard/controller_impl.go:511"}
2026-09-10T01:26:09.981Z	debug	Frontend method invoked.	{"wf-namespace": "namespace-ba7a88e7-aeae-4c7e-aa0e-38bbaa7e9a7b", "operation": "DescribeNamespace", "server-name": "", "cert-thumbprint": "", "logging-call-at": "/home/ubuntu/temporal-investigation-20260909/restart-20260909-1600/source-reset/common/rpc/interceptor/namespace_logger.go:53"}
2026-09-10T01:26:09.981Z	debug	Frontend method invoked.	{"wf-namespace": "namespace-ba7a88e7-aeae-4c7e-aa0e-38bbaa7e9a7b", "operation": "UpdateNamespace", "server-name": "", "cert-thumbprint": "", "logging-call-at": "/home/ubuntu/temporal-investigation-20260909/restart-20260909-1600/source-reset/common/rpc/interceptor/namespace_logger.go:53"}
2026-09-10T01:26:09.981Z	info	Quota changed	{"component": "namespace-replication", "current-quota": null, "new-quota": 10, "scope": "namespace", "service": "frontend", "wf-namespace": "namespace-ba7a88e7-aeae-4c7e-aa0e-38bbaa7e9a7b", "logging-call-at": "/home/ubuntu/temporal-investigation-20260909/restart-20260909-1600/source-reset/common/quotas/calculator/logged_calculator.go:100"}
2026-09-10T01:26:09.982Z	info	Update namespace succeeded	{"service": "frontend", "wf-namespace": "namespace-ba7a88e7-aeae-4c7e-aa0e-38bbaa7e9a7b", "wf-namespace-id": "09548aa7-8d4c-4d67-a6b0-0841588d8812", "logging-call-at": "/home/ubuntu/temporal-investigation-20260909/restart-20260909-1600/source-reset/service/frontend/namespace_handler.go:667"}
2026-09-10T01:26:09.982Z	debug	Frontend method invoked.	{"wf-namespace": "namespace-ba7a88e7-aeae-4c7e-aa0e-38bbaa7e9a7b", "operation": "ListSearchAttributes", "server-name": "", "cert-thumbprint": "", "logging-call-at": "/home/ubuntu/temporal-investigation-20260909/restart-20260909-1600/source-reset/common/rpc/interceptor/namespace_logger.go:53"}
2026-09-10T01:26:09.982Z	debug	Frontend method invoked.	{"wf-namespace": "namespace-ba7a88e7-aeae-4c7e-aa0e-38bbaa7e9a7b", "operation": "DescribeNamespace", "server-name": "", "cert-thumbprint": "", "logging-call-at": "/home/ubuntu/temporal-investigation-20260909/restart-20260909-1600/source-reset/common/rpc/interceptor/namespace_logger.go:53"}
2026-09-10T01:26:09.983Z	info	Register namespace succeeded	{"wf-namespace": "namespace-ba7a88e7-aeae-4c7e-aa0e-38bbaa7e9a7b", "wf-namespace-id": "09548aa7-8d4c-4d67-a6b0-0841588d8812", "logging-call-at": "/home/ubuntu/temporal-investigation-20260909/restart-20260909-1600/source-reset/tests/testcore/functional_test_base.go:600"}
2026-09-10T01:26:09.983Z	debug	Frontend method invoked.	{"wf-namespace": "external-namespace-57c8a83a-21be-42d4-87b4-18b957012109", "operation": "DescribeNamespace", "server-name": "", "cert-thumbprint": "", "logging-call-at": "/home/ubuntu/temporal-investigation-20260909/restart-20260909-1600/source-reset/common/rpc/interceptor/namespace_logger.go:53"}
2026-09-10T01:26:09.983Z	info	Quota changed	{"component": "rpc-handler", "current-quota": null, "new-quota": 2400, "scope": "namespace", "service": "frontend", "wf-namespace": "external-namespace-57c8a83a-21be-42d4-87b4-18b957012109", "logging-call-at": "/home/ubuntu/temporal-investigation-20260909/restart-20260909-1600/source-reset/common/quotas/calculator/logged_calculator.go:100"}
2026-09-10T01:26:09.983Z	info	Quota changed	{"component": "persistence", "current-quota": null, "new-quota": 0, "scope": "namespace", "service": "frontend", "wf-namespace": "external-namespace-57c8a83a-21be-42d4-87b4-18b957012109", "logging-call-at": "/home/ubuntu/temporal-investigation-20260909/restart-20260909-1600/source-reset/common/quotas/calculator/logged_calculator.go:100"}
2026-09-10T01:26:09.984Z	debug	Frontend method invoked.	{"wf-namespace": "external-namespace-57c8a83a-21be-42d4-87b4-18b957012109", "operation": "AddSearchAttributes", "server-name": "", "cert-thumbprint": "", "logging-call-at": "/home/ubuntu/temporal-investigation-20260909/restart-20260909-1600/source-reset/common/rpc/interceptor/namespace_logger.go:53"}
2026-09-10T01:26:09.984Z	debug	Frontend method invoked.	{"wf-namespace": "external-namespace-57c8a83a-21be-42d4-87b4-18b957012109", "operation": "DescribeNamespace", "server-name": "", "cert-thumbprint": "", "logging-call-at": "/home/ubuntu/temporal-investigation-20260909/restart-20260909-1600/source-reset/common/rpc/interceptor/namespace_logger.go:53"}
2026-09-10T01:26:09.984Z	debug	Frontend method invoked.	{"wf-namespace": "external-namespace-57c8a83a-21be-42d4-87b4-18b957012109", "operation": "UpdateNamespace", "server-name": "", "cert-thumbprint": "", "logging-call-at": "/home/ubuntu/temporal-investigation-20260909/restart-20260909-1600/source-reset/common/rpc/interceptor/namespace_logger.go:53"}
2026-09-10T01:26:09.984Z	info	Quota changed	{"component": "namespace-replication", "current-quota": null, "new-quota": 10, "scope": "namespace", "service": "frontend", "wf-namespace": "external-namespace-57c8a83a-21be-42d4-87b4-18b957012109", "logging-call-at": "/home/ubuntu/temporal-investigation-20260909/restart-20260909-1600/source-reset/common/quotas/calculator/logged_calculator.go:100"}
2026-09-10T01:26:09.985Z	info	Update namespace succeeded	{"service": "frontend", "wf-namespace": "external-namespace-57c8a83a-21be-42d4-87b4-18b957012109", "wf-namespace-id": "4c7370a4-5e95-4c72-9a32-ccd4aaa342ac", "logging-call-at": "/home/ubuntu/temporal-investigation-20260909/restart-20260909-1600/source-reset/service/frontend/namespace_handler.go:667"}
2026-09-10T01:26:09.985Z	debug	Frontend method invoked.	{"wf-namespace": "external-namespace-57c8a83a-21be-42d4-87b4-18b957012109", "operation": "ListSearchAttributes", "server-name": "", "cert-thumbprint": "", "logging-call-at": "/home/ubuntu/temporal-investigation-20260909/restart-20260909-1600/source-reset/common/rpc/interceptor/namespace_logger.go:53"}
2026-09-10T01:26:09.985Z	debug	Frontend method invoked.	{"wf-namespace": "external-namespace-57c8a83a-21be-42d4-87b4-18b957012109", "operation": "DescribeNamespace", "server-name": "", "cert-thumbprint": "", "logging-call-at": "/home/ubuntu/temporal-investigation-20260909/restart-20260909-1600/source-reset/common/rpc/interceptor/namespace_logger.go:53"}
2026-09-10T01:26:09.986Z	info	Register namespace succeeded	{"wf-namespace": "external-namespace-57c8a83a-21be-42d4-87b4-18b957012109", "wf-namespace-id": "4c7370a4-5e95-4c72-9a32-ccd4aaa342ac", "logging-call-at": "/home/ubuntu/temporal-investigation-20260909/restart-20260909-1600/source-reset/tests/testcore/functional_test_base.go:600"}
2026/09/10 01:26:09 CLUSTEREVENT {"kind":"shared","reason":"shared pool","suite":"TestWorkflowResetTestSuite","test":"TestWorkflowResetTestSuite/TestAnalysisExactResetReplay/same-running/response-lost","worker":false}
    shared_cluster_t.go:72: 2026-09-10T01:26:09.986Z	debug	Frontend method invoked.	{"wf-namespace": "TestWorkflowResetTestSuite-TestAnalysisExactResetReplay-same-running-response-lost-e30f21e0-6979-40c8-87da-0563300b1fe6", "operation": "DescribeNamespace", "server-name": "", "cert-thumbprint": "", "logging-call-at": "/home/ubuntu/temporal-investigation-20260909/restart-20260909-1600/source-reset/common/rpc/interceptor/namespace_logger.go:53"}
    shared_cluster_t.go:72: 2026-09-10T01:26:09.986Z	info	Quota changed	{"component": "rpc-handler", "current-quota": null, "new-quota": 2400, "scope": "namespace", "service": "frontend", "wf-namespace": "TestWorkflowResetTestSuite-TestAnalysisExactResetReplay-same-running-response-lost-e30f21e0-6979-40c8-87da-0563300b1fe6", "logging-call-at": "/home/ubuntu/temporal-investigation-20260909/restart-20260909-1600/source-reset/common/quotas/calculator/logged_calculator.go:100"}
    shared_cluster_t.go:72: 2026-09-10T01:26:09.986Z	info	Quota changed	{"component": "persistence", "current-quota": null, "new-quota": 0, "scope": "namespace", "service": "frontend", "wf-namespace": "TestWorkflowResetTestSuite-TestAnalysisExactResetReplay-same-running-response-lost-e30f21e0-6979-40c8-87da-0563300b1fe6", "logging-call-at": "/home/ubuntu/temporal-investigation-20260909/restart-20260909-1600/source-reset/common/quotas/calculator/logged_calculator.go:100"}
    shared_cluster_t.go:72: 2026-09-10T01:26:09.986Z	debug	Frontend method invoked.	{"wf-namespace": "TestWorkflowResetTestSuite-TestAnalysisExactResetReplay-same-running-response-lost-e30f21e0-6979-40c8-87da-0563300b1fe6", "operation": "AddSearchAttributes", "server-name": "", "cert-thumbprint": "", "logging-call-at": "/home/ubuntu/temporal-investigation-20260909/restart-20260909-1600/source-reset/common/rpc/interceptor/namespace_logger.go:53"}
    shared_cluster_t.go:72: 2026-09-10T01:26:09.987Z	debug	Frontend method invoked.	{"wf-namespace": "TestWorkflowResetTestSuite-TestAnalysisExactResetReplay-same-running-response-lost-e30f21e0-6979-40c8-87da-0563300b1fe6", "operation": "DescribeNamespace", "server-name": "", "cert-thumbprint": "", "logging-call-at": "/home/ubuntu/temporal-investigation-20260909/restart-20260909-1600/source-reset/common/rpc/interceptor/namespace_logger.go:53"}
    shared_cluster_t.go:72: 2026-09-10T01:26:09.987Z	debug	Frontend method invoked.	{"wf-namespace": "TestWorkflowResetTestSuite-TestAnalysisExactResetReplay-same-running-response-lost-e30f21e0-6979-40c8-87da-0563300b1fe6", "operation": "UpdateNamespace", "server-name": "", "cert-thumbprint": "", "logging-call-at": "/home/ubuntu/temporal-investigation-20260909/restart-20260909-1600/source-reset/common/rpc/interceptor/namespace_logger.go:53"}
    shared_cluster_t.go:72: 2026-09-10T01:26:09.987Z	info	Quota changed	{"component": "namespace-replication", "current-quota": null, "new-quota": 10, "scope": "namespace", "service": "frontend", "wf-namespace": "TestWorkflowResetTestSuite-TestAnalysisExactResetReplay-same-running-response-lost-e30f21e0-6979-40c8-87da-0563300b1fe6", "logging-call-at": "/home/ubuntu/temporal-investigation-20260909/restart-20260909-1600/source-reset/common/quotas/calculator/logged_calculator.go:100"}
    shared_cluster_t.go:72: 2026-09-10T01:26:09.988Z	info	Update namespace succeeded	{"service": "frontend", "wf-namespace": "TestWorkflowResetTestSuite-TestAnalysisExactResetReplay-same-running-response-lost-e30f21e0-6979-40c8-87da-0563300b1fe6", "wf-namespace-id": "cc977acc-d9ad-4836-876e-5acf00ae0878", "logging-call-at": "/home/ubuntu/temporal-investigation-20260909/restart-20260909-1600/source-reset/service/frontend/namespace_handler.go:667"}
    shared_cluster_t.go:72: 2026-09-10T01:26:09.988Z	debug	Frontend method invoked.	{"wf-namespace": "TestWorkflowResetTestSuite-TestAnalysisExactResetReplay-same-running-response-lost-e30f21e0-6979-40c8-87da-0563300b1fe6", "operation": "ListSearchAttributes", "server-name": "", "cert-thumbprint": "", "logging-call-at": "/home/ubuntu/temporal-investigation-20260909/restart-20260909-1600/source-reset/common/rpc/interceptor/namespace_logger.go:53"}
    shared_cluster_t.go:72: 2026-09-10T01:26:09.988Z	debug	Frontend method invoked.	{"wf-namespace": "TestWorkflowResetTestSuite-TestAnalysisExactResetReplay-same-running-response-lost-e30f21e0-6979-40c8-87da-0563300b1fe6", "operation": "DescribeNamespace", "server-name": "", "cert-thumbprint": "", "logging-call-at": "/home/ubuntu/temporal-investigation-20260909/restart-20260909-1600/source-reset/common/rpc/interceptor/namespace_logger.go:53"}
    shared_cluster_t.go:72: 2026-09-10T01:26:09.989Z	info	Register namespace succeeded	{"wf-namespace": "TestWorkflowResetTestSuite-TestAnalysisExactResetReplay-same-running-response-lost-e30f21e0-6979-40c8-87da-0563300b1fe6", "wf-namespace-id": "cc977acc-d9ad-4836-876e-5acf00ae0878", "logging-call-at": "/home/ubuntu/temporal-investigation-20260909/restart-20260909-1600/source-reset/tests/testcore/functional_test_base.go:600"}
    shared_cluster_t.go:72: 2026-09-10T01:26:09.989Z	debug	Frontend method invoked.	{"wf-namespace": "", "operation": "GetSystemInfo", "server-name": "", "cert-thumbprint": "", "logging-call-at": "/home/ubuntu/temporal-investigation-20260909/restart-20260909-1600/source-reset/common/rpc/interceptor/namespace_logger.go:53"}
    shared_cluster_t.go:72: 2026-09-10T01:26:09.990Z	debug	routing key extraction: adding routing key to context	{"wf-id": "TestWorkflowResetTestSuite/TestAnalysisExactResetReplay/same-running/response-lost_workflow_id", "grpc-method": "/temporal.api.workflowservice.v1.WorkflowService/StartWorkflowExecution", "logging-call-at": "/home/ubuntu/temporal-investigation-20260909/restart-20260909-1600/source-reset/common/rpc/interceptor/routing_key_interceptor.go:112"}
    shared_cluster_t.go:72: 2026-09-10T01:26:09.990Z	debug	Frontend method invoked.	{"wf-namespace": "TestWorkflowResetTestSuite-TestAnalysisExactResetReplay-same-running-response-lost-e30f21e0-6979-40c8-87da-0563300b1fe6", "operation": "StartWorkflowExecution", "server-name": "", "cert-thumbprint": "", "logging-call-at": "/home/ubuntu/temporal-investigation-20260909/restart-20260909-1600/source-reset/common/rpc/interceptor/namespace_logger.go:53"}
    shared_cluster_t.go:72: 2026-09-10T01:26:09.990Z	debug	Received StartWorkflowExecution.	{"service": "frontend", "wf-id": "TestWorkflowResetTestSuite/TestAnalysisExactResetReplay/same-running/response-lost_workflow_id", "wf-type": "test-workflow-arg", "logging-call-at": "/home/ubuntu/temporal-investigation-20260909/restart-20260909-1600/source-reset/service/frontend/workflow_handler.go:561"}
    shared_cluster_t.go:72: 2026-09-10T01:26:09.990Z	debug	Start workflow execution request namespace.	{"service": "frontend", "wf-namespace": "TestWorkflowResetTestSuite-TestAnalysisExactResetReplay-same-running-response-lost-e30f21e0-6979-40c8-87da-0563300b1fe6", "logging-call-at": "/home/ubuntu/temporal-investigation-20260909/restart-20260909-1600/source-reset/service/frontend/workflow_handler.go:565"}
    shared_cluster_t.go:72: 2026-09-10T01:26:09.990Z	debug	Start workflow execution request namespaceID.	{"service": "frontend", "wf-namespace-id": "cc977acc-d9ad-4836-876e-5acf00ae0878", "logging-call-at": "/home/ubuntu/temporal-investigation-20260909/restart-20260909-1600/source-reset/service/frontend/workflow_handler.go:570"}
    shared_cluster_t.go:72: 2026-09-10T01:26:09.991Z	debug	Workflow task updated	{"address": "127.0.0.1:35325", "attempt": 1, "shard-id": 4, "wf-id": "TestWorkflowResetTestSuite/TestAnalysisExactResetReplay/same-running/response-lost_workflow_id", "wf-namespace": "TestWorkflowResetTestSuite-TestAnalysisExactResetReplay-same-running-response-lost-e30f21e0-6979-40c8-87da-0563300b1fe6", "wf-run-id": "01a088ec-1b47-75fa-aa35-509dd4aaf9fc", "wf-scheduled-event-id": 2, "wf-started-event-id": 0, "wf-started-timestamp": "0001-01-01T00:00:00.000Z", "workflow-task-request-id": "emptyUuid", "workflow-task-timeout": 10, "wt-type": "Normal", "logging-call-at": "/home/ubuntu/temporal-investigation-20260909/restart-20260909-1600/source-reset/common/log/lazy_logger.go:30"}
    shared_cluster_t.go:72: 2026-09-10T01:26:09.991Z	debug	time skipping skipped for: time skipping is not enabled	{"address": "127.0.0.1:35325", "shard-id": 4, "wf-id": "TestWorkflowResetTestSuite/TestAnalysisExactResetReplay/same-running/response-lost_workflow_id", "wf-namespace": "TestWorkflowResetTestSuite-TestAnalysisExactResetReplay-same-running-response-lost-e30f21e0-6979-40c8-87da-0563300b1fe6", "wf-run-id": "01a088ec-1b47-75fa-aa35-509dd4aaf9fc", "logging-call-at": "/home/ubuntu/temporal-investigation-20260909/restart-20260909-1600/source-reset/common/log/lazy_logger.go:30"}
    shared_cluster_t.go:72: 2026-09-10T01:26:09.991Z	debug	Assigning new task key	{"address": "127.0.0.1:35325", "cursor-timestamp": "2026-09-10T01:26:10.979Z", "queue-task-id": 1048579, "queue-task-type": "TransferWorkflowTask", "shard-id": 4, "timestamp": "2026-09-10T01:26:09.991Z", "wf-id": "TestWorkflowResetTestSuite/TestAnalysisExactResetReplay/same-running/response-lost_workflow_id", "wf-namespace-id": "cc977acc-d9ad-4836-876e-5acf00ae0878", "wf-run-id": "01a088ec-1b47-75fa-aa35-509dd4aaf9fc", "logging-call-at": "/home/ubuntu/temporal-investigation-20260909/restart-20260909-1600/source-reset/service/history/shard/task_key_generator.go:98"}
    shared_cluster_t.go:72: 2026-09-10T01:26:09.991Z	debug	Assigning new task key	{"address": "127.0.0.1:35325", "cursor-timestamp": "2026-09-10T01:26:10.979Z", "queue-task-id": 1048580, "queue-task-type": "VisibilityStartExecution", "shard-id": 4, "timestamp": "2026-09-10T01:26:09.991Z", "wf-id": "TestWorkflowResetTestSuite/TestAnalysisExactResetReplay/same-running/response-lost_workflow_id", "wf-namespace-id": "cc977acc-d9ad-4836-876e-5acf00ae0878", "wf-run-id": "01a088ec-1b47-75fa-aa35-509dd4aaf9fc", "logging-call-at": "/home/ubuntu/temporal-investigation-20260909/restart-20260909-1600/source-reset/service/history/shard/task_key_generator.go:98"}
    shared_cluster_t.go:72: 2026-09-10T01:26:09.991Z	info	Quota changed	{"component": "persistence", "current-quota": null, "new-quota": 0, "scope": "namespace", "service": "history", "wf-namespace": "TestWorkflowResetTestSuite-TestAnalysisExactResetReplay-same-running-response-lost-e30f21e0-6979-40c8-87da-0563300b1fe6", "logging-call-at": "/home/ubuntu/temporal-investigation-20260909/restart-20260909-1600/source-reset/common/quotas/calculator/logged_calculator.go:100"}
    shared_cluster_t.go:72: 2026-09-10T01:26:09.992Z	info	ContextMetadataInterceptor: Setting trailer	{"trailer": {"contextmetadata-bin":["\n\"\n\rworkflow-type\u0012\u0011test-workflow-arg\nt\n\u0013workflow-task-queue\u0012]TestWorkflowResetTestSuite/TestAnalysisExactResetReplay/same-running/response-lost_task_queue"],"contextmetadata-workflow-task-queue":["TestWorkflowResetTestSuite/TestAnalysisExactResetReplay/same-running/response-lost_task_queue"],"contextmetadata-workflow-type":["test-workflow-arg"],"workflow-task-queue":["TestWorkflowResetTestSuite/TestAnalysisExactResetReplay/same-running/response-lost_task_queue"],"workflow-type":["test-workflow-arg"]}, "fullMethod": "/temporal.server.api.historyservice.v1.HistoryService/StartWorkflowExecution", "logging-call-at": "/home/ubuntu/temporal-investigation-20260909/restart-20260909-1600/source-reset/common/log/throttle_logger.go:44"}
    shared_cluster_t.go:72: 2026-09-10T01:26:09.992Z	debug	Process task as active.	{"address": "127.0.0.1:35325", "component": "transfer-queue-processor", "shard-id": 4, "value": "WorkflowTask{WorkflowKey: cc977acc-d9ad-4836-876e-5acf00ae0878/TestWorkflowResetTestSuite/TestAnalysisExactResetReplay/same-running/response-lost_workflow_id/01a088ec-1b47-75fa-aa35-509dd4aaf9fc, VisibilityTimestamp: 2026-09-10 01:26:09.991773051 +0000 UTC, TaskID: 1048579, TaskQueue: TestWorkflowResetTestSuite/TestAnalysisExactResetReplay/same-running/response-lost_task_queue, ScheduledEventID: 2, Version: 0}", "wf-namespace-id": "cc977acc-d9ad-4836-876e-5acf00ae0878", "logging-call-at": "/home/ubuntu/temporal-investigation-20260909/restart-20260909-1600/source-reset/service/history/queues/active_standby_executor.go:121"}
    shared_cluster_t.go:72: 2026-09-10T01:26:09.995Z	debug	Frontend method invoked.	{"wf-namespace": "TestWorkflowResetTestSuite-TestAnalysisExactResetReplay-same-running-response-lost-e30f21e0-6979-40c8-87da-0563300b1fe6", "operation": "PollWorkflowTaskQueue", "server-name": "", "cert-thumbprint": "", "logging-call-at": "/home/ubuntu/temporal-investigation-20260909/restart-20260909-1600/source-reset/common/rpc/interceptor/namespace_logger.go:53"}
    shared_cluster_t.go:72: 2026-09-10T01:26:09.996Z	info	Quota changed	{"component": "long-poll-handler", "current-quota": null, "new-quota": 1200, "scope": "namespace", "service": "frontend", "wf-namespace": "TestWorkflowResetTestSuite-TestAnalysisExactResetReplay-same-running-response-lost-e30f21e0-6979-40c8-87da-0563300b1fe6", "logging-call-at": "/home/ubuntu/temporal-investigation-20260909/restart-20260909-1600/source-reset/common/quotas/calculator/logged_calculator.go:100"}
    shared_cluster_t.go:72: 2026-09-10T01:26:09.996Z	info	Quota changed	{"component": "persistence", "current-quota": null, "new-quota": 0, "scope": "namespace", "service": "matching", "wf-namespace": "TestWorkflowResetTestSuite-TestAnalysisExactResetReplay-same-running-response-lost-e30f21e0-6979-40c8-87da-0563300b1fe6", "logging-call-at": "/home/ubuntu/temporal-investigation-20260909/restart-20260909-1600/source-reset/common/quotas/calculator/logged_calculator.go:100"}
    shared_cluster_t.go:72: 2026-09-10T01:26:09.996Z	debug	Received PollWorkflowTaskQueue	{"service": "frontend", "logging-call-at": "/home/ubuntu/temporal-investigation-20260909/restart-20260909-1600/source-reset/service/frontend/workflow_handler.go:1079"}
    shared_cluster_t.go:72: 2026-09-10T01:26:09.996Z	debug	Poll workflow task queue.	{"service": "frontend", "wf-namespace": "TestWorkflowResetTestSuite-TestAnalysisExactResetReplay-same-running-response-lost-e30f21e0-6979-40c8-87da-0563300b1fe6", "wf-namespace-id": "cc977acc-d9ad-4836-876e-5acf00ae0878", "logging-call-at": "/home/ubuntu/temporal-investigation-20260909/restart-20260909-1600/source-reset/service/frontend/workflow_handler.go:1116"}
    shared_cluster_t.go:72: 2026-09-10T01:26:09.997Z	info	loaded user data from db	{"component": "matching-engine", "timestamp": "1970-01-01T00:00:00.000Z", "user-data-version": 0, "wf-namespace": "TestWorkflowResetTestSuite-TestAnalysisExactResetReplay-same-running-response-lost-e30f21e0-6979-40c8-87da-0563300b1fe6", "wf-task-queue-name": "TestWorkflowResetTestSuite/TestAnalysisExactResetReplay/same-running/response-lost_task_queue", "wf-task-queue-type": "Workflow", "logging-call-at": "/home/ubuntu/temporal-investigation-20260909/restart-20260909-1600/source-reset/service/matching/user_data_manager.go:871"}
    shared_cluster_t.go:72: 2026-09-10T01:26:09.997Z	info	Started physicalTaskQueueManager	{"backlog": "priority", "cause": "Task", "component": "matching-engine", "lifecycle": "Started", "wf-namespace": "TestWorkflowResetTestSuite-TestAnalysisExactResetReplay-same-running-response-lost-e30f21e0-6979-40c8-87da-0563300b1fe6", "wf-task-queue-name": "TestWorkflowResetTestSuite/TestAnalysisExactResetReplay/same-running/response-lost_task_queue", "wf-task-queue-type": "Workflow", "worker-version": "_unversioned_", "logging-call-at": "/home/ubuntu/temporal-investigation-20260909/restart-20260909-1600/source-reset/service/matching/physical_task_queue_manager.go:312"}
    shared_cluster_t.go:72: 2026-09-10T01:26:09.998Z	info	Starting draining	{"backlog": "fairness-drain", "component": "matching-engine", "wf-namespace": "TestWorkflowResetTestSuite-TestAnalysisExactResetReplay-same-running-response-lost-e30f21e0-6979-40c8-87da-0563300b1fe6", "wf-task-queue-name": "TestWorkflowResetTestSuite/TestAnalysisExactResetReplay/same-running/response-lost_task_queue", "wf-task-queue-type": "Workflow", "worker-version": "_unversioned_", "logging-call-at": "/home/ubuntu/temporal-investigation-20260909/restart-20260909-1600/source-reset/service/matching/physical_task_queue_manager.go:430"}
    shared_cluster_t.go:72: 2026-09-10T01:26:09.998Z	debug	returning empty user data (no data or no change)	{"component": "matching-engine", "wf-namespace": "TestWorkflowResetTestSuite-TestAnalysisExactResetReplay-same-running-response-lost-e30f21e0-6979-40c8-87da-0563300b1fe6", "wf-task-queue-name": "TestWorkflowResetTestSuite/TestAnalysisExactResetReplay/same-running/response-lost_task_queue", "wf-task-queue-type": "Workflow", "logging-call-at": "/home/ubuntu/temporal-investigation-20260909/restart-20260909-1600/source-reset/service/matching/user_data_manager.go:644"}
    shared_cluster_t.go:72: 2026-09-10T01:26:09.998Z	info	TrailerToContextMetadataInterceptor: No metadata in trailer	{"contextWrapped": false, "method": "/temporal.server.api.matchingservice.v1.MatchingService/GetTaskQueueUserData", "service": "matching", "logging-call-at": "/home/ubuntu/temporal-investigation-20260909/restart-20260909-1600/source-reset/common/log/throttle_logger.go:44"}
    shared_cluster_t.go:72: 2026-09-10T01:26:09.998Z	debug	fetched user data from parent, no change	{"component": "matching-engine", "wf-namespace": "TestWorkflowResetTestSuite-TestAnalysisExactResetReplay-same-running-response-lost-e30f21e0-6979-40c8-87da-0563300b1fe6", "wf-task-queue-name": "/_sys/TestWorkflowResetTestSuite/TestAnalysisExactResetReplay/same-running/response-lost_task_queue/3", "wf-task-queue-type": "Workflow", "logging-call-at": "/home/ubuntu/temporal-investigation-20260909/restart-20260909-1600/source-reset/service/matching/user_data_manager.go:351"}
    shared_cluster_t.go:72: 2026-09-10T01:26:09.998Z	debug	returning empty user data (no data or no change)	{"component": "matching-engine", "wf-namespace": "TestWorkflowResetTestSuite-TestAnalysisExactResetReplay-same-running-response-lost-e30f21e0-6979-40c8-87da-0563300b1fe6", "wf-task-queue-name": "TestWorkflowResetTestSuite/TestAnalysisExactResetReplay/same-running/response-lost_task_queue", "wf-task-queue-type": "Workflow", "logging-call-at": "/home/ubuntu/temporal-investigation-20260909/restart-20260909-1600/source-reset/service/matching/user_data_manager.go:644"}
    shared_cluster_t.go:72: 2026-09-10T01:26:09.998Z	info	Started physicalTaskQueueManager	{"backlog": "priority", "cause": "Poll", "component": "matching-engine", "lifecycle": "Started", "wf-namespace": "TestWorkflowResetTestSuite-TestAnalysisExactResetReplay-same-running-response-lost-e30f21e0-6979-40c8-87da-0563300b1fe6", "wf-task-queue-name": "/_sys/TestWorkflowResetTestSuite/TestAnalysisExactResetReplay/same-running/response-lost_task_queue/3", "wf-task-queue-type": "Workflow", "worker-version": "_unversioned_", "logging-call-at": "/home/ubuntu/temporal-investigation-20260909/restart-20260909-1600/source-reset/service/matching/physical_task_queue_manager.go:312"}
    shared_cluster_t.go:72: 2026-09-10T01:26:09.998Z	debug	returning empty user data (no data or no change)	{"component": "matching-engine", "wf-namespace": "TestWorkflowResetTestSuite-TestAnalysisExactResetReplay-same-running-response-lost-e30f21e0-6979-40c8-87da-0563300b1fe6", "wf-task-queue-name": "TestWorkflowResetTestSuite/TestAnalysisExactResetReplay/same-running/response-lost_task_queue", "wf-task-queue-type": "Workflow", "logging-call-at": "/home/ubuntu/temporal-investigation-20260909/restart-20260909-1600/source-reset/service/matching/user_data_manager.go:644"}
    shared_cluster_t.go:72: 2026-09-10T01:26:09.998Z	debug	fetched user data from parent, no change	{"component": "matching-engine", "wf-namespace": "TestWorkflowResetTestSuite-TestAnalysisExactResetReplay-same-running-response-lost-e30f21e0-6979-40c8-87da-0563300b1fe6", "wf-task-queue-name": "/_sys/TestWorkflowResetTestSuite/TestAnalysisExactResetReplay/same-running/response-lost_task_queue/2", "wf-task-queue-type": "Workflow", "logging-call-at": "/home/ubuntu/temporal-investigation-20260909/restart-20260909-1600/source-reset/service/matching/user_data_manager.go:351"}
    shared_cluster_t.go:72: 2026-09-10T01:26:09.999Z	info	Started physicalTaskQueueManager	{"backlog": "priority", "cause": "Force", "component": "matching-engine", "lifecycle": "Started", "wf-namespace": "TestWorkflowResetTestSuite-TestAnalysisExactResetReplay-same-running-response-lost-e30f21e0-6979-40c8-87da-0563300b1fe6", "wf-task-queue-name": "/_sys/TestWorkflowResetTestSuite/TestAnalysisExactResetReplay/same-running/response-lost_task_queue/2", "wf-task-queue-type": "Workflow", "worker-version": "_unversioned_", "logging-call-at": "/home/ubuntu/temporal-investigation-20260909/restart-20260909-1600/source-reset/service/matching/physical_task_queue_manager.go:312"}
    shared_cluster_t.go:72: 2026-09-10T01:26:09.999Z	debug	fetched user data from parent, no change	{"component": "matching-engine", "wf-namespace": "TestWorkflowResetTestSuite-TestAnalysisExactResetReplay-same-running-response-lost-e30f21e0-6979-40c8-87da-0563300b1fe6", "wf-task-queue-name": "/_sys/TestWorkflowResetTestSuite/TestAnalysisExactResetReplay/same-running/response-lost_task_queue/1", "wf-task-queue-type": "Workflow", "logging-call-at": "/home/ubuntu/temporal-investigation-20260909/restart-20260909-1600/source-reset/service/matching/user_data_manager.go:351"}
    shared_cluster_t.go:72: 2026-09-10T01:26:09.999Z	info	Starting draining	{"backlog": "fairness-drain", "component": "matching-engine", "wf-namespace": "TestWorkflowResetTestSuite-TestAnalysisExactResetReplay-same-running-response-lost-e30f21e0-6979-40c8-87da-0563300b1fe6", "wf-task-queue-name": "/_sys/TestWorkflowResetTestSuite/TestAnalysisExactResetReplay/same-running/response-lost_task_queue/3", "wf-task-queue-type": "Workflow", "worker-version": "_unversioned_", "logging-call-at": "/home/ubuntu/temporal-investigation-20260909/restart-20260909-1600/source-reset/service/matching/physical_task_queue_manager.go:430"}
    shared_cluster_t.go:72: 2026-09-10T01:26:09.999Z	info	Started physicalTaskQueueManager	{"backlog": "priority", "cause": "Force", "component": "matching-engine", "lifecycle": "Started", "wf-namespace": "TestWorkflowResetTestSuite-TestAnalysisExactResetReplay-same-running-response-lost-e30f21e0-6979-40c8-87da-0563300b1fe6", "wf-task-queue-name": "/_sys/TestWorkflowResetTestSuite/TestAnalysisExactResetReplay/same-running/response-lost_task_queue/1", "wf-task-queue-type": "Workflow", "worker-version": "_unversioned_", "logging-call-at": "/home/ubuntu/temporal-investigation-20260909/restart-20260909-1600/source-reset/service/matching/physical_task_queue_manager.go:312"}
    shared_cluster_t.go:72: 2026-09-10T01:26:09.999Z	info	Starting draining	{"backlog": "fairness-drain", "component": "matching-engine", "wf-namespace": "TestWorkflowResetTestSuite-TestAnalysisExactResetReplay-same-running-response-lost-e30f21e0-6979-40c8-87da-0563300b1fe6", "wf-task-queue-name": "/_sys/TestWorkflowResetTestSuite/TestAnalysisExactResetReplay/same-running/response-lost_task_queue/2", "wf-task-queue-type": "Workflow", "worker-version": "_unversioned_", "logging-call-at": "/home/ubuntu/temporal-investigation-20260909/restart-20260909-1600/source-reset/service/matching/physical_task_queue_manager.go:430"}
    shared_cluster_t.go:72: 2026-09-10T01:26:09.999Z	info	Starting draining	{"backlog": "fairness-drain", "component": "matching-engine", "wf-namespace": "TestWorkflowResetTestSuite-TestAnalysisExactResetReplay-same-running-response-lost-e30f21e0-6979-40c8-87da-0563300b1fe6", "wf-task-queue-name": "/_sys/TestWorkflowResetTestSuite/TestAnalysisExactResetReplay/same-running/response-lost_task_queue/1", "wf-task-queue-type": "Workflow", "worker-version": "_unversioned_", "logging-call-at": "/home/ubuntu/temporal-investigation-20260909/restart-20260909-1600/source-reset/service/matching/physical_task_queue_manager.go:430"}
    shared_cluster_t.go:72: 2026-09-10T01:26:10.000Z	debug	Workflow task updated	{"address": "127.0.0.1:35325", "attempt": 1, "shard-id": 4, "wf-id": "TestWorkflowResetTestSuite/TestAnalysisExactResetReplay/same-running/response-lost_workflow_id", "wf-namespace": "TestWorkflowResetTestSuite-TestAnalysisExactResetReplay-same-running-response-lost-e30f21e0-6979-40c8-87da-0563300b1fe6", "wf-namespace-id": "cc977acc-d9ad-4836-876e-5acf00ae0878", "wf-run-id": "01a088ec-1b47-75fa-aa35-509dd4aaf9fc", "wf-scheduled-event-id": 2, "wf-started-event-id": 3, "wf-started-timestamp": "2026-09-10T01:26:10.000Z", "workflow-task-request-id": "ddc35131-d11c-4f00-bd28-15ba82604e33", "workflow-task-timeout": 10, "wt-type": "Normal", "logging-call-at": "/home/ubuntu/temporal-investigation-20260909/restart-20260909-1600/source-reset/common/log/lazy_logger.go:30"}
    shared_cluster_t.go:72: 2026-09-10T01:26:10.000Z	debug	time skipping skipped for: time skipping is not enabled	{"address": "127.0.0.1:35325", "shard-id": 4, "wf-id": "TestWorkflowResetTestSuite/TestAnalysisExactResetReplay/same-running/response-lost_workflow_id", "wf-namespace": "TestWorkflowResetTestSuite-TestAnalysisExactResetReplay-same-running-response-lost-e30f21e0-6979-40c8-87da-0563300b1fe6", "wf-namespace-id": "cc977acc-d9ad-4836-876e-5acf00ae0878", "wf-run-id": "01a088ec-1b47-75fa-aa35-509dd4aaf9fc", "logging-call-at": "/home/ubuntu/temporal-investigation-20260909/restart-20260909-1600/source-reset/common/log/lazy_logger.go:30"}
    shared_cluster_t.go:72: 2026-09-10T01:26:10.000Z	debug	Assigning new task key	{"address": "127.0.0.1:35325", "cursor-timestamp": "2026-09-10T01:26:10.992Z", "queue-task-id": 1048584, "queue-task-type": "WorkflowTaskTimeout", "shard-id": 4, "timestamp": "2026-09-10T01:26:20.001Z", "wf-id": "TestWorkflowResetTestSuite/TestAnalysisExactResetReplay/same-running/response-lost_workflow_id", "wf-namespace-id": "cc977acc-d9ad-4836-876e-5acf00ae0878", "wf-run-id": "01a088ec-1b47-75fa-aa35-509dd4aaf9fc", "logging-call-at": "/home/ubuntu/temporal-investigation-20260909/restart-20260909-1600/source-reset/service/history/shard/task_key_generator.go:98"}
    shared_cluster_t.go:72: 2026-09-10T01:26:10.002Z	debug	routing key extraction: adding routing key to context	{"wf-id": "TestWorkflowResetTestSuite/TestAnalysisExactResetReplay/same-running/response-lost_workflow_id", "grpc-method": "/temporal.api.workflowservice.v1.WorkflowService/RespondWorkflowTaskCompleted", "logging-call-at": "/home/ubuntu/temporal-investigation-20260909/restart-20260909-1600/source-reset/common/rpc/interceptor/routing_key_interceptor.go:112"}
    shared_cluster_t.go:72: 2026-09-10T01:26:10.002Z	debug	Frontend method invoked.	{"wf-namespace": "TestWorkflowResetTestSuite-TestAnalysisExactResetReplay-same-running-response-lost-e30f21e0-6979-40c8-87da-0563300b1fe6", "operation": "RespondWorkflowTaskCompleted", "server-name": "", "cert-thumbprint": "", "logging-call-at": "/home/ubuntu/temporal-investigation-20260909/restart-20260909-1600/source-reset/common/rpc/interceptor/namespace_logger.go:53"}
    shared_cluster_t.go:72: 2026-09-10T01:26:10.002Z	debug	RespondWorkflowTaskCompleted	{"service": "history", "wf-id": "TestWorkflowResetTestSuite/TestAnalysisExactResetReplay/same-running/response-lost_workflow_id", "wf-namespace-id": "cc977acc-d9ad-4836-876e-5acf00ae0878", "wf-run-id": "01a088ec-1b47-75fa-aa35-509dd4aaf9fc", "wf-scheduled-event-id": 2, "logging-call-at": "/home/ubuntu/temporal-investigation-20260909/restart-20260909-1600/source-reset/service/history/handler.go:558"}
    shared_cluster_t.go:72: 2026-09-10T01:26:10.002Z	debug	Workflow task updated	{"address": "127.0.0.1:35325", "attempt": 1, "shard-id": 4, "wf-id": "TestWorkflowResetTestSuite/TestAnalysisExactResetReplay/same-running/response-lost_workflow_id", "wf-namespace": "TestWorkflowResetTestSuite-TestAnalysisExactResetReplay-same-running-response-lost-e30f21e0-6979-40c8-87da-0563300b1fe6", "wf-namespace-id": "cc977acc-d9ad-4836-876e-5acf00ae0878", "wf-run-id": "01a088ec-1b47-75fa-aa35-509dd4aaf9fc", "wf-scheduled-event-id": 0, "wf-started-event-id": 0, "wf-started-timestamp": "1970-01-01T00:00:00.000Z", "workflow-task-request-id": "emptyUuid", "workflow-task-timeout": 0, "wt-type": "Unspecified", "logging-call-at": "/home/ubuntu/temporal-investigation-20260909/restart-20260909-1600/source-reset/common/log/lazy_logger.go:30"}
    shared_cluster_t.go:72: 2026-09-10T01:26:10.002Z	debug	time skipping skipped for: time skipping is not enabled	{"address": "127.0.0.1:35325", "shard-id": 4, "wf-id": "TestWorkflowResetTestSuite/TestAnalysisExactResetReplay/same-running/response-lost_workflow_id", "wf-namespace": "TestWorkflowResetTestSuite-TestAnalysisExactResetReplay-same-running-response-lost-e30f21e0-6979-40c8-87da-0563300b1fe6", "wf-namespace-id": "cc977acc-d9ad-4836-876e-5acf00ae0878", "wf-run-id": "01a088ec-1b47-75fa-aa35-509dd4aaf9fc", "logging-call-at": "/home/ubuntu/temporal-investigation-20260909/restart-20260909-1600/source-reset/common/log/lazy_logger.go:30"}
    shared_cluster_t.go:72: 2026-09-10T01:26:10.003Z	debug	Assigning new task key	{"address": "127.0.0.1:35325", "cursor-timestamp": "2026-09-10T01:26:10.992Z", "queue-task-id": 1048589, "queue-task-type": "VisibilityUpsertExecution", "shard-id": 4, "timestamp": "2026-09-10T01:26:10.003Z", "wf-id": "TestWorkflowResetTestSuite/TestAnalysisExactResetReplay/same-running/response-lost_workflow_id", "wf-namespace-id": "cc977acc-d9ad-4836-876e-5acf00ae0878", "wf-run-id": "01a088ec-1b47-75fa-aa35-509dd4aaf9fc", "logging-call-at": "/home/ubuntu/temporal-investigation-20260909/restart-20260909-1600/source-reset/service/history/shard/task_key_generator.go:98"}
    shared_cluster_t.go:72: 2026-09-10T01:26:10.003Z	debug	Assigning new task key	{"address": "127.0.0.1:35325", "cursor-timestamp": "2026-09-10T01:26:10.992Z", "queue-task-id": 1048590, "queue-task-type": "TransferActivityTask", "shard-id": 4, "timestamp": "2026-09-10T01:26:10.003Z", "wf-id": "TestWorkflowResetTestSuite/TestAnalysisExactResetReplay/same-running/response-lost_workflow_id", "wf-namespace-id": "cc977acc-d9ad-4836-876e-5acf00ae0878", "wf-run-id": "01a088ec-1b47-75fa-aa35-509dd4aaf9fc", "logging-call-at": "/home/ubuntu/temporal-investigation-20260909/restart-20260909-1600/source-reset/service/history/shard/task_key_generator.go:98"}
    shared_cluster_t.go:72: 2026-09-10T01:26:10.003Z	debug	Process task as active.	{"address": "127.0.0.1:35325", "component": "transfer-queue-processor", "shard-id": 4, "value": "cc977acc-d9ad-4836-876e-5acf00ae0878/TestWorkflowResetTestSuite/TestAnalysisExactResetReplay/same-running/response-lost_workflow_id/01a088ec-1b47-75fa-aa35-509dd4aaf9fc", "wf-namespace-id": "cc977acc-d9ad-4836-876e-5acf00ae0878", "logging-call-at": "/home/ubuntu/temporal-investigation-20260909/restart-20260909-1600/source-reset/service/history/queues/active_standby_executor.go:121"}
    shared_cluster_t.go:72: 2026-09-10T01:26:10.003Z	debug	Frontend method invoked.	{"wf-namespace": "TestWorkflowResetTestSuite-TestAnalysisExactResetReplay-same-running-response-lost-e30f21e0-6979-40c8-87da-0563300b1fe6", "operation": "DescribeMutableState", "server-name": "", "cert-thumbprint": "", "logging-call-at": "/home/ubuntu/temporal-investigation-20260909/restart-20260909-1600/source-reset/common/rpc/interceptor/namespace_logger.go:53"}
    shared_cluster_t.go:72: 2026-09-10T01:26:10.004Z	debug	returning empty user data (no data or no change)	{"component": "matching-engine", "wf-namespace": "TestWorkflowResetTestSuite-TestAnalysisExactResetReplay-same-running-response-lost-e30f21e0-6979-40c8-87da-0563300b1fe6", "wf-task-queue-name": "TestWorkflowResetTestSuite/TestAnalysisExactResetReplay/same-running/response-lost_task_queue", "wf-task-queue-type": "Workflow", "logging-call-at": "/home/ubuntu/temporal-investigation-20260909/restart-20260909-1600/source-reset/service/matching/user_data_manager.go:644"}
    shared_cluster_t.go:72: 2026-09-10T01:26:10.004Z	debug	fetched user data from parent, no change	{"component": "matching-engine", "wf-namespace": "TestWorkflowResetTestSuite-TestAnalysisExactResetReplay-same-running-response-lost-e30f21e0-6979-40c8-87da-0563300b1fe6", "wf-task-queue-name": "TestWorkflowResetTestSuite/TestAnalysisExactResetReplay/same-running/response-lost_task_queue", "wf-task-queue-type": "Activity", "logging-call-at": "/home/ubuntu/temporal-investigation-20260909/restart-20260909-1600/source-reset/service/matching/user_data_manager.go:351"}
    shared_cluster_t.go:72: 2026-09-10T01:26:10.004Z	info	Started physicalTaskQueueManager	{"backlog": "priority", "cause": "Task", "component": "matching-engine", "lifecycle": "Started", "wf-namespace": "TestWorkflowResetTestSuite-TestAnalysisExactResetReplay-same-running-response-lost-e30f21e0-6979-40c8-87da-0563300b1fe6", "wf-task-queue-name": "TestWorkflowResetTestSuite/TestAnalysisExactResetReplay/same-running/response-lost_task_queue", "wf-task-queue-type": "Activity", "worker-version": "_unversioned_", "logging-call-at": "/home/ubuntu/temporal-investigation-20260909/restart-20260909-1600/source-reset/service/matching/physical_task_queue_manager.go:312"}
    shared_cluster_t.go:72: 2026-09-10T01:26:10.004Z	info	Starting draining	{"backlog": "fairness-drain", "component": "matching-engine", "wf-namespace": "TestWorkflowResetTestSuite-TestAnalysisExactResetReplay-same-running-response-lost-e30f21e0-6979-40c8-87da-0563300b1fe6", "wf-task-queue-name": "TestWorkflowResetTestSuite/TestAnalysisExactResetReplay/same-running/response-lost_task_queue", "wf-task-queue-type": "Activity", "worker-version": "_unversioned_", "logging-call-at": "/home/ubuntu/temporal-investigation-20260909/restart-20260909-1600/source-reset/service/matching/physical_task_queue_manager.go:430"}
    shared_cluster_t.go:72: 2026-09-10T01:26:10.005Z	debug	returning empty user data (no data or no change)	{"component": "matching-engine", "wf-namespace": "TestWorkflowResetTestSuite-TestAnalysisExactResetReplay-same-running-response-lost-e30f21e0-6979-40c8-87da-0563300b1fe6", "wf-task-queue-name": "TestWorkflowResetTestSuite/TestAnalysisExactResetReplay/same-running/response-lost_task_queue", "wf-task-queue-type": "Activity", "logging-call-at": "/home/ubuntu/temporal-investigation-20260909/restart-20260909-1600/source-reset/service/matching/user_data_manager.go:644"}
    shared_cluster_t.go:72: 2026-09-10T01:26:10.005Z	debug	returning empty user data (no data or no change)	{"component": "matching-engine", "wf-namespace": "TestWorkflowResetTestSuite-TestAnalysisExactResetReplay-same-running-response-lost-e30f21e0-6979-40c8-87da-0563300b1fe6", "wf-task-queue-name": "TestWorkflowResetTestSuite/TestAnalysisExactResetReplay/same-running/response-lost_task_queue", "wf-task-queue-type": "Activity", "logging-call-at": "/home/ubuntu/temporal-investigation-20260909/restart-20260909-1600/source-reset/service/matching/user_data_manager.go:644"}
    shared_cluster_t.go:72: 2026-09-10T01:26:10.005Z	debug	returning empty user data (no data or no change)	{"component": "matching-engine", "wf-namespace": "TestWorkflowResetTestSuite-TestAnalysisExactResetReplay-same-running-response-lost-e30f21e0-6979-40c8-87da-0563300b1fe6", "wf-task-queue-name": "TestWorkflowResetTestSuite/TestAnalysisExactResetReplay/same-running/response-lost_task_queue", "wf-task-queue-type": "Activity", "logging-call-at": "/home/ubuntu/temporal-investigation-20260909/restart-20260909-1600/source-reset/service/matching/user_data_manager.go:644"}
    shared_cluster_t.go:72: 2026-09-10T01:26:10.005Z	debug	fetched user data from parent, no change	{"component": "matching-engine", "wf-namespace": "TestWorkflowResetTestSuite-TestAnalysisExactResetReplay-same-running-response-lost-e30f21e0-6979-40c8-87da-0563300b1fe6", "wf-task-queue-name": "/_sys/TestWorkflowResetTestSuite/TestAnalysisExactResetReplay/same-running/response-lost_task_queue/3", "wf-task-queue-type": "Activity", "logging-call-at": "/home/ubuntu/temporal-investigation-20260909/restart-20260909-1600/source-reset/service/matching/user_data_manager.go:351"}
    shared_cluster_t.go:72: 2026-09-10T01:26:10.005Z	debug	fetched user data from parent, no change	{"component": "matching-engine", "wf-namespace": "TestWorkflowResetTestSuite-TestAnalysisExactResetReplay-same-running-response-lost-e30f21e0-6979-40c8-87da-0563300b1fe6", "wf-task-queue-name": "/_sys/TestWorkflowResetTestSuite/TestAnalysisExactResetReplay/same-running/response-lost_task_queue/1", "wf-task-queue-type": "Activity", "logging-call-at": "/home/ubuntu/temporal-investigation-20260909/restart-20260909-1600/source-reset/service/matching/user_data_manager.go:351"}
    shared_cluster_t.go:72: 2026-09-10T01:26:10.005Z	debug	routing key extraction: adding routing key to context	{"wf-id": "TestWorkflowResetTestSuite/TestAnalysisExactResetReplay/same-running/response-lost_workflow_id", "grpc-method": "/temporal.api.workflowservice.v1.WorkflowService/GetWorkflowExecutionHistory", "logging-call-at": "/home/ubuntu/temporal-investigation-20260909/restart-20260909-1600/source-reset/common/rpc/interceptor/routing_key_interceptor.go:112"}
    shared_cluster_t.go:72: 2026-09-10T01:26:10.005Z	info	Started physicalTaskQueueManager	{"backlog": "priority", "cause": "Force", "component": "matching-engine", "lifecycle": "Started", "wf-namespace": "TestWorkflowResetTestSuite-TestAnalysisExactResetReplay-same-running-response-lost-e30f21e0-6979-40c8-87da-0563300b1fe6", "wf-task-queue-name": "/_sys/TestWorkflowResetTestSuite/TestAnalysisExactResetReplay/same-running/response-lost_task_queue/3", "wf-task-queue-type": "Activity", "worker-version": "_unversioned_", "logging-call-at": "/home/ubuntu/temporal-investigation-20260909/restart-20260909-1600/source-reset/service/matching/physical_task_queue_manager.go:312"}
    shared_cluster_t.go:72: 2026-09-10T01:26:10.005Z	debug	Frontend method invoked.	{"wf-namespace": "TestWorkflowResetTestSuite-TestAnalysisExactResetReplay-same-running-response-lost-e30f21e0-6979-40c8-87da-0563300b1fe6", "operation": "GetWorkflowExecutionHistory", "server-name": "", "cert-thumbprint": "", "logging-call-at": "/home/ubuntu/temporal-investigation-20260909/restart-20260909-1600/source-reset/common/rpc/interceptor/namespace_logger.go:53"}
    shared_cluster_t.go:72: 2026-09-10T01:26:10.005Z	info	Started physicalTaskQueueManager	{"backlog": "priority", "cause": "Force", "component": "matching-engine", "lifecycle": "Started", "wf-namespace": "TestWorkflowResetTestSuite-TestAnalysisExactResetReplay-same-running-response-lost-e30f21e0-6979-40c8-87da-0563300b1fe6", "wf-task-queue-name": "/_sys/TestWorkflowResetTestSuite/TestAnalysisExactResetReplay/same-running/response-lost_task_queue/1", "wf-task-queue-type": "Activity", "worker-version": "_unversioned_", "logging-call-at": "/home/ubuntu/temporal-investigation-20260909/restart-20260909-1600/source-reset/service/matching/physical_task_queue_manager.go:312"}
    shared_cluster_t.go:72: 2026-09-10T01:26:10.005Z	debug	fetched user data from parent, no change	{"component": "matching-engine", "wf-namespace": "TestWorkflowResetTestSuite-TestAnalysisExactResetReplay-same-running-response-lost-e30f21e0-6979-40c8-87da-0563300b1fe6", "wf-task-queue-name": "/_sys/TestWorkflowResetTestSuite/TestAnalysisExactResetReplay/same-running/response-lost_task_queue/2", "wf-task-queue-type": "Activity", "logging-call-at": "/home/ubuntu/temporal-investigation-20260909/restart-20260909-1600/source-reset/service/matching/user_data_manager.go:351"}
    shared_cluster_t.go:72: 2026-09-10T01:26:10.005Z	info	Starting draining	{"backlog": "fairness-drain", "component": "matching-engine", "wf-namespace": "TestWorkflowResetTestSuite-TestAnalysisExactResetReplay-same-running-response-lost-e30f21e0-6979-40c8-87da-0563300b1fe6", "wf-task-queue-name": "/_sys/TestWorkflowResetTestSuite/TestAnalysisExactResetReplay/same-running/response-lost_task_queue/3", "wf-task-queue-type": "Activity", "worker-version": "_unversioned_", "logging-call-at": "/home/ubuntu/temporal-investigation-20260909/restart-20260909-1600/source-reset/service/matching/physical_task_queue_manager.go:430"}
    shared_cluster_t.go:72: 2026-09-10T01:26:10.005Z	info	Started physicalTaskQueueManager	{"backlog": "priority", "cause": "Force", "component": "matching-engine", "lifecycle": "Started", "wf-namespace": "TestWorkflowResetTestSuite-TestAnalysisExactResetReplay-same-running-response-lost-e30f21e0-6979-40c8-87da-0563300b1fe6", "wf-task-queue-name": "/_sys/TestWorkflowResetTestSuite/TestAnalysisExactResetReplay/same-running/response-lost_task_queue/2", "wf-task-queue-type": "Activity", "worker-version": "_unversioned_", "logging-call-at": "/home/ubuntu/temporal-investigation-20260909/restart-20260909-1600/source-reset/service/matching/physical_task_queue_manager.go:312"}
    shared_cluster_t.go:72: 2026-09-10T01:26:10.006Z	info	Starting draining	{"backlog": "fairness-drain", "component": "matching-engine", "wf-namespace": "TestWorkflowResetTestSuite-TestAnalysisExactResetReplay-same-running-response-lost-e30f21e0-6979-40c8-87da-0563300b1fe6", "wf-task-queue-name": "/_sys/TestWorkflowResetTestSuite/TestAnalysisExactResetReplay/same-running/response-lost_task_queue/1", "wf-task-queue-type": "Activity", "worker-version": "_unversioned_", "logging-call-at": "/home/ubuntu/temporal-investigation-20260909/restart-20260909-1600/source-reset/service/matching/physical_task_queue_manager.go:430"}
    shared_cluster_t.go:72: 2026-09-10T01:26:10.006Z	info	Starting draining	{"backlog": "fairness-drain", "component": "matching-engine", "wf-namespace": "TestWorkflowResetTestSuite-TestAnalysisExactResetReplay-same-running-response-lost-e30f21e0-6979-40c8-87da-0563300b1fe6", "wf-task-queue-name": "/_sys/TestWorkflowResetTestSuite/TestAnalysisExactResetReplay/same-running/response-lost_task_queue/2", "wf-task-queue-type": "Activity", "worker-version": "_unversioned_", "logging-call-at": "/home/ubuntu/temporal-investigation-20260909/restart-20260909-1600/source-reset/service/matching/physical_task_queue_manager.go:430"}
    shared_cluster_t.go:72: 2026-09-10T01:26:10.007Z	debug	routing key extraction: adding routing key to context	{"wf-id": "TestWorkflowResetTestSuite/TestAnalysisExactResetReplay/same-running/response-lost_workflow_id", "grpc-method": "/temporal.api.workflowservice.v1.WorkflowService/ResetWorkflowExecution", "logging-call-at": "/home/ubuntu/temporal-investigation-20260909/restart-20260909-1600/source-reset/common/rpc/interceptor/routing_key_interceptor.go:112"}
    shared_cluster_t.go:72: 2026-09-10T01:26:10.007Z	debug	Frontend method invoked.	{"wf-namespace": "TestWorkflowResetTestSuite-TestAnalysisExactResetReplay-same-running-response-lost-e30f21e0-6979-40c8-87da-0563300b1fe6", "operation": "ResetWorkflowExecution", "server-name": "", "cert-thumbprint": "", "logging-call-at": "/home/ubuntu/temporal-investigation-20260909/restart-20260909-1600/source-reset/common/rpc/interceptor/namespace_logger.go:53"}
    shared_cluster_t.go:72: 2026-09-10T01:26:10.008Z	debug	time skipping skipped for: time skipping is not enabled	{"address": "127.0.0.1:35325", "shard-id": 4, "wf-id": "TestWorkflowResetTestSuite/TestAnalysisExactResetReplay/same-running/response-lost_workflow_id", "wf-namespace": "TestWorkflowResetTestSuite-TestAnalysisExactResetReplay-same-running-response-lost-e30f21e0-6979-40c8-87da-0563300b1fe6", "wf-namespace-id": "cc977acc-d9ad-4836-876e-5acf00ae0878", "wf-run-id": "01a088ec-1b47-75fa-aa35-509dd4aaf9fc", "logging-call-at": "/home/ubuntu/temporal-investigation-20260909/restart-20260909-1600/source-reset/common/log/lazy_logger.go:30"}
    shared_cluster_t.go:72: 2026-09-10T01:26:10.008Z	debug	Workflow task updated	{"address": "127.0.0.1:35325", "attempt": 1, "shard-id": 4, "wf-id": "TestWorkflowResetTestSuite/TestAnalysisExactResetReplay/same-running/response-lost_workflow_id", "wf-namespace": "TestWorkflowResetTestSuite-TestAnalysisExactResetReplay-same-running-response-lost-e30f21e0-6979-40c8-87da-0563300b1fe6", "wf-run-id": "e2a5b670-817f-436a-b744-50acad5c1d21", "wf-scheduled-event-id": 2, "wf-started-event-id": 0, "wf-started-timestamp": "0001-01-01T00:00:00.000Z", "workflow-task-request-id": "emptyUuid", "workflow-task-timeout": 10, "wt-type": "Normal", "logging-call-at": "/home/ubuntu/temporal-investigation-20260909/restart-20260909-1600/source-reset/common/log/lazy_logger.go:30"}
    shared_cluster_t.go:72: 2026-09-10T01:26:10.008Z	debug	Workflow task updated	{"address": "127.0.0.1:35325", "attempt": 1, "shard-id": 4, "wf-id": "TestWorkflowResetTestSuite/TestAnalysisExactResetReplay/same-running/response-lost_workflow_id", "wf-namespace": "TestWorkflowResetTestSuite-TestAnalysisExactResetReplay-same-running-response-lost-e30f21e0-6979-40c8-87da-0563300b1fe6", "wf-run-id": "e2a5b670-817f-436a-b744-50acad5c1d21", "wf-scheduled-event-id": 2, "wf-started-event-id": 3, "wf-started-timestamp": "2026-09-10T01:26:10.000Z", "workflow-task-request-id": "ddc35131-d11c-4f00-bd28-15ba82604e33", "workflow-task-timeout": 10, "wt-type": "Normal", "logging-call-at": "/home/ubuntu/temporal-investigation-20260909/restart-20260909-1600/source-reset/common/log/lazy_logger.go:30"}
    shared_cluster_t.go:72: 2026-09-10T01:26:10.008Z	debug	Workflow task updated	{"address": "127.0.0.1:35325", "attempt": 2, "shard-id": 4, "wf-id": "TestWorkflowResetTestSuite/TestAnalysisExactResetReplay/same-running/response-lost_workflow_id", "wf-namespace": "TestWorkflowResetTestSuite-TestAnalysisExactResetReplay-same-running-response-lost-e30f21e0-6979-40c8-87da-0563300b1fe6", "wf-run-id": "e2a5b670-817f-436a-b744-50acad5c1d21", "wf-scheduled-event-id": 0, "wf-started-event-id": 0, "wf-started-timestamp": "1970-01-01T00:00:00.000Z", "workflow-task-request-id": "emptyUuid", "workflow-task-timeout": 0, "wt-type": "Unspecified", "logging-call-at": "/home/ubuntu/temporal-investigation-20260909/restart-20260909-1600/source-reset/common/log/lazy_logger.go:30"}
    shared_cluster_t.go:72: 2026-09-10T01:26:10.008Z	debug	Workflow task updated	{"address": "127.0.0.1:35325", "attempt": 1, "shard-id": 4, "wf-id": "TestWorkflowResetTestSuite/TestAnalysisExactResetReplay/same-running/response-lost_workflow_id", "wf-namespace": "TestWorkflowResetTestSuite-TestAnalysisExactResetReplay-same-running-response-lost-e30f21e0-6979-40c8-87da-0563300b1fe6", "wf-run-id": "e2a5b670-817f-436a-b744-50acad5c1d21", "wf-scheduled-event-id": 5, "wf-started-event-id": 0, "wf-started-timestamp": "0001-01-01T00:00:00.000Z", "workflow-task-request-id": "emptyUuid", "workflow-task-timeout": 10, "wt-type": "Normal", "logging-call-at": "/home/ubuntu/temporal-investigation-20260909/restart-20260909-1600/source-reset/common/log/lazy_logger.go:30"}
    shared_cluster_t.go:72: 2026-09-10T01:26:10.008Z	debug	time skipping skipped for: time skipping is not enabled	{"address": "127.0.0.1:35325", "shard-id": 4, "wf-id": "TestWorkflowResetTestSuite/TestAnalysisExactResetReplay/same-running/response-lost_workflow_id", "wf-namespace": "TestWorkflowResetTestSuite-TestAnalysisExactResetReplay-same-running-response-lost-e30f21e0-6979-40c8-87da-0563300b1fe6", "wf-run-id": "e2a5b670-817f-436a-b744-50acad5c1d21", "logging-call-at": "/home/ubuntu/temporal-investigation-20260909/restart-20260909-1600/source-reset/common/log/lazy_logger.go:30"}
    shared_cluster_t.go:72: 2026-09-10T01:26:10.008Z	debug	Assigning new task key	{"address": "127.0.0.1:35325", "cursor-timestamp": "2026-09-10T01:26:11.003Z", "queue-task-id": 1048597, "queue-task-type": "TransferCloseExecution", "shard-id": 4, "timestamp": "2026-09-10T01:26:10.008Z", "wf-id": "TestWorkflowResetTestSuite/TestAnalysisExactResetReplay/same-running/response-lost_workflow_id", "wf-namespace-id": "cc977acc-d9ad-4836-876e-5acf00ae0878", "wf-run-id": "01a088ec-1b47-75fa-aa35-509dd4aaf9fc", "logging-call-at": "/home/ubuntu/temporal-investigation-20260909/restart-20260909-1600/source-reset/service/history/shard/task_key_generator.go:98"}
    shared_cluster_t.go:72: 2026-09-10T01:26:10.008Z	debug	Assigning new task key	{"address": "127.0.0.1:35325", "cursor-timestamp": "2026-09-10T01:26:11.003Z", "queue-task-id": 1048598, "queue-task-type": "VisibilityCloseExecution", "shard-id": 4, "timestamp": "2026-09-10T01:26:10.008Z", "wf-id": "TestWorkflowResetTestSuite/TestAnalysisExactResetReplay/same-running/response-lost_workflow_id", "wf-namespace-id": "cc977acc-d9ad-4836-876e-5acf00ae0878", "wf-run-id": "01a088ec-1b47-75fa-aa35-509dd4aaf9fc", "logging-call-at": "/home/ubuntu/temporal-investigation-20260909/restart-20260909-1600/source-reset/service/history/shard/task_key_generator.go:98"}
    shared_cluster_t.go:72: 2026-09-10T01:26:10.008Z	debug	Assigning new task key	{"address": "127.0.0.1:35325", "cursor-timestamp": "2026-09-10T01:26:11.003Z", "queue-task-id": 1048599, "queue-task-type": "DeleteHistoryEvent", "shard-id": 4, "timestamp": "2026-09-11T01:26:10.012Z", "wf-id": "TestWorkflowResetTestSuite/TestAnalysisExactResetReplay/same-running/response-lost_workflow_id", "wf-namespace-id": "cc977acc-d9ad-4836-876e-5acf00ae0878", "wf-run-id": "01a088ec-1b47-75fa-aa35-509dd4aaf9fc", "logging-call-at": "/home/ubuntu/temporal-investigation-20260909/restart-20260909-1600/source-reset/service/history/shard/task_key_generator.go:98"}
    shared_cluster_t.go:72: 2026-09-10T01:26:10.009Z	debug	Assigning new task key	{"address": "127.0.0.1:35325", "cursor-timestamp": "2026-09-10T01:26:11.003Z", "queue-task-id": 1048600, "queue-task-type": "VisibilityUpsertExecution", "shard-id": 4, "timestamp": "2026-09-10T01:26:10.008Z", "wf-id": "TestWorkflowResetTestSuite/TestAnalysisExactResetReplay/same-running/response-lost_workflow_id", "wf-namespace-id": "cc977acc-d9ad-4836-876e-5acf00ae0878", "wf-run-id": "e2a5b670-817f-436a-b744-50acad5c1d21", "logging-call-at": "/home/ubuntu/temporal-investigation-20260909/restart-20260909-1600/source-reset/service/history/shard/task_key_generator.go:98"}
    shared_cluster_t.go:72: 2026-09-10T01:26:10.009Z	debug	Assigning new task key	{"address": "127.0.0.1:35325", "cursor-timestamp": "2026-09-10T01:26:11.003Z", "queue-task-id": 1048601, "queue-task-type": "WorkflowTaskTimeout", "shard-id": 4, "timestamp": "2026-09-10T01:26:20.001Z", "wf-id": "TestWorkflowResetTestSuite/TestAnalysisExactResetReplay/same-running/response-lost_workflow_id", "wf-namespace-id": "cc977acc-d9ad-4836-876e-5acf00ae0878", "wf-run-id": "e2a5b670-817f-436a-b744-50acad5c1d21", "logging-call-at": "/home/ubuntu/temporal-investigation-20260909/restart-20260909-1600/source-reset/service/history/shard/task_key_generator.go:98"}
    shared_cluster_t.go:72: 2026-09-10T01:26:10.009Z	debug	Assigning new task key	{"address": "127.0.0.1:35325", "cursor-timestamp": "2026-09-10T01:26:11.003Z", "queue-task-id": 1048602, "queue-task-type": "TransferWorkflowTask", "shard-id": 4, "timestamp": "2026-09-10T01:26:10.008Z", "wf-id": "TestWorkflowResetTestSuite/TestAnalysisExactResetReplay/same-running/response-lost_workflow_id", "wf-namespace-id": "cc977acc-d9ad-4836-876e-5acf00ae0878", "wf-run-id": "e2a5b670-817f-436a-b744-50acad5c1d21", "logging-call-at": "/home/ubuntu/temporal-investigation-20260909/restart-20260909-1600/source-reset/service/history/shard/task_key_generator.go:98"}
    fault_injection.go:45: Fault injection fired: *workflowservice.ResetWorkflowExecutionRequest
    shared_cluster_t.go:72: 2026-09-10T01:26:10.009Z	debug	Process task as active.	{"address": "127.0.0.1:35325", "component": "transfer-queue-processor", "shard-id": 4, "value": "WorkflowTask{WorkflowKey: cc977acc-d9ad-4836-876e-5acf00ae0878/TestWorkflowResetTestSuite/TestAnalysisExactResetReplay/same-running/response-lost_workflow_id/e2a5b670-817f-436a-b744-50acad5c1d21, VisibilityTimestamp: 2026-09-10 01:26:10.008942725 +0000 UTC, TaskID: 1048602, TaskQueue: TestWorkflowResetTestSuite/TestAnalysisExactResetReplay/same-running/response-lost_task_queue, ScheduledEventID: 5, Version: 0}", "wf-namespace-id": "cc977acc-d9ad-4836-876e-5acf00ae0878", "logging-call-at": "/home/ubuntu/temporal-investigation-20260909/restart-20260909-1600/source-reset/service/history/queues/active_standby_executor.go:121"}
    shared_cluster_t.go:72: 2026-09-10T01:26:10.009Z	error	service failures	{"operation": "ResetWorkflowExecution", "wf-namespace": "TestWorkflowResetTestSuite-TestAnalysisExactResetReplay-same-running-response-lost-e30f21e0-6979-40c8-87da-0563300b1fe6", "grpc_code": "Unavailable", "wf-id": "TestWorkflowResetTestSuite/TestAnalysisExactResetReplay/same-running/response-lost_workflow_id", "wf-run-id": "01a088ec-1b47-75fa-aa35-509dd4aaf9fc", "error": "analysis: successful Reset response discarded", "logging-call-at": "/home/ubuntu/temporal-investigation-20260909/restart-20260909-1600/source-reset/common/rpc/interceptor/request_error_handler.go:96"}
        go.temporal.io/server/common/log.(*zapLogger).Error
        	/home/ubuntu/temporal-investigation-20260909/restart-20260909-1600/source-reset/common/log/zap_logger.go:191
        go.temporal.io/server/common/testing/testlogger.(*TestLogger).Error
        	/home/ubuntu/temporal-investigation-20260909/restart-20260909-1600/source-reset/common/testing/testlogger/testlogger.go:543
        go.temporal.io/server/common/rpc/interceptor.(*RequestErrorHandler).logError
        	/home/ubuntu/temporal-investigation-20260909/restart-20260909-1600/source-reset/common/rpc/interceptor/request_error_handler.go:96
        go.temporal.io/server/common/rpc/interceptor.(*RequestErrorHandler).HandleError
        	/home/ubuntu/temporal-investigation-20260909/restart-20260909-1600/source-reset/common/rpc/interceptor/request_error_handler.go:72
        go.temporal.io/server/common/rpc/interceptor.(*TelemetryInterceptor).UnaryIntercept
        	/home/ubuntu/temporal-investigation-20260909/restart-20260909-1600/source-reset/common/rpc/interceptor/telemetry.go:194
        google.golang.org/grpc.getChainUnaryHandler.1
        	/home/ubuntu/go/pkg/mod/google.golang.org/grpc@v1.82.1/server.go:1256
        go.temporal.io/server/common/rpc/interceptor.(*Redirection).handleRedirectAPIInvocation.func2
        	/home/ubuntu/temporal-investigation-20260909/restart-20260909-1600/source-reset/common/rpc/interceptor/redirection.go:318
        go.temporal.io/server/common/rpc/interceptor.(*NoopRedirectionPolicy).WithNamespaceRedirect
        	/home/ubuntu/temporal-investigation-20260909/restart-20260909-1600/source-reset/common/rpc/interceptor/dc_redirection_policy.go:124
        go.temporal.io/server/common/rpc/interceptor.(*Redirection).handleRedirectAPIInvocation
        	/home/ubuntu/temporal-investigation-20260909/restart-20260909-1600/source-reset/common/rpc/interceptor/redirection.go:315
        go.temporal.io/server/common/rpc/interceptor.(*Redirection).Intercept
        	/home/ubuntu/temporal-investigation-20260909/restart-20260909-1600/source-reset/common/rpc/interceptor/redirection.go:275
        google.golang.org/grpc.getChainUnaryHandler.func1
        	/home/ubuntu/go/pkg/mod/google.golang.org/grpc@v1.82.1/server.go:1256
        go.temporal.io/server/common/rpc/interceptor.(*NamespaceHandoverInterceptor).Intercept
        	/home/ubuntu/temporal-investigation-20260909/restart-20260909-1600/source-reset/common/rpc/interceptor/namespace_handover.go:141
        google.golang.org/grpc.getChainUnaryHandler.1
        	/home/ubuntu/go/pkg/mod/google.golang.org/grpc@v1.82.1/server.go:1256
        go.temporal.io/server/common/authorization.(*Interceptor).Intercept
        	/home/ubuntu/temporal-investigation-20260909/restart-20260909-1600/source-reset/common/authorization/interceptor.go:184
        google.golang.org/grpc.getChainUnaryHandler.func1
        	/home/ubuntu/go/pkg/mod/google.golang.org/grpc@v1.82.1/server.go:1256
        go.temporal.io/server/common/metrics.NewServerMetricsContextInjectorInterceptor.func1
        	/home/ubuntu/temporal-investigation-20260909/restart-20260909-1600/source-reset/common/metrics/grpc.go:42
        google.golang.org/grpc.getChainUnaryHandler.1
        	/home/ubuntu/go/pkg/mod/google.golang.org/grpc@v1.82.1/server.go:1256
        go.temporal.io/server/common/rpc/interceptor.(*NamespaceLogInterceptor).Intercept
        	/home/ubuntu/temporal-investigation-20260909/restart-20260909-1600/source-reset/common/rpc/interceptor/namespace_logger.go:60
        google.golang.org/grpc.getChainUnaryHandler.func1
        	/home/ubuntu/go/pkg/mod/google.golang.org/grpc@v1.82.1/server.go:1256
        go.temporal.io/server/common/rpc/interceptor.(*NamespaceValidatorInterceptor).NamespaceValidateIntercept
        	/home/ubuntu/temporal-investigation-20260909/restart-20260909-1600/source-reset/common/rpc/interceptor/namespace_validator.go:128
        google.golang.org/grpc.getChainUnaryHandler.1
        	/home/ubuntu/go/pkg/mod/google.golang.org/grpc@v1.82.1/server.go:1256
        go.temporal.io/server/common/rpc/interceptor.(*RoutingKeyInterceptor).Intercept
        	/home/ubuntu/temporal-investigation-20260909/restart-20260909-1600/source-reset/common/rpc/interceptor/routing_key_interceptor.go:121
        google.golang.org/grpc.getChainUnaryHandler.func1
        	/home/ubuntu/go/pkg/mod/google.golang.org/grpc@v1.82.1/server.go:1256
        go.temporal.io/server/common/rpc/interceptor.NewFrontendServiceErrorInterceptor.func1
        	/home/ubuntu/temporal-investigation-20260909/restart-20260909-1600/source-reset/common/rpc/interceptor/frontend_service_error.go:35
        google.golang.org/grpc.getChainUnaryHandler.1
        	/home/ubuntu/go/pkg/mod/google.golang.org/grpc@v1.82.1/server.go:1256
        go.temporal.io/server/common/rpc/interceptor.(*ServiceErrorInterceptor).capturePanicHandler
        	/home/ubuntu/temporal-investigation-20260909/restart-20260909-1600/source-reset/common/rpc/interceptor/service_error_interceptor.go:72
        go.temporal.io/server/common/rpc/interceptor.(*ServiceErrorInterceptor).Intercept
        	/home/ubuntu/temporal-investigation-20260909/restart-20260909-1600/source-reset/common/rpc/interceptor/service_error_interceptor.go:45
        google.golang.org/grpc.getChainUnaryHandler.func1
        	/home/ubuntu/go/pkg/mod/google.golang.org/grpc@v1.82.1/server.go:1256
        go.temporal.io/server/common/rpc/interceptor.(*MaskInternalErrorDetailsInterceptor).Intercept
        	/home/ubuntu/temporal-investigation-20260909/restart-20260909-1600/source-reset/common/rpc/interceptor/mask_internal_error.go:51
        google.golang.org/grpc.chainUnaryInterceptors.func1
        	/home/ubuntu/go/pkg/mod/google.golang.org/grpc@v1.82.1/server.go:1247
        go.temporal.io/api/workflowservice/v1._WorkflowService_ResetWorkflowExecution_Handler
        	/home/ubuntu/go/pkg/mod/go.temporal.io/api@v1.63.5/workflowservice/v1/service_grpc.pb.go:3727
        google.golang.org/grpc.(*Server).processUnaryRPC
        	/home/ubuntu/go/pkg/mod/google.golang.org/grpc@v1.82.1/server.go:1443
        google.golang.org/grpc.(*Server).handleStream
        	/home/ubuntu/go/pkg/mod/google.golang.org/grpc@v1.82.1/server.go:1858
        google.golang.org/grpc.(*Server).serveStreams.func2.1
        	/home/ubuntu/go/pkg/mod/google.golang.org/grpc@v1.82.1/server.go:1078
    shared_cluster_t.go:72: 2026-09-10T01:26:10.009Z	debug	Process task as active.	{"address": "127.0.0.1:35325", "component": "transfer-queue-processor", "shard-id": 4, "value": "CloseExecutionTask{WorkflowKey: cc977acc-d9ad-4836-876e-5acf00ae0878/TestWorkflowResetTestSuite/TestAnalysisExactResetReplay/same-running/response-lost_workflow_id/01a088ec-1b47-75fa-aa35-509dd4aaf9fc, VisibilityTimestamp: 2026-09-10 01:26:10.008942725 +0000 UTC, TaskID: 1048597, Version: 0, DeleteAfterClose: false, DeleteProcessStage: 0}", "wf-namespace-id": "cc977acc-d9ad-4836-876e-5acf00ae0878", "logging-call-at": "/home/ubuntu/temporal-investigation-20260909/restart-20260909-1600/source-reset/service/history/queues/active_standby_executor.go:121"}
    reset_identity_analysis_test.go:80: response_loss=verified observed_error=analysis: successful Reset response discarded
    shared_cluster_t.go:72: 2026-09-10T01:26:10.010Z	debug	Frontend method invoked.	{"wf-namespace": "TestWorkflowResetTestSuite-TestAnalysisExactResetReplay-same-running-response-lost-e30f21e0-6979-40c8-87da-0563300b1fe6", "operation": "DescribeMutableState", "server-name": "", "cert-thumbprint": "", "logging-call-at": "/home/ubuntu/temporal-investigation-20260909/restart-20260909-1600/source-reset/common/rpc/interceptor/namespace_logger.go:53"}
    shared_cluster_t.go:72: 2026-09-10T01:26:10.011Z	debug	routing key extraction: adding routing key to context	{"wf-id": "TestWorkflowResetTestSuite/TestAnalysisExactResetReplay/same-running/response-lost_workflow_id", "grpc-method": "/temporal.api.workflowservice.v1.WorkflowService/ResetWorkflowExecution", "logging-call-at": "/home/ubuntu/temporal-investigation-20260909/restart-20260909-1600/source-reset/common/rpc/interceptor/routing_key_interceptor.go:112"}
    shared_cluster_t.go:72: 2026-09-10T01:26:10.011Z	debug	Frontend method invoked.	{"wf-namespace": "TestWorkflowResetTestSuite-TestAnalysisExactResetReplay-same-running-response-lost-e30f21e0-6979-40c8-87da-0563300b1fe6", "operation": "ResetWorkflowExecution", "server-name": "", "cert-thumbprint": "", "logging-call-at": "/home/ubuntu/temporal-investigation-20260909/restart-20260909-1600/source-reset/common/rpc/interceptor/namespace_logger.go:53"}
    shared_cluster_t.go:72: 2026-09-10T01:26:10.012Z	debug	time skipping skipped for: time skipping is not enabled	{"address": "127.0.0.1:35325", "shard-id": 4, "wf-id": "TestWorkflowResetTestSuite/TestAnalysisExactResetReplay/same-running/response-lost_workflow_id", "wf-namespace": "TestWorkflowResetTestSuite-TestAnalysisExactResetReplay-same-running-response-lost-e30f21e0-6979-40c8-87da-0563300b1fe6", "wf-namespace-id": "cc977acc-d9ad-4836-876e-5acf00ae0878", "wf-run-id": "e2a5b670-817f-436a-b744-50acad5c1d21", "logging-call-at": "/home/ubuntu/temporal-investigation-20260909/restart-20260909-1600/source-reset/common/log/lazy_logger.go:30"}
    shared_cluster_t.go:72: 2026-09-10T01:26:10.012Z	debug	Workflow task updated	{"address": "127.0.0.1:35325", "attempt": 1, "shard-id": 4, "wf-id": "TestWorkflowResetTestSuite/TestAnalysisExactResetReplay/same-running/response-lost_workflow_id", "wf-namespace": "TestWorkflowResetTestSuite-TestAnalysisExactResetReplay-same-running-response-lost-e30f21e0-6979-40c8-87da-0563300b1fe6", "wf-run-id": "5311fe45-c449-4950-a5b6-470ea09c4080", "wf-scheduled-event-id": 2, "wf-started-event-id": 0, "wf-started-timestamp": "0001-01-01T00:00:00.000Z", "workflow-task-request-id": "emptyUuid", "workflow-task-timeout": 10, "wt-type": "Normal", "logging-call-at": "/home/ubuntu/temporal-investigation-20260909/restart-20260909-1600/source-reset/common/log/lazy_logger.go:30"}
    shared_cluster_t.go:72: 2026-09-10T01:26:10.012Z	debug	Workflow task updated	{"address": "127.0.0.1:35325", "attempt": 1, "shard-id": 4, "wf-id": "TestWorkflowResetTestSuite/TestAnalysisExactResetReplay/same-running/response-lost_workflow_id", "wf-namespace": "TestWorkflowResetTestSuite-TestAnalysisExactResetReplay-same-running-response-lost-e30f21e0-6979-40c8-87da-0563300b1fe6", "wf-run-id": "5311fe45-c449-4950-a5b6-470ea09c4080", "wf-scheduled-event-id": 2, "wf-started-event-id": 3, "wf-started-timestamp": "2026-09-10T01:26:10.000Z", "workflow-task-request-id": "ddc35131-d11c-4f00-bd28-15ba82604e33", "workflow-task-timeout": 10, "wt-type": "Normal", "logging-call-at": "/home/ubuntu/temporal-investigation-20260909/restart-20260909-1600/source-reset/common/log/lazy_logger.go:30"}
    shared_cluster_t.go:72: 2026-09-10T01:26:10.012Z	debug	Workflow task updated	{"address": "127.0.0.1:35325", "attempt": 2, "shard-id": 4, "wf-id": "TestWorkflowResetTestSuite/TestAnalysisExactResetReplay/same-running/response-lost_workflow_id", "wf-namespace": "TestWorkflowResetTestSuite-TestAnalysisExactResetReplay-same-running-response-lost-e30f21e0-6979-40c8-87da-0563300b1fe6", "wf-run-id": "5311fe45-c449-4950-a5b6-470ea09c4080", "wf-scheduled-event-id": 0, "wf-started-event-id": 0, "wf-started-timestamp": "1970-01-01T00:00:00.000Z", "workflow-task-request-id": "emptyUuid", "workflow-task-timeout": 0, "wt-type": "Unspecified", "logging-call-at": "/home/ubuntu/temporal-investigation-20260909/restart-20260909-1600/source-reset/common/log/lazy_logger.go:30"}
    shared_cluster_t.go:72: 2026-09-10T01:26:10.012Z	debug	Workflow task updated	{"address": "127.0.0.1:35325", "attempt": 1, "shard-id": 4, "wf-id": "TestWorkflowResetTestSuite/TestAnalysisExactResetReplay/same-running/response-lost_workflow_id", "wf-namespace": "TestWorkflowResetTestSuite-TestAnalysisExactResetReplay-same-running-response-lost-e30f21e0-6979-40c8-87da-0563300b1fe6", "wf-run-id": "5311fe45-c449-4950-a5b6-470ea09c4080", "wf-scheduled-event-id": 5, "wf-started-event-id": 0, "wf-started-timestamp": "0001-01-01T00:00:00.000Z", "workflow-task-request-id": "emptyUuid", "workflow-task-timeout": 10, "wt-type": "Normal", "logging-call-at": "/home/ubuntu/temporal-investigation-20260909/restart-20260909-1600/source-reset/common/log/lazy_logger.go:30"}
    shared_cluster_t.go:72: 2026-09-10T01:26:10.012Z	debug	time skipping skipped for: time skipping is not enabled	{"address": "127.0.0.1:35325", "shard-id": 4, "wf-id": "TestWorkflowResetTestSuite/TestAnalysisExactResetReplay/same-running/response-lost_workflow_id", "wf-namespace": "TestWorkflowResetTestSuite-TestAnalysisExactResetReplay-same-running-response-lost-e30f21e0-6979-40c8-87da-0563300b1fe6", "wf-run-id": "5311fe45-c449-4950-a5b6-470ea09c4080", "logging-call-at": "/home/ubuntu/temporal-investigation-20260909/restart-20260909-1600/source-reset/common/log/lazy_logger.go:30"}
    shared_cluster_t.go:72: 2026-09-10T01:26:10.012Z	debug	time skipping skipped for: time skipping is not enabled	{"address": "127.0.0.1:35325", "shard-id": 4, "wf-id": "TestWorkflowResetTestSuite/TestAnalysisExactResetReplay/same-running/response-lost_workflow_id", "wf-namespace": "TestWorkflowResetTestSuite-TestAnalysisExactResetReplay-same-running-response-lost-e30f21e0-6979-40c8-87da-0563300b1fe6", "wf-namespace-id": "cc977acc-d9ad-4836-876e-5acf00ae0878", "wf-run-id": "01a088ec-1b47-75fa-aa35-509dd4aaf9fc", "logging-call-at": "/home/ubuntu/temporal-investigation-20260909/restart-20260909-1600/source-reset/common/log/lazy_logger.go:30"}
    shared_cluster_t.go:72: 2026-09-10T01:26:10.012Z	debug	Assigning new task key	{"address": "127.0.0.1:35325", "cursor-timestamp": "2026-09-10T01:26:11.009Z", "queue-task-id": 1048609, "queue-task-type": "DeleteHistoryEvent", "shard-id": 4, "timestamp": "2026-09-11T01:26:10.615Z", "wf-id": "TestWorkflowResetTestSuite/TestAnalysisExactResetReplay/same-running/response-lost_workflow_id", "wf-namespace-id": "cc977acc-d9ad-4836-876e-5acf00ae0878", "wf-run-id": "e2a5b670-817f-436a-b744-50acad5c1d21", "logging-call-at": "/home/ubuntu/temporal-investigation-20260909/restart-20260909-1600/source-reset/service/history/shard/task_key_generator.go:98"}
    shared_cluster_t.go:72: 2026-09-10T01:26:10.012Z	debug	Assigning new task key	{"address": "127.0.0.1:35325", "cursor-timestamp": "2026-09-10T01:26:11.009Z", "queue-task-id": 1048610, "queue-task-type": "TransferCloseExecution", "shard-id": 4, "timestamp": "2026-09-10T01:26:10.012Z", "wf-id": "TestWorkflowResetTestSuite/TestAnalysisExactResetReplay/same-running/response-lost_workflow_id", "wf-namespace-id": "cc977acc-d9ad-4836-876e-5acf00ae0878", "wf-run-id": "e2a5b670-817f-436a-b744-50acad5c1d21", "logging-call-at": "/home/ubuntu/temporal-investigation-20260909/restart-20260909-1600/source-reset/service/history/shard/task_key_generator.go:98"}
    shared_cluster_t.go:72: 2026-09-10T01:26:10.012Z	debug	Assigning new task key	{"address": "127.0.0.1:35325", "cursor-timestamp": "2026-09-10T01:26:11.009Z", "queue-task-id": 1048611, "queue-task-type": "VisibilityCloseExecution", "shard-id": 4, "timestamp": "2026-09-10T01:26:10.012Z", "wf-id": "TestWorkflowResetTestSuite/TestAnalysisExactResetReplay/same-running/response-lost_workflow_id", "wf-namespace-id": "cc977acc-d9ad-4836-876e-5acf00ae0878", "wf-run-id": "e2a5b670-817f-436a-b744-50acad5c1d21", "logging-call-at": "/home/ubuntu/temporal-investigation-20260909/restart-20260909-1600/source-reset/service/history/shard/task_key_generator.go:98"}
    shared_cluster_t.go:72: 2026-09-10T01:26:10.012Z	debug	Assigning new task key	{"address": "127.0.0.1:35325", "cursor-timestamp": "2026-09-10T01:26:11.009Z", "queue-task-id": 1048612, "queue-task-type": "VisibilityUpsertExecution", "shard-id": 4, "timestamp": "2026-09-10T01:26:10.012Z", "wf-id": "TestWorkflowResetTestSuite/TestAnalysisExactResetReplay/same-running/response-lost_workflow_id", "wf-namespace-id": "cc977acc-d9ad-4836-876e-5acf00ae0878", "wf-run-id": "5311fe45-c449-4950-a5b6-470ea09c4080", "logging-call-at": "/home/ubuntu/temporal-investigation-20260909/restart-20260909-1600/source-reset/service/history/shard/task_key_generator.go:98"}
    shared_cluster_t.go:72: 2026-09-10T01:26:10.012Z	debug	Assigning new task key	{"address": "127.0.0.1:35325", "cursor-timestamp": "2026-09-10T01:26:11.009Z", "queue-task-id": 1048613, "queue-task-type": "WorkflowTaskTimeout", "shard-id": 4, "timestamp": "2026-09-10T01:26:20.001Z", "wf-id": "TestWorkflowResetTestSuite/TestAnalysisExactResetReplay/same-running/response-lost_workflow_id", "wf-namespace-id": "cc977acc-d9ad-4836-876e-5acf00ae0878", "wf-run-id": "5311fe45-c449-4950-a5b6-470ea09c4080", "logging-call-at": "/home/ubuntu/temporal-investigation-20260909/restart-20260909-1600/source-reset/service/history/shard/task_key_generator.go:98"}
    shared_cluster_t.go:72: 2026-09-10T01:26:10.012Z	debug	Assigning new task key	{"address": "127.0.0.1:35325", "cursor-timestamp": "2026-09-10T01:26:11.009Z", "queue-task-id": 1048614, "queue-task-type": "TransferWorkflowTask", "shard-id": 4, "timestamp": "2026-09-10T01:26:10.012Z", "wf-id": "TestWorkflowResetTestSuite/TestAnalysisExactResetReplay/same-running/response-lost_workflow_id", "wf-namespace-id": "cc977acc-d9ad-4836-876e-5acf00ae0878", "wf-run-id": "5311fe45-c449-4950-a5b6-470ea09c4080", "logging-call-at": "/home/ubuntu/temporal-investigation-20260909/restart-20260909-1600/source-reset/service/history/shard/task_key_generator.go:98"}
    shared_cluster_t.go:72: 2026-09-10T01:26:10.014Z	debug	Process task as active.	{"address": "127.0.0.1:35325", "component": "transfer-queue-processor", "shard-id": 4, "value": "WorkflowTask{WorkflowKey: cc977acc-d9ad-4836-876e-5acf00ae0878/TestWorkflowResetTestSuite/TestAnalysisExactResetReplay/same-running/response-lost_workflow_id/5311fe45-c449-4950-a5b6-470ea09c4080, VisibilityTimestamp: 2026-09-10 01:26:10.012842025 +0000 UTC, TaskID: 1048614, TaskQueue: TestWorkflowResetTestSuite/TestAnalysisExactResetReplay/same-running/response-lost_task_queue, ScheduledEventID: 5, Version: 0}", "wf-namespace-id": "cc977acc-d9ad-4836-876e-5acf00ae0878", "logging-call-at": "/home/ubuntu/temporal-investigation-20260909/restart-20260909-1600/source-reset/service/history/queues/active_standby_executor.go:121"}
    shared_cluster_t.go:72: 2026-09-10T01:26:10.014Z	debug	Frontend method invoked.	{"wf-namespace": "TestWorkflowResetTestSuite-TestAnalysisExactResetReplay-same-running-response-lost-e30f21e0-6979-40c8-87da-0563300b1fe6", "operation": "DescribeMutableState", "server-name": "", "cert-thumbprint": "", "logging-call-at": "/home/ubuntu/temporal-investigation-20260909/restart-20260909-1600/source-reset/common/rpc/interceptor/namespace_logger.go:53"}
    shared_cluster_t.go:72: 2026-09-10T01:26:10.014Z	debug	Process task as active.	{"address": "127.0.0.1:35325", "component": "transfer-queue-processor", "shard-id": 4, "value": "CloseExecutionTask{WorkflowKey: cc977acc-d9ad-4836-876e-5acf00ae0878/TestWorkflowResetTestSuite/TestAnalysisExactResetReplay/same-running/response-lost_workflow_id/e2a5b670-817f-436a-b744-50acad5c1d21, VisibilityTimestamp: 2026-09-10 01:26:10.012842025 +0000 UTC, TaskID: 1048610, Version: 0, DeleteAfterClose: false, DeleteProcessStage: 0}", "wf-namespace-id": "cc977acc-d9ad-4836-876e-5acf00ae0878", "logging-call-at": "/home/ubuntu/temporal-investigation-20260909/restart-20260909-1600/source-reset/service/history/queues/active_standby_executor.go:121"}
    shared_cluster_t.go:72: 2026-09-10T01:26:10.015Z	debug	Frontend method invoked.	{"wf-namespace": "TestWorkflowResetTestSuite-TestAnalysisExactResetReplay-same-running-response-lost-e30f21e0-6979-40c8-87da-0563300b1fe6", "operation": "DescribeMutableState", "server-name": "", "cert-thumbprint": "", "logging-call-at": "/home/ubuntu/temporal-investigation-20260909/restart-20260909-1600/source-reset/common/rpc/interceptor/namespace_logger.go:53"}
    shared_cluster_t.go:72: 2026-09-10T01:26:10.016Z	debug	Frontend method invoked.	{"wf-namespace": "TestWorkflowResetTestSuite-TestAnalysisExactResetReplay-same-running-response-lost-e30f21e0-6979-40c8-87da-0563300b1fe6", "operation": "DescribeMutableState", "server-name": "", "cert-thumbprint": "", "logging-call-at": "/home/ubuntu/temporal-investigation-20260909/restart-20260909-1600/source-reset/common/rpc/interceptor/namespace_logger.go:53"}
    shared_cluster_t.go:72: 2026-09-10T01:26:10.016Z	debug	routing key extraction: adding routing key to context	{"wf-id": "TestWorkflowResetTestSuite/TestAnalysisExactResetReplay/same-running/response-lost_workflow_id", "grpc-method": "/temporal.api.workflowservice.v1.WorkflowService/DescribeWorkflowExecution", "logging-call-at": "/home/ubuntu/temporal-investigation-20260909/restart-20260909-1600/source-reset/common/rpc/interceptor/routing_key_interceptor.go:112"}
    shared_cluster_t.go:72: 2026-09-10T01:26:10.017Z	debug	Frontend method invoked.	{"wf-namespace": "TestWorkflowResetTestSuite-TestAnalysisExactResetReplay-same-running-response-lost-e30f21e0-6979-40c8-87da-0563300b1fe6", "operation": "DescribeWorkflowExecution", "server-name": "", "cert-thumbprint": "", "logging-call-at": "/home/ubuntu/temporal-investigation-20260909/restart-20260909-1600/source-reset/common/rpc/interceptor/namespace_logger.go:53"}
    reset_identity_analysis_test.go:93: mode=same-running reset_request_id=7e73a5df-e3dc-4d2e-ac20-da57051c75bd original_start_id=b7dd174a-1c8b-404a-b22b-23a5e77fc15d first=e2a5b670-817f-436a-b744-50acad5c1d21 second=5311fe45-c449-4950-a5b6-470ea09c4080 current=5311fe45-c449-4950-a5b6-470ea09c4080
    reset_identity_analysis_test.go:94: first_before=execution_info:{namespace_id:"cc977acc-d9ad-4836-876e-5acf00ae0878"  workflow_id:"TestWorkflowResetTestSuite/TestAnalysisExactResetReplay/same-running/response-lost_workflow_id"  task_queue:"TestWorkflowResetTestSuite/TestAnalysisExactResetReplay/same-running/response-lost_task_queue"  workflow_type_name:"test-workflow-arg"  workflow_execution_timeout:{}  workflow_run_timeout:{}  default_workflow_task_timeout:{seconds:10}  last_running_clock:1048595  last_first_event_id:4  start_time:{seconds:1789003570  nanos:8392368}  last_update_time:{seconds:1789003570  nanos:8933822}  workflow_task_scheduled_event_id:5  workflow_task_timeout:{seconds:10}  workflow_task_attempt:1  workflow_task_started_time:{}  workflow_task_scheduled_time:{seconds:1789003570  nanos:8845683}  workflow_task_original_scheduled_time:{seconds:1789003570  nanos:8845583}  workflow_task_request_id:"emptyUuid"  workflow_task_type:WORKFLOW_TASK_TYPE_NORMAL  workflow_task_attempts_since_last_success:1  attempt:1  auto_reset_points:{}  version_histories:{histories:{branch_token:"\n$01a088ec-1b47-75fa-aa35-509dd4aaf9fc\x12$b61d801d-9ebc-4d66-ab8e-f7c991446c4a\x1a*\n$01a088ec-1b47-766c-9497-33138a895b2d\x10\x01\x18\x04"  items:{event_id:5}}}  first_execution_run_id:"01a088ec-1b47-75fa-aa35-509dd4aaf9fc"  execution_stats:{history_size:955}  workflow_run_expiration_time:{seconds:-62135596800}  last_first_event_txn_id:1048596  state_transition_count:2  execution_time:{seconds:1789003570  nanos:8392368}  base_execution_info:{run_id:"01a088ec-1b47-75fa-aa35-509dd4aaf9fc"  lowest_common_ancestor_event_id:3}  transition_history:{transition_count:1}  root_workflow_id:"TestWorkflowResetTestSuite/TestAnalysisExactResetReplay/same-running/response-lost_workflow_id"  root_run_id:"e2a5b670-817f-436a-b744-50acad5c1d21"  task_generation_shard_clock_timestamp:1048594  workflow_task_last_update_versioned_transition:{transition_count:1}  sub_state_machine_tombstone_batches:{versioned_transition:{transition_count:1}}  original_execution_run_id:"01a088ec-1b47-75fa-aa35-509dd4aaf9fc"  last_workflow_task_failure_cause:WORKFLOW_TASK_FAILED_CAUSE_RESET_WORKFLOW}  execution_state:{create_request_id:"b7dd174a-1c8b-404a-b22b-23a5e77fc15d"  run_id:"e2a5b670-817f-436a-b744-50acad5c1d21"  state:WORKFLOW_EXECUTION_STATE_RUNNING  status:WORKFLOW_EXECUTION_STATUS_RUNNING  start_time:{seconds:1789003570  nanos:8392368}  request_ids:{key:"b7dd174a-1c8b-404a-b22b-23a5e77fc15d"  value:{event_type:EVENT_TYPE_WORKFLOW_EXECUTION_STARTED  event_id:1}}  first_execution_run_id:"01a088ec-1b47-75fa-aa35-509dd4aaf9fc"}  next_event_id:6 first_after=execution_info:{namespace_id:"cc977acc-d9ad-4836-876e-5acf00ae0878"  workflow_id:"TestWorkflowResetTestSuite/TestAnalysisExactResetReplay/same-running/response-lost_workflow_id"  completion_event_batch_id:6  task_queue:"TestWorkflowResetTestSuite/TestAnalysisExactResetReplay/same-running/response-lost_task_queue"  workflow_type_name:"test-workflow-arg"  workflow_execution_timeout:{}  workflow_run_timeout:{}  default_workflow_task_timeout:{seconds:10}  last_running_clock:1048603  last_first_event_id:6  start_time:{seconds:1789003570  nanos:8392368}  last_update_time:{seconds:1789003570  nanos:12122369}  workflow_task_scheduled_event_id:5  workflow_task_timeout:{seconds:10}  workflow_task_attempt:1  workflow_task_started_time:{}  workflow_task_scheduled_time:{seconds:1789003570  nanos:8845683}  workflow_task_original_scheduled_time:{seconds:1789003570  nanos:8845583}  workflow_task_request_id:"emptyUuid"  workflow_task_type:WORKFLOW_TASK_TYPE_NORMAL  workflow_task_attempts_since_last_success:1  attempt:1  auto_reset_points:{}  version_histories:{histories:{branch_token:"\n$01a088ec-1b47-75fa-aa35-509dd4aaf9fc\x12$b61d801d-9ebc-4d66-ab8e-f7c991446c4a\x1a*\n$01a088ec-1b47-766c-9497-33138a895b2d\x10\x01\x18\x04"  items:{event_id:6}}}  first_execution_run_id:"01a088ec-1b47-75fa-aa35-509dd4aaf9fc"  execution_stats:{history_size:1024}  workflow_run_expiration_time:{seconds:-62135596800}  last_first_event_txn_id:1048604  state_transition_count:3  execution_time:{seconds:1789003570  nanos:8392368}  close_time:{seconds:1789003570  nanos:12003444}  base_execution_info:{run_id:"01a088ec-1b47-75fa-aa35-509dd4aaf9fc"  lowest_common_ancestor_event_id:3}  transition_history:{transition_count:2}  root_workflow_id:"TestWorkflowResetTestSuite/TestAnalysisExactResetReplay/same-running/response-lost_workflow_id"  root_run_id:"e2a5b670-817f-436a-b744-50acad5c1d21"  task_generation_shard_clock_timestamp:1048594  workflow_task_last_update_versioned_transition:{transition_count:1}  visibility_last_update_versioned_transition:{transition_count:2}  sub_state_machine_tombstone_batches:{versioned_transition:{transition_count:1}}  workflow_was_reset:true  original_execution_run_id:"01a088ec-1b47-75fa-aa35-509dd4aaf9fc"  last_workflow_task_failure_cause:WORKFLOW_TASK_FAILED_CAUSE_RESET_WORKFLOW}  execution_state:{create_request_id:"b7dd174a-1c8b-404a-b22b-23a5e77fc15d"  run_id:"e2a5b670-817f-436a-b744-50acad5c1d21"  state:WORKFLOW_EXECUTION_STATE_COMPLETED  status:WORKFLOW_EXECUTION_STATUS_TERMINATED  last_update_versioned_transition:{transition_count:2}  start_time:{seconds:1789003570  nanos:8392368}  request_ids:{key:"b7dd174a-1c8b-404a-b22b-23a5e77fc15d"  value:{event_type:EVENT_TYPE_WORKFLOW_EXECUTION_STARTED  event_id:1}}  first_execution_run_id:"01a088ec-1b47-75fa-aa35-509dd4aaf9fc"}  next_event_id:7 base_after=activity_infos:{key:5  value:{scheduled_event_batch_id:4  scheduled_time:{seconds:1789003570  nanos:2880173}  activity_id:"test-activity-id"  schedule_to_start_timeout:{}  schedule_to_close_timeout:{}  start_to_close_timeout:{seconds:10}  heartbeat_timeout:{}  attempt:1  task_queue:"TestWorkflowResetTestSuite/TestAnalysisExactResetReplay/same-running/response-lost_task_queue"  has_retry_policy:true  retry_initial_interval:{seconds:1}  retry_maximum_interval:{seconds:100}  retry_backoff_coefficient:2  scheduled_event_id:5  activity_type:{name:"test-activity-name"}  last_update_versioned_transition:{transition_count:3}  first_scheduled_time:{seconds:1789003570  nanos:2880173}}}  execution_info:{namespace_id:"cc977acc-d9ad-4836-876e-5acf00ae0878"  workflow_id:"TestWorkflowResetTestSuite/TestAnalysisExactResetReplay/same-running/response-lost_workflow_id"  completion_event_batch_id:6  task_queue:"TestWorkflowResetTestSuite/TestAnalysisExactResetReplay/same-running/response-lost_task_queue"  workflow_type_name:"test-workflow-arg"  workflow_execution_timeout:{}  workflow_run_timeout:{}  default_workflow_task_timeout:{seconds:10}  last_running_clock:1048591  last_first_event_id:6  last_completed_workflow_task_started_event_id:3  start_time:{seconds:1789003569  nanos:991392261}  last_update_time:{seconds:1789003570  nanos:12834274}  workflow_task_timeout:{}  workflow_task_attempt:1  workflow_task_started_time:{}  workflow_task_scheduled_time:{}  workflow_task_original_scheduled_time:{seconds:1789003569  nanos:991465499}  workflow_task_request_id:"emptyUuid"  attempt:1  activity_count:1  auto_reset_points:{points:{run_id:"01a088ec-1b47-75fa-aa35-509dd4aaf9fc"  first_workflow_task_completed_id:4  create_time:{seconds:1789003570  nanos:2846915}  resettable:true}}  search_attributes:{key:"BuildIds"  value:{metadata:{key:"encoding"  value:"json/plain"}  metadata:{key:"type"  value:"KeywordList"}  data:"[\"unversioned\"]"}}  version_histories:{histories:{branch_token:"\n$01a088ec-1b47-75fa-aa35-509dd4aaf9fc\x12$01a088ec-1b47-766c-9497-33138a895b2d"  items:{event_id:6}}}  first_execution_run_id:"01a088ec-1b47-75fa-aa35-509dd4aaf9fc"  execution_stats:{history_size:994}  workflow_run_expiration_time:{seconds:-62135596800}  last_first_event_txn_id:1048592  state_transition_count:5  execution_time:{seconds:1789003569  nanos:991392261}  close_transfer_task_id:1048597  close_visibility_task_id:1048598  close_time:{seconds:1789003570  nanos:8164743}  transition_history:{transition_count:5}  root_workflow_id:"TestWorkflowResetTestSuite/TestAnalysisExactResetReplay/same-running/response-lost_workflow_id"  root_run_id:"01a088ec-1b47-75fa-aa35-509dd4aaf9fc"  task_generation_shard_clock_timestamp:1048576  workflow_task_last_update_versioned_transition:{transition_count:3}  visibility_last_update_versioned_transition:{transition_count:4}  sub_state_machine_tombstone_batches:{versioned_transition:{transition_count:1}}  workflow_was_reset:true  reset_run_id:"5311fe45-c449-4950-a5b6-470ea09c4080"  original_execution_run_id:"01a088ec-1b47-75fa-aa35-509dd4aaf9fc"}  execution_state:{create_request_id:"b7dd174a-1c8b-404a-b22b-23a5e77fc15d"  run_id:"01a088ec-1b47-75fa-aa35-509dd4aaf9fc"  state:WORKFLOW_EXECUTION_STATE_COMPLETED  status:WORKFLOW_EXECUTION_STATUS_TERMINATED  last_update_versioned_transition:{transition_count:4}  start_time:{seconds:1789003569  nanos:991392261}  request_ids:{key:"b7dd174a-1c8b-404a-b22b-23a5e77fc15d"  value:{event_type:EVENT_TYPE_WORKFLOW_EXECUTION_STARTED  event_id:1}}  first_execution_run_id:"01a088ec-1b47-75fa-aa35-509dd4aaf9fc"}  next_event_id:7 second_after=execution_info:{namespace_id:"cc977acc-d9ad-4836-876e-5acf00ae0878"  workflow_id:"TestWorkflowResetTestSuite/TestAnalysisExactResetReplay/same-running/response-lost_workflow_id"  task_queue:"TestWorkflowResetTestSuite/TestAnalysisExactResetReplay/same-running/response-lost_task_queue"  workflow_type_name:"test-workflow-arg"  workflow_execution_timeout:{}  workflow_run_timeout:{}  default_workflow_task_timeout:{seconds:10}  last_running_clock:1048607  last_first_event_id:4  start_time:{seconds:1789003570  nanos:12241594}  last_update_time:{seconds:1789003570  nanos:12803559}  workflow_task_scheduled_event_id:5  workflow_task_timeout:{seconds:10}  workflow_task_attempt:1  workflow_task_started_time:{}  workflow_task_scheduled_time:{seconds:1789003570  nanos:12722460}  workflow_task_original_scheduled_time:{seconds:1789003570  nanos:12722349}  workflow_task_request_id:"emptyUuid"  workflow_task_type:WORKFLOW_TASK_TYPE_NORMAL  workflow_task_attempts_since_last_success:1  attempt:1  auto_reset_points:{}  version_histories:{histories:{branch_token:"\n$01a088ec-1b47-75fa-aa35-509dd4aaf9fc\x12$27f4231f-2ced-4f46-88e0-f3346d37f2fb\x1a*\n$01a088ec-1b47-766c-9497-33138a895b2d\x10\x01\x18\x04"  items:{event_id:5}}}  first_execution_run_id:"01a088ec-1b47-75fa-aa35-509dd4aaf9fc"  execution_stats:{history_size:955}  workflow_run_expiration_time:{seconds:-62135596800}  last_first_event_txn_id:1048608  state_transition_count:2  execution_time:{seconds:1789003570  nanos:12241594}  base_execution_info:{run_id:"01a088ec-1b47-75fa-aa35-509dd4aaf9fc"  lowest_common_ancestor_event_id:3}  transition_history:{transition_count:1}  root_workflow_id:"TestWorkflowResetTestSuite/TestAnalysisExactResetReplay/same-running/response-lost_workflow_id"  root_run_id:"5311fe45-c449-4950-a5b6-470ea09c4080"  task_generation_shard_clock_timestamp:1048606  workflow_task_last_update_versioned_transition:{transition_count:1}  sub_state_machine_tombstone_batches:{versioned_transition:{transition_count:1}}  original_execution_run_id:"01a088ec-1b47-75fa-aa35-509dd4aaf9fc"  last_workflow_task_failure_cause:WORKFLOW_TASK_FAILED_CAUSE_RESET_WORKFLOW}  execution_state:{create_request_id:"b7dd174a-1c8b-404a-b22b-23a5e77fc15d"  run_id:"5311fe45-c449-4950-a5b6-470ea09c4080"  state:WORKFLOW_EXECUTION_STATE_RUNNING  status:WORKFLOW_EXECUTION_STATUS_RUNNING  start_time:{seconds:1789003570  nanos:12241594}  request_ids:{key:"b7dd174a-1c8b-404a-b22b-23a5e77fc15d"  value:{event_type:EVENT_TYPE_WORKFLOW_EXECUTION_STARTED  event_id:1}}  first_execution_run_id:"01a088ec-1b47-75fa-aa35-509dd4aaf9fc"}  next_event_id:6
    shared_cluster_t.go:72: 2026-09-10T01:26:10.018Z	debug	routing key extraction: adding routing key to context	{"wf-id": "TestWorkflowResetTestSuite/TestAnalysisExactResetReplay/same-running/response-lost_workflow_id", "grpc-method": "/temporal.api.workflowservice.v1.WorkflowService/GetWorkflowExecutionHistory", "logging-call-at": "/home/ubuntu/temporal-investigation-20260909/restart-20260909-1600/source-reset/common/rpc/interceptor/routing_key_interceptor.go:112"}
    shared_cluster_t.go:72: 2026-09-10T01:26:10.018Z	debug	Frontend method invoked.	{"wf-namespace": "TestWorkflowResetTestSuite-TestAnalysisExactResetReplay-same-running-response-lost-e30f21e0-6979-40c8-87da-0563300b1fe6", "operation": "GetWorkflowExecutionHistory", "server-name": "", "cert-thumbprint": "", "logging-call-at": "/home/ubuntu/temporal-investigation-20260909/restart-20260909-1600/source-reset/common/rpc/interceptor/namespace_logger.go:53"}
    reset_identity_analysis_test.go:105: history_run=e2a5b670-817f-436a-b744-50acad5c1d21 history=events:{event_id:1  event_time:{seconds:1789003569  nanos:991392261}  event_type:EVENT_TYPE_WORKFLOW_EXECUTION_STARTED  task_id:1048576  workflow_execution_started_event_attributes:{workflow_type:{name:"test-workflow-arg"}  task_queue:{name:"TestWorkflowResetTestSuite/TestAnalysisExactResetReplay/same-running/response-lost_task_queue"  kind:TASK_QUEUE_KIND_NORMAL}  workflow_execution_timeout:{}  workflow_run_timeout:{}  workflow_task_timeout:{seconds:10}  original_execution_run_id:"01a088ec-1b47-75fa-aa35-509dd4aaf9fc"  identity:"3992880@qiancheng-ubuntu24@"  first_execution_run_id:"01a088ec-1b47-75fa-aa35-509dd4aaf9fc"  attempt:1  first_workflow_task_backoff:{}  header:{}  workflow_id:"TestWorkflowResetTestSuite/TestAnalysisExactResetReplay/same-running/response-lost_workflow_id"}}  events:{event_id:2  event_time:{seconds:1789003569  nanos:991465739}  event_type:EVENT_TYPE_WORKFLOW_TASK_SCHEDULED  task_id:1048577  workflow_task_scheduled_event_attributes:{task_queue:{name:"TestWorkflowResetTestSuite/TestAnalysisExactResetReplay/same-running/response-lost_task_queue"  kind:TASK_QUEUE_KIND_NORMAL}  start_to_close_timeout:{seconds:10}  attempt:1}}  events:{event_id:3  event_time:{seconds:1789003570  nanos:729676}  event_type:EVENT_TYPE_WORKFLOW_TASK_STARTED  task_id:1048582  workflow_task_started_event_attributes:{scheduled_event_id:2  identity:"TestWorkflowResetTestSuite/TestAnalysisExactResetReplay/same-running/response-lost_worker_identity"  request_id:"ddc35131-d11c-4f00-bd28-15ba82604e33"  history_size_bytes:500}}  events:{event_id:4  event_time:{seconds:1789003570  nanos:8686179}  event_type:EVENT_TYPE_WORKFLOW_TASK_FAILED  task_id:1048594  workflow_task_failed_event_attributes:{scheduled_event_id:2  started_event_id:3  cause:WORKFLOW_TASK_FAILED_CAUSE_RESET_WORKFLOW  failure:{message:"reset identity analysis"  reset_workflow_failure_info:{}}  identity:"history-service"  base_run_id:"01a088ec-1b47-75fa-aa35-509dd4aaf9fc"  new_run_id:"e2a5b670-817f-436a-b744-50acad5c1d21"}}  events:{event_id:5  event_time:{seconds:1789003570  nanos:8845683}  event_type:EVENT_TYPE_WORKFLOW_TASK_SCHEDULED  task_id:1048595  workflow_task_scheduled_event_attributes:{task_queue:{name:"TestWorkflowResetTestSuite/TestAnalysisExactResetReplay/same-running/response-lost_task_queue"  kind:TASK_QUEUE_KIND_NORMAL}  start_to_close_timeout:{seconds:10}  attempt:1}}  events:{event_id:6  event_time:{seconds:1789003570  nanos:12003444}  event_type:EVENT_TYPE_WORKFLOW_EXECUTION_TERMINATED  task_id:1048603  workflow_execution_terminated_event_attributes:{reason:"reset identity analysis"  identity:"history-resetter"}}
    shared_cluster_t.go:72: 2026-09-10T01:26:10.019Z	debug	routing key extraction: adding routing key to context	{"wf-id": "TestWorkflowResetTestSuite/TestAnalysisExactResetReplay/same-running/response-lost_workflow_id", "grpc-method": "/temporal.api.workflowservice.v1.WorkflowService/GetWorkflowExecutionHistory", "logging-call-at": "/home/ubuntu/temporal-investigation-20260909/restart-20260909-1600/source-reset/common/rpc/interceptor/routing_key_interceptor.go:112"}
    shared_cluster_t.go:72: 2026-09-10T01:26:10.019Z	debug	Frontend method invoked.	{"wf-namespace": "TestWorkflowResetTestSuite-TestAnalysisExactResetReplay-same-running-response-lost-e30f21e0-6979-40c8-87da-0563300b1fe6", "operation": "GetWorkflowExecutionHistory", "server-name": "", "cert-thumbprint": "", "logging-call-at": "/home/ubuntu/temporal-investigation-20260909/restart-20260909-1600/source-reset/common/rpc/interceptor/namespace_logger.go:53"}
    reset_identity_analysis_test.go:105: history_run=5311fe45-c449-4950-a5b6-470ea09c4080 history=events:{event_id:1  event_time:{seconds:1789003569  nanos:991392261}  event_type:EVENT_TYPE_WORKFLOW_EXECUTION_STARTED  task_id:1048576  workflow_execution_started_event_attributes:{workflow_type:{name:"test-workflow-arg"}  task_queue:{name:"TestWorkflowResetTestSuite/TestAnalysisExactResetReplay/same-running/response-lost_task_queue"  kind:TASK_QUEUE_KIND_NORMAL}  workflow_execution_timeout:{}  workflow_run_timeout:{}  workflow_task_timeout:{seconds:10}  original_execution_run_id:"01a088ec-1b47-75fa-aa35-509dd4aaf9fc"  identity:"3992880@qiancheng-ubuntu24@"  first_execution_run_id:"01a088ec-1b47-75fa-aa35-509dd4aaf9fc"  attempt:1  first_workflow_task_backoff:{}  header:{}  workflow_id:"TestWorkflowResetTestSuite/TestAnalysisExactResetReplay/same-running/response-lost_workflow_id"}}  events:{event_id:2  event_time:{seconds:1789003569  nanos:991465739}  event_type:EVENT_TYPE_WORKFLOW_TASK_SCHEDULED  task_id:1048577  workflow_task_scheduled_event_attributes:{task_queue:{name:"TestWorkflowResetTestSuite/TestAnalysisExactResetReplay/same-running/response-lost_task_queue"  kind:TASK_QUEUE_KIND_NORMAL}  start_to_close_timeout:{seconds:10}  attempt:1}}  events:{event_id:3  event_time:{seconds:1789003570  nanos:729676}  event_type:EVENT_TYPE_WORKFLOW_TASK_STARTED  task_id:1048582  workflow_task_started_event_attributes:{scheduled_event_id:2  identity:"TestWorkflowResetTestSuite/TestAnalysisExactResetReplay/same-running/response-lost_worker_identity"  request_id:"ddc35131-d11c-4f00-bd28-15ba82604e33"  history_size_bytes:500}}  events:{event_id:4  event_time:{seconds:1789003570  nanos:12556276}  event_type:EVENT_TYPE_WORKFLOW_TASK_FAILED  task_id:1048606  workflow_task_failed_event_attributes:{scheduled_event_id:2  started_event_id:3  cause:WORKFLOW_TASK_FAILED_CAUSE_RESET_WORKFLOW  failure:{message:"reset identity analysis"  reset_workflow_failure_info:{}}  identity:"history-service"  base_run_id:"01a088ec-1b47-75fa-aa35-509dd4aaf9fc"  new_run_id:"5311fe45-c449-4950-a5b6-470ea09c4080"}}  events:{event_id:5  event_time:{seconds:1789003570  nanos:12722460}  event_type:EVENT_TYPE_WORKFLOW_TASK_SCHEDULED  task_id:1048607  workflow_task_scheduled_event_attributes:{task_queue:{name:"TestWorkflowResetTestSuite/TestAnalysisExactResetReplay/same-running/response-lost_task_queue"  kind:TASK_QUEUE_KIND_NORMAL}  start_to_close_timeout:{seconds:10}  attempt:1}}
    reset_identity_analysis_test.go:107: 
        	Error Trace:	/home/ubuntu/temporal-investigation-20260909/restart-20260909-1600/source-reset/tests/reset_identity_analysis_test.go:107
        	Error:      	Not equal: 
        	            	expected: "e2a5b670-817f-436a-b744-50acad5c1d21"
        	            	actual  : "5311fe45-c449-4950-a5b6-470ea09c4080"
        	            	
        	            	Diff:
        	            	--- Expected
        	            	+++ Actual
        	            	@@ -1 +1 @@
        	            	-e2a5b670-817f-436a-b744-50acad5c1d21
        	            	+5311fe45-c449-4950-a5b6-470ea09c4080
        	Test:       	TestWorkflowResetTestSuite/TestAnalysisExactResetReplay/same-running/response-lost
        	Messages:   	identical immediately repeated Reset must return the original reset run
--- FAIL: TestWorkflowResetTestSuite (0.00s)
    --- FAIL: TestWorkflowResetTestSuite/TestAnalysisExactResetReplay (0.28s)
        --- FAIL: TestWorkflowResetTestSuite/TestAnalysisExactResetReplay/same-running/response-received (0.16s)
        --- FAIL: TestWorkflowResetTestSuite/TestAnalysisExactResetReplay/same-running/response-lost (0.11s)
FAIL
MC2_TEST_BINARY_EXIT=1
BUG_MC2_REPRODUCED: identical Reset request was executed through FrontendClient twice; both response-received and response-lost paths produced a second run instead of returning the first reset run.
