source_path	destination_path	type	mode	mtime_ns	size	sha256	symlink_target	action	classification	reason	encoded
runs/specula/nvflare-lite-full-opus55-20260925/lite/source/.specula-lite/job-lifecycle-20260925/NOTES.md	NOTES.md	file	0644	1790319917399973607	2979	828ed8c8d00daf225749444f9d938dc920b911132636f979388c58cb65cdc614		copy	run-evidence	Original source bytes preserved	"{""source_id"":""nvflare-lite-full-20260925"",""source_sha256"":""828ed8c8d00daf225749444f9d938dc920b911132636f979388c58cb65cdc614""}"
	README.md	file	0664	0	1933	c3be5075c3ed97fc62ecef9349c68da8a0de9b90cbd3df09b3a4cf8a355f6e7c		generated	curated-documentation-or-archive-validation	Archive entrypoint or metadata	{}
runs/specula/nvflare-lite-full-opus55-20260925/lite/source/.specula-lite/job-lifecycle-20260925/brief-coverage.md	brief-coverage.md	file	0644	1790319659042064887	4994	d4335c4aee71da3844741654fb00fbdc6949a4ed4d5662d07d63c8b1515e78b1		copy	run-evidence	Original source bytes preserved	"{""source_id"":""nvflare-lite-full-20260925"",""source_sha256"":""d4335c4aee71da3844741654fb00fbdc6949a4ed4d5662d07d63c8b1515e78b1""}"
runs/specula/nvflare-lite-full-opus55-20260925/lite/source/.specula-lite/job-lifecycle-20260925/modeling-brief.md	modeling-brief.md	file	0644	1790319720261328739	13629	81ecf92ea722163dc24503a88f96b9817a6119c72518a45713d89b4e655ee0f5		copy	run-evidence	Original source bytes preserved	"{""source_id"":""nvflare-lite-full-20260925"",""source_sha256"":""81ecf92ea722163dc24503a88f96b9817a6119c72518a45713d89b4e655ee0f5""}"
runs/specula/nvflare-lite-full-opus55-20260925/lite/source/.specula-lite/job-lifecycle-20260925/models/lifecycle/MC.cfg	models/lifecycle/MC.cfg	file	0644	1790315535688990849	835	0ec334ffa1762a189834f272d7b0a2bce7d65c3f48bdbcc0c99cb3b17565924f		copy	run-evidence	Original source bytes preserved	"{""source_id"":""nvflare-lite-full-20260925"",""source_sha256"":""0ec334ffa1762a189834f272d7b0a2bce7d65c3f48bdbcc0c99cb3b17565924f""}"
runs/specula/nvflare-lite-full-opus55-20260925/lite/source/.specula-lite/job-lifecycle-20260925/models/lifecycle/MC.tla	models/lifecycle/MC.tla	file	0644	1790315627841891225	6161	4f6ccac93abf778343e3dece9ed7134957bac24b9f03b012d6d33973c2e82af1		copy	run-evidence	Original source bytes preserved	"{""source_id"":""nvflare-lite-full-20260925"",""source_sha256"":""4f6ccac93abf778343e3dece9ed7134957bac24b9f03b012d6d33973c2e82af1""}"
runs/specula/nvflare-lite-full-opus55-20260925/lite/source/.specula-lite/job-lifecycle-20260925/models/lifecycle/MC_assume.cfg	models/lifecycle/MC_assume.cfg	file	0644	1790315535683990909	878	8d69cd375ab33eb0e6227f2b203b5734495f341bc08f519a4e2000a277098b27		copy	run-evidence	Original source bytes preserved	"{""source_id"":""nvflare-lite-full-20260925"",""source_sha256"":""8d69cd375ab33eb0e6227f2b203b5734495f341bc08f519a4e2000a277098b27""}"
runs/specula/nvflare-lite-full-opus55-20260925/lite/source/.specula-lite/job-lifecycle-20260925/models/lifecycle/MC_assume_1c.cfg	models/lifecycle/MC_assume_1c.cfg	file	0644	1790315606922141247	872	c58b2d4a1d89434eaaa2cb2e1c94a8ed66b2a11d92a27c99c5b51721200d52ce		copy	run-evidence	Original source bytes preserved	"{""source_id"":""nvflare-lite-full-20260925"",""source_sha256"":""c58b2d4a1d89434eaaa2cb2e1c94a8ed66b2a11d92a27c99c5b51721200d52ce""}"
runs/specula/nvflare-lite-full-opus55-20260925/lite/source/.specula-lite/job-lifecycle-20260925/models/lifecycle/MC_assume_2jobs.cfg	models/lifecycle/MC_assume_2jobs.cfg	file	0644	1790315646531669654	783	74597de92cb98f23935e639fb5ba48b6fd11d4bf791e9c37e74a437320148940		copy	run-evidence	Original source bytes preserved	"{""source_id"":""nvflare-lite-full-20260925"",""source_sha256"":""74597de92cb98f23935e639fb5ba48b6fd11d4bf791e9c37e74a437320148940""}"
runs/specula/nvflare-lite-full-opus55-20260925/lite/source/.specula-lite/job-lifecycle-20260925/models/lifecycle/MC_hunt_abort.cfg	models/lifecycle/MC_hunt_abort.cfg	file	0644	1790315535702990682	577	e36007eb389fe28896df41a2d970d5f5cd8c08f4979a34cbafb54cbccccf25ab		copy	run-evidence	Original source bytes preserved	"{""source_id"":""nvflare-lite-full-20260925"",""source_sha256"":""e36007eb389fe28896df41a2d970d5f5cd8c08f4979a34cbafb54cbccccf25ab""}"
runs/specula/nvflare-lite-full-opus55-20260925/lite/source/.specula-lite/job-lifecycle-20260925/models/lifecycle/MC_hunt_abort_AbortFromDispatchedHonored.cfg	models/lifecycle/MC_hunt_abort_AbortFromDispatchedHonored.cfg	file	0644	1790315535697990742	591	0fdf62aa871a61c055f49c842eb1c6a91ac2f56a85cb9e9442d4804a70147816		copy	run-evidence	Original source bytes preserved	"{""source_id"":""nvflare-lite-full-20260925"",""source_sha256"":""0fdf62aa871a61c055f49c842eb1c6a91ac2f56a85cb9e9442d4804a70147816""}"
runs/specula/nvflare-lite-full-opus55-20260925/lite/source/.specula-lite/job-lifecycle-20260925/models/lifecycle/MC_hunt_abort_AbortedNotLaunched.cfg	models/lifecycle/MC_hunt_abort_AbortedNotLaunched.cfg	file	0644	1790315535692990802	583	34d667d1a249ed5be4050bee403534da7116939929bc9f4dd794c16003022a1d		copy	run-evidence	Original source bytes preserved	"{""source_id"":""nvflare-lite-full-20260925"",""source_sha256"":""34d667d1a249ed5be4050bee403534da7116939929bc9f4dd794c16003022a1d""}"
runs/specula/nvflare-lite-full-opus55-20260925/lite/source/.specula-lite/job-lifecycle-20260925/models/lifecycle/MC_hunt_delete.cfg	models/lifecycle/MC_hunt_delete.cfg	file	0644	1790315535707990622	588	223e1c2cbd33418cee90bdc0e9bb3caa4d1db9da88512e86d0a008c47dc844df		copy	run-evidence	Original source bytes preserved	"{""source_id"":""nvflare-lite-full-20260925"",""source_sha256"":""223e1c2cbd33418cee90bdc0e9bb3caa4d1db9da88512e86d0a008c47dc844df""}"
runs/specula/nvflare-lite-full-opus55-20260925/lite/source/.specula-lite/job-lifecycle-20260925/models/lifecycle/MC_hunt_delete_noscan.cfg	models/lifecycle/MC_hunt_delete_noscan.cfg	file	0644	1790315535711990574	598	084986cbe71597b12f8948298ac50b1d5d58178412cacb75feb49d7852c71eb4		copy	run-evidence	Original source bytes preserved	"{""source_id"":""nvflare-lite-full-20260925"",""source_sha256"":""084986cbe71597b12f8948298ac50b1d5d58178412cacb75feb49d7852c71eb4""}"
runs/specula/nvflare-lite-full-opus55-20260925/lite/source/.specula-lite/job-lifecycle-20260925/models/lifecycle/MC_hunt_delete_noscan_nostat1.cfg	models/lifecycle/MC_hunt_delete_noscan_nostat1.cfg	file	0644	1790315535716990514	603	0e50695e3c9ae224f20af8f389c87480cf97b6671463e7a0577631a8b744c435		copy	run-evidence	Original source bytes preserved	"{""source_id"":""nvflare-lite-full-20260925"",""source_sha256"":""0e50695e3c9ae224f20af8f389c87480cf97b6671463e7a0577631a8b744c435""}"
runs/specula/nvflare-lite-full-opus55-20260925/lite/source/.specula-lite/job-lifecycle-20260925/models/lifecycle/MC_hunt_overlap.cfg	models/lifecycle/MC_hunt_overlap.cfg	file	0644	1790315606922141247	879	341f21ee0d80d11916e6da56a62d6ab0c00e444d1e1dfa111983184381b2fe63		copy	run-evidence	Original source bytes preserved	"{""source_id"":""nvflare-lite-full-20260925"",""source_sha256"":""341f21ee0d80d11916e6da56a62d6ab0c00e444d1e1dfa111983184381b2fe63""}"
runs/specula/nvflare-lite-full-opus55-20260925/lite/source/.specula-lite/job-lifecycle-20260925/models/lifecycle/MC_hunt_overlap_assume2.cfg	models/lifecycle/MC_hunt_overlap_assume2.cfg	file	0644	1790315627845891177	865	12172a8fcf5ec3fa4d003550cb3a6230dba2de405d448beab766656cbc65b0f4		copy	run-evidence	Original source bytes preserved	"{""source_id"":""nvflare-lite-full-20260925"",""source_sha256"":""12172a8fcf5ec3fa4d003550cb3a6230dba2de405d448beab766656cbc65b0f4""}"
runs/specula/nvflare-lite-full-opus55-20260925/lite/source/.specula-lite/job-lifecycle-20260925/models/lifecycle/MC_sim_2x2.cfg	models/lifecycle/MC_sim_2x2.cfg	file	0644	1790315912410504936	811	58dda50f6a58badb6a727a01f960913ff5547c200e6094d9f6ac0e3e5fc84b47		copy	run-evidence	Original source bytes preserved	"{""source_id"":""nvflare-lite-full-20260925"",""source_sha256"":""58dda50f6a58badb6a727a01f960913ff5547c200e6094d9f6ac0e3e5fc84b47""}"
runs/specula/nvflare-lite-full-opus55-20260925/lite/source/.specula-lite/job-lifecycle-20260925/models/lifecycle/base.tla	models/lifecycle/base.tla	file	0644	1790315606919141283	41040	82f3ccc1ace0834cb8c04f02c181ab02b0e33d6e7b797e1877c0974d6053542b		copy	run-evidence	Original source bytes preserved	"{""source_id"":""nvflare-lite-full-20260925"",""source_sha256"":""82f3ccc1ace0834cb8c04f02c181ab02b0e33d6e7b797e1877c0974d6053542b""}"
runs/specula/nvflare-lite-full-opus55-20260925/lite/source/.specula-lite/job-lifecycle-20260925/models/lifecycle/changelog.md	models/lifecycle/changelog.md	file	0644	1790319692001667852	4895	ae6cfb7f2faf0e7d107ca0fc8e7ecc337644272e81051ae798aebd71419ae199		copy	run-evidence	Original source bytes preserved	"{""source_id"":""nvflare-lite-full-20260925"",""source_sha256"":""ae6cfb7f2faf0e7d107ca0fc8e7ecc337644272e81051ae798aebd71419ae199""}"
runs/specula/nvflare-lite-full-opus55-20260925/lite/source/.specula-lite/job-lifecycle-20260925/models/lifecycle/output/base_v1_before_abortLive.tla	models/lifecycle/output/base_v1_before_abortLive.tla	file	0644	1790315594267291244	40066	b569f6f0dafaeeb98275a09af3abe23f1aa2d1d3f77ce5d62c9b8459c59a650f		copy	run-evidence	Original source bytes preserved	"{""source_id"":""nvflare-lite-full-20260925"",""source_sha256"":""b569f6f0dafaeeb98275a09af3abe23f1aa2d1d3f77ce5d62c9b8459c59a650f""}"
runs/specula/nvflare-lite-full-opus55-20260925/lite/source/.specula-lite/job-lifecycle-20260925/models/lifecycle/output/hunt_abort_1.log	models/lifecycle/output/hunt_abort_1.log	file	0644	1790314789014899851	12910	2578ccec58801b32746487f7d9e50e00d83ef5b844becbdb5944c97bf5023583		copy	run-evidence	Original source bytes preserved	"{""source_id"":""nvflare-lite-full-20260925"",""source_sha256"":""2578ccec58801b32746487f7d9e50e00d83ef5b844becbdb5944c97bf5023583""}"
runs/specula/nvflare-lite-full-opus55-20260925/lite/source/.specula-lite/job-lifecycle-20260925/models/lifecycle/output/hunt_abort_1.log.run.json	models/lifecycle/output/hunt_abort_1.log.run.json	file	0644	1790314789042899517	814	baf9cce23d0973735e5517597343632fbc12df4546ccc8db522877f5b0cd46b7		copy	run-evidence	Original source bytes preserved	"{""source_id"":""nvflare-lite-full-20260925"",""source_sha256"":""baf9cce23d0973735e5517597343632fbc12df4546ccc8db522877f5b0cd46b7""}"
runs/specula/nvflare-lite-full-opus55-20260925/lite/source/.specula-lite/job-lifecycle-20260925/models/lifecycle/output/hunt_abort_1.log.trace.json	models/lifecycle/output/hunt_abort_1.log.trace.json	file	0644	1790314788994900090	21276	a31b7bffe3cdd0f8c4d4f46a164d54ad5b156ed57b548dc5d8f2e013e2fa80ac		copy	run-evidence	Original source bytes preserved	"{""source_id"":""nvflare-lite-full-20260925"",""source_sha256"":""a31b7bffe3cdd0f8c4d4f46a164d54ad5b156ed57b548dc5d8f2e013e2fa80ac""}"
runs/specula/nvflare-lite-full-opus55-20260925/lite/source/.specula-lite/job-lifecycle-20260925/models/lifecycle/output/hunt_abort_AbortFromDispatchedHonored_1.log	models/lifecycle/output/hunt_abort_AbortFromDispatchedHonored_1.log	file	0644	1790314816720569425	15084	37033201312405ddbd0e38342a82b565de1bac9a8792d17a12b3b9659c67b475		copy	run-evidence	Original source bytes preserved	"{""source_id"":""nvflare-lite-full-20260925"",""source_sha256"":""37033201312405ddbd0e38342a82b565de1bac9a8792d17a12b3b9659c67b475""}"
runs/specula/nvflare-lite-full-opus55-20260925/lite/source/.specula-lite/job-lifecycle-20260925/models/lifecycle/output/hunt_abort_AbortFromDispatchedHonored_1.log.run.json	models/lifecycle/output/hunt_abort_AbortFromDispatchedHonored_1.log.run.json	file	0644	1790314816759568960	868	6acb12416447d0be66dd9b77b89974cae96a4938c1faa512ff9367ab67fab11b		copy	run-evidence	Original source bytes preserved	"{""source_id"":""nvflare-lite-full-20260925"",""source_sha256"":""6acb12416447d0be66dd9b77b89974cae96a4938c1faa512ff9367ab67fab11b""}"
runs/specula/nvflare-lite-full-opus55-20260925/lite/source/.specula-lite/job-lifecycle-20260925/models/lifecycle/output/hunt_abort_AbortFromDispatchedHonored_1.log.trace.json	models/lifecycle/output/hunt_abort_AbortFromDispatchedHonored_1.log.trace.json	file	0644	1790314816706569592	26345	e658f989df48984a4687edefe97e8beed491bc9d3cc871ee7265ba75a2ecab6a		copy	run-evidence	Original source bytes preserved	"{""source_id"":""nvflare-lite-full-20260925"",""source_sha256"":""e658f989df48984a4687edefe97e8beed491bc9d3cc871ee7265ba75a2ecab6a""}"
runs/specula/nvflare-lite-full-opus55-20260925/lite/source/.specula-lite/job-lifecycle-20260925/models/lifecycle/output/hunt_abort_AbortedNotLaunched_1.log	models/lifecycle/output/hunt_abort_AbortedNotLaunched_1.log	file	0644	1790314815962578471	17196	5c2db88e1844467080504e1fc45bcac38a2f9faef1cfea0318caa0e4f113c804		copy	run-evidence	Original source bytes preserved	"{""source_id"":""nvflare-lite-full-20260925"",""source_sha256"":""5c2db88e1844467080504e1fc45bcac38a2f9faef1cfea0318caa0e4f113c804""}"
runs/specula/nvflare-lite-full-opus55-20260925/lite/source/.specula-lite/job-lifecycle-20260925/models/lifecycle/output/hunt_abort_AbortedNotLaunched_1.log.run.json	models/lifecycle/output/hunt_abort_AbortedNotLaunched_1.log.run.json	file	0644	1790314816001578006	852	ad1f1a8dfae7b47cc2c85a398d67f037ec85c6ce9ff1fe470f6156f92af51e06		copy	run-evidence	Original source bytes preserved	"{""source_id"":""nvflare-lite-full-20260925"",""source_sha256"":""ad1f1a8dfae7b47cc2c85a398d67f037ec85c6ce9ff1fe470f6156f92af51e06""}"
runs/specula/nvflare-lite-full-opus55-20260925/lite/source/.specula-lite/job-lifecycle-20260925/models/lifecycle/output/hunt_abort_AbortedNotLaunched_1.log.trace.json	models/lifecycle/output/hunt_abort_AbortedNotLaunched_1.log.trace.json	file	0644	1790314815942578710	31401	6915b4869341a0e1092bb8e2f7720e5ce96f864fdb249c13758a55cb07ebb68c		copy	run-evidence	Original source bytes preserved	"{""source_id"":""nvflare-lite-full-20260925"",""source_sha256"":""6915b4869341a0e1092bb8e2f7720e5ce96f864fdb249c13758a55cb07ebb68c""}"
runs/specula/nvflare-lite-full-opus55-20260925/lite/source/.specula-lite/job-lifecycle-20260925/models/lifecycle/output/hunt_delete_1.log	models/lifecycle/output/hunt_delete_1.log	file	0644	1790314800862758599	10279	1317dec916527537316b28809d8192fc0b2482b36a229157f228af169b370836		copy	run-evidence	Original source bytes preserved	"{""source_id"":""nvflare-lite-full-20260925"",""source_sha256"":""1317dec916527537316b28809d8192fc0b2482b36a229157f228af169b370836""}"
runs/specula/nvflare-lite-full-opus55-20260925/lite/source/.specula-lite/job-lifecycle-20260925/models/lifecycle/output/hunt_delete_1.log.run.json	models/lifecycle/output/hunt_delete_1.log.run.json	file	0644	1790314800892758242	816	1c66c00622c081744cfc4278e3e7ef9a1075d9f4410120d6c3fd778d80c14cfb		copy	run-evidence	Original source bytes preserved	"{""source_id"":""nvflare-lite-full-20260925"",""source_sha256"":""1c66c00622c081744cfc4278e3e7ef9a1075d9f4410120d6c3fd778d80c14cfb""}"
runs/specula/nvflare-lite-full-opus55-20260925/lite/source/.specula-lite/job-lifecycle-20260925/models/lifecycle/output/hunt_delete_1.log.trace.json	models/lifecycle/output/hunt_delete_1.log.trace.json	file	0644	1790314800842758838	14408	120fd274318be0a3698d4dc1dcbf71f7f8b62e6ab6880bf28a5866db0f81c5d6		copy	run-evidence	Original source bytes preserved	"{""source_id"":""nvflare-lite-full-20260925"",""source_sha256"":""120fd274318be0a3698d4dc1dcbf71f7f8b62e6ab6880bf28a5866db0f81c5d6""}"
runs/specula/nvflare-lite-full-opus55-20260925/lite/source/.specula-lite/job-lifecycle-20260925/models/lifecycle/output/hunt_delete_noscan_1.log	models/lifecycle/output/hunt_delete_noscan_1.log	file	0644	1790314817473560438	13076	122b90de63203c37f8a7406a4d220053d03c7b30cb93a0680703e46f20ed7e5e		copy	run-evidence	Original source bytes preserved	"{""source_id"":""nvflare-lite-full-20260925"",""source_sha256"":""122b90de63203c37f8a7406a4d220053d03c7b30cb93a0680703e46f20ed7e5e""}"
runs/specula/nvflare-lite-full-opus55-20260925/lite/source/.specula-lite/job-lifecycle-20260925/models/lifecycle/output/hunt_delete_noscan_1.log.run.json	models/lifecycle/output/hunt_delete_noscan_1.log.run.json	file	0644	1790314817513559961	830	880463f93b9c1ce05ee67c49795978e488d21901bc4ffccbc9112efa16a5bdb5		copy	run-evidence	Original source bytes preserved	"{""source_id"":""nvflare-lite-full-20260925"",""source_sha256"":""880463f93b9c1ce05ee67c49795978e488d21901bc4ffccbc9112efa16a5bdb5""}"
runs/specula/nvflare-lite-full-opus55-20260925/lite/source/.specula-lite/job-lifecycle-20260925/models/lifecycle/output/hunt_delete_noscan_1.log.trace.json	models/lifecycle/output/hunt_delete_noscan_1.log.trace.json	file	0644	1790314817455560653	21035	fc98eed7b034c3a5d496925b1b0b40ede3b448cfd58680f4867dcd46f4efaefe		copy	run-evidence	Original source bytes preserved	"{""source_id"":""nvflare-lite-full-20260925"",""source_sha256"":""fc98eed7b034c3a5d496925b1b0b40ede3b448cfd58680f4867dcd46f4efaefe""}"
runs/specula/nvflare-lite-full-opus55-20260925/lite/source/.specula-lite/job-lifecycle-20260925/models/lifecycle/output/hunt_delete_noscan_nostat1_1.log	models/lifecycle/output/hunt_delete_noscan_nostat1_1.log	file	0644	1790314818245551225	17229	6b8550d5f219304ef71ec42ad47ed9eb276d1898d18f3878c42383bcf73c62a5		copy	run-evidence	Original source bytes preserved	"{""source_id"":""nvflare-lite-full-20260925"",""source_sha256"":""6b8550d5f219304ef71ec42ad47ed9eb276d1898d18f3878c42383bcf73c62a5""}"
runs/specula/nvflare-lite-full-opus55-20260925/lite/source/.specula-lite/job-lifecycle-20260925/models/lifecycle/output/hunt_delete_noscan_nostat1_1.log.run.json	models/lifecycle/output/hunt_delete_noscan_nostat1_1.log.run.json	file	0644	1790314818285550748	846	52d5d0c0a4b44189f4fbe1c56afc79f6d1e6edf1207c693e1990f925363cf3a1		copy	run-evidence	Original source bytes preserved	"{""source_id"":""nvflare-lite-full-20260925"",""source_sha256"":""52d5d0c0a4b44189f4fbe1c56afc79f6d1e6edf1207c693e1990f925363cf3a1""}"
runs/specula/nvflare-lite-full-opus55-20260925/lite/source/.specula-lite/job-lifecycle-20260925/models/lifecycle/output/hunt_delete_noscan_nostat1_1.log.trace.json	models/lifecycle/output/hunt_delete_noscan_nostat1_1.log.trace.json	file	0644	1790314818228551428	30840	27cb3e395339e5874d0c9e404e8c115a1aa244a3cf080e3041313e49a81a7504		copy	run-evidence	Original source bytes preserved	"{""source_id"":""nvflare-lite-full-20260925"",""source_sha256"":""27cb3e395339e5874d0c9e404e8c115a1aa244a3cf080e3041313e49a81a7504""}"
runs/specula/nvflare-lite-full-opus55-20260925/lite/source/.specula-lite/job-lifecycle-20260925/models/lifecycle/output/hunt_overlap_1.log	models/lifecycle/output/hunt_overlap_1.log	file	0644	1790315515404233023	13678	033d32cecc633c4b472aaade8e582593320409175ea64ab526628b81531ad119		copy	run-evidence	Original source bytes preserved	"{""source_id"":""nvflare-lite-full-20260925"",""source_sha256"":""033d32cecc633c4b472aaade8e582593320409175ea64ab526628b81531ad119""}"
runs/specula/nvflare-lite-full-opus55-20260925/lite/source/.specula-lite/job-lifecycle-20260925/models/lifecycle/output/hunt_overlap_1.log.run.json	models/lifecycle/output/hunt_overlap_1.log.run.json	file	0644	1790315515489232005	819	039631bd1b3de9c08176ccda1831492e692e13b08838bb0c62b38625a72c03c2		copy	run-evidence	Original source bytes preserved	"{""source_id"":""nvflare-lite-full-20260925"",""source_sha256"":""039631bd1b3de9c08176ccda1831492e692e13b08838bb0c62b38625a72c03c2""}"
runs/specula/nvflare-lite-full-opus55-20260925/lite/source/.specula-lite/job-lifecycle-20260925/models/lifecycle/output/hunt_overlap_1.log.trace.json	models/lifecycle/output/hunt_overlap_1.log.trace.json	file	0644	1790315515379233322	22976	a3ec0a83dbcecbb71d5462b3c4273552805fc5ccd408c58eec0d8e22cf615867		copy	run-evidence	Original source bytes preserved	"{""source_id"":""nvflare-lite-full-20260925"",""source_sha256"":""a3ec0a83dbcecbb71d5462b3c4273552805fc5ccd408c58eec0d8e22cf615867""}"
runs/specula/nvflare-lite-full-opus55-20260925/lite/source/.specula-lite/job-lifecycle-20260925/models/lifecycle/output/hunt_overlap_2.log	models/lifecycle/output/hunt_overlap_2.log	file	0644	1790315536814977389	26366	1bb49be7009ca61bd2d1f208f7887af38d9e5efdf07661a8506708a7bae8c110		copy	run-evidence	Original source bytes preserved	"{""source_id"":""nvflare-lite-full-20260925"",""source_sha256"":""1bb49be7009ca61bd2d1f208f7887af38d9e5efdf07661a8506708a7bae8c110""}"
runs/specula/nvflare-lite-full-opus55-20260925/lite/source/.specula-lite/job-lifecycle-20260925/models/lifecycle/output/hunt_overlap_2.log.run.json	models/lifecycle/output/hunt_overlap_2.log.run.json	file	0644	1790315536851976947	819	9cb1a24b0f179219556498439b359655972880afe5a41e7b42dd2caa26effa71		copy	run-evidence	Original source bytes preserved	"{""source_id"":""nvflare-lite-full-20260925"",""source_sha256"":""9cb1a24b0f179219556498439b359655972880afe5a41e7b42dd2caa26effa71""}"
runs/specula/nvflare-lite-full-opus55-20260925/lite/source/.specula-lite/job-lifecycle-20260925/models/lifecycle/output/hunt_overlap_2.log.trace.json	models/lifecycle/output/hunt_overlap_2.log.trace.json	file	0644	1790315536798977581	53575	f72c4c75ed8cf4cf6387d1038b5afe58764f347c63a5e7b343371b9041c1ffba		copy	run-evidence	Original source bytes preserved	"{""source_id"":""nvflare-lite-full-20260925"",""source_sha256"":""f72c4c75ed8cf4cf6387d1038b5afe58764f347c63a5e7b343371b9041c1ffba""}"
runs/specula/nvflare-lite-full-opus55-20260925/lite/source/.specula-lite/job-lifecycle-20260925/models/lifecycle/output/hunt_overlap_3.log	models/lifecycle/output/hunt_overlap_3.log	file	0644	1790315608396123620	26991	f7570e672f058423c961010a9dc5dc50b3640818c10e928ff1bcc32e8e50abde		copy	run-evidence	Original source bytes preserved	"{""source_id"":""nvflare-lite-full-20260925"",""source_sha256"":""f7570e672f058423c961010a9dc5dc50b3640818c10e928ff1bcc32e8e50abde""}"
runs/specula/nvflare-lite-full-opus55-20260925/lite/source/.specula-lite/job-lifecycle-20260925/models/lifecycle/output/hunt_overlap_3.log.run.json	models/lifecycle/output/hunt_overlap_3.log.run.json	file	0644	1790315608429123225	819	0e59c9b64b189b8edf6aab933f9cbd79006134bb20f45e1af3a0bb2489af4117		copy	run-evidence	Original source bytes preserved	"{""source_id"":""nvflare-lite-full-20260925"",""source_sha256"":""0e59c9b64b189b8edf6aab933f9cbd79006134bb20f45e1af3a0bb2489af4117""}"
runs/specula/nvflare-lite-full-opus55-20260925/lite/source/.specula-lite/job-lifecycle-20260925/models/lifecycle/output/hunt_overlap_3.log.trace.json	models/lifecycle/output/hunt_overlap_3.log.trace.json	file	0644	1790315608377123847	55189	57ed344ff035bdeb9e444e1fde01563c2f325b780c661f180282bb53b95d7261		copy	run-evidence	Original source bytes preserved	"{""source_id"":""nvflare-lite-full-20260925"",""source_sha256"":""57ed344ff035bdeb9e444e1fde01563c2f325b780c661f180282bb53b95d7261""}"
runs/specula/nvflare-lite-full-opus55-20260925/lite/source/.specula-lite/job-lifecycle-20260925/models/lifecycle/output/hunt_overlap_assume2_1.log	models/lifecycle/output/hunt_overlap_assume2_1.log	file	0644	1790315630780856331	3529	ee282552d84f9b3da9d27d9ed0691a692d30633161f10a84698325b7c743f87c		copy	run-evidence	Original source bytes preserved	"{""source_id"":""nvflare-lite-full-20260925"",""source_sha256"":""ee282552d84f9b3da9d27d9ed0691a692d30633161f10a84698325b7c743f87c""}"
runs/specula/nvflare-lite-full-opus55-20260925/lite/source/.specula-lite/job-lifecycle-20260925/models/lifecycle/output/hunt_overlap_assume2_1.log.run.json	models/lifecycle/output/hunt_overlap_assume2_1.log.run.json	file	0644	1790315630855855440	834	3ace3600a92fa8cdb4e5f2387fc4238ace3012b55bc75ebd9d181d7d4cd73075		copy	run-evidence	Original source bytes preserved	"{""source_id"":""nvflare-lite-full-20260925"",""source_sha256"":""3ace3600a92fa8cdb4e5f2387fc4238ace3012b55bc75ebd9d181d7d4cd73075""}"
runs/specula/nvflare-lite-full-opus55-20260925/lite/source/.specula-lite/job-lifecycle-20260925/models/lifecycle/output/mc_1.log	models/lifecycle/output/mc_1.log	file	0644	1790314659423449251	29772	a4f0296112849d8063342671dac46b339881491b978dd9e869ae0104f1ff9b65		copy	run-evidence	Original source bytes preserved	"{""source_id"":""nvflare-lite-full-20260925"",""source_sha256"":""a4f0296112849d8063342671dac46b339881491b978dd9e869ae0104f1ff9b65""}"
runs/specula/nvflare-lite-full-opus55-20260925/lite/source/.specula-lite/job-lifecycle-20260925/models/lifecycle/output/mc_1.log.run.json	models/lifecycle/output/mc_1.log.run.json	file	0644	1790314659456448856	796	1c50c607410800d1966f14be3b7ca8b96f40bacb757c865ab91b03710df85ffa		copy	run-evidence	Original source bytes preserved	"{""source_id"":""nvflare-lite-full-20260925"",""source_sha256"":""1c50c607410800d1966f14be3b7ca8b96f40bacb757c865ab91b03710df85ffa""}"
runs/specula/nvflare-lite-full-opus55-20260925/lite/source/.specula-lite/job-lifecycle-20260925/models/lifecycle/output/mc_1.log.trace.json	models/lifecycle/output/mc_1.log.trace.json	file	0644	1790314659404449478	60092	f68cdd76f0efe9c13af345f7279b7f55c62cb99cb6fe3fa783b827fae590336c		copy	run-evidence	Original source bytes preserved	"{""source_id"":""nvflare-lite-full-20260925"",""source_sha256"":""f68cdd76f0efe9c13af345f7279b7f55c62cb99cb6fe3fa783b827fae590336c""}"
runs/specula/nvflare-lite-full-opus55-20260925/lite/source/.specula-lite/job-lifecycle-20260925/models/lifecycle/output/mc_2.log	models/lifecycle/output/mc_2.log	file	0644	1790314748400384574	29984	e34c4170a17cdd67f183cb903cadbda268aabda78b4c8a0ad0bad7424d854900		copy	run-evidence	Original source bytes preserved	"{""source_id"":""nvflare-lite-full-20260925"",""source_sha256"":""e34c4170a17cdd67f183cb903cadbda268aabda78b4c8a0ad0bad7424d854900""}"
runs/specula/nvflare-lite-full-opus55-20260925/lite/source/.specula-lite/job-lifecycle-20260925/models/lifecycle/output/mc_2.log.run.json	models/lifecycle/output/mc_2.log.run.json	file	0644	1790314748431384203	796	eca3947d515036885c1aca373deef713243afcd00d481a9c597c7f6a174accd6		copy	run-evidence	Original source bytes preserved	"{""source_id"":""nvflare-lite-full-20260925"",""source_sha256"":""eca3947d515036885c1aca373deef713243afcd00d481a9c597c7f6a174accd6""}"
runs/specula/nvflare-lite-full-opus55-20260925/lite/source/.specula-lite/job-lifecycle-20260925/models/lifecycle/output/mc_2.log.trace.json	models/lifecycle/output/mc_2.log.trace.json	file	0644	1790314748379384826	60421	1037635930cf3510ac67c7551187f2670bdea8709ccce5d0f5d8deb61b28f574		copy	run-evidence	Original source bytes preserved	"{""source_id"":""nvflare-lite-full-20260925"",""source_sha256"":""1037635930cf3510ac67c7551187f2670bdea8709ccce5d0f5d8deb61b28f574""}"
runs/specula/nvflare-lite-full-opus55-20260925/lite/source/.specula-lite/job-lifecycle-20260925/models/lifecycle/output/mc_assume_1.log	models/lifecycle/output/mc_assume_1.log	file	0644	1790315438497150394	4835	e664b3f799c82c2657fba56d25867dad04544c7137fc1528ef177fef63ae0627		copy	run-evidence	Original source bytes preserved	"{""source_id"":""nvflare-lite-full-20260925"",""source_sha256"":""e664b3f799c82c2657fba56d25867dad04544c7137fc1528ef177fef63ae0627""}"
runs/specula/nvflare-lite-full-opus55-20260925/lite/source/.specula-lite/job-lifecycle-20260925/models/lifecycle/output/mc_assume_1.log.run.json	models/lifecycle/output/mc_assume_1.log.run.json	file	0644	1790315460872883112	834	d8f058ffe1a8954d5435b1508d4638fb5fbaec9d71b09776fe760d8791e2ca34		copy	run-evidence	Original source bytes preserved	"{""source_id"":""nvflare-lite-full-20260925"",""source_sha256"":""d8f058ffe1a8954d5435b1508d4638fb5fbaec9d71b09776fe760d8791e2ca34""}"
runs/specula/nvflare-lite-full-opus55-20260925/lite/source/.specula-lite/job-lifecycle-20260925/models/lifecycle/output/mc_assume_1c_1.log	models/lifecycle/output/mc_assume_1c_1.log	file	0644	1790315520273174925	3787	de539d15ba48c49c38a3f6402fe79402f36107e8163b3b379ecf029f6a9ddb1a		copy	run-evidence	Original source bytes preserved	"{""source_id"":""nvflare-lite-full-20260925"",""source_sha256"":""de539d15ba48c49c38a3f6402fe79402f36107e8163b3b379ecf029f6a9ddb1a""}"
runs/specula/nvflare-lite-full-opus55-20260925/lite/source/.specula-lite/job-lifecycle-20260925/models/lifecycle/output/mc_assume_1c_1.log.run.json	models/lifecycle/output/mc_assume_1c_1.log.run.json	file	0644	1790315520358173911	815	2840ab0e9efbd26f323cc2694381f2e0f7e0591bccb060e188570ce3ec08150d		copy	run-evidence	Original source bytes preserved	"{""source_id"":""nvflare-lite-full-20260925"",""source_sha256"":""2840ab0e9efbd26f323cc2694381f2e0f7e0591bccb060e188570ce3ec08150d""}"
runs/specula/nvflare-lite-full-opus55-20260925/lite/source/.specula-lite/job-lifecycle-20260925/models/lifecycle/output/mc_assume_2jobs_1.log	models/lifecycle/output/mc_assume_2jobs_1.log	file	0644	1790315887467802355	4198	70a1b9eb22dc15087ca4b13918d22fbcd76e0f5327bbb971a22731b94b72a9e4		copy	run-evidence	Original source bytes preserved	"{""source_id"":""nvflare-lite-full-20260925"",""source_sha256"":""70a1b9eb22dc15087ca4b13918d22fbcd76e0f5327bbb971a22731b94b72a9e4""}"
runs/specula/nvflare-lite-full-opus55-20260925/lite/source/.specula-lite/job-lifecycle-20260925/models/lifecycle/output/mc_assume_2jobs_1.log.run.json	models/lifecycle/output/mc_assume_2jobs_1.log.run.json	file	0644	1790315887762798837	822	d96b881861ecc381891bbcc32b7e3a241b1da32cdb9b3a2c14ce8f74fd536523		copy	run-evidence	Original source bytes preserved	"{""source_id"":""nvflare-lite-full-20260925"",""source_sha256"":""d96b881861ecc381891bbcc32b7e3a241b1da32cdb9b3a2c14ce8f74fd536523""}"
runs/specula/nvflare-lite-full-opus55-20260925/lite/source/.specula-lite/job-lifecycle-20260925/models/lifecycle/output/parse_base_1.log	models/lifecycle/output/parse_base_1.log	file	0644	1790314634330749630	1056	bce88853ac12425f8087df5892a47c77ed0ed0d8fef628e482be52de8178eb11		copy	run-evidence	Original source bytes preserved	"{""source_id"":""nvflare-lite-full-20260925"",""source_sha256"":""bce88853ac12425f8087df5892a47c77ed0ed0d8fef628e482be52de8178eb11""}"
runs/specula/nvflare-lite-full-opus55-20260925/lite/source/.specula-lite/job-lifecycle-20260925/models/lifecycle/output/parse_base_1.log.run.json	models/lifecycle/output/parse_base_1.log.run.json	file	0644	1790314634355749331	553	54aef95fb964457cfe03c3431f92e23ad39d8974d2f071fcf086c5147a1bfa65		copy	run-evidence	Original source bytes preserved	"{""source_id"":""nvflare-lite-full-20260925"",""source_sha256"":""54aef95fb964457cfe03c3431f92e23ad39d8974d2f071fcf086c5147a1bfa65""}"
runs/specula/nvflare-lite-full-opus55-20260925/lite/source/.specula-lite/job-lifecycle-20260925/models/lifecycle/output/parse_mc_1.log	models/lifecycle/output/parse_mc_1.log	file	0644	1790314634691745313	1264	894ea7b0bda13627efaf8867771cbab694a9c11ccdb1c3717ed8dabc82e3774e		copy	run-evidence	Original source bytes preserved	"{""source_id"":""nvflare-lite-full-20260925"",""source_sha256"":""894ea7b0bda13627efaf8867771cbab694a9c11ccdb1c3717ed8dabc82e3774e""}"
runs/specula/nvflare-lite-full-opus55-20260925/lite/source/.specula-lite/job-lifecycle-20260925/models/lifecycle/output/parse_mc_1.log.run.json	models/lifecycle/output/parse_mc_1.log.run.json	file	0644	1790314634714745038	551	6f1f00f8f7f1056f5f0416aaebba35e6f900af0baf7d69d773a0f6fe4545e00c		copy	run-evidence	Original source bytes preserved	"{""source_id"":""nvflare-lite-full-20260925"",""source_sha256"":""6f1f00f8f7f1056f5f0416aaebba35e6f900af0baf7d69d773a0f6fe4545e00c""}"
runs/specula/nvflare-lite-full-opus55-20260925/lite/source/.specula-lite/job-lifecycle-20260925/models/lifecycle/output/parse_mc_2.log	models/lifecycle/output/parse_mc_2.log	file	0644	1790314747523395071	1264	0f45020a9f6ecdc29056b8f8a10287e0b1416e988adf0ac6fd3c4868b2fe4fe6		copy	run-evidence	Original source bytes preserved	"{""source_id"":""nvflare-lite-full-20260925"",""source_sha256"":""0f45020a9f6ecdc29056b8f8a10287e0b1416e988adf0ac6fd3c4868b2fe4fe6""}"
runs/specula/nvflare-lite-full-opus55-20260925/lite/source/.specula-lite/job-lifecycle-20260925/models/lifecycle/output/parse_mc_2.log.run.json	models/lifecycle/output/parse_mc_2.log.run.json	file	0644	1790314747544394820	551	d1798110801ff7f5f62eb864fc579b0ec1cb4adbcbd11fbf7d8c3eb47bbb4c00		copy	run-evidence	Original source bytes preserved	"{""source_id"":""nvflare-lite-full-20260925"",""source_sha256"":""d1798110801ff7f5f62eb864fc579b0ec1cb4adbcbd11fbf7d8c3eb47bbb4c00""}"
runs/specula/nvflare-lite-full-opus55-20260925/lite/source/.specula-lite/job-lifecycle-20260925/models/lifecycle/output/parse_mc_3.log	models/lifecycle/output/parse_mc_3.log	file	0644	1790315607272137060	1260	5620ff131c565924c56f4c8b33f40e68aa8c0baa44e98332aec97e270433fdbd		copy	run-evidence	Original source bytes preserved	"{""source_id"":""nvflare-lite-full-20260925"",""source_sha256"":""5620ff131c565924c56f4c8b33f40e68aa8c0baa44e98332aec97e270433fdbd""}"
runs/specula/nvflare-lite-full-opus55-20260925/lite/source/.specula-lite/job-lifecycle-20260925/models/lifecycle/output/parse_mc_3.log.run.json	models/lifecycle/output/parse_mc_3.log.run.json	file	0644	1790315607293136809	551	0041d544501b3a812a585a02c5c9ca4a4839556719daf4fad6cd2a2723200504		copy	run-evidence	Original source bytes preserved	"{""source_id"":""nvflare-lite-full-20260925"",""source_sha256"":""0041d544501b3a812a585a02c5c9ca4a4839556719daf4fad6cd2a2723200504""}"
runs/specula/nvflare-lite-full-opus55-20260925/lite/source/.specula-lite/job-lifecycle-20260925/models/lifecycle/output/sim_2x2_1.launcher.out	models/lifecycle/output/sim_2x2_1.launcher.out	file	0644	1790318908639119743	690	9c12710322ba19cbdaeba5790bc8b4f9b443c19acbfb777235b742a3132ee161		copy	run-evidence	Original source bytes preserved	"{""source_id"":""nvflare-lite-full-20260925"",""source_sha256"":""9c12710322ba19cbdaeba5790bc8b4f9b443c19acbfb777235b742a3132ee161""}"
runs/specula/nvflare-lite-full-opus55-20260925/lite/source/.specula-lite/job-lifecycle-20260925/models/lifecycle/output/sim_2x2_1.log	models/lifecycle/output/sim_2x2_1.log	file	0644	1790318852936776512	8025	074bfe3a510304aee1a177341ed79ce7fb661d077a93670c04da4aa53d373948		copy	run-evidence	Original source bytes preserved	"{""source_id"":""nvflare-lite-full-20260925"",""source_sha256"":""074bfe3a510304aee1a177341ed79ce7fb661d077a93670c04da4aa53d373948""}"
runs/specula/nvflare-lite-full-opus55-20260925/lite/source/.specula-lite/job-lifecycle-20260925/models/lifecycle/output/sim_2x2_1.log.run.json	models/lifecycle/output/sim_2x2_1.log.run.json	file	0644	1790318908639119743	871	075ed0a7a31f463ce2bca138caca938e9f2c908b4a81386b7c411b6198630b60		copy	run-evidence	Original source bytes preserved	"{""source_id"":""nvflare-lite-full-20260925"",""source_sha256"":""075ed0a7a31f463ce2bca138caca938e9f2c908b4a81386b7c411b6198630b60""}"
runs/specula/nvflare-lite-full-opus55-20260925/lite/source/.specula-lite/job-lifecycle-20260925/models/resources/MC.cfg	models/resources/MC.cfg	file	0644	1790316109522157996	654	b9fa9586be615d2365ad0c72d8987caedb51876b58154e5ccc1c6b3f9d181052		copy	run-evidence	Original source bytes preserved	"{""source_id"":""nvflare-lite-full-20260925"",""source_sha256"":""b9fa9586be615d2365ad0c72d8987caedb51876b58154e5ccc1c6b3f9d181052""}"
runs/specula/nvflare-lite-full-opus55-20260925/lite/source/.specula-lite/job-lifecycle-20260925/models/resources/MC.tla	models/resources/MC.tla	file	0644	1790316109521158008	3799	ff0967b606d3ccd8924d6a93b3782a33aa73db78851b3e01600fc103e26105e2		copy	run-evidence	Original source bytes preserved	"{""source_id"":""nvflare-lite-full-20260925"",""source_sha256"":""ff0967b606d3ccd8924d6a93b3782a33aa73db78851b3e01600fc103e26105e2""}"
runs/specula/nvflare-lite-full-opus55-20260925/lite/source/.specula-lite/job-lifecycle-20260925/models/resources/MC_hunt_NoRejectionByLeftoverReservation.cfg	models/resources/MC_hunt_NoRejectionByLeftoverReservation.cfg	file	0644	1790316275799934364	651	9f9f68db2fabcc78cb889006e926cf63a899c4585e1f1a464cd5e75f82ba5d58		copy	run-evidence	Original source bytes preserved	"{""source_id"":""nvflare-lite-full-20260925"",""source_sha256"":""9f9f68db2fabcc78cb889006e926cf63a899c4585e1f1a464cd5e75f82ba5d58""}"
runs/specula/nvflare-lite-full-opus55-20260925/lite/source/.specula-lite/job-lifecycle-20260925/models/resources/MC_hunt_ReservationTracked.cfg	models/resources/MC_hunt_ReservationTracked.cfg	file	0644	1790316275798934377	651	d9ef58ada796003ee5ab1273aedabe3525103c17ae976dd4535d39994c1fdd24		copy	run-evidence	Original source bytes preserved	"{""source_id"":""nvflare-lite-full-20260925"",""source_sha256"":""d9ef58ada796003ee5ab1273aedabe3525103c17ae976dd4535d39994c1fdd24""}"
runs/specula/nvflare-lite-full-opus55-20260925/lite/source/.specula-lite/job-lifecycle-20260925/models/resources/MC_hunt_leftover_noCT.cfg	models/resources/MC_hunt_leftover_noCT.cfg	file	0644	1790316289847753334	651	a3664de53100589f210a5d58e82c3f0636616aff157a7be217073a73ed982ccf		copy	run-evidence	Original source bytes preserved	"{""source_id"":""nvflare-lite-full-20260925"",""source_sha256"":""a3664de53100589f210a5d58e82c3f0636616aff157a7be217073a73ed982ccf""}"
runs/specula/nvflare-lite-full-opus55-20260925/lite/source/.specula-lite/job-lifecycle-20260925/models/resources/MC_hunt_leftover_noCT_noSkip.cfg	models/resources/MC_hunt_leftover_noCT_noSkip.cfg	file	0644	1790316289848753321	651	27b6de449d3ad776ccdf5b7b800d921f609f1e153c093d060d39e67ba60887af		copy	run-evidence	Original source bytes preserved	"{""source_id"":""nvflare-lite-full-20260925"",""source_sha256"":""27b6de449d3ad776ccdf5b7b800d921f609f1e153c093d060d39e67ba60887af""}"
runs/specula/nvflare-lite-full-opus55-20260925/lite/source/.specula-lite/job-lifecycle-20260925/models/resources/MC_hunt_leftover_noCT_noSkip_noDF.cfg	models/resources/MC_hunt_leftover_noCT_noSkip_noDF.cfg	file	0644	1790316289849753308	651	2e245369e749bef607ca24e640650c3621d75cfac6f0bff3f6e632d587011fc6		copy	run-evidence	Original source bytes preserved	"{""source_id"":""nvflare-lite-full-20260925"",""source_sha256"":""2e245369e749bef607ca24e640650c3621d75cfac6f0bff3f6e632d587011fc6""}"
runs/specula/nvflare-lite-full-opus55-20260925/lite/source/.specula-lite/job-lifecycle-20260925/models/resources/base.tla	models/resources/base.tla	file	0644	1790316117450063568	26167	f72bdf42abec9ab52807b3ea8553070174649b561ed5a0eb005cb6320be7ff66		copy	run-evidence	Original source bytes preserved	"{""source_id"":""nvflare-lite-full-20260925"",""source_sha256"":""f72bdf42abec9ab52807b3ea8553070174649b561ed5a0eb005cb6320be7ff66""}"
runs/specula/nvflare-lite-full-opus55-20260925/lite/source/.specula-lite/job-lifecycle-20260925/models/resources/changelog.md	models/resources/changelog.md	file	0644	1790316314354445826	1950	229c7634770060aae971848231130cfee3a29edb512a18bba57c9a2532136f4e		copy	run-evidence	Original source bytes preserved	"{""source_id"":""nvflare-lite-full-20260925"",""source_sha256"":""229c7634770060aae971848231130cfee3a29edb512a18bba57c9a2532136f4e""}"
runs/specula/nvflare-lite-full-opus55-20260925/lite/source/.specula-lite/job-lifecycle-20260925/models/resources/output/hunt_NoRejectionByLeftoverReservation_1.log	models/resources/output/hunt_NoRejectionByLeftoverReservation_1.log	file	0644	1790316277304914745	13436	090d5a98c4b31723d00e3d037fc17dd6f7ab4671bc7c7feff6c6206be8d8dab0		copy	run-evidence	Original source bytes preserved	"{""source_id"":""nvflare-lite-full-20260925"",""source_sha256"":""090d5a98c4b31723d00e3d037fc17dd6f7ab4671bc7c7feff6c6206be8d8dab0""}"
runs/specula/nvflare-lite-full-opus55-20260925/lite/source/.specula-lite/job-lifecycle-20260925/models/resources/output/hunt_NoRejectionByLeftoverReservation_1.log.run.json	models/resources/output/hunt_NoRejectionByLeftoverReservation_1.log.run.json	file	0644	1790316277358914080	869	18796ecbec3a1ddb1c36000f244731a67ceeefe107992e30d675597ff35598fa		copy	run-evidence	Original source bytes preserved	"{""source_id"":""nvflare-lite-full-20260925"",""source_sha256"":""18796ecbec3a1ddb1c36000f244731a67ceeefe107992e30d675597ff35598fa""}"
runs/specula/nvflare-lite-full-opus55-20260925/lite/source/.specula-lite/job-lifecycle-20260925/models/resources/output/hunt_NoRejectionByLeftoverReservation_1.log.trace.json	models/resources/output/hunt_NoRejectionByLeftoverReservation_1.log.trace.json	file	0644	1790316277286914966	21100	475eab4cb4aeeeef9a2035c16a99111906aad47fe259674e58ced00e8654e45b		copy	run-evidence	Original source bytes preserved	"{""source_id"":""nvflare-lite-full-20260925"",""source_sha256"":""475eab4cb4aeeeef9a2035c16a99111906aad47fe259674e58ced00e8654e45b""}"
runs/specula/nvflare-lite-full-opus55-20260925/lite/source/.specula-lite/job-lifecycle-20260925/models/resources/output/hunt_ReservationTracked_1.log	models/resources/output/hunt_ReservationTracked_1.log	file	0644	1790316276470925426	11735	b6099738f3ed3c40a596bdd473d19bbb4caa34377b2ad0385a348b8f678e25e5		copy	run-evidence	Original source bytes preserved	"{""source_id"":""nvflare-lite-full-20260925"",""source_sha256"":""b6099738f3ed3c40a596bdd473d19bbb4caa34377b2ad0385a348b8f678e25e5""}"
runs/specula/nvflare-lite-full-opus55-20260925/lite/source/.specula-lite/job-lifecycle-20260925/models/resources/output/hunt_ReservationTracked_1.log.run.json	models/resources/output/hunt_ReservationTracked_1.log.run.json	file	0644	1790316276532924600	841	b2b136a06982f9ef8ff2a06f4d0d3961cead05762e853703c4b3993009c9bdce		copy	run-evidence	Original source bytes preserved	"{""source_id"":""nvflare-lite-full-20260925"",""source_sha256"":""b2b136a06982f9ef8ff2a06f4d0d3961cead05762e853703c4b3993009c9bdce""}"
runs/specula/nvflare-lite-full-opus55-20260925/lite/source/.specula-lite/job-lifecycle-20260925/models/resources/output/hunt_ReservationTracked_1.log.trace.json	models/resources/output/hunt_ReservationTracked_1.log.trace.json	file	0644	1790316276446925746	17138	e148734ca79f6178150e656f099a3277ba6667471f359f2fdedf49e171945799		copy	run-evidence	Original source bytes preserved	"{""source_id"":""nvflare-lite-full-20260925"",""source_sha256"":""e148734ca79f6178150e656f099a3277ba6667471f359f2fdedf49e171945799""}"
runs/specula/nvflare-lite-full-opus55-20260925/lite/source/.specula-lite/job-lifecycle-20260925/models/resources/output/hunt_leftover_noCT_1.log	models/resources/output/hunt_leftover_noCT_1.log	file	0644	1790316290554743970	18309	77742d98333751b0c56507734fa1168667f850003198d73195c8f179ac6e09f9		copy	run-evidence	Original source bytes preserved	"{""source_id"":""nvflare-lite-full-20260925"",""source_sha256"":""77742d98333751b0c56507734fa1168667f850003198d73195c8f179ac6e09f9""}"
runs/specula/nvflare-lite-full-opus55-20260925/lite/source/.specula-lite/job-lifecycle-20260925/models/resources/output/hunt_leftover_noCT_1.log.run.json	models/resources/output/hunt_leftover_noCT_1.log.run.json	file	0644	1790316290604743307	831	7f3f07e73f2c0de34ec5281f5320526ee2d014a6004b8894ef7a981e515c5d15		copy	run-evidence	Original source bytes preserved	"{""source_id"":""nvflare-lite-full-20260925"",""source_sha256"":""7f3f07e73f2c0de34ec5281f5320526ee2d014a6004b8894ef7a981e515c5d15""}"
runs/specula/nvflare-lite-full-opus55-20260925/lite/source/.specula-lite/job-lifecycle-20260925/models/resources/output/hunt_leftover_noCT_1.log.trace.json	models/resources/output/hunt_leftover_noCT_1.log.trace.json	file	0644	1790316290525744354	32667	eb2931939a3a18fb171638bffe38f802babd0429847bbab6d7055ba87c25f7f3		copy	run-evidence	Original source bytes preserved	"{""source_id"":""nvflare-lite-full-20260925"",""source_sha256"":""eb2931939a3a18fb171638bffe38f802babd0429847bbab6d7055ba87c25f7f3""}"
runs/specula/nvflare-lite-full-opus55-20260925/lite/source/.specula-lite/job-lifecycle-20260925/models/resources/output/hunt_leftover_noCT_noSkip_1.log	models/resources/output/hunt_leftover_noCT_noSkip_1.log	file	0644	1790316291437732274	18339	2eb082aff37a5377dc865e72f6005689bd0e35e67cc822571ec3a3f3a5a87a61		copy	run-evidence	Original source bytes preserved	"{""source_id"":""nvflare-lite-full-20260925"",""source_sha256"":""2eb082aff37a5377dc865e72f6005689bd0e35e67cc822571ec3a3f3a5a87a61""}"
runs/specula/nvflare-lite-full-opus55-20260925/lite/source/.specula-lite/job-lifecycle-20260925/models/resources/output/hunt_leftover_noCT_noSkip_1.log.run.json	models/resources/output/hunt_leftover_noCT_noSkip_1.log.run.json	file	0644	1790316291478731731	845	2dad3dcc17fc4d053c464389aeb346cfdc22510045146bd84016d99320a73f03		copy	run-evidence	Original source bytes preserved	"{""source_id"":""nvflare-lite-full-20260925"",""source_sha256"":""2dad3dcc17fc4d053c464389aeb346cfdc22510045146bd84016d99320a73f03""}"
runs/specula/nvflare-lite-full-opus55-20260925/lite/source/.specula-lite/job-lifecycle-20260925/models/resources/output/hunt_leftover_noCT_noSkip_1.log.trace.json	models/resources/output/hunt_leftover_noCT_noSkip_1.log.trace.json	file	0644	1790316291395732831	32742	663482f409c1613027eef97d5e8f22a55d5c9b615d712884731c158d3ac9f002		copy	run-evidence	Original source bytes preserved	"{""source_id"":""nvflare-lite-full-20260925"",""source_sha256"":""663482f409c1613027eef97d5e8f22a55d5c9b615d712884731c158d3ac9f002""}"
runs/specula/nvflare-lite-full-opus55-20260925/lite/source/.specula-lite/job-lifecycle-20260925/models/resources/output/hunt_leftover_noCT_noSkip_noDF_1.log	models/resources/output/hunt_leftover_noCT_noSkip_noDF_1.log	file	0644	1790316292260721374	23354	bcbdadb59644ef5bf5f39ef2e1295e5f88894d53107cf843ff5d73df57370709		copy	run-evidence	Original source bytes preserved	"{""source_id"":""nvflare-lite-full-20260925"",""source_sha256"":""bcbdadb59644ef5bf5f39ef2e1295e5f88894d53107cf843ff5d73df57370709""}"
runs/specula/nvflare-lite-full-opus55-20260925/lite/source/.specula-lite/job-lifecycle-20260925/models/resources/output/hunt_leftover_noCT_noSkip_noDF_1.log.run.json	models/resources/output/hunt_leftover_noCT_noSkip_noDF_1.log.run.json	file	0644	1790316292306720765	855	dde4207a0b521981ea97680593241b034400e2f0399bc25ddb9b49968b198677		copy	run-evidence	Original source bytes preserved	"{""source_id"":""nvflare-lite-full-20260925"",""source_sha256"":""dde4207a0b521981ea97680593241b034400e2f0399bc25ddb9b49968b198677""}"
runs/specula/nvflare-lite-full-opus55-20260925/lite/source/.specula-lite/job-lifecycle-20260925/models/resources/output/hunt_leftover_noCT_noSkip_noDF_1.log.trace.json	models/resources/output/hunt_leftover_noCT_noSkip_noDF_1.log.trace.json	file	0644	1790316292217721943	44627	5d91d3545e139a19be11171b4ab7dc9a765c8faa76923c616374da8ab6c87f2c		copy	run-evidence	Original source bytes preserved	"{""source_id"":""nvflare-lite-full-20260925"",""source_sha256"":""5d91d3545e139a19be11171b4ab7dc9a765c8faa76923c616374da8ab6c87f2c""}"
runs/specula/nvflare-lite-full-opus55-20260925/lite/source/.specula-lite/job-lifecycle-20260925/models/resources/output/mc_1.log	models/resources/output/mc_1.log	file	0644	1790316252655237696	4028	6c81c5187842233fca219d74a24ae8128a04e4e48b1da4c30efaf560a0d42014		copy	run-evidence	Original source bytes preserved	"{""source_id"":""nvflare-lite-full-20260925"",""source_sha256"":""6c81c5187842233fca219d74a24ae8128a04e4e48b1da4c30efaf560a0d42014""}"
runs/specula/nvflare-lite-full-opus55-20260925/lite/source/.specula-lite/job-lifecycle-20260925/models/resources/output/mc_1.log.run.json	models/resources/output/mc_1.log.run.json	file	0644	1790316252902234461	795	5b0d53143febae67959c80eb5b6d6b4b7923d527bffdd4f762109e5a87acea94		copy	run-evidence	Original source bytes preserved	"{""source_id"":""nvflare-lite-full-20260925"",""source_sha256"":""5b0d53143febae67959c80eb5b6d6b4b7923d527bffdd4f762109e5a87acea94""}"
runs/specula/nvflare-lite-full-opus55-20260925/lite/source/.specula-lite/job-lifecycle-20260925/models/resources/output/parse_mc_1.log	models/resources/output/parse_mc_1.log	file	0644	1790316109856154018	1260	a6ae8a829dac00856b55ab7c21df0eeb556758ad31a26a2b939f85d5e1a21516		copy	run-evidence	Original source bytes preserved	"{""source_id"":""nvflare-lite-full-20260925"",""source_sha256"":""a6ae8a829dac00856b55ab7c21df0eeb556758ad31a26a2b939f85d5e1a21516""}"
runs/specula/nvflare-lite-full-opus55-20260925/lite/source/.specula-lite/job-lifecycle-20260925/models/resources/output/parse_mc_1.log.run.json	models/resources/output/parse_mc_1.log.run.json	file	0644	1790316109878153756	551	fe80fd364a5bc82f6defa61b521f67aae5f3c774a7489371a34eb59584cd3273		copy	run-evidence	Original source bytes preserved	"{""source_id"":""nvflare-lite-full-20260925"",""source_sha256"":""fe80fd364a5bc82f6defa61b521f67aae5f3c774a7489371a34eb59584cd3273""}"
runs/specula/nvflare-lite-full-opus55-20260925/lite/source/.specula-lite/job-lifecycle-20260925/models/resources/output/parse_mc_2.log	models/resources/output/parse_mc_2.log	file	0644	1790316117789059526	1264	be60770aa09d71ce5c0c6ce8ce2d6be2d8c215997b58b615add77263f494ed13		copy	run-evidence	Original source bytes preserved	"{""source_id"":""nvflare-lite-full-20260925"",""source_sha256"":""be60770aa09d71ce5c0c6ce8ce2d6be2d8c215997b58b615add77263f494ed13""}"
runs/specula/nvflare-lite-full-opus55-20260925/lite/source/.specula-lite/job-lifecycle-20260925/models/resources/output/parse_mc_2.log.run.json	models/resources/output/parse_mc_2.log.run.json	file	0644	1790316117809059288	551	95fb8c6331720b7f11ad98a64ca62cf91235d40990c49043d2fa5311ae358c0d		copy	run-evidence	Original source bytes preserved	"{""source_id"":""nvflare-lite-full-20260925"",""source_sha256"":""95fb8c6331720b7f11ad98a64ca62cf91235d40990c49043d2fa5311ae358c0d""}"
runs/specula/nvflare-lite-full-opus55-20260925/lite/source/.specula-lite/job-lifecycle-20260925/report.md	report.md	file	0644	1790319917396973640	40801	25b064b1c40c483e0aa446815b55ee32c69d388264a0ce29e4ad8755eac1a7b7		copy	run-evidence	Original source bytes preserved	"{""source_id"":""nvflare-lite-full-20260925"",""source_sha256"":""25b064b1c40c483e0aa446815b55ee32c69d388264a0ce29e4ad8755eac1a7b7""}"
runs/specula/nvflare-lite-full-opus55-20260925/lite/source/.specula-lite/job-lifecycle-20260925/repro/env.sh	repro/env.sh	file	0644	1790316471990463429	443	dad26a370c4b62abf5c95861ae38516014c992bfae86b8bf1e642025688c32b8		copy	run-evidence	Original source bytes preserved	"{""source_id"":""nvflare-lite-full-20260925"",""source_sha256"":""dad26a370c4b62abf5c95861ae38516014c992bfae86b8bf1e642025688c32b8""}"
runs/specula/nvflare-lite-full-opus55-20260925/lite/source/.specula-lite/job-lifecycle-20260925/repro/flare_util.py	repro/flare_util.py	file	0644	1790316527866773267	2330	2bf11bc47d087ee80c348879f447afb54cc2fa897f5d17fc6abecc1756bfdcfd		copy	run-evidence	Original source bytes preserved	"{""source_id"":""nvflare-lite-full-20260925"",""source_sha256"":""2bf11bc47d087ee80c348879f447afb54cc2fa897f5d17fc6abecc1756bfdcfd""}"
runs/specula/nvflare-lite-full-opus55-20260925/lite/source/.specula-lite/job-lifecycle-20260925/repro/jobs/abort-deploy-0/app/config/config_fed_client.json	repro/jobs/abort-deploy-0/app/config/config_fed_client.json	file	0644	1790316592419987053	323	55f44af60a44082654551305b2f624b8ce8ebed7e71ecf863b06c29abbec8775		copy	run-evidence	Original source bytes preserved	"{""source_id"":""nvflare-lite-full-20260925"",""source_sha256"":""55f44af60a44082654551305b2f624b8ce8ebed7e71ecf863b06c29abbec8775""}"
runs/specula/nvflare-lite-full-opus55-20260925/lite/source/.specula-lite/job-lifecycle-20260925/repro/jobs/abort-deploy-0/app/config/config_fed_server.json	repro/jobs/abort-deploy-0/app/config/config_fed_server.json	file	0644	1790316592419987053	1068	d346207da18f016ddf054651f2a3583fec3b14cb882f5c7bcc954a6c4559b4e1		copy	run-evidence	Original source bytes preserved	"{""source_id"":""nvflare-lite-full-20260925"",""source_sha256"":""d346207da18f016ddf054651f2a3583fec3b14cb882f5c7bcc954a6c4559b4e1""}"
runs/specula/nvflare-lite-full-opus55-20260925/lite/source/.specula-lite/job-lifecycle-20260925/repro/jobs/abort-deploy-0/meta.json	repro/jobs/abort-deploy-0/meta.json	file	0644	1790316592419987053	155	0773a43386abce5fdc112f927bd7b7bde76cf881e5cab84b1dabbdb1d0483621		copy	run-evidence	Original source bytes preserved	"{""source_id"":""nvflare-lite-full-20260925"",""source_sha256"":""0773a43386abce5fdc112f927bd7b7bde76cf881e5cab84b1dabbdb1d0483621""}"
runs/specula/nvflare-lite-full-opus55-20260925/lite/source/.specula-lite/job-lifecycle-20260925/repro/jobs/abort-deploy-1/app/config/config_fed_client.json	repro/jobs/abort-deploy-1/app/config/config_fed_client.json	file	0644	1790316608612789408	323	55f44af60a44082654551305b2f624b8ce8ebed7e71ecf863b06c29abbec8775		copy	run-evidence	Original source bytes preserved	"{""source_id"":""nvflare-lite-full-20260925"",""source_sha256"":""55f44af60a44082654551305b2f624b8ce8ebed7e71ecf863b06c29abbec8775""}"
runs/specula/nvflare-lite-full-opus55-20260925/lite/source/.specula-lite/job-lifecycle-20260925/repro/jobs/abort-deploy-1/app/config/config_fed_server.json	repro/jobs/abort-deploy-1/app/config/config_fed_server.json	file	0644	1790316608612789408	1068	d346207da18f016ddf054651f2a3583fec3b14cb882f5c7bcc954a6c4559b4e1		copy	run-evidence	Original source bytes preserved	"{""source_id"":""nvflare-lite-full-20260925"",""source_sha256"":""d346207da18f016ddf054651f2a3583fec3b14cb882f5c7bcc954a6c4559b4e1""}"
runs/specula/nvflare-lite-full-opus55-20260925/lite/source/.specula-lite/job-lifecycle-20260925/repro/jobs/abort-deploy-1/meta.json	repro/jobs/abort-deploy-1/meta.json	file	0644	1790316608612789408	155	1f1629dff5a3bae5047425f96c568f4b986cb3a120c79c6163aaeb54c891646a		copy	run-evidence	Original source bytes preserved	"{""source_id"":""nvflare-lite-full-20260925"",""source_sha256"":""1f1629dff5a3bae5047425f96c568f4b986cb3a120c79c6163aaeb54c891646a""}"
runs/specula/nvflare-lite-full-opus55-20260925/lite/source/.specula-lite/job-lifecycle-20260925/repro/jobs/abort-deploy-2/app/config/config_fed_client.json	repro/jobs/abort-deploy-2/app/config/config_fed_client.json	file	0644	1790316624653596540	323	55f44af60a44082654551305b2f624b8ce8ebed7e71ecf863b06c29abbec8775		copy	run-evidence	Original source bytes preserved	"{""source_id"":""nvflare-lite-full-20260925"",""source_sha256"":""55f44af60a44082654551305b2f624b8ce8ebed7e71ecf863b06c29abbec8775""}"
runs/specula/nvflare-lite-full-opus55-20260925/lite/source/.specula-lite/job-lifecycle-20260925/repro/jobs/abort-deploy-2/app/config/config_fed_server.json	repro/jobs/abort-deploy-2/app/config/config_fed_server.json	file	0644	1790316624653596540	1068	d346207da18f016ddf054651f2a3583fec3b14cb882f5c7bcc954a6c4559b4e1		copy	run-evidence	Original source bytes preserved	"{""source_id"":""nvflare-lite-full-20260925"",""source_sha256"":""d346207da18f016ddf054651f2a3583fec3b14cb882f5c7bcc954a6c4559b4e1""}"
runs/specula/nvflare-lite-full-opus55-20260925/lite/source/.specula-lite/job-lifecycle-20260925/repro/jobs/abort-deploy-2/meta.json	repro/jobs/abort-deploy-2/meta.json	file	0644	1790316624653596540	155	57df0cdb92f8142a763da3882da54104c82fd48af9bdf82e8f3bc97cae6d335e		copy	run-evidence	Original source bytes preserved	"{""source_id"":""nvflare-lite-full-20260925"",""source_sha256"":""57df0cdb92f8142a763da3882da54104c82fd48af9bdf82e8f3bc97cae6d335e""}"
runs/specula/nvflare-lite-full-opus55-20260925/lite/source/.specula-lite/job-lifecycle-20260925/repro/jobs/abort-dispatched-0/app/config/config_fed_client.json	repro/jobs/abort-dispatched-0/app/config/config_fed_client.json	file	0644	1790316684541863700	323	55f44af60a44082654551305b2f624b8ce8ebed7e71ecf863b06c29abbec8775		copy	run-evidence	Original source bytes preserved	"{""source_id"":""nvflare-lite-full-20260925"",""source_sha256"":""55f44af60a44082654551305b2f624b8ce8ebed7e71ecf863b06c29abbec8775""}"
runs/specula/nvflare-lite-full-opus55-20260925/lite/source/.specula-lite/job-lifecycle-20260925/repro/jobs/abort-dispatched-0/app/config/config_fed_server.json	repro/jobs/abort-dispatched-0/app/config/config_fed_server.json	file	0644	1790316684541863700	1068	d346207da18f016ddf054651f2a3583fec3b14cb882f5c7bcc954a6c4559b4e1		copy	run-evidence	Original source bytes preserved	"{""source_id"":""nvflare-lite-full-20260925"",""source_sha256"":""d346207da18f016ddf054651f2a3583fec3b14cb882f5c7bcc954a6c4559b4e1""}"
runs/specula/nvflare-lite-full-opus55-20260925/lite/source/.specula-lite/job-lifecycle-20260925/repro/jobs/abort-dispatched-0/meta.json	repro/jobs/abort-dispatched-0/meta.json	file	0644	1790316684541863700	159	86d9fa50c8e54e6f4150336f4f2dcd35ab120e6a11c2b323773b86ef8f385b71		copy	run-evidence	Original source bytes preserved	"{""source_id"":""nvflare-lite-full-20260925"",""source_sha256"":""86d9fa50c8e54e6f4150336f4f2dcd35ab120e6a11c2b323773b86ef8f385b71""}"
runs/specula/nvflare-lite-full-opus55-20260925/lite/source/.specula-lite/job-lifecycle-20260925/repro/jobs/abort-dispatched-1/app/config/config_fed_client.json	repro/jobs/abort-dispatched-1/app/config/config_fed_client.json	file	0644	1790316700735668238	323	55f44af60a44082654551305b2f624b8ce8ebed7e71ecf863b06c29abbec8775		copy	run-evidence	Original source bytes preserved	"{""source_id"":""nvflare-lite-full-20260925"",""source_sha256"":""55f44af60a44082654551305b2f624b8ce8ebed7e71ecf863b06c29abbec8775""}"
runs/specula/nvflare-lite-full-opus55-20260925/lite/source/.specula-lite/job-lifecycle-20260925/repro/jobs/abort-dispatched-1/app/config/config_fed_server.json	repro/jobs/abort-dispatched-1/app/config/config_fed_server.json	file	0644	1790316700735668238	1068	d346207da18f016ddf054651f2a3583fec3b14cb882f5c7bcc954a6c4559b4e1		copy	run-evidence	Original source bytes preserved	"{""source_id"":""nvflare-lite-full-20260925"",""source_sha256"":""d346207da18f016ddf054651f2a3583fec3b14cb882f5c7bcc954a6c4559b4e1""}"
runs/specula/nvflare-lite-full-opus55-20260925/lite/source/.specula-lite/job-lifecycle-20260925/repro/jobs/abort-dispatched-1/meta.json	repro/jobs/abort-dispatched-1/meta.json	file	0644	1790316700735668238	159	fb17419ed3a02354d16ba7983091e95824e2313deff90c76eb85c439b32e2cbe		copy	run-evidence	Original source bytes preserved	"{""source_id"":""nvflare-lite-full-20260925"",""source_sha256"":""fb17419ed3a02354d16ba7983091e95824e2313deff90c76eb85c439b32e2cbe""}"
runs/specula/nvflare-lite-full-opus55-20260925/lite/source/.specula-lite/job-lifecycle-20260925/repro/jobs/abort-dispatched-2/app/config/config_fed_client.json	repro/jobs/abort-dispatched-2/app/config/config_fed_client.json	file	0644	1790316717688465699	323	55f44af60a44082654551305b2f624b8ce8ebed7e71ecf863b06c29abbec8775		copy	run-evidence	Original source bytes preserved	"{""source_id"":""nvflare-lite-full-20260925"",""source_sha256"":""55f44af60a44082654551305b2f624b8ce8ebed7e71ecf863b06c29abbec8775""}"
runs/specula/nvflare-lite-full-opus55-20260925/lite/source/.specula-lite/job-lifecycle-20260925/repro/jobs/abort-dispatched-2/app/config/config_fed_server.json	repro/jobs/abort-dispatched-2/app/config/config_fed_server.json	file	0644	1790316717688465699	1068	d346207da18f016ddf054651f2a3583fec3b14cb882f5c7bcc954a6c4559b4e1		copy	run-evidence	Original source bytes preserved	"{""source_id"":""nvflare-lite-full-20260925"",""source_sha256"":""d346207da18f016ddf054651f2a3583fec3b14cb882f5c7bcc954a6c4559b4e1""}"
runs/specula/nvflare-lite-full-opus55-20260925/lite/source/.specula-lite/job-lifecycle-20260925/repro/jobs/abort-dispatched-2/meta.json	repro/jobs/abort-dispatched-2/meta.json	file	0644	1790316717688465699	159	a05e59c8245f9c10cd228946fe4f2227e656731b2db9aa4ed9fdd9ca2be9dd8f		copy	run-evidence	Original source bytes preserved	"{""source_id"":""nvflare-lite-full-20260925"",""source_sha256"":""a05e59c8245f9c10cd228946fe4f2227e656731b2db9aa4ed9fdd9ca2be9dd8f""}"
runs/specula/nvflare-lite-full-opus55-20260925/lite/source/.specula-lite/job-lifecycle-20260925/repro/jobs/abort-dispatched-3/app/config/config_fed_client.json	repro/jobs/abort-dispatched-3/app/config/config_fed_client.json	file	0644	1790316734734260301	323	55f44af60a44082654551305b2f624b8ce8ebed7e71ecf863b06c29abbec8775		copy	run-evidence	Original source bytes preserved	"{""source_id"":""nvflare-lite-full-20260925"",""source_sha256"":""55f44af60a44082654551305b2f624b8ce8ebed7e71ecf863b06c29abbec8775""}"
runs/specula/nvflare-lite-full-opus55-20260925/lite/source/.specula-lite/job-lifecycle-20260925/repro/jobs/abort-dispatched-3/app/config/config_fed_server.json	repro/jobs/abort-dispatched-3/app/config/config_fed_server.json	file	0644	1790316734734260301	1068	d346207da18f016ddf054651f2a3583fec3b14cb882f5c7bcc954a6c4559b4e1		copy	run-evidence	Original source bytes preserved	"{""source_id"":""nvflare-lite-full-20260925"",""source_sha256"":""d346207da18f016ddf054651f2a3583fec3b14cb882f5c7bcc954a6c4559b4e1""}"
runs/specula/nvflare-lite-full-opus55-20260925/lite/source/.specula-lite/job-lifecycle-20260925/repro/jobs/abort-dispatched-3/meta.json	repro/jobs/abort-dispatched-3/meta.json	file	0644	1790316734734260301	159	eed5193612ba8a2f77719d29d5fdcebffdb9c6d197618a5b69148f273a894f9b		copy	run-evidence	Original source bytes preserved	"{""source_id"":""nvflare-lite-full-20260925"",""source_sha256"":""eed5193612ba8a2f77719d29d5fdcebffdb9c6d197618a5b69148f273a894f9b""}"
runs/specula/nvflare-lite-full-opus55-20260925/lite/source/.specula-lite/job-lifecycle-20260925/repro/jobs/abort-dispatched-4/app/config/config_fed_client.json	repro/jobs/abort-dispatched-4/app/config/config_fed_client.json	file	0644	1790316751770056684	323	55f44af60a44082654551305b2f624b8ce8ebed7e71ecf863b06c29abbec8775		copy	run-evidence	Original source bytes preserved	"{""source_id"":""nvflare-lite-full-20260925"",""source_sha256"":""55f44af60a44082654551305b2f624b8ce8ebed7e71ecf863b06c29abbec8775""}"
runs/specula/nvflare-lite-full-opus55-20260925/lite/source/.specula-lite/job-lifecycle-20260925/repro/jobs/abort-dispatched-4/app/config/config_fed_server.json	repro/jobs/abort-dispatched-4/app/config/config_fed_server.json	file	0644	1790316751770056684	1068	d346207da18f016ddf054651f2a3583fec3b14cb882f5c7bcc954a6c4559b4e1		copy	run-evidence	Original source bytes preserved	"{""source_id"":""nvflare-lite-full-20260925"",""source_sha256"":""d346207da18f016ddf054651f2a3583fec3b14cb882f5c7bcc954a6c4559b4e1""}"
runs/specula/nvflare-lite-full-opus55-20260925/lite/source/.specula-lite/job-lifecycle-20260925/repro/jobs/abort-dispatched-4/meta.json	repro/jobs/abort-dispatched-4/meta.json	file	0644	1790316751770056684	159	f5c31c057446c1610d45b932ae94156eb08928115d4f4b2276dc708751da5c25		copy	run-evidence	Original source bytes preserved	"{""source_id"":""nvflare-lite-full-20260925"",""source_sha256"":""f5c31c057446c1610d45b932ae94156eb08928115d4f4b2276dc708751da5c25""}"
runs/specula/nvflare-lite-full-opus55-20260925/lite/source/.specula-lite/job-lifecycle-20260925/repro/jobs/abortrun-L0/app/config/config_fed_client.json	repro/jobs/abortrun-L0/app/config/config_fed_client.json	file	0644	1790318935100803541	323	a36babdc4a91226e20c94ddcb637ed5fddbecea407b6f0488e584a7772f972e5		copy	run-evidence	Original source bytes preserved	"{""source_id"":""nvflare-lite-full-20260925"",""source_sha256"":""a36babdc4a91226e20c94ddcb637ed5fddbecea407b6f0488e584a7772f972e5""}"
runs/specula/nvflare-lite-full-opus55-20260925/lite/source/.specula-lite/job-lifecycle-20260925/repro/jobs/abortrun-L0/app/config/config_fed_server.json	repro/jobs/abortrun-L0/app/config/config_fed_server.json	file	0644	1790318935100803541	1068	e4b04e87297029b3a205134a6cbb9677d4f5ee0c3a052af81af2737fb46bde42		copy	run-evidence	Original source bytes preserved	"{""source_id"":""nvflare-lite-full-20260925"",""source_sha256"":""e4b04e87297029b3a205134a6cbb9677d4f5ee0c3a052af81af2737fb46bde42""}"
runs/specula/nvflare-lite-full-opus55-20260925/lite/source/.specula-lite/job-lifecycle-20260925/repro/jobs/abortrun-L0/meta.json	repro/jobs/abortrun-L0/meta.json	file	0644	1790318935100803541	152	67f29ba0ea08ed7ad12014e4da23037276d7d36e01a55dcd2c85218ad85a6de3		copy	run-evidence	Original source bytes preserved	"{""source_id"":""nvflare-lite-full-20260925"",""source_sha256"":""67f29ba0ea08ed7ad12014e4da23037276d7d36e01a55dcd2c85218ad85a6de3""}"
runs/specula/nvflare-lite-full-opus55-20260925/lite/source/.specula-lite/job-lifecycle-20260925/repro/jobs/abortrun-L3/app/config/config_fed_client.json	repro/jobs/abortrun-L3/app/config/config_fed_client.json	file	0644	1790319158215173074	323	a36babdc4a91226e20c94ddcb637ed5fddbecea407b6f0488e584a7772f972e5		copy	run-evidence	Original source bytes preserved	"{""source_id"":""nvflare-lite-full-20260925"",""source_sha256"":""a36babdc4a91226e20c94ddcb637ed5fddbecea407b6f0488e584a7772f972e5""}"
runs/specula/nvflare-lite-full-opus55-20260925/lite/source/.specula-lite/job-lifecycle-20260925/repro/jobs/abortrun-L3/app/config/config_fed_server.json	repro/jobs/abortrun-L3/app/config/config_fed_server.json	file	0644	1790319158215173074	1068	e4b04e87297029b3a205134a6cbb9677d4f5ee0c3a052af81af2737fb46bde42		copy	run-evidence	Original source bytes preserved	"{""source_id"":""nvflare-lite-full-20260925"",""source_sha256"":""e4b04e87297029b3a205134a6cbb9677d4f5ee0c3a052af81af2737fb46bde42""}"
runs/specula/nvflare-lite-full-opus55-20260925/lite/source/.specula-lite/job-lifecycle-20260925/repro/jobs/abortrun-L3/meta.json	repro/jobs/abortrun-L3/meta.json	file	0644	1790319158215173074	152	b3886e3de2440b1682edb021ddf397d434c906b3bda9661c05b065bf35f1d8ea		copy	run-evidence	Original source bytes preserved	"{""source_id"":""nvflare-lite-full-20260925"",""source_sha256"":""b3886e3de2440b1682edb021ddf397d434c906b3bda9661c05b065bf35f1d8ea""}"
runs/specula/nvflare-lite-full-opus55-20260925/lite/source/.specula-lite/job-lifecycle-20260925/repro/jobs/cr4-L0/app/config/config_fed_client.json	repro/jobs/cr4-L0/app/config/config_fed_client.json	file	0644	1790319459323464189	438	39c83c4a4aa45e3aec00892d43925c0b60ca7bf9862906477d1153fa2408b494		copy	run-evidence	Original source bytes preserved	"{""source_id"":""nvflare-lite-full-20260925"",""source_sha256"":""39c83c4a4aa45e3aec00892d43925c0b60ca7bf9862906477d1153fa2408b494""}"
runs/specula/nvflare-lite-full-opus55-20260925/lite/source/.specula-lite/job-lifecycle-20260925/repro/jobs/cr4-L0/app/config/config_fed_server.json	repro/jobs/cr4-L0/app/config/config_fed_server.json	file	0644	1790319459322464201	1068	d346207da18f016ddf054651f2a3583fec3b14cb882f5c7bcc954a6c4559b4e1		copy	run-evidence	Original source bytes preserved	"{""source_id"":""nvflare-lite-full-20260925"",""source_sha256"":""d346207da18f016ddf054651f2a3583fec3b14cb882f5c7bcc954a6c4559b4e1""}"
runs/specula/nvflare-lite-full-opus55-20260925/lite/source/.specula-lite/job-lifecycle-20260925/repro/jobs/cr4-L0/meta.json	repro/jobs/cr4-L0/meta.json	file	0644	1790319459322464201	147	501930e57b831bfc314b5339ba9b6357878813fdd195b014e2d8614d57d9b73e		copy	run-evidence	Original source bytes preserved	"{""source_id"":""nvflare-lite-full-20260925"",""source_sha256"":""501930e57b831bfc314b5339ba9b6357878813fdd195b014e2d8614d57d9b73e""}"
runs/specula/nvflare-lite-full-opus55-20260925/lite/source/.specula-lite/job-lifecycle-20260925/repro/jobs/cr4-L3/app/config/config_fed_client.json	repro/jobs/cr4-L3/app/config/config_fed_client.json	file	0644	1790319585887946556	438	39c83c4a4aa45e3aec00892d43925c0b60ca7bf9862906477d1153fa2408b494		copy	run-evidence	Original source bytes preserved	"{""source_id"":""nvflare-lite-full-20260925"",""source_sha256"":""39c83c4a4aa45e3aec00892d43925c0b60ca7bf9862906477d1153fa2408b494""}"
runs/specula/nvflare-lite-full-opus55-20260925/lite/source/.specula-lite/job-lifecycle-20260925/repro/jobs/cr4-L3/app/config/config_fed_server.json	repro/jobs/cr4-L3/app/config/config_fed_server.json	file	0644	1790319585887946556	1068	d346207da18f016ddf054651f2a3583fec3b14cb882f5c7bcc954a6c4559b4e1		copy	run-evidence	Original source bytes preserved	"{""source_id"":""nvflare-lite-full-20260925"",""source_sha256"":""d346207da18f016ddf054651f2a3583fec3b14cb882f5c7bcc954a6c4559b4e1""}"
runs/specula/nvflare-lite-full-opus55-20260925/lite/source/.specula-lite/job-lifecycle-20260925/repro/jobs/cr4-L3/meta.json	repro/jobs/cr4-L3/meta.json	file	0644	1790319585887946556	147	0c1a856091ca2ed986f024b849cb742cf2b5613c3b8859db95888d4fed807238		copy	run-evidence	Original source bytes preserved	"{""source_id"":""nvflare-lite-full-20260925"",""source_sha256"":""0c1a856091ca2ed986f024b849cb742cf2b5613c3b8859db95888d4fed807238""}"
runs/specula/nvflare-lite-full-opus55-20260925/lite/source/.specula-lite/job-lifecycle-20260925/repro/jobs/delete-a/app/config/config_fed_client.json	repro/jobs/delete-a/app/config/config_fed_client.json	file	0644	1790316799664479526	323	403f6e2c928ae6bee36ea03ac72ec2c04c27dd75de4d4f09f4c7932286822655		copy	run-evidence	Original source bytes preserved	"{""source_id"":""nvflare-lite-full-20260925"",""source_sha256"":""403f6e2c928ae6bee36ea03ac72ec2c04c27dd75de4d4f09f4c7932286822655""}"
runs/specula/nvflare-lite-full-opus55-20260925/lite/source/.specula-lite/job-lifecycle-20260925/repro/jobs/delete-a/app/config/config_fed_server.json	repro/jobs/delete-a/app/config/config_fed_server.json	file	0644	1790316799663479537	1068	d346207da18f016ddf054651f2a3583fec3b14cb882f5c7bcc954a6c4559b4e1		copy	run-evidence	Original source bytes preserved	"{""source_id"":""nvflare-lite-full-20260925"",""source_sha256"":""d346207da18f016ddf054651f2a3583fec3b14cb882f5c7bcc954a6c4559b4e1""}"
runs/specula/nvflare-lite-full-opus55-20260925/lite/source/.specula-lite/job-lifecycle-20260925/repro/jobs/delete-a/meta.json	repro/jobs/delete-a/meta.json	file	0644	1790316799663479537	149	6e11de4c48f50321a951fb2270ff76c3dd257109e6ba14e658105907df256f94		copy	run-evidence	Original source bytes preserved	"{""source_id"":""nvflare-lite-full-20260925"",""source_sha256"":""6e11de4c48f50321a951fb2270ff76c3dd257109e6ba14e658105907df256f94""}"
runs/specula/nvflare-lite-full-opus55-20260925/lite/source/.specula-lite/job-lifecycle-20260925/repro/jobs/delete-b/app/config/config_fed_client.json	repro/jobs/delete-b/app/config/config_fed_client.json	file	0644	1790316805325414334	323	403f6e2c928ae6bee36ea03ac72ec2c04c27dd75de4d4f09f4c7932286822655		copy	run-evidence	Original source bytes preserved	"{""source_id"":""nvflare-lite-full-20260925"",""source_sha256"":""403f6e2c928ae6bee36ea03ac72ec2c04c27dd75de4d4f09f4c7932286822655""}"
runs/specula/nvflare-lite-full-opus55-20260925/lite/source/.specula-lite/job-lifecycle-20260925/repro/jobs/delete-b/app/config/config_fed_server.json	repro/jobs/delete-b/app/config/config_fed_server.json	file	0644	1790316805325414334	1068	99a30ef9c15cf2fcbead9cd8e0f0a43e039c4099626cd62af09e2954628b7a1e		copy	run-evidence	Original source bytes preserved	"{""source_id"":""nvflare-lite-full-20260925"",""source_sha256"":""99a30ef9c15cf2fcbead9cd8e0f0a43e039c4099626cd62af09e2954628b7a1e""}"
runs/specula/nvflare-lite-full-opus55-20260925/lite/source/.specula-lite/job-lifecycle-20260925/repro/jobs/delete-b/meta.json	repro/jobs/delete-b/meta.json	file	0644	1790316805325414334	149	1fb6e724c40dd7a4c043b8af760d38bc0864d6ce5e51608c0344460a7e3592a7		copy	run-evidence	Original source bytes preserved	"{""source_id"":""nvflare-lite-full-20260925"",""source_sha256"":""1fb6e724c40dd7a4c043b8af760d38bc0864d6ce5e51608c0344460a7e3592a7""}"
runs/specula/nvflare-lite-full-opus55-20260925/lite/source/.specula-lite/job-lifecycle-20260925/repro/jobs/leftover-control/app/config/config_fed_client.json	repro/jobs/leftover-control/app/config/config_fed_client.json	file	0644	1790318081063510101	323	403f6e2c928ae6bee36ea03ac72ec2c04c27dd75de4d4f09f4c7932286822655		copy	run-evidence	Original source bytes preserved	"{""source_id"":""nvflare-lite-full-20260925"",""source_sha256"":""403f6e2c928ae6bee36ea03ac72ec2c04c27dd75de4d4f09f4c7932286822655""}"
runs/specula/nvflare-lite-full-opus55-20260925/lite/source/.specula-lite/job-lifecycle-20260925/repro/jobs/leftover-control/app/config/config_fed_server.json	repro/jobs/leftover-control/app/config/config_fed_server.json	file	0644	1790318081063510101	1068	99a30ef9c15cf2fcbead9cd8e0f0a43e039c4099626cd62af09e2954628b7a1e		copy	run-evidence	Original source bytes preserved	"{""source_id"":""nvflare-lite-full-20260925"",""source_sha256"":""99a30ef9c15cf2fcbead9cd8e0f0a43e039c4099626cd62af09e2954628b7a1e""}"
runs/specula/nvflare-lite-full-opus55-20260925/lite/source/.specula-lite/job-lifecycle-20260925/repro/jobs/leftover-control/meta.json	repro/jobs/leftover-control/meta.json	file	0644	1790318081063510101	313	2b9f1f446a2a9e53f3f7b59088a9a7f686ad647fbe6b8d861162ed027a134af1		copy	run-evidence	Original source bytes preserved	"{""source_id"":""nvflare-lite-full-20260925"",""source_sha256"":""2b9f1f446a2a9e53f3f7b59088a9a7f686ad647fbe6b8d861162ed027a134af1""}"
runs/specula/nvflare-lite-full-opus55-20260925/lite/source/.specula-lite/job-lifecycle-20260925/repro/jobs/leftover-x/app/config/config_fed_client.json	repro/jobs/leftover-x/app/config/config_fed_client.json	file	0644	1790318094206354430	323	403f6e2c928ae6bee36ea03ac72ec2c04c27dd75de4d4f09f4c7932286822655		copy	run-evidence	Original source bytes preserved	"{""source_id"":""nvflare-lite-full-20260925"",""source_sha256"":""403f6e2c928ae6bee36ea03ac72ec2c04c27dd75de4d4f09f4c7932286822655""}"
runs/specula/nvflare-lite-full-opus55-20260925/lite/source/.specula-lite/job-lifecycle-20260925/repro/jobs/leftover-x/app/config/config_fed_server.json	repro/jobs/leftover-x/app/config/config_fed_server.json	file	0644	1790318094206354430	1068	99a30ef9c15cf2fcbead9cd8e0f0a43e039c4099626cd62af09e2954628b7a1e		copy	run-evidence	Original source bytes preserved	"{""source_id"":""nvflare-lite-full-20260925"",""source_sha256"":""99a30ef9c15cf2fcbead9cd8e0f0a43e039c4099626cd62af09e2954628b7a1e""}"
runs/specula/nvflare-lite-full-opus55-20260925/lite/source/.specula-lite/job-lifecycle-20260925/repro/jobs/leftover-x/meta.json	repro/jobs/leftover-x/meta.json	file	0644	1790318094206354430	330	7cbcc31296556582d806d9c1d0890abb6615b6d8391cf1fe6b27a45fd024520f		copy	run-evidence	Original source bytes preserved	"{""source_id"":""nvflare-lite-full-20260925"",""source_sha256"":""7cbcc31296556582d806d9c1d0890abb6615b6d8391cf1fe6b27a45fd024520f""}"
runs/specula/nvflare-lite-full-opus55-20260925/lite/source/.specula-lite/job-lifecycle-20260925/repro/jobs/leftover-y/app/config/config_fed_client.json	repro/jobs/leftover-y/app/config/config_fed_client.json	file	0644	1790318095282341683	323	403f6e2c928ae6bee36ea03ac72ec2c04c27dd75de4d4f09f4c7932286822655		copy	run-evidence	Original source bytes preserved	"{""source_id"":""nvflare-lite-full-20260925"",""source_sha256"":""403f6e2c928ae6bee36ea03ac72ec2c04c27dd75de4d4f09f4c7932286822655""}"
runs/specula/nvflare-lite-full-opus55-20260925/lite/source/.specula-lite/job-lifecycle-20260925/repro/jobs/leftover-y/app/config/config_fed_server.json	repro/jobs/leftover-y/app/config/config_fed_server.json	file	0644	1790318095282341683	1068	99a30ef9c15cf2fcbead9cd8e0f0a43e039c4099626cd62af09e2954628b7a1e		copy	run-evidence	Original source bytes preserved	"{""source_id"":""nvflare-lite-full-20260925"",""source_sha256"":""99a30ef9c15cf2fcbead9cd8e0f0a43e039c4099626cd62af09e2954628b7a1e""}"
runs/specula/nvflare-lite-full-opus55-20260925/lite/source/.specula-lite/job-lifecycle-20260925/repro/jobs/leftover-y/meta.json	repro/jobs/leftover-y/meta.json	file	0644	1790318095282341683	307	bf5b0940f5f114492b96c37f3d71e28378e6bf8c45f3ad7c6a1ed21cae48832d		copy	run-evidence	Original source bytes preserved	"{""source_id"":""nvflare-lite-full-20260925"",""source_sha256"":""bf5b0940f5f114492b96c37f3d71e28378e6bf8c45f3ad7c6a1ed21cae48832d""}"
runs/specula/nvflare-lite-full-opus55-20260925/lite/source/.specula-lite/job-lifecycle-20260925/repro/jobs/overwrite-sjfail-0/app/config/config_fed_client.json	repro/jobs/overwrite-sjfail-0/app/config/config_fed_client.json	file	0644	1790317214620588432	323	403f6e2c928ae6bee36ea03ac72ec2c04c27dd75de4d4f09f4c7932286822655		copy	run-evidence	Original source bytes preserved	"{""source_id"":""nvflare-lite-full-20260925"",""source_sha256"":""403f6e2c928ae6bee36ea03ac72ec2c04c27dd75de4d4f09f4c7932286822655""}"
runs/specula/nvflare-lite-full-opus55-20260925/lite/source/.specula-lite/job-lifecycle-20260925/repro/jobs/overwrite-sjfail-0/app/config/config_fed_server.json	repro/jobs/overwrite-sjfail-0/app/config/config_fed_server.json	file	0644	1790317214620588432	1189	638264f701013d48ad08f703ddf6f6eedc13dde3d1edaf19ea18d1aa16359c38		copy	run-evidence	Original source bytes preserved	"{""source_id"":""nvflare-lite-full-20260925"",""source_sha256"":""638264f701013d48ad08f703ddf6f6eedc13dde3d1edaf19ea18d1aa16359c38""}"
runs/specula/nvflare-lite-full-opus55-20260925/lite/source/.specula-lite/job-lifecycle-20260925/repro/jobs/overwrite-sjfail-0/meta.json	repro/jobs/overwrite-sjfail-0/meta.json	file	0644	1790317214620588432	159	1b6a18fa8acfa14ee3f5dc27500437c7660c0295d358a474bbb48ae2bde9d541		copy	run-evidence	Original source bytes preserved	"{""source_id"":""nvflare-lite-full-20260925"",""source_sha256"":""1b6a18fa8acfa14ee3f5dc27500437c7660c0295d358a474bbb48ae2bde9d541""}"
runs/specula/nvflare-lite-full-opus55-20260925/lite/source/.specula-lite/job-lifecycle-20260925/repro/jobs/overwrite-zerorounds-0/app/config/config_fed_client.json	repro/jobs/overwrite-zerorounds-0/app/config/config_fed_client.json	file	0644	1790317261387079173	323	403f6e2c928ae6bee36ea03ac72ec2c04c27dd75de4d4f09f4c7932286822655		copy	run-evidence	Original source bytes preserved	"{""source_id"":""nvflare-lite-full-20260925"",""source_sha256"":""403f6e2c928ae6bee36ea03ac72ec2c04c27dd75de4d4f09f4c7932286822655""}"
runs/specula/nvflare-lite-full-opus55-20260925/lite/source/.specula-lite/job-lifecycle-20260925/repro/jobs/overwrite-zerorounds-0/app/config/config_fed_server.json	repro/jobs/overwrite-zerorounds-0/app/config/config_fed_server.json	file	0644	1790317261387079173	1068	f0ad2642b4a077bc3534157477daa73d18b8ba05e80a49410301273e285c20dc		copy	run-evidence	Original source bytes preserved	"{""source_id"":""nvflare-lite-full-20260925"",""source_sha256"":""f0ad2642b4a077bc3534157477daa73d18b8ba05e80a49410301273e285c20dc""}"
runs/specula/nvflare-lite-full-opus55-20260925/lite/source/.specula-lite/job-lifecycle-20260925/repro/jobs/overwrite-zerorounds-0/meta.json	repro/jobs/overwrite-zerorounds-0/meta.json	file	0644	1790317261387079173	163	027ef286f56c16637653fb2a99914207686bee6526b0fc8b4cab6dfb11827407		copy	run-evidence	Original source bytes preserved	"{""source_id"":""nvflare-lite-full-20260925"",""source_sha256"":""027ef286f56c16637653fb2a99914207686bee6526b0fc8b4cab6dfb11827407""}"
runs/specula/nvflare-lite-full-opus55-20260925/lite/source/.specula-lite/job-lifecycle-20260925/repro/jobs/partial-start/app/config/config_fed_client.json	repro/jobs/partial-start/app/config/config_fed_client.json	file	0644	1790318554241262966	323	a36babdc4a91226e20c94ddcb637ed5fddbecea407b6f0488e584a7772f972e5		copy	run-evidence	Original source bytes preserved	"{""source_id"":""nvflare-lite-full-20260925"",""source_sha256"":""a36babdc4a91226e20c94ddcb637ed5fddbecea407b6f0488e584a7772f972e5""}"
runs/specula/nvflare-lite-full-opus55-20260925/lite/source/.specula-lite/job-lifecycle-20260925/repro/jobs/partial-start/app/config/config_fed_server.json	repro/jobs/partial-start/app/config/config_fed_server.json	file	0644	1790318554241262966	1068	eac0905c754fc2dae6ffbfd0e9259f6e349110d3317905671067c86f4ef7e1f7		copy	run-evidence	Original source bytes preserved	"{""source_id"":""nvflare-lite-full-20260925"",""source_sha256"":""eac0905c754fc2dae6ffbfd0e9259f6e349110d3317905671067c86f4ef7e1f7""}"
runs/specula/nvflare-lite-full-opus55-20260925/lite/source/.specula-lite/job-lifecycle-20260925/repro/jobs/partial-start/meta.json	repro/jobs/partial-start/meta.json	file	0644	1790318554241262966	310	dd9be2fc7145d34d2ebeacd4abfe2f089efa799e183310e5a2467ee185386f67		copy	run-evidence	Original source bytes preserved	"{""source_id"":""nvflare-lite-full-20260925"",""source_sha256"":""dd9be2fc7145d34d2ebeacd4abfe2f089efa799e183310e5a2467ee185386f67""}"
runs/specula/nvflare-lite-full-opus55-20260925/lite/source/.specula-lite/job-lifecycle-20260925/repro/jobs/sanity/app/config/config_fed_client.json	repro/jobs/sanity/app/config/config_fed_client.json	file	0644	1790316529426753871	323	403f6e2c928ae6bee36ea03ac72ec2c04c27dd75de4d4f09f4c7932286822655		copy	run-evidence	Original source bytes preserved	"{""source_id"":""nvflare-lite-full-20260925"",""source_sha256"":""403f6e2c928ae6bee36ea03ac72ec2c04c27dd75de4d4f09f4c7932286822655""}"
runs/specula/nvflare-lite-full-opus55-20260925/lite/source/.specula-lite/job-lifecycle-20260925/repro/jobs/sanity/app/config/config_fed_server.json	repro/jobs/sanity/app/config/config_fed_server.json	file	0644	1790316529426753871	1068	d346207da18f016ddf054651f2a3583fec3b14cb882f5c7bcc954a6c4559b4e1		copy	run-evidence	Original source bytes preserved	"{""source_id"":""nvflare-lite-full-20260925"",""source_sha256"":""d346207da18f016ddf054651f2a3583fec3b14cb882f5c7bcc954a6c4559b4e1""}"
runs/specula/nvflare-lite-full-opus55-20260925/lite/source/.specula-lite/job-lifecycle-20260925/repro/jobs/sanity/meta.json	repro/jobs/sanity/meta.json	file	0644	1790316529426753871	147	f0ef9771d80a238bb393ff1ca90d18a77aad1a2c419a940b4434f1bd247f1ad8		copy	run-evidence	Original source bytes preserved	"{""source_id"":""nvflare-lite-full-20260925"",""source_sha256"":""f0ef9771d80a238bb393ff1ca90d18a77aad1a2c419a940b4434f1bd247f1ad8""}"
runs/specula/nvflare-lite-full-opus55-20260925/lite/source/.specula-lite/job-lifecycle-20260925/repro/jobs/scan-after/app/config/config_fed_client.json	repro/jobs/scan-after/app/config/config_fed_client.json	file	0644	1790318781766616944	323	403f6e2c928ae6bee36ea03ac72ec2c04c27dd75de4d4f09f4c7932286822655		copy	run-evidence	Original source bytes preserved	"{""source_id"":""nvflare-lite-full-20260925"",""source_sha256"":""403f6e2c928ae6bee36ea03ac72ec2c04c27dd75de4d4f09f4c7932286822655""}"
runs/specula/nvflare-lite-full-opus55-20260925/lite/source/.specula-lite/job-lifecycle-20260925/repro/jobs/scan-after/app/config/config_fed_server.json	repro/jobs/scan-after/app/config/config_fed_server.json	file	0644	1790318781766616944	1068	99a30ef9c15cf2fcbead9cd8e0f0a43e039c4099626cd62af09e2954628b7a1e		copy	run-evidence	Original source bytes preserved	"{""source_id"":""nvflare-lite-full-20260925"",""source_sha256"":""99a30ef9c15cf2fcbead9cd8e0f0a43e039c4099626cd62af09e2954628b7a1e""}"
runs/specula/nvflare-lite-full-opus55-20260925/lite/source/.specula-lite/job-lifecycle-20260925/repro/jobs/scan-after/meta.json	repro/jobs/scan-after/meta.json	file	0644	1790318781766616944	151	513f5e8ddeda80ebccf906facfec84ca4e423a3db0cbce15517db718c988c024		copy	run-evidence	Original source bytes preserved	"{""source_id"":""nvflare-lite-full-20260925"",""source_sha256"":""513f5e8ddeda80ebccf906facfec84ca4e423a3db0cbce15517db718c988c024""}"
runs/specula/nvflare-lite-full-opus55-20260925/lite/source/.specula-lite/job-lifecycle-20260925/repro/jobs/scan-long/app/config/config_fed_client.json	repro/jobs/scan-long/app/config/config_fed_client.json	file	0644	1790318694678631783	323	fd7cbf4ea88752a02b0eaffc62bcf492fcd4d0b8116de991601f45b06a111fcc		copy	run-evidence	Original source bytes preserved	"{""source_id"":""nvflare-lite-full-20260925"",""source_sha256"":""fd7cbf4ea88752a02b0eaffc62bcf492fcd4d0b8116de991601f45b06a111fcc""}"
runs/specula/nvflare-lite-full-opus55-20260925/lite/source/.specula-lite/job-lifecycle-20260925/repro/jobs/scan-long/app/config/config_fed_server.json	repro/jobs/scan-long/app/config/config_fed_server.json	file	0644	1790318694678631783	1068	6aa8ee869a4a2d4d024f74265866f6e872515e3fdba40c5716d96fb71c18b191		copy	run-evidence	Original source bytes preserved	"{""source_id"":""nvflare-lite-full-20260925"",""source_sha256"":""6aa8ee869a4a2d4d024f74265866f6e872515e3fdba40c5716d96fb71c18b191""}"
runs/specula/nvflare-lite-full-opus55-20260925/lite/source/.specula-lite/job-lifecycle-20260925/repro/jobs/scan-long/meta.json	repro/jobs/scan-long/meta.json	file	0644	1790318694678631783	306	12347f021a94e69ae5b04d4b376bb529fff65ab9eab0021aa6231e688d920b67		copy	run-evidence	Original source bytes preserved	"{""source_id"":""nvflare-lite-full-20260925"",""source_sha256"":""12347f021a94e69ae5b04d4b376bb529fff65ab9eab0021aa6231e688d920b67""}"
runs/specula/nvflare-lite-full-opus55-20260925/lite/source/.specula-lite/job-lifecycle-20260925/repro/jobs/scan-queued/app/config/config_fed_client.json	repro/jobs/scan-queued/app/config/config_fed_client.json	file	0644	1790318695749619400	323	403f6e2c928ae6bee36ea03ac72ec2c04c27dd75de4d4f09f4c7932286822655		copy	run-evidence	Original source bytes preserved	"{""source_id"":""nvflare-lite-full-20260925"",""source_sha256"":""403f6e2c928ae6bee36ea03ac72ec2c04c27dd75de4d4f09f4c7932286822655""}"
runs/specula/nvflare-lite-full-opus55-20260925/lite/source/.specula-lite/job-lifecycle-20260925/repro/jobs/scan-queued/app/config/config_fed_server.json	repro/jobs/scan-queued/app/config/config_fed_server.json	file	0644	1790318695749619400	1068	99a30ef9c15cf2fcbead9cd8e0f0a43e039c4099626cd62af09e2954628b7a1e		copy	run-evidence	Original source bytes preserved	"{""source_id"":""nvflare-lite-full-20260925"",""source_sha256"":""99a30ef9c15cf2fcbead9cd8e0f0a43e039c4099626cd62af09e2954628b7a1e""}"
runs/specula/nvflare-lite-full-opus55-20260925/lite/source/.specula-lite/job-lifecycle-20260925/repro/jobs/scan-queued/meta.json	repro/jobs/scan-queued/meta.json	file	0644	1790318695749619400	308	0707b937105451ab8f72ef12957743445dff3feb9a14f1f6783793fb812be132		copy	run-evidence	Original source bytes preserved	"{""source_id"":""nvflare-lite-full-20260925"",""source_sha256"":""0707b937105451ab8f72ef12957743445dff3feb9a14f1f6783793fb812be132""}"
runs/specula/nvflare-lite-full-opus55-20260925/lite/source/.specula-lite/job-lifecycle-20260925/repro/l3_src.patch	repro/l3_src.patch	file	0644	1790319459071467221	1996	162b46ca51588f66b4e6941c87503ebc1a8ba824af7a96de08067362a08807c6		copy	run-evidence	Original source bytes preserved	"{""source_id"":""nvflare-lite-full-20260925"",""source_sha256"":""162b46ca51588f66b4e6941c87503ebc1a8ba824af7a96de08067362a08807c6""}"
runs/specula/nvflare-lite-full-opus55-20260925/lite/source/.specula-lite/job-lifecycle-20260925/repro/logs/bug1_deploy_L0_run1.json	repro/logs/bug1_deploy_L0_run1.json	file	0644	1790316640631400748	2348	a1c6ff2658bc8f2287e3e246bc752b19bfa066a922907c4a8a5c184b5201df72		copy	run-evidence	Original source bytes preserved	"{""source_id"":""nvflare-lite-full-20260925"",""source_sha256"":""a1c6ff2658bc8f2287e3e246bc752b19bfa066a922907c4a8a5c184b5201df72""}"
runs/specula/nvflare-lite-full-opus55-20260925/lite/source/.specula-lite/job-lifecycle-20260925/repro/logs/bug1_deploy_L0_run1.log	repro/logs/bug1_deploy_L0_run1.log	file	0644	1790316640647400553	2330	0bb2adec22eb0dc557be8c8e4b327ac85728a65374ecebce09843b6dcd8b88c5		copy	run-evidence	Original source bytes preserved	"{""source_id"":""nvflare-lite-full-20260925"",""source_sha256"":""0bb2adec22eb0dc557be8c8e4b327ac85728a65374ecebce09843b6dcd8b88c5""}"
runs/specula/nvflare-lite-full-opus55-20260925/lite/source/.specula-lite/job-lifecycle-20260925/repro/logs/bug1_dispatched_L0_run1.json	repro/logs/bug1_dispatched_L0_run1.json	file	0644	1790316768782850565	3959	1dc527fd3f60a64a2aa4afba926b8c3b3442959e206d949ab8c215c156eb69c5		copy	run-evidence	Original source bytes preserved	"{""source_id"":""nvflare-lite-full-20260925"",""source_sha256"":""1dc527fd3f60a64a2aa4afba926b8c3b3442959e206d949ab8c215c156eb69c5""}"
runs/specula/nvflare-lite-full-opus55-20260925/lite/source/.specula-lite/job-lifecycle-20260925/repro/logs/bug1_dispatched_L0_run1.log	repro/logs/bug1_dispatched_L0_run1.log	file	0644	1790316768798850371	3869	33f42d2607530ded4200651bdc3771bc5175f5ec6a967cd5572c3651957d1a67		copy	run-evidence	Original source bytes preserved	"{""source_id"":""nvflare-lite-full-20260925"",""source_sha256"":""33f42d2607530ded4200651bdc3771bc5175f5ec6a967cd5572c3651957d1a67""}"
runs/specula/nvflare-lite-full-opus55-20260925/lite/source/.specula-lite/job-lifecycle-20260925/repro/logs/bug2_delete_L0_run1.json	repro/logs/bug2_delete_L0_run1.json	file	0644	1790316895966318271	3536	592b93dff96aabe2f8890d401a9e0fd8b8792eccc789e0dcbc5312c191f90551		copy	run-evidence	Original source bytes preserved	"{""source_id"":""nvflare-lite-full-20260925"",""source_sha256"":""592b93dff96aabe2f8890d401a9e0fd8b8792eccc789e0dcbc5312c191f90551""}"
runs/specula/nvflare-lite-full-opus55-20260925/lite/source/.specula-lite/job-lifecycle-20260925/repro/logs/bug2_delete_L0_run1.log	repro/logs/bug2_delete_L0_run1.log	file	0644	1790316895977318138	3585	ff2bb6f38b8a993cf595da714719ec65f1dfee22a8441629f59f3e0ce8cb6d52		copy	run-evidence	Original source bytes preserved	"{""source_id"":""nvflare-lite-full-20260925"",""source_sha256"":""ff2bb6f38b8a993cf595da714719ec65f1dfee22a8441629f59f3e0ce8cb6d52""}"
runs/specula/nvflare-lite-full-opus55-20260925/lite/source/.specula-lite/job-lifecycle-20260925/repro/logs/bug2b_scanrace_L0_run1.json	repro/logs/bug2b_scanrace_L0_run1.json	file	0644	1790318842200902838	2100	7d65416b1887580b0c7ade51a71a862d433650a9c3ffa94255f6f304da47fe06		copy	run-evidence	Original source bytes preserved	"{""source_id"":""nvflare-lite-full-20260925"",""source_sha256"":""7d65416b1887580b0c7ade51a71a862d433650a9c3ffa94255f6f304da47fe06""}"
runs/specula/nvflare-lite-full-opus55-20260925/lite/source/.specula-lite/job-lifecycle-20260925/repro/logs/bug2b_scanrace_L0_run1.log	repro/logs/bug2b_scanrace_L0_run1.log	file	0644	1790318842208902744	2125	9918bc7980ab20e3ab5c1a95b72f25d05bf644cfff6df286c01aa67704d998c4		copy	run-evidence	Original source bytes preserved	"{""source_id"":""nvflare-lite-full-20260925"",""source_sha256"":""9918bc7980ab20e3ab5c1a95b72f25d05bf644cfff6df286c01aa67704d998c4""}"
runs/specula/nvflare-lite-full-opus55-20260925/lite/source/.specula-lite/job-lifecycle-20260925/repro/logs/bug3_sjfail_L0_run1.json	repro/logs/bug3_sjfail_L0_run1.json	file	0644	1790317123840568725	1061	fabf31c776b0f432b8e38a7cb88315157df2950b2c7af853895400963b79b163		copy	run-evidence	Original source bytes preserved	"{""source_id"":""nvflare-lite-full-20260925"",""source_sha256"":""fabf31c776b0f432b8e38a7cb88315157df2950b2c7af853895400963b79b163""}"
runs/specula/nvflare-lite-full-opus55-20260925/lite/source/.specula-lite/job-lifecycle-20260925/repro/logs/bug3_sjfail_L0_run1.log	repro/logs/bug3_sjfail_L0_run1.log	file	0644	1790317123845568665	1093	b9c5696681778b3b4cce9c70f2db05fddeb69eedf465326d502248c283ba10f0		copy	run-evidence	Original source bytes preserved	"{""source_id"":""nvflare-lite-full-20260925"",""source_sha256"":""b9c5696681778b3b4cce9c70f2db05fddeb69eedf465326d502248c283ba10f0""}"
runs/specula/nvflare-lite-full-opus55-20260925/lite/source/.specula-lite/job-lifecycle-20260925/repro/logs/bug3_sjfail_L3_run1.json	repro/logs/bug3_sjfail_L3_run1.json	file	0644	1790317259699097477	1047	0c053b3b3c2bd6fd9acc5cace99bc78c26ec8b18904f9b315dc24295677c74ce		copy	run-evidence	Original source bytes preserved	"{""source_id"":""nvflare-lite-full-20260925"",""source_sha256"":""0c053b3b3c2bd6fd9acc5cace99bc78c26ec8b18904f9b315dc24295677c74ce""}"
runs/specula/nvflare-lite-full-opus55-20260925/lite/source/.specula-lite/job-lifecycle-20260925/repro/logs/bug3_sjfail_L3_run1.log	repro/logs/bug3_sjfail_L3_run1.log	file	0644	1790317259704097423	1078	3ccde2fe15f2ed3ee2d1b3bd30fe07acd0ec721d2602bf2508a567e86e1255ea		copy	run-evidence	Original source bytes preserved	"{""source_id"":""nvflare-lite-full-20260925"",""source_sha256"":""3ccde2fe15f2ed3ee2d1b3bd30fe07acd0ec721d2602bf2508a567e86e1255ea""}"
runs/specula/nvflare-lite-full-opus55-20260925/lite/source/.specula-lite/job-lifecycle-20260925/repro/logs/bug3_zerorounds_L0_run1.json	repro/logs/bug3_zerorounds_L0_run1.json	file	0644	1790317155557191167	877	a3437c5d8ed4bee6280f8efc784db24c2b7314efe79c0facb402b65aa4b4cf96		copy	run-evidence	Original source bytes preserved	"{""source_id"":""nvflare-lite-full-20260925"",""source_sha256"":""a3437c5d8ed4bee6280f8efc784db24c2b7314efe79c0facb402b65aa4b4cf96""}"
runs/specula/nvflare-lite-full-opus55-20260925/lite/source/.specula-lite/job-lifecycle-20260925/repro/logs/bug3_zerorounds_L0_run1.log	repro/logs/bug3_zerorounds_L0_run1.log	file	0644	1790317155563191097	914	b1fa212a88f0240aad317f57cde6dc851f93f2b978a7d15b5eb7dbc6b6b6df92		copy	run-evidence	Original source bytes preserved	"{""source_id"":""nvflare-lite-full-20260925"",""source_sha256"":""b1fa212a88f0240aad317f57cde6dc851f93f2b978a7d15b5eb7dbc6b6b6df92""}"
runs/specula/nvflare-lite-full-opus55-20260925/lite/source/.specula-lite/job-lifecycle-20260925/repro/logs/bug3_zerorounds_L3_run1.json	repro/logs/bug3_zerorounds_L3_run1.json	file	0644	1790317306491568355	872	17a63810a2a4d319522c19fd6f7365ed72ef23a1a9f444ffd05ff67cb8df1e4e		copy	run-evidence	Original source bytes preserved	"{""source_id"":""nvflare-lite-full-20260925"",""source_sha256"":""17a63810a2a4d319522c19fd6f7365ed72ef23a1a9f444ffd05ff67cb8df1e4e""}"
runs/specula/nvflare-lite-full-opus55-20260925/lite/source/.specula-lite/job-lifecycle-20260925/repro/logs/bug3_zerorounds_L3_run1.log	repro/logs/bug3_zerorounds_L3_run1.log	file	0644	1790317306497568289	908	26bcbd4761566c2f8e23cebbf3b582217669be519fe0d098e13637d6740c8662		copy	run-evidence	Original source bytes preserved	"{""source_id"":""nvflare-lite-full-20260925"",""source_sha256"":""26bcbd4761566c2f8e23cebbf3b582217669be519fe0d098e13637d6740c8662""}"
runs/specula/nvflare-lite-full-opus55-20260925/lite/source/.specula-lite/job-lifecycle-20260925/repro/logs/bug4_leftover_L0_run1.json	repro/logs/bug4_leftover_L0_run1.json	file	0644	1790317990176588530	7222	24592c246598003960384c930fb8901b2b947d3e470dbd0f6b65c6570b5a8f88		copy	run-evidence	Original source bytes preserved	"{""source_id"":""nvflare-lite-full-20260925"",""source_sha256"":""24592c246598003960384c930fb8901b2b947d3e470dbd0f6b65c6570b5a8f88""}"
runs/specula/nvflare-lite-full-opus55-20260925/lite/source/.specula-lite/job-lifecycle-20260925/repro/logs/bug4_leftover_L0_run1.log	repro/logs/bug4_leftover_L0_run1.log	file	0644	1790317990182588459	7247	ac24e0d97082ac50785e0ca33875a64748d313ba691aaf9043632abfd95581ef		copy	run-evidence	Original source bytes preserved	"{""source_id"":""nvflare-lite-full-20260925"",""source_sha256"":""ac24e0d97082ac50785e0ca33875a64748d313ba691aaf9043632abfd95581ef""}"
runs/specula/nvflare-lite-full-opus55-20260925/lite/source/.specula-lite/job-lifecycle-20260925/repro/logs/bug4_leftover_L0_run1_gpuconsumer_envlimit.json	repro/logs/bug4_leftover_L0_run1_gpuconsumer_envlimit.json	file	0644	1790318040941987116	7222	24592c246598003960384c930fb8901b2b947d3e470dbd0f6b65c6570b5a8f88		copy	run-evidence	Original source bytes preserved	"{""source_id"":""nvflare-lite-full-20260925"",""source_sha256"":""24592c246598003960384c930fb8901b2b947d3e470dbd0f6b65c6570b5a8f88""}"
runs/specula/nvflare-lite-full-opus55-20260925/lite/source/.specula-lite/job-lifecycle-20260925/repro/logs/bug4_leftover_L0_run2.json	repro/logs/bug4_leftover_L0_run2.json	file	0644	1790318415523840159	7214	e008e7a63da8d7430c69c52893b4fecd945a2a81e19bf72202ab1cfb68910c66		copy	run-evidence	Original source bytes preserved	"{""source_id"":""nvflare-lite-full-20260925"",""source_sha256"":""e008e7a63da8d7430c69c52893b4fecd945a2a81e19bf72202ab1cfb68910c66""}"
runs/specula/nvflare-lite-full-opus55-20260925/lite/source/.specula-lite/job-lifecycle-20260925/repro/logs/bug4_leftover_L0_run2.log	repro/logs/bug4_leftover_L0_run2.log	file	0644	1790318415531840070	7239	27a59fe431f5fd058503d4a3d2756a2d6ee0e394835bbbd79b08a7e3918d1d8b		copy	run-evidence	Original source bytes preserved	"{""source_id"":""nvflare-lite-full-20260925"",""source_sha256"":""27a59fe431f5fd058503d4a3d2756a2d6ee0e394835bbbd79b08a7e3918d1d8b""}"
runs/specula/nvflare-lite-full-opus55-20260925/lite/source/.specula-lite/job-lifecycle-20260925/repro/logs/cr3_cr2_unit_run1.log	repro/logs/cr3_cr2_unit_run1.log	file	0644	1790319332289020109	366	ee01dea455bf2c54df7cc8d07dd7d8c4ee9301e2131cf934c40a3971c31f9070		copy	run-evidence	Original source bytes preserved	"{""source_id"":""nvflare-lite-full-20260925"",""source_sha256"":""ee01dea455bf2c54df7cc8d07dd7d8c4ee9301e2131cf934c40a3971c31f9070""}"
runs/specula/nvflare-lite-full-opus55-20260925/lite/source/.specula-lite/job-lifecycle-20260925/repro/logs/cr4_L0.log	repro/logs/cr4_L0.log	file	0644	1790319470651326748	1085	a4c7af1f2bfe5a668bda337afc93c62c9a977a5ba6a6e5db45e514e61afe6e6b		copy	run-evidence	Original source bytes preserved	"{""source_id"":""nvflare-lite-full-20260925"",""source_sha256"":""a4c7af1f2bfe5a668bda337afc93c62c9a977a5ba6a6e5db45e514e61afe6e6b""}"
runs/specula/nvflare-lite-full-opus55-20260925/lite/source/.specula-lite/job-lifecycle-20260925/repro/logs/cr4_L3.log	repro/logs/cr4_L3.log	file	0644	1790319598363797050	855	bc41a2ceaa6243451273a3e6b21032ea2f59a0f1c16124e6eb96d0a4a07f0f77		copy	run-evidence	Original source bytes preserved	"{""source_id"":""nvflare-lite-full-20260925"",""source_sha256"":""bc41a2ceaa6243451273a3e6b21032ea2f59a0f1c16124e6eb96d0a4a07f0f77""}"
runs/specula/nvflare-lite-full-opus55-20260925/lite/source/.specula-lite/job-lifecycle-20260925/repro/logs/cr4_failrun_during_start_L0.json	repro/logs/cr4_failrun_during_start_L0.json	file	0644	1790319470645326821	1060	71b84f04cb3d5c2ec7c6309ff2ac56fe265f54f68ad5d3e6f686ca691fc61cd7		copy	run-evidence	Original source bytes preserved	"{""source_id"":""nvflare-lite-full-20260925"",""source_sha256"":""71b84f04cb3d5c2ec7c6309ff2ac56fe265f54f68ad5d3e6f686ca691fc61cd7""}"
runs/specula/nvflare-lite-full-opus55-20260925/lite/source/.specula-lite/job-lifecycle-20260925/repro/logs/cr4_failrun_during_start_L3.json	repro/logs/cr4_failrun_during_start_L3.json	file	0644	1790319598356797133	830	a479cedadf6b8d123d9f818b2d09b2de40e2af8e99f3336b1ba4201e6fb14db2		copy	run-evidence	Original source bytes preserved	"{""source_id"":""nvflare-lite-full-20260925"",""source_sha256"":""a479cedadf6b8d123d9f818b2d09b2de40e2af8e99f3336b1ba4201e6fb14db2""}"
runs/specula/nvflare-lite-full-opus55-20260925/lite/source/.specula-lite/job-lifecycle-20260925/repro/logs/mc4b_L0.log	repro/logs/mc4b_L0.log	file	0644	1790318948395656031	683	3f1e5728faa86433356209d61eba8a9f7d33e6fdba803270db7374f6cd66274d		copy	run-evidence	Original source bytes preserved	"{""source_id"":""nvflare-lite-full-20260925"",""source_sha256"":""3f1e5728faa86433356209d61eba8a9f7d33e6fdba803270db7374f6cd66274d""}"
runs/specula/nvflare-lite-full-opus55-20260925/lite/source/.specula-lite/job-lifecycle-20260925/repro/logs/mc4b_L3.log	repro/logs/mc4b_L3.log	file	0644	1790319176861951665	679	e285c4cef29e059393c08a5bcc47e96ddd92bc2058499964b78e6fa309691555		copy	run-evidence	Original source bytes preserved	"{""source_id"":""nvflare-lite-full-20260925"",""source_sha256"":""e285c4cef29e059393c08a5bcc47e96ddd92bc2058499964b78e6fa309691555""}"
runs/specula/nvflare-lite-full-opus55-20260925/lite/source/.specula-lite/job-lifecycle-20260925/repro/logs/mc4b_abort_vs_completion_L0.json	repro/logs/mc4b_abort_vs_completion_L0.json	file	0644	1790318948388656113	658	df6065ff1ac4011a0381d2e369f43b0e4989b3f1bee5bd33ab21b0697476b564		copy	run-evidence	Original source bytes preserved	"{""source_id"":""nvflare-lite-full-20260925"",""source_sha256"":""df6065ff1ac4011a0381d2e369f43b0e4989b3f1bee5bd33ab21b0697476b564""}"
runs/specula/nvflare-lite-full-opus55-20260925/lite/source/.specula-lite/job-lifecycle-20260925/repro/logs/mc4b_abort_vs_completion_L3.json	repro/logs/mc4b_abort_vs_completion_L3.json	file	0644	1790319176855951737	654	012ca703096a2f7ee0d17ffe9d5c88b80641c1bc862d78c6006ae8501a283b25		copy	run-evidence	Original source bytes preserved	"{""source_id"":""nvflare-lite-full-20260925"",""source_sha256"":""012ca703096a2f7ee0d17ffe9d5c88b80641c1bc862d78c6006ae8501a283b25""}"
runs/specula/nvflare-lite-full-opus55-20260925/lite/source/.specula-lite/job-lifecycle-20260925/repro/logs/poc_prepare_custom.log	repro/logs/poc_prepare_custom.log	file	0644	1790316429610986695	1236	7d86d1b707c83e03ce37d3796f0259cd9d2c7e1a0531ac05e2ffa7bc7b7783fc		copy	run-evidence	Original source bytes preserved	"{""source_id"":""nvflare-lite-full-20260925"",""source_sha256"":""7d86d1b707c83e03ce37d3796f0259cd9d2c7e1a0531ac05e2ffa7bc7b7783fc""}"
runs/specula/nvflare-lite-full-opus55-20260925/lite/source/.specula-lite/job-lifecycle-20260925/repro/logs/poc_prepare_custom_2.log	repro/logs/poc_prepare_custom_2.log	file	0644	1790317507422274865	1236	a7f9159811e4fcbc04b64f6f5f54cb12e0d62cbbc8706597de7d7983f99d30af		copy	run-evidence	Original source bytes preserved	"{""source_id"":""nvflare-lite-full-20260925"",""source_sha256"":""a7f9159811e4fcbc04b64f6f5f54cb12e0d62cbbc8706597de7d7983f99d30af""}"
runs/specula/nvflare-lite-full-opus55-20260925/lite/source/.specula-lite/job-lifecycle-20260925/repro/logs/poc_prepare_default.log	repro/logs/poc_prepare_default.log	file	0644	1790316421868084767	1106	98b4f9d3113ca35729592bbba9602dd6c82d98305af1dd87f94939d6f69a9c1e		copy	run-evidence	Original source bytes preserved	"{""source_id"":""nvflare-lite-full-20260925"",""source_sha256"":""98b4f9d3113ca35729592bbba9602dd6c82d98305af1dd87f94939d6f69a9c1e""}"
runs/specula/nvflare-lite-full-opus55-20260925/lite/source/.specula-lite/job-lifecycle-20260925/repro/logs/poc_start_1.log	repro/logs/poc_start_1.log	file	0644	1790316510910983741	726	b888a7b3ac7dd39938293ea0592ed56fc46def3ce25ec5efbbba90a4ac1fdf42		copy	run-evidence	Original source bytes preserved	"{""source_id"":""nvflare-lite-full-20260925"",""source_sha256"":""b888a7b3ac7dd39938293ea0592ed56fc46def3ce25ec5efbbba90a4ac1fdf42""}"
runs/specula/nvflare-lite-full-opus55-20260925/lite/source/.specula-lite/job-lifecycle-20260925/repro/logs/poc_start_10.log	repro/logs/poc_start_10.log	file	0644	1790318671135908343	726	b888a7b3ac7dd39938293ea0592ed56fc46def3ce25ec5efbbba90a4ac1fdf42		copy	run-evidence	Original source bytes preserved	"{""source_id"":""nvflare-lite-full-20260925"",""source_sha256"":""b888a7b3ac7dd39938293ea0592ed56fc46def3ce25ec5efbbba90a4ac1fdf42""}"
runs/specula/nvflare-lite-full-opus55-20260925/lite/source/.specula-lite/job-lifecycle-20260925/repro/logs/poc_start_11.log	repro/logs/poc_start_11.log	file	0644	1790318896665260922	726	b888a7b3ac7dd39938293ea0592ed56fc46def3ce25ec5efbbba90a4ac1fdf42		copy	run-evidence	Original source bytes preserved	"{""source_id"":""nvflare-lite-full-20260925"",""source_sha256"":""b888a7b3ac7dd39938293ea0592ed56fc46def3ce25ec5efbbba90a4ac1fdf42""}"
runs/specula/nvflare-lite-full-opus55-20260925/lite/source/.specula-lite/job-lifecycle-20260925/repro/logs/poc_start_12_L3b.log	repro/logs/poc_start_12_L3b.log	file	0644	1790319000897044667	756	eb0db70b49431498879579472ee4a5ac3565b4728d66e4d676508dbea0c64d6f		copy	run-evidence	Original source bytes preserved	"{""source_id"":""nvflare-lite-full-20260925"",""source_sha256"":""eb0db70b49431498879579472ee4a5ac3565b4728d66e4d676508dbea0c64d6f""}"
runs/specula/nvflare-lite-full-opus55-20260925/lite/source/.specula-lite/job-lifecycle-20260925/repro/logs/poc_start_13_L3b.log	repro/logs/poc_start_13_L3b.log	file	0644	1790319149563275811	726	b87bedd010eacbc836e97322b17115a8f563d297c5627647daa405aef132f320		copy	run-evidence	Original source bytes preserved	"{""source_id"":""nvflare-lite-full-20260925"",""source_sha256"":""b87bedd010eacbc836e97322b17115a8f563d297c5627647daa405aef132f320""}"
runs/specula/nvflare-lite-full-opus55-20260925/lite/source/.specula-lite/job-lifecycle-20260925/repro/logs/poc_start_14.log	repro/logs/poc_start_14.log	file	0644	1790319322054143495	726	b87bedd010eacbc836e97322b17115a8f563d297c5627647daa405aef132f320		copy	run-evidence	Original source bytes preserved	"{""source_id"":""nvflare-lite-full-20260925"",""source_sha256"":""b87bedd010eacbc836e97322b17115a8f563d297c5627647daa405aef132f320""}"
runs/specula/nvflare-lite-full-opus55-20260925/lite/source/.specula-lite/job-lifecycle-20260925/repro/logs/poc_start_15_L3c.log	repro/logs/poc_start_15_L3c.log	file	0644	1790319585507951127	726	8bd28292d8050b84c1cf27329694b76d1f66c3004d2aec5f36b1df8a264b8480		copy	run-evidence	Original source bytes preserved	"{""source_id"":""nvflare-lite-full-20260925"",""source_sha256"":""8bd28292d8050b84c1cf27329694b76d1f66c3004d2aec5f36b1df8a264b8480""}"
runs/specula/nvflare-lite-full-opus55-20260925/lite/source/.specula-lite/job-lifecycle-20260925/repro/logs/poc_start_2.log	repro/logs/poc_start_2.log	file	0644	1790317015457876262	726	b888a7b3ac7dd39938293ea0592ed56fc46def3ce25ec5efbbba90a4ac1fdf42		copy	run-evidence	Original source bytes preserved	"{""source_id"":""nvflare-lite-full-20260925"",""source_sha256"":""b888a7b3ac7dd39938293ea0592ed56fc46def3ce25ec5efbbba90a4ac1fdf42""}"
runs/specula/nvflare-lite-full-opus55-20260925/lite/source/.specula-lite/job-lifecycle-20260925/repro/logs/poc_start_3_L3.log	repro/logs/poc_start_3_L3.log	file	0644	1790317206942672285	726	b888a7b3ac7dd39938293ea0592ed56fc46def3ce25ec5efbbba90a4ac1fdf42		copy	run-evidence	Original source bytes preserved	"{""source_id"":""nvflare-lite-full-20260925"",""source_sha256"":""b888a7b3ac7dd39938293ea0592ed56fc46def3ce25ec5efbbba90a4ac1fdf42""}"
runs/specula/nvflare-lite-full-opus55-20260925/lite/source/.specula-lite/job-lifecycle-20260925/repro/logs/poc_start_4.log	repro/logs/poc_start_4.log	file	0644	1790317361554951781	786	c074d08e32d7c8bf969c0e04bdf7f90787a205a1d66db60925818c9d4e707998		copy	run-evidence	Original source bytes preserved	"{""source_id"":""nvflare-lite-full-20260925"",""source_sha256"":""c074d08e32d7c8bf969c0e04bdf7f90787a205a1d66db60925818c9d4e707998""}"
runs/specula/nvflare-lite-full-opus55-20260925/lite/source/.specula-lite/job-lifecycle-20260925/repro/logs/poc_start_5_unmodified.log	repro/logs/poc_start_5_unmodified.log	file	0644	1790317481915574076	726	b888a7b3ac7dd39938293ea0592ed56fc46def3ce25ec5efbbba90a4ac1fdf42		copy	run-evidence	Original source bytes preserved	"{""source_id"":""nvflare-lite-full-20260925"",""source_sha256"":""b888a7b3ac7dd39938293ea0592ed56fc46def3ce25ec5efbbba90a4ac1fdf42""}"
runs/specula/nvflare-lite-full-opus55-20260925/lite/source/.specula-lite/job-lifecycle-20260925/repro/logs/poc_start_6_clean.log	repro/logs/poc_start_6_clean.log	file	0644	1790317540411889913	726	805b93f6d87a2a73ce27a3e6cffeb82fc2024bc7a2c167d20ad1dd908d3b51aa		copy	run-evidence	Original source bytes preserved	"{""source_id"":""nvflare-lite-full-20260925"",""source_sha256"":""805b93f6d87a2a73ce27a3e6cffeb82fc2024bc7a2c167d20ad1dd908d3b51aa""}"
runs/specula/nvflare-lite-full-opus55-20260925/lite/source/.specula-lite/job-lifecycle-20260925/repro/logs/poc_start_7_t1.log	repro/logs/poc_start_7_t1.log	file	0644	1790317634608788360	726	b888a7b3ac7dd39938293ea0592ed56fc46def3ce25ec5efbbba90a4ac1fdf42		copy	run-evidence	Original source bytes preserved	"{""source_id"":""nvflare-lite-full-20260925"",""source_sha256"":""b888a7b3ac7dd39938293ea0592ed56fc46def3ce25ec5efbbba90a4ac1fdf42""}"
runs/specula/nvflare-lite-full-opus55-20260925/lite/source/.specula-lite/job-lifecycle-20260925/repro/logs/poc_start_8_t1b.log	repro/logs/poc_start_8_t1b.log	file	0644	1790318073879595448	726	b888a7b3ac7dd39938293ea0592ed56fc46def3ce25ec5efbbba90a4ac1fdf42		copy	run-evidence	Original source bytes preserved	"{""source_id"":""nvflare-lite-full-20260925"",""source_sha256"":""b888a7b3ac7dd39938293ea0592ed56fc46def3ce25ec5efbbba90a4ac1fdf42""}"
runs/specula/nvflare-lite-full-opus55-20260925/lite/source/.specula-lite/job-lifecycle-20260925/repro/logs/poc_start_9_partialstart.log	repro/logs/poc_start_9_partialstart.log	file	0644	1790318552614281428	726	b888a7b3ac7dd39938293ea0592ed56fc46def3ce25ec5efbbba90a4ac1fdf42		copy	run-evidence	Original source bytes preserved	"{""source_id"":""nvflare-lite-full-20260925"",""source_sha256"":""b888a7b3ac7dd39938293ea0592ed56fc46def3ce25ec5efbbba90a4ac1fdf42""}"
runs/specula/nvflare-lite-full-opus55-20260925/lite/source/.specula-lite/job-lifecycle-20260925/repro/logs/poc_stop_1.log	repro/logs/poc_stop_1.log	file	0644	1790316977366336411	77	8b7886cf4d60f9a820a4747eea9c2b41a28b5665229ded295474cb0bcfd501df		copy	run-evidence	Original source bytes preserved	"{""source_id"":""nvflare-lite-full-20260925"",""source_sha256"":""8b7886cf4d60f9a820a4747eea9c2b41a28b5665229ded295474cb0bcfd501df""}"
runs/specula/nvflare-lite-full-opus55-20260925/lite/source/.specula-lite/job-lifecycle-20260925/repro/logs/poc_stop_2.log	repro/logs/poc_stop_2.log	file	0644	1790317170897055390	77	8b7886cf4d60f9a820a4747eea9c2b41a28b5665229ded295474cb0bcfd501df		copy	run-evidence	Original source bytes preserved	"{""source_id"":""nvflare-lite-full-20260925"",""source_sha256"":""8b7886cf4d60f9a820a4747eea9c2b41a28b5665229ded295474cb0bcfd501df""}"
runs/specula/nvflare-lite-full-opus55-20260925/lite/source/.specula-lite/job-lifecycle-20260925/repro/logs/poc_stop_3.log	repro/logs/poc_stop_3.log	file	0644	1790317325563357151	303	497da1fafb6be892cd0a8ed77d3c3e2e5011623cae00589db6dad8c615c6429e		copy	run-evidence	Original source bytes preserved	"{""source_id"":""nvflare-lite-full-20260925"",""source_sha256"":""497da1fafb6be892cd0a8ed77d3c3e2e5011623cae00589db6dad8c615c6429e""}"
runs/specula/nvflare-lite-full-opus55-20260925/lite/source/.specula-lite/job-lifecycle-20260925/repro/logs/poc_stop_4_unmodified_zombie.log	repro/logs/poc_stop_4_unmodified_zombie.log	file	0644	1790317490339476940	303	497da1fafb6be892cd0a8ed77d3c3e2e5011623cae00589db6dad8c615c6429e		copy	run-evidence	Original source bytes preserved	"{""source_id"":""nvflare-lite-full-20260925"",""source_sha256"":""497da1fafb6be892cd0a8ed77d3c3e2e5011623cae00589db6dad8c615c6429e""}"
runs/specula/nvflare-lite-full-opus55-20260925/lite/source/.specula-lite/job-lifecycle-20260925/repro/logs/poc_stop_5.log	repro/logs/poc_stop_5.log	file	0644	1790318860599686614	77	8b7886cf4d60f9a820a4747eea9c2b41a28b5665229ded295474cb0bcfd501df		copy	run-evidence	Original source bytes preserved	"{""source_id"":""nvflare-lite-full-20260925"",""source_sha256"":""8b7886cf4d60f9a820a4747eea9c2b41a28b5665229ded295474cb0bcfd501df""}"
runs/specula/nvflare-lite-full-opus55-20260925/lite/source/.specula-lite/job-lifecycle-20260925/repro/logs/poc_stop_6.log	repro/logs/poc_stop_6.log	file	0644	1790318965089461700	77	8b7886cf4d60f9a820a4747eea9c2b41a28b5665229ded295474cb0bcfd501df		copy	run-evidence	Original source bytes preserved	"{""source_id"":""nvflare-lite-full-20260925"",""source_sha256"":""8b7886cf4d60f9a820a4747eea9c2b41a28b5665229ded295474cb0bcfd501df""}"
runs/specula/nvflare-lite-full-opus55-20260925/lite/source/.specula-lite/job-lifecycle-20260925/repro/logs/poc_stop_7.log	repro/logs/poc_stop_7.log	file	0644	1790319224991370437	77	8b7886cf4d60f9a820a4747eea9c2b41a28b5665229ded295474cb0bcfd501df		copy	run-evidence	Original source bytes preserved	"{""source_id"":""nvflare-lite-full-20260925"",""source_sha256"":""8b7886cf4d60f9a820a4747eea9c2b41a28b5665229ded295474cb0bcfd501df""}"
runs/specula/nvflare-lite-full-opus55-20260925/lite/source/.specula-lite/job-lifecycle-20260925/repro/logs/poc_stop_8.log	repro/logs/poc_stop_8.log	file	0644	1790319486415138761	77	8b7886cf4d60f9a820a4747eea9c2b41a28b5665229ded295474cb0bcfd501df		copy	run-evidence	Original source bytes preserved	"{""source_id"":""nvflare-lite-full-20260925"",""source_sha256"":""8b7886cf4d60f9a820a4747eea9c2b41a28b5665229ded295474cb0bcfd501df""}"
runs/specula/nvflare-lite-full-opus55-20260925/lite/source/.specula-lite/job-lifecycle-20260925/repro/logs/poc_stop_final.log	repro/logs/poc_stop_final.log	file	0644	1790319620884527389	77	8b7886cf4d60f9a820a4747eea9c2b41a28b5665229ded295474cb0bcfd501df		copy	run-evidence	Original source bytes preserved	"{""source_id"":""nvflare-lite-full-20260925"",""source_sha256"":""8b7886cf4d60f9a820a4747eea9c2b41a28b5665229ded295474cb0bcfd501df""}"
runs/specula/nvflare-lite-full-opus55-20260925/lite/source/.specula-lite/job-lifecycle-20260925/repro/logs/q2_partial_start_L0_run1.json	repro/logs/q2_partial_start_L0_run1.json	file	0644	1790318594720792877	995	b87773324c51aefb494f383325fd29294c27ef879a1727d76bfa587eb5959308		copy	run-evidence	Original source bytes preserved	"{""source_id"":""nvflare-lite-full-20260925"",""source_sha256"":""b87773324c51aefb494f383325fd29294c27ef879a1727d76bfa587eb5959308""}"
runs/specula/nvflare-lite-full-opus55-20260925/lite/source/.specula-lite/job-lifecycle-20260925/repro/logs/q2_partial_start_L0_run1.log	repro/logs/q2_partial_start_L0_run1.log	file	0644	1790318594729792764	1020	baafc53459a78bdf534c29116f7949979e6a7a3b2d6f768877121bee14d50095		copy	run-evidence	Original source bytes preserved	"{""source_id"":""nvflare-lite-full-20260925"",""source_sha256"":""baafc53459a78bdf534c29116f7949979e6a7a3b2d6f768877121bee14d50095""}"
runs/specula/nvflare-lite-full-opus55-20260925/lite/source/.specula-lite/job-lifecycle-20260925/repro/logs/server_audit_after_mc4b.log	repro/logs/server_audit_after_mc4b.log	file	0644	1790319322188141890	134276	a376c7eeb7903d66c28c79d2fff0cf334774e38e537a74ddeb8a946a0cef00ae		copy	run-evidence	Original source bytes preserved	"{""source_id"":""nvflare-lite-full-20260925"",""source_sha256"":""a376c7eeb7903d66c28c79d2fff0cf334774e38e537a74ddeb8a946a0cef00ae""}"
runs/specula/nvflare-lite-full-opus55-20260925/lite/source/.specula-lite/job-lifecycle-20260925/repro/logs/server_audit_final.log	repro/logs/server_audit_final.log	file	0644	1790319614328605948	145949	0d9e8bff32f4c075231ed7931962d1100a5054667b4d139929f72099e77fb017		copy	run-evidence	Original source bytes preserved	"{""source_id"":""nvflare-lite-full-20260925"",""source_sha256"":""0d9e8bff32f4c075231ed7931962d1100a5054667b4d139929f72099e77fb017""}"
runs/specula/nvflare-lite-full-opus55-20260925/lite/source/.specula-lite/job-lifecycle-20260925/repro/logs/server_log_after_mc4b.txt	repro/logs/server_log_after_mc4b.txt	file	0644	1790319322186141914	91704	3b1605adea9cc8fb08922e10adf7299c2da51e822a2e9c86d15de1a00fe21e97		copy	run-evidence	Original source bytes preserved	"{""source_id"":""nvflare-lite-full-20260925"",""source_sha256"":""3b1605adea9cc8fb08922e10adf7299c2da51e822a2e9c86d15de1a00fe21e97""}"
runs/specula/nvflare-lite-full-opus55-20260925/lite/source/.specula-lite/job-lifecycle-20260925/repro/logs/server_log_final.txt	repro/logs/server_log_final.txt	file	0644	1790319614326605972	104413	293163904bd0831d045452531dda8130500246879154fee789d3f2b0ce19b71a		copy	run-evidence	Original source bytes preserved	"{""source_id"":""nvflare-lite-full-20260925"",""source_sha256"":""293163904bd0831d045452531dda8130500246879154fee789d3f2b0ce19b71a""}"
runs/specula/nvflare-lite-full-opus55-20260925/lite/source/.specula-lite/job-lifecycle-20260925/repro/logs/server_log_through_L3.txt	repro/logs/server_log_through_L3.txt	file	0644	1790317325650356190	52590	cb7b1bb74879f82fc4059fc686ad1fc0f31376144d001004ca6206bf63e6a7f1		copy	run-evidence	Original source bytes preserved	"{""source_id"":""nvflare-lite-full-20260925"",""source_sha256"":""cb7b1bb74879f82fc4059fc686ad1fc0f31376144d001004ca6206bf63e6a7f1""}"
runs/specula/nvflare-lite-full-opus55-20260925/lite/source/.specula-lite/job-lifecycle-20260925/repro/logs/server_poc_console_after_bug2.log	repro/logs/server_poc_console_after_bug2.log	file	0644	1790316970394420527	223807	8b059922f66b93d960e049f405652330e5aeb3fbb4ebc24f278cacbbe1ac2387		copy	run-evidence	Original source bytes preserved	"{""source_id"":""nvflare-lite-full-20260925"",""source_sha256"":""8b059922f66b93d960e049f405652330e5aeb3fbb4ebc24f278cacbbe1ac2387""}"
runs/specula/nvflare-lite-full-opus55-20260925/lite/source/.specula-lite/job-lifecycle-20260925/repro/logs/server_poc_console_after_bug2b.log	repro/logs/server_poc_console_after_bug2b.log	file	0644	1790318853967764406	179566	1ee2483bc90c012a9162dc55655dade903e299fb84d0d2eb12a369ad5eb7b9c1		copy	run-evidence	Original source bytes preserved	"{""source_id"":""nvflare-lite-full-20260925"",""source_sha256"":""1ee2483bc90c012a9162dc55655dade903e299fb84d0d2eb12a369ad5eb7b9c1""}"
runs/specula/nvflare-lite-full-opus55-20260925/lite/source/.specula-lite/job-lifecycle-20260925/repro/logs/server_poc_console_final.log	repro/logs/server_poc_console_final.log	file	0644	1790319614329605936	264729	5d94c251620ce9e153d90cc765d52e48d554e9ee1be0220045b74e50f4d0f1f9		copy	run-evidence	Original source bytes preserved	"{""source_id"":""nvflare-lite-full-20260925"",""source_sha256"":""5d94c251620ce9e153d90cc765d52e48d554e9ee1be0220045b74e50f4d0f1f9""}"
runs/specula/nvflare-lite-full-opus55-20260925/lite/source/.specula-lite/job-lifecycle-20260925/repro/probe_job.py	repro/probe_job.py	file	0644	1790316471989463442	3340	4f159b6dd85f683a5bcd616131cd19d2a4b74e776cf8221c7f430014357898b4		copy	run-evidence	Original source bytes preserved	"{""source_id"":""nvflare-lite-full-20260925"",""source_sha256"":""4f159b6dd85f683a5bcd616131cd19d2a4b74e776cf8221c7f430014357898b4""}"
runs/specula/nvflare-lite-full-opus55-20260925/lite/source/.specula-lite/job-lifecycle-20260925/repro/project_custom.yml	repro/project_custom.yml	file	0644	1790316428775997281	861	801168548c59598e04b4e935619d0735c9fcc4c723c2d856b2becab273a2ede1		copy	run-evidence	Original source bytes preserved	"{""source_id"":""nvflare-lite-full-20260925"",""source_sha256"":""801168548c59598e04b4e935619d0735c9fcc4c723c2d856b2becab273a2ede1""}"
runs/specula/nvflare-lite-full-opus55-20260925/lite/source/.specula-lite/job-lifecycle-20260925/repro/test_bug1_abort_lost.py	repro/test_bug1_abort_lost.py	file	0644	1790316584942079312	5320	2785f5463cefd47e39a686771353908fb93e9c7c877fb3eab951372680d80149		copy	run-evidence	Original source bytes preserved	"{""source_id"":""nvflare-lite-full-20260925"",""source_sha256"":""2785f5463cefd47e39a686771353908fb93e9c7c877fb3eab951372680d80149""}"
runs/specula/nvflare-lite-full-opus55-20260925/lite/source/.specula-lite/job-lifecycle-20260925/repro/test_bug2_delete_kills_runner.py	repro/test_bug2_delete_kills_runner.py	file	0644	1790316792290566308	3858	2605aa481c87d2e94a0f2fcf312d4fe45eea27d4d74752efca89da1d96dc21b6		copy	run-evidence	Original source bytes preserved	"{""source_id"":""nvflare-lite-full-20260925"",""source_sha256"":""2605aa481c87d2e94a0f2fcf312d4fe45eea27d4d74752efca89da1d96dc21b6""}"
runs/specula/nvflare-lite-full-opus55-20260925/lite/source/.specula-lite/job-lifecycle-20260925/repro/test_bug2b_delete_queued_scan_race.py	repro/test_bug2b_delete_queued_scan_race.py	file	0644	1790318687513719318	3997	b29428eddd7c7ba553c7db10d7c905dc9954cf81efe01953d88e7a1d468a7c6b		copy	run-evidence	Original source bytes preserved	"{""source_id"":""nvflare-lite-full-20260925"",""source_sha256"":""b29428eddd7c7ba553c7db10d7c905dc9954cf81efe01953d88e7a1d468a7c6b""}"
runs/specula/nvflare-lite-full-opus55-20260925/lite/source/.specula-lite/job-lifecycle-20260925/repro/test_bug3_running_overwrite.py	repro/test_bug3_running_overwrite.py	file	0644	1790317086983012197	4348	3061ab6ea831eef9a410985861f45e94f057ab725381340a6835de4f21365a87		copy	run-evidence	Original source bytes preserved	"{""source_id"":""nvflare-lite-full-20260925"",""source_sha256"":""3061ab6ea831eef9a410985861f45e94f057ab725381340a6835de4f21365a87""}"
runs/specula/nvflare-lite-full-opus55-20260925/lite/source/.specula-lite/job-lifecycle-20260925/repro/test_bug4_leftover_reservation.py	repro/test_bug4_leftover_reservation.py	file	0644	1790317666188415289	4945	d885b185f8e47d32dc0c4f9bc59047ee88977c2fc1a40a724658701698aa64b6		copy	run-evidence	Original source bytes preserved	"{""source_id"":""nvflare-lite-full-20260925"",""source_sha256"":""d885b185f8e47d32dc0c4f9bc59047ee88977c2fc1a40a724658701698aa64b6""}"
runs/specula/nvflare-lite-full-opus55-20260925/lite/source/.specula-lite/job-lifecycle-20260925/repro/test_cr3_gpu_expiration_validation.py	repro/test_cr3_gpu_expiration_validation.py	file	0644	1790319332033023219	1296	d50f98645a5dbe9e6fc0d6902acc98cda54073680a6f27aca925f33209557177		copy	run-evidence	Original source bytes preserved	"{""source_id"":""nvflare-lite-full-20260925"",""source_sha256"":""d50f98645a5dbe9e6fc0d6902acc98cda54073680a6f27aca925f33209557177""}"
runs/specula/nvflare-lite-full-opus55-20260925/lite/source/.specula-lite/job-lifecycle-20260925/repro/test_cr4_failrun_during_start.py	repro/test_cr4_failrun_during_start.py	file	0644	1790319459082467089	2071	11e4126126db4d64c960d3dc2a2e7e98446d62e76a207ea0ceb0f37df2c69774		copy	run-evidence	Original source bytes preserved	"{""source_id"":""nvflare-lite-full-20260925"",""source_sha256"":""11e4126126db4d64c960d3dc2a2e7e98446d62e76a207ea0ceb0f37df2c69774""}"
runs/specula/nvflare-lite-full-opus55-20260925/lite/source/.specula-lite/job-lifecycle-20260925/repro/test_mc4b_abort_vs_completion.py	repro/test_mc4b_abort_vs_completion.py	file	0644	1790318933568821561	2223	74220250980376f90d6e37aeeb1ad3d50bba13064c841ec6d0cec50d1d97174d		copy	run-evidence	Original source bytes preserved	"{""source_id"":""nvflare-lite-full-20260925"",""source_sha256"":""74220250980376f90d6e37aeeb1ad3d50bba13064c841ec6d0cec50d1d97174d""}"
runs/specula/nvflare-lite-full-opus55-20260925/lite/source/.specula-lite/job-lifecycle-20260925/repro/test_q2_partial_start_cleanup.py	repro/test_q2_partial_start_cleanup.py	file	0644	1790318552697280486	1954	4042b2919e65327e202226dda01397291033c695e95bcdf0c3f7449acbb47d29		copy	run-evidence	Original source bytes preserved	"{""source_id"":""nvflare-lite-full-20260925"",""source_sha256"":""4042b2919e65327e202226dda01397291033c695e95bcdf0c3f7449acbb47d29""}"
runs/specula/nvflare-lite-full-opus55-20260925/lite/source/.specula-lite/job-lifecycle-20260925/repro/test_sanity.py	repro/test_sanity.py	file	0644	1790316527867773254	828	a807fc3ae0e1ce3283a1207ff1ae707dfd75ef37e1425ea0f054495e61ad853a		copy	run-evidence	Original source bytes preserved	"{""source_id"":""nvflare-lite-full-20260925"",""source_sha256"":""a807fc3ae0e1ce3283a1207ff1ae707dfd75ef37e1425ea0f054495e61ad853a""}"
	run.json	file	0664	0	471	1150bce482e4ccdf9d88c1f58f556537f8b4ed3e97f9c07904d8082fc64d017e		generated	curated-documentation-or-archive-validation	Archive entrypoint or metadata	{}
