source_path	destination_path	type	mode	mtime_ns	size	sha256	symlink_target	action	classification	reason	encoded
crossbeam-channel-bounded	crossbeam-channel-bounded	directory	0700	1784137694826805286				mkdir	run-directory		
crossbeam-channel-bounded/.specula-output	crossbeam-channel-bounded/.specula-output	directory	0700	1784154292979186468				mkdir	run-directory		
crossbeam-channel-bounded/.specula-output/.bug-classification-prompt.md	crossbeam-channel-bounded/.specula-output/.bug-classification-prompt.md	file	0600	1784154101567273524	1133	dc895bc71b05b9aa852395f8a29619fafb5323f4e05bc131ec68523bfc1a0f4e		copy	run-evidence		
crossbeam-channel-bounded/.specula-output/.harness-gen-prompt.md	crossbeam-channel-bounded/.specula-output/.harness-gen-prompt.md	file	0600	1784140073088968996	2984	4e8d044717a9b3bd3ce5caf66d355169eac6bdbac8020da6e13a2f64fd89eb2e		copy	run-evidence		
crossbeam-channel-bounded/.specula-output/.prompt-extra.md	crossbeam-channel-bounded/.specula-output/.prompt-extra.md	file	0600	1784137694828805326	423	a93c16361f1a920793dcbb77e111ec513dc8b00dc1848c8e1b3873d993efdd0f		copy	run-evidence		
crossbeam-channel-bounded/.specula-output/.prompt.md	crossbeam-channel-bounded/.specula-output/.prompt.md	file	0600	1784137695176812260	1688	11cf487c0838c4ac161b920b307cb73c6efbb4111f513417525defb6b4403558		copy	run-evidence		
crossbeam-channel-bounded/.specula-output/.spec-gen-prompt.md	crossbeam-channel-bounded/.specula-output/.spec-gen-prompt.md	file	0600	1784138984233921509	2901	3e19881b71420160a3c6c32d5894f8e10b821199094251174113b74605743568		copy	run-evidence		
crossbeam-channel-bounded/.specula-output/.spec-validation-prompt.md	crossbeam-channel-bounded/.specula-output/.spec-validation-prompt.md	file	0600	1784141412127033295	2262	63b944d366570f941bf012e8ee9cc9307b037e1b1e6d3276e593ddd5f8f048fd		copy	run-evidence		
crossbeam-channel-bounded/.specula-output/.stop-gate	crossbeam-channel-bounded/.specula-output/.stop-gate	directory	0700	1784142093572791734				mkdir	run-directory		
crossbeam-channel-bounded/.specula-output/.stop-gate/background-pids	crossbeam-channel-bounded/.specula-output/.stop-gate/background-pids	directory	0700	1784142093680794006				mkdir	run-directory		
crossbeam-channel-bounded/.specula-output/.stop-gate/background-pids/261047.pid		file	0600	1784142093678793964	152	ae49ed6ee7aa3467adbbedf22e6a40712ed09f5bc9a43caa544bbe47b3df1b70		exclude	non-evidence	ephemeral-process-id	
crossbeam-channel-bounded/.specula-output/.stop-gate/background-pids/261092.pid		file	0600	1784142093679793985	152	c00d3340084471842fc598a190dbea75c0e000b2948e5810cd6d121f39970bb5		exclude	non-evidence	ephemeral-process-id	
crossbeam-channel-bounded/.specula-output/agent.activity.jsonl	crossbeam-channel-bounded/.specula-output/agent.activity.jsonl	file	0600	1784138982382883432	171183	434da021d49921ffba54e093553bf860dd152feca47dda90aca5db5cca15109f		copy	run-evidence		
crossbeam-channel-bounded/.specula-output/agent.last-message.txt	crossbeam-channel-bounded/.specula-output/agent.last-message.txt	file	0600	1784138982453884893	1005	fb9e4d0c9064d9ac9cd6acbfbf2a40da3b6554befc4cf1f8e65efc3f3857c96c		copy	run-evidence		
crossbeam-channel-bounded/.specula-output/agent.log	crossbeam-channel-bounded/.specula-output/agent.log	file	0600	1784138982327882301	28818	57ece5cbff096cc1dd41fa500c4c7a3155bf7fa18e3a83f99660ab3db55b503a		copy	run-evidence		
crossbeam-channel-bounded/.specula-output/agent.pid		file	0600	1784137695178812300	6	3546f0653b3132b33ca5a46f49d28416aae3e203c1b3aa3ad4d98e92f81ec233		exclude	non-evidence	ephemeral-process-id	
crossbeam-channel-bounded/.specula-output/agent.usage.json	crossbeam-channel-bounded/.specula-output/agent.usage.json	file	0600	1784138983318902687	245	f09925fea24476ae6a239f8266a11ec4997192b71380ac240ce3b8e99e733a98		copy	run-evidence		
crossbeam-channel-bounded/.specula-output/analysis-report.md	crossbeam-channel-bounded/.specula-output/analysis-report.md	file	0600	1784138927791756192	21867	3a2947d67e6b3ccfee447bb9a5229ac06fc8689226adb0d5c01a8933230df57a		copy	run-evidence		
crossbeam-channel-bounded/.specula-output/bug-classification.activity.jsonl	crossbeam-channel-bounded/.specula-output/bug-classification.activity.jsonl	file	0600	1784154292875184358	11473	0ab7864ddbcf06c52e47c9436d2cfe1bfd6ded6c4fa9a12b7b41d64629964fba		copy	run-evidence		
crossbeam-channel-bounded/.specula-output/bug-classification.last-message.txt	crossbeam-channel-bounded/.specula-output/bug-classification.last-message.txt	file	0600	1784154292886184581	531	841d8545974c4d5522877717698071d4395376c0bee5337f9174df49f8ef0ffa		copy	run-evidence		
crossbeam-channel-bounded/.specula-output/bug-classification.log	crossbeam-channel-bounded/.specula-output/bug-classification.log	file	0600	1784154292848183810	5248	9d668e4b74f4fc76a78417b08f8b3b2768cc74d0aa4b18ef2a2eab384875b1f6		copy	run-evidence		
crossbeam-channel-bounded/.specula-output/bug-classification.pid		file	0600	1784154104007324243	7	ddb198327313804eec5ebc0f94be5f7c02b8c6fc023d771ed93bd7db717772f5		exclude	non-evidence	ephemeral-process-id	
crossbeam-channel-bounded/.specula-output/bug-classification.usage.json	crossbeam-channel-bounded/.specula-output/bug-classification.usage.json	file	0600	1784154293381194621	245	c542cb5dc8671cee2900dbd6ce4ab0c4744e684bbbf595b9f7fd1e45a1fb7c1f		copy	run-evidence		
crossbeam-channel-bounded/.specula-output/bug-confirmation.log	crossbeam-channel-bounded/.specula-output/bug-confirmation.log	file	0600	1784154101253266997	1082	e92b532ff2620d03e160946ec3fe724170b589679c71d9aa510137703ab29435		copy	run-evidence		
crossbeam-channel-bounded/.specula-output/confirmation	crossbeam-channel-bounded/.specula-output/confirmation	directory	0700	1784153657353321127				mkdir	run-directory		
crossbeam-channel-bounded/.specula-output/confirmation/CR-3	crossbeam-channel-bounded/.specula-output/confirmation/CR-3	directory	0700	1784153657353321127				mkdir	run-directory		
crossbeam-channel-bounded/.specula-output/confirmation/CR-3/.agent-cwd	crossbeam-channel-bounded/.specula-output/confirmation/CR-3/.agent-cwd	directory	0700	1784153177406163030				mkdir	run-directory		
crossbeam-channel-bounded/.specula-output/confirmation/CR-3/.agent-cwd/turn01_A	.record/source-snapshots/crossbeam-channel-bounded-.specula-output-confirmation-CR-3-.agent-cwd-turn01_A-0868d9ac5840.tar	directory	0700	1784153656919312222	0	ff72275d08ced98dfb3f7576a485c2c42c705689291302e5323cfccad4a1a56d		snapshot	source-snapshot	non-git-source-snapshot	"{""codec"": ""zstd"", ""codec_version"": ""1.5.5"", ""content_entries"": 1, ""content_id"": ""sha256:ff72275d08ced98dfb3f7576a485c2c42c705689291302e5323cfccad4a1a56d"", ""content_manifest"": "".record/source-snapshots/crossbeam-channel-bounded-.specula-output-confirmation-CR-3-.agent-cwd-turn01_A-0868d9ac5840.tar.files.tsv"", ""content_manifest_bytes"": 93, ""content_manifest_sha256"": ""def032dd015c051a15a615537e38247bfae2b12f3ff75d477f209aac1dae6b17"", ""encoded_bytes"": 23, ""encoded_sha256"": ""ef077a15315f941a8fc5700796762259eb286177402b33c31d5bddc62df4a397"", ""parts"": [{""bytes"": 23, ""path"": ""crossbeam-channel-bounded-.specula-output-confirmation-CR-3-.agent-cwd-turn01_A-0868d9ac5840.tar.zst"", ""sha256"": ""ef077a15315f941a8fc5700796762259eb286177402b33c31d5bddc62df4a397""}], ""tar_bytes"": 10240, ""tar_sha256"": ""84ff92691f909a05b224e1c56abb4864f01b4f8e3c854e4bb4c7baf1d3f6d652""}"
crossbeam-channel-bounded/.specula-output/confirmation/CR-3/debate.md	crossbeam-channel-bounded/.specula-output/confirmation/CR-3/debate.md	file	0600	1784153656920312243	396	7b6712931518aef694d29c7cb3027c3df94aecec5707c6423e41ea6488dfea00		copy	run-evidence		
crossbeam-channel-bounded/.specula-output/confirmation/CR-3/investigation.md	crossbeam-channel-bounded/.specula-output/confirmation/CR-3/investigation.md	file	0600	1784153499031075501	6061	eb546bd64434062c954e8383666f840a6ba5c8a2e491adba12c75768a7121347		copy	run-evidence		
crossbeam-channel-bounded/.specula-output/confirmation/CR-3/turn01_A.last-message.txt	crossbeam-channel-bounded/.specula-output/confirmation/CR-3/turn01_A.last-message.txt	file	0600	1784153655951292362	3067	7443b6d807f59b49ac96cfde2c8b871adbc1a0b0cdfc4d3028214f420e853c84		copy	run-evidence		
crossbeam-channel-bounded/.specula-output/confirmation/CR-3/turn01_A.log	crossbeam-channel-bounded/.specula-output/confirmation/CR-3/turn01_A.log	file	0600	1784153655951292362	427107	c6d3c78c1d105f99ea7bff697627f8c02fa0ed99f4d86786daed8a554de02843		copy	run-evidence		
crossbeam-channel-bounded/.specula-output/confirmation/CR-3/turn01_A.prompt.md	crossbeam-channel-bounded/.specula-output/confirmation/CR-3/turn01_A.prompt.md	file	0600	1784153177410163110	6782	51fe23886a33e282f891bd0cbade3a420f56415b8c6eb5c53a82632785e077f0		copy	run-evidence		
crossbeam-channel-bounded/.specula-output/confirmation/CR-3/turn01_A.usage.json	crossbeam-channel-bounded/.specula-output/confirmation/CR-3/turn01_A.usage.json	file	0600	1784153656888311587	245	78dad82a8ec7890b03dd7d4f4c39c74afc68a0269fd2c36e30db4160643860c8		copy	run-evidence		
crossbeam-channel-bounded/.specula-output/confirmation/CR-3/verdict.json	crossbeam-channel-bounded/.specula-output/confirmation/CR-3/verdict.json	file	0600	1784153657353321127	3289	4088086acb9804adab1e448cf42d40d2b2aba46417803f2ec98bbe7040a40445		copy	run-evidence		
crossbeam-channel-bounded/.specula-output/confirmation/CR-4	crossbeam-channel-bounded/.specula-output/confirmation/CR-4	directory	0700	1784153715130503843				mkdir	run-directory		
crossbeam-channel-bounded/.specula-output/confirmation/CR-4/.agent-cwd	crossbeam-channel-bounded/.specula-output/confirmation/CR-4/.agent-cwd	directory	0700	1784153191167440585				mkdir	run-directory		
crossbeam-channel-bounded/.specula-output/confirmation/CR-4/.agent-cwd/turn01_A	.record/source-snapshots/crossbeam-channel-bounded-.specula-output-confirmation-CR-4-.agent-cwd-turn01_A-7b29d3b9b88b.tar	directory	0700	1784153714673494592	0	ff72275d08ced98dfb3f7576a485c2c42c705689291302e5323cfccad4a1a56d		snapshot	source-snapshot	non-git-source-snapshot	"{""codec"": ""zstd"", ""codec_version"": ""1.5.5"", ""content_entries"": 1, ""content_id"": ""sha256:ff72275d08ced98dfb3f7576a485c2c42c705689291302e5323cfccad4a1a56d"", ""content_manifest"": "".record/source-snapshots/crossbeam-channel-bounded-.specula-output-confirmation-CR-4-.agent-cwd-turn01_A-7b29d3b9b88b.tar.files.tsv"", ""content_manifest_bytes"": 93, ""content_manifest_sha256"": ""def032dd015c051a15a615537e38247bfae2b12f3ff75d477f209aac1dae6b17"", ""encoded_bytes"": 23, ""encoded_sha256"": ""ef077a15315f941a8fc5700796762259eb286177402b33c31d5bddc62df4a397"", ""parts"": [{""bytes"": 23, ""path"": ""crossbeam-channel-bounded-.specula-output-confirmation-CR-4-.agent-cwd-turn01_A-7b29d3b9b88b.tar.zst"", ""sha256"": ""ef077a15315f941a8fc5700796762259eb286177402b33c31d5bddc62df4a397""}], ""tar_bytes"": 10240, ""tar_sha256"": ""84ff92691f909a05b224e1c56abb4864f01b4f8e3c854e4bb4c7baf1d3f6d652""}"
crossbeam-channel-bounded/.specula-output/confirmation/CR-4/debate.md	crossbeam-channel-bounded/.specula-output/confirmation/CR-4/debate.md	file	0600	1784153714673494592	396	1bddc8c5fb6ec7cb4cb3edf9b00349b6586fd928904f8ec753613be4c6e33014		copy	run-evidence		
crossbeam-channel-bounded/.specula-output/confirmation/CR-4/investigation.md	crossbeam-channel-bounded/.specula-output/confirmation/CR-4/investigation.md	file	0600	1784153678564755993	9518	671d589a5ead50898d31bcd0707f0ddaaae4eadfb4d2293bb2bca8a4565050e3		copy	run-evidence		
crossbeam-channel-bounded/.specula-output/confirmation/CR-4/repro-output.txt	crossbeam-channel-bounded/.specula-output/confirmation/CR-4/repro-output.txt	file	0600	1784153672061622879	1901	5553524451cb2d8429c3108f329c5aed909e9731139a17048b388e3a0e568679		copy	run-evidence		
crossbeam-channel-bounded/.specula-output/confirmation/CR-4/turn01_A.last-message.txt	crossbeam-channel-bounded/.specula-output/confirmation/CR-4/turn01_A.last-message.txt	file	0600	1784153713855478033	2905	b3f6056ab42ecb8eca9ef9489f66f79530f32d9e69a29c493f8cefa3355dd468		copy	run-evidence		
crossbeam-channel-bounded/.specula-output/confirmation/CR-4/turn01_A.log	crossbeam-channel-bounded/.specula-output/confirmation/CR-4/turn01_A.log	file	0600	1784153713855478033	669141	1be5bceaa139134857f62fc941f883f319ebdb455bc3de0b5b695d5087d860c6		copy	run-evidence		
crossbeam-channel-bounded/.specula-output/confirmation/CR-4/turn01_A.prompt.md	crossbeam-channel-bounded/.specula-output/confirmation/CR-4/turn01_A.prompt.md	file	0600	1784153191171440666	6685	c314a305198d486a9967a859e0651a264340eed1aab34b617f5463d239e06e1c		copy	run-evidence		
crossbeam-channel-bounded/.specula-output/confirmation/CR-4/turn01_A.usage.json	crossbeam-channel-bounded/.specula-output/confirmation/CR-4/turn01_A.usage.json	file	0600	1784153714608493276	245	126b8408c618438ba6b5af38c8dd391e4a0db09cede019b47328fd27975a279e		copy	run-evidence		
crossbeam-channel-bounded/.specula-output/confirmation/CR-4/verdict.json	crossbeam-channel-bounded/.specula-output/confirmation/CR-4/verdict.json	file	0600	1784153715130503843	3128	6be1c9b2689f671378c5c9e16f436089d1221dee4a091f0a23ab7a95f257bf2e		copy	run-evidence		
crossbeam-channel-bounded/.specula-output/confirmation/CR-5	crossbeam-channel-bounded/.specula-output/confirmation/CR-5	directory	0700	1784154101252266976				mkdir	run-directory		
crossbeam-channel-bounded/.specula-output/confirmation/CR-5/.agent-cwd	crossbeam-channel-bounded/.specula-output/confirmation/CR-5/.agent-cwd	directory	0700	1784153657393321947				mkdir	run-directory		
crossbeam-channel-bounded/.specula-output/confirmation/CR-5/.agent-cwd/turn01_A	.record/source-snapshots/crossbeam-channel-bounded-.specula-output-confirmation-CR-5-.agent-cwd-turn01_A-1cc8dce143d9.tar	directory	0700	1784154100663254733	0	ff72275d08ced98dfb3f7576a485c2c42c705689291302e5323cfccad4a1a56d		snapshot	source-snapshot	non-git-source-snapshot	"{""codec"": ""zstd"", ""codec_version"": ""1.5.5"", ""content_entries"": 1, ""content_id"": ""sha256:ff72275d08ced98dfb3f7576a485c2c42c705689291302e5323cfccad4a1a56d"", ""content_manifest"": "".record/source-snapshots/crossbeam-channel-bounded-.specula-output-confirmation-CR-5-.agent-cwd-turn01_A-1cc8dce143d9.tar.files.tsv"", ""content_manifest_bytes"": 93, ""content_manifest_sha256"": ""def032dd015c051a15a615537e38247bfae2b12f3ff75d477f209aac1dae6b17"", ""encoded_bytes"": 23, ""encoded_sha256"": ""ef077a15315f941a8fc5700796762259eb286177402b33c31d5bddc62df4a397"", ""parts"": [{""bytes"": 23, ""path"": ""crossbeam-channel-bounded-.specula-output-confirmation-CR-5-.agent-cwd-turn01_A-1cc8dce143d9.tar.zst"", ""sha256"": ""ef077a15315f941a8fc5700796762259eb286177402b33c31d5bddc62df4a397""}], ""tar_bytes"": 10240, ""tar_sha256"": ""84ff92691f909a05b224e1c56abb4864f01b4f8e3c854e4bb4c7baf1d3f6d652""}"
crossbeam-channel-bounded/.specula-output/confirmation/CR-5/debate.md	crossbeam-channel-bounded/.specula-output/confirmation/CR-5/debate.md	file	0600	1784154100663254733	396	7f826821730a1b9d73b406adcc5349512d2ce371bcf6b8d066489d306235d4e0		copy	run-evidence		
crossbeam-channel-bounded/.specula-output/confirmation/CR-5/investigation.md	crossbeam-channel-bounded/.specula-output/confirmation/CR-5/investigation.md	file	0600	1784153974631720211	6722	cbfdc576491c2e049de14c8f4631c4a2b096141710b3022ae03e13ed91ce1e0d		copy	run-evidence		
crossbeam-channel-bounded/.specula-output/confirmation/CR-5/turn01_A.last-message.txt	crossbeam-channel-bounded/.specula-output/confirmation/CR-5/turn01_A.last-message.txt	file	0600	1784154100136243778	1950	9de5dba9f55f13efebf53f8e29b7fd126176eba3e520913401c650f96d79ebe1		copy	run-evidence		
crossbeam-channel-bounded/.specula-output/confirmation/CR-5/turn01_A.log	crossbeam-channel-bounded/.specula-output/confirmation/CR-5/turn01_A.log	file	0600	1784154100136243778	636134	af50e256c5ecbfd0dc9028dfcfd67375b8f3796c4484f2d7a77c19e82d73b0ed		copy	run-evidence		
crossbeam-channel-bounded/.specula-output/confirmation/CR-5/turn01_A.prompt.md	crossbeam-channel-bounded/.specula-output/confirmation/CR-5/turn01_A.prompt.md	file	0600	1784153657398322050	6697	4eac7988db9f52c1c6afb24d604c2e18e229449b02419486c6f26986936ce309		copy	run-evidence		
crossbeam-channel-bounded/.specula-output/confirmation/CR-5/turn01_A.usage.json	crossbeam-channel-bounded/.specula-output/confirmation/CR-5/turn01_A.usage.json	file	0600	1784154100656254587	245	ac16b03ebd2ca76fae91ce5d161b0e58188ae31b1a817d548280f1f7e6f64e22		copy	run-evidence		
crossbeam-channel-bounded/.specula-output/confirmation/CR-5/verdict.json	crossbeam-channel-bounded/.specula-output/confirmation/CR-5/verdict.json	file	0600	1784154101252266976	2174	9fd5c001c7498278aec37bd54cd9dd49fe46fc2ab97a46c5b756719b67b8a478		copy	run-evidence		
crossbeam-channel-bounded/.specula-output/confirmation/MC-1	crossbeam-channel-bounded/.specula-output/confirmation/MC-1	directory	0700	1784153191128439799				mkdir	run-directory		
crossbeam-channel-bounded/.specula-output/confirmation/MC-1/.agent-cwd	crossbeam-channel-bounded/.specula-output/confirmation/MC-1/.agent-cwd	directory	0700	1784152970025970513				mkdir	run-directory		
crossbeam-channel-bounded/.specula-output/confirmation/MC-1/.agent-cwd/turn01_A	.record/source-snapshots/crossbeam-channel-bounded-.specula-output-confirmation-MC-1-.agent-cwd-turn01_A-28a03e05218b.tar	directory	0700	1784152970024970493	0	ff72275d08ced98dfb3f7576a485c2c42c705689291302e5323cfccad4a1a56d		snapshot	source-snapshot	non-git-source-snapshot	"{""codec"": ""zstd"", ""codec_version"": ""1.5.5"", ""content_entries"": 1, ""content_id"": ""sha256:ff72275d08ced98dfb3f7576a485c2c42c705689291302e5323cfccad4a1a56d"", ""content_manifest"": "".record/source-snapshots/crossbeam-channel-bounded-.specula-output-confirmation-MC-1-.agent-cwd-turn01_A-28a03e05218b.tar.files.tsv"", ""content_manifest_bytes"": 93, ""content_manifest_sha256"": ""def032dd015c051a15a615537e38247bfae2b12f3ff75d477f209aac1dae6b17"", ""encoded_bytes"": 23, ""encoded_sha256"": ""ef077a15315f941a8fc5700796762259eb286177402b33c31d5bddc62df4a397"", ""parts"": [{""bytes"": 23, ""path"": ""crossbeam-channel-bounded-.specula-output-confirmation-MC-1-.agent-cwd-turn01_A-28a03e05218b.tar.zst"", ""sha256"": ""ef077a15315f941a8fc5700796762259eb286177402b33c31d5bddc62df4a397""}], ""tar_bytes"": 10240, ""tar_sha256"": ""84ff92691f909a05b224e1c56abb4864f01b4f8e3c854e4bb4c7baf1d3f6d652""}"
crossbeam-channel-bounded/.specula-output/confirmation/MC-1/.agent-cwd/turn02_B	.record/source-snapshots/crossbeam-channel-bounded-.specula-output-confirmation-MC-1-.agent-cwd-turn02_B-42bd78248c2c.tar	directory	0700	1784153190704431247	0	ff72275d08ced98dfb3f7576a485c2c42c705689291302e5323cfccad4a1a56d		snapshot	source-snapshot	non-git-source-snapshot	"{""codec"": ""zstd"", ""codec_version"": ""1.5.5"", ""content_entries"": 1, ""content_id"": ""sha256:ff72275d08ced98dfb3f7576a485c2c42c705689291302e5323cfccad4a1a56d"", ""content_manifest"": "".record/source-snapshots/crossbeam-channel-bounded-.specula-output-confirmation-MC-1-.agent-cwd-turn02_B-42bd78248c2c.tar.files.tsv"", ""content_manifest_bytes"": 93, ""content_manifest_sha256"": ""def032dd015c051a15a615537e38247bfae2b12f3ff75d477f209aac1dae6b17"", ""encoded_bytes"": 23, ""encoded_sha256"": ""ef077a15315f941a8fc5700796762259eb286177402b33c31d5bddc62df4a397"", ""parts"": [{""bytes"": 23, ""path"": ""crossbeam-channel-bounded-.specula-output-confirmation-MC-1-.agent-cwd-turn02_B-42bd78248c2c.tar.zst"", ""sha256"": ""ef077a15315f941a8fc5700796762259eb286177402b33c31d5bddc62df4a397""}], ""tar_bytes"": 10240, ""tar_sha256"": ""84ff92691f909a05b224e1c56abb4864f01b4f8e3c854e4bb4c7baf1d3f6d652""}"
crossbeam-channel-bounded/.specula-output/confirmation/MC-1/debate.md	crossbeam-channel-bounded/.specula-output/confirmation/MC-1/debate.md	file	0600	1784153190704431247	625	8b5579e9e4c655dea0abb09cce8bcaabdccc0f17761bd413bc49c6b6ee3d372e		copy	run-evidence		
crossbeam-channel-bounded/.specula-output/confirmation/MC-1/investigation.md	crossbeam-channel-bounded/.specula-output/confirmation/MC-1/investigation.md	file	0600	1784152906871706886	5263	f408442160f53d933d4275fbe5d7c907481a5f53bca7f53cc63b6fef03f12e90		copy	run-evidence		
crossbeam-channel-bounded/.specula-output/confirmation/MC-1/turn01_A.last-message.txt	crossbeam-channel-bounded/.specula-output/confirmation/MC-1/turn01_A.last-message.txt	file	0600	1784152969520960355	3305	8de6a26ee2add20ffb3a07792fa9ad9a3ae324ac28e500c5cd5b732397aa7491		copy	run-evidence		
crossbeam-channel-bounded/.specula-output/confirmation/MC-1/turn01_A.log	crossbeam-channel-bounded/.specula-output/confirmation/MC-1/turn01_A.log	file	0600	1784152969520960355	580524	05e1ac62fdbe2fb50b1e72d3087e922b8576b871b90e276f007689178947b79a		copy	run-evidence		
crossbeam-channel-bounded/.specula-output/confirmation/MC-1/turn01_A.prompt.md	crossbeam-channel-bounded/.specula-output/confirmation/MC-1/turn01_A.prompt.md	file	0600	1784152636600251545	6743	0dbcdb9c98fadfcadbf41fb1e34389f1742ad30e94e77a575869fd4484f3cb5a		copy	run-evidence		
crossbeam-channel-bounded/.specula-output/confirmation/MC-1/turn01_A.usage.json	crossbeam-channel-bounded/.specula-output/confirmation/MC-1/turn01_A.usage.json	file	0600	1784152970017970352	245	3229bb09be0305ac38af77b3d0296b82e01665cf436db451ebffdf4ebc5f0aed		copy	run-evidence		
crossbeam-channel-bounded/.specula-output/confirmation/MC-1/turn02_B.last-message.txt	crossbeam-channel-bounded/.specula-output/confirmation/MC-1/turn02_B.last-message.txt	file	0600	1784153190195420981	3469	c3e0b1a2fc1c92d23bc9c41810e0d648b5d768f350168ee315387858813bd911		copy	run-evidence		
crossbeam-channel-bounded/.specula-output/confirmation/MC-1/turn02_B.log	crossbeam-channel-bounded/.specula-output/confirmation/MC-1/turn02_B.log	file	0600	1784153190195420981	426366	9a4db7b3729451b906d24e4d92d4661f236a43ba50b5abdb47d97f3ffbb4f862		copy	run-evidence		
crossbeam-channel-bounded/.specula-output/confirmation/MC-1/turn02_B.prompt.md	crossbeam-channel-bounded/.specula-output/confirmation/MC-1/turn02_B.prompt.md	file	0600	1784152970030970614	7642	d0937d6111e566d872a250e335695b6908c84c623781ff5049eb19a4d0617491		copy	run-evidence		
crossbeam-channel-bounded/.specula-output/confirmation/MC-1/turn02_B.usage.json	crossbeam-channel-bounded/.specula-output/confirmation/MC-1/turn02_B.usage.json	file	0600	1784153190697431106	245	dcb560dc322e72d2824457353aa808f2c9cef5717512af949b3ad7689c5bb4d3		copy	run-evidence		
crossbeam-channel-bounded/.specula-output/confirmation/MC-1/verdict.json	crossbeam-channel-bounded/.specula-output/confirmation/MC-1/verdict.json	file	0600	1784153191128439799	7141	fb99c6b761e1fbecdc55d553f1e0f8269d12b3a12dc677c7438f0be1d213c1b2		copy	run-evidence		
crossbeam-channel-bounded/.specula-output/confirmation/MC-2	crossbeam-channel-bounded/.specula-output/confirmation/MC-2	directory	0700	1784153177362162142				mkdir	run-directory		
crossbeam-channel-bounded/.specula-output/confirmation/MC-2/.agent-cwd	crossbeam-channel-bounded/.specula-output/confirmation/MC-2/.agent-cwd	directory	0700	1784152966112891748				mkdir	run-directory		
crossbeam-channel-bounded/.specula-output/confirmation/MC-2/.agent-cwd/turn01_A	.record/source-snapshots/crossbeam-channel-bounded-.specula-output-confirmation-MC-2-.agent-cwd-turn01_A-d54748d2f64a.tar	directory	0700	1784152966110891707	0	ff72275d08ced98dfb3f7576a485c2c42c705689291302e5323cfccad4a1a56d		snapshot	source-snapshot	non-git-source-snapshot	"{""codec"": ""zstd"", ""codec_version"": ""1.5.5"", ""content_entries"": 1, ""content_id"": ""sha256:ff72275d08ced98dfb3f7576a485c2c42c705689291302e5323cfccad4a1a56d"", ""content_manifest"": "".record/source-snapshots/crossbeam-channel-bounded-.specula-output-confirmation-MC-2-.agent-cwd-turn01_A-d54748d2f64a.tar.files.tsv"", ""content_manifest_bytes"": 93, ""content_manifest_sha256"": ""def032dd015c051a15a615537e38247bfae2b12f3ff75d477f209aac1dae6b17"", ""encoded_bytes"": 23, ""encoded_sha256"": ""ef077a15315f941a8fc5700796762259eb286177402b33c31d5bddc62df4a397"", ""parts"": [{""bytes"": 23, ""path"": ""crossbeam-channel-bounded-.specula-output-confirmation-MC-2-.agent-cwd-turn01_A-d54748d2f64a.tar.zst"", ""sha256"": ""ef077a15315f941a8fc5700796762259eb286177402b33c31d5bddc62df4a397""}], ""tar_bytes"": 10240, ""tar_sha256"": ""84ff92691f909a05b224e1c56abb4864f01b4f8e3c854e4bb4c7baf1d3f6d652""}"
crossbeam-channel-bounded/.specula-output/confirmation/MC-2/.agent-cwd/turn02_B	.record/source-snapshots/crossbeam-channel-bounded-.specula-output-confirmation-MC-2-.agent-cwd-turn02_B-d33da5a3bc57.tar	directory	0700	1784153176880152420	0	ff72275d08ced98dfb3f7576a485c2c42c705689291302e5323cfccad4a1a56d		snapshot	source-snapshot	non-git-source-snapshot	"{""codec"": ""zstd"", ""codec_version"": ""1.5.5"", ""content_entries"": 1, ""content_id"": ""sha256:ff72275d08ced98dfb3f7576a485c2c42c705689291302e5323cfccad4a1a56d"", ""content_manifest"": "".record/source-snapshots/crossbeam-channel-bounded-.specula-output-confirmation-MC-2-.agent-cwd-turn02_B-d33da5a3bc57.tar.files.tsv"", ""content_manifest_bytes"": 93, ""content_manifest_sha256"": ""def032dd015c051a15a615537e38247bfae2b12f3ff75d477f209aac1dae6b17"", ""encoded_bytes"": 23, ""encoded_sha256"": ""ef077a15315f941a8fc5700796762259eb286177402b33c31d5bddc62df4a397"", ""parts"": [{""bytes"": 23, ""path"": ""crossbeam-channel-bounded-.specula-output-confirmation-MC-2-.agent-cwd-turn02_B-d33da5a3bc57.tar.zst"", ""sha256"": ""ef077a15315f941a8fc5700796762259eb286177402b33c31d5bddc62df4a397""}], ""tar_bytes"": 10240, ""tar_sha256"": ""84ff92691f909a05b224e1c56abb4864f01b4f8e3c854e4bb4c7baf1d3f6d652""}"
crossbeam-channel-bounded/.specula-output/confirmation/MC-2/debate.md	crossbeam-channel-bounded/.specula-output/confirmation/MC-2/debate.md	file	0600	1784153176881152440	625	8b94de7a9b2690ce521851610436689fbbb3ac58832cf2f9f42bf94afad41639		copy	run-evidence		
crossbeam-channel-bounded/.specula-output/confirmation/MC-2/investigation.md	crossbeam-channel-bounded/.specula-output/confirmation/MC-2/investigation.md	file	0600	1784152882905231937	3625	aaf1f853200c8f57ee691522f4feede56ce2d97b2fc359e7a6f5f2fc68fe4631		copy	run-evidence		
crossbeam-channel-bounded/.specula-output/confirmation/MC-2/turn01_A.last-message.txt	crossbeam-channel-bounded/.specula-output/confirmation/MC-2/turn01_A.last-message.txt	file	0600	1784152965234874062	3005	e3ffd29c0e70956ca549a96466bc1710b3f0be2da50f1a6e136aa6f2dc14457c		copy	run-evidence		
crossbeam-channel-bounded/.specula-output/confirmation/MC-2/turn01_A.log	crossbeam-channel-bounded/.specula-output/confirmation/MC-2/turn01_A.log	file	0600	1784152965234874062	389827	f793f9a569f931ac7dd756b66401103e8771a50ea1c8601812346a5200280e18		copy	run-evidence		
crossbeam-channel-bounded/.specula-output/confirmation/MC-2/turn01_A.prompt.md	crossbeam-channel-bounded/.specula-output/confirmation/MC-2/turn01_A.prompt.md	file	0600	1784152636599251525	6623	37d51a11ab081a627c9d4cc164eebada1a2277387b711961be12ef9bf20ba199		copy	run-evidence		
crossbeam-channel-bounded/.specula-output/confirmation/MC-2/turn01_A.usage.json	crossbeam-channel-bounded/.specula-output/confirmation/MC-2/turn01_A.usage.json	file	0600	1784152966095891405	245	64454a2da79d09c050ad526f3694171311882902c07e15ee14005d1b482c3952		copy	run-evidence		
crossbeam-channel-bounded/.specula-output/confirmation/MC-2/turn02_B.last-message.txt	crossbeam-channel-bounded/.specula-output/confirmation/MC-2/turn02_B.last-message.txt	file	0600	1784153176163137958	2636	78cc0d816ada16634f0c3569e1b75d60f6b0a51935a371a18a6d6ca33c144a76		copy	run-evidence		
crossbeam-channel-bounded/.specula-output/confirmation/MC-2/turn02_B.log	crossbeam-channel-bounded/.specula-output/confirmation/MC-2/turn02_B.log	file	0600	1784153176163137958	342209	e3b15cfae63c55bba71c38695d391f98a25d8d645f33401da6378f202836f52d		copy	run-evidence		
crossbeam-channel-bounded/.specula-output/confirmation/MC-2/turn02_B.prompt.md	crossbeam-channel-bounded/.specula-output/confirmation/MC-2/turn02_B.prompt.md	file	0600	1784152966159892694	7522	7c84cfaff60d63e3db55b6996e33e23a27a1fc79bdfeb45d3ccce08f4c995207		copy	run-evidence		
crossbeam-channel-bounded/.specula-output/confirmation/MC-2/turn02_B.usage.json	crossbeam-channel-bounded/.specula-output/confirmation/MC-2/turn02_B.usage.json	file	0600	1784153176871152239	245	6245ec823908c0ef0e2d7c5919915357545937a9585ddb2633f356fec5bf5747		copy	run-evidence		
crossbeam-channel-bounded/.specula-output/confirmation/MC-2/verdict.json	crossbeam-channel-bounded/.specula-output/confirmation/MC-2/verdict.json	file	0600	1784153177362162142	6030	a4733f8466d520285adc76db6bea903cdf2bfb970fe478b0b78e8a319f144aed		copy	run-evidence		
crossbeam-channel-bounded/.specula-output/harness	crossbeam-channel-bounded/.specula-output/harness	directory	0700	1784140684612273986				mkdir	run-directory		
crossbeam-channel-bounded/.specula-output/harness-gen.activity.jsonl	crossbeam-channel-bounded/.specula-output/harness-gen.activity.jsonl	file	0600	1784141410681004197	63888	dd928e0e1431c279e57288787b86c0befdffee4d1055565f2b3e926c8dc9d2ac		copy	run-evidence		
crossbeam-channel-bounded/.specula-output/harness-gen.last-message.txt	crossbeam-channel-bounded/.specula-output/harness-gen.last-message.txt	file	0600	1784141410692004418	1690	75e166ccf62b7995ee1a803ec7edff1cfded4681dfa89b4f3f5428681580a61e		copy	run-evidence		
crossbeam-channel-bounded/.specula-output/harness-gen.log	crossbeam-channel-bounded/.specula-output/harness-gen.log	file	0600	1784141410618002929	24006	bc440ad9f177e8350baa1b91079a51a011716026cf7d8cca73b5f84ad4815e01		copy	run-evidence		
crossbeam-channel-bounded/.specula-output/harness-gen.pid		file	0600	1784140073097969186	7	805523b2499b59e5c22e33853a84c1f1ca6fcafcc74a6472abf03fe8fa9e60d4		exclude	non-evidence	ephemeral-process-id	
crossbeam-channel-bounded/.specula-output/harness-gen.usage.json	crossbeam-channel-bounded/.specula-output/harness-gen.usage.json	file	0600	1784141411403018725	245	d1458a296dab98185c31d816f20e3a585cf5314e68f472be5bef9f43332a2b05		copy	run-evidence		
crossbeam-channel-bounded/.specula-output/harness/INSTRUMENTATION.md	crossbeam-channel-bounded/.specula-output/harness/INSTRUMENTATION.md	file	0600	1784141377047330298	4446	00766cf08d8b97723e03b00e7e9a821b130c650bd0010c16b70d85805debd708		copy	run-evidence		
crossbeam-channel-bounded/.specula-output/harness/apply.sh	crossbeam-channel-bounded/.specula-output/harness/apply.sh	file	0700	1784140684611273967	901	c0c7329c4186550db1e643b5cef02aa62981013f723bf232b55d3e214f33854d		copy	run-evidence		
crossbeam-channel-bounded/.specula-output/harness/patches	crossbeam-channel-bounded/.specula-output/harness/patches	directory	0700	1784141057784860665				mkdir	run-directory		
crossbeam-channel-bounded/.specula-output/harness/patches/instrumentation.patch	crossbeam-channel-bounded/.specula-output/harness/patches/instrumentation.patch	file	0600	1784141290476587079	43049	643e268aa1e85094409751970a1145192156e52ba744e30123e1a11e0e453796		copy	run-evidence		
crossbeam-channel-bounded/.specula-output/harness/run.sh	crossbeam-channel-bounded/.specula-output/harness/run.sh	file	0700	1784141205094873161	1658	c44fc2dc2d633f3612741fba4f778ac554da8e3e7b3dd9f8c2881c6b40d78ef4		copy	run-evidence		
crossbeam-channel-bounded/.specula-output/harness/src	crossbeam-channel-bounded/.specula-output/harness/src	directory	0700	1784140684611273967				mkdir	run-directory		
crossbeam-channel-bounded/.specula-output/harness/src/merge_timebox.py	crossbeam-channel-bounded/.specula-output/harness/src/merge_timebox.py	file	0700	1784141829048326810	3303	f4d473431a90b34ebf94b058598302154d9831d165f83ca7d4c01e06b494d40c		copy	run-evidence		
crossbeam-channel-bounded/.specula-output/harness/src/specula_trace_tests.rs	crossbeam-channel-bounded/.specula-output/harness/src/specula_trace_tests.rs	file	0600	1784141290471586978	7258	435df31bc5021731b5f65aaec818e10b839e892f4301870800da93a3bd01de55		copy	run-evidence		
crossbeam-channel-bounded/.specula-output/harness/src/tla_trace.rs	crossbeam-channel-bounded/.specula-output/harness/src/tla_trace.rs	file	0600	1784141829048326810	12755	83285862a40b876d9950d07ce7c2e99a109cecac336de34805a026d8331f3f94		copy	run-evidence		
crossbeam-channel-bounded/.specula-output/modeling-brief.md	crossbeam-channel-bounded/.specula-output/modeling-brief.md	file	0600	1784138957422368484	18057	ea859904a740d11ea4e86c3062c5be82a881e6461c4d275fc942ca4b4adc5925		copy	run-evidence		
crossbeam-channel-bounded/.specula-output/repro	crossbeam-channel-bounded/.specula-output/repro	directory	0700	1784153989606021411				mkdir	run-directory		
crossbeam-channel-bounded/.specula-output/repro/target-cr5	crossbeam-channel-bounded/.specula-output/repro/target-cr5	directory	0700	1784153990679043024				mkdir	run-directory		
crossbeam-channel-bounded/.specula-output/repro/target-cr5/.rustc_info.json	crossbeam-channel-bounded/.specula-output/repro/target-cr5/.rustc_info.json	file	0600	1784153990679043024	1040	c56a2ce7087262cdba64769e538a5d653d55aa4ef2bd4317f84383041aac2931		copy	run-evidence		
crossbeam-channel-bounded/.specula-output/repro/target-cr5/CACHEDIR.TAG	crossbeam-channel-bounded/.specula-output/repro/target-cr5/CACHEDIR.TAG	file	0600	1784153989606021411	177	6d9d1d216e0f83abc5e5662ca62c92b4f23009466b54fa27321a69acdb778bb2		copy	run-evidence		
crossbeam-channel-bounded/.specula-output/repro/target-cr5/debug	crossbeam-channel-bounded/.specula-output/repro/target-cr5/debug	directory	0700	1784153989606021411				mkdir	run-directory		
crossbeam-channel-bounded/.specula-output/repro/target-cr5/debug/.cargo-lock	crossbeam-channel-bounded/.specula-output/repro/target-cr5/debug/.cargo-lock	file	0600	1784153989606021411	0	e3b0c44298fc1c149afbf4c8996fb92427ae41e4649b934ca495991b7852b855		copy	run-evidence		
crossbeam-channel-bounded/.specula-output/repro/target-cr5/debug/.fingerprint	crossbeam-channel-bounded/.specula-output/repro/target-cr5/debug/.fingerprint	directory	0700	1784153989610021492				mkdir	run-directory		
crossbeam-channel-bounded/.specula-output/repro/target-cr5/debug/.fingerprint/atomic-maybe-uninit-2fbade9f6d4fb353	crossbeam-channel-bounded/.specula-output/repro/target-cr5/debug/.fingerprint/atomic-maybe-uninit-2fbade9f6d4fb353	directory	0700	1784153989749024292				mkdir	run-directory		
crossbeam-channel-bounded/.specula-output/repro/target-cr5/debug/.fingerprint/atomic-maybe-uninit-2fbade9f6d4fb353/build-script-build-script-build	crossbeam-channel-bounded/.specula-output/repro/target-cr5/debug/.fingerprint/atomic-maybe-uninit-2fbade9f6d4fb353/build-script-build-script-build	file	0600	1784153989749024292	16	e368b0353a9526a516d934b1147076756258d5c6f9bc9bce08e994e652db5d8d		copy	run-evidence		
crossbeam-channel-bounded/.specula-output/repro/target-cr5/debug/.fingerprint/atomic-maybe-uninit-2fbade9f6d4fb353/build-script-build-script-build.json	crossbeam-channel-bounded/.specula-output/repro/target-cr5/debug/.fingerprint/atomic-maybe-uninit-2fbade9f6d4fb353/build-script-build-script-build.json	file	0600	1784153989749024292	378	2a09deb795874ae86eec87cc1922ca2abb7ebea13f13f1d651995122ab94dc8a		copy	run-evidence		
crossbeam-channel-bounded/.specula-output/repro/target-cr5/debug/.fingerprint/atomic-maybe-uninit-2fbade9f6d4fb353/dep-build-script-build-script-build	crossbeam-channel-bounded/.specula-output/repro/target-cr5/debug/.fingerprint/atomic-maybe-uninit-2fbade9f6d4fb353/dep-build-script-build-script-build	file	0600	1784153989611021512	14	93a4afc37518a1bf7830744017176e1d1946e5df993e47159069839f61fe49ab		copy	run-evidence		
crossbeam-channel-bounded/.specula-output/repro/target-cr5/debug/.fingerprint/atomic-maybe-uninit-2fbade9f6d4fb353/invoked.timestamp	crossbeam-channel-bounded/.specula-output/repro/target-cr5/debug/.fingerprint/atomic-maybe-uninit-2fbade9f6d4fb353/invoked.timestamp	file	0600	1784153989611021512	48	5a109e6643e8d3e88642e3f35e85d2a83e639d07523aa6e99166c48178e965c3		copy	run-evidence		
crossbeam-channel-bounded/.specula-output/repro/target-cr5/debug/.fingerprint/atomic-maybe-uninit-712bff3e43192a7a	crossbeam-channel-bounded/.specula-output/repro/target-cr5/debug/.fingerprint/atomic-maybe-uninit-712bff3e43192a7a	directory	0700	1784153989826025843				mkdir	run-directory		
crossbeam-channel-bounded/.specula-output/repro/target-cr5/debug/.fingerprint/atomic-maybe-uninit-712bff3e43192a7a/dep-lib-atomic_maybe_uninit	crossbeam-channel-bounded/.specula-output/repro/target-cr5/debug/.fingerprint/atomic-maybe-uninit-712bff3e43192a7a/dep-lib-atomic_maybe_uninit	file	0600	1784153989761024533	14	93a4afc37518a1bf7830744017176e1d1946e5df993e47159069839f61fe49ab		copy	run-evidence		
crossbeam-channel-bounded/.specula-output/repro/target-cr5/debug/.fingerprint/atomic-maybe-uninit-712bff3e43192a7a/invoked.timestamp	crossbeam-channel-bounded/.specula-output/repro/target-cr5/debug/.fingerprint/atomic-maybe-uninit-712bff3e43192a7a/invoked.timestamp	file	0600	1784153989761024533	48	5a109e6643e8d3e88642e3f35e85d2a83e639d07523aa6e99166c48178e965c3		copy	run-evidence		
crossbeam-channel-bounded/.specula-output/repro/target-cr5/debug/.fingerprint/atomic-maybe-uninit-712bff3e43192a7a/lib-atomic_maybe_uninit	crossbeam-channel-bounded/.specula-output/repro/target-cr5/debug/.fingerprint/atomic-maybe-uninit-712bff3e43192a7a/lib-atomic_maybe_uninit	file	0600	1784153989826025843	16	ea279f2ff80f371491d841dfd88d168c3ae86310d7a4c2c4483b97b2e19349b7		copy	run-evidence		
crossbeam-channel-bounded/.specula-output/repro/target-cr5/debug/.fingerprint/atomic-maybe-uninit-712bff3e43192a7a/lib-atomic_maybe_uninit.json	crossbeam-channel-bounded/.specula-output/repro/target-cr5/debug/.fingerprint/atomic-maybe-uninit-712bff3e43192a7a/lib-atomic_maybe_uninit.json	file	0600	1784153989826025843	439	ad1c527396326392a1c032c7b87814c02b5cc0ef1013d36c41c6246cdadb5354		copy	run-evidence		
crossbeam-channel-bounded/.specula-output/repro/target-cr5/debug/.fingerprint/atomic-maybe-uninit-856a3fd0a91f81de	crossbeam-channel-bounded/.specula-output/repro/target-cr5/debug/.fingerprint/atomic-maybe-uninit-856a3fd0a91f81de	directory	0700	1784153989760024513				mkdir	run-directory		
crossbeam-channel-bounded/.specula-output/repro/target-cr5/debug/.fingerprint/atomic-maybe-uninit-856a3fd0a91f81de/run-build-script-build-script-build	crossbeam-channel-bounded/.specula-output/repro/target-cr5/debug/.fingerprint/atomic-maybe-uninit-856a3fd0a91f81de/run-build-script-build-script-build	file	0600	1784153989760024513	16	977e10a073ad083322321d2d7f040ebd16515ff931f0a4ec193b5c83c7220355		copy	run-evidence		
crossbeam-channel-bounded/.specula-output/repro/target-cr5/debug/.fingerprint/atomic-maybe-uninit-856a3fd0a91f81de/run-build-script-build-script-build.json	crossbeam-channel-bounded/.specula-output/repro/target-cr5/debug/.fingerprint/atomic-maybe-uninit-856a3fd0a91f81de/run-build-script-build-script-build.json	file	0600	1784153989760024513	338	c401cd514222ecf89d190ae65ef58cae00f6a7adaf01a379da7b414f0d814513		copy	run-evidence		
crossbeam-channel-bounded/.specula-output/repro/target-cr5/debug/.fingerprint/crossbeam-channel-1b7c93426949d2f7	crossbeam-channel-bounded/.specula-output/repro/target-cr5/debug/.fingerprint/crossbeam-channel-1b7c93426949d2f7	directory	0700	1784153990667042782				mkdir	run-directory		
crossbeam-channel-bounded/.specula-output/repro/target-cr5/debug/.fingerprint/crossbeam-channel-1b7c93426949d2f7/dep-test-integration-test-specula_cr5_timeout_ready_first	crossbeam-channel-bounded/.specula-output/repro/target-cr5/debug/.fingerprint/crossbeam-channel-1b7c93426949d2f7/dep-test-integration-test-specula_cr5_timeout_ready_first	file	0600	1784153990406037525	60	85574cf7f1e827681921a8f0fb69eb3920ae8f5f04cac40563ffe9a27923a29f		copy	run-evidence		
crossbeam-channel-bounded/.specula-output/repro/target-cr5/debug/.fingerprint/crossbeam-channel-1b7c93426949d2f7/invoked.timestamp	crossbeam-channel-bounded/.specula-output/repro/target-cr5/debug/.fingerprint/crossbeam-channel-1b7c93426949d2f7/invoked.timestamp	file	0600	1784153990406037525	48	5a109e6643e8d3e88642e3f35e85d2a83e639d07523aa6e99166c48178e965c3		copy	run-evidence		
crossbeam-channel-bounded/.specula-output/repro/target-cr5/debug/.fingerprint/crossbeam-channel-1b7c93426949d2f7/test-integration-test-specula_cr5_timeout_ready_first	crossbeam-channel-bounded/.specula-output/repro/target-cr5/debug/.fingerprint/crossbeam-channel-1b7c93426949d2f7/test-integration-test-specula_cr5_timeout_ready_first	file	0600	1784153990667042782	16	949b51c3fa927bc50897c7ad78068a756d70a08295f1e2d1a76093e9ef4d3097		copy	run-evidence		
crossbeam-channel-bounded/.specula-output/repro/target-cr5/debug/.fingerprint/crossbeam-channel-1b7c93426949d2f7/test-integration-test-specula_cr5_timeout_ready_first.json	crossbeam-channel-bounded/.specula-output/repro/target-cr5/debug/.fingerprint/crossbeam-channel-1b7c93426949d2f7/test-integration-test-specula_cr5_timeout_ready_first.json	file	0600	1784153990667042782	778	020bab1a543ab93938d09193981cfd6ecd71adfacc26a0da45c7d0fe27b2db42		copy	run-evidence		
crossbeam-channel-bounded/.specula-output/repro/target-cr5/debug/.fingerprint/crossbeam-channel-2d59c78182776a43	crossbeam-channel-bounded/.specula-output/repro/target-cr5/debug/.fingerprint/crossbeam-channel-2d59c78182776a43	directory	0700	1784153990405037505				mkdir	run-directory		
crossbeam-channel-bounded/.specula-output/repro/target-cr5/debug/.fingerprint/crossbeam-channel-2d59c78182776a43/dep-lib-crossbeam_channel	crossbeam-channel-bounded/.specula-output/repro/target-cr5/debug/.fingerprint/crossbeam-channel-2d59c78182776a43/dep-lib-crossbeam_channel	file	0600	1784153990086031080	545	2091e8347fe2e7d6f1762131e5e03d9c4293eea44ff2d361a3c8b36a78cc68c0		copy	run-evidence		
crossbeam-channel-bounded/.specula-output/repro/target-cr5/debug/.fingerprint/crossbeam-channel-2d59c78182776a43/invoked.timestamp	crossbeam-channel-bounded/.specula-output/repro/target-cr5/debug/.fingerprint/crossbeam-channel-2d59c78182776a43/invoked.timestamp	file	0600	1784153990086031080	48	5a109e6643e8d3e88642e3f35e85d2a83e639d07523aa6e99166c48178e965c3		copy	run-evidence		
crossbeam-channel-bounded/.specula-output/repro/target-cr5/debug/.fingerprint/crossbeam-channel-2d59c78182776a43/lib-crossbeam_channel	crossbeam-channel-bounded/.specula-output/repro/target-cr5/debug/.fingerprint/crossbeam-channel-2d59c78182776a43/lib-crossbeam_channel	file	0600	1784153990405037505	16	99ce04c66a42004af113a799e6a995e65725ce64368e3b93a2af17efb3cdfeb4		copy	run-evidence		
crossbeam-channel-bounded/.specula-output/repro/target-cr5/debug/.fingerprint/crossbeam-channel-2d59c78182776a43/lib-crossbeam_channel.json	crossbeam-channel-bounded/.specula-output/repro/target-cr5/debug/.fingerprint/crossbeam-channel-2d59c78182776a43/lib-crossbeam_channel.json	file	0600	1784153990405037505	493	e78c3ba65b065af2dbe49c25036a61ce2d0f1c739a631765277cab1c905c82fe		copy	run-evidence		
crossbeam-channel-bounded/.specula-output/repro/target-cr5/debug/.fingerprint/crossbeam-channel-2d59c78182776a43/output-lib-crossbeam_channel	crossbeam-channel-bounded/.specula-output/repro/target-cr5/debug/.fingerprint/crossbeam-channel-2d59c78182776a43/output-lib-crossbeam_channel	file	0600	1784153990399037384	3783	9cec8ea6a63314e44d77d145ef79190c5123a8daa1018ab64df3361ba512b015		copy	run-evidence		
crossbeam-channel-bounded/.specula-output/repro/target-cr5/debug/.fingerprint/crossbeam-utils-3ce9cfe9d90b22b5	crossbeam-channel-bounded/.specula-output/repro/target-cr5/debug/.fingerprint/crossbeam-utils-3ce9cfe9d90b22b5	directory	0700	1784153989727023849				mkdir	run-directory		
crossbeam-channel-bounded/.specula-output/repro/target-cr5/debug/.fingerprint/crossbeam-utils-3ce9cfe9d90b22b5/run-build-script-build-script-build	crossbeam-channel-bounded/.specula-output/repro/target-cr5/debug/.fingerprint/crossbeam-utils-3ce9cfe9d90b22b5/run-build-script-build-script-build	file	0600	1784153989727023849	16	76b14bf4a833e5e95d947fc71a6ed2c1891bb2244e1c664bb162fc15e9b9de48		copy	run-evidence		
crossbeam-channel-bounded/.specula-output/repro/target-cr5/debug/.fingerprint/crossbeam-utils-3ce9cfe9d90b22b5/run-build-script-build-script-build.json	crossbeam-channel-bounded/.specula-output/repro/target-cr5/debug/.fingerprint/crossbeam-utils-3ce9cfe9d90b22b5/run-build-script-build-script-build.json	file	0600	1784153989727023849	339	c60ae69576728ed3175976d2dd073306ff99a5b3d872909360ec5c19bc12a55e		copy	run-evidence		
crossbeam-channel-bounded/.specula-output/repro/target-cr5/debug/.fingerprint/crossbeam-utils-95aa944ce57b3a87	crossbeam-channel-bounded/.specula-output/repro/target-cr5/debug/.fingerprint/crossbeam-utils-95aa944ce57b3a87	directory	0700	1784153990146032288				mkdir	run-directory		
crossbeam-channel-bounded/.specula-output/repro/target-cr5/debug/.fingerprint/crossbeam-utils-95aa944ce57b3a87/dep-lib-crossbeam_utils	crossbeam-channel-bounded/.specula-output/repro/target-cr5/debug/.fingerprint/crossbeam-utils-95aa944ce57b3a87/dep-lib-crossbeam_utils	file	0600	1784153989819025702	333	8f17be79e551f5377ffcb2ffdd210eef7dcdd09f09310d6a5d7caffc60a3dd87		copy	run-evidence		
crossbeam-channel-bounded/.specula-output/repro/target-cr5/debug/.fingerprint/crossbeam-utils-95aa944ce57b3a87/invoked.timestamp	crossbeam-channel-bounded/.specula-output/repro/target-cr5/debug/.fingerprint/crossbeam-utils-95aa944ce57b3a87/invoked.timestamp	file	0600	1784153989819025702	48	5a109e6643e8d3e88642e3f35e85d2a83e639d07523aa6e99166c48178e965c3		copy	run-evidence		
crossbeam-channel-bounded/.specula-output/repro/target-cr5/debug/.fingerprint/crossbeam-utils-95aa944ce57b3a87/lib-crossbeam_utils	crossbeam-channel-bounded/.specula-output/repro/target-cr5/debug/.fingerprint/crossbeam-utils-95aa944ce57b3a87/lib-crossbeam_utils	file	0600	1784153990146032288	16	7d607af15adf651b2bc34fca2fb684893af5be1b05bf1567c8fd87ac94c11f5f		copy	run-evidence		
crossbeam-channel-bounded/.specula-output/repro/target-cr5/debug/.fingerprint/crossbeam-utils-95aa944ce57b3a87/lib-crossbeam_utils.json	crossbeam-channel-bounded/.specula-output/repro/target-cr5/debug/.fingerprint/crossbeam-utils-95aa944ce57b3a87/lib-crossbeam_utils.json	file	0600	1784153990146032288	614	5826e758c112e74a06628076d3cf7f57bf0b5f4aedb2305c2d4d83b610ca71da		copy	run-evidence		
crossbeam-channel-bounded/.specula-output/repro/target-cr5/debug/.fingerprint/crossbeam-utils-b1dbe780c863af15	crossbeam-channel-bounded/.specula-output/repro/target-cr5/debug/.fingerprint/crossbeam-utils-b1dbe780c863af15	directory	0700	1784153989725023808				mkdir	run-directory		
crossbeam-channel-bounded/.specula-output/repro/target-cr5/debug/.fingerprint/crossbeam-utils-b1dbe780c863af15/build-script-build-script-build	crossbeam-channel-bounded/.specula-output/repro/target-cr5/debug/.fingerprint/crossbeam-utils-b1dbe780c863af15/build-script-build-script-build	file	0600	1784153989725023808	16	894490fb3ed90c819501418c2020695f70ade6b6ef78233deba98b06dbc4c950		copy	run-evidence		
crossbeam-channel-bounded/.specula-output/repro/target-cr5/debug/.fingerprint/crossbeam-utils-b1dbe780c863af15/build-script-build-script-build.json	crossbeam-channel-bounded/.specula-output/repro/target-cr5/debug/.fingerprint/crossbeam-utils-b1dbe780c863af15/build-script-build-script-build.json	file	0600	1784153989725023808	487	d45f2fdbdaba82dcbe49e06e06b0bebf0ef769345639d291fd2948615450b341		copy	run-evidence		
crossbeam-channel-bounded/.specula-output/repro/target-cr5/debug/.fingerprint/crossbeam-utils-b1dbe780c863af15/dep-build-script-build-script-build	crossbeam-channel-bounded/.specula-output/repro/target-cr5/debug/.fingerprint/crossbeam-utils-b1dbe780c863af15/dep-build-script-build-script-build	file	0600	1784153989611021512	383	8ea2ceaf6fd057803a337f41ee9f612b4121119613f0cf7b8aa2a67ed4338c7f		copy	run-evidence		
crossbeam-channel-bounded/.specula-output/repro/target-cr5/debug/.fingerprint/crossbeam-utils-b1dbe780c863af15/invoked.timestamp	crossbeam-channel-bounded/.specula-output/repro/target-cr5/debug/.fingerprint/crossbeam-utils-b1dbe780c863af15/invoked.timestamp	file	0600	1784153989611021512	48	5a109e6643e8d3e88642e3f35e85d2a83e639d07523aa6e99166c48178e965c3		copy	run-evidence		
crossbeam-channel-bounded/.specula-output/repro/target-cr5/debug/.fingerprint/errno-0750b0a019a98092	crossbeam-channel-bounded/.specula-output/repro/target-cr5/debug/.fingerprint/errno-0750b0a019a98092	directory	0700	1784153990179032953				mkdir	run-directory		
crossbeam-channel-bounded/.specula-output/repro/target-cr5/debug/.fingerprint/errno-0750b0a019a98092/dep-lib-errno	crossbeam-channel-bounded/.specula-output/repro/target-cr5/debug/.fingerprint/errno-0750b0a019a98092/dep-lib-errno	file	0600	1784153990129031946	14	93a4afc37518a1bf7830744017176e1d1946e5df993e47159069839f61fe49ab		copy	run-evidence		
crossbeam-channel-bounded/.specula-output/repro/target-cr5/debug/.fingerprint/errno-0750b0a019a98092/invoked.timestamp	crossbeam-channel-bounded/.specula-output/repro/target-cr5/debug/.fingerprint/errno-0750b0a019a98092/invoked.timestamp	file	0600	1784153990129031946	48	5a109e6643e8d3e88642e3f35e85d2a83e639d07523aa6e99166c48178e965c3		copy	run-evidence		
crossbeam-channel-bounded/.specula-output/repro/target-cr5/debug/.fingerprint/errno-0750b0a019a98092/lib-errno	crossbeam-channel-bounded/.specula-output/repro/target-cr5/debug/.fingerprint/errno-0750b0a019a98092/lib-errno	file	0600	1784153990179032953	16	1053ab92c52eeb5e692472e86150d9ba0afb48d9f2c696804b9528f60583558e		copy	run-evidence		
crossbeam-channel-bounded/.specula-output/repro/target-cr5/debug/.fingerprint/errno-0750b0a019a98092/lib-errno.json	crossbeam-channel-bounded/.specula-output/repro/target-cr5/debug/.fingerprint/errno-0750b0a019a98092/lib-errno.json	file	0600	1784153990179032953	437	ff536314d6531d90a65d9f87849a5f791b36a03497b61e99769ad269b7b25e32		copy	run-evidence		
crossbeam-channel-bounded/.specula-output/repro/target-cr5/debug/.fingerprint/fastrand-682d22190530e91c	crossbeam-channel-bounded/.specula-output/repro/target-cr5/debug/.fingerprint/fastrand-682d22190530e91c	directory	0700	1784153989704023385				mkdir	run-directory		
crossbeam-channel-bounded/.specula-output/repro/target-cr5/debug/.fingerprint/fastrand-682d22190530e91c/dep-lib-fastrand	crossbeam-channel-bounded/.specula-output/repro/target-cr5/debug/.fingerprint/fastrand-682d22190530e91c/dep-lib-fastrand	file	0600	1784153989614021572	14	93a4afc37518a1bf7830744017176e1d1946e5df993e47159069839f61fe49ab		copy	run-evidence		
crossbeam-channel-bounded/.specula-output/repro/target-cr5/debug/.fingerprint/fastrand-682d22190530e91c/invoked.timestamp	crossbeam-channel-bounded/.specula-output/repro/target-cr5/debug/.fingerprint/fastrand-682d22190530e91c/invoked.timestamp	file	0600	1784153989614021572	48	5a109e6643e8d3e88642e3f35e85d2a83e639d07523aa6e99166c48178e965c3		copy	run-evidence		
crossbeam-channel-bounded/.specula-output/repro/target-cr5/debug/.fingerprint/fastrand-682d22190530e91c/lib-fastrand	crossbeam-channel-bounded/.specula-output/repro/target-cr5/debug/.fingerprint/fastrand-682d22190530e91c/lib-fastrand	file	0600	1784153989704023385	16	33e4e3be5d6be27e9fe3e52053c2b8df46b00234ad696362eafc244a0828bb36		copy	run-evidence		
crossbeam-channel-bounded/.specula-output/repro/target-cr5/debug/.fingerprint/fastrand-682d22190530e91c/lib-fastrand.json	crossbeam-channel-bounded/.specula-output/repro/target-cr5/debug/.fingerprint/fastrand-682d22190530e91c/lib-fastrand.json	file	0600	1784153989704023385	434	53db810c07444f90e1bbc26c28338127ac3718b03c928eb292da4a24ea1026ee		copy	run-evidence		
crossbeam-channel-bounded/.specula-output/repro/target-cr5/debug/.fingerprint/libc-337fe196a7e39b09	crossbeam-channel-bounded/.specula-output/repro/target-cr5/debug/.fingerprint/libc-337fe196a7e39b09	directory	0700	1784153990153032429				mkdir	run-directory		
crossbeam-channel-bounded/.specula-output/repro/target-cr5/debug/.fingerprint/libc-337fe196a7e39b09/dep-lib-libc	crossbeam-channel-bounded/.specula-output/repro/target-cr5/debug/.fingerprint/libc-337fe196a7e39b09/dep-lib-libc	file	0600	1784153989734023990	14	93a4afc37518a1bf7830744017176e1d1946e5df993e47159069839f61fe49ab		copy	run-evidence		
crossbeam-channel-bounded/.specula-output/repro/target-cr5/debug/.fingerprint/libc-337fe196a7e39b09/invoked.timestamp	crossbeam-channel-bounded/.specula-output/repro/target-cr5/debug/.fingerprint/libc-337fe196a7e39b09/invoked.timestamp	file	0600	1784153989734023990	48	5a109e6643e8d3e88642e3f35e85d2a83e639d07523aa6e99166c48178e965c3		copy	run-evidence		
crossbeam-channel-bounded/.specula-output/repro/target-cr5/debug/.fingerprint/libc-337fe196a7e39b09/lib-libc	crossbeam-channel-bounded/.specula-output/repro/target-cr5/debug/.fingerprint/libc-337fe196a7e39b09/lib-libc	file	0600	1784153990153032429	16	ca88020ddd7de88373d07a28132308b4fba7586829151e7e657050cacb6b207a		copy	run-evidence		
crossbeam-channel-bounded/.specula-output/repro/target-cr5/debug/.fingerprint/libc-337fe196a7e39b09/lib-libc.json	crossbeam-channel-bounded/.specula-output/repro/target-cr5/debug/.fingerprint/libc-337fe196a7e39b09/lib-libc.json	file	0600	1784153990154032449	565	d45761f188ef3e512434882c3a22886862f6accebd39a140e48cdf828eb1424c		copy	run-evidence		
crossbeam-channel-bounded/.specula-output/repro/target-cr5/debug/.fingerprint/libc-941bd027ae1e3c1e	crossbeam-channel-bounded/.specula-output/repro/target-cr5/debug/.fingerprint/libc-941bd027ae1e3c1e	directory	0700	1784153989733023969				mkdir	run-directory		
crossbeam-channel-bounded/.specula-output/repro/target-cr5/debug/.fingerprint/libc-941bd027ae1e3c1e/run-build-script-build-script-build	crossbeam-channel-bounded/.specula-output/repro/target-cr5/debug/.fingerprint/libc-941bd027ae1e3c1e/run-build-script-build-script-build	file	0600	1784153989733023969	16	038606733b6663773ee794ac792a1031290dd009efd078a4f7999d0e9cbd3b12		copy	run-evidence		
crossbeam-channel-bounded/.specula-output/repro/target-cr5/debug/.fingerprint/libc-941bd027ae1e3c1e/run-build-script-build-script-build.json	crossbeam-channel-bounded/.specula-output/repro/target-cr5/debug/.fingerprint/libc-941bd027ae1e3c1e/run-build-script-build-script-build.json	file	0600	1784153989733023969	714	d3e13476bd62941ded237129f5657e924f877632e7dbe7429af3d4ac2ea94c74		copy	run-evidence		
crossbeam-channel-bounded/.specula-output/repro/target-cr5/debug/.fingerprint/libc-f12d3c7f7c553909	crossbeam-channel-bounded/.specula-output/repro/target-cr5/debug/.fingerprint/libc-f12d3c7f7c553909	directory	0700	1784153989722023748				mkdir	run-directory		
crossbeam-channel-bounded/.specula-output/repro/target-cr5/debug/.fingerprint/libc-f12d3c7f7c553909/build-script-build-script-build	crossbeam-channel-bounded/.specula-output/repro/target-cr5/debug/.fingerprint/libc-f12d3c7f7c553909/build-script-build-script-build	file	0600	1784153989722023748	16	44d3a8019909f24e49c568df07ec35f5dcb28d6a660b1a1b65ccd11b23e29bc8		copy	run-evidence		
crossbeam-channel-bounded/.specula-output/repro/target-cr5/debug/.fingerprint/libc-f12d3c7f7c553909/build-script-build-script-build.json	crossbeam-channel-bounded/.specula-output/repro/target-cr5/debug/.fingerprint/libc-f12d3c7f7c553909/build-script-build-script-build.json	file	0600	1784153989722023748	518	abf50027278e55078389294801f234d85c178e84197a79f88880675ad561dd50		copy	run-evidence		
crossbeam-channel-bounded/.specula-output/repro/target-cr5/debug/.fingerprint/libc-f12d3c7f7c553909/dep-build-script-build-script-build	crossbeam-channel-bounded/.specula-output/repro/target-cr5/debug/.fingerprint/libc-f12d3c7f7c553909/dep-build-script-build-script-build	file	0600	1784153989611021512	14	93a4afc37518a1bf7830744017176e1d1946e5df993e47159069839f61fe49ab		copy	run-evidence		
crossbeam-channel-bounded/.specula-output/repro/target-cr5/debug/.fingerprint/libc-f12d3c7f7c553909/invoked.timestamp	crossbeam-channel-bounded/.specula-output/repro/target-cr5/debug/.fingerprint/libc-f12d3c7f7c553909/invoked.timestamp	file	0600	1784153989611021512	48	5a109e6643e8d3e88642e3f35e85d2a83e639d07523aa6e99166c48178e965c3		copy	run-evidence		
crossbeam-channel-bounded/.specula-output/repro/target-cr5/debug/.fingerprint/rustversion-3caa8835e1ef535a	crossbeam-channel-bounded/.specula-output/repro/target-cr5/debug/.fingerprint/rustversion-3caa8835e1ef535a	directory	0700	1784153989731023929				mkdir	run-directory		
crossbeam-channel-bounded/.specula-output/repro/target-cr5/debug/.fingerprint/rustversion-3caa8835e1ef535a/run-build-script-build-script-build	crossbeam-channel-bounded/.specula-output/repro/target-cr5/debug/.fingerprint/rustversion-3caa8835e1ef535a/run-build-script-build-script-build	file	0600	1784153989731023929	16	c6b3c2c999b0f7520e231346727a69bac14603a91d69e73a274971916fcb2257		copy	run-evidence		
crossbeam-channel-bounded/.specula-output/repro/target-cr5/debug/.fingerprint/rustversion-3caa8835e1ef535a/run-build-script-build-script-build.json	crossbeam-channel-bounded/.specula-output/repro/target-cr5/debug/.fingerprint/rustversion-3caa8835e1ef535a/run-build-script-build-script-build.json	file	0600	1784153989731023929	338	7231d609dcda18347c83c27b90cea8ad30a3a81db3e2b9d7483fe006da8cfa0b		copy	run-evidence		
crossbeam-channel-bounded/.specula-output/repro/target-cr5/debug/.fingerprint/rustversion-de7e6b270a361193	crossbeam-channel-bounded/.specula-output/repro/target-cr5/debug/.fingerprint/rustversion-de7e6b270a361193	directory	0700	1784153989719023687				mkdir	run-directory		
crossbeam-channel-bounded/.specula-output/repro/target-cr5/debug/.fingerprint/rustversion-de7e6b270a361193/build-script-build-script-build	crossbeam-channel-bounded/.specula-output/repro/target-cr5/debug/.fingerprint/rustversion-de7e6b270a361193/build-script-build-script-build	file	0600	1784153989719023687	16	e00c5c9212c3ebfcea7292fe84a967fb2241974363a153952ab115438661d0c2		copy	run-evidence		
crossbeam-channel-bounded/.specula-output/repro/target-cr5/debug/.fingerprint/rustversion-de7e6b270a361193/build-script-build-script-build.json	crossbeam-channel-bounded/.specula-output/repro/target-cr5/debug/.fingerprint/rustversion-de7e6b270a361193/build-script-build-script-build.json	file	0600	1784153989719023687	371	2052a74d27812da4cc03d00b4b1e56d525e4275b0615c13d974d252fbd1c7354		copy	run-evidence		
crossbeam-channel-bounded/.specula-output/repro/target-cr5/debug/.fingerprint/rustversion-de7e6b270a361193/dep-build-script-build-script-build	crossbeam-channel-bounded/.specula-output/repro/target-cr5/debug/.fingerprint/rustversion-de7e6b270a361193/dep-build-script-build-script-build	file	0600	1784153989611021512	14	93a4afc37518a1bf7830744017176e1d1946e5df993e47159069839f61fe49ab		copy	run-evidence		
crossbeam-channel-bounded/.specula-output/repro/target-cr5/debug/.fingerprint/rustversion-de7e6b270a361193/invoked.timestamp	crossbeam-channel-bounded/.specula-output/repro/target-cr5/debug/.fingerprint/rustversion-de7e6b270a361193/invoked.timestamp	file	0600	1784153989611021512	48	5a109e6643e8d3e88642e3f35e85d2a83e639d07523aa6e99166c48178e965c3		copy	run-evidence		
crossbeam-channel-bounded/.specula-output/repro/target-cr5/debug/.fingerprint/rustversion-faa5d7b4bb294f2b	crossbeam-channel-bounded/.specula-output/repro/target-cr5/debug/.fingerprint/rustversion-faa5d7b4bb294f2b	directory	0700	1784153989904027414				mkdir	run-directory		
crossbeam-channel-bounded/.specula-output/repro/target-cr5/debug/.fingerprint/rustversion-faa5d7b4bb294f2b/dep-lib-rustversion	crossbeam-channel-bounded/.specula-output/repro/target-cr5/debug/.fingerprint/rustversion-faa5d7b4bb294f2b/dep-lib-rustversion	file	0600	1784153989731023929	77	eb37cc82b9e3aa1bf92a1700e3e16c4b0b13e03bda01366d9d6d62cb7d3e6853		copy	run-evidence		
crossbeam-channel-bounded/.specula-output/repro/target-cr5/debug/.fingerprint/rustversion-faa5d7b4bb294f2b/invoked.timestamp	crossbeam-channel-bounded/.specula-output/repro/target-cr5/debug/.fingerprint/rustversion-faa5d7b4bb294f2b/invoked.timestamp	file	0600	1784153989731023929	48	5a109e6643e8d3e88642e3f35e85d2a83e639d07523aa6e99166c48178e965c3		copy	run-evidence		
crossbeam-channel-bounded/.specula-output/repro/target-cr5/debug/.fingerprint/rustversion-faa5d7b4bb294f2b/lib-rustversion	crossbeam-channel-bounded/.specula-output/repro/target-cr5/debug/.fingerprint/rustversion-faa5d7b4bb294f2b/lib-rustversion	file	0600	1784153989904027414	16	7904959b3887590a55c0545fe1c7b7714a020bf2a8866086acec126c74c826c1		copy	run-evidence		
crossbeam-channel-bounded/.specula-output/repro/target-cr5/debug/.fingerprint/rustversion-faa5d7b4bb294f2b/lib-rustversion.json	crossbeam-channel-bounded/.specula-output/repro/target-cr5/debug/.fingerprint/rustversion-faa5d7b4bb294f2b/lib-rustversion.json	file	0600	1784153989904027414	423	9865f182032b888e3f4660eb6bfd238eb3f4e0c22f282391366b666112a4b791		copy	run-evidence		
crossbeam-channel-bounded/.specula-output/repro/target-cr5/debug/.fingerprint/signal-hook-459cc2ea5b03f367	crossbeam-channel-bounded/.specula-output/repro/target-cr5/debug/.fingerprint/signal-hook-459cc2ea5b03f367	directory	0700	1784153989669022680				mkdir	run-directory		
crossbeam-channel-bounded/.specula-output/repro/target-cr5/debug/.fingerprint/signal-hook-459cc2ea5b03f367/build-script-build-script-build	crossbeam-channel-bounded/.specula-output/repro/target-cr5/debug/.fingerprint/signal-hook-459cc2ea5b03f367/build-script-build-script-build	file	0600	1784153989669022680	16	2b35ffcaa9fb588ee3e216e95c02f8ab85c8df5979c839ae61ba3dd4ad6e3202		copy	run-evidence		
crossbeam-channel-bounded/.specula-output/repro/target-cr5/debug/.fingerprint/signal-hook-459cc2ea5b03f367/build-script-build-script-build.json	crossbeam-channel-bounded/.specula-output/repro/target-cr5/debug/.fingerprint/signal-hook-459cc2ea5b03f367/build-script-build-script-build.json	file	0600	1784153989669022680	504	53df9a9e267dde390e0846a9470a22f3d1b0c1ffd0638ff47fdc5298b3ccaf91		copy	run-evidence		
crossbeam-channel-bounded/.specula-output/repro/target-cr5/debug/.fingerprint/signal-hook-459cc2ea5b03f367/dep-build-script-build-script-build	crossbeam-channel-bounded/.specula-output/repro/target-cr5/debug/.fingerprint/signal-hook-459cc2ea5b03f367/dep-build-script-build-script-build	file	0600	1784153989611021512	14	93a4afc37518a1bf7830744017176e1d1946e5df993e47159069839f61fe49ab		copy	run-evidence		
crossbeam-channel-bounded/.specula-output/repro/target-cr5/debug/.fingerprint/signal-hook-459cc2ea5b03f367/invoked.timestamp	crossbeam-channel-bounded/.specula-output/repro/target-cr5/debug/.fingerprint/signal-hook-459cc2ea5b03f367/invoked.timestamp	file	0600	1784153989611021512	48	5a109e6643e8d3e88642e3f35e85d2a83e639d07523aa6e99166c48178e965c3		copy	run-evidence		
crossbeam-channel-bounded/.specula-output/repro/target-cr5/debug/.fingerprint/signal-hook-55b3aa6a80e69514	crossbeam-channel-bounded/.specula-output/repro/target-cr5/debug/.fingerprint/signal-hook-55b3aa6a80e69514	directory	0700	1784153989672022741				mkdir	run-directory		
crossbeam-channel-bounded/.specula-output/repro/target-cr5/debug/.fingerprint/signal-hook-55b3aa6a80e69514/run-build-script-build-script-build	crossbeam-channel-bounded/.specula-output/repro/target-cr5/debug/.fingerprint/signal-hook-55b3aa6a80e69514/run-build-script-build-script-build	file	0600	1784153989672022741	16	60340acea82eab78b270a7ec4afc492b02419ec7ebc3ec827413173e4c1cb381		copy	run-evidence		
crossbeam-channel-bounded/.specula-output/repro/target-cr5/debug/.fingerprint/signal-hook-55b3aa6a80e69514/run-build-script-build-script-build.json	crossbeam-channel-bounded/.specula-output/repro/target-cr5/debug/.fingerprint/signal-hook-55b3aa6a80e69514/run-build-script-build-script-build.json	file	0600	1784153989672022741	257	858a2ff0f15c95b142c3c1af646165f13f46aba249b3195b450421c729d39a44		copy	run-evidence		
crossbeam-channel-bounded/.specula-output/repro/target-cr5/debug/.fingerprint/signal-hook-78c7ef0f44177f00	crossbeam-channel-bounded/.specula-output/repro/target-cr5/debug/.fingerprint/signal-hook-78c7ef0f44177f00	directory	0700	1784153990362036639				mkdir	run-directory		
crossbeam-channel-bounded/.specula-output/repro/target-cr5/debug/.fingerprint/signal-hook-78c7ef0f44177f00/dep-lib-signal_hook	crossbeam-channel-bounded/.specula-output/repro/target-cr5/debug/.fingerprint/signal-hook-78c7ef0f44177f00/dep-lib-signal_hook	file	0600	1784153990232034020	14	93a4afc37518a1bf7830744017176e1d1946e5df993e47159069839f61fe49ab		copy	run-evidence		
crossbeam-channel-bounded/.specula-output/repro/target-cr5/debug/.fingerprint/signal-hook-78c7ef0f44177f00/invoked.timestamp	crossbeam-channel-bounded/.specula-output/repro/target-cr5/debug/.fingerprint/signal-hook-78c7ef0f44177f00/invoked.timestamp	file	0600	1784153990232034020	48	5a109e6643e8d3e88642e3f35e85d2a83e639d07523aa6e99166c48178e965c3		copy	run-evidence		
crossbeam-channel-bounded/.specula-output/repro/target-cr5/debug/.fingerprint/signal-hook-78c7ef0f44177f00/lib-signal_hook	crossbeam-channel-bounded/.specula-output/repro/target-cr5/debug/.fingerprint/signal-hook-78c7ef0f44177f00/lib-signal_hook	file	0600	1784153990362036639	16	3936d4d4e9c72c647852922b8e4fba691a74275e3fcc8bf46929ea1a976e22c1		copy	run-evidence		
crossbeam-channel-bounded/.specula-output/repro/target-cr5/debug/.fingerprint/signal-hook-78c7ef0f44177f00/lib-signal_hook.json	crossbeam-channel-bounded/.specula-output/repro/target-cr5/debug/.fingerprint/signal-hook-78c7ef0f44177f00/lib-signal_hook.json	file	0600	1784153990362036639	682	20b9877aa01ad3380e8d2f85083780c7f68e016949f0d4b8894e756fa2d0b335		copy	run-evidence		
crossbeam-channel-bounded/.specula-output/repro/target-cr5/debug/.fingerprint/signal-hook-registry-558d2c22c484c79c	crossbeam-channel-bounded/.specula-output/repro/target-cr5/debug/.fingerprint/signal-hook-registry-558d2c22c484c79c	directory	0700	1784153990270034786				mkdir	run-directory		
crossbeam-channel-bounded/.specula-output/repro/target-cr5/debug/.fingerprint/signal-hook-registry-558d2c22c484c79c/dep-lib-signal_hook_registry	crossbeam-channel-bounded/.specula-output/repro/target-cr5/debug/.fingerprint/signal-hook-registry-558d2c22c484c79c/dep-lib-signal_hook_registry	file	0600	1784153990165032671	14	93a4afc37518a1bf7830744017176e1d1946e5df993e47159069839f61fe49ab		copy	run-evidence		
crossbeam-channel-bounded/.specula-output/repro/target-cr5/debug/.fingerprint/signal-hook-registry-558d2c22c484c79c/invoked.timestamp	crossbeam-channel-bounded/.specula-output/repro/target-cr5/debug/.fingerprint/signal-hook-registry-558d2c22c484c79c/invoked.timestamp	file	0600	1784153990165032671	48	5a109e6643e8d3e88642e3f35e85d2a83e639d07523aa6e99166c48178e965c3		copy	run-evidence		
crossbeam-channel-bounded/.specula-output/repro/target-cr5/debug/.fingerprint/signal-hook-registry-558d2c22c484c79c/lib-signal_hook_registry	crossbeam-channel-bounded/.specula-output/repro/target-cr5/debug/.fingerprint/signal-hook-registry-558d2c22c484c79c/lib-signal_hook_registry	file	0600	1784153990270034786	16	5aeb5670743a3b4e9f41b9a10f38ad45277665b7f03c965a9218e4a16cf92509		copy	run-evidence		
crossbeam-channel-bounded/.specula-output/repro/target-cr5/debug/.fingerprint/signal-hook-registry-558d2c22c484c79c/lib-signal_hook_registry.json	crossbeam-channel-bounded/.specula-output/repro/target-cr5/debug/.fingerprint/signal-hook-registry-558d2c22c484c79c/lib-signal_hook_registry.json	file	0600	1784153990270034786	485	ba2a78b44460f6b0945f10d078ecb54bbd55c5a0b0c58e43addf975eae6fa1b9		copy	run-evidence		
crossbeam-channel-bounded/.specula-output/repro/target-cr5/debug/build	crossbeam-channel-bounded/.specula-output/repro/target-cr5/debug/build	directory	0700	1784153989610021492				mkdir	run-directory		
crossbeam-channel-bounded/.specula-output/repro/target-cr5/debug/build/atomic-maybe-uninit-2fbade9f6d4fb353	crossbeam-channel-bounded/.specula-output/repro/target-cr5/debug/build/atomic-maybe-uninit-2fbade9f6d4fb353	directory	0700	1784153989749024292				mkdir	run-directory		
crossbeam-channel-bounded/.specula-output/repro/target-cr5/debug/build/atomic-maybe-uninit-2fbade9f6d4fb353/build-script-build	crossbeam-channel-bounded/.specula-output/repro/target-cr5/debug/build/atomic-maybe-uninit-2fbade9f6d4fb353/build-script-build	file	0700	1784153989738024070	4574040	446d62ce2fe1fd77af4dc80457d268d3d62f12d6169dcb810a4f16d744fb4063		copy	run-evidence		
crossbeam-channel-bounded/.specula-output/repro/target-cr5/debug/build/atomic-maybe-uninit-2fbade9f6d4fb353/build_script_build-2fbade9f6d4fb353	crossbeam-channel-bounded/.specula-output/repro/target-cr5/debug/build/atomic-maybe-uninit-2fbade9f6d4fb353/build_script_build-2fbade9f6d4fb353	file	0700	1784153989738024070	4574040	446d62ce2fe1fd77af4dc80457d268d3d62f12d6169dcb810a4f16d744fb4063		copy	run-evidence		
crossbeam-channel-bounded/.specula-output/repro/target-cr5/debug/build/atomic-maybe-uninit-2fbade9f6d4fb353/build_script_build-2fbade9f6d4fb353.d	crossbeam-channel-bounded/.specula-output/repro/target-cr5/debug/build/atomic-maybe-uninit-2fbade9f6d4fb353/build_script_build-2fbade9f6d4fb353.d	file	0600	1784153989630021895	1124	9854835fd2104b1534e197873e7b35bc66035e477c287dbf147ebb389b69d773		copy	run-evidence		
crossbeam-channel-bounded/.specula-output/repro/target-cr5/debug/build/atomic-maybe-uninit-856a3fd0a91f81de	crossbeam-channel-bounded/.specula-output/repro/target-cr5/debug/build/atomic-maybe-uninit-856a3fd0a91f81de	directory	0700	1784153989760024513				mkdir	run-directory		
crossbeam-channel-bounded/.specula-output/repro/target-cr5/debug/build/atomic-maybe-uninit-856a3fd0a91f81de/invoked.timestamp	crossbeam-channel-bounded/.specula-output/repro/target-cr5/debug/build/atomic-maybe-uninit-856a3fd0a91f81de/invoked.timestamp	file	0600	1784153989750024312	48	5a109e6643e8d3e88642e3f35e85d2a83e639d07523aa6e99166c48178e965c3		copy	run-evidence		
crossbeam-channel-bounded/.specula-output/repro/target-cr5/debug/build/atomic-maybe-uninit-856a3fd0a91f81de/out	crossbeam-channel-bounded/.specula-output/repro/target-cr5/debug/build/atomic-maybe-uninit-856a3fd0a91f81de/out	directory	0700	1784153989609021472				mkdir	run-directory		
crossbeam-channel-bounded/.specula-output/repro/target-cr5/debug/build/atomic-maybe-uninit-856a3fd0a91f81de/output	crossbeam-channel-bounded/.specula-output/repro/target-cr5/debug/build/atomic-maybe-uninit-856a3fd0a91f81de/output	file	0600	1784153989750024312	960	6df16e01f78a5803fdd5e5e1f13cb97d74910045daa6312ed6f7c378000f6f3a		copy	run-evidence		
crossbeam-channel-bounded/.specula-output/repro/target-cr5/debug/build/atomic-maybe-uninit-856a3fd0a91f81de/root-output	crossbeam-channel-bounded/.specula-output/repro/target-cr5/debug/build/atomic-maybe-uninit-856a3fd0a91f81de/root-output	file	0600	1784153989760024513	184	9028da2ca3ac8e9222e1e369d2415e6935678d590f76dc13002027d28d3b3b90		copy	run-evidence		
crossbeam-channel-bounded/.specula-output/repro/target-cr5/debug/build/atomic-maybe-uninit-856a3fd0a91f81de/stderr	crossbeam-channel-bounded/.specula-output/repro/target-cr5/debug/build/atomic-maybe-uninit-856a3fd0a91f81de/stderr	file	0600	1784153989760024513	0	e3b0c44298fc1c149afbf4c8996fb92427ae41e4649b934ca495991b7852b855		copy	run-evidence		
crossbeam-channel-bounded/.specula-output/repro/target-cr5/debug/build/crossbeam-utils-3ce9cfe9d90b22b5	crossbeam-channel-bounded/.specula-output/repro/target-cr5/debug/build/crossbeam-utils-3ce9cfe9d90b22b5	directory	0700	1784153989727023849				mkdir	run-directory		
crossbeam-channel-bounded/.specula-output/repro/target-cr5/debug/build/crossbeam-utils-3ce9cfe9d90b22b5/invoked.timestamp	crossbeam-channel-bounded/.specula-output/repro/target-cr5/debug/build/crossbeam-utils-3ce9cfe9d90b22b5/invoked.timestamp	file	0600	1784153989725023808	48	5a109e6643e8d3e88642e3f35e85d2a83e639d07523aa6e99166c48178e965c3		copy	run-evidence		
crossbeam-channel-bounded/.specula-output/repro/target-cr5/debug/build/crossbeam-utils-3ce9cfe9d90b22b5/out	crossbeam-channel-bounded/.specula-output/repro/target-cr5/debug/build/crossbeam-utils-3ce9cfe9d90b22b5/out	directory	0700	1784153989609021472				mkdir	run-directory		
crossbeam-channel-bounded/.specula-output/repro/target-cr5/debug/build/crossbeam-utils-3ce9cfe9d90b22b5/output	crossbeam-channel-bounded/.specula-output/repro/target-cr5/debug/build/crossbeam-utils-3ce9cfe9d90b22b5/output	file	0600	1784153989725023808	146	f3288d9eb00451b47e29839e77d1cda0b9515bab413f8e499eeda588c4645405		copy	run-evidence		
crossbeam-channel-bounded/.specula-output/repro/target-cr5/debug/build/crossbeam-utils-3ce9cfe9d90b22b5/root-output	crossbeam-channel-bounded/.specula-output/repro/target-cr5/debug/build/crossbeam-utils-3ce9cfe9d90b22b5/root-output	file	0600	1784153989727023849	180	2e886ffdc187ba6bedf8b0840b4ecfb27ea60e6e3a3e6adbb2b2aef6ae6adbef		copy	run-evidence		
crossbeam-channel-bounded/.specula-output/repro/target-cr5/debug/build/crossbeam-utils-3ce9cfe9d90b22b5/stderr	crossbeam-channel-bounded/.specula-output/repro/target-cr5/debug/build/crossbeam-utils-3ce9cfe9d90b22b5/stderr	file	0600	1784153989727023849	0	e3b0c44298fc1c149afbf4c8996fb92427ae41e4649b934ca495991b7852b855		copy	run-evidence		
crossbeam-channel-bounded/.specula-output/repro/target-cr5/debug/build/crossbeam-utils-b1dbe780c863af15	crossbeam-channel-bounded/.specula-output/repro/target-cr5/debug/build/crossbeam-utils-b1dbe780c863af15	directory	0700	1784153989725023808				mkdir	run-directory		
crossbeam-channel-bounded/.specula-output/repro/target-cr5/debug/build/crossbeam-utils-b1dbe780c863af15/build-script-build	crossbeam-channel-bounded/.specula-output/repro/target-cr5/debug/build/crossbeam-utils-b1dbe780c863af15/build-script-build	file	0700	1784153989712023546	4401704	b11c58c6c4feae51d429919f4f80ab4d6efdfe5141ad3576f6596899b62e83c5		copy	run-evidence		
crossbeam-channel-bounded/.specula-output/repro/target-cr5/debug/build/crossbeam-utils-b1dbe780c863af15/build_script_build-b1dbe780c863af15	crossbeam-channel-bounded/.specula-output/repro/target-cr5/debug/build/crossbeam-utils-b1dbe780c863af15/build_script_build-b1dbe780c863af15	file	0700	1784153989712023546	4401704	b11c58c6c4feae51d429919f4f80ab4d6efdfe5141ad3576f6596899b62e83c5		copy	run-evidence		
crossbeam-channel-bounded/.specula-output/repro/target-cr5/debug/build/crossbeam-utils-b1dbe780c863af15/build_script_build-b1dbe780c863af15.d	crossbeam-channel-bounded/.specula-output/repro/target-cr5/debug/build/crossbeam-utils-b1dbe780c863af15/build_script_build-b1dbe780c863af15.d	file	0600	1784153989629021875	735	db2c16ce7ce6d42ff0a57123d1eda92532591ae14cfa342234644760f5cdffea		copy	run-evidence		
crossbeam-channel-bounded/.specula-output/repro/target-cr5/debug/build/libc-941bd027ae1e3c1e	crossbeam-channel-bounded/.specula-output/repro/target-cr5/debug/build/libc-941bd027ae1e3c1e	directory	0700	1784153989733023969				mkdir	run-directory		
crossbeam-channel-bounded/.specula-output/repro/target-cr5/debug/build/libc-941bd027ae1e3c1e/invoked.timestamp	crossbeam-channel-bounded/.specula-output/repro/target-cr5/debug/build/libc-941bd027ae1e3c1e/invoked.timestamp	file	0600	1784153989722023748	48	5a109e6643e8d3e88642e3f35e85d2a83e639d07523aa6e99166c48178e965c3		copy	run-evidence		
crossbeam-channel-bounded/.specula-output/repro/target-cr5/debug/build/libc-941bd027ae1e3c1e/out	crossbeam-channel-bounded/.specula-output/repro/target-cr5/debug/build/libc-941bd027ae1e3c1e/out	directory	0700	1784153989610021492				mkdir	run-directory		
crossbeam-channel-bounded/.specula-output/repro/target-cr5/debug/build/libc-941bd027ae1e3c1e/output	crossbeam-channel-bounded/.specula-output/repro/target-cr5/debug/build/libc-941bd027ae1e3c1e/output	file	0600	1784153989722023748	1385	5ebee67a09277bba1c7c1e08d9870fd64e449a74eb63fc4cd69356f33ad7f967		copy	run-evidence		
crossbeam-channel-bounded/.specula-output/repro/target-cr5/debug/build/libc-941bd027ae1e3c1e/root-output	crossbeam-channel-bounded/.specula-output/repro/target-cr5/debug/build/libc-941bd027ae1e3c1e/root-output	file	0600	1784153989733023969	169	7b1907b335c9d4b9564fe98bb3b006def92d2a4035d37edc477a1e4a8fc204d8		copy	run-evidence		
crossbeam-channel-bounded/.specula-output/repro/target-cr5/debug/build/libc-941bd027ae1e3c1e/stderr	crossbeam-channel-bounded/.specula-output/repro/target-cr5/debug/build/libc-941bd027ae1e3c1e/stderr	file	0600	1784153989733023969	0	e3b0c44298fc1c149afbf4c8996fb92427ae41e4649b934ca495991b7852b855		copy	run-evidence		
crossbeam-channel-bounded/.specula-output/repro/target-cr5/debug/build/libc-f12d3c7f7c553909	crossbeam-channel-bounded/.specula-output/repro/target-cr5/debug/build/libc-f12d3c7f7c553909	directory	0700	1784153989722023748				mkdir	run-directory		
crossbeam-channel-bounded/.specula-output/repro/target-cr5/debug/build/libc-f12d3c7f7c553909/build-script-build	crossbeam-channel-bounded/.specula-output/repro/target-cr5/debug/build/libc-f12d3c7f7c553909/build-script-build	file	0700	1784153989711023526	4522848	3d4f0f719cf9bdbed350f3f9ebce409d07254be412008a05fbb0cd60e252578d		copy	run-evidence		
crossbeam-channel-bounded/.specula-output/repro/target-cr5/debug/build/libc-f12d3c7f7c553909/build_script_build-f12d3c7f7c553909	crossbeam-channel-bounded/.specula-output/repro/target-cr5/debug/build/libc-f12d3c7f7c553909/build_script_build-f12d3c7f7c553909	file	0700	1784153989711023526	4522848	3d4f0f719cf9bdbed350f3f9ebce409d07254be412008a05fbb0cd60e252578d		copy	run-evidence		
crossbeam-channel-bounded/.specula-output/repro/target-cr5/debug/build/libc-f12d3c7f7c553909/build_script_build-f12d3c7f7c553909.d	crossbeam-channel-bounded/.specula-output/repro/target-cr5/debug/build/libc-f12d3c7f7c553909/build_script_build-f12d3c7f7c553909.d	file	0600	1784153989629021875	675	63789c08e1031c637ea1ecc436dd30fd0984a0f3e2cef46f7cc2d1515485474b		copy	run-evidence		
crossbeam-channel-bounded/.specula-output/repro/target-cr5/debug/build/rustversion-3caa8835e1ef535a	crossbeam-channel-bounded/.specula-output/repro/target-cr5/debug/build/rustversion-3caa8835e1ef535a	directory	0700	1784153989731023929				mkdir	run-directory		
crossbeam-channel-bounded/.specula-output/repro/target-cr5/debug/build/rustversion-3caa8835e1ef535a/invoked.timestamp	crossbeam-channel-bounded/.specula-output/repro/target-cr5/debug/build/rustversion-3caa8835e1ef535a/invoked.timestamp	file	0600	1784153989719023687	48	5a109e6643e8d3e88642e3f35e85d2a83e639d07523aa6e99166c48178e965c3		copy	run-evidence		
crossbeam-channel-bounded/.specula-output/repro/target-cr5/debug/build/rustversion-3caa8835e1ef535a/out	crossbeam-channel-bounded/.specula-output/repro/target-cr5/debug/build/rustversion-3caa8835e1ef535a/out	directory	0700	1784153989730023909				mkdir	run-directory		
crossbeam-channel-bounded/.specula-output/repro/target-cr5/debug/build/rustversion-3caa8835e1ef535a/out/version.expr	crossbeam-channel-bounded/.specula-output/repro/target-cr5/debug/build/rustversion-3caa8835e1ef535a/out/version.expr	file	0600	1784153989730023909	103	9d43e404f1b13f47f496dc426bc1cabb93e1c082c90fbd65901d72f3330707b6		copy	run-evidence		
crossbeam-channel-bounded/.specula-output/repro/target-cr5/debug/build/rustversion-3caa8835e1ef535a/output	crossbeam-channel-bounded/.specula-output/repro/target-cr5/debug/build/rustversion-3caa8835e1ef535a/output	file	0600	1784153989719023687	141	6aa468d61bde939a5c3df36f290a2572492a47ad2e16a2a42a8a48a7a8b24904		copy	run-evidence		
crossbeam-channel-bounded/.specula-output/repro/target-cr5/debug/build/rustversion-3caa8835e1ef535a/root-output	crossbeam-channel-bounded/.specula-output/repro/target-cr5/debug/build/rustversion-3caa8835e1ef535a/root-output	file	0600	1784153989731023929	176	c287701befd3000fe2e8b893e94e5cebeaea1a309ca32d31b784bb41c1a2af5b		copy	run-evidence		
crossbeam-channel-bounded/.specula-output/repro/target-cr5/debug/build/rustversion-3caa8835e1ef535a/stderr	crossbeam-channel-bounded/.specula-output/repro/target-cr5/debug/build/rustversion-3caa8835e1ef535a/stderr	file	0600	1784153989731023929	0	e3b0c44298fc1c149afbf4c8996fb92427ae41e4649b934ca495991b7852b855		copy	run-evidence		
crossbeam-channel-bounded/.specula-output/repro/target-cr5/debug/build/rustversion-de7e6b270a361193	crossbeam-channel-bounded/.specula-output/repro/target-cr5/debug/build/rustversion-de7e6b270a361193	directory	0700	1784153989719023687				mkdir	run-directory		
crossbeam-channel-bounded/.specula-output/repro/target-cr5/debug/build/rustversion-de7e6b270a361193/build-script-build	crossbeam-channel-bounded/.specula-output/repro/target-cr5/debug/build/rustversion-de7e6b270a361193/build-script-build	file	0700	1784153989708023466	4504120	e670a89fca103b6f3a42b6b73a8ff2912ddcc623db398f00f2b4c231da4a9297		copy	run-evidence		
crossbeam-channel-bounded/.specula-output/repro/target-cr5/debug/build/rustversion-de7e6b270a361193/build_script_build-de7e6b270a361193	crossbeam-channel-bounded/.specula-output/repro/target-cr5/debug/build/rustversion-de7e6b270a361193/build_script_build-de7e6b270a361193	file	0700	1784153989708023466	4504120	e670a89fca103b6f3a42b6b73a8ff2912ddcc623db398f00f2b4c231da4a9297		copy	run-evidence		
crossbeam-channel-bounded/.specula-output/repro/target-cr5/debug/build/rustversion-de7e6b270a361193/build_script_build-de7e6b270a361193.d	crossbeam-channel-bounded/.specula-output/repro/target-cr5/debug/build/rustversion-de7e6b270a361193/build_script_build-de7e6b270a361193.d	file	0600	1784153989630021895	1026	d47fd53c023e2b5c421eb287a9d694ce58010aae0a416e0ef7ea8f507e3394f8		copy	run-evidence		
crossbeam-channel-bounded/.specula-output/repro/target-cr5/debug/build/signal-hook-459cc2ea5b03f367	crossbeam-channel-bounded/.specula-output/repro/target-cr5/debug/build/signal-hook-459cc2ea5b03f367	directory	0700	1784153989669022680				mkdir	run-directory		
crossbeam-channel-bounded/.specula-output/repro/target-cr5/debug/build/signal-hook-459cc2ea5b03f367/build-script-build	crossbeam-channel-bounded/.specula-output/repro/target-cr5/debug/build/signal-hook-459cc2ea5b03f367/build-script-build	file	0700	1784153989660022499	4329824	88ab95a989bc4dfb3817cc26605a7283982a74a6dc8b6cab0239b3b18a1fa646		copy	run-evidence		
crossbeam-channel-bounded/.specula-output/repro/target-cr5/debug/build/signal-hook-459cc2ea5b03f367/build_script_build-459cc2ea5b03f367	crossbeam-channel-bounded/.specula-output/repro/target-cr5/debug/build/signal-hook-459cc2ea5b03f367/build_script_build-459cc2ea5b03f367	file	0700	1784153989660022499	4329824	88ab95a989bc4dfb3817cc26605a7283982a74a6dc8b6cab0239b3b18a1fa646		copy	run-evidence		
crossbeam-channel-bounded/.specula-output/repro/target-cr5/debug/build/signal-hook-459cc2ea5b03f367/build_script_build-459cc2ea5b03f367.d	crossbeam-channel-bounded/.specula-output/repro/target-cr5/debug/build/signal-hook-459cc2ea5b03f367/build_script_build-459cc2ea5b03f367.d	file	0600	1784153989626021814	704	45cb17da52e9260966bd1dc58aa4b0932ea56e3614de1906c19a9722d91c893e		copy	run-evidence		
crossbeam-channel-bounded/.specula-output/repro/target-cr5/debug/build/signal-hook-55b3aa6a80e69514	crossbeam-channel-bounded/.specula-output/repro/target-cr5/debug/build/signal-hook-55b3aa6a80e69514	directory	0700	1784153989672022741				mkdir	run-directory		
crossbeam-channel-bounded/.specula-output/repro/target-cr5/debug/build/signal-hook-55b3aa6a80e69514/invoked.timestamp	crossbeam-channel-bounded/.specula-output/repro/target-cr5/debug/build/signal-hook-55b3aa6a80e69514/invoked.timestamp	file	0600	1784153989670022701	48	5a109e6643e8d3e88642e3f35e85d2a83e639d07523aa6e99166c48178e965c3		copy	run-evidence		
crossbeam-channel-bounded/.specula-output/repro/target-cr5/debug/build/signal-hook-55b3aa6a80e69514/out	crossbeam-channel-bounded/.specula-output/repro/target-cr5/debug/build/signal-hook-55b3aa6a80e69514/out	directory	0700	1784153989610021492				mkdir	run-directory		
crossbeam-channel-bounded/.specula-output/repro/target-cr5/debug/build/signal-hook-55b3aa6a80e69514/output	crossbeam-channel-bounded/.specula-output/repro/target-cr5/debug/build/signal-hook-55b3aa6a80e69514/output	file	0600	1784153989670022701	0	e3b0c44298fc1c149afbf4c8996fb92427ae41e4649b934ca495991b7852b855		copy	run-evidence		
crossbeam-channel-bounded/.specula-output/repro/target-cr5/debug/build/signal-hook-55b3aa6a80e69514/root-output	crossbeam-channel-bounded/.specula-output/repro/target-cr5/debug/build/signal-hook-55b3aa6a80e69514/root-output	file	0600	1784153989672022741	176	9df2a5055fe1e60072a15d5e8df55d52c28d9d0ee2c14ada5f02fb20eab91983		copy	run-evidence		
crossbeam-channel-bounded/.specula-output/repro/target-cr5/debug/build/signal-hook-55b3aa6a80e69514/stderr	crossbeam-channel-bounded/.specula-output/repro/target-cr5/debug/build/signal-hook-55b3aa6a80e69514/stderr	file	0600	1784153989672022741	0	e3b0c44298fc1c149afbf4c8996fb92427ae41e4649b934ca495991b7852b855		copy	run-evidence		
crossbeam-channel-bounded/.specula-output/repro/target-cr5/debug/deps	crossbeam-channel-bounded/.specula-output/repro/target-cr5/debug/deps	directory	0700	1784153990659042621				mkdir	run-directory		
crossbeam-channel-bounded/.specula-output/repro/target-cr5/debug/deps/atomic_maybe_uninit-712bff3e43192a7a.d	crossbeam-channel-bounded/.specula-output/repro/target-cr5/debug/deps/atomic_maybe_uninit-712bff3e43192a7a.d	file	0600	1784153989783024976	2702	123bcc4e4e49a22a1abe31ec203069599db1bcfe051d108cd6b2a18b9c29d12a		copy	run-evidence		
crossbeam-channel-bounded/.specula-output/repro/target-cr5/debug/deps/crossbeam_channel-2d59c78182776a43.d	crossbeam-channel-bounded/.specula-output/repro/target-cr5/debug/deps/crossbeam_channel-2d59c78182776a43.d	file	0600	1784153990119031744	2944	bae5d5a0650882be58fa711ce06f51d4d9130616cc989d138814e7e7a4fb4a34		copy	run-evidence		
crossbeam-channel-bounded/.specula-output/repro/target-cr5/debug/deps/crossbeam_utils-95aa944ce57b3a87.d	crossbeam-channel-bounded/.specula-output/repro/target-cr5/debug/deps/crossbeam_utils-95aa944ce57b3a87.d	file	0600	1784153989871026749	2414	2441401054c0cb13708903482723860cece12db5918690f21bdfa5e525c3e184		copy	run-evidence		
crossbeam-channel-bounded/.specula-output/repro/target-cr5/debug/deps/errno-0750b0a019a98092.d	crossbeam-channel-bounded/.specula-output/repro/target-cr5/debug/deps/errno-0750b0a019a98092.d	file	0600	1784153990147032308	1249	33e64ec86a8b2bd43bc6e196cda4641adf92ff8a20e43443baa66377fef1b270		copy	run-evidence		
crossbeam-channel-bounded/.specula-output/repro/target-cr5/debug/deps/fastrand-682d22190530e91c.d	crossbeam-channel-bounded/.specula-output/repro/target-cr5/debug/deps/fastrand-682d22190530e91c.d	file	0600	1784153989632021935	1298	775d365a73e508beba1471b2546683284555a59fd413eab55eb27bc7beae2255		copy	run-evidence		
crossbeam-channel-bounded/.specula-output/repro/target-cr5/debug/deps/libatomic_maybe_uninit-712bff3e43192a7a.rlib		file	0600	1784153989821025742	282184	8b227d61a6b17d7016d73fed2119e1dc5b9b1a63a81cea707bbd7d4a65cf4a92		exclude	non-evidence	compiled-or-generated-file	
crossbeam-channel-bounded/.specula-output/repro/target-cr5/debug/deps/libatomic_maybe_uninit-712bff3e43192a7a.rmeta	crossbeam-channel-bounded/.specula-output/repro/target-cr5/debug/deps/libatomic_maybe_uninit-712bff3e43192a7a.rmeta	file	0600	1784153989818025682	280634	85d2d45486b49d6614fe71a9ee6c22fc2fd6f9d82d8054a7fbebd83834c2bcd2		copy	run-evidence		
crossbeam-channel-bounded/.specula-output/repro/target-cr5/debug/deps/libc-337fe196a7e39b09.d	crossbeam-channel-bounded/.specula-output/repro/target-cr5/debug/deps/libc-337fe196a7e39b09.d	file	0600	1784153989832025964	18392	a5f85589854944a92bac171b7578fa72c3aeeb5b3601af01eb51d6081885b463		copy	run-evidence		
crossbeam-channel-bounded/.specula-output/repro/target-cr5/debug/deps/libcrossbeam_channel-2d59c78182776a43.rlib		file	0600	1784153990397037344	1839222	0baacbd6da4523b37916c96dfe20a999d3d3041b92224bc48df00d2981d2d019		exclude	non-evidence	compiled-or-generated-file	
crossbeam-channel-bounded/.specula-output/repro/target-cr5/debug/deps/libcrossbeam_channel-2d59c78182776a43.rmeta	crossbeam-channel-bounded/.specula-output/repro/target-cr5/debug/deps/libcrossbeam_channel-2d59c78182776a43.rmeta	file	0600	1784153990342036236	745458	c09bf48e1aebbda7e19648b7e26461f873c8ee5daa1cfe5af6ca082d2d5fbdfd		copy	run-evidence		
crossbeam-channel-bounded/.specula-output/repro/target-cr5/debug/deps/libcrossbeam_utils-95aa944ce57b3a87.rlib		file	0600	1784153990138032127	1793540	67f5f25d23684932d121348886260ac58e36022ba56894131012b283d2753a93		exclude	non-evidence	compiled-or-generated-file	
crossbeam-channel-bounded/.specula-output/repro/target-cr5/debug/deps/libcrossbeam_utils-95aa944ce57b3a87.rmeta	crossbeam-channel-bounded/.specula-output/repro/target-cr5/debug/deps/libcrossbeam_utils-95aa944ce57b3a87.rmeta	file	0600	1784153990086031080	888388	4daab770357295c11e9c94dfa9ab623c1ace871ed08dbc6b4b6cac1a2951c7a2		copy	run-evidence		
crossbeam-channel-bounded/.specula-output/repro/target-cr5/debug/deps/liberrno-0750b0a019a98092.rlib		file	0600	1784153990174032852	91302	7965ec83a9640d9d77219953f0336c01be95c0e8e4b7f9063eda4fa86b932910		exclude	non-evidence	compiled-or-generated-file	
crossbeam-channel-bounded/.specula-output/repro/target-cr5/debug/deps/liberrno-0750b0a019a98092.rmeta	crossbeam-channel-bounded/.specula-output/repro/target-cr5/debug/deps/liberrno-0750b0a019a98092.rmeta	file	0600	1784153990164032651	16075	b3f63805f5b3a5be141222604bbd3b5dd695ee4d2982fbf65f7c517cb5a7b564		copy	run-evidence		
crossbeam-channel-bounded/.specula-output/repro/target-cr5/debug/deps/libfastrand-682d22190530e91c.rlib		file	0600	1784153989700023305	315314	b02449b06a9d52282dd24fb366c56cf19ebcce36ddefb571fca82894f1219153		exclude	non-evidence	compiled-or-generated-file	
crossbeam-channel-bounded/.specula-output/repro/target-cr5/debug/deps/libfastrand-682d22190530e91c.rmeta	crossbeam-channel-bounded/.specula-output/repro/target-cr5/debug/deps/libfastrand-682d22190530e91c.rmeta	file	0600	1784153989684022982	149275	38d7323b72e415fbec3e13135181f84d4f67ae7d107f9099c32d5bae909b2a08		copy	run-evidence		
crossbeam-channel-bounded/.specula-output/repro/target-cr5/debug/deps/liblibc-337fe196a7e39b09.rlib		file	0600	1784153990143032228	4033090	712cbe1e689752c3ae42bd2b03350dc45ddbda46c4859f539017d01849ad2b70		exclude	non-evidence	compiled-or-generated-file	
crossbeam-channel-bounded/.specula-output/repro/target-cr5/debug/deps/liblibc-337fe196a7e39b09.rmeta	crossbeam-channel-bounded/.specula-output/repro/target-cr5/debug/deps/liblibc-337fe196a7e39b09.rmeta	file	0600	1784153990129031946	3987100	898458f2613c2e8ad8af436956190bef6520c3eb7c3a00717ae97d095837f22d		copy	run-evidence		
crossbeam-channel-bounded/.specula-output/repro/target-cr5/debug/deps/librustversion-faa5d7b4bb294f2b.so	crossbeam-channel-bounded/.specula-output/repro/target-cr5/debug/deps/librustversion-faa5d7b4bb294f2b.so	file	0700	1784153989891027152	5605592	9ad2c3476be80953778b46486dd89365c1975694df98902e02ff7e2389b43b3a		copy	run-evidence		
crossbeam-channel-bounded/.specula-output/repro/target-cr5/debug/deps/libsignal_hook-78c7ef0f44177f00.rlib		file	0600	1784153990356036518	962356	07960ac00d1f7bc9ebefd82bdc51b6c345aa79db2907c8c57a4215343f7e7929		exclude	non-evidence	compiled-or-generated-file	
crossbeam-channel-bounded/.specula-output/repro/target-cr5/debug/deps/libsignal_hook-78c7ef0f44177f00.rmeta	crossbeam-channel-bounded/.specula-output/repro/target-cr5/debug/deps/libsignal_hook-78c7ef0f44177f00.rmeta	file	0600	1784153990323035854	240786	17035ae0230585a50a0f8431760424acb8b49a8b590bc4c3052272d48401ff89		copy	run-evidence		
crossbeam-channel-bounded/.specula-output/repro/target-cr5/debug/deps/libsignal_hook_registry-558d2c22c484c79c.rlib		file	0600	1784153990264034665	778936	18a4bd5e9d8c86ad617d12f1a389b0fc473509c7f7d702032284b6464105727f		exclude	non-evidence	compiled-or-generated-file	
crossbeam-channel-bounded/.specula-output/repro/target-cr5/debug/deps/libsignal_hook_registry-558d2c22c484c79c.rmeta	crossbeam-channel-bounded/.specula-output/repro/target-cr5/debug/deps/libsignal_hook_registry-558d2c22c484c79c.rmeta	file	0600	1784153990231034000	77709	b8f810a0c01fc799e9af4c73074c9912b5d9eda4348fccd164057535e4df6018		copy	run-evidence		
crossbeam-channel-bounded/.specula-output/repro/target-cr5/debug/deps/rustversion-faa5d7b4bb294f2b.d	crossbeam-channel-bounded/.specula-output/repro/target-cr5/debug/deps/rustversion-faa5d7b4bb294f2b.d	file	0600	1784153989751024332	4958	187cbc2fc029fb84e5b6fd34ac772310f89af5f704a05700390a749383bb1177		copy	run-evidence		
crossbeam-channel-bounded/.specula-output/repro/target-cr5/debug/deps/signal_hook-78c7ef0f44177f00.d	crossbeam-channel-bounded/.specula-output/repro/target-cr5/debug/deps/signal_hook-78c7ef0f44177f00.d	file	0600	1784153990255034484	4835	93d32d96c3d1f3c85beff05bed6a027fef01810c5d4e353a4eaa23543fd48e4c		copy	run-evidence		
crossbeam-channel-bounded/.specula-output/repro/target-cr5/debug/deps/signal_hook_registry-558d2c22c484c79c.d	crossbeam-channel-bounded/.specula-output/repro/target-cr5/debug/deps/signal_hook_registry-558d2c22c484c79c.d	file	0600	1784153990186033094	1859	5aafcb894d91eb0a666c49e53c343cca2cdd753179d003e7d02c87e0d888fec5		copy	run-evidence		
crossbeam-channel-bounded/.specula-output/repro/target-cr5/debug/deps/specula_cr5_timeout_ready_first-1b7c93426949d2f7	crossbeam-channel-bounded/.specula-output/repro/target-cr5/debug/deps/specula_cr5_timeout_ready_first-1b7c93426949d2f7	file	0700	1784153990653042501	8596960	84e37e717d85dae091d01e0920636cd10f18bb0fd1bbdcdea0342b9db1bdf83e		copy	run-evidence		
crossbeam-channel-bounded/.specula-output/repro/target-cr5/debug/deps/specula_cr5_timeout_ready_first-1b7c93426949d2f7.d	crossbeam-channel-bounded/.specula-output/repro/target-cr5/debug/deps/specula_cr5_timeout_ready_first-1b7c93426949d2f7.d	file	0600	1784153990426037928	568	564ae0ff3cf1d6684e1abf7f577348c9242d7784ac24a711406ac5b4d783cfef		copy	run-evidence		
crossbeam-channel-bounded/.specula-output/repro/target-cr5/debug/examples	crossbeam-channel-bounded/.specula-output/repro/target-cr5/debug/examples	directory	0700	1784153989606021411				mkdir	run-directory		
crossbeam-channel-bounded/.specula-output/repro/target-cr5/debug/incremental	crossbeam-channel-bounded/.specula-output/repro/target-cr5/debug/incremental	directory	0700	1784153990418037767				mkdir	run-directory		
crossbeam-channel-bounded/.specula-output/repro/target-cr5/debug/incremental/build_script_build-0pu7ivwylqisl	crossbeam-channel-bounded/.specula-output/repro/target-cr5/debug/incremental/build_script_build-0pu7ivwylqisl	directory	0700	1784153989680022902				mkdir	run-directory		
crossbeam-channel-bounded/.specula-output/repro/target-cr5/debug/incremental/build_script_build-0pu7ivwylqisl/s-hkfh0zxjba-1vgt4f3-0yg4ywxvh8j6s6nz6zbyjpfy7	crossbeam-channel-bounded/.specula-output/repro/target-cr5/debug/incremental/build_script_build-0pu7ivwylqisl/s-hkfh0zxjba-1vgt4f3-0yg4ywxvh8j6s6nz6zbyjpfy7	directory	0700	1784153989680022902				mkdir	run-directory		
crossbeam-channel-bounded/.specula-output/repro/target-cr5/debug/incremental/build_script_build-0pu7ivwylqisl/s-hkfh0zxjba-1vgt4f3-0yg4ywxvh8j6s6nz6zbyjpfy7/0e05kv0hd253pljd0vwxd6bb3.o		file	0600	1784153989671022721	2968	f3f5ac78a883b3c4d005539b9b7e9a361f16dd0b7b2131c069300dc00a1a13a8		exclude	non-evidence	compiled-or-generated-file	
crossbeam-channel-bounded/.specula-output/repro/target-cr5/debug/incremental/build_script_build-0pu7ivwylqisl/s-hkfh0zxjba-1vgt4f3-0yg4ywxvh8j6s6nz6zbyjpfy7/0mdr2yja2283zu053smr3q669.o		file	0600	1784153989677022841	2440	0865daa2af51c362dad883ad40b98954cc1321268b502420639273774ca566fc		exclude	non-evidence	compiled-or-generated-file	
crossbeam-channel-bounded/.specula-output/repro/target-cr5/debug/incremental/build_script_build-0pu7ivwylqisl/s-hkfh0zxjba-1vgt4f3-0yg4ywxvh8j6s6nz6zbyjpfy7/15rdronp443v2scfdpuv2akss.o		file	0600	1784153989667022640	1272	6754379e7d4a1ac60955fce56bbf68af7110f38db0e05753a487ba8bbe901062		exclude	non-evidence	compiled-or-generated-file	
crossbeam-channel-bounded/.specula-output/repro/target-cr5/debug/incremental/build_script_build-0pu7ivwylqisl/s-hkfh0zxjba-1vgt4f3-0yg4ywxvh8j6s6nz6zbyjpfy7/192tg3hxqx1ppfqucgx3stxg0.o		file	0600	1784153989667022640	1080	b99da9db0845c8c4fe0c23f41ac76db15976b5d6ce2b2e2f204a0dc29c25daac		exclude	non-evidence	compiled-or-generated-file	
crossbeam-channel-bounded/.specula-output/repro/target-cr5/debug/incremental/build_script_build-0pu7ivwylqisl/s-hkfh0zxjba-1vgt4f3-0yg4ywxvh8j6s6nz6zbyjpfy7/1jueg9v21edg335rsyc33hnt4.o		file	0600	1784153989664022580	20368	262f9454883eee10c4e3a74097827463096ef109aebd4cc74d55187cbcbbbad2		exclude	non-evidence	compiled-or-generated-file	
crossbeam-channel-bounded/.specula-output/repro/target-cr5/debug/incremental/build_script_build-0pu7ivwylqisl/s-hkfh0zxjba-1vgt4f3-0yg4ywxvh8j6s6nz6zbyjpfy7/1pabn3x52gj672bdl44myqh2t.o		file	0600	1784153989673022761	2248	4d4d4c5f771303e36bfad6638af8da66f7b4c239f20e4def59b864aaa6a828d8		exclude	non-evidence	compiled-or-generated-file	
crossbeam-channel-bounded/.specula-output/repro/target-cr5/debug/incremental/build_script_build-0pu7ivwylqisl/s-hkfh0zxjba-1vgt4f3-0yg4ywxvh8j6s6nz6zbyjpfy7/1uvug9ehfjzb8ejqlcvj55qd7.o		file	0600	1784153989676022821	2984	e16668e7edbe3e18cfac86c447eb4dfcb084289f6a3502c01b78f71dd0177ea3		exclude	non-evidence	compiled-or-generated-file	
crossbeam-channel-bounded/.specula-output/repro/target-cr5/debug/incremental/build_script_build-0pu7ivwylqisl/s-hkfh0zxjba-1vgt4f3-0yg4ywxvh8j6s6nz6zbyjpfy7/21q835odux24l41w4ypy5hun7.o		file	0600	1784153989677022841	1600	c0c634c637f56227d583fef0b8d170d2dbfe5b15b27ee910e39d20b6d31f7f3b		exclude	non-evidence	compiled-or-generated-file	
crossbeam-channel-bounded/.specula-output/repro/target-cr5/debug/incremental/build_script_build-0pu7ivwylqisl/s-hkfh0zxjba-1vgt4f3-0yg4ywxvh8j6s6nz6zbyjpfy7/23s5do0oz4v1qou9eacunxu5r.o		file	0600	1784153989676022821	2120	ce53f6567682d3958fc1ab352905b4e280a3916a6687cd298c18d6198cbcce50		exclude	non-evidence	compiled-or-generated-file	
crossbeam-channel-bounded/.specula-output/repro/target-cr5/debug/incremental/build_script_build-0pu7ivwylqisl/s-hkfh0zxjba-1vgt4f3-0yg4ywxvh8j6s6nz6zbyjpfy7/2q61y7sn1dpd5yategnctjhhm.o		file	0600	1784153989668022660	3296	9bb596794807ee502abbdf043d805f65c3ddd324fbb91417e0ef2d03cf9f9ad0		exclude	non-evidence	compiled-or-generated-file	
crossbeam-channel-bounded/.specula-output/repro/target-cr5/debug/incremental/build_script_build-0pu7ivwylqisl/s-hkfh0zxjba-1vgt4f3-0yg4ywxvh8j6s6nz6zbyjpfy7/2wettmd8xg8s2vi72ygfi2qru.o		file	0600	1784153989667022640	3936	6dea83e26182f7351ffa1ece99263126560bc5f8c3b27e0ca2d3a3ba05279637		exclude	non-evidence	compiled-or-generated-file	
crossbeam-channel-bounded/.specula-output/repro/target-cr5/debug/incremental/build_script_build-0pu7ivwylqisl/s-hkfh0zxjba-1vgt4f3-0yg4ywxvh8j6s6nz6zbyjpfy7/31wkgazz59dgu5q56knshc3g3.o		file	0600	1784153989669022680	1208	2abd1c6a00b0bb3051a0ab322b0def498a8aa938d3aa0478d9182583d70917a9		exclude	non-evidence	compiled-or-generated-file	
crossbeam-channel-bounded/.specula-output/repro/target-cr5/debug/incremental/build_script_build-0pu7ivwylqisl/s-hkfh0zxjba-1vgt4f3-0yg4ywxvh8j6s6nz6zbyjpfy7/3r4rbzgyc4ouvtrw7cqxzncnk.o		file	0600	1784153989665022600	14840	db19a414df48d6975babb7936cb14deb8ff9c87e80cb20620ceaf3512141ab9d		exclude	non-evidence	compiled-or-generated-file	
crossbeam-channel-bounded/.specula-output/repro/target-cr5/debug/incremental/build_script_build-0pu7ivwylqisl/s-hkfh0zxjba-1vgt4f3-0yg4ywxvh8j6s6nz6zbyjpfy7/427m9htbgbr1fel2qxqv081yb.o		file	0600	1784153989676022821	1016	6c00a7f3d4c26f4683b926bffefe36d25a1ac9de71061d3392636bf050658d37		exclude	non-evidence	compiled-or-generated-file	
crossbeam-channel-bounded/.specula-output/repro/target-cr5/debug/incremental/build_script_build-0pu7ivwylqisl/s-hkfh0zxjba-1vgt4f3-0yg4ywxvh8j6s6nz6zbyjpfy7/437x53jkk0me3v6kdtbgy14mn.o		file	0600	1784153989673022761	3592	bd07e2e42be4913cbda41d2f4913512d39eb95ee9ef445209eed928765fc4c74		exclude	non-evidence	compiled-or-generated-file	
crossbeam-channel-bounded/.specula-output/repro/target-cr5/debug/incremental/build_script_build-0pu7ivwylqisl/s-hkfh0zxjba-1vgt4f3-0yg4ywxvh8j6s6nz6zbyjpfy7/4bj4lvn88ffc2kw51u3r8cn6j.o		file	0600	1784153989674022781	1344	aed54db9b393031decddd13c6a2306ed7705d50bc07a323cb10267a209754ead		exclude	non-evidence	compiled-or-generated-file	
crossbeam-channel-bounded/.specula-output/repro/target-cr5/debug/incremental/build_script_build-0pu7ivwylqisl/s-hkfh0zxjba-1vgt4f3-0yg4ywxvh8j6s6nz6zbyjpfy7/4fvcyeea5egiq7fertos5usnq.o		file	0600	1784153989677022841	1568	36ecdcea25be742346b5b006f0c5fc63f9fcdc3fcd682d1b85e3ec6d8dbbc646		exclude	non-evidence	compiled-or-generated-file	
crossbeam-channel-bounded/.specula-output/repro/target-cr5/debug/incremental/build_script_build-0pu7ivwylqisl/s-hkfh0zxjba-1vgt4f3-0yg4ywxvh8j6s6nz6zbyjpfy7/4l7cun0ywo23fp6f2wfn95884.o		file	0600	1784153989670022701	2976	5a84f22638c61de7cdc6aaf5a548794448efe5c9c9c27597ef0f0ab53a13c35d		exclude	non-evidence	compiled-or-generated-file	
crossbeam-channel-bounded/.specula-output/repro/target-cr5/debug/incremental/build_script_build-0pu7ivwylqisl/s-hkfh0zxjba-1vgt4f3-0yg4ywxvh8j6s6nz6zbyjpfy7/4o6xhq28is0o28vy2om21swu8.o		file	0600	1784153989670022701	3448	4d34abd64ea2b2eb888e13ce1a9f16442503db6bfd23f19f1c56ded8499cacde		exclude	non-evidence	compiled-or-generated-file	
crossbeam-channel-bounded/.specula-output/repro/target-cr5/debug/incremental/build_script_build-0pu7ivwylqisl/s-hkfh0zxjba-1vgt4f3-0yg4ywxvh8j6s6nz6zbyjpfy7/4tlp65udb3yxsmt23tl7q9qz7.o		file	0600	1784153989674022781	2272	a919ce57dbd73640663d3134eae514eb6fef5fcd0837312dc9cc0f610df7748f		exclude	non-evidence	compiled-or-generated-file	
crossbeam-channel-bounded/.specula-output/repro/target-cr5/debug/incremental/build_script_build-0pu7ivwylqisl/s-hkfh0zxjba-1vgt4f3-0yg4ywxvh8j6s6nz6zbyjpfy7/53srconp8ijuo78qfwbmsvy6s.o		file	0600	1784153989673022761	2352	665308b11ee2217fc798e2b027f6a839ce12d3a7adafb0c82e1d25d15440834e		exclude	non-evidence	compiled-or-generated-file	
crossbeam-channel-bounded/.specula-output/repro/target-cr5/debug/incremental/build_script_build-0pu7ivwylqisl/s-hkfh0zxjba-1vgt4f3-0yg4ywxvh8j6s6nz6zbyjpfy7/5ctbh10yvrpncqbxqodd3y813.o		file	0600	1784153989676022821	1928	5f3728cbbb98a3b05843d3c7113dec6fa9ccab3852e948d1e46bbdee9d6161dc		exclude	non-evidence	compiled-or-generated-file	
crossbeam-channel-bounded/.specula-output/repro/target-cr5/debug/incremental/build_script_build-0pu7ivwylqisl/s-hkfh0zxjba-1vgt4f3-0yg4ywxvh8j6s6nz6zbyjpfy7/5fqr6o9qb3jz5tp20u2fi2s8c.o		file	0600	1784153989672022741	2880	a1ac8a7c5455624abf330c7ecf9c8288a73d795b47a3b25802cc4ed1b884a9f8		exclude	non-evidence	compiled-or-generated-file	
crossbeam-channel-bounded/.specula-output/repro/target-cr5/debug/incremental/build_script_build-0pu7ivwylqisl/s-hkfh0zxjba-1vgt4f3-0yg4ywxvh8j6s6nz6zbyjpfy7/5hbfwxlpi19gqvz95exuzdt2s.o		file	0600	1784153989677022841	8432	747b68851894159908583bf9a33a58c0a536a356b0e26bd7878f808b705f0a9c		exclude	non-evidence	compiled-or-generated-file	
crossbeam-channel-bounded/.specula-output/repro/target-cr5/debug/incremental/build_script_build-0pu7ivwylqisl/s-hkfh0zxjba-1vgt4f3-0yg4ywxvh8j6s6nz6zbyjpfy7/5lpe7bzvehnmdj32zhxvva6yi.o		file	0600	1784153989672022741	2928	c3609e360c567f32ac9652a3eac8cdfdd4c2291ba85b106cca375410cb7397c6		exclude	non-evidence	compiled-or-generated-file	
crossbeam-channel-bounded/.specula-output/repro/target-cr5/debug/incremental/build_script_build-0pu7ivwylqisl/s-hkfh0zxjba-1vgt4f3-0yg4ywxvh8j6s6nz6zbyjpfy7/5razjh9uy0seig2ko1jd25x64.o		file	0600	1784153989677022841	1648	9370d72b79822e25c94e6585a427aed2f0614a7ea5d1ec974429b0298efd405a		exclude	non-evidence	compiled-or-generated-file	
crossbeam-channel-bounded/.specula-output/repro/target-cr5/debug/incremental/build_script_build-0pu7ivwylqisl/s-hkfh0zxjba-1vgt4f3-0yg4ywxvh8j6s6nz6zbyjpfy7/68oq7da6e0uslu38yrp647hf1.o		file	0600	1784153989675022801	2240	27bbf485f4c3e848c18846da00a8b0ab4efeff816a2bf069410851e736dafd4f		exclude	non-evidence	compiled-or-generated-file	
crossbeam-channel-bounded/.specula-output/repro/target-cr5/debug/incremental/build_script_build-0pu7ivwylqisl/s-hkfh0zxjba-1vgt4f3-0yg4ywxvh8j6s6nz6zbyjpfy7/6ibm3adllc80xiqxpjgtgu5e0.o		file	0600	1784153989673022761	3480	da96740aa8f1c978ce2a2c15bc37bed879b239b3680ef02c56c9f4742a0674b5		exclude	non-evidence	compiled-or-generated-file	
crossbeam-channel-bounded/.specula-output/repro/target-cr5/debug/incremental/build_script_build-0pu7ivwylqisl/s-hkfh0zxjba-1vgt4f3-0yg4ywxvh8j6s6nz6zbyjpfy7/6w6n63gnh6r6v2x21hk0r1wyg.o		file	0600	1784153989666022620	1064	76c07c6192dd7cd2db935b4dd26d77212d0b90fabcdf71b5d76015227217000c		exclude	non-evidence	compiled-or-generated-file	
crossbeam-channel-bounded/.specula-output/repro/target-cr5/debug/incremental/build_script_build-0pu7ivwylqisl/s-hkfh0zxjba-1vgt4f3-0yg4ywxvh8j6s6nz6zbyjpfy7/6wgz6l2f52kdmcy8a92b644ol.o		file	0600	1784153989677022841	1656	763a1541575cec1ade3049ec5915c8d63919bab4e0a620468c2078b278ec82ba		exclude	non-evidence	compiled-or-generated-file	
crossbeam-channel-bounded/.specula-output/repro/target-cr5/debug/incremental/build_script_build-0pu7ivwylqisl/s-hkfh0zxjba-1vgt4f3-0yg4ywxvh8j6s6nz6zbyjpfy7/6xs90ngyc1x5o55b890fvkmz1.o		file	0600	1784153989668022660	1824	d523a25797e94cc35ea5d5a1af443b4bf6c23be6fe0117794b8631c33c3769a7		exclude	non-evidence	compiled-or-generated-file	
crossbeam-channel-bounded/.specula-output/repro/target-cr5/debug/incremental/build_script_build-0pu7ivwylqisl/s-hkfh0zxjba-1vgt4f3-0yg4ywxvh8j6s6nz6zbyjpfy7/7hveh2c4lsdp593lvjpy4msro.o		file	0600	1784153989668022660	4992	bf2936f432f962d6eb3c41ad112a800dabd9ca8b4936d76b9eb3fb41dc15e64b		exclude	non-evidence	compiled-or-generated-file	
crossbeam-channel-bounded/.specula-output/repro/target-cr5/debug/incremental/build_script_build-0pu7ivwylqisl/s-hkfh0zxjba-1vgt4f3-0yg4ywxvh8j6s6nz6zbyjpfy7/8ff7gwyd9ob89opdej1zrxhls.o		file	0600	1784153989665022600	1040	ca7afb3550aa6833f1f122629ee262d77cccd9a82f9a62826c99f67f45ba036e		exclude	non-evidence	compiled-or-generated-file	
crossbeam-channel-bounded/.specula-output/repro/target-cr5/debug/incremental/build_script_build-0pu7ivwylqisl/s-hkfh0zxjba-1vgt4f3-0yg4ywxvh8j6s6nz6zbyjpfy7/8g0q1g7eno70609d83n3ymcnw.o		file	0600	1784153989672022741	1256	e31b947ae3c174c6aa5f887562d495e03be9c3bf312f5795938438ad049f5d30		exclude	non-evidence	compiled-or-generated-file	
crossbeam-channel-bounded/.specula-output/repro/target-cr5/debug/incremental/build_script_build-0pu7ivwylqisl/s-hkfh0zxjba-1vgt4f3-0yg4ywxvh8j6s6nz6zbyjpfy7/8uuc382pfkv6f3122loykdzxw.o		file	0600	1784153989676022821	2240	3b4cf739ad5e961fd7bdb24712f103d52e952ac8e146ec7ea96e209f14ce26f4		exclude	non-evidence	compiled-or-generated-file	
crossbeam-channel-bounded/.specula-output/repro/target-cr5/debug/incremental/build_script_build-0pu7ivwylqisl/s-hkfh0zxjba-1vgt4f3-0yg4ywxvh8j6s6nz6zbyjpfy7/90qly6yseeynyrx9eaddyev3i.o		file	0600	1784153989672022741	2416	42788e509b2bf64c6b7c6db4102ed0a1f0563182c85fd47ad1a1647cf0e0a395		exclude	non-evidence	compiled-or-generated-file	
crossbeam-channel-bounded/.specula-output/repro/target-cr5/debug/incremental/build_script_build-0pu7ivwylqisl/s-hkfh0zxjba-1vgt4f3-0yg4ywxvh8j6s6nz6zbyjpfy7/95bxhmfvilefgznksbo30lpq3.o		file	0600	1784153989672022741	1288	1b6e1d86644b58fdaf359e97e3e277fbb75d86f69402c2cd58f84a7843e31542		exclude	non-evidence	compiled-or-generated-file	
crossbeam-channel-bounded/.specula-output/repro/target-cr5/debug/incremental/build_script_build-0pu7ivwylqisl/s-hkfh0zxjba-1vgt4f3-0yg4ywxvh8j6s6nz6zbyjpfy7/9d5zdo1qyodtikvsbgdowf2eb.o		file	0600	1784153989671022721	4088	20191be46999775a93999cf8fc14e13547b0d5034d1f50a918f4d896eecc54d5		exclude	non-evidence	compiled-or-generated-file	
crossbeam-channel-bounded/.specula-output/repro/target-cr5/debug/incremental/build_script_build-0pu7ivwylqisl/s-hkfh0zxjba-1vgt4f3-0yg4ywxvh8j6s6nz6zbyjpfy7/9vezzrpju53uxfdnm2u7rv7ut.o		file	0600	1784153989673022761	1648	92c58b666e8b1c2830564bb0de452a6f85afa7596defcfac7cc08b8d4826af7b		exclude	non-evidence	compiled-or-generated-file	
crossbeam-channel-bounded/.specula-output/repro/target-cr5/debug/incremental/build_script_build-0pu7ivwylqisl/s-hkfh0zxjba-1vgt4f3-0yg4ywxvh8j6s6nz6zbyjpfy7/asdndq0q7jq8i5pxh0tg5tae6.o		file	0600	1784153989672022741	1056	d4d1550609b1e6b4e8fc0003b5e8d525b378e97ad0bb9f36fab1a3797dc26d34		exclude	non-evidence	compiled-or-generated-file	
crossbeam-channel-bounded/.specula-output/repro/target-cr5/debug/incremental/build_script_build-0pu7ivwylqisl/s-hkfh0zxjba-1vgt4f3-0yg4ywxvh8j6s6nz6zbyjpfy7/az74s5vo6oxnxr2gh5xqy5xq9.o		file	0600	1784153989668022660	11056	e57a65fbc3796e6cc4966053238eef36fd4665bd47c3b83a007d14964f00ad6c		exclude	non-evidence	compiled-or-generated-file	
crossbeam-channel-bounded/.specula-output/repro/target-cr5/debug/incremental/build_script_build-0pu7ivwylqisl/s-hkfh0zxjba-1vgt4f3-0yg4ywxvh8j6s6nz6zbyjpfy7/b09112c6vuxwhyaha1zdg0iw4.o		file	0600	1784153989663022559	1008	d0d3e7cd46a4cca2900a2f5c6884c13f469f3d3b1c0cc08775c7c229a6061762		exclude	non-evidence	compiled-or-generated-file	
crossbeam-channel-bounded/.specula-output/repro/target-cr5/debug/incremental/build_script_build-0pu7ivwylqisl/s-hkfh0zxjba-1vgt4f3-0yg4ywxvh8j6s6nz6zbyjpfy7/b5gpef3cnv2tnzw2pain8nyl5.o		file	0600	1784153989671022721	1944	439c9f1bb0a54e4ab29fcbc6ee17461bea2599495963bdf865eedaf45482d021		exclude	non-evidence	compiled-or-generated-file	
crossbeam-channel-bounded/.specula-output/repro/target-cr5/debug/incremental/build_script_build-0pu7ivwylqisl/s-hkfh0zxjba-1vgt4f3-0yg4ywxvh8j6s6nz6zbyjpfy7/bdxhco2a3hi38fclcxff6ckdr.o		file	0600	1784153989665022600	1048	0e4ba1dfd3c2cfb62fb27a26b746078c95ead3ec3e20b785f22c11f526e64c31		exclude	non-evidence	compiled-or-generated-file	
crossbeam-channel-bounded/.specula-output/repro/target-cr5/debug/incremental/build_script_build-0pu7ivwylqisl/s-hkfh0zxjba-1vgt4f3-0yg4ywxvh8j6s6nz6zbyjpfy7/bgqc9wvadnqy7nwmka208qqdn.o		file	0600	1784153989671022721	3328	f1dc23b45ba4d5a91dc42c4e109043b45d03a82df22613e849ef1e25dc203f53		exclude	non-evidence	compiled-or-generated-file	
crossbeam-channel-bounded/.specula-output/repro/target-cr5/debug/incremental/build_script_build-0pu7ivwylqisl/s-hkfh0zxjba-1vgt4f3-0yg4ywxvh8j6s6nz6zbyjpfy7/c3p5c3kstqnqicrpuara8tql3.o		file	0600	1784153989670022701	1008	1c48bca126a31c4dccb7114bd1bf03a2983b166a5f209e24a3256d63e1579bb8		exclude	non-evidence	compiled-or-generated-file	
crossbeam-channel-bounded/.specula-output/repro/target-cr5/debug/incremental/build_script_build-0pu7ivwylqisl/s-hkfh0zxjba-1vgt4f3-0yg4ywxvh8j6s6nz6zbyjpfy7/chcuq9x9vme6shfyq3hgpi84n.o		file	0600	1784153989671022721	2048	570458ee36d6fc97f1973684c1e54f1994754ac7b4cddb62f26c02a026bdbf0e		exclude	non-evidence	compiled-or-generated-file	
crossbeam-channel-bounded/.specula-output/repro/target-cr5/debug/incremental/build_script_build-0pu7ivwylqisl/s-hkfh0zxjba-1vgt4f3-0yg4ywxvh8j6s6nz6zbyjpfy7/czcov30ocwxeg9pydfgaq334f.o		file	0600	1784153989667022640	11400	73a66ce89ba176686d3714699669c59a04f8625b79df106a2b03b5fef705a498		exclude	non-evidence	compiled-or-generated-file	
crossbeam-channel-bounded/.specula-output/repro/target-cr5/debug/incremental/build_script_build-0pu7ivwylqisl/s-hkfh0zxjba-1vgt4f3-0yg4ywxvh8j6s6nz6zbyjpfy7/d1e58a0lq9ellpzah1wncmuck.o		file	0600	1784153989670022701	1888	e5776da7bda170b8b4cbab2e3b372fd28caa60b4aa9ad5c35c7f00cf0ac085cc		exclude	non-evidence	compiled-or-generated-file	
crossbeam-channel-bounded/.specula-output/repro/target-cr5/debug/incremental/build_script_build-0pu7ivwylqisl/s-hkfh0zxjba-1vgt4f3-0yg4ywxvh8j6s6nz6zbyjpfy7/d25mb3j1p56j5u3h90ginfz59.o		file	0600	1784153989677022841	1600	b9e721cfe8cec2f007a2069001f185d99dda2e5a751b19025ea1e18e237ce228		exclude	non-evidence	compiled-or-generated-file	
crossbeam-channel-bounded/.specula-output/repro/target-cr5/debug/incremental/build_script_build-0pu7ivwylqisl/s-hkfh0zxjba-1vgt4f3-0yg4ywxvh8j6s6nz6zbyjpfy7/d4rigurh7ex6ze6jfz7kjcxo9.o		file	0600	1784153989669022680	4000	ff007daebceb1d261cb5d9c50cdbd8ca78dc5fa4a7643b6cf9b32af0c371ce62		exclude	non-evidence	compiled-or-generated-file	
crossbeam-channel-bounded/.specula-output/repro/target-cr5/debug/incremental/build_script_build-0pu7ivwylqisl/s-hkfh0zxjba-1vgt4f3-0yg4ywxvh8j6s6nz6zbyjpfy7/dbf0cjo8k6ucl9ma7gpztkym8.o		file	0600	1784153989676022821	2104	4fbe1d8aab28377fa0d05aa3039e05f2c357fc27be6aea72336fdb8c7fd59dec		exclude	non-evidence	compiled-or-generated-file	
crossbeam-channel-bounded/.specula-output/repro/target-cr5/debug/incremental/build_script_build-0pu7ivwylqisl/s-hkfh0zxjba-1vgt4f3-0yg4ywxvh8j6s6nz6zbyjpfy7/dep-graph.bin	crossbeam-channel-bounded/.specula-output/repro/target-cr5/debug/incremental/build_script_build-0pu7ivwylqisl/s-hkfh0zxjba-1vgt4f3-0yg4ywxvh8j6s6nz6zbyjpfy7/dep-graph.bin	file	0600	1784153989677022841	884685	7ed60fa95b41ac5a39aac4116cf58971b3fb16eddaad53e0ad93993d88e9683f		copy	run-evidence		
crossbeam-channel-bounded/.specula-output/repro/target-cr5/debug/incremental/build_script_build-0pu7ivwylqisl/s-hkfh0zxjba-1vgt4f3-0yg4ywxvh8j6s6nz6zbyjpfy7/dtf9zalf0yxrg778iq1cattph.o		file	0600	1784153989670022701	1096	4d903e187dab5d56ddf0c16732f5ad81c6523873afb0bf3d759977f56e915691		exclude	non-evidence	compiled-or-generated-file	
crossbeam-channel-bounded/.specula-output/repro/target-cr5/debug/incremental/build_script_build-0pu7ivwylqisl/s-hkfh0zxjba-1vgt4f3-0yg4ywxvh8j6s6nz6zbyjpfy7/du0aprnnl13l47bvymudx81r6.o		file	0600	1784153989673022761	12320	9f919ea416cf1cdb6f94a1e579174819b8d016f87f24b66e7e182234bc52491f		exclude	non-evidence	compiled-or-generated-file	
crossbeam-channel-bounded/.specula-output/repro/target-cr5/debug/incremental/build_script_build-0pu7ivwylqisl/s-hkfh0zxjba-1vgt4f3-0yg4ywxvh8j6s6nz6zbyjpfy7/e11bldte0l8iw3mfawpfe8rkk.o		file	0600	1784153989670022701	1704	6986b8027fecb3c39f9d208505f3863eea656b6a29227926cc4d37a08d66b987		exclude	non-evidence	compiled-or-generated-file	
crossbeam-channel-bounded/.specula-output/repro/target-cr5/debug/incremental/build_script_build-0pu7ivwylqisl/s-hkfh0zxjba-1vgt4f3-0yg4ywxvh8j6s6nz6zbyjpfy7/e3yrqq2hv6nz6e1np18296n0z.o		file	0600	1784153989667022640	1312	7902aa6eecd105d59f36f95838068cc4e4c6a9d0fbc3ffd1fb925945c88dadcc		exclude	non-evidence	compiled-or-generated-file	
crossbeam-channel-bounded/.specula-output/repro/target-cr5/debug/incremental/build_script_build-0pu7ivwylqisl/s-hkfh0zxjba-1vgt4f3-0yg4ywxvh8j6s6nz6zbyjpfy7/egpmzyf3lupjvrjp3yjau38x9.o		file	0600	1784153989677022841	2144	ce1aba56885fd0ac0e31620fa826d8b91088f9c4efcdb1e3a30a32222b9764f3		exclude	non-evidence	compiled-or-generated-file	
crossbeam-channel-bounded/.specula-output/repro/target-cr5/debug/incremental/build_script_build-0pu7ivwylqisl/s-hkfh0zxjba-1vgt4f3-0yg4ywxvh8j6s6nz6zbyjpfy7/eyfrkhy01eikmfy2zm8ig461x.o		file	0600	1784153989666022620	12120	b338627fea5e0ca81a46c4cb4866ef43b116b0ecc1c3407c8928d0b37574cf75		exclude	non-evidence	compiled-or-generated-file	
crossbeam-channel-bounded/.specula-output/repro/target-cr5/debug/incremental/build_script_build-0pu7ivwylqisl/s-hkfh0zxjba-1vgt4f3-0yg4ywxvh8j6s6nz6zbyjpfy7/query-cache.bin	crossbeam-channel-bounded/.specula-output/repro/target-cr5/debug/incremental/build_script_build-0pu7ivwylqisl/s-hkfh0zxjba-1vgt4f3-0yg4ywxvh8j6s6nz6zbyjpfy7/query-cache.bin	file	0600	1784153989677022841	344711	58cdcedc9cb1cac3217a81174691b09e7e1a667b3bc3eba519f21489adcda2a4		copy	run-evidence		
crossbeam-channel-bounded/.specula-output/repro/target-cr5/debug/incremental/build_script_build-0pu7ivwylqisl/s-hkfh0zxjba-1vgt4f3-0yg4ywxvh8j6s6nz6zbyjpfy7/work-products.bin	crossbeam-channel-bounded/.specula-output/repro/target-cr5/debug/incremental/build_script_build-0pu7ivwylqisl/s-hkfh0zxjba-1vgt4f3-0yg4ywxvh8j6s6nz6zbyjpfy7/work-products.bin	file	0600	1784153989680022902	4458	e94828c3b73fd7d4c68f83b4b486365649f637f3cc40b50b0f8f4ba3fbdbcda1		copy	run-evidence		
crossbeam-channel-bounded/.specula-output/repro/target-cr5/debug/incremental/build_script_build-0pu7ivwylqisl/s-hkfh0zxjba-1vgt4f3.lock	crossbeam-channel-bounded/.specula-output/repro/target-cr5/debug/incremental/build_script_build-0pu7ivwylqisl/s-hkfh0zxjba-1vgt4f3.lock	file	0600	1784153989624021774	0	e3b0c44298fc1c149afbf4c8996fb92427ae41e4649b934ca495991b7852b855		copy	run-evidence		
crossbeam-channel-bounded/.specula-output/repro/target-cr5/debug/incremental/crossbeam_channel-0w769rn27nu9o	crossbeam-channel-bounded/.specula-output/repro/target-cr5/debug/incremental/crossbeam_channel-0w769rn27nu9o	directory	0700	1784153990393037264				mkdir	run-directory		
crossbeam-channel-bounded/.specula-output/repro/target-cr5/debug/incremental/crossbeam_channel-0w769rn27nu9o/s-hkfh107oom-1c6i6xw-02n09ss1umivsln4y05wl0qzl	crossbeam-channel-bounded/.specula-output/repro/target-cr5/debug/incremental/crossbeam_channel-0w769rn27nu9o/s-hkfh107oom-1c6i6xw-02n09ss1umivsln4y05wl0qzl	directory	0700	1784153990393037264				mkdir	run-directory		
crossbeam-channel-bounded/.specula-output/repro/target-cr5/debug/incremental/crossbeam_channel-0w769rn27nu9o/s-hkfh107oom-1c6i6xw-02n09ss1umivsln4y05wl0qzl/0ffm7noc4kggfo9tc8a8ol8x3.o		file	0600	1784153990358036559	4424	d7efcf9dcbdd98a9c747ab51948ec1ec700c33ca1885a99d11fe91efd7d276fa		exclude	non-evidence	compiled-or-generated-file	
crossbeam-channel-bounded/.specula-output/repro/target-cr5/debug/incremental/crossbeam_channel-0w769rn27nu9o/s-hkfh107oom-1c6i6xw-02n09ss1umivsln4y05wl0qzl/0uj6zozz6y6w4xwt0bx1w58eg.o		file	0600	1784153990370036800	7920	8a3c53d051d66d6e0096a6e2c36a66f1dbe570962375f5634868a2d7886f9cba		exclude	non-evidence	compiled-or-generated-file	
crossbeam-channel-bounded/.specula-output/repro/target-cr5/debug/incremental/crossbeam_channel-0w769rn27nu9o/s-hkfh107oom-1c6i6xw-02n09ss1umivsln4y05wl0qzl/19g5y6bhaycj8slgv3uqjg79f.o		file	0600	1784153990361036619	34744	05502a85a2535a8087440095028a8c5713570d9b65185596b8858c93089e0fa7		exclude	non-evidence	compiled-or-generated-file	
crossbeam-channel-bounded/.specula-output/repro/target-cr5/debug/incremental/crossbeam_channel-0w769rn27nu9o/s-hkfh107oom-1c6i6xw-02n09ss1umivsln4y05wl0qzl/1tgj5ded1yskjhkb7nrtet57j.o		file	0600	1784153990365036699	3160	dab8fffd6262f160d29d94508d4c656824f1ecd4087be662db52ae75d6c1f380		exclude	non-evidence	compiled-or-generated-file	
crossbeam-channel-bounded/.specula-output/repro/target-cr5/debug/incremental/crossbeam_channel-0w769rn27nu9o/s-hkfh107oom-1c6i6xw-02n09ss1umivsln4y05wl0qzl/1ucwes7oj5km5rsf969fba16u.o		file	0600	1784153990369036780	7600	3b1777754f5df0b6a0997b4df6a4fe6db3994740898100a54778afdad96ea7c1		exclude	non-evidence	compiled-or-generated-file	
crossbeam-channel-bounded/.specula-output/repro/target-cr5/debug/incremental/crossbeam_channel-0w769rn27nu9o/s-hkfh107oom-1c6i6xw-02n09ss1umivsln4y05wl0qzl/1xd1qrnc8kj6bz3o1s245sxw0.o		file	0600	1784153990375036901	11016	2da2bda296e8f0fc1161e33d81cd05ac7dd6ef31ef0e7e1fabf3dd5a38fe000c		exclude	non-evidence	compiled-or-generated-file	
crossbeam-channel-bounded/.specula-output/repro/target-cr5/debug/incremental/crossbeam_channel-0w769rn27nu9o/s-hkfh107oom-1c6i6xw-02n09ss1umivsln4y05wl0qzl/1xxbsgm6phf2moc334bh84gog.o		file	0600	1784153990379036981	14408	93158a3f96c2940197047b404bef6cb2d9667c1f588ede3fd431e40781c1b682		exclude	non-evidence	compiled-or-generated-file	
crossbeam-channel-bounded/.specula-output/repro/target-cr5/debug/incremental/crossbeam_channel-0w769rn27nu9o/s-hkfh107oom-1c6i6xw-02n09ss1umivsln4y05wl0qzl/204ormkfhqf5jlvwady98uino.o		file	0600	1784153990360036599	9480	8e1ce2beed25b3ee274ebec80492f94f6228d263042be7f296ac7aeb40abe074		exclude	non-evidence	compiled-or-generated-file	
crossbeam-channel-bounded/.specula-output/repro/target-cr5/debug/incremental/crossbeam_channel-0w769rn27nu9o/s-hkfh107oom-1c6i6xw-02n09ss1umivsln4y05wl0qzl/24lq7a8vkjumx80yugf66le81.o		file	0600	1784153990357036538	2936	9aa8a0d926d75f75df6a4c93d71b956d87d0721c0b5b1ee3424b71b96f6c9e1f		exclude	non-evidence	compiled-or-generated-file	
crossbeam-channel-bounded/.specula-output/repro/target-cr5/debug/incremental/crossbeam_channel-0w769rn27nu9o/s-hkfh107oom-1c6i6xw-02n09ss1umivsln4y05wl0qzl/3c80y02tcxpnrlvwyb3oxhbnc.o		file	0600	1784153990376036921	20856	5863effb7d5eb9a6931c9b086c3655d7b7f8ab23bae770e737a2ecf4387ebb0e		exclude	non-evidence	compiled-or-generated-file	
crossbeam-channel-bounded/.specula-output/repro/target-cr5/debug/incremental/crossbeam_channel-0w769rn27nu9o/s-hkfh107oom-1c6i6xw-02n09ss1umivsln4y05wl0qzl/3qmh1ltooyspgh8qptx7zmfas.o		file	0600	1784153990375036901	6472	ed85d48b9dc9a13b47871b6e5be961a09b6c2a7ef6f08eea5006bebcfbdf1b46		exclude	non-evidence	compiled-or-generated-file	
crossbeam-channel-bounded/.specula-output/repro/target-cr5/debug/incremental/crossbeam_channel-0w769rn27nu9o/s-hkfh107oom-1c6i6xw-02n09ss1umivsln4y05wl0qzl/3tf59ynf3ja7h8z4k0zfb4sur.o		file	0600	1784153990374036881	8488	3ea0496587355dd3846630b7fdcfd699bd74d8f226ed68028b668a3998895669		exclude	non-evidence	compiled-or-generated-file	
crossbeam-channel-bounded/.specula-output/repro/target-cr5/debug/incremental/crossbeam_channel-0w769rn27nu9o/s-hkfh107oom-1c6i6xw-02n09ss1umivsln4y05wl0qzl/3vejval0qqpn6i2w179rty1jo.o		file	0600	1784153990358036559	34560	9536210140dcc9ae9cb25539721663855ed09671c185f48f7f894b6c903897ef		exclude	non-evidence	compiled-or-generated-file	
crossbeam-channel-bounded/.specula-output/repro/target-cr5/debug/incremental/crossbeam_channel-0w769rn27nu9o/s-hkfh107oom-1c6i6xw-02n09ss1umivsln4y05wl0qzl/3zcuhtsqhxn1y8qbmp2fskcg3.o		file	0600	1784153990367036740	6024	348351c2630dde3ef8b13f0d9712616120394c3217998b04b9150ebef8e05b39		exclude	non-evidence	compiled-or-generated-file	
crossbeam-channel-bounded/.specula-output/repro/target-cr5/debug/incremental/crossbeam_channel-0w769rn27nu9o/s-hkfh107oom-1c6i6xw-02n09ss1umivsln4y05wl0qzl/46po0dqvwxeqnvqeoc79mb028.o		file	0600	1784153990362036639	23392	71af34cd3e4362e1e859bd76afc945b10f6434aa7449f9b6f2fb4aab519047a7		exclude	non-evidence	compiled-or-generated-file	
crossbeam-channel-bounded/.specula-output/repro/target-cr5/debug/incremental/crossbeam_channel-0w769rn27nu9o/s-hkfh107oom-1c6i6xw-02n09ss1umivsln4y05wl0qzl/4an78s2eujt4vxsx3zf8imb9d.o		file	0600	1784153990381037022	8856	14ff18318be0a90449b7fa56d5e9fbc9dc7409fa229e3d5d5628e26816119593		exclude	non-evidence	compiled-or-generated-file	
crossbeam-channel-bounded/.specula-output/repro/target-cr5/debug/incremental/crossbeam_channel-0w769rn27nu9o/s-hkfh107oom-1c6i6xw-02n09ss1umivsln4y05wl0qzl/4kmwrur7suyemfgnmdvbdijrs.o		file	0600	1784153990371036820	33184	cc7791e54f32d5bc0af513b64f2426e7cff159483ff87ddf1696d2a90040fe72		exclude	non-evidence	compiled-or-generated-file	
crossbeam-channel-bounded/.specula-output/repro/target-cr5/debug/incremental/crossbeam_channel-0w769rn27nu9o/s-hkfh107oom-1c6i6xw-02n09ss1umivsln4y05wl0qzl/4wl1vg8wccq751t4a9uuvdz7o.o		file	0600	1784153990356036518	29360	3fdbb62682538dcb9efa6349daa66c60342b1e3ff9a1f1024c65deb47c434cbf		exclude	non-evidence	compiled-or-generated-file	
crossbeam-channel-bounded/.specula-output/repro/target-cr5/debug/incremental/crossbeam_channel-0w769rn27nu9o/s-hkfh107oom-1c6i6xw-02n09ss1umivsln4y05wl0qzl/4yfg2o3niuwx4h128rv6sliq0.o		file	0600	1784153990374036881	8384	ada340c0c44a8a5f383c30f78efb4aa44a8e6ab25a9d3a904d1f771b7297d0f8		exclude	non-evidence	compiled-or-generated-file	
crossbeam-channel-bounded/.specula-output/repro/target-cr5/debug/incremental/crossbeam_channel-0w769rn27nu9o/s-hkfh107oom-1c6i6xw-02n09ss1umivsln4y05wl0qzl/4zn2sbvnz8gsailkrz998y3qd.o		file	0600	1784153990382037042	10328	6130eb8bc1eac327731bac2fc637680d707a2d3eae8969a3561143afd8f24c20		exclude	non-evidence	compiled-or-generated-file	
crossbeam-channel-bounded/.specula-output/repro/target-cr5/debug/incremental/crossbeam_channel-0w769rn27nu9o/s-hkfh107oom-1c6i6xw-02n09ss1umivsln4y05wl0qzl/5ad79mmmhckljy7ym44qf14jd.o		file	0600	1784153990366036720	5352	dbf8d115b013d0c50a806ff4704b3588dbede08c2a8a643e62098ca2552a4050		exclude	non-evidence	compiled-or-generated-file	
crossbeam-channel-bounded/.specula-output/repro/target-cr5/debug/incremental/crossbeam_channel-0w769rn27nu9o/s-hkfh107oom-1c6i6xw-02n09ss1umivsln4y05wl0qzl/5fpnrm6i5b6is6v7xdup6ubfd.o		file	0600	1784153990374036881	10064	3ddd39649e4c7d5385d4df085744e6824b4e40e8df9a7605df696e92969a3bc9		exclude	non-evidence	compiled-or-generated-file	
crossbeam-channel-bounded/.specula-output/repro/target-cr5/debug/incremental/crossbeam_channel-0w769rn27nu9o/s-hkfh107oom-1c6i6xw-02n09ss1umivsln4y05wl0qzl/6c4lbyvqi7s8qnwclawddbv8v.o		file	0600	1784153990366036720	22784	90ce333221c5c3d484122c64f5e13721c87657fdb7fe5635b175d2ecf3310de9		exclude	non-evidence	compiled-or-generated-file	
crossbeam-channel-bounded/.specula-output/repro/target-cr5/debug/incremental/crossbeam_channel-0w769rn27nu9o/s-hkfh107oom-1c6i6xw-02n09ss1umivsln4y05wl0qzl/6nan974wqk0w922mb2dcezh5y.o		file	0600	1784153990366036720	12504	8601cd25a8b01be099c6411c0d37e154bc0dfee224f66d32a1ea530959f5e6b4		exclude	non-evidence	compiled-or-generated-file	
crossbeam-channel-bounded/.specula-output/repro/target-cr5/debug/incremental/crossbeam_channel-0w769rn27nu9o/s-hkfh107oom-1c6i6xw-02n09ss1umivsln4y05wl0qzl/6osrwkodzwbmvt5iifjgbvsuc.o		file	0600	1784153990361036619	5008	60ca88cda9d7ccc9775e92b817bb10ecaf7b8a890182cac664ea26c6c411f48f		exclude	non-evidence	compiled-or-generated-file	
crossbeam-channel-bounded/.specula-output/repro/target-cr5/debug/incremental/crossbeam_channel-0w769rn27nu9o/s-hkfh107oom-1c6i6xw-02n09ss1umivsln4y05wl0qzl/6voznnnefjgc9v1g5ejouyjeq.o		file	0600	1784153990362036639	3168	505ec3bfce092af7064f033dee707f074efe17d4ee5ffd1929b59aec50cc0495		exclude	non-evidence	compiled-or-generated-file	
crossbeam-channel-bounded/.specula-output/repro/target-cr5/debug/incremental/crossbeam_channel-0w769rn27nu9o/s-hkfh107oom-1c6i6xw-02n09ss1umivsln4y05wl0qzl/6whc7bk8mzxl9g37qzl9olc75.o		file	0600	1784153990355036498	3912	c55b937fff92160fc2a717809961b88ca3898d24ae050b5fa7964dac1edc4ea8		exclude	non-evidence	compiled-or-generated-file	
crossbeam-channel-bounded/.specula-output/repro/target-cr5/debug/incremental/crossbeam_channel-0w769rn27nu9o/s-hkfh107oom-1c6i6xw-02n09ss1umivsln4y05wl0qzl/6yvd4mwhie76vd24bq7zwq2qm.o		file	0600	1784153990373036861	5824	8ee3c71f090545c747cab4bdf6ed98f896646f75e569fcfa794752dac3b9a82d		exclude	non-evidence	compiled-or-generated-file	
crossbeam-channel-bounded/.specula-output/repro/target-cr5/debug/incremental/crossbeam_channel-0w769rn27nu9o/s-hkfh107oom-1c6i6xw-02n09ss1umivsln4y05wl0qzl/74ygnr2ml6ldfh3kbnh6kculy.o		file	0600	1784153990355036498	17088	6addaf075c348d6e7ee224dec64a7431ac7afc2086784befe6c71ab8783e8780		exclude	non-evidence	compiled-or-generated-file	
crossbeam-channel-bounded/.specula-output/repro/target-cr5/debug/incremental/crossbeam_channel-0w769rn27nu9o/s-hkfh107oom-1c6i6xw-02n09ss1umivsln4y05wl0qzl/7amn4pi21brqjlpb4su96ldml.o		file	0600	1784153990379036981	5432	772ea7deffb281d3dbc070adab87dc5fa386486a6d53d7d35f0285b887a56fc4		exclude	non-evidence	compiled-or-generated-file	
crossbeam-channel-bounded/.specula-output/repro/target-cr5/debug/incremental/crossbeam_channel-0w769rn27nu9o/s-hkfh107oom-1c6i6xw-02n09ss1umivsln4y05wl0qzl/7b6qyonpdl6qtasi0d1xk3vuy.o		file	0600	1784153990368036760	22760	f52b78dd721fe6ba2328a2f7377b7b0aff896ba0fefb3cfa76afae3a01957d3c		exclude	non-evidence	compiled-or-generated-file	
crossbeam-channel-bounded/.specula-output/repro/target-cr5/debug/incremental/crossbeam_channel-0w769rn27nu9o/s-hkfh107oom-1c6i6xw-02n09ss1umivsln4y05wl0qzl/7fy74xv3k552xp6rvuduiezbx.o		file	0600	1784153990364036679	39096	ab51e0acc83785f1e2d7ff0e1351bb561616f5a68ccb5a8d54df4e36d1ced403		exclude	non-evidence	compiled-or-generated-file	
crossbeam-channel-bounded/.specula-output/repro/target-cr5/debug/incremental/crossbeam_channel-0w769rn27nu9o/s-hkfh107oom-1c6i6xw-02n09ss1umivsln4y05wl0qzl/85vnfdlyow0sapvwxv0u5gxw4.o		file	0600	1784153990373036861	11072	13bcd248206314ddf22fbd19060f499208ecbfe0802c95d6f875a45037694976		exclude	non-evidence	compiled-or-generated-file	
crossbeam-channel-bounded/.specula-output/repro/target-cr5/debug/incremental/crossbeam_channel-0w769rn27nu9o/s-hkfh107oom-1c6i6xw-02n09ss1umivsln4y05wl0qzl/89d2br4nwgxo4vq7b1d672vwr.o		file	0600	1784153990368036760	7496	7127cb3480e1cbef0725d22ffdea16af909edbf038c3f398e7e1b5d720e73ecb		exclude	non-evidence	compiled-or-generated-file	
crossbeam-channel-bounded/.specula-output/repro/target-cr5/debug/incremental/crossbeam_channel-0w769rn27nu9o/s-hkfh107oom-1c6i6xw-02n09ss1umivsln4y05wl0qzl/8d0vq90ee5jjkqkqrl6efecpg.o		file	0600	1784153990378036961	16752	c9055a20b324920b76ec3626f2c87216d5f6ad7c20ec96b1b3029d1e8267b4d1		exclude	non-evidence	compiled-or-generated-file	
crossbeam-channel-bounded/.specula-output/repro/target-cr5/debug/incremental/crossbeam_channel-0w769rn27nu9o/s-hkfh107oom-1c6i6xw-02n09ss1umivsln4y05wl0qzl/8dhoirle8upawr15kedqv7v5b.o		file	0600	1784153990373036861	26816	7592f70d7f587715b96ad82a6863369c228af928d0101ebe6d6462d38aa1b165		exclude	non-evidence	compiled-or-generated-file	
crossbeam-channel-bounded/.specula-output/repro/target-cr5/debug/incremental/crossbeam_channel-0w769rn27nu9o/s-hkfh107oom-1c6i6xw-02n09ss1umivsln4y05wl0qzl/8gchkep4tuc7z8ibq8d75e6b5.o		file	0600	1784153990382037042	8072	3dd4e4ea917e1222f00e9f9ed10c39f4d3708ffd1221b5ade92c8da440398b6a		exclude	non-evidence	compiled-or-generated-file	
crossbeam-channel-bounded/.specula-output/repro/target-cr5/debug/incremental/crossbeam_channel-0w769rn27nu9o/s-hkfh107oom-1c6i6xw-02n09ss1umivsln4y05wl0qzl/8oxd186eca98e6e8r9i56so75.o		file	0600	1784153990372036840	8864	f9a69f5d04ad968b1b77efaee1eb538b71b63715d5ea7ad8466d08aaee0015ca		exclude	non-evidence	compiled-or-generated-file	
crossbeam-channel-bounded/.specula-output/repro/target-cr5/debug/incremental/crossbeam_channel-0w769rn27nu9o/s-hkfh107oom-1c6i6xw-02n09ss1umivsln4y05wl0qzl/8rm46pcdxuwh4n7dutzpr2tgy.o		file	0600	1784153990375036901	24376	c667119155f715abce8cf67ae94afff4aa210c2258968dfe8d0cec1b9ee5c827		exclude	non-evidence	compiled-or-generated-file	
crossbeam-channel-bounded/.specula-output/repro/target-cr5/debug/incremental/crossbeam_channel-0w769rn27nu9o/s-hkfh107oom-1c6i6xw-02n09ss1umivsln4y05wl0qzl/8zvoymflqpadv5ch7zunu6k4n.o		file	0600	1784153990378036961	4088	f70b111feb23dc94ce2a3041cacac61b6e1ecb4fb505a5a95d43898a5e391ab6		exclude	non-evidence	compiled-or-generated-file	
crossbeam-channel-bounded/.specula-output/repro/target-cr5/debug/incremental/crossbeam_channel-0w769rn27nu9o/s-hkfh107oom-1c6i6xw-02n09ss1umivsln4y05wl0qzl/9epuddh1csn748p53es8ecvqa.o		file	0600	1784153990353036458	18432	483287340a7c4b394b84b1003386784d049bac9a52987a69226ecfb2f633825b		exclude	non-evidence	compiled-or-generated-file	
crossbeam-channel-bounded/.specula-output/repro/target-cr5/debug/incremental/crossbeam_channel-0w769rn27nu9o/s-hkfh107oom-1c6i6xw-02n09ss1umivsln4y05wl0qzl/9i4aavdwx253vi80938ci7gjz.o		file	0600	1784153990353036458	3992	0772c69786d60f487bda2ddf1cdcc08b1ec309905bc4318bedf2af918e5a116a		exclude	non-evidence	compiled-or-generated-file	
crossbeam-channel-bounded/.specula-output/repro/target-cr5/debug/incremental/crossbeam_channel-0w769rn27nu9o/s-hkfh107oom-1c6i6xw-02n09ss1umivsln4y05wl0qzl/9j9wz4es6sv0b15v82e1nrykr.o		file	0600	1784153990352036438	67312	0363937710a819d999c7f1b0d193ab3ba2b618b018b83bf0cec61d70df465ac8		exclude	non-evidence	compiled-or-generated-file	
crossbeam-channel-bounded/.specula-output/repro/target-cr5/debug/incremental/crossbeam_channel-0w769rn27nu9o/s-hkfh107oom-1c6i6xw-02n09ss1umivsln4y05wl0qzl/9r6lh2q6j7ntbg6qz8p8gqila.o		file	0600	1784153990377036941	26448	466b29298cad913753d5d4ca132820f1aa42c671dd50c1965fa45557c6dff168		exclude	non-evidence	compiled-or-generated-file	
crossbeam-channel-bounded/.specula-output/repro/target-cr5/debug/incremental/crossbeam_channel-0w769rn27nu9o/s-hkfh107oom-1c6i6xw-02n09ss1umivsln4y05wl0qzl/a4hhby1fkdb1ke2sobzzpy0xj.o		file	0600	1784153990365036699	29168	8b4533dc0be0433de1960e8cf20f017ced45549fe5304669ad0f23fb13a460bb		exclude	non-evidence	compiled-or-generated-file	
crossbeam-channel-bounded/.specula-output/repro/target-cr5/debug/incremental/crossbeam_channel-0w769rn27nu9o/s-hkfh107oom-1c6i6xw-02n09ss1umivsln4y05wl0qzl/axeltp5d4uizyqsq1tzkyetfl.o		file	0600	1784153990354036478	89704	17d0b05313d74a53d8f394543da4aafd959fd7e1c535431f5edae83bc249c852		exclude	non-evidence	compiled-or-generated-file	
crossbeam-channel-bounded/.specula-output/repro/target-cr5/debug/incremental/crossbeam_channel-0w769rn27nu9o/s-hkfh107oom-1c6i6xw-02n09ss1umivsln4y05wl0qzl/b8hy7evux6ctoapwpe21hvth2.o		file	0600	1784153990363036659	11792	c22d0614e8913492094cafe4865b4bbae51b5ac2823e130d54c97c91c0753c55		exclude	non-evidence	compiled-or-generated-file	
crossbeam-channel-bounded/.specula-output/repro/target-cr5/debug/incremental/crossbeam_channel-0w769rn27nu9o/s-hkfh107oom-1c6i6xw-02n09ss1umivsln4y05wl0qzl/bc24nhju2vyzyb3jo54xihwco.o		file	0600	1784153990359036579	38776	58c55b2d9342c01b5b92ca7027efa2a8498b95b937054cba20b533b0c88fd5c5		exclude	non-evidence	compiled-or-generated-file	
crossbeam-channel-bounded/.specula-output/repro/target-cr5/debug/incremental/crossbeam_channel-0w769rn27nu9o/s-hkfh107oom-1c6i6xw-02n09ss1umivsln4y05wl0qzl/boyinrt5za4e9usbte6xcc7oz.o		file	0600	1784153990381037022	8368	d720bc1ce4ae3347cbf66bc3dee287c956e5b03a91f4ec5b3d96378b25925b8a		exclude	non-evidence	compiled-or-generated-file	
crossbeam-channel-bounded/.specula-output/repro/target-cr5/debug/incremental/crossbeam_channel-0w769rn27nu9o/s-hkfh107oom-1c6i6xw-02n09ss1umivsln4y05wl0qzl/btxmgxu51ear8hr8xeyf19hx3.o		file	0600	1784153990365036699	9656	2a7e00c7079672141e78635360ffa1b070f728225ec4011276b75664a001972c		exclude	non-evidence	compiled-or-generated-file	
crossbeam-channel-bounded/.specula-output/repro/target-cr5/debug/incremental/crossbeam_channel-0w769rn27nu9o/s-hkfh107oom-1c6i6xw-02n09ss1umivsln4y05wl0qzl/c20nsa1asug47ewijvp305t5w.o		file	0600	1784153990369036780	7592	5dff55ca09157d21d9ccabe13e686bd304c118764697f26e31f282383dcdef6b		exclude	non-evidence	compiled-or-generated-file	
crossbeam-channel-bounded/.specula-output/repro/target-cr5/debug/incremental/crossbeam_channel-0w769rn27nu9o/s-hkfh107oom-1c6i6xw-02n09ss1umivsln4y05wl0qzl/cahddz5nxtbi6brd68c10dzoh.o		file	0600	1784153990382037042	8600	f3efeaffc1e4cf0b7e1daa515a2753a0e6b2a1e4e9f0bbb09ae7a3acc9b46e6a		exclude	non-evidence	compiled-or-generated-file	
crossbeam-channel-bounded/.specula-output/repro/target-cr5/debug/incremental/crossbeam_channel-0w769rn27nu9o/s-hkfh107oom-1c6i6xw-02n09ss1umivsln4y05wl0qzl/cb47sfzevsdhyebat0h5zw1kv.o		file	0600	1784153990352036438	6648	dbd415834d7eeedd1647cf95aa0283c874f1c792489380288c3d9e428f4f72fe		exclude	non-evidence	compiled-or-generated-file	
crossbeam-channel-bounded/.specula-output/repro/target-cr5/debug/incremental/crossbeam_channel-0w769rn27nu9o/s-hkfh107oom-1c6i6xw-02n09ss1umivsln4y05wl0qzl/cjtc5w47hzez6zo7njssdwopn.o		file	0600	1784153990377036941	19568	097beebbf8467b7a0f6e7a8453a7d7dafaecf13d4d8c23c680093065c0d094ec		exclude	non-evidence	compiled-or-generated-file	
crossbeam-channel-bounded/.specula-output/repro/target-cr5/debug/incremental/crossbeam_channel-0w769rn27nu9o/s-hkfh107oom-1c6i6xw-02n09ss1umivsln4y05wl0qzl/cludxw3ifa1vepztjdufmdbg0.o		file	0600	1784153990380037002	13704	431dfd0fadec43f20548d79512d76047d2a049136742b5c6ce5aba33979c9d3c		exclude	non-evidence	compiled-or-generated-file	
crossbeam-channel-bounded/.specula-output/repro/target-cr5/debug/incremental/crossbeam_channel-0w769rn27nu9o/s-hkfh107oom-1c6i6xw-02n09ss1umivsln4y05wl0qzl/coi54bp4azfu4ln1h90fy6h4s.o		file	0600	1784153990379036981	4216	5b2c2abfe167f767fb5e72fa7bd23d54cc3eb61323077bf9f481ff97947c7f03		exclude	non-evidence	compiled-or-generated-file	
crossbeam-channel-bounded/.specula-output/repro/target-cr5/debug/incremental/crossbeam_channel-0w769rn27nu9o/s-hkfh107oom-1c6i6xw-02n09ss1umivsln4y05wl0qzl/d6g9nz7cf61e09mwm3zkwmq7i.o		file	0600	1784153990376036921	6544	f42da8af0cef9dc7d9fb1d6d1d554fcdf27e40e7893e39299f5444a7d77a38a8		exclude	non-evidence	compiled-or-generated-file	
crossbeam-channel-bounded/.specula-output/repro/target-cr5/debug/incremental/crossbeam_channel-0w769rn27nu9o/s-hkfh107oom-1c6i6xw-02n09ss1umivsln4y05wl0qzl/dep-graph.bin	crossbeam-channel-bounded/.specula-output/repro/target-cr5/debug/incremental/crossbeam_channel-0w769rn27nu9o/s-hkfh107oom-1c6i6xw-02n09ss1umivsln4y05wl0qzl/dep-graph.bin	file	0600	1784153990388037163	5303545	55fa89234b92e60bbe92c28a028c5d5aecd96ebf257c8e1338a50010f00ffc61		copy	run-evidence		
crossbeam-channel-bounded/.specula-output/repro/target-cr5/debug/incremental/crossbeam_channel-0w769rn27nu9o/s-hkfh107oom-1c6i6xw-02n09ss1umivsln4y05wl0qzl/dpme8uafxveou46uqbl35l2jf.o		file	0600	1784153990368036760	25832	6941c5691bcb73df3dff9e19f5947cf90f307041c2e67c2e6ad5f0d47078fcdd		exclude	non-evidence	compiled-or-generated-file	
crossbeam-channel-bounded/.specula-output/repro/target-cr5/debug/incremental/crossbeam_channel-0w769rn27nu9o/s-hkfh107oom-1c6i6xw-02n09ss1umivsln4y05wl0qzl/dsb5iplsznf65edt77bupic5h.o		file	0600	1784153990348036357	2720	dc53814f9097a317d4548708bc37b1adb94d9d52a3fcef01c2bf350983dfef6f		exclude	non-evidence	compiled-or-generated-file	
crossbeam-channel-bounded/.specula-output/repro/target-cr5/debug/incremental/crossbeam_channel-0w769rn27nu9o/s-hkfh107oom-1c6i6xw-02n09ss1umivsln4y05wl0qzl/dvqalzs2vinbzrqwtwc7wfnyu.o		file	0600	1784153990383037062	7368	0f85ceff3e1874e717ddcd1ab9e2fce10de2a89fc63e083950a6d64cb1e04895		exclude	non-evidence	compiled-or-generated-file	
crossbeam-channel-bounded/.specula-output/repro/target-cr5/debug/incremental/crossbeam_channel-0w769rn27nu9o/s-hkfh107oom-1c6i6xw-02n09ss1umivsln4y05wl0qzl/dyj67p6dfw4f595tp5s5u46co.o		file	0600	1784153990346036317	3960	334dea90e654bbfead9f1a72856ec39ab048b2383818654d69a78fd2d654ef0a		exclude	non-evidence	compiled-or-generated-file	
crossbeam-channel-bounded/.specula-output/repro/target-cr5/debug/incremental/crossbeam_channel-0w769rn27nu9o/s-hkfh107oom-1c6i6xw-02n09ss1umivsln4y05wl0qzl/e2etr651x8bk3vl2httn0e86u.o		file	0600	1784153990360036599	5832	bce6ee1364d9f53fa11669bfc9f4580a44de789544d848d75757fd1884d3983b		exclude	non-evidence	compiled-or-generated-file	
crossbeam-channel-bounded/.specula-output/repro/target-cr5/debug/incremental/crossbeam_channel-0w769rn27nu9o/s-hkfh107oom-1c6i6xw-02n09ss1umivsln4y05wl0qzl/ef6yrnfsxfl6t9v5fcf7pv545.o		file	0600	1784153990383037062	8544	ae3e0501cd15d0ec8ca22269b4213643ca54dcb2f0af42e3b20835c6eb5e949e		exclude	non-evidence	compiled-or-generated-file	
crossbeam-channel-bounded/.specula-output/repro/target-cr5/debug/incremental/crossbeam_channel-0w769rn27nu9o/s-hkfh107oom-1c6i6xw-02n09ss1umivsln4y05wl0qzl/ekelbsp4aynhg8ajp7obwdsko.o		file	0600	1784153990350036397	67208	24f5988bcbf4e24db00948ca95be6473135bc4646f3e523732d0064177497b92		exclude	non-evidence	compiled-or-generated-file	
crossbeam-channel-bounded/.specula-output/repro/target-cr5/debug/incremental/crossbeam_channel-0w769rn27nu9o/s-hkfh107oom-1c6i6xw-02n09ss1umivsln4y05wl0qzl/eqh26s5fx9rpca7cvrh04gqbi.o		file	0600	1784153990379036981	5032	dd86e4a748d3e85e506a72fe1f2a1c981060b34bb54552879ab06163b7aa0d78		exclude	non-evidence	compiled-or-generated-file	
crossbeam-channel-bounded/.specula-output/repro/target-cr5/debug/incremental/crossbeam_channel-0w769rn27nu9o/s-hkfh107oom-1c6i6xw-02n09ss1umivsln4y05wl0qzl/eth8ng3jusruchtl919mhu243.o		file	0600	1784153990381037022	12672	5aa26a9a0f3668017c04ca3beb7b7a50b4f0e1fdfb1a7b23a796f7e0c8b3d898		exclude	non-evidence	compiled-or-generated-file	
crossbeam-channel-bounded/.specula-output/repro/target-cr5/debug/incremental/crossbeam_channel-0w769rn27nu9o/s-hkfh107oom-1c6i6xw-02n09ss1umivsln4y05wl0qzl/f0wqan364rz2dk59iwgsupw3n.o		file	0600	1784153990351036418	3200	4a4377a61e056b697b79b030bf6512f354284ca1cce6664e540ed38edf93e080		exclude	non-evidence	compiled-or-generated-file	
crossbeam-channel-bounded/.specula-output/repro/target-cr5/debug/incremental/crossbeam_channel-0w769rn27nu9o/s-hkfh107oom-1c6i6xw-02n09ss1umivsln4y05wl0qzl/metadata.rmeta	crossbeam-channel-bounded/.specula-output/repro/target-cr5/debug/incremental/crossbeam_channel-0w769rn27nu9o/s-hkfh107oom-1c6i6xw-02n09ss1umivsln4y05wl0qzl/metadata.rmeta	file	0600	1784153990342036236	745458	c09bf48e1aebbda7e19648b7e26461f873c8ee5daa1cfe5af6ca082d2d5fbdfd		copy	run-evidence		
crossbeam-channel-bounded/.specula-output/repro/target-cr5/debug/incremental/crossbeam_channel-0w769rn27nu9o/s-hkfh107oom-1c6i6xw-02n09ss1umivsln4y05wl0qzl/query-cache.bin	crossbeam-channel-bounded/.specula-output/repro/target-cr5/debug/incremental/crossbeam_channel-0w769rn27nu9o/s-hkfh107oom-1c6i6xw-02n09ss1umivsln4y05wl0qzl/query-cache.bin	file	0600	1784153990388037163	2207008	68aa3bc99e0f1f2d1bb9b4c0f3497722138d7772d45d9053baec60f7e82aeb1e		copy	run-evidence		
crossbeam-channel-bounded/.specula-output/repro/target-cr5/debug/incremental/crossbeam_channel-0w769rn27nu9o/s-hkfh107oom-1c6i6xw-02n09ss1umivsln4y05wl0qzl/work-products.bin	crossbeam-channel-bounded/.specula-output/repro/target-cr5/debug/incremental/crossbeam_channel-0w769rn27nu9o/s-hkfh107oom-1c6i6xw-02n09ss1umivsln4y05wl0qzl/work-products.bin	file	0600	1784153990393037264	5192	f147b47eaa1f61cd3c3b04856edd579b19e44facb6a754ecf4ade162fe980fd7		copy	run-evidence		
crossbeam-channel-bounded/.specula-output/repro/target-cr5/debug/incremental/crossbeam_channel-0w769rn27nu9o/s-hkfh107oom-1c6i6xw.lock	crossbeam-channel-bounded/.specula-output/repro/target-cr5/debug/incremental/crossbeam_channel-0w769rn27nu9o/s-hkfh107oom-1c6i6xw.lock	file	0600	1784153990097031301	0	e3b0c44298fc1c149afbf4c8996fb92427ae41e4649b934ca495991b7852b855		copy	run-evidence		
crossbeam-channel-bounded/.specula-output/repro/target-cr5/debug/incremental/crossbeam_utils-2u6uedclg4h13	crossbeam-channel-bounded/.specula-output/repro/target-cr5/debug/incremental/crossbeam_utils-2u6uedclg4h13	directory	0700	1784153990135032067				mkdir	run-directory		
crossbeam-channel-bounded/.specula-output/repro/target-cr5/debug/incremental/crossbeam_utils-2u6uedclg4h13/s-hkfh101yid-076kt7q-1wv4ozrb2frii1iy6thlsqanz	crossbeam-channel-bounded/.specula-output/repro/target-cr5/debug/incremental/crossbeam_utils-2u6uedclg4h13/s-hkfh101yid-076kt7q-1wv4ozrb2frii1iy6thlsqanz	directory	0700	1784153990135032067				mkdir	run-directory		
crossbeam-channel-bounded/.specula-output/repro/target-cr5/debug/incremental/crossbeam_utils-2u6uedclg4h13/s-hkfh101yid-076kt7q-1wv4ozrb2frii1iy6thlsqanz/0lpaqk0q7fs606zo1ue6g1kxy.o		file	0600	1784153990118031724	7648	826f5908f8cb7484c83d8f909855b1fb309e9f5c4d435d92ca66f1d82227b703		exclude	non-evidence	compiled-or-generated-file	
crossbeam-channel-bounded/.specula-output/repro/target-cr5/debug/incremental/crossbeam_utils-2u6uedclg4h13/s-hkfh101yid-076kt7q-1wv4ozrb2frii1iy6thlsqanz/0w5jyl4fhrjb30q5dmeldchwa.o		file	0600	1784153990117031704	14224	b45dab08768d8d5ce6c3e30b704a23c1a47c60441d6662ec3ccee8571425f19d		exclude	non-evidence	compiled-or-generated-file	
crossbeam-channel-bounded/.specula-output/repro/target-cr5/debug/incremental/crossbeam_utils-2u6uedclg4h13/s-hkfh101yid-076kt7q-1wv4ozrb2frii1iy6thlsqanz/104rdy0nwvv2mewjnml1d7n7o.o		file	0600	1784153990102031402	13152	9e8d4378b8d720fd3fb9737e7b2dbf025c1c84ec841e5316e569b16514f4c440		exclude	non-evidence	compiled-or-generated-file	
crossbeam-channel-bounded/.specula-output/repro/target-cr5/debug/incremental/crossbeam_utils-2u6uedclg4h13/s-hkfh101yid-076kt7q-1wv4ozrb2frii1iy6thlsqanz/187di8eyt5dbqy64nlmkbmque.o		file	0600	1784153990122031805	4256	8f6ed63ae2b3a672df611fa76d1ade5a4b58faa69f22c8cb4f60b92b5094a0ba		exclude	non-evidence	compiled-or-generated-file	
crossbeam-channel-bounded/.specula-output/repro/target-cr5/debug/incremental/crossbeam_utils-2u6uedclg4h13/s-hkfh101yid-076kt7q-1wv4ozrb2frii1iy6thlsqanz/1msvwqxdqwk899flrp8jcsn7k.o		file	0600	1784153990092031201	3280	f4d9bf337f46a75c6a183804be6163a4a61664920af8a7a446d18af901545aae		exclude	non-evidence	compiled-or-generated-file	
crossbeam-channel-bounded/.specula-output/repro/target-cr5/debug/incremental/crossbeam_utils-2u6uedclg4h13/s-hkfh101yid-076kt7q-1wv4ozrb2frii1iy6thlsqanz/2ct1zurr5y2l03hkkgkfaiapn.o		file	0600	1784153990102031402	3312	ceff8a3ee4cb11c53ec3ae18387ffbf4d981ad055bc02b48ee3e39f151d0bbfc		exclude	non-evidence	compiled-or-generated-file	
crossbeam-channel-bounded/.specula-output/repro/target-cr5/debug/incremental/crossbeam_utils-2u6uedclg4h13/s-hkfh101yid-076kt7q-1wv4ozrb2frii1iy6thlsqanz/2gc3pz3befj0lra15kxxgenib.o		file	0600	1784153990103031422	7288	e952588af60c52ecbfa31f710aaafde58bc7e44fbd114e78cd4ec82541d1c2d2		exclude	non-evidence	compiled-or-generated-file	
crossbeam-channel-bounded/.specula-output/repro/target-cr5/debug/incremental/crossbeam_utils-2u6uedclg4h13/s-hkfh101yid-076kt7q-1wv4ozrb2frii1iy6thlsqanz/2r195oa4kycju4izk8r9ndtx3.o		file	0600	1784153990111031583	5824	6b8675de7b8640d6073c1c1da1734943d77c83784cb1bc5ef1f645f2e04ec851		exclude	non-evidence	compiled-or-generated-file	
crossbeam-channel-bounded/.specula-output/repro/target-cr5/debug/incremental/crossbeam_utils-2u6uedclg4h13/s-hkfh101yid-076kt7q-1wv4ozrb2frii1iy6thlsqanz/2tgjknkxfsrk0jff7ghvfloa3.o		file	0600	1784153990121031785	8528	1778a14847b32856166f4584952fe3e156e82eafc557b947ba63d2bea9f634f3		exclude	non-evidence	compiled-or-generated-file	
crossbeam-channel-bounded/.specula-output/repro/target-cr5/debug/incremental/crossbeam_utils-2u6uedclg4h13/s-hkfh101yid-076kt7q-1wv4ozrb2frii1iy6thlsqanz/3cj0crurr9wvy5wi6eamjdwec.o		file	0600	1784153990117031704	20608	b1dccda95e402dd4a6f91c1e378ba095a754df51f570a66ff6ed6d1653ce13b8		exclude	non-evidence	compiled-or-generated-file	
crossbeam-channel-bounded/.specula-output/repro/target-cr5/debug/incremental/crossbeam_utils-2u6uedclg4h13/s-hkfh101yid-076kt7q-1wv4ozrb2frii1iy6thlsqanz/3ljzyi41kraxdulge4p51ru7t.o		file	0600	1784153990115031664	27456	508077bc6e14b83c59fe6744717a665c1653f4eeb80551b941470b6656ade37c		exclude	non-evidence	compiled-or-generated-file	
crossbeam-channel-bounded/.specula-output/repro/target-cr5/debug/incremental/crossbeam_utils-2u6uedclg4h13/s-hkfh101yid-076kt7q-1wv4ozrb2frii1iy6thlsqanz/4eyn8zb2tfhrsff6txawhnkt0.o		file	0600	1784153990122031805	4216	31510e12c7af206b8712bf89b696e99c9b0ec04db3abd46e82763c9c027bd8e6		exclude	non-evidence	compiled-or-generated-file	
crossbeam-channel-bounded/.specula-output/repro/target-cr5/debug/incremental/crossbeam_utils-2u6uedclg4h13/s-hkfh101yid-076kt7q-1wv4ozrb2frii1iy6thlsqanz/5myi4wvbozqugngmglrf57h7t.o		file	0600	1784153990095031261	56784	43c51c3bd10c2d4ebe90120cc304fbc408cabd998b073ffa8f18d7b08d44dc52		exclude	non-evidence	compiled-or-generated-file	
crossbeam-channel-bounded/.specula-output/repro/target-cr5/debug/incremental/crossbeam_utils-2u6uedclg4h13/s-hkfh101yid-076kt7q-1wv4ozrb2frii1iy6thlsqanz/5ny1i656jxmuuson58nm1jc90.o		file	0600	1784153990105031462	22472	ae197510bc1cad44d3c1517e923b79e49e06a51dd1afb3f517e40267046a5e12		exclude	non-evidence	compiled-or-generated-file	
crossbeam-channel-bounded/.specula-output/repro/target-cr5/debug/incremental/crossbeam_utils-2u6uedclg4h13/s-hkfh101yid-076kt7q-1wv4ozrb2frii1iy6thlsqanz/5osy7juw1nnr2ddjvpw3hokkw.o		file	0600	1784153990117031704	8864	e7178054595ccb111551877672134aed267c8fcd115e9817968372c69aaed482		exclude	non-evidence	compiled-or-generated-file	
crossbeam-channel-bounded/.specula-output/repro/target-cr5/debug/incremental/crossbeam_utils-2u6uedclg4h13/s-hkfh101yid-076kt7q-1wv4ozrb2frii1iy6thlsqanz/5zbglr7jxt261jzhjvjecog7y.o		file	0600	1784153990120031765	7352	caf0d85bad1e543f5e3fd40a00b3222099e71d7402fe0dff4a78dcb3bd5ee675		exclude	non-evidence	compiled-or-generated-file	
crossbeam-channel-bounded/.specula-output/repro/target-cr5/debug/incremental/crossbeam_utils-2u6uedclg4h13/s-hkfh101yid-076kt7q-1wv4ozrb2frii1iy6thlsqanz/5zo389xn1wxfexzgsjnbut0iy.o		file	0600	1784153990099031342	3360	8f1df54eba3ca5efcf143805ea0cb4c2ad05bbbfd6ab3eb34679207167423a07		exclude	non-evidence	compiled-or-generated-file	
crossbeam-channel-bounded/.specula-output/repro/target-cr5/debug/incremental/crossbeam_utils-2u6uedclg4h13/s-hkfh101yid-076kt7q-1wv4ozrb2frii1iy6thlsqanz/6cuq3sxcejgr190qy9z0lwuph.o		file	0600	1784153990109031543	11736	cdff1d8ba9276143fb24c0b90c17c16089ab7bc149128518c9d88f779465fc13		exclude	non-evidence	compiled-or-generated-file	
crossbeam-channel-bounded/.specula-output/repro/target-cr5/debug/incremental/crossbeam_utils-2u6uedclg4h13/s-hkfh101yid-076kt7q-1wv4ozrb2frii1iy6thlsqanz/6g525rf15zeq9p97i9b9r0bm5.o		file	0600	1784153990107031503	6144	59d8f1bc01c96e99b7a2990f6cae3c29ce64b66db4065e266cf1aa88bba49dbf		exclude	non-evidence	compiled-or-generated-file	
crossbeam-channel-bounded/.specula-output/repro/target-cr5/debug/incremental/crossbeam_utils-2u6uedclg4h13/s-hkfh101yid-076kt7q-1wv4ozrb2frii1iy6thlsqanz/6lq0vpp1sogwk4k1013tkcox6.o		file	0600	1784153990107031503	25832	068aadc1e48243ea77828bd16070d769ff9acc86b4904b000c16fc59caa66be1		exclude	non-evidence	compiled-or-generated-file	
crossbeam-channel-bounded/.specula-output/repro/target-cr5/debug/incremental/crossbeam_utils-2u6uedclg4h13/s-hkfh101yid-076kt7q-1wv4ozrb2frii1iy6thlsqanz/6n6onckv5bierwmygzfg9y4fq.o		file	0600	1784153990113031624	10448	46c26f7819f6bbc97339ef9c06ca3fc51800c896428fc1c2db1f1018a87f34d3		exclude	non-evidence	compiled-or-generated-file	
crossbeam-channel-bounded/.specula-output/repro/target-cr5/debug/incremental/crossbeam_utils-2u6uedclg4h13/s-hkfh101yid-076kt7q-1wv4ozrb2frii1iy6thlsqanz/6qblh98q8orutr5049pyczwoh.o		file	0600	1784153990109031543	25248	711e2ff0bebfc43f8dece959bdf4202a993f0ebc7ba96f7c67f00390a0ae8c8c		exclude	non-evidence	compiled-or-generated-file	
crossbeam-channel-bounded/.specula-output/repro/target-cr5/debug/incremental/crossbeam_utils-2u6uedclg4h13/s-hkfh101yid-076kt7q-1wv4ozrb2frii1iy6thlsqanz/6ywdss25k8v55p32x9emhr8j7.o		file	0600	1784153990109031543	7376	e8183d43492559fe7603fb5043a5393f3edcbb691864f4dac600d3df35a2e08c		exclude	non-evidence	compiled-or-generated-file	
crossbeam-channel-bounded/.specula-output/repro/target-cr5/debug/incremental/crossbeam_utils-2u6uedclg4h13/s-hkfh101yid-076kt7q-1wv4ozrb2frii1iy6thlsqanz/72pfpg92rgwqazodwlro4lgtv.o		file	0600	1784153990098031322	4824	1357c8c3d7090dce75a39161dea1cf8240812891b62db572fa8ca327dcf1d0e3		exclude	non-evidence	compiled-or-generated-file	
crossbeam-channel-bounded/.specula-output/repro/target-cr5/debug/incremental/crossbeam_utils-2u6uedclg4h13/s-hkfh101yid-076kt7q-1wv4ozrb2frii1iy6thlsqanz/74zxoqyi3eo8ls9etatbk97h3.o		file	0600	1784153990122031805	6544	a6050dfb681d0aab9734df9f310a78070a91fdae70ac012d32b88c434915f37f		exclude	non-evidence	compiled-or-generated-file	
crossbeam-channel-bounded/.specula-output/repro/target-cr5/debug/incremental/crossbeam_utils-2u6uedclg4h13/s-hkfh101yid-076kt7q-1wv4ozrb2frii1iy6thlsqanz/79voi6d2plxdztdewsok2em7h.o		file	0600	1784153990106031482	5352	3c16d6463a71c7d78124d379c54c62972066e9852bd0693101961353a744a854		exclude	non-evidence	compiled-or-generated-file	
crossbeam-channel-bounded/.specula-output/repro/target-cr5/debug/incremental/crossbeam_utils-2u6uedclg4h13/s-hkfh101yid-076kt7q-1wv4ozrb2frii1iy6thlsqanz/7ff4gi58bpkp1ad1321frgofu.o		file	0600	1784153990121031785	10696	1789c23be89a808ba07e6e34f236183898d409d91e59162d904c21342b9a7b35		exclude	non-evidence	compiled-or-generated-file	
crossbeam-channel-bounded/.specula-output/repro/target-cr5/debug/incremental/crossbeam_utils-2u6uedclg4h13/s-hkfh101yid-076kt7q-1wv4ozrb2frii1iy6thlsqanz/7ktvldhcpmtjaj7t31k2hi3jj.o		file	0600	1784153990109031543	5448	4a57e6590b1efcd14d1dccb36a177585de96e25d32791abfdd9706afc72111e9		exclude	non-evidence	compiled-or-generated-file	
crossbeam-channel-bounded/.specula-output/repro/target-cr5/debug/incremental/crossbeam_utils-2u6uedclg4h13/s-hkfh101yid-076kt7q-1wv4ozrb2frii1iy6thlsqanz/7ohpc0fqhe6p1ppp6usgtpuaf.o		file	0600	1784153990103031422	43744	d811f04c1843378a2f131effc4e05fa2e50c2f5ebeec156501404d5412157295		exclude	non-evidence	compiled-or-generated-file	
crossbeam-channel-bounded/.specula-output/repro/target-cr5/debug/incremental/crossbeam_utils-2u6uedclg4h13/s-hkfh101yid-076kt7q-1wv4ozrb2frii1iy6thlsqanz/9gvkbzaldflw37a0ttyzay4t3.o		file	0600	1784153990115031664	9464	accaec5d3f4773ec2f9b6afedec09cbc0db69bd91f8ed55f3722bdc52284dcf8		exclude	non-evidence	compiled-or-generated-file	
crossbeam-channel-bounded/.specula-output/repro/target-cr5/debug/incremental/crossbeam_utils-2u6uedclg4h13/s-hkfh101yid-076kt7q-1wv4ozrb2frii1iy6thlsqanz/9lb0zxsbmqt7bom9btrmsxzag.o		file	0600	1784153990110031563	16600	e74828f852286ce43cce4a78c3b1ada0e2cc8f29cf943e20a671f94144812e4c		exclude	non-evidence	compiled-or-generated-file	
crossbeam-channel-bounded/.specula-output/repro/target-cr5/debug/incremental/crossbeam_utils-2u6uedclg4h13/s-hkfh101yid-076kt7q-1wv4ozrb2frii1iy6thlsqanz/9potvxk68sqn5n71rwuux10v6.o		file	0600	1784153990117031704	5120	24353e388f4111afb087237fd1a9e56f9553662e26c61e8c36c699a4c4ef15a1		exclude	non-evidence	compiled-or-generated-file	
crossbeam-channel-bounded/.specula-output/repro/target-cr5/debug/incremental/crossbeam_utils-2u6uedclg4h13/s-hkfh101yid-076kt7q-1wv4ozrb2frii1iy6thlsqanz/9r24az1j54lkrgboinrl70200.o		file	0600	1784153990118031724	9848	7628292b66bb1572e85999134446d8770356fafc382b6ecb63cbab3139b88f04		exclude	non-evidence	compiled-or-generated-file	
crossbeam-channel-bounded/.specula-output/repro/target-cr5/debug/incremental/crossbeam_utils-2u6uedclg4h13/s-hkfh101yid-076kt7q-1wv4ozrb2frii1iy6thlsqanz/9rwf28dom8pl20jhjxvb7doc0.o		file	0600	1784153990114031644	22592	a29a68e3934ca850f81d6e81c282e7dfa0202885b75e6ef19080d48dca4cb8be		exclude	non-evidence	compiled-or-generated-file	
crossbeam-channel-bounded/.specula-output/repro/target-cr5/debug/incremental/crossbeam_utils-2u6uedclg4h13/s-hkfh101yid-076kt7q-1wv4ozrb2frii1iy6thlsqanz/a7dgq6txu79xakvn6vc0uaoo9.o		file	0600	1784153990103031422	46488	c232506d2dc7883f5958dce265da2c96dcb478c9559254daa4fabba4c52b6fb1		exclude	non-evidence	compiled-or-generated-file	
crossbeam-channel-bounded/.specula-output/repro/target-cr5/debug/incremental/crossbeam_utils-2u6uedclg4h13/s-hkfh101yid-076kt7q-1wv4ozrb2frii1iy6thlsqanz/achrbouoh9qapp8tf7vz714mi.o		file	0600	1784153990109031543	14552	aa44e0ddce0530aebd65288ad6589df3fa389017ef8c22ad3e7fdc78b0eb87b5		exclude	non-evidence	compiled-or-generated-file	
crossbeam-channel-bounded/.specula-output/repro/target-cr5/debug/incremental/crossbeam_utils-2u6uedclg4h13/s-hkfh101yid-076kt7q-1wv4ozrb2frii1iy6thlsqanz/adzwpav5d58ofw6zfig4ki344.o		file	0600	1784153990096031281	20216	48e79d9a0d4c8f8a302def4c8a6605e9c3e0ac6f7c98bd9821db87afb130e846		exclude	non-evidence	compiled-or-generated-file	
crossbeam-channel-bounded/.specula-output/repro/target-cr5/debug/incremental/crossbeam_utils-2u6uedclg4h13/s-hkfh101yid-076kt7q-1wv4ozrb2frii1iy6thlsqanz/afqudyj05qzd3nhxmukthwu9f.o		file	0600	1784153990104031442	3368	d2dde4b0ec948665daa443cbc66077fea8eb064c6a511e491120b3890468ebf2		exclude	non-evidence	compiled-or-generated-file	
crossbeam-channel-bounded/.specula-output/repro/target-cr5/debug/incremental/crossbeam_utils-2u6uedclg4h13/s-hkfh101yid-076kt7q-1wv4ozrb2frii1iy6thlsqanz/am38jecghi2hq2ylo8qcukzgu.o		file	0600	1784153990119031744	10840	75c700e87d35482c61f14aab74499794035f9c8aa2cc16b9ad6872aaceace5fc		exclude	non-evidence	compiled-or-generated-file	
crossbeam-channel-bounded/.specula-output/repro/target-cr5/debug/incremental/crossbeam_utils-2u6uedclg4h13/s-hkfh101yid-076kt7q-1wv4ozrb2frii1iy6thlsqanz/amyedtb3zk4lpqnd21hs1n7i9.o		file	0600	1784153990119031744	10496	1c683241b0c0be986d5e17653a6a6efb5ddc0cdf25a7e75833d435afea35d6ce		exclude	non-evidence	compiled-or-generated-file	
crossbeam-channel-bounded/.specula-output/repro/target-cr5/debug/incremental/crossbeam_utils-2u6uedclg4h13/s-hkfh101yid-076kt7q-1wv4ozrb2frii1iy6thlsqanz/axyqx71kb4b9g8n57qd2j2mbq.o		file	0600	1784153990122031805	5032	49362760c12af8876d6abd41e62ac5759602dfb12723006fe9245a78b41c2ea8		exclude	non-evidence	compiled-or-generated-file	
crossbeam-channel-bounded/.specula-output/repro/target-cr5/debug/incremental/crossbeam_utils-2u6uedclg4h13/s-hkfh101yid-076kt7q-1wv4ozrb2frii1iy6thlsqanz/aza9ifdtmvds9fva06ufzbo3o.o		file	0600	1784153990117031704	4856	92163192a9bc416c5d08a838487cbe890f780a0176593a82acf39567219389db		exclude	non-evidence	compiled-or-generated-file	
crossbeam-channel-bounded/.specula-output/repro/target-cr5/debug/incremental/crossbeam_utils-2u6uedclg4h13/s-hkfh101yid-076kt7q-1wv4ozrb2frii1iy6thlsqanz/b7n3gcusw5yhnkoqhzijlgb7q.o		file	0600	1784153990111031583	21632	2110aefd8fa9b0f06b85ae160e582baa0cf76e18fa9d809ee162d7d777391895		exclude	non-evidence	compiled-or-generated-file	
crossbeam-channel-bounded/.specula-output/repro/target-cr5/debug/incremental/crossbeam_utils-2u6uedclg4h13/s-hkfh101yid-076kt7q-1wv4ozrb2frii1iy6thlsqanz/ba2x2bcppc27czu8js277l19m.o		file	0600	1784153990105031462	12728	8d6b44bc0911ab6a4e77a09a4041021a0b4273be04a81f4d1eca8811a150de71		exclude	non-evidence	compiled-or-generated-file	
crossbeam-channel-bounded/.specula-output/repro/target-cr5/debug/incremental/crossbeam_utils-2u6uedclg4h13/s-hkfh101yid-076kt7q-1wv4ozrb2frii1iy6thlsqanz/bmjaqzajk27risyaatorel6p3.o		file	0600	1784153990111031583	3000	42c5b16e75b0bb0bc4d8c66f4c3ae3272400e5b181f2fbbecfd952e20c1ad7cc		exclude	non-evidence	compiled-or-generated-file	
crossbeam-channel-bounded/.specula-output/repro/target-cr5/debug/incremental/crossbeam_utils-2u6uedclg4h13/s-hkfh101yid-076kt7q-1wv4ozrb2frii1iy6thlsqanz/btop5hxxlz502420ne76acekc.o		file	0600	1784153990114031644	11720	92b5dc972f7472508bdcdc4eb8253a36ae3d1720ac9c6fb47236c37e4274e792		exclude	non-evidence	compiled-or-generated-file	
crossbeam-channel-bounded/.specula-output/repro/target-cr5/debug/incremental/crossbeam_utils-2u6uedclg4h13/s-hkfh101yid-076kt7q-1wv4ozrb2frii1iy6thlsqanz/bvx5yzzalo56oedh69ppa5ogs.o		file	0600	1784153990090031160	22352	45be94dcddcb85cf36e1975ac96e1c051a9ff34e800082a79e4b7cd2198fcf08		exclude	non-evidence	compiled-or-generated-file	
crossbeam-channel-bounded/.specula-output/repro/target-cr5/debug/incremental/crossbeam_utils-2u6uedclg4h13/s-hkfh101yid-076kt7q-1wv4ozrb2frii1iy6thlsqanz/bzevq1p6t7rhvda8sa8spuqjs.o		file	0600	1784153990106031482	25112	bfd88ce658f49f4956a35e08655f7f75bd2fe0bd3ad602b2c25ba98ef05f95f7		exclude	non-evidence	compiled-or-generated-file	
crossbeam-channel-bounded/.specula-output/repro/target-cr5/debug/incremental/crossbeam_utils-2u6uedclg4h13/s-hkfh101yid-076kt7q-1wv4ozrb2frii1iy6thlsqanz/c2g766rzq2m5j5mmfq3f7gjxe.o		file	0600	1784153990120031765	8368	222369871194d9084aa1789b6201dc148907a18f5b672cb6377e18c7089125c6		exclude	non-evidence	compiled-or-generated-file	
crossbeam-channel-bounded/.specula-output/repro/target-cr5/debug/incremental/crossbeam_utils-2u6uedclg4h13/s-hkfh101yid-076kt7q-1wv4ozrb2frii1iy6thlsqanz/c4l5ej3gi85v7v8oyu3jptzul.o		file	0600	1784153990122031805	3528	0dba4a78d7d62271374b7951881e006b08c29d5dcb313a4b299875786137f013		exclude	non-evidence	compiled-or-generated-file	
crossbeam-channel-bounded/.specula-output/repro/target-cr5/debug/incremental/crossbeam_utils-2u6uedclg4h13/s-hkfh101yid-076kt7q-1wv4ozrb2frii1iy6thlsqanz/c9ep6bnpaf08ddv2c9w9eg4aq.o		file	0600	1784153990108031523	4544	0bd8c9a1f61a3c1b8dc67da274d2b0be503b012c2b6bef64ad9e9cec8cff3b78		exclude	non-evidence	compiled-or-generated-file	
crossbeam-channel-bounded/.specula-output/repro/target-cr5/debug/incremental/crossbeam_utils-2u6uedclg4h13/s-hkfh101yid-076kt7q-1wv4ozrb2frii1iy6thlsqanz/cao4r9xx9uy84jqed6cfd2el5.o		file	0600	1784153990089031140	2712	7b31ca471a96c33254ffea639e0d03686eadc3ef2db0df130df135d8f24f9c71		exclude	non-evidence	compiled-or-generated-file	
crossbeam-channel-bounded/.specula-output/repro/target-cr5/debug/incremental/crossbeam_utils-2u6uedclg4h13/s-hkfh101yid-076kt7q-1wv4ozrb2frii1iy6thlsqanz/ccyfpk2m0tju48repeolaaxm5.o		file	0600	1784153990113031624	14760	0dd45159221d126efaf3116250fdc441f62ec77c004aee28ac3eea8fde5770b1		exclude	non-evidence	compiled-or-generated-file	
crossbeam-channel-bounded/.specula-output/repro/target-cr5/debug/incremental/crossbeam_utils-2u6uedclg4h13/s-hkfh101yid-076kt7q-1wv4ozrb2frii1iy6thlsqanz/ckhiwrjf23rpd83kl4xx2sn6o.o		file	0600	1784153990123031825	8760	6f2915a9b056400ccfdd7ebbfab891d9ca9bbf2a97b810476c6f1fbf80b1ff95		exclude	non-evidence	compiled-or-generated-file	
crossbeam-channel-bounded/.specula-output/repro/target-cr5/debug/incremental/crossbeam_utils-2u6uedclg4h13/s-hkfh101yid-076kt7q-1wv4ozrb2frii1iy6thlsqanz/cqxq1ckla790xcvv6cvkl6iwx.o		file	0600	1784153990097031301	3472	ee9b6aa7fc5714a122aba9125bd5f2fa6c67da11f8f9f440d2c656f2ed592ffc		exclude	non-evidence	compiled-or-generated-file	
crossbeam-channel-bounded/.specula-output/repro/target-cr5/debug/incremental/crossbeam_utils-2u6uedclg4h13/s-hkfh101yid-076kt7q-1wv4ozrb2frii1iy6thlsqanz/cryqhuilkrnevm7r6kw3e47lj.o		file	0600	1784153990101031382	91736	74db5e124b46c9f67f144e8106908ee5f1b15a6ed2a7f8b3030dc780c5ef5a5c		exclude	non-evidence	compiled-or-generated-file	
crossbeam-channel-bounded/.specula-output/repro/target-cr5/debug/incremental/crossbeam_utils-2u6uedclg4h13/s-hkfh101yid-076kt7q-1wv4ozrb2frii1iy6thlsqanz/dep-graph.bin	crossbeam-channel-bounded/.specula-output/repro/target-cr5/debug/incremental/crossbeam_utils-2u6uedclg4h13/s-hkfh101yid-076kt7q-1wv4ozrb2frii1iy6thlsqanz/dep-graph.bin	file	0600	1784153990129031946	4380918	820f828b7e6523e0c1d95840eb24b963ae10271f28b895f7fdceeee46a795804		copy	run-evidence		
crossbeam-channel-bounded/.specula-output/repro/target-cr5/debug/incremental/crossbeam_utils-2u6uedclg4h13/s-hkfh101yid-076kt7q-1wv4ozrb2frii1iy6thlsqanz/dp2j19fuhbsdwiol5qfjtzllz.o		file	0600	1784153990099031342	24008	c7dc116b21415302afc4f7b2d262b77c0c7900b117f023003ba05f2479282c27		exclude	non-evidence	compiled-or-generated-file	
crossbeam-channel-bounded/.specula-output/repro/target-cr5/debug/incremental/crossbeam_utils-2u6uedclg4h13/s-hkfh101yid-076kt7q-1wv4ozrb2frii1iy6thlsqanz/dv7iifcq5hk02zm5wgn0vcddi.o		file	0600	1784153990119031744	7368	0bc3816a60a181de77d5206b3d6e034b22f2d75954c51d19a166f2e58f898f91		exclude	non-evidence	compiled-or-generated-file	
crossbeam-channel-bounded/.specula-output/repro/target-cr5/debug/incremental/crossbeam_utils-2u6uedclg4h13/s-hkfh101yid-076kt7q-1wv4ozrb2frii1iy6thlsqanz/e3oh93kkd7xssmfn7067wfxrw.o		file	0600	1784153990093031221	6344	a7b7f597f19d489fb28d99c32e53559f7f4ddddcdbe33aeff7df4184cde4e84f		exclude	non-evidence	compiled-or-generated-file	
crossbeam-channel-bounded/.specula-output/repro/target-cr5/debug/incremental/crossbeam_utils-2u6uedclg4h13/s-hkfh101yid-076kt7q-1wv4ozrb2frii1iy6thlsqanz/esa1dwm5sj1lcaifc93j0mt15.o		file	0600	1784153990102031402	3824	3d5ee2c16c5650e006a2b2fd0b00ad832c75fbb9acd5085d646c7b9da798583b		exclude	non-evidence	compiled-or-generated-file	
crossbeam-channel-bounded/.specula-output/repro/target-cr5/debug/incremental/crossbeam_utils-2u6uedclg4h13/s-hkfh101yid-076kt7q-1wv4ozrb2frii1iy6thlsqanz/et326vdltq0gfqa6tyg68xw78.o		file	0600	1784153990105031462	4248	bf303d442d1ab6b8a1be50b67876e64592e611912aff50ccc03718d86d5c6972		exclude	non-evidence	compiled-or-generated-file	
crossbeam-channel-bounded/.specula-output/repro/target-cr5/debug/incremental/crossbeam_utils-2u6uedclg4h13/s-hkfh101yid-076kt7q-1wv4ozrb2frii1iy6thlsqanz/eu73xlum6b574b64ckipd21zg.o		file	0600	1784153990112031603	20304	3131a8d0026e8e3588476d2856ef9c4564b1ab2e7783464152cb47da3a96f713		exclude	non-evidence	compiled-or-generated-file	
crossbeam-channel-bounded/.specula-output/repro/target-cr5/debug/incremental/crossbeam_utils-2u6uedclg4h13/s-hkfh101yid-076kt7q-1wv4ozrb2frii1iy6thlsqanz/f4hguytrei6d7bhk809ajyir1.o		file	0600	1784153990116031684	16040	2cb9e45653871b4dae2f67c168df99fd2b4a08cdd6faf5c01a31c8bfa43529bc		exclude	non-evidence	compiled-or-generated-file	
crossbeam-channel-bounded/.specula-output/repro/target-cr5/debug/incremental/crossbeam_utils-2u6uedclg4h13/s-hkfh101yid-076kt7q-1wv4ozrb2frii1iy6thlsqanz/metadata.rmeta	crossbeam-channel-bounded/.specula-output/repro/target-cr5/debug/incremental/crossbeam_utils-2u6uedclg4h13/s-hkfh101yid-076kt7q-1wv4ozrb2frii1iy6thlsqanz/metadata.rmeta	file	0600	1784153990086031080	888388	4daab770357295c11e9c94dfa9ab623c1ace871ed08dbc6b4b6cac1a2951c7a2		copy	run-evidence		
crossbeam-channel-bounded/.specula-output/repro/target-cr5/debug/incremental/crossbeam_utils-2u6uedclg4h13/s-hkfh101yid-076kt7q-1wv4ozrb2frii1iy6thlsqanz/query-cache.bin	crossbeam-channel-bounded/.specula-output/repro/target-cr5/debug/incremental/crossbeam_utils-2u6uedclg4h13/s-hkfh101yid-076kt7q-1wv4ozrb2frii1iy6thlsqanz/query-cache.bin	file	0600	1784153990129031946	2912785	62ab6569fd4c882a4fe9ca4077115c4758d031a92c263475df9cf2039a07af14		copy	run-evidence		
crossbeam-channel-bounded/.specula-output/repro/target-cr5/debug/incremental/crossbeam_utils-2u6uedclg4h13/s-hkfh101yid-076kt7q-1wv4ozrb2frii1iy6thlsqanz/work-products.bin	crossbeam-channel-bounded/.specula-output/repro/target-cr5/debug/incremental/crossbeam_utils-2u6uedclg4h13/s-hkfh101yid-076kt7q-1wv4ozrb2frii1iy6thlsqanz/work-products.bin	file	0600	1784153990135032067	4888	40a629a0823e92f042c32acef1699de713d32b7f52ff921da84aa205047f3928		copy	run-evidence		
crossbeam-channel-bounded/.specula-output/repro/target-cr5/debug/incremental/crossbeam_utils-2u6uedclg4h13/s-hkfh101yid-076kt7q.lock	crossbeam-channel-bounded/.specula-output/repro/target-cr5/debug/incremental/crossbeam_utils-2u6uedclg4h13/s-hkfh101yid-076kt7q.lock	file	0600	1784153989830025923	0	e3b0c44298fc1c149afbf4c8996fb92427ae41e4649b934ca495991b7852b855		copy	run-evidence		
crossbeam-channel-bounded/.specula-output/repro/target-cr5/debug/incremental/specula_cr5_timeout_ready_first-235r3ovggny03	crossbeam-channel-bounded/.specula-output/repro/target-cr5/debug/incremental/specula_cr5_timeout_ready_first-235r3ovggny03	directory	0700	1784153990602041473				mkdir	run-directory		
crossbeam-channel-bounded/.specula-output/repro/target-cr5/debug/incremental/specula_cr5_timeout_ready_first-235r3ovggny03/s-hkfh10ejvf-0mulhlr-35jl42cxdh8dyrl3lt1w1mqfj	crossbeam-channel-bounded/.specula-output/repro/target-cr5/debug/incremental/specula_cr5_timeout_ready_first-235r3ovggny03/s-hkfh10ejvf-0mulhlr-35jl42cxdh8dyrl3lt1w1mqfj	directory	0700	1784153990602041473				mkdir	run-directory		
crossbeam-channel-bounded/.specula-output/repro/target-cr5/debug/incremental/specula_cr5_timeout_ready_first-235r3ovggny03/s-hkfh10ejvf-0mulhlr-35jl42cxdh8dyrl3lt1w1mqfj/03xml34793wndt12rc5n976t2.o		file	0600	1784153990560040627	55992	df42314cfb585623b532422226bae6a03985ae766da5e1f9a6c4811586413f69		exclude	non-evidence	compiled-or-generated-file	
crossbeam-channel-bounded/.specula-output/repro/target-cr5/debug/incremental/specula_cr5_timeout_ready_first-235r3ovggny03/s-hkfh10ejvf-0mulhlr-35jl42cxdh8dyrl3lt1w1mqfj/0luj39m8mnzm46ka003t6r66o.o		file	0600	1784153990578040990	39320	6e013f40a4d4f67fd34ef0ef6559431bc01b1736e09c1a850d2a48f5b72ffe65		exclude	non-evidence	compiled-or-generated-file	
crossbeam-channel-bounded/.specula-output/repro/target-cr5/debug/incremental/specula_cr5_timeout_ready_first-235r3ovggny03/s-hkfh10ejvf-0mulhlr-35jl42cxdh8dyrl3lt1w1mqfj/0qu4qc2wkuc7yl8kou1wiqhsy.o		file	0600	1784153990551040446	4840	3f12955f5537ceb7f087eda0f36a5742fbc8e67c6d6222f5db6d9f03dd16aac5		exclude	non-evidence	compiled-or-generated-file	
crossbeam-channel-bounded/.specula-output/repro/target-cr5/debug/incremental/specula_cr5_timeout_ready_first-235r3ovggny03/s-hkfh10ejvf-0mulhlr-35jl42cxdh8dyrl3lt1w1mqfj/0xn04xu3uv2dzpab2d5etq6b7.o		file	0600	1784153990523039882	444272	3c01ec866d0a1980eb699a22f079c772ef0a48677fcfcdeba89b88629dbfef2d		exclude	non-evidence	compiled-or-generated-file	
crossbeam-channel-bounded/.specula-output/repro/target-cr5/debug/incremental/specula_cr5_timeout_ready_first-235r3ovggny03/s-hkfh10ejvf-0mulhlr-35jl42cxdh8dyrl3lt1w1mqfj/14rzeazau8xt38phh56v0m7jx.o		file	0600	1784153990572040869	14584	67ade11b480018f501f5433f741e7e0dcec9a5d1998327ab3426ed4d1fa96a26		exclude	non-evidence	compiled-or-generated-file	
crossbeam-channel-bounded/.specula-output/repro/target-cr5/debug/incremental/specula_cr5_timeout_ready_first-235r3ovggny03/s-hkfh10ejvf-0mulhlr-35jl42cxdh8dyrl3lt1w1mqfj/15q9eua3jn64jj75lufd7dgjr.o		file	0600	1784153990584041111	4296	cc2019ea9f3c17c1b7d07716793d3700f07ee977191c3faa7c13eaeb89c3b1ad		exclude	non-evidence	compiled-or-generated-file	
crossbeam-channel-bounded/.specula-output/repro/target-cr5/debug/incremental/specula_cr5_timeout_ready_first-235r3ovggny03/s-hkfh10ejvf-0mulhlr-35jl42cxdh8dyrl3lt1w1mqfj/183ib9c25ukkb1phrsknzntze.o		file	0600	1784153990593041292	39288	c7c2a0fcd6456cb8789e30326ac6bd070ce54a766cbad6ee5daae59b32edba8a		exclude	non-evidence	compiled-or-generated-file	
crossbeam-channel-bounded/.specula-output/repro/target-cr5/debug/incremental/specula_cr5_timeout_ready_first-235r3ovggny03/s-hkfh10ejvf-0mulhlr-35jl42cxdh8dyrl3lt1w1mqfj/18veloal9mphi1bmochagw4ka.o		file	0600	1784153990585041131	22040	9c79280a832f7a4e0675f43233a40b60eee5e2c77f6dffb12a7b50a434853f26		exclude	non-evidence	compiled-or-generated-file	
crossbeam-channel-bounded/.specula-output/repro/target-cr5/debug/incremental/specula_cr5_timeout_ready_first-235r3ovggny03/s-hkfh10ejvf-0mulhlr-35jl42cxdh8dyrl3lt1w1mqfj/1af6bi8pqpt2olh1dvip8293u.o		file	0600	1784153990522039862	64080	30f7ce0e946db1ce44d816c8c4e810aa9e725381c5f489bf54b15aba54f89905		exclude	non-evidence	compiled-or-generated-file	
crossbeam-channel-bounded/.specula-output/repro/target-cr5/debug/incremental/specula_cr5_timeout_ready_first-235r3ovggny03/s-hkfh10ejvf-0mulhlr-35jl42cxdh8dyrl3lt1w1mqfj/1cjaexhfjdketo3gz1483hsve.o		file	0600	1784153990582041070	3728	e12d488527999baa7ddb65ceaf55907c71d0f12fe21970547234be8f7a14e1dd		exclude	non-evidence	compiled-or-generated-file	
crossbeam-channel-bounded/.specula-output/repro/target-cr5/debug/incremental/specula_cr5_timeout_ready_first-235r3ovggny03/s-hkfh10ejvf-0mulhlr-35jl42cxdh8dyrl3lt1w1mqfj/1gqtk37ti5u8iio48n3xwrh0h.o		file	0600	1784153990593041292	10784	96da2b60d55a0e2df9d22fc928cd307814dd5cce1ef4ba8967cee9034026a0e4		exclude	non-evidence	compiled-or-generated-file	
crossbeam-channel-bounded/.specula-output/repro/target-cr5/debug/incremental/specula_cr5_timeout_ready_first-235r3ovggny03/s-hkfh10ejvf-0mulhlr-35jl42cxdh8dyrl3lt1w1mqfj/1p6lv3nvt3pfhue9pf6129ml4.o		file	0600	1784153990582041070	45816	2b282719a8108cd872957c93f0d19f986bea954d8c18ed5c05f71c7e392be6b7		exclude	non-evidence	compiled-or-generated-file	
crossbeam-channel-bounded/.specula-output/repro/target-cr5/debug/incremental/specula_cr5_timeout_ready_first-235r3ovggny03/s-hkfh10ejvf-0mulhlr-35jl42cxdh8dyrl3lt1w1mqfj/1rtze868izhwaypjw5f276vdb.o		file	0600	1784153990558040587	20160	c12b4fa9229d57e74c5718cc92098695211e13d49655104f9b04385f530cbf52		exclude	non-evidence	compiled-or-generated-file	
crossbeam-channel-bounded/.specula-output/repro/target-cr5/debug/incremental/specula_cr5_timeout_ready_first-235r3ovggny03/s-hkfh10ejvf-0mulhlr-35jl42cxdh8dyrl3lt1w1mqfj/1v78l3blt4ijjfm7lsp1fsyq6.o		file	0600	1784153990588041191	18960	9c4781330af538db86de257276ade4cde9cec884482015dedd1fa534ac6d6c9e		exclude	non-evidence	compiled-or-generated-file	
crossbeam-channel-bounded/.specula-output/repro/target-cr5/debug/incremental/specula_cr5_timeout_ready_first-235r3ovggny03/s-hkfh10ejvf-0mulhlr-35jl42cxdh8dyrl3lt1w1mqfj/20vmjlskrxcmeshw1ijr6t6i6.o		file	0600	1784153990593041292	9656	0a779e8ee583ee70fe617dc6920aea148c9cc26ce25f82fe4dfcfd75b085615b		exclude	non-evidence	compiled-or-generated-file	
crossbeam-channel-bounded/.specula-output/repro/target-cr5/debug/incremental/specula_cr5_timeout_ready_first-235r3ovggny03/s-hkfh10ejvf-0mulhlr-35jl42cxdh8dyrl3lt1w1mqfj/21b60p85ue7olqdm0m0r204bl.o		file	0600	1784153990581041050	6072	cae4283996dfe13245d452ead1b90a03bbce18e2d9ade97f897c76080e5e8b0f		exclude	non-evidence	compiled-or-generated-file	
crossbeam-channel-bounded/.specula-output/repro/target-cr5/debug/incremental/specula_cr5_timeout_ready_first-235r3ovggny03/s-hkfh10ejvf-0mulhlr-35jl42cxdh8dyrl3lt1w1mqfj/24iky5sv41i7zjfx8jh6t1p7z.o		file	0600	1784153990541040245	88416	1eb55d1994477ff570dc7aeae0536d5d42922f402318ae8de19186d93ce6d4c2		exclude	non-evidence	compiled-or-generated-file	
crossbeam-channel-bounded/.specula-output/repro/target-cr5/debug/incremental/specula_cr5_timeout_ready_first-235r3ovggny03/s-hkfh10ejvf-0mulhlr-35jl42cxdh8dyrl3lt1w1mqfj/2g1wqpgxjr009hy3jv9hj6cue.o		file	0600	1784153990531040043	4576	e0624d066fe376114c98c211835ec12079cac48529e726cb409cc8adb33150fb		exclude	non-evidence	compiled-or-generated-file	
crossbeam-channel-bounded/.specula-output/repro/target-cr5/debug/incremental/specula_cr5_timeout_ready_first-235r3ovggny03/s-hkfh10ejvf-0mulhlr-35jl42cxdh8dyrl3lt1w1mqfj/2g6sd65orhpo0m1atcki3npn8.o		file	0600	1784153990532040063	116560	b5de8276d6d4e0d92f7d940bf95bade5957d23ae4776e40ef4c8b917526bbe99		exclude	non-evidence	compiled-or-generated-file	
crossbeam-channel-bounded/.specula-output/repro/target-cr5/debug/incremental/specula_cr5_timeout_ready_first-235r3ovggny03/s-hkfh10ejvf-0mulhlr-35jl42cxdh8dyrl3lt1w1mqfj/2g9kfonmnl3nw0lb1nvhtg1tu.o		file	0600	1784153990566040748	26584	160ca8c5128c084a7a691ac78cc74c65b87594c253aa4a444f04eb5470abe6c9		exclude	non-evidence	compiled-or-generated-file	
crossbeam-channel-bounded/.specula-output/repro/target-cr5/debug/incremental/specula_cr5_timeout_ready_first-235r3ovggny03/s-hkfh10ejvf-0mulhlr-35jl42cxdh8dyrl3lt1w1mqfj/2la2dy0ej7lopa9dygenuxygy.o		file	0600	1784153990590041232	16120	eb16097f592acec3c80a96878e4e0341426f4df8383f16a392f64c14c17f5873		exclude	non-evidence	compiled-or-generated-file	
crossbeam-channel-bounded/.specula-output/repro/target-cr5/debug/incremental/specula_cr5_timeout_ready_first-235r3ovggny03/s-hkfh10ejvf-0mulhlr-35jl42cxdh8dyrl3lt1w1mqfj/2xfhfpwhgjmfc0w9nqxcz1v5w.o		file	0600	1784153990578040990	4520	3926fbb0e1cbea9a1b538363bd5cba9cb493907eb48718aed92b86fc6a41d217		exclude	non-evidence	compiled-or-generated-file	
crossbeam-channel-bounded/.specula-output/repro/target-cr5/debug/incremental/specula_cr5_timeout_ready_first-235r3ovggny03/s-hkfh10ejvf-0mulhlr-35jl42cxdh8dyrl3lt1w1mqfj/379rn0izowbn2cb2mij3vzs85.o		file	0600	1784153990518039781	3448	0ace50f2d87f322b68fe76a5f6a986341f67f021bf0b2726b6f46cc253c01fa6		exclude	non-evidence	compiled-or-generated-file	
crossbeam-channel-bounded/.specula-output/repro/target-cr5/debug/incremental/specula_cr5_timeout_ready_first-235r3ovggny03/s-hkfh10ejvf-0mulhlr-35jl42cxdh8dyrl3lt1w1mqfj/3almlp6r1tkaux2gga0mf99u6.o		file	0600	1784153990576040950	6320	648786a6b5ff22a782f4253f96407604e640bd2f3a93b3304210d921f1f67077		exclude	non-evidence	compiled-or-generated-file	
crossbeam-channel-bounded/.specula-output/repro/target-cr5/debug/incremental/specula_cr5_timeout_ready_first-235r3ovggny03/s-hkfh10ejvf-0mulhlr-35jl42cxdh8dyrl3lt1w1mqfj/3bmks0v6725uge2e1tdc1266f.o		file	0600	1784153990534040103	311704	63be89d1ce2d6530e37fecc02e11daffda9d5df10019ef0688a90be93488ee3a		exclude	non-evidence	compiled-or-generated-file	
crossbeam-channel-bounded/.specula-output/repro/target-cr5/debug/incremental/specula_cr5_timeout_ready_first-235r3ovggny03/s-hkfh10ejvf-0mulhlr-35jl42cxdh8dyrl3lt1w1mqfj/3f2rqx7vm031n4hpvijzi9tgq.o		file	0600	1784153990558040587	58416	28fa76edfe2c502488cd2f780744b79850c6d534ad4158136c7782bddc3025a1		exclude	non-evidence	compiled-or-generated-file	
crossbeam-channel-bounded/.specula-output/repro/target-cr5/debug/incremental/specula_cr5_timeout_ready_first-235r3ovggny03/s-hkfh10ejvf-0mulhlr-35jl42cxdh8dyrl3lt1w1mqfj/3pah3h2jjdbjrvahfkgewfh8t.o		file	0600	1784153990597041372	40328	5f8991201f2692341ab439657dcdfff5a296c6811a15138cca5f1da031edb101		exclude	non-evidence	compiled-or-generated-file	
crossbeam-channel-bounded/.specula-output/repro/target-cr5/debug/incremental/specula_cr5_timeout_ready_first-235r3ovggny03/s-hkfh10ejvf-0mulhlr-35jl42cxdh8dyrl3lt1w1mqfj/3pvz1w6uf305fuwk1jh3kxci0.o		file	0600	1784153990563040688	25520	262b96d52ca880a9f492c688726b49a4876e3206538ccb7a25d8fda3095b2ef7		exclude	non-evidence	compiled-or-generated-file	
crossbeam-channel-bounded/.specula-output/repro/target-cr5/debug/incremental/specula_cr5_timeout_ready_first-235r3ovggny03/s-hkfh10ejvf-0mulhlr-35jl42cxdh8dyrl3lt1w1mqfj/3rwavf8cvn2wnzix16lu2y4fj.o		file	0600	1784153990587041171	8528	715f65e3badf6483fb12f514ccad40a8a64ebdea65cb0d739bedda2ece56de3f		exclude	non-evidence	compiled-or-generated-file	
crossbeam-channel-bounded/.specula-output/repro/target-cr5/debug/incremental/specula_cr5_timeout_ready_first-235r3ovggny03/s-hkfh10ejvf-0mulhlr-35jl42cxdh8dyrl3lt1w1mqfj/3ujr0jq1h13af7509aj3s5qu7.o		file	0600	1784153990548040386	98520	b8edacc1b001f9478479c90853086c5833c7a3e9bc0a4b1abaf03ea53374cd7d		exclude	non-evidence	compiled-or-generated-file	
crossbeam-channel-bounded/.specula-output/repro/target-cr5/debug/incremental/specula_cr5_timeout_ready_first-235r3ovggny03/s-hkfh10ejvf-0mulhlr-35jl42cxdh8dyrl3lt1w1mqfj/40v5uoi5i7p7aknx1eistj466.o		file	0600	1784153990554040506	42712	b24f0b3fae638aa8012a6f0c7016206c046948999bc48db914d744871eea4117		exclude	non-evidence	compiled-or-generated-file	
crossbeam-channel-bounded/.specula-output/repro/target-cr5/debug/incremental/specula_cr5_timeout_ready_first-235r3ovggny03/s-hkfh10ejvf-0mulhlr-35jl42cxdh8dyrl3lt1w1mqfj/4esh8669l1tnsgxio017mcz16.o		file	0600	1784153990580041030	11944	4b2e85a118e966460553135f3285957bdfd3ee638760ebac865db3d73925debf		exclude	non-evidence	compiled-or-generated-file	
crossbeam-channel-bounded/.specula-output/repro/target-cr5/debug/incremental/specula_cr5_timeout_ready_first-235r3ovggny03/s-hkfh10ejvf-0mulhlr-35jl42cxdh8dyrl3lt1w1mqfj/4ftwui1c6t6u3tdf657ygh5f9.o		file	0600	1784153990539040204	3368	fff3511e8d7c198f983f3037aa224fcb4752e14b3e1c30789b06e8d5aabc6bff		exclude	non-evidence	compiled-or-generated-file	
crossbeam-channel-bounded/.specula-output/repro/target-cr5/debug/incremental/specula_cr5_timeout_ready_first-235r3ovggny03/s-hkfh10ejvf-0mulhlr-35jl42cxdh8dyrl3lt1w1mqfj/4kzsl6j7mff5a1rlr69h2ufzx.o		file	0600	1784153990509039600	2920	7707fbd53d4dc7c473ddb097535582805b346172ef8887ac17a773a43657f15b		exclude	non-evidence	compiled-or-generated-file	
crossbeam-channel-bounded/.specula-output/repro/target-cr5/debug/incremental/specula_cr5_timeout_ready_first-235r3ovggny03/s-hkfh10ejvf-0mulhlr-35jl42cxdh8dyrl3lt1w1mqfj/4rgj91dbo5qxu0xa0bo48r954.o		file	0600	1784153990592041272	7576	f799172c7e2029b19f6ee4fe895429e1face58437361cbe7f211777e7019f9b4		exclude	non-evidence	compiled-or-generated-file	
crossbeam-channel-bounded/.specula-output/repro/target-cr5/debug/incremental/specula_cr5_timeout_ready_first-235r3ovggny03/s-hkfh10ejvf-0mulhlr-35jl42cxdh8dyrl3lt1w1mqfj/51m9572w07pdlqf2jejira9zr.o		file	0600	1784153990584041111	19904	141b992bd79e57d7bcb239076846db87c0214478bc5a09bbadc83bd702328c85		exclude	non-evidence	compiled-or-generated-file	
crossbeam-channel-bounded/.specula-output/repro/target-cr5/debug/incremental/specula_cr5_timeout_ready_first-235r3ovggny03/s-hkfh10ejvf-0mulhlr-35jl42cxdh8dyrl3lt1w1mqfj/56qc4t375egk3qv9ju4y7irpt.o		file	0600	1784153990564040708	7592	f7e0406a608f8f346e86af25a79aad77905228489078cd4ad6c0303895d88512		exclude	non-evidence	compiled-or-generated-file	
crossbeam-channel-bounded/.specula-output/repro/target-cr5/debug/incremental/specula_cr5_timeout_ready_first-235r3ovggny03/s-hkfh10ejvf-0mulhlr-35jl42cxdh8dyrl3lt1w1mqfj/59sts3cg9xty0s5i8g6zyoxnq.o		file	0600	1784153990536040144	4120	142f86cee36be35af9e18af2283b0fc015416d345f6300f73273c14fbba8b854		exclude	non-evidence	compiled-or-generated-file	
crossbeam-channel-bounded/.specula-output/repro/target-cr5/debug/incremental/specula_cr5_timeout_ready_first-235r3ovggny03/s-hkfh10ejvf-0mulhlr-35jl42cxdh8dyrl3lt1w1mqfj/5heu91j8eov1nmny18bb9n7gi.o		file	0600	1784153990572040869	27488	ef69882a1a8b2f089858440b6d8c5847dc3876480cc140803a94737e39a394dd		exclude	non-evidence	compiled-or-generated-file	
crossbeam-channel-bounded/.specula-output/repro/target-cr5/debug/incremental/specula_cr5_timeout_ready_first-235r3ovggny03/s-hkfh10ejvf-0mulhlr-35jl42cxdh8dyrl3lt1w1mqfj/5naf194a5yl1aldklfss5xzy0.o		file	0600	1784153990587041171	4424	deccc9834f7cbb62bb8562f2f117a5cf10e4df1b9af64f68fc0f5be5562c5309		exclude	non-evidence	compiled-or-generated-file	
crossbeam-channel-bounded/.specula-output/repro/target-cr5/debug/incremental/specula_cr5_timeout_ready_first-235r3ovggny03/s-hkfh10ejvf-0mulhlr-35jl42cxdh8dyrl3lt1w1mqfj/5omc061p1398sw5mavg4lvnzd.o		file	0600	1784153990551040446	38816	deeb39cc4b7855e5d71365a6a7cdc69f62095e709249083801434ba1fceb7d50		exclude	non-evidence	compiled-or-generated-file	
crossbeam-channel-bounded/.specula-output/repro/target-cr5/debug/incremental/specula_cr5_timeout_ready_first-235r3ovggny03/s-hkfh10ejvf-0mulhlr-35jl42cxdh8dyrl3lt1w1mqfj/5rqopi6odxcn20so6xxxm89b5.o		file	0600	1784153990559040607	3464	d4b090297a689faeba3a12ce75e4e5bbc3e40ef5b1bae7612a5c8867e27d4ed1		exclude	non-evidence	compiled-or-generated-file	
crossbeam-channel-bounded/.specula-output/repro/target-cr5/debug/incremental/specula_cr5_timeout_ready_first-235r3ovggny03/s-hkfh10ejvf-0mulhlr-35jl42cxdh8dyrl3lt1w1mqfj/5xvph9monaipbcvumcgxsujgv.o		file	0600	1784153990550040426	60688	5c95e3ab95214884a6a0aeea1566d188b0947fb42124c270621dfdd193d45cf0		exclude	non-evidence	compiled-or-generated-file	
crossbeam-channel-bounded/.specula-output/repro/target-cr5/debug/incremental/specula_cr5_timeout_ready_first-235r3ovggny03/s-hkfh10ejvf-0mulhlr-35jl42cxdh8dyrl3lt1w1mqfj/5yekalre351siwiao880ewt7b.o		file	0600	1784153990546040345	46592	a2403094d63afd66536cc607c6e8b943f0fe68ccd09874681896ae25204f92e5		exclude	non-evidence	compiled-or-generated-file	
crossbeam-channel-bounded/.specula-output/repro/target-cr5/debug/incremental/specula_cr5_timeout_ready_first-235r3ovggny03/s-hkfh10ejvf-0mulhlr-35jl42cxdh8dyrl3lt1w1mqfj/60h9a2lpsvkcp47t1gjni1vey.o		file	0600	1784153990560040627	17688	d7dd12fa0864d81a9a1c79e3689d96cd1b00391922c3ac6d78b067856f13b0cc		exclude	non-evidence	compiled-or-generated-file	
crossbeam-channel-bounded/.specula-output/repro/target-cr5/debug/incremental/specula_cr5_timeout_ready_first-235r3ovggny03/s-hkfh10ejvf-0mulhlr-35jl42cxdh8dyrl3lt1w1mqfj/61w9dueramzyfjv4ixb7xf5gs.o		file	0600	1784153990586041151	5240	ef432dc3e67f269c5c9e863e8304d63e5ebc1a683fa069616d2ae7013bd57d30		exclude	non-evidence	compiled-or-generated-file	
crossbeam-channel-bounded/.specula-output/repro/target-cr5/debug/incremental/specula_cr5_timeout_ready_first-235r3ovggny03/s-hkfh10ejvf-0mulhlr-35jl42cxdh8dyrl3lt1w1mqfj/68tghexc387p8cz931g2ud00x.o		file	0600	1784153990556040547	68576	a295656f0ee14563e38c70578a02d67f9c5bd3004bda274785ab42e1bd1051b5		exclude	non-evidence	compiled-or-generated-file	
crossbeam-channel-bounded/.specula-output/repro/target-cr5/debug/incremental/specula_cr5_timeout_ready_first-235r3ovggny03/s-hkfh10ejvf-0mulhlr-35jl42cxdh8dyrl3lt1w1mqfj/6no7dob66hunol2oxsh3vknb3.o		file	0600	1784153990579041010	16016	eba79a7568fcf4b09fd96dc5da3b9ec574d93b57d34acc74f8ddefb1384baee1		exclude	non-evidence	compiled-or-generated-file	
crossbeam-channel-bounded/.specula-output/repro/target-cr5/debug/incremental/specula_cr5_timeout_ready_first-235r3ovggny03/s-hkfh10ejvf-0mulhlr-35jl42cxdh8dyrl3lt1w1mqfj/6txjm0gz72pk0hrtxkxkgkxf5.o		file	0600	1784153990590041232	11792	15e7c774bff28f1a63c1ef855e49ba102e4dc68d1c3044ef4f35262872ec5f60		exclude	non-evidence	compiled-or-generated-file	
crossbeam-channel-bounded/.specula-output/repro/target-cr5/debug/incremental/specula_cr5_timeout_ready_first-235r3ovggny03/s-hkfh10ejvf-0mulhlr-35jl42cxdh8dyrl3lt1w1mqfj/75a28axprx5mlt6yh8pgolm4o.o		file	0600	1784153990584041111	10848	382d70c296f4bc4cc56339ca646eaa9bd025c85b631487e25cc7e06b80a1f382		exclude	non-evidence	compiled-or-generated-file	
crossbeam-channel-bounded/.specula-output/repro/target-cr5/debug/incremental/specula_cr5_timeout_ready_first-235r3ovggny03/s-hkfh10ejvf-0mulhlr-35jl42cxdh8dyrl3lt1w1mqfj/7af7dgmznq575ioeblh8q0nf4.o		file	0600	1784153990575040929	22688	eb980f9b25219afee438409ea9715bcd95b885304c47463b7cf4b2e19a0237a1		exclude	non-evidence	compiled-or-generated-file	
crossbeam-channel-bounded/.specula-output/repro/target-cr5/debug/incremental/specula_cr5_timeout_ready_first-235r3ovggny03/s-hkfh10ejvf-0mulhlr-35jl42cxdh8dyrl3lt1w1mqfj/7ebjcg5475xmna45h5f48dfbj.o		file	0600	1784153990571040849	11976	e576cfbf1518da7a87c637435055cb7eb3d3fdbbb8d82a5a655d9d0546d7b20a		exclude	non-evidence	compiled-or-generated-file	
crossbeam-channel-bounded/.specula-output/repro/target-cr5/debug/incremental/specula_cr5_timeout_ready_first-235r3ovggny03/s-hkfh10ejvf-0mulhlr-35jl42cxdh8dyrl3lt1w1mqfj/7fn0f3zvd8fuf85k3wvc9s1xf.o		file	0600	1784153990562040668	7400	1544fd3ce4d1d20ffb3c4c72f8859bab4a91773b75a068cdfac5a8c593fac556		exclude	non-evidence	compiled-or-generated-file	
crossbeam-channel-bounded/.specula-output/repro/target-cr5/debug/incremental/specula_cr5_timeout_ready_first-235r3ovggny03/s-hkfh10ejvf-0mulhlr-35jl42cxdh8dyrl3lt1w1mqfj/7fujytgub8ggl7xvomu80jfiy.o		file	0600	1784153990538040184	127568	3d0c4840b3df67a2694c02ed8b39a92487d91e4cacdf4d2f4d5a7a56287aa1fb		exclude	non-evidence	compiled-or-generated-file	
crossbeam-channel-bounded/.specula-output/repro/target-cr5/debug/incremental/specula_cr5_timeout_ready_first-235r3ovggny03/s-hkfh10ejvf-0mulhlr-35jl42cxdh8dyrl3lt1w1mqfj/7nk2xx6n25m4sjiivvwuz00wj.o		file	0600	1784153990528039983	3736	117345748e47f665ddd9a6d58f4dc4b8d8be25b847488f59ef9e77d0ab003975		exclude	non-evidence	compiled-or-generated-file	
crossbeam-channel-bounded/.specula-output/repro/target-cr5/debug/incremental/specula_cr5_timeout_ready_first-235r3ovggny03/s-hkfh10ejvf-0mulhlr-35jl42cxdh8dyrl3lt1w1mqfj/7o26bmeaj4xgqqw6sqxngy57y.o		file	0600	1784153990570040829	13560	f3e3b50e0fca8bed39116fe9a30b63a162f7d4b2badfe1d4e9277e952f869755		exclude	non-evidence	compiled-or-generated-file	
crossbeam-channel-bounded/.specula-output/repro/target-cr5/debug/incremental/specula_cr5_timeout_ready_first-235r3ovggny03/s-hkfh10ejvf-0mulhlr-35jl42cxdh8dyrl3lt1w1mqfj/7q2bnmz1i0wu858w4dgp8zz69.o		file	0600	1784153990574040909	4928	d52bf315ce493c9dfc65004940fb4369eb008ad6ff0a5923f284753168130451		exclude	non-evidence	compiled-or-generated-file	
crossbeam-channel-bounded/.specula-output/repro/target-cr5/debug/incremental/specula_cr5_timeout_ready_first-235r3ovggny03/s-hkfh10ejvf-0mulhlr-35jl42cxdh8dyrl3lt1w1mqfj/7w3eki72apntnb74exemj4kxm.o		file	0600	1784153990572040869	7416	0d958c72a6acf19b19f21f2fb99cda2e30ff63010d4018e1b54591d0472db483		exclude	non-evidence	compiled-or-generated-file	
crossbeam-channel-bounded/.specula-output/repro/target-cr5/debug/incremental/specula_cr5_timeout_ready_first-235r3ovggny03/s-hkfh10ejvf-0mulhlr-35jl42cxdh8dyrl3lt1w1mqfj/81c70dnt647brg7zu2fehrj2m.o		file	0600	1784153990589041211	22664	2ea25c74a3b97666b2677104be6c43370e3d884044a08269cceb172a88c3ba76		exclude	non-evidence	compiled-or-generated-file	
crossbeam-channel-bounded/.specula-output/repro/target-cr5/debug/incremental/specula_cr5_timeout_ready_first-235r3ovggny03/s-hkfh10ejvf-0mulhlr-35jl42cxdh8dyrl3lt1w1mqfj/88foxpw1jgd0vin8erjvy98sm.o		file	0600	1784153990545040325	108304	bdca1c553c3086da4a12b37e1de5965c4d6213207bc801a9f5e5d8278bdb6999		exclude	non-evidence	compiled-or-generated-file	
crossbeam-channel-bounded/.specula-output/repro/target-cr5/debug/incremental/specula_cr5_timeout_ready_first-235r3ovggny03/s-hkfh10ejvf-0mulhlr-35jl42cxdh8dyrl3lt1w1mqfj/8i50guza5dhi733zgojxd3zvo.o		file	0600	1784153990583041091	5384	1cec124d8bdbad61ff7e81f297f70b8aca4a984d7ea45c21693e5a5b083ed091		exclude	non-evidence	compiled-or-generated-file	
crossbeam-channel-bounded/.specula-output/repro/target-cr5/debug/incremental/specula_cr5_timeout_ready_first-235r3ovggny03/s-hkfh10ejvf-0mulhlr-35jl42cxdh8dyrl3lt1w1mqfj/8khqsbhxe27qylxs1gres0g2p.o		file	0600	1784153990571040849	11232	1268aec757cb22adae0bb87420f26c78f42be3b5a8bc7365fe302a13054d29ae		exclude	non-evidence	compiled-or-generated-file	
crossbeam-channel-bounded/.specula-output/repro/target-cr5/debug/incremental/specula_cr5_timeout_ready_first-235r3ovggny03/s-hkfh10ejvf-0mulhlr-35jl42cxdh8dyrl3lt1w1mqfj/8lemsebeml1o9iyc8p2g9u9bs.o		file	0600	1784153990544040305	7408	2c982a8dc8e08a4a99faf240c83eee3d9e80aa8db4e3b17122b387de0d1747b1		exclude	non-evidence	compiled-or-generated-file	
crossbeam-channel-bounded/.specula-output/repro/target-cr5/debug/incremental/specula_cr5_timeout_ready_first-235r3ovggny03/s-hkfh10ejvf-0mulhlr-35jl42cxdh8dyrl3lt1w1mqfj/8u4lrcvpzp5iy41mybu2dfmfk.o		file	0600	1784153990561040647	11584	b5e476a8f152220bf57be59fdc793ff7c71cf108b3584fd03b202b127477655d		exclude	non-evidence	compiled-or-generated-file	
crossbeam-channel-bounded/.specula-output/repro/target-cr5/debug/incremental/specula_cr5_timeout_ready_first-235r3ovggny03/s-hkfh10ejvf-0mulhlr-35jl42cxdh8dyrl3lt1w1mqfj/8zq3mm4a9blk1iifm18cjodfh.o		file	0600	1784153990576040950	21240	baed6a8072009bc3f31a0426e375b957867adcff5413f727eaeff79d60a62dbe		exclude	non-evidence	compiled-or-generated-file	
crossbeam-channel-bounded/.specula-output/repro/target-cr5/debug/incremental/specula_cr5_timeout_ready_first-235r3ovggny03/s-hkfh10ejvf-0mulhlr-35jl42cxdh8dyrl3lt1w1mqfj/98gcwvp7r9s69sar679jm9u7n.o		file	0600	1784153990560040627	3904	d8e78d19a392554105084402d36304bf808712df6cf41ad11d03b2c275d6b072		exclude	non-evidence	compiled-or-generated-file	
crossbeam-channel-bounded/.specula-output/repro/target-cr5/debug/incremental/specula_cr5_timeout_ready_first-235r3ovggny03/s-hkfh10ejvf-0mulhlr-35jl42cxdh8dyrl3lt1w1mqfj/9b5lzgqirlbptu0hv2t9qw8g2.o		file	0600	1784153990583041091	17800	8f78624709d121248fce95a53cc395c195f2d58d34e56d68c844f0c071eb3b01		exclude	non-evidence	compiled-or-generated-file	
crossbeam-channel-bounded/.specula-output/repro/target-cr5/debug/incremental/specula_cr5_timeout_ready_first-235r3ovggny03/s-hkfh10ejvf-0mulhlr-35jl42cxdh8dyrl3lt1w1mqfj/9dr2r98fyru5b914vwlr794ci.o		file	0600	1784153990579041010	4160	89d3c08dd74aa4332c6e6b1ef803596e15580e7a150c9892acb0de7b7cdb88a7		exclude	non-evidence	compiled-or-generated-file	
crossbeam-channel-bounded/.specula-output/repro/target-cr5/debug/incremental/specula_cr5_timeout_ready_first-235r3ovggny03/s-hkfh10ejvf-0mulhlr-35jl42cxdh8dyrl3lt1w1mqfj/9emra81sfuc9g14r2h88t5a4u.o		file	0600	1784153990567040768	22584	ca85989d0e2ea8d16136c33907af420b84a19f717cb4cd99424424b160b04e75		exclude	non-evidence	compiled-or-generated-file	
crossbeam-channel-bounded/.specula-output/repro/target-cr5/debug/incremental/specula_cr5_timeout_ready_first-235r3ovggny03/s-hkfh10ejvf-0mulhlr-35jl42cxdh8dyrl3lt1w1mqfj/9frka0y9197fvswk9udgjttb4.o		file	0600	1784153990553040486	6720	6bd9a2ffede3ed737ea57d7ba1d02d9bf88f7698bdfba8c81f8513e737178099		exclude	non-evidence	compiled-or-generated-file	
crossbeam-channel-bounded/.specula-output/repro/target-cr5/debug/incremental/specula_cr5_timeout_ready_first-235r3ovggny03/s-hkfh10ejvf-0mulhlr-35jl42cxdh8dyrl3lt1w1mqfj/9i4ccncu5bw66bxt56ber59jv.o		file	0600	1784153990565040728	4480	8dcceb6734ef2a25feb82a184b543cdbbb2c3de56823c865e9c0dddcaf01a33d		exclude	non-evidence	compiled-or-generated-file	
crossbeam-channel-bounded/.specula-output/repro/target-cr5/debug/incremental/specula_cr5_timeout_ready_first-235r3ovggny03/s-hkfh10ejvf-0mulhlr-35jl42cxdh8dyrl3lt1w1mqfj/9l3khglrb5l2pbnztjfimrx63.o		file	0600	1784153990556040547	4432	9277942d5b08b3a149cc71eb8d35ca52e8a4c8b797838bf7a5eb0566d8879084		exclude	non-evidence	compiled-or-generated-file	
crossbeam-channel-bounded/.specula-output/repro/target-cr5/debug/incremental/specula_cr5_timeout_ready_first-235r3ovggny03/s-hkfh10ejvf-0mulhlr-35jl42cxdh8dyrl3lt1w1mqfj/9t94kiouwktce7pzqhoqs9l3a.o		file	0600	1784153990550040426	64480	3a76c3262130675eaaf0b27f8d824615d58b398e793c52735b5488f6e30aea03		exclude	non-evidence	compiled-or-generated-file	
crossbeam-channel-bounded/.specula-output/repro/target-cr5/debug/incremental/specula_cr5_timeout_ready_first-235r3ovggny03/s-hkfh10ejvf-0mulhlr-35jl42cxdh8dyrl3lt1w1mqfj/9uwera53uv2bkq4za6ubwekjp.o		file	0600	1784153990582041070	15448	76f482231d58dd93ae2816cf555601f3bb488daedc2a28ee4e2bbfd41a94dd3b		exclude	non-evidence	compiled-or-generated-file	
crossbeam-channel-bounded/.specula-output/repro/target-cr5/debug/incremental/specula_cr5_timeout_ready_first-235r3ovggny03/s-hkfh10ejvf-0mulhlr-35jl42cxdh8dyrl3lt1w1mqfj/a8qqvl9hvp0madotqe9tytkb6.o		file	0600	1784153990569040808	6064	82c41d0702b5052cb0f411647fd85acec1b0cdbc70a1d0c06c378235921b06fc		exclude	non-evidence	compiled-or-generated-file	
crossbeam-channel-bounded/.specula-output/repro/target-cr5/debug/incremental/specula_cr5_timeout_ready_first-235r3ovggny03/s-hkfh10ejvf-0mulhlr-35jl42cxdh8dyrl3lt1w1mqfj/anxux44p7pi8c0rdb4uwo7bes.o		file	0600	1784153990546040345	29560	1caf1a587356b28a0a17ae822549f97871080e3d10de8eadbe3acae816640243		exclude	non-evidence	compiled-or-generated-file	
crossbeam-channel-bounded/.specula-output/repro/target-cr5/debug/incremental/specula_cr5_timeout_ready_first-235r3ovggny03/s-hkfh10ejvf-0mulhlr-35jl42cxdh8dyrl3lt1w1mqfj/ay8rqqokald7uewc8rs1y4861.o		file	0600	1784153990530040023	96600	bd6fa23d5c1120ac6e4239581803b93efa3eabe4d6f43368e7be600988098a69		exclude	non-evidence	compiled-or-generated-file	
crossbeam-channel-bounded/.specula-output/repro/target-cr5/debug/incremental/specula_cr5_timeout_ready_first-235r3ovggny03/s-hkfh10ejvf-0mulhlr-35jl42cxdh8dyrl3lt1w1mqfj/b1z14ix8rttpt8wl57kf3sjkm.o		file	0600	1784153990570040829	26512	5ff790e0ae501d8b0c1cda37ecdd77bbd6a2ecd58652d9f06b8b60c573865189		exclude	non-evidence	compiled-or-generated-file	
crossbeam-channel-bounded/.specula-output/repro/target-cr5/debug/incremental/specula_cr5_timeout_ready_first-235r3ovggny03/s-hkfh10ejvf-0mulhlr-35jl42cxdh8dyrl3lt1w1mqfj/b2nyb4646zupcb4ebplq0jiw3.o		file	0600	1784153990559040607	40624	a5e9e39357b87b577f3d7a07865abd14aa958aa45df59df0c38a34d38468ecaa		exclude	non-evidence	compiled-or-generated-file	
crossbeam-channel-bounded/.specula-output/repro/target-cr5/debug/incremental/specula_cr5_timeout_ready_first-235r3ovggny03/s-hkfh10ejvf-0mulhlr-35jl42cxdh8dyrl3lt1w1mqfj/bh9pna8zfedxf2ib5hg5zszml.o		file	0600	1784153990591041252	21048	221d5fb17e7b448c5889694d3648d340aee4f9d47db05ecade529acd33415494		exclude	non-evidence	compiled-or-generated-file	
crossbeam-channel-bounded/.specula-output/repro/target-cr5/debug/incremental/specula_cr5_timeout_ready_first-235r3ovggny03/s-hkfh10ejvf-0mulhlr-35jl42cxdh8dyrl3lt1w1mqfj/bn8tt00byhwlzpj4ek9lr9he1.o		file	0600	1784153990566040748	32600	7ef27bac7a768190f8235acecb72faa73b1078a303402b426ad13b1b5ca43b5e		exclude	non-evidence	compiled-or-generated-file	
crossbeam-channel-bounded/.specula-output/repro/target-cr5/debug/incremental/specula_cr5_timeout_ready_first-235r3ovggny03/s-hkfh10ejvf-0mulhlr-35jl42cxdh8dyrl3lt1w1mqfj/bo7c7irtr40nvolh198blpo56.o		file	0600	1784153990593041292	11792	24b81e09a004fb483132dc895e9a8ef059009a4f6ff0254b2572f3ea62e3228d		exclude	non-evidence	compiled-or-generated-file	
crossbeam-channel-bounded/.specula-output/repro/target-cr5/debug/incremental/specula_cr5_timeout_ready_first-235r3ovggny03/s-hkfh10ejvf-0mulhlr-35jl42cxdh8dyrl3lt1w1mqfj/brvhci8ss34lseipefahmbcfc.o		file	0600	1784153990534040103	3376	2dfa7fba610d461ef93a771c04aa01a0cf392ee3a2cd5123354e421e9a68b861		exclude	non-evidence	compiled-or-generated-file	
crossbeam-channel-bounded/.specula-output/repro/target-cr5/debug/incremental/specula_cr5_timeout_ready_first-235r3ovggny03/s-hkfh10ejvf-0mulhlr-35jl42cxdh8dyrl3lt1w1mqfj/bzenv5xthefalbs5kdu2clnfa.o		file	0600	1784153990575040929	23392	4dd4b5e1579fc27dfe61595915c0a3c44e2691db54fcf3992678e0e1a0f0ee00		exclude	non-evidence	compiled-or-generated-file	
crossbeam-channel-bounded/.specula-output/repro/target-cr5/debug/incremental/specula_cr5_timeout_ready_first-235r3ovggny03/s-hkfh10ejvf-0mulhlr-35jl42cxdh8dyrl3lt1w1mqfj/c2xnzpoj7ulyjltkl6rlwaw9q.o		file	0600	1784153990568040788	7896	ded78805a858c4c431800e0a94fdc2bb681296cd1d5a6b40383e47314d7bc7f6		exclude	non-evidence	compiled-or-generated-file	
crossbeam-channel-bounded/.specula-output/repro/target-cr5/debug/incremental/specula_cr5_timeout_ready_first-235r3ovggny03/s-hkfh10ejvf-0mulhlr-35jl42cxdh8dyrl3lt1w1mqfj/c5cry0ezk189n52dw7y39b8mo.o		file	0600	1784153990524039902	5048	581fec7699dc6fe565b808f77e73a260ade75409d1559457fe83df33618a8457		exclude	non-evidence	compiled-or-generated-file	
crossbeam-channel-bounded/.specula-output/repro/target-cr5/debug/incremental/specula_cr5_timeout_ready_first-235r3ovggny03/s-hkfh10ejvf-0mulhlr-35jl42cxdh8dyrl3lt1w1mqfj/ca49v1pvynr3w076r279zze3g.o		file	0600	1784153990588041191	20136	3bae6cf28eda191036535a3881e4e4a35cde4729443f37035a58d30ab9bf8f06		exclude	non-evidence	compiled-or-generated-file	
crossbeam-channel-bounded/.specula-output/repro/target-cr5/debug/incremental/specula_cr5_timeout_ready_first-235r3ovggny03/s-hkfh10ejvf-0mulhlr-35jl42cxdh8dyrl3lt1w1mqfj/cbzdizlbfwybm6rabko4s65qg.o		file	0600	1784153990564040708	58720	2f61b6f80aeeab0b7e847fc72f348eb800544570dccfda145503e36ca1382a9c		exclude	non-evidence	compiled-or-generated-file	
crossbeam-channel-bounded/.specula-output/repro/target-cr5/debug/incremental/specula_cr5_timeout_ready_first-235r3ovggny03/s-hkfh10ejvf-0mulhlr-35jl42cxdh8dyrl3lt1w1mqfj/ck1nuvzknlonnpjmmms0k18bg.o		file	0600	1784153990580041030	21184	a3e105d4e817fff26fc506e1c27667d78bfd6fc7a6d2396159ef54fb8931c13d		exclude	non-evidence	compiled-or-generated-file	
crossbeam-channel-bounded/.specula-output/repro/target-cr5/debug/incremental/specula_cr5_timeout_ready_first-235r3ovggny03/s-hkfh10ejvf-0mulhlr-35jl42cxdh8dyrl3lt1w1mqfj/cnso98xdk1b49298ajoawcohk.o		file	0600	1784153990566040748	9072	f8f864f966d7c8e31664aa82f6a7be32a37ca1e1e182a9a30f848e8c74af4f6c		exclude	non-evidence	compiled-or-generated-file	
crossbeam-channel-bounded/.specula-output/repro/target-cr5/debug/incremental/specula_cr5_timeout_ready_first-235r3ovggny03/s-hkfh10ejvf-0mulhlr-35jl42cxdh8dyrl3lt1w1mqfj/cqd05pikk5052v3qeshb9z66d.o		file	0600	1784153990543040285	7824	cad561bb3907efcf4499a54d2ee1884979a4fc19e8814c86f3c52d375d64a021		exclude	non-evidence	compiled-or-generated-file	
crossbeam-channel-bounded/.specula-output/repro/target-cr5/debug/incremental/specula_cr5_timeout_ready_first-235r3ovggny03/s-hkfh10ejvf-0mulhlr-35jl42cxdh8dyrl3lt1w1mqfj/cr49kmk2tkms1j6eztiyqf4ni.o		file	0600	1784153990555040527	4760	a61c74f4e9757022cbaef5e0af489ec0888cdd0db9ea5ac0205efb679ace1c1d		exclude	non-evidence	compiled-or-generated-file	
crossbeam-channel-bounded/.specula-output/repro/target-cr5/debug/incremental/specula_cr5_timeout_ready_first-235r3ovggny03/s-hkfh10ejvf-0mulhlr-35jl42cxdh8dyrl3lt1w1mqfj/cskx5m2ueph1j4vka3oor2zc8.o		file	0600	1784153990595041332	50240	272f6f16a03f69436b8697291722020527b065d7a038d0eb2b730b0851a70707		exclude	non-evidence	compiled-or-generated-file	
crossbeam-channel-bounded/.specula-output/repro/target-cr5/debug/incremental/specula_cr5_timeout_ready_first-235r3ovggny03/s-hkfh10ejvf-0mulhlr-35jl42cxdh8dyrl3lt1w1mqfj/cv708mtfyxowo5usmtoftg4ij.o		file	0600	1784153990579041010	44688	ff15ae5215f7e831299cd0b39acc7872da85ea64220d86011ad564166fe5a97a		exclude	non-evidence	compiled-or-generated-file	
crossbeam-channel-bounded/.specula-output/repro/target-cr5/debug/incremental/specula_cr5_timeout_ready_first-235r3ovggny03/s-hkfh10ejvf-0mulhlr-35jl42cxdh8dyrl3lt1w1mqfj/d0c8e4fi6kg00ixx0xtakjzcv.o		file	0600	1784153990561040647	19424	f97801d5ec49c8da20afca4e5a473f72779728b1e7fe36434befb80f49ceb789		exclude	non-evidence	compiled-or-generated-file	
crossbeam-channel-bounded/.specula-output/repro/target-cr5/debug/incremental/specula_cr5_timeout_ready_first-235r3ovggny03/s-hkfh10ejvf-0mulhlr-35jl42cxdh8dyrl3lt1w1mqfj/d4orxnicc4wk5nhl3cbej4fi8.o		file	0600	1784153990570040829	78144	fc96f9aba6e5382036d59aa18420995427161fc4540268218db3728bd24fba1d		exclude	non-evidence	compiled-or-generated-file	
crossbeam-channel-bounded/.specula-output/repro/target-cr5/debug/incremental/specula_cr5_timeout_ready_first-235r3ovggny03/s-hkfh10ejvf-0mulhlr-35jl42cxdh8dyrl3lt1w1mqfj/d7hsyab5exs7cikwfumruflj2.o		file	0600	1784153990550040426	10976	dbb76b45c712bc52334b382769c7f98d58163c446ec19493d48350aa4cb64d58		exclude	non-evidence	compiled-or-generated-file	
crossbeam-channel-bounded/.specula-output/repro/target-cr5/debug/incremental/specula_cr5_timeout_ready_first-235r3ovggny03/s-hkfh10ejvf-0mulhlr-35jl42cxdh8dyrl3lt1w1mqfj/dep-graph.bin	crossbeam-channel-bounded/.specula-output/repro/target-cr5/debug/incremental/specula_cr5_timeout_ready_first-235r3ovggny03/s-hkfh10ejvf-0mulhlr-35jl42cxdh8dyrl3lt1w1mqfj/dep-graph.bin	file	0600	1784153990597041372	2526501	90f0956b2f5c6e2ac61aa8c4f1bed68817e4075cdb130ca1bd31b8f998b28031		copy	run-evidence		
crossbeam-channel-bounded/.specula-output/repro/target-cr5/debug/incremental/specula_cr5_timeout_ready_first-235r3ovggny03/s-hkfh10ejvf-0mulhlr-35jl42cxdh8dyrl3lt1w1mqfj/dqy7to3unozm3rtwcoxp4rh6d.o		file	0600	1784153990574040909	41608	85fb4893ab47fbf12faa54c5036e0410faf8cb69f27f5bad5fbf65904974faca		exclude	non-evidence	compiled-or-generated-file	
crossbeam-channel-bounded/.specula-output/repro/target-cr5/debug/incremental/specula_cr5_timeout_ready_first-235r3ovggny03/s-hkfh10ejvf-0mulhlr-35jl42cxdh8dyrl3lt1w1mqfj/dwk00bpp4ivkr6xpx9heyglae.o		file	0600	1784153990521039842	4312	4a515bd5ac5da67c6a2ba849a04b07dc82e71199b7c1bafdd7f3f64f7073e05d		exclude	non-evidence	compiled-or-generated-file	
crossbeam-channel-bounded/.specula-output/repro/target-cr5/debug/incremental/specula_cr5_timeout_ready_first-235r3ovggny03/s-hkfh10ejvf-0mulhlr-35jl42cxdh8dyrl3lt1w1mqfj/dywxn9b7lutyh41yzw4g6233m.o		file	0600	1784153990548040386	3952	bbae63c8ed4e04eddd8b7b7e11d9fe904b06d1319b27228a373c74dfd5172ec6		exclude	non-evidence	compiled-or-generated-file	
crossbeam-channel-bounded/.specula-output/repro/target-cr5/debug/incremental/specula_cr5_timeout_ready_first-235r3ovggny03/s-hkfh10ejvf-0mulhlr-35jl42cxdh8dyrl3lt1w1mqfj/dzq37jxr2u58fdpi0lbprr0l0.o		file	0600	1784153990546040345	4080	60e0a37d4f5f0468e55230ec744a54f3bc742ba67b51cd9ebfcc2ec20316745e		exclude	non-evidence	compiled-or-generated-file	
crossbeam-channel-bounded/.specula-output/repro/target-cr5/debug/incremental/specula_cr5_timeout_ready_first-235r3ovggny03/s-hkfh10ejvf-0mulhlr-35jl42cxdh8dyrl3lt1w1mqfj/eih473tmfnl29uo0pa4iyfeoc.o		file	0600	1784153990541040245	3736	97b976ff97f3bc4b764304fb7798c5bbdd2c0e21745f066595c4ddd886684a91		exclude	non-evidence	compiled-or-generated-file	
crossbeam-channel-bounded/.specula-output/repro/target-cr5/debug/incremental/specula_cr5_timeout_ready_first-235r3ovggny03/s-hkfh10ejvf-0mulhlr-35jl42cxdh8dyrl3lt1w1mqfj/enr4a33pyea9z237543hxvo9b.o		file	0600	1784153990587041171	24216	2f4dc12289da646adb8ef5ea30c7ca0aa188a803e14d55da334c2c091766a112		exclude	non-evidence	compiled-or-generated-file	
crossbeam-channel-bounded/.specula-output/repro/target-cr5/debug/incremental/specula_cr5_timeout_ready_first-235r3ovggny03/s-hkfh10ejvf-0mulhlr-35jl42cxdh8dyrl3lt1w1mqfj/eo8p42nc3qs1ciucmfjwi7tmp.o		file	0600	1784153990585041131	12416	dd319f36837d6222ce89e6f7a7cdbb06fc2e0aa63e0a993cfe0fec75721a36a4		exclude	non-evidence	compiled-or-generated-file	
crossbeam-channel-bounded/.specula-output/repro/target-cr5/debug/incremental/specula_cr5_timeout_ready_first-235r3ovggny03/s-hkfh10ejvf-0mulhlr-35jl42cxdh8dyrl3lt1w1mqfj/esspa65o9vajpdwvrgym3uoar.o		file	0600	1784153990543040285	107728	750c1279858c326bfd98ec76c08ad94b56cd7e98a4587e9c7a0c9a1228624123		exclude	non-evidence	compiled-or-generated-file	
crossbeam-channel-bounded/.specula-output/repro/target-cr5/debug/incremental/specula_cr5_timeout_ready_first-235r3ovggny03/s-hkfh10ejvf-0mulhlr-35jl42cxdh8dyrl3lt1w1mqfj/euf0qv963if6mp93o6r5fsm3u.o		file	0600	1784153990595041332	14808	c7280fa8a297efbd6fc65d160d27c3a02dd3cf8c11da3de9043150d097aad885		exclude	non-evidence	compiled-or-generated-file	
crossbeam-channel-bounded/.specula-output/repro/target-cr5/debug/incremental/specula_cr5_timeout_ready_first-235r3ovggny03/s-hkfh10ejvf-0mulhlr-35jl42cxdh8dyrl3lt1w1mqfj/query-cache.bin	crossbeam-channel-bounded/.specula-output/repro/target-cr5/debug/incremental/specula_cr5_timeout_ready_first-235r3ovggny03/s-hkfh10ejvf-0mulhlr-35jl42cxdh8dyrl3lt1w1mqfj/query-cache.bin	file	0600	1784153990597041372	896531	dd48e1577a09c017e8e9323a9aafc70d1371bd4c790d22fccad777d149ac0c1f		copy	run-evidence		
crossbeam-channel-bounded/.specula-output/repro/target-cr5/debug/incremental/specula_cr5_timeout_ready_first-235r3ovggny03/s-hkfh10ejvf-0mulhlr-35jl42cxdh8dyrl3lt1w1mqfj/work-products.bin	crossbeam-channel-bounded/.specula-output/repro/target-cr5/debug/incremental/specula_cr5_timeout_ready_first-235r3ovggny03/s-hkfh10ejvf-0mulhlr-35jl42cxdh8dyrl3lt1w1mqfj/work-products.bin	file	0600	1784153990602041473	8106	83ff24f5de53305753add2a9d2acafdd60a3336ae4a8522912a5d4d86bcb03e9		copy	run-evidence		
crossbeam-channel-bounded/.specula-output/repro/target-cr5/debug/incremental/specula_cr5_timeout_ready_first-235r3ovggny03/s-hkfh10ejvf-0mulhlr.lock	crossbeam-channel-bounded/.specula-output/repro/target-cr5/debug/incremental/specula_cr5_timeout_ready_first-235r3ovggny03/s-hkfh10ejvf-0mulhlr.lock	file	0600	1784153990418037767	0	e3b0c44298fc1c149afbf4c8996fb92427ae41e4649b934ca495991b7852b855		copy	run-evidence		
crossbeam-channel-bounded/.specula-output/repro/target-cr5/tmp	crossbeam-channel-bounded/.specula-output/repro/target-cr5/tmp	directory	0700	1784153989608021452				mkdir	run-directory		
crossbeam-channel-bounded/.specula-output/repro/test_bugCR-3_selection_single_winner.output.txt	crossbeam-channel-bounded/.specula-output/repro/test_bugCR-3_selection_single_winner.output.txt	file	0600	1784153604697247508	1398	f0cfdd0a1d9e36bf8c1d9f82139760d0574da446b69c3828de220b8b1e6c8a1b		copy	run-evidence		
crossbeam-channel-bounded/.specula-output/repro/test_bugCR-3_selection_single_winner.sh	crossbeam-channel-bounded/.specula-output/repro/test_bugCR-3_selection_single_winner.sh	file	0700	1784153577646698319	7134	0a072723b25df5f1f10ad7e74aa410d6445b94895bc468febbea647e91c07e46		copy	run-evidence		
crossbeam-channel-bounded/.specula-output/repro/test_bugCR-4_zero_packet_ownership.sh	crossbeam-channel-bounded/.specula-output/repro/test_bugCR-4_zero_packet_ownership.sh	file	0700	1784153664299463632	9716	57c4244fb16eb175b9665c686d614ac75d841ef3a81519d069aeff07c5299573		copy	run-evidence		
crossbeam-channel-bounded/.specula-output/repro/test_bugCR-5_timeout_ready_first.sh	crossbeam-channel-bounded/.specula-output/repro/test_bugCR-5_timeout_ready_first.sh	file	0700	1784153974631720211	3811	560e9f0cd22239c4bcb39da48dd9e5fcc3f3d996234ec8caf627b68c31cf067c		copy	run-evidence		
crossbeam-channel-bounded/.specula-output/repro/test_bugMC-1_array_try_recv_spin.sh	crossbeam-channel-bounded/.specula-output/repro/test_bugMC-1_array_try_recv_spin.sh	file	0700	1784152906872706906	4074	473f1556520771ee5d9bf57c5742c84855f3ba00678dc610c89e459e6c417259		copy	run-evidence		
crossbeam-channel-bounded/.specula-output/repro/test_bugMC-2_last_receiver_drop_retains.sh	crossbeam-channel-bounded/.specula-output/repro/test_bugMC-2_last_receiver_drop_retains.sh	file	0700	1784152882905231937	2704	241620d8bb3ec2f94ea71b7c0d159f49895abd9e4bb55029755d67e9a3e5b461		copy	run-evidence		
crossbeam-channel-bounded/.specula-output/spec	crossbeam-channel-bounded/.specula-output/spec	directory	0700	1784693579031258595				mkdir	run-directory		
crossbeam-channel-bounded/.specula-output/spec-gen.activity.jsonl	crossbeam-channel-bounded/.specula-output/spec-gen.activity.jsonl	file	0600	1784140071080926502	37786	57613b9a8fd843c187b155227202a12e2091a4c544cc8248d28973c2e6acddfe		copy	run-evidence		
crossbeam-channel-bounded/.specula-output/spec-gen.last-message.txt	crossbeam-channel-bounded/.specula-output/spec-gen.last-message.txt	file	0600	1784140071094926798	1867	f45280bf55b5fb00bdb7ece8519304cab853a30bd67422c759187bcfccf1ae84		copy	run-evidence		
crossbeam-channel-bounded/.specula-output/spec-gen.log	crossbeam-channel-bounded/.specula-output/spec-gen.log	file	0600	1784140071041925677	15805	c7098c981f7aee2111d00e2b04f9d19b699454bfa1163b342d881a659cc55fa6		copy	run-evidence		
crossbeam-channel-bounded/.specula-output/spec-gen.pid		file	0600	1784138984234921530	7	a0e83166d1114af22523fb136ab92507418ae7ebd9b384c5d9df2e3ff4ce6795		exclude	non-evidence	ephemeral-process-id	
crossbeam-channel-bounded/.specula-output/spec-gen.usage.json	crossbeam-channel-bounded/.specula-output/spec-gen.usage.json	file	0600	1784140071790941527	245	4e33d8f0c5818d9a766b1a426cba0cf4193668496633c304fde1b47ab8ebc891		copy	run-evidence		
crossbeam-channel-bounded/.specula-output/spec-validation.activity.jsonl	crossbeam-channel-bounded/.specula-output/spec-validation.activity.jsonl	file	0600	1784152431245041675	142373	809ba04dd6bfddd8cc23639c406c984144d29dfaa38650a40146ba6de90c7082		copy	run-evidence		
crossbeam-channel-bounded/.specula-output/spec-validation.last-message.txt	crossbeam-channel-bounded/.specula-output/spec-validation.last-message.txt	file	0600	1784152431263042048	1061	816deaf51104deb023d469897edaa23ef12e0bdca0544b716deb4f4b1ecd69b3		copy	run-evidence		
crossbeam-channel-bounded/.specula-output/spec-validation.log	crossbeam-channel-bounded/.specula-output/spec-validation.log	file	0600	1784152431184040409	50226	e8acae34bc9fcef840ad12aa2db537e239fd99e66f2061e1623bfe9627c2ad7a		copy	run-evidence		
crossbeam-channel-bounded/.specula-output/spec-validation.pid		file	0600	1784141412138033516	7	785ad8639ce970c2e97cd56f524b05477505f4b169f30e6b353d350cd834b37a		exclude	non-evidence	ephemeral-process-id	
crossbeam-channel-bounded/.specula-output/spec-validation.usage.json	crossbeam-channel-bounded/.specula-output/spec-validation.usage.json	file	0600	1784152431834053608	245	58f114ba3f0d2045dc85421d5578c66df8ad563fa7cfe51209ea4aecf7a3d4b5		copy	run-evidence		
crossbeam-channel-bounded/.specula-output/spec/.candidates-cache.json	crossbeam-channel-bounded/.specula-output/spec/.candidates-cache.json	file	0600	1784152636545250447	188	39cd9ae5fa51987ba38cfbc507175ac9d4283499c2d93f9576fdbf53552db078		copy	run-evidence		
crossbeam-channel-bounded/.specula-output/spec/.consolidate.last-message.txt	crossbeam-channel-bounded/.specula-output/spec/.consolidate.last-message.txt	file	0600	1784152635794235451	5	ed251864987c367e9641fbdc89c1d83e9bf0fa2e3eecef8f301c79f619bfac81		copy	run-evidence		
crossbeam-channel-bounded/.specula-output/spec/.consolidate.log	crossbeam-channel-bounded/.specula-output/spec/.consolidate.log	file	0600	1784152635794235451	153687	6042536f283ce9ee3969e864ef628b801555fcfe3c75cc54f3884e49774064da		copy	run-evidence		
crossbeam-channel-bounded/.specula-output/spec/.consolidate.prompt.md	crossbeam-channel-bounded/.specula-output/spec/.consolidate.prompt.md	file	0600	1784152437364165554	3343	b07625bf38a05345766c7c2158082a273307ae54d83732992b27610b6cc0f19e		copy	run-evidence		
crossbeam-channel-bounded/.specula-output/spec/.consolidate.usage.json	crossbeam-channel-bounded/.specula-output/spec/.consolidate.usage.json	file	0600	1784152636537250287	245	e5720cadea75cc32371e2425cb10ee59706fab186213a49fb16d972ffdac63c6		copy	run-evidence		
crossbeam-channel-bounded/.specula-output/spec/MC.cfg	crossbeam-channel-bounded/.specula-output/spec/MC.cfg	file	0600	1784139666873599666	1120	9b4a19043aaca715fdf5e85d1ad87ca84d7407592ab979710ebf494efb289f34		copy	run-evidence		
crossbeam-channel-bounded/.specula-output/spec/MC.tla	crossbeam-channel-bounded/.specula-output/spec/MC.tla	file	0600	1784139772431702264	6753	f343c256f4ba0250bf151616bc3c685c09ddfcebd9441d88c7c101a2239095c3		copy	run-evidence		
crossbeam-channel-bounded/.specula-output/spec/MC_TTrace_1784144388.bin	crossbeam-channel-bounded/.specula-output/spec/MC_TTrace_1784144388.bin	file	0600	1784144389864387470	1655	830ec2dfd9c1af7b1171e2e8a16f42bce9fd54a33504c7a060e3612ba6bdfa02		copy	run-evidence		
crossbeam-channel-bounded/.specula-output/spec/MC_TTrace_1784144388.tla	crossbeam-channel-bounded/.specula-output/spec/MC_TTrace_1784144388.tla	file	0600	1784144389942389088	19754	cb903bd9b1bbe337faa514440ebc96ee90a7689d4045672b9a0787a85c6a3b6b		copy	run-evidence		
crossbeam-channel-bounded/.specula-output/spec/MC_TTrace_1784146441.bin	crossbeam-channel-bounded/.specula-output/spec/MC_TTrace_1784146441.bin	file	0600	1784146441763417459	1662	466ab87cf0e469dfa22f56730c6ac33ec45ef55a49845219012370e6e4504260		copy	run-evidence		
crossbeam-channel-bounded/.specula-output/spec/MC_TTrace_1784146441.tla	crossbeam-channel-bounded/.specula-output/spec/MC_TTrace_1784146441.tla	file	0600	1784146441785417917	19754	bca93997b2564217dcce311afc49f5adf9dcbe8319d5220ff5b4b7fdbf717a63		copy	run-evidence		
crossbeam-channel-bounded/.specula-output/spec/MC_TTrace_1784146496.bin	crossbeam-channel-bounded/.specula-output/spec/MC_TTrace_1784146496.bin	file	0600	1784146497145544707	1637	5450603bffed0be89ab97706f16af94e02c14503071fc1f6dc7efd39ab630615		copy	run-evidence		
crossbeam-channel-bounded/.specula-output/spec/MC_TTrace_1784146496.tla	crossbeam-channel-bounded/.specula-output/spec/MC_TTrace_1784146496.tla	file	0600	1784146497171545244	19726	cb0902b17c4ff4ef65d5ae4e6cdb9ee980d4aee1e596c199ec3baf52c8003684		copy	run-evidence		
crossbeam-channel-bounded/.specula-output/spec/MC_TTrace_1784146531.bin	crossbeam-channel-bounded/.specula-output/spec/MC_TTrace_1784146531.bin	file	0600	1784146533922295961	2001	c1b2d9ddbac99ed2ba406f355a077f11518cd725ddb81ea4c2c27b6ef99ec265		copy	run-evidence		
crossbeam-channel-bounded/.specula-output/spec/MC_TTrace_1784146531.tla	crossbeam-channel-bounded/.specula-output/spec/MC_TTrace_1784146531.tla	file	0600	1784146533950296533	29304	f1a43c3a8de723edad696190292621a447a503cfef64e38956df06dc572609fc		copy	run-evidence		
crossbeam-channel-bounded/.specula-output/spec/MC_hunt_family1_array_reservation.cfg	crossbeam-channel-bounded/.specula-output/spec/MC_hunt_family1_array_reservation.cfg	file	0600	1784139666873599666	551	c8042354cc3565dc65a86b6fc17b8f2fde802ae89d84b415977df01d83c833a3		copy	run-evidence		
crossbeam-channel-bounded/.specula-output/spec/MC_hunt_family2_disconnect_retention.cfg	crossbeam-channel-bounded/.specula-output/spec/MC_hunt_family2_disconnect_retention.cfg	file	0600	1784139666873599666	587	ffe9ed10aa2a935d794289dd8ef128d17239e68c650d2f9d307fce8ec01eba23		copy	run-evidence		
crossbeam-channel-bounded/.specula-output/spec/MC_hunt_family3_select_single_commit.cfg	crossbeam-channel-bounded/.specula-output/spec/MC_hunt_family3_select_single_commit.cfg	file	0600	1784139666873599666	470	4dfa2c14ed667ad113fef73aac36d2fba0a375096108da3a7b8a840c3c9932f1		copy	run-evidence		
crossbeam-channel-bounded/.specula-output/spec/MC_hunt_family4_zero_rendezvous.cfg	crossbeam-channel-bounded/.specula-output/spec/MC_hunt_family4_zero_rendezvous.cfg	file	0600	1784139666873599666	513	e80f7fded64fe4c173476946f43be3182b41e9743c27204b92cf99f53ab10c73		copy	run-evidence		
crossbeam-channel-bounded/.specula-output/spec/MC_hunt_family5_timeout_race.cfg	crossbeam-channel-bounded/.specula-output/spec/MC_hunt_family5_timeout_race.cfg	file	0600	1784139666873599666	550	e16ada985f36af7e875827c5681fb75aea78a69eeeefb2ad52adff83d74a183b		copy	run-evidence		
crossbeam-channel-bounded/.specula-output/spec/Trace.cfg	crossbeam-channel-bounded/.specula-output/spec/Trace.cfg	file	0600	1784141637204524409	571	28f8f9f732c9593ba33d21b6caf4868578d376c822bb8082f7a8c5c6c985763f		copy	run-evidence		
crossbeam-channel-bounded/.specula-output/spec/Trace.tla	crossbeam-channel-bounded/.specula-output/spec/Trace.tla	file	0600	1784141829047326790	7627	1fa742178f5a02908bddd4fb783af98413ddb1569ab8e6f8c7cc5b8e4de5591c		copy	run-evidence		
crossbeam-channel-bounded/.specula-output/spec/Trace_TTrace_1784141336.bin	crossbeam-channel-bounded/.specula-output/spec/Trace_TTrace_1784141336.bin	file	0600	1784141337492534667	1008	9851731bb7b7e99e667b5964cdea4b924215350db2805c16434caa4ef4af5c7d		copy	run-evidence		
crossbeam-channel-bounded/.specula-output/spec/Trace_TTrace_1784141615.bin	crossbeam-channel-bounded/.specula-output/spec/Trace_TTrace_1784141615.bin	file	0600	1784141615896099447	1008	9851731bb7b7e99e667b5964cdea4b924215350db2805c16434caa4ef4af5c7d		copy	run-evidence		
crossbeam-channel-bounded/.specula-output/spec/Trace_TTrace_1784141660.bin	crossbeam-channel-bounded/.specula-output/spec/Trace_TTrace_1784141660.bin	file	0600	1784141661164998495	1040	8fa7b149f5a509a6744a1a394648b62ef85e064cf2fd0cb935008b14d3ec7432		copy	run-evidence		
crossbeam-channel-bounded/.specula-output/spec/Trace_TTrace_1784141661.tla	crossbeam-channel-bounded/.specula-output/spec/Trace_TTrace_1784141661.tla	file	0600	1784141662102017091	18457	b99bf86831863ea2b5bbb29a88ea5985775944a556310148dfbcad3ed95bada5		copy	run-evidence		
crossbeam-channel-bounded/.specula-output/spec/Trace_TTrace_1784141662.bin	crossbeam-channel-bounded/.specula-output/spec/Trace_TTrace_1784141662.bin	file	0600	1784141663034035573	1327	e3e326190875eff6aa51786d41764877ac840bc7e3ebfb45bd14791aba5e8a13		copy	run-evidence		
crossbeam-channel-bounded/.specula-output/spec/Trace_TTrace_1784141662.tla	crossbeam-channel-bounded/.specula-output/spec/Trace_TTrace_1784141662.tla	file	0600	1784141663046035810	22337	ac4c95b954c7086c39ef93ce7d8e16c96998211ba8fa5edc5eb5b53e5e5d2dfa		copy	run-evidence		
crossbeam-channel-bounded/.specula-output/spec/Trace_TTrace_1784141663.bin	crossbeam-channel-bounded/.specula-output/spec/Trace_TTrace_1784141663.bin	file	0600	1784141663946053568	1040	8fa7b149f5a509a6744a1a394648b62ef85e064cf2fd0cb935008b14d3ec7432		copy	run-evidence		
crossbeam-channel-bounded/.specula-output/spec/Trace_TTrace_1784141853.bin	crossbeam-channel-bounded/.specula-output/spec/Trace_TTrace_1784141853.bin	file	0600	1784141853899818372	1733	604bf9551ed2d9f8629b01ec4f2030810a6f8d95c1f5ed882c4d722525a6c13f		copy	run-evidence		
crossbeam-channel-bounded/.specula-output/spec/Trace_TTrace_1784141853.tla	crossbeam-channel-bounded/.specula-output/spec/Trace_TTrace_1784141853.tla	file	0600	1784141853910818590	32046	f00b37317c0ccd9afd26dce4251cef42be7c2fca0f73e9be8d535d7f8b82f42c		copy	run-evidence		
crossbeam-channel-bounded/.specula-output/spec/Trace_TTrace_1784141854.bin	crossbeam-channel-bounded/.specula-output/spec/Trace_TTrace_1784141854.bin	file	0600	1784141854848837201	1523	2ce9277f3c7d515a080c85b593c162b9a55be71b1d641f8df07efda2a6ba7ecb		copy	run-evidence		
crossbeam-channel-bounded/.specula-output/spec/Trace_TTrace_1784141854.tla	crossbeam-channel-bounded/.specula-output/spec/Trace_TTrace_1784141854.tla	file	0600	1784141854860837439	22352	12a39bc3209616bf3a78a1e597b54b9292aa3619b6b75f949755b6bbfbd5ec36		copy	run-evidence		
crossbeam-channel-bounded/.specula-output/spec/Trace_TTrace_1784141856.bin	crossbeam-channel-bounded/.specula-output/spec/Trace_TTrace_1784141856.bin	file	0600	1784141856712874168	1440	dc1cd74667292953f2b5bc01caf9251b2925c351c79ce61dc3f688749c8b176d		copy	run-evidence		
crossbeam-channel-bounded/.specula-output/spec/Trace_TTrace_1784141856.tla	crossbeam-channel-bounded/.specula-output/spec/Trace_TTrace_1784141856.tla	file	0600	1784141856727874466	20379	e0c6a982c84f05dc6c23a3c4b575d89dcf62d1873cdb50b998681516ca38901b		copy	run-evidence		
crossbeam-channel-bounded/.specula-output/spec/Trace_TTrace_1784141920.bin	crossbeam-channel-bounded/.specula-output/spec/Trace_TTrace_1784141920.bin	file	0600	1784141920560140789	1339	36fac34030efb5368f2095f65ada8fe4529f856a854240f0d42a31906dbf93c5		copy	run-evidence		
crossbeam-channel-bounded/.specula-output/spec/Trace_TTrace_1784141920.tla	crossbeam-channel-bounded/.specula-output/spec/Trace_TTrace_1784141920.tla	file	0600	1784141920571141007	22306	aa89583369e76c70bc0fce2026cdc6c16a2cd39366a5a604fdad5b557fb9f2d4		copy	run-evidence		
crossbeam-channel-bounded/.specula-output/spec/Trace_TTrace_1784141964.bin	crossbeam-channel-bounded/.specula-output/spec/Trace_TTrace_1784141964.bin	file	0600	1784141965317032772	1541	b422c223315ec16d38ad73e2d302d9cf7fe2cafac57fc44b0d1078218c2139ed		copy	run-evidence		
crossbeam-channel-bounded/.specula-output/spec/Trace_TTrace_1784141964.tla	crossbeam-channel-bounded/.specula-output/spec/Trace_TTrace_1784141964.tla	file	0600	1784141965328032992	35944	dfe9c26075d133b5817b1d72ce8a55cde514df6f139e49af1c3034ed61cc487f		copy	run-evidence		
crossbeam-channel-bounded/.specula-output/spec/Trace_TTrace_1784142014.bin	crossbeam-channel-bounded/.specula-output/spec/Trace_TTrace_1784142014.bin	file	0600	1784142014859137378	1724	6cf5bfc9f59c456f45e5e7ef0219919725d6332c9e903d073a0942d564f7356f		copy	run-evidence		
crossbeam-channel-bounded/.specula-output/spec/Trace_TTrace_1784142014.tla	crossbeam-channel-bounded/.specula-output/spec/Trace_TTrace_1784142014.tla	file	0600	1784142014870137611	47665	da3b5978e1116ec31edc84170e9e83f26d350c4acba87defef1df1b81c538391		copy	run-evidence		
crossbeam-channel-bounded/.specula-output/spec/Trace_array_cap1.cfg	crossbeam-channel-bounded/.specula-output/spec/Trace_array_cap1.cfg	file	0600	1784141899632725378	571	003bf2655ba2181283233f072e76ccd87a25d1c95468ff376673fda7f53b6d10		copy	run-evidence		
crossbeam-channel-bounded/.specula-output/spec/Trace_zero.cfg	crossbeam-channel-bounded/.specula-output/spec/Trace_zero.cfg	file	0600	1784141899632725378	456	54b340ed8af8f80aa0b14223b5c68e9c61a5a1fa19ef2c6dbaa0c5e557a6cd81		copy	run-evidence		
crossbeam-channel-bounded/.specula-output/spec/base.cfg	crossbeam-channel-bounded/.specula-output/spec/base.cfg	file	0600	1784139666872599646	526	a5d21bcb8c63af24f10fa8f9296618a634e2b879195afc4e46ca78f364687c44		copy	run-evidence		
crossbeam-channel-bounded/.specula-output/spec/base.tla	crossbeam-channel-bounded/.specula-output/spec/base.tla	file	0600	1784144491439498202	42629	729654ff20e1945b11c9e4f0e1f4c5247c9316408b72fa798ef10bb8c961839e		copy	run-evidence		
crossbeam-channel-bounded/.specula-output/spec/brief-coverage.md	crossbeam-channel-bounded/.specula-output/spec/brief-coverage.md	file	0600	1784139666874599686	6448	8c951301316b88409e1805198567a3262d23c01e2cc73f1bedd84b42b588f571		copy	run-evidence		
crossbeam-channel-bounded/.specula-output/spec/bug-report.md	crossbeam-channel-bounded/.specula-output/spec/bug-report.md	file	0600	1784152349062314122	6318	6871e1d8afc6a6bfd1c13bd3b8e157f9b326a927086174592f90c4a7f31fce32		copy	run-evidence		
crossbeam-channel-bounded/.specula-output/spec/bug-severity.md	crossbeam-channel-bounded/.specula-output/spec/bug-severity.md	file	0600	1784154250020275874	1933	e5d8890adfc4a1694698adf57235e38af10d92e33a31395e8ecf7fc5e52c1975		copy	run-evidence		
crossbeam-channel-bounded/.specula-output/spec/candidates.json	crossbeam-channel-bounded/.specula-output/spec/candidates.json	file	0600	1784152578164058763	6406	cc59bd17f89e5f0f9fc5b7730cee540098da147aaafc896be1ffde547112b886		copy	run-evidence		
crossbeam-channel-bounded/.specula-output/spec/changelog.md	crossbeam-channel-bounded/.specula-output/spec/changelog.md	file	0600	1784152370332767020	3512	ee99497cd819d365e8788e7d0f85f84343f36aeb8a91c4d099b613d9255904d2		copy	run-evidence		
crossbeam-channel-bounded/.specula-output/spec/confirmation-generation.json	crossbeam-channel-bounded/.specula-output/spec/confirmation-generation.json	file	0600	1784152436951157193	88	8d1949154edd1bd4ec58a71db6525285d71efe5f0aae53731f27b8ea336e8687		copy	run-evidence		
crossbeam-channel-bounded/.specula-output/spec/confirmed-bugs.md	crossbeam-channel-bounded/.specula-output/spec/confirmed-bugs.md	file	0600	1784154101312268223	22338	7f517643126c8d4b2de7ed425e37ef13419fad3800093633396cfa04ff632d7b		copy	run-evidence		
crossbeam-channel-bounded/.specula-output/spec/findings.json	crossbeam-channel-bounded/.specula-output/spec/findings.json	file	0600	1784152363142611736	2364	46d123b1b4a8e20edd6420711793d714c4f473a06d16b7f2b228613087dcc722		copy	run-evidence		
crossbeam-channel-bounded/.specula-output/spec/instrumentation-spec.md	crossbeam-channel-bounded/.specula-output/spec/instrumentation-spec.md	file	0600	1784139666874599686	9463	7cb6fdc2454d590fa7d3c01eff68ff42d5edd73b4b08e3fcc12c60e759285f2c		copy	run-evidence		
crossbeam-channel-bounded/.specula-output/spec/output	crossbeam-channel-bounded/.specula-output/spec/output	directory	0700	1784150402160401228				mkdir	run-directory		
crossbeam-channel-bounded/.specula-output/spec/output/MC_hunt_family1_array_reservation_bfs.json	crossbeam-channel-bounded/.specula-output/spec/output/MC_hunt_family1_array_reservation_bfs.json	file	0600	1784144389857387325	11167	67414dfd29aeb658b64c3dfa73a414f496dd8ecd35fde42af51e028055d4c4c0		copy	run-evidence		
crossbeam-channel-bounded/.specula-output/spec/output/MC_hunt_family1_array_reservation_bfs.out	crossbeam-channel-bounded/.specula-output/spec/output/MC_hunt_family1_array_reservation_bfs.out	file	0600	1784144389942389088	9311	8fde9268e0c5719ee72d4a90de956365c3fcd3e1d27a655f86881d6cfa4430d2		copy	run-evidence		
crossbeam-channel-bounded/.specula-output/spec/output/MC_hunt_family1_array_reservation_bfs_post_guard.json	crossbeam-channel-bounded/.specula-output/spec/output/MC_hunt_family1_array_reservation_bfs_post_guard.json	file	0600	1784146441760417397	11167	6c25ceb5dd47ad0fa539c1e47bc2e888f56be77535c9c4227bc79decfd4d0109		copy	run-evidence		
crossbeam-channel-bounded/.specula-output/spec/output/MC_hunt_family1_array_reservation_bfs_post_guard.out	crossbeam-channel-bounded/.specula-output/spec/output/MC_hunt_family1_array_reservation_bfs_post_guard.out	file	0600	1784146441785417917	9312	d7c716ce9031d554ae4e4a179fd671f96098da9b700920199a4d6bc7b77f0e41		copy	run-evidence		
crossbeam-channel-bounded/.specula-output/spec/output/MC_hunt_family2_disconnect_retention_bfs.json	crossbeam-channel-bounded/.specula-output/spec/output/MC_hunt_family2_disconnect_retention_bfs.json	file	0600	1784146497140544604	11089	741103f735e32b82a6364c8e7b401750f21b3b6932e1c135a46b8a71eb9468b9		copy	run-evidence		
crossbeam-channel-bounded/.specula-output/spec/output/MC_hunt_family2_disconnect_retention_bfs.out	crossbeam-channel-bounded/.specula-output/spec/output/MC_hunt_family2_disconnect_retention_bfs.out	file	0600	1784146497171545244	9297	c9efa585f9723838fa46cfb4bfc65372b421c667ff70a187f5da8cb7d05a123b		copy	run-evidence		
crossbeam-channel-bounded/.specula-output/spec/output/MC_hunt_family3_select_single_commit_bfs.json	crossbeam-channel-bounded/.specula-output/spec/output/MC_hunt_family3_select_single_commit_bfs.json	file	0600	1784146533919295899	37071	f396fff4fc74e313809e181af02c826e212ec5f65c96fd4338032dedf6e33577		copy	run-evidence		
crossbeam-channel-bounded/.specula-output/spec/output/MC_hunt_family3_select_single_commit_bfs.out	crossbeam-channel-bounded/.specula-output/spec/output/MC_hunt_family3_select_single_commit_bfs.out	file	0600	1784146533950296533	19641	f7d1d662b1dd84e6287a654f90599b27a1318f189389f679a17a25f01bc64684		copy	run-evidence		
crossbeam-channel-bounded/.specula-output/spec/output/MC_hunt_family3_select_single_commit_bfs_nodeadlock.out	crossbeam-channel-bounded/.specula-output/spec/output/MC_hunt_family3_select_single_commit_bfs_nodeadlock.out	file	0600	1784146564884923800	4236	5e8348794adab77d86c40e260eeee02350a5edbb2b2145533b0b36d6e8ae3a18		copy	run-evidence		
crossbeam-channel-bounded/.specula-output/spec/output/MC_hunt_family3_select_single_commit_sim.out	crossbeam-channel-bounded/.specula-output/spec/output/MC_hunt_family3_select_single_commit_sim.out	file	0600	1784148379630158692	6502	19c3bc02837e5659f54258864a43acdd11ac6da1916e661fd33e183341846472		copy	run-evidence		
crossbeam-channel-bounded/.specula-output/spec/output/MC_hunt_family4_zero_rendezvous_bfs.out	crossbeam-channel-bounded/.specula-output/spec/output/MC_hunt_family4_zero_rendezvous_bfs.out	file	0600	1784148466805913811	4238	3007f56589899ecd339c4e48c7b573fb93f4932412fc415a6bad112c41877a4f		copy	run-evidence		
crossbeam-channel-bounded/.specula-output/spec/output/MC_hunt_family4_zero_rendezvous_sim.out	crossbeam-channel-bounded/.specula-output/spec/output/MC_hunt_family4_zero_rendezvous_sim.out	file	0600	1784150278529830835	6557	f1b5e06e87ff03785f77a242a0c4833ffe627b2f4ea230eafd55ad7d4820aa58		copy	run-evidence		
crossbeam-channel-bounded/.specula-output/spec/output/MC_hunt_family5_timeout_race_bfs.out	crossbeam-channel-bounded/.specula-output/spec/output/MC_hunt_family5_timeout_race_bfs.out	file	0600	1784150385402055836	4248	aec99a0bfb88f9aaabe5b2fd62cb963c9b8673471feee6dcf4be5ec87b0d9fae		copy	run-evidence		
crossbeam-channel-bounded/.specula-output/spec/output/MC_hunt_family5_timeout_race_sim.out	crossbeam-channel-bounded/.specula-output/spec/output/MC_hunt_family5_timeout_race_sim.out	file	0600	1784152202618070692	6567	ad87def3e69a2a8958865b7d39ddfdcdc80ca0daf5813f3d2987320424742c45		copy	run-evidence		
crossbeam-channel-bounded/.specula-output/spec/output/MC_round1.out	crossbeam-channel-bounded/.specula-output/spec/output/MC_round1.out	file	0600	1784142093768795856	2024	62a065b1fb140d8f3be8b1ac422c6f8a5c32791303a816bcc3ceddc1787d728c		copy	run-evidence		
crossbeam-channel-bounded/.specula-output/spec/output/MC_round1.out.pid		file	0600	1784142093676793922	7	5680cab954d92379825bcafe082e6b53107badbfd8f4f180f48c2c62cb453fe5		exclude	non-evidence	ephemeral-process-id	
crossbeam-channel-bounded/.specula-output/spec/output/MC_round1_direct.out	crossbeam-channel-bounded/.specula-output/spec/output/MC_round1_direct.out	file	0600	1784144184864006776	9066	0eb42a6b15f5cae666327a8fa2c086984db21b04296e464c467814f3b8eb4700		copy	run-evidence		
crossbeam-channel-bounded/.specula-output/spec/output/MC_round2_post_guard.out	crossbeam-channel-bounded/.specula-output/spec/output/MC_round2_post_guard.out	file	0600	1784146356337649435	8840	f8b560632bfab2fef4d312d59229d8f80a3332efe57fbf1b8f034859ca8a548d		copy	run-evidence		
crossbeam-channel-bounded/.specula-output/spec/output/trace_array_capacity_cleanup_Trace.out	crossbeam-channel-bounded/.specula-output/spec/output/trace_array_capacity_cleanup_Trace.out	file	0600	1784141657470925181	5350	9fb2955e7b24cc25276b578469966ebcf29db9ead82c39b5937a240ced7dcd8e		copy	run-evidence		
crossbeam-channel-bounded/.specula-output/spec/output/trace_array_capacity_cleanup_Trace_final_round1.out	crossbeam-channel-bounded/.specula-output/spec/output/trace_array_capacity_cleanup_Trace_final_round1.out	file	0600	1784142071402329926	5337	4f460d69adf30cb81b785d7cb006f8fc965e8367136dcf25668d6fa2aeb61889		copy	run-evidence		
crossbeam-channel-bounded/.specula-output/spec/output/trace_array_capacity_cleanup_Trace_round1.out	crossbeam-channel-bounded/.specula-output/spec/output/trace_array_capacity_cleanup_Trace_round1.out	file	0600	1784141850181744603	5339	0fee42fcc79e71e8889ba528badcf0fffbccddc8c1b011aecdf00e943ef5e40d		copy	run-evidence		
crossbeam-channel-bounded/.specula-output/spec/output/trace_array_capacity_cleanup_Trace_round2.out	crossbeam-channel-bounded/.specula-output/spec/output/trace_array_capacity_cleanup_Trace_round2.out	file	0600	1784141914065011809	5338	692016fc3723ca94b87cfcb2b31f13e1c8ae6141c8876f4c3357691ab05a9bed		copy	run-evidence		
crossbeam-channel-bounded/.specula-output/spec/output/trace_array_capacity_cleanup_post_guard.out	crossbeam-channel-bounded/.specula-output/spec/output/trace_array_capacity_cleanup_post_guard.out	file	0600	1784144517835043828	5787	f15aea74352c15cb56cf9613cacddd3823b5d3a63cc4f3170ca351d0a42dc960		copy	run-evidence		
crossbeam-channel-bounded/.specula-output/spec/output/trace_array_capacity_initial.out	crossbeam-channel-bounded/.specula-output/spec/output/trace_array_capacity_initial.out	file	0600	1784141615900099526	6753	4e8ff19d7e409dbfde96eef450be967efcffacd00472a68985630d579e13e1e3		copy	run-evidence		
crossbeam-channel-bounded/.specula-output/spec/output/trace_array_concurrent_overlap_Trace.out	crossbeam-channel-bounded/.specula-output/spec/output/trace_array_concurrent_overlap_Trace.out	file	0600	1784141658397943579	5350	d83974411157e91d9829405ecd005edc5dde843e1c293fa834075943f3d0021c		copy	run-evidence		
crossbeam-channel-bounded/.specula-output/spec/output/trace_array_concurrent_overlap_Trace_final_round1.out	crossbeam-channel-bounded/.specula-output/spec/output/trace_array_concurrent_overlap_Trace_final_round1.out	file	0600	1784142072337349633	5345	4f5eb5338145f06493a30a846522dfc90c6dea51632dc2ca77170d9903fa27da		copy	run-evidence		
crossbeam-channel-bounded/.specula-output/spec/output/trace_array_concurrent_overlap_Trace_round1.out	crossbeam-channel-bounded/.specula-output/spec/output/trace_array_concurrent_overlap_Trace_round1.out	file	0600	1784141851111763055	5333	502ae83c3f7c050459c4e0e6f82c8229c13743767c40e08b9d387f58615d9173		copy	run-evidence		
crossbeam-channel-bounded/.specula-output/spec/output/trace_array_concurrent_overlap_Trace_round2.out	crossbeam-channel-bounded/.specula-output/spec/output/trace_array_concurrent_overlap_Trace_round2.out	file	0600	1784141914999030357	5332	3651c6ac05f820c52040febff5f285fbaa62bbfc0aea4546cc976f5ef931835e		copy	run-evidence		
crossbeam-channel-bounded/.specula-output/spec/output/trace_array_concurrent_overlap_post_guard.out	crossbeam-channel-bounded/.specula-output/spec/output/trace_array_concurrent_overlap_post_guard.out	file	0600	1784144519823084615	5782	df12972bef5d1d451c792564abf80eac597bbd0b7d26b0e0062eadf76b19ebce		copy	run-evidence		
crossbeam-channel-bounded/.specula-output/spec/output/trace_array_endpoint_disconnect_cleanup_Trace.out	crossbeam-channel-bounded/.specula-output/spec/output/trace_array_endpoint_disconnect_cleanup_Trace.out	file	0600	1784141659354962572	5332	50ce86b2e145f605a0d8b605ca0e545bb85182050a5f31f001be2e35f20886da		copy	run-evidence		
crossbeam-channel-bounded/.specula-output/spec/output/trace_array_endpoint_disconnect_cleanup_Trace_final_round1.out	crossbeam-channel-bounded/.specula-output/spec/output/trace_array_endpoint_disconnect_cleanup_Trace_final_round1.out	file	0600	1784142073263369144	5332	a0495a848666969c9bccb08d257efbe0bd5715b02929ae9bf197ac2647e8bb5c		copy	run-evidence		
crossbeam-channel-bounded/.specula-output/spec/output/trace_array_endpoint_disconnect_cleanup_Trace_round1.out	crossbeam-channel-bounded/.specula-output/spec/output/trace_array_endpoint_disconnect_cleanup_Trace_round1.out	file	0600	1784141852044781567	5333	bfceadf131cd40971a624a31a7c20b17404c9b023525b27b8633c8e19a9a2be1		copy	run-evidence		
crossbeam-channel-bounded/.specula-output/spec/output/trace_array_endpoint_disconnect_cleanup_Trace_round2.out	crossbeam-channel-bounded/.specula-output/spec/output/trace_array_endpoint_disconnect_cleanup_Trace_round2.out	file	0600	1784141915930048846	5332	331f12b1b2e87546c0433a5bb99247aa1ef7add8eba2bb3b5bf29eb7c3f1ac0a		copy	run-evidence		
crossbeam-channel-bounded/.specula-output/spec/output/trace_array_endpoint_disconnect_cleanup_post_guard.out	crossbeam-channel-bounded/.specula-output/spec/output/trace_array_endpoint_disconnect_cleanup_post_guard.out	file	0600	1784144521614121360	5780	5617b03585e446343dc37e973f93dae2eab7a63b2e9cb0cdb58085fef3c9aebd		copy	run-evidence		
crossbeam-channel-bounded/.specula-output/spec/output/trace_array_recv_disconnected_Trace.out	crossbeam-channel-bounded/.specula-output/spec/output/trace_array_recv_disconnected_Trace.out	file	0600	1784141660260980553	5331	756a04c634009fd9a08197a5708eb1891e0ea0cfc51acc95f972de2e81a829f3		copy	run-evidence		
crossbeam-channel-bounded/.specula-output/spec/output/trace_array_recv_disconnected_Trace_final_round1.out	crossbeam-channel-bounded/.specula-output/spec/output/trace_array_recv_disconnected_Trace_final_round1.out	file	0600	1784142074181388486	5344	7cb556df6d2cc0c65a9c244820c7e8851e5614e177431d7497109540bdd17e0e		copy	run-evidence		
crossbeam-channel-bounded/.specula-output/spec/output/trace_array_recv_disconnected_Trace_round1.out	crossbeam-channel-bounded/.specula-output/spec/output/trace_array_recv_disconnected_Trace_round1.out	file	0600	1784141852955799642	5318	3ba9aca753aea54173dd83da87dd5300d9f1ba4bd41cafd025080f68f9338099		copy	run-evidence		
crossbeam-channel-bounded/.specula-output/spec/output/trace_array_recv_disconnected_Trace_round2.out	crossbeam-channel-bounded/.specula-output/spec/output/trace_array_recv_disconnected_Trace_round2.out	file	0600	1784141916840066918	5344	1f892bb275793838ed45b7cf5e1bd0af085ae307401d2ac95c0704254a17e208		copy	run-evidence		
crossbeam-channel-bounded/.specula-output/spec/output/trace_array_recv_disconnected_post_guard.out	crossbeam-channel-bounded/.specula-output/spec/output/trace_array_recv_disconnected_post_guard.out	file	0600	1784144523406158126	5778	bfd9c0be52181670ce68638dddd2aff00c5f39748937954e90aef1bfd92eddd4		copy	run-evidence		
crossbeam-channel-bounded/.specula-output/spec/output/trace_array_reservation_windows_Trace.out	crossbeam-channel-bounded/.specula-output/spec/output/trace_array_reservation_windows_Trace.out	file	0600	1784141661167998554	6765	97cd4be7da208074c9cee0e2ebd08a004753653e08ff85abf8c7b58f55abc66b		copy	run-evidence		
crossbeam-channel-bounded/.specula-output/spec/output/trace_array_reservation_windows_Trace_array_cap1_final_round1.out	crossbeam-channel-bounded/.specula-output/spec/output/trace_array_reservation_windows_Trace_array_cap1_final_round1.out	file	0600	1784142075136408608	5350	5d866629a4c72ed270f7be3d394ff316c4426515295420bf86c4f85be8ccf65b		copy	run-evidence		
crossbeam-channel-bounded/.specula-output/spec/output/trace_array_reservation_windows_Trace_array_cap1_round2.out	crossbeam-channel-bounded/.specula-output/spec/output/trace_array_reservation_windows_Trace_array_cap1_round2.out	file	0600	1784141917779085565	5350	c240aaf6b21bcb12a8f1b7829cc2beab7f646049b46625c220a8872ac6c25d9c		copy	run-evidence		
crossbeam-channel-bounded/.specula-output/spec/output/trace_array_reservation_windows_Trace_round1.out	crossbeam-channel-bounded/.specula-output/spec/output/trace_array_reservation_windows_Trace_round1.out	file	0600	1784141853910818590	23230	dcbde75c4c7b101c05fffb4b4f744df0785f32afb691dc68af2f56840f2ae805		copy	run-evidence		
crossbeam-channel-bounded/.specula-output/spec/output/trace_array_reservation_windows_post_guard.out	crossbeam-channel-bounded/.specula-output/spec/output/trace_array_reservation_windows_post_guard.out	file	0600	1784144525221195152	5773	01a641423500c92c405d8ea23e0dd993a0c7f71b4a34516725a3647478841160		copy	run-evidence		
crossbeam-channel-bounded/.specula-output/spec/output/trace_select_single_commit_zero_recv_Trace_zero.out	crossbeam-channel-bounded/.specula-output/spec/output/trace_select_single_commit_zero_recv_Trace_zero.out	file	0600	1784141662102017091	11047	9fc001f73505f3af54745772050142da4b6a193aa7b8dbca7c8d7c4925ceccf4		copy	run-evidence		
crossbeam-channel-bounded/.specula-output/spec/output/trace_select_single_commit_zero_recv_Trace_zero_final_round1.out	crossbeam-channel-bounded/.specula-output/spec/output/trace_select_single_commit_zero_recv_Trace_zero_final_round1.out	file	0600	1784142076073428351	5349	445be4b3c6818c100f342fc55b3e07a0c3a0786b8f77c5fa4d067f68946dc6b0		copy	run-evidence		
crossbeam-channel-bounded/.specula-output/spec/output/trace_select_single_commit_zero_recv_Trace_zero_round1.out	crossbeam-channel-bounded/.specula-output/spec/output/trace_select_single_commit_zero_recv_Trace_zero_round1.out	file	0600	1784141854860837439	13009	58d0a1cfe49248b6ece6491c6e628f3353fee90a37d1eac2b778992bcbfef920		copy	run-evidence		
crossbeam-channel-bounded/.specula-output/spec/output/trace_select_single_commit_zero_recv_Trace_zero_round2.out	crossbeam-channel-bounded/.specula-output/spec/output/trace_select_single_commit_zero_recv_Trace_zero_round2.out	file	0600	1784141918718104212	5335	3a1f627d2d767ae5b0b89ade942f6cd5f774b4bbc11cd060dbfb7ddbf727d734		copy	run-evidence		
crossbeam-channel-bounded/.specula-output/spec/output/trace_select_single_commit_zero_recv_post_guard.out	crossbeam-channel-bounded/.specula-output/spec/output/trace_select_single_commit_zero_recv_post_guard.out	file	0600	1784144527152234197	5768	0252eb1781c2844e954c1055fc8fb68f2e6891cbd0e33657e249cbd793e8a89d		copy	run-evidence		
crossbeam-channel-bounded/.specula-output/spec/output/trace_zero_disconnect_observe_Trace_zero.out	crossbeam-channel-bounded/.specula-output/spec/output/trace_zero_disconnect_observe_Trace_zero.out	file	0600	1784141663046035810	12964	f38f7efda1f0a4446d191cea21a60a773c880f5a31430b1d8fa0eeeb18bb6b00		copy	run-evidence		
crossbeam-channel-bounded/.specula-output/spec/output/trace_zero_disconnect_observe_Trace_zero_final_round1.out	crossbeam-channel-bounded/.specula-output/spec/output/trace_zero_disconnect_observe_Trace_zero_final_round1.out	file	0600	1784142077005447988	5345	c47dd2f62af73cd840090cd4363ca5efbbfee2f4a121504d1c7eeeb0b2627f77		copy	run-evidence		
crossbeam-channel-bounded/.specula-output/spec/output/trace_zero_disconnect_observe_Trace_zero_round1.out	crossbeam-channel-bounded/.specula-output/spec/output/trace_zero_disconnect_observe_Trace_zero_round1.out	file	0600	1784141855790855884	5343	e35c6017f3c2c74c49ffc3d8cf5a6f8d4a95a36900e2f305cb242f8aeeb9997a		copy	run-evidence		
crossbeam-channel-bounded/.specula-output/spec/output/trace_zero_disconnect_observe_Trace_zero_round2.out	crossbeam-channel-bounded/.specula-output/spec/output/trace_zero_disconnect_observe_Trace_zero_round2.out	file	0600	1784141919639122501	5330	5ea816395707d5b045e3b8acc73d867e32496fb65f5fea0541038b6019827836		copy	run-evidence		
crossbeam-channel-bounded/.specula-output/spec/output/trace_zero_disconnect_observe_post_guard.out	crossbeam-channel-bounded/.specula-output/spec/output/trace_zero_disconnect_observe_post_guard.out	file	0600	1784144528945270450	5779	da382c55ffdb2840c154ad1adb01f190b6e594656402b2cc6729474e215a395d		copy	run-evidence		
crossbeam-channel-bounded/.specula-output/spec/output/trace_zero_rendezvous_timeouts_Trace_zero.out	crossbeam-channel-bounded/.specula-output/spec/output/trace_zero_rendezvous_timeouts_Trace_zero.out	file	0600	1784141663951053667	6766	24b8773fa3d5e16b25e32f1c81d2b3025618e0b62f438f52d995fbd205dee369		copy	run-evidence		
crossbeam-channel-bounded/.specula-output/spec/output/trace_zero_rendezvous_timeouts_Trace_zero_final_round1.out	crossbeam-channel-bounded/.specula-output/spec/output/trace_zero_rendezvous_timeouts_Trace_zero_final_round1.out	file	0600	1784142077940467689	5337	f5759c5e03e8f4a2a982ec59672beec97995065a71b0b2c99f7abb1c30a4920b		copy	run-evidence		
crossbeam-channel-bounded/.specula-output/spec/output/trace_zero_rendezvous_timeouts_Trace_zero_round1.out	crossbeam-channel-bounded/.specula-output/spec/output/trace_zero_rendezvous_timeouts_Trace_zero_round1.out	file	0600	1784141856727874466	10953	f67f2347f9fd56e66346ea6cb4f3cfcf30a331790d06548f8ba7c2b4765c7dfc		copy	run-evidence		
crossbeam-channel-bounded/.specula-output/spec/output/trace_zero_rendezvous_timeouts_Trace_zero_round2.out	crossbeam-channel-bounded/.specula-output/spec/output/trace_zero_rendezvous_timeouts_Trace_zero_round2.out	file	0600	1784141920571141007	12946	b8a6d8416a9747027d666c57ecd7f0b41da8c4d9ebc4c75a62a51248a648fe64		copy	run-evidence		
crossbeam-channel-bounded/.specula-output/spec/output/trace_zero_rendezvous_timeouts_Trace_zero_round3.out	crossbeam-channel-bounded/.specula-output/spec/output/trace_zero_rendezvous_timeouts_Trace_zero_round3.out	file	0600	1784141965329033012	27335	330c9e5948668ee6eecf24549c09460863e95543e6cd39d8c0b2c5e8e4af4610		copy	run-evidence		
crossbeam-channel-bounded/.specula-output/spec/output/trace_zero_rendezvous_timeouts_Trace_zero_round4.out	crossbeam-channel-bounded/.specula-output/spec/output/trace_zero_rendezvous_timeouts_Trace_zero_round4.out	file	0600	1784142014870137611	39698	68a468d1223b85785fbf68b6cc29ed570954aa68ce27a0a5ef27fa69036d58d8		copy	run-evidence		
crossbeam-channel-bounded/.specula-output/spec/output/trace_zero_rendezvous_timeouts_Trace_zero_round5.out	crossbeam-channel-bounded/.specula-output/spec/output/trace_zero_rendezvous_timeouts_Trace_zero_round5.out	file	0600	1784142056995027595	5339	e998c1107b120a6e145575797639683d5a66389b9e058066c502722d61dd7f41		copy	run-evidence		
crossbeam-channel-bounded/.specula-output/spec/output/trace_zero_rendezvous_timeouts_post_guard.out	crossbeam-channel-bounded/.specula-output/spec/output/trace_zero_rendezvous_timeouts_post_guard.out	file	0600	1784144530897309920	5785	feeb134ce64dbd656be5b1ae242d453a4ea216dc4af0d5e850c8d431413f0a3d		copy	run-evidence		
crossbeam-channel-bounded/.specula-output/traces	crossbeam-channel-bounded/.specula-output/traces	directory	0700	1784141835507454654				mkdir	run-directory		
crossbeam-channel-bounded/.specula-output/traces/array_capacity_cleanup.ndjson	crossbeam-channel-bounded/.specula-output/traces/array_capacity_cleanup.ndjson	file	0600	1784141835361451757	2461	1cc3959678f9ca9520c7e4f4b72df965366adec8dac27d23890f6576cd34b2ca		copy	run-evidence		
crossbeam-channel-bounded/.specula-output/traces/array_concurrent_overlap.ndjson	crossbeam-channel-bounded/.specula-output/traces/array_concurrent_overlap.ndjson	file	0600	1784141835423452987	1705	5184f93c9a5ae4fb4f0effea0784514b02b821cf8becf4568e9c0fda184f80a9		copy	run-evidence		
crossbeam-channel-bounded/.specula-output/traces/array_endpoint_disconnect_cleanup.ndjson	crossbeam-channel-bounded/.specula-output/traces/array_endpoint_disconnect_cleanup.ndjson	file	0600	1784141835382452174	1708	513aae4872b4d01bceed71b0b06f34285ff313163f4ae1837aa85d16912bac0e		copy	run-evidence		
crossbeam-channel-bounded/.specula-output/traces/array_recv_disconnected.ndjson	crossbeam-channel-bounded/.specula-output/traces/array_recv_disconnected.ndjson	file	0600	1784141835403452590	724	8892773e463905c72bae151a1c5121de82a408a6d2d0554999c9f1f9353457db		copy	run-evidence		
crossbeam-channel-bounded/.specula-output/traces/array_reservation_windows.ndjson	crossbeam-channel-bounded/.specula-output/traces/array_reservation_windows.ndjson	file	0600	1784141835444453404	2881	f06e3a9d0f8bb45df91a7880820fa82c21e084505da9df3db529c2798378292e		copy	run-evidence		
crossbeam-channel-bounded/.specula-output/traces/raw	crossbeam-channel-bounded/.specula-output/traces/raw	directory	0700	1784141835308450705				mkdir	run-directory		
crossbeam-channel-bounded/.specula-output/traces/raw/array_capacity_cleanup-t1.ndjson	crossbeam-channel-bounded/.specula-output/traces/raw/array_capacity_cleanup-t1.ndjson	file	0600	1784141835245449455	2676	0ee3b6305291edf07567b1b7664771530a864a29e8fa8f59724b1ac92f76270b		copy	run-evidence		
crossbeam-channel-bounded/.specula-output/traces/raw/array_concurrent_overlap-t1.ndjson	crossbeam-channel-bounded/.specula-output/traces/raw/array_concurrent_overlap-t1.ndjson	file	0600	1784141835245449455	452	e7132c5190f9a58a19fe888e42b14e833468b3c7dc6fb00d79d243906d350016		copy	run-evidence		
crossbeam-channel-bounded/.specula-output/traces/raw/array_concurrent_overlap-t2.ndjson	crossbeam-channel-bounded/.specula-output/traces/raw/array_concurrent_overlap-t2.ndjson	file	0600	1784141835245449455	452	787f02cfb3262dbb02fca445931ce1603acb208858c0c8cdae890df630b45632		copy	run-evidence		
crossbeam-channel-bounded/.specula-output/traces/raw/array_concurrent_overlap-t3.ndjson	crossbeam-channel-bounded/.specula-output/traces/raw/array_concurrent_overlap-t3.ndjson	file	0600	1784141835245449455	880	ebb9f51f5a63486363c85f5660876eafd3fcd23a7a33e58f3d296a5860b75de1		copy	run-evidence		
crossbeam-channel-bounded/.specula-output/traces/raw/array_endpoint_disconnect_cleanup-t1.ndjson	crossbeam-channel-bounded/.specula-output/traces/raw/array_endpoint_disconnect_cleanup-t1.ndjson	file	0600	1784141835245449455	1793	29ad01040b1d5dafb130528c90375669b1328c16a6181b36edcd5f8f08467a0d		copy	run-evidence		
crossbeam-channel-bounded/.specula-output/traces/raw/array_recv_disconnected-t1.ndjson	crossbeam-channel-bounded/.specula-output/traces/raw/array_recv_disconnected-t1.ndjson	file	0600	1784141835246449475	667	007a22266d345c62168248811af59418b8d4e4ec9b13dfc43ba6a49ea449dee7		copy	run-evidence		
crossbeam-channel-bounded/.specula-output/traces/raw/array_reservation_windows-t1.ndjson	crossbeam-channel-bounded/.specula-output/traces/raw/array_reservation_windows-t1.ndjson	file	0600	1784141835286450269	2253	58ad1bddf70af99091cbeacb790e28781162a4a577ba0cdad2d8977111109686		copy	run-evidence		
crossbeam-channel-bounded/.specula-output/traces/raw/array_reservation_windows-t2.ndjson	crossbeam-channel-bounded/.specula-output/traces/raw/array_reservation_windows-t2.ndjson	file	0600	1784141835286450269	892	b2e68cfd1d07311e9dd9006903dddc61d90efcf3ddaa026bef992d1bbc237599		copy	run-evidence		
crossbeam-channel-bounded/.specula-output/traces/raw/select_single_commit_zero_recv-t1.ndjson	crossbeam-channel-bounded/.specula-output/traces/raw/select_single_commit_zero_recv-t1.ndjson	file	0600	1784141835297450487	488	59dbf37a17a2c766112f0093d10e1cff61edd68badf8127d9992a28883d0b632		copy	run-evidence		
crossbeam-channel-bounded/.specula-output/traces/raw/select_single_commit_zero_recv-t2.ndjson	crossbeam-channel-bounded/.specula-output/traces/raw/select_single_commit_zero_recv-t2.ndjson	file	0600	1784141835297450487	1372	7c6bfdf506d85b217f97e8c05c060d06937046bd89dc809a702743c0cecb7c2a		copy	run-evidence		
crossbeam-channel-bounded/.specula-output/traces/raw/zero_disconnect_observe-t1.ndjson	crossbeam-channel-bounded/.specula-output/traces/raw/zero_disconnect_observe-t1.ndjson	file	0600	1784141835307450685	437	c6d3b71e03baeeaf8ef74fdb119cee81bfc3af6f169343aec0718b1b68384b55		copy	run-evidence		
crossbeam-channel-bounded/.specula-output/traces/raw/zero_disconnect_observe-t2.ndjson	crossbeam-channel-bounded/.specula-output/traces/raw/zero_disconnect_observe-t2.ndjson	file	0600	1784141835307450685	678	0904b9dd2e43cc9f3ad9ac61e0022436e827bee4bfd726f84c7e2017ab360091		copy	run-evidence		
crossbeam-channel-bounded/.specula-output/traces/raw/zero_rendezvous_timeouts-t1.ndjson	crossbeam-channel-bounded/.specula-output/traces/raw/zero_rendezvous_timeouts-t1.ndjson	file	0600	1784141835338451301	2754	4c8790613d2766cd64842d6cac06ffdb7d3adc11f54cfe9959122522a42304f3		copy	run-evidence		
crossbeam-channel-bounded/.specula-output/traces/raw/zero_rendezvous_timeouts-t2.ndjson	crossbeam-channel-bounded/.specula-output/traces/raw/zero_rendezvous_timeouts-t2.ndjson	file	0600	1784141835338451301	1172	a0bc7ddbdd50d99a50395e7e1ebd24a52e4aebf5bdb0a62b58658c62aedeaf3a		copy	run-evidence		
crossbeam-channel-bounded/.specula-output/traces/select_single_commit_zero_recv.ndjson	crossbeam-channel-bounded/.specula-output/traces/select_single_commit_zero_recv.ndjson	file	0600	1784141835507454654	1780	f71ba0d9605e17ebe4369ea2ad8fb2da3ca911023c6cbde3821fe34151369879		copy	run-evidence		
crossbeam-channel-bounded/.specula-output/traces/zero_disconnect_observe.ndjson	crossbeam-channel-bounded/.specula-output/traces/zero_disconnect_observe.ndjson	file	0600	1784141835485454217	1117	3e46365e6ca52df339ab19611debf1dc4996c8a37d2bb84220e924fcb032355d		copy	run-evidence		
crossbeam-channel-bounded/.specula-output/traces/zero_rendezvous_timeouts.ndjson	crossbeam-channel-bounded/.specula-output/traces/zero_rendezvous_timeouts.ndjson	file	0600	1784141835465453821	3571	16683ff94022104bbda81acf6aef1eaddaecb0abc3e502272768915108f4b12c		copy	run-evidence		
external:artifact	.record/source-snapshots/external-artifact-539554476da0.tar	directory	0700	1784138560688387798	1706419	e28fca722bb818d753f5482b1e1f4232f39f2b336b38a8add7621556a3bd64d1		snapshot	source-snapshot	non-git-source-snapshot	"{""codec"": ""zstd"", ""codec_version"": ""1.5.5"", ""content_entries"": 226, ""content_id"": ""sha256:e28fca722bb818d753f5482b1e1f4232f39f2b336b38a8add7621556a3bd64d1"", ""content_manifest"": "".record/source-snapshots/external-artifact-539554476da0.tar.files.tsv"", ""content_manifest_bytes"": 27838, ""content_manifest_sha256"": ""6ef9e0900805f35296d8509ccab74cb9827fb66330fa38899ecd090f28c4a21d"", ""encoded_bytes"": 375192, ""encoded_sha256"": ""cfdb5a228cf53876ab518615f0978a70199127c304da867e774c2653cbdfff22"", ""parts"": [{""bytes"": 375192, ""path"": ""external-artifact-539554476da0.tar.zst"", ""sha256"": ""cfdb5a228cf53876ab518615f0978a70199127c304da867e774c2653cbdfff22""}], ""tar_bytes"": 2088960, ""tar_sha256"": ""b3b8bbb463b1535900260a0f823dbab179cc237c108ebffe4942755ef9d816a6""}"
pipeline-summary.md	pipeline-summary.md	file	0600	1784154298968310697	1029	a4a43307ee615102dba6b1119b35ab59e5878e3d61026736064ccbb0739216bf		copy	run-evidence		
pipeline.log	pipeline.log	file	0600	1784154298968310697	314690	48a267c059aa841df329c528452b09d952804814ce2d11fd8b54181b076e4d7a		copy	run-evidence		
run.json	run.json	file	0600	1784137694931807378	959	879961fe605ceed59feeb44f467b0c255c2e08c9c17a008aa7083e527137dd85		copy	run-evidence		
tlc-resources.json	tlc-resources.json	file	0600	1784137694925807259	69	956d517f25871eb7b57781472b71aa2c2a4d27f67c40580600fb31b14137f9bc		copy	run-evidence		
