TLC2 Version 2026.09.23.154203 (rev: 4260e47)
Running breadth-first search Model-Checking with fp 26 and seed 7512708238881344055 with 4 workers on 16 cores with 3925MB heap and 12288MB offheap memory [pid: 3366154] (Linux 6.8.0-1044-azure amd64, Ubuntu 21.0.11 64bit, OffHeapDiskFPSet, DiskStateQueue).
Parsing file /home/ubuntu/specula-nvflare-gpt-continuation-20260926/framework/runs/gpt-continuation/nvflare-job/.specula-output/spec/output/continuation-H3-u1_startup_gap/MC_OutcomeProbes.tla
Parsing file /home/ubuntu/specula-nvflare-gpt-continuation-20260926/framework/runs/gpt-continuation/nvflare-job/.specula-output/spec/output/continuation-H3-u1_startup_gap/MC.tla
Parsing file /tmp/tlc-3612475949967374754/_JsonTrace.tla (jar:file:/home/ubuntu/specula-nvflare-gpt-continuation-20260926/framework/lib/tla2tools.jar!/tla2sany/StandardModules/_JsonTrace.tla)
Parsing file /tmp/tlc-3612475949967374754/_TLCTrace.tla (jar:file:/home/ubuntu/specula-nvflare-gpt-continuation-20260926/framework/lib/tla2tools.jar!/tla2sany/StandardModules/_TLCTrace.tla)
Parsing file /home/ubuntu/specula-nvflare-gpt-continuation-20260926/framework/runs/gpt-continuation/nvflare-job/.specula-output/spec/output/continuation-H3-u1_startup_gap/base.tla
Parsing file /tmp/tlc-3612475949967374754/Integers.tla (jar:file:/home/ubuntu/specula-nvflare-gpt-continuation-20260926/framework/lib/tla2tools.jar!/tla2sany/StandardModules/Integers.tla)
Parsing file /tmp/tlc-3612475949967374754/Sequences.tla (jar:file:/home/ubuntu/specula-nvflare-gpt-continuation-20260926/framework/lib/tla2tools.jar!/tla2sany/StandardModules/Sequences.tla)
Parsing file /tmp/tlc-3612475949967374754/FiniteSets.tla (jar:file:/home/ubuntu/specula-nvflare-gpt-continuation-20260926/framework/lib/tla2tools.jar!/tla2sany/StandardModules/FiniteSets.tla)
Parsing file /tmp/tlc-3612475949967374754/TLC.tla (jar:file:/home/ubuntu/specula-nvflare-gpt-continuation-20260926/framework/lib/tla2tools.jar!/tla2sany/StandardModules/TLC.tla)
Parsing file /tmp/tlc-3612475949967374754/Naturals.tla (jar:file:/home/ubuntu/specula-nvflare-gpt-continuation-20260926/framework/lib/tla2tools.jar!/tla2sany/StandardModules/Naturals.tla)
Parsing file /tmp/tlc-3612475949967374754/TLCExt.tla (jar:file:/home/ubuntu/specula-nvflare-gpt-continuation-20260926/framework/lib/tla2tools.jar!/tla2sany/StandardModules/TLCExt.tla)
Parsing file /tmp/tlc-3612475949967374754/Json.tla (jar:file:/home/ubuntu/specula-nvflare-gpt-continuation-20260926/framework/lib/tla2tools.jar!/tla2sany/StandardModules/Json.tla)
Semantic processing of module Naturals
Semantic processing of module Integers
Semantic processing of module Sequences
Semantic processing of module FiniteSets
Semantic processing of module TLC
Semantic processing of module base
Semantic processing of module MC
Semantic processing of module TLCExt
Semantic processing of module Json
Semantic processing of module _JsonTrace
Semantic processing of module _TLCTrace
Semantic processing of module MC_OutcomeProbes
Linting of module base
Linting of module MC
Linting of module TLCExt
Linting of module Json
Linting of module _JsonTrace
Linting of module _TLCTrace
Linting of module MC_OutcomeProbes
Starting... (2026-09-26 12:55:03)
Warning: The set p@@q has been defined to be a symmetry set but contains less than two elements.
(Use the -nowarning option to disable this warning.)
Computing initial states...
Finished computing initial states: 1 distinct state generated at 2026-09-26 12:55:04.
Progress(30) at 2026-09-26 12:55:07: 181,790 states generated (181,790 s/min), 52,147 distinct states found (52,147 ds/min), 21,854 states left on queue.
Progress(35) at 2026-09-26 12:56:07: 5,009,700 states generated (4,827,910 s/min), 1,239,066 distinct states found (1,186,919 ds/min), 561,742 states left on queue.
Progress(36) at 2026-09-26 12:57:07: 9,954,200 states generated (4,944,500 s/min), 2,326,513 distinct states found (1,087,447 ds/min), 1,024,158 states left on queue.
Error: Invariant NoInactiveFailureSuccess is violated.
Error: The behavior up to this point is:
State 1: <Initial predicate>
/\ cpAlive = (c1 :> TRUE)
/\ failAccepted = [j1 |-> FALSE]
/\ free = (c1 :> <<>>)
/\ using = (c1 :> [j1 |-> {}])
/\ cjAbortMsg = (c1 :> [j1 |-> 0])
/\ resv = (c1 :> {})
/\ fc = [ hb |-> 0,
  lose |-> 0,
  chkTO |-> 0,
  stTO |-> 0,
  depFail |-> 0,
  sjLaunchFail |-> 0,
  backoff |-> 0,
  sjError |-> 0,
  sjCrash |-> 0,
  cjError |-> 0,
  cjUnsafe |-> 0,
  cjDesc |-> 0,
  cpLaunchFail |-> 0,
  crash |-> 0,
  abort |-> 0,
  delete |-> 0,
  disable |-> 0,
  appMissing |-> 0 ]
/\ abortDropped = (c1 :> [j1 |-> FALSE])
/\ ackInWindow = [j1 |-> FALSE]
/\ nextAtt = 1
/\ endedEv = [j1 |-> FALSE]
/\ micro = [ wfcRead |-> [j1 |-> FALSE],
  wfcHad |-> [j1 |-> FALSE],
  reaped |-> (c1 :> [j1 |-> FALSE]),
  removals |-> [j1 |-> 0],
  sjBooted |-> [j1 |-> FALSE],
  cjSynced |-> (c1 :> [j1 |-> FALSE]),
  delAdm |-> [j1 |-> [pc |-> "Idle", snap |-> None]],
  reports |-> (c1 :> [j1 |-> [pc |-> "Idle", accepted |-> FALSE]]) ]
/\ cjReg = (c1 :> [j1 |-> None])
/\ alloc = (c1 :> [j1 |-> {}])
/\ ackStop = [j1 |-> FALSE]
/\ cpc = [ pc |-> "Idle",
  job |-> None,
  failed |-> FALSE,
  aborted |-> FALSE,
  hadExc |-> FALSE ]
/\ termP = (c1 :> [j1 |-> 0])
/\ waiter = (c1 :> [j1 |-> FALSE])
/\ postAckLaunch = [j1 |-> FALSE]
/\ sessions = {c1}
/\ rp = [j1 |-> None]
/\ cst = (c1 :> [j1 |-> None])
/\ sj = [j1 |-> "None"]
/\ sweeper = [pc |-> "Idle", cl |-> None, snap |-> 0, blocking |-> FALSE]
/\ cjRC = (c1 :> [j1 |-> 0])
/\ startedEv = [j1 |-> FALSE]
/\ exeErrRec = [j1 |-> FALSE]
/\ launches = [j1 |-> 0]
/\ pending = [j1 |-> None]
/\ sjAbortHandled = [j1 |-> FALSE]
/\ cjProc = (c1 :> [j1 |-> "None"])
/\ latchInStopWin = [j1 |-> FALSE]
/\ msgs = <<>>
/\ wfc = [j1 |-> FALSE]
/\ tagged = {}
/\ rmp = [j1 |-> 0]
/\ shared = [j1 |-> FALSE]
/\ disabled = {}
/\ sjErr = [j1 |-> FALSE]
/\ latched = [j1 |-> None]
/\ rpc = [ ready |-> None,
  pc |-> "Scan",
  job |-> None,
  att |-> 0,
  listed |-> {},
  queue |-> <<>>,
  cnt |-> [j1 |-> 0],
  chk |-> {},
  failed |-> <<>>,
  blocked |-> <<>>,
  fb |-> <<>>,
  disp |-> {},
  dep |-> {},
  jid |-> FALSE,
  snap |-> None,
  sreq |-> {} ]
/\ exc = [j1 |-> None]
/\ runningJobs = {}
/\ failRunRec = [j1 |-> FALSE]
/\ startFailCause = [j1 |-> "none"]
/\ adm = [j1 |-> [pc |-> "Idle", snap |-> None]]
/\ slots = {}
/\ termHb = (c1 :> [j1 |-> 0])
/\ grp = (c1 :> [j1 |-> FALSE])
/\ wfcStale = [j1 |-> None]
/\ pCount = [j1 |-> 0]
/\ status = [j1 |-> "SUBMITTED"]
/\ ovw = {}
/\ firstTerm = [j1 |-> None]
/\ ackAbort = [j1 |-> FALSE]
/\ sjRC = [j1 |-> 0]
/\ runAborted = [j1 |-> FALSE]

State 2: <MCRunnerScanList line 102, col 28 to line 102, col 66 of module MC>
/\ cpAlive = (c1 :> TRUE)
/\ failAccepted = [j1 |-> FALSE]
/\ free = (c1 :> <<>>)
/\ using = (c1 :> [j1 |-> {}])
/\ cjAbortMsg = (c1 :> [j1 |-> 0])
/\ resv = (c1 :> {})
/\ fc = [ hb |-> 0,
  lose |-> 0,
  chkTO |-> 0,
  stTO |-> 0,
  depFail |-> 0,
  sjLaunchFail |-> 0,
  backoff |-> 0,
  sjError |-> 0,
  sjCrash |-> 0,
  cjError |-> 0,
  cjUnsafe |-> 0,
  cjDesc |-> 0,
  cpLaunchFail |-> 0,
  crash |-> 0,
  abort |-> 0,
  delete |-> 0,
  disable |-> 0,
  appMissing |-> 0 ]
/\ abortDropped = (c1 :> [j1 |-> FALSE])
/\ ackInWindow = [j1 |-> FALSE]
/\ nextAtt = 1
/\ endedEv = [j1 |-> FALSE]
/\ micro = [ wfcRead |-> [j1 |-> FALSE],
  wfcHad |-> [j1 |-> FALSE],
  reaped |-> (c1 :> [j1 |-> FALSE]),
  removals |-> [j1 |-> 0],
  sjBooted |-> [j1 |-> FALSE],
  cjSynced |-> (c1 :> [j1 |-> FALSE]),
  delAdm |-> [j1 |-> [pc |-> "Idle", snap |-> None]],
  reports |-> (c1 :> [j1 |-> [pc |-> "Idle", accepted |-> FALSE]]) ]
/\ cjReg = (c1 :> [j1 |-> None])
/\ alloc = (c1 :> [j1 |-> {}])
/\ ackStop = [j1 |-> FALSE]
/\ cpc = [ pc |-> "Idle",
  job |-> None,
  failed |-> FALSE,
  aborted |-> FALSE,
  hadExc |-> FALSE ]
/\ termP = (c1 :> [j1 |-> 0])
/\ waiter = (c1 :> [j1 |-> FALSE])
/\ postAckLaunch = [j1 |-> FALSE]
/\ sessions = {c1}
/\ rp = [j1 |-> None]
/\ cst = (c1 :> [j1 |-> None])
/\ sj = [j1 |-> "None"]
/\ sweeper = [pc |-> "Idle", cl |-> None, snap |-> 0, blocking |-> FALSE]
/\ cjRC = (c1 :> [j1 |-> 0])
/\ startedEv = [j1 |-> FALSE]
/\ exeErrRec = [j1 |-> FALSE]
/\ launches = [j1 |-> 0]
/\ pending = [j1 |-> None]
/\ sjAbortHandled = [j1 |-> FALSE]
/\ cjProc = (c1 :> [j1 |-> "None"])
/\ latchInStopWin = [j1 |-> FALSE]
/\ msgs = <<>>
/\ wfc = [j1 |-> FALSE]
/\ tagged = {}
/\ rmp = [j1 |-> 0]
/\ shared = [j1 |-> FALSE]
/\ disabled = {}
/\ sjErr = [j1 |-> FALSE]
/\ latched = [j1 |-> None]
/\ rpc = [ ready |-> None,
  pc |-> "ScanRead",
  job |-> None,
  att |-> 0,
  listed |-> {"j1"},
  queue |-> <<>>,
  cnt |-> [j1 |-> 0],
  chk |-> {},
  failed |-> <<>>,
  blocked |-> <<>>,
  fb |-> <<>>,
  disp |-> {},
  dep |-> {},
  jid |-> FALSE,
  snap |-> None,
  sreq |-> {} ]
/\ exc = [j1 |-> None]
/\ runningJobs = {}
/\ failRunRec = [j1 |-> FALSE]
/\ startFailCause = [j1 |-> "none"]
/\ adm = [j1 |-> [pc |-> "Idle", snap |-> None]]
/\ slots = {}
/\ termHb = (c1 :> [j1 |-> 0])
/\ grp = (c1 :> [j1 |-> FALSE])
/\ wfcStale = [j1 |-> None]
/\ pCount = [j1 |-> 0]
/\ status = [j1 |-> "SUBMITTED"]
/\ ovw = {}
/\ firstTerm = [j1 |-> None]
/\ ackAbort = [j1 |-> FALSE]
/\ sjRC = [j1 |-> 0]
/\ runAborted = [j1 |-> FALSE]

State 3: <MCRunnerScanReadOne("j1") line 164, col 27 to line 164, col 71 of module MC>
/\ cpAlive = (c1 :> TRUE)
/\ failAccepted = [j1 |-> FALSE]
/\ free = (c1 :> <<>>)
/\ using = (c1 :> [j1 |-> {}])
/\ cjAbortMsg = (c1 :> [j1 |-> 0])
/\ resv = (c1 :> {})
/\ fc = [ hb |-> 0,
  lose |-> 0,
  chkTO |-> 0,
  stTO |-> 0,
  depFail |-> 0,
  sjLaunchFail |-> 0,
  backoff |-> 0,
  sjError |-> 0,
  sjCrash |-> 0,
  cjError |-> 0,
  cjUnsafe |-> 0,
  cjDesc |-> 0,
  cpLaunchFail |-> 0,
  crash |-> 0,
  abort |-> 0,
  delete |-> 0,
  disable |-> 0,
  appMissing |-> 0 ]
/\ abortDropped = (c1 :> [j1 |-> FALSE])
/\ ackInWindow = [j1 |-> FALSE]
/\ nextAtt = 1
/\ endedEv = [j1 |-> FALSE]
/\ micro = [ wfcRead |-> [j1 |-> FALSE],
  wfcHad |-> [j1 |-> FALSE],
  reaped |-> (c1 :> [j1 |-> FALSE]),
  removals |-> [j1 |-> 0],
  sjBooted |-> [j1 |-> FALSE],
  cjSynced |-> (c1 :> [j1 |-> FALSE]),
  delAdm |-> [j1 |-> [pc |-> "Idle", snap |-> None]],
  reports |-> (c1 :> [j1 |-> [pc |-> "Idle", accepted |-> FALSE]]) ]
/\ cjReg = (c1 :> [j1 |-> None])
/\ alloc = (c1 :> [j1 |-> {}])
/\ ackStop = [j1 |-> FALSE]
/\ cpc = [ pc |-> "Idle",
  job |-> None,
  failed |-> FALSE,
  aborted |-> FALSE,
  hadExc |-> FALSE ]
/\ termP = (c1 :> [j1 |-> 0])
/\ waiter = (c1 :> [j1 |-> FALSE])
/\ postAckLaunch = [j1 |-> FALSE]
/\ sessions = {c1}
/\ rp = [j1 |-> None]
/\ cst = (c1 :> [j1 |-> None])
/\ sj = [j1 |-> "None"]
/\ sweeper = [pc |-> "Idle", cl |-> None, snap |-> 0, blocking |-> FALSE]
/\ cjRC = (c1 :> [j1 |-> 0])
/\ startedEv = [j1 |-> FALSE]
/\ exeErrRec = [j1 |-> FALSE]
/\ launches = [j1 |-> 0]
/\ pending = [j1 |-> None]
/\ sjAbortHandled = [j1 |-> FALSE]
/\ cjProc = (c1 :> [j1 |-> "None"])
/\ latchInStopWin = [j1 |-> FALSE]
/\ msgs = <<>>
/\ wfc = [j1 |-> FALSE]
/\ tagged = {}
/\ rmp = [j1 |-> 0]
/\ shared = [j1 |-> FALSE]
/\ disabled = {}
/\ sjErr = [j1 |-> FALSE]
/\ latched = [j1 |-> None]
/\ rpc = [ ready |-> None,
  pc |-> "ScanRead",
  job |-> None,
  att |-> 0,
  listed |-> {},
  queue |-> <<"j1">>,
  cnt |-> [j1 |-> 0],
  chk |-> {},
  failed |-> <<>>,
  blocked |-> <<>>,
  fb |-> <<>>,
  disp |-> {},
  dep |-> {},
  jid |-> FALSE,
  snap |-> None,
  sreq |-> {} ]
/\ exc = [j1 |-> None]
/\ runningJobs = {}
/\ failRunRec = [j1 |-> FALSE]
/\ startFailCause = [j1 |-> "none"]
/\ adm = [j1 |-> [pc |-> "Idle", snap |-> None]]
/\ slots = {}
/\ termHb = (c1 :> [j1 |-> 0])
/\ grp = (c1 :> [j1 |-> FALSE])
/\ wfcStale = [j1 |-> None]
/\ pCount = [j1 |-> 0]
/\ status = [j1 |-> "SUBMITTED"]
/\ ovw = {}
/\ firstTerm = [j1 |-> None]
/\ ackAbort = [j1 |-> FALSE]
/\ sjRC = [j1 |-> 0]
/\ runAborted = [j1 |-> FALSE]

State 4: <MCRunnerScanRead line 104, col 28 to line 104, col 66 of module MC>
/\ cpAlive = (c1 :> TRUE)
/\ failAccepted = [j1 |-> FALSE]
/\ free = (c1 :> <<>>)
/\ using = (c1 :> [j1 |-> {}])
/\ cjAbortMsg = (c1 :> [j1 |-> 0])
/\ resv = (c1 :> {})
/\ fc = [ hb |-> 0,
  lose |-> 0,
  chkTO |-> 0,
  stTO |-> 0,
  depFail |-> 0,
  sjLaunchFail |-> 0,
  backoff |-> 0,
  sjError |-> 0,
  sjCrash |-> 0,
  cjError |-> 0,
  cjUnsafe |-> 0,
  cjDesc |-> 0,
  cpLaunchFail |-> 0,
  crash |-> 0,
  abort |-> 0,
  delete |-> 0,
  disable |-> 0,
  appMissing |-> 0 ]
/\ abortDropped = (c1 :> [j1 |-> FALSE])
/\ ackInWindow = [j1 |-> FALSE]
/\ nextAtt = 1
/\ endedEv = [j1 |-> FALSE]
/\ micro = [ wfcRead |-> [j1 |-> FALSE],
  wfcHad |-> [j1 |-> FALSE],
  reaped |-> (c1 :> [j1 |-> FALSE]),
  removals |-> [j1 |-> 0],
  sjBooted |-> [j1 |-> FALSE],
  cjSynced |-> (c1 :> [j1 |-> FALSE]),
  delAdm |-> [j1 |-> [pc |-> "Idle", snap |-> None]],
  reports |-> (c1 :> [j1 |-> [pc |-> "Idle", accepted |-> FALSE]]) ]
/\ cjReg = (c1 :> [j1 |-> None])
/\ alloc = (c1 :> [j1 |-> {}])
/\ ackStop = [j1 |-> FALSE]
/\ cpc = [ pc |-> "Idle",
  job |-> None,
  failed |-> FALSE,
  aborted |-> FALSE,
  hadExc |-> FALSE ]
/\ termP = (c1 :> [j1 |-> 0])
/\ waiter = (c1 :> [j1 |-> FALSE])
/\ postAckLaunch = [j1 |-> FALSE]
/\ sessions = {c1}
/\ rp = [j1 |-> None]
/\ cst = (c1 :> [j1 |-> None])
/\ sj = [j1 |-> "None"]
/\ sweeper = [pc |-> "Idle", cl |-> None, snap |-> 0, blocking |-> FALSE]
/\ cjRC = (c1 :> [j1 |-> 0])
/\ startedEv = [j1 |-> FALSE]
/\ exeErrRec = [j1 |-> FALSE]
/\ launches = [j1 |-> 0]
/\ pending = [j1 |-> None]
/\ sjAbortHandled = [j1 |-> FALSE]
/\ cjProc = (c1 :> [j1 |-> "None"])
/\ latchInStopWin = [j1 |-> FALSE]
/\ msgs = <<>>
/\ wfc = [j1 |-> FALSE]
/\ tagged = {}
/\ rmp = [j1 |-> 0]
/\ shared = [j1 |-> FALSE]
/\ disabled = {}
/\ sjErr = [j1 |-> FALSE]
/\ latched = [j1 |-> None]
/\ rpc = [ ready |-> None,
  pc |-> "TryNext",
  job |-> None,
  att |-> 0,
  listed |-> {},
  queue |-> <<"j1">>,
  cnt |-> [j1 |-> 0],
  chk |-> {},
  failed |-> <<>>,
  blocked |-> <<>>,
  fb |-> <<>>,
  disp |-> {},
  dep |-> {},
  jid |-> FALSE,
  snap |-> None,
  sreq |-> {} ]
/\ exc = [j1 |-> None]
/\ runningJobs = {}
/\ failRunRec = [j1 |-> FALSE]
/\ startFailCause = [j1 |-> "none"]
/\ adm = [j1 |-> [pc |-> "Idle", snap |-> None]]
/\ slots = {}
/\ termHb = (c1 :> [j1 |-> 0])
/\ grp = (c1 :> [j1 |-> FALSE])
/\ wfcStale = [j1 |-> None]
/\ pCount = [j1 |-> 0]
/\ status = [j1 |-> "SUBMITTED"]
/\ ovw = {}
/\ firstTerm = [j1 |-> None]
/\ ackAbort = [j1 |-> FALSE]
/\ sjRC = [j1 |-> 0]
/\ runAborted = [j1 |-> FALSE]

State 5: <MCRunnerTryNext line 105, col 28 to line 105, col 65 of module MC>
/\ cpAlive = (c1 :> TRUE)
/\ failAccepted = [j1 |-> FALSE]
/\ free = (c1 :> <<>>)
/\ using = (c1 :> [j1 |-> {}])
/\ cjAbortMsg = (c1 :> [j1 |-> 0])
/\ resv = (c1 :> {})
/\ fc = [ hb |-> 0,
  lose |-> 0,
  chkTO |-> 0,
  stTO |-> 0,
  depFail |-> 0,
  sjLaunchFail |-> 0,
  backoff |-> 0,
  sjError |-> 0,
  sjCrash |-> 0,
  cjError |-> 0,
  cjUnsafe |-> 0,
  cjDesc |-> 0,
  cpLaunchFail |-> 0,
  crash |-> 0,
  abort |-> 0,
  delete |-> 0,
  disable |-> 0,
  appMissing |-> 0 ]
/\ abortDropped = (c1 :> [j1 |-> FALSE])
/\ ackInWindow = [j1 |-> FALSE]
/\ nextAtt = 2
/\ endedEv = [j1 |-> FALSE]
/\ micro = [ wfcRead |-> [j1 |-> FALSE],
  wfcHad |-> [j1 |-> FALSE],
  reaped |-> (c1 :> [j1 |-> FALSE]),
  removals |-> [j1 |-> 0],
  sjBooted |-> [j1 |-> FALSE],
  cjSynced |-> (c1 :> [j1 |-> FALSE]),
  delAdm |-> [j1 |-> [pc |-> "Idle", snap |-> None]],
  reports |-> (c1 :> [j1 |-> [pc |-> "Idle", accepted |-> FALSE]]) ]
/\ cjReg = (c1 :> [j1 |-> None])
/\ alloc = (c1 :> [j1 |-> {}])
/\ ackStop = [j1 |-> FALSE]
/\ cpc = [ pc |-> "Idle",
  job |-> None,
  failed |-> FALSE,
  aborted |-> FALSE,
  hadExc |-> FALSE ]
/\ termP = (c1 :> [j1 |-> 0])
/\ waiter = (c1 :> [j1 |-> FALSE])
/\ postAckLaunch = [j1 |-> FALSE]
/\ sessions = {c1}
/\ rp = [j1 |-> None]
/\ cst = (c1 :> [j1 |-> None])
/\ sj = [j1 |-> "None"]
/\ sweeper = [pc |-> "Idle", cl |-> None, snap |-> 0, blocking |-> FALSE]
/\ cjRC = (c1 :> [j1 |-> 0])
/\ startedEv = [j1 |-> FALSE]
/\ exeErrRec = [j1 |-> FALSE]
/\ launches = [j1 |-> 0]
/\ pending = [j1 |-> None]
/\ sjAbortHandled = [j1 |-> FALSE]
/\ cjProc = (c1 :> [j1 |-> "None"])
/\ latchInStopWin = [j1 |-> FALSE]
/\ msgs = ( [ job |-> "j1",
    ok |-> FALSE,
    code |-> 0,
    flag |-> FALSE,
    type |-> "CHECK",
    cl |-> c1,
    att |-> 1 ] :>
      1 )
/\ wfc = [j1 |-> FALSE]
/\ tagged = {}
/\ rmp = [j1 |-> 0]
/\ shared = [j1 |-> FALSE]
/\ disabled = {}
/\ sjErr = [j1 |-> FALSE]
/\ latched = [j1 |-> None]
/\ rpc = [ ready |-> None,
  pc |-> "CheckWait",
  job |-> "j1",
  att |-> 1,
  listed |-> {},
  queue |-> <<>>,
  cnt |-> [j1 |-> 0],
  chk |-> {c1},
  failed |-> <<>>,
  blocked |-> <<>>,
  fb |-> <<>>,
  disp |-> {},
  dep |-> {},
  jid |-> FALSE,
  snap |-> None,
  sreq |-> {} ]
/\ exc = [j1 |-> None]
/\ runningJobs = {}
/\ failRunRec = [j1 |-> FALSE]
/\ startFailCause = [j1 |-> "none"]
/\ adm = [j1 |-> [pc |-> "Idle", snap |-> None]]
/\ slots = {}
/\ termHb = (c1 :> [j1 |-> 0])
/\ grp = (c1 :> [j1 |-> FALSE])
/\ wfcStale = [j1 |-> None]
/\ pCount = [j1 |-> 0]
/\ status = [j1 |-> "SUBMITTED"]
/\ ovw = {}
/\ firstTerm = [j1 |-> None]
/\ ackAbort = [j1 |-> FALSE]
/\ sjRC = [j1 |-> 0]
/\ runAborted = [j1 |-> FALSE]

State 6: <MsgCheckResource line 156, col 31 to line 156, col 73 of module MC>
/\ cpAlive = (c1 :> TRUE)
/\ failAccepted = [j1 |-> FALSE]
/\ free = (c1 :> <<>>)
/\ using = (c1 :> [j1 |-> {}])
/\ cjAbortMsg = (c1 :> [j1 |-> 0])
/\ resv = (c1 :> {[job |-> "j1", tok |-> 1, units |-> {}, ttl |-> 1]})
/\ fc = [ hb |-> 0,
  lose |-> 0,
  chkTO |-> 0,
  stTO |-> 0,
  depFail |-> 0,
  sjLaunchFail |-> 0,
  backoff |-> 0,
  sjError |-> 0,
  sjCrash |-> 0,
  cjError |-> 0,
  cjUnsafe |-> 0,
  cjDesc |-> 0,
  cpLaunchFail |-> 0,
  crash |-> 0,
  abort |-> 0,
  delete |-> 0,
  disable |-> 0,
  appMissing |-> 0 ]
/\ abortDropped = (c1 :> [j1 |-> FALSE])
/\ ackInWindow = [j1 |-> FALSE]
/\ nextAtt = 2
/\ endedEv = [j1 |-> FALSE]
/\ micro = [ wfcRead |-> [j1 |-> FALSE],
  wfcHad |-> [j1 |-> FALSE],
  reaped |-> (c1 :> [j1 |-> FALSE]),
  removals |-> [j1 |-> 0],
  sjBooted |-> [j1 |-> FALSE],
  cjSynced |-> (c1 :> [j1 |-> FALSE]),
  delAdm |-> [j1 |-> [pc |-> "Idle", snap |-> None]],
  reports |-> (c1 :> [j1 |-> [pc |-> "Idle", accepted |-> FALSE]]) ]
/\ cjReg = (c1 :> [j1 |-> None])
/\ alloc = (c1 :> [j1 |-> {}])
/\ ackStop = [j1 |-> FALSE]
/\ cpc = [ pc |-> "Idle",
  job |-> None,
  failed |-> FALSE,
  aborted |-> FALSE,
  hadExc |-> FALSE ]
/\ termP = (c1 :> [j1 |-> 0])
/\ waiter = (c1 :> [j1 |-> FALSE])
/\ postAckLaunch = [j1 |-> FALSE]
/\ sessions = {c1}
/\ rp = [j1 |-> None]
/\ cst = (c1 :> [j1 |-> None])
/\ sj = [j1 |-> "None"]
/\ sweeper = [pc |-> "Idle", cl |-> None, snap |-> 0, blocking |-> FALSE]
/\ cjRC = (c1 :> [j1 |-> 0])
/\ startedEv = [j1 |-> FALSE]
/\ exeErrRec = [j1 |-> FALSE]
/\ launches = [j1 |-> 0]
/\ pending = [j1 |-> None]
/\ sjAbortHandled = [j1 |-> FALSE]
/\ cjProc = (c1 :> [j1 |-> "None"])
/\ latchInStopWin = [j1 |-> FALSE]
/\ msgs = ( [ job |-> "j1",
    ok |-> TRUE,
    code |-> 0,
    flag |-> FALSE,
    type |-> "CHECK_REP",
    cl |-> c1,
    att |-> 1 ] :>
      1 )
/\ wfc = [j1 |-> FALSE]
/\ tagged = {}
/\ rmp = [j1 |-> 0]
/\ shared = [j1 |-> FALSE]
/\ disabled = {}
/\ sjErr = [j1 |-> FALSE]
/\ latched = [j1 |-> None]
/\ rpc = [ ready |-> None,
  pc |-> "CheckWait",
  job |-> "j1",
  att |-> 1,
  listed |-> {},
  queue |-> <<>>,
  cnt |-> [j1 |-> 0],
  chk |-> {c1},
  failed |-> <<>>,
  blocked |-> <<>>,
  fb |-> <<>>,
  disp |-> {},
  dep |-> {},
  jid |-> FALSE,
  snap |-> None,
  sreq |-> {} ]
/\ exc = [j1 |-> None]
/\ runningJobs = {}
/\ failRunRec = [j1 |-> FALSE]
/\ startFailCause = [j1 |-> "none"]
/\ adm = [j1 |-> [pc |-> "Idle", snap |-> None]]
/\ slots = {}
/\ termHb = (c1 :> [j1 |-> 0])
/\ grp = (c1 :> [j1 |-> FALSE])
/\ wfcStale = [j1 |-> None]
/\ pCount = [j1 |-> 0]
/\ status = [j1 |-> "SUBMITTED"]
/\ ovw = {}
/\ firstTerm = [j1 |-> None]
/\ ackAbort = [j1 |-> FALSE]
/\ sjRC = [j1 |-> 0]
/\ runAborted = [j1 |-> FALSE]

State 7: <MCRunnerCheckCollect line 107, col 28 to line 107, col 70 of module MC>
/\ cpAlive = (c1 :> TRUE)
/\ failAccepted = [j1 |-> FALSE]
/\ free = (c1 :> <<>>)
/\ using = (c1 :> [j1 |-> {}])
/\ cjAbortMsg = (c1 :> [j1 |-> 0])
/\ resv = (c1 :> {[job |-> "j1", tok |-> 1, units |-> {}, ttl |-> 1]})
/\ fc = [ hb |-> 0,
  lose |-> 0,
  chkTO |-> 0,
  stTO |-> 0,
  depFail |-> 0,
  sjLaunchFail |-> 0,
  backoff |-> 0,
  sjError |-> 0,
  sjCrash |-> 0,
  cjError |-> 0,
  cjUnsafe |-> 0,
  cjDesc |-> 0,
  cpLaunchFail |-> 0,
  crash |-> 0,
  abort |-> 0,
  delete |-> 0,
  disable |-> 0,
  appMissing |-> 0 ]
/\ abortDropped = (c1 :> [j1 |-> FALSE])
/\ ackInWindow = [j1 |-> FALSE]
/\ nextAtt = 2
/\ endedEv = [j1 |-> FALSE]
/\ micro = [ wfcRead |-> [j1 |-> FALSE],
  wfcHad |-> [j1 |-> FALSE],
  reaped |-> (c1 :> [j1 |-> FALSE]),
  removals |-> [j1 |-> 0],
  sjBooted |-> [j1 |-> FALSE],
  cjSynced |-> (c1 :> [j1 |-> FALSE]),
  delAdm |-> [j1 |-> [pc |-> "Idle", snap |-> None]],
  reports |-> (c1 :> [j1 |-> [pc |-> "Idle", accepted |-> FALSE]]) ]
/\ cjReg = (c1 :> [j1 |-> None])
/\ alloc = (c1 :> [j1 |-> {}])
/\ ackStop = [j1 |-> FALSE]
/\ cpc = [ pc |-> "Idle",
  job |-> None,
  failed |-> FALSE,
  aborted |-> FALSE,
  hadExc |-> FALSE ]
/\ termP = (c1 :> [j1 |-> 0])
/\ waiter = (c1 :> [j1 |-> FALSE])
/\ postAckLaunch = [j1 |-> FALSE]
/\ sessions = {c1}
/\ rp = [j1 |-> None]
/\ cst = (c1 :> [j1 |-> None])
/\ sj = [j1 |-> "None"]
/\ sweeper = [pc |-> "Idle", cl |-> None, snap |-> 0, blocking |-> FALSE]
/\ cjRC = (c1 :> [j1 |-> 0])
/\ startedEv = [j1 |-> FALSE]
/\ exeErrRec = [j1 |-> FALSE]
/\ launches = [j1 |-> 0]
/\ pending = [j1 |-> None]
/\ sjAbortHandled = [j1 |-> FALSE]
/\ cjProc = (c1 :> [j1 |-> "None"])
/\ latchInStopWin = [j1 |-> FALSE]
/\ msgs = <<>>
/\ wfc = [j1 |-> FALSE]
/\ tagged = {}
/\ rmp = [j1 |-> 0]
/\ shared = [j1 |-> FALSE]
/\ disabled = {}
/\ sjErr = [j1 |-> FALSE]
/\ latched = [j1 |-> None]
/\ rpc = [ ready |-> "j1",
  pc |-> "ChkSubmitted",
  job |-> None,
  att |-> 1,
  listed |-> {},
  queue |-> <<>>,
  cnt |-> [j1 |-> 1],
  chk |-> {},
  failed |-> <<>>,
  blocked |-> <<>>,
  fb |-> <<>>,
  disp |-> {c1},
  dep |-> {},
  jid |-> FALSE,
  snap |-> None,
  sreq |-> {} ]
/\ exc = [j1 |-> None]
/\ runningJobs = {}
/\ failRunRec = [j1 |-> FALSE]
/\ startFailCause = [j1 |-> "none"]
/\ adm = [j1 |-> [pc |-> "Idle", snap |-> None]]
/\ slots = {}
/\ termHb = (c1 :> [j1 |-> 0])
/\ grp = (c1 :> [j1 |-> FALSE])
/\ wfcStale = [j1 |-> None]
/\ pCount = [j1 |-> 0]
/\ status = [j1 |-> "SUBMITTED"]
/\ ovw = {}
/\ firstTerm = [j1 |-> None]
/\ ackAbort = [j1 |-> FALSE]
/\ sjRC = [j1 |-> 0]
/\ runAborted = [j1 |-> FALSE]

State 8: <MCRunnerCheckSubmitted line 111, col 28 to line 111, col 72 of module MC>
/\ cpAlive = (c1 :> TRUE)
/\ failAccepted = [j1 |-> FALSE]
/\ free = (c1 :> <<>>)
/\ using = (c1 :> [j1 |-> {}])
/\ cjAbortMsg = (c1 :> [j1 |-> 0])
/\ resv = (c1 :> {[job |-> "j1", tok |-> 1, units |-> {}, ttl |-> 1]})
/\ fc = [ hb |-> 0,
  lose |-> 0,
  chkTO |-> 0,
  stTO |-> 0,
  depFail |-> 0,
  sjLaunchFail |-> 0,
  backoff |-> 0,
  sjError |-> 0,
  sjCrash |-> 0,
  cjError |-> 0,
  cjUnsafe |-> 0,
  cjDesc |-> 0,
  cpLaunchFail |-> 0,
  crash |-> 0,
  abort |-> 0,
  delete |-> 0,
  disable |-> 0,
  appMissing |-> 0 ]
/\ abortDropped = (c1 :> [j1 |-> FALSE])
/\ ackInWindow = [j1 |-> FALSE]
/\ nextAtt = 2
/\ endedEv = [j1 |-> FALSE]
/\ micro = [ wfcRead |-> [j1 |-> FALSE],
  wfcHad |-> [j1 |-> FALSE],
  reaped |-> (c1 :> [j1 |-> FALSE]),
  removals |-> [j1 |-> 0],
  sjBooted |-> [j1 |-> FALSE],
  cjSynced |-> (c1 :> [j1 |-> FALSE]),
  delAdm |-> [j1 |-> [pc |-> "Idle", snap |-> None]],
  reports |-> (c1 :> [j1 |-> [pc |-> "Idle", accepted |-> FALSE]]) ]
/\ cjReg = (c1 :> [j1 |-> None])
/\ alloc = (c1 :> [j1 |-> {}])
/\ ackStop = [j1 |-> FALSE]
/\ cpc = [ pc |-> "Idle",
  job |-> None,
  failed |-> FALSE,
  aborted |-> FALSE,
  hadExc |-> FALSE ]
/\ termP = (c1 :> [j1 |-> 0])
/\ waiter = (c1 :> [j1 |-> FALSE])
/\ postAckLaunch = [j1 |-> FALSE]
/\ sessions = {c1}
/\ rp = [j1 |-> None]
/\ cst = (c1 :> [j1 |-> None])
/\ sj = [j1 |-> "None"]
/\ sweeper = [pc |-> "Idle", cl |-> None, snap |-> 0, blocking |-> FALSE]
/\ cjRC = (c1 :> [j1 |-> 0])
/\ startedEv = [j1 |-> FALSE]
/\ exeErrRec = [j1 |-> FALSE]
/\ launches = [j1 |-> 0]
/\ pending = [j1 |-> None]
/\ sjAbortHandled = [j1 |-> FALSE]
/\ cjProc = (c1 :> [j1 |-> "None"])
/\ latchInStopWin = [j1 |-> FALSE]
/\ msgs = <<>>
/\ wfc = [j1 |-> FALSE]
/\ tagged = {}
/\ rmp = [j1 |-> 0]
/\ shared = [j1 |-> FALSE]
/\ disabled = {}
/\ sjErr = [j1 |-> FALSE]
/\ latched = [j1 |-> None]
/\ rpc = [ ready |-> "j1",
  pc |-> "Deploy",
  job |-> None,
  att |-> 1,
  listed |-> {},
  queue |-> <<>>,
  cnt |-> [j1 |-> 1],
  chk |-> {},
  failed |-> <<>>,
  blocked |-> <<>>,
  fb |-> <<>>,
  disp |-> {c1},
  dep |-> {},
  jid |-> FALSE,
  snap |-> None,
  sreq |-> {} ]
/\ exc = [j1 |-> None]
/\ runningJobs = {}
/\ failRunRec = [j1 |-> FALSE]
/\ startFailCause = [j1 |-> "none"]
/\ adm = [j1 |-> [pc |-> "Idle", snap |-> None]]
/\ slots = {}
/\ termHb = (c1 :> [j1 |-> 0])
/\ grp = (c1 :> [j1 |-> FALSE])
/\ wfcStale = [j1 |-> None]
/\ pCount = [j1 |-> 0]
/\ status = [j1 |-> "SUBMITTED"]
/\ ovw = {}
/\ firstTerm = [j1 |-> None]
/\ ackAbort = [j1 |-> FALSE]
/\ sjRC = [j1 |-> 0]
/\ runAborted = [j1 |-> FALSE]

State 9: <MCRunnerDeployJob({}) line 69, col 5 to line 71, col 83 of module MC>
/\ cpAlive = (c1 :> TRUE)
/\ failAccepted = [j1 |-> FALSE]
/\ free = (c1 :> <<>>)
/\ using = (c1 :> [j1 |-> {}])
/\ cjAbortMsg = (c1 :> [j1 |-> 0])
/\ resv = (c1 :> {[job |-> "j1", tok |-> 1, units |-> {}, ttl |-> 1]})
/\ fc = [ hb |-> 0,
  lose |-> 0,
  chkTO |-> 0,
  stTO |-> 0,
  depFail |-> 0,
  sjLaunchFail |-> 0,
  backoff |-> 0,
  sjError |-> 0,
  sjCrash |-> 0,
  cjError |-> 0,
  cjUnsafe |-> 0,
  cjDesc |-> 0,
  cpLaunchFail |-> 0,
  crash |-> 0,
  abort |-> 0,
  delete |-> 0,
  disable |-> 0,
  appMissing |-> 0 ]
/\ abortDropped = (c1 :> [j1 |-> FALSE])
/\ ackInWindow = [j1 |-> FALSE]
/\ nextAtt = 2
/\ endedEv = [j1 |-> FALSE]
/\ micro = [ wfcRead |-> [j1 |-> FALSE],
  wfcHad |-> [j1 |-> FALSE],
  reaped |-> (c1 :> [j1 |-> FALSE]),
  removals |-> [j1 |-> 0],
  sjBooted |-> [j1 |-> FALSE],
  cjSynced |-> (c1 :> [j1 |-> FALSE]),
  delAdm |-> [j1 |-> [pc |-> "Idle", snap |-> None]],
  reports |-> (c1 :> [j1 |-> [pc |-> "Idle", accepted |-> FALSE]]) ]
/\ cjReg = (c1 :> [j1 |-> None])
/\ alloc = (c1 :> [j1 |-> {}])
/\ ackStop = [j1 |-> FALSE]
/\ cpc = [ pc |-> "Idle",
  job |-> None,
  failed |-> FALSE,
  aborted |-> FALSE,
  hadExc |-> FALSE ]
/\ termP = (c1 :> [j1 |-> 0])
/\ waiter = (c1 :> [j1 |-> FALSE])
/\ postAckLaunch = [j1 |-> FALSE]
/\ sessions = {c1}
/\ rp = [j1 |-> None]
/\ cst = (c1 :> [j1 |-> None])
/\ sj = [j1 |-> "None"]
/\ sweeper = [pc |-> "Idle", cl |-> None, snap |-> 0, blocking |-> FALSE]
/\ cjRC = (c1 :> [j1 |-> 0])
/\ startedEv = [j1 |-> FALSE]
/\ exeErrRec = [j1 |-> FALSE]
/\ launches = [j1 |-> 0]
/\ pending = [j1 |-> None]
/\ sjAbortHandled = [j1 |-> FALSE]
/\ cjProc = (c1 :> [j1 |-> "None"])
/\ latchInStopWin = [j1 |-> FALSE]
/\ msgs = <<>>
/\ wfc = [j1 |-> FALSE]
/\ tagged = {}
/\ rmp = [j1 |-> 0]
/\ shared = [j1 |-> FALSE]
/\ disabled = {}
/\ sjErr = [j1 |-> FALSE]
/\ latched = [j1 |-> None]
/\ rpc = [ ready |-> "j1",
  pc |-> "SetDispatched",
  job |-> None,
  att |-> 1,
  listed |-> {},
  queue |-> <<>>,
  cnt |-> [j1 |-> 1],
  chk |-> {},
  failed |-> <<>>,
  blocked |-> <<>>,
  fb |-> <<>>,
  disp |-> {c1},
  dep |-> {c1},
  jid |-> TRUE,
  snap |-> None,
  sreq |-> {} ]
/\ exc = [j1 |-> None]
/\ runningJobs = {}
/\ failRunRec = [j1 |-> FALSE]
/\ startFailCause = [j1 |-> "none"]
/\ adm = [j1 |-> [pc |-> "Idle", snap |-> None]]
/\ slots = {}
/\ termHb = (c1 :> [j1 |-> 0])
/\ grp = (c1 :> [j1 |-> FALSE])
/\ wfcStale = [j1 |-> None]
/\ pCount = [j1 |-> 0]
/\ status = [j1 |-> "SUBMITTED"]
/\ ovw = {}
/\ firstTerm = [j1 |-> None]
/\ ackAbort = [j1 |-> FALSE]
/\ sjRC = [j1 |-> 0]
/\ runAborted = [j1 |-> FALSE]

State 10: <MCRunnerSetDispatched line 112, col 28 to line 112, col 71 of module MC>
/\ cpAlive = (c1 :> TRUE)
/\ failAccepted = [j1 |-> FALSE]
/\ free = (c1 :> <<>>)
/\ using = (c1 :> [j1 |-> {}])
/\ cjAbortMsg = (c1 :> [j1 |-> 0])
/\ resv = (c1 :> {[job |-> "j1", tok |-> 1, units |-> {}, ttl |-> 1]})
/\ fc = [ hb |-> 0,
  lose |-> 0,
  chkTO |-> 0,
  stTO |-> 0,
  depFail |-> 0,
  sjLaunchFail |-> 0,
  backoff |-> 0,
  sjError |-> 0,
  sjCrash |-> 0,
  cjError |-> 0,
  cjUnsafe |-> 0,
  cjDesc |-> 0,
  cpLaunchFail |-> 0,
  crash |-> 0,
  abort |-> 0,
  delete |-> 0,
  disable |-> 0,
  appMissing |-> 0 ]
/\ abortDropped = (c1 :> [j1 |-> FALSE])
/\ ackInWindow = [j1 |-> FALSE]
/\ nextAtt = 2
/\ endedEv = [j1 |-> FALSE]
/\ micro = [ wfcRead |-> [j1 |-> FALSE],
  wfcHad |-> [j1 |-> FALSE],
  reaped |-> (c1 :> [j1 |-> FALSE]),
  removals |-> [j1 |-> 0],
  sjBooted |-> [j1 |-> FALSE],
  cjSynced |-> (c1 :> [j1 |-> FALSE]),
  delAdm |-> [j1 |-> [pc |-> "Idle", snap |-> None]],
  reports |-> (c1 :> [j1 |-> [pc |-> "Idle", accepted |-> FALSE]]) ]
/\ cjReg = (c1 :> [j1 |-> None])
/\ alloc = (c1 :> [j1 |-> {}])
/\ ackStop = [j1 |-> FALSE]
/\ cpc = [ pc |-> "Idle",
  job |-> None,
  failed |-> FALSE,
  aborted |-> FALSE,
  hadExc |-> FALSE ]
/\ termP = (c1 :> [j1 |-> 0])
/\ waiter = (c1 :> [j1 |-> FALSE])
/\ postAckLaunch = [j1 |-> FALSE]
/\ sessions = {c1}
/\ rp = [j1 |-> None]
/\ cst = (c1 :> [j1 |-> None])
/\ sj = [j1 |-> "None"]
/\ sweeper = [pc |-> "Idle", cl |-> None, snap |-> 0, blocking |-> FALSE]
/\ cjRC = (c1 :> [j1 |-> 0])
/\ startedEv = [j1 |-> FALSE]
/\ exeErrRec = [j1 |-> FALSE]
/\ launches = [j1 |-> 0]
/\ pending = [j1 |-> None]
/\ sjAbortHandled = [j1 |-> FALSE]
/\ cjProc = (c1 :> [j1 |-> "None"])
/\ latchInStopWin = [j1 |-> FALSE]
/\ msgs = <<>>
/\ wfc = [j1 |-> FALSE]
/\ tagged = {}
/\ rmp = [j1 |-> 0]
/\ shared = [j1 |-> FALSE]
/\ disabled = {}
/\ sjErr = [j1 |-> FALSE]
/\ latched = [j1 |-> None]
/\ rpc = [ ready |-> "j1",
  pc |-> "MetaRead",
  job |-> None,
  att |-> 1,
  listed |-> {},
  queue |-> <<>>,
  cnt |-> [j1 |-> 1],
  chk |-> {},
  failed |-> <<>>,
  blocked |-> <<>>,
  fb |-> <<>>,
  disp |-> {c1},
  dep |-> {c1},
  jid |-> TRUE,
  snap |-> None,
  sreq |-> {} ]
/\ exc = [j1 |-> None]
/\ runningJobs = {}
/\ failRunRec = [j1 |-> FALSE]
/\ startFailCause = [j1 |-> "none"]
/\ adm = [j1 |-> [pc |-> "Idle", snap |-> None]]
/\ slots = {}
/\ termHb = (c1 :> [j1 |-> 0])
/\ grp = (c1 :> [j1 |-> FALSE])
/\ wfcStale = [j1 |-> None]
/\ pCount = [j1 |-> 0]
/\ status = [j1 |-> "DISPATCHED"]
/\ ovw = {}
/\ firstTerm = [j1 |-> None]
/\ ackAbort = [j1 |-> FALSE]
/\ sjRC = [j1 |-> 0]
/\ runAborted = [j1 |-> FALSE]

State 11: <MCRunnerMetaRead line 113, col 28 to line 113, col 66 of module MC>
/\ cpAlive = (c1 :> TRUE)
/\ failAccepted = [j1 |-> FALSE]
/\ free = (c1 :> <<>>)
/\ using = (c1 :> [j1 |-> {}])
/\ cjAbortMsg = (c1 :> [j1 |-> 0])
/\ resv = (c1 :> {[job |-> "j1", tok |-> 1, units |-> {}, ttl |-> 1]})
/\ fc = [ hb |-> 0,
  lose |-> 0,
  chkTO |-> 0,
  stTO |-> 0,
  depFail |-> 0,
  sjLaunchFail |-> 0,
  backoff |-> 0,
  sjError |-> 0,
  sjCrash |-> 0,
  cjError |-> 0,
  cjUnsafe |-> 0,
  cjDesc |-> 0,
  cpLaunchFail |-> 0,
  crash |-> 0,
  abort |-> 0,
  delete |-> 0,
  disable |-> 0,
  appMissing |-> 0 ]
/\ abortDropped = (c1 :> [j1 |-> FALSE])
/\ ackInWindow = [j1 |-> FALSE]
/\ nextAtt = 2
/\ endedEv = [j1 |-> FALSE]
/\ micro = [ wfcRead |-> [j1 |-> FALSE],
  wfcHad |-> [j1 |-> FALSE],
  reaped |-> (c1 :> [j1 |-> FALSE]),
  removals |-> [j1 |-> 0],
  sjBooted |-> [j1 |-> FALSE],
  cjSynced |-> (c1 :> [j1 |-> FALSE]),
  delAdm |-> [j1 |-> [pc |-> "Idle", snap |-> None]],
  reports |-> (c1 :> [j1 |-> [pc |-> "Idle", accepted |-> FALSE]]) ]
/\ cjReg = (c1 :> [j1 |-> None])
/\ alloc = (c1 :> [j1 |-> {}])
/\ ackStop = [j1 |-> FALSE]
/\ cpc = [ pc |-> "Idle",
  job |-> None,
  failed |-> FALSE,
  aborted |-> FALSE,
  hadExc |-> FALSE ]
/\ termP = (c1 :> [j1 |-> 0])
/\ waiter = (c1 :> [j1 |-> FALSE])
/\ postAckLaunch = [j1 |-> FALSE]
/\ sessions = {c1}
/\ rp = [j1 |-> None]
/\ cst = (c1 :> [j1 |-> None])
/\ sj = [j1 |-> "None"]
/\ sweeper = [pc |-> "Idle", cl |-> None, snap |-> 0, blocking |-> FALSE]
/\ cjRC = (c1 :> [j1 |-> 0])
/\ startedEv = [j1 |-> FALSE]
/\ exeErrRec = [j1 |-> FALSE]
/\ launches = [j1 |-> 0]
/\ pending = [j1 |-> None]
/\ sjAbortHandled = [j1 |-> FALSE]
/\ cjProc = (c1 :> [j1 |-> "None"])
/\ latchInStopWin = [j1 |-> FALSE]
/\ msgs = <<>>
/\ wfc = [j1 |-> FALSE]
/\ tagged = {}
/\ rmp = [j1 |-> 0]
/\ shared = [j1 |-> FALSE]
/\ disabled = {}
/\ sjErr = [j1 |-> FALSE]
/\ latched = [j1 |-> None]
/\ rpc = [ ready |-> "j1",
  pc |-> "MetaWrite",
  job |-> None,
  att |-> 1,
  listed |-> {},
  queue |-> <<>>,
  cnt |-> [j1 |-> 1],
  chk |-> {},
  failed |-> <<>>,
  blocked |-> <<>>,
  fb |-> <<>>,
  disp |-> {c1},
  dep |-> {c1},
  jid |-> TRUE,
  snap |-> "DISPATCHED",
  sreq |-> {} ]
/\ exc = [j1 |-> None]
/\ runningJobs = {}
/\ failRunRec = [j1 |-> FALSE]
/\ startFailCause = [j1 |-> "none"]
/\ adm = [j1 |-> [pc |-> "Idle", snap |-> None]]
/\ slots = {}
/\ termHb = (c1 :> [j1 |-> 0])
/\ grp = (c1 :> [j1 |-> FALSE])
/\ wfcStale = [j1 |-> None]
/\ pCount = [j1 |-> 0]
/\ status = [j1 |-> "DISPATCHED"]
/\ ovw = {}
/\ firstTerm = [j1 |-> None]
/\ ackAbort = [j1 |-> FALSE]
/\ sjRC = [j1 |-> 0]
/\ runAborted = [j1 |-> FALSE]

State 12: <MCRunnerMetaWrite line 114, col 28 to line 114, col 67 of module MC>
/\ cpAlive = (c1 :> TRUE)
/\ failAccepted = [j1 |-> FALSE]
/\ free = (c1 :> <<>>)
/\ using = (c1 :> [j1 |-> {}])
/\ cjAbortMsg = (c1 :> [j1 |-> 0])
/\ resv = (c1 :> {[job |-> "j1", tok |-> 1, units |-> {}, ttl |-> 1]})
/\ fc = [ hb |-> 0,
  lose |-> 0,
  chkTO |-> 0,
  stTO |-> 0,
  depFail |-> 0,
  sjLaunchFail |-> 0,
  backoff |-> 0,
  sjError |-> 0,
  sjCrash |-> 0,
  cjError |-> 0,
  cjUnsafe |-> 0,
  cjDesc |-> 0,
  cpLaunchFail |-> 0,
  crash |-> 0,
  abort |-> 0,
  delete |-> 0,
  disable |-> 0,
  appMissing |-> 0 ]
/\ abortDropped = (c1 :> [j1 |-> FALSE])
/\ ackInWindow = [j1 |-> FALSE]
/\ nextAtt = 2
/\ endedEv = [j1 |-> FALSE]
/\ micro = [ wfcRead |-> [j1 |-> FALSE],
  wfcHad |-> [j1 |-> FALSE],
  reaped |-> (c1 :> [j1 |-> FALSE]),
  removals |-> [j1 |-> 0],
  sjBooted |-> [j1 |-> FALSE],
  cjSynced |-> (c1 :> [j1 |-> FALSE]),
  delAdm |-> [j1 |-> [pc |-> "Idle", snap |-> None]],
  reports |-> (c1 :> [j1 |-> [pc |-> "Idle", accepted |-> FALSE]]) ]
/\ cjReg = (c1 :> [j1 |-> None])
/\ alloc = (c1 :> [j1 |-> {}])
/\ ackStop = [j1 |-> FALSE]
/\ cpc = [ pc |-> "Idle",
  job |-> None,
  failed |-> FALSE,
  aborted |-> FALSE,
  hadExc |-> FALSE ]
/\ termP = (c1 :> [j1 |-> 0])
/\ waiter = (c1 :> [j1 |-> FALSE])
/\ postAckLaunch = [j1 |-> FALSE]
/\ sessions = {c1}
/\ rp = [j1 |-> None]
/\ cst = (c1 :> [j1 |-> None])
/\ sj = [j1 |-> "None"]
/\ sweeper = [pc |-> "Idle", cl |-> None, snap |-> 0, blocking |-> FALSE]
/\ cjRC = (c1 :> [j1 |-> 0])
/\ startedEv = [j1 |-> FALSE]
/\ exeErrRec = [j1 |-> FALSE]
/\ launches = [j1 |-> 0]
/\ pending = [j1 |-> None]
/\ sjAbortHandled = [j1 |-> FALSE]
/\ cjProc = (c1 :> [j1 |-> "None"])
/\ latchInStopWin = [j1 |-> FALSE]
/\ msgs = <<>>
/\ wfc = [j1 |-> FALSE]
/\ tagged = {}
/\ rmp = [j1 |-> 0]
/\ shared = [j1 |-> FALSE]
/\ disabled = {}
/\ sjErr = [j1 |-> FALSE]
/\ latched = [j1 |-> None]
/\ rpc = [ ready |-> "j1",
  pc |-> "ChkDispatched",
  job |-> None,
  att |-> 1,
  listed |-> {},
  queue |-> <<>>,
  cnt |-> [j1 |-> 1],
  chk |-> {},
  failed |-> <<>>,
  blocked |-> <<>>,
  fb |-> <<>>,
  disp |-> {c1},
  dep |-> {c1},
  jid |-> TRUE,
  snap |-> None,
  sreq |-> {} ]
/\ exc = [j1 |-> None]
/\ runningJobs = {}
/\ failRunRec = [j1 |-> FALSE]
/\ startFailCause = [j1 |-> "none"]
/\ adm = [j1 |-> [pc |-> "Idle", snap |-> None]]
/\ slots = {}
/\ termHb = (c1 :> [j1 |-> 0])
/\ grp = (c1 :> [j1 |-> FALSE])
/\ wfcStale = [j1 |-> None]
/\ pCount = [j1 |-> 1]
/\ status = [j1 |-> "DISPATCHED"]
/\ ovw = {}
/\ firstTerm = [j1 |-> None]
/\ ackAbort = [j1 |-> FALSE]
/\ sjRC = [j1 |-> 0]
/\ runAborted = [j1 |-> FALSE]

State 13: <MCRunnerCheckDispatched line 115, col 28 to line 115, col 73 of module MC>
/\ cpAlive = (c1 :> TRUE)
/\ failAccepted = [j1 |-> FALSE]
/\ free = (c1 :> <<>>)
/\ using = (c1 :> [j1 |-> {}])
/\ cjAbortMsg = (c1 :> [j1 |-> 0])
/\ resv = (c1 :> {[job |-> "j1", tok |-> 1, units |-> {}, ttl |-> 1]})
/\ fc = [ hb |-> 0,
  lose |-> 0,
  chkTO |-> 0,
  stTO |-> 0,
  depFail |-> 0,
  sjLaunchFail |-> 0,
  backoff |-> 0,
  sjError |-> 0,
  sjCrash |-> 0,
  cjError |-> 0,
  cjUnsafe |-> 0,
  cjDesc |-> 0,
  cpLaunchFail |-> 0,
  crash |-> 0,
  abort |-> 0,
  delete |-> 0,
  disable |-> 0,
  appMissing |-> 0 ]
/\ abortDropped = (c1 :> [j1 |-> FALSE])
/\ ackInWindow = [j1 |-> FALSE]
/\ nextAtt = 2
/\ endedEv = [j1 |-> FALSE]
/\ micro = [ wfcRead |-> [j1 |-> FALSE],
  wfcHad |-> [j1 |-> FALSE],
  reaped |-> (c1 :> [j1 |-> FALSE]),
  removals |-> [j1 |-> 0],
  sjBooted |-> [j1 |-> FALSE],
  cjSynced |-> (c1 :> [j1 |-> FALSE]),
  delAdm |-> [j1 |-> [pc |-> "Idle", snap |-> None]],
  reports |-> (c1 :> [j1 |-> [pc |-> "Idle", accepted |-> FALSE]]) ]
/\ cjReg = (c1 :> [j1 |-> None])
/\ alloc = (c1 :> [j1 |-> {}])
/\ ackStop = [j1 |-> FALSE]
/\ cpc = [ pc |-> "Idle",
  job |-> None,
  failed |-> FALSE,
  aborted |-> FALSE,
  hadExc |-> FALSE ]
/\ termP = (c1 :> [j1 |-> 0])
/\ waiter = (c1 :> [j1 |-> FALSE])
/\ postAckLaunch = [j1 |-> FALSE]
/\ sessions = {c1}
/\ rp = [j1 |-> None]
/\ cst = (c1 :> [j1 |-> None])
/\ sj = [j1 |-> "None"]
/\ sweeper = [pc |-> "Idle", cl |-> None, snap |-> 0, blocking |-> FALSE]
/\ cjRC = (c1 :> [j1 |-> 0])
/\ startedEv = [j1 |-> FALSE]
/\ exeErrRec = [j1 |-> FALSE]
/\ launches = [j1 |-> 0]
/\ pending = [j1 |-> None]
/\ sjAbortHandled = [j1 |-> FALSE]
/\ cjProc = (c1 :> [j1 |-> "None"])
/\ latchInStopWin = [j1 |-> FALSE]
/\ msgs = <<>>
/\ wfc = [j1 |-> FALSE]
/\ tagged = {}
/\ rmp = [j1 |-> 0]
/\ shared = [j1 |-> FALSE]
/\ disabled = {}
/\ sjErr = [j1 |-> FALSE]
/\ latched = [j1 |-> None]
/\ rpc = [ ready |-> "j1",
  pc |-> "StartSJ",
  job |-> None,
  att |-> 1,
  listed |-> {},
  queue |-> <<>>,
  cnt |-> [j1 |-> 1],
  chk |-> {},
  failed |-> <<>>,
  blocked |-> <<>>,
  fb |-> <<>>,
  disp |-> {c1},
  dep |-> {c1},
  jid |-> TRUE,
  snap |-> None,
  sreq |-> {} ]
/\ exc = [j1 |-> None]
/\ runningJobs = {}
/\ failRunRec = [j1 |-> FALSE]
/\ startFailCause = [j1 |-> "none"]
/\ adm = [j1 |-> [pc |-> "Idle", snap |-> None]]
/\ slots = {}
/\ termHb = (c1 :> [j1 |-> 0])
/\ grp = (c1 :> [j1 |-> FALSE])
/\ wfcStale = [j1 |-> None]
/\ pCount = [j1 |-> 1]
/\ status = [j1 |-> "DISPATCHED"]
/\ ovw = {}
/\ firstTerm = [j1 |-> None]
/\ ackAbort = [j1 |-> FALSE]
/\ sjRC = [j1 |-> 0]
/\ runAborted = [j1 |-> FALSE]

State 14: <MCRunnerLaunchSJ line 168, col 21 to line 168, col 59 of module MC>
/\ cpAlive = (c1 :> TRUE)
/\ failAccepted = [j1 |-> FALSE]
/\ free = (c1 :> <<>>)
/\ using = (c1 :> [j1 |-> {}])
/\ cjAbortMsg = (c1 :> [j1 |-> 0])
/\ resv = (c1 :> {[job |-> "j1", tok |-> 1, units |-> {}, ttl |-> 1]})
/\ fc = [ hb |-> 0,
  lose |-> 0,
  chkTO |-> 0,
  stTO |-> 0,
  depFail |-> 0,
  sjLaunchFail |-> 0,
  backoff |-> 0,
  sjError |-> 0,
  sjCrash |-> 0,
  cjError |-> 0,
  cjUnsafe |-> 0,
  cjDesc |-> 0,
  cpLaunchFail |-> 0,
  crash |-> 0,
  abort |-> 0,
  delete |-> 0,
  disable |-> 0,
  appMissing |-> 0 ]
/\ abortDropped = (c1 :> [j1 |-> FALSE])
/\ ackInWindow = [j1 |-> FALSE]
/\ nextAtt = 2
/\ endedEv = [j1 |-> FALSE]
/\ micro = [ wfcRead |-> [j1 |-> FALSE],
  wfcHad |-> [j1 |-> FALSE],
  reaped |-> (c1 :> [j1 |-> FALSE]),
  removals |-> [j1 |-> 0],
  sjBooted |-> [j1 |-> FALSE],
  cjSynced |-> (c1 :> [j1 |-> FALSE]),
  delAdm |-> [j1 |-> [pc |-> "Idle", snap |-> None]],
  reports |-> (c1 :> [j1 |-> [pc |-> "Idle", accepted |-> FALSE]]) ]
/\ cjReg = (c1 :> [j1 |-> None])
/\ alloc = (c1 :> [j1 |-> {}])
/\ ackStop = [j1 |-> FALSE]
/\ cpc = [ pc |-> "Idle",
  job |-> None,
  failed |-> FALSE,
  aborted |-> FALSE,
  hadExc |-> FALSE ]
/\ termP = (c1 :> [j1 |-> 0])
/\ waiter = (c1 :> [j1 |-> FALSE])
/\ postAckLaunch = [j1 |-> FALSE]
/\ sessions = {c1}
/\ rp = [j1 |-> None]
/\ cst = (c1 :> [j1 |-> None])
/\ sj = [j1 |-> "Running"]
/\ sweeper = [pc |-> "Idle", cl |-> None, snap |-> 0, blocking |-> FALSE]
/\ cjRC = (c1 :> [j1 |-> 0])
/\ startedEv = [j1 |-> FALSE]
/\ exeErrRec = [j1 |-> FALSE]
/\ launches = [j1 |-> 1]
/\ pending = [j1 |-> None]
/\ sjAbortHandled = [j1 |-> FALSE]
/\ cjProc = (c1 :> [j1 |-> "None"])
/\ latchInStopWin = [j1 |-> FALSE]
/\ msgs = <<>>
/\ wfc = [j1 |-> FALSE]
/\ tagged = {}
/\ rmp = [j1 |-> 0]
/\ shared = [j1 |-> FALSE]
/\ disabled = {}
/\ sjErr = [j1 |-> FALSE]
/\ latched = [j1 |-> None]
/\ rpc = [ ready |-> "j1",
  pc |-> "RegisterSJ",
  job |-> None,
  att |-> 1,
  listed |-> {},
  queue |-> <<>>,
  cnt |-> [j1 |-> 1],
  chk |-> {},
  failed |-> <<>>,
  blocked |-> <<>>,
  fb |-> <<>>,
  disp |-> {c1},
  dep |-> {c1},
  jid |-> TRUE,
  snap |-> None,
  sreq |-> {c1} ]
/\ exc = [j1 |-> None]
/\ runningJobs = {}
/\ failRunRec = [j1 |-> FALSE]
/\ startFailCause = [j1 |-> "none"]
/\ adm = [j1 |-> [pc |-> "Idle", snap |-> None]]
/\ slots = {}
/\ termHb = (c1 :> [j1 |-> 0])
/\ grp = (c1 :> [j1 |-> FALSE])
/\ wfcStale = [j1 |-> None]
/\ pCount = [j1 |-> 1]
/\ status = [j1 |-> "DISPATCHED"]
/\ ovw = {}
/\ firstTerm = [j1 |-> None]
/\ ackAbort = [j1 |-> FALSE]
/\ sjRC = [j1 |-> 0]
/\ runAborted = [j1 |-> FALSE]

State 15: <MCRunnerRegisterSJ line 169, col 23 to line 169, col 63 of module MC>
/\ cpAlive = (c1 :> TRUE)
/\ failAccepted = [j1 |-> FALSE]
/\ free = (c1 :> <<>>)
/\ using = (c1 :> [j1 |-> {}])
/\ cjAbortMsg = (c1 :> [j1 |-> 0])
/\ resv = (c1 :> {[job |-> "j1", tok |-> 1, units |-> {}, ttl |-> 1]})
/\ fc = [ hb |-> 0,
  lose |-> 0,
  chkTO |-> 0,
  stTO |-> 0,
  depFail |-> 0,
  sjLaunchFail |-> 0,
  backoff |-> 0,
  sjError |-> 0,
  sjCrash |-> 0,
  cjError |-> 0,
  cjUnsafe |-> 0,
  cjDesc |-> 0,
  cpLaunchFail |-> 0,
  crash |-> 0,
  abort |-> 0,
  delete |-> 0,
  disable |-> 0,
  appMissing |-> 0 ]
/\ abortDropped = (c1 :> [j1 |-> FALSE])
/\ ackInWindow = [j1 |-> FALSE]
/\ nextAtt = 2
/\ endedEv = [j1 |-> FALSE]
/\ micro = [ wfcRead |-> [j1 |-> FALSE],
  wfcHad |-> [j1 |-> FALSE],
  reaped |-> (c1 :> [j1 |-> FALSE]),
  removals |-> [j1 |-> 0],
  sjBooted |-> [j1 |-> FALSE],
  cjSynced |-> (c1 :> [j1 |-> FALSE]),
  delAdm |-> [j1 |-> [pc |-> "Idle", snap |-> None]],
  reports |-> (c1 :> [j1 |-> [pc |-> "Idle", accepted |-> FALSE]]) ]
/\ cjReg = (c1 :> [j1 |-> None])
/\ alloc = (c1 :> [j1 |-> {}])
/\ ackStop = [j1 |-> FALSE]
/\ cpc = [ pc |-> "Idle",
  job |-> None,
  failed |-> FALSE,
  aborted |-> FALSE,
  hadExc |-> FALSE ]
/\ termP = (c1 :> [j1 |-> 0])
/\ waiter = (c1 :> [j1 |-> FALSE])
/\ postAckLaunch = [j1 |-> FALSE]
/\ sessions = {c1}
/\ rp = [j1 |-> [rc |-> 0, exeErr |-> FALSE, parts |-> {c1}, finished |-> FALSE]]
/\ cst = (c1 :> [j1 |-> None])
/\ sj = [j1 |-> "Running"]
/\ sweeper = [pc |-> "Idle", cl |-> None, snap |-> 0, blocking |-> FALSE]
/\ cjRC = (c1 :> [j1 |-> 0])
/\ startedEv = [j1 |-> FALSE]
/\ exeErrRec = [j1 |-> FALSE]
/\ launches = [j1 |-> 1]
/\ pending = [j1 |-> None]
/\ sjAbortHandled = [j1 |-> FALSE]
/\ cjProc = (c1 :> [j1 |-> "None"])
/\ latchInStopWin = [j1 |-> FALSE]
/\ msgs = <<>>
/\ wfc = [j1 |-> TRUE]
/\ tagged = {}
/\ rmp = [j1 |-> 0]
/\ shared = [j1 |-> FALSE]
/\ disabled = {}
/\ sjErr = [j1 |-> FALSE]
/\ latched = [j1 |-> None]
/\ rpc = [ ready |-> "j1",
  pc |-> "InitOutcomes",
  job |-> None,
  att |-> 1,
  listed |-> {},
  queue |-> <<>>,
  cnt |-> [j1 |-> 1],
  chk |-> {},
  failed |-> <<>>,
  blocked |-> <<>>,
  fb |-> <<>>,
  disp |-> {c1},
  dep |-> {c1},
  jid |-> TRUE,
  snap |-> None,
  sreq |-> {c1} ]
/\ exc = [j1 |-> None]
/\ runningJobs = {}
/\ failRunRec = [j1 |-> FALSE]
/\ startFailCause = [j1 |-> "none"]
/\ adm = [j1 |-> [pc |-> "Idle", snap |-> None]]
/\ slots = {}
/\ termHb = (c1 :> [j1 |-> 0])
/\ grp = (c1 :> [j1 |-> FALSE])
/\ wfcStale = [j1 |-> None]
/\ pCount = [j1 |-> 1]
/\ status = [j1 |-> "DISPATCHED"]
/\ ovw = {}
/\ firstTerm = [j1 |-> None]
/\ ackAbort = [j1 |-> FALSE]
/\ sjRC = [j1 |-> 0]
/\ runAborted = [j1 |-> FALSE]

State 16: <MCSjBootstrap("j1") line 165, col 21 to line 165, col 59 of module MC>
/\ cpAlive = (c1 :> TRUE)
/\ failAccepted = [j1 |-> FALSE]
/\ free = (c1 :> <<>>)
/\ using = (c1 :> [j1 |-> {}])
/\ cjAbortMsg = (c1 :> [j1 |-> 0])
/\ resv = (c1 :> {[job |-> "j1", tok |-> 1, units |-> {}, ttl |-> 1]})
/\ fc = [ hb |-> 0,
  lose |-> 0,
  chkTO |-> 0,
  stTO |-> 0,
  depFail |-> 0,
  sjLaunchFail |-> 0,
  backoff |-> 0,
  sjError |-> 0,
  sjCrash |-> 0,
  cjError |-> 0,
  cjUnsafe |-> 0,
  cjDesc |-> 0,
  cpLaunchFail |-> 0,
  crash |-> 0,
  abort |-> 0,
  delete |-> 0,
  disable |-> 0,
  appMissing |-> 0 ]
/\ abortDropped = (c1 :> [j1 |-> FALSE])
/\ ackInWindow = [j1 |-> FALSE]
/\ nextAtt = 2
/\ endedEv = [j1 |-> FALSE]
/\ micro = [ wfcRead |-> [j1 |-> FALSE],
  wfcHad |-> [j1 |-> FALSE],
  reaped |-> (c1 :> [j1 |-> FALSE]),
  removals |-> [j1 |-> 0],
  sjBooted |-> [j1 |-> TRUE],
  cjSynced |-> (c1 :> [j1 |-> FALSE]),
  delAdm |-> [j1 |-> [pc |-> "Idle", snap |-> None]],
  reports |-> (c1 :> [j1 |-> [pc |-> "Idle", accepted |-> FALSE]]) ]
/\ cjReg = (c1 :> [j1 |-> None])
/\ alloc = (c1 :> [j1 |-> {}])
/\ ackStop = [j1 |-> FALSE]
/\ cpc = [ pc |-> "Idle",
  job |-> None,
  failed |-> FALSE,
  aborted |-> FALSE,
  hadExc |-> FALSE ]
/\ termP = (c1 :> [j1 |-> 0])
/\ waiter = (c1 :> [j1 |-> FALSE])
/\ postAckLaunch = [j1 |-> FALSE]
/\ sessions = {c1}
/\ rp = [j1 |-> [rc |-> 0, exeErr |-> FALSE, parts |-> {c1}, finished |-> FALSE]]
/\ cst = (c1 :> [j1 |-> None])
/\ sj = [j1 |-> "Running"]
/\ sweeper = [pc |-> "Idle", cl |-> None, snap |-> 0, blocking |-> FALSE]
/\ cjRC = (c1 :> [j1 |-> 0])
/\ startedEv = [j1 |-> FALSE]
/\ exeErrRec = [j1 |-> FALSE]
/\ launches = [j1 |-> 1]
/\ pending = [j1 |-> None]
/\ sjAbortHandled = [j1 |-> FALSE]
/\ cjProc = (c1 :> [j1 |-> "None"])
/\ latchInStopWin = [j1 |-> FALSE]
/\ msgs = <<>>
/\ wfc = [j1 |-> TRUE]
/\ tagged = {}
/\ rmp = [j1 |-> 0]
/\ shared = [j1 |-> FALSE]
/\ disabled = {}
/\ sjErr = [j1 |-> FALSE]
/\ latched = [j1 |-> None]
/\ rpc = [ ready |-> "j1",
  pc |-> "InitOutcomes",
  job |-> None,
  att |-> 1,
  listed |-> {},
  queue |-> <<>>,
  cnt |-> [j1 |-> 1],
  chk |-> {},
  failed |-> <<>>,
  blocked |-> <<>>,
  fb |-> <<>>,
  disp |-> {c1},
  dep |-> {c1},
  jid |-> TRUE,
  snap |-> None,
  sreq |-> {c1} ]
/\ exc = [j1 |-> None]
/\ runningJobs = {}
/\ failRunRec = [j1 |-> FALSE]
/\ startFailCause = [j1 |-> "none"]
/\ adm = [j1 |-> [pc |-> "Idle", snap |-> None]]
/\ slots = {}
/\ termHb = (c1 :> [j1 |-> 0])
/\ grp = (c1 :> [j1 |-> FALSE])
/\ wfcStale = [j1 |-> None]
/\ pCount = [j1 |-> 1]
/\ status = [j1 |-> "DISPATCHED"]
/\ ovw = {}
/\ firstTerm = [j1 |-> None]
/\ ackAbort = [j1 |-> FALSE]
/\ sjRC = [j1 |-> 0]
/\ runAborted = [j1 |-> FALSE]

State 17: <MCRunnerInitOutcomes line 170, col 25 to line 170, col 67 of module MC>
/\ cpAlive = (c1 :> TRUE)
/\ failAccepted = [j1 |-> FALSE]
/\ free = (c1 :> <<>>)
/\ using = (c1 :> [j1 |-> {}])
/\ cjAbortMsg = (c1 :> [j1 |-> 0])
/\ resv = (c1 :> {[job |-> "j1", tok |-> 1, units |-> {}, ttl |-> 1]})
/\ fc = [ hb |-> 0,
  lose |-> 0,
  chkTO |-> 0,
  stTO |-> 0,
  depFail |-> 0,
  sjLaunchFail |-> 0,
  backoff |-> 0,
  sjError |-> 0,
  sjCrash |-> 0,
  cjError |-> 0,
  cjUnsafe |-> 0,
  cjDesc |-> 0,
  cpLaunchFail |-> 0,
  crash |-> 0,
  abort |-> 0,
  delete |-> 0,
  disable |-> 0,
  appMissing |-> 0 ]
/\ abortDropped = (c1 :> [j1 |-> FALSE])
/\ ackInWindow = [j1 |-> FALSE]
/\ nextAtt = 2
/\ endedEv = [j1 |-> FALSE]
/\ micro = [ wfcRead |-> [j1 |-> FALSE],
  wfcHad |-> [j1 |-> FALSE],
  reaped |-> (c1 :> [j1 |-> FALSE]),
  removals |-> [j1 |-> 0],
  sjBooted |-> [j1 |-> TRUE],
  cjSynced |-> (c1 :> [j1 |-> FALSE]),
  delAdm |-> [j1 |-> [pc |-> "Idle", snap |-> None]],
  reports |-> (c1 :> [j1 |-> [pc |-> "Idle", accepted |-> FALSE]]) ]
/\ cjReg = (c1 :> [j1 |-> None])
/\ alloc = (c1 :> [j1 |-> {}])
/\ ackStop = [j1 |-> FALSE]
/\ cpc = [ pc |-> "Idle",
  job |-> None,
  failed |-> FALSE,
  aborted |-> FALSE,
  hadExc |-> FALSE ]
/\ termP = (c1 :> [j1 |-> 0])
/\ waiter = (c1 :> [j1 |-> FALSE])
/\ postAckLaunch = [j1 |-> FALSE]
/\ sessions = {c1}
/\ rp = [j1 |-> [rc |-> 0, exeErr |-> FALSE, parts |-> {c1}, finished |-> FALSE]]
/\ cst = (c1 :> [j1 |-> None])
/\ sj = [j1 |-> "Running"]
/\ sweeper = [pc |-> "Idle", cl |-> None, snap |-> 0, blocking |-> FALSE]
/\ cjRC = (c1 :> [j1 |-> 0])
/\ startedEv = [j1 |-> FALSE]
/\ exeErrRec = [j1 |-> FALSE]
/\ launches = [j1 |-> 1]
/\ pending = [j1 |-> {c1}]
/\ sjAbortHandled = [j1 |-> FALSE]
/\ cjProc = (c1 :> [j1 |-> "None"])
/\ latchInStopWin = [j1 |-> FALSE]
/\ msgs = <<>>
/\ wfc = [j1 |-> TRUE]
/\ tagged = {}
/\ rmp = [j1 |-> 0]
/\ shared = [j1 |-> FALSE]
/\ disabled = {}
/\ sjErr = [j1 |-> FALSE]
/\ latched = [j1 |-> None]
/\ rpc = [ ready |-> "j1",
  pc |-> "SendStart",
  job |-> None,
  att |-> 1,
  listed |-> {},
  queue |-> <<>>,
  cnt |-> [j1 |-> 1],
  chk |-> {c1},
  failed |-> <<>>,
  blocked |-> <<>>,
  fb |-> <<>>,
  disp |-> {c1},
  dep |-> {c1},
  jid |-> TRUE,
  snap |-> None,
  sreq |-> {} ]
/\ exc = [j1 |-> None]
/\ runningJobs = {}
/\ failRunRec = [j1 |-> FALSE]
/\ startFailCause = [j1 |-> "none"]
/\ adm = [j1 |-> [pc |-> "Idle", snap |-> None]]
/\ slots = {}
/\ termHb = (c1 :> [j1 |-> 0])
/\ grp = (c1 :> [j1 |-> FALSE])
/\ wfcStale = [j1 |-> None]
/\ pCount = [j1 |-> 1]
/\ status = [j1 |-> "DISPATCHED"]
/\ ovw = {}
/\ firstTerm = [j1 |-> None]
/\ ackAbort = [j1 |-> FALSE]
/\ sjRC = [j1 |-> 0]
/\ runAborted = [j1 |-> FALSE]

State 18: <MCRunnerSendStart(c1) line 171, col 25 to line 171, col 67 of module MC>
/\ cpAlive = (c1 :> TRUE)
/\ failAccepted = [j1 |-> FALSE]
/\ free = (c1 :> <<>>)
/\ using = (c1 :> [j1 |-> {}])
/\ cjAbortMsg = (c1 :> [j1 |-> 0])
/\ resv = (c1 :> {[job |-> "j1", tok |-> 1, units |-> {}, ttl |-> 1]})
/\ fc = [ hb |-> 0,
  lose |-> 0,
  chkTO |-> 0,
  stTO |-> 0,
  depFail |-> 0,
  sjLaunchFail |-> 0,
  backoff |-> 0,
  sjError |-> 0,
  sjCrash |-> 0,
  cjError |-> 0,
  cjUnsafe |-> 0,
  cjDesc |-> 0,
  cpLaunchFail |-> 0,
  crash |-> 0,
  abort |-> 0,
  delete |-> 0,
  disable |-> 0,
  appMissing |-> 0 ]
/\ abortDropped = (c1 :> [j1 |-> FALSE])
/\ ackInWindow = [j1 |-> FALSE]
/\ nextAtt = 2
/\ endedEv = [j1 |-> FALSE]
/\ micro = [ wfcRead |-> [j1 |-> FALSE],
  wfcHad |-> [j1 |-> FALSE],
  reaped |-> (c1 :> [j1 |-> FALSE]),
  removals |-> [j1 |-> 0],
  sjBooted |-> [j1 |-> TRUE],
  cjSynced |-> (c1 :> [j1 |-> FALSE]),
  delAdm |-> [j1 |-> [pc |-> "Idle", snap |-> None]],
  reports |-> (c1 :> [j1 |-> [pc |-> "Idle", accepted |-> FALSE]]) ]
/\ cjReg = (c1 :> [j1 |-> None])
/\ alloc = (c1 :> [j1 |-> {}])
/\ ackStop = [j1 |-> FALSE]
/\ cpc = [ pc |-> "Idle",
  job |-> None,
  failed |-> FALSE,
  aborted |-> FALSE,
  hadExc |-> FALSE ]
/\ termP = (c1 :> [j1 |-> 0])
/\ waiter = (c1 :> [j1 |-> FALSE])
/\ postAckLaunch = [j1 |-> FALSE]
/\ sessions = {c1}
/\ rp = [j1 |-> [rc |-> 0, exeErr |-> FALSE, parts |-> {c1}, finished |-> FALSE]]
/\ cst = (c1 :> [j1 |-> None])
/\ sj = [j1 |-> "Running"]
/\ sweeper = [pc |-> "Idle", cl |-> None, snap |-> 0, blocking |-> FALSE]
/\ cjRC = (c1 :> [j1 |-> 0])
/\ startedEv = [j1 |-> FALSE]
/\ exeErrRec = [j1 |-> FALSE]
/\ launches = [j1 |-> 1]
/\ pending = [j1 |-> {c1}]
/\ sjAbortHandled = [j1 |-> FALSE]
/\ cjProc = (c1 :> [j1 |-> "None"])
/\ latchInStopWin = [j1 |-> FALSE]
/\ msgs = <<>>
/\ wfc = [j1 |-> TRUE]
/\ tagged = {}
/\ rmp = [j1 |-> 0]
/\ shared = [j1 |-> FALSE]
/\ disabled = {}
/\ sjErr = [j1 |-> FALSE]
/\ latched = [j1 |-> None]
/\ rpc = [ ready |-> "j1",
  pc |-> "SendStart",
  job |-> None,
  att |-> 1,
  listed |-> {},
  queue |-> <<>>,
  cnt |-> [j1 |-> 1],
  chk |-> {},
  failed |-> <<>>,
  blocked |-> <<>>,
  fb |-> <<>>,
  disp |-> {c1},
  dep |-> {c1},
  jid |-> TRUE,
  snap |-> None,
  sreq |-> {c1} ]
/\ exc = [j1 |-> None]
/\ runningJobs = {}
/\ failRunRec = [j1 |-> FALSE]
/\ startFailCause = [j1 |-> "none"]
/\ adm = [j1 |-> [pc |-> "Idle", snap |-> None]]
/\ slots = {}
/\ termHb = (c1 :> [j1 |-> 0])
/\ grp = (c1 :> [j1 |-> FALSE])
/\ wfcStale = [j1 |-> None]
/\ pCount = [j1 |-> 1]
/\ status = [j1 |-> "DISPATCHED"]
/\ ovw = {}
/\ firstTerm = [j1 |-> None]
/\ ackAbort = [j1 |-> FALSE]
/\ sjRC = [j1 |-> 0]
/\ runAborted = [j1 |-> FALSE]

State 19: <MCSjFinish("j1",FALSE,0) line 77, col 5 to line 78, col 53 of module MC>
/\ cpAlive = (c1 :> TRUE)
/\ failAccepted = [j1 |-> FALSE]
/\ free = (c1 :> <<>>)
/\ using = (c1 :> [j1 |-> {}])
/\ cjAbortMsg = (c1 :> [j1 |-> 0])
/\ resv = (c1 :> {[job |-> "j1", tok |-> 1, units |-> {}, ttl |-> 1]})
/\ fc = [ hb |-> 0,
  lose |-> 0,
  chkTO |-> 0,
  stTO |-> 0,
  depFail |-> 0,
  sjLaunchFail |-> 0,
  backoff |-> 0,
  sjError |-> 0,
  sjCrash |-> 0,
  cjError |-> 0,
  cjUnsafe |-> 0,
  cjDesc |-> 0,
  cpLaunchFail |-> 0,
  crash |-> 0,
  abort |-> 0,
  delete |-> 0,
  disable |-> 0,
  appMissing |-> 0 ]
/\ abortDropped = (c1 :> [j1 |-> FALSE])
/\ ackInWindow = [j1 |-> FALSE]
/\ nextAtt = 2
/\ endedEv = [j1 |-> FALSE]
/\ micro = [ wfcRead |-> [j1 |-> FALSE],
  wfcHad |-> [j1 |-> FALSE],
  reaped |-> (c1 :> [j1 |-> FALSE]),
  removals |-> [j1 |-> 0],
  sjBooted |-> [j1 |-> TRUE],
  cjSynced |-> (c1 :> [j1 |-> FALSE]),
  delAdm |-> [j1 |-> [pc |-> "Idle", snap |-> None]],
  reports |-> (c1 :> [j1 |-> [pc |-> "Idle", accepted |-> FALSE]]) ]
/\ cjReg = (c1 :> [j1 |-> None])
/\ alloc = (c1 :> [j1 |-> {}])
/\ ackStop = [j1 |-> FALSE]
/\ cpc = [ pc |-> "Idle",
  job |-> None,
  failed |-> FALSE,
  aborted |-> FALSE,
  hadExc |-> FALSE ]
/\ termP = (c1 :> [j1 |-> 0])
/\ waiter = (c1 :> [j1 |-> FALSE])
/\ postAckLaunch = [j1 |-> FALSE]
/\ sessions = {c1}
/\ rp = [j1 |-> [rc |-> 0, exeErr |-> FALSE, parts |-> {c1}, finished |-> FALSE]]
/\ cst = (c1 :> [j1 |-> None])
/\ sj = [j1 |-> "Exited"]
/\ sweeper = [pc |-> "Idle", cl |-> None, snap |-> 0, blocking |-> FALSE]
/\ cjRC = (c1 :> [j1 |-> 0])
/\ startedEv = [j1 |-> FALSE]
/\ exeErrRec = [j1 |-> FALSE]
/\ launches = [j1 |-> 1]
/\ pending = [j1 |-> {c1}]
/\ sjAbortHandled = [j1 |-> FALSE]
/\ cjProc = (c1 :> [j1 |-> "None"])
/\ latchInStopWin = [j1 |-> FALSE]
/\ msgs = ( [ job |-> "j1",
    ok |-> FALSE,
    code |-> 0,
    flag |-> FALSE,
    type |-> "RUNSTATUS",
    cl |-> None,
    att |-> 0 ] :>
      1 )
/\ wfc = [j1 |-> TRUE]
/\ tagged = {}
/\ rmp = [j1 |-> 0]
/\ shared = [j1 |-> FALSE]
/\ disabled = {}
/\ sjErr = [j1 |-> FALSE]
/\ latched = [j1 |-> None]
/\ rpc = [ ready |-> "j1",
  pc |-> "SendStart",
  job |-> None,
  att |-> 1,
  listed |-> {},
  queue |-> <<>>,
  cnt |-> [j1 |-> 1],
  chk |-> {},
  failed |-> <<>>,
  blocked |-> <<>>,
  fb |-> <<>>,
  disp |-> {c1},
  dep |-> {c1},
  jid |-> TRUE,
  snap |-> None,
  sreq |-> {c1} ]
/\ exc = [j1 |-> None]
/\ runningJobs = {}
/\ failRunRec = [j1 |-> FALSE]
/\ startFailCause = [j1 |-> "none"]
/\ adm = [j1 |-> [pc |-> "Idle", snap |-> None]]
/\ slots = {}
/\ termHb = (c1 :> [j1 |-> 0])
/\ grp = (c1 :> [j1 |-> FALSE])
/\ wfcStale = [j1 |-> None]
/\ pCount = [j1 |-> 1]
/\ status = [j1 |-> "DISPATCHED"]
/\ ovw = {}
/\ firstTerm = [j1 |-> None]
/\ ackAbort = [j1 |-> FALSE]
/\ sjRC = [j1 |-> 0]
/\ runAborted = [j1 |-> FALSE]

State 20: <MCSpWaitRead("j1") line 172, col 20 to line 172, col 57 of module MC>
/\ cpAlive = (c1 :> TRUE)
/\ failAccepted = [j1 |-> FALSE]
/\ free = (c1 :> <<>>)
/\ using = (c1 :> [j1 |-> {}])
/\ cjAbortMsg = (c1 :> [j1 |-> 0])
/\ resv = (c1 :> {[job |-> "j1", tok |-> 1, units |-> {}, ttl |-> 1]})
/\ fc = [ hb |-> 0,
  lose |-> 0,
  chkTO |-> 0,
  stTO |-> 0,
  depFail |-> 0,
  sjLaunchFail |-> 0,
  backoff |-> 0,
  sjError |-> 0,
  sjCrash |-> 0,
  cjError |-> 0,
  cjUnsafe |-> 0,
  cjDesc |-> 0,
  cpLaunchFail |-> 0,
  crash |-> 0,
  abort |-> 0,
  delete |-> 0,
  disable |-> 0,
  appMissing |-> 0 ]
/\ abortDropped = (c1 :> [j1 |-> FALSE])
/\ ackInWindow = [j1 |-> FALSE]
/\ nextAtt = 2
/\ endedEv = [j1 |-> FALSE]
/\ micro = [ wfcRead |-> [j1 |-> TRUE],
  wfcHad |-> [j1 |-> TRUE],
  reaped |-> (c1 :> [j1 |-> FALSE]),
  removals |-> [j1 |-> 0],
  sjBooted |-> [j1 |-> TRUE],
  cjSynced |-> (c1 :> [j1 |-> FALSE]),
  delAdm |-> [j1 |-> [pc |-> "Idle", snap |-> None]],
  reports |-> (c1 :> [j1 |-> [pc |-> "Idle", accepted |-> FALSE]]) ]
/\ cjReg = (c1 :> [j1 |-> None])
/\ alloc = (c1 :> [j1 |-> {}])
/\ ackStop = [j1 |-> FALSE]
/\ cpc = [ pc |-> "Idle",
  job |-> None,
  failed |-> FALSE,
  aborted |-> FALSE,
  hadExc |-> FALSE ]
/\ termP = (c1 :> [j1 |-> 0])
/\ waiter = (c1 :> [j1 |-> FALSE])
/\ postAckLaunch = [j1 |-> FALSE]
/\ sessions = {c1}
/\ rp = [j1 |-> [rc |-> 0, exeErr |-> FALSE, parts |-> {c1}, finished |-> FALSE]]
/\ cst = (c1 :> [j1 |-> None])
/\ sj = [j1 |-> "Exited"]
/\ sweeper = [pc |-> "Idle", cl |-> None, snap |-> 0, blocking |-> FALSE]
/\ cjRC = (c1 :> [j1 |-> 0])
/\ startedEv = [j1 |-> FALSE]
/\ exeErrRec = [j1 |-> FALSE]
/\ launches = [j1 |-> 1]
/\ pending = [j1 |-> {c1}]
/\ sjAbortHandled = [j1 |-> FALSE]
/\ cjProc = (c1 :> [j1 |-> "None"])
/\ latchInStopWin = [j1 |-> FALSE]
/\ msgs = ( [ job |-> "j1",
    ok |-> FALSE,
    code |-> 0,
    flag |-> FALSE,
    type |-> "RUNSTATUS",
    cl |-> None,
    att |-> 0 ] :>
      1 )
/\ wfc = [j1 |-> TRUE]
/\ tagged = {}
/\ rmp = [j1 |-> 0]
/\ shared = [j1 |-> FALSE]
/\ disabled = {}
/\ sjErr = [j1 |-> FALSE]
/\ latched = [j1 |-> None]
/\ rpc = [ ready |-> "j1",
  pc |-> "SendStart",
  job |-> None,
  att |-> 1,
  listed |-> {},
  queue |-> <<>>,
  cnt |-> [j1 |-> 1],
  chk |-> {},
  failed |-> <<>>,
  blocked |-> <<>>,
  fb |-> <<>>,
  disp |-> {c1},
  dep |-> {c1},
  jid |-> TRUE,
  snap |-> None,
  sreq |-> {c1} ]
/\ exc = [j1 |-> None]
/\ runningJobs = {}
/\ failRunRec = [j1 |-> FALSE]
/\ startFailCause = [j1 |-> "none"]
/\ adm = [j1 |-> [pc |-> "Idle", snap |-> None]]
/\ slots = {}
/\ termHb = (c1 :> [j1 |-> 0])
/\ grp = (c1 :> [j1 |-> FALSE])
/\ wfcStale = [j1 |-> None]
/\ pCount = [j1 |-> 1]
/\ status = [j1 |-> "DISPATCHED"]
/\ ovw = {}
/\ firstTerm = [j1 |-> None]
/\ ackAbort = [j1 |-> FALSE]
/\ sjRC = [j1 |-> 0]
/\ runAborted = [j1 |-> FALSE]

State 21: <MCRunnerStartServerApp line 116, col 28 to line 116, col 72 of module MC>
/\ cpAlive = (c1 :> TRUE)
/\ failAccepted = [j1 |-> FALSE]
/\ free = (c1 :> <<>>)
/\ using = (c1 :> [j1 |-> {}])
/\ cjAbortMsg = (c1 :> [j1 |-> 0])
/\ resv = (c1 :> {[job |-> "j1", tok |-> 1, units |-> {}, ttl |-> 1]})
/\ fc = [ hb |-> 0,
  lose |-> 0,
  chkTO |-> 0,
  stTO |-> 0,
  depFail |-> 0,
  sjLaunchFail |-> 0,
  backoff |-> 0,
  sjError |-> 0,
  sjCrash |-> 0,
  cjError |-> 0,
  cjUnsafe |-> 0,
  cjDesc |-> 0,
  cpLaunchFail |-> 0,
  crash |-> 0,
  abort |-> 0,
  delete |-> 0,
  disable |-> 0,
  appMissing |-> 0 ]
/\ abortDropped = (c1 :> [j1 |-> FALSE])
/\ ackInWindow = [j1 |-> FALSE]
/\ nextAtt = 2
/\ endedEv = [j1 |-> FALSE]
/\ micro = [ wfcRead |-> [j1 |-> TRUE],
  wfcHad |-> [j1 |-> TRUE],
  reaped |-> (c1 :> [j1 |-> FALSE]),
  removals |-> [j1 |-> 0],
  sjBooted |-> [j1 |-> TRUE],
  cjSynced |-> (c1 :> [j1 |-> FALSE]),
  delAdm |-> [j1 |-> [pc |-> "Idle", snap |-> None]],
  reports |-> (c1 :> [j1 |-> [pc |-> "Idle", accepted |-> FALSE]]) ]
/\ cjReg = (c1 :> [j1 |-> None])
/\ alloc = (c1 :> [j1 |-> {}])
/\ ackStop = [j1 |-> FALSE]
/\ cpc = [ pc |-> "Idle",
  job |-> None,
  failed |-> FALSE,
  aborted |-> FALSE,
  hadExc |-> FALSE ]
/\ termP = (c1 :> [j1 |-> 0])
/\ waiter = (c1 :> [j1 |-> FALSE])
/\ postAckLaunch = [j1 |-> FALSE]
/\ sessions = {c1}
/\ rp = [j1 |-> [rc |-> 0, exeErr |-> FALSE, parts |-> {c1}, finished |-> FALSE]]
/\ cst = (c1 :> [j1 |-> None])
/\ sj = [j1 |-> "Exited"]
/\ sweeper = [pc |-> "Idle", cl |-> None, snap |-> 0, blocking |-> FALSE]
/\ cjRC = (c1 :> [j1 |-> 0])
/\ startedEv = [j1 |-> FALSE]
/\ exeErrRec = [j1 |-> FALSE]
/\ launches = [j1 |-> 1]
/\ pending = [j1 |-> {c1}]
/\ sjAbortHandled = [j1 |-> FALSE]
/\ cjProc = (c1 :> [j1 |-> "None"])
/\ latchInStopWin = [j1 |-> FALSE]
/\ msgs = ( [ job |-> "j1",
    ok |-> FALSE,
    code |-> 0,
    flag |-> FALSE,
    type |-> "START",
    cl |-> c1,
    att |-> 1 ] :>
      1 @@
  [ job |-> "j1",
    ok |-> FALSE,
    code |-> 0,
    flag |-> FALSE,
    type |-> "RUNSTATUS",
    cl |-> None,
    att |-> 0 ] :>
      1 )
/\ wfc = [j1 |-> TRUE]
/\ tagged = {}
/\ rmp = [j1 |-> 0]
/\ shared = [j1 |-> FALSE]
/\ disabled = {}
/\ sjErr = [j1 |-> FALSE]
/\ latched = [j1 |-> None]
/\ rpc = [ ready |-> "j1",
  pc |-> "StartWait",
  job |-> None,
  att |-> 1,
  listed |-> {},
  queue |-> <<>>,
  cnt |-> [j1 |-> 1],
  chk |-> {},
  failed |-> <<>>,
  blocked |-> <<>>,
  fb |-> <<>>,
  disp |-> {c1},
  dep |-> {c1},
  jid |-> TRUE,
  snap |-> None,
  sreq |-> {c1} ]
/\ exc = [j1 |-> None]
/\ runningJobs = {}
/\ failRunRec = [j1 |-> FALSE]
/\ startFailCause = [j1 |-> "none"]
/\ adm = [j1 |-> [pc |-> "Idle", snap |-> None]]
/\ slots = {}
/\ termHb = (c1 :> [j1 |-> 0])
/\ grp = (c1 :> [j1 |-> FALSE])
/\ wfcStale = [j1 |-> None]
/\ pCount = [j1 |-> 1]
/\ status = [j1 |-> "DISPATCHED"]
/\ ovw = {}
/\ firstTerm = [j1 |-> None]
/\ ackAbort = [j1 |-> FALSE]
/\ sjRC = [j1 |-> 0]
/\ runAborted = [j1 |-> FALSE]

State 22: <MsgStartAllocate line 158, col 31 to line 158, col 73 of module MC>
/\ cpAlive = (c1 :> TRUE)
/\ failAccepted = [j1 |-> FALSE]
/\ free = (c1 :> <<>>)
/\ using = (c1 :> [j1 |-> {}])
/\ cjAbortMsg = (c1 :> [j1 |-> 0])
/\ resv = (c1 :> {})
/\ fc = [ hb |-> 0,
  lose |-> 0,
  chkTO |-> 0,
  stTO |-> 0,
  depFail |-> 0,
  sjLaunchFail |-> 0,
  backoff |-> 0,
  sjError |-> 0,
  sjCrash |-> 0,
  cjError |-> 0,
  cjUnsafe |-> 0,
  cjDesc |-> 0,
  cpLaunchFail |-> 0,
  crash |-> 0,
  abort |-> 0,
  delete |-> 0,
  disable |-> 0,
  appMissing |-> 0 ]
/\ abortDropped = (c1 :> [j1 |-> FALSE])
/\ ackInWindow = [j1 |-> FALSE]
/\ nextAtt = 2
/\ endedEv = [j1 |-> FALSE]
/\ micro = [ wfcRead |-> [j1 |-> TRUE],
  wfcHad |-> [j1 |-> TRUE],
  reaped |-> (c1 :> [j1 |-> FALSE]),
  removals |-> [j1 |-> 0],
  sjBooted |-> [j1 |-> TRUE],
  cjSynced |-> (c1 :> [j1 |-> FALSE]),
  delAdm |-> [j1 |-> [pc |-> "Idle", snap |-> None]],
  reports |-> (c1 :> [j1 |-> [pc |-> "Idle", accepted |-> FALSE]]) ]
/\ cjReg = (c1 :> [j1 |-> None])
/\ alloc = (c1 :> [j1 |-> {}])
/\ ackStop = [j1 |-> FALSE]
/\ cpc = [ pc |-> "Idle",
  job |-> None,
  failed |-> FALSE,
  aborted |-> FALSE,
  hadExc |-> FALSE ]
/\ termP = (c1 :> [j1 |-> 0])
/\ waiter = (c1 :> [j1 |-> FALSE])
/\ postAckLaunch = [j1 |-> FALSE]
/\ sessions = {c1}
/\ rp = [j1 |-> [rc |-> 0, exeErr |-> FALSE, parts |-> {c1}, finished |-> FALSE]]
/\ cst = (c1 :> [j1 |-> [pc |-> "Allocated", tok |-> 1, units |-> {}]])
/\ sj = [j1 |-> "Exited"]
/\ sweeper = [pc |-> "Idle", cl |-> None, snap |-> 0, blocking |-> FALSE]
/\ cjRC = (c1 :> [j1 |-> 0])
/\ startedEv = [j1 |-> FALSE]
/\ exeErrRec = [j1 |-> FALSE]
/\ launches = [j1 |-> 1]
/\ pending = [j1 |-> {c1}]
/\ sjAbortHandled = [j1 |-> FALSE]
/\ cjProc = (c1 :> [j1 |-> "None"])
/\ latchInStopWin = [j1 |-> FALSE]
/\ msgs = ( [ job |-> "j1",
    ok |-> FALSE,
    code |-> 0,
    flag |-> FALSE,
    type |-> "RUNSTATUS",
    cl |-> None,
    att |-> 0 ] :>
      1 )
/\ wfc = [j1 |-> TRUE]
/\ tagged = {}
/\ rmp = [j1 |-> 0]
/\ shared = [j1 |-> FALSE]
/\ disabled = {}
/\ sjErr = [j1 |-> FALSE]
/\ latched = [j1 |-> None]
/\ rpc = [ ready |-> "j1",
  pc |-> "StartWait",
  job |-> None,
  att |-> 1,
  listed |-> {},
  queue |-> <<>>,
  cnt |-> [j1 |-> 1],
  chk |-> {},
  failed |-> <<>>,
  blocked |-> <<>>,
  fb |-> <<>>,
  disp |-> {c1},
  dep |-> {c1},
  jid |-> TRUE,
  snap |-> None,
  sreq |-> {c1} ]
/\ exc = [j1 |-> None]
/\ runningJobs = {}
/\ failRunRec = [j1 |-> FALSE]
/\ startFailCause = [j1 |-> "none"]
/\ adm = [j1 |-> [pc |-> "Idle", snap |-> None]]
/\ slots = {}
/\ termHb = (c1 :> [j1 |-> 0])
/\ grp = (c1 :> [j1 |-> FALSE])
/\ wfcStale = [j1 |-> None]
/\ pCount = [j1 |-> 1]
/\ status = [j1 |-> "DISPATCHED"]
/\ ovw = {}
/\ firstTerm = [j1 |-> None]
/\ ackAbort = [j1 |-> FALSE]
/\ sjRC = [j1 |-> 0]
/\ runAborted = [j1 |-> FALSE]

State 23: <MCSpWaitForComplete("j1") line 138, col 28 to line 138, col 72 of module MC>
/\ cpAlive = (c1 :> TRUE)
/\ failAccepted = [j1 |-> FALSE]
/\ free = (c1 :> <<>>)
/\ using = (c1 :> [j1 |-> {}])
/\ cjAbortMsg = (c1 :> [j1 |-> 0])
/\ resv = (c1 :> {})
/\ fc = [ hb |-> 0,
  lose |-> 0,
  chkTO |-> 0,
  stTO |-> 0,
  depFail |-> 0,
  sjLaunchFail |-> 0,
  backoff |-> 0,
  sjError |-> 0,
  sjCrash |-> 0,
  cjError |-> 0,
  cjUnsafe |-> 0,
  cjDesc |-> 0,
  cpLaunchFail |-> 0,
  crash |-> 0,
  abort |-> 0,
  delete |-> 0,
  disable |-> 0,
  appMissing |-> 0 ]
/\ abortDropped = (c1 :> [j1 |-> FALSE])
/\ ackInWindow = [j1 |-> FALSE]
/\ nextAtt = 2
/\ endedEv = [j1 |-> FALSE]
/\ micro = [ wfcRead |-> [j1 |-> FALSE],
  wfcHad |-> [j1 |-> FALSE],
  reaped |-> (c1 :> [j1 |-> FALSE]),
  removals |-> [j1 |-> 0],
  sjBooted |-> [j1 |-> TRUE],
  cjSynced |-> (c1 :> [j1 |-> FALSE]),
  delAdm |-> [j1 |-> [pc |-> "Idle", snap |-> None]],
  reports |-> (c1 :> [j1 |-> [pc |-> "Idle", accepted |-> FALSE]]) ]
/\ cjReg = (c1 :> [j1 |-> None])
/\ alloc = (c1 :> [j1 |-> {}])
/\ ackStop = [j1 |-> FALSE]
/\ cpc = [ pc |-> "Idle",
  job |-> None,
  failed |-> FALSE,
  aborted |-> FALSE,
  hadExc |-> FALSE ]
/\ termP = (c1 :> [j1 |-> 0])
/\ waiter = (c1 :> [j1 |-> FALSE])
/\ postAckLaunch = [j1 |-> FALSE]
/\ sessions = {c1}
/\ rp = [j1 |-> None]
/\ cst = (c1 :> [j1 |-> [pc |-> "Allocated", tok |-> 1, units |-> {}]])
/\ sj = [j1 |-> "Exited"]
/\ sweeper = [pc |-> "Idle", cl |-> None, snap |-> 0, blocking |-> FALSE]
/\ cjRC = (c1 :> [j1 |-> 0])
/\ startedEv = [j1 |-> FALSE]
/\ exeErrRec = [j1 |-> FALSE]
/\ launches = [j1 |-> 1]
/\ pending = [j1 |-> {c1}]
/\ sjAbortHandled = [j1 |-> FALSE]
/\ cjProc = (c1 :> [j1 |-> "None"])
/\ latchInStopWin = [j1 |-> FALSE]
/\ msgs = ( [ job |-> "j1",
    ok |-> FALSE,
    code |-> 0,
    flag |-> FALSE,
    type |-> "RUNSTATUS",
    cl |-> None,
    att |-> 0 ] :>
      1 )
/\ wfc = [j1 |-> FALSE]
/\ tagged = {}
/\ rmp = [j1 |-> 0]
/\ shared = [j1 |-> FALSE]
/\ disabled = {}
/\ sjErr = [j1 |-> FALSE]
/\ latched = [j1 |-> None]
/\ rpc = [ ready |-> "j1",
  pc |-> "StartWait",
  job |-> None,
  att |-> 1,
  listed |-> {},
  queue |-> <<>>,
  cnt |-> [j1 |-> 1],
  chk |-> {},
  failed |-> <<>>,
  blocked |-> <<>>,
  fb |-> <<>>,
  disp |-> {c1},
  dep |-> {c1},
  jid |-> TRUE,
  snap |-> None,
  sreq |-> {c1} ]
/\ exc = [j1 |-> None]
/\ runningJobs = {}
/\ failRunRec = [j1 |-> FALSE]
/\ startFailCause = [j1 |-> "none"]
/\ adm = [j1 |-> [pc |-> "Idle", snap |-> None]]
/\ slots = {}
/\ termHb = (c1 :> [j1 |-> 0])
/\ grp = (c1 :> [j1 |-> FALSE])
/\ wfcStale = [j1 |-> None]
/\ pCount = [j1 |-> 1]
/\ status = [j1 |-> "DISPATCHED"]
/\ ovw = {}
/\ firstTerm = [j1 |-> None]
/\ ackAbort = [j1 |-> FALSE]
/\ sjRC = [j1 |-> 0]
/\ runAborted = [j1 |-> FALSE]

State 24: <MCCpStartRegister(c1,"j1") line 143, col 28 to line 143, col 73 of module MC>
/\ cpAlive = (c1 :> TRUE)
/\ failAccepted = [j1 |-> FALSE]
/\ free = (c1 :> <<>>)
/\ using = (c1 :> [j1 |-> {}])
/\ cjAbortMsg = (c1 :> [j1 |-> 0])
/\ resv = (c1 :> {})
/\ fc = [ hb |-> 0,
  lose |-> 0,
  chkTO |-> 0,
  stTO |-> 0,
  depFail |-> 0,
  sjLaunchFail |-> 0,
  backoff |-> 0,
  sjError |-> 0,
  sjCrash |-> 0,
  cjError |-> 0,
  cjUnsafe |-> 0,
  cjDesc |-> 0,
  cpLaunchFail |-> 0,
  crash |-> 0,
  abort |-> 0,
  delete |-> 0,
  disable |-> 0,
  appMissing |-> 0 ]
/\ abortDropped = (c1 :> [j1 |-> FALSE])
/\ ackInWindow = [j1 |-> FALSE]
/\ nextAtt = 2
/\ endedEv = [j1 |-> FALSE]
/\ micro = [ wfcRead |-> [j1 |-> FALSE],
  wfcHad |-> [j1 |-> FALSE],
  reaped |-> (c1 :> [j1 |-> FALSE]),
  removals |-> [j1 |-> 0],
  sjBooted |-> [j1 |-> TRUE],
  cjSynced |-> (c1 :> [j1 |-> FALSE]),
  delAdm |-> [j1 |-> [pc |-> "Idle", snap |-> None]],
  reports |-> (c1 :> [j1 |-> [pc |-> "Idle", accepted |-> FALSE]]) ]
/\ cjReg = ( c1 :>
      [ j1 |->
            [ st |-> "STARTING",
              attached |-> FALSE,
              pendAbort |-> FALSE,
              abortReq |-> FALSE ] ] )
/\ alloc = (c1 :> [j1 |-> {}])
/\ ackStop = [j1 |-> FALSE]
/\ cpc = [ pc |-> "Idle",
  job |-> None,
  failed |-> FALSE,
  aborted |-> FALSE,
  hadExc |-> FALSE ]
/\ termP = (c1 :> [j1 |-> 0])
/\ waiter = (c1 :> [j1 |-> FALSE])
/\ postAckLaunch = [j1 |-> FALSE]
/\ sessions = {c1}
/\ rp = [j1 |-> None]
/\ cst = (c1 :> [j1 |-> [pc |-> "Registered", tok |-> 1, units |-> {}]])
/\ sj = [j1 |-> "Exited"]
/\ sweeper = [pc |-> "Idle", cl |-> None, snap |-> 0, blocking |-> FALSE]
/\ cjRC = (c1 :> [j1 |-> 0])
/\ startedEv = [j1 |-> FALSE]
/\ exeErrRec = [j1 |-> FALSE]
/\ launches = [j1 |-> 1]
/\ pending = [j1 |-> {c1}]
/\ sjAbortHandled = [j1 |-> FALSE]
/\ cjProc = (c1 :> [j1 |-> "None"])
/\ latchInStopWin = [j1 |-> FALSE]
/\ msgs = ( [ job |-> "j1",
    ok |-> FALSE,
    code |-> 0,
    flag |-> FALSE,
    type |-> "RUNSTATUS",
    cl |-> None,
    att |-> 0 ] :>
      1 )
/\ wfc = [j1 |-> FALSE]
/\ tagged = {}
/\ rmp = [j1 |-> 0]
/\ shared = [j1 |-> FALSE]
/\ disabled = {}
/\ sjErr = [j1 |-> FALSE]
/\ latched = [j1 |-> None]
/\ rpc = [ ready |-> "j1",
  pc |-> "StartWait",
  job |-> None,
  att |-> 1,
  listed |-> {},
  queue |-> <<>>,
  cnt |-> [j1 |-> 1],
  chk |-> {},
  failed |-> <<>>,
  blocked |-> <<>>,
  fb |-> <<>>,
  disp |-> {c1},
  dep |-> {c1},
  jid |-> TRUE,
  snap |-> None,
  sreq |-> {c1} ]
/\ exc = [j1 |-> None]
/\ runningJobs = {}
/\ failRunRec = [j1 |-> FALSE]
/\ startFailCause = [j1 |-> "none"]
/\ adm = [j1 |-> [pc |-> "Idle", snap |-> None]]
/\ slots = {}
/\ termHb = (c1 :> [j1 |-> 0])
/\ grp = (c1 :> [j1 |-> FALSE])
/\ wfcStale = [j1 |-> None]
/\ pCount = [j1 |-> 1]
/\ status = [j1 |-> "DISPATCHED"]
/\ ovw = {}
/\ firstTerm = [j1 |-> None]
/\ ackAbort = [j1 |-> FALSE]
/\ sjRC = [j1 |-> 0]
/\ runAborted = [j1 |-> FALSE]

State 25: <MCCpStartLaunch(c1,"j1") line 144, col 28 to line 144, col 71 of module MC>
/\ cpAlive = (c1 :> TRUE)
/\ failAccepted = [j1 |-> FALSE]
/\ free = (c1 :> <<>>)
/\ using = (c1 :> [j1 |-> {}])
/\ cjAbortMsg = (c1 :> [j1 |-> 0])
/\ resv = (c1 :> {})
/\ fc = [ hb |-> 0,
  lose |-> 0,
  chkTO |-> 0,
  stTO |-> 0,
  depFail |-> 0,
  sjLaunchFail |-> 0,
  backoff |-> 0,
  sjError |-> 0,
  sjCrash |-> 0,
  cjError |-> 0,
  cjUnsafe |-> 0,
  cjDesc |-> 0,
  cpLaunchFail |-> 0,
  crash |-> 0,
  abort |-> 0,
  delete |-> 0,
  disable |-> 0,
  appMissing |-> 0 ]
/\ abortDropped = (c1 :> [j1 |-> FALSE])
/\ ackInWindow = [j1 |-> FALSE]
/\ nextAtt = 2
/\ endedEv = [j1 |-> FALSE]
/\ micro = [ wfcRead |-> [j1 |-> FALSE],
  wfcHad |-> [j1 |-> FALSE],
  reaped |-> (c1 :> [j1 |-> FALSE]),
  removals |-> [j1 |-> 0],
  sjBooted |-> [j1 |-> TRUE],
  cjSynced |-> (c1 :> [j1 |-> FALSE]),
  delAdm |-> [j1 |-> [pc |-> "Idle", snap |-> None]],
  reports |-> (c1 :> [j1 |-> [pc |-> "Idle", accepted |-> FALSE]]) ]
/\ cjReg = ( c1 :>
      [ j1 |->
            [ st |-> "STARTING",
              attached |-> TRUE,
              pendAbort |-> FALSE,
              abortReq |-> FALSE ] ] )
/\ alloc = (c1 :> [j1 |-> {}])
/\ ackStop = [j1 |-> FALSE]
/\ cpc = [ pc |-> "Idle",
  job |-> None,
  failed |-> FALSE,
  aborted |-> FALSE,
  hadExc |-> FALSE ]
/\ termP = (c1 :> [j1 |-> 0])
/\ waiter = (c1 :> [j1 |-> TRUE])
/\ postAckLaunch = [j1 |-> FALSE]
/\ sessions = {c1}
/\ rp = [j1 |-> None]
/\ cst = (c1 :> [j1 |-> None])
/\ sj = [j1 |-> "Exited"]
/\ sweeper = [pc |-> "Idle", cl |-> None, snap |-> 0, blocking |-> FALSE]
/\ cjRC = (c1 :> [j1 |-> 0])
/\ startedEv = [j1 |-> FALSE]
/\ exeErrRec = [j1 |-> FALSE]
/\ launches = [j1 |-> 1]
/\ pending = [j1 |-> {c1}]
/\ sjAbortHandled = [j1 |-> FALSE]
/\ cjProc = (c1 :> [j1 |-> "Alive"])
/\ latchInStopWin = [j1 |-> FALSE]
/\ msgs = ( [ job |-> "j1",
    ok |-> FALSE,
    code |-> 0,
    flag |-> FALSE,
    type |-> "START_REP",
    cl |-> c1,
    att |-> 0 ] :>
      1 @@
  [ job |-> "j1",
    ok |-> FALSE,
    code |-> 0,
    flag |-> FALSE,
    type |-> "RUNSTATUS",
    cl |-> None,
    att |-> 0 ] :>
      1 )
/\ wfc = [j1 |-> FALSE]
/\ tagged = {}
/\ rmp = [j1 |-> 0]
/\ shared = [j1 |-> FALSE]
/\ disabled = {}
/\ sjErr = [j1 |-> FALSE]
/\ latched = [j1 |-> None]
/\ rpc = [ ready |-> "j1",
  pc |-> "StartWait",
  job |-> None,
  att |-> 1,
  listed |-> {},
  queue |-> <<>>,
  cnt |-> [j1 |-> 1],
  chk |-> {},
  failed |-> <<>>,
  blocked |-> <<>>,
  fb |-> <<>>,
  disp |-> {c1},
  dep |-> {c1},
  jid |-> TRUE,
  snap |-> None,
  sreq |-> {c1} ]
/\ exc = [j1 |-> None]
/\ runningJobs = {}
/\ failRunRec = [j1 |-> FALSE]
/\ startFailCause = [j1 |-> "none"]
/\ adm = [j1 |-> [pc |-> "Idle", snap |-> None]]
/\ slots = {}
/\ termHb = (c1 :> [j1 |-> 0])
/\ grp = (c1 :> [j1 |-> FALSE])
/\ wfcStale = [j1 |-> None]
/\ pCount = [j1 |-> 1]
/\ status = [j1 |-> "DISPATCHED"]
/\ ovw = {}
/\ firstTerm = [j1 |-> None]
/\ ackAbort = [j1 |-> FALSE]
/\ sjRC = [j1 |-> 0]
/\ runAborted = [j1 |-> FALSE]

State 26: <MCRunnerStartCollect line 117, col 28 to line 117, col 70 of module MC>
/\ cpAlive = (c1 :> TRUE)
/\ failAccepted = [j1 |-> FALSE]
/\ free = (c1 :> <<>>)
/\ using = (c1 :> [j1 |-> {}])
/\ cjAbortMsg = (c1 :> [j1 |-> 0])
/\ resv = (c1 :> {})
/\ fc = [ hb |-> 0,
  lose |-> 0,
  chkTO |-> 0,
  stTO |-> 0,
  depFail |-> 0,
  sjLaunchFail |-> 0,
  backoff |-> 0,
  sjError |-> 0,
  sjCrash |-> 0,
  cjError |-> 0,
  cjUnsafe |-> 0,
  cjDesc |-> 0,
  cpLaunchFail |-> 0,
  crash |-> 0,
  abort |-> 0,
  delete |-> 0,
  disable |-> 0,
  appMissing |-> 0 ]
/\ abortDropped = (c1 :> [j1 |-> FALSE])
/\ ackInWindow = [j1 |-> FALSE]
/\ nextAtt = 2
/\ endedEv = [j1 |-> FALSE]
/\ micro = [ wfcRead |-> [j1 |-> FALSE],
  wfcHad |-> [j1 |-> FALSE],
  reaped |-> (c1 :> [j1 |-> FALSE]),
  removals |-> [j1 |-> 0],
  sjBooted |-> [j1 |-> TRUE],
  cjSynced |-> (c1 :> [j1 |-> FALSE]),
  delAdm |-> [j1 |-> [pc |-> "Idle", snap |-> None]],
  reports |-> (c1 :> [j1 |-> [pc |-> "Idle", accepted |-> FALSE]]) ]
/\ cjReg = ( c1 :>
      [ j1 |->
            [ st |-> "STARTING",
              attached |-> TRUE,
              pendAbort |-> FALSE,
              abortReq |-> FALSE ] ] )
/\ alloc = (c1 :> [j1 |-> {}])
/\ ackStop = [j1 |-> FALSE]
/\ cpc = [ pc |-> "Idle",
  job |-> None,
  failed |-> FALSE,
  aborted |-> FALSE,
  hadExc |-> FALSE ]
/\ termP = (c1 :> [j1 |-> 0])
/\ waiter = (c1 :> [j1 |-> TRUE])
/\ postAckLaunch = [j1 |-> FALSE]
/\ sessions = {c1}
/\ rp = [j1 |-> None]
/\ cst = (c1 :> [j1 |-> None])
/\ sj = [j1 |-> "Exited"]
/\ sweeper = [pc |-> "Idle", cl |-> None, snap |-> 0, blocking |-> FALSE]
/\ cjRC = (c1 :> [j1 |-> 0])
/\ startedEv = [j1 |-> TRUE]
/\ exeErrRec = [j1 |-> FALSE]
/\ launches = [j1 |-> 1]
/\ pending = [j1 |-> {c1}]
/\ sjAbortHandled = [j1 |-> FALSE]
/\ cjProc = (c1 :> [j1 |-> "Alive"])
/\ latchInStopWin = [j1 |-> FALSE]
/\ msgs = ( [ job |-> "j1",
    ok |-> FALSE,
    code |-> 0,
    flag |-> FALSE,
    type |-> "RUNSTATUS",
    cl |-> None,
    att |-> 0 ] :>
      1 )
/\ wfc = [j1 |-> FALSE]
/\ tagged = {}
/\ rmp = [j1 |-> 0]
/\ shared = [j1 |-> FALSE]
/\ disabled = {}
/\ sjErr = [j1 |-> FALSE]
/\ latched = [j1 |-> None]
/\ rpc = [ ready |-> "j1",
  pc |-> "InsertRunning",
  job |-> None,
  att |-> 1,
  listed |-> {},
  queue |-> <<>>,
  cnt |-> [j1 |-> 1],
  chk |-> {},
  failed |-> <<>>,
  blocked |-> <<>>,
  fb |-> <<>>,
  disp |-> {c1},
  dep |-> {c1},
  jid |-> TRUE,
  snap |-> None,
  sreq |-> {c1} ]
/\ exc = [j1 |-> None]
/\ runningJobs = {}
/\ failRunRec = [j1 |-> FALSE]
/\ startFailCause = [j1 |-> "none"]
/\ adm = [j1 |-> [pc |-> "Idle", snap |-> None]]
/\ slots = {"j1"}
/\ termHb = (c1 :> [j1 |-> 0])
/\ grp = (c1 :> [j1 |-> FALSE])
/\ wfcStale = [j1 |-> None]
/\ pCount = [j1 |-> 1]
/\ status = [j1 |-> "DISPATCHED"]
/\ ovw = {}
/\ firstTerm = [j1 |-> None]
/\ ackAbort = [j1 |-> FALSE]
/\ sjRC = [j1 |-> 0]
/\ runAborted = [j1 |-> FALSE]

State 27: <MCCjExit(c1,"j1",1,FALSE) line 82, col 5 to line 88, col 63 of module MC>
/\ cpAlive = (c1 :> TRUE)
/\ failAccepted = [j1 |-> FALSE]
/\ free = (c1 :> <<>>)
/\ using = (c1 :> [j1 |-> {}])
/\ cjAbortMsg = (c1 :> [j1 |-> 0])
/\ resv = (c1 :> {})
/\ fc = [ hb |-> 0,
  lose |-> 0,
  chkTO |-> 0,
  stTO |-> 0,
  depFail |-> 0,
  sjLaunchFail |-> 0,
  backoff |-> 0,
  sjError |-> 0,
  sjCrash |-> 0,
  cjError |-> 1,
  cjUnsafe |-> 0,
  cjDesc |-> 0,
  cpLaunchFail |-> 0,
  crash |-> 0,
  abort |-> 0,
  delete |-> 0,
  disable |-> 0,
  appMissing |-> 0 ]
/\ abortDropped = (c1 :> [j1 |-> FALSE])
/\ ackInWindow = [j1 |-> FALSE]
/\ nextAtt = 2
/\ endedEv = [j1 |-> FALSE]
/\ micro = [ wfcRead |-> [j1 |-> FALSE],
  wfcHad |-> [j1 |-> FALSE],
  reaped |-> (c1 :> [j1 |-> FALSE]),
  removals |-> [j1 |-> 0],
  sjBooted |-> [j1 |-> TRUE],
  cjSynced |-> (c1 :> [j1 |-> FALSE]),
  delAdm |-> [j1 |-> [pc |-> "Idle", snap |-> None]],
  reports |-> (c1 :> [j1 |-> [pc |-> "Idle", accepted |-> FALSE]]) ]
/\ cjReg = ( c1 :>
      [ j1 |->
            [ st |-> "STARTING",
              attached |-> TRUE,
              pendAbort |-> FALSE,
              abortReq |-> FALSE ] ] )
/\ alloc = (c1 :> [j1 |-> {}])
/\ ackStop = [j1 |-> FALSE]
/\ cpc = [ pc |-> "Idle",
  job |-> None,
  failed |-> FALSE,
  aborted |-> FALSE,
  hadExc |-> FALSE ]
/\ termP = (c1 :> [j1 |-> 0])
/\ waiter = (c1 :> [j1 |-> TRUE])
/\ postAckLaunch = [j1 |-> FALSE]
/\ sessions = {c1}
/\ rp = [j1 |-> None]
/\ cst = (c1 :> [j1 |-> None])
/\ sj = [j1 |-> "Exited"]
/\ sweeper = [pc |-> "Idle", cl |-> None, snap |-> 0, blocking |-> FALSE]
/\ cjRC = (c1 :> [j1 |-> 1])
/\ startedEv = [j1 |-> TRUE]
/\ exeErrRec = [j1 |-> FALSE]
/\ launches = [j1 |-> 1]
/\ pending = [j1 |-> {c1}]
/\ sjAbortHandled = [j1 |-> FALSE]
/\ cjProc = (c1 :> [j1 |-> "Exited"])
/\ latchInStopWin = [j1 |-> FALSE]
/\ msgs = ( [ job |-> "j1",
    ok |-> FALSE,
    code |-> 0,
    flag |-> FALSE,
    type |-> "RUNSTATUS",
    cl |-> None,
    att |-> 0 ] :>
      1 )
/\ wfc = [j1 |-> FALSE]
/\ tagged = {}
/\ rmp = [j1 |-> 0]
/\ shared = [j1 |-> FALSE]
/\ disabled = {}
/\ sjErr = [j1 |-> FALSE]
/\ latched = [j1 |-> None]
/\ rpc = [ ready |-> "j1",
  pc |-> "InsertRunning",
  job |-> None,
  att |-> 1,
  listed |-> {},
  queue |-> <<>>,
  cnt |-> [j1 |-> 1],
  chk |-> {},
  failed |-> <<>>,
  blocked |-> <<>>,
  fb |-> <<>>,
  disp |-> {c1},
  dep |-> {c1},
  jid |-> TRUE,
  snap |-> None,
  sreq |-> {c1} ]
/\ exc = [j1 |-> None]
/\ runningJobs = {}
/\ failRunRec = [j1 |-> FALSE]
/\ startFailCause = [j1 |-> "none"]
/\ adm = [j1 |-> [pc |-> "Idle", snap |-> None]]
/\ slots = {"j1"}
/\ termHb = (c1 :> [j1 |-> 0])
/\ grp = (c1 :> [j1 |-> FALSE])
/\ wfcStale = [j1 |-> None]
/\ pCount = [j1 |-> 1]
/\ status = [j1 |-> "DISPATCHED"]
/\ ovw = {}
/\ firstTerm = [j1 |-> None]
/\ ackAbort = [j1 |-> FALSE]
/\ sjRC = [j1 |-> 0]
/\ runAborted = [j1 |-> FALSE]

State 28: <MCCpReapChild(c1,"j1") line 174, col 24 to line 174, col 65 of module MC>
/\ cpAlive = (c1 :> TRUE)
/\ failAccepted = [j1 |-> FALSE]
/\ free = (c1 :> <<>>)
/\ using = (c1 :> [j1 |-> {}])
/\ cjAbortMsg = (c1 :> [j1 |-> 0])
/\ resv = (c1 :> {})
/\ fc = [ hb |-> 0,
  lose |-> 0,
  chkTO |-> 0,
  stTO |-> 0,
  depFail |-> 0,
  sjLaunchFail |-> 0,
  backoff |-> 0,
  sjError |-> 0,
  sjCrash |-> 0,
  cjError |-> 1,
  cjUnsafe |-> 0,
  cjDesc |-> 0,
  cpLaunchFail |-> 0,
  crash |-> 0,
  abort |-> 0,
  delete |-> 0,
  disable |-> 0,
  appMissing |-> 0 ]
/\ abortDropped = (c1 :> [j1 |-> FALSE])
/\ ackInWindow = [j1 |-> FALSE]
/\ nextAtt = 2
/\ endedEv = [j1 |-> FALSE]
/\ micro = [ wfcRead |-> [j1 |-> FALSE],
  wfcHad |-> [j1 |-> FALSE],
  reaped |-> (c1 :> [j1 |-> TRUE]),
  removals |-> [j1 |-> 0],
  sjBooted |-> [j1 |-> TRUE],
  cjSynced |-> (c1 :> [j1 |-> FALSE]),
  delAdm |-> [j1 |-> [pc |-> "Idle", snap |-> None]],
  reports |-> (c1 :> [j1 |-> [pc |-> "Idle", accepted |-> FALSE]]) ]
/\ cjReg = ( c1 :>
      [ j1 |->
            [ st |-> "STARTING",
              attached |-> TRUE,
              pendAbort |-> FALSE,
              abortReq |-> FALSE ] ] )
/\ alloc = (c1 :> [j1 |-> {}])
/\ ackStop = [j1 |-> FALSE]
/\ cpc = [ pc |-> "Idle",
  job |-> None,
  failed |-> FALSE,
  aborted |-> FALSE,
  hadExc |-> FALSE ]
/\ termP = (c1 :> [j1 |-> 0])
/\ waiter = (c1 :> [j1 |-> TRUE])
/\ postAckLaunch = [j1 |-> FALSE]
/\ sessions = {c1}
/\ rp = [j1 |-> None]
/\ cst = (c1 :> [j1 |-> None])
/\ sj = [j1 |-> "Exited"]
/\ sweeper = [pc |-> "Idle", cl |-> None, snap |-> 0, blocking |-> FALSE]
/\ cjRC = (c1 :> [j1 |-> 1])
/\ startedEv = [j1 |-> TRUE]
/\ exeErrRec = [j1 |-> FALSE]
/\ launches = [j1 |-> 1]
/\ pending = [j1 |-> {c1}]
/\ sjAbortHandled = [j1 |-> FALSE]
/\ cjProc = (c1 :> [j1 |-> "Exited"])
/\ latchInStopWin = [j1 |-> FALSE]
/\ msgs = ( [ job |-> "j1",
    ok |-> FALSE,
    code |-> 0,
    flag |-> FALSE,
    type |-> "RUNSTATUS",
    cl |-> None,
    att |-> 0 ] :>
      1 @@
  [ job |-> "j1",
    ok |-> FALSE,
    code |-> 104,
    flag |-> FALSE,
    type |-> "REPORT",
    cl |-> c1,
    att |-> 0 ] :>
      1 )
/\ wfc = [j1 |-> FALSE]
/\ tagged = {}
/\ rmp = [j1 |-> 0]
/\ shared = [j1 |-> FALSE]
/\ disabled = {}
/\ sjErr = [j1 |-> FALSE]
/\ latched = [j1 |-> None]
/\ rpc = [ ready |-> "j1",
  pc |-> "InsertRunning",
  job |-> None,
  att |-> 1,
  listed |-> {},
  queue |-> <<>>,
  cnt |-> [j1 |-> 1],
  chk |-> {},
  failed |-> <<>>,
  blocked |-> <<>>,
  fb |-> <<>>,
  disp |-> {c1},
  dep |-> {c1},
  jid |-> TRUE,
  snap |-> None,
  sreq |-> {c1} ]
/\ exc = [j1 |-> None]
/\ runningJobs = {}
/\ failRunRec = [j1 |-> FALSE]
/\ startFailCause = [j1 |-> "none"]
/\ adm = [j1 |-> [pc |-> "Idle", snap |-> None]]
/\ slots = {"j1"}
/\ termHb = (c1 :> [j1 |-> 0])
/\ grp = (c1 :> [j1 |-> FALSE])
/\ wfcStale = [j1 |-> None]
/\ pCount = [j1 |-> 1]
/\ status = [j1 |-> "DISPATCHED"]
/\ ovw = {}
/\ firstTerm = [j1 |-> None]
/\ ackAbort = [j1 |-> FALSE]
/\ sjRC = [j1 |-> 0]
/\ runAborted = [j1 |-> FALSE]

State 29: <MCMicroNext line 202, col 8 to line 202, col 53 of module MC>
/\ cpAlive = (c1 :> TRUE)
/\ failAccepted = [j1 |-> FALSE]
/\ free = (c1 :> <<>>)
/\ using = (c1 :> [j1 |-> {}])
/\ cjAbortMsg = (c1 :> [j1 |-> 0])
/\ resv = (c1 :> {})
/\ fc = [ hb |-> 0,
  lose |-> 0,
  chkTO |-> 0,
  stTO |-> 0,
  depFail |-> 0,
  sjLaunchFail |-> 0,
  backoff |-> 0,
  sjError |-> 0,
  sjCrash |-> 0,
  cjError |-> 1,
  cjUnsafe |-> 0,
  cjDesc |-> 0,
  cpLaunchFail |-> 0,
  crash |-> 0,
  abort |-> 0,
  delete |-> 0,
  disable |-> 0,
  appMissing |-> 0 ]
/\ abortDropped = (c1 :> [j1 |-> FALSE])
/\ ackInWindow = [j1 |-> FALSE]
/\ nextAtt = 2
/\ endedEv = [j1 |-> FALSE]
/\ micro = [ wfcRead |-> [j1 |-> FALSE],
  wfcHad |-> [j1 |-> FALSE],
  reaped |-> (c1 :> [j1 |-> TRUE]),
  removals |-> [j1 |-> 0],
  sjBooted |-> [j1 |-> TRUE],
  cjSynced |-> (c1 :> [j1 |-> FALSE]),
  delAdm |-> [j1 |-> [pc |-> "Idle", snap |-> None]],
  reports |-> (c1 :> [j1 |-> [pc |-> "Handle", accepted |-> TRUE]]) ]
/\ cjReg = ( c1 :>
      [ j1 |->
            [ st |-> "STARTING",
              attached |-> TRUE,
              pendAbort |-> FALSE,
              abortReq |-> FALSE ] ] )
/\ alloc = (c1 :> [j1 |-> {}])
/\ ackStop = [j1 |-> FALSE]
/\ cpc = [ pc |-> "Idle",
  job |-> None,
  failed |-> FALSE,
  aborted |-> FALSE,
  hadExc |-> FALSE ]
/\ termP = (c1 :> [j1 |-> 0])
/\ waiter = (c1 :> [j1 |-> TRUE])
/\ postAckLaunch = [j1 |-> FALSE]
/\ sessions = {c1}
/\ rp = [j1 |-> None]
/\ cst = (c1 :> [j1 |-> None])
/\ sj = [j1 |-> "Exited"]
/\ sweeper = [pc |-> "Idle", cl |-> None, snap |-> 0, blocking |-> FALSE]
/\ cjRC = (c1 :> [j1 |-> 1])
/\ startedEv = [j1 |-> TRUE]
/\ exeErrRec = [j1 |-> FALSE]
/\ launches = [j1 |-> 1]
/\ pending = [j1 |-> {c1}]
/\ sjAbortHandled = [j1 |-> FALSE]
/\ cjProc = (c1 :> [j1 |-> "Exited"])
/\ latchInStopWin = [j1 |-> FALSE]
/\ msgs = ( [ job |-> "j1",
    ok |-> FALSE,
    code |-> 0,
    flag |-> FALSE,
    type |-> "RUNSTATUS",
    cl |-> None,
    att |-> 0 ] :>
      1 @@
  [ job |-> "j1",
    ok |-> FALSE,
    code |-> 104,
    flag |-> FALSE,
    type |-> "REPORT",
    cl |-> c1,
    att |-> 0 ] :>
      1 )
/\ wfc = [j1 |-> FALSE]
/\ tagged = {}
/\ rmp = [j1 |-> 0]
/\ shared = [j1 |-> FALSE]
/\ disabled = {}
/\ sjErr = [j1 |-> FALSE]
/\ latched = [j1 |-> None]
/\ rpc = [ ready |-> "j1",
  pc |-> "InsertRunning",
  job |-> None,
  att |-> 1,
  listed |-> {},
  queue |-> <<>>,
  cnt |-> [j1 |-> 1],
  chk |-> {},
  failed |-> <<>>,
  blocked |-> <<>>,
  fb |-> <<>>,
  disp |-> {c1},
  dep |-> {c1},
  jid |-> TRUE,
  snap |-> None,
  sreq |-> {c1} ]
/\ exc = [j1 |-> None]
/\ runningJobs = {}
/\ failRunRec = [j1 |-> FALSE]
/\ startFailCause = [j1 |-> "none"]
/\ adm = [j1 |-> [pc |-> "Idle", snap |-> None]]
/\ slots = {"j1"}
/\ termHb = (c1 :> [j1 |-> 0])
/\ grp = (c1 :> [j1 |-> FALSE])
/\ wfcStale = [j1 |-> None]
/\ pCount = [j1 |-> 1]
/\ status = [j1 |-> "DISPATCHED"]
/\ ovw = {}
/\ firstTerm = [j1 |-> None]
/\ ackAbort = [j1 |-> FALSE]
/\ sjRC = [j1 |-> 0]
/\ runAborted = [j1 |-> FALSE]

State 30: <MCMicroNext line 203, col 8 to line 203, col 53 of module MC>
/\ cpAlive = (c1 :> TRUE)
/\ failAccepted = [j1 |-> TRUE]
/\ free = (c1 :> <<>>)
/\ using = (c1 :> [j1 |-> {}])
/\ cjAbortMsg = (c1 :> [j1 |-> 0])
/\ resv = (c1 :> {})
/\ fc = [ hb |-> 0,
  lose |-> 0,
  chkTO |-> 0,
  stTO |-> 0,
  depFail |-> 0,
  sjLaunchFail |-> 0,
  backoff |-> 0,
  sjError |-> 0,
  sjCrash |-> 0,
  cjError |-> 1,
  cjUnsafe |-> 0,
  cjDesc |-> 0,
  cpLaunchFail |-> 0,
  crash |-> 0,
  abort |-> 0,
  delete |-> 0,
  disable |-> 0,
  appMissing |-> 0 ]
/\ abortDropped = (c1 :> [j1 |-> FALSE])
/\ ackInWindow = [j1 |-> FALSE]
/\ nextAtt = 2
/\ endedEv = [j1 |-> FALSE]
/\ micro = [ wfcRead |-> [j1 |-> FALSE],
  wfcHad |-> [j1 |-> FALSE],
  reaped |-> (c1 :> [j1 |-> TRUE]),
  removals |-> [j1 |-> 0],
  sjBooted |-> [j1 |-> TRUE],
  cjSynced |-> (c1 :> [j1 |-> FALSE]),
  delAdm |-> [j1 |-> [pc |-> "Idle", snap |-> None]],
  reports |-> (c1 :> [j1 |-> [pc |-> "Resolve", accepted |-> TRUE]]) ]
/\ cjReg = ( c1 :>
      [ j1 |->
            [ st |-> "STARTING",
              attached |-> TRUE,
              pendAbort |-> FALSE,
              abortReq |-> FALSE ] ] )
/\ alloc = (c1 :> [j1 |-> {}])
/\ ackStop = [j1 |-> FALSE]
/\ cpc = [ pc |-> "Idle",
  job |-> None,
  failed |-> FALSE,
  aborted |-> FALSE,
  hadExc |-> FALSE ]
/\ termP = (c1 :> [j1 |-> 0])
/\ waiter = (c1 :> [j1 |-> TRUE])
/\ postAckLaunch = [j1 |-> FALSE]
/\ sessions = {c1}
/\ rp = [j1 |-> None]
/\ cst = (c1 :> [j1 |-> None])
/\ sj = [j1 |-> "Exited"]
/\ sweeper = [pc |-> "Idle", cl |-> None, snap |-> 0, blocking |-> FALSE]
/\ cjRC = (c1 :> [j1 |-> 1])
/\ startedEv = [j1 |-> TRUE]
/\ exeErrRec = [j1 |-> FALSE]
/\ launches = [j1 |-> 1]
/\ pending = [j1 |-> {c1}]
/\ sjAbortHandled = [j1 |-> FALSE]
/\ cjProc = (c1 :> [j1 |-> "Exited"])
/\ latchInStopWin = [j1 |-> FALSE]
/\ msgs = ( [ job |-> "j1",
    ok |-> FALSE,
    code |-> 0,
    flag |-> FALSE,
    type |-> "RUNSTATUS",
    cl |-> None,
    att |-> 0 ] :>
      1 @@
  [ job |-> "j1",
    ok |-> FALSE,
    code |-> 104,
    flag |-> FALSE,
    type |-> "REPORT",
    cl |-> c1,
    att |-> 0 ] :>
      1 )
/\ wfc = [j1 |-> FALSE]
/\ tagged = {}
/\ rmp = [j1 |-> 0]
/\ shared = [j1 |-> FALSE]
/\ disabled = {}
/\ sjErr = [j1 |-> FALSE]
/\ latched = [j1 |-> None]
/\ rpc = [ ready |-> "j1",
  pc |-> "InsertRunning",
  job |-> None,
  att |-> 1,
  listed |-> {},
  queue |-> <<>>,
  cnt |-> [j1 |-> 1],
  chk |-> {},
  failed |-> <<>>,
  blocked |-> <<>>,
  fb |-> <<>>,
  disp |-> {c1},
  dep |-> {c1},
  jid |-> TRUE,
  snap |-> None,
  sreq |-> {c1} ]
/\ exc = [j1 |-> None]
/\ runningJobs = {}
/\ failRunRec = [j1 |-> FALSE]
/\ startFailCause = [j1 |-> "none"]
/\ adm = [j1 |-> [pc |-> "Idle", snap |-> None]]
/\ slots = {"j1"}
/\ termHb = (c1 :> [j1 |-> 0])
/\ grp = (c1 :> [j1 |-> FALSE])
/\ wfcStale = [j1 |-> None]
/\ pCount = [j1 |-> 1]
/\ status = [j1 |-> "DISPATCHED"]
/\ ovw = {}
/\ firstTerm = [j1 |-> None]
/\ ackAbort = [j1 |-> FALSE]
/\ sjRC = [j1 |-> 0]
/\ runAborted = [j1 |-> FALSE]

State 31: <MCRunnerInsertRunning line 118, col 28 to line 118, col 71 of module MC>
/\ cpAlive = (c1 :> TRUE)
/\ failAccepted = [j1 |-> TRUE]
/\ free = (c1 :> <<>>)
/\ using = (c1 :> [j1 |-> {}])
/\ cjAbortMsg = (c1 :> [j1 |-> 0])
/\ resv = (c1 :> {})
/\ fc = [ hb |-> 0,
  lose |-> 0,
  chkTO |-> 0,
  stTO |-> 0,
  depFail |-> 0,
  sjLaunchFail |-> 0,
  backoff |-> 0,
  sjError |-> 0,
  sjCrash |-> 0,
  cjError |-> 1,
  cjUnsafe |-> 0,
  cjDesc |-> 0,
  cpLaunchFail |-> 0,
  crash |-> 0,
  abort |-> 0,
  delete |-> 0,
  disable |-> 0,
  appMissing |-> 0 ]
/\ abortDropped = (c1 :> [j1 |-> FALSE])
/\ ackInWindow = [j1 |-> FALSE]
/\ nextAtt = 2
/\ endedEv = [j1 |-> FALSE]
/\ micro = [ wfcRead |-> [j1 |-> FALSE],
  wfcHad |-> [j1 |-> FALSE],
  reaped |-> (c1 :> [j1 |-> TRUE]),
  removals |-> [j1 |-> 0],
  sjBooted |-> [j1 |-> TRUE],
  cjSynced |-> (c1 :> [j1 |-> FALSE]),
  delAdm |-> [j1 |-> [pc |-> "Idle", snap |-> None]],
  reports |-> (c1 :> [j1 |-> [pc |-> "Resolve", accepted |-> TRUE]]) ]
/\ cjReg = ( c1 :>
      [ j1 |->
            [ st |-> "STARTING",
              attached |-> TRUE,
              pendAbort |-> FALSE,
              abortReq |-> FALSE ] ] )
/\ alloc = (c1 :> [j1 |-> {}])
/\ ackStop = [j1 |-> FALSE]
/\ cpc = [ pc |-> "Idle",
  job |-> None,
  failed |-> FALSE,
  aborted |-> FALSE,
  hadExc |-> FALSE ]
/\ termP = (c1 :> [j1 |-> 0])
/\ waiter = (c1 :> [j1 |-> TRUE])
/\ postAckLaunch = [j1 |-> FALSE]
/\ sessions = {c1}
/\ rp = [j1 |-> None]
/\ cst = (c1 :> [j1 |-> None])
/\ sj = [j1 |-> "Exited"]
/\ sweeper = [pc |-> "Idle", cl |-> None, snap |-> 0, blocking |-> FALSE]
/\ cjRC = (c1 :> [j1 |-> 1])
/\ startedEv = [j1 |-> TRUE]
/\ exeErrRec = [j1 |-> FALSE]
/\ launches = [j1 |-> 1]
/\ pending = [j1 |-> {c1}]
/\ sjAbortHandled = [j1 |-> FALSE]
/\ cjProc = (c1 :> [j1 |-> "Exited"])
/\ latchInStopWin = [j1 |-> FALSE]
/\ msgs = ( [ job |-> "j1",
    ok |-> FALSE,
    code |-> 0,
    flag |-> FALSE,
    type |-> "RUNSTATUS",
    cl |-> None,
    att |-> 0 ] :>
      1 @@
  [ job |-> "j1",
    ok |-> FALSE,
    code |-> 104,
    flag |-> FALSE,
    type |-> "REPORT",
    cl |-> c1,
    att |-> 0 ] :>
      1 )
/\ wfc = [j1 |-> FALSE]
/\ tagged = {}
/\ rmp = [j1 |-> 0]
/\ shared = [j1 |-> FALSE]
/\ disabled = {}
/\ sjErr = [j1 |-> FALSE]
/\ latched = [j1 |-> None]
/\ rpc = [ ready |-> "j1",
  pc |-> "SetRunning",
  job |-> None,
  att |-> 1,
  listed |-> {},
  queue |-> <<>>,
  cnt |-> [j1 |-> 1],
  chk |-> {},
  failed |-> <<>>,
  blocked |-> <<>>,
  fb |-> <<>>,
  disp |-> {c1},
  dep |-> {c1},
  jid |-> TRUE,
  snap |-> None,
  sreq |-> {c1} ]
/\ exc = [j1 |-> None]
/\ runningJobs = {"j1"}
/\ failRunRec = [j1 |-> FALSE]
/\ startFailCause = [j1 |-> "none"]
/\ adm = [j1 |-> [pc |-> "Idle", snap |-> None]]
/\ slots = {"j1"}
/\ termHb = (c1 :> [j1 |-> 0])
/\ grp = (c1 :> [j1 |-> FALSE])
/\ wfcStale = [j1 |-> None]
/\ pCount = [j1 |-> 1]
/\ status = [j1 |-> "DISPATCHED"]
/\ ovw = {}
/\ firstTerm = [j1 |-> None]
/\ ackAbort = [j1 |-> FALSE]
/\ sjRC = [j1 |-> 0]
/\ runAborted = [j1 |-> FALSE]

State 32: <MCCmpReadServer("j1") line 176, col 23 to line 176, col 63 of module MC>
/\ cpAlive = (c1 :> TRUE)
/\ failAccepted = [j1 |-> TRUE]
/\ free = (c1 :> <<>>)
/\ using = (c1 :> [j1 |-> {}])
/\ cjAbortMsg = (c1 :> [j1 |-> 0])
/\ resv = (c1 :> {})
/\ fc = [ hb |-> 0,
  lose |-> 0,
  chkTO |-> 0,
  stTO |-> 0,
  depFail |-> 0,
  sjLaunchFail |-> 0,
  backoff |-> 0,
  sjError |-> 0,
  sjCrash |-> 0,
  cjError |-> 1,
  cjUnsafe |-> 0,
  cjDesc |-> 0,
  cpLaunchFail |-> 0,
  crash |-> 0,
  abort |-> 0,
  delete |-> 0,
  disable |-> 0,
  appMissing |-> 0 ]
/\ abortDropped = (c1 :> [j1 |-> FALSE])
/\ ackInWindow = [j1 |-> FALSE]
/\ nextAtt = 2
/\ endedEv = [j1 |-> FALSE]
/\ micro = [ wfcRead |-> [j1 |-> FALSE],
  wfcHad |-> [j1 |-> FALSE],
  reaped |-> (c1 :> [j1 |-> TRUE]),
  removals |-> [j1 |-> 0],
  sjBooted |-> [j1 |-> TRUE],
  cjSynced |-> (c1 :> [j1 |-> FALSE]),
  delAdm |-> [j1 |-> [pc |-> "Idle", snap |-> None]],
  reports |-> (c1 :> [j1 |-> [pc |-> "Resolve", accepted |-> TRUE]]) ]
/\ cjReg = ( c1 :>
      [ j1 |->
            [ st |-> "STARTING",
              attached |-> TRUE,
              pendAbort |-> FALSE,
              abortReq |-> FALSE ] ] )
/\ alloc = (c1 :> [j1 |-> {}])
/\ ackStop = [j1 |-> FALSE]
/\ cpc = [ pc |-> "Pending",
  job |-> "j1",
  failed |-> FALSE,
  aborted |-> FALSE,
  hadExc |-> FALSE ]
/\ termP = (c1 :> [j1 |-> 0])
/\ waiter = (c1 :> [j1 |-> TRUE])
/\ postAckLaunch = [j1 |-> FALSE]
/\ sessions = {c1}
/\ rp = [j1 |-> None]
/\ cst = (c1 :> [j1 |-> None])
/\ sj = [j1 |-> "Exited"]
/\ sweeper = [pc |-> "Idle", cl |-> None, snap |-> 0, blocking |-> FALSE]
/\ cjRC = (c1 :> [j1 |-> 1])
/\ startedEv = [j1 |-> TRUE]
/\ exeErrRec = [j1 |-> FALSE]
/\ launches = [j1 |-> 1]
/\ pending = [j1 |-> {c1}]
/\ sjAbortHandled = [j1 |-> FALSE]
/\ cjProc = (c1 :> [j1 |-> "Exited"])
/\ latchInStopWin = [j1 |-> FALSE]
/\ msgs = ( [ job |-> "j1",
    ok |-> FALSE,
    code |-> 0,
    flag |-> FALSE,
    type |-> "RUNSTATUS",
    cl |-> None,
    att |-> 0 ] :>
      1 @@
  [ job |-> "j1",
    ok |-> FALSE,
    code |-> 104,
    flag |-> FALSE,
    type |-> "REPORT",
    cl |-> c1,
    att |-> 0 ] :>
      1 )
/\ wfc = [j1 |-> FALSE]
/\ tagged = {}
/\ rmp = [j1 |-> 0]
/\ shared = [j1 |-> FALSE]
/\ disabled = {}
/\ sjErr = [j1 |-> FALSE]
/\ latched = [j1 |-> None]
/\ rpc = [ ready |-> "j1",
  pc |-> "SetRunning",
  job |-> None,
  att |-> 1,
  listed |-> {},
  queue |-> <<>>,
  cnt |-> [j1 |-> 1],
  chk |-> {},
  failed |-> <<>>,
  blocked |-> <<>>,
  fb |-> <<>>,
  disp |-> {c1},
  dep |-> {c1},
  jid |-> TRUE,
  snap |-> None,
  sreq |-> {c1} ]
/\ exc = [j1 |-> None]
/\ runningJobs = {"j1"}
/\ failRunRec = [j1 |-> FALSE]
/\ startFailCause = [j1 |-> "none"]
/\ adm = [j1 |-> [pc |-> "Idle", snap |-> None]]
/\ slots = {"j1"}
/\ termHb = (c1 :> [j1 |-> 0])
/\ grp = (c1 :> [j1 |-> FALSE])
/\ wfcStale = [j1 |-> None]
/\ pCount = [j1 |-> 1]
/\ status = [j1 |-> "DISPATCHED"]
/\ ovw = {}
/\ firstTerm = [j1 |-> None]
/\ ackAbort = [j1 |-> FALSE]
/\ sjRC = [j1 |-> 0]
/\ runAborted = [j1 |-> FALSE]

State 33: <MCCmpOutcomeDeadline("j1") line 124, col 28 to line 124, col 73 of module MC>
/\ cpAlive = (c1 :> TRUE)
/\ failAccepted = [j1 |-> TRUE]
/\ free = (c1 :> <<>>)
/\ using = (c1 :> [j1 |-> {}])
/\ cjAbortMsg = (c1 :> [j1 |-> 0])
/\ resv = (c1 :> {})
/\ fc = [ hb |-> 0,
  lose |-> 0,
  chkTO |-> 0,
  stTO |-> 0,
  depFail |-> 0,
  sjLaunchFail |-> 0,
  backoff |-> 0,
  sjError |-> 0,
  sjCrash |-> 0,
  cjError |-> 1,
  cjUnsafe |-> 0,
  cjDesc |-> 0,
  cpLaunchFail |-> 0,
  crash |-> 0,
  abort |-> 0,
  delete |-> 0,
  disable |-> 0,
  appMissing |-> 0 ]
/\ abortDropped = (c1 :> [j1 |-> FALSE])
/\ ackInWindow = [j1 |-> FALSE]
/\ nextAtt = 2
/\ endedEv = [j1 |-> FALSE]
/\ micro = [ wfcRead |-> [j1 |-> FALSE],
  wfcHad |-> [j1 |-> FALSE],
  reaped |-> (c1 :> [j1 |-> TRUE]),
  removals |-> [j1 |-> 0],
  sjBooted |-> [j1 |-> TRUE],
  cjSynced |-> (c1 :> [j1 |-> FALSE]),
  delAdm |-> [j1 |-> [pc |-> "Idle", snap |-> None]],
  reports |-> (c1 :> [j1 |-> [pc |-> "Resolve", accepted |-> TRUE]]) ]
/\ cjReg = ( c1 :>
      [ j1 |->
            [ st |-> "STARTING",
              attached |-> TRUE,
              pendAbort |-> FALSE,
              abortReq |-> FALSE ] ] )
/\ alloc = (c1 :> [j1 |-> {}])
/\ ackStop = [j1 |-> FALSE]
/\ cpc = [ pc |-> "AbortRead",
  job |-> "j1",
  failed |-> FALSE,
  aborted |-> FALSE,
  hadExc |-> FALSE ]
/\ termP = (c1 :> [j1 |-> 0])
/\ waiter = (c1 :> [j1 |-> TRUE])
/\ postAckLaunch = [j1 |-> FALSE]
/\ sessions = {c1}
/\ rp = [j1 |-> None]
/\ cst = (c1 :> [j1 |-> None])
/\ sj = [j1 |-> "Exited"]
/\ sweeper = [pc |-> "Idle", cl |-> None, snap |-> 0, blocking |-> FALSE]
/\ cjRC = (c1 :> [j1 |-> 1])
/\ startedEv = [j1 |-> TRUE]
/\ exeErrRec = [j1 |-> FALSE]
/\ launches = [j1 |-> 1]
/\ pending = [j1 |-> {}]
/\ sjAbortHandled = [j1 |-> FALSE]
/\ cjProc = (c1 :> [j1 |-> "Exited"])
/\ latchInStopWin = [j1 |-> FALSE]
/\ msgs = ( [ job |-> "j1",
    ok |-> FALSE,
    code |-> 0,
    flag |-> FALSE,
    type |-> "RUNSTATUS",
    cl |-> None,
    att |-> 0 ] :>
      1 @@
  [ job |-> "j1",
    ok |-> FALSE,
    code |-> 104,
    flag |-> FALSE,
    type |-> "REPORT",
    cl |-> c1,
    att |-> 0 ] :>
      1 )
/\ wfc = [j1 |-> FALSE]
/\ tagged = {}
/\ rmp = [j1 |-> 0]
/\ shared = [j1 |-> FALSE]
/\ disabled = {}
/\ sjErr = [j1 |-> FALSE]
/\ latched = [j1 |-> None]
/\ rpc = [ ready |-> "j1",
  pc |-> "SetRunning",
  job |-> None,
  att |-> 1,
  listed |-> {},
  queue |-> <<>>,
  cnt |-> [j1 |-> 1],
  chk |-> {},
  failed |-> <<>>,
  blocked |-> <<>>,
  fb |-> <<>>,
  disp |-> {c1},
  dep |-> {c1},
  jid |-> TRUE,
  snap |-> None,
  sreq |-> {c1} ]
/\ exc = [j1 |-> None]
/\ runningJobs = {"j1"}
/\ failRunRec = [j1 |-> FALSE]
/\ startFailCause = [j1 |-> "none"]
/\ adm = [j1 |-> [pc |-> "Idle", snap |-> None]]
/\ slots = {"j1"}
/\ termHb = (c1 :> [j1 |-> 0])
/\ grp = (c1 :> [j1 |-> FALSE])
/\ wfcStale = [j1 |-> None]
/\ pCount = [j1 |-> 1]
/\ status = [j1 |-> "DISPATCHED"]
/\ ovw = {}
/\ firstTerm = [j1 |-> None]
/\ ackAbort = [j1 |-> FALSE]
/\ sjRC = [j1 |-> 0]
/\ runAborted = [j1 |-> FALSE]

State 34: <MCCmpReadAbort line 178, col 19 to line 178, col 55 of module MC>
/\ cpAlive = (c1 :> TRUE)
/\ failAccepted = [j1 |-> TRUE]
/\ free = (c1 :> <<>>)
/\ using = (c1 :> [j1 |-> {}])
/\ cjAbortMsg = (c1 :> [j1 |-> 0])
/\ resv = (c1 :> {})
/\ fc = [ hb |-> 0,
  lose |-> 0,
  chkTO |-> 0,
  stTO |-> 0,
  depFail |-> 0,
  sjLaunchFail |-> 0,
  backoff |-> 0,
  sjError |-> 0,
  sjCrash |-> 0,
  cjError |-> 1,
  cjUnsafe |-> 0,
  cjDesc |-> 0,
  cpLaunchFail |-> 0,
  crash |-> 0,
  abort |-> 0,
  delete |-> 0,
  disable |-> 0,
  appMissing |-> 0 ]
/\ abortDropped = (c1 :> [j1 |-> FALSE])
/\ ackInWindow = [j1 |-> FALSE]
/\ nextAtt = 2
/\ endedEv = [j1 |-> FALSE]
/\ micro = [ wfcRead |-> [j1 |-> FALSE],
  wfcHad |-> [j1 |-> FALSE],
  reaped |-> (c1 :> [j1 |-> TRUE]),
  removals |-> [j1 |-> 0],
  sjBooted |-> [j1 |-> TRUE],
  cjSynced |-> (c1 :> [j1 |-> FALSE]),
  delAdm |-> [j1 |-> [pc |-> "Idle", snap |-> None]],
  reports |-> (c1 :> [j1 |-> [pc |-> "Resolve", accepted |-> TRUE]]) ]
/\ cjReg = ( c1 :>
      [ j1 |->
            [ st |-> "STARTING",
              attached |-> TRUE,
              pendAbort |-> FALSE,
              abortReq |-> FALSE ] ] )
/\ alloc = (c1 :> [j1 |-> {}])
/\ ackStop = [j1 |-> FALSE]
/\ cpc = [ pc |-> "OutcomeRead",
  job |-> "j1",
  failed |-> FALSE,
  aborted |-> FALSE,
  hadExc |-> FALSE ]
/\ termP = (c1 :> [j1 |-> 0])
/\ waiter = (c1 :> [j1 |-> TRUE])
/\ postAckLaunch = [j1 |-> FALSE]
/\ sessions = {c1}
/\ rp = [j1 |-> None]
/\ cst = (c1 :> [j1 |-> None])
/\ sj = [j1 |-> "Exited"]
/\ sweeper = [pc |-> "Idle", cl |-> None, snap |-> 0, blocking |-> FALSE]
/\ cjRC = (c1 :> [j1 |-> 1])
/\ startedEv = [j1 |-> TRUE]
/\ exeErrRec = [j1 |-> FALSE]
/\ launches = [j1 |-> 1]
/\ pending = [j1 |-> {}]
/\ sjAbortHandled = [j1 |-> FALSE]
/\ cjProc = (c1 :> [j1 |-> "Exited"])
/\ latchInStopWin = [j1 |-> FALSE]
/\ msgs = ( [ job |-> "j1",
    ok |-> FALSE,
    code |-> 0,
    flag |-> FALSE,
    type |-> "RUNSTATUS",
    cl |-> None,
    att |-> 0 ] :>
      1 @@
  [ job |-> "j1",
    ok |-> FALSE,
    code |-> 104,
    flag |-> FALSE,
    type |-> "REPORT",
    cl |-> c1,
    att |-> 0 ] :>
      1 )
/\ wfc = [j1 |-> FALSE]
/\ tagged = {}
/\ rmp = [j1 |-> 0]
/\ shared = [j1 |-> FALSE]
/\ disabled = {}
/\ sjErr = [j1 |-> FALSE]
/\ latched = [j1 |-> None]
/\ rpc = [ ready |-> "j1",
  pc |-> "SetRunning",
  job |-> None,
  att |-> 1,
  listed |-> {},
  queue |-> <<>>,
  cnt |-> [j1 |-> 1],
  chk |-> {},
  failed |-> <<>>,
  blocked |-> <<>>,
  fb |-> <<>>,
  disp |-> {c1},
  dep |-> {c1},
  jid |-> TRUE,
  snap |-> None,
  sreq |-> {c1} ]
/\ exc = [j1 |-> None]
/\ runningJobs = {"j1"}
/\ failRunRec = [j1 |-> FALSE]
/\ startFailCause = [j1 |-> "none"]
/\ adm = [j1 |-> [pc |-> "Idle", snap |-> None]]
/\ slots = {"j1"}
/\ termHb = (c1 :> [j1 |-> 0])
/\ grp = (c1 :> [j1 |-> FALSE])
/\ wfcStale = [j1 |-> None]
/\ pCount = [j1 |-> 1]
/\ status = [j1 |-> "DISPATCHED"]
/\ ovw = {}
/\ firstTerm = [j1 |-> None]
/\ ackAbort = [j1 |-> FALSE]
/\ sjRC = [j1 |-> 0]
/\ runAborted = [j1 |-> FALSE]

State 35: <MCCmpReadOutcome line 179, col 21 to line 179, col 59 of module MC>
/\ cpAlive = (c1 :> TRUE)
/\ failAccepted = [j1 |-> TRUE]
/\ free = (c1 :> <<>>)
/\ using = (c1 :> [j1 |-> {}])
/\ cjAbortMsg = (c1 :> [j1 |-> 0])
/\ resv = (c1 :> {})
/\ fc = [ hb |-> 0,
  lose |-> 0,
  chkTO |-> 0,
  stTO |-> 0,
  depFail |-> 0,
  sjLaunchFail |-> 0,
  backoff |-> 0,
  sjError |-> 0,
  sjCrash |-> 0,
  cjError |-> 1,
  cjUnsafe |-> 0,
  cjDesc |-> 0,
  cpLaunchFail |-> 0,
  crash |-> 0,
  abort |-> 0,
  delete |-> 0,
  disable |-> 0,
  appMissing |-> 0 ]
/\ abortDropped = (c1 :> [j1 |-> FALSE])
/\ ackInWindow = [j1 |-> FALSE]
/\ nextAtt = 2
/\ endedEv = [j1 |-> FALSE]
/\ micro = [ wfcRead |-> [j1 |-> FALSE],
  wfcHad |-> [j1 |-> FALSE],
  reaped |-> (c1 :> [j1 |-> TRUE]),
  removals |-> [j1 |-> 0],
  sjBooted |-> [j1 |-> TRUE],
  cjSynced |-> (c1 :> [j1 |-> FALSE]),
  delAdm |-> [j1 |-> [pc |-> "Idle", snap |-> None]],
  reports |-> (c1 :> [j1 |-> [pc |-> "Resolve", accepted |-> TRUE]]) ]
/\ cjReg = ( c1 :>
      [ j1 |->
            [ st |-> "STARTING",
              attached |-> TRUE,
              pendAbort |-> FALSE,
              abortReq |-> FALSE ] ] )
/\ alloc = (c1 :> [j1 |-> {}])
/\ ackStop = [j1 |-> FALSE]
/\ cpc = [ pc |-> "Latch",
  job |-> "j1",
  failed |-> FALSE,
  aborted |-> FALSE,
  hadExc |-> FALSE ]
/\ termP = (c1 :> [j1 |-> 0])
/\ waiter = (c1 :> [j1 |-> TRUE])
/\ postAckLaunch = [j1 |-> FALSE]
/\ sessions = {c1}
/\ rp = [j1 |-> None]
/\ cst = (c1 :> [j1 |-> None])
/\ sj = [j1 |-> "Exited"]
/\ sweeper = [pc |-> "Idle", cl |-> None, snap |-> 0, blocking |-> FALSE]
/\ cjRC = (c1 :> [j1 |-> 1])
/\ startedEv = [j1 |-> TRUE]
/\ exeErrRec = [j1 |-> FALSE]
/\ launches = [j1 |-> 1]
/\ pending = [j1 |-> {}]
/\ sjAbortHandled = [j1 |-> FALSE]
/\ cjProc = (c1 :> [j1 |-> "Exited"])
/\ latchInStopWin = [j1 |-> FALSE]
/\ msgs = ( [ job |-> "j1",
    ok |-> FALSE,
    code |-> 0,
    flag |-> FALSE,
    type |-> "RUNSTATUS",
    cl |-> None,
    att |-> 0 ] :>
      1 @@
  [ job |-> "j1",
    ok |-> FALSE,
    code |-> 104,
    flag |-> FALSE,
    type |-> "REPORT",
    cl |-> c1,
    att |-> 0 ] :>
      1 )
/\ wfc = [j1 |-> FALSE]
/\ tagged = {}
/\ rmp = [j1 |-> 0]
/\ shared = [j1 |-> FALSE]
/\ disabled = {}
/\ sjErr = [j1 |-> FALSE]
/\ latched = [j1 |-> None]
/\ rpc = [ ready |-> "j1",
  pc |-> "SetRunning",
  job |-> None,
  att |-> 1,
  listed |-> {},
  queue |-> <<>>,
  cnt |-> [j1 |-> 1],
  chk |-> {},
  failed |-> <<>>,
  blocked |-> <<>>,
  fb |-> <<>>,
  disp |-> {c1},
  dep |-> {c1},
  jid |-> TRUE,
  snap |-> None,
  sreq |-> {c1} ]
/\ exc = [j1 |-> None]
/\ runningJobs = {"j1"}
/\ failRunRec = [j1 |-> FALSE]
/\ startFailCause = [j1 |-> "none"]
/\ adm = [j1 |-> [pc |-> "Idle", snap |-> None]]
/\ slots = {"j1"}
/\ termHb = (c1 :> [j1 |-> 0])
/\ grp = (c1 :> [j1 |-> FALSE])
/\ wfcStale = [j1 |-> None]
/\ pCount = [j1 |-> 1]
/\ status = [j1 |-> "DISPATCHED"]
/\ ovw = {}
/\ firstTerm = [j1 |-> None]
/\ ackAbort = [j1 |-> FALSE]
/\ sjRC = [j1 |-> 0]
/\ runAborted = [j1 |-> FALSE]

State 36: <MCCmpFinalizeBegin("j1") line 123, col 28 to line 123, col 71 of module MC>
/\ cpAlive = (c1 :> TRUE)
/\ failAccepted = [j1 |-> TRUE]
/\ free = (c1 :> <<>>)
/\ using = (c1 :> [j1 |-> {}])
/\ cjAbortMsg = (c1 :> [j1 |-> 0])
/\ resv = (c1 :> {})
/\ fc = [ hb |-> 0,
  lose |-> 0,
  chkTO |-> 0,
  stTO |-> 0,
  depFail |-> 0,
  sjLaunchFail |-> 0,
  backoff |-> 0,
  sjError |-> 0,
  sjCrash |-> 0,
  cjError |-> 1,
  cjUnsafe |-> 0,
  cjDesc |-> 0,
  cpLaunchFail |-> 0,
  crash |-> 0,
  abort |-> 0,
  delete |-> 0,
  disable |-> 0,
  appMissing |-> 0 ]
/\ abortDropped = (c1 :> [j1 |-> FALSE])
/\ ackInWindow = [j1 |-> FALSE]
/\ nextAtt = 2
/\ endedEv = [j1 |-> FALSE]
/\ micro = [ wfcRead |-> [j1 |-> FALSE],
  wfcHad |-> [j1 |-> FALSE],
  reaped |-> (c1 :> [j1 |-> TRUE]),
  removals |-> [j1 |-> 0],
  sjBooted |-> [j1 |-> TRUE],
  cjSynced |-> (c1 :> [j1 |-> FALSE]),
  delAdm |-> [j1 |-> [pc |-> "Idle", snap |-> None]],
  reports |-> (c1 :> [j1 |-> [pc |-> "Resolve", accepted |-> TRUE]]) ]
/\ cjReg = ( c1 :>
      [ j1 |->
            [ st |-> "STARTING",
              attached |-> TRUE,
              pendAbort |-> FALSE,
              abortReq |-> FALSE ] ] )
/\ alloc = (c1 :> [j1 |-> {}])
/\ ackStop = [j1 |-> FALSE]
/\ cpc = [ pc |-> "Publish",
  job |-> "j1",
  failed |-> FALSE,
  aborted |-> FALSE,
  hadExc |-> FALSE ]
/\ termP = (c1 :> [j1 |-> 0])
/\ waiter = (c1 :> [j1 |-> TRUE])
/\ postAckLaunch = [j1 |-> FALSE]
/\ sessions = {c1}
/\ rp = [j1 |-> None]
/\ cst = (c1 :> [j1 |-> None])
/\ sj = [j1 |-> "Exited"]
/\ sweeper = [pc |-> "Idle", cl |-> None, snap |-> 0, blocking |-> FALSE]
/\ cjRC = (c1 :> [j1 |-> 1])
/\ startedEv = [j1 |-> TRUE]
/\ exeErrRec = [j1 |-> FALSE]
/\ launches = [j1 |-> 1]
/\ pending = [j1 |-> {}]
/\ sjAbortHandled = [j1 |-> FALSE]
/\ cjProc = (c1 :> [j1 |-> "Exited"])
/\ latchInStopWin = [j1 |-> FALSE]
/\ msgs = ( [ job |-> "j1",
    ok |-> FALSE,
    code |-> 0,
    flag |-> FALSE,
    type |-> "RUNSTATUS",
    cl |-> None,
    att |-> 0 ] :>
      1 @@
  [ job |-> "j1",
    ok |-> FALSE,
    code |-> 104,
    flag |-> FALSE,
    type |-> "REPORT",
    cl |-> c1,
    att |-> 0 ] :>
      1 )
/\ wfc = [j1 |-> FALSE]
/\ tagged = {}
/\ rmp = [j1 |-> 0]
/\ shared = [j1 |-> FALSE]
/\ disabled = {}
/\ sjErr = [j1 |-> FALSE]
/\ latched = [j1 |-> "FINISHED:COMPLETED"]
/\ rpc = [ ready |-> "j1",
  pc |-> "SetRunning",
  job |-> None,
  att |-> 1,
  listed |-> {},
  queue |-> <<>>,
  cnt |-> [j1 |-> 1],
  chk |-> {},
  failed |-> <<>>,
  blocked |-> <<>>,
  fb |-> <<>>,
  disp |-> {c1},
  dep |-> {c1},
  jid |-> TRUE,
  snap |-> None,
  sreq |-> {c1} ]
/\ exc = [j1 |-> None]
/\ runningJobs = {"j1"}
/\ failRunRec = [j1 |-> FALSE]
/\ startFailCause = [j1 |-> "none"]
/\ adm = [j1 |-> [pc |-> "Idle", snap |-> None]]
/\ slots = {"j1"}
/\ termHb = (c1 :> [j1 |-> 0])
/\ grp = (c1 :> [j1 |-> FALSE])
/\ wfcStale = [j1 |-> None]
/\ pCount = [j1 |-> 1]
/\ status = [j1 |-> "DISPATCHED"]
/\ ovw = {}
/\ firstTerm = [j1 |-> None]
/\ ackAbort = [j1 |-> FALSE]
/\ sjRC = [j1 |-> 0]
/\ runAborted = [j1 |-> FALSE]

State 37: <MCCmpPublish line 125, col 28 to line 125, col 62 of module MC>
/\ cpAlive = (c1 :> TRUE)
/\ failAccepted = [j1 |-> TRUE]
/\ free = (c1 :> <<>>)
/\ using = (c1 :> [j1 |-> {}])
/\ cjAbortMsg = (c1 :> [j1 |-> 0])
/\ resv = (c1 :> {})
/\ fc = [ hb |-> 0,
  lose |-> 0,
  chkTO |-> 0,
  stTO |-> 0,
  depFail |-> 0,
  sjLaunchFail |-> 0,
  backoff |-> 0,
  sjError |-> 0,
  sjCrash |-> 0,
  cjError |-> 1,
  cjUnsafe |-> 0,
  cjDesc |-> 0,
  cpLaunchFail |-> 0,
  crash |-> 0,
  abort |-> 0,
  delete |-> 0,
  disable |-> 0,
  appMissing |-> 0 ]
/\ abortDropped = (c1 :> [j1 |-> FALSE])
/\ ackInWindow = [j1 |-> FALSE]
/\ nextAtt = 2
/\ endedEv = [j1 |-> FALSE]
/\ micro = [ wfcRead |-> [j1 |-> FALSE],
  wfcHad |-> [j1 |-> FALSE],
  reaped |-> (c1 :> [j1 |-> TRUE]),
  removals |-> [j1 |-> 0],
  sjBooted |-> [j1 |-> TRUE],
  cjSynced |-> (c1 :> [j1 |-> FALSE]),
  delAdm |-> [j1 |-> [pc |-> "Idle", snap |-> None]],
  reports |-> (c1 :> [j1 |-> [pc |-> "Resolve", accepted |-> TRUE]]) ]
/\ cjReg = ( c1 :>
      [ j1 |->
            [ st |-> "STARTING",
              attached |-> TRUE,
              pendAbort |-> FALSE,
              abortReq |-> FALSE ] ] )
/\ alloc = (c1 :> [j1 |-> {}])
/\ ackStop = [j1 |-> FALSE]
/\ cpc = [ pc |-> "Remove",
  job |-> "j1",
  failed |-> FALSE,
  aborted |-> FALSE,
  hadExc |-> FALSE ]
/\ termP = (c1 :> [j1 |-> 0])
/\ waiter = (c1 :> [j1 |-> TRUE])
/\ postAckLaunch = [j1 |-> FALSE]
/\ sessions = {c1}
/\ rp = [j1 |-> None]
/\ cst = (c1 :> [j1 |-> None])
/\ sj = [j1 |-> "Exited"]
/\ sweeper = [pc |-> "Idle", cl |-> None, snap |-> 0, blocking |-> FALSE]
/\ cjRC = (c1 :> [j1 |-> 1])
/\ startedEv = [j1 |-> TRUE]
/\ exeErrRec = [j1 |-> FALSE]
/\ launches = [j1 |-> 1]
/\ pending = [j1 |-> {}]
/\ sjAbortHandled = [j1 |-> FALSE]
/\ cjProc = (c1 :> [j1 |-> "Exited"])
/\ latchInStopWin = [j1 |-> FALSE]
/\ msgs = ( [ job |-> "j1",
    ok |-> FALSE,
    code |-> 0,
    flag |-> FALSE,
    type |-> "RUNSTATUS",
    cl |-> None,
    att |-> 0 ] :>
      1 @@
  [ job |-> "j1",
    ok |-> FALSE,
    code |-> 104,
    flag |-> FALSE,
    type |-> "REPORT",
    cl |-> c1,
    att |-> 0 ] :>
      1 )
/\ wfc = [j1 |-> FALSE]
/\ tagged = {}
/\ rmp = [j1 |-> 0]
/\ shared = [j1 |-> FALSE]
/\ disabled = {}
/\ sjErr = [j1 |-> FALSE]
/\ latched = [j1 |-> "FINISHED:COMPLETED"]
/\ rpc = [ ready |-> "j1",
  pc |-> "SetRunning",
  job |-> None,
  att |-> 1,
  listed |-> {},
  queue |-> <<>>,
  cnt |-> [j1 |-> 1],
  chk |-> {},
  failed |-> <<>>,
  blocked |-> <<>>,
  fb |-> <<>>,
  disp |-> {c1},
  dep |-> {c1},
  jid |-> TRUE,
  snap |-> None,
  sreq |-> {c1} ]
/\ exc = [j1 |-> None]
/\ runningJobs = {"j1"}
/\ failRunRec = [j1 |-> FALSE]
/\ startFailCause = [j1 |-> "none"]
/\ adm = [j1 |-> [pc |-> "Idle", snap |-> None]]
/\ slots = {"j1"}
/\ termHb = (c1 :> [j1 |-> 0])
/\ grp = (c1 :> [j1 |-> FALSE])
/\ wfcStale = [j1 |-> None]
/\ pCount = [j1 |-> 1]
/\ status = [j1 |-> "FINISHED:COMPLETED"]
/\ ovw = {}
/\ firstTerm = [j1 |-> "FINISHED:COMPLETED"]
/\ ackAbort = [j1 |-> FALSE]
/\ sjRC = [j1 |-> 0]
/\ runAborted = [j1 |-> FALSE]

"CounterExample written: /home/ubuntu/specula-nvflare-gpt-continuation-20260926/framework/runs/gpt-continuation/nvflare-job/.specula-output/spec/output/continuation-H3-u1_startup_gap/counterexample.json"
13094212 states generated, 3001080 distinct states found, 1289322 states left on queue.
The depth of the complete state graph search is 37.
Checkpointing of run /home/ubuntu/specula-nvflare-gpt-continuation-20260926/framework/runs/gpt-continuation/nvflare-job/.specula-output/.tlc-state/tlc-states-iWe5Cp/26-09-26-12-55-02.505
Checkpointing completed at (2026-09-26 12:57:45)
Finished in 02min 43s at (2026-09-26 12:57:45)
Trace exploration spec path: ./MC_OutcomeProbes_TTrace_1790427302.tla
