[0;32m================================[0m
[0;32mTLC Model Checking Mode[0m
[0;32m================================[0m
Spec File:       MC.tla
Config File:     MC_hunt_probe_completion_write.cfg
Memory Limit:    4G
Off-heap Memory: 12G
Workers:         4
Timeout:         30 minutes
[0;34m--- Model Checking Settings ---[0m
Depth Limit:     0
Checkpoint:      10 minutes
Log File:        /home/ubuntu/specula-nvflare-gpt-continuation-20260926/framework/runs/gpt-continuation/nvflare-job/.specula-output/.tlc-tasks/jobs/b4293d5e5d384f0596798ca6681a177e/tlc.log
[0;32m================================[0m
[1;33mExecuting Command:[0m
java -XX:+UseParallelGC -Dtlc2.tool.fp.FPSet.impl=tlc2.tool.fp.OffHeapDiskFPSet -XX:MaxDirectMemorySize=12G -Xmx4G -Xms4G -cp /home/ubuntu/specula-nvflare-gpt-continuation-20260926/framework/lib/CommunityModules-deps.jar:/home/ubuntu/specula-nvflare-gpt-continuation-20260926/framework/lib/tla2tools.jar tlc2.TLC -config MC_hunt_probe_completion_write.cfg MC.tla -workers 4 -deadlock -checkpoint 10 -dumptrace json /home/ubuntu/specula-nvflare-gpt-continuation-20260926/framework/runs/gpt-continuation/nvflare-job/.specula-output/spec/output/continuation-H3-probe_completion_write/counterexample.json -metadir /home/ubuntu/specula-nvflare-gpt-continuation-20260926/framework/runs/gpt-continuation/nvflare-job/.specula-output/.tlc-state/tlc-states-01LGi8 

TLC resource budget (Specula run gpt-continuation):
  memory source: user config (64G)
  external memory use: not included in this configured run bound
  memory limit: 64 GiB
  active TLC reserved before request: 48 GiB (this agent: 48 GiB)
  this request: 16 GiB (heap 4 GiB + off-heap 12 GiB)
  remaining before request: 16 GiB
  remaining after admission: 0 bytes
  worker limit: 16
  active TLC workers before request: 12 (this agent: 12)
  this request workers: 4 (4)
  remaining workers before request: 4
  remaining workers after admission: 0
  result: admitted
TLC2 Version 2026.09.23.154203 (rev: 4260e47)
Running breadth-first search Model-Checking with fp 113 and seed -2665130154503154098 with 4 workers on 16 cores with 3925MB heap and 12288MB offheap memory [pid: 3494933] (Linux 6.8.0-1044-azure amd64, Ubuntu 21.0.11 64bit, OffHeapDiskFPSet, DiskStateQueue).
Parsing file /home/ubuntu/specula-nvflare-gpt-continuation-20260926/framework/runs/gpt-continuation/nvflare-job/.specula-output/spec/output/continuation-H3-probe_completion_write/MC.tla
Parsing file /home/ubuntu/specula-nvflare-gpt-continuation-20260926/framework/runs/gpt-continuation/nvflare-job/.specula-output/spec/output/continuation-H3-probe_completion_write/base.tla
Parsing file /tmp/tlc-941385704607421289/_JsonTrace.tla (jar:file:/home/ubuntu/specula-nvflare-gpt-continuation-20260926/framework/lib/tla2tools.jar!/tla2sany/StandardModules/_JsonTrace.tla)
Parsing file /tmp/tlc-941385704607421289/_TLCTrace.tla (jar:file:/home/ubuntu/specula-nvflare-gpt-continuation-20260926/framework/lib/tla2tools.jar!/tla2sany/StandardModules/_TLCTrace.tla)
Parsing file /tmp/tlc-941385704607421289/Integers.tla (jar:file:/home/ubuntu/specula-nvflare-gpt-continuation-20260926/framework/lib/tla2tools.jar!/tla2sany/StandardModules/Integers.tla)
Parsing file /tmp/tlc-941385704607421289/Sequences.tla (jar:file:/home/ubuntu/specula-nvflare-gpt-continuation-20260926/framework/lib/tla2tools.jar!/tla2sany/StandardModules/Sequences.tla)
Parsing file /tmp/tlc-941385704607421289/FiniteSets.tla (jar:file:/home/ubuntu/specula-nvflare-gpt-continuation-20260926/framework/lib/tla2tools.jar!/tla2sany/StandardModules/FiniteSets.tla)
Parsing file /tmp/tlc-941385704607421289/TLC.tla (jar:file:/home/ubuntu/specula-nvflare-gpt-continuation-20260926/framework/lib/tla2tools.jar!/tla2sany/StandardModules/TLC.tla)
Parsing file /tmp/tlc-941385704607421289/Naturals.tla (jar:file:/home/ubuntu/specula-nvflare-gpt-continuation-20260926/framework/lib/tla2tools.jar!/tla2sany/StandardModules/Naturals.tla)
Parsing file /tmp/tlc-941385704607421289/TLCExt.tla (jar:file:/home/ubuntu/specula-nvflare-gpt-continuation-20260926/framework/lib/tla2tools.jar!/tla2sany/StandardModules/TLCExt.tla)
Parsing file /tmp/tlc-941385704607421289/Json.tla (jar:file:/home/ubuntu/specula-nvflare-gpt-continuation-20260926/framework/lib/tla2tools.jar!/tla2sany/StandardModules/Json.tla)
Semantic processing of module Naturals
Semantic processing of module Integers
Semantic processing of module Sequences
Semantic processing of module FiniteSets
Semantic processing of module TLC
Semantic processing of module base
Semantic processing of module TLCExt
Semantic processing of module Json
Semantic processing of module _JsonTrace
Semantic processing of module _TLCTrace
Semantic processing of module MC
Linting of module base
Linting of module TLCExt
Linting of module Json
Linting of module _JsonTrace
Linting of module _TLCTrace
Linting of module MC
Starting... (2026-09-26 13:11:00)
Computing initial states...
Finished computing initial states: 1 distinct state generated at 2026-09-26 13:11:02.
Progress(23) at 2026-09-26 13:11:05: 121,792 states generated (121,792 s/min), 27,852 distinct states found (27,852 ds/min), 8,484 states left on queue.
Progress(31) at 2026-09-26 13:12:05: 3,618,298 states generated (3,496,506 s/min), 765,269 distinct states found (737,417 ds/min), 302,084 states left on queue.
Error: Invariant NoCompletionOverwrite is violated.
Error: The behavior up to this point is:
State 1: <Initial predicate>
/\ cpAlive = (c1 :> TRUE @@ c2 :> TRUE)
/\ failAccepted = [j1 |-> FALSE, j2 |-> FALSE]
/\ free = (c1 :> (u1 :> 1) @@ c2 :> (u1 :> 1))
/\ using = (c1 :> [j1 |-> {}, j2 |-> {}] @@ c2 :> [j1 |-> {}, j2 |-> {}])
/\ cjAbortMsg = (c1 :> [j1 |-> 0, j2 |-> 0] @@ c2 :> [j1 |-> 0, j2 |-> 0])
/\ resv = (c1 :> {} @@ c2 :> {})
/\ fc = [ hb |-> 0,
  lose |-> 0,
  chkTO |-> 0,
  stTO |-> 0,
  depFail |-> 0,
  sjLaunchFail |-> 0,
  backoff |-> 0,
  sjError |-> 0,
  sjCrash |-> 0,
  cjError |-> 0,
  cjUnsafe |-> 0,
  cjDesc |-> 0,
  cpLaunchFail |-> 0,
  crash |-> 0,
  abort |-> 0,
  delete |-> 0,
  disable |-> 0,
  appMissing |-> 0 ]
/\ abortDropped = (c1 :> [j1 |-> FALSE, j2 |-> FALSE] @@ c2 :> [j1 |-> FALSE, j2 |-> FALSE])
/\ ackInWindow = [j1 |-> FALSE, j2 |-> FALSE]
/\ nextAtt = 1
/\ endedEv = [j1 |-> FALSE, j2 |-> FALSE]
/\ micro = [ wfcRead |-> [j1 |-> FALSE, j2 |-> FALSE],
  wfcHad |-> [j1 |-> FALSE, j2 |-> FALSE],
  reaped |->
      ( c1 :> [j1 |-> FALSE, j2 |-> FALSE] @@
        c2 :> [j1 |-> FALSE, j2 |-> FALSE] ),
  removals |-> [j1 |-> 0, j2 |-> 0],
  sjBooted |-> [j1 |-> FALSE, j2 |-> FALSE],
  cjSynced |->
      ( c1 :> [j1 |-> FALSE, j2 |-> FALSE] @@
        c2 :> [j1 |-> FALSE, j2 |-> FALSE] ),
  delAdm |->
      [ j1 |-> [pc |-> "Idle", snap |-> None],
        j2 |-> [pc |-> "Idle", snap |-> None] ],
  reports |->
      ( c1 :>
            [ j1 |-> [pc |-> "Idle", accepted |-> FALSE],
              j2 |-> [pc |-> "Idle", accepted |-> FALSE] ] @@
        c2 :>
            [ j1 |-> [pc |-> "Idle", accepted |-> FALSE],
              j2 |-> [pc |-> "Idle", accepted |-> FALSE] ] ) ]
/\ cjReg = (c1 :> [j1 |-> None, j2 |-> None] @@ c2 :> [j1 |-> None, j2 |-> None])
/\ alloc = (c1 :> [j1 |-> {}, j2 |-> {}] @@ c2 :> [j1 |-> {}, j2 |-> {}])
/\ ackStop = [j1 |-> FALSE, j2 |-> FALSE]
/\ cpc = [ pc |-> "Idle",
  job |-> None,
  failed |-> FALSE,
  aborted |-> FALSE,
  hadExc |-> FALSE ]
/\ termP = (c1 :> [j1 |-> 0, j2 |-> 0] @@ c2 :> [j1 |-> 0, j2 |-> 0])
/\ waiter = (c1 :> [j1 |-> FALSE, j2 |-> FALSE] @@ c2 :> [j1 |-> FALSE, j2 |-> FALSE])
/\ postAckLaunch = [j1 |-> FALSE, j2 |-> FALSE]
/\ sessions = {c1, c2}
/\ rp = [j1 |-> None, j2 |-> None]
/\ cst = (c1 :> [j1 |-> None, j2 |-> None] @@ c2 :> [j1 |-> None, j2 |-> None])
/\ sj = [j1 |-> "None", j2 |-> "None"]
/\ sweeper = [pc |-> "Idle", cl |-> None, snap |-> 0, blocking |-> FALSE]
/\ cjRC = (c1 :> [j1 |-> 0, j2 |-> 0] @@ c2 :> [j1 |-> 0, j2 |-> 0])
/\ startedEv = [j1 |-> FALSE, j2 |-> FALSE]
/\ exeErrRec = [j1 |-> FALSE, j2 |-> FALSE]
/\ launches = [j1 |-> 0, j2 |-> 0]
/\ pending = [j1 |-> None, j2 |-> None]
/\ sjAbortHandled = [j1 |-> FALSE, j2 |-> FALSE]
/\ cjProc = (c1 :> [j1 |-> "None", j2 |-> "None"] @@ c2 :> [j1 |-> "None", j2 |-> "None"])
/\ latchInStopWin = [j1 |-> FALSE, j2 |-> FALSE]
/\ msgs = <<>>
/\ wfc = [j1 |-> FALSE, j2 |-> FALSE]
/\ tagged = {}
/\ rmp = [j1 |-> 0, j2 |-> 0]
/\ shared = [j1 |-> FALSE, j2 |-> FALSE]
/\ disabled = {}
/\ sjErr = [j1 |-> FALSE, j2 |-> FALSE]
/\ latched = [j1 |-> None, j2 |-> None]
/\ rpc = [ ready |-> None,
  pc |-> "Scan",
  job |-> None,
  att |-> 0,
  listed |-> {},
  queue |-> <<>>,
  cnt |-> [j1 |-> 0, j2 |-> 0],
  chk |-> {},
  failed |-> <<>>,
  blocked |-> <<>>,
  fb |-> <<>>,
  disp |-> {},
  dep |-> {},
  jid |-> FALSE,
  snap |-> None,
  sreq |-> {} ]
/\ exc = [j1 |-> None, j2 |-> None]
/\ runningJobs = {}
/\ failRunRec = [j1 |-> FALSE, j2 |-> FALSE]
/\ startFailCause = [j1 |-> "none", j2 |-> "none"]
/\ adm = [j1 |-> [pc |-> "Idle", snap |-> None], j2 |-> [pc |-> "Idle", snap |-> None]]
/\ slots = {}
/\ termHb = (c1 :> [j1 |-> 0, j2 |-> 0] @@ c2 :> [j1 |-> 0, j2 |-> 0])
/\ grp = (c1 :> [j1 |-> FALSE, j2 |-> FALSE] @@ c2 :> [j1 |-> FALSE, j2 |-> FALSE])
/\ wfcStale = [j1 |-> None, j2 |-> None]
/\ pCount = [j1 |-> 0, j2 |-> 0]
/\ status = [j1 |-> "SUBMITTED", j2 |-> "SUBMITTED"]
/\ ovw = {}
/\ firstTerm = [j1 |-> None, j2 |-> None]
/\ ackAbort = [j1 |-> FALSE, j2 |-> FALSE]
/\ sjRC = [j1 |-> 0, j2 |-> 0]
/\ runAborted = [j1 |-> FALSE, j2 |-> FALSE]

State 2: <MCRunnerScanList line 102, col 28 to line 102, col 66 of module MC>
/\ cpAlive = (c1 :> TRUE @@ c2 :> TRUE)
/\ failAccepted = [j1 |-> FALSE, j2 |-> FALSE]
/\ free = (c1 :> (u1 :> 1) @@ c2 :> (u1 :> 1))
/\ using = (c1 :> [j1 |-> {}, j2 |-> {}] @@ c2 :> [j1 |-> {}, j2 |-> {}])
/\ cjAbortMsg = (c1 :> [j1 |-> 0, j2 |-> 0] @@ c2 :> [j1 |-> 0, j2 |-> 0])
/\ resv = (c1 :> {} @@ c2 :> {})
/\ fc = [ hb |-> 0,
  lose |-> 0,
  chkTO |-> 0,
  stTO |-> 0,
  depFail |-> 0,
  sjLaunchFail |-> 0,
  backoff |-> 0,
  sjError |-> 0,
  sjCrash |-> 0,
  cjError |-> 0,
  cjUnsafe |-> 0,
  cjDesc |-> 0,
  cpLaunchFail |-> 0,
  crash |-> 0,
  abort |-> 0,
  delete |-> 0,
  disable |-> 0,
  appMissing |-> 0 ]
/\ abortDropped = (c1 :> [j1 |-> FALSE, j2 |-> FALSE] @@ c2 :> [j1 |-> FALSE, j2 |-> FALSE])
/\ ackInWindow = [j1 |-> FALSE, j2 |-> FALSE]
/\ nextAtt = 1
/\ endedEv = [j1 |-> FALSE, j2 |-> FALSE]
/\ micro = [ wfcRead |-> [j1 |-> FALSE, j2 |-> FALSE],
  wfcHad |-> [j1 |-> FALSE, j2 |-> FALSE],
  reaped |->
      ( c1 :> [j1 |-> FALSE, j2 |-> FALSE] @@
        c2 :> [j1 |-> FALSE, j2 |-> FALSE] ),
  removals |-> [j1 |-> 0, j2 |-> 0],
  sjBooted |-> [j1 |-> FALSE, j2 |-> FALSE],
  cjSynced |->
      ( c1 :> [j1 |-> FALSE, j2 |-> FALSE] @@
        c2 :> [j1 |-> FALSE, j2 |-> FALSE] ),
  delAdm |->
      [ j1 |-> [pc |-> "Idle", snap |-> None],
        j2 |-> [pc |-> "Idle", snap |-> None] ],
  reports |->
      ( c1 :>
            [ j1 |-> [pc |-> "Idle", accepted |-> FALSE],
              j2 |-> [pc |-> "Idle", accepted |-> FALSE] ] @@
        c2 :>
            [ j1 |-> [pc |-> "Idle", accepted |-> FALSE],
              j2 |-> [pc |-> "Idle", accepted |-> FALSE] ] ) ]
/\ cjReg = (c1 :> [j1 |-> None, j2 |-> None] @@ c2 :> [j1 |-> None, j2 |-> None])
/\ alloc = (c1 :> [j1 |-> {}, j2 |-> {}] @@ c2 :> [j1 |-> {}, j2 |-> {}])
/\ ackStop = [j1 |-> FALSE, j2 |-> FALSE]
/\ cpc = [ pc |-> "Idle",
  job |-> None,
  failed |-> FALSE,
  aborted |-> FALSE,
  hadExc |-> FALSE ]
/\ termP = (c1 :> [j1 |-> 0, j2 |-> 0] @@ c2 :> [j1 |-> 0, j2 |-> 0])
/\ waiter = (c1 :> [j1 |-> FALSE, j2 |-> FALSE] @@ c2 :> [j1 |-> FALSE, j2 |-> FALSE])
/\ postAckLaunch = [j1 |-> FALSE, j2 |-> FALSE]
/\ sessions = {c1, c2}
/\ rp = [j1 |-> None, j2 |-> None]
/\ cst = (c1 :> [j1 |-> None, j2 |-> None] @@ c2 :> [j1 |-> None, j2 |-> None])
/\ sj = [j1 |-> "None", j2 |-> "None"]
/\ sweeper = [pc |-> "Idle", cl |-> None, snap |-> 0, blocking |-> FALSE]
/\ cjRC = (c1 :> [j1 |-> 0, j2 |-> 0] @@ c2 :> [j1 |-> 0, j2 |-> 0])
/\ startedEv = [j1 |-> FALSE, j2 |-> FALSE]
/\ exeErrRec = [j1 |-> FALSE, j2 |-> FALSE]
/\ launches = [j1 |-> 0, j2 |-> 0]
/\ pending = [j1 |-> None, j2 |-> None]
/\ sjAbortHandled = [j1 |-> FALSE, j2 |-> FALSE]
/\ cjProc = (c1 :> [j1 |-> "None", j2 |-> "None"] @@ c2 :> [j1 |-> "None", j2 |-> "None"])
/\ latchInStopWin = [j1 |-> FALSE, j2 |-> FALSE]
/\ msgs = <<>>
/\ wfc = [j1 |-> FALSE, j2 |-> FALSE]
/\ tagged = {}
/\ rmp = [j1 |-> 0, j2 |-> 0]
/\ shared = [j1 |-> FALSE, j2 |-> FALSE]
/\ disabled = {}
/\ sjErr = [j1 |-> FALSE, j2 |-> FALSE]
/\ latched = [j1 |-> None, j2 |-> None]
/\ rpc = [ ready |-> None,
  pc |-> "ScanRead",
  job |-> None,
  att |-> 0,
  listed |-> {"j1", "j2"},
  queue |-> <<>>,
  cnt |-> [j1 |-> 0, j2 |-> 0],
  chk |-> {},
  failed |-> <<>>,
  blocked |-> <<>>,
  fb |-> <<>>,
  disp |-> {},
  dep |-> {},
  jid |-> FALSE,
  snap |-> None,
  sreq |-> {} ]
/\ exc = [j1 |-> None, j2 |-> None]
/\ runningJobs = {}
/\ failRunRec = [j1 |-> FALSE, j2 |-> FALSE]
/\ startFailCause = [j1 |-> "none", j2 |-> "none"]
/\ adm = [j1 |-> [pc |-> "Idle", snap |-> None], j2 |-> [pc |-> "Idle", snap |-> None]]
/\ slots = {}
/\ termHb = (c1 :> [j1 |-> 0, j2 |-> 0] @@ c2 :> [j1 |-> 0, j2 |-> 0])
/\ grp = (c1 :> [j1 |-> FALSE, j2 |-> FALSE] @@ c2 :> [j1 |-> FALSE, j2 |-> FALSE])
/\ wfcStale = [j1 |-> None, j2 |-> None]
/\ pCount = [j1 |-> 0, j2 |-> 0]
/\ status = [j1 |-> "SUBMITTED", j2 |-> "SUBMITTED"]
/\ ovw = {}
/\ firstTerm = [j1 |-> None, j2 |-> None]
/\ ackAbort = [j1 |-> FALSE, j2 |-> FALSE]
/\ sjRC = [j1 |-> 0, j2 |-> 0]
/\ runAborted = [j1 |-> FALSE, j2 |-> FALSE]

State 3: <MCRunnerScanReadOne("j1") line 164, col 27 to line 164, col 71 of module MC>
/\ cpAlive = (c1 :> TRUE @@ c2 :> TRUE)
/\ failAccepted = [j1 |-> FALSE, j2 |-> FALSE]
/\ free = (c1 :> (u1 :> 1) @@ c2 :> (u1 :> 1))
/\ using = (c1 :> [j1 |-> {}, j2 |-> {}] @@ c2 :> [j1 |-> {}, j2 |-> {}])
/\ cjAbortMsg = (c1 :> [j1 |-> 0, j2 |-> 0] @@ c2 :> [j1 |-> 0, j2 |-> 0])
/\ resv = (c1 :> {} @@ c2 :> {})
/\ fc = [ hb |-> 0,
  lose |-> 0,
  chkTO |-> 0,
  stTO |-> 0,
  depFail |-> 0,
  sjLaunchFail |-> 0,
  backoff |-> 0,
  sjError |-> 0,
  sjCrash |-> 0,
  cjError |-> 0,
  cjUnsafe |-> 0,
  cjDesc |-> 0,
  cpLaunchFail |-> 0,
  crash |-> 0,
  abort |-> 0,
  delete |-> 0,
  disable |-> 0,
  appMissing |-> 0 ]
/\ abortDropped = (c1 :> [j1 |-> FALSE, j2 |-> FALSE] @@ c2 :> [j1 |-> FALSE, j2 |-> FALSE])
/\ ackInWindow = [j1 |-> FALSE, j2 |-> FALSE]
/\ nextAtt = 1
/\ endedEv = [j1 |-> FALSE, j2 |-> FALSE]
/\ micro = [ wfcRead |-> [j1 |-> FALSE, j2 |-> FALSE],
  wfcHad |-> [j1 |-> FALSE, j2 |-> FALSE],
  reaped |->
      ( c1 :> [j1 |-> FALSE, j2 |-> FALSE] @@
        c2 :> [j1 |-> FALSE, j2 |-> FALSE] ),
  removals |-> [j1 |-> 0, j2 |-> 0],
  sjBooted |-> [j1 |-> FALSE, j2 |-> FALSE],
  cjSynced |->
      ( c1 :> [j1 |-> FALSE, j2 |-> FALSE] @@
        c2 :> [j1 |-> FALSE, j2 |-> FALSE] ),
  delAdm |->
      [ j1 |-> [pc |-> "Idle", snap |-> None],
        j2 |-> [pc |-> "Idle", snap |-> None] ],
  reports |->
      ( c1 :>
            [ j1 |-> [pc |-> "Idle", accepted |-> FALSE],
              j2 |-> [pc |-> "Idle", accepted |-> FALSE] ] @@
        c2 :>
            [ j1 |-> [pc |-> "Idle", accepted |-> FALSE],
              j2 |-> [pc |-> "Idle", accepted |-> FALSE] ] ) ]
/\ cjReg = (c1 :> [j1 |-> None, j2 |-> None] @@ c2 :> [j1 |-> None, j2 |-> None])
/\ alloc = (c1 :> [j1 |-> {}, j2 |-> {}] @@ c2 :> [j1 |-> {}, j2 |-> {}])
/\ ackStop = [j1 |-> FALSE, j2 |-> FALSE]
/\ cpc = [ pc |-> "Idle",
  job |-> None,
  failed |-> FALSE,
  aborted |-> FALSE,
  hadExc |-> FALSE ]
/\ termP = (c1 :> [j1 |-> 0, j2 |-> 0] @@ c2 :> [j1 |-> 0, j2 |-> 0])
/\ waiter = (c1 :> [j1 |-> FALSE, j2 |-> FALSE] @@ c2 :> [j1 |-> FALSE, j2 |-> FALSE])
/\ postAckLaunch = [j1 |-> FALSE, j2 |-> FALSE]
/\ sessions = {c1, c2}
/\ rp = [j1 |-> None, j2 |-> None]
/\ cst = (c1 :> [j1 |-> None, j2 |-> None] @@ c2 :> [j1 |-> None, j2 |-> None])
/\ sj = [j1 |-> "None", j2 |-> "None"]
/\ sweeper = [pc |-> "Idle", cl |-> None, snap |-> 0, blocking |-> FALSE]
/\ cjRC = (c1 :> [j1 |-> 0, j2 |-> 0] @@ c2 :> [j1 |-> 0, j2 |-> 0])
/\ startedEv = [j1 |-> FALSE, j2 |-> FALSE]
/\ exeErrRec = [j1 |-> FALSE, j2 |-> FALSE]
/\ launches = [j1 |-> 0, j2 |-> 0]
/\ pending = [j1 |-> None, j2 |-> None]
/\ sjAbortHandled = [j1 |-> FALSE, j2 |-> FALSE]
/\ cjProc = (c1 :> [j1 |-> "None", j2 |-> "None"] @@ c2 :> [j1 |-> "None", j2 |-> "None"])
/\ latchInStopWin = [j1 |-> FALSE, j2 |-> FALSE]
/\ msgs = <<>>
/\ wfc = [j1 |-> FALSE, j2 |-> FALSE]
/\ tagged = {}
/\ rmp = [j1 |-> 0, j2 |-> 0]
/\ shared = [j1 |-> FALSE, j2 |-> FALSE]
/\ disabled = {}
/\ sjErr = [j1 |-> FALSE, j2 |-> FALSE]
/\ latched = [j1 |-> None, j2 |-> None]
/\ rpc = [ ready |-> None,
  pc |-> "ScanRead",
  job |-> None,
  att |-> 0,
  listed |-> {"j2"},
  queue |-> <<"j1">>,
  cnt |-> [j1 |-> 0, j2 |-> 0],
  chk |-> {},
  failed |-> <<>>,
  blocked |-> <<>>,
  fb |-> <<>>,
  disp |-> {},
  dep |-> {},
  jid |-> FALSE,
  snap |-> None,
  sreq |-> {} ]
/\ exc = [j1 |-> None, j2 |-> None]
/\ runningJobs = {}
/\ failRunRec = [j1 |-> FALSE, j2 |-> FALSE]
/\ startFailCause = [j1 |-> "none", j2 |-> "none"]
/\ adm = [j1 |-> [pc |-> "Idle", snap |-> None], j2 |-> [pc |-> "Idle", snap |-> None]]
/\ slots = {}
/\ termHb = (c1 :> [j1 |-> 0, j2 |-> 0] @@ c2 :> [j1 |-> 0, j2 |-> 0])
/\ grp = (c1 :> [j1 |-> FALSE, j2 |-> FALSE] @@ c2 :> [j1 |-> FALSE, j2 |-> FALSE])
/\ wfcStale = [j1 |-> None, j2 |-> None]
/\ pCount = [j1 |-> 0, j2 |-> 0]
/\ status = [j1 |-> "SUBMITTED", j2 |-> "SUBMITTED"]
/\ ovw = {}
/\ firstTerm = [j1 |-> None, j2 |-> None]
/\ ackAbort = [j1 |-> FALSE, j2 |-> FALSE]
/\ sjRC = [j1 |-> 0, j2 |-> 0]
/\ runAborted = [j1 |-> FALSE, j2 |-> FALSE]

State 4: <MCRunnerScanReadOne("j2") line 164, col 27 to line 164, col 71 of module MC>
/\ cpAlive = (c1 :> TRUE @@ c2 :> TRUE)
/\ failAccepted = [j1 |-> FALSE, j2 |-> FALSE]
/\ free = (c1 :> (u1 :> 1) @@ c2 :> (u1 :> 1))
/\ using = (c1 :> [j1 |-> {}, j2 |-> {}] @@ c2 :> [j1 |-> {}, j2 |-> {}])
/\ cjAbortMsg = (c1 :> [j1 |-> 0, j2 |-> 0] @@ c2 :> [j1 |-> 0, j2 |-> 0])
/\ resv = (c1 :> {} @@ c2 :> {})
/\ fc = [ hb |-> 0,
  lose |-> 0,
  chkTO |-> 0,
  stTO |-> 0,
  depFail |-> 0,
  sjLaunchFail |-> 0,
  backoff |-> 0,
  sjError |-> 0,
  sjCrash |-> 0,
  cjError |-> 0,
  cjUnsafe |-> 0,
  cjDesc |-> 0,
  cpLaunchFail |-> 0,
  crash |-> 0,
  abort |-> 0,
  delete |-> 0,
  disable |-> 0,
  appMissing |-> 0 ]
/\ abortDropped = (c1 :> [j1 |-> FALSE, j2 |-> FALSE] @@ c2 :> [j1 |-> FALSE, j2 |-> FALSE])
/\ ackInWindow = [j1 |-> FALSE, j2 |-> FALSE]
/\ nextAtt = 1
/\ endedEv = [j1 |-> FALSE, j2 |-> FALSE]
/\ micro = [ wfcRead |-> [j1 |-> FALSE, j2 |-> FALSE],
  wfcHad |-> [j1 |-> FALSE, j2 |-> FALSE],
  reaped |->
      ( c1 :> [j1 |-> FALSE, j2 |-> FALSE] @@
        c2 :> [j1 |-> FALSE, j2 |-> FALSE] ),
  removals |-> [j1 |-> 0, j2 |-> 0],
  sjBooted |-> [j1 |-> FALSE, j2 |-> FALSE],
  cjSynced |->
      ( c1 :> [j1 |-> FALSE, j2 |-> FALSE] @@
        c2 :> [j1 |-> FALSE, j2 |-> FALSE] ),
  delAdm |->
      [ j1 |-> [pc |-> "Idle", snap |-> None],
        j2 |-> [pc |-> "Idle", snap |-> None] ],
  reports |->
      ( c1 :>
            [ j1 |-> [pc |-> "Idle", accepted |-> FALSE],
              j2 |-> [pc |-> "Idle", accepted |-> FALSE] ] @@
        c2 :>
            [ j1 |-> [pc |-> "Idle", accepted |-> FALSE],
              j2 |-> [pc |-> "Idle", accepted |-> FALSE] ] ) ]
/\ cjReg = (c1 :> [j1 |-> None, j2 |-> None] @@ c2 :> [j1 |-> None, j2 |-> None])
/\ alloc = (c1 :> [j1 |-> {}, j2 |-> {}] @@ c2 :> [j1 |-> {}, j2 |-> {}])
/\ ackStop = [j1 |-> FALSE, j2 |-> FALSE]
/\ cpc = [ pc |-> "Idle",
  job |-> None,
  failed |-> FALSE,
  aborted |-> FALSE,
  hadExc |-> FALSE ]
/\ termP = (c1 :> [j1 |-> 0, j2 |-> 0] @@ c2 :> [j1 |-> 0, j2 |-> 0])
/\ waiter = (c1 :> [j1 |-> FALSE, j2 |-> FALSE] @@ c2 :> [j1 |-> FALSE, j2 |-> FALSE])
/\ postAckLaunch = [j1 |-> FALSE, j2 |-> FALSE]
/\ sessions = {c1, c2}
/\ rp = [j1 |-> None, j2 |-> None]
/\ cst = (c1 :> [j1 |-> None, j2 |-> None] @@ c2 :> [j1 |-> None, j2 |-> None])
/\ sj = [j1 |-> "None", j2 |-> "None"]
/\ sweeper = [pc |-> "Idle", cl |-> None, snap |-> 0, blocking |-> FALSE]
/\ cjRC = (c1 :> [j1 |-> 0, j2 |-> 0] @@ c2 :> [j1 |-> 0, j2 |-> 0])
/\ startedEv = [j1 |-> FALSE, j2 |-> FALSE]
/\ exeErrRec = [j1 |-> FALSE, j2 |-> FALSE]
/\ launches = [j1 |-> 0, j2 |-> 0]
/\ pending = [j1 |-> None, j2 |-> None]
/\ sjAbortHandled = [j1 |-> FALSE, j2 |-> FALSE]
/\ cjProc = (c1 :> [j1 |-> "None", j2 |-> "None"] @@ c2 :> [j1 |-> "None", j2 |-> "None"])
/\ latchInStopWin = [j1 |-> FALSE, j2 |-> FALSE]
/\ msgs = <<>>
/\ wfc = [j1 |-> FALSE, j2 |-> FALSE]
/\ tagged = {}
/\ rmp = [j1 |-> 0, j2 |-> 0]
/\ shared = [j1 |-> FALSE, j2 |-> FALSE]
/\ disabled = {}
/\ sjErr = [j1 |-> FALSE, j2 |-> FALSE]
/\ latched = [j1 |-> None, j2 |-> None]
/\ rpc = [ ready |-> None,
  pc |-> "ScanRead",
  job |-> None,
  att |-> 0,
  listed |-> {},
  queue |-> <<"j1", "j2">>,
  cnt |-> [j1 |-> 0, j2 |-> 0],
  chk |-> {},
  failed |-> <<>>,
  blocked |-> <<>>,
  fb |-> <<>>,
  disp |-> {},
  dep |-> {},
  jid |-> FALSE,
  snap |-> None,
  sreq |-> {} ]
/\ exc = [j1 |-> None, j2 |-> None]
/\ runningJobs = {}
/\ failRunRec = [j1 |-> FALSE, j2 |-> FALSE]
/\ startFailCause = [j1 |-> "none", j2 |-> "none"]
/\ adm = [j1 |-> [pc |-> "Idle", snap |-> None], j2 |-> [pc |-> "Idle", snap |-> None]]
/\ slots = {}
/\ termHb = (c1 :> [j1 |-> 0, j2 |-> 0] @@ c2 :> [j1 |-> 0, j2 |-> 0])
/\ grp = (c1 :> [j1 |-> FALSE, j2 |-> FALSE] @@ c2 :> [j1 |-> FALSE, j2 |-> FALSE])
/\ wfcStale = [j1 |-> None, j2 |-> None]
/\ pCount = [j1 |-> 0, j2 |-> 0]
/\ status = [j1 |-> "SUBMITTED", j2 |-> "SUBMITTED"]
/\ ovw = {}
/\ firstTerm = [j1 |-> None, j2 |-> None]
/\ ackAbort = [j1 |-> FALSE, j2 |-> FALSE]
/\ sjRC = [j1 |-> 0, j2 |-> 0]
/\ runAborted = [j1 |-> FALSE, j2 |-> FALSE]

State 5: <MCRunnerScanRead line 104, col 28 to line 104, col 66 of module MC>
/\ cpAlive = (c1 :> TRUE @@ c2 :> TRUE)
/\ failAccepted = [j1 |-> FALSE, j2 |-> FALSE]
/\ free = (c1 :> (u1 :> 1) @@ c2 :> (u1 :> 1))
/\ using = (c1 :> [j1 |-> {}, j2 |-> {}] @@ c2 :> [j1 |-> {}, j2 |-> {}])
/\ cjAbortMsg = (c1 :> [j1 |-> 0, j2 |-> 0] @@ c2 :> [j1 |-> 0, j2 |-> 0])
/\ resv = (c1 :> {} @@ c2 :> {})
/\ fc = [ hb |-> 0,
  lose |-> 0,
  chkTO |-> 0,
  stTO |-> 0,
  depFail |-> 0,
  sjLaunchFail |-> 0,
  backoff |-> 0,
  sjError |-> 0,
  sjCrash |-> 0,
  cjError |-> 0,
  cjUnsafe |-> 0,
  cjDesc |-> 0,
  cpLaunchFail |-> 0,
  crash |-> 0,
  abort |-> 0,
  delete |-> 0,
  disable |-> 0,
  appMissing |-> 0 ]
/\ abortDropped = (c1 :> [j1 |-> FALSE, j2 |-> FALSE] @@ c2 :> [j1 |-> FALSE, j2 |-> FALSE])
/\ ackInWindow = [j1 |-> FALSE, j2 |-> FALSE]
/\ nextAtt = 1
/\ endedEv = [j1 |-> FALSE, j2 |-> FALSE]
/\ micro = [ wfcRead |-> [j1 |-> FALSE, j2 |-> FALSE],
  wfcHad |-> [j1 |-> FALSE, j2 |-> FALSE],
  reaped |->
      ( c1 :> [j1 |-> FALSE, j2 |-> FALSE] @@
        c2 :> [j1 |-> FALSE, j2 |-> FALSE] ),
  removals |-> [j1 |-> 0, j2 |-> 0],
  sjBooted |-> [j1 |-> FALSE, j2 |-> FALSE],
  cjSynced |->
      ( c1 :> [j1 |-> FALSE, j2 |-> FALSE] @@
        c2 :> [j1 |-> FALSE, j2 |-> FALSE] ),
  delAdm |->
      [ j1 |-> [pc |-> "Idle", snap |-> None],
        j2 |-> [pc |-> "Idle", snap |-> None] ],
  reports |->
      ( c1 :>
            [ j1 |-> [pc |-> "Idle", accepted |-> FALSE],
              j2 |-> [pc |-> "Idle", accepted |-> FALSE] ] @@
        c2 :>
            [ j1 |-> [pc |-> "Idle", accepted |-> FALSE],
              j2 |-> [pc |-> "Idle", accepted |-> FALSE] ] ) ]
/\ cjReg = (c1 :> [j1 |-> None, j2 |-> None] @@ c2 :> [j1 |-> None, j2 |-> None])
/\ alloc = (c1 :> [j1 |-> {}, j2 |-> {}] @@ c2 :> [j1 |-> {}, j2 |-> {}])
/\ ackStop = [j1 |-> FALSE, j2 |-> FALSE]
/\ cpc = [ pc |-> "Idle",
  job |-> None,
  failed |-> FALSE,
  aborted |-> FALSE,
  hadExc |-> FALSE ]
/\ termP = (c1 :> [j1 |-> 0, j2 |-> 0] @@ c2 :> [j1 |-> 0, j2 |-> 0])
/\ waiter = (c1 :> [j1 |-> FALSE, j2 |-> FALSE] @@ c2 :> [j1 |-> FALSE, j2 |-> FALSE])
/\ postAckLaunch = [j1 |-> FALSE, j2 |-> FALSE]
/\ sessions = {c1, c2}
/\ rp = [j1 |-> None, j2 |-> None]
/\ cst = (c1 :> [j1 |-> None, j2 |-> None] @@ c2 :> [j1 |-> None, j2 |-> None])
/\ sj = [j1 |-> "None", j2 |-> "None"]
/\ sweeper = [pc |-> "Idle", cl |-> None, snap |-> 0, blocking |-> FALSE]
/\ cjRC = (c1 :> [j1 |-> 0, j2 |-> 0] @@ c2 :> [j1 |-> 0, j2 |-> 0])
/\ startedEv = [j1 |-> FALSE, j2 |-> FALSE]
/\ exeErrRec = [j1 |-> FALSE, j2 |-> FALSE]
/\ launches = [j1 |-> 0, j2 |-> 0]
/\ pending = [j1 |-> None, j2 |-> None]
/\ sjAbortHandled = [j1 |-> FALSE, j2 |-> FALSE]
/\ cjProc = (c1 :> [j1 |-> "None", j2 |-> "None"] @@ c2 :> [j1 |-> "None", j2 |-> "None"])
/\ latchInStopWin = [j1 |-> FALSE, j2 |-> FALSE]
/\ msgs = <<>>
/\ wfc = [j1 |-> FALSE, j2 |-> FALSE]
/\ tagged = {}
/\ rmp = [j1 |-> 0, j2 |-> 0]
/\ shared = [j1 |-> FALSE, j2 |-> FALSE]
/\ disabled = {}
/\ sjErr = [j1 |-> FALSE, j2 |-> FALSE]
/\ latched = [j1 |-> None, j2 |-> None]
/\ rpc = [ ready |-> None,
  pc |-> "TryNext",
  job |-> None,
  att |-> 0,
  listed |-> {},
  queue |-> <<"j1", "j2">>,
  cnt |-> [j1 |-> 0, j2 |-> 0],
  chk |-> {},
  failed |-> <<>>,
  blocked |-> <<>>,
  fb |-> <<>>,
  disp |-> {},
  dep |-> {},
  jid |-> FALSE,
  snap |-> None,
  sreq |-> {} ]
/\ exc = [j1 |-> None, j2 |-> None]
/\ runningJobs = {}
/\ failRunRec = [j1 |-> FALSE, j2 |-> FALSE]
/\ startFailCause = [j1 |-> "none", j2 |-> "none"]
/\ adm = [j1 |-> [pc |-> "Idle", snap |-> None], j2 |-> [pc |-> "Idle", snap |-> None]]
/\ slots = {}
/\ termHb = (c1 :> [j1 |-> 0, j2 |-> 0] @@ c2 :> [j1 |-> 0, j2 |-> 0])
/\ grp = (c1 :> [j1 |-> FALSE, j2 |-> FALSE] @@ c2 :> [j1 |-> FALSE, j2 |-> FALSE])
/\ wfcStale = [j1 |-> None, j2 |-> None]
/\ pCount = [j1 |-> 0, j2 |-> 0]
/\ status = [j1 |-> "SUBMITTED", j2 |-> "SUBMITTED"]
/\ ovw = {}
/\ firstTerm = [j1 |-> None, j2 |-> None]
/\ ackAbort = [j1 |-> FALSE, j2 |-> FALSE]
/\ sjRC = [j1 |-> 0, j2 |-> 0]
/\ runAborted = [j1 |-> FALSE, j2 |-> FALSE]

State 6: <MCAdminAbortBegin("j1") line 92, col 25 to line 92, col 89 of module MC>
/\ cpAlive = (c1 :> TRUE @@ c2 :> TRUE)
/\ failAccepted = [j1 |-> FALSE, j2 |-> FALSE]
/\ free = (c1 :> (u1 :> 1) @@ c2 :> (u1 :> 1))
/\ using = (c1 :> [j1 |-> {}, j2 |-> {}] @@ c2 :> [j1 |-> {}, j2 |-> {}])
/\ cjAbortMsg = (c1 :> [j1 |-> 0, j2 |-> 0] @@ c2 :> [j1 |-> 0, j2 |-> 0])
/\ resv = (c1 :> {} @@ c2 :> {})
/\ fc = [ hb |-> 0,
  lose |-> 0,
  chkTO |-> 0,
  stTO |-> 0,
  depFail |-> 0,
  sjLaunchFail |-> 0,
  backoff |-> 0,
  sjError |-> 0,
  sjCrash |-> 0,
  cjError |-> 0,
  cjUnsafe |-> 0,
  cjDesc |-> 0,
  cpLaunchFail |-> 0,
  crash |-> 0,
  abort |-> 1,
  delete |-> 0,
  disable |-> 0,
  appMissing |-> 0 ]
/\ abortDropped = (c1 :> [j1 |-> FALSE, j2 |-> FALSE] @@ c2 :> [j1 |-> FALSE, j2 |-> FALSE])
/\ ackInWindow = [j1 |-> FALSE, j2 |-> FALSE]
/\ nextAtt = 1
/\ endedEv = [j1 |-> FALSE, j2 |-> FALSE]
/\ micro = [ wfcRead |-> [j1 |-> FALSE, j2 |-> FALSE],
  wfcHad |-> [j1 |-> FALSE, j2 |-> FALSE],
  reaped |->
      ( c1 :> [j1 |-> FALSE, j2 |-> FALSE] @@
        c2 :> [j1 |-> FALSE, j2 |-> FALSE] ),
  removals |-> [j1 |-> 0, j2 |-> 0],
  sjBooted |-> [j1 |-> FALSE, j2 |-> FALSE],
  cjSynced |->
      ( c1 :> [j1 |-> FALSE, j2 |-> FALSE] @@
        c2 :> [j1 |-> FALSE, j2 |-> FALSE] ),
  delAdm |->
      [ j1 |-> [pc |-> "Idle", snap |-> None],
        j2 |-> [pc |-> "Idle", snap |-> None] ],
  reports |->
      ( c1 :>
            [ j1 |-> [pc |-> "Idle", accepted |-> FALSE],
              j2 |-> [pc |-> "Idle", accepted |-> FALSE] ] @@
        c2 :>
            [ j1 |-> [pc |-> "Idle", accepted |-> FALSE],
              j2 |-> [pc |-> "Idle", accepted |-> FALSE] ] ) ]
/\ cjReg = (c1 :> [j1 |-> None, j2 |-> None] @@ c2 :> [j1 |-> None, j2 |-> None])
/\ alloc = (c1 :> [j1 |-> {}, j2 |-> {}] @@ c2 :> [j1 |-> {}, j2 |-> {}])
/\ ackStop = [j1 |-> FALSE, j2 |-> FALSE]
/\ cpc = [ pc |-> "Idle",
  job |-> None,
  failed |-> FALSE,
  aborted |-> FALSE,
  hadExc |-> FALSE ]
/\ termP = (c1 :> [j1 |-> 0, j2 |-> 0] @@ c2 :> [j1 |-> 0, j2 |-> 0])
/\ waiter = (c1 :> [j1 |-> FALSE, j2 |-> FALSE] @@ c2 :> [j1 |-> FALSE, j2 |-> FALSE])
/\ postAckLaunch = [j1 |-> FALSE, j2 |-> FALSE]
/\ sessions = {c1, c2}
/\ rp = [j1 |-> None, j2 |-> None]
/\ cst = (c1 :> [j1 |-> None, j2 |-> None] @@ c2 :> [j1 |-> None, j2 |-> None])
/\ sj = [j1 |-> "None", j2 |-> "None"]
/\ sweeper = [pc |-> "Idle", cl |-> None, snap |-> 0, blocking |-> FALSE]
/\ cjRC = (c1 :> [j1 |-> 0, j2 |-> 0] @@ c2 :> [j1 |-> 0, j2 |-> 0])
/\ startedEv = [j1 |-> FALSE, j2 |-> FALSE]
/\ exeErrRec = [j1 |-> FALSE, j2 |-> FALSE]
/\ launches = [j1 |-> 0, j2 |-> 0]
/\ pending = [j1 |-> None, j2 |-> None]
/\ sjAbortHandled = [j1 |-> FALSE, j2 |-> FALSE]
/\ cjProc = (c1 :> [j1 |-> "None", j2 |-> "None"] @@ c2 :> [j1 |-> "None", j2 |-> "None"])
/\ latchInStopWin = [j1 |-> FALSE, j2 |-> FALSE]
/\ msgs = <<>>
/\ wfc = [j1 |-> FALSE, j2 |-> FALSE]
/\ tagged = {}
/\ rmp = [j1 |-> 0, j2 |-> 0]
/\ shared = [j1 |-> FALSE, j2 |-> FALSE]
/\ disabled = {}
/\ sjErr = [j1 |-> FALSE, j2 |-> FALSE]
/\ latched = [j1 |-> None, j2 |-> None]
/\ rpc = [ ready |-> None,
  pc |-> "TryNext",
  job |-> None,
  att |-> 0,
  listed |-> {},
  queue |-> <<"j1", "j2">>,
  cnt |-> [j1 |-> 0, j2 |-> 0],
  chk |-> {},
  failed |-> <<>>,
  blocked |-> <<>>,
  fb |-> <<>>,
  disp |-> {},
  dep |-> {},
  jid |-> FALSE,
  snap |-> None,
  sreq |-> {} ]
/\ exc = [j1 |-> None, j2 |-> None]
/\ runningJobs = {}
/\ failRunRec = [j1 |-> FALSE, j2 |-> FALSE]
/\ startFailCause = [j1 |-> "none", j2 |-> "none"]
/\ adm = [ j1 |-> [pc |-> "AbortWrite", snap |-> "SUBMITTED"],
  j2 |-> [pc |-> "Idle", snap |-> None] ]
/\ slots = {}
/\ termHb = (c1 :> [j1 |-> 0, j2 |-> 0] @@ c2 :> [j1 |-> 0, j2 |-> 0])
/\ grp = (c1 :> [j1 |-> FALSE, j2 |-> FALSE] @@ c2 :> [j1 |-> FALSE, j2 |-> FALSE])
/\ wfcStale = [j1 |-> None, j2 |-> None]
/\ pCount = [j1 |-> 0, j2 |-> 0]
/\ status = [j1 |-> "SUBMITTED", j2 |-> "SUBMITTED"]
/\ ovw = {}
/\ firstTerm = [j1 |-> None, j2 |-> None]
/\ ackAbort = [j1 |-> FALSE, j2 |-> FALSE]
/\ sjRC = [j1 |-> 0, j2 |-> 0]
/\ runAborted = [j1 |-> FALSE, j2 |-> FALSE]

State 7: <MCRunnerTryNext line 105, col 28 to line 105, col 65 of module MC>
/\ cpAlive = (c1 :> TRUE @@ c2 :> TRUE)
/\ failAccepted = [j1 |-> FALSE, j2 |-> FALSE]
/\ free = (c1 :> (u1 :> 1) @@ c2 :> (u1 :> 1))
/\ using = (c1 :> [j1 |-> {}, j2 |-> {}] @@ c2 :> [j1 |-> {}, j2 |-> {}])
/\ cjAbortMsg = (c1 :> [j1 |-> 0, j2 |-> 0] @@ c2 :> [j1 |-> 0, j2 |-> 0])
/\ resv = (c1 :> {} @@ c2 :> {})
/\ fc = [ hb |-> 0,
  lose |-> 0,
  chkTO |-> 0,
  stTO |-> 0,
  depFail |-> 0,
  sjLaunchFail |-> 0,
  backoff |-> 0,
  sjError |-> 0,
  sjCrash |-> 0,
  cjError |-> 0,
  cjUnsafe |-> 0,
  cjDesc |-> 0,
  cpLaunchFail |-> 0,
  crash |-> 0,
  abort |-> 1,
  delete |-> 0,
  disable |-> 0,
  appMissing |-> 0 ]
/\ abortDropped = (c1 :> [j1 |-> FALSE, j2 |-> FALSE] @@ c2 :> [j1 |-> FALSE, j2 |-> FALSE])
/\ ackInWindow = [j1 |-> FALSE, j2 |-> FALSE]
/\ nextAtt = 2
/\ endedEv = [j1 |-> FALSE, j2 |-> FALSE]
/\ micro = [ wfcRead |-> [j1 |-> FALSE, j2 |-> FALSE],
  wfcHad |-> [j1 |-> FALSE, j2 |-> FALSE],
  reaped |->
      ( c1 :> [j1 |-> FALSE, j2 |-> FALSE] @@
        c2 :> [j1 |-> FALSE, j2 |-> FALSE] ),
  removals |-> [j1 |-> 0, j2 |-> 0],
  sjBooted |-> [j1 |-> FALSE, j2 |-> FALSE],
  cjSynced |->
      ( c1 :> [j1 |-> FALSE, j2 |-> FALSE] @@
        c2 :> [j1 |-> FALSE, j2 |-> FALSE] ),
  delAdm |->
      [ j1 |-> [pc |-> "Idle", snap |-> None],
        j2 |-> [pc |-> "Idle", snap |-> None] ],
  reports |->
      ( c1 :>
            [ j1 |-> [pc |-> "Idle", accepted |-> FALSE],
              j2 |-> [pc |-> "Idle", accepted |-> FALSE] ] @@
        c2 :>
            [ j1 |-> [pc |-> "Idle", accepted |-> FALSE],
              j2 |-> [pc |-> "Idle", accepted |-> FALSE] ] ) ]
/\ cjReg = (c1 :> [j1 |-> None, j2 |-> None] @@ c2 :> [j1 |-> None, j2 |-> None])
/\ alloc = (c1 :> [j1 |-> {}, j2 |-> {}] @@ c2 :> [j1 |-> {}, j2 |-> {}])
/\ ackStop = [j1 |-> FALSE, j2 |-> FALSE]
/\ cpc = [ pc |-> "Idle",
  job |-> None,
  failed |-> FALSE,
  aborted |-> FALSE,
  hadExc |-> FALSE ]
/\ termP = (c1 :> [j1 |-> 0, j2 |-> 0] @@ c2 :> [j1 |-> 0, j2 |-> 0])
/\ waiter = (c1 :> [j1 |-> FALSE, j2 |-> FALSE] @@ c2 :> [j1 |-> FALSE, j2 |-> FALSE])
/\ postAckLaunch = [j1 |-> FALSE, j2 |-> FALSE]
/\ sessions = {c1, c2}
/\ rp = [j1 |-> None, j2 |-> None]
/\ cst = (c1 :> [j1 |-> None, j2 |-> None] @@ c2 :> [j1 |-> None, j2 |-> None])
/\ sj = [j1 |-> "None", j2 |-> "None"]
/\ sweeper = [pc |-> "Idle", cl |-> None, snap |-> 0, blocking |-> FALSE]
/\ cjRC = (c1 :> [j1 |-> 0, j2 |-> 0] @@ c2 :> [j1 |-> 0, j2 |-> 0])
/\ startedEv = [j1 |-> FALSE, j2 |-> FALSE]
/\ exeErrRec = [j1 |-> FALSE, j2 |-> FALSE]
/\ launches = [j1 |-> 0, j2 |-> 0]
/\ pending = [j1 |-> None, j2 |-> None]
/\ sjAbortHandled = [j1 |-> FALSE, j2 |-> FALSE]
/\ cjProc = (c1 :> [j1 |-> "None", j2 |-> "None"] @@ c2 :> [j1 |-> "None", j2 |-> "None"])
/\ latchInStopWin = [j1 |-> FALSE, j2 |-> FALSE]
/\ msgs = ( [ job |-> "j1",
    ok |-> FALSE,
    code |-> 0,
    flag |-> FALSE,
    type |-> "CHECK",
    cl |-> c1,
    att |-> 1 ] :>
      1 @@
  [ job |-> "j1",
    ok |-> FALSE,
    code |-> 0,
    flag |-> FALSE,
    type |-> "CHECK",
    cl |-> c2,
    att |-> 1 ] :>
      1 )
/\ wfc = [j1 |-> FALSE, j2 |-> FALSE]
/\ tagged = {}
/\ rmp = [j1 |-> 0, j2 |-> 0]
/\ shared = [j1 |-> FALSE, j2 |-> FALSE]
/\ disabled = {}
/\ sjErr = [j1 |-> FALSE, j2 |-> FALSE]
/\ latched = [j1 |-> None, j2 |-> None]
/\ rpc = [ ready |-> None,
  pc |-> "CheckWait",
  job |-> "j1",
  att |-> 1,
  listed |-> {},
  queue |-> <<"j2">>,
  cnt |-> [j1 |-> 0, j2 |-> 0],
  chk |-> {c1, c2},
  failed |-> <<>>,
  blocked |-> <<>>,
  fb |-> <<>>,
  disp |-> {},
  dep |-> {},
  jid |-> FALSE,
  snap |-> None,
  sreq |-> {} ]
/\ exc = [j1 |-> None, j2 |-> None]
/\ runningJobs = {}
/\ failRunRec = [j1 |-> FALSE, j2 |-> FALSE]
/\ startFailCause = [j1 |-> "none", j2 |-> "none"]
/\ adm = [ j1 |-> [pc |-> "AbortWrite", snap |-> "SUBMITTED"],
  j2 |-> [pc |-> "Idle", snap |-> None] ]
/\ slots = {}
/\ termHb = (c1 :> [j1 |-> 0, j2 |-> 0] @@ c2 :> [j1 |-> 0, j2 |-> 0])
/\ grp = (c1 :> [j1 |-> FALSE, j2 |-> FALSE] @@ c2 :> [j1 |-> FALSE, j2 |-> FALSE])
/\ wfcStale = [j1 |-> None, j2 |-> None]
/\ pCount = [j1 |-> 0, j2 |-> 0]
/\ status = [j1 |-> "SUBMITTED", j2 |-> "SUBMITTED"]
/\ ovw = {}
/\ firstTerm = [j1 |-> None, j2 |-> None]
/\ ackAbort = [j1 |-> FALSE, j2 |-> FALSE]
/\ sjRC = [j1 |-> 0, j2 |-> 0]
/\ runAborted = [j1 |-> FALSE, j2 |-> FALSE]

State 8: <MsgCheckResource line 156, col 31 to line 156, col 73 of module MC>
/\ cpAlive = (c1 :> TRUE @@ c2 :> TRUE)
/\ failAccepted = [j1 |-> FALSE, j2 |-> FALSE]
/\ free = (c1 :> (u1 :> 0) @@ c2 :> (u1 :> 1))
/\ using = (c1 :> [j1 |-> {}, j2 |-> {}] @@ c2 :> [j1 |-> {}, j2 |-> {}])
/\ cjAbortMsg = (c1 :> [j1 |-> 0, j2 |-> 0] @@ c2 :> [j1 |-> 0, j2 |-> 0])
/\ resv = (c1 :> {[job |-> "j1", tok |-> 1, units |-> {u1}, ttl |-> 1]} @@ c2 :> {})
/\ fc = [ hb |-> 0,
  lose |-> 0,
  chkTO |-> 0,
  stTO |-> 0,
  depFail |-> 0,
  sjLaunchFail |-> 0,
  backoff |-> 0,
  sjError |-> 0,
  sjCrash |-> 0,
  cjError |-> 0,
  cjUnsafe |-> 0,
  cjDesc |-> 0,
  cpLaunchFail |-> 0,
  crash |-> 0,
  abort |-> 1,
  delete |-> 0,
  disable |-> 0,
  appMissing |-> 0 ]
/\ abortDropped = (c1 :> [j1 |-> FALSE, j2 |-> FALSE] @@ c2 :> [j1 |-> FALSE, j2 |-> FALSE])
/\ ackInWindow = [j1 |-> FALSE, j2 |-> FALSE]
/\ nextAtt = 2
/\ endedEv = [j1 |-> FALSE, j2 |-> FALSE]
/\ micro = [ wfcRead |-> [j1 |-> FALSE, j2 |-> FALSE],
  wfcHad |-> [j1 |-> FALSE, j2 |-> FALSE],
  reaped |->
      ( c1 :> [j1 |-> FALSE, j2 |-> FALSE] @@
        c2 :> [j1 |-> FALSE, j2 |-> FALSE] ),
  removals |-> [j1 |-> 0, j2 |-> 0],
  sjBooted |-> [j1 |-> FALSE, j2 |-> FALSE],
  cjSynced |->
      ( c1 :> [j1 |-> FALSE, j2 |-> FALSE] @@
        c2 :> [j1 |-> FALSE, j2 |-> FALSE] ),
  delAdm |->
      [ j1 |-> [pc |-> "Idle", snap |-> None],
        j2 |-> [pc |-> "Idle", snap |-> None] ],
  reports |->
      ( c1 :>
            [ j1 |-> [pc |-> "Idle", accepted |-> FALSE],
              j2 |-> [pc |-> "Idle", accepted |-> FALSE] ] @@
        c2 :>
            [ j1 |-> [pc |-> "Idle", accepted |-> FALSE],
              j2 |-> [pc |-> "Idle", accepted |-> FALSE] ] ) ]
/\ cjReg = (c1 :> [j1 |-> None, j2 |-> None] @@ c2 :> [j1 |-> None, j2 |-> None])
/\ alloc = (c1 :> [j1 |-> {}, j2 |-> {}] @@ c2 :> [j1 |-> {}, j2 |-> {}])
/\ ackStop = [j1 |-> FALSE, j2 |-> FALSE]
/\ cpc = [ pc |-> "Idle",
  job |-> None,
  failed |-> FALSE,
  aborted |-> FALSE,
  hadExc |-> FALSE ]
/\ termP = (c1 :> [j1 |-> 0, j2 |-> 0] @@ c2 :> [j1 |-> 0, j2 |-> 0])
/\ waiter = (c1 :> [j1 |-> FALSE, j2 |-> FALSE] @@ c2 :> [j1 |-> FALSE, j2 |-> FALSE])
/\ postAckLaunch = [j1 |-> FALSE, j2 |-> FALSE]
/\ sessions = {c1, c2}
/\ rp = [j1 |-> None, j2 |-> None]
/\ cst = (c1 :> [j1 |-> None, j2 |-> None] @@ c2 :> [j1 |-> None, j2 |-> None])
/\ sj = [j1 |-> "None", j2 |-> "None"]
/\ sweeper = [pc |-> "Idle", cl |-> None, snap |-> 0, blocking |-> FALSE]
/\ cjRC = (c1 :> [j1 |-> 0, j2 |-> 0] @@ c2 :> [j1 |-> 0, j2 |-> 0])
/\ startedEv = [j1 |-> FALSE, j2 |-> FALSE]
/\ exeErrRec = [j1 |-> FALSE, j2 |-> FALSE]
/\ launches = [j1 |-> 0, j2 |-> 0]
/\ pending = [j1 |-> None, j2 |-> None]
/\ sjAbortHandled = [j1 |-> FALSE, j2 |-> FALSE]
/\ cjProc = (c1 :> [j1 |-> "None", j2 |-> "None"] @@ c2 :> [j1 |-> "None", j2 |-> "None"])
/\ latchInStopWin = [j1 |-> FALSE, j2 |-> FALSE]
/\ msgs = ( [ job |-> "j1",
    ok |-> FALSE,
    code |-> 0,
    flag |-> FALSE,
    type |-> "CHECK",
    cl |-> c2,
    att |-> 1 ] :>
      1 @@
  [ job |-> "j1",
    ok |-> TRUE,
    code |-> 0,
    flag |-> FALSE,
    type |-> "CHECK_REP",
    cl |-> c1,
    att |-> 1 ] :>
      1 )
/\ wfc = [j1 |-> FALSE, j2 |-> FALSE]
/\ tagged = {}
/\ rmp = [j1 |-> 0, j2 |-> 0]
/\ shared = [j1 |-> FALSE, j2 |-> FALSE]
/\ disabled = {}
/\ sjErr = [j1 |-> FALSE, j2 |-> FALSE]
/\ latched = [j1 |-> None, j2 |-> None]
/\ rpc = [ ready |-> None,
  pc |-> "CheckWait",
  job |-> "j1",
  att |-> 1,
  listed |-> {},
  queue |-> <<"j2">>,
  cnt |-> [j1 |-> 0, j2 |-> 0],
  chk |-> {c1, c2},
  failed |-> <<>>,
  blocked |-> <<>>,
  fb |-> <<>>,
  disp |-> {},
  dep |-> {},
  jid |-> FALSE,
  snap |-> None,
  sreq |-> {} ]
/\ exc = [j1 |-> None, j2 |-> None]
/\ runningJobs = {}
/\ failRunRec = [j1 |-> FALSE, j2 |-> FALSE]
/\ startFailCause = [j1 |-> "none", j2 |-> "none"]
/\ adm = [ j1 |-> [pc |-> "AbortWrite", snap |-> "SUBMITTED"],
  j2 |-> [pc |-> "Idle", snap |-> None] ]
/\ slots = {}
/\ termHb = (c1 :> [j1 |-> 0, j2 |-> 0] @@ c2 :> [j1 |-> 0, j2 |-> 0])
/\ grp = (c1 :> [j1 |-> FALSE, j2 |-> FALSE] @@ c2 :> [j1 |-> FALSE, j2 |-> FALSE])
/\ wfcStale = [j1 |-> None, j2 |-> None]
/\ pCount = [j1 |-> 0, j2 |-> 0]
/\ status = [j1 |-> "SUBMITTED", j2 |-> "SUBMITTED"]
/\ ovw = {}
/\ firstTerm = [j1 |-> None, j2 |-> None]
/\ ackAbort = [j1 |-> FALSE, j2 |-> FALSE]
/\ sjRC = [j1 |-> 0, j2 |-> 0]
/\ runAborted = [j1 |-> FALSE, j2 |-> FALSE]

State 9: <MCRunnerCheckTimeout line 59, col 8 to line 60, col 47 of module MC>
/\ cpAlive = (c1 :> TRUE @@ c2 :> TRUE)
/\ failAccepted = [j1 |-> FALSE, j2 |-> FALSE]
/\ free = (c1 :> (u1 :> 0) @@ c2 :> (u1 :> 1))
/\ using = (c1 :> [j1 |-> {}, j2 |-> {}] @@ c2 :> [j1 |-> {}, j2 |-> {}])
/\ cjAbortMsg = (c1 :> [j1 |-> 0, j2 |-> 0] @@ c2 :> [j1 |-> 0, j2 |-> 0])
/\ resv = (c1 :> {[job |-> "j1", tok |-> 1, units |-> {u1}, ttl |-> 1]} @@ c2 :> {})
/\ fc = [ hb |-> 0,
  lose |-> 0,
  chkTO |-> 1,
  stTO |-> 0,
  depFail |-> 0,
  sjLaunchFail |-> 0,
  backoff |-> 0,
  sjError |-> 0,
  sjCrash |-> 0,
  cjError |-> 0,
  cjUnsafe |-> 0,
  cjDesc |-> 0,
  cpLaunchFail |-> 0,
  crash |-> 0,
  abort |-> 1,
  delete |-> 0,
  disable |-> 0,
  appMissing |-> 0 ]
/\ abortDropped = (c1 :> [j1 |-> FALSE, j2 |-> FALSE] @@ c2 :> [j1 |-> FALSE, j2 |-> FALSE])
/\ ackInWindow = [j1 |-> FALSE, j2 |-> FALSE]
/\ nextAtt = 2
/\ endedEv = [j1 |-> FALSE, j2 |-> FALSE]
/\ micro = [ wfcRead |-> [j1 |-> FALSE, j2 |-> FALSE],
  wfcHad |-> [j1 |-> FALSE, j2 |-> FALSE],
  reaped |->
      ( c1 :> [j1 |-> FALSE, j2 |-> FALSE] @@
        c2 :> [j1 |-> FALSE, j2 |-> FALSE] ),
  removals |-> [j1 |-> 0, j2 |-> 0],
  sjBooted |-> [j1 |-> FALSE, j2 |-> FALSE],
  cjSynced |->
      ( c1 :> [j1 |-> FALSE, j2 |-> FALSE] @@
        c2 :> [j1 |-> FALSE, j2 |-> FALSE] ),
  delAdm |->
      [ j1 |-> [pc |-> "Idle", snap |-> None],
        j2 |-> [pc |-> "Idle", snap |-> None] ],
  reports |->
      ( c1 :>
            [ j1 |-> [pc |-> "Idle", accepted |-> FALSE],
              j2 |-> [pc |-> "Idle", accepted |-> FALSE] ] @@
        c2 :>
            [ j1 |-> [pc |-> "Idle", accepted |-> FALSE],
              j2 |-> [pc |-> "Idle", accepted |-> FALSE] ] ) ]
/\ cjReg = (c1 :> [j1 |-> None, j2 |-> None] @@ c2 :> [j1 |-> None, j2 |-> None])
/\ alloc = (c1 :> [j1 |-> {}, j2 |-> {}] @@ c2 :> [j1 |-> {}, j2 |-> {}])
/\ ackStop = [j1 |-> FALSE, j2 |-> FALSE]
/\ cpc = [ pc |-> "Idle",
  job |-> None,
  failed |-> FALSE,
  aborted |-> FALSE,
  hadExc |-> FALSE ]
/\ termP = (c1 :> [j1 |-> 0, j2 |-> 0] @@ c2 :> [j1 |-> 0, j2 |-> 0])
/\ waiter = (c1 :> [j1 |-> FALSE, j2 |-> FALSE] @@ c2 :> [j1 |-> FALSE, j2 |-> FALSE])
/\ postAckLaunch = [j1 |-> FALSE, j2 |-> FALSE]
/\ sessions = {c1, c2}
/\ rp = [j1 |-> None, j2 |-> None]
/\ cst = (c1 :> [j1 |-> None, j2 |-> None] @@ c2 :> [j1 |-> None, j2 |-> None])
/\ sj = [j1 |-> "None", j2 |-> "None"]
/\ sweeper = [pc |-> "Idle", cl |-> None, snap |-> 0, blocking |-> FALSE]
/\ cjRC = (c1 :> [j1 |-> 0, j2 |-> 0] @@ c2 :> [j1 |-> 0, j2 |-> 0])
/\ startedEv = [j1 |-> FALSE, j2 |-> FALSE]
/\ exeErrRec = [j1 |-> FALSE, j2 |-> FALSE]
/\ launches = [j1 |-> 0, j2 |-> 0]
/\ pending = [j1 |-> None, j2 |-> None]
/\ sjAbortHandled = [j1 |-> FALSE, j2 |-> FALSE]
/\ cjProc = (c1 :> [j1 |-> "None", j2 |-> "None"] @@ c2 :> [j1 |-> "None", j2 |-> "None"])
/\ latchInStopWin = [j1 |-> FALSE, j2 |-> FALSE]
/\ msgs = ( [ job |-> "j1",
    ok |-> FALSE,
    code |-> 0,
    flag |-> FALSE,
    type |-> "CHECK",
    cl |-> c2,
    att |-> 1 ] :>
      1 )
/\ wfc = [j1 |-> FALSE, j2 |-> FALSE]
/\ tagged = {}
/\ rmp = [j1 |-> 0, j2 |-> 0]
/\ shared = [j1 |-> FALSE, j2 |-> FALSE]
/\ disabled = {}
/\ sjErr = [j1 |-> FALSE, j2 |-> FALSE]
/\ latched = [j1 |-> None, j2 |-> None]
/\ rpc = [ ready |-> "j1",
  pc |-> "ChkSubmitted",
  job |-> None,
  att |-> 1,
  listed |-> {},
  queue |-> <<>>,
  cnt |-> [j1 |-> 1, j2 |-> 0],
  chk |-> {},
  failed |-> <<>>,
  blocked |-> <<>>,
  fb |-> <<>>,
  disp |-> {c1},
  dep |-> {},
  jid |-> FALSE,
  snap |-> None,
  sreq |-> {} ]
/\ exc = [j1 |-> None, j2 |-> None]
/\ runningJobs = {}
/\ failRunRec = [j1 |-> FALSE, j2 |-> FALSE]
/\ startFailCause = [j1 |-> "none", j2 |-> "none"]
/\ adm = [ j1 |-> [pc |-> "AbortWrite", snap |-> "SUBMITTED"],
  j2 |-> [pc |-> "Idle", snap |-> None] ]
/\ slots = {}
/\ termHb = (c1 :> [j1 |-> 0, j2 |-> 0] @@ c2 :> [j1 |-> 0, j2 |-> 0])
/\ grp = (c1 :> [j1 |-> FALSE, j2 |-> FALSE] @@ c2 :> [j1 |-> FALSE, j2 |-> FALSE])
/\ wfcStale = [j1 |-> None, j2 |-> None]
/\ pCount = [j1 |-> 0, j2 |-> 0]
/\ status = [j1 |-> "SUBMITTED", j2 |-> "SUBMITTED"]
/\ ovw = {}
/\ firstTerm = [j1 |-> None, j2 |-> None]
/\ ackAbort = [j1 |-> FALSE, j2 |-> FALSE]
/\ sjRC = [j1 |-> 0, j2 |-> 0]
/\ runAborted = [j1 |-> FALSE, j2 |-> FALSE]

State 10: <MCRunnerCheckSubmitted line 111, col 28 to line 111, col 72 of module MC>
/\ cpAlive = (c1 :> TRUE @@ c2 :> TRUE)
/\ failAccepted = [j1 |-> FALSE, j2 |-> FALSE]
/\ free = (c1 :> (u1 :> 0) @@ c2 :> (u1 :> 1))
/\ using = (c1 :> [j1 |-> {}, j2 |-> {}] @@ c2 :> [j1 |-> {}, j2 |-> {}])
/\ cjAbortMsg = (c1 :> [j1 |-> 0, j2 |-> 0] @@ c2 :> [j1 |-> 0, j2 |-> 0])
/\ resv = (c1 :> {[job |-> "j1", tok |-> 1, units |-> {u1}, ttl |-> 1]} @@ c2 :> {})
/\ fc = [ hb |-> 0,
  lose |-> 0,
  chkTO |-> 1,
  stTO |-> 0,
  depFail |-> 0,
  sjLaunchFail |-> 0,
  backoff |-> 0,
  sjError |-> 0,
  sjCrash |-> 0,
  cjError |-> 0,
  cjUnsafe |-> 0,
  cjDesc |-> 0,
  cpLaunchFail |-> 0,
  crash |-> 0,
  abort |-> 1,
  delete |-> 0,
  disable |-> 0,
  appMissing |-> 0 ]
/\ abortDropped = (c1 :> [j1 |-> FALSE, j2 |-> FALSE] @@ c2 :> [j1 |-> FALSE, j2 |-> FALSE])
/\ ackInWindow = [j1 |-> FALSE, j2 |-> FALSE]
/\ nextAtt = 2
/\ endedEv = [j1 |-> FALSE, j2 |-> FALSE]
/\ micro = [ wfcRead |-> [j1 |-> FALSE, j2 |-> FALSE],
  wfcHad |-> [j1 |-> FALSE, j2 |-> FALSE],
  reaped |->
      ( c1 :> [j1 |-> FALSE, j2 |-> FALSE] @@
        c2 :> [j1 |-> FALSE, j2 |-> FALSE] ),
  removals |-> [j1 |-> 0, j2 |-> 0],
  sjBooted |-> [j1 |-> FALSE, j2 |-> FALSE],
  cjSynced |->
      ( c1 :> [j1 |-> FALSE, j2 |-> FALSE] @@
        c2 :> [j1 |-> FALSE, j2 |-> FALSE] ),
  delAdm |->
      [ j1 |-> [pc |-> "Idle", snap |-> None],
        j2 |-> [pc |-> "Idle", snap |-> None] ],
  reports |->
      ( c1 :>
            [ j1 |-> [pc |-> "Idle", accepted |-> FALSE],
              j2 |-> [pc |-> "Idle", accepted |-> FALSE] ] @@
        c2 :>
            [ j1 |-> [pc |-> "Idle", accepted |-> FALSE],
              j2 |-> [pc |-> "Idle", accepted |-> FALSE] ] ) ]
/\ cjReg = (c1 :> [j1 |-> None, j2 |-> None] @@ c2 :> [j1 |-> None, j2 |-> None])
/\ alloc = (c1 :> [j1 |-> {}, j2 |-> {}] @@ c2 :> [j1 |-> {}, j2 |-> {}])
/\ ackStop = [j1 |-> FALSE, j2 |-> FALSE]
/\ cpc = [ pc |-> "Idle",
  job |-> None,
  failed |-> FALSE,
  aborted |-> FALSE,
  hadExc |-> FALSE ]
/\ termP = (c1 :> [j1 |-> 0, j2 |-> 0] @@ c2 :> [j1 |-> 0, j2 |-> 0])
/\ waiter = (c1 :> [j1 |-> FALSE, j2 |-> FALSE] @@ c2 :> [j1 |-> FALSE, j2 |-> FALSE])
/\ postAckLaunch = [j1 |-> FALSE, j2 |-> FALSE]
/\ sessions = {c1, c2}
/\ rp = [j1 |-> None, j2 |-> None]
/\ cst = (c1 :> [j1 |-> None, j2 |-> None] @@ c2 :> [j1 |-> None, j2 |-> None])
/\ sj = [j1 |-> "None", j2 |-> "None"]
/\ sweeper = [pc |-> "Idle", cl |-> None, snap |-> 0, blocking |-> FALSE]
/\ cjRC = (c1 :> [j1 |-> 0, j2 |-> 0] @@ c2 :> [j1 |-> 0, j2 |-> 0])
/\ startedEv = [j1 |-> FALSE, j2 |-> FALSE]
/\ exeErrRec = [j1 |-> FALSE, j2 |-> FALSE]
/\ launches = [j1 |-> 0, j2 |-> 0]
/\ pending = [j1 |-> None, j2 |-> None]
/\ sjAbortHandled = [j1 |-> FALSE, j2 |-> FALSE]
/\ cjProc = (c1 :> [j1 |-> "None", j2 |-> "None"] @@ c2 :> [j1 |-> "None", j2 |-> "None"])
/\ latchInStopWin = [j1 |-> FALSE, j2 |-> FALSE]
/\ msgs = ( [ job |-> "j1",
    ok |-> FALSE,
    code |-> 0,
    flag |-> FALSE,
    type |-> "CHECK",
    cl |-> c2,
    att |-> 1 ] :>
      1 )
/\ wfc = [j1 |-> FALSE, j2 |-> FALSE]
/\ tagged = {}
/\ rmp = [j1 |-> 0, j2 |-> 0]
/\ shared = [j1 |-> FALSE, j2 |-> FALSE]
/\ disabled = {}
/\ sjErr = [j1 |-> FALSE, j2 |-> FALSE]
/\ latched = [j1 |-> None, j2 |-> None]
/\ rpc = [ ready |-> "j1",
  pc |-> "Deploy",
  job |-> None,
  att |-> 1,
  listed |-> {},
  queue |-> <<>>,
  cnt |-> [j1 |-> 1, j2 |-> 0],
  chk |-> {},
  failed |-> <<>>,
  blocked |-> <<>>,
  fb |-> <<>>,
  disp |-> {c1},
  dep |-> {},
  jid |-> FALSE,
  snap |-> None,
  sreq |-> {} ]
/\ exc = [j1 |-> None, j2 |-> None]
/\ runningJobs = {}
/\ failRunRec = [j1 |-> FALSE, j2 |-> FALSE]
/\ startFailCause = [j1 |-> "none", j2 |-> "none"]
/\ adm = [ j1 |-> [pc |-> "AbortWrite", snap |-> "SUBMITTED"],
  j2 |-> [pc |-> "Idle", snap |-> None] ]
/\ slots = {}
/\ termHb = (c1 :> [j1 |-> 0, j2 |-> 0] @@ c2 :> [j1 |-> 0, j2 |-> 0])
/\ grp = (c1 :> [j1 |-> FALSE, j2 |-> FALSE] @@ c2 :> [j1 |-> FALSE, j2 |-> FALSE])
/\ wfcStale = [j1 |-> None, j2 |-> None]
/\ pCount = [j1 |-> 0, j2 |-> 0]
/\ status = [j1 |-> "SUBMITTED", j2 |-> "SUBMITTED"]
/\ ovw = {}
/\ firstTerm = [j1 |-> None, j2 |-> None]
/\ ackAbort = [j1 |-> FALSE, j2 |-> FALSE]
/\ sjRC = [j1 |-> 0, j2 |-> 0]
/\ runAborted = [j1 |-> FALSE, j2 |-> FALSE]

State 11: <MCRunnerDeployJob({}) line 69, col 5 to line 71, col 83 of module MC>
/\ cpAlive = (c1 :> TRUE @@ c2 :> TRUE)
/\ failAccepted = [j1 |-> FALSE, j2 |-> FALSE]
/\ free = (c1 :> (u1 :> 0) @@ c2 :> (u1 :> 1))
/\ using = (c1 :> [j1 |-> {}, j2 |-> {}] @@ c2 :> [j1 |-> {}, j2 |-> {}])
/\ cjAbortMsg = (c1 :> [j1 |-> 0, j2 |-> 0] @@ c2 :> [j1 |-> 0, j2 |-> 0])
/\ resv = (c1 :> {[job |-> "j1", tok |-> 1, units |-> {u1}, ttl |-> 1]} @@ c2 :> {})
/\ fc = [ hb |-> 0,
  lose |-> 0,
  chkTO |-> 1,
  stTO |-> 0,
  depFail |-> 0,
  sjLaunchFail |-> 0,
  backoff |-> 0,
  sjError |-> 0,
  sjCrash |-> 0,
  cjError |-> 0,
  cjUnsafe |-> 0,
  cjDesc |-> 0,
  cpLaunchFail |-> 0,
  crash |-> 0,
  abort |-> 1,
  delete |-> 0,
  disable |-> 0,
  appMissing |-> 0 ]
/\ abortDropped = (c1 :> [j1 |-> FALSE, j2 |-> FALSE] @@ c2 :> [j1 |-> FALSE, j2 |-> FALSE])
/\ ackInWindow = [j1 |-> FALSE, j2 |-> FALSE]
/\ nextAtt = 2
/\ endedEv = [j1 |-> FALSE, j2 |-> FALSE]
/\ micro = [ wfcRead |-> [j1 |-> FALSE, j2 |-> FALSE],
  wfcHad |-> [j1 |-> FALSE, j2 |-> FALSE],
  reaped |->
      ( c1 :> [j1 |-> FALSE, j2 |-> FALSE] @@
        c2 :> [j1 |-> FALSE, j2 |-> FALSE] ),
  removals |-> [j1 |-> 0, j2 |-> 0],
  sjBooted |-> [j1 |-> FALSE, j2 |-> FALSE],
  cjSynced |->
      ( c1 :> [j1 |-> FALSE, j2 |-> FALSE] @@
        c2 :> [j1 |-> FALSE, j2 |-> FALSE] ),
  delAdm |->
      [ j1 |-> [pc |-> "Idle", snap |-> None],
        j2 |-> [pc |-> "Idle", snap |-> None] ],
  reports |->
      ( c1 :>
            [ j1 |-> [pc |-> "Idle", accepted |-> FALSE],
              j2 |-> [pc |-> "Idle", accepted |-> FALSE] ] @@
        c2 :>
            [ j1 |-> [pc |-> "Idle", accepted |-> FALSE],
              j2 |-> [pc |-> "Idle", accepted |-> FALSE] ] ) ]
/\ cjReg = (c1 :> [j1 |-> None, j2 |-> None] @@ c2 :> [j1 |-> None, j2 |-> None])
/\ alloc = (c1 :> [j1 |-> {}, j2 |-> {}] @@ c2 :> [j1 |-> {}, j2 |-> {}])
/\ ackStop = [j1 |-> FALSE, j2 |-> FALSE]
/\ cpc = [ pc |-> "Idle",
  job |-> None,
  failed |-> FALSE,
  aborted |-> FALSE,
  hadExc |-> FALSE ]
/\ termP = (c1 :> [j1 |-> 0, j2 |-> 0] @@ c2 :> [j1 |-> 0, j2 |-> 0])
/\ waiter = (c1 :> [j1 |-> FALSE, j2 |-> FALSE] @@ c2 :> [j1 |-> FALSE, j2 |-> FALSE])
/\ postAckLaunch = [j1 |-> FALSE, j2 |-> FALSE]
/\ sessions = {c1, c2}
/\ rp = [j1 |-> None, j2 |-> None]
/\ cst = (c1 :> [j1 |-> None, j2 |-> None] @@ c2 :> [j1 |-> None, j2 |-> None])
/\ sj = [j1 |-> "None", j2 |-> "None"]
/\ sweeper = [pc |-> "Idle", cl |-> None, snap |-> 0, blocking |-> FALSE]
/\ cjRC = (c1 :> [j1 |-> 0, j2 |-> 0] @@ c2 :> [j1 |-> 0, j2 |-> 0])
/\ startedEv = [j1 |-> FALSE, j2 |-> FALSE]
/\ exeErrRec = [j1 |-> FALSE, j2 |-> FALSE]
/\ launches = [j1 |-> 0, j2 |-> 0]
/\ pending = [j1 |-> None, j2 |-> None]
/\ sjAbortHandled = [j1 |-> FALSE, j2 |-> FALSE]
/\ cjProc = (c1 :> [j1 |-> "None", j2 |-> "None"] @@ c2 :> [j1 |-> "None", j2 |-> "None"])
/\ latchInStopWin = [j1 |-> FALSE, j2 |-> FALSE]
/\ msgs = ( [ job |-> "j1",
    ok |-> FALSE,
    code |-> 0,
    flag |-> FALSE,
    type |-> "CHECK",
    cl |-> c2,
    att |-> 1 ] :>
      1 )
/\ wfc = [j1 |-> FALSE, j2 |-> FALSE]
/\ tagged = {}
/\ rmp = [j1 |-> 0, j2 |-> 0]
/\ shared = [j1 |-> FALSE, j2 |-> FALSE]
/\ disabled = {}
/\ sjErr = [j1 |-> FALSE, j2 |-> FALSE]
/\ latched = [j1 |-> None, j2 |-> None]
/\ rpc = [ ready |-> "j1",
  pc |-> "SetDispatched",
  job |-> None,
  att |-> 1,
  listed |-> {},
  queue |-> <<>>,
  cnt |-> [j1 |-> 1, j2 |-> 0],
  chk |-> {},
  failed |-> <<>>,
  blocked |-> <<>>,
  fb |-> <<>>,
  disp |-> {c1},
  dep |-> {c1},
  jid |-> TRUE,
  snap |-> None,
  sreq |-> {} ]
/\ exc = [j1 |-> None, j2 |-> None]
/\ runningJobs = {}
/\ failRunRec = [j1 |-> FALSE, j2 |-> FALSE]
/\ startFailCause = [j1 |-> "none", j2 |-> "none"]
/\ adm = [ j1 |-> [pc |-> "AbortWrite", snap |-> "SUBMITTED"],
  j2 |-> [pc |-> "Idle", snap |-> None] ]
/\ slots = {}
/\ termHb = (c1 :> [j1 |-> 0, j2 |-> 0] @@ c2 :> [j1 |-> 0, j2 |-> 0])
/\ grp = (c1 :> [j1 |-> FALSE, j2 |-> FALSE] @@ c2 :> [j1 |-> FALSE, j2 |-> FALSE])
/\ wfcStale = [j1 |-> None, j2 |-> None]
/\ pCount = [j1 |-> 0, j2 |-> 0]
/\ status = [j1 |-> "SUBMITTED", j2 |-> "SUBMITTED"]
/\ ovw = {}
/\ firstTerm = [j1 |-> None, j2 |-> None]
/\ ackAbort = [j1 |-> FALSE, j2 |-> FALSE]
/\ sjRC = [j1 |-> 0, j2 |-> 0]
/\ runAborted = [j1 |-> FALSE, j2 |-> FALSE]

State 12: <MCRunnerSetDispatched line 112, col 28 to line 112, col 71 of module MC>
/\ cpAlive = (c1 :> TRUE @@ c2 :> TRUE)
/\ failAccepted = [j1 |-> FALSE, j2 |-> FALSE]
/\ free = (c1 :> (u1 :> 0) @@ c2 :> (u1 :> 1))
/\ using = (c1 :> [j1 |-> {}, j2 |-> {}] @@ c2 :> [j1 |-> {}, j2 |-> {}])
/\ cjAbortMsg = (c1 :> [j1 |-> 0, j2 |-> 0] @@ c2 :> [j1 |-> 0, j2 |-> 0])
/\ resv = (c1 :> {[job |-> "j1", tok |-> 1, units |-> {u1}, ttl |-> 1]} @@ c2 :> {})
/\ fc = [ hb |-> 0,
  lose |-> 0,
  chkTO |-> 1,
  stTO |-> 0,
  depFail |-> 0,
  sjLaunchFail |-> 0,
  backoff |-> 0,
  sjError |-> 0,
  sjCrash |-> 0,
  cjError |-> 0,
  cjUnsafe |-> 0,
  cjDesc |-> 0,
  cpLaunchFail |-> 0,
  crash |-> 0,
  abort |-> 1,
  delete |-> 0,
  disable |-> 0,
  appMissing |-> 0 ]
/\ abortDropped = (c1 :> [j1 |-> FALSE, j2 |-> FALSE] @@ c2 :> [j1 |-> FALSE, j2 |-> FALSE])
/\ ackInWindow = [j1 |-> FALSE, j2 |-> FALSE]
/\ nextAtt = 2
/\ endedEv = [j1 |-> FALSE, j2 |-> FALSE]
/\ micro = [ wfcRead |-> [j1 |-> FALSE, j2 |-> FALSE],
  wfcHad |-> [j1 |-> FALSE, j2 |-> FALSE],
  reaped |->
      ( c1 :> [j1 |-> FALSE, j2 |-> FALSE] @@
        c2 :> [j1 |-> FALSE, j2 |-> FALSE] ),
  removals |-> [j1 |-> 0, j2 |-> 0],
  sjBooted |-> [j1 |-> FALSE, j2 |-> FALSE],
  cjSynced |->
      ( c1 :> [j1 |-> FALSE, j2 |-> FALSE] @@
        c2 :> [j1 |-> FALSE, j2 |-> FALSE] ),
  delAdm |->
      [ j1 |-> [pc |-> "Idle", snap |-> None],
        j2 |-> [pc |-> "Idle", snap |-> None] ],
  reports |->
      ( c1 :>
            [ j1 |-> [pc |-> "Idle", accepted |-> FALSE],
              j2 |-> [pc |-> "Idle", accepted |-> FALSE] ] @@
        c2 :>
            [ j1 |-> [pc |-> "Idle", accepted |-> FALSE],
              j2 |-> [pc |-> "Idle", accepted |-> FALSE] ] ) ]
/\ cjReg = (c1 :> [j1 |-> None, j2 |-> None] @@ c2 :> [j1 |-> None, j2 |-> None])
/\ alloc = (c1 :> [j1 |-> {}, j2 |-> {}] @@ c2 :> [j1 |-> {}, j2 |-> {}])
/\ ackStop = [j1 |-> FALSE, j2 |-> FALSE]
/\ cpc = [ pc |-> "Idle",
  job |-> None,
  failed |-> FALSE,
  aborted |-> FALSE,
  hadExc |-> FALSE ]
/\ termP = (c1 :> [j1 |-> 0, j2 |-> 0] @@ c2 :> [j1 |-> 0, j2 |-> 0])
/\ waiter = (c1 :> [j1 |-> FALSE, j2 |-> FALSE] @@ c2 :> [j1 |-> FALSE, j2 |-> FALSE])
/\ postAckLaunch = [j1 |-> FALSE, j2 |-> FALSE]
/\ sessions = {c1, c2}
/\ rp = [j1 |-> None, j2 |-> None]
/\ cst = (c1 :> [j1 |-> None, j2 |-> None] @@ c2 :> [j1 |-> None, j2 |-> None])
/\ sj = [j1 |-> "None", j2 |-> "None"]
/\ sweeper = [pc |-> "Idle", cl |-> None, snap |-> 0, blocking |-> FALSE]
/\ cjRC = (c1 :> [j1 |-> 0, j2 |-> 0] @@ c2 :> [j1 |-> 0, j2 |-> 0])
/\ startedEv = [j1 |-> FALSE, j2 |-> FALSE]
/\ exeErrRec = [j1 |-> FALSE, j2 |-> FALSE]
/\ launches = [j1 |-> 0, j2 |-> 0]
/\ pending = [j1 |-> None, j2 |-> None]
/\ sjAbortHandled = [j1 |-> FALSE, j2 |-> FALSE]
/\ cjProc = (c1 :> [j1 |-> "None", j2 |-> "None"] @@ c2 :> [j1 |-> "None", j2 |-> "None"])
/\ latchInStopWin = [j1 |-> FALSE, j2 |-> FALSE]
/\ msgs = ( [ job |-> "j1",
    ok |-> FALSE,
    code |-> 0,
    flag |-> FALSE,
    type |-> "CHECK",
    cl |-> c2,
    att |-> 1 ] :>
      1 )
/\ wfc = [j1 |-> FALSE, j2 |-> FALSE]
/\ tagged = {}
/\ rmp = [j1 |-> 0, j2 |-> 0]
/\ shared = [j1 |-> FALSE, j2 |-> FALSE]
/\ disabled = {}
/\ sjErr = [j1 |-> FALSE, j2 |-> FALSE]
/\ latched = [j1 |-> None, j2 |-> None]
/\ rpc = [ ready |-> "j1",
  pc |-> "MetaRead",
  job |-> None,
  att |-> 1,
  listed |-> {},
  queue |-> <<>>,
  cnt |-> [j1 |-> 1, j2 |-> 0],
  chk |-> {},
  failed |-> <<>>,
  blocked |-> <<>>,
  fb |-> <<>>,
  disp |-> {c1},
  dep |-> {c1},
  jid |-> TRUE,
  snap |-> None,
  sreq |-> {} ]
/\ exc = [j1 |-> None, j2 |-> None]
/\ runningJobs = {}
/\ failRunRec = [j1 |-> FALSE, j2 |-> FALSE]
/\ startFailCause = [j1 |-> "none", j2 |-> "none"]
/\ adm = [ j1 |-> [pc |-> "AbortWrite", snap |-> "SUBMITTED"],
  j2 |-> [pc |-> "Idle", snap |-> None] ]
/\ slots = {}
/\ termHb = (c1 :> [j1 |-> 0, j2 |-> 0] @@ c2 :> [j1 |-> 0, j2 |-> 0])
/\ grp = (c1 :> [j1 |-> FALSE, j2 |-> FALSE] @@ c2 :> [j1 |-> FALSE, j2 |-> FALSE])
/\ wfcStale = [j1 |-> None, j2 |-> None]
/\ pCount = [j1 |-> 0, j2 |-> 0]
/\ status = [j1 |-> "DISPATCHED", j2 |-> "SUBMITTED"]
/\ ovw = {}
/\ firstTerm = [j1 |-> None, j2 |-> None]
/\ ackAbort = [j1 |-> FALSE, j2 |-> FALSE]
/\ sjRC = [j1 |-> 0, j2 |-> 0]
/\ runAborted = [j1 |-> FALSE, j2 |-> FALSE]

State 13: <MCRunnerMetaRead line 113, col 28 to line 113, col 66 of module MC>
/\ cpAlive = (c1 :> TRUE @@ c2 :> TRUE)
/\ failAccepted = [j1 |-> FALSE, j2 |-> FALSE]
/\ free = (c1 :> (u1 :> 0) @@ c2 :> (u1 :> 1))
/\ using = (c1 :> [j1 |-> {}, j2 |-> {}] @@ c2 :> [j1 |-> {}, j2 |-> {}])
/\ cjAbortMsg = (c1 :> [j1 |-> 0, j2 |-> 0] @@ c2 :> [j1 |-> 0, j2 |-> 0])
/\ resv = (c1 :> {[job |-> "j1", tok |-> 1, units |-> {u1}, ttl |-> 1]} @@ c2 :> {})
/\ fc = [ hb |-> 0,
  lose |-> 0,
  chkTO |-> 1,
  stTO |-> 0,
  depFail |-> 0,
  sjLaunchFail |-> 0,
  backoff |-> 0,
  sjError |-> 0,
  sjCrash |-> 0,
  cjError |-> 0,
  cjUnsafe |-> 0,
  cjDesc |-> 0,
  cpLaunchFail |-> 0,
  crash |-> 0,
  abort |-> 1,
  delete |-> 0,
  disable |-> 0,
  appMissing |-> 0 ]
/\ abortDropped = (c1 :> [j1 |-> FALSE, j2 |-> FALSE] @@ c2 :> [j1 |-> FALSE, j2 |-> FALSE])
/\ ackInWindow = [j1 |-> FALSE, j2 |-> FALSE]
/\ nextAtt = 2
/\ endedEv = [j1 |-> FALSE, j2 |-> FALSE]
/\ micro = [ wfcRead |-> [j1 |-> FALSE, j2 |-> FALSE],
  wfcHad |-> [j1 |-> FALSE, j2 |-> FALSE],
  reaped |->
      ( c1 :> [j1 |-> FALSE, j2 |-> FALSE] @@
        c2 :> [j1 |-> FALSE, j2 |-> FALSE] ),
  removals |-> [j1 |-> 0, j2 |-> 0],
  sjBooted |-> [j1 |-> FALSE, j2 |-> FALSE],
  cjSynced |->
      ( c1 :> [j1 |-> FALSE, j2 |-> FALSE] @@
        c2 :> [j1 |-> FALSE, j2 |-> FALSE] ),
  delAdm |->
      [ j1 |-> [pc |-> "Idle", snap |-> None],
        j2 |-> [pc |-> "Idle", snap |-> None] ],
  reports |->
      ( c1 :>
            [ j1 |-> [pc |-> "Idle", accepted |-> FALSE],
              j2 |-> [pc |-> "Idle", accepted |-> FALSE] ] @@
        c2 :>
            [ j1 |-> [pc |-> "Idle", accepted |-> FALSE],
              j2 |-> [pc |-> "Idle", accepted |-> FALSE] ] ) ]
/\ cjReg = (c1 :> [j1 |-> None, j2 |-> None] @@ c2 :> [j1 |-> None, j2 |-> None])
/\ alloc = (c1 :> [j1 |-> {}, j2 |-> {}] @@ c2 :> [j1 |-> {}, j2 |-> {}])
/\ ackStop = [j1 |-> FALSE, j2 |-> FALSE]
/\ cpc = [ pc |-> "Idle",
  job |-> None,
  failed |-> FALSE,
  aborted |-> FALSE,
  hadExc |-> FALSE ]
/\ termP = (c1 :> [j1 |-> 0, j2 |-> 0] @@ c2 :> [j1 |-> 0, j2 |-> 0])
/\ waiter = (c1 :> [j1 |-> FALSE, j2 |-> FALSE] @@ c2 :> [j1 |-> FALSE, j2 |-> FALSE])
/\ postAckLaunch = [j1 |-> FALSE, j2 |-> FALSE]
/\ sessions = {c1, c2}
/\ rp = [j1 |-> None, j2 |-> None]
/\ cst = (c1 :> [j1 |-> None, j2 |-> None] @@ c2 :> [j1 |-> None, j2 |-> None])
/\ sj = [j1 |-> "None", j2 |-> "None"]
/\ sweeper = [pc |-> "Idle", cl |-> None, snap |-> 0, blocking |-> FALSE]
/\ cjRC = (c1 :> [j1 |-> 0, j2 |-> 0] @@ c2 :> [j1 |-> 0, j2 |-> 0])
/\ startedEv = [j1 |-> FALSE, j2 |-> FALSE]
/\ exeErrRec = [j1 |-> FALSE, j2 |-> FALSE]
/\ launches = [j1 |-> 0, j2 |-> 0]
/\ pending = [j1 |-> None, j2 |-> None]
/\ sjAbortHandled = [j1 |-> FALSE, j2 |-> FALSE]
/\ cjProc = (c1 :> [j1 |-> "None", j2 |-> "None"] @@ c2 :> [j1 |-> "None", j2 |-> "None"])
/\ latchInStopWin = [j1 |-> FALSE, j2 |-> FALSE]
/\ msgs = ( [ job |-> "j1",
    ok |-> FALSE,
    code |-> 0,
    flag |-> FALSE,
    type |-> "CHECK",
    cl |-> c2,
    att |-> 1 ] :>
      1 )
/\ wfc = [j1 |-> FALSE, j2 |-> FALSE]
/\ tagged = {}
/\ rmp = [j1 |-> 0, j2 |-> 0]
/\ shared = [j1 |-> FALSE, j2 |-> FALSE]
/\ disabled = {}
/\ sjErr = [j1 |-> FALSE, j2 |-> FALSE]
/\ latched = [j1 |-> None, j2 |-> None]
/\ rpc = [ ready |-> "j1",
  pc |-> "MetaWrite",
  job |-> None,
  att |-> 1,
  listed |-> {},
  queue |-> <<>>,
  cnt |-> [j1 |-> 1, j2 |-> 0],
  chk |-> {},
  failed |-> <<>>,
  blocked |-> <<>>,
  fb |-> <<>>,
  disp |-> {c1},
  dep |-> {c1},
  jid |-> TRUE,
  snap |-> "DISPATCHED",
  sreq |-> {} ]
/\ exc = [j1 |-> None, j2 |-> None]
/\ runningJobs = {}
/\ failRunRec = [j1 |-> FALSE, j2 |-> FALSE]
/\ startFailCause = [j1 |-> "none", j2 |-> "none"]
/\ adm = [ j1 |-> [pc |-> "AbortWrite", snap |-> "SUBMITTED"],
  j2 |-> [pc |-> "Idle", snap |-> None] ]
/\ slots = {}
/\ termHb = (c1 :> [j1 |-> 0, j2 |-> 0] @@ c2 :> [j1 |-> 0, j2 |-> 0])
/\ grp = (c1 :> [j1 |-> FALSE, j2 |-> FALSE] @@ c2 :> [j1 |-> FALSE, j2 |-> FALSE])
/\ wfcStale = [j1 |-> None, j2 |-> None]
/\ pCount = [j1 |-> 0, j2 |-> 0]
/\ status = [j1 |-> "DISPATCHED", j2 |-> "SUBMITTED"]
/\ ovw = {}
/\ firstTerm = [j1 |-> None, j2 |-> None]
/\ ackAbort = [j1 |-> FALSE, j2 |-> FALSE]
/\ sjRC = [j1 |-> 0, j2 |-> 0]
/\ runAborted = [j1 |-> FALSE, j2 |-> FALSE]

State 14: <MCRunnerMetaWrite line 114, col 28 to line 114, col 67 of module MC>
/\ cpAlive = (c1 :> TRUE @@ c2 :> TRUE)
/\ failAccepted = [j1 |-> FALSE, j2 |-> FALSE]
/\ free = (c1 :> (u1 :> 0) @@ c2 :> (u1 :> 1))
/\ using = (c1 :> [j1 |-> {}, j2 |-> {}] @@ c2 :> [j1 |-> {}, j2 |-> {}])
/\ cjAbortMsg = (c1 :> [j1 |-> 0, j2 |-> 0] @@ c2 :> [j1 |-> 0, j2 |-> 0])
/\ resv = (c1 :> {[job |-> "j1", tok |-> 1, units |-> {u1}, ttl |-> 1]} @@ c2 :> {})
/\ fc = [ hb |-> 0,
  lose |-> 0,
  chkTO |-> 1,
  stTO |-> 0,
  depFail |-> 0,
  sjLaunchFail |-> 0,
  backoff |-> 0,
  sjError |-> 0,
  sjCrash |-> 0,
  cjError |-> 0,
  cjUnsafe |-> 0,
  cjDesc |-> 0,
  cpLaunchFail |-> 0,
  crash |-> 0,
  abort |-> 1,
  delete |-> 0,
  disable |-> 0,
  appMissing |-> 0 ]
/\ abortDropped = (c1 :> [j1 |-> FALSE, j2 |-> FALSE] @@ c2 :> [j1 |-> FALSE, j2 |-> FALSE])
/\ ackInWindow = [j1 |-> FALSE, j2 |-> FALSE]
/\ nextAtt = 2
/\ endedEv = [j1 |-> FALSE, j2 |-> FALSE]
/\ micro = [ wfcRead |-> [j1 |-> FALSE, j2 |-> FALSE],
  wfcHad |-> [j1 |-> FALSE, j2 |-> FALSE],
  reaped |->
      ( c1 :> [j1 |-> FALSE, j2 |-> FALSE] @@
        c2 :> [j1 |-> FALSE, j2 |-> FALSE] ),
  removals |-> [j1 |-> 0, j2 |-> 0],
  sjBooted |-> [j1 |-> FALSE, j2 |-> FALSE],
  cjSynced |->
      ( c1 :> [j1 |-> FALSE, j2 |-> FALSE] @@
        c2 :> [j1 |-> FALSE, j2 |-> FALSE] ),
  delAdm |->
      [ j1 |-> [pc |-> "Idle", snap |-> None],
        j2 |-> [pc |-> "Idle", snap |-> None] ],
  reports |->
      ( c1 :>
            [ j1 |-> [pc |-> "Idle", accepted |-> FALSE],
              j2 |-> [pc |-> "Idle", accepted |-> FALSE] ] @@
        c2 :>
            [ j1 |-> [pc |-> "Idle", accepted |-> FALSE],
              j2 |-> [pc |-> "Idle", accepted |-> FALSE] ] ) ]
/\ cjReg = (c1 :> [j1 |-> None, j2 |-> None] @@ c2 :> [j1 |-> None, j2 |-> None])
/\ alloc = (c1 :> [j1 |-> {}, j2 |-> {}] @@ c2 :> [j1 |-> {}, j2 |-> {}])
/\ ackStop = [j1 |-> FALSE, j2 |-> FALSE]
/\ cpc = [ pc |-> "Idle",
  job |-> None,
  failed |-> FALSE,
  aborted |-> FALSE,
  hadExc |-> FALSE ]
/\ termP = (c1 :> [j1 |-> 0, j2 |-> 0] @@ c2 :> [j1 |-> 0, j2 |-> 0])
/\ waiter = (c1 :> [j1 |-> FALSE, j2 |-> FALSE] @@ c2 :> [j1 |-> FALSE, j2 |-> FALSE])
/\ postAckLaunch = [j1 |-> FALSE, j2 |-> FALSE]
/\ sessions = {c1, c2}
/\ rp = [j1 |-> None, j2 |-> None]
/\ cst = (c1 :> [j1 |-> None, j2 |-> None] @@ c2 :> [j1 |-> None, j2 |-> None])
/\ sj = [j1 |-> "None", j2 |-> "None"]
/\ sweeper = [pc |-> "Idle", cl |-> None, snap |-> 0, blocking |-> FALSE]
/\ cjRC = (c1 :> [j1 |-> 0, j2 |-> 0] @@ c2 :> [j1 |-> 0, j2 |-> 0])
/\ startedEv = [j1 |-> FALSE, j2 |-> FALSE]
/\ exeErrRec = [j1 |-> FALSE, j2 |-> FALSE]
/\ launches = [j1 |-> 0, j2 |-> 0]
/\ pending = [j1 |-> None, j2 |-> None]
/\ sjAbortHandled = [j1 |-> FALSE, j2 |-> FALSE]
/\ cjProc = (c1 :> [j1 |-> "None", j2 |-> "None"] @@ c2 :> [j1 |-> "None", j2 |-> "None"])
/\ latchInStopWin = [j1 |-> FALSE, j2 |-> FALSE]
/\ msgs = ( [ job |-> "j1",
    ok |-> FALSE,
    code |-> 0,
    flag |-> FALSE,
    type |-> "CHECK",
    cl |-> c2,
    att |-> 1 ] :>
      1 )
/\ wfc = [j1 |-> FALSE, j2 |-> FALSE]
/\ tagged = {}
/\ rmp = [j1 |-> 0, j2 |-> 0]
/\ shared = [j1 |-> FALSE, j2 |-> FALSE]
/\ disabled = {}
/\ sjErr = [j1 |-> FALSE, j2 |-> FALSE]
/\ latched = [j1 |-> None, j2 |-> None]
/\ rpc = [ ready |-> "j1",
  pc |-> "ChkDispatched",
  job |-> None,
  att |-> 1,
  listed |-> {},
  queue |-> <<>>,
  cnt |-> [j1 |-> 1, j2 |-> 0],
  chk |-> {},
  failed |-> <<>>,
  blocked |-> <<>>,
  fb |-> <<>>,
  disp |-> {c1},
  dep |-> {c1},
  jid |-> TRUE,
  snap |-> None,
  sreq |-> {} ]
/\ exc = [j1 |-> None, j2 |-> None]
/\ runningJobs = {}
/\ failRunRec = [j1 |-> FALSE, j2 |-> FALSE]
/\ startFailCause = [j1 |-> "none", j2 |-> "none"]
/\ adm = [ j1 |-> [pc |-> "AbortWrite", snap |-> "SUBMITTED"],
  j2 |-> [pc |-> "Idle", snap |-> None] ]
/\ slots = {}
/\ termHb = (c1 :> [j1 |-> 0, j2 |-> 0] @@ c2 :> [j1 |-> 0, j2 |-> 0])
/\ grp = (c1 :> [j1 |-> FALSE, j2 |-> FALSE] @@ c2 :> [j1 |-> FALSE, j2 |-> FALSE])
/\ wfcStale = [j1 |-> None, j2 |-> None]
/\ pCount = [j1 |-> 1, j2 |-> 0]
/\ status = [j1 |-> "DISPATCHED", j2 |-> "SUBMITTED"]
/\ ovw = {}
/\ firstTerm = [j1 |-> None, j2 |-> None]
/\ ackAbort = [j1 |-> FALSE, j2 |-> FALSE]
/\ sjRC = [j1 |-> 0, j2 |-> 0]
/\ runAborted = [j1 |-> FALSE, j2 |-> FALSE]

State 15: <MCRunnerCheckDispatched line 115, col 28 to line 115, col 73 of module MC>
/\ cpAlive = (c1 :> TRUE @@ c2 :> TRUE)
/\ failAccepted = [j1 |-> FALSE, j2 |-> FALSE]
/\ free = (c1 :> (u1 :> 0) @@ c2 :> (u1 :> 1))
/\ using = (c1 :> [j1 |-> {}, j2 |-> {}] @@ c2 :> [j1 |-> {}, j2 |-> {}])
/\ cjAbortMsg = (c1 :> [j1 |-> 0, j2 |-> 0] @@ c2 :> [j1 |-> 0, j2 |-> 0])
/\ resv = (c1 :> {[job |-> "j1", tok |-> 1, units |-> {u1}, ttl |-> 1]} @@ c2 :> {})
/\ fc = [ hb |-> 0,
  lose |-> 0,
  chkTO |-> 1,
  stTO |-> 0,
  depFail |-> 0,
  sjLaunchFail |-> 0,
  backoff |-> 0,
  sjError |-> 0,
  sjCrash |-> 0,
  cjError |-> 0,
  cjUnsafe |-> 0,
  cjDesc |-> 0,
  cpLaunchFail |-> 0,
  crash |-> 0,
  abort |-> 1,
  delete |-> 0,
  disable |-> 0,
  appMissing |-> 0 ]
/\ abortDropped = (c1 :> [j1 |-> FALSE, j2 |-> FALSE] @@ c2 :> [j1 |-> FALSE, j2 |-> FALSE])
/\ ackInWindow = [j1 |-> FALSE, j2 |-> FALSE]
/\ nextAtt = 2
/\ endedEv = [j1 |-> FALSE, j2 |-> FALSE]
/\ micro = [ wfcRead |-> [j1 |-> FALSE, j2 |-> FALSE],
  wfcHad |-> [j1 |-> FALSE, j2 |-> FALSE],
  reaped |->
      ( c1 :> [j1 |-> FALSE, j2 |-> FALSE] @@
        c2 :> [j1 |-> FALSE, j2 |-> FALSE] ),
  removals |-> [j1 |-> 0, j2 |-> 0],
  sjBooted |-> [j1 |-> FALSE, j2 |-> FALSE],
  cjSynced |->
      ( c1 :> [j1 |-> FALSE, j2 |-> FALSE] @@
        c2 :> [j1 |-> FALSE, j2 |-> FALSE] ),
  delAdm |->
      [ j1 |-> [pc |-> "Idle", snap |-> None],
        j2 |-> [pc |-> "Idle", snap |-> None] ],
  reports |->
      ( c1 :>
            [ j1 |-> [pc |-> "Idle", accepted |-> FALSE],
              j2 |-> [pc |-> "Idle", accepted |-> FALSE] ] @@
        c2 :>
            [ j1 |-> [pc |-> "Idle", accepted |-> FALSE],
              j2 |-> [pc |-> "Idle", accepted |-> FALSE] ] ) ]
/\ cjReg = (c1 :> [j1 |-> None, j2 |-> None] @@ c2 :> [j1 |-> None, j2 |-> None])
/\ alloc = (c1 :> [j1 |-> {}, j2 |-> {}] @@ c2 :> [j1 |-> {}, j2 |-> {}])
/\ ackStop = [j1 |-> FALSE, j2 |-> FALSE]
/\ cpc = [ pc |-> "Idle",
  job |-> None,
  failed |-> FALSE,
  aborted |-> FALSE,
  hadExc |-> FALSE ]
/\ termP = (c1 :> [j1 |-> 0, j2 |-> 0] @@ c2 :> [j1 |-> 0, j2 |-> 0])
/\ waiter = (c1 :> [j1 |-> FALSE, j2 |-> FALSE] @@ c2 :> [j1 |-> FALSE, j2 |-> FALSE])
/\ postAckLaunch = [j1 |-> FALSE, j2 |-> FALSE]
/\ sessions = {c1, c2}
/\ rp = [j1 |-> None, j2 |-> None]
/\ cst = (c1 :> [j1 |-> None, j2 |-> None] @@ c2 :> [j1 |-> None, j2 |-> None])
/\ sj = [j1 |-> "None", j2 |-> "None"]
/\ sweeper = [pc |-> "Idle", cl |-> None, snap |-> 0, blocking |-> FALSE]
/\ cjRC = (c1 :> [j1 |-> 0, j2 |-> 0] @@ c2 :> [j1 |-> 0, j2 |-> 0])
/\ startedEv = [j1 |-> FALSE, j2 |-> FALSE]
/\ exeErrRec = [j1 |-> FALSE, j2 |-> FALSE]
/\ launches = [j1 |-> 0, j2 |-> 0]
/\ pending = [j1 |-> None, j2 |-> None]
/\ sjAbortHandled = [j1 |-> FALSE, j2 |-> FALSE]
/\ cjProc = (c1 :> [j1 |-> "None", j2 |-> "None"] @@ c2 :> [j1 |-> "None", j2 |-> "None"])
/\ latchInStopWin = [j1 |-> FALSE, j2 |-> FALSE]
/\ msgs = ( [ job |-> "j1",
    ok |-> FALSE,
    code |-> 0,
    flag |-> FALSE,
    type |-> "CHECK",
    cl |-> c2,
    att |-> 1 ] :>
      1 )
/\ wfc = [j1 |-> FALSE, j2 |-> FALSE]
/\ tagged = {}
/\ rmp = [j1 |-> 0, j2 |-> 0]
/\ shared = [j1 |-> FALSE, j2 |-> FALSE]
/\ disabled = {}
/\ sjErr = [j1 |-> FALSE, j2 |-> FALSE]
/\ latched = [j1 |-> None, j2 |-> None]
/\ rpc = [ ready |-> "j1",
  pc |-> "StartSJ",
  job |-> None,
  att |-> 1,
  listed |-> {},
  queue |-> <<>>,
  cnt |-> [j1 |-> 1, j2 |-> 0],
  chk |-> {},
  failed |-> <<>>,
  blocked |-> <<>>,
  fb |-> <<>>,
  disp |-> {c1},
  dep |-> {c1},
  jid |-> TRUE,
  snap |-> None,
  sreq |-> {} ]
/\ exc = [j1 |-> None, j2 |-> None]
/\ runningJobs = {}
/\ failRunRec = [j1 |-> FALSE, j2 |-> FALSE]
/\ startFailCause = [j1 |-> "none", j2 |-> "none"]
/\ adm = [ j1 |-> [pc |-> "AbortWrite", snap |-> "SUBMITTED"],
  j2 |-> [pc |-> "Idle", snap |-> None] ]
/\ slots = {}
/\ termHb = (c1 :> [j1 |-> 0, j2 |-> 0] @@ c2 :> [j1 |-> 0, j2 |-> 0])
/\ grp = (c1 :> [j1 |-> FALSE, j2 |-> FALSE] @@ c2 :> [j1 |-> FALSE, j2 |-> FALSE])
/\ wfcStale = [j1 |-> None, j2 |-> None]
/\ pCount = [j1 |-> 1, j2 |-> 0]
/\ status = [j1 |-> "DISPATCHED", j2 |-> "SUBMITTED"]
/\ ovw = {}
/\ firstTerm = [j1 |-> None, j2 |-> None]
/\ ackAbort = [j1 |-> FALSE, j2 |-> FALSE]
/\ sjRC = [j1 |-> 0, j2 |-> 0]
/\ runAborted = [j1 |-> FALSE, j2 |-> FALSE]

State 16: <MCRunnerLaunchSJ line 168, col 21 to line 168, col 59 of module MC>
/\ cpAlive = (c1 :> TRUE @@ c2 :> TRUE)
/\ failAccepted = [j1 |-> FALSE, j2 |-> FALSE]
/\ free = (c1 :> (u1 :> 0) @@ c2 :> (u1 :> 1))
/\ using = (c1 :> [j1 |-> {}, j2 |-> {}] @@ c2 :> [j1 |-> {}, j2 |-> {}])
/\ cjAbortMsg = (c1 :> [j1 |-> 0, j2 |-> 0] @@ c2 :> [j1 |-> 0, j2 |-> 0])
/\ resv = (c1 :> {[job |-> "j1", tok |-> 1, units |-> {u1}, ttl |-> 1]} @@ c2 :> {})
/\ fc = [ hb |-> 0,
  lose |-> 0,
  chkTO |-> 1,
  stTO |-> 0,
  depFail |-> 0,
  sjLaunchFail |-> 0,
  backoff |-> 0,
  sjError |-> 0,
  sjCrash |-> 0,
  cjError |-> 0,
  cjUnsafe |-> 0,
  cjDesc |-> 0,
  cpLaunchFail |-> 0,
  crash |-> 0,
  abort |-> 1,
  delete |-> 0,
  disable |-> 0,
  appMissing |-> 0 ]
/\ abortDropped = (c1 :> [j1 |-> FALSE, j2 |-> FALSE] @@ c2 :> [j1 |-> FALSE, j2 |-> FALSE])
/\ ackInWindow = [j1 |-> FALSE, j2 |-> FALSE]
/\ nextAtt = 2
/\ endedEv = [j1 |-> FALSE, j2 |-> FALSE]
/\ micro = [ wfcRead |-> [j1 |-> FALSE, j2 |-> FALSE],
  wfcHad |-> [j1 |-> FALSE, j2 |-> FALSE],
  reaped |->
      ( c1 :> [j1 |-> FALSE, j2 |-> FALSE] @@
        c2 :> [j1 |-> FALSE, j2 |-> FALSE] ),
  removals |-> [j1 |-> 0, j2 |-> 0],
  sjBooted |-> [j1 |-> FALSE, j2 |-> FALSE],
  cjSynced |->
      ( c1 :> [j1 |-> FALSE, j2 |-> FALSE] @@
        c2 :> [j1 |-> FALSE, j2 |-> FALSE] ),
  delAdm |->
      [ j1 |-> [pc |-> "Idle", snap |-> None],
        j2 |-> [pc |-> "Idle", snap |-> None] ],
  reports |->
      ( c1 :>
            [ j1 |-> [pc |-> "Idle", accepted |-> FALSE],
              j2 |-> [pc |-> "Idle", accepted |-> FALSE] ] @@
        c2 :>
            [ j1 |-> [pc |-> "Idle", accepted |-> FALSE],
              j2 |-> [pc |-> "Idle", accepted |-> FALSE] ] ) ]
/\ cjReg = (c1 :> [j1 |-> None, j2 |-> None] @@ c2 :> [j1 |-> None, j2 |-> None])
/\ alloc = (c1 :> [j1 |-> {}, j2 |-> {}] @@ c2 :> [j1 |-> {}, j2 |-> {}])
/\ ackStop = [j1 |-> FALSE, j2 |-> FALSE]
/\ cpc = [ pc |-> "Idle",
  job |-> None,
  failed |-> FALSE,
  aborted |-> FALSE,
  hadExc |-> FALSE ]
/\ termP = (c1 :> [j1 |-> 0, j2 |-> 0] @@ c2 :> [j1 |-> 0, j2 |-> 0])
/\ waiter = (c1 :> [j1 |-> FALSE, j2 |-> FALSE] @@ c2 :> [j1 |-> FALSE, j2 |-> FALSE])
/\ postAckLaunch = [j1 |-> FALSE, j2 |-> FALSE]
/\ sessions = {c1, c2}
/\ rp = [j1 |-> None, j2 |-> None]
/\ cst = (c1 :> [j1 |-> None, j2 |-> None] @@ c2 :> [j1 |-> None, j2 |-> None])
/\ sj = [j1 |-> "Running", j2 |-> "None"]
/\ sweeper = [pc |-> "Idle", cl |-> None, snap |-> 0, blocking |-> FALSE]
/\ cjRC = (c1 :> [j1 |-> 0, j2 |-> 0] @@ c2 :> [j1 |-> 0, j2 |-> 0])
/\ startedEv = [j1 |-> FALSE, j2 |-> FALSE]
/\ exeErrRec = [j1 |-> FALSE, j2 |-> FALSE]
/\ launches = [j1 |-> 1, j2 |-> 0]
/\ pending = [j1 |-> None, j2 |-> None]
/\ sjAbortHandled = [j1 |-> FALSE, j2 |-> FALSE]
/\ cjProc = (c1 :> [j1 |-> "None", j2 |-> "None"] @@ c2 :> [j1 |-> "None", j2 |-> "None"])
/\ latchInStopWin = [j1 |-> FALSE, j2 |-> FALSE]
/\ msgs = ( [ job |-> "j1",
    ok |-> FALSE,
    code |-> 0,
    flag |-> FALSE,
    type |-> "CHECK",
    cl |-> c2,
    att |-> 1 ] :>
      1 )
/\ wfc = [j1 |-> FALSE, j2 |-> FALSE]
/\ tagged = {}
/\ rmp = [j1 |-> 0, j2 |-> 0]
/\ shared = [j1 |-> FALSE, j2 |-> FALSE]
/\ disabled = {}
/\ sjErr = [j1 |-> FALSE, j2 |-> FALSE]
/\ latched = [j1 |-> None, j2 |-> None]
/\ rpc = [ ready |-> "j1",
  pc |-> "RegisterSJ",
  job |-> None,
  att |-> 1,
  listed |-> {},
  queue |-> <<>>,
  cnt |-> [j1 |-> 1, j2 |-> 0],
  chk |-> {},
  failed |-> <<>>,
  blocked |-> <<>>,
  fb |-> <<>>,
  disp |-> {c1},
  dep |-> {c1},
  jid |-> TRUE,
  snap |-> None,
  sreq |-> {c1} ]
/\ exc = [j1 |-> None, j2 |-> None]
/\ runningJobs = {}
/\ failRunRec = [j1 |-> FALSE, j2 |-> FALSE]
/\ startFailCause = [j1 |-> "none", j2 |-> "none"]
/\ adm = [ j1 |-> [pc |-> "AbortWrite", snap |-> "SUBMITTED"],
  j2 |-> [pc |-> "Idle", snap |-> None] ]
/\ slots = {}
/\ termHb = (c1 :> [j1 |-> 0, j2 |-> 0] @@ c2 :> [j1 |-> 0, j2 |-> 0])
/\ grp = (c1 :> [j1 |-> FALSE, j2 |-> FALSE] @@ c2 :> [j1 |-> FALSE, j2 |-> FALSE])
/\ wfcStale = [j1 |-> None, j2 |-> None]
/\ pCount = [j1 |-> 1, j2 |-> 0]
/\ status = [j1 |-> "DISPATCHED", j2 |-> "SUBMITTED"]
/\ ovw = {}
/\ firstTerm = [j1 |-> None, j2 |-> None]
/\ ackAbort = [j1 |-> FALSE, j2 |-> FALSE]
/\ sjRC = [j1 |-> 0, j2 |-> 0]
/\ runAborted = [j1 |-> FALSE, j2 |-> FALSE]

State 17: <MCRunnerRegisterSJ line 169, col 23 to line 169, col 63 of module MC>
/\ cpAlive = (c1 :> TRUE @@ c2 :> TRUE)
/\ failAccepted = [j1 |-> FALSE, j2 |-> FALSE]
/\ free = (c1 :> (u1 :> 0) @@ c2 :> (u1 :> 1))
/\ using = (c1 :> [j1 |-> {}, j2 |-> {}] @@ c2 :> [j1 |-> {}, j2 |-> {}])
/\ cjAbortMsg = (c1 :> [j1 |-> 0, j2 |-> 0] @@ c2 :> [j1 |-> 0, j2 |-> 0])
/\ resv = (c1 :> {[job |-> "j1", tok |-> 1, units |-> {u1}, ttl |-> 1]} @@ c2 :> {})
/\ fc = [ hb |-> 0,
  lose |-> 0,
  chkTO |-> 1,
  stTO |-> 0,
  depFail |-> 0,
  sjLaunchFail |-> 0,
  backoff |-> 0,
  sjError |-> 0,
  sjCrash |-> 0,
  cjError |-> 0,
  cjUnsafe |-> 0,
  cjDesc |-> 0,
  cpLaunchFail |-> 0,
  crash |-> 0,
  abort |-> 1,
  delete |-> 0,
  disable |-> 0,
  appMissing |-> 0 ]
/\ abortDropped = (c1 :> [j1 |-> FALSE, j2 |-> FALSE] @@ c2 :> [j1 |-> FALSE, j2 |-> FALSE])
/\ ackInWindow = [j1 |-> FALSE, j2 |-> FALSE]
/\ nextAtt = 2
/\ endedEv = [j1 |-> FALSE, j2 |-> FALSE]
/\ micro = [ wfcRead |-> [j1 |-> FALSE, j2 |-> FALSE],
  wfcHad |-> [j1 |-> FALSE, j2 |-> FALSE],
  reaped |->
      ( c1 :> [j1 |-> FALSE, j2 |-> FALSE] @@
        c2 :> [j1 |-> FALSE, j2 |-> FALSE] ),
  removals |-> [j1 |-> 0, j2 |-> 0],
  sjBooted |-> [j1 |-> FALSE, j2 |-> FALSE],
  cjSynced |->
      ( c1 :> [j1 |-> FALSE, j2 |-> FALSE] @@
        c2 :> [j1 |-> FALSE, j2 |-> FALSE] ),
  delAdm |->
      [ j1 |-> [pc |-> "Idle", snap |-> None],
        j2 |-> [pc |-> "Idle", snap |-> None] ],
  reports |->
      ( c1 :>
            [ j1 |-> [pc |-> "Idle", accepted |-> FALSE],
              j2 |-> [pc |-> "Idle", accepted |-> FALSE] ] @@
        c2 :>
            [ j1 |-> [pc |-> "Idle", accepted |-> FALSE],
              j2 |-> [pc |-> "Idle", accepted |-> FALSE] ] ) ]
/\ cjReg = (c1 :> [j1 |-> None, j2 |-> None] @@ c2 :> [j1 |-> None, j2 |-> None])
/\ alloc = (c1 :> [j1 |-> {}, j2 |-> {}] @@ c2 :> [j1 |-> {}, j2 |-> {}])
/\ ackStop = [j1 |-> FALSE, j2 |-> FALSE]
/\ cpc = [ pc |-> "Idle",
  job |-> None,
  failed |-> FALSE,
  aborted |-> FALSE,
  hadExc |-> FALSE ]
/\ termP = (c1 :> [j1 |-> 0, j2 |-> 0] @@ c2 :> [j1 |-> 0, j2 |-> 0])
/\ waiter = (c1 :> [j1 |-> FALSE, j2 |-> FALSE] @@ c2 :> [j1 |-> FALSE, j2 |-> FALSE])
/\ postAckLaunch = [j1 |-> FALSE, j2 |-> FALSE]
/\ sessions = {c1, c2}
/\ rp = [ j1 |-> [rc |-> 0, exeErr |-> FALSE, parts |-> {c1}, finished |-> FALSE],
  j2 |-> None ]
/\ cst = (c1 :> [j1 |-> None, j2 |-> None] @@ c2 :> [j1 |-> None, j2 |-> None])
/\ sj = [j1 |-> "Running", j2 |-> "None"]
/\ sweeper = [pc |-> "Idle", cl |-> None, snap |-> 0, blocking |-> FALSE]
/\ cjRC = (c1 :> [j1 |-> 0, j2 |-> 0] @@ c2 :> [j1 |-> 0, j2 |-> 0])
/\ startedEv = [j1 |-> FALSE, j2 |-> FALSE]
/\ exeErrRec = [j1 |-> FALSE, j2 |-> FALSE]
/\ launches = [j1 |-> 1, j2 |-> 0]
/\ pending = [j1 |-> None, j2 |-> None]
/\ sjAbortHandled = [j1 |-> FALSE, j2 |-> FALSE]
/\ cjProc = (c1 :> [j1 |-> "None", j2 |-> "None"] @@ c2 :> [j1 |-> "None", j2 |-> "None"])
/\ latchInStopWin = [j1 |-> FALSE, j2 |-> FALSE]
/\ msgs = ( [ job |-> "j1",
    ok |-> FALSE,
    code |-> 0,
    flag |-> FALSE,
    type |-> "CHECK",
    cl |-> c2,
    att |-> 1 ] :>
      1 )
/\ wfc = [j1 |-> TRUE, j2 |-> FALSE]
/\ tagged = {}
/\ rmp = [j1 |-> 0, j2 |-> 0]
/\ shared = [j1 |-> FALSE, j2 |-> FALSE]
/\ disabled = {}
/\ sjErr = [j1 |-> FALSE, j2 |-> FALSE]
/\ latched = [j1 |-> None, j2 |-> None]
/\ rpc = [ ready |-> "j1",
  pc |-> "InitOutcomes",
  job |-> None,
  att |-> 1,
  listed |-> {},
  queue |-> <<>>,
  cnt |-> [j1 |-> 1, j2 |-> 0],
  chk |-> {},
  failed |-> <<>>,
  blocked |-> <<>>,
  fb |-> <<>>,
  disp |-> {c1},
  dep |-> {c1},
  jid |-> TRUE,
  snap |-> None,
  sreq |-> {c1} ]
/\ exc = [j1 |-> None, j2 |-> None]
/\ runningJobs = {}
/\ failRunRec = [j1 |-> FALSE, j2 |-> FALSE]
/\ startFailCause = [j1 |-> "none", j2 |-> "none"]
/\ adm = [ j1 |-> [pc |-> "AbortWrite", snap |-> "SUBMITTED"],
  j2 |-> [pc |-> "Idle", snap |-> None] ]
/\ slots = {}
/\ termHb = (c1 :> [j1 |-> 0, j2 |-> 0] @@ c2 :> [j1 |-> 0, j2 |-> 0])
/\ grp = (c1 :> [j1 |-> FALSE, j2 |-> FALSE] @@ c2 :> [j1 |-> FALSE, j2 |-> FALSE])
/\ wfcStale = [j1 |-> None, j2 |-> None]
/\ pCount = [j1 |-> 1, j2 |-> 0]
/\ status = [j1 |-> "DISPATCHED", j2 |-> "SUBMITTED"]
/\ ovw = {}
/\ firstTerm = [j1 |-> None, j2 |-> None]
/\ ackAbort = [j1 |-> FALSE, j2 |-> FALSE]
/\ sjRC = [j1 |-> 0, j2 |-> 0]
/\ runAborted = [j1 |-> FALSE, j2 |-> FALSE]

State 18: <MCRunnerInitOutcomes line 170, col 25 to line 170, col 67 of module MC>
/\ cpAlive = (c1 :> TRUE @@ c2 :> TRUE)
/\ failAccepted = [j1 |-> FALSE, j2 |-> FALSE]
/\ free = (c1 :> (u1 :> 0) @@ c2 :> (u1 :> 1))
/\ using = (c1 :> [j1 |-> {}, j2 |-> {}] @@ c2 :> [j1 |-> {}, j2 |-> {}])
/\ cjAbortMsg = (c1 :> [j1 |-> 0, j2 |-> 0] @@ c2 :> [j1 |-> 0, j2 |-> 0])
/\ resv = (c1 :> {[job |-> "j1", tok |-> 1, units |-> {u1}, ttl |-> 1]} @@ c2 :> {})
/\ fc = [ hb |-> 0,
  lose |-> 0,
  chkTO |-> 1,
  stTO |-> 0,
  depFail |-> 0,
  sjLaunchFail |-> 0,
  backoff |-> 0,
  sjError |-> 0,
  sjCrash |-> 0,
  cjError |-> 0,
  cjUnsafe |-> 0,
  cjDesc |-> 0,
  cpLaunchFail |-> 0,
  crash |-> 0,
  abort |-> 1,
  delete |-> 0,
  disable |-> 0,
  appMissing |-> 0 ]
/\ abortDropped = (c1 :> [j1 |-> FALSE, j2 |-> FALSE] @@ c2 :> [j1 |-> FALSE, j2 |-> FALSE])
/\ ackInWindow = [j1 |-> FALSE, j2 |-> FALSE]
/\ nextAtt = 2
/\ endedEv = [j1 |-> FALSE, j2 |-> FALSE]
/\ micro = [ wfcRead |-> [j1 |-> FALSE, j2 |-> FALSE],
  wfcHad |-> [j1 |-> FALSE, j2 |-> FALSE],
  reaped |->
      ( c1 :> [j1 |-> FALSE, j2 |-> FALSE] @@
        c2 :> [j1 |-> FALSE, j2 |-> FALSE] ),
  removals |-> [j1 |-> 0, j2 |-> 0],
  sjBooted |-> [j1 |-> FALSE, j2 |-> FALSE],
  cjSynced |->
      ( c1 :> [j1 |-> FALSE, j2 |-> FALSE] @@
        c2 :> [j1 |-> FALSE, j2 |-> FALSE] ),
  delAdm |->
      [ j1 |-> [pc |-> "Idle", snap |-> None],
        j2 |-> [pc |-> "Idle", snap |-> None] ],
  reports |->
      ( c1 :>
            [ j1 |-> [pc |-> "Idle", accepted |-> FALSE],
              j2 |-> [pc |-> "Idle", accepted |-> FALSE] ] @@
        c2 :>
            [ j1 |-> [pc |-> "Idle", accepted |-> FALSE],
              j2 |-> [pc |-> "Idle", accepted |-> FALSE] ] ) ]
/\ cjReg = (c1 :> [j1 |-> None, j2 |-> None] @@ c2 :> [j1 |-> None, j2 |-> None])
/\ alloc = (c1 :> [j1 |-> {}, j2 |-> {}] @@ c2 :> [j1 |-> {}, j2 |-> {}])
/\ ackStop = [j1 |-> FALSE, j2 |-> FALSE]
/\ cpc = [ pc |-> "Idle",
  job |-> None,
  failed |-> FALSE,
  aborted |-> FALSE,
  hadExc |-> FALSE ]
/\ termP = (c1 :> [j1 |-> 0, j2 |-> 0] @@ c2 :> [j1 |-> 0, j2 |-> 0])
/\ waiter = (c1 :> [j1 |-> FALSE, j2 |-> FALSE] @@ c2 :> [j1 |-> FALSE, j2 |-> FALSE])
/\ postAckLaunch = [j1 |-> FALSE, j2 |-> FALSE]
/\ sessions = {c1, c2}
/\ rp = [ j1 |-> [rc |-> 0, exeErr |-> FALSE, parts |-> {c1}, finished |-> FALSE],
  j2 |-> None ]
/\ cst = (c1 :> [j1 |-> None, j2 |-> None] @@ c2 :> [j1 |-> None, j2 |-> None])
/\ sj = [j1 |-> "Running", j2 |-> "None"]
/\ sweeper = [pc |-> "Idle", cl |-> None, snap |-> 0, blocking |-> FALSE]
/\ cjRC = (c1 :> [j1 |-> 0, j2 |-> 0] @@ c2 :> [j1 |-> 0, j2 |-> 0])
/\ startedEv = [j1 |-> FALSE, j2 |-> FALSE]
/\ exeErrRec = [j1 |-> FALSE, j2 |-> FALSE]
/\ launches = [j1 |-> 1, j2 |-> 0]
/\ pending = [j1 |-> {c1}, j2 |-> None]
/\ sjAbortHandled = [j1 |-> FALSE, j2 |-> FALSE]
/\ cjProc = (c1 :> [j1 |-> "None", j2 |-> "None"] @@ c2 :> [j1 |-> "None", j2 |-> "None"])
/\ latchInStopWin = [j1 |-> FALSE, j2 |-> FALSE]
/\ msgs = ( [ job |-> "j1",
    ok |-> FALSE,
    code |-> 0,
    flag |-> FALSE,
    type |-> "CHECK",
    cl |-> c2,
    att |-> 1 ] :>
      1 )
/\ wfc = [j1 |-> TRUE, j2 |-> FALSE]
/\ tagged = {}
/\ rmp = [j1 |-> 0, j2 |-> 0]
/\ shared = [j1 |-> FALSE, j2 |-> FALSE]
/\ disabled = {}
/\ sjErr = [j1 |-> FALSE, j2 |-> FALSE]
/\ latched = [j1 |-> None, j2 |-> None]
/\ rpc = [ ready |-> "j1",
  pc |-> "SendStart",
  job |-> None,
  att |-> 1,
  listed |-> {},
  queue |-> <<>>,
  cnt |-> [j1 |-> 1, j2 |-> 0],
  chk |-> {c1},
  failed |-> <<>>,
  blocked |-> <<>>,
  fb |-> <<>>,
  disp |-> {c1},
  dep |-> {c1},
  jid |-> TRUE,
  snap |-> None,
  sreq |-> {} ]
/\ exc = [j1 |-> None, j2 |-> None]
/\ runningJobs = {}
/\ failRunRec = [j1 |-> FALSE, j2 |-> FALSE]
/\ startFailCause = [j1 |-> "none", j2 |-> "none"]
/\ adm = [ j1 |-> [pc |-> "AbortWrite", snap |-> "SUBMITTED"],
  j2 |-> [pc |-> "Idle", snap |-> None] ]
/\ slots = {}
/\ termHb = (c1 :> [j1 |-> 0, j2 |-> 0] @@ c2 :> [j1 |-> 0, j2 |-> 0])
/\ grp = (c1 :> [j1 |-> FALSE, j2 |-> FALSE] @@ c2 :> [j1 |-> FALSE, j2 |-> FALSE])
/\ wfcStale = [j1 |-> None, j2 |-> None]
/\ pCount = [j1 |-> 1, j2 |-> 0]
/\ status = [j1 |-> "DISPATCHED", j2 |-> "SUBMITTED"]
/\ ovw = {}
/\ firstTerm = [j1 |-> None, j2 |-> None]
/\ ackAbort = [j1 |-> FALSE, j2 |-> FALSE]
/\ sjRC = [j1 |-> 0, j2 |-> 0]
/\ runAborted = [j1 |-> FALSE, j2 |-> FALSE]

State 19: <MCRunnerSendStart(c1) line 171, col 25 to line 171, col 67 of module MC>
/\ cpAlive = (c1 :> TRUE @@ c2 :> TRUE)
/\ failAccepted = [j1 |-> FALSE, j2 |-> FALSE]
/\ free = (c1 :> (u1 :> 0) @@ c2 :> (u1 :> 1))
/\ using = (c1 :> [j1 |-> {}, j2 |-> {}] @@ c2 :> [j1 |-> {}, j2 |-> {}])
/\ cjAbortMsg = (c1 :> [j1 |-> 0, j2 |-> 0] @@ c2 :> [j1 |-> 0, j2 |-> 0])
/\ resv = (c1 :> {[job |-> "j1", tok |-> 1, units |-> {u1}, ttl |-> 1]} @@ c2 :> {})
/\ fc = [ hb |-> 0,
  lose |-> 0,
  chkTO |-> 1,
  stTO |-> 0,
  depFail |-> 0,
  sjLaunchFail |-> 0,
  backoff |-> 0,
  sjError |-> 0,
  sjCrash |-> 0,
  cjError |-> 0,
  cjUnsafe |-> 0,
  cjDesc |-> 0,
  cpLaunchFail |-> 0,
  crash |-> 0,
  abort |-> 1,
  delete |-> 0,
  disable |-> 0,
  appMissing |-> 0 ]
/\ abortDropped = (c1 :> [j1 |-> FALSE, j2 |-> FALSE] @@ c2 :> [j1 |-> FALSE, j2 |-> FALSE])
/\ ackInWindow = [j1 |-> FALSE, j2 |-> FALSE]
/\ nextAtt = 2
/\ endedEv = [j1 |-> FALSE, j2 |-> FALSE]
/\ micro = [ wfcRead |-> [j1 |-> FALSE, j2 |-> FALSE],
  wfcHad |-> [j1 |-> FALSE, j2 |-> FALSE],
  reaped |->
      ( c1 :> [j1 |-> FALSE, j2 |-> FALSE] @@
        c2 :> [j1 |-> FALSE, j2 |-> FALSE] ),
  removals |-> [j1 |-> 0, j2 |-> 0],
  sjBooted |-> [j1 |-> FALSE, j2 |-> FALSE],
  cjSynced |->
      ( c1 :> [j1 |-> FALSE, j2 |-> FALSE] @@
        c2 :> [j1 |-> FALSE, j2 |-> FALSE] ),
  delAdm |->
      [ j1 |-> [pc |-> "Idle", snap |-> None],
        j2 |-> [pc |-> "Idle", snap |-> None] ],
  reports |->
      ( c1 :>
            [ j1 |-> [pc |-> "Idle", accepted |-> FALSE],
              j2 |-> [pc |-> "Idle", accepted |-> FALSE] ] @@
        c2 :>
            [ j1 |-> [pc |-> "Idle", accepted |-> FALSE],
              j2 |-> [pc |-> "Idle", accepted |-> FALSE] ] ) ]
/\ cjReg = (c1 :> [j1 |-> None, j2 |-> None] @@ c2 :> [j1 |-> None, j2 |-> None])
/\ alloc = (c1 :> [j1 |-> {}, j2 |-> {}] @@ c2 :> [j1 |-> {}, j2 |-> {}])
/\ ackStop = [j1 |-> FALSE, j2 |-> FALSE]
/\ cpc = [ pc |-> "Idle",
  job |-> None,
  failed |-> FALSE,
  aborted |-> FALSE,
  hadExc |-> FALSE ]
/\ termP = (c1 :> [j1 |-> 0, j2 |-> 0] @@ c2 :> [j1 |-> 0, j2 |-> 0])
/\ waiter = (c1 :> [j1 |-> FALSE, j2 |-> FALSE] @@ c2 :> [j1 |-> FALSE, j2 |-> FALSE])
/\ postAckLaunch = [j1 |-> FALSE, j2 |-> FALSE]
/\ sessions = {c1, c2}
/\ rp = [ j1 |-> [rc |-> 0, exeErr |-> FALSE, parts |-> {c1}, finished |-> FALSE],
  j2 |-> None ]
/\ cst = (c1 :> [j1 |-> None, j2 |-> None] @@ c2 :> [j1 |-> None, j2 |-> None])
/\ sj = [j1 |-> "Running", j2 |-> "None"]
/\ sweeper = [pc |-> "Idle", cl |-> None, snap |-> 0, blocking |-> FALSE]
/\ cjRC = (c1 :> [j1 |-> 0, j2 |-> 0] @@ c2 :> [j1 |-> 0, j2 |-> 0])
/\ startedEv = [j1 |-> FALSE, j2 |-> FALSE]
/\ exeErrRec = [j1 |-> FALSE, j2 |-> FALSE]
/\ launches = [j1 |-> 1, j2 |-> 0]
/\ pending = [j1 |-> {c1}, j2 |-> None]
/\ sjAbortHandled = [j1 |-> FALSE, j2 |-> FALSE]
/\ cjProc = (c1 :> [j1 |-> "None", j2 |-> "None"] @@ c2 :> [j1 |-> "None", j2 |-> "None"])
/\ latchInStopWin = [j1 |-> FALSE, j2 |-> FALSE]
/\ msgs = ( [ job |-> "j1",
    ok |-> FALSE,
    code |-> 0,
    flag |-> FALSE,
    type |-> "CHECK",
    cl |-> c2,
    att |-> 1 ] :>
      1 )
/\ wfc = [j1 |-> TRUE, j2 |-> FALSE]
/\ tagged = {}
/\ rmp = [j1 |-> 0, j2 |-> 0]
/\ shared = [j1 |-> FALSE, j2 |-> FALSE]
/\ disabled = {}
/\ sjErr = [j1 |-> FALSE, j2 |-> FALSE]
/\ latched = [j1 |-> None, j2 |-> None]
/\ rpc = [ ready |-> "j1",
  pc |-> "SendStart",
  job |-> None,
  att |-> 1,
  listed |-> {},
  queue |-> <<>>,
  cnt |-> [j1 |-> 1, j2 |-> 0],
  chk |-> {},
  failed |-> <<>>,
  blocked |-> <<>>,
  fb |-> <<>>,
  disp |-> {c1},
  dep |-> {c1},
  jid |-> TRUE,
  snap |-> None,
  sreq |-> {c1} ]
/\ exc = [j1 |-> None, j2 |-> None]
/\ runningJobs = {}
/\ failRunRec = [j1 |-> FALSE, j2 |-> FALSE]
/\ startFailCause = [j1 |-> "none", j2 |-> "none"]
/\ adm = [ j1 |-> [pc |-> "AbortWrite", snap |-> "SUBMITTED"],
  j2 |-> [pc |-> "Idle", snap |-> None] ]
/\ slots = {}
/\ termHb = (c1 :> [j1 |-> 0, j2 |-> 0] @@ c2 :> [j1 |-> 0, j2 |-> 0])
/\ grp = (c1 :> [j1 |-> FALSE, j2 |-> FALSE] @@ c2 :> [j1 |-> FALSE, j2 |-> FALSE])
/\ wfcStale = [j1 |-> None, j2 |-> None]
/\ pCount = [j1 |-> 1, j2 |-> 0]
/\ status = [j1 |-> "DISPATCHED", j2 |-> "SUBMITTED"]
/\ ovw = {}
/\ firstTerm = [j1 |-> None, j2 |-> None]
/\ ackAbort = [j1 |-> FALSE, j2 |-> FALSE]
/\ sjRC = [j1 |-> 0, j2 |-> 0]
/\ runAborted = [j1 |-> FALSE, j2 |-> FALSE]

State 20: <MCRunnerStartServerApp line 116, col 28 to line 116, col 72 of module MC>
/\ cpAlive = (c1 :> TRUE @@ c2 :> TRUE)
/\ failAccepted = [j1 |-> FALSE, j2 |-> FALSE]
/\ free = (c1 :> (u1 :> 0) @@ c2 :> (u1 :> 1))
/\ using = (c1 :> [j1 |-> {}, j2 |-> {}] @@ c2 :> [j1 |-> {}, j2 |-> {}])
/\ cjAbortMsg = (c1 :> [j1 |-> 0, j2 |-> 0] @@ c2 :> [j1 |-> 0, j2 |-> 0])
/\ resv = (c1 :> {[job |-> "j1", tok |-> 1, units |-> {u1}, ttl |-> 1]} @@ c2 :> {})
/\ fc = [ hb |-> 0,
  lose |-> 0,
  chkTO |-> 1,
  stTO |-> 0,
  depFail |-> 0,
  sjLaunchFail |-> 0,
  backoff |-> 0,
  sjError |-> 0,
  sjCrash |-> 0,
  cjError |-> 0,
  cjUnsafe |-> 0,
  cjDesc |-> 0,
  cpLaunchFail |-> 0,
  crash |-> 0,
  abort |-> 1,
  delete |-> 0,
  disable |-> 0,
  appMissing |-> 0 ]
/\ abortDropped = (c1 :> [j1 |-> FALSE, j2 |-> FALSE] @@ c2 :> [j1 |-> FALSE, j2 |-> FALSE])
/\ ackInWindow = [j1 |-> FALSE, j2 |-> FALSE]
/\ nextAtt = 2
/\ endedEv = [j1 |-> FALSE, j2 |-> FALSE]
/\ micro = [ wfcRead |-> [j1 |-> FALSE, j2 |-> FALSE],
  wfcHad |-> [j1 |-> FALSE, j2 |-> FALSE],
  reaped |->
      ( c1 :> [j1 |-> FALSE, j2 |-> FALSE] @@
        c2 :> [j1 |-> FALSE, j2 |-> FALSE] ),
  removals |-> [j1 |-> 0, j2 |-> 0],
  sjBooted |-> [j1 |-> FALSE, j2 |-> FALSE],
  cjSynced |->
      ( c1 :> [j1 |-> FALSE, j2 |-> FALSE] @@
        c2 :> [j1 |-> FALSE, j2 |-> FALSE] ),
  delAdm |->
      [ j1 |-> [pc |-> "Idle", snap |-> None],
        j2 |-> [pc |-> "Idle", snap |-> None] ],
  reports |->
      ( c1 :>
            [ j1 |-> [pc |-> "Idle", accepted |-> FALSE],
              j2 |-> [pc |-> "Idle", accepted |-> FALSE] ] @@
        c2 :>
            [ j1 |-> [pc |-> "Idle", accepted |-> FALSE],
              j2 |-> [pc |-> "Idle", accepted |-> FALSE] ] ) ]
/\ cjReg = (c1 :> [j1 |-> None, j2 |-> None] @@ c2 :> [j1 |-> None, j2 |-> None])
/\ alloc = (c1 :> [j1 |-> {}, j2 |-> {}] @@ c2 :> [j1 |-> {}, j2 |-> {}])
/\ ackStop = [j1 |-> FALSE, j2 |-> FALSE]
/\ cpc = [ pc |-> "Idle",
  job |-> None,
  failed |-> FALSE,
  aborted |-> FALSE,
  hadExc |-> FALSE ]
/\ termP = (c1 :> [j1 |-> 0, j2 |-> 0] @@ c2 :> [j1 |-> 0, j2 |-> 0])
/\ waiter = (c1 :> [j1 |-> FALSE, j2 |-> FALSE] @@ c2 :> [j1 |-> FALSE, j2 |-> FALSE])
/\ postAckLaunch = [j1 |-> FALSE, j2 |-> FALSE]
/\ sessions = {c1, c2}
/\ rp = [ j1 |-> [rc |-> 0, exeErr |-> FALSE, parts |-> {c1}, finished |-> FALSE],
  j2 |-> None ]
/\ cst = (c1 :> [j1 |-> None, j2 |-> None] @@ c2 :> [j1 |-> None, j2 |-> None])
/\ sj = [j1 |-> "Running", j2 |-> "None"]
/\ sweeper = [pc |-> "Idle", cl |-> None, snap |-> 0, blocking |-> FALSE]
/\ cjRC = (c1 :> [j1 |-> 0, j2 |-> 0] @@ c2 :> [j1 |-> 0, j2 |-> 0])
/\ startedEv = [j1 |-> FALSE, j2 |-> FALSE]
/\ exeErrRec = [j1 |-> FALSE, j2 |-> FALSE]
/\ launches = [j1 |-> 1, j2 |-> 0]
/\ pending = [j1 |-> {c1}, j2 |-> None]
/\ sjAbortHandled = [j1 |-> FALSE, j2 |-> FALSE]
/\ cjProc = (c1 :> [j1 |-> "None", j2 |-> "None"] @@ c2 :> [j1 |-> "None", j2 |-> "None"])
/\ latchInStopWin = [j1 |-> FALSE, j2 |-> FALSE]
/\ msgs = ( [ job |-> "j1",
    ok |-> FALSE,
    code |-> 0,
    flag |-> FALSE,
    type |-> "CHECK",
    cl |-> c2,
    att |-> 1 ] :>
      1 @@
  [ job |-> "j1",
    ok |-> FALSE,
    code |-> 0,
    flag |-> FALSE,
    type |-> "START",
    cl |-> c1,
    att |-> 1 ] :>
      1 )
/\ wfc = [j1 |-> TRUE, j2 |-> FALSE]
/\ tagged = {}
/\ rmp = [j1 |-> 0, j2 |-> 0]
/\ shared = [j1 |-> FALSE, j2 |-> FALSE]
/\ disabled = {}
/\ sjErr = [j1 |-> FALSE, j2 |-> FALSE]
/\ latched = [j1 |-> None, j2 |-> None]
/\ rpc = [ ready |-> "j1",
  pc |-> "StartWait",
  job |-> None,
  att |-> 1,
  listed |-> {},
  queue |-> <<>>,
  cnt |-> [j1 |-> 1, j2 |-> 0],
  chk |-> {},
  failed |-> <<>>,
  blocked |-> <<>>,
  fb |-> <<>>,
  disp |-> {c1},
  dep |-> {c1},
  jid |-> TRUE,
  snap |-> None,
  sreq |-> {c1} ]
/\ exc = [j1 |-> None, j2 |-> None]
/\ runningJobs = {}
/\ failRunRec = [j1 |-> FALSE, j2 |-> FALSE]
/\ startFailCause = [j1 |-> "none", j2 |-> "none"]
/\ adm = [ j1 |-> [pc |-> "AbortWrite", snap |-> "SUBMITTED"],
  j2 |-> [pc |-> "Idle", snap |-> None] ]
/\ slots = {}
/\ termHb = (c1 :> [j1 |-> 0, j2 |-> 0] @@ c2 :> [j1 |-> 0, j2 |-> 0])
/\ grp = (c1 :> [j1 |-> FALSE, j2 |-> FALSE] @@ c2 :> [j1 |-> FALSE, j2 |-> FALSE])
/\ wfcStale = [j1 |-> None, j2 |-> None]
/\ pCount = [j1 |-> 1, j2 |-> 0]
/\ status = [j1 |-> "DISPATCHED", j2 |-> "SUBMITTED"]
/\ ovw = {}
/\ firstTerm = [j1 |-> None, j2 |-> None]
/\ ackAbort = [j1 |-> FALSE, j2 |-> FALSE]
/\ sjRC = [j1 |-> 0, j2 |-> 0]
/\ runAborted = [j1 |-> FALSE, j2 |-> FALSE]

State 21: <MCRunnerStartTimeout line 64, col 8 to line 65, col 46 of module MC>
/\ cpAlive = (c1 :> TRUE @@ c2 :> TRUE)
/\ failAccepted = [j1 |-> FALSE, j2 |-> FALSE]
/\ free = (c1 :> (u1 :> 0) @@ c2 :> (u1 :> 1))
/\ using = (c1 :> [j1 |-> {}, j2 |-> {}] @@ c2 :> [j1 |-> {}, j2 |-> {}])
/\ cjAbortMsg = (c1 :> [j1 |-> 0, j2 |-> 0] @@ c2 :> [j1 |-> 0, j2 |-> 0])
/\ resv = (c1 :> {[job |-> "j1", tok |-> 1, units |-> {u1}, ttl |-> 1]} @@ c2 :> {})
/\ fc = [ hb |-> 0,
  lose |-> 0,
  chkTO |-> 1,
  stTO |-> 1,
  depFail |-> 0,
  sjLaunchFail |-> 0,
  backoff |-> 0,
  sjError |-> 0,
  sjCrash |-> 0,
  cjError |-> 0,
  cjUnsafe |-> 0,
  cjDesc |-> 0,
  cpLaunchFail |-> 0,
  crash |-> 0,
  abort |-> 1,
  delete |-> 0,
  disable |-> 0,
  appMissing |-> 0 ]
/\ abortDropped = (c1 :> [j1 |-> FALSE, j2 |-> FALSE] @@ c2 :> [j1 |-> FALSE, j2 |-> FALSE])
/\ ackInWindow = [j1 |-> FALSE, j2 |-> FALSE]
/\ nextAtt = 2
/\ endedEv = [j1 |-> FALSE, j2 |-> FALSE]
/\ micro = [ wfcRead |-> [j1 |-> FALSE, j2 |-> FALSE],
  wfcHad |-> [j1 |-> FALSE, j2 |-> FALSE],
  reaped |->
      ( c1 :> [j1 |-> FALSE, j2 |-> FALSE] @@
        c2 :> [j1 |-> FALSE, j2 |-> FALSE] ),
  removals |-> [j1 |-> 0, j2 |-> 0],
  sjBooted |-> [j1 |-> FALSE, j2 |-> FALSE],
  cjSynced |->
      ( c1 :> [j1 |-> FALSE, j2 |-> FALSE] @@
        c2 :> [j1 |-> FALSE, j2 |-> FALSE] ),
  delAdm |->
      [ j1 |-> [pc |-> "Idle", snap |-> None],
        j2 |-> [pc |-> "Idle", snap |-> None] ],
  reports |->
      ( c1 :>
            [ j1 |-> [pc |-> "Idle", accepted |-> FALSE],
              j2 |-> [pc |-> "Idle", accepted |-> FALSE] ] @@
        c2 :>
            [ j1 |-> [pc |-> "Idle", accepted |-> FALSE],
              j2 |-> [pc |-> "Idle", accepted |-> FALSE] ] ) ]
/\ cjReg = (c1 :> [j1 |-> None, j2 |-> None] @@ c2 :> [j1 |-> None, j2 |-> None])
/\ alloc = (c1 :> [j1 |-> {}, j2 |-> {}] @@ c2 :> [j1 |-> {}, j2 |-> {}])
/\ ackStop = [j1 |-> FALSE, j2 |-> FALSE]
/\ cpc = [ pc |-> "Idle",
  job |-> None,
  failed |-> FALSE,
  aborted |-> FALSE,
  hadExc |-> FALSE ]
/\ termP = (c1 :> [j1 |-> 0, j2 |-> 0] @@ c2 :> [j1 |-> 0, j2 |-> 0])
/\ waiter = (c1 :> [j1 |-> FALSE, j2 |-> FALSE] @@ c2 :> [j1 |-> FALSE, j2 |-> FALSE])
/\ postAckLaunch = [j1 |-> FALSE, j2 |-> FALSE]
/\ sessions = {c1, c2}
/\ rp = [ j1 |-> [rc |-> 0, exeErr |-> FALSE, parts |-> {c1}, finished |-> FALSE],
  j2 |-> None ]
/\ cst = (c1 :> [j1 |-> None, j2 |-> None] @@ c2 :> [j1 |-> None, j2 |-> None])
/\ sj = [j1 |-> "Running", j2 |-> "None"]
/\ sweeper = [pc |-> "Idle", cl |-> None, snap |-> 0, blocking |-> FALSE]
/\ cjRC = (c1 :> [j1 |-> 0, j2 |-> 0] @@ c2 :> [j1 |-> 0, j2 |-> 0])
/\ startedEv = [j1 |-> TRUE, j2 |-> FALSE]
/\ exeErrRec = [j1 |-> FALSE, j2 |-> FALSE]
/\ launches = [j1 |-> 1, j2 |-> 0]
/\ pending = [j1 |-> {}, j2 |-> None]
/\ sjAbortHandled = [j1 |-> FALSE, j2 |-> FALSE]
/\ cjProc = (c1 :> [j1 |-> "None", j2 |-> "None"] @@ c2 :> [j1 |-> "None", j2 |-> "None"])
/\ latchInStopWin = [j1 |-> FALSE, j2 |-> FALSE]
/\ msgs = ( [ job |-> "j1",
    ok |-> FALSE,
    code |-> 0,
    flag |-> FALSE,
    type |-> "CHECK",
    cl |-> c2,
    att |-> 1 ] :>
      1 @@
  [ job |-> "j1",
    ok |-> FALSE,
    code |-> 0,
    flag |-> FALSE,
    type |-> "START",
    cl |-> c1,
    att |-> 1 ] :>
      1 )
/\ wfc = [j1 |-> TRUE, j2 |-> FALSE]
/\ tagged = {}
/\ rmp = [j1 |-> 0, j2 |-> 0]
/\ shared = [j1 |-> FALSE, j2 |-> FALSE]
/\ disabled = {}
/\ sjErr = [j1 |-> FALSE, j2 |-> FALSE]
/\ latched = [j1 |-> None, j2 |-> None]
/\ rpc = [ ready |-> "j1",
  pc |-> "InsertRunning",
  job |-> None,
  att |-> 1,
  listed |-> {},
  queue |-> <<>>,
  cnt |-> [j1 |-> 1, j2 |-> 0],
  chk |-> {},
  failed |-> <<>>,
  blocked |-> <<>>,
  fb |-> <<>>,
  disp |-> {c1},
  dep |-> {c1},
  jid |-> TRUE,
  snap |-> None,
  sreq |-> {c1} ]
/\ exc = [j1 |-> None, j2 |-> None]
/\ runningJobs = {}
/\ failRunRec = [j1 |-> FALSE, j2 |-> FALSE]
/\ startFailCause = [j1 |-> "none", j2 |-> "none"]
/\ adm = [ j1 |-> [pc |-> "AbortWrite", snap |-> "SUBMITTED"],
  j2 |-> [pc |-> "Idle", snap |-> None] ]
/\ slots = {"j1"}
/\ termHb = (c1 :> [j1 |-> 0, j2 |-> 0] @@ c2 :> [j1 |-> 0, j2 |-> 0])
/\ grp = (c1 :> [j1 |-> FALSE, j2 |-> FALSE] @@ c2 :> [j1 |-> FALSE, j2 |-> FALSE])
/\ wfcStale = [j1 |-> None, j2 |-> None]
/\ pCount = [j1 |-> 1, j2 |-> 0]
/\ status = [j1 |-> "DISPATCHED", j2 |-> "SUBMITTED"]
/\ ovw = {}
/\ firstTerm = [j1 |-> None, j2 |-> None]
/\ ackAbort = [j1 |-> FALSE, j2 |-> FALSE]
/\ sjRC = [j1 |-> 0, j2 |-> 0]
/\ runAborted = [j1 |-> FALSE, j2 |-> FALSE]

State 22: <MCRunnerInsertRunning line 118, col 28 to line 118, col 71 of module MC>
/\ cpAlive = (c1 :> TRUE @@ c2 :> TRUE)
/\ failAccepted = [j1 |-> FALSE, j2 |-> FALSE]
/\ free = (c1 :> (u1 :> 0) @@ c2 :> (u1 :> 1))
/\ using = (c1 :> [j1 |-> {}, j2 |-> {}] @@ c2 :> [j1 |-> {}, j2 |-> {}])
/\ cjAbortMsg = (c1 :> [j1 |-> 0, j2 |-> 0] @@ c2 :> [j1 |-> 0, j2 |-> 0])
/\ resv = (c1 :> {[job |-> "j1", tok |-> 1, units |-> {u1}, ttl |-> 1]} @@ c2 :> {})
/\ fc = [ hb |-> 0,
  lose |-> 0,
  chkTO |-> 1,
  stTO |-> 1,
  depFail |-> 0,
  sjLaunchFail |-> 0,
  backoff |-> 0,
  sjError |-> 0,
  sjCrash |-> 0,
  cjError |-> 0,
  cjUnsafe |-> 0,
  cjDesc |-> 0,
  cpLaunchFail |-> 0,
  crash |-> 0,
  abort |-> 1,
  delete |-> 0,
  disable |-> 0,
  appMissing |-> 0 ]
/\ abortDropped = (c1 :> [j1 |-> FALSE, j2 |-> FALSE] @@ c2 :> [j1 |-> FALSE, j2 |-> FALSE])
/\ ackInWindow = [j1 |-> FALSE, j2 |-> FALSE]
/\ nextAtt = 2
/\ endedEv = [j1 |-> FALSE, j2 |-> FALSE]
/\ micro = [ wfcRead |-> [j1 |-> FALSE, j2 |-> FALSE],
  wfcHad |-> [j1 |-> FALSE, j2 |-> FALSE],
  reaped |->
      ( c1 :> [j1 |-> FALSE, j2 |-> FALSE] @@
        c2 :> [j1 |-> FALSE, j2 |-> FALSE] ),
  removals |-> [j1 |-> 0, j2 |-> 0],
  sjBooted |-> [j1 |-> FALSE, j2 |-> FALSE],
  cjSynced |->
      ( c1 :> [j1 |-> FALSE, j2 |-> FALSE] @@
        c2 :> [j1 |-> FALSE, j2 |-> FALSE] ),
  delAdm |->
      [ j1 |-> [pc |-> "Idle", snap |-> None],
        j2 |-> [pc |-> "Idle", snap |-> None] ],
  reports |->
      ( c1 :>
            [ j1 |-> [pc |-> "Idle", accepted |-> FALSE],
              j2 |-> [pc |-> "Idle", accepted |-> FALSE] ] @@
        c2 :>
            [ j1 |-> [pc |-> "Idle", accepted |-> FALSE],
              j2 |-> [pc |-> "Idle", accepted |-> FALSE] ] ) ]
/\ cjReg = (c1 :> [j1 |-> None, j2 |-> None] @@ c2 :> [j1 |-> None, j2 |-> None])
/\ alloc = (c1 :> [j1 |-> {}, j2 |-> {}] @@ c2 :> [j1 |-> {}, j2 |-> {}])
/\ ackStop = [j1 |-> FALSE, j2 |-> FALSE]
/\ cpc = [ pc |-> "Idle",
  job |-> None,
  failed |-> FALSE,
  aborted |-> FALSE,
  hadExc |-> FALSE ]
/\ termP = (c1 :> [j1 |-> 0, j2 |-> 0] @@ c2 :> [j1 |-> 0, j2 |-> 0])
/\ waiter = (c1 :> [j1 |-> FALSE, j2 |-> FALSE] @@ c2 :> [j1 |-> FALSE, j2 |-> FALSE])
/\ postAckLaunch = [j1 |-> FALSE, j2 |-> FALSE]
/\ sessions = {c1, c2}
/\ rp = [ j1 |-> [rc |-> 0, exeErr |-> FALSE, parts |-> {c1}, finished |-> FALSE],
  j2 |-> None ]
/\ cst = (c1 :> [j1 |-> None, j2 |-> None] @@ c2 :> [j1 |-> None, j2 |-> None])
/\ sj = [j1 |-> "Running", j2 |-> "None"]
/\ sweeper = [pc |-> "Idle", cl |-> None, snap |-> 0, blocking |-> FALSE]
/\ cjRC = (c1 :> [j1 |-> 0, j2 |-> 0] @@ c2 :> [j1 |-> 0, j2 |-> 0])
/\ startedEv = [j1 |-> TRUE, j2 |-> FALSE]
/\ exeErrRec = [j1 |-> FALSE, j2 |-> FALSE]
/\ launches = [j1 |-> 1, j2 |-> 0]
/\ pending = [j1 |-> {}, j2 |-> None]
/\ sjAbortHandled = [j1 |-> FALSE, j2 |-> FALSE]
/\ cjProc = (c1 :> [j1 |-> "None", j2 |-> "None"] @@ c2 :> [j1 |-> "None", j2 |-> "None"])
/\ latchInStopWin = [j1 |-> FALSE, j2 |-> FALSE]
/\ msgs = ( [ job |-> "j1",
    ok |-> FALSE,
    code |-> 0,
    flag |-> FALSE,
    type |-> "CHECK",
    cl |-> c2,
    att |-> 1 ] :>
      1 @@
  [ job |-> "j1",
    ok |-> FALSE,
    code |-> 0,
    flag |-> FALSE,
    type |-> "START",
    cl |-> c1,
    att |-> 1 ] :>
      1 )
/\ wfc = [j1 |-> TRUE, j2 |-> FALSE]
/\ tagged = {}
/\ rmp = [j1 |-> 0, j2 |-> 0]
/\ shared = [j1 |-> FALSE, j2 |-> FALSE]
/\ disabled = {}
/\ sjErr = [j1 |-> FALSE, j2 |-> FALSE]
/\ latched = [j1 |-> None, j2 |-> None]
/\ rpc = [ ready |-> "j1",
  pc |-> "SetRunning",
  job |-> None,
  att |-> 1,
  listed |-> {},
  queue |-> <<>>,
  cnt |-> [j1 |-> 1, j2 |-> 0],
  chk |-> {},
  failed |-> <<>>,
  blocked |-> <<>>,
  fb |-> <<>>,
  disp |-> {c1},
  dep |-> {c1},
  jid |-> TRUE,
  snap |-> None,
  sreq |-> {c1} ]
/\ exc = [j1 |-> None, j2 |-> None]
/\ runningJobs = {"j1"}
/\ failRunRec = [j1 |-> FALSE, j2 |-> FALSE]
/\ startFailCause = [j1 |-> "none", j2 |-> "none"]
/\ adm = [ j1 |-> [pc |-> "AbortWrite", snap |-> "SUBMITTED"],
  j2 |-> [pc |-> "Idle", snap |-> None] ]
/\ slots = {"j1"}
/\ termHb = (c1 :> [j1 |-> 0, j2 |-> 0] @@ c2 :> [j1 |-> 0, j2 |-> 0])
/\ grp = (c1 :> [j1 |-> FALSE, j2 |-> FALSE] @@ c2 :> [j1 |-> FALSE, j2 |-> FALSE])
/\ wfcStale = [j1 |-> None, j2 |-> None]
/\ pCount = [j1 |-> 1, j2 |-> 0]
/\ status = [j1 |-> "DISPATCHED", j2 |-> "SUBMITTED"]
/\ ovw = {}
/\ firstTerm = [j1 |-> None, j2 |-> None]
/\ ackAbort = [j1 |-> FALSE, j2 |-> FALSE]
/\ sjRC = [j1 |-> 0, j2 |-> 0]
/\ runAborted = [j1 |-> FALSE, j2 |-> FALSE]

State 23: <MCAdminAbortWrite("j1") line 127, col 28 to line 127, col 70 of module MC>
/\ cpAlive = (c1 :> TRUE @@ c2 :> TRUE)
/\ failAccepted = [j1 |-> FALSE, j2 |-> FALSE]
/\ free = (c1 :> (u1 :> 0) @@ c2 :> (u1 :> 1))
/\ using = (c1 :> [j1 |-> {}, j2 |-> {}] @@ c2 :> [j1 |-> {}, j2 |-> {}])
/\ cjAbortMsg = (c1 :> [j1 |-> 0, j2 |-> 0] @@ c2 :> [j1 |-> 0, j2 |-> 0])
/\ resv = (c1 :> {[job |-> "j1", tok |-> 1, units |-> {u1}, ttl |-> 1]} @@ c2 :> {})
/\ fc = [ hb |-> 0,
  lose |-> 0,
  chkTO |-> 1,
  stTO |-> 1,
  depFail |-> 0,
  sjLaunchFail |-> 0,
  backoff |-> 0,
  sjError |-> 0,
  sjCrash |-> 0,
  cjError |-> 0,
  cjUnsafe |-> 0,
  cjDesc |-> 0,
  cpLaunchFail |-> 0,
  crash |-> 0,
  abort |-> 1,
  delete |-> 0,
  disable |-> 0,
  appMissing |-> 0 ]
/\ abortDropped = (c1 :> [j1 |-> FALSE, j2 |-> FALSE] @@ c2 :> [j1 |-> FALSE, j2 |-> FALSE])
/\ ackInWindow = [j1 |-> TRUE, j2 |-> FALSE]
/\ nextAtt = 2
/\ endedEv = [j1 |-> FALSE, j2 |-> FALSE]
/\ micro = [ wfcRead |-> [j1 |-> FALSE, j2 |-> FALSE],
  wfcHad |-> [j1 |-> FALSE, j2 |-> FALSE],
  reaped |->
      ( c1 :> [j1 |-> FALSE, j2 |-> FALSE] @@
        c2 :> [j1 |-> FALSE, j2 |-> FALSE] ),
  removals |-> [j1 |-> 0, j2 |-> 0],
  sjBooted |-> [j1 |-> FALSE, j2 |-> FALSE],
  cjSynced |->
      ( c1 :> [j1 |-> FALSE, j2 |-> FALSE] @@
        c2 :> [j1 |-> FALSE, j2 |-> FALSE] ),
  delAdm |->
      [ j1 |-> [pc |-> "Idle", snap |-> None],
        j2 |-> [pc |-> "Idle", snap |-> None] ],
  reports |->
      ( c1 :>
            [ j1 |-> [pc |-> "Idle", accepted |-> FALSE],
              j2 |-> [pc |-> "Idle", accepted |-> FALSE] ] @@
        c2 :>
            [ j1 |-> [pc |-> "Idle", accepted |-> FALSE],
              j2 |-> [pc |-> "Idle", accepted |-> FALSE] ] ) ]
/\ cjReg = (c1 :> [j1 |-> None, j2 |-> None] @@ c2 :> [j1 |-> None, j2 |-> None])
/\ alloc = (c1 :> [j1 |-> {}, j2 |-> {}] @@ c2 :> [j1 |-> {}, j2 |-> {}])
/\ ackStop = [j1 |-> FALSE, j2 |-> FALSE]
/\ cpc = [ pc |-> "Idle",
  job |-> None,
  failed |-> FALSE,
  aborted |-> FALSE,
  hadExc |-> FALSE ]
/\ termP = (c1 :> [j1 |-> 0, j2 |-> 0] @@ c2 :> [j1 |-> 0, j2 |-> 0])
/\ waiter = (c1 :> [j1 |-> FALSE, j2 |-> FALSE] @@ c2 :> [j1 |-> FALSE, j2 |-> FALSE])
/\ postAckLaunch = [j1 |-> FALSE, j2 |-> FALSE]
/\ sessions = {c1, c2}
/\ rp = [ j1 |-> [rc |-> 0, exeErr |-> FALSE, parts |-> {c1}, finished |-> FALSE],
  j2 |-> None ]
/\ cst = (c1 :> [j1 |-> None, j2 |-> None] @@ c2 :> [j1 |-> None, j2 |-> None])
/\ sj = [j1 |-> "Running", j2 |-> "None"]
/\ sweeper = [pc |-> "Idle", cl |-> None, snap |-> 0, blocking |-> FALSE]
/\ cjRC = (c1 :> [j1 |-> 0, j2 |-> 0] @@ c2 :> [j1 |-> 0, j2 |-> 0])
/\ startedEv = [j1 |-> TRUE, j2 |-> FALSE]
/\ exeErrRec = [j1 |-> FALSE, j2 |-> FALSE]
/\ launches = [j1 |-> 1, j2 |-> 0]
/\ pending = [j1 |-> {}, j2 |-> None]
/\ sjAbortHandled = [j1 |-> FALSE, j2 |-> FALSE]
/\ cjProc = (c1 :> [j1 |-> "None", j2 |-> "None"] @@ c2 :> [j1 |-> "None", j2 |-> "None"])
/\ latchInStopWin = [j1 |-> FALSE, j2 |-> FALSE]
/\ msgs = ( [ job |-> "j1",
    ok |-> FALSE,
    code |-> 0,
    flag |-> FALSE,
    type |-> "CHECK",
    cl |-> c2,
    att |-> 1 ] :>
      1 @@
  [ job |-> "j1",
    ok |-> FALSE,
    code |-> 0,
    flag |-> FALSE,
    type |-> "START",
    cl |-> c1,
    att |-> 1 ] :>
      1 )
/\ wfc = [j1 |-> TRUE, j2 |-> FALSE]
/\ tagged = {}
/\ rmp = [j1 |-> 0, j2 |-> 0]
/\ shared = [j1 |-> FALSE, j2 |-> FALSE]
/\ disabled = {}
/\ sjErr = [j1 |-> FALSE, j2 |-> FALSE]
/\ latched = [j1 |-> None, j2 |-> None]
/\ rpc = [ ready |-> "j1",
  pc |-> "SetRunning",
  job |-> None,
  att |-> 1,
  listed |-> {},
  queue |-> <<>>,
  cnt |-> [j1 |-> 1, j2 |-> 0],
  chk |-> {},
  failed |-> <<>>,
  blocked |-> <<>>,
  fb |-> <<>>,
  disp |-> {c1},
  dep |-> {c1},
  jid |-> TRUE,
  snap |-> None,
  sreq |-> {c1} ]
/\ exc = [j1 |-> None, j2 |-> None]
/\ runningJobs = {"j1"}
/\ failRunRec = [j1 |-> FALSE, j2 |-> FALSE]
/\ startFailCause = [j1 |-> "none", j2 |-> "none"]
/\ adm = [j1 |-> [pc |-> "Idle", snap |-> None], j2 |-> [pc |-> "Idle", snap |-> None]]
/\ slots = {"j1"}
/\ termHb = (c1 :> [j1 |-> 0, j2 |-> 0] @@ c2 :> [j1 |-> 0, j2 |-> 0])
/\ grp = (c1 :> [j1 |-> FALSE, j2 |-> FALSE] @@ c2 :> [j1 |-> FALSE, j2 |-> FALSE])
/\ wfcStale = [j1 |-> None, j2 |-> None]
/\ pCount = [j1 |-> 1, j2 |-> 0]
/\ status = [j1 |-> "FINISHED:ABORTED", j2 |-> "SUBMITTED"]
/\ ovw = {}
/\ firstTerm = [j1 |-> "FINISHED:ABORTED", j2 |-> None]
/\ ackAbort = [j1 |-> TRUE, j2 |-> FALSE]
/\ sjRC = [j1 |-> 0, j2 |-> 0]
/\ runAborted = [j1 |-> FALSE, j2 |-> FALSE]

State 24: <MCSjFinish("j1",TRUE,1) line 77, col 5 to line 78, col 53 of module MC>
/\ cpAlive = (c1 :> TRUE @@ c2 :> TRUE)
/\ failAccepted = [j1 |-> FALSE, j2 |-> FALSE]
/\ free = (c1 :> (u1 :> 0) @@ c2 :> (u1 :> 1))
/\ using = (c1 :> [j1 |-> {}, j2 |-> {}] @@ c2 :> [j1 |-> {}, j2 |-> {}])
/\ cjAbortMsg = (c1 :> [j1 |-> 0, j2 |-> 0] @@ c2 :> [j1 |-> 0, j2 |-> 0])
/\ resv = (c1 :> {[job |-> "j1", tok |-> 1, units |-> {u1}, ttl |-> 1]} @@ c2 :> {})
/\ fc = [ hb |-> 0,
  lose |-> 0,
  chkTO |-> 1,
  stTO |-> 1,
  depFail |-> 0,
  sjLaunchFail |-> 0,
  backoff |-> 0,
  sjError |-> 1,
  sjCrash |-> 0,
  cjError |-> 0,
  cjUnsafe |-> 0,
  cjDesc |-> 0,
  cpLaunchFail |-> 0,
  crash |-> 0,
  abort |-> 1,
  delete |-> 0,
  disable |-> 0,
  appMissing |-> 0 ]
/\ abortDropped = (c1 :> [j1 |-> FALSE, j2 |-> FALSE] @@ c2 :> [j1 |-> FALSE, j2 |-> FALSE])
/\ ackInWindow = [j1 |-> TRUE, j2 |-> FALSE]
/\ nextAtt = 2
/\ endedEv = [j1 |-> FALSE, j2 |-> FALSE]
/\ micro = [ wfcRead |-> [j1 |-> FALSE, j2 |-> FALSE],
  wfcHad |-> [j1 |-> FALSE, j2 |-> FALSE],
  reaped |->
      ( c1 :> [j1 |-> FALSE, j2 |-> FALSE] @@
        c2 :> [j1 |-> FALSE, j2 |-> FALSE] ),
  removals |-> [j1 |-> 0, j2 |-> 0],
  sjBooted |-> [j1 |-> FALSE, j2 |-> FALSE],
  cjSynced |->
      ( c1 :> [j1 |-> FALSE, j2 |-> FALSE] @@
        c2 :> [j1 |-> FALSE, j2 |-> FALSE] ),
  delAdm |->
      [ j1 |-> [pc |-> "Idle", snap |-> None],
        j2 |-> [pc |-> "Idle", snap |-> None] ],
  reports |->
      ( c1 :>
            [ j1 |-> [pc |-> "Idle", accepted |-> FALSE],
              j2 |-> [pc |-> "Idle", accepted |-> FALSE] ] @@
        c2 :>
            [ j1 |-> [pc |-> "Idle", accepted |-> FALSE],
              j2 |-> [pc |-> "Idle", accepted |-> FALSE] ] ) ]
/\ cjReg = (c1 :> [j1 |-> None, j2 |-> None] @@ c2 :> [j1 |-> None, j2 |-> None])
/\ alloc = (c1 :> [j1 |-> {}, j2 |-> {}] @@ c2 :> [j1 |-> {}, j2 |-> {}])
/\ ackStop = [j1 |-> FALSE, j2 |-> FALSE]
/\ cpc = [ pc |-> "Idle",
  job |-> None,
  failed |-> FALSE,
  aborted |-> FALSE,
  hadExc |-> FALSE ]
/\ termP = (c1 :> [j1 |-> 0, j2 |-> 0] @@ c2 :> [j1 |-> 0, j2 |-> 0])
/\ waiter = (c1 :> [j1 |-> FALSE, j2 |-> FALSE] @@ c2 :> [j1 |-> FALSE, j2 |-> FALSE])
/\ postAckLaunch = [j1 |-> FALSE, j2 |-> FALSE]
/\ sessions = {c1, c2}
/\ rp = [ j1 |-> [rc |-> 0, exeErr |-> FALSE, parts |-> {c1}, finished |-> FALSE],
  j2 |-> None ]
/\ cst = (c1 :> [j1 |-> None, j2 |-> None] @@ c2 :> [j1 |-> None, j2 |-> None])
/\ sj = [j1 |-> "Exited", j2 |-> "None"]
/\ sweeper = [pc |-> "Idle", cl |-> None, snap |-> 0, blocking |-> FALSE]
/\ cjRC = (c1 :> [j1 |-> 0, j2 |-> 0] @@ c2 :> [j1 |-> 0, j2 |-> 0])
/\ startedEv = [j1 |-> TRUE, j2 |-> FALSE]
/\ exeErrRec = [j1 |-> FALSE, j2 |-> FALSE]
/\ launches = [j1 |-> 1, j2 |-> 0]
/\ pending = [j1 |-> {}, j2 |-> None]
/\ sjAbortHandled = [j1 |-> FALSE, j2 |-> FALSE]
/\ cjProc = (c1 :> [j1 |-> "None", j2 |-> "None"] @@ c2 :> [j1 |-> "None", j2 |-> "None"])
/\ latchInStopWin = [j1 |-> FALSE, j2 |-> FALSE]
/\ msgs = ( [ job |-> "j1",
    ok |-> FALSE,
    code |-> 0,
    flag |-> FALSE,
    type |-> "CHECK",
    cl |-> c2,
    att |-> 1 ] :>
      1 @@
  [ job |-> "j1",
    ok |-> FALSE,
    code |-> 0,
    flag |-> FALSE,
    type |-> "START",
    cl |-> c1,
    att |-> 1 ] :>
      1 @@
  [ job |-> "j1",
    ok |-> FALSE,
    code |-> 0,
    flag |-> TRUE,
    type |-> "RUNSTATUS",
    cl |-> None,
    att |-> 0 ] :>
      1 )
/\ wfc = [j1 |-> TRUE, j2 |-> FALSE]
/\ tagged = {}
/\ rmp = [j1 |-> 0, j2 |-> 0]
/\ shared = [j1 |-> FALSE, j2 |-> FALSE]
/\ disabled = {}
/\ sjErr = [j1 |-> TRUE, j2 |-> FALSE]
/\ latched = [j1 |-> None, j2 |-> None]
/\ rpc = [ ready |-> "j1",
  pc |-> "SetRunning",
  job |-> None,
  att |-> 1,
  listed |-> {},
  queue |-> <<>>,
  cnt |-> [j1 |-> 1, j2 |-> 0],
  chk |-> {},
  failed |-> <<>>,
  blocked |-> <<>>,
  fb |-> <<>>,
  disp |-> {c1},
  dep |-> {c1},
  jid |-> TRUE,
  snap |-> None,
  sreq |-> {c1} ]
/\ exc = [j1 |-> None, j2 |-> None]
/\ runningJobs = {"j1"}
/\ failRunRec = [j1 |-> FALSE, j2 |-> FALSE]
/\ startFailCause = [j1 |-> "none", j2 |-> "none"]
/\ adm = [j1 |-> [pc |-> "Idle", snap |-> None], j2 |-> [pc |-> "Idle", snap |-> None]]
/\ slots = {"j1"}
/\ termHb = (c1 :> [j1 |-> 0, j2 |-> 0] @@ c2 :> [j1 |-> 0, j2 |-> 0])
/\ grp = (c1 :> [j1 |-> FALSE, j2 |-> FALSE] @@ c2 :> [j1 |-> FALSE, j2 |-> FALSE])
/\ wfcStale = [j1 |-> None, j2 |-> None]
/\ pCount = [j1 |-> 1, j2 |-> 0]
/\ status = [j1 |-> "FINISHED:ABORTED", j2 |-> "SUBMITTED"]
/\ ovw = {}
/\ firstTerm = [j1 |-> "FINISHED:ABORTED", j2 |-> None]
/\ ackAbort = [j1 |-> TRUE, j2 |-> FALSE]
/\ sjRC = [j1 |-> 1, j2 |-> 0]
/\ runAborted = [j1 |-> FALSE, j2 |-> FALSE]

State 25: <MCSpWaitRead("j1") line 172, col 20 to line 172, col 57 of module MC>
/\ cpAlive = (c1 :> TRUE @@ c2 :> TRUE)
/\ failAccepted = [j1 |-> FALSE, j2 |-> FALSE]
/\ free = (c1 :> (u1 :> 0) @@ c2 :> (u1 :> 1))
/\ using = (c1 :> [j1 |-> {}, j2 |-> {}] @@ c2 :> [j1 |-> {}, j2 |-> {}])
/\ cjAbortMsg = (c1 :> [j1 |-> 0, j2 |-> 0] @@ c2 :> [j1 |-> 0, j2 |-> 0])
/\ resv = (c1 :> {[job |-> "j1", tok |-> 1, units |-> {u1}, ttl |-> 1]} @@ c2 :> {})
/\ fc = [ hb |-> 0,
  lose |-> 0,
  chkTO |-> 1,
  stTO |-> 1,
  depFail |-> 0,
  sjLaunchFail |-> 0,
  backoff |-> 0,
  sjError |-> 1,
  sjCrash |-> 0,
  cjError |-> 0,
  cjUnsafe |-> 0,
  cjDesc |-> 0,
  cpLaunchFail |-> 0,
  crash |-> 0,
  abort |-> 1,
  delete |-> 0,
  disable |-> 0,
  appMissing |-> 0 ]
/\ abortDropped = (c1 :> [j1 |-> FALSE, j2 |-> FALSE] @@ c2 :> [j1 |-> FALSE, j2 |-> FALSE])
/\ ackInWindow = [j1 |-> TRUE, j2 |-> FALSE]
/\ nextAtt = 2
/\ endedEv = [j1 |-> FALSE, j2 |-> FALSE]
/\ micro = [ wfcRead |-> [j1 |-> TRUE, j2 |-> FALSE],
  wfcHad |-> [j1 |-> TRUE, j2 |-> FALSE],
  reaped |->
      ( c1 :> [j1 |-> FALSE, j2 |-> FALSE] @@
        c2 :> [j1 |-> FALSE, j2 |-> FALSE] ),
  removals |-> [j1 |-> 0, j2 |-> 0],
  sjBooted |-> [j1 |-> FALSE, j2 |-> FALSE],
  cjSynced |->
      ( c1 :> [j1 |-> FALSE, j2 |-> FALSE] @@
        c2 :> [j1 |-> FALSE, j2 |-> FALSE] ),
  delAdm |->
      [ j1 |-> [pc |-> "Idle", snap |-> None],
        j2 |-> [pc |-> "Idle", snap |-> None] ],
  reports |->
      ( c1 :>
            [ j1 |-> [pc |-> "Idle", accepted |-> FALSE],
              j2 |-> [pc |-> "Idle", accepted |-> FALSE] ] @@
        c2 :>
            [ j1 |-> [pc |-> "Idle", accepted |-> FALSE],
              j2 |-> [pc |-> "Idle", accepted |-> FALSE] ] ) ]
/\ cjReg = (c1 :> [j1 |-> None, j2 |-> None] @@ c2 :> [j1 |-> None, j2 |-> None])
/\ alloc = (c1 :> [j1 |-> {}, j2 |-> {}] @@ c2 :> [j1 |-> {}, j2 |-> {}])
/\ ackStop = [j1 |-> FALSE, j2 |-> FALSE]
/\ cpc = [ pc |-> "Idle",
  job |-> None,
  failed |-> FALSE,
  aborted |-> FALSE,
  hadExc |-> FALSE ]
/\ termP = (c1 :> [j1 |-> 0, j2 |-> 0] @@ c2 :> [j1 |-> 0, j2 |-> 0])
/\ waiter = (c1 :> [j1 |-> FALSE, j2 |-> FALSE] @@ c2 :> [j1 |-> FALSE, j2 |-> FALSE])
/\ postAckLaunch = [j1 |-> FALSE, j2 |-> FALSE]
/\ sessions = {c1, c2}
/\ rp = [ j1 |-> [rc |-> 0, exeErr |-> FALSE, parts |-> {c1}, finished |-> FALSE],
  j2 |-> None ]
/\ cst = (c1 :> [j1 |-> None, j2 |-> None] @@ c2 :> [j1 |-> None, j2 |-> None])
/\ sj = [j1 |-> "Exited", j2 |-> "None"]
/\ sweeper = [pc |-> "Idle", cl |-> None, snap |-> 0, blocking |-> FALSE]
/\ cjRC = (c1 :> [j1 |-> 0, j2 |-> 0] @@ c2 :> [j1 |-> 0, j2 |-> 0])
/\ startedEv = [j1 |-> TRUE, j2 |-> FALSE]
/\ exeErrRec = [j1 |-> FALSE, j2 |-> FALSE]
/\ launches = [j1 |-> 1, j2 |-> 0]
/\ pending = [j1 |-> {}, j2 |-> None]
/\ sjAbortHandled = [j1 |-> FALSE, j2 |-> FALSE]
/\ cjProc = (c1 :> [j1 |-> "None", j2 |-> "None"] @@ c2 :> [j1 |-> "None", j2 |-> "None"])
/\ latchInStopWin = [j1 |-> FALSE, j2 |-> FALSE]
/\ msgs = ( [ job |-> "j1",
    ok |-> FALSE,
    code |-> 0,
    flag |-> FALSE,
    type |-> "CHECK",
    cl |-> c2,
    att |-> 1 ] :>
      1 @@
  [ job |-> "j1",
    ok |-> FALSE,
    code |-> 0,
    flag |-> FALSE,
    type |-> "START",
    cl |-> c1,
    att |-> 1 ] :>
      1 @@
  [ job |-> "j1",
    ok |-> FALSE,
    code |-> 0,
    flag |-> TRUE,
    type |-> "RUNSTATUS",
    cl |-> None,
    att |-> 0 ] :>
      1 )
/\ wfc = [j1 |-> TRUE, j2 |-> FALSE]
/\ tagged = {}
/\ rmp = [j1 |-> 0, j2 |-> 0]
/\ shared = [j1 |-> FALSE, j2 |-> FALSE]
/\ disabled = {}
/\ sjErr = [j1 |-> TRUE, j2 |-> FALSE]
/\ latched = [j1 |-> None, j2 |-> None]
/\ rpc = [ ready |-> "j1",
  pc |-> "SetRunning",
  job |-> None,
  att |-> 1,
  listed |-> {},
  queue |-> <<>>,
  cnt |-> [j1 |-> 1, j2 |-> 0],
  chk |-> {},
  failed |-> <<>>,
  blocked |-> <<>>,
  fb |-> <<>>,
  disp |-> {c1},
  dep |-> {c1},
  jid |-> TRUE,
  snap |-> None,
  sreq |-> {c1} ]
/\ exc = [j1 |-> None, j2 |-> None]
/\ runningJobs = {"j1"}
/\ failRunRec = [j1 |-> FALSE, j2 |-> FALSE]
/\ startFailCause = [j1 |-> "none", j2 |-> "none"]
/\ adm = [j1 |-> [pc |-> "Idle", snap |-> None], j2 |-> [pc |-> "Idle", snap |-> None]]
/\ slots = {"j1"}
/\ termHb = (c1 :> [j1 |-> 0, j2 |-> 0] @@ c2 :> [j1 |-> 0, j2 |-> 0])
/\ grp = (c1 :> [j1 |-> FALSE, j2 |-> FALSE] @@ c2 :> [j1 |-> FALSE, j2 |-> FALSE])
/\ wfcStale = [j1 |-> None, j2 |-> None]
/\ pCount = [j1 |-> 1, j2 |-> 0]
/\ status = [j1 |-> "FINISHED:ABORTED", j2 |-> "SUBMITTED"]
/\ ovw = {}
/\ firstTerm = [j1 |-> "FINISHED:ABORTED", j2 |-> None]
/\ ackAbort = [j1 |-> TRUE, j2 |-> FALSE]
/\ sjRC = [j1 |-> 1, j2 |-> 0]
/\ runAborted = [j1 |-> FALSE, j2 |-> FALSE]

State 26: <MCSpWaitForComplete("j1") line 138, col 28 to line 138, col 72 of module MC>
/\ cpAlive = (c1 :> TRUE @@ c2 :> TRUE)
/\ failAccepted = [j1 |-> FALSE, j2 |-> FALSE]
/\ free = (c1 :> (u1 :> 0) @@ c2 :> (u1 :> 1))
/\ using = (c1 :> [j1 |-> {}, j2 |-> {}] @@ c2 :> [j1 |-> {}, j2 |-> {}])
/\ cjAbortMsg = (c1 :> [j1 |-> 0, j2 |-> 0] @@ c2 :> [j1 |-> 0, j2 |-> 0])
/\ resv = (c1 :> {[job |-> "j1", tok |-> 1, units |-> {u1}, ttl |-> 1]} @@ c2 :> {})
/\ fc = [ hb |-> 0,
  lose |-> 0,
  chkTO |-> 1,
  stTO |-> 1,
  depFail |-> 0,
  sjLaunchFail |-> 0,
  backoff |-> 0,
  sjError |-> 1,
  sjCrash |-> 0,
  cjError |-> 0,
  cjUnsafe |-> 0,
  cjDesc |-> 0,
  cpLaunchFail |-> 0,
  crash |-> 0,
  abort |-> 1,
  delete |-> 0,
  disable |-> 0,
  appMissing |-> 0 ]
/\ abortDropped = (c1 :> [j1 |-> FALSE, j2 |-> FALSE] @@ c2 :> [j1 |-> FALSE, j2 |-> FALSE])
/\ ackInWindow = [j1 |-> TRUE, j2 |-> FALSE]
/\ nextAtt = 2
/\ endedEv = [j1 |-> FALSE, j2 |-> FALSE]
/\ micro = [ wfcRead |-> [j1 |-> FALSE, j2 |-> FALSE],
  wfcHad |-> [j1 |-> FALSE, j2 |-> FALSE],
  reaped |->
      ( c1 :> [j1 |-> FALSE, j2 |-> FALSE] @@
        c2 :> [j1 |-> FALSE, j2 |-> FALSE] ),
  removals |-> [j1 |-> 0, j2 |-> 0],
  sjBooted |-> [j1 |-> FALSE, j2 |-> FALSE],
  cjSynced |->
      ( c1 :> [j1 |-> FALSE, j2 |-> FALSE] @@
        c2 :> [j1 |-> FALSE, j2 |-> FALSE] ),
  delAdm |->
      [ j1 |-> [pc |-> "Idle", snap |-> None],
        j2 |-> [pc |-> "Idle", snap |-> None] ],
  reports |->
      ( c1 :>
            [ j1 |-> [pc |-> "Idle", accepted |-> FALSE],
              j2 |-> [pc |-> "Idle", accepted |-> FALSE] ] @@
        c2 :>
            [ j1 |-> [pc |-> "Idle", accepted |-> FALSE],
              j2 |-> [pc |-> "Idle", accepted |-> FALSE] ] ) ]
/\ cjReg = (c1 :> [j1 |-> None, j2 |-> None] @@ c2 :> [j1 |-> None, j2 |-> None])
/\ alloc = (c1 :> [j1 |-> {}, j2 |-> {}] @@ c2 :> [j1 |-> {}, j2 |-> {}])
/\ ackStop = [j1 |-> FALSE, j2 |-> FALSE]
/\ cpc = [ pc |-> "Idle",
  job |-> None,
  failed |-> FALSE,
  aborted |-> FALSE,
  hadExc |-> FALSE ]
/\ termP = (c1 :> [j1 |-> 0, j2 |-> 0] @@ c2 :> [j1 |-> 0, j2 |-> 0])
/\ waiter = (c1 :> [j1 |-> FALSE, j2 |-> FALSE] @@ c2 :> [j1 |-> FALSE, j2 |-> FALSE])
/\ postAckLaunch = [j1 |-> FALSE, j2 |-> FALSE]
/\ sessions = {c1, c2}
/\ rp = [j1 |-> None, j2 |-> None]
/\ cst = (c1 :> [j1 |-> None, j2 |-> None] @@ c2 :> [j1 |-> None, j2 |-> None])
/\ sj = [j1 |-> "Exited", j2 |-> "None"]
/\ sweeper = [pc |-> "Idle", cl |-> None, snap |-> 0, blocking |-> FALSE]
/\ cjRC = (c1 :> [j1 |-> 0, j2 |-> 0] @@ c2 :> [j1 |-> 0, j2 |-> 0])
/\ startedEv = [j1 |-> TRUE, j2 |-> FALSE]
/\ exeErrRec = [j1 |-> FALSE, j2 |-> FALSE]
/\ launches = [j1 |-> 1, j2 |-> 0]
/\ pending = [j1 |-> {}, j2 |-> None]
/\ sjAbortHandled = [j1 |-> FALSE, j2 |-> FALSE]
/\ cjProc = (c1 :> [j1 |-> "None", j2 |-> "None"] @@ c2 :> [j1 |-> "None", j2 |-> "None"])
/\ latchInStopWin = [j1 |-> FALSE, j2 |-> FALSE]
/\ msgs = ( [ job |-> "j1",
    ok |-> FALSE,
    code |-> 0,
    flag |-> FALSE,
    type |-> "CHECK",
    cl |-> c2,
    att |-> 1 ] :>
      1 @@
  [ job |-> "j1",
    ok |-> FALSE,
    code |-> 0,
    flag |-> FALSE,
    type |-> "START",
    cl |-> c1,
    att |-> 1 ] :>
      1 @@
  [ job |-> "j1",
    ok |-> FALSE,
    code |-> 0,
    flag |-> TRUE,
    type |-> "RUNSTATUS",
    cl |-> None,
    att |-> 0 ] :>
      1 )
/\ wfc = [j1 |-> FALSE, j2 |-> FALSE]
/\ tagged = {}
/\ rmp = [j1 |-> 0, j2 |-> 0]
/\ shared = [j1 |-> FALSE, j2 |-> FALSE]
/\ disabled = {}
/\ sjErr = [j1 |-> TRUE, j2 |-> FALSE]
/\ latched = [j1 |-> None, j2 |-> None]
/\ rpc = [ ready |-> "j1",
  pc |-> "SetRunning",
  job |-> None,
  att |-> 1,
  listed |-> {},
  queue |-> <<>>,
  cnt |-> [j1 |-> 1, j2 |-> 0],
  chk |-> {},
  failed |-> <<>>,
  blocked |-> <<>>,
  fb |-> <<>>,
  disp |-> {c1},
  dep |-> {c1},
  jid |-> TRUE,
  snap |-> None,
  sreq |-> {c1} ]
/\ exc = [ j1 |-> [rc |-> 1, exeErr |-> FALSE, parts |-> {c1}, finished |-> FALSE],
  j2 |-> None ]
/\ runningJobs = {"j1"}
/\ failRunRec = [j1 |-> FALSE, j2 |-> FALSE]
/\ startFailCause = [j1 |-> "none", j2 |-> "none"]
/\ adm = [j1 |-> [pc |-> "Idle", snap |-> None], j2 |-> [pc |-> "Idle", snap |-> None]]
/\ slots = {"j1"}
/\ termHb = (c1 :> [j1 |-> 0, j2 |-> 0] @@ c2 :> [j1 |-> 0, j2 |-> 0])
/\ grp = (c1 :> [j1 |-> FALSE, j2 |-> FALSE] @@ c2 :> [j1 |-> FALSE, j2 |-> FALSE])
/\ wfcStale = [j1 |-> None, j2 |-> None]
/\ pCount = [j1 |-> 1, j2 |-> 0]
/\ status = [j1 |-> "FINISHED:ABORTED", j2 |-> "SUBMITTED"]
/\ ovw = {}
/\ firstTerm = [j1 |-> "FINISHED:ABORTED", j2 |-> None]
/\ ackAbort = [j1 |-> TRUE, j2 |-> FALSE]
/\ sjRC = [j1 |-> 0, j2 |-> 0]
/\ runAborted = [j1 |-> FALSE, j2 |-> FALSE]

State 27: <MCCmpReadServer("j1") line 176, col 23 to line 176, col 63 of module MC>
/\ cpAlive = (c1 :> TRUE @@ c2 :> TRUE)
/\ failAccepted = [j1 |-> FALSE, j2 |-> FALSE]
/\ free = (c1 :> (u1 :> 0) @@ c2 :> (u1 :> 1))
/\ using = (c1 :> [j1 |-> {}, j2 |-> {}] @@ c2 :> [j1 |-> {}, j2 |-> {}])
/\ cjAbortMsg = (c1 :> [j1 |-> 0, j2 |-> 0] @@ c2 :> [j1 |-> 0, j2 |-> 0])
/\ resv = (c1 :> {[job |-> "j1", tok |-> 1, units |-> {u1}, ttl |-> 1]} @@ c2 :> {})
/\ fc = [ hb |-> 0,
  lose |-> 0,
  chkTO |-> 1,
  stTO |-> 1,
  depFail |-> 0,
  sjLaunchFail |-> 0,
  backoff |-> 0,
  sjError |-> 1,
  sjCrash |-> 0,
  cjError |-> 0,
  cjUnsafe |-> 0,
  cjDesc |-> 0,
  cpLaunchFail |-> 0,
  crash |-> 0,
  abort |-> 1,
  delete |-> 0,
  disable |-> 0,
  appMissing |-> 0 ]
/\ abortDropped = (c1 :> [j1 |-> FALSE, j2 |-> FALSE] @@ c2 :> [j1 |-> FALSE, j2 |-> FALSE])
/\ ackInWindow = [j1 |-> TRUE, j2 |-> FALSE]
/\ nextAtt = 2
/\ endedEv = [j1 |-> FALSE, j2 |-> FALSE]
/\ micro = [ wfcRead |-> [j1 |-> FALSE, j2 |-> FALSE],
  wfcHad |-> [j1 |-> FALSE, j2 |-> FALSE],
  reaped |->
      ( c1 :> [j1 |-> FALSE, j2 |-> FALSE] @@
        c2 :> [j1 |-> FALSE, j2 |-> FALSE] ),
  removals |-> [j1 |-> 0, j2 |-> 0],
  sjBooted |-> [j1 |-> FALSE, j2 |-> FALSE],
  cjSynced |->
      ( c1 :> [j1 |-> FALSE, j2 |-> FALSE] @@
        c2 :> [j1 |-> FALSE, j2 |-> FALSE] ),
  delAdm |->
      [ j1 |-> [pc |-> "Idle", snap |-> None],
        j2 |-> [pc |-> "Idle", snap |-> None] ],
  reports |->
      ( c1 :>
            [ j1 |-> [pc |-> "Idle", accepted |-> FALSE],
              j2 |-> [pc |-> "Idle", accepted |-> FALSE] ] @@
        c2 :>
            [ j1 |-> [pc |-> "Idle", accepted |-> FALSE],
              j2 |-> [pc |-> "Idle", accepted |-> FALSE] ] ) ]
/\ cjReg = (c1 :> [j1 |-> None, j2 |-> None] @@ c2 :> [j1 |-> None, j2 |-> None])
/\ alloc = (c1 :> [j1 |-> {}, j2 |-> {}] @@ c2 :> [j1 |-> {}, j2 |-> {}])
/\ ackStop = [j1 |-> FALSE, j2 |-> FALSE]
/\ cpc = [ pc |-> "Pending",
  job |-> "j1",
  failed |-> TRUE,
  aborted |-> FALSE,
  hadExc |-> FALSE ]
/\ termP = (c1 :> [j1 |-> 0, j2 |-> 0] @@ c2 :> [j1 |-> 0, j2 |-> 0])
/\ waiter = (c1 :> [j1 |-> FALSE, j2 |-> FALSE] @@ c2 :> [j1 |-> FALSE, j2 |-> FALSE])
/\ postAckLaunch = [j1 |-> FALSE, j2 |-> FALSE]
/\ sessions = {c1, c2}
/\ rp = [j1 |-> None, j2 |-> None]
/\ cst = (c1 :> [j1 |-> None, j2 |-> None] @@ c2 :> [j1 |-> None, j2 |-> None])
/\ sj = [j1 |-> "Exited", j2 |-> "None"]
/\ sweeper = [pc |-> "Idle", cl |-> None, snap |-> 0, blocking |-> FALSE]
/\ cjRC = (c1 :> [j1 |-> 0, j2 |-> 0] @@ c2 :> [j1 |-> 0, j2 |-> 0])
/\ startedEv = [j1 |-> TRUE, j2 |-> FALSE]
/\ exeErrRec = [j1 |-> FALSE, j2 |-> FALSE]
/\ launches = [j1 |-> 1, j2 |-> 0]
/\ pending = [j1 |-> {}, j2 |-> None]
/\ sjAbortHandled = [j1 |-> FALSE, j2 |-> FALSE]
/\ cjProc = (c1 :> [j1 |-> "None", j2 |-> "None"] @@ c2 :> [j1 |-> "None", j2 |-> "None"])
/\ latchInStopWin = [j1 |-> FALSE, j2 |-> FALSE]
/\ msgs = ( [ job |-> "j1",
    ok |-> FALSE,
    code |-> 0,
    flag |-> FALSE,
    type |-> "CHECK",
    cl |-> c2,
    att |-> 1 ] :>
      1 @@
  [ job |-> "j1",
    ok |-> FALSE,
    code |-> 0,
    flag |-> FALSE,
    type |-> "START",
    cl |-> c1,
    att |-> 1 ] :>
      1 @@
  [ job |-> "j1",
    ok |-> FALSE,
    code |-> 0,
    flag |-> TRUE,
    type |-> "RUNSTATUS",
    cl |-> None,
    att |-> 0 ] :>
      1 )
/\ wfc = [j1 |-> FALSE, j2 |-> FALSE]
/\ tagged = {}
/\ rmp = [j1 |-> 0, j2 |-> 0]
/\ shared = [j1 |-> FALSE, j2 |-> FALSE]
/\ disabled = {}
/\ sjErr = [j1 |-> TRUE, j2 |-> FALSE]
/\ latched = [j1 |-> None, j2 |-> None]
/\ rpc = [ ready |-> "j1",
  pc |-> "SetRunning",
  job |-> None,
  att |-> 1,
  listed |-> {},
  queue |-> <<>>,
  cnt |-> [j1 |-> 1, j2 |-> 0],
  chk |-> {},
  failed |-> <<>>,
  blocked |-> <<>>,
  fb |-> <<>>,
  disp |-> {c1},
  dep |-> {c1},
  jid |-> TRUE,
  snap |-> None,
  sreq |-> {c1} ]
/\ exc = [ j1 |-> [rc |-> 1, exeErr |-> FALSE, parts |-> {c1}, finished |-> FALSE],
  j2 |-> None ]
/\ runningJobs = {"j1"}
/\ failRunRec = [j1 |-> FALSE, j2 |-> FALSE]
/\ startFailCause = [j1 |-> "none", j2 |-> "none"]
/\ adm = [j1 |-> [pc |-> "Idle", snap |-> None], j2 |-> [pc |-> "Idle", snap |-> None]]
/\ slots = {"j1"}
/\ termHb = (c1 :> [j1 |-> 0, j2 |-> 0] @@ c2 :> [j1 |-> 0, j2 |-> 0])
/\ grp = (c1 :> [j1 |-> FALSE, j2 |-> FALSE] @@ c2 :> [j1 |-> FALSE, j2 |-> FALSE])
/\ wfcStale = [j1 |-> None, j2 |-> None]
/\ pCount = [j1 |-> 1, j2 |-> 0]
/\ status = [j1 |-> "FINISHED:ABORTED", j2 |-> "SUBMITTED"]
/\ ovw = {}
/\ firstTerm = [j1 |-> "FINISHED:ABORTED", j2 |-> None]
/\ ackAbort = [j1 |-> TRUE, j2 |-> FALSE]
/\ sjRC = [j1 |-> 0, j2 |-> 0]
/\ runAborted = [j1 |-> FALSE, j2 |-> FALSE]

State 28: <MCCmpReadPending line 177, col 21 to line 177, col 59 of module MC>
/\ cpAlive = (c1 :> TRUE @@ c2 :> TRUE)
/\ failAccepted = [j1 |-> FALSE, j2 |-> FALSE]
/\ free = (c1 :> (u1 :> 0) @@ c2 :> (u1 :> 1))
/\ using = (c1 :> [j1 |-> {}, j2 |-> {}] @@ c2 :> [j1 |-> {}, j2 |-> {}])
/\ cjAbortMsg = (c1 :> [j1 |-> 0, j2 |-> 0] @@ c2 :> [j1 |-> 0, j2 |-> 0])
/\ resv = (c1 :> {[job |-> "j1", tok |-> 1, units |-> {u1}, ttl |-> 1]} @@ c2 :> {})
/\ fc = [ hb |-> 0,
  lose |-> 0,
  chkTO |-> 1,
  stTO |-> 1,
  depFail |-> 0,
  sjLaunchFail |-> 0,
  backoff |-> 0,
  sjError |-> 1,
  sjCrash |-> 0,
  cjError |-> 0,
  cjUnsafe |-> 0,
  cjDesc |-> 0,
  cpLaunchFail |-> 0,
  crash |-> 0,
  abort |-> 1,
  delete |-> 0,
  disable |-> 0,
  appMissing |-> 0 ]
/\ abortDropped = (c1 :> [j1 |-> FALSE, j2 |-> FALSE] @@ c2 :> [j1 |-> FALSE, j2 |-> FALSE])
/\ ackInWindow = [j1 |-> TRUE, j2 |-> FALSE]
/\ nextAtt = 2
/\ endedEv = [j1 |-> FALSE, j2 |-> FALSE]
/\ micro = [ wfcRead |-> [j1 |-> FALSE, j2 |-> FALSE],
  wfcHad |-> [j1 |-> FALSE, j2 |-> FALSE],
  reaped |->
      ( c1 :> [j1 |-> FALSE, j2 |-> FALSE] @@
        c2 :> [j1 |-> FALSE, j2 |-> FALSE] ),
  removals |-> [j1 |-> 0, j2 |-> 0],
  sjBooted |-> [j1 |-> FALSE, j2 |-> FALSE],
  cjSynced |->
      ( c1 :> [j1 |-> FALSE, j2 |-> FALSE] @@
        c2 :> [j1 |-> FALSE, j2 |-> FALSE] ),
  delAdm |->
      [ j1 |-> [pc |-> "Idle", snap |-> None],
        j2 |-> [pc |-> "Idle", snap |-> None] ],
  reports |->
      ( c1 :>
            [ j1 |-> [pc |-> "Idle", accepted |-> FALSE],
              j2 |-> [pc |-> "Idle", accepted |-> FALSE] ] @@
        c2 :>
            [ j1 |-> [pc |-> "Idle", accepted |-> FALSE],
              j2 |-> [pc |-> "Idle", accepted |-> FALSE] ] ) ]
/\ cjReg = (c1 :> [j1 |-> None, j2 |-> None] @@ c2 :> [j1 |-> None, j2 |-> None])
/\ alloc = (c1 :> [j1 |-> {}, j2 |-> {}] @@ c2 :> [j1 |-> {}, j2 |-> {}])
/\ ackStop = [j1 |-> FALSE, j2 |-> FALSE]
/\ cpc = [ pc |-> "AbortRead",
  job |-> "j1",
  failed |-> TRUE,
  aborted |-> FALSE,
  hadExc |-> FALSE ]
/\ termP = (c1 :> [j1 |-> 0, j2 |-> 0] @@ c2 :> [j1 |-> 0, j2 |-> 0])
/\ waiter = (c1 :> [j1 |-> FALSE, j2 |-> FALSE] @@ c2 :> [j1 |-> FALSE, j2 |-> FALSE])
/\ postAckLaunch = [j1 |-> FALSE, j2 |-> FALSE]
/\ sessions = {c1, c2}
/\ rp = [j1 |-> None, j2 |-> None]
/\ cst = (c1 :> [j1 |-> None, j2 |-> None] @@ c2 :> [j1 |-> None, j2 |-> None])
/\ sj = [j1 |-> "Exited", j2 |-> "None"]
/\ sweeper = [pc |-> "Idle", cl |-> None, snap |-> 0, blocking |-> FALSE]
/\ cjRC = (c1 :> [j1 |-> 0, j2 |-> 0] @@ c2 :> [j1 |-> 0, j2 |-> 0])
/\ startedEv = [j1 |-> TRUE, j2 |-> FALSE]
/\ exeErrRec = [j1 |-> FALSE, j2 |-> FALSE]
/\ launches = [j1 |-> 1, j2 |-> 0]
/\ pending = [j1 |-> None, j2 |-> None]
/\ sjAbortHandled = [j1 |-> FALSE, j2 |-> FALSE]
/\ cjProc = (c1 :> [j1 |-> "None", j2 |-> "None"] @@ c2 :> [j1 |-> "None", j2 |-> "None"])
/\ latchInStopWin = [j1 |-> FALSE, j2 |-> FALSE]
/\ msgs = ( [ job |-> "j1",
    ok |-> FALSE,
    code |-> 0,
    flag |-> FALSE,
    type |-> "CHECK",
    cl |-> c2,
    att |-> 1 ] :>
      1 @@
  [ job |-> "j1",
    ok |-> FALSE,
    code |-> 0,
    flag |-> FALSE,
    type |-> "START",
    cl |-> c1,
    att |-> 1 ] :>
      1 @@
  [ job |-> "j1",
    ok |-> FALSE,
    code |-> 0,
    flag |-> TRUE,
    type |-> "RUNSTATUS",
    cl |-> None,
    att |-> 0 ] :>
      1 )
/\ wfc = [j1 |-> FALSE, j2 |-> FALSE]
/\ tagged = {}
/\ rmp = [j1 |-> 0, j2 |-> 0]
/\ shared = [j1 |-> FALSE, j2 |-> FALSE]
/\ disabled = {}
/\ sjErr = [j1 |-> TRUE, j2 |-> FALSE]
/\ latched = [j1 |-> None, j2 |-> None]
/\ rpc = [ ready |-> "j1",
  pc |-> "SetRunning",
  job |-> None,
  att |-> 1,
  listed |-> {},
  queue |-> <<>>,
  cnt |-> [j1 |-> 1, j2 |-> 0],
  chk |-> {},
  failed |-> <<>>,
  blocked |-> <<>>,
  fb |-> <<>>,
  disp |-> {c1},
  dep |-> {c1},
  jid |-> TRUE,
  snap |-> None,
  sreq |-> {c1} ]
/\ exc = [ j1 |-> [rc |-> 1, exeErr |-> FALSE, parts |-> {c1}, finished |-> FALSE],
  j2 |-> None ]
/\ runningJobs = {"j1"}
/\ failRunRec = [j1 |-> FALSE, j2 |-> FALSE]
/\ startFailCause = [j1 |-> "none", j2 |-> "none"]
/\ adm = [j1 |-> [pc |-> "Idle", snap |-> None], j2 |-> [pc |-> "Idle", snap |-> None]]
/\ slots = {"j1"}
/\ termHb = (c1 :> [j1 |-> 0, j2 |-> 0] @@ c2 :> [j1 |-> 0, j2 |-> 0])
/\ grp = (c1 :> [j1 |-> FALSE, j2 |-> FALSE] @@ c2 :> [j1 |-> FALSE, j2 |-> FALSE])
/\ wfcStale = [j1 |-> None, j2 |-> None]
/\ pCount = [j1 |-> 1, j2 |-> 0]
/\ status = [j1 |-> "FINISHED:ABORTED", j2 |-> "SUBMITTED"]
/\ ovw = {}
/\ firstTerm = [j1 |-> "FINISHED:ABORTED", j2 |-> None]
/\ ackAbort = [j1 |-> TRUE, j2 |-> FALSE]
/\ sjRC = [j1 |-> 0, j2 |-> 0]
/\ runAborted = [j1 |-> FALSE, j2 |-> FALSE]

State 29: <MCCmpReadAbort line 178, col 19 to line 178, col 55 of module MC>
/\ cpAlive = (c1 :> TRUE @@ c2 :> TRUE)
/\ failAccepted = [j1 |-> FALSE, j2 |-> FALSE]
/\ free = (c1 :> (u1 :> 0) @@ c2 :> (u1 :> 1))
/\ using = (c1 :> [j1 |-> {}, j2 |-> {}] @@ c2 :> [j1 |-> {}, j2 |-> {}])
/\ cjAbortMsg = (c1 :> [j1 |-> 0, j2 |-> 0] @@ c2 :> [j1 |-> 0, j2 |-> 0])
/\ resv = (c1 :> {[job |-> "j1", tok |-> 1, units |-> {u1}, ttl |-> 1]} @@ c2 :> {})
/\ fc = [ hb |-> 0,
  lose |-> 0,
  chkTO |-> 1,
  stTO |-> 1,
  depFail |-> 0,
  sjLaunchFail |-> 0,
  backoff |-> 0,
  sjError |-> 1,
  sjCrash |-> 0,
  cjError |-> 0,
  cjUnsafe |-> 0,
  cjDesc |-> 0,
  cpLaunchFail |-> 0,
  crash |-> 0,
  abort |-> 1,
  delete |-> 0,
  disable |-> 0,
  appMissing |-> 0 ]
/\ abortDropped = (c1 :> [j1 |-> FALSE, j2 |-> FALSE] @@ c2 :> [j1 |-> FALSE, j2 |-> FALSE])
/\ ackInWindow = [j1 |-> TRUE, j2 |-> FALSE]
/\ nextAtt = 2
/\ endedEv = [j1 |-> FALSE, j2 |-> FALSE]
/\ micro = [ wfcRead |-> [j1 |-> FALSE, j2 |-> FALSE],
  wfcHad |-> [j1 |-> FALSE, j2 |-> FALSE],
  reaped |->
      ( c1 :> [j1 |-> FALSE, j2 |-> FALSE] @@
        c2 :> [j1 |-> FALSE, j2 |-> FALSE] ),
  removals |-> [j1 |-> 0, j2 |-> 0],
  sjBooted |-> [j1 |-> FALSE, j2 |-> FALSE],
  cjSynced |->
      ( c1 :> [j1 |-> FALSE, j2 |-> FALSE] @@
        c2 :> [j1 |-> FALSE, j2 |-> FALSE] ),
  delAdm |->
      [ j1 |-> [pc |-> "Idle", snap |-> None],
        j2 |-> [pc |-> "Idle", snap |-> None] ],
  reports |->
      ( c1 :>
            [ j1 |-> [pc |-> "Idle", accepted |-> FALSE],
              j2 |-> [pc |-> "Idle", accepted |-> FALSE] ] @@
        c2 :>
            [ j1 |-> [pc |-> "Idle", accepted |-> FALSE],
              j2 |-> [pc |-> "Idle", accepted |-> FALSE] ] ) ]
/\ cjReg = (c1 :> [j1 |-> None, j2 |-> None] @@ c2 :> [j1 |-> None, j2 |-> None])
/\ alloc = (c1 :> [j1 |-> {}, j2 |-> {}] @@ c2 :> [j1 |-> {}, j2 |-> {}])
/\ ackStop = [j1 |-> FALSE, j2 |-> FALSE]
/\ cpc = [ pc |-> "OutcomeRead",
  job |-> "j1",
  failed |-> TRUE,
  aborted |-> FALSE,
  hadExc |-> FALSE ]
/\ termP = (c1 :> [j1 |-> 0, j2 |-> 0] @@ c2 :> [j1 |-> 0, j2 |-> 0])
/\ waiter = (c1 :> [j1 |-> FALSE, j2 |-> FALSE] @@ c2 :> [j1 |-> FALSE, j2 |-> FALSE])
/\ postAckLaunch = [j1 |-> FALSE, j2 |-> FALSE]
/\ sessions = {c1, c2}
/\ rp = [j1 |-> None, j2 |-> None]
/\ cst = (c1 :> [j1 |-> None, j2 |-> None] @@ c2 :> [j1 |-> None, j2 |-> None])
/\ sj = [j1 |-> "Exited", j2 |-> "None"]
/\ sweeper = [pc |-> "Idle", cl |-> None, snap |-> 0, blocking |-> FALSE]
/\ cjRC = (c1 :> [j1 |-> 0, j2 |-> 0] @@ c2 :> [j1 |-> 0, j2 |-> 0])
/\ startedEv = [j1 |-> TRUE, j2 |-> FALSE]
/\ exeErrRec = [j1 |-> FALSE, j2 |-> FALSE]
/\ launches = [j1 |-> 1, j2 |-> 0]
/\ pending = [j1 |-> None, j2 |-> None]
/\ sjAbortHandled = [j1 |-> FALSE, j2 |-> FALSE]
/\ cjProc = (c1 :> [j1 |-> "None", j2 |-> "None"] @@ c2 :> [j1 |-> "None", j2 |-> "None"])
/\ latchInStopWin = [j1 |-> FALSE, j2 |-> FALSE]
/\ msgs = ( [ job |-> "j1",
    ok |-> FALSE,
    code |-> 0,
    flag |-> FALSE,
    type |-> "CHECK",
    cl |-> c2,
    att |-> 1 ] :>
      1 @@
  [ job |-> "j1",
    ok |-> FALSE,
    code |-> 0,
    flag |-> FALSE,
    type |-> "START",
    cl |-> c1,
    att |-> 1 ] :>
      1 @@
  [ job |-> "j1",
    ok |-> FALSE,
    code |-> 0,
    flag |-> TRUE,
    type |-> "RUNSTATUS",
    cl |-> None,
    att |-> 0 ] :>
      1 )
/\ wfc = [j1 |-> FALSE, j2 |-> FALSE]
/\ tagged = {}
/\ rmp = [j1 |-> 0, j2 |-> 0]
/\ shared = [j1 |-> FALSE, j2 |-> FALSE]
/\ disabled = {}
/\ sjErr = [j1 |-> TRUE, j2 |-> FALSE]
/\ latched = [j1 |-> None, j2 |-> None]
/\ rpc = [ ready |-> "j1",
  pc |-> "SetRunning",
  job |-> None,
  att |-> 1,
  listed |-> {},
  queue |-> <<>>,
  cnt |-> [j1 |-> 1, j2 |-> 0],
  chk |-> {},
  failed |-> <<>>,
  blocked |-> <<>>,
  fb |-> <<>>,
  disp |-> {c1},
  dep |-> {c1},
  jid |-> TRUE,
  snap |-> None,
  sreq |-> {c1} ]
/\ exc = [ j1 |-> [rc |-> 1, exeErr |-> FALSE, parts |-> {c1}, finished |-> FALSE],
  j2 |-> None ]
/\ runningJobs = {"j1"}
/\ failRunRec = [j1 |-> FALSE, j2 |-> FALSE]
/\ startFailCause = [j1 |-> "none", j2 |-> "none"]
/\ adm = [j1 |-> [pc |-> "Idle", snap |-> None], j2 |-> [pc |-> "Idle", snap |-> None]]
/\ slots = {"j1"}
/\ termHb = (c1 :> [j1 |-> 0, j2 |-> 0] @@ c2 :> [j1 |-> 0, j2 |-> 0])
/\ grp = (c1 :> [j1 |-> FALSE, j2 |-> FALSE] @@ c2 :> [j1 |-> FALSE, j2 |-> FALSE])
/\ wfcStale = [j1 |-> None, j2 |-> None]
/\ pCount = [j1 |-> 1, j2 |-> 0]
/\ status = [j1 |-> "FINISHED:ABORTED", j2 |-> "SUBMITTED"]
/\ ovw = {}
/\ firstTerm = [j1 |-> "FINISHED:ABORTED", j2 |-> None]
/\ ackAbort = [j1 |-> TRUE, j2 |-> FALSE]
/\ sjRC = [j1 |-> 0, j2 |-> 0]
/\ runAborted = [j1 |-> FALSE, j2 |-> FALSE]

State 30: <MCCmpReadOutcome line 179, col 21 to line 179, col 59 of module MC>
/\ cpAlive = (c1 :> TRUE @@ c2 :> TRUE)
/\ failAccepted = [j1 |-> FALSE, j2 |-> FALSE]
/\ free = (c1 :> (u1 :> 0) @@ c2 :> (u1 :> 1))
/\ using = (c1 :> [j1 |-> {}, j2 |-> {}] @@ c2 :> [j1 |-> {}, j2 |-> {}])
/\ cjAbortMsg = (c1 :> [j1 |-> 0, j2 |-> 0] @@ c2 :> [j1 |-> 0, j2 |-> 0])
/\ resv = (c1 :> {[job |-> "j1", tok |-> 1, units |-> {u1}, ttl |-> 1]} @@ c2 :> {})
/\ fc = [ hb |-> 0,
  lose |-> 0,
  chkTO |-> 1,
  stTO |-> 1,
  depFail |-> 0,
  sjLaunchFail |-> 0,
  backoff |-> 0,
  sjError |-> 1,
  sjCrash |-> 0,
  cjError |-> 0,
  cjUnsafe |-> 0,
  cjDesc |-> 0,
  cpLaunchFail |-> 0,
  crash |-> 0,
  abort |-> 1,
  delete |-> 0,
  disable |-> 0,
  appMissing |-> 0 ]
/\ abortDropped = (c1 :> [j1 |-> FALSE, j2 |-> FALSE] @@ c2 :> [j1 |-> FALSE, j2 |-> FALSE])
/\ ackInWindow = [j1 |-> TRUE, j2 |-> FALSE]
/\ nextAtt = 2
/\ endedEv = [j1 |-> FALSE, j2 |-> FALSE]
/\ micro = [ wfcRead |-> [j1 |-> FALSE, j2 |-> FALSE],
  wfcHad |-> [j1 |-> FALSE, j2 |-> FALSE],
  reaped |->
      ( c1 :> [j1 |-> FALSE, j2 |-> FALSE] @@
        c2 :> [j1 |-> FALSE, j2 |-> FALSE] ),
  removals |-> [j1 |-> 0, j2 |-> 0],
  sjBooted |-> [j1 |-> FALSE, j2 |-> FALSE],
  cjSynced |->
      ( c1 :> [j1 |-> FALSE, j2 |-> FALSE] @@
        c2 :> [j1 |-> FALSE, j2 |-> FALSE] ),
  delAdm |->
      [ j1 |-> [pc |-> "Idle", snap |-> None],
        j2 |-> [pc |-> "Idle", snap |-> None] ],
  reports |->
      ( c1 :>
            [ j1 |-> [pc |-> "Idle", accepted |-> FALSE],
              j2 |-> [pc |-> "Idle", accepted |-> FALSE] ] @@
        c2 :>
            [ j1 |-> [pc |-> "Idle", accepted |-> FALSE],
              j2 |-> [pc |-> "Idle", accepted |-> FALSE] ] ) ]
/\ cjReg = (c1 :> [j1 |-> None, j2 |-> None] @@ c2 :> [j1 |-> None, j2 |-> None])
/\ alloc = (c1 :> [j1 |-> {}, j2 |-> {}] @@ c2 :> [j1 |-> {}, j2 |-> {}])
/\ ackStop = [j1 |-> FALSE, j2 |-> FALSE]
/\ cpc = [ pc |-> "Latch",
  job |-> "j1",
  failed |-> TRUE,
  aborted |-> FALSE,
  hadExc |-> TRUE ]
/\ termP = (c1 :> [j1 |-> 0, j2 |-> 0] @@ c2 :> [j1 |-> 0, j2 |-> 0])
/\ waiter = (c1 :> [j1 |-> FALSE, j2 |-> FALSE] @@ c2 :> [j1 |-> FALSE, j2 |-> FALSE])
/\ postAckLaunch = [j1 |-> FALSE, j2 |-> FALSE]
/\ sessions = {c1, c2}
/\ rp = [j1 |-> None, j2 |-> None]
/\ cst = (c1 :> [j1 |-> None, j2 |-> None] @@ c2 :> [j1 |-> None, j2 |-> None])
/\ sj = [j1 |-> "Exited", j2 |-> "None"]
/\ sweeper = [pc |-> "Idle", cl |-> None, snap |-> 0, blocking |-> FALSE]
/\ cjRC = (c1 :> [j1 |-> 0, j2 |-> 0] @@ c2 :> [j1 |-> 0, j2 |-> 0])
/\ startedEv = [j1 |-> TRUE, j2 |-> FALSE]
/\ exeErrRec = [j1 |-> FALSE, j2 |-> FALSE]
/\ launches = [j1 |-> 1, j2 |-> 0]
/\ pending = [j1 |-> None, j2 |-> None]
/\ sjAbortHandled = [j1 |-> FALSE, j2 |-> FALSE]
/\ cjProc = (c1 :> [j1 |-> "None", j2 |-> "None"] @@ c2 :> [j1 |-> "None", j2 |-> "None"])
/\ latchInStopWin = [j1 |-> FALSE, j2 |-> FALSE]
/\ msgs = ( [ job |-> "j1",
    ok |-> FALSE,
    code |-> 0,
    flag |-> FALSE,
    type |-> "CHECK",
    cl |-> c2,
    att |-> 1 ] :>
      1 @@
  [ job |-> "j1",
    ok |-> FALSE,
    code |-> 0,
    flag |-> FALSE,
    type |-> "START",
    cl |-> c1,
    att |-> 1 ] :>
      1 @@
  [ job |-> "j1",
    ok |-> FALSE,
    code |-> 0,
    flag |-> FALSE,
    type |-> "ABORT",
    cl |-> c1,
    att |-> 0 ] :>
      1 @@
  [ job |-> "j1",
    ok |-> FALSE,
    code |-> 0,
    flag |-> TRUE,
    type |-> "RUNSTATUS",
    cl |-> None,
    att |-> 0 ] :>
      1 )
/\ wfc = [j1 |-> FALSE, j2 |-> FALSE]
/\ tagged = {}
/\ rmp = [j1 |-> 0, j2 |-> 0]
/\ shared = [j1 |-> FALSE, j2 |-> FALSE]
/\ disabled = {}
/\ sjErr = [j1 |-> TRUE, j2 |-> FALSE]
/\ latched = [j1 |-> None, j2 |-> None]
/\ rpc = [ ready |-> "j1",
  pc |-> "SetRunning",
  job |-> None,
  att |-> 1,
  listed |-> {},
  queue |-> <<>>,
  cnt |-> [j1 |-> 1, j2 |-> 0],
  chk |-> {},
  failed |-> <<>>,
  blocked |-> <<>>,
  fb |-> <<>>,
  disp |-> {c1},
  dep |-> {c1},
  jid |-> TRUE,
  snap |-> None,
  sreq |-> {c1} ]
/\ exc = [ j1 |-> [rc |-> 1, exeErr |-> FALSE, parts |-> {c1}, finished |-> FALSE],
  j2 |-> None ]
/\ runningJobs = {"j1"}
/\ failRunRec = [j1 |-> FALSE, j2 |-> FALSE]
/\ startFailCause = [j1 |-> "none", j2 |-> "none"]
/\ adm = [j1 |-> [pc |-> "Idle", snap |-> None], j2 |-> [pc |-> "Idle", snap |-> None]]
/\ slots = {"j1"}
/\ termHb = (c1 :> [j1 |-> 0, j2 |-> 0] @@ c2 :> [j1 |-> 0, j2 |-> 0])
/\ grp = (c1 :> [j1 |-> FALSE, j2 |-> FALSE] @@ c2 :> [j1 |-> FALSE, j2 |-> FALSE])
/\ wfcStale = [j1 |-> None, j2 |-> None]
/\ pCount = [j1 |-> 1, j2 |-> 0]
/\ status = [j1 |-> "FINISHED:ABORTED", j2 |-> "SUBMITTED"]
/\ ovw = {}
/\ firstTerm = [j1 |-> "FINISHED:ABORTED", j2 |-> None]
/\ ackAbort = [j1 |-> TRUE, j2 |-> FALSE]
/\ sjRC = [j1 |-> 0, j2 |-> 0]
/\ runAborted = [j1 |-> FALSE, j2 |-> FALSE]

State 31: <MCCmpFinalizeBegin("j1") line 123, col 28 to line 123, col 71 of module MC>
/\ cpAlive = (c1 :> TRUE @@ c2 :> TRUE)
/\ failAccepted = [j1 |-> FALSE, j2 |-> FALSE]
/\ free = (c1 :> (u1 :> 0) @@ c2 :> (u1 :> 1))
/\ using = (c1 :> [j1 |-> {}, j2 |-> {}] @@ c2 :> [j1 |-> {}, j2 |-> {}])
/\ cjAbortMsg = (c1 :> [j1 |-> 0, j2 |-> 0] @@ c2 :> [j1 |-> 0, j2 |-> 0])
/\ resv = (c1 :> {[job |-> "j1", tok |-> 1, units |-> {u1}, ttl |-> 1]} @@ c2 :> {})
/\ fc = [ hb |-> 0,
  lose |-> 0,
  chkTO |-> 1,
  stTO |-> 1,
  depFail |-> 0,
  sjLaunchFail |-> 0,
  backoff |-> 0,
  sjError |-> 1,
  sjCrash |-> 0,
  cjError |-> 0,
  cjUnsafe |-> 0,
  cjDesc |-> 0,
  cpLaunchFail |-> 0,
  crash |-> 0,
  abort |-> 1,
  delete |-> 0,
  disable |-> 0,
  appMissing |-> 0 ]
/\ abortDropped = (c1 :> [j1 |-> FALSE, j2 |-> FALSE] @@ c2 :> [j1 |-> FALSE, j2 |-> FALSE])
/\ ackInWindow = [j1 |-> TRUE, j2 |-> FALSE]
/\ nextAtt = 2
/\ endedEv = [j1 |-> FALSE, j2 |-> FALSE]
/\ micro = [ wfcRead |-> [j1 |-> FALSE, j2 |-> FALSE],
  wfcHad |-> [j1 |-> FALSE, j2 |-> FALSE],
  reaped |->
      ( c1 :> [j1 |-> FALSE, j2 |-> FALSE] @@
        c2 :> [j1 |-> FALSE, j2 |-> FALSE] ),
  removals |-> [j1 |-> 0, j2 |-> 0],
  sjBooted |-> [j1 |-> FALSE, j2 |-> FALSE],
  cjSynced |->
      ( c1 :> [j1 |-> FALSE, j2 |-> FALSE] @@
        c2 :> [j1 |-> FALSE, j2 |-> FALSE] ),
  delAdm |->
      [ j1 |-> [pc |-> "Idle", snap |-> None],
        j2 |-> [pc |-> "Idle", snap |-> None] ],
  reports |->
      ( c1 :>
            [ j1 |-> [pc |-> "Idle", accepted |-> FALSE],
              j2 |-> [pc |-> "Idle", accepted |-> FALSE] ] @@
        c2 :>
            [ j1 |-> [pc |-> "Idle", accepted |-> FALSE],
              j2 |-> [pc |-> "Idle", accepted |-> FALSE] ] ) ]
/\ cjReg = (c1 :> [j1 |-> None, j2 |-> None] @@ c2 :> [j1 |-> None, j2 |-> None])
/\ alloc = (c1 :> [j1 |-> {}, j2 |-> {}] @@ c2 :> [j1 |-> {}, j2 |-> {}])
/\ ackStop = [j1 |-> FALSE, j2 |-> FALSE]
/\ cpc = [ pc |-> "Publish",
  job |-> "j1",
  failed |-> TRUE,
  aborted |-> FALSE,
  hadExc |-> TRUE ]
/\ termP = (c1 :> [j1 |-> 0, j2 |-> 0] @@ c2 :> [j1 |-> 0, j2 |-> 0])
/\ waiter = (c1 :> [j1 |-> FALSE, j2 |-> FALSE] @@ c2 :> [j1 |-> FALSE, j2 |-> FALSE])
/\ postAckLaunch = [j1 |-> FALSE, j2 |-> FALSE]
/\ sessions = {c1, c2}
/\ rp = [j1 |-> None, j2 |-> None]
/\ cst = (c1 :> [j1 |-> None, j2 |-> None] @@ c2 :> [j1 |-> None, j2 |-> None])
/\ sj = [j1 |-> "Exited", j2 |-> "None"]
/\ sweeper = [pc |-> "Idle", cl |-> None, snap |-> 0, blocking |-> FALSE]
/\ cjRC = (c1 :> [j1 |-> 0, j2 |-> 0] @@ c2 :> [j1 |-> 0, j2 |-> 0])
/\ startedEv = [j1 |-> TRUE, j2 |-> FALSE]
/\ exeErrRec = [j1 |-> FALSE, j2 |-> FALSE]
/\ launches = [j1 |-> 1, j2 |-> 0]
/\ pending = [j1 |-> None, j2 |-> None]
/\ sjAbortHandled = [j1 |-> FALSE, j2 |-> FALSE]
/\ cjProc = (c1 :> [j1 |-> "None", j2 |-> "None"] @@ c2 :> [j1 |-> "None", j2 |-> "None"])
/\ latchInStopWin = [j1 |-> FALSE, j2 |-> FALSE]
/\ msgs = ( [ job |-> "j1",
    ok |-> FALSE,
    code |-> 0,
    flag |-> FALSE,
    type |-> "CHECK",
    cl |-> c2,
    att |-> 1 ] :>
      1 @@
  [ job |-> "j1",
    ok |-> FALSE,
    code |-> 0,
    flag |-> FALSE,
    type |-> "START",
    cl |-> c1,
    att |-> 1 ] :>
      1 @@
  [ job |-> "j1",
    ok |-> FALSE,
    code |-> 0,
    flag |-> FALSE,
    type |-> "ABORT",
    cl |-> c1,
    att |-> 0 ] :>
      1 @@
  [ job |-> "j1",
    ok |-> FALSE,
    code |-> 0,
    flag |-> TRUE,
    type |-> "RUNSTATUS",
    cl |-> None,
    att |-> 0 ] :>
      1 )
/\ wfc = [j1 |-> FALSE, j2 |-> FALSE]
/\ tagged = {}
/\ rmp = [j1 |-> 0, j2 |-> 0]
/\ shared = [j1 |-> FALSE, j2 |-> FALSE]
/\ disabled = {}
/\ sjErr = [j1 |-> TRUE, j2 |-> FALSE]
/\ latched = [j1 |-> "FINISHED:EXECUTION_EXCEPTION", j2 |-> None]
/\ rpc = [ ready |-> "j1",
  pc |-> "SetRunning",
  job |-> None,
  att |-> 1,
  listed |-> {},
  queue |-> <<>>,
  cnt |-> [j1 |-> 1, j2 |-> 0],
  chk |-> {},
  failed |-> <<>>,
  blocked |-> <<>>,
  fb |-> <<>>,
  disp |-> {c1},
  dep |-> {c1},
  jid |-> TRUE,
  snap |-> None,
  sreq |-> {c1} ]
/\ exc = [ j1 |-> [rc |-> 1, exeErr |-> FALSE, parts |-> {c1}, finished |-> FALSE],
  j2 |-> None ]
/\ runningJobs = {"j1"}
/\ failRunRec = [j1 |-> FALSE, j2 |-> FALSE]
/\ startFailCause = [j1 |-> "none", j2 |-> "none"]
/\ adm = [j1 |-> [pc |-> "Idle", snap |-> None], j2 |-> [pc |-> "Idle", snap |-> None]]
/\ slots = {"j1"}
/\ termHb = (c1 :> [j1 |-> 0, j2 |-> 0] @@ c2 :> [j1 |-> 0, j2 |-> 0])
/\ grp = (c1 :> [j1 |-> FALSE, j2 |-> FALSE] @@ c2 :> [j1 |-> FALSE, j2 |-> FALSE])
/\ wfcStale = [j1 |-> None, j2 |-> None]
/\ pCount = [j1 |-> 1, j2 |-> 0]
/\ status = [j1 |-> "FINISHED:ABORTED", j2 |-> "SUBMITTED"]
/\ ovw = {}
/\ firstTerm = [j1 |-> "FINISHED:ABORTED", j2 |-> None]
/\ ackAbort = [j1 |-> TRUE, j2 |-> FALSE]
/\ sjRC = [j1 |-> 0, j2 |-> 0]
/\ runAborted = [j1 |-> FALSE, j2 |-> FALSE]

State 32: <MCCmpPublish line 125, col 28 to line 125, col 62 of module MC>
/\ cpAlive = (c1 :> TRUE @@ c2 :> TRUE)
/\ failAccepted = [j1 |-> FALSE, j2 |-> FALSE]
/\ free = (c1 :> (u1 :> 0) @@ c2 :> (u1 :> 1))
/\ using = (c1 :> [j1 |-> {}, j2 |-> {}] @@ c2 :> [j1 |-> {}, j2 |-> {}])
/\ cjAbortMsg = (c1 :> [j1 |-> 0, j2 |-> 0] @@ c2 :> [j1 |-> 0, j2 |-> 0])
/\ resv = (c1 :> {[job |-> "j1", tok |-> 1, units |-> {u1}, ttl |-> 1]} @@ c2 :> {})
/\ fc = [ hb |-> 0,
  lose |-> 0,
  chkTO |-> 1,
  stTO |-> 1,
  depFail |-> 0,
  sjLaunchFail |-> 0,
  backoff |-> 0,
  sjError |-> 1,
  sjCrash |-> 0,
  cjError |-> 0,
  cjUnsafe |-> 0,
  cjDesc |-> 0,
  cpLaunchFail |-> 0,
  crash |-> 0,
  abort |-> 1,
  delete |-> 0,
  disable |-> 0,
  appMissing |-> 0 ]
/\ abortDropped = (c1 :> [j1 |-> FALSE, j2 |-> FALSE] @@ c2 :> [j1 |-> FALSE, j2 |-> FALSE])
/\ ackInWindow = [j1 |-> TRUE, j2 |-> FALSE]
/\ nextAtt = 2
/\ endedEv = [j1 |-> FALSE, j2 |-> FALSE]
/\ micro = [ wfcRead |-> [j1 |-> FALSE, j2 |-> FALSE],
  wfcHad |-> [j1 |-> FALSE, j2 |-> FALSE],
  reaped |->
      ( c1 :> [j1 |-> FALSE, j2 |-> FALSE] @@
        c2 :> [j1 |-> FALSE, j2 |-> FALSE] ),
  removals |-> [j1 |-> 0, j2 |-> 0],
  sjBooted |-> [j1 |-> FALSE, j2 |-> FALSE],
  cjSynced |->
      ( c1 :> [j1 |-> FALSE, j2 |-> FALSE] @@
        c2 :> [j1 |-> FALSE, j2 |-> FALSE] ),
  delAdm |->
      [ j1 |-> [pc |-> "Idle", snap |-> None],
        j2 |-> [pc |-> "Idle", snap |-> None] ],
  reports |->
      ( c1 :>
            [ j1 |-> [pc |-> "Idle", accepted |-> FALSE],
              j2 |-> [pc |-> "Idle", accepted |-> FALSE] ] @@
        c2 :>
            [ j1 |-> [pc |-> "Idle", accepted |-> FALSE],
              j2 |-> [pc |-> "Idle", accepted |-> FALSE] ] ) ]
/\ cjReg = (c1 :> [j1 |-> None, j2 |-> None] @@ c2 :> [j1 |-> None, j2 |-> None])
/\ alloc = (c1 :> [j1 |-> {}, j2 |-> {}] @@ c2 :> [j1 |-> {}, j2 |-> {}])
/\ ackStop = [j1 |-> FALSE, j2 |-> FALSE]
/\ cpc = [ pc |-> "Remove",
  job |-> "j1",
  failed |-> TRUE,
  aborted |-> FALSE,
  hadExc |-> TRUE ]
/\ termP = (c1 :> [j1 |-> 0, j2 |-> 0] @@ c2 :> [j1 |-> 0, j2 |-> 0])
/\ waiter = (c1 :> [j1 |-> FALSE, j2 |-> FALSE] @@ c2 :> [j1 |-> FALSE, j2 |-> FALSE])
/\ postAckLaunch = [j1 |-> FALSE, j2 |-> FALSE]
/\ sessions = {c1, c2}
/\ rp = [j1 |-> None, j2 |-> None]
/\ cst = (c1 :> [j1 |-> None, j2 |-> None] @@ c2 :> [j1 |-> None, j2 |-> None])
/\ sj = [j1 |-> "Exited", j2 |-> "None"]
/\ sweeper = [pc |-> "Idle", cl |-> None, snap |-> 0, blocking |-> FALSE]
/\ cjRC = (c1 :> [j1 |-> 0, j2 |-> 0] @@ c2 :> [j1 |-> 0, j2 |-> 0])
/\ startedEv = [j1 |-> TRUE, j2 |-> FALSE]
/\ exeErrRec = [j1 |-> FALSE, j2 |-> FALSE]
/\ launches = [j1 |-> 1, j2 |-> 0]
/\ pending = [j1 |-> None, j2 |-> None]
/\ sjAbortHandled = [j1 |-> FALSE, j2 |-> FALSE]
/\ cjProc = (c1 :> [j1 |-> "None", j2 |-> "None"] @@ c2 :> [j1 |-> "None", j2 |-> "None"])
/\ latchInStopWin = [j1 |-> FALSE, j2 |-> FALSE]
/\ msgs = ( [ job |-> "j1",
    ok |-> FALSE,
    code |-> 0,
    flag |-> FALSE,
    type |-> "CHECK",
    cl |-> c2,
    att |-> 1 ] :>
      1 @@
  [ job |-> "j1",
    ok |-> FALSE,
    code |-> 0,
    flag |-> FALSE,
    type |-> "START",
    cl |-> c1,
    att |-> 1 ] :>
      1 @@
  [ job |-> "j1",
    ok |-> FALSE,
    code |-> 0,
    flag |-> FALSE,
    type |-> "ABORT",
    cl |-> c1,
    att |-> 0 ] :>
      1 @@
  [ job |-> "j1",
    ok |-> FALSE,
    code |-> 0,
    flag |-> TRUE,
    type |-> "RUNSTATUS",
    cl |-> None,
    att |-> 0 ] :>
      1 )
/\ wfc = [j1 |-> FALSE, j2 |-> FALSE]
/\ tagged = {}
/\ rmp = [j1 |-> 0, j2 |-> 0]
/\ shared = [j1 |-> FALSE, j2 |-> FALSE]
/\ disabled = {}
/\ sjErr = [j1 |-> TRUE, j2 |-> FALSE]
/\ latched = [j1 |-> "FINISHED:EXECUTION_EXCEPTION", j2 |-> None]
/\ rpc = [ ready |-> "j1",
  pc |-> "SetRunning",
  job |-> None,
  att |-> 1,
  listed |-> {},
  queue |-> <<>>,
  cnt |-> [j1 |-> 1, j2 |-> 0],
  chk |-> {},
  failed |-> <<>>,
  blocked |-> <<>>,
  fb |-> <<>>,
  disp |-> {c1},
  dep |-> {c1},
  jid |-> TRUE,
  snap |-> None,
  sreq |-> {c1} ]
/\ exc = [ j1 |-> [rc |-> 1, exeErr |-> FALSE, parts |-> {c1}, finished |-> FALSE],
  j2 |-> None ]
/\ runningJobs = {"j1"}
/\ failRunRec = [j1 |-> FALSE, j2 |-> FALSE]
/\ startFailCause = [j1 |-> "none", j2 |-> "none"]
/\ adm = [j1 |-> [pc |-> "Idle", snap |-> None], j2 |-> [pc |-> "Idle", snap |-> None]]
/\ slots = {"j1"}
/\ termHb = (c1 :> [j1 |-> 0, j2 |-> 0] @@ c2 :> [j1 |-> 0, j2 |-> 0])
/\ grp = (c1 :> [j1 |-> FALSE, j2 |-> FALSE] @@ c2 :> [j1 |-> FALSE, j2 |-> FALSE])
/\ wfcStale = [j1 |-> None, j2 |-> None]
/\ pCount = [j1 |-> 1, j2 |-> 0]
/\ status = [j1 |-> "FINISHED:EXECUTION_EXCEPTION", j2 |-> "SUBMITTED"]
/\ ovw = { [ j |-> "j1",
    w |-> "CmpPublish",
    from |-> "FINISHED:ABORTED",
    to |-> "FINISHED:EXECUTION_EXCEPTION" ] }
/\ firstTerm = [j1 |-> "FINISHED:ABORTED", j2 |-> None]
/\ ackAbort = [j1 |-> TRUE, j2 |-> FALSE]
/\ sjRC = [j1 |-> 0, j2 |-> 0]
/\ runAborted = [j1 |-> FALSE, j2 |-> FALSE]

"CounterExample written: /home/ubuntu/specula-nvflare-gpt-continuation-20260926/framework/runs/gpt-continuation/nvflare-job/.specula-output/spec/output/continuation-H3-probe_completion_write/counterexample.json"
5975389 states generated, 1248497 distinct states found, 506661 states left on queue.
The depth of the complete state graph search is 32.
Checkpointing of run /home/ubuntu/specula-nvflare-gpt-continuation-20260926/framework/runs/gpt-continuation/nvflare-job/.specula-output/.tlc-state/tlc-states-01LGi8/26-09-26-13-11-00.439
Checkpointing completed at (2026-09-26 13:12:44)
Finished in 01min 44s at (2026-09-26 13:12:44)
Trace exploration spec path: ./MC_TTrace_1790428260.tla

[0;32m================================[0m
[1;33m⚠ Invariant violation found![0m
[1;33mPlease check log: /home/ubuntu/specula-nvflare-gpt-continuation-20260926/framework/runs/gpt-continuation/nvflare-job/.specula-output/.tlc-tasks/jobs/b4293d5e5d384f0596798ca6681a177e/tlc.log[0m
[0;32m================================[0m
