source_path	destination_path	type	mode	mtime_ns	size	sha256	symlink_target	action	classification	reason	encoded
.specula-output	.specula-output	directory	0775	1783605896340969038				mkdir	run-directory		
.specula-output/bug-confirmation.log	.specula-output/bug-confirmation.log	file	0664	1783607928717061802	765	38804de3d041e2f6b1c2e675b72f6b26e34c15b3676fe812300f7dc30c821a0f		copy	run-evidence		
.specula-output/confirmation	.specula-output/confirmation	directory	0775	1783607532317596549				mkdir	run-directory		
.specula-output/confirmation/CR-2	.specula-output/confirmation/CR-2	directory	0775	1783607928680061120				mkdir	run-directory		
.specula-output/confirmation/CR-2/debate.md	.specula-output/confirmation/CR-2/debate.md	file	0664	1783607928669060917	1953066	54dc248c1caa775947aa6588c20899e0b4ddfbd9bba8f92ecd044f2d218c7eac		copy	run-evidence		
.specula-output/confirmation/CR-2/turn01_A.log	.specula-output/confirmation/CR-2/turn01_A.log	file	0664	1783607924331980977	973113	deef2864c8529cd0b2acdcaef600a8cc367e4c0afe02e0f549b14b54fa8a9210		copy	run-evidence		
.specula-output/confirmation/CR-2/turn01_A.prompt.md	.specula-output/confirmation/CR-2/turn01_A.prompt.md	file	0664	1783607016130856119	14137	ec06d3bd2202b4eb090d275cb77dcbb7ecda84907c16c21f0fb1e0d4f4b398a1		copy	run-evidence		
.specula-output/confirmation/CR-2/turn01_A.usage.json	.specula-output/confirmation/CR-2/turn01_A.usage.json	file	0664	1783607924840990359	245	f691cf67b2ec746c797317c4d643195997ec127fd346ac9abd37086a0eac214e		copy	run-evidence		
.specula-output/confirmation/CR-2/turn02_B.log	.specula-output/confirmation/CR-2/turn02_B.log	file	0664	1783607928229052807	979889	a0ce1a33da76cb37244cdef96933aa1c40fddc20848e885c16057613201a8dcf		copy	run-evidence		
.specula-output/confirmation/CR-2/turn02_B.prompt.md	.specula-output/confirmation/CR-2/turn02_B.prompt.md	file	0664	1783607924858990691	979268	17019365f8afb88e8e0dffc2b5bad2c31bf892eca6a8cb8172aeed17bad31d02		copy	run-evidence		
.specula-output/confirmation/CR-2/turn02_B.usage.json	.specula-output/confirmation/CR-2/turn02_B.usage.json	file	0664	1783607928653060622	245	7e7fbc02f92ebcb2851d5c40ac43ba74f31e34c2855e4256dc48b86da663a192		copy	run-evidence		
.specula-output/confirmation/CR-2/verdict.json	.specula-output/confirmation/CR-2/verdict.json	file	0664	1783607928681061138	1008859	7f8e600665e0b76b4a6b355fd92797f8d164ab0e16943d6edaf4f8c9768cb85f		copy	run-evidence		
.specula-output/confirmation/CR-2/worktree	.specula-output/confirmation/CR-2/worktree	directory	0775	1783607928673060991				mkdir	run-directory		
.specula-output/confirmation/CR-2/worktree/.git		file	0664	1783607016114855826	120	e6475422cf3184cf272c165b04d4538d48911b9e73de0fd88e63ed87b5d28964		exclude	non-evidence	git-metadata	
.specula-output/confirmation/CR-2/worktree/.gitignore	.record/source-control/.specula-output/confirmation/CR-2/worktree/gitignore.source	file	0664	1783607016120855936	63	1362d8ecf612bff1ef3ef5f59dc941311a4c6d370176ee3fac2d6cf5dfa3d1e6		copy	run-evidence		
.specula-output/confirmation/CR-2/worktree/.pre-commit-config.yaml	.specula-output/confirmation/CR-2/worktree/.pre-commit-config.yaml	file	0664	1783607016120855936	975	06442782b6b7979294be9ec6cc14f1ecc0eec90d3c31ed7aa93075eba188b87d		copy	run-evidence		
.specula-output/confirmation/CR-2/worktree/Cargo.lock	.specula-output/confirmation/CR-2/worktree/Cargo.lock	file	0664	1783607016120855936	73759	55dfa1a975d6b3474b152fd1180861ca840793e7821799e3dfdb6c3e6a5d6459		copy	run-evidence		
.specula-output/confirmation/CR-2/worktree/Cargo.toml	.specula-output/confirmation/CR-2/worktree/Cargo.toml	file	0664	1783607016120855936	3193	e3dc3c58d5118c233e79d7c9792584060b66b41b505974718ae506a932031fc3		copy	run-evidence		
.specula-output/confirmation/CR-2/worktree/LICENSE	.specula-output/confirmation/CR-2/worktree/LICENSE	file	0664	1783607016120855936	555	64f72cf7a9753b300106dd2a2b058feb084cc105c2ad359a2320f372504d49c8		copy	run-evidence		
.specula-output/confirmation/CR-2/worktree/Makefile	.specula-output/confirmation/CR-2/worktree/Makefile	file	0664	1783607016120855936	1500	4b8e6dfaf74b0d71d23644d1ee70c6459a377bd883764c0632e0545f1c165202		copy	run-evidence		
.specula-output/confirmation/CR-2/worktree/README.md	.specula-output/confirmation/CR-2/worktree/README.md	file	0664	1783607016120855936	2258	a586c1b3947fa180a9687299db907422b38de00f41a0c60c9bdb58e3da32f994		copy	run-evidence		
.specula-output/confirmation/CR-2/worktree/crates	.specula-output/confirmation/CR-2/worktree/crates	directory	0775	1783607016127856064				mkdir	run-directory		
.specula-output/confirmation/CR-2/worktree/crates/container	.specula-output/confirmation/CR-2/worktree/crates/container	directory	0775	1783607016121855954				mkdir	run-directory		
.specula-output/confirmation/CR-2/worktree/crates/container/Cargo.toml	.specula-output/confirmation/CR-2/worktree/crates/container/Cargo.toml	file	0664	1783607016120855936	543	4ad8767d8c5f5d31bbeddeaa23c3a0887ee9efa8875a988e78a849f0fa8ab463		copy	run-evidence		
.specula-output/confirmation/CR-2/worktree/crates/container/src	.specula-output/confirmation/CR-2/worktree/crates/container/src	directory	0775	1783607016121855954				mkdir	run-directory		
.specula-output/confirmation/CR-2/worktree/crates/container/src/container.rs	.specula-output/confirmation/CR-2/worktree/crates/container/src/container.rs	file	0664	1783607016121855954	13473	fdd146e2a3c44d5d102092554290a6ab82ec78b529b31e92f5371899d1a13461		copy	run-evidence		
.specula-output/confirmation/CR-2/worktree/crates/container/src/main.rs	.specula-output/confirmation/CR-2/worktree/crates/container/src/main.rs	file	0664	1783607016121855954	1402	8804dad7b22eb1b3c4809fd1ca77458214320d6cd109136faba05d0e0005920e		copy	run-evidence		
.specula-output/confirmation/CR-2/worktree/crates/hamgrd	.specula-output/confirmation/CR-2/worktree/crates/hamgrd	directory	0775	1783607016121855954				mkdir	run-directory		
.specula-output/confirmation/CR-2/worktree/crates/hamgrd/Cargo.toml	.specula-output/confirmation/CR-2/worktree/crates/hamgrd/Cargo.toml	file	0664	1783607016121855954	1091	dfcecf0cc5aa0ddeb66899facb1f4e78afde2437e4caf634677e4d08ebaf85a4		copy	run-evidence		
.specula-output/confirmation/CR-2/worktree/crates/hamgrd/src	.specula-output/confirmation/CR-2/worktree/crates/hamgrd/src	directory	0775	1783607016122855972				mkdir	run-directory		
.specula-output/confirmation/CR-2/worktree/crates/hamgrd/src/actors	.specula-output/confirmation/CR-2/worktree/crates/hamgrd/src/actors	directory	0775	1783607016121855954				mkdir	run-directory		
.specula-output/confirmation/CR-2/worktree/crates/hamgrd/src/actors.rs	.specula-output/confirmation/CR-2/worktree/crates/hamgrd/src/actors.rs	file	0664	1783607016121855954	10857	60b97fd54b124162e2691fb612c18f23bfa411a0d7dd4cc2faafdac1dd7ff889		copy	run-evidence		
.specula-output/confirmation/CR-2/worktree/crates/hamgrd/src/actors/dpu.rs	.specula-output/confirmation/CR-2/worktree/crates/hamgrd/src/actors/dpu.rs	file	0664	1783607016121855954	27800	1f9135dc244e019d3f860f8b419748099be6158b82238b40d6f5ef73e67a70d4		copy	run-evidence		
.specula-output/confirmation/CR-2/worktree/crates/hamgrd/src/actors/ha_scope.rs	.specula-output/confirmation/CR-2/worktree/crates/hamgrd/src/actors/ha_scope.rs	file	0664	1783607016121855954	44098	347d6a6e809e86c76f06c8fd153532ce41ee1ff5145ef240fcaa01812800e52e		copy	run-evidence		
.specula-output/confirmation/CR-2/worktree/crates/hamgrd/src/actors/ha_set.rs	.specula-output/confirmation/CR-2/worktree/crates/hamgrd/src/actors/ha_set.rs	file	0664	1783607817938997410	63812	34e77c958ae30bd7e8cd38b347a10724a440734118795c68c1431486c1ae715d		copy	run-evidence		
.specula-output/confirmation/CR-2/worktree/crates/hamgrd/src/actors/test.rs	.specula-output/confirmation/CR-2/worktree/crates/hamgrd/src/actors/test.rs	file	0664	1783607016121855954	25740	68fce46b1239953c7ed8e7d248ce4a5ca94ca1fd5587db04909aeb133beb7ce8		copy	run-evidence		
.specula-output/confirmation/CR-2/worktree/crates/hamgrd/src/actors/vdpu.rs	.specula-output/confirmation/CR-2/worktree/crates/hamgrd/src/actors/vdpu.rs	file	0664	1783607016122855972	8755	0e91f79cfa4a07c231c2a04d179cc784314fae6c91349ffdf6586e2e12cb072a		copy	run-evidence		
.specula-output/confirmation/CR-2/worktree/crates/hamgrd/src/db_structs.rs	.specula-output/confirmation/CR-2/worktree/crates/hamgrd/src/db_structs.rs	file	0664	1783607016122855972	34184	a322274850ae6754df30ca8da226e1b18b9d07268a7e41578aae718a2295c74a		copy	run-evidence		
.specula-output/confirmation/CR-2/worktree/crates/hamgrd/src/ha_actor_messages.rs	.specula-output/confirmation/CR-2/worktree/crates/hamgrd/src/ha_actor_messages.rs	file	0664	1783607016122855972	6543	e1a13cdedb85938b77795f331bf3771d088e8bfce8051324f0a69161ee285d68		copy	run-evidence		
.specula-output/confirmation/CR-2/worktree/crates/hamgrd/src/main.rs	.specula-output/confirmation/CR-2/worktree/crates/hamgrd/src/main.rs	file	0664	1783607016122855972	8926	e9a6de6c129eb77fc46132682098b67f3184307f1ad5aeb1783403e8e23552ca		copy	run-evidence		
.specula-output/confirmation/CR-2/worktree/crates/sonic-common	.specula-output/confirmation/CR-2/worktree/crates/sonic-common	directory	0775	1783607016122855972				mkdir	run-directory		
.specula-output/confirmation/CR-2/worktree/crates/sonic-common/Cargo.toml	.specula-output/confirmation/CR-2/worktree/crates/sonic-common/Cargo.toml	file	0664	1783607016122855972	843	1239a0525ec2b948dd0ac2e78b9861a4da144fef3a1b3b5337ff7712dec9c5e5		copy	run-evidence		
.specula-output/confirmation/CR-2/worktree/crates/sonic-common/src	.specula-output/confirmation/CR-2/worktree/crates/sonic-common/src	directory	0775	1783607016122855972				mkdir	run-directory		
.specula-output/confirmation/CR-2/worktree/crates/sonic-common/src/lib.rs	.specula-output/confirmation/CR-2/worktree/crates/sonic-common/src/lib.rs	file	0664	1783607016122855972	573	18239424369eefc097b517348bc38889a2965244d88d7557c7e8568681093722		copy	run-evidence		
.specula-output/confirmation/CR-2/worktree/crates/sonic-common/src/log.rs	.specula-output/confirmation/CR-2/worktree/crates/sonic-common/src/log.rs	file	0664	1783607016122855972	7511	9f51b7708251f05f717e61f926e4893e318ce13905011273a982f08907262180		copy	run-evidence		
.specula-output/confirmation/CR-2/worktree/crates/sonic-common/src/panic.rs	.specula-output/confirmation/CR-2/worktree/crates/sonic-common/src/panic.rs	file	0664	1783607016122855972	1647	571290dc59a3ec765e03aa7c4bb7563d80d73747ae9cb95c697c41f667a8ca95		copy	run-evidence		
.specula-output/confirmation/CR-2/worktree/crates/sonic-dash-api-proto	.specula-output/confirmation/CR-2/worktree/crates/sonic-dash-api-proto	directory	0775	1783607016122855972				mkdir	run-directory		
.specula-output/confirmation/CR-2/worktree/crates/sonic-dash-api-proto/Cargo.toml	.specula-output/confirmation/CR-2/worktree/crates/sonic-dash-api-proto/Cargo.toml	file	0664	1783607016122855972	531	de2b47c4469d3a36868ed6e8dd3f619350358c8cc28a5f5f9d6cec405e1793e3		copy	run-evidence		
.specula-output/confirmation/CR-2/worktree/crates/sonic-dash-api-proto/build.rs	.specula-output/confirmation/CR-2/worktree/crates/sonic-dash-api-proto/build.rs	file	0664	1783607016122855972	2539	d6fbe856e6076167a0474176a3f65fb610390e45a40f3af1ebb46a874b8b3559		copy	run-evidence		
.specula-output/confirmation/CR-2/worktree/crates/sonic-dash-api-proto/sonic-dash-api	.specula-output/confirmation/CR-2/worktree/crates/sonic-dash-api-proto/sonic-dash-api	directory	0775	1783607373050469644				mkdir	run-directory		
.specula-output/confirmation/CR-2/worktree/crates/sonic-dash-api-proto/sonic-dash-api/.azure-pipelines	.specula-output/confirmation/CR-2/worktree/crates/sonic-dash-api-proto/sonic-dash-api/.azure-pipelines	directory	0775	1783607373049469626				mkdir	run-directory		
.specula-output/confirmation/CR-2/worktree/crates/sonic-dash-api-proto/sonic-dash-api/.azure-pipelines/build-template.yml	.specula-output/confirmation/CR-2/worktree/crates/sonic-dash-api-proto/sonic-dash-api/.azure-pipelines/build-template.yml	file	0664	1783607373049469626	1157	451ce6463ef8074b1f8b8e75dd9d3ea31a7615ebf167e0b0d659f7c84b1829ba		copy	run-evidence		
.specula-output/confirmation/CR-2/worktree/crates/sonic-dash-api-proto/sonic-dash-api/.git		file	0664	1783607373040469459	180	9210325f891af5f0d26115fe19b09ae7e90cfceb318f1e5260e75aeae866a8e4		exclude	non-evidence	git-metadata	
.specula-output/confirmation/CR-2/worktree/crates/sonic-dash-api-proto/sonic-dash-api/.github	.specula-output/confirmation/CR-2/worktree/crates/sonic-dash-api-proto/sonic-dash-api/.github	directory	0775	1783607373049469626				mkdir	run-directory		
.specula-output/confirmation/CR-2/worktree/crates/sonic-dash-api-proto/sonic-dash-api/.github/copilot-instructions.md	.specula-output/confirmation/CR-2/worktree/crates/sonic-dash-api-proto/sonic-dash-api/.github/copilot-instructions.md	file	0664	1783607373049469626	5543	cf53e2851093ee4279d3cb6b51122c09223fc6b06849a16ca061e7ae8154eb29		copy	run-evidence		
.specula-output/confirmation/CR-2/worktree/crates/sonic-dash-api-proto/sonic-dash-api/.gitignore	.record/source-control/.specula-output/confirmation/CR-2/worktree/crates/sonic-dash-api-proto/sonic-dash-api/gitignore.source	file	0664	1783607373049469626	152	37ae5085387aa46b903bede475c27f1c391bafc70e04f90ad326190dc6f9984a		copy	run-evidence		
.specula-output/confirmation/CR-2/worktree/crates/sonic-dash-api-proto/sonic-dash-api/Makefile	.specula-output/confirmation/CR-2/worktree/crates/sonic-dash-api-proto/sonic-dash-api/Makefile	file	0664	1783607373049469626	2867	6b7a7ee8959734154670386e7e3a8ce8da6c4bffd016c083799d1a830718f71f		copy	run-evidence		
.specula-output/confirmation/CR-2/worktree/crates/sonic-dash-api-proto/sonic-dash-api/README.md	.specula-output/confirmation/CR-2/worktree/crates/sonic-dash-api-proto/sonic-dash-api/README.md	file	0664	1783607373049469626	1462	b3fd7b0c339366692c23500294a116aea8de6e88998b8865f496c7220ba40302		copy	run-evidence		
.specula-output/confirmation/CR-2/worktree/crates/sonic-dash-api-proto/sonic-dash-api/azure-pipelines.yml	.specula-output/confirmation/CR-2/worktree/crates/sonic-dash-api-proto/sonic-dash-api/azure-pipelines.yml	file	0664	1783607373049469626	2850	6a71b850acd5b5220c310b76a649ca04c007f7ffc013791be7c7391edb648bf9		copy	run-evidence		
.specula-output/confirmation/CR-2/worktree/crates/sonic-dash-api-proto/sonic-dash-api/debian	.specula-output/confirmation/CR-2/worktree/crates/sonic-dash-api-proto/sonic-dash-api/debian	directory	0775	1783607373050469644				mkdir	run-directory		
.specula-output/confirmation/CR-2/worktree/crates/sonic-dash-api-proto/sonic-dash-api/debian/changelog	.specula-output/confirmation/CR-2/worktree/crates/sonic-dash-api-proto/sonic-dash-api/debian/changelog	file	0664	1783607373049469626	127	001c5cf3cc6c410458f8bd863f50fbbee5fcec94760be78fa2daf6e3ec985db4		copy	run-evidence		
.specula-output/confirmation/CR-2/worktree/crates/sonic-dash-api-proto/sonic-dash-api/debian/compat	.specula-output/confirmation/CR-2/worktree/crates/sonic-dash-api-proto/sonic-dash-api/debian/compat	file	0664	1783607373050469644	2	4fc82b26aecb47d2868c4efbe3581732a3e7cbcc6c2efb32062c08170a05eeb8		copy	run-evidence		
.specula-output/confirmation/CR-2/worktree/crates/sonic-dash-api-proto/sonic-dash-api/debian/control	.specula-output/confirmation/CR-2/worktree/crates/sonic-dash-api-proto/sonic-dash-api/debian/control	file	0664	1783607373050469644	362	33f4fb53634f991b8e9fee9d1bc0ebcdf95eb5a4789d435152724422743ec0ef		copy	run-evidence		
.specula-output/confirmation/CR-2/worktree/crates/sonic-dash-api-proto/sonic-dash-api/debian/rules	.specula-output/confirmation/CR-2/worktree/crates/sonic-dash-api-proto/sonic-dash-api/debian/rules	file	0775	1783607373050469644	88	885237907618e908f1fc048d94196c6baef3c1eb9398c334cd4cd382e97b9115		copy	run-evidence		
.specula-output/confirmation/CR-2/worktree/crates/sonic-dash-api-proto/sonic-dash-api/misc	.specula-output/confirmation/CR-2/worktree/crates/sonic-dash-api-proto/sonic-dash-api/misc	directory	0775	1783607373050469644				mkdir	run-directory		
.specula-output/confirmation/CR-2/worktree/crates/sonic-dash-api-proto/sonic-dash-api/misc/.gitignore	.record/source-control/.specula-output/confirmation/CR-2/worktree/crates/sonic-dash-api-proto/sonic-dash-api/misc/gitignore.source	file	0664	1783607373050469644	110	65057622390473201d1a7bfa966ca489a4f6b4c65232d115fee498d256c27617		copy	run-evidence		
.specula-output/confirmation/CR-2/worktree/crates/sonic-dash-api-proto/sonic-dash-api/misc/dash_api_utils	.specula-output/confirmation/CR-2/worktree/crates/sonic-dash-api-proto/sonic-dash-api/misc/dash_api_utils	file	0775	1783607373050469644	1673	a54b3116aa2c22f82c8fa7b0181c477b6b8e1770f547efbf6fd07d95e63856b3		copy	run-evidence		
.specula-output/confirmation/CR-2/worktree/crates/sonic-dash-api-proto/sonic-dash-api/misc/pypkg	.specula-output/confirmation/CR-2/worktree/crates/sonic-dash-api-proto/sonic-dash-api/misc/pypkg	directory	0775	1783607373050469644				mkdir	run-directory		
.specula-output/confirmation/CR-2/worktree/crates/sonic-dash-api-proto/sonic-dash-api/misc/pypkg/dash_api	.specula-output/confirmation/CR-2/worktree/crates/sonic-dash-api-proto/sonic-dash-api/misc/pypkg/dash_api	directory	0775	1783607373050469644				mkdir	run-directory		
.specula-output/confirmation/CR-2/worktree/crates/sonic-dash-api-proto/sonic-dash-api/misc/pypkg/dash_api/__init__.py	.specula-output/confirmation/CR-2/worktree/crates/sonic-dash-api-proto/sonic-dash-api/misc/pypkg/dash_api/__init__.py	file	0664	1783607373050469644	86	40c99d3fc4e0e8e6bcd60d2737a25a7ddf966ee2bd4bac2dc7364cd869023131		copy	run-evidence		
.specula-output/confirmation/CR-2/worktree/crates/sonic-dash-api-proto/sonic-dash-api/misc/tests	.specula-output/confirmation/CR-2/worktree/crates/sonic-dash-api-proto/sonic-dash-api/misc/tests	directory	0775	1783607373050469644				mkdir	run-directory		
.specula-output/confirmation/CR-2/worktree/crates/sonic-dash-api-proto/sonic-dash-api/misc/tests/main.cpp	.specula-output/confirmation/CR-2/worktree/crates/sonic-dash-api-proto/sonic-dash-api/misc/tests/main.cpp	file	0664	1783607373050469644	102	59572f84bf8df2a31f58d87051915b08cd9c32859092f1532135127155a33c24		copy	run-evidence		
.specula-output/confirmation/CR-2/worktree/crates/sonic-dash-api-proto/sonic-dash-api/misc/tests/test_utils.py	.specula-output/confirmation/CR-2/worktree/crates/sonic-dash-api-proto/sonic-dash-api/misc/tests/test_utils.py	file	0664	1783607373050469644	1955	43dc5e16b6648a9b58fc6d051de9ce7798273760f45bfe3e477d58277271326f		copy	run-evidence		
.specula-output/confirmation/CR-2/worktree/crates/sonic-dash-api-proto/sonic-dash-api/misc/tests/utils_unittest.cpp	.specula-output/confirmation/CR-2/worktree/crates/sonic-dash-api-proto/sonic-dash-api/misc/tests/utils_unittest.cpp	file	0664	1783607373050469644	5547	a959ab4ffc771de60248278a264b79d116514c9107ece82c7c23e3e991a492d0		copy	run-evidence		
.specula-output/confirmation/CR-2/worktree/crates/sonic-dash-api-proto/sonic-dash-api/misc/utils.cpp	.specula-output/confirmation/CR-2/worktree/crates/sonic-dash-api-proto/sonic-dash-api/misc/utils.cpp	file	0664	1783607373050469644	4029	7822b783cee4ecbce6085636b0ced2be68ea419c1c9e5002812e17f51d1a1121		copy	run-evidence		
.specula-output/confirmation/CR-2/worktree/crates/sonic-dash-api-proto/sonic-dash-api/misc/utils.h	.specula-output/confirmation/CR-2/worktree/crates/sonic-dash-api-proto/sonic-dash-api/misc/utils.h	file	0664	1783607373050469644	696	43ad84a08fffb2f5de7a429a0c4bc74de192251257c40fbbc5240e33881581a5		copy	run-evidence		
.specula-output/confirmation/CR-2/worktree/crates/sonic-dash-api-proto/sonic-dash-api/misc/utils.i	.specula-output/confirmation/CR-2/worktree/crates/sonic-dash-api-proto/sonic-dash-api/misc/utils.i	file	0664	1783607373050469644	124	b0ed8aea587950df30be894992ca7319f6b87d18c3d674abaaf17fa523ac15c5		copy	run-evidence		
.specula-output/confirmation/CR-2/worktree/crates/sonic-dash-api-proto/sonic-dash-api/proto	.specula-output/confirmation/CR-2/worktree/crates/sonic-dash-api-proto/sonic-dash-api/proto	directory	0775	1783607373051469663				mkdir	run-directory		
.specula-output/confirmation/CR-2/worktree/crates/sonic-dash-api-proto/sonic-dash-api/proto/acl_group.proto	.specula-output/confirmation/CR-2/worktree/crates/sonic-dash-api-proto/sonic-dash-api/proto/acl_group.proto	file	0664	1783607373050469644	224	63b83374a5dfe1eecea6532375f55378d0c80a61a343a6569bde52d5a84350bb		copy	run-evidence		
.specula-output/confirmation/CR-2/worktree/crates/sonic-dash-api-proto/sonic-dash-api/proto/acl_in.proto	.specula-output/confirmation/CR-2/worktree/crates/sonic-dash-api-proto/sonic-dash-api/proto/acl_in.proto	file	0664	1783607373050469644	310	8c4990a198ae41a7bb3b57278049936caa5f097416602aa83fe9261a24149307		copy	run-evidence		
.specula-output/confirmation/CR-2/worktree/crates/sonic-dash-api-proto/sonic-dash-api/proto/acl_out.proto	.specula-output/confirmation/CR-2/worktree/crates/sonic-dash-api-proto/sonic-dash-api/proto/acl_out.proto	file	0664	1783607373050469644	313	7fd56b7e8a7f311e24ac210b3a706d3ae218bf920e3a43cccf91bc0406ee581e		copy	run-evidence		
.specula-output/confirmation/CR-2/worktree/crates/sonic-dash-api-proto/sonic-dash-api/proto/acl_rule.proto	.specula-output/confirmation/CR-2/worktree/crates/sonic-dash-api-proto/sonic-dash-api/proto/acl_rule.proto	file	0664	1783607373050469644	1489	21efc2f5b9d3ef9278a78642d21a6ccea5352eec697dbeab920c4505bd6a47f3		copy	run-evidence		
.specula-output/confirmation/CR-2/worktree/crates/sonic-dash-api-proto/sonic-dash-api/proto/appliance.proto	.specula-output/confirmation/CR-2/worktree/crates/sonic-dash-api-proto/sonic-dash-api/proto/appliance.proto	file	0664	1783607373050469644	776	4f9bfe99d4615c32eb839cae910be8df431e5e72dc4eb2dce68ed5cb9ede8511		copy	run-evidence		
.specula-output/confirmation/CR-2/worktree/crates/sonic-dash-api-proto/sonic-dash-api/proto/eni.proto	.specula-output/confirmation/CR-2/worktree/crates/sonic-dash-api-proto/sonic-dash-api/proto/eni.proto	file	0664	1783607373050469644	1394	3cfa78f970e4c8eff5b16c8b0feca53fdfc77d43cb4cbf3f8816c0eba6971ee4		copy	run-evidence		
.specula-output/confirmation/CR-2/worktree/crates/sonic-dash-api-proto/sonic-dash-api/proto/eni_route.proto	.specula-output/confirmation/CR-2/worktree/crates/sonic-dash-api-proto/sonic-dash-api/proto/eni_route.proto	file	0664	1783607373050469644	184	1ea44c8956266a012206836e6de8a7fb3082b002c18e485fec1dca973a03f8f1		copy	run-evidence		
.specula-output/confirmation/CR-2/worktree/crates/sonic-dash-api-proto/sonic-dash-api/proto/ha_scope.proto	.specula-output/confirmation/CR-2/worktree/crates/sonic-dash-api-proto/sonic-dash-api/proto/ha_scope.proto	file	0664	1783607373050469644	749	bdb153bd85d28bc1bc165503fa808edd9f65a2c893966d313c77fded34ea5314		copy	run-evidence		
.specula-output/confirmation/CR-2/worktree/crates/sonic-dash-api-proto/sonic-dash-api/proto/ha_scope_config.proto	.specula-output/confirmation/CR-2/worktree/crates/sonic-dash-api-proto/sonic-dash-api/proto/ha_scope_config.proto	file	0664	1783607373050469644	561	a5df9f029dd4b10fb8933eab353b0612e158323be43264c3ec6124ab074d16af		copy	run-evidence		
.specula-output/confirmation/CR-2/worktree/crates/sonic-dash-api-proto/sonic-dash-api/proto/ha_scope_state.proto	.specula-output/confirmation/CR-2/worktree/crates/sonic-dash-api-proto/sonic-dash-api/proto/ha_scope_state.proto	file	0664	1783607373050469644	503	ef05bb57eb034ee8b5e0e52a0cdd78a22c6dac12b636f9ec90f99e0e4a2cfb29		copy	run-evidence		
.specula-output/confirmation/CR-2/worktree/crates/sonic-dash-api-proto/sonic-dash-api/proto/ha_set.proto	.specula-output/confirmation/CR-2/worktree/crates/sonic-dash-api-proto/sonic-dash-api/proto/ha_set.proto	file	0664	1783607373050469644	1482	68a55831f4939a0e731fac047888f285fd3ce5a56b92c4bdeab5ba3940fbe427		copy	run-evidence		
.specula-output/confirmation/CR-2/worktree/crates/sonic-dash-api-proto/sonic-dash-api/proto/ha_set_config.proto	.specula-output/confirmation/CR-2/worktree/crates/sonic-dash-api-proto/sonic-dash-api/proto/ha_set_config.proto	file	0664	1783607373050469644	437	3aac48716f7e82c5ed231ec04cc1e965ab47aecd5785ea9d7bec5cdd3b93d1ea		copy	run-evidence		
.specula-output/confirmation/CR-2/worktree/crates/sonic-dash-api-proto/sonic-dash-api/proto/ha_set_state.proto	.specula-output/confirmation/CR-2/worktree/crates/sonic-dash-api-proto/sonic-dash-api/proto/ha_set_state.proto	file	0664	1783607373050469644	295	eba05677140806197c24833e25e714b7da2b9613ce4d0e7077fbcce1f7ee1795		copy	run-evidence		
.specula-output/confirmation/CR-2/worktree/crates/sonic-dash-api-proto/sonic-dash-api/proto/meter.proto	.specula-output/confirmation/CR-2/worktree/crates/sonic-dash-api-proto/sonic-dash-api/proto/meter.proto	file	0664	1783607373050469644	376	959afb32392b5cc7c5ca48ee5fefc194dc93026603d5a96c389069df48d420a0		copy	run-evidence		
.specula-output/confirmation/CR-2/worktree/crates/sonic-dash-api-proto/sonic-dash-api/proto/meter_policy.proto	.specula-output/confirmation/CR-2/worktree/crates/sonic-dash-api-proto/sonic-dash-api/proto/meter_policy.proto	file	0664	1783607373050469644	221	3b355b5224b709b5135a139285f9223904396d68493b2331ebcc5d82afd0d08c		copy	run-evidence		
.specula-output/confirmation/CR-2/worktree/crates/sonic-dash-api-proto/sonic-dash-api/proto/meter_rule.proto	.specula-output/confirmation/CR-2/worktree/crates/sonic-dash-api-proto/sonic-dash-api/proto/meter_rule.proto	file	0664	1783607373050469644	360	2406e7d2a2f89645c15cbb354794ce010a6268a08338c4a44862f69193b9a6d3		copy	run-evidence		
.specula-output/confirmation/CR-2/worktree/crates/sonic-dash-api-proto/sonic-dash-api/proto/outbound_port_map.proto	.specula-output/confirmation/CR-2/worktree/crates/sonic-dash-api-proto/sonic-dash-api/proto/outbound_port_map.proto	file	0664	1783607373051469663	282	455b111663b169e0a8d5283720a248cdd3d925e2a953d48b870f722795e30dc2		copy	run-evidence		
.specula-output/confirmation/CR-2/worktree/crates/sonic-dash-api-proto/sonic-dash-api/proto/outbound_port_map_range.proto	.specula-output/confirmation/CR-2/worktree/crates/sonic-dash-api-proto/sonic-dash-api/proto/outbound_port_map_range.proto	file	0664	1783607373051469663	417	7e2b5a74d75ecf9545ffd929cd5c05206138d43dee6cced0854c7843e6395466		copy	run-evidence		
.specula-output/confirmation/CR-2/worktree/crates/sonic-dash-api-proto/sonic-dash-api/proto/pa_validation.proto	.specula-output/confirmation/CR-2/worktree/crates/sonic-dash-api-proto/sonic-dash-api/proto/pa_validation.proto	file	0664	1783607373051469663	188	d2b4f3b5b1298d1c41a979e6493a89a185aab032cfc1c4e27780fb87af6c16c7		copy	run-evidence		
.specula-output/confirmation/CR-2/worktree/crates/sonic-dash-api-proto/sonic-dash-api/proto/prefix_tag.proto	.specula-output/confirmation/CR-2/worktree/crates/sonic-dash-api-proto/sonic-dash-api/proto/prefix_tag.proto	file	0664	1783607373051469663	332	bc238882b1e392be4c9eb7210db871e1eea2d04a59bb16fff58ef06bc82da12d		copy	run-evidence		
.specula-output/confirmation/CR-2/worktree/crates/sonic-dash-api-proto/sonic-dash-api/proto/qos.proto	.specula-output/confirmation/CR-2/worktree/crates/sonic-dash-api-proto/sonic-dash-api/proto/qos.proto	file	0664	1783607373051469663	271	6c1756762416029cb9a3757f0ff18ae014bf789c493aae39966872aeb802e61f		copy	run-evidence		
.specula-output/confirmation/CR-2/worktree/crates/sonic-dash-api-proto/sonic-dash-api/proto/route.proto	.specula-output/confirmation/CR-2/worktree/crates/sonic-dash-api-proto/sonic-dash-api/proto/route.proto	file	0664	1783607373051469663	2665	9e4b7b6d0d807f50912dfaadfd7e6f2914090f406f0b75fe9167d3d452678ffa		copy	run-evidence		
.specula-output/confirmation/CR-2/worktree/crates/sonic-dash-api-proto/sonic-dash-api/proto/route_group.proto	.specula-output/confirmation/CR-2/worktree/crates/sonic-dash-api-proto/sonic-dash-api/proto/route_group.proto	file	0664	1783607373051469663	176	9a1a5264ce8aae5d33c896ca679f16405dbb2dbd853268d718ab931566a0c2d2		copy	run-evidence		
.specula-output/confirmation/CR-2/worktree/crates/sonic-dash-api-proto/sonic-dash-api/proto/route_rule.proto	.specula-output/confirmation/CR-2/worktree/crates/sonic-dash-api-proto/sonic-dash-api/proto/route_rule.proto	file	0664	1783607373051469663	1655	3648f004ce9b7da92a2f6f2366189b704e6aa9e74794a85182a7aa9bdfa8b7ae		copy	run-evidence		
.specula-output/confirmation/CR-2/worktree/crates/sonic-dash-api-proto/sonic-dash-api/proto/route_type.proto	.specula-output/confirmation/CR-2/worktree/crates/sonic-dash-api-proto/sonic-dash-api/proto/route_type.proto	file	0664	1783607373051469663	1450	e6361b492f3491f9480a11ac304c757d95ac87f2cd364e9dae11f6187c54c5f4		copy	run-evidence		
.specula-output/confirmation/CR-2/worktree/crates/sonic-dash-api-proto/sonic-dash-api/proto/routing_appliance.proto	.specula-output/confirmation/CR-2/worktree/crates/sonic-dash-api-proto/sonic-dash-api/proto/routing_appliance.proto	file	0664	1783607373051469663	357	6de8b36bdc0258d746b1edcf1d35fb9b80f9fb484591b9d2df0a44bef3ef3113		copy	run-evidence		
.specula-output/confirmation/CR-2/worktree/crates/sonic-dash-api-proto/sonic-dash-api/proto/tunnel.proto	.specula-output/confirmation/CR-2/worktree/crates/sonic-dash-api-proto/sonic-dash-api/proto/tunnel.proto	file	0664	1783607373051469663	374	49a8b27dfcd4656991293f1f2676e8a06488388030758b266f67fbe2430c067c		copy	run-evidence		
.specula-output/confirmation/CR-2/worktree/crates/sonic-dash-api-proto/sonic-dash-api/proto/types.proto	.specula-output/confirmation/CR-2/worktree/crates/sonic-dash-api-proto/sonic-dash-api/proto/types.proto	file	0664	1783607373051469663	1593	0b1644d63d353923f33aa4e561f7181119db49715e0f745063cbe3a81f2c73a9		copy	run-evidence		
.specula-output/confirmation/CR-2/worktree/crates/sonic-dash-api-proto/sonic-dash-api/proto/vnet.proto	.specula-output/confirmation/CR-2/worktree/crates/sonic-dash-api-proto/sonic-dash-api/proto/vnet.proto	file	0664	1783607373051469663	310	8c437362618f389009463e3f94e2aa906a6b4746eff2c83752e12fbe03a8b888		copy	run-evidence		
.specula-output/confirmation/CR-2/worktree/crates/sonic-dash-api-proto/sonic-dash-api/proto/vnet_mapping.proto	.specula-output/confirmation/CR-2/worktree/crates/sonic-dash-api-proto/sonic-dash-api/proto/vnet_mapping.proto	file	0664	1783607373051469663	1826	19c8e9f32da372cccccefddcf402053260cdf106f499fee52ce6c1cbf8c4b414		copy	run-evidence		
.specula-output/confirmation/CR-2/worktree/crates/sonic-dash-api-proto/src	.specula-output/confirmation/CR-2/worktree/crates/sonic-dash-api-proto/src	directory	0775	1783607016122855972				mkdir	run-directory		
.specula-output/confirmation/CR-2/worktree/crates/sonic-dash-api-proto/src/lib.rs	.specula-output/confirmation/CR-2/worktree/crates/sonic-dash-api-proto/src/lib.rs	file	0664	1783607016122855972	1081	0d114c68775aea25eb21fb1224fe0d8e6b4ca6ba3e30aa8da93bc68723aafee1		copy	run-evidence		
.specula-output/confirmation/CR-2/worktree/crates/sonicdb-derive	.specula-output/confirmation/CR-2/worktree/crates/sonicdb-derive	directory	0775	1783607016122855972				mkdir	run-directory		
.specula-output/confirmation/CR-2/worktree/crates/sonicdb-derive/Cargo.toml	.specula-output/confirmation/CR-2/worktree/crates/sonicdb-derive/Cargo.toml	file	0664	1783607016122855972	494	4d3a5a55449607e6295ee3aa7bb48e01385e36cd8576dcadbc0c67a0fe172cb5		copy	run-evidence		
.specula-output/confirmation/CR-2/worktree/crates/sonicdb-derive/src	.specula-output/confirmation/CR-2/worktree/crates/sonicdb-derive/src	directory	0775	1783607016122855972				mkdir	run-directory		
.specula-output/confirmation/CR-2/worktree/crates/sonicdb-derive/src/lib.rs	.specula-output/confirmation/CR-2/worktree/crates/sonicdb-derive/src/lib.rs	file	0664	1783607016122855972	4957	dee27e85348f8d6cb4170a574bcf4c34b225a39835eb1514be7877991ec6371f		copy	run-evidence		
.specula-output/confirmation/CR-2/worktree/crates/sonicdb-derive/tests	.specula-output/confirmation/CR-2/worktree/crates/sonicdb-derive/tests	directory	0775	1783607016122855972				mkdir	run-directory		
.specula-output/confirmation/CR-2/worktree/crates/sonicdb-derive/tests/basic.rs	.specula-output/confirmation/CR-2/worktree/crates/sonicdb-derive/tests/basic.rs	file	0664	1783607016122855972	671	52a3abd00d6c4d09c02a71f4139cb03e9bc7e28a662585d4c9aa8aada3b9d5d8		copy	run-evidence		
.specula-output/confirmation/CR-2/worktree/crates/swbus-actor	.specula-output/confirmation/CR-2/worktree/crates/swbus-actor	directory	0775	1783607016123855991				mkdir	run-directory		
.specula-output/confirmation/CR-2/worktree/crates/swbus-actor/Cargo.toml	.specula-output/confirmation/CR-2/worktree/crates/swbus-actor/Cargo.toml	file	0664	1783607016123855991	593	b8458594718c1fa7595aef160e807f12f27e7ac6e74278ba69392b07ff91788a		copy	run-evidence		
.specula-output/confirmation/CR-2/worktree/crates/swbus-actor/src	.specula-output/confirmation/CR-2/worktree/crates/swbus-actor/src	directory	0775	1783607016123855991				mkdir	run-directory		
.specula-output/confirmation/CR-2/worktree/crates/swbus-actor/src/actor_message.rs	.specula-output/confirmation/CR-2/worktree/crates/swbus-actor/src/actor_message.rs	file	0664	1783607016123855991	2229	cbd2ebfca0cd4f31394fd0185324f59e05860a98bda9881b4bbe644166c34bab		copy	run-evidence		
.specula-output/confirmation/CR-2/worktree/crates/swbus-actor/src/driver.rs	.specula-output/confirmation/CR-2/worktree/crates/swbus-actor/src/driver.rs	file	0664	1783607016123855991	8587	2e450baed13e6d2657bb7e0026c14eace1cebf386a246030449fea0b57f2274d		copy	run-evidence		
.specula-output/confirmation/CR-2/worktree/crates/swbus-actor/src/lib.rs	.specula-output/confirmation/CR-2/worktree/crates/swbus-actor/src/lib.rs	file	0664	1783607016123855991	1668	fda76d091927d51c44ff868e5af2c415141244d27590d53059b2cc8481a96270		copy	run-evidence		
.specula-output/confirmation/CR-2/worktree/crates/swbus-actor/src/runtime.rs	.specula-output/confirmation/CR-2/worktree/crates/swbus-actor/src/runtime.rs	file	0664	1783607016123855991	2495	5ca245698919de5f5c8729b962670044e01a63c4e6df27219d41b45fa9082000		copy	run-evidence		
.specula-output/confirmation/CR-2/worktree/crates/swbus-actor/src/state	.specula-output/confirmation/CR-2/worktree/crates/swbus-actor/src/state	directory	0775	1783607016123855991				mkdir	run-directory		
.specula-output/confirmation/CR-2/worktree/crates/swbus-actor/src/state.rs	.specula-output/confirmation/CR-2/worktree/crates/swbus-actor/src/state.rs	file	0664	1783607016123855991	2561	5f002cee0f0a7c630a2ed009eefde818735b8ece52f308b48a88ce949a54192b		copy	run-evidence		
.specula-output/confirmation/CR-2/worktree/crates/swbus-actor/src/state/incoming.rs	.specula-output/confirmation/CR-2/worktree/crates/swbus-actor/src/state/incoming.rs	file	0664	1783607016123855991	8239	58649721fc05693638596fc0eb939000e023166dad4ab9a6acbb464e20ded43c		copy	run-evidence		
.specula-output/confirmation/CR-2/worktree/crates/swbus-actor/src/state/internal.rs	.specula-output/confirmation/CR-2/worktree/crates/swbus-actor/src/state/internal.rs	file	0664	1783607016123855991	4947	df2a3d82f3e88e8bf02c94f9ed242cd0aa05910506a180bf7bf3e2caf74e4b24		copy	run-evidence		
.specula-output/confirmation/CR-2/worktree/crates/swbus-actor/src/state/outgoing.rs	.specula-output/confirmation/CR-2/worktree/crates/swbus-actor/src/state/outgoing.rs	file	0664	1783607016123855991	9087	9072a2340f004f04620459e715991ef61990f269e1fe4f770fa76e1f519bce29		copy	run-evidence		
.specula-output/confirmation/CR-2/worktree/crates/swbus-actor/tests	.specula-output/confirmation/CR-2/worktree/crates/swbus-actor/tests	directory	0775	1783607016123855991				mkdir	run-directory		
.specula-output/confirmation/CR-2/worktree/crates/swbus-actor/tests/count_to_1000.json	.specula-output/confirmation/CR-2/worktree/crates/swbus-actor/tests/count_to_1000.json	file	0664	1783607016123855991	462	a526d7f7fd63dee8e6a28441d4ccdb5051bad804c5abf6973d795f186ae9f90c		copy	run-evidence		
.specula-output/confirmation/CR-2/worktree/crates/swbus-actor/tests/count_to_1000_internal_table.json	.specula-output/confirmation/CR-2/worktree/crates/swbus-actor/tests/count_to_1000_internal_table.json	file	0664	1783607016123855991	777	3360024920871c2ccc8b41b6d66ff877c2191c30b65b1ff88761c7859ab5702f		copy	run-evidence		
.specula-output/confirmation/CR-2/worktree/crates/swbus-actor/tests/echo.json	.specula-output/confirmation/CR-2/worktree/crates/swbus-actor/tests/echo.json	file	0664	1783607016123855991	816	3932f2c4900222c50157d25ae9e2f857486542ca7a1fc35faf59906b81c70bb0		copy	run-evidence		
.specula-output/confirmation/CR-2/worktree/crates/swbus-actor/tests/echo.rs	.specula-output/confirmation/CR-2/worktree/crates/swbus-actor/tests/echo.rs	file	0664	1783607016123855991	3189	b0efe97d0aba9e36c6ecd1c07ef9cc62a1564e0ad0bcd354b8243be91e498174		copy	run-evidence		
.specula-output/confirmation/CR-2/worktree/crates/swbus-actor/tests/kvstore.rs	.specula-output/confirmation/CR-2/worktree/crates/swbus-actor/tests/kvstore.rs	file	0664	1783607016123855991	14209	222d6b28b6d6349592f9d666ebcab19d82969ecdbd8871efb0fd7a4c30a7c392		copy	run-evidence		
.specula-output/confirmation/CR-2/worktree/crates/swbus-actor/tests/test_executor.rs	.specula-output/confirmation/CR-2/worktree/crates/swbus-actor/tests/test_executor.rs	file	0664	1783607016123855991	7562	50043e5deff8832b7d1543a1efd479828590b86a3a6f01311ce7b7e0adf888ec		copy	run-evidence		
.specula-output/confirmation/CR-2/worktree/crates/swbus-cli	.specula-output/confirmation/CR-2/worktree/crates/swbus-cli	directory	0775	1783607016123855991				mkdir	run-directory		
.specula-output/confirmation/CR-2/worktree/crates/swbus-cli/Cargo.toml	.specula-output/confirmation/CR-2/worktree/crates/swbus-cli/Cargo.toml	file	0664	1783607016123855991	1071	65cdad879d4bb96ee5bb725314c9ce6e3e55cf76cf87983210a54bfd7e8cc97d		copy	run-evidence		
.specula-output/confirmation/CR-2/worktree/crates/swbus-cli/README.md	.specula-output/confirmation/CR-2/worktree/crates/swbus-cli/README.md	file	0664	1783607016123855991	38259	e107629ff39c946eb879f1767836944d45d8c268c4fbb092d0b488558f6d537c		copy	run-evidence		
.specula-output/confirmation/CR-2/worktree/crates/swbus-cli/src	.specula-output/confirmation/CR-2/worktree/crates/swbus-cli/src	directory	0775	1783607016124856009				mkdir	run-directory		
.specula-output/confirmation/CR-2/worktree/crates/swbus-cli/src/main.rs	.specula-output/confirmation/CR-2/worktree/crates/swbus-cli/src/main.rs	file	0664	1783607016124856009	9069	9d07ab9ea427e8658c53ee5eaa4f6099d2eaf8ff22d2074da8dac0dd591f9e94		copy	run-evidence		
.specula-output/confirmation/CR-2/worktree/crates/swbus-cli/src/ping.rs	.specula-output/confirmation/CR-2/worktree/crates/swbus-cli/src/ping.rs	file	0664	1783607016124856009	3482	302b9f0b87b6637a1f3f04b9564db8bdcdb38f7c393d2487cb49ce4501ecf39f		copy	run-evidence		
.specula-output/confirmation/CR-2/worktree/crates/swbus-cli/src/show	.specula-output/confirmation/CR-2/worktree/crates/swbus-cli/src/show	directory	0775	1783607016124856009				mkdir	run-directory		
.specula-output/confirmation/CR-2/worktree/crates/swbus-cli/src/show/hamgrd	.specula-output/confirmation/CR-2/worktree/crates/swbus-cli/src/show/hamgrd	directory	0775	1783607016124856009				mkdir	run-directory		
.specula-output/confirmation/CR-2/worktree/crates/swbus-cli/src/show/hamgrd/actor.rs	.specula-output/confirmation/CR-2/worktree/crates/swbus-cli/src/show/hamgrd/actor.rs	file	0664	1783607016124856009	12765	47bab784e11ec8e3ee6702bd30ae517196da980168dd6745a610a1d0b3d35b03		copy	run-evidence		
.specula-output/confirmation/CR-2/worktree/crates/swbus-cli/src/show/hamgrd/mod.rs	.specula-output/confirmation/CR-2/worktree/crates/swbus-cli/src/show/hamgrd/mod.rs	file	0664	1783607016124856009	742	c6a56e88d069056b1c90cbdc05a6157dc192c99abcb24f0468b5f71513c2e937		copy	run-evidence		
.specula-output/confirmation/CR-2/worktree/crates/swbus-cli/src/show/mod.rs	.specula-output/confirmation/CR-2/worktree/crates/swbus-cli/src/show/mod.rs	file	0664	1783607016124856009	2339	4d797f0f441551b13c7551691376bf4401e0af84c573d3c1f04e684312d43993		copy	run-evidence		
.specula-output/confirmation/CR-2/worktree/crates/swbus-cli/src/show/swbusd	.specula-output/confirmation/CR-2/worktree/crates/swbus-cli/src/show/swbusd	directory	0775	1783607016124856009				mkdir	run-directory		
.specula-output/confirmation/CR-2/worktree/crates/swbus-cli/src/show/swbusd/mod.rs	.specula-output/confirmation/CR-2/worktree/crates/swbus-cli/src/show/swbusd/mod.rs	file	0664	1783607016124856009	743	61e790a87bcee322326c7d5bfc851b9af3328948d282958532921e2330826a4e		copy	run-evidence		
.specula-output/confirmation/CR-2/worktree/crates/swbus-cli/src/show/swbusd/route.rs	.specula-output/confirmation/CR-2/worktree/crates/swbus-cli/src/show/swbusd/route.rs	file	0664	1783607016124856009	2332	449e8c04a13912bdd698fd85fe3e5b69f5effc45720b64f60a3781a72a9de561		copy	run-evidence		
.specula-output/confirmation/CR-2/worktree/crates/swbus-cli/src/trace_route.rs	.specula-output/confirmation/CR-2/worktree/crates/swbus-cli/src/trace_route.rs	file	0664	1783607016124856009	3667	e77d34f013f78ffb80acc8c1d55c1869100580a284fcf3f0775817c1f2ad665b		copy	run-evidence		
.specula-output/confirmation/CR-2/worktree/crates/swbus-config	.specula-output/confirmation/CR-2/worktree/crates/swbus-config	directory	0775	1783607016124856009				mkdir	run-directory		
.specula-output/confirmation/CR-2/worktree/crates/swbus-config/Cargo.toml	.specula-output/confirmation/CR-2/worktree/crates/swbus-config/Cargo.toml	file	0664	1783607016124856009	559	79bc8140e9eb0d7f02e8bdece38cffe8281b75bf50dce639777b047622da7fc3		copy	run-evidence		
.specula-output/confirmation/CR-2/worktree/crates/swbus-config/src	.specula-output/confirmation/CR-2/worktree/crates/swbus-config/src	directory	0775	1783607016124856009				mkdir	run-directory		
.specula-output/confirmation/CR-2/worktree/crates/swbus-config/src/lib.rs	.specula-output/confirmation/CR-2/worktree/crates/swbus-config/src/lib.rs	file	0664	1783607016124856009	18793	ffcadaeb1bd7d0ed3392c7eb60ac3534f6830a2da95054c6748b9636cffc3ca0		copy	run-evidence		
.specula-output/confirmation/CR-2/worktree/crates/swbus-core	.specula-output/confirmation/CR-2/worktree/crates/swbus-core	directory	0775	1783607016125856027				mkdir	run-directory		
.specula-output/confirmation/CR-2/worktree/crates/swbus-core/Cargo.toml	.specula-output/confirmation/CR-2/worktree/crates/swbus-core/Cargo.toml	file	0664	1783607016124856009	1330	c79318a8db3b49666b6d556318936e57d7c839fbe7df192f02b7a5dc350fa039		copy	run-evidence		
.specula-output/confirmation/CR-2/worktree/crates/swbus-core/README.md	.specula-output/confirmation/CR-2/worktree/crates/swbus-core/README.md	file	0664	1783607016124856009	1416	7b6e4f07bf7073b3731ba25b30d7f13c27e0977d666b95c579669bd16d5a3042		copy	run-evidence		
.specula-output/confirmation/CR-2/worktree/crates/swbus-core/src	.specula-output/confirmation/CR-2/worktree/crates/swbus-core/src	directory	0775	1783607016124856009				mkdir	run-directory		
.specula-output/confirmation/CR-2/worktree/crates/swbus-core/src/lib.rs	.specula-output/confirmation/CR-2/worktree/crates/swbus-core/src/lib.rs	file	0664	1783607016124856009	13	f2c4a3f2982159d12c01660774a358d089842e360f791542e27b0a63f40fe44e		copy	run-evidence		
.specula-output/confirmation/CR-2/worktree/crates/swbus-core/src/mux	.specula-output/confirmation/CR-2/worktree/crates/swbus-core/src/mux	directory	0775	1783607016125856027				mkdir	run-directory		
.specula-output/confirmation/CR-2/worktree/crates/swbus-core/src/mux/conn.rs	.specula-output/confirmation/CR-2/worktree/crates/swbus-core/src/mux/conn.rs	file	0664	1783607016124856009	9440	f6752c32a029b6ee3d0c12249185a5024fd75ceb01b03afe883bd7ed1cee94ca		copy	run-evidence		
.specula-output/confirmation/CR-2/worktree/crates/swbus-core/src/mux/conn_info.rs	.specula-output/confirmation/CR-2/worktree/crates/swbus-core/src/mux/conn_info.rs	file	0664	1783607016124856009	3011	9b85b1e1c6f83c8a42380a9b155fa5a65df70c494d4a0de40b1d5d63fdbdbcfb		copy	run-evidence		
.specula-output/confirmation/CR-2/worktree/crates/swbus-core/src/mux/conn_proxy.rs	.specula-output/confirmation/CR-2/worktree/crates/swbus-core/src/mux/conn_proxy.rs	file	0664	1783607016124856009	2046	de7d3fb1c2df94f54e7270123e579094b8e12b8edb2b53a1a687bd3269ffa448		copy	run-evidence		
.specula-output/confirmation/CR-2/worktree/crates/swbus-core/src/mux/conn_store.rs	.specula-output/confirmation/CR-2/worktree/crates/swbus-core/src/mux/conn_store.rs	file	0664	1783607016124856009	6605	41d21e16d938f2d48b8493cc3df468583cfdfb097c172fceef5864d04203e817		copy	run-evidence		
.specula-output/confirmation/CR-2/worktree/crates/swbus-core/src/mux/conn_worker.rs	.specula-output/confirmation/CR-2/worktree/crates/swbus-core/src/mux/conn_worker.rs	file	0664	1783607016125856027	15099	3b158bb968c38d16f5a57be40607fa9b09c8cd57aac8d96002785a6c08be15e4		copy	run-evidence		
.specula-output/confirmation/CR-2/worktree/crates/swbus-core/src/mux/message_handler.rs	.specula-output/confirmation/CR-2/worktree/crates/swbus-core/src/mux/message_handler.rs	file	0664	1783607016125856027	158	f930df5f26de8d7cd9345640421dfd9e03c43edc27c0d3a3f57df4f9ace00abc		copy	run-evidence		
.specula-output/confirmation/CR-2/worktree/crates/swbus-core/src/mux/mod.rs	.specula-output/confirmation/CR-2/worktree/crates/swbus-core/src/mux/mod.rs	file	0664	1783607016125856027	346	bb79fa8dc0dccb7f34c2f0590cc2c293b7807a71ee917c99b415c024d6e67283		copy	run-evidence		
.specula-output/confirmation/CR-2/worktree/crates/swbus-core/src/mux/multiplexer.rs	.specula-output/confirmation/CR-2/worktree/crates/swbus-core/src/mux/multiplexer.rs	file	0664	1783607016125856027	67052	28a50fe1740d4c3f29bcc998f10c95282f00d232845dc19b9a48726207342b76		copy	run-evidence		
.specula-output/confirmation/CR-2/worktree/crates/swbus-core/src/mux/nexthop.rs	.specula-output/confirmation/CR-2/worktree/crates/swbus-core/src/mux/nexthop.rs	file	0664	1783607016125856027	12982	bcbcedb9b9789ecacc1bfd288d23b6c92dda0d75b67053dac94917a335e503dd		copy	run-evidence		
.specula-output/confirmation/CR-2/worktree/crates/swbus-core/src/mux/route_annoucer.rs	.specula-output/confirmation/CR-2/worktree/crates/swbus-core/src/mux/route_annoucer.rs	file	0664	1783607016125856027	8957	d78c3f66cae469d8c2447ef379cdcb3c4e762aba27ebb47194bfcc4803260e3d		copy	run-evidence		
.specula-output/confirmation/CR-2/worktree/crates/swbus-core/src/mux/service.rs	.specula-output/confirmation/CR-2/worktree/crates/swbus-core/src/mux/service.rs	file	0664	1783607016125856027	6880	bff225afcbbf76309e00b3e7802f951d538dd14c73332ef1831f9edd75b88923		copy	run-evidence		
.specula-output/confirmation/CR-2/worktree/crates/swbus-core/tests	.specula-output/confirmation/CR-2/worktree/crates/swbus-core/tests	directory	0775	1783607016126856046				mkdir	run-directory		
.specula-output/confirmation/CR-2/worktree/crates/swbus-core/tests/README.md	.specula-output/confirmation/CR-2/worktree/crates/swbus-core/tests/README.md	file	0664	1783607016125856027	4503	e2741cb85a00b0bc3d26d64aa03266506a734ac0c05f9e9ce047e2c04d4f0203		copy	run-evidence		
.specula-output/confirmation/CR-2/worktree/crates/swbus-core/tests/basic_tests.rs	.specula-output/confirmation/CR-2/worktree/crates/swbus-core/tests/basic_tests.rs	file	0664	1783607016125856027	1282	7ae57d1b5ee64a505e5fb02426585f4569dfc5b609583462372c83eb993a3199		copy	run-evidence		
.specula-output/confirmation/CR-2/worktree/crates/swbus-core/tests/common	.specula-output/confirmation/CR-2/worktree/crates/swbus-core/tests/common	directory	0775	1783607016125856027				mkdir	run-directory		
.specula-output/confirmation/CR-2/worktree/crates/swbus-core/tests/common/mod.rs	.specula-output/confirmation/CR-2/worktree/crates/swbus-core/tests/common/mod.rs	file	0664	1783607016125856027	23	4bffae5c73b3fb27a869ffb553a542afe718b36f6ca9c879789a7d562ef2aa38		copy	run-evidence		
.specula-output/confirmation/CR-2/worktree/crates/swbus-core/tests/common/test_executor.rs	.specula-output/confirmation/CR-2/worktree/crates/swbus-core/tests/common/test_executor.rs	file	0664	1783607016125856027	9518	f5d2563cc8f5bc5b906d9d550ad88b43545279fe31de0eb0c62dc651d19f020d		copy	run-evidence		
.specula-output/confirmation/CR-2/worktree/crates/swbus-core/tests/data	.specula-output/confirmation/CR-2/worktree/crates/swbus-core/tests/data	directory	0775	1783607016126856046				mkdir	run-directory		
.specula-output/confirmation/CR-2/worktree/crates/swbus-core/tests/data/b2b	.specula-output/confirmation/CR-2/worktree/crates/swbus-core/tests/data/b2b	directory	0775	1783607016126856046				mkdir	run-directory		
.specula-output/confirmation/CR-2/worktree/crates/swbus-core/tests/data/b2b/test_ping.json	.specula-output/confirmation/CR-2/worktree/crates/swbus-core/tests/data/b2b/test_ping.json	file	0664	1783607016126856046	3861	121c48e72ddada29549444f3f369b880c786a3b8bcc3be90829993c839e20334		copy	run-evidence		
.specula-output/confirmation/CR-2/worktree/crates/swbus-core/tests/data/b2b/test_show_route.json	.specula-output/confirmation/CR-2/worktree/crates/swbus-core/tests/data/b2b/test_show_route.json	file	0664	1783607016126856046	2406	4d770ea007370b04d62c7e9abad7547cef35af72de4973e8ceffbfe7d2efb48c		copy	run-evidence		
.specula-output/confirmation/CR-2/worktree/crates/swbus-core/tests/data/b2b/test_trace_route.json	.specula-output/confirmation/CR-2/worktree/crates/swbus-core/tests/data/b2b/test_trace_route.json	file	0664	1783607016126856046	3825	d66b6a38c8d290e3220a3a59b8928fa460126b411607c6a6367f4b37406b132a		copy	run-evidence		
.specula-output/confirmation/CR-2/worktree/crates/swbus-core/tests/data/b2b/topo.json	.specula-output/confirmation/CR-2/worktree/crates/swbus-core/tests/data/b2b/topo.json	file	0664	1783607016126856046	1129	7f245989e5059b18fabf7b5a16c7d775bf74792684f6550799515fd7d5a36dee		copy	run-evidence		
.specula-output/confirmation/CR-2/worktree/crates/swbus-core/tests/data/inter-cluster	.specula-output/confirmation/CR-2/worktree/crates/swbus-core/tests/data/inter-cluster	directory	0775	1783607016126856046				mkdir	run-directory		
.specula-output/confirmation/CR-2/worktree/crates/swbus-core/tests/data/inter-cluster/test_ping.json	.specula-output/confirmation/CR-2/worktree/crates/swbus-core/tests/data/inter-cluster/test_ping.json	file	0664	1783607016126856046	1240	384b680d1ab080bf5676feb07454d59fe9c231f6b999d94e817de1a8b8fcaa30		copy	run-evidence		
.specula-output/confirmation/CR-2/worktree/crates/swbus-core/tests/data/inter-cluster/test_show_route.json	.specula-output/confirmation/CR-2/worktree/crates/swbus-core/tests/data/inter-cluster/test_show_route.json	file	0664	1783607016126856046	3159	d720404da221821256a32fbfd0c1e7fe7c80d5ddb11a01f1d10eac2e94789c30		copy	run-evidence		
.specula-output/confirmation/CR-2/worktree/crates/swbus-core/tests/data/inter-cluster/topo.json	.specula-output/confirmation/CR-2/worktree/crates/swbus-core/tests/data/inter-cluster/topo.json	file	0664	1783607016126856046	2628	10ccb3a884b12e8cb8cc38a5800e6109f4d0c5adefd6c106a3982942c4117fe4		copy	run-evidence		
.specula-output/confirmation/CR-2/worktree/crates/swbus-core/tests/inter_cluster_tests.rs	.specula-output/confirmation/CR-2/worktree/crates/swbus-core/tests/inter_cluster_tests.rs	file	0664	1783607016126856046	972	c475273e93281d918b0e00f56b58b8a7b710a48bdffe43e2aa217043f5a6accc		copy	run-evidence		
.specula-output/confirmation/CR-2/worktree/crates/swbus-edge	.specula-output/confirmation/CR-2/worktree/crates/swbus-edge	directory	0775	1783607016126856046				mkdir	run-directory		
.specula-output/confirmation/CR-2/worktree/crates/swbus-edge/Cargo.toml	.specula-output/confirmation/CR-2/worktree/crates/swbus-edge/Cargo.toml	file	0664	1783607016126856046	752	6eabac2ce4f046ba26b173216304859075b31429651a1d9acaea0ed63e2ce59f		copy	run-evidence		
.specula-output/confirmation/CR-2/worktree/crates/swbus-edge/src	.specula-output/confirmation/CR-2/worktree/crates/swbus-edge/src	directory	0775	1783607016126856046				mkdir	run-directory		
.specula-output/confirmation/CR-2/worktree/crates/swbus-edge/src/core_client.rs	.specula-output/confirmation/CR-2/worktree/crates/swbus-edge/src/core_client.rs	file	0664	1783607016126856046	7284	4c51402847f363a0e62ccc7c2861d95546c89f07a7e396751b2dee6de3f7f4a4		copy	run-evidence		
.specula-output/confirmation/CR-2/worktree/crates/swbus-edge/src/edge_runtime.rs	.specula-output/confirmation/CR-2/worktree/crates/swbus-edge/src/edge_runtime.rs	file	0664	1783607016126856046	10890	7d5d3a0ba3fdd67421da20c188922d30f01943b30a86215f17d0872251244913		copy	run-evidence		
.specula-output/confirmation/CR-2/worktree/crates/swbus-edge/src/lib.rs	.specula-output/confirmation/CR-2/worktree/crates/swbus-edge/src/lib.rs	file	0664	1783607016126856046	576	faa5c95b88dd1e34c954c7b8f1c0b07bca26b7a3d3bde04cfe632e4751790235		copy	run-evidence		
.specula-output/confirmation/CR-2/worktree/crates/swbus-edge/src/message_handler_proxy.rs	.specula-output/confirmation/CR-2/worktree/crates/swbus-edge/src/message_handler_proxy.rs	file	0664	1783607016126856046	749	cfc59cbcbc8d0d7c834282aa40a9f0831cdf01ff2af7c5cf48ad59e29fb390f3		copy	run-evidence		
.specula-output/confirmation/CR-2/worktree/crates/swbus-edge/src/message_router	.specula-output/confirmation/CR-2/worktree/crates/swbus-edge/src/message_router	directory	0775	1783607016126856046				mkdir	run-directory		
.specula-output/confirmation/CR-2/worktree/crates/swbus-edge/src/message_router.rs	.specula-output/confirmation/CR-2/worktree/crates/swbus-edge/src/message_router.rs	file	0664	1783607016126856046	4376	75ccbe703a6d3a085d1d201d25ed68166cbfffe81253171fc5238ca35dfa3678		copy	run-evidence		
.specula-output/confirmation/CR-2/worktree/crates/swbus-edge/src/message_router/route_map.rs	.specula-output/confirmation/CR-2/worktree/crates/swbus-edge/src/message_router/route_map.rs	file	0664	1783607016126856046	1159	3fa445253853cba9c638369165ade9035f4a2c5d468c2cf349e7acd46b9722fc		copy	run-evidence		
.specula-output/confirmation/CR-2/worktree/crates/swbus-edge/src/simple_client.rs	.specula-output/confirmation/CR-2/worktree/crates/swbus-edge/src/simple_client.rs	file	0664	1783607016126856046	8859	7cb77df0b2ab1f2769bcffc19c837c968e7441843dd1108ec9bbc005cc45b4ec		copy	run-evidence		
.specula-output/confirmation/CR-2/worktree/crates/swbus-proto	.specula-output/confirmation/CR-2/worktree/crates/swbus-proto	directory	0775	1783607016127856064				mkdir	run-directory		
.specula-output/confirmation/CR-2/worktree/crates/swbus-proto/Cargo.toml	.specula-output/confirmation/CR-2/worktree/crates/swbus-proto/Cargo.toml	file	0664	1783607016126856046	558	53075c8a8953b79a5af426c44e916d9173cf353783d330db43f605f2d7464c60		copy	run-evidence		
.specula-output/confirmation/CR-2/worktree/crates/swbus-proto/build.rs	.specula-output/confirmation/CR-2/worktree/crates/swbus-proto/build.rs	file	0664	1783607016126856046	2026	475cdc9bca2eccbcbb42c7d6a07d2722669cef7228295088c8274cd681dd4484		copy	run-evidence		
.specula-output/confirmation/CR-2/worktree/crates/swbus-proto/proto	.specula-output/confirmation/CR-2/worktree/crates/swbus-proto/proto	directory	0775	1783607016126856046				mkdir	run-directory		
.specula-output/confirmation/CR-2/worktree/crates/swbus-proto/proto/swbus.proto	.specula-output/confirmation/CR-2/worktree/crates/swbus-proto/proto/swbus.proto	file	0664	1783607016126856046	6294	aac645c86603c5df39e5077aa1f869c542a0ca1421d44d8e1fca8f6ff3e636ea		copy	run-evidence		
.specula-output/confirmation/CR-2/worktree/crates/swbus-proto/src	.specula-output/confirmation/CR-2/worktree/crates/swbus-proto/src	directory	0775	1783607016127856064				mkdir	run-directory		
.specula-output/confirmation/CR-2/worktree/crates/swbus-proto/src/lib.rs	.specula-output/confirmation/CR-2/worktree/crates/swbus-proto/src/lib.rs	file	0664	1783607016127856064	61	d17df02f80826a817591af5b5010b0f6ac4898f5699eacd91ad7b47196752c22		copy	run-evidence		
.specula-output/confirmation/CR-2/worktree/crates/swbus-proto/src/message_id_generator.rs	.specula-output/confirmation/CR-2/worktree/crates/swbus-proto/src/message_id_generator.rs	file	0664	1783607016127856064	843	e719f9dd9bed5b86769144312a3c1e3a9af6c8767092dc9486d67bb3abb8fc11		copy	run-evidence		
.specula-output/confirmation/CR-2/worktree/crates/swbus-proto/src/result.rs	.specula-output/confirmation/CR-2/worktree/crates/swbus-proto/src/result.rs	file	0664	1783607016127856064	2424	a96858c007b047d749ea20494a2e1231eff29c547de8b7ebb0040ad8c5dd4676		copy	run-evidence		
.specula-output/confirmation/CR-2/worktree/crates/swbus-proto/src/swbus.rs	.specula-output/confirmation/CR-2/worktree/crates/swbus-proto/src/swbus.rs	file	0664	1783607016127856064	23852	20d8e932178d8c48aede8b3d87b633155c3ca9565b0f185aed190970c0a6ee42		copy	run-evidence		
.specula-output/confirmation/CR-2/worktree/crates/swbusd	.specula-output/confirmation/CR-2/worktree/crates/swbusd	directory	0775	1783607016127856064				mkdir	run-directory		
.specula-output/confirmation/CR-2/worktree/crates/swbusd/Cargo.toml	.specula-output/confirmation/CR-2/worktree/crates/swbusd/Cargo.toml	file	0664	1783607016127856064	717	54924fd7838c8233ff4bb1a2c69ab2d64c508e01b855299dcd305d24f38c5bf1		copy	run-evidence		
.specula-output/confirmation/CR-2/worktree/crates/swbusd/sample	.specula-output/confirmation/CR-2/worktree/crates/swbusd/sample	directory	0775	1783607016127856064				mkdir	run-directory		
.specula-output/confirmation/CR-2/worktree/crates/swbusd/sample/inter-cluster	.specula-output/confirmation/CR-2/worktree/crates/swbusd/sample/inter-cluster	directory	0775	1783607016127856064				mkdir	run-directory		
.specula-output/confirmation/CR-2/worktree/crates/swbusd/sample/inter-cluster/swbusd_cluster-a.10.0.0.1.cfg	.specula-output/confirmation/CR-2/worktree/crates/swbusd/sample/inter-cluster/swbusd_cluster-a.10.0.0.1.cfg	file	0664	1783607016127856064	470	0f011fc137e242399d46c0b5f2c340f26d6f32f92a44316a10e4e1c7e388e9a1		copy	run-evidence		
.specula-output/confirmation/CR-2/worktree/crates/swbusd/sample/inter-cluster/swbusd_cluster-a.10.0.0.2.cfg	.specula-output/confirmation/CR-2/worktree/crates/swbusd/sample/inter-cluster/swbusd_cluster-a.10.0.0.2.cfg	file	0664	1783607016127856064	274	196dd09c012bef6ace2d36fb3911625f4cdaf808059fb519418e398080c76999		copy	run-evidence		
.specula-output/confirmation/CR-2/worktree/crates/swbusd/sample/inter-cluster/swbusd_cluster-b.11.0.0.1.cfg	.specula-output/confirmation/CR-2/worktree/crates/swbusd/sample/inter-cluster/swbusd_cluster-b.11.0.0.1.cfg	file	0664	1783607016127856064	343	eb4623b5c1f3c39b3e402fdb41ca86aef420b5a8a3650613f2a9823b04ac55bf		copy	run-evidence		
.specula-output/confirmation/CR-2/worktree/crates/swbusd/sample/swbusd1.cfg	.specula-output/confirmation/CR-2/worktree/crates/swbusd/sample/swbusd1.cfg	file	0664	1783607016127856064	344	5048fdda47d8a6f85ecf7552fa66ebbb4d3ed5b785f836a720b7eeb51bd22b19		copy	run-evidence		
.specula-output/confirmation/CR-2/worktree/crates/swbusd/sample/swbusd2.cfg	.specula-output/confirmation/CR-2/worktree/crates/swbusd/sample/swbusd2.cfg	file	0664	1783607016127856064	274	196dd09c012bef6ace2d36fb3911625f4cdaf808059fb519418e398080c76999		copy	run-evidence		
.specula-output/confirmation/CR-2/worktree/crates/swbusd/src	.specula-output/confirmation/CR-2/worktree/crates/swbusd/src	directory	0775	1783607016127856064				mkdir	run-directory		
.specula-output/confirmation/CR-2/worktree/crates/swbusd/src/main.rs	.specula-output/confirmation/CR-2/worktree/crates/swbusd/src/main.rs	file	0664	1783607016127856064	1262	967c40e9b6ba91ab7884f883516746bf5b6bcd94aa38cec68485a427e32b9fd4		copy	run-evidence		
.specula-output/confirmation/CR-2/worktree/crates/swss-common-bridge	.specula-output/confirmation/CR-2/worktree/crates/swss-common-bridge	directory	0775	1783607016127856064				mkdir	run-directory		
.specula-output/confirmation/CR-2/worktree/crates/swss-common-bridge/Cargo.toml	.specula-output/confirmation/CR-2/worktree/crates/swss-common-bridge/Cargo.toml	file	0664	1783607016127856064	755	90d0fd07f27224840f9e8aa43ae6d16be1e433fdcd9bffed3e9d7d5c27f0caac		copy	run-evidence		
.specula-output/confirmation/CR-2/worktree/crates/swss-common-bridge/src	.specula-output/confirmation/CR-2/worktree/crates/swss-common-bridge/src	directory	0775	1783607016127856064				mkdir	run-directory		
.specula-output/confirmation/CR-2/worktree/crates/swss-common-bridge/src/consumer.rs	.specula-output/confirmation/CR-2/worktree/crates/swss-common-bridge/src/consumer.rs	file	0664	1783607016127856064	15722	d29510353c47d63cc4732f9075e55428f5605a35cb40c84728bfe585e3b6ae81		copy	run-evidence		
.specula-output/confirmation/CR-2/worktree/crates/swss-common-bridge/src/lib.rs	.specula-output/confirmation/CR-2/worktree/crates/swss-common-bridge/src/lib.rs	file	0664	1783607016127856064	2341	d50bada2027ab4bdfe19da142733e301550d8a13a43b728baf38f1dc0a95f619		copy	run-evidence		
.specula-output/confirmation/CR-2/worktree/crates/swss-common-bridge/src/producer.rs	.specula-output/confirmation/CR-2/worktree/crates/swss-common-bridge/src/producer.rs	file	0664	1783607016127856064	16096	e6204c6c8b791275c57cb4d4818b4c1c2be3cc0bf6e317bd95743aa20527d18a		copy	run-evidence		
.specula-output/confirmation/CR-2/worktree/crates/swss-serde	.specula-output/confirmation/CR-2/worktree/crates/swss-serde	directory	0775	1783607016127856064				mkdir	run-directory		
.specula-output/confirmation/CR-2/worktree/crates/swss-serde/Cargo.toml	.specula-output/confirmation/CR-2/worktree/crates/swss-serde/Cargo.toml	file	0664	1783607016127856064	409	996d81b6c4c147fde077b633256c11bd82fa1e005462fc46dca009ae66a3bead		copy	run-evidence		
.specula-output/confirmation/CR-2/worktree/crates/swss-serde/src	.specula-output/confirmation/CR-2/worktree/crates/swss-serde/src	directory	0775	1783607016128856082				mkdir	run-directory		
.specula-output/confirmation/CR-2/worktree/crates/swss-serde/src/error.rs	.specula-output/confirmation/CR-2/worktree/crates/swss-serde/src/error.rs	file	0664	1783607016127856064	595	cde10988fad503119f0fcfff46c95c6b2173005227d97f6e412499269c64e017		copy	run-evidence		
.specula-output/confirmation/CR-2/worktree/crates/swss-serde/src/field_value.rs	.specula-output/confirmation/CR-2/worktree/crates/swss-serde/src/field_value.rs	file	0664	1783607016128856082	10246	8a9087750327abf38082b37f096912427bfb3306dbe93c986947c8325d1565b9		copy	run-evidence		
.specula-output/confirmation/CR-2/worktree/crates/swss-serde/src/field_values.rs	.specula-output/confirmation/CR-2/worktree/crates/swss-serde/src/field_values.rs	file	0664	1783607016128856082	5341	4bdecb30295f4d23fdb2425d040c4cc4dcfff22331112d8ad441ce91ed524ef8		copy	run-evidence		
.specula-output/confirmation/CR-2/worktree/crates/swss-serde/src/lib.rs	.specula-output/confirmation/CR-2/worktree/crates/swss-serde/src/lib.rs	file	0664	1783607016128856082	1359	5ed868b6f5d73e9e01ccfef09f376878eaf337279e11c19ddbaea191839bb578		copy	run-evidence		
.specula-output/confirmation/CR-2/worktree/crates/swss-serde/src/table.rs	.specula-output/confirmation/CR-2/worktree/crates/swss-serde/src/table.rs	file	0664	1783607016128856082	3496	8761b69bf3fc7ab4f824400e828437f3e05c64707ab27772c0ebdc94d3e5fb92		copy	run-evidence		
.specula-output/confirmation/CR-2/worktree/crates/swss-serde/src/test.rs	.specula-output/confirmation/CR-2/worktree/crates/swss-serde/src/test.rs	file	0664	1783607016128856082	5878	ba5857b01fa8dcc87b8107f3f475c996b370fd65efe9c8c944d6123de14559fa		copy	run-evidence		
.specula-output/confirmation/CR-2/worktree/debian	.specula-output/confirmation/CR-2/worktree/debian	directory	0775	1783607016128856082				mkdir	run-directory		
.specula-output/confirmation/CR-2/worktree/debian/.gitignore	.record/source-control/.specula-output/confirmation/CR-2/worktree/debian/gitignore.source	file	0664	1783607016128856082	66	5ba161d24cf3cf6ca666052cd4a803bc4c5b4513f2f2d8ce173dd44ac27b332c		copy	run-evidence		
.specula-output/confirmation/CR-2/worktree/debian/changelog	.specula-output/confirmation/CR-2/worktree/debian/changelog	file	0664	1783607016128856082	133	b0e4c77158baf68f5f4e44a9e9cf8cc2cb87fb1e5d972d5c8ece7ec12bcf9ebf		copy	run-evidence		
.specula-output/confirmation/CR-2/worktree/debian/compat	.specula-output/confirmation/CR-2/worktree/debian/compat	file	0664	1783607016128856082	2	4fc82b26aecb47d2868c4efbe3581732a3e7cbcc6c2efb32062c08170a05eeb8		copy	run-evidence		
.specula-output/confirmation/CR-2/worktree/debian/control	.specula-output/confirmation/CR-2/worktree/debian/control	file	0664	1783607016128856082	402	dc830719b6f4481a9ceb047afe697fd9646c1bc4004c3044954d142af14c3300		copy	run-evidence		
.specula-output/confirmation/CR-2/worktree/debian/install	.specula-output/confirmation/CR-2/worktree/debian/install	file	0664	1783607016128856082	130	191b4426c4b291ad2a887f4ca2ff8f117b3e011c79935548c46427b23a5b0f8f		copy	run-evidence		
.specula-output/confirmation/CR-2/worktree/debian/rules	.specula-output/confirmation/CR-2/worktree/debian/rules	file	0775	1783607016128856082	345	7cde28e0b934350b9de186d64baad0f0b9eed95dd6992125c8e29d0175d735bc		copy	run-evidence		
.specula-output/confirmation/CR-2/worktree/rustfmt.toml	.specula-output/confirmation/CR-2/worktree/rustfmt.toml	file	0664	1783607016128856082	443	b978c41d933c21053898dcf392291fd90addd3558f99149227132b85a17be027		copy	run-evidence		
.specula-output/confirmation/CR-2/worktree/scripts	.specula-output/confirmation/CR-2/worktree/scripts	directory	0775	1783607016128856082				mkdir	run-directory		
.specula-output/confirmation/CR-2/worktree/scripts/wait_for_loopback.py	.specula-output/confirmation/CR-2/worktree/scripts/wait_for_loopback.py	file	0664	1783607016128856082	3525	5f8d0244c51cb5dcce41f42706430bbe3f918f054c3242a8b4736cd78e6caf9d		copy	run-evidence		
.specula-output/confirmation/CR-2/worktree/target		directory	0755	1783607355790149825				exclude	non-evidence	build-or-generated-cache	
.specula-output/confirmation/CR-2/worktree/test_utils	.specula-output/confirmation/CR-2/worktree/test_utils	directory	0775	1783607016128856082				mkdir	run-directory		
.specula-output/confirmation/CR-2/worktree/test_utils/README.md	.specula-output/confirmation/CR-2/worktree/test_utils/README.md	file	0664	1783607016128856082	488	94110682d023d1d8e19ad8c9252057b8254259c7b9764fc5e66fc513d93cfac8		copy	run-evidence		
.specula-output/confirmation/CR-2/worktree/test_utils/hamgrd	.specula-output/confirmation/CR-2/worktree/test_utils/hamgrd	directory	0775	1783607016128856082				mkdir	run-directory		
.specula-output/confirmation/CR-2/worktree/test_utils/hamgrd/database_config.json	.specula-output/confirmation/CR-2/worktree/test_utils/hamgrd/database_config.json	file	0664	1783607016128856082	968	1de32db1a468dc0ef74752b4b693dcc1b53113f4dc591ba2946e1cc25dbc931d		copy	run-evidence		
.specula-output/confirmation/CR-2/worktree/test_utils/hamgrd/database_global.json	.specula-output/confirmation/CR-2/worktree/test_utils/hamgrd/database_global.json	file	0664	1783607016128856082	245	33c792f9b464a3934fb39e6d1a1ef16f0df3bdc103dfd5851dfcdc7da7e8a082		copy	run-evidence		
.specula-output/confirmation/CR-2/worktree/test_utils/hamgrd/redis_data_planned_up_then_down.cmd	.specula-output/confirmation/CR-2/worktree/test_utils/hamgrd/redis_data_planned_up_then_down.cmd	file	0664	1783607016128856082	1090	24e710b2196e98324a34e4152d70eebeb633dcd0f0ba0000c812cf1f12a8af85		copy	run-evidence		
.specula-output/confirmation/CR-2/worktree/test_utils/hamgrd/redis_data_set.cmd	.specula-output/confirmation/CR-2/worktree/test_utils/hamgrd/redis_data_set.cmd	file	0664	1783607016128856082	3476	608c1fa7508acf661de34ffd3249560029fb8788dcbd732ea83b36db964afefd		copy	run-evidence		
.specula-output/confirmation/CR-2/worktree/test_utils/hamgrd/redis_data_set_full.cmd	.specula-output/confirmation/CR-2/worktree/test_utils/hamgrd/redis_data_set_full.cmd	file	0664	1783607016128856082	5031	5ac73f5017d2955a45767e803b3a2e6d206bd433118109bd55b26f7254ccb6c6		copy	run-evidence		
.specula-output/confirmation/CR-2/worktree/test_utils/run_redis.sh	.specula-output/confirmation/CR-2/worktree/test_utils/run_redis.sh	file	0775	1783607016128856082	490	a17fe5c24818986e4b2f525924890927c5a4a7ccf2df29c025ab050d54289f7e		copy	run-evidence		
.specula-output/confirmation/CR-3	.specula-output/confirmation/CR-3	directory	0775	1783607532316596530				mkdir	run-directory		
.specula-output/confirmation/CR-3/debate.md	.specula-output/confirmation/CR-3/debate.md	file	0664	1783607532305596318	322031	90cf6eeb3df6f7f3d7a596d36392bed04ac5deb1513ea8282aad07eb93b1622a		copy	run-evidence		
.specula-output/confirmation/CR-3/turn01_A.log	.specula-output/confirmation/CR-3/turn01_A.log	file	0664	1783607531760585821	321985	cd8381e76e702ac38d21c47f9185b25ac2bdcb332abf2082084247447c5e794e		copy	run-evidence		
.specula-output/confirmation/CR-3/turn01_A.prompt.md	.specula-output/confirmation/CR-3/turn01_A.prompt.md	file	0664	1783607321735518554	14056	f705cc1afaa9ce543fb9a5f880075200cd4fd209593b5dea151c9f6df8d4c92b		copy	run-evidence		
.specula-output/confirmation/CR-3/turn01_A.usage.json	.specula-output/confirmation/CR-3/turn01_A.usage.json	file	0664	1783607532298596183	245	9d20d6ecf6bef0bba327efb6654473376f106eb21da5bc4be0c6dd2f5cb45b00		copy	run-evidence		
.specula-output/confirmation/CR-3/verdict.json	.specula-output/confirmation/CR-3/verdict.json	file	0664	1783607532317596549	339132	31ddb629c0bbf3cc4fb69ce64c7a5f979facd34787da357e6e0a3fd3b5c97821		copy	run-evidence		
.specula-output/confirmation/CR-5	.specula-output/confirmation/CR-5	directory	0775	1783607714471060794				mkdir	run-directory		
.specula-output/confirmation/CR-5/debate.md	.specula-output/confirmation/CR-5/debate.md	file	0664	1783607714461060603	294671	d1b631f6c8516601b67ebfcae0c3a990aab501c067690cbe203f35d8f24697c6		copy	run-evidence		
.specula-output/confirmation/CR-5/turn01_A.log	.specula-output/confirmation/CR-5/turn01_A.log	file	0664	1783607713851048975	294625	3ea69b8b3c7d722e2973a1a3441486f25a770269df70c355760f87458c299a76		copy	run-evidence		
.specula-output/confirmation/CR-5/turn01_A.prompt.md	.specula-output/confirmation/CR-5/turn01_A.prompt.md	file	0664	1783607532336596915	14124	0274024f14a0595c89f24aa2404b95afdb3e9275c23354a763939fbadabee935		copy	run-evidence		
.specula-output/confirmation/CR-5/turn01_A.usage.json	.specula-output/confirmation/CR-5/turn01_A.usage.json	file	0664	1783607714453060451	245	314c0e8996245aed32a2c215810242ac05a3bfaeeea5dde609397a11f02cd534		copy	run-evidence		
.specula-output/confirmation/CR-5/verdict.json	.specula-output/confirmation/CR-5/verdict.json	file	0664	1783607714472060813	302415	227e86ac505f1219008f36055203e59a3dfd1bd64b144c9b6fe5b2b9d2c8f468		copy	run-evidence		
.specula-output/confirmation/MC-1	.specula-output/confirmation/MC-1	directory	0775	1783606392965182855				mkdir	run-directory		
.specula-output/confirmation/MC-1/debate.md	.specula-output/confirmation/MC-1/debate.md	file	0664	1783606392956182688	585196	1d0dc9def3aa94f3571999a49e54a674df83819d1c2eed8c3984ba62214167a2		copy	run-evidence		
.specula-output/confirmation/MC-1/repair-request.body.md	.specula-output/confirmation/MC-1/repair-request.body.md	file	0664	1783606349287373456	2801	1847ba57c992c846811711cf6148d771fd90f3856ac989dbf5af69e16f022adb		copy	run-evidence		
.specula-output/confirmation/MC-1/turn01_A.log	.specula-output/confirmation/MC-1/turn01_A.log	file	0664	1783606392447173231	585150	d0ddef7fa1997028487ccc95b732995f430b4a3279c45b57b3fef945fefec4b7		copy	run-evidence		
.specula-output/confirmation/MC-1/turn01_A.prompt.md	.specula-output/confirmation/MC-1/turn01_A.prompt.md	file	0664	1783605896364969483	14450	6bcf0337a5eb41404846d1f555567e0fec88bc540af2c7b2db864a978cee3f99		copy	run-evidence		
.specula-output/confirmation/MC-1/turn01_A.usage.json	.specula-output/confirmation/MC-1/turn01_A.usage.json	file	0664	1783606392944182465	245	c0a1775f5ed95875b361c28bc44be49e663137944a81421473a1d9c432a7043e		copy	run-evidence		
.specula-output/confirmation/MC-1/verdict.json	.specula-output/confirmation/MC-1/verdict.json	file	0664	1783607928685061212	608708	1660b5c38fe67c18c3f24ef0742abb1387d82f7a2596f2a1f4b7cf6298449604		copy	run-evidence		
.specula-output/confirmation/MC-1/worktree	.specula-output/confirmation/MC-1/worktree	directory	0775	1783606392959182744				mkdir	run-directory		
.specula-output/confirmation/MC-1/worktree/.git		file	0664	1783605896343969094	119	78fad1793a3ee739bd4863be5e110c2946c30be44bcaf702fc995ab98969442c		exclude	non-evidence	git-metadata	
.specula-output/confirmation/MC-1/worktree/.gitignore	.record/source-control/.specula-output/confirmation/MC-1/worktree/gitignore.source	file	0664	1783605896349969205	63	1362d8ecf612bff1ef3ef5f59dc941311a4c6d370176ee3fac2d6cf5dfa3d1e6		copy	run-evidence		
.specula-output/confirmation/MC-1/worktree/.pre-commit-config.yaml	.specula-output/confirmation/MC-1/worktree/.pre-commit-config.yaml	file	0664	1783605896349969205	975	06442782b6b7979294be9ec6cc14f1ecc0eec90d3c31ed7aa93075eba188b87d		copy	run-evidence		
.specula-output/confirmation/MC-1/worktree/Cargo.lock	.specula-output/confirmation/MC-1/worktree/Cargo.lock	file	0664	1783605896349969205	73759	55dfa1a975d6b3474b152fd1180861ca840793e7821799e3dfdb6c3e6a5d6459		copy	run-evidence		
.specula-output/confirmation/MC-1/worktree/Cargo.toml	.specula-output/confirmation/MC-1/worktree/Cargo.toml	file	0664	1783605896349969205	3193	e3dc3c58d5118c233e79d7c9792584060b66b41b505974718ae506a932031fc3		copy	run-evidence		
.specula-output/confirmation/MC-1/worktree/LICENSE	.specula-output/confirmation/MC-1/worktree/LICENSE	file	0664	1783605896349969205	555	64f72cf7a9753b300106dd2a2b058feb084cc105c2ad359a2320f372504d49c8		copy	run-evidence		
.specula-output/confirmation/MC-1/worktree/Makefile	.specula-output/confirmation/MC-1/worktree/Makefile	file	0664	1783605896349969205	1500	4b8e6dfaf74b0d71d23644d1ee70c6459a377bd883764c0632e0545f1c165202		copy	run-evidence		
.specula-output/confirmation/MC-1/worktree/README.md	.specula-output/confirmation/MC-1/worktree/README.md	file	0664	1783605896349969205	2258	a586c1b3947fa180a9687299db907422b38de00f41a0c60c9bdb58e3da32f994		copy	run-evidence		
.specula-output/confirmation/MC-1/worktree/crates	.specula-output/confirmation/MC-1/worktree/crates	directory	0775	1783605896360969409				mkdir	run-directory		
.specula-output/confirmation/MC-1/worktree/crates/container	.specula-output/confirmation/MC-1/worktree/crates/container	directory	0775	1783605896350969223				mkdir	run-directory		
.specula-output/confirmation/MC-1/worktree/crates/container/Cargo.toml	.specula-output/confirmation/MC-1/worktree/crates/container/Cargo.toml	file	0664	1783605896350969223	543	4ad8767d8c5f5d31bbeddeaa23c3a0887ee9efa8875a988e78a849f0fa8ab463		copy	run-evidence		
.specula-output/confirmation/MC-1/worktree/crates/container/src	.specula-output/confirmation/MC-1/worktree/crates/container/src	directory	0775	1783605896350969223				mkdir	run-directory		
.specula-output/confirmation/MC-1/worktree/crates/container/src/container.rs	.specula-output/confirmation/MC-1/worktree/crates/container/src/container.rs	file	0664	1783605896350969223	13473	fdd146e2a3c44d5d102092554290a6ab82ec78b529b31e92f5371899d1a13461		copy	run-evidence		
.specula-output/confirmation/MC-1/worktree/crates/container/src/main.rs	.specula-output/confirmation/MC-1/worktree/crates/container/src/main.rs	file	0664	1783605896350969223	1402	8804dad7b22eb1b3c4809fd1ca77458214320d6cd109136faba05d0e0005920e		copy	run-evidence		
.specula-output/confirmation/MC-1/worktree/crates/hamgrd	.specula-output/confirmation/MC-1/worktree/crates/hamgrd	directory	0775	1783605896350969223				mkdir	run-directory		
.specula-output/confirmation/MC-1/worktree/crates/hamgrd/Cargo.toml	.specula-output/confirmation/MC-1/worktree/crates/hamgrd/Cargo.toml	file	0664	1783605896350969223	1091	dfcecf0cc5aa0ddeb66899facb1f4e78afde2437e4caf634677e4d08ebaf85a4		copy	run-evidence		
.specula-output/confirmation/MC-1/worktree/crates/hamgrd/src	.specula-output/confirmation/MC-1/worktree/crates/hamgrd/src	directory	0775	1783605896351969242				mkdir	run-directory		
.specula-output/confirmation/MC-1/worktree/crates/hamgrd/src/actors	.specula-output/confirmation/MC-1/worktree/crates/hamgrd/src/actors	directory	0775	1783605896351969242				mkdir	run-directory		
.specula-output/confirmation/MC-1/worktree/crates/hamgrd/src/actors.rs	.specula-output/confirmation/MC-1/worktree/crates/hamgrd/src/actors.rs	file	0664	1783605896350969223	10857	60b97fd54b124162e2691fb612c18f23bfa411a0d7dd4cc2faafdac1dd7ff889		copy	run-evidence		
.specula-output/confirmation/MC-1/worktree/crates/hamgrd/src/actors/dpu.rs	.specula-output/confirmation/MC-1/worktree/crates/hamgrd/src/actors/dpu.rs	file	0664	1783605896350969223	27800	1f9135dc244e019d3f860f8b419748099be6158b82238b40d6f5ef73e67a70d4		copy	run-evidence		
.specula-output/confirmation/MC-1/worktree/crates/hamgrd/src/actors/ha_scope.rs	.specula-output/confirmation/MC-1/worktree/crates/hamgrd/src/actors/ha_scope.rs	file	0664	1783606251793563500	50160	3159ba6e7dc63a211ab54ac4466b6e475c1ad72c84a451b3497902f56fad6ab5		copy	run-evidence		
.specula-output/confirmation/MC-1/worktree/crates/hamgrd/src/actors/ha_set.rs	.specula-output/confirmation/MC-1/worktree/crates/hamgrd/src/actors/ha_set.rs	file	0664	1783605896350969223	54279	0ddf6b21740c84bd17b1113b4497d1c8fca1cdded0669028efe4b3751afee8c3		copy	run-evidence		
.specula-output/confirmation/MC-1/worktree/crates/hamgrd/src/actors/test.rs	.specula-output/confirmation/MC-1/worktree/crates/hamgrd/src/actors/test.rs	file	0664	1783605896351969242	25740	68fce46b1239953c7ed8e7d248ce4a5ca94ca1fd5587db04909aeb133beb7ce8		copy	run-evidence		
.specula-output/confirmation/MC-1/worktree/crates/hamgrd/src/actors/vdpu.rs	.specula-output/confirmation/MC-1/worktree/crates/hamgrd/src/actors/vdpu.rs	file	0664	1783605896351969242	8755	0e91f79cfa4a07c231c2a04d179cc784314fae6c91349ffdf6586e2e12cb072a		copy	run-evidence		
.specula-output/confirmation/MC-1/worktree/crates/hamgrd/src/db_structs.rs	.specula-output/confirmation/MC-1/worktree/crates/hamgrd/src/db_structs.rs	file	0664	1783605896351969242	34184	a322274850ae6754df30ca8da226e1b18b9d07268a7e41578aae718a2295c74a		copy	run-evidence		
.specula-output/confirmation/MC-1/worktree/crates/hamgrd/src/ha_actor_messages.rs	.specula-output/confirmation/MC-1/worktree/crates/hamgrd/src/ha_actor_messages.rs	file	0664	1783605896351969242	6543	e1a13cdedb85938b77795f331bf3771d088e8bfce8051324f0a69161ee285d68		copy	run-evidence		
.specula-output/confirmation/MC-1/worktree/crates/hamgrd/src/main.rs	.specula-output/confirmation/MC-1/worktree/crates/hamgrd/src/main.rs	file	0664	1783605896351969242	8926	e9a6de6c129eb77fc46132682098b67f3184307f1ad5aeb1783403e8e23552ca		copy	run-evidence		
.specula-output/confirmation/MC-1/worktree/crates/sonic-common	.specula-output/confirmation/MC-1/worktree/crates/sonic-common	directory	0775	1783605896351969242				mkdir	run-directory		
.specula-output/confirmation/MC-1/worktree/crates/sonic-common/Cargo.toml	.specula-output/confirmation/MC-1/worktree/crates/sonic-common/Cargo.toml	file	0664	1783605896351969242	843	1239a0525ec2b948dd0ac2e78b9861a4da144fef3a1b3b5337ff7712dec9c5e5		copy	run-evidence		
.specula-output/confirmation/MC-1/worktree/crates/sonic-common/src	.specula-output/confirmation/MC-1/worktree/crates/sonic-common/src	directory	0775	1783605896351969242				mkdir	run-directory		
.specula-output/confirmation/MC-1/worktree/crates/sonic-common/src/lib.rs	.specula-output/confirmation/MC-1/worktree/crates/sonic-common/src/lib.rs	file	0664	1783605896351969242	573	18239424369eefc097b517348bc38889a2965244d88d7557c7e8568681093722		copy	run-evidence		
.specula-output/confirmation/MC-1/worktree/crates/sonic-common/src/log.rs	.specula-output/confirmation/MC-1/worktree/crates/sonic-common/src/log.rs	file	0664	1783605896351969242	7511	9f51b7708251f05f717e61f926e4893e318ce13905011273a982f08907262180		copy	run-evidence		
.specula-output/confirmation/MC-1/worktree/crates/sonic-common/src/panic.rs	.specula-output/confirmation/MC-1/worktree/crates/sonic-common/src/panic.rs	file	0664	1783605896351969242	1647	571290dc59a3ec765e03aa7c4bb7563d80d73747ae9cb95c697c41f667a8ca95		copy	run-evidence		
.specula-output/confirmation/MC-1/worktree/crates/sonic-dash-api-proto	.specula-output/confirmation/MC-1/worktree/crates/sonic-dash-api-proto	directory	0775	1783605896352969261				mkdir	run-directory		
.specula-output/confirmation/MC-1/worktree/crates/sonic-dash-api-proto/Cargo.toml	.specula-output/confirmation/MC-1/worktree/crates/sonic-dash-api-proto/Cargo.toml	file	0664	1783605896351969242	531	de2b47c4469d3a36868ed6e8dd3f619350358c8cc28a5f5f9d6cec405e1793e3		copy	run-evidence		
.specula-output/confirmation/MC-1/worktree/crates/sonic-dash-api-proto/build.rs	.specula-output/confirmation/MC-1/worktree/crates/sonic-dash-api-proto/build.rs	file	0664	1783605896351969242	2539	d6fbe856e6076167a0474176a3f65fb610390e45a40f3af1ebb46a874b8b3559		copy	run-evidence		
.specula-output/confirmation/MC-1/worktree/crates/sonic-dash-api-proto/sonic-dash-api	.specula-output/confirmation/MC-1/worktree/crates/sonic-dash-api-proto/sonic-dash-api	directory	0775	1783606117753073593				mkdir	run-directory		
.specula-output/confirmation/MC-1/worktree/crates/sonic-dash-api-proto/sonic-dash-api/.azure-pipelines	.specula-output/confirmation/MC-1/worktree/crates/sonic-dash-api-proto/sonic-dash-api/.azure-pipelines	directory	0775	1783606117752073574				mkdir	run-directory		
.specula-output/confirmation/MC-1/worktree/crates/sonic-dash-api-proto/sonic-dash-api/.azure-pipelines/build-template.yml	.specula-output/confirmation/MC-1/worktree/crates/sonic-dash-api-proto/sonic-dash-api/.azure-pipelines/build-template.yml	file	0664	1783606117752073574	1157	451ce6463ef8074b1f8b8e75dd9d3ea31a7615ebf167e0b0d659f7c84b1829ba		copy	run-evidence		
.specula-output/confirmation/MC-1/worktree/crates/sonic-dash-api-proto/sonic-dash-api/.git		file	0664	1783606117742073387	179	ea942abb09b84107d6c68b819f0832e9d57d897781335e39d48553deb63f75a4		exclude	non-evidence	git-metadata	
.specula-output/confirmation/MC-1/worktree/crates/sonic-dash-api-proto/sonic-dash-api/.github	.specula-output/confirmation/MC-1/worktree/crates/sonic-dash-api-proto/sonic-dash-api/.github	directory	0775	1783606117752073574				mkdir	run-directory		
.specula-output/confirmation/MC-1/worktree/crates/sonic-dash-api-proto/sonic-dash-api/.github/copilot-instructions.md	.specula-output/confirmation/MC-1/worktree/crates/sonic-dash-api-proto/sonic-dash-api/.github/copilot-instructions.md	file	0664	1783606117752073574	5543	cf53e2851093ee4279d3cb6b51122c09223fc6b06849a16ca061e7ae8154eb29		copy	run-evidence		
.specula-output/confirmation/MC-1/worktree/crates/sonic-dash-api-proto/sonic-dash-api/.gitignore	.record/source-control/.specula-output/confirmation/MC-1/worktree/crates/sonic-dash-api-proto/sonic-dash-api/gitignore.source	file	0664	1783606117752073574	152	37ae5085387aa46b903bede475c27f1c391bafc70e04f90ad326190dc6f9984a		copy	run-evidence		
.specula-output/confirmation/MC-1/worktree/crates/sonic-dash-api-proto/sonic-dash-api/Makefile	.specula-output/confirmation/MC-1/worktree/crates/sonic-dash-api-proto/sonic-dash-api/Makefile	file	0664	1783606117752073574	2867	6b7a7ee8959734154670386e7e3a8ce8da6c4bffd016c083799d1a830718f71f		copy	run-evidence		
.specula-output/confirmation/MC-1/worktree/crates/sonic-dash-api-proto/sonic-dash-api/README.md	.specula-output/confirmation/MC-1/worktree/crates/sonic-dash-api-proto/sonic-dash-api/README.md	file	0664	1783606117752073574	1462	b3fd7b0c339366692c23500294a116aea8de6e88998b8865f496c7220ba40302		copy	run-evidence		
.specula-output/confirmation/MC-1/worktree/crates/sonic-dash-api-proto/sonic-dash-api/azure-pipelines.yml	.specula-output/confirmation/MC-1/worktree/crates/sonic-dash-api-proto/sonic-dash-api/azure-pipelines.yml	file	0664	1783606117752073574	2850	6a71b850acd5b5220c310b76a649ca04c007f7ffc013791be7c7391edb648bf9		copy	run-evidence		
.specula-output/confirmation/MC-1/worktree/crates/sonic-dash-api-proto/sonic-dash-api/debian	.specula-output/confirmation/MC-1/worktree/crates/sonic-dash-api-proto/sonic-dash-api/debian	directory	0775	1783606117752073574				mkdir	run-directory		
.specula-output/confirmation/MC-1/worktree/crates/sonic-dash-api-proto/sonic-dash-api/debian/changelog	.specula-output/confirmation/MC-1/worktree/crates/sonic-dash-api-proto/sonic-dash-api/debian/changelog	file	0664	1783606117752073574	127	001c5cf3cc6c410458f8bd863f50fbbee5fcec94760be78fa2daf6e3ec985db4		copy	run-evidence		
.specula-output/confirmation/MC-1/worktree/crates/sonic-dash-api-proto/sonic-dash-api/debian/compat	.specula-output/confirmation/MC-1/worktree/crates/sonic-dash-api-proto/sonic-dash-api/debian/compat	file	0664	1783606117752073574	2	4fc82b26aecb47d2868c4efbe3581732a3e7cbcc6c2efb32062c08170a05eeb8		copy	run-evidence		
.specula-output/confirmation/MC-1/worktree/crates/sonic-dash-api-proto/sonic-dash-api/debian/control	.specula-output/confirmation/MC-1/worktree/crates/sonic-dash-api-proto/sonic-dash-api/debian/control	file	0664	1783606117752073574	362	33f4fb53634f991b8e9fee9d1bc0ebcdf95eb5a4789d435152724422743ec0ef		copy	run-evidence		
.specula-output/confirmation/MC-1/worktree/crates/sonic-dash-api-proto/sonic-dash-api/debian/rules	.specula-output/confirmation/MC-1/worktree/crates/sonic-dash-api-proto/sonic-dash-api/debian/rules	file	0775	1783606117752073574	88	885237907618e908f1fc048d94196c6baef3c1eb9398c334cd4cd382e97b9115		copy	run-evidence		
.specula-output/confirmation/MC-1/worktree/crates/sonic-dash-api-proto/sonic-dash-api/misc	.specula-output/confirmation/MC-1/worktree/crates/sonic-dash-api-proto/sonic-dash-api/misc	directory	0775	1783606117753073593				mkdir	run-directory		
.specula-output/confirmation/MC-1/worktree/crates/sonic-dash-api-proto/sonic-dash-api/misc/.gitignore	.record/source-control/.specula-output/confirmation/MC-1/worktree/crates/sonic-dash-api-proto/sonic-dash-api/misc/gitignore.source	file	0664	1783606117752073574	110	65057622390473201d1a7bfa966ca489a4f6b4c65232d115fee498d256c27617		copy	run-evidence		
.specula-output/confirmation/MC-1/worktree/crates/sonic-dash-api-proto/sonic-dash-api/misc/dash_api_utils	.specula-output/confirmation/MC-1/worktree/crates/sonic-dash-api-proto/sonic-dash-api/misc/dash_api_utils	file	0775	1783606117752073574	1673	a54b3116aa2c22f82c8fa7b0181c477b6b8e1770f547efbf6fd07d95e63856b3		copy	run-evidence		
.specula-output/confirmation/MC-1/worktree/crates/sonic-dash-api-proto/sonic-dash-api/misc/pypkg	.specula-output/confirmation/MC-1/worktree/crates/sonic-dash-api-proto/sonic-dash-api/misc/pypkg	directory	0775	1783606117752073574				mkdir	run-directory		
.specula-output/confirmation/MC-1/worktree/crates/sonic-dash-api-proto/sonic-dash-api/misc/pypkg/dash_api	.specula-output/confirmation/MC-1/worktree/crates/sonic-dash-api-proto/sonic-dash-api/misc/pypkg/dash_api	directory	0775	1783606117752073574				mkdir	run-directory		
.specula-output/confirmation/MC-1/worktree/crates/sonic-dash-api-proto/sonic-dash-api/misc/pypkg/dash_api/__init__.py	.specula-output/confirmation/MC-1/worktree/crates/sonic-dash-api-proto/sonic-dash-api/misc/pypkg/dash_api/__init__.py	file	0664	1783606117752073574	86	40c99d3fc4e0e8e6bcd60d2737a25a7ddf966ee2bd4bac2dc7364cd869023131		copy	run-evidence		
.specula-output/confirmation/MC-1/worktree/crates/sonic-dash-api-proto/sonic-dash-api/misc/tests	.specula-output/confirmation/MC-1/worktree/crates/sonic-dash-api-proto/sonic-dash-api/misc/tests	directory	0775	1783606117752073574				mkdir	run-directory		
.specula-output/confirmation/MC-1/worktree/crates/sonic-dash-api-proto/sonic-dash-api/misc/tests/main.cpp	.specula-output/confirmation/MC-1/worktree/crates/sonic-dash-api-proto/sonic-dash-api/misc/tests/main.cpp	file	0664	1783606117752073574	102	59572f84bf8df2a31f58d87051915b08cd9c32859092f1532135127155a33c24		copy	run-evidence		
.specula-output/confirmation/MC-1/worktree/crates/sonic-dash-api-proto/sonic-dash-api/misc/tests/test_utils.py	.specula-output/confirmation/MC-1/worktree/crates/sonic-dash-api-proto/sonic-dash-api/misc/tests/test_utils.py	file	0664	1783606117752073574	1955	43dc5e16b6648a9b58fc6d051de9ce7798273760f45bfe3e477d58277271326f		copy	run-evidence		
.specula-output/confirmation/MC-1/worktree/crates/sonic-dash-api-proto/sonic-dash-api/misc/tests/utils_unittest.cpp	.specula-output/confirmation/MC-1/worktree/crates/sonic-dash-api-proto/sonic-dash-api/misc/tests/utils_unittest.cpp	file	0664	1783606117752073574	5547	a959ab4ffc771de60248278a264b79d116514c9107ece82c7c23e3e991a492d0		copy	run-evidence		
.specula-output/confirmation/MC-1/worktree/crates/sonic-dash-api-proto/sonic-dash-api/misc/utils.cpp	.specula-output/confirmation/MC-1/worktree/crates/sonic-dash-api-proto/sonic-dash-api/misc/utils.cpp	file	0664	1783606117753073593	4029	7822b783cee4ecbce6085636b0ced2be68ea419c1c9e5002812e17f51d1a1121		copy	run-evidence		
.specula-output/confirmation/MC-1/worktree/crates/sonic-dash-api-proto/sonic-dash-api/misc/utils.h	.specula-output/confirmation/MC-1/worktree/crates/sonic-dash-api-proto/sonic-dash-api/misc/utils.h	file	0664	1783606117753073593	696	43ad84a08fffb2f5de7a429a0c4bc74de192251257c40fbbc5240e33881581a5		copy	run-evidence		
.specula-output/confirmation/MC-1/worktree/crates/sonic-dash-api-proto/sonic-dash-api/misc/utils.i	.specula-output/confirmation/MC-1/worktree/crates/sonic-dash-api-proto/sonic-dash-api/misc/utils.i	file	0664	1783606117753073593	124	b0ed8aea587950df30be894992ca7319f6b87d18c3d674abaaf17fa523ac15c5		copy	run-evidence		
.specula-output/confirmation/MC-1/worktree/crates/sonic-dash-api-proto/sonic-dash-api/proto	.specula-output/confirmation/MC-1/worktree/crates/sonic-dash-api-proto/sonic-dash-api/proto	directory	0775	1783606117754073612				mkdir	run-directory		
.specula-output/confirmation/MC-1/worktree/crates/sonic-dash-api-proto/sonic-dash-api/proto/acl_group.proto	.specula-output/confirmation/MC-1/worktree/crates/sonic-dash-api-proto/sonic-dash-api/proto/acl_group.proto	file	0664	1783606117753073593	224	63b83374a5dfe1eecea6532375f55378d0c80a61a343a6569bde52d5a84350bb		copy	run-evidence		
.specula-output/confirmation/MC-1/worktree/crates/sonic-dash-api-proto/sonic-dash-api/proto/acl_in.proto	.specula-output/confirmation/MC-1/worktree/crates/sonic-dash-api-proto/sonic-dash-api/proto/acl_in.proto	file	0664	1783606117753073593	310	8c4990a198ae41a7bb3b57278049936caa5f097416602aa83fe9261a24149307		copy	run-evidence		
.specula-output/confirmation/MC-1/worktree/crates/sonic-dash-api-proto/sonic-dash-api/proto/acl_out.proto	.specula-output/confirmation/MC-1/worktree/crates/sonic-dash-api-proto/sonic-dash-api/proto/acl_out.proto	file	0664	1783606117753073593	313	7fd56b7e8a7f311e24ac210b3a706d3ae218bf920e3a43cccf91bc0406ee581e		copy	run-evidence		
.specula-output/confirmation/MC-1/worktree/crates/sonic-dash-api-proto/sonic-dash-api/proto/acl_rule.proto	.specula-output/confirmation/MC-1/worktree/crates/sonic-dash-api-proto/sonic-dash-api/proto/acl_rule.proto	file	0664	1783606117753073593	1489	21efc2f5b9d3ef9278a78642d21a6ccea5352eec697dbeab920c4505bd6a47f3		copy	run-evidence		
.specula-output/confirmation/MC-1/worktree/crates/sonic-dash-api-proto/sonic-dash-api/proto/appliance.proto	.specula-output/confirmation/MC-1/worktree/crates/sonic-dash-api-proto/sonic-dash-api/proto/appliance.proto	file	0664	1783606117753073593	776	4f9bfe99d4615c32eb839cae910be8df431e5e72dc4eb2dce68ed5cb9ede8511		copy	run-evidence		
.specula-output/confirmation/MC-1/worktree/crates/sonic-dash-api-proto/sonic-dash-api/proto/eni.proto	.specula-output/confirmation/MC-1/worktree/crates/sonic-dash-api-proto/sonic-dash-api/proto/eni.proto	file	0664	1783606117753073593	1394	3cfa78f970e4c8eff5b16c8b0feca53fdfc77d43cb4cbf3f8816c0eba6971ee4		copy	run-evidence		
.specula-output/confirmation/MC-1/worktree/crates/sonic-dash-api-proto/sonic-dash-api/proto/eni_route.proto	.specula-output/confirmation/MC-1/worktree/crates/sonic-dash-api-proto/sonic-dash-api/proto/eni_route.proto	file	0664	1783606117753073593	184	1ea44c8956266a012206836e6de8a7fb3082b002c18e485fec1dca973a03f8f1		copy	run-evidence		
.specula-output/confirmation/MC-1/worktree/crates/sonic-dash-api-proto/sonic-dash-api/proto/ha_scope.proto	.specula-output/confirmation/MC-1/worktree/crates/sonic-dash-api-proto/sonic-dash-api/proto/ha_scope.proto	file	0664	1783606117753073593	749	bdb153bd85d28bc1bc165503fa808edd9f65a2c893966d313c77fded34ea5314		copy	run-evidence		
.specula-output/confirmation/MC-1/worktree/crates/sonic-dash-api-proto/sonic-dash-api/proto/ha_scope_config.proto	.specula-output/confirmation/MC-1/worktree/crates/sonic-dash-api-proto/sonic-dash-api/proto/ha_scope_config.proto	file	0664	1783606117753073593	561	a5df9f029dd4b10fb8933eab353b0612e158323be43264c3ec6124ab074d16af		copy	run-evidence		
.specula-output/confirmation/MC-1/worktree/crates/sonic-dash-api-proto/sonic-dash-api/proto/ha_scope_state.proto	.specula-output/confirmation/MC-1/worktree/crates/sonic-dash-api-proto/sonic-dash-api/proto/ha_scope_state.proto	file	0664	1783606117753073593	503	ef05bb57eb034ee8b5e0e52a0cdd78a22c6dac12b636f9ec90f99e0e4a2cfb29		copy	run-evidence		
.specula-output/confirmation/MC-1/worktree/crates/sonic-dash-api-proto/sonic-dash-api/proto/ha_set.proto	.specula-output/confirmation/MC-1/worktree/crates/sonic-dash-api-proto/sonic-dash-api/proto/ha_set.proto	file	0664	1783606117753073593	1482	68a55831f4939a0e731fac047888f285fd3ce5a56b92c4bdeab5ba3940fbe427		copy	run-evidence		
.specula-output/confirmation/MC-1/worktree/crates/sonic-dash-api-proto/sonic-dash-api/proto/ha_set_config.proto	.specula-output/confirmation/MC-1/worktree/crates/sonic-dash-api-proto/sonic-dash-api/proto/ha_set_config.proto	file	0664	1783606117753073593	437	3aac48716f7e82c5ed231ec04cc1e965ab47aecd5785ea9d7bec5cdd3b93d1ea		copy	run-evidence		
.specula-output/confirmation/MC-1/worktree/crates/sonic-dash-api-proto/sonic-dash-api/proto/ha_set_state.proto	.specula-output/confirmation/MC-1/worktree/crates/sonic-dash-api-proto/sonic-dash-api/proto/ha_set_state.proto	file	0664	1783606117753073593	295	eba05677140806197c24833e25e714b7da2b9613ce4d0e7077fbcce1f7ee1795		copy	run-evidence		
.specula-output/confirmation/MC-1/worktree/crates/sonic-dash-api-proto/sonic-dash-api/proto/meter.proto	.specula-output/confirmation/MC-1/worktree/crates/sonic-dash-api-proto/sonic-dash-api/proto/meter.proto	file	0664	1783606117753073593	376	959afb32392b5cc7c5ca48ee5fefc194dc93026603d5a96c389069df48d420a0		copy	run-evidence		
.specula-output/confirmation/MC-1/worktree/crates/sonic-dash-api-proto/sonic-dash-api/proto/meter_policy.proto	.specula-output/confirmation/MC-1/worktree/crates/sonic-dash-api-proto/sonic-dash-api/proto/meter_policy.proto	file	0664	1783606117753073593	221	3b355b5224b709b5135a139285f9223904396d68493b2331ebcc5d82afd0d08c		copy	run-evidence		
.specula-output/confirmation/MC-1/worktree/crates/sonic-dash-api-proto/sonic-dash-api/proto/meter_rule.proto	.specula-output/confirmation/MC-1/worktree/crates/sonic-dash-api-proto/sonic-dash-api/proto/meter_rule.proto	file	0664	1783606117753073593	360	2406e7d2a2f89645c15cbb354794ce010a6268a08338c4a44862f69193b9a6d3		copy	run-evidence		
.specula-output/confirmation/MC-1/worktree/crates/sonic-dash-api-proto/sonic-dash-api/proto/outbound_port_map.proto	.specula-output/confirmation/MC-1/worktree/crates/sonic-dash-api-proto/sonic-dash-api/proto/outbound_port_map.proto	file	0664	1783606117753073593	282	455b111663b169e0a8d5283720a248cdd3d925e2a953d48b870f722795e30dc2		copy	run-evidence		
.specula-output/confirmation/MC-1/worktree/crates/sonic-dash-api-proto/sonic-dash-api/proto/outbound_port_map_range.proto	.specula-output/confirmation/MC-1/worktree/crates/sonic-dash-api-proto/sonic-dash-api/proto/outbound_port_map_range.proto	file	0664	1783606117753073593	417	7e2b5a74d75ecf9545ffd929cd5c05206138d43dee6cced0854c7843e6395466		copy	run-evidence		
.specula-output/confirmation/MC-1/worktree/crates/sonic-dash-api-proto/sonic-dash-api/proto/pa_validation.proto	.specula-output/confirmation/MC-1/worktree/crates/sonic-dash-api-proto/sonic-dash-api/proto/pa_validation.proto	file	0664	1783606117753073593	188	d2b4f3b5b1298d1c41a979e6493a89a185aab032cfc1c4e27780fb87af6c16c7		copy	run-evidence		
.specula-output/confirmation/MC-1/worktree/crates/sonic-dash-api-proto/sonic-dash-api/proto/prefix_tag.proto	.specula-output/confirmation/MC-1/worktree/crates/sonic-dash-api-proto/sonic-dash-api/proto/prefix_tag.proto	file	0664	1783606117753073593	332	bc238882b1e392be4c9eb7210db871e1eea2d04a59bb16fff58ef06bc82da12d		copy	run-evidence		
.specula-output/confirmation/MC-1/worktree/crates/sonic-dash-api-proto/sonic-dash-api/proto/qos.proto	.specula-output/confirmation/MC-1/worktree/crates/sonic-dash-api-proto/sonic-dash-api/proto/qos.proto	file	0664	1783606117753073593	271	6c1756762416029cb9a3757f0ff18ae014bf789c493aae39966872aeb802e61f		copy	run-evidence		
.specula-output/confirmation/MC-1/worktree/crates/sonic-dash-api-proto/sonic-dash-api/proto/route.proto	.specula-output/confirmation/MC-1/worktree/crates/sonic-dash-api-proto/sonic-dash-api/proto/route.proto	file	0664	1783606117753073593	2665	9e4b7b6d0d807f50912dfaadfd7e6f2914090f406f0b75fe9167d3d452678ffa		copy	run-evidence		
.specula-output/confirmation/MC-1/worktree/crates/sonic-dash-api-proto/sonic-dash-api/proto/route_group.proto	.specula-output/confirmation/MC-1/worktree/crates/sonic-dash-api-proto/sonic-dash-api/proto/route_group.proto	file	0664	1783606117754073612	176	9a1a5264ce8aae5d33c896ca679f16405dbb2dbd853268d718ab931566a0c2d2		copy	run-evidence		
.specula-output/confirmation/MC-1/worktree/crates/sonic-dash-api-proto/sonic-dash-api/proto/route_rule.proto	.specula-output/confirmation/MC-1/worktree/crates/sonic-dash-api-proto/sonic-dash-api/proto/route_rule.proto	file	0664	1783606117754073612	1655	3648f004ce9b7da92a2f6f2366189b704e6aa9e74794a85182a7aa9bdfa8b7ae		copy	run-evidence		
.specula-output/confirmation/MC-1/worktree/crates/sonic-dash-api-proto/sonic-dash-api/proto/route_type.proto	.specula-output/confirmation/MC-1/worktree/crates/sonic-dash-api-proto/sonic-dash-api/proto/route_type.proto	file	0664	1783606117754073612	1450	e6361b492f3491f9480a11ac304c757d95ac87f2cd364e9dae11f6187c54c5f4		copy	run-evidence		
.specula-output/confirmation/MC-1/worktree/crates/sonic-dash-api-proto/sonic-dash-api/proto/routing_appliance.proto	.specula-output/confirmation/MC-1/worktree/crates/sonic-dash-api-proto/sonic-dash-api/proto/routing_appliance.proto	file	0664	1783606117754073612	357	6de8b36bdc0258d746b1edcf1d35fb9b80f9fb484591b9d2df0a44bef3ef3113		copy	run-evidence		
.specula-output/confirmation/MC-1/worktree/crates/sonic-dash-api-proto/sonic-dash-api/proto/tunnel.proto	.specula-output/confirmation/MC-1/worktree/crates/sonic-dash-api-proto/sonic-dash-api/proto/tunnel.proto	file	0664	1783606117754073612	374	49a8b27dfcd4656991293f1f2676e8a06488388030758b266f67fbe2430c067c		copy	run-evidence		
.specula-output/confirmation/MC-1/worktree/crates/sonic-dash-api-proto/sonic-dash-api/proto/types.proto	.specula-output/confirmation/MC-1/worktree/crates/sonic-dash-api-proto/sonic-dash-api/proto/types.proto	file	0664	1783606117754073612	1593	0b1644d63d353923f33aa4e561f7181119db49715e0f745063cbe3a81f2c73a9		copy	run-evidence		
.specula-output/confirmation/MC-1/worktree/crates/sonic-dash-api-proto/sonic-dash-api/proto/vnet.proto	.specula-output/confirmation/MC-1/worktree/crates/sonic-dash-api-proto/sonic-dash-api/proto/vnet.proto	file	0664	1783606117754073612	310	8c437362618f389009463e3f94e2aa906a6b4746eff2c83752e12fbe03a8b888		copy	run-evidence		
.specula-output/confirmation/MC-1/worktree/crates/sonic-dash-api-proto/sonic-dash-api/proto/vnet_mapping.proto	.specula-output/confirmation/MC-1/worktree/crates/sonic-dash-api-proto/sonic-dash-api/proto/vnet_mapping.proto	file	0664	1783606117754073612	1826	19c8e9f32da372cccccefddcf402053260cdf106f499fee52ce6c1cbf8c4b414		copy	run-evidence		
.specula-output/confirmation/MC-1/worktree/crates/sonic-dash-api-proto/src	.specula-output/confirmation/MC-1/worktree/crates/sonic-dash-api-proto/src	directory	0775	1783605896352969261				mkdir	run-directory		
.specula-output/confirmation/MC-1/worktree/crates/sonic-dash-api-proto/src/lib.rs	.specula-output/confirmation/MC-1/worktree/crates/sonic-dash-api-proto/src/lib.rs	file	0664	1783605896352969261	1081	0d114c68775aea25eb21fb1224fe0d8e6b4ca6ba3e30aa8da93bc68723aafee1		copy	run-evidence		
.specula-output/confirmation/MC-1/worktree/crates/sonicdb-derive	.specula-output/confirmation/MC-1/worktree/crates/sonicdb-derive	directory	0775	1783605896352969261				mkdir	run-directory		
.specula-output/confirmation/MC-1/worktree/crates/sonicdb-derive/Cargo.toml	.specula-output/confirmation/MC-1/worktree/crates/sonicdb-derive/Cargo.toml	file	0664	1783605896352969261	494	4d3a5a55449607e6295ee3aa7bb48e01385e36cd8576dcadbc0c67a0fe172cb5		copy	run-evidence		
.specula-output/confirmation/MC-1/worktree/crates/sonicdb-derive/src	.specula-output/confirmation/MC-1/worktree/crates/sonicdb-derive/src	directory	0775	1783605896352969261				mkdir	run-directory		
.specula-output/confirmation/MC-1/worktree/crates/sonicdb-derive/src/lib.rs	.specula-output/confirmation/MC-1/worktree/crates/sonicdb-derive/src/lib.rs	file	0664	1783605896352969261	4957	dee27e85348f8d6cb4170a574bcf4c34b225a39835eb1514be7877991ec6371f		copy	run-evidence		
.specula-output/confirmation/MC-1/worktree/crates/sonicdb-derive/tests	.specula-output/confirmation/MC-1/worktree/crates/sonicdb-derive/tests	directory	0775	1783605896352969261				mkdir	run-directory		
.specula-output/confirmation/MC-1/worktree/crates/sonicdb-derive/tests/basic.rs	.specula-output/confirmation/MC-1/worktree/crates/sonicdb-derive/tests/basic.rs	file	0664	1783605896352969261	671	52a3abd00d6c4d09c02a71f4139cb03e9bc7e28a662585d4c9aa8aada3b9d5d8		copy	run-evidence		
.specula-output/confirmation/MC-1/worktree/crates/swbus-actor	.specula-output/confirmation/MC-1/worktree/crates/swbus-actor	directory	0775	1783605896352969261				mkdir	run-directory		
.specula-output/confirmation/MC-1/worktree/crates/swbus-actor/Cargo.toml	.specula-output/confirmation/MC-1/worktree/crates/swbus-actor/Cargo.toml	file	0664	1783605896352969261	593	b8458594718c1fa7595aef160e807f12f27e7ac6e74278ba69392b07ff91788a		copy	run-evidence		
.specula-output/confirmation/MC-1/worktree/crates/swbus-actor/src	.specula-output/confirmation/MC-1/worktree/crates/swbus-actor/src	directory	0775	1783605896352969261				mkdir	run-directory		
.specula-output/confirmation/MC-1/worktree/crates/swbus-actor/src/actor_message.rs	.specula-output/confirmation/MC-1/worktree/crates/swbus-actor/src/actor_message.rs	file	0664	1783605896352969261	2229	cbd2ebfca0cd4f31394fd0185324f59e05860a98bda9881b4bbe644166c34bab		copy	run-evidence		
.specula-output/confirmation/MC-1/worktree/crates/swbus-actor/src/driver.rs	.specula-output/confirmation/MC-1/worktree/crates/swbus-actor/src/driver.rs	file	0664	1783605896352969261	8587	2e450baed13e6d2657bb7e0026c14eace1cebf386a246030449fea0b57f2274d		copy	run-evidence		
.specula-output/confirmation/MC-1/worktree/crates/swbus-actor/src/lib.rs	.specula-output/confirmation/MC-1/worktree/crates/swbus-actor/src/lib.rs	file	0664	1783605896352969261	1668	fda76d091927d51c44ff868e5af2c415141244d27590d53059b2cc8481a96270		copy	run-evidence		
.specula-output/confirmation/MC-1/worktree/crates/swbus-actor/src/runtime.rs	.specula-output/confirmation/MC-1/worktree/crates/swbus-actor/src/runtime.rs	file	0664	1783605896352969261	2495	5ca245698919de5f5c8729b962670044e01a63c4e6df27219d41b45fa9082000		copy	run-evidence		
.specula-output/confirmation/MC-1/worktree/crates/swbus-actor/src/state	.specula-output/confirmation/MC-1/worktree/crates/swbus-actor/src/state	directory	0775	1783605896352969261				mkdir	run-directory		
.specula-output/confirmation/MC-1/worktree/crates/swbus-actor/src/state.rs	.specula-output/confirmation/MC-1/worktree/crates/swbus-actor/src/state.rs	file	0664	1783605896352969261	2561	5f002cee0f0a7c630a2ed009eefde818735b8ece52f308b48a88ce949a54192b		copy	run-evidence		
.specula-output/confirmation/MC-1/worktree/crates/swbus-actor/src/state/incoming.rs	.specula-output/confirmation/MC-1/worktree/crates/swbus-actor/src/state/incoming.rs	file	0664	1783605896352969261	8239	58649721fc05693638596fc0eb939000e023166dad4ab9a6acbb464e20ded43c		copy	run-evidence		
.specula-output/confirmation/MC-1/worktree/crates/swbus-actor/src/state/internal.rs	.specula-output/confirmation/MC-1/worktree/crates/swbus-actor/src/state/internal.rs	file	0664	1783605896352969261	4947	df2a3d82f3e88e8bf02c94f9ed242cd0aa05910506a180bf7bf3e2caf74e4b24		copy	run-evidence		
.specula-output/confirmation/MC-1/worktree/crates/swbus-actor/src/state/outgoing.rs	.specula-output/confirmation/MC-1/worktree/crates/swbus-actor/src/state/outgoing.rs	file	0664	1783605896352969261	9087	9072a2340f004f04620459e715991ef61990f269e1fe4f770fa76e1f519bce29		copy	run-evidence		
.specula-output/confirmation/MC-1/worktree/crates/swbus-actor/tests	.specula-output/confirmation/MC-1/worktree/crates/swbus-actor/tests	directory	0775	1783605896353969279				mkdir	run-directory		
.specula-output/confirmation/MC-1/worktree/crates/swbus-actor/tests/count_to_1000.json	.specula-output/confirmation/MC-1/worktree/crates/swbus-actor/tests/count_to_1000.json	file	0664	1783605896352969261	462	a526d7f7fd63dee8e6a28441d4ccdb5051bad804c5abf6973d795f186ae9f90c		copy	run-evidence		
.specula-output/confirmation/MC-1/worktree/crates/swbus-actor/tests/count_to_1000_internal_table.json	.specula-output/confirmation/MC-1/worktree/crates/swbus-actor/tests/count_to_1000_internal_table.json	file	0664	1783605896353969279	777	3360024920871c2ccc8b41b6d66ff877c2191c30b65b1ff88761c7859ab5702f		copy	run-evidence		
.specula-output/confirmation/MC-1/worktree/crates/swbus-actor/tests/echo.json	.specula-output/confirmation/MC-1/worktree/crates/swbus-actor/tests/echo.json	file	0664	1783605896353969279	816	3932f2c4900222c50157d25ae9e2f857486542ca7a1fc35faf59906b81c70bb0		copy	run-evidence		
.specula-output/confirmation/MC-1/worktree/crates/swbus-actor/tests/echo.rs	.specula-output/confirmation/MC-1/worktree/crates/swbus-actor/tests/echo.rs	file	0664	1783605896353969279	3189	b0efe97d0aba9e36c6ecd1c07ef9cc62a1564e0ad0bcd354b8243be91e498174		copy	run-evidence		
.specula-output/confirmation/MC-1/worktree/crates/swbus-actor/tests/kvstore.rs	.specula-output/confirmation/MC-1/worktree/crates/swbus-actor/tests/kvstore.rs	file	0664	1783605896353969279	14209	222d6b28b6d6349592f9d666ebcab19d82969ecdbd8871efb0fd7a4c30a7c392		copy	run-evidence		
.specula-output/confirmation/MC-1/worktree/crates/swbus-actor/tests/test_executor.rs	.specula-output/confirmation/MC-1/worktree/crates/swbus-actor/tests/test_executor.rs	file	0664	1783605896353969279	7562	50043e5deff8832b7d1543a1efd479828590b86a3a6f01311ce7b7e0adf888ec		copy	run-evidence		
.specula-output/confirmation/MC-1/worktree/crates/swbus-cli	.specula-output/confirmation/MC-1/worktree/crates/swbus-cli	directory	0775	1783605896353969279				mkdir	run-directory		
.specula-output/confirmation/MC-1/worktree/crates/swbus-cli/Cargo.toml	.specula-output/confirmation/MC-1/worktree/crates/swbus-cli/Cargo.toml	file	0664	1783605896353969279	1071	65cdad879d4bb96ee5bb725314c9ce6e3e55cf76cf87983210a54bfd7e8cc97d		copy	run-evidence		
.specula-output/confirmation/MC-1/worktree/crates/swbus-cli/README.md	.specula-output/confirmation/MC-1/worktree/crates/swbus-cli/README.md	file	0664	1783605896353969279	38259	e107629ff39c946eb879f1767836944d45d8c268c4fbb092d0b488558f6d537c		copy	run-evidence		
.specula-output/confirmation/MC-1/worktree/crates/swbus-cli/src	.specula-output/confirmation/MC-1/worktree/crates/swbus-cli/src	directory	0775	1783605896354969298				mkdir	run-directory		
.specula-output/confirmation/MC-1/worktree/crates/swbus-cli/src/main.rs	.specula-output/confirmation/MC-1/worktree/crates/swbus-cli/src/main.rs	file	0664	1783605896353969279	9069	9d07ab9ea427e8658c53ee5eaa4f6099d2eaf8ff22d2074da8dac0dd591f9e94		copy	run-evidence		
.specula-output/confirmation/MC-1/worktree/crates/swbus-cli/src/ping.rs	.specula-output/confirmation/MC-1/worktree/crates/swbus-cli/src/ping.rs	file	0664	1783605896353969279	3482	302b9f0b87b6637a1f3f04b9564db8bdcdb38f7c393d2487cb49ce4501ecf39f		copy	run-evidence		
.specula-output/confirmation/MC-1/worktree/crates/swbus-cli/src/show	.specula-output/confirmation/MC-1/worktree/crates/swbus-cli/src/show	directory	0775	1783605896354969298				mkdir	run-directory		
.specula-output/confirmation/MC-1/worktree/crates/swbus-cli/src/show/hamgrd	.specula-output/confirmation/MC-1/worktree/crates/swbus-cli/src/show/hamgrd	directory	0775	1783605896354969298				mkdir	run-directory		
.specula-output/confirmation/MC-1/worktree/crates/swbus-cli/src/show/hamgrd/actor.rs	.specula-output/confirmation/MC-1/worktree/crates/swbus-cli/src/show/hamgrd/actor.rs	file	0664	1783605896354969298	12765	47bab784e11ec8e3ee6702bd30ae517196da980168dd6745a610a1d0b3d35b03		copy	run-evidence		
.specula-output/confirmation/MC-1/worktree/crates/swbus-cli/src/show/hamgrd/mod.rs	.specula-output/confirmation/MC-1/worktree/crates/swbus-cli/src/show/hamgrd/mod.rs	file	0664	1783605896354969298	742	c6a56e88d069056b1c90cbdc05a6157dc192c99abcb24f0468b5f71513c2e937		copy	run-evidence		
.specula-output/confirmation/MC-1/worktree/crates/swbus-cli/src/show/mod.rs	.specula-output/confirmation/MC-1/worktree/crates/swbus-cli/src/show/mod.rs	file	0664	1783605896354969298	2339	4d797f0f441551b13c7551691376bf4401e0af84c573d3c1f04e684312d43993		copy	run-evidence		
.specula-output/confirmation/MC-1/worktree/crates/swbus-cli/src/show/swbusd	.specula-output/confirmation/MC-1/worktree/crates/swbus-cli/src/show/swbusd	directory	0775	1783605896354969298				mkdir	run-directory		
.specula-output/confirmation/MC-1/worktree/crates/swbus-cli/src/show/swbusd/mod.rs	.specula-output/confirmation/MC-1/worktree/crates/swbus-cli/src/show/swbusd/mod.rs	file	0664	1783605896354969298	743	61e790a87bcee322326c7d5bfc851b9af3328948d282958532921e2330826a4e		copy	run-evidence		
.specula-output/confirmation/MC-1/worktree/crates/swbus-cli/src/show/swbusd/route.rs	.specula-output/confirmation/MC-1/worktree/crates/swbus-cli/src/show/swbusd/route.rs	file	0664	1783605896354969298	2332	449e8c04a13912bdd698fd85fe3e5b69f5effc45720b64f60a3781a72a9de561		copy	run-evidence		
.specula-output/confirmation/MC-1/worktree/crates/swbus-cli/src/trace_route.rs	.specula-output/confirmation/MC-1/worktree/crates/swbus-cli/src/trace_route.rs	file	0664	1783605896354969298	3667	e77d34f013f78ffb80acc8c1d55c1869100580a284fcf3f0775817c1f2ad665b		copy	run-evidence		
.specula-output/confirmation/MC-1/worktree/crates/swbus-config	.specula-output/confirmation/MC-1/worktree/crates/swbus-config	directory	0775	1783605896354969298				mkdir	run-directory		
.specula-output/confirmation/MC-1/worktree/crates/swbus-config/Cargo.toml	.specula-output/confirmation/MC-1/worktree/crates/swbus-config/Cargo.toml	file	0664	1783605896354969298	559	79bc8140e9eb0d7f02e8bdece38cffe8281b75bf50dce639777b047622da7fc3		copy	run-evidence		
.specula-output/confirmation/MC-1/worktree/crates/swbus-config/src	.specula-output/confirmation/MC-1/worktree/crates/swbus-config/src	directory	0775	1783605896354969298				mkdir	run-directory		
.specula-output/confirmation/MC-1/worktree/crates/swbus-config/src/lib.rs	.specula-output/confirmation/MC-1/worktree/crates/swbus-config/src/lib.rs	file	0664	1783605896354969298	18793	ffcadaeb1bd7d0ed3392c7eb60ac3534f6830a2da95054c6748b9636cffc3ca0		copy	run-evidence		
.specula-output/confirmation/MC-1/worktree/crates/swbus-core	.specula-output/confirmation/MC-1/worktree/crates/swbus-core	directory	0775	1783605896358969372				mkdir	run-directory		
.specula-output/confirmation/MC-1/worktree/crates/swbus-core/Cargo.toml	.specula-output/confirmation/MC-1/worktree/crates/swbus-core/Cargo.toml	file	0664	1783605896357969353	1330	c79318a8db3b49666b6d556318936e57d7c839fbe7df192f02b7a5dc350fa039		copy	run-evidence		
.specula-output/confirmation/MC-1/worktree/crates/swbus-core/README.md	.specula-output/confirmation/MC-1/worktree/crates/swbus-core/README.md	file	0664	1783605896357969353	1416	7b6e4f07bf7073b3731ba25b30d7f13c27e0977d666b95c579669bd16d5a3042		copy	run-evidence		
.specula-output/confirmation/MC-1/worktree/crates/swbus-core/src	.specula-output/confirmation/MC-1/worktree/crates/swbus-core/src	directory	0775	1783605896357969353				mkdir	run-directory		
.specula-output/confirmation/MC-1/worktree/crates/swbus-core/src/lib.rs	.specula-output/confirmation/MC-1/worktree/crates/swbus-core/src/lib.rs	file	0664	1783605896357969353	13	f2c4a3f2982159d12c01660774a358d089842e360f791542e27b0a63f40fe44e		copy	run-evidence		
.specula-output/confirmation/MC-1/worktree/crates/swbus-core/src/mux	.specula-output/confirmation/MC-1/worktree/crates/swbus-core/src/mux	directory	0775	1783605896358969372				mkdir	run-directory		
.specula-output/confirmation/MC-1/worktree/crates/swbus-core/src/mux/conn.rs	.specula-output/confirmation/MC-1/worktree/crates/swbus-core/src/mux/conn.rs	file	0664	1783605896357969353	9440	f6752c32a029b6ee3d0c12249185a5024fd75ceb01b03afe883bd7ed1cee94ca		copy	run-evidence		
.specula-output/confirmation/MC-1/worktree/crates/swbus-core/src/mux/conn_info.rs	.specula-output/confirmation/MC-1/worktree/crates/swbus-core/src/mux/conn_info.rs	file	0664	1783605896357969353	3011	9b85b1e1c6f83c8a42380a9b155fa5a65df70c494d4a0de40b1d5d63fdbdbcfb		copy	run-evidence		
.specula-output/confirmation/MC-1/worktree/crates/swbus-core/src/mux/conn_proxy.rs	.specula-output/confirmation/MC-1/worktree/crates/swbus-core/src/mux/conn_proxy.rs	file	0664	1783605896357969353	2046	de7d3fb1c2df94f54e7270123e579094b8e12b8edb2b53a1a687bd3269ffa448		copy	run-evidence		
.specula-output/confirmation/MC-1/worktree/crates/swbus-core/src/mux/conn_store.rs	.specula-output/confirmation/MC-1/worktree/crates/swbus-core/src/mux/conn_store.rs	file	0664	1783605896357969353	6605	41d21e16d938f2d48b8493cc3df468583cfdfb097c172fceef5864d04203e817		copy	run-evidence		
.specula-output/confirmation/MC-1/worktree/crates/swbus-core/src/mux/conn_worker.rs	.specula-output/confirmation/MC-1/worktree/crates/swbus-core/src/mux/conn_worker.rs	file	0664	1783605896357969353	15099	3b158bb968c38d16f5a57be40607fa9b09c8cd57aac8d96002785a6c08be15e4		copy	run-evidence		
.specula-output/confirmation/MC-1/worktree/crates/swbus-core/src/mux/message_handler.rs	.specula-output/confirmation/MC-1/worktree/crates/swbus-core/src/mux/message_handler.rs	file	0664	1783605896357969353	158	f930df5f26de8d7cd9345640421dfd9e03c43edc27c0d3a3f57df4f9ace00abc		copy	run-evidence		
.specula-output/confirmation/MC-1/worktree/crates/swbus-core/src/mux/mod.rs	.specula-output/confirmation/MC-1/worktree/crates/swbus-core/src/mux/mod.rs	file	0664	1783605896357969353	346	bb79fa8dc0dccb7f34c2f0590cc2c293b7807a71ee917c99b415c024d6e67283		copy	run-evidence		
.specula-output/confirmation/MC-1/worktree/crates/swbus-core/src/mux/multiplexer.rs	.specula-output/confirmation/MC-1/worktree/crates/swbus-core/src/mux/multiplexer.rs	file	0664	1783605896357969353	67052	28a50fe1740d4c3f29bcc998f10c95282f00d232845dc19b9a48726207342b76		copy	run-evidence		
.specula-output/confirmation/MC-1/worktree/crates/swbus-core/src/mux/nexthop.rs	.specula-output/confirmation/MC-1/worktree/crates/swbus-core/src/mux/nexthop.rs	file	0664	1783605896358969372	12982	bcbcedb9b9789ecacc1bfd288d23b6c92dda0d75b67053dac94917a335e503dd		copy	run-evidence		
.specula-output/confirmation/MC-1/worktree/crates/swbus-core/src/mux/route_annoucer.rs	.specula-output/confirmation/MC-1/worktree/crates/swbus-core/src/mux/route_annoucer.rs	file	0664	1783605896358969372	8957	d78c3f66cae469d8c2447ef379cdcb3c4e762aba27ebb47194bfcc4803260e3d		copy	run-evidence		
.specula-output/confirmation/MC-1/worktree/crates/swbus-core/src/mux/service.rs	.specula-output/confirmation/MC-1/worktree/crates/swbus-core/src/mux/service.rs	file	0664	1783605896358969372	6880	bff225afcbbf76309e00b3e7802f951d538dd14c73332ef1831f9edd75b88923		copy	run-evidence		
.specula-output/confirmation/MC-1/worktree/crates/swbus-core/tests	.specula-output/confirmation/MC-1/worktree/crates/swbus-core/tests	directory	0775	1783605896359969390				mkdir	run-directory		
.specula-output/confirmation/MC-1/worktree/crates/swbus-core/tests/README.md	.specula-output/confirmation/MC-1/worktree/crates/swbus-core/tests/README.md	file	0664	1783605896358969372	4503	e2741cb85a00b0bc3d26d64aa03266506a734ac0c05f9e9ce047e2c04d4f0203		copy	run-evidence		
.specula-output/confirmation/MC-1/worktree/crates/swbus-core/tests/basic_tests.rs	.specula-output/confirmation/MC-1/worktree/crates/swbus-core/tests/basic_tests.rs	file	0664	1783605896358969372	1282	7ae57d1b5ee64a505e5fb02426585f4569dfc5b609583462372c83eb993a3199		copy	run-evidence		
.specula-output/confirmation/MC-1/worktree/crates/swbus-core/tests/common	.specula-output/confirmation/MC-1/worktree/crates/swbus-core/tests/common	directory	0775	1783605896358969372				mkdir	run-directory		
.specula-output/confirmation/MC-1/worktree/crates/swbus-core/tests/common/mod.rs	.specula-output/confirmation/MC-1/worktree/crates/swbus-core/tests/common/mod.rs	file	0664	1783605896358969372	23	4bffae5c73b3fb27a869ffb553a542afe718b36f6ca9c879789a7d562ef2aa38		copy	run-evidence		
.specula-output/confirmation/MC-1/worktree/crates/swbus-core/tests/common/test_executor.rs	.specula-output/confirmation/MC-1/worktree/crates/swbus-core/tests/common/test_executor.rs	file	0664	1783605896358969372	9518	f5d2563cc8f5bc5b906d9d550ad88b43545279fe31de0eb0c62dc651d19f020d		copy	run-evidence		
.specula-output/confirmation/MC-1/worktree/crates/swbus-core/tests/data	.specula-output/confirmation/MC-1/worktree/crates/swbus-core/tests/data	directory	0775	1783605896358969372				mkdir	run-directory		
.specula-output/confirmation/MC-1/worktree/crates/swbus-core/tests/data/b2b	.specula-output/confirmation/MC-1/worktree/crates/swbus-core/tests/data/b2b	directory	0775	1783605896358969372				mkdir	run-directory		
.specula-output/confirmation/MC-1/worktree/crates/swbus-core/tests/data/b2b/test_ping.json	.specula-output/confirmation/MC-1/worktree/crates/swbus-core/tests/data/b2b/test_ping.json	file	0664	1783605896358969372	3861	121c48e72ddada29549444f3f369b880c786a3b8bcc3be90829993c839e20334		copy	run-evidence		
.specula-output/confirmation/MC-1/worktree/crates/swbus-core/tests/data/b2b/test_show_route.json	.specula-output/confirmation/MC-1/worktree/crates/swbus-core/tests/data/b2b/test_show_route.json	file	0664	1783605896358969372	2406	4d770ea007370b04d62c7e9abad7547cef35af72de4973e8ceffbfe7d2efb48c		copy	run-evidence		
.specula-output/confirmation/MC-1/worktree/crates/swbus-core/tests/data/b2b/test_trace_route.json	.specula-output/confirmation/MC-1/worktree/crates/swbus-core/tests/data/b2b/test_trace_route.json	file	0664	1783605896358969372	3825	d66b6a38c8d290e3220a3a59b8928fa460126b411607c6a6367f4b37406b132a		copy	run-evidence		
.specula-output/confirmation/MC-1/worktree/crates/swbus-core/tests/data/b2b/topo.json	.specula-output/confirmation/MC-1/worktree/crates/swbus-core/tests/data/b2b/topo.json	file	0664	1783605896358969372	1129	7f245989e5059b18fabf7b5a16c7d775bf74792684f6550799515fd7d5a36dee		copy	run-evidence		
.specula-output/confirmation/MC-1/worktree/crates/swbus-core/tests/data/inter-cluster	.specula-output/confirmation/MC-1/worktree/crates/swbus-core/tests/data/inter-cluster	directory	0775	1783605896359969390				mkdir	run-directory		
.specula-output/confirmation/MC-1/worktree/crates/swbus-core/tests/data/inter-cluster/test_ping.json	.specula-output/confirmation/MC-1/worktree/crates/swbus-core/tests/data/inter-cluster/test_ping.json	file	0664	1783605896359969390	1240	384b680d1ab080bf5676feb07454d59fe9c231f6b999d94e817de1a8b8fcaa30		copy	run-evidence		
.specula-output/confirmation/MC-1/worktree/crates/swbus-core/tests/data/inter-cluster/test_show_route.json	.specula-output/confirmation/MC-1/worktree/crates/swbus-core/tests/data/inter-cluster/test_show_route.json	file	0664	1783605896359969390	3159	d720404da221821256a32fbfd0c1e7fe7c80d5ddb11a01f1d10eac2e94789c30		copy	run-evidence		
.specula-output/confirmation/MC-1/worktree/crates/swbus-core/tests/data/inter-cluster/topo.json	.specula-output/confirmation/MC-1/worktree/crates/swbus-core/tests/data/inter-cluster/topo.json	file	0664	1783605896359969390	2628	10ccb3a884b12e8cb8cc38a5800e6109f4d0c5adefd6c106a3982942c4117fe4		copy	run-evidence		
.specula-output/confirmation/MC-1/worktree/crates/swbus-core/tests/inter_cluster_tests.rs	.specula-output/confirmation/MC-1/worktree/crates/swbus-core/tests/inter_cluster_tests.rs	file	0664	1783605896359969390	972	c475273e93281d918b0e00f56b58b8a7b710a48bdffe43e2aa217043f5a6accc		copy	run-evidence		
.specula-output/confirmation/MC-1/worktree/crates/swbus-edge	.specula-output/confirmation/MC-1/worktree/crates/swbus-edge	directory	0775	1783605896359969390				mkdir	run-directory		
.specula-output/confirmation/MC-1/worktree/crates/swbus-edge/Cargo.toml	.specula-output/confirmation/MC-1/worktree/crates/swbus-edge/Cargo.toml	file	0664	1783605896359969390	752	6eabac2ce4f046ba26b173216304859075b31429651a1d9acaea0ed63e2ce59f		copy	run-evidence		
.specula-output/confirmation/MC-1/worktree/crates/swbus-edge/src	.specula-output/confirmation/MC-1/worktree/crates/swbus-edge/src	directory	0775	1783605896359969390				mkdir	run-directory		
.specula-output/confirmation/MC-1/worktree/crates/swbus-edge/src/core_client.rs	.specula-output/confirmation/MC-1/worktree/crates/swbus-edge/src/core_client.rs	file	0664	1783605896359969390	7284	4c51402847f363a0e62ccc7c2861d95546c89f07a7e396751b2dee6de3f7f4a4		copy	run-evidence		
.specula-output/confirmation/MC-1/worktree/crates/swbus-edge/src/edge_runtime.rs	.specula-output/confirmation/MC-1/worktree/crates/swbus-edge/src/edge_runtime.rs	file	0664	1783605896359969390	10890	7d5d3a0ba3fdd67421da20c188922d30f01943b30a86215f17d0872251244913		copy	run-evidence		
.specula-output/confirmation/MC-1/worktree/crates/swbus-edge/src/lib.rs	.specula-output/confirmation/MC-1/worktree/crates/swbus-edge/src/lib.rs	file	0664	1783605896359969390	576	faa5c95b88dd1e34c954c7b8f1c0b07bca26b7a3d3bde04cfe632e4751790235		copy	run-evidence		
.specula-output/confirmation/MC-1/worktree/crates/swbus-edge/src/message_handler_proxy.rs	.specula-output/confirmation/MC-1/worktree/crates/swbus-edge/src/message_handler_proxy.rs	file	0664	1783605896359969390	749	cfc59cbcbc8d0d7c834282aa40a9f0831cdf01ff2af7c5cf48ad59e29fb390f3		copy	run-evidence		
.specula-output/confirmation/MC-1/worktree/crates/swbus-edge/src/message_router	.specula-output/confirmation/MC-1/worktree/crates/swbus-edge/src/message_router	directory	0775	1783605896359969390				mkdir	run-directory		
.specula-output/confirmation/MC-1/worktree/crates/swbus-edge/src/message_router.rs	.specula-output/confirmation/MC-1/worktree/crates/swbus-edge/src/message_router.rs	file	0664	1783605896359969390	4376	75ccbe703a6d3a085d1d201d25ed68166cbfffe81253171fc5238ca35dfa3678		copy	run-evidence		
.specula-output/confirmation/MC-1/worktree/crates/swbus-edge/src/message_router/route_map.rs	.specula-output/confirmation/MC-1/worktree/crates/swbus-edge/src/message_router/route_map.rs	file	0664	1783605896359969390	1159	3fa445253853cba9c638369165ade9035f4a2c5d468c2cf349e7acd46b9722fc		copy	run-evidence		
.specula-output/confirmation/MC-1/worktree/crates/swbus-edge/src/simple_client.rs	.specula-output/confirmation/MC-1/worktree/crates/swbus-edge/src/simple_client.rs	file	0664	1783605896359969390	8859	7cb77df0b2ab1f2769bcffc19c837c968e7441843dd1108ec9bbc005cc45b4ec		copy	run-evidence		
.specula-output/confirmation/MC-1/worktree/crates/swbus-proto	.specula-output/confirmation/MC-1/worktree/crates/swbus-proto	directory	0775	1783605896359969390				mkdir	run-directory		
.specula-output/confirmation/MC-1/worktree/crates/swbus-proto/Cargo.toml	.specula-output/confirmation/MC-1/worktree/crates/swbus-proto/Cargo.toml	file	0664	1783605896359969390	558	53075c8a8953b79a5af426c44e916d9173cf353783d330db43f605f2d7464c60		copy	run-evidence		
.specula-output/confirmation/MC-1/worktree/crates/swbus-proto/build.rs	.specula-output/confirmation/MC-1/worktree/crates/swbus-proto/build.rs	file	0664	1783605896359969390	2026	475cdc9bca2eccbcbb42c7d6a07d2722669cef7228295088c8274cd681dd4484		copy	run-evidence		
.specula-output/confirmation/MC-1/worktree/crates/swbus-proto/proto	.specula-output/confirmation/MC-1/worktree/crates/swbus-proto/proto	directory	0775	1783605896359969390				mkdir	run-directory		
.specula-output/confirmation/MC-1/worktree/crates/swbus-proto/proto/swbus.proto	.specula-output/confirmation/MC-1/worktree/crates/swbus-proto/proto/swbus.proto	file	0664	1783605896359969390	6294	aac645c86603c5df39e5077aa1f869c542a0ca1421d44d8e1fca8f6ff3e636ea		copy	run-evidence		
.specula-output/confirmation/MC-1/worktree/crates/swbus-proto/src	.specula-output/confirmation/MC-1/worktree/crates/swbus-proto/src	directory	0775	1783605896360969409				mkdir	run-directory		
.specula-output/confirmation/MC-1/worktree/crates/swbus-proto/src/lib.rs	.specula-output/confirmation/MC-1/worktree/crates/swbus-proto/src/lib.rs	file	0664	1783605896359969390	61	d17df02f80826a817591af5b5010b0f6ac4898f5699eacd91ad7b47196752c22		copy	run-evidence		
.specula-output/confirmation/MC-1/worktree/crates/swbus-proto/src/message_id_generator.rs	.specula-output/confirmation/MC-1/worktree/crates/swbus-proto/src/message_id_generator.rs	file	0664	1783605896360969409	843	e719f9dd9bed5b86769144312a3c1e3a9af6c8767092dc9486d67bb3abb8fc11		copy	run-evidence		
.specula-output/confirmation/MC-1/worktree/crates/swbus-proto/src/result.rs	.specula-output/confirmation/MC-1/worktree/crates/swbus-proto/src/result.rs	file	0664	1783605896360969409	2424	a96858c007b047d749ea20494a2e1231eff29c547de8b7ebb0040ad8c5dd4676		copy	run-evidence		
.specula-output/confirmation/MC-1/worktree/crates/swbus-proto/src/swbus.rs	.specula-output/confirmation/MC-1/worktree/crates/swbus-proto/src/swbus.rs	file	0664	1783605896360969409	23852	20d8e932178d8c48aede8b3d87b633155c3ca9565b0f185aed190970c0a6ee42		copy	run-evidence		
.specula-output/confirmation/MC-1/worktree/crates/swbusd	.specula-output/confirmation/MC-1/worktree/crates/swbusd	directory	0775	1783605896360969409				mkdir	run-directory		
.specula-output/confirmation/MC-1/worktree/crates/swbusd/Cargo.toml	.specula-output/confirmation/MC-1/worktree/crates/swbusd/Cargo.toml	file	0664	1783605896360969409	717	54924fd7838c8233ff4bb1a2c69ab2d64c508e01b855299dcd305d24f38c5bf1		copy	run-evidence		
.specula-output/confirmation/MC-1/worktree/crates/swbusd/sample	.specula-output/confirmation/MC-1/worktree/crates/swbusd/sample	directory	0775	1783605896360969409				mkdir	run-directory		
.specula-output/confirmation/MC-1/worktree/crates/swbusd/sample/inter-cluster	.specula-output/confirmation/MC-1/worktree/crates/swbusd/sample/inter-cluster	directory	0775	1783605896360969409				mkdir	run-directory		
.specula-output/confirmation/MC-1/worktree/crates/swbusd/sample/inter-cluster/swbusd_cluster-a.10.0.0.1.cfg	.specula-output/confirmation/MC-1/worktree/crates/swbusd/sample/inter-cluster/swbusd_cluster-a.10.0.0.1.cfg	file	0664	1783605896360969409	470	0f011fc137e242399d46c0b5f2c340f26d6f32f92a44316a10e4e1c7e388e9a1		copy	run-evidence		
.specula-output/confirmation/MC-1/worktree/crates/swbusd/sample/inter-cluster/swbusd_cluster-a.10.0.0.2.cfg	.specula-output/confirmation/MC-1/worktree/crates/swbusd/sample/inter-cluster/swbusd_cluster-a.10.0.0.2.cfg	file	0664	1783605896360969409	274	196dd09c012bef6ace2d36fb3911625f4cdaf808059fb519418e398080c76999		copy	run-evidence		
.specula-output/confirmation/MC-1/worktree/crates/swbusd/sample/inter-cluster/swbusd_cluster-b.11.0.0.1.cfg	.specula-output/confirmation/MC-1/worktree/crates/swbusd/sample/inter-cluster/swbusd_cluster-b.11.0.0.1.cfg	file	0664	1783605896360969409	343	eb4623b5c1f3c39b3e402fdb41ca86aef420b5a8a3650613f2a9823b04ac55bf		copy	run-evidence		
.specula-output/confirmation/MC-1/worktree/crates/swbusd/sample/swbusd1.cfg	.specula-output/confirmation/MC-1/worktree/crates/swbusd/sample/swbusd1.cfg	file	0664	1783605896360969409	344	5048fdda47d8a6f85ecf7552fa66ebbb4d3ed5b785f836a720b7eeb51bd22b19		copy	run-evidence		
.specula-output/confirmation/MC-1/worktree/crates/swbusd/sample/swbusd2.cfg	.specula-output/confirmation/MC-1/worktree/crates/swbusd/sample/swbusd2.cfg	file	0664	1783605896360969409	274	196dd09c012bef6ace2d36fb3911625f4cdaf808059fb519418e398080c76999		copy	run-evidence		
.specula-output/confirmation/MC-1/worktree/crates/swbusd/src	.specula-output/confirmation/MC-1/worktree/crates/swbusd/src	directory	0775	1783605896360969409				mkdir	run-directory		
.specula-output/confirmation/MC-1/worktree/crates/swbusd/src/main.rs	.specula-output/confirmation/MC-1/worktree/crates/swbusd/src/main.rs	file	0664	1783605896360969409	1262	967c40e9b6ba91ab7884f883516746bf5b6bcd94aa38cec68485a427e32b9fd4		copy	run-evidence		
.specula-output/confirmation/MC-1/worktree/crates/swss-common-bridge	.specula-output/confirmation/MC-1/worktree/crates/swss-common-bridge	directory	0775	1783605896360969409				mkdir	run-directory		
.specula-output/confirmation/MC-1/worktree/crates/swss-common-bridge/Cargo.toml	.specula-output/confirmation/MC-1/worktree/crates/swss-common-bridge/Cargo.toml	file	0664	1783605896360969409	755	90d0fd07f27224840f9e8aa43ae6d16be1e433fdcd9bffed3e9d7d5c27f0caac		copy	run-evidence		
.specula-output/confirmation/MC-1/worktree/crates/swss-common-bridge/src	.specula-output/confirmation/MC-1/worktree/crates/swss-common-bridge/src	directory	0775	1783605896360969409				mkdir	run-directory		
.specula-output/confirmation/MC-1/worktree/crates/swss-common-bridge/src/consumer.rs	.specula-output/confirmation/MC-1/worktree/crates/swss-common-bridge/src/consumer.rs	file	0664	1783605896360969409	15722	d29510353c47d63cc4732f9075e55428f5605a35cb40c84728bfe585e3b6ae81		copy	run-evidence		
.specula-output/confirmation/MC-1/worktree/crates/swss-common-bridge/src/lib.rs	.specula-output/confirmation/MC-1/worktree/crates/swss-common-bridge/src/lib.rs	file	0664	1783605896360969409	2341	d50bada2027ab4bdfe19da142733e301550d8a13a43b728baf38f1dc0a95f619		copy	run-evidence		
.specula-output/confirmation/MC-1/worktree/crates/swss-common-bridge/src/producer.rs	.specula-output/confirmation/MC-1/worktree/crates/swss-common-bridge/src/producer.rs	file	0664	1783605896360969409	16096	e6204c6c8b791275c57cb4d4818b4c1c2be3cc0bf6e317bd95743aa20527d18a		copy	run-evidence		
.specula-output/confirmation/MC-1/worktree/crates/swss-serde	.specula-output/confirmation/MC-1/worktree/crates/swss-serde	directory	0775	1783605896361969427				mkdir	run-directory		
.specula-output/confirmation/MC-1/worktree/crates/swss-serde/Cargo.toml	.specula-output/confirmation/MC-1/worktree/crates/swss-serde/Cargo.toml	file	0664	1783605896360969409	409	996d81b6c4c147fde077b633256c11bd82fa1e005462fc46dca009ae66a3bead		copy	run-evidence		
.specula-output/confirmation/MC-1/worktree/crates/swss-serde/src	.specula-output/confirmation/MC-1/worktree/crates/swss-serde/src	directory	0775	1783605896361969427				mkdir	run-directory		
.specula-output/confirmation/MC-1/worktree/crates/swss-serde/src/error.rs	.specula-output/confirmation/MC-1/worktree/crates/swss-serde/src/error.rs	file	0664	1783605896361969427	595	cde10988fad503119f0fcfff46c95c6b2173005227d97f6e412499269c64e017		copy	run-evidence		
.specula-output/confirmation/MC-1/worktree/crates/swss-serde/src/field_value.rs	.specula-output/confirmation/MC-1/worktree/crates/swss-serde/src/field_value.rs	file	0664	1783605896361969427	10246	8a9087750327abf38082b37f096912427bfb3306dbe93c986947c8325d1565b9		copy	run-evidence		
.specula-output/confirmation/MC-1/worktree/crates/swss-serde/src/field_values.rs	.specula-output/confirmation/MC-1/worktree/crates/swss-serde/src/field_values.rs	file	0664	1783605896361969427	5341	4bdecb30295f4d23fdb2425d040c4cc4dcfff22331112d8ad441ce91ed524ef8		copy	run-evidence		
.specula-output/confirmation/MC-1/worktree/crates/swss-serde/src/lib.rs	.specula-output/confirmation/MC-1/worktree/crates/swss-serde/src/lib.rs	file	0664	1783605896361969427	1359	5ed868b6f5d73e9e01ccfef09f376878eaf337279e11c19ddbaea191839bb578		copy	run-evidence		
.specula-output/confirmation/MC-1/worktree/crates/swss-serde/src/table.rs	.specula-output/confirmation/MC-1/worktree/crates/swss-serde/src/table.rs	file	0664	1783605896361969427	3496	8761b69bf3fc7ab4f824400e828437f3e05c64707ab27772c0ebdc94d3e5fb92		copy	run-evidence		
.specula-output/confirmation/MC-1/worktree/crates/swss-serde/src/test.rs	.specula-output/confirmation/MC-1/worktree/crates/swss-serde/src/test.rs	file	0664	1783605896361969427	5878	ba5857b01fa8dcc87b8107f3f475c996b370fd65efe9c8c944d6123de14559fa		copy	run-evidence		
.specula-output/confirmation/MC-1/worktree/debian	.specula-output/confirmation/MC-1/worktree/debian	directory	0775	1783605896361969427				mkdir	run-directory		
.specula-output/confirmation/MC-1/worktree/debian/.gitignore	.record/source-control/.specula-output/confirmation/MC-1/worktree/debian/gitignore.source	file	0664	1783605896361969427	66	5ba161d24cf3cf6ca666052cd4a803bc4c5b4513f2f2d8ce173dd44ac27b332c		copy	run-evidence		
.specula-output/confirmation/MC-1/worktree/debian/changelog	.specula-output/confirmation/MC-1/worktree/debian/changelog	file	0664	1783605896361969427	133	b0e4c77158baf68f5f4e44a9e9cf8cc2cb87fb1e5d972d5c8ece7ec12bcf9ebf		copy	run-evidence		
.specula-output/confirmation/MC-1/worktree/debian/compat	.specula-output/confirmation/MC-1/worktree/debian/compat	file	0664	1783605896361969427	2	4fc82b26aecb47d2868c4efbe3581732a3e7cbcc6c2efb32062c08170a05eeb8		copy	run-evidence		
.specula-output/confirmation/MC-1/worktree/debian/control	.specula-output/confirmation/MC-1/worktree/debian/control	file	0664	1783605896361969427	402	dc830719b6f4481a9ceb047afe697fd9646c1bc4004c3044954d142af14c3300		copy	run-evidence		
.specula-output/confirmation/MC-1/worktree/debian/install	.specula-output/confirmation/MC-1/worktree/debian/install	file	0664	1783605896361969427	130	191b4426c4b291ad2a887f4ca2ff8f117b3e011c79935548c46427b23a5b0f8f		copy	run-evidence		
.specula-output/confirmation/MC-1/worktree/debian/rules	.specula-output/confirmation/MC-1/worktree/debian/rules	file	0775	1783605896361969427	345	7cde28e0b934350b9de186d64baad0f0b9eed95dd6992125c8e29d0175d735bc		copy	run-evidence		
.specula-output/confirmation/MC-1/worktree/rustfmt.toml	.specula-output/confirmation/MC-1/worktree/rustfmt.toml	file	0664	1783605896361969427	443	b978c41d933c21053898dcf392291fd90addd3558f99149227132b85a17be027		copy	run-evidence		
.specula-output/confirmation/MC-1/worktree/scripts	.specula-output/confirmation/MC-1/worktree/scripts	directory	0775	1783605896361969427				mkdir	run-directory		
.specula-output/confirmation/MC-1/worktree/scripts/wait_for_loopback.py	.specula-output/confirmation/MC-1/worktree/scripts/wait_for_loopback.py	file	0664	1783605896361969427	3525	5f8d0244c51cb5dcce41f42706430bbe3f918f054c3242a8b4736cd78e6caf9d		copy	run-evidence		
.specula-output/confirmation/MC-1/worktree/target		directory	0755	1783606097382694107				exclude	non-evidence	build-or-generated-cache	
.specula-output/confirmation/MC-1/worktree/test_utils	.specula-output/confirmation/MC-1/worktree/test_utils	directory	0775	1783605896362969446				mkdir	run-directory		
.specula-output/confirmation/MC-1/worktree/test_utils/README.md	.specula-output/confirmation/MC-1/worktree/test_utils/README.md	file	0664	1783605896361969427	488	94110682d023d1d8e19ad8c9252057b8254259c7b9764fc5e66fc513d93cfac8		copy	run-evidence		
.specula-output/confirmation/MC-1/worktree/test_utils/hamgrd	.specula-output/confirmation/MC-1/worktree/test_utils/hamgrd	directory	0775	1783605896362969446				mkdir	run-directory		
.specula-output/confirmation/MC-1/worktree/test_utils/hamgrd/database_config.json	.specula-output/confirmation/MC-1/worktree/test_utils/hamgrd/database_config.json	file	0664	1783605896361969427	968	1de32db1a468dc0ef74752b4b693dcc1b53113f4dc591ba2946e1cc25dbc931d		copy	run-evidence		
.specula-output/confirmation/MC-1/worktree/test_utils/hamgrd/database_global.json	.specula-output/confirmation/MC-1/worktree/test_utils/hamgrd/database_global.json	file	0664	1783605896361969427	245	33c792f9b464a3934fb39e6d1a1ef16f0df3bdc103dfd5851dfcdc7da7e8a082		copy	run-evidence		
.specula-output/confirmation/MC-1/worktree/test_utils/hamgrd/redis_data_planned_up_then_down.cmd	.specula-output/confirmation/MC-1/worktree/test_utils/hamgrd/redis_data_planned_up_then_down.cmd	file	0664	1783605896361969427	1090	24e710b2196e98324a34e4152d70eebeb633dcd0f0ba0000c812cf1f12a8af85		copy	run-evidence		
.specula-output/confirmation/MC-1/worktree/test_utils/hamgrd/redis_data_set.cmd	.specula-output/confirmation/MC-1/worktree/test_utils/hamgrd/redis_data_set.cmd	file	0664	1783605896362969446	3476	608c1fa7508acf661de34ffd3249560029fb8788dcbd732ea83b36db964afefd		copy	run-evidence		
.specula-output/confirmation/MC-1/worktree/test_utils/hamgrd/redis_data_set_full.cmd	.specula-output/confirmation/MC-1/worktree/test_utils/hamgrd/redis_data_set_full.cmd	file	0664	1783605896362969446	5031	5ac73f5017d2955a45767e803b3a2e6d206bd433118109bd55b26f7254ccb6c6		copy	run-evidence		
.specula-output/confirmation/MC-1/worktree/test_utils/run_redis.sh	.specula-output/confirmation/MC-1/worktree/test_utils/run_redis.sh	file	0775	1783605896362969446	490	a17fe5c24818986e4b2f525924890927c5a4a7ccf2df29c025ab050d54289f7e		copy	run-evidence		
.specula-output/confirmation/MC-2	.specula-output/confirmation/MC-2	directory	0775	1783606442999160073				mkdir	run-directory		
.specula-output/confirmation/MC-2/debate.md	.specula-output/confirmation/MC-2/debate.md	file	0664	1783606442988159869	870147	9a503ae72fbc8933df152a40d40422ed1387db1854871d5663525ab674b1b7df		copy	run-evidence		
.specula-output/confirmation/MC-2/repair-request.body.md	.specula-output/confirmation/MC-2/repair-request.body.md	file	0664	1783606392665177281	2326	457dfc6563a96118d19ac729d9919575a0e9aa02d52e671c4e47d328512f0a7a		copy	run-evidence		
.specula-output/confirmation/MC-2/turn01_A.log	.specula-output/confirmation/MC-2/turn01_A.log	file	0664	1783606442415149206	870101	e51338f739405f153d470dabb7e50972d475bab16452592679de091d0e0578d5		copy	run-evidence		
.specula-output/confirmation/MC-2/turn01_A.prompt.md	.specula-output/confirmation/MC-2/turn01_A.prompt.md	file	0664	1783605896365969501	14146	b1adde97216e5285b2ce6d254d4ab705e19e55f77993393f4d37536bedd06434		copy	run-evidence		
.specula-output/confirmation/MC-2/turn01_A.usage.json	.specula-output/confirmation/MC-2/turn01_A.usage.json	file	0664	1783606442956159273	245	83b6796ed3820cafdf8c8325e71d8cbeb45e8488027f760e7b4aba6915b24ad6		copy	run-evidence		
.specula-output/confirmation/MC-2/verdict.json	.specula-output/confirmation/MC-2/verdict.json	file	0664	1783607928689061286	901325	980a82a9967517d677869d692b2422132a2c396192e6c3713fcf49fe115ebcce		copy	run-evidence		
.specula-output/confirmation/MC-2/worktree	.specula-output/confirmation/MC-2/worktree	directory	0775	1783606442992159943				mkdir	run-directory		
.specula-output/confirmation/MC-2/worktree/.git		file	0664	1783605896344969112	120	e6475422cf3184cf272c165b04d4538d48911b9e73de0fd88e63ed87b5d28964		exclude	non-evidence	git-metadata	
.specula-output/confirmation/MC-2/worktree/.gitignore	.record/source-control/.specula-output/confirmation/MC-2/worktree/gitignore.source	file	0664	1783605896349969205	63	1362d8ecf612bff1ef3ef5f59dc941311a4c6d370176ee3fac2d6cf5dfa3d1e6		copy	run-evidence		
.specula-output/confirmation/MC-2/worktree/.pre-commit-config.yaml	.specula-output/confirmation/MC-2/worktree/.pre-commit-config.yaml	file	0664	1783605896349969205	975	06442782b6b7979294be9ec6cc14f1ecc0eec90d3c31ed7aa93075eba188b87d		copy	run-evidence		
.specula-output/confirmation/MC-2/worktree/Cargo.lock	.specula-output/confirmation/MC-2/worktree/Cargo.lock	file	0664	1783605896350969223	73759	55dfa1a975d6b3474b152fd1180861ca840793e7821799e3dfdb6c3e6a5d6459		copy	run-evidence		
.specula-output/confirmation/MC-2/worktree/Cargo.toml	.specula-output/confirmation/MC-2/worktree/Cargo.toml	file	0664	1783605896350969223	3193	e3dc3c58d5118c233e79d7c9792584060b66b41b505974718ae506a932031fc3		copy	run-evidence		
.specula-output/confirmation/MC-2/worktree/LICENSE	.specula-output/confirmation/MC-2/worktree/LICENSE	file	0664	1783605896350969223	555	64f72cf7a9753b300106dd2a2b058feb084cc105c2ad359a2320f372504d49c8		copy	run-evidence		
.specula-output/confirmation/MC-2/worktree/Makefile	.specula-output/confirmation/MC-2/worktree/Makefile	file	0664	1783605896350969223	1500	4b8e6dfaf74b0d71d23644d1ee70c6459a377bd883764c0632e0545f1c165202		copy	run-evidence		
.specula-output/confirmation/MC-2/worktree/README.md	.specula-output/confirmation/MC-2/worktree/README.md	file	0664	1783605896350969223	2258	a586c1b3947fa180a9687299db907422b38de00f41a0c60c9bdb58e3da32f994		copy	run-evidence		
.specula-output/confirmation/MC-2/worktree/crates	.specula-output/confirmation/MC-2/worktree/crates	directory	0775	1783605896361969427				mkdir	run-directory		
.specula-output/confirmation/MC-2/worktree/crates/container	.specula-output/confirmation/MC-2/worktree/crates/container	directory	0775	1783605896350969223				mkdir	run-directory		
.specula-output/confirmation/MC-2/worktree/crates/container/Cargo.toml	.specula-output/confirmation/MC-2/worktree/crates/container/Cargo.toml	file	0664	1783605896350969223	543	4ad8767d8c5f5d31bbeddeaa23c3a0887ee9efa8875a988e78a849f0fa8ab463		copy	run-evidence		
.specula-output/confirmation/MC-2/worktree/crates/container/src	.specula-output/confirmation/MC-2/worktree/crates/container/src	directory	0775	1783605896350969223				mkdir	run-directory		
.specula-output/confirmation/MC-2/worktree/crates/container/src/container.rs	.specula-output/confirmation/MC-2/worktree/crates/container/src/container.rs	file	0664	1783605896350969223	13473	fdd146e2a3c44d5d102092554290a6ab82ec78b529b31e92f5371899d1a13461		copy	run-evidence		
.specula-output/confirmation/MC-2/worktree/crates/container/src/main.rs	.specula-output/confirmation/MC-2/worktree/crates/container/src/main.rs	file	0664	1783605896350969223	1402	8804dad7b22eb1b3c4809fd1ca77458214320d6cd109136faba05d0e0005920e		copy	run-evidence		
.specula-output/confirmation/MC-2/worktree/crates/hamgrd	.specula-output/confirmation/MC-2/worktree/crates/hamgrd	directory	0775	1783605896350969223				mkdir	run-directory		
.specula-output/confirmation/MC-2/worktree/crates/hamgrd/Cargo.toml	.specula-output/confirmation/MC-2/worktree/crates/hamgrd/Cargo.toml	file	0664	1783605896350969223	1091	dfcecf0cc5aa0ddeb66899facb1f4e78afde2437e4caf634677e4d08ebaf85a4		copy	run-evidence		
.specula-output/confirmation/MC-2/worktree/crates/hamgrd/src	.specula-output/confirmation/MC-2/worktree/crates/hamgrd/src	directory	0775	1783605896352969261				mkdir	run-directory		
.specula-output/confirmation/MC-2/worktree/crates/hamgrd/src/actors	.specula-output/confirmation/MC-2/worktree/crates/hamgrd/src/actors	directory	0775	1783605896351969242				mkdir	run-directory		
.specula-output/confirmation/MC-2/worktree/crates/hamgrd/src/actors.rs	.specula-output/confirmation/MC-2/worktree/crates/hamgrd/src/actors.rs	file	0664	1783605896350969223	10857	60b97fd54b124162e2691fb612c18f23bfa411a0d7dd4cc2faafdac1dd7ff889		copy	run-evidence		
.specula-output/confirmation/MC-2/worktree/crates/hamgrd/src/actors/dpu.rs	.specula-output/confirmation/MC-2/worktree/crates/hamgrd/src/actors/dpu.rs	file	0664	1783605896351969242	27800	1f9135dc244e019d3f860f8b419748099be6158b82238b40d6f5ef73e67a70d4		copy	run-evidence		
.specula-output/confirmation/MC-2/worktree/crates/hamgrd/src/actors/ha_scope.rs	.specula-output/confirmation/MC-2/worktree/crates/hamgrd/src/actors/ha_scope.rs	file	0664	1783606323972905037	53263	e1a18f04b01aee7f57f45a4c2812011ea23e370525269ea828c777521cf8955b		copy	run-evidence		
.specula-output/confirmation/MC-2/worktree/crates/hamgrd/src/actors/ha_set.rs	.specula-output/confirmation/MC-2/worktree/crates/hamgrd/src/actors/ha_set.rs	file	0664	1783605896351969242	54279	0ddf6b21740c84bd17b1113b4497d1c8fca1cdded0669028efe4b3751afee8c3		copy	run-evidence		
.specula-output/confirmation/MC-2/worktree/crates/hamgrd/src/actors/test.rs	.specula-output/confirmation/MC-2/worktree/crates/hamgrd/src/actors/test.rs	file	0664	1783605896351969242	25740	68fce46b1239953c7ed8e7d248ce4a5ca94ca1fd5587db04909aeb133beb7ce8		copy	run-evidence		
.specula-output/confirmation/MC-2/worktree/crates/hamgrd/src/actors/vdpu.rs	.specula-output/confirmation/MC-2/worktree/crates/hamgrd/src/actors/vdpu.rs	file	0664	1783605896351969242	8755	0e91f79cfa4a07c231c2a04d179cc784314fae6c91349ffdf6586e2e12cb072a		copy	run-evidence		
.specula-output/confirmation/MC-2/worktree/crates/hamgrd/src/db_structs.rs	.specula-output/confirmation/MC-2/worktree/crates/hamgrd/src/db_structs.rs	file	0664	1783605896352969261	34184	a322274850ae6754df30ca8da226e1b18b9d07268a7e41578aae718a2295c74a		copy	run-evidence		
.specula-output/confirmation/MC-2/worktree/crates/hamgrd/src/ha_actor_messages.rs	.specula-output/confirmation/MC-2/worktree/crates/hamgrd/src/ha_actor_messages.rs	file	0664	1783605896352969261	6543	e1a13cdedb85938b77795f331bf3771d088e8bfce8051324f0a69161ee285d68		copy	run-evidence		
.specula-output/confirmation/MC-2/worktree/crates/hamgrd/src/main.rs	.specula-output/confirmation/MC-2/worktree/crates/hamgrd/src/main.rs	file	0664	1783605896352969261	8926	e9a6de6c129eb77fc46132682098b67f3184307f1ad5aeb1783403e8e23552ca		copy	run-evidence		
.specula-output/confirmation/MC-2/worktree/crates/sonic-common	.specula-output/confirmation/MC-2/worktree/crates/sonic-common	directory	0775	1783605896352969261				mkdir	run-directory		
.specula-output/confirmation/MC-2/worktree/crates/sonic-common/Cargo.toml	.specula-output/confirmation/MC-2/worktree/crates/sonic-common/Cargo.toml	file	0664	1783605896352969261	843	1239a0525ec2b948dd0ac2e78b9861a4da144fef3a1b3b5337ff7712dec9c5e5		copy	run-evidence		
.specula-output/confirmation/MC-2/worktree/crates/sonic-common/src	.specula-output/confirmation/MC-2/worktree/crates/sonic-common/src	directory	0775	1783605896352969261				mkdir	run-directory		
.specula-output/confirmation/MC-2/worktree/crates/sonic-common/src/lib.rs	.specula-output/confirmation/MC-2/worktree/crates/sonic-common/src/lib.rs	file	0664	1783605896352969261	573	18239424369eefc097b517348bc38889a2965244d88d7557c7e8568681093722		copy	run-evidence		
.specula-output/confirmation/MC-2/worktree/crates/sonic-common/src/log.rs	.specula-output/confirmation/MC-2/worktree/crates/sonic-common/src/log.rs	file	0664	1783605896352969261	7511	9f51b7708251f05f717e61f926e4893e318ce13905011273a982f08907262180		copy	run-evidence		
.specula-output/confirmation/MC-2/worktree/crates/sonic-common/src/panic.rs	.specula-output/confirmation/MC-2/worktree/crates/sonic-common/src/panic.rs	file	0664	1783605896352969261	1647	571290dc59a3ec765e03aa7c4bb7563d80d73747ae9cb95c697c41f667a8ca95		copy	run-evidence		
.specula-output/confirmation/MC-2/worktree/crates/sonic-dash-api-proto	.specula-output/confirmation/MC-2/worktree/crates/sonic-dash-api-proto	directory	0775	1783605896352969261				mkdir	run-directory		
.specula-output/confirmation/MC-2/worktree/crates/sonic-dash-api-proto/Cargo.toml	.specula-output/confirmation/MC-2/worktree/crates/sonic-dash-api-proto/Cargo.toml	file	0664	1783605896352969261	531	de2b47c4469d3a36868ed6e8dd3f619350358c8cc28a5f5f9d6cec405e1793e3		copy	run-evidence		
.specula-output/confirmation/MC-2/worktree/crates/sonic-dash-api-proto/build.rs	.specula-output/confirmation/MC-2/worktree/crates/sonic-dash-api-proto/build.rs	file	0664	1783605896352969261	2539	d6fbe856e6076167a0474176a3f65fb610390e45a40f3af1ebb46a874b8b3559		copy	run-evidence		
.specula-output/confirmation/MC-2/worktree/crates/sonic-dash-api-proto/sonic-dash-api	.specula-output/confirmation/MC-2/worktree/crates/sonic-dash-api-proto/sonic-dash-api	directory	0775	1783606272691952027				mkdir	run-directory		
.specula-output/confirmation/MC-2/worktree/crates/sonic-dash-api-proto/sonic-dash-api/.azure-pipelines	.specula-output/confirmation/MC-2/worktree/crates/sonic-dash-api-proto/sonic-dash-api/.azure-pipelines	directory	0775	1783606272690952009				mkdir	run-directory		
.specula-output/confirmation/MC-2/worktree/crates/sonic-dash-api-proto/sonic-dash-api/.azure-pipelines/build-template.yml	.specula-output/confirmation/MC-2/worktree/crates/sonic-dash-api-proto/sonic-dash-api/.azure-pipelines/build-template.yml	file	0664	1783606272690952009	1157	451ce6463ef8074b1f8b8e75dd9d3ea31a7615ebf167e0b0d659f7c84b1829ba		copy	run-evidence		
.specula-output/confirmation/MC-2/worktree/crates/sonic-dash-api-proto/sonic-dash-api/.git		file	0664	1783606272480948078	180	9210325f891af5f0d26115fe19b09ae7e90cfceb318f1e5260e75aeae866a8e4		exclude	non-evidence	git-metadata	
.specula-output/confirmation/MC-2/worktree/crates/sonic-dash-api-proto/sonic-dash-api/.github	.specula-output/confirmation/MC-2/worktree/crates/sonic-dash-api-proto/sonic-dash-api/.github	directory	0775	1783606272690952009				mkdir	run-directory		
.specula-output/confirmation/MC-2/worktree/crates/sonic-dash-api-proto/sonic-dash-api/.github/copilot-instructions.md	.specula-output/confirmation/MC-2/worktree/crates/sonic-dash-api-proto/sonic-dash-api/.github/copilot-instructions.md	file	0664	1783606272690952009	5543	cf53e2851093ee4279d3cb6b51122c09223fc6b06849a16ca061e7ae8154eb29		copy	run-evidence		
.specula-output/confirmation/MC-2/worktree/crates/sonic-dash-api-proto/sonic-dash-api/.gitignore	.record/source-control/.specula-output/confirmation/MC-2/worktree/crates/sonic-dash-api-proto/sonic-dash-api/gitignore.source	file	0664	1783606272690952009	152	37ae5085387aa46b903bede475c27f1c391bafc70e04f90ad326190dc6f9984a		copy	run-evidence		
.specula-output/confirmation/MC-2/worktree/crates/sonic-dash-api-proto/sonic-dash-api/Makefile	.specula-output/confirmation/MC-2/worktree/crates/sonic-dash-api-proto/sonic-dash-api/Makefile	file	0664	1783606272690952009	2867	6b7a7ee8959734154670386e7e3a8ce8da6c4bffd016c083799d1a830718f71f		copy	run-evidence		
.specula-output/confirmation/MC-2/worktree/crates/sonic-dash-api-proto/sonic-dash-api/README.md	.specula-output/confirmation/MC-2/worktree/crates/sonic-dash-api-proto/sonic-dash-api/README.md	file	0664	1783606272691952027	1462	b3fd7b0c339366692c23500294a116aea8de6e88998b8865f496c7220ba40302		copy	run-evidence		
.specula-output/confirmation/MC-2/worktree/crates/sonic-dash-api-proto/sonic-dash-api/azure-pipelines.yml	.specula-output/confirmation/MC-2/worktree/crates/sonic-dash-api-proto/sonic-dash-api/azure-pipelines.yml	file	0664	1783606272691952027	2850	6a71b850acd5b5220c310b76a649ca04c007f7ffc013791be7c7391edb648bf9		copy	run-evidence		
.specula-output/confirmation/MC-2/worktree/crates/sonic-dash-api-proto/sonic-dash-api/debian	.specula-output/confirmation/MC-2/worktree/crates/sonic-dash-api-proto/sonic-dash-api/debian	directory	0775	1783606272691952027				mkdir	run-directory		
.specula-output/confirmation/MC-2/worktree/crates/sonic-dash-api-proto/sonic-dash-api/debian/changelog	.specula-output/confirmation/MC-2/worktree/crates/sonic-dash-api-proto/sonic-dash-api/debian/changelog	file	0664	1783606272691952027	127	001c5cf3cc6c410458f8bd863f50fbbee5fcec94760be78fa2daf6e3ec985db4		copy	run-evidence		
.specula-output/confirmation/MC-2/worktree/crates/sonic-dash-api-proto/sonic-dash-api/debian/compat	.specula-output/confirmation/MC-2/worktree/crates/sonic-dash-api-proto/sonic-dash-api/debian/compat	file	0664	1783606272691952027	2	4fc82b26aecb47d2868c4efbe3581732a3e7cbcc6c2efb32062c08170a05eeb8		copy	run-evidence		
.specula-output/confirmation/MC-2/worktree/crates/sonic-dash-api-proto/sonic-dash-api/debian/control	.specula-output/confirmation/MC-2/worktree/crates/sonic-dash-api-proto/sonic-dash-api/debian/control	file	0664	1783606272691952027	362	33f4fb53634f991b8e9fee9d1bc0ebcdf95eb5a4789d435152724422743ec0ef		copy	run-evidence		
.specula-output/confirmation/MC-2/worktree/crates/sonic-dash-api-proto/sonic-dash-api/debian/rules	.specula-output/confirmation/MC-2/worktree/crates/sonic-dash-api-proto/sonic-dash-api/debian/rules	file	0775	1783606272691952027	88	885237907618e908f1fc048d94196c6baef3c1eb9398c334cd4cd382e97b9115		copy	run-evidence		
.specula-output/confirmation/MC-2/worktree/crates/sonic-dash-api-proto/sonic-dash-api/misc	.specula-output/confirmation/MC-2/worktree/crates/sonic-dash-api-proto/sonic-dash-api/misc	directory	0775	1783606272691952027				mkdir	run-directory		
.specula-output/confirmation/MC-2/worktree/crates/sonic-dash-api-proto/sonic-dash-api/misc/.gitignore	.record/source-control/.specula-output/confirmation/MC-2/worktree/crates/sonic-dash-api-proto/sonic-dash-api/misc/gitignore.source	file	0664	1783606272691952027	110	65057622390473201d1a7bfa966ca489a4f6b4c65232d115fee498d256c27617		copy	run-evidence		
.specula-output/confirmation/MC-2/worktree/crates/sonic-dash-api-proto/sonic-dash-api/misc/dash_api_utils	.specula-output/confirmation/MC-2/worktree/crates/sonic-dash-api-proto/sonic-dash-api/misc/dash_api_utils	file	0775	1783606272691952027	1673	a54b3116aa2c22f82c8fa7b0181c477b6b8e1770f547efbf6fd07d95e63856b3		copy	run-evidence		
.specula-output/confirmation/MC-2/worktree/crates/sonic-dash-api-proto/sonic-dash-api/misc/pypkg	.specula-output/confirmation/MC-2/worktree/crates/sonic-dash-api-proto/sonic-dash-api/misc/pypkg	directory	0775	1783606272691952027				mkdir	run-directory		
.specula-output/confirmation/MC-2/worktree/crates/sonic-dash-api-proto/sonic-dash-api/misc/pypkg/dash_api	.specula-output/confirmation/MC-2/worktree/crates/sonic-dash-api-proto/sonic-dash-api/misc/pypkg/dash_api	directory	0775	1783606272691952027				mkdir	run-directory		
.specula-output/confirmation/MC-2/worktree/crates/sonic-dash-api-proto/sonic-dash-api/misc/pypkg/dash_api/__init__.py	.specula-output/confirmation/MC-2/worktree/crates/sonic-dash-api-proto/sonic-dash-api/misc/pypkg/dash_api/__init__.py	file	0664	1783606272691952027	86	40c99d3fc4e0e8e6bcd60d2737a25a7ddf966ee2bd4bac2dc7364cd869023131		copy	run-evidence		
.specula-output/confirmation/MC-2/worktree/crates/sonic-dash-api-proto/sonic-dash-api/misc/tests	.specula-output/confirmation/MC-2/worktree/crates/sonic-dash-api-proto/sonic-dash-api/misc/tests	directory	0775	1783606272691952027				mkdir	run-directory		
.specula-output/confirmation/MC-2/worktree/crates/sonic-dash-api-proto/sonic-dash-api/misc/tests/main.cpp	.specula-output/confirmation/MC-2/worktree/crates/sonic-dash-api-proto/sonic-dash-api/misc/tests/main.cpp	file	0664	1783606272691952027	102	59572f84bf8df2a31f58d87051915b08cd9c32859092f1532135127155a33c24		copy	run-evidence		
.specula-output/confirmation/MC-2/worktree/crates/sonic-dash-api-proto/sonic-dash-api/misc/tests/test_utils.py	.specula-output/confirmation/MC-2/worktree/crates/sonic-dash-api-proto/sonic-dash-api/misc/tests/test_utils.py	file	0664	1783606272691952027	1955	43dc5e16b6648a9b58fc6d051de9ce7798273760f45bfe3e477d58277271326f		copy	run-evidence		
.specula-output/confirmation/MC-2/worktree/crates/sonic-dash-api-proto/sonic-dash-api/misc/tests/utils_unittest.cpp	.specula-output/confirmation/MC-2/worktree/crates/sonic-dash-api-proto/sonic-dash-api/misc/tests/utils_unittest.cpp	file	0664	1783606272691952027	5547	a959ab4ffc771de60248278a264b79d116514c9107ece82c7c23e3e991a492d0		copy	run-evidence		
.specula-output/confirmation/MC-2/worktree/crates/sonic-dash-api-proto/sonic-dash-api/misc/utils.cpp	.specula-output/confirmation/MC-2/worktree/crates/sonic-dash-api-proto/sonic-dash-api/misc/utils.cpp	file	0664	1783606272691952027	4029	7822b783cee4ecbce6085636b0ced2be68ea419c1c9e5002812e17f51d1a1121		copy	run-evidence		
.specula-output/confirmation/MC-2/worktree/crates/sonic-dash-api-proto/sonic-dash-api/misc/utils.h	.specula-output/confirmation/MC-2/worktree/crates/sonic-dash-api-proto/sonic-dash-api/misc/utils.h	file	0664	1783606272691952027	696	43ad84a08fffb2f5de7a429a0c4bc74de192251257c40fbbc5240e33881581a5		copy	run-evidence		
.specula-output/confirmation/MC-2/worktree/crates/sonic-dash-api-proto/sonic-dash-api/misc/utils.i	.specula-output/confirmation/MC-2/worktree/crates/sonic-dash-api-proto/sonic-dash-api/misc/utils.i	file	0664	1783606272691952027	124	b0ed8aea587950df30be894992ca7319f6b87d18c3d674abaaf17fa523ac15c5		copy	run-evidence		
.specula-output/confirmation/MC-2/worktree/crates/sonic-dash-api-proto/sonic-dash-api/proto	.specula-output/confirmation/MC-2/worktree/crates/sonic-dash-api-proto/sonic-dash-api/proto	directory	0775	1783606272692952046				mkdir	run-directory		
.specula-output/confirmation/MC-2/worktree/crates/sonic-dash-api-proto/sonic-dash-api/proto/acl_group.proto	.specula-output/confirmation/MC-2/worktree/crates/sonic-dash-api-proto/sonic-dash-api/proto/acl_group.proto	file	0664	1783606272691952027	224	63b83374a5dfe1eecea6532375f55378d0c80a61a343a6569bde52d5a84350bb		copy	run-evidence		
.specula-output/confirmation/MC-2/worktree/crates/sonic-dash-api-proto/sonic-dash-api/proto/acl_in.proto	.specula-output/confirmation/MC-2/worktree/crates/sonic-dash-api-proto/sonic-dash-api/proto/acl_in.proto	file	0664	1783606272691952027	310	8c4990a198ae41a7bb3b57278049936caa5f097416602aa83fe9261a24149307		copy	run-evidence		
.specula-output/confirmation/MC-2/worktree/crates/sonic-dash-api-proto/sonic-dash-api/proto/acl_out.proto	.specula-output/confirmation/MC-2/worktree/crates/sonic-dash-api-proto/sonic-dash-api/proto/acl_out.proto	file	0664	1783606272691952027	313	7fd56b7e8a7f311e24ac210b3a706d3ae218bf920e3a43cccf91bc0406ee581e		copy	run-evidence		
.specula-output/confirmation/MC-2/worktree/crates/sonic-dash-api-proto/sonic-dash-api/proto/acl_rule.proto	.specula-output/confirmation/MC-2/worktree/crates/sonic-dash-api-proto/sonic-dash-api/proto/acl_rule.proto	file	0664	1783606272691952027	1489	21efc2f5b9d3ef9278a78642d21a6ccea5352eec697dbeab920c4505bd6a47f3		copy	run-evidence		
.specula-output/confirmation/MC-2/worktree/crates/sonic-dash-api-proto/sonic-dash-api/proto/appliance.proto	.specula-output/confirmation/MC-2/worktree/crates/sonic-dash-api-proto/sonic-dash-api/proto/appliance.proto	file	0664	1783606272691952027	776	4f9bfe99d4615c32eb839cae910be8df431e5e72dc4eb2dce68ed5cb9ede8511		copy	run-evidence		
.specula-output/confirmation/MC-2/worktree/crates/sonic-dash-api-proto/sonic-dash-api/proto/eni.proto	.specula-output/confirmation/MC-2/worktree/crates/sonic-dash-api-proto/sonic-dash-api/proto/eni.proto	file	0664	1783606272691952027	1394	3cfa78f970e4c8eff5b16c8b0feca53fdfc77d43cb4cbf3f8816c0eba6971ee4		copy	run-evidence		
.specula-output/confirmation/MC-2/worktree/crates/sonic-dash-api-proto/sonic-dash-api/proto/eni_route.proto	.specula-output/confirmation/MC-2/worktree/crates/sonic-dash-api-proto/sonic-dash-api/proto/eni_route.proto	file	0664	1783606272691952027	184	1ea44c8956266a012206836e6de8a7fb3082b002c18e485fec1dca973a03f8f1		copy	run-evidence		
.specula-output/confirmation/MC-2/worktree/crates/sonic-dash-api-proto/sonic-dash-api/proto/ha_scope.proto	.specula-output/confirmation/MC-2/worktree/crates/sonic-dash-api-proto/sonic-dash-api/proto/ha_scope.proto	file	0664	1783606272691952027	749	bdb153bd85d28bc1bc165503fa808edd9f65a2c893966d313c77fded34ea5314		copy	run-evidence		
.specula-output/confirmation/MC-2/worktree/crates/sonic-dash-api-proto/sonic-dash-api/proto/ha_scope_config.proto	.specula-output/confirmation/MC-2/worktree/crates/sonic-dash-api-proto/sonic-dash-api/proto/ha_scope_config.proto	file	0664	1783606272691952027	561	a5df9f029dd4b10fb8933eab353b0612e158323be43264c3ec6124ab074d16af		copy	run-evidence		
.specula-output/confirmation/MC-2/worktree/crates/sonic-dash-api-proto/sonic-dash-api/proto/ha_scope_state.proto	.specula-output/confirmation/MC-2/worktree/crates/sonic-dash-api-proto/sonic-dash-api/proto/ha_scope_state.proto	file	0664	1783606272691952027	503	ef05bb57eb034ee8b5e0e52a0cdd78a22c6dac12b636f9ec90f99e0e4a2cfb29		copy	run-evidence		
.specula-output/confirmation/MC-2/worktree/crates/sonic-dash-api-proto/sonic-dash-api/proto/ha_set.proto	.specula-output/confirmation/MC-2/worktree/crates/sonic-dash-api-proto/sonic-dash-api/proto/ha_set.proto	file	0664	1783606272691952027	1482	68a55831f4939a0e731fac047888f285fd3ce5a56b92c4bdeab5ba3940fbe427		copy	run-evidence		
.specula-output/confirmation/MC-2/worktree/crates/sonic-dash-api-proto/sonic-dash-api/proto/ha_set_config.proto	.specula-output/confirmation/MC-2/worktree/crates/sonic-dash-api-proto/sonic-dash-api/proto/ha_set_config.proto	file	0664	1783606272692952046	437	3aac48716f7e82c5ed231ec04cc1e965ab47aecd5785ea9d7bec5cdd3b93d1ea		copy	run-evidence		
.specula-output/confirmation/MC-2/worktree/crates/sonic-dash-api-proto/sonic-dash-api/proto/ha_set_state.proto	.specula-output/confirmation/MC-2/worktree/crates/sonic-dash-api-proto/sonic-dash-api/proto/ha_set_state.proto	file	0664	1783606272692952046	295	eba05677140806197c24833e25e714b7da2b9613ce4d0e7077fbcce1f7ee1795		copy	run-evidence		
.specula-output/confirmation/MC-2/worktree/crates/sonic-dash-api-proto/sonic-dash-api/proto/meter.proto	.specula-output/confirmation/MC-2/worktree/crates/sonic-dash-api-proto/sonic-dash-api/proto/meter.proto	file	0664	1783606272692952046	376	959afb32392b5cc7c5ca48ee5fefc194dc93026603d5a96c389069df48d420a0		copy	run-evidence		
.specula-output/confirmation/MC-2/worktree/crates/sonic-dash-api-proto/sonic-dash-api/proto/meter_policy.proto	.specula-output/confirmation/MC-2/worktree/crates/sonic-dash-api-proto/sonic-dash-api/proto/meter_policy.proto	file	0664	1783606272692952046	221	3b355b5224b709b5135a139285f9223904396d68493b2331ebcc5d82afd0d08c		copy	run-evidence		
.specula-output/confirmation/MC-2/worktree/crates/sonic-dash-api-proto/sonic-dash-api/proto/meter_rule.proto	.specula-output/confirmation/MC-2/worktree/crates/sonic-dash-api-proto/sonic-dash-api/proto/meter_rule.proto	file	0664	1783606272692952046	360	2406e7d2a2f89645c15cbb354794ce010a6268a08338c4a44862f69193b9a6d3		copy	run-evidence		
.specula-output/confirmation/MC-2/worktree/crates/sonic-dash-api-proto/sonic-dash-api/proto/outbound_port_map.proto	.specula-output/confirmation/MC-2/worktree/crates/sonic-dash-api-proto/sonic-dash-api/proto/outbound_port_map.proto	file	0664	1783606272692952046	282	455b111663b169e0a8d5283720a248cdd3d925e2a953d48b870f722795e30dc2		copy	run-evidence		
.specula-output/confirmation/MC-2/worktree/crates/sonic-dash-api-proto/sonic-dash-api/proto/outbound_port_map_range.proto	.specula-output/confirmation/MC-2/worktree/crates/sonic-dash-api-proto/sonic-dash-api/proto/outbound_port_map_range.proto	file	0664	1783606272692952046	417	7e2b5a74d75ecf9545ffd929cd5c05206138d43dee6cced0854c7843e6395466		copy	run-evidence		
.specula-output/confirmation/MC-2/worktree/crates/sonic-dash-api-proto/sonic-dash-api/proto/pa_validation.proto	.specula-output/confirmation/MC-2/worktree/crates/sonic-dash-api-proto/sonic-dash-api/proto/pa_validation.proto	file	0664	1783606272692952046	188	d2b4f3b5b1298d1c41a979e6493a89a185aab032cfc1c4e27780fb87af6c16c7		copy	run-evidence		
.specula-output/confirmation/MC-2/worktree/crates/sonic-dash-api-proto/sonic-dash-api/proto/prefix_tag.proto	.specula-output/confirmation/MC-2/worktree/crates/sonic-dash-api-proto/sonic-dash-api/proto/prefix_tag.proto	file	0664	1783606272692952046	332	bc238882b1e392be4c9eb7210db871e1eea2d04a59bb16fff58ef06bc82da12d		copy	run-evidence		
.specula-output/confirmation/MC-2/worktree/crates/sonic-dash-api-proto/sonic-dash-api/proto/qos.proto	.specula-output/confirmation/MC-2/worktree/crates/sonic-dash-api-proto/sonic-dash-api/proto/qos.proto	file	0664	1783606272692952046	271	6c1756762416029cb9a3757f0ff18ae014bf789c493aae39966872aeb802e61f		copy	run-evidence		
.specula-output/confirmation/MC-2/worktree/crates/sonic-dash-api-proto/sonic-dash-api/proto/route.proto	.specula-output/confirmation/MC-2/worktree/crates/sonic-dash-api-proto/sonic-dash-api/proto/route.proto	file	0664	1783606272692952046	2665	9e4b7b6d0d807f50912dfaadfd7e6f2914090f406f0b75fe9167d3d452678ffa		copy	run-evidence		
.specula-output/confirmation/MC-2/worktree/crates/sonic-dash-api-proto/sonic-dash-api/proto/route_group.proto	.specula-output/confirmation/MC-2/worktree/crates/sonic-dash-api-proto/sonic-dash-api/proto/route_group.proto	file	0664	1783606272692952046	176	9a1a5264ce8aae5d33c896ca679f16405dbb2dbd853268d718ab931566a0c2d2		copy	run-evidence		
.specula-output/confirmation/MC-2/worktree/crates/sonic-dash-api-proto/sonic-dash-api/proto/route_rule.proto	.specula-output/confirmation/MC-2/worktree/crates/sonic-dash-api-proto/sonic-dash-api/proto/route_rule.proto	file	0664	1783606272692952046	1655	3648f004ce9b7da92a2f6f2366189b704e6aa9e74794a85182a7aa9bdfa8b7ae		copy	run-evidence		
.specula-output/confirmation/MC-2/worktree/crates/sonic-dash-api-proto/sonic-dash-api/proto/route_type.proto	.specula-output/confirmation/MC-2/worktree/crates/sonic-dash-api-proto/sonic-dash-api/proto/route_type.proto	file	0664	1783606272692952046	1450	e6361b492f3491f9480a11ac304c757d95ac87f2cd364e9dae11f6187c54c5f4		copy	run-evidence		
.specula-output/confirmation/MC-2/worktree/crates/sonic-dash-api-proto/sonic-dash-api/proto/routing_appliance.proto	.specula-output/confirmation/MC-2/worktree/crates/sonic-dash-api-proto/sonic-dash-api/proto/routing_appliance.proto	file	0664	1783606272692952046	357	6de8b36bdc0258d746b1edcf1d35fb9b80f9fb484591b9d2df0a44bef3ef3113		copy	run-evidence		
.specula-output/confirmation/MC-2/worktree/crates/sonic-dash-api-proto/sonic-dash-api/proto/tunnel.proto	.specula-output/confirmation/MC-2/worktree/crates/sonic-dash-api-proto/sonic-dash-api/proto/tunnel.proto	file	0664	1783606272692952046	374	49a8b27dfcd4656991293f1f2676e8a06488388030758b266f67fbe2430c067c		copy	run-evidence		
.specula-output/confirmation/MC-2/worktree/crates/sonic-dash-api-proto/sonic-dash-api/proto/types.proto	.specula-output/confirmation/MC-2/worktree/crates/sonic-dash-api-proto/sonic-dash-api/proto/types.proto	file	0664	1783606272692952046	1593	0b1644d63d353923f33aa4e561f7181119db49715e0f745063cbe3a81f2c73a9		copy	run-evidence		
.specula-output/confirmation/MC-2/worktree/crates/sonic-dash-api-proto/sonic-dash-api/proto/vnet.proto	.specula-output/confirmation/MC-2/worktree/crates/sonic-dash-api-proto/sonic-dash-api/proto/vnet.proto	file	0664	1783606272692952046	310	8c437362618f389009463e3f94e2aa906a6b4746eff2c83752e12fbe03a8b888		copy	run-evidence		
.specula-output/confirmation/MC-2/worktree/crates/sonic-dash-api-proto/sonic-dash-api/proto/vnet_mapping.proto	.specula-output/confirmation/MC-2/worktree/crates/sonic-dash-api-proto/sonic-dash-api/proto/vnet_mapping.proto	file	0664	1783606272692952046	1826	19c8e9f32da372cccccefddcf402053260cdf106f499fee52ce6c1cbf8c4b414		copy	run-evidence		
.specula-output/confirmation/MC-2/worktree/crates/sonic-dash-api-proto/src	.specula-output/confirmation/MC-2/worktree/crates/sonic-dash-api-proto/src	directory	0775	1783605896352969261				mkdir	run-directory		
.specula-output/confirmation/MC-2/worktree/crates/sonic-dash-api-proto/src/lib.rs	.specula-output/confirmation/MC-2/worktree/crates/sonic-dash-api-proto/src/lib.rs	file	0664	1783605896352969261	1081	0d114c68775aea25eb21fb1224fe0d8e6b4ca6ba3e30aa8da93bc68723aafee1		copy	run-evidence		
.specula-output/confirmation/MC-2/worktree/crates/sonicdb-derive	.specula-output/confirmation/MC-2/worktree/crates/sonicdb-derive	directory	0775	1783605896352969261				mkdir	run-directory		
.specula-output/confirmation/MC-2/worktree/crates/sonicdb-derive/Cargo.toml	.specula-output/confirmation/MC-2/worktree/crates/sonicdb-derive/Cargo.toml	file	0664	1783605896352969261	494	4d3a5a55449607e6295ee3aa7bb48e01385e36cd8576dcadbc0c67a0fe172cb5		copy	run-evidence		
.specula-output/confirmation/MC-2/worktree/crates/sonicdb-derive/src	.specula-output/confirmation/MC-2/worktree/crates/sonicdb-derive/src	directory	0775	1783605896352969261				mkdir	run-directory		
.specula-output/confirmation/MC-2/worktree/crates/sonicdb-derive/src/lib.rs	.specula-output/confirmation/MC-2/worktree/crates/sonicdb-derive/src/lib.rs	file	0664	1783605896352969261	4957	dee27e85348f8d6cb4170a574bcf4c34b225a39835eb1514be7877991ec6371f		copy	run-evidence		
.specula-output/confirmation/MC-2/worktree/crates/sonicdb-derive/tests	.specula-output/confirmation/MC-2/worktree/crates/sonicdb-derive/tests	directory	0775	1783605896352969261				mkdir	run-directory		
.specula-output/confirmation/MC-2/worktree/crates/sonicdb-derive/tests/basic.rs	.specula-output/confirmation/MC-2/worktree/crates/sonicdb-derive/tests/basic.rs	file	0664	1783605896352969261	671	52a3abd00d6c4d09c02a71f4139cb03e9bc7e28a662585d4c9aa8aada3b9d5d8		copy	run-evidence		
.specula-output/confirmation/MC-2/worktree/crates/swbus-actor	.specula-output/confirmation/MC-2/worktree/crates/swbus-actor	directory	0775	1783605896353969279				mkdir	run-directory		
.specula-output/confirmation/MC-2/worktree/crates/swbus-actor/Cargo.toml	.specula-output/confirmation/MC-2/worktree/crates/swbus-actor/Cargo.toml	file	0664	1783605896352969261	593	b8458594718c1fa7595aef160e807f12f27e7ac6e74278ba69392b07ff91788a		copy	run-evidence		
.specula-output/confirmation/MC-2/worktree/crates/swbus-actor/src	.specula-output/confirmation/MC-2/worktree/crates/swbus-actor/src	directory	0775	1783605896353969279				mkdir	run-directory		
.specula-output/confirmation/MC-2/worktree/crates/swbus-actor/src/actor_message.rs	.specula-output/confirmation/MC-2/worktree/crates/swbus-actor/src/actor_message.rs	file	0664	1783605896353969279	2229	cbd2ebfca0cd4f31394fd0185324f59e05860a98bda9881b4bbe644166c34bab		copy	run-evidence		
.specula-output/confirmation/MC-2/worktree/crates/swbus-actor/src/driver.rs	.specula-output/confirmation/MC-2/worktree/crates/swbus-actor/src/driver.rs	file	0664	1783605896353969279	8587	2e450baed13e6d2657bb7e0026c14eace1cebf386a246030449fea0b57f2274d		copy	run-evidence		
.specula-output/confirmation/MC-2/worktree/crates/swbus-actor/src/lib.rs	.specula-output/confirmation/MC-2/worktree/crates/swbus-actor/src/lib.rs	file	0664	1783605896353969279	1668	fda76d091927d51c44ff868e5af2c415141244d27590d53059b2cc8481a96270		copy	run-evidence		
.specula-output/confirmation/MC-2/worktree/crates/swbus-actor/src/runtime.rs	.specula-output/confirmation/MC-2/worktree/crates/swbus-actor/src/runtime.rs	file	0664	1783605896353969279	2495	5ca245698919de5f5c8729b962670044e01a63c4e6df27219d41b45fa9082000		copy	run-evidence		
.specula-output/confirmation/MC-2/worktree/crates/swbus-actor/src/state	.specula-output/confirmation/MC-2/worktree/crates/swbus-actor/src/state	directory	0775	1783605896353969279				mkdir	run-directory		
.specula-output/confirmation/MC-2/worktree/crates/swbus-actor/src/state.rs	.specula-output/confirmation/MC-2/worktree/crates/swbus-actor/src/state.rs	file	0664	1783605896353969279	2561	5f002cee0f0a7c630a2ed009eefde818735b8ece52f308b48a88ce949a54192b		copy	run-evidence		
.specula-output/confirmation/MC-2/worktree/crates/swbus-actor/src/state/incoming.rs	.specula-output/confirmation/MC-2/worktree/crates/swbus-actor/src/state/incoming.rs	file	0664	1783605896353969279	8239	58649721fc05693638596fc0eb939000e023166dad4ab9a6acbb464e20ded43c		copy	run-evidence		
.specula-output/confirmation/MC-2/worktree/crates/swbus-actor/src/state/internal.rs	.specula-output/confirmation/MC-2/worktree/crates/swbus-actor/src/state/internal.rs	file	0664	1783605896353969279	4947	df2a3d82f3e88e8bf02c94f9ed242cd0aa05910506a180bf7bf3e2caf74e4b24		copy	run-evidence		
.specula-output/confirmation/MC-2/worktree/crates/swbus-actor/src/state/outgoing.rs	.specula-output/confirmation/MC-2/worktree/crates/swbus-actor/src/state/outgoing.rs	file	0664	1783605896353969279	9087	9072a2340f004f04620459e715991ef61990f269e1fe4f770fa76e1f519bce29		copy	run-evidence		
.specula-output/confirmation/MC-2/worktree/crates/swbus-actor/tests	.specula-output/confirmation/MC-2/worktree/crates/swbus-actor/tests	directory	0775	1783605896354969298				mkdir	run-directory		
.specula-output/confirmation/MC-2/worktree/crates/swbus-actor/tests/count_to_1000.json	.specula-output/confirmation/MC-2/worktree/crates/swbus-actor/tests/count_to_1000.json	file	0664	1783605896353969279	462	a526d7f7fd63dee8e6a28441d4ccdb5051bad804c5abf6973d795f186ae9f90c		copy	run-evidence		
.specula-output/confirmation/MC-2/worktree/crates/swbus-actor/tests/count_to_1000_internal_table.json	.specula-output/confirmation/MC-2/worktree/crates/swbus-actor/tests/count_to_1000_internal_table.json	file	0664	1783605896353969279	777	3360024920871c2ccc8b41b6d66ff877c2191c30b65b1ff88761c7859ab5702f		copy	run-evidence		
.specula-output/confirmation/MC-2/worktree/crates/swbus-actor/tests/echo.json	.specula-output/confirmation/MC-2/worktree/crates/swbus-actor/tests/echo.json	file	0664	1783605896353969279	816	3932f2c4900222c50157d25ae9e2f857486542ca7a1fc35faf59906b81c70bb0		copy	run-evidence		
.specula-output/confirmation/MC-2/worktree/crates/swbus-actor/tests/echo.rs	.specula-output/confirmation/MC-2/worktree/crates/swbus-actor/tests/echo.rs	file	0664	1783605896354969298	3189	b0efe97d0aba9e36c6ecd1c07ef9cc62a1564e0ad0bcd354b8243be91e498174		copy	run-evidence		
.specula-output/confirmation/MC-2/worktree/crates/swbus-actor/tests/kvstore.rs	.specula-output/confirmation/MC-2/worktree/crates/swbus-actor/tests/kvstore.rs	file	0664	1783605896354969298	14209	222d6b28b6d6349592f9d666ebcab19d82969ecdbd8871efb0fd7a4c30a7c392		copy	run-evidence		
.specula-output/confirmation/MC-2/worktree/crates/swbus-actor/tests/test_executor.rs	.specula-output/confirmation/MC-2/worktree/crates/swbus-actor/tests/test_executor.rs	file	0664	1783605896354969298	7562	50043e5deff8832b7d1543a1efd479828590b86a3a6f01311ce7b7e0adf888ec		copy	run-evidence		
.specula-output/confirmation/MC-2/worktree/crates/swbus-cli	.specula-output/confirmation/MC-2/worktree/crates/swbus-cli	directory	0775	1783605896354969298				mkdir	run-directory		
.specula-output/confirmation/MC-2/worktree/crates/swbus-cli/Cargo.toml	.specula-output/confirmation/MC-2/worktree/crates/swbus-cli/Cargo.toml	file	0664	1783605896354969298	1071	65cdad879d4bb96ee5bb725314c9ce6e3e55cf76cf87983210a54bfd7e8cc97d		copy	run-evidence		
.specula-output/confirmation/MC-2/worktree/crates/swbus-cli/README.md	.specula-output/confirmation/MC-2/worktree/crates/swbus-cli/README.md	file	0664	1783605896354969298	38259	e107629ff39c946eb879f1767836944d45d8c268c4fbb092d0b488558f6d537c		copy	run-evidence		
.specula-output/confirmation/MC-2/worktree/crates/swbus-cli/src	.specula-output/confirmation/MC-2/worktree/crates/swbus-cli/src	directory	0775	1783605896357969353				mkdir	run-directory		
.specula-output/confirmation/MC-2/worktree/crates/swbus-cli/src/main.rs	.specula-output/confirmation/MC-2/worktree/crates/swbus-cli/src/main.rs	file	0664	1783605896354969298	9069	9d07ab9ea427e8658c53ee5eaa4f6099d2eaf8ff22d2074da8dac0dd591f9e94		copy	run-evidence		
.specula-output/confirmation/MC-2/worktree/crates/swbus-cli/src/ping.rs	.specula-output/confirmation/MC-2/worktree/crates/swbus-cli/src/ping.rs	file	0664	1783605896354969298	3482	302b9f0b87b6637a1f3f04b9564db8bdcdb38f7c393d2487cb49ce4501ecf39f		copy	run-evidence		
.specula-output/confirmation/MC-2/worktree/crates/swbus-cli/src/show	.specula-output/confirmation/MC-2/worktree/crates/swbus-cli/src/show	directory	0775	1783605896357969353				mkdir	run-directory		
.specula-output/confirmation/MC-2/worktree/crates/swbus-cli/src/show/hamgrd	.specula-output/confirmation/MC-2/worktree/crates/swbus-cli/src/show/hamgrd	directory	0775	1783605896357969353				mkdir	run-directory		
.specula-output/confirmation/MC-2/worktree/crates/swbus-cli/src/show/hamgrd/actor.rs	.specula-output/confirmation/MC-2/worktree/crates/swbus-cli/src/show/hamgrd/actor.rs	file	0664	1783605896357969353	12765	47bab784e11ec8e3ee6702bd30ae517196da980168dd6745a610a1d0b3d35b03		copy	run-evidence		
.specula-output/confirmation/MC-2/worktree/crates/swbus-cli/src/show/hamgrd/mod.rs	.specula-output/confirmation/MC-2/worktree/crates/swbus-cli/src/show/hamgrd/mod.rs	file	0664	1783605896357969353	742	c6a56e88d069056b1c90cbdc05a6157dc192c99abcb24f0468b5f71513c2e937		copy	run-evidence		
.specula-output/confirmation/MC-2/worktree/crates/swbus-cli/src/show/mod.rs	.specula-output/confirmation/MC-2/worktree/crates/swbus-cli/src/show/mod.rs	file	0664	1783605896357969353	2339	4d797f0f441551b13c7551691376bf4401e0af84c573d3c1f04e684312d43993		copy	run-evidence		
.specula-output/confirmation/MC-2/worktree/crates/swbus-cli/src/show/swbusd	.specula-output/confirmation/MC-2/worktree/crates/swbus-cli/src/show/swbusd	directory	0775	1783605896357969353				mkdir	run-directory		
.specula-output/confirmation/MC-2/worktree/crates/swbus-cli/src/show/swbusd/mod.rs	.specula-output/confirmation/MC-2/worktree/crates/swbus-cli/src/show/swbusd/mod.rs	file	0664	1783605896357969353	743	61e790a87bcee322326c7d5bfc851b9af3328948d282958532921e2330826a4e		copy	run-evidence		
.specula-output/confirmation/MC-2/worktree/crates/swbus-cli/src/show/swbusd/route.rs	.specula-output/confirmation/MC-2/worktree/crates/swbus-cli/src/show/swbusd/route.rs	file	0664	1783605896357969353	2332	449e8c04a13912bdd698fd85fe3e5b69f5effc45720b64f60a3781a72a9de561		copy	run-evidence		
.specula-output/confirmation/MC-2/worktree/crates/swbus-cli/src/trace_route.rs	.specula-output/confirmation/MC-2/worktree/crates/swbus-cli/src/trace_route.rs	file	0664	1783605896357969353	3667	e77d34f013f78ffb80acc8c1d55c1869100580a284fcf3f0775817c1f2ad665b		copy	run-evidence		
.specula-output/confirmation/MC-2/worktree/crates/swbus-config	.specula-output/confirmation/MC-2/worktree/crates/swbus-config	directory	0775	1783605896357969353				mkdir	run-directory		
.specula-output/confirmation/MC-2/worktree/crates/swbus-config/Cargo.toml	.specula-output/confirmation/MC-2/worktree/crates/swbus-config/Cargo.toml	file	0664	1783605896357969353	559	79bc8140e9eb0d7f02e8bdece38cffe8281b75bf50dce639777b047622da7fc3		copy	run-evidence		
.specula-output/confirmation/MC-2/worktree/crates/swbus-config/src	.specula-output/confirmation/MC-2/worktree/crates/swbus-config/src	directory	0775	1783605896357969353				mkdir	run-directory		
.specula-output/confirmation/MC-2/worktree/crates/swbus-config/src/lib.rs	.specula-output/confirmation/MC-2/worktree/crates/swbus-config/src/lib.rs	file	0664	1783605896357969353	18793	ffcadaeb1bd7d0ed3392c7eb60ac3534f6830a2da95054c6748b9636cffc3ca0		copy	run-evidence		
.specula-output/confirmation/MC-2/worktree/crates/swbus-core	.specula-output/confirmation/MC-2/worktree/crates/swbus-core	directory	0775	1783605896358969372				mkdir	run-directory		
.specula-output/confirmation/MC-2/worktree/crates/swbus-core/Cargo.toml	.specula-output/confirmation/MC-2/worktree/crates/swbus-core/Cargo.toml	file	0664	1783605896357969353	1330	c79318a8db3b49666b6d556318936e57d7c839fbe7df192f02b7a5dc350fa039		copy	run-evidence		
.specula-output/confirmation/MC-2/worktree/crates/swbus-core/README.md	.specula-output/confirmation/MC-2/worktree/crates/swbus-core/README.md	file	0664	1783605896357969353	1416	7b6e4f07bf7073b3731ba25b30d7f13c27e0977d666b95c579669bd16d5a3042		copy	run-evidence		
.specula-output/confirmation/MC-2/worktree/crates/swbus-core/src	.specula-output/confirmation/MC-2/worktree/crates/swbus-core/src	directory	0775	1783605896357969353				mkdir	run-directory		
.specula-output/confirmation/MC-2/worktree/crates/swbus-core/src/lib.rs	.specula-output/confirmation/MC-2/worktree/crates/swbus-core/src/lib.rs	file	0664	1783605896357969353	13	f2c4a3f2982159d12c01660774a358d089842e360f791542e27b0a63f40fe44e		copy	run-evidence		
.specula-output/confirmation/MC-2/worktree/crates/swbus-core/src/mux	.specula-output/confirmation/MC-2/worktree/crates/swbus-core/src/mux	directory	0775	1783605896358969372				mkdir	run-directory		
.specula-output/confirmation/MC-2/worktree/crates/swbus-core/src/mux/conn.rs	.specula-output/confirmation/MC-2/worktree/crates/swbus-core/src/mux/conn.rs	file	0664	1783605896357969353	9440	f6752c32a029b6ee3d0c12249185a5024fd75ceb01b03afe883bd7ed1cee94ca		copy	run-evidence		
.specula-output/confirmation/MC-2/worktree/crates/swbus-core/src/mux/conn_info.rs	.specula-output/confirmation/MC-2/worktree/crates/swbus-core/src/mux/conn_info.rs	file	0664	1783605896358969372	3011	9b85b1e1c6f83c8a42380a9b155fa5a65df70c494d4a0de40b1d5d63fdbdbcfb		copy	run-evidence		
.specula-output/confirmation/MC-2/worktree/crates/swbus-core/src/mux/conn_proxy.rs	.specula-output/confirmation/MC-2/worktree/crates/swbus-core/src/mux/conn_proxy.rs	file	0664	1783605896358969372	2046	de7d3fb1c2df94f54e7270123e579094b8e12b8edb2b53a1a687bd3269ffa448		copy	run-evidence		
.specula-output/confirmation/MC-2/worktree/crates/swbus-core/src/mux/conn_store.rs	.specula-output/confirmation/MC-2/worktree/crates/swbus-core/src/mux/conn_store.rs	file	0664	1783605896358969372	6605	41d21e16d938f2d48b8493cc3df468583cfdfb097c172fceef5864d04203e817		copy	run-evidence		
.specula-output/confirmation/MC-2/worktree/crates/swbus-core/src/mux/conn_worker.rs	.specula-output/confirmation/MC-2/worktree/crates/swbus-core/src/mux/conn_worker.rs	file	0664	1783605896358969372	15099	3b158bb968c38d16f5a57be40607fa9b09c8cd57aac8d96002785a6c08be15e4		copy	run-evidence		
.specula-output/confirmation/MC-2/worktree/crates/swbus-core/src/mux/message_handler.rs	.specula-output/confirmation/MC-2/worktree/crates/swbus-core/src/mux/message_handler.rs	file	0664	1783605896358969372	158	f930df5f26de8d7cd9345640421dfd9e03c43edc27c0d3a3f57df4f9ace00abc		copy	run-evidence		
.specula-output/confirmation/MC-2/worktree/crates/swbus-core/src/mux/mod.rs	.specula-output/confirmation/MC-2/worktree/crates/swbus-core/src/mux/mod.rs	file	0664	1783605896358969372	346	bb79fa8dc0dccb7f34c2f0590cc2c293b7807a71ee917c99b415c024d6e67283		copy	run-evidence		
.specula-output/confirmation/MC-2/worktree/crates/swbus-core/src/mux/multiplexer.rs	.specula-output/confirmation/MC-2/worktree/crates/swbus-core/src/mux/multiplexer.rs	file	0664	1783605896358969372	67052	28a50fe1740d4c3f29bcc998f10c95282f00d232845dc19b9a48726207342b76		copy	run-evidence		
.specula-output/confirmation/MC-2/worktree/crates/swbus-core/src/mux/nexthop.rs	.specula-output/confirmation/MC-2/worktree/crates/swbus-core/src/mux/nexthop.rs	file	0664	1783605896358969372	12982	bcbcedb9b9789ecacc1bfd288d23b6c92dda0d75b67053dac94917a335e503dd		copy	run-evidence		
.specula-output/confirmation/MC-2/worktree/crates/swbus-core/src/mux/route_annoucer.rs	.specula-output/confirmation/MC-2/worktree/crates/swbus-core/src/mux/route_annoucer.rs	file	0664	1783605896358969372	8957	d78c3f66cae469d8c2447ef379cdcb3c4e762aba27ebb47194bfcc4803260e3d		copy	run-evidence		
.specula-output/confirmation/MC-2/worktree/crates/swbus-core/src/mux/service.rs	.specula-output/confirmation/MC-2/worktree/crates/swbus-core/src/mux/service.rs	file	0664	1783605896358969372	6880	bff225afcbbf76309e00b3e7802f951d538dd14c73332ef1831f9edd75b88923		copy	run-evidence		
.specula-output/confirmation/MC-2/worktree/crates/swbus-core/tests	.specula-output/confirmation/MC-2/worktree/crates/swbus-core/tests	directory	0775	1783605896359969390				mkdir	run-directory		
.specula-output/confirmation/MC-2/worktree/crates/swbus-core/tests/README.md	.specula-output/confirmation/MC-2/worktree/crates/swbus-core/tests/README.md	file	0664	1783605896358969372	4503	e2741cb85a00b0bc3d26d64aa03266506a734ac0c05f9e9ce047e2c04d4f0203		copy	run-evidence		
.specula-output/confirmation/MC-2/worktree/crates/swbus-core/tests/basic_tests.rs	.specula-output/confirmation/MC-2/worktree/crates/swbus-core/tests/basic_tests.rs	file	0664	1783605896358969372	1282	7ae57d1b5ee64a505e5fb02426585f4569dfc5b609583462372c83eb993a3199		copy	run-evidence		
.specula-output/confirmation/MC-2/worktree/crates/swbus-core/tests/common	.specula-output/confirmation/MC-2/worktree/crates/swbus-core/tests/common	directory	0775	1783605896358969372				mkdir	run-directory		
.specula-output/confirmation/MC-2/worktree/crates/swbus-core/tests/common/mod.rs	.specula-output/confirmation/MC-2/worktree/crates/swbus-core/tests/common/mod.rs	file	0664	1783605896358969372	23	4bffae5c73b3fb27a869ffb553a542afe718b36f6ca9c879789a7d562ef2aa38		copy	run-evidence		
.specula-output/confirmation/MC-2/worktree/crates/swbus-core/tests/common/test_executor.rs	.specula-output/confirmation/MC-2/worktree/crates/swbus-core/tests/common/test_executor.rs	file	0664	1783605896359969390	9518	f5d2563cc8f5bc5b906d9d550ad88b43545279fe31de0eb0c62dc651d19f020d		copy	run-evidence		
.specula-output/confirmation/MC-2/worktree/crates/swbus-core/tests/data	.specula-output/confirmation/MC-2/worktree/crates/swbus-core/tests/data	directory	0775	1783605896359969390				mkdir	run-directory		
.specula-output/confirmation/MC-2/worktree/crates/swbus-core/tests/data/b2b	.specula-output/confirmation/MC-2/worktree/crates/swbus-core/tests/data/b2b	directory	0775	1783605896359969390				mkdir	run-directory		
.specula-output/confirmation/MC-2/worktree/crates/swbus-core/tests/data/b2b/test_ping.json	.specula-output/confirmation/MC-2/worktree/crates/swbus-core/tests/data/b2b/test_ping.json	file	0664	1783605896359969390	3861	121c48e72ddada29549444f3f369b880c786a3b8bcc3be90829993c839e20334		copy	run-evidence		
.specula-output/confirmation/MC-2/worktree/crates/swbus-core/tests/data/b2b/test_show_route.json	.specula-output/confirmation/MC-2/worktree/crates/swbus-core/tests/data/b2b/test_show_route.json	file	0664	1783605896359969390	2406	4d770ea007370b04d62c7e9abad7547cef35af72de4973e8ceffbfe7d2efb48c		copy	run-evidence		
.specula-output/confirmation/MC-2/worktree/crates/swbus-core/tests/data/b2b/test_trace_route.json	.specula-output/confirmation/MC-2/worktree/crates/swbus-core/tests/data/b2b/test_trace_route.json	file	0664	1783605896359969390	3825	d66b6a38c8d290e3220a3a59b8928fa460126b411607c6a6367f4b37406b132a		copy	run-evidence		
.specula-output/confirmation/MC-2/worktree/crates/swbus-core/tests/data/b2b/topo.json	.specula-output/confirmation/MC-2/worktree/crates/swbus-core/tests/data/b2b/topo.json	file	0664	1783605896359969390	1129	7f245989e5059b18fabf7b5a16c7d775bf74792684f6550799515fd7d5a36dee		copy	run-evidence		
.specula-output/confirmation/MC-2/worktree/crates/swbus-core/tests/data/inter-cluster	.specula-output/confirmation/MC-2/worktree/crates/swbus-core/tests/data/inter-cluster	directory	0775	1783605896359969390				mkdir	run-directory		
.specula-output/confirmation/MC-2/worktree/crates/swbus-core/tests/data/inter-cluster/test_ping.json	.specula-output/confirmation/MC-2/worktree/crates/swbus-core/tests/data/inter-cluster/test_ping.json	file	0664	1783605896359969390	1240	384b680d1ab080bf5676feb07454d59fe9c231f6b999d94e817de1a8b8fcaa30		copy	run-evidence		
.specula-output/confirmation/MC-2/worktree/crates/swbus-core/tests/data/inter-cluster/test_show_route.json	.specula-output/confirmation/MC-2/worktree/crates/swbus-core/tests/data/inter-cluster/test_show_route.json	file	0664	1783605896359969390	3159	d720404da221821256a32fbfd0c1e7fe7c80d5ddb11a01f1d10eac2e94789c30		copy	run-evidence		
.specula-output/confirmation/MC-2/worktree/crates/swbus-core/tests/data/inter-cluster/topo.json	.specula-output/confirmation/MC-2/worktree/crates/swbus-core/tests/data/inter-cluster/topo.json	file	0664	1783605896359969390	2628	10ccb3a884b12e8cb8cc38a5800e6109f4d0c5adefd6c106a3982942c4117fe4		copy	run-evidence		
.specula-output/confirmation/MC-2/worktree/crates/swbus-core/tests/inter_cluster_tests.rs	.specula-output/confirmation/MC-2/worktree/crates/swbus-core/tests/inter_cluster_tests.rs	file	0664	1783605896359969390	972	c475273e93281d918b0e00f56b58b8a7b710a48bdffe43e2aa217043f5a6accc		copy	run-evidence		
.specula-output/confirmation/MC-2/worktree/crates/swbus-edge	.specula-output/confirmation/MC-2/worktree/crates/swbus-edge	directory	0775	1783605896359969390				mkdir	run-directory		
.specula-output/confirmation/MC-2/worktree/crates/swbus-edge/Cargo.toml	.specula-output/confirmation/MC-2/worktree/crates/swbus-edge/Cargo.toml	file	0664	1783605896359969390	752	6eabac2ce4f046ba26b173216304859075b31429651a1d9acaea0ed63e2ce59f		copy	run-evidence		
.specula-output/confirmation/MC-2/worktree/crates/swbus-edge/src	.specula-output/confirmation/MC-2/worktree/crates/swbus-edge/src	directory	0775	1783605896360969409				mkdir	run-directory		
.specula-output/confirmation/MC-2/worktree/crates/swbus-edge/src/core_client.rs	.specula-output/confirmation/MC-2/worktree/crates/swbus-edge/src/core_client.rs	file	0664	1783605896359969390	7284	4c51402847f363a0e62ccc7c2861d95546c89f07a7e396751b2dee6de3f7f4a4		copy	run-evidence		
.specula-output/confirmation/MC-2/worktree/crates/swbus-edge/src/edge_runtime.rs	.specula-output/confirmation/MC-2/worktree/crates/swbus-edge/src/edge_runtime.rs	file	0664	1783605896359969390	10890	7d5d3a0ba3fdd67421da20c188922d30f01943b30a86215f17d0872251244913		copy	run-evidence		
.specula-output/confirmation/MC-2/worktree/crates/swbus-edge/src/lib.rs	.specula-output/confirmation/MC-2/worktree/crates/swbus-edge/src/lib.rs	file	0664	1783605896359969390	576	faa5c95b88dd1e34c954c7b8f1c0b07bca26b7a3d3bde04cfe632e4751790235		copy	run-evidence		
.specula-output/confirmation/MC-2/worktree/crates/swbus-edge/src/message_handler_proxy.rs	.specula-output/confirmation/MC-2/worktree/crates/swbus-edge/src/message_handler_proxy.rs	file	0664	1783605896360969409	749	cfc59cbcbc8d0d7c834282aa40a9f0831cdf01ff2af7c5cf48ad59e29fb390f3		copy	run-evidence		
.specula-output/confirmation/MC-2/worktree/crates/swbus-edge/src/message_router	.specula-output/confirmation/MC-2/worktree/crates/swbus-edge/src/message_router	directory	0775	1783605896360969409				mkdir	run-directory		
.specula-output/confirmation/MC-2/worktree/crates/swbus-edge/src/message_router.rs	.specula-output/confirmation/MC-2/worktree/crates/swbus-edge/src/message_router.rs	file	0664	1783605896360969409	4376	75ccbe703a6d3a085d1d201d25ed68166cbfffe81253171fc5238ca35dfa3678		copy	run-evidence		
.specula-output/confirmation/MC-2/worktree/crates/swbus-edge/src/message_router/route_map.rs	.specula-output/confirmation/MC-2/worktree/crates/swbus-edge/src/message_router/route_map.rs	file	0664	1783605896360969409	1159	3fa445253853cba9c638369165ade9035f4a2c5d468c2cf349e7acd46b9722fc		copy	run-evidence		
.specula-output/confirmation/MC-2/worktree/crates/swbus-edge/src/simple_client.rs	.specula-output/confirmation/MC-2/worktree/crates/swbus-edge/src/simple_client.rs	file	0664	1783605896360969409	8859	7cb77df0b2ab1f2769bcffc19c837c968e7441843dd1108ec9bbc005cc45b4ec		copy	run-evidence		
.specula-output/confirmation/MC-2/worktree/crates/swbus-proto	.specula-output/confirmation/MC-2/worktree/crates/swbus-proto	directory	0775	1783605896360969409				mkdir	run-directory		
.specula-output/confirmation/MC-2/worktree/crates/swbus-proto/Cargo.toml	.specula-output/confirmation/MC-2/worktree/crates/swbus-proto/Cargo.toml	file	0664	1783605896360969409	558	53075c8a8953b79a5af426c44e916d9173cf353783d330db43f605f2d7464c60		copy	run-evidence		
.specula-output/confirmation/MC-2/worktree/crates/swbus-proto/build.rs	.specula-output/confirmation/MC-2/worktree/crates/swbus-proto/build.rs	file	0664	1783605896360969409	2026	475cdc9bca2eccbcbb42c7d6a07d2722669cef7228295088c8274cd681dd4484		copy	run-evidence		
.specula-output/confirmation/MC-2/worktree/crates/swbus-proto/proto	.specula-output/confirmation/MC-2/worktree/crates/swbus-proto/proto	directory	0775	1783605896360969409				mkdir	run-directory		
.specula-output/confirmation/MC-2/worktree/crates/swbus-proto/proto/swbus.proto	.specula-output/confirmation/MC-2/worktree/crates/swbus-proto/proto/swbus.proto	file	0664	1783605896360969409	6294	aac645c86603c5df39e5077aa1f869c542a0ca1421d44d8e1fca8f6ff3e636ea		copy	run-evidence		
.specula-output/confirmation/MC-2/worktree/crates/swbus-proto/src	.specula-output/confirmation/MC-2/worktree/crates/swbus-proto/src	directory	0775	1783605896360969409				mkdir	run-directory		
.specula-output/confirmation/MC-2/worktree/crates/swbus-proto/src/lib.rs	.specula-output/confirmation/MC-2/worktree/crates/swbus-proto/src/lib.rs	file	0664	1783605896360969409	61	d17df02f80826a817591af5b5010b0f6ac4898f5699eacd91ad7b47196752c22		copy	run-evidence		
.specula-output/confirmation/MC-2/worktree/crates/swbus-proto/src/message_id_generator.rs	.specula-output/confirmation/MC-2/worktree/crates/swbus-proto/src/message_id_generator.rs	file	0664	1783605896360969409	843	e719f9dd9bed5b86769144312a3c1e3a9af6c8767092dc9486d67bb3abb8fc11		copy	run-evidence		
.specula-output/confirmation/MC-2/worktree/crates/swbus-proto/src/result.rs	.specula-output/confirmation/MC-2/worktree/crates/swbus-proto/src/result.rs	file	0664	1783605896360969409	2424	a96858c007b047d749ea20494a2e1231eff29c547de8b7ebb0040ad8c5dd4676		copy	run-evidence		
.specula-output/confirmation/MC-2/worktree/crates/swbus-proto/src/swbus.rs	.specula-output/confirmation/MC-2/worktree/crates/swbus-proto/src/swbus.rs	file	0664	1783605896360969409	23852	20d8e932178d8c48aede8b3d87b633155c3ca9565b0f185aed190970c0a6ee42		copy	run-evidence		
.specula-output/confirmation/MC-2/worktree/crates/swbusd	.specula-output/confirmation/MC-2/worktree/crates/swbusd	directory	0775	1783605896361969427				mkdir	run-directory		
.specula-output/confirmation/MC-2/worktree/crates/swbusd/Cargo.toml	.specula-output/confirmation/MC-2/worktree/crates/swbusd/Cargo.toml	file	0664	1783605896360969409	717	54924fd7838c8233ff4bb1a2c69ab2d64c508e01b855299dcd305d24f38c5bf1		copy	run-evidence		
.specula-output/confirmation/MC-2/worktree/crates/swbusd/sample	.specula-output/confirmation/MC-2/worktree/crates/swbusd/sample	directory	0775	1783605896361969427				mkdir	run-directory		
.specula-output/confirmation/MC-2/worktree/crates/swbusd/sample/inter-cluster	.specula-output/confirmation/MC-2/worktree/crates/swbusd/sample/inter-cluster	directory	0775	1783605896360969409				mkdir	run-directory		
.specula-output/confirmation/MC-2/worktree/crates/swbusd/sample/inter-cluster/swbusd_cluster-a.10.0.0.1.cfg	.specula-output/confirmation/MC-2/worktree/crates/swbusd/sample/inter-cluster/swbusd_cluster-a.10.0.0.1.cfg	file	0664	1783605896360969409	470	0f011fc137e242399d46c0b5f2c340f26d6f32f92a44316a10e4e1c7e388e9a1		copy	run-evidence		
.specula-output/confirmation/MC-2/worktree/crates/swbusd/sample/inter-cluster/swbusd_cluster-a.10.0.0.2.cfg	.specula-output/confirmation/MC-2/worktree/crates/swbusd/sample/inter-cluster/swbusd_cluster-a.10.0.0.2.cfg	file	0664	1783605896360969409	274	196dd09c012bef6ace2d36fb3911625f4cdaf808059fb519418e398080c76999		copy	run-evidence		
.specula-output/confirmation/MC-2/worktree/crates/swbusd/sample/inter-cluster/swbusd_cluster-b.11.0.0.1.cfg	.specula-output/confirmation/MC-2/worktree/crates/swbusd/sample/inter-cluster/swbusd_cluster-b.11.0.0.1.cfg	file	0664	1783605896360969409	343	eb4623b5c1f3c39b3e402fdb41ca86aef420b5a8a3650613f2a9823b04ac55bf		copy	run-evidence		
.specula-output/confirmation/MC-2/worktree/crates/swbusd/sample/swbusd1.cfg	.specula-output/confirmation/MC-2/worktree/crates/swbusd/sample/swbusd1.cfg	file	0664	1783605896361969427	344	5048fdda47d8a6f85ecf7552fa66ebbb4d3ed5b785f836a720b7eeb51bd22b19		copy	run-evidence		
.specula-output/confirmation/MC-2/worktree/crates/swbusd/sample/swbusd2.cfg	.specula-output/confirmation/MC-2/worktree/crates/swbusd/sample/swbusd2.cfg	file	0664	1783605896361969427	274	196dd09c012bef6ace2d36fb3911625f4cdaf808059fb519418e398080c76999		copy	run-evidence		
.specula-output/confirmation/MC-2/worktree/crates/swbusd/src	.specula-output/confirmation/MC-2/worktree/crates/swbusd/src	directory	0775	1783605896361969427				mkdir	run-directory		
.specula-output/confirmation/MC-2/worktree/crates/swbusd/src/main.rs	.specula-output/confirmation/MC-2/worktree/crates/swbusd/src/main.rs	file	0664	1783605896361969427	1262	967c40e9b6ba91ab7884f883516746bf5b6bcd94aa38cec68485a427e32b9fd4		copy	run-evidence		
.specula-output/confirmation/MC-2/worktree/crates/swss-common-bridge	.specula-output/confirmation/MC-2/worktree/crates/swss-common-bridge	directory	0775	1783605896361969427				mkdir	run-directory		
.specula-output/confirmation/MC-2/worktree/crates/swss-common-bridge/Cargo.toml	.specula-output/confirmation/MC-2/worktree/crates/swss-common-bridge/Cargo.toml	file	0664	1783605896361969427	755	90d0fd07f27224840f9e8aa43ae6d16be1e433fdcd9bffed3e9d7d5c27f0caac		copy	run-evidence		
.specula-output/confirmation/MC-2/worktree/crates/swss-common-bridge/src	.specula-output/confirmation/MC-2/worktree/crates/swss-common-bridge/src	directory	0775	1783605896361969427				mkdir	run-directory		
.specula-output/confirmation/MC-2/worktree/crates/swss-common-bridge/src/consumer.rs	.specula-output/confirmation/MC-2/worktree/crates/swss-common-bridge/src/consumer.rs	file	0664	1783605896361969427	15722	d29510353c47d63cc4732f9075e55428f5605a35cb40c84728bfe585e3b6ae81		copy	run-evidence		
.specula-output/confirmation/MC-2/worktree/crates/swss-common-bridge/src/lib.rs	.specula-output/confirmation/MC-2/worktree/crates/swss-common-bridge/src/lib.rs	file	0664	1783605896361969427	2341	d50bada2027ab4bdfe19da142733e301550d8a13a43b728baf38f1dc0a95f619		copy	run-evidence		
.specula-output/confirmation/MC-2/worktree/crates/swss-common-bridge/src/producer.rs	.specula-output/confirmation/MC-2/worktree/crates/swss-common-bridge/src/producer.rs	file	0664	1783605896361969427	16096	e6204c6c8b791275c57cb4d4818b4c1c2be3cc0bf6e317bd95743aa20527d18a		copy	run-evidence		
.specula-output/confirmation/MC-2/worktree/crates/swss-serde	.specula-output/confirmation/MC-2/worktree/crates/swss-serde	directory	0775	1783605896361969427				mkdir	run-directory		
.specula-output/confirmation/MC-2/worktree/crates/swss-serde/Cargo.toml	.specula-output/confirmation/MC-2/worktree/crates/swss-serde/Cargo.toml	file	0664	1783605896361969427	409	996d81b6c4c147fde077b633256c11bd82fa1e005462fc46dca009ae66a3bead		copy	run-evidence		
.specula-output/confirmation/MC-2/worktree/crates/swss-serde/src	.specula-output/confirmation/MC-2/worktree/crates/swss-serde/src	directory	0775	1783605896361969427				mkdir	run-directory		
.specula-output/confirmation/MC-2/worktree/crates/swss-serde/src/error.rs	.specula-output/confirmation/MC-2/worktree/crates/swss-serde/src/error.rs	file	0664	1783605896361969427	595	cde10988fad503119f0fcfff46c95c6b2173005227d97f6e412499269c64e017		copy	run-evidence		
.specula-output/confirmation/MC-2/worktree/crates/swss-serde/src/field_value.rs	.specula-output/confirmation/MC-2/worktree/crates/swss-serde/src/field_value.rs	file	0664	1783605896361969427	10246	8a9087750327abf38082b37f096912427bfb3306dbe93c986947c8325d1565b9		copy	run-evidence		
.specula-output/confirmation/MC-2/worktree/crates/swss-serde/src/field_values.rs	.specula-output/confirmation/MC-2/worktree/crates/swss-serde/src/field_values.rs	file	0664	1783605896361969427	5341	4bdecb30295f4d23fdb2425d040c4cc4dcfff22331112d8ad441ce91ed524ef8		copy	run-evidence		
.specula-output/confirmation/MC-2/worktree/crates/swss-serde/src/lib.rs	.specula-output/confirmation/MC-2/worktree/crates/swss-serde/src/lib.rs	file	0664	1783605896361969427	1359	5ed868b6f5d73e9e01ccfef09f376878eaf337279e11c19ddbaea191839bb578		copy	run-evidence		
.specula-output/confirmation/MC-2/worktree/crates/swss-serde/src/table.rs	.specula-output/confirmation/MC-2/worktree/crates/swss-serde/src/table.rs	file	0664	1783605896361969427	3496	8761b69bf3fc7ab4f824400e828437f3e05c64707ab27772c0ebdc94d3e5fb92		copy	run-evidence		
.specula-output/confirmation/MC-2/worktree/crates/swss-serde/src/test.rs	.specula-output/confirmation/MC-2/worktree/crates/swss-serde/src/test.rs	file	0664	1783605896361969427	5878	ba5857b01fa8dcc87b8107f3f475c996b370fd65efe9c8c944d6123de14559fa		copy	run-evidence		
.specula-output/confirmation/MC-2/worktree/debian	.specula-output/confirmation/MC-2/worktree/debian	directory	0775	1783605896362969446				mkdir	run-directory		
.specula-output/confirmation/MC-2/worktree/debian/.gitignore	.record/source-control/.specula-output/confirmation/MC-2/worktree/debian/gitignore.source	file	0664	1783605896362969446	66	5ba161d24cf3cf6ca666052cd4a803bc4c5b4513f2f2d8ce173dd44ac27b332c		copy	run-evidence		
.specula-output/confirmation/MC-2/worktree/debian/changelog	.specula-output/confirmation/MC-2/worktree/debian/changelog	file	0664	1783605896362969446	133	b0e4c77158baf68f5f4e44a9e9cf8cc2cb87fb1e5d972d5c8ece7ec12bcf9ebf		copy	run-evidence		
.specula-output/confirmation/MC-2/worktree/debian/compat	.specula-output/confirmation/MC-2/worktree/debian/compat	file	0664	1783605896362969446	2	4fc82b26aecb47d2868c4efbe3581732a3e7cbcc6c2efb32062c08170a05eeb8		copy	run-evidence		
.specula-output/confirmation/MC-2/worktree/debian/control	.specula-output/confirmation/MC-2/worktree/debian/control	file	0664	1783605896362969446	402	dc830719b6f4481a9ceb047afe697fd9646c1bc4004c3044954d142af14c3300		copy	run-evidence		
.specula-output/confirmation/MC-2/worktree/debian/install	.specula-output/confirmation/MC-2/worktree/debian/install	file	0664	1783605896362969446	130	191b4426c4b291ad2a887f4ca2ff8f117b3e011c79935548c46427b23a5b0f8f		copy	run-evidence		
.specula-output/confirmation/MC-2/worktree/debian/rules	.specula-output/confirmation/MC-2/worktree/debian/rules	file	0775	1783605896362969446	345	7cde28e0b934350b9de186d64baad0f0b9eed95dd6992125c8e29d0175d735bc		copy	run-evidence		
.specula-output/confirmation/MC-2/worktree/rustfmt.toml	.specula-output/confirmation/MC-2/worktree/rustfmt.toml	file	0664	1783605896362969446	443	b978c41d933c21053898dcf392291fd90addd3558f99149227132b85a17be027		copy	run-evidence		
.specula-output/confirmation/MC-2/worktree/scripts	.specula-output/confirmation/MC-2/worktree/scripts	directory	0775	1783605896362969446				mkdir	run-directory		
.specula-output/confirmation/MC-2/worktree/scripts/wait_for_loopback.py	.specula-output/confirmation/MC-2/worktree/scripts/wait_for_loopback.py	file	0664	1783605896362969446	3525	5f8d0244c51cb5dcce41f42706430bbe3f918f054c3242a8b4736cd78e6caf9d		copy	run-evidence		
.specula-output/confirmation/MC-2/worktree/target		directory	0755	1783606218460944645				exclude	non-evidence	build-or-generated-cache	
.specula-output/confirmation/MC-2/worktree/test_utils	.specula-output/confirmation/MC-2/worktree/test_utils	directory	0775	1783605896362969446				mkdir	run-directory		
.specula-output/confirmation/MC-2/worktree/test_utils/README.md	.specula-output/confirmation/MC-2/worktree/test_utils/README.md	file	0664	1783605896362969446	488	94110682d023d1d8e19ad8c9252057b8254259c7b9764fc5e66fc513d93cfac8		copy	run-evidence		
.specula-output/confirmation/MC-2/worktree/test_utils/hamgrd	.specula-output/confirmation/MC-2/worktree/test_utils/hamgrd	directory	0775	1783605896362969446				mkdir	run-directory		
.specula-output/confirmation/MC-2/worktree/test_utils/hamgrd/database_config.json	.specula-output/confirmation/MC-2/worktree/test_utils/hamgrd/database_config.json	file	0664	1783605896362969446	968	1de32db1a468dc0ef74752b4b693dcc1b53113f4dc591ba2946e1cc25dbc931d		copy	run-evidence		
.specula-output/confirmation/MC-2/worktree/test_utils/hamgrd/database_global.json	.specula-output/confirmation/MC-2/worktree/test_utils/hamgrd/database_global.json	file	0664	1783605896362969446	245	33c792f9b464a3934fb39e6d1a1ef16f0df3bdc103dfd5851dfcdc7da7e8a082		copy	run-evidence		
.specula-output/confirmation/MC-2/worktree/test_utils/hamgrd/redis_data_planned_up_then_down.cmd	.specula-output/confirmation/MC-2/worktree/test_utils/hamgrd/redis_data_planned_up_then_down.cmd	file	0664	1783605896362969446	1090	24e710b2196e98324a34e4152d70eebeb633dcd0f0ba0000c812cf1f12a8af85		copy	run-evidence		
.specula-output/confirmation/MC-2/worktree/test_utils/hamgrd/redis_data_set.cmd	.specula-output/confirmation/MC-2/worktree/test_utils/hamgrd/redis_data_set.cmd	file	0664	1783605896362969446	3476	608c1fa7508acf661de34ffd3249560029fb8788dcbd732ea83b36db964afefd		copy	run-evidence		
.specula-output/confirmation/MC-2/worktree/test_utils/hamgrd/redis_data_set_full.cmd	.specula-output/confirmation/MC-2/worktree/test_utils/hamgrd/redis_data_set_full.cmd	file	0664	1783605896362969446	5031	5ac73f5017d2955a45767e803b3a2e6d206bd433118109bd55b26f7254ccb6c6		copy	run-evidence		
.specula-output/confirmation/MC-2/worktree/test_utils/run_redis.sh	.specula-output/confirmation/MC-2/worktree/test_utils/run_redis.sh	file	0775	1783605896362969446	490	a17fe5c24818986e4b2f525924890927c5a4a7ccf2df29c025ab050d54289f7e		copy	run-evidence		
.specula-output/confirmation/MC-3	.specula-output/confirmation/MC-3	directory	0775	1783607321715518183				mkdir	run-directory		
.specula-output/confirmation/MC-3/debate.md	.specula-output/confirmation/MC-3/debate.md	file	0664	1783607321706518016	2039244	022b7cd80a15c475d7025ccfb7e76448ff22d12866727b100f269580c9144da7		copy	run-evidence		
.specula-output/confirmation/MC-3/turn01_A.log	.specula-output/confirmation/MC-3/turn01_A.log	file	0664	1783607311621330874	1016096	4732567335dd76b1b13e7912c0ef25d501bfcedae74d08f8b838da23ab31b0a1		copy	run-evidence		
.specula-output/confirmation/MC-3/turn01_A.prompt.md	.specula-output/confirmation/MC-3/turn01_A.prompt.md	file	0664	1783606392987183264	14349	1482187b3c51e25dc76c06c16f7910f0c7f70ae7e77e36d33a804c825662e105		copy	run-evidence		
.specula-output/confirmation/MC-3/turn01_A.usage.json	.specula-output/confirmation/MC-3/turn01_A.usage.json	file	0664	1783607312150340691	245	a85e7c1e29fee9cc2c3fb7f4a2f6089144daa891ef5b3cf5d13cbe256f05bf24		copy	run-evidence		
.specula-output/confirmation/MC-3/turn02_B.log	.specula-output/confirmation/MC-3/turn02_B.log	file	0664	1783607321260509741	1023084	da4f0a1ce8207f54f7c212b8d4bbc65047559c905db694cff8837bdbcad40c1f		copy	run-evidence		
.specula-output/confirmation/MC-3/turn02_B.prompt.md	.specula-output/confirmation/MC-3/turn02_B.prompt.md	file	0664	1783607312170341063	1022463	d634686b91873823de051fc2c8214127f80b69d40d57662750fea374cbc2fed9		copy	run-evidence		
.specula-output/confirmation/MC-3/turn02_B.usage.json	.specula-output/confirmation/MC-3/turn02_B.usage.json	file	0664	1783607321686517645	245	9e74f7e8a0459a6680654fdf2e8393d75d7d3b9e4b0987e6044d07cb1d23fe4b		copy	run-evidence		
.specula-output/confirmation/MC-3/verdict.json	.specula-output/confirmation/MC-3/verdict.json	file	0664	1783607321715518183	1054449	4e6ee45bcd6ac9ddac4f1802b88b28a11e335635d8236438502326f6bf0f82a1		copy	run-evidence		
.specula-output/confirmation/MC-3/worktree	.specula-output/confirmation/MC-3/worktree	directory	0775	1783607321710518090				mkdir	run-directory		
.specula-output/confirmation/MC-3/worktree/.git		file	0664	1783606392969182929	119	78fad1793a3ee739bd4863be5e110c2946c30be44bcaf702fc995ab98969442c		exclude	non-evidence	git-metadata	
.specula-output/confirmation/MC-3/worktree/.gitignore	.record/source-control/.specula-output/confirmation/MC-3/worktree/gitignore.source	file	0664	1783606392977183078	63	1362d8ecf612bff1ef3ef5f59dc941311a4c6d370176ee3fac2d6cf5dfa3d1e6		copy	run-evidence		
.specula-output/confirmation/MC-3/worktree/.pre-commit-config.yaml	.specula-output/confirmation/MC-3/worktree/.pre-commit-config.yaml	file	0664	1783606392977183078	975	06442782b6b7979294be9ec6cc14f1ecc0eec90d3c31ed7aa93075eba188b87d		copy	run-evidence		
.specula-output/confirmation/MC-3/worktree/Cargo.lock	.specula-output/confirmation/MC-3/worktree/Cargo.lock	file	0664	1783606392977183078	73759	55dfa1a975d6b3474b152fd1180861ca840793e7821799e3dfdb6c3e6a5d6459		copy	run-evidence		
.specula-output/confirmation/MC-3/worktree/Cargo.toml	.specula-output/confirmation/MC-3/worktree/Cargo.toml	file	0664	1783606392977183078	3193	e3dc3c58d5118c233e79d7c9792584060b66b41b505974718ae506a932031fc3		copy	run-evidence		
.specula-output/confirmation/MC-3/worktree/LICENSE	.specula-output/confirmation/MC-3/worktree/LICENSE	file	0664	1783606392978183097	555	64f72cf7a9753b300106dd2a2b058feb084cc105c2ad359a2320f372504d49c8		copy	run-evidence		
.specula-output/confirmation/MC-3/worktree/Makefile	.specula-output/confirmation/MC-3/worktree/Makefile	file	0664	1783606392978183097	1500	4b8e6dfaf74b0d71d23644d1ee70c6459a377bd883764c0632e0545f1c165202		copy	run-evidence		
.specula-output/confirmation/MC-3/worktree/README.md	.specula-output/confirmation/MC-3/worktree/README.md	file	0664	1783606392978183097	2258	a586c1b3947fa180a9687299db907422b38de00f41a0c60c9bdb58e3da32f994		copy	run-evidence		
.specula-output/confirmation/MC-3/worktree/crates	.specula-output/confirmation/MC-3/worktree/crates	directory	0775	1783606392985183227				mkdir	run-directory		
.specula-output/confirmation/MC-3/worktree/crates/container	.specula-output/confirmation/MC-3/worktree/crates/container	directory	0775	1783606392978183097				mkdir	run-directory		
.specula-output/confirmation/MC-3/worktree/crates/container/Cargo.toml	.specula-output/confirmation/MC-3/worktree/crates/container/Cargo.toml	file	0664	1783606392978183097	543	4ad8767d8c5f5d31bbeddeaa23c3a0887ee9efa8875a988e78a849f0fa8ab463		copy	run-evidence		
.specula-output/confirmation/MC-3/worktree/crates/container/src	.specula-output/confirmation/MC-3/worktree/crates/container/src	directory	0775	1783606392978183097				mkdir	run-directory		
.specula-output/confirmation/MC-3/worktree/crates/container/src/container.rs	.specula-output/confirmation/MC-3/worktree/crates/container/src/container.rs	file	0664	1783606392978183097	13473	fdd146e2a3c44d5d102092554290a6ab82ec78b529b31e92f5371899d1a13461		copy	run-evidence		
.specula-output/confirmation/MC-3/worktree/crates/container/src/main.rs	.specula-output/confirmation/MC-3/worktree/crates/container/src/main.rs	file	0664	1783606392978183097	1402	8804dad7b22eb1b3c4809fd1ca77458214320d6cd109136faba05d0e0005920e		copy	run-evidence		
.specula-output/confirmation/MC-3/worktree/crates/hamgrd	.specula-output/confirmation/MC-3/worktree/crates/hamgrd	directory	0775	1783606392978183097				mkdir	run-directory		
.specula-output/confirmation/MC-3/worktree/crates/hamgrd/Cargo.toml	.specula-output/confirmation/MC-3/worktree/crates/hamgrd/Cargo.toml	file	0664	1783606392978183097	1091	dfcecf0cc5aa0ddeb66899facb1f4e78afde2437e4caf634677e4d08ebaf85a4		copy	run-evidence		
.specula-output/confirmation/MC-3/worktree/crates/hamgrd/src	.specula-output/confirmation/MC-3/worktree/crates/hamgrd/src	directory	0775	1783606392979183115				mkdir	run-directory		
.specula-output/confirmation/MC-3/worktree/crates/hamgrd/src/actors	.specula-output/confirmation/MC-3/worktree/crates/hamgrd/src/actors	directory	0775	1783606392979183115				mkdir	run-directory		
.specula-output/confirmation/MC-3/worktree/crates/hamgrd/src/actors.rs	.specula-output/confirmation/MC-3/worktree/crates/hamgrd/src/actors.rs	file	0664	1783606392978183097	10857	60b97fd54b124162e2691fb612c18f23bfa411a0d7dd4cc2faafdac1dd7ff889		copy	run-evidence		
.specula-output/confirmation/MC-3/worktree/crates/hamgrd/src/actors/dpu.rs	.specula-output/confirmation/MC-3/worktree/crates/hamgrd/src/actors/dpu.rs	file	0664	1783607131197981676	42117	80cad44c0d49124f2e615b0ec62fce922598ccb83644e184139b2a669a6de8e9		copy	run-evidence		
.specula-output/confirmation/MC-3/worktree/crates/hamgrd/src/actors/ha_scope.rs	.specula-output/confirmation/MC-3/worktree/crates/hamgrd/src/actors/ha_scope.rs	file	0664	1783606392978183097	44098	347d6a6e809e86c76f06c8fd153532ce41ee1ff5145ef240fcaa01812800e52e		copy	run-evidence		
.specula-output/confirmation/MC-3/worktree/crates/hamgrd/src/actors/ha_set.rs	.specula-output/confirmation/MC-3/worktree/crates/hamgrd/src/actors/ha_set.rs	file	0664	1783606392979183115	54279	0ddf6b21740c84bd17b1113b4497d1c8fca1cdded0669028efe4b3751afee8c3		copy	run-evidence		
.specula-output/confirmation/MC-3/worktree/crates/hamgrd/src/actors/test.rs	.specula-output/confirmation/MC-3/worktree/crates/hamgrd/src/actors/test.rs	file	0664	1783606392979183115	25740	68fce46b1239953c7ed8e7d248ce4a5ca94ca1fd5587db04909aeb133beb7ce8		copy	run-evidence		
.specula-output/confirmation/MC-3/worktree/crates/hamgrd/src/actors/vdpu.rs	.specula-output/confirmation/MC-3/worktree/crates/hamgrd/src/actors/vdpu.rs	file	0664	1783606392979183115	8755	0e91f79cfa4a07c231c2a04d179cc784314fae6c91349ffdf6586e2e12cb072a		copy	run-evidence		
.specula-output/confirmation/MC-3/worktree/crates/hamgrd/src/db_structs.rs	.specula-output/confirmation/MC-3/worktree/crates/hamgrd/src/db_structs.rs	file	0664	1783606392979183115	34184	a322274850ae6754df30ca8da226e1b18b9d07268a7e41578aae718a2295c74a		copy	run-evidence		
.specula-output/confirmation/MC-3/worktree/crates/hamgrd/src/ha_actor_messages.rs	.specula-output/confirmation/MC-3/worktree/crates/hamgrd/src/ha_actor_messages.rs	file	0664	1783606392979183115	6543	e1a13cdedb85938b77795f331bf3771d088e8bfce8051324f0a69161ee285d68		copy	run-evidence		
.specula-output/confirmation/MC-3/worktree/crates/hamgrd/src/main.rs	.specula-output/confirmation/MC-3/worktree/crates/hamgrd/src/main.rs	file	0664	1783606392979183115	8926	e9a6de6c129eb77fc46132682098b67f3184307f1ad5aeb1783403e8e23552ca		copy	run-evidence		
.specula-output/confirmation/MC-3/worktree/crates/sonic-common	.specula-output/confirmation/MC-3/worktree/crates/sonic-common	directory	0775	1783606392979183115				mkdir	run-directory		
.specula-output/confirmation/MC-3/worktree/crates/sonic-common/Cargo.toml	.specula-output/confirmation/MC-3/worktree/crates/sonic-common/Cargo.toml	file	0664	1783606392979183115	843	1239a0525ec2b948dd0ac2e78b9861a4da144fef3a1b3b5337ff7712dec9c5e5		copy	run-evidence		
.specula-output/confirmation/MC-3/worktree/crates/sonic-common/src	.specula-output/confirmation/MC-3/worktree/crates/sonic-common/src	directory	0775	1783606392979183115				mkdir	run-directory		
.specula-output/confirmation/MC-3/worktree/crates/sonic-common/src/lib.rs	.specula-output/confirmation/MC-3/worktree/crates/sonic-common/src/lib.rs	file	0664	1783606392979183115	573	18239424369eefc097b517348bc38889a2965244d88d7557c7e8568681093722		copy	run-evidence		
.specula-output/confirmation/MC-3/worktree/crates/sonic-common/src/log.rs	.specula-output/confirmation/MC-3/worktree/crates/sonic-common/src/log.rs	file	0664	1783606392979183115	7511	9f51b7708251f05f717e61f926e4893e318ce13905011273a982f08907262180		copy	run-evidence		
.specula-output/confirmation/MC-3/worktree/crates/sonic-common/src/panic.rs	.specula-output/confirmation/MC-3/worktree/crates/sonic-common/src/panic.rs	file	0664	1783606392979183115	1647	571290dc59a3ec765e03aa7c4bb7563d80d73747ae9cb95c697c41f667a8ca95		copy	run-evidence		
.specula-output/confirmation/MC-3/worktree/crates/sonic-dash-api-proto	.specula-output/confirmation/MC-3/worktree/crates/sonic-dash-api-proto	directory	0775	1783606392980183134				mkdir	run-directory		
.specula-output/confirmation/MC-3/worktree/crates/sonic-dash-api-proto/Cargo.toml	.specula-output/confirmation/MC-3/worktree/crates/sonic-dash-api-proto/Cargo.toml	file	0664	1783606392979183115	531	de2b47c4469d3a36868ed6e8dd3f619350358c8cc28a5f5f9d6cec405e1793e3		copy	run-evidence		
.specula-output/confirmation/MC-3/worktree/crates/sonic-dash-api-proto/build.rs	.specula-output/confirmation/MC-3/worktree/crates/sonic-dash-api-proto/build.rs	file	0664	1783606392979183115	2539	d6fbe856e6076167a0474176a3f65fb610390e45a40f3af1ebb46a874b8b3559		copy	run-evidence		
.specula-output/confirmation/MC-3/worktree/crates/sonic-dash-api-proto/sonic-dash-api	.specula-output/confirmation/MC-3/worktree/crates/sonic-dash-api-proto/sonic-dash-api	directory	0775	1783607033907181404				mkdir	run-directory		
.specula-output/confirmation/MC-3/worktree/crates/sonic-dash-api-proto/sonic-dash-api/proto	.specula-output/confirmation/MC-3/worktree/crates/sonic-dash-api-proto/sonic-dash-api/proto	directory	0775	1775457490690156449				mkdir	run-directory		
.specula-output/confirmation/MC-3/worktree/crates/sonic-dash-api-proto/sonic-dash-api/proto/acl_group.proto	.specula-output/confirmation/MC-3/worktree/crates/sonic-dash-api-proto/sonic-dash-api/proto/acl_group.proto	file	0664	1775457490689156431	224	63b83374a5dfe1eecea6532375f55378d0c80a61a343a6569bde52d5a84350bb		copy	run-evidence		
.specula-output/confirmation/MC-3/worktree/crates/sonic-dash-api-proto/sonic-dash-api/proto/acl_in.proto	.specula-output/confirmation/MC-3/worktree/crates/sonic-dash-api-proto/sonic-dash-api/proto/acl_in.proto	file	0664	1775457490689156431	310	8c4990a198ae41a7bb3b57278049936caa5f097416602aa83fe9261a24149307		copy	run-evidence		
.specula-output/confirmation/MC-3/worktree/crates/sonic-dash-api-proto/sonic-dash-api/proto/acl_out.proto	.specula-output/confirmation/MC-3/worktree/crates/sonic-dash-api-proto/sonic-dash-api/proto/acl_out.proto	file	0664	1775457490689156431	313	7fd56b7e8a7f311e24ac210b3a706d3ae218bf920e3a43cccf91bc0406ee581e		copy	run-evidence		
.specula-output/confirmation/MC-3/worktree/crates/sonic-dash-api-proto/sonic-dash-api/proto/acl_rule.proto	.specula-output/confirmation/MC-3/worktree/crates/sonic-dash-api-proto/sonic-dash-api/proto/acl_rule.proto	file	0664	1775457490689156431	1489	21efc2f5b9d3ef9278a78642d21a6ccea5352eec697dbeab920c4505bd6a47f3		copy	run-evidence		
.specula-output/confirmation/MC-3/worktree/crates/sonic-dash-api-proto/sonic-dash-api/proto/appliance.proto	.specula-output/confirmation/MC-3/worktree/crates/sonic-dash-api-proto/sonic-dash-api/proto/appliance.proto	file	0664	1775457490689156431	776	4f9bfe99d4615c32eb839cae910be8df431e5e72dc4eb2dce68ed5cb9ede8511		copy	run-evidence		
.specula-output/confirmation/MC-3/worktree/crates/sonic-dash-api-proto/sonic-dash-api/proto/eni.proto	.specula-output/confirmation/MC-3/worktree/crates/sonic-dash-api-proto/sonic-dash-api/proto/eni.proto	file	0664	1775457490689156431	1394	3cfa78f970e4c8eff5b16c8b0feca53fdfc77d43cb4cbf3f8816c0eba6971ee4		copy	run-evidence		
.specula-output/confirmation/MC-3/worktree/crates/sonic-dash-api-proto/sonic-dash-api/proto/eni_route.proto	.specula-output/confirmation/MC-3/worktree/crates/sonic-dash-api-proto/sonic-dash-api/proto/eni_route.proto	file	0664	1775457490689156431	184	1ea44c8956266a012206836e6de8a7fb3082b002c18e485fec1dca973a03f8f1		copy	run-evidence		
.specula-output/confirmation/MC-3/worktree/crates/sonic-dash-api-proto/sonic-dash-api/proto/ha_scope.proto	.specula-output/confirmation/MC-3/worktree/crates/sonic-dash-api-proto/sonic-dash-api/proto/ha_scope.proto	file	0664	1775457490689156431	749	bdb153bd85d28bc1bc165503fa808edd9f65a2c893966d313c77fded34ea5314		copy	run-evidence		
.specula-output/confirmation/MC-3/worktree/crates/sonic-dash-api-proto/sonic-dash-api/proto/ha_scope_config.proto	.specula-output/confirmation/MC-3/worktree/crates/sonic-dash-api-proto/sonic-dash-api/proto/ha_scope_config.proto	file	0664	1775457490689156431	561	a5df9f029dd4b10fb8933eab353b0612e158323be43264c3ec6124ab074d16af		copy	run-evidence		
.specula-output/confirmation/MC-3/worktree/crates/sonic-dash-api-proto/sonic-dash-api/proto/ha_scope_state.proto	.specula-output/confirmation/MC-3/worktree/crates/sonic-dash-api-proto/sonic-dash-api/proto/ha_scope_state.proto	file	0664	1775457490689156431	503	ef05bb57eb034ee8b5e0e52a0cdd78a22c6dac12b636f9ec90f99e0e4a2cfb29		copy	run-evidence		
.specula-output/confirmation/MC-3/worktree/crates/sonic-dash-api-proto/sonic-dash-api/proto/ha_set.proto	.specula-output/confirmation/MC-3/worktree/crates/sonic-dash-api-proto/sonic-dash-api/proto/ha_set.proto	file	0664	1775457490689156431	1482	68a55831f4939a0e731fac047888f285fd3ce5a56b92c4bdeab5ba3940fbe427		copy	run-evidence		
.specula-output/confirmation/MC-3/worktree/crates/sonic-dash-api-proto/sonic-dash-api/proto/ha_set_config.proto	.specula-output/confirmation/MC-3/worktree/crates/sonic-dash-api-proto/sonic-dash-api/proto/ha_set_config.proto	file	0664	1775457490689156431	437	3aac48716f7e82c5ed231ec04cc1e965ab47aecd5785ea9d7bec5cdd3b93d1ea		copy	run-evidence		
.specula-output/confirmation/MC-3/worktree/crates/sonic-dash-api-proto/sonic-dash-api/proto/ha_set_state.proto	.specula-output/confirmation/MC-3/worktree/crates/sonic-dash-api-proto/sonic-dash-api/proto/ha_set_state.proto	file	0664	1775457490689156431	295	eba05677140806197c24833e25e714b7da2b9613ce4d0e7077fbcce1f7ee1795		copy	run-evidence		
.specula-output/confirmation/MC-3/worktree/crates/sonic-dash-api-proto/sonic-dash-api/proto/meter.proto	.specula-output/confirmation/MC-3/worktree/crates/sonic-dash-api-proto/sonic-dash-api/proto/meter.proto	file	0664	1775457490689156431	376	959afb32392b5cc7c5ca48ee5fefc194dc93026603d5a96c389069df48d420a0		copy	run-evidence		
.specula-output/confirmation/MC-3/worktree/crates/sonic-dash-api-proto/sonic-dash-api/proto/meter_policy.proto	.specula-output/confirmation/MC-3/worktree/crates/sonic-dash-api-proto/sonic-dash-api/proto/meter_policy.proto	file	0664	1775457490689156431	221	3b355b5224b709b5135a139285f9223904396d68493b2331ebcc5d82afd0d08c		copy	run-evidence		
.specula-output/confirmation/MC-3/worktree/crates/sonic-dash-api-proto/sonic-dash-api/proto/meter_rule.proto	.specula-output/confirmation/MC-3/worktree/crates/sonic-dash-api-proto/sonic-dash-api/proto/meter_rule.proto	file	0664	1775457490689156431	360	2406e7d2a2f89645c15cbb354794ce010a6268a08338c4a44862f69193b9a6d3		copy	run-evidence		
.specula-output/confirmation/MC-3/worktree/crates/sonic-dash-api-proto/sonic-dash-api/proto/outbound_port_map.proto	.specula-output/confirmation/MC-3/worktree/crates/sonic-dash-api-proto/sonic-dash-api/proto/outbound_port_map.proto	file	0664	1775457490689156431	282	455b111663b169e0a8d5283720a248cdd3d925e2a953d48b870f722795e30dc2		copy	run-evidence		
.specula-output/confirmation/MC-3/worktree/crates/sonic-dash-api-proto/sonic-dash-api/proto/outbound_port_map_range.proto	.specula-output/confirmation/MC-3/worktree/crates/sonic-dash-api-proto/sonic-dash-api/proto/outbound_port_map_range.proto	file	0664	1775457490689156431	417	7e2b5a74d75ecf9545ffd929cd5c05206138d43dee6cced0854c7843e6395466		copy	run-evidence		
.specula-output/confirmation/MC-3/worktree/crates/sonic-dash-api-proto/sonic-dash-api/proto/pa_validation.proto	.specula-output/confirmation/MC-3/worktree/crates/sonic-dash-api-proto/sonic-dash-api/proto/pa_validation.proto	file	0664	1775457490689156431	188	d2b4f3b5b1298d1c41a979e6493a89a185aab032cfc1c4e27780fb87af6c16c7		copy	run-evidence		
.specula-output/confirmation/MC-3/worktree/crates/sonic-dash-api-proto/sonic-dash-api/proto/prefix_tag.proto	.specula-output/confirmation/MC-3/worktree/crates/sonic-dash-api-proto/sonic-dash-api/proto/prefix_tag.proto	file	0664	1775457490689156431	332	bc238882b1e392be4c9eb7210db871e1eea2d04a59bb16fff58ef06bc82da12d		copy	run-evidence		
.specula-output/confirmation/MC-3/worktree/crates/sonic-dash-api-proto/sonic-dash-api/proto/qos.proto	.specula-output/confirmation/MC-3/worktree/crates/sonic-dash-api-proto/sonic-dash-api/proto/qos.proto	file	0664	1775457490689156431	271	6c1756762416029cb9a3757f0ff18ae014bf789c493aae39966872aeb802e61f		copy	run-evidence		
.specula-output/confirmation/MC-3/worktree/crates/sonic-dash-api-proto/sonic-dash-api/proto/route.proto	.specula-output/confirmation/MC-3/worktree/crates/sonic-dash-api-proto/sonic-dash-api/proto/route.proto	file	0664	1775457490689156431	2665	9e4b7b6d0d807f50912dfaadfd7e6f2914090f406f0b75fe9167d3d452678ffa		copy	run-evidence		
.specula-output/confirmation/MC-3/worktree/crates/sonic-dash-api-proto/sonic-dash-api/proto/route_group.proto	.specula-output/confirmation/MC-3/worktree/crates/sonic-dash-api-proto/sonic-dash-api/proto/route_group.proto	file	0664	1775457490689156431	176	9a1a5264ce8aae5d33c896ca679f16405dbb2dbd853268d718ab931566a0c2d2		copy	run-evidence		
.specula-output/confirmation/MC-3/worktree/crates/sonic-dash-api-proto/sonic-dash-api/proto/route_rule.proto	.specula-output/confirmation/MC-3/worktree/crates/sonic-dash-api-proto/sonic-dash-api/proto/route_rule.proto	file	0664	1775457490689156431	1655	3648f004ce9b7da92a2f6f2366189b704e6aa9e74794a85182a7aa9bdfa8b7ae		copy	run-evidence		
.specula-output/confirmation/MC-3/worktree/crates/sonic-dash-api-proto/sonic-dash-api/proto/route_type.proto	.specula-output/confirmation/MC-3/worktree/crates/sonic-dash-api-proto/sonic-dash-api/proto/route_type.proto	file	0664	1775457490689156431	1450	e6361b492f3491f9480a11ac304c757d95ac87f2cd364e9dae11f6187c54c5f4		copy	run-evidence		
.specula-output/confirmation/MC-3/worktree/crates/sonic-dash-api-proto/sonic-dash-api/proto/routing_appliance.proto	.specula-output/confirmation/MC-3/worktree/crates/sonic-dash-api-proto/sonic-dash-api/proto/routing_appliance.proto	file	0664	1775457490690156449	357	6de8b36bdc0258d746b1edcf1d35fb9b80f9fb484591b9d2df0a44bef3ef3113		copy	run-evidence		
.specula-output/confirmation/MC-3/worktree/crates/sonic-dash-api-proto/sonic-dash-api/proto/tunnel.proto	.specula-output/confirmation/MC-3/worktree/crates/sonic-dash-api-proto/sonic-dash-api/proto/tunnel.proto	file	0664	1775457490690156449	374	49a8b27dfcd4656991293f1f2676e8a06488388030758b266f67fbe2430c067c		copy	run-evidence		
.specula-output/confirmation/MC-3/worktree/crates/sonic-dash-api-proto/sonic-dash-api/proto/types.proto	.specula-output/confirmation/MC-3/worktree/crates/sonic-dash-api-proto/sonic-dash-api/proto/types.proto	file	0664	1775457490690156449	1593	0b1644d63d353923f33aa4e561f7181119db49715e0f745063cbe3a81f2c73a9		copy	run-evidence		
.specula-output/confirmation/MC-3/worktree/crates/sonic-dash-api-proto/sonic-dash-api/proto/vnet.proto	.specula-output/confirmation/MC-3/worktree/crates/sonic-dash-api-proto/sonic-dash-api/proto/vnet.proto	file	0664	1775457490690156449	310	8c437362618f389009463e3f94e2aa906a6b4746eff2c83752e12fbe03a8b888		copy	run-evidence		
.specula-output/confirmation/MC-3/worktree/crates/sonic-dash-api-proto/sonic-dash-api/proto/vnet_mapping.proto	.specula-output/confirmation/MC-3/worktree/crates/sonic-dash-api-proto/sonic-dash-api/proto/vnet_mapping.proto	file	0664	1775457490690156449	1826	19c8e9f32da372cccccefddcf402053260cdf106f499fee52ce6c1cbf8c4b414		copy	run-evidence		
.specula-output/confirmation/MC-3/worktree/crates/sonic-dash-api-proto/src	.specula-output/confirmation/MC-3/worktree/crates/sonic-dash-api-proto/src	directory	0775	1783606392980183134				mkdir	run-directory		
.specula-output/confirmation/MC-3/worktree/crates/sonic-dash-api-proto/src/lib.rs	.specula-output/confirmation/MC-3/worktree/crates/sonic-dash-api-proto/src/lib.rs	file	0664	1783606392980183134	1081	0d114c68775aea25eb21fb1224fe0d8e6b4ca6ba3e30aa8da93bc68723aafee1		copy	run-evidence		
.specula-output/confirmation/MC-3/worktree/crates/sonicdb-derive	.specula-output/confirmation/MC-3/worktree/crates/sonicdb-derive	directory	0775	1783606392980183134				mkdir	run-directory		
.specula-output/confirmation/MC-3/worktree/crates/sonicdb-derive/Cargo.toml	.specula-output/confirmation/MC-3/worktree/crates/sonicdb-derive/Cargo.toml	file	0664	1783606392980183134	494	4d3a5a55449607e6295ee3aa7bb48e01385e36cd8576dcadbc0c67a0fe172cb5		copy	run-evidence		
.specula-output/confirmation/MC-3/worktree/crates/sonicdb-derive/src	.specula-output/confirmation/MC-3/worktree/crates/sonicdb-derive/src	directory	0775	1783606392980183134				mkdir	run-directory		
.specula-output/confirmation/MC-3/worktree/crates/sonicdb-derive/src/lib.rs	.specula-output/confirmation/MC-3/worktree/crates/sonicdb-derive/src/lib.rs	file	0664	1783606392980183134	4957	dee27e85348f8d6cb4170a574bcf4c34b225a39835eb1514be7877991ec6371f		copy	run-evidence		
.specula-output/confirmation/MC-3/worktree/crates/sonicdb-derive/tests	.specula-output/confirmation/MC-3/worktree/crates/sonicdb-derive/tests	directory	0775	1783606392980183134				mkdir	run-directory		
.specula-output/confirmation/MC-3/worktree/crates/sonicdb-derive/tests/basic.rs	.specula-output/confirmation/MC-3/worktree/crates/sonicdb-derive/tests/basic.rs	file	0664	1783606392980183134	671	52a3abd00d6c4d09c02a71f4139cb03e9bc7e28a662585d4c9aa8aada3b9d5d8		copy	run-evidence		
.specula-output/confirmation/MC-3/worktree/crates/swbus-actor	.specula-output/confirmation/MC-3/worktree/crates/swbus-actor	directory	0775	1783606392980183134				mkdir	run-directory		
.specula-output/confirmation/MC-3/worktree/crates/swbus-actor/Cargo.toml	.specula-output/confirmation/MC-3/worktree/crates/swbus-actor/Cargo.toml	file	0664	1783606392980183134	593	b8458594718c1fa7595aef160e807f12f27e7ac6e74278ba69392b07ff91788a		copy	run-evidence		
.specula-output/confirmation/MC-3/worktree/crates/swbus-actor/src	.specula-output/confirmation/MC-3/worktree/crates/swbus-actor/src	directory	0775	1783606392980183134				mkdir	run-directory		
.specula-output/confirmation/MC-3/worktree/crates/swbus-actor/src/actor_message.rs	.specula-output/confirmation/MC-3/worktree/crates/swbus-actor/src/actor_message.rs	file	0664	1783606392980183134	2229	cbd2ebfca0cd4f31394fd0185324f59e05860a98bda9881b4bbe644166c34bab		copy	run-evidence		
.specula-output/confirmation/MC-3/worktree/crates/swbus-actor/src/driver.rs	.specula-output/confirmation/MC-3/worktree/crates/swbus-actor/src/driver.rs	file	0664	1783606392980183134	8587	2e450baed13e6d2657bb7e0026c14eace1cebf386a246030449fea0b57f2274d		copy	run-evidence		
.specula-output/confirmation/MC-3/worktree/crates/swbus-actor/src/lib.rs	.specula-output/confirmation/MC-3/worktree/crates/swbus-actor/src/lib.rs	file	0664	1783606392980183134	1668	fda76d091927d51c44ff868e5af2c415141244d27590d53059b2cc8481a96270		copy	run-evidence		
.specula-output/confirmation/MC-3/worktree/crates/swbus-actor/src/runtime.rs	.specula-output/confirmation/MC-3/worktree/crates/swbus-actor/src/runtime.rs	file	0664	1783606392980183134	2495	5ca245698919de5f5c8729b962670044e01a63c4e6df27219d41b45fa9082000		copy	run-evidence		
.specula-output/confirmation/MC-3/worktree/crates/swbus-actor/src/state	.specula-output/confirmation/MC-3/worktree/crates/swbus-actor/src/state	directory	0775	1783606392980183134				mkdir	run-directory		
.specula-output/confirmation/MC-3/worktree/crates/swbus-actor/src/state.rs	.specula-output/confirmation/MC-3/worktree/crates/swbus-actor/src/state.rs	file	0664	1783606392980183134	2561	5f002cee0f0a7c630a2ed009eefde818735b8ece52f308b48a88ce949a54192b		copy	run-evidence		
.specula-output/confirmation/MC-3/worktree/crates/swbus-actor/src/state/incoming.rs	.specula-output/confirmation/MC-3/worktree/crates/swbus-actor/src/state/incoming.rs	file	0664	1783606392980183134	8239	58649721fc05693638596fc0eb939000e023166dad4ab9a6acbb464e20ded43c		copy	run-evidence		
.specula-output/confirmation/MC-3/worktree/crates/swbus-actor/src/state/internal.rs	.specula-output/confirmation/MC-3/worktree/crates/swbus-actor/src/state/internal.rs	file	0664	1783606392980183134	4947	df2a3d82f3e88e8bf02c94f9ed242cd0aa05910506a180bf7bf3e2caf74e4b24		copy	run-evidence		
.specula-output/confirmation/MC-3/worktree/crates/swbus-actor/src/state/outgoing.rs	.specula-output/confirmation/MC-3/worktree/crates/swbus-actor/src/state/outgoing.rs	file	0664	1783606392980183134	9087	9072a2340f004f04620459e715991ef61990f269e1fe4f770fa76e1f519bce29		copy	run-evidence		
.specula-output/confirmation/MC-3/worktree/crates/swbus-actor/tests	.specula-output/confirmation/MC-3/worktree/crates/swbus-actor/tests	directory	0775	1783606392980183134				mkdir	run-directory		
.specula-output/confirmation/MC-3/worktree/crates/swbus-actor/tests/count_to_1000.json	.specula-output/confirmation/MC-3/worktree/crates/swbus-actor/tests/count_to_1000.json	file	0664	1783606392980183134	462	a526d7f7fd63dee8e6a28441d4ccdb5051bad804c5abf6973d795f186ae9f90c		copy	run-evidence		
.specula-output/confirmation/MC-3/worktree/crates/swbus-actor/tests/count_to_1000_internal_table.json	.specula-output/confirmation/MC-3/worktree/crates/swbus-actor/tests/count_to_1000_internal_table.json	file	0664	1783606392980183134	777	3360024920871c2ccc8b41b6d66ff877c2191c30b65b1ff88761c7859ab5702f		copy	run-evidence		
.specula-output/confirmation/MC-3/worktree/crates/swbus-actor/tests/echo.json	.specula-output/confirmation/MC-3/worktree/crates/swbus-actor/tests/echo.json	file	0664	1783606392980183134	816	3932f2c4900222c50157d25ae9e2f857486542ca7a1fc35faf59906b81c70bb0		copy	run-evidence		
.specula-output/confirmation/MC-3/worktree/crates/swbus-actor/tests/echo.rs	.specula-output/confirmation/MC-3/worktree/crates/swbus-actor/tests/echo.rs	file	0664	1783606392980183134	3189	b0efe97d0aba9e36c6ecd1c07ef9cc62a1564e0ad0bcd354b8243be91e498174		copy	run-evidence		
.specula-output/confirmation/MC-3/worktree/crates/swbus-actor/tests/kvstore.rs	.specula-output/confirmation/MC-3/worktree/crates/swbus-actor/tests/kvstore.rs	file	0664	1783606392980183134	14209	222d6b28b6d6349592f9d666ebcab19d82969ecdbd8871efb0fd7a4c30a7c392		copy	run-evidence		
.specula-output/confirmation/MC-3/worktree/crates/swbus-actor/tests/test_executor.rs	.specula-output/confirmation/MC-3/worktree/crates/swbus-actor/tests/test_executor.rs	file	0664	1783606392981183152	7562	50043e5deff8832b7d1543a1efd479828590b86a3a6f01311ce7b7e0adf888ec		copy	run-evidence		
.specula-output/confirmation/MC-3/worktree/crates/swbus-cli	.specula-output/confirmation/MC-3/worktree/crates/swbus-cli	directory	0775	1783606392981183152				mkdir	run-directory		
.specula-output/confirmation/MC-3/worktree/crates/swbus-cli/Cargo.toml	.specula-output/confirmation/MC-3/worktree/crates/swbus-cli/Cargo.toml	file	0664	1783606392981183152	1071	65cdad879d4bb96ee5bb725314c9ce6e3e55cf76cf87983210a54bfd7e8cc97d		copy	run-evidence		
.specula-output/confirmation/MC-3/worktree/crates/swbus-cli/README.md	.specula-output/confirmation/MC-3/worktree/crates/swbus-cli/README.md	file	0664	1783606392981183152	38259	e107629ff39c946eb879f1767836944d45d8c268c4fbb092d0b488558f6d537c		copy	run-evidence		
.specula-output/confirmation/MC-3/worktree/crates/swbus-cli/src	.specula-output/confirmation/MC-3/worktree/crates/swbus-cli/src	directory	0775	1783606392981183152				mkdir	run-directory		
.specula-output/confirmation/MC-3/worktree/crates/swbus-cli/src/main.rs	.specula-output/confirmation/MC-3/worktree/crates/swbus-cli/src/main.rs	file	0664	1783606392981183152	9069	9d07ab9ea427e8658c53ee5eaa4f6099d2eaf8ff22d2074da8dac0dd591f9e94		copy	run-evidence		
.specula-output/confirmation/MC-3/worktree/crates/swbus-cli/src/ping.rs	.specula-output/confirmation/MC-3/worktree/crates/swbus-cli/src/ping.rs	file	0664	1783606392981183152	3482	302b9f0b87b6637a1f3f04b9564db8bdcdb38f7c393d2487cb49ce4501ecf39f		copy	run-evidence		
.specula-output/confirmation/MC-3/worktree/crates/swbus-cli/src/show	.specula-output/confirmation/MC-3/worktree/crates/swbus-cli/src/show	directory	0775	1783606392981183152				mkdir	run-directory		
.specula-output/confirmation/MC-3/worktree/crates/swbus-cli/src/show/hamgrd	.specula-output/confirmation/MC-3/worktree/crates/swbus-cli/src/show/hamgrd	directory	0775	1783606392981183152				mkdir	run-directory		
.specula-output/confirmation/MC-3/worktree/crates/swbus-cli/src/show/hamgrd/actor.rs	.specula-output/confirmation/MC-3/worktree/crates/swbus-cli/src/show/hamgrd/actor.rs	file	0664	1783606392981183152	12765	47bab784e11ec8e3ee6702bd30ae517196da980168dd6745a610a1d0b3d35b03		copy	run-evidence		
.specula-output/confirmation/MC-3/worktree/crates/swbus-cli/src/show/hamgrd/mod.rs	.specula-output/confirmation/MC-3/worktree/crates/swbus-cli/src/show/hamgrd/mod.rs	file	0664	1783606392981183152	742	c6a56e88d069056b1c90cbdc05a6157dc192c99abcb24f0468b5f71513c2e937		copy	run-evidence		
.specula-output/confirmation/MC-3/worktree/crates/swbus-cli/src/show/mod.rs	.specula-output/confirmation/MC-3/worktree/crates/swbus-cli/src/show/mod.rs	file	0664	1783606392981183152	2339	4d797f0f441551b13c7551691376bf4401e0af84c573d3c1f04e684312d43993		copy	run-evidence		
.specula-output/confirmation/MC-3/worktree/crates/swbus-cli/src/show/swbusd	.specula-output/confirmation/MC-3/worktree/crates/swbus-cli/src/show/swbusd	directory	0775	1783606392981183152				mkdir	run-directory		
.specula-output/confirmation/MC-3/worktree/crates/swbus-cli/src/show/swbusd/mod.rs	.specula-output/confirmation/MC-3/worktree/crates/swbus-cli/src/show/swbusd/mod.rs	file	0664	1783606392981183152	743	61e790a87bcee322326c7d5bfc851b9af3328948d282958532921e2330826a4e		copy	run-evidence		
.specula-output/confirmation/MC-3/worktree/crates/swbus-cli/src/show/swbusd/route.rs	.specula-output/confirmation/MC-3/worktree/crates/swbus-cli/src/show/swbusd/route.rs	file	0664	1783606392981183152	2332	449e8c04a13912bdd698fd85fe3e5b69f5effc45720b64f60a3781a72a9de561		copy	run-evidence		
.specula-output/confirmation/MC-3/worktree/crates/swbus-cli/src/trace_route.rs	.specula-output/confirmation/MC-3/worktree/crates/swbus-cli/src/trace_route.rs	file	0664	1783606392981183152	3667	e77d34f013f78ffb80acc8c1d55c1869100580a284fcf3f0775817c1f2ad665b		copy	run-evidence		
.specula-output/confirmation/MC-3/worktree/crates/swbus-config	.specula-output/confirmation/MC-3/worktree/crates/swbus-config	directory	0775	1783606392981183152				mkdir	run-directory		
.specula-output/confirmation/MC-3/worktree/crates/swbus-config/Cargo.toml	.specula-output/confirmation/MC-3/worktree/crates/swbus-config/Cargo.toml	file	0664	1783606392981183152	559	79bc8140e9eb0d7f02e8bdece38cffe8281b75bf50dce639777b047622da7fc3		copy	run-evidence		
.specula-output/confirmation/MC-3/worktree/crates/swbus-config/src	.specula-output/confirmation/MC-3/worktree/crates/swbus-config/src	directory	0775	1783606392981183152				mkdir	run-directory		
.specula-output/confirmation/MC-3/worktree/crates/swbus-config/src/lib.rs	.specula-output/confirmation/MC-3/worktree/crates/swbus-config/src/lib.rs	file	0664	1783606392981183152	18793	ffcadaeb1bd7d0ed3392c7eb60ac3534f6830a2da95054c6748b9636cffc3ca0		copy	run-evidence		
.specula-output/confirmation/MC-3/worktree/crates/swbus-core	.specula-output/confirmation/MC-3/worktree/crates/swbus-core	directory	0775	1783606392982183171				mkdir	run-directory		
.specula-output/confirmation/MC-3/worktree/crates/swbus-core/Cargo.toml	.specula-output/confirmation/MC-3/worktree/crates/swbus-core/Cargo.toml	file	0664	1783606392981183152	1330	c79318a8db3b49666b6d556318936e57d7c839fbe7df192f02b7a5dc350fa039		copy	run-evidence		
.specula-output/confirmation/MC-3/worktree/crates/swbus-core/README.md	.specula-output/confirmation/MC-3/worktree/crates/swbus-core/README.md	file	0664	1783606392981183152	1416	7b6e4f07bf7073b3731ba25b30d7f13c27e0977d666b95c579669bd16d5a3042		copy	run-evidence		
.specula-output/confirmation/MC-3/worktree/crates/swbus-core/src	.specula-output/confirmation/MC-3/worktree/crates/swbus-core/src	directory	0775	1783606392982183171				mkdir	run-directory		
.specula-output/confirmation/MC-3/worktree/crates/swbus-core/src/lib.rs	.specula-output/confirmation/MC-3/worktree/crates/swbus-core/src/lib.rs	file	0664	1783606392982183171	13	f2c4a3f2982159d12c01660774a358d089842e360f791542e27b0a63f40fe44e		copy	run-evidence		
.specula-output/confirmation/MC-3/worktree/crates/swbus-core/src/mux	.specula-output/confirmation/MC-3/worktree/crates/swbus-core/src/mux	directory	0775	1783606392982183171				mkdir	run-directory		
.specula-output/confirmation/MC-3/worktree/crates/swbus-core/src/mux/conn.rs	.specula-output/confirmation/MC-3/worktree/crates/swbus-core/src/mux/conn.rs	file	0664	1783606392982183171	9440	f6752c32a029b6ee3d0c12249185a5024fd75ceb01b03afe883bd7ed1cee94ca		copy	run-evidence		
.specula-output/confirmation/MC-3/worktree/crates/swbus-core/src/mux/conn_info.rs	.specula-output/confirmation/MC-3/worktree/crates/swbus-core/src/mux/conn_info.rs	file	0664	1783606392982183171	3011	9b85b1e1c6f83c8a42380a9b155fa5a65df70c494d4a0de40b1d5d63fdbdbcfb		copy	run-evidence		
.specula-output/confirmation/MC-3/worktree/crates/swbus-core/src/mux/conn_proxy.rs	.specula-output/confirmation/MC-3/worktree/crates/swbus-core/src/mux/conn_proxy.rs	file	0664	1783606392982183171	2046	de7d3fb1c2df94f54e7270123e579094b8e12b8edb2b53a1a687bd3269ffa448		copy	run-evidence		
.specula-output/confirmation/MC-3/worktree/crates/swbus-core/src/mux/conn_store.rs	.specula-output/confirmation/MC-3/worktree/crates/swbus-core/src/mux/conn_store.rs	file	0664	1783606392982183171	6605	41d21e16d938f2d48b8493cc3df468583cfdfb097c172fceef5864d04203e817		copy	run-evidence		
.specula-output/confirmation/MC-3/worktree/crates/swbus-core/src/mux/conn_worker.rs	.specula-output/confirmation/MC-3/worktree/crates/swbus-core/src/mux/conn_worker.rs	file	0664	1783606392982183171	15099	3b158bb968c38d16f5a57be40607fa9b09c8cd57aac8d96002785a6c08be15e4		copy	run-evidence		
.specula-output/confirmation/MC-3/worktree/crates/swbus-core/src/mux/message_handler.rs	.specula-output/confirmation/MC-3/worktree/crates/swbus-core/src/mux/message_handler.rs	file	0664	1783606392982183171	158	f930df5f26de8d7cd9345640421dfd9e03c43edc27c0d3a3f57df4f9ace00abc		copy	run-evidence		
.specula-output/confirmation/MC-3/worktree/crates/swbus-core/src/mux/mod.rs	.specula-output/confirmation/MC-3/worktree/crates/swbus-core/src/mux/mod.rs	file	0664	1783606392982183171	346	bb79fa8dc0dccb7f34c2f0590cc2c293b7807a71ee917c99b415c024d6e67283		copy	run-evidence		
.specula-output/confirmation/MC-3/worktree/crates/swbus-core/src/mux/multiplexer.rs	.specula-output/confirmation/MC-3/worktree/crates/swbus-core/src/mux/multiplexer.rs	file	0664	1783606392982183171	67052	28a50fe1740d4c3f29bcc998f10c95282f00d232845dc19b9a48726207342b76		copy	run-evidence		
.specula-output/confirmation/MC-3/worktree/crates/swbus-core/src/mux/nexthop.rs	.specula-output/confirmation/MC-3/worktree/crates/swbus-core/src/mux/nexthop.rs	file	0664	1783606392982183171	12982	bcbcedb9b9789ecacc1bfd288d23b6c92dda0d75b67053dac94917a335e503dd		copy	run-evidence		
.specula-output/confirmation/MC-3/worktree/crates/swbus-core/src/mux/route_annoucer.rs	.specula-output/confirmation/MC-3/worktree/crates/swbus-core/src/mux/route_annoucer.rs	file	0664	1783606392982183171	8957	d78c3f66cae469d8c2447ef379cdcb3c4e762aba27ebb47194bfcc4803260e3d		copy	run-evidence		
.specula-output/confirmation/MC-3/worktree/crates/swbus-core/src/mux/service.rs	.specula-output/confirmation/MC-3/worktree/crates/swbus-core/src/mux/service.rs	file	0664	1783606392982183171	6880	bff225afcbbf76309e00b3e7802f951d538dd14c73332ef1831f9edd75b88923		copy	run-evidence		
.specula-output/confirmation/MC-3/worktree/crates/swbus-core/tests	.specula-output/confirmation/MC-3/worktree/crates/swbus-core/tests	directory	0775	1783606392983183189				mkdir	run-directory		
.specula-output/confirmation/MC-3/worktree/crates/swbus-core/tests/README.md	.specula-output/confirmation/MC-3/worktree/crates/swbus-core/tests/README.md	file	0664	1783606392982183171	4503	e2741cb85a00b0bc3d26d64aa03266506a734ac0c05f9e9ce047e2c04d4f0203		copy	run-evidence		
.specula-output/confirmation/MC-3/worktree/crates/swbus-core/tests/basic_tests.rs	.specula-output/confirmation/MC-3/worktree/crates/swbus-core/tests/basic_tests.rs	file	0664	1783606392982183171	1282	7ae57d1b5ee64a505e5fb02426585f4569dfc5b609583462372c83eb993a3199		copy	run-evidence		
.specula-output/confirmation/MC-3/worktree/crates/swbus-core/tests/common	.specula-output/confirmation/MC-3/worktree/crates/swbus-core/tests/common	directory	0775	1783606392983183189				mkdir	run-directory		
.specula-output/confirmation/MC-3/worktree/crates/swbus-core/tests/common/mod.rs	.specula-output/confirmation/MC-3/worktree/crates/swbus-core/tests/common/mod.rs	file	0664	1783606392982183171	23	4bffae5c73b3fb27a869ffb553a542afe718b36f6ca9c879789a7d562ef2aa38		copy	run-evidence		
.specula-output/confirmation/MC-3/worktree/crates/swbus-core/tests/common/test_executor.rs	.specula-output/confirmation/MC-3/worktree/crates/swbus-core/tests/common/test_executor.rs	file	0664	1783606392983183189	9518	f5d2563cc8f5bc5b906d9d550ad88b43545279fe31de0eb0c62dc651d19f020d		copy	run-evidence		
.specula-output/confirmation/MC-3/worktree/crates/swbus-core/tests/data	.specula-output/confirmation/MC-3/worktree/crates/swbus-core/tests/data	directory	0775	1783606392983183189				mkdir	run-directory		
.specula-output/confirmation/MC-3/worktree/crates/swbus-core/tests/data/b2b	.specula-output/confirmation/MC-3/worktree/crates/swbus-core/tests/data/b2b	directory	0775	1783606392983183189				mkdir	run-directory		
.specula-output/confirmation/MC-3/worktree/crates/swbus-core/tests/data/b2b/test_ping.json	.specula-output/confirmation/MC-3/worktree/crates/swbus-core/tests/data/b2b/test_ping.json	file	0664	1783606392983183189	3861	121c48e72ddada29549444f3f369b880c786a3b8bcc3be90829993c839e20334		copy	run-evidence		
.specula-output/confirmation/MC-3/worktree/crates/swbus-core/tests/data/b2b/test_show_route.json	.specula-output/confirmation/MC-3/worktree/crates/swbus-core/tests/data/b2b/test_show_route.json	file	0664	1783606392983183189	2406	4d770ea007370b04d62c7e9abad7547cef35af72de4973e8ceffbfe7d2efb48c		copy	run-evidence		
.specula-output/confirmation/MC-3/worktree/crates/swbus-core/tests/data/b2b/test_trace_route.json	.specula-output/confirmation/MC-3/worktree/crates/swbus-core/tests/data/b2b/test_trace_route.json	file	0664	1783606392983183189	3825	d66b6a38c8d290e3220a3a59b8928fa460126b411607c6a6367f4b37406b132a		copy	run-evidence		
.specula-output/confirmation/MC-3/worktree/crates/swbus-core/tests/data/b2b/topo.json	.specula-output/confirmation/MC-3/worktree/crates/swbus-core/tests/data/b2b/topo.json	file	0664	1783606392983183189	1129	7f245989e5059b18fabf7b5a16c7d775bf74792684f6550799515fd7d5a36dee		copy	run-evidence		
.specula-output/confirmation/MC-3/worktree/crates/swbus-core/tests/data/inter-cluster	.specula-output/confirmation/MC-3/worktree/crates/swbus-core/tests/data/inter-cluster	directory	0775	1783606392983183189				mkdir	run-directory		
.specula-output/confirmation/MC-3/worktree/crates/swbus-core/tests/data/inter-cluster/test_ping.json	.specula-output/confirmation/MC-3/worktree/crates/swbus-core/tests/data/inter-cluster/test_ping.json	file	0664	1783606392983183189	1240	384b680d1ab080bf5676feb07454d59fe9c231f6b999d94e817de1a8b8fcaa30		copy	run-evidence		
.specula-output/confirmation/MC-3/worktree/crates/swbus-core/tests/data/inter-cluster/test_show_route.json	.specula-output/confirmation/MC-3/worktree/crates/swbus-core/tests/data/inter-cluster/test_show_route.json	file	0664	1783606392983183189	3159	d720404da221821256a32fbfd0c1e7fe7c80d5ddb11a01f1d10eac2e94789c30		copy	run-evidence		
.specula-output/confirmation/MC-3/worktree/crates/swbus-core/tests/data/inter-cluster/topo.json	.specula-output/confirmation/MC-3/worktree/crates/swbus-core/tests/data/inter-cluster/topo.json	file	0664	1783606392983183189	2628	10ccb3a884b12e8cb8cc38a5800e6109f4d0c5adefd6c106a3982942c4117fe4		copy	run-evidence		
.specula-output/confirmation/MC-3/worktree/crates/swbus-core/tests/inter_cluster_tests.rs	.specula-output/confirmation/MC-3/worktree/crates/swbus-core/tests/inter_cluster_tests.rs	file	0664	1783606392983183189	972	c475273e93281d918b0e00f56b58b8a7b710a48bdffe43e2aa217043f5a6accc		copy	run-evidence		
.specula-output/confirmation/MC-3/worktree/crates/swbus-edge	.specula-output/confirmation/MC-3/worktree/crates/swbus-edge	directory	0775	1783606392983183189				mkdir	run-directory		
.specula-output/confirmation/MC-3/worktree/crates/swbus-edge/Cargo.toml	.specula-output/confirmation/MC-3/worktree/crates/swbus-edge/Cargo.toml	file	0664	1783606392983183189	752	6eabac2ce4f046ba26b173216304859075b31429651a1d9acaea0ed63e2ce59f		copy	run-evidence		
.specula-output/confirmation/MC-3/worktree/crates/swbus-edge/src	.specula-output/confirmation/MC-3/worktree/crates/swbus-edge/src	directory	0775	1783606392984183208				mkdir	run-directory		
.specula-output/confirmation/MC-3/worktree/crates/swbus-edge/src/core_client.rs	.specula-output/confirmation/MC-3/worktree/crates/swbus-edge/src/core_client.rs	file	0664	1783606392983183189	7284	4c51402847f363a0e62ccc7c2861d95546c89f07a7e396751b2dee6de3f7f4a4		copy	run-evidence		
.specula-output/confirmation/MC-3/worktree/crates/swbus-edge/src/edge_runtime.rs	.specula-output/confirmation/MC-3/worktree/crates/swbus-edge/src/edge_runtime.rs	file	0664	1783606392983183189	10890	7d5d3a0ba3fdd67421da20c188922d30f01943b30a86215f17d0872251244913		copy	run-evidence		
.specula-output/confirmation/MC-3/worktree/crates/swbus-edge/src/lib.rs	.specula-output/confirmation/MC-3/worktree/crates/swbus-edge/src/lib.rs	file	0664	1783606392983183189	576	faa5c95b88dd1e34c954c7b8f1c0b07bca26b7a3d3bde04cfe632e4751790235		copy	run-evidence		
.specula-output/confirmation/MC-3/worktree/crates/swbus-edge/src/message_handler_proxy.rs	.specula-output/confirmation/MC-3/worktree/crates/swbus-edge/src/message_handler_proxy.rs	file	0664	1783606392983183189	749	cfc59cbcbc8d0d7c834282aa40a9f0831cdf01ff2af7c5cf48ad59e29fb390f3		copy	run-evidence		
.specula-output/confirmation/MC-3/worktree/crates/swbus-edge/src/message_router	.specula-output/confirmation/MC-3/worktree/crates/swbus-edge/src/message_router	directory	0775	1783606392984183208				mkdir	run-directory		
.specula-output/confirmation/MC-3/worktree/crates/swbus-edge/src/message_router.rs	.specula-output/confirmation/MC-3/worktree/crates/swbus-edge/src/message_router.rs	file	0664	1783606392983183189	4376	75ccbe703a6d3a085d1d201d25ed68166cbfffe81253171fc5238ca35dfa3678		copy	run-evidence		
.specula-output/confirmation/MC-3/worktree/crates/swbus-edge/src/message_router/route_map.rs	.specula-output/confirmation/MC-3/worktree/crates/swbus-edge/src/message_router/route_map.rs	file	0664	1783606392984183208	1159	3fa445253853cba9c638369165ade9035f4a2c5d468c2cf349e7acd46b9722fc		copy	run-evidence		
.specula-output/confirmation/MC-3/worktree/crates/swbus-edge/src/simple_client.rs	.specula-output/confirmation/MC-3/worktree/crates/swbus-edge/src/simple_client.rs	file	0664	1783606392984183208	8859	7cb77df0b2ab1f2769bcffc19c837c968e7441843dd1108ec9bbc005cc45b4ec		copy	run-evidence		
.specula-output/confirmation/MC-3/worktree/crates/swbus-proto	.specula-output/confirmation/MC-3/worktree/crates/swbus-proto	directory	0775	1783606392984183208				mkdir	run-directory		
.specula-output/confirmation/MC-3/worktree/crates/swbus-proto/Cargo.toml	.specula-output/confirmation/MC-3/worktree/crates/swbus-proto/Cargo.toml	file	0664	1783606392984183208	558	53075c8a8953b79a5af426c44e916d9173cf353783d330db43f605f2d7464c60		copy	run-evidence		
.specula-output/confirmation/MC-3/worktree/crates/swbus-proto/build.rs	.specula-output/confirmation/MC-3/worktree/crates/swbus-proto/build.rs	file	0664	1783606392984183208	2026	475cdc9bca2eccbcbb42c7d6a07d2722669cef7228295088c8274cd681dd4484		copy	run-evidence		
.specula-output/confirmation/MC-3/worktree/crates/swbus-proto/proto	.specula-output/confirmation/MC-3/worktree/crates/swbus-proto/proto	directory	0775	1783606392984183208				mkdir	run-directory		
.specula-output/confirmation/MC-3/worktree/crates/swbus-proto/proto/swbus.proto	.specula-output/confirmation/MC-3/worktree/crates/swbus-proto/proto/swbus.proto	file	0664	1783606392984183208	6294	aac645c86603c5df39e5077aa1f869c542a0ca1421d44d8e1fca8f6ff3e636ea		copy	run-evidence		
.specula-output/confirmation/MC-3/worktree/crates/swbus-proto/src	.specula-output/confirmation/MC-3/worktree/crates/swbus-proto/src	directory	0775	1783606392984183208				mkdir	run-directory		
.specula-output/confirmation/MC-3/worktree/crates/swbus-proto/src/lib.rs	.specula-output/confirmation/MC-3/worktree/crates/swbus-proto/src/lib.rs	file	0664	1783606392984183208	61	d17df02f80826a817591af5b5010b0f6ac4898f5699eacd91ad7b47196752c22		copy	run-evidence		
.specula-output/confirmation/MC-3/worktree/crates/swbus-proto/src/message_id_generator.rs	.specula-output/confirmation/MC-3/worktree/crates/swbus-proto/src/message_id_generator.rs	file	0664	1783606392984183208	843	e719f9dd9bed5b86769144312a3c1e3a9af6c8767092dc9486d67bb3abb8fc11		copy	run-evidence		
.specula-output/confirmation/MC-3/worktree/crates/swbus-proto/src/result.rs	.specula-output/confirmation/MC-3/worktree/crates/swbus-proto/src/result.rs	file	0664	1783606392984183208	2424	a96858c007b047d749ea20494a2e1231eff29c547de8b7ebb0040ad8c5dd4676		copy	run-evidence		
.specula-output/confirmation/MC-3/worktree/crates/swbus-proto/src/swbus.rs	.specula-output/confirmation/MC-3/worktree/crates/swbus-proto/src/swbus.rs	file	0664	1783606392984183208	23852	20d8e932178d8c48aede8b3d87b633155c3ca9565b0f185aed190970c0a6ee42		copy	run-evidence		
.specula-output/confirmation/MC-3/worktree/crates/swbusd	.specula-output/confirmation/MC-3/worktree/crates/swbusd	directory	0775	1783606392984183208				mkdir	run-directory		
.specula-output/confirmation/MC-3/worktree/crates/swbusd/Cargo.toml	.specula-output/confirmation/MC-3/worktree/crates/swbusd/Cargo.toml	file	0664	1783606392984183208	717	54924fd7838c8233ff4bb1a2c69ab2d64c508e01b855299dcd305d24f38c5bf1		copy	run-evidence		
.specula-output/confirmation/MC-3/worktree/crates/swbusd/sample	.specula-output/confirmation/MC-3/worktree/crates/swbusd/sample	directory	0775	1783606392984183208				mkdir	run-directory		
.specula-output/confirmation/MC-3/worktree/crates/swbusd/sample/inter-cluster	.specula-output/confirmation/MC-3/worktree/crates/swbusd/sample/inter-cluster	directory	0775	1783606392984183208				mkdir	run-directory		
.specula-output/confirmation/MC-3/worktree/crates/swbusd/sample/inter-cluster/swbusd_cluster-a.10.0.0.1.cfg	.specula-output/confirmation/MC-3/worktree/crates/swbusd/sample/inter-cluster/swbusd_cluster-a.10.0.0.1.cfg	file	0664	1783606392984183208	470	0f011fc137e242399d46c0b5f2c340f26d6f32f92a44316a10e4e1c7e388e9a1		copy	run-evidence		
.specula-output/confirmation/MC-3/worktree/crates/swbusd/sample/inter-cluster/swbusd_cluster-a.10.0.0.2.cfg	.specula-output/confirmation/MC-3/worktree/crates/swbusd/sample/inter-cluster/swbusd_cluster-a.10.0.0.2.cfg	file	0664	1783606392984183208	274	196dd09c012bef6ace2d36fb3911625f4cdaf808059fb519418e398080c76999		copy	run-evidence		
.specula-output/confirmation/MC-3/worktree/crates/swbusd/sample/inter-cluster/swbusd_cluster-b.11.0.0.1.cfg	.specula-output/confirmation/MC-3/worktree/crates/swbusd/sample/inter-cluster/swbusd_cluster-b.11.0.0.1.cfg	file	0664	1783606392984183208	343	eb4623b5c1f3c39b3e402fdb41ca86aef420b5a8a3650613f2a9823b04ac55bf		copy	run-evidence		
.specula-output/confirmation/MC-3/worktree/crates/swbusd/sample/swbusd1.cfg	.specula-output/confirmation/MC-3/worktree/crates/swbusd/sample/swbusd1.cfg	file	0664	1783606392984183208	344	5048fdda47d8a6f85ecf7552fa66ebbb4d3ed5b785f836a720b7eeb51bd22b19		copy	run-evidence		
.specula-output/confirmation/MC-3/worktree/crates/swbusd/sample/swbusd2.cfg	.specula-output/confirmation/MC-3/worktree/crates/swbusd/sample/swbusd2.cfg	file	0664	1783606392984183208	274	196dd09c012bef6ace2d36fb3911625f4cdaf808059fb519418e398080c76999		copy	run-evidence		
.specula-output/confirmation/MC-3/worktree/crates/swbusd/src	.specula-output/confirmation/MC-3/worktree/crates/swbusd/src	directory	0775	1783606392984183208				mkdir	run-directory		
.specula-output/confirmation/MC-3/worktree/crates/swbusd/src/main.rs	.specula-output/confirmation/MC-3/worktree/crates/swbusd/src/main.rs	file	0664	1783606392984183208	1262	967c40e9b6ba91ab7884f883516746bf5b6bcd94aa38cec68485a427e32b9fd4		copy	run-evidence		
.specula-output/confirmation/MC-3/worktree/crates/swss-common-bridge	.specula-output/confirmation/MC-3/worktree/crates/swss-common-bridge	directory	0775	1783606392984183208				mkdir	run-directory		
.specula-output/confirmation/MC-3/worktree/crates/swss-common-bridge/Cargo.toml	.specula-output/confirmation/MC-3/worktree/crates/swss-common-bridge/Cargo.toml	file	0664	1783606392984183208	755	90d0fd07f27224840f9e8aa43ae6d16be1e433fdcd9bffed3e9d7d5c27f0caac		copy	run-evidence		
.specula-output/confirmation/MC-3/worktree/crates/swss-common-bridge/src	.specula-output/confirmation/MC-3/worktree/crates/swss-common-bridge/src	directory	0775	1783606392985183227				mkdir	run-directory		
.specula-output/confirmation/MC-3/worktree/crates/swss-common-bridge/src/consumer.rs	.specula-output/confirmation/MC-3/worktree/crates/swss-common-bridge/src/consumer.rs	file	0664	1783606392984183208	15722	d29510353c47d63cc4732f9075e55428f5605a35cb40c84728bfe585e3b6ae81		copy	run-evidence		
.specula-output/confirmation/MC-3/worktree/crates/swss-common-bridge/src/lib.rs	.specula-output/confirmation/MC-3/worktree/crates/swss-common-bridge/src/lib.rs	file	0664	1783606392985183227	2341	d50bada2027ab4bdfe19da142733e301550d8a13a43b728baf38f1dc0a95f619		copy	run-evidence		
.specula-output/confirmation/MC-3/worktree/crates/swss-common-bridge/src/producer.rs	.specula-output/confirmation/MC-3/worktree/crates/swss-common-bridge/src/producer.rs	file	0664	1783606392985183227	16096	e6204c6c8b791275c57cb4d4818b4c1c2be3cc0bf6e317bd95743aa20527d18a		copy	run-evidence		
.specula-output/confirmation/MC-3/worktree/crates/swss-serde	.specula-output/confirmation/MC-3/worktree/crates/swss-serde	directory	0775	1783606392985183227				mkdir	run-directory		
.specula-output/confirmation/MC-3/worktree/crates/swss-serde/Cargo.toml	.specula-output/confirmation/MC-3/worktree/crates/swss-serde/Cargo.toml	file	0664	1783606392985183227	409	996d81b6c4c147fde077b633256c11bd82fa1e005462fc46dca009ae66a3bead		copy	run-evidence		
.specula-output/confirmation/MC-3/worktree/crates/swss-serde/src	.specula-output/confirmation/MC-3/worktree/crates/swss-serde/src	directory	0775	1783606392985183227				mkdir	run-directory		
.specula-output/confirmation/MC-3/worktree/crates/swss-serde/src/error.rs	.specula-output/confirmation/MC-3/worktree/crates/swss-serde/src/error.rs	file	0664	1783606392985183227	595	cde10988fad503119f0fcfff46c95c6b2173005227d97f6e412499269c64e017		copy	run-evidence		
.specula-output/confirmation/MC-3/worktree/crates/swss-serde/src/field_value.rs	.specula-output/confirmation/MC-3/worktree/crates/swss-serde/src/field_value.rs	file	0664	1783606392985183227	10246	8a9087750327abf38082b37f096912427bfb3306dbe93c986947c8325d1565b9		copy	run-evidence		
.specula-output/confirmation/MC-3/worktree/crates/swss-serde/src/field_values.rs	.specula-output/confirmation/MC-3/worktree/crates/swss-serde/src/field_values.rs	file	0664	1783606392985183227	5341	4bdecb30295f4d23fdb2425d040c4cc4dcfff22331112d8ad441ce91ed524ef8		copy	run-evidence		
.specula-output/confirmation/MC-3/worktree/crates/swss-serde/src/lib.rs	.specula-output/confirmation/MC-3/worktree/crates/swss-serde/src/lib.rs	file	0664	1783606392985183227	1359	5ed868b6f5d73e9e01ccfef09f376878eaf337279e11c19ddbaea191839bb578		copy	run-evidence		
.specula-output/confirmation/MC-3/worktree/crates/swss-serde/src/table.rs	.specula-output/confirmation/MC-3/worktree/crates/swss-serde/src/table.rs	file	0664	1783606392985183227	3496	8761b69bf3fc7ab4f824400e828437f3e05c64707ab27772c0ebdc94d3e5fb92		copy	run-evidence		
.specula-output/confirmation/MC-3/worktree/crates/swss-serde/src/test.rs	.specula-output/confirmation/MC-3/worktree/crates/swss-serde/src/test.rs	file	0664	1783606392985183227	5878	ba5857b01fa8dcc87b8107f3f475c996b370fd65efe9c8c944d6123de14559fa		copy	run-evidence		
.specula-output/confirmation/MC-3/worktree/debian	.specula-output/confirmation/MC-3/worktree/debian	directory	0775	1783606392985183227				mkdir	run-directory		
.specula-output/confirmation/MC-3/worktree/debian/.gitignore	.record/source-control/.specula-output/confirmation/MC-3/worktree/debian/gitignore.source	file	0664	1783606392985183227	66	5ba161d24cf3cf6ca666052cd4a803bc4c5b4513f2f2d8ce173dd44ac27b332c		copy	run-evidence		
.specula-output/confirmation/MC-3/worktree/debian/changelog	.specula-output/confirmation/MC-3/worktree/debian/changelog	file	0664	1783606392985183227	133	b0e4c77158baf68f5f4e44a9e9cf8cc2cb87fb1e5d972d5c8ece7ec12bcf9ebf		copy	run-evidence		
.specula-output/confirmation/MC-3/worktree/debian/compat	.specula-output/confirmation/MC-3/worktree/debian/compat	file	0664	1783606392985183227	2	4fc82b26aecb47d2868c4efbe3581732a3e7cbcc6c2efb32062c08170a05eeb8		copy	run-evidence		
.specula-output/confirmation/MC-3/worktree/debian/control	.specula-output/confirmation/MC-3/worktree/debian/control	file	0664	1783606392985183227	402	dc830719b6f4481a9ceb047afe697fd9646c1bc4004c3044954d142af14c3300		copy	run-evidence		
.specula-output/confirmation/MC-3/worktree/debian/install	.specula-output/confirmation/MC-3/worktree/debian/install	file	0664	1783606392985183227	130	191b4426c4b291ad2a887f4ca2ff8f117b3e011c79935548c46427b23a5b0f8f		copy	run-evidence		
.specula-output/confirmation/MC-3/worktree/debian/rules	.specula-output/confirmation/MC-3/worktree/debian/rules	file	0775	1783606392985183227	345	7cde28e0b934350b9de186d64baad0f0b9eed95dd6992125c8e29d0175d735bc		copy	run-evidence		
.specula-output/confirmation/MC-3/worktree/rustfmt.toml	.specula-output/confirmation/MC-3/worktree/rustfmt.toml	file	0664	1783606392985183227	443	b978c41d933c21053898dcf392291fd90addd3558f99149227132b85a17be027		copy	run-evidence		
.specula-output/confirmation/MC-3/worktree/scripts	.specula-output/confirmation/MC-3/worktree/scripts	directory	0775	1783606392985183227				mkdir	run-directory		
.specula-output/confirmation/MC-3/worktree/scripts/wait_for_loopback.py	.specula-output/confirmation/MC-3/worktree/scripts/wait_for_loopback.py	file	0664	1783606392985183227	3525	5f8d0244c51cb5dcce41f42706430bbe3f918f054c3242a8b4736cd78e6caf9d		copy	run-evidence		
.specula-output/confirmation/MC-3/worktree/sonic-dash-api	.specula-output/confirmation/MC-3/worktree/sonic-dash-api	directory	0775	1783607007222692680				mkdir	run-directory		
.specula-output/confirmation/MC-3/worktree/sonic-dash-api/proto	.specula-output/confirmation/MC-3/worktree/sonic-dash-api/proto	directory	0775	1775457490690156449				mkdir	run-directory		
.specula-output/confirmation/MC-3/worktree/sonic-dash-api/proto/acl_group.proto	.specula-output/confirmation/MC-3/worktree/sonic-dash-api/proto/acl_group.proto	file	0664	1775457490689156431	224	63b83374a5dfe1eecea6532375f55378d0c80a61a343a6569bde52d5a84350bb		copy	run-evidence		
.specula-output/confirmation/MC-3/worktree/sonic-dash-api/proto/acl_in.proto	.specula-output/confirmation/MC-3/worktree/sonic-dash-api/proto/acl_in.proto	file	0664	1775457490689156431	310	8c4990a198ae41a7bb3b57278049936caa5f097416602aa83fe9261a24149307		copy	run-evidence		
.specula-output/confirmation/MC-3/worktree/sonic-dash-api/proto/acl_out.proto	.specula-output/confirmation/MC-3/worktree/sonic-dash-api/proto/acl_out.proto	file	0664	1775457490689156431	313	7fd56b7e8a7f311e24ac210b3a706d3ae218bf920e3a43cccf91bc0406ee581e		copy	run-evidence		
.specula-output/confirmation/MC-3/worktree/sonic-dash-api/proto/acl_rule.proto	.specula-output/confirmation/MC-3/worktree/sonic-dash-api/proto/acl_rule.proto	file	0664	1775457490689156431	1489	21efc2f5b9d3ef9278a78642d21a6ccea5352eec697dbeab920c4505bd6a47f3		copy	run-evidence		
.specula-output/confirmation/MC-3/worktree/sonic-dash-api/proto/appliance.proto	.specula-output/confirmation/MC-3/worktree/sonic-dash-api/proto/appliance.proto	file	0664	1775457490689156431	776	4f9bfe99d4615c32eb839cae910be8df431e5e72dc4eb2dce68ed5cb9ede8511		copy	run-evidence		
.specula-output/confirmation/MC-3/worktree/sonic-dash-api/proto/eni.proto	.specula-output/confirmation/MC-3/worktree/sonic-dash-api/proto/eni.proto	file	0664	1775457490689156431	1394	3cfa78f970e4c8eff5b16c8b0feca53fdfc77d43cb4cbf3f8816c0eba6971ee4		copy	run-evidence		
.specula-output/confirmation/MC-3/worktree/sonic-dash-api/proto/eni_route.proto	.specula-output/confirmation/MC-3/worktree/sonic-dash-api/proto/eni_route.proto	file	0664	1775457490689156431	184	1ea44c8956266a012206836e6de8a7fb3082b002c18e485fec1dca973a03f8f1		copy	run-evidence		
.specula-output/confirmation/MC-3/worktree/sonic-dash-api/proto/ha_scope.proto	.specula-output/confirmation/MC-3/worktree/sonic-dash-api/proto/ha_scope.proto	file	0664	1775457490689156431	749	bdb153bd85d28bc1bc165503fa808edd9f65a2c893966d313c77fded34ea5314		copy	run-evidence		
.specula-output/confirmation/MC-3/worktree/sonic-dash-api/proto/ha_scope_config.proto	.specula-output/confirmation/MC-3/worktree/sonic-dash-api/proto/ha_scope_config.proto	file	0664	1775457490689156431	561	a5df9f029dd4b10fb8933eab353b0612e158323be43264c3ec6124ab074d16af		copy	run-evidence		
.specula-output/confirmation/MC-3/worktree/sonic-dash-api/proto/ha_scope_state.proto	.specula-output/confirmation/MC-3/worktree/sonic-dash-api/proto/ha_scope_state.proto	file	0664	1775457490689156431	503	ef05bb57eb034ee8b5e0e52a0cdd78a22c6dac12b636f9ec90f99e0e4a2cfb29		copy	run-evidence		
.specula-output/confirmation/MC-3/worktree/sonic-dash-api/proto/ha_set.proto	.specula-output/confirmation/MC-3/worktree/sonic-dash-api/proto/ha_set.proto	file	0664	1775457490689156431	1482	68a55831f4939a0e731fac047888f285fd3ce5a56b92c4bdeab5ba3940fbe427		copy	run-evidence		
.specula-output/confirmation/MC-3/worktree/sonic-dash-api/proto/ha_set_config.proto	.specula-output/confirmation/MC-3/worktree/sonic-dash-api/proto/ha_set_config.proto	file	0664	1775457490689156431	437	3aac48716f7e82c5ed231ec04cc1e965ab47aecd5785ea9d7bec5cdd3b93d1ea		copy	run-evidence		
.specula-output/confirmation/MC-3/worktree/sonic-dash-api/proto/ha_set_state.proto	.specula-output/confirmation/MC-3/worktree/sonic-dash-api/proto/ha_set_state.proto	file	0664	1775457490689156431	295	eba05677140806197c24833e25e714b7da2b9613ce4d0e7077fbcce1f7ee1795		copy	run-evidence		
.specula-output/confirmation/MC-3/worktree/sonic-dash-api/proto/meter.proto	.specula-output/confirmation/MC-3/worktree/sonic-dash-api/proto/meter.proto	file	0664	1775457490689156431	376	959afb32392b5cc7c5ca48ee5fefc194dc93026603d5a96c389069df48d420a0		copy	run-evidence		
.specula-output/confirmation/MC-3/worktree/sonic-dash-api/proto/meter_policy.proto	.specula-output/confirmation/MC-3/worktree/sonic-dash-api/proto/meter_policy.proto	file	0664	1775457490689156431	221	3b355b5224b709b5135a139285f9223904396d68493b2331ebcc5d82afd0d08c		copy	run-evidence		
.specula-output/confirmation/MC-3/worktree/sonic-dash-api/proto/meter_rule.proto	.specula-output/confirmation/MC-3/worktree/sonic-dash-api/proto/meter_rule.proto	file	0664	1775457490689156431	360	2406e7d2a2f89645c15cbb354794ce010a6268a08338c4a44862f69193b9a6d3		copy	run-evidence		
.specula-output/confirmation/MC-3/worktree/sonic-dash-api/proto/outbound_port_map.proto	.specula-output/confirmation/MC-3/worktree/sonic-dash-api/proto/outbound_port_map.proto	file	0664	1775457490689156431	282	455b111663b169e0a8d5283720a248cdd3d925e2a953d48b870f722795e30dc2		copy	run-evidence		
.specula-output/confirmation/MC-3/worktree/sonic-dash-api/proto/outbound_port_map_range.proto	.specula-output/confirmation/MC-3/worktree/sonic-dash-api/proto/outbound_port_map_range.proto	file	0664	1775457490689156431	417	7e2b5a74d75ecf9545ffd929cd5c05206138d43dee6cced0854c7843e6395466		copy	run-evidence		
.specula-output/confirmation/MC-3/worktree/sonic-dash-api/proto/pa_validation.proto	.specula-output/confirmation/MC-3/worktree/sonic-dash-api/proto/pa_validation.proto	file	0664	1775457490689156431	188	d2b4f3b5b1298d1c41a979e6493a89a185aab032cfc1c4e27780fb87af6c16c7		copy	run-evidence		
.specula-output/confirmation/MC-3/worktree/sonic-dash-api/proto/prefix_tag.proto	.specula-output/confirmation/MC-3/worktree/sonic-dash-api/proto/prefix_tag.proto	file	0664	1775457490689156431	332	bc238882b1e392be4c9eb7210db871e1eea2d04a59bb16fff58ef06bc82da12d		copy	run-evidence		
.specula-output/confirmation/MC-3/worktree/sonic-dash-api/proto/qos.proto	.specula-output/confirmation/MC-3/worktree/sonic-dash-api/proto/qos.proto	file	0664	1775457490689156431	271	6c1756762416029cb9a3757f0ff18ae014bf789c493aae39966872aeb802e61f		copy	run-evidence		
.specula-output/confirmation/MC-3/worktree/sonic-dash-api/proto/route.proto	.specula-output/confirmation/MC-3/worktree/sonic-dash-api/proto/route.proto	file	0664	1775457490689156431	2665	9e4b7b6d0d807f50912dfaadfd7e6f2914090f406f0b75fe9167d3d452678ffa		copy	run-evidence		
.specula-output/confirmation/MC-3/worktree/sonic-dash-api/proto/route_group.proto	.specula-output/confirmation/MC-3/worktree/sonic-dash-api/proto/route_group.proto	file	0664	1775457490689156431	176	9a1a5264ce8aae5d33c896ca679f16405dbb2dbd853268d718ab931566a0c2d2		copy	run-evidence		
.specula-output/confirmation/MC-3/worktree/sonic-dash-api/proto/route_rule.proto	.specula-output/confirmation/MC-3/worktree/sonic-dash-api/proto/route_rule.proto	file	0664	1775457490689156431	1655	3648f004ce9b7da92a2f6f2366189b704e6aa9e74794a85182a7aa9bdfa8b7ae		copy	run-evidence		
.specula-output/confirmation/MC-3/worktree/sonic-dash-api/proto/route_type.proto	.specula-output/confirmation/MC-3/worktree/sonic-dash-api/proto/route_type.proto	file	0664	1775457490689156431	1450	e6361b492f3491f9480a11ac304c757d95ac87f2cd364e9dae11f6187c54c5f4		copy	run-evidence		
.specula-output/confirmation/MC-3/worktree/sonic-dash-api/proto/routing_appliance.proto	.specula-output/confirmation/MC-3/worktree/sonic-dash-api/proto/routing_appliance.proto	file	0664	1775457490690156449	357	6de8b36bdc0258d746b1edcf1d35fb9b80f9fb484591b9d2df0a44bef3ef3113		copy	run-evidence		
.specula-output/confirmation/MC-3/worktree/sonic-dash-api/proto/tunnel.proto	.specula-output/confirmation/MC-3/worktree/sonic-dash-api/proto/tunnel.proto	file	0664	1775457490690156449	374	49a8b27dfcd4656991293f1f2676e8a06488388030758b266f67fbe2430c067c		copy	run-evidence		
.specula-output/confirmation/MC-3/worktree/sonic-dash-api/proto/types.proto	.specula-output/confirmation/MC-3/worktree/sonic-dash-api/proto/types.proto	file	0664	1775457490690156449	1593	0b1644d63d353923f33aa4e561f7181119db49715e0f745063cbe3a81f2c73a9		copy	run-evidence		
.specula-output/confirmation/MC-3/worktree/sonic-dash-api/proto/vnet.proto	.specula-output/confirmation/MC-3/worktree/sonic-dash-api/proto/vnet.proto	file	0664	1775457490690156449	310	8c437362618f389009463e3f94e2aa906a6b4746eff2c83752e12fbe03a8b888		copy	run-evidence		
.specula-output/confirmation/MC-3/worktree/sonic-dash-api/proto/vnet_mapping.proto	.specula-output/confirmation/MC-3/worktree/sonic-dash-api/proto/vnet_mapping.proto	file	0664	1775457490690156449	1826	19c8e9f32da372cccccefddcf402053260cdf106f499fee52ce6c1cbf8c4b414		copy	run-evidence		
.specula-output/confirmation/MC-3/worktree/target		directory	0755	1783606942551496662				exclude	non-evidence	build-or-generated-cache	
.specula-output/confirmation/MC-3/worktree/test_utils	.specula-output/confirmation/MC-3/worktree/test_utils	directory	0775	1783606392986183245				mkdir	run-directory		
.specula-output/confirmation/MC-3/worktree/test_utils/README.md	.specula-output/confirmation/MC-3/worktree/test_utils/README.md	file	0664	1783606392985183227	488	94110682d023d1d8e19ad8c9252057b8254259c7b9764fc5e66fc513d93cfac8		copy	run-evidence		
.specula-output/confirmation/MC-3/worktree/test_utils/hamgrd	.specula-output/confirmation/MC-3/worktree/test_utils/hamgrd	directory	0775	1783606392986183245				mkdir	run-directory		
.specula-output/confirmation/MC-3/worktree/test_utils/hamgrd/database_config.json	.specula-output/confirmation/MC-3/worktree/test_utils/hamgrd/database_config.json	file	0664	1783606392985183227	968	1de32db1a468dc0ef74752b4b693dcc1b53113f4dc591ba2946e1cc25dbc931d		copy	run-evidence		
.specula-output/confirmation/MC-3/worktree/test_utils/hamgrd/database_global.json	.specula-output/confirmation/MC-3/worktree/test_utils/hamgrd/database_global.json	file	0664	1783606392985183227	245	33c792f9b464a3934fb39e6d1a1ef16f0df3bdc103dfd5851dfcdc7da7e8a082		copy	run-evidence		
.specula-output/confirmation/MC-3/worktree/test_utils/hamgrd/redis_data_planned_up_then_down.cmd	.specula-output/confirmation/MC-3/worktree/test_utils/hamgrd/redis_data_planned_up_then_down.cmd	file	0664	1783606392985183227	1090	24e710b2196e98324a34e4152d70eebeb633dcd0f0ba0000c812cf1f12a8af85		copy	run-evidence		
.specula-output/confirmation/MC-3/worktree/test_utils/hamgrd/redis_data_set.cmd	.specula-output/confirmation/MC-3/worktree/test_utils/hamgrd/redis_data_set.cmd	file	0664	1783606392986183245	3476	608c1fa7508acf661de34ffd3249560029fb8788dcbd732ea83b36db964afefd		copy	run-evidence		
.specula-output/confirmation/MC-3/worktree/test_utils/hamgrd/redis_data_set_full.cmd	.specula-output/confirmation/MC-3/worktree/test_utils/hamgrd/redis_data_set_full.cmd	file	0664	1783606392986183245	5031	5ac73f5017d2955a45767e803b3a2e6d206bd433118109bd55b26f7254ccb6c6		copy	run-evidence		
.specula-output/confirmation/MC-3/worktree/test_utils/run_redis.sh	.specula-output/confirmation/MC-3/worktree/test_utils/run_redis.sh	file	0775	1783606392986183245	490	a17fe5c24818986e4b2f525924890927c5a4a7ccf2df29c025ab050d54289f7e		copy	run-evidence		
.specula-output/confirmation/MC-4	.specula-output/confirmation/MC-4	directory	0775	1783607016110855752				mkdir	run-directory		
.specula-output/confirmation/MC-4/debate.md	.specula-output/confirmation/MC-4/debate.md	file	0664	1783607016100855569	819568	7f6582ff05e0c10cefead96f168618c31b534075c66f6d7c9f79045da0eb2f1a		copy	run-evidence		
.specula-output/confirmation/MC-4/repair-request.body.md	.specula-output/confirmation/MC-4/repair-request.body.md	file	0664	1783606943757519014	2264	e67b92c40fcafc0e0b24454b511080ee34248a1a209701be8785d7594b977532		copy	run-evidence		
.specula-output/confirmation/MC-4/turn01_A.log	.specula-output/confirmation/MC-4/turn01_A.log	file	0664	1783607015463843894	819522	b8e774d027580a313c2f5595ab896cf4cff5dfb6f4910217ab6e002372014170		copy	run-evidence		
.specula-output/confirmation/MC-4/turn01_A.prompt.md	.specula-output/confirmation/MC-4/turn01_A.prompt.md	file	0664	1783606443096161878	14110	1a96afc37f3bd8f272d4ed0731d0fcf2ff9eabfaa7f0e2c02cf18457b84d3c2e		copy	run-evidence		
.specula-output/confirmation/MC-4/turn01_A.usage.json	.specula-output/confirmation/MC-4/turn01_A.usage.json	file	0664	1783607016063854891	245	b0ddf6f433bedcbecfe1c6535283202894634481eec9f36c987a77f61fa83e22		copy	run-evidence		
.specula-output/confirmation/MC-4/verdict.json	.specula-output/confirmation/MC-4/verdict.json	file	0664	1783607928693061360	848474	7d5dce46919ada831aba7fd34f05f1d43541c1a4bc5e4c4818d753de379c8ded		copy	run-evidence		
.specula-output/confirmation/MC-4/worktree	.specula-output/confirmation/MC-4/worktree	directory	0775	1783607016103855624				mkdir	run-directory		
.specula-output/confirmation/MC-4/worktree/.git		file	0664	1783606443003160148	120	e6475422cf3184cf272c165b04d4538d48911b9e73de0fd88e63ed87b5d28964		exclude	non-evidence	git-metadata	
.specula-output/confirmation/MC-4/worktree/.gitignore	.record/source-control/.specula-output/confirmation/MC-4/worktree/gitignore.source	file	0664	1783606443086161692	63	1362d8ecf612bff1ef3ef5f59dc941311a4c6d370176ee3fac2d6cf5dfa3d1e6		copy	run-evidence		
.specula-output/confirmation/MC-4/worktree/.pre-commit-config.yaml	.specula-output/confirmation/MC-4/worktree/.pre-commit-config.yaml	file	0664	1783606443086161692	975	06442782b6b7979294be9ec6cc14f1ecc0eec90d3c31ed7aa93075eba188b87d		copy	run-evidence		
.specula-output/confirmation/MC-4/worktree/Cargo.lock	.specula-output/confirmation/MC-4/worktree/Cargo.lock	file	0664	1783606443086161692	73759	55dfa1a975d6b3474b152fd1180861ca840793e7821799e3dfdb6c3e6a5d6459		copy	run-evidence		
.specula-output/confirmation/MC-4/worktree/Cargo.toml	.specula-output/confirmation/MC-4/worktree/Cargo.toml	file	0664	1783606443086161692	3193	e3dc3c58d5118c233e79d7c9792584060b66b41b505974718ae506a932031fc3		copy	run-evidence		
.specula-output/confirmation/MC-4/worktree/LICENSE	.specula-output/confirmation/MC-4/worktree/LICENSE	file	0664	1783606443086161692	555	64f72cf7a9753b300106dd2a2b058feb084cc105c2ad359a2320f372504d49c8		copy	run-evidence		
.specula-output/confirmation/MC-4/worktree/Makefile	.specula-output/confirmation/MC-4/worktree/Makefile	file	0664	1783606443086161692	1500	4b8e6dfaf74b0d71d23644d1ee70c6459a377bd883764c0632e0545f1c165202		copy	run-evidence		
.specula-output/confirmation/MC-4/worktree/README.md	.specula-output/confirmation/MC-4/worktree/README.md	file	0664	1783606443086161692	2258	a586c1b3947fa180a9687299db907422b38de00f41a0c60c9bdb58e3da32f994		copy	run-evidence		
.specula-output/confirmation/MC-4/worktree/crates	.specula-output/confirmation/MC-4/worktree/crates	directory	0775	1783606443093161823				mkdir	run-directory		
.specula-output/confirmation/MC-4/worktree/crates/container	.specula-output/confirmation/MC-4/worktree/crates/container	directory	0775	1783606443087161711				mkdir	run-directory		
.specula-output/confirmation/MC-4/worktree/crates/container/Cargo.toml	.specula-output/confirmation/MC-4/worktree/crates/container/Cargo.toml	file	0664	1783606443086161692	543	4ad8767d8c5f5d31bbeddeaa23c3a0887ee9efa8875a988e78a849f0fa8ab463		copy	run-evidence		
.specula-output/confirmation/MC-4/worktree/crates/container/src	.specula-output/confirmation/MC-4/worktree/crates/container/src	directory	0775	1783606443087161711				mkdir	run-directory		
.specula-output/confirmation/MC-4/worktree/crates/container/src/container.rs	.specula-output/confirmation/MC-4/worktree/crates/container/src/container.rs	file	0664	1783606443087161711	13473	fdd146e2a3c44d5d102092554290a6ab82ec78b529b31e92f5371899d1a13461		copy	run-evidence		
.specula-output/confirmation/MC-4/worktree/crates/container/src/main.rs	.specula-output/confirmation/MC-4/worktree/crates/container/src/main.rs	file	0664	1783606443087161711	1402	8804dad7b22eb1b3c4809fd1ca77458214320d6cd109136faba05d0e0005920e		copy	run-evidence		
.specula-output/confirmation/MC-4/worktree/crates/hamgrd	.specula-output/confirmation/MC-4/worktree/crates/hamgrd	directory	0775	1783606443087161711				mkdir	run-directory		
.specula-output/confirmation/MC-4/worktree/crates/hamgrd/Cargo.toml	.specula-output/confirmation/MC-4/worktree/crates/hamgrd/Cargo.toml	file	0664	1783606443087161711	1091	dfcecf0cc5aa0ddeb66899facb1f4e78afde2437e4caf634677e4d08ebaf85a4		copy	run-evidence		
.specula-output/confirmation/MC-4/worktree/crates/hamgrd/src	.specula-output/confirmation/MC-4/worktree/crates/hamgrd/src	directory	0775	1783606443088161729				mkdir	run-directory		
.specula-output/confirmation/MC-4/worktree/crates/hamgrd/src/actors	.specula-output/confirmation/MC-4/worktree/crates/hamgrd/src/actors	directory	0775	1783606443087161711				mkdir	run-directory		
.specula-output/confirmation/MC-4/worktree/crates/hamgrd/src/actors.rs	.specula-output/confirmation/MC-4/worktree/crates/hamgrd/src/actors.rs	file	0664	1783606443087161711	10857	60b97fd54b124162e2691fb612c18f23bfa411a0d7dd4cc2faafdac1dd7ff889		copy	run-evidence		
.specula-output/confirmation/MC-4/worktree/crates/hamgrd/src/actors/dpu.rs	.specula-output/confirmation/MC-4/worktree/crates/hamgrd/src/actors/dpu.rs	file	0664	1783606443087161711	27800	1f9135dc244e019d3f860f8b419748099be6158b82238b40d6f5ef73e67a70d4		copy	run-evidence		
.specula-output/confirmation/MC-4/worktree/crates/hamgrd/src/actors/ha_scope.rs	.specula-output/confirmation/MC-4/worktree/crates/hamgrd/src/actors/ha_scope.rs	file	0664	1783606887977482909	54068	eca93d40365c3c1123e54eff260d89b2f4d33aa0ed43d646022bd64a30ba6bf3		copy	run-evidence		
.specula-output/confirmation/MC-4/worktree/crates/hamgrd/src/actors/ha_set.rs	.specula-output/confirmation/MC-4/worktree/crates/hamgrd/src/actors/ha_set.rs	file	0664	1783606443087161711	54279	0ddf6b21740c84bd17b1113b4497d1c8fca1cdded0669028efe4b3751afee8c3		copy	run-evidence		
.specula-output/confirmation/MC-4/worktree/crates/hamgrd/src/actors/test.rs	.specula-output/confirmation/MC-4/worktree/crates/hamgrd/src/actors/test.rs	file	0664	1783606443087161711	25740	68fce46b1239953c7ed8e7d248ce4a5ca94ca1fd5587db04909aeb133beb7ce8		copy	run-evidence		
.specula-output/confirmation/MC-4/worktree/crates/hamgrd/src/actors/vdpu.rs	.specula-output/confirmation/MC-4/worktree/crates/hamgrd/src/actors/vdpu.rs	file	0664	1783606443088161729	8755	0e91f79cfa4a07c231c2a04d179cc784314fae6c91349ffdf6586e2e12cb072a		copy	run-evidence		
.specula-output/confirmation/MC-4/worktree/crates/hamgrd/src/db_structs.rs	.specula-output/confirmation/MC-4/worktree/crates/hamgrd/src/db_structs.rs	file	0664	1783606443088161729	34184	a322274850ae6754df30ca8da226e1b18b9d07268a7e41578aae718a2295c74a		copy	run-evidence		
.specula-output/confirmation/MC-4/worktree/crates/hamgrd/src/ha_actor_messages.rs	.specula-output/confirmation/MC-4/worktree/crates/hamgrd/src/ha_actor_messages.rs	file	0664	1783606443088161729	6543	e1a13cdedb85938b77795f331bf3771d088e8bfce8051324f0a69161ee285d68		copy	run-evidence		
.specula-output/confirmation/MC-4/worktree/crates/hamgrd/src/main.rs	.specula-output/confirmation/MC-4/worktree/crates/hamgrd/src/main.rs	file	0664	1783606443088161729	8926	e9a6de6c129eb77fc46132682098b67f3184307f1ad5aeb1783403e8e23552ca		copy	run-evidence		
.specula-output/confirmation/MC-4/worktree/crates/sonic-common	.specula-output/confirmation/MC-4/worktree/crates/sonic-common	directory	0775	1783606443088161729				mkdir	run-directory		
.specula-output/confirmation/MC-4/worktree/crates/sonic-common/Cargo.toml	.specula-output/confirmation/MC-4/worktree/crates/sonic-common/Cargo.toml	file	0664	1783606443088161729	843	1239a0525ec2b948dd0ac2e78b9861a4da144fef3a1b3b5337ff7712dec9c5e5		copy	run-evidence		
.specula-output/confirmation/MC-4/worktree/crates/sonic-common/src	.specula-output/confirmation/MC-4/worktree/crates/sonic-common/src	directory	0775	1783606443088161729				mkdir	run-directory		
.specula-output/confirmation/MC-4/worktree/crates/sonic-common/src/lib.rs	.specula-output/confirmation/MC-4/worktree/crates/sonic-common/src/lib.rs	file	0664	1783606443088161729	573	18239424369eefc097b517348bc38889a2965244d88d7557c7e8568681093722		copy	run-evidence		
.specula-output/confirmation/MC-4/worktree/crates/sonic-common/src/log.rs	.specula-output/confirmation/MC-4/worktree/crates/sonic-common/src/log.rs	file	0664	1783606443088161729	7511	9f51b7708251f05f717e61f926e4893e318ce13905011273a982f08907262180		copy	run-evidence		
.specula-output/confirmation/MC-4/worktree/crates/sonic-common/src/panic.rs	.specula-output/confirmation/MC-4/worktree/crates/sonic-common/src/panic.rs	file	0664	1783606443088161729	1647	571290dc59a3ec765e03aa7c4bb7563d80d73747ae9cb95c697c41f667a8ca95		copy	run-evidence		
.specula-output/confirmation/MC-4/worktree/crates/sonic-dash-api-proto	.specula-output/confirmation/MC-4/worktree/crates/sonic-dash-api-proto	directory	0775	1783606443088161729				mkdir	run-directory		
.specula-output/confirmation/MC-4/worktree/crates/sonic-dash-api-proto/Cargo.toml	.specula-output/confirmation/MC-4/worktree/crates/sonic-dash-api-proto/Cargo.toml	file	0664	1783606443088161729	531	de2b47c4469d3a36868ed6e8dd3f619350358c8cc28a5f5f9d6cec405e1793e3		copy	run-evidence		
.specula-output/confirmation/MC-4/worktree/crates/sonic-dash-api-proto/build.rs	.specula-output/confirmation/MC-4/worktree/crates/sonic-dash-api-proto/build.rs	file	0664	1783606443088161729	2539	d6fbe856e6076167a0474176a3f65fb610390e45a40f3af1ebb46a874b8b3559		copy	run-evidence		
.specula-output/confirmation/MC-4/worktree/crates/sonic-dash-api-proto/sonic-dash-api	.specula-output/confirmation/MC-4/worktree/crates/sonic-dash-api-proto/sonic-dash-api	directory	0775	1783606821324258196				mkdir	run-directory		
.specula-output/confirmation/MC-4/worktree/crates/sonic-dash-api-proto/sonic-dash-api/.azure-pipelines	.specula-output/confirmation/MC-4/worktree/crates/sonic-dash-api-proto/sonic-dash-api/.azure-pipelines	directory	0775	1783606821323258178				mkdir	run-directory		
.specula-output/confirmation/MC-4/worktree/crates/sonic-dash-api-proto/sonic-dash-api/.azure-pipelines/build-template.yml	.specula-output/confirmation/MC-4/worktree/crates/sonic-dash-api-proto/sonic-dash-api/.azure-pipelines/build-template.yml	file	0664	1783606821323258178	1157	451ce6463ef8074b1f8b8e75dd9d3ea31a7615ebf167e0b0d659f7c84b1829ba		copy	run-evidence		
.specula-output/confirmation/MC-4/worktree/crates/sonic-dash-api-proto/sonic-dash-api/.git		file	0664	1783606821314258012	180	9210325f891af5f0d26115fe19b09ae7e90cfceb318f1e5260e75aeae866a8e4		exclude	non-evidence	git-metadata	
.specula-output/confirmation/MC-4/worktree/crates/sonic-dash-api-proto/sonic-dash-api/.github	.specula-output/confirmation/MC-4/worktree/crates/sonic-dash-api-proto/sonic-dash-api/.github	directory	0775	1783606821323258178				mkdir	run-directory		
.specula-output/confirmation/MC-4/worktree/crates/sonic-dash-api-proto/sonic-dash-api/.github/copilot-instructions.md	.specula-output/confirmation/MC-4/worktree/crates/sonic-dash-api-proto/sonic-dash-api/.github/copilot-instructions.md	file	0664	1783606821324258196	5543	cf53e2851093ee4279d3cb6b51122c09223fc6b06849a16ca061e7ae8154eb29		copy	run-evidence		
.specula-output/confirmation/MC-4/worktree/crates/sonic-dash-api-proto/sonic-dash-api/.gitignore	.record/source-control/.specula-output/confirmation/MC-4/worktree/crates/sonic-dash-api-proto/sonic-dash-api/gitignore.source	file	0664	1783606821324258196	152	37ae5085387aa46b903bede475c27f1c391bafc70e04f90ad326190dc6f9984a		copy	run-evidence		
.specula-output/confirmation/MC-4/worktree/crates/sonic-dash-api-proto/sonic-dash-api/Makefile	.specula-output/confirmation/MC-4/worktree/crates/sonic-dash-api-proto/sonic-dash-api/Makefile	file	0664	1783606821324258196	2867	6b7a7ee8959734154670386e7e3a8ce8da6c4bffd016c083799d1a830718f71f		copy	run-evidence		
.specula-output/confirmation/MC-4/worktree/crates/sonic-dash-api-proto/sonic-dash-api/README.md	.specula-output/confirmation/MC-4/worktree/crates/sonic-dash-api-proto/sonic-dash-api/README.md	file	0664	1783606821324258196	1462	b3fd7b0c339366692c23500294a116aea8de6e88998b8865f496c7220ba40302		copy	run-evidence		
.specula-output/confirmation/MC-4/worktree/crates/sonic-dash-api-proto/sonic-dash-api/azure-pipelines.yml	.specula-output/confirmation/MC-4/worktree/crates/sonic-dash-api-proto/sonic-dash-api/azure-pipelines.yml	file	0664	1783606821324258196	2850	6a71b850acd5b5220c310b76a649ca04c007f7ffc013791be7c7391edb648bf9		copy	run-evidence		
.specula-output/confirmation/MC-4/worktree/crates/sonic-dash-api-proto/sonic-dash-api/debian	.specula-output/confirmation/MC-4/worktree/crates/sonic-dash-api-proto/sonic-dash-api/debian	directory	0775	1783606821324258196				mkdir	run-directory		
.specula-output/confirmation/MC-4/worktree/crates/sonic-dash-api-proto/sonic-dash-api/debian/changelog	.specula-output/confirmation/MC-4/worktree/crates/sonic-dash-api-proto/sonic-dash-api/debian/changelog	file	0664	1783606821324258196	127	001c5cf3cc6c410458f8bd863f50fbbee5fcec94760be78fa2daf6e3ec985db4		copy	run-evidence		
.specula-output/confirmation/MC-4/worktree/crates/sonic-dash-api-proto/sonic-dash-api/debian/compat	.specula-output/confirmation/MC-4/worktree/crates/sonic-dash-api-proto/sonic-dash-api/debian/compat	file	0664	1783606821324258196	2	4fc82b26aecb47d2868c4efbe3581732a3e7cbcc6c2efb32062c08170a05eeb8		copy	run-evidence		
.specula-output/confirmation/MC-4/worktree/crates/sonic-dash-api-proto/sonic-dash-api/debian/control	.specula-output/confirmation/MC-4/worktree/crates/sonic-dash-api-proto/sonic-dash-api/debian/control	file	0664	1783606821324258196	362	33f4fb53634f991b8e9fee9d1bc0ebcdf95eb5a4789d435152724422743ec0ef		copy	run-evidence		
.specula-output/confirmation/MC-4/worktree/crates/sonic-dash-api-proto/sonic-dash-api/debian/rules	.specula-output/confirmation/MC-4/worktree/crates/sonic-dash-api-proto/sonic-dash-api/debian/rules	file	0775	1783606821324258196	88	885237907618e908f1fc048d94196c6baef3c1eb9398c334cd4cd382e97b9115		copy	run-evidence		
.specula-output/confirmation/MC-4/worktree/crates/sonic-dash-api-proto/sonic-dash-api/misc	.specula-output/confirmation/MC-4/worktree/crates/sonic-dash-api-proto/sonic-dash-api/misc	directory	0775	1783606821324258196				mkdir	run-directory		
.specula-output/confirmation/MC-4/worktree/crates/sonic-dash-api-proto/sonic-dash-api/misc/.gitignore	.record/source-control/.specula-output/confirmation/MC-4/worktree/crates/sonic-dash-api-proto/sonic-dash-api/misc/gitignore.source	file	0664	1783606821324258196	110	65057622390473201d1a7bfa966ca489a4f6b4c65232d115fee498d256c27617		copy	run-evidence		
.specula-output/confirmation/MC-4/worktree/crates/sonic-dash-api-proto/sonic-dash-api/misc/dash_api_utils	.specula-output/confirmation/MC-4/worktree/crates/sonic-dash-api-proto/sonic-dash-api/misc/dash_api_utils	file	0775	1783606821324258196	1673	a54b3116aa2c22f82c8fa7b0181c477b6b8e1770f547efbf6fd07d95e63856b3		copy	run-evidence		
.specula-output/confirmation/MC-4/worktree/crates/sonic-dash-api-proto/sonic-dash-api/misc/pypkg	.specula-output/confirmation/MC-4/worktree/crates/sonic-dash-api-proto/sonic-dash-api/misc/pypkg	directory	0775	1783606821324258196				mkdir	run-directory		
.specula-output/confirmation/MC-4/worktree/crates/sonic-dash-api-proto/sonic-dash-api/misc/pypkg/dash_api	.specula-output/confirmation/MC-4/worktree/crates/sonic-dash-api-proto/sonic-dash-api/misc/pypkg/dash_api	directory	0775	1783606821324258196				mkdir	run-directory		
.specula-output/confirmation/MC-4/worktree/crates/sonic-dash-api-proto/sonic-dash-api/misc/pypkg/dash_api/__init__.py	.specula-output/confirmation/MC-4/worktree/crates/sonic-dash-api-proto/sonic-dash-api/misc/pypkg/dash_api/__init__.py	file	0664	1783606821324258196	86	40c99d3fc4e0e8e6bcd60d2737a25a7ddf966ee2bd4bac2dc7364cd869023131		copy	run-evidence		
.specula-output/confirmation/MC-4/worktree/crates/sonic-dash-api-proto/sonic-dash-api/misc/tests	.specula-output/confirmation/MC-4/worktree/crates/sonic-dash-api-proto/sonic-dash-api/misc/tests	directory	0775	1783606821324258196				mkdir	run-directory		
.specula-output/confirmation/MC-4/worktree/crates/sonic-dash-api-proto/sonic-dash-api/misc/tests/main.cpp	.specula-output/confirmation/MC-4/worktree/crates/sonic-dash-api-proto/sonic-dash-api/misc/tests/main.cpp	file	0664	1783606821324258196	102	59572f84bf8df2a31f58d87051915b08cd9c32859092f1532135127155a33c24		copy	run-evidence		
.specula-output/confirmation/MC-4/worktree/crates/sonic-dash-api-proto/sonic-dash-api/misc/tests/test_utils.py	.specula-output/confirmation/MC-4/worktree/crates/sonic-dash-api-proto/sonic-dash-api/misc/tests/test_utils.py	file	0664	1783606821324258196	1955	43dc5e16b6648a9b58fc6d051de9ce7798273760f45bfe3e477d58277271326f		copy	run-evidence		
.specula-output/confirmation/MC-4/worktree/crates/sonic-dash-api-proto/sonic-dash-api/misc/tests/utils_unittest.cpp	.specula-output/confirmation/MC-4/worktree/crates/sonic-dash-api-proto/sonic-dash-api/misc/tests/utils_unittest.cpp	file	0664	1783606821324258196	5547	a959ab4ffc771de60248278a264b79d116514c9107ece82c7c23e3e991a492d0		copy	run-evidence		
.specula-output/confirmation/MC-4/worktree/crates/sonic-dash-api-proto/sonic-dash-api/misc/utils.cpp	.specula-output/confirmation/MC-4/worktree/crates/sonic-dash-api-proto/sonic-dash-api/misc/utils.cpp	file	0664	1783606821324258196	4029	7822b783cee4ecbce6085636b0ced2be68ea419c1c9e5002812e17f51d1a1121		copy	run-evidence		
.specula-output/confirmation/MC-4/worktree/crates/sonic-dash-api-proto/sonic-dash-api/misc/utils.h	.specula-output/confirmation/MC-4/worktree/crates/sonic-dash-api-proto/sonic-dash-api/misc/utils.h	file	0664	1783606821324258196	696	43ad84a08fffb2f5de7a429a0c4bc74de192251257c40fbbc5240e33881581a5		copy	run-evidence		
.specula-output/confirmation/MC-4/worktree/crates/sonic-dash-api-proto/sonic-dash-api/misc/utils.i	.specula-output/confirmation/MC-4/worktree/crates/sonic-dash-api-proto/sonic-dash-api/misc/utils.i	file	0664	1783606821324258196	124	b0ed8aea587950df30be894992ca7319f6b87d18c3d674abaaf17fa523ac15c5		copy	run-evidence		
.specula-output/confirmation/MC-4/worktree/crates/sonic-dash-api-proto/sonic-dash-api/proto	.specula-output/confirmation/MC-4/worktree/crates/sonic-dash-api-proto/sonic-dash-api/proto	directory	0775	1783606821325258215				mkdir	run-directory		
.specula-output/confirmation/MC-4/worktree/crates/sonic-dash-api-proto/sonic-dash-api/proto/acl_group.proto	.specula-output/confirmation/MC-4/worktree/crates/sonic-dash-api-proto/sonic-dash-api/proto/acl_group.proto	file	0664	1783606821324258196	224	63b83374a5dfe1eecea6532375f55378d0c80a61a343a6569bde52d5a84350bb		copy	run-evidence		
.specula-output/confirmation/MC-4/worktree/crates/sonic-dash-api-proto/sonic-dash-api/proto/acl_in.proto	.specula-output/confirmation/MC-4/worktree/crates/sonic-dash-api-proto/sonic-dash-api/proto/acl_in.proto	file	0664	1783606821324258196	310	8c4990a198ae41a7bb3b57278049936caa5f097416602aa83fe9261a24149307		copy	run-evidence		
.specula-output/confirmation/MC-4/worktree/crates/sonic-dash-api-proto/sonic-dash-api/proto/acl_out.proto	.specula-output/confirmation/MC-4/worktree/crates/sonic-dash-api-proto/sonic-dash-api/proto/acl_out.proto	file	0664	1783606821324258196	313	7fd56b7e8a7f311e24ac210b3a706d3ae218bf920e3a43cccf91bc0406ee581e		copy	run-evidence		
.specula-output/confirmation/MC-4/worktree/crates/sonic-dash-api-proto/sonic-dash-api/proto/acl_rule.proto	.specula-output/confirmation/MC-4/worktree/crates/sonic-dash-api-proto/sonic-dash-api/proto/acl_rule.proto	file	0664	1783606821324258196	1489	21efc2f5b9d3ef9278a78642d21a6ccea5352eec697dbeab920c4505bd6a47f3		copy	run-evidence		
.specula-output/confirmation/MC-4/worktree/crates/sonic-dash-api-proto/sonic-dash-api/proto/appliance.proto	.specula-output/confirmation/MC-4/worktree/crates/sonic-dash-api-proto/sonic-dash-api/proto/appliance.proto	file	0664	1783606821324258196	776	4f9bfe99d4615c32eb839cae910be8df431e5e72dc4eb2dce68ed5cb9ede8511		copy	run-evidence		
.specula-output/confirmation/MC-4/worktree/crates/sonic-dash-api-proto/sonic-dash-api/proto/eni.proto	.specula-output/confirmation/MC-4/worktree/crates/sonic-dash-api-proto/sonic-dash-api/proto/eni.proto	file	0664	1783606821324258196	1394	3cfa78f970e4c8eff5b16c8b0feca53fdfc77d43cb4cbf3f8816c0eba6971ee4		copy	run-evidence		
.specula-output/confirmation/MC-4/worktree/crates/sonic-dash-api-proto/sonic-dash-api/proto/eni_route.proto	.specula-output/confirmation/MC-4/worktree/crates/sonic-dash-api-proto/sonic-dash-api/proto/eni_route.proto	file	0664	1783606821324258196	184	1ea44c8956266a012206836e6de8a7fb3082b002c18e485fec1dca973a03f8f1		copy	run-evidence		
.specula-output/confirmation/MC-4/worktree/crates/sonic-dash-api-proto/sonic-dash-api/proto/ha_scope.proto	.specula-output/confirmation/MC-4/worktree/crates/sonic-dash-api-proto/sonic-dash-api/proto/ha_scope.proto	file	0664	1783606821324258196	749	bdb153bd85d28bc1bc165503fa808edd9f65a2c893966d313c77fded34ea5314		copy	run-evidence		
.specula-output/confirmation/MC-4/worktree/crates/sonic-dash-api-proto/sonic-dash-api/proto/ha_scope_config.proto	.specula-output/confirmation/MC-4/worktree/crates/sonic-dash-api-proto/sonic-dash-api/proto/ha_scope_config.proto	file	0664	1783606821324258196	561	a5df9f029dd4b10fb8933eab353b0612e158323be43264c3ec6124ab074d16af		copy	run-evidence		
.specula-output/confirmation/MC-4/worktree/crates/sonic-dash-api-proto/sonic-dash-api/proto/ha_scope_state.proto	.specula-output/confirmation/MC-4/worktree/crates/sonic-dash-api-proto/sonic-dash-api/proto/ha_scope_state.proto	file	0664	1783606821325258215	503	ef05bb57eb034ee8b5e0e52a0cdd78a22c6dac12b636f9ec90f99e0e4a2cfb29		copy	run-evidence		
.specula-output/confirmation/MC-4/worktree/crates/sonic-dash-api-proto/sonic-dash-api/proto/ha_set.proto	.specula-output/confirmation/MC-4/worktree/crates/sonic-dash-api-proto/sonic-dash-api/proto/ha_set.proto	file	0664	1783606821325258215	1482	68a55831f4939a0e731fac047888f285fd3ce5a56b92c4bdeab5ba3940fbe427		copy	run-evidence		
.specula-output/confirmation/MC-4/worktree/crates/sonic-dash-api-proto/sonic-dash-api/proto/ha_set_config.proto	.specula-output/confirmation/MC-4/worktree/crates/sonic-dash-api-proto/sonic-dash-api/proto/ha_set_config.proto	file	0664	1783606821325258215	437	3aac48716f7e82c5ed231ec04cc1e965ab47aecd5785ea9d7bec5cdd3b93d1ea		copy	run-evidence		
.specula-output/confirmation/MC-4/worktree/crates/sonic-dash-api-proto/sonic-dash-api/proto/ha_set_state.proto	.specula-output/confirmation/MC-4/worktree/crates/sonic-dash-api-proto/sonic-dash-api/proto/ha_set_state.proto	file	0664	1783606821325258215	295	eba05677140806197c24833e25e714b7da2b9613ce4d0e7077fbcce1f7ee1795		copy	run-evidence		
.specula-output/confirmation/MC-4/worktree/crates/sonic-dash-api-proto/sonic-dash-api/proto/meter.proto	.specula-output/confirmation/MC-4/worktree/crates/sonic-dash-api-proto/sonic-dash-api/proto/meter.proto	file	0664	1783606821325258215	376	959afb32392b5cc7c5ca48ee5fefc194dc93026603d5a96c389069df48d420a0		copy	run-evidence		
.specula-output/confirmation/MC-4/worktree/crates/sonic-dash-api-proto/sonic-dash-api/proto/meter_policy.proto	.specula-output/confirmation/MC-4/worktree/crates/sonic-dash-api-proto/sonic-dash-api/proto/meter_policy.proto	file	0664	1783606821325258215	221	3b355b5224b709b5135a139285f9223904396d68493b2331ebcc5d82afd0d08c		copy	run-evidence		
.specula-output/confirmation/MC-4/worktree/crates/sonic-dash-api-proto/sonic-dash-api/proto/meter_rule.proto	.specula-output/confirmation/MC-4/worktree/crates/sonic-dash-api-proto/sonic-dash-api/proto/meter_rule.proto	file	0664	1783606821325258215	360	2406e7d2a2f89645c15cbb354794ce010a6268a08338c4a44862f69193b9a6d3		copy	run-evidence		
.specula-output/confirmation/MC-4/worktree/crates/sonic-dash-api-proto/sonic-dash-api/proto/outbound_port_map.proto	.specula-output/confirmation/MC-4/worktree/crates/sonic-dash-api-proto/sonic-dash-api/proto/outbound_port_map.proto	file	0664	1783606821325258215	282	455b111663b169e0a8d5283720a248cdd3d925e2a953d48b870f722795e30dc2		copy	run-evidence		
.specula-output/confirmation/MC-4/worktree/crates/sonic-dash-api-proto/sonic-dash-api/proto/outbound_port_map_range.proto	.specula-output/confirmation/MC-4/worktree/crates/sonic-dash-api-proto/sonic-dash-api/proto/outbound_port_map_range.proto	file	0664	1783606821325258215	417	7e2b5a74d75ecf9545ffd929cd5c05206138d43dee6cced0854c7843e6395466		copy	run-evidence		
.specula-output/confirmation/MC-4/worktree/crates/sonic-dash-api-proto/sonic-dash-api/proto/pa_validation.proto	.specula-output/confirmation/MC-4/worktree/crates/sonic-dash-api-proto/sonic-dash-api/proto/pa_validation.proto	file	0664	1783606821325258215	188	d2b4f3b5b1298d1c41a979e6493a89a185aab032cfc1c4e27780fb87af6c16c7		copy	run-evidence		
.specula-output/confirmation/MC-4/worktree/crates/sonic-dash-api-proto/sonic-dash-api/proto/prefix_tag.proto	.specula-output/confirmation/MC-4/worktree/crates/sonic-dash-api-proto/sonic-dash-api/proto/prefix_tag.proto	file	0664	1783606821325258215	332	bc238882b1e392be4c9eb7210db871e1eea2d04a59bb16fff58ef06bc82da12d		copy	run-evidence		
.specula-output/confirmation/MC-4/worktree/crates/sonic-dash-api-proto/sonic-dash-api/proto/qos.proto	.specula-output/confirmation/MC-4/worktree/crates/sonic-dash-api-proto/sonic-dash-api/proto/qos.proto	file	0664	1783606821325258215	271	6c1756762416029cb9a3757f0ff18ae014bf789c493aae39966872aeb802e61f		copy	run-evidence		
.specula-output/confirmation/MC-4/worktree/crates/sonic-dash-api-proto/sonic-dash-api/proto/route.proto	.specula-output/confirmation/MC-4/worktree/crates/sonic-dash-api-proto/sonic-dash-api/proto/route.proto	file	0664	1783606821325258215	2665	9e4b7b6d0d807f50912dfaadfd7e6f2914090f406f0b75fe9167d3d452678ffa		copy	run-evidence		
.specula-output/confirmation/MC-4/worktree/crates/sonic-dash-api-proto/sonic-dash-api/proto/route_group.proto	.specula-output/confirmation/MC-4/worktree/crates/sonic-dash-api-proto/sonic-dash-api/proto/route_group.proto	file	0664	1783606821325258215	176	9a1a5264ce8aae5d33c896ca679f16405dbb2dbd853268d718ab931566a0c2d2		copy	run-evidence		
.specula-output/confirmation/MC-4/worktree/crates/sonic-dash-api-proto/sonic-dash-api/proto/route_rule.proto	.specula-output/confirmation/MC-4/worktree/crates/sonic-dash-api-proto/sonic-dash-api/proto/route_rule.proto	file	0664	1783606821325258215	1655	3648f004ce9b7da92a2f6f2366189b704e6aa9e74794a85182a7aa9bdfa8b7ae		copy	run-evidence		
.specula-output/confirmation/MC-4/worktree/crates/sonic-dash-api-proto/sonic-dash-api/proto/route_type.proto	.specula-output/confirmation/MC-4/worktree/crates/sonic-dash-api-proto/sonic-dash-api/proto/route_type.proto	file	0664	1783606821325258215	1450	e6361b492f3491f9480a11ac304c757d95ac87f2cd364e9dae11f6187c54c5f4		copy	run-evidence		
.specula-output/confirmation/MC-4/worktree/crates/sonic-dash-api-proto/sonic-dash-api/proto/routing_appliance.proto	.specula-output/confirmation/MC-4/worktree/crates/sonic-dash-api-proto/sonic-dash-api/proto/routing_appliance.proto	file	0664	1783606821325258215	357	6de8b36bdc0258d746b1edcf1d35fb9b80f9fb484591b9d2df0a44bef3ef3113		copy	run-evidence		
.specula-output/confirmation/MC-4/worktree/crates/sonic-dash-api-proto/sonic-dash-api/proto/tunnel.proto	.specula-output/confirmation/MC-4/worktree/crates/sonic-dash-api-proto/sonic-dash-api/proto/tunnel.proto	file	0664	1783606821325258215	374	49a8b27dfcd4656991293f1f2676e8a06488388030758b266f67fbe2430c067c		copy	run-evidence		
.specula-output/confirmation/MC-4/worktree/crates/sonic-dash-api-proto/sonic-dash-api/proto/types.proto	.specula-output/confirmation/MC-4/worktree/crates/sonic-dash-api-proto/sonic-dash-api/proto/types.proto	file	0664	1783606821325258215	1593	0b1644d63d353923f33aa4e561f7181119db49715e0f745063cbe3a81f2c73a9		copy	run-evidence		
.specula-output/confirmation/MC-4/worktree/crates/sonic-dash-api-proto/sonic-dash-api/proto/vnet.proto	.specula-output/confirmation/MC-4/worktree/crates/sonic-dash-api-proto/sonic-dash-api/proto/vnet.proto	file	0664	1783606821325258215	310	8c437362618f389009463e3f94e2aa906a6b4746eff2c83752e12fbe03a8b888		copy	run-evidence		
.specula-output/confirmation/MC-4/worktree/crates/sonic-dash-api-proto/sonic-dash-api/proto/vnet_mapping.proto	.specula-output/confirmation/MC-4/worktree/crates/sonic-dash-api-proto/sonic-dash-api/proto/vnet_mapping.proto	file	0664	1783606821325258215	1826	19c8e9f32da372cccccefddcf402053260cdf106f499fee52ce6c1cbf8c4b414		copy	run-evidence		
.specula-output/confirmation/MC-4/worktree/crates/sonic-dash-api-proto/src	.specula-output/confirmation/MC-4/worktree/crates/sonic-dash-api-proto/src	directory	0775	1783606443088161729				mkdir	run-directory		
.specula-output/confirmation/MC-4/worktree/crates/sonic-dash-api-proto/src/lib.rs	.specula-output/confirmation/MC-4/worktree/crates/sonic-dash-api-proto/src/lib.rs	file	0664	1783606443088161729	1081	0d114c68775aea25eb21fb1224fe0d8e6b4ca6ba3e30aa8da93bc68723aafee1		copy	run-evidence		
.specula-output/confirmation/MC-4/worktree/crates/sonicdb-derive	.specula-output/confirmation/MC-4/worktree/crates/sonicdb-derive	directory	0775	1783606443088161729				mkdir	run-directory		
.specula-output/confirmation/MC-4/worktree/crates/sonicdb-derive/Cargo.toml	.specula-output/confirmation/MC-4/worktree/crates/sonicdb-derive/Cargo.toml	file	0664	1783606443088161729	494	4d3a5a55449607e6295ee3aa7bb48e01385e36cd8576dcadbc0c67a0fe172cb5		copy	run-evidence		
.specula-output/confirmation/MC-4/worktree/crates/sonicdb-derive/src	.specula-output/confirmation/MC-4/worktree/crates/sonicdb-derive/src	directory	0775	1783606443088161729				mkdir	run-directory		
.specula-output/confirmation/MC-4/worktree/crates/sonicdb-derive/src/lib.rs	.specula-output/confirmation/MC-4/worktree/crates/sonicdb-derive/src/lib.rs	file	0664	1783606443088161729	4957	dee27e85348f8d6cb4170a574bcf4c34b225a39835eb1514be7877991ec6371f		copy	run-evidence		
.specula-output/confirmation/MC-4/worktree/crates/sonicdb-derive/tests	.specula-output/confirmation/MC-4/worktree/crates/sonicdb-derive/tests	directory	0775	1783606443088161729				mkdir	run-directory		
.specula-output/confirmation/MC-4/worktree/crates/sonicdb-derive/tests/basic.rs	.specula-output/confirmation/MC-4/worktree/crates/sonicdb-derive/tests/basic.rs	file	0664	1783606443088161729	671	52a3abd00d6c4d09c02a71f4139cb03e9bc7e28a662585d4c9aa8aada3b9d5d8		copy	run-evidence		
.specula-output/confirmation/MC-4/worktree/crates/swbus-actor	.specula-output/confirmation/MC-4/worktree/crates/swbus-actor	directory	0775	1783606443089161748				mkdir	run-directory		
.specula-output/confirmation/MC-4/worktree/crates/swbus-actor/Cargo.toml	.specula-output/confirmation/MC-4/worktree/crates/swbus-actor/Cargo.toml	file	0664	1783606443088161729	593	b8458594718c1fa7595aef160e807f12f27e7ac6e74278ba69392b07ff91788a		copy	run-evidence		
.specula-output/confirmation/MC-4/worktree/crates/swbus-actor/src	.specula-output/confirmation/MC-4/worktree/crates/swbus-actor/src	directory	0775	1783606443089161748				mkdir	run-directory		
.specula-output/confirmation/MC-4/worktree/crates/swbus-actor/src/actor_message.rs	.specula-output/confirmation/MC-4/worktree/crates/swbus-actor/src/actor_message.rs	file	0664	1783606443089161748	2229	cbd2ebfca0cd4f31394fd0185324f59e05860a98bda9881b4bbe644166c34bab		copy	run-evidence		
.specula-output/confirmation/MC-4/worktree/crates/swbus-actor/src/driver.rs	.specula-output/confirmation/MC-4/worktree/crates/swbus-actor/src/driver.rs	file	0664	1783606443089161748	8587	2e450baed13e6d2657bb7e0026c14eace1cebf386a246030449fea0b57f2274d		copy	run-evidence		
.specula-output/confirmation/MC-4/worktree/crates/swbus-actor/src/lib.rs	.specula-output/confirmation/MC-4/worktree/crates/swbus-actor/src/lib.rs	file	0664	1783606443089161748	1668	fda76d091927d51c44ff868e5af2c415141244d27590d53059b2cc8481a96270		copy	run-evidence		
.specula-output/confirmation/MC-4/worktree/crates/swbus-actor/src/runtime.rs	.specula-output/confirmation/MC-4/worktree/crates/swbus-actor/src/runtime.rs	file	0664	1783606443089161748	2495	5ca245698919de5f5c8729b962670044e01a63c4e6df27219d41b45fa9082000		copy	run-evidence		
.specula-output/confirmation/MC-4/worktree/crates/swbus-actor/src/state	.specula-output/confirmation/MC-4/worktree/crates/swbus-actor/src/state	directory	0775	1783606443089161748				mkdir	run-directory		
.specula-output/confirmation/MC-4/worktree/crates/swbus-actor/src/state.rs	.specula-output/confirmation/MC-4/worktree/crates/swbus-actor/src/state.rs	file	0664	1783606443089161748	2561	5f002cee0f0a7c630a2ed009eefde818735b8ece52f308b48a88ce949a54192b		copy	run-evidence		
.specula-output/confirmation/MC-4/worktree/crates/swbus-actor/src/state/incoming.rs	.specula-output/confirmation/MC-4/worktree/crates/swbus-actor/src/state/incoming.rs	file	0664	1783606443089161748	8239	58649721fc05693638596fc0eb939000e023166dad4ab9a6acbb464e20ded43c		copy	run-evidence		
.specula-output/confirmation/MC-4/worktree/crates/swbus-actor/src/state/internal.rs	.specula-output/confirmation/MC-4/worktree/crates/swbus-actor/src/state/internal.rs	file	0664	1783606443089161748	4947	df2a3d82f3e88e8bf02c94f9ed242cd0aa05910506a180bf7bf3e2caf74e4b24		copy	run-evidence		
.specula-output/confirmation/MC-4/worktree/crates/swbus-actor/src/state/outgoing.rs	.specula-output/confirmation/MC-4/worktree/crates/swbus-actor/src/state/outgoing.rs	file	0664	1783606443089161748	9087	9072a2340f004f04620459e715991ef61990f269e1fe4f770fa76e1f519bce29		copy	run-evidence		
.specula-output/confirmation/MC-4/worktree/crates/swbus-actor/tests	.specula-output/confirmation/MC-4/worktree/crates/swbus-actor/tests	directory	0775	1783606443089161748				mkdir	run-directory		
.specula-output/confirmation/MC-4/worktree/crates/swbus-actor/tests/count_to_1000.json	.specula-output/confirmation/MC-4/worktree/crates/swbus-actor/tests/count_to_1000.json	file	0664	1783606443089161748	462	a526d7f7fd63dee8e6a28441d4ccdb5051bad804c5abf6973d795f186ae9f90c		copy	run-evidence		
.specula-output/confirmation/MC-4/worktree/crates/swbus-actor/tests/count_to_1000_internal_table.json	.specula-output/confirmation/MC-4/worktree/crates/swbus-actor/tests/count_to_1000_internal_table.json	file	0664	1783606443089161748	777	3360024920871c2ccc8b41b6d66ff877c2191c30b65b1ff88761c7859ab5702f		copy	run-evidence		
.specula-output/confirmation/MC-4/worktree/crates/swbus-actor/tests/echo.json	.specula-output/confirmation/MC-4/worktree/crates/swbus-actor/tests/echo.json	file	0664	1783606443089161748	816	3932f2c4900222c50157d25ae9e2f857486542ca7a1fc35faf59906b81c70bb0		copy	run-evidence		
.specula-output/confirmation/MC-4/worktree/crates/swbus-actor/tests/echo.rs	.specula-output/confirmation/MC-4/worktree/crates/swbus-actor/tests/echo.rs	file	0664	1783606443089161748	3189	b0efe97d0aba9e36c6ecd1c07ef9cc62a1564e0ad0bcd354b8243be91e498174		copy	run-evidence		
.specula-output/confirmation/MC-4/worktree/crates/swbus-actor/tests/kvstore.rs	.specula-output/confirmation/MC-4/worktree/crates/swbus-actor/tests/kvstore.rs	file	0664	1783606443089161748	14209	222d6b28b6d6349592f9d666ebcab19d82969ecdbd8871efb0fd7a4c30a7c392		copy	run-evidence		
.specula-output/confirmation/MC-4/worktree/crates/swbus-actor/tests/test_executor.rs	.specula-output/confirmation/MC-4/worktree/crates/swbus-actor/tests/test_executor.rs	file	0664	1783606443089161748	7562	50043e5deff8832b7d1543a1efd479828590b86a3a6f01311ce7b7e0adf888ec		copy	run-evidence		
.specula-output/confirmation/MC-4/worktree/crates/swbus-cli	.specula-output/confirmation/MC-4/worktree/crates/swbus-cli	directory	0775	1783606443089161748				mkdir	run-directory		
.specula-output/confirmation/MC-4/worktree/crates/swbus-cli/Cargo.toml	.specula-output/confirmation/MC-4/worktree/crates/swbus-cli/Cargo.toml	file	0664	1783606443089161748	1071	65cdad879d4bb96ee5bb725314c9ce6e3e55cf76cf87983210a54bfd7e8cc97d		copy	run-evidence		
.specula-output/confirmation/MC-4/worktree/crates/swbus-cli/README.md	.specula-output/confirmation/MC-4/worktree/crates/swbus-cli/README.md	file	0664	1783606443089161748	38259	e107629ff39c946eb879f1767836944d45d8c268c4fbb092d0b488558f6d537c		copy	run-evidence		
.specula-output/confirmation/MC-4/worktree/crates/swbus-cli/src	.specula-output/confirmation/MC-4/worktree/crates/swbus-cli/src	directory	0775	1783606443090161767				mkdir	run-directory		
.specula-output/confirmation/MC-4/worktree/crates/swbus-cli/src/main.rs	.specula-output/confirmation/MC-4/worktree/crates/swbus-cli/src/main.rs	file	0664	1783606443089161748	9069	9d07ab9ea427e8658c53ee5eaa4f6099d2eaf8ff22d2074da8dac0dd591f9e94		copy	run-evidence		
.specula-output/confirmation/MC-4/worktree/crates/swbus-cli/src/ping.rs	.specula-output/confirmation/MC-4/worktree/crates/swbus-cli/src/ping.rs	file	0664	1783606443090161767	3482	302b9f0b87b6637a1f3f04b9564db8bdcdb38f7c393d2487cb49ce4501ecf39f		copy	run-evidence		
.specula-output/confirmation/MC-4/worktree/crates/swbus-cli/src/show	.specula-output/confirmation/MC-4/worktree/crates/swbus-cli/src/show	directory	0775	1783606443090161767				mkdir	run-directory		
.specula-output/confirmation/MC-4/worktree/crates/swbus-cli/src/show/hamgrd	.specula-output/confirmation/MC-4/worktree/crates/swbus-cli/src/show/hamgrd	directory	0775	1783606443090161767				mkdir	run-directory		
.specula-output/confirmation/MC-4/worktree/crates/swbus-cli/src/show/hamgrd/actor.rs	.specula-output/confirmation/MC-4/worktree/crates/swbus-cli/src/show/hamgrd/actor.rs	file	0664	1783606443090161767	12765	47bab784e11ec8e3ee6702bd30ae517196da980168dd6745a610a1d0b3d35b03		copy	run-evidence		
.specula-output/confirmation/MC-4/worktree/crates/swbus-cli/src/show/hamgrd/mod.rs	.specula-output/confirmation/MC-4/worktree/crates/swbus-cli/src/show/hamgrd/mod.rs	file	0664	1783606443090161767	742	c6a56e88d069056b1c90cbdc05a6157dc192c99abcb24f0468b5f71513c2e937		copy	run-evidence		
.specula-output/confirmation/MC-4/worktree/crates/swbus-cli/src/show/mod.rs	.specula-output/confirmation/MC-4/worktree/crates/swbus-cli/src/show/mod.rs	file	0664	1783606443090161767	2339	4d797f0f441551b13c7551691376bf4401e0af84c573d3c1f04e684312d43993		copy	run-evidence		
.specula-output/confirmation/MC-4/worktree/crates/swbus-cli/src/show/swbusd	.specula-output/confirmation/MC-4/worktree/crates/swbus-cli/src/show/swbusd	directory	0775	1783606443090161767				mkdir	run-directory		
.specula-output/confirmation/MC-4/worktree/crates/swbus-cli/src/show/swbusd/mod.rs	.specula-output/confirmation/MC-4/worktree/crates/swbus-cli/src/show/swbusd/mod.rs	file	0664	1783606443090161767	743	61e790a87bcee322326c7d5bfc851b9af3328948d282958532921e2330826a4e		copy	run-evidence		
.specula-output/confirmation/MC-4/worktree/crates/swbus-cli/src/show/swbusd/route.rs	.specula-output/confirmation/MC-4/worktree/crates/swbus-cli/src/show/swbusd/route.rs	file	0664	1783606443090161767	2332	449e8c04a13912bdd698fd85fe3e5b69f5effc45720b64f60a3781a72a9de561		copy	run-evidence		
.specula-output/confirmation/MC-4/worktree/crates/swbus-cli/src/trace_route.rs	.specula-output/confirmation/MC-4/worktree/crates/swbus-cli/src/trace_route.rs	file	0664	1783606443090161767	3667	e77d34f013f78ffb80acc8c1d55c1869100580a284fcf3f0775817c1f2ad665b		copy	run-evidence		
.specula-output/confirmation/MC-4/worktree/crates/swbus-config	.specula-output/confirmation/MC-4/worktree/crates/swbus-config	directory	0775	1783606443090161767				mkdir	run-directory		
.specula-output/confirmation/MC-4/worktree/crates/swbus-config/Cargo.toml	.specula-output/confirmation/MC-4/worktree/crates/swbus-config/Cargo.toml	file	0664	1783606443090161767	559	79bc8140e9eb0d7f02e8bdece38cffe8281b75bf50dce639777b047622da7fc3		copy	run-evidence		
.specula-output/confirmation/MC-4/worktree/crates/swbus-config/src	.specula-output/confirmation/MC-4/worktree/crates/swbus-config/src	directory	0775	1783606443090161767				mkdir	run-directory		
.specula-output/confirmation/MC-4/worktree/crates/swbus-config/src/lib.rs	.specula-output/confirmation/MC-4/worktree/crates/swbus-config/src/lib.rs	file	0664	1783606443090161767	18793	ffcadaeb1bd7d0ed3392c7eb60ac3534f6830a2da95054c6748b9636cffc3ca0		copy	run-evidence		
.specula-output/confirmation/MC-4/worktree/crates/swbus-core	.specula-output/confirmation/MC-4/worktree/crates/swbus-core	directory	0775	1783606443091161785				mkdir	run-directory		
.specula-output/confirmation/MC-4/worktree/crates/swbus-core/Cargo.toml	.specula-output/confirmation/MC-4/worktree/crates/swbus-core/Cargo.toml	file	0664	1783606443090161767	1330	c79318a8db3b49666b6d556318936e57d7c839fbe7df192f02b7a5dc350fa039		copy	run-evidence		
.specula-output/confirmation/MC-4/worktree/crates/swbus-core/README.md	.specula-output/confirmation/MC-4/worktree/crates/swbus-core/README.md	file	0664	1783606443090161767	1416	7b6e4f07bf7073b3731ba25b30d7f13c27e0977d666b95c579669bd16d5a3042		copy	run-evidence		
.specula-output/confirmation/MC-4/worktree/crates/swbus-core/src	.specula-output/confirmation/MC-4/worktree/crates/swbus-core/src	directory	0775	1783606443090161767				mkdir	run-directory		
.specula-output/confirmation/MC-4/worktree/crates/swbus-core/src/lib.rs	.specula-output/confirmation/MC-4/worktree/crates/swbus-core/src/lib.rs	file	0664	1783606443090161767	13	f2c4a3f2982159d12c01660774a358d089842e360f791542e27b0a63f40fe44e		copy	run-evidence		
.specula-output/confirmation/MC-4/worktree/crates/swbus-core/src/mux	.specula-output/confirmation/MC-4/worktree/crates/swbus-core/src/mux	directory	0775	1783606443091161785				mkdir	run-directory		
.specula-output/confirmation/MC-4/worktree/crates/swbus-core/src/mux/conn.rs	.specula-output/confirmation/MC-4/worktree/crates/swbus-core/src/mux/conn.rs	file	0664	1783606443090161767	9440	f6752c32a029b6ee3d0c12249185a5024fd75ceb01b03afe883bd7ed1cee94ca		copy	run-evidence		
.specula-output/confirmation/MC-4/worktree/crates/swbus-core/src/mux/conn_info.rs	.specula-output/confirmation/MC-4/worktree/crates/swbus-core/src/mux/conn_info.rs	file	0664	1783606443090161767	3011	9b85b1e1c6f83c8a42380a9b155fa5a65df70c494d4a0de40b1d5d63fdbdbcfb		copy	run-evidence		
.specula-output/confirmation/MC-4/worktree/crates/swbus-core/src/mux/conn_proxy.rs	.specula-output/confirmation/MC-4/worktree/crates/swbus-core/src/mux/conn_proxy.rs	file	0664	1783606443090161767	2046	de7d3fb1c2df94f54e7270123e579094b8e12b8edb2b53a1a687bd3269ffa448		copy	run-evidence		
.specula-output/confirmation/MC-4/worktree/crates/swbus-core/src/mux/conn_store.rs	.specula-output/confirmation/MC-4/worktree/crates/swbus-core/src/mux/conn_store.rs	file	0664	1783606443090161767	6605	41d21e16d938f2d48b8493cc3df468583cfdfb097c172fceef5864d04203e817		copy	run-evidence		
.specula-output/confirmation/MC-4/worktree/crates/swbus-core/src/mux/conn_worker.rs	.specula-output/confirmation/MC-4/worktree/crates/swbus-core/src/mux/conn_worker.rs	file	0664	1783606443091161785	15099	3b158bb968c38d16f5a57be40607fa9b09c8cd57aac8d96002785a6c08be15e4		copy	run-evidence		
.specula-output/confirmation/MC-4/worktree/crates/swbus-core/src/mux/message_handler.rs	.specula-output/confirmation/MC-4/worktree/crates/swbus-core/src/mux/message_handler.rs	file	0664	1783606443091161785	158	f930df5f26de8d7cd9345640421dfd9e03c43edc27c0d3a3f57df4f9ace00abc		copy	run-evidence		
.specula-output/confirmation/MC-4/worktree/crates/swbus-core/src/mux/mod.rs	.specula-output/confirmation/MC-4/worktree/crates/swbus-core/src/mux/mod.rs	file	0664	1783606443091161785	346	bb79fa8dc0dccb7f34c2f0590cc2c293b7807a71ee917c99b415c024d6e67283		copy	run-evidence		
.specula-output/confirmation/MC-4/worktree/crates/swbus-core/src/mux/multiplexer.rs	.specula-output/confirmation/MC-4/worktree/crates/swbus-core/src/mux/multiplexer.rs	file	0664	1783606443091161785	67052	28a50fe1740d4c3f29bcc998f10c95282f00d232845dc19b9a48726207342b76		copy	run-evidence		
.specula-output/confirmation/MC-4/worktree/crates/swbus-core/src/mux/nexthop.rs	.specula-output/confirmation/MC-4/worktree/crates/swbus-core/src/mux/nexthop.rs	file	0664	1783606443091161785	12982	bcbcedb9b9789ecacc1bfd288d23b6c92dda0d75b67053dac94917a335e503dd		copy	run-evidence		
.specula-output/confirmation/MC-4/worktree/crates/swbus-core/src/mux/route_annoucer.rs	.specula-output/confirmation/MC-4/worktree/crates/swbus-core/src/mux/route_annoucer.rs	file	0664	1783606443091161785	8957	d78c3f66cae469d8c2447ef379cdcb3c4e762aba27ebb47194bfcc4803260e3d		copy	run-evidence		
.specula-output/confirmation/MC-4/worktree/crates/swbus-core/src/mux/service.rs	.specula-output/confirmation/MC-4/worktree/crates/swbus-core/src/mux/service.rs	file	0664	1783606443091161785	6880	bff225afcbbf76309e00b3e7802f951d538dd14c73332ef1831f9edd75b88923		copy	run-evidence		
.specula-output/confirmation/MC-4/worktree/crates/swbus-core/tests	.specula-output/confirmation/MC-4/worktree/crates/swbus-core/tests	directory	0775	1783606443092161804				mkdir	run-directory		
.specula-output/confirmation/MC-4/worktree/crates/swbus-core/tests/README.md	.specula-output/confirmation/MC-4/worktree/crates/swbus-core/tests/README.md	file	0664	1783606443091161785	4503	e2741cb85a00b0bc3d26d64aa03266506a734ac0c05f9e9ce047e2c04d4f0203		copy	run-evidence		
.specula-output/confirmation/MC-4/worktree/crates/swbus-core/tests/basic_tests.rs	.specula-output/confirmation/MC-4/worktree/crates/swbus-core/tests/basic_tests.rs	file	0664	1783606443091161785	1282	7ae57d1b5ee64a505e5fb02426585f4569dfc5b609583462372c83eb993a3199		copy	run-evidence		
.specula-output/confirmation/MC-4/worktree/crates/swbus-core/tests/common	.specula-output/confirmation/MC-4/worktree/crates/swbus-core/tests/common	directory	0775	1783606443091161785				mkdir	run-directory		
.specula-output/confirmation/MC-4/worktree/crates/swbus-core/tests/common/mod.rs	.specula-output/confirmation/MC-4/worktree/crates/swbus-core/tests/common/mod.rs	file	0664	1783606443091161785	23	4bffae5c73b3fb27a869ffb553a542afe718b36f6ca9c879789a7d562ef2aa38		copy	run-evidence		
.specula-output/confirmation/MC-4/worktree/crates/swbus-core/tests/common/test_executor.rs	.specula-output/confirmation/MC-4/worktree/crates/swbus-core/tests/common/test_executor.rs	file	0664	1783606443091161785	9518	f5d2563cc8f5bc5b906d9d550ad88b43545279fe31de0eb0c62dc651d19f020d		copy	run-evidence		
.specula-output/confirmation/MC-4/worktree/crates/swbus-core/tests/data	.specula-output/confirmation/MC-4/worktree/crates/swbus-core/tests/data	directory	0775	1783606443092161804				mkdir	run-directory		
.specula-output/confirmation/MC-4/worktree/crates/swbus-core/tests/data/b2b	.specula-output/confirmation/MC-4/worktree/crates/swbus-core/tests/data/b2b	directory	0775	1783606443092161804				mkdir	run-directory		
.specula-output/confirmation/MC-4/worktree/crates/swbus-core/tests/data/b2b/test_ping.json	.specula-output/confirmation/MC-4/worktree/crates/swbus-core/tests/data/b2b/test_ping.json	file	0664	1783606443091161785	3861	121c48e72ddada29549444f3f369b880c786a3b8bcc3be90829993c839e20334		copy	run-evidence		
.specula-output/confirmation/MC-4/worktree/crates/swbus-core/tests/data/b2b/test_show_route.json	.specula-output/confirmation/MC-4/worktree/crates/swbus-core/tests/data/b2b/test_show_route.json	file	0664	1783606443092161804	2406	4d770ea007370b04d62c7e9abad7547cef35af72de4973e8ceffbfe7d2efb48c		copy	run-evidence		
.specula-output/confirmation/MC-4/worktree/crates/swbus-core/tests/data/b2b/test_trace_route.json	.specula-output/confirmation/MC-4/worktree/crates/swbus-core/tests/data/b2b/test_trace_route.json	file	0664	1783606443092161804	3825	d66b6a38c8d290e3220a3a59b8928fa460126b411607c6a6367f4b37406b132a		copy	run-evidence		
.specula-output/confirmation/MC-4/worktree/crates/swbus-core/tests/data/b2b/topo.json	.specula-output/confirmation/MC-4/worktree/crates/swbus-core/tests/data/b2b/topo.json	file	0664	1783606443092161804	1129	7f245989e5059b18fabf7b5a16c7d775bf74792684f6550799515fd7d5a36dee		copy	run-evidence		
.specula-output/confirmation/MC-4/worktree/crates/swbus-core/tests/data/inter-cluster	.specula-output/confirmation/MC-4/worktree/crates/swbus-core/tests/data/inter-cluster	directory	0775	1783606443092161804				mkdir	run-directory		
.specula-output/confirmation/MC-4/worktree/crates/swbus-core/tests/data/inter-cluster/test_ping.json	.specula-output/confirmation/MC-4/worktree/crates/swbus-core/tests/data/inter-cluster/test_ping.json	file	0664	1783606443092161804	1240	384b680d1ab080bf5676feb07454d59fe9c231f6b999d94e817de1a8b8fcaa30		copy	run-evidence		
.specula-output/confirmation/MC-4/worktree/crates/swbus-core/tests/data/inter-cluster/test_show_route.json	.specula-output/confirmation/MC-4/worktree/crates/swbus-core/tests/data/inter-cluster/test_show_route.json	file	0664	1783606443092161804	3159	d720404da221821256a32fbfd0c1e7fe7c80d5ddb11a01f1d10eac2e94789c30		copy	run-evidence		
.specula-output/confirmation/MC-4/worktree/crates/swbus-core/tests/data/inter-cluster/topo.json	.specula-output/confirmation/MC-4/worktree/crates/swbus-core/tests/data/inter-cluster/topo.json	file	0664	1783606443092161804	2628	10ccb3a884b12e8cb8cc38a5800e6109f4d0c5adefd6c106a3982942c4117fe4		copy	run-evidence		
.specula-output/confirmation/MC-4/worktree/crates/swbus-core/tests/inter_cluster_tests.rs	.specula-output/confirmation/MC-4/worktree/crates/swbus-core/tests/inter_cluster_tests.rs	file	0664	1783606443092161804	972	c475273e93281d918b0e00f56b58b8a7b710a48bdffe43e2aa217043f5a6accc		copy	run-evidence		
.specula-output/confirmation/MC-4/worktree/crates/swbus-edge	.specula-output/confirmation/MC-4/worktree/crates/swbus-edge	directory	0775	1783606443092161804				mkdir	run-directory		
.specula-output/confirmation/MC-4/worktree/crates/swbus-edge/Cargo.toml	.specula-output/confirmation/MC-4/worktree/crates/swbus-edge/Cargo.toml	file	0664	1783606443092161804	752	6eabac2ce4f046ba26b173216304859075b31429651a1d9acaea0ed63e2ce59f		copy	run-evidence		
.specula-output/confirmation/MC-4/worktree/crates/swbus-edge/src	.specula-output/confirmation/MC-4/worktree/crates/swbus-edge/src	directory	0775	1783606443092161804				mkdir	run-directory		
.specula-output/confirmation/MC-4/worktree/crates/swbus-edge/src/core_client.rs	.specula-output/confirmation/MC-4/worktree/crates/swbus-edge/src/core_client.rs	file	0664	1783606443092161804	7284	4c51402847f363a0e62ccc7c2861d95546c89f07a7e396751b2dee6de3f7f4a4		copy	run-evidence		
.specula-output/confirmation/MC-4/worktree/crates/swbus-edge/src/edge_runtime.rs	.specula-output/confirmation/MC-4/worktree/crates/swbus-edge/src/edge_runtime.rs	file	0664	1783606443092161804	10890	7d5d3a0ba3fdd67421da20c188922d30f01943b30a86215f17d0872251244913		copy	run-evidence		
.specula-output/confirmation/MC-4/worktree/crates/swbus-edge/src/lib.rs	.specula-output/confirmation/MC-4/worktree/crates/swbus-edge/src/lib.rs	file	0664	1783606443092161804	576	faa5c95b88dd1e34c954c7b8f1c0b07bca26b7a3d3bde04cfe632e4751790235		copy	run-evidence		
.specula-output/confirmation/MC-4/worktree/crates/swbus-edge/src/message_handler_proxy.rs	.specula-output/confirmation/MC-4/worktree/crates/swbus-edge/src/message_handler_proxy.rs	file	0664	1783606443092161804	749	cfc59cbcbc8d0d7c834282aa40a9f0831cdf01ff2af7c5cf48ad59e29fb390f3		copy	run-evidence		
.specula-output/confirmation/MC-4/worktree/crates/swbus-edge/src/message_router	.specula-output/confirmation/MC-4/worktree/crates/swbus-edge/src/message_router	directory	0775	1783606443092161804				mkdir	run-directory		
.specula-output/confirmation/MC-4/worktree/crates/swbus-edge/src/message_router.rs	.specula-output/confirmation/MC-4/worktree/crates/swbus-edge/src/message_router.rs	file	0664	1783606443092161804	4376	75ccbe703a6d3a085d1d201d25ed68166cbfffe81253171fc5238ca35dfa3678		copy	run-evidence		
.specula-output/confirmation/MC-4/worktree/crates/swbus-edge/src/message_router/route_map.rs	.specula-output/confirmation/MC-4/worktree/crates/swbus-edge/src/message_router/route_map.rs	file	0664	1783606443092161804	1159	3fa445253853cba9c638369165ade9035f4a2c5d468c2cf349e7acd46b9722fc		copy	run-evidence		
.specula-output/confirmation/MC-4/worktree/crates/swbus-edge/src/simple_client.rs	.specula-output/confirmation/MC-4/worktree/crates/swbus-edge/src/simple_client.rs	file	0664	1783606443092161804	8859	7cb77df0b2ab1f2769bcffc19c837c968e7441843dd1108ec9bbc005cc45b4ec		copy	run-evidence		
.specula-output/confirmation/MC-4/worktree/crates/swbus-proto	.specula-output/confirmation/MC-4/worktree/crates/swbus-proto	directory	0775	1783606443092161804				mkdir	run-directory		
.specula-output/confirmation/MC-4/worktree/crates/swbus-proto/Cargo.toml	.specula-output/confirmation/MC-4/worktree/crates/swbus-proto/Cargo.toml	file	0664	1783606443092161804	558	53075c8a8953b79a5af426c44e916d9173cf353783d330db43f605f2d7464c60		copy	run-evidence		
.specula-output/confirmation/MC-4/worktree/crates/swbus-proto/build.rs	.specula-output/confirmation/MC-4/worktree/crates/swbus-proto/build.rs	file	0664	1783606443092161804	2026	475cdc9bca2eccbcbb42c7d6a07d2722669cef7228295088c8274cd681dd4484		copy	run-evidence		
.specula-output/confirmation/MC-4/worktree/crates/swbus-proto/proto	.specula-output/confirmation/MC-4/worktree/crates/swbus-proto/proto	directory	0775	1783606443092161804				mkdir	run-directory		
.specula-output/confirmation/MC-4/worktree/crates/swbus-proto/proto/swbus.proto	.specula-output/confirmation/MC-4/worktree/crates/swbus-proto/proto/swbus.proto	file	0664	1783606443092161804	6294	aac645c86603c5df39e5077aa1f869c542a0ca1421d44d8e1fca8f6ff3e636ea		copy	run-evidence		
.specula-output/confirmation/MC-4/worktree/crates/swbus-proto/src	.specula-output/confirmation/MC-4/worktree/crates/swbus-proto/src	directory	0775	1783606443092161804				mkdir	run-directory		
.specula-output/confirmation/MC-4/worktree/crates/swbus-proto/src/lib.rs	.specula-output/confirmation/MC-4/worktree/crates/swbus-proto/src/lib.rs	file	0664	1783606443092161804	61	d17df02f80826a817591af5b5010b0f6ac4898f5699eacd91ad7b47196752c22		copy	run-evidence		
.specula-output/confirmation/MC-4/worktree/crates/swbus-proto/src/message_id_generator.rs	.specula-output/confirmation/MC-4/worktree/crates/swbus-proto/src/message_id_generator.rs	file	0664	1783606443092161804	843	e719f9dd9bed5b86769144312a3c1e3a9af6c8767092dc9486d67bb3abb8fc11		copy	run-evidence		
.specula-output/confirmation/MC-4/worktree/crates/swbus-proto/src/result.rs	.specula-output/confirmation/MC-4/worktree/crates/swbus-proto/src/result.rs	file	0664	1783606443092161804	2424	a96858c007b047d749ea20494a2e1231eff29c547de8b7ebb0040ad8c5dd4676		copy	run-evidence		
.specula-output/confirmation/MC-4/worktree/crates/swbus-proto/src/swbus.rs	.specula-output/confirmation/MC-4/worktree/crates/swbus-proto/src/swbus.rs	file	0664	1783606443093161823	23852	20d8e932178d8c48aede8b3d87b633155c3ca9565b0f185aed190970c0a6ee42		copy	run-evidence		
.specula-output/confirmation/MC-4/worktree/crates/swbusd	.specula-output/confirmation/MC-4/worktree/crates/swbusd	directory	0775	1783606443093161823				mkdir	run-directory		
.specula-output/confirmation/MC-4/worktree/crates/swbusd/Cargo.toml	.specula-output/confirmation/MC-4/worktree/crates/swbusd/Cargo.toml	file	0664	1783606443093161823	717	54924fd7838c8233ff4bb1a2c69ab2d64c508e01b855299dcd305d24f38c5bf1		copy	run-evidence		
.specula-output/confirmation/MC-4/worktree/crates/swbusd/sample	.specula-output/confirmation/MC-4/worktree/crates/swbusd/sample	directory	0775	1783606443093161823				mkdir	run-directory		
.specula-output/confirmation/MC-4/worktree/crates/swbusd/sample/inter-cluster	.specula-output/confirmation/MC-4/worktree/crates/swbusd/sample/inter-cluster	directory	0775	1783606443093161823				mkdir	run-directory		
.specula-output/confirmation/MC-4/worktree/crates/swbusd/sample/inter-cluster/swbusd_cluster-a.10.0.0.1.cfg	.specula-output/confirmation/MC-4/worktree/crates/swbusd/sample/inter-cluster/swbusd_cluster-a.10.0.0.1.cfg	file	0664	1783606443093161823	470	0f011fc137e242399d46c0b5f2c340f26d6f32f92a44316a10e4e1c7e388e9a1		copy	run-evidence		
.specula-output/confirmation/MC-4/worktree/crates/swbusd/sample/inter-cluster/swbusd_cluster-a.10.0.0.2.cfg	.specula-output/confirmation/MC-4/worktree/crates/swbusd/sample/inter-cluster/swbusd_cluster-a.10.0.0.2.cfg	file	0664	1783606443093161823	274	196dd09c012bef6ace2d36fb3911625f4cdaf808059fb519418e398080c76999		copy	run-evidence		
.specula-output/confirmation/MC-4/worktree/crates/swbusd/sample/inter-cluster/swbusd_cluster-b.11.0.0.1.cfg	.specula-output/confirmation/MC-4/worktree/crates/swbusd/sample/inter-cluster/swbusd_cluster-b.11.0.0.1.cfg	file	0664	1783606443093161823	343	eb4623b5c1f3c39b3e402fdb41ca86aef420b5a8a3650613f2a9823b04ac55bf		copy	run-evidence		
.specula-output/confirmation/MC-4/worktree/crates/swbusd/sample/swbusd1.cfg	.specula-output/confirmation/MC-4/worktree/crates/swbusd/sample/swbusd1.cfg	file	0664	1783606443093161823	344	5048fdda47d8a6f85ecf7552fa66ebbb4d3ed5b785f836a720b7eeb51bd22b19		copy	run-evidence		
.specula-output/confirmation/MC-4/worktree/crates/swbusd/sample/swbusd2.cfg	.specula-output/confirmation/MC-4/worktree/crates/swbusd/sample/swbusd2.cfg	file	0664	1783606443093161823	274	196dd09c012bef6ace2d36fb3911625f4cdaf808059fb519418e398080c76999		copy	run-evidence		
.specula-output/confirmation/MC-4/worktree/crates/swbusd/src	.specula-output/confirmation/MC-4/worktree/crates/swbusd/src	directory	0775	1783606443093161823				mkdir	run-directory		
.specula-output/confirmation/MC-4/worktree/crates/swbusd/src/main.rs	.specula-output/confirmation/MC-4/worktree/crates/swbusd/src/main.rs	file	0664	1783606443093161823	1262	967c40e9b6ba91ab7884f883516746bf5b6bcd94aa38cec68485a427e32b9fd4		copy	run-evidence		
.specula-output/confirmation/MC-4/worktree/crates/swss-common-bridge	.specula-output/confirmation/MC-4/worktree/crates/swss-common-bridge	directory	0775	1783606443093161823				mkdir	run-directory		
.specula-output/confirmation/MC-4/worktree/crates/swss-common-bridge/Cargo.toml	.specula-output/confirmation/MC-4/worktree/crates/swss-common-bridge/Cargo.toml	file	0664	1783606443093161823	755	90d0fd07f27224840f9e8aa43ae6d16be1e433fdcd9bffed3e9d7d5c27f0caac		copy	run-evidence		
.specula-output/confirmation/MC-4/worktree/crates/swss-common-bridge/src	.specula-output/confirmation/MC-4/worktree/crates/swss-common-bridge/src	directory	0775	1783606443093161823				mkdir	run-directory		
.specula-output/confirmation/MC-4/worktree/crates/swss-common-bridge/src/consumer.rs	.specula-output/confirmation/MC-4/worktree/crates/swss-common-bridge/src/consumer.rs	file	0664	1783606443093161823	15722	d29510353c47d63cc4732f9075e55428f5605a35cb40c84728bfe585e3b6ae81		copy	run-evidence		
.specula-output/confirmation/MC-4/worktree/crates/swss-common-bridge/src/lib.rs	.specula-output/confirmation/MC-4/worktree/crates/swss-common-bridge/src/lib.rs	file	0664	1783606443093161823	2341	d50bada2027ab4bdfe19da142733e301550d8a13a43b728baf38f1dc0a95f619		copy	run-evidence		
.specula-output/confirmation/MC-4/worktree/crates/swss-common-bridge/src/producer.rs	.specula-output/confirmation/MC-4/worktree/crates/swss-common-bridge/src/producer.rs	file	0664	1783606443093161823	16096	e6204c6c8b791275c57cb4d4818b4c1c2be3cc0bf6e317bd95743aa20527d18a		copy	run-evidence		
.specula-output/confirmation/MC-4/worktree/crates/swss-serde	.specula-output/confirmation/MC-4/worktree/crates/swss-serde	directory	0775	1783606443093161823				mkdir	run-directory		
.specula-output/confirmation/MC-4/worktree/crates/swss-serde/Cargo.toml	.specula-output/confirmation/MC-4/worktree/crates/swss-serde/Cargo.toml	file	0664	1783606443093161823	409	996d81b6c4c147fde077b633256c11bd82fa1e005462fc46dca009ae66a3bead		copy	run-evidence		
.specula-output/confirmation/MC-4/worktree/crates/swss-serde/src	.specula-output/confirmation/MC-4/worktree/crates/swss-serde/src	directory	0775	1783606443093161823				mkdir	run-directory		
.specula-output/confirmation/MC-4/worktree/crates/swss-serde/src/error.rs	.specula-output/confirmation/MC-4/worktree/crates/swss-serde/src/error.rs	file	0664	1783606443093161823	595	cde10988fad503119f0fcfff46c95c6b2173005227d97f6e412499269c64e017		copy	run-evidence		
.specula-output/confirmation/MC-4/worktree/crates/swss-serde/src/field_value.rs	.specula-output/confirmation/MC-4/worktree/crates/swss-serde/src/field_value.rs	file	0664	1783606443093161823	10246	8a9087750327abf38082b37f096912427bfb3306dbe93c986947c8325d1565b9		copy	run-evidence		
.specula-output/confirmation/MC-4/worktree/crates/swss-serde/src/field_values.rs	.specula-output/confirmation/MC-4/worktree/crates/swss-serde/src/field_values.rs	file	0664	1783606443093161823	5341	4bdecb30295f4d23fdb2425d040c4cc4dcfff22331112d8ad441ce91ed524ef8		copy	run-evidence		
.specula-output/confirmation/MC-4/worktree/crates/swss-serde/src/lib.rs	.specula-output/confirmation/MC-4/worktree/crates/swss-serde/src/lib.rs	file	0664	1783606443093161823	1359	5ed868b6f5d73e9e01ccfef09f376878eaf337279e11c19ddbaea191839bb578		copy	run-evidence		
.specula-output/confirmation/MC-4/worktree/crates/swss-serde/src/table.rs	.specula-output/confirmation/MC-4/worktree/crates/swss-serde/src/table.rs	file	0664	1783606443093161823	3496	8761b69bf3fc7ab4f824400e828437f3e05c64707ab27772c0ebdc94d3e5fb92		copy	run-evidence		
.specula-output/confirmation/MC-4/worktree/crates/swss-serde/src/test.rs	.specula-output/confirmation/MC-4/worktree/crates/swss-serde/src/test.rs	file	0664	1783606443094161841	5878	ba5857b01fa8dcc87b8107f3f475c996b370fd65efe9c8c944d6123de14559fa		copy	run-evidence		
.specula-output/confirmation/MC-4/worktree/debian	.specula-output/confirmation/MC-4/worktree/debian	directory	0775	1783606443094161841				mkdir	run-directory		
.specula-output/confirmation/MC-4/worktree/debian/.gitignore	.record/source-control/.specula-output/confirmation/MC-4/worktree/debian/gitignore.source	file	0664	1783606443094161841	66	5ba161d24cf3cf6ca666052cd4a803bc4c5b4513f2f2d8ce173dd44ac27b332c		copy	run-evidence		
.specula-output/confirmation/MC-4/worktree/debian/changelog	.specula-output/confirmation/MC-4/worktree/debian/changelog	file	0664	1783606443094161841	133	b0e4c77158baf68f5f4e44a9e9cf8cc2cb87fb1e5d972d5c8ece7ec12bcf9ebf		copy	run-evidence		
.specula-output/confirmation/MC-4/worktree/debian/compat	.specula-output/confirmation/MC-4/worktree/debian/compat	file	0664	1783606443094161841	2	4fc82b26aecb47d2868c4efbe3581732a3e7cbcc6c2efb32062c08170a05eeb8		copy	run-evidence		
.specula-output/confirmation/MC-4/worktree/debian/control	.specula-output/confirmation/MC-4/worktree/debian/control	file	0664	1783606443094161841	402	dc830719b6f4481a9ceb047afe697fd9646c1bc4004c3044954d142af14c3300		copy	run-evidence		
.specula-output/confirmation/MC-4/worktree/debian/install	.specula-output/confirmation/MC-4/worktree/debian/install	file	0664	1783606443094161841	130	191b4426c4b291ad2a887f4ca2ff8f117b3e011c79935548c46427b23a5b0f8f		copy	run-evidence		
.specula-output/confirmation/MC-4/worktree/debian/rules	.specula-output/confirmation/MC-4/worktree/debian/rules	file	0775	1783606443094161841	345	7cde28e0b934350b9de186d64baad0f0b9eed95dd6992125c8e29d0175d735bc		copy	run-evidence		
.specula-output/confirmation/MC-4/worktree/rustfmt.toml	.specula-output/confirmation/MC-4/worktree/rustfmt.toml	file	0664	1783606443094161841	443	b978c41d933c21053898dcf392291fd90addd3558f99149227132b85a17be027		copy	run-evidence		
.specula-output/confirmation/MC-4/worktree/scripts	.specula-output/confirmation/MC-4/worktree/scripts	directory	0775	1783606443094161841				mkdir	run-directory		
.specula-output/confirmation/MC-4/worktree/scripts/wait_for_loopback.py	.specula-output/confirmation/MC-4/worktree/scripts/wait_for_loopback.py	file	0664	1783606443094161841	3525	5f8d0244c51cb5dcce41f42706430bbe3f918f054c3242a8b4736cd78e6caf9d		copy	run-evidence		
.specula-output/confirmation/MC-4/worktree/target		directory	0755	1783606796168791835				exclude	non-evidence	build-or-generated-cache	
.specula-output/confirmation/MC-4/worktree/test_utils	.specula-output/confirmation/MC-4/worktree/test_utils	directory	0775	1783606443094161841				mkdir	run-directory		
.specula-output/confirmation/MC-4/worktree/test_utils/README.md	.specula-output/confirmation/MC-4/worktree/test_utils/README.md	file	0664	1783606443094161841	488	94110682d023d1d8e19ad8c9252057b8254259c7b9764fc5e66fc513d93cfac8		copy	run-evidence		
.specula-output/confirmation/MC-4/worktree/test_utils/hamgrd	.specula-output/confirmation/MC-4/worktree/test_utils/hamgrd	directory	0775	1783606443094161841				mkdir	run-directory		
.specula-output/confirmation/MC-4/worktree/test_utils/hamgrd/database_config.json	.specula-output/confirmation/MC-4/worktree/test_utils/hamgrd/database_config.json	file	0664	1783606443094161841	968	1de32db1a468dc0ef74752b4b693dcc1b53113f4dc591ba2946e1cc25dbc931d		copy	run-evidence		
.specula-output/confirmation/MC-4/worktree/test_utils/hamgrd/database_global.json	.specula-output/confirmation/MC-4/worktree/test_utils/hamgrd/database_global.json	file	0664	1783606443094161841	245	33c792f9b464a3934fb39e6d1a1ef16f0df3bdc103dfd5851dfcdc7da7e8a082		copy	run-evidence		
.specula-output/confirmation/MC-4/worktree/test_utils/hamgrd/redis_data_planned_up_then_down.cmd	.specula-output/confirmation/MC-4/worktree/test_utils/hamgrd/redis_data_planned_up_then_down.cmd	file	0664	1783606443094161841	1090	24e710b2196e98324a34e4152d70eebeb633dcd0f0ba0000c812cf1f12a8af85		copy	run-evidence		
.specula-output/confirmation/MC-4/worktree/test_utils/hamgrd/redis_data_set.cmd	.specula-output/confirmation/MC-4/worktree/test_utils/hamgrd/redis_data_set.cmd	file	0664	1783606443094161841	3476	608c1fa7508acf661de34ffd3249560029fb8788dcbd732ea83b36db964afefd		copy	run-evidence		
.specula-output/confirmation/MC-4/worktree/test_utils/hamgrd/redis_data_set_full.cmd	.specula-output/confirmation/MC-4/worktree/test_utils/hamgrd/redis_data_set_full.cmd	file	0664	1783606443094161841	5031	5ac73f5017d2955a45767e803b3a2e6d206bd433118109bd55b26f7254ccb6c6		copy	run-evidence		
.specula-output/confirmation/MC-4/worktree/test_utils/run_redis.sh	.specula-output/confirmation/MC-4/worktree/test_utils/run_redis.sh	file	0775	1783606443094161841	490	a17fe5c24818986e4b2f525924890927c5a4a7ccf2df29c025ab050d54289f7e		copy	run-evidence		
.specula-output/modeling-brief.md	.specula-output/modeling-brief.md	file	0664	1783605625340958522	19128	07c8558a190a08971cc58df4cf49e9d56075191a0852b885c50b9f3c45c63ee7		copy	run-evidence		
.specula-output/repro	.specula-output/repro	directory	0775	1783607458714157196				mkdir	run-directory		
.specula-output/repro/test_bugCR-2_haset_initial_ordering.rs	.specula-output/repro/test_bugCR-2_haset_initial_ordering.rs	file	0664	1783607828992198992	1185	b3ecc272a7ad0d5e8f0519ab2e6aabff0716d91b34ef32a66ea9d2ebdf7c1ea3		copy	run-evidence		
.specula-output/repro/test_bugCR-2_haset_initial_ordering.sh	.specula-output/repro/test_bugCR-2_haset_initial_ordering.sh	file	0775	1783607836587339653	420	210a37c76838502986fa5ed5fb6e211d6c51dc1da7d24f8c0084d0ddffeb3f6b		copy	run-evidence		
.specula-output/repro/test_bugMC-1_request_vote_race_not_reachable.rs	.specula-output/repro/test_bugMC-1_request_vote_race_not_reachable.rs	file	0664	1783606243683412761	5865	18a50ca3b399fd8e5956a8adc962f738837f84653300702c3da3abb0c7ebdb8c		copy	run-evidence		
.specula-output/repro/test_bugMC-2_health_sequence_no_standalone.rs	.specula-output/repro/test_bugMC-2_health_sequence_no_standalone.rs	file	0664	1783606335395116868	8897	5e26a7b008dccc5cd9b0a2dbf0fc1028946e41e63488f1a32927f1ee5c0ecf24		copy	run-evidence		
.specula-output/repro/test_bugMC-3_haset_orphan.rs	.specula-output/repro/test_bugMC-3_haset_orphan.rs	file	0664	1783607201184280850	14297	73aef19989f32ce7d0c2af96586675f1e6686d967cf123f8c233a252e0be5bd8		copy	run-evidence		
.specula-output/repro/test_bugMC-4_switchover_ce_requires_model_only_roles.rs	.specula-output/repro/test_bugMC-4_switchover_ce_requires_model_only_roles.rs	file	0664	1783606881006353748	9611	d4a9eb9d2ecdc0263e6bdc93712d6f0fb2a469add788d977ae5faabd6ef689c6		copy	run-evidence		
.specula-output/spec	.specula-output/spec	directory	0775	1783607928705061581				mkdir	run-directory		
.specula-output/spec/.consolidate.log	.specula-output/spec/.consolidate.log	file	0664	1783605895818959374	132549	65b79bd97ac00a106e27cdb98a7e0693c633d969d1e31c30739d9fd312cd6981		copy	run-evidence		
.specula-output/spec/.consolidate.prompt.md	.specula-output/spec/.consolidate.prompt.md	file	0664	1783605625384959334	8858	817df83db09bd59120718ab3ccb4abd19e67e783069a20172a4403d896050f0b		copy	run-evidence		
.specula-output/spec/.consolidate.usage.json	.specula-output/spec/.consolidate.usage.json	file	0664	1783605896334968927	245	7c6bab9eaaafa3ea024d335b823e4c7a96eacb2f2d2e98a47356841052b1d46c		copy	run-evidence		
.specula-output/spec/bug-report.md	.specula-output/spec/bug-report.md	file	0664	1783605625339958504	14476	fa5ac7bd42ebbc580e95a588bc6ec0ddc0ee11ced9a8c1401eba134c858557a5		copy	run-evidence		
.specula-output/spec/candidates.json	.specula-output/spec/candidates.json	file	0664	1783605879353654539	8827	db133a0912548a1f347add8f1772f963cd53f0797b9796a9ab3b48fdd5f187ad		copy	run-evidence		
.specula-output/spec/confirmed-bugs.md	.specula-output/spec/confirmed-bugs.md	file	0664	1783607928712061710	4882914	518035f0d501ab8cb07e5087d3f9597ef64c824bab04b416159d641fbef8c02e		copy	run-evidence		
.specula-output/spec/repair-requests	.specula-output/spec/repair-requests	directory	0775	1783607928690061304				mkdir	run-directory		
.specula-output/spec/repair-requests/RR-001.md	.specula-output/spec/repair-requests/RR-001.md	file	0664	1783607928682061157	2835	158811617ba708c20f8ac65097df4bb37c1e36667e226f66772a475ea7152231		copy	run-evidence		
.specula-output/spec/repair-requests/RR-002.md	.specula-output/spec/repair-requests/RR-002.md	file	0664	1783607928686061231	2360	cf640cfa6eb3a4963f19ea2b2688d0ef5f043a63fd3bb646e3275d49941f30bf		copy	run-evidence		
.specula-output/spec/repair-requests/RR-003.md	.specula-output/spec/repair-requests/RR-003.md	file	0664	1783607928690061304	2298	b4ce1343d7eed2a8e13dc52f2a023db71bfed088c5e5372a331ca396553fffb6		copy	run-evidence		
