source_path	destination_path	type	mode	mtime_ns	size	sha256	symlink_target	action	classification	reason	encoded
.specula-output	.specula-output	directory	0775	1783576276836816196				mkdir	run-directory		
.specula-output/bug-confirmation.log	.specula-output/bug-confirmation.log	file	0664	1783578743623348353	1031	0bbfa69e8b914797e14f78fbeefa81ecca9c6f22a3ec9b810c4268502d50f0b6		copy	run-evidence		
.specula-output/confirmation	.specula-output/confirmation	directory	0775	1783578308112323294				mkdir	run-directory		
.specula-output/confirmation/CR-2	.specula-output/confirmation/CR-2	directory	0775	1783578308111323276				mkdir	run-directory		
.specula-output/confirmation/CR-2/debate.md	.specula-output/confirmation/CR-2/debate.md	file	0664	1783578308012321449	2177299	f15e6bc6c89b96246ff26c5ba427b60dc5f067373d6814d82d371136ca1ed386		copy	run-evidence		
.specula-output/confirmation/CR-2/turn01_A.log	.specula-output/confirmation/CR-2/turn01_A.log	file	0664	1783578182616019185	504114	14016b96b96cd9fc034e8eccc1161b8f1221d48f38f40c8c7925638935923c78		copy	run-evidence		
.specula-output/confirmation/CR-2/turn01_A.prompt.md	.specula-output/confirmation/CR-2/turn01_A.prompt.md	file	0664	1783577638489881654	10517	6e6775c958ea96ce26adea4f38eb26a422f1da3f2d8dad06ab712f0775307e4f		copy	run-evidence		
.specula-output/confirmation/CR-2/turn01_A.usage.json	.specula-output/confirmation/CR-2/turn01_A.usage.json	file	0664	1783578183141028901	245	65f3c1d1a71df7645f8d03760d3e2ab8f7919b625fa8b34ad0169034296200d8		copy	run-evidence		
.specula-output/confirmation/CR-2/turn02_B.log	.specula-output/confirmation/CR-2/turn02_B.log	file	0664	1783578305336272095	582810	4499bcd52eafb1e940382ad7ca01ba1200d78065e03e02a57444d5b018691132		copy	run-evidence		
.specula-output/confirmation/CR-2/turn02_B.prompt.md	.specula-output/confirmation/CR-2/turn02_B.prompt.md	file	0664	1783578183151029086	507711	070b40e9db4c0f154cc3b689cdebaaec5c83133842523840df9e65e2a2a96dba		copy	run-evidence		
.specula-output/confirmation/CR-2/turn02_B.usage.json	.specula-output/confirmation/CR-2/turn02_B.usage.json	file	0664	1783578305894282387	245	ad8077089cdb919d861119ea13339c1dfac705ac0883c6054abeb3ae41737895		copy	run-evidence		
.specula-output/confirmation/CR-2/turn03_A.log	.specula-output/confirmation/CR-2/turn03_A.log	file	0664	1783578307461311287	1090293	34d98e8178df280354da8c377a65173dc7f76906a6c84327351264c8d2e049d5		copy	run-evidence		
.specula-output/confirmation/CR-2/turn03_A.prompt.md	.specula-output/confirmation/CR-2/turn03_A.prompt.md	file	0664	1783578306014284600	1089846	cdf7f832f6c8241ccceedf07051849227e83d74f62e14e28f7412c025fd87295		copy	run-evidence		
.specula-output/confirmation/CR-2/turn03_A.usage.json	.specula-output/confirmation/CR-2/turn03_A.usage.json	file	0664	1783578307962320527	245	65f3c1d1a71df7645f8d03760d3e2ab8f7919b625fa8b34ad0169034296200d8		copy	run-evidence		
.specula-output/confirmation/CR-2/verdict.json	.specula-output/confirmation/CR-2/verdict.json	file	0664	1783578308111323276	1127270	445797b040afcfa85342beeec32efdc134e5869fbc6b79595fbcaddff69ee568		copy	run-evidence		
.specula-output/confirmation/CR-2/worktree	.specula-output/confirmation/CR-2/worktree	directory	0775	1783578308103323128				mkdir	run-directory		
.specula-output/confirmation/CR-2/worktree/.git		file	0664	1783577638473881360	119	78fad1793a3ee739bd4863be5e110c2946c30be44bcaf702fc995ab98969442c		exclude	non-evidence	git-metadata	
.specula-output/confirmation/CR-2/worktree/.gitignore	.record/source-control/.specula-output/confirmation/CR-2/worktree/gitignore.source	file	0664	1783577638479881471	63	1362d8ecf612bff1ef3ef5f59dc941311a4c6d370176ee3fac2d6cf5dfa3d1e6		copy	run-evidence		
.specula-output/confirmation/CR-2/worktree/.pre-commit-config.yaml	.specula-output/confirmation/CR-2/worktree/.pre-commit-config.yaml	file	0664	1783577638479881471	975	06442782b6b7979294be9ec6cc14f1ecc0eec90d3c31ed7aa93075eba188b87d		copy	run-evidence		
.specula-output/confirmation/CR-2/worktree/Cargo.lock	.specula-output/confirmation/CR-2/worktree/Cargo.lock	file	0664	1783577638479881471	73759	55dfa1a975d6b3474b152fd1180861ca840793e7821799e3dfdb6c3e6a5d6459		copy	run-evidence		
.specula-output/confirmation/CR-2/worktree/Cargo.toml	.specula-output/confirmation/CR-2/worktree/Cargo.toml	file	0664	1783577638479881471	3193	e3dc3c58d5118c233e79d7c9792584060b66b41b505974718ae506a932031fc3		copy	run-evidence		
.specula-output/confirmation/CR-2/worktree/LICENSE	.specula-output/confirmation/CR-2/worktree/LICENSE	file	0664	1783577638479881471	555	64f72cf7a9753b300106dd2a2b058feb084cc105c2ad359a2320f372504d49c8		copy	run-evidence		
.specula-output/confirmation/CR-2/worktree/Makefile	.specula-output/confirmation/CR-2/worktree/Makefile	file	0664	1783577638479881471	1500	4b8e6dfaf74b0d71d23644d1ee70c6459a377bd883764c0632e0545f1c165202		copy	run-evidence		
.specula-output/confirmation/CR-2/worktree/README.md	.specula-output/confirmation/CR-2/worktree/README.md	file	0664	1783577638479881471	2258	a586c1b3947fa180a9687299db907422b38de00f41a0c60c9bdb58e3da32f994		copy	run-evidence		
.specula-output/confirmation/CR-2/worktree/crates	.specula-output/confirmation/CR-2/worktree/crates	directory	0775	1783577638486881599				mkdir	run-directory		
.specula-output/confirmation/CR-2/worktree/crates/container	.specula-output/confirmation/CR-2/worktree/crates/container	directory	0775	1783577638480881489				mkdir	run-directory		
.specula-output/confirmation/CR-2/worktree/crates/container/Cargo.toml	.specula-output/confirmation/CR-2/worktree/crates/container/Cargo.toml	file	0664	1783577638480881489	543	4ad8767d8c5f5d31bbeddeaa23c3a0887ee9efa8875a988e78a849f0fa8ab463		copy	run-evidence		
.specula-output/confirmation/CR-2/worktree/crates/container/src	.specula-output/confirmation/CR-2/worktree/crates/container/src	directory	0775	1783577638480881489				mkdir	run-directory		
.specula-output/confirmation/CR-2/worktree/crates/container/src/container.rs	.specula-output/confirmation/CR-2/worktree/crates/container/src/container.rs	file	0664	1783577638480881489	13473	fdd146e2a3c44d5d102092554290a6ab82ec78b529b31e92f5371899d1a13461		copy	run-evidence		
.specula-output/confirmation/CR-2/worktree/crates/container/src/main.rs	.specula-output/confirmation/CR-2/worktree/crates/container/src/main.rs	file	0664	1783577638480881489	1402	8804dad7b22eb1b3c4809fd1ca77458214320d6cd109136faba05d0e0005920e		copy	run-evidence		
.specula-output/confirmation/CR-2/worktree/crates/hamgrd	.specula-output/confirmation/CR-2/worktree/crates/hamgrd	directory	0775	1783577638480881489				mkdir	run-directory		
.specula-output/confirmation/CR-2/worktree/crates/hamgrd/Cargo.toml	.specula-output/confirmation/CR-2/worktree/crates/hamgrd/Cargo.toml	file	0664	1783577638480881489	1091	dfcecf0cc5aa0ddeb66899facb1f4e78afde2437e4caf634677e4d08ebaf85a4		copy	run-evidence		
.specula-output/confirmation/CR-2/worktree/crates/hamgrd/src	.specula-output/confirmation/CR-2/worktree/crates/hamgrd/src	directory	0775	1783577638481881507				mkdir	run-directory		
.specula-output/confirmation/CR-2/worktree/crates/hamgrd/src/actors	.specula-output/confirmation/CR-2/worktree/crates/hamgrd/src/actors	directory	0775	1783577638481881507				mkdir	run-directory		
.specula-output/confirmation/CR-2/worktree/crates/hamgrd/src/actors.rs	.specula-output/confirmation/CR-2/worktree/crates/hamgrd/src/actors.rs	file	0664	1783577638480881489	10857	60b97fd54b124162e2691fb612c18f23bfa411a0d7dd4cc2faafdac1dd7ff889		copy	run-evidence		
.specula-output/confirmation/CR-2/worktree/crates/hamgrd/src/actors/dpu.rs	.specula-output/confirmation/CR-2/worktree/crates/hamgrd/src/actors/dpu.rs	file	0664	1783577638480881489	27800	1f9135dc244e019d3f860f8b419748099be6158b82238b40d6f5ef73e67a70d4		copy	run-evidence		
.specula-output/confirmation/CR-2/worktree/crates/hamgrd/src/actors/ha_scope.rs	.specula-output/confirmation/CR-2/worktree/crates/hamgrd/src/actors/ha_scope.rs	file	0664	1783577638480881489	44098	347d6a6e809e86c76f06c8fd153532ce41ee1ff5145ef240fcaa01812800e52e		copy	run-evidence		
.specula-output/confirmation/CR-2/worktree/crates/hamgrd/src/actors/ha_set.rs	.specula-output/confirmation/CR-2/worktree/crates/hamgrd/src/actors/ha_set.rs	file	0664	1783577638480881489	54279	0ddf6b21740c84bd17b1113b4497d1c8fca1cdded0669028efe4b3751afee8c3		copy	run-evidence		
.specula-output/confirmation/CR-2/worktree/crates/hamgrd/src/actors/test.rs	.specula-output/confirmation/CR-2/worktree/crates/hamgrd/src/actors/test.rs	file	0664	1783577638481881507	25740	68fce46b1239953c7ed8e7d248ce4a5ca94ca1fd5587db04909aeb133beb7ce8		copy	run-evidence		
.specula-output/confirmation/CR-2/worktree/crates/hamgrd/src/actors/vdpu.rs	.specula-output/confirmation/CR-2/worktree/crates/hamgrd/src/actors/vdpu.rs	file	0664	1783578067005879043	15413	9660bc398ef1fb582801098488980fee8af935e3d732cd5ca34ba9ca6df1faa6		copy	run-evidence		
.specula-output/confirmation/CR-2/worktree/crates/hamgrd/src/db_structs.rs	.specula-output/confirmation/CR-2/worktree/crates/hamgrd/src/db_structs.rs	file	0664	1783577638481881507	34184	a322274850ae6754df30ca8da226e1b18b9d07268a7e41578aae718a2295c74a		copy	run-evidence		
.specula-output/confirmation/CR-2/worktree/crates/hamgrd/src/ha_actor_messages.rs	.specula-output/confirmation/CR-2/worktree/crates/hamgrd/src/ha_actor_messages.rs	file	0664	1783577638481881507	6543	e1a13cdedb85938b77795f331bf3771d088e8bfce8051324f0a69161ee285d68		copy	run-evidence		
.specula-output/confirmation/CR-2/worktree/crates/hamgrd/src/main.rs	.specula-output/confirmation/CR-2/worktree/crates/hamgrd/src/main.rs	file	0664	1783577638481881507	8926	e9a6de6c129eb77fc46132682098b67f3184307f1ad5aeb1783403e8e23552ca		copy	run-evidence		
.specula-output/confirmation/CR-2/worktree/crates/sonic-common	.specula-output/confirmation/CR-2/worktree/crates/sonic-common	directory	0775	1783577638481881507				mkdir	run-directory		
.specula-output/confirmation/CR-2/worktree/crates/sonic-common/Cargo.toml	.specula-output/confirmation/CR-2/worktree/crates/sonic-common/Cargo.toml	file	0664	1783577638481881507	843	1239a0525ec2b948dd0ac2e78b9861a4da144fef3a1b3b5337ff7712dec9c5e5		copy	run-evidence		
.specula-output/confirmation/CR-2/worktree/crates/sonic-common/src	.specula-output/confirmation/CR-2/worktree/crates/sonic-common/src	directory	0775	1783577638481881507				mkdir	run-directory		
.specula-output/confirmation/CR-2/worktree/crates/sonic-common/src/lib.rs	.specula-output/confirmation/CR-2/worktree/crates/sonic-common/src/lib.rs	file	0664	1783577638481881507	573	18239424369eefc097b517348bc38889a2965244d88d7557c7e8568681093722		copy	run-evidence		
.specula-output/confirmation/CR-2/worktree/crates/sonic-common/src/log.rs	.specula-output/confirmation/CR-2/worktree/crates/sonic-common/src/log.rs	file	0664	1783577638481881507	7511	9f51b7708251f05f717e61f926e4893e318ce13905011273a982f08907262180		copy	run-evidence		
.specula-output/confirmation/CR-2/worktree/crates/sonic-common/src/panic.rs	.specula-output/confirmation/CR-2/worktree/crates/sonic-common/src/panic.rs	file	0664	1783577638481881507	1647	571290dc59a3ec765e03aa7c4bb7563d80d73747ae9cb95c697c41f667a8ca95		copy	run-evidence		
.specula-output/confirmation/CR-2/worktree/crates/sonic-dash-api-proto	.specula-output/confirmation/CR-2/worktree/crates/sonic-dash-api-proto	directory	0775	1783577638481881507				mkdir	run-directory		
.specula-output/confirmation/CR-2/worktree/crates/sonic-dash-api-proto/Cargo.toml	.specula-output/confirmation/CR-2/worktree/crates/sonic-dash-api-proto/Cargo.toml	file	0664	1783577638481881507	531	de2b47c4469d3a36868ed6e8dd3f619350358c8cc28a5f5f9d6cec405e1793e3		copy	run-evidence		
.specula-output/confirmation/CR-2/worktree/crates/sonic-dash-api-proto/build.rs	.specula-output/confirmation/CR-2/worktree/crates/sonic-dash-api-proto/build.rs	file	0664	1783577638481881507	2539	d6fbe856e6076167a0474176a3f65fb610390e45a40f3af1ebb46a874b8b3559		copy	run-evidence		
.specula-output/confirmation/CR-2/worktree/crates/sonic-dash-api-proto/sonic-dash-api	.specula-output/confirmation/CR-2/worktree/crates/sonic-dash-api-proto/sonic-dash-api	directory	0775	1783578098531462815				mkdir	run-directory		
.specula-output/confirmation/CR-2/worktree/crates/sonic-dash-api-proto/sonic-dash-api/.azure-pipelines	.specula-output/confirmation/CR-2/worktree/crates/sonic-dash-api-proto/sonic-dash-api/.azure-pipelines	directory	0775	1783578098530462796				mkdir	run-directory		
.specula-output/confirmation/CR-2/worktree/crates/sonic-dash-api-proto/sonic-dash-api/.azure-pipelines/build-template.yml	.specula-output/confirmation/CR-2/worktree/crates/sonic-dash-api-proto/sonic-dash-api/.azure-pipelines/build-template.yml	file	0664	1783578098530462796	1157	451ce6463ef8074b1f8b8e75dd9d3ea31a7615ebf167e0b0d659f7c84b1829ba		copy	run-evidence		
.specula-output/confirmation/CR-2/worktree/crates/sonic-dash-api-proto/sonic-dash-api/.git		file	0664	1783578098520462611	179	ea942abb09b84107d6c68b819f0832e9d57d897781335e39d48553deb63f75a4		exclude	non-evidence	git-metadata	
.specula-output/confirmation/CR-2/worktree/crates/sonic-dash-api-proto/sonic-dash-api/.github	.specula-output/confirmation/CR-2/worktree/crates/sonic-dash-api-proto/sonic-dash-api/.github	directory	0775	1783578098530462796				mkdir	run-directory		
.specula-output/confirmation/CR-2/worktree/crates/sonic-dash-api-proto/sonic-dash-api/.github/copilot-instructions.md	.specula-output/confirmation/CR-2/worktree/crates/sonic-dash-api-proto/sonic-dash-api/.github/copilot-instructions.md	file	0664	1783578098530462796	5543	cf53e2851093ee4279d3cb6b51122c09223fc6b06849a16ca061e7ae8154eb29		copy	run-evidence		
.specula-output/confirmation/CR-2/worktree/crates/sonic-dash-api-proto/sonic-dash-api/.gitignore	.record/source-control/.specula-output/confirmation/CR-2/worktree/crates/sonic-dash-api-proto/sonic-dash-api/gitignore.source	file	0664	1783578098530462796	152	37ae5085387aa46b903bede475c27f1c391bafc70e04f90ad326190dc6f9984a		copy	run-evidence		
.specula-output/confirmation/CR-2/worktree/crates/sonic-dash-api-proto/sonic-dash-api/Makefile	.specula-output/confirmation/CR-2/worktree/crates/sonic-dash-api-proto/sonic-dash-api/Makefile	file	0664	1783578098530462796	2867	6b7a7ee8959734154670386e7e3a8ce8da6c4bffd016c083799d1a830718f71f		copy	run-evidence		
.specula-output/confirmation/CR-2/worktree/crates/sonic-dash-api-proto/sonic-dash-api/README.md	.specula-output/confirmation/CR-2/worktree/crates/sonic-dash-api-proto/sonic-dash-api/README.md	file	0664	1783578098530462796	1462	b3fd7b0c339366692c23500294a116aea8de6e88998b8865f496c7220ba40302		copy	run-evidence		
.specula-output/confirmation/CR-2/worktree/crates/sonic-dash-api-proto/sonic-dash-api/azure-pipelines.yml	.specula-output/confirmation/CR-2/worktree/crates/sonic-dash-api-proto/sonic-dash-api/azure-pipelines.yml	file	0664	1783578098530462796	2850	6a71b850acd5b5220c310b76a649ca04c007f7ffc013791be7c7391edb648bf9		copy	run-evidence		
.specula-output/confirmation/CR-2/worktree/crates/sonic-dash-api-proto/sonic-dash-api/debian	.specula-output/confirmation/CR-2/worktree/crates/sonic-dash-api-proto/sonic-dash-api/debian	directory	0775	1783578098530462796				mkdir	run-directory		
.specula-output/confirmation/CR-2/worktree/crates/sonic-dash-api-proto/sonic-dash-api/debian/changelog	.specula-output/confirmation/CR-2/worktree/crates/sonic-dash-api-proto/sonic-dash-api/debian/changelog	file	0664	1783578098530462796	127	001c5cf3cc6c410458f8bd863f50fbbee5fcec94760be78fa2daf6e3ec985db4		copy	run-evidence		
.specula-output/confirmation/CR-2/worktree/crates/sonic-dash-api-proto/sonic-dash-api/debian/compat	.specula-output/confirmation/CR-2/worktree/crates/sonic-dash-api-proto/sonic-dash-api/debian/compat	file	0664	1783578098530462796	2	4fc82b26aecb47d2868c4efbe3581732a3e7cbcc6c2efb32062c08170a05eeb8		copy	run-evidence		
.specula-output/confirmation/CR-2/worktree/crates/sonic-dash-api-proto/sonic-dash-api/debian/control	.specula-output/confirmation/CR-2/worktree/crates/sonic-dash-api-proto/sonic-dash-api/debian/control	file	0664	1783578098530462796	362	33f4fb53634f991b8e9fee9d1bc0ebcdf95eb5a4789d435152724422743ec0ef		copy	run-evidence		
.specula-output/confirmation/CR-2/worktree/crates/sonic-dash-api-proto/sonic-dash-api/debian/rules	.specula-output/confirmation/CR-2/worktree/crates/sonic-dash-api-proto/sonic-dash-api/debian/rules	file	0775	1783578098530462796	88	885237907618e908f1fc048d94196c6baef3c1eb9398c334cd4cd382e97b9115		copy	run-evidence		
.specula-output/confirmation/CR-2/worktree/crates/sonic-dash-api-proto/sonic-dash-api/misc	.specula-output/confirmation/CR-2/worktree/crates/sonic-dash-api-proto/sonic-dash-api/misc	directory	0775	1783578098531462815				mkdir	run-directory		
.specula-output/confirmation/CR-2/worktree/crates/sonic-dash-api-proto/sonic-dash-api/misc/.gitignore	.record/source-control/.specula-output/confirmation/CR-2/worktree/crates/sonic-dash-api-proto/sonic-dash-api/misc/gitignore.source	file	0664	1783578098530462796	110	65057622390473201d1a7bfa966ca489a4f6b4c65232d115fee498d256c27617		copy	run-evidence		
.specula-output/confirmation/CR-2/worktree/crates/sonic-dash-api-proto/sonic-dash-api/misc/dash_api_utils	.specula-output/confirmation/CR-2/worktree/crates/sonic-dash-api-proto/sonic-dash-api/misc/dash_api_utils	file	0775	1783578098530462796	1673	a54b3116aa2c22f82c8fa7b0181c477b6b8e1770f547efbf6fd07d95e63856b3		copy	run-evidence		
.specula-output/confirmation/CR-2/worktree/crates/sonic-dash-api-proto/sonic-dash-api/misc/pypkg	.specula-output/confirmation/CR-2/worktree/crates/sonic-dash-api-proto/sonic-dash-api/misc/pypkg	directory	0775	1783578098530462796				mkdir	run-directory		
.specula-output/confirmation/CR-2/worktree/crates/sonic-dash-api-proto/sonic-dash-api/misc/pypkg/dash_api	.specula-output/confirmation/CR-2/worktree/crates/sonic-dash-api-proto/sonic-dash-api/misc/pypkg/dash_api	directory	0775	1783578098530462796				mkdir	run-directory		
.specula-output/confirmation/CR-2/worktree/crates/sonic-dash-api-proto/sonic-dash-api/misc/pypkg/dash_api/__init__.py	.specula-output/confirmation/CR-2/worktree/crates/sonic-dash-api-proto/sonic-dash-api/misc/pypkg/dash_api/__init__.py	file	0664	1783578098530462796	86	40c99d3fc4e0e8e6bcd60d2737a25a7ddf966ee2bd4bac2dc7364cd869023131		copy	run-evidence		
.specula-output/confirmation/CR-2/worktree/crates/sonic-dash-api-proto/sonic-dash-api/misc/tests	.specula-output/confirmation/CR-2/worktree/crates/sonic-dash-api-proto/sonic-dash-api/misc/tests	directory	0775	1783578098530462796				mkdir	run-directory		
.specula-output/confirmation/CR-2/worktree/crates/sonic-dash-api-proto/sonic-dash-api/misc/tests/main.cpp	.specula-output/confirmation/CR-2/worktree/crates/sonic-dash-api-proto/sonic-dash-api/misc/tests/main.cpp	file	0664	1783578098530462796	102	59572f84bf8df2a31f58d87051915b08cd9c32859092f1532135127155a33c24		copy	run-evidence		
.specula-output/confirmation/CR-2/worktree/crates/sonic-dash-api-proto/sonic-dash-api/misc/tests/test_utils.py	.specula-output/confirmation/CR-2/worktree/crates/sonic-dash-api-proto/sonic-dash-api/misc/tests/test_utils.py	file	0664	1783578098530462796	1955	43dc5e16b6648a9b58fc6d051de9ce7798273760f45bfe3e477d58277271326f		copy	run-evidence		
.specula-output/confirmation/CR-2/worktree/crates/sonic-dash-api-proto/sonic-dash-api/misc/tests/utils_unittest.cpp	.specula-output/confirmation/CR-2/worktree/crates/sonic-dash-api-proto/sonic-dash-api/misc/tests/utils_unittest.cpp	file	0664	1783578098530462796	5547	a959ab4ffc771de60248278a264b79d116514c9107ece82c7c23e3e991a492d0		copy	run-evidence		
.specula-output/confirmation/CR-2/worktree/crates/sonic-dash-api-proto/sonic-dash-api/misc/utils.cpp	.specula-output/confirmation/CR-2/worktree/crates/sonic-dash-api-proto/sonic-dash-api/misc/utils.cpp	file	0664	1783578098531462815	4029	7822b783cee4ecbce6085636b0ced2be68ea419c1c9e5002812e17f51d1a1121		copy	run-evidence		
.specula-output/confirmation/CR-2/worktree/crates/sonic-dash-api-proto/sonic-dash-api/misc/utils.h	.specula-output/confirmation/CR-2/worktree/crates/sonic-dash-api-proto/sonic-dash-api/misc/utils.h	file	0664	1783578098531462815	696	43ad84a08fffb2f5de7a429a0c4bc74de192251257c40fbbc5240e33881581a5		copy	run-evidence		
.specula-output/confirmation/CR-2/worktree/crates/sonic-dash-api-proto/sonic-dash-api/misc/utils.i	.specula-output/confirmation/CR-2/worktree/crates/sonic-dash-api-proto/sonic-dash-api/misc/utils.i	file	0664	1783578098531462815	124	b0ed8aea587950df30be894992ca7319f6b87d18c3d674abaaf17fa523ac15c5		copy	run-evidence		
.specula-output/confirmation/CR-2/worktree/crates/sonic-dash-api-proto/sonic-dash-api/proto	.specula-output/confirmation/CR-2/worktree/crates/sonic-dash-api-proto/sonic-dash-api/proto	directory	0775	1783578098531462815				mkdir	run-directory		
.specula-output/confirmation/CR-2/worktree/crates/sonic-dash-api-proto/sonic-dash-api/proto/acl_group.proto	.specula-output/confirmation/CR-2/worktree/crates/sonic-dash-api-proto/sonic-dash-api/proto/acl_group.proto	file	0664	1783578098531462815	224	63b83374a5dfe1eecea6532375f55378d0c80a61a343a6569bde52d5a84350bb		copy	run-evidence		
.specula-output/confirmation/CR-2/worktree/crates/sonic-dash-api-proto/sonic-dash-api/proto/acl_in.proto	.specula-output/confirmation/CR-2/worktree/crates/sonic-dash-api-proto/sonic-dash-api/proto/acl_in.proto	file	0664	1783578098531462815	310	8c4990a198ae41a7bb3b57278049936caa5f097416602aa83fe9261a24149307		copy	run-evidence		
.specula-output/confirmation/CR-2/worktree/crates/sonic-dash-api-proto/sonic-dash-api/proto/acl_out.proto	.specula-output/confirmation/CR-2/worktree/crates/sonic-dash-api-proto/sonic-dash-api/proto/acl_out.proto	file	0664	1783578098531462815	313	7fd56b7e8a7f311e24ac210b3a706d3ae218bf920e3a43cccf91bc0406ee581e		copy	run-evidence		
.specula-output/confirmation/CR-2/worktree/crates/sonic-dash-api-proto/sonic-dash-api/proto/acl_rule.proto	.specula-output/confirmation/CR-2/worktree/crates/sonic-dash-api-proto/sonic-dash-api/proto/acl_rule.proto	file	0664	1783578098531462815	1489	21efc2f5b9d3ef9278a78642d21a6ccea5352eec697dbeab920c4505bd6a47f3		copy	run-evidence		
.specula-output/confirmation/CR-2/worktree/crates/sonic-dash-api-proto/sonic-dash-api/proto/appliance.proto	.specula-output/confirmation/CR-2/worktree/crates/sonic-dash-api-proto/sonic-dash-api/proto/appliance.proto	file	0664	1783578098531462815	776	4f9bfe99d4615c32eb839cae910be8df431e5e72dc4eb2dce68ed5cb9ede8511		copy	run-evidence		
.specula-output/confirmation/CR-2/worktree/crates/sonic-dash-api-proto/sonic-dash-api/proto/eni.proto	.specula-output/confirmation/CR-2/worktree/crates/sonic-dash-api-proto/sonic-dash-api/proto/eni.proto	file	0664	1783578098531462815	1394	3cfa78f970e4c8eff5b16c8b0feca53fdfc77d43cb4cbf3f8816c0eba6971ee4		copy	run-evidence		
.specula-output/confirmation/CR-2/worktree/crates/sonic-dash-api-proto/sonic-dash-api/proto/eni_route.proto	.specula-output/confirmation/CR-2/worktree/crates/sonic-dash-api-proto/sonic-dash-api/proto/eni_route.proto	file	0664	1783578098531462815	184	1ea44c8956266a012206836e6de8a7fb3082b002c18e485fec1dca973a03f8f1		copy	run-evidence		
.specula-output/confirmation/CR-2/worktree/crates/sonic-dash-api-proto/sonic-dash-api/proto/ha_scope.proto	.specula-output/confirmation/CR-2/worktree/crates/sonic-dash-api-proto/sonic-dash-api/proto/ha_scope.proto	file	0664	1783578098531462815	749	bdb153bd85d28bc1bc165503fa808edd9f65a2c893966d313c77fded34ea5314		copy	run-evidence		
.specula-output/confirmation/CR-2/worktree/crates/sonic-dash-api-proto/sonic-dash-api/proto/ha_scope_config.proto	.specula-output/confirmation/CR-2/worktree/crates/sonic-dash-api-proto/sonic-dash-api/proto/ha_scope_config.proto	file	0664	1783578098531462815	561	a5df9f029dd4b10fb8933eab353b0612e158323be43264c3ec6124ab074d16af		copy	run-evidence		
.specula-output/confirmation/CR-2/worktree/crates/sonic-dash-api-proto/sonic-dash-api/proto/ha_scope_state.proto	.specula-output/confirmation/CR-2/worktree/crates/sonic-dash-api-proto/sonic-dash-api/proto/ha_scope_state.proto	file	0664	1783578098531462815	503	ef05bb57eb034ee8b5e0e52a0cdd78a22c6dac12b636f9ec90f99e0e4a2cfb29		copy	run-evidence		
.specula-output/confirmation/CR-2/worktree/crates/sonic-dash-api-proto/sonic-dash-api/proto/ha_set.proto	.specula-output/confirmation/CR-2/worktree/crates/sonic-dash-api-proto/sonic-dash-api/proto/ha_set.proto	file	0664	1783578098531462815	1482	68a55831f4939a0e731fac047888f285fd3ce5a56b92c4bdeab5ba3940fbe427		copy	run-evidence		
.specula-output/confirmation/CR-2/worktree/crates/sonic-dash-api-proto/sonic-dash-api/proto/ha_set_config.proto	.specula-output/confirmation/CR-2/worktree/crates/sonic-dash-api-proto/sonic-dash-api/proto/ha_set_config.proto	file	0664	1783578098531462815	437	3aac48716f7e82c5ed231ec04cc1e965ab47aecd5785ea9d7bec5cdd3b93d1ea		copy	run-evidence		
.specula-output/confirmation/CR-2/worktree/crates/sonic-dash-api-proto/sonic-dash-api/proto/ha_set_state.proto	.specula-output/confirmation/CR-2/worktree/crates/sonic-dash-api-proto/sonic-dash-api/proto/ha_set_state.proto	file	0664	1783578098531462815	295	eba05677140806197c24833e25e714b7da2b9613ce4d0e7077fbcce1f7ee1795		copy	run-evidence		
.specula-output/confirmation/CR-2/worktree/crates/sonic-dash-api-proto/sonic-dash-api/proto/meter.proto	.specula-output/confirmation/CR-2/worktree/crates/sonic-dash-api-proto/sonic-dash-api/proto/meter.proto	file	0664	1783578098531462815	376	959afb32392b5cc7c5ca48ee5fefc194dc93026603d5a96c389069df48d420a0		copy	run-evidence		
.specula-output/confirmation/CR-2/worktree/crates/sonic-dash-api-proto/sonic-dash-api/proto/meter_policy.proto	.specula-output/confirmation/CR-2/worktree/crates/sonic-dash-api-proto/sonic-dash-api/proto/meter_policy.proto	file	0664	1783578098531462815	221	3b355b5224b709b5135a139285f9223904396d68493b2331ebcc5d82afd0d08c		copy	run-evidence		
.specula-output/confirmation/CR-2/worktree/crates/sonic-dash-api-proto/sonic-dash-api/proto/meter_rule.proto	.specula-output/confirmation/CR-2/worktree/crates/sonic-dash-api-proto/sonic-dash-api/proto/meter_rule.proto	file	0664	1783578098531462815	360	2406e7d2a2f89645c15cbb354794ce010a6268a08338c4a44862f69193b9a6d3		copy	run-evidence		
.specula-output/confirmation/CR-2/worktree/crates/sonic-dash-api-proto/sonic-dash-api/proto/outbound_port_map.proto	.specula-output/confirmation/CR-2/worktree/crates/sonic-dash-api-proto/sonic-dash-api/proto/outbound_port_map.proto	file	0664	1783578098531462815	282	455b111663b169e0a8d5283720a248cdd3d925e2a953d48b870f722795e30dc2		copy	run-evidence		
.specula-output/confirmation/CR-2/worktree/crates/sonic-dash-api-proto/sonic-dash-api/proto/outbound_port_map_range.proto	.specula-output/confirmation/CR-2/worktree/crates/sonic-dash-api-proto/sonic-dash-api/proto/outbound_port_map_range.proto	file	0664	1783578098531462815	417	7e2b5a74d75ecf9545ffd929cd5c05206138d43dee6cced0854c7843e6395466		copy	run-evidence		
.specula-output/confirmation/CR-2/worktree/crates/sonic-dash-api-proto/sonic-dash-api/proto/pa_validation.proto	.specula-output/confirmation/CR-2/worktree/crates/sonic-dash-api-proto/sonic-dash-api/proto/pa_validation.proto	file	0664	1783578098531462815	188	d2b4f3b5b1298d1c41a979e6493a89a185aab032cfc1c4e27780fb87af6c16c7		copy	run-evidence		
.specula-output/confirmation/CR-2/worktree/crates/sonic-dash-api-proto/sonic-dash-api/proto/prefix_tag.proto	.specula-output/confirmation/CR-2/worktree/crates/sonic-dash-api-proto/sonic-dash-api/proto/prefix_tag.proto	file	0664	1783578098531462815	332	bc238882b1e392be4c9eb7210db871e1eea2d04a59bb16fff58ef06bc82da12d		copy	run-evidence		
.specula-output/confirmation/CR-2/worktree/crates/sonic-dash-api-proto/sonic-dash-api/proto/qos.proto	.specula-output/confirmation/CR-2/worktree/crates/sonic-dash-api-proto/sonic-dash-api/proto/qos.proto	file	0664	1783578098531462815	271	6c1756762416029cb9a3757f0ff18ae014bf789c493aae39966872aeb802e61f		copy	run-evidence		
.specula-output/confirmation/CR-2/worktree/crates/sonic-dash-api-proto/sonic-dash-api/proto/route.proto	.specula-output/confirmation/CR-2/worktree/crates/sonic-dash-api-proto/sonic-dash-api/proto/route.proto	file	0664	1783578098531462815	2665	9e4b7b6d0d807f50912dfaadfd7e6f2914090f406f0b75fe9167d3d452678ffa		copy	run-evidence		
.specula-output/confirmation/CR-2/worktree/crates/sonic-dash-api-proto/sonic-dash-api/proto/route_group.proto	.specula-output/confirmation/CR-2/worktree/crates/sonic-dash-api-proto/sonic-dash-api/proto/route_group.proto	file	0664	1783578098531462815	176	9a1a5264ce8aae5d33c896ca679f16405dbb2dbd853268d718ab931566a0c2d2		copy	run-evidence		
.specula-output/confirmation/CR-2/worktree/crates/sonic-dash-api-proto/sonic-dash-api/proto/route_rule.proto	.specula-output/confirmation/CR-2/worktree/crates/sonic-dash-api-proto/sonic-dash-api/proto/route_rule.proto	file	0664	1783578098531462815	1655	3648f004ce9b7da92a2f6f2366189b704e6aa9e74794a85182a7aa9bdfa8b7ae		copy	run-evidence		
.specula-output/confirmation/CR-2/worktree/crates/sonic-dash-api-proto/sonic-dash-api/proto/route_type.proto	.specula-output/confirmation/CR-2/worktree/crates/sonic-dash-api-proto/sonic-dash-api/proto/route_type.proto	file	0664	1783578098531462815	1450	e6361b492f3491f9480a11ac304c757d95ac87f2cd364e9dae11f6187c54c5f4		copy	run-evidence		
.specula-output/confirmation/CR-2/worktree/crates/sonic-dash-api-proto/sonic-dash-api/proto/routing_appliance.proto	.specula-output/confirmation/CR-2/worktree/crates/sonic-dash-api-proto/sonic-dash-api/proto/routing_appliance.proto	file	0664	1783578098531462815	357	6de8b36bdc0258d746b1edcf1d35fb9b80f9fb484591b9d2df0a44bef3ef3113		copy	run-evidence		
.specula-output/confirmation/CR-2/worktree/crates/sonic-dash-api-proto/sonic-dash-api/proto/tunnel.proto	.specula-output/confirmation/CR-2/worktree/crates/sonic-dash-api-proto/sonic-dash-api/proto/tunnel.proto	file	0664	1783578098531462815	374	49a8b27dfcd4656991293f1f2676e8a06488388030758b266f67fbe2430c067c		copy	run-evidence		
.specula-output/confirmation/CR-2/worktree/crates/sonic-dash-api-proto/sonic-dash-api/proto/types.proto	.specula-output/confirmation/CR-2/worktree/crates/sonic-dash-api-proto/sonic-dash-api/proto/types.proto	file	0664	1783578098531462815	1593	0b1644d63d353923f33aa4e561f7181119db49715e0f745063cbe3a81f2c73a9		copy	run-evidence		
.specula-output/confirmation/CR-2/worktree/crates/sonic-dash-api-proto/sonic-dash-api/proto/vnet.proto	.specula-output/confirmation/CR-2/worktree/crates/sonic-dash-api-proto/sonic-dash-api/proto/vnet.proto	file	0664	1783578098531462815	310	8c437362618f389009463e3f94e2aa906a6b4746eff2c83752e12fbe03a8b888		copy	run-evidence		
.specula-output/confirmation/CR-2/worktree/crates/sonic-dash-api-proto/sonic-dash-api/proto/vnet_mapping.proto	.specula-output/confirmation/CR-2/worktree/crates/sonic-dash-api-proto/sonic-dash-api/proto/vnet_mapping.proto	file	0664	1783578098532462833	1826	19c8e9f32da372cccccefddcf402053260cdf106f499fee52ce6c1cbf8c4b414		copy	run-evidence		
.specula-output/confirmation/CR-2/worktree/crates/sonic-dash-api-proto/src	.specula-output/confirmation/CR-2/worktree/crates/sonic-dash-api-proto/src	directory	0775	1783577638481881507				mkdir	run-directory		
.specula-output/confirmation/CR-2/worktree/crates/sonic-dash-api-proto/src/lib.rs	.specula-output/confirmation/CR-2/worktree/crates/sonic-dash-api-proto/src/lib.rs	file	0664	1783577638481881507	1081	0d114c68775aea25eb21fb1224fe0d8e6b4ca6ba3e30aa8da93bc68723aafee1		copy	run-evidence		
.specula-output/confirmation/CR-2/worktree/crates/sonicdb-derive	.specula-output/confirmation/CR-2/worktree/crates/sonicdb-derive	directory	0775	1783577638482881526				mkdir	run-directory		
.specula-output/confirmation/CR-2/worktree/crates/sonicdb-derive/Cargo.toml	.specula-output/confirmation/CR-2/worktree/crates/sonicdb-derive/Cargo.toml	file	0664	1783577638481881507	494	4d3a5a55449607e6295ee3aa7bb48e01385e36cd8576dcadbc0c67a0fe172cb5		copy	run-evidence		
.specula-output/confirmation/CR-2/worktree/crates/sonicdb-derive/src	.specula-output/confirmation/CR-2/worktree/crates/sonicdb-derive/src	directory	0775	1783577638482881526				mkdir	run-directory		
.specula-output/confirmation/CR-2/worktree/crates/sonicdb-derive/src/lib.rs	.specula-output/confirmation/CR-2/worktree/crates/sonicdb-derive/src/lib.rs	file	0664	1783577638482881526	4957	dee27e85348f8d6cb4170a574bcf4c34b225a39835eb1514be7877991ec6371f		copy	run-evidence		
.specula-output/confirmation/CR-2/worktree/crates/sonicdb-derive/tests	.specula-output/confirmation/CR-2/worktree/crates/sonicdb-derive/tests	directory	0775	1783577638482881526				mkdir	run-directory		
.specula-output/confirmation/CR-2/worktree/crates/sonicdb-derive/tests/basic.rs	.specula-output/confirmation/CR-2/worktree/crates/sonicdb-derive/tests/basic.rs	file	0664	1783577638482881526	671	52a3abd00d6c4d09c02a71f4139cb03e9bc7e28a662585d4c9aa8aada3b9d5d8		copy	run-evidence		
.specula-output/confirmation/CR-2/worktree/crates/swbus-actor	.specula-output/confirmation/CR-2/worktree/crates/swbus-actor	directory	0775	1783577638482881526				mkdir	run-directory		
.specula-output/confirmation/CR-2/worktree/crates/swbus-actor/Cargo.toml	.specula-output/confirmation/CR-2/worktree/crates/swbus-actor/Cargo.toml	file	0664	1783577638482881526	593	b8458594718c1fa7595aef160e807f12f27e7ac6e74278ba69392b07ff91788a		copy	run-evidence		
.specula-output/confirmation/CR-2/worktree/crates/swbus-actor/src	.specula-output/confirmation/CR-2/worktree/crates/swbus-actor/src	directory	0775	1783577638482881526				mkdir	run-directory		
.specula-output/confirmation/CR-2/worktree/crates/swbus-actor/src/actor_message.rs	.specula-output/confirmation/CR-2/worktree/crates/swbus-actor/src/actor_message.rs	file	0664	1783577638482881526	2229	cbd2ebfca0cd4f31394fd0185324f59e05860a98bda9881b4bbe644166c34bab		copy	run-evidence		
.specula-output/confirmation/CR-2/worktree/crates/swbus-actor/src/driver.rs	.specula-output/confirmation/CR-2/worktree/crates/swbus-actor/src/driver.rs	file	0664	1783577638482881526	8587	2e450baed13e6d2657bb7e0026c14eace1cebf386a246030449fea0b57f2274d		copy	run-evidence		
.specula-output/confirmation/CR-2/worktree/crates/swbus-actor/src/lib.rs	.specula-output/confirmation/CR-2/worktree/crates/swbus-actor/src/lib.rs	file	0664	1783577638482881526	1668	fda76d091927d51c44ff868e5af2c415141244d27590d53059b2cc8481a96270		copy	run-evidence		
.specula-output/confirmation/CR-2/worktree/crates/swbus-actor/src/runtime.rs	.specula-output/confirmation/CR-2/worktree/crates/swbus-actor/src/runtime.rs	file	0664	1783577638482881526	2495	5ca245698919de5f5c8729b962670044e01a63c4e6df27219d41b45fa9082000		copy	run-evidence		
.specula-output/confirmation/CR-2/worktree/crates/swbus-actor/src/state	.specula-output/confirmation/CR-2/worktree/crates/swbus-actor/src/state	directory	0775	1783577638482881526				mkdir	run-directory		
.specula-output/confirmation/CR-2/worktree/crates/swbus-actor/src/state.rs	.specula-output/confirmation/CR-2/worktree/crates/swbus-actor/src/state.rs	file	0664	1783577638482881526	2561	5f002cee0f0a7c630a2ed009eefde818735b8ece52f308b48a88ce949a54192b		copy	run-evidence		
.specula-output/confirmation/CR-2/worktree/crates/swbus-actor/src/state/incoming.rs	.specula-output/confirmation/CR-2/worktree/crates/swbus-actor/src/state/incoming.rs	file	0664	1783577638482881526	8239	58649721fc05693638596fc0eb939000e023166dad4ab9a6acbb464e20ded43c		copy	run-evidence		
.specula-output/confirmation/CR-2/worktree/crates/swbus-actor/src/state/internal.rs	.specula-output/confirmation/CR-2/worktree/crates/swbus-actor/src/state/internal.rs	file	0664	1783577638482881526	4947	df2a3d82f3e88e8bf02c94f9ed242cd0aa05910506a180bf7bf3e2caf74e4b24		copy	run-evidence		
.specula-output/confirmation/CR-2/worktree/crates/swbus-actor/src/state/outgoing.rs	.specula-output/confirmation/CR-2/worktree/crates/swbus-actor/src/state/outgoing.rs	file	0664	1783577638482881526	9087	9072a2340f004f04620459e715991ef61990f269e1fe4f770fa76e1f519bce29		copy	run-evidence		
.specula-output/confirmation/CR-2/worktree/crates/swbus-actor/tests	.specula-output/confirmation/CR-2/worktree/crates/swbus-actor/tests	directory	0775	1783577638482881526				mkdir	run-directory		
.specula-output/confirmation/CR-2/worktree/crates/swbus-actor/tests/count_to_1000.json	.specula-output/confirmation/CR-2/worktree/crates/swbus-actor/tests/count_to_1000.json	file	0664	1783577638482881526	462	a526d7f7fd63dee8e6a28441d4ccdb5051bad804c5abf6973d795f186ae9f90c		copy	run-evidence		
.specula-output/confirmation/CR-2/worktree/crates/swbus-actor/tests/count_to_1000_internal_table.json	.specula-output/confirmation/CR-2/worktree/crates/swbus-actor/tests/count_to_1000_internal_table.json	file	0664	1783577638482881526	777	3360024920871c2ccc8b41b6d66ff877c2191c30b65b1ff88761c7859ab5702f		copy	run-evidence		
.specula-output/confirmation/CR-2/worktree/crates/swbus-actor/tests/echo.json	.specula-output/confirmation/CR-2/worktree/crates/swbus-actor/tests/echo.json	file	0664	1783577638482881526	816	3932f2c4900222c50157d25ae9e2f857486542ca7a1fc35faf59906b81c70bb0		copy	run-evidence		
.specula-output/confirmation/CR-2/worktree/crates/swbus-actor/tests/echo.rs	.specula-output/confirmation/CR-2/worktree/crates/swbus-actor/tests/echo.rs	file	0664	1783577638482881526	3189	b0efe97d0aba9e36c6ecd1c07ef9cc62a1564e0ad0bcd354b8243be91e498174		copy	run-evidence		
.specula-output/confirmation/CR-2/worktree/crates/swbus-actor/tests/kvstore.rs	.specula-output/confirmation/CR-2/worktree/crates/swbus-actor/tests/kvstore.rs	file	0664	1783577638482881526	14209	222d6b28b6d6349592f9d666ebcab19d82969ecdbd8871efb0fd7a4c30a7c392		copy	run-evidence		
.specula-output/confirmation/CR-2/worktree/crates/swbus-actor/tests/test_executor.rs	.specula-output/confirmation/CR-2/worktree/crates/swbus-actor/tests/test_executor.rs	file	0664	1783577638482881526	7562	50043e5deff8832b7d1543a1efd479828590b86a3a6f01311ce7b7e0adf888ec		copy	run-evidence		
.specula-output/confirmation/CR-2/worktree/crates/swbus-cli	.specula-output/confirmation/CR-2/worktree/crates/swbus-cli	directory	0775	1783577638483881544				mkdir	run-directory		
.specula-output/confirmation/CR-2/worktree/crates/swbus-cli/Cargo.toml	.specula-output/confirmation/CR-2/worktree/crates/swbus-cli/Cargo.toml	file	0664	1783577638482881526	1071	65cdad879d4bb96ee5bb725314c9ce6e3e55cf76cf87983210a54bfd7e8cc97d		copy	run-evidence		
.specula-output/confirmation/CR-2/worktree/crates/swbus-cli/README.md	.specula-output/confirmation/CR-2/worktree/crates/swbus-cli/README.md	file	0664	1783577638483881544	38259	e107629ff39c946eb879f1767836944d45d8c268c4fbb092d0b488558f6d537c		copy	run-evidence		
.specula-output/confirmation/CR-2/worktree/crates/swbus-cli/src	.specula-output/confirmation/CR-2/worktree/crates/swbus-cli/src	directory	0775	1783577638483881544				mkdir	run-directory		
.specula-output/confirmation/CR-2/worktree/crates/swbus-cli/src/main.rs	.specula-output/confirmation/CR-2/worktree/crates/swbus-cli/src/main.rs	file	0664	1783577638483881544	9069	9d07ab9ea427e8658c53ee5eaa4f6099d2eaf8ff22d2074da8dac0dd591f9e94		copy	run-evidence		
.specula-output/confirmation/CR-2/worktree/crates/swbus-cli/src/ping.rs	.specula-output/confirmation/CR-2/worktree/crates/swbus-cli/src/ping.rs	file	0664	1783577638483881544	3482	302b9f0b87b6637a1f3f04b9564db8bdcdb38f7c393d2487cb49ce4501ecf39f		copy	run-evidence		
.specula-output/confirmation/CR-2/worktree/crates/swbus-cli/src/show	.specula-output/confirmation/CR-2/worktree/crates/swbus-cli/src/show	directory	0775	1783577638483881544				mkdir	run-directory		
.specula-output/confirmation/CR-2/worktree/crates/swbus-cli/src/show/hamgrd	.specula-output/confirmation/CR-2/worktree/crates/swbus-cli/src/show/hamgrd	directory	0775	1783577638483881544				mkdir	run-directory		
.specula-output/confirmation/CR-2/worktree/crates/swbus-cli/src/show/hamgrd/actor.rs	.specula-output/confirmation/CR-2/worktree/crates/swbus-cli/src/show/hamgrd/actor.rs	file	0664	1783577638483881544	12765	47bab784e11ec8e3ee6702bd30ae517196da980168dd6745a610a1d0b3d35b03		copy	run-evidence		
.specula-output/confirmation/CR-2/worktree/crates/swbus-cli/src/show/hamgrd/mod.rs	.specula-output/confirmation/CR-2/worktree/crates/swbus-cli/src/show/hamgrd/mod.rs	file	0664	1783577638483881544	742	c6a56e88d069056b1c90cbdc05a6157dc192c99abcb24f0468b5f71513c2e937		copy	run-evidence		
.specula-output/confirmation/CR-2/worktree/crates/swbus-cli/src/show/mod.rs	.specula-output/confirmation/CR-2/worktree/crates/swbus-cli/src/show/mod.rs	file	0664	1783577638483881544	2339	4d797f0f441551b13c7551691376bf4401e0af84c573d3c1f04e684312d43993		copy	run-evidence		
.specula-output/confirmation/CR-2/worktree/crates/swbus-cli/src/show/swbusd	.specula-output/confirmation/CR-2/worktree/crates/swbus-cli/src/show/swbusd	directory	0775	1783577638483881544				mkdir	run-directory		
.specula-output/confirmation/CR-2/worktree/crates/swbus-cli/src/show/swbusd/mod.rs	.specula-output/confirmation/CR-2/worktree/crates/swbus-cli/src/show/swbusd/mod.rs	file	0664	1783577638483881544	743	61e790a87bcee322326c7d5bfc851b9af3328948d282958532921e2330826a4e		copy	run-evidence		
.specula-output/confirmation/CR-2/worktree/crates/swbus-cli/src/show/swbusd/route.rs	.specula-output/confirmation/CR-2/worktree/crates/swbus-cli/src/show/swbusd/route.rs	file	0664	1783577638483881544	2332	449e8c04a13912bdd698fd85fe3e5b69f5effc45720b64f60a3781a72a9de561		copy	run-evidence		
.specula-output/confirmation/CR-2/worktree/crates/swbus-cli/src/trace_route.rs	.specula-output/confirmation/CR-2/worktree/crates/swbus-cli/src/trace_route.rs	file	0664	1783577638483881544	3667	e77d34f013f78ffb80acc8c1d55c1869100580a284fcf3f0775817c1f2ad665b		copy	run-evidence		
.specula-output/confirmation/CR-2/worktree/crates/swbus-config	.specula-output/confirmation/CR-2/worktree/crates/swbus-config	directory	0775	1783577638483881544				mkdir	run-directory		
.specula-output/confirmation/CR-2/worktree/crates/swbus-config/Cargo.toml	.specula-output/confirmation/CR-2/worktree/crates/swbus-config/Cargo.toml	file	0664	1783577638483881544	559	79bc8140e9eb0d7f02e8bdece38cffe8281b75bf50dce639777b047622da7fc3		copy	run-evidence		
.specula-output/confirmation/CR-2/worktree/crates/swbus-config/src	.specula-output/confirmation/CR-2/worktree/crates/swbus-config/src	directory	0775	1783577638483881544				mkdir	run-directory		
.specula-output/confirmation/CR-2/worktree/crates/swbus-config/src/lib.rs	.specula-output/confirmation/CR-2/worktree/crates/swbus-config/src/lib.rs	file	0664	1783577638483881544	18793	ffcadaeb1bd7d0ed3392c7eb60ac3534f6830a2da95054c6748b9636cffc3ca0		copy	run-evidence		
.specula-output/confirmation/CR-2/worktree/crates/swbus-core	.specula-output/confirmation/CR-2/worktree/crates/swbus-core	directory	0775	1783577638484881562				mkdir	run-directory		
.specula-output/confirmation/CR-2/worktree/crates/swbus-core/Cargo.toml	.specula-output/confirmation/CR-2/worktree/crates/swbus-core/Cargo.toml	file	0664	1783577638483881544	1330	c79318a8db3b49666b6d556318936e57d7c839fbe7df192f02b7a5dc350fa039		copy	run-evidence		
.specula-output/confirmation/CR-2/worktree/crates/swbus-core/README.md	.specula-output/confirmation/CR-2/worktree/crates/swbus-core/README.md	file	0664	1783577638483881544	1416	7b6e4f07bf7073b3731ba25b30d7f13c27e0977d666b95c579669bd16d5a3042		copy	run-evidence		
.specula-output/confirmation/CR-2/worktree/crates/swbus-core/src	.specula-output/confirmation/CR-2/worktree/crates/swbus-core/src	directory	0775	1783577638483881544				mkdir	run-directory		
.specula-output/confirmation/CR-2/worktree/crates/swbus-core/src/lib.rs	.specula-output/confirmation/CR-2/worktree/crates/swbus-core/src/lib.rs	file	0664	1783577638483881544	13	f2c4a3f2982159d12c01660774a358d089842e360f791542e27b0a63f40fe44e		copy	run-evidence		
.specula-output/confirmation/CR-2/worktree/crates/swbus-core/src/mux	.specula-output/confirmation/CR-2/worktree/crates/swbus-core/src/mux	directory	0775	1783577638484881562				mkdir	run-directory		
.specula-output/confirmation/CR-2/worktree/crates/swbus-core/src/mux/conn.rs	.specula-output/confirmation/CR-2/worktree/crates/swbus-core/src/mux/conn.rs	file	0664	1783577638484881562	9440	f6752c32a029b6ee3d0c12249185a5024fd75ceb01b03afe883bd7ed1cee94ca		copy	run-evidence		
.specula-output/confirmation/CR-2/worktree/crates/swbus-core/src/mux/conn_info.rs	.specula-output/confirmation/CR-2/worktree/crates/swbus-core/src/mux/conn_info.rs	file	0664	1783577638484881562	3011	9b85b1e1c6f83c8a42380a9b155fa5a65df70c494d4a0de40b1d5d63fdbdbcfb		copy	run-evidence		
.specula-output/confirmation/CR-2/worktree/crates/swbus-core/src/mux/conn_proxy.rs	.specula-output/confirmation/CR-2/worktree/crates/swbus-core/src/mux/conn_proxy.rs	file	0664	1783577638484881562	2046	de7d3fb1c2df94f54e7270123e579094b8e12b8edb2b53a1a687bd3269ffa448		copy	run-evidence		
.specula-output/confirmation/CR-2/worktree/crates/swbus-core/src/mux/conn_store.rs	.specula-output/confirmation/CR-2/worktree/crates/swbus-core/src/mux/conn_store.rs	file	0664	1783577638484881562	6605	41d21e16d938f2d48b8493cc3df468583cfdfb097c172fceef5864d04203e817		copy	run-evidence		
.specula-output/confirmation/CR-2/worktree/crates/swbus-core/src/mux/conn_worker.rs	.specula-output/confirmation/CR-2/worktree/crates/swbus-core/src/mux/conn_worker.rs	file	0664	1783577638484881562	15099	3b158bb968c38d16f5a57be40607fa9b09c8cd57aac8d96002785a6c08be15e4		copy	run-evidence		
.specula-output/confirmation/CR-2/worktree/crates/swbus-core/src/mux/message_handler.rs	.specula-output/confirmation/CR-2/worktree/crates/swbus-core/src/mux/message_handler.rs	file	0664	1783577638484881562	158	f930df5f26de8d7cd9345640421dfd9e03c43edc27c0d3a3f57df4f9ace00abc		copy	run-evidence		
.specula-output/confirmation/CR-2/worktree/crates/swbus-core/src/mux/mod.rs	.specula-output/confirmation/CR-2/worktree/crates/swbus-core/src/mux/mod.rs	file	0664	1783577638484881562	346	bb79fa8dc0dccb7f34c2f0590cc2c293b7807a71ee917c99b415c024d6e67283		copy	run-evidence		
.specula-output/confirmation/CR-2/worktree/crates/swbus-core/src/mux/multiplexer.rs	.specula-output/confirmation/CR-2/worktree/crates/swbus-core/src/mux/multiplexer.rs	file	0664	1783577638484881562	67052	28a50fe1740d4c3f29bcc998f10c95282f00d232845dc19b9a48726207342b76		copy	run-evidence		
.specula-output/confirmation/CR-2/worktree/crates/swbus-core/src/mux/nexthop.rs	.specula-output/confirmation/CR-2/worktree/crates/swbus-core/src/mux/nexthop.rs	file	0664	1783577638484881562	12982	bcbcedb9b9789ecacc1bfd288d23b6c92dda0d75b67053dac94917a335e503dd		copy	run-evidence		
.specula-output/confirmation/CR-2/worktree/crates/swbus-core/src/mux/route_annoucer.rs	.specula-output/confirmation/CR-2/worktree/crates/swbus-core/src/mux/route_annoucer.rs	file	0664	1783577638484881562	8957	d78c3f66cae469d8c2447ef379cdcb3c4e762aba27ebb47194bfcc4803260e3d		copy	run-evidence		
.specula-output/confirmation/CR-2/worktree/crates/swbus-core/src/mux/service.rs	.specula-output/confirmation/CR-2/worktree/crates/swbus-core/src/mux/service.rs	file	0664	1783577638484881562	6880	bff225afcbbf76309e00b3e7802f951d538dd14c73332ef1831f9edd75b88923		copy	run-evidence		
.specula-output/confirmation/CR-2/worktree/crates/swbus-core/tests	.specula-output/confirmation/CR-2/worktree/crates/swbus-core/tests	directory	0775	1783577638485881581				mkdir	run-directory		
.specula-output/confirmation/CR-2/worktree/crates/swbus-core/tests/README.md	.specula-output/confirmation/CR-2/worktree/crates/swbus-core/tests/README.md	file	0664	1783577638484881562	4503	e2741cb85a00b0bc3d26d64aa03266506a734ac0c05f9e9ce047e2c04d4f0203		copy	run-evidence		
.specula-output/confirmation/CR-2/worktree/crates/swbus-core/tests/basic_tests.rs	.specula-output/confirmation/CR-2/worktree/crates/swbus-core/tests/basic_tests.rs	file	0664	1783577638484881562	1282	7ae57d1b5ee64a505e5fb02426585f4569dfc5b609583462372c83eb993a3199		copy	run-evidence		
.specula-output/confirmation/CR-2/worktree/crates/swbus-core/tests/common	.specula-output/confirmation/CR-2/worktree/crates/swbus-core/tests/common	directory	0775	1783577638484881562				mkdir	run-directory		
.specula-output/confirmation/CR-2/worktree/crates/swbus-core/tests/common/mod.rs	.specula-output/confirmation/CR-2/worktree/crates/swbus-core/tests/common/mod.rs	file	0664	1783577638484881562	23	4bffae5c73b3fb27a869ffb553a542afe718b36f6ca9c879789a7d562ef2aa38		copy	run-evidence		
.specula-output/confirmation/CR-2/worktree/crates/swbus-core/tests/common/test_executor.rs	.specula-output/confirmation/CR-2/worktree/crates/swbus-core/tests/common/test_executor.rs	file	0664	1783577638484881562	9518	f5d2563cc8f5bc5b906d9d550ad88b43545279fe31de0eb0c62dc651d19f020d		copy	run-evidence		
.specula-output/confirmation/CR-2/worktree/crates/swbus-core/tests/data	.specula-output/confirmation/CR-2/worktree/crates/swbus-core/tests/data	directory	0775	1783577638485881581				mkdir	run-directory		
.specula-output/confirmation/CR-2/worktree/crates/swbus-core/tests/data/b2b	.specula-output/confirmation/CR-2/worktree/crates/swbus-core/tests/data/b2b	directory	0775	1783577638485881581				mkdir	run-directory		
.specula-output/confirmation/CR-2/worktree/crates/swbus-core/tests/data/b2b/test_ping.json	.specula-output/confirmation/CR-2/worktree/crates/swbus-core/tests/data/b2b/test_ping.json	file	0664	1783577638485881581	3861	121c48e72ddada29549444f3f369b880c786a3b8bcc3be90829993c839e20334		copy	run-evidence		
.specula-output/confirmation/CR-2/worktree/crates/swbus-core/tests/data/b2b/test_show_route.json	.specula-output/confirmation/CR-2/worktree/crates/swbus-core/tests/data/b2b/test_show_route.json	file	0664	1783577638485881581	2406	4d770ea007370b04d62c7e9abad7547cef35af72de4973e8ceffbfe7d2efb48c		copy	run-evidence		
.specula-output/confirmation/CR-2/worktree/crates/swbus-core/tests/data/b2b/test_trace_route.json	.specula-output/confirmation/CR-2/worktree/crates/swbus-core/tests/data/b2b/test_trace_route.json	file	0664	1783577638485881581	3825	d66b6a38c8d290e3220a3a59b8928fa460126b411607c6a6367f4b37406b132a		copy	run-evidence		
.specula-output/confirmation/CR-2/worktree/crates/swbus-core/tests/data/b2b/topo.json	.specula-output/confirmation/CR-2/worktree/crates/swbus-core/tests/data/b2b/topo.json	file	0664	1783577638485881581	1129	7f245989e5059b18fabf7b5a16c7d775bf74792684f6550799515fd7d5a36dee		copy	run-evidence		
.specula-output/confirmation/CR-2/worktree/crates/swbus-core/tests/data/inter-cluster	.specula-output/confirmation/CR-2/worktree/crates/swbus-core/tests/data/inter-cluster	directory	0775	1783577638485881581				mkdir	run-directory		
.specula-output/confirmation/CR-2/worktree/crates/swbus-core/tests/data/inter-cluster/test_ping.json	.specula-output/confirmation/CR-2/worktree/crates/swbus-core/tests/data/inter-cluster/test_ping.json	file	0664	1783577638485881581	1240	384b680d1ab080bf5676feb07454d59fe9c231f6b999d94e817de1a8b8fcaa30		copy	run-evidence		
.specula-output/confirmation/CR-2/worktree/crates/swbus-core/tests/data/inter-cluster/test_show_route.json	.specula-output/confirmation/CR-2/worktree/crates/swbus-core/tests/data/inter-cluster/test_show_route.json	file	0664	1783577638485881581	3159	d720404da221821256a32fbfd0c1e7fe7c80d5ddb11a01f1d10eac2e94789c30		copy	run-evidence		
.specula-output/confirmation/CR-2/worktree/crates/swbus-core/tests/data/inter-cluster/topo.json	.specula-output/confirmation/CR-2/worktree/crates/swbus-core/tests/data/inter-cluster/topo.json	file	0664	1783577638485881581	2628	10ccb3a884b12e8cb8cc38a5800e6109f4d0c5adefd6c106a3982942c4117fe4		copy	run-evidence		
.specula-output/confirmation/CR-2/worktree/crates/swbus-core/tests/inter_cluster_tests.rs	.specula-output/confirmation/CR-2/worktree/crates/swbus-core/tests/inter_cluster_tests.rs	file	0664	1783577638485881581	972	c475273e93281d918b0e00f56b58b8a7b710a48bdffe43e2aa217043f5a6accc		copy	run-evidence		
.specula-output/confirmation/CR-2/worktree/crates/swbus-edge	.specula-output/confirmation/CR-2/worktree/crates/swbus-edge	directory	0775	1783577638485881581				mkdir	run-directory		
.specula-output/confirmation/CR-2/worktree/crates/swbus-edge/Cargo.toml	.specula-output/confirmation/CR-2/worktree/crates/swbus-edge/Cargo.toml	file	0664	1783577638485881581	752	6eabac2ce4f046ba26b173216304859075b31429651a1d9acaea0ed63e2ce59f		copy	run-evidence		
.specula-output/confirmation/CR-2/worktree/crates/swbus-edge/src	.specula-output/confirmation/CR-2/worktree/crates/swbus-edge/src	directory	0775	1783577638485881581				mkdir	run-directory		
.specula-output/confirmation/CR-2/worktree/crates/swbus-edge/src/core_client.rs	.specula-output/confirmation/CR-2/worktree/crates/swbus-edge/src/core_client.rs	file	0664	1783577638485881581	7284	4c51402847f363a0e62ccc7c2861d95546c89f07a7e396751b2dee6de3f7f4a4		copy	run-evidence		
.specula-output/confirmation/CR-2/worktree/crates/swbus-edge/src/edge_runtime.rs	.specula-output/confirmation/CR-2/worktree/crates/swbus-edge/src/edge_runtime.rs	file	0664	1783577638485881581	10890	7d5d3a0ba3fdd67421da20c188922d30f01943b30a86215f17d0872251244913		copy	run-evidence		
.specula-output/confirmation/CR-2/worktree/crates/swbus-edge/src/lib.rs	.specula-output/confirmation/CR-2/worktree/crates/swbus-edge/src/lib.rs	file	0664	1783577638485881581	576	faa5c95b88dd1e34c954c7b8f1c0b07bca26b7a3d3bde04cfe632e4751790235		copy	run-evidence		
.specula-output/confirmation/CR-2/worktree/crates/swbus-edge/src/message_handler_proxy.rs	.specula-output/confirmation/CR-2/worktree/crates/swbus-edge/src/message_handler_proxy.rs	file	0664	1783577638485881581	749	cfc59cbcbc8d0d7c834282aa40a9f0831cdf01ff2af7c5cf48ad59e29fb390f3		copy	run-evidence		
.specula-output/confirmation/CR-2/worktree/crates/swbus-edge/src/message_router	.specula-output/confirmation/CR-2/worktree/crates/swbus-edge/src/message_router	directory	0775	1783577638485881581				mkdir	run-directory		
.specula-output/confirmation/CR-2/worktree/crates/swbus-edge/src/message_router.rs	.specula-output/confirmation/CR-2/worktree/crates/swbus-edge/src/message_router.rs	file	0664	1783577638485881581	4376	75ccbe703a6d3a085d1d201d25ed68166cbfffe81253171fc5238ca35dfa3678		copy	run-evidence		
.specula-output/confirmation/CR-2/worktree/crates/swbus-edge/src/message_router/route_map.rs	.specula-output/confirmation/CR-2/worktree/crates/swbus-edge/src/message_router/route_map.rs	file	0664	1783577638485881581	1159	3fa445253853cba9c638369165ade9035f4a2c5d468c2cf349e7acd46b9722fc		copy	run-evidence		
.specula-output/confirmation/CR-2/worktree/crates/swbus-edge/src/simple_client.rs	.specula-output/confirmation/CR-2/worktree/crates/swbus-edge/src/simple_client.rs	file	0664	1783577638485881581	8859	7cb77df0b2ab1f2769bcffc19c837c968e7441843dd1108ec9bbc005cc45b4ec		copy	run-evidence		
.specula-output/confirmation/CR-2/worktree/crates/swbus-proto	.specula-output/confirmation/CR-2/worktree/crates/swbus-proto	directory	0775	1783577638486881599				mkdir	run-directory		
.specula-output/confirmation/CR-2/worktree/crates/swbus-proto/Cargo.toml	.specula-output/confirmation/CR-2/worktree/crates/swbus-proto/Cargo.toml	file	0664	1783577638485881581	558	53075c8a8953b79a5af426c44e916d9173cf353783d330db43f605f2d7464c60		copy	run-evidence		
.specula-output/confirmation/CR-2/worktree/crates/swbus-proto/build.rs	.specula-output/confirmation/CR-2/worktree/crates/swbus-proto/build.rs	file	0664	1783577638486881599	2026	475cdc9bca2eccbcbb42c7d6a07d2722669cef7228295088c8274cd681dd4484		copy	run-evidence		
.specula-output/confirmation/CR-2/worktree/crates/swbus-proto/proto	.specula-output/confirmation/CR-2/worktree/crates/swbus-proto/proto	directory	0775	1783577638486881599				mkdir	run-directory		
.specula-output/confirmation/CR-2/worktree/crates/swbus-proto/proto/swbus.proto	.specula-output/confirmation/CR-2/worktree/crates/swbus-proto/proto/swbus.proto	file	0664	1783577638486881599	6294	aac645c86603c5df39e5077aa1f869c542a0ca1421d44d8e1fca8f6ff3e636ea		copy	run-evidence		
.specula-output/confirmation/CR-2/worktree/crates/swbus-proto/src	.specula-output/confirmation/CR-2/worktree/crates/swbus-proto/src	directory	0775	1783577638486881599				mkdir	run-directory		
.specula-output/confirmation/CR-2/worktree/crates/swbus-proto/src/lib.rs	.specula-output/confirmation/CR-2/worktree/crates/swbus-proto/src/lib.rs	file	0664	1783577638486881599	61	d17df02f80826a817591af5b5010b0f6ac4898f5699eacd91ad7b47196752c22		copy	run-evidence		
.specula-output/confirmation/CR-2/worktree/crates/swbus-proto/src/message_id_generator.rs	.specula-output/confirmation/CR-2/worktree/crates/swbus-proto/src/message_id_generator.rs	file	0664	1783577638486881599	843	e719f9dd9bed5b86769144312a3c1e3a9af6c8767092dc9486d67bb3abb8fc11		copy	run-evidence		
.specula-output/confirmation/CR-2/worktree/crates/swbus-proto/src/result.rs	.specula-output/confirmation/CR-2/worktree/crates/swbus-proto/src/result.rs	file	0664	1783577638486881599	2424	a96858c007b047d749ea20494a2e1231eff29c547de8b7ebb0040ad8c5dd4676		copy	run-evidence		
.specula-output/confirmation/CR-2/worktree/crates/swbus-proto/src/swbus.rs	.specula-output/confirmation/CR-2/worktree/crates/swbus-proto/src/swbus.rs	file	0664	1783577638486881599	23852	20d8e932178d8c48aede8b3d87b633155c3ca9565b0f185aed190970c0a6ee42		copy	run-evidence		
.specula-output/confirmation/CR-2/worktree/crates/swbusd	.specula-output/confirmation/CR-2/worktree/crates/swbusd	directory	0775	1783577638486881599				mkdir	run-directory		
.specula-output/confirmation/CR-2/worktree/crates/swbusd/Cargo.toml	.specula-output/confirmation/CR-2/worktree/crates/swbusd/Cargo.toml	file	0664	1783577638486881599	717	54924fd7838c8233ff4bb1a2c69ab2d64c508e01b855299dcd305d24f38c5bf1		copy	run-evidence		
.specula-output/confirmation/CR-2/worktree/crates/swbusd/sample	.specula-output/confirmation/CR-2/worktree/crates/swbusd/sample	directory	0775	1783577638486881599				mkdir	run-directory		
.specula-output/confirmation/CR-2/worktree/crates/swbusd/sample/inter-cluster	.specula-output/confirmation/CR-2/worktree/crates/swbusd/sample/inter-cluster	directory	0775	1783577638486881599				mkdir	run-directory		
.specula-output/confirmation/CR-2/worktree/crates/swbusd/sample/inter-cluster/swbusd_cluster-a.10.0.0.1.cfg	.specula-output/confirmation/CR-2/worktree/crates/swbusd/sample/inter-cluster/swbusd_cluster-a.10.0.0.1.cfg	file	0664	1783577638486881599	470	0f011fc137e242399d46c0b5f2c340f26d6f32f92a44316a10e4e1c7e388e9a1		copy	run-evidence		
.specula-output/confirmation/CR-2/worktree/crates/swbusd/sample/inter-cluster/swbusd_cluster-a.10.0.0.2.cfg	.specula-output/confirmation/CR-2/worktree/crates/swbusd/sample/inter-cluster/swbusd_cluster-a.10.0.0.2.cfg	file	0664	1783577638486881599	274	196dd09c012bef6ace2d36fb3911625f4cdaf808059fb519418e398080c76999		copy	run-evidence		
.specula-output/confirmation/CR-2/worktree/crates/swbusd/sample/inter-cluster/swbusd_cluster-b.11.0.0.1.cfg	.specula-output/confirmation/CR-2/worktree/crates/swbusd/sample/inter-cluster/swbusd_cluster-b.11.0.0.1.cfg	file	0664	1783577638486881599	343	eb4623b5c1f3c39b3e402fdb41ca86aef420b5a8a3650613f2a9823b04ac55bf		copy	run-evidence		
.specula-output/confirmation/CR-2/worktree/crates/swbusd/sample/swbusd1.cfg	.specula-output/confirmation/CR-2/worktree/crates/swbusd/sample/swbusd1.cfg	file	0664	1783577638486881599	344	5048fdda47d8a6f85ecf7552fa66ebbb4d3ed5b785f836a720b7eeb51bd22b19		copy	run-evidence		
.specula-output/confirmation/CR-2/worktree/crates/swbusd/sample/swbusd2.cfg	.specula-output/confirmation/CR-2/worktree/crates/swbusd/sample/swbusd2.cfg	file	0664	1783577638486881599	274	196dd09c012bef6ace2d36fb3911625f4cdaf808059fb519418e398080c76999		copy	run-evidence		
.specula-output/confirmation/CR-2/worktree/crates/swbusd/src	.specula-output/confirmation/CR-2/worktree/crates/swbusd/src	directory	0775	1783577638486881599				mkdir	run-directory		
.specula-output/confirmation/CR-2/worktree/crates/swbusd/src/main.rs	.specula-output/confirmation/CR-2/worktree/crates/swbusd/src/main.rs	file	0664	1783577638486881599	1262	967c40e9b6ba91ab7884f883516746bf5b6bcd94aa38cec68485a427e32b9fd4		copy	run-evidence		
.specula-output/confirmation/CR-2/worktree/crates/swss-common-bridge	.specula-output/confirmation/CR-2/worktree/crates/swss-common-bridge	directory	0775	1783577638486881599				mkdir	run-directory		
.specula-output/confirmation/CR-2/worktree/crates/swss-common-bridge/Cargo.toml	.specula-output/confirmation/CR-2/worktree/crates/swss-common-bridge/Cargo.toml	file	0664	1783577638486881599	755	90d0fd07f27224840f9e8aa43ae6d16be1e433fdcd9bffed3e9d7d5c27f0caac		copy	run-evidence		
.specula-output/confirmation/CR-2/worktree/crates/swss-common-bridge/src	.specula-output/confirmation/CR-2/worktree/crates/swss-common-bridge/src	directory	0775	1783577638486881599				mkdir	run-directory		
.specula-output/confirmation/CR-2/worktree/crates/swss-common-bridge/src/consumer.rs	.specula-output/confirmation/CR-2/worktree/crates/swss-common-bridge/src/consumer.rs	file	0664	1783577638486881599	15722	d29510353c47d63cc4732f9075e55428f5605a35cb40c84728bfe585e3b6ae81		copy	run-evidence		
.specula-output/confirmation/CR-2/worktree/crates/swss-common-bridge/src/lib.rs	.specula-output/confirmation/CR-2/worktree/crates/swss-common-bridge/src/lib.rs	file	0664	1783577638486881599	2341	d50bada2027ab4bdfe19da142733e301550d8a13a43b728baf38f1dc0a95f619		copy	run-evidence		
.specula-output/confirmation/CR-2/worktree/crates/swss-common-bridge/src/producer.rs	.specula-output/confirmation/CR-2/worktree/crates/swss-common-bridge/src/producer.rs	file	0664	1783577638486881599	16096	e6204c6c8b791275c57cb4d4818b4c1c2be3cc0bf6e317bd95743aa20527d18a		copy	run-evidence		
.specula-output/confirmation/CR-2/worktree/crates/swss-serde	.specula-output/confirmation/CR-2/worktree/crates/swss-serde	directory	0775	1783577638487881618				mkdir	run-directory		
.specula-output/confirmation/CR-2/worktree/crates/swss-serde/Cargo.toml	.specula-output/confirmation/CR-2/worktree/crates/swss-serde/Cargo.toml	file	0664	1783577638486881599	409	996d81b6c4c147fde077b633256c11bd82fa1e005462fc46dca009ae66a3bead		copy	run-evidence		
.specula-output/confirmation/CR-2/worktree/crates/swss-serde/src	.specula-output/confirmation/CR-2/worktree/crates/swss-serde/src	directory	0775	1783577638487881618				mkdir	run-directory		
.specula-output/confirmation/CR-2/worktree/crates/swss-serde/src/error.rs	.specula-output/confirmation/CR-2/worktree/crates/swss-serde/src/error.rs	file	0664	1783577638487881618	595	cde10988fad503119f0fcfff46c95c6b2173005227d97f6e412499269c64e017		copy	run-evidence		
.specula-output/confirmation/CR-2/worktree/crates/swss-serde/src/field_value.rs	.specula-output/confirmation/CR-2/worktree/crates/swss-serde/src/field_value.rs	file	0664	1783577638487881618	10246	8a9087750327abf38082b37f096912427bfb3306dbe93c986947c8325d1565b9		copy	run-evidence		
.specula-output/confirmation/CR-2/worktree/crates/swss-serde/src/field_values.rs	.specula-output/confirmation/CR-2/worktree/crates/swss-serde/src/field_values.rs	file	0664	1783577638487881618	5341	4bdecb30295f4d23fdb2425d040c4cc4dcfff22331112d8ad441ce91ed524ef8		copy	run-evidence		
.specula-output/confirmation/CR-2/worktree/crates/swss-serde/src/lib.rs	.specula-output/confirmation/CR-2/worktree/crates/swss-serde/src/lib.rs	file	0664	1783577638487881618	1359	5ed868b6f5d73e9e01ccfef09f376878eaf337279e11c19ddbaea191839bb578		copy	run-evidence		
.specula-output/confirmation/CR-2/worktree/crates/swss-serde/src/table.rs	.specula-output/confirmation/CR-2/worktree/crates/swss-serde/src/table.rs	file	0664	1783577638487881618	3496	8761b69bf3fc7ab4f824400e828437f3e05c64707ab27772c0ebdc94d3e5fb92		copy	run-evidence		
.specula-output/confirmation/CR-2/worktree/crates/swss-serde/src/test.rs	.specula-output/confirmation/CR-2/worktree/crates/swss-serde/src/test.rs	file	0664	1783577638487881618	5878	ba5857b01fa8dcc87b8107f3f475c996b370fd65efe9c8c944d6123de14559fa		copy	run-evidence		
.specula-output/confirmation/CR-2/worktree/debian	.specula-output/confirmation/CR-2/worktree/debian	directory	0775	1783577638487881618				mkdir	run-directory		
.specula-output/confirmation/CR-2/worktree/debian/.gitignore	.record/source-control/.specula-output/confirmation/CR-2/worktree/debian/gitignore.source	file	0664	1783577638487881618	66	5ba161d24cf3cf6ca666052cd4a803bc4c5b4513f2f2d8ce173dd44ac27b332c		copy	run-evidence		
.specula-output/confirmation/CR-2/worktree/debian/changelog	.specula-output/confirmation/CR-2/worktree/debian/changelog	file	0664	1783577638487881618	133	b0e4c77158baf68f5f4e44a9e9cf8cc2cb87fb1e5d972d5c8ece7ec12bcf9ebf		copy	run-evidence		
.specula-output/confirmation/CR-2/worktree/debian/compat	.specula-output/confirmation/CR-2/worktree/debian/compat	file	0664	1783577638487881618	2	4fc82b26aecb47d2868c4efbe3581732a3e7cbcc6c2efb32062c08170a05eeb8		copy	run-evidence		
.specula-output/confirmation/CR-2/worktree/debian/control	.specula-output/confirmation/CR-2/worktree/debian/control	file	0664	1783577638487881618	402	dc830719b6f4481a9ceb047afe697fd9646c1bc4004c3044954d142af14c3300		copy	run-evidence		
.specula-output/confirmation/CR-2/worktree/debian/install	.specula-output/confirmation/CR-2/worktree/debian/install	file	0664	1783577638487881618	130	191b4426c4b291ad2a887f4ca2ff8f117b3e011c79935548c46427b23a5b0f8f		copy	run-evidence		
.specula-output/confirmation/CR-2/worktree/debian/rules	.specula-output/confirmation/CR-2/worktree/debian/rules	file	0775	1783577638487881618	345	7cde28e0b934350b9de186d64baad0f0b9eed95dd6992125c8e29d0175d735bc		copy	run-evidence		
.specula-output/confirmation/CR-2/worktree/rustfmt.toml	.specula-output/confirmation/CR-2/worktree/rustfmt.toml	file	0664	1783577638487881618	443	b978c41d933c21053898dcf392291fd90addd3558f99149227132b85a17be027		copy	run-evidence		
.specula-output/confirmation/CR-2/worktree/scripts	.specula-output/confirmation/CR-2/worktree/scripts	directory	0775	1783577638487881618				mkdir	run-directory		
.specula-output/confirmation/CR-2/worktree/scripts/wait_for_loopback.py	.specula-output/confirmation/CR-2/worktree/scripts/wait_for_loopback.py	file	0664	1783577638487881618	3525	5f8d0244c51cb5dcce41f42706430bbe3f918f054c3242a8b4736cd78e6caf9d		copy	run-evidence		
.specula-output/confirmation/CR-2/worktree/target		directory	0755	1783578078749096182				exclude	non-evidence	build-or-generated-cache	
.specula-output/confirmation/CR-2/worktree/test_utils	.specula-output/confirmation/CR-2/worktree/test_utils	directory	0775	1783577638487881618				mkdir	run-directory		
.specula-output/confirmation/CR-2/worktree/test_utils/README.md	.specula-output/confirmation/CR-2/worktree/test_utils/README.md	file	0664	1783577638487881618	488	94110682d023d1d8e19ad8c9252057b8254259c7b9764fc5e66fc513d93cfac8		copy	run-evidence		
.specula-output/confirmation/CR-2/worktree/test_utils/hamgrd	.specula-output/confirmation/CR-2/worktree/test_utils/hamgrd	directory	0775	1783577638487881618				mkdir	run-directory		
.specula-output/confirmation/CR-2/worktree/test_utils/hamgrd/database_config.json	.specula-output/confirmation/CR-2/worktree/test_utils/hamgrd/database_config.json	file	0664	1783577638487881618	968	1de32db1a468dc0ef74752b4b693dcc1b53113f4dc591ba2946e1cc25dbc931d		copy	run-evidence		
.specula-output/confirmation/CR-2/worktree/test_utils/hamgrd/database_global.json	.specula-output/confirmation/CR-2/worktree/test_utils/hamgrd/database_global.json	file	0664	1783577638487881618	245	33c792f9b464a3934fb39e6d1a1ef16f0df3bdc103dfd5851dfcdc7da7e8a082		copy	run-evidence		
.specula-output/confirmation/CR-2/worktree/test_utils/hamgrd/redis_data_planned_up_then_down.cmd	.specula-output/confirmation/CR-2/worktree/test_utils/hamgrd/redis_data_planned_up_then_down.cmd	file	0664	1783577638487881618	1090	24e710b2196e98324a34e4152d70eebeb633dcd0f0ba0000c812cf1f12a8af85		copy	run-evidence		
.specula-output/confirmation/CR-2/worktree/test_utils/hamgrd/redis_data_set.cmd	.specula-output/confirmation/CR-2/worktree/test_utils/hamgrd/redis_data_set.cmd	file	0664	1783577638487881618	3476	608c1fa7508acf661de34ffd3249560029fb8788dcbd732ea83b36db964afefd		copy	run-evidence		
.specula-output/confirmation/CR-2/worktree/test_utils/hamgrd/redis_data_set_full.cmd	.specula-output/confirmation/CR-2/worktree/test_utils/hamgrd/redis_data_set_full.cmd	file	0664	1783577638487881618	5031	5ac73f5017d2955a45767e803b3a2e6d206bd433118109bd55b26f7254ccb6c6		copy	run-evidence		
.specula-output/confirmation/CR-2/worktree/test_utils/run_redis.sh	.specula-output/confirmation/CR-2/worktree/test_utils/run_redis.sh	file	0775	1783577638487881618	490	a17fe5c24818986e4b2f525924890927c5a4a7ccf2df29c025ab050d54289f7e		copy	run-evidence		
.specula-output/confirmation/CR-3	.specula-output/confirmation/CR-3	directory	0775	1783578517971172693				mkdir	run-directory		
.specula-output/confirmation/CR-3/debate.md	.specula-output/confirmation/CR-3/debate.md	file	0664	1783578517958172447	2870693	40cfb9d71e698b92e70d2667fb258229ee6fa079bf48255b062639426d6237ef		copy	run-evidence		
.specula-output/confirmation/CR-3/turn01_A.log	.specula-output/confirmation/CR-3/turn01_A.log	file	0664	1783578403875075461	702260	c894ee93de1d1ca94e6aa9f40436eb7128848bbc77643b2824b45e8959f19420		copy	run-evidence		
.specula-output/confirmation/CR-3/turn01_A.prompt.md	.specula-output/confirmation/CR-3/turn01_A.prompt.md	file	0664	1783577675068553978	10533	fbb6e9e3afc6183c8dc9c3fbad060ca334c2c4191f27cd7c221ca52d51b9a914		copy	run-evidence		
.specula-output/confirmation/CR-3/turn01_A.usage.json	.specula-output/confirmation/CR-3/turn01_A.usage.json	file	0664	1783578404366084252	245	7b4d8da907f08edb594c3cbabbb7763a9e4afe560be837090203cb1fd926e906		copy	run-evidence		
.specula-output/confirmation/CR-3/turn02_B.log	.specula-output/confirmation/CR-3/turn02_B.log	file	0664	1783578516291140894	731353	6147b181ee1a9f61564d02b34089352fd2f4c214669bbe67a909174332caba73		copy	run-evidence		
.specula-output/confirmation/CR-3/turn02_B.prompt.md	.specula-output/confirmation/CR-3/turn02_B.prompt.md	file	0664	1783578404378084467	705873	1c71c4b10e98e07d4eee338ae6e80e42583c25e34a9d4076eb2f214d6ed0584e		copy	run-evidence		
.specula-output/confirmation/CR-3/turn02_B.usage.json	.specula-output/confirmation/CR-3/turn02_B.usage.json	file	0664	1783578516810150718	245	a65c857408b0b1f68c144385a6e61329325300a69fa6e87c09719460180fb093		copy	run-evidence		
.specula-output/confirmation/CR-3/turn03_A.log	.specula-output/confirmation/CR-3/turn03_A.log	file	0664	1783578517900171349	1436998	7eb721fd47e362e76a6a967b1e43301c3050b79a55b66b56101d7ce5bda0f205		copy	run-evidence		
.specula-output/confirmation/CR-3/turn03_A.prompt.md	.specula-output/confirmation/CR-3/turn03_A.prompt.md	file	0664	1783578516830151096	1436551	dc1418356714e3959f94549e219ffefe0aeebca1b26e2002971ed89e7046c6a2		copy	run-evidence		
.specula-output/confirmation/CR-3/turn03_A.usage.json	.specula-output/confirmation/CR-3/turn03_A.usage.json	file	0664	1783578517923171784	110	450c9a1aeca705617639e5cb8d17929f55e383736ac572cacd6b690d7ea23f26		copy	run-evidence		
.specula-output/confirmation/CR-3/verdict.json	.specula-output/confirmation/CR-3/verdict.json	file	0664	1783578517972172712	1485623	cd84e7ad897a6d0495faabdc6c90e76ecaec45ecde8df7f51048025a61fa2627		copy	run-evidence		
.specula-output/confirmation/CR-3/worktree	.specula-output/confirmation/CR-3/worktree	directory	0775	1783578517964172560				mkdir	run-directory		
.specula-output/confirmation/CR-3/worktree/.git		file	0664	1783577675052553683	120	e6475422cf3184cf272c165b04d4538d48911b9e73de0fd88e63ed87b5d28964		exclude	non-evidence	git-metadata	
.specula-output/confirmation/CR-3/worktree/.gitignore	.record/source-control/.specula-output/confirmation/CR-3/worktree/gitignore.source	file	0664	1783577675058553794	63	1362d8ecf612bff1ef3ef5f59dc941311a4c6d370176ee3fac2d6cf5dfa3d1e6		copy	run-evidence		
.specula-output/confirmation/CR-3/worktree/.pre-commit-config.yaml	.specula-output/confirmation/CR-3/worktree/.pre-commit-config.yaml	file	0664	1783577675058553794	975	06442782b6b7979294be9ec6cc14f1ecc0eec90d3c31ed7aa93075eba188b87d		copy	run-evidence		
.specula-output/confirmation/CR-3/worktree/Cargo.lock	.specula-output/confirmation/CR-3/worktree/Cargo.lock	file	0664	1783577675058553794	73759	55dfa1a975d6b3474b152fd1180861ca840793e7821799e3dfdb6c3e6a5d6459		copy	run-evidence		
.specula-output/confirmation/CR-3/worktree/Cargo.toml	.specula-output/confirmation/CR-3/worktree/Cargo.toml	file	0664	1783577675058553794	3193	e3dc3c58d5118c233e79d7c9792584060b66b41b505974718ae506a932031fc3		copy	run-evidence		
.specula-output/confirmation/CR-3/worktree/LICENSE	.specula-output/confirmation/CR-3/worktree/LICENSE	file	0664	1783577675058553794	555	64f72cf7a9753b300106dd2a2b058feb084cc105c2ad359a2320f372504d49c8		copy	run-evidence		
.specula-output/confirmation/CR-3/worktree/Makefile	.specula-output/confirmation/CR-3/worktree/Makefile	file	0664	1783577675058553794	1500	4b8e6dfaf74b0d71d23644d1ee70c6459a377bd883764c0632e0545f1c165202		copy	run-evidence		
.specula-output/confirmation/CR-3/worktree/README.md	.specula-output/confirmation/CR-3/worktree/README.md	file	0664	1783577675058553794	2258	a586c1b3947fa180a9687299db907422b38de00f41a0c60c9bdb58e3da32f994		copy	run-evidence		
.specula-output/confirmation/CR-3/worktree/crates	.specula-output/confirmation/CR-3/worktree/crates	directory	0775	1783577675065553922				mkdir	run-directory		
.specula-output/confirmation/CR-3/worktree/crates/container	.specula-output/confirmation/CR-3/worktree/crates/container	directory	0775	1783577675059553812				mkdir	run-directory		
.specula-output/confirmation/CR-3/worktree/crates/container/Cargo.toml	.specula-output/confirmation/CR-3/worktree/crates/container/Cargo.toml	file	0664	1783577675059553812	543	4ad8767d8c5f5d31bbeddeaa23c3a0887ee9efa8875a988e78a849f0fa8ab463		copy	run-evidence		
.specula-output/confirmation/CR-3/worktree/crates/container/src	.specula-output/confirmation/CR-3/worktree/crates/container/src	directory	0775	1783577675059553812				mkdir	run-directory		
.specula-output/confirmation/CR-3/worktree/crates/container/src/container.rs	.specula-output/confirmation/CR-3/worktree/crates/container/src/container.rs	file	0664	1783577675059553812	13473	fdd146e2a3c44d5d102092554290a6ab82ec78b529b31e92f5371899d1a13461		copy	run-evidence		
.specula-output/confirmation/CR-3/worktree/crates/container/src/main.rs	.specula-output/confirmation/CR-3/worktree/crates/container/src/main.rs	file	0664	1783577675059553812	1402	8804dad7b22eb1b3c4809fd1ca77458214320d6cd109136faba05d0e0005920e		copy	run-evidence		
.specula-output/confirmation/CR-3/worktree/crates/hamgrd	.specula-output/confirmation/CR-3/worktree/crates/hamgrd	directory	0775	1783577675059553812				mkdir	run-directory		
.specula-output/confirmation/CR-3/worktree/crates/hamgrd/Cargo.toml	.specula-output/confirmation/CR-3/worktree/crates/hamgrd/Cargo.toml	file	0664	1783577675059553812	1091	dfcecf0cc5aa0ddeb66899facb1f4e78afde2437e4caf634677e4d08ebaf85a4		copy	run-evidence		
.specula-output/confirmation/CR-3/worktree/crates/hamgrd/src	.specula-output/confirmation/CR-3/worktree/crates/hamgrd/src	directory	0775	1783577675060553831				mkdir	run-directory		
.specula-output/confirmation/CR-3/worktree/crates/hamgrd/src/actors	.specula-output/confirmation/CR-3/worktree/crates/hamgrd/src/actors	directory	0775	1783577675060553831				mkdir	run-directory		
.specula-output/confirmation/CR-3/worktree/crates/hamgrd/src/actors.rs	.specula-output/confirmation/CR-3/worktree/crates/hamgrd/src/actors.rs	file	0664	1783577675059553812	10857	60b97fd54b124162e2691fb612c18f23bfa411a0d7dd4cc2faafdac1dd7ff889		copy	run-evidence		
.specula-output/confirmation/CR-3/worktree/crates/hamgrd/src/actors/dpu.rs	.specula-output/confirmation/CR-3/worktree/crates/hamgrd/src/actors/dpu.rs	file	0664	1783577675059553812	27800	1f9135dc244e019d3f860f8b419748099be6158b82238b40d6f5ef73e67a70d4		copy	run-evidence		
.specula-output/confirmation/CR-3/worktree/crates/hamgrd/src/actors/ha_scope.rs	.specula-output/confirmation/CR-3/worktree/crates/hamgrd/src/actors/ha_scope.rs	file	0664	1783577675059553812	44098	347d6a6e809e86c76f06c8fd153532ce41ee1ff5145ef240fcaa01812800e52e		copy	run-evidence		
.specula-output/confirmation/CR-3/worktree/crates/hamgrd/src/actors/ha_set.rs	.specula-output/confirmation/CR-3/worktree/crates/hamgrd/src/actors/ha_set.rs	file	0664	1783578172442832203	60719	ac5f7e48adf5205c6ba445d28000d59c46dc236d1633412c72b4945e51c9fda9		copy	run-evidence		
.specula-output/confirmation/CR-3/worktree/crates/hamgrd/src/actors/test.rs	.specula-output/confirmation/CR-3/worktree/crates/hamgrd/src/actors/test.rs	file	0664	1783577675060553831	25740	68fce46b1239953c7ed8e7d248ce4a5ca94ca1fd5587db04909aeb133beb7ce8		copy	run-evidence		
.specula-output/confirmation/CR-3/worktree/crates/hamgrd/src/actors/vdpu.rs	.specula-output/confirmation/CR-3/worktree/crates/hamgrd/src/actors/vdpu.rs	file	0664	1783577675060553831	8755	0e91f79cfa4a07c231c2a04d179cc784314fae6c91349ffdf6586e2e12cb072a		copy	run-evidence		
.specula-output/confirmation/CR-3/worktree/crates/hamgrd/src/db_structs.rs	.specula-output/confirmation/CR-3/worktree/crates/hamgrd/src/db_structs.rs	file	0664	1783577675060553831	34184	a322274850ae6754df30ca8da226e1b18b9d07268a7e41578aae718a2295c74a		copy	run-evidence		
.specula-output/confirmation/CR-3/worktree/crates/hamgrd/src/ha_actor_messages.rs	.specula-output/confirmation/CR-3/worktree/crates/hamgrd/src/ha_actor_messages.rs	file	0664	1783577675060553831	6543	e1a13cdedb85938b77795f331bf3771d088e8bfce8051324f0a69161ee285d68		copy	run-evidence		
.specula-output/confirmation/CR-3/worktree/crates/hamgrd/src/main.rs	.specula-output/confirmation/CR-3/worktree/crates/hamgrd/src/main.rs	file	0664	1783577675060553831	8926	e9a6de6c129eb77fc46132682098b67f3184307f1ad5aeb1783403e8e23552ca		copy	run-evidence		
.specula-output/confirmation/CR-3/worktree/crates/sonic-common	.specula-output/confirmation/CR-3/worktree/crates/sonic-common	directory	0775	1783577675060553831				mkdir	run-directory		
.specula-output/confirmation/CR-3/worktree/crates/sonic-common/Cargo.toml	.specula-output/confirmation/CR-3/worktree/crates/sonic-common/Cargo.toml	file	0664	1783577675060553831	843	1239a0525ec2b948dd0ac2e78b9861a4da144fef3a1b3b5337ff7712dec9c5e5		copy	run-evidence		
.specula-output/confirmation/CR-3/worktree/crates/sonic-common/src	.specula-output/confirmation/CR-3/worktree/crates/sonic-common/src	directory	0775	1783577675060553831				mkdir	run-directory		
.specula-output/confirmation/CR-3/worktree/crates/sonic-common/src/lib.rs	.specula-output/confirmation/CR-3/worktree/crates/sonic-common/src/lib.rs	file	0664	1783577675060553831	573	18239424369eefc097b517348bc38889a2965244d88d7557c7e8568681093722		copy	run-evidence		
.specula-output/confirmation/CR-3/worktree/crates/sonic-common/src/log.rs	.specula-output/confirmation/CR-3/worktree/crates/sonic-common/src/log.rs	file	0664	1783577675060553831	7511	9f51b7708251f05f717e61f926e4893e318ce13905011273a982f08907262180		copy	run-evidence		
.specula-output/confirmation/CR-3/worktree/crates/sonic-common/src/panic.rs	.specula-output/confirmation/CR-3/worktree/crates/sonic-common/src/panic.rs	file	0664	1783577675060553831	1647	571290dc59a3ec765e03aa7c4bb7563d80d73747ae9cb95c697c41f667a8ca95		copy	run-evidence		
.specula-output/confirmation/CR-3/worktree/crates/sonic-dash-api-proto	.specula-output/confirmation/CR-3/worktree/crates/sonic-dash-api-proto	directory	0775	1783577675060553831				mkdir	run-directory		
.specula-output/confirmation/CR-3/worktree/crates/sonic-dash-api-proto/Cargo.toml	.specula-output/confirmation/CR-3/worktree/crates/sonic-dash-api-proto/Cargo.toml	file	0664	1783577675060553831	531	de2b47c4469d3a36868ed6e8dd3f619350358c8cc28a5f5f9d6cec405e1793e3		copy	run-evidence		
.specula-output/confirmation/CR-3/worktree/crates/sonic-dash-api-proto/build.rs	.specula-output/confirmation/CR-3/worktree/crates/sonic-dash-api-proto/build.rs	file	0664	1783577675060553831	2539	d6fbe856e6076167a0474176a3f65fb610390e45a40f3af1ebb46a874b8b3559		copy	run-evidence		
.specula-output/confirmation/CR-3/worktree/crates/sonic-dash-api-proto/sonic-dash-api	.specula-output/confirmation/CR-3/worktree/crates/sonic-dash-api-proto/sonic-dash-api	directory	0775	1783578136336165999				mkdir	run-directory		
.specula-output/confirmation/CR-3/worktree/crates/sonic-dash-api-proto/sonic-dash-api/.azure-pipelines	.specula-output/confirmation/CR-3/worktree/crates/sonic-dash-api-proto/sonic-dash-api/.azure-pipelines	directory	0775	1783578136335165981				mkdir	run-directory		
.specula-output/confirmation/CR-3/worktree/crates/sonic-dash-api-proto/sonic-dash-api/.azure-pipelines/build-template.yml	.specula-output/confirmation/CR-3/worktree/crates/sonic-dash-api-proto/sonic-dash-api/.azure-pipelines/build-template.yml	file	0664	1783578136335165981	1157	451ce6463ef8074b1f8b8e75dd9d3ea31a7615ebf167e0b0d659f7c84b1829ba		copy	run-evidence		
.specula-output/confirmation/CR-3/worktree/crates/sonic-dash-api-proto/sonic-dash-api/.git		file	0664	1783578136325165795	180	9210325f891af5f0d26115fe19b09ae7e90cfceb318f1e5260e75aeae866a8e4		exclude	non-evidence	git-metadata	
.specula-output/confirmation/CR-3/worktree/crates/sonic-dash-api-proto/sonic-dash-api/.github	.specula-output/confirmation/CR-3/worktree/crates/sonic-dash-api-proto/sonic-dash-api/.github	directory	0775	1783578136335165981				mkdir	run-directory		
.specula-output/confirmation/CR-3/worktree/crates/sonic-dash-api-proto/sonic-dash-api/.github/copilot-instructions.md	.specula-output/confirmation/CR-3/worktree/crates/sonic-dash-api-proto/sonic-dash-api/.github/copilot-instructions.md	file	0664	1783578136335165981	5543	cf53e2851093ee4279d3cb6b51122c09223fc6b06849a16ca061e7ae8154eb29		copy	run-evidence		
.specula-output/confirmation/CR-3/worktree/crates/sonic-dash-api-proto/sonic-dash-api/.gitignore	.record/source-control/.specula-output/confirmation/CR-3/worktree/crates/sonic-dash-api-proto/sonic-dash-api/gitignore.source	file	0664	1783578136335165981	152	37ae5085387aa46b903bede475c27f1c391bafc70e04f90ad326190dc6f9984a		copy	run-evidence		
.specula-output/confirmation/CR-3/worktree/crates/sonic-dash-api-proto/sonic-dash-api/Makefile	.specula-output/confirmation/CR-3/worktree/crates/sonic-dash-api-proto/sonic-dash-api/Makefile	file	0664	1783578136335165981	2867	6b7a7ee8959734154670386e7e3a8ce8da6c4bffd016c083799d1a830718f71f		copy	run-evidence		
.specula-output/confirmation/CR-3/worktree/crates/sonic-dash-api-proto/sonic-dash-api/README.md	.specula-output/confirmation/CR-3/worktree/crates/sonic-dash-api-proto/sonic-dash-api/README.md	file	0664	1783578136335165981	1462	b3fd7b0c339366692c23500294a116aea8de6e88998b8865f496c7220ba40302		copy	run-evidence		
.specula-output/confirmation/CR-3/worktree/crates/sonic-dash-api-proto/sonic-dash-api/azure-pipelines.yml	.specula-output/confirmation/CR-3/worktree/crates/sonic-dash-api-proto/sonic-dash-api/azure-pipelines.yml	file	0664	1783578136335165981	2850	6a71b850acd5b5220c310b76a649ca04c007f7ffc013791be7c7391edb648bf9		copy	run-evidence		
.specula-output/confirmation/CR-3/worktree/crates/sonic-dash-api-proto/sonic-dash-api/debian	.specula-output/confirmation/CR-3/worktree/crates/sonic-dash-api-proto/sonic-dash-api/debian	directory	0775	1783578136335165981				mkdir	run-directory		
.specula-output/confirmation/CR-3/worktree/crates/sonic-dash-api-proto/sonic-dash-api/debian/changelog	.specula-output/confirmation/CR-3/worktree/crates/sonic-dash-api-proto/sonic-dash-api/debian/changelog	file	0664	1783578136335165981	127	001c5cf3cc6c410458f8bd863f50fbbee5fcec94760be78fa2daf6e3ec985db4		copy	run-evidence		
.specula-output/confirmation/CR-3/worktree/crates/sonic-dash-api-proto/sonic-dash-api/debian/compat	.specula-output/confirmation/CR-3/worktree/crates/sonic-dash-api-proto/sonic-dash-api/debian/compat	file	0664	1783578136335165981	2	4fc82b26aecb47d2868c4efbe3581732a3e7cbcc6c2efb32062c08170a05eeb8		copy	run-evidence		
.specula-output/confirmation/CR-3/worktree/crates/sonic-dash-api-proto/sonic-dash-api/debian/control	.specula-output/confirmation/CR-3/worktree/crates/sonic-dash-api-proto/sonic-dash-api/debian/control	file	0664	1783578136335165981	362	33f4fb53634f991b8e9fee9d1bc0ebcdf95eb5a4789d435152724422743ec0ef		copy	run-evidence		
.specula-output/confirmation/CR-3/worktree/crates/sonic-dash-api-proto/sonic-dash-api/debian/rules	.specula-output/confirmation/CR-3/worktree/crates/sonic-dash-api-proto/sonic-dash-api/debian/rules	file	0775	1783578136335165981	88	885237907618e908f1fc048d94196c6baef3c1eb9398c334cd4cd382e97b9115		copy	run-evidence		
.specula-output/confirmation/CR-3/worktree/crates/sonic-dash-api-proto/sonic-dash-api/misc	.specula-output/confirmation/CR-3/worktree/crates/sonic-dash-api-proto/sonic-dash-api/misc	directory	0775	1783578136336165999				mkdir	run-directory		
.specula-output/confirmation/CR-3/worktree/crates/sonic-dash-api-proto/sonic-dash-api/misc/.gitignore	.record/source-control/.specula-output/confirmation/CR-3/worktree/crates/sonic-dash-api-proto/sonic-dash-api/misc/gitignore.source	file	0664	1783578136335165981	110	65057622390473201d1a7bfa966ca489a4f6b4c65232d115fee498d256c27617		copy	run-evidence		
.specula-output/confirmation/CR-3/worktree/crates/sonic-dash-api-proto/sonic-dash-api/misc/dash_api_utils	.specula-output/confirmation/CR-3/worktree/crates/sonic-dash-api-proto/sonic-dash-api/misc/dash_api_utils	file	0775	1783578136335165981	1673	a54b3116aa2c22f82c8fa7b0181c477b6b8e1770f547efbf6fd07d95e63856b3		copy	run-evidence		
.specula-output/confirmation/CR-3/worktree/crates/sonic-dash-api-proto/sonic-dash-api/misc/pypkg	.specula-output/confirmation/CR-3/worktree/crates/sonic-dash-api-proto/sonic-dash-api/misc/pypkg	directory	0775	1783578136336165999				mkdir	run-directory		
.specula-output/confirmation/CR-3/worktree/crates/sonic-dash-api-proto/sonic-dash-api/misc/pypkg/dash_api	.specula-output/confirmation/CR-3/worktree/crates/sonic-dash-api-proto/sonic-dash-api/misc/pypkg/dash_api	directory	0775	1783578136336165999				mkdir	run-directory		
.specula-output/confirmation/CR-3/worktree/crates/sonic-dash-api-proto/sonic-dash-api/misc/pypkg/dash_api/__init__.py	.specula-output/confirmation/CR-3/worktree/crates/sonic-dash-api-proto/sonic-dash-api/misc/pypkg/dash_api/__init__.py	file	0664	1783578136336165999	86	40c99d3fc4e0e8e6bcd60d2737a25a7ddf966ee2bd4bac2dc7364cd869023131		copy	run-evidence		
.specula-output/confirmation/CR-3/worktree/crates/sonic-dash-api-proto/sonic-dash-api/misc/tests	.specula-output/confirmation/CR-3/worktree/crates/sonic-dash-api-proto/sonic-dash-api/misc/tests	directory	0775	1783578136336165999				mkdir	run-directory		
.specula-output/confirmation/CR-3/worktree/crates/sonic-dash-api-proto/sonic-dash-api/misc/tests/main.cpp	.specula-output/confirmation/CR-3/worktree/crates/sonic-dash-api-proto/sonic-dash-api/misc/tests/main.cpp	file	0664	1783578136336165999	102	59572f84bf8df2a31f58d87051915b08cd9c32859092f1532135127155a33c24		copy	run-evidence		
.specula-output/confirmation/CR-3/worktree/crates/sonic-dash-api-proto/sonic-dash-api/misc/tests/test_utils.py	.specula-output/confirmation/CR-3/worktree/crates/sonic-dash-api-proto/sonic-dash-api/misc/tests/test_utils.py	file	0664	1783578136336165999	1955	43dc5e16b6648a9b58fc6d051de9ce7798273760f45bfe3e477d58277271326f		copy	run-evidence		
.specula-output/confirmation/CR-3/worktree/crates/sonic-dash-api-proto/sonic-dash-api/misc/tests/utils_unittest.cpp	.specula-output/confirmation/CR-3/worktree/crates/sonic-dash-api-proto/sonic-dash-api/misc/tests/utils_unittest.cpp	file	0664	1783578136336165999	5547	a959ab4ffc771de60248278a264b79d116514c9107ece82c7c23e3e991a492d0		copy	run-evidence		
.specula-output/confirmation/CR-3/worktree/crates/sonic-dash-api-proto/sonic-dash-api/misc/utils.cpp	.specula-output/confirmation/CR-3/worktree/crates/sonic-dash-api-proto/sonic-dash-api/misc/utils.cpp	file	0664	1783578136336165999	4029	7822b783cee4ecbce6085636b0ced2be68ea419c1c9e5002812e17f51d1a1121		copy	run-evidence		
.specula-output/confirmation/CR-3/worktree/crates/sonic-dash-api-proto/sonic-dash-api/misc/utils.h	.specula-output/confirmation/CR-3/worktree/crates/sonic-dash-api-proto/sonic-dash-api/misc/utils.h	file	0664	1783578136336165999	696	43ad84a08fffb2f5de7a429a0c4bc74de192251257c40fbbc5240e33881581a5		copy	run-evidence		
.specula-output/confirmation/CR-3/worktree/crates/sonic-dash-api-proto/sonic-dash-api/misc/utils.i	.specula-output/confirmation/CR-3/worktree/crates/sonic-dash-api-proto/sonic-dash-api/misc/utils.i	file	0664	1783578136336165999	124	b0ed8aea587950df30be894992ca7319f6b87d18c3d674abaaf17fa523ac15c5		copy	run-evidence		
.specula-output/confirmation/CR-3/worktree/crates/sonic-dash-api-proto/sonic-dash-api/proto	.specula-output/confirmation/CR-3/worktree/crates/sonic-dash-api-proto/sonic-dash-api/proto	directory	0775	1783578136337166018				mkdir	run-directory		
.specula-output/confirmation/CR-3/worktree/crates/sonic-dash-api-proto/sonic-dash-api/proto/acl_group.proto	.specula-output/confirmation/CR-3/worktree/crates/sonic-dash-api-proto/sonic-dash-api/proto/acl_group.proto	file	0664	1783578136336165999	224	63b83374a5dfe1eecea6532375f55378d0c80a61a343a6569bde52d5a84350bb		copy	run-evidence		
.specula-output/confirmation/CR-3/worktree/crates/sonic-dash-api-proto/sonic-dash-api/proto/acl_in.proto	.specula-output/confirmation/CR-3/worktree/crates/sonic-dash-api-proto/sonic-dash-api/proto/acl_in.proto	file	0664	1783578136336165999	310	8c4990a198ae41a7bb3b57278049936caa5f097416602aa83fe9261a24149307		copy	run-evidence		
.specula-output/confirmation/CR-3/worktree/crates/sonic-dash-api-proto/sonic-dash-api/proto/acl_out.proto	.specula-output/confirmation/CR-3/worktree/crates/sonic-dash-api-proto/sonic-dash-api/proto/acl_out.proto	file	0664	1783578136336165999	313	7fd56b7e8a7f311e24ac210b3a706d3ae218bf920e3a43cccf91bc0406ee581e		copy	run-evidence		
.specula-output/confirmation/CR-3/worktree/crates/sonic-dash-api-proto/sonic-dash-api/proto/acl_rule.proto	.specula-output/confirmation/CR-3/worktree/crates/sonic-dash-api-proto/sonic-dash-api/proto/acl_rule.proto	file	0664	1783578136336165999	1489	21efc2f5b9d3ef9278a78642d21a6ccea5352eec697dbeab920c4505bd6a47f3		copy	run-evidence		
.specula-output/confirmation/CR-3/worktree/crates/sonic-dash-api-proto/sonic-dash-api/proto/appliance.proto	.specula-output/confirmation/CR-3/worktree/crates/sonic-dash-api-proto/sonic-dash-api/proto/appliance.proto	file	0664	1783578136336165999	776	4f9bfe99d4615c32eb839cae910be8df431e5e72dc4eb2dce68ed5cb9ede8511		copy	run-evidence		
.specula-output/confirmation/CR-3/worktree/crates/sonic-dash-api-proto/sonic-dash-api/proto/eni.proto	.specula-output/confirmation/CR-3/worktree/crates/sonic-dash-api-proto/sonic-dash-api/proto/eni.proto	file	0664	1783578136336165999	1394	3cfa78f970e4c8eff5b16c8b0feca53fdfc77d43cb4cbf3f8816c0eba6971ee4		copy	run-evidence		
.specula-output/confirmation/CR-3/worktree/crates/sonic-dash-api-proto/sonic-dash-api/proto/eni_route.proto	.specula-output/confirmation/CR-3/worktree/crates/sonic-dash-api-proto/sonic-dash-api/proto/eni_route.proto	file	0664	1783578136336165999	184	1ea44c8956266a012206836e6de8a7fb3082b002c18e485fec1dca973a03f8f1		copy	run-evidence		
.specula-output/confirmation/CR-3/worktree/crates/sonic-dash-api-proto/sonic-dash-api/proto/ha_scope.proto	.specula-output/confirmation/CR-3/worktree/crates/sonic-dash-api-proto/sonic-dash-api/proto/ha_scope.proto	file	0664	1783578136336165999	749	bdb153bd85d28bc1bc165503fa808edd9f65a2c893966d313c77fded34ea5314		copy	run-evidence		
.specula-output/confirmation/CR-3/worktree/crates/sonic-dash-api-proto/sonic-dash-api/proto/ha_scope_config.proto	.specula-output/confirmation/CR-3/worktree/crates/sonic-dash-api-proto/sonic-dash-api/proto/ha_scope_config.proto	file	0664	1783578136336165999	561	a5df9f029dd4b10fb8933eab353b0612e158323be43264c3ec6124ab074d16af		copy	run-evidence		
.specula-output/confirmation/CR-3/worktree/crates/sonic-dash-api-proto/sonic-dash-api/proto/ha_scope_state.proto	.specula-output/confirmation/CR-3/worktree/crates/sonic-dash-api-proto/sonic-dash-api/proto/ha_scope_state.proto	file	0664	1783578136336165999	503	ef05bb57eb034ee8b5e0e52a0cdd78a22c6dac12b636f9ec90f99e0e4a2cfb29		copy	run-evidence		
.specula-output/confirmation/CR-3/worktree/crates/sonic-dash-api-proto/sonic-dash-api/proto/ha_set.proto	.specula-output/confirmation/CR-3/worktree/crates/sonic-dash-api-proto/sonic-dash-api/proto/ha_set.proto	file	0664	1783578136336165999	1482	68a55831f4939a0e731fac047888f285fd3ce5a56b92c4bdeab5ba3940fbe427		copy	run-evidence		
.specula-output/confirmation/CR-3/worktree/crates/sonic-dash-api-proto/sonic-dash-api/proto/ha_set_config.proto	.specula-output/confirmation/CR-3/worktree/crates/sonic-dash-api-proto/sonic-dash-api/proto/ha_set_config.proto	file	0664	1783578136336165999	437	3aac48716f7e82c5ed231ec04cc1e965ab47aecd5785ea9d7bec5cdd3b93d1ea		copy	run-evidence		
.specula-output/confirmation/CR-3/worktree/crates/sonic-dash-api-proto/sonic-dash-api/proto/ha_set_state.proto	.specula-output/confirmation/CR-3/worktree/crates/sonic-dash-api-proto/sonic-dash-api/proto/ha_set_state.proto	file	0664	1783578136336165999	295	eba05677140806197c24833e25e714b7da2b9613ce4d0e7077fbcce1f7ee1795		copy	run-evidence		
.specula-output/confirmation/CR-3/worktree/crates/sonic-dash-api-proto/sonic-dash-api/proto/meter.proto	.specula-output/confirmation/CR-3/worktree/crates/sonic-dash-api-proto/sonic-dash-api/proto/meter.proto	file	0664	1783578136336165999	376	959afb32392b5cc7c5ca48ee5fefc194dc93026603d5a96c389069df48d420a0		copy	run-evidence		
.specula-output/confirmation/CR-3/worktree/crates/sonic-dash-api-proto/sonic-dash-api/proto/meter_policy.proto	.specula-output/confirmation/CR-3/worktree/crates/sonic-dash-api-proto/sonic-dash-api/proto/meter_policy.proto	file	0664	1783578136336165999	221	3b355b5224b709b5135a139285f9223904396d68493b2331ebcc5d82afd0d08c		copy	run-evidence		
.specula-output/confirmation/CR-3/worktree/crates/sonic-dash-api-proto/sonic-dash-api/proto/meter_rule.proto	.specula-output/confirmation/CR-3/worktree/crates/sonic-dash-api-proto/sonic-dash-api/proto/meter_rule.proto	file	0664	1783578136336165999	360	2406e7d2a2f89645c15cbb354794ce010a6268a08338c4a44862f69193b9a6d3		copy	run-evidence		
.specula-output/confirmation/CR-3/worktree/crates/sonic-dash-api-proto/sonic-dash-api/proto/outbound_port_map.proto	.specula-output/confirmation/CR-3/worktree/crates/sonic-dash-api-proto/sonic-dash-api/proto/outbound_port_map.proto	file	0664	1783578136336165999	282	455b111663b169e0a8d5283720a248cdd3d925e2a953d48b870f722795e30dc2		copy	run-evidence		
.specula-output/confirmation/CR-3/worktree/crates/sonic-dash-api-proto/sonic-dash-api/proto/outbound_port_map_range.proto	.specula-output/confirmation/CR-3/worktree/crates/sonic-dash-api-proto/sonic-dash-api/proto/outbound_port_map_range.proto	file	0664	1783578136336165999	417	7e2b5a74d75ecf9545ffd929cd5c05206138d43dee6cced0854c7843e6395466		copy	run-evidence		
.specula-output/confirmation/CR-3/worktree/crates/sonic-dash-api-proto/sonic-dash-api/proto/pa_validation.proto	.specula-output/confirmation/CR-3/worktree/crates/sonic-dash-api-proto/sonic-dash-api/proto/pa_validation.proto	file	0664	1783578136336165999	188	d2b4f3b5b1298d1c41a979e6493a89a185aab032cfc1c4e27780fb87af6c16c7		copy	run-evidence		
.specula-output/confirmation/CR-3/worktree/crates/sonic-dash-api-proto/sonic-dash-api/proto/prefix_tag.proto	.specula-output/confirmation/CR-3/worktree/crates/sonic-dash-api-proto/sonic-dash-api/proto/prefix_tag.proto	file	0664	1783578136336165999	332	bc238882b1e392be4c9eb7210db871e1eea2d04a59bb16fff58ef06bc82da12d		copy	run-evidence		
.specula-output/confirmation/CR-3/worktree/crates/sonic-dash-api-proto/sonic-dash-api/proto/qos.proto	.specula-output/confirmation/CR-3/worktree/crates/sonic-dash-api-proto/sonic-dash-api/proto/qos.proto	file	0664	1783578136336165999	271	6c1756762416029cb9a3757f0ff18ae014bf789c493aae39966872aeb802e61f		copy	run-evidence		
.specula-output/confirmation/CR-3/worktree/crates/sonic-dash-api-proto/sonic-dash-api/proto/route.proto	.specula-output/confirmation/CR-3/worktree/crates/sonic-dash-api-proto/sonic-dash-api/proto/route.proto	file	0664	1783578136336165999	2665	9e4b7b6d0d807f50912dfaadfd7e6f2914090f406f0b75fe9167d3d452678ffa		copy	run-evidence		
.specula-output/confirmation/CR-3/worktree/crates/sonic-dash-api-proto/sonic-dash-api/proto/route_group.proto	.specula-output/confirmation/CR-3/worktree/crates/sonic-dash-api-proto/sonic-dash-api/proto/route_group.proto	file	0664	1783578136337166018	176	9a1a5264ce8aae5d33c896ca679f16405dbb2dbd853268d718ab931566a0c2d2		copy	run-evidence		
.specula-output/confirmation/CR-3/worktree/crates/sonic-dash-api-proto/sonic-dash-api/proto/route_rule.proto	.specula-output/confirmation/CR-3/worktree/crates/sonic-dash-api-proto/sonic-dash-api/proto/route_rule.proto	file	0664	1783578136337166018	1655	3648f004ce9b7da92a2f6f2366189b704e6aa9e74794a85182a7aa9bdfa8b7ae		copy	run-evidence		
.specula-output/confirmation/CR-3/worktree/crates/sonic-dash-api-proto/sonic-dash-api/proto/route_type.proto	.specula-output/confirmation/CR-3/worktree/crates/sonic-dash-api-proto/sonic-dash-api/proto/route_type.proto	file	0664	1783578136337166018	1450	e6361b492f3491f9480a11ac304c757d95ac87f2cd364e9dae11f6187c54c5f4		copy	run-evidence		
.specula-output/confirmation/CR-3/worktree/crates/sonic-dash-api-proto/sonic-dash-api/proto/routing_appliance.proto	.specula-output/confirmation/CR-3/worktree/crates/sonic-dash-api-proto/sonic-dash-api/proto/routing_appliance.proto	file	0664	1783578136337166018	357	6de8b36bdc0258d746b1edcf1d35fb9b80f9fb484591b9d2df0a44bef3ef3113		copy	run-evidence		
.specula-output/confirmation/CR-3/worktree/crates/sonic-dash-api-proto/sonic-dash-api/proto/tunnel.proto	.specula-output/confirmation/CR-3/worktree/crates/sonic-dash-api-proto/sonic-dash-api/proto/tunnel.proto	file	0664	1783578136337166018	374	49a8b27dfcd4656991293f1f2676e8a06488388030758b266f67fbe2430c067c		copy	run-evidence		
.specula-output/confirmation/CR-3/worktree/crates/sonic-dash-api-proto/sonic-dash-api/proto/types.proto	.specula-output/confirmation/CR-3/worktree/crates/sonic-dash-api-proto/sonic-dash-api/proto/types.proto	file	0664	1783578136337166018	1593	0b1644d63d353923f33aa4e561f7181119db49715e0f745063cbe3a81f2c73a9		copy	run-evidence		
.specula-output/confirmation/CR-3/worktree/crates/sonic-dash-api-proto/sonic-dash-api/proto/vnet.proto	.specula-output/confirmation/CR-3/worktree/crates/sonic-dash-api-proto/sonic-dash-api/proto/vnet.proto	file	0664	1783578136337166018	310	8c437362618f389009463e3f94e2aa906a6b4746eff2c83752e12fbe03a8b888		copy	run-evidence		
.specula-output/confirmation/CR-3/worktree/crates/sonic-dash-api-proto/sonic-dash-api/proto/vnet_mapping.proto	.specula-output/confirmation/CR-3/worktree/crates/sonic-dash-api-proto/sonic-dash-api/proto/vnet_mapping.proto	file	0664	1783578136337166018	1826	19c8e9f32da372cccccefddcf402053260cdf106f499fee52ce6c1cbf8c4b414		copy	run-evidence		
.specula-output/confirmation/CR-3/worktree/crates/sonic-dash-api-proto/src	.specula-output/confirmation/CR-3/worktree/crates/sonic-dash-api-proto/src	directory	0775	1783577675060553831				mkdir	run-directory		
.specula-output/confirmation/CR-3/worktree/crates/sonic-dash-api-proto/src/lib.rs	.specula-output/confirmation/CR-3/worktree/crates/sonic-dash-api-proto/src/lib.rs	file	0664	1783577675060553831	1081	0d114c68775aea25eb21fb1224fe0d8e6b4ca6ba3e30aa8da93bc68723aafee1		copy	run-evidence		
.specula-output/confirmation/CR-3/worktree/crates/sonicdb-derive	.specula-output/confirmation/CR-3/worktree/crates/sonicdb-derive	directory	0775	1783577675061553849				mkdir	run-directory		
.specula-output/confirmation/CR-3/worktree/crates/sonicdb-derive/Cargo.toml	.specula-output/confirmation/CR-3/worktree/crates/sonicdb-derive/Cargo.toml	file	0664	1783577675060553831	494	4d3a5a55449607e6295ee3aa7bb48e01385e36cd8576dcadbc0c67a0fe172cb5		copy	run-evidence		
.specula-output/confirmation/CR-3/worktree/crates/sonicdb-derive/src	.specula-output/confirmation/CR-3/worktree/crates/sonicdb-derive/src	directory	0775	1783577675060553831				mkdir	run-directory		
.specula-output/confirmation/CR-3/worktree/crates/sonicdb-derive/src/lib.rs	.specula-output/confirmation/CR-3/worktree/crates/sonicdb-derive/src/lib.rs	file	0664	1783577675061553849	4957	dee27e85348f8d6cb4170a574bcf4c34b225a39835eb1514be7877991ec6371f		copy	run-evidence		
.specula-output/confirmation/CR-3/worktree/crates/sonicdb-derive/tests	.specula-output/confirmation/CR-3/worktree/crates/sonicdb-derive/tests	directory	0775	1783577675061553849				mkdir	run-directory		
.specula-output/confirmation/CR-3/worktree/crates/sonicdb-derive/tests/basic.rs	.specula-output/confirmation/CR-3/worktree/crates/sonicdb-derive/tests/basic.rs	file	0664	1783577675061553849	671	52a3abd00d6c4d09c02a71f4139cb03e9bc7e28a662585d4c9aa8aada3b9d5d8		copy	run-evidence		
.specula-output/confirmation/CR-3/worktree/crates/swbus-actor	.specula-output/confirmation/CR-3/worktree/crates/swbus-actor	directory	0775	1783577675061553849				mkdir	run-directory		
.specula-output/confirmation/CR-3/worktree/crates/swbus-actor/Cargo.toml	.specula-output/confirmation/CR-3/worktree/crates/swbus-actor/Cargo.toml	file	0664	1783577675061553849	593	b8458594718c1fa7595aef160e807f12f27e7ac6e74278ba69392b07ff91788a		copy	run-evidence		
.specula-output/confirmation/CR-3/worktree/crates/swbus-actor/src	.specula-output/confirmation/CR-3/worktree/crates/swbus-actor/src	directory	0775	1783577675061553849				mkdir	run-directory		
.specula-output/confirmation/CR-3/worktree/crates/swbus-actor/src/actor_message.rs	.specula-output/confirmation/CR-3/worktree/crates/swbus-actor/src/actor_message.rs	file	0664	1783577675061553849	2229	cbd2ebfca0cd4f31394fd0185324f59e05860a98bda9881b4bbe644166c34bab		copy	run-evidence		
.specula-output/confirmation/CR-3/worktree/crates/swbus-actor/src/driver.rs	.specula-output/confirmation/CR-3/worktree/crates/swbus-actor/src/driver.rs	file	0664	1783577675061553849	8587	2e450baed13e6d2657bb7e0026c14eace1cebf386a246030449fea0b57f2274d		copy	run-evidence		
.specula-output/confirmation/CR-3/worktree/crates/swbus-actor/src/lib.rs	.specula-output/confirmation/CR-3/worktree/crates/swbus-actor/src/lib.rs	file	0664	1783577675061553849	1668	fda76d091927d51c44ff868e5af2c415141244d27590d53059b2cc8481a96270		copy	run-evidence		
.specula-output/confirmation/CR-3/worktree/crates/swbus-actor/src/runtime.rs	.specula-output/confirmation/CR-3/worktree/crates/swbus-actor/src/runtime.rs	file	0664	1783577675061553849	2495	5ca245698919de5f5c8729b962670044e01a63c4e6df27219d41b45fa9082000		copy	run-evidence		
.specula-output/confirmation/CR-3/worktree/crates/swbus-actor/src/state	.specula-output/confirmation/CR-3/worktree/crates/swbus-actor/src/state	directory	0775	1783577675061553849				mkdir	run-directory		
.specula-output/confirmation/CR-3/worktree/crates/swbus-actor/src/state.rs	.specula-output/confirmation/CR-3/worktree/crates/swbus-actor/src/state.rs	file	0664	1783577675061553849	2561	5f002cee0f0a7c630a2ed009eefde818735b8ece52f308b48a88ce949a54192b		copy	run-evidence		
.specula-output/confirmation/CR-3/worktree/crates/swbus-actor/src/state/incoming.rs	.specula-output/confirmation/CR-3/worktree/crates/swbus-actor/src/state/incoming.rs	file	0664	1783577675061553849	8239	58649721fc05693638596fc0eb939000e023166dad4ab9a6acbb464e20ded43c		copy	run-evidence		
.specula-output/confirmation/CR-3/worktree/crates/swbus-actor/src/state/internal.rs	.specula-output/confirmation/CR-3/worktree/crates/swbus-actor/src/state/internal.rs	file	0664	1783577675061553849	4947	df2a3d82f3e88e8bf02c94f9ed242cd0aa05910506a180bf7bf3e2caf74e4b24		copy	run-evidence		
.specula-output/confirmation/CR-3/worktree/crates/swbus-actor/src/state/outgoing.rs	.specula-output/confirmation/CR-3/worktree/crates/swbus-actor/src/state/outgoing.rs	file	0664	1783577996658590056	9441	42b4549c73a7535521dbeb1f69f755b2ab2c8cd7ffb8a2987779f5b68cab5a19		copy	run-evidence		
.specula-output/confirmation/CR-3/worktree/crates/swbus-actor/tests	.specula-output/confirmation/CR-3/worktree/crates/swbus-actor/tests	directory	0775	1783577675061553849				mkdir	run-directory		
.specula-output/confirmation/CR-3/worktree/crates/swbus-actor/tests/count_to_1000.json	.specula-output/confirmation/CR-3/worktree/crates/swbus-actor/tests/count_to_1000.json	file	0664	1783577675061553849	462	a526d7f7fd63dee8e6a28441d4ccdb5051bad804c5abf6973d795f186ae9f90c		copy	run-evidence		
.specula-output/confirmation/CR-3/worktree/crates/swbus-actor/tests/count_to_1000_internal_table.json	.specula-output/confirmation/CR-3/worktree/crates/swbus-actor/tests/count_to_1000_internal_table.json	file	0664	1783577675061553849	777	3360024920871c2ccc8b41b6d66ff877c2191c30b65b1ff88761c7859ab5702f		copy	run-evidence		
.specula-output/confirmation/CR-3/worktree/crates/swbus-actor/tests/echo.json	.specula-output/confirmation/CR-3/worktree/crates/swbus-actor/tests/echo.json	file	0664	1783577675061553849	816	3932f2c4900222c50157d25ae9e2f857486542ca7a1fc35faf59906b81c70bb0		copy	run-evidence		
.specula-output/confirmation/CR-3/worktree/crates/swbus-actor/tests/echo.rs	.specula-output/confirmation/CR-3/worktree/crates/swbus-actor/tests/echo.rs	file	0664	1783577675061553849	3189	b0efe97d0aba9e36c6ecd1c07ef9cc62a1564e0ad0bcd354b8243be91e498174		copy	run-evidence		
.specula-output/confirmation/CR-3/worktree/crates/swbus-actor/tests/kvstore.rs	.specula-output/confirmation/CR-3/worktree/crates/swbus-actor/tests/kvstore.rs	file	0664	1783577675061553849	14209	222d6b28b6d6349592f9d666ebcab19d82969ecdbd8871efb0fd7a4c30a7c392		copy	run-evidence		
.specula-output/confirmation/CR-3/worktree/crates/swbus-actor/tests/test_executor.rs	.specula-output/confirmation/CR-3/worktree/crates/swbus-actor/tests/test_executor.rs	file	0664	1783577675061553849	7562	50043e5deff8832b7d1543a1efd479828590b86a3a6f01311ce7b7e0adf888ec		copy	run-evidence		
.specula-output/confirmation/CR-3/worktree/crates/swbus-cli	.specula-output/confirmation/CR-3/worktree/crates/swbus-cli	directory	0775	1783577675062553867				mkdir	run-directory		
.specula-output/confirmation/CR-3/worktree/crates/swbus-cli/Cargo.toml	.specula-output/confirmation/CR-3/worktree/crates/swbus-cli/Cargo.toml	file	0664	1783577675061553849	1071	65cdad879d4bb96ee5bb725314c9ce6e3e55cf76cf87983210a54bfd7e8cc97d		copy	run-evidence		
.specula-output/confirmation/CR-3/worktree/crates/swbus-cli/README.md	.specula-output/confirmation/CR-3/worktree/crates/swbus-cli/README.md	file	0664	1783577675062553867	38259	e107629ff39c946eb879f1767836944d45d8c268c4fbb092d0b488558f6d537c		copy	run-evidence		
.specula-output/confirmation/CR-3/worktree/crates/swbus-cli/src	.specula-output/confirmation/CR-3/worktree/crates/swbus-cli/src	directory	0775	1783577675062553867				mkdir	run-directory		
.specula-output/confirmation/CR-3/worktree/crates/swbus-cli/src/main.rs	.specula-output/confirmation/CR-3/worktree/crates/swbus-cli/src/main.rs	file	0664	1783577675062553867	9069	9d07ab9ea427e8658c53ee5eaa4f6099d2eaf8ff22d2074da8dac0dd591f9e94		copy	run-evidence		
.specula-output/confirmation/CR-3/worktree/crates/swbus-cli/src/ping.rs	.specula-output/confirmation/CR-3/worktree/crates/swbus-cli/src/ping.rs	file	0664	1783577675062553867	3482	302b9f0b87b6637a1f3f04b9564db8bdcdb38f7c393d2487cb49ce4501ecf39f		copy	run-evidence		
.specula-output/confirmation/CR-3/worktree/crates/swbus-cli/src/show	.specula-output/confirmation/CR-3/worktree/crates/swbus-cli/src/show	directory	0775	1783577675062553867				mkdir	run-directory		
.specula-output/confirmation/CR-3/worktree/crates/swbus-cli/src/show/hamgrd	.specula-output/confirmation/CR-3/worktree/crates/swbus-cli/src/show/hamgrd	directory	0775	1783577675062553867				mkdir	run-directory		
.specula-output/confirmation/CR-3/worktree/crates/swbus-cli/src/show/hamgrd/actor.rs	.specula-output/confirmation/CR-3/worktree/crates/swbus-cli/src/show/hamgrd/actor.rs	file	0664	1783577675062553867	12765	47bab784e11ec8e3ee6702bd30ae517196da980168dd6745a610a1d0b3d35b03		copy	run-evidence		
.specula-output/confirmation/CR-3/worktree/crates/swbus-cli/src/show/hamgrd/mod.rs	.specula-output/confirmation/CR-3/worktree/crates/swbus-cli/src/show/hamgrd/mod.rs	file	0664	1783577675062553867	742	c6a56e88d069056b1c90cbdc05a6157dc192c99abcb24f0468b5f71513c2e937		copy	run-evidence		
.specula-output/confirmation/CR-3/worktree/crates/swbus-cli/src/show/mod.rs	.specula-output/confirmation/CR-3/worktree/crates/swbus-cli/src/show/mod.rs	file	0664	1783577675062553867	2339	4d797f0f441551b13c7551691376bf4401e0af84c573d3c1f04e684312d43993		copy	run-evidence		
.specula-output/confirmation/CR-3/worktree/crates/swbus-cli/src/show/swbusd	.specula-output/confirmation/CR-3/worktree/crates/swbus-cli/src/show/swbusd	directory	0775	1783577675062553867				mkdir	run-directory		
.specula-output/confirmation/CR-3/worktree/crates/swbus-cli/src/show/swbusd/mod.rs	.specula-output/confirmation/CR-3/worktree/crates/swbus-cli/src/show/swbusd/mod.rs	file	0664	1783577675062553867	743	61e790a87bcee322326c7d5bfc851b9af3328948d282958532921e2330826a4e		copy	run-evidence		
.specula-output/confirmation/CR-3/worktree/crates/swbus-cli/src/show/swbusd/route.rs	.specula-output/confirmation/CR-3/worktree/crates/swbus-cli/src/show/swbusd/route.rs	file	0664	1783577675062553867	2332	449e8c04a13912bdd698fd85fe3e5b69f5effc45720b64f60a3781a72a9de561		copy	run-evidence		
.specula-output/confirmation/CR-3/worktree/crates/swbus-cli/src/trace_route.rs	.specula-output/confirmation/CR-3/worktree/crates/swbus-cli/src/trace_route.rs	file	0664	1783577675062553867	3667	e77d34f013f78ffb80acc8c1d55c1869100580a284fcf3f0775817c1f2ad665b		copy	run-evidence		
.specula-output/confirmation/CR-3/worktree/crates/swbus-config	.specula-output/confirmation/CR-3/worktree/crates/swbus-config	directory	0775	1783577675062553867				mkdir	run-directory		
.specula-output/confirmation/CR-3/worktree/crates/swbus-config/Cargo.toml	.specula-output/confirmation/CR-3/worktree/crates/swbus-config/Cargo.toml	file	0664	1783577675062553867	559	79bc8140e9eb0d7f02e8bdece38cffe8281b75bf50dce639777b047622da7fc3		copy	run-evidence		
.specula-output/confirmation/CR-3/worktree/crates/swbus-config/src	.specula-output/confirmation/CR-3/worktree/crates/swbus-config/src	directory	0775	1783577675062553867				mkdir	run-directory		
.specula-output/confirmation/CR-3/worktree/crates/swbus-config/src/lib.rs	.specula-output/confirmation/CR-3/worktree/crates/swbus-config/src/lib.rs	file	0664	1783577675062553867	18793	ffcadaeb1bd7d0ed3392c7eb60ac3534f6830a2da95054c6748b9636cffc3ca0		copy	run-evidence		
.specula-output/confirmation/CR-3/worktree/crates/swbus-core	.specula-output/confirmation/CR-3/worktree/crates/swbus-core	directory	0775	1783577675063553886				mkdir	run-directory		
.specula-output/confirmation/CR-3/worktree/crates/swbus-core/Cargo.toml	.specula-output/confirmation/CR-3/worktree/crates/swbus-core/Cargo.toml	file	0664	1783577675062553867	1330	c79318a8db3b49666b6d556318936e57d7c839fbe7df192f02b7a5dc350fa039		copy	run-evidence		
.specula-output/confirmation/CR-3/worktree/crates/swbus-core/README.md	.specula-output/confirmation/CR-3/worktree/crates/swbus-core/README.md	file	0664	1783577675062553867	1416	7b6e4f07bf7073b3731ba25b30d7f13c27e0977d666b95c579669bd16d5a3042		copy	run-evidence		
.specula-output/confirmation/CR-3/worktree/crates/swbus-core/src	.specula-output/confirmation/CR-3/worktree/crates/swbus-core/src	directory	0775	1783577675062553867				mkdir	run-directory		
.specula-output/confirmation/CR-3/worktree/crates/swbus-core/src/lib.rs	.specula-output/confirmation/CR-3/worktree/crates/swbus-core/src/lib.rs	file	0664	1783577675062553867	13	f2c4a3f2982159d12c01660774a358d089842e360f791542e27b0a63f40fe44e		copy	run-evidence		
.specula-output/confirmation/CR-3/worktree/crates/swbus-core/src/mux	.specula-output/confirmation/CR-3/worktree/crates/swbus-core/src/mux	directory	0775	1783577675063553886				mkdir	run-directory		
.specula-output/confirmation/CR-3/worktree/crates/swbus-core/src/mux/conn.rs	.specula-output/confirmation/CR-3/worktree/crates/swbus-core/src/mux/conn.rs	file	0664	1783577675062553867	9440	f6752c32a029b6ee3d0c12249185a5024fd75ceb01b03afe883bd7ed1cee94ca		copy	run-evidence		
.specula-output/confirmation/CR-3/worktree/crates/swbus-core/src/mux/conn_info.rs	.specula-output/confirmation/CR-3/worktree/crates/swbus-core/src/mux/conn_info.rs	file	0664	1783577675063553886	3011	9b85b1e1c6f83c8a42380a9b155fa5a65df70c494d4a0de40b1d5d63fdbdbcfb		copy	run-evidence		
.specula-output/confirmation/CR-3/worktree/crates/swbus-core/src/mux/conn_proxy.rs	.specula-output/confirmation/CR-3/worktree/crates/swbus-core/src/mux/conn_proxy.rs	file	0664	1783577675063553886	2046	de7d3fb1c2df94f54e7270123e579094b8e12b8edb2b53a1a687bd3269ffa448		copy	run-evidence		
.specula-output/confirmation/CR-3/worktree/crates/swbus-core/src/mux/conn_store.rs	.specula-output/confirmation/CR-3/worktree/crates/swbus-core/src/mux/conn_store.rs	file	0664	1783577675063553886	6605	41d21e16d938f2d48b8493cc3df468583cfdfb097c172fceef5864d04203e817		copy	run-evidence		
.specula-output/confirmation/CR-3/worktree/crates/swbus-core/src/mux/conn_worker.rs	.specula-output/confirmation/CR-3/worktree/crates/swbus-core/src/mux/conn_worker.rs	file	0664	1783577675063553886	15099	3b158bb968c38d16f5a57be40607fa9b09c8cd57aac8d96002785a6c08be15e4		copy	run-evidence		
.specula-output/confirmation/CR-3/worktree/crates/swbus-core/src/mux/message_handler.rs	.specula-output/confirmation/CR-3/worktree/crates/swbus-core/src/mux/message_handler.rs	file	0664	1783577675063553886	158	f930df5f26de8d7cd9345640421dfd9e03c43edc27c0d3a3f57df4f9ace00abc		copy	run-evidence		
.specula-output/confirmation/CR-3/worktree/crates/swbus-core/src/mux/mod.rs	.specula-output/confirmation/CR-3/worktree/crates/swbus-core/src/mux/mod.rs	file	0664	1783577675063553886	346	bb79fa8dc0dccb7f34c2f0590cc2c293b7807a71ee917c99b415c024d6e67283		copy	run-evidence		
.specula-output/confirmation/CR-3/worktree/crates/swbus-core/src/mux/multiplexer.rs	.specula-output/confirmation/CR-3/worktree/crates/swbus-core/src/mux/multiplexer.rs	file	0664	1783577675063553886	67052	28a50fe1740d4c3f29bcc998f10c95282f00d232845dc19b9a48726207342b76		copy	run-evidence		
.specula-output/confirmation/CR-3/worktree/crates/swbus-core/src/mux/nexthop.rs	.specula-output/confirmation/CR-3/worktree/crates/swbus-core/src/mux/nexthop.rs	file	0664	1783577675063553886	12982	bcbcedb9b9789ecacc1bfd288d23b6c92dda0d75b67053dac94917a335e503dd		copy	run-evidence		
.specula-output/confirmation/CR-3/worktree/crates/swbus-core/src/mux/route_annoucer.rs	.specula-output/confirmation/CR-3/worktree/crates/swbus-core/src/mux/route_annoucer.rs	file	0664	1783577675063553886	8957	d78c3f66cae469d8c2447ef379cdcb3c4e762aba27ebb47194bfcc4803260e3d		copy	run-evidence		
.specula-output/confirmation/CR-3/worktree/crates/swbus-core/src/mux/service.rs	.specula-output/confirmation/CR-3/worktree/crates/swbus-core/src/mux/service.rs	file	0664	1783577675063553886	6880	bff225afcbbf76309e00b3e7802f951d538dd14c73332ef1831f9edd75b88923		copy	run-evidence		
.specula-output/confirmation/CR-3/worktree/crates/swbus-core/tests	.specula-output/confirmation/CR-3/worktree/crates/swbus-core/tests	directory	0775	1783577675064553904				mkdir	run-directory		
.specula-output/confirmation/CR-3/worktree/crates/swbus-core/tests/README.md	.specula-output/confirmation/CR-3/worktree/crates/swbus-core/tests/README.md	file	0664	1783577675063553886	4503	e2741cb85a00b0bc3d26d64aa03266506a734ac0c05f9e9ce047e2c04d4f0203		copy	run-evidence		
.specula-output/confirmation/CR-3/worktree/crates/swbus-core/tests/basic_tests.rs	.specula-output/confirmation/CR-3/worktree/crates/swbus-core/tests/basic_tests.rs	file	0664	1783577675063553886	1282	7ae57d1b5ee64a505e5fb02426585f4569dfc5b609583462372c83eb993a3199		copy	run-evidence		
.specula-output/confirmation/CR-3/worktree/crates/swbus-core/tests/common	.specula-output/confirmation/CR-3/worktree/crates/swbus-core/tests/common	directory	0775	1783577675063553886				mkdir	run-directory		
.specula-output/confirmation/CR-3/worktree/crates/swbus-core/tests/common/mod.rs	.specula-output/confirmation/CR-3/worktree/crates/swbus-core/tests/common/mod.rs	file	0664	1783577675063553886	23	4bffae5c73b3fb27a869ffb553a542afe718b36f6ca9c879789a7d562ef2aa38		copy	run-evidence		
.specula-output/confirmation/CR-3/worktree/crates/swbus-core/tests/common/test_executor.rs	.specula-output/confirmation/CR-3/worktree/crates/swbus-core/tests/common/test_executor.rs	file	0664	1783577675063553886	9518	f5d2563cc8f5bc5b906d9d550ad88b43545279fe31de0eb0c62dc651d19f020d		copy	run-evidence		
.specula-output/confirmation/CR-3/worktree/crates/swbus-core/tests/data	.specula-output/confirmation/CR-3/worktree/crates/swbus-core/tests/data	directory	0775	1783577675064553904				mkdir	run-directory		
.specula-output/confirmation/CR-3/worktree/crates/swbus-core/tests/data/b2b	.specula-output/confirmation/CR-3/worktree/crates/swbus-core/tests/data/b2b	directory	0775	1783577675064553904				mkdir	run-directory		
.specula-output/confirmation/CR-3/worktree/crates/swbus-core/tests/data/b2b/test_ping.json	.specula-output/confirmation/CR-3/worktree/crates/swbus-core/tests/data/b2b/test_ping.json	file	0664	1783577675064553904	3861	121c48e72ddada29549444f3f369b880c786a3b8bcc3be90829993c839e20334		copy	run-evidence		
.specula-output/confirmation/CR-3/worktree/crates/swbus-core/tests/data/b2b/test_show_route.json	.specula-output/confirmation/CR-3/worktree/crates/swbus-core/tests/data/b2b/test_show_route.json	file	0664	1783577675064553904	2406	4d770ea007370b04d62c7e9abad7547cef35af72de4973e8ceffbfe7d2efb48c		copy	run-evidence		
.specula-output/confirmation/CR-3/worktree/crates/swbus-core/tests/data/b2b/test_trace_route.json	.specula-output/confirmation/CR-3/worktree/crates/swbus-core/tests/data/b2b/test_trace_route.json	file	0664	1783577675064553904	3825	d66b6a38c8d290e3220a3a59b8928fa460126b411607c6a6367f4b37406b132a		copy	run-evidence		
.specula-output/confirmation/CR-3/worktree/crates/swbus-core/tests/data/b2b/topo.json	.specula-output/confirmation/CR-3/worktree/crates/swbus-core/tests/data/b2b/topo.json	file	0664	1783577675064553904	1129	7f245989e5059b18fabf7b5a16c7d775bf74792684f6550799515fd7d5a36dee		copy	run-evidence		
.specula-output/confirmation/CR-3/worktree/crates/swbus-core/tests/data/inter-cluster	.specula-output/confirmation/CR-3/worktree/crates/swbus-core/tests/data/inter-cluster	directory	0775	1783577675064553904				mkdir	run-directory		
.specula-output/confirmation/CR-3/worktree/crates/swbus-core/tests/data/inter-cluster/test_ping.json	.specula-output/confirmation/CR-3/worktree/crates/swbus-core/tests/data/inter-cluster/test_ping.json	file	0664	1783577675064553904	1240	384b680d1ab080bf5676feb07454d59fe9c231f6b999d94e817de1a8b8fcaa30		copy	run-evidence		
.specula-output/confirmation/CR-3/worktree/crates/swbus-core/tests/data/inter-cluster/test_show_route.json	.specula-output/confirmation/CR-3/worktree/crates/swbus-core/tests/data/inter-cluster/test_show_route.json	file	0664	1783577675064553904	3159	d720404da221821256a32fbfd0c1e7fe7c80d5ddb11a01f1d10eac2e94789c30		copy	run-evidence		
.specula-output/confirmation/CR-3/worktree/crates/swbus-core/tests/data/inter-cluster/topo.json	.specula-output/confirmation/CR-3/worktree/crates/swbus-core/tests/data/inter-cluster/topo.json	file	0664	1783577675064553904	2628	10ccb3a884b12e8cb8cc38a5800e6109f4d0c5adefd6c106a3982942c4117fe4		copy	run-evidence		
.specula-output/confirmation/CR-3/worktree/crates/swbus-core/tests/inter_cluster_tests.rs	.specula-output/confirmation/CR-3/worktree/crates/swbus-core/tests/inter_cluster_tests.rs	file	0664	1783577675064553904	972	c475273e93281d918b0e00f56b58b8a7b710a48bdffe43e2aa217043f5a6accc		copy	run-evidence		
.specula-output/confirmation/CR-3/worktree/crates/swbus-edge	.specula-output/confirmation/CR-3/worktree/crates/swbus-edge	directory	0775	1783577675064553904				mkdir	run-directory		
.specula-output/confirmation/CR-3/worktree/crates/swbus-edge/Cargo.toml	.specula-output/confirmation/CR-3/worktree/crates/swbus-edge/Cargo.toml	file	0664	1783577675064553904	752	6eabac2ce4f046ba26b173216304859075b31429651a1d9acaea0ed63e2ce59f		copy	run-evidence		
.specula-output/confirmation/CR-3/worktree/crates/swbus-edge/src	.specula-output/confirmation/CR-3/worktree/crates/swbus-edge/src	directory	0775	1783577675064553904				mkdir	run-directory		
.specula-output/confirmation/CR-3/worktree/crates/swbus-edge/src/core_client.rs	.specula-output/confirmation/CR-3/worktree/crates/swbus-edge/src/core_client.rs	file	0664	1783577675064553904	7284	4c51402847f363a0e62ccc7c2861d95546c89f07a7e396751b2dee6de3f7f4a4		copy	run-evidence		
.specula-output/confirmation/CR-3/worktree/crates/swbus-edge/src/edge_runtime.rs	.specula-output/confirmation/CR-3/worktree/crates/swbus-edge/src/edge_runtime.rs	file	0664	1783577675064553904	10890	7d5d3a0ba3fdd67421da20c188922d30f01943b30a86215f17d0872251244913		copy	run-evidence		
.specula-output/confirmation/CR-3/worktree/crates/swbus-edge/src/lib.rs	.specula-output/confirmation/CR-3/worktree/crates/swbus-edge/src/lib.rs	file	0664	1783577675064553904	576	faa5c95b88dd1e34c954c7b8f1c0b07bca26b7a3d3bde04cfe632e4751790235		copy	run-evidence		
.specula-output/confirmation/CR-3/worktree/crates/swbus-edge/src/message_handler_proxy.rs	.specula-output/confirmation/CR-3/worktree/crates/swbus-edge/src/message_handler_proxy.rs	file	0664	1783577675064553904	749	cfc59cbcbc8d0d7c834282aa40a9f0831cdf01ff2af7c5cf48ad59e29fb390f3		copy	run-evidence		
.specula-output/confirmation/CR-3/worktree/crates/swbus-edge/src/message_router	.specula-output/confirmation/CR-3/worktree/crates/swbus-edge/src/message_router	directory	0775	1783577675064553904				mkdir	run-directory		
.specula-output/confirmation/CR-3/worktree/crates/swbus-edge/src/message_router.rs	.specula-output/confirmation/CR-3/worktree/crates/swbus-edge/src/message_router.rs	file	0664	1783577675064553904	4376	75ccbe703a6d3a085d1d201d25ed68166cbfffe81253171fc5238ca35dfa3678		copy	run-evidence		
.specula-output/confirmation/CR-3/worktree/crates/swbus-edge/src/message_router/route_map.rs	.specula-output/confirmation/CR-3/worktree/crates/swbus-edge/src/message_router/route_map.rs	file	0664	1783577675064553904	1159	3fa445253853cba9c638369165ade9035f4a2c5d468c2cf349e7acd46b9722fc		copy	run-evidence		
.specula-output/confirmation/CR-3/worktree/crates/swbus-edge/src/simple_client.rs	.specula-output/confirmation/CR-3/worktree/crates/swbus-edge/src/simple_client.rs	file	0664	1783577675064553904	8859	7cb77df0b2ab1f2769bcffc19c837c968e7441843dd1108ec9bbc005cc45b4ec		copy	run-evidence		
.specula-output/confirmation/CR-3/worktree/crates/swbus-proto	.specula-output/confirmation/CR-3/worktree/crates/swbus-proto	directory	0775	1783577675065553922				mkdir	run-directory		
.specula-output/confirmation/CR-3/worktree/crates/swbus-proto/Cargo.toml	.specula-output/confirmation/CR-3/worktree/crates/swbus-proto/Cargo.toml	file	0664	1783577675064553904	558	53075c8a8953b79a5af426c44e916d9173cf353783d330db43f605f2d7464c60		copy	run-evidence		
.specula-output/confirmation/CR-3/worktree/crates/swbus-proto/build.rs	.specula-output/confirmation/CR-3/worktree/crates/swbus-proto/build.rs	file	0664	1783577675064553904	2026	475cdc9bca2eccbcbb42c7d6a07d2722669cef7228295088c8274cd681dd4484		copy	run-evidence		
.specula-output/confirmation/CR-3/worktree/crates/swbus-proto/proto	.specula-output/confirmation/CR-3/worktree/crates/swbus-proto/proto	directory	0775	1783577675065553922				mkdir	run-directory		
.specula-output/confirmation/CR-3/worktree/crates/swbus-proto/proto/swbus.proto	.specula-output/confirmation/CR-3/worktree/crates/swbus-proto/proto/swbus.proto	file	0664	1783577675065553922	6294	aac645c86603c5df39e5077aa1f869c542a0ca1421d44d8e1fca8f6ff3e636ea		copy	run-evidence		
.specula-output/confirmation/CR-3/worktree/crates/swbus-proto/src	.specula-output/confirmation/CR-3/worktree/crates/swbus-proto/src	directory	0775	1783577675065553922				mkdir	run-directory		
.specula-output/confirmation/CR-3/worktree/crates/swbus-proto/src/lib.rs	.specula-output/confirmation/CR-3/worktree/crates/swbus-proto/src/lib.rs	file	0664	1783577675065553922	61	d17df02f80826a817591af5b5010b0f6ac4898f5699eacd91ad7b47196752c22		copy	run-evidence		
.specula-output/confirmation/CR-3/worktree/crates/swbus-proto/src/message_id_generator.rs	.specula-output/confirmation/CR-3/worktree/crates/swbus-proto/src/message_id_generator.rs	file	0664	1783577675065553922	843	e719f9dd9bed5b86769144312a3c1e3a9af6c8767092dc9486d67bb3abb8fc11		copy	run-evidence		
.specula-output/confirmation/CR-3/worktree/crates/swbus-proto/src/result.rs	.specula-output/confirmation/CR-3/worktree/crates/swbus-proto/src/result.rs	file	0664	1783577675065553922	2424	a96858c007b047d749ea20494a2e1231eff29c547de8b7ebb0040ad8c5dd4676		copy	run-evidence		
.specula-output/confirmation/CR-3/worktree/crates/swbus-proto/src/swbus.rs	.specula-output/confirmation/CR-3/worktree/crates/swbus-proto/src/swbus.rs	file	0664	1783577675065553922	23852	20d8e932178d8c48aede8b3d87b633155c3ca9565b0f185aed190970c0a6ee42		copy	run-evidence		
.specula-output/confirmation/CR-3/worktree/crates/swbusd	.specula-output/confirmation/CR-3/worktree/crates/swbusd	directory	0775	1783577675065553922				mkdir	run-directory		
.specula-output/confirmation/CR-3/worktree/crates/swbusd/Cargo.toml	.specula-output/confirmation/CR-3/worktree/crates/swbusd/Cargo.toml	file	0664	1783577675065553922	717	54924fd7838c8233ff4bb1a2c69ab2d64c508e01b855299dcd305d24f38c5bf1		copy	run-evidence		
.specula-output/confirmation/CR-3/worktree/crates/swbusd/sample	.specula-output/confirmation/CR-3/worktree/crates/swbusd/sample	directory	0775	1783577675065553922				mkdir	run-directory		
.specula-output/confirmation/CR-3/worktree/crates/swbusd/sample/inter-cluster	.specula-output/confirmation/CR-3/worktree/crates/swbusd/sample/inter-cluster	directory	0775	1783577675065553922				mkdir	run-directory		
.specula-output/confirmation/CR-3/worktree/crates/swbusd/sample/inter-cluster/swbusd_cluster-a.10.0.0.1.cfg	.specula-output/confirmation/CR-3/worktree/crates/swbusd/sample/inter-cluster/swbusd_cluster-a.10.0.0.1.cfg	file	0664	1783577675065553922	470	0f011fc137e242399d46c0b5f2c340f26d6f32f92a44316a10e4e1c7e388e9a1		copy	run-evidence		
.specula-output/confirmation/CR-3/worktree/crates/swbusd/sample/inter-cluster/swbusd_cluster-a.10.0.0.2.cfg	.specula-output/confirmation/CR-3/worktree/crates/swbusd/sample/inter-cluster/swbusd_cluster-a.10.0.0.2.cfg	file	0664	1783577675065553922	274	196dd09c012bef6ace2d36fb3911625f4cdaf808059fb519418e398080c76999		copy	run-evidence		
.specula-output/confirmation/CR-3/worktree/crates/swbusd/sample/inter-cluster/swbusd_cluster-b.11.0.0.1.cfg	.specula-output/confirmation/CR-3/worktree/crates/swbusd/sample/inter-cluster/swbusd_cluster-b.11.0.0.1.cfg	file	0664	1783577675065553922	343	eb4623b5c1f3c39b3e402fdb41ca86aef420b5a8a3650613f2a9823b04ac55bf		copy	run-evidence		
.specula-output/confirmation/CR-3/worktree/crates/swbusd/sample/swbusd1.cfg	.specula-output/confirmation/CR-3/worktree/crates/swbusd/sample/swbusd1.cfg	file	0664	1783577675065553922	344	5048fdda47d8a6f85ecf7552fa66ebbb4d3ed5b785f836a720b7eeb51bd22b19		copy	run-evidence		
.specula-output/confirmation/CR-3/worktree/crates/swbusd/sample/swbusd2.cfg	.specula-output/confirmation/CR-3/worktree/crates/swbusd/sample/swbusd2.cfg	file	0664	1783577675065553922	274	196dd09c012bef6ace2d36fb3911625f4cdaf808059fb519418e398080c76999		copy	run-evidence		
.specula-output/confirmation/CR-3/worktree/crates/swbusd/src	.specula-output/confirmation/CR-3/worktree/crates/swbusd/src	directory	0775	1783577675065553922				mkdir	run-directory		
.specula-output/confirmation/CR-3/worktree/crates/swbusd/src/main.rs	.specula-output/confirmation/CR-3/worktree/crates/swbusd/src/main.rs	file	0664	1783577675065553922	1262	967c40e9b6ba91ab7884f883516746bf5b6bcd94aa38cec68485a427e32b9fd4		copy	run-evidence		
.specula-output/confirmation/CR-3/worktree/crates/swss-common-bridge	.specula-output/confirmation/CR-3/worktree/crates/swss-common-bridge	directory	0775	1783577675065553922				mkdir	run-directory		
.specula-output/confirmation/CR-3/worktree/crates/swss-common-bridge/Cargo.toml	.specula-output/confirmation/CR-3/worktree/crates/swss-common-bridge/Cargo.toml	file	0664	1783577675065553922	755	90d0fd07f27224840f9e8aa43ae6d16be1e433fdcd9bffed3e9d7d5c27f0caac		copy	run-evidence		
.specula-output/confirmation/CR-3/worktree/crates/swss-common-bridge/src	.specula-output/confirmation/CR-3/worktree/crates/swss-common-bridge/src	directory	0775	1783577675065553922				mkdir	run-directory		
.specula-output/confirmation/CR-3/worktree/crates/swss-common-bridge/src/consumer.rs	.specula-output/confirmation/CR-3/worktree/crates/swss-common-bridge/src/consumer.rs	file	0664	1783577675065553922	15722	d29510353c47d63cc4732f9075e55428f5605a35cb40c84728bfe585e3b6ae81		copy	run-evidence		
.specula-output/confirmation/CR-3/worktree/crates/swss-common-bridge/src/lib.rs	.specula-output/confirmation/CR-3/worktree/crates/swss-common-bridge/src/lib.rs	file	0664	1783577675065553922	2341	d50bada2027ab4bdfe19da142733e301550d8a13a43b728baf38f1dc0a95f619		copy	run-evidence		
.specula-output/confirmation/CR-3/worktree/crates/swss-common-bridge/src/producer.rs	.specula-output/confirmation/CR-3/worktree/crates/swss-common-bridge/src/producer.rs	file	0664	1783577675065553922	16096	e6204c6c8b791275c57cb4d4818b4c1c2be3cc0bf6e317bd95743aa20527d18a		copy	run-evidence		
.specula-output/confirmation/CR-3/worktree/crates/swss-serde	.specula-output/confirmation/CR-3/worktree/crates/swss-serde	directory	0775	1783577675065553922				mkdir	run-directory		
.specula-output/confirmation/CR-3/worktree/crates/swss-serde/Cargo.toml	.specula-output/confirmation/CR-3/worktree/crates/swss-serde/Cargo.toml	file	0664	1783577675065553922	409	996d81b6c4c147fde077b633256c11bd82fa1e005462fc46dca009ae66a3bead		copy	run-evidence		
.specula-output/confirmation/CR-3/worktree/crates/swss-serde/src	.specula-output/confirmation/CR-3/worktree/crates/swss-serde/src	directory	0775	1783577675066553941				mkdir	run-directory		
.specula-output/confirmation/CR-3/worktree/crates/swss-serde/src/error.rs	.specula-output/confirmation/CR-3/worktree/crates/swss-serde/src/error.rs	file	0664	1783577675066553941	595	cde10988fad503119f0fcfff46c95c6b2173005227d97f6e412499269c64e017		copy	run-evidence		
.specula-output/confirmation/CR-3/worktree/crates/swss-serde/src/field_value.rs	.specula-output/confirmation/CR-3/worktree/crates/swss-serde/src/field_value.rs	file	0664	1783577675066553941	10246	8a9087750327abf38082b37f096912427bfb3306dbe93c986947c8325d1565b9		copy	run-evidence		
.specula-output/confirmation/CR-3/worktree/crates/swss-serde/src/field_values.rs	.specula-output/confirmation/CR-3/worktree/crates/swss-serde/src/field_values.rs	file	0664	1783577675066553941	5341	4bdecb30295f4d23fdb2425d040c4cc4dcfff22331112d8ad441ce91ed524ef8		copy	run-evidence		
.specula-output/confirmation/CR-3/worktree/crates/swss-serde/src/lib.rs	.specula-output/confirmation/CR-3/worktree/crates/swss-serde/src/lib.rs	file	0664	1783577675066553941	1359	5ed868b6f5d73e9e01ccfef09f376878eaf337279e11c19ddbaea191839bb578		copy	run-evidence		
.specula-output/confirmation/CR-3/worktree/crates/swss-serde/src/table.rs	.specula-output/confirmation/CR-3/worktree/crates/swss-serde/src/table.rs	file	0664	1783577675066553941	3496	8761b69bf3fc7ab4f824400e828437f3e05c64707ab27772c0ebdc94d3e5fb92		copy	run-evidence		
.specula-output/confirmation/CR-3/worktree/crates/swss-serde/src/test.rs	.specula-output/confirmation/CR-3/worktree/crates/swss-serde/src/test.rs	file	0664	1783577675066553941	5878	ba5857b01fa8dcc87b8107f3f475c996b370fd65efe9c8c944d6123de14559fa		copy	run-evidence		
.specula-output/confirmation/CR-3/worktree/debian	.specula-output/confirmation/CR-3/worktree/debian	directory	0775	1783577675066553941				mkdir	run-directory		
.specula-output/confirmation/CR-3/worktree/debian/.gitignore	.record/source-control/.specula-output/confirmation/CR-3/worktree/debian/gitignore.source	file	0664	1783577675066553941	66	5ba161d24cf3cf6ca666052cd4a803bc4c5b4513f2f2d8ce173dd44ac27b332c		copy	run-evidence		
.specula-output/confirmation/CR-3/worktree/debian/changelog	.specula-output/confirmation/CR-3/worktree/debian/changelog	file	0664	1783577675066553941	133	b0e4c77158baf68f5f4e44a9e9cf8cc2cb87fb1e5d972d5c8ece7ec12bcf9ebf		copy	run-evidence		
.specula-output/confirmation/CR-3/worktree/debian/compat	.specula-output/confirmation/CR-3/worktree/debian/compat	file	0664	1783577675066553941	2	4fc82b26aecb47d2868c4efbe3581732a3e7cbcc6c2efb32062c08170a05eeb8		copy	run-evidence		
.specula-output/confirmation/CR-3/worktree/debian/control	.specula-output/confirmation/CR-3/worktree/debian/control	file	0664	1783577675066553941	402	dc830719b6f4481a9ceb047afe697fd9646c1bc4004c3044954d142af14c3300		copy	run-evidence		
.specula-output/confirmation/CR-3/worktree/debian/install	.specula-output/confirmation/CR-3/worktree/debian/install	file	0664	1783577675066553941	130	191b4426c4b291ad2a887f4ca2ff8f117b3e011c79935548c46427b23a5b0f8f		copy	run-evidence		
.specula-output/confirmation/CR-3/worktree/debian/rules	.specula-output/confirmation/CR-3/worktree/debian/rules	file	0775	1783577675066553941	345	7cde28e0b934350b9de186d64baad0f0b9eed95dd6992125c8e29d0175d735bc		copy	run-evidence		
.specula-output/confirmation/CR-3/worktree/rustfmt.toml	.specula-output/confirmation/CR-3/worktree/rustfmt.toml	file	0664	1783577675066553941	443	b978c41d933c21053898dcf392291fd90addd3558f99149227132b85a17be027		copy	run-evidence		
.specula-output/confirmation/CR-3/worktree/scripts	.specula-output/confirmation/CR-3/worktree/scripts	directory	0775	1783577675066553941				mkdir	run-directory		
.specula-output/confirmation/CR-3/worktree/scripts/wait_for_loopback.py	.specula-output/confirmation/CR-3/worktree/scripts/wait_for_loopback.py	file	0664	1783577675066553941	3525	5f8d0244c51cb5dcce41f42706430bbe3f918f054c3242a8b4736cd78e6caf9d		copy	run-evidence		
.specula-output/confirmation/CR-3/worktree/target		directory	0755	1783578109432665003				exclude	non-evidence	build-or-generated-cache	
.specula-output/confirmation/CR-3/worktree/test_utils	.specula-output/confirmation/CR-3/worktree/test_utils	directory	0775	1783577675066553941				mkdir	run-directory		
.specula-output/confirmation/CR-3/worktree/test_utils/README.md	.specula-output/confirmation/CR-3/worktree/test_utils/README.md	file	0664	1783577675066553941	488	94110682d023d1d8e19ad8c9252057b8254259c7b9764fc5e66fc513d93cfac8		copy	run-evidence		
.specula-output/confirmation/CR-3/worktree/test_utils/hamgrd	.specula-output/confirmation/CR-3/worktree/test_utils/hamgrd	directory	0775	1783577675066553941				mkdir	run-directory		
.specula-output/confirmation/CR-3/worktree/test_utils/hamgrd/database_config.json	.specula-output/confirmation/CR-3/worktree/test_utils/hamgrd/database_config.json	file	0664	1783577675066553941	968	1de32db1a468dc0ef74752b4b693dcc1b53113f4dc591ba2946e1cc25dbc931d		copy	run-evidence		
.specula-output/confirmation/CR-3/worktree/test_utils/hamgrd/database_global.json	.specula-output/confirmation/CR-3/worktree/test_utils/hamgrd/database_global.json	file	0664	1783577675066553941	245	33c792f9b464a3934fb39e6d1a1ef16f0df3bdc103dfd5851dfcdc7da7e8a082		copy	run-evidence		
.specula-output/confirmation/CR-3/worktree/test_utils/hamgrd/redis_data_planned_up_then_down.cmd	.specula-output/confirmation/CR-3/worktree/test_utils/hamgrd/redis_data_planned_up_then_down.cmd	file	0664	1783577675066553941	1090	24e710b2196e98324a34e4152d70eebeb633dcd0f0ba0000c812cf1f12a8af85		copy	run-evidence		
.specula-output/confirmation/CR-3/worktree/test_utils/hamgrd/redis_data_set.cmd	.specula-output/confirmation/CR-3/worktree/test_utils/hamgrd/redis_data_set.cmd	file	0664	1783577675066553941	3476	608c1fa7508acf661de34ffd3249560029fb8788dcbd732ea83b36db964afefd		copy	run-evidence		
.specula-output/confirmation/CR-3/worktree/test_utils/hamgrd/redis_data_set_full.cmd	.specula-output/confirmation/CR-3/worktree/test_utils/hamgrd/redis_data_set_full.cmd	file	0664	1783577675066553941	5031	5ac73f5017d2955a45767e803b3a2e6d206bd433118109bd55b26f7254ccb6c6		copy	run-evidence		
.specula-output/confirmation/CR-3/worktree/test_utils/run_redis.sh	.specula-output/confirmation/CR-3/worktree/test_utils/run_redis.sh	file	0775	1783577675066553941	490	a17fe5c24818986e4b2f525924890927c5a4a7ccf2df29c025ab050d54289f7e		copy	run-evidence		
.specula-output/confirmation/CR-5	.specula-output/confirmation/CR-5	directory	0775	1783578743601347947				mkdir	run-directory		
.specula-output/confirmation/CR-5/debate.md	.specula-output/confirmation/CR-5/debate.md	file	0664	1783578743593347799	934573	888ab11e8b58ed78cace80ea41df6c84d2c7165e6de0e8065aee0ebea65cf8a8		copy	run-evidence		
.specula-output/confirmation/CR-5/turn01_A.log	.specula-output/confirmation/CR-5/turn01_A.log	file	0664	1783578693581415100	447149	9a254fddfcf29a662a02dbf64d49cbc485281eaff3d0a1f1f09997a1aec5909d		copy	run-evidence		
.specula-output/confirmation/CR-5/turn01_A.prompt.md	.specula-output/confirmation/CR-5/turn01_A.prompt.md	file	0664	1783578308175324456	10604	e678c45196a42a9ca24a848cf5a3f93bc43dd2329ff5e0fd855c6b1970ddb179		copy	run-evidence		
.specula-output/confirmation/CR-5/turn01_A.usage.json	.specula-output/confirmation/CR-5/turn01_A.usage.json	file	0664	1783578694061424158	245	402bfe860a0c301c422df7e55d83365aa505c89094d695bb7eff6153fcf61574		copy	run-evidence		
.specula-output/confirmation/CR-5/turn02_B.log	.specula-output/confirmation/CR-5/turn02_B.log	file	0664	1783578743076338259	487360	b0e0fce809e826377caa03944b22a6bb44d0bb41f4b9b5df96d756b2cf558cfa		copy	run-evidence		
.specula-output/confirmation/CR-5/turn02_B.prompt.md	.specula-output/confirmation/CR-5/turn02_B.prompt.md	file	0664	1783578694071424347	450833	53de1e60786d16c168c6521c1fca3564f669bf12f19e322cb7c3995b5f1260ef		copy	run-evidence		
.specula-output/confirmation/CR-5/turn02_B.usage.json	.specula-output/confirmation/CR-5/turn02_B.usage.json	file	0664	1783578743584347633	245	f5ecc53db2d8e008119ddae8ec1e4902228f8f7ca301046e94e4f758a2546b57		copy	run-evidence		
.specula-output/confirmation/CR-5/verdict.json	.specula-output/confirmation/CR-5/verdict.json	file	0664	1783578743602347965	463681	8bb11d1ac716c23c57f0e80d550de4caf9d169b30ce46e5a7d5d504d6d480ff9		copy	run-evidence		
.specula-output/confirmation/CR-5/worktree	.specula-output/confirmation/CR-5/worktree	directory	0775	1783578743597347873				mkdir	run-directory		
.specula-output/confirmation/CR-5/worktree/.git		file	0664	1783578308116323368	119	78fad1793a3ee739bd4863be5e110c2946c30be44bcaf702fc995ab98969442c		exclude	non-evidence	git-metadata	
.specula-output/confirmation/CR-5/worktree/.gitignore	.record/source-control/.specula-output/confirmation/CR-5/worktree/gitignore.source	file	0664	1783578308164324253	63	1362d8ecf612bff1ef3ef5f59dc941311a4c6d370176ee3fac2d6cf5dfa3d1e6		copy	run-evidence		
.specula-output/confirmation/CR-5/worktree/.pre-commit-config.yaml	.specula-output/confirmation/CR-5/worktree/.pre-commit-config.yaml	file	0664	1783578308164324253	975	06442782b6b7979294be9ec6cc14f1ecc0eec90d3c31ed7aa93075eba188b87d		copy	run-evidence		
.specula-output/confirmation/CR-5/worktree/Cargo.lock	.specula-output/confirmation/CR-5/worktree/Cargo.lock	file	0664	1783578308164324253	73759	55dfa1a975d6b3474b152fd1180861ca840793e7821799e3dfdb6c3e6a5d6459		copy	run-evidence		
.specula-output/confirmation/CR-5/worktree/Cargo.toml	.specula-output/confirmation/CR-5/worktree/Cargo.toml	file	0664	1783578308164324253	3193	e3dc3c58d5118c233e79d7c9792584060b66b41b505974718ae506a932031fc3		copy	run-evidence		
.specula-output/confirmation/CR-5/worktree/LICENSE	.specula-output/confirmation/CR-5/worktree/LICENSE	file	0664	1783578308164324253	555	64f72cf7a9753b300106dd2a2b058feb084cc105c2ad359a2320f372504d49c8		copy	run-evidence		
.specula-output/confirmation/CR-5/worktree/Makefile	.specula-output/confirmation/CR-5/worktree/Makefile	file	0664	1783578308164324253	1500	4b8e6dfaf74b0d71d23644d1ee70c6459a377bd883764c0632e0545f1c165202		copy	run-evidence		
.specula-output/confirmation/CR-5/worktree/README.md	.specula-output/confirmation/CR-5/worktree/README.md	file	0664	1783578308164324253	2258	a586c1b3947fa180a9687299db907422b38de00f41a0c60c9bdb58e3da32f994		copy	run-evidence		
.specula-output/confirmation/CR-5/worktree/crates	.specula-output/confirmation/CR-5/worktree/crates	directory	0775	1783578308172324401				mkdir	run-directory		
.specula-output/confirmation/CR-5/worktree/crates/container	.specula-output/confirmation/CR-5/worktree/crates/container	directory	0775	1783578308164324253				mkdir	run-directory		
.specula-output/confirmation/CR-5/worktree/crates/container/Cargo.toml	.specula-output/confirmation/CR-5/worktree/crates/container/Cargo.toml	file	0664	1783578308164324253	543	4ad8767d8c5f5d31bbeddeaa23c3a0887ee9efa8875a988e78a849f0fa8ab463		copy	run-evidence		
.specula-output/confirmation/CR-5/worktree/crates/container/src	.specula-output/confirmation/CR-5/worktree/crates/container/src	directory	0775	1783578308165324271				mkdir	run-directory		
.specula-output/confirmation/CR-5/worktree/crates/container/src/container.rs	.specula-output/confirmation/CR-5/worktree/crates/container/src/container.rs	file	0664	1783578308165324271	13473	fdd146e2a3c44d5d102092554290a6ab82ec78b529b31e92f5371899d1a13461		copy	run-evidence		
.specula-output/confirmation/CR-5/worktree/crates/container/src/main.rs	.specula-output/confirmation/CR-5/worktree/crates/container/src/main.rs	file	0664	1783578308165324271	1402	8804dad7b22eb1b3c4809fd1ca77458214320d6cd109136faba05d0e0005920e		copy	run-evidence		
.specula-output/confirmation/CR-5/worktree/crates/hamgrd	.specula-output/confirmation/CR-5/worktree/crates/hamgrd	directory	0775	1783578308165324271				mkdir	run-directory		
.specula-output/confirmation/CR-5/worktree/crates/hamgrd/Cargo.toml	.specula-output/confirmation/CR-5/worktree/crates/hamgrd/Cargo.toml	file	0664	1783578308165324271	1091	dfcecf0cc5aa0ddeb66899facb1f4e78afde2437e4caf634677e4d08ebaf85a4		copy	run-evidence		
.specula-output/confirmation/CR-5/worktree/crates/hamgrd/src	.specula-output/confirmation/CR-5/worktree/crates/hamgrd/src	directory	0775	1783578308166324290				mkdir	run-directory		
.specula-output/confirmation/CR-5/worktree/crates/hamgrd/src/actors	.specula-output/confirmation/CR-5/worktree/crates/hamgrd/src/actors	directory	0775	1783578308165324271				mkdir	run-directory		
.specula-output/confirmation/CR-5/worktree/crates/hamgrd/src/actors.rs	.specula-output/confirmation/CR-5/worktree/crates/hamgrd/src/actors.rs	file	0664	1783578308165324271	10857	60b97fd54b124162e2691fb612c18f23bfa411a0d7dd4cc2faafdac1dd7ff889		copy	run-evidence		
.specula-output/confirmation/CR-5/worktree/crates/hamgrd/src/actors/dpu.rs	.specula-output/confirmation/CR-5/worktree/crates/hamgrd/src/actors/dpu.rs	file	0664	1783578308165324271	27800	1f9135dc244e019d3f860f8b419748099be6158b82238b40d6f5ef73e67a70d4		copy	run-evidence		
.specula-output/confirmation/CR-5/worktree/crates/hamgrd/src/actors/ha_scope.rs	.specula-output/confirmation/CR-5/worktree/crates/hamgrd/src/actors/ha_scope.rs	file	0664	1783578559328961284	49809	f25d558a5d096cdb98ed605e88a321f80a9d27ebf50495a097f0dc2498ff4a13		copy	run-evidence		
.specula-output/confirmation/CR-5/worktree/crates/hamgrd/src/actors/ha_set.rs	.specula-output/confirmation/CR-5/worktree/crates/hamgrd/src/actors/ha_set.rs	file	0664	1783578308165324271	54279	0ddf6b21740c84bd17b1113b4497d1c8fca1cdded0669028efe4b3751afee8c3		copy	run-evidence		
.specula-output/confirmation/CR-5/worktree/crates/hamgrd/src/actors/test.rs	.specula-output/confirmation/CR-5/worktree/crates/hamgrd/src/actors/test.rs	file	0664	1783578308165324271	25740	68fce46b1239953c7ed8e7d248ce4a5ca94ca1fd5587db04909aeb133beb7ce8		copy	run-evidence		
.specula-output/confirmation/CR-5/worktree/crates/hamgrd/src/actors/vdpu.rs	.specula-output/confirmation/CR-5/worktree/crates/hamgrd/src/actors/vdpu.rs	file	0664	1783578308166324290	8755	0e91f79cfa4a07c231c2a04d179cc784314fae6c91349ffdf6586e2e12cb072a		copy	run-evidence		
.specula-output/confirmation/CR-5/worktree/crates/hamgrd/src/db_structs.rs	.specula-output/confirmation/CR-5/worktree/crates/hamgrd/src/db_structs.rs	file	0664	1783578308166324290	34184	a322274850ae6754df30ca8da226e1b18b9d07268a7e41578aae718a2295c74a		copy	run-evidence		
.specula-output/confirmation/CR-5/worktree/crates/hamgrd/src/ha_actor_messages.rs	.specula-output/confirmation/CR-5/worktree/crates/hamgrd/src/ha_actor_messages.rs	file	0664	1783578308166324290	6543	e1a13cdedb85938b77795f331bf3771d088e8bfce8051324f0a69161ee285d68		copy	run-evidence		
.specula-output/confirmation/CR-5/worktree/crates/hamgrd/src/main.rs	.specula-output/confirmation/CR-5/worktree/crates/hamgrd/src/main.rs	file	0664	1783578308166324290	8926	e9a6de6c129eb77fc46132682098b67f3184307f1ad5aeb1783403e8e23552ca		copy	run-evidence		
.specula-output/confirmation/CR-5/worktree/crates/sonic-common	.specula-output/confirmation/CR-5/worktree/crates/sonic-common	directory	0775	1783578308166324290				mkdir	run-directory		
.specula-output/confirmation/CR-5/worktree/crates/sonic-common/Cargo.toml	.specula-output/confirmation/CR-5/worktree/crates/sonic-common/Cargo.toml	file	0664	1783578308166324290	843	1239a0525ec2b948dd0ac2e78b9861a4da144fef3a1b3b5337ff7712dec9c5e5		copy	run-evidence		
.specula-output/confirmation/CR-5/worktree/crates/sonic-common/src	.specula-output/confirmation/CR-5/worktree/crates/sonic-common/src	directory	0775	1783578308166324290				mkdir	run-directory		
.specula-output/confirmation/CR-5/worktree/crates/sonic-common/src/lib.rs	.specula-output/confirmation/CR-5/worktree/crates/sonic-common/src/lib.rs	file	0664	1783578308166324290	573	18239424369eefc097b517348bc38889a2965244d88d7557c7e8568681093722		copy	run-evidence		
.specula-output/confirmation/CR-5/worktree/crates/sonic-common/src/log.rs	.specula-output/confirmation/CR-5/worktree/crates/sonic-common/src/log.rs	file	0664	1783578308166324290	7511	9f51b7708251f05f717e61f926e4893e318ce13905011273a982f08907262180		copy	run-evidence		
.specula-output/confirmation/CR-5/worktree/crates/sonic-common/src/panic.rs	.specula-output/confirmation/CR-5/worktree/crates/sonic-common/src/panic.rs	file	0664	1783578308166324290	1647	571290dc59a3ec765e03aa7c4bb7563d80d73747ae9cb95c697c41f667a8ca95		copy	run-evidence		
.specula-output/confirmation/CR-5/worktree/crates/sonic-dash-api-proto	.specula-output/confirmation/CR-5/worktree/crates/sonic-dash-api-proto	directory	0775	1783578308166324290				mkdir	run-directory		
.specula-output/confirmation/CR-5/worktree/crates/sonic-dash-api-proto/Cargo.toml	.specula-output/confirmation/CR-5/worktree/crates/sonic-dash-api-proto/Cargo.toml	file	0664	1783578308166324290	531	de2b47c4469d3a36868ed6e8dd3f619350358c8cc28a5f5f9d6cec405e1793e3		copy	run-evidence		
.specula-output/confirmation/CR-5/worktree/crates/sonic-dash-api-proto/build.rs	.specula-output/confirmation/CR-5/worktree/crates/sonic-dash-api-proto/build.rs	file	0664	1783578308166324290	2539	d6fbe856e6076167a0474176a3f65fb610390e45a40f3af1ebb46a874b8b3559		copy	run-evidence		
.specula-output/confirmation/CR-5/worktree/crates/sonic-dash-api-proto/sonic-dash-api	.specula-output/confirmation/CR-5/worktree/crates/sonic-dash-api-proto/sonic-dash-api	directory	0775	1783578622206103918				mkdir	run-directory		
.specula-output/confirmation/CR-5/worktree/crates/sonic-dash-api-proto/sonic-dash-api/.azure-pipelines	.specula-output/confirmation/CR-5/worktree/crates/sonic-dash-api-proto/sonic-dash-api/.azure-pipelines	directory	0775	1783578622205103900				mkdir	run-directory		
.specula-output/confirmation/CR-5/worktree/crates/sonic-dash-api-proto/sonic-dash-api/.azure-pipelines/build-template.yml	.specula-output/confirmation/CR-5/worktree/crates/sonic-dash-api-proto/sonic-dash-api/.azure-pipelines/build-template.yml	file	0664	1783578622205103900	1157	451ce6463ef8074b1f8b8e75dd9d3ea31a7615ebf167e0b0d659f7c84b1829ba		copy	run-evidence		
.specula-output/confirmation/CR-5/worktree/crates/sonic-dash-api-proto/sonic-dash-api/.git		file	0664	1783578622196103735	179	ea942abb09b84107d6c68b819f0832e9d57d897781335e39d48553deb63f75a4		exclude	non-evidence	git-metadata	
.specula-output/confirmation/CR-5/worktree/crates/sonic-dash-api-proto/sonic-dash-api/.github	.specula-output/confirmation/CR-5/worktree/crates/sonic-dash-api-proto/sonic-dash-api/.github	directory	0775	1783578622205103900				mkdir	run-directory		
.specula-output/confirmation/CR-5/worktree/crates/sonic-dash-api-proto/sonic-dash-api/.github/copilot-instructions.md	.specula-output/confirmation/CR-5/worktree/crates/sonic-dash-api-proto/sonic-dash-api/.github/copilot-instructions.md	file	0664	1783578622205103900	5543	cf53e2851093ee4279d3cb6b51122c09223fc6b06849a16ca061e7ae8154eb29		copy	run-evidence		
.specula-output/confirmation/CR-5/worktree/crates/sonic-dash-api-proto/sonic-dash-api/.gitignore	.record/source-control/.specula-output/confirmation/CR-5/worktree/crates/sonic-dash-api-proto/sonic-dash-api/gitignore.source	file	0664	1783578622205103900	152	37ae5085387aa46b903bede475c27f1c391bafc70e04f90ad326190dc6f9984a		copy	run-evidence		
.specula-output/confirmation/CR-5/worktree/crates/sonic-dash-api-proto/sonic-dash-api/Makefile	.specula-output/confirmation/CR-5/worktree/crates/sonic-dash-api-proto/sonic-dash-api/Makefile	file	0664	1783578622205103900	2867	6b7a7ee8959734154670386e7e3a8ce8da6c4bffd016c083799d1a830718f71f		copy	run-evidence		
.specula-output/confirmation/CR-5/worktree/crates/sonic-dash-api-proto/sonic-dash-api/README.md	.specula-output/confirmation/CR-5/worktree/crates/sonic-dash-api-proto/sonic-dash-api/README.md	file	0664	1783578622205103900	1462	b3fd7b0c339366692c23500294a116aea8de6e88998b8865f496c7220ba40302		copy	run-evidence		
.specula-output/confirmation/CR-5/worktree/crates/sonic-dash-api-proto/sonic-dash-api/azure-pipelines.yml	.specula-output/confirmation/CR-5/worktree/crates/sonic-dash-api-proto/sonic-dash-api/azure-pipelines.yml	file	0664	1783578622205103900	2850	6a71b850acd5b5220c310b76a649ca04c007f7ffc013791be7c7391edb648bf9		copy	run-evidence		
.specula-output/confirmation/CR-5/worktree/crates/sonic-dash-api-proto/sonic-dash-api/debian	.specula-output/confirmation/CR-5/worktree/crates/sonic-dash-api-proto/sonic-dash-api/debian	directory	0775	1783578622205103900				mkdir	run-directory		
.specula-output/confirmation/CR-5/worktree/crates/sonic-dash-api-proto/sonic-dash-api/debian/changelog	.specula-output/confirmation/CR-5/worktree/crates/sonic-dash-api-proto/sonic-dash-api/debian/changelog	file	0664	1783578622205103900	127	001c5cf3cc6c410458f8bd863f50fbbee5fcec94760be78fa2daf6e3ec985db4		copy	run-evidence		
.specula-output/confirmation/CR-5/worktree/crates/sonic-dash-api-proto/sonic-dash-api/debian/compat	.specula-output/confirmation/CR-5/worktree/crates/sonic-dash-api-proto/sonic-dash-api/debian/compat	file	0664	1783578622205103900	2	4fc82b26aecb47d2868c4efbe3581732a3e7cbcc6c2efb32062c08170a05eeb8		copy	run-evidence		
.specula-output/confirmation/CR-5/worktree/crates/sonic-dash-api-proto/sonic-dash-api/debian/control	.specula-output/confirmation/CR-5/worktree/crates/sonic-dash-api-proto/sonic-dash-api/debian/control	file	0664	1783578622205103900	362	33f4fb53634f991b8e9fee9d1bc0ebcdf95eb5a4789d435152724422743ec0ef		copy	run-evidence		
.specula-output/confirmation/CR-5/worktree/crates/sonic-dash-api-proto/sonic-dash-api/debian/rules	.specula-output/confirmation/CR-5/worktree/crates/sonic-dash-api-proto/sonic-dash-api/debian/rules	file	0775	1783578622205103900	88	885237907618e908f1fc048d94196c6baef3c1eb9398c334cd4cd382e97b9115		copy	run-evidence		
.specula-output/confirmation/CR-5/worktree/crates/sonic-dash-api-proto/sonic-dash-api/misc	.specula-output/confirmation/CR-5/worktree/crates/sonic-dash-api-proto/sonic-dash-api/misc	directory	0775	1783578622206103918				mkdir	run-directory		
.specula-output/confirmation/CR-5/worktree/crates/sonic-dash-api-proto/sonic-dash-api/misc/.gitignore	.record/source-control/.specula-output/confirmation/CR-5/worktree/crates/sonic-dash-api-proto/sonic-dash-api/misc/gitignore.source	file	0664	1783578622205103900	110	65057622390473201d1a7bfa966ca489a4f6b4c65232d115fee498d256c27617		copy	run-evidence		
.specula-output/confirmation/CR-5/worktree/crates/sonic-dash-api-proto/sonic-dash-api/misc/dash_api_utils	.specula-output/confirmation/CR-5/worktree/crates/sonic-dash-api-proto/sonic-dash-api/misc/dash_api_utils	file	0775	1783578622205103900	1673	a54b3116aa2c22f82c8fa7b0181c477b6b8e1770f547efbf6fd07d95e63856b3		copy	run-evidence		
.specula-output/confirmation/CR-5/worktree/crates/sonic-dash-api-proto/sonic-dash-api/misc/pypkg	.specula-output/confirmation/CR-5/worktree/crates/sonic-dash-api-proto/sonic-dash-api/misc/pypkg	directory	0775	1783578622206103918				mkdir	run-directory		
.specula-output/confirmation/CR-5/worktree/crates/sonic-dash-api-proto/sonic-dash-api/misc/pypkg/dash_api	.specula-output/confirmation/CR-5/worktree/crates/sonic-dash-api-proto/sonic-dash-api/misc/pypkg/dash_api	directory	0775	1783578622206103918				mkdir	run-directory		
.specula-output/confirmation/CR-5/worktree/crates/sonic-dash-api-proto/sonic-dash-api/misc/pypkg/dash_api/__init__.py	.specula-output/confirmation/CR-5/worktree/crates/sonic-dash-api-proto/sonic-dash-api/misc/pypkg/dash_api/__init__.py	file	0664	1783578622206103918	86	40c99d3fc4e0e8e6bcd60d2737a25a7ddf966ee2bd4bac2dc7364cd869023131		copy	run-evidence		
.specula-output/confirmation/CR-5/worktree/crates/sonic-dash-api-proto/sonic-dash-api/misc/tests	.specula-output/confirmation/CR-5/worktree/crates/sonic-dash-api-proto/sonic-dash-api/misc/tests	directory	0775	1783578622206103918				mkdir	run-directory		
.specula-output/confirmation/CR-5/worktree/crates/sonic-dash-api-proto/sonic-dash-api/misc/tests/main.cpp	.specula-output/confirmation/CR-5/worktree/crates/sonic-dash-api-proto/sonic-dash-api/misc/tests/main.cpp	file	0664	1783578622206103918	102	59572f84bf8df2a31f58d87051915b08cd9c32859092f1532135127155a33c24		copy	run-evidence		
.specula-output/confirmation/CR-5/worktree/crates/sonic-dash-api-proto/sonic-dash-api/misc/tests/test_utils.py	.specula-output/confirmation/CR-5/worktree/crates/sonic-dash-api-proto/sonic-dash-api/misc/tests/test_utils.py	file	0664	1783578622206103918	1955	43dc5e16b6648a9b58fc6d051de9ce7798273760f45bfe3e477d58277271326f		copy	run-evidence		
.specula-output/confirmation/CR-5/worktree/crates/sonic-dash-api-proto/sonic-dash-api/misc/tests/utils_unittest.cpp	.specula-output/confirmation/CR-5/worktree/crates/sonic-dash-api-proto/sonic-dash-api/misc/tests/utils_unittest.cpp	file	0664	1783578622206103918	5547	a959ab4ffc771de60248278a264b79d116514c9107ece82c7c23e3e991a492d0		copy	run-evidence		
.specula-output/confirmation/CR-5/worktree/crates/sonic-dash-api-proto/sonic-dash-api/misc/utils.cpp	.specula-output/confirmation/CR-5/worktree/crates/sonic-dash-api-proto/sonic-dash-api/misc/utils.cpp	file	0664	1783578622206103918	4029	7822b783cee4ecbce6085636b0ced2be68ea419c1c9e5002812e17f51d1a1121		copy	run-evidence		
.specula-output/confirmation/CR-5/worktree/crates/sonic-dash-api-proto/sonic-dash-api/misc/utils.h	.specula-output/confirmation/CR-5/worktree/crates/sonic-dash-api-proto/sonic-dash-api/misc/utils.h	file	0664	1783578622206103918	696	43ad84a08fffb2f5de7a429a0c4bc74de192251257c40fbbc5240e33881581a5		copy	run-evidence		
.specula-output/confirmation/CR-5/worktree/crates/sonic-dash-api-proto/sonic-dash-api/misc/utils.i	.specula-output/confirmation/CR-5/worktree/crates/sonic-dash-api-proto/sonic-dash-api/misc/utils.i	file	0664	1783578622206103918	124	b0ed8aea587950df30be894992ca7319f6b87d18c3d674abaaf17fa523ac15c5		copy	run-evidence		
.specula-output/confirmation/CR-5/worktree/crates/sonic-dash-api-proto/sonic-dash-api/proto	.specula-output/confirmation/CR-5/worktree/crates/sonic-dash-api-proto/sonic-dash-api/proto	directory	0775	1783578622207103937				mkdir	run-directory		
.specula-output/confirmation/CR-5/worktree/crates/sonic-dash-api-proto/sonic-dash-api/proto/acl_group.proto	.specula-output/confirmation/CR-5/worktree/crates/sonic-dash-api-proto/sonic-dash-api/proto/acl_group.proto	file	0664	1783578622206103918	224	63b83374a5dfe1eecea6532375f55378d0c80a61a343a6569bde52d5a84350bb		copy	run-evidence		
.specula-output/confirmation/CR-5/worktree/crates/sonic-dash-api-proto/sonic-dash-api/proto/acl_in.proto	.specula-output/confirmation/CR-5/worktree/crates/sonic-dash-api-proto/sonic-dash-api/proto/acl_in.proto	file	0664	1783578622206103918	310	8c4990a198ae41a7bb3b57278049936caa5f097416602aa83fe9261a24149307		copy	run-evidence		
.specula-output/confirmation/CR-5/worktree/crates/sonic-dash-api-proto/sonic-dash-api/proto/acl_out.proto	.specula-output/confirmation/CR-5/worktree/crates/sonic-dash-api-proto/sonic-dash-api/proto/acl_out.proto	file	0664	1783578622206103918	313	7fd56b7e8a7f311e24ac210b3a706d3ae218bf920e3a43cccf91bc0406ee581e		copy	run-evidence		
.specula-output/confirmation/CR-5/worktree/crates/sonic-dash-api-proto/sonic-dash-api/proto/acl_rule.proto	.specula-output/confirmation/CR-5/worktree/crates/sonic-dash-api-proto/sonic-dash-api/proto/acl_rule.proto	file	0664	1783578622206103918	1489	21efc2f5b9d3ef9278a78642d21a6ccea5352eec697dbeab920c4505bd6a47f3		copy	run-evidence		
.specula-output/confirmation/CR-5/worktree/crates/sonic-dash-api-proto/sonic-dash-api/proto/appliance.proto	.specula-output/confirmation/CR-5/worktree/crates/sonic-dash-api-proto/sonic-dash-api/proto/appliance.proto	file	0664	1783578622206103918	776	4f9bfe99d4615c32eb839cae910be8df431e5e72dc4eb2dce68ed5cb9ede8511		copy	run-evidence		
.specula-output/confirmation/CR-5/worktree/crates/sonic-dash-api-proto/sonic-dash-api/proto/eni.proto	.specula-output/confirmation/CR-5/worktree/crates/sonic-dash-api-proto/sonic-dash-api/proto/eni.proto	file	0664	1783578622206103918	1394	3cfa78f970e4c8eff5b16c8b0feca53fdfc77d43cb4cbf3f8816c0eba6971ee4		copy	run-evidence		
.specula-output/confirmation/CR-5/worktree/crates/sonic-dash-api-proto/sonic-dash-api/proto/eni_route.proto	.specula-output/confirmation/CR-5/worktree/crates/sonic-dash-api-proto/sonic-dash-api/proto/eni_route.proto	file	0664	1783578622206103918	184	1ea44c8956266a012206836e6de8a7fb3082b002c18e485fec1dca973a03f8f1		copy	run-evidence		
.specula-output/confirmation/CR-5/worktree/crates/sonic-dash-api-proto/sonic-dash-api/proto/ha_scope.proto	.specula-output/confirmation/CR-5/worktree/crates/sonic-dash-api-proto/sonic-dash-api/proto/ha_scope.proto	file	0664	1783578622206103918	749	bdb153bd85d28bc1bc165503fa808edd9f65a2c893966d313c77fded34ea5314		copy	run-evidence		
.specula-output/confirmation/CR-5/worktree/crates/sonic-dash-api-proto/sonic-dash-api/proto/ha_scope_config.proto	.specula-output/confirmation/CR-5/worktree/crates/sonic-dash-api-proto/sonic-dash-api/proto/ha_scope_config.proto	file	0664	1783578622206103918	561	a5df9f029dd4b10fb8933eab353b0612e158323be43264c3ec6124ab074d16af		copy	run-evidence		
.specula-output/confirmation/CR-5/worktree/crates/sonic-dash-api-proto/sonic-dash-api/proto/ha_scope_state.proto	.specula-output/confirmation/CR-5/worktree/crates/sonic-dash-api-proto/sonic-dash-api/proto/ha_scope_state.proto	file	0664	1783578622206103918	503	ef05bb57eb034ee8b5e0e52a0cdd78a22c6dac12b636f9ec90f99e0e4a2cfb29		copy	run-evidence		
.specula-output/confirmation/CR-5/worktree/crates/sonic-dash-api-proto/sonic-dash-api/proto/ha_set.proto	.specula-output/confirmation/CR-5/worktree/crates/sonic-dash-api-proto/sonic-dash-api/proto/ha_set.proto	file	0664	1783578622206103918	1482	68a55831f4939a0e731fac047888f285fd3ce5a56b92c4bdeab5ba3940fbe427		copy	run-evidence		
.specula-output/confirmation/CR-5/worktree/crates/sonic-dash-api-proto/sonic-dash-api/proto/ha_set_config.proto	.specula-output/confirmation/CR-5/worktree/crates/sonic-dash-api-proto/sonic-dash-api/proto/ha_set_config.proto	file	0664	1783578622206103918	437	3aac48716f7e82c5ed231ec04cc1e965ab47aecd5785ea9d7bec5cdd3b93d1ea		copy	run-evidence		
.specula-output/confirmation/CR-5/worktree/crates/sonic-dash-api-proto/sonic-dash-api/proto/ha_set_state.proto	.specula-output/confirmation/CR-5/worktree/crates/sonic-dash-api-proto/sonic-dash-api/proto/ha_set_state.proto	file	0664	1783578622206103918	295	eba05677140806197c24833e25e714b7da2b9613ce4d0e7077fbcce1f7ee1795		copy	run-evidence		
.specula-output/confirmation/CR-5/worktree/crates/sonic-dash-api-proto/sonic-dash-api/proto/meter.proto	.specula-output/confirmation/CR-5/worktree/crates/sonic-dash-api-proto/sonic-dash-api/proto/meter.proto	file	0664	1783578622206103918	376	959afb32392b5cc7c5ca48ee5fefc194dc93026603d5a96c389069df48d420a0		copy	run-evidence		
.specula-output/confirmation/CR-5/worktree/crates/sonic-dash-api-proto/sonic-dash-api/proto/meter_policy.proto	.specula-output/confirmation/CR-5/worktree/crates/sonic-dash-api-proto/sonic-dash-api/proto/meter_policy.proto	file	0664	1783578622206103918	221	3b355b5224b709b5135a139285f9223904396d68493b2331ebcc5d82afd0d08c		copy	run-evidence		
.specula-output/confirmation/CR-5/worktree/crates/sonic-dash-api-proto/sonic-dash-api/proto/meter_rule.proto	.specula-output/confirmation/CR-5/worktree/crates/sonic-dash-api-proto/sonic-dash-api/proto/meter_rule.proto	file	0664	1783578622206103918	360	2406e7d2a2f89645c15cbb354794ce010a6268a08338c4a44862f69193b9a6d3		copy	run-evidence		
.specula-output/confirmation/CR-5/worktree/crates/sonic-dash-api-proto/sonic-dash-api/proto/outbound_port_map.proto	.specula-output/confirmation/CR-5/worktree/crates/sonic-dash-api-proto/sonic-dash-api/proto/outbound_port_map.proto	file	0664	1783578622206103918	282	455b111663b169e0a8d5283720a248cdd3d925e2a953d48b870f722795e30dc2		copy	run-evidence		
.specula-output/confirmation/CR-5/worktree/crates/sonic-dash-api-proto/sonic-dash-api/proto/outbound_port_map_range.proto	.specula-output/confirmation/CR-5/worktree/crates/sonic-dash-api-proto/sonic-dash-api/proto/outbound_port_map_range.proto	file	0664	1783578622206103918	417	7e2b5a74d75ecf9545ffd929cd5c05206138d43dee6cced0854c7843e6395466		copy	run-evidence		
.specula-output/confirmation/CR-5/worktree/crates/sonic-dash-api-proto/sonic-dash-api/proto/pa_validation.proto	.specula-output/confirmation/CR-5/worktree/crates/sonic-dash-api-proto/sonic-dash-api/proto/pa_validation.proto	file	0664	1783578622206103918	188	d2b4f3b5b1298d1c41a979e6493a89a185aab032cfc1c4e27780fb87af6c16c7		copy	run-evidence		
.specula-output/confirmation/CR-5/worktree/crates/sonic-dash-api-proto/sonic-dash-api/proto/prefix_tag.proto	.specula-output/confirmation/CR-5/worktree/crates/sonic-dash-api-proto/sonic-dash-api/proto/prefix_tag.proto	file	0664	1783578622206103918	332	bc238882b1e392be4c9eb7210db871e1eea2d04a59bb16fff58ef06bc82da12d		copy	run-evidence		
.specula-output/confirmation/CR-5/worktree/crates/sonic-dash-api-proto/sonic-dash-api/proto/qos.proto	.specula-output/confirmation/CR-5/worktree/crates/sonic-dash-api-proto/sonic-dash-api/proto/qos.proto	file	0664	1783578622206103918	271	6c1756762416029cb9a3757f0ff18ae014bf789c493aae39966872aeb802e61f		copy	run-evidence		
.specula-output/confirmation/CR-5/worktree/crates/sonic-dash-api-proto/sonic-dash-api/proto/route.proto	.specula-output/confirmation/CR-5/worktree/crates/sonic-dash-api-proto/sonic-dash-api/proto/route.proto	file	0664	1783578622206103918	2665	9e4b7b6d0d807f50912dfaadfd7e6f2914090f406f0b75fe9167d3d452678ffa		copy	run-evidence		
.specula-output/confirmation/CR-5/worktree/crates/sonic-dash-api-proto/sonic-dash-api/proto/route_group.proto	.specula-output/confirmation/CR-5/worktree/crates/sonic-dash-api-proto/sonic-dash-api/proto/route_group.proto	file	0664	1783578622206103918	176	9a1a5264ce8aae5d33c896ca679f16405dbb2dbd853268d718ab931566a0c2d2		copy	run-evidence		
.specula-output/confirmation/CR-5/worktree/crates/sonic-dash-api-proto/sonic-dash-api/proto/route_rule.proto	.specula-output/confirmation/CR-5/worktree/crates/sonic-dash-api-proto/sonic-dash-api/proto/route_rule.proto	file	0664	1783578622207103937	1655	3648f004ce9b7da92a2f6f2366189b704e6aa9e74794a85182a7aa9bdfa8b7ae		copy	run-evidence		
.specula-output/confirmation/CR-5/worktree/crates/sonic-dash-api-proto/sonic-dash-api/proto/route_type.proto	.specula-output/confirmation/CR-5/worktree/crates/sonic-dash-api-proto/sonic-dash-api/proto/route_type.proto	file	0664	1783578622207103937	1450	e6361b492f3491f9480a11ac304c757d95ac87f2cd364e9dae11f6187c54c5f4		copy	run-evidence		
.specula-output/confirmation/CR-5/worktree/crates/sonic-dash-api-proto/sonic-dash-api/proto/routing_appliance.proto	.specula-output/confirmation/CR-5/worktree/crates/sonic-dash-api-proto/sonic-dash-api/proto/routing_appliance.proto	file	0664	1783578622207103937	357	6de8b36bdc0258d746b1edcf1d35fb9b80f9fb484591b9d2df0a44bef3ef3113		copy	run-evidence		
.specula-output/confirmation/CR-5/worktree/crates/sonic-dash-api-proto/sonic-dash-api/proto/tunnel.proto	.specula-output/confirmation/CR-5/worktree/crates/sonic-dash-api-proto/sonic-dash-api/proto/tunnel.proto	file	0664	1783578622207103937	374	49a8b27dfcd4656991293f1f2676e8a06488388030758b266f67fbe2430c067c		copy	run-evidence		
.specula-output/confirmation/CR-5/worktree/crates/sonic-dash-api-proto/sonic-dash-api/proto/types.proto	.specula-output/confirmation/CR-5/worktree/crates/sonic-dash-api-proto/sonic-dash-api/proto/types.proto	file	0664	1783578622207103937	1593	0b1644d63d353923f33aa4e561f7181119db49715e0f745063cbe3a81f2c73a9		copy	run-evidence		
.specula-output/confirmation/CR-5/worktree/crates/sonic-dash-api-proto/sonic-dash-api/proto/vnet.proto	.specula-output/confirmation/CR-5/worktree/crates/sonic-dash-api-proto/sonic-dash-api/proto/vnet.proto	file	0664	1783578622207103937	310	8c437362618f389009463e3f94e2aa906a6b4746eff2c83752e12fbe03a8b888		copy	run-evidence		
.specula-output/confirmation/CR-5/worktree/crates/sonic-dash-api-proto/sonic-dash-api/proto/vnet_mapping.proto	.specula-output/confirmation/CR-5/worktree/crates/sonic-dash-api-proto/sonic-dash-api/proto/vnet_mapping.proto	file	0664	1783578622207103937	1826	19c8e9f32da372cccccefddcf402053260cdf106f499fee52ce6c1cbf8c4b414		copy	run-evidence		
.specula-output/confirmation/CR-5/worktree/crates/sonic-dash-api-proto/src	.specula-output/confirmation/CR-5/worktree/crates/sonic-dash-api-proto/src	directory	0775	1783578308166324290				mkdir	run-directory		
.specula-output/confirmation/CR-5/worktree/crates/sonic-dash-api-proto/src/lib.rs	.specula-output/confirmation/CR-5/worktree/crates/sonic-dash-api-proto/src/lib.rs	file	0664	1783578308166324290	1081	0d114c68775aea25eb21fb1224fe0d8e6b4ca6ba3e30aa8da93bc68723aafee1		copy	run-evidence		
.specula-output/confirmation/CR-5/worktree/crates/sonicdb-derive	.specula-output/confirmation/CR-5/worktree/crates/sonicdb-derive	directory	0775	1783578308167324308				mkdir	run-directory		
.specula-output/confirmation/CR-5/worktree/crates/sonicdb-derive/Cargo.toml	.specula-output/confirmation/CR-5/worktree/crates/sonicdb-derive/Cargo.toml	file	0664	1783578308166324290	494	4d3a5a55449607e6295ee3aa7bb48e01385e36cd8576dcadbc0c67a0fe172cb5		copy	run-evidence		
.specula-output/confirmation/CR-5/worktree/crates/sonicdb-derive/src	.specula-output/confirmation/CR-5/worktree/crates/sonicdb-derive/src	directory	0775	1783578308166324290				mkdir	run-directory		
.specula-output/confirmation/CR-5/worktree/crates/sonicdb-derive/src/lib.rs	.specula-output/confirmation/CR-5/worktree/crates/sonicdb-derive/src/lib.rs	file	0664	1783578308166324290	4957	dee27e85348f8d6cb4170a574bcf4c34b225a39835eb1514be7877991ec6371f		copy	run-evidence		
.specula-output/confirmation/CR-5/worktree/crates/sonicdb-derive/tests	.specula-output/confirmation/CR-5/worktree/crates/sonicdb-derive/tests	directory	0775	1783578308167324308				mkdir	run-directory		
.specula-output/confirmation/CR-5/worktree/crates/sonicdb-derive/tests/basic.rs	.specula-output/confirmation/CR-5/worktree/crates/sonicdb-derive/tests/basic.rs	file	0664	1783578308167324308	671	52a3abd00d6c4d09c02a71f4139cb03e9bc7e28a662585d4c9aa8aada3b9d5d8		copy	run-evidence		
.specula-output/confirmation/CR-5/worktree/crates/swbus-actor	.specula-output/confirmation/CR-5/worktree/crates/swbus-actor	directory	0775	1783578308167324308				mkdir	run-directory		
.specula-output/confirmation/CR-5/worktree/crates/swbus-actor/Cargo.toml	.specula-output/confirmation/CR-5/worktree/crates/swbus-actor/Cargo.toml	file	0664	1783578308167324308	593	b8458594718c1fa7595aef160e807f12f27e7ac6e74278ba69392b07ff91788a		copy	run-evidence		
.specula-output/confirmation/CR-5/worktree/crates/swbus-actor/src	.specula-output/confirmation/CR-5/worktree/crates/swbus-actor/src	directory	0775	1783578308167324308				mkdir	run-directory		
.specula-output/confirmation/CR-5/worktree/crates/swbus-actor/src/actor_message.rs	.specula-output/confirmation/CR-5/worktree/crates/swbus-actor/src/actor_message.rs	file	0664	1783578308167324308	2229	cbd2ebfca0cd4f31394fd0185324f59e05860a98bda9881b4bbe644166c34bab		copy	run-evidence		
.specula-output/confirmation/CR-5/worktree/crates/swbus-actor/src/driver.rs	.specula-output/confirmation/CR-5/worktree/crates/swbus-actor/src/driver.rs	file	0664	1783578308167324308	8587	2e450baed13e6d2657bb7e0026c14eace1cebf386a246030449fea0b57f2274d		copy	run-evidence		
.specula-output/confirmation/CR-5/worktree/crates/swbus-actor/src/lib.rs	.specula-output/confirmation/CR-5/worktree/crates/swbus-actor/src/lib.rs	file	0664	1783578308167324308	1668	fda76d091927d51c44ff868e5af2c415141244d27590d53059b2cc8481a96270		copy	run-evidence		
.specula-output/confirmation/CR-5/worktree/crates/swbus-actor/src/runtime.rs	.specula-output/confirmation/CR-5/worktree/crates/swbus-actor/src/runtime.rs	file	0664	1783578308167324308	2495	5ca245698919de5f5c8729b962670044e01a63c4e6df27219d41b45fa9082000		copy	run-evidence		
.specula-output/confirmation/CR-5/worktree/crates/swbus-actor/src/state	.specula-output/confirmation/CR-5/worktree/crates/swbus-actor/src/state	directory	0775	1783578308167324308				mkdir	run-directory		
.specula-output/confirmation/CR-5/worktree/crates/swbus-actor/src/state.rs	.specula-output/confirmation/CR-5/worktree/crates/swbus-actor/src/state.rs	file	0664	1783578308167324308	2561	5f002cee0f0a7c630a2ed009eefde818735b8ece52f308b48a88ce949a54192b		copy	run-evidence		
.specula-output/confirmation/CR-5/worktree/crates/swbus-actor/src/state/incoming.rs	.specula-output/confirmation/CR-5/worktree/crates/swbus-actor/src/state/incoming.rs	file	0664	1783578308167324308	8239	58649721fc05693638596fc0eb939000e023166dad4ab9a6acbb464e20ded43c		copy	run-evidence		
.specula-output/confirmation/CR-5/worktree/crates/swbus-actor/src/state/internal.rs	.specula-output/confirmation/CR-5/worktree/crates/swbus-actor/src/state/internal.rs	file	0664	1783578308167324308	4947	df2a3d82f3e88e8bf02c94f9ed242cd0aa05910506a180bf7bf3e2caf74e4b24		copy	run-evidence		
.specula-output/confirmation/CR-5/worktree/crates/swbus-actor/src/state/outgoing.rs	.specula-output/confirmation/CR-5/worktree/crates/swbus-actor/src/state/outgoing.rs	file	0664	1783578308167324308	9087	9072a2340f004f04620459e715991ef61990f269e1fe4f770fa76e1f519bce29		copy	run-evidence		
.specula-output/confirmation/CR-5/worktree/crates/swbus-actor/tests	.specula-output/confirmation/CR-5/worktree/crates/swbus-actor/tests	directory	0775	1783578308167324308				mkdir	run-directory		
.specula-output/confirmation/CR-5/worktree/crates/swbus-actor/tests/count_to_1000.json	.specula-output/confirmation/CR-5/worktree/crates/swbus-actor/tests/count_to_1000.json	file	0664	1783578308167324308	462	a526d7f7fd63dee8e6a28441d4ccdb5051bad804c5abf6973d795f186ae9f90c		copy	run-evidence		
.specula-output/confirmation/CR-5/worktree/crates/swbus-actor/tests/count_to_1000_internal_table.json	.specula-output/confirmation/CR-5/worktree/crates/swbus-actor/tests/count_to_1000_internal_table.json	file	0664	1783578308167324308	777	3360024920871c2ccc8b41b6d66ff877c2191c30b65b1ff88761c7859ab5702f		copy	run-evidence		
.specula-output/confirmation/CR-5/worktree/crates/swbus-actor/tests/echo.json	.specula-output/confirmation/CR-5/worktree/crates/swbus-actor/tests/echo.json	file	0664	1783578308167324308	816	3932f2c4900222c50157d25ae9e2f857486542ca7a1fc35faf59906b81c70bb0		copy	run-evidence		
.specula-output/confirmation/CR-5/worktree/crates/swbus-actor/tests/echo.rs	.specula-output/confirmation/CR-5/worktree/crates/swbus-actor/tests/echo.rs	file	0664	1783578308167324308	3189	b0efe97d0aba9e36c6ecd1c07ef9cc62a1564e0ad0bcd354b8243be91e498174		copy	run-evidence		
.specula-output/confirmation/CR-5/worktree/crates/swbus-actor/tests/kvstore.rs	.specula-output/confirmation/CR-5/worktree/crates/swbus-actor/tests/kvstore.rs	file	0664	1783578308167324308	14209	222d6b28b6d6349592f9d666ebcab19d82969ecdbd8871efb0fd7a4c30a7c392		copy	run-evidence		
.specula-output/confirmation/CR-5/worktree/crates/swbus-actor/tests/test_executor.rs	.specula-output/confirmation/CR-5/worktree/crates/swbus-actor/tests/test_executor.rs	file	0664	1783578308167324308	7562	50043e5deff8832b7d1543a1efd479828590b86a3a6f01311ce7b7e0adf888ec		copy	run-evidence		
.specula-output/confirmation/CR-5/worktree/crates/swbus-cli	.specula-output/confirmation/CR-5/worktree/crates/swbus-cli	directory	0775	1783578308168324327				mkdir	run-directory		
.specula-output/confirmation/CR-5/worktree/crates/swbus-cli/Cargo.toml	.specula-output/confirmation/CR-5/worktree/crates/swbus-cli/Cargo.toml	file	0664	1783578308167324308	1071	65cdad879d4bb96ee5bb725314c9ce6e3e55cf76cf87983210a54bfd7e8cc97d		copy	run-evidence		
.specula-output/confirmation/CR-5/worktree/crates/swbus-cli/README.md	.specula-output/confirmation/CR-5/worktree/crates/swbus-cli/README.md	file	0664	1783578308168324327	38259	e107629ff39c946eb879f1767836944d45d8c268c4fbb092d0b488558f6d537c		copy	run-evidence		
.specula-output/confirmation/CR-5/worktree/crates/swbus-cli/src	.specula-output/confirmation/CR-5/worktree/crates/swbus-cli/src	directory	0775	1783578308168324327				mkdir	run-directory		
.specula-output/confirmation/CR-5/worktree/crates/swbus-cli/src/main.rs	.specula-output/confirmation/CR-5/worktree/crates/swbus-cli/src/main.rs	file	0664	1783578308168324327	9069	9d07ab9ea427e8658c53ee5eaa4f6099d2eaf8ff22d2074da8dac0dd591f9e94		copy	run-evidence		
.specula-output/confirmation/CR-5/worktree/crates/swbus-cli/src/ping.rs	.specula-output/confirmation/CR-5/worktree/crates/swbus-cli/src/ping.rs	file	0664	1783578308168324327	3482	302b9f0b87b6637a1f3f04b9564db8bdcdb38f7c393d2487cb49ce4501ecf39f		copy	run-evidence		
.specula-output/confirmation/CR-5/worktree/crates/swbus-cli/src/show	.specula-output/confirmation/CR-5/worktree/crates/swbus-cli/src/show	directory	0775	1783578308168324327				mkdir	run-directory		
.specula-output/confirmation/CR-5/worktree/crates/swbus-cli/src/show/hamgrd	.specula-output/confirmation/CR-5/worktree/crates/swbus-cli/src/show/hamgrd	directory	0775	1783578308168324327				mkdir	run-directory		
.specula-output/confirmation/CR-5/worktree/crates/swbus-cli/src/show/hamgrd/actor.rs	.specula-output/confirmation/CR-5/worktree/crates/swbus-cli/src/show/hamgrd/actor.rs	file	0664	1783578308168324327	12765	47bab784e11ec8e3ee6702bd30ae517196da980168dd6745a610a1d0b3d35b03		copy	run-evidence		
.specula-output/confirmation/CR-5/worktree/crates/swbus-cli/src/show/hamgrd/mod.rs	.specula-output/confirmation/CR-5/worktree/crates/swbus-cli/src/show/hamgrd/mod.rs	file	0664	1783578308168324327	742	c6a56e88d069056b1c90cbdc05a6157dc192c99abcb24f0468b5f71513c2e937		copy	run-evidence		
.specula-output/confirmation/CR-5/worktree/crates/swbus-cli/src/show/mod.rs	.specula-output/confirmation/CR-5/worktree/crates/swbus-cli/src/show/mod.rs	file	0664	1783578308168324327	2339	4d797f0f441551b13c7551691376bf4401e0af84c573d3c1f04e684312d43993		copy	run-evidence		
.specula-output/confirmation/CR-5/worktree/crates/swbus-cli/src/show/swbusd	.specula-output/confirmation/CR-5/worktree/crates/swbus-cli/src/show/swbusd	directory	0775	1783578308168324327				mkdir	run-directory		
.specula-output/confirmation/CR-5/worktree/crates/swbus-cli/src/show/swbusd/mod.rs	.specula-output/confirmation/CR-5/worktree/crates/swbus-cli/src/show/swbusd/mod.rs	file	0664	1783578308168324327	743	61e790a87bcee322326c7d5bfc851b9af3328948d282958532921e2330826a4e		copy	run-evidence		
.specula-output/confirmation/CR-5/worktree/crates/swbus-cli/src/show/swbusd/route.rs	.specula-output/confirmation/CR-5/worktree/crates/swbus-cli/src/show/swbusd/route.rs	file	0664	1783578308168324327	2332	449e8c04a13912bdd698fd85fe3e5b69f5effc45720b64f60a3781a72a9de561		copy	run-evidence		
.specula-output/confirmation/CR-5/worktree/crates/swbus-cli/src/trace_route.rs	.specula-output/confirmation/CR-5/worktree/crates/swbus-cli/src/trace_route.rs	file	0664	1783578308168324327	3667	e77d34f013f78ffb80acc8c1d55c1869100580a284fcf3f0775817c1f2ad665b		copy	run-evidence		
.specula-output/confirmation/CR-5/worktree/crates/swbus-config	.specula-output/confirmation/CR-5/worktree/crates/swbus-config	directory	0775	1783578308168324327				mkdir	run-directory		
.specula-output/confirmation/CR-5/worktree/crates/swbus-config/Cargo.toml	.specula-output/confirmation/CR-5/worktree/crates/swbus-config/Cargo.toml	file	0664	1783578308168324327	559	79bc8140e9eb0d7f02e8bdece38cffe8281b75bf50dce639777b047622da7fc3		copy	run-evidence		
.specula-output/confirmation/CR-5/worktree/crates/swbus-config/src	.specula-output/confirmation/CR-5/worktree/crates/swbus-config/src	directory	0775	1783578308168324327				mkdir	run-directory		
.specula-output/confirmation/CR-5/worktree/crates/swbus-config/src/lib.rs	.specula-output/confirmation/CR-5/worktree/crates/swbus-config/src/lib.rs	file	0664	1783578308168324327	18793	ffcadaeb1bd7d0ed3392c7eb60ac3534f6830a2da95054c6748b9636cffc3ca0		copy	run-evidence		
.specula-output/confirmation/CR-5/worktree/crates/swbus-core	.specula-output/confirmation/CR-5/worktree/crates/swbus-core	directory	0775	1783578308169324345				mkdir	run-directory		
.specula-output/confirmation/CR-5/worktree/crates/swbus-core/Cargo.toml	.specula-output/confirmation/CR-5/worktree/crates/swbus-core/Cargo.toml	file	0664	1783578308168324327	1330	c79318a8db3b49666b6d556318936e57d7c839fbe7df192f02b7a5dc350fa039		copy	run-evidence		
.specula-output/confirmation/CR-5/worktree/crates/swbus-core/README.md	.specula-output/confirmation/CR-5/worktree/crates/swbus-core/README.md	file	0664	1783578308168324327	1416	7b6e4f07bf7073b3731ba25b30d7f13c27e0977d666b95c579669bd16d5a3042		copy	run-evidence		
.specula-output/confirmation/CR-5/worktree/crates/swbus-core/src	.specula-output/confirmation/CR-5/worktree/crates/swbus-core/src	directory	0775	1783578308169324345				mkdir	run-directory		
.specula-output/confirmation/CR-5/worktree/crates/swbus-core/src/lib.rs	.specula-output/confirmation/CR-5/worktree/crates/swbus-core/src/lib.rs	file	0664	1783578308169324345	13	f2c4a3f2982159d12c01660774a358d089842e360f791542e27b0a63f40fe44e		copy	run-evidence		
.specula-output/confirmation/CR-5/worktree/crates/swbus-core/src/mux	.specula-output/confirmation/CR-5/worktree/crates/swbus-core/src/mux	directory	0775	1783578308169324345				mkdir	run-directory		
.specula-output/confirmation/CR-5/worktree/crates/swbus-core/src/mux/conn.rs	.specula-output/confirmation/CR-5/worktree/crates/swbus-core/src/mux/conn.rs	file	0664	1783578308169324345	9440	f6752c32a029b6ee3d0c12249185a5024fd75ceb01b03afe883bd7ed1cee94ca		copy	run-evidence		
.specula-output/confirmation/CR-5/worktree/crates/swbus-core/src/mux/conn_info.rs	.specula-output/confirmation/CR-5/worktree/crates/swbus-core/src/mux/conn_info.rs	file	0664	1783578308169324345	3011	9b85b1e1c6f83c8a42380a9b155fa5a65df70c494d4a0de40b1d5d63fdbdbcfb		copy	run-evidence		
.specula-output/confirmation/CR-5/worktree/crates/swbus-core/src/mux/conn_proxy.rs	.specula-output/confirmation/CR-5/worktree/crates/swbus-core/src/mux/conn_proxy.rs	file	0664	1783578308169324345	2046	de7d3fb1c2df94f54e7270123e579094b8e12b8edb2b53a1a687bd3269ffa448		copy	run-evidence		
.specula-output/confirmation/CR-5/worktree/crates/swbus-core/src/mux/conn_store.rs	.specula-output/confirmation/CR-5/worktree/crates/swbus-core/src/mux/conn_store.rs	file	0664	1783578308169324345	6605	41d21e16d938f2d48b8493cc3df468583cfdfb097c172fceef5864d04203e817		copy	run-evidence		
.specula-output/confirmation/CR-5/worktree/crates/swbus-core/src/mux/conn_worker.rs	.specula-output/confirmation/CR-5/worktree/crates/swbus-core/src/mux/conn_worker.rs	file	0664	1783578308169324345	15099	3b158bb968c38d16f5a57be40607fa9b09c8cd57aac8d96002785a6c08be15e4		copy	run-evidence		
.specula-output/confirmation/CR-5/worktree/crates/swbus-core/src/mux/message_handler.rs	.specula-output/confirmation/CR-5/worktree/crates/swbus-core/src/mux/message_handler.rs	file	0664	1783578308169324345	158	f930df5f26de8d7cd9345640421dfd9e03c43edc27c0d3a3f57df4f9ace00abc		copy	run-evidence		
.specula-output/confirmation/CR-5/worktree/crates/swbus-core/src/mux/mod.rs	.specula-output/confirmation/CR-5/worktree/crates/swbus-core/src/mux/mod.rs	file	0664	1783578308169324345	346	bb79fa8dc0dccb7f34c2f0590cc2c293b7807a71ee917c99b415c024d6e67283		copy	run-evidence		
.specula-output/confirmation/CR-5/worktree/crates/swbus-core/src/mux/multiplexer.rs	.specula-output/confirmation/CR-5/worktree/crates/swbus-core/src/mux/multiplexer.rs	file	0664	1783578308169324345	67052	28a50fe1740d4c3f29bcc998f10c95282f00d232845dc19b9a48726207342b76		copy	run-evidence		
.specula-output/confirmation/CR-5/worktree/crates/swbus-core/src/mux/nexthop.rs	.specula-output/confirmation/CR-5/worktree/crates/swbus-core/src/mux/nexthop.rs	file	0664	1783578308169324345	12982	bcbcedb9b9789ecacc1bfd288d23b6c92dda0d75b67053dac94917a335e503dd		copy	run-evidence		
.specula-output/confirmation/CR-5/worktree/crates/swbus-core/src/mux/route_annoucer.rs	.specula-output/confirmation/CR-5/worktree/crates/swbus-core/src/mux/route_annoucer.rs	file	0664	1783578308169324345	8957	d78c3f66cae469d8c2447ef379cdcb3c4e762aba27ebb47194bfcc4803260e3d		copy	run-evidence		
.specula-output/confirmation/CR-5/worktree/crates/swbus-core/src/mux/service.rs	.specula-output/confirmation/CR-5/worktree/crates/swbus-core/src/mux/service.rs	file	0664	1783578308169324345	6880	bff225afcbbf76309e00b3e7802f951d538dd14c73332ef1831f9edd75b88923		copy	run-evidence		
.specula-output/confirmation/CR-5/worktree/crates/swbus-core/tests	.specula-output/confirmation/CR-5/worktree/crates/swbus-core/tests	directory	0775	1783578308170324364				mkdir	run-directory		
.specula-output/confirmation/CR-5/worktree/crates/swbus-core/tests/README.md	.specula-output/confirmation/CR-5/worktree/crates/swbus-core/tests/README.md	file	0664	1783578308169324345	4503	e2741cb85a00b0bc3d26d64aa03266506a734ac0c05f9e9ce047e2c04d4f0203		copy	run-evidence		
.specula-output/confirmation/CR-5/worktree/crates/swbus-core/tests/basic_tests.rs	.specula-output/confirmation/CR-5/worktree/crates/swbus-core/tests/basic_tests.rs	file	0664	1783578308169324345	1282	7ae57d1b5ee64a505e5fb02426585f4569dfc5b609583462372c83eb993a3199		copy	run-evidence		
.specula-output/confirmation/CR-5/worktree/crates/swbus-core/tests/common	.specula-output/confirmation/CR-5/worktree/crates/swbus-core/tests/common	directory	0775	1783578308169324345				mkdir	run-directory		
.specula-output/confirmation/CR-5/worktree/crates/swbus-core/tests/common/mod.rs	.specula-output/confirmation/CR-5/worktree/crates/swbus-core/tests/common/mod.rs	file	0664	1783578308169324345	23	4bffae5c73b3fb27a869ffb553a542afe718b36f6ca9c879789a7d562ef2aa38		copy	run-evidence		
.specula-output/confirmation/CR-5/worktree/crates/swbus-core/tests/common/test_executor.rs	.specula-output/confirmation/CR-5/worktree/crates/swbus-core/tests/common/test_executor.rs	file	0664	1783578308169324345	9518	f5d2563cc8f5bc5b906d9d550ad88b43545279fe31de0eb0c62dc651d19f020d		copy	run-evidence		
.specula-output/confirmation/CR-5/worktree/crates/swbus-core/tests/data	.specula-output/confirmation/CR-5/worktree/crates/swbus-core/tests/data	directory	0775	1783578308170324364				mkdir	run-directory		
.specula-output/confirmation/CR-5/worktree/crates/swbus-core/tests/data/b2b	.specula-output/confirmation/CR-5/worktree/crates/swbus-core/tests/data/b2b	directory	0775	1783578308170324364				mkdir	run-directory		
.specula-output/confirmation/CR-5/worktree/crates/swbus-core/tests/data/b2b/test_ping.json	.specula-output/confirmation/CR-5/worktree/crates/swbus-core/tests/data/b2b/test_ping.json	file	0664	1783578308170324364	3861	121c48e72ddada29549444f3f369b880c786a3b8bcc3be90829993c839e20334		copy	run-evidence		
.specula-output/confirmation/CR-5/worktree/crates/swbus-core/tests/data/b2b/test_show_route.json	.specula-output/confirmation/CR-5/worktree/crates/swbus-core/tests/data/b2b/test_show_route.json	file	0664	1783578308170324364	2406	4d770ea007370b04d62c7e9abad7547cef35af72de4973e8ceffbfe7d2efb48c		copy	run-evidence		
.specula-output/confirmation/CR-5/worktree/crates/swbus-core/tests/data/b2b/test_trace_route.json	.specula-output/confirmation/CR-5/worktree/crates/swbus-core/tests/data/b2b/test_trace_route.json	file	0664	1783578308170324364	3825	d66b6a38c8d290e3220a3a59b8928fa460126b411607c6a6367f4b37406b132a		copy	run-evidence		
.specula-output/confirmation/CR-5/worktree/crates/swbus-core/tests/data/b2b/topo.json	.specula-output/confirmation/CR-5/worktree/crates/swbus-core/tests/data/b2b/topo.json	file	0664	1783578308170324364	1129	7f245989e5059b18fabf7b5a16c7d775bf74792684f6550799515fd7d5a36dee		copy	run-evidence		
.specula-output/confirmation/CR-5/worktree/crates/swbus-core/tests/data/inter-cluster	.specula-output/confirmation/CR-5/worktree/crates/swbus-core/tests/data/inter-cluster	directory	0775	1783578308170324364				mkdir	run-directory		
.specula-output/confirmation/CR-5/worktree/crates/swbus-core/tests/data/inter-cluster/test_ping.json	.specula-output/confirmation/CR-5/worktree/crates/swbus-core/tests/data/inter-cluster/test_ping.json	file	0664	1783578308170324364	1240	384b680d1ab080bf5676feb07454d59fe9c231f6b999d94e817de1a8b8fcaa30		copy	run-evidence		
.specula-output/confirmation/CR-5/worktree/crates/swbus-core/tests/data/inter-cluster/test_show_route.json	.specula-output/confirmation/CR-5/worktree/crates/swbus-core/tests/data/inter-cluster/test_show_route.json	file	0664	1783578308170324364	3159	d720404da221821256a32fbfd0c1e7fe7c80d5ddb11a01f1d10eac2e94789c30		copy	run-evidence		
.specula-output/confirmation/CR-5/worktree/crates/swbus-core/tests/data/inter-cluster/topo.json	.specula-output/confirmation/CR-5/worktree/crates/swbus-core/tests/data/inter-cluster/topo.json	file	0664	1783578308170324364	2628	10ccb3a884b12e8cb8cc38a5800e6109f4d0c5adefd6c106a3982942c4117fe4		copy	run-evidence		
.specula-output/confirmation/CR-5/worktree/crates/swbus-core/tests/inter_cluster_tests.rs	.specula-output/confirmation/CR-5/worktree/crates/swbus-core/tests/inter_cluster_tests.rs	file	0664	1783578308170324364	972	c475273e93281d918b0e00f56b58b8a7b710a48bdffe43e2aa217043f5a6accc		copy	run-evidence		
.specula-output/confirmation/CR-5/worktree/crates/swbus-edge	.specula-output/confirmation/CR-5/worktree/crates/swbus-edge	directory	0775	1783578308170324364				mkdir	run-directory		
.specula-output/confirmation/CR-5/worktree/crates/swbus-edge/Cargo.toml	.specula-output/confirmation/CR-5/worktree/crates/swbus-edge/Cargo.toml	file	0664	1783578308170324364	752	6eabac2ce4f046ba26b173216304859075b31429651a1d9acaea0ed63e2ce59f		copy	run-evidence		
.specula-output/confirmation/CR-5/worktree/crates/swbus-edge/src	.specula-output/confirmation/CR-5/worktree/crates/swbus-edge/src	directory	0775	1783578308171324382				mkdir	run-directory		
.specula-output/confirmation/CR-5/worktree/crates/swbus-edge/src/core_client.rs	.specula-output/confirmation/CR-5/worktree/crates/swbus-edge/src/core_client.rs	file	0664	1783578308170324364	7284	4c51402847f363a0e62ccc7c2861d95546c89f07a7e396751b2dee6de3f7f4a4		copy	run-evidence		
.specula-output/confirmation/CR-5/worktree/crates/swbus-edge/src/edge_runtime.rs	.specula-output/confirmation/CR-5/worktree/crates/swbus-edge/src/edge_runtime.rs	file	0664	1783578308170324364	10890	7d5d3a0ba3fdd67421da20c188922d30f01943b30a86215f17d0872251244913		copy	run-evidence		
.specula-output/confirmation/CR-5/worktree/crates/swbus-edge/src/lib.rs	.specula-output/confirmation/CR-5/worktree/crates/swbus-edge/src/lib.rs	file	0664	1783578308170324364	576	faa5c95b88dd1e34c954c7b8f1c0b07bca26b7a3d3bde04cfe632e4751790235		copy	run-evidence		
.specula-output/confirmation/CR-5/worktree/crates/swbus-edge/src/message_handler_proxy.rs	.specula-output/confirmation/CR-5/worktree/crates/swbus-edge/src/message_handler_proxy.rs	file	0664	1783578308170324364	749	cfc59cbcbc8d0d7c834282aa40a9f0831cdf01ff2af7c5cf48ad59e29fb390f3		copy	run-evidence		
.specula-output/confirmation/CR-5/worktree/crates/swbus-edge/src/message_router	.specula-output/confirmation/CR-5/worktree/crates/swbus-edge/src/message_router	directory	0775	1783578308171324382				mkdir	run-directory		
.specula-output/confirmation/CR-5/worktree/crates/swbus-edge/src/message_router.rs	.specula-output/confirmation/CR-5/worktree/crates/swbus-edge/src/message_router.rs	file	0664	1783578308170324364	4376	75ccbe703a6d3a085d1d201d25ed68166cbfffe81253171fc5238ca35dfa3678		copy	run-evidence		
.specula-output/confirmation/CR-5/worktree/crates/swbus-edge/src/message_router/route_map.rs	.specula-output/confirmation/CR-5/worktree/crates/swbus-edge/src/message_router/route_map.rs	file	0664	1783578308171324382	1159	3fa445253853cba9c638369165ade9035f4a2c5d468c2cf349e7acd46b9722fc		copy	run-evidence		
.specula-output/confirmation/CR-5/worktree/crates/swbus-edge/src/simple_client.rs	.specula-output/confirmation/CR-5/worktree/crates/swbus-edge/src/simple_client.rs	file	0664	1783578308171324382	8859	7cb77df0b2ab1f2769bcffc19c837c968e7441843dd1108ec9bbc005cc45b4ec		copy	run-evidence		
.specula-output/confirmation/CR-5/worktree/crates/swbus-proto	.specula-output/confirmation/CR-5/worktree/crates/swbus-proto	directory	0775	1783578308171324382				mkdir	run-directory		
.specula-output/confirmation/CR-5/worktree/crates/swbus-proto/Cargo.toml	.specula-output/confirmation/CR-5/worktree/crates/swbus-proto/Cargo.toml	file	0664	1783578308171324382	558	53075c8a8953b79a5af426c44e916d9173cf353783d330db43f605f2d7464c60		copy	run-evidence		
.specula-output/confirmation/CR-5/worktree/crates/swbus-proto/build.rs	.specula-output/confirmation/CR-5/worktree/crates/swbus-proto/build.rs	file	0664	1783578308171324382	2026	475cdc9bca2eccbcbb42c7d6a07d2722669cef7228295088c8274cd681dd4484		copy	run-evidence		
.specula-output/confirmation/CR-5/worktree/crates/swbus-proto/proto	.specula-output/confirmation/CR-5/worktree/crates/swbus-proto/proto	directory	0775	1783578308171324382				mkdir	run-directory		
.specula-output/confirmation/CR-5/worktree/crates/swbus-proto/proto/swbus.proto	.specula-output/confirmation/CR-5/worktree/crates/swbus-proto/proto/swbus.proto	file	0664	1783578308171324382	6294	aac645c86603c5df39e5077aa1f869c542a0ca1421d44d8e1fca8f6ff3e636ea		copy	run-evidence		
.specula-output/confirmation/CR-5/worktree/crates/swbus-proto/src	.specula-output/confirmation/CR-5/worktree/crates/swbus-proto/src	directory	0775	1783578308171324382				mkdir	run-directory		
.specula-output/confirmation/CR-5/worktree/crates/swbus-proto/src/lib.rs	.specula-output/confirmation/CR-5/worktree/crates/swbus-proto/src/lib.rs	file	0664	1783578308171324382	61	d17df02f80826a817591af5b5010b0f6ac4898f5699eacd91ad7b47196752c22		copy	run-evidence		
.specula-output/confirmation/CR-5/worktree/crates/swbus-proto/src/message_id_generator.rs	.specula-output/confirmation/CR-5/worktree/crates/swbus-proto/src/message_id_generator.rs	file	0664	1783578308171324382	843	e719f9dd9bed5b86769144312a3c1e3a9af6c8767092dc9486d67bb3abb8fc11		copy	run-evidence		
.specula-output/confirmation/CR-5/worktree/crates/swbus-proto/src/result.rs	.specula-output/confirmation/CR-5/worktree/crates/swbus-proto/src/result.rs	file	0664	1783578308171324382	2424	a96858c007b047d749ea20494a2e1231eff29c547de8b7ebb0040ad8c5dd4676		copy	run-evidence		
.specula-output/confirmation/CR-5/worktree/crates/swbus-proto/src/swbus.rs	.specula-output/confirmation/CR-5/worktree/crates/swbus-proto/src/swbus.rs	file	0664	1783578308171324382	23852	20d8e932178d8c48aede8b3d87b633155c3ca9565b0f185aed190970c0a6ee42		copy	run-evidence		
.specula-output/confirmation/CR-5/worktree/crates/swbusd	.specula-output/confirmation/CR-5/worktree/crates/swbusd	directory	0775	1783578308171324382				mkdir	run-directory		
.specula-output/confirmation/CR-5/worktree/crates/swbusd/Cargo.toml	.specula-output/confirmation/CR-5/worktree/crates/swbusd/Cargo.toml	file	0664	1783578308171324382	717	54924fd7838c8233ff4bb1a2c69ab2d64c508e01b855299dcd305d24f38c5bf1		copy	run-evidence		
.specula-output/confirmation/CR-5/worktree/crates/swbusd/sample	.specula-output/confirmation/CR-5/worktree/crates/swbusd/sample	directory	0775	1783578308171324382				mkdir	run-directory		
.specula-output/confirmation/CR-5/worktree/crates/swbusd/sample/inter-cluster	.specula-output/confirmation/CR-5/worktree/crates/swbusd/sample/inter-cluster	directory	0775	1783578308171324382				mkdir	run-directory		
.specula-output/confirmation/CR-5/worktree/crates/swbusd/sample/inter-cluster/swbusd_cluster-a.10.0.0.1.cfg	.specula-output/confirmation/CR-5/worktree/crates/swbusd/sample/inter-cluster/swbusd_cluster-a.10.0.0.1.cfg	file	0664	1783578308171324382	470	0f011fc137e242399d46c0b5f2c340f26d6f32f92a44316a10e4e1c7e388e9a1		copy	run-evidence		
.specula-output/confirmation/CR-5/worktree/crates/swbusd/sample/inter-cluster/swbusd_cluster-a.10.0.0.2.cfg	.specula-output/confirmation/CR-5/worktree/crates/swbusd/sample/inter-cluster/swbusd_cluster-a.10.0.0.2.cfg	file	0664	1783578308171324382	274	196dd09c012bef6ace2d36fb3911625f4cdaf808059fb519418e398080c76999		copy	run-evidence		
.specula-output/confirmation/CR-5/worktree/crates/swbusd/sample/inter-cluster/swbusd_cluster-b.11.0.0.1.cfg	.specula-output/confirmation/CR-5/worktree/crates/swbusd/sample/inter-cluster/swbusd_cluster-b.11.0.0.1.cfg	file	0664	1783578308171324382	343	eb4623b5c1f3c39b3e402fdb41ca86aef420b5a8a3650613f2a9823b04ac55bf		copy	run-evidence		
.specula-output/confirmation/CR-5/worktree/crates/swbusd/sample/swbusd1.cfg	.specula-output/confirmation/CR-5/worktree/crates/swbusd/sample/swbusd1.cfg	file	0664	1783578308171324382	344	5048fdda47d8a6f85ecf7552fa66ebbb4d3ed5b785f836a720b7eeb51bd22b19		copy	run-evidence		
.specula-output/confirmation/CR-5/worktree/crates/swbusd/sample/swbusd2.cfg	.specula-output/confirmation/CR-5/worktree/crates/swbusd/sample/swbusd2.cfg	file	0664	1783578308171324382	274	196dd09c012bef6ace2d36fb3911625f4cdaf808059fb519418e398080c76999		copy	run-evidence		
.specula-output/confirmation/CR-5/worktree/crates/swbusd/src	.specula-output/confirmation/CR-5/worktree/crates/swbusd/src	directory	0775	1783578308171324382				mkdir	run-directory		
.specula-output/confirmation/CR-5/worktree/crates/swbusd/src/main.rs	.specula-output/confirmation/CR-5/worktree/crates/swbusd/src/main.rs	file	0664	1783578308171324382	1262	967c40e9b6ba91ab7884f883516746bf5b6bcd94aa38cec68485a427e32b9fd4		copy	run-evidence		
.specula-output/confirmation/CR-5/worktree/crates/swss-common-bridge	.specula-output/confirmation/CR-5/worktree/crates/swss-common-bridge	directory	0775	1783578308171324382				mkdir	run-directory		
.specula-output/confirmation/CR-5/worktree/crates/swss-common-bridge/Cargo.toml	.specula-output/confirmation/CR-5/worktree/crates/swss-common-bridge/Cargo.toml	file	0664	1783578308171324382	755	90d0fd07f27224840f9e8aa43ae6d16be1e433fdcd9bffed3e9d7d5c27f0caac		copy	run-evidence		
.specula-output/confirmation/CR-5/worktree/crates/swss-common-bridge/src	.specula-output/confirmation/CR-5/worktree/crates/swss-common-bridge/src	directory	0775	1783578308172324401				mkdir	run-directory		
.specula-output/confirmation/CR-5/worktree/crates/swss-common-bridge/src/consumer.rs	.specula-output/confirmation/CR-5/worktree/crates/swss-common-bridge/src/consumer.rs	file	0664	1783578308172324401	15722	d29510353c47d63cc4732f9075e55428f5605a35cb40c84728bfe585e3b6ae81		copy	run-evidence		
.specula-output/confirmation/CR-5/worktree/crates/swss-common-bridge/src/lib.rs	.specula-output/confirmation/CR-5/worktree/crates/swss-common-bridge/src/lib.rs	file	0664	1783578308172324401	2341	d50bada2027ab4bdfe19da142733e301550d8a13a43b728baf38f1dc0a95f619		copy	run-evidence		
.specula-output/confirmation/CR-5/worktree/crates/swss-common-bridge/src/producer.rs	.specula-output/confirmation/CR-5/worktree/crates/swss-common-bridge/src/producer.rs	file	0664	1783578308172324401	16096	e6204c6c8b791275c57cb4d4818b4c1c2be3cc0bf6e317bd95743aa20527d18a		copy	run-evidence		
.specula-output/confirmation/CR-5/worktree/crates/swss-serde	.specula-output/confirmation/CR-5/worktree/crates/swss-serde	directory	0775	1783578308172324401				mkdir	run-directory		
.specula-output/confirmation/CR-5/worktree/crates/swss-serde/Cargo.toml	.specula-output/confirmation/CR-5/worktree/crates/swss-serde/Cargo.toml	file	0664	1783578308172324401	409	996d81b6c4c147fde077b633256c11bd82fa1e005462fc46dca009ae66a3bead		copy	run-evidence		
.specula-output/confirmation/CR-5/worktree/crates/swss-serde/src	.specula-output/confirmation/CR-5/worktree/crates/swss-serde/src	directory	0775	1783578308172324401				mkdir	run-directory		
.specula-output/confirmation/CR-5/worktree/crates/swss-serde/src/error.rs	.specula-output/confirmation/CR-5/worktree/crates/swss-serde/src/error.rs	file	0664	1783578308172324401	595	cde10988fad503119f0fcfff46c95c6b2173005227d97f6e412499269c64e017		copy	run-evidence		
.specula-output/confirmation/CR-5/worktree/crates/swss-serde/src/field_value.rs	.specula-output/confirmation/CR-5/worktree/crates/swss-serde/src/field_value.rs	file	0664	1783578308172324401	10246	8a9087750327abf38082b37f096912427bfb3306dbe93c986947c8325d1565b9		copy	run-evidence		
.specula-output/confirmation/CR-5/worktree/crates/swss-serde/src/field_values.rs	.specula-output/confirmation/CR-5/worktree/crates/swss-serde/src/field_values.rs	file	0664	1783578308172324401	5341	4bdecb30295f4d23fdb2425d040c4cc4dcfff22331112d8ad441ce91ed524ef8		copy	run-evidence		
.specula-output/confirmation/CR-5/worktree/crates/swss-serde/src/lib.rs	.specula-output/confirmation/CR-5/worktree/crates/swss-serde/src/lib.rs	file	0664	1783578308172324401	1359	5ed868b6f5d73e9e01ccfef09f376878eaf337279e11c19ddbaea191839bb578		copy	run-evidence		
.specula-output/confirmation/CR-5/worktree/crates/swss-serde/src/table.rs	.specula-output/confirmation/CR-5/worktree/crates/swss-serde/src/table.rs	file	0664	1783578308172324401	3496	8761b69bf3fc7ab4f824400e828437f3e05c64707ab27772c0ebdc94d3e5fb92		copy	run-evidence		
.specula-output/confirmation/CR-5/worktree/crates/swss-serde/src/test.rs	.specula-output/confirmation/CR-5/worktree/crates/swss-serde/src/test.rs	file	0664	1783578308172324401	5878	ba5857b01fa8dcc87b8107f3f475c996b370fd65efe9c8c944d6123de14559fa		copy	run-evidence		
.specula-output/confirmation/CR-5/worktree/debian	.specula-output/confirmation/CR-5/worktree/debian	directory	0775	1783578308172324401				mkdir	run-directory		
.specula-output/confirmation/CR-5/worktree/debian/.gitignore	.record/source-control/.specula-output/confirmation/CR-5/worktree/debian/gitignore.source	file	0664	1783578308172324401	66	5ba161d24cf3cf6ca666052cd4a803bc4c5b4513f2f2d8ce173dd44ac27b332c		copy	run-evidence		
.specula-output/confirmation/CR-5/worktree/debian/changelog	.specula-output/confirmation/CR-5/worktree/debian/changelog	file	0664	1783578308172324401	133	b0e4c77158baf68f5f4e44a9e9cf8cc2cb87fb1e5d972d5c8ece7ec12bcf9ebf		copy	run-evidence		
.specula-output/confirmation/CR-5/worktree/debian/compat	.specula-output/confirmation/CR-5/worktree/debian/compat	file	0664	1783578308172324401	2	4fc82b26aecb47d2868c4efbe3581732a3e7cbcc6c2efb32062c08170a05eeb8		copy	run-evidence		
.specula-output/confirmation/CR-5/worktree/debian/control	.specula-output/confirmation/CR-5/worktree/debian/control	file	0664	1783578308172324401	402	dc830719b6f4481a9ceb047afe697fd9646c1bc4004c3044954d142af14c3300		copy	run-evidence		
.specula-output/confirmation/CR-5/worktree/debian/install	.specula-output/confirmation/CR-5/worktree/debian/install	file	0664	1783578308172324401	130	191b4426c4b291ad2a887f4ca2ff8f117b3e011c79935548c46427b23a5b0f8f		copy	run-evidence		
.specula-output/confirmation/CR-5/worktree/debian/rules	.specula-output/confirmation/CR-5/worktree/debian/rules	file	0775	1783578308172324401	345	7cde28e0b934350b9de186d64baad0f0b9eed95dd6992125c8e29d0175d735bc		copy	run-evidence		
.specula-output/confirmation/CR-5/worktree/rustfmt.toml	.specula-output/confirmation/CR-5/worktree/rustfmt.toml	file	0664	1783578308172324401	443	b978c41d933c21053898dcf392291fd90addd3558f99149227132b85a17be027		copy	run-evidence		
.specula-output/confirmation/CR-5/worktree/scripts	.specula-output/confirmation/CR-5/worktree/scripts	directory	0775	1783578308172324401				mkdir	run-directory		
.specula-output/confirmation/CR-5/worktree/scripts/wait_for_loopback.py	.specula-output/confirmation/CR-5/worktree/scripts/wait_for_loopback.py	file	0664	1783578308172324401	3525	5f8d0244c51cb5dcce41f42706430bbe3f918f054c3242a8b4736cd78e6caf9d		copy	run-evidence		
.specula-output/confirmation/CR-5/worktree/target		directory	0755	1783578590742533340				exclude	non-evidence	build-or-generated-cache	
.specula-output/confirmation/CR-5/worktree/test_utils	.specula-output/confirmation/CR-5/worktree/test_utils	directory	0775	1783578308173324419				mkdir	run-directory		
.specula-output/confirmation/CR-5/worktree/test_utils/README.md	.specula-output/confirmation/CR-5/worktree/test_utils/README.md	file	0664	1783578308172324401	488	94110682d023d1d8e19ad8c9252057b8254259c7b9764fc5e66fc513d93cfac8		copy	run-evidence		
.specula-output/confirmation/CR-5/worktree/test_utils/hamgrd	.specula-output/confirmation/CR-5/worktree/test_utils/hamgrd	directory	0775	1783578308173324419				mkdir	run-directory		
.specula-output/confirmation/CR-5/worktree/test_utils/hamgrd/database_config.json	.specula-output/confirmation/CR-5/worktree/test_utils/hamgrd/database_config.json	file	0664	1783578308173324419	968	1de32db1a468dc0ef74752b4b693dcc1b53113f4dc591ba2946e1cc25dbc931d		copy	run-evidence		
.specula-output/confirmation/CR-5/worktree/test_utils/hamgrd/database_global.json	.specula-output/confirmation/CR-5/worktree/test_utils/hamgrd/database_global.json	file	0664	1783578308173324419	245	33c792f9b464a3934fb39e6d1a1ef16f0df3bdc103dfd5851dfcdc7da7e8a082		copy	run-evidence		
.specula-output/confirmation/CR-5/worktree/test_utils/hamgrd/redis_data_planned_up_then_down.cmd	.specula-output/confirmation/CR-5/worktree/test_utils/hamgrd/redis_data_planned_up_then_down.cmd	file	0664	1783578308173324419	1090	24e710b2196e98324a34e4152d70eebeb633dcd0f0ba0000c812cf1f12a8af85		copy	run-evidence		
.specula-output/confirmation/CR-5/worktree/test_utils/hamgrd/redis_data_set.cmd	.specula-output/confirmation/CR-5/worktree/test_utils/hamgrd/redis_data_set.cmd	file	0664	1783578308173324419	3476	608c1fa7508acf661de34ffd3249560029fb8788dcbd732ea83b36db964afefd		copy	run-evidence		
.specula-output/confirmation/CR-5/worktree/test_utils/hamgrd/redis_data_set_full.cmd	.specula-output/confirmation/CR-5/worktree/test_utils/hamgrd/redis_data_set_full.cmd	file	0664	1783578308173324419	5031	5ac73f5017d2955a45767e803b3a2e6d206bd433118109bd55b26f7254ccb6c6		copy	run-evidence		
.specula-output/confirmation/CR-5/worktree/test_utils/run_redis.sh	.specula-output/confirmation/CR-5/worktree/test_utils/run_redis.sh	file	0775	1783578308173324419	490	a17fe5c24818986e4b2f525924890927c5a4a7ccf2df29c025ab050d54289f7e		copy	run-evidence		
.specula-output/confirmation/MC-1	.specula-output/confirmation/MC-1	directory	0775	1783577020887522308				mkdir	run-directory		
.specula-output/confirmation/MC-1/debate.md	.specula-output/confirmation/MC-1/debate.md	file	0664	1783577020878522142	1285154	f56e547c3c6aa0da0225cdd83c50ccba1a6f8398b9b2964c4551c09bf615e9c8		copy	run-evidence		
.specula-output/confirmation/MC-1/turn01_A.log	.specula-output/confirmation/MC-1/turn01_A.log	file	0664	1783576910136480999	622569	2541e709828eb3ea53f88e77ecbd53abc39767cbc2090a9dbbff95776540163f		copy	run-evidence		
.specula-output/confirmation/MC-1/turn01_A.prompt.md	.specula-output/confirmation/MC-1/turn01_A.prompt.md	file	0664	1783576276856816563	10749	a4d83ce06da31ff28682a858a6b4ace37f36eabf4c4e142351a55e1566f4ec10		copy	run-evidence		
.specula-output/confirmation/MC-1/turn01_A.usage.json	.specula-output/confirmation/MC-1/turn01_A.usage.json	file	0664	1783576910624489976	245	d212270b17613051f77fbab73598b123b671320233cc74591dba8b1dc6dc9d91		copy	run-evidence		
.specula-output/confirmation/MC-1/turn02_B.log	.specula-output/confirmation/MC-1/turn02_B.log	file	0664	1783577020360512612	662521	0283e90cbc6117972e59a651804049bf121d5a11498473b036bbfcc912d0a1f1		copy	run-evidence		
.specula-output/confirmation/MC-1/turn02_B.prompt.md	.specula-output/confirmation/MC-1/turn02_B.prompt.md	file	0664	1783576910640490271	626398	f72a5d34c2387fc7689e429ad8f855574fe9466b45c6a5f7e7641cc6bd1ad21c		copy	run-evidence		
.specula-output/confirmation/MC-1/turn02_B.usage.json	.specula-output/confirmation/MC-1/turn02_B.usage.json	file	0664	1783577020865521903	245	8f7d5ce4d06880676514da2b57e5db197cf4200ef155f59d35f41e2d4777798a		copy	run-evidence		
.specula-output/confirmation/MC-1/verdict.json	.specula-output/confirmation/MC-1/verdict.json	file	0664	1783577020887522308	644832	cfa8b415e940bee49adbbfced98cfb43ad19dc39944b382c717731b47575adca		copy	run-evidence		
.specula-output/confirmation/MC-1/worktree	.specula-output/confirmation/MC-1/worktree	directory	0775	1783577020881522197				mkdir	run-directory		
.specula-output/confirmation/MC-1/worktree/.git		file	0664	1783576276839816251	119	78fad1793a3ee739bd4863be5e110c2946c30be44bcaf702fc995ab98969442c		exclude	non-evidence	git-metadata	
.specula-output/confirmation/MC-1/worktree/.gitignore	.record/source-control/.specula-output/confirmation/MC-1/worktree/gitignore.source	file	0664	1783576276844816343	63	1362d8ecf612bff1ef3ef5f59dc941311a4c6d370176ee3fac2d6cf5dfa3d1e6		copy	run-evidence		
.specula-output/confirmation/MC-1/worktree/.pre-commit-config.yaml	.specula-output/confirmation/MC-1/worktree/.pre-commit-config.yaml	file	0664	1783576276844816343	975	06442782b6b7979294be9ec6cc14f1ecc0eec90d3c31ed7aa93075eba188b87d		copy	run-evidence		
.specula-output/confirmation/MC-1/worktree/Cargo.lock	.specula-output/confirmation/MC-1/worktree/Cargo.lock	file	0664	1783576276845816361	73759	55dfa1a975d6b3474b152fd1180861ca840793e7821799e3dfdb6c3e6a5d6459		copy	run-evidence		
.specula-output/confirmation/MC-1/worktree/Cargo.toml	.specula-output/confirmation/MC-1/worktree/Cargo.toml	file	0664	1783576276845816361	3193	e3dc3c58d5118c233e79d7c9792584060b66b41b505974718ae506a932031fc3		copy	run-evidence		
.specula-output/confirmation/MC-1/worktree/LICENSE	.specula-output/confirmation/MC-1/worktree/LICENSE	file	0664	1783576276845816361	555	64f72cf7a9753b300106dd2a2b058feb084cc105c2ad359a2320f372504d49c8		copy	run-evidence		
.specula-output/confirmation/MC-1/worktree/Makefile	.specula-output/confirmation/MC-1/worktree/Makefile	file	0664	1783576276845816361	1500	4b8e6dfaf74b0d71d23644d1ee70c6459a377bd883764c0632e0545f1c165202		copy	run-evidence		
.specula-output/confirmation/MC-1/worktree/README.md	.specula-output/confirmation/MC-1/worktree/README.md	file	0664	1783576276845816361	2258	a586c1b3947fa180a9687299db907422b38de00f41a0c60c9bdb58e3da32f994		copy	run-evidence		
.specula-output/confirmation/MC-1/worktree/crates	.specula-output/confirmation/MC-1/worktree/crates	directory	0775	1783576276853816508				mkdir	run-directory		
.specula-output/confirmation/MC-1/worktree/crates/container	.specula-output/confirmation/MC-1/worktree/crates/container	directory	0775	1783576276845816361				mkdir	run-directory		
.specula-output/confirmation/MC-1/worktree/crates/container/Cargo.toml	.specula-output/confirmation/MC-1/worktree/crates/container/Cargo.toml	file	0664	1783576276845816361	543	4ad8767d8c5f5d31bbeddeaa23c3a0887ee9efa8875a988e78a849f0fa8ab463		copy	run-evidence		
.specula-output/confirmation/MC-1/worktree/crates/container/src	.specula-output/confirmation/MC-1/worktree/crates/container/src	directory	0775	1783576276845816361				mkdir	run-directory		
.specula-output/confirmation/MC-1/worktree/crates/container/src/container.rs	.specula-output/confirmation/MC-1/worktree/crates/container/src/container.rs	file	0664	1783576276845816361	13473	fdd146e2a3c44d5d102092554290a6ab82ec78b529b31e92f5371899d1a13461		copy	run-evidence		
.specula-output/confirmation/MC-1/worktree/crates/container/src/main.rs	.specula-output/confirmation/MC-1/worktree/crates/container/src/main.rs	file	0664	1783576276845816361	1402	8804dad7b22eb1b3c4809fd1ca77458214320d6cd109136faba05d0e0005920e		copy	run-evidence		
.specula-output/confirmation/MC-1/worktree/crates/hamgrd	.specula-output/confirmation/MC-1/worktree/crates/hamgrd	directory	0775	1783576276845816361				mkdir	run-directory		
.specula-output/confirmation/MC-1/worktree/crates/hamgrd/Cargo.toml	.specula-output/confirmation/MC-1/worktree/crates/hamgrd/Cargo.toml	file	0664	1783576276845816361	1091	dfcecf0cc5aa0ddeb66899facb1f4e78afde2437e4caf634677e4d08ebaf85a4		copy	run-evidence		
.specula-output/confirmation/MC-1/worktree/crates/hamgrd/src	.specula-output/confirmation/MC-1/worktree/crates/hamgrd/src	directory	0775	1783576276846816380				mkdir	run-directory		
.specula-output/confirmation/MC-1/worktree/crates/hamgrd/src/actors	.specula-output/confirmation/MC-1/worktree/crates/hamgrd/src/actors	directory	0775	1783576276846816380				mkdir	run-directory		
.specula-output/confirmation/MC-1/worktree/crates/hamgrd/src/actors.rs	.specula-output/confirmation/MC-1/worktree/crates/hamgrd/src/actors.rs	file	0664	1783576276845816361	10857	60b97fd54b124162e2691fb612c18f23bfa411a0d7dd4cc2faafdac1dd7ff889		copy	run-evidence		
.specula-output/confirmation/MC-1/worktree/crates/hamgrd/src/actors/dpu.rs	.specula-output/confirmation/MC-1/worktree/crates/hamgrd/src/actors/dpu.rs	file	0664	1783576276846816380	27800	1f9135dc244e019d3f860f8b419748099be6158b82238b40d6f5ef73e67a70d4		copy	run-evidence		
.specula-output/confirmation/MC-1/worktree/crates/hamgrd/src/actors/ha_scope.rs	.specula-output/confirmation/MC-1/worktree/crates/hamgrd/src/actors/ha_scope.rs	file	0664	1783576730326155389	57648	a1587dc94fddfb6965725f33adb24dde240c22487afd460b12e4568ee3ea17ed		copy	run-evidence		
.specula-output/confirmation/MC-1/worktree/crates/hamgrd/src/actors/ha_set.rs	.specula-output/confirmation/MC-1/worktree/crates/hamgrd/src/actors/ha_set.rs	file	0664	1783576276846816380	54279	0ddf6b21740c84bd17b1113b4497d1c8fca1cdded0669028efe4b3751afee8c3		copy	run-evidence		
.specula-output/confirmation/MC-1/worktree/crates/hamgrd/src/actors/test.rs	.specula-output/confirmation/MC-1/worktree/crates/hamgrd/src/actors/test.rs	file	0664	1783576276846816380	25740	68fce46b1239953c7ed8e7d248ce4a5ca94ca1fd5587db04909aeb133beb7ce8		copy	run-evidence		
.specula-output/confirmation/MC-1/worktree/crates/hamgrd/src/actors/vdpu.rs	.specula-output/confirmation/MC-1/worktree/crates/hamgrd/src/actors/vdpu.rs	file	0664	1783576276846816380	8755	0e91f79cfa4a07c231c2a04d179cc784314fae6c91349ffdf6586e2e12cb072a		copy	run-evidence		
.specula-output/confirmation/MC-1/worktree/crates/hamgrd/src/db_structs.rs	.specula-output/confirmation/MC-1/worktree/crates/hamgrd/src/db_structs.rs	file	0664	1783576276846816380	34184	a322274850ae6754df30ca8da226e1b18b9d07268a7e41578aae718a2295c74a		copy	run-evidence		
.specula-output/confirmation/MC-1/worktree/crates/hamgrd/src/ha_actor_messages.rs	.specula-output/confirmation/MC-1/worktree/crates/hamgrd/src/ha_actor_messages.rs	file	0664	1783576276846816380	6543	e1a13cdedb85938b77795f331bf3771d088e8bfce8051324f0a69161ee285d68		copy	run-evidence		
.specula-output/confirmation/MC-1/worktree/crates/hamgrd/src/main.rs	.specula-output/confirmation/MC-1/worktree/crates/hamgrd/src/main.rs	file	0664	1783576276846816380	8926	e9a6de6c129eb77fc46132682098b67f3184307f1ad5aeb1783403e8e23552ca		copy	run-evidence		
.specula-output/confirmation/MC-1/worktree/crates/sonic-common	.specula-output/confirmation/MC-1/worktree/crates/sonic-common	directory	0775	1783576276847816398				mkdir	run-directory		
.specula-output/confirmation/MC-1/worktree/crates/sonic-common/Cargo.toml	.specula-output/confirmation/MC-1/worktree/crates/sonic-common/Cargo.toml	file	0664	1783576276847816398	843	1239a0525ec2b948dd0ac2e78b9861a4da144fef3a1b3b5337ff7712dec9c5e5		copy	run-evidence		
.specula-output/confirmation/MC-1/worktree/crates/sonic-common/src	.specula-output/confirmation/MC-1/worktree/crates/sonic-common/src	directory	0775	1783576276847816398				mkdir	run-directory		
.specula-output/confirmation/MC-1/worktree/crates/sonic-common/src/lib.rs	.specula-output/confirmation/MC-1/worktree/crates/sonic-common/src/lib.rs	file	0664	1783576276847816398	573	18239424369eefc097b517348bc38889a2965244d88d7557c7e8568681093722		copy	run-evidence		
.specula-output/confirmation/MC-1/worktree/crates/sonic-common/src/log.rs	.specula-output/confirmation/MC-1/worktree/crates/sonic-common/src/log.rs	file	0664	1783576276847816398	7511	9f51b7708251f05f717e61f926e4893e318ce13905011273a982f08907262180		copy	run-evidence		
.specula-output/confirmation/MC-1/worktree/crates/sonic-common/src/panic.rs	.specula-output/confirmation/MC-1/worktree/crates/sonic-common/src/panic.rs	file	0664	1783576276847816398	1647	571290dc59a3ec765e03aa7c4bb7563d80d73747ae9cb95c697c41f667a8ca95		copy	run-evidence		
.specula-output/confirmation/MC-1/worktree/crates/sonic-dash-api-proto	.specula-output/confirmation/MC-1/worktree/crates/sonic-dash-api-proto	directory	0775	1783576276847816398				mkdir	run-directory		
.specula-output/confirmation/MC-1/worktree/crates/sonic-dash-api-proto/Cargo.toml	.specula-output/confirmation/MC-1/worktree/crates/sonic-dash-api-proto/Cargo.toml	file	0664	1783576276847816398	531	de2b47c4469d3a36868ed6e8dd3f619350358c8cc28a5f5f9d6cec405e1793e3		copy	run-evidence		
.specula-output/confirmation/MC-1/worktree/crates/sonic-dash-api-proto/build.rs	.specula-output/confirmation/MC-1/worktree/crates/sonic-dash-api-proto/build.rs	file	0664	1783576276847816398	2539	d6fbe856e6076167a0474176a3f65fb610390e45a40f3af1ebb46a874b8b3559		copy	run-evidence		
.specula-output/confirmation/MC-1/worktree/crates/sonic-dash-api-proto/sonic-dash-api	.specula-output/confirmation/MC-1/worktree/crates/sonic-dash-api-proto/sonic-dash-api	directory	0775	1783576704763681634				mkdir	run-directory		
.specula-output/confirmation/MC-1/worktree/crates/sonic-dash-api-proto/sonic-dash-api/.azure-pipelines	.specula-output/confirmation/MC-1/worktree/crates/sonic-dash-api-proto/sonic-dash-api/.azure-pipelines	directory	0775	1783576704762681615				mkdir	run-directory		
.specula-output/confirmation/MC-1/worktree/crates/sonic-dash-api-proto/sonic-dash-api/.azure-pipelines/build-template.yml	.specula-output/confirmation/MC-1/worktree/crates/sonic-dash-api-proto/sonic-dash-api/.azure-pipelines/build-template.yml	file	0664	1783576704762681615	1157	451ce6463ef8074b1f8b8e75dd9d3ea31a7615ebf167e0b0d659f7c84b1829ba		copy	run-evidence		
.specula-output/confirmation/MC-1/worktree/crates/sonic-dash-api-proto/sonic-dash-api/.git		file	0664	1783576704752681430	179	ea942abb09b84107d6c68b819f0832e9d57d897781335e39d48553deb63f75a4		exclude	non-evidence	git-metadata	
.specula-output/confirmation/MC-1/worktree/crates/sonic-dash-api-proto/sonic-dash-api/.github	.specula-output/confirmation/MC-1/worktree/crates/sonic-dash-api-proto/sonic-dash-api/.github	directory	0775	1783576704762681615				mkdir	run-directory		
.specula-output/confirmation/MC-1/worktree/crates/sonic-dash-api-proto/sonic-dash-api/.github/copilot-instructions.md	.specula-output/confirmation/MC-1/worktree/crates/sonic-dash-api-proto/sonic-dash-api/.github/copilot-instructions.md	file	0664	1783576704762681615	5543	cf53e2851093ee4279d3cb6b51122c09223fc6b06849a16ca061e7ae8154eb29		copy	run-evidence		
.specula-output/confirmation/MC-1/worktree/crates/sonic-dash-api-proto/sonic-dash-api/.gitignore	.record/source-control/.specula-output/confirmation/MC-1/worktree/crates/sonic-dash-api-proto/sonic-dash-api/gitignore.source	file	0664	1783576704762681615	152	37ae5085387aa46b903bede475c27f1c391bafc70e04f90ad326190dc6f9984a		copy	run-evidence		
.specula-output/confirmation/MC-1/worktree/crates/sonic-dash-api-proto/sonic-dash-api/Makefile	.specula-output/confirmation/MC-1/worktree/crates/sonic-dash-api-proto/sonic-dash-api/Makefile	file	0664	1783576704762681615	2867	6b7a7ee8959734154670386e7e3a8ce8da6c4bffd016c083799d1a830718f71f		copy	run-evidence		
.specula-output/confirmation/MC-1/worktree/crates/sonic-dash-api-proto/sonic-dash-api/README.md	.specula-output/confirmation/MC-1/worktree/crates/sonic-dash-api-proto/sonic-dash-api/README.md	file	0664	1783576704762681615	1462	b3fd7b0c339366692c23500294a116aea8de6e88998b8865f496c7220ba40302		copy	run-evidence		
.specula-output/confirmation/MC-1/worktree/crates/sonic-dash-api-proto/sonic-dash-api/azure-pipelines.yml	.specula-output/confirmation/MC-1/worktree/crates/sonic-dash-api-proto/sonic-dash-api/azure-pipelines.yml	file	0664	1783576704762681615	2850	6a71b850acd5b5220c310b76a649ca04c007f7ffc013791be7c7391edb648bf9		copy	run-evidence		
.specula-output/confirmation/MC-1/worktree/crates/sonic-dash-api-proto/sonic-dash-api/debian	.specula-output/confirmation/MC-1/worktree/crates/sonic-dash-api-proto/sonic-dash-api/debian	directory	0775	1783576704763681634				mkdir	run-directory		
.specula-output/confirmation/MC-1/worktree/crates/sonic-dash-api-proto/sonic-dash-api/debian/changelog	.specula-output/confirmation/MC-1/worktree/crates/sonic-dash-api-proto/sonic-dash-api/debian/changelog	file	0664	1783576704762681615	127	001c5cf3cc6c410458f8bd863f50fbbee5fcec94760be78fa2daf6e3ec985db4		copy	run-evidence		
.specula-output/confirmation/MC-1/worktree/crates/sonic-dash-api-proto/sonic-dash-api/debian/compat	.specula-output/confirmation/MC-1/worktree/crates/sonic-dash-api-proto/sonic-dash-api/debian/compat	file	0664	1783576704763681634	2	4fc82b26aecb47d2868c4efbe3581732a3e7cbcc6c2efb32062c08170a05eeb8		copy	run-evidence		
.specula-output/confirmation/MC-1/worktree/crates/sonic-dash-api-proto/sonic-dash-api/debian/control	.specula-output/confirmation/MC-1/worktree/crates/sonic-dash-api-proto/sonic-dash-api/debian/control	file	0664	1783576704763681634	362	33f4fb53634f991b8e9fee9d1bc0ebcdf95eb5a4789d435152724422743ec0ef		copy	run-evidence		
.specula-output/confirmation/MC-1/worktree/crates/sonic-dash-api-proto/sonic-dash-api/debian/rules	.specula-output/confirmation/MC-1/worktree/crates/sonic-dash-api-proto/sonic-dash-api/debian/rules	file	0775	1783576704763681634	88	885237907618e908f1fc048d94196c6baef3c1eb9398c334cd4cd382e97b9115		copy	run-evidence		
.specula-output/confirmation/MC-1/worktree/crates/sonic-dash-api-proto/sonic-dash-api/misc	.specula-output/confirmation/MC-1/worktree/crates/sonic-dash-api-proto/sonic-dash-api/misc	directory	0775	1783576704763681634				mkdir	run-directory		
.specula-output/confirmation/MC-1/worktree/crates/sonic-dash-api-proto/sonic-dash-api/misc/.gitignore	.record/source-control/.specula-output/confirmation/MC-1/worktree/crates/sonic-dash-api-proto/sonic-dash-api/misc/gitignore.source	file	0664	1783576704763681634	110	65057622390473201d1a7bfa966ca489a4f6b4c65232d115fee498d256c27617		copy	run-evidence		
.specula-output/confirmation/MC-1/worktree/crates/sonic-dash-api-proto/sonic-dash-api/misc/dash_api_utils	.specula-output/confirmation/MC-1/worktree/crates/sonic-dash-api-proto/sonic-dash-api/misc/dash_api_utils	file	0775	1783576704763681634	1673	a54b3116aa2c22f82c8fa7b0181c477b6b8e1770f547efbf6fd07d95e63856b3		copy	run-evidence		
.specula-output/confirmation/MC-1/worktree/crates/sonic-dash-api-proto/sonic-dash-api/misc/pypkg	.specula-output/confirmation/MC-1/worktree/crates/sonic-dash-api-proto/sonic-dash-api/misc/pypkg	directory	0775	1783576704763681634				mkdir	run-directory		
.specula-output/confirmation/MC-1/worktree/crates/sonic-dash-api-proto/sonic-dash-api/misc/pypkg/dash_api	.specula-output/confirmation/MC-1/worktree/crates/sonic-dash-api-proto/sonic-dash-api/misc/pypkg/dash_api	directory	0775	1783576704763681634				mkdir	run-directory		
.specula-output/confirmation/MC-1/worktree/crates/sonic-dash-api-proto/sonic-dash-api/misc/pypkg/dash_api/__init__.py	.specula-output/confirmation/MC-1/worktree/crates/sonic-dash-api-proto/sonic-dash-api/misc/pypkg/dash_api/__init__.py	file	0664	1783576704763681634	86	40c99d3fc4e0e8e6bcd60d2737a25a7ddf966ee2bd4bac2dc7364cd869023131		copy	run-evidence		
.specula-output/confirmation/MC-1/worktree/crates/sonic-dash-api-proto/sonic-dash-api/misc/tests	.specula-output/confirmation/MC-1/worktree/crates/sonic-dash-api-proto/sonic-dash-api/misc/tests	directory	0775	1783576704763681634				mkdir	run-directory		
.specula-output/confirmation/MC-1/worktree/crates/sonic-dash-api-proto/sonic-dash-api/misc/tests/main.cpp	.specula-output/confirmation/MC-1/worktree/crates/sonic-dash-api-proto/sonic-dash-api/misc/tests/main.cpp	file	0664	1783576704763681634	102	59572f84bf8df2a31f58d87051915b08cd9c32859092f1532135127155a33c24		copy	run-evidence		
.specula-output/confirmation/MC-1/worktree/crates/sonic-dash-api-proto/sonic-dash-api/misc/tests/test_utils.py	.specula-output/confirmation/MC-1/worktree/crates/sonic-dash-api-proto/sonic-dash-api/misc/tests/test_utils.py	file	0664	1783576704763681634	1955	43dc5e16b6648a9b58fc6d051de9ce7798273760f45bfe3e477d58277271326f		copy	run-evidence		
.specula-output/confirmation/MC-1/worktree/crates/sonic-dash-api-proto/sonic-dash-api/misc/tests/utils_unittest.cpp	.specula-output/confirmation/MC-1/worktree/crates/sonic-dash-api-proto/sonic-dash-api/misc/tests/utils_unittest.cpp	file	0664	1783576704763681634	5547	a959ab4ffc771de60248278a264b79d116514c9107ece82c7c23e3e991a492d0		copy	run-evidence		
.specula-output/confirmation/MC-1/worktree/crates/sonic-dash-api-proto/sonic-dash-api/misc/utils.cpp	.specula-output/confirmation/MC-1/worktree/crates/sonic-dash-api-proto/sonic-dash-api/misc/utils.cpp	file	0664	1783576704763681634	4029	7822b783cee4ecbce6085636b0ced2be68ea419c1c9e5002812e17f51d1a1121		copy	run-evidence		
.specula-output/confirmation/MC-1/worktree/crates/sonic-dash-api-proto/sonic-dash-api/misc/utils.h	.specula-output/confirmation/MC-1/worktree/crates/sonic-dash-api-proto/sonic-dash-api/misc/utils.h	file	0664	1783576704763681634	696	43ad84a08fffb2f5de7a429a0c4bc74de192251257c40fbbc5240e33881581a5		copy	run-evidence		
.specula-output/confirmation/MC-1/worktree/crates/sonic-dash-api-proto/sonic-dash-api/misc/utils.i	.specula-output/confirmation/MC-1/worktree/crates/sonic-dash-api-proto/sonic-dash-api/misc/utils.i	file	0664	1783576704763681634	124	b0ed8aea587950df30be894992ca7319f6b87d18c3d674abaaf17fa523ac15c5		copy	run-evidence		
.specula-output/confirmation/MC-1/worktree/crates/sonic-dash-api-proto/sonic-dash-api/proto	.specula-output/confirmation/MC-1/worktree/crates/sonic-dash-api-proto/sonic-dash-api/proto	directory	0775	1783576704764681652				mkdir	run-directory		
.specula-output/confirmation/MC-1/worktree/crates/sonic-dash-api-proto/sonic-dash-api/proto/acl_group.proto	.specula-output/confirmation/MC-1/worktree/crates/sonic-dash-api-proto/sonic-dash-api/proto/acl_group.proto	file	0664	1783576704763681634	224	63b83374a5dfe1eecea6532375f55378d0c80a61a343a6569bde52d5a84350bb		copy	run-evidence		
.specula-output/confirmation/MC-1/worktree/crates/sonic-dash-api-proto/sonic-dash-api/proto/acl_in.proto	.specula-output/confirmation/MC-1/worktree/crates/sonic-dash-api-proto/sonic-dash-api/proto/acl_in.proto	file	0664	1783576704763681634	310	8c4990a198ae41a7bb3b57278049936caa5f097416602aa83fe9261a24149307		copy	run-evidence		
.specula-output/confirmation/MC-1/worktree/crates/sonic-dash-api-proto/sonic-dash-api/proto/acl_out.proto	.specula-output/confirmation/MC-1/worktree/crates/sonic-dash-api-proto/sonic-dash-api/proto/acl_out.proto	file	0664	1783576704763681634	313	7fd56b7e8a7f311e24ac210b3a706d3ae218bf920e3a43cccf91bc0406ee581e		copy	run-evidence		
.specula-output/confirmation/MC-1/worktree/crates/sonic-dash-api-proto/sonic-dash-api/proto/acl_rule.proto	.specula-output/confirmation/MC-1/worktree/crates/sonic-dash-api-proto/sonic-dash-api/proto/acl_rule.proto	file	0664	1783576704763681634	1489	21efc2f5b9d3ef9278a78642d21a6ccea5352eec697dbeab920c4505bd6a47f3		copy	run-evidence		
.specula-output/confirmation/MC-1/worktree/crates/sonic-dash-api-proto/sonic-dash-api/proto/appliance.proto	.specula-output/confirmation/MC-1/worktree/crates/sonic-dash-api-proto/sonic-dash-api/proto/appliance.proto	file	0664	1783576704763681634	776	4f9bfe99d4615c32eb839cae910be8df431e5e72dc4eb2dce68ed5cb9ede8511		copy	run-evidence		
.specula-output/confirmation/MC-1/worktree/crates/sonic-dash-api-proto/sonic-dash-api/proto/eni.proto	.specula-output/confirmation/MC-1/worktree/crates/sonic-dash-api-proto/sonic-dash-api/proto/eni.proto	file	0664	1783576704763681634	1394	3cfa78f970e4c8eff5b16c8b0feca53fdfc77d43cb4cbf3f8816c0eba6971ee4		copy	run-evidence		
.specula-output/confirmation/MC-1/worktree/crates/sonic-dash-api-proto/sonic-dash-api/proto/eni_route.proto	.specula-output/confirmation/MC-1/worktree/crates/sonic-dash-api-proto/sonic-dash-api/proto/eni_route.proto	file	0664	1783576704763681634	184	1ea44c8956266a012206836e6de8a7fb3082b002c18e485fec1dca973a03f8f1		copy	run-evidence		
.specula-output/confirmation/MC-1/worktree/crates/sonic-dash-api-proto/sonic-dash-api/proto/ha_scope.proto	.specula-output/confirmation/MC-1/worktree/crates/sonic-dash-api-proto/sonic-dash-api/proto/ha_scope.proto	file	0664	1783576704763681634	749	bdb153bd85d28bc1bc165503fa808edd9f65a2c893966d313c77fded34ea5314		copy	run-evidence		
.specula-output/confirmation/MC-1/worktree/crates/sonic-dash-api-proto/sonic-dash-api/proto/ha_scope_config.proto	.specula-output/confirmation/MC-1/worktree/crates/sonic-dash-api-proto/sonic-dash-api/proto/ha_scope_config.proto	file	0664	1783576704763681634	561	a5df9f029dd4b10fb8933eab353b0612e158323be43264c3ec6124ab074d16af		copy	run-evidence		
.specula-output/confirmation/MC-1/worktree/crates/sonic-dash-api-proto/sonic-dash-api/proto/ha_scope_state.proto	.specula-output/confirmation/MC-1/worktree/crates/sonic-dash-api-proto/sonic-dash-api/proto/ha_scope_state.proto	file	0664	1783576704763681634	503	ef05bb57eb034ee8b5e0e52a0cdd78a22c6dac12b636f9ec90f99e0e4a2cfb29		copy	run-evidence		
.specula-output/confirmation/MC-1/worktree/crates/sonic-dash-api-proto/sonic-dash-api/proto/ha_set.proto	.specula-output/confirmation/MC-1/worktree/crates/sonic-dash-api-proto/sonic-dash-api/proto/ha_set.proto	file	0664	1783576704763681634	1482	68a55831f4939a0e731fac047888f285fd3ce5a56b92c4bdeab5ba3940fbe427		copy	run-evidence		
.specula-output/confirmation/MC-1/worktree/crates/sonic-dash-api-proto/sonic-dash-api/proto/ha_set_config.proto	.specula-output/confirmation/MC-1/worktree/crates/sonic-dash-api-proto/sonic-dash-api/proto/ha_set_config.proto	file	0664	1783576704763681634	437	3aac48716f7e82c5ed231ec04cc1e965ab47aecd5785ea9d7bec5cdd3b93d1ea		copy	run-evidence		
.specula-output/confirmation/MC-1/worktree/crates/sonic-dash-api-proto/sonic-dash-api/proto/ha_set_state.proto	.specula-output/confirmation/MC-1/worktree/crates/sonic-dash-api-proto/sonic-dash-api/proto/ha_set_state.proto	file	0664	1783576704763681634	295	eba05677140806197c24833e25e714b7da2b9613ce4d0e7077fbcce1f7ee1795		copy	run-evidence		
.specula-output/confirmation/MC-1/worktree/crates/sonic-dash-api-proto/sonic-dash-api/proto/meter.proto	.specula-output/confirmation/MC-1/worktree/crates/sonic-dash-api-proto/sonic-dash-api/proto/meter.proto	file	0664	1783576704763681634	376	959afb32392b5cc7c5ca48ee5fefc194dc93026603d5a96c389069df48d420a0		copy	run-evidence		
.specula-output/confirmation/MC-1/worktree/crates/sonic-dash-api-proto/sonic-dash-api/proto/meter_policy.proto	.specula-output/confirmation/MC-1/worktree/crates/sonic-dash-api-proto/sonic-dash-api/proto/meter_policy.proto	file	0664	1783576704763681634	221	3b355b5224b709b5135a139285f9223904396d68493b2331ebcc5d82afd0d08c		copy	run-evidence		
.specula-output/confirmation/MC-1/worktree/crates/sonic-dash-api-proto/sonic-dash-api/proto/meter_rule.proto	.specula-output/confirmation/MC-1/worktree/crates/sonic-dash-api-proto/sonic-dash-api/proto/meter_rule.proto	file	0664	1783576704764681652	360	2406e7d2a2f89645c15cbb354794ce010a6268a08338c4a44862f69193b9a6d3		copy	run-evidence		
.specula-output/confirmation/MC-1/worktree/crates/sonic-dash-api-proto/sonic-dash-api/proto/outbound_port_map.proto	.specula-output/confirmation/MC-1/worktree/crates/sonic-dash-api-proto/sonic-dash-api/proto/outbound_port_map.proto	file	0664	1783576704764681652	282	455b111663b169e0a8d5283720a248cdd3d925e2a953d48b870f722795e30dc2		copy	run-evidence		
.specula-output/confirmation/MC-1/worktree/crates/sonic-dash-api-proto/sonic-dash-api/proto/outbound_port_map_range.proto	.specula-output/confirmation/MC-1/worktree/crates/sonic-dash-api-proto/sonic-dash-api/proto/outbound_port_map_range.proto	file	0664	1783576704764681652	417	7e2b5a74d75ecf9545ffd929cd5c05206138d43dee6cced0854c7843e6395466		copy	run-evidence		
.specula-output/confirmation/MC-1/worktree/crates/sonic-dash-api-proto/sonic-dash-api/proto/pa_validation.proto	.specula-output/confirmation/MC-1/worktree/crates/sonic-dash-api-proto/sonic-dash-api/proto/pa_validation.proto	file	0664	1783576704764681652	188	d2b4f3b5b1298d1c41a979e6493a89a185aab032cfc1c4e27780fb87af6c16c7		copy	run-evidence		
.specula-output/confirmation/MC-1/worktree/crates/sonic-dash-api-proto/sonic-dash-api/proto/prefix_tag.proto	.specula-output/confirmation/MC-1/worktree/crates/sonic-dash-api-proto/sonic-dash-api/proto/prefix_tag.proto	file	0664	1783576704764681652	332	bc238882b1e392be4c9eb7210db871e1eea2d04a59bb16fff58ef06bc82da12d		copy	run-evidence		
.specula-output/confirmation/MC-1/worktree/crates/sonic-dash-api-proto/sonic-dash-api/proto/qos.proto	.specula-output/confirmation/MC-1/worktree/crates/sonic-dash-api-proto/sonic-dash-api/proto/qos.proto	file	0664	1783576704764681652	271	6c1756762416029cb9a3757f0ff18ae014bf789c493aae39966872aeb802e61f		copy	run-evidence		
.specula-output/confirmation/MC-1/worktree/crates/sonic-dash-api-proto/sonic-dash-api/proto/route.proto	.specula-output/confirmation/MC-1/worktree/crates/sonic-dash-api-proto/sonic-dash-api/proto/route.proto	file	0664	1783576704764681652	2665	9e4b7b6d0d807f50912dfaadfd7e6f2914090f406f0b75fe9167d3d452678ffa		copy	run-evidence		
.specula-output/confirmation/MC-1/worktree/crates/sonic-dash-api-proto/sonic-dash-api/proto/route_group.proto	.specula-output/confirmation/MC-1/worktree/crates/sonic-dash-api-proto/sonic-dash-api/proto/route_group.proto	file	0664	1783576704764681652	176	9a1a5264ce8aae5d33c896ca679f16405dbb2dbd853268d718ab931566a0c2d2		copy	run-evidence		
.specula-output/confirmation/MC-1/worktree/crates/sonic-dash-api-proto/sonic-dash-api/proto/route_rule.proto	.specula-output/confirmation/MC-1/worktree/crates/sonic-dash-api-proto/sonic-dash-api/proto/route_rule.proto	file	0664	1783576704764681652	1655	3648f004ce9b7da92a2f6f2366189b704e6aa9e74794a85182a7aa9bdfa8b7ae		copy	run-evidence		
.specula-output/confirmation/MC-1/worktree/crates/sonic-dash-api-proto/sonic-dash-api/proto/route_type.proto	.specula-output/confirmation/MC-1/worktree/crates/sonic-dash-api-proto/sonic-dash-api/proto/route_type.proto	file	0664	1783576704764681652	1450	e6361b492f3491f9480a11ac304c757d95ac87f2cd364e9dae11f6187c54c5f4		copy	run-evidence		
.specula-output/confirmation/MC-1/worktree/crates/sonic-dash-api-proto/sonic-dash-api/proto/routing_appliance.proto	.specula-output/confirmation/MC-1/worktree/crates/sonic-dash-api-proto/sonic-dash-api/proto/routing_appliance.proto	file	0664	1783576704764681652	357	6de8b36bdc0258d746b1edcf1d35fb9b80f9fb484591b9d2df0a44bef3ef3113		copy	run-evidence		
.specula-output/confirmation/MC-1/worktree/crates/sonic-dash-api-proto/sonic-dash-api/proto/tunnel.proto	.specula-output/confirmation/MC-1/worktree/crates/sonic-dash-api-proto/sonic-dash-api/proto/tunnel.proto	file	0664	1783576704764681652	374	49a8b27dfcd4656991293f1f2676e8a06488388030758b266f67fbe2430c067c		copy	run-evidence		
.specula-output/confirmation/MC-1/worktree/crates/sonic-dash-api-proto/sonic-dash-api/proto/types.proto	.specula-output/confirmation/MC-1/worktree/crates/sonic-dash-api-proto/sonic-dash-api/proto/types.proto	file	0664	1783576704764681652	1593	0b1644d63d353923f33aa4e561f7181119db49715e0f745063cbe3a81f2c73a9		copy	run-evidence		
.specula-output/confirmation/MC-1/worktree/crates/sonic-dash-api-proto/sonic-dash-api/proto/vnet.proto	.specula-output/confirmation/MC-1/worktree/crates/sonic-dash-api-proto/sonic-dash-api/proto/vnet.proto	file	0664	1783576704764681652	310	8c437362618f389009463e3f94e2aa906a6b4746eff2c83752e12fbe03a8b888		copy	run-evidence		
.specula-output/confirmation/MC-1/worktree/crates/sonic-dash-api-proto/sonic-dash-api/proto/vnet_mapping.proto	.specula-output/confirmation/MC-1/worktree/crates/sonic-dash-api-proto/sonic-dash-api/proto/vnet_mapping.proto	file	0664	1783576704764681652	1826	19c8e9f32da372cccccefddcf402053260cdf106f499fee52ce6c1cbf8c4b414		copy	run-evidence		
.specula-output/confirmation/MC-1/worktree/crates/sonic-dash-api-proto/src	.specula-output/confirmation/MC-1/worktree/crates/sonic-dash-api-proto/src	directory	0775	1783576276847816398				mkdir	run-directory		
.specula-output/confirmation/MC-1/worktree/crates/sonic-dash-api-proto/src/lib.rs	.specula-output/confirmation/MC-1/worktree/crates/sonic-dash-api-proto/src/lib.rs	file	0664	1783576276847816398	1081	0d114c68775aea25eb21fb1224fe0d8e6b4ca6ba3e30aa8da93bc68723aafee1		copy	run-evidence		
.specula-output/confirmation/MC-1/worktree/crates/sonicdb-derive	.specula-output/confirmation/MC-1/worktree/crates/sonicdb-derive	directory	0775	1783576276847816398				mkdir	run-directory		
.specula-output/confirmation/MC-1/worktree/crates/sonicdb-derive/Cargo.toml	.specula-output/confirmation/MC-1/worktree/crates/sonicdb-derive/Cargo.toml	file	0664	1783576276847816398	494	4d3a5a55449607e6295ee3aa7bb48e01385e36cd8576dcadbc0c67a0fe172cb5		copy	run-evidence		
.specula-output/confirmation/MC-1/worktree/crates/sonicdb-derive/src	.specula-output/confirmation/MC-1/worktree/crates/sonicdb-derive/src	directory	0775	1783576276847816398				mkdir	run-directory		
.specula-output/confirmation/MC-1/worktree/crates/sonicdb-derive/src/lib.rs	.specula-output/confirmation/MC-1/worktree/crates/sonicdb-derive/src/lib.rs	file	0664	1783576276847816398	4957	dee27e85348f8d6cb4170a574bcf4c34b225a39835eb1514be7877991ec6371f		copy	run-evidence		
.specula-output/confirmation/MC-1/worktree/crates/sonicdb-derive/tests	.specula-output/confirmation/MC-1/worktree/crates/sonicdb-derive/tests	directory	0775	1783576276847816398				mkdir	run-directory		
.specula-output/confirmation/MC-1/worktree/crates/sonicdb-derive/tests/basic.rs	.specula-output/confirmation/MC-1/worktree/crates/sonicdb-derive/tests/basic.rs	file	0664	1783576276847816398	671	52a3abd00d6c4d09c02a71f4139cb03e9bc7e28a662585d4c9aa8aada3b9d5d8		copy	run-evidence		
.specula-output/confirmation/MC-1/worktree/crates/swbus-actor	.specula-output/confirmation/MC-1/worktree/crates/swbus-actor	directory	0775	1783576276848816416				mkdir	run-directory		
.specula-output/confirmation/MC-1/worktree/crates/swbus-actor/Cargo.toml	.specula-output/confirmation/MC-1/worktree/crates/swbus-actor/Cargo.toml	file	0664	1783576276847816398	593	b8458594718c1fa7595aef160e807f12f27e7ac6e74278ba69392b07ff91788a		copy	run-evidence		
.specula-output/confirmation/MC-1/worktree/crates/swbus-actor/src	.specula-output/confirmation/MC-1/worktree/crates/swbus-actor/src	directory	0775	1783576276848816416				mkdir	run-directory		
.specula-output/confirmation/MC-1/worktree/crates/swbus-actor/src/actor_message.rs	.specula-output/confirmation/MC-1/worktree/crates/swbus-actor/src/actor_message.rs	file	0664	1783576276847816398	2229	cbd2ebfca0cd4f31394fd0185324f59e05860a98bda9881b4bbe644166c34bab		copy	run-evidence		
.specula-output/confirmation/MC-1/worktree/crates/swbus-actor/src/driver.rs	.specula-output/confirmation/MC-1/worktree/crates/swbus-actor/src/driver.rs	file	0664	1783576276847816398	8587	2e450baed13e6d2657bb7e0026c14eace1cebf386a246030449fea0b57f2274d		copy	run-evidence		
.specula-output/confirmation/MC-1/worktree/crates/swbus-actor/src/lib.rs	.specula-output/confirmation/MC-1/worktree/crates/swbus-actor/src/lib.rs	file	0664	1783576276847816398	1668	fda76d091927d51c44ff868e5af2c415141244d27590d53059b2cc8481a96270		copy	run-evidence		
.specula-output/confirmation/MC-1/worktree/crates/swbus-actor/src/runtime.rs	.specula-output/confirmation/MC-1/worktree/crates/swbus-actor/src/runtime.rs	file	0664	1783576276847816398	2495	5ca245698919de5f5c8729b962670044e01a63c4e6df27219d41b45fa9082000		copy	run-evidence		
.specula-output/confirmation/MC-1/worktree/crates/swbus-actor/src/state	.specula-output/confirmation/MC-1/worktree/crates/swbus-actor/src/state	directory	0775	1783576276848816416				mkdir	run-directory		
.specula-output/confirmation/MC-1/worktree/crates/swbus-actor/src/state.rs	.specula-output/confirmation/MC-1/worktree/crates/swbus-actor/src/state.rs	file	0664	1783576276847816398	2561	5f002cee0f0a7c630a2ed009eefde818735b8ece52f308b48a88ce949a54192b		copy	run-evidence		
.specula-output/confirmation/MC-1/worktree/crates/swbus-actor/src/state/incoming.rs	.specula-output/confirmation/MC-1/worktree/crates/swbus-actor/src/state/incoming.rs	file	0664	1783576276848816416	8239	58649721fc05693638596fc0eb939000e023166dad4ab9a6acbb464e20ded43c		copy	run-evidence		
.specula-output/confirmation/MC-1/worktree/crates/swbus-actor/src/state/internal.rs	.specula-output/confirmation/MC-1/worktree/crates/swbus-actor/src/state/internal.rs	file	0664	1783576276848816416	4947	df2a3d82f3e88e8bf02c94f9ed242cd0aa05910506a180bf7bf3e2caf74e4b24		copy	run-evidence		
.specula-output/confirmation/MC-1/worktree/crates/swbus-actor/src/state/outgoing.rs	.specula-output/confirmation/MC-1/worktree/crates/swbus-actor/src/state/outgoing.rs	file	0664	1783576276848816416	9087	9072a2340f004f04620459e715991ef61990f269e1fe4f770fa76e1f519bce29		copy	run-evidence		
.specula-output/confirmation/MC-1/worktree/crates/swbus-actor/tests	.specula-output/confirmation/MC-1/worktree/crates/swbus-actor/tests	directory	0775	1783576276848816416				mkdir	run-directory		
.specula-output/confirmation/MC-1/worktree/crates/swbus-actor/tests/count_to_1000.json	.specula-output/confirmation/MC-1/worktree/crates/swbus-actor/tests/count_to_1000.json	file	0664	1783576276848816416	462	a526d7f7fd63dee8e6a28441d4ccdb5051bad804c5abf6973d795f186ae9f90c		copy	run-evidence		
.specula-output/confirmation/MC-1/worktree/crates/swbus-actor/tests/count_to_1000_internal_table.json	.specula-output/confirmation/MC-1/worktree/crates/swbus-actor/tests/count_to_1000_internal_table.json	file	0664	1783576276848816416	777	3360024920871c2ccc8b41b6d66ff877c2191c30b65b1ff88761c7859ab5702f		copy	run-evidence		
.specula-output/confirmation/MC-1/worktree/crates/swbus-actor/tests/echo.json	.specula-output/confirmation/MC-1/worktree/crates/swbus-actor/tests/echo.json	file	0664	1783576276848816416	816	3932f2c4900222c50157d25ae9e2f857486542ca7a1fc35faf59906b81c70bb0		copy	run-evidence		
.specula-output/confirmation/MC-1/worktree/crates/swbus-actor/tests/echo.rs	.specula-output/confirmation/MC-1/worktree/crates/swbus-actor/tests/echo.rs	file	0664	1783576276848816416	3189	b0efe97d0aba9e36c6ecd1c07ef9cc62a1564e0ad0bcd354b8243be91e498174		copy	run-evidence		
.specula-output/confirmation/MC-1/worktree/crates/swbus-actor/tests/kvstore.rs	.specula-output/confirmation/MC-1/worktree/crates/swbus-actor/tests/kvstore.rs	file	0664	1783576276848816416	14209	222d6b28b6d6349592f9d666ebcab19d82969ecdbd8871efb0fd7a4c30a7c392		copy	run-evidence		
.specula-output/confirmation/MC-1/worktree/crates/swbus-actor/tests/test_executor.rs	.specula-output/confirmation/MC-1/worktree/crates/swbus-actor/tests/test_executor.rs	file	0664	1783576276848816416	7562	50043e5deff8832b7d1543a1efd479828590b86a3a6f01311ce7b7e0adf888ec		copy	run-evidence		
.specula-output/confirmation/MC-1/worktree/crates/swbus-cli	.specula-output/confirmation/MC-1/worktree/crates/swbus-cli	directory	0775	1783576276848816416				mkdir	run-directory		
.specula-output/confirmation/MC-1/worktree/crates/swbus-cli/Cargo.toml	.specula-output/confirmation/MC-1/worktree/crates/swbus-cli/Cargo.toml	file	0664	1783576276848816416	1071	65cdad879d4bb96ee5bb725314c9ce6e3e55cf76cf87983210a54bfd7e8cc97d		copy	run-evidence		
.specula-output/confirmation/MC-1/worktree/crates/swbus-cli/README.md	.specula-output/confirmation/MC-1/worktree/crates/swbus-cli/README.md	file	0664	1783576276848816416	38259	e107629ff39c946eb879f1767836944d45d8c268c4fbb092d0b488558f6d537c		copy	run-evidence		
.specula-output/confirmation/MC-1/worktree/crates/swbus-cli/src	.specula-output/confirmation/MC-1/worktree/crates/swbus-cli/src	directory	0775	1783576276849816435				mkdir	run-directory		
.specula-output/confirmation/MC-1/worktree/crates/swbus-cli/src/main.rs	.specula-output/confirmation/MC-1/worktree/crates/swbus-cli/src/main.rs	file	0664	1783576276848816416	9069	9d07ab9ea427e8658c53ee5eaa4f6099d2eaf8ff22d2074da8dac0dd591f9e94		copy	run-evidence		
.specula-output/confirmation/MC-1/worktree/crates/swbus-cli/src/ping.rs	.specula-output/confirmation/MC-1/worktree/crates/swbus-cli/src/ping.rs	file	0664	1783576276848816416	3482	302b9f0b87b6637a1f3f04b9564db8bdcdb38f7c393d2487cb49ce4501ecf39f		copy	run-evidence		
.specula-output/confirmation/MC-1/worktree/crates/swbus-cli/src/show	.specula-output/confirmation/MC-1/worktree/crates/swbus-cli/src/show	directory	0775	1783576276849816435				mkdir	run-directory		
.specula-output/confirmation/MC-1/worktree/crates/swbus-cli/src/show/hamgrd	.specula-output/confirmation/MC-1/worktree/crates/swbus-cli/src/show/hamgrd	directory	0775	1783576276849816435				mkdir	run-directory		
.specula-output/confirmation/MC-1/worktree/crates/swbus-cli/src/show/hamgrd/actor.rs	.specula-output/confirmation/MC-1/worktree/crates/swbus-cli/src/show/hamgrd/actor.rs	file	0664	1783576276849816435	12765	47bab784e11ec8e3ee6702bd30ae517196da980168dd6745a610a1d0b3d35b03		copy	run-evidence		
.specula-output/confirmation/MC-1/worktree/crates/swbus-cli/src/show/hamgrd/mod.rs	.specula-output/confirmation/MC-1/worktree/crates/swbus-cli/src/show/hamgrd/mod.rs	file	0664	1783576276849816435	742	c6a56e88d069056b1c90cbdc05a6157dc192c99abcb24f0468b5f71513c2e937		copy	run-evidence		
.specula-output/confirmation/MC-1/worktree/crates/swbus-cli/src/show/mod.rs	.specula-output/confirmation/MC-1/worktree/crates/swbus-cli/src/show/mod.rs	file	0664	1783576276849816435	2339	4d797f0f441551b13c7551691376bf4401e0af84c573d3c1f04e684312d43993		copy	run-evidence		
.specula-output/confirmation/MC-1/worktree/crates/swbus-cli/src/show/swbusd	.specula-output/confirmation/MC-1/worktree/crates/swbus-cli/src/show/swbusd	directory	0775	1783576276849816435				mkdir	run-directory		
.specula-output/confirmation/MC-1/worktree/crates/swbus-cli/src/show/swbusd/mod.rs	.specula-output/confirmation/MC-1/worktree/crates/swbus-cli/src/show/swbusd/mod.rs	file	0664	1783576276849816435	743	61e790a87bcee322326c7d5bfc851b9af3328948d282958532921e2330826a4e		copy	run-evidence		
.specula-output/confirmation/MC-1/worktree/crates/swbus-cli/src/show/swbusd/route.rs	.specula-output/confirmation/MC-1/worktree/crates/swbus-cli/src/show/swbusd/route.rs	file	0664	1783576276849816435	2332	449e8c04a13912bdd698fd85fe3e5b69f5effc45720b64f60a3781a72a9de561		copy	run-evidence		
.specula-output/confirmation/MC-1/worktree/crates/swbus-cli/src/trace_route.rs	.specula-output/confirmation/MC-1/worktree/crates/swbus-cli/src/trace_route.rs	file	0664	1783576276849816435	3667	e77d34f013f78ffb80acc8c1d55c1869100580a284fcf3f0775817c1f2ad665b		copy	run-evidence		
.specula-output/confirmation/MC-1/worktree/crates/swbus-config	.specula-output/confirmation/MC-1/worktree/crates/swbus-config	directory	0775	1783576276849816435				mkdir	run-directory		
.specula-output/confirmation/MC-1/worktree/crates/swbus-config/Cargo.toml	.specula-output/confirmation/MC-1/worktree/crates/swbus-config/Cargo.toml	file	0664	1783576276849816435	559	79bc8140e9eb0d7f02e8bdece38cffe8281b75bf50dce639777b047622da7fc3		copy	run-evidence		
.specula-output/confirmation/MC-1/worktree/crates/swbus-config/src	.specula-output/confirmation/MC-1/worktree/crates/swbus-config/src	directory	0775	1783576276849816435				mkdir	run-directory		
.specula-output/confirmation/MC-1/worktree/crates/swbus-config/src/lib.rs	.specula-output/confirmation/MC-1/worktree/crates/swbus-config/src/lib.rs	file	0664	1783576276849816435	18793	ffcadaeb1bd7d0ed3392c7eb60ac3534f6830a2da95054c6748b9636cffc3ca0		copy	run-evidence		
.specula-output/confirmation/MC-1/worktree/crates/swbus-core	.specula-output/confirmation/MC-1/worktree/crates/swbus-core	directory	0775	1783576276850816453				mkdir	run-directory		
.specula-output/confirmation/MC-1/worktree/crates/swbus-core/Cargo.toml	.specula-output/confirmation/MC-1/worktree/crates/swbus-core/Cargo.toml	file	0664	1783576276849816435	1330	c79318a8db3b49666b6d556318936e57d7c839fbe7df192f02b7a5dc350fa039		copy	run-evidence		
.specula-output/confirmation/MC-1/worktree/crates/swbus-core/README.md	.specula-output/confirmation/MC-1/worktree/crates/swbus-core/README.md	file	0664	1783576276849816435	1416	7b6e4f07bf7073b3731ba25b30d7f13c27e0977d666b95c579669bd16d5a3042		copy	run-evidence		
.specula-output/confirmation/MC-1/worktree/crates/swbus-core/src	.specula-output/confirmation/MC-1/worktree/crates/swbus-core/src	directory	0775	1783576276849816435				mkdir	run-directory		
.specula-output/confirmation/MC-1/worktree/crates/swbus-core/src/lib.rs	.specula-output/confirmation/MC-1/worktree/crates/swbus-core/src/lib.rs	file	0664	1783576276849816435	13	f2c4a3f2982159d12c01660774a358d089842e360f791542e27b0a63f40fe44e		copy	run-evidence		
.specula-output/confirmation/MC-1/worktree/crates/swbus-core/src/mux	.specula-output/confirmation/MC-1/worktree/crates/swbus-core/src/mux	directory	0775	1783576276850816453				mkdir	run-directory		
.specula-output/confirmation/MC-1/worktree/crates/swbus-core/src/mux/conn.rs	.specula-output/confirmation/MC-1/worktree/crates/swbus-core/src/mux/conn.rs	file	0664	1783576276849816435	9440	f6752c32a029b6ee3d0c12249185a5024fd75ceb01b03afe883bd7ed1cee94ca		copy	run-evidence		
.specula-output/confirmation/MC-1/worktree/crates/swbus-core/src/mux/conn_info.rs	.specula-output/confirmation/MC-1/worktree/crates/swbus-core/src/mux/conn_info.rs	file	0664	1783576276849816435	3011	9b85b1e1c6f83c8a42380a9b155fa5a65df70c494d4a0de40b1d5d63fdbdbcfb		copy	run-evidence		
.specula-output/confirmation/MC-1/worktree/crates/swbus-core/src/mux/conn_proxy.rs	.specula-output/confirmation/MC-1/worktree/crates/swbus-core/src/mux/conn_proxy.rs	file	0664	1783576276849816435	2046	de7d3fb1c2df94f54e7270123e579094b8e12b8edb2b53a1a687bd3269ffa448		copy	run-evidence		
.specula-output/confirmation/MC-1/worktree/crates/swbus-core/src/mux/conn_store.rs	.specula-output/confirmation/MC-1/worktree/crates/swbus-core/src/mux/conn_store.rs	file	0664	1783576276849816435	6605	41d21e16d938f2d48b8493cc3df468583cfdfb097c172fceef5864d04203e817		copy	run-evidence		
.specula-output/confirmation/MC-1/worktree/crates/swbus-core/src/mux/conn_worker.rs	.specula-output/confirmation/MC-1/worktree/crates/swbus-core/src/mux/conn_worker.rs	file	0664	1783576276850816453	15099	3b158bb968c38d16f5a57be40607fa9b09c8cd57aac8d96002785a6c08be15e4		copy	run-evidence		
.specula-output/confirmation/MC-1/worktree/crates/swbus-core/src/mux/message_handler.rs	.specula-output/confirmation/MC-1/worktree/crates/swbus-core/src/mux/message_handler.rs	file	0664	1783576276850816453	158	f930df5f26de8d7cd9345640421dfd9e03c43edc27c0d3a3f57df4f9ace00abc		copy	run-evidence		
.specula-output/confirmation/MC-1/worktree/crates/swbus-core/src/mux/mod.rs	.specula-output/confirmation/MC-1/worktree/crates/swbus-core/src/mux/mod.rs	file	0664	1783576276850816453	346	bb79fa8dc0dccb7f34c2f0590cc2c293b7807a71ee917c99b415c024d6e67283		copy	run-evidence		
.specula-output/confirmation/MC-1/worktree/crates/swbus-core/src/mux/multiplexer.rs	.specula-output/confirmation/MC-1/worktree/crates/swbus-core/src/mux/multiplexer.rs	file	0664	1783576276850816453	67052	28a50fe1740d4c3f29bcc998f10c95282f00d232845dc19b9a48726207342b76		copy	run-evidence		
.specula-output/confirmation/MC-1/worktree/crates/swbus-core/src/mux/nexthop.rs	.specula-output/confirmation/MC-1/worktree/crates/swbus-core/src/mux/nexthop.rs	file	0664	1783576276850816453	12982	bcbcedb9b9789ecacc1bfd288d23b6c92dda0d75b67053dac94917a335e503dd		copy	run-evidence		
.specula-output/confirmation/MC-1/worktree/crates/swbus-core/src/mux/route_annoucer.rs	.specula-output/confirmation/MC-1/worktree/crates/swbus-core/src/mux/route_annoucer.rs	file	0664	1783576276850816453	8957	d78c3f66cae469d8c2447ef379cdcb3c4e762aba27ebb47194bfcc4803260e3d		copy	run-evidence		
.specula-output/confirmation/MC-1/worktree/crates/swbus-core/src/mux/service.rs	.specula-output/confirmation/MC-1/worktree/crates/swbus-core/src/mux/service.rs	file	0664	1783576276850816453	6880	bff225afcbbf76309e00b3e7802f951d538dd14c73332ef1831f9edd75b88923		copy	run-evidence		
.specula-output/confirmation/MC-1/worktree/crates/swbus-core/tests	.specula-output/confirmation/MC-1/worktree/crates/swbus-core/tests	directory	0775	1783576276851816472				mkdir	run-directory		
.specula-output/confirmation/MC-1/worktree/crates/swbus-core/tests/README.md	.specula-output/confirmation/MC-1/worktree/crates/swbus-core/tests/README.md	file	0664	1783576276850816453	4503	e2741cb85a00b0bc3d26d64aa03266506a734ac0c05f9e9ce047e2c04d4f0203		copy	run-evidence		
.specula-output/confirmation/MC-1/worktree/crates/swbus-core/tests/basic_tests.rs	.specula-output/confirmation/MC-1/worktree/crates/swbus-core/tests/basic_tests.rs	file	0664	1783576276850816453	1282	7ae57d1b5ee64a505e5fb02426585f4569dfc5b609583462372c83eb993a3199		copy	run-evidence		
.specula-output/confirmation/MC-1/worktree/crates/swbus-core/tests/common	.specula-output/confirmation/MC-1/worktree/crates/swbus-core/tests/common	directory	0775	1783576276850816453				mkdir	run-directory		
.specula-output/confirmation/MC-1/worktree/crates/swbus-core/tests/common/mod.rs	.specula-output/confirmation/MC-1/worktree/crates/swbus-core/tests/common/mod.rs	file	0664	1783576276850816453	23	4bffae5c73b3fb27a869ffb553a542afe718b36f6ca9c879789a7d562ef2aa38		copy	run-evidence		
.specula-output/confirmation/MC-1/worktree/crates/swbus-core/tests/common/test_executor.rs	.specula-output/confirmation/MC-1/worktree/crates/swbus-core/tests/common/test_executor.rs	file	0664	1783576276850816453	9518	f5d2563cc8f5bc5b906d9d550ad88b43545279fe31de0eb0c62dc651d19f020d		copy	run-evidence		
.specula-output/confirmation/MC-1/worktree/crates/swbus-core/tests/data	.specula-output/confirmation/MC-1/worktree/crates/swbus-core/tests/data	directory	0775	1783576276851816472				mkdir	run-directory		
.specula-output/confirmation/MC-1/worktree/crates/swbus-core/tests/data/b2b	.specula-output/confirmation/MC-1/worktree/crates/swbus-core/tests/data/b2b	directory	0775	1783576276851816472				mkdir	run-directory		
.specula-output/confirmation/MC-1/worktree/crates/swbus-core/tests/data/b2b/test_ping.json	.specula-output/confirmation/MC-1/worktree/crates/swbus-core/tests/data/b2b/test_ping.json	file	0664	1783576276851816472	3861	121c48e72ddada29549444f3f369b880c786a3b8bcc3be90829993c839e20334		copy	run-evidence		
.specula-output/confirmation/MC-1/worktree/crates/swbus-core/tests/data/b2b/test_show_route.json	.specula-output/confirmation/MC-1/worktree/crates/swbus-core/tests/data/b2b/test_show_route.json	file	0664	1783576276851816472	2406	4d770ea007370b04d62c7e9abad7547cef35af72de4973e8ceffbfe7d2efb48c		copy	run-evidence		
.specula-output/confirmation/MC-1/worktree/crates/swbus-core/tests/data/b2b/test_trace_route.json	.specula-output/confirmation/MC-1/worktree/crates/swbus-core/tests/data/b2b/test_trace_route.json	file	0664	1783576276851816472	3825	d66b6a38c8d290e3220a3a59b8928fa460126b411607c6a6367f4b37406b132a		copy	run-evidence		
.specula-output/confirmation/MC-1/worktree/crates/swbus-core/tests/data/b2b/topo.json	.specula-output/confirmation/MC-1/worktree/crates/swbus-core/tests/data/b2b/topo.json	file	0664	1783576276851816472	1129	7f245989e5059b18fabf7b5a16c7d775bf74792684f6550799515fd7d5a36dee		copy	run-evidence		
.specula-output/confirmation/MC-1/worktree/crates/swbus-core/tests/data/inter-cluster	.specula-output/confirmation/MC-1/worktree/crates/swbus-core/tests/data/inter-cluster	directory	0775	1783576276851816472				mkdir	run-directory		
.specula-output/confirmation/MC-1/worktree/crates/swbus-core/tests/data/inter-cluster/test_ping.json	.specula-output/confirmation/MC-1/worktree/crates/swbus-core/tests/data/inter-cluster/test_ping.json	file	0664	1783576276851816472	1240	384b680d1ab080bf5676feb07454d59fe9c231f6b999d94e817de1a8b8fcaa30		copy	run-evidence		
.specula-output/confirmation/MC-1/worktree/crates/swbus-core/tests/data/inter-cluster/test_show_route.json	.specula-output/confirmation/MC-1/worktree/crates/swbus-core/tests/data/inter-cluster/test_show_route.json	file	0664	1783576276851816472	3159	d720404da221821256a32fbfd0c1e7fe7c80d5ddb11a01f1d10eac2e94789c30		copy	run-evidence		
.specula-output/confirmation/MC-1/worktree/crates/swbus-core/tests/data/inter-cluster/topo.json	.specula-output/confirmation/MC-1/worktree/crates/swbus-core/tests/data/inter-cluster/topo.json	file	0664	1783576276851816472	2628	10ccb3a884b12e8cb8cc38a5800e6109f4d0c5adefd6c106a3982942c4117fe4		copy	run-evidence		
.specula-output/confirmation/MC-1/worktree/crates/swbus-core/tests/inter_cluster_tests.rs	.specula-output/confirmation/MC-1/worktree/crates/swbus-core/tests/inter_cluster_tests.rs	file	0664	1783576276851816472	972	c475273e93281d918b0e00f56b58b8a7b710a48bdffe43e2aa217043f5a6accc		copy	run-evidence		
.specula-output/confirmation/MC-1/worktree/crates/swbus-edge	.specula-output/confirmation/MC-1/worktree/crates/swbus-edge	directory	0775	1783576276851816472				mkdir	run-directory		
.specula-output/confirmation/MC-1/worktree/crates/swbus-edge/Cargo.toml	.specula-output/confirmation/MC-1/worktree/crates/swbus-edge/Cargo.toml	file	0664	1783576276851816472	752	6eabac2ce4f046ba26b173216304859075b31429651a1d9acaea0ed63e2ce59f		copy	run-evidence		
.specula-output/confirmation/MC-1/worktree/crates/swbus-edge/src	.specula-output/confirmation/MC-1/worktree/crates/swbus-edge/src	directory	0775	1783576276851816472				mkdir	run-directory		
.specula-output/confirmation/MC-1/worktree/crates/swbus-edge/src/core_client.rs	.specula-output/confirmation/MC-1/worktree/crates/swbus-edge/src/core_client.rs	file	0664	1783576276851816472	7284	4c51402847f363a0e62ccc7c2861d95546c89f07a7e396751b2dee6de3f7f4a4		copy	run-evidence		
.specula-output/confirmation/MC-1/worktree/crates/swbus-edge/src/edge_runtime.rs	.specula-output/confirmation/MC-1/worktree/crates/swbus-edge/src/edge_runtime.rs	file	0664	1783576276851816472	10890	7d5d3a0ba3fdd67421da20c188922d30f01943b30a86215f17d0872251244913		copy	run-evidence		
.specula-output/confirmation/MC-1/worktree/crates/swbus-edge/src/lib.rs	.specula-output/confirmation/MC-1/worktree/crates/swbus-edge/src/lib.rs	file	0664	1783576276851816472	576	faa5c95b88dd1e34c954c7b8f1c0b07bca26b7a3d3bde04cfe632e4751790235		copy	run-evidence		
.specula-output/confirmation/MC-1/worktree/crates/swbus-edge/src/message_handler_proxy.rs	.specula-output/confirmation/MC-1/worktree/crates/swbus-edge/src/message_handler_proxy.rs	file	0664	1783576276851816472	749	cfc59cbcbc8d0d7c834282aa40a9f0831cdf01ff2af7c5cf48ad59e29fb390f3		copy	run-evidence		
.specula-output/confirmation/MC-1/worktree/crates/swbus-edge/src/message_router	.specula-output/confirmation/MC-1/worktree/crates/swbus-edge/src/message_router	directory	0775	1783576276851816472				mkdir	run-directory		
.specula-output/confirmation/MC-1/worktree/crates/swbus-edge/src/message_router.rs	.specula-output/confirmation/MC-1/worktree/crates/swbus-edge/src/message_router.rs	file	0664	1783576276851816472	4376	75ccbe703a6d3a085d1d201d25ed68166cbfffe81253171fc5238ca35dfa3678		copy	run-evidence		
.specula-output/confirmation/MC-1/worktree/crates/swbus-edge/src/message_router/route_map.rs	.specula-output/confirmation/MC-1/worktree/crates/swbus-edge/src/message_router/route_map.rs	file	0664	1783576276851816472	1159	3fa445253853cba9c638369165ade9035f4a2c5d468c2cf349e7acd46b9722fc		copy	run-evidence		
.specula-output/confirmation/MC-1/worktree/crates/swbus-edge/src/simple_client.rs	.specula-output/confirmation/MC-1/worktree/crates/swbus-edge/src/simple_client.rs	file	0664	1783576276851816472	8859	7cb77df0b2ab1f2769bcffc19c837c968e7441843dd1108ec9bbc005cc45b4ec		copy	run-evidence		
.specula-output/confirmation/MC-1/worktree/crates/swbus-proto	.specula-output/confirmation/MC-1/worktree/crates/swbus-proto	directory	0775	1783576276852816490				mkdir	run-directory		
.specula-output/confirmation/MC-1/worktree/crates/swbus-proto/Cargo.toml	.specula-output/confirmation/MC-1/worktree/crates/swbus-proto/Cargo.toml	file	0664	1783576276851816472	558	53075c8a8953b79a5af426c44e916d9173cf353783d330db43f605f2d7464c60		copy	run-evidence		
.specula-output/confirmation/MC-1/worktree/crates/swbus-proto/build.rs	.specula-output/confirmation/MC-1/worktree/crates/swbus-proto/build.rs	file	0664	1783576276852816490	2026	475cdc9bca2eccbcbb42c7d6a07d2722669cef7228295088c8274cd681dd4484		copy	run-evidence		
.specula-output/confirmation/MC-1/worktree/crates/swbus-proto/proto	.specula-output/confirmation/MC-1/worktree/crates/swbus-proto/proto	directory	0775	1783576276852816490				mkdir	run-directory		
.specula-output/confirmation/MC-1/worktree/crates/swbus-proto/proto/swbus.proto	.specula-output/confirmation/MC-1/worktree/crates/swbus-proto/proto/swbus.proto	file	0664	1783576276852816490	6294	aac645c86603c5df39e5077aa1f869c542a0ca1421d44d8e1fca8f6ff3e636ea		copy	run-evidence		
.specula-output/confirmation/MC-1/worktree/crates/swbus-proto/src	.specula-output/confirmation/MC-1/worktree/crates/swbus-proto/src	directory	0775	1783576276852816490				mkdir	run-directory		
.specula-output/confirmation/MC-1/worktree/crates/swbus-proto/src/lib.rs	.specula-output/confirmation/MC-1/worktree/crates/swbus-proto/src/lib.rs	file	0664	1783576276852816490	61	d17df02f80826a817591af5b5010b0f6ac4898f5699eacd91ad7b47196752c22		copy	run-evidence		
.specula-output/confirmation/MC-1/worktree/crates/swbus-proto/src/message_id_generator.rs	.specula-output/confirmation/MC-1/worktree/crates/swbus-proto/src/message_id_generator.rs	file	0664	1783576276852816490	843	e719f9dd9bed5b86769144312a3c1e3a9af6c8767092dc9486d67bb3abb8fc11		copy	run-evidence		
.specula-output/confirmation/MC-1/worktree/crates/swbus-proto/src/result.rs	.specula-output/confirmation/MC-1/worktree/crates/swbus-proto/src/result.rs	file	0664	1783576276852816490	2424	a96858c007b047d749ea20494a2e1231eff29c547de8b7ebb0040ad8c5dd4676		copy	run-evidence		
.specula-output/confirmation/MC-1/worktree/crates/swbus-proto/src/swbus.rs	.specula-output/confirmation/MC-1/worktree/crates/swbus-proto/src/swbus.rs	file	0664	1783576276852816490	23852	20d8e932178d8c48aede8b3d87b633155c3ca9565b0f185aed190970c0a6ee42		copy	run-evidence		
.specula-output/confirmation/MC-1/worktree/crates/swbusd	.specula-output/confirmation/MC-1/worktree/crates/swbusd	directory	0775	1783576276852816490				mkdir	run-directory		
.specula-output/confirmation/MC-1/worktree/crates/swbusd/Cargo.toml	.specula-output/confirmation/MC-1/worktree/crates/swbusd/Cargo.toml	file	0664	1783576276852816490	717	54924fd7838c8233ff4bb1a2c69ab2d64c508e01b855299dcd305d24f38c5bf1		copy	run-evidence		
.specula-output/confirmation/MC-1/worktree/crates/swbusd/sample	.specula-output/confirmation/MC-1/worktree/crates/swbusd/sample	directory	0775	1783576276852816490				mkdir	run-directory		
.specula-output/confirmation/MC-1/worktree/crates/swbusd/sample/inter-cluster	.specula-output/confirmation/MC-1/worktree/crates/swbusd/sample/inter-cluster	directory	0775	1783576276852816490				mkdir	run-directory		
.specula-output/confirmation/MC-1/worktree/crates/swbusd/sample/inter-cluster/swbusd_cluster-a.10.0.0.1.cfg	.specula-output/confirmation/MC-1/worktree/crates/swbusd/sample/inter-cluster/swbusd_cluster-a.10.0.0.1.cfg	file	0664	1783576276852816490	470	0f011fc137e242399d46c0b5f2c340f26d6f32f92a44316a10e4e1c7e388e9a1		copy	run-evidence		
.specula-output/confirmation/MC-1/worktree/crates/swbusd/sample/inter-cluster/swbusd_cluster-a.10.0.0.2.cfg	.specula-output/confirmation/MC-1/worktree/crates/swbusd/sample/inter-cluster/swbusd_cluster-a.10.0.0.2.cfg	file	0664	1783576276852816490	274	196dd09c012bef6ace2d36fb3911625f4cdaf808059fb519418e398080c76999		copy	run-evidence		
.specula-output/confirmation/MC-1/worktree/crates/swbusd/sample/inter-cluster/swbusd_cluster-b.11.0.0.1.cfg	.specula-output/confirmation/MC-1/worktree/crates/swbusd/sample/inter-cluster/swbusd_cluster-b.11.0.0.1.cfg	file	0664	1783576276852816490	343	eb4623b5c1f3c39b3e402fdb41ca86aef420b5a8a3650613f2a9823b04ac55bf		copy	run-evidence		
.specula-output/confirmation/MC-1/worktree/crates/swbusd/sample/swbusd1.cfg	.specula-output/confirmation/MC-1/worktree/crates/swbusd/sample/swbusd1.cfg	file	0664	1783576276852816490	344	5048fdda47d8a6f85ecf7552fa66ebbb4d3ed5b785f836a720b7eeb51bd22b19		copy	run-evidence		
.specula-output/confirmation/MC-1/worktree/crates/swbusd/sample/swbusd2.cfg	.specula-output/confirmation/MC-1/worktree/crates/swbusd/sample/swbusd2.cfg	file	0664	1783576276852816490	274	196dd09c012bef6ace2d36fb3911625f4cdaf808059fb519418e398080c76999		copy	run-evidence		
.specula-output/confirmation/MC-1/worktree/crates/swbusd/src	.specula-output/confirmation/MC-1/worktree/crates/swbusd/src	directory	0775	1783576276852816490				mkdir	run-directory		
.specula-output/confirmation/MC-1/worktree/crates/swbusd/src/main.rs	.specula-output/confirmation/MC-1/worktree/crates/swbusd/src/main.rs	file	0664	1783576276852816490	1262	967c40e9b6ba91ab7884f883516746bf5b6bcd94aa38cec68485a427e32b9fd4		copy	run-evidence		
.specula-output/confirmation/MC-1/worktree/crates/swss-common-bridge	.specula-output/confirmation/MC-1/worktree/crates/swss-common-bridge	directory	0775	1783576276852816490				mkdir	run-directory		
.specula-output/confirmation/MC-1/worktree/crates/swss-common-bridge/Cargo.toml	.specula-output/confirmation/MC-1/worktree/crates/swss-common-bridge/Cargo.toml	file	0664	1783576276852816490	755	90d0fd07f27224840f9e8aa43ae6d16be1e433fdcd9bffed3e9d7d5c27f0caac		copy	run-evidence		
.specula-output/confirmation/MC-1/worktree/crates/swss-common-bridge/src	.specula-output/confirmation/MC-1/worktree/crates/swss-common-bridge/src	directory	0775	1783576276853816508				mkdir	run-directory		
.specula-output/confirmation/MC-1/worktree/crates/swss-common-bridge/src/consumer.rs	.specula-output/confirmation/MC-1/worktree/crates/swss-common-bridge/src/consumer.rs	file	0664	1783576276852816490	15722	d29510353c47d63cc4732f9075e55428f5605a35cb40c84728bfe585e3b6ae81		copy	run-evidence		
.specula-output/confirmation/MC-1/worktree/crates/swss-common-bridge/src/lib.rs	.specula-output/confirmation/MC-1/worktree/crates/swss-common-bridge/src/lib.rs	file	0664	1783576276852816490	2341	d50bada2027ab4bdfe19da142733e301550d8a13a43b728baf38f1dc0a95f619		copy	run-evidence		
.specula-output/confirmation/MC-1/worktree/crates/swss-common-bridge/src/producer.rs	.specula-output/confirmation/MC-1/worktree/crates/swss-common-bridge/src/producer.rs	file	0664	1783576276853816508	16096	e6204c6c8b791275c57cb4d4818b4c1c2be3cc0bf6e317bd95743aa20527d18a		copy	run-evidence		
.specula-output/confirmation/MC-1/worktree/crates/swss-serde	.specula-output/confirmation/MC-1/worktree/crates/swss-serde	directory	0775	1783576276853816508				mkdir	run-directory		
.specula-output/confirmation/MC-1/worktree/crates/swss-serde/Cargo.toml	.specula-output/confirmation/MC-1/worktree/crates/swss-serde/Cargo.toml	file	0664	1783576276853816508	409	996d81b6c4c147fde077b633256c11bd82fa1e005462fc46dca009ae66a3bead		copy	run-evidence		
.specula-output/confirmation/MC-1/worktree/crates/swss-serde/src	.specula-output/confirmation/MC-1/worktree/crates/swss-serde/src	directory	0775	1783576276853816508				mkdir	run-directory		
.specula-output/confirmation/MC-1/worktree/crates/swss-serde/src/error.rs	.specula-output/confirmation/MC-1/worktree/crates/swss-serde/src/error.rs	file	0664	1783576276853816508	595	cde10988fad503119f0fcfff46c95c6b2173005227d97f6e412499269c64e017		copy	run-evidence		
.specula-output/confirmation/MC-1/worktree/crates/swss-serde/src/field_value.rs	.specula-output/confirmation/MC-1/worktree/crates/swss-serde/src/field_value.rs	file	0664	1783576276853816508	10246	8a9087750327abf38082b37f096912427bfb3306dbe93c986947c8325d1565b9		copy	run-evidence		
.specula-output/confirmation/MC-1/worktree/crates/swss-serde/src/field_values.rs	.specula-output/confirmation/MC-1/worktree/crates/swss-serde/src/field_values.rs	file	0664	1783576276853816508	5341	4bdecb30295f4d23fdb2425d040c4cc4dcfff22331112d8ad441ce91ed524ef8		copy	run-evidence		
.specula-output/confirmation/MC-1/worktree/crates/swss-serde/src/lib.rs	.specula-output/confirmation/MC-1/worktree/crates/swss-serde/src/lib.rs	file	0664	1783576276853816508	1359	5ed868b6f5d73e9e01ccfef09f376878eaf337279e11c19ddbaea191839bb578		copy	run-evidence		
.specula-output/confirmation/MC-1/worktree/crates/swss-serde/src/table.rs	.specula-output/confirmation/MC-1/worktree/crates/swss-serde/src/table.rs	file	0664	1783576276853816508	3496	8761b69bf3fc7ab4f824400e828437f3e05c64707ab27772c0ebdc94d3e5fb92		copy	run-evidence		
.specula-output/confirmation/MC-1/worktree/crates/swss-serde/src/test.rs	.specula-output/confirmation/MC-1/worktree/crates/swss-serde/src/test.rs	file	0664	1783576276853816508	5878	ba5857b01fa8dcc87b8107f3f475c996b370fd65efe9c8c944d6123de14559fa		copy	run-evidence		
.specula-output/confirmation/MC-1/worktree/debian	.specula-output/confirmation/MC-1/worktree/debian	directory	0775	1783576276853816508				mkdir	run-directory		
.specula-output/confirmation/MC-1/worktree/debian/.gitignore	.record/source-control/.specula-output/confirmation/MC-1/worktree/debian/gitignore.source	file	0664	1783576276853816508	66	5ba161d24cf3cf6ca666052cd4a803bc4c5b4513f2f2d8ce173dd44ac27b332c		copy	run-evidence		
.specula-output/confirmation/MC-1/worktree/debian/changelog	.specula-output/confirmation/MC-1/worktree/debian/changelog	file	0664	1783576276853816508	133	b0e4c77158baf68f5f4e44a9e9cf8cc2cb87fb1e5d972d5c8ece7ec12bcf9ebf		copy	run-evidence		
.specula-output/confirmation/MC-1/worktree/debian/compat	.specula-output/confirmation/MC-1/worktree/debian/compat	file	0664	1783576276853816508	2	4fc82b26aecb47d2868c4efbe3581732a3e7cbcc6c2efb32062c08170a05eeb8		copy	run-evidence		
.specula-output/confirmation/MC-1/worktree/debian/control	.specula-output/confirmation/MC-1/worktree/debian/control	file	0664	1783576276853816508	402	dc830719b6f4481a9ceb047afe697fd9646c1bc4004c3044954d142af14c3300		copy	run-evidence		
.specula-output/confirmation/MC-1/worktree/debian/install	.specula-output/confirmation/MC-1/worktree/debian/install	file	0664	1783576276853816508	130	191b4426c4b291ad2a887f4ca2ff8f117b3e011c79935548c46427b23a5b0f8f		copy	run-evidence		
.specula-output/confirmation/MC-1/worktree/debian/rules	.specula-output/confirmation/MC-1/worktree/debian/rules	file	0775	1783576276853816508	345	7cde28e0b934350b9de186d64baad0f0b9eed95dd6992125c8e29d0175d735bc		copy	run-evidence		
.specula-output/confirmation/MC-1/worktree/rustfmt.toml	.specula-output/confirmation/MC-1/worktree/rustfmt.toml	file	0664	1783576276853816508	443	b978c41d933c21053898dcf392291fd90addd3558f99149227132b85a17be027		copy	run-evidence		
.specula-output/confirmation/MC-1/worktree/scripts	.specula-output/confirmation/MC-1/worktree/scripts	directory	0775	1783576276854816527				mkdir	run-directory		
.specula-output/confirmation/MC-1/worktree/scripts/wait_for_loopback.py	.specula-output/confirmation/MC-1/worktree/scripts/wait_for_loopback.py	file	0664	1783576276854816527	3525	5f8d0244c51cb5dcce41f42706430bbe3f918f054c3242a8b4736cd78e6caf9d		copy	run-evidence		
.specula-output/confirmation/MC-1/worktree/target		directory	0755	1783576654079748874				exclude	non-evidence	build-or-generated-cache	
.specula-output/confirmation/MC-1/worktree/test_utils	.specula-output/confirmation/MC-1/worktree/test_utils	directory	0775	1783576276854816527				mkdir	run-directory		
.specula-output/confirmation/MC-1/worktree/test_utils/README.md	.specula-output/confirmation/MC-1/worktree/test_utils/README.md	file	0664	1783576276854816527	488	94110682d023d1d8e19ad8c9252057b8254259c7b9764fc5e66fc513d93cfac8		copy	run-evidence		
.specula-output/confirmation/MC-1/worktree/test_utils/hamgrd	.specula-output/confirmation/MC-1/worktree/test_utils/hamgrd	directory	0775	1783576276854816527				mkdir	run-directory		
.specula-output/confirmation/MC-1/worktree/test_utils/hamgrd/database_config.json	.specula-output/confirmation/MC-1/worktree/test_utils/hamgrd/database_config.json	file	0664	1783576276854816527	968	1de32db1a468dc0ef74752b4b693dcc1b53113f4dc591ba2946e1cc25dbc931d		copy	run-evidence		
.specula-output/confirmation/MC-1/worktree/test_utils/hamgrd/database_global.json	.specula-output/confirmation/MC-1/worktree/test_utils/hamgrd/database_global.json	file	0664	1783576276854816527	245	33c792f9b464a3934fb39e6d1a1ef16f0df3bdc103dfd5851dfcdc7da7e8a082		copy	run-evidence		
.specula-output/confirmation/MC-1/worktree/test_utils/hamgrd/redis_data_planned_up_then_down.cmd	.specula-output/confirmation/MC-1/worktree/test_utils/hamgrd/redis_data_planned_up_then_down.cmd	file	0664	1783576276854816527	1090	24e710b2196e98324a34e4152d70eebeb633dcd0f0ba0000c812cf1f12a8af85		copy	run-evidence		
.specula-output/confirmation/MC-1/worktree/test_utils/hamgrd/redis_data_set.cmd	.specula-output/confirmation/MC-1/worktree/test_utils/hamgrd/redis_data_set.cmd	file	0664	1783576276854816527	3476	608c1fa7508acf661de34ffd3249560029fb8788dcbd732ea83b36db964afefd		copy	run-evidence		
.specula-output/confirmation/MC-1/worktree/test_utils/hamgrd/redis_data_set_full.cmd	.specula-output/confirmation/MC-1/worktree/test_utils/hamgrd/redis_data_set_full.cmd	file	0664	1783576276854816527	5031	5ac73f5017d2955a45767e803b3a2e6d206bd433118109bd55b26f7254ccb6c6		copy	run-evidence		
.specula-output/confirmation/MC-1/worktree/test_utils/run_redis.sh	.specula-output/confirmation/MC-1/worktree/test_utils/run_redis.sh	file	0775	1783576276854816527	490	a17fe5c24818986e4b2f525924890927c5a4a7ccf2df29c025ab050d54289f7e		copy	run-evidence		
.specula-output/confirmation/MC-2	.specula-output/confirmation/MC-2	directory	0775	1783576992823005037				mkdir	run-directory		
.specula-output/confirmation/MC-2/debate.md	.specula-output/confirmation/MC-2/debate.md	file	0664	1783576992812004835	1789431	b89e4903e1623ffa9d6deb18a169c44ebfff3703633f034ab0b4571bdc534344		copy	run-evidence		
.specula-output/confirmation/MC-2/turn01_A.log	.specula-output/confirmation/MC-2/turn01_A.log	file	0664	1783576893404172666	873346	53c0faf08d16da9e841a4f2c79656e15a1c16a175d7808b85f7e9d1ff4817ac9		copy	run-evidence		
.specula-output/confirmation/MC-2/turn01_A.prompt.md	.specula-output/confirmation/MC-2/turn01_A.prompt.md	file	0664	1783576276857816582	10685	92079f54712a75440da27f8a541bb72f48a45e1be712babc3501239a2089127f		copy	run-evidence		
.specula-output/confirmation/MC-2/turn01_A.usage.json	.specula-output/confirmation/MC-2/turn01_A.usage.json	file	0664	1783576893902181854	245	4fcff22e8bd262c9b7eb8ab2840b39e319dc8ff45b42d4e1708d5e306838d87b		copy	run-evidence		
.specula-output/confirmation/MC-2/turn02_B.log	.specula-output/confirmation/MC-2/turn02_B.log	file	0664	1783576992275994943	916021	a14f53e4f1f698589489fc2cef755ece9305c907696c7974e24f9ac632e82fc1		copy	run-evidence		
.specula-output/confirmation/MC-2/turn02_B.prompt.md	.specula-output/confirmation/MC-2/turn02_B.prompt.md	file	0664	1783576893920182186	877111	b9f58dc004d309361247fc8179437ed953beef6c1e00db1af7a249d656e985e8		copy	run-evidence		
.specula-output/confirmation/MC-2/turn02_B.usage.json	.specula-output/confirmation/MC-2/turn02_B.usage.json	file	0664	1783576992795004521	245	a15ee50d264ed977d7d53cac50b425cf6acbae24a124d1ee270e355a9eb50440		copy	run-evidence		
.specula-output/confirmation/MC-2/verdict.json	.specula-output/confirmation/MC-2/verdict.json	file	0664	1783576992823005037	903471	61cff18452fe736456fd4adba1a2c639422fd8561c978d36d0cc8578d07e5cc9		copy	run-evidence		
.specula-output/confirmation/MC-2/worktree	.specula-output/confirmation/MC-2/worktree	directory	0775	1783576992816004908				mkdir	run-directory		
.specula-output/confirmation/MC-2/worktree/.git		file	0664	1783576276839816251	120	e6475422cf3184cf272c165b04d4538d48911b9e73de0fd88e63ed87b5d28964		exclude	non-evidence	git-metadata	
.specula-output/confirmation/MC-2/worktree/.gitignore	.record/source-control/.specula-output/confirmation/MC-2/worktree/gitignore.source	file	0664	1783576276845816361	63	1362d8ecf612bff1ef3ef5f59dc941311a4c6d370176ee3fac2d6cf5dfa3d1e6		copy	run-evidence		
.specula-output/confirmation/MC-2/worktree/.pre-commit-config.yaml	.specula-output/confirmation/MC-2/worktree/.pre-commit-config.yaml	file	0664	1783576276845816361	975	06442782b6b7979294be9ec6cc14f1ecc0eec90d3c31ed7aa93075eba188b87d		copy	run-evidence		
.specula-output/confirmation/MC-2/worktree/Cargo.lock	.specula-output/confirmation/MC-2/worktree/Cargo.lock	file	0664	1783576276845816361	73759	55dfa1a975d6b3474b152fd1180861ca840793e7821799e3dfdb6c3e6a5d6459		copy	run-evidence		
.specula-output/confirmation/MC-2/worktree/Cargo.toml	.specula-output/confirmation/MC-2/worktree/Cargo.toml	file	0664	1783576276845816361	3193	e3dc3c58d5118c233e79d7c9792584060b66b41b505974718ae506a932031fc3		copy	run-evidence		
.specula-output/confirmation/MC-2/worktree/LICENSE	.specula-output/confirmation/MC-2/worktree/LICENSE	file	0664	1783576276845816361	555	64f72cf7a9753b300106dd2a2b058feb084cc105c2ad359a2320f372504d49c8		copy	run-evidence		
.specula-output/confirmation/MC-2/worktree/Makefile	.specula-output/confirmation/MC-2/worktree/Makefile	file	0664	1783576276845816361	1500	4b8e6dfaf74b0d71d23644d1ee70c6459a377bd883764c0632e0545f1c165202		copy	run-evidence		
.specula-output/confirmation/MC-2/worktree/README.md	.specula-output/confirmation/MC-2/worktree/README.md	file	0664	1783576276845816361	2258	a586c1b3947fa180a9687299db907422b38de00f41a0c60c9bdb58e3da32f994		copy	run-evidence		
.specula-output/confirmation/MC-2/worktree/crates	.specula-output/confirmation/MC-2/worktree/crates	directory	0775	1783576276853816508				mkdir	run-directory		
.specula-output/confirmation/MC-2/worktree/crates/container	.specula-output/confirmation/MC-2/worktree/crates/container	directory	0775	1783576276845816361				mkdir	run-directory		
.specula-output/confirmation/MC-2/worktree/crates/container/Cargo.toml	.specula-output/confirmation/MC-2/worktree/crates/container/Cargo.toml	file	0664	1783576276845816361	543	4ad8767d8c5f5d31bbeddeaa23c3a0887ee9efa8875a988e78a849f0fa8ab463		copy	run-evidence		
.specula-output/confirmation/MC-2/worktree/crates/container/src	.specula-output/confirmation/MC-2/worktree/crates/container/src	directory	0775	1783576276845816361				mkdir	run-directory		
.specula-output/confirmation/MC-2/worktree/crates/container/src/container.rs	.specula-output/confirmation/MC-2/worktree/crates/container/src/container.rs	file	0664	1783576276845816361	13473	fdd146e2a3c44d5d102092554290a6ab82ec78b529b31e92f5371899d1a13461		copy	run-evidence		
.specula-output/confirmation/MC-2/worktree/crates/container/src/main.rs	.specula-output/confirmation/MC-2/worktree/crates/container/src/main.rs	file	0664	1783576276846816380	1402	8804dad7b22eb1b3c4809fd1ca77458214320d6cd109136faba05d0e0005920e		copy	run-evidence		
.specula-output/confirmation/MC-2/worktree/crates/hamgrd	.specula-output/confirmation/MC-2/worktree/crates/hamgrd	directory	0775	1783576276846816380				mkdir	run-directory		
.specula-output/confirmation/MC-2/worktree/crates/hamgrd/Cargo.toml	.specula-output/confirmation/MC-2/worktree/crates/hamgrd/Cargo.toml	file	0664	1783576276846816380	1091	dfcecf0cc5aa0ddeb66899facb1f4e78afde2437e4caf634677e4d08ebaf85a4		copy	run-evidence		
.specula-output/confirmation/MC-2/worktree/crates/hamgrd/src	.specula-output/confirmation/MC-2/worktree/crates/hamgrd/src	directory	0775	1783576276847816398				mkdir	run-directory		
.specula-output/confirmation/MC-2/worktree/crates/hamgrd/src/actors	.specula-output/confirmation/MC-2/worktree/crates/hamgrd/src/actors	directory	0775	1783576276846816380				mkdir	run-directory		
.specula-output/confirmation/MC-2/worktree/crates/hamgrd/src/actors.rs	.specula-output/confirmation/MC-2/worktree/crates/hamgrd/src/actors.rs	file	0664	1783576276846816380	10857	60b97fd54b124162e2691fb612c18f23bfa411a0d7dd4cc2faafdac1dd7ff889		copy	run-evidence		
.specula-output/confirmation/MC-2/worktree/crates/hamgrd/src/actors/dpu.rs	.specula-output/confirmation/MC-2/worktree/crates/hamgrd/src/actors/dpu.rs	file	0664	1783576276846816380	27800	1f9135dc244e019d3f860f8b419748099be6158b82238b40d6f5ef73e67a70d4		copy	run-evidence		
.specula-output/confirmation/MC-2/worktree/crates/hamgrd/src/actors/ha_scope.rs	.specula-output/confirmation/MC-2/worktree/crates/hamgrd/src/actors/ha_scope.rs	file	0664	1783576819007800132	55525	b22aee73c4013b24f1057f9f2ae7d9620ed4746fc8ffe0da837c19322eec7605		copy	run-evidence		
.specula-output/confirmation/MC-2/worktree/crates/hamgrd/src/actors/ha_set.rs	.specula-output/confirmation/MC-2/worktree/crates/hamgrd/src/actors/ha_set.rs	file	0664	1783576276846816380	54279	0ddf6b21740c84bd17b1113b4497d1c8fca1cdded0669028efe4b3751afee8c3		copy	run-evidence		
.specula-output/confirmation/MC-2/worktree/crates/hamgrd/src/actors/test.rs	.specula-output/confirmation/MC-2/worktree/crates/hamgrd/src/actors/test.rs	file	0664	1783576276846816380	25740	68fce46b1239953c7ed8e7d248ce4a5ca94ca1fd5587db04909aeb133beb7ce8		copy	run-evidence		
.specula-output/confirmation/MC-2/worktree/crates/hamgrd/src/actors/vdpu.rs	.specula-output/confirmation/MC-2/worktree/crates/hamgrd/src/actors/vdpu.rs	file	0664	1783576276847816398	8755	0e91f79cfa4a07c231c2a04d179cc784314fae6c91349ffdf6586e2e12cb072a		copy	run-evidence		
.specula-output/confirmation/MC-2/worktree/crates/hamgrd/src/db_structs.rs	.specula-output/confirmation/MC-2/worktree/crates/hamgrd/src/db_structs.rs	file	0664	1783576276847816398	34184	a322274850ae6754df30ca8da226e1b18b9d07268a7e41578aae718a2295c74a		copy	run-evidence		
.specula-output/confirmation/MC-2/worktree/crates/hamgrd/src/ha_actor_messages.rs	.specula-output/confirmation/MC-2/worktree/crates/hamgrd/src/ha_actor_messages.rs	file	0664	1783576276847816398	6543	e1a13cdedb85938b77795f331bf3771d088e8bfce8051324f0a69161ee285d68		copy	run-evidence		
.specula-output/confirmation/MC-2/worktree/crates/hamgrd/src/main.rs	.specula-output/confirmation/MC-2/worktree/crates/hamgrd/src/main.rs	file	0664	1783576276847816398	8926	e9a6de6c129eb77fc46132682098b67f3184307f1ad5aeb1783403e8e23552ca		copy	run-evidence		
.specula-output/confirmation/MC-2/worktree/crates/sonic-common	.specula-output/confirmation/MC-2/worktree/crates/sonic-common	directory	0775	1783576276847816398				mkdir	run-directory		
.specula-output/confirmation/MC-2/worktree/crates/sonic-common/Cargo.toml	.specula-output/confirmation/MC-2/worktree/crates/sonic-common/Cargo.toml	file	0664	1783576276847816398	843	1239a0525ec2b948dd0ac2e78b9861a4da144fef3a1b3b5337ff7712dec9c5e5		copy	run-evidence		
.specula-output/confirmation/MC-2/worktree/crates/sonic-common/src	.specula-output/confirmation/MC-2/worktree/crates/sonic-common/src	directory	0775	1783576276847816398				mkdir	run-directory		
.specula-output/confirmation/MC-2/worktree/crates/sonic-common/src/lib.rs	.specula-output/confirmation/MC-2/worktree/crates/sonic-common/src/lib.rs	file	0664	1783576276847816398	573	18239424369eefc097b517348bc38889a2965244d88d7557c7e8568681093722		copy	run-evidence		
.specula-output/confirmation/MC-2/worktree/crates/sonic-common/src/log.rs	.specula-output/confirmation/MC-2/worktree/crates/sonic-common/src/log.rs	file	0664	1783576276847816398	7511	9f51b7708251f05f717e61f926e4893e318ce13905011273a982f08907262180		copy	run-evidence		
.specula-output/confirmation/MC-2/worktree/crates/sonic-common/src/panic.rs	.specula-output/confirmation/MC-2/worktree/crates/sonic-common/src/panic.rs	file	0664	1783576276847816398	1647	571290dc59a3ec765e03aa7c4bb7563d80d73747ae9cb95c697c41f667a8ca95		copy	run-evidence		
.specula-output/confirmation/MC-2/worktree/crates/sonic-dash-api-proto	.specula-output/confirmation/MC-2/worktree/crates/sonic-dash-api-proto	directory	0775	1783576276847816398				mkdir	run-directory		
.specula-output/confirmation/MC-2/worktree/crates/sonic-dash-api-proto/Cargo.toml	.specula-output/confirmation/MC-2/worktree/crates/sonic-dash-api-proto/Cargo.toml	file	0664	1783576276847816398	531	de2b47c4469d3a36868ed6e8dd3f619350358c8cc28a5f5f9d6cec405e1793e3		copy	run-evidence		
.specula-output/confirmation/MC-2/worktree/crates/sonic-dash-api-proto/build.rs	.specula-output/confirmation/MC-2/worktree/crates/sonic-dash-api-proto/build.rs	file	0664	1783576276847816398	2539	d6fbe856e6076167a0474176a3f65fb610390e45a40f3af1ebb46a874b8b3559		copy	run-evidence		
.specula-output/confirmation/MC-2/worktree/crates/sonic-dash-api-proto/sonic-dash-api	.specula-output/confirmation/MC-2/worktree/crates/sonic-dash-api-proto/sonic-dash-api	directory	0775	1783576475534466539				mkdir	run-directory		
.specula-output/confirmation/MC-2/worktree/crates/sonic-dash-api-proto/sonic-dash-api/.azure-pipelines	.specula-output/confirmation/MC-2/worktree/crates/sonic-dash-api-proto/sonic-dash-api/.azure-pipelines	directory	0775	1783576475533466521				mkdir	run-directory		
.specula-output/confirmation/MC-2/worktree/crates/sonic-dash-api-proto/sonic-dash-api/.azure-pipelines/build-template.yml	.specula-output/confirmation/MC-2/worktree/crates/sonic-dash-api-proto/sonic-dash-api/.azure-pipelines/build-template.yml	file	0664	1783576475533466521	1157	451ce6463ef8074b1f8b8e75dd9d3ea31a7615ebf167e0b0d659f7c84b1829ba		copy	run-evidence		
.specula-output/confirmation/MC-2/worktree/crates/sonic-dash-api-proto/sonic-dash-api/.git		file	0664	1783576475524466356	180	9210325f891af5f0d26115fe19b09ae7e90cfceb318f1e5260e75aeae866a8e4		exclude	non-evidence	git-metadata	
.specula-output/confirmation/MC-2/worktree/crates/sonic-dash-api-proto/sonic-dash-api/.github	.specula-output/confirmation/MC-2/worktree/crates/sonic-dash-api-proto/sonic-dash-api/.github	directory	0775	1783576475533466521				mkdir	run-directory		
.specula-output/confirmation/MC-2/worktree/crates/sonic-dash-api-proto/sonic-dash-api/.github/copilot-instructions.md	.specula-output/confirmation/MC-2/worktree/crates/sonic-dash-api-proto/sonic-dash-api/.github/copilot-instructions.md	file	0664	1783576475533466521	5543	cf53e2851093ee4279d3cb6b51122c09223fc6b06849a16ca061e7ae8154eb29		copy	run-evidence		
.specula-output/confirmation/MC-2/worktree/crates/sonic-dash-api-proto/sonic-dash-api/.gitignore	.record/source-control/.specula-output/confirmation/MC-2/worktree/crates/sonic-dash-api-proto/sonic-dash-api/gitignore.source	file	0664	1783576475533466521	152	37ae5085387aa46b903bede475c27f1c391bafc70e04f90ad326190dc6f9984a		copy	run-evidence		
.specula-output/confirmation/MC-2/worktree/crates/sonic-dash-api-proto/sonic-dash-api/Makefile	.specula-output/confirmation/MC-2/worktree/crates/sonic-dash-api-proto/sonic-dash-api/Makefile	file	0664	1783576475533466521	2867	6b7a7ee8959734154670386e7e3a8ce8da6c4bffd016c083799d1a830718f71f		copy	run-evidence		
.specula-output/confirmation/MC-2/worktree/crates/sonic-dash-api-proto/sonic-dash-api/README.md	.specula-output/confirmation/MC-2/worktree/crates/sonic-dash-api-proto/sonic-dash-api/README.md	file	0664	1783576475533466521	1462	b3fd7b0c339366692c23500294a116aea8de6e88998b8865f496c7220ba40302		copy	run-evidence		
.specula-output/confirmation/MC-2/worktree/crates/sonic-dash-api-proto/sonic-dash-api/azure-pipelines.yml	.specula-output/confirmation/MC-2/worktree/crates/sonic-dash-api-proto/sonic-dash-api/azure-pipelines.yml	file	0664	1783576475533466521	2850	6a71b850acd5b5220c310b76a649ca04c007f7ffc013791be7c7391edb648bf9		copy	run-evidence		
.specula-output/confirmation/MC-2/worktree/crates/sonic-dash-api-proto/sonic-dash-api/debian	.specula-output/confirmation/MC-2/worktree/crates/sonic-dash-api-proto/sonic-dash-api/debian	directory	0775	1783576475534466539				mkdir	run-directory		
.specula-output/confirmation/MC-2/worktree/crates/sonic-dash-api-proto/sonic-dash-api/debian/changelog	.specula-output/confirmation/MC-2/worktree/crates/sonic-dash-api-proto/sonic-dash-api/debian/changelog	file	0664	1783576475534466539	127	001c5cf3cc6c410458f8bd863f50fbbee5fcec94760be78fa2daf6e3ec985db4		copy	run-evidence		
.specula-output/confirmation/MC-2/worktree/crates/sonic-dash-api-proto/sonic-dash-api/debian/compat	.specula-output/confirmation/MC-2/worktree/crates/sonic-dash-api-proto/sonic-dash-api/debian/compat	file	0664	1783576475534466539	2	4fc82b26aecb47d2868c4efbe3581732a3e7cbcc6c2efb32062c08170a05eeb8		copy	run-evidence		
.specula-output/confirmation/MC-2/worktree/crates/sonic-dash-api-proto/sonic-dash-api/debian/control	.specula-output/confirmation/MC-2/worktree/crates/sonic-dash-api-proto/sonic-dash-api/debian/control	file	0664	1783576475534466539	362	33f4fb53634f991b8e9fee9d1bc0ebcdf95eb5a4789d435152724422743ec0ef		copy	run-evidence		
.specula-output/confirmation/MC-2/worktree/crates/sonic-dash-api-proto/sonic-dash-api/debian/rules	.specula-output/confirmation/MC-2/worktree/crates/sonic-dash-api-proto/sonic-dash-api/debian/rules	file	0775	1783576475534466539	88	885237907618e908f1fc048d94196c6baef3c1eb9398c334cd4cd382e97b9115		copy	run-evidence		
.specula-output/confirmation/MC-2/worktree/crates/sonic-dash-api-proto/sonic-dash-api/misc	.specula-output/confirmation/MC-2/worktree/crates/sonic-dash-api-proto/sonic-dash-api/misc	directory	0775	1783576475534466539				mkdir	run-directory		
.specula-output/confirmation/MC-2/worktree/crates/sonic-dash-api-proto/sonic-dash-api/misc/.gitignore	.record/source-control/.specula-output/confirmation/MC-2/worktree/crates/sonic-dash-api-proto/sonic-dash-api/misc/gitignore.source	file	0664	1783576475534466539	110	65057622390473201d1a7bfa966ca489a4f6b4c65232d115fee498d256c27617		copy	run-evidence		
.specula-output/confirmation/MC-2/worktree/crates/sonic-dash-api-proto/sonic-dash-api/misc/dash_api_utils	.specula-output/confirmation/MC-2/worktree/crates/sonic-dash-api-proto/sonic-dash-api/misc/dash_api_utils	file	0775	1783576475534466539	1673	a54b3116aa2c22f82c8fa7b0181c477b6b8e1770f547efbf6fd07d95e63856b3		copy	run-evidence		
.specula-output/confirmation/MC-2/worktree/crates/sonic-dash-api-proto/sonic-dash-api/misc/pypkg	.specula-output/confirmation/MC-2/worktree/crates/sonic-dash-api-proto/sonic-dash-api/misc/pypkg	directory	0775	1783576475534466539				mkdir	run-directory		
.specula-output/confirmation/MC-2/worktree/crates/sonic-dash-api-proto/sonic-dash-api/misc/pypkg/dash_api	.specula-output/confirmation/MC-2/worktree/crates/sonic-dash-api-proto/sonic-dash-api/misc/pypkg/dash_api	directory	0775	1783576475534466539				mkdir	run-directory		
.specula-output/confirmation/MC-2/worktree/crates/sonic-dash-api-proto/sonic-dash-api/misc/pypkg/dash_api/__init__.py	.specula-output/confirmation/MC-2/worktree/crates/sonic-dash-api-proto/sonic-dash-api/misc/pypkg/dash_api/__init__.py	file	0664	1783576475534466539	86	40c99d3fc4e0e8e6bcd60d2737a25a7ddf966ee2bd4bac2dc7364cd869023131		copy	run-evidence		
.specula-output/confirmation/MC-2/worktree/crates/sonic-dash-api-proto/sonic-dash-api/misc/tests	.specula-output/confirmation/MC-2/worktree/crates/sonic-dash-api-proto/sonic-dash-api/misc/tests	directory	0775	1783576475534466539				mkdir	run-directory		
.specula-output/confirmation/MC-2/worktree/crates/sonic-dash-api-proto/sonic-dash-api/misc/tests/main.cpp	.specula-output/confirmation/MC-2/worktree/crates/sonic-dash-api-proto/sonic-dash-api/misc/tests/main.cpp	file	0664	1783576475534466539	102	59572f84bf8df2a31f58d87051915b08cd9c32859092f1532135127155a33c24		copy	run-evidence		
.specula-output/confirmation/MC-2/worktree/crates/sonic-dash-api-proto/sonic-dash-api/misc/tests/test_utils.py	.specula-output/confirmation/MC-2/worktree/crates/sonic-dash-api-proto/sonic-dash-api/misc/tests/test_utils.py	file	0664	1783576475534466539	1955	43dc5e16b6648a9b58fc6d051de9ce7798273760f45bfe3e477d58277271326f		copy	run-evidence		
.specula-output/confirmation/MC-2/worktree/crates/sonic-dash-api-proto/sonic-dash-api/misc/tests/utils_unittest.cpp	.specula-output/confirmation/MC-2/worktree/crates/sonic-dash-api-proto/sonic-dash-api/misc/tests/utils_unittest.cpp	file	0664	1783576475534466539	5547	a959ab4ffc771de60248278a264b79d116514c9107ece82c7c23e3e991a492d0		copy	run-evidence		
.specula-output/confirmation/MC-2/worktree/crates/sonic-dash-api-proto/sonic-dash-api/misc/utils.cpp	.specula-output/confirmation/MC-2/worktree/crates/sonic-dash-api-proto/sonic-dash-api/misc/utils.cpp	file	0664	1783576475534466539	4029	7822b783cee4ecbce6085636b0ced2be68ea419c1c9e5002812e17f51d1a1121		copy	run-evidence		
.specula-output/confirmation/MC-2/worktree/crates/sonic-dash-api-proto/sonic-dash-api/misc/utils.h	.specula-output/confirmation/MC-2/worktree/crates/sonic-dash-api-proto/sonic-dash-api/misc/utils.h	file	0664	1783576475534466539	696	43ad84a08fffb2f5de7a429a0c4bc74de192251257c40fbbc5240e33881581a5		copy	run-evidence		
.specula-output/confirmation/MC-2/worktree/crates/sonic-dash-api-proto/sonic-dash-api/misc/utils.i	.specula-output/confirmation/MC-2/worktree/crates/sonic-dash-api-proto/sonic-dash-api/misc/utils.i	file	0664	1783576475534466539	124	b0ed8aea587950df30be894992ca7319f6b87d18c3d674abaaf17fa523ac15c5		copy	run-evidence		
.specula-output/confirmation/MC-2/worktree/crates/sonic-dash-api-proto/sonic-dash-api/proto	.specula-output/confirmation/MC-2/worktree/crates/sonic-dash-api-proto/sonic-dash-api/proto	directory	0775	1783576475535466558				mkdir	run-directory		
.specula-output/confirmation/MC-2/worktree/crates/sonic-dash-api-proto/sonic-dash-api/proto/acl_group.proto	.specula-output/confirmation/MC-2/worktree/crates/sonic-dash-api-proto/sonic-dash-api/proto/acl_group.proto	file	0664	1783576475534466539	224	63b83374a5dfe1eecea6532375f55378d0c80a61a343a6569bde52d5a84350bb		copy	run-evidence		
.specula-output/confirmation/MC-2/worktree/crates/sonic-dash-api-proto/sonic-dash-api/proto/acl_in.proto	.specula-output/confirmation/MC-2/worktree/crates/sonic-dash-api-proto/sonic-dash-api/proto/acl_in.proto	file	0664	1783576475534466539	310	8c4990a198ae41a7bb3b57278049936caa5f097416602aa83fe9261a24149307		copy	run-evidence		
.specula-output/confirmation/MC-2/worktree/crates/sonic-dash-api-proto/sonic-dash-api/proto/acl_out.proto	.specula-output/confirmation/MC-2/worktree/crates/sonic-dash-api-proto/sonic-dash-api/proto/acl_out.proto	file	0664	1783576475534466539	313	7fd56b7e8a7f311e24ac210b3a706d3ae218bf920e3a43cccf91bc0406ee581e		copy	run-evidence		
.specula-output/confirmation/MC-2/worktree/crates/sonic-dash-api-proto/sonic-dash-api/proto/acl_rule.proto	.specula-output/confirmation/MC-2/worktree/crates/sonic-dash-api-proto/sonic-dash-api/proto/acl_rule.proto	file	0664	1783576475534466539	1489	21efc2f5b9d3ef9278a78642d21a6ccea5352eec697dbeab920c4505bd6a47f3		copy	run-evidence		
.specula-output/confirmation/MC-2/worktree/crates/sonic-dash-api-proto/sonic-dash-api/proto/appliance.proto	.specula-output/confirmation/MC-2/worktree/crates/sonic-dash-api-proto/sonic-dash-api/proto/appliance.proto	file	0664	1783576475534466539	776	4f9bfe99d4615c32eb839cae910be8df431e5e72dc4eb2dce68ed5cb9ede8511		copy	run-evidence		
.specula-output/confirmation/MC-2/worktree/crates/sonic-dash-api-proto/sonic-dash-api/proto/eni.proto	.specula-output/confirmation/MC-2/worktree/crates/sonic-dash-api-proto/sonic-dash-api/proto/eni.proto	file	0664	1783576475534466539	1394	3cfa78f970e4c8eff5b16c8b0feca53fdfc77d43cb4cbf3f8816c0eba6971ee4		copy	run-evidence		
.specula-output/confirmation/MC-2/worktree/crates/sonic-dash-api-proto/sonic-dash-api/proto/eni_route.proto	.specula-output/confirmation/MC-2/worktree/crates/sonic-dash-api-proto/sonic-dash-api/proto/eni_route.proto	file	0664	1783576475534466539	184	1ea44c8956266a012206836e6de8a7fb3082b002c18e485fec1dca973a03f8f1		copy	run-evidence		
.specula-output/confirmation/MC-2/worktree/crates/sonic-dash-api-proto/sonic-dash-api/proto/ha_scope.proto	.specula-output/confirmation/MC-2/worktree/crates/sonic-dash-api-proto/sonic-dash-api/proto/ha_scope.proto	file	0664	1783576475534466539	749	bdb153bd85d28bc1bc165503fa808edd9f65a2c893966d313c77fded34ea5314		copy	run-evidence		
.specula-output/confirmation/MC-2/worktree/crates/sonic-dash-api-proto/sonic-dash-api/proto/ha_scope_config.proto	.specula-output/confirmation/MC-2/worktree/crates/sonic-dash-api-proto/sonic-dash-api/proto/ha_scope_config.proto	file	0664	1783576475534466539	561	a5df9f029dd4b10fb8933eab353b0612e158323be43264c3ec6124ab074d16af		copy	run-evidence		
.specula-output/confirmation/MC-2/worktree/crates/sonic-dash-api-proto/sonic-dash-api/proto/ha_scope_state.proto	.specula-output/confirmation/MC-2/worktree/crates/sonic-dash-api-proto/sonic-dash-api/proto/ha_scope_state.proto	file	0664	1783576475534466539	503	ef05bb57eb034ee8b5e0e52a0cdd78a22c6dac12b636f9ec90f99e0e4a2cfb29		copy	run-evidence		
.specula-output/confirmation/MC-2/worktree/crates/sonic-dash-api-proto/sonic-dash-api/proto/ha_set.proto	.specula-output/confirmation/MC-2/worktree/crates/sonic-dash-api-proto/sonic-dash-api/proto/ha_set.proto	file	0664	1783576475534466539	1482	68a55831f4939a0e731fac047888f285fd3ce5a56b92c4bdeab5ba3940fbe427		copy	run-evidence		
.specula-output/confirmation/MC-2/worktree/crates/sonic-dash-api-proto/sonic-dash-api/proto/ha_set_config.proto	.specula-output/confirmation/MC-2/worktree/crates/sonic-dash-api-proto/sonic-dash-api/proto/ha_set_config.proto	file	0664	1783576475534466539	437	3aac48716f7e82c5ed231ec04cc1e965ab47aecd5785ea9d7bec5cdd3b93d1ea		copy	run-evidence		
.specula-output/confirmation/MC-2/worktree/crates/sonic-dash-api-proto/sonic-dash-api/proto/ha_set_state.proto	.specula-output/confirmation/MC-2/worktree/crates/sonic-dash-api-proto/sonic-dash-api/proto/ha_set_state.proto	file	0664	1783576475534466539	295	eba05677140806197c24833e25e714b7da2b9613ce4d0e7077fbcce1f7ee1795		copy	run-evidence		
.specula-output/confirmation/MC-2/worktree/crates/sonic-dash-api-proto/sonic-dash-api/proto/meter.proto	.specula-output/confirmation/MC-2/worktree/crates/sonic-dash-api-proto/sonic-dash-api/proto/meter.proto	file	0664	1783576475534466539	376	959afb32392b5cc7c5ca48ee5fefc194dc93026603d5a96c389069df48d420a0		copy	run-evidence		
.specula-output/confirmation/MC-2/worktree/crates/sonic-dash-api-proto/sonic-dash-api/proto/meter_policy.proto	.specula-output/confirmation/MC-2/worktree/crates/sonic-dash-api-proto/sonic-dash-api/proto/meter_policy.proto	file	0664	1783576475534466539	221	3b355b5224b709b5135a139285f9223904396d68493b2331ebcc5d82afd0d08c		copy	run-evidence		
.specula-output/confirmation/MC-2/worktree/crates/sonic-dash-api-proto/sonic-dash-api/proto/meter_rule.proto	.specula-output/confirmation/MC-2/worktree/crates/sonic-dash-api-proto/sonic-dash-api/proto/meter_rule.proto	file	0664	1783576475535466558	360	2406e7d2a2f89645c15cbb354794ce010a6268a08338c4a44862f69193b9a6d3		copy	run-evidence		
.specula-output/confirmation/MC-2/worktree/crates/sonic-dash-api-proto/sonic-dash-api/proto/outbound_port_map.proto	.specula-output/confirmation/MC-2/worktree/crates/sonic-dash-api-proto/sonic-dash-api/proto/outbound_port_map.proto	file	0664	1783576475535466558	282	455b111663b169e0a8d5283720a248cdd3d925e2a953d48b870f722795e30dc2		copy	run-evidence		
.specula-output/confirmation/MC-2/worktree/crates/sonic-dash-api-proto/sonic-dash-api/proto/outbound_port_map_range.proto	.specula-output/confirmation/MC-2/worktree/crates/sonic-dash-api-proto/sonic-dash-api/proto/outbound_port_map_range.proto	file	0664	1783576475535466558	417	7e2b5a74d75ecf9545ffd929cd5c05206138d43dee6cced0854c7843e6395466		copy	run-evidence		
.specula-output/confirmation/MC-2/worktree/crates/sonic-dash-api-proto/sonic-dash-api/proto/pa_validation.proto	.specula-output/confirmation/MC-2/worktree/crates/sonic-dash-api-proto/sonic-dash-api/proto/pa_validation.proto	file	0664	1783576475535466558	188	d2b4f3b5b1298d1c41a979e6493a89a185aab032cfc1c4e27780fb87af6c16c7		copy	run-evidence		
.specula-output/confirmation/MC-2/worktree/crates/sonic-dash-api-proto/sonic-dash-api/proto/prefix_tag.proto	.specula-output/confirmation/MC-2/worktree/crates/sonic-dash-api-proto/sonic-dash-api/proto/prefix_tag.proto	file	0664	1783576475535466558	332	bc238882b1e392be4c9eb7210db871e1eea2d04a59bb16fff58ef06bc82da12d		copy	run-evidence		
.specula-output/confirmation/MC-2/worktree/crates/sonic-dash-api-proto/sonic-dash-api/proto/qos.proto	.specula-output/confirmation/MC-2/worktree/crates/sonic-dash-api-proto/sonic-dash-api/proto/qos.proto	file	0664	1783576475535466558	271	6c1756762416029cb9a3757f0ff18ae014bf789c493aae39966872aeb802e61f		copy	run-evidence		
.specula-output/confirmation/MC-2/worktree/crates/sonic-dash-api-proto/sonic-dash-api/proto/route.proto	.specula-output/confirmation/MC-2/worktree/crates/sonic-dash-api-proto/sonic-dash-api/proto/route.proto	file	0664	1783576475535466558	2665	9e4b7b6d0d807f50912dfaadfd7e6f2914090f406f0b75fe9167d3d452678ffa		copy	run-evidence		
.specula-output/confirmation/MC-2/worktree/crates/sonic-dash-api-proto/sonic-dash-api/proto/route_group.proto	.specula-output/confirmation/MC-2/worktree/crates/sonic-dash-api-proto/sonic-dash-api/proto/route_group.proto	file	0664	1783576475535466558	176	9a1a5264ce8aae5d33c896ca679f16405dbb2dbd853268d718ab931566a0c2d2		copy	run-evidence		
.specula-output/confirmation/MC-2/worktree/crates/sonic-dash-api-proto/sonic-dash-api/proto/route_rule.proto	.specula-output/confirmation/MC-2/worktree/crates/sonic-dash-api-proto/sonic-dash-api/proto/route_rule.proto	file	0664	1783576475535466558	1655	3648f004ce9b7da92a2f6f2366189b704e6aa9e74794a85182a7aa9bdfa8b7ae		copy	run-evidence		
.specula-output/confirmation/MC-2/worktree/crates/sonic-dash-api-proto/sonic-dash-api/proto/route_type.proto	.specula-output/confirmation/MC-2/worktree/crates/sonic-dash-api-proto/sonic-dash-api/proto/route_type.proto	file	0664	1783576475535466558	1450	e6361b492f3491f9480a11ac304c757d95ac87f2cd364e9dae11f6187c54c5f4		copy	run-evidence		
.specula-output/confirmation/MC-2/worktree/crates/sonic-dash-api-proto/sonic-dash-api/proto/routing_appliance.proto	.specula-output/confirmation/MC-2/worktree/crates/sonic-dash-api-proto/sonic-dash-api/proto/routing_appliance.proto	file	0664	1783576475535466558	357	6de8b36bdc0258d746b1edcf1d35fb9b80f9fb484591b9d2df0a44bef3ef3113		copy	run-evidence		
.specula-output/confirmation/MC-2/worktree/crates/sonic-dash-api-proto/sonic-dash-api/proto/tunnel.proto	.specula-output/confirmation/MC-2/worktree/crates/sonic-dash-api-proto/sonic-dash-api/proto/tunnel.proto	file	0664	1783576475535466558	374	49a8b27dfcd4656991293f1f2676e8a06488388030758b266f67fbe2430c067c		copy	run-evidence		
.specula-output/confirmation/MC-2/worktree/crates/sonic-dash-api-proto/sonic-dash-api/proto/types.proto	.specula-output/confirmation/MC-2/worktree/crates/sonic-dash-api-proto/sonic-dash-api/proto/types.proto	file	0664	1783576475535466558	1593	0b1644d63d353923f33aa4e561f7181119db49715e0f745063cbe3a81f2c73a9		copy	run-evidence		
.specula-output/confirmation/MC-2/worktree/crates/sonic-dash-api-proto/sonic-dash-api/proto/vnet.proto	.specula-output/confirmation/MC-2/worktree/crates/sonic-dash-api-proto/sonic-dash-api/proto/vnet.proto	file	0664	1783576475535466558	310	8c437362618f389009463e3f94e2aa906a6b4746eff2c83752e12fbe03a8b888		copy	run-evidence		
.specula-output/confirmation/MC-2/worktree/crates/sonic-dash-api-proto/sonic-dash-api/proto/vnet_mapping.proto	.specula-output/confirmation/MC-2/worktree/crates/sonic-dash-api-proto/sonic-dash-api/proto/vnet_mapping.proto	file	0664	1783576475535466558	1826	19c8e9f32da372cccccefddcf402053260cdf106f499fee52ce6c1cbf8c4b414		copy	run-evidence		
.specula-output/confirmation/MC-2/worktree/crates/sonic-dash-api-proto/src	.specula-output/confirmation/MC-2/worktree/crates/sonic-dash-api-proto/src	directory	0775	1783576276847816398				mkdir	run-directory		
.specula-output/confirmation/MC-2/worktree/crates/sonic-dash-api-proto/src/lib.rs	.specula-output/confirmation/MC-2/worktree/crates/sonic-dash-api-proto/src/lib.rs	file	0664	1783576276847816398	1081	0d114c68775aea25eb21fb1224fe0d8e6b4ca6ba3e30aa8da93bc68723aafee1		copy	run-evidence		
.specula-output/confirmation/MC-2/worktree/crates/sonicdb-derive	.specula-output/confirmation/MC-2/worktree/crates/sonicdb-derive	directory	0775	1783576276848816416				mkdir	run-directory		
.specula-output/confirmation/MC-2/worktree/crates/sonicdb-derive/Cargo.toml	.specula-output/confirmation/MC-2/worktree/crates/sonicdb-derive/Cargo.toml	file	0664	1783576276847816398	494	4d3a5a55449607e6295ee3aa7bb48e01385e36cd8576dcadbc0c67a0fe172cb5		copy	run-evidence		
.specula-output/confirmation/MC-2/worktree/crates/sonicdb-derive/src	.specula-output/confirmation/MC-2/worktree/crates/sonicdb-derive/src	directory	0775	1783576276847816398				mkdir	run-directory		
.specula-output/confirmation/MC-2/worktree/crates/sonicdb-derive/src/lib.rs	.specula-output/confirmation/MC-2/worktree/crates/sonicdb-derive/src/lib.rs	file	0664	1783576276847816398	4957	dee27e85348f8d6cb4170a574bcf4c34b225a39835eb1514be7877991ec6371f		copy	run-evidence		
.specula-output/confirmation/MC-2/worktree/crates/sonicdb-derive/tests	.specula-output/confirmation/MC-2/worktree/crates/sonicdb-derive/tests	directory	0775	1783576276848816416				mkdir	run-directory		
.specula-output/confirmation/MC-2/worktree/crates/sonicdb-derive/tests/basic.rs	.specula-output/confirmation/MC-2/worktree/crates/sonicdb-derive/tests/basic.rs	file	0664	1783576276848816416	671	52a3abd00d6c4d09c02a71f4139cb03e9bc7e28a662585d4c9aa8aada3b9d5d8		copy	run-evidence		
.specula-output/confirmation/MC-2/worktree/crates/swbus-actor	.specula-output/confirmation/MC-2/worktree/crates/swbus-actor	directory	0775	1783576276848816416				mkdir	run-directory		
.specula-output/confirmation/MC-2/worktree/crates/swbus-actor/Cargo.toml	.specula-output/confirmation/MC-2/worktree/crates/swbus-actor/Cargo.toml	file	0664	1783576276848816416	593	b8458594718c1fa7595aef160e807f12f27e7ac6e74278ba69392b07ff91788a		copy	run-evidence		
.specula-output/confirmation/MC-2/worktree/crates/swbus-actor/src	.specula-output/confirmation/MC-2/worktree/crates/swbus-actor/src	directory	0775	1783576276848816416				mkdir	run-directory		
.specula-output/confirmation/MC-2/worktree/crates/swbus-actor/src/actor_message.rs	.specula-output/confirmation/MC-2/worktree/crates/swbus-actor/src/actor_message.rs	file	0664	1783576276848816416	2229	cbd2ebfca0cd4f31394fd0185324f59e05860a98bda9881b4bbe644166c34bab		copy	run-evidence		
.specula-output/confirmation/MC-2/worktree/crates/swbus-actor/src/driver.rs	.specula-output/confirmation/MC-2/worktree/crates/swbus-actor/src/driver.rs	file	0664	1783576276848816416	8587	2e450baed13e6d2657bb7e0026c14eace1cebf386a246030449fea0b57f2274d		copy	run-evidence		
.specula-output/confirmation/MC-2/worktree/crates/swbus-actor/src/lib.rs	.specula-output/confirmation/MC-2/worktree/crates/swbus-actor/src/lib.rs	file	0664	1783576276848816416	1668	fda76d091927d51c44ff868e5af2c415141244d27590d53059b2cc8481a96270		copy	run-evidence		
.specula-output/confirmation/MC-2/worktree/crates/swbus-actor/src/runtime.rs	.specula-output/confirmation/MC-2/worktree/crates/swbus-actor/src/runtime.rs	file	0664	1783576276848816416	2495	5ca245698919de5f5c8729b962670044e01a63c4e6df27219d41b45fa9082000		copy	run-evidence		
.specula-output/confirmation/MC-2/worktree/crates/swbus-actor/src/state	.specula-output/confirmation/MC-2/worktree/crates/swbus-actor/src/state	directory	0775	1783576276848816416				mkdir	run-directory		
.specula-output/confirmation/MC-2/worktree/crates/swbus-actor/src/state.rs	.specula-output/confirmation/MC-2/worktree/crates/swbus-actor/src/state.rs	file	0664	1783576276848816416	2561	5f002cee0f0a7c630a2ed009eefde818735b8ece52f308b48a88ce949a54192b		copy	run-evidence		
.specula-output/confirmation/MC-2/worktree/crates/swbus-actor/src/state/incoming.rs	.specula-output/confirmation/MC-2/worktree/crates/swbus-actor/src/state/incoming.rs	file	0664	1783576276848816416	8239	58649721fc05693638596fc0eb939000e023166dad4ab9a6acbb464e20ded43c		copy	run-evidence		
.specula-output/confirmation/MC-2/worktree/crates/swbus-actor/src/state/internal.rs	.specula-output/confirmation/MC-2/worktree/crates/swbus-actor/src/state/internal.rs	file	0664	1783576276848816416	4947	df2a3d82f3e88e8bf02c94f9ed242cd0aa05910506a180bf7bf3e2caf74e4b24		copy	run-evidence		
.specula-output/confirmation/MC-2/worktree/crates/swbus-actor/src/state/outgoing.rs	.specula-output/confirmation/MC-2/worktree/crates/swbus-actor/src/state/outgoing.rs	file	0664	1783576276848816416	9087	9072a2340f004f04620459e715991ef61990f269e1fe4f770fa76e1f519bce29		copy	run-evidence		
.specula-output/confirmation/MC-2/worktree/crates/swbus-actor/tests	.specula-output/confirmation/MC-2/worktree/crates/swbus-actor/tests	directory	0775	1783576276848816416				mkdir	run-directory		
.specula-output/confirmation/MC-2/worktree/crates/swbus-actor/tests/count_to_1000.json	.specula-output/confirmation/MC-2/worktree/crates/swbus-actor/tests/count_to_1000.json	file	0664	1783576276848816416	462	a526d7f7fd63dee8e6a28441d4ccdb5051bad804c5abf6973d795f186ae9f90c		copy	run-evidence		
.specula-output/confirmation/MC-2/worktree/crates/swbus-actor/tests/count_to_1000_internal_table.json	.specula-output/confirmation/MC-2/worktree/crates/swbus-actor/tests/count_to_1000_internal_table.json	file	0664	1783576276848816416	777	3360024920871c2ccc8b41b6d66ff877c2191c30b65b1ff88761c7859ab5702f		copy	run-evidence		
.specula-output/confirmation/MC-2/worktree/crates/swbus-actor/tests/echo.json	.specula-output/confirmation/MC-2/worktree/crates/swbus-actor/tests/echo.json	file	0664	1783576276848816416	816	3932f2c4900222c50157d25ae9e2f857486542ca7a1fc35faf59906b81c70bb0		copy	run-evidence		
.specula-output/confirmation/MC-2/worktree/crates/swbus-actor/tests/echo.rs	.specula-output/confirmation/MC-2/worktree/crates/swbus-actor/tests/echo.rs	file	0664	1783576276848816416	3189	b0efe97d0aba9e36c6ecd1c07ef9cc62a1564e0ad0bcd354b8243be91e498174		copy	run-evidence		
.specula-output/confirmation/MC-2/worktree/crates/swbus-actor/tests/kvstore.rs	.specula-output/confirmation/MC-2/worktree/crates/swbus-actor/tests/kvstore.rs	file	0664	1783576276848816416	14209	222d6b28b6d6349592f9d666ebcab19d82969ecdbd8871efb0fd7a4c30a7c392		copy	run-evidence		
.specula-output/confirmation/MC-2/worktree/crates/swbus-actor/tests/test_executor.rs	.specula-output/confirmation/MC-2/worktree/crates/swbus-actor/tests/test_executor.rs	file	0664	1783576276848816416	7562	50043e5deff8832b7d1543a1efd479828590b86a3a6f01311ce7b7e0adf888ec		copy	run-evidence		
.specula-output/confirmation/MC-2/worktree/crates/swbus-cli	.specula-output/confirmation/MC-2/worktree/crates/swbus-cli	directory	0775	1783576276849816435				mkdir	run-directory		
.specula-output/confirmation/MC-2/worktree/crates/swbus-cli/Cargo.toml	.specula-output/confirmation/MC-2/worktree/crates/swbus-cli/Cargo.toml	file	0664	1783576276848816416	1071	65cdad879d4bb96ee5bb725314c9ce6e3e55cf76cf87983210a54bfd7e8cc97d		copy	run-evidence		
.specula-output/confirmation/MC-2/worktree/crates/swbus-cli/README.md	.specula-output/confirmation/MC-2/worktree/crates/swbus-cli/README.md	file	0664	1783576276849816435	38259	e107629ff39c946eb879f1767836944d45d8c268c4fbb092d0b488558f6d537c		copy	run-evidence		
.specula-output/confirmation/MC-2/worktree/crates/swbus-cli/src	.specula-output/confirmation/MC-2/worktree/crates/swbus-cli/src	directory	0775	1783576276849816435				mkdir	run-directory		
.specula-output/confirmation/MC-2/worktree/crates/swbus-cli/src/main.rs	.specula-output/confirmation/MC-2/worktree/crates/swbus-cli/src/main.rs	file	0664	1783576276849816435	9069	9d07ab9ea427e8658c53ee5eaa4f6099d2eaf8ff22d2074da8dac0dd591f9e94		copy	run-evidence		
.specula-output/confirmation/MC-2/worktree/crates/swbus-cli/src/ping.rs	.specula-output/confirmation/MC-2/worktree/crates/swbus-cli/src/ping.rs	file	0664	1783576276849816435	3482	302b9f0b87b6637a1f3f04b9564db8bdcdb38f7c393d2487cb49ce4501ecf39f		copy	run-evidence		
.specula-output/confirmation/MC-2/worktree/crates/swbus-cli/src/show	.specula-output/confirmation/MC-2/worktree/crates/swbus-cli/src/show	directory	0775	1783576276849816435				mkdir	run-directory		
.specula-output/confirmation/MC-2/worktree/crates/swbus-cli/src/show/hamgrd	.specula-output/confirmation/MC-2/worktree/crates/swbus-cli/src/show/hamgrd	directory	0775	1783576276849816435				mkdir	run-directory		
.specula-output/confirmation/MC-2/worktree/crates/swbus-cli/src/show/hamgrd/actor.rs	.specula-output/confirmation/MC-2/worktree/crates/swbus-cli/src/show/hamgrd/actor.rs	file	0664	1783576276849816435	12765	47bab784e11ec8e3ee6702bd30ae517196da980168dd6745a610a1d0b3d35b03		copy	run-evidence		
.specula-output/confirmation/MC-2/worktree/crates/swbus-cli/src/show/hamgrd/mod.rs	.specula-output/confirmation/MC-2/worktree/crates/swbus-cli/src/show/hamgrd/mod.rs	file	0664	1783576276849816435	742	c6a56e88d069056b1c90cbdc05a6157dc192c99abcb24f0468b5f71513c2e937		copy	run-evidence		
.specula-output/confirmation/MC-2/worktree/crates/swbus-cli/src/show/mod.rs	.specula-output/confirmation/MC-2/worktree/crates/swbus-cli/src/show/mod.rs	file	0664	1783576276849816435	2339	4d797f0f441551b13c7551691376bf4401e0af84c573d3c1f04e684312d43993		copy	run-evidence		
.specula-output/confirmation/MC-2/worktree/crates/swbus-cli/src/show/swbusd	.specula-output/confirmation/MC-2/worktree/crates/swbus-cli/src/show/swbusd	directory	0775	1783576276849816435				mkdir	run-directory		
.specula-output/confirmation/MC-2/worktree/crates/swbus-cli/src/show/swbusd/mod.rs	.specula-output/confirmation/MC-2/worktree/crates/swbus-cli/src/show/swbusd/mod.rs	file	0664	1783576276849816435	743	61e790a87bcee322326c7d5bfc851b9af3328948d282958532921e2330826a4e		copy	run-evidence		
.specula-output/confirmation/MC-2/worktree/crates/swbus-cli/src/show/swbusd/route.rs	.specula-output/confirmation/MC-2/worktree/crates/swbus-cli/src/show/swbusd/route.rs	file	0664	1783576276849816435	2332	449e8c04a13912bdd698fd85fe3e5b69f5effc45720b64f60a3781a72a9de561		copy	run-evidence		
.specula-output/confirmation/MC-2/worktree/crates/swbus-cli/src/trace_route.rs	.specula-output/confirmation/MC-2/worktree/crates/swbus-cli/src/trace_route.rs	file	0664	1783576276849816435	3667	e77d34f013f78ffb80acc8c1d55c1869100580a284fcf3f0775817c1f2ad665b		copy	run-evidence		
.specula-output/confirmation/MC-2/worktree/crates/swbus-config	.specula-output/confirmation/MC-2/worktree/crates/swbus-config	directory	0775	1783576276849816435				mkdir	run-directory		
.specula-output/confirmation/MC-2/worktree/crates/swbus-config/Cargo.toml	.specula-output/confirmation/MC-2/worktree/crates/swbus-config/Cargo.toml	file	0664	1783576276849816435	559	79bc8140e9eb0d7f02e8bdece38cffe8281b75bf50dce639777b047622da7fc3		copy	run-evidence		
.specula-output/confirmation/MC-2/worktree/crates/swbus-config/src	.specula-output/confirmation/MC-2/worktree/crates/swbus-config/src	directory	0775	1783576276849816435				mkdir	run-directory		
.specula-output/confirmation/MC-2/worktree/crates/swbus-config/src/lib.rs	.specula-output/confirmation/MC-2/worktree/crates/swbus-config/src/lib.rs	file	0664	1783576276849816435	18793	ffcadaeb1bd7d0ed3392c7eb60ac3534f6830a2da95054c6748b9636cffc3ca0		copy	run-evidence		
.specula-output/confirmation/MC-2/worktree/crates/swbus-core	.specula-output/confirmation/MC-2/worktree/crates/swbus-core	directory	0775	1783576276850816453				mkdir	run-directory		
.specula-output/confirmation/MC-2/worktree/crates/swbus-core/Cargo.toml	.specula-output/confirmation/MC-2/worktree/crates/swbus-core/Cargo.toml	file	0664	1783576276850816453	1330	c79318a8db3b49666b6d556318936e57d7c839fbe7df192f02b7a5dc350fa039		copy	run-evidence		
.specula-output/confirmation/MC-2/worktree/crates/swbus-core/README.md	.specula-output/confirmation/MC-2/worktree/crates/swbus-core/README.md	file	0664	1783576276850816453	1416	7b6e4f07bf7073b3731ba25b30d7f13c27e0977d666b95c579669bd16d5a3042		copy	run-evidence		
.specula-output/confirmation/MC-2/worktree/crates/swbus-core/src	.specula-output/confirmation/MC-2/worktree/crates/swbus-core/src	directory	0775	1783576276850816453				mkdir	run-directory		
.specula-output/confirmation/MC-2/worktree/crates/swbus-core/src/lib.rs	.specula-output/confirmation/MC-2/worktree/crates/swbus-core/src/lib.rs	file	0664	1783576276850816453	13	f2c4a3f2982159d12c01660774a358d089842e360f791542e27b0a63f40fe44e		copy	run-evidence		
.specula-output/confirmation/MC-2/worktree/crates/swbus-core/src/mux	.specula-output/confirmation/MC-2/worktree/crates/swbus-core/src/mux	directory	0775	1783576276850816453				mkdir	run-directory		
.specula-output/confirmation/MC-2/worktree/crates/swbus-core/src/mux/conn.rs	.specula-output/confirmation/MC-2/worktree/crates/swbus-core/src/mux/conn.rs	file	0664	1783576276850816453	9440	f6752c32a029b6ee3d0c12249185a5024fd75ceb01b03afe883bd7ed1cee94ca		copy	run-evidence		
.specula-output/confirmation/MC-2/worktree/crates/swbus-core/src/mux/conn_info.rs	.specula-output/confirmation/MC-2/worktree/crates/swbus-core/src/mux/conn_info.rs	file	0664	1783576276850816453	3011	9b85b1e1c6f83c8a42380a9b155fa5a65df70c494d4a0de40b1d5d63fdbdbcfb		copy	run-evidence		
.specula-output/confirmation/MC-2/worktree/crates/swbus-core/src/mux/conn_proxy.rs	.specula-output/confirmation/MC-2/worktree/crates/swbus-core/src/mux/conn_proxy.rs	file	0664	1783576276850816453	2046	de7d3fb1c2df94f54e7270123e579094b8e12b8edb2b53a1a687bd3269ffa448		copy	run-evidence		
.specula-output/confirmation/MC-2/worktree/crates/swbus-core/src/mux/conn_store.rs	.specula-output/confirmation/MC-2/worktree/crates/swbus-core/src/mux/conn_store.rs	file	0664	1783576276850816453	6605	41d21e16d938f2d48b8493cc3df468583cfdfb097c172fceef5864d04203e817		copy	run-evidence		
.specula-output/confirmation/MC-2/worktree/crates/swbus-core/src/mux/conn_worker.rs	.specula-output/confirmation/MC-2/worktree/crates/swbus-core/src/mux/conn_worker.rs	file	0664	1783576276850816453	15099	3b158bb968c38d16f5a57be40607fa9b09c8cd57aac8d96002785a6c08be15e4		copy	run-evidence		
.specula-output/confirmation/MC-2/worktree/crates/swbus-core/src/mux/message_handler.rs	.specula-output/confirmation/MC-2/worktree/crates/swbus-core/src/mux/message_handler.rs	file	0664	1783576276850816453	158	f930df5f26de8d7cd9345640421dfd9e03c43edc27c0d3a3f57df4f9ace00abc		copy	run-evidence		
.specula-output/confirmation/MC-2/worktree/crates/swbus-core/src/mux/mod.rs	.specula-output/confirmation/MC-2/worktree/crates/swbus-core/src/mux/mod.rs	file	0664	1783576276850816453	346	bb79fa8dc0dccb7f34c2f0590cc2c293b7807a71ee917c99b415c024d6e67283		copy	run-evidence		
.specula-output/confirmation/MC-2/worktree/crates/swbus-core/src/mux/multiplexer.rs	.specula-output/confirmation/MC-2/worktree/crates/swbus-core/src/mux/multiplexer.rs	file	0664	1783576276850816453	67052	28a50fe1740d4c3f29bcc998f10c95282f00d232845dc19b9a48726207342b76		copy	run-evidence		
.specula-output/confirmation/MC-2/worktree/crates/swbus-core/src/mux/nexthop.rs	.specula-output/confirmation/MC-2/worktree/crates/swbus-core/src/mux/nexthop.rs	file	0664	1783576276850816453	12982	bcbcedb9b9789ecacc1bfd288d23b6c92dda0d75b67053dac94917a335e503dd		copy	run-evidence		
.specula-output/confirmation/MC-2/worktree/crates/swbus-core/src/mux/route_annoucer.rs	.specula-output/confirmation/MC-2/worktree/crates/swbus-core/src/mux/route_annoucer.rs	file	0664	1783576276850816453	8957	d78c3f66cae469d8c2447ef379cdcb3c4e762aba27ebb47194bfcc4803260e3d		copy	run-evidence		
.specula-output/confirmation/MC-2/worktree/crates/swbus-core/src/mux/service.rs	.specula-output/confirmation/MC-2/worktree/crates/swbus-core/src/mux/service.rs	file	0664	1783576276850816453	6880	bff225afcbbf76309e00b3e7802f951d538dd14c73332ef1831f9edd75b88923		copy	run-evidence		
.specula-output/confirmation/MC-2/worktree/crates/swbus-core/tests	.specula-output/confirmation/MC-2/worktree/crates/swbus-core/tests	directory	0775	1783576276851816472				mkdir	run-directory		
.specula-output/confirmation/MC-2/worktree/crates/swbus-core/tests/README.md	.specula-output/confirmation/MC-2/worktree/crates/swbus-core/tests/README.md	file	0664	1783576276850816453	4503	e2741cb85a00b0bc3d26d64aa03266506a734ac0c05f9e9ce047e2c04d4f0203		copy	run-evidence		
.specula-output/confirmation/MC-2/worktree/crates/swbus-core/tests/basic_tests.rs	.specula-output/confirmation/MC-2/worktree/crates/swbus-core/tests/basic_tests.rs	file	0664	1783576276851816472	1282	7ae57d1b5ee64a505e5fb02426585f4569dfc5b609583462372c83eb993a3199		copy	run-evidence		
.specula-output/confirmation/MC-2/worktree/crates/swbus-core/tests/common	.specula-output/confirmation/MC-2/worktree/crates/swbus-core/tests/common	directory	0775	1783576276851816472				mkdir	run-directory		
.specula-output/confirmation/MC-2/worktree/crates/swbus-core/tests/common/mod.rs	.specula-output/confirmation/MC-2/worktree/crates/swbus-core/tests/common/mod.rs	file	0664	1783576276851816472	23	4bffae5c73b3fb27a869ffb553a542afe718b36f6ca9c879789a7d562ef2aa38		copy	run-evidence		
.specula-output/confirmation/MC-2/worktree/crates/swbus-core/tests/common/test_executor.rs	.specula-output/confirmation/MC-2/worktree/crates/swbus-core/tests/common/test_executor.rs	file	0664	1783576276851816472	9518	f5d2563cc8f5bc5b906d9d550ad88b43545279fe31de0eb0c62dc651d19f020d		copy	run-evidence		
.specula-output/confirmation/MC-2/worktree/crates/swbus-core/tests/data	.specula-output/confirmation/MC-2/worktree/crates/swbus-core/tests/data	directory	0775	1783576276851816472				mkdir	run-directory		
.specula-output/confirmation/MC-2/worktree/crates/swbus-core/tests/data/b2b	.specula-output/confirmation/MC-2/worktree/crates/swbus-core/tests/data/b2b	directory	0775	1783576276851816472				mkdir	run-directory		
.specula-output/confirmation/MC-2/worktree/crates/swbus-core/tests/data/b2b/test_ping.json	.specula-output/confirmation/MC-2/worktree/crates/swbus-core/tests/data/b2b/test_ping.json	file	0664	1783576276851816472	3861	121c48e72ddada29549444f3f369b880c786a3b8bcc3be90829993c839e20334		copy	run-evidence		
.specula-output/confirmation/MC-2/worktree/crates/swbus-core/tests/data/b2b/test_show_route.json	.specula-output/confirmation/MC-2/worktree/crates/swbus-core/tests/data/b2b/test_show_route.json	file	0664	1783576276851816472	2406	4d770ea007370b04d62c7e9abad7547cef35af72de4973e8ceffbfe7d2efb48c		copy	run-evidence		
.specula-output/confirmation/MC-2/worktree/crates/swbus-core/tests/data/b2b/test_trace_route.json	.specula-output/confirmation/MC-2/worktree/crates/swbus-core/tests/data/b2b/test_trace_route.json	file	0664	1783576276851816472	3825	d66b6a38c8d290e3220a3a59b8928fa460126b411607c6a6367f4b37406b132a		copy	run-evidence		
.specula-output/confirmation/MC-2/worktree/crates/swbus-core/tests/data/b2b/topo.json	.specula-output/confirmation/MC-2/worktree/crates/swbus-core/tests/data/b2b/topo.json	file	0664	1783576276851816472	1129	7f245989e5059b18fabf7b5a16c7d775bf74792684f6550799515fd7d5a36dee		copy	run-evidence		
.specula-output/confirmation/MC-2/worktree/crates/swbus-core/tests/data/inter-cluster	.specula-output/confirmation/MC-2/worktree/crates/swbus-core/tests/data/inter-cluster	directory	0775	1783576276851816472				mkdir	run-directory		
.specula-output/confirmation/MC-2/worktree/crates/swbus-core/tests/data/inter-cluster/test_ping.json	.specula-output/confirmation/MC-2/worktree/crates/swbus-core/tests/data/inter-cluster/test_ping.json	file	0664	1783576276851816472	1240	384b680d1ab080bf5676feb07454d59fe9c231f6b999d94e817de1a8b8fcaa30		copy	run-evidence		
.specula-output/confirmation/MC-2/worktree/crates/swbus-core/tests/data/inter-cluster/test_show_route.json	.specula-output/confirmation/MC-2/worktree/crates/swbus-core/tests/data/inter-cluster/test_show_route.json	file	0664	1783576276851816472	3159	d720404da221821256a32fbfd0c1e7fe7c80d5ddb11a01f1d10eac2e94789c30		copy	run-evidence		
.specula-output/confirmation/MC-2/worktree/crates/swbus-core/tests/data/inter-cluster/topo.json	.specula-output/confirmation/MC-2/worktree/crates/swbus-core/tests/data/inter-cluster/topo.json	file	0664	1783576276851816472	2628	10ccb3a884b12e8cb8cc38a5800e6109f4d0c5adefd6c106a3982942c4117fe4		copy	run-evidence		
.specula-output/confirmation/MC-2/worktree/crates/swbus-core/tests/inter_cluster_tests.rs	.specula-output/confirmation/MC-2/worktree/crates/swbus-core/tests/inter_cluster_tests.rs	file	0664	1783576276851816472	972	c475273e93281d918b0e00f56b58b8a7b710a48bdffe43e2aa217043f5a6accc		copy	run-evidence		
.specula-output/confirmation/MC-2/worktree/crates/swbus-edge	.specula-output/confirmation/MC-2/worktree/crates/swbus-edge	directory	0775	1783576276851816472				mkdir	run-directory		
.specula-output/confirmation/MC-2/worktree/crates/swbus-edge/Cargo.toml	.specula-output/confirmation/MC-2/worktree/crates/swbus-edge/Cargo.toml	file	0664	1783576276851816472	752	6eabac2ce4f046ba26b173216304859075b31429651a1d9acaea0ed63e2ce59f		copy	run-evidence		
.specula-output/confirmation/MC-2/worktree/crates/swbus-edge/src	.specula-output/confirmation/MC-2/worktree/crates/swbus-edge/src	directory	0775	1783576276852816490				mkdir	run-directory		
.specula-output/confirmation/MC-2/worktree/crates/swbus-edge/src/core_client.rs	.specula-output/confirmation/MC-2/worktree/crates/swbus-edge/src/core_client.rs	file	0664	1783576276851816472	7284	4c51402847f363a0e62ccc7c2861d95546c89f07a7e396751b2dee6de3f7f4a4		copy	run-evidence		
.specula-output/confirmation/MC-2/worktree/crates/swbus-edge/src/edge_runtime.rs	.specula-output/confirmation/MC-2/worktree/crates/swbus-edge/src/edge_runtime.rs	file	0664	1783576276852816490	10890	7d5d3a0ba3fdd67421da20c188922d30f01943b30a86215f17d0872251244913		copy	run-evidence		
.specula-output/confirmation/MC-2/worktree/crates/swbus-edge/src/lib.rs	.specula-output/confirmation/MC-2/worktree/crates/swbus-edge/src/lib.rs	file	0664	1783576276852816490	576	faa5c95b88dd1e34c954c7b8f1c0b07bca26b7a3d3bde04cfe632e4751790235		copy	run-evidence		
.specula-output/confirmation/MC-2/worktree/crates/swbus-edge/src/message_handler_proxy.rs	.specula-output/confirmation/MC-2/worktree/crates/swbus-edge/src/message_handler_proxy.rs	file	0664	1783576276852816490	749	cfc59cbcbc8d0d7c834282aa40a9f0831cdf01ff2af7c5cf48ad59e29fb390f3		copy	run-evidence		
.specula-output/confirmation/MC-2/worktree/crates/swbus-edge/src/message_router	.specula-output/confirmation/MC-2/worktree/crates/swbus-edge/src/message_router	directory	0775	1783576276852816490				mkdir	run-directory		
.specula-output/confirmation/MC-2/worktree/crates/swbus-edge/src/message_router.rs	.specula-output/confirmation/MC-2/worktree/crates/swbus-edge/src/message_router.rs	file	0664	1783576276852816490	4376	75ccbe703a6d3a085d1d201d25ed68166cbfffe81253171fc5238ca35dfa3678		copy	run-evidence		
.specula-output/confirmation/MC-2/worktree/crates/swbus-edge/src/message_router/route_map.rs	.specula-output/confirmation/MC-2/worktree/crates/swbus-edge/src/message_router/route_map.rs	file	0664	1783576276852816490	1159	3fa445253853cba9c638369165ade9035f4a2c5d468c2cf349e7acd46b9722fc		copy	run-evidence		
.specula-output/confirmation/MC-2/worktree/crates/swbus-edge/src/simple_client.rs	.specula-output/confirmation/MC-2/worktree/crates/swbus-edge/src/simple_client.rs	file	0664	1783576276852816490	8859	7cb77df0b2ab1f2769bcffc19c837c968e7441843dd1108ec9bbc005cc45b4ec		copy	run-evidence		
.specula-output/confirmation/MC-2/worktree/crates/swbus-proto	.specula-output/confirmation/MC-2/worktree/crates/swbus-proto	directory	0775	1783576276852816490				mkdir	run-directory		
.specula-output/confirmation/MC-2/worktree/crates/swbus-proto/Cargo.toml	.specula-output/confirmation/MC-2/worktree/crates/swbus-proto/Cargo.toml	file	0664	1783576276852816490	558	53075c8a8953b79a5af426c44e916d9173cf353783d330db43f605f2d7464c60		copy	run-evidence		
.specula-output/confirmation/MC-2/worktree/crates/swbus-proto/build.rs	.specula-output/confirmation/MC-2/worktree/crates/swbus-proto/build.rs	file	0664	1783576276852816490	2026	475cdc9bca2eccbcbb42c7d6a07d2722669cef7228295088c8274cd681dd4484		copy	run-evidence		
.specula-output/confirmation/MC-2/worktree/crates/swbus-proto/proto	.specula-output/confirmation/MC-2/worktree/crates/swbus-proto/proto	directory	0775	1783576276852816490				mkdir	run-directory		
.specula-output/confirmation/MC-2/worktree/crates/swbus-proto/proto/swbus.proto	.specula-output/confirmation/MC-2/worktree/crates/swbus-proto/proto/swbus.proto	file	0664	1783576276852816490	6294	aac645c86603c5df39e5077aa1f869c542a0ca1421d44d8e1fca8f6ff3e636ea		copy	run-evidence		
.specula-output/confirmation/MC-2/worktree/crates/swbus-proto/src	.specula-output/confirmation/MC-2/worktree/crates/swbus-proto/src	directory	0775	1783576276852816490				mkdir	run-directory		
.specula-output/confirmation/MC-2/worktree/crates/swbus-proto/src/lib.rs	.specula-output/confirmation/MC-2/worktree/crates/swbus-proto/src/lib.rs	file	0664	1783576276852816490	61	d17df02f80826a817591af5b5010b0f6ac4898f5699eacd91ad7b47196752c22		copy	run-evidence		
.specula-output/confirmation/MC-2/worktree/crates/swbus-proto/src/message_id_generator.rs	.specula-output/confirmation/MC-2/worktree/crates/swbus-proto/src/message_id_generator.rs	file	0664	1783576276852816490	843	e719f9dd9bed5b86769144312a3c1e3a9af6c8767092dc9486d67bb3abb8fc11		copy	run-evidence		
.specula-output/confirmation/MC-2/worktree/crates/swbus-proto/src/result.rs	.specula-output/confirmation/MC-2/worktree/crates/swbus-proto/src/result.rs	file	0664	1783576276852816490	2424	a96858c007b047d749ea20494a2e1231eff29c547de8b7ebb0040ad8c5dd4676		copy	run-evidence		
.specula-output/confirmation/MC-2/worktree/crates/swbus-proto/src/swbus.rs	.specula-output/confirmation/MC-2/worktree/crates/swbus-proto/src/swbus.rs	file	0664	1783576276852816490	23852	20d8e932178d8c48aede8b3d87b633155c3ca9565b0f185aed190970c0a6ee42		copy	run-evidence		
.specula-output/confirmation/MC-2/worktree/crates/swbusd	.specula-output/confirmation/MC-2/worktree/crates/swbusd	directory	0775	1783576276853816508				mkdir	run-directory		
.specula-output/confirmation/MC-2/worktree/crates/swbusd/Cargo.toml	.specula-output/confirmation/MC-2/worktree/crates/swbusd/Cargo.toml	file	0664	1783576276852816490	717	54924fd7838c8233ff4bb1a2c69ab2d64c508e01b855299dcd305d24f38c5bf1		copy	run-evidence		
.specula-output/confirmation/MC-2/worktree/crates/swbusd/sample	.specula-output/confirmation/MC-2/worktree/crates/swbusd/sample	directory	0775	1783576276853816508				mkdir	run-directory		
.specula-output/confirmation/MC-2/worktree/crates/swbusd/sample/inter-cluster	.specula-output/confirmation/MC-2/worktree/crates/swbusd/sample/inter-cluster	directory	0775	1783576276852816490				mkdir	run-directory		
.specula-output/confirmation/MC-2/worktree/crates/swbusd/sample/inter-cluster/swbusd_cluster-a.10.0.0.1.cfg	.specula-output/confirmation/MC-2/worktree/crates/swbusd/sample/inter-cluster/swbusd_cluster-a.10.0.0.1.cfg	file	0664	1783576276852816490	470	0f011fc137e242399d46c0b5f2c340f26d6f32f92a44316a10e4e1c7e388e9a1		copy	run-evidence		
.specula-output/confirmation/MC-2/worktree/crates/swbusd/sample/inter-cluster/swbusd_cluster-a.10.0.0.2.cfg	.specula-output/confirmation/MC-2/worktree/crates/swbusd/sample/inter-cluster/swbusd_cluster-a.10.0.0.2.cfg	file	0664	1783576276852816490	274	196dd09c012bef6ace2d36fb3911625f4cdaf808059fb519418e398080c76999		copy	run-evidence		
.specula-output/confirmation/MC-2/worktree/crates/swbusd/sample/inter-cluster/swbusd_cluster-b.11.0.0.1.cfg	.specula-output/confirmation/MC-2/worktree/crates/swbusd/sample/inter-cluster/swbusd_cluster-b.11.0.0.1.cfg	file	0664	1783576276852816490	343	eb4623b5c1f3c39b3e402fdb41ca86aef420b5a8a3650613f2a9823b04ac55bf		copy	run-evidence		
.specula-output/confirmation/MC-2/worktree/crates/swbusd/sample/swbusd1.cfg	.specula-output/confirmation/MC-2/worktree/crates/swbusd/sample/swbusd1.cfg	file	0664	1783576276852816490	344	5048fdda47d8a6f85ecf7552fa66ebbb4d3ed5b785f836a720b7eeb51bd22b19		copy	run-evidence		
.specula-output/confirmation/MC-2/worktree/crates/swbusd/sample/swbusd2.cfg	.specula-output/confirmation/MC-2/worktree/crates/swbusd/sample/swbusd2.cfg	file	0664	1783576276853816508	274	196dd09c012bef6ace2d36fb3911625f4cdaf808059fb519418e398080c76999		copy	run-evidence		
.specula-output/confirmation/MC-2/worktree/crates/swbusd/src	.specula-output/confirmation/MC-2/worktree/crates/swbusd/src	directory	0775	1783576276853816508				mkdir	run-directory		
.specula-output/confirmation/MC-2/worktree/crates/swbusd/src/main.rs	.specula-output/confirmation/MC-2/worktree/crates/swbusd/src/main.rs	file	0664	1783576276853816508	1262	967c40e9b6ba91ab7884f883516746bf5b6bcd94aa38cec68485a427e32b9fd4		copy	run-evidence		
.specula-output/confirmation/MC-2/worktree/crates/swss-common-bridge	.specula-output/confirmation/MC-2/worktree/crates/swss-common-bridge	directory	0775	1783576276853816508				mkdir	run-directory		
.specula-output/confirmation/MC-2/worktree/crates/swss-common-bridge/Cargo.toml	.specula-output/confirmation/MC-2/worktree/crates/swss-common-bridge/Cargo.toml	file	0664	1783576276853816508	755	90d0fd07f27224840f9e8aa43ae6d16be1e433fdcd9bffed3e9d7d5c27f0caac		copy	run-evidence		
.specula-output/confirmation/MC-2/worktree/crates/swss-common-bridge/src	.specula-output/confirmation/MC-2/worktree/crates/swss-common-bridge/src	directory	0775	1783576276853816508				mkdir	run-directory		
.specula-output/confirmation/MC-2/worktree/crates/swss-common-bridge/src/consumer.rs	.specula-output/confirmation/MC-2/worktree/crates/swss-common-bridge/src/consumer.rs	file	0664	1783576276853816508	15722	d29510353c47d63cc4732f9075e55428f5605a35cb40c84728bfe585e3b6ae81		copy	run-evidence		
.specula-output/confirmation/MC-2/worktree/crates/swss-common-bridge/src/lib.rs	.specula-output/confirmation/MC-2/worktree/crates/swss-common-bridge/src/lib.rs	file	0664	1783576276853816508	2341	d50bada2027ab4bdfe19da142733e301550d8a13a43b728baf38f1dc0a95f619		copy	run-evidence		
.specula-output/confirmation/MC-2/worktree/crates/swss-common-bridge/src/producer.rs	.specula-output/confirmation/MC-2/worktree/crates/swss-common-bridge/src/producer.rs	file	0664	1783576276853816508	16096	e6204c6c8b791275c57cb4d4818b4c1c2be3cc0bf6e317bd95743aa20527d18a		copy	run-evidence		
.specula-output/confirmation/MC-2/worktree/crates/swss-serde	.specula-output/confirmation/MC-2/worktree/crates/swss-serde	directory	0775	1783576276853816508				mkdir	run-directory		
.specula-output/confirmation/MC-2/worktree/crates/swss-serde/Cargo.toml	.specula-output/confirmation/MC-2/worktree/crates/swss-serde/Cargo.toml	file	0664	1783576276853816508	409	996d81b6c4c147fde077b633256c11bd82fa1e005462fc46dca009ae66a3bead		copy	run-evidence		
.specula-output/confirmation/MC-2/worktree/crates/swss-serde/src	.specula-output/confirmation/MC-2/worktree/crates/swss-serde/src	directory	0775	1783576276854816527				mkdir	run-directory		
.specula-output/confirmation/MC-2/worktree/crates/swss-serde/src/error.rs	.specula-output/confirmation/MC-2/worktree/crates/swss-serde/src/error.rs	file	0664	1783576276853816508	595	cde10988fad503119f0fcfff46c95c6b2173005227d97f6e412499269c64e017		copy	run-evidence		
.specula-output/confirmation/MC-2/worktree/crates/swss-serde/src/field_value.rs	.specula-output/confirmation/MC-2/worktree/crates/swss-serde/src/field_value.rs	file	0664	1783576276853816508	10246	8a9087750327abf38082b37f096912427bfb3306dbe93c986947c8325d1565b9		copy	run-evidence		
.specula-output/confirmation/MC-2/worktree/crates/swss-serde/src/field_values.rs	.specula-output/confirmation/MC-2/worktree/crates/swss-serde/src/field_values.rs	file	0664	1783576276853816508	5341	4bdecb30295f4d23fdb2425d040c4cc4dcfff22331112d8ad441ce91ed524ef8		copy	run-evidence		
.specula-output/confirmation/MC-2/worktree/crates/swss-serde/src/lib.rs	.specula-output/confirmation/MC-2/worktree/crates/swss-serde/src/lib.rs	file	0664	1783576276853816508	1359	5ed868b6f5d73e9e01ccfef09f376878eaf337279e11c19ddbaea191839bb578		copy	run-evidence		
.specula-output/confirmation/MC-2/worktree/crates/swss-serde/src/table.rs	.specula-output/confirmation/MC-2/worktree/crates/swss-serde/src/table.rs	file	0664	1783576276854816527	3496	8761b69bf3fc7ab4f824400e828437f3e05c64707ab27772c0ebdc94d3e5fb92		copy	run-evidence		
.specula-output/confirmation/MC-2/worktree/crates/swss-serde/src/test.rs	.specula-output/confirmation/MC-2/worktree/crates/swss-serde/src/test.rs	file	0664	1783576276854816527	5878	ba5857b01fa8dcc87b8107f3f475c996b370fd65efe9c8c944d6123de14559fa		copy	run-evidence		
.specula-output/confirmation/MC-2/worktree/debian	.specula-output/confirmation/MC-2/worktree/debian	directory	0775	1783576276854816527				mkdir	run-directory		
.specula-output/confirmation/MC-2/worktree/debian/.gitignore	.record/source-control/.specula-output/confirmation/MC-2/worktree/debian/gitignore.source	file	0664	1783576276854816527	66	5ba161d24cf3cf6ca666052cd4a803bc4c5b4513f2f2d8ce173dd44ac27b332c		copy	run-evidence		
.specula-output/confirmation/MC-2/worktree/debian/changelog	.specula-output/confirmation/MC-2/worktree/debian/changelog	file	0664	1783576276854816527	133	b0e4c77158baf68f5f4e44a9e9cf8cc2cb87fb1e5d972d5c8ece7ec12bcf9ebf		copy	run-evidence		
.specula-output/confirmation/MC-2/worktree/debian/compat	.specula-output/confirmation/MC-2/worktree/debian/compat	file	0664	1783576276854816527	2	4fc82b26aecb47d2868c4efbe3581732a3e7cbcc6c2efb32062c08170a05eeb8		copy	run-evidence		
.specula-output/confirmation/MC-2/worktree/debian/control	.specula-output/confirmation/MC-2/worktree/debian/control	file	0664	1783576276854816527	402	dc830719b6f4481a9ceb047afe697fd9646c1bc4004c3044954d142af14c3300		copy	run-evidence		
.specula-output/confirmation/MC-2/worktree/debian/install	.specula-output/confirmation/MC-2/worktree/debian/install	file	0664	1783576276854816527	130	191b4426c4b291ad2a887f4ca2ff8f117b3e011c79935548c46427b23a5b0f8f		copy	run-evidence		
.specula-output/confirmation/MC-2/worktree/debian/rules	.specula-output/confirmation/MC-2/worktree/debian/rules	file	0775	1783576276854816527	345	7cde28e0b934350b9de186d64baad0f0b9eed95dd6992125c8e29d0175d735bc		copy	run-evidence		
.specula-output/confirmation/MC-2/worktree/rustfmt.toml	.specula-output/confirmation/MC-2/worktree/rustfmt.toml	file	0664	1783576276854816527	443	b978c41d933c21053898dcf392291fd90addd3558f99149227132b85a17be027		copy	run-evidence		
.specula-output/confirmation/MC-2/worktree/scripts	.specula-output/confirmation/MC-2/worktree/scripts	directory	0775	1783576276854816527				mkdir	run-directory		
.specula-output/confirmation/MC-2/worktree/scripts/wait_for_loopback.py	.specula-output/confirmation/MC-2/worktree/scripts/wait_for_loopback.py	file	0664	1783576276854816527	3525	5f8d0244c51cb5dcce41f42706430bbe3f918f054c3242a8b4736cd78e6caf9d		copy	run-evidence		
.specula-output/confirmation/MC-2/worktree/target		directory	0755	1783576454609082149				exclude	non-evidence	build-or-generated-cache	
.specula-output/confirmation/MC-2/worktree/test_utils	.specula-output/confirmation/MC-2/worktree/test_utils	directory	0775	1783576276854816527				mkdir	run-directory		
.specula-output/confirmation/MC-2/worktree/test_utils/README.md	.specula-output/confirmation/MC-2/worktree/test_utils/README.md	file	0664	1783576276854816527	488	94110682d023d1d8e19ad8c9252057b8254259c7b9764fc5e66fc513d93cfac8		copy	run-evidence		
.specula-output/confirmation/MC-2/worktree/test_utils/hamgrd	.specula-output/confirmation/MC-2/worktree/test_utils/hamgrd	directory	0775	1783576276854816527				mkdir	run-directory		
.specula-output/confirmation/MC-2/worktree/test_utils/hamgrd/database_config.json	.specula-output/confirmation/MC-2/worktree/test_utils/hamgrd/database_config.json	file	0664	1783576276854816527	968	1de32db1a468dc0ef74752b4b693dcc1b53113f4dc591ba2946e1cc25dbc931d		copy	run-evidence		
.specula-output/confirmation/MC-2/worktree/test_utils/hamgrd/database_global.json	.specula-output/confirmation/MC-2/worktree/test_utils/hamgrd/database_global.json	file	0664	1783576276854816527	245	33c792f9b464a3934fb39e6d1a1ef16f0df3bdc103dfd5851dfcdc7da7e8a082		copy	run-evidence		
.specula-output/confirmation/MC-2/worktree/test_utils/hamgrd/redis_data_planned_up_then_down.cmd	.specula-output/confirmation/MC-2/worktree/test_utils/hamgrd/redis_data_planned_up_then_down.cmd	file	0664	1783576276854816527	1090	24e710b2196e98324a34e4152d70eebeb633dcd0f0ba0000c812cf1f12a8af85		copy	run-evidence		
.specula-output/confirmation/MC-2/worktree/test_utils/hamgrd/redis_data_set.cmd	.specula-output/confirmation/MC-2/worktree/test_utils/hamgrd/redis_data_set.cmd	file	0664	1783576276854816527	3476	608c1fa7508acf661de34ffd3249560029fb8788dcbd732ea83b36db964afefd		copy	run-evidence		
.specula-output/confirmation/MC-2/worktree/test_utils/hamgrd/redis_data_set_full.cmd	.specula-output/confirmation/MC-2/worktree/test_utils/hamgrd/redis_data_set_full.cmd	file	0664	1783576276854816527	5031	5ac73f5017d2955a45767e803b3a2e6d206bd433118109bd55b26f7254ccb6c6		copy	run-evidence		
.specula-output/confirmation/MC-2/worktree/test_utils/run_redis.sh	.specula-output/confirmation/MC-2/worktree/test_utils/run_redis.sh	file	0775	1783576276854816527	490	a17fe5c24818986e4b2f525924890927c5a4a7ccf2df29c025ab050d54289f7e		copy	run-evidence		
.specula-output/confirmation/MC-3	.specula-output/confirmation/MC-3	directory	0775	1783577675048553610				mkdir	run-directory		
.specula-output/confirmation/MC-3/debate.md	.specula-output/confirmation/MC-3/debate.md	file	0664	1783577675041553481	1256606	6dce9cfb07865bf68a3b4d1827f5033270483551b05890e160d144beca678ebb		copy	run-evidence		
.specula-output/confirmation/MC-3/turn01_A.log	.specula-output/confirmation/MC-3/turn01_A.log	file	0664	1783577563977513848	605305	f019235138669ce7023737066c02b01c5973cbdd99fd4aa28cd230b70d7eb0e5		copy	run-evidence		
.specula-output/confirmation/MC-3/turn01_A.prompt.md	.specula-output/confirmation/MC-3/turn01_A.prompt.md	file	0664	1783576992843005406	10682	95915458b501cc7b3f434be532ac984c3bad5fecbc1bc2f76f42c8a87d1099f2		copy	run-evidence		
.specula-output/confirmation/MC-3/turn01_A.usage.json	.specula-output/confirmation/MC-3/turn01_A.usage.json	file	0664	1783577564476523003	245	2b21bb8c24d13c14f2704c7a362bcbe54055eaea96688c65e0b209e2363d952f		copy	run-evidence		
.specula-output/confirmation/MC-3/turn02_B.log	.specula-output/confirmation/MC-3/turn02_B.log	file	0664	1783577674538544229	651357	ec684179e6daeff7cdee7ca7f8c111f1d54026f5ffe556a8a2d311954844a4ef		copy	run-evidence		
.specula-output/confirmation/MC-3/turn02_B.prompt.md	.specula-output/confirmation/MC-3/turn02_B.prompt.md	file	0664	1783577564487523205	608947	1c57b14ee1a8a465e67f748bb9bc506c566a60b8c0aa2f16b69695213b96f8ef		copy	run-evidence		
.specula-output/confirmation/MC-3/turn02_B.usage.json	.specula-output/confirmation/MC-3/turn02_B.usage.json	file	0664	1783577675029553260	245	3d11d561b4e6c311b07d6a4722a322031527b7e206c7324a440305a302a16934		copy	run-evidence		
.specula-output/confirmation/MC-3/verdict.json	.specula-output/confirmation/MC-3/verdict.json	file	0664	1783577675048553610	623909	2aa310d0c71fcc3a484007407f30efdf2dd861b1ea9fd959a59941577f298610		copy	run-evidence		
.specula-output/confirmation/MC-3/worktree	.specula-output/confirmation/MC-3/worktree	directory	0775	1783577675045553554				mkdir	run-directory		
.specula-output/confirmation/MC-3/worktree/.git		file	0664	1783576992827005111	120	e6475422cf3184cf272c165b04d4538d48911b9e73de0fd88e63ed87b5d28964		exclude	non-evidence	git-metadata	
.specula-output/confirmation/MC-3/worktree/.gitignore	.record/source-control/.specula-output/confirmation/MC-3/worktree/gitignore.source	file	0664	1783576992833005222	63	1362d8ecf612bff1ef3ef5f59dc941311a4c6d370176ee3fac2d6cf5dfa3d1e6		copy	run-evidence		
.specula-output/confirmation/MC-3/worktree/.pre-commit-config.yaml	.specula-output/confirmation/MC-3/worktree/.pre-commit-config.yaml	file	0664	1783576992833005222	975	06442782b6b7979294be9ec6cc14f1ecc0eec90d3c31ed7aa93075eba188b87d		copy	run-evidence		
.specula-output/confirmation/MC-3/worktree/Cargo.lock	.specula-output/confirmation/MC-3/worktree/Cargo.lock	file	0664	1783576992833005222	73759	55dfa1a975d6b3474b152fd1180861ca840793e7821799e3dfdb6c3e6a5d6459		copy	run-evidence		
.specula-output/confirmation/MC-3/worktree/Cargo.toml	.specula-output/confirmation/MC-3/worktree/Cargo.toml	file	0664	1783576992833005222	3193	e3dc3c58d5118c233e79d7c9792584060b66b41b505974718ae506a932031fc3		copy	run-evidence		
.specula-output/confirmation/MC-3/worktree/LICENSE	.specula-output/confirmation/MC-3/worktree/LICENSE	file	0664	1783576992833005222	555	64f72cf7a9753b300106dd2a2b058feb084cc105c2ad359a2320f372504d49c8		copy	run-evidence		
.specula-output/confirmation/MC-3/worktree/Makefile	.specula-output/confirmation/MC-3/worktree/Makefile	file	0664	1783576992833005222	1500	4b8e6dfaf74b0d71d23644d1ee70c6459a377bd883764c0632e0545f1c165202		copy	run-evidence		
.specula-output/confirmation/MC-3/worktree/README.md	.specula-output/confirmation/MC-3/worktree/README.md	file	0664	1783576992833005222	2258	a586c1b3947fa180a9687299db907422b38de00f41a0c60c9bdb58e3da32f994		copy	run-evidence		
.specula-output/confirmation/MC-3/worktree/crates	.specula-output/confirmation/MC-3/worktree/crates	directory	0775	1783576992840005351				mkdir	run-directory		
.specula-output/confirmation/MC-3/worktree/crates/container	.specula-output/confirmation/MC-3/worktree/crates/container	directory	0775	1783576992834005240				mkdir	run-directory		
.specula-output/confirmation/MC-3/worktree/crates/container/Cargo.toml	.specula-output/confirmation/MC-3/worktree/crates/container/Cargo.toml	file	0664	1783576992834005240	543	4ad8767d8c5f5d31bbeddeaa23c3a0887ee9efa8875a988e78a849f0fa8ab463		copy	run-evidence		
.specula-output/confirmation/MC-3/worktree/crates/container/src	.specula-output/confirmation/MC-3/worktree/crates/container/src	directory	0775	1783576992834005240				mkdir	run-directory		
.specula-output/confirmation/MC-3/worktree/crates/container/src/container.rs	.specula-output/confirmation/MC-3/worktree/crates/container/src/container.rs	file	0664	1783576992834005240	13473	fdd146e2a3c44d5d102092554290a6ab82ec78b529b31e92f5371899d1a13461		copy	run-evidence		
.specula-output/confirmation/MC-3/worktree/crates/container/src/main.rs	.specula-output/confirmation/MC-3/worktree/crates/container/src/main.rs	file	0664	1783576992834005240	1402	8804dad7b22eb1b3c4809fd1ca77458214320d6cd109136faba05d0e0005920e		copy	run-evidence		
.specula-output/confirmation/MC-3/worktree/crates/hamgrd	.specula-output/confirmation/MC-3/worktree/crates/hamgrd	directory	0775	1783576992834005240				mkdir	run-directory		
.specula-output/confirmation/MC-3/worktree/crates/hamgrd/Cargo.toml	.specula-output/confirmation/MC-3/worktree/crates/hamgrd/Cargo.toml	file	0664	1783576992834005240	1091	dfcecf0cc5aa0ddeb66899facb1f4e78afde2437e4caf634677e4d08ebaf85a4		copy	run-evidence		
.specula-output/confirmation/MC-3/worktree/crates/hamgrd/src	.specula-output/confirmation/MC-3/worktree/crates/hamgrd/src	directory	0775	1783576992835005259				mkdir	run-directory		
.specula-output/confirmation/MC-3/worktree/crates/hamgrd/src/actors	.specula-output/confirmation/MC-3/worktree/crates/hamgrd/src/actors	directory	0775	1783576992834005240				mkdir	run-directory		
.specula-output/confirmation/MC-3/worktree/crates/hamgrd/src/actors.rs	.specula-output/confirmation/MC-3/worktree/crates/hamgrd/src/actors.rs	file	0664	1783576992834005240	10857	60b97fd54b124162e2691fb612c18f23bfa411a0d7dd4cc2faafdac1dd7ff889		copy	run-evidence		
.specula-output/confirmation/MC-3/worktree/crates/hamgrd/src/actors/dpu.rs	.specula-output/confirmation/MC-3/worktree/crates/hamgrd/src/actors/dpu.rs	file	0664	1783577314594934380	32809	68c2a7bfe1743c99b6c3b0db7cfd02a6e97a6523f3ea1dd7060414cd92e67858		copy	run-evidence		
.specula-output/confirmation/MC-3/worktree/crates/hamgrd/src/actors/ha_scope.rs	.specula-output/confirmation/MC-3/worktree/crates/hamgrd/src/actors/ha_scope.rs	file	0664	1783576992834005240	44098	347d6a6e809e86c76f06c8fd153532ce41ee1ff5145ef240fcaa01812800e52e		copy	run-evidence		
.specula-output/confirmation/MC-3/worktree/crates/hamgrd/src/actors/ha_set.rs	.specula-output/confirmation/MC-3/worktree/crates/hamgrd/src/actors/ha_set.rs	file	0664	1783576992834005240	54279	0ddf6b21740c84bd17b1113b4497d1c8fca1cdded0669028efe4b3751afee8c3		copy	run-evidence		
.specula-output/confirmation/MC-3/worktree/crates/hamgrd/src/actors/test.rs	.specula-output/confirmation/MC-3/worktree/crates/hamgrd/src/actors/test.rs	file	0664	1783576992834005240	25740	68fce46b1239953c7ed8e7d248ce4a5ca94ca1fd5587db04909aeb133beb7ce8		copy	run-evidence		
.specula-output/confirmation/MC-3/worktree/crates/hamgrd/src/actors/vdpu.rs	.specula-output/confirmation/MC-3/worktree/crates/hamgrd/src/actors/vdpu.rs	file	0664	1783576992835005259	8755	0e91f79cfa4a07c231c2a04d179cc784314fae6c91349ffdf6586e2e12cb072a		copy	run-evidence		
.specula-output/confirmation/MC-3/worktree/crates/hamgrd/src/db_structs.rs	.specula-output/confirmation/MC-3/worktree/crates/hamgrd/src/db_structs.rs	file	0664	1783576992835005259	34184	a322274850ae6754df30ca8da226e1b18b9d07268a7e41578aae718a2295c74a		copy	run-evidence		
.specula-output/confirmation/MC-3/worktree/crates/hamgrd/src/ha_actor_messages.rs	.specula-output/confirmation/MC-3/worktree/crates/hamgrd/src/ha_actor_messages.rs	file	0664	1783576992835005259	6543	e1a13cdedb85938b77795f331bf3771d088e8bfce8051324f0a69161ee285d68		copy	run-evidence		
.specula-output/confirmation/MC-3/worktree/crates/hamgrd/src/main.rs	.specula-output/confirmation/MC-3/worktree/crates/hamgrd/src/main.rs	file	0664	1783576992835005259	8926	e9a6de6c129eb77fc46132682098b67f3184307f1ad5aeb1783403e8e23552ca		copy	run-evidence		
.specula-output/confirmation/MC-3/worktree/crates/sonic-common	.specula-output/confirmation/MC-3/worktree/crates/sonic-common	directory	0775	1783576992835005259				mkdir	run-directory		
.specula-output/confirmation/MC-3/worktree/crates/sonic-common/Cargo.toml	.specula-output/confirmation/MC-3/worktree/crates/sonic-common/Cargo.toml	file	0664	1783576992835005259	843	1239a0525ec2b948dd0ac2e78b9861a4da144fef3a1b3b5337ff7712dec9c5e5		copy	run-evidence		
.specula-output/confirmation/MC-3/worktree/crates/sonic-common/src	.specula-output/confirmation/MC-3/worktree/crates/sonic-common/src	directory	0775	1783576992835005259				mkdir	run-directory		
.specula-output/confirmation/MC-3/worktree/crates/sonic-common/src/lib.rs	.specula-output/confirmation/MC-3/worktree/crates/sonic-common/src/lib.rs	file	0664	1783576992835005259	573	18239424369eefc097b517348bc38889a2965244d88d7557c7e8568681093722		copy	run-evidence		
.specula-output/confirmation/MC-3/worktree/crates/sonic-common/src/log.rs	.specula-output/confirmation/MC-3/worktree/crates/sonic-common/src/log.rs	file	0664	1783576992835005259	7511	9f51b7708251f05f717e61f926e4893e318ce13905011273a982f08907262180		copy	run-evidence		
.specula-output/confirmation/MC-3/worktree/crates/sonic-common/src/panic.rs	.specula-output/confirmation/MC-3/worktree/crates/sonic-common/src/panic.rs	file	0664	1783576992835005259	1647	571290dc59a3ec765e03aa7c4bb7563d80d73747ae9cb95c697c41f667a8ca95		copy	run-evidence		
.specula-output/confirmation/MC-3/worktree/crates/sonic-dash-api-proto	.specula-output/confirmation/MC-3/worktree/crates/sonic-dash-api-proto	directory	0775	1783576992835005259				mkdir	run-directory		
.specula-output/confirmation/MC-3/worktree/crates/sonic-dash-api-proto/Cargo.toml	.specula-output/confirmation/MC-3/worktree/crates/sonic-dash-api-proto/Cargo.toml	file	0664	1783576992835005259	531	de2b47c4469d3a36868ed6e8dd3f619350358c8cc28a5f5f9d6cec405e1793e3		copy	run-evidence		
.specula-output/confirmation/MC-3/worktree/crates/sonic-dash-api-proto/build.rs	.specula-output/confirmation/MC-3/worktree/crates/sonic-dash-api-proto/build.rs	file	0664	1783576992835005259	2539	d6fbe856e6076167a0474176a3f65fb610390e45a40f3af1ebb46a874b8b3559		copy	run-evidence		
.specula-output/confirmation/MC-3/worktree/crates/sonic-dash-api-proto/sonic-dash-api	.specula-output/confirmation/MC-3/worktree/crates/sonic-dash-api-proto/sonic-dash-api	directory	0775	1783577516380639989				mkdir	run-directory		
.specula-output/confirmation/MC-3/worktree/crates/sonic-dash-api-proto/sonic-dash-api/.azure-pipelines	.specula-output/confirmation/MC-3/worktree/crates/sonic-dash-api-proto/sonic-dash-api/.azure-pipelines	directory	0775	1775457490688156413				mkdir	run-directory		
.specula-output/confirmation/MC-3/worktree/crates/sonic-dash-api-proto/sonic-dash-api/.azure-pipelines/build-template.yml	.specula-output/confirmation/MC-3/worktree/crates/sonic-dash-api-proto/sonic-dash-api/.azure-pipelines/build-template.yml	file	0664	1775457490688156413	1157	451ce6463ef8074b1f8b8e75dd9d3ea31a7615ebf167e0b0d659f7c84b1829ba		copy	run-evidence		
.specula-output/confirmation/MC-3/worktree/crates/sonic-dash-api-proto/sonic-dash-api/.github	.specula-output/confirmation/MC-3/worktree/crates/sonic-dash-api-proto/sonic-dash-api/.github	directory	0775	1775457490688156413				mkdir	run-directory		
.specula-output/confirmation/MC-3/worktree/crates/sonic-dash-api-proto/sonic-dash-api/.github/copilot-instructions.md	.specula-output/confirmation/MC-3/worktree/crates/sonic-dash-api-proto/sonic-dash-api/.github/copilot-instructions.md	file	0664	1775457490688156413	5543	cf53e2851093ee4279d3cb6b51122c09223fc6b06849a16ca061e7ae8154eb29		copy	run-evidence		
.specula-output/confirmation/MC-3/worktree/crates/sonic-dash-api-proto/sonic-dash-api/.gitignore	.record/source-control/.specula-output/confirmation/MC-3/worktree/crates/sonic-dash-api-proto/sonic-dash-api/gitignore.source	file	0664	1775457490688156413	152	37ae5085387aa46b903bede475c27f1c391bafc70e04f90ad326190dc6f9984a		copy	run-evidence		
.specula-output/confirmation/MC-3/worktree/crates/sonic-dash-api-proto/sonic-dash-api/Makefile	.specula-output/confirmation/MC-3/worktree/crates/sonic-dash-api-proto/sonic-dash-api/Makefile	file	0664	1775457490688156413	2867	6b7a7ee8959734154670386e7e3a8ce8da6c4bffd016c083799d1a830718f71f		copy	run-evidence		
.specula-output/confirmation/MC-3/worktree/crates/sonic-dash-api-proto/sonic-dash-api/README.md	.specula-output/confirmation/MC-3/worktree/crates/sonic-dash-api-proto/sonic-dash-api/README.md	file	0664	1775457490688156413	1462	b3fd7b0c339366692c23500294a116aea8de6e88998b8865f496c7220ba40302		copy	run-evidence		
.specula-output/confirmation/MC-3/worktree/crates/sonic-dash-api-proto/sonic-dash-api/azure-pipelines.yml	.specula-output/confirmation/MC-3/worktree/crates/sonic-dash-api-proto/sonic-dash-api/azure-pipelines.yml	file	0664	1775457490688156413	2850	6a71b850acd5b5220c310b76a649ca04c007f7ffc013791be7c7391edb648bf9		copy	run-evidence		
.specula-output/confirmation/MC-3/worktree/crates/sonic-dash-api-proto/sonic-dash-api/debian	.specula-output/confirmation/MC-3/worktree/crates/sonic-dash-api-proto/sonic-dash-api/debian	directory	0775	1775457490688156413				mkdir	run-directory		
.specula-output/confirmation/MC-3/worktree/crates/sonic-dash-api-proto/sonic-dash-api/debian/changelog	.specula-output/confirmation/MC-3/worktree/crates/sonic-dash-api-proto/sonic-dash-api/debian/changelog	file	0664	1775457490688156413	127	001c5cf3cc6c410458f8bd863f50fbbee5fcec94760be78fa2daf6e3ec985db4		copy	run-evidence		
.specula-output/confirmation/MC-3/worktree/crates/sonic-dash-api-proto/sonic-dash-api/debian/compat	.specula-output/confirmation/MC-3/worktree/crates/sonic-dash-api-proto/sonic-dash-api/debian/compat	file	0664	1775457490688156413	2	4fc82b26aecb47d2868c4efbe3581732a3e7cbcc6c2efb32062c08170a05eeb8		copy	run-evidence		
.specula-output/confirmation/MC-3/worktree/crates/sonic-dash-api-proto/sonic-dash-api/debian/control	.specula-output/confirmation/MC-3/worktree/crates/sonic-dash-api-proto/sonic-dash-api/debian/control	file	0664	1775457490688156413	362	33f4fb53634f991b8e9fee9d1bc0ebcdf95eb5a4789d435152724422743ec0ef		copy	run-evidence		
.specula-output/confirmation/MC-3/worktree/crates/sonic-dash-api-proto/sonic-dash-api/debian/rules	.specula-output/confirmation/MC-3/worktree/crates/sonic-dash-api-proto/sonic-dash-api/debian/rules	file	0775	1775457490688156413	88	885237907618e908f1fc048d94196c6baef3c1eb9398c334cd4cd382e97b9115		copy	run-evidence		
.specula-output/confirmation/MC-3/worktree/crates/sonic-dash-api-proto/sonic-dash-api/misc	.specula-output/confirmation/MC-3/worktree/crates/sonic-dash-api-proto/sonic-dash-api/misc	directory	0775	1775457490689156431				mkdir	run-directory		
.specula-output/confirmation/MC-3/worktree/crates/sonic-dash-api-proto/sonic-dash-api/misc/.gitignore	.record/source-control/.specula-output/confirmation/MC-3/worktree/crates/sonic-dash-api-proto/sonic-dash-api/misc/gitignore.source	file	0664	1775457490688156413	110	65057622390473201d1a7bfa966ca489a4f6b4c65232d115fee498d256c27617		copy	run-evidence		
.specula-output/confirmation/MC-3/worktree/crates/sonic-dash-api-proto/sonic-dash-api/misc/dash_api_utils	.specula-output/confirmation/MC-3/worktree/crates/sonic-dash-api-proto/sonic-dash-api/misc/dash_api_utils	file	0775	1775457490688156413	1673	a54b3116aa2c22f82c8fa7b0181c477b6b8e1770f547efbf6fd07d95e63856b3		copy	run-evidence		
.specula-output/confirmation/MC-3/worktree/crates/sonic-dash-api-proto/sonic-dash-api/misc/pypkg	.specula-output/confirmation/MC-3/worktree/crates/sonic-dash-api-proto/sonic-dash-api/misc/pypkg	directory	0775	1775457490688156413				mkdir	run-directory		
.specula-output/confirmation/MC-3/worktree/crates/sonic-dash-api-proto/sonic-dash-api/misc/pypkg/dash_api	.specula-output/confirmation/MC-3/worktree/crates/sonic-dash-api-proto/sonic-dash-api/misc/pypkg/dash_api	directory	0775	1775457490688156413				mkdir	run-directory		
.specula-output/confirmation/MC-3/worktree/crates/sonic-dash-api-proto/sonic-dash-api/misc/pypkg/dash_api/__init__.py	.specula-output/confirmation/MC-3/worktree/crates/sonic-dash-api-proto/sonic-dash-api/misc/pypkg/dash_api/__init__.py	file	0664	1775457490688156413	86	40c99d3fc4e0e8e6bcd60d2737a25a7ddf966ee2bd4bac2dc7364cd869023131		copy	run-evidence		
.specula-output/confirmation/MC-3/worktree/crates/sonic-dash-api-proto/sonic-dash-api/misc/tests	.specula-output/confirmation/MC-3/worktree/crates/sonic-dash-api-proto/sonic-dash-api/misc/tests	directory	0775	1775457490689156431				mkdir	run-directory		
.specula-output/confirmation/MC-3/worktree/crates/sonic-dash-api-proto/sonic-dash-api/misc/tests/main.cpp	.specula-output/confirmation/MC-3/worktree/crates/sonic-dash-api-proto/sonic-dash-api/misc/tests/main.cpp	file	0664	1775457490688156413	102	59572f84bf8df2a31f58d87051915b08cd9c32859092f1532135127155a33c24		copy	run-evidence		
.specula-output/confirmation/MC-3/worktree/crates/sonic-dash-api-proto/sonic-dash-api/misc/tests/test_utils.py	.specula-output/confirmation/MC-3/worktree/crates/sonic-dash-api-proto/sonic-dash-api/misc/tests/test_utils.py	file	0664	1775457490689156431	1955	43dc5e16b6648a9b58fc6d051de9ce7798273760f45bfe3e477d58277271326f		copy	run-evidence		
.specula-output/confirmation/MC-3/worktree/crates/sonic-dash-api-proto/sonic-dash-api/misc/tests/utils_unittest.cpp	.specula-output/confirmation/MC-3/worktree/crates/sonic-dash-api-proto/sonic-dash-api/misc/tests/utils_unittest.cpp	file	0664	1775457490689156431	5547	a959ab4ffc771de60248278a264b79d116514c9107ece82c7c23e3e991a492d0		copy	run-evidence		
.specula-output/confirmation/MC-3/worktree/crates/sonic-dash-api-proto/sonic-dash-api/misc/utils.cpp	.specula-output/confirmation/MC-3/worktree/crates/sonic-dash-api-proto/sonic-dash-api/misc/utils.cpp	file	0664	1775457490689156431	4029	7822b783cee4ecbce6085636b0ced2be68ea419c1c9e5002812e17f51d1a1121		copy	run-evidence		
.specula-output/confirmation/MC-3/worktree/crates/sonic-dash-api-proto/sonic-dash-api/misc/utils.h	.specula-output/confirmation/MC-3/worktree/crates/sonic-dash-api-proto/sonic-dash-api/misc/utils.h	file	0664	1775457490689156431	696	43ad84a08fffb2f5de7a429a0c4bc74de192251257c40fbbc5240e33881581a5		copy	run-evidence		
.specula-output/confirmation/MC-3/worktree/crates/sonic-dash-api-proto/sonic-dash-api/misc/utils.i	.specula-output/confirmation/MC-3/worktree/crates/sonic-dash-api-proto/sonic-dash-api/misc/utils.i	file	0664	1775457490689156431	124	b0ed8aea587950df30be894992ca7319f6b87d18c3d674abaaf17fa523ac15c5		copy	run-evidence		
.specula-output/confirmation/MC-3/worktree/crates/sonic-dash-api-proto/sonic-dash-api/proto	.specula-output/confirmation/MC-3/worktree/crates/sonic-dash-api-proto/sonic-dash-api/proto	directory	0775	1775457490690156449				mkdir	run-directory		
.specula-output/confirmation/MC-3/worktree/crates/sonic-dash-api-proto/sonic-dash-api/proto/acl_group.proto	.specula-output/confirmation/MC-3/worktree/crates/sonic-dash-api-proto/sonic-dash-api/proto/acl_group.proto	file	0664	1775457490689156431	224	63b83374a5dfe1eecea6532375f55378d0c80a61a343a6569bde52d5a84350bb		copy	run-evidence		
.specula-output/confirmation/MC-3/worktree/crates/sonic-dash-api-proto/sonic-dash-api/proto/acl_in.proto	.specula-output/confirmation/MC-3/worktree/crates/sonic-dash-api-proto/sonic-dash-api/proto/acl_in.proto	file	0664	1775457490689156431	310	8c4990a198ae41a7bb3b57278049936caa5f097416602aa83fe9261a24149307		copy	run-evidence		
.specula-output/confirmation/MC-3/worktree/crates/sonic-dash-api-proto/sonic-dash-api/proto/acl_out.proto	.specula-output/confirmation/MC-3/worktree/crates/sonic-dash-api-proto/sonic-dash-api/proto/acl_out.proto	file	0664	1775457490689156431	313	7fd56b7e8a7f311e24ac210b3a706d3ae218bf920e3a43cccf91bc0406ee581e		copy	run-evidence		
.specula-output/confirmation/MC-3/worktree/crates/sonic-dash-api-proto/sonic-dash-api/proto/acl_rule.proto	.specula-output/confirmation/MC-3/worktree/crates/sonic-dash-api-proto/sonic-dash-api/proto/acl_rule.proto	file	0664	1775457490689156431	1489	21efc2f5b9d3ef9278a78642d21a6ccea5352eec697dbeab920c4505bd6a47f3		copy	run-evidence		
.specula-output/confirmation/MC-3/worktree/crates/sonic-dash-api-proto/sonic-dash-api/proto/appliance.proto	.specula-output/confirmation/MC-3/worktree/crates/sonic-dash-api-proto/sonic-dash-api/proto/appliance.proto	file	0664	1775457490689156431	776	4f9bfe99d4615c32eb839cae910be8df431e5e72dc4eb2dce68ed5cb9ede8511		copy	run-evidence		
.specula-output/confirmation/MC-3/worktree/crates/sonic-dash-api-proto/sonic-dash-api/proto/eni.proto	.specula-output/confirmation/MC-3/worktree/crates/sonic-dash-api-proto/sonic-dash-api/proto/eni.proto	file	0664	1775457490689156431	1394	3cfa78f970e4c8eff5b16c8b0feca53fdfc77d43cb4cbf3f8816c0eba6971ee4		copy	run-evidence		
.specula-output/confirmation/MC-3/worktree/crates/sonic-dash-api-proto/sonic-dash-api/proto/eni_route.proto	.specula-output/confirmation/MC-3/worktree/crates/sonic-dash-api-proto/sonic-dash-api/proto/eni_route.proto	file	0664	1775457490689156431	184	1ea44c8956266a012206836e6de8a7fb3082b002c18e485fec1dca973a03f8f1		copy	run-evidence		
.specula-output/confirmation/MC-3/worktree/crates/sonic-dash-api-proto/sonic-dash-api/proto/ha_scope.proto	.specula-output/confirmation/MC-3/worktree/crates/sonic-dash-api-proto/sonic-dash-api/proto/ha_scope.proto	file	0664	1775457490689156431	749	bdb153bd85d28bc1bc165503fa808edd9f65a2c893966d313c77fded34ea5314		copy	run-evidence		
.specula-output/confirmation/MC-3/worktree/crates/sonic-dash-api-proto/sonic-dash-api/proto/ha_scope_config.proto	.specula-output/confirmation/MC-3/worktree/crates/sonic-dash-api-proto/sonic-dash-api/proto/ha_scope_config.proto	file	0664	1775457490689156431	561	a5df9f029dd4b10fb8933eab353b0612e158323be43264c3ec6124ab074d16af		copy	run-evidence		
.specula-output/confirmation/MC-3/worktree/crates/sonic-dash-api-proto/sonic-dash-api/proto/ha_scope_state.proto	.specula-output/confirmation/MC-3/worktree/crates/sonic-dash-api-proto/sonic-dash-api/proto/ha_scope_state.proto	file	0664	1775457490689156431	503	ef05bb57eb034ee8b5e0e52a0cdd78a22c6dac12b636f9ec90f99e0e4a2cfb29		copy	run-evidence		
.specula-output/confirmation/MC-3/worktree/crates/sonic-dash-api-proto/sonic-dash-api/proto/ha_set.proto	.specula-output/confirmation/MC-3/worktree/crates/sonic-dash-api-proto/sonic-dash-api/proto/ha_set.proto	file	0664	1775457490689156431	1482	68a55831f4939a0e731fac047888f285fd3ce5a56b92c4bdeab5ba3940fbe427		copy	run-evidence		
.specula-output/confirmation/MC-3/worktree/crates/sonic-dash-api-proto/sonic-dash-api/proto/ha_set_config.proto	.specula-output/confirmation/MC-3/worktree/crates/sonic-dash-api-proto/sonic-dash-api/proto/ha_set_config.proto	file	0664	1775457490689156431	437	3aac48716f7e82c5ed231ec04cc1e965ab47aecd5785ea9d7bec5cdd3b93d1ea		copy	run-evidence		
.specula-output/confirmation/MC-3/worktree/crates/sonic-dash-api-proto/sonic-dash-api/proto/ha_set_state.proto	.specula-output/confirmation/MC-3/worktree/crates/sonic-dash-api-proto/sonic-dash-api/proto/ha_set_state.proto	file	0664	1775457490689156431	295	eba05677140806197c24833e25e714b7da2b9613ce4d0e7077fbcce1f7ee1795		copy	run-evidence		
.specula-output/confirmation/MC-3/worktree/crates/sonic-dash-api-proto/sonic-dash-api/proto/meter.proto	.specula-output/confirmation/MC-3/worktree/crates/sonic-dash-api-proto/sonic-dash-api/proto/meter.proto	file	0664	1775457490689156431	376	959afb32392b5cc7c5ca48ee5fefc194dc93026603d5a96c389069df48d420a0		copy	run-evidence		
.specula-output/confirmation/MC-3/worktree/crates/sonic-dash-api-proto/sonic-dash-api/proto/meter_policy.proto	.specula-output/confirmation/MC-3/worktree/crates/sonic-dash-api-proto/sonic-dash-api/proto/meter_policy.proto	file	0664	1775457490689156431	221	3b355b5224b709b5135a139285f9223904396d68493b2331ebcc5d82afd0d08c		copy	run-evidence		
.specula-output/confirmation/MC-3/worktree/crates/sonic-dash-api-proto/sonic-dash-api/proto/meter_rule.proto	.specula-output/confirmation/MC-3/worktree/crates/sonic-dash-api-proto/sonic-dash-api/proto/meter_rule.proto	file	0664	1775457490689156431	360	2406e7d2a2f89645c15cbb354794ce010a6268a08338c4a44862f69193b9a6d3		copy	run-evidence		
.specula-output/confirmation/MC-3/worktree/crates/sonic-dash-api-proto/sonic-dash-api/proto/outbound_port_map.proto	.specula-output/confirmation/MC-3/worktree/crates/sonic-dash-api-proto/sonic-dash-api/proto/outbound_port_map.proto	file	0664	1775457490689156431	282	455b111663b169e0a8d5283720a248cdd3d925e2a953d48b870f722795e30dc2		copy	run-evidence		
.specula-output/confirmation/MC-3/worktree/crates/sonic-dash-api-proto/sonic-dash-api/proto/outbound_port_map_range.proto	.specula-output/confirmation/MC-3/worktree/crates/sonic-dash-api-proto/sonic-dash-api/proto/outbound_port_map_range.proto	file	0664	1775457490689156431	417	7e2b5a74d75ecf9545ffd929cd5c05206138d43dee6cced0854c7843e6395466		copy	run-evidence		
.specula-output/confirmation/MC-3/worktree/crates/sonic-dash-api-proto/sonic-dash-api/proto/pa_validation.proto	.specula-output/confirmation/MC-3/worktree/crates/sonic-dash-api-proto/sonic-dash-api/proto/pa_validation.proto	file	0664	1775457490689156431	188	d2b4f3b5b1298d1c41a979e6493a89a185aab032cfc1c4e27780fb87af6c16c7		copy	run-evidence		
.specula-output/confirmation/MC-3/worktree/crates/sonic-dash-api-proto/sonic-dash-api/proto/prefix_tag.proto	.specula-output/confirmation/MC-3/worktree/crates/sonic-dash-api-proto/sonic-dash-api/proto/prefix_tag.proto	file	0664	1775457490689156431	332	bc238882b1e392be4c9eb7210db871e1eea2d04a59bb16fff58ef06bc82da12d		copy	run-evidence		
.specula-output/confirmation/MC-3/worktree/crates/sonic-dash-api-proto/sonic-dash-api/proto/qos.proto	.specula-output/confirmation/MC-3/worktree/crates/sonic-dash-api-proto/sonic-dash-api/proto/qos.proto	file	0664	1775457490689156431	271	6c1756762416029cb9a3757f0ff18ae014bf789c493aae39966872aeb802e61f		copy	run-evidence		
.specula-output/confirmation/MC-3/worktree/crates/sonic-dash-api-proto/sonic-dash-api/proto/route.proto	.specula-output/confirmation/MC-3/worktree/crates/sonic-dash-api-proto/sonic-dash-api/proto/route.proto	file	0664	1775457490689156431	2665	9e4b7b6d0d807f50912dfaadfd7e6f2914090f406f0b75fe9167d3d452678ffa		copy	run-evidence		
.specula-output/confirmation/MC-3/worktree/crates/sonic-dash-api-proto/sonic-dash-api/proto/route_group.proto	.specula-output/confirmation/MC-3/worktree/crates/sonic-dash-api-proto/sonic-dash-api/proto/route_group.proto	file	0664	1775457490689156431	176	9a1a5264ce8aae5d33c896ca679f16405dbb2dbd853268d718ab931566a0c2d2		copy	run-evidence		
.specula-output/confirmation/MC-3/worktree/crates/sonic-dash-api-proto/sonic-dash-api/proto/route_rule.proto	.specula-output/confirmation/MC-3/worktree/crates/sonic-dash-api-proto/sonic-dash-api/proto/route_rule.proto	file	0664	1775457490689156431	1655	3648f004ce9b7da92a2f6f2366189b704e6aa9e74794a85182a7aa9bdfa8b7ae		copy	run-evidence		
.specula-output/confirmation/MC-3/worktree/crates/sonic-dash-api-proto/sonic-dash-api/proto/route_type.proto	.specula-output/confirmation/MC-3/worktree/crates/sonic-dash-api-proto/sonic-dash-api/proto/route_type.proto	file	0664	1775457490689156431	1450	e6361b492f3491f9480a11ac304c757d95ac87f2cd364e9dae11f6187c54c5f4		copy	run-evidence		
.specula-output/confirmation/MC-3/worktree/crates/sonic-dash-api-proto/sonic-dash-api/proto/routing_appliance.proto	.specula-output/confirmation/MC-3/worktree/crates/sonic-dash-api-proto/sonic-dash-api/proto/routing_appliance.proto	file	0664	1775457490690156449	357	6de8b36bdc0258d746b1edcf1d35fb9b80f9fb484591b9d2df0a44bef3ef3113		copy	run-evidence		
.specula-output/confirmation/MC-3/worktree/crates/sonic-dash-api-proto/sonic-dash-api/proto/tunnel.proto	.specula-output/confirmation/MC-3/worktree/crates/sonic-dash-api-proto/sonic-dash-api/proto/tunnel.proto	file	0664	1775457490690156449	374	49a8b27dfcd4656991293f1f2676e8a06488388030758b266f67fbe2430c067c		copy	run-evidence		
.specula-output/confirmation/MC-3/worktree/crates/sonic-dash-api-proto/sonic-dash-api/proto/types.proto	.specula-output/confirmation/MC-3/worktree/crates/sonic-dash-api-proto/sonic-dash-api/proto/types.proto	file	0664	1775457490690156449	1593	0b1644d63d353923f33aa4e561f7181119db49715e0f745063cbe3a81f2c73a9		copy	run-evidence		
.specula-output/confirmation/MC-3/worktree/crates/sonic-dash-api-proto/sonic-dash-api/proto/vnet.proto	.specula-output/confirmation/MC-3/worktree/crates/sonic-dash-api-proto/sonic-dash-api/proto/vnet.proto	file	0664	1775457490690156449	310	8c437362618f389009463e3f94e2aa906a6b4746eff2c83752e12fbe03a8b888		copy	run-evidence		
.specula-output/confirmation/MC-3/worktree/crates/sonic-dash-api-proto/sonic-dash-api/proto/vnet_mapping.proto	.specula-output/confirmation/MC-3/worktree/crates/sonic-dash-api-proto/sonic-dash-api/proto/vnet_mapping.proto	file	0664	1775457490690156449	1826	19c8e9f32da372cccccefddcf402053260cdf106f499fee52ce6c1cbf8c4b414		copy	run-evidence		
.specula-output/confirmation/MC-3/worktree/crates/sonic-dash-api-proto/src	.specula-output/confirmation/MC-3/worktree/crates/sonic-dash-api-proto/src	directory	0775	1783576992835005259				mkdir	run-directory		
.specula-output/confirmation/MC-3/worktree/crates/sonic-dash-api-proto/src/lib.rs	.specula-output/confirmation/MC-3/worktree/crates/sonic-dash-api-proto/src/lib.rs	file	0664	1783576992835005259	1081	0d114c68775aea25eb21fb1224fe0d8e6b4ca6ba3e30aa8da93bc68723aafee1		copy	run-evidence		
.specula-output/confirmation/MC-3/worktree/crates/sonicdb-derive	.specula-output/confirmation/MC-3/worktree/crates/sonicdb-derive	directory	0775	1783576992835005259				mkdir	run-directory		
.specula-output/confirmation/MC-3/worktree/crates/sonicdb-derive/Cargo.toml	.specula-output/confirmation/MC-3/worktree/crates/sonicdb-derive/Cargo.toml	file	0664	1783576992835005259	494	4d3a5a55449607e6295ee3aa7bb48e01385e36cd8576dcadbc0c67a0fe172cb5		copy	run-evidence		
.specula-output/confirmation/MC-3/worktree/crates/sonicdb-derive/src	.specula-output/confirmation/MC-3/worktree/crates/sonicdb-derive/src	directory	0775	1783576992835005259				mkdir	run-directory		
.specula-output/confirmation/MC-3/worktree/crates/sonicdb-derive/src/lib.rs	.specula-output/confirmation/MC-3/worktree/crates/sonicdb-derive/src/lib.rs	file	0664	1783576992835005259	4957	dee27e85348f8d6cb4170a574bcf4c34b225a39835eb1514be7877991ec6371f		copy	run-evidence		
.specula-output/confirmation/MC-3/worktree/crates/sonicdb-derive/tests	.specula-output/confirmation/MC-3/worktree/crates/sonicdb-derive/tests	directory	0775	1783576992835005259				mkdir	run-directory		
.specula-output/confirmation/MC-3/worktree/crates/sonicdb-derive/tests/basic.rs	.specula-output/confirmation/MC-3/worktree/crates/sonicdb-derive/tests/basic.rs	file	0664	1783576992835005259	671	52a3abd00d6c4d09c02a71f4139cb03e9bc7e28a662585d4c9aa8aada3b9d5d8		copy	run-evidence		
.specula-output/confirmation/MC-3/worktree/crates/swbus-actor	.specula-output/confirmation/MC-3/worktree/crates/swbus-actor	directory	0775	1783576992836005277				mkdir	run-directory		
.specula-output/confirmation/MC-3/worktree/crates/swbus-actor/Cargo.toml	.specula-output/confirmation/MC-3/worktree/crates/swbus-actor/Cargo.toml	file	0664	1783576992836005277	593	b8458594718c1fa7595aef160e807f12f27e7ac6e74278ba69392b07ff91788a		copy	run-evidence		
.specula-output/confirmation/MC-3/worktree/crates/swbus-actor/src	.specula-output/confirmation/MC-3/worktree/crates/swbus-actor/src	directory	0775	1783576992836005277				mkdir	run-directory		
.specula-output/confirmation/MC-3/worktree/crates/swbus-actor/src/actor_message.rs	.specula-output/confirmation/MC-3/worktree/crates/swbus-actor/src/actor_message.rs	file	0664	1783576992836005277	2229	cbd2ebfca0cd4f31394fd0185324f59e05860a98bda9881b4bbe644166c34bab		copy	run-evidence		
.specula-output/confirmation/MC-3/worktree/crates/swbus-actor/src/driver.rs	.specula-output/confirmation/MC-3/worktree/crates/swbus-actor/src/driver.rs	file	0664	1783576992836005277	8587	2e450baed13e6d2657bb7e0026c14eace1cebf386a246030449fea0b57f2274d		copy	run-evidence		
.specula-output/confirmation/MC-3/worktree/crates/swbus-actor/src/lib.rs	.specula-output/confirmation/MC-3/worktree/crates/swbus-actor/src/lib.rs	file	0664	1783576992836005277	1668	fda76d091927d51c44ff868e5af2c415141244d27590d53059b2cc8481a96270		copy	run-evidence		
.specula-output/confirmation/MC-3/worktree/crates/swbus-actor/src/runtime.rs	.specula-output/confirmation/MC-3/worktree/crates/swbus-actor/src/runtime.rs	file	0664	1783576992836005277	2495	5ca245698919de5f5c8729b962670044e01a63c4e6df27219d41b45fa9082000		copy	run-evidence		
.specula-output/confirmation/MC-3/worktree/crates/swbus-actor/src/state	.specula-output/confirmation/MC-3/worktree/crates/swbus-actor/src/state	directory	0775	1783576992836005277				mkdir	run-directory		
.specula-output/confirmation/MC-3/worktree/crates/swbus-actor/src/state.rs	.specula-output/confirmation/MC-3/worktree/crates/swbus-actor/src/state.rs	file	0664	1783576992836005277	2561	5f002cee0f0a7c630a2ed009eefde818735b8ece52f308b48a88ce949a54192b		copy	run-evidence		
.specula-output/confirmation/MC-3/worktree/crates/swbus-actor/src/state/incoming.rs	.specula-output/confirmation/MC-3/worktree/crates/swbus-actor/src/state/incoming.rs	file	0664	1783576992836005277	8239	58649721fc05693638596fc0eb939000e023166dad4ab9a6acbb464e20ded43c		copy	run-evidence		
.specula-output/confirmation/MC-3/worktree/crates/swbus-actor/src/state/internal.rs	.specula-output/confirmation/MC-3/worktree/crates/swbus-actor/src/state/internal.rs	file	0664	1783576992836005277	4947	df2a3d82f3e88e8bf02c94f9ed242cd0aa05910506a180bf7bf3e2caf74e4b24		copy	run-evidence		
.specula-output/confirmation/MC-3/worktree/crates/swbus-actor/src/state/outgoing.rs	.specula-output/confirmation/MC-3/worktree/crates/swbus-actor/src/state/outgoing.rs	file	0664	1783576992836005277	9087	9072a2340f004f04620459e715991ef61990f269e1fe4f770fa76e1f519bce29		copy	run-evidence		
.specula-output/confirmation/MC-3/worktree/crates/swbus-actor/tests	.specula-output/confirmation/MC-3/worktree/crates/swbus-actor/tests	directory	0775	1783576992836005277				mkdir	run-directory		
.specula-output/confirmation/MC-3/worktree/crates/swbus-actor/tests/count_to_1000.json	.specula-output/confirmation/MC-3/worktree/crates/swbus-actor/tests/count_to_1000.json	file	0664	1783576992836005277	462	a526d7f7fd63dee8e6a28441d4ccdb5051bad804c5abf6973d795f186ae9f90c		copy	run-evidence		
.specula-output/confirmation/MC-3/worktree/crates/swbus-actor/tests/count_to_1000_internal_table.json	.specula-output/confirmation/MC-3/worktree/crates/swbus-actor/tests/count_to_1000_internal_table.json	file	0664	1783576992836005277	777	3360024920871c2ccc8b41b6d66ff877c2191c30b65b1ff88761c7859ab5702f		copy	run-evidence		
.specula-output/confirmation/MC-3/worktree/crates/swbus-actor/tests/echo.json	.specula-output/confirmation/MC-3/worktree/crates/swbus-actor/tests/echo.json	file	0664	1783576992836005277	816	3932f2c4900222c50157d25ae9e2f857486542ca7a1fc35faf59906b81c70bb0		copy	run-evidence		
.specula-output/confirmation/MC-3/worktree/crates/swbus-actor/tests/echo.rs	.specula-output/confirmation/MC-3/worktree/crates/swbus-actor/tests/echo.rs	file	0664	1783576992836005277	3189	b0efe97d0aba9e36c6ecd1c07ef9cc62a1564e0ad0bcd354b8243be91e498174		copy	run-evidence		
.specula-output/confirmation/MC-3/worktree/crates/swbus-actor/tests/kvstore.rs	.specula-output/confirmation/MC-3/worktree/crates/swbus-actor/tests/kvstore.rs	file	0664	1783576992836005277	14209	222d6b28b6d6349592f9d666ebcab19d82969ecdbd8871efb0fd7a4c30a7c392		copy	run-evidence		
.specula-output/confirmation/MC-3/worktree/crates/swbus-actor/tests/test_executor.rs	.specula-output/confirmation/MC-3/worktree/crates/swbus-actor/tests/test_executor.rs	file	0664	1783576992836005277	7562	50043e5deff8832b7d1543a1efd479828590b86a3a6f01311ce7b7e0adf888ec		copy	run-evidence		
.specula-output/confirmation/MC-3/worktree/crates/swbus-cli	.specula-output/confirmation/MC-3/worktree/crates/swbus-cli	directory	0775	1783576992837005296				mkdir	run-directory		
.specula-output/confirmation/MC-3/worktree/crates/swbus-cli/Cargo.toml	.specula-output/confirmation/MC-3/worktree/crates/swbus-cli/Cargo.toml	file	0664	1783576992836005277	1071	65cdad879d4bb96ee5bb725314c9ce6e3e55cf76cf87983210a54bfd7e8cc97d		copy	run-evidence		
.specula-output/confirmation/MC-3/worktree/crates/swbus-cli/README.md	.specula-output/confirmation/MC-3/worktree/crates/swbus-cli/README.md	file	0664	1783576992836005277	38259	e107629ff39c946eb879f1767836944d45d8c268c4fbb092d0b488558f6d537c		copy	run-evidence		
.specula-output/confirmation/MC-3/worktree/crates/swbus-cli/src	.specula-output/confirmation/MC-3/worktree/crates/swbus-cli/src	directory	0775	1783576992837005296				mkdir	run-directory		
.specula-output/confirmation/MC-3/worktree/crates/swbus-cli/src/main.rs	.specula-output/confirmation/MC-3/worktree/crates/swbus-cli/src/main.rs	file	0664	1783576992837005296	9069	9d07ab9ea427e8658c53ee5eaa4f6099d2eaf8ff22d2074da8dac0dd591f9e94		copy	run-evidence		
.specula-output/confirmation/MC-3/worktree/crates/swbus-cli/src/ping.rs	.specula-output/confirmation/MC-3/worktree/crates/swbus-cli/src/ping.rs	file	0664	1783576992837005296	3482	302b9f0b87b6637a1f3f04b9564db8bdcdb38f7c393d2487cb49ce4501ecf39f		copy	run-evidence		
.specula-output/confirmation/MC-3/worktree/crates/swbus-cli/src/show	.specula-output/confirmation/MC-3/worktree/crates/swbus-cli/src/show	directory	0775	1783576992837005296				mkdir	run-directory		
.specula-output/confirmation/MC-3/worktree/crates/swbus-cli/src/show/hamgrd	.specula-output/confirmation/MC-3/worktree/crates/swbus-cli/src/show/hamgrd	directory	0775	1783576992837005296				mkdir	run-directory		
.specula-output/confirmation/MC-3/worktree/crates/swbus-cli/src/show/hamgrd/actor.rs	.specula-output/confirmation/MC-3/worktree/crates/swbus-cli/src/show/hamgrd/actor.rs	file	0664	1783576992837005296	12765	47bab784e11ec8e3ee6702bd30ae517196da980168dd6745a610a1d0b3d35b03		copy	run-evidence		
.specula-output/confirmation/MC-3/worktree/crates/swbus-cli/src/show/hamgrd/mod.rs	.specula-output/confirmation/MC-3/worktree/crates/swbus-cli/src/show/hamgrd/mod.rs	file	0664	1783576992837005296	742	c6a56e88d069056b1c90cbdc05a6157dc192c99abcb24f0468b5f71513c2e937		copy	run-evidence		
.specula-output/confirmation/MC-3/worktree/crates/swbus-cli/src/show/mod.rs	.specula-output/confirmation/MC-3/worktree/crates/swbus-cli/src/show/mod.rs	file	0664	1783576992837005296	2339	4d797f0f441551b13c7551691376bf4401e0af84c573d3c1f04e684312d43993		copy	run-evidence		
.specula-output/confirmation/MC-3/worktree/crates/swbus-cli/src/show/swbusd	.specula-output/confirmation/MC-3/worktree/crates/swbus-cli/src/show/swbusd	directory	0775	1783576992837005296				mkdir	run-directory		
.specula-output/confirmation/MC-3/worktree/crates/swbus-cli/src/show/swbusd/mod.rs	.specula-output/confirmation/MC-3/worktree/crates/swbus-cli/src/show/swbusd/mod.rs	file	0664	1783576992837005296	743	61e790a87bcee322326c7d5bfc851b9af3328948d282958532921e2330826a4e		copy	run-evidence		
.specula-output/confirmation/MC-3/worktree/crates/swbus-cli/src/show/swbusd/route.rs	.specula-output/confirmation/MC-3/worktree/crates/swbus-cli/src/show/swbusd/route.rs	file	0664	1783576992837005296	2332	449e8c04a13912bdd698fd85fe3e5b69f5effc45720b64f60a3781a72a9de561		copy	run-evidence		
.specula-output/confirmation/MC-3/worktree/crates/swbus-cli/src/trace_route.rs	.specula-output/confirmation/MC-3/worktree/crates/swbus-cli/src/trace_route.rs	file	0664	1783576992837005296	3667	e77d34f013f78ffb80acc8c1d55c1869100580a284fcf3f0775817c1f2ad665b		copy	run-evidence		
.specula-output/confirmation/MC-3/worktree/crates/swbus-config	.specula-output/confirmation/MC-3/worktree/crates/swbus-config	directory	0775	1783576992837005296				mkdir	run-directory		
.specula-output/confirmation/MC-3/worktree/crates/swbus-config/Cargo.toml	.specula-output/confirmation/MC-3/worktree/crates/swbus-config/Cargo.toml	file	0664	1783576992837005296	559	79bc8140e9eb0d7f02e8bdece38cffe8281b75bf50dce639777b047622da7fc3		copy	run-evidence		
.specula-output/confirmation/MC-3/worktree/crates/swbus-config/src	.specula-output/confirmation/MC-3/worktree/crates/swbus-config/src	directory	0775	1783576992837005296				mkdir	run-directory		
.specula-output/confirmation/MC-3/worktree/crates/swbus-config/src/lib.rs	.specula-output/confirmation/MC-3/worktree/crates/swbus-config/src/lib.rs	file	0664	1783576992837005296	18793	ffcadaeb1bd7d0ed3392c7eb60ac3534f6830a2da95054c6748b9636cffc3ca0		copy	run-evidence		
.specula-output/confirmation/MC-3/worktree/crates/swbus-core	.specula-output/confirmation/MC-3/worktree/crates/swbus-core	directory	0775	1783576992838005314				mkdir	run-directory		
.specula-output/confirmation/MC-3/worktree/crates/swbus-core/Cargo.toml	.specula-output/confirmation/MC-3/worktree/crates/swbus-core/Cargo.toml	file	0664	1783576992837005296	1330	c79318a8db3b49666b6d556318936e57d7c839fbe7df192f02b7a5dc350fa039		copy	run-evidence		
.specula-output/confirmation/MC-3/worktree/crates/swbus-core/README.md	.specula-output/confirmation/MC-3/worktree/crates/swbus-core/README.md	file	0664	1783576992837005296	1416	7b6e4f07bf7073b3731ba25b30d7f13c27e0977d666b95c579669bd16d5a3042		copy	run-evidence		
.specula-output/confirmation/MC-3/worktree/crates/swbus-core/src	.specula-output/confirmation/MC-3/worktree/crates/swbus-core/src	directory	0775	1783576992837005296				mkdir	run-directory		
.specula-output/confirmation/MC-3/worktree/crates/swbus-core/src/lib.rs	.specula-output/confirmation/MC-3/worktree/crates/swbus-core/src/lib.rs	file	0664	1783576992837005296	13	f2c4a3f2982159d12c01660774a358d089842e360f791542e27b0a63f40fe44e		copy	run-evidence		
.specula-output/confirmation/MC-3/worktree/crates/swbus-core/src/mux	.specula-output/confirmation/MC-3/worktree/crates/swbus-core/src/mux	directory	0775	1783576992838005314				mkdir	run-directory		
.specula-output/confirmation/MC-3/worktree/crates/swbus-core/src/mux/conn.rs	.specula-output/confirmation/MC-3/worktree/crates/swbus-core/src/mux/conn.rs	file	0664	1783576992837005296	9440	f6752c32a029b6ee3d0c12249185a5024fd75ceb01b03afe883bd7ed1cee94ca		copy	run-evidence		
.specula-output/confirmation/MC-3/worktree/crates/swbus-core/src/mux/conn_info.rs	.specula-output/confirmation/MC-3/worktree/crates/swbus-core/src/mux/conn_info.rs	file	0664	1783576992837005296	3011	9b85b1e1c6f83c8a42380a9b155fa5a65df70c494d4a0de40b1d5d63fdbdbcfb		copy	run-evidence		
.specula-output/confirmation/MC-3/worktree/crates/swbus-core/src/mux/conn_proxy.rs	.specula-output/confirmation/MC-3/worktree/crates/swbus-core/src/mux/conn_proxy.rs	file	0664	1783576992838005314	2046	de7d3fb1c2df94f54e7270123e579094b8e12b8edb2b53a1a687bd3269ffa448		copy	run-evidence		
.specula-output/confirmation/MC-3/worktree/crates/swbus-core/src/mux/conn_store.rs	.specula-output/confirmation/MC-3/worktree/crates/swbus-core/src/mux/conn_store.rs	file	0664	1783576992838005314	6605	41d21e16d938f2d48b8493cc3df468583cfdfb097c172fceef5864d04203e817		copy	run-evidence		
.specula-output/confirmation/MC-3/worktree/crates/swbus-core/src/mux/conn_worker.rs	.specula-output/confirmation/MC-3/worktree/crates/swbus-core/src/mux/conn_worker.rs	file	0664	1783576992838005314	15099	3b158bb968c38d16f5a57be40607fa9b09c8cd57aac8d96002785a6c08be15e4		copy	run-evidence		
.specula-output/confirmation/MC-3/worktree/crates/swbus-core/src/mux/message_handler.rs	.specula-output/confirmation/MC-3/worktree/crates/swbus-core/src/mux/message_handler.rs	file	0664	1783576992838005314	158	f930df5f26de8d7cd9345640421dfd9e03c43edc27c0d3a3f57df4f9ace00abc		copy	run-evidence		
.specula-output/confirmation/MC-3/worktree/crates/swbus-core/src/mux/mod.rs	.specula-output/confirmation/MC-3/worktree/crates/swbus-core/src/mux/mod.rs	file	0664	1783576992838005314	346	bb79fa8dc0dccb7f34c2f0590cc2c293b7807a71ee917c99b415c024d6e67283		copy	run-evidence		
.specula-output/confirmation/MC-3/worktree/crates/swbus-core/src/mux/multiplexer.rs	.specula-output/confirmation/MC-3/worktree/crates/swbus-core/src/mux/multiplexer.rs	file	0664	1783576992838005314	67052	28a50fe1740d4c3f29bcc998f10c95282f00d232845dc19b9a48726207342b76		copy	run-evidence		
.specula-output/confirmation/MC-3/worktree/crates/swbus-core/src/mux/nexthop.rs	.specula-output/confirmation/MC-3/worktree/crates/swbus-core/src/mux/nexthop.rs	file	0664	1783576992838005314	12982	bcbcedb9b9789ecacc1bfd288d23b6c92dda0d75b67053dac94917a335e503dd		copy	run-evidence		
.specula-output/confirmation/MC-3/worktree/crates/swbus-core/src/mux/route_annoucer.rs	.specula-output/confirmation/MC-3/worktree/crates/swbus-core/src/mux/route_annoucer.rs	file	0664	1783576992838005314	8957	d78c3f66cae469d8c2447ef379cdcb3c4e762aba27ebb47194bfcc4803260e3d		copy	run-evidence		
.specula-output/confirmation/MC-3/worktree/crates/swbus-core/src/mux/service.rs	.specula-output/confirmation/MC-3/worktree/crates/swbus-core/src/mux/service.rs	file	0664	1783576992838005314	6880	bff225afcbbf76309e00b3e7802f951d538dd14c73332ef1831f9edd75b88923		copy	run-evidence		
.specula-output/confirmation/MC-3/worktree/crates/swbus-core/tests	.specula-output/confirmation/MC-3/worktree/crates/swbus-core/tests	directory	0775	1783576992839005333				mkdir	run-directory		
.specula-output/confirmation/MC-3/worktree/crates/swbus-core/tests/README.md	.specula-output/confirmation/MC-3/worktree/crates/swbus-core/tests/README.md	file	0664	1783576992838005314	4503	e2741cb85a00b0bc3d26d64aa03266506a734ac0c05f9e9ce047e2c04d4f0203		copy	run-evidence		
.specula-output/confirmation/MC-3/worktree/crates/swbus-core/tests/basic_tests.rs	.specula-output/confirmation/MC-3/worktree/crates/swbus-core/tests/basic_tests.rs	file	0664	1783576992838005314	1282	7ae57d1b5ee64a505e5fb02426585f4569dfc5b609583462372c83eb993a3199		copy	run-evidence		
.specula-output/confirmation/MC-3/worktree/crates/swbus-core/tests/common	.specula-output/confirmation/MC-3/worktree/crates/swbus-core/tests/common	directory	0775	1783576992838005314				mkdir	run-directory		
.specula-output/confirmation/MC-3/worktree/crates/swbus-core/tests/common/mod.rs	.specula-output/confirmation/MC-3/worktree/crates/swbus-core/tests/common/mod.rs	file	0664	1783576992838005314	23	4bffae5c73b3fb27a869ffb553a542afe718b36f6ca9c879789a7d562ef2aa38		copy	run-evidence		
.specula-output/confirmation/MC-3/worktree/crates/swbus-core/tests/common/test_executor.rs	.specula-output/confirmation/MC-3/worktree/crates/swbus-core/tests/common/test_executor.rs	file	0664	1783576992838005314	9518	f5d2563cc8f5bc5b906d9d550ad88b43545279fe31de0eb0c62dc651d19f020d		copy	run-evidence		
.specula-output/confirmation/MC-3/worktree/crates/swbus-core/tests/data	.specula-output/confirmation/MC-3/worktree/crates/swbus-core/tests/data	directory	0775	1783576992839005333				mkdir	run-directory		
.specula-output/confirmation/MC-3/worktree/crates/swbus-core/tests/data/b2b	.specula-output/confirmation/MC-3/worktree/crates/swbus-core/tests/data/b2b	directory	0775	1783576992839005333				mkdir	run-directory		
.specula-output/confirmation/MC-3/worktree/crates/swbus-core/tests/data/b2b/test_ping.json	.specula-output/confirmation/MC-3/worktree/crates/swbus-core/tests/data/b2b/test_ping.json	file	0664	1783576992839005333	3861	121c48e72ddada29549444f3f369b880c786a3b8bcc3be90829993c839e20334		copy	run-evidence		
.specula-output/confirmation/MC-3/worktree/crates/swbus-core/tests/data/b2b/test_show_route.json	.specula-output/confirmation/MC-3/worktree/crates/swbus-core/tests/data/b2b/test_show_route.json	file	0664	1783576992839005333	2406	4d770ea007370b04d62c7e9abad7547cef35af72de4973e8ceffbfe7d2efb48c		copy	run-evidence		
.specula-output/confirmation/MC-3/worktree/crates/swbus-core/tests/data/b2b/test_trace_route.json	.specula-output/confirmation/MC-3/worktree/crates/swbus-core/tests/data/b2b/test_trace_route.json	file	0664	1783576992839005333	3825	d66b6a38c8d290e3220a3a59b8928fa460126b411607c6a6367f4b37406b132a		copy	run-evidence		
.specula-output/confirmation/MC-3/worktree/crates/swbus-core/tests/data/b2b/topo.json	.specula-output/confirmation/MC-3/worktree/crates/swbus-core/tests/data/b2b/topo.json	file	0664	1783576992839005333	1129	7f245989e5059b18fabf7b5a16c7d775bf74792684f6550799515fd7d5a36dee		copy	run-evidence		
.specula-output/confirmation/MC-3/worktree/crates/swbus-core/tests/data/inter-cluster	.specula-output/confirmation/MC-3/worktree/crates/swbus-core/tests/data/inter-cluster	directory	0775	1783576992839005333				mkdir	run-directory		
.specula-output/confirmation/MC-3/worktree/crates/swbus-core/tests/data/inter-cluster/test_ping.json	.specula-output/confirmation/MC-3/worktree/crates/swbus-core/tests/data/inter-cluster/test_ping.json	file	0664	1783576992839005333	1240	384b680d1ab080bf5676feb07454d59fe9c231f6b999d94e817de1a8b8fcaa30		copy	run-evidence		
.specula-output/confirmation/MC-3/worktree/crates/swbus-core/tests/data/inter-cluster/test_show_route.json	.specula-output/confirmation/MC-3/worktree/crates/swbus-core/tests/data/inter-cluster/test_show_route.json	file	0664	1783576992839005333	3159	d720404da221821256a32fbfd0c1e7fe7c80d5ddb11a01f1d10eac2e94789c30		copy	run-evidence		
.specula-output/confirmation/MC-3/worktree/crates/swbus-core/tests/data/inter-cluster/topo.json	.specula-output/confirmation/MC-3/worktree/crates/swbus-core/tests/data/inter-cluster/topo.json	file	0664	1783576992839005333	2628	10ccb3a884b12e8cb8cc38a5800e6109f4d0c5adefd6c106a3982942c4117fe4		copy	run-evidence		
.specula-output/confirmation/MC-3/worktree/crates/swbus-core/tests/inter_cluster_tests.rs	.specula-output/confirmation/MC-3/worktree/crates/swbus-core/tests/inter_cluster_tests.rs	file	0664	1783576992839005333	972	c475273e93281d918b0e00f56b58b8a7b710a48bdffe43e2aa217043f5a6accc		copy	run-evidence		
.specula-output/confirmation/MC-3/worktree/crates/swbus-edge	.specula-output/confirmation/MC-3/worktree/crates/swbus-edge	directory	0775	1783576992839005333				mkdir	run-directory		
.specula-output/confirmation/MC-3/worktree/crates/swbus-edge/Cargo.toml	.specula-output/confirmation/MC-3/worktree/crates/swbus-edge/Cargo.toml	file	0664	1783576992839005333	752	6eabac2ce4f046ba26b173216304859075b31429651a1d9acaea0ed63e2ce59f		copy	run-evidence		
.specula-output/confirmation/MC-3/worktree/crates/swbus-edge/src	.specula-output/confirmation/MC-3/worktree/crates/swbus-edge/src	directory	0775	1783576992839005333				mkdir	run-directory		
.specula-output/confirmation/MC-3/worktree/crates/swbus-edge/src/core_client.rs	.specula-output/confirmation/MC-3/worktree/crates/swbus-edge/src/core_client.rs	file	0664	1783576992839005333	7284	4c51402847f363a0e62ccc7c2861d95546c89f07a7e396751b2dee6de3f7f4a4		copy	run-evidence		
.specula-output/confirmation/MC-3/worktree/crates/swbus-edge/src/edge_runtime.rs	.specula-output/confirmation/MC-3/worktree/crates/swbus-edge/src/edge_runtime.rs	file	0664	1783576992839005333	10890	7d5d3a0ba3fdd67421da20c188922d30f01943b30a86215f17d0872251244913		copy	run-evidence		
.specula-output/confirmation/MC-3/worktree/crates/swbus-edge/src/lib.rs	.specula-output/confirmation/MC-3/worktree/crates/swbus-edge/src/lib.rs	file	0664	1783576992839005333	576	faa5c95b88dd1e34c954c7b8f1c0b07bca26b7a3d3bde04cfe632e4751790235		copy	run-evidence		
.specula-output/confirmation/MC-3/worktree/crates/swbus-edge/src/message_handler_proxy.rs	.specula-output/confirmation/MC-3/worktree/crates/swbus-edge/src/message_handler_proxy.rs	file	0664	1783576992839005333	749	cfc59cbcbc8d0d7c834282aa40a9f0831cdf01ff2af7c5cf48ad59e29fb390f3		copy	run-evidence		
.specula-output/confirmation/MC-3/worktree/crates/swbus-edge/src/message_router	.specula-output/confirmation/MC-3/worktree/crates/swbus-edge/src/message_router	directory	0775	1783576992839005333				mkdir	run-directory		
.specula-output/confirmation/MC-3/worktree/crates/swbus-edge/src/message_router.rs	.specula-output/confirmation/MC-3/worktree/crates/swbus-edge/src/message_router.rs	file	0664	1783576992839005333	4376	75ccbe703a6d3a085d1d201d25ed68166cbfffe81253171fc5238ca35dfa3678		copy	run-evidence		
.specula-output/confirmation/MC-3/worktree/crates/swbus-edge/src/message_router/route_map.rs	.specula-output/confirmation/MC-3/worktree/crates/swbus-edge/src/message_router/route_map.rs	file	0664	1783576992839005333	1159	3fa445253853cba9c638369165ade9035f4a2c5d468c2cf349e7acd46b9722fc		copy	run-evidence		
.specula-output/confirmation/MC-3/worktree/crates/swbus-edge/src/simple_client.rs	.specula-output/confirmation/MC-3/worktree/crates/swbus-edge/src/simple_client.rs	file	0664	1783576992839005333	8859	7cb77df0b2ab1f2769bcffc19c837c968e7441843dd1108ec9bbc005cc45b4ec		copy	run-evidence		
.specula-output/confirmation/MC-3/worktree/crates/swbus-proto	.specula-output/confirmation/MC-3/worktree/crates/swbus-proto	directory	0775	1783576992840005351				mkdir	run-directory		
.specula-output/confirmation/MC-3/worktree/crates/swbus-proto/Cargo.toml	.specula-output/confirmation/MC-3/worktree/crates/swbus-proto/Cargo.toml	file	0664	1783576992839005333	558	53075c8a8953b79a5af426c44e916d9173cf353783d330db43f605f2d7464c60		copy	run-evidence		
.specula-output/confirmation/MC-3/worktree/crates/swbus-proto/build.rs	.specula-output/confirmation/MC-3/worktree/crates/swbus-proto/build.rs	file	0664	1783576992839005333	2026	475cdc9bca2eccbcbb42c7d6a07d2722669cef7228295088c8274cd681dd4484		copy	run-evidence		
.specula-output/confirmation/MC-3/worktree/crates/swbus-proto/proto	.specula-output/confirmation/MC-3/worktree/crates/swbus-proto/proto	directory	0775	1783576992839005333				mkdir	run-directory		
.specula-output/confirmation/MC-3/worktree/crates/swbus-proto/proto/swbus.proto	.specula-output/confirmation/MC-3/worktree/crates/swbus-proto/proto/swbus.proto	file	0664	1783576992840005351	6294	aac645c86603c5df39e5077aa1f869c542a0ca1421d44d8e1fca8f6ff3e636ea		copy	run-evidence		
.specula-output/confirmation/MC-3/worktree/crates/swbus-proto/src	.specula-output/confirmation/MC-3/worktree/crates/swbus-proto/src	directory	0775	1783576992840005351				mkdir	run-directory		
.specula-output/confirmation/MC-3/worktree/crates/swbus-proto/src/lib.rs	.specula-output/confirmation/MC-3/worktree/crates/swbus-proto/src/lib.rs	file	0664	1783576992840005351	61	d17df02f80826a817591af5b5010b0f6ac4898f5699eacd91ad7b47196752c22		copy	run-evidence		
.specula-output/confirmation/MC-3/worktree/crates/swbus-proto/src/message_id_generator.rs	.specula-output/confirmation/MC-3/worktree/crates/swbus-proto/src/message_id_generator.rs	file	0664	1783576992840005351	843	e719f9dd9bed5b86769144312a3c1e3a9af6c8767092dc9486d67bb3abb8fc11		copy	run-evidence		
.specula-output/confirmation/MC-3/worktree/crates/swbus-proto/src/result.rs	.specula-output/confirmation/MC-3/worktree/crates/swbus-proto/src/result.rs	file	0664	1783576992840005351	2424	a96858c007b047d749ea20494a2e1231eff29c547de8b7ebb0040ad8c5dd4676		copy	run-evidence		
.specula-output/confirmation/MC-3/worktree/crates/swbus-proto/src/swbus.rs	.specula-output/confirmation/MC-3/worktree/crates/swbus-proto/src/swbus.rs	file	0664	1783576992840005351	23852	20d8e932178d8c48aede8b3d87b633155c3ca9565b0f185aed190970c0a6ee42		copy	run-evidence		
.specula-output/confirmation/MC-3/worktree/crates/swbusd	.specula-output/confirmation/MC-3/worktree/crates/swbusd	directory	0775	1783576992840005351				mkdir	run-directory		
.specula-output/confirmation/MC-3/worktree/crates/swbusd/Cargo.toml	.specula-output/confirmation/MC-3/worktree/crates/swbusd/Cargo.toml	file	0664	1783576992840005351	717	54924fd7838c8233ff4bb1a2c69ab2d64c508e01b855299dcd305d24f38c5bf1		copy	run-evidence		
.specula-output/confirmation/MC-3/worktree/crates/swbusd/sample	.specula-output/confirmation/MC-3/worktree/crates/swbusd/sample	directory	0775	1783576992840005351				mkdir	run-directory		
.specula-output/confirmation/MC-3/worktree/crates/swbusd/sample/inter-cluster	.specula-output/confirmation/MC-3/worktree/crates/swbusd/sample/inter-cluster	directory	0775	1783576992840005351				mkdir	run-directory		
.specula-output/confirmation/MC-3/worktree/crates/swbusd/sample/inter-cluster/swbusd_cluster-a.10.0.0.1.cfg	.specula-output/confirmation/MC-3/worktree/crates/swbusd/sample/inter-cluster/swbusd_cluster-a.10.0.0.1.cfg	file	0664	1783576992840005351	470	0f011fc137e242399d46c0b5f2c340f26d6f32f92a44316a10e4e1c7e388e9a1		copy	run-evidence		
.specula-output/confirmation/MC-3/worktree/crates/swbusd/sample/inter-cluster/swbusd_cluster-a.10.0.0.2.cfg	.specula-output/confirmation/MC-3/worktree/crates/swbusd/sample/inter-cluster/swbusd_cluster-a.10.0.0.2.cfg	file	0664	1783576992840005351	274	196dd09c012bef6ace2d36fb3911625f4cdaf808059fb519418e398080c76999		copy	run-evidence		
.specula-output/confirmation/MC-3/worktree/crates/swbusd/sample/inter-cluster/swbusd_cluster-b.11.0.0.1.cfg	.specula-output/confirmation/MC-3/worktree/crates/swbusd/sample/inter-cluster/swbusd_cluster-b.11.0.0.1.cfg	file	0664	1783576992840005351	343	eb4623b5c1f3c39b3e402fdb41ca86aef420b5a8a3650613f2a9823b04ac55bf		copy	run-evidence		
.specula-output/confirmation/MC-3/worktree/crates/swbusd/sample/swbusd1.cfg	.specula-output/confirmation/MC-3/worktree/crates/swbusd/sample/swbusd1.cfg	file	0664	1783576992840005351	344	5048fdda47d8a6f85ecf7552fa66ebbb4d3ed5b785f836a720b7eeb51bd22b19		copy	run-evidence		
.specula-output/confirmation/MC-3/worktree/crates/swbusd/sample/swbusd2.cfg	.specula-output/confirmation/MC-3/worktree/crates/swbusd/sample/swbusd2.cfg	file	0664	1783576992840005351	274	196dd09c012bef6ace2d36fb3911625f4cdaf808059fb519418e398080c76999		copy	run-evidence		
.specula-output/confirmation/MC-3/worktree/crates/swbusd/src	.specula-output/confirmation/MC-3/worktree/crates/swbusd/src	directory	0775	1783576992840005351				mkdir	run-directory		
.specula-output/confirmation/MC-3/worktree/crates/swbusd/src/main.rs	.specula-output/confirmation/MC-3/worktree/crates/swbusd/src/main.rs	file	0664	1783576992840005351	1262	967c40e9b6ba91ab7884f883516746bf5b6bcd94aa38cec68485a427e32b9fd4		copy	run-evidence		
.specula-output/confirmation/MC-3/worktree/crates/swss-common-bridge	.specula-output/confirmation/MC-3/worktree/crates/swss-common-bridge	directory	0775	1783576992840005351				mkdir	run-directory		
.specula-output/confirmation/MC-3/worktree/crates/swss-common-bridge/Cargo.toml	.specula-output/confirmation/MC-3/worktree/crates/swss-common-bridge/Cargo.toml	file	0664	1783576992840005351	755	90d0fd07f27224840f9e8aa43ae6d16be1e433fdcd9bffed3e9d7d5c27f0caac		copy	run-evidence		
.specula-output/confirmation/MC-3/worktree/crates/swss-common-bridge/src	.specula-output/confirmation/MC-3/worktree/crates/swss-common-bridge/src	directory	0775	1783576992840005351				mkdir	run-directory		
.specula-output/confirmation/MC-3/worktree/crates/swss-common-bridge/src/consumer.rs	.specula-output/confirmation/MC-3/worktree/crates/swss-common-bridge/src/consumer.rs	file	0664	1783576992840005351	15722	d29510353c47d63cc4732f9075e55428f5605a35cb40c84728bfe585e3b6ae81		copy	run-evidence		
.specula-output/confirmation/MC-3/worktree/crates/swss-common-bridge/src/lib.rs	.specula-output/confirmation/MC-3/worktree/crates/swss-common-bridge/src/lib.rs	file	0664	1783576992840005351	2341	d50bada2027ab4bdfe19da142733e301550d8a13a43b728baf38f1dc0a95f619		copy	run-evidence		
.specula-output/confirmation/MC-3/worktree/crates/swss-common-bridge/src/producer.rs	.specula-output/confirmation/MC-3/worktree/crates/swss-common-bridge/src/producer.rs	file	0664	1783576992840005351	16096	e6204c6c8b791275c57cb4d4818b4c1c2be3cc0bf6e317bd95743aa20527d18a		copy	run-evidence		
.specula-output/confirmation/MC-3/worktree/crates/swss-serde	.specula-output/confirmation/MC-3/worktree/crates/swss-serde	directory	0775	1783576992840005351				mkdir	run-directory		
.specula-output/confirmation/MC-3/worktree/crates/swss-serde/Cargo.toml	.specula-output/confirmation/MC-3/worktree/crates/swss-serde/Cargo.toml	file	0664	1783576992840005351	409	996d81b6c4c147fde077b633256c11bd82fa1e005462fc46dca009ae66a3bead		copy	run-evidence		
.specula-output/confirmation/MC-3/worktree/crates/swss-serde/src	.specula-output/confirmation/MC-3/worktree/crates/swss-serde/src	directory	0775	1783576992841005370				mkdir	run-directory		
.specula-output/confirmation/MC-3/worktree/crates/swss-serde/src/error.rs	.specula-output/confirmation/MC-3/worktree/crates/swss-serde/src/error.rs	file	0664	1783576992840005351	595	cde10988fad503119f0fcfff46c95c6b2173005227d97f6e412499269c64e017		copy	run-evidence		
.specula-output/confirmation/MC-3/worktree/crates/swss-serde/src/field_value.rs	.specula-output/confirmation/MC-3/worktree/crates/swss-serde/src/field_value.rs	file	0664	1783576992841005370	10246	8a9087750327abf38082b37f096912427bfb3306dbe93c986947c8325d1565b9		copy	run-evidence		
.specula-output/confirmation/MC-3/worktree/crates/swss-serde/src/field_values.rs	.specula-output/confirmation/MC-3/worktree/crates/swss-serde/src/field_values.rs	file	0664	1783576992841005370	5341	4bdecb30295f4d23fdb2425d040c4cc4dcfff22331112d8ad441ce91ed524ef8		copy	run-evidence		
.specula-output/confirmation/MC-3/worktree/crates/swss-serde/src/lib.rs	.specula-output/confirmation/MC-3/worktree/crates/swss-serde/src/lib.rs	file	0664	1783576992841005370	1359	5ed868b6f5d73e9e01ccfef09f376878eaf337279e11c19ddbaea191839bb578		copy	run-evidence		
.specula-output/confirmation/MC-3/worktree/crates/swss-serde/src/table.rs	.specula-output/confirmation/MC-3/worktree/crates/swss-serde/src/table.rs	file	0664	1783576992841005370	3496	8761b69bf3fc7ab4f824400e828437f3e05c64707ab27772c0ebdc94d3e5fb92		copy	run-evidence		
.specula-output/confirmation/MC-3/worktree/crates/swss-serde/src/test.rs	.specula-output/confirmation/MC-3/worktree/crates/swss-serde/src/test.rs	file	0664	1783576992841005370	5878	ba5857b01fa8dcc87b8107f3f475c996b370fd65efe9c8c944d6123de14559fa		copy	run-evidence		
.specula-output/confirmation/MC-3/worktree/debian	.specula-output/confirmation/MC-3/worktree/debian	directory	0775	1783576992841005370				mkdir	run-directory		
.specula-output/confirmation/MC-3/worktree/debian/.gitignore	.record/source-control/.specula-output/confirmation/MC-3/worktree/debian/gitignore.source	file	0664	1783576992841005370	66	5ba161d24cf3cf6ca666052cd4a803bc4c5b4513f2f2d8ce173dd44ac27b332c		copy	run-evidence		
.specula-output/confirmation/MC-3/worktree/debian/changelog	.specula-output/confirmation/MC-3/worktree/debian/changelog	file	0664	1783576992841005370	133	b0e4c77158baf68f5f4e44a9e9cf8cc2cb87fb1e5d972d5c8ece7ec12bcf9ebf		copy	run-evidence		
.specula-output/confirmation/MC-3/worktree/debian/compat	.specula-output/confirmation/MC-3/worktree/debian/compat	file	0664	1783576992841005370	2	4fc82b26aecb47d2868c4efbe3581732a3e7cbcc6c2efb32062c08170a05eeb8		copy	run-evidence		
.specula-output/confirmation/MC-3/worktree/debian/control	.specula-output/confirmation/MC-3/worktree/debian/control	file	0664	1783576992841005370	402	dc830719b6f4481a9ceb047afe697fd9646c1bc4004c3044954d142af14c3300		copy	run-evidence		
.specula-output/confirmation/MC-3/worktree/debian/install	.specula-output/confirmation/MC-3/worktree/debian/install	file	0664	1783576992841005370	130	191b4426c4b291ad2a887f4ca2ff8f117b3e011c79935548c46427b23a5b0f8f		copy	run-evidence		
.specula-output/confirmation/MC-3/worktree/debian/rules	.specula-output/confirmation/MC-3/worktree/debian/rules	file	0775	1783576992841005370	345	7cde28e0b934350b9de186d64baad0f0b9eed95dd6992125c8e29d0175d735bc		copy	run-evidence		
.specula-output/confirmation/MC-3/worktree/rustfmt.toml	.specula-output/confirmation/MC-3/worktree/rustfmt.toml	file	0664	1783576992841005370	443	b978c41d933c21053898dcf392291fd90addd3558f99149227132b85a17be027		copy	run-evidence		
.specula-output/confirmation/MC-3/worktree/scripts	.specula-output/confirmation/MC-3/worktree/scripts	directory	0775	1783576992841005370				mkdir	run-directory		
.specula-output/confirmation/MC-3/worktree/scripts/wait_for_loopback.py	.specula-output/confirmation/MC-3/worktree/scripts/wait_for_loopback.py	file	0664	1783576992841005370	3525	5f8d0244c51cb5dcce41f42706430bbe3f918f054c3242a8b4736cd78e6caf9d		copy	run-evidence		
.specula-output/confirmation/MC-3/worktree/target		directory	0755	1783577219073154452				exclude	non-evidence	build-or-generated-cache	
.specula-output/confirmation/MC-3/worktree/test_utils	.specula-output/confirmation/MC-3/worktree/test_utils	directory	0775	1783576992841005370				mkdir	run-directory		
.specula-output/confirmation/MC-3/worktree/test_utils/README.md	.specula-output/confirmation/MC-3/worktree/test_utils/README.md	file	0664	1783576992841005370	488	94110682d023d1d8e19ad8c9252057b8254259c7b9764fc5e66fc513d93cfac8		copy	run-evidence		
.specula-output/confirmation/MC-3/worktree/test_utils/hamgrd	.specula-output/confirmation/MC-3/worktree/test_utils/hamgrd	directory	0775	1783576992841005370				mkdir	run-directory		
.specula-output/confirmation/MC-3/worktree/test_utils/hamgrd/database_config.json	.specula-output/confirmation/MC-3/worktree/test_utils/hamgrd/database_config.json	file	0664	1783576992841005370	968	1de32db1a468dc0ef74752b4b693dcc1b53113f4dc591ba2946e1cc25dbc931d		copy	run-evidence		
.specula-output/confirmation/MC-3/worktree/test_utils/hamgrd/database_global.json	.specula-output/confirmation/MC-3/worktree/test_utils/hamgrd/database_global.json	file	0664	1783576992841005370	245	33c792f9b464a3934fb39e6d1a1ef16f0df3bdc103dfd5851dfcdc7da7e8a082		copy	run-evidence		
.specula-output/confirmation/MC-3/worktree/test_utils/hamgrd/redis_data_planned_up_then_down.cmd	.specula-output/confirmation/MC-3/worktree/test_utils/hamgrd/redis_data_planned_up_then_down.cmd	file	0664	1783576992841005370	1090	24e710b2196e98324a34e4152d70eebeb633dcd0f0ba0000c812cf1f12a8af85		copy	run-evidence		
.specula-output/confirmation/MC-3/worktree/test_utils/hamgrd/redis_data_set.cmd	.specula-output/confirmation/MC-3/worktree/test_utils/hamgrd/redis_data_set.cmd	file	0664	1783576992841005370	3476	608c1fa7508acf661de34ffd3249560029fb8788dcbd732ea83b36db964afefd		copy	run-evidence		
.specula-output/confirmation/MC-3/worktree/test_utils/hamgrd/redis_data_set_full.cmd	.specula-output/confirmation/MC-3/worktree/test_utils/hamgrd/redis_data_set_full.cmd	file	0664	1783576992841005370	5031	5ac73f5017d2955a45767e803b3a2e6d206bd433118109bd55b26f7254ccb6c6		copy	run-evidence		
.specula-output/confirmation/MC-3/worktree/test_utils/run_redis.sh	.specula-output/confirmation/MC-3/worktree/test_utils/run_redis.sh	file	0775	1783576992841005370	490	a17fe5c24818986e4b2f525924890927c5a4a7ccf2df29c025ab050d54289f7e		copy	run-evidence		
.specula-output/confirmation/MC-4	.specula-output/confirmation/MC-4	directory	0775	1783577638468881268				mkdir	run-directory		
.specula-output/confirmation/MC-4/debate.md	.specula-output/confirmation/MC-4/debate.md	file	0664	1783577638456881048	2141246	569b96197daf88eae5864aa59e41a7ddacda7b7975f23ef17df69fa012ada3ea		copy	run-evidence		
.specula-output/confirmation/MC-4/turn01_A.log	.specula-output/confirmation/MC-4/turn01_A.log	file	0664	1783577558937421387	514886	bccdd12c4744c7fb5760d420c4936efaaa04874a6c8efa447fcf3daffc400ffe		copy	run-evidence		
.specula-output/confirmation/MC-4/turn01_A.prompt.md	.specula-output/confirmation/MC-4/turn01_A.prompt.md	file	0664	1783577020907522676	10576	07eb4a5097e95e677298fe6ddfa7b25973744464a3cc9d16a7a5ec53c61d9e5c		copy	run-evidence		
.specula-output/confirmation/MC-4/turn01_A.usage.json	.specula-output/confirmation/MC-4/turn01_A.usage.json	file	0664	1783577559493431587	245	b6ecd0cbde8fa5ce4f347a35029a82ffd7db53ca3d768344847b56e5d9f5af04		copy	run-evidence		
.specula-output/confirmation/MC-4/turn02_B.log	.specula-output/confirmation/MC-4/turn02_B.log	file	0664	1783577636038836636	553982	211fe83995c420683fe4810c07fdcb2f47ccb66c9825ff8031efb95add065ec3		copy	run-evidence		
.specula-output/confirmation/MC-4/turn02_B.prompt.md	.specula-output/confirmation/MC-4/turn02_B.prompt.md	file	0664	1783577559505431807	518542	0e2528a5f066a501cb2614e305c4c2001854d7117ca9ba1652f485f7353d4cbf		copy	run-evidence		
.specula-output/confirmation/MC-4/turn02_B.usage.json	.specula-output/confirmation/MC-4/turn02_B.usage.json	file	0664	1783577636847851495	245	d65a1c16645e85a4f13f87c035a73a5620c54904a3a0dd1576e8efce5d4f0a9d		copy	run-evidence		
.specula-output/confirmation/MC-4/turn03_A.log	.specula-output/confirmation/MC-4/turn03_A.log	file	0664	1783577638001872691	1072296	5d34cf6fa5a9e681c1f81442b926aa67fade1ea2d282f78a477bc1957845e238		copy	run-evidence		
.specula-output/confirmation/MC-4/turn03_A.prompt.md	.specula-output/confirmation/MC-4/turn03_A.prompt.md	file	0664	1783577636861851753	1071849	80debcd64250854020d6eb2b52fee004be6b47ab57f272826515dd32802b69a9		copy	run-evidence		
.specula-output/confirmation/MC-4/turn03_A.usage.json	.specula-output/confirmation/MC-4/turn03_A.usage.json	file	0664	1783577638439880736	245	d65a1c16645e85a4f13f87c035a73a5620c54904a3a0dd1576e8efce5d4f0a9d		copy	run-evidence		
.specula-output/confirmation/MC-4/verdict.json	.specula-output/confirmation/MC-4/verdict.json	file	0664	1783577638469881287	1109509	9acf5555fddc6873be9d1e788a725c5592cc58b870daff2b1c05220bfcb8360f		copy	run-evidence		
.specula-output/confirmation/MC-4/worktree	.specula-output/confirmation/MC-4/worktree	directory	0775	1783577638461881140				mkdir	run-directory		
.specula-output/confirmation/MC-4/worktree/.git		file	0664	1783577020891522381	119	78fad1793a3ee739bd4863be5e110c2946c30be44bcaf702fc995ab98969442c		exclude	non-evidence	git-metadata	
.specula-output/confirmation/MC-4/worktree/.gitignore	.record/source-control/.specula-output/confirmation/MC-4/worktree/gitignore.source	file	0664	1783577020897522492	63	1362d8ecf612bff1ef3ef5f59dc941311a4c6d370176ee3fac2d6cf5dfa3d1e6		copy	run-evidence		
.specula-output/confirmation/MC-4/worktree/.pre-commit-config.yaml	.specula-output/confirmation/MC-4/worktree/.pre-commit-config.yaml	file	0664	1783577020897522492	975	06442782b6b7979294be9ec6cc14f1ecc0eec90d3c31ed7aa93075eba188b87d		copy	run-evidence		
.specula-output/confirmation/MC-4/worktree/Cargo.lock	.specula-output/confirmation/MC-4/worktree/Cargo.lock	file	0664	1783577020897522492	73759	55dfa1a975d6b3474b152fd1180861ca840793e7821799e3dfdb6c3e6a5d6459		copy	run-evidence		
.specula-output/confirmation/MC-4/worktree/Cargo.toml	.specula-output/confirmation/MC-4/worktree/Cargo.toml	file	0664	1783577020897522492	3193	e3dc3c58d5118c233e79d7c9792584060b66b41b505974718ae506a932031fc3		copy	run-evidence		
.specula-output/confirmation/MC-4/worktree/LICENSE	.specula-output/confirmation/MC-4/worktree/LICENSE	file	0664	1783577020897522492	555	64f72cf7a9753b300106dd2a2b058feb084cc105c2ad359a2320f372504d49c8		copy	run-evidence		
.specula-output/confirmation/MC-4/worktree/Makefile	.specula-output/confirmation/MC-4/worktree/Makefile	file	0664	1783577020897522492	1500	4b8e6dfaf74b0d71d23644d1ee70c6459a377bd883764c0632e0545f1c165202		copy	run-evidence		
.specula-output/confirmation/MC-4/worktree/README.md	.specula-output/confirmation/MC-4/worktree/README.md	file	0664	1783577020897522492	2258	a586c1b3947fa180a9687299db907422b38de00f41a0c60c9bdb58e3da32f994		copy	run-evidence		
.specula-output/confirmation/MC-4/worktree/crates	.specula-output/confirmation/MC-4/worktree/crates	directory	0775	1783577020904522620				mkdir	run-directory		
.specula-output/confirmation/MC-4/worktree/crates/container	.specula-output/confirmation/MC-4/worktree/crates/container	directory	0775	1783577020897522492				mkdir	run-directory		
.specula-output/confirmation/MC-4/worktree/crates/container/Cargo.toml	.specula-output/confirmation/MC-4/worktree/crates/container/Cargo.toml	file	0664	1783577020897522492	543	4ad8767d8c5f5d31bbeddeaa23c3a0887ee9efa8875a988e78a849f0fa8ab463		copy	run-evidence		
.specula-output/confirmation/MC-4/worktree/crates/container/src	.specula-output/confirmation/MC-4/worktree/crates/container/src	directory	0775	1783577020898522510				mkdir	run-directory		
.specula-output/confirmation/MC-4/worktree/crates/container/src/container.rs	.specula-output/confirmation/MC-4/worktree/crates/container/src/container.rs	file	0664	1783577020898522510	13473	fdd146e2a3c44d5d102092554290a6ab82ec78b529b31e92f5371899d1a13461		copy	run-evidence		
.specula-output/confirmation/MC-4/worktree/crates/container/src/main.rs	.specula-output/confirmation/MC-4/worktree/crates/container/src/main.rs	file	0664	1783577020898522510	1402	8804dad7b22eb1b3c4809fd1ca77458214320d6cd109136faba05d0e0005920e		copy	run-evidence		
.specula-output/confirmation/MC-4/worktree/crates/hamgrd	.specula-output/confirmation/MC-4/worktree/crates/hamgrd	directory	0775	1783577020898522510				mkdir	run-directory		
.specula-output/confirmation/MC-4/worktree/crates/hamgrd/Cargo.toml	.specula-output/confirmation/MC-4/worktree/crates/hamgrd/Cargo.toml	file	0664	1783577020898522510	1091	dfcecf0cc5aa0ddeb66899facb1f4e78afde2437e4caf634677e4d08ebaf85a4		copy	run-evidence		
.specula-output/confirmation/MC-4/worktree/crates/hamgrd/src	.specula-output/confirmation/MC-4/worktree/crates/hamgrd/src	directory	0775	1783577020899522528				mkdir	run-directory		
.specula-output/confirmation/MC-4/worktree/crates/hamgrd/src/actors	.specula-output/confirmation/MC-4/worktree/crates/hamgrd/src/actors	directory	0775	1783577020898522510				mkdir	run-directory		
.specula-output/confirmation/MC-4/worktree/crates/hamgrd/src/actors.rs	.specula-output/confirmation/MC-4/worktree/crates/hamgrd/src/actors.rs	file	0664	1783577020898522510	10857	60b97fd54b124162e2691fb612c18f23bfa411a0d7dd4cc2faafdac1dd7ff889		copy	run-evidence		
.specula-output/confirmation/MC-4/worktree/crates/hamgrd/src/actors/dpu.rs	.specula-output/confirmation/MC-4/worktree/crates/hamgrd/src/actors/dpu.rs	file	0664	1783577020898522510	27800	1f9135dc244e019d3f860f8b419748099be6158b82238b40d6f5ef73e67a70d4		copy	run-evidence		
.specula-output/confirmation/MC-4/worktree/crates/hamgrd/src/actors/ha_scope.rs	.specula-output/confirmation/MC-4/worktree/crates/hamgrd/src/actors/ha_scope.rs	file	0664	1783577416956812815	44233	adb4793be1b13b72c66573f116b54bef7db47d3a4b88fc3306ffa85ee886dc28		copy	run-evidence		
.specula-output/confirmation/MC-4/worktree/crates/hamgrd/src/actors/ha_set.rs	.specula-output/confirmation/MC-4/worktree/crates/hamgrd/src/actors/ha_set.rs	file	0664	1783577020898522510	54279	0ddf6b21740c84bd17b1113b4497d1c8fca1cdded0669028efe4b3751afee8c3		copy	run-evidence		
.specula-output/confirmation/MC-4/worktree/crates/hamgrd/src/actors/test.rs	.specula-output/confirmation/MC-4/worktree/crates/hamgrd/src/actors/test.rs	file	0664	1783577020898522510	25740	68fce46b1239953c7ed8e7d248ce4a5ca94ca1fd5587db04909aeb133beb7ce8		copy	run-evidence		
.specula-output/confirmation/MC-4/worktree/crates/hamgrd/src/actors/vdpu.rs	.specula-output/confirmation/MC-4/worktree/crates/hamgrd/src/actors/vdpu.rs	file	0664	1783577020899522528	8755	0e91f79cfa4a07c231c2a04d179cc784314fae6c91349ffdf6586e2e12cb072a		copy	run-evidence		
.specula-output/confirmation/MC-4/worktree/crates/hamgrd/src/db_structs.rs	.specula-output/confirmation/MC-4/worktree/crates/hamgrd/src/db_structs.rs	file	0664	1783577020899522528	34184	a322274850ae6754df30ca8da226e1b18b9d07268a7e41578aae718a2295c74a		copy	run-evidence		
.specula-output/confirmation/MC-4/worktree/crates/hamgrd/src/ha_actor_messages.rs	.specula-output/confirmation/MC-4/worktree/crates/hamgrd/src/ha_actor_messages.rs	file	0664	1783577020899522528	6543	e1a13cdedb85938b77795f331bf3771d088e8bfce8051324f0a69161ee285d68		copy	run-evidence		
.specula-output/confirmation/MC-4/worktree/crates/hamgrd/src/main.rs	.specula-output/confirmation/MC-4/worktree/crates/hamgrd/src/main.rs	file	0664	1783577020899522528	8926	e9a6de6c129eb77fc46132682098b67f3184307f1ad5aeb1783403e8e23552ca		copy	run-evidence		
.specula-output/confirmation/MC-4/worktree/crates/sonic-common	.specula-output/confirmation/MC-4/worktree/crates/sonic-common	directory	0775	1783577020899522528				mkdir	run-directory		
.specula-output/confirmation/MC-4/worktree/crates/sonic-common/Cargo.toml	.specula-output/confirmation/MC-4/worktree/crates/sonic-common/Cargo.toml	file	0664	1783577020899522528	843	1239a0525ec2b948dd0ac2e78b9861a4da144fef3a1b3b5337ff7712dec9c5e5		copy	run-evidence		
.specula-output/confirmation/MC-4/worktree/crates/sonic-common/src	.specula-output/confirmation/MC-4/worktree/crates/sonic-common/src	directory	0775	1783577020899522528				mkdir	run-directory		
.specula-output/confirmation/MC-4/worktree/crates/sonic-common/src/lib.rs	.specula-output/confirmation/MC-4/worktree/crates/sonic-common/src/lib.rs	file	0664	1783577020899522528	573	18239424369eefc097b517348bc38889a2965244d88d7557c7e8568681093722		copy	run-evidence		
.specula-output/confirmation/MC-4/worktree/crates/sonic-common/src/log.rs	.specula-output/confirmation/MC-4/worktree/crates/sonic-common/src/log.rs	file	0664	1783577020899522528	7511	9f51b7708251f05f717e61f926e4893e318ce13905011273a982f08907262180		copy	run-evidence		
.specula-output/confirmation/MC-4/worktree/crates/sonic-common/src/panic.rs	.specula-output/confirmation/MC-4/worktree/crates/sonic-common/src/panic.rs	file	0664	1783577020899522528	1647	571290dc59a3ec765e03aa7c4bb7563d80d73747ae9cb95c697c41f667a8ca95		copy	run-evidence		
.specula-output/confirmation/MC-4/worktree/crates/sonic-dash-api-proto	.specula-output/confirmation/MC-4/worktree/crates/sonic-dash-api-proto	directory	0775	1783577020899522528				mkdir	run-directory		
.specula-output/confirmation/MC-4/worktree/crates/sonic-dash-api-proto/Cargo.toml	.specula-output/confirmation/MC-4/worktree/crates/sonic-dash-api-proto/Cargo.toml	file	0664	1783577020899522528	531	de2b47c4469d3a36868ed6e8dd3f619350358c8cc28a5f5f9d6cec405e1793e3		copy	run-evidence		
.specula-output/confirmation/MC-4/worktree/crates/sonic-dash-api-proto/build.rs	.specula-output/confirmation/MC-4/worktree/crates/sonic-dash-api-proto/build.rs	file	0664	1783577020899522528	2539	d6fbe856e6076167a0474176a3f65fb610390e45a40f3af1ebb46a874b8b3559		copy	run-evidence		
.specula-output/confirmation/MC-4/worktree/crates/sonic-dash-api-proto/sonic-dash-api	.specula-output/confirmation/MC-4/worktree/crates/sonic-dash-api-proto/sonic-dash-api	directory	0775	1783577310910866098				mkdir	run-directory		
.specula-output/confirmation/MC-4/worktree/crates/sonic-dash-api-proto/sonic-dash-api/.azure-pipelines	.specula-output/confirmation/MC-4/worktree/crates/sonic-dash-api-proto/sonic-dash-api/.azure-pipelines	directory	0775	1783577310909866080				mkdir	run-directory		
.specula-output/confirmation/MC-4/worktree/crates/sonic-dash-api-proto/sonic-dash-api/.azure-pipelines/build-template.yml	.specula-output/confirmation/MC-4/worktree/crates/sonic-dash-api-proto/sonic-dash-api/.azure-pipelines/build-template.yml	file	0664	1783577310909866080	1157	451ce6463ef8074b1f8b8e75dd9d3ea31a7615ebf167e0b0d659f7c84b1829ba		copy	run-evidence		
.specula-output/confirmation/MC-4/worktree/crates/sonic-dash-api-proto/sonic-dash-api/.git		file	0664	1783577310900865914	179	ea942abb09b84107d6c68b819f0832e9d57d897781335e39d48553deb63f75a4		exclude	non-evidence	git-metadata	
.specula-output/confirmation/MC-4/worktree/crates/sonic-dash-api-proto/sonic-dash-api/.github	.specula-output/confirmation/MC-4/worktree/crates/sonic-dash-api-proto/sonic-dash-api/.github	directory	0775	1783577310909866080				mkdir	run-directory		
.specula-output/confirmation/MC-4/worktree/crates/sonic-dash-api-proto/sonic-dash-api/.github/copilot-instructions.md	.specula-output/confirmation/MC-4/worktree/crates/sonic-dash-api-proto/sonic-dash-api/.github/copilot-instructions.md	file	0664	1783577310909866080	5543	cf53e2851093ee4279d3cb6b51122c09223fc6b06849a16ca061e7ae8154eb29		copy	run-evidence		
.specula-output/confirmation/MC-4/worktree/crates/sonic-dash-api-proto/sonic-dash-api/.gitignore	.record/source-control/.specula-output/confirmation/MC-4/worktree/crates/sonic-dash-api-proto/sonic-dash-api/gitignore.source	file	0664	1783577310909866080	152	37ae5085387aa46b903bede475c27f1c391bafc70e04f90ad326190dc6f9984a		copy	run-evidence		
.specula-output/confirmation/MC-4/worktree/crates/sonic-dash-api-proto/sonic-dash-api/Makefile	.specula-output/confirmation/MC-4/worktree/crates/sonic-dash-api-proto/sonic-dash-api/Makefile	file	0664	1783577310910866098	2867	6b7a7ee8959734154670386e7e3a8ce8da6c4bffd016c083799d1a830718f71f		copy	run-evidence		
.specula-output/confirmation/MC-4/worktree/crates/sonic-dash-api-proto/sonic-dash-api/README.md	.specula-output/confirmation/MC-4/worktree/crates/sonic-dash-api-proto/sonic-dash-api/README.md	file	0664	1783577310910866098	1462	b3fd7b0c339366692c23500294a116aea8de6e88998b8865f496c7220ba40302		copy	run-evidence		
.specula-output/confirmation/MC-4/worktree/crates/sonic-dash-api-proto/sonic-dash-api/azure-pipelines.yml	.specula-output/confirmation/MC-4/worktree/crates/sonic-dash-api-proto/sonic-dash-api/azure-pipelines.yml	file	0664	1783577310910866098	2850	6a71b850acd5b5220c310b76a649ca04c007f7ffc013791be7c7391edb648bf9		copy	run-evidence		
.specula-output/confirmation/MC-4/worktree/crates/sonic-dash-api-proto/sonic-dash-api/debian	.specula-output/confirmation/MC-4/worktree/crates/sonic-dash-api-proto/sonic-dash-api/debian	directory	0775	1783577310910866098				mkdir	run-directory		
.specula-output/confirmation/MC-4/worktree/crates/sonic-dash-api-proto/sonic-dash-api/debian/changelog	.specula-output/confirmation/MC-4/worktree/crates/sonic-dash-api-proto/sonic-dash-api/debian/changelog	file	0664	1783577310910866098	127	001c5cf3cc6c410458f8bd863f50fbbee5fcec94760be78fa2daf6e3ec985db4		copy	run-evidence		
.specula-output/confirmation/MC-4/worktree/crates/sonic-dash-api-proto/sonic-dash-api/debian/compat	.specula-output/confirmation/MC-4/worktree/crates/sonic-dash-api-proto/sonic-dash-api/debian/compat	file	0664	1783577310910866098	2	4fc82b26aecb47d2868c4efbe3581732a3e7cbcc6c2efb32062c08170a05eeb8		copy	run-evidence		
.specula-output/confirmation/MC-4/worktree/crates/sonic-dash-api-proto/sonic-dash-api/debian/control	.specula-output/confirmation/MC-4/worktree/crates/sonic-dash-api-proto/sonic-dash-api/debian/control	file	0664	1783577310910866098	362	33f4fb53634f991b8e9fee9d1bc0ebcdf95eb5a4789d435152724422743ec0ef		copy	run-evidence		
.specula-output/confirmation/MC-4/worktree/crates/sonic-dash-api-proto/sonic-dash-api/debian/rules	.specula-output/confirmation/MC-4/worktree/crates/sonic-dash-api-proto/sonic-dash-api/debian/rules	file	0775	1783577310910866098	88	885237907618e908f1fc048d94196c6baef3c1eb9398c334cd4cd382e97b9115		copy	run-evidence		
.specula-output/confirmation/MC-4/worktree/crates/sonic-dash-api-proto/sonic-dash-api/misc	.specula-output/confirmation/MC-4/worktree/crates/sonic-dash-api-proto/sonic-dash-api/misc	directory	0775	1783577310910866098				mkdir	run-directory		
.specula-output/confirmation/MC-4/worktree/crates/sonic-dash-api-proto/sonic-dash-api/misc/.gitignore	.record/source-control/.specula-output/confirmation/MC-4/worktree/crates/sonic-dash-api-proto/sonic-dash-api/misc/gitignore.source	file	0664	1783577310910866098	110	65057622390473201d1a7bfa966ca489a4f6b4c65232d115fee498d256c27617		copy	run-evidence		
.specula-output/confirmation/MC-4/worktree/crates/sonic-dash-api-proto/sonic-dash-api/misc/dash_api_utils	.specula-output/confirmation/MC-4/worktree/crates/sonic-dash-api-proto/sonic-dash-api/misc/dash_api_utils	file	0775	1783577310910866098	1673	a54b3116aa2c22f82c8fa7b0181c477b6b8e1770f547efbf6fd07d95e63856b3		copy	run-evidence		
.specula-output/confirmation/MC-4/worktree/crates/sonic-dash-api-proto/sonic-dash-api/misc/pypkg	.specula-output/confirmation/MC-4/worktree/crates/sonic-dash-api-proto/sonic-dash-api/misc/pypkg	directory	0775	1783577310910866098				mkdir	run-directory		
.specula-output/confirmation/MC-4/worktree/crates/sonic-dash-api-proto/sonic-dash-api/misc/pypkg/dash_api	.specula-output/confirmation/MC-4/worktree/crates/sonic-dash-api-proto/sonic-dash-api/misc/pypkg/dash_api	directory	0775	1783577310910866098				mkdir	run-directory		
.specula-output/confirmation/MC-4/worktree/crates/sonic-dash-api-proto/sonic-dash-api/misc/pypkg/dash_api/__init__.py	.specula-output/confirmation/MC-4/worktree/crates/sonic-dash-api-proto/sonic-dash-api/misc/pypkg/dash_api/__init__.py	file	0664	1783577310910866098	86	40c99d3fc4e0e8e6bcd60d2737a25a7ddf966ee2bd4bac2dc7364cd869023131		copy	run-evidence		
.specula-output/confirmation/MC-4/worktree/crates/sonic-dash-api-proto/sonic-dash-api/misc/tests	.specula-output/confirmation/MC-4/worktree/crates/sonic-dash-api-proto/sonic-dash-api/misc/tests	directory	0775	1783577310910866098				mkdir	run-directory		
.specula-output/confirmation/MC-4/worktree/crates/sonic-dash-api-proto/sonic-dash-api/misc/tests/main.cpp	.specula-output/confirmation/MC-4/worktree/crates/sonic-dash-api-proto/sonic-dash-api/misc/tests/main.cpp	file	0664	1783577310910866098	102	59572f84bf8df2a31f58d87051915b08cd9c32859092f1532135127155a33c24		copy	run-evidence		
.specula-output/confirmation/MC-4/worktree/crates/sonic-dash-api-proto/sonic-dash-api/misc/tests/test_utils.py	.specula-output/confirmation/MC-4/worktree/crates/sonic-dash-api-proto/sonic-dash-api/misc/tests/test_utils.py	file	0664	1783577310910866098	1955	43dc5e16b6648a9b58fc6d051de9ce7798273760f45bfe3e477d58277271326f		copy	run-evidence		
.specula-output/confirmation/MC-4/worktree/crates/sonic-dash-api-proto/sonic-dash-api/misc/tests/utils_unittest.cpp	.specula-output/confirmation/MC-4/worktree/crates/sonic-dash-api-proto/sonic-dash-api/misc/tests/utils_unittest.cpp	file	0664	1783577310910866098	5547	a959ab4ffc771de60248278a264b79d116514c9107ece82c7c23e3e991a492d0		copy	run-evidence		
.specula-output/confirmation/MC-4/worktree/crates/sonic-dash-api-proto/sonic-dash-api/misc/utils.cpp	.specula-output/confirmation/MC-4/worktree/crates/sonic-dash-api-proto/sonic-dash-api/misc/utils.cpp	file	0664	1783577310910866098	4029	7822b783cee4ecbce6085636b0ced2be68ea419c1c9e5002812e17f51d1a1121		copy	run-evidence		
.specula-output/confirmation/MC-4/worktree/crates/sonic-dash-api-proto/sonic-dash-api/misc/utils.h	.specula-output/confirmation/MC-4/worktree/crates/sonic-dash-api-proto/sonic-dash-api/misc/utils.h	file	0664	1783577310910866098	696	43ad84a08fffb2f5de7a429a0c4bc74de192251257c40fbbc5240e33881581a5		copy	run-evidence		
.specula-output/confirmation/MC-4/worktree/crates/sonic-dash-api-proto/sonic-dash-api/misc/utils.i	.specula-output/confirmation/MC-4/worktree/crates/sonic-dash-api-proto/sonic-dash-api/misc/utils.i	file	0664	1783577310910866098	124	b0ed8aea587950df30be894992ca7319f6b87d18c3d674abaaf17fa523ac15c5		copy	run-evidence		
.specula-output/confirmation/MC-4/worktree/crates/sonic-dash-api-proto/sonic-dash-api/proto	.specula-output/confirmation/MC-4/worktree/crates/sonic-dash-api-proto/sonic-dash-api/proto	directory	0775	1783577310911866117				mkdir	run-directory		
.specula-output/confirmation/MC-4/worktree/crates/sonic-dash-api-proto/sonic-dash-api/proto/acl_group.proto	.specula-output/confirmation/MC-4/worktree/crates/sonic-dash-api-proto/sonic-dash-api/proto/acl_group.proto	file	0664	1783577310910866098	224	63b83374a5dfe1eecea6532375f55378d0c80a61a343a6569bde52d5a84350bb		copy	run-evidence		
.specula-output/confirmation/MC-4/worktree/crates/sonic-dash-api-proto/sonic-dash-api/proto/acl_in.proto	.specula-output/confirmation/MC-4/worktree/crates/sonic-dash-api-proto/sonic-dash-api/proto/acl_in.proto	file	0664	1783577310910866098	310	8c4990a198ae41a7bb3b57278049936caa5f097416602aa83fe9261a24149307		copy	run-evidence		
.specula-output/confirmation/MC-4/worktree/crates/sonic-dash-api-proto/sonic-dash-api/proto/acl_out.proto	.specula-output/confirmation/MC-4/worktree/crates/sonic-dash-api-proto/sonic-dash-api/proto/acl_out.proto	file	0664	1783577310910866098	313	7fd56b7e8a7f311e24ac210b3a706d3ae218bf920e3a43cccf91bc0406ee581e		copy	run-evidence		
.specula-output/confirmation/MC-4/worktree/crates/sonic-dash-api-proto/sonic-dash-api/proto/acl_rule.proto	.specula-output/confirmation/MC-4/worktree/crates/sonic-dash-api-proto/sonic-dash-api/proto/acl_rule.proto	file	0664	1783577310910866098	1489	21efc2f5b9d3ef9278a78642d21a6ccea5352eec697dbeab920c4505bd6a47f3		copy	run-evidence		
.specula-output/confirmation/MC-4/worktree/crates/sonic-dash-api-proto/sonic-dash-api/proto/appliance.proto	.specula-output/confirmation/MC-4/worktree/crates/sonic-dash-api-proto/sonic-dash-api/proto/appliance.proto	file	0664	1783577310910866098	776	4f9bfe99d4615c32eb839cae910be8df431e5e72dc4eb2dce68ed5cb9ede8511		copy	run-evidence		
.specula-output/confirmation/MC-4/worktree/crates/sonic-dash-api-proto/sonic-dash-api/proto/eni.proto	.specula-output/confirmation/MC-4/worktree/crates/sonic-dash-api-proto/sonic-dash-api/proto/eni.proto	file	0664	1783577310910866098	1394	3cfa78f970e4c8eff5b16c8b0feca53fdfc77d43cb4cbf3f8816c0eba6971ee4		copy	run-evidence		
.specula-output/confirmation/MC-4/worktree/crates/sonic-dash-api-proto/sonic-dash-api/proto/eni_route.proto	.specula-output/confirmation/MC-4/worktree/crates/sonic-dash-api-proto/sonic-dash-api/proto/eni_route.proto	file	0664	1783577310910866098	184	1ea44c8956266a012206836e6de8a7fb3082b002c18e485fec1dca973a03f8f1		copy	run-evidence		
.specula-output/confirmation/MC-4/worktree/crates/sonic-dash-api-proto/sonic-dash-api/proto/ha_scope.proto	.specula-output/confirmation/MC-4/worktree/crates/sonic-dash-api-proto/sonic-dash-api/proto/ha_scope.proto	file	0664	1783577310910866098	749	bdb153bd85d28bc1bc165503fa808edd9f65a2c893966d313c77fded34ea5314		copy	run-evidence		
.specula-output/confirmation/MC-4/worktree/crates/sonic-dash-api-proto/sonic-dash-api/proto/ha_scope_config.proto	.specula-output/confirmation/MC-4/worktree/crates/sonic-dash-api-proto/sonic-dash-api/proto/ha_scope_config.proto	file	0664	1783577310910866098	561	a5df9f029dd4b10fb8933eab353b0612e158323be43264c3ec6124ab074d16af		copy	run-evidence		
.specula-output/confirmation/MC-4/worktree/crates/sonic-dash-api-proto/sonic-dash-api/proto/ha_scope_state.proto	.specula-output/confirmation/MC-4/worktree/crates/sonic-dash-api-proto/sonic-dash-api/proto/ha_scope_state.proto	file	0664	1783577310910866098	503	ef05bb57eb034ee8b5e0e52a0cdd78a22c6dac12b636f9ec90f99e0e4a2cfb29		copy	run-evidence		
.specula-output/confirmation/MC-4/worktree/crates/sonic-dash-api-proto/sonic-dash-api/proto/ha_set.proto	.specula-output/confirmation/MC-4/worktree/crates/sonic-dash-api-proto/sonic-dash-api/proto/ha_set.proto	file	0664	1783577310911866117	1482	68a55831f4939a0e731fac047888f285fd3ce5a56b92c4bdeab5ba3940fbe427		copy	run-evidence		
.specula-output/confirmation/MC-4/worktree/crates/sonic-dash-api-proto/sonic-dash-api/proto/ha_set_config.proto	.specula-output/confirmation/MC-4/worktree/crates/sonic-dash-api-proto/sonic-dash-api/proto/ha_set_config.proto	file	0664	1783577310911866117	437	3aac48716f7e82c5ed231ec04cc1e965ab47aecd5785ea9d7bec5cdd3b93d1ea		copy	run-evidence		
.specula-output/confirmation/MC-4/worktree/crates/sonic-dash-api-proto/sonic-dash-api/proto/ha_set_state.proto	.specula-output/confirmation/MC-4/worktree/crates/sonic-dash-api-proto/sonic-dash-api/proto/ha_set_state.proto	file	0664	1783577310911866117	295	eba05677140806197c24833e25e714b7da2b9613ce4d0e7077fbcce1f7ee1795		copy	run-evidence		
.specula-output/confirmation/MC-4/worktree/crates/sonic-dash-api-proto/sonic-dash-api/proto/meter.proto	.specula-output/confirmation/MC-4/worktree/crates/sonic-dash-api-proto/sonic-dash-api/proto/meter.proto	file	0664	1783577310911866117	376	959afb32392b5cc7c5ca48ee5fefc194dc93026603d5a96c389069df48d420a0		copy	run-evidence		
.specula-output/confirmation/MC-4/worktree/crates/sonic-dash-api-proto/sonic-dash-api/proto/meter_policy.proto	.specula-output/confirmation/MC-4/worktree/crates/sonic-dash-api-proto/sonic-dash-api/proto/meter_policy.proto	file	0664	1783577310911866117	221	3b355b5224b709b5135a139285f9223904396d68493b2331ebcc5d82afd0d08c		copy	run-evidence		
.specula-output/confirmation/MC-4/worktree/crates/sonic-dash-api-proto/sonic-dash-api/proto/meter_rule.proto	.specula-output/confirmation/MC-4/worktree/crates/sonic-dash-api-proto/sonic-dash-api/proto/meter_rule.proto	file	0664	1783577310911866117	360	2406e7d2a2f89645c15cbb354794ce010a6268a08338c4a44862f69193b9a6d3		copy	run-evidence		
.specula-output/confirmation/MC-4/worktree/crates/sonic-dash-api-proto/sonic-dash-api/proto/outbound_port_map.proto	.specula-output/confirmation/MC-4/worktree/crates/sonic-dash-api-proto/sonic-dash-api/proto/outbound_port_map.proto	file	0664	1783577310911866117	282	455b111663b169e0a8d5283720a248cdd3d925e2a953d48b870f722795e30dc2		copy	run-evidence		
.specula-output/confirmation/MC-4/worktree/crates/sonic-dash-api-proto/sonic-dash-api/proto/outbound_port_map_range.proto	.specula-output/confirmation/MC-4/worktree/crates/sonic-dash-api-proto/sonic-dash-api/proto/outbound_port_map_range.proto	file	0664	1783577310911866117	417	7e2b5a74d75ecf9545ffd929cd5c05206138d43dee6cced0854c7843e6395466		copy	run-evidence		
.specula-output/confirmation/MC-4/worktree/crates/sonic-dash-api-proto/sonic-dash-api/proto/pa_validation.proto	.specula-output/confirmation/MC-4/worktree/crates/sonic-dash-api-proto/sonic-dash-api/proto/pa_validation.proto	file	0664	1783577310911866117	188	d2b4f3b5b1298d1c41a979e6493a89a185aab032cfc1c4e27780fb87af6c16c7		copy	run-evidence		
.specula-output/confirmation/MC-4/worktree/crates/sonic-dash-api-proto/sonic-dash-api/proto/prefix_tag.proto	.specula-output/confirmation/MC-4/worktree/crates/sonic-dash-api-proto/sonic-dash-api/proto/prefix_tag.proto	file	0664	1783577310911866117	332	bc238882b1e392be4c9eb7210db871e1eea2d04a59bb16fff58ef06bc82da12d		copy	run-evidence		
.specula-output/confirmation/MC-4/worktree/crates/sonic-dash-api-proto/sonic-dash-api/proto/qos.proto	.specula-output/confirmation/MC-4/worktree/crates/sonic-dash-api-proto/sonic-dash-api/proto/qos.proto	file	0664	1783577310911866117	271	6c1756762416029cb9a3757f0ff18ae014bf789c493aae39966872aeb802e61f		copy	run-evidence		
.specula-output/confirmation/MC-4/worktree/crates/sonic-dash-api-proto/sonic-dash-api/proto/route.proto	.specula-output/confirmation/MC-4/worktree/crates/sonic-dash-api-proto/sonic-dash-api/proto/route.proto	file	0664	1783577310911866117	2665	9e4b7b6d0d807f50912dfaadfd7e6f2914090f406f0b75fe9167d3d452678ffa		copy	run-evidence		
.specula-output/confirmation/MC-4/worktree/crates/sonic-dash-api-proto/sonic-dash-api/proto/route_group.proto	.specula-output/confirmation/MC-4/worktree/crates/sonic-dash-api-proto/sonic-dash-api/proto/route_group.proto	file	0664	1783577310911866117	176	9a1a5264ce8aae5d33c896ca679f16405dbb2dbd853268d718ab931566a0c2d2		copy	run-evidence		
.specula-output/confirmation/MC-4/worktree/crates/sonic-dash-api-proto/sonic-dash-api/proto/route_rule.proto	.specula-output/confirmation/MC-4/worktree/crates/sonic-dash-api-proto/sonic-dash-api/proto/route_rule.proto	file	0664	1783577310911866117	1655	3648f004ce9b7da92a2f6f2366189b704e6aa9e74794a85182a7aa9bdfa8b7ae		copy	run-evidence		
.specula-output/confirmation/MC-4/worktree/crates/sonic-dash-api-proto/sonic-dash-api/proto/route_type.proto	.specula-output/confirmation/MC-4/worktree/crates/sonic-dash-api-proto/sonic-dash-api/proto/route_type.proto	file	0664	1783577310911866117	1450	e6361b492f3491f9480a11ac304c757d95ac87f2cd364e9dae11f6187c54c5f4		copy	run-evidence		
.specula-output/confirmation/MC-4/worktree/crates/sonic-dash-api-proto/sonic-dash-api/proto/routing_appliance.proto	.specula-output/confirmation/MC-4/worktree/crates/sonic-dash-api-proto/sonic-dash-api/proto/routing_appliance.proto	file	0664	1783577310911866117	357	6de8b36bdc0258d746b1edcf1d35fb9b80f9fb484591b9d2df0a44bef3ef3113		copy	run-evidence		
.specula-output/confirmation/MC-4/worktree/crates/sonic-dash-api-proto/sonic-dash-api/proto/tunnel.proto	.specula-output/confirmation/MC-4/worktree/crates/sonic-dash-api-proto/sonic-dash-api/proto/tunnel.proto	file	0664	1783577310911866117	374	49a8b27dfcd4656991293f1f2676e8a06488388030758b266f67fbe2430c067c		copy	run-evidence		
.specula-output/confirmation/MC-4/worktree/crates/sonic-dash-api-proto/sonic-dash-api/proto/types.proto	.specula-output/confirmation/MC-4/worktree/crates/sonic-dash-api-proto/sonic-dash-api/proto/types.proto	file	0664	1783577310911866117	1593	0b1644d63d353923f33aa4e561f7181119db49715e0f745063cbe3a81f2c73a9		copy	run-evidence		
.specula-output/confirmation/MC-4/worktree/crates/sonic-dash-api-proto/sonic-dash-api/proto/vnet.proto	.specula-output/confirmation/MC-4/worktree/crates/sonic-dash-api-proto/sonic-dash-api/proto/vnet.proto	file	0664	1783577310911866117	310	8c437362618f389009463e3f94e2aa906a6b4746eff2c83752e12fbe03a8b888		copy	run-evidence		
.specula-output/confirmation/MC-4/worktree/crates/sonic-dash-api-proto/sonic-dash-api/proto/vnet_mapping.proto	.specula-output/confirmation/MC-4/worktree/crates/sonic-dash-api-proto/sonic-dash-api/proto/vnet_mapping.proto	file	0664	1783577310911866117	1826	19c8e9f32da372cccccefddcf402053260cdf106f499fee52ce6c1cbf8c4b414		copy	run-evidence		
.specula-output/confirmation/MC-4/worktree/crates/sonic-dash-api-proto/src	.specula-output/confirmation/MC-4/worktree/crates/sonic-dash-api-proto/src	directory	0775	1783577020899522528				mkdir	run-directory		
.specula-output/confirmation/MC-4/worktree/crates/sonic-dash-api-proto/src/lib.rs	.specula-output/confirmation/MC-4/worktree/crates/sonic-dash-api-proto/src/lib.rs	file	0664	1783577020899522528	1081	0d114c68775aea25eb21fb1224fe0d8e6b4ca6ba3e30aa8da93bc68723aafee1		copy	run-evidence		
.specula-output/confirmation/MC-4/worktree/crates/sonicdb-derive	.specula-output/confirmation/MC-4/worktree/crates/sonicdb-derive	directory	0775	1783577020899522528				mkdir	run-directory		
.specula-output/confirmation/MC-4/worktree/crates/sonicdb-derive/Cargo.toml	.specula-output/confirmation/MC-4/worktree/crates/sonicdb-derive/Cargo.toml	file	0664	1783577020899522528	494	4d3a5a55449607e6295ee3aa7bb48e01385e36cd8576dcadbc0c67a0fe172cb5		copy	run-evidence		
.specula-output/confirmation/MC-4/worktree/crates/sonicdb-derive/src	.specula-output/confirmation/MC-4/worktree/crates/sonicdb-derive/src	directory	0775	1783577020899522528				mkdir	run-directory		
.specula-output/confirmation/MC-4/worktree/crates/sonicdb-derive/src/lib.rs	.specula-output/confirmation/MC-4/worktree/crates/sonicdb-derive/src/lib.rs	file	0664	1783577020899522528	4957	dee27e85348f8d6cb4170a574bcf4c34b225a39835eb1514be7877991ec6371f		copy	run-evidence		
.specula-output/confirmation/MC-4/worktree/crates/sonicdb-derive/tests	.specula-output/confirmation/MC-4/worktree/crates/sonicdb-derive/tests	directory	0775	1783577020899522528				mkdir	run-directory		
.specula-output/confirmation/MC-4/worktree/crates/sonicdb-derive/tests/basic.rs	.specula-output/confirmation/MC-4/worktree/crates/sonicdb-derive/tests/basic.rs	file	0664	1783577020899522528	671	52a3abd00d6c4d09c02a71f4139cb03e9bc7e28a662585d4c9aa8aada3b9d5d8		copy	run-evidence		
.specula-output/confirmation/MC-4/worktree/crates/swbus-actor	.specula-output/confirmation/MC-4/worktree/crates/swbus-actor	directory	0775	1783577020900522547				mkdir	run-directory		
.specula-output/confirmation/MC-4/worktree/crates/swbus-actor/Cargo.toml	.specula-output/confirmation/MC-4/worktree/crates/swbus-actor/Cargo.toml	file	0664	1783577020899522528	593	b8458594718c1fa7595aef160e807f12f27e7ac6e74278ba69392b07ff91788a		copy	run-evidence		
.specula-output/confirmation/MC-4/worktree/crates/swbus-actor/src	.specula-output/confirmation/MC-4/worktree/crates/swbus-actor/src	directory	0775	1783577020900522547				mkdir	run-directory		
.specula-output/confirmation/MC-4/worktree/crates/swbus-actor/src/actor_message.rs	.specula-output/confirmation/MC-4/worktree/crates/swbus-actor/src/actor_message.rs	file	0664	1783577020899522528	2229	cbd2ebfca0cd4f31394fd0185324f59e05860a98bda9881b4bbe644166c34bab		copy	run-evidence		
.specula-output/confirmation/MC-4/worktree/crates/swbus-actor/src/driver.rs	.specula-output/confirmation/MC-4/worktree/crates/swbus-actor/src/driver.rs	file	0664	1783577020900522547	8587	2e450baed13e6d2657bb7e0026c14eace1cebf386a246030449fea0b57f2274d		copy	run-evidence		
.specula-output/confirmation/MC-4/worktree/crates/swbus-actor/src/lib.rs	.specula-output/confirmation/MC-4/worktree/crates/swbus-actor/src/lib.rs	file	0664	1783577020900522547	1668	fda76d091927d51c44ff868e5af2c415141244d27590d53059b2cc8481a96270		copy	run-evidence		
.specula-output/confirmation/MC-4/worktree/crates/swbus-actor/src/runtime.rs	.specula-output/confirmation/MC-4/worktree/crates/swbus-actor/src/runtime.rs	file	0664	1783577020900522547	2495	5ca245698919de5f5c8729b962670044e01a63c4e6df27219d41b45fa9082000		copy	run-evidence		
.specula-output/confirmation/MC-4/worktree/crates/swbus-actor/src/state	.specula-output/confirmation/MC-4/worktree/crates/swbus-actor/src/state	directory	0775	1783577020900522547				mkdir	run-directory		
.specula-output/confirmation/MC-4/worktree/crates/swbus-actor/src/state.rs	.specula-output/confirmation/MC-4/worktree/crates/swbus-actor/src/state.rs	file	0664	1783577020900522547	2561	5f002cee0f0a7c630a2ed009eefde818735b8ece52f308b48a88ce949a54192b		copy	run-evidence		
.specula-output/confirmation/MC-4/worktree/crates/swbus-actor/src/state/incoming.rs	.specula-output/confirmation/MC-4/worktree/crates/swbus-actor/src/state/incoming.rs	file	0664	1783577020900522547	8239	58649721fc05693638596fc0eb939000e023166dad4ab9a6acbb464e20ded43c		copy	run-evidence		
.specula-output/confirmation/MC-4/worktree/crates/swbus-actor/src/state/internal.rs	.specula-output/confirmation/MC-4/worktree/crates/swbus-actor/src/state/internal.rs	file	0664	1783577020900522547	4947	df2a3d82f3e88e8bf02c94f9ed242cd0aa05910506a180bf7bf3e2caf74e4b24		copy	run-evidence		
.specula-output/confirmation/MC-4/worktree/crates/swbus-actor/src/state/outgoing.rs	.specula-output/confirmation/MC-4/worktree/crates/swbus-actor/src/state/outgoing.rs	file	0664	1783577020900522547	9087	9072a2340f004f04620459e715991ef61990f269e1fe4f770fa76e1f519bce29		copy	run-evidence		
.specula-output/confirmation/MC-4/worktree/crates/swbus-actor/tests	.specula-output/confirmation/MC-4/worktree/crates/swbus-actor/tests	directory	0775	1783577020900522547				mkdir	run-directory		
.specula-output/confirmation/MC-4/worktree/crates/swbus-actor/tests/count_to_1000.json	.specula-output/confirmation/MC-4/worktree/crates/swbus-actor/tests/count_to_1000.json	file	0664	1783577020900522547	462	a526d7f7fd63dee8e6a28441d4ccdb5051bad804c5abf6973d795f186ae9f90c		copy	run-evidence		
.specula-output/confirmation/MC-4/worktree/crates/swbus-actor/tests/count_to_1000_internal_table.json	.specula-output/confirmation/MC-4/worktree/crates/swbus-actor/tests/count_to_1000_internal_table.json	file	0664	1783577020900522547	777	3360024920871c2ccc8b41b6d66ff877c2191c30b65b1ff88761c7859ab5702f		copy	run-evidence		
.specula-output/confirmation/MC-4/worktree/crates/swbus-actor/tests/echo.json	.specula-output/confirmation/MC-4/worktree/crates/swbus-actor/tests/echo.json	file	0664	1783577020900522547	816	3932f2c4900222c50157d25ae9e2f857486542ca7a1fc35faf59906b81c70bb0		copy	run-evidence		
.specula-output/confirmation/MC-4/worktree/crates/swbus-actor/tests/echo.rs	.specula-output/confirmation/MC-4/worktree/crates/swbus-actor/tests/echo.rs	file	0664	1783577020900522547	3189	b0efe97d0aba9e36c6ecd1c07ef9cc62a1564e0ad0bcd354b8243be91e498174		copy	run-evidence		
.specula-output/confirmation/MC-4/worktree/crates/swbus-actor/tests/kvstore.rs	.specula-output/confirmation/MC-4/worktree/crates/swbus-actor/tests/kvstore.rs	file	0664	1783577020900522547	14209	222d6b28b6d6349592f9d666ebcab19d82969ecdbd8871efb0fd7a4c30a7c392		copy	run-evidence		
.specula-output/confirmation/MC-4/worktree/crates/swbus-actor/tests/test_executor.rs	.specula-output/confirmation/MC-4/worktree/crates/swbus-actor/tests/test_executor.rs	file	0664	1783577020900522547	7562	50043e5deff8832b7d1543a1efd479828590b86a3a6f01311ce7b7e0adf888ec		copy	run-evidence		
.specula-output/confirmation/MC-4/worktree/crates/swbus-cli	.specula-output/confirmation/MC-4/worktree/crates/swbus-cli	directory	0775	1783577020900522547				mkdir	run-directory		
.specula-output/confirmation/MC-4/worktree/crates/swbus-cli/Cargo.toml	.specula-output/confirmation/MC-4/worktree/crates/swbus-cli/Cargo.toml	file	0664	1783577020900522547	1071	65cdad879d4bb96ee5bb725314c9ce6e3e55cf76cf87983210a54bfd7e8cc97d		copy	run-evidence		
.specula-output/confirmation/MC-4/worktree/crates/swbus-cli/README.md	.specula-output/confirmation/MC-4/worktree/crates/swbus-cli/README.md	file	0664	1783577020900522547	38259	e107629ff39c946eb879f1767836944d45d8c268c4fbb092d0b488558f6d537c		copy	run-evidence		
.specula-output/confirmation/MC-4/worktree/crates/swbus-cli/src	.specula-output/confirmation/MC-4/worktree/crates/swbus-cli/src	directory	0775	1783577020901522565				mkdir	run-directory		
.specula-output/confirmation/MC-4/worktree/crates/swbus-cli/src/main.rs	.specula-output/confirmation/MC-4/worktree/crates/swbus-cli/src/main.rs	file	0664	1783577020901522565	9069	9d07ab9ea427e8658c53ee5eaa4f6099d2eaf8ff22d2074da8dac0dd591f9e94		copy	run-evidence		
.specula-output/confirmation/MC-4/worktree/crates/swbus-cli/src/ping.rs	.specula-output/confirmation/MC-4/worktree/crates/swbus-cli/src/ping.rs	file	0664	1783577020901522565	3482	302b9f0b87b6637a1f3f04b9564db8bdcdb38f7c393d2487cb49ce4501ecf39f		copy	run-evidence		
.specula-output/confirmation/MC-4/worktree/crates/swbus-cli/src/show	.specula-output/confirmation/MC-4/worktree/crates/swbus-cli/src/show	directory	0775	1783577020901522565				mkdir	run-directory		
.specula-output/confirmation/MC-4/worktree/crates/swbus-cli/src/show/hamgrd	.specula-output/confirmation/MC-4/worktree/crates/swbus-cli/src/show/hamgrd	directory	0775	1783577020901522565				mkdir	run-directory		
.specula-output/confirmation/MC-4/worktree/crates/swbus-cli/src/show/hamgrd/actor.rs	.specula-output/confirmation/MC-4/worktree/crates/swbus-cli/src/show/hamgrd/actor.rs	file	0664	1783577020901522565	12765	47bab784e11ec8e3ee6702bd30ae517196da980168dd6745a610a1d0b3d35b03		copy	run-evidence		
.specula-output/confirmation/MC-4/worktree/crates/swbus-cli/src/show/hamgrd/mod.rs	.specula-output/confirmation/MC-4/worktree/crates/swbus-cli/src/show/hamgrd/mod.rs	file	0664	1783577020901522565	742	c6a56e88d069056b1c90cbdc05a6157dc192c99abcb24f0468b5f71513c2e937		copy	run-evidence		
.specula-output/confirmation/MC-4/worktree/crates/swbus-cli/src/show/mod.rs	.specula-output/confirmation/MC-4/worktree/crates/swbus-cli/src/show/mod.rs	file	0664	1783577020901522565	2339	4d797f0f441551b13c7551691376bf4401e0af84c573d3c1f04e684312d43993		copy	run-evidence		
.specula-output/confirmation/MC-4/worktree/crates/swbus-cli/src/show/swbusd	.specula-output/confirmation/MC-4/worktree/crates/swbus-cli/src/show/swbusd	directory	0775	1783577020901522565				mkdir	run-directory		
.specula-output/confirmation/MC-4/worktree/crates/swbus-cli/src/show/swbusd/mod.rs	.specula-output/confirmation/MC-4/worktree/crates/swbus-cli/src/show/swbusd/mod.rs	file	0664	1783577020901522565	743	61e790a87bcee322326c7d5bfc851b9af3328948d282958532921e2330826a4e		copy	run-evidence		
.specula-output/confirmation/MC-4/worktree/crates/swbus-cli/src/show/swbusd/route.rs	.specula-output/confirmation/MC-4/worktree/crates/swbus-cli/src/show/swbusd/route.rs	file	0664	1783577020901522565	2332	449e8c04a13912bdd698fd85fe3e5b69f5effc45720b64f60a3781a72a9de561		copy	run-evidence		
.specula-output/confirmation/MC-4/worktree/crates/swbus-cli/src/trace_route.rs	.specula-output/confirmation/MC-4/worktree/crates/swbus-cli/src/trace_route.rs	file	0664	1783577020901522565	3667	e77d34f013f78ffb80acc8c1d55c1869100580a284fcf3f0775817c1f2ad665b		copy	run-evidence		
.specula-output/confirmation/MC-4/worktree/crates/swbus-config	.specula-output/confirmation/MC-4/worktree/crates/swbus-config	directory	0775	1783577020901522565				mkdir	run-directory		
.specula-output/confirmation/MC-4/worktree/crates/swbus-config/Cargo.toml	.specula-output/confirmation/MC-4/worktree/crates/swbus-config/Cargo.toml	file	0664	1783577020901522565	559	79bc8140e9eb0d7f02e8bdece38cffe8281b75bf50dce639777b047622da7fc3		copy	run-evidence		
.specula-output/confirmation/MC-4/worktree/crates/swbus-config/src	.specula-output/confirmation/MC-4/worktree/crates/swbus-config/src	directory	0775	1783577020901522565				mkdir	run-directory		
.specula-output/confirmation/MC-4/worktree/crates/swbus-config/src/lib.rs	.specula-output/confirmation/MC-4/worktree/crates/swbus-config/src/lib.rs	file	0664	1783577020901522565	18793	ffcadaeb1bd7d0ed3392c7eb60ac3534f6830a2da95054c6748b9636cffc3ca0		copy	run-evidence		
.specula-output/confirmation/MC-4/worktree/crates/swbus-core	.specula-output/confirmation/MC-4/worktree/crates/swbus-core	directory	0775	1783577020902522583				mkdir	run-directory		
.specula-output/confirmation/MC-4/worktree/crates/swbus-core/Cargo.toml	.specula-output/confirmation/MC-4/worktree/crates/swbus-core/Cargo.toml	file	0664	1783577020901522565	1330	c79318a8db3b49666b6d556318936e57d7c839fbe7df192f02b7a5dc350fa039		copy	run-evidence		
.specula-output/confirmation/MC-4/worktree/crates/swbus-core/README.md	.specula-output/confirmation/MC-4/worktree/crates/swbus-core/README.md	file	0664	1783577020901522565	1416	7b6e4f07bf7073b3731ba25b30d7f13c27e0977d666b95c579669bd16d5a3042		copy	run-evidence		
.specula-output/confirmation/MC-4/worktree/crates/swbus-core/src	.specula-output/confirmation/MC-4/worktree/crates/swbus-core/src	directory	0775	1783577020901522565				mkdir	run-directory		
.specula-output/confirmation/MC-4/worktree/crates/swbus-core/src/lib.rs	.specula-output/confirmation/MC-4/worktree/crates/swbus-core/src/lib.rs	file	0664	1783577020901522565	13	f2c4a3f2982159d12c01660774a358d089842e360f791542e27b0a63f40fe44e		copy	run-evidence		
.specula-output/confirmation/MC-4/worktree/crates/swbus-core/src/mux	.specula-output/confirmation/MC-4/worktree/crates/swbus-core/src/mux	directory	0775	1783577020902522583				mkdir	run-directory		
.specula-output/confirmation/MC-4/worktree/crates/swbus-core/src/mux/conn.rs	.specula-output/confirmation/MC-4/worktree/crates/swbus-core/src/mux/conn.rs	file	0664	1783577020901522565	9440	f6752c32a029b6ee3d0c12249185a5024fd75ceb01b03afe883bd7ed1cee94ca		copy	run-evidence		
.specula-output/confirmation/MC-4/worktree/crates/swbus-core/src/mux/conn_info.rs	.specula-output/confirmation/MC-4/worktree/crates/swbus-core/src/mux/conn_info.rs	file	0664	1783577020901522565	3011	9b85b1e1c6f83c8a42380a9b155fa5a65df70c494d4a0de40b1d5d63fdbdbcfb		copy	run-evidence		
.specula-output/confirmation/MC-4/worktree/crates/swbus-core/src/mux/conn_proxy.rs	.specula-output/confirmation/MC-4/worktree/crates/swbus-core/src/mux/conn_proxy.rs	file	0664	1783577020901522565	2046	de7d3fb1c2df94f54e7270123e579094b8e12b8edb2b53a1a687bd3269ffa448		copy	run-evidence		
.specula-output/confirmation/MC-4/worktree/crates/swbus-core/src/mux/conn_store.rs	.specula-output/confirmation/MC-4/worktree/crates/swbus-core/src/mux/conn_store.rs	file	0664	1783577020901522565	6605	41d21e16d938f2d48b8493cc3df468583cfdfb097c172fceef5864d04203e817		copy	run-evidence		
.specula-output/confirmation/MC-4/worktree/crates/swbus-core/src/mux/conn_worker.rs	.specula-output/confirmation/MC-4/worktree/crates/swbus-core/src/mux/conn_worker.rs	file	0664	1783577020902522583	15099	3b158bb968c38d16f5a57be40607fa9b09c8cd57aac8d96002785a6c08be15e4		copy	run-evidence		
.specula-output/confirmation/MC-4/worktree/crates/swbus-core/src/mux/message_handler.rs	.specula-output/confirmation/MC-4/worktree/crates/swbus-core/src/mux/message_handler.rs	file	0664	1783577020902522583	158	f930df5f26de8d7cd9345640421dfd9e03c43edc27c0d3a3f57df4f9ace00abc		copy	run-evidence		
.specula-output/confirmation/MC-4/worktree/crates/swbus-core/src/mux/mod.rs	.specula-output/confirmation/MC-4/worktree/crates/swbus-core/src/mux/mod.rs	file	0664	1783577020902522583	346	bb79fa8dc0dccb7f34c2f0590cc2c293b7807a71ee917c99b415c024d6e67283		copy	run-evidence		
.specula-output/confirmation/MC-4/worktree/crates/swbus-core/src/mux/multiplexer.rs	.specula-output/confirmation/MC-4/worktree/crates/swbus-core/src/mux/multiplexer.rs	file	0664	1783577020902522583	67052	28a50fe1740d4c3f29bcc998f10c95282f00d232845dc19b9a48726207342b76		copy	run-evidence		
.specula-output/confirmation/MC-4/worktree/crates/swbus-core/src/mux/nexthop.rs	.specula-output/confirmation/MC-4/worktree/crates/swbus-core/src/mux/nexthop.rs	file	0664	1783577020902522583	12982	bcbcedb9b9789ecacc1bfd288d23b6c92dda0d75b67053dac94917a335e503dd		copy	run-evidence		
.specula-output/confirmation/MC-4/worktree/crates/swbus-core/src/mux/route_annoucer.rs	.specula-output/confirmation/MC-4/worktree/crates/swbus-core/src/mux/route_annoucer.rs	file	0664	1783577020902522583	8957	d78c3f66cae469d8c2447ef379cdcb3c4e762aba27ebb47194bfcc4803260e3d		copy	run-evidence		
.specula-output/confirmation/MC-4/worktree/crates/swbus-core/src/mux/service.rs	.specula-output/confirmation/MC-4/worktree/crates/swbus-core/src/mux/service.rs	file	0664	1783577020902522583	6880	bff225afcbbf76309e00b3e7802f951d538dd14c73332ef1831f9edd75b88923		copy	run-evidence		
.specula-output/confirmation/MC-4/worktree/crates/swbus-core/tests	.specula-output/confirmation/MC-4/worktree/crates/swbus-core/tests	directory	0775	1783577020903522602				mkdir	run-directory		
.specula-output/confirmation/MC-4/worktree/crates/swbus-core/tests/README.md	.specula-output/confirmation/MC-4/worktree/crates/swbus-core/tests/README.md	file	0664	1783577020902522583	4503	e2741cb85a00b0bc3d26d64aa03266506a734ac0c05f9e9ce047e2c04d4f0203		copy	run-evidence		
.specula-output/confirmation/MC-4/worktree/crates/swbus-core/tests/basic_tests.rs	.specula-output/confirmation/MC-4/worktree/crates/swbus-core/tests/basic_tests.rs	file	0664	1783577020902522583	1282	7ae57d1b5ee64a505e5fb02426585f4569dfc5b609583462372c83eb993a3199		copy	run-evidence		
.specula-output/confirmation/MC-4/worktree/crates/swbus-core/tests/common	.specula-output/confirmation/MC-4/worktree/crates/swbus-core/tests/common	directory	0775	1783577020902522583				mkdir	run-directory		
.specula-output/confirmation/MC-4/worktree/crates/swbus-core/tests/common/mod.rs	.specula-output/confirmation/MC-4/worktree/crates/swbus-core/tests/common/mod.rs	file	0664	1783577020902522583	23	4bffae5c73b3fb27a869ffb553a542afe718b36f6ca9c879789a7d562ef2aa38		copy	run-evidence		
.specula-output/confirmation/MC-4/worktree/crates/swbus-core/tests/common/test_executor.rs	.specula-output/confirmation/MC-4/worktree/crates/swbus-core/tests/common/test_executor.rs	file	0664	1783577020902522583	9518	f5d2563cc8f5bc5b906d9d550ad88b43545279fe31de0eb0c62dc651d19f020d		copy	run-evidence		
.specula-output/confirmation/MC-4/worktree/crates/swbus-core/tests/data	.specula-output/confirmation/MC-4/worktree/crates/swbus-core/tests/data	directory	0775	1783577020903522602				mkdir	run-directory		
.specula-output/confirmation/MC-4/worktree/crates/swbus-core/tests/data/b2b	.specula-output/confirmation/MC-4/worktree/crates/swbus-core/tests/data/b2b	directory	0775	1783577020903522602				mkdir	run-directory		
.specula-output/confirmation/MC-4/worktree/crates/swbus-core/tests/data/b2b/test_ping.json	.specula-output/confirmation/MC-4/worktree/crates/swbus-core/tests/data/b2b/test_ping.json	file	0664	1783577020903522602	3861	121c48e72ddada29549444f3f369b880c786a3b8bcc3be90829993c839e20334		copy	run-evidence		
.specula-output/confirmation/MC-4/worktree/crates/swbus-core/tests/data/b2b/test_show_route.json	.specula-output/confirmation/MC-4/worktree/crates/swbus-core/tests/data/b2b/test_show_route.json	file	0664	1783577020903522602	2406	4d770ea007370b04d62c7e9abad7547cef35af72de4973e8ceffbfe7d2efb48c		copy	run-evidence		
.specula-output/confirmation/MC-4/worktree/crates/swbus-core/tests/data/b2b/test_trace_route.json	.specula-output/confirmation/MC-4/worktree/crates/swbus-core/tests/data/b2b/test_trace_route.json	file	0664	1783577020903522602	3825	d66b6a38c8d290e3220a3a59b8928fa460126b411607c6a6367f4b37406b132a		copy	run-evidence		
.specula-output/confirmation/MC-4/worktree/crates/swbus-core/tests/data/b2b/topo.json	.specula-output/confirmation/MC-4/worktree/crates/swbus-core/tests/data/b2b/topo.json	file	0664	1783577020903522602	1129	7f245989e5059b18fabf7b5a16c7d775bf74792684f6550799515fd7d5a36dee		copy	run-evidence		
.specula-output/confirmation/MC-4/worktree/crates/swbus-core/tests/data/inter-cluster	.specula-output/confirmation/MC-4/worktree/crates/swbus-core/tests/data/inter-cluster	directory	0775	1783577020903522602				mkdir	run-directory		
.specula-output/confirmation/MC-4/worktree/crates/swbus-core/tests/data/inter-cluster/test_ping.json	.specula-output/confirmation/MC-4/worktree/crates/swbus-core/tests/data/inter-cluster/test_ping.json	file	0664	1783577020903522602	1240	384b680d1ab080bf5676feb07454d59fe9c231f6b999d94e817de1a8b8fcaa30		copy	run-evidence		
.specula-output/confirmation/MC-4/worktree/crates/swbus-core/tests/data/inter-cluster/test_show_route.json	.specula-output/confirmation/MC-4/worktree/crates/swbus-core/tests/data/inter-cluster/test_show_route.json	file	0664	1783577020903522602	3159	d720404da221821256a32fbfd0c1e7fe7c80d5ddb11a01f1d10eac2e94789c30		copy	run-evidence		
.specula-output/confirmation/MC-4/worktree/crates/swbus-core/tests/data/inter-cluster/topo.json	.specula-output/confirmation/MC-4/worktree/crates/swbus-core/tests/data/inter-cluster/topo.json	file	0664	1783577020903522602	2628	10ccb3a884b12e8cb8cc38a5800e6109f4d0c5adefd6c106a3982942c4117fe4		copy	run-evidence		
.specula-output/confirmation/MC-4/worktree/crates/swbus-core/tests/inter_cluster_tests.rs	.specula-output/confirmation/MC-4/worktree/crates/swbus-core/tests/inter_cluster_tests.rs	file	0664	1783577020903522602	972	c475273e93281d918b0e00f56b58b8a7b710a48bdffe43e2aa217043f5a6accc		copy	run-evidence		
.specula-output/confirmation/MC-4/worktree/crates/swbus-edge	.specula-output/confirmation/MC-4/worktree/crates/swbus-edge	directory	0775	1783577020903522602				mkdir	run-directory		
.specula-output/confirmation/MC-4/worktree/crates/swbus-edge/Cargo.toml	.specula-output/confirmation/MC-4/worktree/crates/swbus-edge/Cargo.toml	file	0664	1783577020903522602	752	6eabac2ce4f046ba26b173216304859075b31429651a1d9acaea0ed63e2ce59f		copy	run-evidence		
.specula-output/confirmation/MC-4/worktree/crates/swbus-edge/src	.specula-output/confirmation/MC-4/worktree/crates/swbus-edge/src	directory	0775	1783577020903522602				mkdir	run-directory		
.specula-output/confirmation/MC-4/worktree/crates/swbus-edge/src/core_client.rs	.specula-output/confirmation/MC-4/worktree/crates/swbus-edge/src/core_client.rs	file	0664	1783577020903522602	7284	4c51402847f363a0e62ccc7c2861d95546c89f07a7e396751b2dee6de3f7f4a4		copy	run-evidence		
.specula-output/confirmation/MC-4/worktree/crates/swbus-edge/src/edge_runtime.rs	.specula-output/confirmation/MC-4/worktree/crates/swbus-edge/src/edge_runtime.rs	file	0664	1783577020903522602	10890	7d5d3a0ba3fdd67421da20c188922d30f01943b30a86215f17d0872251244913		copy	run-evidence		
.specula-output/confirmation/MC-4/worktree/crates/swbus-edge/src/lib.rs	.specula-output/confirmation/MC-4/worktree/crates/swbus-edge/src/lib.rs	file	0664	1783577020903522602	576	faa5c95b88dd1e34c954c7b8f1c0b07bca26b7a3d3bde04cfe632e4751790235		copy	run-evidence		
.specula-output/confirmation/MC-4/worktree/crates/swbus-edge/src/message_handler_proxy.rs	.specula-output/confirmation/MC-4/worktree/crates/swbus-edge/src/message_handler_proxy.rs	file	0664	1783577020903522602	749	cfc59cbcbc8d0d7c834282aa40a9f0831cdf01ff2af7c5cf48ad59e29fb390f3		copy	run-evidence		
.specula-output/confirmation/MC-4/worktree/crates/swbus-edge/src/message_router	.specula-output/confirmation/MC-4/worktree/crates/swbus-edge/src/message_router	directory	0775	1783577020903522602				mkdir	run-directory		
.specula-output/confirmation/MC-4/worktree/crates/swbus-edge/src/message_router.rs	.specula-output/confirmation/MC-4/worktree/crates/swbus-edge/src/message_router.rs	file	0664	1783577020903522602	4376	75ccbe703a6d3a085d1d201d25ed68166cbfffe81253171fc5238ca35dfa3678		copy	run-evidence		
.specula-output/confirmation/MC-4/worktree/crates/swbus-edge/src/message_router/route_map.rs	.specula-output/confirmation/MC-4/worktree/crates/swbus-edge/src/message_router/route_map.rs	file	0664	1783577020903522602	1159	3fa445253853cba9c638369165ade9035f4a2c5d468c2cf349e7acd46b9722fc		copy	run-evidence		
.specula-output/confirmation/MC-4/worktree/crates/swbus-edge/src/simple_client.rs	.specula-output/confirmation/MC-4/worktree/crates/swbus-edge/src/simple_client.rs	file	0664	1783577020903522602	8859	7cb77df0b2ab1f2769bcffc19c837c968e7441843dd1108ec9bbc005cc45b4ec		copy	run-evidence		
.specula-output/confirmation/MC-4/worktree/crates/swbus-proto	.specula-output/confirmation/MC-4/worktree/crates/swbus-proto	directory	0775	1783577020904522620				mkdir	run-directory		
.specula-output/confirmation/MC-4/worktree/crates/swbus-proto/Cargo.toml	.specula-output/confirmation/MC-4/worktree/crates/swbus-proto/Cargo.toml	file	0664	1783577020903522602	558	53075c8a8953b79a5af426c44e916d9173cf353783d330db43f605f2d7464c60		copy	run-evidence		
.specula-output/confirmation/MC-4/worktree/crates/swbus-proto/build.rs	.specula-output/confirmation/MC-4/worktree/crates/swbus-proto/build.rs	file	0664	1783577020903522602	2026	475cdc9bca2eccbcbb42c7d6a07d2722669cef7228295088c8274cd681dd4484		copy	run-evidence		
.specula-output/confirmation/MC-4/worktree/crates/swbus-proto/proto	.specula-output/confirmation/MC-4/worktree/crates/swbus-proto/proto	directory	0775	1783577020903522602				mkdir	run-directory		
.specula-output/confirmation/MC-4/worktree/crates/swbus-proto/proto/swbus.proto	.specula-output/confirmation/MC-4/worktree/crates/swbus-proto/proto/swbus.proto	file	0664	1783577020904522620	6294	aac645c86603c5df39e5077aa1f869c542a0ca1421d44d8e1fca8f6ff3e636ea		copy	run-evidence		
.specula-output/confirmation/MC-4/worktree/crates/swbus-proto/src	.specula-output/confirmation/MC-4/worktree/crates/swbus-proto/src	directory	0775	1783577020904522620				mkdir	run-directory		
.specula-output/confirmation/MC-4/worktree/crates/swbus-proto/src/lib.rs	.specula-output/confirmation/MC-4/worktree/crates/swbus-proto/src/lib.rs	file	0664	1783577020904522620	61	d17df02f80826a817591af5b5010b0f6ac4898f5699eacd91ad7b47196752c22		copy	run-evidence		
.specula-output/confirmation/MC-4/worktree/crates/swbus-proto/src/message_id_generator.rs	.specula-output/confirmation/MC-4/worktree/crates/swbus-proto/src/message_id_generator.rs	file	0664	1783577020904522620	843	e719f9dd9bed5b86769144312a3c1e3a9af6c8767092dc9486d67bb3abb8fc11		copy	run-evidence		
.specula-output/confirmation/MC-4/worktree/crates/swbus-proto/src/result.rs	.specula-output/confirmation/MC-4/worktree/crates/swbus-proto/src/result.rs	file	0664	1783577020904522620	2424	a96858c007b047d749ea20494a2e1231eff29c547de8b7ebb0040ad8c5dd4676		copy	run-evidence		
.specula-output/confirmation/MC-4/worktree/crates/swbus-proto/src/swbus.rs	.specula-output/confirmation/MC-4/worktree/crates/swbus-proto/src/swbus.rs	file	0664	1783577020904522620	23852	20d8e932178d8c48aede8b3d87b633155c3ca9565b0f185aed190970c0a6ee42		copy	run-evidence		
.specula-output/confirmation/MC-4/worktree/crates/swbusd	.specula-output/confirmation/MC-4/worktree/crates/swbusd	directory	0775	1783577020904522620				mkdir	run-directory		
.specula-output/confirmation/MC-4/worktree/crates/swbusd/Cargo.toml	.specula-output/confirmation/MC-4/worktree/crates/swbusd/Cargo.toml	file	0664	1783577020904522620	717	54924fd7838c8233ff4bb1a2c69ab2d64c508e01b855299dcd305d24f38c5bf1		copy	run-evidence		
.specula-output/confirmation/MC-4/worktree/crates/swbusd/sample	.specula-output/confirmation/MC-4/worktree/crates/swbusd/sample	directory	0775	1783577020904522620				mkdir	run-directory		
.specula-output/confirmation/MC-4/worktree/crates/swbusd/sample/inter-cluster	.specula-output/confirmation/MC-4/worktree/crates/swbusd/sample/inter-cluster	directory	0775	1783577020904522620				mkdir	run-directory		
.specula-output/confirmation/MC-4/worktree/crates/swbusd/sample/inter-cluster/swbusd_cluster-a.10.0.0.1.cfg	.specula-output/confirmation/MC-4/worktree/crates/swbusd/sample/inter-cluster/swbusd_cluster-a.10.0.0.1.cfg	file	0664	1783577020904522620	470	0f011fc137e242399d46c0b5f2c340f26d6f32f92a44316a10e4e1c7e388e9a1		copy	run-evidence		
.specula-output/confirmation/MC-4/worktree/crates/swbusd/sample/inter-cluster/swbusd_cluster-a.10.0.0.2.cfg	.specula-output/confirmation/MC-4/worktree/crates/swbusd/sample/inter-cluster/swbusd_cluster-a.10.0.0.2.cfg	file	0664	1783577020904522620	274	196dd09c012bef6ace2d36fb3911625f4cdaf808059fb519418e398080c76999		copy	run-evidence		
.specula-output/confirmation/MC-4/worktree/crates/swbusd/sample/inter-cluster/swbusd_cluster-b.11.0.0.1.cfg	.specula-output/confirmation/MC-4/worktree/crates/swbusd/sample/inter-cluster/swbusd_cluster-b.11.0.0.1.cfg	file	0664	1783577020904522620	343	eb4623b5c1f3c39b3e402fdb41ca86aef420b5a8a3650613f2a9823b04ac55bf		copy	run-evidence		
.specula-output/confirmation/MC-4/worktree/crates/swbusd/sample/swbusd1.cfg	.specula-output/confirmation/MC-4/worktree/crates/swbusd/sample/swbusd1.cfg	file	0664	1783577020904522620	344	5048fdda47d8a6f85ecf7552fa66ebbb4d3ed5b785f836a720b7eeb51bd22b19		copy	run-evidence		
.specula-output/confirmation/MC-4/worktree/crates/swbusd/sample/swbusd2.cfg	.specula-output/confirmation/MC-4/worktree/crates/swbusd/sample/swbusd2.cfg	file	0664	1783577020904522620	274	196dd09c012bef6ace2d36fb3911625f4cdaf808059fb519418e398080c76999		copy	run-evidence		
.specula-output/confirmation/MC-4/worktree/crates/swbusd/src	.specula-output/confirmation/MC-4/worktree/crates/swbusd/src	directory	0775	1783577020904522620				mkdir	run-directory		
.specula-output/confirmation/MC-4/worktree/crates/swbusd/src/main.rs	.specula-output/confirmation/MC-4/worktree/crates/swbusd/src/main.rs	file	0664	1783577020904522620	1262	967c40e9b6ba91ab7884f883516746bf5b6bcd94aa38cec68485a427e32b9fd4		copy	run-evidence		
.specula-output/confirmation/MC-4/worktree/crates/swss-common-bridge	.specula-output/confirmation/MC-4/worktree/crates/swss-common-bridge	directory	0775	1783577020904522620				mkdir	run-directory		
.specula-output/confirmation/MC-4/worktree/crates/swss-common-bridge/Cargo.toml	.specula-output/confirmation/MC-4/worktree/crates/swss-common-bridge/Cargo.toml	file	0664	1783577020904522620	755	90d0fd07f27224840f9e8aa43ae6d16be1e433fdcd9bffed3e9d7d5c27f0caac		copy	run-evidence		
.specula-output/confirmation/MC-4/worktree/crates/swss-common-bridge/src	.specula-output/confirmation/MC-4/worktree/crates/swss-common-bridge/src	directory	0775	1783577020904522620				mkdir	run-directory		
.specula-output/confirmation/MC-4/worktree/crates/swss-common-bridge/src/consumer.rs	.specula-output/confirmation/MC-4/worktree/crates/swss-common-bridge/src/consumer.rs	file	0664	1783577020904522620	15722	d29510353c47d63cc4732f9075e55428f5605a35cb40c84728bfe585e3b6ae81		copy	run-evidence		
.specula-output/confirmation/MC-4/worktree/crates/swss-common-bridge/src/lib.rs	.specula-output/confirmation/MC-4/worktree/crates/swss-common-bridge/src/lib.rs	file	0664	1783577020904522620	2341	d50bada2027ab4bdfe19da142733e301550d8a13a43b728baf38f1dc0a95f619		copy	run-evidence		
.specula-output/confirmation/MC-4/worktree/crates/swss-common-bridge/src/producer.rs	.specula-output/confirmation/MC-4/worktree/crates/swss-common-bridge/src/producer.rs	file	0664	1783577020904522620	16096	e6204c6c8b791275c57cb4d4818b4c1c2be3cc0bf6e317bd95743aa20527d18a		copy	run-evidence		
.specula-output/confirmation/MC-4/worktree/crates/swss-serde	.specula-output/confirmation/MC-4/worktree/crates/swss-serde	directory	0775	1783577020904522620				mkdir	run-directory		
.specula-output/confirmation/MC-4/worktree/crates/swss-serde/Cargo.toml	.specula-output/confirmation/MC-4/worktree/crates/swss-serde/Cargo.toml	file	0664	1783577020904522620	409	996d81b6c4c147fde077b633256c11bd82fa1e005462fc46dca009ae66a3bead		copy	run-evidence		
.specula-output/confirmation/MC-4/worktree/crates/swss-serde/src	.specula-output/confirmation/MC-4/worktree/crates/swss-serde/src	directory	0775	1783577020905522639				mkdir	run-directory		
.specula-output/confirmation/MC-4/worktree/crates/swss-serde/src/error.rs	.specula-output/confirmation/MC-4/worktree/crates/swss-serde/src/error.rs	file	0664	1783577020904522620	595	cde10988fad503119f0fcfff46c95c6b2173005227d97f6e412499269c64e017		copy	run-evidence		
.specula-output/confirmation/MC-4/worktree/crates/swss-serde/src/field_value.rs	.specula-output/confirmation/MC-4/worktree/crates/swss-serde/src/field_value.rs	file	0664	1783577020905522639	10246	8a9087750327abf38082b37f096912427bfb3306dbe93c986947c8325d1565b9		copy	run-evidence		
.specula-output/confirmation/MC-4/worktree/crates/swss-serde/src/field_values.rs	.specula-output/confirmation/MC-4/worktree/crates/swss-serde/src/field_values.rs	file	0664	1783577020905522639	5341	4bdecb30295f4d23fdb2425d040c4cc4dcfff22331112d8ad441ce91ed524ef8		copy	run-evidence		
.specula-output/confirmation/MC-4/worktree/crates/swss-serde/src/lib.rs	.specula-output/confirmation/MC-4/worktree/crates/swss-serde/src/lib.rs	file	0664	1783577020905522639	1359	5ed868b6f5d73e9e01ccfef09f376878eaf337279e11c19ddbaea191839bb578		copy	run-evidence		
.specula-output/confirmation/MC-4/worktree/crates/swss-serde/src/table.rs	.specula-output/confirmation/MC-4/worktree/crates/swss-serde/src/table.rs	file	0664	1783577020905522639	3496	8761b69bf3fc7ab4f824400e828437f3e05c64707ab27772c0ebdc94d3e5fb92		copy	run-evidence		
.specula-output/confirmation/MC-4/worktree/crates/swss-serde/src/test.rs	.specula-output/confirmation/MC-4/worktree/crates/swss-serde/src/test.rs	file	0664	1783577020905522639	5878	ba5857b01fa8dcc87b8107f3f475c996b370fd65efe9c8c944d6123de14559fa		copy	run-evidence		
.specula-output/confirmation/MC-4/worktree/debian	.specula-output/confirmation/MC-4/worktree/debian	directory	0775	1783577020905522639				mkdir	run-directory		
.specula-output/confirmation/MC-4/worktree/debian/.gitignore	.record/source-control/.specula-output/confirmation/MC-4/worktree/debian/gitignore.source	file	0664	1783577020905522639	66	5ba161d24cf3cf6ca666052cd4a803bc4c5b4513f2f2d8ce173dd44ac27b332c		copy	run-evidence		
.specula-output/confirmation/MC-4/worktree/debian/changelog	.specula-output/confirmation/MC-4/worktree/debian/changelog	file	0664	1783577020905522639	133	b0e4c77158baf68f5f4e44a9e9cf8cc2cb87fb1e5d972d5c8ece7ec12bcf9ebf		copy	run-evidence		
.specula-output/confirmation/MC-4/worktree/debian/compat	.specula-output/confirmation/MC-4/worktree/debian/compat	file	0664	1783577020905522639	2	4fc82b26aecb47d2868c4efbe3581732a3e7cbcc6c2efb32062c08170a05eeb8		copy	run-evidence		
.specula-output/confirmation/MC-4/worktree/debian/control	.specula-output/confirmation/MC-4/worktree/debian/control	file	0664	1783577020905522639	402	dc830719b6f4481a9ceb047afe697fd9646c1bc4004c3044954d142af14c3300		copy	run-evidence		
.specula-output/confirmation/MC-4/worktree/debian/install	.specula-output/confirmation/MC-4/worktree/debian/install	file	0664	1783577020905522639	130	191b4426c4b291ad2a887f4ca2ff8f117b3e011c79935548c46427b23a5b0f8f		copy	run-evidence		
.specula-output/confirmation/MC-4/worktree/debian/rules	.specula-output/confirmation/MC-4/worktree/debian/rules	file	0775	1783577020905522639	345	7cde28e0b934350b9de186d64baad0f0b9eed95dd6992125c8e29d0175d735bc		copy	run-evidence		
.specula-output/confirmation/MC-4/worktree/rustfmt.toml	.specula-output/confirmation/MC-4/worktree/rustfmt.toml	file	0664	1783577020905522639	443	b978c41d933c21053898dcf392291fd90addd3558f99149227132b85a17be027		copy	run-evidence		
.specula-output/confirmation/MC-4/worktree/scripts	.specula-output/confirmation/MC-4/worktree/scripts	directory	0775	1783577020905522639				mkdir	run-directory		
.specula-output/confirmation/MC-4/worktree/scripts/wait_for_loopback.py	.specula-output/confirmation/MC-4/worktree/scripts/wait_for_loopback.py	file	0664	1783577020905522639	3525	5f8d0244c51cb5dcce41f42706430bbe3f918f054c3242a8b4736cd78e6caf9d		copy	run-evidence		
.specula-output/confirmation/MC-4/worktree/target		directory	0755	1783577445344333467				exclude	non-evidence	build-or-generated-cache	
.specula-output/confirmation/MC-4/worktree/test_utils	.specula-output/confirmation/MC-4/worktree/test_utils	directory	0775	1783577020905522639				mkdir	run-directory		
.specula-output/confirmation/MC-4/worktree/test_utils/README.md	.specula-output/confirmation/MC-4/worktree/test_utils/README.md	file	0664	1783577020905522639	488	94110682d023d1d8e19ad8c9252057b8254259c7b9764fc5e66fc513d93cfac8		copy	run-evidence		
.specula-output/confirmation/MC-4/worktree/test_utils/hamgrd	.specula-output/confirmation/MC-4/worktree/test_utils/hamgrd	directory	0775	1783577020905522639				mkdir	run-directory		
.specula-output/confirmation/MC-4/worktree/test_utils/hamgrd/database_config.json	.specula-output/confirmation/MC-4/worktree/test_utils/hamgrd/database_config.json	file	0664	1783577020905522639	968	1de32db1a468dc0ef74752b4b693dcc1b53113f4dc591ba2946e1cc25dbc931d		copy	run-evidence		
.specula-output/confirmation/MC-4/worktree/test_utils/hamgrd/database_global.json	.specula-output/confirmation/MC-4/worktree/test_utils/hamgrd/database_global.json	file	0664	1783577020905522639	245	33c792f9b464a3934fb39e6d1a1ef16f0df3bdc103dfd5851dfcdc7da7e8a082		copy	run-evidence		
.specula-output/confirmation/MC-4/worktree/test_utils/hamgrd/redis_data_planned_up_then_down.cmd	.specula-output/confirmation/MC-4/worktree/test_utils/hamgrd/redis_data_planned_up_then_down.cmd	file	0664	1783577020905522639	1090	24e710b2196e98324a34e4152d70eebeb633dcd0f0ba0000c812cf1f12a8af85		copy	run-evidence		
.specula-output/confirmation/MC-4/worktree/test_utils/hamgrd/redis_data_set.cmd	.specula-output/confirmation/MC-4/worktree/test_utils/hamgrd/redis_data_set.cmd	file	0664	1783577020905522639	3476	608c1fa7508acf661de34ffd3249560029fb8788dcbd732ea83b36db964afefd		copy	run-evidence		
.specula-output/confirmation/MC-4/worktree/test_utils/hamgrd/redis_data_set_full.cmd	.specula-output/confirmation/MC-4/worktree/test_utils/hamgrd/redis_data_set_full.cmd	file	0664	1783577020905522639	5031	5ac73f5017d2955a45767e803b3a2e6d206bd433118109bd55b26f7254ccb6c6		copy	run-evidence		
.specula-output/confirmation/MC-4/worktree/test_utils/run_redis.sh	.specula-output/confirmation/MC-4/worktree/test_utils/run_redis.sh	file	0775	1783577020905522639	490	a17fe5c24818986e4b2f525924890927c5a4a7ccf2df29c025ab050d54289f7e		copy	run-evidence		
.specula-output/modeling-brief.md	.specula-output/modeling-brief.md	file	0664	1783576123540997952	19128	07c8558a190a08971cc58df4cf49e9d56075191a0852b885c50b9f3c45c63ee7		copy	run-evidence		
.specula-output/repro	.specula-output/repro	directory	0775	1783578559329961302				mkdir	run-directory		
.specula-output/repro/test_bugCR-2_vdpu_registration_before_config_lost.rs	.specula-output/repro/test_bugCR-2_vdpu_registration_before_config_lost.rs	file	0664	1783578053558630023	4136	b95085f545909571cbf364cbc8b63f13d9965d3ec5a618fe2578ed6f56a8c4fe		copy	run-evidence		
.specula-output/repro/test_bugCR-3_crash_after_db_update.rs	.specula-output/repro/test_bugCR-3_crash_after_db_update.rs	file	0664	1783578259842433142	6724	b030425b42f123021b64f7f6acc120ce9f1d7474ff2149273bc63e38f15c3558		copy	run-evidence		
.specula-output/repro/test_bugCR-5_unspecified_target.rs	.specula-output/repro/test_bugCR-5_unspecified_target.rs	file	0664	1783578559329961302	5597	06a4cc80e915063c96b90cacc13f15d6fc2c941d7590fda9064a9b65f056f0c0		copy	run-evidence		
.specula-output/repro/test_bugMC-1_dual_active.rs	.specula-output/repro/test_bugMC-1_dual_active.rs	file	0664	1783576830871018772	13134	67fcf86d7adecc68f79a739fcd2c5ed2a73200cb081fb14b6f76bac3ae0e89ab		copy	run-evidence		
.specula-output/repro/test_bugMC-2_dual_standalone.rs	.specula-output/repro/test_bugMC-2_dual_standalone.rs	file	0664	1783576819007800132	11559	52b7d7f434a25d3074259608414ea1d8a2ba65e0fe5a80f134f865e84860e15d		copy	run-evidence		
.specula-output/repro/test_bugMC-3_dpu_delete_orphan_vdpu.rs	.specula-output/repro/test_bugMC-3_dpu_delete_orphan_vdpu.rs	file	0664	1783577370151953133	4772	78019199c27186f774c9690d68ae75e016d554ec5d0576486c591c16e7e247fa		copy	run-evidence		
.specula-output/repro/test_bugMC-4_dual_decision_maker.rs	.specula-output/repro/test_bugMC-4_dual_decision_maker.rs	file	0664	1783577488111119898	11346	e565086adb6111eb796de047d9fcadc2c10f7f74596f1ad28660b1b1a9e93059		copy	run-evidence		
.specula-output/spec	.specula-output/spec	directory	0775	1783578743614348187				mkdir	run-directory		
.specula-output/spec/.consolidate.log	.specula-output/spec/.consolidate.log	file	0664	1783576275943799789	103793	015928216b4a777f0e9aabf50576c08134bb3690e846c2b19477f41febde3746		copy	run-evidence		
.specula-output/spec/.consolidate.prompt.md	.specula-output/spec/.consolidate.prompt.md	file	0664	1783576123584998760	8867	9a9e314101a18e743bbe3be3359936ad1dcc3a9df250592f85b12d0a83656495		copy	run-evidence		
.specula-output/spec/.consolidate.usage.json	.specula-output/spec/.consolidate.usage.json	file	0664	1783576276830816086	245	3b321979aeb63aef520e3ed05155023682ff444c373a33aa0bc414b589bf704e		copy	run-evidence		
.specula-output/spec/bug-report.md	.specula-output/spec/bug-report.md	file	0664	1783576123539997933	14476	fa5ac7bd42ebbc580e95a588bc6ec0ddc0ee11ced9a8c1401eba134c858557a5		copy	run-evidence		
.specula-output/spec/candidates.json	.specula-output/spec/candidates.json	file	0664	1783576263588572958	8332	c25f27656eb5f292b073710ca8af36d5e40f3819686f68255a4f6bafd5b7a0fb		copy	run-evidence		
.specula-output/spec/confirmed-bugs.md	.specula-output/spec/confirmed-bugs.md	file	0664	1783578743618348261	6150151	9b61f00366d2b6d93a6f007a4f9ce979aa3251dbdda162e6244ab8a8c2d94a08		copy	run-evidence		
